warning: unused extern crate
 --> 🧰️framework/🛍️products/💻️os/📦️packages/🦀️rust/📦️glue.rs:6:1
  |
6 | extern crate self as dsl_grammar;
  | ^^^^^^^^^^^^^^^^^^^^^^^^^^^^^^^^^ unused
  |
  = note: `-W unused-extern-crates` implied by `-W rust-2018-idioms`
  = help: to override `-W rust-2018-idioms` add `#[allow(unused_extern_crates)]`
help: remove the unused `extern crate`
  |
6 - extern crate self as dsl_grammar;
  |

warning: unused extern crate
 --> 🧰️framework/🛍️products/💻️os/📦️packages/🦀️rust/📦️glue.rs:8:1
  |
8 | extern crate self as store;
  | ^^^^^^^^^^^^^^^^^^^^^^^^^^^ unused
  |
help: remove the unused `extern crate`
  |
8 - extern crate self as store;
  |

warning: unused extern crate
 --> 🧰️framework/🛍️products/💻️os/📦️packages/🦀️rust/📦️glue.rs:9:1
  |
9 | extern crate self as protocol;
  | ^^^^^^^^^^^^^^^^^^^^^^^^^^^^^^ unused
  |
help: remove the unused `extern crate`
  |
9 - extern crate self as protocol;
  |

warning: unused extern crate
  --> 🧰️framework/🛍️products/💻️os/📦️packages/🦀️rust/📦️glue.rs:10:1
   |
10 | extern crate self as pack;
   | ^^^^^^^^^^^^^^^^^^^^^^^^^^ unused
   |
help: remove the unused `extern crate`
   |
10 - extern crate self as pack;
   |

warning: unused extern crate
  --> 🧰️framework/🛍️products/💻️os/📦️packages/🦀️rust/📦️glue.rs:11:1
   |
11 | extern crate self as spr;
   | ^^^^^^^^^^^^^^^^^^^^^^^^^ unused
   |
help: remove the unused `extern crate`
   |
11 - extern crate self as spr;
   |

warning: unused extern crate
  --> 🧰️framework/🛍️products/💻️os/📦️packages/🦀️rust/📦️glue.rs:12:1
   |
12 | extern crate self as vcs;
   | ^^^^^^^^^^^^^^^^^^^^^^^^^ unused
   |
help: remove the unused `extern crate`
   |
12 - extern crate self as vcs;
   |

warning: unexpected `cfg` condition value: `js`
   --> 🧰️framework/🛍️products/💻️os/📦️packages/🦀️rust/./../../🔨️modules/🗣️dsl/⚠️diagnostic/🦀️component.rs:319:11
    |
319 | #[cfg(all(feature = "js", target_arch = "wasm32"))]
    |           ^^^^^^^^^^^^^^
    |
    = note: expected values for `feature` are: `default`, `deflate`, `dsl-fixture-sweep-full`, `sync`, `ureq`, and `worker`
    = help: consider adding `js` as a feature in `Cargo.toml`
    = note: see <https://doc.rust-lang.org/nightly/rustc/check-cfg/cargo-specifics.html> for more information about checking conditional configuration
    = note: `#[warn(unexpected_cfgs)]` on by default

warning: unexpected `cfg` condition value: `js`
   --> 🧰️framework/🛍️products/💻️os/📦️packages/🦀️rust/./../../🔨️modules/🗣️dsl/⚠️diagnostic/🦀️component.rs:325:11
    |
325 | #[cfg(all(feature = "js", target_arch = "wasm32"))]
    |           ^^^^^^^^^^^^^^
    |
    = note: expected values for `feature` are: `default`, `deflate`, `dsl-fixture-sweep-full`, `sync`, `ureq`, and `worker`
    = help: consider adding `js` as a feature in `Cargo.toml`
    = note: see <https://doc.rust-lang.org/nightly/rustc/check-cfg/cargo-specifics.html> for more information about checking conditional configuration

warning: unused imports: `Limits` and `TextError`
 --> 🧰️framework/🛍️products/💻️os/📦️packages/🦀️rust/./../../🔨️modules/🗣️dsl/🔤️token/🦀️component.rs:5:33
  |
5 | use crate::os_dsl::diagnostic::{Limits, TextError, TextSpan};
  |                                 ^^^^^^  ^^^^^^^^^
  |
  = note: `#[warn(unused_imports)]` (part of `#[warn(unused)]`) on by default

warning: unused import: `self::span::*`
  --> 🧰️framework/🛍️products/💻️os/📦️packages/🦀️rust/📦️glue.rs:41:11
   |
41 |   pub use self::span::*;
   |           ^^^^^^^^^^^^^

warning: unused import: `self::diagnostic::*`
  --> 🧰️framework/🛍️products/💻️os/📦️packages/🦀️rust/📦️glue.rs:42:11
   |
42 |   pub use self::diagnostic::*;
   |           ^^^^^^^^^^^^^^^^^^^

warning: unused import: `self::token::*`
  --> 🧰️framework/🛍️products/💻️os/📦️packages/🦀️rust/📦️glue.rs:43:11
   |
43 |   pub use self::token::*;
   |           ^^^^^^^^^^^^^^

warning: unused import: `self::lexer::*`
  --> 🧰️framework/🛍️products/💻️os/📦️packages/🦀️rust/📦️glue.rs:44:11
   |
44 |   pub use self::lexer::*;
   |           ^^^^^^^^^^^^^^

warning: unused import: `self::trust::*`
  --> 🧰️framework/🛍️products/💻️os/📦️packages/🦀️rust/📦️glue.rs:45:11
   |
45 |   pub use self::trust::*;
   |           ^^^^^^^^^^^^^^

warning: unused imports: `ByteRange`, `ByteReader`, `ByteWriter`, `ChunkId`, `CodecId`, `CompressionCodec`, `KIND_CHUNK_TABLE`, `KIND_CHUNK`, `KIND_DOCUMENT`, `KIND_END`, `KIND_FIELD_INDEX`, `KIND_MANIFEST`, `KIND_PADDING`, `KIND_SCHEMA`, `KIND_SNAPSHOT`, `KIND_SYMBOLS`, `NoCompression`, `PackLimits`, `PackSink`, `PackSource`, `SegmentKind`, `crc32c`, `is_minimal_varint`, `read_varint_i64`, `read_varint_u64`, `write_varint_i64`, and `write_varint_u64`
  --> 🧰️framework/🛍️products/💻️os/📦️packages/🦀️rust/./../../🔨️modules/🎒️pack/🦀️component.rs:18:5
   |
18 |     crc32c, is_minimal_varint, read_varint_i64, read_varint_u64, write_varint_i64, write_varint_u64, ByteRange, ByteReader, ByteWriter, ChunkId, CodecId, CompressionCodec, ContentHash, NoCompression, PackError, PackLimits, PackSink, PackSource,
   |     ^^^^^^  ^^^^^^^^^^^^^^^^^  ^^^^^^^^^^^^^^^  ^^^^^^^^^^^^^^^  ^^^^^^^^^^^^^^^^  ^^^^^^^^^^^^^^^^  ^^^^^^^^^  ^^^^^^^^^^  ^^^^^^^^^^  ^^^^^^^  ^^^^^^^  ^^^^^^^^^^^^^^^^               ^^^^^^^^^^^^^             ^^^^^^^^^^  ^^^^^^^^  ^^^^^^^^^^
19 |     SegmentKind, KIND_CHUNK, KIND_CHUNK_TABLE, KIND_DOCUMENT, KIND_END, KIND_FIELD_INDEX, KIND_MANIFEST, KIND_PADDING, KIND_SCHEMA, KIND_SNAPSHOT, KIND_SYMBOLS,
   |     ^^^^^^^^^^^  ^^^^^^^^^^  ^^^^^^^^^^^^^^^^  ^^^^^^^^^^^^^  ^^^^^^^^  ^^^^^^^^^^^^^^^^  ^^^^^^^^^^^^^  ^^^^^^^^^^^^  ^^^^^^^^^^^  ^^^^^^^^^^^^^  ^^^^^^^^^^^^

warning: unused imports: `ByteRange`, `ChunkId`, and `ContentHash`
 --> 🧰️framework/🛍️products/💻️os/📦️packages/🦀️rust/./../../🔨️modules/🎒️pack/🧾️codec/🦀️component.rs:4:27
  |
4 | use crate::os_pack::ids::{ByteRange, ChunkId, CodecId, ContentHash};
  |                           ^^^^^^^^^  ^^^^^^^           ^^^^^^^^^^^

warning: unused imports: `SignatureVerifier` and `Signer`
  --> 🧰️framework/🛍️products/💻️os/📦️packages/🦀️rust/./../../🔨️modules/📡️spr/🦀️component.rs:11:76
   |
11 | pub use crate::os_spr::wire::{ProtocolError, ProtocolLimits, RecordHasher, SignatureVerifier, Signer};
   |                                                                            ^^^^^^^^^^^^^^^^^  ^^^^^^

warning: unused imports: `ActorId`, `ConflictRule`, `DocumentId`, `DocumentVersion`, `HybridLogicalTimestamp`, `MergeStrategyKind`, `MutationId`, `PayloadHash`, `SchemaId`, `SchemaVersion`, `StateClass`, `UndoPolicy`, `read_f64`, `read_str`, `read_varint_u64`, `write_f64`, `write_str`, and `write_varint_u64`
  --> 🧰️framework/🛍️products/💻️os/📦️packages/🦀️rust/./../../🔨️modules/📡️spr/🦀️component.rs:30:31
   |
30 | ...::{ActorId, ConflictRule, DocumentId, DocumentVersion, HybridLogicalTimestamp, MergeStrategyKind, MutationId, PayloadHash, SchemaId, SchemaVersion, StateClass, UndoPolicy, read_f64, read_str, read_varint_u64, write_f64, write_str, write_varint_u64};
   |       ^^^^^^^  ^^^^^^^^^^^^  ^^^^^^^^^^  ^^^^^^^^^^^^^^^  ^^^^^^^^^^^^^^^^^^^^^^  ^^^^^^^^^^^^^^^^^  ^^^^^^^^^^  ^^^^^^^^^^^  ^^^^^^^^  ^^^^^^^^^^^^^  ^^^^^^^^^^  ^^^^^^^^^^  ^^^^^^^^  ^^^^^^^^  ^^^^^^^^^^^^^^^  ^^^^^^^^^  ^^^^^^^^^  ^^^^^^^^^^^^^^^^

warning: unused imports: `AckStage`, `ApplyOutcome`, `Bootstrap`, `ClientFrame`, `Lane`, `PresencePeer`, `PresencePoint`, `PresenceViewport`, `ServerFrame`, `decode_client_frame`, `decode_presence_peer`, `decode_server_frame`, `encode_client_frame`, `encode_presence_peer`, and `encode_server_frame`
  --> 🧰️framework/🛍️products/💻️os/📦️packages/🦀️rust/./../../🔨️modules/📡️spr/🦀️component.rs:32:31
   |
32 | ...::{decode_client_frame, decode_server_frame, encode_client_frame, encode_server_frame, decode_presence_peer, encode_presence_peer, AckStage, ApplyOutcome, Bootstrap, ClientFrame, Lane, PresencePeer, PresencePoint, PresenceViewport, ServerFrame};
   |       ^^^^^^^^^^^^^^^^^^^  ^^^^^^^^^^^^^^^^^^^  ^^^^^^^^^^^^^^^^^^^  ^^^^^^^^^^^^^^^^^^^  ^^^^^^^^^^^^^^^^^^^^  ^^^^^^^^^^^^^^^^^^^^  ^^^^^^^^  ^^^^^^^^^^^^  ^^^^^^^^^  ^^^^^^^^^^^  ^^^^  ^^^^^^^^^^^^  ^^^^^^^^^^^^^  ^^^^^^^^^^^^^^^^  ^^^^^^^^^^^

warning: unused import: `self::ids::*`
   --> 🧰️framework/🛍️products/💻️os/📦️packages/🦀️rust/📦️glue.rs:191:11
    |
191 |   pub use self::ids::*;
    |           ^^^^^^^^^^^^

warning: unused import: `self::dictionary::*`
   --> 🧰️framework/🛍️products/💻️os/📦️packages/🦀️rust/📦️glue.rs:192:11
    |
192 |   pub use self::dictionary::*;
    |           ^^^^^^^^^^^^^^^^^^^

warning: unused import: `self::crypto::*`
   --> 🧰️framework/🛍️products/💻️os/📦️packages/🦀️rust/📦️glue.rs:193:11
    |
193 |   pub use self::crypto::*;
    |           ^^^^^^^^^^^^^^^

warning: ambiguous glob re-exports
   --> 🧰️framework/🛍️products/💻️os/📦️packages/🦀️rust/📦️glue.rs:243:9
    |
243 | pub use crate::os_dsl::*;
    |         ^^^^^^^^^^^^^^^^ the name `canonicalize` in the value namespace is first re-exported here
...
260 | pub use crate::os_dsl::grammar::*;
    |         ------------------------- but the name `canonicalize` in the value namespace is also re-exported here
    |
    = note: `#[warn(ambiguous_glob_reexports)]` on by default

warning: ambiguous glob re-exports
   --> 🧰️framework/🛍️products/💻️os/📦️packages/🦀️rust/📦️glue.rs:243:9
    |
243 | pub use crate::os_dsl::*;
    |         ^^^^^^^^^^^^^^^^ the name `test_support` in the type namespace is first re-exported here
244 | pub use crate::os_store::*;
    |         ------------------ but the name `test_support` in the type namespace is also re-exported here

warning: ambiguous glob re-exports
   --> 🧰️framework/🛍️products/💻️os/📦️packages/🦀️rust/📦️glue.rs:243:9
    |
243 | pub use crate::os_dsl::*;
    |         ^^^^^^^^^^^^^^^^ the name `Symbol` in the type namespace is first re-exported here
...
260 | pub use crate::os_dsl::grammar::*;
    |         ------------------------- but the name `Symbol` in the type namespace is also re-exported here

warning: ambiguous glob re-exports
   --> 🧰️framework/🛍️products/💻️os/📦️packages/🦀️rust/📦️glue.rs:245:9
    |
245 | pub use crate::os_spr::*;
    |         ^^^^^^^^^^^^^^^^ the name `cli` in the type namespace is first re-exported here
...
255 | pub use crate::os_semio::*;
    |         ------------------ but the name `cli` in the type namespace is also re-exported here

warning: ambiguous glob re-exports
   --> 🧰️framework/🛍️products/💻️os/📦️packages/🦀️rust/📦️glue.rs:245:9
    |
245 | pub use crate::os_spr::*;
    |         ^^^^^^^^^^^^^^^^ the name `ids` in the type namespace is first re-exported here
246 | pub use crate::os_pack::*;
    |         ----------------- but the name `ids` in the type namespace is also re-exported here

warning: ambiguous glob re-exports
   --> 🧰️framework/🛍️products/💻️os/📦️packages/🦀️rust/📦️glue.rs:245:9
    |
245 | pub use crate::os_spr::*;
    |         ^^^^^^^^^^^^^^^^ the name `format` in the type namespace is first re-exported here
246 | pub use crate::os_pack::*;
    |         ----------------- but the name `format` in the type namespace is also re-exported here

warning: ambiguous glob re-exports
   --> 🧰️framework/🛍️products/💻️os/📦️packages/🦀️rust/📦️glue.rs:245:9
    |
245 | pub use crate::os_spr::*;
    |         ^^^^^^^^^^^^^^^^ the name `io` in the type namespace is first re-exported here
246 | pub use crate::os_pack::*;
    |         ----------------- but the name `io` in the type namespace is also re-exported here

warning: ambiguous glob re-exports
   --> 🧰️framework/🛍️products/💻️os/📦️packages/🦀️rust/📦️glue.rs:245:9
    |
245 | pub use crate::os_spr::*;
    |         ^^^^^^^^^^^^^^^^ the name `testkit` in the type namespace is first re-exported here
246 | pub use crate::os_pack::*;
    |         ----------------- but the name `testkit` in the type namespace is also re-exported here

warning: ambiguous glob re-exports
   --> 🧰️framework/🛍️products/💻️os/📦️packages/🦀️rust/📦️glue.rs:246:9
    |
245 | pub use crate::os_spr::*;
    |         ---------------- but the name `OPTIONAL_CANONICAL` in the value namespace is also re-exported here
246 | pub use crate::os_pack::*;
    |         ^^^^^^^^^^^^^^^^^ the name `OPTIONAL_CANONICAL` in the value namespace is first re-exported here

warning: ambiguous glob re-exports
   --> 🧰️framework/🛍️products/💻️os/📦️packages/🦀️rust/📦️glue.rs:246:9
    |
245 | pub use crate::os_spr::*;
    |         ---------------- but the name `REQUIRED_ENCRYPTED` in the value namespace is also re-exported here
246 | pub use crate::os_pack::*;
    |         ^^^^^^^^^^^^^^^^^ the name `REQUIRED_ENCRYPTED` in the value namespace is first re-exported here

warning: ambiguous glob re-exports
   --> 🧰️framework/🛍️products/💻️os/📦️packages/🦀️rust/📦️glue.rs:246:9
    |
245 | pub use crate::os_spr::*;
    |         ---------------- but the name `read_varint_u64` in the value namespace is also re-exported here
246 | pub use crate::os_pack::*;
    |         ^^^^^^^^^^^^^^^^^ the name `read_varint_u64` in the value namespace is first re-exported here

warning: ambiguous glob re-exports
   --> 🧰️framework/🛍️products/💻️os/📦️packages/🦀️rust/📦️glue.rs:246:9
    |
245 | pub use crate::os_spr::*;
    |         ---------------- but the name `write_varint_u64` in the value namespace is also re-exported here
246 | pub use crate::os_pack::*;
    |         ^^^^^^^^^^^^^^^^^ the name `write_varint_u64` in the value namespace is first re-exported here

warning: ambiguous glob re-exports
   --> 🧰️framework/🛍️products/💻️os/📦️packages/🦀️rust/📦️glue.rs:246:9
    |
245 | pub use crate::os_spr::*;
    |         ---------------- but the name `recover_file` in the value namespace is also re-exported here
246 | pub use crate::os_pack::*;
    |         ^^^^^^^^^^^^^^^^^ the name `recover_file` in the value namespace is first re-exported here

warning: ambiguous glob re-exports
   --> 🧰️framework/🛍️products/💻️os/📦️packages/🦀️rust/📦️glue.rs:246:9
    |
245 | pub use crate::os_spr::*;
    |         ---------------- but the name `RecoveryReport` in the type namespace is also re-exported here
246 | pub use crate::os_pack::*;
    |         ^^^^^^^^^^^^^^^^^ the name `RecoveryReport` in the type namespace is first re-exported here

warning: ambiguous glob re-exports
   --> 🧰️framework/🛍️products/💻️os/📦️packages/🦀️rust/📦️glue.rs:246:9
    |
245 | pub use crate::os_spr::*;
    |         ---------------- but the name `VerificationLevel` in the type namespace is also re-exported here
246 | pub use crate::os_pack::*;
    |         ^^^^^^^^^^^^^^^^^ the name `VerificationLevel` in the type namespace is first re-exported here

warning: ambiguous glob re-exports
   --> 🧰️framework/🛍️products/💻️os/📦️packages/🦀️rust/📦️glue.rs:246:9
    |
245 | pub use crate::os_spr::*;
    |         ---------------- but the name `WriteOptions` in the type namespace is also re-exported here
246 | pub use crate::os_pack::*;
    |         ^^^^^^^^^^^^^^^^^ the name `WriteOptions` in the type namespace is first re-exported here

warning: ambiguous glob re-exports
   --> 🧰️framework/🛍️products/💻️os/📦️packages/🦀️rust/📦️glue.rs:246:9
    |
245 | pub use crate::os_spr::*;
    |         ---------------- but the name `DecodeOptions` in the type namespace is also re-exported here
246 | pub use crate::os_pack::*;
    |         ^^^^^^^^^^^^^^^^^ the name `DecodeOptions` in the type namespace is first re-exported here

warning: ambiguous glob re-exports
   --> 🧰️framework/🛍️products/💻️os/📦️packages/🦀️rust/📦️glue.rs:246:9
    |
245 | pub use crate::os_spr::*;
    |         ---------------- but the name `EncodeOptions` in the type namespace is also re-exported here
246 | pub use crate::os_pack::*;
    |         ^^^^^^^^^^^^^^^^^ the name `EncodeOptions` in the type namespace is first re-exported here

warning: ambiguous glob re-exports
   --> 🧰️framework/🛍️products/💻️os/📦️packages/🦀️rust/📦️glue.rs:260:9
    |
244 | pub use crate::os_store::*;
    |         ------------------ but the name `Alternative` in the type namespace is also re-exported here
...
260 | pub use crate::os_dsl::grammar::*;
    |         ^^^^^^^^^^^^^^^^^^^^^^^^^ the name `Alternative` in the type namespace is first re-exported here

warning: unused imports: `diagnostic::*`, `lexer::*`, `span::*`, `token::*`, and `trust::*`
   --> 🧰️framework/🛍️products/💻️os/📦️packages/🦀️rust/📦️glue.rs:261:25
    |
261 | pub use crate::os_dsl::{diagnostic::*, lexer::*, span::*, token::*, trust::*};
    |                         ^^^^^^^^^^^^^  ^^^^^^^^  ^^^^^^^  ^^^^^^^^  ^^^^^^^^

warning: unused variable: `len`
   --> 🧰️framework/🛍️products/💻️os/📦️packages/🦀️rust/./../../🔨️modules/🗣️dsl/🔍️lexer/🦀️component.rs:333:21
    |
333 |                 let len = end_j - i;
    |                     ^^^ help: if this is intentional, prefix it with an underscore: `_len`
    |
    = note: `#[warn(unused_variables)]` (part of `#[warn(unused)]`) on by default

warning: method `set_envelope` is never used
    --> 🧰️framework/🛍️products/💻️os/📦️packages/🦀️rust/./../../🔨️modules/🏪️store/🦀️component.rs:2283:19
     |
2177 | / impl<P, Mutation> DocumentStore<P, Mutation>
2178 | | where
2179 | |     P: Clone + Serialize + DeserializeOwned + DocumentPack,
2180 | |     Mutation: Clone + Serialize + DeserializeOwned + self::Mutation<P> + OpBinary + OpText,
     | |___________________________________________________________________________________________- method in this implementation
...
2283 |       pub(crate) fn set_envelope(&mut self, envelope: DocumentEnvelope<P, Mutation>, applied_edit_ids: Vec<String>) {
     |                     ^^^^^^^^^^^^
     |
     = note: `#[warn(dead_code)]` (part of `#[warn(unused)]`) on by default

warning: function `print_edge_label` is never used
   --> 🧰️framework/🛍️products/💻️os/📦️packages/🦀️rust/./../../🔨️modules/🗣️dsl/🖋️notation/🦀️component.rs:269:4
    |
269 | fn print_edge_label(label: &EdgeLabel, out: &mut String) {
    |    ^^^^^^^^^^^^^^^^

warning: `semio-framework-os-kernel` (lib) generated 45 warnings (run `cargo fix --lib -p semio-framework-os-kernel` to apply 22 suggestions)
warning: unused extern crate
 --> 🧰️framework/🛍️products/💻️os/🔨️modules/🔌️plugin/📦️packages/🦀️rust/📦️glue.rs:6:1
  |
6 | extern crate semio_framework_os_kernel as pack;
  | ^^^^^^^^^^^^^^^^^^^^^^^^^^^^^^^^^^^^^^^^^^^^^^^ unused
  |
  = note: `-W unused-extern-crates` implied by `-W rust-2018-idioms`
  = help: to override `-W rust-2018-idioms` add `#[allow(unused_extern_crates)]`
help: remove the unused `extern crate`
  |
6 - extern crate semio_framework_os_kernel as pack;
  |

warning: unused extern crate
 --> 🧰️framework/🛍️products/💻️os/🔨️modules/🔌️plugin/📦️packages/🦀️rust/📦️glue.rs:7:1
  |
7 | extern crate semio_framework_os_kernel as spr;
  | ^^^^^^^^^^^^^^^^^^^^^^^^^^^^^^^^^^^^^^^^^^^^^^ unused
  |
help: remove the unused `extern crate`
  |
7 - extern crate semio_framework_os_kernel as spr;
  |

warning: unnecessary qualification
    --> 🧰️framework/🛍️products/💻️os/🔨️modules/🔌️plugin/📦️packages/🦀️rust/../../🦀️component.rs:3881:61
     |
3881 |         fn command_from_action(action: &str, _args: Option<&serde_json::Value>) -> Result<Self::Command, Fault> {
     |                                                             ^^^^^^^^^^^^^^^^^
     |
     = note: requested on the command line with `-W unused-qualifications`
help: remove the unnecessary path segments
     |
3881 -         fn command_from_action(action: &str, _args: Option<&serde_json::Value>) -> Result<Self::Command, Fault> {
3881 +         fn command_from_action(action: &str, _args: Option<&Value>) -> Result<Self::Command, Fault> {
     |

warning: unnecessary qualification
    --> 🧰️framework/🛍️products/💻️os/🔨️modules/🔌️plugin/📦️packages/🦀️rust/../../🦀️component.rs:5594:41
     |
5594 |         static INSTANCE_ACTORS: RefCell<std::collections::HashMap<u32, String>> = RefCell::new(std::collections::HashMap::new());
     |                                         ^^^^^^^^^^^^^^^^^^^^^^^^^^^^^^^^^^^^^^
     |
help: remove the unnecessary path segments
     |
5594 -         static INSTANCE_ACTORS: RefCell<std::collections::HashMap<u32, String>> = RefCell::new(std::collections::HashMap::new());
5594 +         static INSTANCE_ACTORS: RefCell<HashMap<u32, String>> = RefCell::new(std::collections::HashMap::new());
     |

warning: unnecessary qualification
    --> 🧰️framework/🛍️products/💻️os/🔨️modules/🔌️plugin/📦️packages/🦀️rust/../../🦀️component.rs:5594:96
     |
5594 |         static INSTANCE_ACTORS: RefCell<std::collections::HashMap<u32, String>> = RefCell::new(std::collections::HashMap::new());
     |                                                                                                ^^^^^^^^^^^^^^^^^^^^^^^^^^^^^^
     |
help: remove the unnecessary path segments
     |
5594 -         static INSTANCE_ACTORS: RefCell<std::collections::HashMap<u32, String>> = RefCell::new(std::collections::HashMap::new());
5594 +         static INSTANCE_ACTORS: RefCell<std::collections::HashMap<u32, String>> = RefCell::new(HashMap::new());
     |

warning: unnecessary `unsafe` block
    --> 🧰️framework/🛍️products/💻️os/🔨️modules/🔌️plugin/📦️packages/🦀️rust/../../🦀️component.rs:5715:17
     |
5715 |                 unsafe {
     |                 ^^^^^^ unnecessary `unsafe` block
     |
     = note: `#[warn(unused_unsafe)]` (part of `#[warn(unused)]`) on by default

warning: unused variable: `app`
    --> 🧰️framework/🛍️products/💻️os/🔨️modules/🔌️plugin/📦️packages/🦀️rust/../../🦀️component.rs:5432:34
     |
5432 |             let VcsDocumentApp { app, cache, .. } = self;
     |                                  ^^^ help: try ignoring the field: `app: _`
     |
     = note: `#[warn(unused_variables)]` (part of `#[warn(unused)]`) on by default

warning: unused variable: `app`
    --> 🧰️framework/🛍️products/💻️os/🔨️modules/🔌️plugin/📦️packages/🦀️rust/../../🦀️component.rs:5446:34
     |
5446 |             let VcsDocumentApp { app, cache, registry, .. } = self;
     |                                  ^^^ help: try ignoring the field: `app: _`

warning: unused variable: `app`
    --> 🧰️framework/🛍️products/💻️os/🔨️modules/🔌️plugin/📦️packages/🦀️rust/../../🦀️component.rs:5132:38
     |
5132 |                 let VcsDocumentApp { app, cache, .. } = self;
     |                                      ^^^ help: try ignoring the field: `app: _`

warning: unused variable: `app`
    --> 🧰️framework/🛍️products/💻️os/🔨️modules/🔌️plugin/📦️packages/🦀️rust/../../🦀️component.rs:5168:38
     |
5168 |                 let VcsDocumentApp { app, cache, .. } = self;
     |                                      ^^^ help: try ignoring the field: `app: _`

warning: unused variable: `app`
    --> 🧰️framework/🛍️products/💻️os/🔨️modules/🔌️plugin/📦️packages/🦀️rust/../../🦀️component.rs:5456:34
     |
5456 |             let VcsDocumentApp { app, cache, .. } = self;
     |                                  ^^^ help: try ignoring the field: `app: _`

warning: unused variable: `app`
    --> 🧰️framework/🛍️products/💻️os/🔨️modules/🔌️plugin/📦️packages/🦀️rust/../../🦀️component.rs:5471:34
     |
5471 |             let VcsDocumentApp { app, cache, .. } = self;
     |                                  ^^^ help: try ignoring the field: `app: _`

warning: unused variable: `app`
    --> 🧰️framework/🛍️products/💻️os/🔨️modules/🔌️plugin/📦️packages/🦀️rust/../../🦀️component.rs:1847:17
     |
1847 |             let app = A::default();
     |                 ^^^ help: if this is intentional, prefix it with an underscore: `_app`

warning: unused variable: `app`
    --> 🧰️framework/🛍️products/💻️os/🔨️modules/🔌️plugin/📦️packages/🦀️rust/../../🦀️component.rs:5390:34
     |
5390 |             let VcsDocumentApp { app, cache, .. } = self;
     |                                  ^^^ help: try ignoring the field: `app: _`

warning: unused variable: `app`
    --> 🧰️framework/🛍️products/💻️os/🔨️modules/🔌️plugin/📦️packages/🦀️rust/../../🦀️component.rs:5048:42
     |
5048 |                     let VcsDocumentApp { app, cache, .. } = self;
     |                                          ^^^ help: try ignoring the field: `app: _`

warning: unused variable: `app`
    --> 🧰️framework/🛍️products/💻️os/🔨️modules/🔌️plugin/📦️packages/🦀️rust/../../🦀️component.rs:5421:34
     |
5421 |             let VcsDocumentApp { app, cache, .. } = self;
     |                                  ^^^ help: try ignoring the field: `app: _`

warning: `semio-framework-plugin` (lib) generated 16 warnings (run `cargo fix --lib -p semio-framework-plugin` to apply 15 suggestions)
    Checking semio-s-plugin-norm v0.1.0 (/Users/ueli/Documents/semio/✏️s/🔌️plugins/📕️norm/📦️packages/🦀️rust)
warning: unused import: `crate::document::ClimateZoneDe`
 --> ✏️s/🔌️plugins/📕️norm/📦️packages/🦀️rust/././../../🗿️artifacts/📕️din4108/🦀️component.rs:3:5
  |
3 | use crate::document::ClimateZoneDe;
  |     ^^^^^^^^^^^^^^^^^^^^^^^^^^^^^^
  |
  = note: `#[warn(unused_imports)]` (part of `#[warn(unused)]`) on by default

warning: unnecessary qualification
  --> ✏️s/🔌️plugins/📕️norm/📦️packages/🦀️rust/./././../../🗿️artifacts/📕️din4108/📸️snapshot/🧬️schema/🦀️component.rs:20:21
   |
20 |     pub layers: Vec<crate::artifacts::din4108::LayerDocument>,
   |                     ^^^^^^^^^^^^^^^^^^^^^^^^^^^^^^^^^^^^^^^^
   |
   = note: requested on the command line with `-W unused-qualifications`
help: remove the unnecessary path segments
   |
20 -     pub layers: Vec<crate::artifacts::din4108::LayerDocument>,
20 +     pub layers: Vec<LayerDocument>,
   |

warning: unused import: `crate::artifacts::din4108::Din4108Snapshot`
  --> ✏️s/🔌️plugins/📕️norm/📦️packages/🦀️rust/././../../🗿️artifacts/📕️din4108/🔧️op/🦀️component.rs:15:5
   |
15 | use crate::artifacts::din4108::Din4108Snapshot;
   |     ^^^^^^^^^^^^^^^^^^^^^^^^^^^^^^^^^^^^^^^^^^

warning: unnecessary qualification
   --> ✏️s/🔌️plugins/📕️norm/📦️packages/🦀️rust/././../../🗿️artifacts/📕️din4108/⚙️engine/🦀️component.rs:756:15
    |
756 |     snapshot: crate::artifacts::din4108::Din4108Snapshot,
    |               ^^^^^^^^^^^^^^^^^^^^^^^^^^^^^^^^^^^^^^^^^^
    |
help: remove the unnecessary path segments
    |
756 -     snapshot: crate::artifacts::din4108::Din4108Snapshot,
756 +     snapshot: Din4108Snapshot,
    |

warning: unnecessary qualification
   --> ✏️s/🔌️plugins/📕️norm/📦️packages/🦀️rust/././../../🗿️artifacts/📕️din4108/⚙️engine/🦀️component.rs:760:26
    |
760 |     pub fn new(snapshot: crate::artifacts::din4108::Din4108Snapshot) -> Self {
    |                          ^^^^^^^^^^^^^^^^^^^^^^^^^^^^^^^^^^^^^^^^^^
    |
help: remove the unnecessary path segments
    |
760 -     pub fn new(snapshot: crate::artifacts::din4108::Din4108Snapshot) -> Self {
760 +     pub fn new(snapshot: Din4108Snapshot) -> Self {
    |

warning: unnecessary qualification
   --> ✏️s/🔌️plugins/📕️norm/📦️packages/🦀️rust/././../../🗿️artifacts/📕️din4108/⚙️engine/🦀️component.rs:765:35
    |
765 |     pub fn into_snapshot(self) -> crate::artifacts::din4108::Din4108Snapshot {
    |                                   ^^^^^^^^^^^^^^^^^^^^^^^^^^^^^^^^^^^^^^^^^^
    |
help: remove the unnecessary path segments
    |
765 -     pub fn into_snapshot(self) -> crate::artifacts::din4108::Din4108Snapshot {
765 +     pub fn into_snapshot(self) -> Din4108Snapshot {
    |

warning: unnecessary qualification
   --> ✏️s/🔌️plugins/📕️norm/📦️packages/🦀️rust/././../../🗿️artifacts/📕️din4108/⚙️engine/🦀️component.rs:772:21
    |
772 |     type Snapshot = crate::artifacts::din4108::Din4108Snapshot;
    |                     ^^^^^^^^^^^^^^^^^^^^^^^^^^^^^^^^^^^^^^^^^^
    |
help: remove the unnecessary path segments
    |
772 -     type Snapshot = crate::artifacts::din4108::Din4108Snapshot;
772 +     type Snapshot = Din4108Snapshot;
    |

warning: unnecessary qualification
   --> ✏️s/🔌️plugins/📕️norm/📦️packages/🦀️rust/././../../🗿️artifacts/📕️din4108/⚙️engine/🦀️component.rs:773:21
    |
773 |     type Mutation = crate::artifacts::din4108::mutations::Din4108Mutation;
    |                     ^^^^^^^^^^^^^^^^^^^^^^^^^^^^^^^^^^^^^^^^^^^^^^^^^^^^^
    |
help: remove the unnecessary path segments
    |
773 -     type Mutation = crate::artifacts::din4108::mutations::Din4108Mutation;
773 +     type Mutation = Din4108Mutation;
    |

warning: unused import: `crate::document::AnnexChoice`
 --> ✏️s/🔌️plugins/📕️norm/📦️packages/🦀️rust/././../../🗿️artifacts/📗️din16798/🦀️component.rs:3:5
  |
3 | use crate::document::AnnexChoice;
  |     ^^^^^^^^^^^^^^^^^^^^^^^^^^^^

warning: unused imports: `Deserialize` and `Serialize`
 --> ✏️s/🔌️plugins/📕️norm/📦️packages/🦀️rust/././../../🗿️artifacts/📗️din16798/🦀️component.rs:4:13
  |
4 | use serde::{Deserialize, Serialize};
  |             ^^^^^^^^^^^  ^^^^^^^^^

warning: unused import: `crate::artifacts::din16798::Din16798Snapshot`
  --> ✏️s/🔌️plugins/📕️norm/📦️packages/🦀️rust/././../../🗿️artifacts/📗️din16798/🔧️op/🦀️component.rs:15:5
   |
15 | use crate::artifacts::din16798::Din16798Snapshot;
   |     ^^^^^^^^^^^^^^^^^^^^^^^^^^^^^^^^^^^^^^^^^^^^

warning: unnecessary qualification
   --> ✏️s/🔌️plugins/📕️norm/📦️packages/🦀️rust/././../../🗿️artifacts/📗️din16798/⚙️engine/🦀️component.rs:884:15
    |
884 |     snapshot: crate::artifacts::din16798::Din16798Snapshot,
    |               ^^^^^^^^^^^^^^^^^^^^^^^^^^^^^^^^^^^^^^^^^^^^
    |
help: remove the unnecessary path segments
    |
884 -     snapshot: crate::artifacts::din16798::Din16798Snapshot,
884 +     snapshot: Din16798Snapshot,
    |

warning: unnecessary qualification
   --> ✏️s/🔌️plugins/📕️norm/📦️packages/🦀️rust/././../../🗿️artifacts/📗️din16798/⚙️engine/🦀️component.rs:888:26
    |
888 |     pub fn new(snapshot: crate::artifacts::din16798::Din16798Snapshot) -> Self {
    |                          ^^^^^^^^^^^^^^^^^^^^^^^^^^^^^^^^^^^^^^^^^^^^
    |
help: remove the unnecessary path segments
    |
888 -     pub fn new(snapshot: crate::artifacts::din16798::Din16798Snapshot) -> Self {
888 +     pub fn new(snapshot: Din16798Snapshot) -> Self {
    |

warning: unnecessary qualification
   --> ✏️s/🔌️plugins/📕️norm/📦️packages/🦀️rust/././../../🗿️artifacts/📗️din16798/⚙️engine/🦀️component.rs:893:35
    |
893 |     pub fn into_snapshot(self) -> crate::artifacts::din16798::Din16798Snapshot {
    |                                   ^^^^^^^^^^^^^^^^^^^^^^^^^^^^^^^^^^^^^^^^^^^^
    |
help: remove the unnecessary path segments
    |
893 -     pub fn into_snapshot(self) -> crate::artifacts::din16798::Din16798Snapshot {
893 +     pub fn into_snapshot(self) -> Din16798Snapshot {
    |

warning: unnecessary qualification
   --> ✏️s/🔌️plugins/📕️norm/📦️packages/🦀️rust/././../../🗿️artifacts/📗️din16798/⚙️engine/🦀️component.rs:900:21
    |
900 |     type Snapshot = crate::artifacts::din16798::Din16798Snapshot;
    |                     ^^^^^^^^^^^^^^^^^^^^^^^^^^^^^^^^^^^^^^^^^^^^
    |
help: remove the unnecessary path segments
    |
900 -     type Snapshot = crate::artifacts::din16798::Din16798Snapshot;
900 +     type Snapshot = Din16798Snapshot;
    |

warning: unnecessary qualification
   --> ✏️s/🔌️plugins/📕️norm/📦️packages/🦀️rust/././../../🗿️artifacts/📗️din16798/⚙️engine/🦀️component.rs:901:21
    |
901 |     type Mutation = crate::artifacts::din16798::mutations::Din16798Mutation;
    |                     ^^^^^^^^^^^^^^^^^^^^^^^^^^^^^^^^^^^^^^^^^^^^^^^^^^^^^^^
    |
help: remove the unnecessary path segments
    |
901 -     type Mutation = crate::artifacts::din16798::mutations::Din16798Mutation;
901 +     type Mutation = Din16798Mutation;
    |

warning: unused imports: `MonthlyClimate` and `UseClass`
 --> ✏️s/🔌️plugins/📕️norm/📦️packages/🦀️rust/././../../🗿️artifacts/📙️din18599/🧬️schema/🦀️component.rs:4:34
  |
4 | use crate::artifacts::din18599::{MonthlyClimate, UseClass};
  |                                  ^^^^^^^^^^^^^^  ^^^^^^^^

warning: unused import: `crate::artifacts::din18599::Din18599Snapshot`
  --> ✏️s/🔌️plugins/📕️norm/📦️packages/🦀️rust/././../../🗿️artifacts/📙️din18599/🔧️op/🦀️component.rs:15:5
   |
15 | use crate::artifacts::din18599::Din18599Snapshot;
   |     ^^^^^^^^^^^^^^^^^^^^^^^^^^^^^^^^^^^^^^^^^^^^

warning: unnecessary qualification
   --> ✏️s/🔌️plugins/📕️norm/📦️packages/🦀️rust/././../../🗿️artifacts/📙️din18599/⚙️engine/🦀️component.rs:510:15
    |
510 |     snapshot: crate::artifacts::din18599::Din18599Snapshot,
    |               ^^^^^^^^^^^^^^^^^^^^^^^^^^^^^^^^^^^^^^^^^^^^
    |
help: remove the unnecessary path segments
    |
510 -     snapshot: crate::artifacts::din18599::Din18599Snapshot,
510 +     snapshot: Din18599Snapshot,
    |

warning: unnecessary qualification
   --> ✏️s/🔌️plugins/📕️norm/📦️packages/🦀️rust/././../../🗿️artifacts/📙️din18599/⚙️engine/🦀️component.rs:514:26
    |
514 |     pub fn new(snapshot: crate::artifacts::din18599::Din18599Snapshot) -> Self {
    |                          ^^^^^^^^^^^^^^^^^^^^^^^^^^^^^^^^^^^^^^^^^^^^
    |
help: remove the unnecessary path segments
    |
514 -     pub fn new(snapshot: crate::artifacts::din18599::Din18599Snapshot) -> Self {
514 +     pub fn new(snapshot: Din18599Snapshot) -> Self {
    |

warning: unnecessary qualification
   --> ✏️s/🔌️plugins/📕️norm/📦️packages/🦀️rust/././../../🗿️artifacts/📙️din18599/⚙️engine/🦀️component.rs:519:35
    |
519 |     pub fn into_snapshot(self) -> crate::artifacts::din18599::Din18599Snapshot {
    |                                   ^^^^^^^^^^^^^^^^^^^^^^^^^^^^^^^^^^^^^^^^^^^^
    |
help: remove the unnecessary path segments
    |
519 -     pub fn into_snapshot(self) -> crate::artifacts::din18599::Din18599Snapshot {
519 +     pub fn into_snapshot(self) -> Din18599Snapshot {
    |

warning: unnecessary qualification
   --> ✏️s/🔌️plugins/📕️norm/📦️packages/🦀️rust/././../../🗿️artifacts/📙️din18599/⚙️engine/🦀️component.rs:526:21
    |
526 |     type Snapshot = crate::artifacts::din18599::Din18599Snapshot;
    |                     ^^^^^^^^^^^^^^^^^^^^^^^^^^^^^^^^^^^^^^^^^^^^
    |
help: remove the unnecessary path segments
    |
526 -     type Snapshot = crate::artifacts::din18599::Din18599Snapshot;
526 +     type Snapshot = Din18599Snapshot;
    |

warning: unnecessary qualification
   --> ✏️s/🔌️plugins/📕️norm/📦️packages/🦀️rust/././../../🗿️artifacts/📙️din18599/⚙️engine/🦀️component.rs:527:21
    |
527 |     type Mutation = crate::artifacts::din18599::mutations::Din18599Mutation;
    |                     ^^^^^^^^^^^^^^^^^^^^^^^^^^^^^^^^^^^^^^^^^^^^^^^^^^^^^^^
    |
help: remove the unnecessary path segments
    |
527 -     type Mutation = crate::artifacts::din18599::mutations::Din18599Mutation;
527 +     type Mutation = Din18599Mutation;
    |

warning: unused import: `crate::artifacts::en1990::En1990Snapshot`
 --> ✏️s/🔌️plugins/📕️norm/📦️packages/🦀️rust/././././../../🗿️artifacts/📘️en1990/🧬️mutations/📄set-snapshot/🔺️diff/🦀️component.rs:2:5
  |
2 | use crate::artifacts::en1990::En1990Snapshot;
  |     ^^^^^^^^^^^^^^^^^^^^^^^^^^^^^^^^^^^^^^^^

warning: unused import: `crate::artifacts::en1990::En1990Snapshot`
  --> ✏️s/🔌️plugins/📕️norm/📦️packages/🦀️rust/././../../🗿️artifacts/📘️en1990/🔧️op/🦀️component.rs:16:5
   |
16 | use crate::artifacts::en1990::En1990Snapshot;
   |     ^^^^^^^^^^^^^^^^^^^^^^^^^^^^^^^^^^^^^^^^

warning: unnecessary qualification
   --> ✏️s/🔌️plugins/📕️norm/📦️packages/🦀️rust/././../../🗿️artifacts/📘️en1990/⚙️engine/🦀️component.rs:470:21
    |
470 |     type Mutation = crate::artifacts::en1990::mutations::En1990Mutation;
    |                     ^^^^^^^^^^^^^^^^^^^^^^^^^^^^^^^^^^^^^^^^^^^^^^^^^^^
    |
help: remove the unnecessary path segments
    |
470 -     type Mutation = crate::artifacts::en1990::mutations::En1990Mutation;
470 +     type Mutation = En1990Mutation;
    |

warning: unused import: `crate::document::AnnexChoice`
 --> ✏️s/🔌️plugins/📕️norm/📦️packages/🦀️rust/././../../🗿️artifacts/📘️en1991/🦀️component.rs:3:5
  |
3 | use crate::document::AnnexChoice;
  |     ^^^^^^^^^^^^^^^^^^^^^^^^^^^^

warning: unused import: `crate::artifacts::en1991::part_1_2::FireCurve`
 --> ✏️s/🔌️plugins/📕️norm/📦️packages/🦀️rust/././../../🗿️artifacts/📘️en1991/🧬️schema/🦀️component.rs:4:5
  |
4 | use crate::artifacts::en1991::part_1_2::FireCurve;
  |     ^^^^^^^^^^^^^^^^^^^^^^^^^^^^^^^^^^^^^^^^^^^^^

warning: unused import: `crate::artifacts::en1991::part_1_2::FireCurve`
 --> ✏️s/🔌️plugins/📕️norm/📦️packages/🦀️rust/./././../../🗿️artifacts/📘️en1991/🔺️diff/🧬️schema/🦀️component.rs:4:5
  |
4 | use crate::artifacts::en1991::part_1_2::FireCurve;
  |     ^^^^^^^^^^^^^^^^^^^^^^^^^^^^^^^^^^^^^^^^^^^^^

warning: unused import: `crate::artifacts::en1991::En1991Snapshot`
 --> ✏️s/🔌️plugins/📕️norm/📦️packages/🦀️rust/././././../../🗿️artifacts/📘️en1991/🧬️mutations/📄set-snapshot/🔺️diff/🦀️component.rs:2:5
  |
2 | use crate::artifacts::en1991::En1991Snapshot;
  |     ^^^^^^^^^^^^^^^^^^^^^^^^^^^^^^^^^^^^^^^^

warning: unused import: `crate::artifacts::en1991::En1991Snapshot`
  --> ✏️s/🔌️plugins/📕️norm/📦️packages/🦀️rust/././../../🗿️artifacts/📘️en1991/🔧️op/🦀️component.rs:15:5
   |
15 | use crate::artifacts::en1991::En1991Snapshot;
   |     ^^^^^^^^^^^^^^^^^^^^^^^^^^^^^^^^^^^^^^^^

warning: unnecessary qualification
   --> ✏️s/🔌️plugins/📕️norm/📦️packages/🦀️rust/././../../🗿️artifacts/📘️en1991/⚙️engine/🦀️component.rs:547:21
    |
547 |     type Mutation = crate::artifacts::en1991::mutations::En1991Mutation;
    |                     ^^^^^^^^^^^^^^^^^^^^^^^^^^^^^^^^^^^^^^^^^^^^^^^^^^^
    |
help: remove the unnecessary path segments
    |
547 -     type Mutation = crate::artifacts::en1991::mutations::En1991Mutation;
547 +     type Mutation = En1991Mutation;
    |

warning: unused import: `crate::document::AnnexChoice`
 --> ✏️s/🔌️plugins/📕️norm/📦️packages/🦀️rust/././../../🗿️artifacts/📘️en1992/🦀️component.rs:3:5
  |
3 | use crate::document::AnnexChoice;
  |     ^^^^^^^^^^^^^^^^^^^^^^^^^^^^

warning: unused import: `crate::artifacts::en1992::part_3::TightnessClass`
 --> ✏️s/🔌️plugins/📕️norm/📦️packages/🦀️rust/././../../🗿️artifacts/📘️en1992/🧬️schema/🦀️component.rs:4:5
  |
4 | use crate::artifacts::en1992::part_3::TightnessClass;
  |     ^^^^^^^^^^^^^^^^^^^^^^^^^^^^^^^^^^^^^^^^^^^^^^^^

warning: unused import: `crate::artifacts::en1992::part_1_2::FireRating`
 --> ✏️s/🔌️plugins/📕️norm/📦️packages/🦀️rust/././../../🗿️artifacts/📘️en1992/🧬️schema/🦀️component.rs:5:5
  |
5 | use crate::artifacts::en1992::part_1_2::FireRating;
  |     ^^^^^^^^^^^^^^^^^^^^^^^^^^^^^^^^^^^^^^^^^^^^^^

warning: unused import: `crate::artifacts::en1992::part_3::TightnessClass`
 --> ✏️s/🔌️plugins/📕️norm/📦️packages/🦀️rust/./././../../🗿️artifacts/📘️en1992/🔺️diff/🧬️schema/🦀️component.rs:4:5
  |
4 | use crate::artifacts::en1992::part_3::TightnessClass;
  |     ^^^^^^^^^^^^^^^^^^^^^^^^^^^^^^^^^^^^^^^^^^^^^^^^

warning: unused import: `crate::artifacts::en1992::part_1_2::FireRating`
 --> ✏️s/🔌️plugins/📕️norm/📦️packages/🦀️rust/./././../../🗿️artifacts/📘️en1992/🔺️diff/🧬️schema/🦀️component.rs:5:5
  |
5 | use crate::artifacts::en1992::part_1_2::FireRating;
  |     ^^^^^^^^^^^^^^^^^^^^^^^^^^^^^^^^^^^^^^^^^^^^^^

warning: unused import: `crate::artifacts::en1992::En1992Snapshot`
 --> ✏️s/🔌️plugins/📕️norm/📦️packages/🦀️rust/././././../../🗿️artifacts/📘️en1992/🧬️mutations/📄set-snapshot/🔺️diff/🦀️component.rs:2:5
  |
2 | use crate::artifacts::en1992::En1992Snapshot;
  |     ^^^^^^^^^^^^^^^^^^^^^^^^^^^^^^^^^^^^^^^^

warning: unnecessary qualification
   --> ✏️s/🔌️plugins/📕️norm/📦️packages/🦀️rust/././../../🗿️artifacts/📘️en1992/⚙️engine/🦀️component.rs:476:21
    |
476 |     type Mutation = crate::artifacts::en1992::mutations::En1992Mutation;
    |                     ^^^^^^^^^^^^^^^^^^^^^^^^^^^^^^^^^^^^^^^^^^^^^^^^^^^
    |
help: remove the unnecessary path segments
    |
476 -     type Mutation = crate::artifacts::en1992::mutations::En1992Mutation;
476 +     type Mutation = En1992Mutation;
    |

warning: unused import: `crate::document::AnnexChoice`
 --> ✏️s/🔌️plugins/📕️norm/📦️packages/🦀️rust/././../../🗿️artifacts/📘️en1993/🦀️component.rs:3:5
  |
3 | use crate::document::AnnexChoice;
  |     ^^^^^^^^^^^^^^^^^^^^^^^^^^^^

warning: unused imports: `Deserialize` and `Serialize`
 --> ✏️s/🔌️plugins/📕️norm/📦️packages/🦀️rust/././../../🗿️artifacts/📘️en1993/🦀️component.rs:4:13
  |
4 | use serde::{Deserialize, Serialize};
  |             ^^^^^^^^^^^  ^^^^^^^^^

warning: unused import: `crate::artifacts::en1993::En1993Snapshot`
 --> ✏️s/🔌️plugins/📕️norm/📦️packages/🦀️rust/././././../../🗿️artifacts/📘️en1993/🧬️mutations/📄set-snapshot/🔺️diff/🦀️component.rs:2:5
  |
2 | use crate::artifacts::en1993::En1993Snapshot;
  |     ^^^^^^^^^^^^^^^^^^^^^^^^^^^^^^^^^^^^^^^^

warning: unused import: `crate::artifacts::en1993::En1993Snapshot`
  --> ✏️s/🔌️plugins/📕️norm/📦️packages/🦀️rust/././../../🗿️artifacts/📘️en1993/🔧️op/🦀️component.rs:15:5
   |
15 | use crate::artifacts::en1993::En1993Snapshot;
   |     ^^^^^^^^^^^^^^^^^^^^^^^^^^^^^^^^^^^^^^^^

warning: unnecessary qualification
   --> ✏️s/🔌️plugins/📕️norm/📦️packages/🦀️rust/././../../🗿️artifacts/📘️en1993/⚙️engine/🦀️component.rs:895:21
    |
895 |     type Mutation = crate::artifacts::en1993::mutations::En1993Mutation;
    |                     ^^^^^^^^^^^^^^^^^^^^^^^^^^^^^^^^^^^^^^^^^^^^^^^^^^^
    |
help: remove the unnecessary path segments
    |
895 -     type Mutation = crate::artifacts::en1993::mutations::En1993Mutation;
895 +     type Mutation = En1993Mutation;
    |

warning: unused import: `crate::document::AnnexChoice`
 --> ✏️s/🔌️plugins/📕️norm/📦️packages/🦀️rust/././../../🗿️artifacts/📘️en1994/🦀️component.rs:3:5
  |
3 | use crate::document::AnnexChoice;
  |     ^^^^^^^^^^^^^^^^^^^^^^^^^^^^

warning: unused imports: `Deserialize` and `Serialize`
 --> ✏️s/🔌️plugins/📕️norm/📦️packages/🦀️rust/././../../🗿️artifacts/📘️en1994/🦀️component.rs:4:13
  |
4 | use serde::{Deserialize, Serialize};
  |             ^^^^^^^^^^^  ^^^^^^^^^

warning: unused import: `crate::artifacts::en1994::En1994Snapshot`
 --> ✏️s/🔌️plugins/📕️norm/📦️packages/🦀️rust/././././../../🗿️artifacts/📘️en1994/🧬️mutations/📄set-snapshot/🔺️diff/🦀️component.rs:2:5
  |
2 | use crate::artifacts::en1994::En1994Snapshot;
  |     ^^^^^^^^^^^^^^^^^^^^^^^^^^^^^^^^^^^^^^^^

warning: unused import: `crate::artifacts::en1994::En1994Snapshot`
  --> ✏️s/🔌️plugins/📕️norm/📦️packages/🦀️rust/././../../🗿️artifacts/📘️en1994/🔧️op/🦀️component.rs:15:5
   |
15 | use crate::artifacts::en1994::En1994Snapshot;
   |     ^^^^^^^^^^^^^^^^^^^^^^^^^^^^^^^^^^^^^^^^

warning: unnecessary qualification
   --> ✏️s/🔌️plugins/📕️norm/📦️packages/🦀️rust/././../../🗿️artifacts/📘️en1994/⚙️engine/🦀️component.rs:270:21
    |
270 |     type Mutation = crate::artifacts::en1994::mutations::En1994Mutation;
    |                     ^^^^^^^^^^^^^^^^^^^^^^^^^^^^^^^^^^^^^^^^^^^^^^^^^^^
    |
help: remove the unnecessary path segments
    |
270 -     type Mutation = crate::artifacts::en1994::mutations::En1994Mutation;
270 +     type Mutation = En1994Mutation;
    |

warning: unused import: `crate::document::AnnexChoice`
 --> ✏️s/🔌️plugins/📕️norm/📦️packages/🦀️rust/././../../🗿️artifacts/📘️en1995/🧬️schema/🦀️component.rs:4:5
  |
4 | use crate::document::AnnexChoice;
  |     ^^^^^^^^^^^^^^^^^^^^^^^^^^^^

warning: unnecessary qualification
  --> ✏️s/🔌️plugins/📕️norm/📦️packages/🦀️rust/././../../🗿️artifacts/📘️en1995/🧬️schema/🦀️component.rs:46:23
   |
46 |     fn from(snapshot: crate::artifacts::en1995::En1995Snapshot) -> Self {
   |                       ^^^^^^^^^^^^^^^^^^^^^^^^^^^^^^^^^^^^^^^^
   |
help: remove the unnecessary path segments
   |
46 -     fn from(snapshot: crate::artifacts::en1995::En1995Snapshot) -> Self {
46 +     fn from(snapshot: En1995Snapshot) -> Self {
   |

warning: unnecessary qualification
  --> ✏️s/🔌️plugins/📕️norm/📦️packages/🦀️rust/././../../🗿️artifacts/📘️en1995/🧬️schema/🦀️component.rs:52:34
   |
52 |     pub fn to_snapshot(&self) -> crate::artifacts::en1995::En1995Snapshot {
   |                                  ^^^^^^^^^^^^^^^^^^^^^^^^^^^^^^^^^^^^^^^^
   |
help: remove the unnecessary path segments
   |
52 -     pub fn to_snapshot(&self) -> crate::artifacts::en1995::En1995Snapshot {
52 +     pub fn to_snapshot(&self) -> En1995Snapshot {
   |

warning: unnecessary qualification
  --> ✏️s/🔌️plugins/📕️norm/📦️packages/🦀️rust/././../../🗿️artifacts/📘️en1995/🧬️schema/🦀️component.rs:53:9
   |
53 |         crate::artifacts::en1995::En1995Snapshot {
   |         ^^^^^^^^^^^^^^^^^^^^^^^^^^^^^^^^^^^^^^^^
   |
help: remove the unnecessary path segments
   |
53 -         crate::artifacts::en1995::En1995Snapshot {
53 +         En1995Snapshot {
   |

warning: unnecessary qualification
  --> ✏️s/🔌️plugins/📕️norm/📦️packages/🦀️rust/././../../🗿️artifacts/📘️en1995/🧬️schema/🦀️component.rs:77:36
   |
77 |     pub fn from_snapshot(snapshot: crate::artifacts::en1995::En1995Snapshot) -> Self {
   |                                    ^^^^^^^^^^^^^^^^^^^^^^^^^^^^^^^^^^^^^^^^
   |
help: remove the unnecessary path segments
   |
77 -     pub fn from_snapshot(snapshot: crate::artifacts::en1995::En1995Snapshot) -> Self {
77 +     pub fn from_snapshot(snapshot: En1995Snapshot) -> Self {
   |

warning: unnecessary qualification
   --> ✏️s/🔌️plugins/📕️norm/📦️packages/🦀️rust/././../../🗿️artifacts/📘️en1995/🧬️schema/🦀️component.rs:103:46
    |
103 |     pub fn set_snapshot(&mut self, snapshot: crate::artifacts::en1995::En1995Snapshot) {
    |                                              ^^^^^^^^^^^^^^^^^^^^^^^^^^^^^^^^^^^^^^^^
    |
help: remove the unnecessary path segments
    |
103 -     pub fn set_snapshot(&mut self, snapshot: crate::artifacts::en1995::En1995Snapshot) {
103 +     pub fn set_snapshot(&mut self, snapshot: En1995Snapshot) {
    |

warning: unnecessary qualification
  --> ✏️s/🔌️plugins/📕️norm/📦️packages/🦀️rust/./././../../🗿️artifacts/📘️en1995/📸️snapshot/🧬️schema/🦀️component.rs:15:16
   |
15 |     pub annex: crate::document::AnnexChoice,
   |                ^^^^^^^^^^^^^^^^^^^^^^^^^^^^
   |
help: remove the unnecessary path segments
   |
15 -     pub annex: crate::document::AnnexChoice,
15 +     pub annex: AnnexChoice,
   |

warning: unused import: `crate::artifacts::en1995::schema::En1995Artifact as EnArtifact`
 --> ✏️s/🔌️plugins/📕️norm/📦️packages/🦀️rust/./././../../🗿️artifacts/📘️en1995/🔺️diff/🧬️schema/🦀️component.rs:3:5
  |
3 | use crate::artifacts::en1995::schema::En1995Artifact as EnArtifact;
  |     ^^^^^^^^^^^^^^^^^^^^^^^^^^^^^^^^^^^^^^^^^^^^^^^^^^^^^^^^^^^^^^

warning: unused import: `crate::artifacts::en1995::En1995Snapshot`
 --> ✏️s/🔌️plugins/📕️norm/📦️packages/🦀️rust/./././../../🗿️artifacts/📘️en1995/🔺️diff/🧬️schema/🦀️component.rs:4:5
  |
4 | use crate::artifacts::en1995::En1995Snapshot;
  |     ^^^^^^^^^^^^^^^^^^^^^^^^^^^^^^^^^^^^^^^^

warning: unused import: `crate::artifacts::en1995::En1995Snapshot`
  --> ✏️s/🔌️plugins/📕️norm/📦️packages/🦀️rust/././../../🗿️artifacts/📘️en1995/🔧️op/🦀️component.rs:17:5
   |
17 | use crate::artifacts::en1995::En1995Snapshot;
   |     ^^^^^^^^^^^^^^^^^^^^^^^^^^^^^^^^^^^^^^^^

warning: unused import: `crate::artifacts::en1995::mutations::En1995Mutation`
 --> ✏️s/🔌️plugins/📕️norm/📦️packages/🦀️rust/././../../🗿️artifacts/📘️en1995/⚙️engine/🦀️component.rs:4:5
  |
4 | use crate::artifacts::en1995::mutations::En1995Mutation;
  |     ^^^^^^^^^^^^^^^^^^^^^^^^^^^^^^^^^^^^^^^^^^^^^^^^^^^

warning: unnecessary qualification
   --> ✏️s/🔌️plugins/📕️norm/📦️packages/🦀️rust/././../../🗿️artifacts/📘️en1995/⚙️engine/🦀️component.rs:373:21
    |
373 |     type Document = crate::artifacts::en1995::En1995Snapshot;
    |                     ^^^^^^^^^^^^^^^^^^^^^^^^^^^^^^^^^^^^^^^^
    |
help: remove the unnecessary path segments
    |
373 -     type Document = crate::artifacts::en1995::En1995Snapshot;
373 +     type Document = En1995Snapshot;
    |

warning: unnecessary qualification
   --> ✏️s/🔌️plugins/📕️norm/📦️packages/🦀️rust/././../../🗿️artifacts/📘️en1995/⚙️engine/🦀️component.rs:380:47
    |
380 |     fn evaluate(document: &Self::Document) -> crate::document::CheckReport {
    |                                               ^^^^^^^^^^^^^^^^^^^^^^^^^^^^
    |
help: remove the unnecessary path segments
    |
380 -     fn evaluate(document: &Self::Document) -> crate::document::CheckReport {
380 +     fn evaluate(document: &Self::Document) -> CheckReport {
    |

warning: unnecessary qualification
   --> ✏️s/🔌️plugins/📕️norm/📦️packages/🦀️rust/././../../🗿️artifacts/📘️en1995/⚙️engine/🦀️component.rs:390:15
    |
390 |     snapshot: crate::artifacts::en1995::En1995Snapshot,
    |               ^^^^^^^^^^^^^^^^^^^^^^^^^^^^^^^^^^^^^^^^
    |
help: remove the unnecessary path segments
    |
390 -     snapshot: crate::artifacts::en1995::En1995Snapshot,
390 +     snapshot: En1995Snapshot,
    |

warning: unnecessary qualification
   --> ✏️s/🔌️plugins/📕️norm/📦️packages/🦀️rust/././../../🗿️artifacts/📘️en1995/⚙️engine/🦀️component.rs:394:26
    |
394 |     pub fn new(snapshot: crate::artifacts::en1995::En1995Snapshot) -> Self {
    |                          ^^^^^^^^^^^^^^^^^^^^^^^^^^^^^^^^^^^^^^^^
    |
help: remove the unnecessary path segments
    |
394 -     pub fn new(snapshot: crate::artifacts::en1995::En1995Snapshot) -> Self {
394 +     pub fn new(snapshot: En1995Snapshot) -> Self {
    |

warning: unnecessary qualification
   --> ✏️s/🔌️plugins/📕️norm/📦️packages/🦀️rust/././../../🗿️artifacts/📘️en1995/⚙️engine/🦀️component.rs:399:35
    |
399 |     pub fn into_snapshot(self) -> crate::artifacts::en1995::En1995Snapshot {
    |                                   ^^^^^^^^^^^^^^^^^^^^^^^^^^^^^^^^^^^^^^^^
    |
help: remove the unnecessary path segments
    |
399 -     pub fn into_snapshot(self) -> crate::artifacts::en1995::En1995Snapshot {
399 +     pub fn into_snapshot(self) -> En1995Snapshot {
    |

warning: unnecessary qualification
   --> ✏️s/🔌️plugins/📕️norm/📦️packages/🦀️rust/././../../🗿️artifacts/📘️en1995/⚙️engine/🦀️component.rs:406:21
    |
406 |     type Snapshot = crate::artifacts::en1995::En1995Snapshot;
    |                     ^^^^^^^^^^^^^^^^^^^^^^^^^^^^^^^^^^^^^^^^
    |
help: remove the unnecessary path segments
    |
406 -     type Snapshot = crate::artifacts::en1995::En1995Snapshot;
406 +     type Snapshot = En1995Snapshot;
    |

warning: unused imports: `AnnexChoice` and `DesignSituation`
 --> ✏️s/🔌️plugins/📕️norm/📦️packages/🦀️rust/././../../🗿️artifacts/📘️en1996/🦀️component.rs:3:23
  |
3 | use crate::document::{AnnexChoice, DesignSituation};
  |                       ^^^^^^^^^^^  ^^^^^^^^^^^^^^^

warning: unused imports: `MasonryClass` and `part_2`
 --> ✏️s/🔌️plugins/📕️norm/📦️packages/🦀️rust/././../../🗿️artifacts/📘️en1996/🧬️schema/🦀️component.rs:3:32
  |
3 | use crate::artifacts::en1996::{MasonryClass, part_2};
  |                                ^^^^^^^^^^^^  ^^^^^^

warning: unused imports: `AnnexChoice` and `DesignSituation`
 --> ✏️s/🔌️plugins/📕️norm/📦️packages/🦀️rust/././../../🗿️artifacts/📘️en1996/🧬️schema/🦀️component.rs:4:23
  |
4 | use crate::document::{AnnexChoice, DesignSituation};
  |                       ^^^^^^^^^^^  ^^^^^^^^^^^^^^^

warning: unnecessary qualification
  --> ✏️s/🔌️plugins/📕️norm/📦️packages/🦀️rust/././../../🗿️artifacts/📘️en1996/🧬️schema/🦀️component.rs:49:23
   |
49 |     fn from(snapshot: crate::artifacts::en1996::En1996Snapshot) -> Self {
   |                       ^^^^^^^^^^^^^^^^^^^^^^^^^^^^^^^^^^^^^^^^
   |
help: remove the unnecessary path segments
   |
49 -     fn from(snapshot: crate::artifacts::en1996::En1996Snapshot) -> Self {
49 +     fn from(snapshot: En1996Snapshot) -> Self {
   |

warning: unnecessary qualification
  --> ✏️s/🔌️plugins/📕️norm/📦️packages/🦀️rust/././../../🗿️artifacts/📘️en1996/🧬️schema/🦀️component.rs:55:34
   |
55 |     pub fn to_snapshot(&self) -> crate::artifacts::en1996::En1996Snapshot {
   |                                  ^^^^^^^^^^^^^^^^^^^^^^^^^^^^^^^^^^^^^^^^
   |
help: remove the unnecessary path segments
   |
55 -     pub fn to_snapshot(&self) -> crate::artifacts::en1996::En1996Snapshot {
55 +     pub fn to_snapshot(&self) -> En1996Snapshot {
   |

warning: unnecessary qualification
  --> ✏️s/🔌️plugins/📕️norm/📦️packages/🦀️rust/././../../🗿️artifacts/📘️en1996/🧬️schema/🦀️component.rs:56:9
   |
56 |         crate::artifacts::en1996::En1996Snapshot {
   |         ^^^^^^^^^^^^^^^^^^^^^^^^^^^^^^^^^^^^^^^^
   |
help: remove the unnecessary path segments
   |
56 -         crate::artifacts::en1996::En1996Snapshot {
56 +         En1996Snapshot {
   |

warning: unnecessary qualification
  --> ✏️s/🔌️plugins/📕️norm/📦️packages/🦀️rust/././../../🗿️artifacts/📘️en1996/🧬️schema/🦀️component.rs:82:36
   |
82 |     pub fn from_snapshot(snapshot: crate::artifacts::en1996::En1996Snapshot) -> Self {
   |                                    ^^^^^^^^^^^^^^^^^^^^^^^^^^^^^^^^^^^^^^^^
   |
help: remove the unnecessary path segments
   |
82 -     pub fn from_snapshot(snapshot: crate::artifacts::en1996::En1996Snapshot) -> Self {
82 +     pub fn from_snapshot(snapshot: En1996Snapshot) -> Self {
   |

warning: unnecessary qualification
   --> ✏️s/🔌️plugins/📕️norm/📦️packages/🦀️rust/././../../🗿️artifacts/📘️en1996/🧬️schema/🦀️component.rs:110:46
    |
110 |     pub fn set_snapshot(&mut self, snapshot: crate::artifacts::en1996::En1996Snapshot) {
    |                                              ^^^^^^^^^^^^^^^^^^^^^^^^^^^^^^^^^^^^^^^^
    |
help: remove the unnecessary path segments
    |
110 -     pub fn set_snapshot(&mut self, snapshot: crate::artifacts::en1996::En1996Snapshot) {
110 +     pub fn set_snapshot(&mut self, snapshot: En1996Snapshot) {
    |

warning: unnecessary qualification
  --> ✏️s/🔌️plugins/📕️norm/📦️packages/🦀️rust/./././../../🗿️artifacts/📘️en1996/📸️snapshot/🧬️schema/🦀️component.rs:34:16
   |
34 |     pub annex: crate::document::AnnexChoice,
   |                ^^^^^^^^^^^^^^^^^^^^^^^^^^^^
   |
help: remove the unnecessary path segments
   |
34 -     pub annex: crate::document::AnnexChoice,
34 +     pub annex: AnnexChoice,
   |

warning: unnecessary qualification
  --> ✏️s/🔌️plugins/📕️norm/📦️packages/🦀️rust/./././../../🗿️artifacts/📘️en1996/📸️snapshot/🧬️schema/🦀️component.rs:36:24
   |
36 |     pub masonry_class: crate::artifacts::en1996::MasonryClass,
   |                        ^^^^^^^^^^^^^^^^^^^^^^^^^^^^^^^^^^^^^^
   |
help: remove the unnecessary path segments
   |
36 -     pub masonry_class: crate::artifacts::en1996::MasonryClass,
36 +     pub masonry_class: MasonryClass,
   |

warning: unnecessary qualification
  --> ✏️s/🔌️plugins/📕️norm/📦️packages/🦀️rust/./././../../🗿️artifacts/📘️en1996/📸️snapshot/🧬️schema/🦀️component.rs:38:27
   |
38 |     pub design_situation: crate::document::DesignSituation,
   |                           ^^^^^^^^^^^^^^^^^^^^^^^^^^^^^^^^
   |
help: remove the unnecessary path segments
   |
38 -     pub design_situation: crate::document::DesignSituation,
38 +     pub design_situation: DesignSituation,
   |

warning: unnecessary qualification
  --> ✏️s/🔌️plugins/📕️norm/📦️packages/🦀️rust/./././../../🗿️artifacts/📘️en1996/📸️snapshot/🧬️schema/🦀️component.rs:48:19
   |
48 |     pub exposure: crate::artifacts::en1996::part_2::ExposureClass,
   |                   ^^^^^^^^^^^^^^^^^^^^^^^^^^^^^^^^^^^^^^^^^^^^^^^
   |
help: remove the unnecessary path segments
   |
48 -     pub exposure: crate::artifacts::en1996::part_2::ExposureClass,
48 +     pub exposure: part_2::ExposureClass,
   |

warning: unnecessary qualification
  --> ✏️s/🔌️plugins/📕️norm/📦️packages/🦀️rust/./././../../🗿️artifacts/📘️en1996/📸️snapshot/🧬️schema/🦀️component.rs:50:17
   |
50 |     pub mortar: crate::artifacts::en1996::part_2::MortarClass,
   |                 ^^^^^^^^^^^^^^^^^^^^^^^^^^^^^^^^^^^^^^^^^^^^^
   |
help: remove the unnecessary path segments
   |
50 -     pub mortar: crate::artifacts::en1996::part_2::MortarClass,
50 +     pub mortar: part_2::MortarClass,
   |

warning: unused import: `crate::artifacts::en1996::schema::En1996Artifact as EnArtifact`
 --> ✏️s/🔌️plugins/📕️norm/📦️packages/🦀️rust/./././../../🗿️artifacts/📘️en1996/🔺️diff/🧬️schema/🦀️component.rs:3:5
  |
3 | use crate::artifacts::en1996::schema::En1996Artifact as EnArtifact;
  |     ^^^^^^^^^^^^^^^^^^^^^^^^^^^^^^^^^^^^^^^^^^^^^^^^^^^^^^^^^^^^^^

warning: unused import: `crate::artifacts::en1996::En1996Snapshot`
 --> ✏️s/🔌️plugins/📕️norm/📦️packages/🦀️rust/./././../../🗿️artifacts/📘️en1996/🔺️diff/🧬️schema/🦀️component.rs:4:5
  |
4 | use crate::artifacts::en1996::En1996Snapshot;
  |     ^^^^^^^^^^^^^^^^^^^^^^^^^^^^^^^^^^^^^^^^

warning: unused import: `crate::artifacts::en1996::En1996Snapshot`
  --> ✏️s/🔌️plugins/📕️norm/📦️packages/🦀️rust/././../../🗿️artifacts/📘️en1996/🔧️op/🦀️component.rs:17:5
   |
17 | use crate::artifacts::en1996::En1996Snapshot;
   |     ^^^^^^^^^^^^^^^^^^^^^^^^^^^^^^^^^^^^^^^^

warning: unused import: `crate::artifacts::en1996::mutations::En1996Mutation`
 --> ✏️s/🔌️plugins/📕️norm/📦️packages/🦀️rust/././../../🗿️artifacts/📘️en1996/⚙️engine/🦀️component.rs:9:5
  |
9 | use crate::artifacts::en1996::mutations::En1996Mutation;
  |     ^^^^^^^^^^^^^^^^^^^^^^^^^^^^^^^^^^^^^^^^^^^^^^^^^^^

warning: unnecessary qualification
   --> ✏️s/🔌️plugins/📕️norm/📦️packages/🦀️rust/././../../🗿️artifacts/📘️en1996/⚙️engine/🦀️component.rs:287:21
    |
287 |     type Document = crate::artifacts::en1996::En1996Snapshot;
    |                     ^^^^^^^^^^^^^^^^^^^^^^^^^^^^^^^^^^^^^^^^
    |
help: remove the unnecessary path segments
    |
287 -     type Document = crate::artifacts::en1996::En1996Snapshot;
287 +     type Document = En1996Snapshot;
    |

warning: unnecessary qualification
   --> ✏️s/🔌️plugins/📕️norm/📦️packages/🦀️rust/././../../🗿️artifacts/📘️en1996/⚙️engine/🦀️component.rs:294:47
    |
294 |     fn evaluate(document: &Self::Document) -> crate::document::CheckReport {
    |                                               ^^^^^^^^^^^^^^^^^^^^^^^^^^^^
    |
help: remove the unnecessary path segments
    |
294 -     fn evaluate(document: &Self::Document) -> crate::document::CheckReport {
294 +     fn evaluate(document: &Self::Document) -> CheckReport {
    |

warning: unnecessary qualification
   --> ✏️s/🔌️plugins/📕️norm/📦️packages/🦀️rust/././../../🗿️artifacts/📘️en1996/⚙️engine/🦀️component.rs:304:15
    |
304 |     snapshot: crate::artifacts::en1996::En1996Snapshot,
    |               ^^^^^^^^^^^^^^^^^^^^^^^^^^^^^^^^^^^^^^^^
    |
help: remove the unnecessary path segments
    |
304 -     snapshot: crate::artifacts::en1996::En1996Snapshot,
304 +     snapshot: En1996Snapshot,
    |

warning: unnecessary qualification
   --> ✏️s/🔌️plugins/📕️norm/📦️packages/🦀️rust/././../../🗿️artifacts/📘️en1996/⚙️engine/🦀️component.rs:308:26
    |
308 |     pub fn new(snapshot: crate::artifacts::en1996::En1996Snapshot) -> Self {
    |                          ^^^^^^^^^^^^^^^^^^^^^^^^^^^^^^^^^^^^^^^^
    |
help: remove the unnecessary path segments
    |
308 -     pub fn new(snapshot: crate::artifacts::en1996::En1996Snapshot) -> Self {
308 +     pub fn new(snapshot: En1996Snapshot) -> Self {
    |

warning: unnecessary qualification
   --> ✏️s/🔌️plugins/📕️norm/📦️packages/🦀️rust/././../../🗿️artifacts/📘️en1996/⚙️engine/🦀️component.rs:313:35
    |
313 |     pub fn into_snapshot(self) -> crate::artifacts::en1996::En1996Snapshot {
    |                                   ^^^^^^^^^^^^^^^^^^^^^^^^^^^^^^^^^^^^^^^^
    |
help: remove the unnecessary path segments
    |
313 -     pub fn into_snapshot(self) -> crate::artifacts::en1996::En1996Snapshot {
313 +     pub fn into_snapshot(self) -> En1996Snapshot {
    |

warning: unnecessary qualification
   --> ✏️s/🔌️plugins/📕️norm/📦️packages/🦀️rust/././../../🗿️artifacts/📘️en1996/⚙️engine/🦀️component.rs:320:21
    |
320 |     type Snapshot = crate::artifacts::en1996::En1996Snapshot;
    |                     ^^^^^^^^^^^^^^^^^^^^^^^^^^^^^^^^^^^^^^^^
    |
help: remove the unnecessary path segments
    |
320 -     type Snapshot = crate::artifacts::en1996::En1996Snapshot;
320 +     type Snapshot = En1996Snapshot;
    |

warning: unused import: `crate::document::AnnexChoice`
 --> ✏️s/🔌️plugins/📕️norm/📦️packages/🦀️rust/././../../🗿️artifacts/📘️en1997/🧬️schema/🦀️component.rs:3:5
  |
3 | use crate::document::AnnexChoice;
  |     ^^^^^^^^^^^^^^^^^^^^^^^^^^^^

warning: unnecessary qualification
  --> ✏️s/🔌️plugins/📕️norm/📦️packages/🦀️rust/././../../🗿️artifacts/📘️en1997/🧬️schema/🦀️component.rs:48:23
   |
48 |     fn from(snapshot: crate::artifacts::en1997::En1997Snapshot) -> Self {
   |                       ^^^^^^^^^^^^^^^^^^^^^^^^^^^^^^^^^^^^^^^^
   |
help: remove the unnecessary path segments
   |
48 -     fn from(snapshot: crate::artifacts::en1997::En1997Snapshot) -> Self {
48 +     fn from(snapshot: En1997Snapshot) -> Self {
   |

warning: unnecessary qualification
  --> ✏️s/🔌️plugins/📕️norm/📦️packages/🦀️rust/././../../🗿️artifacts/📘️en1997/🧬️schema/🦀️component.rs:54:34
   |
54 |     pub fn to_snapshot(&self) -> crate::artifacts::en1997::En1997Snapshot {
   |                                  ^^^^^^^^^^^^^^^^^^^^^^^^^^^^^^^^^^^^^^^^
   |
help: remove the unnecessary path segments
   |
54 -     pub fn to_snapshot(&self) -> crate::artifacts::en1997::En1997Snapshot {
54 +     pub fn to_snapshot(&self) -> En1997Snapshot {
   |

warning: unnecessary qualification
  --> ✏️s/🔌️plugins/📕️norm/📦️packages/🦀️rust/././../../🗿️artifacts/📘️en1997/🧬️schema/🦀️component.rs:55:9
   |
55 |         crate::artifacts::en1997::En1997Snapshot {
   |         ^^^^^^^^^^^^^^^^^^^^^^^^^^^^^^^^^^^^^^^^
   |
help: remove the unnecessary path segments
   |
55 -         crate::artifacts::en1997::En1997Snapshot {
55 +         En1997Snapshot {
   |

warning: unnecessary qualification
  --> ✏️s/🔌️plugins/📕️norm/📦️packages/🦀️rust/././../../🗿️artifacts/📘️en1997/🧬️schema/🦀️component.rs:81:36
   |
81 |     pub fn from_snapshot(snapshot: crate::artifacts::en1997::En1997Snapshot) -> Self {
   |                                    ^^^^^^^^^^^^^^^^^^^^^^^^^^^^^^^^^^^^^^^^
   |
help: remove the unnecessary path segments
   |
81 -     pub fn from_snapshot(snapshot: crate::artifacts::en1997::En1997Snapshot) -> Self {
81 +     pub fn from_snapshot(snapshot: En1997Snapshot) -> Self {
   |

warning: unnecessary qualification
   --> ✏️s/🔌️plugins/📕️norm/📦️packages/🦀️rust/././../../🗿️artifacts/📘️en1997/🧬️schema/🦀️component.rs:109:46
    |
109 |     pub fn set_snapshot(&mut self, snapshot: crate::artifacts::en1997::En1997Snapshot) {
    |                                              ^^^^^^^^^^^^^^^^^^^^^^^^^^^^^^^^^^^^^^^^
    |
help: remove the unnecessary path segments
    |
109 -     pub fn set_snapshot(&mut self, snapshot: crate::artifacts::en1997::En1997Snapshot) {
109 +     pub fn set_snapshot(&mut self, snapshot: En1997Snapshot) {
    |

warning: unnecessary qualification
  --> ✏️s/🔌️plugins/📕️norm/📦️packages/🦀️rust/./././../../🗿️artifacts/📘️en1997/📸️snapshot/🧬️schema/🦀️component.rs:37:16
   |
37 |     pub annex: crate::document::AnnexChoice,
   |                ^^^^^^^^^^^^^^^^^^^^^^^^^^^^
   |
help: remove the unnecessary path segments
   |
37 -     pub annex: crate::document::AnnexChoice,
37 +     pub annex: AnnexChoice,
   |

warning: unused import: `crate::artifacts::en1997::schema::En1997Artifact as EnArtifact`
 --> ✏️s/🔌️plugins/📕️norm/📦️packages/🦀️rust/./././../../🗿️artifacts/📘️en1997/🔺️diff/🧬️schema/🦀️component.rs:3:5
  |
3 | use crate::artifacts::en1997::schema::En1997Artifact as EnArtifact;
  |     ^^^^^^^^^^^^^^^^^^^^^^^^^^^^^^^^^^^^^^^^^^^^^^^^^^^^^^^^^^^^^^

warning: unused import: `crate::artifacts::en1997::En1997Snapshot`
 --> ✏️s/🔌️plugins/📕️norm/📦️packages/🦀️rust/./././../../🗿️artifacts/📘️en1997/🔺️diff/🧬️schema/🦀️component.rs:4:5
  |
4 | use crate::artifacts::en1997::En1997Snapshot;
  |     ^^^^^^^^^^^^^^^^^^^^^^^^^^^^^^^^^^^^^^^^

warning: unused import: `crate::artifacts::en1997::En1997Snapshot`
  --> ✏️s/🔌️plugins/📕️norm/📦️packages/🦀️rust/././../../🗿️artifacts/📘️en1997/🔧️op/🦀️component.rs:17:5
   |
17 | use crate::artifacts::en1997::En1997Snapshot;
   |     ^^^^^^^^^^^^^^^^^^^^^^^^^^^^^^^^^^^^^^^^

warning: unused import: `crate::artifacts::en1997::mutations::En1997Mutation`
 --> ✏️s/🔌️plugins/📕️norm/📦️packages/🦀️rust/././../../🗿️artifacts/📘️en1997/⚙️engine/🦀️component.rs:5:5
  |
5 | use crate::artifacts::en1997::mutations::En1997Mutation;
  |     ^^^^^^^^^^^^^^^^^^^^^^^^^^^^^^^^^^^^^^^^^^^^^^^^^^^

warning: unnecessary qualification
   --> ✏️s/🔌️plugins/📕️norm/📦️packages/🦀️rust/././../../🗿️artifacts/📘️en1997/⚙️engine/🦀️component.rs:337:21
    |
337 |     type Document = crate::artifacts::en1997::En1997Snapshot;
    |                     ^^^^^^^^^^^^^^^^^^^^^^^^^^^^^^^^^^^^^^^^
    |
help: remove the unnecessary path segments
    |
337 -     type Document = crate::artifacts::en1997::En1997Snapshot;
337 +     type Document = En1997Snapshot;
    |

warning: unnecessary qualification
   --> ✏️s/🔌️plugins/📕️norm/📦️packages/🦀️rust/././../../🗿️artifacts/📘️en1997/⚙️engine/🦀️component.rs:344:47
    |
344 |     fn evaluate(document: &Self::Document) -> crate::document::CheckReport {
    |                                               ^^^^^^^^^^^^^^^^^^^^^^^^^^^^
    |
help: remove the unnecessary path segments
    |
344 -     fn evaluate(document: &Self::Document) -> crate::document::CheckReport {
344 +     fn evaluate(document: &Self::Document) -> CheckReport {
    |

warning: unnecessary qualification
   --> ✏️s/🔌️plugins/📕️norm/📦️packages/🦀️rust/././../../🗿️artifacts/📘️en1997/⚙️engine/🦀️component.rs:354:15
    |
354 |     snapshot: crate::artifacts::en1997::En1997Snapshot,
    |               ^^^^^^^^^^^^^^^^^^^^^^^^^^^^^^^^^^^^^^^^
    |
help: remove the unnecessary path segments
    |
354 -     snapshot: crate::artifacts::en1997::En1997Snapshot,
354 +     snapshot: En1997Snapshot,
    |

warning: unnecessary qualification
   --> ✏️s/🔌️plugins/📕️norm/📦️packages/🦀️rust/././../../🗿️artifacts/📘️en1997/⚙️engine/🦀️component.rs:358:26
    |
358 |     pub fn new(snapshot: crate::artifacts::en1997::En1997Snapshot) -> Self {
    |                          ^^^^^^^^^^^^^^^^^^^^^^^^^^^^^^^^^^^^^^^^
    |
help: remove the unnecessary path segments
    |
358 -     pub fn new(snapshot: crate::artifacts::en1997::En1997Snapshot) -> Self {
358 +     pub fn new(snapshot: En1997Snapshot) -> Self {
    |

warning: unnecessary qualification
   --> ✏️s/🔌️plugins/📕️norm/📦️packages/🦀️rust/././../../🗿️artifacts/📘️en1997/⚙️engine/🦀️component.rs:363:35
    |
363 |     pub fn into_snapshot(self) -> crate::artifacts::en1997::En1997Snapshot {
    |                                   ^^^^^^^^^^^^^^^^^^^^^^^^^^^^^^^^^^^^^^^^
    |
help: remove the unnecessary path segments
    |
363 -     pub fn into_snapshot(self) -> crate::artifacts::en1997::En1997Snapshot {
363 +     pub fn into_snapshot(self) -> En1997Snapshot {
    |

warning: unnecessary qualification
   --> ✏️s/🔌️plugins/📕️norm/📦️packages/🦀️rust/././../../🗿️artifacts/📘️en1997/⚙️engine/🦀️component.rs:370:21
    |
370 |     type Snapshot = crate::artifacts::en1997::En1997Snapshot;
    |                     ^^^^^^^^^^^^^^^^^^^^^^^^^^^^^^^^^^^^^^^^
    |
help: remove the unnecessary path segments
    |
370 -     type Snapshot = crate::artifacts::en1997::En1997Snapshot;
370 +     type Snapshot = En1997Snapshot;
    |

warning: unnecessary qualification
  --> ✏️s/🔌️plugins/📕️norm/📦️packages/🦀️rust/././../../🗿️artifacts/📘️en1998/🧬️schema/🦀️component.rs:74:23
   |
74 |     fn from(snapshot: crate::artifacts::en1998::En1998Snapshot) -> Self {
   |                       ^^^^^^^^^^^^^^^^^^^^^^^^^^^^^^^^^^^^^^^^
   |
help: remove the unnecessary path segments
   |
74 -     fn from(snapshot: crate::artifacts::en1998::En1998Snapshot) -> Self {
74 +     fn from(snapshot: En1998Snapshot) -> Self {
   |

warning: unnecessary qualification
  --> ✏️s/🔌️plugins/📕️norm/📦️packages/🦀️rust/././../../🗿️artifacts/📘️en1998/🧬️schema/🦀️component.rs:80:34
   |
80 |     pub fn to_snapshot(&self) -> crate::artifacts::en1998::En1998Snapshot {
   |                                  ^^^^^^^^^^^^^^^^^^^^^^^^^^^^^^^^^^^^^^^^
   |
help: remove the unnecessary path segments
   |
80 -     pub fn to_snapshot(&self) -> crate::artifacts::en1998::En1998Snapshot {
80 +     pub fn to_snapshot(&self) -> En1998Snapshot {
   |

warning: unnecessary qualification
  --> ✏️s/🔌️plugins/📕️norm/📦️packages/🦀️rust/././../../🗿️artifacts/📘️en1998/🧬️schema/🦀️component.rs:81:9
   |
81 |         crate::artifacts::en1998::En1998Snapshot {
   |         ^^^^^^^^^^^^^^^^^^^^^^^^^^^^^^^^^^^^^^^^
   |
help: remove the unnecessary path segments
   |
81 -         crate::artifacts::en1998::En1998Snapshot {
81 +         En1998Snapshot {
   |

warning: unnecessary qualification
   --> ✏️s/🔌️plugins/📕️norm/📦️packages/🦀️rust/././../../🗿️artifacts/📘️en1998/🧬️schema/🦀️component.rs:134:36
    |
134 |     pub fn from_snapshot(snapshot: crate::artifacts::en1998::En1998Snapshot) -> Self {
    |                                    ^^^^^^^^^^^^^^^^^^^^^^^^^^^^^^^^^^^^^^^^
    |
help: remove the unnecessary path segments
    |
134 -     pub fn from_snapshot(snapshot: crate::artifacts::en1998::En1998Snapshot) -> Self {
134 +     pub fn from_snapshot(snapshot: En1998Snapshot) -> Self {
    |

warning: unnecessary qualification
   --> ✏️s/🔌️plugins/📕️norm/📦️packages/🦀️rust/././../../🗿️artifacts/📘️en1998/🧬️schema/🦀️component.rs:189:46
    |
189 |     pub fn set_snapshot(&mut self, snapshot: crate::artifacts::en1998::En1998Snapshot) {
    |                                              ^^^^^^^^^^^^^^^^^^^^^^^^^^^^^^^^^^^^^^^^
    |
help: remove the unnecessary path segments
    |
189 -     pub fn set_snapshot(&mut self, snapshot: crate::artifacts::en1998::En1998Snapshot) {
189 +     pub fn set_snapshot(&mut self, snapshot: En1998Snapshot) {
    |

warning: unused import: `crate::artifacts::en1998::schema::En1998Artifact as EnArtifact`
 --> ✏️s/🔌️plugins/📕️norm/📦️packages/🦀️rust/./././../../🗿️artifacts/📘️en1998/🔺️diff/🧬️schema/🦀️component.rs:3:5
  |
3 | use crate::artifacts::en1998::schema::En1998Artifact as EnArtifact;
  |     ^^^^^^^^^^^^^^^^^^^^^^^^^^^^^^^^^^^^^^^^^^^^^^^^^^^^^^^^^^^^^^

warning: unused import: `crate::artifacts::en1998::En1998Snapshot`
 --> ✏️s/🔌️plugins/📕️norm/📦️packages/🦀️rust/./././../../🗿️artifacts/📘️en1998/🔺️diff/🧬️schema/🦀️component.rs:4:5
  |
4 | use crate::artifacts::en1998::En1998Snapshot;
  |     ^^^^^^^^^^^^^^^^^^^^^^^^^^^^^^^^^^^^^^^^

warning: unused import: `crate::artifacts::en1998::En1998Snapshot`
  --> ✏️s/🔌️plugins/📕️norm/📦️packages/🦀️rust/././../../🗿️artifacts/📘️en1998/🔧️op/🦀️component.rs:17:5
   |
17 | use crate::artifacts::en1998::En1998Snapshot;
   |     ^^^^^^^^^^^^^^^^^^^^^^^^^^^^^^^^^^^^^^^^

warning: unused import: `crate::artifacts::en1998::mutations::En1998Mutation`
 --> ✏️s/🔌️plugins/📕️norm/📦️packages/🦀️rust/././../../🗿️artifacts/📘️en1998/⚙️engine/🦀️component.rs:4:5
  |
4 | use crate::artifacts::en1998::mutations::En1998Mutation;
  |     ^^^^^^^^^^^^^^^^^^^^^^^^^^^^^^^^^^^^^^^^^^^^^^^^^^^

warning: unnecessary qualification
   --> ✏️s/🔌️plugins/📕️norm/📦️packages/🦀️rust/././../../🗿️artifacts/📘️en1998/⚙️engine/🦀️component.rs:714:21
    |
714 |     type Document = crate::artifacts::en1998::En1998Snapshot;
    |                     ^^^^^^^^^^^^^^^^^^^^^^^^^^^^^^^^^^^^^^^^
    |
help: remove the unnecessary path segments
    |
714 -     type Document = crate::artifacts::en1998::En1998Snapshot;
714 +     type Document = En1998Snapshot;
    |

warning: unnecessary qualification
   --> ✏️s/🔌️plugins/📕️norm/📦️packages/🦀️rust/././../../🗿️artifacts/📘️en1998/⚙️engine/🦀️component.rs:721:47
    |
721 |     fn evaluate(document: &Self::Document) -> crate::document::CheckReport {
    |                                               ^^^^^^^^^^^^^^^^^^^^^^^^^^^^
    |
help: remove the unnecessary path segments
    |
721 -     fn evaluate(document: &Self::Document) -> crate::document::CheckReport {
721 +     fn evaluate(document: &Self::Document) -> CheckReport {
    |

warning: unnecessary qualification
   --> ✏️s/🔌️plugins/📕️norm/📦️packages/🦀️rust/././../../🗿️artifacts/📘️en1998/⚙️engine/🦀️component.rs:731:15
    |
731 |     snapshot: crate::artifacts::en1998::En1998Snapshot,
    |               ^^^^^^^^^^^^^^^^^^^^^^^^^^^^^^^^^^^^^^^^
    |
help: remove the unnecessary path segments
    |
731 -     snapshot: crate::artifacts::en1998::En1998Snapshot,
731 +     snapshot: En1998Snapshot,
    |

warning: unnecessary qualification
   --> ✏️s/🔌️plugins/📕️norm/📦️packages/🦀️rust/././../../🗿️artifacts/📘️en1998/⚙️engine/🦀️component.rs:735:26
    |
735 |     pub fn new(snapshot: crate::artifacts::en1998::En1998Snapshot) -> Self {
    |                          ^^^^^^^^^^^^^^^^^^^^^^^^^^^^^^^^^^^^^^^^
    |
help: remove the unnecessary path segments
    |
735 -     pub fn new(snapshot: crate::artifacts::en1998::En1998Snapshot) -> Self {
735 +     pub fn new(snapshot: En1998Snapshot) -> Self {
    |

warning: unnecessary qualification
   --> ✏️s/🔌️plugins/📕️norm/📦️packages/🦀️rust/././../../🗿️artifacts/📘️en1998/⚙️engine/🦀️component.rs:740:35
    |
740 |     pub fn into_snapshot(self) -> crate::artifacts::en1998::En1998Snapshot {
    |                                   ^^^^^^^^^^^^^^^^^^^^^^^^^^^^^^^^^^^^^^^^
    |
help: remove the unnecessary path segments
    |
740 -     pub fn into_snapshot(self) -> crate::artifacts::en1998::En1998Snapshot {
740 +     pub fn into_snapshot(self) -> En1998Snapshot {
    |

warning: unnecessary qualification
   --> ✏️s/🔌️plugins/📕️norm/📦️packages/🦀️rust/././../../🗿️artifacts/📘️en1998/⚙️engine/🦀️component.rs:747:21
    |
747 |     type Snapshot = crate::artifacts::en1998::En1998Snapshot;
    |                     ^^^^^^^^^^^^^^^^^^^^^^^^^^^^^^^^^^^^^^^^
    |
help: remove the unnecessary path segments
    |
747 -     type Snapshot = crate::artifacts::en1998::En1998Snapshot;
747 +     type Snapshot = En1998Snapshot;
    |

warning: unused import: `crate::document::AnnexChoice`
 --> ✏️s/🔌️plugins/📕️norm/📦️packages/🦀️rust/././../../🗿️artifacts/📘️en1999/🧬️schema/🦀️component.rs:3:5
  |
3 | use crate::document::AnnexChoice;
  |     ^^^^^^^^^^^^^^^^^^^^^^^^^^^^

warning: unnecessary qualification
  --> ✏️s/🔌️plugins/📕️norm/📦️packages/🦀️rust/././../../🗿️artifacts/📘️en1999/🧬️schema/🦀️component.rs:52:23
   |
52 |     fn from(snapshot: crate::artifacts::en1999::En1999Snapshot) -> Self {
   |                       ^^^^^^^^^^^^^^^^^^^^^^^^^^^^^^^^^^^^^^^^
   |
help: remove the unnecessary path segments
   |
52 -     fn from(snapshot: crate::artifacts::en1999::En1999Snapshot) -> Self {
52 +     fn from(snapshot: En1999Snapshot) -> Self {
   |

warning: unnecessary qualification
  --> ✏️s/🔌️plugins/📕️norm/📦️packages/🦀️rust/././../../🗿️artifacts/📘️en1999/🧬️schema/🦀️component.rs:58:34
   |
58 |     pub fn to_snapshot(&self) -> crate::artifacts::en1999::En1999Snapshot {
   |                                  ^^^^^^^^^^^^^^^^^^^^^^^^^^^^^^^^^^^^^^^^
   |
help: remove the unnecessary path segments
   |
58 -     pub fn to_snapshot(&self) -> crate::artifacts::en1999::En1999Snapshot {
58 +     pub fn to_snapshot(&self) -> En1999Snapshot {
   |

warning: unnecessary qualification
  --> ✏️s/🔌️plugins/📕️norm/📦️packages/🦀️rust/././../../🗿️artifacts/📘️en1999/🧬️schema/🦀️component.rs:59:9
   |
59 |         crate::artifacts::en1999::En1999Snapshot {
   |         ^^^^^^^^^^^^^^^^^^^^^^^^^^^^^^^^^^^^^^^^
   |
help: remove the unnecessary path segments
   |
59 -         crate::artifacts::en1999::En1999Snapshot {
59 +         En1999Snapshot {
   |

warning: unnecessary qualification
  --> ✏️s/🔌️plugins/📕️norm/📦️packages/🦀️rust/././../../🗿️artifacts/📘️en1999/🧬️schema/🦀️component.rs:89:36
   |
89 |     pub fn from_snapshot(snapshot: crate::artifacts::en1999::En1999Snapshot) -> Self {
   |                                    ^^^^^^^^^^^^^^^^^^^^^^^^^^^^^^^^^^^^^^^^
   |
help: remove the unnecessary path segments
   |
89 -     pub fn from_snapshot(snapshot: crate::artifacts::en1999::En1999Snapshot) -> Self {
89 +     pub fn from_snapshot(snapshot: En1999Snapshot) -> Self {
   |

warning: unnecessary qualification
   --> ✏️s/🔌️plugins/📕️norm/📦️packages/🦀️rust/././../../🗿️artifacts/📘️en1999/🧬️schema/🦀️component.rs:121:46
    |
121 |     pub fn set_snapshot(&mut self, snapshot: crate::artifacts::en1999::En1999Snapshot) {
    |                                              ^^^^^^^^^^^^^^^^^^^^^^^^^^^^^^^^^^^^^^^^
    |
help: remove the unnecessary path segments
    |
121 -     pub fn set_snapshot(&mut self, snapshot: crate::artifacts::en1999::En1999Snapshot) {
121 +     pub fn set_snapshot(&mut self, snapshot: En1999Snapshot) {
    |

warning: unnecessary qualification
  --> ✏️s/🔌️plugins/📕️norm/📦️packages/🦀️rust/./././../../🗿️artifacts/📘️en1999/📸️snapshot/🧬️schema/🦀️component.rs:65:16
   |
65 |     pub annex: crate::document::AnnexChoice,
   |                ^^^^^^^^^^^^^^^^^^^^^^^^^^^^
   |
help: remove the unnecessary path segments
   |
65 -     pub annex: crate::document::AnnexChoice,
65 +     pub annex: AnnexChoice,
   |

warning: unused import: `crate::artifacts::en1999::schema::En1999Artifact as EnArtifact`
 --> ✏️s/🔌️plugins/📕️norm/📦️packages/🦀️rust/./././../../🗿️artifacts/📘️en1999/🔺️diff/🧬️schema/🦀️component.rs:3:5
  |
3 | use crate::artifacts::en1999::schema::En1999Artifact as EnArtifact;
  |     ^^^^^^^^^^^^^^^^^^^^^^^^^^^^^^^^^^^^^^^^^^^^^^^^^^^^^^^^^^^^^^

warning: unused import: `crate::artifacts::en1999::En1999Snapshot`
 --> ✏️s/🔌️plugins/📕️norm/📦️packages/🦀️rust/./././../../🗿️artifacts/📘️en1999/🔺️diff/🧬️schema/🦀️component.rs:4:5
  |
4 | use crate::artifacts::en1999::En1999Snapshot;
  |     ^^^^^^^^^^^^^^^^^^^^^^^^^^^^^^^^^^^^^^^^

warning: unused import: `crate::artifacts::en1999::En1999Snapshot`
  --> ✏️s/🔌️plugins/📕️norm/📦️packages/🦀️rust/././../../🗿️artifacts/📘️en1999/🔧️op/🦀️component.rs:17:5
   |
17 | use crate::artifacts::en1999::En1999Snapshot;
   |     ^^^^^^^^^^^^^^^^^^^^^^^^^^^^^^^^^^^^^^^^

warning: unused import: `crate::artifacts::en1999::mutations::En1999Mutation`
 --> ✏️s/🔌️plugins/📕️norm/📦️packages/🦀️rust/././../../🗿️artifacts/📘️en1999/⚙️engine/🦀️component.rs:4:5
  |
4 | use crate::artifacts::en1999::mutations::En1999Mutation;
  |     ^^^^^^^^^^^^^^^^^^^^^^^^^^^^^^^^^^^^^^^^^^^^^^^^^^^

warning: unnecessary qualification
   --> ✏️s/🔌️plugins/📕️norm/📦️packages/🦀️rust/././../../🗿️artifacts/📘️en1999/⚙️engine/🦀️component.rs:407:21
    |
407 |     type Document = crate::artifacts::en1999::En1999Snapshot;
    |                     ^^^^^^^^^^^^^^^^^^^^^^^^^^^^^^^^^^^^^^^^
    |
help: remove the unnecessary path segments
    |
407 -     type Document = crate::artifacts::en1999::En1999Snapshot;
407 +     type Document = En1999Snapshot;
    |

warning: unnecessary qualification
   --> ✏️s/🔌️plugins/📕️norm/📦️packages/🦀️rust/././../../🗿️artifacts/📘️en1999/⚙️engine/🦀️component.rs:414:47
    |
414 |     fn evaluate(document: &Self::Document) -> crate::document::CheckReport {
    |                                               ^^^^^^^^^^^^^^^^^^^^^^^^^^^^
    |
help: remove the unnecessary path segments
    |
414 -     fn evaluate(document: &Self::Document) -> crate::document::CheckReport {
414 +     fn evaluate(document: &Self::Document) -> CheckReport {
    |

warning: unnecessary qualification
   --> ✏️s/🔌️plugins/📕️norm/📦️packages/🦀️rust/././../../🗿️artifacts/📘️en1999/⚙️engine/🦀️component.rs:424:15
    |
424 |     snapshot: crate::artifacts::en1999::En1999Snapshot,
    |               ^^^^^^^^^^^^^^^^^^^^^^^^^^^^^^^^^^^^^^^^
    |
help: remove the unnecessary path segments
    |
424 -     snapshot: crate::artifacts::en1999::En1999Snapshot,
424 +     snapshot: En1999Snapshot,
    |

warning: unnecessary qualification
   --> ✏️s/🔌️plugins/📕️norm/📦️packages/🦀️rust/././../../🗿️artifacts/📘️en1999/⚙️engine/🦀️component.rs:428:26
    |
428 |     pub fn new(snapshot: crate::artifacts::en1999::En1999Snapshot) -> Self {
    |                          ^^^^^^^^^^^^^^^^^^^^^^^^^^^^^^^^^^^^^^^^
    |
help: remove the unnecessary path segments
    |
428 -     pub fn new(snapshot: crate::artifacts::en1999::En1999Snapshot) -> Self {
428 +     pub fn new(snapshot: En1999Snapshot) -> Self {
    |

warning: unnecessary qualification
   --> ✏️s/🔌️plugins/📕️norm/📦️packages/🦀️rust/././../../🗿️artifacts/📘️en1999/⚙️engine/🦀️component.rs:433:35
    |
433 |     pub fn into_snapshot(self) -> crate::artifacts::en1999::En1999Snapshot {
    |                                   ^^^^^^^^^^^^^^^^^^^^^^^^^^^^^^^^^^^^^^^^
    |
help: remove the unnecessary path segments
    |
433 -     pub fn into_snapshot(self) -> crate::artifacts::en1999::En1999Snapshot {
433 +     pub fn into_snapshot(self) -> En1999Snapshot {
    |

warning: unnecessary qualification
   --> ✏️s/🔌️plugins/📕️norm/📦️packages/🦀️rust/././../../🗿️artifacts/📘️en1999/⚙️engine/🦀️component.rs:440:21
    |
440 |     type Snapshot = crate::artifacts::en1999::En1999Snapshot;
    |                     ^^^^^^^^^^^^^^^^^^^^^^^^^^^^^^^^^^^^^^^^
    |
help: remove the unnecessary path segments
    |
440 -     type Snapshot = crate::artifacts::en1999::En1999Snapshot;
440 +     type Snapshot = En1999Snapshot;
    |

warning: unused import: `crate::artifacts::iso16757::Iso16757Snapshot`
  --> ✏️s/🔌️plugins/📕️norm/📦️packages/🦀️rust/././../../🗿️artifacts/📓️iso16757/🔧️op/🦀️component.rs:20:5
   |
20 | use crate::artifacts::iso16757::Iso16757Snapshot;
   |     ^^^^^^^^^^^^^^^^^^^^^^^^^^^^^^^^^^^^^^^^^^^^

warning: unused import: `crate::artifacts::iso16757::mutations::Iso16757Mutation`
 --> ✏️s/🔌️plugins/📕️norm/📦️packages/🦀️rust/././../../🗿️artifacts/📓️iso16757/⚙️engine/🦀️component.rs:4:5
  |
4 | use crate::artifacts::iso16757::mutations::Iso16757Mutation;
  |     ^^^^^^^^^^^^^^^^^^^^^^^^^^^^^^^^^^^^^^^^^^^^^^^^^^^^^^^

warning: unnecessary qualification
   --> ✏️s/🔌️plugins/📕️norm/📦️packages/🦀️rust/././../../🗿️artifacts/📓️iso16757/⚙️engine/🦀️component.rs:646:15
    |
646 |     snapshot: crate::artifacts::iso16757::Iso16757Snapshot,
    |               ^^^^^^^^^^^^^^^^^^^^^^^^^^^^^^^^^^^^^^^^^^^^
    |
help: remove the unnecessary path segments
    |
646 -     snapshot: crate::artifacts::iso16757::Iso16757Snapshot,
646 +     snapshot: Iso16757Snapshot,
    |

warning: unnecessary qualification
   --> ✏️s/🔌️plugins/📕️norm/📦️packages/🦀️rust/././../../🗿️artifacts/📓️iso16757/⚙️engine/🦀️component.rs:650:26
    |
650 |     pub fn new(snapshot: crate::artifacts::iso16757::Iso16757Snapshot) -> Self {
    |                          ^^^^^^^^^^^^^^^^^^^^^^^^^^^^^^^^^^^^^^^^^^^^
    |
help: remove the unnecessary path segments
    |
650 -     pub fn new(snapshot: crate::artifacts::iso16757::Iso16757Snapshot) -> Self {
650 +     pub fn new(snapshot: Iso16757Snapshot) -> Self {
    |

warning: unnecessary qualification
   --> ✏️s/🔌️plugins/📕️norm/📦️packages/🦀️rust/././../../🗿️artifacts/📓️iso16757/⚙️engine/🦀️component.rs:655:35
    |
655 |     pub fn into_snapshot(self) -> crate::artifacts::iso16757::Iso16757Snapshot {
    |                                   ^^^^^^^^^^^^^^^^^^^^^^^^^^^^^^^^^^^^^^^^^^^^
    |
help: remove the unnecessary path segments
    |
655 -     pub fn into_snapshot(self) -> crate::artifacts::iso16757::Iso16757Snapshot {
655 +     pub fn into_snapshot(self) -> Iso16757Snapshot {
    |

warning: unnecessary qualification
   --> ✏️s/🔌️plugins/📕️norm/📦️packages/🦀️rust/././../../🗿️artifacts/📓️iso16757/⚙️engine/🦀️component.rs:662:21
    |
662 |     type Snapshot = crate::artifacts::iso16757::Iso16757Snapshot;
    |                     ^^^^^^^^^^^^^^^^^^^^^^^^^^^^^^^^^^^^^^^^^^^^
    |
help: remove the unnecessary path segments
    |
662 -     type Snapshot = crate::artifacts::iso16757::Iso16757Snapshot;
662 +     type Snapshot = Iso16757Snapshot;
    |

warning: unnecessary qualification
    --> ✏️s/🔌️plugins/📕️norm/📦️packages/🦀️rust/././../../🗿️artifacts/📓️iso16757/⚙️engine/🦀️component.rs:1202:5
     |
1202 |     crate::dsl::register_language(crate::dsl::LanguageSpec {
     |     ^^^^^^^^^^^^^^^^^^^^^^^^^^^^^
     |
help: remove the unnecessary path segments
     |
1202 -     crate::dsl::register_language(crate::dsl::LanguageSpec {
1202 +     dsl::register_language(crate::dsl::LanguageSpec {
     |

warning: unnecessary qualification
    --> ✏️s/🔌️plugins/📕️norm/📦️packages/🦀️rust/././../../🗿️artifacts/📓️iso16757/⚙️engine/🦀️component.rs:1202:35
     |
1202 |     crate::dsl::register_language(crate::dsl::LanguageSpec {
     |                                   ^^^^^^^^^^^^^^^^^^^^^^^^
     |
help: remove the unnecessary path segments
     |
1202 -     crate::dsl::register_language(crate::dsl::LanguageSpec {
1202 +     crate::dsl::register_language(dsl::LanguageSpec {
     |

warning: unnecessary qualification
    --> ✏️s/🔌️plugins/📕️norm/📦️packages/🦀️rust/././../../🗿️artifacts/📓️iso16757/⚙️engine/🦀️component.rs:1205:15
     |
1205 |         role: crate::dsl::LanguageRole::Document,
     |               ^^^^^^^^^^^^^^^^^^^^^^^^^^^^^^^^^^
     |
help: remove the unnecessary path segments
     |
1205 -         role: crate::dsl::LanguageRole::Document,
1205 +         role: dsl::LanguageRole::Document,
     |

warning: unnecessary qualification
    --> ✏️s/🔌️plugins/📕️norm/📦️packages/🦀️rust/././../../🗿️artifacts/📓️iso16757/⚙️engine/🦀️component.rs:1210:16
     |
1210 |         hooks: crate::dsl::passthrough_hooks("iso16757.document"),
     |                ^^^^^^^^^^^^^^^^^^^^^^^^^^^^^
     |
help: remove the unnecessary path segments
     |
1210 -         hooks: crate::dsl::passthrough_hooks("iso16757.document"),
1210 +         hooks: dsl::passthrough_hooks("iso16757.document"),
     |

warning: unnecessary qualification
    --> ✏️s/🔌️plugins/📕️norm/📦️packages/🦀️rust/././../../🗿️artifacts/📓️iso16757/⚙️engine/🦀️component.rs:1212:5
     |
1212 |     crate::dsl::register_language(crate::dsl::LanguageSpec {
     |     ^^^^^^^^^^^^^^^^^^^^^^^^^^^^^
     |
help: remove the unnecessary path segments
     |
1212 -     crate::dsl::register_language(crate::dsl::LanguageSpec {
1212 +     dsl::register_language(crate::dsl::LanguageSpec {
     |

warning: unnecessary qualification
    --> ✏️s/🔌️plugins/📕️norm/📦️packages/🦀️rust/././../../🗿️artifacts/📓️iso16757/⚙️engine/🦀️component.rs:1212:35
     |
1212 |     crate::dsl::register_language(crate::dsl::LanguageSpec {
     |                                   ^^^^^^^^^^^^^^^^^^^^^^^^
     |
help: remove the unnecessary path segments
     |
1212 -     crate::dsl::register_language(crate::dsl::LanguageSpec {
1212 +     crate::dsl::register_language(dsl::LanguageSpec {
     |

warning: unnecessary qualification
    --> ✏️s/🔌️plugins/📕️norm/📦️packages/🦀️rust/././../../🗿️artifacts/📓️iso16757/⚙️engine/🦀️component.rs:1215:15
     |
1215 |         role: crate::dsl::LanguageRole::Ops,
     |               ^^^^^^^^^^^^^^^^^^^^^^^^^^^^^
     |
help: remove the unnecessary path segments
     |
1215 -         role: crate::dsl::LanguageRole::Ops,
1215 +         role: dsl::LanguageRole::Ops,
     |

warning: unnecessary qualification
    --> ✏️s/🔌️plugins/📕️norm/📦️packages/🦀️rust/././../../🗿️artifacts/📓️iso16757/⚙️engine/🦀️component.rs:1220:16
     |
1220 |         hooks: crate::dsl::passthrough_hooks("iso16757.op"),
     |                ^^^^^^^^^^^^^^^^^^^^^^^^^^^^^
     |
help: remove the unnecessary path segments
     |
1220 -         hooks: crate::dsl::passthrough_hooks("iso16757.op"),
1220 +         hooks: dsl::passthrough_hooks("iso16757.op"),
     |

warning: unnecessary qualification
    --> ✏️s/🔌️plugins/📕️norm/📦️packages/🦀️rust/././../../🗿️artifacts/📓️iso16757/⚙️engine/🦀️component.rs:1222:5
     |
1222 |     crate::dsl::register_language(crate::dsl::LanguageSpec {
     |     ^^^^^^^^^^^^^^^^^^^^^^^^^^^^^
     |
help: remove the unnecessary path segments
     |
1222 -     crate::dsl::register_language(crate::dsl::LanguageSpec {
1222 +     dsl::register_language(crate::dsl::LanguageSpec {
     |

warning: unnecessary qualification
    --> ✏️s/🔌️plugins/📕️norm/📦️packages/🦀️rust/././../../🗿️artifacts/📓️iso16757/⚙️engine/🦀️component.rs:1222:35
     |
1222 |     crate::dsl::register_language(crate::dsl::LanguageSpec {
     |                                   ^^^^^^^^^^^^^^^^^^^^^^^^
     |
help: remove the unnecessary path segments
     |
1222 -     crate::dsl::register_language(crate::dsl::LanguageSpec {
1222 +     crate::dsl::register_language(dsl::LanguageSpec {
     |

warning: unnecessary qualification
    --> ✏️s/🔌️plugins/📕️norm/📦️packages/🦀️rust/././../../🗿️artifacts/📓️iso16757/⚙️engine/🦀️component.rs:1225:15
     |
1225 |         role: crate::dsl::LanguageRole::Diff,
     |               ^^^^^^^^^^^^^^^^^^^^^^^^^^^^^^
     |
help: remove the unnecessary path segments
     |
1225 -         role: crate::dsl::LanguageRole::Diff,
1225 +         role: dsl::LanguageRole::Diff,
     |

warning: unnecessary qualification
    --> ✏️s/🔌️plugins/📕️norm/📦️packages/🦀️rust/././../../🗿️artifacts/📓️iso16757/⚙️engine/🦀️component.rs:1230:16
     |
1230 |         hooks: crate::dsl::passthrough_hooks("iso16757.diff"),
     |                ^^^^^^^^^^^^^^^^^^^^^^^^^^^^^
     |
help: remove the unnecessary path segments
     |
1230 -         hooks: crate::dsl::passthrough_hooks("iso16757.diff"),
1230 +         hooks: dsl::passthrough_hooks("iso16757.diff"),
     |

warning: unnecessary qualification
    --> ✏️s/🔌️plugins/📕️norm/📦️packages/🦀️rust/././../../🗿️artifacts/📓️iso16757/⚙️engine/🦀️component.rs:1232:5
     |
1232 |     crate::dsl::register_language(crate::dsl::LanguageSpec {
     |     ^^^^^^^^^^^^^^^^^^^^^^^^^^^^^
     |
help: remove the unnecessary path segments
     |
1232 -     crate::dsl::register_language(crate::dsl::LanguageSpec {
1232 +     dsl::register_language(crate::dsl::LanguageSpec {
     |

warning: unnecessary qualification
    --> ✏️s/🔌️plugins/📕️norm/📦️packages/🦀️rust/././../../🗿️artifacts/📓️iso16757/⚙️engine/🦀️component.rs:1232:35
     |
1232 |     crate::dsl::register_language(crate::dsl::LanguageSpec {
     |                                   ^^^^^^^^^^^^^^^^^^^^^^^^
     |
help: remove the unnecessary path segments
     |
1232 -     crate::dsl::register_language(crate::dsl::LanguageSpec {
1232 +     crate::dsl::register_language(dsl::LanguageSpec {
     |

warning: unnecessary qualification
    --> ✏️s/🔌️plugins/📕️norm/📦️packages/🦀️rust/././../../🗿️artifacts/📓️iso16757/⚙️engine/🦀️component.rs:1235:15
     |
1235 |         role: crate::dsl::LanguageRole::Pack,
     |               ^^^^^^^^^^^^^^^^^^^^^^^^^^^^^^
     |
help: remove the unnecessary path segments
     |
1235 -         role: crate::dsl::LanguageRole::Pack,
1235 +         role: dsl::LanguageRole::Pack,
     |

warning: unnecessary qualification
    --> ✏️s/🔌️plugins/📕️norm/📦️packages/🦀️rust/././../../🗿️artifacts/📓️iso16757/⚙️engine/🦀️component.rs:1240:16
     |
1240 |         hooks: crate::dsl::passthrough_hooks("iso16757.pack"),
     |                ^^^^^^^^^^^^^^^^^^^^^^^^^^^^^
     |
help: remove the unnecessary path segments
     |
1240 -         hooks: crate::dsl::passthrough_hooks("iso16757.pack"),
1240 +         hooks: dsl::passthrough_hooks("iso16757.pack"),
     |

warning: unnecessary qualification
    --> ✏️s/🔌️plugins/📕️norm/📦️packages/🦀️rust/././../../🗿️artifacts/📓️iso16757/⚙️engine/🦀️component.rs:1242:5
     |
1242 |     crate::dsl::register_language(crate::dsl::LanguageSpec {
     |     ^^^^^^^^^^^^^^^^^^^^^^^^^^^^^
     |
help: remove the unnecessary path segments
     |
1242 -     crate::dsl::register_language(crate::dsl::LanguageSpec {
1242 +     dsl::register_language(crate::dsl::LanguageSpec {
     |

warning: unnecessary qualification
    --> ✏️s/🔌️plugins/📕️norm/📦️packages/🦀️rust/././../../🗿️artifacts/📓️iso16757/⚙️engine/🦀️component.rs:1242:35
     |
1242 |     crate::dsl::register_language(crate::dsl::LanguageSpec {
     |                                   ^^^^^^^^^^^^^^^^^^^^^^^^
     |
help: remove the unnecessary path segments
     |
1242 -     crate::dsl::register_language(crate::dsl::LanguageSpec {
1242 +     crate::dsl::register_language(dsl::LanguageSpec {
     |

warning: unnecessary qualification
    --> ✏️s/🔌️plugins/📕️norm/📦️packages/🦀️rust/././../../🗿️artifacts/📓️iso16757/⚙️engine/🦀️component.rs:1245:15
     |
1245 |         role: crate::dsl::LanguageRole::Spr,
     |               ^^^^^^^^^^^^^^^^^^^^^^^^^^^^^
     |
help: remove the unnecessary path segments
     |
1245 -         role: crate::dsl::LanguageRole::Spr,
1245 +         role: dsl::LanguageRole::Spr,
     |

warning: unnecessary qualification
    --> ✏️s/🔌️plugins/📕️norm/📦️packages/🦀️rust/././../../🗿️artifacts/📓️iso16757/⚙️engine/🦀️component.rs:1250:16
     |
1250 |         hooks: crate::dsl::passthrough_hooks("iso16757.spr"),
     |                ^^^^^^^^^^^^^^^^^^^^^^^^^^^^^
     |
help: remove the unnecessary path segments
     |
1250 -         hooks: crate::dsl::passthrough_hooks("iso16757.spr"),
1250 +         hooks: dsl::passthrough_hooks("iso16757.spr"),
     |

warning: unused import: `crate::artifacts::vdi3805::Vdi3805Snapshot`
  --> ✏️s/🔌️plugins/📕️norm/📦️packages/🦀️rust/././../../🗿️artifacts/📔️vdi3805/🔧️op/🦀️component.rs:20:5
   |
20 | use crate::artifacts::vdi3805::Vdi3805Snapshot;
   |     ^^^^^^^^^^^^^^^^^^^^^^^^^^^^^^^^^^^^^^^^^^

warning: unnecessary qualification
   --> ✏️s/🔌️plugins/📕️norm/📦️packages/🦀️rust/././../../🗿️artifacts/📔️vdi3805/⚙️engine/🦀️component.rs:600:15
    |
600 |     artifact: crate::artifacts::vdi3805::schema::Vdi3805Artifact,
    |               ^^^^^^^^^^^^^^^^^^^^^^^^^^^^^^^^^^^^^^^^^^^^^^^^^^
    |
help: remove the unnecessary path segments
    |
600 -     artifact: crate::artifacts::vdi3805::schema::Vdi3805Artifact,
600 +     artifact: schema::Vdi3805Artifact,
    |

warning: unnecessary qualification
   --> ✏️s/🔌️plugins/📕️norm/📦️packages/🦀️rust/././../../🗿️artifacts/📔️vdi3805/⚙️engine/🦀️component.rs:601:15
    |
601 |     snapshot: crate::artifacts::vdi3805::Vdi3805Snapshot,
    |               ^^^^^^^^^^^^^^^^^^^^^^^^^^^^^^^^^^^^^^^^^^
    |
help: remove the unnecessary path segments
    |
601 -     snapshot: crate::artifacts::vdi3805::Vdi3805Snapshot,
601 +     snapshot: Vdi3805Snapshot,
    |

warning: unnecessary qualification
   --> ✏️s/🔌️plugins/📕️norm/📦️packages/🦀️rust/././../../🗿️artifacts/📔️vdi3805/⚙️engine/🦀️component.rs:605:26
    |
605 |     pub fn new(snapshot: crate::artifacts::vdi3805::Vdi3805Snapshot) -> Self {
    |                          ^^^^^^^^^^^^^^^^^^^^^^^^^^^^^^^^^^^^^^^^^^
    |
help: remove the unnecessary path segments
    |
605 -     pub fn new(snapshot: crate::artifacts::vdi3805::Vdi3805Snapshot) -> Self {
605 +     pub fn new(snapshot: Vdi3805Snapshot) -> Self {
    |

warning: unnecessary qualification
   --> ✏️s/🔌️plugins/📕️norm/📦️packages/🦀️rust/././../../🗿️artifacts/📔️vdi3805/⚙️engine/🦀️component.rs:606:24
    |
606 |         let artifact = crate::artifacts::vdi3805::schema::Vdi3805Artifact::from_snapshot(snapshot.clone());
    |                        ^^^^^^^^^^^^^^^^^^^^^^^^^^^^^^^^^^^^^^^^^^^^^^^^^^^^^^^^^^^^^^^^^
    |
help: remove the unnecessary path segments
    |
606 -         let artifact = crate::artifacts::vdi3805::schema::Vdi3805Artifact::from_snapshot(snapshot.clone());
606 +         let artifact = schema::Vdi3805Artifact::from_snapshot(snapshot.clone());
    |

warning: unnecessary qualification
   --> ✏️s/🔌️plugins/📕️norm/📦️packages/🦀️rust/././../../🗿️artifacts/📔️vdi3805/⚙️engine/🦀️component.rs:610:35
    |
610 |     pub fn into_snapshot(self) -> crate::artifacts::vdi3805::Vdi3805Snapshot {
    |                                   ^^^^^^^^^^^^^^^^^^^^^^^^^^^^^^^^^^^^^^^^^^
    |
help: remove the unnecessary path segments
    |
610 -     pub fn into_snapshot(self) -> crate::artifacts::vdi3805::Vdi3805Snapshot {
610 +     pub fn into_snapshot(self) -> Vdi3805Snapshot {
    |

warning: unnecessary qualification
   --> ✏️s/🔌️plugins/📕️norm/📦️packages/🦀️rust/././../../🗿️artifacts/📔️vdi3805/⚙️engine/🦀️component.rs:616:21
    |
616 |     type Artifact = crate::artifacts::vdi3805::schema::Vdi3805Artifact;
    |                     ^^^^^^^^^^^^^^^^^^^^^^^^^^^^^^^^^^^^^^^^^^^^^^^^^^
    |
help: remove the unnecessary path segments
    |
616 -     type Artifact = crate::artifacts::vdi3805::schema::Vdi3805Artifact;
616 +     type Artifact = schema::Vdi3805Artifact;
    |

warning: unnecessary qualification
   --> ✏️s/🔌️plugins/📕️norm/📦️packages/🦀️rust/././../../🗿️artifacts/📔️vdi3805/⚙️engine/🦀️component.rs:617:21
    |
617 |     type Snapshot = crate::artifacts::vdi3805::Vdi3805Snapshot;
    |                     ^^^^^^^^^^^^^^^^^^^^^^^^^^^^^^^^^^^^^^^^^^
    |
help: remove the unnecessary path segments
    |
617 -     type Snapshot = crate::artifacts::vdi3805::Vdi3805Snapshot;
617 +     type Snapshot = Vdi3805Snapshot;
    |

warning: unnecessary qualification
   --> ✏️s/🔌️plugins/📕️norm/📦️packages/🦀️rust/././../../🗿️artifacts/📔️vdi3805/⚙️engine/🦀️component.rs:618:21
    |
618 |     type Mutation = crate::artifacts::vdi3805::mutations::Vdi3805Mutation;
    |                     ^^^^^^^^^^^^^^^^^^^^^^^^^^^^^^^^^^^^^^^^^^^^^^^^^^^^^
    |
help: remove the unnecessary path segments
    |
618 -     type Mutation = crate::artifacts::vdi3805::mutations::Vdi3805Mutation;
618 +     type Mutation = Vdi3805Mutation;
    |

warning: unnecessary qualification
   --> ✏️s/🔌️plugins/📕️norm/📦️packages/🦀️rust/././../../🗿️artifacts/📔️vdi3805/⚙️engine/🦀️component.rs:619:17
    |
619 |     type Diff = crate::artifacts::vdi3805::diff::Vdi3805Diff;
    |                 ^^^^^^^^^^^^^^^^^^^^^^^^^^^^^^^^^^^^^^^^^^^^
    |
help: remove the unnecessary path segments
    |
619 -     type Diff = crate::artifacts::vdi3805::diff::Vdi3805Diff;
619 +     type Diff = diff::Vdi3805Diff;
    |

warning: unnecessary qualification
   --> ✏️s/🔌️plugins/📕️norm/📦️packages/🦀️rust/././../../🗿️artifacts/📔️vdi3805/⚙️engine/🦀️component.rs:847:23
    |
847 |         grammar: Some(crate::artifacts::vdi3805::dsl::COMPONENT_GRAMMAR_SEMIO),
    |                       ^^^^^^^^^^^^^^^^^^^^^^^^^^^^^^^^^^^^^^^^^^^^^^^^^^^^^^^
    |
help: remove the unnecessary path segments
    |
847 -         grammar: Some(crate::artifacts::vdi3805::dsl::COMPONENT_GRAMMAR_SEMIO),
847 +         grammar: Some(dsl::COMPONENT_GRAMMAR_SEMIO),
    |

warning: unnecessary qualification
   --> ✏️s/🔌️plugins/📕️norm/📦️packages/🦀️rust/././../../🗿️artifacts/📔️vdi3805/⚙️engine/🦀️component.rs:848:28
    |
848 |         grammar_path: Some(crate::artifacts::vdi3805::dsl::COMPONENT_GRAMMAR_PATH),
    |                            ^^^^^^^^^^^^^^^^^^^^^^^^^^^^^^^^^^^^^^^^^^^^^^^^^^^^^^
    |
help: remove the unnecessary path segments
    |
848 -         grammar_path: Some(crate::artifacts::vdi3805::dsl::COMPONENT_GRAMMAR_PATH),
848 +         grammar_path: Some(dsl::COMPONENT_GRAMMAR_PATH),
    |

warning: unnecessary qualification
   --> ✏️s/🔌️plugins/📕️norm/📦️packages/🦀️rust/././../../🗿️artifacts/📔️vdi3805/⚙️engine/🦀️component.rs:849:24
    |
849 |         protocol: Some(crate::artifacts::vdi3805::snapshot::pack::COMPONENT_PROTOCOL_SEMIO),
    |                        ^^^^^^^^^^^^^^^^^^^^^^^^^^^^^^^^^^^^^^^^^^^^^^^^^^^^^^^^^^^^^^^^^^^
    |
help: remove the unnecessary path segments
    |
849 -         protocol: Some(crate::artifacts::vdi3805::snapshot::pack::COMPONENT_PROTOCOL_SEMIO),
849 +         protocol: Some(snapshot::pack::COMPONENT_PROTOCOL_SEMIO),
    |

warning: unnecessary qualification
   --> ✏️s/🔌️plugins/📕️norm/📦️packages/🦀️rust/././../../🗿️artifacts/📔️vdi3805/⚙️engine/🦀️component.rs:850:29
    |
850 |         protocol_path: Some(crate::artifacts::vdi3805::snapshot::pack::COMPONENT_PROTOCOL_PATH),
    |                             ^^^^^^^^^^^^^^^^^^^^^^^^^^^^^^^^^^^^^^^^^^^^^^^^^^^^^^^^^^^^^^^^^^
    |
help: remove the unnecessary path segments
    |
850 -         protocol_path: Some(crate::artifacts::vdi3805::snapshot::pack::COMPONENT_PROTOCOL_PATH),
850 +         protocol_path: Some(snapshot::pack::COMPONENT_PROTOCOL_PATH),
    |

warning: unnecessary qualification
   --> ✏️s/🔌️plugins/📕️norm/📦️packages/🦀️rust/././../../🗿️artifacts/📔️vdi3805/⚙️engine/🦀️component.rs:857:23
    |
857 |         grammar: Some(crate::artifacts::vdi3805::op::COMPONENT_GRAMMAR_SEMIO),
    |                       ^^^^^^^^^^^^^^^^^^^^^^^^^^^^^^^^^^^^^^^^^^^^^^^^^^^^^^
    |
help: remove the unnecessary path segments
    |
857 -         grammar: Some(crate::artifacts::vdi3805::op::COMPONENT_GRAMMAR_SEMIO),
857 +         grammar: Some(op::COMPONENT_GRAMMAR_SEMIO),
    |

warning: unnecessary qualification
   --> ✏️s/🔌️plugins/📕️norm/📦️packages/🦀️rust/././../../🗿️artifacts/📔️vdi3805/⚙️engine/🦀️component.rs:858:28
    |
858 |         grammar_path: Some(crate::artifacts::vdi3805::op::COMPONENT_GRAMMAR_PATH),
    |                            ^^^^^^^^^^^^^^^^^^^^^^^^^^^^^^^^^^^^^^^^^^^^^^^^^^^^^
    |
help: remove the unnecessary path segments
    |
858 -         grammar_path: Some(crate::artifacts::vdi3805::op::COMPONENT_GRAMMAR_PATH),
858 +         grammar_path: Some(op::COMPONENT_GRAMMAR_PATH),
    |

warning: unnecessary qualification
   --> ✏️s/🔌️plugins/📕️norm/📦️packages/🦀️rust/././../../🗿️artifacts/📔️vdi3805/⚙️engine/🦀️component.rs:859:24
    |
859 |         protocol: Some(crate::artifacts::vdi3805::spr::COMPONENT_PROTOCOL_SEMIO),
    |                        ^^^^^^^^^^^^^^^^^^^^^^^^^^^^^^^^^^^^^^^^^^^^^^^^^^^^^^^^
    |
help: remove the unnecessary path segments
    |
859 -         protocol: Some(crate::artifacts::vdi3805::spr::COMPONENT_PROTOCOL_SEMIO),
859 +         protocol: Some(spr::COMPONENT_PROTOCOL_SEMIO),
    |

warning: unnecessary qualification
   --> ✏️s/🔌️plugins/📕️norm/📦️packages/🦀️rust/././../../🗿️artifacts/📔️vdi3805/⚙️engine/🦀️component.rs:860:29
    |
860 |         protocol_path: Some(crate::artifacts::vdi3805::spr::COMPONENT_PROTOCOL_PATH),
    |                             ^^^^^^^^^^^^^^^^^^^^^^^^^^^^^^^^^^^^^^^^^^^^^^^^^^^^^^^
    |
help: remove the unnecessary path segments
    |
860 -         protocol_path: Some(crate::artifacts::vdi3805::spr::COMPONENT_PROTOCOL_PATH),
860 +         protocol_path: Some(spr::COMPONENT_PROTOCOL_PATH),
    |

warning: unnecessary qualification
   --> ✏️s/🔌️plugins/📕️norm/📦️packages/🦀️rust/././../../🗿️artifacts/📔️vdi3805/⚙️engine/🦀️component.rs:867:23
    |
867 |         grammar: Some(crate::artifacts::vdi3805::diff::COMPONENT_GRAMMAR_SEMIO),
    |                       ^^^^^^^^^^^^^^^^^^^^^^^^^^^^^^^^^^^^^^^^^^^^^^^^^^^^^^^^
    |
help: remove the unnecessary path segments
    |
867 -         grammar: Some(crate::artifacts::vdi3805::diff::COMPONENT_GRAMMAR_SEMIO),
867 +         grammar: Some(diff::COMPONENT_GRAMMAR_SEMIO),
    |

warning: unnecessary qualification
   --> ✏️s/🔌️plugins/📕️norm/📦️packages/🦀️rust/././../../🗿️artifacts/📔️vdi3805/⚙️engine/🦀️component.rs:868:28
    |
868 |         grammar_path: Some(crate::artifacts::vdi3805::diff::COMPONENT_GRAMMAR_PATH),
    |                            ^^^^^^^^^^^^^^^^^^^^^^^^^^^^^^^^^^^^^^^^^^^^^^^^^^^^^^^
    |
help: remove the unnecessary path segments
    |
868 -         grammar_path: Some(crate::artifacts::vdi3805::diff::COMPONENT_GRAMMAR_PATH),
868 +         grammar_path: Some(diff::COMPONENT_GRAMMAR_PATH),
    |

warning: unnecessary qualification
   --> ✏️s/🔌️plugins/📕️norm/📦️packages/🦀️rust/././../../🗿️artifacts/📔️vdi3805/⚙️engine/🦀️component.rs:879:24
    |
879 |         protocol: Some(crate::artifacts::vdi3805::snapshot::pack::COMPONENT_PROTOCOL_SEMIO),
    |                        ^^^^^^^^^^^^^^^^^^^^^^^^^^^^^^^^^^^^^^^^^^^^^^^^^^^^^^^^^^^^^^^^^^^
    |
help: remove the unnecessary path segments
    |
879 -         protocol: Some(crate::artifacts::vdi3805::snapshot::pack::COMPONENT_PROTOCOL_SEMIO),
879 +         protocol: Some(snapshot::pack::COMPONENT_PROTOCOL_SEMIO),
    |

warning: unnecessary qualification
   --> ✏️s/🔌️plugins/📕️norm/📦️packages/🦀️rust/././../../🗿️artifacts/📔️vdi3805/⚙️engine/🦀️component.rs:880:29
    |
880 |         protocol_path: Some(crate::artifacts::vdi3805::snapshot::pack::COMPONENT_PROTOCOL_PATH),
    |                             ^^^^^^^^^^^^^^^^^^^^^^^^^^^^^^^^^^^^^^^^^^^^^^^^^^^^^^^^^^^^^^^^^^
    |
help: remove the unnecessary path segments
    |
880 -         protocol_path: Some(crate::artifacts::vdi3805::snapshot::pack::COMPONENT_PROTOCOL_PATH),
880 +         protocol_path: Some(snapshot::pack::COMPONENT_PROTOCOL_PATH),
    |

warning: unnecessary qualification
   --> ✏️s/🔌️plugins/📕️norm/📦️packages/🦀️rust/././../../🗿️artifacts/📔️vdi3805/⚙️engine/🦀️component.rs:889:24
    |
889 |         protocol: Some(crate::artifacts::vdi3805::spr::COMPONENT_PROTOCOL_SEMIO),
    |                        ^^^^^^^^^^^^^^^^^^^^^^^^^^^^^^^^^^^^^^^^^^^^^^^^^^^^^^^^
    |
help: remove the unnecessary path segments
    |
889 -         protocol: Some(crate::artifacts::vdi3805::spr::COMPONENT_PROTOCOL_SEMIO),
889 +         protocol: Some(spr::COMPONENT_PROTOCOL_SEMIO),
    |

warning: unnecessary qualification
   --> ✏️s/🔌️plugins/📕️norm/📦️packages/🦀️rust/././../../🗿️artifacts/📔️vdi3805/⚙️engine/🦀️component.rs:890:29
    |
890 |         protocol_path: Some(crate::artifacts::vdi3805::spr::COMPONENT_PROTOCOL_PATH),
    |                             ^^^^^^^^^^^^^^^^^^^^^^^^^^^^^^^^^^^^^^^^^^^^^^^^^^^^^^^
    |
help: remove the unnecessary path segments
    |
890 -         protocol_path: Some(crate::artifacts::vdi3805::spr::COMPONENT_PROTOCOL_PATH),
890 +         protocol_path: Some(spr::COMPONENT_PROTOCOL_PATH),
    |

warning: unnecessary qualification
   --> ✏️s/🔌️plugins/📕️norm/📦️packages/🦀️rust/././../../🗿️artifacts/📔️vdi3805/⚙️engine/🦀️component.rs:907:19
    |
907 |         .register(crate::artifacts::vdi3805::schema::vdi3805_artifact_schema_descriptor());
    |                   ^^^^^^^^^^^^^^^^^^^^^^^^^^^^^^^^^^^^^^^^^^^^^^^^^^^^^^^^^^^^^^^^^^^^^
    |
help: remove the unnecessary path segments
    |
907 -         .register(crate::artifacts::vdi3805::schema::vdi3805_artifact_schema_descriptor());
907 +         .register(schema::vdi3805_artifact_schema_descriptor());
    |

warning: `semio-s-plugin-norm` (lib) generated 189 warnings (run `cargo fix --lib -p semio-s-plugin-norm` to apply 189 suggestions)
    Finished `dev` profile [unoptimized] target(s) in 3.83s
