E0432	✏️s/🔌️plugins/📜️imperative/📦️packages/🦀️rust/././././././././../../🗿️artifacts/📜️imperative/🏅️standards/🔖️1/🪆️subsets/✳️any/🧬️schema/🧬️mutations/🦀️component.rs	91	unresolved imports `protocol::testkit::assert_mutation_diff_absorb_law`, `protocol::testkit::assert_mutation_inverse_law`
E0425	✏️s/🔌️plugins/📜️imperative/📦️packages/🦀️rust/././././././././../../🗿️artifacts/📜️imperative/🏅️standards/🔖️1/🪆️subsets/✳️any/🧬️schema/🧬️mutations/🦀️component.rs	115	cannot find function `assert_missing_target_is_error` in module `protocol::testkit`
E0425	✏️s/🔌️plugins/📜️imperative/📦️packages/🦀️rust/././././././././../../🗿️artifacts/📜️imperative/🏅️standards/🔖️1/🪆️subsets/✳️any/🧬️schema/🧬️mutations/🦀️component.rs	127	cannot find function `assert_missing_target_is_error` in module `protocol::testkit`
E0425	✏️s/🔌️plugins/📜️imperative/📦️packages/🦀️rust/././././././././../../🗿️artifacts/📜️imperative/🏅️standards/🔖️1/🪆️subsets/✳️any/🧬️schema/🧬️mutations/🦀️component.rs	140	cannot find function `assert_missing_target_is_error` in module `protocol::testkit`
E0425	✏️s/🔌️plugins/📜️imperative/📦️packages/🦀️rust/././././././././../../🗿️artifacts/📜️imperative/🏅️standards/🔖️1/🪆️subsets/✳️any/🧬️schema/🧬️mutations/🦀️component.rs	147	cannot find function `assert_fatal_never_applies` in module `protocol::testkit`
E0425	✏️s/🔌️plugins/📜️imperative/📦️packages/🦀️rust/././../../🗿️artifacts/📜️imperative/🏅️standards/🔖️1/🪆️subsets/✳️any/✏️editor/🦀️component.rs	305	cannot find type `App` in this scope
E0422	✏️s/🔌️plugins/📜️imperative/📦️packages/🦀️rust/././../../🗿️artifacts/📜️imperative/🏅️standards/🔖️1/🪆️subsets/✳️any/✏️editor/🦀️component.rs	306	cannot find struct, variant or union type `App` in this scope
E0271	✏️s/🔌️plugins/📜️imperative/📦️packages/🦀️rust/././../../🗿️artifacts/📜️imperative/🏅️standards/🔖️1/🪆️subsets/✳️any/✏️editor/🦀️component.rs	186	expected `impl Future<Output = UiNode>` to be a future that resolves to `ComponentTree`, but it resolves to `UiNode`
E0271	✏️s/🔌️plugins/📜️imperative/📦️packages/🦀️rust/././../../🗿️artifacts/📜️imperative/🏅️standards/🔖️1/🪆️subsets/✳️any/👁️viewer/🦀️component.rs	76	expected `impl Future<Output = UiNode>` to be a future that resolves to `ComponentTree`, but it resolves to `UiNode`
E0277	✏️s/🔌️plugins/📜️imperative/📦️packages/🦀️rust/././././../../🗿️artifacts/📜️imperative/🏅️standards/🔖️1/🪆️subsets/✳️any/📚️examples/🎬️demo/🦀️component.rs	12	the trait bound `LocalizedLabel: From<impl Future<Output = LocalizedLabel>>` is not satisfied
E0277	✏️s/🔌️plugins/📜️imperative/📦️packages/🦀️rust/././../../🗿️artifacts/📜️imperative/🦀️component.rs	328	the `?` operator can only be applied to values that implement `Try`
E0308	✏️s/🔌️plugins/📜️imperative/📦️packages/🦀️rust/././../../🗿️artifacts/📜️imperative/🦀️component.rs	329	mismatched types
E0271	✏️s/🔌️plugins/📜️imperative/📦️packages/🦀️rust/././../../🗿️artifacts/📜️imperative/🦀️component.rs	330	type mismatch resolving `<[...; 1] as IntoIterator>::Item == ArtifactInferenceDescriptor`
E0609	✏️s/🔌️plugins/📜️imperative/📦️packages/🦀️rust/./././././../../🗿️artifacts/📜️imperative/🏅️standards/🔖️1/🪆️subsets/✳️any/👁️viewer/🎭️modes/👁️view/🪟️windows/📋️main/🦀️component.rs	30	no field `path` on type `impl Future<Output = ImperativeWorkingScene>`
E0308	✏️s/🔌️plugins/📜️imperative/📦️packages/🦀️rust/./././././../../🗿️artifacts/📜️imperative/🏅️standards/🔖️1/🪆️subsets/✳️any/👁️viewer/🎭️modes/👁️view/🪟️windows/📋️main/🦀️component.rs	32	mismatched types
E0609	✏️s/🔌️plugins/📜️imperative/📦️packages/🦀️rust/./././././../../🗿️artifacts/📜️imperative/🏅️standards/🔖️1/🪆️subsets/✳️any/👁️viewer/🎭️modes/👁️view/🪟️windows/📝️script/🦀️component.rs	27	no field `path` on type `impl Future<Output = ImperativeWorkingScene>`
E0308	✏️s/🔌️plugins/📜️imperative/📦️packages/🦀️rust/./././././../../🗿️artifacts/📜️imperative/🏅️standards/🔖️1/🪆️subsets/✳️any/👁️viewer/🎭️modes/👁️view/🪟️windows/📝️script/🦀️component.rs	28	mismatched types
E0308	✏️s/🔌️plugins/📜️imperative/📦️packages/🦀️rust/././../../🗿️artifacts/📜️imperative/🦀️component.rs	331	mismatched types
E0308	✏️s/🔌️plugins/📜️imperative/📦️packages/🦀️rust/././../../🗿️artifacts/📜️imperative/🏅️standards/🔖️1/🪆️subsets/✳️any/👁️viewer/🦀️component.rs	78	mismatched types
E0609	✏️s/🔌️plugins/📜️imperative/📦️packages/🦀️rust/./././../../🗿️artifacts/📜️imperative/🏅️standards/🔖️1/🪆️subsets/✳️any/✏️editor/📌️panels/🔍️inspection/🦀️component.rs	34	no field `path` on type `impl Future<Output = ImperativeWorkingScene>`
E0308	✏️s/🔌️plugins/📜️imperative/📦️packages/🦀️rust/././../../🗿️artifacts/📜️imperative/🦀️component.rs	332	mismatched types
E0609	✏️s/🔌️plugins/📜️imperative/📦️packages/🦀️rust/./././../../🗿️artifacts/📜️imperative/🏅️standards/🔖️1/🪆️subsets/✳️any/✏️editor/📌️panels/📄️artifact/🦀️component.rs	43	no field `path` on type `impl Future<Output = ImperativeWorkingScene>`
E0308	✏️s/🔌️plugins/📜️imperative/📦️packages/🦀️rust/././../../🗿️artifacts/📜️imperative/🏅️standards/🔖️1/🪆️subsets/✳️any/👁️viewer/🦀️component.rs	59	mismatched types
E0277	✏️s/🔌️plugins/📜️imperative/📦️packages/🦀️rust/./././../../🗿️artifacts/📜️imperative/🏅️standards/🔖️1/🪆️subsets/✳️any/✏️editor/📌️panels/📄️artifact/🦀️component.rs	44	the trait bound `std::string::String: From<impl Future<Output = std::string::String>>` is not satisfied
E0308	✏️s/🔌️plugins/📜️imperative/📦️packages/🦀️rust/./././../../🗿️artifacts/📜️imperative/🏅️standards/🔖️1/🪆️subsets/✳️any/✏️editor/🎮️commands/🔧️set-step-params-at/🦀️component.rs	38	mismatched types
E0609	✏️s/🔌️plugins/📜️imperative/📦️packages/🦀️rust/./././././../../🗿️artifacts/📜️imperative/🏅️standards/🔖️1/🪆️subsets/✳️any/✏️editor/🎭️modes/✏️edit/🪟️windows/📋️main/🦀️component.rs	62	no field `path` on type `impl Future<Output = ImperativeWorkingScene>`
E0609	✏️s/🔌️plugins/📜️imperative/📦️packages/🦀️rust/././../../🗿️artifacts/📜️imperative/🏅️standards/🔖️1/🪆️subsets/✳️any/✏️editor/⚙️engine/🦀️component.rs	107	no field `path` on type `impl Future<Output = ImperativeWorkingScene>`
E0609	✏️s/🔌️plugins/📜️imperative/📦️packages/🦀️rust/././../../🗿️artifacts/📜️imperative/🏅️standards/🔖️1/🪆️subsets/✳️any/✏️editor/⚙️engine/🦀️component.rs	107	no field `seed` on type `impl Future<Output = ImperativeWorkingScene>`
E0277	✏️s/🔌️plugins/📜️imperative/📦️packages/🦀️rust/./././../../🗿️artifacts/📜️imperative/🏅️standards/🔖️1/🪆️subsets/✳️any/✏️editor/📌️panels/📄️artifact/🦀️component.rs	44	the trait bound `semio_framework_plugin::plugin_app_close_prelude::Label: From<semio_framework_plugin::Label>` is not satisfied
E0308	✏️s/🔌️plugins/📜️imperative/📦️packages/🦀️rust/./././././../../🗿️artifacts/📜️imperative/🏅️standards/🔖️1/🪆️subsets/✳️any/✏️editor/🎭️modes/✏️edit/🪟️windows/📋️main/🦀️component.rs	65	mismatched types
E0308	✏️s/🔌️plugins/📜️imperative/📦️packages/🦀️rust/././../../🗿️artifacts/📜️imperative/🏅️standards/🔖️1/🪆️subsets/✳️any/✏️editor/⚙️engine/🦀️component.rs	107	mismatched types
E0308	✏️s/🔌️plugins/📜️imperative/📦️packages/🦀️rust/./././../../🗿️artifacts/📜️imperative/🏅️standards/🔖️1/🪆️subsets/✳️any/✏️editor/🎮️commands/🔧️set-step-params/🦀️component.rs	75	mismatched types
E0277	✏️s/🔌️plugins/📜️imperative/📦️packages/🦀️rust/./././../../🗿️artifacts/📜️imperative/🏅️standards/🔖️1/🪆️subsets/✳️any/✏️editor/📌️panels/📄️artifact/🦀️component.rs	44	the trait bound `std::string::String: From<impl Future<Output = std::string::String>>` is not satisfied
E0277	✏️s/🔌️plugins/📜️imperative/📦️packages/🦀️rust/./././././../../🗿️artifacts/📜️imperative/🏅️standards/🔖️1/🪆️subsets/✳️any/✏️editor/🎭️modes/✏️edit/🪟️windows/📋️main/🦀️component.rs	66	`impl Future<Output = Vec<editor::imperative::modes::edit::windows::main::TableRow>>` is not an iterator
E0609	✏️s/🔌️plugins/📜️imperative/📦️packages/🦀️rust/./././../../🗿️artifacts/📜️imperative/🏅️standards/🔖️1/🪆️subsets/✳️any/✏️editor/🎮️commands/🔧️set-step-params-at/🦀️component.rs	27	no field `path` on type `impl Future<Output = ImperativeWorkingScene>`
E0277	✏️s/🔌️plugins/📜️imperative/📦️packages/🦀️rust/./././../../🗿️artifacts/📜️imperative/🏅️standards/🔖️1/🪆️subsets/✳️any/✏️editor/📌️panels/📄️artifact/🦀️component.rs	44	the trait bound `semio_framework_plugin::plugin_app_close_prelude::Label: From<semio_framework_plugin::Label>` is not satisfied
E0599	✏️s/🔌️plugins/📜️imperative/📦️packages/🦀️rust/../../🦀️component.rs	35	no method named `map_err` found for opaque type `impl Future<Output = Result<ArtifactDeclaration, ...>>` in the current scope
E0308	✏️s/🔌️plugins/📜️imperative/📦️packages/🦀️rust/./././../../🗿️artifacts/📜️imperative/🏅️standards/🔖️1/🪆️subsets/✳️any/✏️editor/🎮️commands/🔧️set-step-params/🦀️component.rs	76	mismatched types
E0599	✏️s/🔌️plugins/📜️imperative/📦️packages/🦀️rust/./././././../../🗿️artifacts/📜️imperative/🏅️standards/🔖️1/🪆️subsets/✳️any/✏️editor/🎭️modes/✏️edit/🪟️windows/📝️script/🦀️component.rs	37	no method named `compile_text` found for opaque type `impl Future<Output = editor::imperative::engine::ImperativeHost>` in the current scope
E0308	✏️s/🔌️plugins/📜️imperative/📦️packages/🦀️rust/../../🦀️component.rs	36	mismatched types
E0308	✏️s/🔌️plugins/📜️imperative/📦️packages/🦀️rust/./././../../🗿️artifacts/📜️imperative/🏅️standards/🔖️1/🪆️subsets/✳️any/✏️editor/🎮️commands/🔧️set-step-params/🦀️component.rs	76	mismatched types
E0599	✏️s/🔌️plugins/📜️imperative/📦️packages/🦀️rust/./././../../🗿️artifacts/📜️imperative/🏅️standards/🔖️1/🪆️subsets/✳️any/✏️editor/🎮️commands/🔧️set-step-params-at/🦀️component.rs	38	no method named `iter` found for opaque type `impl Future<Output = Vec<semio_s_imperative::Step>>` in the current scope
E0609	✏️s/🔌️plugins/📜️imperative/📦️packages/🦀️rust/./././../../🗿️artifacts/📜️imperative/🏅️standards/🔖️1/🪆️subsets/✳️any/✏️editor/🎮️commands/🔧️set-step-params-at/🦀️component.rs	17	no field `path` on type `impl Future<Output = ImperativeWorkingScene>`
E0609	✏️s/🔌️plugins/📜️imperative/📦️packages/🦀️rust/./././../../🗿️artifacts/📜️imperative/🏅️standards/🔖️1/🪆️subsets/✳️any/✏️editor/🎮️commands/🔧️set-step-params/🦀️component.rs	17	no field `path` on type `impl Future<Output = ImperativeWorkingScene>`
E0308	✏️s/🔌️plugins/📜️imperative/📦️packages/🦀️rust/./././../../🗿️artifacts/📜️imperative/🏅️standards/🔖️1/🪆️subsets/✳️any/✏️editor/🎮️commands/🔧️set-step-params-at/🦀️component.rs	77	mismatched types
E0609	✏️s/🔌️plugins/📜️imperative/📦️packages/🦀️rust/./././../../🗿️artifacts/📜️imperative/🏅️standards/🔖️1/🪆️subsets/✳️any/✏️editor/🎮️commands/🔧️set-step-params/🦀️component.rs	27	no field `path` on type `impl Future<Output = ImperativeWorkingScene>`
E0308	✏️s/🔌️plugins/📜️imperative/📦️packages/🦀️rust/./././../../🗿️artifacts/📜️imperative/🏅️standards/🔖️1/🪆️subsets/✳️any/✏️editor/🎮️commands/🔧️set-step-params/🦀️component.rs	38	mismatched types
E0308	✏️s/🔌️plugins/📜️imperative/📦️packages/🦀️rust/././../../🗿️artifacts/📜️imperative/🏅️standards/🔖️1/🪆️subsets/✳️any/👁️viewer/🦀️component.rs	91	mismatched types
E0308	✏️s/🔌️plugins/📜️imperative/📦️packages/🦀️rust/../../🦀️component.rs	38	mismatched types
E0308	✏️s/🔌️plugins/📜️imperative/📦️packages/🦀️rust/./././../../🗿️artifacts/📜️imperative/🏅️standards/🔖️1/🪆️subsets/✳️any/✏️editor/🎮️commands/🔧️set-step-params-at/🦀️component.rs	79	arguments to this function are incorrect
E0609	✏️s/🔌️plugins/📜️imperative/📦️packages/🦀️rust/../../🦀️component.rs	40	no field `id` on type `impl Future<Output = ArtifactKindSpec>`
E0277	✏️s/🔌️plugins/📜️imperative/📦️packages/🦀️rust/./../../🗿️artifacts/📜️imperative/🏅️standards/🔖️1/🪆️subsets/✳️any/✏️editor/📚️examples/🎬️demo-session/🦀️component.rs	12	the trait bound `LocalizedLabel: From<impl Future<Output = LocalizedLabel>>` is not satisfied
E0308	✏️s/🔌️plugins/📜️imperative/📦️packages/🦀️rust/./././../../🗿️artifacts/📜️imperative/🏅️standards/🔖️1/🪆️subsets/✳️any/✏️editor/🎮️commands/🔧️set-step-params-at/🦀️component.rs	79	mismatched types
E0609	✏️s/🔌️plugins/📜️imperative/📦️packages/🦀️rust/./././../../🗿️artifacts/📜️imperative/🏅️standards/🔖️1/🪆️subsets/✳️any/✏️editor/🎮️commands/🔧️remove-step-at/🦀️component.rs	25	no field `path` on type `impl Future<Output = ImperativeWorkingScene>`
E0308	✏️s/🔌️plugins/📜️imperative/📦️packages/🦀️rust/./././././../../🗿️artifacts/📜️imperative/🏅️standards/🔖️1/🪆️subsets/✳️any/✏️editor/🎭️modes/✏️edit/🪟️windows/📋️main/🦀️component.rs	67	mismatched types
E0308	✏️s/🔌️plugins/📜️imperative/📦️packages/🦀️rust/./././../../🗿️artifacts/📜️imperative/🏅️standards/🔖️1/🪆️subsets/✳️any/✏️editor/🎮️commands/🔧️remove-step-at/🦀️component.rs	36	mismatched types
E0308	✏️s/🔌️plugins/📜️imperative/📦️packages/🦀️rust/./././././../../🗿️artifacts/📜️imperative/🏅️standards/🔖️1/🪆️subsets/✳️any/✏️editor/🎭️modes/✏️edit/🪟️windows/📋️main/🦀️component.rs	67	mismatched types
E0599	✏️s/🔌️plugins/📜️imperative/📦️packages/🦀️rust/./././../../🗿️artifacts/📜️imperative/🏅️standards/🔖️1/🪆️subsets/✳️any/✏️editor/📌️panels/🛍️catalogue/🦀️component.rs	29	no method named `item_id` found for opaque type `impl Future<Output = PanelTreeBuilder>` in the current scope
E0277	✏️s/🔌️plugins/📜️imperative/📦️packages/🦀️rust/./././../../🗿️artifacts/📜️imperative/🏅️standards/🔖️1/🪆️subsets/✳️any/✏️editor/📌️panels/🛍️catalogue/🦀️component.rs	29	the trait bound `semio_framework_plugin::plugin_app_close_prelude::Label: From<LabelText>` is not satisfied
E0277	✏️s/🔌️plugins/📜️imperative/📦️packages/🦀️rust/./././././../../🗿️artifacts/📜️imperative/🏅️standards/🔖️1/🪆️subsets/✳️any/✏️editor/🎭️modes/✏️edit/🪟️windows/📋️main/🦀️component.rs	80	the trait bound `std::string::String: From<impl Future<Output = std::string::String>>` is not satisfied
E0308	✏️s/🔌️plugins/📜️imperative/📦️packages/🦀️rust/././../../🗿️artifacts/📜️imperative/🏅️standards/🔖️1/🪆️subsets/✳️any/👁️viewer/🦀️component.rs	93	mismatched types
E0599	✏️s/🔌️plugins/📜️imperative/📦️packages/🦀️rust/./././../../🗿️artifacts/📜️imperative/🏅️standards/🔖️1/🪆️subsets/✳️any/✏️editor/📌️panels/📄️artifact/🦀️component.rs	45	no method named `section_or_placeholder` found for opaque type `impl Future<Output = PanelTreeBuilder>` in the current scope
E0308	✏️s/🔌️plugins/📜️imperative/📦️packages/🦀️rust/./././../../🗿️artifacts/📜️imperative/🏅️standards/🔖️1/🪆️subsets/✳️any/✏️editor/🎮️commands/🔧️remove-step/🦀️component.rs	36	mismatched types
E0308	✏️s/🔌️plugins/📜️imperative/📦️packages/🦀️rust/./././../../🗿️artifacts/📜️imperative/🏅️standards/🔖️1/🪆️subsets/✳️any/✏️editor/📌️panels/🛍️catalogue/🦀️component.rs	29	mismatched types
E0308	✏️s/🔌️plugins/📜️imperative/📦️packages/🦀️rust/./././../../🗿️artifacts/📜️imperative/🏅️standards/🔖️1/🪆️subsets/✳️any/✏️editor/🎮️commands/🔧️move-step-at/🦀️component.rs	75	mismatched types
E0308	✏️s/🔌️plugins/📜️imperative/📦️packages/🦀️rust/./././../../🗿️artifacts/📜️imperative/🏅️standards/🔖️1/🪆️subsets/✳️any/✏️editor/🎮️commands/🔧️move-step-at/🦀️component.rs	77	mismatched types
E0308	✏️s/🔌️plugins/📜️imperative/📦️packages/🦀️rust/././../../🗿️artifacts/📜️imperative/🏅️standards/🔖️1/🪆️subsets/✳️any/👁️viewer/🦀️component.rs	94	mismatched types
E0308	✏️s/🔌️plugins/📜️imperative/📦️packages/🦀️rust/./././../../🗿️artifacts/📜️imperative/🏅️standards/🔖️1/🪆️subsets/✳️any/✏️editor/🎮️commands/🔧️move-step-at/🦀️component.rs	77	mismatched types
E0609	✏️s/🔌️plugins/📜️imperative/📦️packages/🦀️rust/./././../../🗿️artifacts/📜️imperative/🏅️standards/🔖️1/🪆️subsets/✳️any/✏️editor/🎮️commands/🔧️remove-step/🦀️component.rs	15	no field `path` on type `impl Future<Output = ImperativeWorkingScene>`
E0609	✏️s/🔌️plugins/📜️imperative/📦️packages/🦀️rust/./././../../🗿️artifacts/📜️imperative/🏅️standards/🔖️1/🪆️subsets/✳️any/✏️editor/🎮️commands/🔧️remove-step/🦀️component.rs	25	no field `path` on type `impl Future<Output = ImperativeWorkingScene>`
E0609	✏️s/🔌️plugins/📜️imperative/📦️packages/🦀️rust/./././../../🗿️artifacts/📜️imperative/🏅️standards/🔖️1/🪆️subsets/✳️any/✏️editor/🎮️commands/🔧️move-step-at/🦀️component.rs	15	no field `path` on type `impl Future<Output = ImperativeWorkingScene>`
E0609	✏️s/🔌️plugins/📜️imperative/📦️packages/🦀️rust/./././../../🗿️artifacts/📜️imperative/🏅️standards/🔖️1/🪆️subsets/✳️any/✏️editor/🎮️commands/🔧️move-step-at/🦀️component.rs	25	no field `path` on type `impl Future<Output = ImperativeWorkingScene>`
E0308	✏️s/🔌️plugins/📜️imperative/📦️packages/🦀️rust/./././../../🗿️artifacts/📜️imperative/🏅️standards/🔖️1/🪆️subsets/✳️any/✏️editor/🎮️commands/🔧️move-step-at/🦀️component.rs	36	mismatched types
E0599	✏️s/🔌️plugins/📜️imperative/📦️packages/🦀️rust/./././../../🗿️artifacts/📜️imperative/🏅️standards/🔖️1/🪆️subsets/✳️any/✏️editor/🎮️commands/🔧️set-step-params/🦀️component.rs	38	no method named `iter` found for opaque type `impl Future<Output = Vec<semio_s_imperative::Step>>` in the current scope
E0609	✏️s/🔌️plugins/📜️imperative/📦️packages/🦀️rust/./././../../🗿️artifacts/📜️imperative/🏅️standards/🔖️1/🪆️subsets/✳️any/✏️editor/🎮️commands/🔧️move-step/🦀️component.rs	25	no field `path` on type `impl Future<Output = ImperativeWorkingScene>`
E0308	✏️s/🔌️plugins/📜️imperative/📦️packages/🦀️rust/./././../../🗿️artifacts/📜️imperative/🏅️standards/🔖️1/🪆️subsets/✳️any/✏️editor/🎮️commands/🔧️move-step/🦀️component.rs	36	mismatched types
E0599	✏️s/🔌️plugins/📜️imperative/📦️packages/🦀️rust/./././../../🗿️artifacts/📜️imperative/🏅️standards/🔖️1/🪆️subsets/✳️any/✏️editor/🎮️commands/👁️run/🦀️component.rs	18	no method named `run` found for opaque type `impl Future<Output = editor::imperative::engine::ImperativeHost>` in the current scope
E0308	✏️s/🔌️plugins/📜️imperative/📦️packages/🦀️rust/./././../../🗿️artifacts/📜️imperative/🏅️standards/🔖️1/🪆️subsets/✳️any/✏️editor/🎮️commands/👁️run/🦀️component.rs	20	mismatched types
E0599	✏️s/🔌️plugins/📜️imperative/📦️packages/🦀️rust/./././../../🗿️artifacts/📜️imperative/🏅️standards/🔖️1/🪆️subsets/✳️any/✏️editor/🎮️commands/🔧️remove-step-at/🦀️component.rs	36	no method named `iter` found for opaque type `impl Future<Output = Vec<semio_s_imperative::Step>>` in the current scope
E0308	✏️s/🔌️plugins/📜️imperative/📦️packages/🦀️rust/././../../🗿️artifacts/📜️imperative/🏅️standards/🔖️1/🪆️subsets/✳️any/👁️viewer/🦀️component.rs	95	mismatched types
E0308	✏️s/🔌️plugins/📜️imperative/📦️packages/🦀️rust/./././../../🗿️artifacts/📜️imperative/🏅️standards/🔖️1/🪆️subsets/✳️any/✏️editor/🎮️commands/🔧️remove-step-at/🦀️component.rs	78	mismatched types
E0609	✏️s/🔌️plugins/📜️imperative/📦️packages/🦀️rust/./././../../🗿️artifacts/📜️imperative/🏅️standards/🔖️1/🪆️subsets/✳️any/✏️editor/🎮️commands/🔧️add-step-at/🦀️component.rs	32	no field `path` on type `impl Future<Output = ImperativeWorkingScene>`
E0308	✏️s/🔌️plugins/📜️imperative/📦️packages/🦀️rust/./././../../🗿️artifacts/📜️imperative/🏅️standards/🔖️1/🪆️subsets/✳️any/✏️editor/🎮️commands/🔧️remove-step-at/🦀️component.rs	80	mismatched types
E0308	✏️s/🔌️plugins/📜️imperative/📦️packages/🦀️rust/./././../../🗿️artifacts/📜️imperative/🏅️standards/🔖️1/🪆️subsets/✳️any/✏️editor/🎮️commands/🧩️set-contributions/🦀️component.rs	16	mismatched types
E0308	✏️s/🔌️plugins/📜️imperative/📦️packages/🦀️rust/./././../../🗿️artifacts/📜️imperative/🏅️standards/🔖️1/🪆️subsets/✳️any/✏️editor/🎮️commands/🔧️add-step-at/🦀️component.rs	81	mismatched types
E0308	✏️s/🔌️plugins/📜️imperative/📦️packages/🦀️rust/./././../../🗿️artifacts/📜️imperative/🏅️standards/🔖️1/🪆️subsets/✳️any/✏️editor/🎮️commands/🔧️remove-step-at/🦀️component.rs	80	mismatched types
E0308	✏️s/🔌️plugins/📜️imperative/📦️packages/🦀️rust/./././../../🗿️artifacts/📜️imperative/🏅️standards/🔖️1/🪆️subsets/✳️any/✏️editor/🎮️commands/🔧️add-step-at/🦀️component.rs	82	mismatched types
E0308	✏️s/🔌️plugins/📜️imperative/📦️packages/🦀️rust/./././../../🗿️artifacts/📜️imperative/🏅️standards/🔖️1/🪆️subsets/✳️any/✏️editor/🎮️commands/👁️set-locale/🦀️component.rs	18	mismatched types
E0308	✏️s/🔌️plugins/📜️imperative/📦️packages/🦀️rust/./././../../🗿️artifacts/📜️imperative/🏅️standards/🔖️1/🪆️subsets/✳️any/✏️editor/🎮️commands/🔧️add-step-at/🦀️component.rs	82	mismatched types
E0308	✏️s/🔌️plugins/📜️imperative/📦️packages/🦀️rust/./././../../🗿️artifacts/📜️imperative/🏅️standards/🔖️1/🪆️subsets/✳️any/✏️editor/🎮️commands/🔧️add-step/🦀️component.rs	66	mismatched types
E0609	✏️s/🔌️plugins/📜️imperative/📦️packages/🦀️rust/./././../../🗿️artifacts/📜️imperative/🏅️standards/🔖️1/🪆️subsets/✳️any/✏️editor/🎮️commands/🔧️move-step/🦀️component.rs	15	no field `path` on type `impl Future<Output = ImperativeWorkingScene>`
E0308	✏️s/🔌️plugins/📜️imperative/📦️packages/🦀️rust/././../../🗿️artifacts/📜️imperative/🏅️standards/🔖️1/🪆️subsets/✳️any/✏️editor/🗣️terminology/🦀️component.rs	33	mismatched types
E0599	✏️s/🔌️plugins/📜️imperative/📦️packages/🦀️rust/./././../../🗿️artifacts/📜️imperative/🏅️standards/🔖️1/🪆️subsets/✳️any/✏️editor/🎮️commands/🔧️remove-step/🦀️component.rs	36	no method named `iter` found for opaque type `impl Future<Output = Vec<semio_s_imperative::Step>>` in the current scope
E0308	✏️s/🔌️plugins/📜️imperative/📦️packages/🦀️rust/./././../../🗿️artifacts/📜️imperative/🏅️standards/🔖️1/🪆️subsets/✳️any/✏️editor/🎮️commands/🔧️add-step/🦀️component.rs	69	mismatched types
E0609	✏️s/🔌️plugins/📜️imperative/📦️packages/🦀️rust/./././../../🗿️artifacts/📜️imperative/🏅️standards/🔖️1/🪆️subsets/✳️any/✏️editor/🎮️commands/🔧️add-step/🦀️component.rs	23	no field `path` on type `impl Future<Output = ImperativeWorkingScene>`
E0369	✏️s/🔌️plugins/📜️imperative/📦️packages/🦀️rust/./././../../🗿️artifacts/📜️imperative/🏅️standards/🔖️1/🪆️subsets/✳️any/✏️editor/🎮️commands/🔧️add-step/🦀️component.rs	24	cannot add `{integer}` to `impl Future<Output = u64>`
E0609	✏️s/🔌️plugins/📜️imperative/📦️packages/🦀️rust/./././../../🗿️artifacts/📜️imperative/🏅️standards/🔖️1/🪆️subsets/✳️any/✏️editor/🎮️commands/🔧️add-step-at/🦀️component.rs	23	no field `path` on type `impl Future<Output = ImperativeWorkingScene>`
E0369	✏️s/🔌️plugins/📜️imperative/📦️packages/🦀️rust/./././../../🗿️artifacts/📜️imperative/🏅️standards/🔖️1/🪆️subsets/✳️any/✏️editor/🎮️commands/🔧️add-step-at/🦀️component.rs	24	cannot add `{integer}` to `impl Future<Output = u64>`
E0308	✏️s/🔌️plugins/📜️imperative/📦️packages/🦀️rust/./././../../🗿️artifacts/📜️imperative/🏅️standards/🔖️1/🪆️subsets/✳️any/✏️editor/🎮️commands/🔧️remove-step/🦀️component.rs	76	mismatched types
E0599	✏️s/🔌️plugins/📜️imperative/📦️packages/🦀️rust/./././../../🗿️artifacts/📜️imperative/🏅️standards/🔖️1/🪆️subsets/✳️any/✏️editor/🎮️commands/🔧️move-step-at/🦀️component.rs	36	no method named `iter` found for opaque type `impl Future<Output = Vec<semio_s_imperative::Step>>` in the current scope
E0308	✏️s/🔌️plugins/📜️imperative/📦️packages/🦀️rust/./././../../🗿️artifacts/📜️imperative/🏅️standards/🔖️1/🪆️subsets/✳️any/✏️editor/🎮️commands/🔧️remove-step/🦀️component.rs	77	mismatched types
E0308	✏️s/🔌️plugins/📜️imperative/📦️packages/🦀️rust/././../../🗿️artifacts/📜️imperative/🏅️standards/🔖️1/🪆️subsets/✳️any/✏️editor/⚙️engine/🦀️component.rs	182	mismatched types
E0308	✏️s/🔌️plugins/📜️imperative/📦️packages/🦀️rust/././../../🗿️artifacts/📜️imperative/🏅️standards/🔖️1/🪆️subsets/✳️any/✏️editor/⚙️engine/🦀️component.rs	183	mismatched types
E0609	✏️s/🔌️plugins/📜️imperative/📦️packages/🦀️rust/./././../../🗿️artifacts/📜️imperative/🏅️standards/🔖️1/🪆️subsets/✳️any/✏️editor/🎮️commands/🔧️remove-step-at/🦀️component.rs	15	no field `path` on type `impl Future<Output = ImperativeWorkingScene>`
E0308	✏️s/🔌️plugins/📜️imperative/📦️packages/🦀️rust/././../../🗿️artifacts/📜️imperative/🏅️standards/🔖️1/🪆️subsets/✳️any/✏️editor/⚙️engine/🦀️component.rs	159	mismatched types
E0599	✏️s/🔌️plugins/📜️imperative/📦️packages/🦀️rust/./././../../🗿️artifacts/📜️imperative/🏅️standards/🔖️1/🪆️subsets/✳️any/✏️editor/📌️panels/🛍️catalogue/🦀️component.rs	30	no method named `section` found for opaque type `impl Future<Output = PanelTreeBuilder>` in the current scope
E0599	✏️s/🔌️plugins/📜️imperative/📦️packages/🦀️rust/./././../../🗿️artifacts/📜️imperative/🏅️standards/🔖️1/🪆️subsets/✳️any/✏️editor/🎮️commands/🔧️move-step/🦀️component.rs	36	no method named `iter` found for opaque type `impl Future<Output = Vec<semio_s_imperative::Step>>` in the current scope
E0308	✏️s/🔌️plugins/📜️imperative/📦️packages/🦀️rust/././../../🗿️artifacts/📜️imperative/🏅️standards/🔖️1/🪆️subsets/✳️any/✏️editor/⚙️engine/🦀️component.rs	211	mismatched types
E0308	✏️s/🔌️plugins/📜️imperative/📦️packages/🦀️rust/././../../🗿️artifacts/📜️imperative/🏅️standards/🔖️1/🪆️subsets/✳️any/✏️editor/⚙️engine/🦀️component.rs	196	mismatched types
E0308	✏️s/🔌️plugins/📜️imperative/📦️packages/🦀️rust/././../../🗿️artifacts/📜️imperative/🏅️standards/🔖️1/🪆️subsets/✳️any/✏️editor/⚙️engine/🦀️component.rs	164	mismatched types
E0277	✏️s/🔌️plugins/📜️imperative/📦️packages/🦀️rust/./././../../🗿️artifacts/📜️imperative/🏅️standards/🔖️1/🪆️subsets/✳️any/✏️editor/🎮️commands/🔧️add-step/🦀️component.rs	19	the trait bound `impl Future<Output = u64>: Ord` is not satisfied
E0308	✏️s/🔌️plugins/📜️imperative/📦️packages/🦀️rust/./././../../🗿️artifacts/📜️imperative/🏅️standards/🔖️1/🪆️subsets/✳️any/✏️editor/🎮️commands/🔧️move-step/🦀️component.rs	73	mismatched types
E0308	✏️s/🔌️plugins/📜️imperative/📦️packages/🦀️rust/././../../🗿️artifacts/📜️imperative/🏅️standards/🔖️1/🪆️subsets/✳️any/✏️editor/⚙️engine/🦀️component.rs	165	mismatched types
E0277	✏️s/🔌️plugins/📜️imperative/📦️packages/🦀️rust/./././../../🗿️artifacts/📜️imperative/🏅️standards/🔖️1/🪆️subsets/✳️any/✏️editor/🎮️commands/🔧️add-step/🦀️component.rs	19	`{integer}` is not a future
E0277	✏️s/🔌️plugins/📜️imperative/📦️packages/🦀️rust/./././../../🗿️artifacts/📜️imperative/🏅️standards/🔖️1/🪆️subsets/✳️any/✏️editor/🎮️commands/🔧️add-step-at/🦀️component.rs	19	the trait bound `impl Future<Output = u64>: Ord` is not satisfied
E0277	✏️s/🔌️plugins/📜️imperative/📦️packages/🦀️rust/./././../../🗿️artifacts/📜️imperative/🏅️standards/🔖️1/🪆️subsets/✳️any/✏️editor/🎮️commands/🔧️add-step/🦀️component.rs	20	`u64` is not a future
E0277	✏️s/🔌️plugins/📜️imperative/📦️packages/🦀️rust/././../../🗿️artifacts/📜️imperative/🏅️standards/🔖️1/🪆️subsets/✳️any/✏️editor/⚙️engine/🦀️component.rs	201	the `?` operator can only be applied to values that implement `Try`
E0277	✏️s/🔌️plugins/📜️imperative/📦️packages/🦀️rust/./././../../🗿️artifacts/📜️imperative/🏅️standards/🔖️1/🪆️subsets/✳️any/✏️editor/🎮️commands/🔧️add-step-at/🦀️component.rs	19	`{integer}` is not a future
E0277	✏️s/🔌️plugins/📜️imperative/📦️packages/🦀️rust/./././../../🗿️artifacts/📜️imperative/🏅️standards/🔖️1/🪆️subsets/✳️any/✏️editor/🎮️commands/🔧️add-step-at/🦀️component.rs	20	`u64` is not a future
E0308	✏️s/🔌️plugins/📜️imperative/📦️packages/🦀️rust/././../../🗿️artifacts/📜️imperative/🏅️standards/🔖️1/🪆️subsets/✳️any/✏️editor/⚙️engine/🦀️component.rs	177	mismatched types
E0308	✏️s/🔌️plugins/📜️imperative/📦️packages/🦀️rust/././../../🗿️artifacts/📜️imperative/🏅️standards/🔖️1/🪆️subsets/✳️any/✏️editor/⚙️engine/🦀️component.rs	115	mismatched types
E0308	✏️s/🔌️plugins/📜️imperative/📦️packages/🦀️rust/./././../../🗿️artifacts/📜️imperative/🏅️standards/🔖️1/🪆️subsets/✳️any/✏️editor/🎚️config/🦀️component.rs	74	mismatched types
E0308	✏️s/🔌️plugins/📜️imperative/📦️packages/🦀️rust/././../../🗿️artifacts/📜️imperative/🏅️standards/🔖️1/🪆️subsets/✳️any/✏️editor/🦀️component.rs	298	mismatched types
E0308	✏️s/🔌️plugins/📜️imperative/📦️packages/🦀️rust/././../../🗿️artifacts/📜️imperative/🏅️standards/🔖️1/🪆️subsets/✳️any/✏️editor/🦀️component.rs	144	mismatched types
E0308	✏️s/🔌️plugins/📜️imperative/📦️packages/🦀️rust/././../../🗿️artifacts/📜️imperative/🏅️standards/🔖️1/🪆️subsets/✳️any/✏️editor/⚙️engine/🦀️component.rs	123	mismatched types
E0308	✏️s/🔌️plugins/📜️imperative/📦️packages/🦀️rust/./././../../🗿️artifacts/📜️imperative/🏅️standards/🔖️1/🪆️subsets/✳️any/✏️editor/🎮️commands/🔧️move-step/🦀️component.rs	74	mismatched types
E0308	✏️s/🔌️plugins/📜️imperative/📦️packages/🦀️rust/././../../🗿️artifacts/📜️imperative/🏅️standards/🔖️1/🪆️subsets/✳️any/✏️editor/🦀️component.rs	312	mismatched types
E0308	✏️s/🔌️plugins/📜️imperative/📦️packages/🦀️rust/././../../🗿️artifacts/📜️imperative/🏅️standards/🔖️1/🪆️subsets/✳️any/✏️editor/⚙️engine/🦀️component.rs	130	mismatched types
E0308	✏️s/🔌️plugins/📜️imperative/📦️packages/🦀️rust/././../../🗿️artifacts/📜️imperative/🏅️standards/🔖️1/🪆️subsets/✳️any/✏️editor/🦀️component.rs	312	mismatched types
E0308	✏️s/🔌️plugins/📜️imperative/📦️packages/🦀️rust/././../../🗿️artifacts/📜️imperative/🏅️standards/🔖️1/🪆️subsets/✳️any/✏️editor/🦀️component.rs	130	mismatched types
E0308	✏️s/🔌️plugins/📜️imperative/📦️packages/🦀️rust/././../../🗿️artifacts/📜️imperative/🏅️standards/🔖️1/🪆️subsets/✳️any/✏️editor/🦀️component.rs	155	mismatched types
E0277	✏️s/🔌️plugins/📜️imperative/📦️packages/🦀️rust/././././../../🗿️artifacts/📜️imperative/🏅️standards/🔖️1/🪆️subsets/✳️any/📚️examples/🎬️demo/🦀️component.rs	12	the trait bound `LocalizedLabel: From<impl Future<Output = LocalizedLabel>>` is not satisfied
E0609	✏️s/🔌️plugins/📜️imperative/📦️packages/🦀️rust/././../../🗿️artifacts/📜️imperative/🏅️standards/🔖️1/🪆️subsets/✳️any/✏️editor/🦀️component.rs	69	no field `path` on type `impl Future<Output = ImperativeWorkingScene>`
E0308	✏️s/🔌️plugins/📜️imperative/📦️packages/🦀️rust/././../../🗿️artifacts/📜️imperative/🏅️standards/🔖️1/🪆️subsets/✳️any/✏️editor/🦀️component.rs	134	mismatched types
E0277	✏️s/🔌️plugins/📜️imperative/📦️packages/🦀️rust/./././././././././././././../../🗿️artifacts/📜️imperative/🏅️standards/🔖️1/🪆️subsets/✳️any/🚪️io/📤️export/🧵️serializers/🗿️artifacts/🔣️json/🔖️rfc8259/✳️any/🦀️component.rs	20	the `?` operator can only be applied to values that implement `Try`
E0308	✏️s/🔌️plugins/📜️imperative/📦️packages/🦀️rust/././../../🗿️artifacts/📜️imperative/🏅️standards/🔖️1/🪆️subsets/✳️any/✏️editor/🦀️component.rs	138	mismatched types
E0277	✏️s/🔌️plugins/📜️imperative/📦️packages/🦀️rust/./././././././././././././../../🗿️artifacts/📜️imperative/🏅️standards/🔖️1/🪆️subsets/✳️any/🚪️io/📤️export/🧵️serializers/🗿️artifacts/📊️csv/🔖️rfc4180/✳️any/🦀️component.rs	20	the `?` operator can only be applied to values that implement `Try`
E0308	✏️s/🔌️plugins/📜️imperative/📦️packages/🦀️rust/././../../🗿️artifacts/📜️imperative/🏅️standards/🔖️1/🪆️subsets/✳️any/✏️editor/🦀️component.rs	163	mismatched types
E0277	✏️s/🔌️plugins/📜️imperative/📦️packages/🦀️rust/././../../🗿️artifacts/📜️imperative/🏅️standards/🔖️1/🪆️subsets/✳️any/✏️editor/⚙️engine/🦀️component.rs	151	the `?` operator can only be applied to values that implement `Try`
E0277	✏️s/🔌️plugins/📜️imperative/📦️packages/🦀️rust/./././././././././././././../../🗿️artifacts/📜️imperative/🏅️standards/🔖️1/🪆️subsets/✳️any/🚪️io/📤️export/🧵️serializers/🗿️artifacts/📝️md/🔖️commonmark/✳️any/🦀️component.rs	15	the `?` operator can only be applied to values that implement `Try`
E0308	✏️s/🔌️plugins/📜️imperative/📦️packages/🦀️rust/./././././././././././././../../🗿️artifacts/📜️imperative/🏅️standards/🔖️1/🪆️subsets/✳️any/🚪️io/📥️import/🧩️deserializers/🗿️artifacts/🔣️json/🔖️rfc8259/✳️any/🦀️component.rs	22	mismatched types
E0308	✏️s/🔌️plugins/📜️imperative/📦️packages/🦀️rust/./././././././././././././../../🗿️artifacts/📜️imperative/🏅️standards/🔖️1/🪆️subsets/✳️any/🚪️io/📥️import/🧩️deserializers/🗿️artifacts/📝️md/🔖️commonmark/✳️any/🦀️component.rs	19	mismatched types
E0277	✏️s/🔌️plugins/📜️imperative/📦️packages/🦀️rust/./././././././../../🗿️artifacts/📜️imperative/🏅️standards/🔖️1/🪆️subsets/✳️any/🚪️io/🦀️component.rs	195	the `?` operator can only be applied to values that implement `Try`
E0308	✏️s/🔌️plugins/📜️imperative/📦️packages/🦀️rust/./././././././../../🗿️artifacts/📜️imperative/🏅️standards/🔖️1/🪆️subsets/✳️any/🚪️io/🦀️component.rs	44	mismatched types
E0308	✏️s/🔌️plugins/📜️imperative/📦️packages/🦀️rust/./././././././../../🗿️artifacts/📜️imperative/🏅️standards/🔖️1/🪆️subsets/✳️any/🚪️io/🦀️component.rs	45	mismatched types
E0599	✏️s/🔌️plugins/📜️imperative/📦️packages/🦀️rust/././../../🗿️artifacts/📜️imperative/🏅️standards/🔖️1/🪆️subsets/✳️any/✏️editor/🦀️component.rs	316	no method named `expect` found for opaque type `impl Future<Output = Result<semio_framework_plugin::InvocationResult, dsl::Fault>>` in the current scope
E0609	✏️s/🔌️plugins/📜️imperative/📦️packages/🦀️rust/./././././././../../🗿️artifacts/📜️imperative/🏅️standards/🔖️1/🪆️subsets/✳️any/🚪️io/🦀️component.rs	80	no field `parts` on type `impl Future<Output = Analysis<<... as ArtifactAnalyzer>::Parts>>`
E0599	✏️s/🔌️plugins/📜️imperative/📦️packages/🦀️rust/././../../🗿️artifacts/📜️imperative/🏅️standards/🔖️1/🪆️subsets/✳️any/✏️editor/🦀️component.rs	173	no method named `run` found for opaque type `impl Future<Output = editor::imperative::engine::ImperativeHost>` in the current scope
E0609	✏️s/🔌️plugins/📜️imperative/📦️packages/🦀️rust/./././././././../../🗿️artifacts/📜️imperative/🏅️standards/🔖️1/🪆️subsets/✳️any/🚪️io/🦀️component.rs	81	no field `confidence` on type `impl Future<Output = Analysis<<... as ArtifactAnalyzer>::Parts>>`
E0599	✏️s/🔌️plugins/📜️imperative/📦️packages/🦀️rust/././../../🗿️artifacts/📜️imperative/🏅️standards/🔖️1/🪆️subsets/✳️any/✏️editor/⚙️engine/🦀️component.rs	144	no method named `expect` found for opaque type `impl Future<Output = Result<String, ImperativeCoreError>>` in the current scope
E0609	✏️s/🔌️plugins/📜️imperative/📦️packages/🦀️rust/./././././././../../🗿️artifacts/📜️imperative/🏅️standards/🔖️1/🪆️subsets/✳️any/🚪️io/🦀️component.rs	81	no field `diagnostics` on type `impl Future<Output = Analysis<<... as ArtifactAnalyzer>::Parts>>`
E0308	✏️s/🔌️plugins/📜️imperative/📦️packages/🦀️rust/./././././././../../🗿️artifacts/📜️imperative/🏅️standards/🔖️1/🪆️subsets/✳️any/🚪️io/🦀️component.rs	89	mismatched types
E0599	✏️s/🔌️plugins/📜️imperative/📦️packages/🦀️rust/././../../🗿️artifacts/📜️imperative/🏅️standards/🔖️1/🪆️subsets/✳️any/✏️editor/🦀️component.rs	63	no method named `clone` found for opaque type `impl Future<Output = std::string::String>` in the current scope
E0308	✏️s/🔌️plugins/📜️imperative/📦️packages/🦀️rust/./././././././../../🗿️artifacts/📜️imperative/🏅️standards/🔖️1/🪆️subsets/✳️any/🚪️io/🦀️component.rs	98	mismatched types
E0308	✏️s/🔌️plugins/📜️imperative/📦️packages/🦀️rust/./././././././../../🗿️artifacts/📜️imperative/🏅️standards/🔖️1/🪆️subsets/✳️any/🚪️io/🦀️component.rs	28	mismatched types
E0308	✏️s/🔌️plugins/📜️imperative/📦️packages/🦀️rust/./././././././../../🗿️artifacts/📜️imperative/🏅️standards/🔖️1/🪆️subsets/✳️any/🚪️io/🦀️component.rs	107	mismatched types
E0308	✏️s/🔌️plugins/📜️imperative/📦️packages/🦀️rust/./././././././../../🗿️artifacts/📜️imperative/🏅️standards/🔖️1/🪆️subsets/✳️any/🚪️io/🦀️component.rs	116	mismatched types
E0599	✏️s/🔌️plugins/📜️imperative/📦️packages/🦀️rust/./././././././../../🗿️artifacts/📜️imperative/🏅️standards/🔖️1/🪆️subsets/✳️any/🚪️io/🦀️component.rs	196	no method named `map_err` found for opaque type `impl Future<Output = Result<Vec<u8>, TextError>>` in the current scope
E0609	✏️s/🔌️plugins/📜️imperative/📦️packages/🦀️rust/././././././././../../🗿️artifacts/📜️imperative/🏅️standards/🔖️1/🪆️subsets/✳️any/🧬️schema/🧬️mutations/🦀️component.rs	45	no field `path` on type `impl Future<Output = ImperativeWorkingScene>`
E0308	✏️s/🔌️plugins/📜️imperative/📦️packages/🦀️rust/././././././././../../🗿️artifacts/📜️imperative/🏅️standards/🔖️1/🪆️subsets/✳️any/🧬️schema/🧬️mutations/🦀️component.rs	46	mismatched types
E0308	✏️s/🔌️plugins/📜️imperative/📦️packages/🦀️rust/./././././././../../🗿️artifacts/📜️imperative/🏅️standards/🔖️1/🪆️subsets/✳️any/🚪️io/🦀️component.rs	207	mismatched types
E0599	✏️s/🔌️plugins/📜️imperative/📦️packages/🦀️rust/./././././././././../../🗿️artifacts/📜️imperative/🏅️standards/🔖️1/🪆️subsets/✳️any/🧬️schema/🧬️mutations/🔀reorder-steps/🔺️diff/🦀️component.rs	12	no method named `iter` found for opaque type `impl Future<Output = Vec<semio_s_imperative::Step>>` in the current scope
E0599	✏️s/🔌️plugins/📜️imperative/📦️packages/🦀️rust/./././././././../../🗿️artifacts/📜️imperative/🏅️standards/🔖️1/🪆️subsets/✳️any/🚪️io/🦀️component.rs	158	no method named `map_err` found for opaque type `impl Future<Output = Result<ImperativeBuilder, TextError>>` in the current scope
E0308	✏️s/🔌️plugins/📜️imperative/📦️packages/🦀️rust/./././././././../../🗿️artifacts/📜️imperative/🏅️standards/🔖️1/🪆️subsets/✳️any/🚪️io/🦀️component.rs	208	mismatched types
E0609	✏️s/🔌️plugins/📜️imperative/📦️packages/🦀️rust/./././././././././../../🗿️artifacts/📜️imperative/🏅️standards/🔖️1/🪆️subsets/✳️any/🧬️schema/🧬️mutations/🔀reorder-steps/🔺️diff/🦀️component.rs	24	no field `path` on type `impl Future<Output = ImperativeWorkingScene>`
E0599	✏️s/🔌️plugins/📜️imperative/📦️packages/🦀️rust/././../../🗿️artifacts/📜️imperative/🏅️standards/🔖️1/🪆️subsets/✳️any/✏️editor/🦀️component.rs	65	no method named `as_str` found for opaque type `impl Future<Output = std::string::String>` in the current scope
E0308	✏️s/🔌️plugins/📜️imperative/📦️packages/🦀️rust/./././././././././../../🗿️artifacts/📜️imperative/🏅️standards/🔖️1/🪆️subsets/✳️any/🧬️schema/🧬️mutations/🔀reorder-steps/🔺️diff/🦀️component.rs	25	mismatched types
E0308	✏️s/🔌️plugins/📜️imperative/📦️packages/🦀️rust/./././././././././../../🗿️artifacts/📜️imperative/🏅️standards/🔖️1/🪆️subsets/✳️any/🧬️schema/🧬️mutations/🔀reorder-steps/🔺️diff/🦀️component.rs	36	mismatched types
E0308	✏️s/🔌️plugins/📜️imperative/📦️packages/🦀️rust/./././././././../../🗿️artifacts/📜️imperative/🏅️standards/🔖️1/🪆️subsets/✳️any/🚪️io/🦀️component.rs	209	mismatched types
E0308	🧰️framework/🛍️products/💻️os/🔨️modules/🔌️plugin/📦️packages/🦀️rust/../../🦀️component.rs	9675	mismatched types
E0609	✏️s/🔌️plugins/📜️imperative/📦️packages/🦀️rust/./././././././././../../🗿️artifacts/📜️imperative/🏅️standards/🔖️1/🪆️subsets/✳️any/🧬️schema/🧬️mutations/🌱create-step/🔺️diff/🦀️component.rs	12	no field `path` on type `impl Future<Output = ImperativeWorkingScene>`
E0599	✏️s/🔌️plugins/📜️imperative/📦️packages/🦀️rust/././../../🗿️artifacts/📜️imperative/🏅️standards/🔖️1/🪆️subsets/✳️any/✏️editor/🦀️component.rs	178	no method named `map_or` found for opaque type `impl Future<Output = std::option::Option<AppIo>>` in the current scope
E0308	✏️s/🔌️plugins/📜️imperative/📦️packages/🦀️rust/././../../🗿️artifacts/📜️imperative/🏅️standards/🔖️1/🪆️subsets/✳️any/✏️editor/🦀️component.rs	192	mismatched types
E0308	✏️s/🔌️plugins/📜️imperative/📦️packages/🦀️rust/././../../🗿️artifacts/📜️imperative/🏅️standards/🔖️1/🪆️subsets/✳️any/✏️editor/🦀️component.rs	192	mismatched types
E0599	✏️s/🔌️plugins/📜️imperative/📦️packages/🦀️rust/./././././././././../../🗿️artifacts/📜️imperative/🏅️standards/🔖️1/🪆️subsets/✳️any/🧬️schema/🧬️mutations/🔧edit-step-params/🔺️diff/🦀️component.rs	12	no method named `iter` found for opaque type `impl Future<Output = Vec<semio_s_imperative::Step>>` in the current scope
E0308	✏️s/🔌️plugins/📜️imperative/📦️packages/🦀️rust/././../../🗿️artifacts/📜️imperative/🏅️standards/🔖️1/🪆️subsets/✳️any/✏️editor/🦀️component.rs	194	mismatched types
E0609	✏️s/🔌️plugins/📜️imperative/📦️packages/🦀️rust/./././././././././../../🗿️artifacts/📜️imperative/🏅️standards/🔖️1/🪆️subsets/✳️any/🧬️schema/🧬️mutations/🔧edit-step-params/🔺️diff/🦀️component.rs	18	no field `path` on type `impl Future<Output = ImperativeWorkingScene>`
E0308	✏️s/🔌️plugins/📜️imperative/📦️packages/🦀️rust/./././././././././../../🗿️artifacts/📜️imperative/🏅️standards/🔖️1/🪆️subsets/✳️any/🧬️schema/🧬️mutations/🔧edit-step-params/🔺️diff/🦀️component.rs	19	mismatched types
E0599	✏️s/🔌️plugins/📜️imperative/📦️packages/🦀️rust/././../../🗿️artifacts/📜️imperative/🏅️standards/🔖️1/🪆️subsets/✳️any/✏️editor/🦀️component.rs	320	no method named `expect` found for opaque type `impl Future<Output = Result<semio_framework_plugin::ComponentTree, dsl::Fault>>` in the current scope
E0308	✏️s/🔌️plugins/📜️imperative/📦️packages/🦀️rust/./././././././././../../🗿️artifacts/📜️imperative/🏅️standards/🔖️1/🪆️subsets/✳️any/🧬️schema/🧬️mutations/🔧edit-step-params/🔺️diff/🦀️component.rs	24	mismatched types
E0308	✏️s/🔌️plugins/📜️imperative/📦️packages/🦀️rust/././../../🗿️artifacts/📜️imperative/🏅️standards/🔖️1/🪆️subsets/✳️any/✏️editor/🦀️component.rs	195	mismatched types
E0308	✏️s/🔌️plugins/📜️imperative/📦️packages/🦀️rust/././../../🗿️artifacts/📜️imperative/🏅️standards/🔖️1/🪆️subsets/✳️any/✏️editor/🦀️component.rs	196	mismatched types
E0271	✏️s/🔌️plugins/📜️imperative/📦️packages/🦀️rust/././../../🗿️artifacts/📜️imperative/🏅️standards/🔖️1/🪆️subsets/✳️any/✏️editor/🦀️component.rs	209	type mismatch resolving `<[impl Future<Output = ActionArgDef>; 1] as IntoIterator>::Item == ActionArgDef`
E0308	✏️s/🔌️plugins/📜️imperative/📦️packages/🦀️rust/././../../🗿️artifacts/📜️imperative/🏅️standards/🔖️1/🪆️subsets/✳️any/✏️editor/🦀️component.rs	209	mismatched types
E0599	✏️s/🔌️plugins/📜️imperative/📦️packages/🦀️rust/./././././././././../../🗿️artifacts/📜️imperative/🏅️standards/🔖️1/🪆️subsets/✳️any/🧬️schema/🧬️mutations/🌱create-step/🔺️diff/🦀️component.rs	18	no method named `iter` found for opaque type `impl Future<Output = Vec<semio_s_imperative::Step>>` in the current scope
E0609	✏️s/🔌️plugins/📜️imperative/📦️packages/🦀️rust/./././././././././../../🗿️artifacts/📜️imperative/🏅️standards/🔖️1/🪆️subsets/✳️any/🧬️schema/🧬️mutations/🌱create-step/🔺️diff/🦀️component.rs	21	no field `path` on type `impl Future<Output = ImperativeWorkingScene>`
E0308	✏️s/🔌️plugins/📜️imperative/📦️packages/🦀️rust/./././././././././../../🗿️artifacts/📜️imperative/🏅️standards/🔖️1/🪆️subsets/✳️any/🧬️schema/🧬️mutations/🌱create-step/🔺️diff/🦀️component.rs	22	mismatched types
E0308	✏️s/🔌️plugins/📜️imperative/📦️packages/🦀️rust/./././././././././../../🗿️artifacts/📜️imperative/🏅️standards/🔖️1/🪆️subsets/✳️any/🧬️schema/🧬️mutations/🌱create-step/🔺️diff/🦀️component.rs	25	mismatched types
E0308	✏️s/🔌️plugins/📜️imperative/📦️packages/🦀️rust/././../../🗿️artifacts/📜️imperative/🏅️standards/🔖️1/🪆️subsets/✳️any/✏️editor/🦀️component.rs	211	mismatched types
E0599	✏️s/🔌️plugins/📜️imperative/📦️packages/🦀️rust/./././././././././../../🗿️artifacts/📜️imperative/🏅️standards/🔖️1/🪆️subsets/✳️any/🧬️schema/🧬️mutations/🗑️delete-step/🔺️diff/🦀️component.rs	11	no method named `iter` found for opaque type `impl Future<Output = Vec<semio_s_imperative::Step>>` in the current scope
E0609	✏️s/🔌️plugins/📜️imperative/📦️packages/🦀️rust/./././././././././../../🗿️artifacts/📜️imperative/🏅️standards/🔖️1/🪆️subsets/✳️any/🧬️schema/🧬️mutations/🗑️delete-step/🔺️diff/🦀️component.rs	14	no field `path` on type `impl Future<Output = ImperativeWorkingScene>`
E0308	✏️s/🔌️plugins/📜️imperative/📦️packages/🦀️rust/./././././././././../../🗿️artifacts/📜️imperative/🏅️standards/🔖️1/🪆️subsets/✳️any/🧬️schema/🧬️mutations/🗑️delete-step/🔺️diff/🦀️component.rs	15	mismatched types
E0308	✏️s/🔌️plugins/📜️imperative/📦️packages/🦀️rust/./././././././././../../🗿️artifacts/📜️imperative/🏅️standards/🔖️1/🪆️subsets/✳️any/🧬️schema/🧬️mutations/🌱create-step/↩️inverse/🦀️component.rs	8	mismatched types
E0308	✏️s/🔌️plugins/📜️imperative/📦️packages/🦀️rust/./././././././././../../🗿️artifacts/📜️imperative/🏅️standards/🔖️1/🪆️subsets/✳️any/🧬️schema/🧬️mutations/🗑️delete-step/🔺️diff/🦀️component.rs	19	mismatched types
E0308	✏️s/🔌️plugins/📜️imperative/📦️packages/🦀️rust/././././././././../../🗿️artifacts/📜️imperative/🏅️standards/🔖️1/🪆️subsets/✳️any/🧬️schema/🧬️mutations/💾️binary/🦀️component.rs	108	mismatched types
E0599	✏️s/🔌️plugins/📜️imperative/📦️packages/🦀️rust/./././././././../../🗿️artifacts/📜️imperative/🏅️standards/🔖️1/🪆️subsets/✳️any/🚪️io/🦀️component.rs	159	no method named `map_err` found for opaque type `impl Future<Output = Result<ImperativeBuilder, PackError>>` in the current scope
E0308	✏️s/🔌️plugins/📜️imperative/📦️packages/🦀️rust/././././././././../../🗿️artifacts/📜️imperative/🏅️standards/🔖️1/🪆️subsets/✳️any/🧬️schema/🧬️mutations/💾️binary/🦀️component.rs	108	mismatched types
E0599	✏️s/🔌️plugins/📜️imperative/📦️packages/🦀️rust/././../../🗿️artifacts/📜️imperative/🏅️standards/🔖️1/🪆️subsets/✳️any/✏️editor/🦀️component.rs	415	the method `clone` exists for struct `BTreeMap<String, impl Future<Output = ValueDsl>>`, but its trait bounds were not satisfied
E0308	✏️s/🔌️plugins/📜️imperative/📦️packages/🦀️rust/././../../🗿️artifacts/📜️imperative/🏅️standards/🔖️1/🪆️subsets/✳️any/✏️editor/🦀️component.rs	213	mismatched types
E0308	✏️s/🔌️plugins/📜️imperative/📦️packages/🦀️rust/././././././././../../🗿️artifacts/📜️imperative/🏅️standards/🔖️1/🪆️subsets/✳️any/🧬️schema/🧬️mutations/💾️binary/🦀️component.rs	111	mismatched types
E0599	✏️s/🔌️plugins/📜️imperative/📦️packages/🦀️rust/./././././././././../../🗿️artifacts/📜️imperative/🏅️standards/🔖️1/🪆️subsets/✳️any/🧬️schema/🧬️mutations/🔧edit-step-params/↩️inverse/🦀️component.rs	9	no method named `iter` found for opaque type `impl Future<Output = Vec<semio_s_imperative::Step>>` in the current scope
E0308	✏️s/🔌️plugins/📜️imperative/📦️packages/🦀️rust/././../../🗿️artifacts/📜️imperative/🏅️standards/🔖️1/🪆️subsets/✳️any/✏️editor/🦀️component.rs	416	mismatched types
E0308	✏️s/🔌️plugins/📜️imperative/📦️packages/🦀️rust/./././././././././../../🗿️artifacts/📜️imperative/🏅️standards/🔖️1/🪆️subsets/✳️any/🧬️schema/🧬️mutations/🔧edit-step-params/↩️inverse/🦀️component.rs	10	mismatched types
E0599	✏️s/🔌️plugins/📜️imperative/📦️packages/🦀️rust/./././././././././../../🗿️artifacts/📜️imperative/🏅️standards/🔖️1/🪆️subsets/✳️any/🧬️schema/🧬️mutations/🔀reorder-steps/↩️inverse/🦀️component.rs	10	no method named `iter` found for opaque type `impl Future<Output = Vec<semio_s_imperative::Step>>` in the current scope
E0308	✏️s/🔌️plugins/📜️imperative/📦️packages/🦀️rust/./././././././././../../🗿️artifacts/📜️imperative/🏅️standards/🔖️1/🪆️subsets/✳️any/🧬️schema/🧬️mutations/🔀reorder-steps/↩️inverse/🦀️component.rs	11	mismatched types
E0308	✏️s/🔌️plugins/📜️imperative/📦️packages/🦀️rust/././././././././../../🗿️artifacts/📜️imperative/🏅️standards/🔖️1/🪆️subsets/✳️any/🧬️schema/🧬️mutations/💾️binary/🦀️component.rs	97	mismatched types
E0308	✏️s/🔌️plugins/📜️imperative/📦️packages/🦀️rust/././././././././../../🗿️artifacts/📜️imperative/🏅️standards/🔖️1/🪆️subsets/✳️any/🧬️schema/🧬️mutations/💾️binary/🦀️component.rs	101	mismatched types
E0308	✏️s/🔌️plugins/📜️imperative/📦️packages/🦀️rust/././././././././../../🗿️artifacts/📜️imperative/🏅️standards/🔖️1/🪆️subsets/✳️any/🧬️schema/🔺️diff/📝️text/🦀️component.rs	90	mismatched types
E0308	✏️s/🔌️plugins/📜️imperative/📦️packages/🦀️rust/././../../🗿️artifacts/📜️imperative/🏅️standards/🔖️1/🪆️subsets/✳️any/✏️editor/🦀️component.rs	215	mismatched types
E0599	✏️s/🔌️plugins/📜️imperative/📦️packages/🦀️rust/./././././././../../🗿️artifacts/📜️imperative/🏅️standards/🔖️1/🪆️subsets/✳️any/🚪️io/🦀️component.rs	171	no method named `map_err` found for opaque type `impl Future<Output = Result<ImperativeSnapshot, TextError>>` in the current scope
E0599	✏️s/🔌️plugins/📜️imperative/📦️packages/🦀️rust/./././././././././../../🗿️artifacts/📜️imperative/🏅️standards/🔖️1/🪆️subsets/✳️any/🧬️schema/🧬️mutations/🗑️delete-step/↩️inverse/🦀️component.rs	10	no method named `iter` found for opaque type `impl Future<Output = Vec<semio_s_imperative::Step>>` in the current scope
E0277	✏️s/🔌️plugins/📜️imperative/📦️packages/🦀️rust/./././././././../../🗿️artifacts/📜️imperative/🏅️standards/🔖️1/🪆️subsets/✳️any/🚪️io/🦀️component.rs	179	the `?` operator can only be applied to values that implement `Try`
E0308	✏️s/🔌️plugins/📜️imperative/📦️packages/🦀️rust/././././././././../../🗿️artifacts/📜️imperative/🏅️standards/🔖️1/🪆️subsets/✳️any/🧬️schema/💡️inferences/🦀️component.rs	92	mismatched types
E0277	✏️s/🔌️plugins/📜️imperative/📦️packages/🦀️rust/././././././././../../🗿️artifacts/📜️imperative/🏅️standards/🔖️1/🪆️subsets/✳️any/🧬️schema/📸️snapshot/📝️text/🦀️component.rs	136	a value of type `Vec<semio_s_imperative::Step>` cannot be built from an iterator over elements of type `impl Future<Output = semio_s_imperative::Step>`
E0308	✏️s/🔌️plugins/📜️imperative/📦️packages/🦀️rust/./././././././././../../🗿️artifacts/📜️imperative/🏅️standards/🔖️1/🪆️subsets/✳️any/🧬️schema/🧬️mutations/🗑️delete-step/↩️inverse/🦀️component.rs	11	mismatched types
E0308	✏️s/🔌️plugins/📜️imperative/📦️packages/🦀️rust/././././././././../../🗿️artifacts/📜️imperative/🏅️standards/🔖️1/🪆️subsets/✳️any/🧬️schema/📸️snapshot/📝️text/🦀️component.rs	54	mismatched types
E0277	✏️s/🔌️plugins/📜️imperative/📦️packages/🦀️rust/././././././././../../🗿️artifacts/📜️imperative/🏅️standards/🔖️1/🪆️subsets/✳️any/🧬️schema/📸️snapshot/🦀️component.rs	148	the `?` operator can only be applied to values that implement `Try`
E0308	✏️s/🔌️plugins/📜️imperative/📦️packages/🦀️rust/././././././././../../🗿️artifacts/📜️imperative/🏅️standards/🔖️1/🪆️subsets/✳️any/🧬️schema/📸️snapshot/📝️text/🦀️component.rs	123	mismatched types
E0277	✏️s/🔌️plugins/📜️imperative/📦️packages/🦀️rust/././././././././../../🗿️artifacts/📜️imperative/🏅️standards/🔖️1/🪆️subsets/✳️any/🧬️schema/📸️snapshot/🦀️component.rs	149	the `?` operator can only be applied to values that implement `Try`
E0277	✏️s/🔌️plugins/📜️imperative/📦️packages/🦀️rust/././././././././../../🗿️artifacts/📜️imperative/🏅️standards/🔖️1/🪆️subsets/✳️any/🧬️schema/📸️snapshot/🦀️component.rs	139	the `?` operator can only be applied to values that implement `Try`
E0277	✏️s/🔌️plugins/📜️imperative/📦️packages/🦀️rust/././././././././../../🗿️artifacts/📜️imperative/🏅️standards/🔖️1/🪆️subsets/✳️any/🧬️schema/📸️snapshot/🦀️component.rs	140	the `?` operator can only be applied to values that implement `Try`
E0308	✏️s/🔌️plugins/📜️imperative/📦️packages/🦀️rust/././././././././../../🗿️artifacts/📜️imperative/🏅️standards/🔖️1/🪆️subsets/✳️any/🧬️schema/📸️snapshot/📝️text/🦀️component.rs	76	mismatched types
E0277	✏️s/🔌️plugins/📜️imperative/📦️packages/🦀️rust/././././././././../../🗿️artifacts/📜️imperative/🏅️standards/🔖️1/🪆️subsets/✳️any/🧬️schema/📸️snapshot/📝️text/🦀️component.rs	123	a value of type `BTreeMap<std::string::String, PathDsl>` cannot be built from an iterator over elements of type `(std::string::String, impl Future<Output = PathDsl>)`
E0308	✏️s/🔌️plugins/📜️imperative/📦️packages/🦀️rust/././././././././../../🗿️artifacts/📜️imperative/🏅️standards/🔖️1/🪆️subsets/✳️any/🧬️schema/📸️snapshot/📝️text/🦀️component.rs	86	mismatched types
E0277	✏️s/🔌️plugins/📜️imperative/📦️packages/🦀️rust/././././././././../../🗿️artifacts/📜️imperative/🏅️standards/🔖️1/🪆️subsets/✳️any/🧬️schema/📸️snapshot/🦀️component.rs	126	the `?` operator can only be applied to values that implement `Try`
E0308	✏️s/🔌️plugins/📜️imperative/📦️packages/🦀️rust/././../../🗿️artifacts/📜️imperative/🏅️standards/🔖️1/🪆️subsets/✳️any/✏️editor/🦀️component.rs	216	mismatched types
E0277	✏️s/🔌️plugins/📜️imperative/📦️packages/🦀️rust/././././././././../../🗿️artifacts/📜️imperative/🏅️standards/🔖️1/🪆️subsets/✳️any/🧬️schema/📸️snapshot/🦀️component.rs	168	the `?` operator can only be applied to values that implement `Try`
E0277	✏️s/🔌️plugins/📜️imperative/📦️packages/🦀️rust/././././././././../../🗿️artifacts/📜️imperative/🏅️standards/🔖️1/🪆️subsets/✳️any/🧬️schema/📸️snapshot/🦀️component.rs	169	the `?` operator can only be applied to values that implement `Try`
E0277	✏️s/🔌️plugins/📜️imperative/📦️packages/🦀️rust/././././././././../../🗿️artifacts/📜️imperative/🏅️standards/🔖️1/🪆️subsets/✳️any/🧬️schema/📸️snapshot/🦀️component.rs	132	the `?` operator can only be applied to values that implement `Try`
E0277	✏️s/🔌️plugins/📜️imperative/📦️packages/🦀️rust/././././././././../../🗿️artifacts/📜️imperative/🏅️standards/🔖️1/🪆️subsets/✳️any/🧬️schema/📸️snapshot/🦀️component.rs	170	the `?` operator can only be applied to values that implement `Try`
E0277	✏️s/🔌️plugins/📜️imperative/📦️packages/🦀️rust/././././././././../../🗿️artifacts/📜️imperative/🏅️standards/🔖️1/🪆️subsets/✳️any/🧬️schema/📸️snapshot/🦀️component.rs	132	the size for values of type `str` cannot be known at compilation time
E0308	✏️s/🔌️plugins/📜️imperative/📦️packages/🦀️rust/././././././././../../🗿️artifacts/📜️imperative/🏅️standards/🔖️1/🪆️subsets/✳️any/🧬️schema/📸️snapshot/📝️text/🦀️component.rs	128	mismatched types
E0277	✏️s/🔌️plugins/📜️imperative/📦️packages/🦀️rust/././././././././../../🗿️artifacts/📜️imperative/🏅️standards/🔖️1/🪆️subsets/✳️any/🧬️schema/📸️snapshot/🦀️component.rs	132	the size for values of type `str` cannot be known at compilation time
E0277	✏️s/🔌️plugins/📜️imperative/📦️packages/🦀️rust/././././././././../../🗿️artifacts/📜️imperative/🏅️standards/🔖️1/🪆️subsets/✳️any/🧬️schema/📸️snapshot/🦀️component.rs	132	the size for values of type `str` cannot be known at compilation time
E0277	✏️s/🔌️plugins/📜️imperative/📦️packages/🦀️rust/././././././././../../🗿️artifacts/📜️imperative/🏅️standards/🔖️1/🪆️subsets/✳️any/🧬️schema/📸️snapshot/📝️text/🦀️component.rs	82	a value of type `BTreeMap<String, ValueDsl>` cannot be built from an iterator over elements of type `(String, impl Future<Output = ValueDsl>)`
E0277	✏️s/🔌️plugins/📜️imperative/📦️packages/🦀️rust/././././././././../../🗿️artifacts/📜️imperative/🏅️standards/🔖️1/🪆️subsets/✳️any/🧬️schema/📸️snapshot/🦀️component.rs	63	`impl Future<Output = std::string::String>` doesn't implement `std::fmt::Display`
E0277	✏️s/🔌️plugins/📜️imperative/📦️packages/🦀️rust/././././././././../../🗿️artifacts/📜️imperative/🏅️standards/🔖️1/🪆️subsets/✳️any/🧬️schema/📸️snapshot/🦀️component.rs	63	`impl Future<Output = std::string::String>` doesn't implement `std::fmt::Display`
E0277	✏️s/🔌️plugins/📜️imperative/📦️packages/🦀️rust/././././././././../../🗿️artifacts/📜️imperative/🏅️standards/🔖️1/🪆️subsets/✳️any/🧬️schema/📸️snapshot/📝️text/🦀️component.rs	128	a value of type `BTreeMap<std::string::String, semio_s_imperative::Path>` cannot be built from an iterator over elements of type `(std::string::String, impl Future<Output = semio_s_imperative::Path>)`
E0308	✏️s/🔌️plugins/📜️imperative/📦️packages/🦀️rust/././././././././../../🗿️artifacts/📜️imperative/🏅️standards/🔖️1/🪆️subsets/✳️any/🧬️schema/📸️snapshot/📝️text/🦀️component.rs	91	mismatched types
E0277	✏️s/🔌️plugins/📜️imperative/📦️packages/🦀️rust/././././././././../../🗿️artifacts/📜️imperative/🏅️standards/🔖️1/🪆️subsets/✳️any/🧬️schema/📸️snapshot/📝️text/🦀️component.rs	132	a value of type `Vec<artifacts::imperative::standards::v1::subsets::any::schema::snapshot::text::StepNodeDsl>` cannot be built from an iterator over elements of type `impl Future<Output = StepNodeDsl>`
E0277	✏️s/🔌️plugins/📜️imperative/📦️packages/🦀️rust/././././././././../../🗿️artifacts/📜️imperative/🏅️standards/🔖️1/🪆️subsets/✳️any/🧬️schema/📸️snapshot/🦀️component.rs	78	the `?` operator can only be applied to values that implement `Try`
E0277	✏️s/🔌️plugins/📜️imperative/📦️packages/🦀️rust/././././././././../../🗿️artifacts/📜️imperative/🏅️standards/🔖️1/🪆️subsets/✳️any/🧬️schema/📸️snapshot/🦀️component.rs	78	the `?` operator can only be applied to values that implement `Try`
E0277	✏️s/🔌️plugins/📜️imperative/📦️packages/🦀️rust/././././././././../../🗿️artifacts/📜️imperative/🏅️standards/🔖️1/🪆️subsets/✳️any/🧬️schema/📸️snapshot/🦀️component.rs	69	the `?` operator can only be applied to values that implement `Try`
E0308	✏️s/🔌️plugins/📜️imperative/📦️packages/🦀️rust/././../../🗿️artifacts/📜️imperative/🏅️standards/🔖️1/🪆️subsets/✳️any/✏️editor/🦀️component.rs	217	mismatched types
E0277	✏️s/🔌️plugins/📜️imperative/📦️packages/🦀️rust/././././././././../../🗿️artifacts/📜️imperative/🏅️standards/🔖️1/🪆️subsets/✳️any/🧬️schema/📸️snapshot/🦀️component.rs	69	the `?` operator can only be applied to values that implement `Try`
E0277	✏️s/🔌️plugins/📜️imperative/📦️packages/🦀️rust/././././././././../../🗿️artifacts/📜️imperative/🏅️standards/🔖️1/🪆️subsets/✳️any/🧬️schema/📸️snapshot/🦀️component.rs	53	the `?` operator can only be applied to values that implement `Try`
E0277	✏️s/🔌️plugins/📜️imperative/📦️packages/🦀️rust/././././././././../../🗿️artifacts/📜️imperative/🏅️standards/🔖️1/🪆️subsets/✳️any/🧬️schema/📸️snapshot/📝️text/🦀️component.rs	95	the trait bound `impl Future<Output = neural_engine::Dictionary>: std::default::Default` is not satisfied
E0277	✏️s/🔌️plugins/📜️imperative/📦️packages/🦀️rust/././././././././../../🗿️artifacts/📜️imperative/🏅️standards/🔖️1/🪆️subsets/✳️any/🧬️schema/📸️snapshot/🦀️component.rs	84	`impl Future<Output = std::string::String>` doesn't implement `std::fmt::Display`
E0277	✏️s/🔌️plugins/📜️imperative/📦️packages/🦀️rust/././././././././../../🗿️artifacts/📜️imperative/🏅️standards/🔖️1/🪆️subsets/✳️any/🧬️schema/📸️snapshot/🦀️component.rs	72	`impl Future<Output = std::string::String>` doesn't implement `std::fmt::Display`
E0277	✏️s/🔌️plugins/📜️imperative/📦️packages/🦀️rust/././././././././../../🗿️artifacts/📜️imperative/🏅️standards/🔖️1/🪆️subsets/✳️any/🧬️schema/📸️snapshot/🦀️component.rs	84	`impl Future<Output = std::string::String>` doesn't implement `std::fmt::Display`
E0277	✏️s/🔌️plugins/📜️imperative/📦️packages/🦀️rust/././././././././../../🗿️artifacts/📜️imperative/🏅️standards/🔖️1/🪆️subsets/✳️any/🧬️schema/📸️snapshot/🦀️component.rs	84	`impl Future<Output = std::string::String>` doesn't implement `std::fmt::Display`
E0277	✏️s/🔌️plugins/📜️imperative/📦️packages/🦀️rust/././././././././../../🗿️artifacts/📜️imperative/🏅️standards/🔖️1/🪆️subsets/✳️any/🧬️schema/📸️snapshot/🦀️component.rs	72	`impl Future<Output = std::string::String>` doesn't implement `std::fmt::Display`
E0277	✏️s/🔌️plugins/📜️imperative/📦️packages/🦀️rust/././././././././../../🗿️artifacts/📜️imperative/🏅️standards/🔖️1/🪆️subsets/✳️any/🧬️schema/📸️snapshot/🦀️component.rs	96	the `?` operator can only be applied to values that implement `Try`
E0308	✏️s/🔌️plugins/📜️imperative/📦️packages/🦀️rust/././././././././../../🗿️artifacts/📜️imperative/🏅️standards/🔖️1/🪆️subsets/✳️any/🧬️schema/📸️snapshot/📝️text/🦀️component.rs	95	mismatched types
E0277	✏️s/🔌️plugins/📜️imperative/📦️packages/🦀️rust/././././././././../../🗿️artifacts/📜️imperative/🏅️standards/🔖️1/🪆️subsets/✳️any/🧬️schema/📸️snapshot/🦀️component.rs	98	the `?` operator can only be applied to values that implement `Try`
E0308	✏️s/🔌️plugins/📜️imperative/📦️packages/🦀️rust/././././././././../../🗿️artifacts/📜️imperative/🏅️standards/🔖️1/🪆️subsets/✳️any/🧬️schema/📸️snapshot/🦀️component.rs	56	mismatched types
E0599	✏️s/🔌️plugins/📜️imperative/📦️packages/🦀️rust/./././././././../../🗿️artifacts/📜️imperative/🏅️standards/🔖️1/🪆️subsets/✳️any/🚪️io/🦀️component.rs	180	no method named `map_err` found for opaque type `impl Future<Output = Result<Vec<u8>, TextError>>` in the current scope
E0277	✏️s/🔌️plugins/📜️imperative/📦️packages/🦀️rust/././././././././../../🗿️artifacts/📜️imperative/🏅️standards/🔖️1/🪆️subsets/✳️any/🧬️schema/📸️snapshot/🦀️component.rs	100	the `?` operator can only be applied to values that implement `Try`
E0277	✏️s/🔌️plugins/📜️imperative/📦️packages/🦀️rust/././././././././../../🗿️artifacts/📜️imperative/🏅️standards/🔖️1/🪆️subsets/✳️any/🧬️schema/📸️snapshot/🦀️component.rs	59	the `?` operator can only be applied to values that implement `Try`
E0277	✏️s/🔌️plugins/📜️imperative/📦️packages/🦀️rust/././././././././../../🗿️artifacts/📜️imperative/🏅️standards/🔖️1/🪆️subsets/✳️any/🧬️schema/📸️snapshot/🦀️component.rs	59	the size for values of type `str` cannot be known at compilation time
E0277	✏️s/🔌️plugins/📜️imperative/📦️packages/🦀️rust/././././././././../../🗿️artifacts/📜️imperative/🏅️standards/🔖️1/🪆️subsets/✳️any/🧬️schema/📸️snapshot/🦀️component.rs	59	the size for values of type `str` cannot be known at compilation time
E0277	✏️s/🔌️plugins/📜️imperative/📦️packages/🦀️rust/././././././././../../🗿️artifacts/📜️imperative/🏅️standards/🔖️1/🪆️subsets/✳️any/🧬️schema/📸️snapshot/🦀️component.rs	59	the size for values of type `str` cannot be known at compilation time
E0277	✏️s/🔌️plugins/📜️imperative/📦️packages/🦀️rust/./././././././../../🗿️artifacts/📜️imperative/🏅️standards/🔖️1/🪆️subsets/✳️any/🚪️io/🦀️component.rs	187	the `?` operator can only be applied to values that implement `Try`
E0308	✏️s/🔌️plugins/📜️imperative/📦️packages/🦀️rust/./././././././../../🗿️artifacts/📜️imperative/🏅️standards/🔖️1/🪆️subsets/✳️any/🧬️schema/🦀️component.rs	244	mismatched types
E0308	✏️s/🔌️plugins/📜️imperative/📦️packages/🦀️rust/./././././././../../🗿️artifacts/📜️imperative/🏅️standards/🔖️1/🪆️subsets/✳️any/🧬️schema/🦀️component.rs	244	mismatched types
E0308	✏️s/🔌️plugins/📜️imperative/📦️packages/🦀️rust/././././././././../../🗿️artifacts/📜️imperative/🏅️standards/🔖️1/🪆️subsets/✳️any/🧬️schema/📸️snapshot/🦀️component.rs	50	mismatched types
E0308	✏️s/🔌️plugins/📜️imperative/📦️packages/🦀️rust/././../../🗿️artifacts/📜️imperative/🏅️standards/🔖️1/🪆️subsets/✳️any/✏️editor/🦀️component.rs	218	mismatched types
E0308	✏️s/🔌️plugins/📜️imperative/📦️packages/🦀️rust/./././././././../../🗿️artifacts/📜️imperative/🏅️standards/🔖️1/🪆️subsets/✳️any/🧬️schema/🦀️component.rs	130	mismatched types
E0277	✏️s/🔌️plugins/📜️imperative/📦️packages/🦀️rust/././../../🗿️artifacts/📜️imperative/🦀️component.rs	158	the trait bound `impl Future<Output = SemioFlowSnapshot>: serde::Serialize` is not satisfied
E0308	✏️s/🔌️plugins/📜️imperative/📦️packages/🦀️rust/./././././././../../🗿️artifacts/📜️imperative/🏅️standards/🔖️1/🪆️subsets/✳️any/🧬️schema/🦀️component.rs	127	mismatched types
E0609	✏️s/🔌️plugins/📜️imperative/📦️packages/🦀️rust/././../../🗿️artifacts/📜️imperative/🦀️component.rs	243	no field `child_id` on type `impl Future<Output = ArtifactChild<SemioFlowSnapshot>>`
E0308	✏️s/🔌️plugins/📜️imperative/📦️packages/🦀️rust/././../../🗿️artifacts/📜️imperative/🦀️component.rs	267	mismatched types
E0308	✏️s/🔌️plugins/📜️imperative/📦️packages/🦀️rust/././../../🗿️artifacts/📜️imperative/🦀️component.rs	244	mismatched types
E0609	✏️s/🔌️plugins/📜️imperative/📦️packages/🦀️rust/././../../🗿️artifacts/📜️imperative/🦀️component.rs	250	no field `child_id` on type `impl Future<Output = ArtifactChild<SemioTextSnapshot>>`
E0308	✏️s/🔌️plugins/📜️imperative/📦️packages/🦀️rust/././../../🗿️artifacts/📜️imperative/🏅️standards/🔖️1/🪆️subsets/✳️any/✏️editor/🦀️component.rs	219	mismatched types
E0308	✏️s/🔌️plugins/📜️imperative/📦️packages/🦀️rust/././../../🗿️artifacts/📜️imperative/🦀️component.rs	251	mismatched types
E0308	✏️s/🔌️plugins/📜️imperative/📦️packages/🦀️rust/././../../🗿️artifacts/📜️imperative/🦀️component.rs	258	mismatched types
E0308	✏️s/🔌️plugins/📜️imperative/📦️packages/🦀️rust/././../../🗿️artifacts/📜️imperative/🦀️component.rs	258	mismatched types
E0308	✏️s/🔌️plugins/📜️imperative/📦️packages/🦀️rust/././../../🗿️artifacts/📜️imperative/🦀️component.rs	234	mismatched types
E0599	✏️s/🔌️plugins/📜️imperative/📦️packages/🦀️rust/./././././././../../🗿️artifacts/📜️imperative/🏅️standards/🔖️1/🪆️subsets/✳️any/🚪️io/🦀️component.rs	188	no method named `map_err` found for opaque type `impl Future<Output = Result<Vec<u8>, TextError>>` in the current scope
E0308	✏️s/🔌️plugins/📜️imperative/📦️packages/🦀️rust/././../../🗿️artifacts/📜️imperative/🦀️component.rs	234	mismatched types
E0308	✏️s/🔌️plugins/📜️imperative/📦️packages/🦀️rust/././../../🗿️artifacts/📜️imperative/🏅️standards/🔖️1/🪆️subsets/✳️any/✏️editor/🦀️component.rs	220	mismatched types
E0308	✏️s/🔌️plugins/📜️imperative/📦️packages/🦀️rust/././../../🗿️artifacts/📜️imperative/🏅️standards/🔖️1/🪆️subsets/✳️any/✏️editor/🦀️component.rs	238	mismatched types
E0599	✏️s/🔌️plugins/📜️imperative/📦️packages/🦀️rust/././../../🗿️artifacts/📜️imperative/🏅️standards/🔖️1/🪆️subsets/✳️any/✏️editor/🦀️component.rs	237	no method named `default_value` found for opaque type `impl Future<Output = ActionArgDef>` in the current scope
E0308	✏️s/🔌️plugins/📜️imperative/📦️packages/🦀️rust/././../../🗿️artifacts/📜️imperative/🏅️standards/🔖️1/🪆️subsets/✳️any/✏️editor/🦀️component.rs	266	mismatched types
E0308	✏️s/🔌️plugins/📜️imperative/📦️packages/🦀️rust/././../../🗿️artifacts/📜️imperative/🏅️standards/🔖️1/🪆️subsets/✳️any/✏️editor/🦀️component.rs	270	mismatched types
E0277	✏️s/🔌️plugins/📜️imperative/📦️packages/🦀️rust/././../../🗿️artifacts/📜️imperative/🦀️component.rs	172	the trait bound `impl Future<Output = SemioTextSnapshot>: serde::Serialize` is not satisfied
E0308	🧰️framework/🛍️products/💻️os/🔨️modules/🔌️plugin/📦️packages/🦀️rust/../../🦀️component.rs	17688	mismatched types
E0308	🧰️framework/🛍️products/💻️os/🔨️modules/🔌️plugin/📦️packages/🦀️rust/../../🦀️component.rs	17737	mismatched types
E0308	🧰️framework/🛍️products/💻️os/🔨️modules/🔌️plugin/📦️packages/🦀️rust/../../🦀️component.rs	17737	mismatched types
E0308	✏️s/🔌️plugins/📜️imperative/📦️packages/🦀️rust/./././././../../🗿️artifacts/📜️imperative/🏅️standards/🔖️1/🪆️subsets/✳️any/👁️viewer/🎭️modes/👁️view/🪟️windows/📋️main/🦀️component.rs	51	mismatched types
E0609	✏️s/🔌️plugins/📜️imperative/📦️packages/🦀️rust/./././././../../🗿️artifacts/📜️imperative/🏅️standards/🔖️1/🪆️subsets/✳️any/👁️viewer/🎭️modes/👁️view/🪟️windows/📋️main/🦀️component.rs	51	no field `path` on type `impl Future<Output = ImperativeWorkingScene>`
E0609	✏️s/🔌️plugins/📜️imperative/📦️packages/🦀️rust/././../../🗿️artifacts/📜️imperative/🦀️component.rs	434	no field `schema` on type `impl Future<Output = ArtifactKindSpec>`
E0308	✏️s/🔌️plugins/📜️imperative/📦️packages/🦀️rust/./././././../../🗿️artifacts/📜️imperative/🏅️standards/🔖️1/🪆️subsets/✳️any/👁️viewer/🎭️modes/👁️view/🪟️windows/📋️main/🦀️component.rs	52	mismatched types
E0609	✏️s/🔌️plugins/📜️imperative/📦️packages/🦀️rust/././../../🗿️artifacts/📜️imperative/🏅️standards/🔖️1/🪆️subsets/✳️any/👁️viewer/🦀️component.rs	108	no field `role` on type `impl Future<Output = AppDefinition>`
E0609	✏️s/🔌️plugins/📜️imperative/📦️packages/🦀️rust/././../../🗿️artifacts/📜️imperative/🏅️standards/🔖️1/🪆️subsets/✳️any/👁️viewer/🦀️component.rs	109	no field `dialect` on type `impl Future<Output = AppDefinition>`
E0609	✏️s/🔌️plugins/📜️imperative/📦️packages/🦀️rust/././../../🗿️artifacts/📜️imperative/🦀️component.rs	443	no field `path` on type `impl Future<Output = ImperativeWorkingScene>`
E0609	✏️s/🔌️plugins/📜️imperative/📦️packages/🦀️rust/././../../🗿️artifacts/📜️imperative/🦀️component.rs	444	no field `seed` on type `impl Future<Output = ImperativeWorkingScene>`
E0308	✏️s/🔌️plugins/📜️imperative/📦️packages/🦀️rust/./././././../../🗿️artifacts/📜️imperative/🏅️standards/🔖️1/🪆️subsets/✳️any/👁️viewer/🎭️modes/👁️view/🪟️windows/📋️main/🦀️component.rs	52	mismatched types
E0308	✏️s/🔌️plugins/📜️imperative/📦️packages/🦀️rust/./././../../🗿️artifacts/📜️imperative/🏅️standards/🔖️1/🪆️subsets/✳️any/✏️editor/📌️panels/🔍️inspection/🦀️component.rs	54	mismatched types
E0609	✏️s/🔌️plugins/📜️imperative/📦️packages/🦀️rust/./././././../../🗿️artifacts/📜️imperative/🏅️standards/🔖️1/🪆️subsets/✳️any/👁️viewer/🎭️modes/👁️view/🪟️windows/📝️script/🦀️component.rs	40	no field `id` on type `impl Future<Output = WindowKindDefinition>`
E0609	✏️s/🔌️plugins/📜️imperative/📦️packages/🦀️rust/./././././../../🗿️artifacts/📜️imperative/🏅️standards/🔖️1/🪆️subsets/✳️any/👁️viewer/🎭️modes/👁️view/🪟️windows/📝️script/🦀️component.rs	41	no field `body_key` on type `impl Future<Output = WindowKindDefinition>`
E0308	✏️s/🔌️plugins/📜️imperative/📦️packages/🦀️rust/./././../../🗿️artifacts/📜️imperative/🏅️standards/🔖️1/🪆️subsets/✳️any/✏️editor/📌️panels/📄️artifact/🦀️component.rs	61	mismatched types
E0308	✏️s/🔌️plugins/📜️imperative/📦️packages/🦀️rust/./././././../../🗿️artifacts/📜️imperative/🏅️standards/🔖️1/🪆️subsets/✳️any/✏️editor/🎭️modes/✏️edit/🪟️windows/📋️main/🦀️component.rs	105	mismatched types
E0308	✏️s/🔌️plugins/📜️imperative/📦️packages/🦀️rust/./././././../../🗿️artifacts/📜️imperative/🏅️standards/🔖️1/🪆️subsets/✳️any/👁️viewer/🎭️modes/👁️view/🪟️windows/📝️script/🦀️component.rs	47	mismatched types
E0308	✏️s/🔌️plugins/📜️imperative/📦️packages/🦀️rust/./././../../🗿️artifacts/📜️imperative/🏅️standards/🔖️1/🪆️subsets/✳️any/✏️editor/📌️panels/🛍️catalogue/🦀️component.rs	43	mismatched types
E0308	✏️s/🔌️plugins/📜️imperative/📦️packages/🦀️rust/./././././../../🗿️artifacts/📜️imperative/🏅️standards/🔖️1/🪆️subsets/✳️any/👁️viewer/🎭️modes/👁️view/🪟️windows/📝️script/🦀️component.rs	47	mismatched types
E0308	✏️s/🔌️plugins/📜️imperative/📦️packages/🦀️rust/./././././../../🗿️artifacts/📜️imperative/🏅️standards/🔖️1/🪆️subsets/✳️any/✏️editor/🎭️modes/✏️edit/🪟️windows/📋️main/🦀️component.rs	106	mismatched types
E0308	✏️s/🔌️plugins/📜️imperative/📦️packages/🦀️rust/./././././././../../🗿️artifacts/📜️imperative/🏅️standards/🔖️1/🪆️subsets/✳️any/🧬️schema/🦀️component.rs	27	`match` arms have incompatible types
E0308	✏️s/🔌️plugins/📜️imperative/📦️packages/🦀️rust/./././././../../🗿️artifacts/📜️imperative/🏅️standards/🔖️1/🪆️subsets/✳️any/✏️editor/🎭️modes/✏️edit/🪟️windows/📋️main/🦀️component.rs	96	mismatched types
E0308	✏️s/🔌️plugins/📜️imperative/📦️packages/🦀️rust/./././././././../../🗿️artifacts/📜️imperative/🏅️standards/🔖️1/🪆️subsets/✳️any/🧬️schema/🦀️component.rs	27	`match` arms have incompatible types
E0308	✏️s/🔌️plugins/📜️imperative/📦️packages/🦀️rust/./././././././../../🗿️artifacts/📜️imperative/🏅️standards/🔖️1/🪆️subsets/✳️any/🧬️schema/🦀️component.rs	43	mismatched types
E0599	✏️s/🔌️plugins/📜️imperative/📦️packages/🦀️rust/./././../../🗿️artifacts/📜️imperative/🏅️standards/🔖️1/🪆️subsets/✳️any/✏️editor/📌️panels/🛍️catalogue/🦀️component.rs	44	no method named `contains` found for opaque type `impl Future<Output = std::string::String>` in the current scope
E0599	✏️s/🔌️plugins/📜️imperative/📦️packages/🦀️rust/./././../../🗿️artifacts/📜️imperative/🏅️standards/🔖️1/🪆️subsets/✳️any/✏️editor/📌️panels/🔍️inspection/🦀️component.rs	54	no method named `contains` found for opaque type `impl Future<Output = std::string::String>` in the current scope
E0308	✏️s/🔌️plugins/📜️imperative/📦️packages/🦀️rust/././././././././../../🗿️artifacts/📜️imperative/🏅️standards/🔖️1/🪆️subsets/✳️any/🧬️schema/📸️snapshot/🦀️component.rs	31	mismatched types
E0599	✏️s/🔌️plugins/📜️imperative/📦️packages/🦀️rust/./././././../../🗿️artifacts/📜️imperative/🏅️standards/🔖️1/🪆️subsets/✳️any/✏️editor/🎭️modes/✏️edit/🪟️windows/📋️main/🦀️component.rs	97	no method named `contains` found for opaque type `impl Future<Output = std::string::String>` in the current scope
E0599	✏️s/🔌️plugins/📜️imperative/📦️packages/🦀️rust/./././././../../🗿️artifacts/📜️imperative/🏅️standards/🔖️1/🪆️subsets/✳️any/✏️editor/🎭️modes/✏️edit/🪟️windows/📋️main/🦀️component.rs	107	no method named `contains` found for opaque type `impl Future<Output = std::string::String>` in the current scope
E0599	✏️s/🔌️plugins/📜️imperative/📦️packages/🦀️rust/./././../../🗿️artifacts/📜️imperative/🏅️standards/🔖️1/🪆️subsets/✳️any/✏️editor/📌️panels/📄️artifact/🦀️component.rs	61	no method named `contains` found for opaque type `impl Future<Output = std::string::String>` in the current scope
E0308	✏️s/🔌️plugins/📜️imperative/📦️packages/🦀️rust/./././././../../🗿️artifacts/📜️imperative/🏅️standards/🔖️1/🪆️subsets/✳️any/✏️editor/🎭️modes/✏️edit/🪟️windows/📝️script/🦀️component.rs	50	mismatched types
E0599	✏️s/🔌️plugins/📜️imperative/📦️packages/🦀️rust/./././../../🗿️artifacts/📜️imperative/🏅️standards/🔖️1/🪆️subsets/✳️any/✏️editor/📌️panels/🛍️catalogue/🦀️component.rs	45	no method named `contains` found for opaque type `impl Future<Output = std::string::String>` in the current scope
E0599	✏️s/🔌️plugins/📜️imperative/📦️packages/🦀️rust/././././././././../../🗿️artifacts/📜️imperative/🏅️standards/🔖️1/🪆️subsets/✳️any/🧬️schema/📸️snapshot/🦀️component.rs	190	no method named `map_err` found for opaque type `impl Future<Output = Result<ImperativeSnapshot, String>>` in the current scope
E0599	✏️s/🔌️plugins/📜️imperative/📦️packages/🦀️rust/./././././../../🗿️artifacts/📜️imperative/🏅️standards/🔖️1/🪆️subsets/✳️any/✏️editor/🎭️modes/✏️edit/🪟️windows/📝️script/🦀️component.rs	50	no method named `contains` found for opaque type `impl Future<Output = std::string::String>` in the current scope
E0308	✏️s/🔌️plugins/📜️imperative/📦️packages/🦀️rust/././././././././../../🗿️artifacts/📜️imperative/🏅️standards/🔖️1/🪆️subsets/✳️any/🧬️schema/📸️snapshot/🦀️component.rs	195	mismatched types
E0308	✏️s/🔌️plugins/📜️imperative/📦️packages/🦀️rust/././././././././../../🗿️artifacts/📜️imperative/🏅️standards/🔖️1/🪆️subsets/✳️any/🧬️schema/📸️snapshot/🦀️component.rs	204	mismatched types
E0609	✏️s/🔌️plugins/📜️imperative/📦️packages/🦀️rust/././../../🗿️artifacts/📜️imperative/🏅️standards/🔖️1/🪆️subsets/✳️any/✏️editor/🗣️terminology/🦀️component.rs	44	no field `action_control_while` on type `impl Future<Output = &'static ImperativeLabels>`
E0599	✏️s/🔌️plugins/📜️imperative/📦️packages/🦀️rust/./././../../🗿️artifacts/📜️imperative/🏅️standards/🔖️1/🪆️subsets/✳️any/✏️editor/📌️panels/📄️artifact/🦀️component.rs	67	no method named `id` found for opaque type `impl Future<Output = PanelTabDefinition>` in the current scope
E0609	✏️s/🔌️plugins/📜️imperative/📦️packages/🦀️rust/././../../🗿️artifacts/📜️imperative/🏅️standards/🔖️1/🪆️subsets/✳️any/✏️editor/🗣️terminology/🦀️component.rs	45	no field `action_control_while` on type `impl Future<Output = &'static ImperativeLabels>`
E0609	✏️s/🔌️plugins/📜️imperative/📦️packages/🦀️rust/./././../../🗿️artifacts/📜️imperative/🏅️standards/🔖️1/🪆️subsets/✳️any/✏️editor/📌️panels/📄️artifact/🦀️component.rs	68	no field `body_key` on type `impl Future<Output = PanelTabDefinition>`
E0599	✏️s/🔌️plugins/📜️imperative/📦️packages/🦀️rust/./././../../🗿️artifacts/📜️imperative/🏅️standards/🔖️1/🪆️subsets/✳️any/✏️editor/📌️panels/🛍️catalogue/🦀️component.rs	46	no method named `contains` found for opaque type `impl Future<Output = std::string::String>` in the current scope
E0308	✏️s/🔌️plugins/📜️imperative/📦️packages/🦀️rust/./././../../🗿️artifacts/📜️imperative/🏅️standards/🔖️1/🪆️subsets/✳️any/✏️editor/📌️panels/🛍️catalogue/🦀️component.rs	55	mismatched types
E0308	✏️s/🔌️plugins/📜️imperative/📦️packages/🦀️rust/./././../../🗿️artifacts/📜️imperative/🏅️standards/🔖️1/🪆️subsets/✳️any/✏️editor/📌️panels/🛍️catalogue/🦀️component.rs	56	mismatched types
E0599	✏️s/🔌️plugins/📜️imperative/📦️packages/🦀️rust/././././././././../../🗿️artifacts/📜️imperative/🏅️standards/🔖️1/🪆️subsets/✳️any/🧬️schema/📸️snapshot/🦀️component.rs	212	no method named `map_err` found for opaque type `impl Future<Output = Result<ImperativeSnapshot, String>>` in the current scope
E0308	✏️s/🔌️plugins/📜️imperative/📦️packages/🦀️rust/./././../../🗿️artifacts/📜️imperative/🏅️standards/🔖️1/🪆️subsets/✳️any/✏️editor/🎚️config/🦀️component.rs	25	`match` arms have incompatible types
E0308	✏️s/🔌️plugins/📜️imperative/📦️packages/🦀️rust/././../../🗿️artifacts/📜️imperative/🏅️standards/🔖️1/🪆️subsets/✳️any/✏️editor/⚙️engine/🦀️component.rs	348	mismatched types
E0308	✏️s/🔌️plugins/📜️imperative/📦️packages/🦀️rust/./././../../🗿️artifacts/📜️imperative/🏅️standards/🔖️1/🪆️subsets/✳️any/✏️editor/🎚️config/🦀️component.rs	79	mismatched types
E0308	✏️s/🔌️plugins/📜️imperative/📦️packages/🦀️rust/././../../🗿️artifacts/📜️imperative/🏅️standards/🔖️1/🪆️subsets/✳️any/✏️editor/⚙️engine/🦀️component.rs	349	mismatched types
E0308	✏️s/🔌️plugins/📜️imperative/📦️packages/🦀️rust/././../../🗿️artifacts/📜️imperative/🏅️standards/🔖️1/🪆️subsets/✳️any/✏️editor/⚙️engine/🦀️component.rs	351	mismatched types
E0600	✏️s/🔌️plugins/📜️imperative/📦️packages/🦀️rust/././../../🗿️artifacts/📜️imperative/🏅️standards/🔖️1/🪆️subsets/✳️any/✏️editor/⚙️engine/🦀️component.rs	326	cannot apply unary operator `!` to type `impl Future<Output = bool>`
E0308	✏️s/🔌️plugins/📜️imperative/📦️packages/🦀️rust/./././../../🗿️artifacts/📜️imperative/🏅️standards/🔖️1/🪆️subsets/✳️any/✏️editor/🎚️config/🦀️component.rs	25	`match` arms have incompatible types
E0599	✏️s/🔌️plugins/📜️imperative/📦️packages/🦀️rust/./././../../🗿️artifacts/📜️imperative/🏅️standards/🔖️1/🪆️subsets/✳️any/✏️editor/📌️panels/🛍️catalogue/🦀️component.rs	57	no method named `contains` found for opaque type `impl Future<Output = std::string::String>` in the current scope
E0600	✏️s/🔌️plugins/📜️imperative/📦️packages/🦀️rust/././../../🗿️artifacts/📜️imperative/🏅️standards/🔖️1/🪆️subsets/✳️any/✏️editor/⚙️engine/🦀️component.rs	334	cannot apply unary operator `!` to type `impl Future<Output = bool>`
E0600	✏️s/🔌️plugins/📜️imperative/📦️packages/🦀️rust/././../../🗿️artifacts/📜️imperative/🏅️standards/🔖️1/🪆️subsets/✳️any/✏️editor/⚙️engine/🦀️component.rs	335	cannot apply unary operator `!` to type `impl Future<Output = bool>`
E0600	✏️s/🔌️plugins/📜️imperative/📦️packages/🦀️rust/././../../🗿️artifacts/📜️imperative/🏅️standards/🔖️1/🪆️subsets/✳️any/✏️editor/⚙️engine/🦀️component.rs	341	cannot apply unary operator `!` to type `impl Future<Output = bool>`
E0308	✏️s/🔌️plugins/📜️imperative/📦️packages/🦀️rust/././../../🗿️artifacts/📜️imperative/🏅️standards/🔖️1/🪆️subsets/✳️any/✏️editor/⚙️engine/🦀️component.rs	303	mismatched types
E0308	✏️s/🔌️plugins/📜️imperative/📦️packages/🦀️rust/././../../🗿️artifacts/📜️imperative/🏅️standards/🔖️1/🪆️subsets/✳️any/✏️editor/⚙️engine/🦀️component.rs	311	mismatched types
E0308	✏️s/🔌️plugins/📜️imperative/📦️packages/🦀️rust/././../../🗿️artifacts/📜️imperative/🏅️standards/🔖️1/🪆️subsets/✳️any/✏️editor/⚙️engine/🦀️component.rs	270	mismatched types
E0277	/Users/ueli/.rustup/toolchains/nightly-2026-07-07-aarch64-apple-darwin/lib/rustlib/src/rust/library/core/src/macros/mod.rs	51	`impl Future<Output = std::string::String>` doesn't implement `Debug`
E0308	✏️s/🔌️plugins/📜️imperative/📦️packages/🦀️rust/././../../🗿️artifacts/📜️imperative/🏅️standards/🔖️1/🪆️subsets/✳️any/✏️editor/⚙️engine/🦀️component.rs	275	mismatched types
E0609	✏️s/🔌️plugins/📜️imperative/📦️packages/🦀️rust/././../../🗿️artifacts/📜️imperative/🏅️standards/🔖️1/🪆️subsets/✳️any/✏️editor/⚙️engine/🦀️component.rs	228	no field `document_schema` on type `impl Future<Output = AppIo>`
E0609	✏️s/🔌️plugins/📜️imperative/📦️packages/🦀️rust/././../../🗿️artifacts/📜️imperative/🏅️standards/🔖️1/🪆️subsets/✳️any/✏️editor/⚙️engine/🦀️component.rs	229	no field `artifact` on type `impl Future<Output = AppIo>`
E0609	✏️s/🔌️plugins/📜️imperative/📦️packages/🦀️rust/././../../🗿️artifacts/📜️imperative/🏅️standards/🔖️1/🪆️subsets/✳️any/✏️editor/⚙️engine/🦀️component.rs	230	no field `ports` on type `impl Future<Output = AppIo>`
E0609	✏️s/🔌️plugins/📜️imperative/📦️packages/🦀️rust/././../../🗿️artifacts/📜️imperative/🏅️standards/🔖️1/🪆️subsets/✳️any/✏️editor/⚙️engine/🦀️component.rs	231	no field `ports` on type `impl Future<Output = AppIo>`
E0600	✏️s/🔌️plugins/📜️imperative/📦️packages/🦀️rust/././../../🗿️artifacts/📜️imperative/🏅️standards/🔖️1/🪆️subsets/✳️any/✏️editor/⚙️engine/🦀️component.rs	319	cannot apply unary operator `!` to type `impl Future<Output = bool>`
E0600	✏️s/🔌️plugins/📜️imperative/📦️packages/🦀️rust/././../../🗿️artifacts/📜️imperative/🏅️standards/🔖️1/🪆️subsets/✳️any/✏️editor/⚙️engine/🦀️component.rs	320	cannot apply unary operator `!` to type `impl Future<Output = bool>`
E0308	✏️s/🔌️plugins/📜️imperative/📦️packages/🦀️rust/././../../🗿️artifacts/📜️imperative/🏅️standards/🔖️1/🪆️subsets/✳️any/✏️editor/🦀️component.rs	591	mismatched types
E0609	✏️s/🔌️plugins/📜️imperative/📦️packages/🦀️rust/././../../🗿️artifacts/📜️imperative/🏅️standards/🔖️1/🪆️subsets/✳️any/✏️editor/⚙️engine/🦀️component.rs	243	no field `effects` on type `impl Future<Output = RunResult>`
E0609	✏️s/🔌️plugins/📜️imperative/📦️packages/🦀️rust/././../../🗿️artifacts/📜️imperative/🏅️standards/🔖️1/🪆️subsets/✳️any/✏️editor/⚙️engine/🦀️component.rs	244	no field `effects` on type `impl Future<Output = RunResult>`
E0599	✏️s/🔌️plugins/📜️imperative/📦️packages/🦀️rust/./././../../🗿️artifacts/📜️imperative/🏅️standards/🔖️1/🪆️subsets/✳️any/✏️editor/📌️panels/🛍️catalogue/🦀️component.rs	58	no method named `contains` found for opaque type `impl Future<Output = std::string::String>` in the current scope
E0599	✏️s/🔌️plugins/📜️imperative/📦️packages/🦀️rust/././../../🗿️artifacts/📜️imperative/🏅️standards/🔖️1/🪆️subsets/✳️any/✏️editor/⚙️engine/🦀️component.rs	358	no method named `expect` found for opaque type `impl Future<Output = Result<(), editor::imperative::engine::ImperativeCoreError>>` in the current scope
E0599	✏️s/🔌️plugins/📜️imperative/📦️packages/🦀️rust/././../../🗿️artifacts/📜️imperative/🏅️standards/🔖️1/🪆️subsets/✳️any/✏️editor/⚙️engine/🦀️component.rs	280	no method named `expect` found for opaque type `impl Future<Output = Result<String, ImperativeCoreError>>` in the current scope
E0599	✏️s/🔌️plugins/📜️imperative/📦️packages/🦀️rust/././././././././../../🗿️artifacts/📜️imperative/🏅️standards/🔖️1/🪆️subsets/✳️any/🧬️schema/📸️snapshot/📝️text/🦀️component.rs	168	no method named `expect` found for opaque type `impl Future<Output = Result<ImperativeSnapshot, TextError>>` in the current scope
E0609	✏️s/🔌️plugins/📜️imperative/📦️packages/🦀️rust/././././././././../../🗿️artifacts/📜️imperative/🏅️standards/🔖️1/🪆️subsets/✳️any/🧬️schema/📸️snapshot/📝️text/🦀️component.rs	183	no field `bodies` on type `impl Future<Output = semio_s_imperative::Step>`
E0308	✏️s/🔌️plugins/📜️imperative/📦️packages/🦀️rust/././././././././../../🗿️artifacts/📜️imperative/🏅️standards/🔖️1/🪆️subsets/✳️any/🧬️schema/📸️snapshot/📝️text/🦀️component.rs	183	mismatched types
E0308	✏️s/🔌️plugins/📜️imperative/📦️packages/🦀️rust/././././././././../../🗿️artifacts/📜️imperative/🏅️standards/🔖️1/🪆️subsets/✳️any/🧬️schema/📸️snapshot/📝️text/🦀️component.rs	184	mismatched types
E0308	✏️s/🔌️plugins/📜️imperative/📦️packages/🦀️rust/././././././././../../🗿️artifacts/📜️imperative/🏅️standards/🔖️1/🪆️subsets/✳️any/🧬️schema/📸️snapshot/📝️text/🦀️component.rs	187	mismatched types
E0369	/Users/ueli/.rustup/toolchains/nightly-2026-07-07-aarch64-apple-darwin/lib/rustlib/src/rust/library/core/src/macros/mod.rs	46	binary operation `==` cannot be applied to type `impl Future<Output = semio_s_imperative::Path>`
E0599	✏️s/🔌️plugins/📜️imperative/📦️packages/🦀️rust/././../../🗿️artifacts/📜️imperative/🏅️standards/🔖️1/🪆️subsets/✳️any/✏️editor/🦀️component.rs	591	no method named `contains` found for opaque type `impl Future<Output = std::string::String>` in the current scope
E0277	/Users/ueli/.rustup/toolchains/nightly-2026-07-07-aarch64-apple-darwin/lib/rustlib/src/rust/library/core/src/macros/mod.rs	51	`impl Future<Output = semio_s_imperative::Path>` doesn't implement `Debug`
E0609	✏️s/🔌️plugins/📜️imperative/📦️packages/🦀️rust/././././././././../../🗿️artifacts/📜️imperative/🏅️standards/🔖️1/🪆️subsets/✳️any/🧬️schema/📸️snapshot/📝️text/🦀️component.rs	189	no field `steps` on type `impl Future<Output = semio_s_imperative::Path>`
E0599	✏️s/🔌️plugins/📜️imperative/📦️packages/🦀️rust/./././../../🗿️artifacts/📜️imperative/🏅️standards/🔖️1/🪆️subsets/✳️any/✏️editor/📌️panels/🛍️catalogue/🦀️component.rs	59	no method named `contains` found for opaque type `impl Future<Output = std::string::String>` in the current scope
E0599	✏️s/🔌️plugins/📜️imperative/📦️packages/🦀️rust/././../../🗿️artifacts/📜️imperative/🏅️standards/🔖️1/🪆️subsets/✳️any/✏️editor/⚙️engine/🦀️component.rs	251	no method named `clone` found for opaque type `impl Future<Output = std::string::String>` in the current scope
E0308	✏️s/🔌️plugins/📜️imperative/📦️packages/🦀️rust/././../../🗿️artifacts/📜️imperative/🏅️standards/🔖️1/🪆️subsets/✳️any/✏️editor/⚙️engine/🦀️component.rs	96	mismatched types
E0308	✏️s/🔌️plugins/📜️imperative/📦️packages/🦀️rust/././../../🗿️artifacts/📜️imperative/🏅️standards/🔖️1/🪆️subsets/✳️any/✏️editor/⚙️engine/🦀️component.rs	96	mismatched types
E0599	✏️s/🔌️plugins/📜️imperative/📦️packages/🦀️rust/././../../🗿️artifacts/📜️imperative/🏅️standards/🔖️1/🪆️subsets/✳️any/✏️editor/⚙️engine/🦀️component.rs	367	no method named `contains` found for opaque type `impl Future<Output = std::string::String>` in the current scope
E0277	✏️s/🔌️plugins/📜️imperative/📦️packages/🦀️rust/././././././././../../🗿️artifacts/📜️imperative/🏅️standards/🔖️1/🪆️subsets/✳️any/🧬️schema/📸️snapshot/📝️text/🦀️component.rs	193	the trait bound `impl Future<Output = ImperativeSnapshot>: ArtifactDsl` is not satisfied
E0277	✏️s/🔌️plugins/📜️imperative/📦️packages/🦀️rust/././././././././../../🗿️artifacts/📜️imperative/🏅️standards/🔖️1/🪆️subsets/✳️any/🧬️schema/📸️snapshot/📝️text/🦀️component.rs	193	can't compare `impl Future<Output = ImperativeSnapshot>` with `impl Future<Output = ImperativeSnapshot>`
E0308	✏️s/🔌️plugins/📜️imperative/📦️packages/🦀️rust/././../../🗿️artifacts/📜️imperative/🏅️standards/🔖️1/🪆️subsets/✳️any/✏️editor/🦀️component.rs	538	mismatched types
E0599	✏️s/🔌️plugins/📜️imperative/📦️packages/🦀️rust/././../../🗿️artifacts/📜️imperative/🏅️standards/🔖️1/🪆️subsets/✳️any/✏️editor/⚙️engine/🦀️component.rs	281	no method named `expect` found for opaque type `impl Future<Output = Result<ImperativeHost, ImperativeCoreError>>` in the current scope
E0277	✏️s/🔌️plugins/📜️imperative/📦️packages/🦀️rust/././././././././../../🗿️artifacts/📜️imperative/🏅️standards/🔖️1/🪆️subsets/✳️any/🧬️schema/📸️snapshot/📝️text/🦀️component.rs	193	`impl Future<Output = ImperativeSnapshot>` doesn't implement `Debug`
E0277	✏️s/🔌️plugins/📜️imperative/📦️packages/🦀️rust/././././././././../../🗿️artifacts/📜️imperative/🏅️standards/🔖️1/🪆️subsets/✳️any/🧬️schema/📸️snapshot/📝️text/🦀️component.rs	194	the trait bound `impl Future<Output = ImperativeSnapshot>: ArtifactDsl` is not satisfied
E0599	✏️s/🔌️plugins/📜️imperative/📦️packages/🦀️rust/././../../🗿️artifacts/📜️imperative/🏅️standards/🔖️1/🪆️subsets/✳️any/✏️editor/🦀️component.rs	558	no method named `snapshot` found for opaque type `impl Future<Output = VcsArtifactApp<EditorApp<ImperativePlayApp>>>` in the current scope
E0308	✏️s/🔌️plugins/📜️imperative/📦️packages/🦀️rust/././../../🗿️artifacts/📜️imperative/🏅️standards/🔖️1/🪆️subsets/✳️any/✏️editor/🦀️component.rs	559	mismatched types
E0599	✏️s/🔌️plugins/📜️imperative/📦️packages/🦀️rust/././../../🗿️artifacts/📜️imperative/🏅️standards/🔖️1/🪆️subsets/✳️any/✏️editor/🦀️component.rs	539	no method named `snapshot` found for opaque type `impl Future<Output = VcsArtifactApp<EditorApp<ImperativePlayApp>>>` in the current scope
E0599	✏️s/🔌️plugins/📜️imperative/📦️packages/🦀️rust/././../../🗿️artifacts/📜️imperative/🏅️standards/🔖️1/🪆️subsets/✳️any/✏️editor/⚙️engine/🦀️component.rs	252	no method named `expect` found for opaque type `impl Future<Output = Result<String, ImperativeCoreError>>` in the current scope
E0609	✏️s/🔌️plugins/📜️imperative/📦️packages/🦀️rust/././../../🗿️artifacts/📜️imperative/🏅️standards/🔖️1/🪆️subsets/✳️any/✏️editor/🦀️component.rs	540	no field `path` on type `impl Future<Output = ImperativeWorkingScene>`
E0277	✏️s/🔌️plugins/📜️imperative/📦️packages/🦀️rust/././././././././../../🗿️artifacts/📜️imperative/🏅️standards/🔖️1/🪆️subsets/✳️any/🧬️schema/📸️snapshot/📝️text/🦀️component.rs	194	the trait bound `impl Future<Output = ImperativeSnapshot>: ArtifactPack` is not satisfied
E0277	✏️s/🔌️plugins/📜️imperative/📦️packages/🦀️rust/././././././././../../🗿️artifacts/📜️imperative/🏅️standards/🔖️1/🪆️subsets/✳️any/🧬️schema/📸️snapshot/📝️text/🦀️component.rs	194	the trait bound `impl Future<Output = ImperativeSnapshot>: Clone` is not satisfied
E0308	✏️s/🔌️plugins/📜️imperative/📦️packages/🦀️rust/././../../🗿️artifacts/📜️imperative/🏅️standards/🔖️1/🪆️subsets/✳️any/✏️editor/🦀️component.rs	549	mismatched types
E0609	✏️s/🔌️plugins/📜️imperative/📦️packages/🦀️rust/././../../🗿️artifacts/📜️imperative/🏅️standards/🔖️1/🪆️subsets/✳️any/✏️editor/🦀️component.rs	549	no field `path` on type `impl Future<Output = ImperativeWorkingScene>`
E0609	✏️s/🔌️plugins/📜️imperative/📦️packages/🦀️rust/././../../🗿️artifacts/📜️imperative/🏅️standards/🔖️1/🪆️subsets/✳️any/✏️editor/🦀️component.rs	551	no field `schema` on type `impl Future<Output = ImperativeSnapshot>`
E0277	✏️s/🔌️plugins/📜️imperative/📦️packages/🦀️rust/././././././././../../🗿️artifacts/📜️imperative/🏅️standards/🔖️1/🪆️subsets/✳️any/🧬️schema/📸️snapshot/📝️text/🦀️component.rs	194	can't compare `impl Future<Output = ImperativeSnapshot>` with `impl Future<Output = ImperativeSnapshot>`
E0308	✏️s/🔌️plugins/📜️imperative/📦️packages/🦀️rust/././../../🗿️artifacts/📜️imperative/🏅️standards/🔖️1/🪆️subsets/✳️any/✏️editor/🦀️component.rs	551	mismatched types
E0609	✏️s/🔌️plugins/📜️imperative/📦️packages/🦀️rust/././../../🗿️artifacts/📜️imperative/🏅️standards/🔖️1/🪆️subsets/✳️any/✏️editor/🦀️component.rs	551	no field `seed` on type `impl Future<Output = ImperativeWorkingScene>`
E0277	✏️s/🔌️plugins/📜️imperative/📦️packages/🦀️rust/././../../🗿️artifacts/📜️imperative/🏅️standards/🔖️1/🪆️subsets/✳️any/✏️editor/⚙️engine/🦀️component.rs	254	can't compare `std::string::String` with `impl Future<Output = std::string::String>`
E0277	✏️s/🔌️plugins/📜️imperative/📦️packages/🦀️rust/././././././././../../🗿️artifacts/📜️imperative/🏅️standards/🔖️1/🪆️subsets/✳️any/🧬️schema/📸️snapshot/📝️text/🦀️component.rs	194	`impl Future<Output = ImperativeSnapshot>` doesn't implement `Debug`
E0277	✏️s/🔌️plugins/📜️imperative/📦️packages/🦀️rust/././../../🗿️artifacts/📜️imperative/🏅️standards/🔖️1/🪆️subsets/✳️any/✏️editor/🦀️component.rs	552	can't compare `impl Future<Output = ImperativeSnapshot>` with `impl Future<Output = ImperativeSnapshot>`
E0599	✏️s/🔌️plugins/📜️imperative/📦️packages/🦀️rust/././../../🗿️artifacts/📜️imperative/🏅️standards/🔖️1/🪆️subsets/✳️any/✏️editor/⚙️engine/🦀️component.rs	368	no method named `contains` found for opaque type `impl Future<Output = std::string::String>` in the current scope
E0277	✏️s/🔌️plugins/📜️imperative/📦️packages/🦀️rust/././../../🗿️artifacts/📜️imperative/🏅️standards/🔖️1/🪆️subsets/✳️any/✏️editor/🦀️component.rs	552	`impl Future<Output = ImperativeSnapshot>` doesn't implement `Debug`
E0308	✏️s/🔌️plugins/📜️imperative/📦️packages/🦀️rust/././../../🗿️artifacts/📜️imperative/🏅️standards/🔖️1/🪆️subsets/✳️any/✏️editor/🦀️component.rs	460	mismatched types
E0308	✏️s/🔌️plugins/📜️imperative/📦️packages/🦀️rust/././././././././../../🗿️artifacts/📜️imperative/🏅️standards/🔖️1/🪆️subsets/✳️any/🧬️schema/📸️snapshot/📝️text/🦀️component.rs	212	mismatched types
E0369	/Users/ueli/.rustup/toolchains/nightly-2026-07-07-aarch64-apple-darwin/lib/rustlib/src/rust/library/core/src/macros/mod.rs	46	binary operation `==` cannot be applied to type `impl Future<Output = BTreeMap<std::string::String, neural_engine::Value>>`
E0599	✏️s/🔌️plugins/📜️imperative/📦️packages/🦀️rust/././../../🗿️artifacts/📜️imperative/🏅️standards/🔖️1/🪆️subsets/✳️any/✏️editor/⚙️engine/🦀️component.rs	287	no method named `is_empty` found for opaque type `impl Future<Output = std::string::String>` in the current scope
E0277	/Users/ueli/.rustup/toolchains/nightly-2026-07-07-aarch64-apple-darwin/lib/rustlib/src/rust/library/core/src/macros/mod.rs	51	`impl Future<Output = BTreeMap<std::string::String, neural_engine::Value>>` doesn't implement `Debug`
E0308	✏️s/🔌️plugins/📜️imperative/📦️packages/🦀️rust/././../../🗿️artifacts/📜️imperative/🏅️standards/🔖️1/🪆️subsets/✳️any/✏️editor/⚙️engine/🦀️component.rs	294	mismatched types
E0308	✏️s/🔌️plugins/📜️imperative/📦️packages/🦀️rust/././../../🗿️artifacts/📜️imperative/🏅️standards/🔖️1/🪆️subsets/✳️any/✏️editor/⚙️engine/🦀️component.rs	296	mismatched types
E0599	✏️s/🔌️plugins/📜️imperative/📦️packages/🦀️rust/././../../🗿️artifacts/📜️imperative/🏅️standards/🔖️1/🪆️subsets/✳️any/✏️editor/🦀️component.rs	560	no method named `snapshot` found for opaque type `impl Future<Output = VcsArtifactApp<EditorApp<ImperativePlayApp>>>` in the current scope
E0609	✏️s/🔌️plugins/📜️imperative/📦️packages/🦀️rust/././../../🗿️artifacts/📜️imperative/🏅️standards/🔖️1/🪆️subsets/✳️any/✏️editor/🦀️component.rs	560	no field `path` on type `impl Future<Output = ImperativeWorkingScene>`
E0308	✏️s/🔌️plugins/📜️imperative/📦️packages/🦀️rust/././../../🗿️artifacts/📜️imperative/🏅️standards/🔖️1/🪆️subsets/✳️any/✏️editor/🦀️component.rs	561	mismatched types
E0277	✏️s/🔌️plugins/📜️imperative/📦️packages/🦀️rust/././././././././../../🗿️artifacts/📜️imperative/🏅️standards/🔖️1/🪆️subsets/✳️any/🧬️schema/📸️snapshot/📝️text/🦀️component.rs	216	the trait bound `impl Future<Output = ImperativeSnapshot>: ArtifactDsl` is not satisfied
E0277	✏️s/🔌️plugins/📜️imperative/📦️packages/🦀️rust/././././././././../../🗿️artifacts/📜️imperative/🏅️standards/🔖️1/🪆️subsets/✳️any/🧬️schema/📸️snapshot/📝️text/🦀️component.rs	216	can't compare `impl Future<Output = ImperativeSnapshot>` with `impl Future<Output = ImperativeSnapshot>`
E0599	✏️s/🔌️plugins/📜️imperative/📦️packages/🦀️rust/././../../🗿️artifacts/📜️imperative/🏅️standards/🔖️1/🪆️subsets/✳️any/✏️editor/🦀️component.rs	497	no method named `dispatch_typed` found for opaque type `impl Future<Output = VcsArtifactApp<EditorApp<ImperativePlayApp>>>` in the current scope
E0277	✏️s/🔌️plugins/📜️imperative/📦️packages/🦀️rust/././././././././../../🗿️artifacts/📜️imperative/🏅️standards/🔖️1/🪆️subsets/✳️any/🧬️schema/📸️snapshot/📝️text/🦀️component.rs	216	`impl Future<Output = ImperativeSnapshot>` doesn't implement `Debug`
E0599	✏️s/🔌️plugins/📜️imperative/📦️packages/🦀️rust/././../../🗿️artifacts/📜️imperative/🏅️standards/🔖️1/🪆️subsets/✳️any/✏️editor/🦀️component.rs	461	no method named `snapshot` found for opaque type `impl Future<Output = VcsArtifactApp<EditorApp<ImperativePlayApp>>>` in the current scope
E0609	✏️s/🔌️plugins/📜️imperative/📦️packages/🦀️rust/././../../🗿️artifacts/📜️imperative/🏅️standards/🔖️1/🪆️subsets/✳️any/✏️editor/🦀️component.rs	461	no field `path` on type `impl Future<Output = ImperativeWorkingScene>`
E0308	✏️s/🔌️plugins/📜️imperative/📦️packages/🦀️rust/././../../🗿️artifacts/📜️imperative/🏅️standards/🔖️1/🪆️subsets/✳️any/✏️editor/🦀️component.rs	462	mismatched types
E0277	✏️s/🔌️plugins/📜️imperative/📦️packages/🦀️rust/././././././././../../🗿️artifacts/📜️imperative/🏅️standards/🔖️1/🪆️subsets/✳️any/🧬️schema/📸️snapshot/📝️text/🦀️component.rs	217	the trait bound `impl Future<Output = ImperativeSnapshot>: ArtifactDsl` is not satisfied
E0277	✏️s/🔌️plugins/📜️imperative/📦️packages/🦀️rust/././././././././../../🗿️artifacts/📜️imperative/🏅️standards/🔖️1/🪆️subsets/✳️any/🧬️schema/📸️snapshot/📝️text/🦀️component.rs	217	the trait bound `impl Future<Output = ImperativeSnapshot>: ArtifactPack` is not satisfied
E0599	✏️s/🔌️plugins/📜️imperative/📦️packages/🦀️rust/././../../🗿️artifacts/📜️imperative/🏅️standards/🔖️1/🪆️subsets/✳️any/✏️editor/🦀️component.rs	562	no method named `snapshot` found for opaque type `impl Future<Output = VcsArtifactApp<EditorApp<ImperativePlayApp>>>` in the current scope
E0277	✏️s/🔌️plugins/📜️imperative/📦️packages/🦀️rust/././././././././../../🗿️artifacts/📜️imperative/🏅️standards/🔖️1/🪆️subsets/✳️any/🧬️schema/📸️snapshot/📝️text/🦀️component.rs	217	the trait bound `impl Future<Output = ImperativeSnapshot>: Clone` is not satisfied
E0277	✏️s/🔌️plugins/📜️imperative/📦️packages/🦀️rust/././././././././../../🗿️artifacts/📜️imperative/🏅️standards/🔖️1/🪆️subsets/✳️any/🧬️schema/📸️snapshot/📝️text/🦀️component.rs	217	can't compare `impl Future<Output = ImperativeSnapshot>` with `impl Future<Output = ImperativeSnapshot>`
E0277	✏️s/🔌️plugins/📜️imperative/📦️packages/🦀️rust/././././././././../../🗿️artifacts/📜️imperative/🏅️standards/🔖️1/🪆️subsets/✳️any/🧬️schema/📸️snapshot/📝️text/🦀️component.rs	217	`impl Future<Output = ImperativeSnapshot>` doesn't implement `Debug`
E0308	✏️s/🔌️plugins/📜️imperative/📦️packages/🦀️rust/././../../🗿️artifacts/📜️imperative/🏅️standards/🔖️1/🪆️subsets/✳️any/✏️editor/🦀️component.rs	576	mismatched types
E0599	✏️s/🔌️plugins/📜️imperative/📦️packages/🦀️rust/././../../🗿️artifacts/📜️imperative/🏅️standards/🔖️1/🪆️subsets/✳️any/✏️editor/🦀️component.rs	498	no method named `snapshot` found for opaque type `impl Future<Output = VcsArtifactApp<EditorApp<ImperativePlayApp>>>` in the current scope
E0609	✏️s/🔌️plugins/📜️imperative/📦️packages/🦀️rust/././../../🗿️artifacts/📜️imperative/🏅️standards/🔖️1/🪆️subsets/✳️any/✏️editor/🦀️component.rs	499	no field `path` on type `impl Future<Output = ImperativeWorkingScene>`
E0599	✏️s/🔌️plugins/📜️imperative/📦️packages/🦀️rust/././../../🗿️artifacts/📜️imperative/🏅️standards/🔖️1/🪆️subsets/✳️any/✏️editor/🦀️component.rs	463	no method named `snapshot` found for opaque type `impl Future<Output = VcsArtifactApp<EditorApp<ImperativePlayApp>>>` in the current scope
E0308	✏️s/🔌️plugins/📜️imperative/📦️packages/🦀️rust/././../../🗿️artifacts/📜️imperative/🏅️standards/🔖️1/🪆️subsets/✳️any/✏️editor/🦀️component.rs	466	mismatched types
E0609	✏️s/🔌️plugins/📜️imperative/📦️packages/🦀️rust/././././././././../../🗿️artifacts/📜️imperative/🏅️standards/🔖️1/🪆️subsets/✳️any/🧬️schema/💡️inferences/🦀️component.rs	27	no field `path` on type `impl Future<Output = ImperativeWorkingScene>`
E0308	✏️s/🔌️plugins/📜️imperative/📦️packages/🦀️rust/././././././././../../🗿️artifacts/📜️imperative/🏅️standards/🔖️1/🪆️subsets/✳️any/🧬️schema/💡️inferences/🦀️component.rs	28	mismatched types
E0308	✏️s/🔌️plugins/📜️imperative/📦️packages/🦀️rust/././../../🗿️artifacts/📜️imperative/🏅️standards/🔖️1/🪆️subsets/✳️any/✏️editor/🦀️component.rs	468	mismatched types
E0609	✏️s/🔌️plugins/📜️imperative/📦️packages/🦀️rust/././../../🗿️artifacts/📜️imperative/🏅️standards/🔖️1/🪆️subsets/✳️any/✏️editor/🦀️component.rs	469	no field `domains` on type `impl Future<Output = InteractionTopology>`
E0308	✏️s/🔌️plugins/📜️imperative/📦️packages/🦀️rust/././././././././../../🗿️artifacts/📜️imperative/🏅️standards/🔖️1/🪆️subsets/✳️any/🧬️schema/💡️inferences/🦀️component.rs	98	mismatched types
E0308	✏️s/🔌️plugins/📜️imperative/📦️packages/🦀️rust/././././././././../../🗿️artifacts/📜️imperative/🏅️standards/🔖️1/🪆️subsets/✳️any/🧬️schema/💡️inferences/🦀️component.rs	98	mismatched types
E0599	✏️s/🔌️plugins/📜️imperative/📦️packages/🦀️rust/././../../🗿️artifacts/📜️imperative/🏅️standards/🔖️1/🪆️subsets/✳️any/✏️editor/🦀️component.rs	552	no method named `expect` found for opaque type `impl Future<Output = Result<<_ as ArtifactApp>::Snapshot, Fault>>` in the current scope
E0308	✏️s/🔌️plugins/📜️imperative/📦️packages/🦀️rust/././././././././../../🗿️artifacts/📜️imperative/🏅️standards/🔖️1/🪆️subsets/✳️any/🧬️schema/💡️inferences/🦀️component.rs	109	mismatched types
E0308	✏️s/🔌️plugins/📜️imperative/📦️packages/🦀️rust/././../../🗿️artifacts/📜️imperative/🏅️standards/🔖️1/🪆️subsets/✳️any/✏️editor/🦀️component.rs	552	arguments to this function are incorrect
E0599	✏️s/🔌️plugins/📜️imperative/📦️packages/🦀️rust/././../../🗿️artifacts/📜️imperative/🏅️standards/🔖️1/🪆️subsets/✳️any/✏️editor/🦀️component.rs	502	no method named `dispatch_typed` found for opaque type `impl Future<Output = VcsArtifactApp<EditorApp<ImperativePlayApp>>>` in the current scope
E0277	✏️s/🔌️plugins/📜️imperative/📦️packages/🦀️rust/././../../🗿️artifacts/📜️imperative/🏅️standards/🔖️1/🪆️subsets/✳️any/✏️editor/🦀️component.rs	552	can't compare `impl Future<Output = ImperativeSnapshot>` with `impl Future<Output = ImperativeSnapshot>`
E0277	✏️s/🔌️plugins/📜️imperative/📦️packages/🦀️rust/././../../🗿️artifacts/📜️imperative/🏅️standards/🔖️1/🪆️subsets/✳️any/✏️editor/🦀️component.rs	552	`impl Future<Output = ImperativeSnapshot>` doesn't implement `Debug`
E0599	✏️s/🔌️plugins/📜️imperative/📦️packages/🦀️rust/././../../🗿️artifacts/📜️imperative/🏅️standards/🔖️1/🪆️subsets/✳️any/✏️editor/🦀️component.rs	577	no method named `expect` found for opaque type `impl Future<Output = Result<<... as ArtifactApp>::Snapshot, ...>>` in the current scope
E0308	✏️s/🔌️plugins/📜️imperative/📦️packages/🦀️rust/./././././././././../../🗿️artifacts/📜️imperative/🏅️standards/🔖️1/🪆️subsets/✳️any/🧬️schema/💡️inferences/🧭topology/🦀️component.rs	64	mismatched types
E0609	✏️s/🔌️plugins/📜️imperative/📦️packages/🦀️rust/./././././././././../../🗿️artifacts/📜️imperative/🏅️standards/🔖️1/🪆️subsets/✳️any/🧬️schema/💡️inferences/🧭topology/🦀️component.rs	66	no field `topo_order` on type `impl Future<Output = ImperativeTopology>`
E0609	✏️s/🔌️plugins/📜️imperative/📦️packages/🦀️rust/./././././././././../../🗿️artifacts/📜️imperative/🏅️standards/🔖️1/🪆️subsets/✳️any/🧬️schema/💡️inferences/🧭topology/🦀️component.rs	67	no field `depth` on type `impl Future<Output = ImperativeTopology>`
E0609	✏️s/🔌️plugins/📜️imperative/📦️packages/🦀️rust/./././././././././../../🗿️artifacts/📜️imperative/🏅️standards/🔖️1/🪆️subsets/✳️any/🧬️schema/💡️inferences/🧭topology/🦀️component.rs	68	no field `depth` on type `impl Future<Output = ImperativeTopology>`
E0609	✏️s/🔌️plugins/📜️imperative/📦️packages/🦀️rust/./././././././././../../🗿️artifacts/📜️imperative/🏅️standards/🔖️1/🪆️subsets/✳️any/🧬️schema/💡️inferences/🧭topology/🦀️component.rs	69	no field `node_count` on type `impl Future<Output = ImperativeTopology>`
E0609	✏️s/🔌️plugins/📜️imperative/📦️packages/🦀️rust/./././././././././../../🗿️artifacts/📜️imperative/🏅️standards/🔖️1/🪆️subsets/✳️any/🧬️schema/💡️inferences/🧭topology/🦀️component.rs	70	no field `cycle_free` on type `impl Future<Output = ImperativeTopology>`
E0599	✏️s/🔌️plugins/📜️imperative/📦️packages/🦀️rust/././../../🗿️artifacts/📜️imperative/🏅️standards/🔖️1/🪆️subsets/✳️any/✏️editor/🦀️component.rs	473	no method named `as_str` found for opaque type `impl Future<Output = std::string::String>` in the current scope
E0308	✏️s/🔌️plugins/📜️imperative/📦️packages/🦀️rust/./././././././././../../🗿️artifacts/📜️imperative/🏅️standards/🔖️1/🪆️subsets/✳️any/🧬️schema/💡️inferences/🧭topology/🦀️component.rs	75	mismatched types
E0308	✏️s/🔌️plugins/📜️imperative/📦️packages/🦀️rust/././../../🗿️artifacts/📜️imperative/🏅️standards/🔖️1/🪆️subsets/✳️any/✏️editor/🦀️component.rs	484	mismatched types
E0308	✏️s/🔌️plugins/📜️imperative/📦️packages/🦀️rust/././../../🗿️artifacts/📜️imperative/🏅️standards/🔖️1/🪆️subsets/✳️any/✏️editor/🦀️component.rs	486	mismatched types
E0609	✏️s/🔌️plugins/📜️imperative/📦️packages/🦀️rust/././../../🗿️artifacts/📜️imperative/🏅️standards/🔖️1/🪆️subsets/✳️any/✏️editor/🦀️component.rs	487	no field `domains` on type `impl Future<Output = InteractionTopology>`
E0308	✏️s/🔌️plugins/📜️imperative/📦️packages/🦀️rust/./././././././././../../🗿️artifacts/📜️imperative/🏅️standards/🔖️1/🪆️subsets/✳️any/🧬️schema/💡️inferences/🧭topology/🦀️component.rs	78	mismatched types
E0599	✏️s/🔌️plugins/📜️imperative/📦️packages/🦀️rust/././../../🗿️artifacts/📜️imperative/🏅️standards/🔖️1/🪆️subsets/✳️any/✏️editor/🦀️component.rs	509	no method named `snapshot` found for opaque type `impl Future<Output = VcsArtifactApp<EditorApp<ImperativePlayApp>>>` in the current scope
E0609	✏️s/🔌️plugins/📜️imperative/📦️packages/🦀️rust/././../../🗿️artifacts/📜️imperative/🏅️standards/🔖️1/🪆️subsets/✳️any/✏️editor/🦀️component.rs	509	no field `path` on type `impl Future<Output = ImperativeWorkingScene>`
E0609	✏️s/🔌️plugins/📜️imperative/📦️packages/🦀️rust/././../../🗿️artifacts/📜️imperative/🏅️standards/🔖️1/🪆️subsets/✳️any/✏️editor/🦀️component.rs	336	no field `id` on type `impl Future<Output = AppDefinition>`
E0609	✏️s/🔌️plugins/📜️imperative/📦️packages/🦀️rust/././../../🗿️artifacts/📜️imperative/🏅️standards/🔖️1/🪆️subsets/✳️any/✏️editor/🦀️component.rs	337	no field `keybindings` on type `impl Future<Output = AppDefinition>`
E0609	✏️s/🔌️plugins/📜️imperative/📦️packages/🦀️rust/./././././././././../../🗿️artifacts/📜️imperative/🏅️standards/🔖️1/🪆️subsets/✳️any/🧬️schema/💡️inferences/🧭topology/🦀️component.rs	80	no field `topo_order` on type `impl Future<Output = ImperativeTopology>`
E0609	✏️s/🔌️plugins/📜️imperative/📦️packages/🦀️rust/././../../🗿️artifacts/📜️imperative/🏅️standards/🔖️1/🪆️subsets/✳️any/✏️editor/🦀️component.rs	343	no field `io` on type `impl Future<Output = AppDefinition>`
E0609	✏️s/🔌️plugins/📜️imperative/📦️packages/🦀️rust/././../../🗿️artifacts/📜️imperative/🏅️standards/🔖️1/🪆️subsets/✳️any/✏️editor/🦀️component.rs	344	no field `io` on type `impl Future<Output = AppDefinition>`
E0609	✏️s/🔌️plugins/📜️imperative/📦️packages/🦀️rust/./././././././././../../🗿️artifacts/📜️imperative/🏅️standards/🔖️1/🪆️subsets/✳️any/🧬️schema/💡️inferences/🧭topology/🦀️component.rs	81	no field `depth` on type `impl Future<Output = ImperativeTopology>`
E0609	✏️s/🔌️plugins/📜️imperative/📦️packages/🦀️rust/././../../🗿️artifacts/📜️imperative/🏅️standards/🔖️1/🪆️subsets/✳️any/✏️editor/🦀️component.rs	345	no field `io` on type `impl Future<Output = AppDefinition>`
E0609	✏️s/🔌️plugins/📜️imperative/📦️packages/🦀️rust/./././././././././../../🗿️artifacts/📜️imperative/🏅️standards/🔖️1/🪆️subsets/✳️any/🧬️schema/💡️inferences/🧭topology/🦀️component.rs	82	no field `depth` on type `impl Future<Output = ImperativeTopology>`
E0609	✏️s/🔌️plugins/📜️imperative/📦️packages/🦀️rust/./././././././././../../🗿️artifacts/📜️imperative/🏅️standards/🔖️1/🪆️subsets/✳️any/🧬️schema/💡️inferences/🧭topology/🦀️component.rs	83	no field `node_count` on type `impl Future<Output = ImperativeTopology>`
E0308	✏️s/🔌️plugins/📜️imperative/📦️packages/🦀️rust/././../../🗿️artifacts/📜️imperative/🏅️standards/🔖️1/🪆️subsets/✳️any/✏️editor/🦀️component.rs	516	mismatched types
E0599	✏️s/🔌️plugins/📜️imperative/📦️packages/🦀️rust/././../../🗿️artifacts/📜️imperative/🏅️standards/🔖️1/🪆️subsets/✳️any/✏️editor/🦀️component.rs	354	no method named `iter` found for opaque type `impl Future<Output = Vec<editor::imperative::component::ImperativeCommand>>` in the current scope
E0599	✏️s/🔌️plugins/📜️imperative/📦️packages/🦀️rust/././../../🗿️artifacts/📜️imperative/🏅️standards/🔖️1/🪆️subsets/✳️any/✏️editor/🦀️component.rs	584	no method named `expect` found for opaque type `impl Future<Output = Result<<... as ArtifactApp>::Snapshot, ...>>` in the current scope
E0609	✏️s/🔌️plugins/📜️imperative/📦️packages/🦀️rust/././../../🗿️artifacts/📜️imperative/🏅️standards/🔖️1/🪆️subsets/✳️any/✏️editor/🦀️component.rs	584	no field `path` on type `impl Future<Output = ImperativeWorkingScene>`
E0277	✏️s/🔌️plugins/📜️imperative/📦️packages/🦀️rust/././../../🗿️artifacts/📜️imperative/🏅️standards/🔖️1/🪆️subsets/✳️any/✏️editor/🦀️component.rs	365	`impl Future<Output = Vec<editor::imperative::component::ImperativeCommand>>` is not an iterator
E0277	✏️s/🔌️plugins/📜️imperative/📦️packages/🦀️rust/././../../🗿️artifacts/📜️imperative/🏅️standards/🔖️1/🪆️subsets/✳️any/✏️editor/🦀️component.rs	376	`impl Future<Output = Vec<editor::imperative::component::ImperativeCommand>>` is not an iterator
E0369	/Users/ueli/.rustup/toolchains/nightly-2026-07-07-aarch64-apple-darwin/lib/rustlib/src/rust/library/core/src/macros/mod.rs	46	binary operation `==` cannot be applied to type `impl Future<Output = ImperativeTopology>`
E0277	/Users/ueli/.rustup/toolchains/nightly-2026-07-07-aarch64-apple-darwin/lib/rustlib/src/rust/library/core/src/macros/mod.rs	51	`impl Future<Output = ImperativeTopology>` doesn't implement `Debug`
E0308	✏️s/🔌️plugins/📜️imperative/📦️packages/🦀️rust/./././././././././../../🗿️artifacts/📜️imperative/🏅️standards/🔖️1/🪆️subsets/✳️any/🧬️schema/🧬️mutations/🔧edit-step-params/🦠️mutation/🦀️component.rs	28	mismatched types
E0599	✏️s/🔌️plugins/📜️imperative/📦️packages/🦀️rust/././../../🗿️artifacts/📜️imperative/🏅️standards/🔖️1/🪆️subsets/✳️any/✏️editor/🦀️component.rs	517	no method named `snapshot` found for opaque type `impl Future<Output = VcsArtifactApp<EditorApp<ImperativePlayApp>>>` in the current scope
E0609	✏️s/🔌️plugins/📜️imperative/📦️packages/🦀️rust/././../../🗿️artifacts/📜️imperative/🏅️standards/🔖️1/🪆️subsets/✳️any/✏️editor/🦀️component.rs	517	no field `path` on type `impl Future<Output = ImperativeWorkingScene>`
E0308	✏️s/🔌️plugins/📜️imperative/📦️packages/🦀️rust/./././././././././../../🗿️artifacts/📜️imperative/🏅️standards/🔖️1/🪆️subsets/✳️any/🧬️schema/🧬️mutations/🔧edit-step-params/🦠️mutation/🦀️component.rs	31	mismatched types
E0308	✏️s/🔌️plugins/📜️imperative/📦️packages/🦀️rust/././../../🗿️artifacts/📜️imperative/🏅️standards/🔖️1/🪆️subsets/✳️any/✏️editor/🦀️component.rs	524	mismatched types
E0308	✏️s/🔌️plugins/📜️imperative/📦️packages/🦀️rust/././././././././../../🗿️artifacts/📜️imperative/🏅️standards/🔖️1/🪆️subsets/✳️any/🧬️schema/🔺️diff/📝️text/🦀️component.rs	50	mismatched types
E0308	✏️s/🔌️plugins/📜️imperative/📦️packages/🦀️rust/./././././././././../../🗿️artifacts/📜️imperative/🏅️standards/🔖️1/🪆️subsets/✳️any/🧬️schema/🧬️mutations/🗑️delete-step/🦠️mutation/🦀️component.rs	29	mismatched types
E0308	✏️s/🔌️plugins/📜️imperative/📦️packages/🦀️rust/././././././././../../🗿️artifacts/📜️imperative/🏅️standards/🔖️1/🪆️subsets/✳️any/🧬️schema/🔺️diff/📝️text/🦀️component.rs	102	mismatched types
E0308	✏️s/🔌️plugins/📜️imperative/📦️packages/🦀️rust/./././././././././../../🗿️artifacts/📜️imperative/🏅️standards/🔖️1/🪆️subsets/✳️any/🧬️schema/🧬️mutations/🔀reorder-steps/🦠️mutation/🦀️component.rs	27	mismatched types
E0308	✏️s/🔌️plugins/📜️imperative/📦️packages/🦀️rust/././././././././../../🗿️artifacts/📜️imperative/🏅️standards/🔖️1/🪆️subsets/✳️any/🧬️schema/🔺️diff/📝️text/🦀️component.rs	116	mismatched types
E0609	✏️s/🔌️plugins/📜️imperative/📦️packages/🦀️rust/./././././././././../../🗿️artifacts/📜️imperative/🏅️standards/🔖️1/🪆️subsets/✳️any/🧬️schema/🧬️mutations/🗑️delete-step/🧪️tests/rejects-a-root-step-id-addressed-inside-a-branch-body/🦀️component.rs	56	no field `path` on type `impl Future<Output = ImperativeWorkingScene>`
E0609	✏️s/🔌️plugins/📜️imperative/📦️packages/🦀️rust/././././././././../../🗿️artifacts/📜️imperative/🏅️standards/🔖️1/🪆️subsets/✳️any/🧬️schema/🔺️diff/📝️text/🦀️component.rs	116	no field `path` on type `impl Future<Output = ImperativeWorkingScene>`
E0308	✏️s/🔌️plugins/📜️imperative/📦️packages/🦀️rust/./././././././././../../🗿️artifacts/📜️imperative/🏅️standards/🔖️1/🪆️subsets/✳️any/🧬️schema/🧬️mutations/🔀reorder-steps/🦠️mutation/🦀️component.rs	30	mismatched types
E0599	✏️s/🔌️plugins/📜️imperative/📦️packages/🦀️rust/././../../🗿️artifacts/📜️imperative/🏅️standards/🔖️1/🪆️subsets/✳️any/✏️editor/🦀️component.rs	525	no method named `snapshot` found for opaque type `impl Future<Output = VcsArtifactApp<EditorApp<ImperativePlayApp>>>` in the current scope
E0609	✏️s/🔌️plugins/📜️imperative/📦️packages/🦀️rust/././../../🗿️artifacts/📜️imperative/🏅️standards/🔖️1/🪆️subsets/✳️any/✏️editor/🦀️component.rs	525	no field `path` on type `impl Future<Output = ImperativeWorkingScene>`
E0308	✏️s/🔌️plugins/📜️imperative/📦️packages/🦀️rust/./././././././././../../🗿️artifacts/📜️imperative/🏅️standards/🔖️1/🪆️subsets/✳️any/🧬️schema/🧬️mutations/🗑️delete-step/🦠️mutation/🦀️component.rs	26	mismatched types
E0308	✏️s/🔌️plugins/📜️imperative/📦️packages/🦀️rust/./././././././././../../🗿️artifacts/📜️imperative/🏅️standards/🔖️1/🪆️subsets/✳️any/🧬️schema/🧬️mutations/🌱create-step/🦠️mutation/🦀️component.rs	27	mismatched types
E0308	✏️s/🔌️plugins/📜️imperative/📦️packages/🦀️rust/./././././././././../../🗿️artifacts/📜️imperative/🏅️standards/🔖️1/🪆️subsets/✳️any/🧬️schema/🧬️mutations/🌱create-step/🦠️mutation/🦀️component.rs	30	mismatched types
E0308	✏️s/🔌️plugins/📜️imperative/📦️packages/🦀️rust/././././././././../../🗿️artifacts/📜️imperative/🏅️standards/🔖️1/🪆️subsets/✳️any/🧬️schema/🧬️mutations/💾️binary/🦀️component.rs	191	mismatched types
E0308	✏️s/🔌️plugins/📜️imperative/📦️packages/🦀️rust/././././././././../../🗿️artifacts/📜️imperative/🏅️standards/🔖️1/🪆️subsets/✳️any/🧬️schema/🧬️mutations/💾️binary/🦀️component.rs	195	mismatched types
E0599	✏️s/🔌️plugins/📜️imperative/📦️packages/🦀️rust/././././././././../../🗿️artifacts/📜️imperative/🏅️standards/🔖️1/🪆️subsets/✳️any/🧬️schema/🔺️diff/📝️text/🦀️component.rs	120	no method named `apply` found for opaque type `impl Future<Output = ImperativeDiff>` in the current scope
E0609	✏️s/🔌️plugins/📜️imperative/📦️packages/🦀️rust/././././././././../../🗿️artifacts/📜️imperative/🏅️standards/🔖️1/🪆️subsets/✳️any/🧬️schema/🔺️diff/📝️text/🦀️component.rs	121	no field `path` on type `impl Future<Output = ImperativeWorkingScene>`
E0308	✏️s/🔌️plugins/📜️imperative/📦️packages/🦀️rust/././././././././../../🗿️artifacts/📜️imperative/🏅️standards/🔖️1/🪆️subsets/✳️any/🧬️schema/🧬️mutations/💾️binary/🦀️component.rs	117	mismatched types
E0277	/Users/ueli/.rustup/toolchains/nightly-2026-07-07-aarch64-apple-darwin/lib/rustlib/src/rust/library/core/src/macros/mod.rs	51	`impl Future<Output = ImperativeMutation>` doesn't implement `Debug`
E0308	✏️s/🔌️plugins/📜️imperative/📦️packages/🦀️rust/././././././././../../🗿️artifacts/📜️imperative/🏅️standards/🔖️1/🪆️subsets/✳️any/🧬️schema/🧬️mutations/💾️binary/🦀️component.rs	121	mismatched types
E0277	✏️s/🔌️plugins/📜️imperative/📦️packages/🦀️rust/././././././././../../🗿️artifacts/📜️imperative/🏅️standards/🔖️1/🪆️subsets/✳️any/🧬️schema/🧬️mutations/💾️binary/🦀️component.rs	159	the trait bound `impl Future<Output = ImperativeMutation>: OpText` is not satisfied
E0599	✏️s/🔌️plugins/📜️imperative/📦️packages/🦀️rust/././../../🗿️artifacts/📜️imperative/🏅️standards/🔖️1/🪆️subsets/✳️any/✏️editor/🦀️component.rs	526	no method named `snapshot` found for opaque type `impl Future<Output = VcsArtifactApp<EditorApp<ImperativePlayApp>>>` in the current scope
E0609	✏️s/🔌️plugins/📜️imperative/📦️packages/🦀️rust/././../../🗿️artifacts/📜️imperative/🏅️standards/🔖️1/🪆️subsets/✳️any/✏️editor/🦀️component.rs	526	no field `path` on type `impl Future<Output = ImperativeWorkingScene>`
E0308	✏️s/🔌️plugins/📜️imperative/📦️packages/🦀️rust/././././././././../../🗿️artifacts/📜️imperative/🏅️standards/🔖️1/🪆️subsets/✳️any/🧬️schema/🧬️mutations/💾️binary/🦀️component.rs	201	mismatched types
E0308	✏️s/🔌️plugins/📜️imperative/📦️packages/🦀️rust/././././././././../../🗿️artifacts/📜️imperative/🏅️standards/🔖️1/🪆️subsets/✳️any/🧬️schema/🧬️mutations/💾️binary/🦀️component.rs	203	mismatched types
E0308	✏️s/🔌️plugins/📜️imperative/📦️packages/🦀️rust/././../../🗿️artifacts/📜️imperative/🏅️standards/🔖️1/🪆️subsets/✳️any/✏️editor/🦀️component.rs	527	mismatched types
E0277	/Users/ueli/.rustup/toolchains/nightly-2026-07-07-aarch64-apple-darwin/lib/rustlib/src/rust/library/core/src/macros/mod.rs	51	`impl Future<Output = ImperativeMutation>` doesn't implement `Debug`
E0308	✏️s/🔌️plugins/📜️imperative/📦️packages/🦀️rust/././././././././../../🗿️artifacts/📜️imperative/🏅️standards/🔖️1/🪆️subsets/✳️any/🧬️schema/🧬️mutations/💾️binary/🦀️component.rs	211	mismatched types
E0308	✏️s/🔌️plugins/📜️imperative/📦️packages/🦀️rust/././././././././../../🗿️artifacts/📜️imperative/🏅️standards/🔖️1/🪆️subsets/✳️any/🧬️schema/🧬️mutations/💾️binary/🦀️component.rs	213	mismatched types
E0277	/Users/ueli/.rustup/toolchains/nightly-2026-07-07-aarch64-apple-darwin/lib/rustlib/src/rust/library/core/src/macros/mod.rs	51	`impl Future<Output = ImperativeMutation>` doesn't implement `Debug`
E0308	✏️s/🔌️plugins/📜️imperative/📦️packages/🦀️rust/././././././././../../🗿️artifacts/📜️imperative/🏅️standards/🔖️1/🪆️subsets/✳️any/🧬️schema/🧬️mutations/🦀️component.rs	103	mismatched types
E0599	✏️s/🔌️plugins/📜️imperative/📦️packages/🦀️rust/././../../🗿️artifacts/📜️imperative/🏅️standards/🔖️1/🪆️subsets/✳️any/✏️editor/🦀️component.rs	528	no method named `snapshot` found for opaque type `impl Future<Output = VcsArtifactApp<EditorApp<ImperativePlayApp>>>` in the current scope
E0609	✏️s/🔌️plugins/📜️imperative/📦️packages/🦀️rust/././../../🗿️artifacts/📜️imperative/🏅️standards/🔖️1/🪆️subsets/✳️any/✏️editor/🦀️component.rs	529	no field `path` on type `impl Future<Output = ImperativeWorkingScene>`
E0599	✏️s/🔌️plugins/📜️imperative/📦️packages/🦀️rust/././././././././../../🗿️artifacts/📜️imperative/🏅️standards/🔖️1/🪆️subsets/✳️any/🧬️schema/🧬️mutations/💾️binary/🦀️component.rs	129	no method named `encode_op` found for opaque type `impl Future<Output = ImperativeMutationDsl>` in the current scope
E0308	✏️s/🔌️plugins/📜️imperative/📦️packages/🦀️rust/././././././././../../🗿️artifacts/📜️imperative/🏅️standards/🔖️1/🪆️subsets/✳️any/🧬️schema/🧬️mutations/💾️binary/🦀️component.rs	133	mismatched types
E0308	✏️s/🔌️plugins/📜️imperative/📦️packages/🦀️rust/././././././././../../🗿️artifacts/📜️imperative/🏅️standards/🔖️1/🪆️subsets/✳️any/🧬️schema/🧬️mutations/🦀️component.rs	146	mismatched types
E0277	✏️s/🔌️plugins/📜️imperative/📦️packages/🦀️rust/././././././././../../🗿️artifacts/📜️imperative/🏅️standards/🔖️1/🪆️subsets/✳️any/🧬️schema/🧬️mutations/💾️binary/🦀️component.rs	159	the trait bound `impl Future<Output = ImperativeMutation>: OpBinary` is not satisfied
E0277	✏️s/🔌️plugins/📜️imperative/📦️packages/🦀️rust/././././././././../../🗿️artifacts/📜️imperative/🏅️standards/🔖️1/🪆️subsets/✳️any/🧬️schema/🧬️mutations/💾️binary/🦀️component.rs	159	can't compare `impl Future<Output = ImperativeMutation>` with `impl Future<Output = ImperativeMutation>`
E0277	✏️s/🔌️plugins/📜️imperative/📦️packages/🦀️rust/././././././././../../🗿️artifacts/📜️imperative/🏅️standards/🔖️1/🪆️subsets/✳️any/🧬️schema/🧬️mutations/🦀️component.rs	147	the trait bound `impl Future<Output = ImperativeMutation>: Mutation<_>` is not satisfied
E0277	✏️s/🔌️plugins/📜️imperative/📦️packages/🦀️rust/././././././././../../🗿️artifacts/📜️imperative/🏅️standards/🔖️1/🪆️subsets/✳️any/🧬️schema/🧬️mutations/💾️binary/🦀️component.rs	159	`impl Future<Output = ImperativeMutation>` doesn't implement `Debug`
E0308	✏️s/🔌️plugins/📜️imperative/📦️packages/🦀️rust/././././././././../../🗿️artifacts/📜️imperative/🏅️standards/🔖️1/🪆️subsets/✳️any/🧬️schema/🧬️mutations/💾️binary/🦀️component.rs	160	mismatched types
E0277	✏️s/🔌️plugins/📜️imperative/📦️packages/🦀️rust/././././././././../../🗿️artifacts/📜️imperative/🏅️standards/🔖️1/🪆️subsets/✳️any/🧬️schema/🧬️mutations/🦀️component.rs	147	the trait bound `impl Future<Output = ImperativeMutation>: Mutation<...>` is not satisfied
E0308	✏️s/🔌️plugins/📜️imperative/📦️packages/🦀️rust/././././././././../../🗿️artifacts/📜️imperative/🏅️standards/🔖️1/🪆️subsets/✳️any/🧬️schema/🧬️mutations/🦀️component.rs	154	mismatched types
E0277	✏️s/🔌️plugins/📜️imperative/📦️packages/🦀️rust/././././../../🗿️artifacts/📜️imperative/🏅️standards/🔖️1/🪆️subsets/✳️any/✏️editor/🎭️modes/✏️edit/🦀️component.rs	29	the trait bound `impl Future<Output = semio_framework_plugin::WindowLayout>: serde::Serialize` is not satisfied
E0599	✏️s/🔌️plugins/📜️imperative/📦️packages/🦀️rust/././././././././../../🗿️artifacts/📜️imperative/🏅️standards/🔖️1/🪆️subsets/✳️any/🧬️schema/🧬️mutations/💾️binary/🦀️component.rs	160	no method named `expect` found for opaque type `impl Future<Output = Result<Vec<u8>, ProtocolError>>` in the current scope
E0277	✏️s/🔌️plugins/📜️imperative/📦️packages/🦀️rust/././././../../🗿️artifacts/📜️imperative/🏅️standards/🔖️1/🪆️subsets/✳️any/👁️viewer/🎭️modes/👁️view/🦀️component.rs	29	the trait bound `impl Future<Output = semio_framework_plugin::WindowLayout>: serde::Serialize` is not satisfied
E0609	✏️s/🔌️plugins/📜️imperative/📦️packages/🦀️rust/./././././../../🗿️artifacts/📜️imperative/🏅️standards/🔖️1/🪆️subsets/✳️any/👁️viewer/🎭️modes/👁️view/🪟️windows/📋️main/🦀️component.rs	44	no field `id` on type `impl Future<Output = WindowKindDefinition>`
E0609	✏️s/🔌️plugins/📜️imperative/📦️packages/🦀️rust/./././././../../🗿️artifacts/📜️imperative/🏅️standards/🔖️1/🪆️subsets/✳️any/👁️viewer/🎭️modes/👁️view/🪟️windows/📋️main/🦀️component.rs	45	no field `body_key` on type `impl Future<Output = WindowKindDefinition>`
E0599	✏️s/🔌️plugins/📜️imperative/📦️packages/🦀️rust/././././././././../../🗿️artifacts/📜️imperative/🏅️standards/🔖️1/🪆️subsets/✳️any/🧬️schema/🧬️mutations/🦀️component.rs	154	no method named `diff` found for opaque type `impl Future<Output = ImperativeMutation>` in the current scope
E0308	✏️s/🔌️plugins/📜️imperative/📦️packages/🦀️rust/././././././././../../🗿️artifacts/📜️imperative/🏅️standards/🔖️1/🪆️subsets/✳️any/🧬️schema/🧬️mutations/🦀️component.rs	156	mismatched types
E0599	✏️s/🔌️plugins/📜️imperative/📦️packages/🦀️rust/././././././././../../🗿️artifacts/📜️imperative/🏅️standards/🔖️1/🪆️subsets/✳️any/🧬️schema/🧬️mutations/💾️binary/🦀️component.rs	161	no method named `expect` found for opaque type `impl Future<Output = Result<ImperativeMutation, ProtocolError>>` in the current scope
E0277	/Users/ueli/.rustup/toolchains/nightly-2026-07-07-aarch64-apple-darwin/lib/rustlib/src/rust/library/core/src/macros/mod.rs	51	`impl Future<Output = ImperativeMutation>` doesn't implement `Debug`
E0308	✏️s/🔌️plugins/📜️imperative/📦️packages/🦀️rust/././././././././../../🗿️artifacts/📜️imperative/🏅️standards/🔖️1/🪆️subsets/✳️any/🧬️schema/🧬️mutations/💾️binary/🦀️component.rs	170	mismatched types
E0599	✏️s/🔌️plugins/📜️imperative/📦️packages/🦀️rust/././././././././../../🗿️artifacts/📜️imperative/🏅️standards/🔖️1/🪆️subsets/✳️any/🧬️schema/🧬️mutations/🦀️component.rs	156	no method named `diff` found for opaque type `impl Future<Output = ImperativeMutation>` in the current scope
E0599	✏️s/🔌️plugins/📜️imperative/📦️packages/🦀️rust/././././././././../../🗿️artifacts/📜️imperative/🏅️standards/🔖️1/🪆️subsets/✳️any/🧬️schema/🧬️mutations/💾️binary/🦀️component.rs	171	no method named `expect` found for opaque type `impl Future<Output = Result<ArtifactStore<..., ...>, ...>>` in the current scope
E0277	✏️s/🔌️plugins/📜️imperative/📦️packages/🦀️rust/././../../🗿️artifacts/📜️imperative/🏅️standards/🔖️1/🪆️subsets/✳️any/✏️editor/🦀️component.rs	427	the trait bound `impl Future<Output = AppDefinition>: serde::Serialize` is not satisfied
E0609	✏️s/🔌️plugins/📜️imperative/📦️packages/🦀️rust/././../../🗿️artifacts/📜️imperative/🏅️standards/🔖️1/🪆️subsets/✳️any/✏️editor/🦀️component.rs	446	no field `interactions` on type `impl Future<Output = AppDefinition>`
E0609	✏️s/🔌️plugins/📜️imperative/📦️packages/🦀️rust/././../../🗿️artifacts/📜️imperative/🏅️standards/🔖️1/🪆️subsets/✳️any/✏️editor/🦀️component.rs	450	no field `window_kinds` on type `impl Future<Output = AppDefinition>`
