solid exported
	facet normal -0.6908859310700629 -0.5112125928855099 -0.5112125928855099
		outer loop
			vertex -6.357108116149902 -6.357108116149902 -4.378852367401123
			vertex -7.941044807434082 -4.297662734985352 -4.297662734985352
			vertex -6.357108116149902 -4.378852367401123 -6.357108116149902
		endloop
	endfacet
	facet normal -0.5112125928855099 -0.6908859310700629 -0.5112125928855099
		outer loop
			vertex -4.297662734985352 -7.941044807434082 -4.297662734985352
			vertex -6.357108116149902 -6.357108116149902 -4.378852367401123
			vertex -4.378852367401123 -6.357108116149902 -6.357108116149902
		endloop
	endfacet
	facet normal -0.5112125928855099 -0.5112125928855099 -0.6908859310700629
		outer loop
			vertex -4.378852367401123 -6.357108116149902 -6.357108116149902
			vertex -6.357108116149902 -4.378852367401123 -6.357108116149902
			vertex -4.297662734985352 -4.297662734985352 -7.941044807434082
		endloop
	endfacet
	facet normal -0.5773502691896258 -0.5773502691896258 -0.5773502691896258
		outer loop
			vertex -6.357108116149902 -6.357108116149902 -4.378852367401123
			vertex -6.357108116149902 -4.378852367401123 -6.357108116149902
			vertex -4.378852367401123 -6.357108116149902 -6.357108116149902
		endloop
	endfacet
	facet normal -0.8449656667327619 -0.5179101262668349 -0.13342459725676634
		outer loop
			vertex -8.314696311950684 -5.555702209472656 6.123233998228043e-16
			vertex -8.884476661682129 -4.089075565338135 -2.084592819213867
			vertex -7.684497356414795 -6.037671089172363 -2.120148181915283
		endloop
	endfacet
	facet normal -0.7701966804950696 -0.6320841277880282 -0.08524510984697796
		outer loop
			vertex -7.071067810058594 -7.071067810058594 6.123233998228043e-16
			vertex -8.314696311950684 -5.555702209472656 6.123233998228043e-16
			vertex -7.684497356414795 -6.037671089172363 -2.120148181915283
		endloop
	endfacet
	facet normal -0.5179101262668349 -0.8449656667327619 -0.13342459725676634
		outer loop
			vertex -5.555702209472656 -8.314696311950684 6.123233998228043e-16
			vertex -6.037671089172363 -7.684497356414795 -2.120148181915283
			vertex -4.089075565338135 -8.884476661682129 -2.084592819213867
		endloop
	endfacet
	facet normal -0.6320841277880282 -0.7701966804950696 -0.08524510984697796
		outer loop
			vertex -5.555702209472656 -8.314696311950684 6.123233998228043e-16
			vertex -7.071067810058594 -7.071067810058594 6.123233998228043e-16
			vertex -6.037671089172363 -7.684497356414795 -2.120148181915283
		endloop
	endfacet
	facet normal -0.6743314888600394 -0.6743314888600394 -0.3009220601145843
		outer loop
			vertex -6.037671089172363 -7.684497356414795 -2.120148181915283
			vertex -7.684497356414795 -6.037671089172363 -2.120148181915283
			vertex -6.357108116149902 -6.357108116149902 -4.378852367401123
		endloop
	endfacet
	facet normal -0.746473622400746 -0.5599467147812984 -0.3594952122984947
		outer loop
			vertex -7.684497356414795 -6.037671089172363 -2.120148181915283
			vertex -7.941044807434082 -4.297662734985352 -4.297662734985352
			vertex -6.357108116149902 -6.357108116149902 -4.378852367401123
		endloop
	endfacet
	facet normal -0.5599467147812984 -0.746473622400746 -0.3594952122984947
		outer loop
			vertex -6.037671089172363 -7.684497356414795 -2.120148181915283
			vertex -6.357108116149902 -6.357108116149902 -4.378852367401123
			vertex -4.297662734985352 -7.941044807434082 -4.297662734985352
		endloop
	endfacet
	facet normal -0.7002709735414635 -0.7002709735414635 -0.13871239032826838
		outer loop
			vertex -7.071067810058594 -7.071067810058594 6.123233998228043e-16
			vertex -7.684497356414795 -6.037671089172363 -2.120148181915283
			vertex -6.037671089172363 -7.684497356414795 -2.120148181915283
		endloop
	endfacet
	facet normal -0.8449656667327619 -0.13342459725676634 -0.5179101262668349
		outer loop
			vertex -8.884476661682129 -2.084592819213867 -4.089075565338135
			vertex -8.314696311950684 6.123233998228043e-16 -5.555702209472656
			vertex -7.684497356414795 -2.120148181915283 -6.037671089172363
		endloop
	endfacet
	facet normal -0.7701966804950696 -0.08524510984697796 -0.6320841277880282
		outer loop
			vertex -7.684497356414795 -2.120148181915283 -6.037671089172363
			vertex -8.314696311950684 6.123233998228043e-16 -5.555702209472656
			vertex -7.071067810058594 6.123233998228043e-16 -7.071067810058594
		endloop
	endfacet
	facet normal -0.6743314888600394 -0.3009220601145843 -0.6743314888600394
		outer loop
			vertex -6.357108116149902 -4.378852367401123 -6.357108116149902
			vertex -7.684497356414795 -2.120148181915283 -6.037671089172363
			vertex -6.037671089172363 -2.120148181915283 -7.684497356414795
		endloop
	endfacet
	facet normal -0.746473622400746 -0.3594952122984947 -0.5599467147812984
		outer loop
			vertex -7.941044807434082 -4.297662734985352 -4.297662734985352
			vertex -7.684497356414795 -2.120148181915283 -6.037671089172363
			vertex -6.357108116149902 -4.378852367401123 -6.357108116149902
		endloop
	endfacet
	facet normal -0.5599467147812984 -0.3594952122984947 -0.746473622400746
		outer loop
			vertex -6.357108116149902 -4.378852367401123 -6.357108116149902
			vertex -6.037671089172363 -2.120148181915283 -7.684497356414795
			vertex -4.297662734985352 -4.297662734985352 -7.941044807434082
		endloop
	endfacet
	facet normal -0.5179101262668349 -0.13342459725676634 -0.8449656667327619
		outer loop
			vertex -6.037671089172363 -2.120148181915283 -7.684497356414795
			vertex -5.555702209472656 6.123233998228043e-16 -8.314696311950684
			vertex -4.089075565338135 -2.084592819213867 -8.884476661682129
		endloop
	endfacet
	facet normal -0.6320841277880282 -0.08524510984697796 -0.7701966804950696
		outer loop
			vertex -6.037671089172363 -2.120148181915283 -7.684497356414795
			vertex -7.071067810058594 6.123233998228043e-16 -7.071067810058594
			vertex -5.555702209472656 6.123233998228043e-16 -8.314696311950684
		endloop
	endfacet
	facet normal -0.7002709735414635 -0.13871239032826838 -0.7002709735414635
		outer loop
			vertex -7.684497356414795 -2.120148181915283 -6.037671089172363
			vertex -7.071067810058594 6.123233998228043e-16 -7.071067810058594
			vertex -6.037671089172363 -2.120148181915283 -7.684497356414795
		endloop
	endfacet
	facet normal -0.9072155231145781 -0.29745587455952394 -0.29745587455952394
		outer loop
			vertex -8.884476661682129 -4.089075565338135 -2.084592819213867
			vertex -9.581864356994629 -2.0233471393585205 -2.0233471393585205
			vertex -8.884476661682129 -2.084592819213867 -4.089075565338135
		endloop
	endfacet
	facet normal -0.8145797386921927 -0.4961495144099267 -0.30049211081649546
		outer loop
			vertex -7.684497356414795 -6.037671089172363 -2.120148181915283
			vertex -8.884476661682129 -4.089075565338135 -2.084592819213867
			vertex -7.941044807434082 -4.297662734985352 -4.297662734985352
		endloop
	endfacet
	facet normal -0.8145797386921927 -0.30049211081649546 -0.4961495144099267
		outer loop
			vertex -7.941044807434082 -4.297662734985352 -4.297662734985352
			vertex -8.884476661682129 -2.084592819213867 -4.089075565338135
			vertex -7.684497356414795 -2.120148181915283 -6.037671089172363
		endloop
	endfacet
	facet normal -0.8758639923954729 -0.34122006595821924 -0.34122006595821924
		outer loop
			vertex -8.884476661682129 -4.089075565338135 -2.084592819213867
			vertex -8.884476661682129 -2.084592819213867 -4.089075565338135
			vertex -7.941044807434082 -4.297662734985352 -4.297662734985352
		endloop
	endfacet
	facet normal -0.8783239525124085 -0.4694738793626076 -0.09022921388998308
		outer loop
			vertex -8.314696311950684 -5.555702209472656 6.123233998228043e-16
			vertex -9.238795280456543 -3.8268344402313232 6.123233998228043e-16
			vertex -8.884476661682129 -4.089075565338135 -2.084592819213867
		endloop
	endfacet
	facet normal -0.9416363742518076 -0.31432253731625814 -0.12050842800808456
		outer loop
			vertex -9.238795280456543 -3.8268344402313232 6.123233998228043e-16
			vertex -9.581864356994629 -2.0233471393585205 -2.0233471393585205
			vertex -8.884476661682129 -4.089075565338135 -2.084592819213867
		endloop
	endfacet
	facet normal -0.952516713700297 -0.2889427543463887 -0.09604163072495674
		outer loop
			vertex -9.238795280456543 -3.8268344402313232 6.123233998228043e-16
			vertex -9.807852745056152 -1.9509031772613525 6.123233998228043e-16
			vertex -9.581864356994629 -2.0233471393585205 -2.0233471393585205
		endloop
	endfacet
	facet normal -0.9416363742518076 -0.12050842800808456 -0.31432253731625814
		outer loop
			vertex -9.581864356994629 -2.0233471393585205 -2.0233471393585205
			vertex -9.238795280456543 6.123233998228043e-16 -3.8268344402313232
			vertex -8.884476661682129 -2.084592819213867 -4.089075565338135
		endloop
	endfacet
	facet normal -0.8783239525124085 -0.09022921388998308 -0.4694738793626076
		outer loop
			vertex -8.884476661682129 -2.084592819213867 -4.089075565338135
			vertex -9.238795280456543 6.123233998228043e-16 -3.8268344402313232
			vertex -8.314696311950684 6.123233998228043e-16 -5.555702209472656
		endloop
	endfacet
	facet normal -0.952516713700297 -0.09604163072495674 -0.2889427543463887
		outer loop
			vertex -9.581864356994629 -2.0233471393585205 -2.0233471393585205
			vertex -9.807852745056152 6.123233998228043e-16 -1.9509031772613525
			vertex -9.238795280456543 6.123233998228043e-16 -3.8268344402313232
		endloop
	endfacet
	facet normal -0.988571707220065 -0.10659732567941443 -0.10659732567941443
		outer loop
			vertex -9.807852745056152 -1.9509031772613525 6.123233998228043e-16
			vertex -9.807852745056152 6.123233998228043e-16 -1.9509031772613525
			vertex -9.581864356994629 -2.0233471393585205 -2.0233471393585205
		endloop
	endfacet
	facet normal -0.9904383444607961 -0.09754969457091414 -0.09754969457091414
		outer loop
			vertex -9.807852745056152 -1.9509031772613525 6.123233998228043e-16
			vertex -10 6.123233998228043e-16 6.123233998228043e-16
			vertex -9.807852745056152 6.123233998228043e-16 -1.9509031772613525
		endloop
	endfacet
	facet normal -0.3009220601145843 -0.6743314888600394 -0.6743314888600394
		outer loop
			vertex -2.120148181915283 -6.037671089172363 -7.684497356414795
			vertex -2.120148181915283 -7.684497356414795 -6.037671089172363
			vertex -4.378852367401123 -6.357108116149902 -6.357108116149902
		endloop
	endfacet
	facet normal -0.3594952122984947 -0.746473622400746 -0.5599467147812984
		outer loop
			vertex -4.297662734985352 -7.941044807434082 -4.297662734985352
			vertex -4.378852367401123 -6.357108116149902 -6.357108116149902
			vertex -2.120148181915283 -7.684497356414795 -6.037671089172363
		endloop
	endfacet
	facet normal -0.3594952122984947 -0.5599467147812984 -0.746473622400746
		outer loop
			vertex -4.378852367401123 -6.357108116149902 -6.357108116149902
			vertex -4.297662734985352 -4.297662734985352 -7.941044807434082
			vertex -2.120148181915283 -6.037671089172363 -7.684497356414795
		endloop
	endfacet
	facet normal -0.13342459725676634 -0.8449656667327619 -0.5179101262668349
		outer loop
			vertex -2.120148181915283 -7.684497356414795 -6.037671089172363
			vertex 6.123233998228043e-16 -8.314696311950684 -5.555702209472656
			vertex -2.084592819213867 -8.884476661682129 -4.089075565338135
		endloop
	endfacet
	facet normal -0.08524510984697796 -0.7701966804950696 -0.6320841277880282
		outer loop
			vertex 6.123233998228043e-16 -7.071067810058594 -7.071067810058594
			vertex 6.123233998228043e-16 -8.314696311950684 -5.555702209472656
			vertex -2.120148181915283 -7.684497356414795 -6.037671089172363
		endloop
	endfacet
	facet normal -0.13342459725676634 -0.5179101262668349 -0.8449656667327619
		outer loop
			vertex -2.084592819213867 -4.089075565338135 -8.884476661682129
			vertex 6.123233998228043e-16 -5.555702209472656 -8.314696311950684
			vertex -2.120148181915283 -6.037671089172363 -7.684497356414795
		endloop
	endfacet
	facet normal -0.08524510984697796 -0.6320841277880282 -0.7701966804950696
		outer loop
			vertex 6.123233998228043e-16 -5.555702209472656 -8.314696311950684
			vertex 6.123233998228043e-16 -7.071067810058594 -7.071067810058594
			vertex -2.120148181915283 -6.037671089172363 -7.684497356414795
		endloop
	endfacet
	facet normal -0.13871239032826838 -0.7002709735414635 -0.7002709735414635
		outer loop
			vertex -2.120148181915283 -6.037671089172363 -7.684497356414795
			vertex 6.123233998228043e-16 -7.071067810058594 -7.071067810058594
			vertex -2.120148181915283 -7.684497356414795 -6.037671089172363
		endloop
	endfacet
	facet normal -0.4961495144099267 -0.8145797386921927 -0.30049211081649546
		outer loop
			vertex -4.089075565338135 -8.884476661682129 -2.084592819213867
			vertex -6.037671089172363 -7.684497356414795 -2.120148181915283
			vertex -4.297662734985352 -7.941044807434082 -4.297662734985352
		endloop
	endfacet
	facet normal -0.29745587455952394 -0.9072155231145781 -0.29745587455952394
		outer loop
			vertex -2.084592819213867 -8.884476661682129 -4.089075565338135
			vertex -2.0233471393585205 -9.581864356994629 -2.0233471393585205
			vertex -4.089075565338135 -8.884476661682129 -2.084592819213867
		endloop
	endfacet
	facet normal -0.30049211081649546 -0.8145797386921927 -0.4961495144099267
		outer loop
			vertex -2.120148181915283 -7.684497356414795 -6.037671089172363
			vertex -2.084592819213867 -8.884476661682129 -4.089075565338135
			vertex -4.297662734985352 -7.941044807434082 -4.297662734985352
		endloop
	endfacet
	facet normal -0.34122006595821924 -0.8758639923954729 -0.34122006595821924
		outer loop
			vertex -4.089075565338135 -8.884476661682129 -2.084592819213867
			vertex -4.297662734985352 -7.941044807434082 -4.297662734985352
			vertex -2.084592819213867 -8.884476661682129 -4.089075565338135
		endloop
	endfacet
	facet normal -0.4694738793626076 -0.8783239525124085 -0.09022921388998308
		outer loop
			vertex -3.8268344402313232 -9.238795280456543 6.123233998228043e-16
			vertex -5.555702209472656 -8.314696311950684 6.123233998228043e-16
			vertex -4.089075565338135 -8.884476661682129 -2.084592819213867
		endloop
	endfacet
	facet normal -0.31432253731625814 -0.9416363742518076 -0.12050842800808456
		outer loop
			vertex -3.8268344402313232 -9.238795280456543 6.123233998228043e-16
			vertex -4.089075565338135 -8.884476661682129 -2.084592819213867
			vertex -2.0233471393585205 -9.581864356994629 -2.0233471393585205
		endloop
	endfacet
	facet normal -0.2889427543463887 -0.952516713700297 -0.09604163072495674
		outer loop
			vertex -2.0233471393585205 -9.581864356994629 -2.0233471393585205
			vertex -1.9509031772613525 -9.807852745056152 6.123233998228043e-16
			vertex -3.8268344402313232 -9.238795280456543 6.123233998228043e-16
		endloop
	endfacet
	facet normal -0.12050842800808456 -0.9416363742518076 -0.31432253731625814
		outer loop
			vertex -2.084592819213867 -8.884476661682129 -4.089075565338135
			vertex 6.123233998228043e-16 -9.238795280456543 -3.8268344402313232
			vertex -2.0233471393585205 -9.581864356994629 -2.0233471393585205
		endloop
	endfacet
	facet normal -0.09022921388998308 -0.8783239525124085 -0.4694738793626076
		outer loop
			vertex 6.123233998228043e-16 -8.314696311950684 -5.555702209472656
			vertex 6.123233998228043e-16 -9.238795280456543 -3.8268344402313232
			vertex -2.084592819213867 -8.884476661682129 -4.089075565338135
		endloop
	endfacet
	facet normal -0.09604163072495674 -0.952516713700297 -0.2889427543463887
		outer loop
			vertex 6.123233998228043e-16 -9.238795280456543 -3.8268344402313232
			vertex 6.123233998228043e-16 -9.807852745056152 -1.9509031772613525
			vertex -2.0233471393585205 -9.581864356994629 -2.0233471393585205
		endloop
	endfacet
	facet normal -0.10659732567941443 -0.988571707220065 -0.10659732567941443
		outer loop
			vertex -2.0233471393585205 -9.581864356994629 -2.0233471393585205
			vertex 6.123233998228043e-16 -9.807852745056152 -1.9509031772613525
			vertex -1.9509031772613525 -9.807852745056152 6.123233998228043e-16
		endloop
	endfacet
	facet normal -0.09754969457091414 -0.9904383444607961 -0.09754969457091414
		outer loop
			vertex 6.123233998228043e-16 -9.807852745056152 -1.9509031772613525
			vertex 6.123233998228043e-16 -10 6.123233998228043e-16
			vertex -1.9509031772613525 -9.807852745056152 6.123233998228043e-16
		endloop
	endfacet
	facet normal -0.4961495144099267 -0.30049211081649546 -0.8145797386921927
		outer loop
			vertex -4.297662734985352 -4.297662734985352 -7.941044807434082
			vertex -6.037671089172363 -2.120148181915283 -7.684497356414795
			vertex -4.089075565338135 -2.084592819213867 -8.884476661682129
		endloop
	endfacet
	facet normal -0.30049211081649546 -0.4961495144099267 -0.8145797386921927
		outer loop
			vertex -2.084592819213867 -4.089075565338135 -8.884476661682129
			vertex -2.120148181915283 -6.037671089172363 -7.684497356414795
			vertex -4.297662734985352 -4.297662734985352 -7.941044807434082
		endloop
	endfacet
	facet normal -0.29745587455952394 -0.29745587455952394 -0.9072155231145781
		outer loop
			vertex -2.0233471393585205 -2.0233471393585205 -9.581864356994629
			vertex -2.084592819213867 -4.089075565338135 -8.884476661682129
			vertex -4.089075565338135 -2.084592819213867 -8.884476661682129
		endloop
	endfacet
	facet normal -0.3412200659582193 -0.3412200659582193 -0.8758639923954731
		outer loop
			vertex -4.297662734985352 -4.297662734985352 -7.941044807434082
			vertex -4.089075565338135 -2.084592819213867 -8.884476661682129
			vertex -2.084592819213867 -4.089075565338135 -8.884476661682129
		endloop
	endfacet
	facet normal -0.4694738793626076 -0.09022921388998308 -0.8783239525124085
		outer loop
			vertex -4.089075565338135 -2.084592819213867 -8.884476661682129
			vertex -5.555702209472656 6.123233998228043e-16 -8.314696311950684
			vertex -3.8268344402313232 6.123233998228043e-16 -9.238795280456543
		endloop
	endfacet
	facet normal -0.3143225373162581 -0.12050842800808453 -0.9416363742518074
		outer loop
			vertex -4.089075565338135 -2.084592819213867 -8.884476661682129
			vertex -3.8268344402313232 6.123233998228043e-16 -9.238795280456543
			vertex -2.0233471393585205 -2.0233471393585205 -9.581864356994629
		endloop
	endfacet
	facet normal -0.2889427543463887 -0.09604163072495674 -0.952516713700297
		outer loop
			vertex -1.9509031772613525 6.123233998228043e-16 -9.807852745056152
			vertex -2.0233471393585205 -2.0233471393585205 -9.581864356994629
			vertex -3.8268344402313232 6.123233998228043e-16 -9.238795280456543
		endloop
	endfacet
	facet normal -0.12050842800808453 -0.3143225373162581 -0.9416363742518074
		outer loop
			vertex -2.0233471393585205 -2.0233471393585205 -9.581864356994629
			vertex 6.123233998228043e-16 -3.8268344402313232 -9.238795280456543
			vertex -2.084592819213867 -4.089075565338135 -8.884476661682129
		endloop
	endfacet
	facet normal -0.09022921388998308 -0.4694738793626076 -0.8783239525124085
		outer loop
			vertex 6.123233998228043e-16 -3.8268344402313232 -9.238795280456543
			vertex 6.123233998228043e-16 -5.555702209472656 -8.314696311950684
			vertex -2.084592819213867 -4.089075565338135 -8.884476661682129
		endloop
	endfacet
	facet normal -0.09604163072495674 -0.2889427543463887 -0.952516713700297
		outer loop
			vertex 6.123233998228043e-16 -1.9509031772613525 -9.807852745056152
			vertex 6.123233998228043e-16 -3.8268344402313232 -9.238795280456543
			vertex -2.0233471393585205 -2.0233471393585205 -9.581864356994629
		endloop
	endfacet
	facet normal -0.10659732567941443 -0.10659732567941443 -0.988571707220065
		outer loop
			vertex -1.9509031772613525 6.123233998228043e-16 -9.807852745056152
			vertex 6.123233998228043e-16 -1.9509031772613525 -9.807852745056152
			vertex -2.0233471393585205 -2.0233471393585205 -9.581864356994629
		endloop
	endfacet
	facet normal -0.09754969457091414 -0.09754969457091414 -0.9904383444607961
		outer loop
			vertex -1.9509031772613525 6.123233998228043e-16 -9.807852745056152
			vertex 6.123233998228043e-16 6.123233998228043e-16 -10
			vertex 6.123233998228043e-16 -1.9509031772613525 -9.807852745056152
		endloop
	endfacet
	facet normal -0.7701966804950696 -0.6320841277880284 0.085245109846978
		outer loop
			vertex -7.684497356414795 -6.037671089172363 2.120148181915283
			vertex -8.314696311950684 -5.555702209472656 6.123233998228043e-16
			vertex -7.071067810058594 -7.071067810058594 6.123233998228043e-16
		endloop
	endfacet
	facet normal -0.8449656667327619 -0.5179101262668349 0.1334245972567664
		outer loop
			vertex -8.884476661682129 -4.089075565338135 2.084592819213867
			vertex -8.314696311950684 -5.555702209472656 6.123233998228043e-16
			vertex -7.684497356414795 -6.037671089172363 2.120148181915283
		endloop
	endfacet
	facet normal -0.6320841277880284 -0.7701966804950696 0.085245109846978
		outer loop
			vertex -6.037671089172363 -7.684497356414795 2.120148181915283
			vertex -7.071067810058594 -7.071067810058594 6.123233998228043e-16
			vertex -5.555702209472656 -8.314696311950684 6.123233998228043e-16
		endloop
	endfacet
	facet normal -0.5179101262668349 -0.8449656667327619 0.1334245972567664
		outer loop
			vertex -6.037671089172363 -7.684497356414795 2.120148181915283
			vertex -5.555702209472656 -8.314696311950684 6.123233998228043e-16
			vertex -4.089075565338135 -8.884476661682129 2.084592819213867
		endloop
	endfacet
	facet normal -0.7002709735414635 -0.7002709735414635 0.1387123903282684
		outer loop
			vertex -7.684497356414795 -6.037671089172363 2.120148181915283
			vertex -7.071067810058594 -7.071067810058594 6.123233998228043e-16
			vertex -6.037671089172363 -7.684497356414795 2.120148181915283
		endloop
	endfacet
	facet normal -0.6743314888600394 -0.6743314888600394 0.3009220601145843
		outer loop
			vertex -6.357108116149902 -6.357108116149902 4.378852367401123
			vertex -7.684497356414795 -6.037671089172363 2.120148181915283
			vertex -6.037671089172363 -7.684497356414795 2.120148181915283
		endloop
	endfacet
	facet normal -0.746473622400746 -0.5599467147812984 0.3594952122984947
		outer loop
			vertex -7.941044807434082 -4.297662734985352 4.297662734985352
			vertex -7.684497356414795 -6.037671089172363 2.120148181915283
			vertex -6.357108116149902 -6.357108116149902 4.378852367401123
		endloop
	endfacet
	facet normal -0.5599467147812984 -0.746473622400746 0.3594952122984947
		outer loop
			vertex -6.357108116149902 -6.357108116149902 4.378852367401123
			vertex -6.037671089172363 -7.684497356414795 2.120148181915283
			vertex -4.297662734985352 -7.941044807434082 4.297662734985352
		endloop
	endfacet
	facet normal -0.6908859310700629 -0.5112125928855099 0.5112125928855099
		outer loop
			vertex -6.357108116149902 -4.378852367401123 6.357108116149902
			vertex -7.941044807434082 -4.297662734985352 4.297662734985352
			vertex -6.357108116149902 -6.357108116149902 4.378852367401123
		endloop
	endfacet
	facet normal -0.5112125928855099 -0.6908859310700629 0.5112125928855099
		outer loop
			vertex -4.378852367401123 -6.357108116149902 6.357108116149902
			vertex -6.357108116149902 -6.357108116149902 4.378852367401123
			vertex -4.297662734985352 -7.941044807434082 4.297662734985352
		endloop
	endfacet
	facet normal -0.5773502691896258 -0.5773502691896258 0.5773502691896258
		outer loop
			vertex -6.357108116149902 -4.378852367401123 6.357108116149902
			vertex -6.357108116149902 -6.357108116149902 4.378852367401123
			vertex -4.378852367401123 -6.357108116149902 6.357108116149902
		endloop
	endfacet
	facet normal -0.5112125928855099 -0.5112125928855099 0.6908859310700629
		outer loop
			vertex -4.297662734985352 -4.297662734985352 7.941044807434082
			vertex -6.357108116149902 -4.378852367401123 6.357108116149902
			vertex -4.378852367401123 -6.357108116149902 6.357108116149902
		endloop
	endfacet
	facet normal -0.8783239525124085 -0.4694738793626076 0.09022921388998312
		outer loop
			vertex -8.884476661682129 -4.089075565338135 2.084592819213867
			vertex -9.238795280456543 -3.8268344402313232 6.123233998228043e-16
			vertex -8.314696311950684 -5.555702209472656 6.123233998228043e-16
		endloop
	endfacet
	facet normal -0.952516713700297 -0.2889427543463888 0.09604163072495678
		outer loop
			vertex -9.581864356994629 -2.0233471393585205 2.0233471393585205
			vertex -9.807852745056152 -1.9509031772613525 6.123233998228043e-16
			vertex -9.238795280456543 -3.8268344402313232 6.123233998228043e-16
		endloop
	endfacet
	facet normal -0.9416363742518076 -0.31432253731625814 0.1205084280080846
		outer loop
			vertex -9.581864356994629 -2.0233471393585205 2.0233471393585205
			vertex -9.238795280456543 -3.8268344402313232 6.123233998228043e-16
			vertex -8.884476661682129 -4.089075565338135 2.084592819213867
		endloop
	endfacet
	facet normal -0.9072155231145781 -0.29745587455952394 0.29745587455952394
		outer loop
			vertex -8.884476661682129 -2.084592819213867 4.089075565338135
			vertex -9.581864356994629 -2.0233471393585205 2.0233471393585205
			vertex -8.884476661682129 -4.089075565338135 2.084592819213867
		endloop
	endfacet
	facet normal -0.8145797386921927 -0.4961495144099267 0.30049211081649546
		outer loop
			vertex -7.941044807434082 -4.297662734985352 4.297662734985352
			vertex -8.884476661682129 -4.089075565338135 2.084592819213867
			vertex -7.684497356414795 -6.037671089172363 2.120148181915283
		endloop
	endfacet
	facet normal -0.8758639923954729 -0.34122006595821924 0.34122006595821924
		outer loop
			vertex -8.884476661682129 -2.084592819213867 4.089075565338135
			vertex -8.884476661682129 -4.089075565338135 2.084592819213867
			vertex -7.941044807434082 -4.297662734985352 4.297662734985352
		endloop
	endfacet
	facet normal -0.8145797386921927 -0.30049211081649546 0.4961495144099267
		outer loop
			vertex -7.684497356414795 -2.120148181915283 6.037671089172363
			vertex -8.884476661682129 -2.084592819213867 4.089075565338135
			vertex -7.941044807434082 -4.297662734985352 4.297662734985352
		endloop
	endfacet
	facet normal -0.988571707220065 -0.10659732567941443 0.1065973256794145
		outer loop
			vertex -9.807852745056152 6.123233998228043e-16 1.9509031772613525
			vertex -9.807852745056152 -1.9509031772613525 6.123233998228043e-16
			vertex -9.581864356994629 -2.0233471393585205 2.0233471393585205
		endloop
	endfacet
	facet normal -0.9904383444607963 -0.09754969457091417 0.09754969457091422
		outer loop
			vertex -9.807852745056152 6.123233998228043e-16 1.9509031772613525
			vertex -10 6.123233998228043e-16 6.123233998228043e-16
			vertex -9.807852745056152 -1.9509031772613525 6.123233998228043e-16
		endloop
	endfacet
	facet normal -0.9416363742518076 -0.12050842800808456 0.31432253731625814
		outer loop
			vertex -9.238795280456543 6.123233998228043e-16 3.8268344402313232
			vertex -9.581864356994629 -2.0233471393585205 2.0233471393585205
			vertex -8.884476661682129 -2.084592819213867 4.089075565338135
		endloop
	endfacet
	facet normal -0.952516713700297 -0.09604163072495674 0.2889427543463887
		outer loop
			vertex -9.238795280456543 6.123233998228043e-16 3.8268344402313232
			vertex -9.807852745056152 6.123233998228043e-16 1.9509031772613525
			vertex -9.581864356994629 -2.0233471393585205 2.0233471393585205
		endloop
	endfacet
	facet normal -0.8783239525124085 -0.09022921388998308 0.4694738793626076
		outer loop
			vertex -8.314696311950684 6.123233998228043e-16 5.555702209472656
			vertex -9.238795280456543 6.123233998228043e-16 3.8268344402313232
			vertex -8.884476661682129 -2.084592819213867 4.089075565338135
		endloop
	endfacet
	facet normal -0.8449656667327619 -0.13342459725676634 0.5179101262668349
		outer loop
			vertex -8.314696311950684 6.123233998228043e-16 5.555702209472656
			vertex -8.884476661682129 -2.084592819213867 4.089075565338135
			vertex -7.684497356414795 -2.120148181915283 6.037671089172363
		endloop
	endfacet
	facet normal -0.7701966804950696 -0.08524510984697796 0.6320841277880282
		outer loop
			vertex -7.071067810058594 6.123233998228043e-16 7.071067810058594
			vertex -8.314696311950684 6.123233998228043e-16 5.555702209472656
			vertex -7.684497356414795 -2.120148181915283 6.037671089172363
		endloop
	endfacet
	facet normal -0.746473622400746 -0.3594952122984947 0.5599467147812984
		outer loop
			vertex -7.684497356414795 -2.120148181915283 6.037671089172363
			vertex -7.941044807434082 -4.297662734985352 4.297662734985352
			vertex -6.357108116149902 -4.378852367401123 6.357108116149902
		endloop
	endfacet
	facet normal -0.6743314888600394 -0.3009220601145843 0.6743314888600394
		outer loop
			vertex -6.037671089172363 -2.120148181915283 7.684497356414795
			vertex -7.684497356414795 -2.120148181915283 6.037671089172363
			vertex -6.357108116149902 -4.378852367401123 6.357108116149902
		endloop
	endfacet
	facet normal -0.5599467147812984 -0.3594952122984947 0.746473622400746
		outer loop
			vertex -6.037671089172363 -2.120148181915283 7.684497356414795
			vertex -6.357108116149902 -4.378852367401123 6.357108116149902
			vertex -4.297662734985352 -4.297662734985352 7.941044807434082
		endloop
	endfacet
	facet normal -0.7002709735414635 -0.13871239032826838 0.7002709735414635
		outer loop
			vertex -7.071067810058594 6.123233998228043e-16 7.071067810058594
			vertex -7.684497356414795 -2.120148181915283 6.037671089172363
			vertex -6.037671089172363 -2.120148181915283 7.684497356414795
		endloop
	endfacet
	facet normal -0.5179101262668349 -0.13342459725676634 0.8449656667327619
		outer loop
			vertex -5.555702209472656 6.123233998228043e-16 8.314696311950684
			vertex -6.037671089172363 -2.120148181915283 7.684497356414795
			vertex -4.089075565338135 -2.084592819213867 8.884476661682129
		endloop
	endfacet
	facet normal -0.6320841277880282 -0.08524510984697796 0.7701966804950696
		outer loop
			vertex -5.555702209472656 6.123233998228043e-16 8.314696311950684
			vertex -7.071067810058594 6.123233998228043e-16 7.071067810058594
			vertex -6.037671089172363 -2.120148181915283 7.684497356414795
		endloop
	endfacet
	facet normal -0.4694738793626076 -0.8783239525124085 0.09022921388998312
		outer loop
			vertex -4.089075565338135 -8.884476661682129 2.084592819213867
			vertex -5.555702209472656 -8.314696311950684 6.123233998228043e-16
			vertex -3.8268344402313232 -9.238795280456543 6.123233998228043e-16
		endloop
	endfacet
	facet normal -0.2889427543463888 -0.952516713700297 0.09604163072495678
		outer loop
			vertex -1.9509031772613525 -9.807852745056152 6.123233998228043e-16
			vertex -2.0233471393585205 -9.581864356994629 2.0233471393585205
			vertex -3.8268344402313232 -9.238795280456543 6.123233998228043e-16
		endloop
	endfacet
	facet normal -0.31432253731625814 -0.9416363742518076 0.1205084280080846
		outer loop
			vertex -4.089075565338135 -8.884476661682129 2.084592819213867
			vertex -3.8268344402313232 -9.238795280456543 6.123233998228043e-16
			vertex -2.0233471393585205 -9.581864356994629 2.0233471393585205
		endloop
	endfacet
	facet normal -0.4961495144099267 -0.8145797386921927 0.30049211081649546
		outer loop
			vertex -4.297662734985352 -7.941044807434082 4.297662734985352
			vertex -6.037671089172363 -7.684497356414795 2.120148181915283
			vertex -4.089075565338135 -8.884476661682129 2.084592819213867
		endloop
	endfacet
	facet normal -0.29745587455952394 -0.9072155231145781 0.29745587455952394
		outer loop
			vertex -2.0233471393585205 -9.581864356994629 2.0233471393585205
			vertex -2.084592819213867 -8.884476661682129 4.089075565338135
			vertex -4.089075565338135 -8.884476661682129 2.084592819213867
		endloop
	endfacet
	facet normal -0.34122006595821924 -0.8758639923954729 0.34122006595821924
		outer loop
			vertex -4.297662734985352 -7.941044807434082 4.297662734985352
			vertex -4.089075565338135 -8.884476661682129 2.084592819213867
			vertex -2.084592819213867 -8.884476661682129 4.089075565338135
		endloop
	endfacet
	facet normal -0.30049211081649546 -0.8145797386921927 0.4961495144099267
		outer loop
			vertex -2.084592819213867 -8.884476661682129 4.089075565338135
			vertex -2.120148181915283 -7.684497356414795 6.037671089172363
			vertex -4.297662734985352 -7.941044807434082 4.297662734985352
		endloop
	endfacet
	facet normal -0.10659732567941443 -0.988571707220065 0.1065973256794145
		outer loop
			vertex -1.9509031772613525 -9.807852745056152 6.123233998228043e-16
			vertex 6.123233998228043e-16 -9.807852745056152 1.9509031772613525
			vertex -2.0233471393585205 -9.581864356994629 2.0233471393585205
		endloop
	endfacet
	facet normal -0.09754969457091417 -0.9904383444607963 0.09754969457091422
		outer loop
			vertex -1.9509031772613525 -9.807852745056152 6.123233998228043e-16
			vertex 6.123233998228043e-16 -10 6.123233998228043e-16
			vertex 6.123233998228043e-16 -9.807852745056152 1.9509031772613525
		endloop
	endfacet
	facet normal -0.12050842800808456 -0.9416363742518076 0.31432253731625814
		outer loop
			vertex -2.0233471393585205 -9.581864356994629 2.0233471393585205
			vertex 6.123233998228043e-16 -9.238795280456543 3.8268344402313232
			vertex -2.084592819213867 -8.884476661682129 4.089075565338135
		endloop
	endfacet
	facet normal -0.09604163072495674 -0.952516713700297 0.2889427543463887
		outer loop
			vertex 6.123233998228043e-16 -9.807852745056152 1.9509031772613525
			vertex 6.123233998228043e-16 -9.238795280456543 3.8268344402313232
			vertex -2.0233471393585205 -9.581864356994629 2.0233471393585205
		endloop
	endfacet
	facet normal -0.09022921388998308 -0.8783239525124085 0.4694738793626076
		outer loop
			vertex 6.123233998228043e-16 -9.238795280456543 3.8268344402313232
			vertex 6.123233998228043e-16 -8.314696311950684 5.555702209472656
			vertex -2.084592819213867 -8.884476661682129 4.089075565338135
		endloop
	endfacet
	facet normal -0.3594952122984947 -0.746473622400746 0.5599467147812984
		outer loop
			vertex -4.378852367401123 -6.357108116149902 6.357108116149902
			vertex -4.297662734985352 -7.941044807434082 4.297662734985352
			vertex -2.120148181915283 -7.684497356414795 6.037671089172363
		endloop
	endfacet
	facet normal -0.3009220601145843 -0.6743314888600394 0.6743314888600394
		outer loop
			vertex -2.120148181915283 -7.684497356414795 6.037671089172363
			vertex -2.120148181915283 -6.037671089172363 7.684497356414795
			vertex -4.378852367401123 -6.357108116149902 6.357108116149902
		endloop
	endfacet
	facet normal -0.3594952122984947 -0.5599467147812984 0.746473622400746
		outer loop
			vertex -4.297662734985352 -4.297662734985352 7.941044807434082
			vertex -4.378852367401123 -6.357108116149902 6.357108116149902
			vertex -2.120148181915283 -6.037671089172363 7.684497356414795
		endloop
	endfacet
	facet normal -0.13342459725676634 -0.8449656667327619 0.5179101262668349
		outer loop
			vertex -2.084592819213867 -8.884476661682129 4.089075565338135
			vertex 6.123233998228043e-16 -8.314696311950684 5.555702209472656
			vertex -2.120148181915283 -7.684497356414795 6.037671089172363
		endloop
	endfacet
	facet normal -0.08524510984697796 -0.7701966804950696 0.6320841277880282
		outer loop
			vertex 6.123233998228043e-16 -8.314696311950684 5.555702209472656
			vertex 6.123233998228043e-16 -7.071067810058594 7.071067810058594
			vertex -2.120148181915283 -7.684497356414795 6.037671089172363
		endloop
	endfacet
	facet normal -0.13871239032826838 -0.7002709735414635 0.7002709735414635
		outer loop
			vertex -2.120148181915283 -7.684497356414795 6.037671089172363
			vertex 6.123233998228043e-16 -7.071067810058594 7.071067810058594
			vertex -2.120148181915283 -6.037671089172363 7.684497356414795
		endloop
	endfacet
	facet normal -0.13342459725676634 -0.5179101262668349 0.8449656667327619
		outer loop
			vertex -2.120148181915283 -6.037671089172363 7.684497356414795
			vertex 6.123233998228043e-16 -5.555702209472656 8.314696311950684
			vertex -2.084592819213867 -4.089075565338135 8.884476661682129
		endloop
	endfacet
	facet normal -0.08524510984697796 -0.6320841277880282 0.7701966804950696
		outer loop
			vertex 6.123233998228043e-16 -7.071067810058594 7.071067810058594
			vertex 6.123233998228043e-16 -5.555702209472656 8.314696311950684
			vertex -2.120148181915283 -6.037671089172363 7.684497356414795
		endloop
	endfacet
	facet normal -0.4961495144099267 -0.30049211081649546 0.8145797386921927
		outer loop
			vertex -4.089075565338135 -2.084592819213867 8.884476661682129
			vertex -6.037671089172363 -2.120148181915283 7.684497356414795
			vertex -4.297662734985352 -4.297662734985352 7.941044807434082
		endloop
	endfacet
	facet normal -0.30049211081649546 -0.4961495144099267 0.8145797386921927
		outer loop
			vertex -2.120148181915283 -6.037671089172363 7.684497356414795
			vertex -2.084592819213867 -4.089075565338135 8.884476661682129
			vertex -4.297662734985352 -4.297662734985352 7.941044807434082
		endloop
	endfacet
	facet normal -0.3412200659582193 -0.3412200659582193 0.8758639923954731
		outer loop
			vertex -4.089075565338135 -2.084592819213867 8.884476661682129
			vertex -4.297662734985352 -4.297662734985352 7.941044807434082
			vertex -2.084592819213867 -4.089075565338135 8.884476661682129
		endloop
	endfacet
	facet normal -0.29745587455952394 -0.29745587455952394 0.9072155231145781
		outer loop
			vertex -2.084592819213867 -4.089075565338135 8.884476661682129
			vertex -2.0233471393585205 -2.0233471393585205 9.581864356994629
			vertex -4.089075565338135 -2.084592819213867 8.884476661682129
		endloop
	endfacet
	facet normal -0.4694738793626076 -0.09022921388998308 0.8783239525124085
		outer loop
			vertex -3.8268344402313232 6.123233998228043e-16 9.238795280456543
			vertex -5.555702209472656 6.123233998228043e-16 8.314696311950684
			vertex -4.089075565338135 -2.084592819213867 8.884476661682129
		endloop
	endfacet
	facet normal -0.3143225373162581 -0.12050842800808453 0.9416363742518074
		outer loop
			vertex -3.8268344402313232 6.123233998228043e-16 9.238795280456543
			vertex -4.089075565338135 -2.084592819213867 8.884476661682129
			vertex -2.0233471393585205 -2.0233471393585205 9.581864356994629
		endloop
	endfacet
	facet normal -0.2889427543463887 -0.09604163072495674 0.952516713700297
		outer loop
			vertex -2.0233471393585205 -2.0233471393585205 9.581864356994629
			vertex -1.9509031772613525 6.123233998228043e-16 9.807852745056152
			vertex -3.8268344402313232 6.123233998228043e-16 9.238795280456543
		endloop
	endfacet
	facet normal -0.12050842800808453 -0.3143225373162581 0.9416363742518074
		outer loop
			vertex -2.084592819213867 -4.089075565338135 8.884476661682129
			vertex 6.123233998228043e-16 -3.8268344402313232 9.238795280456543
			vertex -2.0233471393585205 -2.0233471393585205 9.581864356994629
		endloop
	endfacet
	facet normal -0.09022921388998308 -0.4694738793626076 0.8783239525124085
		outer loop
			vertex 6.123233998228043e-16 -5.555702209472656 8.314696311950684
			vertex 6.123233998228043e-16 -3.8268344402313232 9.238795280456543
			vertex -2.084592819213867 -4.089075565338135 8.884476661682129
		endloop
	endfacet
	facet normal -0.09604163072495674 -0.2889427543463887 0.952516713700297
		outer loop
			vertex 6.123233998228043e-16 -3.8268344402313232 9.238795280456543
			vertex 6.123233998228043e-16 -1.9509031772613525 9.807852745056152
			vertex -2.0233471393585205 -2.0233471393585205 9.581864356994629
		endloop
	endfacet
	facet normal -0.10659732567941443 -0.10659732567941443 0.988571707220065
		outer loop
			vertex -2.0233471393585205 -2.0233471393585205 9.581864356994629
			vertex 6.123233998228043e-16 -1.9509031772613525 9.807852745056152
			vertex -1.9509031772613525 6.123233998228043e-16 9.807852745056152
		endloop
	endfacet
	facet normal -0.09754969457091414 -0.09754969457091414 0.9904383444607961
		outer loop
			vertex 6.123233998228043e-16 -1.9509031772613525 9.807852745056152
			vertex 6.123233998228043e-16 6.123233998228043e-16 10
			vertex -1.9509031772613525 6.123233998228043e-16 9.807852745056152
		endloop
	endfacet
	facet normal -0.7701966804950696 0.085245109846978 -0.6320841277880284
		outer loop
			vertex -7.071067810058594 6.123233998228043e-16 -7.071067810058594
			vertex -8.314696311950684 6.123233998228043e-16 -5.555702209472656
			vertex -7.684497356414795 2.120148181915283 -6.037671089172363
		endloop
	endfacet
	facet normal -0.8449656667327619 0.1334245972567664 -0.5179101262668349
		outer loop
			vertex -7.684497356414795 2.120148181915283 -6.037671089172363
			vertex -8.314696311950684 6.123233998228043e-16 -5.555702209472656
			vertex -8.884476661682129 2.084592819213867 -4.089075565338135
		endloop
	endfacet
	facet normal -0.6320841277880284 0.085245109846978 -0.7701966804950696
		outer loop
			vertex -5.555702209472656 6.123233998228043e-16 -8.314696311950684
			vertex -7.071067810058594 6.123233998228043e-16 -7.071067810058594
			vertex -6.037671089172363 2.120148181915283 -7.684497356414795
		endloop
	endfacet
	facet normal -0.5179101262668349 0.1334245972567664 -0.8449656667327619
		outer loop
			vertex -4.089075565338135 2.084592819213867 -8.884476661682129
			vertex -5.555702209472656 6.123233998228043e-16 -8.314696311950684
			vertex -6.037671089172363 2.120148181915283 -7.684497356414795
		endloop
	endfacet
	facet normal -0.7002709735414635 0.1387123903282684 -0.7002709735414635
		outer loop
			vertex -6.037671089172363 2.120148181915283 -7.684497356414795
			vertex -7.071067810058594 6.123233998228043e-16 -7.071067810058594
			vertex -7.684497356414795 2.120148181915283 -6.037671089172363
		endloop
	endfacet
	facet normal -0.6743314888600394 0.3009220601145843 -0.6743314888600394
		outer loop
			vertex -6.037671089172363 2.120148181915283 -7.684497356414795
			vertex -7.684497356414795 2.120148181915283 -6.037671089172363
			vertex -6.357108116149902 4.378852367401123 -6.357108116149902
		endloop
	endfacet
	facet normal -0.746473622400746 0.3594952122984947 -0.5599467147812984
		outer loop
			vertex -7.941044807434082 4.297662734985352 -4.297662734985352
			vertex -6.357108116149902 4.378852367401123 -6.357108116149902
			vertex -7.684497356414795 2.120148181915283 -6.037671089172363
		endloop
	endfacet
	facet normal -0.5599467147812984 0.3594952122984947 -0.746473622400746
		outer loop
			vertex -6.357108116149902 4.378852367401123 -6.357108116149902
			vertex -4.297662734985352 4.297662734985352 -7.941044807434082
			vertex -6.037671089172363 2.120148181915283 -7.684497356414795
		endloop
	endfacet
	facet normal -0.8783239525124085 0.09022921388998312 -0.4694738793626076
		outer loop
			vertex -8.314696311950684 6.123233998228043e-16 -5.555702209472656
			vertex -9.238795280456543 6.123233998228043e-16 -3.8268344402313232
			vertex -8.884476661682129 2.084592819213867 -4.089075565338135
		endloop
	endfacet
	facet normal -0.952516713700297 0.09604163072495678 -0.2889427543463888
		outer loop
			vertex -9.238795280456543 6.123233998228043e-16 -3.8268344402313232
			vertex -9.807852745056152 6.123233998228043e-16 -1.9509031772613525
			vertex -9.581864356994629 2.0233471393585205 -2.0233471393585205
		endloop
	endfacet
	facet normal -0.9416363742518076 0.1205084280080846 -0.31432253731625814
		outer loop
			vertex -8.884476661682129 2.084592819213867 -4.089075565338135
			vertex -9.238795280456543 6.123233998228043e-16 -3.8268344402313232
			vertex -9.581864356994629 2.0233471393585205 -2.0233471393585205
		endloop
	endfacet
	facet normal -0.9904383444607963 0.09754969457091422 -0.09754969457091417
		outer loop
			vertex -9.807852745056152 6.123233998228043e-16 -1.9509031772613525
			vertex -10 6.123233998228043e-16 6.123233998228043e-16
			vertex -9.807852745056152 1.9509031772613525 6.123233998228043e-16
		endloop
	endfacet
	facet normal -0.988571707220065 0.1065973256794145 -0.10659732567941443
		outer loop
			vertex -9.581864356994629 2.0233471393585205 -2.0233471393585205
			vertex -9.807852745056152 6.123233998228043e-16 -1.9509031772613525
			vertex -9.807852745056152 1.9509031772613525 6.123233998228043e-16
		endloop
	endfacet
	facet normal -0.9072155231145781 0.29745587455952394 -0.29745587455952394
		outer loop
			vertex -8.884476661682129 2.084592819213867 -4.089075565338135
			vertex -9.581864356994629 2.0233471393585205 -2.0233471393585205
			vertex -8.884476661682129 4.089075565338135 -2.084592819213867
		endloop
	endfacet
	facet normal -0.8145797386921927 0.30049211081649546 -0.4961495144099267
		outer loop
			vertex -7.684497356414795 2.120148181915283 -6.037671089172363
			vertex -8.884476661682129 2.084592819213867 -4.089075565338135
			vertex -7.941044807434082 4.297662734985352 -4.297662734985352
		endloop
	endfacet
	facet normal -0.8758639923954729 0.34122006595821924 -0.34122006595821924
		outer loop
			vertex -8.884476661682129 4.089075565338135 -2.084592819213867
			vertex -7.941044807434082 4.297662734985352 -4.297662734985352
			vertex -8.884476661682129 2.084592819213867 -4.089075565338135
		endloop
	endfacet
	facet normal -0.8145797386921927 0.4961495144099267 -0.30049211081649546
		outer loop
			vertex -8.884476661682129 4.089075565338135 -2.084592819213867
			vertex -7.684497356414795 6.037671089172363 -2.120148181915283
			vertex -7.941044807434082 4.297662734985352 -4.297662734985352
		endloop
	endfacet
	facet normal -0.9416363742518076 0.31432253731625814 -0.12050842800808456
		outer loop
			vertex -9.238795280456543 3.8268344402313232 6.123233998228043e-16
			vertex -8.884476661682129 4.089075565338135 -2.084592819213867
			vertex -9.581864356994629 2.0233471393585205 -2.0233471393585205
		endloop
	endfacet
	facet normal -0.952516713700297 0.2889427543463887 -0.09604163072495674
		outer loop
			vertex -9.581864356994629 2.0233471393585205 -2.0233471393585205
			vertex -9.807852745056152 1.9509031772613525 6.123233998228043e-16
			vertex -9.238795280456543 3.8268344402313232 6.123233998228043e-16
		endloop
	endfacet
	facet normal -0.8783239525124085 0.4694738793626076 -0.09022921388998308
		outer loop
			vertex -9.238795280456543 3.8268344402313232 6.123233998228043e-16
			vertex -8.314696311950684 5.555702209472656 6.123233998228043e-16
			vertex -8.884476661682129 4.089075565338135 -2.084592819213867
		endloop
	endfacet
	facet normal -0.6908859310700629 0.5112125928855099 -0.5112125928855099
		outer loop
			vertex -7.941044807434082 4.297662734985352 -4.297662734985352
			vertex -6.357108116149902 6.357108116149902 -4.378852367401123
			vertex -6.357108116149902 4.378852367401123 -6.357108116149902
		endloop
	endfacet
	facet normal -0.5112125928855099 0.5112125928855099 -0.6908859310700629
		outer loop
			vertex -6.357108116149902 4.378852367401123 -6.357108116149902
			vertex -4.378852367401123 6.357108116149902 -6.357108116149902
			vertex -4.297662734985352 4.297662734985352 -7.941044807434082
		endloop
	endfacet
	facet normal -0.5773502691896258 0.5773502691896258 -0.5773502691896258
		outer loop
			vertex -6.357108116149902 6.357108116149902 -4.378852367401123
			vertex -4.378852367401123 6.357108116149902 -6.357108116149902
			vertex -6.357108116149902 4.378852367401123 -6.357108116149902
		endloop
	endfacet
	facet normal -0.5112125928855099 0.6908859310700629 -0.5112125928855099
		outer loop
			vertex -6.357108116149902 6.357108116149902 -4.378852367401123
			vertex -4.297662734985352 7.941044807434082 -4.297662734985352
			vertex -4.378852367401123 6.357108116149902 -6.357108116149902
		endloop
	endfacet
	facet normal -0.8449656667327619 0.5179101262668349 -0.13342459725676634
		outer loop
			vertex -8.314696311950684 5.555702209472656 6.123233998228043e-16
			vertex -7.684497356414795 6.037671089172363 -2.120148181915283
			vertex -8.884476661682129 4.089075565338135 -2.084592819213867
		endloop
	endfacet
	facet normal -0.7701966804950696 0.6320841277880282 -0.08524510984697796
		outer loop
			vertex -8.314696311950684 5.555702209472656 6.123233998228043e-16
			vertex -7.071067810058594 7.071067810058594 6.123233998228043e-16
			vertex -7.684497356414795 6.037671089172363 -2.120148181915283
		endloop
	endfacet
	facet normal -0.746473622400746 0.5599467147812984 -0.3594952122984947
		outer loop
			vertex -7.684497356414795 6.037671089172363 -2.120148181915283
			vertex -6.357108116149902 6.357108116149902 -4.378852367401123
			vertex -7.941044807434082 4.297662734985352 -4.297662734985352
		endloop
	endfacet
	facet normal -0.6743314888600394 0.6743314888600394 -0.3009220601145843
		outer loop
			vertex -7.684497356414795 6.037671089172363 -2.120148181915283
			vertex -6.037671089172363 7.684497356414795 -2.120148181915283
			vertex -6.357108116149902 6.357108116149902 -4.378852367401123
		endloop
	endfacet
	facet normal -0.5599467147812984 0.746473622400746 -0.3594952122984947
		outer loop
			vertex -6.037671089172363 7.684497356414795 -2.120148181915283
			vertex -4.297662734985352 7.941044807434082 -4.297662734985352
			vertex -6.357108116149902 6.357108116149902 -4.378852367401123
		endloop
	endfacet
	facet normal -0.7002709735414635 0.7002709735414635 -0.13871239032826838
		outer loop
			vertex -7.071067810058594 7.071067810058594 6.123233998228043e-16
			vertex -6.037671089172363 7.684497356414795 -2.120148181915283
			vertex -7.684497356414795 6.037671089172363 -2.120148181915283
		endloop
	endfacet
	facet normal -0.5179101262668349 0.8449656667327619 -0.13342459725676634
		outer loop
			vertex -5.555702209472656 8.314696311950684 6.123233998228043e-16
			vertex -4.089075565338135 8.884476661682129 -2.084592819213867
			vertex -6.037671089172363 7.684497356414795 -2.120148181915283
		endloop
	endfacet
	facet normal -0.6320841277880282 0.7701966804950696 -0.08524510984697796
		outer loop
			vertex -7.071067810058594 7.071067810058594 6.123233998228043e-16
			vertex -5.555702209472656 8.314696311950684 6.123233998228043e-16
			vertex -6.037671089172363 7.684497356414795 -2.120148181915283
		endloop
	endfacet
	facet normal -0.4694738793626076 0.09022921388998312 -0.8783239525124085
		outer loop
			vertex -3.8268344402313232 6.123233998228043e-16 -9.238795280456543
			vertex -5.555702209472656 6.123233998228043e-16 -8.314696311950684
			vertex -4.089075565338135 2.084592819213867 -8.884476661682129
		endloop
	endfacet
	facet normal -0.2889427543463888 0.09604163072495678 -0.952516713700297
		outer loop
			vertex -1.9509031772613525 6.123233998228043e-16 -9.807852745056152
			vertex -3.8268344402313232 6.123233998228043e-16 -9.238795280456543
			vertex -2.0233471393585205 2.0233471393585205 -9.581864356994629
		endloop
	endfacet
	facet normal -0.3143225373162581 0.12050842800808458 -0.9416363742518074
		outer loop
			vertex -2.0233471393585205 2.0233471393585205 -9.581864356994629
			vertex -3.8268344402313232 6.123233998228043e-16 -9.238795280456543
			vertex -4.089075565338135 2.084592819213867 -8.884476661682129
		endloop
	endfacet
	facet normal -0.4961495144099267 0.30049211081649546 -0.8145797386921927
		outer loop
			vertex -4.089075565338135 2.084592819213867 -8.884476661682129
			vertex -6.037671089172363 2.120148181915283 -7.684497356414795
			vertex -4.297662734985352 4.297662734985352 -7.941044807434082
		endloop
	endfacet
	facet normal -0.29745587455952394 0.29745587455952394 -0.9072155231145781
		outer loop
			vertex -2.0233471393585205 2.0233471393585205 -9.581864356994629
			vertex -4.089075565338135 2.084592819213867 -8.884476661682129
			vertex -2.084592819213867 4.089075565338135 -8.884476661682129
		endloop
	endfacet
	facet normal -0.3412200659582193 0.3412200659582193 -0.8758639923954731
		outer loop
			vertex -4.297662734985352 4.297662734985352 -7.941044807434082
			vertex -2.084592819213867 4.089075565338135 -8.884476661682129
			vertex -4.089075565338135 2.084592819213867 -8.884476661682129
		endloop
	endfacet
	facet normal -0.30049211081649546 0.4961495144099267 -0.8145797386921927
		outer loop
			vertex -4.297662734985352 4.297662734985352 -7.941044807434082
			vertex -2.120148181915283 6.037671089172363 -7.684497356414795
			vertex -2.084592819213867 4.089075565338135 -8.884476661682129
		endloop
	endfacet
	facet normal -0.10659732567941443 0.1065973256794145 -0.988571707220065
		outer loop
			vertex 6.123233998228043e-16 1.9509031772613525 -9.807852745056152
			vertex -1.9509031772613525 6.123233998228043e-16 -9.807852745056152
			vertex -2.0233471393585205 2.0233471393585205 -9.581864356994629
		endloop
	endfacet
	facet normal -0.09754969457091417 0.09754969457091422 -0.9904383444607963
		outer loop
			vertex 6.123233998228043e-16 1.9509031772613525 -9.807852745056152
			vertex 6.123233998228043e-16 6.123233998228043e-16 -10
			vertex -1.9509031772613525 6.123233998228043e-16 -9.807852745056152
		endloop
	endfacet
	facet normal -0.12050842800808453 0.3143225373162581 -0.9416363742518074
		outer loop
			vertex -2.084592819213867 4.089075565338135 -8.884476661682129
			vertex 6.123233998228043e-16 3.8268344402313232 -9.238795280456543
			vertex -2.0233471393585205 2.0233471393585205 -9.581864356994629
		endloop
	endfacet
	facet normal -0.09604163072495674 0.2889427543463887 -0.952516713700297
		outer loop
			vertex 6.123233998228043e-16 1.9509031772613525 -9.807852745056152
			vertex -2.0233471393585205 2.0233471393585205 -9.581864356994629
			vertex 6.123233998228043e-16 3.8268344402313232 -9.238795280456543
		endloop
	endfacet
	facet normal -0.09022921388998308 0.4694738793626076 -0.8783239525124085
		outer loop
			vertex -2.084592819213867 4.089075565338135 -8.884476661682129
			vertex 6.123233998228043e-16 5.555702209472656 -8.314696311950684
			vertex 6.123233998228043e-16 3.8268344402313232 -9.238795280456543
		endloop
	endfacet
	facet normal -0.3594952122984947 0.5599467147812984 -0.746473622400746
		outer loop
			vertex -4.378852367401123 6.357108116149902 -6.357108116149902
			vertex -2.120148181915283 6.037671089172363 -7.684497356414795
			vertex -4.297662734985352 4.297662734985352 -7.941044807434082
		endloop
	endfacet
	facet normal -0.3009220601145843 0.6743314888600394 -0.6743314888600394
		outer loop
			vertex -4.378852367401123 6.357108116149902 -6.357108116149902
			vertex -2.120148181915283 7.684497356414795 -6.037671089172363
			vertex -2.120148181915283 6.037671089172363 -7.684497356414795
		endloop
	endfacet
	facet normal -0.3594952122984947 0.746473622400746 -0.5599467147812984
		outer loop
			vertex -4.297662734985352 7.941044807434082 -4.297662734985352
			vertex -2.120148181915283 7.684497356414795 -6.037671089172363
			vertex -4.378852367401123 6.357108116149902 -6.357108116149902
		endloop
	endfacet
	facet normal -0.13342459725676634 0.5179101262668349 -0.8449656667327619
		outer loop
			vertex -2.120148181915283 6.037671089172363 -7.684497356414795
			vertex 6.123233998228043e-16 5.555702209472656 -8.314696311950684
			vertex -2.084592819213867 4.089075565338135 -8.884476661682129
		endloop
	endfacet
	facet normal -0.08524510984697796 0.6320841277880282 -0.7701966804950696
		outer loop
			vertex -2.120148181915283 6.037671089172363 -7.684497356414795
			vertex 6.123233998228043e-16 7.071067810058594 -7.071067810058594
			vertex 6.123233998228043e-16 5.555702209472656 -8.314696311950684
		endloop
	endfacet
	facet normal -0.13871239032826838 0.7002709735414635 -0.7002709735414635
		outer loop
			vertex -2.120148181915283 7.684497356414795 -6.037671089172363
			vertex 6.123233998228043e-16 7.071067810058594 -7.071067810058594
			vertex -2.120148181915283 6.037671089172363 -7.684497356414795
		endloop
	endfacet
	facet normal -0.13342459725676634 0.8449656667327619 -0.5179101262668349
		outer loop
			vertex -2.084592819213867 8.884476661682129 -4.089075565338135
			vertex 6.123233998228043e-16 8.314696311950684 -5.555702209472656
			vertex -2.120148181915283 7.684497356414795 -6.037671089172363
		endloop
	endfacet
	facet normal -0.08524510984697796 0.7701966804950696 -0.6320841277880282
		outer loop
			vertex -2.120148181915283 7.684497356414795 -6.037671089172363
			vertex 6.123233998228043e-16 8.314696311950684 -5.555702209472656
			vertex 6.123233998228043e-16 7.071067810058594 -7.071067810058594
		endloop
	endfacet
	facet normal -0.4961495144099267 0.8145797386921927 -0.30049211081649546
		outer loop
			vertex -6.037671089172363 7.684497356414795 -2.120148181915283
			vertex -4.089075565338135 8.884476661682129 -2.084592819213867
			vertex -4.297662734985352 7.941044807434082 -4.297662734985352
		endloop
	endfacet
	facet normal -0.30049211081649546 0.8145797386921927 -0.4961495144099267
		outer loop
			vertex -4.297662734985352 7.941044807434082 -4.297662734985352
			vertex -2.084592819213867 8.884476661682129 -4.089075565338135
			vertex -2.120148181915283 7.684497356414795 -6.037671089172363
		endloop
	endfacet
	facet normal -0.34122006595821924 0.8758639923954729 -0.34122006595821924
		outer loop
			vertex -4.089075565338135 8.884476661682129 -2.084592819213867
			vertex -2.084592819213867 8.884476661682129 -4.089075565338135
			vertex -4.297662734985352 7.941044807434082 -4.297662734985352
		endloop
	endfacet
	facet normal -0.29745587455952394 0.9072155231145781 -0.29745587455952394
		outer loop
			vertex -4.089075565338135 8.884476661682129 -2.084592819213867
			vertex -2.0233471393585205 9.581864356994629 -2.0233471393585205
			vertex -2.084592819213867 8.884476661682129 -4.089075565338135
		endloop
	endfacet
	facet normal -0.4694738793626076 0.8783239525124085 -0.09022921388998308
		outer loop
			vertex -5.555702209472656 8.314696311950684 6.123233998228043e-16
			vertex -3.8268344402313232 9.238795280456543 6.123233998228043e-16
			vertex -4.089075565338135 8.884476661682129 -2.084592819213867
		endloop
	endfacet
	facet normal -0.31432253731625814 0.9416363742518076 -0.12050842800808456
		outer loop
			vertex -3.8268344402313232 9.238795280456543 6.123233998228043e-16
			vertex -2.0233471393585205 9.581864356994629 -2.0233471393585205
			vertex -4.089075565338135 8.884476661682129 -2.084592819213867
		endloop
	endfacet
	facet normal -0.2889427543463887 0.952516713700297 -0.09604163072495674
		outer loop
			vertex -3.8268344402313232 9.238795280456543 6.123233998228043e-16
			vertex -1.9509031772613525 9.807852745056152 6.123233998228043e-16
			vertex -2.0233471393585205 9.581864356994629 -2.0233471393585205
		endloop
	endfacet
	facet normal -0.12050842800808456 0.9416363742518076 -0.31432253731625814
		outer loop
			vertex -2.0233471393585205 9.581864356994629 -2.0233471393585205
			vertex 6.123233998228043e-16 9.238795280456543 -3.8268344402313232
			vertex -2.084592819213867 8.884476661682129 -4.089075565338135
		endloop
	endfacet
	facet normal -0.09022921388998308 0.8783239525124085 -0.4694738793626076
		outer loop
			vertex -2.084592819213867 8.884476661682129 -4.089075565338135
			vertex 6.123233998228043e-16 9.238795280456543 -3.8268344402313232
			vertex 6.123233998228043e-16 8.314696311950684 -5.555702209472656
		endloop
	endfacet
	facet normal -0.09604163072495674 0.952516713700297 -0.2889427543463887
		outer loop
			vertex -2.0233471393585205 9.581864356994629 -2.0233471393585205
			vertex 6.123233998228043e-16 9.807852745056152 -1.9509031772613525
			vertex 6.123233998228043e-16 9.238795280456543 -3.8268344402313232
		endloop
	endfacet
	facet normal -0.10659732567941443 0.988571707220065 -0.10659732567941443
		outer loop
			vertex -1.9509031772613525 9.807852745056152 6.123233998228043e-16
			vertex 6.123233998228043e-16 9.807852745056152 -1.9509031772613525
			vertex -2.0233471393585205 9.581864356994629 -2.0233471393585205
		endloop
	endfacet
	facet normal -0.09754969457091414 0.9904383444607961 -0.09754969457091414
		outer loop
			vertex -1.9509031772613525 9.807852745056152 6.123233998228043e-16
			vertex 6.123233998228043e-16 10 6.123233998228043e-16
			vertex 6.123233998228043e-16 9.807852745056152 -1.9509031772613525
		endloop
	endfacet
	facet normal -0.9904383444607963 0.09754969457091424 0.09754969457091424
		outer loop
			vertex -9.807852745056152 1.9509031772613525 6.123233998228043e-16
			vertex -10 6.123233998228043e-16 6.123233998228043e-16
			vertex -9.807852745056152 6.123233998228043e-16 1.9509031772613525
		endloop
	endfacet
	facet normal -0.988571707220065 0.10659732567941449 0.10659732567941449
		outer loop
			vertex -9.807852745056152 1.9509031772613525 6.123233998228043e-16
			vertex -9.807852745056152 6.123233998228043e-16 1.9509031772613525
			vertex -9.581864356994629 2.0233471393585205 2.0233471393585205
		endloop
	endfacet
	facet normal -0.952516713700297 0.09604163072495678 0.2889427543463888
		outer loop
			vertex -9.807852745056152 6.123233998228043e-16 1.9509031772613525
			vertex -9.238795280456543 6.123233998228043e-16 3.8268344402313232
			vertex -9.581864356994629 2.0233471393585205 2.0233471393585205
		endloop
	endfacet
	facet normal -0.8783239525124085 0.09022921388998312 0.4694738793626076
		outer loop
			vertex -9.238795280456543 6.123233998228043e-16 3.8268344402313232
			vertex -8.314696311950684 6.123233998228043e-16 5.555702209472656
			vertex -8.884476661682129 2.084592819213867 4.089075565338135
		endloop
	endfacet
	facet normal -0.9416363742518076 0.1205084280080846 0.31432253731625814
		outer loop
			vertex -9.581864356994629 2.0233471393585205 2.0233471393585205
			vertex -9.238795280456543 6.123233998228043e-16 3.8268344402313232
			vertex -8.884476661682129 2.084592819213867 4.089075565338135
		endloop
	endfacet
	facet normal -0.952516713700297 0.2889427543463888 0.09604163072495678
		outer loop
			vertex -9.807852745056152 1.9509031772613525 6.123233998228043e-16
			vertex -9.581864356994629 2.0233471393585205 2.0233471393585205
			vertex -9.238795280456543 3.8268344402313232 6.123233998228043e-16
		endloop
	endfacet
	facet normal -0.9416363742518076 0.31432253731625814 0.1205084280080846
		outer loop
			vertex -8.884476661682129 4.089075565338135 2.084592819213867
			vertex -9.238795280456543 3.8268344402313232 6.123233998228043e-16
			vertex -9.581864356994629 2.0233471393585205 2.0233471393585205
		endloop
	endfacet
	facet normal -0.8783239525124085 0.4694738793626076 0.09022921388998312
		outer loop
			vertex -8.884476661682129 4.089075565338135 2.084592819213867
			vertex -8.314696311950684 5.555702209472656 6.123233998228043e-16
			vertex -9.238795280456543 3.8268344402313232 6.123233998228043e-16
		endloop
	endfacet
	facet normal -0.9072155231145781 0.29745587455952394 0.29745587455952394
		outer loop
			vertex -9.581864356994629 2.0233471393585205 2.0233471393585205
			vertex -8.884476661682129 2.084592819213867 4.089075565338135
			vertex -8.884476661682129 4.089075565338135 2.084592819213867
		endloop
	endfacet
	facet normal -0.8758639923954729 0.34122006595821924 0.34122006595821924
		outer loop
			vertex -7.941044807434082 4.297662734985352 4.297662734985352
			vertex -8.884476661682129 4.089075565338135 2.084592819213867
			vertex -8.884476661682129 2.084592819213867 4.089075565338135
		endloop
	endfacet
	facet normal -0.8145797386921927 0.30049211081649546 0.4961495144099267
		outer loop
			vertex -8.884476661682129 2.084592819213867 4.089075565338135
			vertex -7.684497356414795 2.120148181915283 6.037671089172363
			vertex -7.941044807434082 4.297662734985352 4.297662734985352
		endloop
	endfacet
	facet normal -0.8145797386921927 0.4961495144099267 0.30049211081649546
		outer loop
			vertex -7.941044807434082 4.297662734985352 4.297662734985352
			vertex -7.684497356414795 6.037671089172363 2.120148181915283
			vertex -8.884476661682129 4.089075565338135 2.084592819213867
		endloop
	endfacet
	facet normal -0.7701966804950696 0.085245109846978 0.6320841277880284
		outer loop
			vertex -8.314696311950684 6.123233998228043e-16 5.555702209472656
			vertex -7.071067810058594 6.123233998228043e-16 7.071067810058594
			vertex -7.684497356414795 2.120148181915283 6.037671089172363
		endloop
	endfacet
	facet normal -0.8449656667327619 0.1334245972567664 0.5179101262668349
		outer loop
			vertex -8.884476661682129 2.084592819213867 4.089075565338135
			vertex -8.314696311950684 6.123233998228043e-16 5.555702209472656
			vertex -7.684497356414795 2.120148181915283 6.037671089172363
		endloop
	endfacet
	facet normal -0.7002709735414635 0.1387123903282684 0.7002709735414635
		outer loop
			vertex -7.684497356414795 2.120148181915283 6.037671089172363
			vertex -7.071067810058594 6.123233998228043e-16 7.071067810058594
			vertex -6.037671089172363 2.120148181915283 7.684497356414795
		endloop
	endfacet
	facet normal -0.6320841277880284 0.085245109846978 0.7701966804950696
		outer loop
			vertex -7.071067810058594 6.123233998228043e-16 7.071067810058594
			vertex -5.555702209472656 6.123233998228043e-16 8.314696311950684
			vertex -6.037671089172363 2.120148181915283 7.684497356414795
		endloop
	endfacet
	facet normal -0.5179101262668349 0.1334245972567664 0.8449656667327619
		outer loop
			vertex -6.037671089172363 2.120148181915283 7.684497356414795
			vertex -5.555702209472656 6.123233998228043e-16 8.314696311950684
			vertex -4.089075565338135 2.084592819213867 8.884476661682129
		endloop
	endfacet
	facet normal -0.746473622400746 0.3594952122984947 0.5599467147812984
		outer loop
			vertex -6.357108116149902 4.378852367401123 6.357108116149902
			vertex -7.941044807434082 4.297662734985352 4.297662734985352
			vertex -7.684497356414795 2.120148181915283 6.037671089172363
		endloop
	endfacet
	facet normal -0.6743314888600394 0.3009220601145843 0.6743314888600394
		outer loop
			vertex -7.684497356414795 2.120148181915283 6.037671089172363
			vertex -6.037671089172363 2.120148181915283 7.684497356414795
			vertex -6.357108116149902 4.378852367401123 6.357108116149902
		endloop
	endfacet
	facet normal -0.5599467147812984 0.3594952122984947 0.746473622400746
		outer loop
			vertex -4.297662734985352 4.297662734985352 7.941044807434082
			vertex -6.357108116149902 4.378852367401123 6.357108116149902
			vertex -6.037671089172363 2.120148181915283 7.684497356414795
		endloop
	endfacet
	facet normal -0.7701966804950696 0.6320841277880284 0.085245109846978
		outer loop
			vertex -7.684497356414795 6.037671089172363 2.120148181915283
			vertex -7.071067810058594 7.071067810058594 6.123233998228043e-16
			vertex -8.314696311950684 5.555702209472656 6.123233998228043e-16
		endloop
	endfacet
	facet normal -0.8449656667327619 0.5179101262668349 0.1334245972567664
		outer loop
			vertex -7.684497356414795 6.037671089172363 2.120148181915283
			vertex -8.314696311950684 5.555702209472656 6.123233998228043e-16
			vertex -8.884476661682129 4.089075565338135 2.084592819213867
		endloop
	endfacet
	facet normal -0.7002709735414635 0.7002709735414635 0.1387123903282684
		outer loop
			vertex -6.037671089172363 7.684497356414795 2.120148181915283
			vertex -7.071067810058594 7.071067810058594 6.123233998228043e-16
			vertex -7.684497356414795 6.037671089172363 2.120148181915283
		endloop
	endfacet
	facet normal -0.746473622400746 0.5599467147812984 0.3594952122984947
		outer loop
			vertex -6.357108116149902 6.357108116149902 4.378852367401123
			vertex -7.684497356414795 6.037671089172363 2.120148181915283
			vertex -7.941044807434082 4.297662734985352 4.297662734985352
		endloop
	endfacet
	facet normal -0.6743314888600394 0.6743314888600394 0.3009220601145843
		outer loop
			vertex -6.357108116149902 6.357108116149902 4.378852367401123
			vertex -6.037671089172363 7.684497356414795 2.120148181915283
			vertex -7.684497356414795 6.037671089172363 2.120148181915283
		endloop
	endfacet
	facet normal -0.5599467147812984 0.746473622400746 0.3594952122984947
		outer loop
			vertex -4.297662734985352 7.941044807434082 4.297662734985352
			vertex -6.037671089172363 7.684497356414795 2.120148181915283
			vertex -6.357108116149902 6.357108116149902 4.378852367401123
		endloop
	endfacet
	facet normal -0.6320841277880284 0.7701966804950696 0.085245109846978
		outer loop
			vertex -6.037671089172363 7.684497356414795 2.120148181915283
			vertex -5.555702209472656 8.314696311950684 6.123233998228043e-16
			vertex -7.071067810058594 7.071067810058594 6.123233998228043e-16
		endloop
	endfacet
	facet normal -0.5179101262668349 0.8449656667327619 0.1334245972567664
		outer loop
			vertex -4.089075565338135 8.884476661682129 2.084592819213867
			vertex -5.555702209472656 8.314696311950684 6.123233998228043e-16
			vertex -6.037671089172363 7.684497356414795 2.120148181915283
		endloop
	endfacet
	facet normal -0.6908859310700629 0.5112125928855099 0.5112125928855099
		outer loop
			vertex -6.357108116149902 4.378852367401123 6.357108116149902
			vertex -6.357108116149902 6.357108116149902 4.378852367401123
			vertex -7.941044807434082 4.297662734985352 4.297662734985352
		endloop
	endfacet
	facet normal -0.5773502691896258 0.5773502691896258 0.5773502691896258
		outer loop
			vertex -4.378852367401123 6.357108116149902 6.357108116149902
			vertex -6.357108116149902 6.357108116149902 4.378852367401123
			vertex -6.357108116149902 4.378852367401123 6.357108116149902
		endloop
	endfacet
	facet normal -0.5112125928855099 0.5112125928855099 0.6908859310700629
		outer loop
			vertex -4.297662734985352 4.297662734985352 7.941044807434082
			vertex -4.378852367401123 6.357108116149902 6.357108116149902
			vertex -6.357108116149902 4.378852367401123 6.357108116149902
		endloop
	endfacet
	facet normal -0.5112125928855099 0.6908859310700629 0.5112125928855099
		outer loop
			vertex -4.378852367401123 6.357108116149902 6.357108116149902
			vertex -4.297662734985352 7.941044807434082 4.297662734985352
			vertex -6.357108116149902 6.357108116149902 4.378852367401123
		endloop
	endfacet
	facet normal -0.4694738793626076 0.09022921388998312 0.8783239525124085
		outer loop
			vertex -5.555702209472656 6.123233998228043e-16 8.314696311950684
			vertex -3.8268344402313232 6.123233998228043e-16 9.238795280456543
			vertex -4.089075565338135 2.084592819213867 8.884476661682129
		endloop
	endfacet
	facet normal -0.2889427543463888 0.09604163072495678 0.952516713700297
		outer loop
			vertex -3.8268344402313232 6.123233998228043e-16 9.238795280456543
			vertex -1.9509031772613525 6.123233998228043e-16 9.807852745056152
			vertex -2.0233471393585205 2.0233471393585205 9.581864356994629
		endloop
	endfacet
	facet normal -0.3143225373162581 0.12050842800808458 0.9416363742518074
		outer loop
			vertex -4.089075565338135 2.084592819213867 8.884476661682129
			vertex -3.8268344402313232 6.123233998228043e-16 9.238795280456543
			vertex -2.0233471393585205 2.0233471393585205 9.581864356994629
		endloop
	endfacet
	facet normal -0.4961495144099267 0.30049211081649546 0.8145797386921927
		outer loop
			vertex -6.037671089172363 2.120148181915283 7.684497356414795
			vertex -4.089075565338135 2.084592819213867 8.884476661682129
			vertex -4.297662734985352 4.297662734985352 7.941044807434082
		endloop
	endfacet
	facet normal -0.3412200659582193 0.3412200659582193 0.8758639923954731
		outer loop
			vertex -2.084592819213867 4.089075565338135 8.884476661682129
			vertex -4.297662734985352 4.297662734985352 7.941044807434082
			vertex -4.089075565338135 2.084592819213867 8.884476661682129
		endloop
	endfacet
	facet normal -0.29745587455952394 0.29745587455952394 0.9072155231145781
		outer loop
			vertex -4.089075565338135 2.084592819213867 8.884476661682129
			vertex -2.0233471393585205 2.0233471393585205 9.581864356994629
			vertex -2.084592819213867 4.089075565338135 8.884476661682129
		endloop
	endfacet
	facet normal -0.30049211081649546 0.4961495144099267 0.8145797386921927
		outer loop
			vertex -2.084592819213867 4.089075565338135 8.884476661682129
			vertex -2.120148181915283 6.037671089172363 7.684497356414795
			vertex -4.297662734985352 4.297662734985352 7.941044807434082
		endloop
	endfacet
	facet normal -0.10659732567941443 0.1065973256794145 0.988571707220065
		outer loop
			vertex -2.0233471393585205 2.0233471393585205 9.581864356994629
			vertex -1.9509031772613525 6.123233998228043e-16 9.807852745056152
			vertex 6.123233998228043e-16 1.9509031772613525 9.807852745056152
		endloop
	endfacet
	facet normal -0.09754969457091417 0.09754969457091422 0.9904383444607963
		outer loop
			vertex -1.9509031772613525 6.123233998228043e-16 9.807852745056152
			vertex 6.123233998228043e-16 6.123233998228043e-16 10
			vertex 6.123233998228043e-16 1.9509031772613525 9.807852745056152
		endloop
	endfacet
	facet normal -0.12050842800808453 0.3143225373162581 0.9416363742518074
		outer loop
			vertex 6.123233998228043e-16 3.8268344402313232 9.238795280456543
			vertex -2.084592819213867 4.089075565338135 8.884476661682129
			vertex -2.0233471393585205 2.0233471393585205 9.581864356994629
		endloop
	endfacet
	facet normal -0.09604163072495674 0.2889427543463887 0.952516713700297
		outer loop
			vertex -2.0233471393585205 2.0233471393585205 9.581864356994629
			vertex 6.123233998228043e-16 1.9509031772613525 9.807852745056152
			vertex 6.123233998228043e-16 3.8268344402313232 9.238795280456543
		endloop
	endfacet
	facet normal -0.09022921388998308 0.4694738793626076 0.8783239525124085
		outer loop
			vertex 6.123233998228043e-16 3.8268344402313232 9.238795280456543
			vertex 6.123233998228043e-16 5.555702209472656 8.314696311950684
			vertex -2.084592819213867 4.089075565338135 8.884476661682129
		endloop
	endfacet
	facet normal -0.4694738793626076 0.8783239525124085 0.09022921388998312
		outer loop
			vertex -4.089075565338135 8.884476661682129 2.084592819213867
			vertex -3.8268344402313232 9.238795280456543 6.123233998228043e-16
			vertex -5.555702209472656 8.314696311950684 6.123233998228043e-16
		endloop
	endfacet
	facet normal -0.2889427543463888 0.952516713700297 0.09604163072495678
		outer loop
			vertex -2.0233471393585205 9.581864356994629 2.0233471393585205
			vertex -1.9509031772613525 9.807852745056152 6.123233998228043e-16
			vertex -3.8268344402313232 9.238795280456543 6.123233998228043e-16
		endloop
	endfacet
	facet normal -0.31432253731625814 0.9416363742518076 0.1205084280080846
		outer loop
			vertex -2.0233471393585205 9.581864356994629 2.0233471393585205
			vertex -3.8268344402313232 9.238795280456543 6.123233998228043e-16
			vertex -4.089075565338135 8.884476661682129 2.084592819213867
		endloop
	endfacet
	facet normal -0.4961495144099267 0.8145797386921927 0.30049211081649546
		outer loop
			vertex -4.297662734985352 7.941044807434082 4.297662734985352
			vertex -4.089075565338135 8.884476661682129 2.084592819213867
			vertex -6.037671089172363 7.684497356414795 2.120148181915283
		endloop
	endfacet
	facet normal -0.34122006595821924 0.8758639923954729 0.34122006595821924
		outer loop
			vertex -2.084592819213867 8.884476661682129 4.089075565338135
			vertex -4.089075565338135 8.884476661682129 2.084592819213867
			vertex -4.297662734985352 7.941044807434082 4.297662734985352
		endloop
	endfacet
	facet normal -0.30049211081649546 0.8145797386921927 0.4961495144099267
		outer loop
			vertex -2.120148181915283 7.684497356414795 6.037671089172363
			vertex -2.084592819213867 8.884476661682129 4.089075565338135
			vertex -4.297662734985352 7.941044807434082 4.297662734985352
		endloop
	endfacet
	facet normal -0.29745587455952394 0.9072155231145781 0.29745587455952394
		outer loop
			vertex -2.084592819213867 8.884476661682129 4.089075565338135
			vertex -2.0233471393585205 9.581864356994629 2.0233471393585205
			vertex -4.089075565338135 8.884476661682129 2.084592819213867
		endloop
	endfacet
	facet normal -0.10659732567941443 0.988571707220065 0.1065973256794145
		outer loop
			vertex 6.123233998228043e-16 9.807852745056152 1.9509031772613525
			vertex -1.9509031772613525 9.807852745056152 6.123233998228043e-16
			vertex -2.0233471393585205 9.581864356994629 2.0233471393585205
		endloop
	endfacet
	facet normal -0.09754969457091417 0.9904383444607963 0.09754969457091422
		outer loop
			vertex 6.123233998228043e-16 9.807852745056152 1.9509031772613525
			vertex 6.123233998228043e-16 10 6.123233998228043e-16
			vertex -1.9509031772613525 9.807852745056152 6.123233998228043e-16
		endloop
	endfacet
	facet normal -0.12050842800808456 0.9416363742518076 0.31432253731625814
		outer loop
			vertex 6.123233998228043e-16 9.238795280456543 3.8268344402313232
			vertex -2.0233471393585205 9.581864356994629 2.0233471393585205
			vertex -2.084592819213867 8.884476661682129 4.089075565338135
		endloop
	endfacet
	facet normal -0.09604163072495674 0.952516713700297 0.2889427543463887
		outer loop
			vertex 6.123233998228043e-16 9.238795280456543 3.8268344402313232
			vertex 6.123233998228043e-16 9.807852745056152 1.9509031772613525
			vertex -2.0233471393585205 9.581864356994629 2.0233471393585205
		endloop
	endfacet
	facet normal -0.09022921388998308 0.8783239525124085 0.4694738793626076
		outer loop
			vertex 6.123233998228043e-16 8.314696311950684 5.555702209472656
			vertex 6.123233998228043e-16 9.238795280456543 3.8268344402313232
			vertex -2.084592819213867 8.884476661682129 4.089075565338135
		endloop
	endfacet
	facet normal -0.3594952122984947 0.5599467147812984 0.746473622400746
		outer loop
			vertex -2.120148181915283 6.037671089172363 7.684497356414795
			vertex -4.378852367401123 6.357108116149902 6.357108116149902
			vertex -4.297662734985352 4.297662734985352 7.941044807434082
		endloop
	endfacet
	facet normal -0.3594952122984947 0.746473622400746 0.5599467147812984
		outer loop
			vertex -2.120148181915283 7.684497356414795 6.037671089172363
			vertex -4.297662734985352 7.941044807434082 4.297662734985352
			vertex -4.378852367401123 6.357108116149902 6.357108116149902
		endloop
	endfacet
	facet normal -0.3009220601145843 0.6743314888600394 0.6743314888600394
		outer loop
			vertex -2.120148181915283 6.037671089172363 7.684497356414795
			vertex -2.120148181915283 7.684497356414795 6.037671089172363
			vertex -4.378852367401123 6.357108116149902 6.357108116149902
		endloop
	endfacet
	facet normal -0.13871239032826838 0.7002709735414635 0.7002709735414635
		outer loop
			vertex 6.123233998228043e-16 7.071067810058594 7.071067810058594
			vertex -2.120148181915283 7.684497356414795 6.037671089172363
			vertex -2.120148181915283 6.037671089172363 7.684497356414795
		endloop
	endfacet
	facet normal -0.13342459725676634 0.5179101262668349 0.8449656667327619
		outer loop
			vertex 6.123233998228043e-16 5.555702209472656 8.314696311950684
			vertex -2.120148181915283 6.037671089172363 7.684497356414795
			vertex -2.084592819213867 4.089075565338135 8.884476661682129
		endloop
	endfacet
	facet normal -0.08524510984697796 0.6320841277880282 0.7701966804950696
		outer loop
			vertex 6.123233998228043e-16 5.555702209472656 8.314696311950684
			vertex 6.123233998228043e-16 7.071067810058594 7.071067810058594
			vertex -2.120148181915283 6.037671089172363 7.684497356414795
		endloop
	endfacet
	facet normal -0.13342459725676634 0.8449656667327619 0.5179101262668349
		outer loop
			vertex 6.123233998228043e-16 8.314696311950684 5.555702209472656
			vertex -2.084592819213867 8.884476661682129 4.089075565338135
			vertex -2.120148181915283 7.684497356414795 6.037671089172363
		endloop
	endfacet
	facet normal -0.08524510984697796 0.7701966804950696 0.6320841277880282
		outer loop
			vertex 6.123233998228043e-16 7.071067810058594 7.071067810058594
			vertex 6.123233998228043e-16 8.314696311950684 5.555702209472656
			vertex -2.120148181915283 7.684497356414795 6.037671089172363
		endloop
	endfacet
	facet normal 0.085245109846978 -0.7701966804950696 -0.6320841277880284
		outer loop
			vertex 2.120148181915283 -7.684497356414795 -6.037671089172363
			vertex 6.123233998228043e-16 -8.314696311950684 -5.555702209472656
			vertex 6.123233998228043e-16 -7.071067810058594 -7.071067810058594
		endloop
	endfacet
	facet normal 0.1334245972567664 -0.8449656667327619 -0.5179101262668349
		outer loop
			vertex 2.084592819213867 -8.884476661682129 -4.089075565338135
			vertex 6.123233998228043e-16 -8.314696311950684 -5.555702209472656
			vertex 2.120148181915283 -7.684497356414795 -6.037671089172363
		endloop
	endfacet
	facet normal 0.085245109846978 -0.6320841277880284 -0.7701966804950696
		outer loop
			vertex 2.120148181915283 -6.037671089172363 -7.684497356414795
			vertex 6.123233998228043e-16 -7.071067810058594 -7.071067810058594
			vertex 6.123233998228043e-16 -5.555702209472656 -8.314696311950684
		endloop
	endfacet
	facet normal 0.1334245972567664 -0.5179101262668349 -0.8449656667327619
		outer loop
			vertex 2.120148181915283 -6.037671089172363 -7.684497356414795
			vertex 6.123233998228043e-16 -5.555702209472656 -8.314696311950684
			vertex 2.084592819213867 -4.089075565338135 -8.884476661682129
		endloop
	endfacet
	facet normal 0.1387123903282684 -0.7002709735414635 -0.7002709735414635
		outer loop
			vertex 2.120148181915283 -7.684497356414795 -6.037671089172363
			vertex 6.123233998228043e-16 -7.071067810058594 -7.071067810058594
			vertex 2.120148181915283 -6.037671089172363 -7.684497356414795
		endloop
	endfacet
	facet normal 0.3009220601145843 -0.6743314888600394 -0.6743314888600394
		outer loop
			vertex 4.378852367401123 -6.357108116149902 -6.357108116149902
			vertex 2.120148181915283 -7.684497356414795 -6.037671089172363
			vertex 2.120148181915283 -6.037671089172363 -7.684497356414795
		endloop
	endfacet
	facet normal 0.3594952122984947 -0.746473622400746 -0.5599467147812984
		outer loop
			vertex 4.297662734985352 -7.941044807434082 -4.297662734985352
			vertex 2.120148181915283 -7.684497356414795 -6.037671089172363
			vertex 4.378852367401123 -6.357108116149902 -6.357108116149902
		endloop
	endfacet
	facet normal 0.3594952122984947 -0.5599467147812984 -0.746473622400746
		outer loop
			vertex 4.378852367401123 -6.357108116149902 -6.357108116149902
			vertex 2.120148181915283 -6.037671089172363 -7.684497356414795
			vertex 4.297662734985352 -4.297662734985352 -7.941044807434082
		endloop
	endfacet
	facet normal 0.09022921388998312 -0.8783239525124085 -0.4694738793626076
		outer loop
			vertex 2.084592819213867 -8.884476661682129 -4.089075565338135
			vertex 6.123233998228043e-16 -9.238795280456543 -3.8268344402313232
			vertex 6.123233998228043e-16 -8.314696311950684 -5.555702209472656
		endloop
	endfacet
	facet normal 0.09604163072495678 -0.952516713700297 -0.2889427543463888
		outer loop
			vertex 2.0233471393585205 -9.581864356994629 -2.0233471393585205
			vertex 6.123233998228043e-16 -9.807852745056152 -1.9509031772613525
			vertex 6.123233998228043e-16 -9.238795280456543 -3.8268344402313232
		endloop
	endfacet
	facet normal 0.1205084280080846 -0.9416363742518076 -0.31432253731625814
		outer loop
			vertex 2.0233471393585205 -9.581864356994629 -2.0233471393585205
			vertex 6.123233998228043e-16 -9.238795280456543 -3.8268344402313232
			vertex 2.084592819213867 -8.884476661682129 -4.089075565338135
		endloop
	endfacet
	facet normal 0.09754969457091422 -0.9904383444607963 -0.09754969457091417
		outer loop
			vertex 1.9509031772613525 -9.807852745056152 6.123233998228043e-16
			vertex 6.123233998228043e-16 -10 6.123233998228043e-16
			vertex 6.123233998228043e-16 -9.807852745056152 -1.9509031772613525
		endloop
	endfacet
	facet normal 0.1065973256794145 -0.988571707220065 -0.10659732567941443
		outer loop
			vertex 1.9509031772613525 -9.807852745056152 6.123233998228043e-16
			vertex 6.123233998228043e-16 -9.807852745056152 -1.9509031772613525
			vertex 2.0233471393585205 -9.581864356994629 -2.0233471393585205
		endloop
	endfacet
	facet normal 0.29745587455952394 -0.9072155231145781 -0.29745587455952394
		outer loop
			vertex 4.089075565338135 -8.884476661682129 -2.084592819213867
			vertex 2.0233471393585205 -9.581864356994629 -2.0233471393585205
			vertex 2.084592819213867 -8.884476661682129 -4.089075565338135
		endloop
	endfacet
	facet normal 0.30049211081649546 -0.8145797386921927 -0.4961495144099267
		outer loop
			vertex 4.297662734985352 -7.941044807434082 -4.297662734985352
			vertex 2.084592819213867 -8.884476661682129 -4.089075565338135
			vertex 2.120148181915283 -7.684497356414795 -6.037671089172363
		endloop
	endfacet
	facet normal 0.34122006595821924 -0.8758639923954729 -0.34122006595821924
		outer loop
			vertex 4.089075565338135 -8.884476661682129 -2.084592819213867
			vertex 2.084592819213867 -8.884476661682129 -4.089075565338135
			vertex 4.297662734985352 -7.941044807434082 -4.297662734985352
		endloop
	endfacet
	facet normal 0.4961495144099267 -0.8145797386921927 -0.30049211081649546
		outer loop
			vertex 6.037671089172363 -7.684497356414795 -2.120148181915283
			vertex 4.089075565338135 -8.884476661682129 -2.084592819213867
			vertex 4.297662734985352 -7.941044807434082 -4.297662734985352
		endloop
	endfacet
	facet normal 0.31432253731625814 -0.9416363742518076 -0.12050842800808456
		outer loop
			vertex 3.8268344402313232 -9.238795280456543 6.123233998228043e-16
			vertex 2.0233471393585205 -9.581864356994629 -2.0233471393585205
			vertex 4.089075565338135 -8.884476661682129 -2.084592819213867
		endloop
	endfacet
	facet normal 0.2889427543463887 -0.952516713700297 -0.09604163072495674
		outer loop
			vertex 3.8268344402313232 -9.238795280456543 6.123233998228043e-16
			vertex 1.9509031772613525 -9.807852745056152 6.123233998228043e-16
			vertex 2.0233471393585205 -9.581864356994629 -2.0233471393585205
		endloop
	endfacet
	facet normal 0.4694738793626076 -0.8783239525124085 -0.09022921388998308
		outer loop
			vertex 5.555702209472656 -8.314696311950684 6.123233998228043e-16
			vertex 3.8268344402313232 -9.238795280456543 6.123233998228043e-16
			vertex 4.089075565338135 -8.884476661682129 -2.084592819213867
		endloop
	endfacet
	facet normal 0.09022921388998312 -0.4694738793626076 -0.8783239525124085
		outer loop
			vertex 2.084592819213867 -4.089075565338135 -8.884476661682129
			vertex 6.123233998228043e-16 -5.555702209472656 -8.314696311950684
			vertex 6.123233998228043e-16 -3.8268344402313232 -9.238795280456543
		endloop
	endfacet
	facet normal 0.09604163072495678 -0.2889427543463888 -0.952516713700297
		outer loop
			vertex 6.123233998228043e-16 -1.9509031772613525 -9.807852745056152
			vertex 2.0233471393585205 -2.0233471393585205 -9.581864356994629
			vertex 6.123233998228043e-16 -3.8268344402313232 -9.238795280456543
		endloop
	endfacet
	facet normal 0.12050842800808458 -0.3143225373162581 -0.9416363742518074
		outer loop
			vertex 2.084592819213867 -4.089075565338135 -8.884476661682129
			vertex 6.123233998228043e-16 -3.8268344402313232 -9.238795280456543
			vertex 2.0233471393585205 -2.0233471393585205 -9.581864356994629
		endloop
	endfacet
	facet normal 0.09754969457091422 -0.09754969457091417 -0.9904383444607963
		outer loop
			vertex 6.123233998228043e-16 -1.9509031772613525 -9.807852745056152
			vertex 6.123233998228043e-16 6.123233998228043e-16 -10
			vertex 1.9509031772613525 6.123233998228043e-16 -9.807852745056152
		endloop
	endfacet
	facet normal 0.1065973256794145 -0.10659732567941443 -0.988571707220065
		outer loop
			vertex 6.123233998228043e-16 -1.9509031772613525 -9.807852745056152
			vertex 1.9509031772613525 6.123233998228043e-16 -9.807852745056152
			vertex 2.0233471393585205 -2.0233471393585205 -9.581864356994629
		endloop
	endfacet
	facet normal 0.30049211081649546 -0.4961495144099267 -0.8145797386921927
		outer loop
			vertex 4.297662734985352 -4.297662734985352 -7.941044807434082
			vertex 2.120148181915283 -6.037671089172363 -7.684497356414795
			vertex 2.084592819213867 -4.089075565338135 -8.884476661682129
		endloop
	endfacet
	facet normal 0.29745587455952394 -0.29745587455952394 -0.9072155231145781
		outer loop
			vertex 2.0233471393585205 -2.0233471393585205 -9.581864356994629
			vertex 4.089075565338135 -2.084592819213867 -8.884476661682129
			vertex 2.084592819213867 -4.089075565338135 -8.884476661682129
		endloop
	endfacet
	facet normal 0.3412200659582193 -0.3412200659582193 -0.8758639923954731
		outer loop
			vertex 4.297662734985352 -4.297662734985352 -7.941044807434082
			vertex 2.084592819213867 -4.089075565338135 -8.884476661682129
			vertex 4.089075565338135 -2.084592819213867 -8.884476661682129
		endloop
	endfacet
	facet normal 0.4961495144099267 -0.30049211081649546 -0.8145797386921927
		outer loop
			vertex 4.089075565338135 -2.084592819213867 -8.884476661682129
			vertex 6.037671089172363 -2.120148181915283 -7.684497356414795
			vertex 4.297662734985352 -4.297662734985352 -7.941044807434082
		endloop
	endfacet
	facet normal 0.3143225373162581 -0.12050842800808453 -0.9416363742518074
		outer loop
			vertex 2.0233471393585205 -2.0233471393585205 -9.581864356994629
			vertex 3.8268344402313232 6.123233998228043e-16 -9.238795280456543
			vertex 4.089075565338135 -2.084592819213867 -8.884476661682129
		endloop
	endfacet
	facet normal 0.2889427543463887 -0.09604163072495674 -0.952516713700297
		outer loop
			vertex 1.9509031772613525 6.123233998228043e-16 -9.807852745056152
			vertex 3.8268344402313232 6.123233998228043e-16 -9.238795280456543
			vertex 2.0233471393585205 -2.0233471393585205 -9.581864356994629
		endloop
	endfacet
	facet normal 0.4694738793626076 -0.09022921388998308 -0.8783239525124085
		outer loop
			vertex 3.8268344402313232 6.123233998228043e-16 -9.238795280456543
			vertex 5.555702209472656 6.123233998228043e-16 -8.314696311950684
			vertex 4.089075565338135 -2.084592819213867 -8.884476661682129
		endloop
	endfacet
	facet normal 0.5112125928855099 -0.6908859310700629 -0.5112125928855099
		outer loop
			vertex 6.357108116149902 -6.357108116149902 -4.378852367401123
			vertex 4.297662734985352 -7.941044807434082 -4.297662734985352
			vertex 4.378852367401123 -6.357108116149902 -6.357108116149902
		endloop
	endfacet
	facet normal 0.5112125928855099 -0.5112125928855099 -0.6908859310700629
		outer loop
			vertex 6.357108116149902 -4.378852367401123 -6.357108116149902
			vertex 4.378852367401123 -6.357108116149902 -6.357108116149902
			vertex 4.297662734985352 -4.297662734985352 -7.941044807434082
		endloop
	endfacet
	facet normal 0.5773502691896258 -0.5773502691896258 -0.5773502691896258
		outer loop
			vertex 6.357108116149902 -6.357108116149902 -4.378852367401123
			vertex 4.378852367401123 -6.357108116149902 -6.357108116149902
			vertex 6.357108116149902 -4.378852367401123 -6.357108116149902
		endloop
	endfacet
	facet normal 0.6908859310700629 -0.5112125928855099 -0.5112125928855099
		outer loop
			vertex 7.941044807434082 -4.297662734985352 -4.297662734985352
			vertex 6.357108116149902 -6.357108116149902 -4.378852367401123
			vertex 6.357108116149902 -4.378852367401123 -6.357108116149902
		endloop
	endfacet
	facet normal 0.5179101262668349 -0.8449656667327619 -0.13342459725676634
		outer loop
			vertex 5.555702209472656 -8.314696311950684 6.123233998228043e-16
			vertex 4.089075565338135 -8.884476661682129 -2.084592819213867
			vertex 6.037671089172363 -7.684497356414795 -2.120148181915283
		endloop
	endfacet
	facet normal 0.6320841277880282 -0.7701966804950696 -0.08524510984697796
		outer loop
			vertex 7.071067810058594 -7.071067810058594 6.123233998228043e-16
			vertex 5.555702209472656 -8.314696311950684 6.123233998228043e-16
			vertex 6.037671089172363 -7.684497356414795 -2.120148181915283
		endloop
	endfacet
	facet normal 0.5599467147812984 -0.746473622400746 -0.3594952122984947
		outer loop
			vertex 6.037671089172363 -7.684497356414795 -2.120148181915283
			vertex 4.297662734985352 -7.941044807434082 -4.297662734985352
			vertex 6.357108116149902 -6.357108116149902 -4.378852367401123
		endloop
	endfacet
	facet normal 0.6743314888600394 -0.6743314888600394 -0.3009220601145843
		outer loop
			vertex 7.684497356414795 -6.037671089172363 -2.120148181915283
			vertex 6.037671089172363 -7.684497356414795 -2.120148181915283
			vertex 6.357108116149902 -6.357108116149902 -4.378852367401123
		endloop
	endfacet
	facet normal 0.746473622400746 -0.5599467147812984 -0.3594952122984947
		outer loop
			vertex 7.684497356414795 -6.037671089172363 -2.120148181915283
			vertex 6.357108116149902 -6.357108116149902 -4.378852367401123
			vertex 7.941044807434082 -4.297662734985352 -4.297662734985352
		endloop
	endfacet
	facet normal 0.7002709735414635 -0.7002709735414635 -0.13871239032826838
		outer loop
			vertex 7.071067810058594 -7.071067810058594 6.123233998228043e-16
			vertex 6.037671089172363 -7.684497356414795 -2.120148181915283
			vertex 7.684497356414795 -6.037671089172363 -2.120148181915283
		endloop
	endfacet
	facet normal 0.8449656667327619 -0.5179101262668349 -0.13342459725676634
		outer loop
			vertex 8.314696311950684 -5.555702209472656 6.123233998228043e-16
			vertex 7.684497356414795 -6.037671089172363 -2.120148181915283
			vertex 8.884476661682129 -4.089075565338135 -2.084592819213867
		endloop
	endfacet
	facet normal 0.7701966804950696 -0.6320841277880282 -0.08524510984697796
		outer loop
			vertex 8.314696311950684 -5.555702209472656 6.123233998228043e-16
			vertex 7.071067810058594 -7.071067810058594 6.123233998228043e-16
			vertex 7.684497356414795 -6.037671089172363 -2.120148181915283
		endloop
	endfacet
	facet normal 0.5599467147812984 -0.3594952122984947 -0.746473622400746
		outer loop
			vertex 6.357108116149902 -4.378852367401123 -6.357108116149902
			vertex 4.297662734985352 -4.297662734985352 -7.941044807434082
			vertex 6.037671089172363 -2.120148181915283 -7.684497356414795
		endloop
	endfacet
	facet normal 0.6743314888600394 -0.3009220601145843 -0.6743314888600394
		outer loop
			vertex 6.037671089172363 -2.120148181915283 -7.684497356414795
			vertex 7.684497356414795 -2.120148181915283 -6.037671089172363
			vertex 6.357108116149902 -4.378852367401123 -6.357108116149902
		endloop
	endfacet
	facet normal 0.746473622400746 -0.3594952122984947 -0.5599467147812984
		outer loop
			vertex 7.941044807434082 -4.297662734985352 -4.297662734985352
			vertex 6.357108116149902 -4.378852367401123 -6.357108116149902
			vertex 7.684497356414795 -2.120148181915283 -6.037671089172363
		endloop
	endfacet
	facet normal 0.5179101262668349 -0.13342459725676634 -0.8449656667327619
		outer loop
			vertex 4.089075565338135 -2.084592819213867 -8.884476661682129
			vertex 5.555702209472656 6.123233998228043e-16 -8.314696311950684
			vertex 6.037671089172363 -2.120148181915283 -7.684497356414795
		endloop
	endfacet
	facet normal 0.6320841277880282 -0.08524510984697796 -0.7701966804950696
		outer loop
			vertex 5.555702209472656 6.123233998228043e-16 -8.314696311950684
			vertex 7.071067810058594 6.123233998228043e-16 -7.071067810058594
			vertex 6.037671089172363 -2.120148181915283 -7.684497356414795
		endloop
	endfacet
	facet normal 0.7002709735414635 -0.13871239032826838 -0.7002709735414635
		outer loop
			vertex 6.037671089172363 -2.120148181915283 -7.684497356414795
			vertex 7.071067810058594 6.123233998228043e-16 -7.071067810058594
			vertex 7.684497356414795 -2.120148181915283 -6.037671089172363
		endloop
	endfacet
	facet normal 0.8449656667327619 -0.13342459725676634 -0.5179101262668349
		outer loop
			vertex 7.684497356414795 -2.120148181915283 -6.037671089172363
			vertex 8.314696311950684 6.123233998228043e-16 -5.555702209472656
			vertex 8.884476661682129 -2.084592819213867 -4.089075565338135
		endloop
	endfacet
	facet normal 0.7701966804950696 -0.08524510984697796 -0.6320841277880282
		outer loop
			vertex 7.071067810058594 6.123233998228043e-16 -7.071067810058594
			vertex 8.314696311950684 6.123233998228043e-16 -5.555702209472656
			vertex 7.684497356414795 -2.120148181915283 -6.037671089172363
		endloop
	endfacet
	facet normal 0.8145797386921927 -0.4961495144099267 -0.30049211081649546
		outer loop
			vertex 8.884476661682129 -4.089075565338135 -2.084592819213867
			vertex 7.684497356414795 -6.037671089172363 -2.120148181915283
			vertex 7.941044807434082 -4.297662734985352 -4.297662734985352
		endloop
	endfacet
	facet normal 0.8145797386921927 -0.30049211081649546 -0.4961495144099267
		outer loop
			vertex 7.684497356414795 -2.120148181915283 -6.037671089172363
			vertex 8.884476661682129 -2.084592819213867 -4.089075565338135
			vertex 7.941044807434082 -4.297662734985352 -4.297662734985352
		endloop
	endfacet
	facet normal 0.8758639923954729 -0.34122006595821924 -0.34122006595821924
		outer loop
			vertex 8.884476661682129 -4.089075565338135 -2.084592819213867
			vertex 7.941044807434082 -4.297662734985352 -4.297662734985352
			vertex 8.884476661682129 -2.084592819213867 -4.089075565338135
		endloop
	endfacet
	facet normal 0.9072155231145781 -0.29745587455952394 -0.29745587455952394
		outer loop
			vertex 8.884476661682129 -2.084592819213867 -4.089075565338135
			vertex 9.581864356994629 -2.0233471393585205 -2.0233471393585205
			vertex 8.884476661682129 -4.089075565338135 -2.084592819213867
		endloop
	endfacet
	facet normal 0.8783239525124085 -0.4694738793626076 -0.09022921388998308
		outer loop
			vertex 9.238795280456543 -3.8268344402313232 6.123233998228043e-16
			vertex 8.314696311950684 -5.555702209472656 6.123233998228043e-16
			vertex 8.884476661682129 -4.089075565338135 -2.084592819213867
		endloop
	endfacet
	facet normal 0.9416363742518076 -0.31432253731625814 -0.12050842800808456
		outer loop
			vertex 9.238795280456543 -3.8268344402313232 6.123233998228043e-16
			vertex 8.884476661682129 -4.089075565338135 -2.084592819213867
			vertex 9.581864356994629 -2.0233471393585205 -2.0233471393585205
		endloop
	endfacet
	facet normal 0.952516713700297 -0.2889427543463887 -0.09604163072495674
		outer loop
			vertex 9.581864356994629 -2.0233471393585205 -2.0233471393585205
			vertex 9.807852745056152 -1.9509031772613525 6.123233998228043e-16
			vertex 9.238795280456543 -3.8268344402313232 6.123233998228043e-16
		endloop
	endfacet
	facet normal 0.9416363742518076 -0.12050842800808456 -0.31432253731625814
		outer loop
			vertex 8.884476661682129 -2.084592819213867 -4.089075565338135
			vertex 9.238795280456543 6.123233998228043e-16 -3.8268344402313232
			vertex 9.581864356994629 -2.0233471393585205 -2.0233471393585205
		endloop
	endfacet
	facet normal 0.8783239525124085 -0.09022921388998308 -0.4694738793626076
		outer loop
			vertex 8.314696311950684 6.123233998228043e-16 -5.555702209472656
			vertex 9.238795280456543 6.123233998228043e-16 -3.8268344402313232
			vertex 8.884476661682129 -2.084592819213867 -4.089075565338135
		endloop
	endfacet
	facet normal 0.952516713700297 -0.09604163072495674 -0.2889427543463887
		outer loop
			vertex 9.238795280456543 6.123233998228043e-16 -3.8268344402313232
			vertex 9.807852745056152 6.123233998228043e-16 -1.9509031772613525
			vertex 9.581864356994629 -2.0233471393585205 -2.0233471393585205
		endloop
	endfacet
	facet normal 0.988571707220065 -0.10659732567941443 -0.10659732567941443
		outer loop
			vertex 9.581864356994629 -2.0233471393585205 -2.0233471393585205
			vertex 9.807852745056152 6.123233998228043e-16 -1.9509031772613525
			vertex 9.807852745056152 -1.9509031772613525 6.123233998228043e-16
		endloop
	endfacet
	facet normal 0.9904383444607961 -0.09754969457091414 -0.09754969457091414
		outer loop
			vertex 9.807852745056152 6.123233998228043e-16 -1.9509031772613525
			vertex 10 6.123233998228043e-16 6.123233998228043e-16
			vertex 9.807852745056152 -1.9509031772613525 6.123233998228043e-16
		endloop
	endfacet
	facet normal 0.09754969457091424 -0.9904383444607963 0.09754969457091424
		outer loop
			vertex 6.123233998228043e-16 -9.807852745056152 1.9509031772613525
			vertex 6.123233998228043e-16 -10 6.123233998228043e-16
			vertex 1.9509031772613525 -9.807852745056152 6.123233998228043e-16
		endloop
	endfacet
	facet normal 0.10659732567941449 -0.988571707220065 0.10659732567941449
		outer loop
			vertex 6.123233998228043e-16 -9.807852745056152 1.9509031772613525
			vertex 1.9509031772613525 -9.807852745056152 6.123233998228043e-16
			vertex 2.0233471393585205 -9.581864356994629 2.0233471393585205
		endloop
	endfacet
	facet normal 0.09604163072495678 -0.952516713700297 0.2889427543463888
		outer loop
			vertex 6.123233998228043e-16 -9.238795280456543 3.8268344402313232
			vertex 6.123233998228043e-16 -9.807852745056152 1.9509031772613525
			vertex 2.0233471393585205 -9.581864356994629 2.0233471393585205
		endloop
	endfacet
	facet normal 0.09022921388998312 -0.8783239525124085 0.4694738793626076
		outer loop
			vertex 6.123233998228043e-16 -8.314696311950684 5.555702209472656
			vertex 6.123233998228043e-16 -9.238795280456543 3.8268344402313232
			vertex 2.084592819213867 -8.884476661682129 4.089075565338135
		endloop
	endfacet
	facet normal 0.1205084280080846 -0.9416363742518076 0.31432253731625814
		outer loop
			vertex 6.123233998228043e-16 -9.238795280456543 3.8268344402313232
			vertex 2.0233471393585205 -9.581864356994629 2.0233471393585205
			vertex 2.084592819213867 -8.884476661682129 4.089075565338135
		endloop
	endfacet
	facet normal 0.2889427543463888 -0.952516713700297 0.09604163072495678
		outer loop
			vertex 2.0233471393585205 -9.581864356994629 2.0233471393585205
			vertex 1.9509031772613525 -9.807852745056152 6.123233998228043e-16
			vertex 3.8268344402313232 -9.238795280456543 6.123233998228043e-16
		endloop
	endfacet
	facet normal 0.31432253731625814 -0.9416363742518076 0.1205084280080846
		outer loop
			vertex 2.0233471393585205 -9.581864356994629 2.0233471393585205
			vertex 3.8268344402313232 -9.238795280456543 6.123233998228043e-16
			vertex 4.089075565338135 -8.884476661682129 2.084592819213867
		endloop
	endfacet
	facet normal 0.4694738793626076 -0.8783239525124085 0.09022921388998312
		outer loop
			vertex 4.089075565338135 -8.884476661682129 2.084592819213867
			vertex 3.8268344402313232 -9.238795280456543 6.123233998228043e-16
			vertex 5.555702209472656 -8.314696311950684 6.123233998228043e-16
		endloop
	endfacet
	facet normal 0.29745587455952394 -0.9072155231145781 0.29745587455952394
		outer loop
			vertex 2.084592819213867 -8.884476661682129 4.089075565338135
			vertex 2.0233471393585205 -9.581864356994629 2.0233471393585205
			vertex 4.089075565338135 -8.884476661682129 2.084592819213867
		endloop
	endfacet
	facet normal 0.34122006595821924 -0.8758639923954729 0.34122006595821924
		outer loop
			vertex 2.084592819213867 -8.884476661682129 4.089075565338135
			vertex 4.089075565338135 -8.884476661682129 2.084592819213867
			vertex 4.297662734985352 -7.941044807434082 4.297662734985352
		endloop
	endfacet
	facet normal 0.30049211081649546 -0.8145797386921927 0.4961495144099267
		outer loop
			vertex 2.120148181915283 -7.684497356414795 6.037671089172363
			vertex 2.084592819213867 -8.884476661682129 4.089075565338135
			vertex 4.297662734985352 -7.941044807434082 4.297662734985352
		endloop
	endfacet
	facet normal 0.4961495144099267 -0.8145797386921927 0.30049211081649546
		outer loop
			vertex 4.297662734985352 -7.941044807434082 4.297662734985352
			vertex 4.089075565338135 -8.884476661682129 2.084592819213867
			vertex 6.037671089172363 -7.684497356414795 2.120148181915283
		endloop
	endfacet
	facet normal 0.085245109846978 -0.7701966804950696 0.6320841277880284
		outer loop
			vertex 6.123233998228043e-16 -7.071067810058594 7.071067810058594
			vertex 6.123233998228043e-16 -8.314696311950684 5.555702209472656
			vertex 2.120148181915283 -7.684497356414795 6.037671089172363
		endloop
	endfacet
	facet normal 0.1334245972567664 -0.8449656667327619 0.5179101262668349
		outer loop
			vertex 6.123233998228043e-16 -8.314696311950684 5.555702209472656
			vertex 2.084592819213867 -8.884476661682129 4.089075565338135
			vertex 2.120148181915283 -7.684497356414795 6.037671089172363
		endloop
	endfacet
	facet normal 0.1387123903282684 -0.7002709735414635 0.7002709735414635
		outer loop
			vertex 6.123233998228043e-16 -7.071067810058594 7.071067810058594
			vertex 2.120148181915283 -7.684497356414795 6.037671089172363
			vertex 2.120148181915283 -6.037671089172363 7.684497356414795
		endloop
	endfacet
	facet normal 0.085245109846978 -0.6320841277880284 0.7701966804950696
		outer loop
			vertex 6.123233998228043e-16 -5.555702209472656 8.314696311950684
			vertex 6.123233998228043e-16 -7.071067810058594 7.071067810058594
			vertex 2.120148181915283 -6.037671089172363 7.684497356414795
		endloop
	endfacet
	facet normal 0.1334245972567664 -0.5179101262668349 0.8449656667327619
		outer loop
			vertex 6.123233998228043e-16 -5.555702209472656 8.314696311950684
			vertex 2.120148181915283 -6.037671089172363 7.684497356414795
			vertex 2.084592819213867 -4.089075565338135 8.884476661682129
		endloop
	endfacet
	facet normal 0.3594952122984947 -0.746473622400746 0.5599467147812984
		outer loop
			vertex 2.120148181915283 -7.684497356414795 6.037671089172363
			vertex 4.297662734985352 -7.941044807434082 4.297662734985352
			vertex 4.378852367401123 -6.357108116149902 6.357108116149902
		endloop
	endfacet
	facet normal 0.3009220601145843 -0.6743314888600394 0.6743314888600394
		outer loop
			vertex 2.120148181915283 -6.037671089172363 7.684497356414795
			vertex 2.120148181915283 -7.684497356414795 6.037671089172363
			vertex 4.378852367401123 -6.357108116149902 6.357108116149902
		endloop
	endfacet
	facet normal 0.3594952122984947 -0.5599467147812984 0.746473622400746
		outer loop
			vertex 2.120148181915283 -6.037671089172363 7.684497356414795
			vertex 4.378852367401123 -6.357108116149902 6.357108116149902
			vertex 4.297662734985352 -4.297662734985352 7.941044807434082
		endloop
	endfacet
	facet normal 0.09022921388998312 -0.4694738793626076 0.8783239525124085
		outer loop
			vertex 6.123233998228043e-16 -3.8268344402313232 9.238795280456543
			vertex 6.123233998228043e-16 -5.555702209472656 8.314696311950684
			vertex 2.084592819213867 -4.089075565338135 8.884476661682129
		endloop
	endfacet
	facet normal 0.09604163072495678 -0.2889427543463888 0.952516713700297
		outer loop
			vertex 2.0233471393585205 -2.0233471393585205 9.581864356994629
			vertex 6.123233998228043e-16 -1.9509031772613525 9.807852745056152
			vertex 6.123233998228043e-16 -3.8268344402313232 9.238795280456543
		endloop
	endfacet
	facet normal 0.12050842800808458 -0.3143225373162581 0.9416363742518074
		outer loop
			vertex 6.123233998228043e-16 -3.8268344402313232 9.238795280456543
			vertex 2.084592819213867 -4.089075565338135 8.884476661682129
			vertex 2.0233471393585205 -2.0233471393585205 9.581864356994629
		endloop
	endfacet
	facet normal 0.09754969457091422 -0.09754969457091417 0.9904383444607963
		outer loop
			vertex 1.9509031772613525 6.123233998228043e-16 9.807852745056152
			vertex 6.123233998228043e-16 6.123233998228043e-16 10
			vertex 6.123233998228043e-16 -1.9509031772613525 9.807852745056152
		endloop
	endfacet
	facet normal 0.1065973256794145 -0.10659732567941443 0.988571707220065
		outer loop
			vertex 2.0233471393585205 -2.0233471393585205 9.581864356994629
			vertex 1.9509031772613525 6.123233998228043e-16 9.807852745056152
			vertex 6.123233998228043e-16 -1.9509031772613525 9.807852745056152
		endloop
	endfacet
	facet normal 0.30049211081649546 -0.4961495144099267 0.8145797386921927
		outer loop
			vertex 2.084592819213867 -4.089075565338135 8.884476661682129
			vertex 2.120148181915283 -6.037671089172363 7.684497356414795
			vertex 4.297662734985352 -4.297662734985352 7.941044807434082
		endloop
	endfacet
	facet normal 0.3412200659582193 -0.3412200659582193 0.8758639923954731
		outer loop
			vertex 2.084592819213867 -4.089075565338135 8.884476661682129
			vertex 4.297662734985352 -4.297662734985352 7.941044807434082
			vertex 4.089075565338135 -2.084592819213867 8.884476661682129
		endloop
	endfacet
	facet normal 0.29745587455952394 -0.29745587455952394 0.9072155231145781
		outer loop
			vertex 4.089075565338135 -2.084592819213867 8.884476661682129
			vertex 2.0233471393585205 -2.0233471393585205 9.581864356994629
			vertex 2.084592819213867 -4.089075565338135 8.884476661682129
		endloop
	endfacet
	facet normal 0.4961495144099267 -0.30049211081649546 0.8145797386921927
		outer loop
			vertex 6.037671089172363 -2.120148181915283 7.684497356414795
			vertex 4.089075565338135 -2.084592819213867 8.884476661682129
			vertex 4.297662734985352 -4.297662734985352 7.941044807434082
		endloop
	endfacet
	facet normal 0.3143225373162581 -0.12050842800808453 0.9416363742518074
		outer loop
			vertex 4.089075565338135 -2.084592819213867 8.884476661682129
			vertex 3.8268344402313232 6.123233998228043e-16 9.238795280456543
			vertex 2.0233471393585205 -2.0233471393585205 9.581864356994629
		endloop
	endfacet
	facet normal 0.2889427543463887 -0.09604163072495674 0.952516713700297
		outer loop
			vertex 3.8268344402313232 6.123233998228043e-16 9.238795280456543
			vertex 1.9509031772613525 6.123233998228043e-16 9.807852745056152
			vertex 2.0233471393585205 -2.0233471393585205 9.581864356994629
		endloop
	endfacet
	facet normal 0.4694738793626076 -0.09022921388998308 0.8783239525124085
		outer loop
			vertex 5.555702209472656 6.123233998228043e-16 8.314696311950684
			vertex 3.8268344402313232 6.123233998228043e-16 9.238795280456543
			vertex 4.089075565338135 -2.084592819213867 8.884476661682129
		endloop
	endfacet
	facet normal 0.6320841277880284 -0.7701966804950696 0.085245109846978
		outer loop
			vertex 6.037671089172363 -7.684497356414795 2.120148181915283
			vertex 5.555702209472656 -8.314696311950684 6.123233998228043e-16
			vertex 7.071067810058594 -7.071067810058594 6.123233998228043e-16
		endloop
	endfacet
	facet normal 0.5179101262668349 -0.8449656667327619 0.1334245972567664
		outer loop
			vertex 4.089075565338135 -8.884476661682129 2.084592819213867
			vertex 5.555702209472656 -8.314696311950684 6.123233998228043e-16
			vertex 6.037671089172363 -7.684497356414795 2.120148181915283
		endloop
	endfacet
	facet normal 0.7002709735414635 -0.7002709735414635 0.1387123903282684
		outer loop
			vertex 6.037671089172363 -7.684497356414795 2.120148181915283
			vertex 7.071067810058594 -7.071067810058594 6.123233998228043e-16
			vertex 7.684497356414795 -6.037671089172363 2.120148181915283
		endloop
	endfacet
	facet normal 0.5599467147812984 -0.746473622400746 0.3594952122984947
		outer loop
			vertex 4.297662734985352 -7.941044807434082 4.297662734985352
			vertex 6.037671089172363 -7.684497356414795 2.120148181915283
			vertex 6.357108116149902 -6.357108116149902 4.378852367401123
		endloop
	endfacet
	facet normal 0.6743314888600394 -0.6743314888600394 0.3009220601145843
		outer loop
			vertex 6.357108116149902 -6.357108116149902 4.378852367401123
			vertex 6.037671089172363 -7.684497356414795 2.120148181915283
			vertex 7.684497356414795 -6.037671089172363 2.120148181915283
		endloop
	endfacet
	facet normal 0.746473622400746 -0.5599467147812984 0.3594952122984947
		outer loop
			vertex 6.357108116149902 -6.357108116149902 4.378852367401123
			vertex 7.684497356414795 -6.037671089172363 2.120148181915283
			vertex 7.941044807434082 -4.297662734985352 4.297662734985352
		endloop
	endfacet
	facet normal 0.7701966804950696 -0.6320841277880284 0.085245109846978
		outer loop
			vertex 7.684497356414795 -6.037671089172363 2.120148181915283
			vertex 7.071067810058594 -7.071067810058594 6.123233998228043e-16
			vertex 8.314696311950684 -5.555702209472656 6.123233998228043e-16
		endloop
	endfacet
	facet normal 0.8449656667327619 -0.5179101262668349 0.1334245972567664
		outer loop
			vertex 7.684497356414795 -6.037671089172363 2.120148181915283
			vertex 8.314696311950684 -5.555702209472656 6.123233998228043e-16
			vertex 8.884476661682129 -4.089075565338135 2.084592819213867
		endloop
	endfacet
	facet normal 0.5112125928855099 -0.6908859310700629 0.5112125928855099
		outer loop
			vertex 4.378852367401123 -6.357108116149902 6.357108116149902
			vertex 4.297662734985352 -7.941044807434082 4.297662734985352
			vertex 6.357108116149902 -6.357108116149902 4.378852367401123
		endloop
	endfacet
	facet normal 0.5773502691896258 -0.5773502691896258 0.5773502691896258
		outer loop
			vertex 4.378852367401123 -6.357108116149902 6.357108116149902
			vertex 6.357108116149902 -6.357108116149902 4.378852367401123
			vertex 6.357108116149902 -4.378852367401123 6.357108116149902
		endloop
	endfacet
	facet normal 0.5112125928855099 -0.5112125928855099 0.6908859310700629
		outer loop
			vertex 4.297662734985352 -4.297662734985352 7.941044807434082
			vertex 4.378852367401123 -6.357108116149902 6.357108116149902
			vertex 6.357108116149902 -4.378852367401123 6.357108116149902
		endloop
	endfacet
	facet normal 0.6908859310700629 -0.5112125928855099 0.5112125928855099
		outer loop
			vertex 6.357108116149902 -4.378852367401123 6.357108116149902
			vertex 6.357108116149902 -6.357108116149902 4.378852367401123
			vertex 7.941044807434082 -4.297662734985352 4.297662734985352
		endloop
	endfacet
	facet normal 0.8783239525124085 -0.4694738793626076 0.09022921388998312
		outer loop
			vertex 8.884476661682129 -4.089075565338135 2.084592819213867
			vertex 8.314696311950684 -5.555702209472656 6.123233998228043e-16
			vertex 9.238795280456543 -3.8268344402313232 6.123233998228043e-16
		endloop
	endfacet
	facet normal 0.952516713700297 -0.2889427543463888 0.09604163072495678
		outer loop
			vertex 9.807852745056152 -1.9509031772613525 6.123233998228043e-16
			vertex 9.581864356994629 -2.0233471393585205 2.0233471393585205
			vertex 9.238795280456543 -3.8268344402313232 6.123233998228043e-16
		endloop
	endfacet
	facet normal 0.9416363742518076 -0.31432253731625814 0.1205084280080846
		outer loop
			vertex 8.884476661682129 -4.089075565338135 2.084592819213867
			vertex 9.238795280456543 -3.8268344402313232 6.123233998228043e-16
			vertex 9.581864356994629 -2.0233471393585205 2.0233471393585205
		endloop
	endfacet
	facet normal 0.8145797386921927 -0.4961495144099267 0.30049211081649546
		outer loop
			vertex 7.941044807434082 -4.297662734985352 4.297662734985352
			vertex 7.684497356414795 -6.037671089172363 2.120148181915283
			vertex 8.884476661682129 -4.089075565338135 2.084592819213867
		endloop
	endfacet
	facet normal 0.8758639923954729 -0.34122006595821924 0.34122006595821924
		outer loop
			vertex 7.941044807434082 -4.297662734985352 4.297662734985352
			vertex 8.884476661682129 -4.089075565338135 2.084592819213867
			vertex 8.884476661682129 -2.084592819213867 4.089075565338135
		endloop
	endfacet
	facet normal 0.8145797386921927 -0.30049211081649546 0.4961495144099267
		outer loop
			vertex 8.884476661682129 -2.084592819213867 4.089075565338135
			vertex 7.684497356414795 -2.120148181915283 6.037671089172363
			vertex 7.941044807434082 -4.297662734985352 4.297662734985352
		endloop
	endfacet
	facet normal 0.9072155231145781 -0.29745587455952394 0.29745587455952394
		outer loop
			vertex 9.581864356994629 -2.0233471393585205 2.0233471393585205
			vertex 8.884476661682129 -2.084592819213867 4.089075565338135
			vertex 8.884476661682129 -4.089075565338135 2.084592819213867
		endloop
	endfacet
	facet normal 0.988571707220065 -0.10659732567941443 0.1065973256794145
		outer loop
			vertex 9.807852745056152 -1.9509031772613525 6.123233998228043e-16
			vertex 9.807852745056152 6.123233998228043e-16 1.9509031772613525
			vertex 9.581864356994629 -2.0233471393585205 2.0233471393585205
		endloop
	endfacet
	facet normal 0.9904383444607963 -0.09754969457091417 0.09754969457091422
		outer loop
			vertex 9.807852745056152 -1.9509031772613525 6.123233998228043e-16
			vertex 10 6.123233998228043e-16 6.123233998228043e-16
			vertex 9.807852745056152 6.123233998228043e-16 1.9509031772613525
		endloop
	endfacet
	facet normal 0.9416363742518076 -0.12050842800808456 0.31432253731625814
		outer loop
			vertex 9.581864356994629 -2.0233471393585205 2.0233471393585205
			vertex 9.238795280456543 6.123233998228043e-16 3.8268344402313232
			vertex 8.884476661682129 -2.084592819213867 4.089075565338135
		endloop
	endfacet
	facet normal 0.952516713700297 -0.09604163072495674 0.2889427543463887
		outer loop
			vertex 9.807852745056152 6.123233998228043e-16 1.9509031772613525
			vertex 9.238795280456543 6.123233998228043e-16 3.8268344402313232
			vertex 9.581864356994629 -2.0233471393585205 2.0233471393585205
		endloop
	endfacet
	facet normal 0.8783239525124085 -0.09022921388998308 0.4694738793626076
		outer loop
			vertex 9.238795280456543 6.123233998228043e-16 3.8268344402313232
			vertex 8.314696311950684 6.123233998228043e-16 5.555702209472656
			vertex 8.884476661682129 -2.084592819213867 4.089075565338135
		endloop
	endfacet
	facet normal 0.5599467147812984 -0.3594952122984947 0.746473622400746
		outer loop
			vertex 4.297662734985352 -4.297662734985352 7.941044807434082
			vertex 6.357108116149902 -4.378852367401123 6.357108116149902
			vertex 6.037671089172363 -2.120148181915283 7.684497356414795
		endloop
	endfacet
	facet normal 0.746473622400746 -0.3594952122984947 0.5599467147812984
		outer loop
			vertex 6.357108116149902 -4.378852367401123 6.357108116149902
			vertex 7.941044807434082 -4.297662734985352 4.297662734985352
			vertex 7.684497356414795 -2.120148181915283 6.037671089172363
		endloop
	endfacet
	facet normal 0.6743314888600394 -0.3009220601145843 0.6743314888600394
		outer loop
			vertex 7.684497356414795 -2.120148181915283 6.037671089172363
			vertex 6.037671089172363 -2.120148181915283 7.684497356414795
			vertex 6.357108116149902 -4.378852367401123 6.357108116149902
		endloop
	endfacet
	facet normal 0.7002709735414635 -0.13871239032826838 0.7002709735414635
		outer loop
			vertex 7.684497356414795 -2.120148181915283 6.037671089172363
			vertex 7.071067810058594 6.123233998228043e-16 7.071067810058594
			vertex 6.037671089172363 -2.120148181915283 7.684497356414795
		endloop
	endfacet
	facet normal 0.5179101262668349 -0.13342459725676634 0.8449656667327619
		outer loop
			vertex 6.037671089172363 -2.120148181915283 7.684497356414795
			vertex 5.555702209472656 6.123233998228043e-16 8.314696311950684
			vertex 4.089075565338135 -2.084592819213867 8.884476661682129
		endloop
	endfacet
	facet normal 0.6320841277880282 -0.08524510984697796 0.7701966804950696
		outer loop
			vertex 7.071067810058594 6.123233998228043e-16 7.071067810058594
			vertex 5.555702209472656 6.123233998228043e-16 8.314696311950684
			vertex 6.037671089172363 -2.120148181915283 7.684497356414795
		endloop
	endfacet
	facet normal 0.8449656667327619 -0.13342459725676634 0.5179101262668349
		outer loop
			vertex 8.884476661682129 -2.084592819213867 4.089075565338135
			vertex 8.314696311950684 6.123233998228043e-16 5.555702209472656
			vertex 7.684497356414795 -2.120148181915283 6.037671089172363
		endloop
	endfacet
	facet normal 0.7701966804950696 -0.08524510984697796 0.6320841277880282
		outer loop
			vertex 8.314696311950684 6.123233998228043e-16 5.555702209472656
			vertex 7.071067810058594 6.123233998228043e-16 7.071067810058594
			vertex 7.684497356414795 -2.120148181915283 6.037671089172363
		endloop
	endfacet
	facet normal 0.09754969457091424 0.09754969457091424 -0.9904383444607963
		outer loop
			vertex 1.9509031772613525 6.123233998228043e-16 -9.807852745056152
			vertex 6.123233998228043e-16 6.123233998228043e-16 -10
			vertex 6.123233998228043e-16 1.9509031772613525 -9.807852745056152
		endloop
	endfacet
	facet normal 0.10659732567941449 0.10659732567941449 -0.988571707220065
		outer loop
			vertex 1.9509031772613525 6.123233998228043e-16 -9.807852745056152
			vertex 6.123233998228043e-16 1.9509031772613525 -9.807852745056152
			vertex 2.0233471393585205 2.0233471393585205 -9.581864356994629
		endloop
	endfacet
	facet normal 0.09604163072495678 0.2889427543463888 -0.952516713700297
		outer loop
			vertex 6.123233998228043e-16 1.9509031772613525 -9.807852745056152
			vertex 6.123233998228043e-16 3.8268344402313232 -9.238795280456543
			vertex 2.0233471393585205 2.0233471393585205 -9.581864356994629
		endloop
	endfacet
	facet normal 0.09022921388998312 0.4694738793626076 -0.8783239525124085
		outer loop
			vertex 6.123233998228043e-16 3.8268344402313232 -9.238795280456543
			vertex 6.123233998228043e-16 5.555702209472656 -8.314696311950684
			vertex 2.084592819213867 4.089075565338135 -8.884476661682129
		endloop
	endfacet
	facet normal 0.12050842800808458 0.3143225373162581 -0.9416363742518074
		outer loop
			vertex 2.0233471393585205 2.0233471393585205 -9.581864356994629
			vertex 6.123233998228043e-16 3.8268344402313232 -9.238795280456543
			vertex 2.084592819213867 4.089075565338135 -8.884476661682129
		endloop
	endfacet
	facet normal 0.2889427543463888 0.09604163072495678 -0.952516713700297
		outer loop
			vertex 1.9509031772613525 6.123233998228043e-16 -9.807852745056152
			vertex 2.0233471393585205 2.0233471393585205 -9.581864356994629
			vertex 3.8268344402313232 6.123233998228043e-16 -9.238795280456543
		endloop
	endfacet
	facet normal 0.3143225373162581 0.12050842800808458 -0.9416363742518074
		outer loop
			vertex 4.089075565338135 2.084592819213867 -8.884476661682129
			vertex 3.8268344402313232 6.123233998228043e-16 -9.238795280456543
			vertex 2.0233471393585205 2.0233471393585205 -9.581864356994629
		endloop
	endfacet
	facet normal 0.4694738793626076 0.09022921388998312 -0.8783239525124085
		outer loop
			vertex 4.089075565338135 2.084592819213867 -8.884476661682129
			vertex 5.555702209472656 6.123233998228043e-16 -8.314696311950684
			vertex 3.8268344402313232 6.123233998228043e-16 -9.238795280456543
		endloop
	endfacet
	facet normal 0.29745587455952394 0.29745587455952394 -0.9072155231145781
		outer loop
			vertex 2.0233471393585205 2.0233471393585205 -9.581864356994629
			vertex 2.084592819213867 4.089075565338135 -8.884476661682129
			vertex 4.089075565338135 2.084592819213867 -8.884476661682129
		endloop
	endfacet
	facet normal 0.3412200659582193 0.3412200659582193 -0.8758639923954731
		outer loop
			vertex 4.297662734985352 4.297662734985352 -7.941044807434082
			vertex 4.089075565338135 2.084592819213867 -8.884476661682129
			vertex 2.084592819213867 4.089075565338135 -8.884476661682129
		endloop
	endfacet
	facet normal 0.30049211081649546 0.4961495144099267 -0.8145797386921927
		outer loop
			vertex 2.084592819213867 4.089075565338135 -8.884476661682129
			vertex 2.120148181915283 6.037671089172363 -7.684497356414795
			vertex 4.297662734985352 4.297662734985352 -7.941044807434082
		endloop
	endfacet
	facet normal 0.4961495144099267 0.30049211081649546 -0.8145797386921927
		outer loop
			vertex 4.297662734985352 4.297662734985352 -7.941044807434082
			vertex 6.037671089172363 2.120148181915283 -7.684497356414795
			vertex 4.089075565338135 2.084592819213867 -8.884476661682129
		endloop
	endfacet
	facet normal 0.085245109846978 0.6320841277880284 -0.7701966804950696
		outer loop
			vertex 6.123233998228043e-16 5.555702209472656 -8.314696311950684
			vertex 6.123233998228043e-16 7.071067810058594 -7.071067810058594
			vertex 2.120148181915283 6.037671089172363 -7.684497356414795
		endloop
	endfacet
	facet normal 0.1334245972567664 0.5179101262668349 -0.8449656667327619
		outer loop
			vertex 2.084592819213867 4.089075565338135 -8.884476661682129
			vertex 6.123233998228043e-16 5.555702209472656 -8.314696311950684
			vertex 2.120148181915283 6.037671089172363 -7.684497356414795
		endloop
	endfacet
	facet normal 0.1387123903282684 0.7002709735414635 -0.7002709735414635
		outer loop
			vertex 2.120148181915283 6.037671089172363 -7.684497356414795
			vertex 6.123233998228043e-16 7.071067810058594 -7.071067810058594
			vertex 2.120148181915283 7.684497356414795 -6.037671089172363
		endloop
	endfacet
	facet normal 0.085245109846978 0.7701966804950696 -0.6320841277880284
		outer loop
			vertex 6.123233998228043e-16 7.071067810058594 -7.071067810058594
			vertex 6.123233998228043e-16 8.314696311950684 -5.555702209472656
			vertex 2.120148181915283 7.684497356414795 -6.037671089172363
		endloop
	endfacet
	facet normal 0.1334245972567664 0.8449656667327619 -0.5179101262668349
		outer loop
			vertex 2.120148181915283 7.684497356414795 -6.037671089172363
			vertex 6.123233998228043e-16 8.314696311950684 -5.555702209472656
			vertex 2.084592819213867 8.884476661682129 -4.089075565338135
		endloop
	endfacet
	facet normal 0.3594952122984947 0.5599467147812984 -0.746473622400746
		outer loop
			vertex 4.378852367401123 6.357108116149902 -6.357108116149902
			vertex 4.297662734985352 4.297662734985352 -7.941044807434082
			vertex 2.120148181915283 6.037671089172363 -7.684497356414795
		endloop
	endfacet
	facet normal 0.3009220601145843 0.6743314888600394 -0.6743314888600394
		outer loop
			vertex 2.120148181915283 6.037671089172363 -7.684497356414795
			vertex 2.120148181915283 7.684497356414795 -6.037671089172363
			vertex 4.378852367401123 6.357108116149902 -6.357108116149902
		endloop
	endfacet
	facet normal 0.3594952122984947 0.746473622400746 -0.5599467147812984
		outer loop
			vertex 4.297662734985352 7.941044807434082 -4.297662734985352
			vertex 4.378852367401123 6.357108116149902 -6.357108116149902
			vertex 2.120148181915283 7.684497356414795 -6.037671089172363
		endloop
	endfacet
	facet normal 0.09022921388998312 0.8783239525124085 -0.4694738793626076
		outer loop
			vertex 6.123233998228043e-16 8.314696311950684 -5.555702209472656
			vertex 6.123233998228043e-16 9.238795280456543 -3.8268344402313232
			vertex 2.084592819213867 8.884476661682129 -4.089075565338135
		endloop
	endfacet
	facet normal 0.09604163072495678 0.952516713700297 -0.2889427543463888
		outer loop
			vertex 6.123233998228043e-16 9.238795280456543 -3.8268344402313232
			vertex 6.123233998228043e-16 9.807852745056152 -1.9509031772613525
			vertex 2.0233471393585205 9.581864356994629 -2.0233471393585205
		endloop
	endfacet
	facet normal 0.1205084280080846 0.9416363742518076 -0.31432253731625814
		outer loop
			vertex 2.084592819213867 8.884476661682129 -4.089075565338135
			vertex 6.123233998228043e-16 9.238795280456543 -3.8268344402313232
			vertex 2.0233471393585205 9.581864356994629 -2.0233471393585205
		endloop
	endfacet
	facet normal 0.09754969457091422 0.9904383444607963 -0.09754969457091417
		outer loop
			vertex 6.123233998228043e-16 9.807852745056152 -1.9509031772613525
			vertex 6.123233998228043e-16 10 6.123233998228043e-16
			vertex 1.9509031772613525 9.807852745056152 6.123233998228043e-16
		endloop
	endfacet
	facet normal 0.1065973256794145 0.988571707220065 -0.10659732567941443
		outer loop
			vertex 2.0233471393585205 9.581864356994629 -2.0233471393585205
			vertex 6.123233998228043e-16 9.807852745056152 -1.9509031772613525
			vertex 1.9509031772613525 9.807852745056152 6.123233998228043e-16
		endloop
	endfacet
	facet normal 0.30049211081649546 0.8145797386921927 -0.4961495144099267
		outer loop
			vertex 2.120148181915283 7.684497356414795 -6.037671089172363
			vertex 2.084592819213867 8.884476661682129 -4.089075565338135
			vertex 4.297662734985352 7.941044807434082 -4.297662734985352
		endloop
	endfacet
	facet normal 0.34122006595821924 0.8758639923954729 -0.34122006595821924
		outer loop
			vertex 4.089075565338135 8.884476661682129 -2.084592819213867
			vertex 4.297662734985352 7.941044807434082 -4.297662734985352
			vertex 2.084592819213867 8.884476661682129 -4.089075565338135
		endloop
	endfacet
	facet normal 0.29745587455952394 0.9072155231145781 -0.29745587455952394
		outer loop
			vertex 2.084592819213867 8.884476661682129 -4.089075565338135
			vertex 2.0233471393585205 9.581864356994629 -2.0233471393585205
			vertex 4.089075565338135 8.884476661682129 -2.084592819213867
		endloop
	endfacet
	facet normal 0.4961495144099267 0.8145797386921927 -0.30049211081649546
		outer loop
			vertex 4.089075565338135 8.884476661682129 -2.084592819213867
			vertex 6.037671089172363 7.684497356414795 -2.120148181915283
			vertex 4.297662734985352 7.941044807434082 -4.297662734985352
		endloop
	endfacet
	facet normal 0.31432253731625814 0.9416363742518076 -0.12050842800808456
		outer loop
			vertex 3.8268344402313232 9.238795280456543 6.123233998228043e-16
			vertex 4.089075565338135 8.884476661682129 -2.084592819213867
			vertex 2.0233471393585205 9.581864356994629 -2.0233471393585205
		endloop
	endfacet
	facet normal 0.2889427543463887 0.952516713700297 -0.09604163072495674
		outer loop
			vertex 2.0233471393585205 9.581864356994629 -2.0233471393585205
			vertex 1.9509031772613525 9.807852745056152 6.123233998228043e-16
			vertex 3.8268344402313232 9.238795280456543 6.123233998228043e-16
		endloop
	endfacet
	facet normal 0.4694738793626076 0.8783239525124085 -0.09022921388998308
		outer loop
			vertex 3.8268344402313232 9.238795280456543 6.123233998228043e-16
			vertex 5.555702209472656 8.314696311950684 6.123233998228043e-16
			vertex 4.089075565338135 8.884476661682129 -2.084592819213867
		endloop
	endfacet
	facet normal 0.6320841277880284 0.085245109846978 -0.7701966804950696
		outer loop
			vertex 6.037671089172363 2.120148181915283 -7.684497356414795
			vertex 7.071067810058594 6.123233998228043e-16 -7.071067810058594
			vertex 5.555702209472656 6.123233998228043e-16 -8.314696311950684
		endloop
	endfacet
	facet normal 0.5179101262668349 0.1334245972567664 -0.8449656667327619
		outer loop
			vertex 6.037671089172363 2.120148181915283 -7.684497356414795
			vertex 5.555702209472656 6.123233998228043e-16 -8.314696311950684
			vertex 4.089075565338135 2.084592819213867 -8.884476661682129
		endloop
	endfacet
	facet normal 0.7002709735414635 0.1387123903282684 -0.7002709735414635
		outer loop
			vertex 7.684497356414795 2.120148181915283 -6.037671089172363
			vertex 7.071067810058594 6.123233998228043e-16 -7.071067810058594
			vertex 6.037671089172363 2.120148181915283 -7.684497356414795
		endloop
	endfacet
	facet normal 0.5599467147812984 0.3594952122984947 -0.746473622400746
		outer loop
			vertex 6.357108116149902 4.378852367401123 -6.357108116149902
			vertex 6.037671089172363 2.120148181915283 -7.684497356414795
			vertex 4.297662734985352 4.297662734985352 -7.941044807434082
		endloop
	endfacet
	facet normal 0.6743314888600394 0.3009220601145843 -0.6743314888600394
		outer loop
			vertex 6.357108116149902 4.378852367401123 -6.357108116149902
			vertex 7.684497356414795 2.120148181915283 -6.037671089172363
			vertex 6.037671089172363 2.120148181915283 -7.684497356414795
		endloop
	endfacet
	facet normal 0.746473622400746 0.3594952122984947 -0.5599467147812984
		outer loop
			vertex 7.941044807434082 4.297662734985352 -4.297662734985352
			vertex 7.684497356414795 2.120148181915283 -6.037671089172363
			vertex 6.357108116149902 4.378852367401123 -6.357108116149902
		endloop
	endfacet
	facet normal 0.7701966804950696 0.085245109846978 -0.6320841277880284
		outer loop
			vertex 7.684497356414795 2.120148181915283 -6.037671089172363
			vertex 8.314696311950684 6.123233998228043e-16 -5.555702209472656
			vertex 7.071067810058594 6.123233998228043e-16 -7.071067810058594
		endloop
	endfacet
	facet normal 0.8449656667327619 0.1334245972567664 -0.5179101262668349
		outer loop
			vertex 8.884476661682129 2.084592819213867 -4.089075565338135
			vertex 8.314696311950684 6.123233998228043e-16 -5.555702209472656
			vertex 7.684497356414795 2.120148181915283 -6.037671089172363
		endloop
	endfacet
	facet normal 0.8783239525124085 0.09022921388998312 -0.4694738793626076
		outer loop
			vertex 8.884476661682129 2.084592819213867 -4.089075565338135
			vertex 9.238795280456543 6.123233998228043e-16 -3.8268344402313232
			vertex 8.314696311950684 6.123233998228043e-16 -5.555702209472656
		endloop
	endfacet
	facet normal 0.952516713700297 0.09604163072495678 -0.2889427543463888
		outer loop
			vertex 9.581864356994629 2.0233471393585205 -2.0233471393585205
			vertex 9.807852745056152 6.123233998228043e-16 -1.9509031772613525
			vertex 9.238795280456543 6.123233998228043e-16 -3.8268344402313232
		endloop
	endfacet
	facet normal 0.9416363742518076 0.1205084280080846 -0.31432253731625814
		outer loop
			vertex 9.581864356994629 2.0233471393585205 -2.0233471393585205
			vertex 9.238795280456543 6.123233998228043e-16 -3.8268344402313232
			vertex 8.884476661682129 2.084592819213867 -4.089075565338135
		endloop
	endfacet
	facet normal 0.9904383444607963 0.09754969457091422 -0.09754969457091417
		outer loop
			vertex 9.807852745056152 1.9509031772613525 6.123233998228043e-16
			vertex 10 6.123233998228043e-16 6.123233998228043e-16
			vertex 9.807852745056152 6.123233998228043e-16 -1.9509031772613525
		endloop
	endfacet
	facet normal 0.988571707220065 0.1065973256794145 -0.10659732567941443
		outer loop
			vertex 9.807852745056152 1.9509031772613525 6.123233998228043e-16
			vertex 9.807852745056152 6.123233998228043e-16 -1.9509031772613525
			vertex 9.581864356994629 2.0233471393585205 -2.0233471393585205
		endloop
	endfacet
	facet normal 0.8145797386921927 0.30049211081649546 -0.4961495144099267
		outer loop
			vertex 7.941044807434082 4.297662734985352 -4.297662734985352
			vertex 8.884476661682129 2.084592819213867 -4.089075565338135
			vertex 7.684497356414795 2.120148181915283 -6.037671089172363
		endloop
	endfacet
	facet normal 0.8758639923954729 0.34122006595821924 -0.34122006595821924
		outer loop
			vertex 8.884476661682129 4.089075565338135 -2.084592819213867
			vertex 8.884476661682129 2.084592819213867 -4.089075565338135
			vertex 7.941044807434082 4.297662734985352 -4.297662734985352
		endloop
	endfacet
	facet normal 0.8145797386921927 0.4961495144099267 -0.30049211081649546
		outer loop
			vertex 7.684497356414795 6.037671089172363 -2.120148181915283
			vertex 8.884476661682129 4.089075565338135 -2.084592819213867
			vertex 7.941044807434082 4.297662734985352 -4.297662734985352
		endloop
	endfacet
	facet normal 0.9072155231145781 0.29745587455952394 -0.29745587455952394
		outer loop
			vertex 8.884476661682129 4.089075565338135 -2.084592819213867
			vertex 9.581864356994629 2.0233471393585205 -2.0233471393585205
			vertex 8.884476661682129 2.084592819213867 -4.089075565338135
		endloop
	endfacet
	facet normal 0.9416363742518076 0.31432253731625814 -0.12050842800808456
		outer loop
			vertex 9.238795280456543 3.8268344402313232 6.123233998228043e-16
			vertex 9.581864356994629 2.0233471393585205 -2.0233471393585205
			vertex 8.884476661682129 4.089075565338135 -2.084592819213867
		endloop
	endfacet
	facet normal 0.952516713700297 0.2889427543463887 -0.09604163072495674
		outer loop
			vertex 9.238795280456543 3.8268344402313232 6.123233998228043e-16
			vertex 9.807852745056152 1.9509031772613525 6.123233998228043e-16
			vertex 9.581864356994629 2.0233471393585205 -2.0233471393585205
		endloop
	endfacet
	facet normal 0.8783239525124085 0.4694738793626076 -0.09022921388998308
		outer loop
			vertex 8.314696311950684 5.555702209472656 6.123233998228043e-16
			vertex 9.238795280456543 3.8268344402313232 6.123233998228043e-16
			vertex 8.884476661682129 4.089075565338135 -2.084592819213867
		endloop
	endfacet
	facet normal 0.5112125928855099 0.5112125928855099 -0.6908859310700629
		outer loop
			vertex 4.378852367401123 6.357108116149902 -6.357108116149902
			vertex 6.357108116149902 4.378852367401123 -6.357108116149902
			vertex 4.297662734985352 4.297662734985352 -7.941044807434082
		endloop
	endfacet
	facet normal 0.5773502691896258 0.5773502691896258 -0.5773502691896258
		outer loop
			vertex 6.357108116149902 6.357108116149902 -4.378852367401123
			vertex 6.357108116149902 4.378852367401123 -6.357108116149902
			vertex 4.378852367401123 6.357108116149902 -6.357108116149902
		endloop
	endfacet
	facet normal 0.5112125928855099 0.6908859310700629 -0.5112125928855099
		outer loop
			vertex 4.297662734985352 7.941044807434082 -4.297662734985352
			vertex 6.357108116149902 6.357108116149902 -4.378852367401123
			vertex 4.378852367401123 6.357108116149902 -6.357108116149902
		endloop
	endfacet
	facet normal 0.6908859310700629 0.5112125928855099 -0.5112125928855099
		outer loop
			vertex 6.357108116149902 6.357108116149902 -4.378852367401123
			vertex 7.941044807434082 4.297662734985352 -4.297662734985352
			vertex 6.357108116149902 4.378852367401123 -6.357108116149902
		endloop
	endfacet
	facet normal 0.5599467147812984 0.746473622400746 -0.3594952122984947
		outer loop
			vertex 6.037671089172363 7.684497356414795 -2.120148181915283
			vertex 6.357108116149902 6.357108116149902 -4.378852367401123
			vertex 4.297662734985352 7.941044807434082 -4.297662734985352
		endloop
	endfacet
	facet normal 0.746473622400746 0.5599467147812984 -0.3594952122984947
		outer loop
			vertex 7.684497356414795 6.037671089172363 -2.120148181915283
			vertex 7.941044807434082 4.297662734985352 -4.297662734985352
			vertex 6.357108116149902 6.357108116149902 -4.378852367401123
		endloop
	endfacet
	facet normal 0.6743314888600394 0.6743314888600394 -0.3009220601145843
		outer loop
			vertex 6.037671089172363 7.684497356414795 -2.120148181915283
			vertex 7.684497356414795 6.037671089172363 -2.120148181915283
			vertex 6.357108116149902 6.357108116149902 -4.378852367401123
		endloop
	endfacet
	facet normal 0.7002709735414635 0.7002709735414635 -0.13871239032826838
		outer loop
			vertex 7.071067810058594 7.071067810058594 6.123233998228043e-16
			vertex 7.684497356414795 6.037671089172363 -2.120148181915283
			vertex 6.037671089172363 7.684497356414795 -2.120148181915283
		endloop
	endfacet
	facet normal 0.5179101262668349 0.8449656667327619 -0.13342459725676634
		outer loop
			vertex 5.555702209472656 8.314696311950684 6.123233998228043e-16
			vertex 6.037671089172363 7.684497356414795 -2.120148181915283
			vertex 4.089075565338135 8.884476661682129 -2.084592819213867
		endloop
	endfacet
	facet normal 0.6320841277880282 0.7701966804950696 -0.08524510984697796
		outer loop
			vertex 5.555702209472656 8.314696311950684 6.123233998228043e-16
			vertex 7.071067810058594 7.071067810058594 6.123233998228043e-16
			vertex 6.037671089172363 7.684497356414795 -2.120148181915283
		endloop
	endfacet
	facet normal 0.8449656667327619 0.5179101262668349 -0.13342459725676634
		outer loop
			vertex 8.314696311950684 5.555702209472656 6.123233998228043e-16
			vertex 8.884476661682129 4.089075565338135 -2.084592819213867
			vertex 7.684497356414795 6.037671089172363 -2.120148181915283
		endloop
	endfacet
	facet normal 0.7701966804950696 0.6320841277880282 -0.08524510984697796
		outer loop
			vertex 7.071067810058594 7.071067810058594 6.123233998228043e-16
			vertex 8.314696311950684 5.555702209472656 6.123233998228043e-16
			vertex 7.684497356414795 6.037671089172363 -2.120148181915283
		endloop
	endfacet
	facet normal 0.09754969457091424 0.09754969457091424 0.9904383444607963
		outer loop
			vertex 6.123233998228043e-16 1.9509031772613525 9.807852745056152
			vertex 6.123233998228043e-16 6.123233998228043e-16 10
			vertex 1.9509031772613525 6.123233998228043e-16 9.807852745056152
		endloop
	endfacet
	facet normal 0.10659732567941449 0.10659732567941449 0.988571707220065
		outer loop
			vertex 2.0233471393585205 2.0233471393585205 9.581864356994629
			vertex 6.123233998228043e-16 1.9509031772613525 9.807852745056152
			vertex 1.9509031772613525 6.123233998228043e-16 9.807852745056152
		endloop
	endfacet
	facet normal 0.09604163072495678 0.2889427543463888 0.952516713700297
		outer loop
			vertex 6.123233998228043e-16 3.8268344402313232 9.238795280456543
			vertex 6.123233998228043e-16 1.9509031772613525 9.807852745056152
			vertex 2.0233471393585205 2.0233471393585205 9.581864356994629
		endloop
	endfacet
	facet normal 0.09022921388998312 0.4694738793626076 0.8783239525124085
		outer loop
			vertex 6.123233998228043e-16 5.555702209472656 8.314696311950684
			vertex 6.123233998228043e-16 3.8268344402313232 9.238795280456543
			vertex 2.084592819213867 4.089075565338135 8.884476661682129
		endloop
	endfacet
	facet normal 0.12050842800808458 0.3143225373162581 0.9416363742518074
		outer loop
			vertex 2.084592819213867 4.089075565338135 8.884476661682129
			vertex 6.123233998228043e-16 3.8268344402313232 9.238795280456543
			vertex 2.0233471393585205 2.0233471393585205 9.581864356994629
		endloop
	endfacet
	facet normal 0.2889427543463888 0.09604163072495678 0.952516713700297
		outer loop
			vertex 2.0233471393585205 2.0233471393585205 9.581864356994629
			vertex 1.9509031772613525 6.123233998228043e-16 9.807852745056152
			vertex 3.8268344402313232 6.123233998228043e-16 9.238795280456543
		endloop
	endfacet
	facet normal 0.3143225373162581 0.12050842800808458 0.9416363742518074
		outer loop
			vertex 3.8268344402313232 6.123233998228043e-16 9.238795280456543
			vertex 4.089075565338135 2.084592819213867 8.884476661682129
			vertex 2.0233471393585205 2.0233471393585205 9.581864356994629
		endloop
	endfacet
	facet normal 0.4694738793626076 0.09022921388998312 0.8783239525124085
		outer loop
			vertex 3.8268344402313232 6.123233998228043e-16 9.238795280456543
			vertex 5.555702209472656 6.123233998228043e-16 8.314696311950684
			vertex 4.089075565338135 2.084592819213867 8.884476661682129
		endloop
	endfacet
	facet normal 0.3412200659582193 0.3412200659582193 0.8758639923954731
		outer loop
			vertex 4.089075565338135 2.084592819213867 8.884476661682129
			vertex 4.297662734985352 4.297662734985352 7.941044807434082
			vertex 2.084592819213867 4.089075565338135 8.884476661682129
		endloop
	endfacet
	facet normal 0.29745587455952394 0.29745587455952394 0.9072155231145781
		outer loop
			vertex 2.084592819213867 4.089075565338135 8.884476661682129
			vertex 2.0233471393585205 2.0233471393585205 9.581864356994629
			vertex 4.089075565338135 2.084592819213867 8.884476661682129
		endloop
	endfacet
	facet normal 0.30049211081649546 0.4961495144099267 0.8145797386921927
		outer loop
			vertex 2.120148181915283 6.037671089172363 7.684497356414795
			vertex 2.084592819213867 4.089075565338135 8.884476661682129
			vertex 4.297662734985352 4.297662734985352 7.941044807434082
		endloop
	endfacet
	facet normal 0.4961495144099267 0.30049211081649546 0.8145797386921927
		outer loop
			vertex 4.089075565338135 2.084592819213867 8.884476661682129
			vertex 6.037671089172363 2.120148181915283 7.684497356414795
			vertex 4.297662734985352 4.297662734985352 7.941044807434082
		endloop
	endfacet
	facet normal 0.09754969457091424 0.9904383444607963 0.09754969457091424
		outer loop
			vertex 1.9509031772613525 9.807852745056152 6.123233998228043e-16
			vertex 6.123233998228043e-16 10 6.123233998228043e-16
			vertex 6.123233998228043e-16 9.807852745056152 1.9509031772613525
		endloop
	endfacet
	facet normal 0.10659732567941449 0.988571707220065 0.10659732567941449
		outer loop
			vertex 1.9509031772613525 9.807852745056152 6.123233998228043e-16
			vertex 6.123233998228043e-16 9.807852745056152 1.9509031772613525
			vertex 2.0233471393585205 9.581864356994629 2.0233471393585205
		endloop
	endfacet
	facet normal 0.09604163072495678 0.952516713700297 0.2889427543463888
		outer loop
			vertex 6.123233998228043e-16 9.807852745056152 1.9509031772613525
			vertex 6.123233998228043e-16 9.238795280456543 3.8268344402313232
			vertex 2.0233471393585205 9.581864356994629 2.0233471393585205
		endloop
	endfacet
	facet normal 0.09022921388998312 0.8783239525124085 0.4694738793626076
		outer loop
			vertex 6.123233998228043e-16 9.238795280456543 3.8268344402313232
			vertex 6.123233998228043e-16 8.314696311950684 5.555702209472656
			vertex 2.084592819213867 8.884476661682129 4.089075565338135
		endloop
	endfacet
	facet normal 0.1205084280080846 0.9416363742518076 0.31432253731625814
		outer loop
			vertex 2.0233471393585205 9.581864356994629 2.0233471393585205
			vertex 6.123233998228043e-16 9.238795280456543 3.8268344402313232
			vertex 2.084592819213867 8.884476661682129 4.089075565338135
		endloop
	endfacet
	facet normal 0.2889427543463888 0.952516713700297 0.09604163072495678
		outer loop
			vertex 1.9509031772613525 9.807852745056152 6.123233998228043e-16
			vertex 2.0233471393585205 9.581864356994629 2.0233471393585205
			vertex 3.8268344402313232 9.238795280456543 6.123233998228043e-16
		endloop
	endfacet
	facet normal 0.31432253731625814 0.9416363742518076 0.1205084280080846
		outer loop
			vertex 4.089075565338135 8.884476661682129 2.084592819213867
			vertex 3.8268344402313232 9.238795280456543 6.123233998228043e-16
			vertex 2.0233471393585205 9.581864356994629 2.0233471393585205
		endloop
	endfacet
	facet normal 0.4694738793626076 0.8783239525124085 0.09022921388998312
		outer loop
			vertex 4.089075565338135 8.884476661682129 2.084592819213867
			vertex 5.555702209472656 8.314696311950684 6.123233998228043e-16
			vertex 3.8268344402313232 9.238795280456543 6.123233998228043e-16
		endloop
	endfacet
	facet normal 0.34122006595821924 0.8758639923954729 0.34122006595821924
		outer loop
			vertex 4.297662734985352 7.941044807434082 4.297662734985352
			vertex 4.089075565338135 8.884476661682129 2.084592819213867
			vertex 2.084592819213867 8.884476661682129 4.089075565338135
		endloop
	endfacet
	facet normal 0.30049211081649546 0.8145797386921927 0.4961495144099267
		outer loop
			vertex 2.084592819213867 8.884476661682129 4.089075565338135
			vertex 2.120148181915283 7.684497356414795 6.037671089172363
			vertex 4.297662734985352 7.941044807434082 4.297662734985352
		endloop
	endfacet
	facet normal 0.29745587455952394 0.9072155231145781 0.29745587455952394
		outer loop
			vertex 2.0233471393585205 9.581864356994629 2.0233471393585205
			vertex 2.084592819213867 8.884476661682129 4.089075565338135
			vertex 4.089075565338135 8.884476661682129 2.084592819213867
		endloop
	endfacet
	facet normal 0.4961495144099267 0.8145797386921927 0.30049211081649546
		outer loop
			vertex 4.297662734985352 7.941044807434082 4.297662734985352
			vertex 6.037671089172363 7.684497356414795 2.120148181915283
			vertex 4.089075565338135 8.884476661682129 2.084592819213867
		endloop
	endfacet
	facet normal 0.1387123903282684 0.7002709735414635 0.7002709735414635
		outer loop
			vertex 2.120148181915283 7.684497356414795 6.037671089172363
			vertex 6.123233998228043e-16 7.071067810058594 7.071067810058594
			vertex 2.120148181915283 6.037671089172363 7.684497356414795
		endloop
	endfacet
	facet normal 0.085245109846978 0.6320841277880284 0.7701966804950696
		outer loop
			vertex 6.123233998228043e-16 7.071067810058594 7.071067810058594
			vertex 6.123233998228043e-16 5.555702209472656 8.314696311950684
			vertex 2.120148181915283 6.037671089172363 7.684497356414795
		endloop
	endfacet
	facet normal 0.1334245972567664 0.5179101262668349 0.8449656667327619
		outer loop
			vertex 2.120148181915283 6.037671089172363 7.684497356414795
			vertex 6.123233998228043e-16 5.555702209472656 8.314696311950684
			vertex 2.084592819213867 4.089075565338135 8.884476661682129
		endloop
	endfacet
	facet normal 0.085245109846978 0.7701966804950696 0.6320841277880284
		outer loop
			vertex 6.123233998228043e-16 8.314696311950684 5.555702209472656
			vertex 6.123233998228043e-16 7.071067810058594 7.071067810058594
			vertex 2.120148181915283 7.684497356414795 6.037671089172363
		endloop
	endfacet
	facet normal 0.1334245972567664 0.8449656667327619 0.5179101262668349
		outer loop
			vertex 2.084592819213867 8.884476661682129 4.089075565338135
			vertex 6.123233998228043e-16 8.314696311950684 5.555702209472656
			vertex 2.120148181915283 7.684497356414795 6.037671089172363
		endloop
	endfacet
	facet normal 0.3594952122984947 0.5599467147812984 0.746473622400746
		outer loop
			vertex 4.297662734985352 4.297662734985352 7.941044807434082
			vertex 4.378852367401123 6.357108116149902 6.357108116149902
			vertex 2.120148181915283 6.037671089172363 7.684497356414795
		endloop
	endfacet
	facet normal 0.3594952122984947 0.746473622400746 0.5599467147812984
		outer loop
			vertex 4.378852367401123 6.357108116149902 6.357108116149902
			vertex 4.297662734985352 7.941044807434082 4.297662734985352
			vertex 2.120148181915283 7.684497356414795 6.037671089172363
		endloop
	endfacet
	facet normal 0.3009220601145843 0.6743314888600394 0.6743314888600394
		outer loop
			vertex 2.120148181915283 7.684497356414795 6.037671089172363
			vertex 2.120148181915283 6.037671089172363 7.684497356414795
			vertex 4.378852367401123 6.357108116149902 6.357108116149902
		endloop
	endfacet
	facet normal 0.9904383444607963 0.09754969457091424 0.09754969457091424
		outer loop
			vertex 9.807852745056152 6.123233998228043e-16 1.9509031772613525
			vertex 10 6.123233998228043e-16 6.123233998228043e-16
			vertex 9.807852745056152 1.9509031772613525 6.123233998228043e-16
		endloop
	endfacet
	facet normal 0.988571707220065 0.10659732567941449 0.10659732567941449
		outer loop
			vertex 9.807852745056152 6.123233998228043e-16 1.9509031772613525
			vertex 9.807852745056152 1.9509031772613525 6.123233998228043e-16
			vertex 9.581864356994629 2.0233471393585205 2.0233471393585205
		endloop
	endfacet
	facet normal 0.952516713700297 0.09604163072495678 0.2889427543463888
		outer loop
			vertex 9.238795280456543 6.123233998228043e-16 3.8268344402313232
			vertex 9.807852745056152 6.123233998228043e-16 1.9509031772613525
			vertex 9.581864356994629 2.0233471393585205 2.0233471393585205
		endloop
	endfacet
	facet normal 0.8783239525124085 0.09022921388998312 0.4694738793626076
		outer loop
			vertex 8.314696311950684 6.123233998228043e-16 5.555702209472656
			vertex 9.238795280456543 6.123233998228043e-16 3.8268344402313232
			vertex 8.884476661682129 2.084592819213867 4.089075565338135
		endloop
	endfacet
	facet normal 0.9416363742518076 0.1205084280080846 0.31432253731625814
		outer loop
			vertex 9.238795280456543 6.123233998228043e-16 3.8268344402313232
			vertex 9.581864356994629 2.0233471393585205 2.0233471393585205
			vertex 8.884476661682129 2.084592819213867 4.089075565338135
		endloop
	endfacet
	facet normal 0.952516713700297 0.2889427543463888 0.09604163072495678
		outer loop
			vertex 9.581864356994629 2.0233471393585205 2.0233471393585205
			vertex 9.807852745056152 1.9509031772613525 6.123233998228043e-16
			vertex 9.238795280456543 3.8268344402313232 6.123233998228043e-16
		endloop
	endfacet
	facet normal 0.9416363742518076 0.31432253731625814 0.1205084280080846
		outer loop
			vertex 9.581864356994629 2.0233471393585205 2.0233471393585205
			vertex 9.238795280456543 3.8268344402313232 6.123233998228043e-16
			vertex 8.884476661682129 4.089075565338135 2.084592819213867
		endloop
	endfacet
	facet normal 0.8783239525124085 0.4694738793626076 0.09022921388998312
		outer loop
			vertex 8.884476661682129 4.089075565338135 2.084592819213867
			vertex 9.238795280456543 3.8268344402313232 6.123233998228043e-16
			vertex 8.314696311950684 5.555702209472656 6.123233998228043e-16
		endloop
	endfacet
	facet normal 0.8758639923954729 0.34122006595821924 0.34122006595821924
		outer loop
			vertex 8.884476661682129 2.084592819213867 4.089075565338135
			vertex 8.884476661682129 4.089075565338135 2.084592819213867
			vertex 7.941044807434082 4.297662734985352 4.297662734985352
		endloop
	endfacet
	facet normal 0.8145797386921927 0.30049211081649546 0.4961495144099267
		outer loop
			vertex 7.684497356414795 2.120148181915283 6.037671089172363
			vertex 8.884476661682129 2.084592819213867 4.089075565338135
			vertex 7.941044807434082 4.297662734985352 4.297662734985352
		endloop
	endfacet
	facet normal 0.8145797386921927 0.4961495144099267 0.30049211081649546
		outer loop
			vertex 7.941044807434082 4.297662734985352 4.297662734985352
			vertex 8.884476661682129 4.089075565338135 2.084592819213867
			vertex 7.684497356414795 6.037671089172363 2.120148181915283
		endloop
	endfacet
	facet normal 0.9072155231145781 0.29745587455952394 0.29745587455952394
		outer loop
			vertex 8.884476661682129 2.084592819213867 4.089075565338135
			vertex 9.581864356994629 2.0233471393585205 2.0233471393585205
			vertex 8.884476661682129 4.089075565338135 2.084592819213867
		endloop
	endfacet
	facet normal 0.7002709735414635 0.1387123903282684 0.7002709735414635
		outer loop
			vertex 7.071067810058594 6.123233998228043e-16 7.071067810058594
			vertex 7.684497356414795 2.120148181915283 6.037671089172363
			vertex 6.037671089172363 2.120148181915283 7.684497356414795
		endloop
	endfacet
	facet normal 0.6320841277880284 0.085245109846978 0.7701966804950696
		outer loop
			vertex 5.555702209472656 6.123233998228043e-16 8.314696311950684
			vertex 7.071067810058594 6.123233998228043e-16 7.071067810058594
			vertex 6.037671089172363 2.120148181915283 7.684497356414795
		endloop
	endfacet
	facet normal 0.5179101262668349 0.1334245972567664 0.8449656667327619
		outer loop
			vertex 5.555702209472656 6.123233998228043e-16 8.314696311950684
			vertex 6.037671089172363 2.120148181915283 7.684497356414795
			vertex 4.089075565338135 2.084592819213867 8.884476661682129
		endloop
	endfacet
	facet normal 0.5599467147812984 0.3594952122984947 0.746473622400746
		outer loop
			vertex 6.037671089172363 2.120148181915283 7.684497356414795
			vertex 6.357108116149902 4.378852367401123 6.357108116149902
			vertex 4.297662734985352 4.297662734985352 7.941044807434082
		endloop
	endfacet
	facet normal 0.746473622400746 0.3594952122984947 0.5599467147812984
		outer loop
			vertex 7.684497356414795 2.120148181915283 6.037671089172363
			vertex 7.941044807434082 4.297662734985352 4.297662734985352
			vertex 6.357108116149902 4.378852367401123 6.357108116149902
		endloop
	endfacet
	facet normal 0.6743314888600394 0.3009220601145843 0.6743314888600394
		outer loop
			vertex 6.037671089172363 2.120148181915283 7.684497356414795
			vertex 7.684497356414795 2.120148181915283 6.037671089172363
			vertex 6.357108116149902 4.378852367401123 6.357108116149902
		endloop
	endfacet
	facet normal 0.7701966804950696 0.085245109846978 0.6320841277880284
		outer loop
			vertex 7.071067810058594 6.123233998228043e-16 7.071067810058594
			vertex 8.314696311950684 6.123233998228043e-16 5.555702209472656
			vertex 7.684497356414795 2.120148181915283 6.037671089172363
		endloop
	endfacet
	facet normal 0.8449656667327619 0.1334245972567664 0.5179101262668349
		outer loop
			vertex 8.314696311950684 6.123233998228043e-16 5.555702209472656
			vertex 8.884476661682129 2.084592819213867 4.089075565338135
			vertex 7.684497356414795 2.120148181915283 6.037671089172363
		endloop
	endfacet
	facet normal 0.7002709735414635 0.7002709735414635 0.1387123903282684
		outer loop
			vertex 7.684497356414795 6.037671089172363 2.120148181915283
			vertex 7.071067810058594 7.071067810058594 6.123233998228043e-16
			vertex 6.037671089172363 7.684497356414795 2.120148181915283
		endloop
	endfacet
	facet normal 0.5599467147812984 0.746473622400746 0.3594952122984947
		outer loop
			vertex 6.357108116149902 6.357108116149902 4.378852367401123
			vertex 6.037671089172363 7.684497356414795 2.120148181915283
			vertex 4.297662734985352 7.941044807434082 4.297662734985352
		endloop
	endfacet
	facet normal 0.746473622400746 0.5599467147812984 0.3594952122984947
		outer loop
			vertex 7.941044807434082 4.297662734985352 4.297662734985352
			vertex 7.684497356414795 6.037671089172363 2.120148181915283
			vertex 6.357108116149902 6.357108116149902 4.378852367401123
		endloop
	endfacet
	facet normal 0.6743314888600394 0.6743314888600394 0.3009220601145843
		outer loop
			vertex 6.357108116149902 6.357108116149902 4.378852367401123
			vertex 7.684497356414795 6.037671089172363 2.120148181915283
			vertex 6.037671089172363 7.684497356414795 2.120148181915283
		endloop
	endfacet
	facet normal 0.6320841277880284 0.7701966804950696 0.085245109846978
		outer loop
			vertex 6.037671089172363 7.684497356414795 2.120148181915283
			vertex 7.071067810058594 7.071067810058594 6.123233998228043e-16
			vertex 5.555702209472656 8.314696311950684 6.123233998228043e-16
		endloop
	endfacet
	facet normal 0.5179101262668349 0.8449656667327619 0.1334245972567664
		outer loop
			vertex 6.037671089172363 7.684497356414795 2.120148181915283
			vertex 5.555702209472656 8.314696311950684 6.123233998228043e-16
			vertex 4.089075565338135 8.884476661682129 2.084592819213867
		endloop
	endfacet
	facet normal 0.7701966804950696 0.6320841277880284 0.085245109846978
		outer loop
			vertex 7.684497356414795 6.037671089172363 2.120148181915283
			vertex 8.314696311950684 5.555702209472656 6.123233998228043e-16
			vertex 7.071067810058594 7.071067810058594 6.123233998228043e-16
		endloop
	endfacet
	facet normal 0.8449656667327619 0.5179101262668349 0.1334245972567664
		outer loop
			vertex 8.884476661682129 4.089075565338135 2.084592819213867
			vertex 8.314696311950684 5.555702209472656 6.123233998228043e-16
			vertex 7.684497356414795 6.037671089172363 2.120148181915283
		endloop
	endfacet
	facet normal 0.5773502691896258 0.5773502691896258 0.5773502691896258
		outer loop
			vertex 6.357108116149902 4.378852367401123 6.357108116149902
			vertex 6.357108116149902 6.357108116149902 4.378852367401123
			vertex 4.378852367401123 6.357108116149902 6.357108116149902
		endloop
	endfacet
	facet normal 0.5112125928855099 0.5112125928855099 0.6908859310700629
		outer loop
			vertex 4.297662734985352 4.297662734985352 7.941044807434082
			vertex 6.357108116149902 4.378852367401123 6.357108116149902
			vertex 4.378852367401123 6.357108116149902 6.357108116149902
		endloop
	endfacet
	facet normal 0.5112125928855099 0.6908859310700629 0.5112125928855099
		outer loop
			vertex 4.378852367401123 6.357108116149902 6.357108116149902
			vertex 6.357108116149902 6.357108116149902 4.378852367401123
			vertex 4.297662734985352 7.941044807434082 4.297662734985352
		endloop
	endfacet
	facet normal 0.6908859310700629 0.5112125928855099 0.5112125928855099
		outer loop
			vertex 6.357108116149902 4.378852367401123 6.357108116149902
			vertex 7.941044807434082 4.297662734985352 4.297662734985352
			vertex 6.357108116149902 6.357108116149902 4.378852367401123
		endloop
	endfacet
endsolid exported
