ISO-10303-21;
HEADER;
FILE_DESCRIPTION(('ViewDefinition [CoordinationView_V2.0]'),'2;1');
FILE_NAME('0001','2021-11-21T06:45:25',(''),(''),'The EXPRESS Data Manager Version 5.02.0100.07 : 28 Aug 2013','21.0.0.383 - Exporter 21.0.0.383 - Alternate UI 21.0.0.383','');
FILE_SCHEMA(('IFC2X3'));
ENDSEC;
DATA;
#1=IFCORGANIZATION($,'Autodesk Revit 2021 (ENU)',$,$,$);
#5=IFCAPPLICATION(#1,'2021','Autodesk Revit 2021 (ENU)','Revit');
#6=IFCCARTESIANPOINT((0.,0.,0.));
#9=IFCCARTESIANPOINT((0.,0.));
#13=IFCDIRECTION((-1.,0.,0.));
#17=IFCDIRECTION((0.,-1.,0.));
#19=IFCDIRECTION((0.,0.,1.));
#21=IFCDIRECTION((0.,0.,-1.));
#23=IFCDIRECTION((1.,0.));
#25=IFCDIRECTION((-1.,0.));
#27=IFCDIRECTION((0.,1.));
#31=IFCAXIS2PLACEMENT3D(#6,$,$);
#32=IFCLOCALPLACEMENT(#166,#31);
#35=IFCPERSON($,'','USER',$,$,$,$,$);
#37=IFCORGANIZATION($,'','',$,$);
#38=IFCPERSONANDORGANIZATION(#35,#37,$);
#41=IFCOWNERHISTORY(#38,#5,$,.NOCHANGE.,$,$,$,1636128849);
#42=IFCSIUNIT(*,.LENGTHUNIT.,.MILLI.,.METRE.);
#43=IFCSIUNIT(*,.LENGTHUNIT.,.CENTI.,.METRE.);
#44=IFCSIUNIT(*,.AREAUNIT.,$,.SQUARE_METRE.);
#45=IFCSIUNIT(*,.VOLUMEUNIT.,$,.CUBIC_METRE.);
#46=IFCSIUNIT(*,.PLANEANGLEUNIT.,$,.RADIAN.);
#47=IFCDIMENSIONALEXPONENTS(0,0,0,0,0,0,0);
#48=IFCMEASUREWITHUNIT(IFCRATIOMEASURE(0.0174532925199433),#46);
#49=IFCCONVERSIONBASEDUNIT(#47,.PLANEANGLEUNIT.,'DEGREE',#48);
#50=IFCSIUNIT(*,.MASSUNIT.,.KILO.,.GRAM.);
#51=IFCDERIVEDUNITELEMENT(#50,1);
#52=IFCDERIVEDUNITELEMENT(#43,-3);
#53=IFCDERIVEDUNIT((#51,#52),.MASSDENSITYUNIT.,$);
#55=IFCDERIVEDUNITELEMENT(#43,4);
#56=IFCDERIVEDUNIT((#55),.MOMENTOFINERTIAUNIT.,$);
#58=IFCSIUNIT(*,.TIMEUNIT.,$,.SECOND.);
#59=IFCSIUNIT(*,.FREQUENCYUNIT.,$,.HERTZ.);
#60=IFCSIUNIT(*,.THERMODYNAMICTEMPERATUREUNIT.,$,.KELVIN.);
#61=IFCSIUNIT(*,.THERMODYNAMICTEMPERATUREUNIT.,$,.DEGREE_CELSIUS.);
#62=IFCDERIVEDUNITELEMENT(#50,1);
#63=IFCDERIVEDUNITELEMENT(#60,-1);
#64=IFCDERIVEDUNITELEMENT(#58,-3);
#65=IFCDERIVEDUNIT((#62,#63,#64),.THERMALTRANSMITTANCEUNIT.,$);
#68=IFCDERIVEDUNITELEMENT(#43,3);
#69=IFCDERIVEDUNITELEMENT(#58,-1);
#70=IFCDERIVEDUNIT((#68,#69),.VOLUMETRICFLOWRATEUNIT.,$);
#72=IFCSIUNIT(*,.ELECTRICCURRENTUNIT.,$,.AMPERE.);
#73=IFCSIUNIT(*,.ELECTRICVOLTAGEUNIT.,$,.VOLT.);
#74=IFCSIUNIT(*,.POWERUNIT.,$,.WATT.);
#75=IFCSIUNIT(*,.FORCEUNIT.,.KILO.,.NEWTON.);
#76=IFCSIUNIT(*,.ILLUMINANCEUNIT.,$,.LUX.);
#77=IFCSIUNIT(*,.LUMINOUSFLUXUNIT.,$,.LUMEN.);
#78=IFCSIUNIT(*,.LUMINOUSINTENSITYUNIT.,$,.CANDELA.);
#79=IFCDERIVEDUNITELEMENT(#50,-1);
#80=IFCDERIVEDUNITELEMENT(#43,-2);
#81=IFCDERIVEDUNITELEMENT(#58,3);
#82=IFCDERIVEDUNITELEMENT(#77,1);
#83=IFCDERIVEDUNIT((#79,#80,#81,#82),.USERDEFINED.,'Luminous Efficacy');
#85=IFCDERIVEDUNITELEMENT(#43,1);
#86=IFCDERIVEDUNITELEMENT(#58,-1);
#87=IFCDERIVEDUNIT((#85,#86),.LINEARVELOCITYUNIT.,$);
#89=IFCSIUNIT(*,.PRESSUREUNIT.,$,.PASCAL.);
#90=IFCDERIVEDUNITELEMENT(#43,-2);
#91=IFCDERIVEDUNITELEMENT(#50,1);
#92=IFCDERIVEDUNITELEMENT(#58,-2);
#93=IFCDERIVEDUNIT((#90,#91,#92),.USERDEFINED.,'Friction Loss');
#95=IFCDERIVEDUNITELEMENT(#50,1);
#96=IFCDERIVEDUNITELEMENT(#43,1);
#97=IFCDERIVEDUNITELEMENT(#58,-2);
#98=IFCDERIVEDUNITELEMENT(#43,-1);
#99=IFCDERIVEDUNIT((#95,#96,#97,#98),.LINEARFORCEUNIT.,$);
#101=IFCDERIVEDUNITELEMENT(#50,1);
#102=IFCDERIVEDUNITELEMENT(#43,1);
#103=IFCDERIVEDUNITELEMENT(#58,-2);
#104=IFCDERIVEDUNITELEMENT(#43,-2);
#105=IFCDERIVEDUNIT((#101,#102,#103,#104),.PLANARFORCEUNIT.,$);
#107=IFCUNITASSIGNMENT((#42,#44,#45,#49,#50,#53,#56,#58,#59,#61,#65,#70,#72,#73,#74,#75,#76,#77,#78,#83,#87,#89,#93,#99,#105));
#109=IFCAXIS2PLACEMENT3D(#6,$,$);
#110=IFCDIRECTION((6.12303176911189E-17,1.));
#112=IFCGEOMETRICREPRESENTATIONCONTEXT($,'Model',3,0.01,#109,#110);
#115=IFCGEOMETRICREPRESENTATIONSUBCONTEXT('Axis','Model',*,*,*,*,#112,$,.GRAPH_VIEW.,$);
#117=IFCGEOMETRICREPRESENTATIONSUBCONTEXT('Body','Model',*,*,*,*,#112,$,.MODEL_VIEW.,$);
#120=IFCPROJECT('0a3v3dJi10mxIqGCSrYdxN',#41,'0001',$,$,'Project Name','Project Status',(#112),#107);
#126=IFCPOSTALADDRESS($,$,$,$,('Enter address here'),$,'','Boston','','MA');
#130=IFCBUILDING('0a3v3dJi10mxIqGCSrYdxM',#41,'',$,$,#32,$,'',.ELEMENT.,$,$,#126);
#136=IFCAXIS2PLACEMENT3D(#6,$,$);
#137=IFCLOCALPLACEMENT(#32,#136);
#139=IFCBUILDINGSTOREY('0a3v3dJi10mxIqGCVATO0G',#41,'Street level',$,'Level:8mm Head',#137,$,'Street level',.ELEMENT.,0.);
#141=IFCCARTESIANPOINT((0.,0.,450.));
#143=IFCAXIS2PLACEMENT3D(#141,$,$);
#144=IFCLOCALPLACEMENT(#32,#143);
#145=IFCBUILDINGSTOREY('0a3v3dJi10mxIqGCVASCqx',#41,'Grond floor',$,'Level:8mm Head',#144,$,'Grond floor',.ELEMENT.,450.);
#147=IFCCARTESIANPOINT((0.,0.,4850.));
#149=IFCAXIS2PLACEMENT3D(#147,$,$);
#150=IFCLOCALPLACEMENT(#32,#149);
#151=IFCBUILDINGSTOREY('0a3v3dJi10mxIqGCVATOEH',#41,'First floor',$,'Level:8mm Head',#150,$,'First floor',.ELEMENT.,4850.);
#153=IFCCARTESIANPOINT((0.,0.,8950.));
#155=IFCAXIS2PLACEMENT3D(#153,$,$);
#156=IFCLOCALPLACEMENT(#32,#155);
#157=IFCBUILDINGSTOREY('0a3v3dJi10mxIqGCVASCl3',#41,'Roof floor',$,'Level:8mm Head',#156,$,'Roof floor',.ELEMENT.,8950.);
#159=IFCCARTESIANPOINT((0.,0.,12250.));
#161=IFCAXIS2PLACEMENT3D(#159,$,$);
#162=IFCLOCALPLACEMENT(#32,#161);
#163=IFCBUILDINGSTOREY('0a3v3dJi10mxIqGCVASD4d',#41,'Roof',$,'Level:8mm Head',#162,$,'Roof',.ELEMENT.,12250.0000000003);
#165=IFCAXIS2PLACEMENT3D(#6,$,$);
#166=IFCLOCALPLACEMENT($,#165);
#167=IFCSITE('0a3v3dJi10mxIqGCSrYdxL',#41,'Default',$,$,#166,$,$,.ELEMENT.,(42,21,31,181945),(-71,-3,-24,-263305),0.,$,$);
#184=IFCAXIS2PLACEMENT3D(#6,$,$);
#185=IFCLOCALPLACEMENT(#137,#184);
#209=IFCCARTESIANPOINT((18050.3653325954,-3055.33054133233));
#211=IFCCARTESIANPOINT((14066.9996053181,-4053.60181378497));
#213=IFCCARTESIANPOINT((12138.8516384967,18123.8020440229));
#215=IFCCARTESIANPOINT((-17086.12852265,6993.09439760281));
#217=IFCCARTESIANPOINT((-12706.9813825445,-18266.1810374016));
#219=IFCCARTESIANPOINT((19100.6894949745,-9962.50224415097));
#221=IFCCARTESIANPOINT((18239.1825433799,-5292.67012224993));
#223=IFCPOLYLINE((#209,#211,#213,#215,#217,#219,#221,#209));
#225=IFCARBITRARYCLOSEDPROFILEDEF(.AREA.,$,#223);
#226=IFCCARTESIANPOINT((1577.29864651972,-3904.08553519766,0.));
#228=IFCAXIS2PLACEMENT3D(#226,#21,#13);
#229=IFCEXTRUDEDAREASOLID(#225,#228,#19,150.);
#239=IFCSHAPEREPRESENTATION(#117,'Body','SweptSolid',(#229));
#242=IFCPRODUCTDEFINITIONSHAPE($,$,(#239));
#246=IFCSLAB('0ZRQUHwuv8SOaxY18jH6Mu',#41,'Floor:Generic 150mm - Filled:348347',$,'Floor:Generic 150mm - Filled',#185,#242,'348347',.FLOOR.);
#255=IFCSLABTYPE('0sSQ3ZSRL7whSJ2QwMOz6w',#41,'Floor:Generic 150mm - Filled',$,$,(#376,#379,#381,#384,#386),$,'18928',$,.FLOOR.);
#257=IFCCARTESIANPOINT((-2416.69575452709,-4937.96892003493));
#259=IFCCARTESIANPOINT((2447.40884280264,-4937.96892003493));
#261=IFCCARTESIANPOINT((2385.98266625149,4937.96892003492));
#263=IFCCARTESIANPOINT((-2416.69575452704,4937.96892003494));
#265=IFCPOLYLINE((#257,#259,#261,#263,#257));
#267=IFCARBITRARYCLOSEDPROFILEDEF(.AREA.,$,#265);
#268=IFCDIRECTION((0.967572488231792,-0.252593507471864,0.));
#270=IFCAXIS2PLACEMENT3D(#6,#21,#268);
#271=IFCEXTRUDEDAREASOLID(#267,#270,#19,150.);
#277=IFCSHAPEREPRESENTATION(#117,'Body','SweptSolid',(#271));
#279=IFCPRODUCTDEFINITIONSHAPE($,$,(#277));
#281=IFCCARTESIANPOINT((6713.60831461196,-13631.4707437114,0.));
#283=IFCAXIS2PLACEMENT3D(#281,$,$);
#284=IFCLOCALPLACEMENT(#185,#283);
#286=IFCOPENINGELEMENT('0OYSuH3T9CufsaYBbdUcUQ',#41,'Floor:Generic 150mm - Filled:348347:2',$,'Opening',#284,#279,'348347');
#291=IFCRELVOIDSELEMENT('2YBv7SEgLBUhzsLDHHCSwZ',#41,$,$,#246,#286);
#294=IFCMATERIAL('Default Floor');
#311=IFCMATERIALLAYER(#294,150.,$);
#313=IFCMATERIALLAYERSET((#311),'Floor:Generic 150mm - Filled');
#316=IFCMATERIALLAYERSETUSAGE(#313,.AXIS3.,.POSITIVE.,0.);
#317=IFCPROPERTYSINGLEVALUE('Roughness',$,IFCPOSITIVELENGTHMEASURE(914.4),$);
#318=IFCPROPERTYSET('2TKL1Sb5b6G9L_IQSKwBZV',#41,'Pset_ElementShading',$,(#317));
#320=IFCPROPERTYSINGLEVALUE('Category',$,IFCLABEL('Floors'),$);
#321=IFCPROPERTYSET('1Ui1lF1NHD8Be_DssEpe41',#41,'Pset_ProductRequirements',$,(#320));
#323=IFCPROPERTYSINGLEVALUE('Reference',$,IFCIDENTIFIER('Generic 150mm - Filled'),$);
#324=IFCPROPERTYSET('2RshrHwJnBogA_jSc_z5HJ',#41,'Pset_QuantityTakeOff',$,(#323));
#326=IFCPROPERTYSINGLEVALUE('Reference',$,IFCLABEL('Generic 150mm - Filled'),$);
#327=IFCPROPERTYSET('2JScbTYjbBs8lIJVZbGauy',#41,'Pset_ReinforcementBarPitchOfSlab',$,(#326));
#329=IFCPROPERTYSINGLEVALUE('IsExternal',$,IFCBOOLEAN(.F.),$);
#330=IFCPROPERTYSINGLEVALUE('LoadBearing',$,IFCBOOLEAN(.F.),$);
#331=IFCPROPERTYSINGLEVALUE('PitchAngle',$,IFCPLANEANGLEMEASURE(0.),$);
#332=IFCPROPERTYSET('0ZRQUHwuv8SOaxW_ajH6Mu',#41,'Pset_SlabCommon',$,(#323,#329,#330,#331));
#344=IFCRELDEFINESBYPROPERTIES('1ZqNY3X9D01Ox_pnUC47Ki',#41,$,$,(#246),#318);
#348=IFCRELDEFINESBYPROPERTIES('37qOv3tnzCCuOWVNjp0Mai',#41,$,$,(#246),#321);
#351=IFCRELDEFINESBYPROPERTIES('2G6mGeC$r92vTHqKDKwSMV',#41,$,$,(#246),#324);
#354=IFCRELDEFINESBYPROPERTIES('0Oe9$owZj9huq3z7nQ9mUj',#41,$,$,(#246),#327);
#357=IFCRELDEFINESBYPROPERTIES('1sHa6MLjXCk9hCZVOn5eeQ',#41,$,$,(#246),#332);
#375=IFCPROPERTYSINGLEVALUE('Roughness',$,IFCPOSITIVELENGTHMEASURE(914.4),$);
#376=IFCPROPERTYSET('3tCCojOTn2Ygru4_yBON1W',#41,'Pset_ElementShading',$,(#375));
#378=IFCPROPERTYSINGLEVALUE('Category',$,IFCLABEL('Floors'),$);
#379=IFCPROPERTYSET('0yrzEBlRvCV9j2qDYXcWWC',#41,'Pset_ProductRequirements',$,(#378));
#381=IFCPROPERTYSET('1RAVlLV_L9PQIa8yQW1yKw',#41,'Pset_QuantityTakeOff',$,(#323));
#383=IFCPROPERTYSINGLEVALUE('Reference',$,IFCLABEL('Generic 150mm - Filled'),$);
#384=IFCPROPERTYSET('3$wCaC4hrFbOv8Y94xiRuv',#41,'Pset_ReinforcementBarPitchOfSlab',$,(#383));
#386=IFCPROPERTYSET('0sSQ3ZSRL7whSJ0bMMOz6w',#41,'Pset_SlabCommon',$,(#323,#329));
#396=IFCAXIS2PLACEMENT3D(#6,$,$);
#397=IFCLOCALPLACEMENT(#137,#396);
#398=IFCCARTESIANPOINT((-42334.8621526101,-12940.7619063797));
#400=IFCCARTESIANPOINT((19548.1696964659,-12940.7619063798));
#402=IFCPOLYLINE((#398,#400));
#404=IFCCOMPOSITECURVESEGMENT(.CONTINUOUS.,.T.,#402);
#406=IFCCARTESIANPOINT((19548.1696964659,-12940.7619063798));
#408=IFCCARTESIANPOINT((85129.2975073873,-10542.9433304125));
#410=IFCPOLYLINE((#406,#408));
#412=IFCCOMPOSITECURVESEGMENT(.CONTINUOUS.,.T.,#410);
#413=IFCCARTESIANPOINT((85129.2975073872,-10542.9433304125));
#415=IFCCARTESIANPOINT((86834.0013992964,9345.77055961072));
#417=IFCPOLYLINE((#413,#415));
#419=IFCCOMPOSITECURVESEGMENT(.CONTINUOUS.,.T.,#417);
#420=IFCCARTESIANPOINT((86834.0013992964,9345.77055961072));
#422=IFCCARTESIANPOINT((37244.6647462497,8839.28508228618));
#424=IFCPOLYLINE((#420,#422));
#426=IFCCOMPOSITECURVESEGMENT(.CONTINUOUS.,.T.,#424);
#427=IFCCARTESIANPOINT((37244.6647462497,8839.28508228618));
#429=IFCCARTESIANPOINT((41208.3485746127,33862.9064135463));
#431=IFCPOLYLINE((#427,#429));
#433=IFCCOMPOSITECURVESEGMENT(.CONTINUOUS.,.T.,#431);
#434=IFCCARTESIANPOINT((41208.3485746127,33862.9064135463));
#436=IFCCARTESIANPOINT((36606.0783553884,34068.0502592559));
#438=IFCPOLYLINE((#434,#436));
#440=IFCCOMPOSITECURVESEGMENT(.CONTINUOUS.,.T.,#438);
#441=IFCCARTESIANPOINT((36606.0783553884,34068.0502592559));
#443=IFCCARTESIANPOINT((32289.5595315645,8800.82267607685));
#445=IFCPOLYLINE((#441,#443));
#447=IFCCOMPOSITECURVESEGMENT(.CONTINUOUS.,.T.,#445);
#448=IFCCARTESIANPOINT((32289.5595315645,8800.82267607686));
#450=IFCCARTESIANPOINT((31334.3272613351,8778.8123059905));
#452=IFCPOLYLINE((#448,#450));
#454=IFCCOMPOSITECURVESEGMENT(.CONTINUOUS.,.T.,#452);
#455=IFCCARTESIANPOINT((31464.843288938,9874.4572469718));
#457=IFCDIRECTION((-0.118286262058973,-0.992979536655184));
#459=IFCAXIS2PLACEMENT2D(#455,#457);
#460=IFCCIRCLE(#459,1103.39125887382);
#461=IFCTRIMMEDCURVE(#460,(IFCPARAMETERVALUE(277.833947872676)),(IFCPARAMETERVALUE(0.)),.T.,.PARAMETER.);
#464=IFCCOMPOSITECURVESEGMENT(.CONTINUOUS.,.F.,#461);
#465=IFCCARTESIANPOINT((30361.6340531858,9854.41598179011));
#467=IFCCARTESIANPOINT((30398.6887002407,13317.5241992515));
#469=IFCPOLYLINE((#465,#467));
#471=IFCCOMPOSITECURVESEGMENT(.CONTINUOUS.,.T.,#469);
#472=IFCCARTESIANPOINT((30398.6887002407,13317.5241992515));
#474=IFCCARTESIANPOINT((23148.3037229661,13395.1020395831));
#476=IFCPOLYLINE((#472,#474));
#478=IFCCOMPOSITECURVESEGMENT(.CONTINUOUS.,.T.,#476);
#479=IFCCARTESIANPOINT((23148.3037229661,13395.1020395831));
#481=IFCCARTESIANPOINT((23112.7011179277,10067.7009206704));
#483=IFCPOLYLINE((#479,#481));
#485=IFCCOMPOSITECURVESEGMENT(.CONTINUOUS.,.T.,#483);
#486=IFCCARTESIANPOINT((21538.4554130971,10100.1867009707));
#488=IFCDIRECTION((0.999787150371048,-0.020631382776628));
#490=IFCAXIS2PLACEMENT2D(#486,#488);
#491=IFCCIRCLE(#490,1574.58085378275);
#492=IFCTRIMMEDCURVE(#491,(IFCPARAMETERVALUE(283.304339516103)),(IFCPARAMETERVALUE(0.)),.T.,.PARAMETER.);
#495=IFCCOMPOSITECURVESEGMENT(.CONTINUOUS.,.F.,#492);
#496=IFCCARTESIANPOINT((21869.1123474085,8560.71573440752));
#498=IFCCARTESIANPOINT((10430.792027671,8297.15505785783));
#500=IFCPOLYLINE((#496,#498));
#502=IFCCOMPOSITECURVESEGMENT(.CONTINUOUS.,.T.,#500);
#503=IFCCARTESIANPOINT((10453.2996677133,9534.66501548551));
#505=IFCDIRECTION((-0.0181848380998417,-0.999834642167116));
#507=IFCAXIS2PLACEMENT2D(#503,#505);
#508=IFCCIRCLE(#507,1237.71462344432);
#509=IFCTRIMMEDCURVE(#508,(IFCPARAMETERVALUE(276.557832227397)),(IFCPARAMETERVALUE(0.)),.T.,.PARAMETER.);
#512=IFCCOMPOSITECURVESEGMENT(.CONTINUOUS.,.F.,#509);
#513=IFCCARTESIANPOINT((9221.31612252921,9415.69429016433));
#515=IFCCARTESIANPOINT((9267.64294703981,13745.3754341685));
#517=IFCPOLYLINE((#513,#515));
#519=IFCCOMPOSITECURVESEGMENT(.CONTINUOUS.,.T.,#517);
#520=IFCCARTESIANPOINT((9267.6429470398,13745.3754341685));
#522=IFCCARTESIANPOINT((4417.1205980902,13797.2751676987));
#524=IFCPOLYLINE((#520,#522));
#526=IFCCOMPOSITECURVESEGMENT(.CONTINUOUS.,.T.,#524);
#527=IFCCARTESIANPOINT((4417.1205980902,13797.2751676987));
#529=IFCCARTESIANPOINT((4364.51111154147,8880.41966741136));
#531=IFCPOLYLINE((#527,#529));
#533=IFCCOMPOSITECURVESEGMENT(.CONTINUOUS.,.T.,#531);
#534=IFCCARTESIANPOINT((3497.63910135382,9001.42185907564));
#536=IFCDIRECTION((0.99039812218507,-0.13824456436123));
#538=IFCAXIS2PLACEMENT2D(#534,#536);
#539=IFCCIRCLE(#538,875.276306336653);
#540=IFCTRIMMEDCURVE(#539,(IFCPARAMETERVALUE(287.375390789553)),(IFCPARAMETERVALUE(0.)),.T.,.PARAMETER.);
#543=IFCCOMPOSITECURVESEGMENT(.CONTINUOUS.,.F.,#540);
#544=IFCCARTESIANPOINT((3641.03317404743,8137.97136695077));
#546=IFCCARTESIANPOINT((-33277.2722600948,7287.3033243274));
#548=IFCPOLYLINE((#544,#546));
#550=IFCCOMPOSITECURVESEGMENT(.CONTINUOUS.,.T.,#548);
#551=IFCCARTESIANPOINT((-33277.2722600948,7287.3033243274));
#553=IFCCARTESIANPOINT((-81250.1326307239,6097.92382244699));
#555=IFCPOLYLINE((#551,#553));
#557=IFCCOMPOSITECURVESEGMENT(.CONTINUOUS.,.T.,#555);
#558=IFCCARTESIANPOINT((-81250.1326307239,6097.923822447));
#560=IFCCARTESIANPOINT((-80889.8645097084,-11985.4007044592));
#562=IFCPOLYLINE((#558,#560));
#564=IFCCOMPOSITECURVESEGMENT(.CONTINUOUS.,.T.,#562);
#565=IFCCARTESIANPOINT((-80889.8645097084,-11985.4007044592));
#567=IFCCARTESIANPOINT((-68524.3980951379,-11739.0475881377));
#569=IFCPOLYLINE((#565,#567));
#571=IFCCOMPOSITECURVESEGMENT(.CONTINUOUS.,.T.,#569);
#572=IFCCARTESIANPOINT((-68420.526900582,-18743.0761437195));
#574=IFCDIRECTION((-0.0148285766044864,0.999890050610702));
#576=IFCAXIS2PLACEMENT2D(#572,#574);
#577=IFCCIRCLE(#576,7004.79872890463);
#578=IFCTRIMMEDCURVE(#577,(IFCPARAMETERVALUE(266.135620613037)),(IFCPARAMETERVALUE(0.)),.T.,.PARAMETER.);
#581=IFCCOMPOSITECURVESEGMENT(.CONTINUOUS.,.F.,#578);
#582=IFCCARTESIANPOINT((-61425.4225066868,-19111.4777601279));
#584=IFCCARTESIANPOINT((-67077.3936741326,-66917.4645629072));
#586=IFCPOLYLINE((#582,#584));
#588=IFCCOMPOSITECURVESEGMENT(.CONTINUOUS.,.T.,#586);
#589=IFCCARTESIANPOINT((-67077.3936741326,-66917.4645629072));
#591=IFCCARTESIANPOINT((-56140.8690776352,-68414.6790344706));
#593=IFCPOLYLINE((#589,#591));
#595=IFCCOMPOSITECURVESEGMENT(.CONTINUOUS.,.T.,#593);
#596=IFCCARTESIANPOINT((-56140.8690776352,-68414.6790344706));
#598=IFCCARTESIANPOINT((-49507.0880882182,-19957.6875102205));
#600=IFCPOLYLINE((#596,#598));
#602=IFCCOMPOSITECURVESEGMENT(.CONTINUOUS.,.T.,#600);
#603=IFCCARTESIANPOINT((-40266.6708071626,-22228.67148213));
#605=IFCDIRECTION((-0.971102141207666,0.238664264899853));
#607=IFCAXIS2PLACEMENT2D(#603,#605);
#608=IFCCIRCLE(#607,9515.39172754855);
#609=IFCTRIMMEDCURVE(#608,(IFCPARAMETERVALUE(296.361280125683)),(IFCPARAMETERVALUE(0.)),.T.,.PARAMETER.);
#612=IFCCOMPOSITECURVESEGMENT(.CONTINUOUS.,.F.,#609);
#613=IFCCOMPOSITECURVE((#404,#412,#419,#426,#433,#440,#447,#454,#464,#471,#478,#485,#495,#502,#512,#519,#526,#533,#543,#550,#557,#564,#571,#581,#588,#595,#602,#612),.F.);
#643=IFCARBITRARYCLOSEDPROFILEDEF(.AREA.,$,#613);
#644=IFCCARTESIANPOINT((-8811.75597252846,22172.3716632744,0.));
#646=IFCDIRECTION((0.942466550234628,-0.334300466181008,0.));
#648=IFCAXIS2PLACEMENT3D(#644,#21,#646);
#649=IFCEXTRUDEDAREASOLID(#643,#648,#19,150.);
#659=IFCSHAPEREPRESENTATION(#117,'Body','SweptSolid',(#649));
#661=IFCPRODUCTDEFINITIONSHAPE($,$,(#659));
#663=IFCSLAB('0ZRQUHwuv8SOaxY18jH6Nj',#41,'Floor:Street:348398',$,'Floor:Street',#397,#661,'348398',.FLOOR.);
#666=IFCSLABTYPE('0ZRQUHwuv8SOaxY18jH6Np',#41,'Floor:Street',$,$,(#714,#717,#719,#722,#725),$,'348400',$,.FLOOR.);
#667=IFCMATERIAL('Asphalt, Bitumen');
#677=IFCMATERIALLAYER(#667,150.,$);
#678=IFCMATERIALLAYERSET((#677),'Floor:Street');
#681=IFCMATERIALLAYERSETUSAGE(#678,.AXIS3.,.POSITIVE.,0.);
#682=IFCPROPERTYSINGLEVALUE('Roughness',$,IFCPOSITIVELENGTHMEASURE(914.4),$);
#683=IFCPROPERTYSET('3ouuGUYl1AnvfFZ0sd9y1d',#41,'Pset_ElementShading',$,(#682));
#685=IFCPROPERTYSINGLEVALUE('Category',$,IFCLABEL('Floors'),$);
#686=IFCPROPERTYSET('38jP98Q991Yvf2XL9I$u6J',#41,'Pset_ProductRequirements',$,(#685));
#688=IFCPROPERTYSINGLEVALUE('Reference',$,IFCIDENTIFIER('Street'),$);
#689=IFCPROPERTYSET('0nAWyMjfn8JgLi2a95EHnZ',#41,'Pset_QuantityTakeOff',$,(#688));
#691=IFCPROPERTYSINGLEVALUE('Reference',$,IFCLABEL('Street'),$);
#692=IFCPROPERTYSET('1rsmfKSb9DReB0hJPNMnHs',#41,'Pset_ReinforcementBarPitchOfSlab',$,(#691));
#694=IFCPROPERTYSINGLEVALUE('ThermalTransmittance',$,IFCTHERMALTRANSMITTANCEMEASURE(7.66666666666667),$);
#695=IFCPROPERTYSET('0ZRQUHwuv8SOaxW_ajH6Nj',#41,'Pset_SlabCommon',$,(#329,#330,#331,#688,#694));
#697=IFCRELDEFINESBYPROPERTIES('3v2eKTyc58fhkFRE_oYx_T',#41,$,$,(#663),#683);
#701=IFCRELDEFINESBYPROPERTIES('19I0HlQpvE8fShZb4l8RL9',#41,$,$,(#663),#686);
#704=IFCRELDEFINESBYPROPERTIES('2SD1580gbDEfOZx1IZajdD',#41,$,$,(#663),#689);
#707=IFCRELDEFINESBYPROPERTIES('08EiEtVhDEjRrzMS9N$hTK',#41,$,$,(#663),#692);
#710=IFCRELDEFINESBYPROPERTIES('0gomHOPSD6IByB3ioFmiaB',#41,$,$,(#663),#695);
#713=IFCPROPERTYSINGLEVALUE('Roughness',$,IFCPOSITIVELENGTHMEASURE(914.4),$);
#714=IFCPROPERTYSET('3ELrC_Xvz7pBfY3AE4OXs6',#41,'Pset_ElementShading',$,(#713));
#716=IFCPROPERTYSINGLEVALUE('Category',$,IFCLABEL('Floors'),$);
#717=IFCPROPERTYSET('3Qsco8IA517xUBOoiju643',#41,'Pset_ProductRequirements',$,(#716));
#719=IFCPROPERTYSET('1U7xw3Tu5CRvBflG6InKAH',#41,'Pset_QuantityTakeOff',$,(#688));
#721=IFCPROPERTYSINGLEVALUE('Reference',$,IFCLABEL('Street'),$);
#722=IFCPROPERTYSET('0iRV$4_zPAbwrfpkkFW5pA',#41,'Pset_ReinforcementBarPitchOfSlab',$,(#721));
#724=IFCPROPERTYSINGLEVALUE('ThermalTransmittance',$,IFCTHERMALTRANSMITTANCEMEASURE(7.66666666666667),$);
#725=IFCPROPERTYSET('0ZRQUHwuv8SOaxW_ajH6Np',#41,'Pset_SlabCommon',$,(#329,#688,#724));
#866=IFCPROPERTYSINGLEVALUE('IsExternal',$,IFCBOOLEAN(.T.),$);
#867=IFCPROPERTYSINGLEVALUE('ExtendToStructure',$,IFCBOOLEAN(.F.),$);
#1803=IFCCARTESIANTRANSFORMATIONOPERATOR3D($,$,#6,1.,$);
#266480=IFCCARTESIANPOINT((0.,0.));
#266482=IFCAXIS2PLACEMENT2D(#266480,#23);
#266483=IFCRECTANGLEPROFILEDEF(.AREA.,'4800 x 2400mm - 90 deg',#266482,101.600000000001,4800.);
#266484=IFCCARTESIANPOINT((0.,2400.,0.));
#266486=IFCAXIS2PLACEMENT3D(#266484,$,$);
#266487=IFCEXTRUDEDAREASOLID(#266483,#266486,#19,3.175);
#266497=IFCSHAPEREPRESENTATION(#117,'Body','SweptSolid',(#266487));
#266499=IFCAXIS2PLACEMENT3D(#6,$,$);
#266500=IFCREPRESENTATIONMAP(#266499,#266497);
#266501=IFCBUILDINGELEMENTPROXYTYPE('0wNza0nJ1DxAgdMHxAioBS',#41,'M_Parking Space:4800 x 2400mm - 90 deg',$,$,(#266554,#266557,#266559),(#266500),'12963',$,.NOTDEFINED.);
#266503=IFCMATERIAL('Parking Stripe');
#266513=IFCMAPPEDITEM(#266500,#1803);
#266515=IFCSHAPEREPRESENTATION(#117,'Body','MappedRepresentation',(#266513));
#266517=IFCPRODUCTDEFINITIONSHAPE($,$,(#266515));
#266519=IFCCARTESIANPOINT((-6162.8824049925,-15817.6011282124,0.));
#266521=IFCDIRECTION((0.25452043786347,0.967067395122898,0.));
#266523=IFCAXIS2PLACEMENT3D(#266519,#19,#266521);
#266524=IFCLOCALPLACEMENT(#144,#266523);
#266525=IFCBUILDINGELEMENTPROXY('26ES$8amDDbgZ2e2pUmJzW',#41,'M_Parking Space:4800 x 2400mm - 90 deg:469968',$,'M_Parking Space:4800 x 2400mm - 90 deg',#266524,#266517,'469968',$);
#266528=IFCPROPERTYSINGLEVALUE('Reference',$,IFCIDENTIFIER('4800 x 2400mm - 90 deg'),$);
#266554=IFCPROPERTYSET('19Fk0g4I16yOQvejHIVeLR',#41,'Pset_BuildingElementProxyCommon',$,(#266528));
#266556=IFCPROPERTYSINGLEVALUE('Category',$,IFCLABEL('Parking'),$);
#266557=IFCPROPERTYSET('1dkF8NmLv5tgr47D7IRFJq',#41,'Pset_ProductRequirements',$,(#266556));
#266559=IFCPROPERTYSET('2ebDB1pJD2ZQ9TNHdpCQ4H',#41,'Pset_QuantityTakeOff',$,(#266528));
#266565=IFCMAPPEDITEM(#266500,#1803);
#266566=IFCSHAPEREPRESENTATION(#117,'Body','MappedRepresentation',(#266565));
#266568=IFCPRODUCTDEFINITIONSHAPE($,$,(#266566));
#266570=IFCCARTESIANPOINT((-5552.03335412017,-13496.6393799174,0.));
#266572=IFCDIRECTION((0.25452043786347,0.967067395122898,0.));
#266574=IFCAXIS2PLACEMENT3D(#266570,#19,#266572);
#266575=IFCLOCALPLACEMENT(#144,#266574);
#266576=IFCBUILDINGELEMENTPROXY('26ES$8amDDbgZ2e2pUmJZs',#41,'M_Parking Space:4800 x 2400mm - 90 deg:470086',$,'M_Parking Space:4800 x 2400mm - 90 deg',#266575,#266568,'470086',$);
#266600=IFCCARTESIANPOINT((5913.10896633453,22178.9991300438,1.59527223591598));
#266602=IFCCARTESIANPOINT((1917.4104860217,23700.8120237522,1.59527223591598));
#266604=IFCCARTESIANPOINT((1917.41048602174,23700.8120237522,151.626662723259));
#266606=IFCCARTESIANPOINT((5913.1089663345,22178.9991300438,151.626662723256));
#266608=IFCCARTESIANPOINT((3984.9609995132,1.59527223592131,601.626662723256));
#266610=IFCCARTESIANPOINT((1.59527223585959,999.866544688575,601.626662723256));
#266612=IFCCARTESIANPOINT((1.59527223589424,999.866544688566,451.595272235915));
#266614=IFCCARTESIANPOINT((3984.96099951316,1.59527223592998,451.595272235915));
#266616=IFCCARTESIANPOINT((5698.86811926396,19714.8180246095,50.3614555956332));
#266618=IFCCARTESIANPOINT((5484.62792755022,17250.6444570371,99.468380805875));
#266620=IFCCARTESIANPOINT((5270.38824337025,14786.4767270768,148.903150954757));
#266622=IFCCARTESIANPOINT((5056.14915246391,12322.3158209033,198.652207412536));
#266624=IFCCARTESIANPOINT((4841.91055143984,9858.16054931614,248.701383842019));
#266626=IFCCARTESIANPOINT((4627.67247645357,7394.01132817399,299.035870726484));
#266628=IFCCARTESIANPOINT((4413.43486421421,4929.86742950991,349.640317634302));
#266630=IFCCARTESIANPOINT((4199.19770916441,2465.72878940334,400.498889815691));
#266632=IFCCARTESIANPOINT((214.461756341844,3522.17162674287,400.484645839747));
#266634=IFCCARTESIANPOINT((427.328655353767,6044.48162511595,349.615475504447));
#266636=IFCCARTESIANPOINT((640.196000589047,8566.79691089432,299.004069161285));
#266638=IFCCARTESIANPOINT((853.063817761118,11089.1177887635,248.66623556959));
#266640=IFCCARTESIANPOINT((1065.93210627498,13611.4442516717,198.617273334623));
#266642=IFCCARTESIANPOINT((1278.80087489855,16133.7764035132,148.871900147993));
#266644=IFCCARTESIANPOINT((1491.67018134961,18656.1149281991,99.4442167588103));
#266646=IFCCARTESIANPOINT((1704.54004555435,21178.4600618394,50.3477128059564));
#266648=IFCCARTESIANPOINT((1172.36649058677,14872.6103275925,173.744586741308));
#266650=IFCCARTESIANPOINT((5163.26869791708,13554.39627399,173.777679183646));
#266652=IFCCARTESIANPOINT((5109.70892519049,12938.3560474467,186.214943298091));
#266654=IFCCARTESIANPOINT((1119.14929843087,14242.0272896321,186.180930037965));
#266656=IFCCARTESIANPOINT((4949.02985195187,11090.2381851097,223.676795627277));
#266658=IFCCARTESIANPOINT((959.497962018051,12350.2810202176,223.641754452107));
#266660=IFCCARTESIANPOINT((1012.71503414651,12980.8626359447,211.129513893365));
#266662=IFCCARTESIANPOINT((5002.58950220789,11706.2770030065,211.164501519906));
#266664=IFCCARTESIANPOINT((4734.7915139467,8626.08593874507,273.868627284252));
#266666=IFCCARTESIANPOINT((746.629909175083,9827.95734982891,273.835152365438));
#266668=IFCCARTESIANPOINT((799.846863468101,10458.5375692962,261.250693967514));
#266670=IFCCARTESIANPOINT((4788.35103269327,9242.1232440306,261.285005563135));
#266672=IFCCARTESIANPOINT((320.895205847804,4783.32662592941,375.050060672097));
#266674=IFCCARTESIANPOINT((4306.31628668931,3697.79810945662,375.069603724996));
#266676=IFCCARTESIANPOINT((4252.75699792686,3081.76344942998,387.784246770344));
#266678=IFCCARTESIANPOINT((267.678481094825,4152.74912633614,387.767353255922));
#266680=IFCCARTESIANPOINT((4520.55367033389,6161.93937884195,324.338094180393));
#266682=IFCCARTESIANPOINT((533.762327971408,7305.63926800514,324.309772332866));
#266684=IFCCARTESIANPOINT((586.979164280227,7936.21808944973,311.656920747075));
#266686=IFCCARTESIANPOINT((4574.11307339373,6777.97535350797,311.686982453438));
#266688=IFCCARTESIANPOINT((108.028514288893,2261.01908571571,426.039959037831));
#266690=IFCCARTESIANPOINT((4092.07935433883,1233.66203081963,426.047081025803));
#266692=IFCCARTESIANPOINT((4033.70235556206,562.214455137118,439.970247876618));
#266694=IFCCARTESIANPOINT((54.8118932624195,1630.44281520213,438.817615636873));
#266696=IFCCARTESIANPOINT((5805.98854279927,20946.9085773266,25.9783639157746));
#266698=IFCCARTESIANPOINT((1810.97526578806,22439.6360427958,25.9714925209362));
#266700=IFCCARTESIANPOINT((1866.67943224528,23099.6878247227,13.2139012896392));
#266702=IFCCARTESIANPOINT((5377.50808546024,16018.560592057,124.185765880316));
#266704=IFCCARTESIANPOINT((1385.23552812408,17394.9456658561,124.158058453402));
#266706=IFCCARTESIANPOINT((1438.45285473685,18025.5302970276,111.801137606106));
#266708=IFCCARTESIANPOINT((5431.06800650523,16634.602524547,111.827073343096));
#266710=IFCCARTESIANPOINT((5591.74802340709,18482.7312408233,74.9149182007542));
#266712=IFCCARTESIANPOINT((1598.10511345198,19917.2874950192,74.8959647823834));
#266714=IFCCARTESIANPOINT((1651.32257950316,20547.8737784293,62.6218387941699));
#266716=IFCCARTESIANPOINT((5645.30807133552,19098.7746327164,62.6381868981937));
#266718=IFCCARTESIANPOINT((4145.63853175162,1849.69541011149,413.272985420747));
#266720=IFCCARTESIANPOINT((161.24513531537,2891.59535622929,413.262302438789));
#266722=IFCCARTESIANPOINT((187.853445828605,3206.88349148608,406.873474139268));
#266724=IFCCARTESIANPOINT((4359.87557545177,4313.83276948326,362.354960679649));
#266726=IFCCARTESIANPOINT((374.111930600786,5413.90412552268,362.332768088272));
#266728=IFCCARTESIANPOINT((400.720292977277,5729.19287531931,355.974121796359));
#266730=IFCCARTESIANPOINT((4466.99426727405,5545.90340417593,336.989205907347));
#266732=IFCCARTESIANPOINT((480.545491662588,6675.06044656054,336.962623918656));
#266734=IFCCARTESIANPOINT((507.153909816997,6990.34985728284,330.636198125761));
#266736=IFCCARTESIANPOINT((906.280889889585,11719.6994044906,236.153995010848));
#266738=IFCCARTESIANPOINT((4895.47020169586,10474.1993672129,236.189089734648));
#266740=IFCCARTESIANPOINT((4868.69037656785,10166.1799582645,242.445236788334));
#266742=IFCCARTESIANPOINT((4681.23199520014,8010.04863345953,286.452249005368));
#266744=IFCCARTESIANPOINT((693.412954882065,9197.37713036161,286.419610763361));
#266746=IFCCARTESIANPOINT((720.021432028574,9512.66724009526,280.127381564399));
#266748=IFCCARTESIANPOINT((5216.82847064366,14170.4365005334,161.340415069202));
#266750=IFCCARTESIANPOINT((1225.58368274266,15503.1933655528,161.30824344465));
#266752=IFCCARTESIANPOINT((1252.19227882061,15818.484884533,155.090071796322));
#266754=IFCCARTESIANPOINT((5323.94816441524,15402.5186595669,136.544458417537));
#266756=IFCCARTESIANPOINT((1332.01820151132,16764.3610346847,136.514979300697));
#266758=IFCCARTESIANPOINT((1358.6268648177,17079.6533502704,130.336518877049));
#266760=IFCCARTESIANPOINT((3380.07117942081,16236.532494765,133.202933704195));
#266762=IFCCARTESIANPOINT((1544.8876474008,19286.7012116091,87.1700907705969));
#266764=IFCCARTESIANPOINT((5538.18797547866,17866.6878489302,87.1916495033146));
#266766=IFCCARTESIANPOINT((5511.40795151444,17558.6661529837,93.3300151545948));
#266768=IFCCARTESIANPOINT((3481.87470603276,18423.3932043861,90.4900298758256));
#266770=IFCCARTESIANPOINT((3272.58363363111,14990.3256265176,157.98989827688));
#266772=IFCCARTESIANPOINT((5752.42833103161,20330.8633009681,38.1699097557039));
#266774=IFCCARTESIANPOINT((1757.7576556712,21809.0480523176,38.1596026634463));
#266776=IFCCARTESIANPOINT((2846.04406372451,10942.3509443105,239.505573444371));
#266778=IFCCARTESIANPOINT((2733.49001832411,8758.27714242419,283.091769161864));
#266780=IFCCARTESIANPOINT((2408.95442576648,5019.21103054886,358.997836704785));
#266782=IFCCARTESIANPOINT((2517.21493182596,6265.50492688611,333.630987197432));
#266784=IFCCARTESIANPOINT((2192.08672758121,2526.35882499153,409.92527641857));
#266786=IFCCARTESIANPOINT((3605.74339306837,18758.5947381344,83.2301269209912));
#266788=IFCCARTESIANPOINT((3260.64530280167,15904.8248922846,140.388419410681));
#266790=IFCCARTESIANPOINT((3155.52831807165,14660.1753086448,165.140413819026));
#266792=IFCCARTESIANPOINT((2955.61458288935,11269.5814409643,232.429409706028));
#266794=IFCCARTESIANPOINT((2629.87688611626,8433.10734870684,290.109757891225));
#266796=IFCCARTESIANPOINT((2315.15571051735,4695.96405205691,365.947062428979));
#266798=IFCCARTESIANPOINT((2419.9787773323,5941.64956563736,340.603282873032));
#266800=IFCCARTESIANPOINT((2105.56518607581,2203.86829571467,416.8360620553));
#266802=IFCCARTESIANPOINT((3149.70838151947,16634.7009196236,127.052399414475));
#266804=IFCCARTESIANPOINT((5404.28804598273,16326.581558302,118.006419611706));
#266806=IFCCARTESIANPOINT((3375.61947647113,17176.4000509256,115.132665470387));
#266808=IFCCARTESIANPOINT((3497.34408965553,17509.7710116954,107.910878438188));
#266810=IFCCARTESIANPOINT((3728.31385535693,18017.7615447315,96.5978182363935));
#266812=IFCCARTESIANPOINT((3059.42139098659,15382.0453009189,151.796400959264));
#266814=IFCCARTESIANPOINT((3037.72948157008,10564.8827363491,245.741544242067));
#266816=IFCCARTESIANPOINT((826.455340614609,10773.8276790299,254.958464768552));
#266818=IFCCARTESIANPOINT((2841.52149776615,10004.7973085354,257.922490060429));
#266820=IFCCARTESIANPOINT((2734.97796925201,9678.95017872756,264.962330207117));
#266822=IFCCARTESIANPOINT((2558.23503530021,9129.35324997959,276.817459060106));
#266824=IFCCARTESIANPOINT((2268.21259538671,5377.41431694284,352.652072762061));
#266826=IFCCARTESIANPOINT((2360.10044910752,6628.66184894756,327.319690963373));
#266828=IFCCARTESIANPOINT((4547.33337186381,6469.95736617496,318.012538316916));
#266830=IFCCARTESIANPOINT((2529.33241968346,7201.80392403565,315.012407153821));
#266832=IFCCARTESIANPOINT((2629.92379461779,7526.47783341519,308.01315095881));
#266834=IFCCARTESIANPOINT((2069.13318699282,2877.5548766532,403.546943824767));
#266836=IFCCARTESIANPOINT((4225.97735354564,2773.74611941666,394.141568293017));
#266838=IFCCARTESIANPOINT((2213.5521719558,3461.49734748166,391.112671191681));
#266840=IFCCARTESIANPOINT((2303.92371242976,3784.71688924462,384.174658238799));
#266842=IFCCARTESIANPOINT((4815.13079206655,9550.14189667337,254.993194702577));
#266844=IFCCARTESIANPOINT((2343.63891602216,6944.30163098495,321.165739163829));
#266846=IFCCARTESIANPOINT((560.370746125817,7620.92867872743,317.98334653997));
#266848=IFCCARTESIANPOINT((2437.4634281274,3084.72051889538,397.451446550294));
#266850=IFCCARTESIANPOINT((3056.40915802976,10248.8809478486,251.833928831908));
#266852=IFCCARTESIANPOINT((3711.83892830112,16741.1046175554,121.273422770188));
#266854=IFCCARTESIANPOINT((2223.59701801535,5693.25974593068,346.628200580333));
#266856=IFCCARTESIANPOINT((453.937073508176,6359.77103583825,343.289049711551));
#266858=IFCCARTESIANPOINT((4440.21456574413,5237.88541684292,343.314761770825));
#266860=IFCCARTESIANPOINT((4386.65521983299,4621.85009949658,355.997639156975));
#266862=IFCCARTESIANPOINT((4172.41812045802,2157.71209975741,406.885937618219));
#266864=IFCCARTESIANPOINT((2503.28295661487,9447.46613773076,270.888802911161));
#266866=IFCCARTESIANPOINT((773.238386321592,10143.2474595626,267.542923166476));
#266868=IFCCARTESIANPOINT((4761.57127331999,8934.10459138784,267.576816423693));
#266870=IFCCARTESIANPOINT((241.070118718334,3837.4603765395,394.125999547834));
#266872=IFCCARTESIANPOINT((4493.77396880397,5853.92139150894,330.66365004387));
#266874=IFCCARTESIANPOINT((4118.85894304522,1541.67872046556,419.660033223275));
#266876=IFCCARTESIANPOINT((2311.88428864809,1844.12052097922,422.975620090651));
#266878=IFCCARTESIANPOINT((81.4202037756561,1945.73095045892,432.428787337352));
#266880=IFCCARTESIANPOINT((4062.89085495044,897.938242978374,433.00866445121));
#266882=IFCCARTESIANPOINT((2151.87388445899,1553.35596439521,429.638880391303));
#266884=IFCCARTESIANPOINT((2095.0652520567,1242.70116834004,436.167318647523));
#266886=IFCCARTESIANPOINT((28.2035827491785,1315.15467994534,445.206443936394));
#266888=IFCCARTESIANPOINT((1963.85822658147,508.103831838156,451.595272235915));
#266890=IFCCARTESIANPOINT((4009.33167753765,281.904863686516,445.782760056267));
#266892=IFCCARTESIANPOINT((2087.17947487845,904.208385182822,443.007938880386));
#266894=IFCCARTESIANPOINT((134.636824802132,2576.3072209725,419.65113073831));
#266896=IFCCARTESIANPOINT((4708.01175457342,8318.0672861023,280.16043814481));
#266898=IFCCARTESIANPOINT((4333.09593107054,4005.81543946994,368.712282202323));
#266900=IFCCARTESIANPOINT((2549.22013782452,4327.09812162162,372.021914139085));
#266902=IFCCARTESIANPOINT((2494.02276354236,4037.46267829585,378.102814040195));
#266904=IFCCARTESIANPOINT((4279.53664230809,3389.7807794433,381.42692524767));
#266906=IFCCARTESIANPOINT((294.286843471318,4468.03787613277,381.408706964009));
#266908=IFCCARTESIANPOINT((347.503568224295,5098.61537572604,368.691414380184));
#266910=IFCCARTESIANPOINT((5457.84796702773,16942.6234907921,105.647727074485));
#266912=IFCCARTESIANPOINT((2974.56383283764,15706.303121139,146.089122404746));
#266914=IFCCARTESIANPOINT((1305.40953820494,16449.0687190989,142.693439724345));
#266916=IFCCARTESIANPOINT((5297.16820389275,15094.4976933218,142.723804686147));
#266918=IFCCARTESIANPOINT((3812.3560725024,17693.4021962978,102.262043302152));
#266920=IFCCARTESIANPOINT((1465.06151804323,18340.8226126133,105.622677182458));
#266922=IFCCARTESIANPOINT((879.672353825351,11404.408596627,242.410115290219));
#266924=IFCCARTESIANPOINT((613.587582434638,8251.50750017202,305.33049495418));
#266926=IFCCARTESIANPOINT((2361.2519028742,7908.22944825928,302.02277986309));
#266928=IFCCARTESIANPOINT((2411.94914875944,8195.72255604027,296.059657725868));
#266930=IFCCARTESIANPOINT((666.804477735556,8882.08702062797,292.711839962323));
#266932=IFCCARTESIANPOINT((4654.45223582685,7702.02998081676,292.744059865926));
#266934=IFCCARTESIANPOINT((4600.89277492365,7085.99334084098,305.361426589961));
#266936=IFCCARTESIANPOINT((5350.72812493774,15710.5396258119,130.365112148926));
#266938=IFCCARTESIANPOINT((5243.60835700696,14478.4566138051,155.121783011979));
#266940=IFCCARTESIANPOINT((1518.2789143752,18971.4080699041,93.3071537647036));
#266942=IFCCARTESIANPOINT((932.889425953815,12034.9902123541,229.897874731478));
#266944=IFCCARTESIANPOINT((2624.69009762093,11671.1866945031,226.608261538271));
#266946=IFCCARTESIANPOINT((4975.80967707988,11398.2575940581,217.420648573592));
#266948=IFCCARTESIANPOINT((2862.98924184275,11939.6609288453,219.899524274498));
#266950=IFCCARTESIANPOINT((986.106498082282,12665.5718280811,217.385634172736));
#266952=IFCCARTESIANPOINT((2644.64917137882,12306.3587252346,214.099111053079));
#266954=IFCCARTESIANPOINT((5029.3693273359,12014.2964119549,204.908354466221));
#266956=IFCCARTESIANPOINT((2919.20619224802,12562.9308423822,207.392578598667));
#266958=IFCCARTESIANPOINT((1039.32357021075,13296.1534438082,204.873393613994));
#266960=IFCCARTESIANPOINT((2701.24119499312,12931.11379843,201.586640996919));
#266962=IFCCARTESIANPOINT((5082.9290388272,12630.335934175,192.433575355313));
#266964=IFCCARTESIANPOINT((2972.99899423848,13187.9398153727,194.885424109565));
#266966=IFCCARTESIANPOINT((1092.54070235293,13926.7357706519,192.399101686294));
#266968=IFCCARTESIANPOINT((2741.29831635871,13559.7301200015,189.122128574055));
#266970=IFCCARTESIANPOINT((5136.48881155379,13246.3761607184,179.996311240869));
#266972=IFCCARTESIANPOINT((3018.01084737932,13815.1339095857,182.410648754607));
#266974=IFCCARTESIANPOINT((1145.75789450882,14557.3188086123,179.962758389637));
#266976=IFCCARTESIANPOINT((2777.61064184286,14189.1300186074,176.687218933393));
#266978=IFCCARTESIANPOINT((2877.04127542973,14455.1625139457,170.899583919343));
#266980=IFCCARTESIANPOINT((1198.97508666471,15187.9018465726,167.526415092979));
#266982=IFCCARTESIANPOINT((5190.04858428037,13862.4163872617,167.559047126424));
#266984=IFCCARTESIANPOINT((1411.84419143047,17710.2379814419,117.979598029754));
#266986=IFCCARTESIANPOINT((4922.25002682386,10782.2187761613,229.932942680963));
#266988=IFCCARTESIANPOINT((1571.49638042639,19601.9943533142,81.0330277764901));
#266990=IFCCARTESIANPOINT((3153.3612044726,19205.4398777576,77.7814797993783));
#266992=IFCCARTESIANPOINT((5618.52804737131,18790.7529367699,68.7765525494739));
#266994=IFCCARTESIANPOINT((3483.42489522634,19440.7627674832,71.0318792482415));
#266996=IFCCARTESIANPOINT((1624.71384647757,20232.5806367242,68.7589017882766));
#266998=IFCCARTESIANPOINT((3187.33687409698,19837.4456018453,65.5094563316945));
#267000=IFCCARTESIANPOINT((5672.08809529974,19406.7963286629,56.4998212469135));
#267002=IFCCARTESIANPOINT((3539.34697754331,20064.3413513904,58.7598034235322));
#267004=IFCCARTESIANPOINT((1677.93131252876,20863.1669201343,56.4847758000631));
#267006=IFCCARTESIANPOINT((3242.81030698631,20462.9670025605,53.2352884014334));
#267008=IFCCARTESIANPOINT((5725.64822514778,20022.8406627888,44.2656826756686));
#267010=IFCCARTESIANPOINT((3593.2518436283,20689.6499282238,46.4899227177226));
#267012=IFCCARTESIANPOINT((1731.14885061278,21493.7540570785,44.2536577347013));
#267014=IFCCARTESIANPOINT((3281.58972575327,21092.8278858481,41.0168354751284));
#267016=IFCCARTESIANPOINT((5779.20843691544,20638.8859391473,32.0741368357393));
#267018=IFCCARTESIANPOINT((3638.28822318767,21317.3158475862,34.2592864103834));
#267020=IFCCARTESIANPOINT((1784.36646072963,22124.3420475567,32.0655475921912));
#267022=IFCCARTESIANPOINT((3317.30827378303,21723.3868927055,28.8303123881656));
#267024=IFCCARTESIANPOINT((5859.54875456692,21562.9538536852,13.7868180758453));
#267026=IFCCARTESIANPOINT((5832.76864868309,21254.9312155059,19.88259099581));
#267028=IFCCARTESIANPOINT((1838.82734901667,22769.6619337593,19.5926969052877));
#267030=IFCCARTESIANPOINT((3587.45677756208,21953.8197809132,22.5638045360384));
#267032=IFCCARTESIANPOINT((3652.16758949453,22267.1652736291,16.180441869085));
#267034=IFCCARTESIANPOINT((5886.32886045075,21870.9764918645,7.69104515588064));
#267036=IFCCARTESIANPOINT((4022.63545978225,22899.0101548146,1.59527223591598));
#267038=IFCCARTESIANPOINT((3743.99452790643,22588.2555788006,9.4604731335148));
#267040=IFCCARTESIANPOINT((5564.96799944287,18174.7095448768,81.0532838520344));
#267042=IFCCARTESIANPOINT((1892.04495913353,23400.2499242375,7.40458676277761));
#267044=IFCCARTESIANPOINT((5551.57798746077,18020.6986969035,84.1224666776745));
#267046=IFCCARTESIANPOINT((2541.12981909994,575.752246489911,447.313317043151));
#267048=IFCCARTESIANPOINT((4704.88736297679,20550.6336165256,41.3405477232953));
#267050=IFCCARTESIANPOINT((4746.98660418792,21173.7910003014,29.1501781703615));
#267052=IFCCARTESIANPOINT((4605.61577200593,22463.0272195048,5.65009501395513));
#267054=IFCCARTESIANPOINT((3184.77486969312,23021.059550884,5.29988508985865));
#267056=IFCCARTESIANPOINT((1704.54004555432,21178.4600618394,200.379103293297));
#267058=IFCCARTESIANPOINT((1491.67018134961,18656.1149281991,249.475607246151));
#267060=IFCCARTESIANPOINT((1278.80087489855,16133.7764035132,298.903290635334));
#267062=IFCCARTESIANPOINT((1065.93210627499,13611.4442516717,348.648663821963));
#267064=IFCCARTESIANPOINT((853.063817761153,11089.1177887635,398.697626056931));
#267066=IFCCARTESIANPOINT((640.196000589043,8566.79691089432,449.035459648625));
#267068=IFCCARTESIANPOINT((427.328655353769,6044.48162511594,499.646865991787));
#267070=IFCCARTESIANPOINT((214.461756341844,3522.17162674286,550.516036327088));
#267072=IFCCARTESIANPOINT((4199.1977091644,2465.72878940335,550.530280303031));
#267074=IFCCARTESIANPOINT((4413.43486421421,4929.86742950992,499.671708121642));
#267076=IFCCARTESIANPOINT((4627.67247645355,7394.011328174,449.067261213824));
#267078=IFCCARTESIANPOINT((4841.91055143981,9858.16054931615,398.732774329359));
#267080=IFCCARTESIANPOINT((5056.1491524639,12322.3158209033,348.683597899876));
#267082=IFCCARTESIANPOINT((5270.38824337022,14786.4767270768,298.934541442098));
#267084=IFCCARTESIANPOINT((5484.62792755025,17250.6444570371,249.499771293216));
#267086=IFCCARTESIANPOINT((5698.86811926398,19714.8180246095,200.392846082974));
#267088=IFCCARTESIANPOINT((5163.26869791706,13554.3962739901,323.809069670987));
#267090=IFCCARTESIANPOINT((1172.36649058677,14872.6103275924,323.775977228649));
#267092=IFCCARTESIANPOINT((1119.14929843088,14242.0272896321,336.212320525306));
#267094=IFCCARTESIANPOINT((5109.70892519048,12938.3560474467,336.246333785431));
#267096=IFCCARTESIANPOINT((959.497962018072,12350.2810202176,373.673144939447));
#267098=IFCCARTESIANPOINT((4949.02985195186,11090.2381851097,373.708186114618));
#267100=IFCCARTESIANPOINT((5002.58950220788,11706.2770030065,361.195892007247));
#267102=IFCCARTESIANPOINT((1012.71503414653,12980.8626359446,361.160904380705));
#267104=IFCCARTESIANPOINT((4734.79151394668,8626.08593874507,423.900017771592));
#267106=IFCCARTESIANPOINT((746.629909175098,9827.9573498289,423.866542852778));
#267108=IFCCARTESIANPOINT((693.412954882069,9197.37713036161,436.451001250702));
#267110=IFCCARTESIANPOINT((4681.23199520012,8010.04863345954,436.483639492708));
#267112=IFCCARTESIANPOINT((108.028514288888,2261.01908571571,576.071349525172));
#267114=IFCCARTESIANPOINT((4092.07935433882,1233.66203081963,576.078471513144));
#267116=IFCCARTESIANPOINT((4145.63853175161,1849.69541011149,563.304375908088));
#267118=IFCCARTESIANPOINT((161.245135315366,2891.59535622929,563.29369292613));
#267120=IFCCARTESIANPOINT((4306.31628668931,3697.79810945663,525.100994212337));
#267122=IFCCARTESIANPOINT((320.895205847806,4783.3266259294,525.081451159437));
#267124=IFCCARTESIANPOINT((267.678481094825,4152.74912633613,537.798743743263));
#267126=IFCCARTESIANPOINT((4252.75699792686,3081.76344942999,537.815637257684));
#267128=IFCCARTESIANPOINT((533.762327971406,7305.63926800513,474.341162820206));
#267130=IFCCARTESIANPOINT((4520.55367033388,6161.93937884196,474.369484667733));
#267132=IFCCARTESIANPOINT((4574.11307339372,6777.97535350798,461.718372940779));
#267134=IFCCARTESIANPOINT((586.979164280224,7936.21808944973,461.688311234416));
#267136=IFCCARTESIANPOINT((5805.98854279927,20946.9085773266,176.009754403115));
#267138=IFCCARTESIANPOINT((1810.97526578805,22439.6360427958,176.002883008277));
#267140=IFCCARTESIANPOINT((1757.75765567118,21809.0480523176,188.190993150787));
#267142=IFCCARTESIANPOINT((5377.50808546023,16018.560592057,274.217156367657));
#267144=IFCCARTESIANPOINT((1385.23552812408,17394.9456658561,274.189448940742));
#267146=IFCCARTESIANPOINT((1332.01820151132,16764.3610346847,286.546369788038));
#267148=IFCCARTESIANPOINT((5323.94816441523,15402.5186595669,286.575848904877));
#267150=IFCCARTESIANPOINT((5591.74802340711,18482.7312408233,224.946308688095));
#267152=IFCCARTESIANPOINT((1598.10511345196,19917.2874950192,224.927355269724));
#267154=IFCCARTESIANPOINT((1544.88764740079,19286.7012116091,237.201481257938));
#267156=IFCCARTESIANPOINT((5538.18797547868,17866.6878489302,237.223039990655));
#267158=IFCCARTESIANPOINT((54.8118932624108,1630.44281520213,588.849006124214));
#267160=IFCCARTESIANPOINT((4038.52017692602,617.628651527774,588.8525671182));
#267162=IFCCARTESIANPOINT((4065.29976563242,925.645341173701,582.465519315672));
#267164=IFCCARTESIANPOINT((4359.87557545176,4313.83276948328,512.386351166989));
#267166=IFCCARTESIANPOINT((374.111930600788,5413.90412552267,512.364158575612));
#267168=IFCCARTESIANPOINT((347.503568224297,5098.61537572604,518.722804867525));
#267170=IFCCARTESIANPOINT((4466.99426727404,5545.90340417594,487.020596394688));
#267172=IFCCARTESIANPOINT((480.545491662588,6675.06044656054,486.994014405997));
#267174=IFCCARTESIANPOINT((453.937073508179,6359.77103583824,493.320440198892));
#267176=IFCCARTESIANPOINT((906.280889889613,11719.6994044905,386.185385498189));
#267178=IFCCARTESIANPOINT((4895.47020169584,10474.1993672129,386.220480221988));
#267180=IFCCARTESIANPOINT((4922.25002682385,10782.2187761613,379.964333168303));
#267182=IFCCARTESIANPOINT((799.846863468127,10458.5375692962,411.282084454854));
#267184=IFCCARTESIANPOINT((4788.35103269325,9242.12324403061,411.316396050476));
#267186=IFCCARTESIANPOINT((4815.13079206653,9550.14189667338,405.024585189917));
#267188=IFCCARTESIANPOINT((5216.82847064364,14170.4365005334,311.371805556542));
#267190=IFCCARTESIANPOINT((1225.58368274266,15503.1933655528,311.339633931991));
#267192=IFCCARTESIANPOINT((1198.97508666472,15187.9018465726,317.55780558032));
#267194=IFCCARTESIANPOINT((1438.45285473685,18025.5302970276,261.832528093447));
#267196=IFCCARTESIANPOINT((5431.06800650524,16634.602524547,261.858463830436));
#267198=IFCCARTESIANPOINT((5457.84796702774,16942.6234907921,255.679117561826));
#267200=IFCCARTESIANPOINT((3431.92149801299,17800.1833773441,252.805583268307));
#267202=IFCCARTESIANPOINT((5645.30807133555,19098.7746327164,212.669577385534));
#267204=IFCCARTESIANPOINT((1651.32257950314,20547.8737784293,212.653229281511));
#267206=IFCCARTESIANPOINT((1624.71384647755,20232.5806367242,218.790292275617));
#267208=IFCCARTESIANPOINT((3647.48103242458,19352.4701140443,221.6212972529));
#267210=IFCCARTESIANPOINT((3217.64993878852,14366.9102767032,320.45789896766));
#267212=IFCCARTESIANPOINT((1866.67943465509,23099.6878532772,163.245291225074));
#267214=IFCCARTESIANPOINT((5859.54875456692,21562.9538536852,163.818208563186));
#267216=IFCCARTESIANPOINT((2897.80040115337,11565.5834487796,377.024885342981));
#267218=IFCCARTESIANPOINT((2796.38787809052,10319.1279453308,402.054507322616));
#267220=IFCCARTESIANPOINT((2353.6606699609,4395.86012860625,521.746759497538));
#267222=IFCCARTESIANPOINT((2466.38097911333,5642.55981153777,496.315448203725));
#267224=IFCCARTESIANPOINT((2054.88740207362,1591.24994600588,579.409663675242));
#267226=IFCCARTESIANPOINT((3554.71700321327,18134.2020675688,245.569718209032));
#267228=IFCCARTESIANPOINT((3522.88498267825,19016.8757085911,228.887709359509));
#267230=IFCCARTESIANPOINT((3101.78345367126,14037.3009188287,327.595384446558));
#267232=IFCCARTESIANPOINT((3008.69380807228,11893.2532553024,369.936740351684));
#267234=IFCCARTESIANPOINT((2904.54636193563,10645.6342624459,394.996393609585));
#267236=IFCCARTESIANPOINT((2261.63198160914,4072.77889709717,528.686965033547));
#267238=IFCCARTESIANPOINT((2370.7537666849,5318.9648068492,503.277782498139));
#267240=IFCCARTESIANPOINT((2139.57949676574,1913.95589187789,572.500286287932));
#267242=IFCCARTESIANPOINT((3661.83325012931,17399.553938114,258.957446154616));
#267244=IFCCARTESIANPOINT((1411.84419143046,17710.2379814419,268.010988517094));
#267246=IFCCARTESIANPOINT((3432.73376931014,16859.6749211227,270.877151445483));
#267248=IFCCARTESIANPOINT((3312.25422946505,16527.3160849579,278.076660311036));
#267250=IFCCARTESIANPOINT((3398.17549758993,19762.4664437958,215.516295862289));
#267252=IFCCARTESIANPOINT((5672.08809529976,19406.7963286629,206.531211734254));
#267254=IFCCARTESIANPOINT((3644.45305691551,20293.8649848374,203.692008480025));
#267256=IFCCARTESIANPOINT((5752.42833103163,20330.8633009681,188.201300243044));
#267258=IFCCARTESIANPOINT((3771.13218951244,20631.3670411338,196.386812461228));
#267260=IFCCARTESIANPOINT((3005.10456528225,14757.0600004395,314.26423342517));
#267262=IFCCARTESIANPOINT((5243.60835700693,14478.4566138051,305.15317349932));
#267264=IFCCARTESIANPOINT((3219.72227584265,15306.4936544919,302.246353948764));
#267266=IFCCARTESIANPOINT((3338.14633090727,15637.5308618613,295.074882429209));
#267268=IFCCARTESIANPOINT((3090.17540599456,11186.6574351185,383.260665465817));
#267270=IFCCARTESIANPOINT((2972.1757289748,9945.82571829493,408.328527464387));
#267272=IFCCARTESIANPOINT((773.238386321611,10143.2474595625,417.574313653816));
#267274=IFCCARTESIANPOINT((2786.41335753578,9381.42428972674,420.538496483802));
#267276=IFCCARTESIANPOINT((2681.33690885569,9055.91359173823,427.567401206601));
#267278=IFCCARTESIANPOINT((2213.73903399981,4752.84920337016,515.40086195481));
#267280=IFCCARTESIANPOINT((2310.0556923432,6004.43014152142,490.003979739051));
#267282=IFCCARTESIANPOINT((4493.77396880396,5853.92139150895,480.695040531211));
#267284=IFCCARTESIANPOINT((2475.57266754895,6578.33512614647,477.694740861823));
#267286=IFCCARTESIANPOINT((2574.54635163818,6902.76240815445,470.705449529848));
#267288=IFCCARTESIANPOINT((2175.94792064713,1242.59507883969,585.786600723513));
#267290=IFCCARTESIANPOINT((28.203582749172,1315.15467994534,595.237834423735));
#267292=IFCCARTESIANPOINT((1963.85819938028,508.103838655046,601.626662723256));
#267294=IFCCARTESIANPOINT((4009.33167702736,281.904857817306,595.814150665311));
#267296=IFCCARTESIANPOINT((2101.08437279438,930.002858135462,592.450155292143));
#267298=IFCCARTESIANPOINT((3995.30009634994,19846.3134888704,209.787436484258));
#267300=IFCCARTESIANPOINT((2990.51268122323,9629.81250075103,414.434592707462));
#267302=IFCCARTESIANPOINT((4761.57127331997,8934.10459138784,417.608206911034));
#267304=IFCCARTESIANPOINT((2292.84579805867,6319.76465751465,483.849182293636));
#267306=IFCCARTESIANPOINT((507.153909816995,6990.34985728284,480.667588613102));
#267308=IFCCARTESIANPOINT((3096.72542330482,17295.3684045812,264.738325685886));
#267310=IFCCARTESIANPOINT((3538.35366613135,14880.3368078577,308.430434297302));
#267312=IFCCARTESIANPOINT((2175.52738640533,5068.18968304355,509.339292593973));
#267314=IFCCARTESIANPOINT((400.720292977279,5729.19287531931,506.0055122837));
#267316=IFCCARTESIANPOINT((4386.65521983298,4621.8500994966,506.029029644316));
#267318=IFCCARTESIANPOINT((4333.09593107053,4005.81543946996,518.743672689663));
#267320=IFCCARTESIANPOINT((81.4202037756496,1945.73095045892,582.460177824693));
#267322=IFCCARTESIANPOINT((3150.61511338093,10868.4146496749,389.130409914726));
#267324=IFCCARTESIANPOINT((4868.69037656782,10166.1799582645,392.476627275674));
#267326=IFCCARTESIANPOINT((879.672353825384,11404.408596627,392.44150577756));
#267328=IFCCARTESIANPOINT((4440.21456574412,5237.88541684293,493.346152258165));
#267330=IFCCARTESIANPOINT((4118.85894304521,1541.67872046556,569.691423710616));
#267332=IFCCARTESIANPOINT((134.636824802127,2576.3072209725,569.682521225651));
#267334=IFCCARTESIANPOINT((1932.19965689185,2274.26074358673,566.362063901513));
#267336=IFCCARTESIANPOINT((4172.41812045801,2157.71209975742,556.917328105559));
#267338=IFCCARTESIANPOINT((2093.63088300053,2565.43745175884,559.691450750278));
#267340=IFCCARTESIANPOINT((187.853445828607,3206.88349148607,556.904864626609));
#267342=IFCCARTESIANPOINT((1963.3899716584,2905.10557692274,553.585813539562));
#267344=IFCCARTESIANPOINT((4225.97735354563,2773.74611941667,544.172958780358));
#267346=IFCCARTESIANPOINT((2148.43890390463,3189.4273360481,546.925697835475));
#267348=IFCCARTESIANPOINT((241.070118718334,3837.4603765395,544.157390035175));
#267350=IFCCARTESIANPOINT((2008.64084590756,3531.40414898827,540.843344166369));
#267352=IFCCARTESIANPOINT((2073.3246190367,3819.05285764208,534.760676383146));
#267354=IFCCARTESIANPOINT((294.286843471318,4468.03787613276,531.44009745135));
#267356=IFCCARTESIANPOINT((4279.53664230808,3389.78077944331,531.45831573501));
#267358=IFCCARTESIANPOINT((826.45534061464,10773.8276790298,404.989855255892));
#267360=IFCCARTESIANPOINT((932.889425953841,12034.9902123541,379.929265218818));
#267362=IFCCARTESIANPOINT((4547.3333718638,6469.95736617497,468.043928804256));
#267364=IFCCARTESIANPOINT((2945.93775127789,7083.02810384502,465.010367636007));
#267366=IFCCARTESIANPOINT((2627.65642351148,7519.18257363072,458.201857315709));
#267368=IFCCARTESIANPOINT((560.370746125815,7620.92867872743,468.014737027311));
#267370=IFCCARTESIANPOINT((4600.89277492363,7085.99334084099,455.392817077302));
#267372=IFCCARTESIANPOINT((2954.91277887591,7718.75875678854,452.363217403208));
#267374=IFCCARTESIANPOINT((2685.79702177887,8145.02111752348,445.499467909894));
#267376=IFCCARTESIANPOINT((613.587582434634,8251.50750017202,455.36188544152));
#267378=IFCCARTESIANPOINT((4654.45223582684,7702.02998081677,442.775450353266));
#267380=IFCCARTESIANPOINT((3042.68047167066,8329.61071348043,439.769539162966));
#267382=IFCCARTESIANPOINT((2894.5065144343,8683.25878145035,433.655680349101));
#267384=IFCCARTESIANPOINT((4708.0117545734,8318.0672861023,430.19182863215));
#267386=IFCCARTESIANPOINT((666.804477735556,8882.08702062796,442.743230449663));
#267388=IFCCARTESIANPOINT((5190.04858428035,13862.4163872617,317.590437613764));
#267390=IFCCARTESIANPOINT((5404.28804598274,16326.581558302,268.037810099046));
#267392=IFCCARTESIANPOINT((1252.19227882061,15818.484884533,305.121462283662));
#267394=IFCCARTESIANPOINT((720.021432028582,9512.66724009525,430.15877205174));
#267396=IFCCARTESIANPOINT((1465.06151804323,18340.8226126133,255.654067669799));
#267398=IFCCARTESIANPOINT((5618.52804737133,18790.7529367698,218.807943036814));
#267400=IFCCARTESIANPOINT((986.106498082299,12665.5718280811,367.417024660076));
#267402=IFCCARTESIANPOINT((2673.47972038073,12297.3288365595,364.127730688254));
#267404=IFCCARTESIANPOINT((5029.36932733589,12014.2964119549,354.939744953561));
#267406=IFCCARTESIANPOINT((2917.50596965794,12564.0232502991,357.413285186466));
#267408=IFCCARTESIANPOINT((1039.32357021076,13296.1534438082,354.904784101334));
#267410=IFCCARTESIANPOINT((2697.34122593783,12932.3493892641,351.618406514221));
#267412=IFCCARTESIANPOINT((5082.92903882719,12630.335934175,342.464965842654));
#267414=IFCCARTESIANPOINT((2973.2424542304,13187.7816275766,344.918358799337));
#267416=IFCCARTESIANPOINT((1092.54070235294,13926.7357706519,342.430492173635));
#267418=IFCCARTESIANPOINT((2741.8595978545,13559.5504572984,339.15346139403));
#267420=IFCCARTESIANPOINT((2827.06120452599,13830.2847470819,333.360626926701));
#267422=IFCCARTESIANPOINT((1145.75789450882,14557.3188086123,329.994148876977));
#267424=IFCCARTESIANPOINT((5136.48881155377,13246.3761607184,330.027701728209));
#267426=IFCCARTESIANPOINT((4975.80967707987,11398.2575940581,367.452039060932));
#267428=IFCCARTESIANPOINT((1677.93131252873,20863.1669201343,206.516166287404));
#267430=IFCCARTESIANPOINT((5350.72812493773,15710.5396258119,280.396502636267));
#267432=IFCCARTESIANPOINT((3723.03440160239,16097.4868110888,283.656537728238));
#267434=IFCCARTESIANPOINT((3632.72714779708,15832.0839490388,289.382671371798));
#267436=IFCCARTESIANPOINT((5297.16820389272,15094.4976933218,292.755195173487));
#267438=IFCCARTESIANPOINT((1305.40953820494,16449.0687190989,292.724830211686));
#267440=IFCCARTESIANPOINT((1358.6268648177,17079.6533502704,280.36790936439));
#267442=IFCCARTESIANPOINT((5511.40795151446,17558.6661529837,243.361405641935));
#267444=IFCCARTESIANPOINT((4100.69575912849,18207.7494637901,240.451867233986));
#267446=IFCCARTESIANPOINT((3835.71875952188,18603.9123628781,234.654875717493));
#267448=IFCCARTESIANPOINT((5564.9679994429,18174.7095448768,231.084674339375));
#267450=IFCCARTESIANPOINT((1518.2789143752,18971.4080699041,243.338544252044));
#267452=IFCCARTESIANPOINT((1571.49638042638,19601.9943533142,231.064418263831));
#267454=IFCCARTESIANPOINT((1731.14885061275,21493.7540570785,194.285048222042));
#267456=IFCCARTESIANPOINT((3286.00025320978,21091.2288867625,191.047683068495));
#267458=IFCCARTESIANPOINT((5779.20843691545,20638.8859391473,182.10552732308));
#267460=IFCCARTESIANPOINT((3637.91130495804,21317.5898116982,184.288133877933));
#267462=IFCCARTESIANPOINT((1784.36646072961,22124.3420475567,182.096938079532));
#267464=IFCCARTESIANPOINT((3316.42711062671,21723.7095349295,178.861811639764));
#267466=IFCCARTESIANPOINT((5832.7686486831,21254.9312155059,169.91398148315));
#267468=IFCCARTESIANPOINT((1838.82735022157,22769.6619480365,169.624087116675));
#267470=IFCCARTESIANPOINT((3587.59876253365,21953.7675230832,172.595177542775));
#267472=IFCCARTESIANPOINT((3652.16520948503,22267.1661670772,166.211832404991));
#267474=IFCCARTESIANPOINT((5886.32886045075,21870.9764918645,157.722435643221));
#267476=IFCCARTESIANPOINT((4022.63508861947,22899.0102961767,151.626662723256));
#267478=IFCCARTESIANPOINT((3743.99474435935,22588.2553980529,159.491865486768));
#267480=IFCCARTESIANPOINT((5725.6482251478,20022.8406627888,194.297073163009));
#267482=IFCCARTESIANPOINT((1892.04496033843,23400.2499385147,157.435976974165));
#267484=IFCCARTESIANPOINT((1520.26199374708,848.805054387185,597.024153412824));
#267486=IFCCARTESIANPOINT((1504.97454786241,18813.7614990516,246.407075749098));
#267488=IFCCARTESIANPOINT((2922.25417823798,18745.8129541603,238.152273098442));
#267490=IFCCARTESIANPOINT((4487.98395185199,21182.3062258256,180.856713405296));
#267492=IFCCARTESIANPOINT((4605.61533113096,22463.0273712609,155.681485797426));
#267494=IFCCARTESIANPOINT((3184.77455617791,23021.0597342665,155.331274367466));
#267496=IFCCARTESIANPOINT((4707.44657982811,20549.705411574,191.371632660218));
#267498=IFCPOLYLOOP((#266606,#266600,#267036,#266602,#266604,#267476));
#267500=IFCFACEOUTERBOUND(#267498,.T.);
#267501=IFCFACE((#267500));
#267503=IFCPOLYLOOP((#266614,#266608,#267292,#266610,#266612,#266888));
#267505=IFCFACEOUTERBOUND(#267503,.T.);
#267506=IFCFACE((#267505));
#267508=IFCPOLYLOOP((#266602,#267036,#267054));
#267510=IFCFACEOUTERBOUND(#267508,.T.);
#267511=IFCFACE((#267510));
#267513=IFCPOLYLOOP((#266682,#266844,#266826));
#267515=IFCFACEOUTERBOUND(#267513,.T.);
#267516=IFCFACE((#267515));
#267518=IFCPOLYLOOP((#266918,#266644,#266810));
#267520=IFCFACEOUTERBOUND(#267518,.T.);
#267521=IFCFACE((#267520));
#267523=IFCPOLYLOOP((#266828,#266680,#266844));
#267525=IFCFACEOUTERBOUND(#267523,.T.);
#267526=IFCFACE((#267525));
#267528=IFCPOLYLOOP((#266848,#266836,#266630));
#267530=IFCFACEOUTERBOUND(#267528,.T.);
#267531=IFCFACE((#267530));
#267533=IFCPOLYLOOP((#267002,#266714,#267004));
#267535=IFCFACEOUTERBOUND(#267533,.T.);
#267536=IFCFACE((#267535));
#267538=IFCPOLYLOOP((#266734,#266826,#266782));
#267540=IFCFACEOUTERBOUND(#267538,.T.);
#267541=IFCFACE((#267540));
#267543=IFCPOLYLOOP((#266640,#266964,#266960));
#267545=IFCFACEOUTERBOUND(#267543,.T.);
#267546=IFCFACE((#267545));
#267548=IFCPOLYLOOP((#266752,#266812,#266770));
#267550=IFCFACEOUTERBOUND(#267548,.T.);
#267551=IFCFACE((#267550));
#267553=IFCPOLYLOOP((#267010,#266646,#267012));
#267555=IFCFACEOUTERBOUND(#267553,.T.);
#267556=IFCFACE((#267555));
#267558=IFCPOLYLOOP((#266972,#266654,#266974));
#267560=IFCFACEOUTERBOUND(#267558,.T.);
#267561=IFCFACE((#267560));
#267563=IFCPOLYLOOP((#266788,#266756,#266760));
#267565=IFCFACEOUTERBOUND(#267563,.T.);
#267566=IFCFACE((#267565));
#267568=IFCPOLYLOOP((#266790,#266750,#266770));
#267570=IFCFACEOUTERBOUND(#267568,.T.);
#267571=IFCFACE((#267570));
#267573=IFCPOLYLOOP((#266972,#266968,#266654));
#267575=IFCFACEOUTERBOUND(#267573,.T.);
#267576=IFCFACE((#267575));
#267578=IFCPOLYLOOP((#266614,#267046,#266890));
#267580=IFCFACEOUTERBOUND(#267578,.T.);
#267581=IFCFACE((#267580));
#267583=IFCPOLYLOOP((#266964,#266640,#266966));
#267585=IFCFACEOUTERBOUND(#267583,.T.);
#267586=IFCFACE((#267585));
#267588=IFCPOLYLOOP((#266956,#266660,#266958));
#267590=IFCFACEOUTERBOUND(#267588,.T.);
#267591=IFCFACE((#267590));
#267593=IFCPOLYLOOP((#266832,#266686,#266830));
#267595=IFCFACEOUTERBOUND(#267593,.T.);
#267596=IFCFACE((#267595));
#267598=IFCPOLYLOOP((#266850,#266814,#266624));
#267600=IFCFACEOUTERBOUND(#267598,.T.);
#267601=IFCFACE((#267600));
#267603=IFCPOLYLOOP((#266676,#266838,#266840));
#267605=IFCFACEOUTERBOUND(#267603,.T.);
#267606=IFCFACE((#267605));
#267608=IFCPOLYLOOP((#266872,#266826,#266680));
#267610=IFCFACEOUTERBOUND(#267608,.T.);
#267611=IFCFACE((#267610));
#267613=IFCPOLYLOOP((#266846,#266684,#266830));
#267615=IFCFACEOUTERBOUND(#267613,.T.);
#267616=IFCFACE((#267615));
#267618=IFCPOLYLOOP((#266822,#266864,#266664));
#267620=IFCFACEOUTERBOUND(#267618,.T.);
#267621=IFCFACE((#267620));
#267623=IFCPOLYLOOP((#266924,#266926,#266832));
#267625=IFCFACEOUTERBOUND(#267623,.T.);
#267626=IFCFACE((#267625));
#267628=IFCPOLYLOOP((#266728,#266824,#266780));
#267630=IFCFACEOUTERBOUND(#267628,.T.);
#267631=IFCFACE((#267630));
#267633=IFCPOLYLOOP((#267046,#266892,#266890));
#267635=IFCFACEOUTERBOUND(#267633,.T.);
#267636=IFCFACE((#267635));
#267638=IFCPOLYLOOP((#266948,#266658,#266950));
#267640=IFCFACEOUTERBOUND(#267638,.T.);
#267641=IFCFACE((#267640));
#267643=IFCPOLYLOOP((#266794,#266744,#266778));
#267645=IFCFACEOUTERBOUND(#267643,.T.);
#267646=IFCFACE((#267645));
#267648=IFCPOLYLOOP((#266660,#266956,#266952));
#267650=IFCFACEOUTERBOUND(#267648,.T.);
#267651=IFCFACE((#267650));
#267653=IFCPOLYLOOP((#266796,#266726,#266780));
#267655=IFCFACEOUTERBOUND(#267653,.T.);
#267656=IFCFACE((#267655));
#267658=IFCPOLYLOOP((#266800,#266720,#266784));
#267660=IFCFACEOUTERBOUND(#267658,.T.);
#267661=IFCFACE((#267660));
#267663=IFCPOLYLOOP((#266658,#266948,#266944));
#267665=IFCFACEOUTERBOUND(#267663,.T.);
#267666=IFCFACE((#267665));
#267668=IFCPOLYLOOP((#266798,#266732,#266782));
#267670=IFCFACEOUTERBOUND(#267668,.T.);
#267671=IFCFACE((#267670));
#267673=IFCPOLYLOOP((#266740,#266814,#266776));
#267675=IFCFACEOUTERBOUND(#267673,.T.);
#267676=IFCFACE((#267675));
#267678=IFCPOLYLOOP((#266746,#266822,#266778));
#267680=IFCFACEOUTERBOUND(#267678,.T.);
#267681=IFCFACE((#267680));
#267683=IFCPOLYLOOP((#266792,#266738,#266776));
#267685=IFCFACEOUTERBOUND(#267683,.T.);
#267686=IFCFACE((#267685));
#267688=IFCPOLYLOOP((#266900,#266902,#266672));
#267690=IFCFACEOUTERBOUND(#267688,.T.);
#267691=IFCFACE((#267690));
#267693=IFCPOLYLOOP((#266820,#266668,#266818));
#267695=IFCFACEOUTERBOUND(#267693,.T.);
#267696=IFCFACE((#267695));
#267698=IFCPOLYLOOP((#266722,#266834,#266784));
#267700=IFCFACEOUTERBOUND(#267698,.T.);
#267701=IFCFACE((#267700));
#267703=IFCPOLYLOOP((#266882,#266878,#266688));
#267705=IFCFACEOUTERBOUND(#267703,.T.);
#267706=IFCFACE((#267705));
#267708=IFCPOLYLOOP((#266690,#266882,#266876));
#267710=IFCFACEOUTERBOUND(#267708,.T.);
#267711=IFCFACE((#267710));
#267713=IFCPOLYLOOP((#266890,#266892,#266692));
#267715=IFCFACEOUTERBOUND(#267713,.T.);
#267716=IFCFACE((#267715));
#267718=IFCPOLYLOOP((#266696,#267050,#267030));
#267720=IFCFACEOUTERBOUND(#267718,.T.);
#267721=IFCFACE((#267720));
#267723=IFCPOLYLOOP((#267018,#266774,#267020));
#267725=IFCFACEOUTERBOUND(#267723,.T.);
#267726=IFCFACE((#267725));
#267728=IFCPOLYLOOP((#267030,#267028,#267032));
#267730=IFCFACEOUTERBOUND(#267728,.T.);
#267731=IFCFACE((#267730));
#267733=IFCPOLYLOOP((#266852,#266804,#266702));
#267735=IFCFACEOUTERBOUND(#267733,.T.);
#267736=IFCFACE((#267735));
#267738=IFCPOLYLOOP((#266758,#266802,#266760));
#267740=IFCFACEOUTERBOUND(#267738,.T.);
#267741=IFCFACE((#267740));
#267743=IFCPOLYLOOP((#266710,#266994,#266992));
#267745=IFCFACEOUTERBOUND(#267743,.T.);
#267746=IFCFACE((#267745));
#267748=IFCPOLYLOOP((#266808,#266708,#266806));
#267750=IFCFACEOUTERBOUND(#267748,.T.);
#267751=IFCFACE((#267750));
#267753=IFCPOLYLOOP((#266994,#266712,#266996));
#267755=IFCFACEOUTERBOUND(#267753,.T.);
#267756=IFCFACE((#267755));
#267758=IFCPOLYLOOP((#266766,#266810,#266768));
#267760=IFCFACEOUTERBOUND(#267758,.T.);
#267761=IFCFACE((#267760));
#267763=IFCPOLYLOOP((#266712,#266994,#266990));
#267765=IFCFACEOUTERBOUND(#267763,.T.);
#267766=IFCFACE((#267765));
#267768=IFCPOLYLOOP((#266714,#267002,#266998));
#267770=IFCFACEOUTERBOUND(#267768,.T.);
#267771=IFCFACE((#267770));
#267773=IFCPOLYLOOP((#266874,#266876,#266800));
#267775=IFCFACEOUTERBOUND(#267773,.T.);
#267776=IFCFACE((#267775));
#267778=IFCPOLYLOOP((#266720,#266722,#266784));
#267780=IFCFACEOUTERBOUND(#267778,.T.);
#267781=IFCFACE((#267780));
#267783=IFCPOLYLOOP((#266784,#266718,#266800));
#267785=IFCFACEOUTERBOUND(#267783,.T.);
#267786=IFCFACE((#267785));
#267788=IFCPOLYLOOP((#266898,#266900,#266796));
#267790=IFCFACEOUTERBOUND(#267788,.T.);
#267791=IFCFACE((#267790));
#267793=IFCPOLYLOOP((#266726,#266728,#266780));
#267795=IFCFACEOUTERBOUND(#267793,.T.);
#267796=IFCFACE((#267795));
#267798=IFCPOLYLOOP((#266780,#266724,#266796));
#267800=IFCFACEOUTERBOUND(#267798,.T.);
#267801=IFCFACE((#267800));
#267803=IFCPOLYLOOP((#266782,#266732,#266734));
#267805=IFCFACEOUTERBOUND(#267803,.T.);
#267806=IFCFACE((#267805));
#267808=IFCPOLYLOOP((#266854,#266628,#266824));
#267810=IFCFACEOUTERBOUND(#267808,.T.);
#267811=IFCFACE((#267810));
#267813=IFCPOLYLOOP((#266782,#266730,#266798));
#267815=IFCFACEOUTERBOUND(#267813,.T.);
#267816=IFCFACE((#267815));
#267818=IFCPOLYLOOP((#266942,#266944,#266792));
#267820=IFCFACEOUTERBOUND(#267818,.T.);
#267821=IFCFACE((#267820));
#267823=IFCPOLYLOOP((#266738,#266740,#266776));
#267825=IFCFACEOUTERBOUND(#267823,.T.);
#267826=IFCFACE((#267825));
#267828=IFCPOLYLOOP((#266776,#266736,#266792));
#267830=IFCFACEOUTERBOUND(#267828,.T.);
#267831=IFCFACE((#267830));
#267833=IFCPOLYLOOP((#266778,#266744,#266746));
#267835=IFCFACEOUTERBOUND(#267833,.T.);
#267836=IFCFACE((#267835));
#267838=IFCPOLYLOOP((#266928,#266626,#266926));
#267840=IFCFACEOUTERBOUND(#267838,.T.);
#267841=IFCFACE((#267840));
#267843=IFCPOLYLOOP((#266778,#266742,#266794));
#267845=IFCFACEOUTERBOUND(#267843,.T.);
#267846=IFCFACE((#267845));
#267848=IFCPOLYLOOP((#266976,#266978,#266650));
#267850=IFCFACEOUTERBOUND(#267848,.T.);
#267851=IFCFACE((#267850));
#267853=IFCPOLYLOOP((#266750,#266752,#266770));
#267855=IFCFACEOUTERBOUND(#267853,.T.);
#267856=IFCFACE((#267855));
#267858=IFCPOLYLOOP((#266770,#266748,#266790));
#267860=IFCFACEOUTERBOUND(#267858,.T.);
#267861=IFCFACE((#267860));
#267863=IFCPOLYLOOP((#266760,#266756,#266758));
#267865=IFCFACEOUTERBOUND(#267863,.T.);
#267866=IFCFACE((#267865));
#267868=IFCPOLYLOOP((#266912,#266620,#266812));
#267870=IFCFACEOUTERBOUND(#267868,.T.);
#267871=IFCFACE((#267870));
#267873=IFCPOLYLOOP((#266760,#266754,#266788));
#267875=IFCFACEOUTERBOUND(#267873,.T.);
#267876=IFCFACE((#267875));
#267878=IFCPOLYLOOP((#266802,#266758,#266704));
#267880=IFCFACEOUTERBOUND(#267878,.T.);
#267881=IFCFACE((#267880));
#267883=IFCPOLYLOOP((#266802,#266936,#266760));
#267885=IFCFACEOUTERBOUND(#267883,.T.);
#267886=IFCFACE((#267885));
#267888=IFCPOLYLOOP((#266988,#266990,#266786));
#267890=IFCFACEOUTERBOUND(#267888,.T.);
#267891=IFCFACE((#267890));
#267893=IFCPOLYLOOP((#266764,#266766,#266768));
#267895=IFCFACEOUTERBOUND(#267893,.T.);
#267896=IFCFACE((#267895));
#267898=IFCPOLYLOOP((#266768,#266762,#266786));
#267900=IFCFACEOUTERBOUND(#267898,.T.);
#267901=IFCFACE((#267900));
#267903=IFCPOLYLOOP((#266810,#266766,#266618));
#267905=IFCFACEOUTERBOUND(#267903,.T.);
#267906=IFCFACE((#267905));
#267908=IFCPOLYLOOP((#266810,#266940,#266768));
#267910=IFCFACEOUTERBOUND(#267908,.T.);
#267911=IFCFACE((#267910));
#267913=IFCPOLYLOOP((#266812,#266752,#266642));
#267915=IFCFACEOUTERBOUND(#267913,.T.);
#267916=IFCFACE((#267915));
#267918=IFCPOLYLOOP((#266812,#266938,#266770));
#267920=IFCFACEOUTERBOUND(#267918,.T.);
#267921=IFCFACE((#267920));
#267923=IFCPOLYLOOP((#266774,#267018,#267014));
#267925=IFCFACEOUTERBOUND(#267923,.T.);
#267926=IFCFACE((#267925));
#267928=IFCPOLYLOOP((#267010,#267006,#266646));
#267930=IFCFACEOUTERBOUND(#267928,.T.);
#267931=IFCFACE((#267930));
#267933=IFCPOLYLOOP((#266814,#266740,#266624));
#267935=IFCFACEOUTERBOUND(#267933,.T.);
#267936=IFCFACE((#267935));
#267938=IFCPOLYLOOP((#266814,#266922,#266776));
#267940=IFCFACEOUTERBOUND(#267938,.T.);
#267941=IFCFACE((#267940));
#267943=IFCPOLYLOOP((#266822,#266746,#266666));
#267945=IFCFACEOUTERBOUND(#267943,.T.);
#267946=IFCFACE((#267945));
#267948=IFCPOLYLOOP((#266822,#266896,#266778));
#267950=IFCFACEOUTERBOUND(#267948,.T.);
#267951=IFCFACE((#267950));
#267953=IFCPOLYLOOP((#266824,#266728,#266634));
#267955=IFCFACEOUTERBOUND(#267953,.T.);
#267956=IFCFACE((#267955));
#267958=IFCPOLYLOOP((#266824,#266860,#266780));
#267960=IFCFACEOUTERBOUND(#267958,.T.);
#267961=IFCFACE((#267960));
#267963=IFCPOLYLOOP((#266826,#266734,#266682));
#267965=IFCFACEOUTERBOUND(#267963,.T.);
#267966=IFCFACE((#267965));
#267968=IFCPOLYLOOP((#266826,#266872,#266782));
#267970=IFCFACEOUTERBOUND(#267968,.T.);
#267971=IFCFACE((#267970));
#267973=IFCPOLYLOOP((#266834,#266722,#266632));
#267975=IFCFACEOUTERBOUND(#267973,.T.);
#267976=IFCFACE((#267975));
#267978=IFCPOLYLOOP((#266834,#266862,#266784));
#267980=IFCFACEOUTERBOUND(#267978,.T.);
#267981=IFCFACE((#267980));
#267983=IFCPOLYLOOP((#266786,#266762,#266988));
#267985=IFCFACEOUTERBOUND(#267983,.T.);
#267986=IFCFACE((#267985));
#267988=IFCPOLYLOOP((#266990,#266710,#267040));
#267990=IFCFACEOUTERBOUND(#267988,.T.);
#267991=IFCFACE((#267990));
#267993=IFCPOLYLOOP((#266916,#266912,#266788));
#267995=IFCFACEOUTERBOUND(#267993,.T.);
#267996=IFCFACE((#267995));
#267998=IFCPOLYLOOP((#266912,#266914,#266788));
#268000=IFCFACEOUTERBOUND(#267998,.T.);
#268001=IFCFACE((#268000));
#268003=IFCPOLYLOOP((#266982,#266978,#266790));
#268005=IFCFACEOUTERBOUND(#268003,.T.);
#268006=IFCFACE((#268005));
#268008=IFCPOLYLOOP((#266978,#266980,#266790));
#268010=IFCFACEOUTERBOUND(#268008,.T.);
#268011=IFCFACE((#268010));
#268013=IFCPOLYLOOP((#266792,#266736,#266942));
#268015=IFCFACEOUTERBOUND(#268013,.T.);
#268016=IFCFACE((#268015));
#268018=IFCPOLYLOOP((#266944,#266656,#266986));
#268020=IFCFACEOUTERBOUND(#268018,.T.);
#268021=IFCFACE((#268020));
#268023=IFCPOLYLOOP((#266932,#266928,#266794));
#268025=IFCFACEOUTERBOUND(#268023,.T.);
#268026=IFCFACE((#268025));
#268028=IFCPOLYLOOP((#266928,#266930,#266794));
#268030=IFCFACEOUTERBOUND(#268028,.T.);
#268031=IFCFACE((#268030));
#268033=IFCPOLYLOOP((#266796,#266724,#266898));
#268035=IFCFACEOUTERBOUND(#268033,.T.);
#268036=IFCFACE((#268035));
#268038=IFCPOLYLOOP((#266900,#266908,#266796));
#268040=IFCFACEOUTERBOUND(#268038,.T.);
#268041=IFCFACE((#268040));
#268043=IFCPOLYLOOP((#266858,#266854,#266798));
#268045=IFCFACEOUTERBOUND(#268043,.T.);
#268046=IFCFACE((#268045));
#268048=IFCPOLYLOOP((#266854,#266634,#266856));
#268050=IFCFACEOUTERBOUND(#268048,.T.);
#268051=IFCFACE((#268050));
#268053=IFCPOLYLOOP((#266800,#266718,#266874));
#268055=IFCFACEOUTERBOUND(#268053,.T.);
#268056=IFCFACE((#268055));
#268058=IFCPOLYLOOP((#266876,#266894,#266800));
#268060=IFCFACEOUTERBOUND(#268058,.T.);
#268061=IFCFACE((#268060));
#268063=IFCPOLYLOOP((#266806,#266706,#266808));
#268065=IFCFACEOUTERBOUND(#268063,.T.);
#268066=IFCFACE((#268065));
#268068=IFCPOLYLOOP((#266938,#266812,#266620));
#268070=IFCFACEOUTERBOUND(#268068,.T.);
#268071=IFCFACE((#268070));
#268073=IFCPOLYLOOP((#266806,#266708,#266804));
#268075=IFCFACEOUTERBOUND(#268073,.T.);
#268076=IFCFACE((#268075));
#268078=IFCPOLYLOOP((#266802,#266852,#266702));
#268080=IFCFACEOUTERBOUND(#268078,.T.);
#268081=IFCFACE((#268080));
#268083=IFCPOLYLOOP((#266852,#266984,#266806));
#268085=IFCFACEOUTERBOUND(#268083,.T.);
#268086=IFCFACE((#268085));
#268088=IFCPOLYLOOP((#266920,#266918,#266808));
#268090=IFCFACEOUTERBOUND(#268088,.T.);
#268091=IFCFACE((#268090));
#268093=IFCPOLYLOOP((#266918,#266910,#266808));
#268095=IFCFACEOUTERBOUND(#268093,.T.);
#268096=IFCFACE((#268095));
#268098=IFCPOLYLOOP((#266810,#266618,#266918));
#268100=IFCFACEOUTERBOUND(#268098,.T.);
#268101=IFCFACE((#268100));
#268103=IFCPOLYLOOP((#266656,#266948,#266946));
#268105=IFCFACEOUTERBOUND(#268103,.T.);
#268106=IFCFACE((#268105));
#268108=IFCPOLYLOOP((#266912,#266812,#266642));
#268110=IFCFACEOUTERBOUND(#268108,.T.);
#268111=IFCFACE((#268110));
#268113=IFCPOLYLOOP((#266940,#266810,#266644));
#268115=IFCFACEOUTERBOUND(#268113,.T.);
#268116=IFCFACE((#268115));
#268118=IFCPOLYLOOP((#266818,#266670,#266820));
#268120=IFCFACEOUTERBOUND(#268118,.T.);
#268121=IFCFACE((#268120));
#268123=IFCPOLYLOOP((#266928,#266926,#266636));
#268125=IFCFACEOUTERBOUND(#268123,.T.);
#268126=IFCFACE((#268125));
#268128=IFCPOLYLOOP((#266818,#266668,#266816));
#268130=IFCFACEOUTERBOUND(#268128,.T.);
#268131=IFCFACE((#268130));
#268133=IFCPOLYLOOP((#266850,#266638,#266814));
#268135=IFCFACEOUTERBOUND(#268133,.T.);
#268136=IFCFACE((#268135));
#268138=IFCPOLYLOOP((#266816,#266638,#266850));
#268140=IFCFACEOUTERBOUND(#268138,.T.);
#268141=IFCFACE((#268140));
#268143=IFCPOLYLOOP((#266868,#266864,#266820));
#268145=IFCFACEOUTERBOUND(#268143,.T.);
#268146=IFCFACE((#268145));
#268148=IFCPOLYLOOP((#266864,#266866,#266820));
#268150=IFCFACEOUTERBOUND(#268148,.T.);
#268151=IFCFACE((#268150));
#268153=IFCPOLYLOOP((#266864,#266822,#266666));
#268155=IFCFACEOUTERBOUND(#268153,.T.);
#268156=IFCFACE((#268155));
#268158=IFCPOLYLOOP((#266902,#266900,#266674));
#268160=IFCFACEOUTERBOUND(#268158,.T.);
#268161=IFCFACE((#268160));
#268163=IFCPOLYLOOP((#266854,#266824,#266634));
#268165=IFCFACEOUTERBOUND(#268163,.T.);
#268166=IFCFACE((#268165));
#268168=IFCPOLYLOOP((#266862,#266834,#266630));
#268170=IFCFACEOUTERBOUND(#268168,.T.);
#268171=IFCFACE((#268170));
#268173=IFCPOLYLOOP((#266830,#266684,#266832));
#268175=IFCFACEOUTERBOUND(#268173,.T.);
#268176=IFCFACE((#268175));
#268178=IFCPOLYLOOP((#266884,#266694,#266878));
#268180=IFCFACEOUTERBOUND(#268178,.T.);
#268181=IFCFACE((#268180));
#268183=IFCPOLYLOOP((#266830,#266686,#266828));
#268185=IFCFACEOUTERBOUND(#268183,.T.);
#268186=IFCFACE((#268185));
#268188=IFCPOLYLOOP((#266826,#266844,#266680));
#268190=IFCFACEOUTERBOUND(#268188,.T.);
#268191=IFCFACE((#268190));
#268193=IFCPOLYLOOP((#266844,#266846,#266830));
#268195=IFCFACEOUTERBOUND(#268193,.T.);
#268196=IFCFACE((#268195));
#268198=IFCPOLYLOOP((#266832,#266684,#266924));
#268200=IFCFACEOUTERBOUND(#268198,.T.);
#268201=IFCFACE((#268200));
#268203=IFCPOLYLOOP((#266926,#266934,#266832));
#268205=IFCFACEOUTERBOUND(#268203,.T.);
#268206=IFCFACE((#268205));
#268208=IFCPOLYLOOP((#266838,#266678,#266840));
#268210=IFCFACEOUTERBOUND(#268208,.T.);
#268211=IFCFACE((#268210));
#268213=IFCPOLYLOOP((#266866,#266668,#266820));
#268215=IFCFACEOUTERBOUND(#268213,.T.);
#268216=IFCFACE((#268215));
#268218=IFCPOLYLOOP((#266838,#266676,#266836));
#268220=IFCFACEOUTERBOUND(#268218,.T.);
#268221=IFCFACE((#268220));
#268223=IFCPOLYLOOP((#266834,#266848,#266630));
#268225=IFCFACEOUTERBOUND(#268223,.T.);
#268226=IFCFACE((#268225));
#268228=IFCPOLYLOOP((#266848,#266870,#266838));
#268230=IFCFACEOUTERBOUND(#268228,.T.);
#268231=IFCFACE((#268230));
#268233=IFCPOLYLOOP((#266906,#266902,#266840));
#268235=IFCFACEOUTERBOUND(#268233,.T.);
#268236=IFCFACE((#268235));
#268238=IFCPOLYLOOP((#266902,#266904,#266840));
#268240=IFCFACEOUTERBOUND(#268238,.T.);
#268241=IFCFACE((#268240));
#268243=IFCPOLYLOOP((#266818,#266842,#266670));
#268245=IFCFACEOUTERBOUND(#268243,.T.);
#268246=IFCFACE((#268245));
#268248=IFCPOLYLOOP((#266850,#266842,#266818));
#268250=IFCFACEOUTERBOUND(#268248,.T.);
#268251=IFCFACE((#268250));
#268253=IFCPOLYLOOP((#266828,#266844,#266830));
#268255=IFCFACEOUTERBOUND(#268253,.T.);
#268256=IFCFACE((#268255));
#268258=IFCPOLYLOOP((#266844,#266682,#266846));
#268260=IFCFACEOUTERBOUND(#268258,.T.);
#268261=IFCFACE((#268260));
#268263=IFCPOLYLOOP((#266632,#266848,#266834));
#268265=IFCFACEOUTERBOUND(#268263,.T.);
#268266=IFCFACE((#268265));
#268268=IFCPOLYLOOP((#266838,#266836,#266848));
#268270=IFCFACEOUTERBOUND(#268268,.T.);
#268271=IFCFACE((#268270));
#268273=IFCPOLYLOOP((#266842,#266850,#266624));
#268275=IFCFACEOUTERBOUND(#268273,.T.);
#268276=IFCFACE((#268275));
#268278=IFCPOLYLOOP((#266816,#266850,#266818));
#268280=IFCFACEOUTERBOUND(#268278,.T.);
#268281=IFCFACE((#268280));
#268283=IFCPOLYLOOP((#266704,#266852,#266802));
#268285=IFCFACEOUTERBOUND(#268283,.T.);
#268286=IFCFACE((#268285));
#268288=IFCPOLYLOOP((#266806,#266804,#266852));
#268290=IFCFACEOUTERBOUND(#268288,.T.);
#268291=IFCFACE((#268290));
#268293=IFCPOLYLOOP((#266854,#266856,#266798));
#268295=IFCFACEOUTERBOUND(#268293,.T.);
#268296=IFCFACE((#268295));
#268298=IFCPOLYLOOP((#266798,#266730,#266858));
#268300=IFCFACEOUTERBOUND(#268298,.T.);
#268301=IFCFACE((#268300));
#268303=IFCPOLYLOOP((#266860,#266824,#266628));
#268305=IFCFACEOUTERBOUND(#268303,.T.);
#268306=IFCFACE((#268305));
#268308=IFCPOLYLOOP((#266732,#266798,#266856));
#268310=IFCFACEOUTERBOUND(#268308,.T.);
#268311=IFCFACE((#268310));
#268313=IFCPOLYLOOP((#266628,#266854,#266858));
#268315=IFCFACEOUTERBOUND(#268313,.T.);
#268316=IFCFACE((#268315));
#268318=IFCPOLYLOOP((#266860,#266724,#266780));
#268320=IFCFACEOUTERBOUND(#268318,.T.);
#268321=IFCFACE((#268320));
#268323=IFCPOLYLOOP((#266862,#266718,#266784));
#268325=IFCFACEOUTERBOUND(#268323,.T.);
#268326=IFCFACE((#268325));
#268328=IFCPOLYLOOP((#266820,#266670,#266868));
#268330=IFCFACEOUTERBOUND(#268328,.T.);
#268331=IFCFACE((#268330));
#268333=IFCPOLYLOOP((#266864,#266666,#266866));
#268335=IFCFACEOUTERBOUND(#268333,.T.);
#268336=IFCFACE((#268335));
#268338=IFCPOLYLOOP((#266870,#266848,#266632));
#268340=IFCFACEOUTERBOUND(#268338,.T.);
#268341=IFCFACE((#268340));
#268343=IFCPOLYLOOP((#266664,#266864,#266868));
#268345=IFCFACEOUTERBOUND(#268343,.T.);
#268346=IFCFACE((#268345));
#268348=IFCPOLYLOOP((#266870,#266678,#266838));
#268350=IFCFACEOUTERBOUND(#268348,.T.);
#268351=IFCFACE((#268350));
#268353=IFCPOLYLOOP((#266872,#266730,#266782));
#268355=IFCFACEOUTERBOUND(#268353,.T.);
#268356=IFCFACE((#268355));
#268358=IFCPOLYLOOP((#266876,#266874,#266690));
#268360=IFCFACEOUTERBOUND(#268358,.T.);
#268361=IFCFACE((#268360));
#268363=IFCPOLYLOOP((#266896,#266822,#266664));
#268365=IFCFACEOUTERBOUND(#268363,.T.);
#268366=IFCFACE((#268365));
#268368=IFCPOLYLOOP((#266878,#266882,#266884));
#268370=IFCFACEOUTERBOUND(#268368,.T.);
#268371=IFCFACE((#268370));
#268373=IFCPOLYLOOP((#266876,#266882,#266688));
#268375=IFCFACEOUTERBOUND(#268373,.T.);
#268376=IFCFACE((#268375));
#268378=IFCPOLYLOOP((#266690,#266880,#266882));
#268380=IFCFACEOUTERBOUND(#268378,.T.);
#268381=IFCFACE((#268380));
#268383=IFCPOLYLOOP((#266882,#266880,#266884));
#268385=IFCFACEOUTERBOUND(#268383,.T.);
#268386=IFCFACE((#268385));
#268388=IFCPOLYLOOP((#266880,#266692,#266884));
#268390=IFCFACEOUTERBOUND(#268388,.T.);
#268391=IFCFACE((#268390));
#268393=IFCPOLYLOOP((#266886,#266888,#266612));
#268395=IFCFACEOUTERBOUND(#268393,.T.);
#268396=IFCFACE((#268395));
#268398=IFCPOLYLOOP((#266892,#266694,#266884));
#268400=IFCFACEOUTERBOUND(#268398,.T.);
#268401=IFCFACE((#268400));
#268403=IFCPOLYLOOP((#266884,#266692,#266892));
#268405=IFCFACEOUTERBOUND(#268403,.T.);
#268406=IFCFACE((#268405));
#268408=IFCPOLYLOOP((#267046,#266886,#266892));
#268410=IFCFACEOUTERBOUND(#268408,.T.);
#268411=IFCFACE((#268410));
#268413=IFCPOLYLOOP((#266614,#266888,#267046));
#268415=IFCFACEOUTERBOUND(#268413,.T.);
#268416=IFCFACE((#268415));
#268418=IFCPOLYLOOP((#266892,#266886,#266694));
#268420=IFCFACEOUTERBOUND(#268418,.T.);
#268421=IFCFACE((#268420));
#268423=IFCPOLYLOOP((#266894,#266876,#266688));
#268425=IFCFACEOUTERBOUND(#268423,.T.);
#268426=IFCFACE((#268425));
#268428=IFCPOLYLOOP((#266894,#266720,#266800));
#268430=IFCFACEOUTERBOUND(#268428,.T.);
#268431=IFCFACE((#268430));
#268433=IFCPOLYLOOP((#266896,#266742,#266778));
#268435=IFCFACEOUTERBOUND(#268433,.T.);
#268436=IFCFACE((#268435));
#268438=IFCPOLYLOOP((#266900,#266898,#266674));
#268440=IFCFACEOUTERBOUND(#268438,.T.);
#268441=IFCFACE((#268440));
#268443=IFCPOLYLOOP((#266808,#266910,#266708));
#268445=IFCFACEOUTERBOUND(#268443,.T.);
#268446=IFCFACE((#268445));
#268448=IFCPOLYLOOP((#266904,#266676,#266840));
#268450=IFCFACEOUTERBOUND(#268448,.T.);
#268451=IFCFACE((#268450));
#268453=IFCPOLYLOOP((#266840,#266678,#266906));
#268455=IFCFACEOUTERBOUND(#268453,.T.);
#268456=IFCFACE((#268455));
#268458=IFCPOLYLOOP((#266902,#266674,#266904));
#268460=IFCFACEOUTERBOUND(#268458,.T.);
#268461=IFCFACE((#268460));
#268463=IFCPOLYLOOP((#266908,#266900,#266672));
#268465=IFCFACEOUTERBOUND(#268463,.T.);
#268466=IFCFACE((#268465));
#268468=IFCPOLYLOOP((#266672,#266902,#266906));
#268470=IFCFACEOUTERBOUND(#268468,.T.);
#268471=IFCFACE((#268470));
#268473=IFCPOLYLOOP((#266908,#266726,#266796));
#268475=IFCFACEOUTERBOUND(#268473,.T.);
#268476=IFCFACE((#268475));
#268478=IFCPOLYLOOP((#266914,#266756,#266788));
#268480=IFCFACEOUTERBOUND(#268478,.T.);
#268481=IFCFACE((#268480));
#268483=IFCPOLYLOOP((#266788,#266754,#266916));
#268485=IFCFACEOUTERBOUND(#268483,.T.);
#268486=IFCFACE((#268485));
#268488=IFCPOLYLOOP((#266912,#266642,#266914));
#268490=IFCFACEOUTERBOUND(#268488,.T.);
#268491=IFCFACE((#268490));
#268493=IFCPOLYLOOP((#266910,#266918,#266618));
#268495=IFCFACEOUTERBOUND(#268493,.T.);
#268496=IFCFACE((#268495));
#268498=IFCPOLYLOOP((#266620,#266912,#266916));
#268500=IFCFACEOUTERBOUND(#268498,.T.);
#268501=IFCFACE((#268500));
#268503=IFCPOLYLOOP((#266808,#266706,#266920));
#268505=IFCFACEOUTERBOUND(#268503,.T.);
#268506=IFCFACE((#268505));
#268508=IFCPOLYLOOP((#266922,#266814,#266638));
#268510=IFCFACEOUTERBOUND(#268508,.T.);
#268511=IFCFACE((#268510));
#268513=IFCPOLYLOOP((#266644,#266918,#266920));
#268515=IFCFACEOUTERBOUND(#268513,.T.);
#268516=IFCFACE((#268515));
#268518=IFCPOLYLOOP((#266922,#266736,#266776));
#268520=IFCFACEOUTERBOUND(#268518,.T.);
#268521=IFCFACE((#268520));
#268523=IFCPOLYLOOP((#266926,#266924,#266636));
#268525=IFCFACEOUTERBOUND(#268523,.T.);
#268526=IFCFACE((#268525));
#268528=IFCPOLYLOOP((#266936,#266802,#266702));
#268530=IFCFACEOUTERBOUND(#268528,.T.);
#268531=IFCFACE((#268530));
#268533=IFCPOLYLOOP((#266930,#266744,#266794));
#268535=IFCFACEOUTERBOUND(#268533,.T.);
#268536=IFCFACE((#268535));
#268538=IFCPOLYLOOP((#266794,#266742,#266932));
#268540=IFCFACEOUTERBOUND(#268538,.T.);
#268541=IFCFACE((#268540));
#268543=IFCPOLYLOOP((#266928,#266636,#266930));
#268545=IFCFACEOUTERBOUND(#268543,.T.);
#268546=IFCFACE((#268545));
#268548=IFCPOLYLOOP((#266934,#266926,#266626));
#268550=IFCFACEOUTERBOUND(#268548,.T.);
#268551=IFCFACE((#268550));
#268553=IFCPOLYLOOP((#266626,#266928,#266932));
#268555=IFCFACEOUTERBOUND(#268553,.T.);
#268556=IFCFACE((#268555));
#268558=IFCPOLYLOOP((#266934,#266686,#266832));
#268560=IFCFACEOUTERBOUND(#268558,.T.);
#268561=IFCFACE((#268560));
#268563=IFCPOLYLOOP((#266936,#266754,#266760));
#268565=IFCFACEOUTERBOUND(#268563,.T.);
#268566=IFCFACE((#268565));
#268568=IFCPOLYLOOP((#266938,#266748,#266770));
#268570=IFCFACEOUTERBOUND(#268568,.T.);
#268571=IFCFACE((#268570));
#268573=IFCPOLYLOOP((#266940,#266762,#266768));
#268575=IFCFACEOUTERBOUND(#268573,.T.);
#268576=IFCFACE((#268575));
#268578=IFCPOLYLOOP((#266944,#266942,#266658));
#268580=IFCFACEOUTERBOUND(#268578,.T.);
#268581=IFCFACE((#268580));
#268583=IFCPOLYLOOP((#266944,#266986,#266792));
#268585=IFCFACEOUTERBOUND(#268583,.T.);
#268586=IFCFACE((#268585));
#268588=IFCPOLYLOOP((#266952,#266946,#266948));
#268590=IFCFACEOUTERBOUND(#268588,.T.);
#268591=IFCFACE((#268590));
#268593=IFCPOLYLOOP((#266944,#266948,#266656));
#268595=IFCFACEOUTERBOUND(#268593,.T.);
#268596=IFCFACE((#268595));
#268598=IFCPOLYLOOP((#266948,#266950,#266952));
#268600=IFCFACEOUTERBOUND(#268598,.T.);
#268601=IFCFACE((#268600));
#268603=IFCPOLYLOOP((#266662,#266956,#266954));
#268605=IFCFACEOUTERBOUND(#268603,.T.);
#268606=IFCFACE((#268605));
#268608=IFCPOLYLOOP((#266952,#266950,#266660));
#268610=IFCFACEOUTERBOUND(#268608,.T.);
#268611=IFCFACE((#268610));
#268613=IFCPOLYLOOP((#266946,#266952,#266662));
#268615=IFCFACEOUTERBOUND(#268613,.T.);
#268616=IFCFACE((#268615));
#268618=IFCPOLYLOOP((#266960,#266954,#266956));
#268620=IFCFACEOUTERBOUND(#268618,.T.);
#268621=IFCFACE((#268620));
#268623=IFCPOLYLOOP((#266952,#266956,#266662));
#268625=IFCFACEOUTERBOUND(#268623,.T.);
#268626=IFCFACE((#268625));
#268628=IFCPOLYLOOP((#266956,#266958,#266960));
#268630=IFCFACEOUTERBOUND(#268628,.T.);
#268631=IFCFACE((#268630));
#268633=IFCPOLYLOOP((#266622,#266964,#266962));
#268635=IFCFACEOUTERBOUND(#268633,.T.);
#268636=IFCFACE((#268635));
#268638=IFCPOLYLOOP((#266960,#266958,#266640));
#268640=IFCFACEOUTERBOUND(#268638,.T.);
#268641=IFCFACE((#268640));
#268643=IFCPOLYLOOP((#266954,#266960,#266622));
#268645=IFCFACEOUTERBOUND(#268643,.T.);
#268646=IFCFACE((#268645));
#268648=IFCPOLYLOOP((#266968,#266962,#266964));
#268650=IFCFACEOUTERBOUND(#268648,.T.);
#268651=IFCFACE((#268650));
#268653=IFCPOLYLOOP((#266960,#266964,#266622));
#268655=IFCFACEOUTERBOUND(#268653,.T.);
#268656=IFCFACE((#268655));
#268658=IFCPOLYLOOP((#266964,#266966,#266968));
#268660=IFCFACEOUTERBOUND(#268658,.T.);
#268661=IFCFACE((#268660));
#268663=IFCPOLYLOOP((#266652,#266972,#266970));
#268665=IFCFACEOUTERBOUND(#268663,.T.);
#268666=IFCFACE((#268665));
#268668=IFCPOLYLOOP((#266968,#266966,#266654));
#268670=IFCFACEOUTERBOUND(#268668,.T.);
#268671=IFCFACE((#268670));
#268673=IFCPOLYLOOP((#266962,#266968,#266652));
#268675=IFCFACEOUTERBOUND(#268673,.T.);
#268676=IFCFACE((#268675));
#268678=IFCPOLYLOOP((#266976,#266970,#266972));
#268680=IFCFACEOUTERBOUND(#268678,.T.);
#268681=IFCFACE((#268680));
#268683=IFCPOLYLOOP((#266968,#266972,#266652));
#268685=IFCFACEOUTERBOUND(#268683,.T.);
#268686=IFCFACE((#268685));
#268688=IFCPOLYLOOP((#266972,#266974,#266976));
#268690=IFCFACEOUTERBOUND(#268688,.T.);
#268691=IFCFACE((#268690));
#268693=IFCPOLYLOOP((#266978,#266976,#266648));
#268695=IFCFACEOUTERBOUND(#268693,.T.);
#268696=IFCFACE((#268695));
#268698=IFCPOLYLOOP((#266976,#266974,#266648));
#268700=IFCFACEOUTERBOUND(#268698,.T.);
#268701=IFCFACE((#268700));
#268703=IFCPOLYLOOP((#266970,#266976,#266650));
#268705=IFCFACEOUTERBOUND(#268703,.T.);
#268706=IFCFACE((#268705));
#268708=IFCPOLYLOOP((#266980,#266750,#266790));
#268710=IFCFACEOUTERBOUND(#268708,.T.);
#268711=IFCFACE((#268710));
#268713=IFCPOLYLOOP((#266790,#266748,#266982));
#268715=IFCFACEOUTERBOUND(#268713,.T.);
#268716=IFCFACE((#268715));
#268718=IFCPOLYLOOP((#266978,#266648,#266980));
#268720=IFCFACEOUTERBOUND(#268718,.T.);
#268721=IFCFACE((#268720));
#268723=IFCPOLYLOOP((#266984,#266852,#266704));
#268725=IFCFACEOUTERBOUND(#268723,.T.);
#268726=IFCFACE((#268725));
#268728=IFCPOLYLOOP((#266650,#266978,#266982));
#268730=IFCFACEOUTERBOUND(#268728,.T.);
#268731=IFCFACE((#268730));
#268733=IFCPOLYLOOP((#266984,#266706,#266806));
#268735=IFCFACEOUTERBOUND(#268733,.T.);
#268736=IFCFACE((#268735));
#268738=IFCPOLYLOOP((#266738,#266792,#266986));
#268740=IFCFACEOUTERBOUND(#268738,.T.);
#268741=IFCFACE((#268740));
#268743=IFCPOLYLOOP((#266990,#266988,#266712));
#268745=IFCFACEOUTERBOUND(#268743,.T.);
#268746=IFCFACE((#268745));
#268748=IFCPOLYLOOP((#266990,#267040,#266786));
#268750=IFCFACEOUTERBOUND(#268748,.T.);
#268751=IFCFACE((#268750));
#268753=IFCPOLYLOOP((#266998,#266992,#266994));
#268755=IFCFACEOUTERBOUND(#268753,.T.);
#268756=IFCFACE((#268755));
#268758=IFCPOLYLOOP((#266990,#266994,#266710));
#268760=IFCFACEOUTERBOUND(#268758,.T.);
#268761=IFCFACE((#268760));
#268763=IFCPOLYLOOP((#266994,#266996,#266998));
#268765=IFCFACEOUTERBOUND(#268763,.T.);
#268766=IFCFACE((#268765));
#268768=IFCPOLYLOOP((#266716,#267002,#267000));
#268770=IFCFACEOUTERBOUND(#268768,.T.);
#268771=IFCFACE((#268770));
#268773=IFCPOLYLOOP((#266998,#266996,#266714));
#268775=IFCFACEOUTERBOUND(#268773,.T.);
#268776=IFCFACE((#268775));
#268778=IFCPOLYLOOP((#266992,#266998,#266716));
#268780=IFCFACEOUTERBOUND(#268778,.T.);
#268781=IFCFACE((#268780));
#268783=IFCPOLYLOOP((#267006,#267000,#267002));
#268785=IFCFACEOUTERBOUND(#268783,.T.);
#268786=IFCFACE((#268785));
#268788=IFCPOLYLOOP((#266998,#267002,#266716));
#268790=IFCFACEOUTERBOUND(#268788,.T.);
#268791=IFCFACE((#268790));
#268793=IFCPOLYLOOP((#267002,#267004,#267006));
#268795=IFCFACEOUTERBOUND(#268793,.T.);
#268796=IFCFACE((#268795));
#268798=IFCPOLYLOOP((#266616,#267010,#267008));
#268800=IFCFACEOUTERBOUND(#268798,.T.);
#268801=IFCFACE((#268800));
#268803=IFCPOLYLOOP((#267006,#267004,#266646));
#268805=IFCFACEOUTERBOUND(#268803,.T.);
#268806=IFCFACE((#268805));
#268808=IFCPOLYLOOP((#267000,#267006,#266616));
#268810=IFCFACEOUTERBOUND(#268808,.T.);
#268811=IFCFACE((#268810));
#268813=IFCPOLYLOOP((#267048,#267010,#267014));
#268815=IFCFACEOUTERBOUND(#268813,.T.);
#268816=IFCFACE((#268815));
#268818=IFCPOLYLOOP((#267006,#267010,#266616));
#268820=IFCFACEOUTERBOUND(#268818,.T.);
#268821=IFCFACE((#268820));
#268823=IFCPOLYLOOP((#267010,#267012,#267014));
#268825=IFCFACEOUTERBOUND(#268823,.T.);
#268826=IFCFACE((#268825));
#268828=IFCPOLYLOOP((#266772,#267018,#267016));
#268830=IFCFACEOUTERBOUND(#268828,.T.);
#268831=IFCFACE((#268830));
#268833=IFCPOLYLOOP((#267014,#267012,#266774));
#268835=IFCFACEOUTERBOUND(#268833,.T.);
#268836=IFCFACE((#268835));
#268838=IFCPOLYLOOP((#267008,#267048,#266772));
#268840=IFCFACEOUTERBOUND(#268838,.T.);
#268841=IFCFACE((#268840));
#268843=IFCPOLYLOOP((#267050,#267018,#267022));
#268845=IFCFACEOUTERBOUND(#268843,.T.);
#268846=IFCFACE((#268845));
#268848=IFCPOLYLOOP((#267018,#266772,#267048));
#268850=IFCFACEOUTERBOUND(#268848,.T.);
#268851=IFCFACE((#268850));
#268853=IFCPOLYLOOP((#267018,#267020,#267022));
#268855=IFCFACEOUTERBOUND(#268853,.T.);
#268856=IFCFACE((#268855));
#268858=IFCPOLYLOOP((#266698,#267030,#267022));
#268860=IFCFACEOUTERBOUND(#268858,.T.);
#268861=IFCFACE((#268860));
#268863=IFCPOLYLOOP((#267022,#267020,#266698));
#268865=IFCFACEOUTERBOUND(#268863,.T.);
#268866=IFCFACE((#268865));
#268868=IFCPOLYLOOP((#267016,#267050,#266696));
#268870=IFCFACEOUTERBOUND(#268868,.T.);
#268871=IFCFACE((#268870));
#268873=IFCPOLYLOOP((#267032,#267038,#267024));
#268875=IFCFACEOUTERBOUND(#268873,.T.);
#268876=IFCFACE((#268875));
#268878=IFCPOLYLOOP((#267030,#267032,#267026));
#268880=IFCFACEOUTERBOUND(#268878,.T.);
#268881=IFCFACE((#268880));
#268883=IFCPOLYLOOP((#266698,#267028,#267030));
#268885=IFCFACEOUTERBOUND(#268883,.T.);
#268886=IFCFACE((#268885));
#268888=IFCPOLYLOOP((#267028,#266700,#267032));
#268890=IFCFACEOUTERBOUND(#268888,.T.);
#268891=IFCFACE((#268890));
#268893=IFCPOLYLOOP((#266696,#267030,#267026));
#268895=IFCFACEOUTERBOUND(#268893,.T.);
#268896=IFCFACE((#268895));
#268898=IFCPOLYLOOP((#267052,#266600,#267034));
#268900=IFCFACEOUTERBOUND(#268898,.T.);
#268901=IFCFACE((#268900));
#268903=IFCPOLYLOOP((#267026,#267032,#267024));
#268905=IFCFACEOUTERBOUND(#268903,.T.);
#268906=IFCFACE((#268905));
#268908=IFCPOLYLOOP((#267034,#267024,#267038));
#268910=IFCFACEOUTERBOUND(#268908,.T.);
#268911=IFCFACE((#268910));
#268913=IFCPOLYLOOP((#267038,#267032,#266700));
#268915=IFCFACEOUTERBOUND(#268913,.T.);
#268916=IFCFACE((#268915));
#268918=IFCPOLYLOOP((#267036,#267052,#267054));
#268920=IFCFACEOUTERBOUND(#268918,.T.);
#268921=IFCFACE((#268920));
#268923=IFCPOLYLOOP((#267052,#267034,#267038));
#268925=IFCFACEOUTERBOUND(#268923,.T.);
#268926=IFCFACE((#268925));
#268928=IFCPOLYLOOP((#267038,#266700,#267042));
#268930=IFCFACEOUTERBOUND(#268928,.T.);
#268931=IFCFACE((#268930));
#268933=IFCPOLYLOOP((#266786,#267040,#267044,#266764));
#268935=IFCFACEOUTERBOUND(#268933,.T.);
#268936=IFCFACE((#268935));
#268938=IFCPOLYLOOP((#266786,#266764,#266768));
#268940=IFCFACEOUTERBOUND(#268938,.T.);
#268941=IFCFACE((#268940));
#268943=IFCPOLYLOOP((#266886,#267046,#266888));
#268945=IFCFACEOUTERBOUND(#268943,.T.);
#268946=IFCFACE((#268945));
#268948=IFCPOLYLOOP((#267010,#267048,#267008));
#268950=IFCFACEOUTERBOUND(#268948,.T.);
#268951=IFCFACE((#268950));
#268953=IFCPOLYLOOP((#267018,#267048,#267014));
#268955=IFCFACEOUTERBOUND(#268953,.T.);
#268956=IFCFACE((#268955));
#268958=IFCPOLYLOOP((#267018,#267050,#267016));
#268960=IFCFACEOUTERBOUND(#268958,.T.);
#268961=IFCFACE((#268960));
#268963=IFCPOLYLOOP((#267030,#267050,#267022));
#268965=IFCFACEOUTERBOUND(#268963,.T.);
#268966=IFCFACE((#268965));
#268968=IFCPOLYLOOP((#267054,#267038,#267042));
#268970=IFCFACEOUTERBOUND(#268968,.T.);
#268971=IFCFACE((#268970));
#268973=IFCPOLYLOOP((#266600,#267052,#267036));
#268975=IFCFACEOUTERBOUND(#268973,.T.);
#268976=IFCFACE((#268975));
#268978=IFCPOLYLOOP((#267038,#267054,#267052));
#268980=IFCFACEOUTERBOUND(#268978,.T.);
#268981=IFCFACE((#268980));
#268983=IFCPOLYLOOP((#266602,#267054,#267042));
#268985=IFCFACEOUTERBOUND(#268983,.T.);
#268986=IFCFACE((#268985));
#268988=IFCPOLYLOOP((#267086,#267258,#267254));
#268990=IFCFACEOUTERBOUND(#268988,.T.);
#268991=IFCFACE((#268990));
#268993=IFCPOLYLOOP((#267094,#267424,#267420));
#268995=IFCFACEOUTERBOUND(#268993,.T.);
#268996=IFCFACE((#268995));
#268998=IFCPOLYLOOP((#267262,#267082,#267264));
#269000=IFCFACEOUTERBOUND(#268998,.T.);
#269001=IFCFACE((#269000));
#269003=IFCPOLYLOOP((#267210,#267230,#267088));
#269005=IFCFACEOUTERBOUND(#269003,.T.);
#269006=IFCFACE((#269005));
#269008=IFCPOLYLOOP((#267414,#267080,#267412));
#269010=IFCFACEOUTERBOUND(#269008,.T.);
#269011=IFCFACE((#269010));
#269013=IFCPOLYLOOP((#267264,#267266,#267060));
#269015=IFCFACEOUTERBOUND(#269013,.T.);
#269016=IFCFACE((#269015));
#269018=IFCPOLYLOOP((#267062,#267410,#267414));
#269020=IFCFACEOUTERBOUND(#269018,.T.);
#269021=IFCFACE((#269020));
#269023=IFCPOLYLOOP((#267446,#267154,#267488));
#269025=IFCFACEOUTERBOUND(#269023,.T.);
#269026=IFCFACE((#269025));
#269028=IFCPOLYLOOP((#267384,#267276,#267382));
#269030=IFCFACEOUTERBOUND(#269028,.T.);
#269031=IFCFACE((#269030));
#269033=IFCPOLYLOOP((#267472,#267212,#267468));
#269035=IFCFACEOUTERBOUND(#269033,.T.);
#269036=IFCFACE((#269035));
#269038=IFCPOLYLOOP((#267208,#267152,#267228));
#269040=IFCFACEOUTERBOUND(#269038,.T.);
#269041=IFCFACE((#269040));
#269043=IFCPOLYLOOP((#267246,#267244,#267144));
#269045=IFCFACEOUTERBOUND(#269043,.T.);
#269046=IFCFACE((#269045));
#269048=IFCPOLYLOOP((#267386,#267380,#267108));
#269050=IFCFACEOUTERBOUND(#269048,.T.);
#269051=IFCFACE((#269050));
#269053=IFCPOLYLOOP((#267274,#267276,#267104));
#269055=IFCFACEOUTERBOUND(#269053,.T.);
#269056=IFCFACE((#269055));
#269058=IFCPOLYLOOP((#267230,#267210,#267090));
#269060=IFCFACEOUTERBOUND(#269058,.T.);
#269061=IFCFACE((#269060));
#269063=IFCPOLYLOOP((#267218,#267078,#267234));
#269065=IFCFACEOUTERBOUND(#269063,.T.);
#269066=IFCFACE((#269065));
#269068=IFCPOLYLOOP((#267216,#267098,#267232));
#269070=IFCFACEOUTERBOUND(#269068,.T.);
#269071=IFCFACE((#269070));
#269073=IFCPOLYLOOP((#267070,#267342,#267346));
#269075=IFCFACEOUTERBOUND(#269073,.T.);
#269076=IFCFACE((#269075));
#269078=IFCPOLYLOOP((#267372,#267374,#267066));
#269080=IFCFACEOUTERBOUND(#269078,.T.);
#269081=IFCFACE((#269080));
#269083=IFCPOLYLOOP((#267402,#267400,#267232));
#269085=IFCFACEOUTERBOUND(#269083,.T.);
#269086=IFCFACE((#269085));
#269088=IFCPOLYLOOP((#267218,#267234,#267064));
#269090=IFCFACEOUTERBOUND(#269088,.T.);
#269091=IFCFACE((#269090));
#269093=IFCPOLYLOOP((#267216,#267232,#267096));
#269095=IFCFACEOUTERBOUND(#269093,.T.);
#269096=IFCFACE((#269095));
#269098=IFCPOLYLOOP((#267224,#267114,#267240));
#269100=IFCFACEOUTERBOUND(#269098,.T.);
#269101=IFCFACE((#269100));
#269103=IFCPOLYLOOP((#267346,#267072,#267344));
#269105=IFCFACEOUTERBOUND(#269103,.T.);
#269106=IFCFACE((#269105));
#269108=IFCPOLYLOOP((#267404,#267406,#267100));
#269110=IFCFACEOUTERBOUND(#269108,.T.);
#269111=IFCFACE((#269110));
#269113=IFCPOLYLOOP((#267282,#267130,#267284));
#269115=IFCFACEOUTERBOUND(#269113,.T.);
#269116=IFCFACE((#269115));
#269118=IFCPOLYLOOP((#267296,#267160,#267288));
#269120=IFCFACEOUTERBOUND(#269118,.T.);
#269121=IFCFACE((#269120));
#269123=IFCPOLYLOOP((#267106,#267274,#267272));
#269125=IFCFACEOUTERBOUND(#269123,.T.);
#269126=IFCFACE((#269125));
#269128=IFCPOLYLOOP((#267372,#267066,#267376));
#269130=IFCFACEOUTERBOUND(#269128,.T.);
#269131=IFCFACE((#269130));
#269133=IFCPOLYLOOP((#267236,#267220,#267122));
#269135=IFCFACEOUTERBOUND(#269133,.T.);
#269136=IFCFACE((#269135));
#269138=IFCPOLYLOOP((#267126,#267356,#267352));
#269140=IFCFACEOUTERBOUND(#269138,.T.);
#269141=IFCFACE((#269140));
#269143=IFCPOLYLOOP((#267336,#267338,#267116));
#269145=IFCFACEOUTERBOUND(#269143,.T.);
#269146=IFCFACE((#269145));
#269148=IFCPOLYLOOP((#267118,#267334,#267338));
#269150=IFCFACEOUTERBOUND(#269148,.T.);
#269151=IFCFACE((#269150));
#269153=IFCPOLYLOOP((#267224,#267240,#267112));
#269155=IFCFACEOUTERBOUND(#269153,.T.);
#269156=IFCFACE((#269155));
#269158=IFCPOLYLOOP((#267222,#267238,#267074));
#269160=IFCFACEOUTERBOUND(#269158,.T.);
#269161=IFCFACE((#269160));
#269163=IFCPOLYLOOP((#267102,#267402,#267406));
#269165=IFCFACEOUTERBOUND(#269163,.T.);
#269166=IFCFACE((#269165));
#269168=IFCPOLYLOOP((#267220,#267236,#267120));
#269170=IFCFACEOUTERBOUND(#269168,.T.);
#269171=IFCFACE((#269170));
#269173=IFCPOLYLOOP((#267334,#267332,#267240));
#269175=IFCFACEOUTERBOUND(#269173,.T.);
#269176=IFCFACE((#269175));
#269178=IFCPOLYLOOP((#267134,#267368,#267364));
#269180=IFCFACEOUTERBOUND(#269178,.T.);
#269181=IFCFACE((#269180));
#269183=IFCPOLYLOOP((#267222,#267068,#267238));
#269185=IFCFACEOUTERBOUND(#269183,.T.);
#269186=IFCFACE((#269185));
#269188=IFCPOLYLOOP((#267284,#267286,#267128));
#269190=IFCFACEOUTERBOUND(#269188,.T.);
#269191=IFCFACE((#269190));
#269193=IFCPOLYLOOP((#267134,#267364,#267366));
#269195=IFCFACEOUTERBOUND(#269193,.T.);
#269196=IFCFACE((#269195));
#269198=IFCPOLYLOOP((#267480,#267496,#267258));
#269200=IFCFACEOUTERBOUND(#269198,.T.);
#269201=IFCFACE((#269200));
#269203=IFCPOLYLOOP((#267472,#267214,#267478));
#269205=IFCFACEOUTERBOUND(#269203,.T.);
#269206=IFCFACE((#269205));
#269208=IFCPOLYLOOP((#267456,#267460,#267140));
#269210=IFCFACEOUTERBOUND(#269208,.T.);
#269211=IFCFACE((#269210));
#269213=IFCPOLYLOOP((#267432,#267430,#267248));
#269215=IFCFACEOUTERBOUND(#269213,.T.);
#269216=IFCFACE((#269215));
#269218=IFCPOLYLOOP((#267200,#267084,#267226));
#269220=IFCFACEOUTERBOUND(#269218,.T.);
#269221=IFCFACE((#269220));
#269223=IFCPOLYLOOP((#267246,#267248,#267142));
#269225=IFCFACEOUTERBOUND(#269223,.T.);
#269226=IFCFACE((#269225));
#269228=IFCPOLYLOOP((#267438,#267434,#267146));
#269230=IFCFACEOUTERBOUND(#269228,.T.);
#269231=IFCFACE((#269230));
#269233=IFCPOLYLOOP((#267448,#267228,#267446));
#269235=IFCFACEOUTERBOUND(#269233,.T.);
#269236=IFCFACE((#269235));
#269238=IFCPOLYLOOP((#267252,#267086,#267254));
#269240=IFCFACEOUTERBOUND(#269238,.T.);
#269241=IFCFACE((#269240));
#269243=IFCPOLYLOOP((#267208,#267228,#267150));
#269245=IFCFACEOUTERBOUND(#269243,.T.);
#269246=IFCFACE((#269245));
#269248=IFCPOLYLOOP((#267488,#267450,#267226));
#269250=IFCFACEOUTERBOUND(#269248,.T.);
#269251=IFCFACE((#269250));
#269253=IFCPOLYLOOP((#267224,#267162,#267114));
#269255=IFCFACEOUTERBOUND(#269253,.T.);
#269256=IFCFACE((#269255));
#269258=IFCPOLYLOOP((#267484,#267296,#267290));
#269260=IFCFACEOUTERBOUND(#269258,.T.);
#269261=IFCFACE((#269260));
#269263=IFCPOLYLOOP((#267162,#267224,#267288));
#269265=IFCFACEOUTERBOUND(#269263,.T.);
#269266=IFCFACE((#269265));
#269268=IFCPOLYLOOP((#267220,#267168,#267122));
#269270=IFCFACEOUTERBOUND(#269268,.T.);
#269271=IFCFACE((#269270));
#269273=IFCPOLYLOOP((#267316,#267312,#267164));
#269275=IFCFACEOUTERBOUND(#269273,.T.);
#269276=IFCFACE((#269275));
#269278=IFCPOLYLOOP((#267168,#267220,#267278));
#269280=IFCFACEOUTERBOUND(#269278,.T.);
#269281=IFCFACE((#269280));
#269283=IFCPOLYLOOP((#267222,#267174,#267068));
#269285=IFCFACEOUTERBOUND(#269283,.T.);
#269286=IFCFACE((#269285));
#269288=IFCPOLYLOOP((#267282,#267304,#267170));
#269290=IFCFACEOUTERBOUND(#269288,.T.);
#269291=IFCFACE((#269290));
#269293=IFCPOLYLOOP((#267174,#267222,#267280));
#269295=IFCFACEOUTERBOUND(#269293,.T.);
#269296=IFCFACE((#269295));
#269298=IFCPOLYLOOP((#267216,#267180,#267098));
#269300=IFCFACEOUTERBOUND(#269298,.T.);
#269301=IFCFACE((#269300));
#269303=IFCPOLYLOOP((#267326,#267322,#267176));
#269305=IFCFACEOUTERBOUND(#269303,.T.);
#269306=IFCFACE((#269305));
#269308=IFCPOLYLOOP((#267180,#267216,#267268));
#269310=IFCFACEOUTERBOUND(#269308,.T.);
#269311=IFCFACE((#269310));
#269313=IFCPOLYLOOP((#267218,#267186,#267078));
#269315=IFCFACEOUTERBOUND(#269313,.T.);
#269316=IFCFACE((#269315));
#269318=IFCPOLYLOOP((#267272,#267300,#267182));
#269320=IFCFACEOUTERBOUND(#269318,.T.);
#269321=IFCFACE((#269320));
#269323=IFCPOLYLOOP((#267186,#267218,#267270));
#269325=IFCFACEOUTERBOUND(#269323,.T.);
#269326=IFCFACE((#269325));
#269328=IFCPOLYLOOP((#267210,#267192,#267090));
#269330=IFCFACEOUTERBOUND(#269328,.T.);
#269331=IFCFACE((#269330));
#269333=IFCPOLYLOOP((#267262,#267310,#267188));
#269335=IFCFACEOUTERBOUND(#269333,.T.);
#269336=IFCFACE((#269335));
#269338=IFCPOLYLOOP((#267192,#267210,#267260));
#269340=IFCFACEOUTERBOUND(#269338,.T.);
#269341=IFCFACE((#269340));
#269343=IFCPOLYLOOP((#267200,#267198,#267084));
#269345=IFCFACEOUTERBOUND(#269343,.T.);
#269346=IFCFACE((#269345));
#269348=IFCPOLYLOOP((#267244,#267308,#267194));
#269350=IFCFACEOUTERBOUND(#269348,.T.);
#269351=IFCFACE((#269350));
#269353=IFCPOLYLOOP((#267198,#267200,#267242));
#269355=IFCFACEOUTERBOUND(#269353,.T.);
#269356=IFCFACE((#269355));
#269358=IFCPOLYLOOP((#267242,#267396,#267194));
#269360=IFCFACEOUTERBOUND(#269358,.T.);
#269361=IFCFACE((#269360));
#269363=IFCPOLYLOOP((#267198,#267242,#267196));
#269365=IFCFACEOUTERBOUND(#269363,.T.);
#269366=IFCFACE((#269365));
#269368=IFCPOLYLOOP((#267208,#267206,#267152));
#269370=IFCFACEOUTERBOUND(#269368,.T.);
#269371=IFCFACE((#269370));
#269373=IFCPOLYLOOP((#267252,#267298,#267202));
#269375=IFCFACEOUTERBOUND(#269373,.T.);
#269376=IFCFACE((#269375));
#269378=IFCPOLYLOOP((#267206,#267208,#267250));
#269380=IFCFACEOUTERBOUND(#269378,.T.);
#269381=IFCFACE((#269380));
#269383=IFCPOLYLOOP((#267250,#267398,#267202));
#269385=IFCFACEOUTERBOUND(#269383,.T.);
#269386=IFCFACE((#269385));
#269388=IFCPOLYLOOP((#267206,#267250,#267204));
#269390=IFCFACEOUTERBOUND(#269388,.T.);
#269391=IFCFACE((#269390));
#269393=IFCPOLYLOOP((#267260,#267388,#267188));
#269395=IFCFACEOUTERBOUND(#269393,.T.);
#269396=IFCFACE((#269395));
#269398=IFCPOLYLOOP((#267192,#267260,#267190));
#269400=IFCFACEOUTERBOUND(#269398,.T.);
#269401=IFCFACE((#269400));
#269403=IFCPOLYLOOP((#267478,#267492,#267494));
#269405=IFCFACEOUTERBOUND(#269403,.T.);
#269406=IFCFACE((#269405));
#269408=IFCPOLYLOOP((#267468,#267138,#267470));
#269410=IFCFACEOUTERBOUND(#269408,.T.);
#269411=IFCFACE((#269410));
#269413=IFCPOLYLOOP((#267268,#267360,#267176));
#269415=IFCFACEOUTERBOUND(#269413,.T.);
#269416=IFCFACE((#269415));
#269418=IFCPOLYLOOP((#267180,#267268,#267178));
#269420=IFCFACEOUTERBOUND(#269418,.T.);
#269421=IFCFACE((#269420));
#269423=IFCPOLYLOOP((#267270,#267358,#267182));
#269425=IFCFACEOUTERBOUND(#269423,.T.);
#269426=IFCFACE((#269425));
#269428=IFCPOLYLOOP((#267186,#267270,#267184));
#269430=IFCFACEOUTERBOUND(#269428,.T.);
#269431=IFCFACE((#269430));
#269433=IFCPOLYLOOP((#267278,#267318,#267164));
#269435=IFCFACEOUTERBOUND(#269433,.T.);
#269436=IFCFACE((#269435));
#269438=IFCPOLYLOOP((#267168,#267278,#267166));
#269440=IFCFACEOUTERBOUND(#269438,.T.);
#269441=IFCFACE((#269440));
#269443=IFCPOLYLOOP((#267280,#267328,#267170));
#269445=IFCFACEOUTERBOUND(#269443,.T.);
#269446=IFCFACE((#269445));
#269448=IFCPOLYLOOP((#267174,#267280,#267172));
#269450=IFCFACEOUTERBOUND(#269448,.T.);
#269451=IFCFACE((#269450));
#269453=IFCPOLYLOOP((#267288,#267320,#267158));
#269455=IFCFACEOUTERBOUND(#269453,.T.);
#269456=IFCFACE((#269455));
#269458=IFCPOLYLOOP((#267162,#267288,#267160));
#269460=IFCFACEOUTERBOUND(#269458,.T.);
#269461=IFCFACE((#269460));
#269463=IFCPOLYLOOP((#267226,#267084,#267442));
#269465=IFCFACEOUTERBOUND(#269463,.T.);
#269466=IFCFACE((#269465));
#269468=IFCPOLYLOOP((#267226,#267442,#267444));
#269470=IFCFACEOUTERBOUND(#269468,.T.);
#269471=IFCFACE((#269470));
#269473=IFCPOLYLOOP((#267228,#267452,#267446));
#269475=IFCFACEOUTERBOUND(#269473,.T.);
#269476=IFCFACE((#269475));
#269478=IFCPOLYLOOP((#267488,#267226,#267444));
#269480=IFCFACEOUTERBOUND(#269478,.T.);
#269481=IFCFACE((#269480));
#269483=IFCPOLYLOOP((#267230,#267422,#267420));
#269485=IFCFACEOUTERBOUND(#269483,.T.);
#269486=IFCFACE((#269485));
#269488=IFCPOLYLOOP((#267420,#267092,#267418));
#269490=IFCFACEOUTERBOUND(#269488,.T.);
#269491=IFCFACE((#269490));
#269493=IFCPOLYLOOP((#267232,#267426,#267402));
#269495=IFCFACEOUTERBOUND(#269493,.T.);
#269496=IFCFACE((#269495));
#269498=IFCPOLYLOOP((#267400,#267402,#267102));
#269500=IFCFACEOUTERBOUND(#269498,.T.);
#269501=IFCFACE((#269500));
#269503=IFCPOLYLOOP((#267078,#267324,#267234));
#269505=IFCFACEOUTERBOUND(#269503,.T.);
#269506=IFCFACE((#269505));
#269508=IFCPOLYLOOP((#267322,#267178,#267268));
#269510=IFCFACEOUTERBOUND(#269508,.T.);
#269511=IFCFACE((#269510));
#269513=IFCPOLYLOOP((#267122,#267354,#267236));
#269515=IFCFACEOUTERBOUND(#269513,.T.);
#269516=IFCFACE((#269515));
#269518=IFCPOLYLOOP((#267352,#267124,#267350));
#269520=IFCFACEOUTERBOUND(#269518,.T.);
#269521=IFCFACE((#269520));
#269523=IFCPOLYLOOP((#267068,#267314,#267238));
#269525=IFCFACEOUTERBOUND(#269523,.T.);
#269526=IFCFACE((#269525));
#269528=IFCPOLYLOOP((#267312,#267166,#267278));
#269530=IFCFACEOUTERBOUND(#269528,.T.);
#269531=IFCFACE((#269530));
#269533=IFCPOLYLOOP((#267240,#267114,#267330));
#269535=IFCFACEOUTERBOUND(#269533,.T.);
#269536=IFCFACE((#269535));
#269538=IFCPOLYLOOP((#267332,#267334,#267118));
#269540=IFCFACEOUTERBOUND(#269538,.T.);
#269541=IFCFACE((#269540));
#269543=IFCPOLYLOOP((#267242,#267200,#267396));
#269545=IFCFACEOUTERBOUND(#269543,.T.);
#269546=IFCFACE((#269545));
#269548=IFCPOLYLOOP((#267246,#267144,#267248));
#269550=IFCFACEOUTERBOUND(#269548,.T.);
#269551=IFCFACE((#269550));
#269553=IFCPOLYLOOP((#267308,#267242,#267194));
#269555=IFCFACEOUTERBOUND(#269553,.T.);
#269556=IFCFACE((#269555));
#269558=IFCPOLYLOOP((#267308,#267390,#267196));
#269560=IFCFACEOUTERBOUND(#269558,.T.);
#269561=IFCFACE((#269560));
#269563=IFCPOLYLOOP((#267308,#267196,#267242));
#269565=IFCFACEOUTERBOUND(#269563,.T.);
#269566=IFCFACE((#269565));
#269568=IFCPOLYLOOP((#267248,#267440,#267432));
#269570=IFCFACEOUTERBOUND(#269568,.T.);
#269571=IFCFACE((#269570));
#269573=IFCPOLYLOOP((#267430,#267432,#267148));
#269575=IFCFACEOUTERBOUND(#269573,.T.);
#269576=IFCFACE((#269575));
#269578=IFCPOLYLOOP((#267250,#267208,#267398));
#269580=IFCFACEOUTERBOUND(#269578,.T.);
#269581=IFCFACE((#269580));
#269583=IFCPOLYLOOP((#267456,#267454,#267258));
#269585=IFCFACEOUTERBOUND(#269583,.T.);
#269586=IFCFACE((#269585));
#269588=IFCPOLYLOOP((#267298,#267250,#267202));
#269590=IFCFACEOUTERBOUND(#269588,.T.);
#269591=IFCFACE((#269590));
#269593=IFCPOLYLOOP((#267298,#267428,#267204));
#269595=IFCFACEOUTERBOUND(#269593,.T.);
#269596=IFCFACE((#269595));
#269598=IFCPOLYLOOP((#267298,#267204,#267250));
#269600=IFCFACEOUTERBOUND(#269598,.T.);
#269601=IFCFACE((#269600));
#269603=IFCPOLYLOOP((#267460,#267256,#267458));
#269605=IFCFACEOUTERBOUND(#269603,.T.);
#269606=IFCFACE((#269605));
#269608=IFCPOLYLOOP((#267254,#267258,#267056));
#269610=IFCFACEOUTERBOUND(#269608,.T.);
#269611=IFCFACE((#269610));
#269613=IFCPOLYLOOP((#267454,#267456,#267140));
#269615=IFCFACEOUTERBOUND(#269613,.T.);
#269616=IFCFACE((#269615));
#269618=IFCPOLYLOOP((#267260,#267210,#267388));
#269620=IFCFACEOUTERBOUND(#269618,.T.);
#269621=IFCFACE((#269620));
#269623=IFCPOLYLOOP((#267264,#267082,#267266));
#269625=IFCFACEOUTERBOUND(#269623,.T.);
#269626=IFCFACE((#269625));
#269628=IFCPOLYLOOP((#267310,#267260,#267188));
#269630=IFCFACEOUTERBOUND(#269628,.T.);
#269631=IFCFACE((#269630));
#269633=IFCPOLYLOOP((#267310,#267392,#267190));
#269635=IFCFACEOUTERBOUND(#269633,.T.);
#269636=IFCFACE((#269635));
#269638=IFCPOLYLOOP((#267310,#267190,#267260));
#269640=IFCFACEOUTERBOUND(#269638,.T.);
#269641=IFCFACE((#269640));
#269643=IFCPOLYLOOP((#267082,#267436,#267266));
#269645=IFCFACEOUTERBOUND(#269643,.T.);
#269646=IFCFACE((#269645));
#269648=IFCPOLYLOOP((#267434,#267148,#267432));
#269650=IFCFACEOUTERBOUND(#269648,.T.);
#269651=IFCFACE((#269650));
#269653=IFCPOLYLOOP((#267268,#267216,#267360));
#269655=IFCFACEOUTERBOUND(#269653,.T.);
#269656=IFCFACE((#269655));
#269658=IFCPOLYLOOP((#267322,#267326,#267234));
#269660=IFCFACEOUTERBOUND(#269658,.T.);
#269661=IFCFACE((#269660));
#269663=IFCPOLYLOOP((#267270,#267218,#267358));
#269665=IFCFACEOUTERBOUND(#269663,.T.);
#269666=IFCFACE((#269665));
#269668=IFCPOLYLOOP((#267274,#267106,#267276));
#269670=IFCFACEOUTERBOUND(#269668,.T.);
#269671=IFCFACE((#269670));
#269673=IFCPOLYLOOP((#267274,#267300,#267272));
#269675=IFCFACEOUTERBOUND(#269673,.T.);
#269676=IFCFACE((#269675));
#269678=IFCPOLYLOOP((#267274,#267302,#267300));
#269680=IFCFACEOUTERBOUND(#269678,.T.);
#269681=IFCFACE((#269680));
#269683=IFCPOLYLOOP((#267270,#267300,#267184));
#269685=IFCFACEOUTERBOUND(#269683,.T.);
#269686=IFCFACE((#269685));
#269688=IFCPOLYLOOP((#267382,#267394,#267108));
#269690=IFCFACEOUTERBOUND(#269688,.T.);
#269691=IFCFACE((#269690));
#269693=IFCPOLYLOOP((#267108,#267380,#267382));
#269695=IFCFACEOUTERBOUND(#269693,.T.);
#269696=IFCFACE((#269695));
#269698=IFCPOLYLOOP((#267278,#267220,#267318));
#269700=IFCFACEOUTERBOUND(#269698,.T.);
#269701=IFCFACE((#269700));
#269703=IFCPOLYLOOP((#267312,#267316,#267238));
#269705=IFCFACEOUTERBOUND(#269703,.T.);
#269706=IFCFACE((#269705));
#269708=IFCPOLYLOOP((#267280,#267222,#267328));
#269710=IFCFACEOUTERBOUND(#269708,.T.);
#269711=IFCFACE((#269710));
#269713=IFCPOLYLOOP((#267284,#267130,#267286));
#269715=IFCFACEOUTERBOUND(#269713,.T.);
#269716=IFCFACE((#269715));
#269718=IFCPOLYLOOP((#267284,#267304,#267282));
#269720=IFCFACEOUTERBOUND(#269718,.T.);
#269721=IFCFACE((#269720));
#269723=IFCPOLYLOOP((#267284,#267306,#267304));
#269725=IFCFACEOUTERBOUND(#269723,.T.);
#269726=IFCFACE((#269725));
#269728=IFCPOLYLOOP((#267280,#267304,#267172));
#269730=IFCFACEOUTERBOUND(#269728,.T.);
#269731=IFCFACE((#269730));
#269733=IFCPOLYLOOP((#267286,#267130,#267362));
#269735=IFCFACEOUTERBOUND(#269733,.T.);
#269736=IFCFACE((#269735));
#269738=IFCPOLYLOOP((#267286,#267362,#267364));
#269740=IFCFACEOUTERBOUND(#269738,.T.);
#269741=IFCFACE((#269740));
#269743=IFCPOLYLOOP((#267288,#267224,#267320));
#269745=IFCFACEOUTERBOUND(#269743,.T.);
#269746=IFCFACE((#269745));
#269748=IFCPOLYLOOP((#267294,#267296,#267484));
#269750=IFCFACEOUTERBOUND(#269748,.T.);
#269751=IFCFACE((#269750));
#269753=IFCPOLYLOOP((#267290,#267296,#267158));
#269755=IFCFACEOUTERBOUND(#269753,.T.);
#269756=IFCFACE((#269755));
#269758=IFCPOLYLOOP((#266610,#267292,#267484));
#269760=IFCFACEOUTERBOUND(#269758,.T.);
#269761=IFCFACE((#269760));
#269763=IFCPOLYLOOP((#267292,#266608,#267294));
#269765=IFCFACEOUTERBOUND(#269763,.T.);
#269766=IFCFACE((#269765));
#269768=IFCPOLYLOOP((#267158,#267296,#267288));
#269770=IFCFACEOUTERBOUND(#269768,.T.);
#269771=IFCFACE((#269770));
#269773=IFCPOLYLOOP((#267294,#267160,#267296));
#269775=IFCFACEOUTERBOUND(#269773,.T.);
#269776=IFCFACE((#269775));
#269778=IFCPOLYLOOP((#267252,#267254,#267298));
#269780=IFCFACEOUTERBOUND(#269778,.T.);
#269781=IFCFACE((#269780));
#269783=IFCPOLYLOOP((#267254,#267428,#267298));
#269785=IFCFACEOUTERBOUND(#269783,.T.);
#269786=IFCFACE((#269785));
#269788=IFCPOLYLOOP((#267300,#267270,#267182));
#269790=IFCFACEOUTERBOUND(#269788,.T.);
#269791=IFCFACE((#269790));
#269793=IFCPOLYLOOP((#267304,#267280,#267170));
#269795=IFCFACEOUTERBOUND(#269793,.T.);
#269796=IFCFACE((#269795));
#269798=IFCPOLYLOOP((#267302,#267274,#267104));
#269800=IFCFACEOUTERBOUND(#269798,.T.);
#269801=IFCFACE((#269800));
#269803=IFCPOLYLOOP((#267302,#267184,#267300));
#269805=IFCFACEOUTERBOUND(#269803,.T.);
#269806=IFCFACE((#269805));
#269808=IFCPOLYLOOP((#267244,#267246,#267308));
#269810=IFCFACEOUTERBOUND(#269808,.T.);
#269811=IFCFACE((#269810));
#269813=IFCPOLYLOOP((#267306,#267284,#267128));
#269815=IFCFACEOUTERBOUND(#269813,.T.);
#269816=IFCFACE((#269815));
#269818=IFCPOLYLOOP((#267306,#267172,#267304));
#269820=IFCFACEOUTERBOUND(#269818,.T.);
#269821=IFCFACE((#269820));
#269823=IFCPOLYLOOP((#267246,#267390,#267308));
#269825=IFCFACEOUTERBOUND(#269823,.T.);
#269826=IFCFACE((#269825));
#269828=IFCPOLYLOOP((#267262,#267264,#267310));
#269830=IFCFACEOUTERBOUND(#269828,.T.);
#269831=IFCFACE((#269830));
#269833=IFCPOLYLOOP((#267264,#267392,#267310));
#269835=IFCFACEOUTERBOUND(#269833,.T.);
#269836=IFCFACE((#269835));
#269838=IFCPOLYLOOP((#267164,#267312,#267278));
#269840=IFCFACEOUTERBOUND(#269838,.T.);
#269841=IFCFACE((#269840));
#269843=IFCPOLYLOOP((#267238,#267314,#267312));
#269845=IFCFACEOUTERBOUND(#269843,.T.);
#269846=IFCFACE((#269845));
#269848=IFCPOLYLOOP((#267220,#267120,#267318));
#269850=IFCFACEOUTERBOUND(#269848,.T.);
#269851=IFCFACE((#269850));
#269853=IFCPOLYLOOP((#267166,#267312,#267314));
#269855=IFCFACEOUTERBOUND(#269853,.T.);
#269856=IFCFACE((#269855));
#269858=IFCPOLYLOOP((#267074,#267238,#267316));
#269860=IFCFACEOUTERBOUND(#269858,.T.);
#269861=IFCFACE((#269860));
#269863=IFCPOLYLOOP((#267224,#267112,#267320));
#269865=IFCFACEOUTERBOUND(#269863,.T.);
#269866=IFCFACE((#269865));
#269868=IFCPOLYLOOP((#267176,#267322,#267268));
#269870=IFCFACEOUTERBOUND(#269868,.T.);
#269871=IFCFACE((#269870));
#269873=IFCPOLYLOOP((#267234,#267324,#267322));
#269875=IFCFACEOUTERBOUND(#269873,.T.);
#269876=IFCFACE((#269875));
#269878=IFCPOLYLOOP((#267222,#267074,#267328));
#269880=IFCFACEOUTERBOUND(#269878,.T.);
#269881=IFCFACE((#269880));
#269883=IFCPOLYLOOP((#267178,#267322,#267324));
#269885=IFCFACEOUTERBOUND(#269883,.T.);
#269886=IFCFACE((#269885));
#269888=IFCPOLYLOOP((#267064,#267234,#267326));
#269890=IFCFACEOUTERBOUND(#269888,.T.);
#269891=IFCFACE((#269890));
#269893=IFCPOLYLOOP((#267330,#267334,#267240));
#269895=IFCFACEOUTERBOUND(#269893,.T.);
#269896=IFCFACE((#269895));
#269898=IFCPOLYLOOP((#267334,#267330,#267116));
#269900=IFCFACEOUTERBOUND(#269898,.T.);
#269901=IFCFACE((#269900));
#269903=IFCPOLYLOOP((#267332,#267112,#267240));
#269905=IFCFACEOUTERBOUND(#269903,.T.);
#269906=IFCFACE((#269905));
#269908=IFCPOLYLOOP((#267340,#267342,#267070));
#269910=IFCFACEOUTERBOUND(#269908,.T.);
#269911=IFCFACE((#269910));
#269913=IFCPOLYLOOP((#267338,#267334,#267116));
#269915=IFCFACEOUTERBOUND(#269913,.T.);
#269916=IFCFACE((#269915));
#269918=IFCPOLYLOOP((#267342,#267336,#267072));
#269920=IFCFACEOUTERBOUND(#269918,.T.);
#269921=IFCFACE((#269920));
#269923=IFCPOLYLOOP((#267342,#267340,#267338));
#269925=IFCFACEOUTERBOUND(#269923,.T.);
#269926=IFCFACE((#269925));
#269928=IFCPOLYLOOP((#267336,#267342,#267338));
#269930=IFCFACEOUTERBOUND(#269928,.T.);
#269931=IFCFACE((#269930));
#269933=IFCPOLYLOOP((#267340,#267118,#267338));
#269935=IFCFACEOUTERBOUND(#269933,.T.);
#269936=IFCFACE((#269935));
#269938=IFCPOLYLOOP((#267348,#267350,#267124));
#269940=IFCFACEOUTERBOUND(#269938,.T.);
#269941=IFCFACE((#269940));
#269943=IFCPOLYLOOP((#267346,#267342,#267072));
#269945=IFCFACEOUTERBOUND(#269943,.T.);
#269946=IFCFACE((#269945));
#269948=IFCPOLYLOOP((#267350,#267344,#267126));
#269950=IFCFACEOUTERBOUND(#269948,.T.);
#269951=IFCFACE((#269950));
#269953=IFCPOLYLOOP((#267350,#267348,#267346));
#269955=IFCFACEOUTERBOUND(#269953,.T.);
#269956=IFCFACE((#269955));
#269958=IFCPOLYLOOP((#267344,#267350,#267346));
#269960=IFCFACEOUTERBOUND(#269958,.T.);
#269961=IFCFACE((#269960));
#269963=IFCPOLYLOOP((#267348,#267070,#267346));
#269965=IFCFACEOUTERBOUND(#269963,.T.);
#269966=IFCFACE((#269965));
#269968=IFCPOLYLOOP((#267352,#267356,#267236));
#269970=IFCFACEOUTERBOUND(#269968,.T.);
#269971=IFCFACE((#269970));
#269973=IFCPOLYLOOP((#267126,#267352,#267350));
#269975=IFCFACEOUTERBOUND(#269973,.T.);
#269976=IFCFACE((#269975));
#269978=IFCPOLYLOOP((#267236,#267354,#267352));
#269980=IFCFACEOUTERBOUND(#269978,.T.);
#269981=IFCFACE((#269980));
#269983=IFCPOLYLOOP((#267218,#267064,#267358));
#269985=IFCFACEOUTERBOUND(#269983,.T.);
#269986=IFCFACE((#269985));
#269988=IFCPOLYLOOP((#267124,#267352,#267354));
#269990=IFCFACEOUTERBOUND(#269988,.T.);
#269991=IFCFACE((#269990));
#269993=IFCPOLYLOOP((#267120,#267236,#267356));
#269995=IFCFACEOUTERBOUND(#269993,.T.);
#269996=IFCFACE((#269995));
#269998=IFCPOLYLOOP((#267216,#267096,#267360));
#270000=IFCFACEOUTERBOUND(#269998,.T.);
#270001=IFCFACE((#270000));
#270003=IFCPOLYLOOP((#267366,#267364,#267132));
#270005=IFCFACEOUTERBOUND(#270003,.T.);
#270006=IFCFACE((#270005));
#270008=IFCPOLYLOOP((#267364,#267362,#267132));
#270010=IFCFACEOUTERBOUND(#270008,.T.);
#270011=IFCFACE((#270010));
#270013=IFCPOLYLOOP((#267364,#267368,#267286));
#270015=IFCFACEOUTERBOUND(#270013,.T.);
#270016=IFCFACE((#270015));
#270018=IFCPOLYLOOP((#267366,#267132,#267370));
#270020=IFCFACEOUTERBOUND(#270018,.T.);
#270021=IFCFACE((#270020));
#270023=IFCPOLYLOOP((#267366,#267370,#267372));
#270025=IFCFACEOUTERBOUND(#270023,.T.);
#270026=IFCFACE((#270025));
#270028=IFCPOLYLOOP((#267374,#267372,#267076));
#270030=IFCFACEOUTERBOUND(#270028,.T.);
#270031=IFCFACE((#270030));
#270033=IFCPOLYLOOP((#267128,#267286,#267368));
#270035=IFCFACEOUTERBOUND(#270033,.T.);
#270036=IFCFACE((#270035));
#270038=IFCPOLYLOOP((#267372,#267370,#267076));
#270040=IFCFACEOUTERBOUND(#270038,.T.);
#270041=IFCFACE((#270040));
#270043=IFCPOLYLOOP((#267372,#267376,#267366));
#270045=IFCFACEOUTERBOUND(#270043,.T.);
#270046=IFCFACE((#270045));
#270048=IFCPOLYLOOP((#267374,#267076,#267378));
#270050=IFCFACEOUTERBOUND(#270048,.T.);
#270051=IFCFACE((#270050));
#270053=IFCPOLYLOOP((#267374,#267378,#267380));
#270055=IFCFACEOUTERBOUND(#270053,.T.);
#270056=IFCFACE((#270055));
#270058=IFCPOLYLOOP((#267382,#267380,#267110));
#270060=IFCFACEOUTERBOUND(#270058,.T.);
#270061=IFCFACE((#270060));
#270063=IFCPOLYLOOP((#267134,#267366,#267376));
#270065=IFCFACEOUTERBOUND(#270063,.T.);
#270066=IFCFACE((#270065));
#270068=IFCPOLYLOOP((#267380,#267378,#267110));
#270070=IFCFACEOUTERBOUND(#270068,.T.);
#270071=IFCFACE((#270070));
#270073=IFCPOLYLOOP((#267380,#267386,#267374));
#270075=IFCFACEOUTERBOUND(#270073,.T.);
#270076=IFCFACE((#270075));
#270078=IFCPOLYLOOP((#267384,#267104,#267276));
#270080=IFCFACEOUTERBOUND(#270078,.T.);
#270081=IFCFACE((#270080));
#270083=IFCPOLYLOOP((#267276,#267394,#267382));
#270085=IFCFACEOUTERBOUND(#270083,.T.);
#270086=IFCFACE((#270085));
#270088=IFCPOLYLOOP((#267382,#267110,#267384));
#270090=IFCFACEOUTERBOUND(#270088,.T.);
#270091=IFCFACE((#270090));
#270093=IFCPOLYLOOP((#267210,#267088,#267388));
#270095=IFCFACEOUTERBOUND(#270093,.T.);
#270096=IFCFACE((#270095));
#270098=IFCPOLYLOOP((#267066,#267374,#267386));
#270100=IFCFACEOUTERBOUND(#270098,.T.);
#270101=IFCFACE((#270100));
#270103=IFCPOLYLOOP((#267246,#267142,#267390));
#270105=IFCFACEOUTERBOUND(#270103,.T.);
#270106=IFCFACE((#270105));
#270108=IFCPOLYLOOP((#267264,#267060,#267392));
#270110=IFCFACEOUTERBOUND(#270108,.T.);
#270111=IFCFACE((#270110));
#270113=IFCPOLYLOOP((#267276,#267106,#267394));
#270115=IFCFACEOUTERBOUND(#270113,.T.);
#270116=IFCFACE((#270115));
#270118=IFCPOLYLOOP((#267200,#267058,#267396));
#270120=IFCFACEOUTERBOUND(#270118,.T.);
#270121=IFCFACE((#270120));
#270123=IFCPOLYLOOP((#267208,#267150,#267398));
#270125=IFCFACEOUTERBOUND(#270123,.T.);
#270126=IFCFACE((#270125));
#270128=IFCPOLYLOOP((#267232,#267098,#267426));
#270130=IFCFACEOUTERBOUND(#270128,.T.);
#270131=IFCFACE((#270130));
#270133=IFCPOLYLOOP((#267400,#267096,#267232));
#270135=IFCFACEOUTERBOUND(#270133,.T.);
#270136=IFCFACE((#270135));
#270138=IFCPOLYLOOP((#267408,#267410,#267062));
#270140=IFCFACEOUTERBOUND(#270138,.T.);
#270141=IFCFACE((#270140));
#270143=IFCPOLYLOOP((#267406,#267402,#267100));
#270145=IFCFACEOUTERBOUND(#270143,.T.);
#270146=IFCFACE((#270145));
#270148=IFCPOLYLOOP((#267410,#267404,#267080));
#270150=IFCFACEOUTERBOUND(#270148,.T.);
#270151=IFCFACE((#270150));
#270153=IFCPOLYLOOP((#267410,#267408,#267406));
#270155=IFCFACEOUTERBOUND(#270153,.T.);
#270156=IFCFACE((#270155));
#270158=IFCPOLYLOOP((#267404,#267410,#267406));
#270160=IFCFACEOUTERBOUND(#270158,.T.);
#270161=IFCFACE((#270160));
#270163=IFCPOLYLOOP((#267408,#267102,#267406));
#270165=IFCFACEOUTERBOUND(#270163,.T.);
#270166=IFCFACE((#270165));
#270168=IFCPOLYLOOP((#267416,#267418,#267092));
#270170=IFCFACEOUTERBOUND(#270168,.T.);
#270171=IFCFACE((#270170));
#270173=IFCPOLYLOOP((#267414,#267410,#267080));
#270175=IFCFACEOUTERBOUND(#270173,.T.);
#270176=IFCFACE((#270175));
#270178=IFCPOLYLOOP((#267418,#267412,#267094));
#270180=IFCFACEOUTERBOUND(#270178,.T.);
#270181=IFCFACE((#270180));
#270183=IFCPOLYLOOP((#267418,#267416,#267414));
#270185=IFCFACEOUTERBOUND(#270183,.T.);
#270186=IFCFACE((#270185));
#270188=IFCPOLYLOOP((#267412,#267418,#267414));
#270190=IFCFACEOUTERBOUND(#270188,.T.);
#270191=IFCFACE((#270190));
#270193=IFCPOLYLOOP((#267416,#267062,#267414));
#270195=IFCFACEOUTERBOUND(#270193,.T.);
#270196=IFCFACE((#270195));
#270198=IFCPOLYLOOP((#267420,#267424,#267230));
#270200=IFCFACEOUTERBOUND(#270198,.T.);
#270201=IFCFACE((#270200));
#270203=IFCPOLYLOOP((#267094,#267420,#267418));
#270205=IFCFACEOUTERBOUND(#270203,.T.);
#270206=IFCFACE((#270205));
#270208=IFCPOLYLOOP((#267254,#267056,#267428));
#270210=IFCFACEOUTERBOUND(#270208,.T.);
#270211=IFCFACE((#270210));
#270213=IFCPOLYLOOP((#267422,#267230,#267090));
#270215=IFCFACEOUTERBOUND(#270213,.T.);
#270216=IFCFACE((#270215));
#270218=IFCPOLYLOOP((#267422,#267092,#267420));
#270220=IFCFACEOUTERBOUND(#270218,.T.);
#270221=IFCFACE((#270220));
#270223=IFCPOLYLOOP((#267088,#267230,#267424));
#270225=IFCFACEOUTERBOUND(#270223,.T.);
#270226=IFCFACE((#270225));
#270228=IFCPOLYLOOP((#267100,#267402,#267426));
#270230=IFCFACEOUTERBOUND(#270228,.T.);
#270231=IFCFACE((#270230));
#270233=IFCPOLYLOOP((#267248,#267144,#267440));
#270235=IFCFACEOUTERBOUND(#270233,.T.);
#270236=IFCFACE((#270235));
#270238=IFCPOLYLOOP((#267430,#267142,#267248));
#270240=IFCFACEOUTERBOUND(#270238,.T.);
#270241=IFCFACE((#270240));
#270243=IFCPOLYLOOP((#267434,#267438,#267266));
#270245=IFCFACEOUTERBOUND(#270243,.T.);
#270246=IFCFACE((#270245));
#270248=IFCPOLYLOOP((#267146,#267434,#267432));
#270250=IFCFACEOUTERBOUND(#270248,.T.);
#270251=IFCFACE((#270250));
#270253=IFCPOLYLOOP((#267266,#267436,#267434));
#270255=IFCFACEOUTERBOUND(#270253,.T.);
#270256=IFCFACE((#270255));
#270258=IFCPOLYLOOP((#267446,#267444,#267156));
#270260=IFCFACEOUTERBOUND(#270258,.T.);
#270261=IFCFACE((#270260));
#270263=IFCPOLYLOOP((#267148,#267434,#267436));
#270265=IFCFACEOUTERBOUND(#270263,.T.);
#270266=IFCFACE((#270265));
#270268=IFCPOLYLOOP((#267060,#267266,#267438));
#270270=IFCFACEOUTERBOUND(#270268,.T.);
#270271=IFCFACE((#270270));
#270273=IFCPOLYLOOP((#267146,#267432,#267440));
#270275=IFCFACEOUTERBOUND(#270273,.T.);
#270276=IFCFACE((#270275));
#270278=IFCPOLYLOOP((#267444,#267442,#267156));
#270280=IFCFACEOUTERBOUND(#270278,.T.);
#270281=IFCFACE((#270280));
#270283=IFCPOLYLOOP((#267446,#267488,#267444));
#270285=IFCFACEOUTERBOUND(#270283,.T.);
#270286=IFCFACE((#270285));
#270288=IFCPOLYLOOP((#267448,#267150,#267228));
#270290=IFCFACEOUTERBOUND(#270288,.T.);
#270291=IFCFACE((#270290));
#270293=IFCPOLYLOOP((#267228,#267152,#267452));
#270295=IFCFACEOUTERBOUND(#270293,.T.);
#270296=IFCFACE((#270295));
#270298=IFCPOLYLOOP((#267446,#267156,#267448));
#270300=IFCFACEOUTERBOUND(#270298,.T.);
#270301=IFCFACE((#270300));
#270303=IFCPOLYLOOP((#267258,#267086,#267480));
#270305=IFCFACEOUTERBOUND(#270303,.T.);
#270306=IFCFACE((#270305));
#270308=IFCPOLYLOOP((#267226,#267450,#267486,#267058));
#270310=IFCFACEOUTERBOUND(#270308,.T.);
#270311=IFCFACE((#270310));
#270313=IFCPOLYLOOP((#267154,#267446,#267452));
#270315=IFCFACEOUTERBOUND(#270313,.T.);
#270316=IFCFACE((#270315));
#270318=IFCPOLYLOOP((#267454,#267056,#267258));
#270320=IFCFACEOUTERBOUND(#270318,.T.);
#270321=IFCFACE((#270320));
#270323=IFCPOLYLOOP((#267462,#267464,#267138));
#270325=IFCFACEOUTERBOUND(#270323,.T.);
#270326=IFCFACE((#270325));
#270328=IFCPOLYLOOP((#267456,#267496,#267460));
#270330=IFCFACEOUTERBOUND(#270328,.T.);
#270331=IFCFACE((#270330));
#270333=IFCPOLYLOOP((#267490,#267136,#267464));
#270335=IFCFACEOUTERBOUND(#270333,.T.);
#270336=IFCFACE((#270335));
#270338=IFCPOLYLOOP((#267464,#267462,#267460));
#270340=IFCFACEOUTERBOUND(#270338,.T.);
#270341=IFCFACE((#270340));
#270343=IFCPOLYLOOP((#267490,#267464,#267460));
#270345=IFCFACEOUTERBOUND(#270343,.T.);
#270346=IFCFACE((#270345));
#270348=IFCPOLYLOOP((#267462,#267140,#267460));
#270350=IFCFACEOUTERBOUND(#270348,.T.);
#270351=IFCFACE((#270350));
#270353=IFCPOLYLOOP((#267136,#267470,#267464));
#270355=IFCFACEOUTERBOUND(#270353,.T.);
#270356=IFCFACE((#270355));
#270358=IFCPOLYLOOP((#267136,#267466,#267470));
#270360=IFCFACEOUTERBOUND(#270358,.T.);
#270361=IFCFACE((#270360));
#270363=IFCPOLYLOOP((#267472,#267468,#267470));
#270365=IFCFACEOUTERBOUND(#270363,.T.);
#270366=IFCFACE((#270365));
#270368=IFCPOLYLOOP((#267464,#267470,#267138));
#270370=IFCFACEOUTERBOUND(#270368,.T.);
#270371=IFCFACE((#270370));
#270373=IFCPOLYLOOP((#267472,#267466,#267214));
#270375=IFCFACEOUTERBOUND(#270373,.T.);
#270376=IFCFACE((#270375));
#270378=IFCPOLYLOOP((#267466,#267472,#267470));
#270380=IFCFACEOUTERBOUND(#270378,.T.);
#270381=IFCFACE((#270380));
#270383=IFCPOLYLOOP((#267214,#267474,#267478));
#270385=IFCFACEOUTERBOUND(#270383,.T.);
#270386=IFCFACE((#270385));
#270388=IFCPOLYLOOP((#267478,#267212,#267472));
#270390=IFCFACEOUTERBOUND(#270388,.T.);
#270391=IFCFACE((#270390));
#270393=IFCPOLYLOOP((#266606,#267476,#267492));
#270395=IFCFACEOUTERBOUND(#270393,.T.);
#270396=IFCFACE((#270395));
#270398=IFCPOLYLOOP((#267474,#267492,#267478));
#270400=IFCFACEOUTERBOUND(#270398,.T.);
#270401=IFCFACE((#270400));
#270403=IFCPOLYLOOP((#266610,#267484,#267290));
#270405=IFCFACEOUTERBOUND(#270403,.T.);
#270406=IFCFACE((#270405));
#270408=IFCPOLYLOOP((#267494,#266604,#267482));
#270410=IFCFACEOUTERBOUND(#270408,.T.);
#270411=IFCFACE((#270410));
#270413=IFCPOLYLOOP((#267256,#267496,#267480));
#270415=IFCFACEOUTERBOUND(#270413,.T.);
#270416=IFCFACE((#270415));
#270418=IFCPOLYLOOP((#267482,#267212,#267478));
#270420=IFCFACEOUTERBOUND(#270418,.T.);
#270421=IFCFACE((#270420));
#270423=IFCPOLYLOOP((#267294,#267484,#267292));
#270425=IFCFACEOUTERBOUND(#270423,.T.);
#270426=IFCFACE((#270425));
#270428=IFCPOLYLOOP((#267226,#267058,#267200));
#270430=IFCFACEOUTERBOUND(#270428,.T.);
#270431=IFCFACE((#270430));
#270433=IFCPOLYLOOP((#267450,#267488,#267154));
#270435=IFCFACEOUTERBOUND(#270433,.T.);
#270436=IFCFACE((#270435));
#270438=IFCPOLYLOOP((#267460,#267458,#267490));
#270440=IFCFACEOUTERBOUND(#270438,.T.);
#270441=IFCFACE((#270440));
#270443=IFCPOLYLOOP((#267136,#267490,#267458));
#270445=IFCFACEOUTERBOUND(#270443,.T.);
#270446=IFCFACE((#270445));
#270448=IFCPOLYLOOP((#266606,#267492,#267474));
#270450=IFCFACEOUTERBOUND(#270448,.T.);
#270451=IFCFACE((#270450));
#270453=IFCPOLYLOOP((#267494,#267492,#267476));
#270455=IFCFACEOUTERBOUND(#270453,.T.);
#270456=IFCFACE((#270455));
#270458=IFCPOLYLOOP((#266604,#267494,#267476));
#270460=IFCFACEOUTERBOUND(#270458,.T.);
#270461=IFCFACE((#270460));
#270463=IFCPOLYLOOP((#267478,#267494,#267482));
#270465=IFCFACEOUTERBOUND(#270463,.T.);
#270466=IFCFACE((#270465));
#270468=IFCPOLYLOOP((#267460,#267496,#267256));
#270470=IFCFACEOUTERBOUND(#270468,.T.);
#270471=IFCFACE((#270470));
#270473=IFCPOLYLOOP((#267258,#267496,#267456));
#270475=IFCFACEOUTERBOUND(#270473,.T.);
#270476=IFCFACE((#270475));
#270478=IFCPOLYLOOP((#266614,#266890,#266692,#266880,#266690,#266874,#266718,#266862,#266630,#266836,#266676,#266904,#266674,#266898,#266724,#266860,#266628,#266858,#266730,#266872,#266680,#266828,#266686,#266934,#266626,#266932,#266742,#266896,#266664,#266868,#266670,#266842,#266624,#266740,#266738,#266986,#266656,#266946,#266662,#266954,#266622,#266962,#266652,#266970,#266650,#266982,#266748,#266938,#266620,#266916,#266754,#266936,#266702,#266804,#266708,#266910,#266618,#266766,#266764,#267044,#267040,#266710,#266992,#266716,#267000,#266616,#267008,#266772,#267016,#266696,#267026,#267024,#267034,#266600,#266606,#267474,#267214,#267466,#267136,#267458,#267256,#267480,#267086,#267252,#267202,#267398,#267150,#267448,#267156,#267442,#267084,#267198,#267196,#267390,#267142,#267430,#267148,#267436,#267082,#267262,#267188,#267388,#267088,#267424,#267094,#267412,#267080,#267404,#267100,#267426,#267098,#267180,#267178,#267324,#267078,#267186,#267184,#267302,#267104,#267384,#267110,#267378,#267076,#267370,#267132,#267362,#267130,#267282,#267170,#267328,#267074,#267316,#267164,#267318,#267120,#267356,#267126,#267344,#267072,#267336,#267116,#267330,#267114,#267162,#267160,#267294,#266608));
#270480=IFCFACEOUTERBOUND(#270478,.T.);
#270481=IFCFACE((#270480));
#270483=IFCPOLYLOOP((#266636,#266924,#266684,#266846,#266682,#266734,#266732,#266856,#266634,#266728,#266726,#266908,#266672,#266906,#266678,#266870,#266632,#266722,#266720,#266894,#266688,#266878,#266694,#266886,#266612,#266610,#267290,#267158,#267320,#267112,#267332,#267118,#267340,#267070,#267348,#267124,#267354,#267122,#267168,#267166,#267314,#267068,#267174,#267172,#267306,#267128,#267368,#267134,#267376,#267066,#267386,#267108,#267394,#267106,#267272,#267182,#267358,#267064,#267326,#267176,#267360,#267096,#267400,#267102,#267408,#267062,#267416,#267092,#267422,#267090,#267192,#267190,#267392,#267060,#267438,#267146,#267440,#267144,#267244,#267194,#267396,#267058,#267486,#267450,#267154,#267452,#267152,#267206,#267204,#267428,#267056,#267454,#267140,#267462,#267138,#267468,#267212,#267482,#266604,#266602,#267042,#266700,#267028,#266698,#267020,#266774,#267012,#266646,#267004,#266714,#266996,#266712,#266988,#266762,#266940,#266644,#266920,#266706,#266984,#266704,#266758,#266756,#266914,#266642,#266752,#266750,#266980,#266648,#266974,#266654,#266966,#266640,#266958,#266660,#266950,#266658,#266942,#266736,#266922,#266638,#266816,#266668,#266866,#266666,#266746,#266744,#266930));
#270485=IFCFACEOUTERBOUND(#270483,.T.);
#270486=IFCFACE((#270485));
#270488=IFCCLOSEDSHELL((#267501,#267506,#267511,#267516,#267521,#267526,#267531,#267536,#267541,#267546,#267551,#267556,#267561,#267566,#267571,#267576,#267581,#267586,#267591,#267596,#267601,#267606,#267611,#267616,#267621,#267626,#267631,#267636,#267641,#267646,#267651,#267656,#267661,#267666,#267671,#267676,#267681,#267686,#267691,#267696,#267701,#267706,#267711,#267716,#267721,#267726,#267731,#267736,#267741,#267746,#267751,#267756,#267761,#267766,#267771,#267776,#267781,#267786,#267791,#267796,#267801,#267806,#267811,#267816,#267821,#267826,#267831,#267836,#267841,#267846,#267851,#267856,#267861,#267866,#267871,#267876,#267881,#267886,#267891,#267896,#267901,#267906,#267911,#267916,#267921,#267926,#267931,#267936,#267941,#267946,#267951,#267956,#267961,#267966,#267971,#267976,#267981,#267986,#267991,#267996,#268001,#268006,#268011,#268016,#268021,#268026,#268031,#268036,#268041,#268046,#268051,#268056,#268061,#268066,#268071,#268076,#268081,#268086,#268091,#268096,#268101,#268106,#268111,#268116,#268121,#268126,#268131,#268136,#268141,#268146,#268151,#268156,#268161,#268166,#268171,#268176,#268181,#268186,#268191,#268196,#268201,#268206,#268211,#268216,#268221,#268226,#268231,#268236,#268241,#268246,#268251,#268256,#268261,#268266,#268271,#268276,#268281,#268286,#268291,#268296,#268301,#268306,#268311,#268316,#268321,#268326,#268331,#268336,#268341,#268346,#268351,#268356,#268361,#268366,#268371,#268376,#268381,#268386,#268391,#268396,#268401,#268406,#268411,#268416,#268421,#268426,#268431,#268436,#268441,#268446,#268451,#268456,#268461,#268466,#268471,#268476,#268481,#268486,#268491,#268496,#268501,#268506,#268511,#268516,#268521,#268526,#268531,#268536,#268541,#268546,#268551,#268556,#268561,#268566,#268571,#268576,#268581,#268586,#268591,#268596,#268601,#268606,#268611,#268616,#268621,#268626,#268631,#268636,#268641,#268646,#268651,#268656,#268661,#268666,#268671,#268676,#268681,#268686,#268691,#268696,#268701,#268706,#268711,#268716,#268721,#268726,#268731,#268736,#268741,#268746,#268751,#268756,#268761,#268766,#268771,#268776,#268781,#268786,#268791,#268796,#268801,#268806,#268811,#268816,#268821,#268826,#268831,#268836,#268841,#268846,#268851,#268856,#268861,#268866,#268871,#268876,#268881,#268886,#268891,#268896,#268901,#268906,#268911,#268916,#268921,#268926,#268931,#268936,#268941,#268946,#268951,#268956,#268961,#268966,#268971,#268976,#268981,#268986,#268991,#268996,#269001,#269006,#269011,#269016,#269021,#269026,#269031,#269036,#269041,#269046,#269051,#269056,#269061,#269066,#269071,#269076,#269081,#269086,#269091,#269096,#269101,#269106,#269111,#269116,#269121,#269126,#269131,#269136,#269141,#269146,#269151,#269156,#269161,#269166,#269171,#269176,#269181,#269186,#269191,#269196,#269201,#269206,#269211,#269216,#269221,#269226,#269231,#269236,#269241,#269246,#269251,#269256,#269261,#269266,#269271,#269276,#269281,#269286,#269291,#269296,#269301,#269306,#269311,#269316,#269321,#269326,#269331,#269336,#269341,#269346,#269351,#269356,#269361,#269366,#269371,#269376,#269381,#269386,#269391,#269396,#269401,#269406,#269411,#269416,#269421,#269426,#269431,#269436,#269441,#269446,#269451,#269456,#269461,#269466,#269471,#269476,#269481,#269486,#269491,#269496,#269501,#269506,#269511,#269516,#269521,#269526,#269531,#269536,#269541,#269546,#269551,#269556,#269561,#269566,#269571,#269576,#269581,#269586,#269591,#269596,#269601,#269606,#269611,#269616,#269621,#269626,#269631,#269636,#269641,#269646,#269651,#269656,#269661,#269666,#269671,#269676,#269681,#269686,#269691,#269696,#269701,#269706,#269711,#269716,#269721,#269726,#269731,#269736,#269741,#269746,#269751,#269756,#269761,#269766,#269771,#269776,#269781,#269786,#269791,#269796,#269801,#269806,#269811,#269816,#269821,#269826,#269831,#269836,#269841,#269846,#269851,#269856,#269861,#269866,#269871,#269876,#269881,#269886,#269891,#269896,#269901,#269906,#269911,#269916,#269921,#269926,#269931,#269936,#269941,#269946,#269951,#269956,#269961,#269966,#269971,#269976,#269981,#269986,#269991,#269996,#270001,#270006,#270011,#270016,#270021,#270026,#270031,#270036,#270041,#270046,#270051,#270056,#270061,#270066,#270071,#270076,#270081,#270086,#270091,#270096,#270101,#270106,#270111,#270116,#270121,#270126,#270131,#270136,#270141,#270146,#270151,#270156,#270161,#270166,#270171,#270176,#270181,#270186,#270191,#270196,#270201,#270206,#270211,#270216,#270221,#270226,#270231,#270236,#270241,#270246,#270251,#270256,#270261,#270266,#270271,#270276,#270281,#270286,#270291,#270296,#270301,#270306,#270311,#270316,#270321,#270326,#270331,#270336,#270341,#270346,#270351,#270356,#270361,#270366,#270371,#270376,#270381,#270386,#270391,#270396,#270401,#270406,#270411,#270416,#270421,#270426,#270431,#270436,#270441,#270446,#270451,#270456,#270461,#270466,#270471,#270476,#270481,#270486));
#270490=IFCFACETEDBREP(#270488);
#270491=IFCSHAPEREPRESENTATION(#117,'Body','Brep',(#270490));
#270496=IFCLOCALPLACEMENT(#137,#715299);
#270498=IFCPRODUCTDEFINITIONSHAPE($,$,(#270491));
#270503=IFCRAMP('1a4rX7oO92KvTbFQs2wfqs',#41,'Ramp:Ramp 1:471387',$,'Ramp:Ramp 1',#270496,#270498,'471387',.NOTDEFINED.);
#270506=IFCPROPERTYSINGLEVALUE('Category',$,IFCLABEL('Ramps'),$);
#270507=IFCPROPERTYSET('1$7KIBXjr4MxURDCKynSII',#41,'Pset_ProductRequirements',$,(#270506));
#270509=IFCPROPERTYSINGLEVALUE('Reference',$,IFCIDENTIFIER('Ramp 1'),$);
#270510=IFCPROPERTYSET('00PWx2jB51_P5y9iGXFsZh',#41,'Pset_QuantityTakeOff',$,(#270509));
#270512=IFCPROPERTYSET('1a4rX7oO92KvTbDbM2wfqs',#41,'Pset_RampCommon',$,(#329,#270509));
#270514=IFCRELDEFINESBYPROPERTIES('2sVKodnIH1KPsB4sDrOiZJ',#41,$,$,(#270503),#270507);
#270518=IFCRELDEFINESBYPROPERTIES('2mypTLCOrA_uqttgcMPlqQ',#41,$,$,(#270503),#270510);
#270521=IFCRELDEFINESBYPROPERTIES('0l00Qe75vCDwi787Z_E7Tt',#41,$,$,(#270503),#270512);
#270524=IFCCARTESIANPOINT((-10710.9892674067,14232.7087982964,0.));
#270526=IFCDIRECTION((-0.0866152631409613,-0.996241836197929,0.));
#270528=IFCAXIS2PLACEMENT3D(#270524,#19,#270526);
#270529=IFCLOCALPLACEMENT(#137,#270528);
#270530=IFCCARTESIANPOINT((22261.0645849265,-0.));
#270532=IFCPOLYLINE((#9,#270530));
#270534=IFCSHAPEREPRESENTATION(#115,'Axis','Curve2D',(#270532));
#270536=IFCCARTESIANPOINT((11130.5322924632,-4.9737991503207E-13));
#270538=IFCAXIS2PLACEMENT2D(#270536,#25);
#270539=IFCRECTANGLEPROFILEDEF(.AREA.,$,#270538,22261.0645849265,300.000000000001);
#270540=IFCAXIS2PLACEMENT3D(#6,$,$);
#270541=IFCEXTRUDEDAREASOLID(#270539,#270540,#19,450.);
#270545=IFCSHAPEREPRESENTATION(#117,'Body','SweptSolid',(#270541));
#270547=IFCPRODUCTDEFINITIONSHAPE($,$,(#270534,#270545));
#270549=IFCWALLSTANDARDCASE('29w45MKkv9yu3UjOOOyCma',#41,'Basic Wall:Generic - 300mm:471837',$,'Basic Wall:Generic - 300mm',#270529,#270547,'471837');
#270552=IFCMATERIAL('Default Wall');
#270562=IFCMATERIALLAYER(#270552,300.,$);
#270563=IFCMATERIALLAYERSET((#270562),'Basic Wall:Generic - 300mm');
#270566=IFCMATERIALLAYERSETUSAGE(#270563,.AXIS2.,.NEGATIVE.,150.);
#270567=IFCWALLTYPE('2Btlw_9L8HrPCs0026Fpy_',#41,'Basic Wall:Generic - 300mm',$,$,(#270569,#270572,#270575,#270578,#270580),$,'6291',$,.STANDARD.);
#270568=IFCPROPERTYSINGLEVALUE('Roughness',$,IFCPOSITIVELENGTHMEASURE(914.4),$);
#270569=IFCPROPERTYSET('1$$Pn$ebjA2xBzEGcm46Hp',#41,'Pset_ElementShading',$,(#270568));
#270571=IFCPROPERTYSINGLEVALUE('Category',$,IFCLABEL('Walls'),$);
#270572=IFCPROPERTYSET('0cyajc65LBBhrtrhJ_YkSw',#41,'Pset_ProductRequirements',$,(#270571));
#270574=IFCPROPERTYSINGLEVALUE('Reference',$,IFCIDENTIFIER('Generic - 300mm'),$);
#270575=IFCPROPERTYSET('2j5x0jz6n1uPWwaI181FDy',#41,'Pset_QuantityTakeOff',$,(#270574));
#270577=IFCPROPERTYSINGLEVALUE('Reference',$,IFCLABEL('Generic - 300mm'),$);
#270578=IFCPROPERTYSET('1PL4eIYMfD$x5mF7v_Khab',#41,'Pset_ReinforcementBarPitchOfWall',$,(#270577));
#270580=IFCPROPERTYSET('2Btlw_9L8HrPCs2$s6Fpy_',#41,'Pset_WallCommon',$,(#329,#270574));
#270588=IFCPROPERTYSINGLEVALUE('Roughness',$,IFCPOSITIVELENGTHMEASURE(914.4),$);
#270589=IFCPROPERTYSET('0F6qA3IhDDzgLl3rZpNVA$',#41,'Pset_ElementShading',$,(#270588));
#270591=IFCPROPERTYSINGLEVALUE('Category',$,IFCLABEL('Walls'),$);
#270592=IFCPROPERTYSET('2dbgdwOGP2XBJIsnPXKvqi',#41,'Pset_ProductRequirements',$,(#270591));
#270594=IFCPROPERTYSET('04cOaxJDr7J99nOVV95yw7',#41,'Pset_QuantityTakeOff',$,(#270574));
#270596=IFCPROPERTYSINGLEVALUE('Reference',$,IFCLABEL('Generic - 300mm'),$);
#270597=IFCPROPERTYSET('21o2LbQHr5pByZoxk1Q4fb',#41,'Pset_ReinforcementBarPitchOfWall',$,(#270596));
#270599=IFCPROPERTYSET('29w45MKkv9yu3UldiOyCma',#41,'Pset_WallCommon',$,(#330,#866,#867,#270574));
#270601=IFCRELDEFINESBYPROPERTIES('3SJoSGgG95585HYzNs5koW',#41,$,$,(#270549),#270589);
#270605=IFCRELDEFINESBYPROPERTIES('3T06Yq8g5EAOqBgcf_eMIZ',#41,$,$,(#270549),#270592);
#270608=IFCRELDEFINESBYPROPERTIES('1HMjInRWL3Q8qz_DnfOEgT',#41,$,$,(#270549),#270594);
#270611=IFCRELDEFINESBYPROPERTIES('3kWAJ3affFoAvLcWs0o1EG',#41,$,$,(#270549),#270597);
#270614=IFCRELDEFINESBYPROPERTIES('2Xj78a6kHBy9J$LkYjSU0q',#41,$,$,(#270549),#270599);
#523098=IFCCARTESIANPOINT((14151.4879854723,-22147.4322310153,0.));
#523100=IFCDIRECTION((0.170819773574073,0.985302291155411,-0.));
#523102=IFCAXIS2PLACEMENT3D(#523098,#19,#523100);
#523103=IFCLOCALPLACEMENT(#137,#523102);
#523104=IFCCARTESIANPOINT((25636.0668819558,0.));
#523106=IFCPOLYLINE((#9,#523104));
#523108=IFCSHAPEREPRESENTATION(#115,'Axis','Curve2D',(#523106));
#523110=IFCCARTESIANPOINT((12818.0334409779,1.27897692436818E-12));
#523112=IFCAXIS2PLACEMENT2D(#523110,#25);
#523113=IFCRECTANGLEPROFILEDEF(.AREA.,$,#523112,25636.0668819558,300.000000000001);
#523114=IFCAXIS2PLACEMENT3D(#6,$,$);
#523115=IFCEXTRUDEDAREASOLID(#523113,#523114,#19,450.);
#523119=IFCSHAPEREPRESENTATION(#117,'Body','SweptSolid',(#523115));
#523121=IFCPRODUCTDEFINITIONSHAPE($,$,(#523108,#523119));
#523123=IFCWALLSTANDARDCASE('2cqpA3Ub16Ex8H$4a3QA8u',#41,'Basic Wall:Generic - 300mm:519060',$,'Basic Wall:Generic - 300mm',#523103,#523121,'519060');
#523126=IFCMATERIALLAYERSETUSAGE(#270563,.AXIS2.,.NEGATIVE.,150.);
#523127=IFCPROPERTYSINGLEVALUE('Roughness',$,IFCPOSITIVELENGTHMEASURE(914.4),$);
#523128=IFCPROPERTYSET('27RG6Ifu56_AUCT_gMFSTU',#41,'Pset_ElementShading',$,(#523127));
#523130=IFCPROPERTYSINGLEVALUE('Category',$,IFCLABEL('Walls'),$);
#523131=IFCPROPERTYSET('2tpwU65Kn7OOdDijTzqcV$',#41,'Pset_ProductRequirements',$,(#523130));
#523133=IFCPROPERTYSET('0eKhsvqUP3s8xm8QpNtecT',#41,'Pset_QuantityTakeOff',$,(#270574));
#523135=IFCPROPERTYSINGLEVALUE('Reference',$,IFCLABEL('Generic - 300mm'),$);
#523136=IFCPROPERTYSET('2PfD_MaWTDd9l5aMOnQ9dg',#41,'Pset_ReinforcementBarPitchOfWall',$,(#523135));
#523138=IFCPROPERTYSET('2cqpA3Ub16Ex8HzxG3QA8u',#41,'Pset_WallCommon',$,(#330,#866,#867,#270574));
#523140=IFCRELDEFINESBYPROPERTIES('0i66unpsbFZgRKrGeQToQv',#41,$,$,(#523123),#523128);
#523144=IFCRELDEFINESBYPROPERTIES('1WmW3RnA1DzRBOYBXibZ0Y',#41,$,$,(#523123),#523131);
#523147=IFCRELDEFINESBYPROPERTIES('0wzP3Ctm92JOz8nEoHFL1Q',#41,$,$,(#523123),#523133);
#523150=IFCRELDEFINESBYPROPERTIES('2epoMs_wjCc9YwZXFpjkeK',#41,$,$,(#523123),#523136);
#523153=IFCRELDEFINESBYPROPERTIES('1DoFVkTr59fg7o0LFv4ted',#41,$,$,(#523123),#523138);
#548047=IFCPROPERTYSINGLEVALUE('Reference',$,IFCIDENTIFIER('190mm max riser 250mm going'),$);
#619844=IFCCARTESIANPOINT((0.,0.));
#619846=IFCAXIS2PLACEMENT2D(#619844,#27);
#619847=IFCISHAPEPROFILEDEF(.AREA.,'UC305x305x97',#619846,305.3,307.9,9.90000000000002,15.4,15.2);
#619848=IFCAXIS2PLACEMENT3D(#6,#19,#17);
#619849=IFCEXTRUDEDAREASOLID(#619847,#619848,#19,8950.);
#619859=IFCSHAPEREPRESENTATION(#117,'Body','SweptSolid',(#619849));
#619861=IFCAXIS2PLACEMENT3D(#6,$,$);
#619862=IFCREPRESENTATIONMAP(#619861,#619859);
#619863=IFCCOLUMNTYPE('1iJ5eUe557kRHYAhPLi39c',#41,'UC-Universal Columns-Column:UC305x305x97',$,$,(#619915,#619918,#619920,#619923),(#619862),'12190',$,.COLUMN.);
#619865=IFCMATERIAL('Metal - Steel 43-275');
#619875=IFCMAPPEDITEM(#619862,#1803);
#619877=IFCSHAPEREPRESENTATION(#117,'Body','MappedRepresentation',(#619875));
#619879=IFCPRODUCTDEFINITIONSHAPE($,$,(#619877));
#619881=IFCCARTESIANPOINT((9486.11140621618,-13360.4885091912,0.));
#619883=IFCDIRECTION((0.965982727109214,-0.258606594901688,0.));
#619885=IFCAXIS2PLACEMENT3D(#619881,#19,#619883);
#619886=IFCLOCALPLACEMENT(#137,#619885);
#619887=IFCCOLUMN('0PfeWE7Aj7GBHCsLa67379',#41,'UC-Universal Columns-Column:UC305x305x97:552739',$,'UC-Universal Columns-Column:UC305x305x97',#619886,#619879,'552739');
#619890=IFCPROPERTYSINGLEVALUE('Reference',$,IFCIDENTIFIER('UC305x305x97'),$);
#619891=IFCPROPERTYSINGLEVALUE('LoadBearing',$,IFCBOOLEAN(.T.),$);
#619892=IFCPROPERTYSET('2CaJWQgpbC4xkj2oN6iib8',#41,'Pset_ColumnCommon',$,(#329,#619890,#619891));
#619894=IFCPROPERTYSINGLEVALUE('Category',$,IFCLABEL('Structural Columns'),$);
#619895=IFCPROPERTYSET('2KJqGKX9f7xfjKvQb$V4mv',#41,'Pset_ProductRequirements',$,(#619894));
#619897=IFCPROPERTYSET('0JfGJ_ZHLBD8HxLBTsGV_g',#41,'Pset_QuantityTakeOff',$,(#619890));
#619899=IFCPROPERTYSINGLEVALUE('Reference',$,IFCLABEL('UC305x305x97'),$);
#619900=IFCPROPERTYSET('3gGafw7UrF1wMMDBwvcHvA',#41,'Pset_ReinforcementBarPitchOfColumn',$,(#619899));
#619902=IFCRELDEFINESBYPROPERTIES('1KhMGQiz5F49V6fteutfYV',#41,$,$,(#619887),#619892);
#619906=IFCRELDEFINESBYPROPERTIES('0tbCj2JF14fe1GwU6_Dxz$',#41,$,$,(#619887),#619895);
#619909=IFCRELDEFINESBYPROPERTIES('3vv81H$v1D$QeNoi8HV2OI',#41,$,$,(#619887),#619897);
#619912=IFCRELDEFINESBYPROPERTIES('1MCvGcrnrBsRS7c6PxSMKX',#41,$,$,(#619887),#619900);
#619915=IFCPROPERTYSET('2Nf6d44Nv8U8tNbjqmA7zA',#41,'Pset_ColumnCommon',$,(#329,#619890,#619891));
#619917=IFCPROPERTYSINGLEVALUE('Category',$,IFCLABEL('Structural Columns'),$);
#619918=IFCPROPERTYSET('1hY4v2wjHDnPn3qjDJSiOW',#41,'Pset_ProductRequirements',$,(#619917));
#619920=IFCPROPERTYSET('0kw5M8DtjDTOIcN61HihzG',#41,'Pset_QuantityTakeOff',$,(#619890));
#619922=IFCPROPERTYSINGLEVALUE('Reference',$,IFCLABEL('UC305x305x97'),$);
#619923=IFCPROPERTYSET('0GcaIVIvr5_wWLuxPOyhv9',#41,'Pset_ReinforcementBarPitchOfColumn',$,(#619922));
#658790=IFCMAPPEDITEM(#266500,#1803);
#658791=IFCSHAPEREPRESENTATION(#117,'Body','MappedRepresentation',(#658790));
#658793=IFCPRODUCTDEFINITIONSHAPE($,$,(#658791));
#658795=IFCCARTESIANPOINT((-9213.14682175882,7675.78661593073,0.));
#658797=IFCDIRECTION((0.945989356428693,-0.324197682785715,0.));
#658799=IFCAXIS2PLACEMENT3D(#658795,#19,#658797);
#658800=IFCLOCALPLACEMENT(#137,#658799);
#658801=IFCBUILDINGELEMENTPROXY('13JhjHaRn51Oib0nWSpKdu',#41,'M_Parking Space:4800 x 2400mm - 90 deg:570290',$,'M_Parking Space:4800 x 2400mm - 90 deg',#658800,#658793,'570290',$);
#658804=IFCPROPERTYSET('3g_ISITszCKed9fHnPME$E',#41,'Pset_BuildingElementProxyCommon',$,(#266528));
#658806=IFCPROPERTYSINGLEVALUE('Category',$,IFCLABEL('Parking'),$);
#658807=IFCPROPERTYSET('3mqS56V6n7shrU_fBN12HP',#41,'Pset_ProductRequirements',$,(#658806));
#658809=IFCPROPERTYSET('3U6pCQPFz8OexqtRsh1anu',#41,'Pset_QuantityTakeOff',$,(#266528));
#658811=IFCRELDEFINESBYPROPERTIES('05pxmEmoj0DvI82XPoQxE6',#41,$,$,(#658801),#658804);
#658815=IFCRELDEFINESBYPROPERTIES('39DUWGPkDByAqLFbwEBWyr',#41,$,$,(#658801),#658807);
#658818=IFCRELDEFINESBYPROPERTIES('2GYfdltVn9xwRDPOf_hsVF',#41,$,$,(#658801),#658809);
#658821=IFCMAPPEDITEM(#266500,#1803);
#658822=IFCSHAPEREPRESENTATION(#117,'Body','MappedRepresentation',(#658821));
#658824=IFCPRODUCTDEFINITIONSHAPE($,$,(#658822));
#658826=IFCCARTESIANPOINT((10845.1878393994,1014.90364712923,0.));
#658828=IFCDIRECTION((0.945989356428693,-0.324197682785715,0.));
#658830=IFCAXIS2PLACEMENT3D(#658826,#19,#658828);
#658831=IFCLOCALPLACEMENT(#137,#658830);
#658832=IFCBUILDINGELEMENTPROXY('13JhjHaRn51Oib0nWSpKu_',#41,'M_Parking Space:4800 x 2400mm - 90 deg:570484',$,'M_Parking Space:4800 x 2400mm - 90 deg',#658831,#658824,'570484',$);
#658835=IFCPROPERTYSET('0idt36CqLE3O2s94EDs71B',#41,'Pset_BuildingElementProxyCommon',$,(#266528));
#658837=IFCPROPERTYSINGLEVALUE('Category',$,IFCLABEL('Parking'),$);
#658838=IFCPROPERTYSET('2vaQ$b4Wr1KBetebsyLNOV',#41,'Pset_ProductRequirements',$,(#658837));
#658840=IFCPROPERTYSET('1j26YKTXv6Hg0uNP0Pq7ma',#41,'Pset_QuantityTakeOff',$,(#266528));
#658842=IFCRELDEFINESBYPROPERTIES('3$YVkrmwv7FQy4GtRmX7vx',#41,$,$,(#658832),#658835);
#658846=IFCRELDEFINESBYPROPERTIES('1ztbnPejrAxx4OYMtPjL5z',#41,$,$,(#658832),#658838);
#658849=IFCRELDEFINESBYPROPERTIES('1ZEv5X6210CuXwsVEHKWRE',#41,$,$,(#658832),#658840);
#658852=IFCMAPPEDITEM(#266500,#1803);
#658853=IFCSHAPEREPRESENTATION(#117,'Body','MappedRepresentation',(#658852));
#658855=IFCPRODUCTDEFINITIONSHAPE($,$,(#658853));
#658857=IFCCARTESIANPOINT((8574.81338397052,1792.97808581496,0.));
#658859=IFCDIRECTION((0.945989356428693,-0.324197682785715,0.));
#658861=IFCAXIS2PLACEMENT3D(#658857,#19,#658859);
#658862=IFCLOCALPLACEMENT(#137,#658861);
#658863=IFCBUILDINGELEMENTPROXY('13JhjHaRn51Oib0nWSpKwr',#41,'M_Parking Space:4800 x 2400mm - 90 deg:570623',$,'M_Parking Space:4800 x 2400mm - 90 deg',#658862,#658855,'570623',$);
#658866=IFCPROPERTYSET('3pZc87yF5AFeMxm9i0yghL',#41,'Pset_BuildingElementProxyCommon',$,(#266528));
#658868=IFCPROPERTYSINGLEVALUE('Category',$,IFCLABEL('Parking'),$);
#658869=IFCPROPERTYSET('1VJuRDprj7jRBmnCH8gtKS',#41,'Pset_ProductRequirements',$,(#658868));
#658871=IFCPROPERTYSET('0eg6LpIX51zRHPaTeDem7X',#41,'Pset_QuantityTakeOff',$,(#266528));
#658873=IFCRELDEFINESBYPROPERTIES('3XKM5P$Dj4pvfamGhm8d8t',#41,$,$,(#658863),#658866);
#658877=IFCRELDEFINESBYPROPERTIES('21fDccUoj3E8NuyVSLqDyV',#41,$,$,(#658863),#658869);
#658880=IFCRELDEFINESBYPROPERTIES('0nN2ThnHDFrfuVhowp2SHW',#41,$,$,(#658863),#658871);
#658883=IFCMAPPEDITEM(#266500,#1803);
#658884=IFCSHAPEREPRESENTATION(#117,'Body','MappedRepresentation',(#658883));
#658886=IFCPRODUCTDEFINITIONSHAPE($,$,(#658884));
#658888=IFCCARTESIANPOINT((13115.5622948283,236.829208443518,0.));
#658890=IFCDIRECTION((0.945989356428693,-0.324197682785715,0.));
#658892=IFCAXIS2PLACEMENT3D(#658888,#19,#658890);
#658893=IFCLOCALPLACEMENT(#137,#658892);
#658894=IFCBUILDINGELEMENTPROXY('13JhjHaRn51Oib0nWSpKzj',#41,'M_Parking Space:4800 x 2400mm - 90 deg:570663',$,'M_Parking Space:4800 x 2400mm - 90 deg',#658893,#658886,'570663',$);
#658897=IFCPROPERTYSET('1Vj95ejw503QBgPC68VnGk',#41,'Pset_BuildingElementProxyCommon',$,(#266528));
#658899=IFCPROPERTYSINGLEVALUE('Category',$,IFCLABEL('Parking'),$);
#658900=IFCPROPERTYSET('37tZojzM5DbhMoePd$01IN',#41,'Pset_ProductRequirements',$,(#658899));
#658902=IFCPROPERTYSET('28sfQiiU5B98wQ4QlLLPar',#41,'Pset_QuantityTakeOff',$,(#266528));
#658904=IFCRELDEFINESBYPROPERTIES('3Lb6iXBun0IuVHuc78jQer',#41,$,$,(#658894),#658897);
#658908=IFCRELDEFINESBYPROPERTIES('2OQzUke45709UPGbM2VXUo',#41,$,$,(#658894),#658900);
#658911=IFCRELDEFINESBYPROPERTIES('3DyQ8btPb4rfEqTFz5qQQX',#41,$,$,(#658894),#658902);
#658914=IFCMAPPEDITEM(#266500,#1803);
#658915=IFCSHAPEREPRESENTATION(#117,'Body','MappedRepresentation',(#658914));
#658917=IFCPRODUCTDEFINITIONSHAPE($,$,(#658915));
#658919=IFCCARTESIANPOINT((-6942.77236632995,6897.71217724501,0.));
#658921=IFCDIRECTION((0.945989356428693,-0.324197682785715,0.));
#658923=IFCAXIS2PLACEMENT3D(#658919,#19,#658921);
#658924=IFCLOCALPLACEMENT(#137,#658923);
#658925=IFCBUILDINGELEMENTPROXY('13JhjHaRn51Oib0nWSpKyb',#41,'M_Parking Space:4800 x 2400mm - 90 deg:570735',$,'M_Parking Space:4800 x 2400mm - 90 deg',#658924,#658917,'570735',$);
#658928=IFCPROPERTYSET('1t5ZKRoOjCTAoEhW_7TCVA',#41,'Pset_BuildingElementProxyCommon',$,(#266528));
#658930=IFCPROPERTYSINGLEVALUE('Category',$,IFCLABEL('Parking'),$);
#658931=IFCPROPERTYSET('0mb1W0Ufr59OSUuhoa1mwI',#41,'Pset_ProductRequirements',$,(#658930));
#658933=IFCPROPERTYSET('2$F86i7S54mf7fVbz1SD6r',#41,'Pset_QuantityTakeOff',$,(#266528));
#658935=IFCRELDEFINESBYPROPERTIES('25Hb$6CSb7rfLwV1l2oGdA',#41,$,$,(#658925),#658928);
#658939=IFCRELDEFINESBYPROPERTIES('11SOatO8LCRx0QyH$PIyy7',#41,$,$,(#658925),#658931);
#658942=IFCRELDEFINESBYPROPERTIES('2puZJzTeH4NvFoHYpuZ77E',#41,$,$,(#658925),#658933);
#658945=IFCAXIS2PLACEMENT3D(#6,$,$);
#658946=IFCLOCALPLACEMENT(#137,#658945);
#658947=IFCSTAIR('2lWrGK6Aj43QEHo8Gwf52A',#41,'Assembled Stair:Stair:571581',$,'Assembled Stair:190mm max riser 250mm going',#658946,$,'571581',.STRAIGHT_RUN_STAIR.);
#658949=IFCAXIS2PLACEMENT3D(#659319,$,$);
#658950=IFCLOCALPLACEMENT(#658946,#658949);
#658952=IFCCARTESIANPOINT((433.102903476761,4593.60550868462,100.));
#658954=IFCCARTESIANPOINT((433.102903476761,4593.60550868462,0.));
#658956=IFCCARTESIANPOINT((424.264068711929,4584.76667391978,0.));
#658958=IFCCARTESIANPOINT((424.264068711929,4584.76667391978,100.));
#658960=IFCPOLYLOOP((#658952,#658954,#658956,#658958));
#658962=IFCFACEOUTERBOUND(#658960,.T.);
#658963=IFCFACE((#658962));
#658965=IFCCARTESIANPOINT((2552.35596754562,2474.35244461574,100.));
#658967=IFCCARTESIANPOINT((2552.35596754562,2474.35244461574,0.));
#658969=IFCPOLYLOOP((#658954,#658952,#658965,#658967));
#658971=IFCFACEOUTERBOUND(#658969,.T.);
#658972=IFCFACE((#658971));
#658974=IFCCARTESIANPOINT((2545.88653323361,2463.14420939809,0.));
#658976=IFCPOLYLOOP((#658956,#658954,#658967,#658974));
#658978=IFCFACEOUTERBOUND(#658976,.T.);
#658979=IFCFACE((#658978));
#658981=IFCCARTESIANPOINT((2545.88653323361,2463.14420939809,100.));
#658983=IFCPOLYLOOP((#658958,#658956,#658974,#658981));
#658985=IFCFACEOUTERBOUND(#658983,.T.);
#658986=IFCFACE((#658985));
#658988=IFCPOLYLOOP((#658952,#658958,#658981,#658965));
#658990=IFCFACEOUTERBOUND(#658988,.T.);
#658991=IFCFACE((#658990));
#658993=IFCCARTESIANPOINT((9584.82920262166,591.664580721153,100.));
#658995=IFCCARTESIANPOINT((9581.59663241037,579.589793359496,100.));
#658997=IFCCARTESIANPOINT((9581.59663241037,579.589793359496,0.));
#658999=IFCCARTESIANPOINT((9584.82920262166,591.664580721153,0.));
#659001=IFCPOLYLOOP((#658993,#658995,#658997,#658999));
#659003=IFCFACEOUTERBOUND(#659001,.T.);
#659004=IFCFACE((#659003));
#659006=IFCPOLYLOOP((#658967,#658965,#658993,#658999));
#659008=IFCFACEOUTERBOUND(#659006,.T.);
#659009=IFCFACE((#659008));
#659011=IFCPOLYLOOP((#658974,#658967,#658999,#658997));
#659013=IFCFACEOUTERBOUND(#659011,.T.);
#659014=IFCFACE((#659013));
#659016=IFCPOLYLOOP((#658981,#658974,#658997,#658995));
#659018=IFCFACEOUTERBOUND(#659016,.T.);
#659019=IFCFACE((#659018));
#659021=IFCPOLYLOOP((#658965,#658981,#658995,#658993));
#659023=IFCFACEOUTERBOUND(#659021,.T.);
#659024=IFCFACE((#659023));
#659026=IFCCARTESIANPOINT((9507.2475175506,301.869684041405,150.));
#659028=IFCCARTESIANPOINT((9584.82920262166,591.664580721153,150.));
#659030=IFCCARTESIANPOINT((2552.35596754562,2474.35244461574,150.));
#659032=IFCCARTESIANPOINT((433.102903476759,4593.60550868462,150.));
#659034=IFCCARTESIANPOINT((220.970869120795,4381.47347432865,150.));
#659036=IFCCARTESIANPOINT((2397.0895440574,2205.35479939204,150.));
#659038=IFCPOLYLOOP((#659026,#659028,#659030,#659032,#659034,#659036));
#659040=IFCFACEOUTERBOUND(#659038,.T.);
#659041=IFCFACE((#659040));
#659043=IFCCARTESIANPOINT((9507.2475175506,301.869684041405,100.));
#659045=IFCCARTESIANPOINT((2397.08954405739,2205.35479939204,100.));
#659047=IFCCARTESIANPOINT((220.970869120795,4381.47347432865,100.));
#659049=IFCCARTESIANPOINT((433.102903476761,4593.60550868462,100.));
#659051=IFCCARTESIANPOINT((2552.35596754562,2474.35244461574,100.));
#659053=IFCCARTESIANPOINT((9584.82920262166,591.664580721153,100.));
#659055=IFCPOLYLOOP((#659043,#659045,#659047,#659049,#659051,#659053));
#659057=IFCFACEOUTERBOUND(#659055,.T.);
#659058=IFCFACE((#659057));
#659060=IFCPOLYLOOP((#659028,#659026,#659043,#659053));
#659062=IFCFACEOUTERBOUND(#659060,.T.);
#659063=IFCFACE((#659062));
#659065=IFCPOLYLOOP((#659030,#659028,#659053,#659051));
#659067=IFCFACEOUTERBOUND(#659065,.T.);
#659068=IFCFACE((#659067));
#659070=IFCPOLYLOOP((#659032,#659030,#659051,#659049));
#659072=IFCFACEOUTERBOUND(#659070,.T.);
#659073=IFCFACE((#659072));
#659075=IFCPOLYLOOP((#659034,#659032,#659049,#659047));
#659077=IFCFACEOUTERBOUND(#659075,.T.);
#659078=IFCFACE((#659077));
#659080=IFCPOLYLOOP((#659036,#659034,#659047,#659045));
#659082=IFCFACEOUTERBOUND(#659080,.T.);
#659083=IFCFACE((#659082));
#659085=IFCPOLYLOOP((#659026,#659036,#659045,#659043));
#659087=IFCFACEOUTERBOUND(#659085,.T.);
#659088=IFCFACE((#659087));
#659090=IFCCARTESIANPOINT((220.970869120796,4381.47347432865,250.));
#659092=IFCCARTESIANPOINT((220.970869120796,4381.47347432865,100.));
#659094=IFCCARTESIANPOINT((212.132034355964,4372.63463956382,100.));
#659096=IFCCARTESIANPOINT((212.132034355964,4372.63463956382,250.));
#659098=IFCPOLYLOOP((#659090,#659092,#659094,#659096));
#659100=IFCFACEOUTERBOUND(#659098,.T.);
#659101=IFCFACE((#659100));
#659103=IFCCARTESIANPOINT((2397.0895440574,2205.35479939204,250.));
#659105=IFCCARTESIANPOINT((2397.0895440574,2205.35479939204,100.));
#659107=IFCPOLYLOOP((#659092,#659090,#659103,#659105));
#659109=IFCFACEOUTERBOUND(#659107,.T.);
#659110=IFCFACE((#659109));
#659112=IFCCARTESIANPOINT((2390.62010974539,2194.14656417438,100.));
#659114=IFCPOLYLOOP((#659094,#659092,#659105,#659112));
#659116=IFCFACEOUTERBOUND(#659114,.T.);
#659117=IFCFACE((#659116));
#659119=IFCCARTESIANPOINT((2390.62010974539,2194.14656417438,250.));
#659121=IFCPOLYLOOP((#659096,#659094,#659112,#659119));
#659123=IFCFACEOUTERBOUND(#659121,.T.);
#659124=IFCFACE((#659123));
#659126=IFCPOLYLOOP((#659090,#659096,#659119,#659103));
#659128=IFCFACEOUTERBOUND(#659126,.T.);
#659129=IFCFACE((#659128));
#659131=IFCCARTESIANPOINT((9507.2475175506,301.869684041406,250.));
#659133=IFCCARTESIANPOINT((9504.0149473393,289.794896679749,250.));
#659135=IFCCARTESIANPOINT((9504.0149473393,289.794896679749,100.));
#659137=IFCCARTESIANPOINT((9507.2475175506,301.869684041406,100.));
#659139=IFCPOLYLOOP((#659131,#659133,#659135,#659137));
#659141=IFCFACEOUTERBOUND(#659139,.T.);
#659142=IFCFACE((#659141));
#659144=IFCPOLYLOOP((#659105,#659103,#659131,#659137));
#659146=IFCFACEOUTERBOUND(#659144,.T.);
#659147=IFCFACE((#659146));
#659149=IFCPOLYLOOP((#659112,#659105,#659137,#659135));
#659151=IFCFACEOUTERBOUND(#659149,.T.);
#659152=IFCFACE((#659151));
#659154=IFCPOLYLOOP((#659119,#659112,#659135,#659133));
#659156=IFCFACEOUTERBOUND(#659154,.T.);
#659157=IFCFACE((#659156));
#659159=IFCPOLYLOOP((#659103,#659119,#659133,#659131));
#659161=IFCFACEOUTERBOUND(#659159,.T.);
#659162=IFCFACE((#659161));
#659164=IFCCARTESIANPOINT((8.83883476483216,4169.34143997269,400.));
#659166=IFCCARTESIANPOINT((8.83883476483216,4169.34143997269,250.));
#659168=IFCCARTESIANPOINT((0.,4160.50260520786,250.));
#659170=IFCCARTESIANPOINT((0.,4160.50260520786,400.));
#659172=IFCPOLYLOOP((#659164,#659166,#659168,#659170));
#659174=IFCFACEOUTERBOUND(#659172,.T.);
#659175=IFCFACE((#659174));
#659177=IFCCARTESIANPOINT((2241.82312056916,1936.35715416835,400.));
#659179=IFCCARTESIANPOINT((2241.82312056916,1936.35715416835,250.));
#659181=IFCPOLYLOOP((#659166,#659164,#659177,#659179));
#659183=IFCFACEOUTERBOUND(#659181,.T.);
#659184=IFCFACE((#659183));
#659186=IFCCARTESIANPOINT((2235.35368625715,1925.14891895069,250.));
#659188=IFCPOLYLOOP((#659168,#659166,#659179,#659186));
#659190=IFCFACEOUTERBOUND(#659188,.T.);
#659191=IFCFACE((#659190));
#659193=IFCCARTESIANPOINT((2235.35368625715,1925.14891895069,400.));
#659195=IFCPOLYLOOP((#659170,#659168,#659186,#659193));
#659197=IFCFACEOUTERBOUND(#659195,.T.);
#659198=IFCFACE((#659197));
#659200=IFCPOLYLOOP((#659164,#659170,#659193,#659177));
#659202=IFCFACEOUTERBOUND(#659200,.T.);
#659203=IFCFACE((#659202));
#659205=IFCCARTESIANPOINT((9429.66583247953,12.0747873616564,400.));
#659207=IFCCARTESIANPOINT((9426.43326226823,0.,400.));
#659209=IFCCARTESIANPOINT((9426.43326226823,0.,250.));
#659211=IFCCARTESIANPOINT((9429.66583247953,12.0747873616564,250.));
#659213=IFCPOLYLOOP((#659205,#659207,#659209,#659211));
#659215=IFCFACEOUTERBOUND(#659213,.T.);
#659216=IFCFACE((#659215));
#659218=IFCPOLYLOOP((#659179,#659177,#659205,#659211));
#659220=IFCFACEOUTERBOUND(#659218,.T.);
#659221=IFCFACE((#659220));
#659223=IFCPOLYLOOP((#659186,#659179,#659211,#659209));
#659225=IFCFACEOUTERBOUND(#659223,.T.);
#659226=IFCFACE((#659225));
#659228=IFCPOLYLOOP((#659193,#659186,#659209,#659207));
#659230=IFCFACEOUTERBOUND(#659228,.T.);
#659231=IFCFACE((#659230));
#659233=IFCPOLYLOOP((#659177,#659193,#659207,#659205));
#659235=IFCFACEOUTERBOUND(#659233,.T.);
#659236=IFCFACE((#659235));
#659238=IFCCARTESIANPOINT((9429.66583247953,12.0747873616564,300.));
#659240=IFCCARTESIANPOINT((9507.2475175506,301.869684041405,300.));
#659242=IFCCARTESIANPOINT((2397.08954405739,2205.35479939204,300.));
#659244=IFCCARTESIANPOINT((220.970869120795,4381.47347432865,300.));
#659246=IFCCARTESIANPOINT((8.83883476483216,4169.34143997269,300.));
#659248=IFCCARTESIANPOINT((2241.82312056916,1936.35715416834,300.));
#659250=IFCPOLYLOOP((#659238,#659240,#659242,#659244,#659246,#659248));
#659252=IFCFACEOUTERBOUND(#659250,.T.);
#659253=IFCFACE((#659252));
#659255=IFCCARTESIANPOINT((9429.66583247953,12.0747873616564,250.));
#659257=IFCCARTESIANPOINT((2241.82312056916,1936.35715416835,250.));
#659259=IFCCARTESIANPOINT((8.83883476483,4169.34143997269,250.));
#659261=IFCCARTESIANPOINT((220.970869120795,4381.47347432865,250.));
#659263=IFCCARTESIANPOINT((2397.0895440574,2205.35479939204,250.));
#659265=IFCCARTESIANPOINT((9507.2475175506,301.869684041405,250.));
#659267=IFCPOLYLOOP((#659255,#659257,#659259,#659261,#659263,#659265));
#659269=IFCFACEOUTERBOUND(#659267,.T.);
#659270=IFCFACE((#659269));
#659272=IFCPOLYLOOP((#659240,#659238,#659255,#659265));
#659274=IFCFACEOUTERBOUND(#659272,.T.);
#659275=IFCFACE((#659274));
#659277=IFCPOLYLOOP((#659242,#659240,#659265,#659263));
#659279=IFCFACEOUTERBOUND(#659277,.T.);
#659280=IFCFACE((#659279));
#659282=IFCPOLYLOOP((#659244,#659242,#659263,#659261));
#659284=IFCFACEOUTERBOUND(#659282,.T.);
#659285=IFCFACE((#659284));
#659287=IFCPOLYLOOP((#659246,#659244,#659261,#659259));
#659289=IFCFACEOUTERBOUND(#659287,.T.);
#659290=IFCFACE((#659289));
#659292=IFCPOLYLOOP((#659248,#659246,#659259,#659257));
#659294=IFCFACEOUTERBOUND(#659292,.T.);
#659295=IFCFACE((#659294));
#659297=IFCPOLYLOOP((#659238,#659248,#659257,#659255));
#659299=IFCFACEOUTERBOUND(#659297,.T.);
#659300=IFCFACE((#659299));
#659302=IFCCLOSEDSHELL((#658963,#658972,#658979,#658986,#658991,#659004,#659009,#659014,#659019,#659024));
#659304=IFCFACETEDBREP(#659302);
#659305=IFCCLOSEDSHELL((#659041,#659058,#659063,#659068,#659073,#659078,#659083,#659088));
#659307=IFCFACETEDBREP(#659305);
#659308=IFCCLOSEDSHELL((#659101,#659110,#659117,#659124,#659129,#659142,#659147,#659152,#659157,#659162));
#659310=IFCFACETEDBREP(#659308);
#659311=IFCCLOSEDSHELL((#659175,#659184,#659191,#659198,#659203,#659216,#659221,#659226,#659231,#659236));
#659313=IFCFACETEDBREP(#659311);
#659314=IFCCLOSEDSHELL((#659253,#659270,#659275,#659280,#659285,#659290,#659295,#659300));
#659316=IFCFACETEDBREP(#659314);
#659317=IFCSHAPEREPRESENTATION(#117,'Body','Brep',(#659304,#659307,#659310,#659313,#659316));
#659319=IFCCARTESIANPOINT((-2572.84297434277,2369.67158607494,0.));
#659321=IFCPRODUCTDEFINITIONSHAPE($,$,(#659317));
#659323=IFCSTAIRFLIGHT('2lWrGK6Aj43QEHo8Gwf53_',#41,'Assembled Stair:Stair:571581 Run 1',$,'Non-Monolithic Run:50mm Tread 13mm Riser',#658950,#659321,'571593',3,2,0.492125984251969,0.820209973753281);
#659327=IFCAXIS2PLACEMENT3D(#6,$,$);
#659328=IFCLOCALPLACEMENT(#658946,#659327);
#659329=IFCCARTESIANPOINT((-268.515074996416,-199.93769410125));
#659331=IFCCARTESIANPOINT((402.305318253796,-199.93769410125));
#659333=IFCCARTESIANPOINT((202.305318253899,200.06230589875));
#659335=IFCCARTESIANPOINT((32.2637487382105,200.06230589875));
#659337=IFCCARTESIANPOINT((-368.359310249491,-0.249223594998265));
#659339=IFCPOLYLINE((#659329,#659331,#659333,#659335,#659337,#659329));
#659341=IFCARBITRARYCLOSEDPROFILEDEF(.AREA.,'Stringer - 50mm Width',#659339);
#659342=IFCCARTESIANPOINT((6926.75446167892,2642.96552335048,164.512379212486));
#659344=IFCDIRECTION((0.965982988932,-0.258605616903423,0.));
#659346=IFCDIRECTION((-0.231303895503753,-0.86400145134424,0.447213595499775));
#659348=IFCAXIS2PLACEMENT3D(#659342,#659344,#659346);
#659349=IFCEXTRUDEDAREASOLID(#659341,#659348,#19,49.9999999999996);
#659350=IFCSHAPEREPRESENTATION(#117,'Body','SweptSolid',(#659349));
#659352=IFCPRODUCTDEFINITIONSHAPE($,$,(#659350));
#659354=IFCMEMBER('2lWrGK6Aj43QEHo8Gwf55a',#41,'Assembled Stair:Stair:571581 Stringer 1',$,'Stringer:Stringer - 50mm Width',#659328,#659352,'571731');
#659357=IFCAXIS2PLACEMENT3D(#6,$,$);
#659358=IFCLOCALPLACEMENT(#658946,#659357);
#659359=IFCCARTESIANPOINT((-329.582039324994,-164.512379212493));
#659361=IFCCARTESIANPOINT((118.328157299975,-164.512379212492));
#659363=IFCCARTESIANPOINT((270.417960675007,-88.4674775249769));
#659365=IFCCARTESIANPOINT((270.417960675007,358.746117974981));
#659367=IFCCARTESIANPOINT((-329.582039324994,58.7461179749808));
#659369=IFCPOLYLINE((#659359,#659361,#659363,#659365,#659367,#659359));
#659371=IFCARBITRARYCLOSEDPROFILEDEF(.AREA.,'Stringer - 50mm Width',#659369);
#659372=IFCCARTESIANPOINT((-2372.78976583001,6730.22739979556,164.512379212493));
#659374=IFCDIRECTION((-0.707106781186548,0.707106781186548,0.));
#659376=IFCDIRECTION((-0.707106781186548,-0.707106781186548,0.));
#659378=IFCAXIS2PLACEMENT3D(#659372,#659374,#659376);
#659379=IFCEXTRUDEDAREASOLID(#659371,#659378,#19,50.0000000000002);
#659380=IFCSHAPEREPRESENTATION(#117,'Body','SweptSolid',(#659379));
#659382=IFCPRODUCTDEFINITIONSHAPE($,$,(#659380));
#659384=IFCMEMBER('2lWrGK6Aj43QEHo8Gwf55Z',#41,'Assembled Stair:Stair:571581 Stringer 2',$,'Stringer:Stringer - 50mm Width',#659358,#659382,'571732');
#659387=IFCPROPERTYSINGLEVALUE('Category',$,IFCLABEL('Stairs'),$);
#659388=IFCPROPERTYSET('3JHruKtOP6SvdY02bP3u$W',#41,'Pset_ProductRequirements',$,(#659387));
#659390=IFCPROPERTYSET('0agHa2xsH9ceO$x1dHJM91',#41,'Pset_QuantityTakeOff',$,(#548047));
#659392=IFCPROPERTYSINGLEVALUE('NumberOfRiser',$,IFCCOUNTMEASURE(3.),$);
#659393=IFCPROPERTYSINGLEVALUE('NumberOfTreads',$,IFCCOUNTMEASURE(2.),$);
#659394=IFCPROPERTYSINGLEVALUE('RiserHeight',$,IFCPOSITIVELENGTHMEASURE(150.),$);
#659395=IFCPROPERTYSINGLEVALUE('TreadLength',$,IFCPOSITIVELENGTHMEASURE(250.),$);
#659396=IFCPROPERTYSET('2lWrGK6Aj43QEHmtWwf52A',#41,'Pset_StairCommon',$,(#329,#548047,#659392,#659393,#659394,#659395));
#659427=IFCRELDEFINESBYPROPERTIES('2Tr5RZUKbFJAYxF2frghPd',#41,$,$,(#658947),#659388);
#659431=IFCRELDEFINESBYPROPERTIES('2cE8NEksfDJgLmZ0yW12Zj',#41,$,$,(#658947),#659390);
#659434=IFCRELDEFINESBYPROPERTIES('0BTftJY7DCswTL74tvjpvG',#41,$,$,(#658947),#659396);
#659480=IFCCARTESIANPOINT((0.,0.));
#659482=IFCAXIS2PLACEMENT2D(#659480,#23);
#659483=IFCRECTANGLEPROFILEDEF(.AREA.,'10*10',#659482,199.999999999999,200.);
#659484=IFCAXIS2PLACEMENT3D(#6,#19,#17);
#659485=IFCEXTRUDEDAREASOLID(#659483,#659484,#19,4850.);
#659486=IFCSHAPEREPRESENTATION(#117,'Body','SweptSolid',(#659485));
#659488=IFCAXIS2PLACEMENT3D(#6,$,$);
#659489=IFCREPRESENTATIONMAP(#659488,#659486);
#659490=IFCCOLUMNTYPE('1eu4XPbTzBchVWRGaY34DY',#41,'M_Rectangular Column:10*10',$,$,(#659531,#659534,#659536,#659539),(#659489),'572017',$,.COLUMN.);
#659492=IFCMAPPEDITEM(#659489,#1803);
#659494=IFCSHAPEREPRESENTATION(#117,'Body','MappedRepresentation',(#659492));
#659496=IFCPRODUCTDEFINITIONSHAPE($,$,(#659494));
#659498=IFCCARTESIANPOINT((-2564.00413957794,6397.59166981032,0.));
#659500=IFCDIRECTION((0.707106781186549,0.707106781186546,0.));
#659502=IFCAXIS2PLACEMENT3D(#659498,#19,#659500);
#659503=IFCLOCALPLACEMENT(#137,#659502);
#659504=IFCCOLUMN('1eu4XPbTzBchVWRGaY34FW',#41,'M_Rectangular Column:10*10:572147',$,'M_Rectangular Column:10*10',#659503,#659496,'572147');
#659507=IFCPROPERTYSINGLEVALUE('Reference',$,IFCIDENTIFIER('10*10'),$);
#659508=IFCPROPERTYSET('3S5HvCNaP3hABuhxjWAA_i',#41,'Pset_ColumnCommon',$,(#329,#659507));
#659510=IFCPROPERTYSINGLEVALUE('Category',$,IFCLABEL('Columns'),$);
#659511=IFCPROPERTYSET('1GXWpPTMn63RZQgN6YpX9Y',#41,'Pset_ProductRequirements',$,(#659510));
#659513=IFCPROPERTYSET('0PZUA2P3j3LA9AQnycpIpd',#41,'Pset_QuantityTakeOff',$,(#659507));
#659515=IFCPROPERTYSINGLEVALUE('Reference',$,IFCLABEL('10*10'),$);
#659516=IFCPROPERTYSET('0pvUSGFjr0jRc3ylTH$6vi',#41,'Pset_ReinforcementBarPitchOfColumn',$,(#659515));
#659518=IFCRELDEFINESBYPROPERTIES('2EQmFW2Xb6Xepjsfp8tapf',#41,$,$,(#659504),#659508);
#659522=IFCRELDEFINESBYPROPERTIES('2g05kAccD0fAgcDGE6vAjT',#41,$,$,(#659504),#659511);
#659525=IFCRELDEFINESBYPROPERTIES('3$gSbyeDjDLg7A561kG75w',#41,$,$,(#659504),#659513);
#659528=IFCRELDEFINESBYPROPERTIES('1YJjYcPcn7HAs6ju$qaO1P',#41,$,$,(#659504),#659516);
#659531=IFCPROPERTYSET('2TkQ2D82z6Muatyhzhw1qJ',#41,'Pset_ColumnCommon',$,(#329,#659507));
#659533=IFCPROPERTYSINGLEVALUE('Category',$,IFCLABEL('Columns'),$);
#659534=IFCPROPERTYSET('1YpcUeVPT9dxdeUL1VksYV',#41,'Pset_ProductRequirements',$,(#659533));
#659536=IFCPROPERTYSET('2VFES0w2v3GBFEyT8vRbG$',#41,'Pset_QuantityTakeOff',$,(#659507));
#659538=IFCPROPERTYSINGLEVALUE('Reference',$,IFCLABEL('10*10'),$);
#659539=IFCPROPERTYSET('3yRiI2m2j8QRHKytU4YAzP',#41,'Pset_ReinforcementBarPitchOfColumn',$,(#659538));
#659546=IFCMAPPEDITEM(#659489,#1803);
#659547=IFCSHAPEREPRESENTATION(#117,'Body','MappedRepresentation',(#659546));
#659549=IFCPRODUCTDEFINITIONSHAPE($,$,(#659547));
#659551=IFCCARTESIANPOINT((6734.36392593547,2311.0087602159,0.));
#659553=IFCDIRECTION((0.258606594901691,0.965982727109213,0.));
#659555=IFCAXIS2PLACEMENT3D(#659551,#19,#659553);
#659556=IFCLOCALPLACEMENT(#137,#659555);
#659557=IFCCOLUMN('1eu4XPbTzBchVWRGaY34Ai',#41,'M_Rectangular Column:10*10:572351',$,'M_Rectangular Column:10*10',#659556,#659549,'572351');
#659560=IFCPROPERTYSET('1eaZG2AmjFJeuzRAcUnRIM',#41,'Pset_ColumnCommon',$,(#329,#659507));
#659562=IFCPROPERTYSINGLEVALUE('Category',$,IFCLABEL('Columns'),$);
#659563=IFCPROPERTYSET('3uw4It7B954hh4Fgqphp2_',#41,'Pset_ProductRequirements',$,(#659562));
#659565=IFCPROPERTYSET('0dAuyLRb92EA1O3XQbzHrB',#41,'Pset_QuantityTakeOff',$,(#659507));
#659567=IFCPROPERTYSINGLEVALUE('Reference',$,IFCLABEL('10*10'),$);
#659568=IFCPROPERTYSET('36$2zMEujF3fzltmEFqpNn',#41,'Pset_ReinforcementBarPitchOfColumn',$,(#659567));
#659570=IFCRELDEFINESBYPROPERTIES('3tL6AapY96fQvolLDgHohE',#41,$,$,(#659557),#659560);
#659574=IFCRELDEFINESBYPROPERTIES('3xFBVdXlz4RwGgijyY53v8',#41,$,$,(#659557),#659563);
#659577=IFCRELDEFINESBYPROPERTIES('0x4bTgFXT9GR$9HMfn0Uck',#41,$,$,(#659557),#659565);
#659580=IFCRELDEFINESBYPROPERTIES('03D5bm7EnAVve4QtUFaJDh',#41,$,$,(#659557),#659568);
#710059=IFCAXIS2PLACEMENT3D(#710455,$,$);
#710060=IFCLOCALPLACEMENT(#658946,#710059);
#710061=IFCCARTESIANPOINT((61.8718433538219,44.1941738241597,1319.09830056237));
#710063=IFCCARTESIANPOINT((61.8718433538219,44.1941738241597,150.));
#710065=IFCCARTESIANPOINT((44.1941738241586,61.871843353824,150.));
#710067=IFCCARTESIANPOINT((44.1941738241581,61.871843353823,1319.09830056237));
#710069=IFCPOLYLOOP((#710061,#710063,#710065,#710067));
#710071=IFCFACEOUTERBOUND(#710069,.T.);
#710072=IFCFACE((#710071));
#710074=IFCCARTESIANPOINT((26.5165042944954,44.1941738241597,150.));
#710076=IFCCARTESIANPOINT((26.5165042944949,44.1941738241608,1331.59830056236));
#710078=IFCPOLYLOOP((#710067,#710065,#710074,#710076));
#710080=IFCFACEOUTERBOUND(#710078,.T.);
#710081=IFCFACE((#710080));
#710083=IFCCARTESIANPOINT((44.1941738241586,26.5165042944954,150.));
#710085=IFCCARTESIANPOINT((44.1941738241592,26.5165042944965,1331.59830056236));
#710087=IFCPOLYLOOP((#710076,#710074,#710083,#710085));
#710089=IFCFACEOUTERBOUND(#710087,.T.);
#710090=IFCFACE((#710089));
#710092=IFCPOLYLOOP((#710063,#710061,#710085,#710083));
#710094=IFCFACEOUTERBOUND(#710092,.T.);
#710095=IFCFACE((#710094));
#710097=IFCPOLYLOOP((#710061,#710067,#710076,#710085));
#710099=IFCFACEOUTERBOUND(#710097,.T.);
#710100=IFCFACE((#710099));
#710102=IFCPOLYLOOP((#710065,#710063,#710083,#710074));
#710104=IFCFACEOUTERBOUND(#710102,.T.);
#710105=IFCFACE((#710104));
#710107=IFCCARTESIANPOINT((150.260191002141,132.582521472478,1256.5983005624));
#710109=IFCCARTESIANPOINT((150.260191002141,132.582521472478,150.));
#710111=IFCCARTESIANPOINT((132.582521472477,150.260191002142,150.));
#710113=IFCCARTESIANPOINT((132.582521472477,150.260191002141,1256.5983005624));
#710115=IFCPOLYLOOP((#710107,#710109,#710111,#710113));
#710117=IFCFACEOUTERBOUND(#710115,.T.);
#710118=IFCFACE((#710117));
#710120=IFCCARTESIANPOINT((114.904851942814,132.582521472478,150.));
#710122=IFCCARTESIANPOINT((114.904851942814,132.582521472479,1269.0983005624));
#710124=IFCPOLYLOOP((#710113,#710111,#710120,#710122));
#710126=IFCFACEOUTERBOUND(#710124,.T.);
#710127=IFCFACE((#710126));
#710129=IFCCARTESIANPOINT((132.582521472477,114.904851942814,150.));
#710131=IFCCARTESIANPOINT((132.582521472478,114.904851942815,1269.0983005624));
#710133=IFCPOLYLOOP((#710122,#710120,#710129,#710131));
#710135=IFCFACEOUTERBOUND(#710133,.T.);
#710136=IFCFACE((#710135));
#710138=IFCPOLYLOOP((#710109,#710107,#710131,#710129));
#710140=IFCFACEOUTERBOUND(#710138,.T.);
#710141=IFCFACE((#710140));
#710143=IFCPOLYLOOP((#710107,#710113,#710122,#710131));
#710145=IFCFACEOUTERBOUND(#710143,.T.);
#710146=IFCFACE((#710145));
#710148=IFCPOLYLOOP((#710111,#710109,#710129,#710120));
#710150=IFCFACEOUTERBOUND(#710148,.T.);
#710151=IFCFACE((#710150));
#710153=IFCCARTESIANPOINT((238.648538650459,220.970869120796,1194.09830056251));
#710155=IFCCARTESIANPOINT((238.648538650459,220.970869120796,150.));
#710157=IFCCARTESIANPOINT((220.970869120795,238.648538650461,150.));
#710159=IFCCARTESIANPOINT((220.970869120795,238.64853865046,1194.09830056251));
#710161=IFCPOLYLOOP((#710153,#710155,#710157,#710159));
#710163=IFCFACEOUTERBOUND(#710161,.T.);
#710164=IFCFACE((#710163));
#710166=IFCCARTESIANPOINT((203.293199591132,220.970869120796,150.));
#710168=IFCCARTESIANPOINT((203.293199591132,220.970869120798,1206.5983005625));
#710170=IFCPOLYLOOP((#710159,#710157,#710166,#710168));
#710172=IFCFACEOUTERBOUND(#710170,.T.);
#710173=IFCFACE((#710172));
#710175=IFCCARTESIANPOINT((220.970869120795,203.293199591132,150.));
#710177=IFCCARTESIANPOINT((220.970869120795,203.293199591133,1206.5983005625));
#710179=IFCPOLYLOOP((#710168,#710166,#710175,#710177));
#710181=IFCFACEOUTERBOUND(#710179,.T.);
#710182=IFCFACE((#710181));
#710184=IFCPOLYLOOP((#710155,#710153,#710177,#710175));
#710186=IFCFACEOUTERBOUND(#710184,.T.);
#710187=IFCFACE((#710186));
#710189=IFCPOLYLOOP((#710153,#710159,#710168,#710177));
#710191=IFCFACEOUTERBOUND(#710189,.T.);
#710192=IFCFACE((#710191));
#710194=IFCPOLYLOOP((#710157,#710155,#710175,#710166));
#710196=IFCFACEOUTERBOUND(#710194,.T.);
#710197=IFCFACE((#710196));
#710199=IFCCARTESIANPOINT((327.036886298777,309.359216769115,1131.59830056247));
#710201=IFCCARTESIANPOINT((327.036886298777,309.359216769115,0.));
#710203=IFCCARTESIANPOINT((309.359216769114,327.036886298779,0.));
#710205=IFCCARTESIANPOINT((309.359216769114,327.036886298778,1131.59830056247));
#710207=IFCPOLYLOOP((#710199,#710201,#710203,#710205));
#710209=IFCFACEOUTERBOUND(#710207,.T.);
#710210=IFCFACE((#710209));
#710212=IFCCARTESIANPOINT((291.68154723945,309.359216769115,0.));
#710214=IFCCARTESIANPOINT((291.68154723945,309.359216769116,1144.09830056246));
#710216=IFCPOLYLOOP((#710205,#710203,#710212,#710214));
#710218=IFCFACEOUTERBOUND(#710216,.T.);
#710219=IFCFACE((#710218));
#710221=IFCCARTESIANPOINT((309.359216769114,291.68154723945,0.));
#710223=IFCCARTESIANPOINT((309.359216769114,291.681547239452,1144.09830056246));
#710225=IFCPOLYLOOP((#710214,#710212,#710221,#710223));
#710227=IFCFACEOUTERBOUND(#710225,.T.);
#710228=IFCFACE((#710227));
#710230=IFCPOLYLOOP((#710201,#710199,#710223,#710221));
#710232=IFCFACEOUTERBOUND(#710230,.T.);
#710233=IFCFACE((#710232));
#710235=IFCPOLYLOOP((#710199,#710205,#710214,#710223));
#710237=IFCFACEOUTERBOUND(#710235,.T.);
#710238=IFCFACE((#710237));
#710240=IFCPOLYLOOP((#710203,#710201,#710221,#710212));
#710242=IFCFACEOUTERBOUND(#710240,.T.);
#710243=IFCFACE((#710242));
#710245=IFCCARTESIANPOINT((415.425233947096,397.747564417433,1069.0983005625));
#710247=IFCCARTESIANPOINT((415.425233947096,397.747564417433,0.));
#710249=IFCCARTESIANPOINT((397.747564417432,415.425233947097,0.));
#710251=IFCCARTESIANPOINT((397.747564417432,415.425233947096,1069.0983005625));
#710253=IFCPOLYLOOP((#710245,#710247,#710249,#710251));
#710255=IFCFACEOUTERBOUND(#710253,.T.);
#710256=IFCFACE((#710255));
#710258=IFCCARTESIANPOINT((380.069894887769,397.747564417433,0.));
#710260=IFCCARTESIANPOINT((380.069894887769,397.747564417434,1081.59830056249));
#710262=IFCPOLYLOOP((#710251,#710249,#710258,#710260));
#710264=IFCFACEOUTERBOUND(#710262,.T.);
#710265=IFCFACE((#710264));
#710267=IFCCARTESIANPOINT((397.747564417432,380.069894887769,0.));
#710269=IFCCARTESIANPOINT((397.747564417432,380.06989488777,1081.59830056249));
#710271=IFCPOLYLOOP((#710260,#710258,#710267,#710269));
#710273=IFCFACEOUTERBOUND(#710271,.T.);
#710274=IFCFACE((#710273));
#710276=IFCPOLYLOOP((#710247,#710245,#710269,#710267));
#710278=IFCFACEOUTERBOUND(#710276,.T.);
#710279=IFCFACE((#710278));
#710281=IFCPOLYLOOP((#710245,#710251,#710260,#710269));
#710283=IFCFACEOUTERBOUND(#710281,.T.);
#710284=IFCFACE((#710283));
#710286=IFCPOLYLOOP((#710249,#710247,#710267,#710258));
#710288=IFCFACEOUTERBOUND(#710286,.T.);
#710289=IFCFACE((#710288));
#710291=IFCCARTESIANPOINT((44.1941738241581,26.5165042944965,1331.59830056252));
#710293=IFCCARTESIANPOINT((44.1941738241581,26.5165042944965,150.));
#710295=IFCCARTESIANPOINT((26.5165042944949,44.1941738241608,150.));
#710297=IFCCARTESIANPOINT((26.5165042944943,44.1941738241597,1331.59830056252));
#710299=IFCPOLYLOOP((#710291,#710293,#710295,#710297));
#710301=IFCFACEOUTERBOUND(#710299,.T.);
#710302=IFCFACE((#710301));
#710304=IFCCARTESIANPOINT((8.83883476483162,26.5165042944965,150.));
#710306=IFCCARTESIANPOINT((8.83883476483108,26.5165042944976,1344.09830056251));
#710308=IFCPOLYLOOP((#710297,#710295,#710304,#710306));
#710310=IFCFACEOUTERBOUND(#710308,.T.);
#710311=IFCFACE((#710310));
#710313=IFCCARTESIANPOINT((26.5165042944949,8.83883476483216,150.));
#710315=IFCCARTESIANPOINT((26.5165042944954,8.83883476483324,1344.09830056251));
#710317=IFCPOLYLOOP((#710306,#710304,#710313,#710315));
#710319=IFCFACEOUTERBOUND(#710317,.T.);
#710320=IFCFACE((#710319));
#710322=IFCPOLYLOOP((#710293,#710291,#710315,#710313));
#710324=IFCFACEOUTERBOUND(#710322,.T.);
#710325=IFCFACE((#710324));
#710327=IFCPOLYLOOP((#710291,#710297,#710306,#710315));
#710329=IFCFACEOUTERBOUND(#710327,.T.);
#710330=IFCFACE((#710329));
#710332=IFCPOLYLOOP((#710295,#710293,#710313,#710304));
#710334=IFCFACEOUTERBOUND(#710332,.T.);
#710335=IFCFACE((#710334));
#710337=IFCCARTESIANPOINT((450.780573006423,433.102903476761,1044.09830056251));
#710339=IFCCARTESIANPOINT((450.780573006423,433.102903476761,0.));
#710341=IFCCARTESIANPOINT((433.10290347676,450.780573006425,0.));
#710343=IFCCARTESIANPOINT((433.10290347676,450.780573006424,1044.09830056251));
#710345=IFCPOLYLOOP((#710337,#710339,#710341,#710343));
#710347=IFCFACEOUTERBOUND(#710345,.T.);
#710348=IFCFACE((#710347));
#710350=IFCCARTESIANPOINT((415.425233947096,433.102903476761,0.));
#710352=IFCCARTESIANPOINT((415.425233947096,433.102903476762,1056.5983005625));
#710354=IFCPOLYLOOP((#710343,#710341,#710350,#710352));
#710356=IFCFACEOUTERBOUND(#710354,.T.);
#710357=IFCFACE((#710356));
#710359=IFCCARTESIANPOINT((433.10290347676,415.425233947096,0.));
#710361=IFCCARTESIANPOINT((433.10290347676,415.425233947097,1056.5983005625));
#710363=IFCPOLYLOOP((#710352,#710350,#710359,#710361));
#710365=IFCFACEOUTERBOUND(#710363,.T.);
#710366=IFCFACE((#710365));
#710368=IFCPOLYLOOP((#710339,#710337,#710361,#710359));
#710370=IFCFACEOUTERBOUND(#710368,.T.);
#710371=IFCFACE((#710370));
#710373=IFCPOLYLOOP((#710337,#710343,#710352,#710361));
#710375=IFCFACEOUTERBOUND(#710373,.T.);
#710376=IFCFACE((#710375));
#710378=IFCPOLYLOOP((#710341,#710339,#710359,#710350));
#710380=IFCFACEOUTERBOUND(#710378,.T.);
#710381=IFCFACE((#710380));
#710383=IFCCARTESIANPOINT((459.619407771256,424.264068711929,1100.));
#710385=IFCCARTESIANPOINT((459.619407771256,424.264068711929,1044.09830056251));
#710387=IFCCARTESIANPOINT((424.264068711928,459.619407771256,1044.09830056251));
#710389=IFCCARTESIANPOINT((424.264068711928,459.619407771256,1100.));
#710391=IFCPOLYLOOP((#710383,#710385,#710387,#710389));
#710393=IFCFACEOUTERBOUND(#710391,.T.);
#710394=IFCFACE((#710393));
#710396=IFCCARTESIANPOINT((35.3553390593276,0.,1400.));
#710398=IFCCARTESIANPOINT((0.,35.3553390593276,1400.));
#710400=IFCCARTESIANPOINT((0.,35.3553390593276,1344.09830056251));
#710402=IFCCARTESIANPOINT((35.3553390593276,0.,1344.09830056251));
#710404=IFCPOLYLOOP((#710396,#710398,#710400,#710402));
#710406=IFCFACEOUTERBOUND(#710404,.T.);
#710407=IFCFACE((#710406));
#710409=IFCPOLYLOOP((#710385,#710383,#710396,#710402));
#710411=IFCFACEOUTERBOUND(#710409,.T.);
#710412=IFCFACE((#710411));
#710414=IFCPOLYLOOP((#710387,#710385,#710402,#710400));
#710416=IFCFACEOUTERBOUND(#710414,.T.);
#710417=IFCFACE((#710416));
#710419=IFCPOLYLOOP((#710389,#710387,#710400,#710398));
#710421=IFCFACEOUTERBOUND(#710419,.T.);
#710422=IFCFACE((#710421));
#710424=IFCPOLYLOOP((#710383,#710389,#710398,#710396));
#710426=IFCFACEOUTERBOUND(#710424,.T.);
#710427=IFCFACE((#710426));
#710429=IFCCLOSEDSHELL((#710072,#710081,#710090,#710095,#710100,#710105));
#710431=IFCFACETEDBREP(#710429);
#710432=IFCCLOSEDSHELL((#710118,#710127,#710136,#710141,#710146,#710151));
#710434=IFCFACETEDBREP(#710432);
#710435=IFCCLOSEDSHELL((#710164,#710173,#710182,#710187,#710192,#710197));
#710437=IFCFACETEDBREP(#710435);
#710438=IFCCLOSEDSHELL((#710210,#710219,#710228,#710233,#710238,#710243));
#710440=IFCFACETEDBREP(#710438);
#710441=IFCCLOSEDSHELL((#710256,#710265,#710274,#710279,#710284,#710289));
#710443=IFCFACETEDBREP(#710441);
#710444=IFCCLOSEDSHELL((#710302,#710311,#710320,#710325,#710330,#710335));
#710446=IFCFACETEDBREP(#710444);
#710447=IFCCLOSEDSHELL((#710348,#710357,#710366,#710371,#710376,#710381));
#710449=IFCFACETEDBREP(#710447);
#710450=IFCCLOSEDSHELL((#710394,#710407,#710412,#710417,#710422,#710427));
#710452=IFCFACETEDBREP(#710450);
#710453=IFCSHAPEREPRESENTATION(#117,'Body','Brep',(#710431,#710434,#710437,#710440,#710443,#710446,#710449,#710452));
#710455=IFCCARTESIANPOINT((-2563.72129686546,6503.37484427582,150.));
#710457=IFCPRODUCTDEFINITIONSHAPE($,$,(#710453));
#710459=IFCRAILING('2lWrGK6Aj43QEHo8Gwf54M',#41,'Railing:1100mm:571681',$,'Railing:1100mm',#710060,#710457,'571681',.NOTDEFINED.);
#710482=IFCAXIS2PLACEMENT3D(#6,$,$);
#710483=IFCLOCALPLACEMENT(#658946,#710482);
#710484=IFCCARTESIANPOINT((-587.674150281183,-12.5000000000001));
#710486=IFCCARTESIANPOINT((581.424150281186,-12.5000000000001));
#710488=IFCCARTESIANPOINT((593.92415028118,12.4999999999996));
#710490=IFCCARTESIANPOINT((-587.674150281183,12.4999999999996));
#710492=IFCPOLYLINE((#710484,#710486,#710488,#710490,#710484));
#710494=IFCARBITRARYCLOSEDPROFILEDEF(.AREA.,'1100mm',#710492);
#710495=IFCCARTESIANPOINT((6829.90981349019,2427.77188840248,887.674150281183));
#710497=IFCDIRECTION((0.965982988931994,-0.258605616903445,0.));
#710499=IFCAXIS2PLACEMENT3D(#710495,#710497,#19);
#710500=IFCEXTRUDEDAREASOLID(#710494,#710499,#19,24.9999999999998);
#710501=IFCCARTESIANPOINT((-556.424150281199,-12.4999999999998));
#710503=IFCCARTESIANPOINT((550.174150281203,-12.4999999999998));
#710505=IFCCARTESIANPOINT((562.674150281196,12.5000000000001));
#710507=IFCCARTESIANPOINT((-556.424150281199,12.5000000000001));
#710509=IFCPOLYLINE((#710501,#710503,#710505,#710507,#710501));
#710511=IFCARBITRARYCLOSEDPROFILEDEF(.AREA.,'1100mm',#710509);
#710512=IFCCARTESIANPOINT((6862.23551560312,2548.51976201898,856.424150281199));
#710514=IFCDIRECTION((0.965982988931994,-0.258605616903445,0.));
#710516=IFCAXIS2PLACEMENT3D(#710512,#710514,#19);
#710517=IFCEXTRUDEDAREASOLID(#710511,#710516,#19,24.9999999999998);
#710518=IFCCARTESIANPOINT((-525.174150281254,-12.4999999999998));
#710520=IFCCARTESIANPOINT((518.924150281257,-12.4999999999998));
#710522=IFCCARTESIANPOINT((531.424150281251,12.5000000000001));
#710524=IFCCARTESIANPOINT((-525.174150281254,12.5000000000001));
#710526=IFCPOLYLINE((#710518,#710520,#710522,#710524,#710518));
#710528=IFCARBITRARYCLOSEDPROFILEDEF(.AREA.,'1100mm',#710526);
#710529=IFCCARTESIANPOINT((6894.56121771605,2669.26763563548,825.174150281253));
#710531=IFCDIRECTION((0.965982988931994,-0.258605616903445,0.));
#710533=IFCAXIS2PLACEMENT3D(#710529,#710531,#19);
#710534=IFCEXTRUDEDAREASOLID(#710528,#710533,#19,24.9999999999998);
#710535=IFCCARTESIANPOINT((-568.924150281231,-12.4999999999998));
#710537=IFCCARTESIANPOINT((562.674150281234,-12.4999999999998));
#710539=IFCCARTESIANPOINT((575.174150281228,12.5000000000001));
#710541=IFCCARTESIANPOINT((-568.924150281231,12.5000000000001));
#710543=IFCPOLYLINE((#710535,#710537,#710539,#710541,#710535));
#710545=IFCARBITRARYCLOSEDPROFILEDEF(.AREA.,'1100mm',#710543);
#710546=IFCCARTESIANPOINT((6926.88691982898,2790.01550925198,718.924150281231));
#710548=IFCDIRECTION((0.965982988931994,-0.258605616903445,0.));
#710550=IFCAXIS2PLACEMENT3D(#710546,#710548,#19);
#710551=IFCEXTRUDEDAREASOLID(#710545,#710550,#19,24.9999999999998);
#710552=IFCCARTESIANPOINT((-537.674150281247,-12.5000000000001));
#710554=IFCCARTESIANPOINT((531.42415028125,-12.5000000000001));
#710556=IFCCARTESIANPOINT((543.924150281244,12.4999999999998));
#710558=IFCCARTESIANPOINT((-537.674150281247,12.4999999999998));
#710560=IFCPOLYLINE((#710552,#710554,#710556,#710558,#710552));
#710562=IFCARBITRARYCLOSEDPROFILEDEF(.AREA.,'1100mm',#710560);
#710563=IFCCARTESIANPOINT((6959.2126219419,2910.76338286848,687.674150281247));
#710565=IFCDIRECTION((0.965982988931994,-0.258605616903445,0.));
#710567=IFCAXIS2PLACEMENT3D(#710563,#710565,#19);
#710568=IFCEXTRUDEDAREASOLID(#710562,#710567,#19,24.9999999999998);
#710569=IFCCARTESIANPOINT((-593.924150281257,-12.5000000000004));
#710571=IFCCARTESIANPOINT((587.67415028126,-12.5000000000004));
#710573=IFCCARTESIANPOINT((600.174150281253,12.4999999999998));
#710575=IFCCARTESIANPOINT((-593.924150281257,12.4999999999998));
#710577=IFCPOLYLINE((#710569,#710571,#710573,#710575,#710569));
#710579=IFCARBITRARYCLOSEDPROFILEDEF(.AREA.,'1100mm',#710577);
#710580=IFCCARTESIANPOINT((6823.44467306753,2403.62231367889,893.924150281257));
#710582=IFCDIRECTION((0.965982988931995,-0.258605616903442,0.));
#710584=IFCAXIS2PLACEMENT3D(#710580,#710582,#19);
#710585=IFCEXTRUDEDAREASOLID(#710579,#710584,#19,24.9999999999998);
#710586=IFCCARTESIANPOINT((-525.174150281254,-12.5000000000001));
#710588=IFCCARTESIANPOINT((518.924150281257,-12.5000000000001));
#710590=IFCCARTESIANPOINT((531.424150281251,12.4999999999998));
#710592=IFCCARTESIANPOINT((-525.174150281254,12.4999999999998));
#710594=IFCPOLYLINE((#710586,#710588,#710590,#710592,#710586));
#710596=IFCARBITRARYCLOSEDPROFILEDEF(.AREA.,'1100mm',#710594);
#710597=IFCCARTESIANPOINT((6972.14290278708,2959.06253231508,675.174150281253));
#710599=IFCDIRECTION((0.965982988931994,-0.258605616903445,0.));
#710601=IFCAXIS2PLACEMENT3D(#710597,#710599,#19);
#710602=IFCEXTRUDEDAREASOLID(#710596,#710601,#19,24.9999999999998);
#710603=IFCCARTESIANPOINT((-322.910196625113,-25.));
#710605=IFCCARTESIANPOINT((347.910196625099,-25.));
#710607=IFCCARTESIANPOINT((322.910196625112,25.));
#710609=IFCCARTESIANPOINT((-347.9101966251,25.));
#710611=IFCPOLYLINE((#710603,#710605,#710607,#710609,#710603));
#710613=IFCARBITRARYCLOSEDPROFILEDEF(.AREA.,'1100mm',#710611);
#710614=IFCCARTESIANPOINT((6885.71900056565,2684.57499320828,1372.04915028126));
#710616=IFCDIRECTION((0.965982988931997,-0.258605616903433,0.));
#710618=IFCDIRECTION((-0.231303895503753,-0.86400145134424,0.447213595499775));
#710620=IFCAXIS2PLACEMENT3D(#710614,#710616,#710618);
#710621=IFCEXTRUDEDAREASOLID(#710613,#710620,#19,50.0000000000007);
#710622=IFCSHAPEREPRESENTATION(#117,'Body','SweptSolid',(#710500,#710517,#710534,#710551,#710568,#710585,#710602,#710621));
#710624=IFCPRODUCTDEFINITIONSHAPE($,$,(#710622));
#710626=IFCRAILING('2lWrGK6Aj43QEHo8Gwf54I',#41,'Railing:1100mm:571685',$,'Railing:1100mm',#710483,#710624,'571685',.NOTDEFINED.);
#710784=IFCRELAGGREGATES('2lWrGK6Aj43QEHo8Swf52A',#41,$,$,#658947,(#659323,#659354,#659384,#710459,#710626));
#710838=IFCPROPERTYSINGLEVALUE('Name',$,IFCLABEL('Street level'),$);
#710839=IFCPROPERTYSET('0w$u$RC1zAdxw0we3LRCsq',#41,'Pset_AirSideSystemInformation',$,(#710838));
#710841=IFCPROPERTYSINGLEVALUE('AboveGround',$,IFCLOGICAL(.U.),$);
#710842=IFCPROPERTYSET('3Zu5Bv0LOHrPC12_o6FoQQ',#41,'Pset_BuildingStoreyCommon',$,(#710841));
#710844=IFCPROPERTYSINGLEVALUE('Name',$,IFCLABEL('Street level'),$);
#710845=IFCPROPERTYSINGLEVALUE('Category',$,IFCLABEL('Levels'),$);
#710846=IFCPROPERTYSET('1T5Xs40Wj9ifa06qUbRXcZ',#41,'Pset_ProductRequirements',$,(#710844,#710845));
#710848=IFCRELDEFINESBYPROPERTIES('16bWEt3rv84xH8sBKM47Vp',#41,$,$,(#139),#710839);
#710852=IFCRELDEFINESBYPROPERTIES('2ralSErunAcgunBIb$LDyT',#41,$,$,(#139),#710842);
#710855=IFCRELDEFINESBYPROPERTIES('3dKsWlhnjEIRv8LcgIL4W6',#41,$,$,(#139),#710846);
#710858=IFCRELCONTAINEDINSPATIALSTRUCTURE('3Zu5Bv0LOHrPC10066FoQQ',#41,$,$,(#246,#663,#270503,#270549,#523123,#619887,#658801,#658832,#658863,#658894,#658925,#658947,#659504,#659557),#139);
#711206=IFCRELAGGREGATES('29kZoRoanBFBl1UhIBbDCc',#41,$,$,#120,(#167));
#711210=IFCRELAGGREGATES('0IFGiSIEz9aAH0spaTXH_u',#41,$,$,#167,(#130));
#711214=IFCRELAGGREGATES('27PCKGLxT4mxtV9cw6mgBW',#41,$,$,#130,(#139,#145,#151,#157,#163));
#711236=IFCRELASSOCIATESMATERIAL('1qIi_od_z9DuOBpA7Syts$',#41,$,$,(#246),#316);
#711239=IFCRELASSOCIATESMATERIAL('2RNW7QTh90kQQOB2LsWn1f',#41,$,$,(#663),#681);
#711338=IFCRELASSOCIATESMATERIAL('2ekkkPgez3sfzCmXihhHtr',#41,$,$,(#270549),#270566);
#711371=IFCRELASSOCIATESMATERIAL('1HzGe3211AIBY2211tDuEC',#41,$,$,(#523123),#523126);
#712281=IFCRELASSOCIATESMATERIAL('0oSJbuMlLAFxJJn2q4T0xq',#41,$,$,(#266501,#266525,#266576,#658801,#658832,#658863,#658894,#658925),#266503);
#712493=IFCRELASSOCIATESMATERIAL('0D8IjDGmz2nRFoVTNQdEVR',#41,$,$,(#619863,#619887),#619865);
#712585=IFCRELDEFINESBYTYPE('1KQEmHdrv9uhUpOhi_UB0g',#41,$,$,(#246),#255);
#712588=IFCRELDEFINESBYTYPE('2JYeWC8r5D5AwkcqMMnfDo',#41,$,$,(#663),#666);
#712705=IFCRELDEFINESBYTYPE('2xuSmxzAj5bPz$$6BZuDdn',#41,$,$,(#266525,#266576,#658801,#658832,#658863,#658894,#658925),#266501);
#712708=IFCRELDEFINESBYTYPE('0AzQardqz5HfiejvhAmdZl',#41,$,$,(#270549,#523123),#270567);
#712873=IFCRELDEFINESBYTYPE('2PZV7ZkeL3wByPtYShBl9_',#41,$,$,(#619887),#619863);
#713203=IFCRELDEFINESBYTYPE('1dDOinv9z4KBemnaryXwiE',#41,$,$,(#659504,#659557),#659490);
#715297=IFCCARTESIANPOINT((-16474.6619583116,-7959.28262121852,-151.626662723254));
#715299=IFCAXIS2PLACEMENT3D(#715297,$,$);
ENDSEC;
END-ISO-10303-21;
