solid exported
	facet normal 0 0 -1
		outer loop
			vertex -10 -10 -10
			vertex -4.903926372528076 -0.9754515886306763 -10
			vertex -4.784701824188232 -1.4514234066009521 -10
		endloop
	endfacet
	facet normal 0 0 -1
		outer loop
			vertex -10 -10 -10
			vertex -4.975923538208008 -0.4900856912136078 -10
			vertex -4.903926372528076 -0.9754515886306763 -10
		endloop
	endfacet
	facet normal 0 0 -1
		outer loop
			vertex -10 -10 -10
			vertex -5 0 -10
			vertex -4.975923538208008 -0.4900856912136078 -10
		endloop
	endfacet
	facet normal 0 0 -1
		outer loop
			vertex -10 -10 -10
			vertex -4.975923538208008 0.4900856912136078 -10
			vertex -5 0 -10
		endloop
	endfacet
	facet normal 0 -1 0
		outer loop
			vertex -10 -10 -10
			vertex 10 -10 -10
			vertex -10 -10 10
		endloop
	endfacet
	facet normal 0 0 -1
		outer loop
			vertex -10 -10 -10
			vertex -4.6193976402282715 -1.9134172201156616 -10
			vertex -4.409606456756592 -2.3569836616516113 -10
		endloop
	endfacet
	facet normal 0 0 -1
		outer loop
			vertex -10 -10 -10
			vertex -4.409606456756592 -2.3569836616516113 -10
			vertex -4.157348155975342 -2.777851104736328 -10
		endloop
	endfacet
	facet normal 0 0 -1
		outer loop
			vertex -10 -10 -10
			vertex -4.157348155975342 -2.777851104736328 -10
			vertex -3.8650522232055664 -3.171966314315796 -10
		endloop
	endfacet
	facet normal 0 0 -1
		outer loop
			vertex -10 -10 -10
			vertex -3.8650522232055664 -3.171966314315796 -10
			vertex -3.535533905029297 -3.535533905029297 -10
		endloop
	endfacet
	facet normal 0 0 -1
		outer loop
			vertex -10 -10 -10
			vertex -3.535533905029297 -3.535533905029297 -10
			vertex -3.171966314315796 -3.8650522232055664 -10
		endloop
	endfacet
	facet normal 0 0 -1
		outer loop
			vertex -10 -10 -10
			vertex -3.171966314315796 -3.8650522232055664 -10
			vertex -2.777851104736328 -4.157348155975342 -10
		endloop
	endfacet
	facet normal 0 0 -1
		outer loop
			vertex -10 -10 -10
			vertex -2.777851104736328 -4.157348155975342 -10
			vertex -2.3569836616516113 -4.409606456756592 -10
		endloop
	endfacet
	facet normal 0 0 -1
		outer loop
			vertex -10 -10 -10
			vertex -2.3569836616516113 -4.409606456756592 -10
			vertex -1.9134172201156616 -4.6193976402282715 -10
		endloop
	endfacet
	facet normal 0 0 -1
		outer loop
			vertex -10 -10 -10
			vertex -4.784701824188232 -1.4514234066009521 -10
			vertex -4.6193976402282715 -1.9134172201156616 -10
		endloop
	endfacet
	facet normal 0 0 -1
		outer loop
			vertex -10 -10 -10
			vertex -1.9134172201156616 -4.6193976402282715 -10
			vertex -1.4514234066009521 -4.784701824188232 -10
		endloop
	endfacet
	facet normal -1 0 0
		outer loop
			vertex -10 -10 -10
			vertex -10 -10 10
			vertex -10 10 10
		endloop
	endfacet
	facet normal 0 0 -1
		outer loop
			vertex -10 -10 -10
			vertex -10 10 -10
			vertex -4.784701824188232 1.4514234066009521 -10
		endloop
	endfacet
	facet normal 0 0 -1
		outer loop
			vertex -10 -10 -10
			vertex -4.903926372528076 0.9754515886306763 -10
			vertex -4.975923538208008 0.4900856912136078 -10
		endloop
	endfacet
	facet normal 0 0 -1
		outer loop
			vertex -10 -10 -10
			vertex -4.784701824188232 1.4514234066009521 -10
			vertex -4.903926372528076 0.9754515886306763 -10
		endloop
	endfacet
	facet normal -1 0 0
		outer loop
			vertex -10 -10 -10
			vertex -10 10 10
			vertex -10 10 -10
		endloop
	endfacet
	facet normal 0 0 -1
		outer loop
			vertex -10 -10 -10
			vertex -1.4514234066009521 -4.784701824188232 -10
			vertex 10 -10 -10
		endloop
	endfacet
	facet normal 0 0 -1
		outer loop
			vertex -1.4514234066009521 -4.784701824188232 -10
			vertex -0.9754515886306763 -4.903926372528076 -10
			vertex 10 -10 -10
		endloop
	endfacet
	facet normal 0 0 -1
		outer loop
			vertex -0.9754515886306763 -4.903926372528076 -10
			vertex -0.4900856912136078 -4.975923538208008 -10
			vertex 10 -10 -10
		endloop
	endfacet
	facet normal 0 0 -1
		outer loop
			vertex -0.4900856912136078 -4.975923538208008 -10
			vertex 0 -5 -10
			vertex 10 -10 -10
		endloop
	endfacet
	facet normal 0 0 -1
		outer loop
			vertex 0 -5 -10
			vertex 0.4900856912136078 -4.975923538208008 -10
			vertex 10 -10 -10
		endloop
	endfacet
	facet normal 0 0 -1
		outer loop
			vertex 0.4900856912136078 -4.975923538208008 -10
			vertex 0.9754515886306763 -4.903926372528076 -10
			vertex 10 -10 -10
		endloop
	endfacet
	facet normal 0 -1 0
		outer loop
			vertex -10 -10 10
			vertex 10 -10 -10
			vertex 10 -10 10
		endloop
	endfacet
	facet normal 0 0 1
		outer loop
			vertex -10 -10 10
			vertex -0.9754515886306763 -4.903926372528076 10
			vertex -1.4514234066009521 -4.784701824188232 10
		endloop
	endfacet
	facet normal 0 0 1
		outer loop
			vertex -10 -10 10
			vertex -0.4900856912136078 -4.975923538208008 10
			vertex -0.9754515886306763 -4.903926372528076 10
		endloop
	endfacet
	facet normal 0 0 1
		outer loop
			vertex -10 -10 10
			vertex 0 -5 10
			vertex -0.4900856912136078 -4.975923538208008 10
		endloop
	endfacet
	facet normal 0 0 1
		outer loop
			vertex -10 -10 10
			vertex 0.4900856912136078 -4.975923538208008 10
			vertex 0 -5 10
		endloop
	endfacet
	facet normal 0 0 1
		outer loop
			vertex -10 -10 10
			vertex -4.409606456756592 -2.3569836616516113 10
			vertex -4.6193976402282715 -1.9134172201156616 10
		endloop
	endfacet
	facet normal 0 0 1
		outer loop
			vertex -10 -10 10
			vertex -4.157348155975342 -2.777851104736328 10
			vertex -4.409606456756592 -2.3569836616516113 10
		endloop
	endfacet
	facet normal 0 0 1
		outer loop
			vertex -10 -10 10
			vertex -3.8650522232055664 -3.171966314315796 10
			vertex -4.157348155975342 -2.777851104736328 10
		endloop
	endfacet
	facet normal 0 0 1
		outer loop
			vertex -10 -10 10
			vertex -3.535533905029297 -3.535533905029297 10
			vertex -3.8650522232055664 -3.171966314315796 10
		endloop
	endfacet
	facet normal 0 0 1
		outer loop
			vertex -10 -10 10
			vertex -3.171966314315796 -3.8650522232055664 10
			vertex -3.535533905029297 -3.535533905029297 10
		endloop
	endfacet
	facet normal 0 0 1
		outer loop
			vertex -10 -10 10
			vertex -2.777851104736328 -4.157348155975342 10
			vertex -3.171966314315796 -3.8650522232055664 10
		endloop
	endfacet
	facet normal 0 0 1
		outer loop
			vertex -10 -10 10
			vertex -2.3569836616516113 -4.409606456756592 10
			vertex -2.777851104736328 -4.157348155975342 10
		endloop
	endfacet
	facet normal 0 0 1
		outer loop
			vertex -10 -10 10
			vertex -1.9134172201156616 -4.6193976402282715 10
			vertex -2.3569836616516113 -4.409606456756592 10
		endloop
	endfacet
	facet normal 0 0 1
		outer loop
			vertex -10 -10 10
			vertex -4.6193976402282715 -1.9134172201156616 10
			vertex -4.784701824188232 -1.4514234066009521 10
		endloop
	endfacet
	facet normal 0 0 1
		outer loop
			vertex -10 -10 10
			vertex -1.4514234066009521 -4.784701824188232 10
			vertex -1.9134172201156616 -4.6193976402282715 10
		endloop
	endfacet
	facet normal 0 0 1
		outer loop
			vertex -10 -10 10
			vertex -4.784701824188232 -1.4514234066009521 10
			vertex -10 10 10
		endloop
	endfacet
	facet normal 0 0 1
		outer loop
			vertex -4.784701824188232 -1.4514234066009521 10
			vertex -4.903926372528076 -0.9754515886306763 10
			vertex -10 10 10
		endloop
	endfacet
	facet normal 0 0 1
		outer loop
			vertex -4.903926372528076 -0.9754515886306763 10
			vertex -4.975923538208008 -0.4900856912136078 10
			vertex -10 10 10
		endloop
	endfacet
	facet normal 0 0 1
		outer loop
			vertex -4.975923538208008 -0.4900856912136078 10
			vertex -5 0 10
			vertex -10 10 10
		endloop
	endfacet
	facet normal 0 0 1
		outer loop
			vertex -10 10 10
			vertex -5 0 10
			vertex -4.975923538208008 0.4900856912136078 10
		endloop
	endfacet
	facet normal 0 0 1
		outer loop
			vertex -10 10 10
			vertex -4.975923538208008 0.4900856912136078 10
			vertex -4.903926372528076 0.9754515886306763 10
		endloop
	endfacet
	facet normal 0 0 1
		outer loop
			vertex -10 -10 10
			vertex 0.9754515886306763 -4.903926372528076 10
			vertex 0.4900856912136078 -4.975923538208008 10
		endloop
	endfacet
	facet normal 0 0 1
		outer loop
			vertex -10 -10 10
			vertex 1.4514234066009521 -4.784701824188232 10
			vertex 0.9754515886306763 -4.903926372528076 10
		endloop
	endfacet
	facet normal 0 0 1
		outer loop
			vertex -10 -10 10
			vertex 10 -10 10
			vertex 1.4514234066009521 -4.784701824188232 10
		endloop
	endfacet
	facet normal 0 0 1
		outer loop
			vertex 3.535533905029297 3.535533905029297 10
			vertex 4.343145847320557 4.343145847320557 10
			vertex 3.171966314315796 3.8650522232055664 10
		endloop
	endfacet
	facet normal 0 0 1
		outer loop
			vertex 3.535533905029297 3.535533905029297 10
			vertex 3.8650522232055664 3.171966314315796 10
			vertex 4.343145847320557 4.343145847320557 10
		endloop
	endfacet
	facet normal 0 0 -1
		outer loop
			vertex -10 10 -10
			vertex -4.6193976402282715 1.9134172201156616 -10
			vertex -4.784701824188232 1.4514234066009521 -10
		endloop
	endfacet
	facet normal 0 0 -1
		outer loop
			vertex -10 10 -10
			vertex -4.409606456756592 2.3569836616516113 -10
			vertex -4.6193976402282715 1.9134172201156616 -10
		endloop
	endfacet
	facet normal 0 0 -1
		outer loop
			vertex -10 10 -10
			vertex -4.157348155975342 2.777851104736328 -10
			vertex -4.409606456756592 2.3569836616516113 -10
		endloop
	endfacet
	facet normal 0 0 -1
		outer loop
			vertex -10 10 -10
			vertex -3.8650522232055664 3.171966314315796 -10
			vertex -4.157348155975342 2.777851104736328 -10
		endloop
	endfacet
	facet normal 0 0 -1
		outer loop
			vertex -10 10 -10
			vertex -3.535533905029297 3.535533905029297 -10
			vertex -3.8650522232055664 3.171966314315796 -10
		endloop
	endfacet
	facet normal 0 0 -1
		outer loop
			vertex -10 10 -10
			vertex -3.171966314315796 3.8650522232055664 -10
			vertex -3.535533905029297 3.535533905029297 -10
		endloop
	endfacet
	facet normal 0 0 -1
		outer loop
			vertex -10 10 -10
			vertex -2.777851104736328 4.157348155975342 -10
			vertex -3.171966314315796 3.8650522232055664 -10
		endloop
	endfacet
	facet normal 0 0 -1
		outer loop
			vertex -10 10 -10
			vertex -2.3569836616516113 4.409606456756592 -10
			vertex -2.777851104736328 4.157348155975342 -10
		endloop
	endfacet
	facet normal 0 0 -1
		outer loop
			vertex -10 10 -10
			vertex -1.9134172201156616 4.6193976402282715 -10
			vertex -2.3569836616516113 4.409606456756592 -10
		endloop
	endfacet
	facet normal 0 0 -1
		outer loop
			vertex -10 10 -10
			vertex -1.4514234066009521 4.784701824188232 -10
			vertex -1.9134172201156616 4.6193976402282715 -10
		endloop
	endfacet
	facet normal 0 0 -1
		outer loop
			vertex -10 10 -10
			vertex -0.9754515886306763 4.903926372528076 -10
			vertex -1.4514234066009521 4.784701824188232 -10
		endloop
	endfacet
	facet normal 0 0 -1
		outer loop
			vertex -10 10 -10
			vertex -0.4900856912136078 4.975923538208008 -10
			vertex -0.9754515886306763 4.903926372528076 -10
		endloop
	endfacet
	facet normal 0 0 -1
		outer loop
			vertex -10 10 -10
			vertex 0 5 -10
			vertex -0.4900856912136078 4.975923538208008 -10
		endloop
	endfacet
	facet normal 0 0 -1
		outer loop
			vertex -10 10 -10
			vertex 0.4900856912136078 4.975923538208008 -10
			vertex 0 5 -10
		endloop
	endfacet
	facet normal 0 1 0
		outer loop
			vertex -10 10 -10
			vertex -10 10 10
			vertex 2.1537177562713623 10 8.439277648925781
		endloop
	endfacet
	facet normal 0 0 -1
		outer loop
			vertex -10 10 -10
			vertex 1.4514234066009521 4.784701824188232 -10
			vertex 0.9754515886306763 4.903926372528076 -10
		endloop
	endfacet
	facet normal 0 0 -1
		outer loop
			vertex -10 10 -10
			vertex 0.9754515886306763 4.903926372528076 -10
			vertex 0.4900856912136078 4.975923538208008 -10
		endloop
	endfacet
	facet normal 0 0 -1
		outer loop
			vertex -10 10 -10
			vertex 10 10 -10
			vertex 1.4514234066009521 4.784701824188232 -10
		endloop
	endfacet
	facet normal 0 1 0
		outer loop
			vertex -10 10 -10
			vertex 8.439277648925781 10 2.1537177562713623
			vertex 10 10 -10
		endloop
	endfacet
	facet normal 0 1 0
		outer loop
			vertex -10 10 -10
			vertex 3.348242998123169 10 5.555438041687012
			vertex 3.8159162998199463 10 4.924853801727295
		endloop
	endfacet
	facet normal 0 1 0
		outer loop
			vertex -10 10 -10
			vertex 3.8159162998199463 10 4.924853801727295
			vertex 4.343145847320557 10 4.343145847320557
		endloop
	endfacet
	facet normal 0 1 0
		outer loop
			vertex -10 10 -10
			vertex 4.343145847320557 10 4.343145847320557
			vertex 4.924853801727295 10 3.8159162998199463
		endloop
	endfacet
	facet normal 0 1 0
		outer loop
			vertex -10 10 -10
			vertex 4.924853801727295 10 3.8159162998199463
			vertex 5.555438041687012 10 3.348242998123169
		endloop
	endfacet
	facet normal 0 1 0
		outer loop
			vertex -10 10 -10
			vertex 2.60896372795105 10 6.93853235244751
			vertex 2.9446299076080322 10 6.22882604598999
		endloop
	endfacet
	facet normal 0 1 0
		outer loop
			vertex -10 10 -10
			vertex 2.1537177562713623 10 8.439277648925781
			vertex 2.344477415084839 10 7.677722454071045
		endloop
	endfacet
	facet normal 0 1 0
		outer loop
			vertex -10 10 -10
			vertex 2.344477415084839 10 7.677722454071045
			vertex 2.60896372795105 10 6.93853235244751
		endloop
	endfacet
	facet normal 0 1 0
		outer loop
			vertex -10 10 -10
			vertex 2.9446299076080322 10 6.22882604598999
			vertex 3.348242998123169 10 5.555438041687012
		endloop
	endfacet
	facet normal 0 1 0
		outer loop
			vertex -10 10 -10
			vertex 6.22882604598999 10 2.9446299076080322
			vertex 6.93853235244751 10 2.60896372795105
		endloop
	endfacet
	facet normal 0 1 0
		outer loop
			vertex -10 10 -10
			vertex 6.93853235244751 10 2.60896372795105
			vertex 7.677722454071045 10 2.344477415084839
		endloop
	endfacet
	facet normal 0 1 0
		outer loop
			vertex -10 10 -10
			vertex 7.677722454071045 10 2.344477415084839
			vertex 8.439277648925781 10 2.1537177562713623
		endloop
	endfacet
	facet normal 0 1 0
		outer loop
			vertex -10 10 -10
			vertex 5.555438041687012 10 3.348242998123169
			vertex 6.22882604598999 10 2.9446299076080322
		endloop
	endfacet
	facet normal 0 0 1
		outer loop
			vertex -10 10 10
			vertex -4.903926372528076 0.9754515886306763 10
			vertex -4.784701824188232 1.4514234066009521 10
		endloop
	endfacet
	facet normal 0 0 1
		outer loop
			vertex -10 10 10
			vertex -4.784701824188232 1.4514234066009521 10
			vertex -4.6193976402282715 1.9134172201156616 10
		endloop
	endfacet
	facet normal 0 0 1
		outer loop
			vertex -10 10 10
			vertex -4.6193976402282715 1.9134172201156616 10
			vertex -4.409606456756592 2.3569836616516113 10
		endloop
	endfacet
	facet normal 0 0 1
		outer loop
			vertex -10 10 10
			vertex -4.409606456756592 2.3569836616516113 10
			vertex -4.157348155975342 2.777851104736328 10
		endloop
	endfacet
	facet normal 0 0 1
		outer loop
			vertex -10 10 10
			vertex -4.157348155975342 2.777851104736328 10
			vertex -3.8650522232055664 3.171966314315796 10
		endloop
	endfacet
	facet normal 0 0 1
		outer loop
			vertex -10 10 10
			vertex -3.8650522232055664 3.171966314315796 10
			vertex -3.535533905029297 3.535533905029297 10
		endloop
	endfacet
	facet normal 0 0 1
		outer loop
			vertex -10 10 10
			vertex -3.535533905029297 3.535533905029297 10
			vertex -3.171966314315796 3.8650522232055664 10
		endloop
	endfacet
	facet normal 0 0 1
		outer loop
			vertex -10 10 10
			vertex -3.171966314315796 3.8650522232055664 10
			vertex -2.777851104736328 4.157348155975342 10
		endloop
	endfacet
	facet normal 0 0 1
		outer loop
			vertex -10 10 10
			vertex -2.777851104736328 4.157348155975342 10
			vertex -2.3569836616516113 4.409606456756592 10
		endloop
	endfacet
	facet normal 0 0 1
		outer loop
			vertex -10 10 10
			vertex -2.3569836616516113 4.409606456756592 10
			vertex -1.9134172201156616 4.6193976402282715 10
		endloop
	endfacet
	facet normal 0 0 1
		outer loop
			vertex -10 10 10
			vertex -1.9134172201156616 4.6193976402282715 10
			vertex -1.4514234066009521 4.784701824188232 10
		endloop
	endfacet
	facet normal 0 0 1
		outer loop
			vertex -10 10 10
			vertex -1.4514234066009521 4.784701824188232 10
			vertex 2.1537177562713623 8.439277648925781 10
		endloop
	endfacet
	facet normal 0 0 1
		outer loop
			vertex -1.4514234066009521 4.784701824188232 10
			vertex -0.9754515886306763 4.903926372528076 10
			vertex 2.9446299076080322 6.22882604598999 10
		endloop
	endfacet
	facet normal 0 0 1
		outer loop
			vertex -0.9754515886306763 4.903926372528076 10
			vertex -0.4900856912136078 4.975923538208008 10
			vertex 2.9446299076080322 6.22882604598999 10
		endloop
	endfacet
	facet normal 0 0 1
		outer loop
			vertex -10 10 10
			vertex 2.1537177562713623 8.439277648925781 10
			vertex 2.038522243499756 9.215863227844238 10
		endloop
	endfacet
	facet normal 0 1 0
		outer loop
			vertex -10 10 10
			vertex 2.038522243499756 10 9.215863227844238
			vertex 2.1537177562713623 10 8.439277648925781
		endloop
	endfacet
	facet normal 0 0 1
		outer loop
			vertex -10 10 10
			vertex 2.038522243499756 9.215863227844238 10
			vertex 2 10 10
		endloop
	endfacet
	facet normal 0 1 0
		outer loop
			vertex -10 10 10
			vertex 2 10 10
			vertex 2.038522243499756 10 9.215863227844238
		endloop
	endfacet
	facet normal 0 0 1
		outer loop
			vertex -0.4900856912136078 4.975923538208008 10
			vertex 0 5 10
			vertex 2.9446299076080322 6.22882604598999 10
		endloop
	endfacet
	facet normal 0 0 1
		outer loop
			vertex 0.4900856912136078 4.975923538208008 10
			vertex 2.9446299076080322 6.22882604598999 10
			vertex 0 5 10
		endloop
	endfacet
	facet normal 0 0 1
		outer loop
			vertex 0.4900856912136078 4.975923538208008 10
			vertex 0.9754515886306763 4.903926372528076 10
			vertex 2.9446299076080322 6.22882604598999 10
		endloop
	endfacet
	facet normal 0 0 1
		outer loop
			vertex 0.9754515886306763 4.903926372528076 10
			vertex 1.4514234066009521 4.784701824188232 10
			vertex 3.348242998123169 5.555438041687012 10
		endloop
	endfacet
	facet normal 0 0 1
		outer loop
			vertex 1.4514234066009521 4.784701824188232 10
			vertex 1.9134172201156616 4.6193976402282715 10
			vertex 3.348242998123169 5.555438041687012 10
		endloop
	endfacet
	facet normal 0 0 1
		outer loop
			vertex -1.4514234066009521 4.784701824188232 10
			vertex 2.9446299076080322 6.22882604598999 10
			vertex 2.60896372795105 6.93853235244751 10
		endloop
	endfacet
	facet normal 0 0 1
		outer loop
			vertex -1.4514234066009521 4.784701824188232 10
			vertex 2.60896372795105 6.93853235244751 10
			vertex 2.344477415084839 7.677722454071045 10
		endloop
	endfacet
	facet normal 0 0 1
		outer loop
			vertex -1.4514234066009521 4.784701824188232 10
			vertex 2.344477415084839 7.677722454071045 10
			vertex 2.1537177562713623 8.439277648925781 10
		endloop
	endfacet
	facet normal 0 0 1
		outer loop
			vertex 1.9134172201156616 4.6193976402282715 10
			vertex 2.3569836616516113 4.409606456756592 10
			vertex 3.348242998123169 5.555438041687012 10
		endloop
	endfacet
	facet normal 0 0 1
		outer loop
			vertex 2.3569836616516113 4.409606456756592 10
			vertex 2.777851104736328 4.157348155975342 10
			vertex 3.8159162998199463 4.924853801727295 10
		endloop
	endfacet
	facet normal 0 0 1
		outer loop
			vertex 0.9754515886306763 4.903926372528076 10
			vertex 3.348242998123169 5.555438041687012 10
			vertex 2.9446299076080322 6.22882604598999 10
		endloop
	endfacet
	facet normal 0 0 1
		outer loop
			vertex 2.777851104736328 4.157348155975342 10
			vertex 3.171966314315796 3.8650522232055664 10
			vertex 3.8159162998199463 4.924853801727295 10
		endloop
	endfacet
	facet normal 0 0 1
		outer loop
			vertex 3.171966314315796 3.8650522232055664 10
			vertex 4.343145847320557 4.343145847320557 10
			vertex 3.8159162998199463 4.924853801727295 10
		endloop
	endfacet
	facet normal 0 0 1
		outer loop
			vertex 2.3569836616516113 4.409606456756592 10
			vertex 3.8159162998199463 4.924853801727295 10
			vertex 3.348242998123169 5.555438041687012 10
		endloop
	endfacet
	facet normal 0 0 -1
		outer loop
			vertex 0.9754515886306763 -4.903926372528076 -10
			vertex 1.4514234066009521 -4.784701824188232 -10
			vertex 10 -10 -10
		endloop
	endfacet
	facet normal 0 0 -1
		outer loop
			vertex 1.4514234066009521 -4.784701824188232 -10
			vertex 1.9134172201156616 -4.6193976402282715 -10
			vertex 10 -10 -10
		endloop
	endfacet
	facet normal 0 0 -1
		outer loop
			vertex 1.9134172201156616 -4.6193976402282715 -10
			vertex 2.3569836616516113 -4.409606456756592 -10
			vertex 10 -10 -10
		endloop
	endfacet
	facet normal 0 0 -1
		outer loop
			vertex 2.3569836616516113 -4.409606456756592 -10
			vertex 2.777851104736328 -4.157348155975342 -10
			vertex 10 -10 -10
		endloop
	endfacet
	facet normal 0 0 -1
		outer loop
			vertex 2.777851104736328 -4.157348155975342 -10
			vertex 3.171966314315796 -3.8650522232055664 -10
			vertex 10 -10 -10
		endloop
	endfacet
	facet normal 0 0 -1
		outer loop
			vertex 3.171966314315796 -3.8650522232055664 -10
			vertex 3.535533905029297 -3.535533905029297 -10
			vertex 10 -10 -10
		endloop
	endfacet
	facet normal 0 0 -1
		outer loop
			vertex 3.535533905029297 -3.535533905029297 -10
			vertex 3.8650522232055664 -3.171966314315796 -10
			vertex 10 -10 -10
		endloop
	endfacet
	facet normal 0 0 -1
		outer loop
			vertex 3.8650522232055664 -3.171966314315796 -10
			vertex 4.157348155975342 -2.777851104736328 -10
			vertex 10 -10 -10
		endloop
	endfacet
	facet normal 0 0 -1
		outer loop
			vertex 4.157348155975342 -2.777851104736328 -10
			vertex 4.409606456756592 -2.3569836616516113 -10
			vertex 10 -10 -10
		endloop
	endfacet
	facet normal 0 0 -1
		outer loop
			vertex 4.409606456756592 -2.3569836616516113 -10
			vertex 4.6193976402282715 -1.9134172201156616 -10
			vertex 10 -10 -10
		endloop
	endfacet
	facet normal 0 0 -1
		outer loop
			vertex 4.6193976402282715 -1.9134172201156616 -10
			vertex 4.784701824188232 -1.4514234066009521 -10
			vertex 10 -10 -10
		endloop
	endfacet
	facet normal 1 0 0
		outer loop
			vertex 10 -10 -10
			vertex 10 10 -10
			vertex 10 -10 10
		endloop
	endfacet
	facet normal 0 0 -1
		outer loop
			vertex 4.784701824188232 -1.4514234066009521 -10
			vertex 4.903926372528076 -0.9754515886306763 -10
			vertex 10 10 -10
		endloop
	endfacet
	facet normal 0 0 -1
		outer loop
			vertex 4.903926372528076 -0.9754515886306763 -10
			vertex 4.975923538208008 -0.4900856912136078 -10
			vertex 10 10 -10
		endloop
	endfacet
	facet normal 0 0 -1
		outer loop
			vertex 4.975923538208008 -0.4900856912136078 -10
			vertex 5 0 -10
			vertex 10 10 -10
		endloop
	endfacet
	facet normal 0 0 -1
		outer loop
			vertex 4.975923538208008 0.4900856912136078 -10
			vertex 10 10 -10
			vertex 5 0 -10
		endloop
	endfacet
	facet normal 0 0 -1
		outer loop
			vertex 4.975923538208008 0.4900856912136078 -10
			vertex 4.903926372528076 0.9754515886306763 -10
			vertex 10 10 -10
		endloop
	endfacet
	facet normal 0 0 -1
		outer loop
			vertex 4.784701824188232 -1.4514234066009521 -10
			vertex 10 10 -10
			vertex 10 -10 -10
		endloop
	endfacet
	facet normal 1 0 0
		outer loop
			vertex 10 -10 10
			vertex 10 10 -10
			vertex 10 6.22882604598999 2.9446299076080322
		endloop
	endfacet
	facet normal 0 0 1
		outer loop
			vertex 1.4514234066009521 -4.784701824188232 10
			vertex 10 -10 10
			vertex 1.9134172201156616 -4.6193976402282715 10
		endloop
	endfacet
	facet normal 0 0 1
		outer loop
			vertex 1.9134172201156616 -4.6193976402282715 10
			vertex 10 -10 10
			vertex 2.3569836616516113 -4.409606456756592 10
		endloop
	endfacet
	facet normal 0 0 1
		outer loop
			vertex 2.3569836616516113 -4.409606456756592 10
			vertex 10 -10 10
			vertex 2.777851104736328 -4.157348155975342 10
		endloop
	endfacet
	facet normal 0 0 1
		outer loop
			vertex 2.777851104736328 -4.157348155975342 10
			vertex 10 -10 10
			vertex 3.171966314315796 -3.8650522232055664 10
		endloop
	endfacet
	facet normal 0 0 1
		outer loop
			vertex 3.171966314315796 -3.8650522232055664 10
			vertex 10 -10 10
			vertex 3.535533905029297 -3.535533905029297 10
		endloop
	endfacet
	facet normal 0 0 1
		outer loop
			vertex 3.535533905029297 -3.535533905029297 10
			vertex 10 -10 10
			vertex 3.8650522232055664 -3.171966314315796 10
		endloop
	endfacet
	facet normal 0 0 1
		outer loop
			vertex 3.8650522232055664 -3.171966314315796 10
			vertex 10 -10 10
			vertex 4.157348155975342 -2.777851104736328 10
		endloop
	endfacet
	facet normal 0 0 1
		outer loop
			vertex 4.157348155975342 -2.777851104736328 10
			vertex 10 -10 10
			vertex 4.409606456756592 -2.3569836616516113 10
		endloop
	endfacet
	facet normal 0 0 1
		outer loop
			vertex 4.409606456756592 -2.3569836616516113 10
			vertex 10 -10 10
			vertex 4.6193976402282715 -1.9134172201156616 10
		endloop
	endfacet
	facet normal 0 0 1
		outer loop
			vertex 4.6193976402282715 -1.9134172201156616 10
			vertex 10 -10 10
			vertex 4.784701824188232 -1.4514234066009521 10
		endloop
	endfacet
	facet normal 0 0 1
		outer loop
			vertex 4.784701824188232 -1.4514234066009521 10
			vertex 10 -10 10
			vertex 4.903926372528076 -0.9754515886306763 10
		endloop
	endfacet
	facet normal 0 0 1
		outer loop
			vertex 4.903926372528076 -0.9754515886306763 10
			vertex 10 -10 10
			vertex 4.975923538208008 -0.4900856912136078 10
		endloop
	endfacet
	facet normal 0 0 1
		outer loop
			vertex 4.975923538208008 -0.4900856912136078 10
			vertex 10 -10 10
			vertex 5 0 10
		endloop
	endfacet
	facet normal 0 0 1
		outer loop
			vertex 10 -10 10
			vertex 4.975923538208008 0.4900856912136078 10
			vertex 5 0 10
		endloop
	endfacet
	facet normal 0 0 1
		outer loop
			vertex 10 -10 10
			vertex 4.784701824188232 1.4514234066009521 10
			vertex 4.903926372528076 0.9754515886306763 10
		endloop
	endfacet
	facet normal 0 0 1
		outer loop
			vertex 10 -10 10
			vertex 4.903926372528076 0.9754515886306763 10
			vertex 4.975923538208008 0.4900856912136078 10
		endloop
	endfacet
	facet normal 0 0 1
		outer loop
			vertex 10 -10 10
			vertex 6.93853235244751 2.60896372795105 10
			vertex 4.784701824188232 1.4514234066009521 10
		endloop
	endfacet
	facet normal 0 0 1
		outer loop
			vertex 4.784701824188232 1.4514234066009521 10
			vertex 6.22882604598999 2.9446299076080322 10
			vertex 4.6193976402282715 1.9134172201156616 10
		endloop
	endfacet
	facet normal 0 0 1
		outer loop
			vertex 4.409606456756592 2.3569836616516113 10
			vertex 5.555438041687012 3.348242998123169 10
			vertex 4.157348155975342 2.777851104736328 10
		endloop
	endfacet
	facet normal 0 0 1
		outer loop
			vertex 4.157348155975342 2.777851104736328 10
			vertex 4.924853801727295 3.8159162998199463 10
			vertex 3.8650522232055664 3.171966314315796 10
		endloop
	endfacet
	facet normal 0 0 1
		outer loop
			vertex 3.8650522232055664 3.171966314315796 10
			vertex 4.924853801727295 3.8159162998199463 10
			vertex 4.343145847320557 4.343145847320557 10
		endloop
	endfacet
	facet normal 0 0 1
		outer loop
			vertex 4.6193976402282715 1.9134172201156616 10
			vertex 6.22882604598999 2.9446299076080322 10
			vertex 4.409606456756592 2.3569836616516113 10
		endloop
	endfacet
	facet normal 0 0 1
		outer loop
			vertex 4.409606456756592 2.3569836616516113 10
			vertex 6.22882604598999 2.9446299076080322 10
			vertex 5.555438041687012 3.348242998123169 10
		endloop
	endfacet
	facet normal 0 0 1
		outer loop
			vertex 4.157348155975342 2.777851104736328 10
			vertex 5.555438041687012 3.348242998123169 10
			vertex 4.924853801727295 3.8159162998199463 10
		endloop
	endfacet
	facet normal 0 0 1
		outer loop
			vertex 4.784701824188232 1.4514234066009521 10
			vertex 6.93853235244751 2.60896372795105 10
			vertex 6.22882604598999 2.9446299076080322 10
		endloop
	endfacet
	facet normal 1 0 0
		outer loop
			vertex 10 -10 10
			vertex 10 5.555438041687012 3.348242998123169
			vertex 10 4.924853801727295 3.8159162998199463
		endloop
	endfacet
	facet normal 1 0 0
		outer loop
			vertex 10 -10 10
			vertex 10 4.343145847320557 4.343145847320557
			vertex 10 3.8159162998199463 4.924853801727295
		endloop
	endfacet
	facet normal 1 0 0
		outer loop
			vertex 10 -10 10
			vertex 10 3.8159162998199463 4.924853801727295
			vertex 10 3.348242998123169 5.555438041687012
		endloop
	endfacet
	facet normal 1 0 0
		outer loop
			vertex 10 -10 10
			vertex 10 3.348242998123169 5.555438041687012
			vertex 10 2.9446299076080322 6.22882604598999
		endloop
	endfacet
	facet normal 1 0 0
		outer loop
			vertex 10 -10 10
			vertex 10 4.924853801727295 3.8159162998199463
			vertex 10 4.343145847320557 4.343145847320557
		endloop
	endfacet
	facet normal 0 0 1
		outer loop
			vertex 10 -10 10
			vertex 7.677722454071045 2.344477415084839 10
			vertex 6.93853235244751 2.60896372795105 10
		endloop
	endfacet
	facet normal 0 0 1
		outer loop
			vertex 10 -10 10
			vertex 8.439277648925781 2.1537177562713623 10
			vertex 7.677722454071045 2.344477415084839 10
		endloop
	endfacet
	facet normal 0 0 1
		outer loop
			vertex 10 -10 10
			vertex 9.215863227844238 2.038522243499756 10
			vertex 8.439277648925781 2.1537177562713623 10
		endloop
	endfacet
	facet normal 1 0 0
		outer loop
			vertex 10 -10 10
			vertex 10 2.9446299076080322 6.22882604598999
			vertex 10 2.60896372795105 6.93853235244751
		endloop
	endfacet
	facet normal 1 0 0
		outer loop
			vertex 10 -10 10
			vertex 10 2.60896372795105 6.93853235244751
			vertex 10 2.344477415084839 7.677722454071045
		endloop
	endfacet
	facet normal 1 0 0
		outer loop
			vertex 10 -10 10
			vertex 10 2.344477415084839 7.677722454071045
			vertex 10 2.1537177562713623 8.439277648925781
		endloop
	endfacet
	facet normal 1 0 0
		outer loop
			vertex 10 -10 10
			vertex 10 2.1537177562713623 8.439277648925781
			vertex 10 2.038522243499756 9.215863227844238
		endloop
	endfacet
	facet normal 0 0 1
		outer loop
			vertex 10 -10 10
			vertex 10 2 10
			vertex 9.215863227844238 2.038522243499756 10
		endloop
	endfacet
	facet normal 1 0 0
		outer loop
			vertex 10 -10 10
			vertex 10 2.038522243499756 9.215863227844238
			vertex 10 2 10
		endloop
	endfacet
	facet normal 1 0 0
		outer loop
			vertex 10 -10 10
			vertex 10 6.22882604598999 2.9446299076080322
			vertex 10 5.555438041687012 3.348242998123169
		endloop
	endfacet
	facet normal 0 0 -1
		outer loop
			vertex 1.4514234066009521 4.784701824188232 -10
			vertex 10 10 -10
			vertex 1.9134172201156616 4.6193976402282715 -10
		endloop
	endfacet
	facet normal 0 0 -1
		outer loop
			vertex 1.9134172201156616 4.6193976402282715 -10
			vertex 10 10 -10
			vertex 2.3569836616516113 4.409606456756592 -10
		endloop
	endfacet
	facet normal 0 0 -1
		outer loop
			vertex 2.3569836616516113 4.409606456756592 -10
			vertex 10 10 -10
			vertex 2.777851104736328 4.157348155975342 -10
		endloop
	endfacet
	facet normal 0 0 -1
		outer loop
			vertex 2.777851104736328 4.157348155975342 -10
			vertex 10 10 -10
			vertex 3.171966314315796 3.8650522232055664 -10
		endloop
	endfacet
	facet normal 0 0 -1
		outer loop
			vertex 3.535533905029297 3.535533905029297 -10
			vertex 3.171966314315796 3.8650522232055664 -10
			vertex 10 10 -10
		endloop
	endfacet
	facet normal 0 0 -1
		outer loop
			vertex 4.903926372528076 0.9754515886306763 -10
			vertex 4.784701824188232 1.4514234066009521 -10
			vertex 10 10 -10
		endloop
	endfacet
	facet normal 0 0 -1
		outer loop
			vertex 4.6193976402282715 1.9134172201156616 -10
			vertex 4.409606456756592 2.3569836616516113 -10
			vertex 10 10 -10
		endloop
	endfacet
	facet normal 0 0 -1
		outer loop
			vertex 4.784701824188232 1.4514234066009521 -10
			vertex 4.6193976402282715 1.9134172201156616 -10
			vertex 10 10 -10
		endloop
	endfacet
	facet normal 0 0 -1
		outer loop
			vertex 3.535533905029297 3.535533905029297 -10
			vertex 10 10 -10
			vertex 3.8650522232055664 3.171966314315796 -10
		endloop
	endfacet
	facet normal 0 0 -1
		outer loop
			vertex 4.157348155975342 2.777851104736328 -10
			vertex 3.8650522232055664 3.171966314315796 -10
			vertex 10 10 -10
		endloop
	endfacet
	facet normal 0 0 -1
		outer loop
			vertex 4.409606456756592 2.3569836616516113 -10
			vertex 4.157348155975342 2.777851104736328 -10
			vertex 10 10 -10
		endloop
	endfacet
	facet normal 0 1 0
		outer loop
			vertex 10 10 -10
			vertex 8.439277648925781 10 2.1537177562713623
			vertex 9.215863227844238 10 2.038522243499756
		endloop
	endfacet
	facet normal 1 0 0
		outer loop
			vertex 10 10 -10
			vertex 10 6.93853235244751 2.60896372795105
			vertex 10 6.22882604598999 2.9446299076080322
		endloop
	endfacet
	facet normal 1 0 0
		outer loop
			vertex 10 10 -10
			vertex 10 7.677722454071045 2.344477415084839
			vertex 10 6.93853235244751 2.60896372795105
		endloop
	endfacet
	facet normal 1 0 0
		outer loop
			vertex 10 10 -10
			vertex 10 8.439277648925781 2.1537177562713623
			vertex 10 7.677722454071045 2.344477415084839
		endloop
	endfacet
	facet normal 1 0 0
		outer loop
			vertex 10 10 -10
			vertex 10 9.215863227844238 2.038522243499756
			vertex 10 8.439277648925781 2.1537177562713623
		endloop
	endfacet
	facet normal 0 1 0
		outer loop
			vertex 10 10 -10
			vertex 9.215863227844238 10 2.038522243499756
			vertex 10 10 2
		endloop
	endfacet
	facet normal 1 0 0
		outer loop
			vertex 10 10 -10
			vertex 10 10 2
			vertex 10 9.215863227844238 2.038522243499756
		endloop
	endfacet
	facet normal 0.5956995310208507 0.8032073634756709 0
		outer loop
			vertex -3.171966314315796 -3.8650522232055664 -10
			vertex -3.171966314315796 -3.8650522232055664 10
			vertex -2.777851104736328 -4.157348155975342 -10
		endloop
	endfacet
	facet normal 0.7409512657197663 0.6715587999782867 0
		outer loop
			vertex -3.8650522232055664 -3.171966314315796 -10
			vertex -3.8650522232055664 -3.171966314315796 10
			vertex -3.535533905029297 -3.535533905029297 -10
		endloop
	endfacet
	facet normal 0.6715587999782867 0.7409512657197663 0
		outer loop
			vertex -3.171966314315796 -3.8650522232055664 -10
			vertex -3.535533905029297 -3.535533905029297 -10
			vertex -3.535533905029297 -3.535533905029297 10
		endloop
	endfacet
	facet normal 0.8032073634756709 0.5956995310208507 0
		outer loop
			vertex -3.8650522232055664 -3.171966314315796 -10
			vertex -4.157348155975342 -2.777851104736328 10
			vertex -3.8650522232055664 -3.171966314315796 10
		endloop
	endfacet
	facet normal 0.7409512657197663 0.6715587999782867 0
		outer loop
			vertex -3.535533905029297 -3.535533905029297 -10
			vertex -3.8650522232055664 -3.171966314315796 10
			vertex -3.535533905029297 -3.535533905029297 10
		endloop
	endfacet
	facet normal 0.6715587999782867 0.7409512657197663 0
		outer loop
			vertex -3.171966314315796 -3.8650522232055664 -10
			vertex -3.535533905029297 -3.535533905029297 10
			vertex -3.171966314315796 -3.8650522232055664 10
		endloop
	endfacet
	facet normal 0.9700313422906005 0.24297982421159142 0
		outer loop
			vertex -4.784701824188232 -1.4514234066009521 -10
			vertex -4.903926372528076 -0.9754515886306763 -10
			vertex -4.903926372528076 -0.9754515886306763 10
		endloop
	endfacet
	facet normal 0.9891765289051242 0.146730346769883 0
		outer loop
			vertex -4.903926372528076 -0.9754515886306763 -10
			vertex -4.975923538208008 -0.4900856912136078 -10
			vertex -4.975923538208008 -0.4900856912136078 10
		endloop
	endfacet
	facet normal 0.9987954466501191 0.04906786882460946 0
		outer loop
			vertex -4.975923538208008 -0.4900856912136078 -10
			vertex -5 0 -10
			vertex -5 0 10
		endloop
	endfacet
	facet normal 0.9987954466501191 -0.04906786882460946 0
		outer loop
			vertex -5 0 -10
			vertex -4.975923538208008 0.4900856912136078 -10
			vertex -4.975923538208008 0.4900856912136078 10
		endloop
	endfacet
	facet normal 0.8577285531511399 0.5141028390402569 0
		outer loop
			vertex -4.157348155975342 -2.777851104736328 -10
			vertex -4.409606456756592 -2.3569836616516113 -10
			vertex -4.409606456756592 -2.3569836616516113 10
		endloop
	endfacet
	facet normal 0.8032073634756709 0.5956995310208507 0
		outer loop
			vertex -3.8650522232055664 -3.171966314315796 -10
			vertex -4.157348155975342 -2.777851104736328 -10
			vertex -4.157348155975342 -2.777851104736328 10
		endloop
	endfacet
	facet normal 0.9039893869716183 0.42755489500493143 0
		outer loop
			vertex -4.409606456756592 -2.3569836616516113 -10
			vertex -4.6193976402282715 -1.9134172201156616 -10
			vertex -4.6193976402282715 -1.9134172201156616 10
		endloop
	endfacet
	facet normal 0.9415439654539728 0.33689013211610713 0
		outer loop
			vertex -4.6193976402282715 -1.9134172201156616 -10
			vertex -4.784701824188232 -1.4514234066009521 -10
			vertex -4.784701824188232 -1.4514234066009521 10
		endloop
	endfacet
	facet normal 0.9891765289051242 -0.146730346769883 0
		outer loop
			vertex -4.975923538208008 0.4900856912136078 -10
			vertex -4.903926372528076 0.9754515886306763 -10
			vertex -4.903926372528076 0.9754515886306763 10
		endloop
	endfacet
	facet normal 0.9700313422906005 -0.24297982421159142 0
		outer loop
			vertex -4.903926372528076 0.9754515886306763 -10
			vertex -4.784701824188232 1.4514234066009521 -10
			vertex -4.784701824188232 1.4514234066009521 10
		endloop
	endfacet
	facet normal 0.9415439654539728 -0.33689013211610713 0
		outer loop
			vertex -4.784701824188232 1.4514234066009521 -10
			vertex -4.6193976402282715 1.9134172201156616 -10
			vertex -4.6193976402282715 1.9134172201156616 10
		endloop
	endfacet
	facet normal 0.9039893869716183 -0.42755489500493143 0
		outer loop
			vertex -4.6193976402282715 1.9134172201156616 -10
			vertex -4.409606456756592 2.3569836616516113 -10
			vertex -4.409606456756592 2.3569836616516113 10
		endloop
	endfacet
	facet normal 0.8577285531511399 -0.5141028390402569 0
		outer loop
			vertex -4.409606456756592 2.3569836616516113 -10
			vertex -4.157348155975342 2.777851104736328 -10
			vertex -4.157348155975342 2.777851104736328 10
		endloop
	endfacet
	facet normal 0.8032073634756709 -0.5956995310208507 0
		outer loop
			vertex -4.157348155975342 2.777851104736328 -10
			vertex -3.8650522232055664 3.171966314315796 -10
			vertex -3.8650522232055664 3.171966314315796 10
		endloop
	endfacet
	facet normal 0.7409512657197663 -0.6715587999782867 0
		outer loop
			vertex -3.8650522232055664 3.171966314315796 -10
			vertex -3.535533905029297 3.535533905029297 -10
			vertex -3.535533905029297 3.535533905029297 10
		endloop
	endfacet
	facet normal 0.6715587999782867 -0.7409512657197663 0
		outer loop
			vertex -3.535533905029297 3.535533905029297 -10
			vertex -3.171966314315796 3.8650522232055664 -10
			vertex -3.171966314315796 3.8650522232055664 10
		endloop
	endfacet
	facet normal 0.9700313422906005 0.24297982421159142 0
		outer loop
			vertex -4.784701824188232 -1.4514234066009521 -10
			vertex -4.903926372528076 -0.9754515886306763 10
			vertex -4.784701824188232 -1.4514234066009521 10
		endloop
	endfacet
	facet normal 0.9891765289051242 0.146730346769883 0
		outer loop
			vertex -4.903926372528076 -0.9754515886306763 -10
			vertex -4.975923538208008 -0.4900856912136078 10
			vertex -4.903926372528076 -0.9754515886306763 10
		endloop
	endfacet
	facet normal 0.9987954466501191 0.04906786882460946 0
		outer loop
			vertex -4.975923538208008 -0.4900856912136078 -10
			vertex -5 0 10
			vertex -4.975923538208008 -0.4900856912136078 10
		endloop
	endfacet
	facet normal 0.9987954466501191 -0.04906786882460946 0
		outer loop
			vertex -5 0 -10
			vertex -4.975923538208008 0.4900856912136078 10
			vertex -5 0 10
		endloop
	endfacet
	facet normal 0.9039893869716183 0.42755489500493143 0
		outer loop
			vertex -4.409606456756592 -2.3569836616516113 -10
			vertex -4.6193976402282715 -1.9134172201156616 10
			vertex -4.409606456756592 -2.3569836616516113 10
		endloop
	endfacet
	facet normal 0.8577285531511399 0.5141028390402569 0
		outer loop
			vertex -4.157348155975342 -2.777851104736328 -10
			vertex -4.409606456756592 -2.3569836616516113 10
			vertex -4.157348155975342 -2.777851104736328 10
		endloop
	endfacet
	facet normal 0.9415439654539728 0.33689013211610713 0
		outer loop
			vertex -4.6193976402282715 -1.9134172201156616 -10
			vertex -4.784701824188232 -1.4514234066009521 10
			vertex -4.6193976402282715 -1.9134172201156616 10
		endloop
	endfacet
	facet normal 0.9891765289051242 -0.146730346769883 0
		outer loop
			vertex -4.975923538208008 0.4900856912136078 -10
			vertex -4.903926372528076 0.9754515886306763 10
			vertex -4.975923538208008 0.4900856912136078 10
		endloop
	endfacet
	facet normal 0.9700313422906005 -0.24297982421159142 0
		outer loop
			vertex -4.903926372528076 0.9754515886306763 -10
			vertex -4.784701824188232 1.4514234066009521 10
			vertex -4.903926372528076 0.9754515886306763 10
		endloop
	endfacet
	facet normal 0.9415439654539728 -0.33689013211610713 0
		outer loop
			vertex -4.784701824188232 1.4514234066009521 -10
			vertex -4.6193976402282715 1.9134172201156616 10
			vertex -4.784701824188232 1.4514234066009521 10
		endloop
	endfacet
	facet normal 0.9039893869716183 -0.42755489500493143 0
		outer loop
			vertex -4.6193976402282715 1.9134172201156616 -10
			vertex -4.409606456756592 2.3569836616516113 10
			vertex -4.6193976402282715 1.9134172201156616 10
		endloop
	endfacet
	facet normal 0.8577285531511399 -0.5141028390402569 0
		outer loop
			vertex -4.409606456756592 2.3569836616516113 -10
			vertex -4.157348155975342 2.777851104736328 10
			vertex -4.409606456756592 2.3569836616516113 10
		endloop
	endfacet
	facet normal 0.8032073634756709 -0.5956995310208507 0
		outer loop
			vertex -4.157348155975342 2.777851104736328 -10
			vertex -3.8650522232055664 3.171966314315796 10
			vertex -4.157348155975342 2.777851104736328 10
		endloop
	endfacet
	facet normal 0.7409512657197663 -0.6715587999782867 0
		outer loop
			vertex -3.8650522232055664 3.171966314315796 -10
			vertex -3.535533905029297 3.535533905029297 10
			vertex -3.8650522232055664 3.171966314315796 10
		endloop
	endfacet
	facet normal 0.6715587999782867 -0.7409512657197663 0
		outer loop
			vertex -3.535533905029297 3.535533905029297 -10
			vertex -3.171966314315796 3.8650522232055664 10
			vertex -3.535533905029297 3.535533905029297 10
		endloop
	endfacet
	facet normal 0.5956995310208507 -0.8032073634756709 0
		outer loop
			vertex -3.171966314315796 3.8650522232055664 -10
			vertex -2.777851104736328 4.157348155975342 10
			vertex -3.171966314315796 3.8650522232055664 10
		endloop
	endfacet
	facet normal 0.24297982421159142 0.9700313422906005 0
		outer loop
			vertex -1.4514234066009521 -4.784701824188232 -10
			vertex -1.4514234066009521 -4.784701824188232 10
			vertex -0.9754515886306763 -4.903926372528076 -10
		endloop
	endfacet
	facet normal 0.5141028390402569 0.8577285531511399 0
		outer loop
			vertex -2.777851104736328 -4.157348155975342 -10
			vertex -2.777851104736328 -4.157348155975342 10
			vertex -2.3569836616516113 -4.409606456756592 -10
		endloop
	endfacet
	facet normal 0.42755489500493143 0.9039893869716183 0
		outer loop
			vertex -2.3569836616516113 -4.409606456756592 -10
			vertex -2.3569836616516113 -4.409606456756592 10
			vertex -1.9134172201156616 -4.6193976402282715 -10
		endloop
	endfacet
	facet normal 0.33689013211610713 0.9415439654539728 0
		outer loop
			vertex -1.9134172201156616 -4.6193976402282715 -10
			vertex -1.9134172201156616 -4.6193976402282715 10
			vertex -1.4514234066009521 -4.784701824188232 -10
		endloop
	endfacet
	facet normal 0.146730346769883 0.9891765289051242 0
		outer loop
			vertex -0.9754515886306763 -4.903926372528076 -10
			vertex -0.9754515886306763 -4.903926372528076 10
			vertex -0.4900856912136078 -4.975923538208008 -10
		endloop
	endfacet
	facet normal 0.04906786882460946 0.9987954466501191 0
		outer loop
			vertex -0.4900856912136078 -4.975923538208008 -10
			vertex -0.4900856912136078 -4.975923538208008 10
			vertex 0 -5 -10
		endloop
	endfacet
	facet normal -0.04906786882460946 0.9987954466501191 0
		outer loop
			vertex 0 -5 -10
			vertex 0 -5 10
			vertex 0.4900856912136078 -4.975923538208008 -10
		endloop
	endfacet
	facet normal -0.146730346769883 0.9891765289051242 0
		outer loop
			vertex 0.4900856912136078 -4.975923538208008 -10
			vertex 0.4900856912136078 -4.975923538208008 10
			vertex 0.9754515886306763 -4.903926372528076 -10
		endloop
	endfacet
	facet normal -0.24297982421159142 0.9700313422906005 0
		outer loop
			vertex 0.9754515886306763 -4.903926372528076 -10
			vertex 0.9754515886306763 -4.903926372528076 10
			vertex 1.4514234066009521 -4.784701824188232 -10
		endloop
	endfacet
	facet normal -0.33689013211610713 0.9415439654539728 0
		outer loop
			vertex 1.4514234066009521 -4.784701824188232 -10
			vertex 1.4514234066009521 -4.784701824188232 10
			vertex 1.9134172201156616 -4.6193976402282715 -10
		endloop
	endfacet
	facet normal -0.42755489500493143 0.9039893869716183 0
		outer loop
			vertex 1.9134172201156616 -4.6193976402282715 -10
			vertex 1.9134172201156616 -4.6193976402282715 10
			vertex 2.3569836616516113 -4.409606456756592 -10
		endloop
	endfacet
	facet normal -0.5141028390402569 0.8577285531511399 0
		outer loop
			vertex 2.3569836616516113 -4.409606456756592 -10
			vertex 2.3569836616516113 -4.409606456756592 10
			vertex 2.777851104736328 -4.157348155975342 -10
		endloop
	endfacet
	facet normal -0.5956995310208507 0.8032073634756709 0
		outer loop
			vertex 2.777851104736328 -4.157348155975342 -10
			vertex 2.777851104736328 -4.157348155975342 10
			vertex 3.171966314315796 -3.8650522232055664 -10
		endloop
	endfacet
	facet normal -0.6715587999782867 0.7409512657197663 0
		outer loop
			vertex 3.171966314315796 -3.8650522232055664 -10
			vertex 3.171966314315796 -3.8650522232055664 10
			vertex 3.535533905029297 -3.535533905029297 -10
		endloop
	endfacet
	facet normal -0.7409512657197663 0.6715587999782867 0
		outer loop
			vertex 3.535533905029297 -3.535533905029297 -10
			vertex 3.535533905029297 -3.535533905029297 10
			vertex 3.8650522232055664 -3.171966314315796 -10
		endloop
	endfacet
	facet normal -0.8032073634756709 0.5956995310208507 0
		outer loop
			vertex 3.8650522232055664 -3.171966314315796 -10
			vertex 3.8650522232055664 -3.171966314315796 10
			vertex 4.157348155975342 -2.777851104736328 -10
		endloop
	endfacet
	facet normal 0.5956995310208507 0.8032073634756709 0
		outer loop
			vertex -2.777851104736328 -4.157348155975342 -10
			vertex -3.171966314315796 -3.8650522232055664 10
			vertex -2.777851104736328 -4.157348155975342 10
		endloop
	endfacet
	facet normal 0.5141028390402569 0.8577285531511399 0
		outer loop
			vertex -2.3569836616516113 -4.409606456756592 -10
			vertex -2.777851104736328 -4.157348155975342 10
			vertex -2.3569836616516113 -4.409606456756592 10
		endloop
	endfacet
	facet normal 0.42755489500493143 0.9039893869716183 0
		outer loop
			vertex -1.9134172201156616 -4.6193976402282715 -10
			vertex -2.3569836616516113 -4.409606456756592 10
			vertex -1.9134172201156616 -4.6193976402282715 10
		endloop
	endfacet
	facet normal 0.33689013211610713 0.9415439654539728 0
		outer loop
			vertex -1.4514234066009521 -4.784701824188232 -10
			vertex -1.9134172201156616 -4.6193976402282715 10
			vertex -1.4514234066009521 -4.784701824188232 10
		endloop
	endfacet
	facet normal 0.24297982421159142 0.9700313422906005 0
		outer loop
			vertex -0.9754515886306763 -4.903926372528076 -10
			vertex -1.4514234066009521 -4.784701824188232 10
			vertex -0.9754515886306763 -4.903926372528076 10
		endloop
	endfacet
	facet normal 0.146730346769883 0.9891765289051242 0
		outer loop
			vertex -0.4900856912136078 -4.975923538208008 -10
			vertex -0.9754515886306763 -4.903926372528076 10
			vertex -0.4900856912136078 -4.975923538208008 10
		endloop
	endfacet
	facet normal 0.04906786882460946 0.9987954466501191 0
		outer loop
			vertex -0.4900856912136078 -4.975923538208008 10
			vertex 0 -5 10
			vertex 0 -5 -10
		endloop
	endfacet
	facet normal -0.04906786882460946 0.9987954466501191 0
		outer loop
			vertex 0.4900856912136078 -4.975923538208008 -10
			vertex 0 -5 10
			vertex 0.4900856912136078 -4.975923538208008 10
		endloop
	endfacet
	facet normal -0.146730346769883 0.9891765289051242 0
		outer loop
			vertex 0.9754515886306763 -4.903926372528076 -10
			vertex 0.4900856912136078 -4.975923538208008 10
			vertex 0.9754515886306763 -4.903926372528076 10
		endloop
	endfacet
	facet normal -0.24297982421159142 0.9700313422906005 0
		outer loop
			vertex 1.4514234066009521 -4.784701824188232 -10
			vertex 0.9754515886306763 -4.903926372528076 10
			vertex 1.4514234066009521 -4.784701824188232 10
		endloop
	endfacet
	facet normal -0.33689013211610713 0.9415439654539728 0
		outer loop
			vertex 1.9134172201156616 -4.6193976402282715 -10
			vertex 1.4514234066009521 -4.784701824188232 10
			vertex 1.9134172201156616 -4.6193976402282715 10
		endloop
	endfacet
	facet normal -0.42755489500493143 0.9039893869716183 0
		outer loop
			vertex 2.3569836616516113 -4.409606456756592 -10
			vertex 1.9134172201156616 -4.6193976402282715 10
			vertex 2.3569836616516113 -4.409606456756592 10
		endloop
	endfacet
	facet normal -0.5141028390402569 0.8577285531511399 0
		outer loop
			vertex 2.777851104736328 -4.157348155975342 -10
			vertex 2.3569836616516113 -4.409606456756592 10
			vertex 2.777851104736328 -4.157348155975342 10
		endloop
	endfacet
	facet normal -0.5956995310208507 0.8032073634756709 0
		outer loop
			vertex 3.171966314315796 -3.8650522232055664 -10
			vertex 2.777851104736328 -4.157348155975342 10
			vertex 3.171966314315796 -3.8650522232055664 10
		endloop
	endfacet
	facet normal -0.6715587999782867 0.7409512657197663 0
		outer loop
			vertex 3.535533905029297 -3.535533905029297 -10
			vertex 3.171966314315796 -3.8650522232055664 10
			vertex 3.535533905029297 -3.535533905029297 10
		endloop
	endfacet
	facet normal -0.7409512657197663 0.6715587999782867 0
		outer loop
			vertex 3.8650522232055664 -3.171966314315796 -10
			vertex 3.535533905029297 -3.535533905029297 10
			vertex 3.8650522232055664 -3.171966314315796 10
		endloop
	endfacet
	facet normal -0.5956995310208507 -0.8032073634756709 0
		outer loop
			vertex 2.777851104736328 4.157348155975342 -10
			vertex 3.171966314315796 3.8650522232055664 -10
			vertex 3.171966314315796 3.8650522232055664 10
		endloop
	endfacet
	facet normal -0.6715587999782867 -0.7409512657197663 0
		outer loop
			vertex 3.535533905029297 3.535533905029297 -10
			vertex 3.535533905029297 3.535533905029297 10
			vertex 3.171966314315796 3.8650522232055664 -10
		endloop
	endfacet
	facet normal -0.7409512657197663 -0.6715587999782867 0
		outer loop
			vertex 3.535533905029297 3.535533905029297 -10
			vertex 3.8650522232055664 3.171966314315796 -10
			vertex 3.8650522232055664 3.171966314315796 10
		endloop
	endfacet
	facet normal -0.8032073634756709 -0.5956995310208507 0
		outer loop
			vertex 3.8650522232055664 3.171966314315796 -10
			vertex 4.157348155975342 2.777851104736328 10
			vertex 3.8650522232055664 3.171966314315796 10
		endloop
	endfacet
	facet normal -0.6715587999782867 -0.7409512657197663 0
		outer loop
			vertex 3.171966314315796 3.8650522232055664 -10
			vertex 3.535533905029297 3.535533905029297 10
			vertex 3.171966314315796 3.8650522232055664 10
		endloop
	endfacet
	facet normal -0.7409512657197663 -0.6715587999782867 0
		outer loop
			vertex 3.535533905029297 3.535533905029297 -10
			vertex 3.8650522232055664 3.171966314315796 10
			vertex 3.535533905029297 3.535533905029297 10
		endloop
	endfacet
	facet normal 0.5956995310208507 -0.8032073634756709 0
		outer loop
			vertex -3.171966314315796 3.8650522232055664 -10
			vertex -2.777851104736328 4.157348155975342 -10
			vertex -2.777851104736328 4.157348155975342 10
		endloop
	endfacet
	facet normal 0.5141028390402569 -0.8577285531511399 0
		outer loop
			vertex -2.777851104736328 4.157348155975342 -10
			vertex -2.3569836616516113 4.409606456756592 -10
			vertex -2.3569836616516113 4.409606456756592 10
		endloop
	endfacet
	facet normal 0.42755489500493143 -0.9039893869716183 0
		outer loop
			vertex -2.3569836616516113 4.409606456756592 -10
			vertex -1.9134172201156616 4.6193976402282715 -10
			vertex -1.9134172201156616 4.6193976402282715 10
		endloop
	endfacet
	facet normal 0.33689013211610713 -0.9415439654539728 0
		outer loop
			vertex -1.9134172201156616 4.6193976402282715 -10
			vertex -1.4514234066009521 4.784701824188232 -10
			vertex -1.4514234066009521 4.784701824188232 10
		endloop
	endfacet
	facet normal 0.24297982421159142 -0.9700313422906005 0
		outer loop
			vertex -1.4514234066009521 4.784701824188232 -10
			vertex -0.9754515886306763 4.903926372528076 -10
			vertex -0.9754515886306763 4.903926372528076 10
		endloop
	endfacet
	facet normal 0.146730346769883 -0.9891765289051242 0
		outer loop
			vertex -0.9754515886306763 4.903926372528076 -10
			vertex -0.4900856912136078 4.975923538208008 -10
			vertex -0.4900856912136078 4.975923538208008 10
		endloop
	endfacet
	facet normal 0.04906786882460946 -0.9987954466501191 0
		outer loop
			vertex -0.4900856912136078 4.975923538208008 -10
			vertex 0 5 -10
			vertex 0 5 10
		endloop
	endfacet
	facet normal -0.04906786882460946 -0.9987954466501191 0
		outer loop
			vertex 0.4900856912136078 4.975923538208008 -10
			vertex 0.4900856912136078 4.975923538208008 10
			vertex 0 5 -10
		endloop
	endfacet
	facet normal -0.24297982421159142 -0.9700313422906005 0
		outer loop
			vertex 0.9754515886306763 4.903926372528076 -10
			vertex 1.4514234066009521 4.784701824188232 -10
			vertex 1.4514234066009521 4.784701824188232 10
		endloop
	endfacet
	facet normal -0.146730346769883 -0.9891765289051242 0
		outer loop
			vertex 0.4900856912136078 4.975923538208008 -10
			vertex 0.9754515886306763 4.903926372528076 -10
			vertex 0.9754515886306763 4.903926372528076 10
		endloop
	endfacet
	facet normal -0.33689013211610713 -0.9415439654539728 0
		outer loop
			vertex 1.4514234066009521 4.784701824188232 -10
			vertex 1.9134172201156616 4.6193976402282715 -10
			vertex 1.9134172201156616 4.6193976402282715 10
		endloop
	endfacet
	facet normal -0.42755489500493143 -0.9039893869716183 0
		outer loop
			vertex 1.9134172201156616 4.6193976402282715 -10
			vertex 2.3569836616516113 4.409606456756592 -10
			vertex 2.3569836616516113 4.409606456756592 10
		endloop
	endfacet
	facet normal -0.5141028390402569 -0.8577285531511399 0
		outer loop
			vertex 2.3569836616516113 4.409606456756592 -10
			vertex 2.777851104736328 4.157348155975342 -10
			vertex 2.777851104736328 4.157348155975342 10
		endloop
	endfacet
	facet normal 0.5141028390402569 -0.8577285531511399 0
		outer loop
			vertex -2.777851104736328 4.157348155975342 -10
			vertex -2.3569836616516113 4.409606456756592 10
			vertex -2.777851104736328 4.157348155975342 10
		endloop
	endfacet
	facet normal 0.42755489500493143 -0.9039893869716183 0
		outer loop
			vertex -2.3569836616516113 4.409606456756592 -10
			vertex -1.9134172201156616 4.6193976402282715 10
			vertex -2.3569836616516113 4.409606456756592 10
		endloop
	endfacet
	facet normal 0.33689013211610713 -0.9415439654539728 0
		outer loop
			vertex -1.9134172201156616 4.6193976402282715 -10
			vertex -1.4514234066009521 4.784701824188232 10
			vertex -1.9134172201156616 4.6193976402282715 10
		endloop
	endfacet
	facet normal 0.24297982421159142 -0.9700313422906005 0
		outer loop
			vertex -1.4514234066009521 4.784701824188232 -10
			vertex -0.9754515886306763 4.903926372528076 10
			vertex -1.4514234066009521 4.784701824188232 10
		endloop
	endfacet
	facet normal 0.146730346769883 -0.9891765289051242 0
		outer loop
			vertex -0.9754515886306763 4.903926372528076 -10
			vertex -0.4900856912136078 4.975923538208008 10
			vertex -0.9754515886306763 4.903926372528076 10
		endloop
	endfacet
	facet normal 0.04906786882460946 -0.9987954466501191 0
		outer loop
			vertex -0.4900856912136078 4.975923538208008 -10
			vertex 0 5 10
			vertex -0.4900856912136078 4.975923538208008 10
		endloop
	endfacet
	facet normal -0.04906786882460946 -0.9987954466501191 0
		outer loop
			vertex 0 5 -10
			vertex 0.4900856912136078 4.975923538208008 10
			vertex 0 5 10
		endloop
	endfacet
	facet normal -0.24297982421159142 -0.9700313422906005 0
		outer loop
			vertex 0.9754515886306763 4.903926372528076 -10
			vertex 1.4514234066009521 4.784701824188232 10
			vertex 0.9754515886306763 4.903926372528076 10
		endloop
	endfacet
	facet normal -0.146730346769883 -0.9891765289051242 0
		outer loop
			vertex 0.4900856912136078 4.975923538208008 -10
			vertex 0.9754515886306763 4.903926372528076 10
			vertex 0.4900856912136078 4.975923538208008 10
		endloop
	endfacet
	facet normal -0.33689013211610713 -0.9415439654539728 0
		outer loop
			vertex 1.4514234066009521 4.784701824188232 -10
			vertex 1.9134172201156616 4.6193976402282715 10
			vertex 1.4514234066009521 4.784701824188232 10
		endloop
	endfacet
	facet normal -0.42755489500493143 -0.9039893869716183 0
		outer loop
			vertex 1.9134172201156616 4.6193976402282715 -10
			vertex 2.3569836616516113 4.409606456756592 10
			vertex 1.9134172201156616 4.6193976402282715 10
		endloop
	endfacet
	facet normal -0.5141028390402569 -0.8577285531511399 0
		outer loop
			vertex 2.3569836616516113 4.409606456756592 -10
			vertex 2.777851104736328 4.157348155975342 10
			vertex 2.3569836616516113 4.409606456756592 10
		endloop
	endfacet
	facet normal -0.5956995310208507 -0.8032073634756709 0
		outer loop
			vertex 2.777851104736328 4.157348155975342 -10
			vertex 3.171966314315796 3.8650522232055664 10
			vertex 2.777851104736328 4.157348155975342 10
		endloop
	endfacet
	facet normal -0.8577285531511399 0.5141028390402569 0
		outer loop
			vertex 4.157348155975342 -2.777851104736328 -10
			vertex 4.157348155975342 -2.777851104736328 10
			vertex 4.409606456756592 -2.3569836616516113 -10
		endloop
	endfacet
	facet normal -0.9039893869716183 0.42755489500493143 0
		outer loop
			vertex 4.409606456756592 -2.3569836616516113 -10
			vertex 4.409606456756592 -2.3569836616516113 10
			vertex 4.6193976402282715 -1.9134172201156616 -10
		endloop
	endfacet
	facet normal -0.9415439654539728 0.33689013211610713 0
		outer loop
			vertex 4.6193976402282715 -1.9134172201156616 -10
			vertex 4.6193976402282715 -1.9134172201156616 10
			vertex 4.784701824188232 -1.4514234066009521 -10
		endloop
	endfacet
	facet normal -0.9700313422906005 0.24297982421159142 0
		outer loop
			vertex 4.784701824188232 -1.4514234066009521 -10
			vertex 4.784701824188232 -1.4514234066009521 10
			vertex 4.903926372528076 -0.9754515886306763 -10
		endloop
	endfacet
	facet normal -0.9891765289051242 0.146730346769883 0
		outer loop
			vertex 4.903926372528076 -0.9754515886306763 -10
			vertex 4.903926372528076 -0.9754515886306763 10
			vertex 4.975923538208008 -0.4900856912136078 -10
		endloop
	endfacet
	facet normal -0.9987954466501191 0.04906786882460946 0
		outer loop
			vertex 4.975923538208008 -0.4900856912136078 -10
			vertex 4.975923538208008 -0.4900856912136078 10
			vertex 5 0 -10
		endloop
	endfacet
	facet normal -0.9987954466501191 -0.04906786882460946 0
		outer loop
			vertex 4.975923538208008 0.4900856912136078 -10
			vertex 5 0 -10
			vertex 5 0 10
		endloop
	endfacet
	facet normal -0.9700313422906005 -0.24297982421159142 0
		outer loop
			vertex 4.903926372528076 0.9754515886306763 -10
			vertex 4.903926372528076 0.9754515886306763 10
			vertex 4.784701824188232 1.4514234066009521 -10
		endloop
	endfacet
	facet normal -0.9415439654539728 -0.33689013211610713 0
		outer loop
			vertex 4.784701824188232 1.4514234066009521 -10
			vertex 4.784701824188232 1.4514234066009521 10
			vertex 4.6193976402282715 1.9134172201156616 -10
		endloop
	endfacet
	facet normal -0.9039893869716183 -0.42755489500493143 0
		outer loop
			vertex 4.6193976402282715 1.9134172201156616 -10
			vertex 4.6193976402282715 1.9134172201156616 10
			vertex 4.409606456756592 2.3569836616516113 -10
		endloop
	endfacet
	facet normal -0.9891765289051242 -0.146730346769883 0
		outer loop
			vertex 4.975923538208008 0.4900856912136078 -10
			vertex 4.975923538208008 0.4900856912136078 10
			vertex 4.903926372528076 0.9754515886306763 -10
		endloop
	endfacet
	facet normal -0.8577285531511399 -0.5141028390402569 0
		outer loop
			vertex 4.409606456756592 2.3569836616516113 -10
			vertex 4.409606456756592 2.3569836616516113 10
			vertex 4.157348155975342 2.777851104736328 -10
		endloop
	endfacet
	facet normal -0.8032073634756709 -0.5956995310208507 0
		outer loop
			vertex 4.157348155975342 2.777851104736328 -10
			vertex 4.157348155975342 2.777851104736328 10
			vertex 3.8650522232055664 3.171966314315796 -10
		endloop
	endfacet
	facet normal -0.8032073634756709 0.5956995310208507 0
		outer loop
			vertex 4.157348155975342 -2.777851104736328 -10
			vertex 3.8650522232055664 -3.171966314315796 10
			vertex 4.157348155975342 -2.777851104736328 10
		endloop
	endfacet
	facet normal -0.8577285531511399 0.5141028390402569 0
		outer loop
			vertex 4.409606456756592 -2.3569836616516113 -10
			vertex 4.157348155975342 -2.777851104736328 10
			vertex 4.409606456756592 -2.3569836616516113 10
		endloop
	endfacet
	facet normal -0.9039893869716183 0.42755489500493143 0
		outer loop
			vertex 4.6193976402282715 -1.9134172201156616 -10
			vertex 4.409606456756592 -2.3569836616516113 10
			vertex 4.6193976402282715 -1.9134172201156616 10
		endloop
	endfacet
	facet normal -0.9415439654539728 0.33689013211610713 0
		outer loop
			vertex 4.784701824188232 -1.4514234066009521 -10
			vertex 4.6193976402282715 -1.9134172201156616 10
			vertex 4.784701824188232 -1.4514234066009521 10
		endloop
	endfacet
	facet normal -0.9700313422906005 0.24297982421159142 0
		outer loop
			vertex 4.903926372528076 -0.9754515886306763 -10
			vertex 4.784701824188232 -1.4514234066009521 10
			vertex 4.903926372528076 -0.9754515886306763 10
		endloop
	endfacet
	facet normal -0.9891765289051242 0.146730346769883 0
		outer loop
			vertex 4.975923538208008 -0.4900856912136078 -10
			vertex 4.903926372528076 -0.9754515886306763 10
			vertex 4.975923538208008 -0.4900856912136078 10
		endloop
	endfacet
	facet normal -0.9987954466501191 0.04906786882460946 0
		outer loop
			vertex 4.975923538208008 -0.4900856912136078 10
			vertex 5 0 10
			vertex 5 0 -10
		endloop
	endfacet
	facet normal -0.9987954466501191 -0.04906786882460946 0
		outer loop
			vertex 4.975923538208008 0.4900856912136078 -10
			vertex 5 0 10
			vertex 4.975923538208008 0.4900856912136078 10
		endloop
	endfacet
	facet normal -0.9700313422906005 -0.24297982421159142 0
		outer loop
			vertex 4.784701824188232 1.4514234066009521 -10
			vertex 4.903926372528076 0.9754515886306763 10
			vertex 4.784701824188232 1.4514234066009521 10
		endloop
	endfacet
	facet normal -0.9415439654539728 -0.33689013211610713 0
		outer loop
			vertex 4.6193976402282715 1.9134172201156616 -10
			vertex 4.784701824188232 1.4514234066009521 10
			vertex 4.6193976402282715 1.9134172201156616 10
		endloop
	endfacet
	facet normal -0.9039893869716183 -0.42755489500493143 0
		outer loop
			vertex 4.409606456756592 2.3569836616516113 -10
			vertex 4.6193976402282715 1.9134172201156616 10
			vertex 4.409606456756592 2.3569836616516113 10
		endloop
	endfacet
	facet normal -0.9891765289051242 -0.146730346769883 0
		outer loop
			vertex 4.903926372528076 0.9754515886306763 -10
			vertex 4.975923538208008 0.4900856912136078 10
			vertex 4.903926372528076 0.9754515886306763 10
		endloop
	endfacet
	facet normal -0.8577285531511399 -0.5141028390402569 0
		outer loop
			vertex 4.157348155975342 2.777851104736328 -10
			vertex 4.409606456756592 2.3569836616516113 10
			vertex 4.157348155975342 2.777851104736328 10
		endloop
	endfacet
	facet normal -0.8404192049263559 -0.5382271431423167 0.06330167751183428
		outer loop
			vertex 3.5379178524017334 5.355638027191162 10.819387435913086
			vertex 3.076958179473877 6.0750226974487305 10.816117286682129
			vertex 3.348242998123169 5.555438041687012 10
		endloop
	endfacet
	facet normal -0.8025438675873221 -0.5952072959118692 0.040640072481031
		outer loop
			vertex 3.5379178524017334 5.355638027191162 10.819387435913086
			vertex 3.348242998123169 5.555438041687012 10
			vertex 3.8159162998199463 4.924853801727295 10
		endloop
	endfacet
	facet normal -0.7776323912610931 -0.6253561784046544 0.06494239133786432
		outer loop
			vertex 3.5379178524017334 5.355638027191162 10.819387435913086
			vertex 3.8159162998199463 4.924853801727295 10
			vertex 4.0767130851745605 4.685819149017334 10.821069717407227
		endloop
	endfacet
	facet normal -0.8569663744749714 -0.5136456911308024 0.04215135824601512
		outer loop
			vertex 3.076958179473877 6.0750226974487305 10.816117286682129
			vertex 2.9446299076080322 6.22882604598999 10
			vertex 3.348242998123169 5.555438041687012 10
		endloop
	endfacet
	facet normal -0.8931451587197802 -0.4456353673472421 0.06083456932294029
		outer loop
			vertex 2.6989760398864746 6.83193826675415 10.811439514160156
			vertex 2.9446299076080322 6.22882604598999 10
			vertex 3.076958179473877 6.0750226974487305 10.816117286682129
		endloop
	endfacet
	facet normal -0.9405453193214692 -0.3365323251008588 0.04604884867926124
		outer loop
			vertex 2.406662702560425 7.614159107208252 10.8056001663208
			vertex 2.344477415084839 7.677722454071045 10
			vertex 2.60896372795105 6.93853235244751 10
		endloop
	endfacet
	facet normal -0.9353004031789093 -0.34908647429984524 0.0578946394260583
		outer loop
			vertex 2.6989760398864746 6.83193826675415 10.811439514160156
			vertex 2.406662702560425 7.614159107208252 10.8056001663208
			vertex 2.60896372795105 6.93853235244751 10
		endloop
	endfacet
	facet normal -0.9031109522204747 -0.42713979061474133 0.044070480517267994
		outer loop
			vertex 2.6989760398864746 6.83193826675415 10.811439514160156
			vertex 2.60896372795105 6.93853235244751 10
			vertex 2.9446299076080322 6.22882604598999 10
		endloop
	endfacet
	facet normal -0.8404192049263559 0.06330167751183428 -0.5382271431423167
		outer loop
			vertex 3.5379178524017334 10.819387435913086 5.355638027191162
			vertex 3.348242998123169 10 5.555438041687012
			vertex 3.076958179473877 10.816117286682129 6.0750226974487305
		endloop
	endfacet
	facet normal -0.8025438675873221 0.040640072481031 -0.5952072959118692
		outer loop
			vertex 3.5379178524017334 10.819387435913086 5.355638027191162
			vertex 3.8159162998199463 10 4.924853801727295
			vertex 3.348242998123169 10 5.555438041687012
		endloop
	endfacet
	facet normal -0.7776323912610931 0.06494239133786432 -0.6253561784046544
		outer loop
			vertex 3.5379178524017334 10.819387435913086 5.355638027191162
			vertex 4.0767130851745605 10.821069717407227 4.685819149017334
			vertex 3.8159162998199463 10 4.924853801727295
		endloop
	endfacet
	facet normal -0.8569663744749714 0.04215135824601512 -0.5136456911308024
		outer loop
			vertex 3.076958179473877 10.816117286682129 6.0750226974487305
			vertex 3.348242998123169 10 5.555438041687012
			vertex 2.9446299076080322 10 6.22882604598999
		endloop
	endfacet
	facet normal -0.8931451587197802 0.06083456932294029 -0.4456353673472421
		outer loop
			vertex 2.6989760398864746 10.811439514160156 6.83193826675415
			vertex 3.076958179473877 10.816117286682129 6.0750226974487305
			vertex 2.9446299076080322 10 6.22882604598999
		endloop
	endfacet
	facet normal -0.9405453193214692 0.04604884867926124 -0.3365323251008588
		outer loop
			vertex 2.406662702560425 10.8056001663208 7.614159107208252
			vertex 2.60896372795105 10 6.93853235244751
			vertex 2.344477415084839 10 7.677722454071045
		endloop
	endfacet
	facet normal -0.9353004031789093 0.0578946394260583 -0.34908647429984524
		outer loop
			vertex 2.6989760398864746 10.811439514160156 6.83193826675415
			vertex 2.60896372795105 10 6.93853235244751
			vertex 2.406662702560425 10.8056001663208 7.614159107208252
		endloop
	endfacet
	facet normal -0.9031109522204747 0.044070480517267994 -0.42713979061474133
		outer loop
			vertex 2.6989760398864746 10.811439514160156 6.83193826675415
			vertex 2.9446299076080322 10 6.22882604598999
			vertex 2.60896372795105 10 6.93853235244751
		endloop
	endfacet
	facet normal -0.9689259026918594 -0.24270332060211983 0.04772518477145993
		outer loop
			vertex 2.2004241943359375 8.40990924835205 10.7988920211792
			vertex 2.1537177562713623 8.439277648925781 10
			vertex 2.344477415084839 7.677722454071045 10
		endloop
	endfacet
	facet normal -0.9873049669823175 -0.15001103500620727 0.052207198243264696
		outer loop
			vertex 2.2004241943359375 8.40990924835205 10.7988920211792
			vertex 2.0787224769592285 9.208368301391602 10.791631698608398
			vertex 2.1537177562713623 8.439277648925781 10
		endloop
	endfacet
	facet normal -0.9879987386962752 -0.14655567192005303 0.04878449920447326
		outer loop
			vertex 2.0787224769592285 9.208368301391602 10.791631698608398
			vertex 2.038522243499756 9.215863227844238 10
			vertex 2.1537177562713623 8.439277648925781 10
		endloop
	endfacet
	facet normal -0.9689259026918594 0.04772518477145993 -0.24270332060211983
		outer loop
			vertex 2.2004241943359375 10.7988920211792 8.40990924835205
			vertex 2.344477415084839 10 7.677722454071045
			vertex 2.1537177562713623 10 8.439277648925781
		endloop
	endfacet
	facet normal -0.9873049669823175 0.052207198243264696 -0.15001103500620727
		outer loop
			vertex 2.2004241943359375 10.7988920211792 8.40990924835205
			vertex 2.1537177562713623 10 8.439277648925781
			vertex 2.0787224769592285 10.791631698608398 9.208368301391602
		endloop
	endfacet
	facet normal -0.9879987386962752 0.04878449920447326 -0.14655567192005303
		outer loop
			vertex 2.0787224769592285 10.791631698608398 9.208368301391602
			vertex 2.1537177562713623 10 8.439277648925781
			vertex 2.038522243499756 10 9.215863227844238
		endloop
	endfacet
	facet normal -0.9974789514261616 -0.05017838908217961 0.05017838908217961
		outer loop
			vertex 2.0787224769592285 9.208368301391602 10.791631698608398
			vertex 2.038522243499756 10 10.784136772155762
			vertex 2.038522243499756 9.215863227844238 10
		endloop
	endfacet
	facet normal -0.9975952455101644 -0.04900880602256412 0.04900880602256412
		outer loop
			vertex 2.038522243499756 10 10.784136772155762
			vertex 2 10 10
			vertex 2.038522243499756 9.215863227844238 10
		endloop
	endfacet
	facet normal -0.9974789514261616 0.05017838908217961 -0.05017838908217961
		outer loop
			vertex 2.0787224769592285 10.791631698608398 9.208368301391602
			vertex 2.038522243499756 10 9.215863227844238
			vertex 2.038522243499756 10.784136772155762 10
		endloop
	endfacet
	facet normal -0.9975952455101644 0.04900880602256412 -0.04900880602256412
		outer loop
			vertex 2.038522243499756 10.784136772155762 10
			vertex 2.038522243499756 10 9.215863227844238
			vertex 2 10 10
		endloop
	endfacet
	facet normal -0.9975952455101644 0.04900880602256412 0.04900880602256412
		outer loop
			vertex 2.038522243499756 10 10.784136772155762
			vertex 2.038522243499756 10.784136772155762 10
			vertex 2 10 10
		endloop
	endfacet
	facet normal -0.9974789514261616 0.05017838908217961 0.05017838908217961
		outer loop
			vertex 2.038522243499756 10 10.784136772155762
			vertex 2.0787224769592285 10.791631698608398 10.791631698608398
			vertex 2.038522243499756 10.784136772155762 10
		endloop
	endfacet
	facet normal -0.9666697703798981 -0.25007389892608484 0.05488715796597168
		outer loop
			vertex 2.406662702560425 7.614159107208252 10.8056001663208
			vertex 2.2004241943359375 8.40990924835205 10.7988920211792
			vertex 2.344477415084839 7.677722454071045 10
		endloop
	endfacet
	facet normal -0.9666697703798981 0.05488715796597168 -0.25007389892608484
		outer loop
			vertex 2.406662702560425 10.8056001663208 7.614159107208252
			vertex 2.344477415084839 10 7.677722454071045
			vertex 2.2004241943359375 10.7988920211792 8.40990924835205
		endloop
	endfacet
	facet normal -0.771113128399222 -0.6199104732901433 0.145243066325231
		outer loop
			vertex 3.5379178524017334 5.355638027191162 10.819387435913086
			vertex 4.0767130851745605 4.685819149017334 10.821069717407227
			vertex 3.8524019718170166 5.169863224029541 11.696118354797363
		endloop
	endfacet
	facet normal -0.8090921754165379 -0.5622262402805301 0.1710891768048286
		outer loop
			vertex 3.5379178524017334 5.355638027191162 10.819387435913086
			vertex 3.8524019718170166 5.169863224029541 11.696118354797363
			vertex 3.3230643272399902 5.928275108337402 11.685107231140137
		endloop
	endfacet
	facet normal -0.7945913769143618 -0.5508834445724103 0.2552488476553319
		outer loop
			vertex 3.3230643272399902 5.928275108337402 11.685107231140137
			vertex 3.8524019718170166 5.169863224029541 11.696118354797363
			vertex 3.7009048461914062 5.80067253112793 12.585932731628418
		endloop
	endfacet
	facet normal -0.7606580415337423 -0.5836188046024532 0.2842330641647018
		outer loop
			vertex 3.8524019718170166 5.169863224029541 11.696118354797363
			vertex 4.309352397918701 5.016412734985352 12.603917121887207
			vertex 3.7009048461914062 5.80067253112793 12.585932731628418
		endloop
	endfacet
	facet normal -0.8853169666660435 -0.44119469145756923 0.1468370279013297
		outer loop
			vertex 2.6989760398864746 6.83193826675415 10.811439514160156
			vertex 3.076958179473877 6.0750226974487305 10.816117286682129
			vertex 2.892418384552002 6.728739261627197 11.66767406463623
		endloop
	endfacet
	facet normal -0.8696614453822564 -0.4642170231543589 0.1679033228657206
		outer loop
			vertex 3.3230643272399902 5.928275108337402 11.685107231140137
			vertex 2.892418384552002 6.728739261627197 11.66767406463623
			vertex 3.076958179473877 6.0750226974487305 10.816117286682129
		endloop
	endfacet
	facet normal -0.9268252748449906 -0.34524938472446404 0.14764068631609242
		outer loop
			vertex 2.6989760398864746 6.83193826675415 10.811439514160156
			vertex 2.563443660736084 7.552255153656006 11.645045280456543
			vertex 2.406662702560425 7.614159107208252 10.8056001663208
		endloop
	endfacet
	facet normal -0.9176616179967398 -0.36208605244063835 0.16367909299467975
		outer loop
			vertex 2.6989760398864746 6.83193826675415 10.811439514160156
			vertex 2.892418384552002 6.728739261627197 11.66767406463623
			vertex 2.563443660736084 7.552255153656006 11.645045280456543
		endloop
	endfacet
	facet normal -0.885774680215758 -0.37470143630431757 0.2738650206217535
		outer loop
			vertex 2.892418384552002 6.728739261627197 11.66767406463623
			vertex 3.2049477100372314 6.636068820953369 12.551711082458496
			vertex 2.826692581176758 7.4956374168396 12.504362106323242
		endloop
	endfacet
	facet normal -0.9008712339011092 -0.35293186198751786 0.2527253859894508
		outer loop
			vertex 2.892418384552002 6.728739261627197 11.66767406463623
			vertex 2.826692581176758 7.4956374168396 12.504362106323242
			vertex 2.563443660736084 7.552255153656006 11.645045280456543
		endloop
	endfacet
	facet normal -0.8332643409795678 -0.5332668952679065 0.14593476783554457
		outer loop
			vertex 3.5379178524017334 5.355638027191162 10.819387435913086
			vertex 3.3230643272399902 5.928275108337402 11.685107231140137
			vertex 3.076958179473877 6.0750226974487305 10.816117286682129
		endloop
	endfacet
	facet normal -0.8304516873841331 -0.48154697958038084 0.2801115873680672
		outer loop
			vertex 3.3230643272399902 5.928275108337402 11.685107231140137
			vertex 3.7009048461914062 5.80067253112793 12.585932731628418
			vertex 3.2049477100372314 6.636068820953369 12.551711082458496
		endloop
	endfacet
	facet normal -0.8539861114787188 -0.45390161177139954 0.2543246905685388
		outer loop
			vertex 3.3230643272399902 5.928275108337402 11.685107231140137
			vertex 3.2049477100372314 6.636068820953369 12.551711082458496
			vertex 2.892418384552002 6.728739261627197 11.66767406463623
		endloop
	endfacet
	facet normal -0.8613306991853666 -0.3592418590871946 0.3592418590871946
		outer loop
			vertex 2.826692581176758 7.4956374168396 12.504362106323242
			vertex 3.2049477100372314 6.636068820953369 12.551711082458496
			vertex 3.2049477100372314 7.448288440704346 13.363930702209473
		endloop
	endfacet
	facet normal -0.8073894190385431 -0.4644224266988017 0.36391501151202926
		outer loop
			vertex 3.7009048461914062 5.80067253112793 12.585932731628418
			vertex 3.6471641063690186 6.561870098114014 13.438130378723145
			vertex 3.2049477100372314 6.636068820953369 12.551711082458496
		endloop
	endfacet
	facet normal -0.773808148924982 -0.4958709316269607 0.3941230364045003
		outer loop
			vertex 3.7009048461914062 5.80067253112793 12.585932731628418
			vertex 4.220521926879883 5.705460548400879 13.486339569091797
			vertex 3.6471641063690186 6.561870098114014 13.438130378723145
		endloop
	endfacet
	facet normal -0.8380500552485308 -0.38579275841955285 0.38579275841955285
		outer loop
			vertex 3.2049477100372314 6.636068820953369 12.551711082458496
			vertex 3.6471641063690186 6.561870098114014 13.438130378723145
			vertex 3.2049477100372314 7.448288440704346 13.363930702209473
		endloop
	endfacet
	facet normal -0.807389542452842 -0.3639149808994033 0.4644222361330015
		outer loop
			vertex 3.6471641063690186 6.561870098114014 13.438130378723145
			vertex 3.7009048461914062 7.414066791534424 14.19932746887207
			vertex 3.2049477100372314 7.448288440704346 13.363930702209473
		endloop
	endfacet
	facet normal -0.7738080693946578 -0.394123199840458 0.49587092583376047
		outer loop
			vertex 3.6471641063690186 6.561870098114014 13.438130378723145
			vertex 4.220521926879883 6.513660430908203 14.294539451599121
			vertex 3.7009048461914062 7.414066791534424 14.19932746887207
		endloop
	endfacet
	facet normal -0.9759193414350916 -0.15424240502030717 0.15424240502030717
		outer loop
			vertex 2.2004241943359375 8.40990924835205 10.7988920211792
			vertex 2.334508180618286 8.381321907043457 11.618678092956543
			vertex 2.2004241943359375 9.2011079788208 11.59009075164795
		endloop
	endfacet
	facet normal -0.9779369739448779 -0.1477147165849346 0.1477147165849346
		outer loop
			vertex 2.2004241943359375 8.40990924835205 10.7988920211792
			vertex 2.2004241943359375 9.2011079788208 11.59009075164795
			vertex 2.0787224769592285 9.208368301391602 10.791631698608398
		endloop
	endfacet
	facet normal -0.9873049669823175 -0.052207198243264696 0.15001103500620727
		outer loop
			vertex 2.0787224769592285 9.208368301391602 10.791631698608398
			vertex 2.2004241943359375 9.2011079788208 11.59009075164795
			vertex 2.1537177562713623 10 11.560722351074219
		endloop
	endfacet
	facet normal -0.9879987386962752 -0.04878449920447326 0.14655567192005303
		outer loop
			vertex 2.0787224769592285 9.208368301391602 10.791631698608398
			vertex 2.1537177562713623 10 11.560722351074219
			vertex 2.038522243499756 10 10.784136772155762
		endloop
	endfacet
	facet normal -0.9689258672137655 -0.04772517743749678 0.2427034636807063
		outer loop
			vertex 2.2004241943359375 9.2011079788208 11.59009075164795
			vertex 2.344477415084839 10 12.322277069091797
			vertex 2.1537177562713623 10 11.560722351074219
		endloop
	endfacet
	facet normal -0.9879987386962752 0.04878449920447326 0.14655567192005303
		outer loop
			vertex 2.038522243499756 10 10.784136772155762
			vertex 2.1537177562713623 10 11.560722351074219
			vertex 2.0787224769592285 10.791631698608398 10.791631698608398
		endloop
	endfacet
	facet normal -0.9873049669823175 0.052207198243264696 0.15001103500620727
		outer loop
			vertex 2.0787224769592285 10.791631698608398 10.791631698608398
			vertex 2.1537177562713623 10 11.560722351074219
			vertex 2.2004241943359375 10.7988920211792 11.59009075164795
		endloop
	endfacet
	facet normal -0.9689258672137655 0.04772517743749678 0.2427034636807063
		outer loop
			vertex 2.1537177562713623 10 11.560722351074219
			vertex 2.344477415084839 10 12.322277069091797
			vertex 2.2004241943359375 10.7988920211792 11.59009075164795
		endloop
	endfacet
	facet normal -0.9529557318881777 -0.25809062308313946 0.15894842980672844
		outer loop
			vertex 2.406662702560425 7.614159107208252 10.8056001663208
			vertex 2.563443660736084 7.552255153656006 11.645045280456543
			vertex 2.334508180618286 8.381321907043457 11.618678092956543
		endloop
	endfacet
	facet normal -0.9576554181958935 -0.246952479494208 0.1480222039820758
		outer loop
			vertex 2.406662702560425 7.614159107208252 10.8056001663208
			vertex 2.334508180618286 8.381321907043457 11.618678092956543
			vertex 2.2004241943359375 8.40990924835205 10.7988920211792
		endloop
	endfacet
	facet normal -0.9263988910116698 -0.2662566233529294 0.26625646518543855
		outer loop
			vertex 2.563443660736084 7.552255153656006 11.645045280456543
			vertex 2.826692581176758 7.4956374168396 12.504362106323242
			vertex 2.563443660736084 8.354954719543457 12.447745323181152
		endloop
	endfacet
	facet normal -0.9352551820380348 -0.25029764172189856 0.25029749303470555
		outer loop
			vertex 2.563443660736084 7.552255153656006 11.645045280456543
			vertex 2.563443660736084 8.354954719543457 12.447745323181152
			vertex 2.334508180618286 8.381321907043457 11.618678092956543
		endloop
	endfacet
	facet normal -0.9008710547074766 -0.2527255606457149 0.3529321943186084
		outer loop
			vertex 2.826692581176758 7.4956374168396 12.504362106323242
			vertex 2.892418384552002 8.33232593536377 13.271260261535645
			vertex 2.563443660736084 8.354954719543457 12.447745323181152
		endloop
	endfacet
	facet normal -0.9576553839204041 -0.14802219352232604 0.24695261868039078
		outer loop
			vertex 2.334508180618286 8.381321907043457 11.618678092956543
			vertex 2.406662702560425 9.1943998336792 12.38584041595459
			vertex 2.2004241943359375 9.2011079788208 11.59009075164795
		endloop
	endfacet
	facet normal -0.9529558090391511 -0.15894815974747717 0.25809050453557464
		outer loop
			vertex 2.334508180618286 8.381321907043457 11.618678092956543
			vertex 2.563443660736084 8.354954719543457 12.447745323181152
			vertex 2.406662702560425 9.1943998336792 12.38584041595459
		endloop
	endfacet
	facet normal -0.9268253276086518 -0.1476403022752304 0.3452494073089685
		outer loop
			vertex 2.563443660736084 8.354954719543457 12.447745323181152
			vertex 2.6989760398864746 9.188560485839844 13.168061256408691
			vertex 2.406662702560425 9.1943998336792 12.38584041595459
		endloop
	endfacet
	facet normal -0.8857747135415363 -0.2738648823486597 0.37470145858611814
		outer loop
			vertex 2.826692581176758 7.4956374168396 12.504362106323242
			vertex 3.2049477100372314 7.448288440704346 13.363930702209473
			vertex 2.892418384552002 8.33232593536377 13.271260261535645
		endloop
	endfacet
	facet normal -0.9176614858231114 -0.16367901871295526 0.3620864209965402
		outer loop
			vertex 2.563443660736084 8.354954719543457 12.447745323181152
			vertex 2.892418384552002 8.33232593536377 13.271260261535645
			vertex 2.6989760398864746 9.188560485839844 13.168061256408691
		endloop
	endfacet
	facet normal -0.8853170709518614 -0.14683707872223242 0.44119446527981043
		outer loop
			vertex 2.892418384552002 8.33232593536377 13.271260261535645
			vertex 3.076958179473877 9.183882713317871 13.92497730255127
			vertex 2.6989760398864746 9.188560485839844 13.168061256408691
		endloop
	endfacet
	facet normal -0.8696615505903885 -0.16790339004912355 0.4642168017583301
		outer loop
			vertex 2.892418384552002 8.33232593536377 13.271260261535645
			vertex 3.3230643272399902 8.314892768859863 14.071724891662598
			vertex 3.076958179473877 9.183882713317871 13.92497730255127
		endloop
	endfacet
	facet normal -0.8539862390596639 -0.2543246194790742 0.45390141156814534
		outer loop
			vertex 3.2049477100372314 7.448288440704346 13.363930702209473
			vertex 3.3230643272399902 8.314892768859863 14.071724891662598
			vertex 2.892418384552002 8.33232593536377 13.271260261535645
		endloop
	endfacet
	facet normal -0.8304518210831049 -0.2801115224887071 0.4815467867495466
		outer loop
			vertex 3.2049477100372314 7.448288440704346 13.363930702209473
			vertex 3.7009048461914062 7.414066791534424 14.19932746887207
			vertex 3.3230643272399902 8.314892768859863 14.071724891662598
		endloop
	endfacet
	facet normal -0.7945912615619947 -0.25524862604733284 0.5508837136367954
		outer loop
			vertex 3.7009048461914062 7.414066791534424 14.19932746887207
			vertex 3.8524019718170166 8.303881645202637 14.8301362991333
			vertex 3.3230643272399902 8.314892768859863 14.071724891662598
		endloop
	endfacet
	facet normal -0.8332644909015248 -0.14593485382926213 0.5332666374717764
		outer loop
			vertex 3.076958179473877 9.183882713317871 13.92497730255127
			vertex 3.3230643272399902 8.314892768859863 14.071724891662598
			vertex 3.5379178524017334 9.180612564086914 14.644362449645996
		endloop
	endfacet
	facet normal -0.9666697347585204 -0.05488714411194802 0.2500740396625091
		outer loop
			vertex 2.2004241943359375 9.2011079788208 11.59009075164795
			vertex 2.406662702560425 9.1943998336792 12.38584041595459
			vertex 2.344477415084839 10 12.322277069091797
		endloop
	endfacet
	facet normal -0.9405453193214692 -0.04604884867926124 0.3365323251008588
		outer loop
			vertex 2.406662702560425 9.1943998336792 12.38584041595459
			vertex 2.60896372795105 10 13.061467170715332
			vertex 2.344477415084839 10 12.322277069091797
		endloop
	endfacet
	facet normal -0.9666697347585204 0.05488714411194802 0.2500740396625091
		outer loop
			vertex 2.2004241943359375 10.7988920211792 11.59009075164795
			vertex 2.344477415084839 10 12.322277069091797
			vertex 2.406662702560425 10.8056001663208 12.38584041595459
		endloop
	endfacet
	facet normal -0.9405453193214692 0.04604884867926124 0.3365323251008588
		outer loop
			vertex 2.344477415084839 10 12.322277069091797
			vertex 2.60896372795105 10 13.061467170715332
			vertex 2.406662702560425 10.8056001663208 12.38584041595459
		endloop
	endfacet
	facet normal -0.9353004031789093 -0.0578946394260583 0.34908647429984524
		outer loop
			vertex 2.406662702560425 9.1943998336792 12.38584041595459
			vertex 2.6989760398864746 9.188560485839844 13.168061256408691
			vertex 2.60896372795105 10 13.061467170715332
		endloop
	endfacet
	facet normal -0.8931452812332074 -0.060834369959415116 0.44563514902046936
		outer loop
			vertex 2.6989760398864746 9.188560485839844 13.168061256408691
			vertex 3.076958179473877 9.183882713317871 13.92497730255127
			vertex 2.9446299076080322 10 13.771173477172852
		endloop
	endfacet
	facet normal -0.9031109522204747 -0.044070480517267994 0.42713979061474133
		outer loop
			vertex 2.6989760398864746 9.188560485839844 13.168061256408691
			vertex 2.9446299076080322 10 13.771173477172852
			vertex 2.60896372795105 10 13.061467170715332
		endloop
	endfacet
	facet normal -0.8569665429411114 -0.04215113496786288 0.5136454283846801
		outer loop
			vertex 3.076958179473877 9.183882713317871 13.92497730255127
			vertex 3.348242998123169 10 14.444561958312988
			vertex 2.9446299076080322 10 13.771173477172852
		endloop
	endfacet
	facet normal -0.9353004031789093 0.0578946394260583 0.34908647429984524
		outer loop
			vertex 2.406662702560425 10.8056001663208 12.38584041595459
			vertex 2.60896372795105 10 13.061467170715332
			vertex 2.6989760398864746 10.811439514160156 13.168061256408691
		endloop
	endfacet
	facet normal -0.9031109522204747 0.044070480517267994 0.42713979061474133
		outer loop
			vertex 2.60896372795105 10 13.061467170715332
			vertex 2.9446299076080322 10 13.771173477172852
			vertex 2.6989760398864746 10.811439514160156 13.168061256408691
		endloop
	endfacet
	facet normal -0.8931452812332074 0.060834369959415116 0.44563514902046936
		outer loop
			vertex 2.9446299076080322 10 13.771173477172852
			vertex 3.076958179473877 10.816117286682129 13.92497730255127
			vertex 2.6989760398864746 10.811439514160156 13.168061256408691
		endloop
	endfacet
	facet normal -0.8569665429411114 0.04215113496786288 0.5136454283846801
		outer loop
			vertex 2.9446299076080322 10 13.771173477172852
			vertex 3.348242998123169 10 14.444561958312988
			vertex 3.076958179473877 10.816117286682129 13.92497730255127
		endloop
	endfacet
	facet normal -0.8404193778840066 -0.06330146406285668 0.5382268981800874
		outer loop
			vertex 3.076958179473877 9.183882713317871 13.92497730255127
			vertex 3.5379178524017334 9.180612564086914 14.644362449645996
			vertex 3.348242998123169 10 14.444561958312988
		endloop
	endfacet
	facet normal -0.8404193778840066 0.06330146406285668 0.5382268981800874
		outer loop
			vertex 3.076958179473877 10.816117286682129 13.92497730255127
			vertex 3.348242998123169 10 14.444561958312988
			vertex 3.5379178524017334 10.819387435913086 14.644362449645996
		endloop
	endfacet
	facet normal -0.7606581358160368 -0.2842326417668501 0.5836188874352075
		outer loop
			vertex 3.7009048461914062 7.414066791534424 14.19932746887207
			vertex 4.309352397918701 7.396082401275635 14.983587265014648
			vertex 3.8524019718170166 8.303881645202637 14.8301362991333
		endloop
	endfacet
	facet normal -0.809091943653741 -0.17108966611859952 0.562226424905516
		outer loop
			vertex 3.3230643272399902 8.314892768859863 14.071724891662598
			vertex 3.8524019718170166 8.303881645202637 14.8301362991333
			vertex 3.5379178524017334 9.180612564086914 14.644362449645996
		endloop
	endfacet
	facet normal -0.771113053646359 -0.14524372691900517 0.6199104115006174
		outer loop
			vertex 3.8524019718170166 8.303881645202637 14.8301362991333
			vertex 4.0767130851745605 9.178930282592773 15.314181327819824
			vertex 3.5379178524017334 9.180612564086914 14.644362449645996
		endloop
	endfacet
	facet normal -0.7776323912610931 -0.06494239133786432 0.6253561784046544
		outer loop
			vertex 3.5379178524017334 9.180612564086914 14.644362449645996
			vertex 4.0767130851745605 9.178930282592773 15.314181327819824
			vertex 3.8159162998199463 10 15.075146675109863
		endloop
	endfacet
	facet normal -0.8025440903017884 -0.04063984713142411 0.5952070110027349
		outer loop
			vertex 3.5379178524017334 9.180612564086914 14.644362449645996
			vertex 3.8159162998199463 10 15.075146675109863
			vertex 3.348242998123169 10 14.444561958312988
		endloop
	endfacet
	facet normal -0.8025440903017884 0.04063984713142411 0.5952070110027349
		outer loop
			vertex 3.348242998123169 10 14.444561958312988
			vertex 3.8159162998199463 10 15.075146675109863
			vertex 3.5379178524017334 10.819387435913086 14.644362449645996
		endloop
	endfacet
	facet normal -0.7776323912610931 0.06494239133786432 0.6253561784046544
		outer loop
			vertex 3.5379178524017334 10.819387435913086 14.644362449645996
			vertex 3.8159162998199463 10 15.075146675109863
			vertex 4.0767130851745605 10.821069717407227 15.314181327819824
		endloop
	endfacet
	facet normal -0.771113128399222 0.145243066325231 -0.6199104732901433
		outer loop
			vertex 3.5379178524017334 10.819387435913086 5.355638027191162
			vertex 3.8524019718170166 11.696118354797363 5.169863224029541
			vertex 4.0767130851745605 10.821069717407227 4.685819149017334
		endloop
	endfacet
	facet normal -0.8090921754165379 0.1710891768048286 -0.5622262402805301
		outer loop
			vertex 3.5379178524017334 10.819387435913086 5.355638027191162
			vertex 3.3230643272399902 11.685107231140137 5.928275108337402
			vertex 3.8524019718170166 11.696118354797363 5.169863224029541
		endloop
	endfacet
	facet normal -0.7945913769143618 0.2552488476553319 -0.5508834445724103
		outer loop
			vertex 3.3230643272399902 11.685107231140137 5.928275108337402
			vertex 3.7009048461914062 12.585932731628418 5.80067253112793
			vertex 3.8524019718170166 11.696118354797363 5.169863224029541
		endloop
	endfacet
	facet normal -0.7606580415337421 0.28423306416470173 -0.5836188046024531
		outer loop
			vertex 3.8524019718170166 11.696118354797363 5.169863224029541
			vertex 3.7009048461914062 12.585932731628418 5.80067253112793
			vertex 4.309352397918701 12.603917121887207 5.016412734985352
		endloop
	endfacet
	facet normal -0.8853169666660435 0.1468370279013297 -0.44119469145756923
		outer loop
			vertex 2.6989760398864746 10.811439514160156 6.83193826675415
			vertex 2.892418384552002 11.66767406463623 6.728739261627197
			vertex 3.076958179473877 10.816117286682129 6.0750226974487305
		endloop
	endfacet
	facet normal -0.8696614453822564 0.1679033228657206 -0.4642170231543589
		outer loop
			vertex 3.3230643272399902 11.685107231140137 5.928275108337402
			vertex 3.076958179473877 10.816117286682129 6.0750226974487305
			vertex 2.892418384552002 11.66767406463623 6.728739261627197
		endloop
	endfacet
	facet normal -0.9268252748449906 0.14764068631609242 -0.34524938472446404
		outer loop
			vertex 2.6989760398864746 10.811439514160156 6.83193826675415
			vertex 2.406662702560425 10.8056001663208 7.614159107208252
			vertex 2.563443660736084 11.645045280456543 7.552255153656006
		endloop
	endfacet
	facet normal -0.9176616179967397 0.16367909299467975 -0.36208605244063835
		outer loop
			vertex 2.6989760398864746 10.811439514160156 6.83193826675415
			vertex 2.563443660736084 11.645045280456543 7.552255153656006
			vertex 2.892418384552002 11.66767406463623 6.728739261627197
		endloop
	endfacet
	facet normal -0.885774680215758 0.2738650206217535 -0.37470143630431757
		outer loop
			vertex 2.892418384552002 11.66767406463623 6.728739261627197
			vertex 2.826692581176758 12.504362106323242 7.4956374168396
			vertex 3.2049477100372314 12.551711082458496 6.636068820953369
		endloop
	endfacet
	facet normal -0.9008712339011092 0.2527253859894508 -0.35293186198751786
		outer loop
			vertex 2.892418384552002 11.66767406463623 6.728739261627197
			vertex 2.563443660736084 11.645045280456543 7.552255153656006
			vertex 2.826692581176758 12.504362106323242 7.4956374168396
		endloop
	endfacet
	facet normal -0.8332643409795678 0.14593476783554457 -0.5332668952679065
		outer loop
			vertex 3.5379178524017334 10.819387435913086 5.355638027191162
			vertex 3.076958179473877 10.816117286682129 6.0750226974487305
			vertex 3.3230643272399902 11.685107231140137 5.928275108337402
		endloop
	endfacet
	facet normal -0.8304516873841331 0.2801115873680672 -0.48154697958038084
		outer loop
			vertex 3.3230643272399902 11.685107231140137 5.928275108337402
			vertex 3.2049477100372314 12.551711082458496 6.636068820953369
			vertex 3.7009048461914062 12.585932731628418 5.80067253112793
		endloop
	endfacet
	facet normal -0.8539861114787188 0.2543246905685388 -0.45390161177139954
		outer loop
			vertex 3.3230643272399902 11.685107231140137 5.928275108337402
			vertex 2.892418384552002 11.66767406463623 6.728739261627197
			vertex 3.2049477100372314 12.551711082458496 6.636068820953369
		endloop
	endfacet
	facet normal -0.8613306991853666 0.3592418590871946 -0.3592418590871946
		outer loop
			vertex 2.826692581176758 12.504362106323242 7.4956374168396
			vertex 3.2049477100372314 13.363930702209473 7.448288440704346
			vertex 3.2049477100372314 12.551711082458496 6.636068820953369
		endloop
	endfacet
	facet normal -0.807389419038543 0.36391501151202926 -0.4644224266988017
		outer loop
			vertex 3.7009048461914062 12.585932731628418 5.80067253112793
			vertex 3.2049477100372314 12.551711082458496 6.636068820953369
			vertex 3.6471641063690186 13.438130378723145 6.561870098114014
		endloop
	endfacet
	facet normal -0.773808148924982 0.3941230364045003 -0.4958709316269607
		outer loop
			vertex 3.7009048461914062 12.585932731628418 5.80067253112793
			vertex 3.6471641063690186 13.438130378723145 6.561870098114014
			vertex 4.220521926879883 13.486339569091797 5.705460548400879
		endloop
	endfacet
	facet normal -0.8380500552485308 0.38579275841955285 -0.38579275841955285
		outer loop
			vertex 3.2049477100372314 12.551711082458496 6.636068820953369
			vertex 3.2049477100372314 13.363930702209473 7.448288440704346
			vertex 3.6471641063690186 13.438130378723145 6.561870098114014
		endloop
	endfacet
	facet normal -0.807389542452842 0.4644222361330015 -0.3639149808994033
		outer loop
			vertex 3.6471641063690186 13.438130378723145 6.561870098114014
			vertex 3.2049477100372314 13.363930702209473 7.448288440704346
			vertex 3.7009048461914062 14.19932746887207 7.414066791534424
		endloop
	endfacet
	facet normal -0.7738080693946578 0.49587092583376047 -0.394123199840458
		outer loop
			vertex 3.6471641063690186 13.438130378723145 6.561870098114014
			vertex 3.7009048461914062 14.19932746887207 7.414066791534424
			vertex 4.220521926879883 14.294539451599121 6.513660430908203
		endloop
	endfacet
	facet normal -0.9759193414350916 0.15424240502030717 -0.15424240502030717
		outer loop
			vertex 2.2004241943359375 10.7988920211792 8.40990924835205
			vertex 2.2004241943359375 11.59009075164795 9.2011079788208
			vertex 2.334508180618286 11.618678092956543 8.381321907043457
		endloop
	endfacet
	facet normal -0.9779369739448779 0.1477147165849346 -0.1477147165849346
		outer loop
			vertex 2.2004241943359375 10.7988920211792 8.40990924835205
			vertex 2.0787224769592285 10.791631698608398 9.208368301391602
			vertex 2.2004241943359375 11.59009075164795 9.2011079788208
		endloop
	endfacet
	facet normal -0.9873049669823175 0.15001103500620727 -0.052207198243264696
		outer loop
			vertex 2.0787224769592285 10.791631698608398 9.208368301391602
			vertex 2.1537177562713623 11.560722351074219 10
			vertex 2.2004241943359375 11.59009075164795 9.2011079788208
		endloop
	endfacet
	facet normal -0.9879987386962752 0.14655567192005303 -0.04878449920447326
		outer loop
			vertex 2.0787224769592285 10.791631698608398 9.208368301391602
			vertex 2.038522243499756 10.784136772155762 10
			vertex 2.1537177562713623 11.560722351074219 10
		endloop
	endfacet
	facet normal -0.9689258672137655 0.2427034636807063 -0.04772517743749678
		outer loop
			vertex 2.2004241943359375 11.59009075164795 9.2011079788208
			vertex 2.1537177562713623 11.560722351074219 10
			vertex 2.344477415084839 12.322277069091797 10
		endloop
	endfacet
	facet normal -0.9879987386962752 0.14655567192005303 0.04878449920447326
		outer loop
			vertex 2.038522243499756 10.784136772155762 10
			vertex 2.0787224769592285 10.791631698608398 10.791631698608398
			vertex 2.1537177562713623 11.560722351074219 10
		endloop
	endfacet
	facet normal -0.9873049669823175 0.15001103500620727 0.052207198243264696
		outer loop
			vertex 2.0787224769592285 10.791631698608398 10.791631698608398
			vertex 2.2004241943359375 11.59009075164795 10.7988920211792
			vertex 2.1537177562713623 11.560722351074219 10
		endloop
	endfacet
	facet normal -0.9689258672137655 0.2427034636807063 0.04772517743749678
		outer loop
			vertex 2.1537177562713623 11.560722351074219 10
			vertex 2.2004241943359375 11.59009075164795 10.7988920211792
			vertex 2.344477415084839 12.322277069091797 10
		endloop
	endfacet
	facet normal -0.9529557318881777 0.15894842980672844 -0.25809062308313946
		outer loop
			vertex 2.406662702560425 10.8056001663208 7.614159107208252
			vertex 2.334508180618286 11.618678092956543 8.381321907043457
			vertex 2.563443660736084 11.645045280456543 7.552255153656006
		endloop
	endfacet
	facet normal -0.9576554181958935 0.1480222039820758 -0.246952479494208
		outer loop
			vertex 2.406662702560425 10.8056001663208 7.614159107208252
			vertex 2.2004241943359375 10.7988920211792 8.40990924835205
			vertex 2.334508180618286 11.618678092956543 8.381321907043457
		endloop
	endfacet
	facet normal -0.9576553839204041 0.24695261868039078 -0.14802219352232604
		outer loop
			vertex 2.334508180618286 11.618678092956543 8.381321907043457
			vertex 2.2004241943359375 11.59009075164795 9.2011079788208
			vertex 2.406662702560425 12.38584041595459 9.1943998336792
		endloop
	endfacet
	facet normal -0.9263988910116698 0.26625646518543855 -0.2662566233529294
		outer loop
			vertex 2.563443660736084 11.645045280456543 7.552255153656006
			vertex 2.563443660736084 12.447745323181152 8.354954719543457
			vertex 2.826692581176758 12.504362106323242 7.4956374168396
		endloop
	endfacet
	facet normal -0.9352551820380348 0.25029749303470555 -0.25029764172189856
		outer loop
			vertex 2.563443660736084 11.645045280456543 7.552255153656006
			vertex 2.334508180618286 11.618678092956543 8.381321907043457
			vertex 2.563443660736084 12.447745323181152 8.354954719543457
		endloop
	endfacet
	facet normal -0.9008710547074767 0.3529321943186084 -0.25272556064571494
		outer loop
			vertex 2.826692581176758 12.504362106323242 7.4956374168396
			vertex 2.563443660736084 12.447745323181152 8.354954719543457
			vertex 2.892418384552002 13.271260261535645 8.33232593536377
		endloop
	endfacet
	facet normal -0.9529558090391511 0.25809050453557464 -0.15894815974747717
		outer loop
			vertex 2.334508180618286 11.618678092956543 8.381321907043457
			vertex 2.406662702560425 12.38584041595459 9.1943998336792
			vertex 2.563443660736084 12.447745323181152 8.354954719543457
		endloop
	endfacet
	facet normal -0.9268253276086518 0.3452494073089685 -0.1476403022752304
		outer loop
			vertex 2.563443660736084 12.447745323181152 8.354954719543457
			vertex 2.406662702560425 12.38584041595459 9.1943998336792
			vertex 2.6989760398864746 13.168061256408691 9.188560485839844
		endloop
	endfacet
	facet normal -0.9666697347585204 0.2500740396625091 -0.05488714411194802
		outer loop
			vertex 2.2004241943359375 11.59009075164795 9.2011079788208
			vertex 2.344477415084839 12.322277069091797 10
			vertex 2.406662702560425 12.38584041595459 9.1943998336792
		endloop
	endfacet
	facet normal -0.9405453193214692 0.3365323251008588 -0.04604884867926124
		outer loop
			vertex 2.406662702560425 12.38584041595459 9.1943998336792
			vertex 2.344477415084839 12.322277069091797 10
			vertex 2.60896372795105 13.061467170715332 10
		endloop
	endfacet
	facet normal -0.9666697347585204 0.2500740396625091 0.05488714411194802
		outer loop
			vertex 2.2004241943359375 11.59009075164795 10.7988920211792
			vertex 2.406662702560425 12.38584041595459 10.8056001663208
			vertex 2.344477415084839 12.322277069091797 10
		endloop
	endfacet
	facet normal -0.9405453193214692 0.3365323251008588 0.04604884867926124
		outer loop
			vertex 2.344477415084839 12.322277069091797 10
			vertex 2.406662702560425 12.38584041595459 10.8056001663208
			vertex 2.60896372795105 13.061467170715332 10
		endloop
	endfacet
	facet normal -0.8857747135415363 0.37470145858611814 -0.2738648823486597
		outer loop
			vertex 2.826692581176758 12.504362106323242 7.4956374168396
			vertex 2.892418384552002 13.271260261535645 8.33232593536377
			vertex 3.2049477100372314 13.363930702209473 7.448288440704346
		endloop
	endfacet
	facet normal -0.9176614858231114 0.3620864209965402 -0.16367901871295526
		outer loop
			vertex 2.563443660736084 12.447745323181152 8.354954719543457
			vertex 2.6989760398864746 13.168061256408691 9.188560485839844
			vertex 2.892418384552002 13.271260261535645 8.33232593536377
		endloop
	endfacet
	facet normal -0.8853170709518614 0.44119446527981043 -0.14683707872223242
		outer loop
			vertex 2.892418384552002 13.271260261535645 8.33232593536377
			vertex 2.6989760398864746 13.168061256408691 9.188560485839844
			vertex 3.076958179473877 13.92497730255127 9.183882713317871
		endloop
	endfacet
	facet normal -0.8696615505903887 0.4642168017583302 -0.16790339004912358
		outer loop
			vertex 2.892418384552002 13.271260261535645 8.33232593536377
			vertex 3.076958179473877 13.92497730255127 9.183882713317871
			vertex 3.3230643272399902 14.071724891662598 8.314892768859863
		endloop
	endfacet
	facet normal -0.8539862390596639 0.45390141156814534 -0.2543246194790742
		outer loop
			vertex 3.2049477100372314 13.363930702209473 7.448288440704346
			vertex 2.892418384552002 13.271260261535645 8.33232593536377
			vertex 3.3230643272399902 14.071724891662598 8.314892768859863
		endloop
	endfacet
	facet normal -0.8304518210831049 0.4815467867495466 -0.2801115224887071
		outer loop
			vertex 3.2049477100372314 13.363930702209473 7.448288440704346
			vertex 3.3230643272399902 14.071724891662598 8.314892768859863
			vertex 3.7009048461914062 14.19932746887207 7.414066791534424
		endloop
	endfacet
	facet normal -0.7945912615619946 0.5508837136367953 -0.2552486260473328
		outer loop
			vertex 3.7009048461914062 14.19932746887207 7.414066791534424
			vertex 3.3230643272399902 14.071724891662598 8.314892768859863
			vertex 3.8524019718170166 14.8301362991333 8.303881645202637
		endloop
	endfacet
	facet normal -0.8332644909015248 0.5332666374717764 -0.14593485382926213
		outer loop
			vertex 3.076958179473877 13.92497730255127 9.183882713317871
			vertex 3.5379178524017334 14.644362449645996 9.180612564086914
			vertex 3.3230643272399902 14.071724891662598 8.314892768859863
		endloop
	endfacet
	facet normal -0.9353004031789093 0.34908647429984524 -0.0578946394260583
		outer loop
			vertex 2.406662702560425 12.38584041595459 9.1943998336792
			vertex 2.60896372795105 13.061467170715332 10
			vertex 2.6989760398864746 13.168061256408691 9.188560485839844
		endloop
	endfacet
	facet normal -0.8931452812332074 0.44563514902046936 -0.060834369959415116
		outer loop
			vertex 2.6989760398864746 13.168061256408691 9.188560485839844
			vertex 2.9446299076080322 13.771173477172852 10
			vertex 3.076958179473877 13.92497730255127 9.183882713317871
		endloop
	endfacet
	facet normal -0.9031109522204747 0.42713979061474133 -0.044070480517267994
		outer loop
			vertex 2.6989760398864746 13.168061256408691 9.188560485839844
			vertex 2.60896372795105 13.061467170715332 10
			vertex 2.9446299076080322 13.771173477172852 10
		endloop
	endfacet
	facet normal -0.9353004031789093 0.34908647429984524 0.0578946394260583
		outer loop
			vertex 2.406662702560425 12.38584041595459 10.8056001663208
			vertex 2.6989760398864746 13.168061256408691 10.811439514160156
			vertex 2.60896372795105 13.061467170715332 10
		endloop
	endfacet
	facet normal -0.9031109522204747 0.42713979061474133 0.044070480517267994
		outer loop
			vertex 2.60896372795105 13.061467170715332 10
			vertex 2.6989760398864746 13.168061256408691 10.811439514160156
			vertex 2.9446299076080322 13.771173477172852 10
		endloop
	endfacet
	facet normal -0.8931452812332074 0.44563514902046936 0.060834369959415116
		outer loop
			vertex 2.6989760398864746 13.168061256408691 10.811439514160156
			vertex 3.076958179473877 13.92497730255127 10.816117286682129
			vertex 2.9446299076080322 13.771173477172852 10
		endloop
	endfacet
	facet normal -0.8569665429411114 0.5136454283846801 -0.04215113496786288
		outer loop
			vertex 3.076958179473877 13.92497730255127 9.183882713317871
			vertex 2.9446299076080322 13.771173477172852 10
			vertex 3.348242998123169 14.444561958312988 10
		endloop
	endfacet
	facet normal -0.8569665429411114 0.5136454283846801 0.04215113496786288
		outer loop
			vertex 2.9446299076080322 13.771173477172852 10
			vertex 3.076958179473877 13.92497730255127 10.816117286682129
			vertex 3.348242998123169 14.444561958312988 10
		endloop
	endfacet
	facet normal -0.8404193778840068 0.5382268981800875 -0.0633014640628567
		outer loop
			vertex 3.076958179473877 13.92497730255127 9.183882713317871
			vertex 3.348242998123169 14.444561958312988 10
			vertex 3.5379178524017334 14.644362449645996 9.180612564086914
		endloop
	endfacet
	facet normal -0.8404193778840068 0.5382268981800875 0.0633014640628567
		outer loop
			vertex 3.076958179473877 13.92497730255127 10.816117286682129
			vertex 3.5379178524017334 14.644362449645996 10.819387435913086
			vertex 3.348242998123169 14.444561958312988 10
		endloop
	endfacet
	facet normal -0.7606581358160368 0.5836188874352075 -0.2842326417668501
		outer loop
			vertex 3.7009048461914062 14.19932746887207 7.414066791534424
			vertex 3.8524019718170166 14.8301362991333 8.303881645202637
			vertex 4.309352397918701 14.983587265014648 7.396082401275635
		endloop
	endfacet
	facet normal -0.809091943653741 0.562226424905516 -0.17108966611859952
		outer loop
			vertex 3.3230643272399902 14.071724891662598 8.314892768859863
			vertex 3.5379178524017334 14.644362449645996 9.180612564086914
			vertex 3.8524019718170166 14.8301362991333 8.303881645202637
		endloop
	endfacet
	facet normal -0.7711130536463592 0.6199104115006175 -0.1452437269190052
		outer loop
			vertex 3.8524019718170166 14.8301362991333 8.303881645202637
			vertex 3.5379178524017334 14.644362449645996 9.180612564086914
			vertex 4.0767130851745605 15.314181327819824 9.178930282592773
		endloop
	endfacet
	facet normal -0.8025440903017884 0.5952070110027349 -0.04063984713142411
		outer loop
			vertex 3.5379178524017334 14.644362449645996 9.180612564086914
			vertex 3.348242998123169 14.444561958312988 10
			vertex 3.8159162998199463 15.075146675109863 10
		endloop
	endfacet
	facet normal -0.7776323912610931 0.6253561784046544 -0.06494239133786432
		outer loop
			vertex 3.5379178524017334 14.644362449645996 9.180612564086914
			vertex 3.8159162998199463 15.075146675109863 10
			vertex 4.0767130851745605 15.314181327819824 9.178930282592773
		endloop
	endfacet
	facet normal -0.8025440903017884 0.5952070110027349 0.04063984713142411
		outer loop
			vertex 3.348242998123169 14.444561958312988 10
			vertex 3.5379178524017334 14.644362449645996 10.819387435913086
			vertex 3.8159162998199463 15.075146675109863 10
		endloop
	endfacet
	facet normal -0.7776323912610931 0.6253561784046544 0.06494239133786432
		outer loop
			vertex 3.5379178524017334 14.644362449645996 10.819387435913086
			vertex 4.0767130851745605 15.314181327819824 10.821069717407227
			vertex 3.8159162998199463 15.075146675109863 10
		endloop
	endfacet
	facet normal -0.9779369739448779 0.1477147165849346 0.1477147165849346
		outer loop
			vertex 2.0787224769592285 10.791631698608398 10.791631698608398
			vertex 2.2004241943359375 10.7988920211792 11.59009075164795
			vertex 2.2004241943359375 11.59009075164795 10.7988920211792
		endloop
	endfacet
	facet normal -0.9759193414350916 0.15424240502030717 0.15424240502030717
		outer loop
			vertex 2.2004241943359375 10.7988920211792 11.59009075164795
			vertex 2.334508180618286 11.618678092956543 11.618678092956543
			vertex 2.2004241943359375 11.59009075164795 10.7988920211792
		endloop
	endfacet
	facet normal -0.9576553839204041 0.14802219352232604 0.24695261868039078
		outer loop
			vertex 2.2004241943359375 10.7988920211792 11.59009075164795
			vertex 2.406662702560425 10.8056001663208 12.38584041595459
			vertex 2.334508180618286 11.618678092956543 11.618678092956543
		endloop
	endfacet
	facet normal -0.9576553839204041 0.24695261868039078 0.14802219352232604
		outer loop
			vertex 2.2004241943359375 11.59009075164795 10.7988920211792
			vertex 2.334508180618286 11.618678092956543 11.618678092956543
			vertex 2.406662702560425 12.38584041595459 10.8056001663208
		endloop
	endfacet
	facet normal -0.9529558090391511 0.15894815974747717 0.25809050453557464
		outer loop
			vertex 2.334508180618286 11.618678092956543 11.618678092956543
			vertex 2.406662702560425 10.8056001663208 12.38584041595459
			vertex 2.563443660736084 11.645045280456543 12.447745323181152
		endloop
	endfacet
	facet normal -0.9268253276086518 0.1476403022752304 0.3452494073089685
		outer loop
			vertex 2.406662702560425 10.8056001663208 12.38584041595459
			vertex 2.6989760398864746 10.811439514160156 13.168061256408691
			vertex 2.563443660736084 11.645045280456543 12.447745323181152
		endloop
	endfacet
	facet normal -0.9529558090391511 0.25809050453557464 0.15894815974747717
		outer loop
			vertex 2.334508180618286 11.618678092956543 11.618678092956543
			vertex 2.563443660736084 12.447745323181152 11.645045280456543
			vertex 2.406662702560425 12.38584041595459 10.8056001663208
		endloop
	endfacet
	facet normal -0.9268253276086518 0.3452494073089685 0.1476403022752304
		outer loop
			vertex 2.406662702560425 12.38584041595459 10.8056001663208
			vertex 2.563443660736084 12.447745323181152 11.645045280456543
			vertex 2.6989760398864746 13.168061256408691 10.811439514160156
		endloop
	endfacet
	facet normal -0.9352552146988419 0.25029750635855647 0.25029750635855647
		outer loop
			vertex 2.334508180618286 11.618678092956543 11.618678092956543
			vertex 2.563443660736084 11.645045280456543 12.447745323181152
			vertex 2.563443660736084 12.447745323181152 11.645045280456543
		endloop
	endfacet
	facet normal -0.9263987884402987 0.26625672270981887 0.26625672270981887
		outer loop
			vertex 2.563443660736084 11.645045280456543 12.447745323181152
			vertex 2.826692581176758 12.504362106323242 12.504362106323242
			vertex 2.563443660736084 12.447745323181152 11.645045280456543
		endloop
	endfacet
	facet normal -0.9008710239485463 0.25272569250919125 0.3529321784077607
		outer loop
			vertex 2.563443660736084 11.645045280456543 12.447745323181152
			vertex 2.892418384552002 11.66767406463623 13.271260261535645
			vertex 2.826692581176758 12.504362106323242 12.504362106323242
		endloop
	endfacet
	facet normal -0.9008710239485463 0.3529321784077607 0.25272569250919125
		outer loop
			vertex 2.563443660736084 12.447745323181152 11.645045280456543
			vertex 2.826692581176758 12.504362106323242 12.504362106323242
			vertex 2.892418384552002 13.271260261535645 11.66767406463623
		endloop
	endfacet
	facet normal -0.9176614858231114 0.16367901871295526 0.3620864209965402
		outer loop
			vertex 2.6989760398864746 10.811439514160156 13.168061256408691
			vertex 2.892418384552002 11.66767406463623 13.271260261535645
			vertex 2.563443660736084 11.645045280456543 12.447745323181152
		endloop
	endfacet
	facet normal -0.8853170709518614 0.14683707872223242 0.44119446527981043
		outer loop
			vertex 2.6989760398864746 10.811439514160156 13.168061256408691
			vertex 3.076958179473877 10.816117286682129 13.92497730255127
			vertex 2.892418384552002 11.66767406463623 13.271260261535645
		endloop
	endfacet
	facet normal -0.8696615505903885 0.16790339004912355 0.4642168017583301
		outer loop
			vertex 2.892418384552002 11.66767406463623 13.271260261535645
			vertex 3.076958179473877 10.816117286682129 13.92497730255127
			vertex 3.3230643272399902 11.685107231140137 14.071724891662598
		endloop
	endfacet
	facet normal -0.885774680215758 0.2738650206217535 0.37470143630431757
		outer loop
			vertex 2.892418384552002 11.66767406463623 13.271260261535645
			vertex 3.2049477100372314 12.551711082458496 13.363930702209473
			vertex 2.826692581176758 12.504362106323242 12.504362106323242
		endloop
	endfacet
	facet normal -0.8332644909015248 0.14593485382926213 0.5332666374717764
		outer loop
			vertex 3.076958179473877 10.816117286682129 13.92497730255127
			vertex 3.5379178524017334 10.819387435913086 14.644362449645996
			vertex 3.3230643272399902 11.685107231140137 14.071724891662598
		endloop
	endfacet
	facet normal -0.853986210358304 0.2543247484245776 0.4539013933186787
		outer loop
			vertex 2.892418384552002 11.66767406463623 13.271260261535645
			vertex 3.3230643272399902 11.685107231140137 14.071724891662598
			vertex 3.2049477100372314 12.551711082458496 13.363930702209473
		endloop
	endfacet
	facet normal -0.830451788833931 0.28011166074887184 0.4815467619401392
		outer loop
			vertex 3.2049477100372314 12.551711082458496 13.363930702209473
			vertex 3.3230643272399902 11.685107231140137 14.071724891662598
			vertex 3.7009048461914062 12.585932731628418 14.19932746887207
		endloop
	endfacet
	facet normal -0.7945912349628286 0.25524875289291005 0.5508836932301241
		outer loop
			vertex 3.3230643272399902 11.685107231140137 14.071724891662598
			vertex 3.8524019718170166 11.696118354797363 14.8301362991333
			vertex 3.7009048461914062 12.585932731628418 14.19932746887207
		endloop
	endfacet
	facet normal -0.9176614858231114 0.3620864209965402 0.16367901871295526
		outer loop
			vertex 2.563443660736084 12.447745323181152 11.645045280456543
			vertex 2.892418384552002 13.271260261535645 11.66767406463623
			vertex 2.6989760398864746 13.168061256408691 10.811439514160156
		endloop
	endfacet
	facet normal -0.8853170709518614 0.44119446527981043 0.14683707872223242
		outer loop
			vertex 2.6989760398864746 13.168061256408691 10.811439514160156
			vertex 2.892418384552002 13.271260261535645 11.66767406463623
			vertex 3.076958179473877 13.92497730255127 10.816117286682129
		endloop
	endfacet
	facet normal -0.885774680215758 0.37470143630431757 0.2738650206217535
		outer loop
			vertex 2.892418384552002 13.271260261535645 11.66767406463623
			vertex 2.826692581176758 12.504362106323242 12.504362106323242
			vertex 3.2049477100372314 13.363930702209473 12.551711082458496
		endloop
	endfacet
	facet normal -0.8696615505903887 0.4642168017583302 0.16790339004912358
		outer loop
			vertex 2.892418384552002 13.271260261535645 11.66767406463623
			vertex 3.3230643272399902 14.071724891662598 11.685107231140137
			vertex 3.076958179473877 13.92497730255127 10.816117286682129
		endloop
	endfacet
	facet normal -0.853986210358304 0.4539013933186787 0.2543247484245776
		outer loop
			vertex 2.892418384552002 13.271260261535645 11.66767406463623
			vertex 3.2049477100372314 13.363930702209473 12.551711082458496
			vertex 3.3230643272399902 14.071724891662598 11.685107231140137
		endloop
	endfacet
	facet normal -0.8332644909015248 0.5332666374717764 0.14593485382926213
		outer loop
			vertex 3.076958179473877 13.92497730255127 10.816117286682129
			vertex 3.3230643272399902 14.071724891662598 11.685107231140137
			vertex 3.5379178524017334 14.644362449645996 10.819387435913086
		endloop
	endfacet
	facet normal -0.830451788833931 0.4815467619401392 0.28011166074887184
		outer loop
			vertex 3.2049477100372314 13.363930702209473 12.551711082458496
			vertex 3.7009048461914062 14.19932746887207 12.585932731628418
			vertex 3.3230643272399902 14.071724891662598 11.685107231140137
		endloop
	endfacet
	facet normal -0.7945912349628286 0.5508836932301241 0.25524875289291005
		outer loop
			vertex 3.3230643272399902 14.071724891662598 11.685107231140137
			vertex 3.7009048461914062 14.19932746887207 12.585932731628418
			vertex 3.8524019718170166 14.8301362991333 11.696118354797363
		endloop
	endfacet
	facet normal -0.8613306991853666 0.3592418590871946 0.3592418590871946
		outer loop
			vertex 2.826692581176758 12.504362106323242 12.504362106323242
			vertex 3.2049477100372314 12.551711082458496 13.363930702209473
			vertex 3.2049477100372314 13.363930702209473 12.551711082458496
		endloop
	endfacet
	facet normal -0.8380503029091765 0.3857924894252333 0.3857924894252333
		outer loop
			vertex 3.2049477100372314 12.551711082458496 13.363930702209473
			vertex 3.6471641063690186 13.438130378723145 13.438130378723145
			vertex 3.2049477100372314 13.363930702209473 12.551711082458496
		endloop
	endfacet
	facet normal -0.8073896518525893 0.3639146373357733 0.46442231515521226
		outer loop
			vertex 3.2049477100372314 12.551711082458496 13.363930702209473
			vertex 3.7009048461914062 12.585932731628418 14.19932746887207
			vertex 3.6471641063690186 13.438130378723145 13.438130378723145
		endloop
	endfacet
	facet normal -0.7738080513078334 0.3941229573152978 0.49587114681963274
		outer loop
			vertex 3.6471641063690186 13.438130378723145 13.438130378723145
			vertex 3.7009048461914062 12.585932731628418 14.19932746887207
			vertex 4.220521926879883 13.486339569091797 14.294539451599121
		endloop
	endfacet
	facet normal -0.8073896518525893 0.46442231515521226 0.3639146373357733
		outer loop
			vertex 3.2049477100372314 13.363930702209473 12.551711082458496
			vertex 3.6471641063690186 13.438130378723145 13.438130378723145
			vertex 3.7009048461914062 14.19932746887207 12.585932731628418
		endloop
	endfacet
	facet normal -0.7738080513078334 0.49587114681963274 0.3941229573152978
		outer loop
			vertex 3.6471641063690186 13.438130378723145 13.438130378723145
			vertex 4.220521926879883 14.294539451599121 13.486339569091797
			vertex 3.7009048461914062 14.19932746887207 12.585932731628418
		endloop
	endfacet
	facet normal -0.809091943653741 0.17108966611859952 0.562226424905516
		outer loop
			vertex 3.5379178524017334 10.819387435913086 14.644362449645996
			vertex 3.8524019718170166 11.696118354797363 14.8301362991333
			vertex 3.3230643272399902 11.685107231140137 14.071724891662598
		endloop
	endfacet
	facet normal -0.771113053646359 0.14524372691900517 0.6199104115006174
		outer loop
			vertex 3.5379178524017334 10.819387435913086 14.644362449645996
			vertex 4.0767130851745605 10.821069717407227 15.314181327819824
			vertex 3.8524019718170166 11.696118354797363 14.8301362991333
		endloop
	endfacet
	facet normal -0.7606581049373746 0.28423278010764913 0.5836188603064151
		outer loop
			vertex 3.8524019718170166 11.696118354797363 14.8301362991333
			vertex 4.309352397918701 12.603917121887207 14.983587265014648
			vertex 3.7009048461914062 12.585932731628418 14.19932746887207
		endloop
	endfacet
	facet normal -0.809091943653741 0.562226424905516 0.17108966611859952
		outer loop
			vertex 3.5379178524017334 14.644362449645996 10.819387435913086
			vertex 3.3230643272399902 14.071724891662598 11.685107231140137
			vertex 3.8524019718170166 14.8301362991333 11.696118354797363
		endloop
	endfacet
	facet normal -0.7711130536463592 0.6199104115006175 0.1452437269190052
		outer loop
			vertex 3.5379178524017334 14.644362449645996 10.819387435913086
			vertex 3.8524019718170166 14.8301362991333 11.696118354797363
			vertex 4.0767130851745605 15.314181327819824 10.821069717407227
		endloop
	endfacet
	facet normal -0.7606581049373746 0.5836188603064151 0.28423278010764913
		outer loop
			vertex 3.8524019718170166 14.8301362991333 11.696118354797363
			vertex 3.7009048461914062 14.19932746887207 12.585932731628418
			vertex 4.309352397918701 14.983587265014648 12.603917121887207
		endloop
	endfacet
	facet normal -0.6253561784046544 -0.7776323912610931 0.06494239133786432
		outer loop
			vertex 5.355638027191162 3.5379178524017334 10.819387435913086
			vertex 4.685819149017334 4.0767130851745605 10.821069717407227
			vertex 4.924853801727295 3.8159162998199463 10
		endloop
	endfacet
	facet normal -0.5952072959118692 -0.8025438675873221 0.040640072481031
		outer loop
			vertex 5.355638027191162 3.5379178524017334 10.819387435913086
			vertex 4.924853801727295 3.8159162998199463 10
			vertex 5.555438041687012 3.348242998123169 10
		endloop
	endfacet
	facet normal -0.5382271431423167 -0.8404192049263559 0.06330167751183428
		outer loop
			vertex 5.355638027191162 3.5379178524017334 10.819387435913086
			vertex 5.555438041687012 3.348242998123169 10
			vertex 6.0750226974487305 3.076958179473877 10.816117286682129
		endloop
	endfacet
	facet normal -0.5136456911308024 -0.8569663744749714 0.04215135824601512
		outer loop
			vertex 6.0750226974487305 3.076958179473877 10.816117286682129
			vertex 5.555438041687012 3.348242998123169 10
			vertex 6.22882604598999 2.9446299076080322 10
		endloop
	endfacet
	facet normal -0.4456353673472421 -0.8931451587197802 0.06083456932294029
		outer loop
			vertex 6.83193826675415 2.6989760398864746 10.811439514160156
			vertex 6.0750226974487305 3.076958179473877 10.816117286682129
			vertex 6.22882604598999 2.9446299076080322 10
		endloop
	endfacet
	facet normal -0.42713979061474133 -0.9031109522204747 0.044070480517267994
		outer loop
			vertex 6.83193826675415 2.6989760398864746 10.811439514160156
			vertex 6.22882604598999 2.9446299076080322 10
			vertex 6.93853235244751 2.60896372795105 10
		endloop
	endfacet
	facet normal -0.34908647429984524 -0.9353004031789093 0.0578946394260583
		outer loop
			vertex 6.83193826675415 2.6989760398864746 10.811439514160156
			vertex 6.93853235244751 2.60896372795105 10
			vertex 7.614159107208252 2.406662702560425 10.8056001663208
		endloop
	endfacet
	facet normal -0.3365323251008588 -0.9405453193214692 0.04604884867926124
		outer loop
			vertex 7.614159107208252 2.406662702560425 10.8056001663208
			vertex 6.93853235244751 2.60896372795105 10
			vertex 7.677722454071045 2.344477415084839 10
		endloop
	endfacet
	facet normal 0.06330167751183428 -0.8404192049263559 -0.5382271431423167
		outer loop
			vertex 10.819387435913086 3.5379178524017334 5.355638027191162
			vertex 10.816117286682129 3.076958179473877 6.0750226974487305
			vertex 10 3.348242998123169 5.555438041687012
		endloop
	endfacet
	facet normal 0.040640072481031 -0.8025438675873221 -0.5952072959118692
		outer loop
			vertex 10.819387435913086 3.5379178524017334 5.355638027191162
			vertex 10 3.348242998123169 5.555438041687012
			vertex 10 3.8159162998199463 4.924853801727295
		endloop
	endfacet
	facet normal 0.06494239133786432 -0.7776323912610931 -0.6253561784046544
		outer loop
			vertex 10.819387435913086 3.5379178524017334 5.355638027191162
			vertex 10 3.8159162998199463 4.924853801727295
			vertex 10.821069717407227 4.0767130851745605 4.685819149017334
		endloop
	endfacet
	facet normal 0.04215135824601512 -0.8569663744749714 -0.5136456911308024
		outer loop
			vertex 10.816117286682129 3.076958179473877 6.0750226974487305
			vertex 10 2.9446299076080322 6.22882604598999
			vertex 10 3.348242998123169 5.555438041687012
		endloop
	endfacet
	facet normal 0.06083456932294029 -0.8931451587197802 -0.4456353673472421
		outer loop
			vertex 10.811439514160156 2.6989760398864746 6.83193826675415
			vertex 10 2.9446299076080322 6.22882604598999
			vertex 10.816117286682129 3.076958179473877 6.0750226974487305
		endloop
	endfacet
	facet normal 0.04604884867926124 -0.9405453193214692 -0.3365323251008588
		outer loop
			vertex 10.8056001663208 2.406662702560425 7.614159107208252
			vertex 10 2.344477415084839 7.677722454071045
			vertex 10 2.60896372795105 6.93853235244751
		endloop
	endfacet
	facet normal 0.0578946394260583 -0.9353004031789093 -0.34908647429984524
		outer loop
			vertex 10.811439514160156 2.6989760398864746 6.83193826675415
			vertex 10.8056001663208 2.406662702560425 7.614159107208252
			vertex 10 2.60896372795105 6.93853235244751
		endloop
	endfacet
	facet normal 0.044070480517267994 -0.9031109522204747 -0.42713979061474133
		outer loop
			vertex 10.811439514160156 2.6989760398864746 6.83193826675415
			vertex 10 2.60896372795105 6.93853235244751
			vertex 10 2.9446299076080322 6.22882604598999
		endloop
	endfacet
	facet normal -0.24270332060211983 -0.9689259026918594 0.04772518477145993
		outer loop
			vertex 8.40990924835205 2.2004241943359375 10.7988920211792
			vertex 7.677722454071045 2.344477415084839 10
			vertex 8.439277648925781 2.1537177562713623 10
		endloop
	endfacet
	facet normal -0.15001103500620727 -0.9873049669823175 0.052207198243264696
		outer loop
			vertex 8.40990924835205 2.2004241943359375 10.7988920211792
			vertex 8.439277648925781 2.1537177562713623 10
			vertex 9.208368301391602 2.0787224769592285 10.791631698608398
		endloop
	endfacet
	facet normal -0.14655567192005303 -0.9879987386962752 0.04878449920447326
		outer loop
			vertex 9.208368301391602 2.0787224769592285 10.791631698608398
			vertex 8.439277648925781 2.1537177562713623 10
			vertex 9.215863227844238 2.038522243499756 10
		endloop
	endfacet
	facet normal -0.25007389892608484 -0.9666697703798981 0.05488715796597168
		outer loop
			vertex 7.614159107208252 2.406662702560425 10.8056001663208
			vertex 7.677722454071045 2.344477415084839 10
			vertex 8.40990924835205 2.2004241943359375 10.7988920211792
		endloop
	endfacet
	facet normal 0.04772518477145993 -0.9689259026918594 -0.24270332060211983
		outer loop
			vertex 10.7988920211792 2.2004241943359375 8.40990924835205
			vertex 10 2.1537177562713623 8.439277648925781
			vertex 10 2.344477415084839 7.677722454071045
		endloop
	endfacet
	facet normal 0.052207198243264696 -0.9873049669823175 -0.15001103500620727
		outer loop
			vertex 10.7988920211792 2.2004241943359375 8.40990924835205
			vertex 10.791631698608398 2.0787224769592285 9.208368301391602
			vertex 10 2.1537177562713623 8.439277648925781
		endloop
	endfacet
	facet normal 0.04878449920447326 -0.9879987386962752 -0.14655567192005303
		outer loop
			vertex 10.791631698608398 2.0787224769592285 9.208368301391602
			vertex 10 2.038522243499756 9.215863227844238
			vertex 10 2.1537177562713623 8.439277648925781
		endloop
	endfacet
	facet normal -0.05017838908217961 -0.9974789514261616 0.05017838908217961
		outer loop
			vertex 9.208368301391602 2.0787224769592285 10.791631698608398
			vertex 9.215863227844238 2.038522243499756 10
			vertex 10 2.038522243499756 10.784136772155762
		endloop
	endfacet
	facet normal -0.04900880602256412 -0.9975952455101644 0.04900880602256412
		outer loop
			vertex 10 2.038522243499756 10.784136772155762
			vertex 9.215863227844238 2.038522243499756 10
			vertex 10 2 10
		endloop
	endfacet
	facet normal 0.05017838908217961 -0.9974789514261616 -0.05017838908217961
		outer loop
			vertex 10.791631698608398 2.0787224769592285 9.208368301391602
			vertex 10.784136772155762 2.038522243499756 10
			vertex 10 2.038522243499756 9.215863227844238
		endloop
	endfacet
	facet normal 0.04900880602256412 -0.9975952455101644 -0.04900880602256412
		outer loop
			vertex 10.784136772155762 2.038522243499756 10
			vertex 10 2 10
			vertex 10 2.038522243499756 9.215863227844238
		endloop
	endfacet
	facet normal 0.04900880602256412 -0.9975952455101644 0.04900880602256412
		outer loop
			vertex 10 2.038522243499756 10.784136772155762
			vertex 10 2 10
			vertex 10.784136772155762 2.038522243499756 10
		endloop
	endfacet
	facet normal 0.05017838908217961 -0.9974789514261616 0.05017838908217961
		outer loop
			vertex 10 2.038522243499756 10.784136772155762
			vertex 10.784136772155762 2.038522243499756 10
			vertex 10.791631698608398 2.0787224769592285 10.791631698608398
		endloop
	endfacet
	facet normal 0.05488715796597168 -0.9666697703798981 -0.25007389892608484
		outer loop
			vertex 10.8056001663208 2.406662702560425 7.614159107208252
			vertex 10.7988920211792 2.2004241943359375 8.40990924835205
			vertex 10 2.344477415084839 7.677722454071045
		endloop
	endfacet
	facet normal -0.6199104732901433 -0.771113128399222 0.145243066325231
		outer loop
			vertex 5.355638027191162 3.5379178524017334 10.819387435913086
			vertex 5.169863224029541 3.8524019718170166 11.696118354797363
			vertex 4.685819149017334 4.0767130851745605 10.821069717407227
		endloop
	endfacet
	facet normal -0.5622262402805301 -0.8090921754165379 0.1710891768048286
		outer loop
			vertex 5.355638027191162 3.5379178524017334 10.819387435913086
			vertex 5.928275108337402 3.3230643272399902 11.685107231140137
			vertex 5.169863224029541 3.8524019718170166 11.696118354797363
		endloop
	endfacet
	facet normal -0.5836188046024532 -0.7606580415337423 0.2842330641647018
		outer loop
			vertex 5.169863224029541 3.8524019718170166 11.696118354797363
			vertex 5.80067253112793 3.7009048461914062 12.585932731628418
			vertex 5.016412734985352 4.309352397918701 12.603917121887207
		endloop
	endfacet
	facet normal -0.5508834445724103 -0.7945913769143618 0.2552488476553319
		outer loop
			vertex 5.169863224029541 3.8524019718170166 11.696118354797363
			vertex 5.928275108337402 3.3230643272399902 11.685107231140137
			vertex 5.80067253112793 3.7009048461914062 12.585932731628418
		endloop
	endfacet
	facet normal -0.4642170231543589 -0.8696614453822564 0.1679033228657206
		outer loop
			vertex 5.928275108337402 3.3230643272399902 11.685107231140137
			vertex 6.0750226974487305 3.076958179473877 10.816117286682129
			vertex 6.728739261627197 2.892418384552002 11.66767406463623
		endloop
	endfacet
	facet normal -0.44119469145756923 -0.8853169666660435 0.1468370279013297
		outer loop
			vertex 6.83193826675415 2.6989760398864746 10.811439514160156
			vertex 6.728739261627197 2.892418384552002 11.66767406463623
			vertex 6.0750226974487305 3.076958179473877 10.816117286682129
		endloop
	endfacet
	facet normal -0.5332668952679065 -0.8332643409795678 0.14593476783554457
		outer loop
			vertex 5.355638027191162 3.5379178524017334 10.819387435913086
			vertex 6.0750226974487305 3.076958179473877 10.816117286682129
			vertex 5.928275108337402 3.3230643272399902 11.685107231140137
		endloop
	endfacet
	facet normal -0.48154697958038084 -0.8304516873841331 0.2801115873680672
		outer loop
			vertex 5.928275108337402 3.3230643272399902 11.685107231140137
			vertex 6.636068820953369 3.2049477100372314 12.551711082458496
			vertex 5.80067253112793 3.7009048461914062 12.585932731628418
		endloop
	endfacet
	facet normal -0.45390161177139954 -0.8539861114787188 0.2543246905685388
		outer loop
			vertex 5.928275108337402 3.3230643272399902 11.685107231140137
			vertex 6.728739261627197 2.892418384552002 11.66767406463623
			vertex 6.636068820953369 3.2049477100372314 12.551711082458496
		endloop
	endfacet
	facet normal -0.36208605244063835 -0.9176616179967398 0.16367909299467975
		outer loop
			vertex 6.83193826675415 2.6989760398864746 10.811439514160156
			vertex 7.552255153656006 2.563443660736084 11.645045280456543
			vertex 6.728739261627197 2.892418384552002 11.66767406463623
		endloop
	endfacet
	facet normal -0.34524938472446404 -0.9268252748449906 0.14764068631609242
		outer loop
			vertex 6.83193826675415 2.6989760398864746 10.811439514160156
			vertex 7.614159107208252 2.406662702560425 10.8056001663208
			vertex 7.552255153656006 2.563443660736084 11.645045280456543
		endloop
	endfacet
	facet normal -0.37470143630431757 -0.885774680215758 0.2738650206217535
		outer loop
			vertex 6.728739261627197 2.892418384552002 11.66767406463623
			vertex 7.4956374168396 2.826692581176758 12.504362106323242
			vertex 6.636068820953369 3.2049477100372314 12.551711082458496
		endloop
	endfacet
	facet normal -0.35293186198751786 -0.9008712339011092 0.2527253859894508
		outer loop
			vertex 6.728739261627197 2.892418384552002 11.66767406463623
			vertex 7.552255153656006 2.563443660736084 11.645045280456543
			vertex 7.4956374168396 2.826692581176758 12.504362106323242
		endloop
	endfacet
	facet normal -0.4958709316269607 -0.773808148924982 0.3941230364045003
		outer loop
			vertex 5.80067253112793 3.7009048461914062 12.585932731628418
			vertex 6.561870098114014 3.6471641063690186 13.438130378723145
			vertex 5.705460548400879 4.220521926879883 13.486339569091797
		endloop
	endfacet
	facet normal -0.4644224266988017 -0.8073894190385431 0.36391501151202926
		outer loop
			vertex 5.80067253112793 3.7009048461914062 12.585932731628418
			vertex 6.636068820953369 3.2049477100372314 12.551711082458496
			vertex 6.561870098114014 3.6471641063690186 13.438130378723145
		endloop
	endfacet
	facet normal -0.3592418590871946 -0.8613306991853666 0.3592418590871946
		outer loop
			vertex 6.636068820953369 3.2049477100372314 12.551711082458496
			vertex 7.4956374168396 2.826692581176758 12.504362106323242
			vertex 7.448288440704346 3.2049477100372314 13.363930702209473
		endloop
	endfacet
	facet normal -0.38579275841955285 -0.8380500552485308 0.38579275841955285
		outer loop
			vertex 6.636068820953369 3.2049477100372314 12.551711082458496
			vertex 7.448288440704346 3.2049477100372314 13.363930702209473
			vertex 6.561870098114014 3.6471641063690186 13.438130378723145
		endloop
	endfacet
	facet normal -0.394123199840458 -0.7738080693946578 0.49587092583376047
		outer loop
			vertex 6.561870098114014 3.6471641063690186 13.438130378723145
			vertex 7.414066791534424 3.7009048461914062 14.19932746887207
			vertex 6.513660430908203 4.220521926879883 14.294539451599121
		endloop
	endfacet
	facet normal -0.3639149808994033 -0.807389542452842 0.4644222361330015
		outer loop
			vertex 6.561870098114014 3.6471641063690186 13.438130378723145
			vertex 7.448288440704346 3.2049477100372314 13.363930702209473
			vertex 7.414066791534424 3.7009048461914062 14.19932746887207
		endloop
	endfacet
	facet normal -0.15424240502030717 -0.9759193414350916 0.15424240502030717
		outer loop
			vertex 8.40990924835205 2.2004241943359375 10.7988920211792
			vertex 9.2011079788208 2.2004241943359375 11.59009075164795
			vertex 8.381321907043457 2.334508180618286 11.618678092956543
		endloop
	endfacet
	facet normal -0.1477147165849346 -0.9779369739448779 0.1477147165849346
		outer loop
			vertex 8.40990924835205 2.2004241943359375 10.7988920211792
			vertex 9.208368301391602 2.0787224769592285 10.791631698608398
			vertex 9.2011079788208 2.2004241943359375 11.59009075164795
		endloop
	endfacet
	facet normal -0.25809062308313946 -0.9529557318881777 0.15894842980672844
		outer loop
			vertex 7.614159107208252 2.406662702560425 10.8056001663208
			vertex 8.381321907043457 2.334508180618286 11.618678092956543
			vertex 7.552255153656006 2.563443660736084 11.645045280456543
		endloop
	endfacet
	facet normal -0.246952479494208 -0.9576554181958935 0.1480222039820758
		outer loop
			vertex 7.614159107208252 2.406662702560425 10.8056001663208
			vertex 8.40990924835205 2.2004241943359375 10.7988920211792
			vertex 8.381321907043457 2.334508180618286 11.618678092956543
		endloop
	endfacet
	facet normal -0.2662566233529294 -0.9263988910116698 0.26625646518543855
		outer loop
			vertex 7.552255153656006 2.563443660736084 11.645045280456543
			vertex 8.354954719543457 2.563443660736084 12.447745323181152
			vertex 7.4956374168396 2.826692581176758 12.504362106323242
		endloop
	endfacet
	facet normal -0.25029764172189856 -0.9352551820380348 0.25029749303470555
		outer loop
			vertex 7.552255153656006 2.563443660736084 11.645045280456543
			vertex 8.381321907043457 2.334508180618286 11.618678092956543
			vertex 8.354954719543457 2.563443660736084 12.447745323181152
		endloop
	endfacet
	facet normal -0.2527255606457149 -0.9008710547074766 0.3529321943186084
		outer loop
			vertex 7.4956374168396 2.826692581176758 12.504362106323242
			vertex 8.354954719543457 2.563443660736084 12.447745323181152
			vertex 8.33232593536377 2.892418384552002 13.271260261535645
		endloop
	endfacet
	facet normal -0.14802219352232604 -0.9576553839204041 0.24695261868039078
		outer loop
			vertex 8.381321907043457 2.334508180618286 11.618678092956543
			vertex 9.2011079788208 2.2004241943359375 11.59009075164795
			vertex 9.1943998336792 2.406662702560425 12.38584041595459
		endloop
	endfacet
	facet normal -0.15894815974747717 -0.9529558090391511 0.25809050453557464
		outer loop
			vertex 8.381321907043457 2.334508180618286 11.618678092956543
			vertex 9.1943998336792 2.406662702560425 12.38584041595459
			vertex 8.354954719543457 2.563443660736084 12.447745323181152
		endloop
	endfacet
	facet normal -0.1476403022752304 -0.9268253276086518 0.3452494073089685
		outer loop
			vertex 8.354954719543457 2.563443660736084 12.447745323181152
			vertex 9.1943998336792 2.406662702560425 12.38584041595459
			vertex 9.188560485839844 2.6989760398864746 13.168061256408691
		endloop
	endfacet
	facet normal -0.2738648823486597 -0.8857747135415363 0.37470145858611814
		outer loop
			vertex 7.4956374168396 2.826692581176758 12.504362106323242
			vertex 8.33232593536377 2.892418384552002 13.271260261535645
			vertex 7.448288440704346 3.2049477100372314 13.363930702209473
		endloop
	endfacet
	facet normal -0.2543246194790742 -0.8539862390596639 0.45390141156814534
		outer loop
			vertex 7.448288440704346 3.2049477100372314 13.363930702209473
			vertex 8.33232593536377 2.892418384552002 13.271260261535645
			vertex 8.314892768859863 3.3230643272399902 14.071724891662598
		endloop
	endfacet
	facet normal -0.2801115224887071 -0.8304518210831049 0.4815467867495466
		outer loop
			vertex 7.448288440704346 3.2049477100372314 13.363930702209473
			vertex 8.314892768859863 3.3230643272399902 14.071724891662598
			vertex 7.414066791534424 3.7009048461914062 14.19932746887207
		endloop
	endfacet
	facet normal -0.25524862604733284 -0.7945912615619947 0.5508837136367954
		outer loop
			vertex 7.414066791534424 3.7009048461914062 14.19932746887207
			vertex 8.314892768859863 3.3230643272399902 14.071724891662598
			vertex 8.303881645202637 3.8524019718170166 14.8301362991333
		endloop
	endfacet
	facet normal -0.16367901871295526 -0.9176614858231114 0.3620864209965402
		outer loop
			vertex 8.354954719543457 2.563443660736084 12.447745323181152
			vertex 9.188560485839844 2.6989760398864746 13.168061256408691
			vertex 8.33232593536377 2.892418384552002 13.271260261535645
		endloop
	endfacet
	facet normal -0.14683707872223242 -0.8853170709518614 0.44119446527981043
		outer loop
			vertex 8.33232593536377 2.892418384552002 13.271260261535645
			vertex 9.188560485839844 2.6989760398864746 13.168061256408691
			vertex 9.183882713317871 3.076958179473877 13.92497730255127
		endloop
	endfacet
	facet normal -0.16790339004912355 -0.8696615505903885 0.4642168017583301
		outer loop
			vertex 8.33232593536377 2.892418384552002 13.271260261535645
			vertex 9.183882713317871 3.076958179473877 13.92497730255127
			vertex 8.314892768859863 3.3230643272399902 14.071724891662598
		endloop
	endfacet
	facet normal -0.14593485382926213 -0.8332644909015248 0.5332666374717764
		outer loop
			vertex 9.183882713317871 3.076958179473877 13.92497730255127
			vertex 9.180612564086914 3.5379178524017334 14.644362449645996
			vertex 8.314892768859863 3.3230643272399902 14.071724891662598
		endloop
	endfacet
	facet normal -0.052207198243264696 -0.9873049669823175 0.15001103500620727
		outer loop
			vertex 9.208368301391602 2.0787224769592285 10.791631698608398
			vertex 10 2.1537177562713623 11.560722351074219
			vertex 9.2011079788208 2.2004241943359375 11.59009075164795
		endloop
	endfacet
	facet normal -0.04878449920447326 -0.9879987386962752 0.14655567192005303
		outer loop
			vertex 9.208368301391602 2.0787224769592285 10.791631698608398
			vertex 10 2.038522243499756 10.784136772155762
			vertex 10 2.1537177562713623 11.560722351074219
		endloop
	endfacet
	facet normal -0.04772517743749678 -0.9689258672137655 0.2427034636807063
		outer loop
			vertex 9.2011079788208 2.2004241943359375 11.59009075164795
			vertex 10 2.1537177562713623 11.560722351074219
			vertex 10 2.344477415084839 12.322277069091797
		endloop
	endfacet
	facet normal 0.04878449920447326 -0.9879987386962752 0.14655567192005303
		outer loop
			vertex 10 2.038522243499756 10.784136772155762
			vertex 10.791631698608398 2.0787224769592285 10.791631698608398
			vertex 10 2.1537177562713623 11.560722351074219
		endloop
	endfacet
	facet normal 0.052207198243264696 -0.9873049669823175 0.15001103500620727
		outer loop
			vertex 10.791631698608398 2.0787224769592285 10.791631698608398
			vertex 10.7988920211792 2.2004241943359375 11.59009075164795
			vertex 10 2.1537177562713623 11.560722351074219
		endloop
	endfacet
	facet normal 0.04772517743749678 -0.9689258672137655 0.2427034636807063
		outer loop
			vertex 10 2.1537177562713623 11.560722351074219
			vertex 10.7988920211792 2.2004241943359375 11.59009075164795
			vertex 10 2.344477415084839 12.322277069091797
		endloop
	endfacet
	facet normal -0.05488714411194802 -0.9666697347585204 0.2500740396625091
		outer loop
			vertex 9.2011079788208 2.2004241943359375 11.59009075164795
			vertex 10 2.344477415084839 12.322277069091797
			vertex 9.1943998336792 2.406662702560425 12.38584041595459
		endloop
	endfacet
	facet normal -0.04604884867926124 -0.9405453193214692 0.3365323251008588
		outer loop
			vertex 9.1943998336792 2.406662702560425 12.38584041595459
			vertex 10 2.344477415084839 12.322277069091797
			vertex 10 2.60896372795105 13.061467170715332
		endloop
	endfacet
	facet normal 0.05488714411194802 -0.9666697347585204 0.2500740396625091
		outer loop
			vertex 10.7988920211792 2.2004241943359375 11.59009075164795
			vertex 10.8056001663208 2.406662702560425 12.38584041595459
			vertex 10 2.344477415084839 12.322277069091797
		endloop
	endfacet
	facet normal 0.04604884867926124 -0.9405453193214692 0.3365323251008588
		outer loop
			vertex 10 2.344477415084839 12.322277069091797
			vertex 10.8056001663208 2.406662702560425 12.38584041595459
			vertex 10 2.60896372795105 13.061467170715332
		endloop
	endfacet
	facet normal -0.0578946394260583 -0.9353004031789093 0.34908647429984524
		outer loop
			vertex 9.1943998336792 2.406662702560425 12.38584041595459
			vertex 10 2.60896372795105 13.061467170715332
			vertex 9.188560485839844 2.6989760398864746 13.168061256408691
		endloop
	endfacet
	facet normal -0.060834369959415116 -0.8931452812332074 0.44563514902046936
		outer loop
			vertex 9.188560485839844 2.6989760398864746 13.168061256408691
			vertex 10 2.9446299076080322 13.771173477172852
			vertex 9.183882713317871 3.076958179473877 13.92497730255127
		endloop
	endfacet
	facet normal -0.044070480517267994 -0.9031109522204747 0.42713979061474133
		outer loop
			vertex 9.188560485839844 2.6989760398864746 13.168061256408691
			vertex 10 2.60896372795105 13.061467170715332
			vertex 10 2.9446299076080322 13.771173477172852
		endloop
	endfacet
	facet normal -0.04215113496786288 -0.8569665429411114 0.5136454283846801
		outer loop
			vertex 9.183882713317871 3.076958179473877 13.92497730255127
			vertex 10 2.9446299076080322 13.771173477172852
			vertex 10 3.348242998123169 14.444561958312988
		endloop
	endfacet
	facet normal -0.06330146406285668 -0.8404193778840066 0.5382268981800874
		outer loop
			vertex 9.183882713317871 3.076958179473877 13.92497730255127
			vertex 10 3.348242998123169 14.444561958312988
			vertex 9.180612564086914 3.5379178524017334 14.644362449645996
		endloop
	endfacet
	facet normal 0.0578946394260583 -0.9353004031789093 0.34908647429984524
		outer loop
			vertex 10.8056001663208 2.406662702560425 12.38584041595459
			vertex 10.811439514160156 2.6989760398864746 13.168061256408691
			vertex 10 2.60896372795105 13.061467170715332
		endloop
	endfacet
	facet normal 0.044070480517267994 -0.9031109522204747 0.42713979061474133
		outer loop
			vertex 10 2.60896372795105 13.061467170715332
			vertex 10.811439514160156 2.6989760398864746 13.168061256408691
			vertex 10 2.9446299076080322 13.771173477172852
		endloop
	endfacet
	facet normal 0.060834369959415116 -0.8931452812332074 0.44563514902046936
		outer loop
			vertex 10 2.9446299076080322 13.771173477172852
			vertex 10.811439514160156 2.6989760398864746 13.168061256408691
			vertex 10.816117286682129 3.076958179473877 13.92497730255127
		endloop
	endfacet
	facet normal 0.04215113496786288 -0.8569665429411114 0.5136454283846801
		outer loop
			vertex 10 2.9446299076080322 13.771173477172852
			vertex 10.816117286682129 3.076958179473877 13.92497730255127
			vertex 10 3.348242998123169 14.444561958312988
		endloop
	endfacet
	facet normal 0.06330146406285668 -0.8404193778840066 0.5382268981800874
		outer loop
			vertex 10.816117286682129 3.076958179473877 13.92497730255127
			vertex 10.819387435913086 3.5379178524017334 14.644362449645996
			vertex 10 3.348242998123169 14.444561958312988
		endloop
	endfacet
	facet normal -0.2842326417668501 -0.7606581358160368 0.5836188874352075
		outer loop
			vertex 7.414066791534424 3.7009048461914062 14.19932746887207
			vertex 8.303881645202637 3.8524019718170166 14.8301362991333
			vertex 7.396082401275635 4.309352397918701 14.983587265014648
		endloop
	endfacet
	facet normal -0.17108966611859952 -0.809091943653741 0.562226424905516
		outer loop
			vertex 8.314892768859863 3.3230643272399902 14.071724891662598
			vertex 9.180612564086914 3.5379178524017334 14.644362449645996
			vertex 8.303881645202637 3.8524019718170166 14.8301362991333
		endloop
	endfacet
	facet normal -0.14524372691900517 -0.771113053646359 0.6199104115006174
		outer loop
			vertex 8.303881645202637 3.8524019718170166 14.8301362991333
			vertex 9.180612564086914 3.5379178524017334 14.644362449645996
			vertex 9.178930282592773 4.0767130851745605 15.314181327819824
		endloop
	endfacet
	facet normal -0.06494239133786432 -0.7776323912610931 0.6253561784046544
		outer loop
			vertex 9.180612564086914 3.5379178524017334 14.644362449645996
			vertex 10 3.8159162998199463 15.075146675109863
			vertex 9.178930282592773 4.0767130851745605 15.314181327819824
		endloop
	endfacet
	facet normal -0.04063984713142411 -0.8025440903017884 0.5952070110027349
		outer loop
			vertex 9.180612564086914 3.5379178524017334 14.644362449645996
			vertex 10 3.348242998123169 14.444561958312988
			vertex 10 3.8159162998199463 15.075146675109863
		endloop
	endfacet
	facet normal 0.04063984713142411 -0.8025440903017884 0.5952070110027349
		outer loop
			vertex 10 3.348242998123169 14.444561958312988
			vertex 10.819387435913086 3.5379178524017334 14.644362449645996
			vertex 10 3.8159162998199463 15.075146675109863
		endloop
	endfacet
	facet normal 0.06494239133786432 -0.7776323912610931 0.6253561784046544
		outer loop
			vertex 10.819387435913086 3.5379178524017334 14.644362449645996
			vertex 10.821069717407227 4.0767130851745605 15.314181327819824
			vertex 10 3.8159162998199463 15.075146675109863
		endloop
	endfacet
	facet normal 0.145243066325231 -0.771113128399222 -0.6199104732901433
		outer loop
			vertex 10.819387435913086 3.5379178524017334 5.355638027191162
			vertex 10.821069717407227 4.0767130851745605 4.685819149017334
			vertex 11.696118354797363 3.8524019718170166 5.169863224029541
		endloop
	endfacet
	facet normal 0.1710891768048286 -0.8090921754165379 -0.5622262402805301
		outer loop
			vertex 10.819387435913086 3.5379178524017334 5.355638027191162
			vertex 11.696118354797363 3.8524019718170166 5.169863224029541
			vertex 11.685107231140137 3.3230643272399902 5.928275108337402
		endloop
	endfacet
	facet normal 0.2552488476553319 -0.7945913769143618 -0.5508834445724103
		outer loop
			vertex 11.685107231140137 3.3230643272399902 5.928275108337402
			vertex 11.696118354797363 3.8524019718170166 5.169863224029541
			vertex 12.585932731628418 3.7009048461914062 5.80067253112793
		endloop
	endfacet
	facet normal 0.28423306416470173 -0.7606580415337421 -0.5836188046024531
		outer loop
			vertex 11.696118354797363 3.8524019718170166 5.169863224029541
			vertex 12.603917121887207 4.309352397918701 5.016412734985352
			vertex 12.585932731628418 3.7009048461914062 5.80067253112793
		endloop
	endfacet
	facet normal 0.1468370279013297 -0.8853169666660435 -0.44119469145756923
		outer loop
			vertex 10.811439514160156 2.6989760398864746 6.83193826675415
			vertex 10.816117286682129 3.076958179473877 6.0750226974487305
			vertex 11.66767406463623 2.892418384552002 6.728739261627197
		endloop
	endfacet
	facet normal 0.1679033228657206 -0.8696614453822564 -0.4642170231543589
		outer loop
			vertex 11.685107231140137 3.3230643272399902 5.928275108337402
			vertex 11.66767406463623 2.892418384552002 6.728739261627197
			vertex 10.816117286682129 3.076958179473877 6.0750226974487305
		endloop
	endfacet
	facet normal 0.14764068631609242 -0.9268252748449906 -0.34524938472446404
		outer loop
			vertex 10.811439514160156 2.6989760398864746 6.83193826675415
			vertex 11.645045280456543 2.563443660736084 7.552255153656006
			vertex 10.8056001663208 2.406662702560425 7.614159107208252
		endloop
	endfacet
	facet normal 0.16367909299467975 -0.9176616179967397 -0.36208605244063835
		outer loop
			vertex 10.811439514160156 2.6989760398864746 6.83193826675415
			vertex 11.66767406463623 2.892418384552002 6.728739261627197
			vertex 11.645045280456543 2.563443660736084 7.552255153656006
		endloop
	endfacet
	facet normal 0.14593476783554457 -0.8332643409795678 -0.5332668952679065
		outer loop
			vertex 10.819387435913086 3.5379178524017334 5.355638027191162
			vertex 11.685107231140137 3.3230643272399902 5.928275108337402
			vertex 10.816117286682129 3.076958179473877 6.0750226974487305
		endloop
	endfacet
	facet normal 0.2738650206217535 -0.885774680215758 -0.37470143630431757
		outer loop
			vertex 11.66767406463623 2.892418384552002 6.728739261627197
			vertex 12.551711082458496 3.2049477100372314 6.636068820953369
			vertex 12.504362106323242 2.826692581176758 7.4956374168396
		endloop
	endfacet
	facet normal 0.2527253859894508 -0.9008712339011092 -0.35293186198751786
		outer loop
			vertex 11.66767406463623 2.892418384552002 6.728739261627197
			vertex 12.504362106323242 2.826692581176758 7.4956374168396
			vertex 11.645045280456543 2.563443660736084 7.552255153656006
		endloop
	endfacet
	facet normal 0.2801115873680672 -0.8304516873841331 -0.48154697958038084
		outer loop
			vertex 11.685107231140137 3.3230643272399902 5.928275108337402
			vertex 12.585932731628418 3.7009048461914062 5.80067253112793
			vertex 12.551711082458496 3.2049477100372314 6.636068820953369
		endloop
	endfacet
	facet normal 0.2543246905685388 -0.8539861114787188 -0.45390161177139954
		outer loop
			vertex 11.685107231140137 3.3230643272399902 5.928275108337402
			vertex 12.551711082458496 3.2049477100372314 6.636068820953369
			vertex 11.66767406463623 2.892418384552002 6.728739261627197
		endloop
	endfacet
	facet normal 0.3592418590871946 -0.8613306991853666 -0.3592418590871946
		outer loop
			vertex 12.504362106323242 2.826692581176758 7.4956374168396
			vertex 12.551711082458496 3.2049477100372314 6.636068820953369
			vertex 13.363930702209473 3.2049477100372314 7.448288440704346
		endloop
	endfacet
	facet normal 0.36391501151202926 -0.807389419038543 -0.4644224266988017
		outer loop
			vertex 12.585932731628418 3.7009048461914062 5.80067253112793
			vertex 13.438130378723145 3.6471641063690186 6.561870098114014
			vertex 12.551711082458496 3.2049477100372314 6.636068820953369
		endloop
	endfacet
	facet normal 0.3941230364045003 -0.773808148924982 -0.4958709316269607
		outer loop
			vertex 12.585932731628418 3.7009048461914062 5.80067253112793
			vertex 13.486339569091797 4.220521926879883 5.705460548400879
			vertex 13.438130378723145 3.6471641063690186 6.561870098114014
		endloop
	endfacet
	facet normal 0.38579275841955285 -0.8380500552485308 -0.38579275841955285
		outer loop
			vertex 12.551711082458496 3.2049477100372314 6.636068820953369
			vertex 13.438130378723145 3.6471641063690186 6.561870098114014
			vertex 13.363930702209473 3.2049477100372314 7.448288440704346
		endloop
	endfacet
	facet normal 0.4644222361330015 -0.807389542452842 -0.3639149808994033
		outer loop
			vertex 13.438130378723145 3.6471641063690186 6.561870098114014
			vertex 14.19932746887207 3.7009048461914062 7.414066791534424
			vertex 13.363930702209473 3.2049477100372314 7.448288440704346
		endloop
	endfacet
	facet normal 0.49587092583376047 -0.7738080693946578 -0.394123199840458
		outer loop
			vertex 13.438130378723145 3.6471641063690186 6.561870098114014
			vertex 14.294539451599121 4.220521926879883 6.513660430908203
			vertex 14.19932746887207 3.7009048461914062 7.414066791534424
		endloop
	endfacet
	facet normal 0.15424240502030717 -0.9759193414350916 -0.15424240502030717
		outer loop
			vertex 10.7988920211792 2.2004241943359375 8.40990924835205
			vertex 11.618678092956543 2.334508180618286 8.381321907043457
			vertex 11.59009075164795 2.2004241943359375 9.2011079788208
		endloop
	endfacet
	facet normal 0.1477147165849346 -0.9779369739448779 -0.1477147165849346
		outer loop
			vertex 10.7988920211792 2.2004241943359375 8.40990924835205
			vertex 11.59009075164795 2.2004241943359375 9.2011079788208
			vertex 10.791631698608398 2.0787224769592285 9.208368301391602
		endloop
	endfacet
	facet normal 0.15001103500620727 -0.9873049669823175 -0.052207198243264696
		outer loop
			vertex 10.791631698608398 2.0787224769592285 9.208368301391602
			vertex 11.59009075164795 2.2004241943359375 9.2011079788208
			vertex 11.560722351074219 2.1537177562713623 10
		endloop
	endfacet
	facet normal 0.14655567192005303 -0.9879987386962752 -0.04878449920447326
		outer loop
			vertex 10.791631698608398 2.0787224769592285 9.208368301391602
			vertex 11.560722351074219 2.1537177562713623 10
			vertex 10.784136772155762 2.038522243499756 10
		endloop
	endfacet
	facet normal 0.2427034636807063 -0.9689258672137655 -0.04772517743749678
		outer loop
			vertex 11.59009075164795 2.2004241943359375 9.2011079788208
			vertex 12.322277069091797 2.344477415084839 10
			vertex 11.560722351074219 2.1537177562713623 10
		endloop
	endfacet
	facet normal 0.14655567192005303 -0.9879987386962752 0.04878449920447326
		outer loop
			vertex 10.784136772155762 2.038522243499756 10
			vertex 11.560722351074219 2.1537177562713623 10
			vertex 10.791631698608398 2.0787224769592285 10.791631698608398
		endloop
	endfacet
	facet normal 0.15001103500620727 -0.9873049669823175 0.052207198243264696
		outer loop
			vertex 10.791631698608398 2.0787224769592285 10.791631698608398
			vertex 11.560722351074219 2.1537177562713623 10
			vertex 11.59009075164795 2.2004241943359375 10.7988920211792
		endloop
	endfacet
	facet normal 0.2427034636807063 -0.9689258672137655 0.04772517743749678
		outer loop
			vertex 11.560722351074219 2.1537177562713623 10
			vertex 12.322277069091797 2.344477415084839 10
			vertex 11.59009075164795 2.2004241943359375 10.7988920211792
		endloop
	endfacet
	facet normal 0.15894842980672844 -0.9529557318881777 -0.25809062308313946
		outer loop
			vertex 10.8056001663208 2.406662702560425 7.614159107208252
			vertex 11.645045280456543 2.563443660736084 7.552255153656006
			vertex 11.618678092956543 2.334508180618286 8.381321907043457
		endloop
	endfacet
	facet normal 0.1480222039820758 -0.9576554181958935 -0.246952479494208
		outer loop
			vertex 10.8056001663208 2.406662702560425 7.614159107208252
			vertex 11.618678092956543 2.334508180618286 8.381321907043457
			vertex 10.7988920211792 2.2004241943359375 8.40990924835205
		endloop
	endfacet
	facet normal 0.24695261868039078 -0.9576553839204041 -0.14802219352232604
		outer loop
			vertex 11.618678092956543 2.334508180618286 8.381321907043457
			vertex 12.38584041595459 2.406662702560425 9.1943998336792
			vertex 11.59009075164795 2.2004241943359375 9.2011079788208
		endloop
	endfacet
	facet normal 0.26625646518543855 -0.9263988910116698 -0.2662566233529294
		outer loop
			vertex 11.645045280456543 2.563443660736084 7.552255153656006
			vertex 12.504362106323242 2.826692581176758 7.4956374168396
			vertex 12.447745323181152 2.563443660736084 8.354954719543457
		endloop
	endfacet
	facet normal 0.25029749303470555 -0.9352551820380348 -0.25029764172189856
		outer loop
			vertex 11.645045280456543 2.563443660736084 7.552255153656006
			vertex 12.447745323181152 2.563443660736084 8.354954719543457
			vertex 11.618678092956543 2.334508180618286 8.381321907043457
		endloop
	endfacet
	facet normal 0.3529321943186084 -0.9008710547074767 -0.25272556064571494
		outer loop
			vertex 12.504362106323242 2.826692581176758 7.4956374168396
			vertex 13.271260261535645 2.892418384552002 8.33232593536377
			vertex 12.447745323181152 2.563443660736084 8.354954719543457
		endloop
	endfacet
	facet normal 0.25809050453557464 -0.9529558090391511 -0.15894815974747717
		outer loop
			vertex 11.618678092956543 2.334508180618286 8.381321907043457
			vertex 12.447745323181152 2.563443660736084 8.354954719543457
			vertex 12.38584041595459 2.406662702560425 9.1943998336792
		endloop
	endfacet
	facet normal 0.3452494073089685 -0.9268253276086518 -0.1476403022752304
		outer loop
			vertex 12.447745323181152 2.563443660736084 8.354954719543457
			vertex 13.168061256408691 2.6989760398864746 9.188560485839844
			vertex 12.38584041595459 2.406662702560425 9.1943998336792
		endloop
	endfacet
	facet normal 0.2500740396625091 -0.9666697347585204 -0.05488714411194802
		outer loop
			vertex 11.59009075164795 2.2004241943359375 9.2011079788208
			vertex 12.38584041595459 2.406662702560425 9.1943998336792
			vertex 12.322277069091797 2.344477415084839 10
		endloop
	endfacet
	facet normal 0.3365323251008588 -0.9405453193214692 -0.04604884867926124
		outer loop
			vertex 12.38584041595459 2.406662702560425 9.1943998336792
			vertex 13.061467170715332 2.60896372795105 10
			vertex 12.322277069091797 2.344477415084839 10
		endloop
	endfacet
	facet normal 0.2500740396625091 -0.9666697347585204 0.05488714411194802
		outer loop
			vertex 11.59009075164795 2.2004241943359375 10.7988920211792
			vertex 12.322277069091797 2.344477415084839 10
			vertex 12.38584041595459 2.406662702560425 10.8056001663208
		endloop
	endfacet
	facet normal 0.3365323251008588 -0.9405453193214692 0.04604884867926124
		outer loop
			vertex 12.322277069091797 2.344477415084839 10
			vertex 13.061467170715332 2.60896372795105 10
			vertex 12.38584041595459 2.406662702560425 10.8056001663208
		endloop
	endfacet
	facet normal 0.37470145858611814 -0.8857747135415363 -0.2738648823486597
		outer loop
			vertex 12.504362106323242 2.826692581176758 7.4956374168396
			vertex 13.363930702209473 3.2049477100372314 7.448288440704346
			vertex 13.271260261535645 2.892418384552002 8.33232593536377
		endloop
	endfacet
	facet normal 0.3620864209965402 -0.9176614858231114 -0.16367901871295526
		outer loop
			vertex 12.447745323181152 2.563443660736084 8.354954719543457
			vertex 13.271260261535645 2.892418384552002 8.33232593536377
			vertex 13.168061256408691 2.6989760398864746 9.188560485839844
		endloop
	endfacet
	facet normal 0.44119446527981043 -0.8853170709518614 -0.14683707872223242
		outer loop
			vertex 13.271260261535645 2.892418384552002 8.33232593536377
			vertex 13.92497730255127 3.076958179473877 9.183882713317871
			vertex 13.168061256408691 2.6989760398864746 9.188560485839844
		endloop
	endfacet
	facet normal 0.45390141156814534 -0.8539862390596639 -0.2543246194790742
		outer loop
			vertex 13.363930702209473 3.2049477100372314 7.448288440704346
			vertex 14.071724891662598 3.3230643272399902 8.314892768859863
			vertex 13.271260261535645 2.892418384552002 8.33232593536377
		endloop
	endfacet
	facet normal 0.4642168017583302 -0.8696615505903887 -0.16790339004912358
		outer loop
			vertex 13.271260261535645 2.892418384552002 8.33232593536377
			vertex 14.071724891662598 3.3230643272399902 8.314892768859863
			vertex 13.92497730255127 3.076958179473877 9.183882713317871
		endloop
	endfacet
	facet normal 0.4815467867495466 -0.8304518210831049 -0.2801115224887071
		outer loop
			vertex 13.363930702209473 3.2049477100372314 7.448288440704346
			vertex 14.19932746887207 3.7009048461914062 7.414066791534424
			vertex 14.071724891662598 3.3230643272399902 8.314892768859863
		endloop
	endfacet
	facet normal 0.5508837136367953 -0.7945912615619946 -0.2552486260473328
		outer loop
			vertex 14.19932746887207 3.7009048461914062 7.414066791534424
			vertex 14.8301362991333 3.8524019718170166 8.303881645202637
			vertex 14.071724891662598 3.3230643272399902 8.314892768859863
		endloop
	endfacet
	facet normal 0.5332666374717764 -0.8332644909015248 -0.14593485382926213
		outer loop
			vertex 13.92497730255127 3.076958179473877 9.183882713317871
			vertex 14.071724891662598 3.3230643272399902 8.314892768859863
			vertex 14.644362449645996 3.5379178524017334 9.180612564086914
		endloop
	endfacet
	facet normal 0.34908647429984524 -0.9353004031789093 -0.0578946394260583
		outer loop
			vertex 12.38584041595459 2.406662702560425 9.1943998336792
			vertex 13.168061256408691 2.6989760398864746 9.188560485839844
			vertex 13.061467170715332 2.60896372795105 10
		endloop
	endfacet
	facet normal 0.44563514902046936 -0.8931452812332074 -0.060834369959415116
		outer loop
			vertex 13.168061256408691 2.6989760398864746 9.188560485839844
			vertex 13.92497730255127 3.076958179473877 9.183882713317871
			vertex 13.771173477172852 2.9446299076080322 10
		endloop
	endfacet
	facet normal 0.42713979061474133 -0.9031109522204747 -0.044070480517267994
		outer loop
			vertex 13.168061256408691 2.6989760398864746 9.188560485839844
			vertex 13.771173477172852 2.9446299076080322 10
			vertex 13.061467170715332 2.60896372795105 10
		endloop
	endfacet
	facet normal 0.34908647429984524 -0.9353004031789093 0.0578946394260583
		outer loop
			vertex 12.38584041595459 2.406662702560425 10.8056001663208
			vertex 13.061467170715332 2.60896372795105 10
			vertex 13.168061256408691 2.6989760398864746 10.811439514160156
		endloop
	endfacet
	facet normal 0.42713979061474133 -0.9031109522204747 0.044070480517267994
		outer loop
			vertex 13.061467170715332 2.60896372795105 10
			vertex 13.771173477172852 2.9446299076080322 10
			vertex 13.168061256408691 2.6989760398864746 10.811439514160156
		endloop
	endfacet
	facet normal 0.44563514902046936 -0.8931452812332074 0.060834369959415116
		outer loop
			vertex 13.168061256408691 2.6989760398864746 10.811439514160156
			vertex 13.771173477172852 2.9446299076080322 10
			vertex 13.92497730255127 3.076958179473877 10.816117286682129
		endloop
	endfacet
	facet normal 0.5136454283846801 -0.8569665429411114 -0.04215113496786288
		outer loop
			vertex 13.92497730255127 3.076958179473877 9.183882713317871
			vertex 14.444561958312988 3.348242998123169 10
			vertex 13.771173477172852 2.9446299076080322 10
		endloop
	endfacet
	facet normal 0.5136454283846801 -0.8569665429411114 0.04215113496786288
		outer loop
			vertex 13.771173477172852 2.9446299076080322 10
			vertex 14.444561958312988 3.348242998123169 10
			vertex 13.92497730255127 3.076958179473877 10.816117286682129
		endloop
	endfacet
	facet normal 0.5382268981800875 -0.8404193778840068 -0.0633014640628567
		outer loop
			vertex 13.92497730255127 3.076958179473877 9.183882713317871
			vertex 14.644362449645996 3.5379178524017334 9.180612564086914
			vertex 14.444561958312988 3.348242998123169 10
		endloop
	endfacet
	facet normal 0.5382268981800875 -0.8404193778840068 0.0633014640628567
		outer loop
			vertex 13.92497730255127 3.076958179473877 10.816117286682129
			vertex 14.444561958312988 3.348242998123169 10
			vertex 14.644362449645996 3.5379178524017334 10.819387435913086
		endloop
	endfacet
	facet normal 0.5836188874352075 -0.7606581358160368 -0.2842326417668501
		outer loop
			vertex 14.19932746887207 3.7009048461914062 7.414066791534424
			vertex 14.983587265014648 4.309352397918701 7.396082401275635
			vertex 14.8301362991333 3.8524019718170166 8.303881645202637
		endloop
	endfacet
	facet normal 0.562226424905516 -0.809091943653741 -0.17108966611859952
		outer loop
			vertex 14.071724891662598 3.3230643272399902 8.314892768859863
			vertex 14.8301362991333 3.8524019718170166 8.303881645202637
			vertex 14.644362449645996 3.5379178524017334 9.180612564086914
		endloop
	endfacet
	facet normal 0.6199104115006175 -0.7711130536463592 -0.1452437269190052
		outer loop
			vertex 14.8301362991333 3.8524019718170166 8.303881645202637
			vertex 15.314181327819824 4.0767130851745605 9.178930282592773
			vertex 14.644362449645996 3.5379178524017334 9.180612564086914
		endloop
	endfacet
	facet normal 0.5952070110027349 -0.8025440903017884 -0.04063984713142411
		outer loop
			vertex 14.644362449645996 3.5379178524017334 9.180612564086914
			vertex 15.075146675109863 3.8159162998199463 10
			vertex 14.444561958312988 3.348242998123169 10
		endloop
	endfacet
	facet normal 0.6253561784046544 -0.7776323912610931 -0.06494239133786432
		outer loop
			vertex 14.644362449645996 3.5379178524017334 9.180612564086914
			vertex 15.314181327819824 4.0767130851745605 9.178930282592773
			vertex 15.075146675109863 3.8159162998199463 10
		endloop
	endfacet
	facet normal 0.5952070110027349 -0.8025440903017884 0.04063984713142411
		outer loop
			vertex 14.444561958312988 3.348242998123169 10
			vertex 15.075146675109863 3.8159162998199463 10
			vertex 14.644362449645996 3.5379178524017334 10.819387435913086
		endloop
	endfacet
	facet normal 0.6253561784046544 -0.7776323912610931 0.06494239133786432
		outer loop
			vertex 14.644362449645996 3.5379178524017334 10.819387435913086
			vertex 15.075146675109863 3.8159162998199463 10
			vertex 15.314181327819824 4.0767130851745605 10.821069717407227
		endloop
	endfacet
	facet normal 0.1477147165849346 -0.9779369739448779 0.1477147165849346
		outer loop
			vertex 10.791631698608398 2.0787224769592285 10.791631698608398
			vertex 11.59009075164795 2.2004241943359375 10.7988920211792
			vertex 10.7988920211792 2.2004241943359375 11.59009075164795
		endloop
	endfacet
	facet normal 0.15424240502030717 -0.9759193414350916 0.15424240502030717
		outer loop
			vertex 10.7988920211792 2.2004241943359375 11.59009075164795
			vertex 11.59009075164795 2.2004241943359375 10.7988920211792
			vertex 11.618678092956543 2.334508180618286 11.618678092956543
		endloop
	endfacet
	facet normal 0.14802219352232604 -0.9576553839204041 0.24695261868039078
		outer loop
			vertex 10.7988920211792 2.2004241943359375 11.59009075164795
			vertex 11.618678092956543 2.334508180618286 11.618678092956543
			vertex 10.8056001663208 2.406662702560425 12.38584041595459
		endloop
	endfacet
	facet normal 0.24695261868039078 -0.9576553839204041 0.14802219352232604
		outer loop
			vertex 11.59009075164795 2.2004241943359375 10.7988920211792
			vertex 12.38584041595459 2.406662702560425 10.8056001663208
			vertex 11.618678092956543 2.334508180618286 11.618678092956543
		endloop
	endfacet
	facet normal 0.15894815974747717 -0.9529558090391511 0.25809050453557464
		outer loop
			vertex 11.618678092956543 2.334508180618286 11.618678092956543
			vertex 11.645045280456543 2.563443660736084 12.447745323181152
			vertex 10.8056001663208 2.406662702560425 12.38584041595459
		endloop
	endfacet
	facet normal 0.1476403022752304 -0.9268253276086518 0.3452494073089685
		outer loop
			vertex 10.8056001663208 2.406662702560425 12.38584041595459
			vertex 11.645045280456543 2.563443660736084 12.447745323181152
			vertex 10.811439514160156 2.6989760398864746 13.168061256408691
		endloop
	endfacet
	facet normal 0.25809050453557464 -0.9529558090391511 0.15894815974747717
		outer loop
			vertex 11.618678092956543 2.334508180618286 11.618678092956543
			vertex 12.38584041595459 2.406662702560425 10.8056001663208
			vertex 12.447745323181152 2.563443660736084 11.645045280456543
		endloop
	endfacet
	facet normal 0.3452494073089685 -0.9268253276086518 0.1476403022752304
		outer loop
			vertex 12.38584041595459 2.406662702560425 10.8056001663208
			vertex 13.168061256408691 2.6989760398864746 10.811439514160156
			vertex 12.447745323181152 2.563443660736084 11.645045280456543
		endloop
	endfacet
	facet normal 0.25029750635855647 -0.9352552146988419 0.25029750635855647
		outer loop
			vertex 11.618678092956543 2.334508180618286 11.618678092956543
			vertex 12.447745323181152 2.563443660736084 11.645045280456543
			vertex 11.645045280456543 2.563443660736084 12.447745323181152
		endloop
	endfacet
	facet normal 0.26625672270981887 -0.9263987884402987 0.26625672270981887
		outer loop
			vertex 11.645045280456543 2.563443660736084 12.447745323181152
			vertex 12.447745323181152 2.563443660736084 11.645045280456543
			vertex 12.504362106323242 2.826692581176758 12.504362106323242
		endloop
	endfacet
	facet normal 0.25272569250919125 -0.9008710239485463 0.3529321784077607
		outer loop
			vertex 11.645045280456543 2.563443660736084 12.447745323181152
			vertex 12.504362106323242 2.826692581176758 12.504362106323242
			vertex 11.66767406463623 2.892418384552002 13.271260261535645
		endloop
	endfacet
	facet normal 0.3529321784077607 -0.9008710239485463 0.25272569250919125
		outer loop
			vertex 12.447745323181152 2.563443660736084 11.645045280456543
			vertex 13.271260261535645 2.892418384552002 11.66767406463623
			vertex 12.504362106323242 2.826692581176758 12.504362106323242
		endloop
	endfacet
	facet normal 0.16367901871295526 -0.9176614858231114 0.3620864209965402
		outer loop
			vertex 10.811439514160156 2.6989760398864746 13.168061256408691
			vertex 11.645045280456543 2.563443660736084 12.447745323181152
			vertex 11.66767406463623 2.892418384552002 13.271260261535645
		endloop
	endfacet
	facet normal 0.14683707872223242 -0.8853170709518614 0.44119446527981043
		outer loop
			vertex 10.811439514160156 2.6989760398864746 13.168061256408691
			vertex 11.66767406463623 2.892418384552002 13.271260261535645
			vertex 10.816117286682129 3.076958179473877 13.92497730255127
		endloop
	endfacet
	facet normal 0.16790339004912355 -0.8696615505903885 0.4642168017583301
		outer loop
			vertex 10.816117286682129 3.076958179473877 13.92497730255127
			vertex 11.66767406463623 2.892418384552002 13.271260261535645
			vertex 11.685107231140137 3.3230643272399902 14.071724891662598
		endloop
	endfacet
	facet normal 0.14593485382926213 -0.8332644909015248 0.5332666374717764
		outer loop
			vertex 10.816117286682129 3.076958179473877 13.92497730255127
			vertex 11.685107231140137 3.3230643272399902 14.071724891662598
			vertex 10.819387435913086 3.5379178524017334 14.644362449645996
		endloop
	endfacet
	facet normal 0.2738650206217535 -0.885774680215758 0.37470143630431757
		outer loop
			vertex 11.66767406463623 2.892418384552002 13.271260261535645
			vertex 12.504362106323242 2.826692581176758 12.504362106323242
			vertex 12.551711082458496 3.2049477100372314 13.363930702209473
		endloop
	endfacet
	facet normal 0.2543247484245776 -0.853986210358304 0.4539013933186787
		outer loop
			vertex 11.66767406463623 2.892418384552002 13.271260261535645
			vertex 12.551711082458496 3.2049477100372314 13.363930702209473
			vertex 11.685107231140137 3.3230643272399902 14.071724891662598
		endloop
	endfacet
	facet normal 0.28011166074887184 -0.830451788833931 0.4815467619401392
		outer loop
			vertex 12.551711082458496 3.2049477100372314 13.363930702209473
			vertex 12.585932731628418 3.7009048461914062 14.19932746887207
			vertex 11.685107231140137 3.3230643272399902 14.071724891662598
		endloop
	endfacet
	facet normal 0.25524875289291005 -0.7945912349628286 0.5508836932301241
		outer loop
			vertex 11.685107231140137 3.3230643272399902 14.071724891662598
			vertex 12.585932731628418 3.7009048461914062 14.19932746887207
			vertex 11.696118354797363 3.8524019718170166 14.8301362991333
		endloop
	endfacet
	facet normal 0.3620864209965402 -0.9176614858231114 0.16367901871295526
		outer loop
			vertex 12.447745323181152 2.563443660736084 11.645045280456543
			vertex 13.168061256408691 2.6989760398864746 10.811439514160156
			vertex 13.271260261535645 2.892418384552002 11.66767406463623
		endloop
	endfacet
	facet normal 0.44119446527981043 -0.8853170709518614 0.14683707872223242
		outer loop
			vertex 13.168061256408691 2.6989760398864746 10.811439514160156
			vertex 13.92497730255127 3.076958179473877 10.816117286682129
			vertex 13.271260261535645 2.892418384552002 11.66767406463623
		endloop
	endfacet
	facet normal 0.37470143630431757 -0.885774680215758 0.2738650206217535
		outer loop
			vertex 13.271260261535645 2.892418384552002 11.66767406463623
			vertex 13.363930702209473 3.2049477100372314 12.551711082458496
			vertex 12.504362106323242 2.826692581176758 12.504362106323242
		endloop
	endfacet
	facet normal 0.4539013933186787 -0.853986210358304 0.2543247484245776
		outer loop
			vertex 13.271260261535645 2.892418384552002 11.66767406463623
			vertex 14.071724891662598 3.3230643272399902 11.685107231140137
			vertex 13.363930702209473 3.2049477100372314 12.551711082458496
		endloop
	endfacet
	facet normal 0.4642168017583302 -0.8696615505903887 0.16790339004912358
		outer loop
			vertex 13.271260261535645 2.892418384552002 11.66767406463623
			vertex 13.92497730255127 3.076958179473877 10.816117286682129
			vertex 14.071724891662598 3.3230643272399902 11.685107231140137
		endloop
	endfacet
	facet normal 0.5332666374717764 -0.8332644909015248 0.14593485382926213
		outer loop
			vertex 13.92497730255127 3.076958179473877 10.816117286682129
			vertex 14.644362449645996 3.5379178524017334 10.819387435913086
			vertex 14.071724891662598 3.3230643272399902 11.685107231140137
		endloop
	endfacet
	facet normal 0.4815467619401392 -0.830451788833931 0.28011166074887184
		outer loop
			vertex 13.363930702209473 3.2049477100372314 12.551711082458496
			vertex 14.071724891662598 3.3230643272399902 11.685107231140137
			vertex 14.19932746887207 3.7009048461914062 12.585932731628418
		endloop
	endfacet
	facet normal 0.5508836932301241 -0.7945912349628286 0.25524875289291005
		outer loop
			vertex 14.071724891662598 3.3230643272399902 11.685107231140137
			vertex 14.8301362991333 3.8524019718170166 11.696118354797363
			vertex 14.19932746887207 3.7009048461914062 12.585932731628418
		endloop
	endfacet
	facet normal 0.3592418590871946 -0.8613306991853666 0.3592418590871946
		outer loop
			vertex 12.504362106323242 2.826692581176758 12.504362106323242
			vertex 13.363930702209473 3.2049477100372314 12.551711082458496
			vertex 12.551711082458496 3.2049477100372314 13.363930702209473
		endloop
	endfacet
	facet normal 0.3857924894252333 -0.8380503029091765 0.3857924894252333
		outer loop
			vertex 12.551711082458496 3.2049477100372314 13.363930702209473
			vertex 13.363930702209473 3.2049477100372314 12.551711082458496
			vertex 13.438130378723145 3.6471641063690186 13.438130378723145
		endloop
	endfacet
	facet normal 0.3639146373357733 -0.8073896518525893 0.46442231515521226
		outer loop
			vertex 12.551711082458496 3.2049477100372314 13.363930702209473
			vertex 13.438130378723145 3.6471641063690186 13.438130378723145
			vertex 12.585932731628418 3.7009048461914062 14.19932746887207
		endloop
	endfacet
	facet normal 0.3941229573152978 -0.7738080513078334 0.49587114681963274
		outer loop
			vertex 13.438130378723145 3.6471641063690186 13.438130378723145
			vertex 13.486339569091797 4.220521926879883 14.294539451599121
			vertex 12.585932731628418 3.7009048461914062 14.19932746887207
		endloop
	endfacet
	facet normal 0.46442231515521226 -0.8073896518525893 0.3639146373357733
		outer loop
			vertex 13.363930702209473 3.2049477100372314 12.551711082458496
			vertex 14.19932746887207 3.7009048461914062 12.585932731628418
			vertex 13.438130378723145 3.6471641063690186 13.438130378723145
		endloop
	endfacet
	facet normal 0.49587114681963274 -0.7738080513078334 0.3941229573152978
		outer loop
			vertex 13.438130378723145 3.6471641063690186 13.438130378723145
			vertex 14.19932746887207 3.7009048461914062 12.585932731628418
			vertex 14.294539451599121 4.220521926879883 13.486339569091797
		endloop
	endfacet
	facet normal 0.14524372691900517 -0.771113053646359 0.6199104115006174
		outer loop
			vertex 10.819387435913086 3.5379178524017334 14.644362449645996
			vertex 11.696118354797363 3.8524019718170166 14.8301362991333
			vertex 10.821069717407227 4.0767130851745605 15.314181327819824
		endloop
	endfacet
	facet normal 0.17108966611859952 -0.809091943653741 0.562226424905516
		outer loop
			vertex 10.819387435913086 3.5379178524017334 14.644362449645996
			vertex 11.685107231140137 3.3230643272399902 14.071724891662598
			vertex 11.696118354797363 3.8524019718170166 14.8301362991333
		endloop
	endfacet
	facet normal 0.28423278010764913 -0.7606581049373746 0.5836188603064151
		outer loop
			vertex 11.696118354797363 3.8524019718170166 14.8301362991333
			vertex 12.585932731628418 3.7009048461914062 14.19932746887207
			vertex 12.603917121887207 4.309352397918701 14.983587265014648
		endloop
	endfacet
	facet normal 0.562226424905516 -0.809091943653741 0.17108966611859952
		outer loop
			vertex 14.644362449645996 3.5379178524017334 10.819387435913086
			vertex 14.8301362991333 3.8524019718170166 11.696118354797363
			vertex 14.071724891662598 3.3230643272399902 11.685107231140137
		endloop
	endfacet
	facet normal 0.6199104115006175 -0.7711130536463592 0.1452437269190052
		outer loop
			vertex 14.644362449645996 3.5379178524017334 10.819387435913086
			vertex 15.314181327819824 4.0767130851745605 10.821069717407227
			vertex 14.8301362991333 3.8524019718170166 11.696118354797363
		endloop
	endfacet
	facet normal 0.5836188603064151 -0.7606581049373746 0.28423278010764913
		outer loop
			vertex 14.8301362991333 3.8524019718170166 11.696118354797363
			vertex 14.983587265014648 4.309352397918701 12.603917121887207
			vertex 14.19932746887207 3.7009048461914062 12.585932731628418
		endloop
	endfacet
	facet normal -0.6253561784046545 0.06494239133786432 -0.7776323912610932
		outer loop
			vertex 5.355638027191162 10.819387435913086 3.5379178524017334
			vertex 4.924853801727295 10 3.8159162998199463
			vertex 4.685819149017334 10.821069717407227 4.0767130851745605
		endloop
	endfacet
	facet normal -0.5952072959118692 0.040640072481031 -0.8025438675873221
		outer loop
			vertex 5.355638027191162 10.819387435913086 3.5379178524017334
			vertex 5.555438041687012 10 3.348242998123169
			vertex 4.924853801727295 10 3.8159162998199463
		endloop
	endfacet
	facet normal -0.5382271431423167 0.06330167751183428 -0.8404192049263559
		outer loop
			vertex 5.355638027191162 10.819387435913086 3.5379178524017334
			vertex 6.0750226974487305 10.816117286682129 3.076958179473877
			vertex 5.555438041687012 10 3.348242998123169
		endloop
	endfacet
	facet normal -0.5136456911308024 0.04215135824601512 -0.8569663744749714
		outer loop
			vertex 6.0750226974487305 10.816117286682129 3.076958179473877
			vertex 6.22882604598999 10 2.9446299076080322
			vertex 5.555438041687012 10 3.348242998123169
		endloop
	endfacet
	facet normal -0.4456353673472421 0.06083456932294029 -0.8931451587197802
		outer loop
			vertex 6.83193826675415 10.811439514160156 2.6989760398864746
			vertex 6.22882604598999 10 2.9446299076080322
			vertex 6.0750226974487305 10.816117286682129 3.076958179473877
		endloop
	endfacet
	facet normal -0.42713979061474133 0.044070480517267994 -0.9031109522204747
		outer loop
			vertex 6.83193826675415 10.811439514160156 2.6989760398864746
			vertex 6.93853235244751 10 2.60896372795105
			vertex 6.22882604598999 10 2.9446299076080322
		endloop
	endfacet
	facet normal -0.34908647429984524 0.0578946394260583 -0.9353004031789093
		outer loop
			vertex 6.83193826675415 10.811439514160156 2.6989760398864746
			vertex 7.614159107208252 10.8056001663208 2.406662702560425
			vertex 6.93853235244751 10 2.60896372795105
		endloop
	endfacet
	facet normal -0.3365323251008588 0.04604884867926124 -0.9405453193214692
		outer loop
			vertex 7.614159107208252 10.8056001663208 2.406662702560425
			vertex 7.677722454071045 10 2.344477415084839
			vertex 6.93853235244751 10 2.60896372795105
		endloop
	endfacet
	facet normal 0.040640072481031 -0.5952072959118692 -0.8025438675873221
		outer loop
			vertex 10.819387435913086 5.355638027191162 3.5379178524017334
			vertex 10 4.924853801727295 3.8159162998199463
			vertex 10 5.555438041687012 3.348242998123169
		endloop
	endfacet
	facet normal 0.06494239133786432 -0.6253561784046545 -0.7776323912610932
		outer loop
			vertex 10.819387435913086 5.355638027191162 3.5379178524017334
			vertex 10.821069717407227 4.685819149017334 4.0767130851745605
			vertex 10 4.924853801727295 3.8159162998199463
		endloop
	endfacet
	facet normal 0.06330167751183428 -0.5382271431423167 -0.8404192049263559
		outer loop
			vertex 10.819387435913086 5.355638027191162 3.5379178524017334
			vertex 10 5.555438041687012 3.348242998123169
			vertex 10.816117286682129 6.0750226974487305 3.076958179473877
		endloop
	endfacet
	facet normal 0.04215135824601512 -0.5136456911308024 -0.8569663744749714
		outer loop
			vertex 10.816117286682129 6.0750226974487305 3.076958179473877
			vertex 10 5.555438041687012 3.348242998123169
			vertex 10 6.22882604598999 2.9446299076080322
		endloop
	endfacet
	facet normal 0.06083456932294029 -0.4456353673472421 -0.8931451587197802
		outer loop
			vertex 10.811439514160156 6.83193826675415 2.6989760398864746
			vertex 10.816117286682129 6.0750226974487305 3.076958179473877
			vertex 10 6.22882604598999 2.9446299076080322
		endloop
	endfacet
	facet normal 0.044070480517267994 -0.42713979061474133 -0.9031109522204747
		outer loop
			vertex 10.811439514160156 6.83193826675415 2.6989760398864746
			vertex 10 6.22882604598999 2.9446299076080322
			vertex 10 6.93853235244751 2.60896372795105
		endloop
	endfacet
	facet normal 0.04604884867926124 -0.3365323251008588 -0.9405453193214692
		outer loop
			vertex 10.8056001663208 7.614159107208252 2.406662702560425
			vertex 10 6.93853235244751 2.60896372795105
			vertex 10 7.677722454071045 2.344477415084839
		endloop
	endfacet
	facet normal 0.0578946394260583 -0.34908647429984524 -0.9353004031789093
		outer loop
			vertex 10.811439514160156 6.83193826675415 2.6989760398864746
			vertex 10 6.93853235244751 2.60896372795105
			vertex 10.8056001663208 7.614159107208252 2.406662702560425
		endloop
	endfacet
	facet normal -0.24270332060211983 0.04772518477145993 -0.9689259026918594
		outer loop
			vertex 8.40990924835205 10.7988920211792 2.2004241943359375
			vertex 8.439277648925781 10 2.1537177562713623
			vertex 7.677722454071045 10 2.344477415084839
		endloop
	endfacet
	facet normal -0.15001103500620727 0.052207198243264696 -0.9873049669823175
		outer loop
			vertex 8.40990924835205 10.7988920211792 2.2004241943359375
			vertex 9.208368301391602 10.791631698608398 2.0787224769592285
			vertex 8.439277648925781 10 2.1537177562713623
		endloop
	endfacet
	facet normal -0.14655567192005303 0.04878449920447326 -0.9879987386962752
		outer loop
			vertex 9.208368301391602 10.791631698608398 2.0787224769592285
			vertex 9.215863227844238 10 2.038522243499756
			vertex 8.439277648925781 10 2.1537177562713623
		endloop
	endfacet
	facet normal -0.25007389892608484 0.05488715796597168 -0.9666697703798981
		outer loop
			vertex 7.614159107208252 10.8056001663208 2.406662702560425
			vertex 8.40990924835205 10.7988920211792 2.2004241943359375
			vertex 7.677722454071045 10 2.344477415084839
		endloop
	endfacet
	facet normal 0.04772518477145993 -0.24270332060211983 -0.9689259026918594
		outer loop
			vertex 10.7988920211792 8.40990924835205 2.2004241943359375
			vertex 10 7.677722454071045 2.344477415084839
			vertex 10 8.439277648925781 2.1537177562713623
		endloop
	endfacet
	facet normal 0.052207198243264696 -0.15001103500620727 -0.9873049669823175
		outer loop
			vertex 10.7988920211792 8.40990924835205 2.2004241943359375
			vertex 10 8.439277648925781 2.1537177562713623
			vertex 10.791631698608398 9.208368301391602 2.0787224769592285
		endloop
	endfacet
	facet normal 0.04878449920447326 -0.14655567192005303 -0.9879987386962752
		outer loop
			vertex 10.791631698608398 9.208368301391602 2.0787224769592285
			vertex 10 8.439277648925781 2.1537177562713623
			vertex 10 9.215863227844238 2.038522243499756
		endloop
	endfacet
	facet normal 0.05488715796597168 -0.25007389892608484 -0.9666697703798981
		outer loop
			vertex 10.8056001663208 7.614159107208252 2.406662702560425
			vertex 10 7.677722454071045 2.344477415084839
			vertex 10.7988920211792 8.40990924835205 2.2004241943359375
		endloop
	endfacet
	facet normal -0.05017838908217961 0.05017838908217961 -0.9974789514261616
		outer loop
			vertex 9.208368301391602 10.791631698608398 2.0787224769592285
			vertex 10 10.784136772155762 2.038522243499756
			vertex 9.215863227844238 10 2.038522243499756
		endloop
	endfacet
	facet normal -0.04900880602256413 0.04900880602256413 -0.9975952455101647
		outer loop
			vertex 10 10.784136772155762 2.038522243499756
			vertex 10 10 2
			vertex 9.215863227844238 10 2.038522243499756
		endloop
	endfacet
	facet normal 0.05017838908217961 -0.05017838908217961 -0.9974789514261616
		outer loop
			vertex 10.791631698608398 9.208368301391602 2.0787224769592285
			vertex 10 9.215863227844238 2.038522243499756
			vertex 10.784136772155762 10 2.038522243499756
		endloop
	endfacet
	facet normal 0.04900880602256413 -0.04900880602256413 -0.9975952455101647
		outer loop
			vertex 10.784136772155762 10 2.038522243499756
			vertex 10 9.215863227844238 2.038522243499756
			vertex 10 10 2
		endloop
	endfacet
	facet normal 0.04900880602256413 0.04900880602256413 -0.9975952455101647
		outer loop
			vertex 10 10.784136772155762 2.038522243499756
			vertex 10.784136772155762 10 2.038522243499756
			vertex 10 10 2
		endloop
	endfacet
	facet normal 0.05017838908217961 0.05017838908217961 -0.9974789514261616
		outer loop
			vertex 10 10.784136772155762 2.038522243499756
			vertex 10.791631698608398 10.791631698608398 2.0787224769592285
			vertex 10.784136772155762 10 2.038522243499756
		endloop
	endfacet
	facet normal -0.6199104732901433 0.145243066325231 -0.7711131283992221
		outer loop
			vertex 5.355638027191162 10.819387435913086 3.5379178524017334
			vertex 4.685819149017334 10.821069717407227 4.0767130851745605
			vertex 5.169863224029541 11.696118354797363 3.8524019718170166
		endloop
	endfacet
	facet normal -0.5622262402805301 0.1710891768048286 -0.8090921754165379
		outer loop
			vertex 5.355638027191162 10.819387435913086 3.5379178524017334
			vertex 5.169863224029541 11.696118354797363 3.8524019718170166
			vertex 5.928275108337402 11.685107231140137 3.3230643272399902
		endloop
	endfacet
	facet normal -0.5836188046024532 0.2842330641647018 -0.7606580415337423
		outer loop
			vertex 5.169863224029541 11.696118354797363 3.8524019718170166
			vertex 5.016412734985352 12.603917121887207 4.309352397918701
			vertex 5.80067253112793 12.585932731628418 3.7009048461914062
		endloop
	endfacet
	facet normal -0.5508834445724103 0.2552488476553319 -0.7945913769143618
		outer loop
			vertex 5.169863224029541 11.696118354797363 3.8524019718170166
			vertex 5.80067253112793 12.585932731628418 3.7009048461914062
			vertex 5.928275108337402 11.685107231140137 3.3230643272399902
		endloop
	endfacet
	facet normal -0.4642170231543588 0.16790332286572057 -0.8696614453822562
		outer loop
			vertex 5.928275108337402 11.685107231140137 3.3230643272399902
			vertex 6.728739261627197 11.66767406463623 2.892418384552002
			vertex 6.0750226974487305 10.816117286682129 3.076958179473877
		endloop
	endfacet
	facet normal -0.44119469145756923 0.1468370279013297 -0.8853169666660435
		outer loop
			vertex 6.83193826675415 10.811439514160156 2.6989760398864746
			vertex 6.0750226974487305 10.816117286682129 3.076958179473877
			vertex 6.728739261627197 11.66767406463623 2.892418384552002
		endloop
	endfacet
	facet normal -0.5332668952679065 0.14593476783554457 -0.8332643409795678
		outer loop
			vertex 5.355638027191162 10.819387435913086 3.5379178524017334
			vertex 5.928275108337402 11.685107231140137 3.3230643272399902
			vertex 6.0750226974487305 10.816117286682129 3.076958179473877
		endloop
	endfacet
	facet normal -0.48154697958038084 0.2801115873680672 -0.8304516873841331
		outer loop
			vertex 5.928275108337402 11.685107231140137 3.3230643272399902
			vertex 5.80067253112793 12.585932731628418 3.7009048461914062
			vertex 6.636068820953369 12.551711082458496 3.2049477100372314
		endloop
	endfacet
	facet normal -0.45390161177139954 0.2543246905685388 -0.8539861114787188
		outer loop
			vertex 5.928275108337402 11.685107231140137 3.3230643272399902
			vertex 6.636068820953369 12.551711082458496 3.2049477100372314
			vertex 6.728739261627197 11.66767406463623 2.892418384552002
		endloop
	endfacet
	facet normal -0.36208605244063835 0.16367909299467975 -0.9176616179967398
		outer loop
			vertex 6.83193826675415 10.811439514160156 2.6989760398864746
			vertex 6.728739261627197 11.66767406463623 2.892418384552002
			vertex 7.552255153656006 11.645045280456543 2.563443660736084
		endloop
	endfacet
	facet normal -0.34524938472446404 0.14764068631609242 -0.9268252748449906
		outer loop
			vertex 6.83193826675415 10.811439514160156 2.6989760398864746
			vertex 7.552255153656006 11.645045280456543 2.563443660736084
			vertex 7.614159107208252 10.8056001663208 2.406662702560425
		endloop
	endfacet
	facet normal -0.37470143630431757 0.2738650206217535 -0.885774680215758
		outer loop
			vertex 6.728739261627197 11.66767406463623 2.892418384552002
			vertex 6.636068820953369 12.551711082458496 3.2049477100372314
			vertex 7.4956374168396 12.504362106323242 2.826692581176758
		endloop
	endfacet
	facet normal -0.35293186198751786 0.2527253859894508 -0.9008712339011092
		outer loop
			vertex 6.728739261627197 11.66767406463623 2.892418384552002
			vertex 7.4956374168396 12.504362106323242 2.826692581176758
			vertex 7.552255153656006 11.645045280456543 2.563443660736084
		endloop
	endfacet
	facet normal -0.4958709316269607 0.3941230364045003 -0.773808148924982
		outer loop
			vertex 5.80067253112793 12.585932731628418 3.7009048461914062
			vertex 5.705460548400879 13.486339569091797 4.220521926879883
			vertex 6.561870098114014 13.438130378723145 3.6471641063690186
		endloop
	endfacet
	facet normal -0.4644224266988017 0.36391501151202926 -0.8073894190385431
		outer loop
			vertex 5.80067253112793 12.585932731628418 3.7009048461914062
			vertex 6.561870098114014 13.438130378723145 3.6471641063690186
			vertex 6.636068820953369 12.551711082458496 3.2049477100372314
		endloop
	endfacet
	facet normal -0.3592418590871946 0.3592418590871946 -0.8613306991853666
		outer loop
			vertex 6.636068820953369 12.551711082458496 3.2049477100372314
			vertex 7.448288440704346 13.363930702209473 3.2049477100372314
			vertex 7.4956374168396 12.504362106323242 2.826692581176758
		endloop
	endfacet
	facet normal -0.38579275841955274 0.38579275841955274 -0.8380500552485306
		outer loop
			vertex 6.636068820953369 12.551711082458496 3.2049477100372314
			vertex 6.561870098114014 13.438130378723145 3.6471641063690186
			vertex 7.448288440704346 13.363930702209473 3.2049477100372314
		endloop
	endfacet
	facet normal -0.394123199840458 0.49587092583376047 -0.7738080693946578
		outer loop
			vertex 6.561870098114014 13.438130378723145 3.6471641063690186
			vertex 6.513660430908203 14.294539451599121 4.220521926879883
			vertex 7.414066791534424 14.19932746887207 3.7009048461914062
		endloop
	endfacet
	facet normal -0.3639149808994033 0.4644222361330015 -0.807389542452842
		outer loop
			vertex 6.561870098114014 13.438130378723145 3.6471641063690186
			vertex 7.414066791534424 14.19932746887207 3.7009048461914062
			vertex 7.448288440704346 13.363930702209473 3.2049477100372314
		endloop
	endfacet
	facet normal -0.1542424050203072 0.1542424050203072 -0.9759193414350918
		outer loop
			vertex 8.40990924835205 10.7988920211792 2.2004241943359375
			vertex 8.381321907043457 11.618678092956543 2.334508180618286
			vertex 9.2011079788208 11.59009075164795 2.2004241943359375
		endloop
	endfacet
	facet normal -0.1477147165849346 0.1477147165849346 -0.9779369739448779
		outer loop
			vertex 8.40990924835205 10.7988920211792 2.2004241943359375
			vertex 9.2011079788208 11.59009075164795 2.2004241943359375
			vertex 9.208368301391602 10.791631698608398 2.0787224769592285
		endloop
	endfacet
	facet normal -0.25809062308313946 0.15894842980672844 -0.9529557318881777
		outer loop
			vertex 7.614159107208252 10.8056001663208 2.406662702560425
			vertex 7.552255153656006 11.645045280456543 2.563443660736084
			vertex 8.381321907043457 11.618678092956543 2.334508180618286
		endloop
	endfacet
	facet normal -0.246952479494208 0.1480222039820758 -0.9576554181958936
		outer loop
			vertex 7.614159107208252 10.8056001663208 2.406662702560425
			vertex 8.381321907043457 11.618678092956543 2.334508180618286
			vertex 8.40990924835205 10.7988920211792 2.2004241943359375
		endloop
	endfacet
	facet normal -0.2662566233529294 0.26625646518543855 -0.9263988910116698
		outer loop
			vertex 7.552255153656006 11.645045280456543 2.563443660736084
			vertex 7.4956374168396 12.504362106323242 2.826692581176758
			vertex 8.354954719543457 12.447745323181152 2.563443660736084
		endloop
	endfacet
	facet normal -0.25029764172189856 0.25029749303470555 -0.9352551820380348
		outer loop
			vertex 7.552255153656006 11.645045280456543 2.563443660736084
			vertex 8.354954719543457 12.447745323181152 2.563443660736084
			vertex 8.381321907043457 11.618678092956543 2.334508180618286
		endloop
	endfacet
	facet normal -0.2527255606457149 0.35293219431860834 -0.9008710547074765
		outer loop
			vertex 7.4956374168396 12.504362106323242 2.826692581176758
			vertex 8.33232593536377 13.271260261535645 2.892418384552002
			vertex 8.354954719543457 12.447745323181152 2.563443660736084
		endloop
	endfacet
	facet normal -0.14802219352232604 0.24695261868039078 -0.9576553839204041
		outer loop
			vertex 8.381321907043457 11.618678092956543 2.334508180618286
			vertex 9.1943998336792 12.38584041595459 2.406662702560425
			vertex 9.2011079788208 11.59009075164795 2.2004241943359375
		endloop
	endfacet
	facet normal -0.15894815974747717 0.25809050453557464 -0.9529558090391511
		outer loop
			vertex 8.381321907043457 11.618678092956543 2.334508180618286
			vertex 8.354954719543457 12.447745323181152 2.563443660736084
			vertex 9.1943998336792 12.38584041595459 2.406662702560425
		endloop
	endfacet
	facet normal -0.1476403022752304 0.3452494073089685 -0.9268253276086518
		outer loop
			vertex 8.354954719543457 12.447745323181152 2.563443660736084
			vertex 9.188560485839844 13.168061256408691 2.6989760398864746
			vertex 9.1943998336792 12.38584041595459 2.406662702560425
		endloop
	endfacet
	facet normal -0.2738648823486597 0.37470145858611814 -0.8857747135415363
		outer loop
			vertex 7.4956374168396 12.504362106323242 2.826692581176758
			vertex 7.448288440704346 13.363930702209473 3.2049477100372314
			vertex 8.33232593536377 13.271260261535645 2.892418384552002
		endloop
	endfacet
	facet normal -0.2543246194790742 0.45390141156814534 -0.8539862390596639
		outer loop
			vertex 7.448288440704346 13.363930702209473 3.2049477100372314
			vertex 8.314892768859863 14.071724891662598 3.3230643272399902
			vertex 8.33232593536377 13.271260261535645 2.892418384552002
		endloop
	endfacet
	facet normal -0.2801115224887071 0.4815467867495466 -0.8304518210831049
		outer loop
			vertex 7.448288440704346 13.363930702209473 3.2049477100372314
			vertex 7.414066791534424 14.19932746887207 3.7009048461914062
			vertex 8.314892768859863 14.071724891662598 3.3230643272399902
		endloop
	endfacet
	facet normal -0.25524862604733284 0.5508837136367954 -0.7945912615619947
		outer loop
			vertex 7.414066791534424 14.19932746887207 3.7009048461914062
			vertex 8.303881645202637 14.8301362991333 3.8524019718170166
			vertex 8.314892768859863 14.071724891662598 3.3230643272399902
		endloop
	endfacet
	facet normal -0.16367901871295526 0.36208642099654015 -0.9176614858231115
		outer loop
			vertex 8.354954719543457 12.447745323181152 2.563443660736084
			vertex 8.33232593536377 13.271260261535645 2.892418384552002
			vertex 9.188560485839844 13.168061256408691 2.6989760398864746
		endloop
	endfacet
	facet normal -0.14683707872223242 0.44119446527981043 -0.8853170709518614
		outer loop
			vertex 8.33232593536377 13.271260261535645 2.892418384552002
			vertex 9.183882713317871 13.92497730255127 3.076958179473877
			vertex 9.188560485839844 13.168061256408691 2.6989760398864746
		endloop
	endfacet
	facet normal -0.16790339004912358 0.4642168017583302 -0.8696615505903887
		outer loop
			vertex 8.33232593536377 13.271260261535645 2.892418384552002
			vertex 8.314892768859863 14.071724891662598 3.3230643272399902
			vertex 9.183882713317871 13.92497730255127 3.076958179473877
		endloop
	endfacet
	facet normal -0.14593485382926213 0.5332666374717764 -0.8332644909015248
		outer loop
			vertex 9.183882713317871 13.92497730255127 3.076958179473877
			vertex 8.314892768859863 14.071724891662598 3.3230643272399902
			vertex 9.180612564086914 14.644362449645996 3.5379178524017334
		endloop
	endfacet
	facet normal -0.052207198243264696 0.15001103500620727 -0.9873049669823175
		outer loop
			vertex 9.208368301391602 10.791631698608398 2.0787224769592285
			vertex 9.2011079788208 11.59009075164795 2.2004241943359375
			vertex 10 11.560722351074219 2.1537177562713623
		endloop
	endfacet
	facet normal -0.04878449920447326 0.14655567192005303 -0.9879987386962752
		outer loop
			vertex 9.208368301391602 10.791631698608398 2.0787224769592285
			vertex 10 11.560722351074219 2.1537177562713623
			vertex 10 10.784136772155762 2.038522243499756
		endloop
	endfacet
	facet normal -0.04772517743749678 0.2427034636807063 -0.9689258672137655
		outer loop
			vertex 9.2011079788208 11.59009075164795 2.2004241943359375
			vertex 10 12.322277069091797 2.344477415084839
			vertex 10 11.560722351074219 2.1537177562713623
		endloop
	endfacet
	facet normal 0.04878449920447326 0.14655567192005303 -0.9879987386962752
		outer loop
			vertex 10 10.784136772155762 2.038522243499756
			vertex 10 11.560722351074219 2.1537177562713623
			vertex 10.791631698608398 10.791631698608398 2.0787224769592285
		endloop
	endfacet
	facet normal 0.052207198243264696 0.15001103500620727 -0.9873049669823175
		outer loop
			vertex 10.791631698608398 10.791631698608398 2.0787224769592285
			vertex 10 11.560722351074219 2.1537177562713623
			vertex 10.7988920211792 11.59009075164795 2.2004241943359375
		endloop
	endfacet
	facet normal 0.04772517743749678 0.2427034636807063 -0.9689258672137655
		outer loop
			vertex 10 11.560722351074219 2.1537177562713623
			vertex 10 12.322277069091797 2.344477415084839
			vertex 10.7988920211792 11.59009075164795 2.2004241943359375
		endloop
	endfacet
	facet normal -0.05488714411194802 0.2500740396625091 -0.9666697347585204
		outer loop
			vertex 9.2011079788208 11.59009075164795 2.2004241943359375
			vertex 9.1943998336792 12.38584041595459 2.406662702560425
			vertex 10 12.322277069091797 2.344477415084839
		endloop
	endfacet
	facet normal -0.04604884867926124 0.3365323251008588 -0.9405453193214692
		outer loop
			vertex 9.1943998336792 12.38584041595459 2.406662702560425
			vertex 10 13.061467170715332 2.60896372795105
			vertex 10 12.322277069091797 2.344477415084839
		endloop
	endfacet
	facet normal 0.05488714411194802 0.2500740396625091 -0.9666697347585204
		outer loop
			vertex 10.7988920211792 11.59009075164795 2.2004241943359375
			vertex 10 12.322277069091797 2.344477415084839
			vertex 10.8056001663208 12.38584041595459 2.406662702560425
		endloop
	endfacet
	facet normal 0.04604884867926124 0.3365323251008588 -0.9405453193214692
		outer loop
			vertex 10 12.322277069091797 2.344477415084839
			vertex 10 13.061467170715332 2.60896372795105
			vertex 10.8056001663208 12.38584041595459 2.406662702560425
		endloop
	endfacet
	facet normal -0.0578946394260583 0.34908647429984524 -0.9353004031789093
		outer loop
			vertex 9.1943998336792 12.38584041595459 2.406662702560425
			vertex 9.188560485839844 13.168061256408691 2.6989760398864746
			vertex 10 13.061467170715332 2.60896372795105
		endloop
	endfacet
	facet normal -0.060834369959415116 0.44563514902046936 -0.8931452812332074
		outer loop
			vertex 9.188560485839844 13.168061256408691 2.6989760398864746
			vertex 9.183882713317871 13.92497730255127 3.076958179473877
			vertex 10 13.771173477172852 2.9446299076080322
		endloop
	endfacet
	facet normal -0.044070480517267994 0.42713979061474133 -0.9031109522204747
		outer loop
			vertex 9.188560485839844 13.168061256408691 2.6989760398864746
			vertex 10 13.771173477172852 2.9446299076080322
			vertex 10 13.061467170715332 2.60896372795105
		endloop
	endfacet
	facet normal -0.04215113496786288 0.5136454283846801 -0.8569665429411114
		outer loop
			vertex 9.183882713317871 13.92497730255127 3.076958179473877
			vertex 10 14.444561958312988 3.348242998123169
			vertex 10 13.771173477172852 2.9446299076080322
		endloop
	endfacet
	facet normal -0.06330146406285668 0.5382268981800874 -0.8404193778840066
		outer loop
			vertex 9.183882713317871 13.92497730255127 3.076958179473877
			vertex 9.180612564086914 14.644362449645996 3.5379178524017334
			vertex 10 14.444561958312988 3.348242998123169
		endloop
	endfacet
	facet normal 0.0578946394260583 0.34908647429984524 -0.9353004031789093
		outer loop
			vertex 10.8056001663208 12.38584041595459 2.406662702560425
			vertex 10 13.061467170715332 2.60896372795105
			vertex 10.811439514160156 13.168061256408691 2.6989760398864746
		endloop
	endfacet
	facet normal 0.044070480517267994 0.42713979061474133 -0.9031109522204747
		outer loop
			vertex 10 13.061467170715332 2.60896372795105
			vertex 10 13.771173477172852 2.9446299076080322
			vertex 10.811439514160156 13.168061256408691 2.6989760398864746
		endloop
	endfacet
	facet normal 0.060834369959415116 0.44563514902046936 -0.8931452812332074
		outer loop
			vertex 10 13.771173477172852 2.9446299076080322
			vertex 10.816117286682129 13.92497730255127 3.076958179473877
			vertex 10.811439514160156 13.168061256408691 2.6989760398864746
		endloop
	endfacet
	facet normal 0.04215113496786288 0.5136454283846801 -0.8569665429411114
		outer loop
			vertex 10 13.771173477172852 2.9446299076080322
			vertex 10 14.444561958312988 3.348242998123169
			vertex 10.816117286682129 13.92497730255127 3.076958179473877
		endloop
	endfacet
	facet normal 0.06330146406285668 0.5382268981800874 -0.8404193778840066
		outer loop
			vertex 10.816117286682129 13.92497730255127 3.076958179473877
			vertex 10 14.444561958312988 3.348242998123169
			vertex 10.819387435913086 14.644362449645996 3.5379178524017334
		endloop
	endfacet
	facet normal -0.2842326417668501 0.5836188874352075 -0.7606581358160368
		outer loop
			vertex 7.414066791534424 14.19932746887207 3.7009048461914062
			vertex 7.396082401275635 14.983587265014648 4.309352397918701
			vertex 8.303881645202637 14.8301362991333 3.8524019718170166
		endloop
	endfacet
	facet normal -0.17108966611859952 0.562226424905516 -0.809091943653741
		outer loop
			vertex 8.314892768859863 14.071724891662598 3.3230643272399902
			vertex 8.303881645202637 14.8301362991333 3.8524019718170166
			vertex 9.180612564086914 14.644362449645996 3.5379178524017334
		endloop
	endfacet
	facet normal -0.1452437269190052 0.6199104115006175 -0.7711130536463592
		outer loop
			vertex 8.303881645202637 14.8301362991333 3.8524019718170166
			vertex 9.178930282592773 15.314181327819824 4.0767130851745605
			vertex 9.180612564086914 14.644362449645996 3.5379178524017334
		endloop
	endfacet
	facet normal -0.06494239133786432 0.6253561784046545 -0.7776323912610932
		outer loop
			vertex 9.180612564086914 14.644362449645996 3.5379178524017334
			vertex 9.178930282592773 15.314181327819824 4.0767130851745605
			vertex 10 15.075146675109863 3.8159162998199463
		endloop
	endfacet
	facet normal -0.04063984713142411 0.5952070110027349 -0.8025440903017884
		outer loop
			vertex 9.180612564086914 14.644362449645996 3.5379178524017334
			vertex 10 15.075146675109863 3.8159162998199463
			vertex 10 14.444561958312988 3.348242998123169
		endloop
	endfacet
	facet normal 0.04063984713142411 0.5952070110027349 -0.8025440903017884
		outer loop
			vertex 10 14.444561958312988 3.348242998123169
			vertex 10 15.075146675109863 3.8159162998199463
			vertex 10.819387435913086 14.644362449645996 3.5379178524017334
		endloop
	endfacet
	facet normal 0.06494239133786432 0.6253561784046545 -0.7776323912610932
		outer loop
			vertex 10.819387435913086 14.644362449645996 3.5379178524017334
			vertex 10 15.075146675109863 3.8159162998199463
			vertex 10.821069717407227 15.314181327819824 4.0767130851745605
		endloop
	endfacet
	facet normal 0.145243066325231 -0.6199104732901433 -0.7711131283992221
		outer loop
			vertex 10.819387435913086 5.355638027191162 3.5379178524017334
			vertex 11.696118354797363 5.169863224029541 3.8524019718170166
			vertex 10.821069717407227 4.685819149017334 4.0767130851745605
		endloop
	endfacet
	facet normal 0.1710891768048286 -0.5622262402805301 -0.8090921754165379
		outer loop
			vertex 10.819387435913086 5.355638027191162 3.5379178524017334
			vertex 11.685107231140137 5.928275108337402 3.3230643272399902
			vertex 11.696118354797363 5.169863224029541 3.8524019718170166
		endloop
	endfacet
	facet normal 0.2552488476553319 -0.5508834445724103 -0.7945913769143618
		outer loop
			vertex 11.696118354797363 5.169863224029541 3.8524019718170166
			vertex 11.685107231140137 5.928275108337402 3.3230643272399902
			vertex 12.585932731628418 5.80067253112793 3.7009048461914062
		endloop
	endfacet
	facet normal 0.2842330641647018 -0.5836188046024532 -0.7606580415337423
		outer loop
			vertex 11.696118354797363 5.169863224029541 3.8524019718170166
			vertex 12.585932731628418 5.80067253112793 3.7009048461914062
			vertex 12.603917121887207 5.016412734985352 4.309352397918701
		endloop
	endfacet
	facet normal 0.1468370279013297 -0.44119469145756923 -0.8853169666660435
		outer loop
			vertex 10.811439514160156 6.83193826675415 2.6989760398864746
			vertex 11.66767406463623 6.728739261627197 2.892418384552002
			vertex 10.816117286682129 6.0750226974487305 3.076958179473877
		endloop
	endfacet
	facet normal 0.16790332286572057 -0.4642170231543588 -0.8696614453822562
		outer loop
			vertex 11.685107231140137 5.928275108337402 3.3230643272399902
			vertex 10.816117286682129 6.0750226974487305 3.076958179473877
			vertex 11.66767406463623 6.728739261627197 2.892418384552002
		endloop
	endfacet
	facet normal 0.14593476783554457 -0.5332668952679065 -0.8332643409795678
		outer loop
			vertex 10.819387435913086 5.355638027191162 3.5379178524017334
			vertex 10.816117286682129 6.0750226974487305 3.076958179473877
			vertex 11.685107231140137 5.928275108337402 3.3230643272399902
		endloop
	endfacet
	facet normal 0.16367909299467975 -0.36208605244063835 -0.9176616179967398
		outer loop
			vertex 10.811439514160156 6.83193826675415 2.6989760398864746
			vertex 11.645045280456543 7.552255153656006 2.563443660736084
			vertex 11.66767406463623 6.728739261627197 2.892418384552002
		endloop
	endfacet
	facet normal 0.14764068631609242 -0.34524938472446404 -0.9268252748449906
		outer loop
			vertex 10.811439514160156 6.83193826675415 2.6989760398864746
			vertex 10.8056001663208 7.614159107208252 2.406662702560425
			vertex 11.645045280456543 7.552255153656006 2.563443660736084
		endloop
	endfacet
	facet normal 0.2801115873680672 -0.48154697958038084 -0.8304516873841331
		outer loop
			vertex 11.685107231140137 5.928275108337402 3.3230643272399902
			vertex 12.551711082458496 6.636068820953369 3.2049477100372314
			vertex 12.585932731628418 5.80067253112793 3.7009048461914062
		endloop
	endfacet
	facet normal 0.2543246905685388 -0.45390161177139954 -0.8539861114787188
		outer loop
			vertex 11.685107231140137 5.928275108337402 3.3230643272399902
			vertex 11.66767406463623 6.728739261627197 2.892418384552002
			vertex 12.551711082458496 6.636068820953369 3.2049477100372314
		endloop
	endfacet
	facet normal 0.2738650206217535 -0.37470143630431757 -0.885774680215758
		outer loop
			vertex 11.66767406463623 6.728739261627197 2.892418384552002
			vertex 12.504362106323242 7.4956374168396 2.826692581176758
			vertex 12.551711082458496 6.636068820953369 3.2049477100372314
		endloop
	endfacet
	facet normal 0.2527253859894508 -0.35293186198751786 -0.9008712339011092
		outer loop
			vertex 11.66767406463623 6.728739261627197 2.892418384552002
			vertex 11.645045280456543 7.552255153656006 2.563443660736084
			vertex 12.504362106323242 7.4956374168396 2.826692581176758
		endloop
	endfacet
	facet normal 0.3941230364045003 -0.4958709316269607 -0.773808148924982
		outer loop
			vertex 12.585932731628418 5.80067253112793 3.7009048461914062
			vertex 13.438130378723145 6.561870098114014 3.6471641063690186
			vertex 13.486339569091797 5.705460548400879 4.220521926879883
		endloop
	endfacet
	facet normal 0.36391501151202926 -0.4644224266988017 -0.8073894190385431
		outer loop
			vertex 12.585932731628418 5.80067253112793 3.7009048461914062
			vertex 12.551711082458496 6.636068820953369 3.2049477100372314
			vertex 13.438130378723145 6.561870098114014 3.6471641063690186
		endloop
	endfacet
	facet normal 0.3592418590871946 -0.3592418590871946 -0.8613306991853666
		outer loop
			vertex 12.551711082458496 6.636068820953369 3.2049477100372314
			vertex 12.504362106323242 7.4956374168396 2.826692581176758
			vertex 13.363930702209473 7.448288440704346 3.2049477100372314
		endloop
	endfacet
	facet normal 0.38579275841955274 -0.38579275841955274 -0.8380500552485306
		outer loop
			vertex 12.551711082458496 6.636068820953369 3.2049477100372314
			vertex 13.363930702209473 7.448288440704346 3.2049477100372314
			vertex 13.438130378723145 6.561870098114014 3.6471641063690186
		endloop
	endfacet
	facet normal 0.49587092583376047 -0.394123199840458 -0.7738080693946578
		outer loop
			vertex 13.438130378723145 6.561870098114014 3.6471641063690186
			vertex 14.19932746887207 7.414066791534424 3.7009048461914062
			vertex 14.294539451599121 6.513660430908203 4.220521926879883
		endloop
	endfacet
	facet normal 0.4644222361330015 -0.3639149808994033 -0.807389542452842
		outer loop
			vertex 13.438130378723145 6.561870098114014 3.6471641063690186
			vertex 13.363930702209473 7.448288440704346 3.2049477100372314
			vertex 14.19932746887207 7.414066791534424 3.7009048461914062
		endloop
	endfacet
	facet normal 0.1542424050203072 -0.1542424050203072 -0.9759193414350918
		outer loop
			vertex 10.7988920211792 8.40990924835205 2.2004241943359375
			vertex 11.59009075164795 9.2011079788208 2.2004241943359375
			vertex 11.618678092956543 8.381321907043457 2.334508180618286
		endloop
	endfacet
	facet normal 0.1477147165849346 -0.1477147165849346 -0.9779369739448779
		outer loop
			vertex 10.7988920211792 8.40990924835205 2.2004241943359375
			vertex 10.791631698608398 9.208368301391602 2.0787224769592285
			vertex 11.59009075164795 9.2011079788208 2.2004241943359375
		endloop
	endfacet
	facet normal 0.15894842980672844 -0.25809062308313946 -0.9529557318881777
		outer loop
			vertex 10.8056001663208 7.614159107208252 2.406662702560425
			vertex 11.618678092956543 8.381321907043457 2.334508180618286
			vertex 11.645045280456543 7.552255153656006 2.563443660736084
		endloop
	endfacet
	facet normal 0.1480222039820758 -0.246952479494208 -0.9576554181958936
		outer loop
			vertex 10.8056001663208 7.614159107208252 2.406662702560425
			vertex 10.7988920211792 8.40990924835205 2.2004241943359375
			vertex 11.618678092956543 8.381321907043457 2.334508180618286
		endloop
	endfacet
	facet normal 0.24695261868039078 -0.14802219352232604 -0.9576553839204041
		outer loop
			vertex 11.618678092956543 8.381321907043457 2.334508180618286
			vertex 11.59009075164795 9.2011079788208 2.2004241943359375
			vertex 12.38584041595459 9.1943998336792 2.406662702560425
		endloop
	endfacet
	facet normal 0.26625646518543855 -0.2662566233529294 -0.9263988910116698
		outer loop
			vertex 11.645045280456543 7.552255153656006 2.563443660736084
			vertex 12.447745323181152 8.354954719543457 2.563443660736084
			vertex 12.504362106323242 7.4956374168396 2.826692581176758
		endloop
	endfacet
	facet normal 0.25029749303470555 -0.25029764172189856 -0.9352551820380348
		outer loop
			vertex 11.645045280456543 7.552255153656006 2.563443660736084
			vertex 11.618678092956543 8.381321907043457 2.334508180618286
			vertex 12.447745323181152 8.354954719543457 2.563443660736084
		endloop
	endfacet
	facet normal 0.35293219431860834 -0.2527255606457149 -0.9008710547074765
		outer loop
			vertex 12.504362106323242 7.4956374168396 2.826692581176758
			vertex 12.447745323181152 8.354954719543457 2.563443660736084
			vertex 13.271260261535645 8.33232593536377 2.892418384552002
		endloop
	endfacet
	facet normal 0.25809050453557464 -0.15894815974747717 -0.9529558090391511
		outer loop
			vertex 11.618678092956543 8.381321907043457 2.334508180618286
			vertex 12.38584041595459 9.1943998336792 2.406662702560425
			vertex 12.447745323181152 8.354954719543457 2.563443660736084
		endloop
	endfacet
	facet normal 0.3452494073089685 -0.1476403022752304 -0.9268253276086518
		outer loop
			vertex 12.447745323181152 8.354954719543457 2.563443660736084
			vertex 12.38584041595459 9.1943998336792 2.406662702560425
			vertex 13.168061256408691 9.188560485839844 2.6989760398864746
		endloop
	endfacet
	facet normal 0.15001103500620727 -0.052207198243264696 -0.9873049669823175
		outer loop
			vertex 10.791631698608398 9.208368301391602 2.0787224769592285
			vertex 11.560722351074219 10 2.1537177562713623
			vertex 11.59009075164795 9.2011079788208 2.2004241943359375
		endloop
	endfacet
	facet normal 0.14655567192005303 -0.04878449920447326 -0.9879987386962752
		outer loop
			vertex 10.791631698608398 9.208368301391602 2.0787224769592285
			vertex 10.784136772155762 10 2.038522243499756
			vertex 11.560722351074219 10 2.1537177562713623
		endloop
	endfacet
	facet normal 0.2427034636807063 -0.04772517743749678 -0.9689258672137655
		outer loop
			vertex 11.59009075164795 9.2011079788208 2.2004241943359375
			vertex 11.560722351074219 10 2.1537177562713623
			vertex 12.322277069091797 10 2.344477415084839
		endloop
	endfacet
	facet normal 0.14655567192005303 0.04878449920447326 -0.9879987386962752
		outer loop
			vertex 10.784136772155762 10 2.038522243499756
			vertex 10.791631698608398 10.791631698608398 2.0787224769592285
			vertex 11.560722351074219 10 2.1537177562713623
		endloop
	endfacet
	facet normal 0.15001103500620727 0.052207198243264696 -0.9873049669823175
		outer loop
			vertex 10.791631698608398 10.791631698608398 2.0787224769592285
			vertex 11.59009075164795 10.7988920211792 2.2004241943359375
			vertex 11.560722351074219 10 2.1537177562713623
		endloop
	endfacet
	facet normal 0.2427034636807063 0.04772517743749678 -0.9689258672137655
		outer loop
			vertex 11.560722351074219 10 2.1537177562713623
			vertex 11.59009075164795 10.7988920211792 2.2004241943359375
			vertex 12.322277069091797 10 2.344477415084839
		endloop
	endfacet
	facet normal 0.2500740396625091 -0.05488714411194802 -0.9666697347585204
		outer loop
			vertex 11.59009075164795 9.2011079788208 2.2004241943359375
			vertex 12.322277069091797 10 2.344477415084839
			vertex 12.38584041595459 9.1943998336792 2.406662702560425
		endloop
	endfacet
	facet normal 0.3365323251008588 -0.04604884867926124 -0.9405453193214692
		outer loop
			vertex 12.38584041595459 9.1943998336792 2.406662702560425
			vertex 12.322277069091797 10 2.344477415084839
			vertex 13.061467170715332 10 2.60896372795105
		endloop
	endfacet
	facet normal 0.2500740396625091 0.05488714411194802 -0.9666697347585204
		outer loop
			vertex 11.59009075164795 10.7988920211792 2.2004241943359375
			vertex 12.38584041595459 10.8056001663208 2.406662702560425
			vertex 12.322277069091797 10 2.344477415084839
		endloop
	endfacet
	facet normal 0.3365323251008588 0.04604884867926124 -0.9405453193214692
		outer loop
			vertex 12.322277069091797 10 2.344477415084839
			vertex 12.38584041595459 10.8056001663208 2.406662702560425
			vertex 13.061467170715332 10 2.60896372795105
		endloop
	endfacet
	facet normal 0.37470145858611814 -0.2738648823486597 -0.8857747135415363
		outer loop
			vertex 12.504362106323242 7.4956374168396 2.826692581176758
			vertex 13.271260261535645 8.33232593536377 2.892418384552002
			vertex 13.363930702209473 7.448288440704346 3.2049477100372314
		endloop
	endfacet
	facet normal 0.45390141156814534 -0.2543246194790742 -0.8539862390596639
		outer loop
			vertex 13.363930702209473 7.448288440704346 3.2049477100372314
			vertex 13.271260261535645 8.33232593536377 2.892418384552002
			vertex 14.071724891662598 8.314892768859863 3.3230643272399902
		endloop
	endfacet
	facet normal 0.36208642099654015 -0.16367901871295526 -0.9176614858231115
		outer loop
			vertex 12.447745323181152 8.354954719543457 2.563443660736084
			vertex 13.168061256408691 9.188560485839844 2.6989760398864746
			vertex 13.271260261535645 8.33232593536377 2.892418384552002
		endloop
	endfacet
	facet normal 0.44119446527981043 -0.14683707872223242 -0.8853170709518614
		outer loop
			vertex 13.271260261535645 8.33232593536377 2.892418384552002
			vertex 13.168061256408691 9.188560485839844 2.6989760398864746
			vertex 13.92497730255127 9.183882713317871 3.076958179473877
		endloop
	endfacet
	facet normal 0.4815467867495466 -0.2801115224887071 -0.8304518210831049
		outer loop
			vertex 13.363930702209473 7.448288440704346 3.2049477100372314
			vertex 14.071724891662598 8.314892768859863 3.3230643272399902
			vertex 14.19932746887207 7.414066791534424 3.7009048461914062
		endloop
	endfacet
	facet normal 0.5508837136367954 -0.25524862604733284 -0.7945912615619947
		outer loop
			vertex 14.19932746887207 7.414066791534424 3.7009048461914062
			vertex 14.071724891662598 8.314892768859863 3.3230643272399902
			vertex 14.8301362991333 8.303881645202637 3.8524019718170166
		endloop
	endfacet
	facet normal 0.4642168017583302 -0.16790339004912358 -0.8696615505903887
		outer loop
			vertex 13.271260261535645 8.33232593536377 2.892418384552002
			vertex 13.92497730255127 9.183882713317871 3.076958179473877
			vertex 14.071724891662598 8.314892768859863 3.3230643272399902
		endloop
	endfacet
	facet normal 0.5332666374717764 -0.14593485382926213 -0.8332644909015248
		outer loop
			vertex 13.92497730255127 9.183882713317871 3.076958179473877
			vertex 14.644362449645996 9.180612564086914 3.5379178524017334
			vertex 14.071724891662598 8.314892768859863 3.3230643272399902
		endloop
	endfacet
	facet normal 0.34908647429984524 -0.0578946394260583 -0.9353004031789093
		outer loop
			vertex 12.38584041595459 9.1943998336792 2.406662702560425
			vertex 13.061467170715332 10 2.60896372795105
			vertex 13.168061256408691 9.188560485839844 2.6989760398864746
		endloop
	endfacet
	facet normal 0.44563514902046936 -0.060834369959415116 -0.8931452812332074
		outer loop
			vertex 13.168061256408691 9.188560485839844 2.6989760398864746
			vertex 13.771173477172852 10 2.9446299076080322
			vertex 13.92497730255127 9.183882713317871 3.076958179473877
		endloop
	endfacet
	facet normal 0.42713979061474133 -0.044070480517267994 -0.9031109522204747
		outer loop
			vertex 13.168061256408691 9.188560485839844 2.6989760398864746
			vertex 13.061467170715332 10 2.60896372795105
			vertex 13.771173477172852 10 2.9446299076080322
		endloop
	endfacet
	facet normal 0.34908647429984524 0.0578946394260583 -0.9353004031789093
		outer loop
			vertex 12.38584041595459 10.8056001663208 2.406662702560425
			vertex 13.168061256408691 10.811439514160156 2.6989760398864746
			vertex 13.061467170715332 10 2.60896372795105
		endloop
	endfacet
	facet normal 0.42713979061474133 0.044070480517267994 -0.9031109522204747
		outer loop
			vertex 13.061467170715332 10 2.60896372795105
			vertex 13.168061256408691 10.811439514160156 2.6989760398864746
			vertex 13.771173477172852 10 2.9446299076080322
		endloop
	endfacet
	facet normal 0.44563514902046936 0.060834369959415116 -0.8931452812332074
		outer loop
			vertex 13.168061256408691 10.811439514160156 2.6989760398864746
			vertex 13.92497730255127 10.816117286682129 3.076958179473877
			vertex 13.771173477172852 10 2.9446299076080322
		endloop
	endfacet
	facet normal 0.5136454283846801 -0.04215113496786288 -0.8569665429411114
		outer loop
			vertex 13.92497730255127 9.183882713317871 3.076958179473877
			vertex 13.771173477172852 10 2.9446299076080322
			vertex 14.444561958312988 10 3.348242998123169
		endloop
	endfacet
	facet normal 0.5382268981800874 -0.06330146406285668 -0.8404193778840066
		outer loop
			vertex 13.92497730255127 9.183882713317871 3.076958179473877
			vertex 14.444561958312988 10 3.348242998123169
			vertex 14.644362449645996 9.180612564086914 3.5379178524017334
		endloop
	endfacet
	facet normal 0.5136454283846801 0.04215113496786288 -0.8569665429411114
		outer loop
			vertex 13.771173477172852 10 2.9446299076080322
			vertex 13.92497730255127 10.816117286682129 3.076958179473877
			vertex 14.444561958312988 10 3.348242998123169
		endloop
	endfacet
	facet normal 0.5382268981800874 0.06330146406285668 -0.8404193778840066
		outer loop
			vertex 13.92497730255127 10.816117286682129 3.076958179473877
			vertex 14.644362449645996 10.819387435913086 3.5379178524017334
			vertex 14.444561958312988 10 3.348242998123169
		endloop
	endfacet
	facet normal 0.5836188874352075 -0.2842326417668501 -0.7606581358160368
		outer loop
			vertex 14.19932746887207 7.414066791534424 3.7009048461914062
			vertex 14.8301362991333 8.303881645202637 3.8524019718170166
			vertex 14.983587265014648 7.396082401275635 4.309352397918701
		endloop
	endfacet
	facet normal 0.562226424905516 -0.17108966611859952 -0.809091943653741
		outer loop
			vertex 14.071724891662598 8.314892768859863 3.3230643272399902
			vertex 14.644362449645996 9.180612564086914 3.5379178524017334
			vertex 14.8301362991333 8.303881645202637 3.8524019718170166
		endloop
	endfacet
	facet normal 0.6199104115006175 -0.1452437269190052 -0.7711130536463592
		outer loop
			vertex 14.8301362991333 8.303881645202637 3.8524019718170166
			vertex 14.644362449645996 9.180612564086914 3.5379178524017334
			vertex 15.314181327819824 9.178930282592773 4.0767130851745605
		endloop
	endfacet
	facet normal 0.5952070110027349 -0.04063984713142411 -0.8025440903017884
		outer loop
			vertex 14.644362449645996 9.180612564086914 3.5379178524017334
			vertex 14.444561958312988 10 3.348242998123169
			vertex 15.075146675109863 10 3.8159162998199463
		endloop
	endfacet
	facet normal 0.6253561784046545 -0.06494239133786432 -0.7776323912610932
		outer loop
			vertex 14.644362449645996 9.180612564086914 3.5379178524017334
			vertex 15.075146675109863 10 3.8159162998199463
			vertex 15.314181327819824 9.178930282592773 4.0767130851745605
		endloop
	endfacet
	facet normal 0.5952070110027349 0.04063984713142411 -0.8025440903017884
		outer loop
			vertex 14.444561958312988 10 3.348242998123169
			vertex 14.644362449645996 10.819387435913086 3.5379178524017334
			vertex 15.075146675109863 10 3.8159162998199463
		endloop
	endfacet
	facet normal 0.6253561784046545 0.06494239133786432 -0.7776323912610932
		outer loop
			vertex 14.644362449645996 10.819387435913086 3.5379178524017334
			vertex 15.314181327819824 10.821069717407227 4.0767130851745605
			vertex 15.075146675109863 10 3.8159162998199463
		endloop
	endfacet
	facet normal 0.1477147165849346 0.1477147165849346 -0.9779369739448779
		outer loop
			vertex 10.791631698608398 10.791631698608398 2.0787224769592285
			vertex 10.7988920211792 11.59009075164795 2.2004241943359375
			vertex 11.59009075164795 10.7988920211792 2.2004241943359375
		endloop
	endfacet
	facet normal 0.1542424050203072 0.1542424050203072 -0.9759193414350918
		outer loop
			vertex 10.7988920211792 11.59009075164795 2.2004241943359375
			vertex 11.618678092956543 11.618678092956543 2.334508180618286
			vertex 11.59009075164795 10.7988920211792 2.2004241943359375
		endloop
	endfacet
	facet normal 0.14802219352232604 0.24695261868039078 -0.9576553839204041
		outer loop
			vertex 10.7988920211792 11.59009075164795 2.2004241943359375
			vertex 10.8056001663208 12.38584041595459 2.406662702560425
			vertex 11.618678092956543 11.618678092956543 2.334508180618286
		endloop
	endfacet
	facet normal 0.24695261868039078 0.14802219352232604 -0.9576553839204041
		outer loop
			vertex 11.59009075164795 10.7988920211792 2.2004241943359375
			vertex 11.618678092956543 11.618678092956543 2.334508180618286
			vertex 12.38584041595459 10.8056001663208 2.406662702560425
		endloop
	endfacet
	facet normal 0.15894815974747717 0.25809050453557464 -0.9529558090391511
		outer loop
			vertex 11.618678092956543 11.618678092956543 2.334508180618286
			vertex 10.8056001663208 12.38584041595459 2.406662702560425
			vertex 11.645045280456543 12.447745323181152 2.563443660736084
		endloop
	endfacet
	facet normal 0.1476403022752304 0.3452494073089685 -0.9268253276086518
		outer loop
			vertex 10.8056001663208 12.38584041595459 2.406662702560425
			vertex 10.811439514160156 13.168061256408691 2.6989760398864746
			vertex 11.645045280456543 12.447745323181152 2.563443660736084
		endloop
	endfacet
	facet normal 0.25809050453557464 0.15894815974747717 -0.9529558090391511
		outer loop
			vertex 11.618678092956543 11.618678092956543 2.334508180618286
			vertex 12.447745323181152 11.645045280456543 2.563443660736084
			vertex 12.38584041595459 10.8056001663208 2.406662702560425
		endloop
	endfacet
	facet normal 0.3452494073089685 0.1476403022752304 -0.9268253276086518
		outer loop
			vertex 12.38584041595459 10.8056001663208 2.406662702560425
			vertex 12.447745323181152 11.645045280456543 2.563443660736084
			vertex 13.168061256408691 10.811439514160156 2.6989760398864746
		endloop
	endfacet
	facet normal 0.25029750635855647 0.25029750635855647 -0.9352552146988419
		outer loop
			vertex 11.618678092956543 11.618678092956543 2.334508180618286
			vertex 11.645045280456543 12.447745323181152 2.563443660736084
			vertex 12.447745323181152 11.645045280456543 2.563443660736084
		endloop
	endfacet
	facet normal 0.26625672270981887 0.26625672270981887 -0.9263987884402987
		outer loop
			vertex 11.645045280456543 12.447745323181152 2.563443660736084
			vertex 12.504362106323242 12.504362106323242 2.826692581176758
			vertex 12.447745323181152 11.645045280456543 2.563443660736084
		endloop
	endfacet
	facet normal 0.25272569250919125 0.3529321784077607 -0.9008710239485463
		outer loop
			vertex 11.645045280456543 12.447745323181152 2.563443660736084
			vertex 11.66767406463623 13.271260261535645 2.892418384552002
			vertex 12.504362106323242 12.504362106323242 2.826692581176758
		endloop
	endfacet
	facet normal 0.3529321784077607 0.25272569250919125 -0.9008710239485463
		outer loop
			vertex 12.447745323181152 11.645045280456543 2.563443660736084
			vertex 12.504362106323242 12.504362106323242 2.826692581176758
			vertex 13.271260261535645 11.66767406463623 2.892418384552002
		endloop
	endfacet
	facet normal 0.16367901871295526 0.36208642099654015 -0.9176614858231115
		outer loop
			vertex 10.811439514160156 13.168061256408691 2.6989760398864746
			vertex 11.66767406463623 13.271260261535645 2.892418384552002
			vertex 11.645045280456543 12.447745323181152 2.563443660736084
		endloop
	endfacet
	facet normal 0.14683707872223242 0.44119446527981043 -0.8853170709518614
		outer loop
			vertex 10.811439514160156 13.168061256408691 2.6989760398864746
			vertex 10.816117286682129 13.92497730255127 3.076958179473877
			vertex 11.66767406463623 13.271260261535645 2.892418384552002
		endloop
	endfacet
	facet normal 0.16790339004912358 0.4642168017583302 -0.8696615505903887
		outer loop
			vertex 10.816117286682129 13.92497730255127 3.076958179473877
			vertex 11.685107231140137 14.071724891662598 3.3230643272399902
			vertex 11.66767406463623 13.271260261535645 2.892418384552002
		endloop
	endfacet
	facet normal 0.14593485382926213 0.5332666374717764 -0.8332644909015248
		outer loop
			vertex 10.816117286682129 13.92497730255127 3.076958179473877
			vertex 10.819387435913086 14.644362449645996 3.5379178524017334
			vertex 11.685107231140137 14.071724891662598 3.3230643272399902
		endloop
	endfacet
	facet normal 0.2738650206217535 0.37470143630431757 -0.885774680215758
		outer loop
			vertex 11.66767406463623 13.271260261535645 2.892418384552002
			vertex 12.551711082458496 13.363930702209473 3.2049477100372314
			vertex 12.504362106323242 12.504362106323242 2.826692581176758
		endloop
	endfacet
	facet normal 0.2543247484245776 0.4539013933186787 -0.853986210358304
		outer loop
			vertex 11.66767406463623 13.271260261535645 2.892418384552002
			vertex 11.685107231140137 14.071724891662598 3.3230643272399902
			vertex 12.551711082458496 13.363930702209473 3.2049477100372314
		endloop
	endfacet
	facet normal 0.28011166074887184 0.4815467619401392 -0.830451788833931
		outer loop
			vertex 12.551711082458496 13.363930702209473 3.2049477100372314
			vertex 11.685107231140137 14.071724891662598 3.3230643272399902
			vertex 12.585932731628418 14.19932746887207 3.7009048461914062
		endloop
	endfacet
	facet normal 0.25524875289291005 0.5508836932301241 -0.7945912349628286
		outer loop
			vertex 11.685107231140137 14.071724891662598 3.3230643272399902
			vertex 11.696118354797363 14.8301362991333 3.8524019718170166
			vertex 12.585932731628418 14.19932746887207 3.7009048461914062
		endloop
	endfacet
	facet normal 0.36208642099654015 0.16367901871295526 -0.9176614858231115
		outer loop
			vertex 12.447745323181152 11.645045280456543 2.563443660736084
			vertex 13.271260261535645 11.66767406463623 2.892418384552002
			vertex 13.168061256408691 10.811439514160156 2.6989760398864746
		endloop
	endfacet
	facet normal 0.44119446527981043 0.14683707872223242 -0.8853170709518614
		outer loop
			vertex 13.168061256408691 10.811439514160156 2.6989760398864746
			vertex 13.271260261535645 11.66767406463623 2.892418384552002
			vertex 13.92497730255127 10.816117286682129 3.076958179473877
		endloop
	endfacet
	facet normal 0.37470143630431757 0.2738650206217535 -0.885774680215758
		outer loop
			vertex 13.271260261535645 11.66767406463623 2.892418384552002
			vertex 12.504362106323242 12.504362106323242 2.826692581176758
			vertex 13.363930702209473 12.551711082458496 3.2049477100372314
		endloop
	endfacet
	facet normal 0.4539013933186787 0.2543247484245776 -0.853986210358304
		outer loop
			vertex 13.271260261535645 11.66767406463623 2.892418384552002
			vertex 13.363930702209473 12.551711082458496 3.2049477100372314
			vertex 14.071724891662598 11.685107231140137 3.3230643272399902
		endloop
	endfacet
	facet normal 0.4642168017583302 0.16790339004912358 -0.8696615505903887
		outer loop
			vertex 13.92497730255127 10.816117286682129 3.076958179473877
			vertex 13.271260261535645 11.66767406463623 2.892418384552002
			vertex 14.071724891662598 11.685107231140137 3.3230643272399902
		endloop
	endfacet
	facet normal 0.5332666374717764 0.14593485382926213 -0.8332644909015248
		outer loop
			vertex 13.92497730255127 10.816117286682129 3.076958179473877
			vertex 14.071724891662598 11.685107231140137 3.3230643272399902
			vertex 14.644362449645996 10.819387435913086 3.5379178524017334
		endloop
	endfacet
	facet normal 0.4815467619401392 0.28011166074887184 -0.830451788833931
		outer loop
			vertex 13.363930702209473 12.551711082458496 3.2049477100372314
			vertex 14.19932746887207 12.585932731628418 3.7009048461914062
			vertex 14.071724891662598 11.685107231140137 3.3230643272399902
		endloop
	endfacet
	facet normal 0.5508836932301241 0.25524875289291005 -0.7945912349628286
		outer loop
			vertex 14.071724891662598 11.685107231140137 3.3230643272399902
			vertex 14.19932746887207 12.585932731628418 3.7009048461914062
			vertex 14.8301362991333 11.696118354797363 3.8524019718170166
		endloop
	endfacet
	facet normal 0.3592418590871946 0.3592418590871946 -0.8613306991853666
		outer loop
			vertex 12.504362106323242 12.504362106323242 2.826692581176758
			vertex 12.551711082458496 13.363930702209473 3.2049477100372314
			vertex 13.363930702209473 12.551711082458496 3.2049477100372314
		endloop
	endfacet
	facet normal 0.3857924894252333 0.3857924894252333 -0.8380503029091765
		outer loop
			vertex 12.551711082458496 13.363930702209473 3.2049477100372314
			vertex 13.438130378723145 13.438130378723145 3.6471641063690186
			vertex 13.363930702209473 12.551711082458496 3.2049477100372314
		endloop
	endfacet
	facet normal 0.3639146373357733 0.46442231515521226 -0.8073896518525893
		outer loop
			vertex 12.551711082458496 13.363930702209473 3.2049477100372314
			vertex 12.585932731628418 14.19932746887207 3.7009048461914062
			vertex 13.438130378723145 13.438130378723145 3.6471641063690186
		endloop
	endfacet
	facet normal 0.3941229573152978 0.49587114681963274 -0.7738080513078334
		outer loop
			vertex 13.438130378723145 13.438130378723145 3.6471641063690186
			vertex 12.585932731628418 14.19932746887207 3.7009048461914062
			vertex 13.486339569091797 14.294539451599121 4.220521926879883
		endloop
	endfacet
	facet normal 0.46442231515521226 0.3639146373357733 -0.8073896518525893
		outer loop
			vertex 13.363930702209473 12.551711082458496 3.2049477100372314
			vertex 13.438130378723145 13.438130378723145 3.6471641063690186
			vertex 14.19932746887207 12.585932731628418 3.7009048461914062
		endloop
	endfacet
	facet normal 0.49587114681963274 0.3941229573152978 -0.7738080513078334
		outer loop
			vertex 13.438130378723145 13.438130378723145 3.6471641063690186
			vertex 14.294539451599121 13.486339569091797 4.220521926879883
			vertex 14.19932746887207 12.585932731628418 3.7009048461914062
		endloop
	endfacet
	facet normal 0.1452437269190052 0.6199104115006175 -0.7711130536463592
		outer loop
			vertex 10.819387435913086 14.644362449645996 3.5379178524017334
			vertex 10.821069717407227 15.314181327819824 4.0767130851745605
			vertex 11.696118354797363 14.8301362991333 3.8524019718170166
		endloop
	endfacet
	facet normal 0.17108966611859952 0.562226424905516 -0.809091943653741
		outer loop
			vertex 10.819387435913086 14.644362449645996 3.5379178524017334
			vertex 11.696118354797363 14.8301362991333 3.8524019718170166
			vertex 11.685107231140137 14.071724891662598 3.3230643272399902
		endloop
	endfacet
	facet normal 0.28423278010764913 0.5836188603064151 -0.7606581049373746
		outer loop
			vertex 11.696118354797363 14.8301362991333 3.8524019718170166
			vertex 12.603917121887207 14.983587265014648 4.309352397918701
			vertex 12.585932731628418 14.19932746887207 3.7009048461914062
		endloop
	endfacet
	facet normal 0.562226424905516 0.17108966611859952 -0.809091943653741
		outer loop
			vertex 14.644362449645996 10.819387435913086 3.5379178524017334
			vertex 14.071724891662598 11.685107231140137 3.3230643272399902
			vertex 14.8301362991333 11.696118354797363 3.8524019718170166
		endloop
	endfacet
	facet normal 0.6199104115006175 0.1452437269190052 -0.7711130536463592
		outer loop
			vertex 14.644362449645996 10.819387435913086 3.5379178524017334
			vertex 14.8301362991333 11.696118354797363 3.8524019718170166
			vertex 15.314181327819824 10.821069717407227 4.0767130851745605
		endloop
	endfacet
	facet normal 0.5836188603064151 0.28423278010764913 -0.7606581049373746
		outer loop
			vertex 14.8301362991333 11.696118354797363 3.8524019718170166
			vertex 14.19932746887207 12.585932731628418 3.7009048461914062
			vertex 14.983587265014648 12.603917121887207 4.309352397918701
		endloop
	endfacet
	facet normal -0.70558750953137 -0.70558750953137 0.06551742353479495
		outer loop
			vertex 4.0767130851745605 4.685819149017334 10.821069717407227
			vertex 4.343145847320557 4.343145847320557 10
			vertex 4.685819149017334 4.0767130851745605 10.821069717407227
		endloop
	endfacet
	facet normal -0.7403636640992076 -0.6710267526030542 0.03980882028640404
		outer loop
			vertex 4.0767130851745605 4.685819149017334 10.821069717407227
			vertex 3.8159162998199463 4.924853801727295 10
			vertex 4.343145847320557 4.343145847320557 10
		endloop
	endfacet
	facet normal -0.6710267526030542 -0.7403636640992076 0.03980882028640404
		outer loop
			vertex 4.685819149017334 4.0767130851745605 10.821069717407227
			vertex 4.343145847320557 4.343145847320557 10
			vertex 4.924853801727295 3.8159162998199463 10
		endloop
	endfacet
	facet normal -0.70558750953137 0.06551742353479495 -0.70558750953137
		outer loop
			vertex 4.0767130851745605 10.821069717407227 4.685819149017334
			vertex 4.685819149017334 10.821069717407227 4.0767130851745605
			vertex 4.343145847320557 10 4.343145847320557
		endloop
	endfacet
	facet normal -0.7403636640992076 0.03980882028640404 -0.6710267526030542
		outer loop
			vertex 4.0767130851745605 10.821069717407227 4.685819149017334
			vertex 4.343145847320557 10 4.343145847320557
			vertex 3.8159162998199463 10 4.924853801727295
		endloop
	endfacet
	facet normal -0.6710267526030542 0.03980882028640404 -0.7403636640992076
		outer loop
			vertex 4.685819149017334 10.821069717407227 4.0767130851745605
			vertex 4.924853801727295 10 3.8159162998199463
			vertex 4.343145847320557 10 4.343145847320557
		endloop
	endfacet
	facet normal 0.06551742353479495 -0.70558750953137 -0.70558750953137
		outer loop
			vertex 10.821069717407227 4.0767130851745605 4.685819149017334
			vertex 10 4.343145847320557 4.343145847320557
			vertex 10.821069717407227 4.685819149017334 4.0767130851745605
		endloop
	endfacet
	facet normal 0.03980882028640404 -0.7403636640992076 -0.6710267526030542
		outer loop
			vertex 10.821069717407227 4.0767130851745605 4.685819149017334
			vertex 10 3.8159162998199463 4.924853801727295
			vertex 10 4.343145847320557 4.343145847320557
		endloop
	endfacet
	facet normal 0.03980882028640404 -0.6710267526030542 -0.7403636640992076
		outer loop
			vertex 10.821069717407227 4.685819149017334 4.0767130851745605
			vertex 10 4.343145847320557 4.343145847320557
			vertex 10 4.924853801727295 3.8159162998199463
		endloop
	endfacet
	facet normal -0.6996353023837635 -0.6996353023837635 0.14498581764007035
		outer loop
			vertex 4.0767130851745605 4.685819149017334 10.821069717407227
			vertex 4.685819149017334 4.0767130851745605 10.821069717407227
			vertex 4.472324848175049 4.472324848175049 11.699885368347168
		endloop
	endfacet
	facet normal -0.7366868995665521 -0.6537821012521041 0.17280444464597688
		outer loop
			vertex 3.8524019718170166 5.169863224029541 11.696118354797363
			vertex 4.0767130851745605 4.685819149017334 10.821069717407227
			vertex 4.472324848175049 4.472324848175049 11.699885368347168
		endloop
	endfacet
	facet normal -0.6537821012521041 -0.7366868995665521 0.17280444464597688
		outer loop
			vertex 5.169863224029541 3.8524019718170166 11.696118354797363
			vertex 4.472324848175049 4.472324848175049 11.699885368347168
			vertex 4.685819149017334 4.0767130851745605 10.821069717407227
		endloop
	endfacet
	facet normal -0.6776393175672641 -0.6776393175672641 0.28567448358918063
		outer loop
			vertex 4.472324848175049 4.472324848175049 11.699885368347168
			vertex 5.016412734985352 4.309352397918701 12.603917121887207
			vertex 4.309352397918701 5.016412734985352 12.603917121887207
		endloop
	endfacet
	facet normal -0.7233129210785161 -0.6414487986065269 0.25565965064340446
		outer loop
			vertex 3.8524019718170166 5.169863224029541 11.696118354797363
			vertex 4.472324848175049 4.472324848175049 11.699885368347168
			vertex 4.309352397918701 5.016412734985352 12.603917121887207
		endloop
	endfacet
	facet normal -0.6414487986065269 -0.7233129210785161 0.25565965064340446
		outer loop
			vertex 5.169863224029541 3.8524019718170166 11.696118354797363
			vertex 5.016412734985352 4.309352397918701 12.603917121887207
			vertex 4.472324848175049 4.472324848175049 11.699885368347168
		endloop
	endfacet
	facet normal -0.6575583057515073 -0.6575583057515073 0.3677419599045161
		outer loop
			vertex 4.914313316345215 4.914313316345215 13.503082275390625
			vertex 4.309352397918701 5.016412734985352 12.603917121887207
			vertex 5.016412734985352 4.309352397918701 12.603917121887207
		endloop
	endfacet
	facet normal -0.7390909864180097 -0.564993654379641 0.36677879478834685
		outer loop
			vertex 3.7009048461914062 5.80067253112793 12.585932731628418
			vertex 4.309352397918701 5.016412734985352 12.603917121887207
			vertex 4.220521926879883 5.705460548400879 13.486339569091797
		endloop
	endfacet
	facet normal -0.6937048462557484 -0.5999043579388137 0.39860801247253985
		outer loop
			vertex 4.914313316345215 4.914313316345215 13.503082275390625
			vertex 4.220521926879883 5.705460548400879 13.486339569091797
			vertex 4.309352397918701 5.016412734985352 12.603917121887207
		endloop
	endfacet
	facet normal -0.6662183617779217 -0.574164401016412 0.4759079060442336
		outer loop
			vertex 4.914313316345215 4.914313316345215 13.503082275390625
			vertex 4.878395080566406 5.654360771179199 14.3456392288208
			vertex 4.220521926879883 5.705460548400879 13.486339569091797
		endloop
	endfacet
	facet normal -0.5999043579388137 -0.6937048462557484 0.39860801247253985
		outer loop
			vertex 4.914313316345215 4.914313316345215 13.503082275390625
			vertex 5.016412734985352 4.309352397918701 12.603917121887207
			vertex 5.705460548400879 4.220521926879883 13.486339569091797
		endloop
	endfacet
	facet normal -0.564993654379641 -0.7390909864180097 0.36677879478834685
		outer loop
			vertex 5.80067253112793 3.7009048461914062 12.585932731628418
			vertex 5.705460548400879 4.220521926879883 13.486339569091797
			vertex 5.016412734985352 4.309352397918701 12.603917121887207
		endloop
	endfacet
	facet normal -0.574164401016412 -0.6662183617779217 0.4759079060442336
		outer loop
			vertex 4.914313316345215 4.914313316345215 13.503082275390625
			vertex 5.705460548400879 4.220521926879883 13.486339569091797
			vertex 5.654360771179199 4.878395080566406 14.3456392288208
		endloop
	endfacet
	facet normal -0.6087606628032739 -0.6087606628032739 0.5087444455191992
		outer loop
			vertex 4.914313316345215 4.914313316345215 13.503082275390625
			vertex 5.654360771179199 4.878395080566406 14.3456392288208
			vertex 4.878395080566406 5.654360771179199 14.3456392288208
		endloop
	endfacet
	facet normal -0.7446459794742235 -0.47196523455275524 0.47196523455275524
		outer loop
			vertex 4.220521926879883 5.705460548400879 13.486339569091797
			vertex 4.220521926879883 6.513660430908203 14.294539451599121
			vertex 3.6471641063690186 6.561870098114014 13.438130378723145
		endloop
	endfacet
	facet normal -0.6993929953811456 -0.5053956064370707 0.5053956064370707
		outer loop
			vertex 4.220521926879883 5.705460548400879 13.486339569091797
			vertex 4.878395080566406 5.654360771179199 14.3456392288208
			vertex 4.220521926879883 6.513660430908203 14.294539451599121
		endloop
	endfacet
	facet normal -0.7390909354997415 -0.36677896423065154 0.564993610990432
		outer loop
			vertex 3.7009048461914062 7.414066791534424 14.19932746887207
			vertex 4.220521926879883 6.513660430908203 14.294539451599121
			vertex 4.309352397918701 7.396082401275635 14.983587265014648
		endloop
	endfacet
	facet normal -0.5053956064370707 -0.6993929953811456 0.5053956064370707
		outer loop
			vertex 5.705460548400879 4.220521926879883 13.486339569091797
			vertex 6.513660430908203 4.220521926879883 14.294539451599121
			vertex 5.654360771179199 4.878395080566406 14.3456392288208
		endloop
	endfacet
	facet normal -0.47196523455275524 -0.7446459794742235 0.47196523455275524
		outer loop
			vertex 5.705460548400879 4.220521926879883 13.486339569091797
			vertex 6.561870098114014 3.6471641063690186 13.438130378723145
			vertex 6.513660430908203 4.220521926879883 14.294539451599121
		endloop
	endfacet
	facet normal -0.36677896423065154 -0.7390909354997415 0.564993610990432
		outer loop
			vertex 7.414066791534424 3.7009048461914062 14.19932746887207
			vertex 7.396082401275635 4.309352397918701 14.983587265014648
			vertex 6.513660430908203 4.220521926879883 14.294539451599121
		endloop
	endfacet
	facet normal -0.5773502691896257 -0.5773502691896257 0.5773502691896257
		outer loop
			vertex 4.878395080566406 5.654360771179199 14.3456392288208
			vertex 5.654360771179199 4.878395080566406 14.3456392288208
			vertex 5.654360771179199 5.654360771179199 15.121604919433594
		endloop
	endfacet
	facet normal -0.6662182573339465 -0.47590781435671103 0.5741645982025867
		outer loop
			vertex 4.878395080566406 5.654360771179199 14.3456392288208
			vertex 4.914313316345215 6.496918201446533 15.085686683654785
			vertex 4.220521926879883 6.513660430908203 14.294539451599121
		endloop
	endfacet
	facet normal -0.6937046401429169 -0.39860829048401636 0.5999044115537043
		outer loop
			vertex 4.220521926879883 6.513660430908203 14.294539451599121
			vertex 4.914313316345215 6.496918201446533 15.085686683654785
			vertex 4.309352397918701 7.396082401275635 14.983587265014648
		endloop
	endfacet
	facet normal -0.6575580318707557 -0.3677421464173263 0.6575584753241617
		outer loop
			vertex 4.914313316345215 6.496918201446533 15.085686683654785
			vertex 5.016412734985352 7.396082401275635 15.69064712524414
			vertex 4.309352397918701 7.396082401275635 14.983587265014648
		endloop
	endfacet
	facet normal -0.6087607519728072 -0.5087442321196427 0.6087607519728072
		outer loop
			vertex 4.878395080566406 5.654360771179199 14.3456392288208
			vertex 5.654360771179199 5.654360771179199 15.121604919433594
			vertex 4.914313316345215 6.496918201446533 15.085686683654785
		endloop
	endfacet
	facet normal -0.5741645982025867 -0.47590781435671103 0.6662182573339465
		outer loop
			vertex 5.654360771179199 5.654360771179199 15.121604919433594
			vertex 5.705460548400879 6.513660430908203 15.779478073120117
			vertex 4.914313316345215 6.496918201446533 15.085686683654785
		endloop
	endfacet
	facet normal -0.5999045047308018 -0.39860797844480567 0.693704738865057
		outer loop
			vertex 4.914313316345215 6.496918201446533 15.085686683654785
			vertex 5.705460548400879 6.513660430908203 15.779478073120117
			vertex 5.016412734985352 7.396082401275635 15.69064712524414
		endloop
	endfacet
	facet normal -0.5649939275308816 -0.36677882965570946 0.7390907603059432
		outer loop
			vertex 5.705460548400879 6.513660430908203 15.779478073120117
			vertex 5.80067253112793 7.414066791534424 16.299095153808594
			vertex 5.016412734985352 7.396082401275635 15.69064712524414
		endloop
	endfacet
	facet normal -0.47590781435671103 -0.6662182573339465 0.5741645982025867
		outer loop
			vertex 5.654360771179199 4.878395080566406 14.3456392288208
			vertex 6.513660430908203 4.220521926879883 14.294539451599121
			vertex 6.496918201446533 4.914313316345215 15.085686683654785
		endloop
	endfacet
	facet normal -0.5087442321196427 -0.6087607519728072 0.6087607519728072
		outer loop
			vertex 5.654360771179199 4.878395080566406 14.3456392288208
			vertex 6.496918201446533 4.914313316345215 15.085686683654785
			vertex 5.654360771179199 5.654360771179199 15.121604919433594
		endloop
	endfacet
	facet normal -0.47590781435671103 -0.5741645982025867 0.6662182573339465
		outer loop
			vertex 5.654360771179199 5.654360771179199 15.121604919433594
			vertex 6.496918201446533 4.914313316345215 15.085686683654785
			vertex 6.513660430908203 5.705460548400879 15.779478073120117
		endloop
	endfacet
	facet normal -0.39860829048401636 -0.6937046401429169 0.5999044115537043
		outer loop
			vertex 6.513660430908203 4.220521926879883 14.294539451599121
			vertex 7.396082401275635 4.309352397918701 14.983587265014648
			vertex 6.496918201446533 4.914313316345215 15.085686683654785
		endloop
	endfacet
	facet normal -0.3677421464173263 -0.6575580318707557 0.6575584753241617
		outer loop
			vertex 6.496918201446533 4.914313316345215 15.085686683654785
			vertex 7.396082401275635 4.309352397918701 14.983587265014648
			vertex 7.396082401275635 5.016412734985352 15.69064712524414
		endloop
	endfacet
	facet normal -0.39860797844480567 -0.5999045047308018 0.693704738865057
		outer loop
			vertex 6.496918201446533 4.914313316345215 15.085686683654785
			vertex 7.396082401275635 5.016412734985352 15.69064712524414
			vertex 6.513660430908203 5.705460548400879 15.779478073120117
		endloop
	endfacet
	facet normal -0.36677882965570946 -0.5649939275308816 0.7390907603059432
		outer loop
			vertex 6.513660430908203 5.705460548400879 15.779478073120117
			vertex 7.396082401275635 5.016412734985352 15.69064712524414
			vertex 7.414066791534424 5.80067253112793 16.299095153808594
		endloop
	endfacet
	facet normal -0.5053956064370707 -0.5053956064370707 0.6993929953811456
		outer loop
			vertex 5.654360771179199 5.654360771179199 15.121604919433594
			vertex 6.513660430908203 5.705460548400879 15.779478073120117
			vertex 5.705460548400879 6.513660430908203 15.779478073120117
		endloop
	endfacet
	facet normal -0.4719654230764748 -0.4719654230764748 0.7446457404971093
		outer loop
			vertex 5.705460548400879 6.513660430908203 15.779478073120117
			vertex 6.513660430908203 5.705460548400879 15.779478073120117
			vertex 6.561870098114014 6.561870098114014 16.35283660888672
		endloop
	endfacet
	facet normal -0.49587121435414805 -0.39412309380126437 0.7738079385141137
		outer loop
			vertex 5.705460548400879 6.513660430908203 15.779478073120117
			vertex 6.561870098114014 6.561870098114014 16.35283660888672
			vertex 5.80067253112793 7.414066791534424 16.299095153808594
		endloop
	endfacet
	facet normal -0.39412309380126437 -0.49587121435414805 0.7738079385141137
		outer loop
			vertex 6.513660430908203 5.705460548400879 15.779478073120117
			vertex 7.414066791534424 5.80067253112793 16.299095153808594
			vertex 6.561870098114014 6.561870098114014 16.35283660888672
		endloop
	endfacet
	facet normal -0.46442205680179693 -0.36391437932682785 0.8073899167534596
		outer loop
			vertex 5.80067253112793 7.414066791534424 16.299095153808594
			vertex 6.561870098114014 6.561870098114014 16.35283660888672
			vertex 6.636068820953369 7.448288440704346 16.79505157470703
		endloop
	endfacet
	facet normal -0.36391437932682785 -0.46442205680179693 0.8073899167534596
		outer loop
			vertex 7.414066791534424 5.80067253112793 16.299095153808594
			vertex 7.448288440704346 6.636068820953369 16.79505157470703
			vertex 6.561870098114014 6.561870098114014 16.35283660888672
		endloop
	endfacet
	facet normal -0.38579215091568736 -0.38579215091568736 0.8380506145715158
		outer loop
			vertex 6.561870098114014 6.561870098114014 16.35283660888672
			vertex 7.448288440704346 6.636068820953369 16.79505157470703
			vertex 6.636068820953369 7.448288440704346 16.79505157470703
		endloop
	endfacet
	facet normal -0.3592423630552334 -0.3592423630552334 0.8613302787972706
		outer loop
			vertex 6.636068820953369 7.448288440704346 16.79505157470703
			vertex 7.448288440704346 6.636068820953369 16.79505157470703
			vertex 7.4956374168396 7.4956374168396 17.173307418823242
		endloop
	endfacet
	facet normal -0.7233133869434103 -0.255659492032086 0.6414483365029083
		outer loop
			vertex 3.8524019718170166 8.303881645202637 14.8301362991333
			vertex 4.309352397918701 7.396082401275635 14.983587265014648
			vertex 4.472324848175049 8.300114631652832 15.52767562866211
		endloop
	endfacet
	facet normal -0.6776390144508686 -0.2856748375888058 0.6776394714467753
		outer loop
			vertex 4.309352397918701 7.396082401275635 14.983587265014648
			vertex 5.016412734985352 7.396082401275635 15.69064712524414
			vertex 4.472324848175049 8.300114631652832 15.52767562866211
		endloop
	endfacet
	facet normal -0.736687302959614 -0.17280475670169743 0.6537815642241352
		outer loop
			vertex 3.8524019718170166 8.303881645202637 14.8301362991333
			vertex 4.472324848175049 8.300114631652832 15.52767562866211
			vertex 4.0767130851745605 9.178930282592773 15.314181327819824
		endloop
	endfacet
	facet normal -0.6996347931824712 -0.14498544600398566 0.6996358885988813
		outer loop
			vertex 4.472324848175049 8.300114631652832 15.52767562866211
			vertex 4.685819149017334 9.178930282592773 15.923286437988281
			vertex 4.0767130851745605 9.178930282592773 15.314181327819824
		endloop
	endfacet
	facet normal -0.653782042881615 -0.17280375547879154 0.736687113025583
		outer loop
			vertex 4.472324848175049 8.300114631652832 15.52767562866211
			vertex 5.169863224029541 8.303881645202637 16.147598266601562
			vertex 4.685819149017334 9.178930282592773 15.923286437988281
		endloop
	endfacet
	facet normal -0.6414485732215468 -0.2556601382137524 0.7233129486194527
		outer loop
			vertex 5.016412734985352 7.396082401275635 15.69064712524414
			vertex 5.169863224029541 8.303881645202637 16.147598266601562
			vertex 4.472324848175049 8.300114631652832 15.52767562866211
		endloop
	endfacet
	facet normal -0.5836190419931159 -0.2842333320025029 0.7606577593121578
		outer loop
			vertex 5.016412734985352 7.396082401275635 15.69064712524414
			vertex 5.80067253112793 7.414066791534424 16.299095153808594
			vertex 5.169863224029541 8.303881645202637 16.147598266601562
		endloop
	endfacet
	facet normal -0.6199106860461019 -0.14524257377630823 0.7711130501351179
		outer loop
			vertex 4.685819149017334 9.178930282592773 15.923286437988281
			vertex 5.169863224029541 8.303881645202637 16.147598266601562
			vertex 5.355638027191162 9.180612564086914 16.462081909179688
		endloop
	endfacet
	facet normal -0.55088299051119 -0.2552485309653113 0.7945917934420785
		outer loop
			vertex 5.80067253112793 7.414066791534424 16.299095153808594
			vertex 5.928275108337402 8.314892768859863 16.67693519592285
			vertex 5.169863224029541 8.303881645202637 16.147598266601562
		endloop
	endfacet
	facet normal -0.5622257480586187 -0.17108897876471432 0.8090925593312387
		outer loop
			vertex 5.169863224029541 8.303881645202637 16.147598266601562
			vertex 5.928275108337402 8.314892768859863 16.67693519592285
			vertex 5.355638027191162 9.180612564086914 16.462081909179688
		endloop
	endfacet
	facet normal -0.7403636640992076 -0.03980882028640404 0.6710267526030542
		outer loop
			vertex 4.0767130851745605 9.178930282592773 15.314181327819824
			vertex 4.343145847320557 10 15.656854629516602
			vertex 3.8159162998199463 10 15.075146675109863
		endloop
	endfacet
	facet normal -0.7055869382202528 -0.06551783154686022 0.705588042955921
		outer loop
			vertex 4.0767130851745605 9.178930282592773 15.314181327819824
			vertex 4.685819149017334 9.178930282592773 15.923286437988281
			vertex 4.343145847320557 10 15.656854629516602
		endloop
	endfacet
	facet normal -0.6710265662037662 -0.03980956052158617 0.7403637932394188
		outer loop
			vertex 4.685819149017334 9.178930282592773 15.923286437988281
			vertex 4.924853801727295 10 16.184083938598633
			vertex 4.343145847320557 10 15.656854629516602
		endloop
	endfacet
	facet normal -0.7403636640992076 0.03980882028640404 0.6710267526030542
		outer loop
			vertex 3.8159162998199463 10 15.075146675109863
			vertex 4.343145847320557 10 15.656854629516602
			vertex 4.0767130851745605 10.821069717407227 15.314181327819824
		endloop
	endfacet
	facet normal -0.7055869382202528 0.06551783154686022 0.705588042955921
		outer loop
			vertex 4.343145847320557 10 15.656854629516602
			vertex 4.685819149017334 10.821069717407227 15.923286437988281
			vertex 4.0767130851745605 10.821069717407227 15.314181327819824
		endloop
	endfacet
	facet normal -0.6710265662037662 0.03980956052158617 0.7403637932394188
		outer loop
			vertex 4.343145847320557 10 15.656854629516602
			vertex 4.924853801727295 10 16.184083938598633
			vertex 4.685819149017334 10.821069717407227 15.923286437988281
		endloop
	endfacet
	facet normal -0.6253563217828376 -0.06494297490951136 0.7776322272232181
		outer loop
			vertex 4.685819149017334 9.178930282592773 15.923286437988281
			vertex 5.355638027191162 9.180612564086914 16.462081909179688
			vertex 4.924853801727295 10 16.184083938598633
		endloop
	endfacet
	facet normal -0.6253563217828376 0.06494297490951136 0.7776322272232181
		outer loop
			vertex 4.685819149017334 10.821069717407227 15.923286437988281
			vertex 4.924853801727295 10 16.184083938598633
			vertex 5.355638027191162 10.819387435913086 16.462081909179688
		endloop
	endfacet
	facet normal -0.5952065163028126 -0.04063993104707902 0.8025444529464761
		outer loop
			vertex 5.355638027191162 9.180612564086914 16.462081909179688
			vertex 5.555438041687012 10 16.651756286621094
			vertex 4.924853801727295 10 16.184083938598633
		endloop
	endfacet
	facet normal -0.5382277625458819 -0.06330095811718531 0.8404188624289083
		outer loop
			vertex 5.355638027191162 9.180612564086914 16.462081909179688
			vertex 6.0750226974487305 9.183882713317871 16.92304229736328
			vertex 5.555438041687012 10 16.651756286621094
		endloop
	endfacet
	facet normal -0.5952065163028126 0.04063993104707902 0.8025444529464761
		outer loop
			vertex 4.924853801727295 10 16.184083938598633
			vertex 5.555438041687012 10 16.651756286621094
			vertex 5.355638027191162 10.819387435913086 16.462081909179688
		endloop
	endfacet
	facet normal -0.5382277625458819 0.06330095811718531 0.8404188624289083
		outer loop
			vertex 5.355638027191162 10.819387435913086 16.462081909179688
			vertex 5.555438041687012 10 16.651756286621094
			vertex 6.0750226974487305 10.816117286682129 16.92304229736328
		endloop
	endfacet
	facet normal -0.4815465149450243 -0.28011122902882374 0.8304520776759269
		outer loop
			vertex 5.80067253112793 7.414066791534424 16.299095153808594
			vertex 6.636068820953369 7.448288440704346 16.79505157470703
			vertex 5.928275108337402 8.314892768859863 16.67693519592285
		endloop
	endfacet
	facet normal -0.45390229883154753 -0.25432542636898064 0.8539855271710831
		outer loop
			vertex 5.928275108337402 8.314892768859863 16.67693519592285
			vertex 6.636068820953369 7.448288440704346 16.79505157470703
			vertex 6.728739261627197 8.33232593536377 17.107582092285156
		endloop
	endfacet
	facet normal -0.5332674253049019 -0.1459354622819278 0.8332638801467642
		outer loop
			vertex 5.928275108337402 8.314892768859863 16.67693519592285
			vertex 6.0750226974487305 9.183882713317871 16.92304229736328
			vertex 5.355638027191162 9.180612564086914 16.462081909179688
		endloop
	endfacet
	facet normal -0.4642177616463316 -0.16790400369792363 0.869660919734972
		outer loop
			vertex 5.928275108337402 8.314892768859863 16.67693519592285
			vertex 6.728739261627197 8.33232593536377 17.107582092285156
			vertex 6.0750226974487305 9.183882713317871 16.92304229736328
		endloop
	endfacet
	facet normal -0.4411938525836701 -0.14683626593903604 0.885317511092749
		outer loop
			vertex 6.728739261627197 8.33232593536377 17.107582092285156
			vertex 6.83193826675415 9.188560485839844 17.301023483276367
			vertex 6.0750226974487305 9.183882713317871 16.92304229736328
		endloop
	endfacet
	facet normal -0.37470192364998944 -0.2738658524476116 0.8857742168725282
		outer loop
			vertex 6.636068820953369 7.448288440704346 16.79505157470703
			vertex 7.4956374168396 7.4956374168396 17.173307418823242
			vertex 6.728739261627197 8.33232593536377 17.107582092285156
		endloop
	endfacet
	facet normal -0.35293101350818895 -0.2527249417675706 0.9008716909264386
		outer loop
			vertex 7.4956374168396 7.4956374168396 17.173307418823242
			vertex 7.552255153656006 8.354954719543457 17.436555862426758
			vertex 6.728739261627197 8.33232593536377 17.107582092285156
		endloop
	endfacet
	facet normal -0.36208520364286617 -0.16367828156718287 0.9176620976405848
		outer loop
			vertex 6.728739261627197 8.33232593536377 17.107582092285156
			vertex 7.552255153656006 8.354954719543457 17.436555862426758
			vertex 6.83193826675415 9.188560485839844 17.301023483276367
		endloop
	endfacet
	facet normal -0.3452505590410191 -0.1476418010330052 0.9268246598303232
		outer loop
			vertex 6.83193826675415 9.188560485839844 17.301023483276367
			vertex 7.552255153656006 8.354954719543457 17.436555862426758
			vertex 7.614159107208252 9.1943998336792 17.593338012695312
		endloop
	endfacet
	facet normal -0.5136465949630973 -0.0421508537444896 0.8569658575529288
		outer loop
			vertex 6.0750226974487305 9.183882713317871 16.92304229736328
			vertex 6.22882604598999 10 17.055370330810547
			vertex 5.555438041687012 10 16.651756286621094
		endloop
	endfacet
	facet normal -0.4456344670756358 -0.06083455109902264 0.8931456091516067
		outer loop
			vertex 6.0750226974487305 9.183882713317871 16.92304229736328
			vertex 6.83193826675415 9.188560485839844 17.301023483276367
			vertex 6.22882604598999 10 17.055370330810547
		endloop
	endfacet
	facet normal -0.5136465949630973 0.0421508537444896 0.8569658575529288
		outer loop
			vertex 5.555438041687012 10 16.651756286621094
			vertex 6.22882604598999 10 17.055370330810547
			vertex 6.0750226974487305 10.816117286682129 16.92304229736328
		endloop
	endfacet
	facet normal -0.4456344670756358 0.06083455109902264 0.8931456091516067
		outer loop
			vertex 6.0750226974487305 10.816117286682129 16.92304229736328
			vertex 6.22882604598999 10 17.055370330810547
			vertex 6.83193826675415 10.811439514160156 17.301023483276367
		endloop
	endfacet
	facet normal -0.4271402632146682 -0.04407171373139481 0.9031106685172542
		outer loop
			vertex 6.83193826675415 9.188560485839844 17.301023483276367
			vertex 6.93853235244751 10 17.391036987304688
			vertex 6.22882604598999 10 17.055370330810547
		endloop
	endfacet
	facet normal -0.3490876941862753 -0.057895794793968 0.935299876356714
		outer loop
			vertex 6.83193826675415 9.188560485839844 17.301023483276367
			vertex 7.614159107208252 9.1943998336792 17.593338012695312
			vertex 6.93853235244751 10 17.391036987304688
		endloop
	endfacet
	facet normal -0.3365323251008588 -0.04604884867926124 0.9405453193214692
		outer loop
			vertex 7.614159107208252 9.1943998336792 17.593338012695312
			vertex 7.677722454071045 10 17.6555233001709
			vertex 6.93853235244751 10 17.391036987304688
		endloop
	endfacet
	facet normal -0.4271402632146682 0.04407171373139481 0.9031106685172542
		outer loop
			vertex 6.22882604598999 10 17.055370330810547
			vertex 6.93853235244751 10 17.391036987304688
			vertex 6.83193826675415 10.811439514160156 17.301023483276367
		endloop
	endfacet
	facet normal -0.3490876941862753 0.057895794793968 0.935299876356714
		outer loop
			vertex 6.93853235244751 10 17.391036987304688
			vertex 7.614159107208252 10.8056001663208 17.593338012695312
			vertex 6.83193826675415 10.811439514160156 17.301023483276367
		endloop
	endfacet
	facet normal -0.3365323251008588 0.04604884867926124 0.9405453193214692
		outer loop
			vertex 6.93853235244751 10 17.391036987304688
			vertex 7.677722454071045 10 17.6555233001709
			vertex 7.614159107208252 10.8056001663208 17.593338012695312
		endloop
	endfacet
	facet normal -0.255659492032086 -0.7233133869434103 0.6414483365029083
		outer loop
			vertex 7.396082401275635 4.309352397918701 14.983587265014648
			vertex 8.303881645202637 3.8524019718170166 14.8301362991333
			vertex 8.300114631652832 4.472324848175049 15.52767562866211
		endloop
	endfacet
	facet normal -0.2856748375888058 -0.6776390144508686 0.6776394714467753
		outer loop
			vertex 7.396082401275635 4.309352397918701 14.983587265014648
			vertex 8.300114631652832 4.472324848175049 15.52767562866211
			vertex 7.396082401275635 5.016412734985352 15.69064712524414
		endloop
	endfacet
	facet normal -0.2842333320025029 -0.5836190419931159 0.7606577593121578
		outer loop
			vertex 7.396082401275635 5.016412734985352 15.69064712524414
			vertex 8.303881645202637 5.169863224029541 16.147598266601562
			vertex 7.414066791534424 5.80067253112793 16.299095153808594
		endloop
	endfacet
	facet normal -0.2556601382137524 -0.6414485732215468 0.7233129486194527
		outer loop
			vertex 7.396082401275635 5.016412734985352 15.69064712524414
			vertex 8.300114631652832 4.472324848175049 15.52767562866211
			vertex 8.303881645202637 5.169863224029541 16.147598266601562
		endloop
	endfacet
	facet normal -0.17280475670169743 -0.736687302959614 0.6537815642241352
		outer loop
			vertex 8.303881645202637 3.8524019718170166 14.8301362991333
			vertex 9.178930282592773 4.0767130851745605 15.314181327819824
			vertex 8.300114631652832 4.472324848175049 15.52767562866211
		endloop
	endfacet
	facet normal -0.17280375547879154 -0.653782042881615 0.736687113025583
		outer loop
			vertex 8.300114631652832 4.472324848175049 15.52767562866211
			vertex 9.178930282592773 4.685819149017334 15.923286437988281
			vertex 8.303881645202637 5.169863224029541 16.147598266601562
		endloop
	endfacet
	facet normal -0.14498544600398566 -0.6996347931824712 0.6996358885988813
		outer loop
			vertex 8.300114631652832 4.472324848175049 15.52767562866211
			vertex 9.178930282592773 4.0767130851745605 15.314181327819824
			vertex 9.178930282592773 4.685819149017334 15.923286437988281
		endloop
	endfacet
	facet normal -0.14524257377630823 -0.6199106860461019 0.7711130501351179
		outer loop
			vertex 9.178930282592773 4.685819149017334 15.923286437988281
			vertex 9.180612564086914 5.355638027191162 16.462081909179688
			vertex 8.303881645202637 5.169863224029541 16.147598266601562
		endloop
	endfacet
	facet normal -0.2552485309653113 -0.55088299051119 0.7945917934420785
		outer loop
			vertex 7.414066791534424 5.80067253112793 16.299095153808594
			vertex 8.303881645202637 5.169863224029541 16.147598266601562
			vertex 8.314892768859863 5.928275108337402 16.67693519592285
		endloop
	endfacet
	facet normal -0.17108897876471432 -0.5622257480586187 0.8090925593312387
		outer loop
			vertex 8.303881645202637 5.169863224029541 16.147598266601562
			vertex 9.180612564086914 5.355638027191162 16.462081909179688
			vertex 8.314892768859863 5.928275108337402 16.67693519592285
		endloop
	endfacet
	facet normal -0.28011122902882374 -0.4815465149450243 0.8304520776759269
		outer loop
			vertex 7.414066791534424 5.80067253112793 16.299095153808594
			vertex 8.314892768859863 5.928275108337402 16.67693519592285
			vertex 7.448288440704346 6.636068820953369 16.79505157470703
		endloop
	endfacet
	facet normal -0.25432542636898064 -0.45390229883154753 0.8539855271710831
		outer loop
			vertex 8.314892768859863 5.928275108337402 16.67693519592285
			vertex 8.33232593536377 6.728739261627197 17.107582092285156
			vertex 7.448288440704346 6.636068820953369 16.79505157470703
		endloop
	endfacet
	facet normal -0.2738658524476116 -0.37470192364998944 0.8857742168725282
		outer loop
			vertex 7.448288440704346 6.636068820953369 16.79505157470703
			vertex 8.33232593536377 6.728739261627197 17.107582092285156
			vertex 7.4956374168396 7.4956374168396 17.173307418823242
		endloop
	endfacet
	facet normal -0.2527249417675706 -0.35293101350818895 0.9008716909264386
		outer loop
			vertex 7.4956374168396 7.4956374168396 17.173307418823242
			vertex 8.33232593536377 6.728739261627197 17.107582092285156
			vertex 8.354954719543457 7.552255153656006 17.436555862426758
		endloop
	endfacet
	facet normal -0.16790400369792363 -0.4642177616463316 0.869660919734972
		outer loop
			vertex 8.314892768859863 5.928275108337402 16.67693519592285
			vertex 9.183882713317871 6.0750226974487305 16.92304229736328
			vertex 8.33232593536377 6.728739261627197 17.107582092285156
		endloop
	endfacet
	facet normal -0.1459354622819278 -0.5332674253049019 0.8332638801467642
		outer loop
			vertex 8.314892768859863 5.928275108337402 16.67693519592285
			vertex 9.180612564086914 5.355638027191162 16.462081909179688
			vertex 9.183882713317871 6.0750226974487305 16.92304229736328
		endloop
	endfacet
	facet normal -0.14683626593903604 -0.4411938525836701 0.885317511092749
		outer loop
			vertex 8.33232593536377 6.728739261627197 17.107582092285156
			vertex 9.183882713317871 6.0750226974487305 16.92304229736328
			vertex 9.188560485839844 6.83193826675415 17.301023483276367
		endloop
	endfacet
	facet normal -0.16367828156718287 -0.36208520364286617 0.9176620976405848
		outer loop
			vertex 8.33232593536377 6.728739261627197 17.107582092285156
			vertex 9.188560485839844 6.83193826675415 17.301023483276367
			vertex 8.354954719543457 7.552255153656006 17.436555862426758
		endloop
	endfacet
	facet normal -0.1476418010330052 -0.3452505590410191 0.9268246598303232
		outer loop
			vertex 8.354954719543457 7.552255153656006 17.436555862426758
			vertex 9.188560485839844 6.83193826675415 17.301023483276367
			vertex 9.1943998336792 7.614159107208252 17.593338012695312
		endloop
	endfacet
	facet normal -0.03980882028640404 -0.7403636640992076 0.6710267526030542
		outer loop
			vertex 9.178930282592773 4.0767130851745605 15.314181327819824
			vertex 10 3.8159162998199463 15.075146675109863
			vertex 10 4.343145847320557 15.656854629516602
		endloop
	endfacet
	facet normal -0.06551783154686022 -0.7055869382202528 0.705588042955921
		outer loop
			vertex 9.178930282592773 4.0767130851745605 15.314181327819824
			vertex 10 4.343145847320557 15.656854629516602
			vertex 9.178930282592773 4.685819149017334 15.923286437988281
		endloop
	endfacet
	facet normal -0.03980956052158617 -0.6710265662037662 0.7403637932394188
		outer loop
			vertex 9.178930282592773 4.685819149017334 15.923286437988281
			vertex 10 4.343145847320557 15.656854629516602
			vertex 10 4.924853801727295 16.184083938598633
		endloop
	endfacet
	facet normal -0.06494297490951136 -0.6253563217828376 0.7776322272232181
		outer loop
			vertex 9.178930282592773 4.685819149017334 15.923286437988281
			vertex 10 4.924853801727295 16.184083938598633
			vertex 9.180612564086914 5.355638027191162 16.462081909179688
		endloop
	endfacet
	facet normal 0.03980882028640404 -0.7403636640992076 0.6710267526030542
		outer loop
			vertex 10 3.8159162998199463 15.075146675109863
			vertex 10.821069717407227 4.0767130851745605 15.314181327819824
			vertex 10 4.343145847320557 15.656854629516602
		endloop
	endfacet
	facet normal 0.06551783154686022 -0.7055869382202528 0.705588042955921
		outer loop
			vertex 10 4.343145847320557 15.656854629516602
			vertex 10.821069717407227 4.0767130851745605 15.314181327819824
			vertex 10.821069717407227 4.685819149017334 15.923286437988281
		endloop
	endfacet
	facet normal 0.03980956052158617 -0.6710265662037662 0.7403637932394188
		outer loop
			vertex 10 4.343145847320557 15.656854629516602
			vertex 10.821069717407227 4.685819149017334 15.923286437988281
			vertex 10 4.924853801727295 16.184083938598633
		endloop
	endfacet
	facet normal 0.06494297490951136 -0.6253563217828376 0.7776322272232181
		outer loop
			vertex 10.821069717407227 4.685819149017334 15.923286437988281
			vertex 10.819387435913086 5.355638027191162 16.462081909179688
			vertex 10 4.924853801727295 16.184083938598633
		endloop
	endfacet
	facet normal -0.06330095811718531 -0.5382277625458819 0.8404188624289083
		outer loop
			vertex 9.180612564086914 5.355638027191162 16.462081909179688
			vertex 10 5.555438041687012 16.651756286621094
			vertex 9.183882713317871 6.0750226974487305 16.92304229736328
		endloop
	endfacet
	facet normal -0.04063993104707902 -0.5952065163028126 0.8025444529464761
		outer loop
			vertex 9.180612564086914 5.355638027191162 16.462081909179688
			vertex 10 4.924853801727295 16.184083938598633
			vertex 10 5.555438041687012 16.651756286621094
		endloop
	endfacet
	facet normal 0.04063993104707902 -0.5952065163028126 0.8025444529464761
		outer loop
			vertex 10 4.924853801727295 16.184083938598633
			vertex 10.819387435913086 5.355638027191162 16.462081909179688
			vertex 10 5.555438041687012 16.651756286621094
		endloop
	endfacet
	facet normal 0.06330095811718531 -0.5382277625458819 0.8404188624289083
		outer loop
			vertex 10 5.555438041687012 16.651756286621094
			vertex 10.819387435913086 5.355638027191162 16.462081909179688
			vertex 10.816117286682129 6.0750226974487305 16.92304229736328
		endloop
	endfacet
	facet normal -0.06083455109902264 -0.4456344670756358 0.8931456091516067
		outer loop
			vertex 9.183882713317871 6.0750226974487305 16.92304229736328
			vertex 10 6.22882604598999 17.055370330810547
			vertex 9.188560485839844 6.83193826675415 17.301023483276367
		endloop
	endfacet
	facet normal -0.0421508537444896 -0.5136465949630973 0.8569658575529288
		outer loop
			vertex 9.183882713317871 6.0750226974487305 16.92304229736328
			vertex 10 5.555438041687012 16.651756286621094
			vertex 10 6.22882604598999 17.055370330810547
		endloop
	endfacet
	facet normal -0.057895794793968 -0.3490876941862753 0.935299876356714
		outer loop
			vertex 9.188560485839844 6.83193826675415 17.301023483276367
			vertex 10 6.93853235244751 17.391036987304688
			vertex 9.1943998336792 7.614159107208252 17.593338012695312
		endloop
	endfacet
	facet normal -0.04407171373139481 -0.4271402632146682 0.9031106685172542
		outer loop
			vertex 9.188560485839844 6.83193826675415 17.301023483276367
			vertex 10 6.22882604598999 17.055370330810547
			vertex 10 6.93853235244751 17.391036987304688
		endloop
	endfacet
	facet normal -0.04604884867926124 -0.3365323251008588 0.9405453193214692
		outer loop
			vertex 9.1943998336792 7.614159107208252 17.593338012695312
			vertex 10 6.93853235244751 17.391036987304688
			vertex 10 7.677722454071045 17.6555233001709
		endloop
	endfacet
	facet normal 0.0421508537444896 -0.5136465949630973 0.8569658575529288
		outer loop
			vertex 10 5.555438041687012 16.651756286621094
			vertex 10.816117286682129 6.0750226974487305 16.92304229736328
			vertex 10 6.22882604598999 17.055370330810547
		endloop
	endfacet
	facet normal 0.06083455109902264 -0.4456344670756358 0.8931456091516067
		outer loop
			vertex 10.816117286682129 6.0750226974487305 16.92304229736328
			vertex 10.811439514160156 6.83193826675415 17.301023483276367
			vertex 10 6.22882604598999 17.055370330810547
		endloop
	endfacet
	facet normal 0.04407171373139481 -0.4271402632146682 0.9031106685172542
		outer loop
			vertex 10 6.22882604598999 17.055370330810547
			vertex 10.811439514160156 6.83193826675415 17.301023483276367
			vertex 10 6.93853235244751 17.391036987304688
		endloop
	endfacet
	facet normal 0.04604884867926124 -0.3365323251008588 0.9405453193214692
		outer loop
			vertex 10 6.93853235244751 17.391036987304688
			vertex 10.8056001663208 7.614159107208252 17.593338012695312
			vertex 10 7.677722454071045 17.6555233001709
		endloop
	endfacet
	facet normal 0.057895794793968 -0.3490876941862753 0.935299876356714
		outer loop
			vertex 10 6.93853235244751 17.391036987304688
			vertex 10.811439514160156 6.83193826675415 17.301023483276367
			vertex 10.8056001663208 7.614159107208252 17.593338012695312
		endloop
	endfacet
	facet normal -0.26625595192470136 -0.26625595192470136 0.9263992315029964
		outer loop
			vertex 7.4956374168396 7.4956374168396 17.173307418823242
			vertex 8.354954719543457 7.552255153656006 17.436555862426758
			vertex 7.552255153656006 8.354954719543457 17.436555862426758
		endloop
	endfacet
	facet normal -0.2502974003932225 -0.2502974003932225 0.9352552714167347
		outer loop
			vertex 7.552255153656006 8.354954719543457 17.436555862426758
			vertex 8.354954719543457 7.552255153656006 17.436555862426758
			vertex 8.381321907043457 8.381321907043457 17.665491104125977
		endloop
	endfacet
	facet normal -0.2580902699456821 -0.1589497847892894 0.9529556015233888
		outer loop
			vertex 7.552255153656006 8.354954719543457 17.436555862426758
			vertex 8.381321907043457 8.381321907043457 17.665491104125977
			vertex 7.614159107208252 9.1943998336792 17.593338012695312
		endloop
	endfacet
	facet normal -0.2469516327027079 -0.14802308256073685 0.9576555007593724
		outer loop
			vertex 7.614159107208252 9.1943998336792 17.593338012695312
			vertex 8.381321907043457 8.381321907043457 17.665491104125977
			vertex 8.40990924835205 9.2011079788208 17.799575805664062
		endloop
	endfacet
	facet normal -0.1589497847892894 -0.2580902699456821 0.9529556015233888
		outer loop
			vertex 8.354954719543457 7.552255153656006 17.436555862426758
			vertex 9.1943998336792 7.614159107208252 17.593338012695312
			vertex 8.381321907043457 8.381321907043457 17.665491104125977
		endloop
	endfacet
	facet normal -0.14802308256073685 -0.2469516327027079 0.9576555007593724
		outer loop
			vertex 9.1943998336792 7.614159107208252 17.593338012695312
			vertex 9.2011079788208 8.40990924835205 17.799575805664062
			vertex 8.381321907043457 8.381321907043457 17.665491104125977
		endloop
	endfacet
	facet normal -0.15424318865907058 -0.15424318865907058 0.9759190937288628
		outer loop
			vertex 8.381321907043457 8.381321907043457 17.665491104125977
			vertex 9.2011079788208 8.40990924835205 17.799575805664062
			vertex 8.40990924835205 9.2011079788208 17.799575805664062
		endloop
	endfacet
	facet normal -0.14771527008639496 -0.14771527008639496 0.9779368067347741
		outer loop
			vertex 8.40990924835205 9.2011079788208 17.799575805664062
			vertex 9.2011079788208 8.40990924835205 17.799575805664062
			vertex 9.208368301391602 9.208368301391602 17.92127799987793
		endloop
	endfacet
	facet normal -0.2500730828935995 -0.05488723829577065 0.9666699769230213
		outer loop
			vertex 7.614159107208252 9.1943998336792 17.593338012695312
			vertex 8.40990924835205 9.2011079788208 17.799575805664062
			vertex 7.677722454071045 10 17.6555233001709
		endloop
	endfacet
	facet normal -0.24270331055385463 -0.04772605028424554 0.9689258625769389
		outer loop
			vertex 8.40990924835205 9.2011079788208 17.799575805664062
			vertex 8.439277648925781 10 17.846282958984375
			vertex 7.677722454071045 10 17.6555233001709
		endloop
	endfacet
	facet normal -0.2500730828935995 0.05488723829577065 0.9666699769230213
		outer loop
			vertex 7.677722454071045 10 17.6555233001709
			vertex 8.40990924835205 10.7988920211792 17.799575805664062
			vertex 7.614159107208252 10.8056001663208 17.593338012695312
		endloop
	endfacet
	facet normal -0.24270331055385463 0.04772605028424554 0.9689258625769389
		outer loop
			vertex 7.677722454071045 10 17.6555233001709
			vertex 8.439277648925781 10 17.846282958984375
			vertex 8.40990924835205 10.7988920211792 17.799575805664062
		endloop
	endfacet
	facet normal -0.15001159693117133 -0.05220805389280506 0.9873048363574879
		outer loop
			vertex 8.40990924835205 9.2011079788208 17.799575805664062
			vertex 9.208368301391602 9.208368301391602 17.92127799987793
			vertex 8.439277648925781 10 17.846282958984375
		endloop
	endfacet
	facet normal -0.1465541962799744 -0.04878333696817435 0.9879990149726772
		outer loop
			vertex 9.208368301391602 9.208368301391602 17.92127799987793
			vertex 9.215863227844238 10 17.961477279663086
			vertex 8.439277648925781 10 17.846282958984375
		endloop
	endfacet
	facet normal -0.15001159693117133 0.05220805389280506 0.9873048363574879
		outer loop
			vertex 8.439277648925781 10 17.846282958984375
			vertex 9.208368301391602 10.791631698608398 17.92127799987793
			vertex 8.40990924835205 10.7988920211792 17.799575805664062
		endloop
	endfacet
	facet normal -0.1465541962799744 0.04878333696817435 0.9879990149726772
		outer loop
			vertex 8.439277648925781 10 17.846282958984375
			vertex 9.215863227844238 10 17.961477279663086
			vertex 9.208368301391602 10.791631698608398 17.92127799987793
		endloop
	endfacet
	facet normal -0.05488723829577065 -0.2500730828935995 0.9666699769230213
		outer loop
			vertex 9.1943998336792 7.614159107208252 17.593338012695312
			vertex 10 7.677722454071045 17.6555233001709
			vertex 9.2011079788208 8.40990924835205 17.799575805664062
		endloop
	endfacet
	facet normal -0.04772605028424554 -0.24270331055385463 0.9689258625769389
		outer loop
			vertex 9.2011079788208 8.40990924835205 17.799575805664062
			vertex 10 7.677722454071045 17.6555233001709
			vertex 10 8.439277648925781 17.846282958984375
		endloop
	endfacet
	facet normal -0.05220805389280506 -0.15001159693117133 0.9873048363574879
		outer loop
			vertex 9.2011079788208 8.40990924835205 17.799575805664062
			vertex 10 8.439277648925781 17.846282958984375
			vertex 9.208368301391602 9.208368301391602 17.92127799987793
		endloop
	endfacet
	facet normal -0.04878333696817435 -0.1465541962799744 0.9879990149726772
		outer loop
			vertex 9.208368301391602 9.208368301391602 17.92127799987793
			vertex 10 8.439277648925781 17.846282958984375
			vertex 10 9.215863227844238 17.961477279663086
		endloop
	endfacet
	facet normal 0.05488723829577065 -0.2500730828935995 0.9666699769230213
		outer loop
			vertex 10 7.677722454071045 17.6555233001709
			vertex 10.8056001663208 7.614159107208252 17.593338012695312
			vertex 10.7988920211792 8.40990924835205 17.799575805664062
		endloop
	endfacet
	facet normal 0.04772605028424554 -0.24270331055385463 0.9689258625769389
		outer loop
			vertex 10 7.677722454071045 17.6555233001709
			vertex 10.7988920211792 8.40990924835205 17.799575805664062
			vertex 10 8.439277648925781 17.846282958984375
		endloop
	endfacet
	facet normal 0.05220805389280506 -0.15001159693117133 0.9873048363574879
		outer loop
			vertex 10 8.439277648925781 17.846282958984375
			vertex 10.7988920211792 8.40990924835205 17.799575805664062
			vertex 10.791631698608398 9.208368301391602 17.92127799987793
		endloop
	endfacet
	facet normal 0.04878333696817435 -0.1465541962799744 0.9879990149726772
		outer loop
			vertex 10 8.439277648925781 17.846282958984375
			vertex 10.791631698608398 9.208368301391602 17.92127799987793
			vertex 10 9.215863227844238 17.961477279663086
		endloop
	endfacet
	facet normal -0.050177204689309966 -0.050177204689309966 0.9974790705870146
		outer loop
			vertex 9.208368301391602 9.208368301391602 17.92127799987793
			vertex 10 9.215863227844238 17.961477279663086
			vertex 9.215863227844238 10 17.961477279663086
		endloop
	endfacet
	facet normal -0.04900940975059946 -0.04900940975059946 0.9975951861911705
		outer loop
			vertex 9.215863227844238 10 17.961477279663086
			vertex 10 9.215863227844238 17.961477279663086
			vertex 10 10 18
		endloop
	endfacet
	facet normal -0.050177204689309966 0.050177204689309966 0.9974790705870146
		outer loop
			vertex 9.215863227844238 10 17.961477279663086
			vertex 10 10.784136772155762 17.961477279663086
			vertex 9.208368301391602 10.791631698608398 17.92127799987793
		endloop
	endfacet
	facet normal -0.04900940975059946 0.04900940975059946 0.9975951861911705
		outer loop
			vertex 9.215863227844238 10 17.961477279663086
			vertex 10 10 18
			vertex 10 10.784136772155762 17.961477279663086
		endloop
	endfacet
	facet normal 0.050177204689309966 -0.050177204689309966 0.9974790705870146
		outer loop
			vertex 10 9.215863227844238 17.961477279663086
			vertex 10.791631698608398 9.208368301391602 17.92127799987793
			vertex 10.784136772155762 10 17.961477279663086
		endloop
	endfacet
	facet normal 0.04900940975059946 -0.04900940975059946 0.9975951861911705
		outer loop
			vertex 10 9.215863227844238 17.961477279663086
			vertex 10.784136772155762 10 17.961477279663086
			vertex 10 10 18
		endloop
	endfacet
	facet normal 0.04900940975059946 0.04900940975059946 0.9975951861911705
		outer loop
			vertex 10 10 18
			vertex 10.784136772155762 10 17.961477279663086
			vertex 10 10.784136772155762 17.961477279663086
		endloop
	endfacet
	facet normal 0.050177204689309966 0.050177204689309966 0.9974790705870146
		outer loop
			vertex 10 10.784136772155762 17.961477279663086
			vertex 10.784136772155762 10 17.961477279663086
			vertex 10.791631698608398 10.791631698608398 17.92127799987793
		endloop
	endfacet
	facet normal -0.6996353023837635 0.14498581764007035 -0.6996353023837635
		outer loop
			vertex 4.0767130851745605 10.821069717407227 4.685819149017334
			vertex 4.472324848175049 11.699885368347168 4.472324848175049
			vertex 4.685819149017334 10.821069717407227 4.0767130851745605
		endloop
	endfacet
	facet normal -0.7366868995665521 0.17280444464597688 -0.6537821012521041
		outer loop
			vertex 3.8524019718170166 11.696118354797363 5.169863224029541
			vertex 4.472324848175049 11.699885368347168 4.472324848175049
			vertex 4.0767130851745605 10.821069717407227 4.685819149017334
		endloop
	endfacet
	facet normal -0.6537821012521041 0.17280444464597688 -0.7366868995665521
		outer loop
			vertex 5.169863224029541 11.696118354797363 3.8524019718170166
			vertex 4.685819149017334 10.821069717407227 4.0767130851745605
			vertex 4.472324848175049 11.699885368347168 4.472324848175049
		endloop
	endfacet
	facet normal -0.6776393175672641 0.28567448358918063 -0.6776393175672641
		outer loop
			vertex 4.472324848175049 11.699885368347168 4.472324848175049
			vertex 4.309352397918701 12.603917121887207 5.016412734985352
			vertex 5.016412734985352 12.603917121887207 4.309352397918701
		endloop
	endfacet
	facet normal -0.7233129210785161 0.25565965064340446 -0.6414487986065269
		outer loop
			vertex 3.8524019718170166 11.696118354797363 5.169863224029541
			vertex 4.309352397918701 12.603917121887207 5.016412734985352
			vertex 4.472324848175049 11.699885368347168 4.472324848175049
		endloop
	endfacet
	facet normal -0.6414487986065269 0.25565965064340446 -0.7233129210785161
		outer loop
			vertex 5.169863224029541 11.696118354797363 3.8524019718170166
			vertex 4.472324848175049 11.699885368347168 4.472324848175049
			vertex 5.016412734985352 12.603917121887207 4.309352397918701
		endloop
	endfacet
	facet normal -0.6575583057515072 0.367741959904516 -0.6575583057515072
		outer loop
			vertex 4.309352397918701 12.603917121887207 5.016412734985352
			vertex 4.914313316345215 13.503082275390625 4.914313316345215
			vertex 5.016412734985352 12.603917121887207 4.309352397918701
		endloop
	endfacet
	facet normal -0.7390909864180097 0.36677879478834685 -0.564993654379641
		outer loop
			vertex 3.7009048461914062 12.585932731628418 5.80067253112793
			vertex 4.220521926879883 13.486339569091797 5.705460548400879
			vertex 4.309352397918701 12.603917121887207 5.016412734985352
		endloop
	endfacet
	facet normal -0.6937048462557484 0.39860801247253985 -0.5999043579388137
		outer loop
			vertex 4.309352397918701 12.603917121887207 5.016412734985352
			vertex 4.220521926879883 13.486339569091797 5.705460548400879
			vertex 4.914313316345215 13.503082275390625 4.914313316345215
		endloop
	endfacet
	facet normal -0.6662183617779217 0.47590790604423366 -0.574164401016412
		outer loop
			vertex 4.914313316345215 13.503082275390625 4.914313316345215
			vertex 4.220521926879883 13.486339569091797 5.705460548400879
			vertex 4.878395080566406 14.3456392288208 5.654360771179199
		endloop
	endfacet
	facet normal -0.5999043579388137 0.39860801247253985 -0.6937048462557484
		outer loop
			vertex 4.914313316345215 13.503082275390625 4.914313316345215
			vertex 5.705460548400879 13.486339569091797 4.220521926879883
			vertex 5.016412734985352 12.603917121887207 4.309352397918701
		endloop
	endfacet
	facet normal -0.564993654379641 0.36677879478834685 -0.7390909864180097
		outer loop
			vertex 5.80067253112793 12.585932731628418 3.7009048461914062
			vertex 5.016412734985352 12.603917121887207 4.309352397918701
			vertex 5.705460548400879 13.486339569091797 4.220521926879883
		endloop
	endfacet
	facet normal -0.574164401016412 0.4759079060442336 -0.6662183617779217
		outer loop
			vertex 4.914313316345215 13.503082275390625 4.914313316345215
			vertex 5.654360771179199 14.3456392288208 4.878395080566406
			vertex 5.705460548400879 13.486339569091797 4.220521926879883
		endloop
	endfacet
	facet normal -0.6087606628032739 0.5087444455191992 -0.6087606628032739
		outer loop
			vertex 4.914313316345215 13.503082275390625 4.914313316345215
			vertex 4.878395080566406 14.3456392288208 5.654360771179199
			vertex 5.654360771179199 14.3456392288208 4.878395080566406
		endloop
	endfacet
	facet normal -0.7446459794742235 0.47196523455275524 -0.47196523455275524
		outer loop
			vertex 4.220521926879883 13.486339569091797 5.705460548400879
			vertex 3.6471641063690186 13.438130378723145 6.561870098114014
			vertex 4.220521926879883 14.294539451599121 6.513660430908203
		endloop
	endfacet
	facet normal -0.6993929953811456 0.5053956064370707 -0.5053956064370707
		outer loop
			vertex 4.220521926879883 13.486339569091797 5.705460548400879
			vertex 4.220521926879883 14.294539451599121 6.513660430908203
			vertex 4.878395080566406 14.3456392288208 5.654360771179199
		endloop
	endfacet
	facet normal -0.7390909354997415 0.564993610990432 -0.36677896423065154
		outer loop
			vertex 3.7009048461914062 14.19932746887207 7.414066791534424
			vertex 4.309352397918701 14.983587265014648 7.396082401275635
			vertex 4.220521926879883 14.294539451599121 6.513660430908203
		endloop
	endfacet
	facet normal -0.5053956064370707 0.5053956064370707 -0.6993929953811456
		outer loop
			vertex 5.705460548400879 13.486339569091797 4.220521926879883
			vertex 5.654360771179199 14.3456392288208 4.878395080566406
			vertex 6.513660430908203 14.294539451599121 4.220521926879883
		endloop
	endfacet
	facet normal -0.47196523455275524 0.47196523455275524 -0.7446459794742235
		outer loop
			vertex 5.705460548400879 13.486339569091797 4.220521926879883
			vertex 6.513660430908203 14.294539451599121 4.220521926879883
			vertex 6.561870098114014 13.438130378723145 3.6471641063690186
		endloop
	endfacet
	facet normal -0.36677896423065154 0.564993610990432 -0.7390909354997415
		outer loop
			vertex 7.414066791534424 14.19932746887207 3.7009048461914062
			vertex 6.513660430908203 14.294539451599121 4.220521926879883
			vertex 7.396082401275635 14.983587265014648 4.309352397918701
		endloop
	endfacet
	facet normal -0.5773502691896257 0.5773502691896257 -0.5773502691896257
		outer loop
			vertex 4.878395080566406 14.3456392288208 5.654360771179199
			vertex 5.654360771179199 15.121604919433594 5.654360771179199
			vertex 5.654360771179199 14.3456392288208 4.878395080566406
		endloop
	endfacet
	facet normal -0.6662182573339465 0.5741645982025867 -0.47590781435671103
		outer loop
			vertex 4.878395080566406 14.3456392288208 5.654360771179199
			vertex 4.220521926879883 14.294539451599121 6.513660430908203
			vertex 4.914313316345215 15.085686683654785 6.496918201446533
		endloop
	endfacet
	facet normal -0.6937046401429169 0.5999044115537043 -0.39860829048401636
		outer loop
			vertex 4.220521926879883 14.294539451599121 6.513660430908203
			vertex 4.309352397918701 14.983587265014648 7.396082401275635
			vertex 4.914313316345215 15.085686683654785 6.496918201446533
		endloop
	endfacet
	facet normal -0.6575580318707557 0.6575584753241617 -0.3677421464173263
		outer loop
			vertex 4.309352397918701 14.983587265014648 7.396082401275635
			vertex 5.016412734985352 15.69064712524414 7.396082401275635
			vertex 4.914313316345215 15.085686683654785 6.496918201446533
		endloop
	endfacet
	facet normal -0.6087607519728072 0.6087607519728072 -0.5087442321196427
		outer loop
			vertex 4.878395080566406 14.3456392288208 5.654360771179199
			vertex 4.914313316345215 15.085686683654785 6.496918201446533
			vertex 5.654360771179199 15.121604919433594 5.654360771179199
		endloop
	endfacet
	facet normal -0.5741645982025867 0.6662182573339465 -0.47590781435671103
		outer loop
			vertex 5.654360771179199 15.121604919433594 5.654360771179199
			vertex 4.914313316345215 15.085686683654785 6.496918201446533
			vertex 5.705460548400879 15.779478073120117 6.513660430908203
		endloop
	endfacet
	facet normal -0.5999045047308018 0.693704738865057 -0.39860797844480567
		outer loop
			vertex 4.914313316345215 15.085686683654785 6.496918201446533
			vertex 5.016412734985352 15.69064712524414 7.396082401275635
			vertex 5.705460548400879 15.779478073120117 6.513660430908203
		endloop
	endfacet
	facet normal -0.5649939275308816 0.7390907603059432 -0.36677882965570946
		outer loop
			vertex 5.705460548400879 15.779478073120117 6.513660430908203
			vertex 5.016412734985352 15.69064712524414 7.396082401275635
			vertex 5.80067253112793 16.299095153808594 7.414066791534424
		endloop
	endfacet
	facet normal -0.47590781435671103 0.5741645982025867 -0.6662182573339465
		outer loop
			vertex 5.654360771179199 14.3456392288208 4.878395080566406
			vertex 6.496918201446533 15.085686683654785 4.914313316345215
			vertex 6.513660430908203 14.294539451599121 4.220521926879883
		endloop
	endfacet
	facet normal -0.5087442321196427 0.6087607519728072 -0.6087607519728072
		outer loop
			vertex 5.654360771179199 14.3456392288208 4.878395080566406
			vertex 5.654360771179199 15.121604919433594 5.654360771179199
			vertex 6.496918201446533 15.085686683654785 4.914313316345215
		endloop
	endfacet
	facet normal -0.47590781435671103 0.6662182573339465 -0.5741645982025867
		outer loop
			vertex 5.654360771179199 15.121604919433594 5.654360771179199
			vertex 6.513660430908203 15.779478073120117 5.705460548400879
			vertex 6.496918201446533 15.085686683654785 4.914313316345215
		endloop
	endfacet
	facet normal -0.39860829048401636 0.5999044115537043 -0.6937046401429169
		outer loop
			vertex 6.513660430908203 14.294539451599121 4.220521926879883
			vertex 6.496918201446533 15.085686683654785 4.914313316345215
			vertex 7.396082401275635 14.983587265014648 4.309352397918701
		endloop
	endfacet
	facet normal -0.3677421464173263 0.6575584753241617 -0.6575580318707557
		outer loop
			vertex 6.496918201446533 15.085686683654785 4.914313316345215
			vertex 7.396082401275635 15.69064712524414 5.016412734985352
			vertex 7.396082401275635 14.983587265014648 4.309352397918701
		endloop
	endfacet
	facet normal -0.39860797844480567 0.693704738865057 -0.5999045047308018
		outer loop
			vertex 6.496918201446533 15.085686683654785 4.914313316345215
			vertex 6.513660430908203 15.779478073120117 5.705460548400879
			vertex 7.396082401275635 15.69064712524414 5.016412734985352
		endloop
	endfacet
	facet normal -0.3667788296557094 0.7390907603059431 -0.5649939275308815
		outer loop
			vertex 6.513660430908203 15.779478073120117 5.705460548400879
			vertex 7.414066791534424 16.299095153808594 5.80067253112793
			vertex 7.396082401275635 15.69064712524414 5.016412734985352
		endloop
	endfacet
	facet normal -0.5053956064370707 0.6993929953811456 -0.5053956064370707
		outer loop
			vertex 5.654360771179199 15.121604919433594 5.654360771179199
			vertex 5.705460548400879 15.779478073120117 6.513660430908203
			vertex 6.513660430908203 15.779478073120117 5.705460548400879
		endloop
	endfacet
	facet normal -0.4719654230764748 0.7446457404971094 -0.4719654230764748
		outer loop
			vertex 5.705460548400879 15.779478073120117 6.513660430908203
			vertex 6.561870098114014 16.35283660888672 6.561870098114014
			vertex 6.513660430908203 15.779478073120117 5.705460548400879
		endloop
	endfacet
	facet normal -0.49587121435414805 0.7738079385141137 -0.39412309380126437
		outer loop
			vertex 5.705460548400879 15.779478073120117 6.513660430908203
			vertex 5.80067253112793 16.299095153808594 7.414066791534424
			vertex 6.561870098114014 16.35283660888672 6.561870098114014
		endloop
	endfacet
	facet normal -0.39412309380126437 0.7738079385141137 -0.49587121435414805
		outer loop
			vertex 6.513660430908203 15.779478073120117 5.705460548400879
			vertex 6.561870098114014 16.35283660888672 6.561870098114014
			vertex 7.414066791534424 16.299095153808594 5.80067253112793
		endloop
	endfacet
	facet normal -0.46442205680179693 0.8073899167534596 -0.36391437932682785
		outer loop
			vertex 5.80067253112793 16.299095153808594 7.414066791534424
			vertex 6.636068820953369 16.79505157470703 7.448288440704346
			vertex 6.561870098114014 16.35283660888672 6.561870098114014
		endloop
	endfacet
	facet normal -0.36391437932682785 0.8073899167534596 -0.46442205680179693
		outer loop
			vertex 7.414066791534424 16.299095153808594 5.80067253112793
			vertex 6.561870098114014 16.35283660888672 6.561870098114014
			vertex 7.448288440704346 16.79505157470703 6.636068820953369
		endloop
	endfacet
	facet normal -0.38579215091568736 0.8380506145715158 -0.38579215091568736
		outer loop
			vertex 6.561870098114014 16.35283660888672 6.561870098114014
			vertex 6.636068820953369 16.79505157470703 7.448288440704346
			vertex 7.448288440704346 16.79505157470703 6.636068820953369
		endloop
	endfacet
	facet normal -0.3592423630552334 0.8613302787972706 -0.3592423630552334
		outer loop
			vertex 6.636068820953369 16.79505157470703 7.448288440704346
			vertex 7.4956374168396 17.173307418823242 7.4956374168396
			vertex 7.448288440704346 16.79505157470703 6.636068820953369
		endloop
	endfacet
	facet normal -0.7233133869434103 0.6414483365029083 -0.255659492032086
		outer loop
			vertex 3.8524019718170166 14.8301362991333 8.303881645202637
			vertex 4.472324848175049 15.52767562866211 8.300114631652832
			vertex 4.309352397918701 14.983587265014648 7.396082401275635
		endloop
	endfacet
	facet normal -0.736687302959614 0.6537815642241352 -0.17280475670169743
		outer loop
			vertex 3.8524019718170166 14.8301362991333 8.303881645202637
			vertex 4.0767130851745605 15.314181327819824 9.178930282592773
			vertex 4.472324848175049 15.52767562866211 8.300114631652832
		endloop
	endfacet
	facet normal -0.6776390144508686 0.6776394714467753 -0.2856748375888058
		outer loop
			vertex 4.309352397918701 14.983587265014648 7.396082401275635
			vertex 4.472324848175049 15.52767562866211 8.300114631652832
			vertex 5.016412734985352 15.69064712524414 7.396082401275635
		endloop
	endfacet
	facet normal -0.6996347931824712 0.6996358885988813 -0.14498544600398566
		outer loop
			vertex 4.472324848175049 15.52767562866211 8.300114631652832
			vertex 4.0767130851745605 15.314181327819824 9.178930282592773
			vertex 4.685819149017334 15.923286437988281 9.178930282592773
		endloop
	endfacet
	facet normal -0.6537820428816151 0.7366871130255831 -0.17280375547879157
		outer loop
			vertex 4.472324848175049 15.52767562866211 8.300114631652832
			vertex 4.685819149017334 15.923286437988281 9.178930282592773
			vertex 5.169863224029541 16.147598266601562 8.303881645202637
		endloop
	endfacet
	facet normal -0.6414485732215468 0.7233129486194527 -0.2556601382137524
		outer loop
			vertex 5.016412734985352 15.69064712524414 7.396082401275635
			vertex 4.472324848175049 15.52767562866211 8.300114631652832
			vertex 5.169863224029541 16.147598266601562 8.303881645202637
		endloop
	endfacet
	facet normal -0.5836190419931159 0.7606577593121578 -0.2842333320025029
		outer loop
			vertex 5.016412734985352 15.69064712524414 7.396082401275635
			vertex 5.169863224029541 16.147598266601562 8.303881645202637
			vertex 5.80067253112793 16.299095153808594 7.414066791534424
		endloop
	endfacet
	facet normal -0.6199106860461019 0.7711130501351179 -0.14524257377630823
		outer loop
			vertex 4.685819149017334 15.923286437988281 9.178930282592773
			vertex 5.355638027191162 16.462081909179688 9.180612564086914
			vertex 5.169863224029541 16.147598266601562 8.303881645202637
		endloop
	endfacet
	facet normal -0.7403636640992076 0.6710267526030542 -0.03980882028640404
		outer loop
			vertex 4.0767130851745605 15.314181327819824 9.178930282592773
			vertex 3.8159162998199463 15.075146675109863 10
			vertex 4.343145847320557 15.656854629516602 10
		endloop
	endfacet
	facet normal -0.7403636640992076 0.6710267526030542 0.03980882028640404
		outer loop
			vertex 3.8159162998199463 15.075146675109863 10
			vertex 4.0767130851745605 15.314181327819824 10.821069717407227
			vertex 4.343145847320557 15.656854629516602 10
		endloop
	endfacet
	facet normal -0.7055869382202528 0.705588042955921 -0.06551783154686022
		outer loop
			vertex 4.0767130851745605 15.314181327819824 9.178930282592773
			vertex 4.343145847320557 15.656854629516602 10
			vertex 4.685819149017334 15.923286437988281 9.178930282592773
		endloop
	endfacet
	facet normal -0.6710265662037662 0.7403637932394188 -0.03980956052158617
		outer loop
			vertex 4.685819149017334 15.923286437988281 9.178930282592773
			vertex 4.343145847320557 15.656854629516602 10
			vertex 4.924853801727295 16.184083938598633 10
		endloop
	endfacet
	facet normal -0.7055869382202528 0.705588042955921 0.06551783154686022
		outer loop
			vertex 4.0767130851745605 15.314181327819824 10.821069717407227
			vertex 4.685819149017334 15.923286437988281 10.821069717407227
			vertex 4.343145847320557 15.656854629516602 10
		endloop
	endfacet
	facet normal -0.6710265662037662 0.7403637932394188 0.03980956052158617
		outer loop
			vertex 4.343145847320557 15.656854629516602 10
			vertex 4.685819149017334 15.923286437988281 10.821069717407227
			vertex 4.924853801727295 16.184083938598633 10
		endloop
	endfacet
	facet normal -0.6253563217828376 0.7776322272232181 -0.06494297490951136
		outer loop
			vertex 4.685819149017334 15.923286437988281 9.178930282592773
			vertex 4.924853801727295 16.184083938598633 10
			vertex 5.355638027191162 16.462081909179688 9.180612564086914
		endloop
	endfacet
	facet normal -0.6253563217828376 0.7776322272232181 0.06494297490951136
		outer loop
			vertex 4.685819149017334 15.923286437988281 10.821069717407227
			vertex 5.355638027191162 16.462081909179688 10.819387435913086
			vertex 4.924853801727295 16.184083938598633 10
		endloop
	endfacet
	facet normal -0.55088299051119 0.7945917934420785 -0.2552485309653113
		outer loop
			vertex 5.80067253112793 16.299095153808594 7.414066791534424
			vertex 5.169863224029541 16.147598266601562 8.303881645202637
			vertex 5.928275108337402 16.67693519592285 8.314892768859863
		endloop
	endfacet
	facet normal -0.5622257480586187 0.8090925593312387 -0.17108897876471432
		outer loop
			vertex 5.169863224029541 16.147598266601562 8.303881645202637
			vertex 5.355638027191162 16.462081909179688 9.180612564086914
			vertex 5.928275108337402 16.67693519592285 8.314892768859863
		endloop
	endfacet
	facet normal -0.5952065163028125 0.802544452946476 -0.04063993104707901
		outer loop
			vertex 5.355638027191162 16.462081909179688 9.180612564086914
			vertex 4.924853801727295 16.184083938598633 10
			vertex 5.555438041687012 16.651756286621094 10
		endloop
	endfacet
	facet normal -0.538227762545882 0.8404188624289084 -0.06330095811718531
		outer loop
			vertex 5.355638027191162 16.462081909179688 9.180612564086914
			vertex 5.555438041687012 16.651756286621094 10
			vertex 6.0750226974487305 16.92304229736328 9.183882713317871
		endloop
	endfacet
	facet normal -0.5952065163028125 0.802544452946476 0.04063993104707901
		outer loop
			vertex 4.924853801727295 16.184083938598633 10
			vertex 5.355638027191162 16.462081909179688 10.819387435913086
			vertex 5.555438041687012 16.651756286621094 10
		endloop
	endfacet
	facet normal -0.538227762545882 0.8404188624289084 0.06330095811718531
		outer loop
			vertex 5.355638027191162 16.462081909179688 10.819387435913086
			vertex 6.0750226974487305 16.92304229736328 10.816117286682129
			vertex 5.555438041687012 16.651756286621094 10
		endloop
	endfacet
	facet normal -0.4815465149450243 0.8304520776759269 -0.28011122902882374
		outer loop
			vertex 5.80067253112793 16.299095153808594 7.414066791534424
			vertex 5.928275108337402 16.67693519592285 8.314892768859863
			vertex 6.636068820953369 16.79505157470703 7.448288440704346
		endloop
	endfacet
	facet normal -0.45390229883154753 0.8539855271710831 -0.25432542636898064
		outer loop
			vertex 5.928275108337402 16.67693519592285 8.314892768859863
			vertex 6.728739261627197 17.107582092285156 8.33232593536377
			vertex 6.636068820953369 16.79505157470703 7.448288440704346
		endloop
	endfacet
	facet normal -0.5332674253049019 0.8332638801467642 -0.1459354622819278
		outer loop
			vertex 5.928275108337402 16.67693519592285 8.314892768859863
			vertex 5.355638027191162 16.462081909179688 9.180612564086914
			vertex 6.0750226974487305 16.92304229736328 9.183882713317871
		endloop
	endfacet
	facet normal -0.4642177616463316 0.869660919734972 -0.16790400369792363
		outer loop
			vertex 5.928275108337402 16.67693519592285 8.314892768859863
			vertex 6.0750226974487305 16.92304229736328 9.183882713317871
			vertex 6.728739261627197 17.107582092285156 8.33232593536377
		endloop
	endfacet
	facet normal -0.4411938525836701 0.8853175110927489 -0.14683626593903604
		outer loop
			vertex 6.0750226974487305 16.92304229736328 9.183882713317871
			vertex 6.83193826675415 17.301023483276367 9.188560485839844
			vertex 6.728739261627197 17.107582092285156 8.33232593536377
		endloop
	endfacet
	facet normal -0.37470192364998944 0.8857742168725282 -0.2738658524476116
		outer loop
			vertex 6.636068820953369 16.79505157470703 7.448288440704346
			vertex 6.728739261627197 17.107582092285156 8.33232593536377
			vertex 7.4956374168396 17.173307418823242 7.4956374168396
		endloop
	endfacet
	facet normal -0.35293101350818895 0.9008716909264387 -0.2527249417675706
		outer loop
			vertex 7.4956374168396 17.173307418823242 7.4956374168396
			vertex 6.728739261627197 17.107582092285156 8.33232593536377
			vertex 7.552255153656006 17.436555862426758 8.354954719543457
		endloop
	endfacet
	facet normal -0.36208520364286617 0.9176620976405848 -0.16367828156718287
		outer loop
			vertex 6.728739261627197 17.107582092285156 8.33232593536377
			vertex 6.83193826675415 17.301023483276367 9.188560485839844
			vertex 7.552255153656006 17.436555862426758 8.354954719543457
		endloop
	endfacet
	facet normal -0.3452505590410191 0.9268246598303232 -0.1476418010330052
		outer loop
			vertex 6.83193826675415 17.301023483276367 9.188560485839844
			vertex 7.614159107208252 17.593338012695312 9.1943998336792
			vertex 7.552255153656006 17.436555862426758 8.354954719543457
		endloop
	endfacet
	facet normal -0.5136465949630973 0.8569658575529288 -0.0421508537444896
		outer loop
			vertex 6.0750226974487305 16.92304229736328 9.183882713317871
			vertex 5.555438041687012 16.651756286621094 10
			vertex 6.22882604598999 17.055370330810547 10
		endloop
	endfacet
	facet normal -0.4456344670756359 0.8931456091516069 -0.06083455109902265
		outer loop
			vertex 6.0750226974487305 16.92304229736328 9.183882713317871
			vertex 6.22882604598999 17.055370330810547 10
			vertex 6.83193826675415 17.301023483276367 9.188560485839844
		endloop
	endfacet
	facet normal -0.5136465949630973 0.8569658575529288 0.0421508537444896
		outer loop
			vertex 5.555438041687012 16.651756286621094 10
			vertex 6.0750226974487305 16.92304229736328 10.816117286682129
			vertex 6.22882604598999 17.055370330810547 10
		endloop
	endfacet
	facet normal -0.4456344670756359 0.8931456091516069 0.06083455109902265
		outer loop
			vertex 6.0750226974487305 16.92304229736328 10.816117286682129
			vertex 6.83193826675415 17.301023483276367 10.811439514160156
			vertex 6.22882604598999 17.055370330810547 10
		endloop
	endfacet
	facet normal -0.4271402632146683 0.9031106685172544 -0.04407171373139482
		outer loop
			vertex 6.83193826675415 17.301023483276367 9.188560485839844
			vertex 6.22882604598999 17.055370330810547 10
			vertex 6.93853235244751 17.391036987304688 10
		endloop
	endfacet
	facet normal -0.3490876941862753 0.935299876356714 -0.057895794793968
		outer loop
			vertex 6.83193826675415 17.301023483276367 9.188560485839844
			vertex 6.93853235244751 17.391036987304688 10
			vertex 7.614159107208252 17.593338012695312 9.1943998336792
		endloop
	endfacet
	facet normal -0.3365323251008588 0.9405453193214692 -0.04604884867926124
		outer loop
			vertex 7.614159107208252 17.593338012695312 9.1943998336792
			vertex 6.93853235244751 17.391036987304688 10
			vertex 7.677722454071045 17.6555233001709 10
		endloop
	endfacet
	facet normal -0.4271402632146683 0.9031106685172544 0.04407171373139482
		outer loop
			vertex 6.22882604598999 17.055370330810547 10
			vertex 6.83193826675415 17.301023483276367 10.811439514160156
			vertex 6.93853235244751 17.391036987304688 10
		endloop
	endfacet
	facet normal -0.3490876941862753 0.935299876356714 0.057895794793968
		outer loop
			vertex 6.93853235244751 17.391036987304688 10
			vertex 6.83193826675415 17.301023483276367 10.811439514160156
			vertex 7.614159107208252 17.593338012695312 10.8056001663208
		endloop
	endfacet
	facet normal -0.3365323251008588 0.9405453193214692 0.04604884867926124
		outer loop
			vertex 6.93853235244751 17.391036987304688 10
			vertex 7.614159107208252 17.593338012695312 10.8056001663208
			vertex 7.677722454071045 17.6555233001709 10
		endloop
	endfacet
	facet normal -0.255659492032086 0.6414483365029083 -0.7233133869434103
		outer loop
			vertex 7.396082401275635 14.983587265014648 4.309352397918701
			vertex 8.300114631652832 15.52767562866211 4.472324848175049
			vertex 8.303881645202637 14.8301362991333 3.8524019718170166
		endloop
	endfacet
	facet normal -0.2856748375888058 0.6776394714467753 -0.6776390144508686
		outer loop
			vertex 7.396082401275635 14.983587265014648 4.309352397918701
			vertex 7.396082401275635 15.69064712524414 5.016412734985352
			vertex 8.300114631652832 15.52767562866211 4.472324848175049
		endloop
	endfacet
	facet normal -0.2842333320025029 0.7606577593121578 -0.5836190419931159
		outer loop
			vertex 7.396082401275635 15.69064712524414 5.016412734985352
			vertex 7.414066791534424 16.299095153808594 5.80067253112793
			vertex 8.303881645202637 16.147598266601562 5.169863224029541
		endloop
	endfacet
	facet normal -0.2556601382137524 0.7233129486194527 -0.6414485732215468
		outer loop
			vertex 7.396082401275635 15.69064712524414 5.016412734985352
			vertex 8.303881645202637 16.147598266601562 5.169863224029541
			vertex 8.300114631652832 15.52767562866211 4.472324848175049
		endloop
	endfacet
	facet normal -0.17280475670169743 0.6537815642241352 -0.736687302959614
		outer loop
			vertex 8.303881645202637 14.8301362991333 3.8524019718170166
			vertex 8.300114631652832 15.52767562866211 4.472324848175049
			vertex 9.178930282592773 15.314181327819824 4.0767130851745605
		endloop
	endfacet
	facet normal -0.17280375547879157 0.7366871130255831 -0.6537820428816151
		outer loop
			vertex 8.300114631652832 15.52767562866211 4.472324848175049
			vertex 8.303881645202637 16.147598266601562 5.169863224029541
			vertex 9.178930282592773 15.923286437988281 4.685819149017334
		endloop
	endfacet
	facet normal -0.14498544600398566 0.6996358885988813 -0.6996347931824712
		outer loop
			vertex 8.300114631652832 15.52767562866211 4.472324848175049
			vertex 9.178930282592773 15.923286437988281 4.685819149017334
			vertex 9.178930282592773 15.314181327819824 4.0767130851745605
		endloop
	endfacet
	facet normal -0.14524257377630823 0.7711130501351179 -0.6199106860461019
		outer loop
			vertex 9.178930282592773 15.923286437988281 4.685819149017334
			vertex 8.303881645202637 16.147598266601562 5.169863224029541
			vertex 9.180612564086914 16.462081909179688 5.355638027191162
		endloop
	endfacet
	facet normal -0.2552485309653113 0.7945917934420785 -0.55088299051119
		outer loop
			vertex 7.414066791534424 16.299095153808594 5.80067253112793
			vertex 8.314892768859863 16.67693519592285 5.928275108337402
			vertex 8.303881645202637 16.147598266601562 5.169863224029541
		endloop
	endfacet
	facet normal -0.17108897876471432 0.8090925593312387 -0.5622257480586187
		outer loop
			vertex 8.303881645202637 16.147598266601562 5.169863224029541
			vertex 8.314892768859863 16.67693519592285 5.928275108337402
			vertex 9.180612564086914 16.462081909179688 5.355638027191162
		endloop
	endfacet
	facet normal -0.28011122902882374 0.8304520776759269 -0.4815465149450243
		outer loop
			vertex 7.414066791534424 16.299095153808594 5.80067253112793
			vertex 7.448288440704346 16.79505157470703 6.636068820953369
			vertex 8.314892768859863 16.67693519592285 5.928275108337402
		endloop
	endfacet
	facet normal -0.25432542636898064 0.8539855271710831 -0.45390229883154753
		outer loop
			vertex 8.314892768859863 16.67693519592285 5.928275108337402
			vertex 7.448288440704346 16.79505157470703 6.636068820953369
			vertex 8.33232593536377 17.107582092285156 6.728739261627197
		endloop
	endfacet
	facet normal -0.2738658524476116 0.8857742168725282 -0.37470192364998944
		outer loop
			vertex 7.448288440704346 16.79505157470703 6.636068820953369
			vertex 7.4956374168396 17.173307418823242 7.4956374168396
			vertex 8.33232593536377 17.107582092285156 6.728739261627197
		endloop
	endfacet
	facet normal -0.2527249417675706 0.9008716909264386 -0.35293101350818895
		outer loop
			vertex 7.4956374168396 17.173307418823242 7.4956374168396
			vertex 8.354954719543457 17.436555862426758 7.552255153656006
			vertex 8.33232593536377 17.107582092285156 6.728739261627197
		endloop
	endfacet
	facet normal -0.16790400369792363 0.869660919734972 -0.4642177616463316
		outer loop
			vertex 8.314892768859863 16.67693519592285 5.928275108337402
			vertex 8.33232593536377 17.107582092285156 6.728739261627197
			vertex 9.183882713317871 16.92304229736328 6.0750226974487305
		endloop
	endfacet
	facet normal -0.1459354622819278 0.8332638801467642 -0.5332674253049019
		outer loop
			vertex 8.314892768859863 16.67693519592285 5.928275108337402
			vertex 9.183882713317871 16.92304229736328 6.0750226974487305
			vertex 9.180612564086914 16.462081909179688 5.355638027191162
		endloop
	endfacet
	facet normal -0.14683626593903604 0.885317511092749 -0.4411938525836701
		outer loop
			vertex 8.33232593536377 17.107582092285156 6.728739261627197
			vertex 9.188560485839844 17.301023483276367 6.83193826675415
			vertex 9.183882713317871 16.92304229736328 6.0750226974487305
		endloop
	endfacet
	facet normal -0.16367828156718287 0.9176620976405848 -0.36208520364286617
		outer loop
			vertex 8.33232593536377 17.107582092285156 6.728739261627197
			vertex 8.354954719543457 17.436555862426758 7.552255153656006
			vertex 9.188560485839844 17.301023483276367 6.83193826675415
		endloop
	endfacet
	facet normal -0.1476418010330052 0.9268246598303232 -0.3452505590410191
		outer loop
			vertex 8.354954719543457 17.436555862426758 7.552255153656006
			vertex 9.1943998336792 17.593338012695312 7.614159107208252
			vertex 9.188560485839844 17.301023483276367 6.83193826675415
		endloop
	endfacet
	facet normal -0.03980882028640404 0.6710267526030542 -0.7403636640992076
		outer loop
			vertex 9.178930282592773 15.314181327819824 4.0767130851745605
			vertex 10 15.656854629516602 4.343145847320557
			vertex 10 15.075146675109863 3.8159162998199463
		endloop
	endfacet
	facet normal -0.06551783154686021 0.7055880429559209 -0.7055869382202526
		outer loop
			vertex 9.178930282592773 15.314181327819824 4.0767130851745605
			vertex 9.178930282592773 15.923286437988281 4.685819149017334
			vertex 10 15.656854629516602 4.343145847320557
		endloop
	endfacet
	facet normal -0.03980956052158617 0.7403637932394188 -0.6710265662037662
		outer loop
			vertex 9.178930282592773 15.923286437988281 4.685819149017334
			vertex 10 16.184083938598633 4.924853801727295
			vertex 10 15.656854629516602 4.343145847320557
		endloop
	endfacet
	facet normal -0.06494297490951136 0.7776322272232181 -0.6253563217828376
		outer loop
			vertex 9.178930282592773 15.923286437988281 4.685819149017334
			vertex 9.180612564086914 16.462081909179688 5.355638027191162
			vertex 10 16.184083938598633 4.924853801727295
		endloop
	endfacet
	facet normal 0.03980882028640404 0.6710267526030542 -0.7403636640992076
		outer loop
			vertex 10 15.075146675109863 3.8159162998199463
			vertex 10 15.656854629516602 4.343145847320557
			vertex 10.821069717407227 15.314181327819824 4.0767130851745605
		endloop
	endfacet
	facet normal 0.06551783154686021 0.7055880429559209 -0.7055869382202526
		outer loop
			vertex 10 15.656854629516602 4.343145847320557
			vertex 10.821069717407227 15.923286437988281 4.685819149017334
			vertex 10.821069717407227 15.314181327819824 4.0767130851745605
		endloop
	endfacet
	facet normal 0.03980956052158617 0.7403637932394188 -0.6710265662037662
		outer loop
			vertex 10 15.656854629516602 4.343145847320557
			vertex 10 16.184083938598633 4.924853801727295
			vertex 10.821069717407227 15.923286437988281 4.685819149017334
		endloop
	endfacet
	facet normal 0.06494297490951136 0.7776322272232181 -0.6253563217828376
		outer loop
			vertex 10.821069717407227 15.923286437988281 4.685819149017334
			vertex 10 16.184083938598633 4.924853801727295
			vertex 10.819387435913086 16.462081909179688 5.355638027191162
		endloop
	endfacet
	facet normal -0.0633009581171853 0.8404188624289082 -0.5382277625458819
		outer loop
			vertex 9.180612564086914 16.462081909179688 5.355638027191162
			vertex 9.183882713317871 16.92304229736328 6.0750226974487305
			vertex 10 16.651756286621094 5.555438041687012
		endloop
	endfacet
	facet normal -0.04063993104707902 0.8025444529464761 -0.5952065163028126
		outer loop
			vertex 9.180612564086914 16.462081909179688 5.355638027191162
			vertex 10 16.651756286621094 5.555438041687012
			vertex 10 16.184083938598633 4.924853801727295
		endloop
	endfacet
	facet normal 0.04063993104707902 0.8025444529464761 -0.5952065163028126
		outer loop
			vertex 10 16.184083938598633 4.924853801727295
			vertex 10 16.651756286621094 5.555438041687012
			vertex 10.819387435913086 16.462081909179688 5.355638027191162
		endloop
	endfacet
	facet normal 0.0633009581171853 0.8404188624289082 -0.5382277625458819
		outer loop
			vertex 10 16.651756286621094 5.555438041687012
			vertex 10.816117286682129 16.92304229736328 6.0750226974487305
			vertex 10.819387435913086 16.462081909179688 5.355638027191162
		endloop
	endfacet
	facet normal -0.06083455109902264 0.8931456091516067 -0.4456344670756358
		outer loop
			vertex 9.183882713317871 16.92304229736328 6.0750226974487305
			vertex 9.188560485839844 17.301023483276367 6.83193826675415
			vertex 10 17.055370330810547 6.22882604598999
		endloop
	endfacet
	facet normal -0.0421508537444896 0.8569658575529288 -0.5136465949630973
		outer loop
			vertex 9.183882713317871 16.92304229736328 6.0750226974487305
			vertex 10 17.055370330810547 6.22882604598999
			vertex 10 16.651756286621094 5.555438041687012
		endloop
	endfacet
	facet normal -0.057895794793968 0.935299876356714 -0.3490876941862753
		outer loop
			vertex 9.188560485839844 17.301023483276367 6.83193826675415
			vertex 9.1943998336792 17.593338012695312 7.614159107208252
			vertex 10 17.391036987304688 6.93853235244751
		endloop
	endfacet
	facet normal -0.04407171373139482 0.9031106685172544 -0.4271402632146683
		outer loop
			vertex 9.188560485839844 17.301023483276367 6.83193826675415
			vertex 10 17.391036987304688 6.93853235244751
			vertex 10 17.055370330810547 6.22882604598999
		endloop
	endfacet
	facet normal -0.04604884867926124 0.9405453193214692 -0.3365323251008588
		outer loop
			vertex 9.1943998336792 17.593338012695312 7.614159107208252
			vertex 10 17.6555233001709 7.677722454071045
			vertex 10 17.391036987304688 6.93853235244751
		endloop
	endfacet
	facet normal 0.0421508537444896 0.8569658575529288 -0.5136465949630973
		outer loop
			vertex 10 16.651756286621094 5.555438041687012
			vertex 10 17.055370330810547 6.22882604598999
			vertex 10.816117286682129 16.92304229736328 6.0750226974487305
		endloop
	endfacet
	facet normal 0.06083455109902264 0.8931456091516067 -0.4456344670756358
		outer loop
			vertex 10.816117286682129 16.92304229736328 6.0750226974487305
			vertex 10 17.055370330810547 6.22882604598999
			vertex 10.811439514160156 17.301023483276367 6.83193826675415
		endloop
	endfacet
	facet normal 0.04407171373139482 0.9031106685172544 -0.4271402632146683
		outer loop
			vertex 10 17.055370330810547 6.22882604598999
			vertex 10 17.391036987304688 6.93853235244751
			vertex 10.811439514160156 17.301023483276367 6.83193826675415
		endloop
	endfacet
	facet normal 0.04604884867926124 0.9405453193214692 -0.3365323251008588
		outer loop
			vertex 10 17.391036987304688 6.93853235244751
			vertex 10 17.6555233001709 7.677722454071045
			vertex 10.8056001663208 17.593338012695312 7.614159107208252
		endloop
	endfacet
	facet normal 0.057895794793968 0.935299876356714 -0.3490876941862753
		outer loop
			vertex 10 17.391036987304688 6.93853235244751
			vertex 10.8056001663208 17.593338012695312 7.614159107208252
			vertex 10.811439514160156 17.301023483276367 6.83193826675415
		endloop
	endfacet
	facet normal -0.26625595192470136 0.9263992315029964 -0.26625595192470136
		outer loop
			vertex 7.4956374168396 17.173307418823242 7.4956374168396
			vertex 7.552255153656006 17.436555862426758 8.354954719543457
			vertex 8.354954719543457 17.436555862426758 7.552255153656006
		endloop
	endfacet
	facet normal -0.2502974003932225 0.9352552714167347 -0.2502974003932225
		outer loop
			vertex 7.552255153656006 17.436555862426758 8.354954719543457
			vertex 8.381321907043457 17.665491104125977 8.381321907043457
			vertex 8.354954719543457 17.436555862426758 7.552255153656006
		endloop
	endfacet
	facet normal -0.2580902699456821 0.9529556015233888 -0.1589497847892894
		outer loop
			vertex 7.552255153656006 17.436555862426758 8.354954719543457
			vertex 7.614159107208252 17.593338012695312 9.1943998336792
			vertex 8.381321907043457 17.665491104125977 8.381321907043457
		endloop
	endfacet
	facet normal -0.2469516327027079 0.9576555007593724 -0.14802308256073685
		outer loop
			vertex 7.614159107208252 17.593338012695312 9.1943998336792
			vertex 8.40990924835205 17.799575805664062 9.2011079788208
			vertex 8.381321907043457 17.665491104125977 8.381321907043457
		endloop
	endfacet
	facet normal -0.1589497847892894 0.9529556015233888 -0.2580902699456821
		outer loop
			vertex 8.354954719543457 17.436555862426758 7.552255153656006
			vertex 8.381321907043457 17.665491104125977 8.381321907043457
			vertex 9.1943998336792 17.593338012695312 7.614159107208252
		endloop
	endfacet
	facet normal -0.14802308256073685 0.9576555007593724 -0.2469516327027079
		outer loop
			vertex 9.1943998336792 17.593338012695312 7.614159107208252
			vertex 8.381321907043457 17.665491104125977 8.381321907043457
			vertex 9.2011079788208 17.799575805664062 8.40990924835205
		endloop
	endfacet
	facet normal -0.15424318865907058 0.9759190937288628 -0.15424318865907058
		outer loop
			vertex 8.381321907043457 17.665491104125977 8.381321907043457
			vertex 8.40990924835205 17.799575805664062 9.2011079788208
			vertex 9.2011079788208 17.799575805664062 8.40990924835205
		endloop
	endfacet
	facet normal -0.14771527008639496 0.9779368067347741 -0.14771527008639496
		outer loop
			vertex 8.40990924835205 17.799575805664062 9.2011079788208
			vertex 9.208368301391602 17.92127799987793 9.208368301391602
			vertex 9.2011079788208 17.799575805664062 8.40990924835205
		endloop
	endfacet
	facet normal -0.2500730828935995 0.9666699769230213 -0.05488723829577065
		outer loop
			vertex 7.614159107208252 17.593338012695312 9.1943998336792
			vertex 7.677722454071045 17.6555233001709 10
			vertex 8.40990924835205 17.799575805664062 9.2011079788208
		endloop
	endfacet
	facet normal -0.24270331055385463 0.9689258625769389 -0.04772605028424554
		outer loop
			vertex 8.40990924835205 17.799575805664062 9.2011079788208
			vertex 7.677722454071045 17.6555233001709 10
			vertex 8.439277648925781 17.846282958984375 10
		endloop
	endfacet
	facet normal -0.2500730828935995 0.9666699769230213 0.05488723829577065
		outer loop
			vertex 7.677722454071045 17.6555233001709 10
			vertex 7.614159107208252 17.593338012695312 10.8056001663208
			vertex 8.40990924835205 17.799575805664062 10.7988920211792
		endloop
	endfacet
	facet normal -0.24270331055385463 0.9689258625769389 0.04772605028424554
		outer loop
			vertex 7.677722454071045 17.6555233001709 10
			vertex 8.40990924835205 17.799575805664062 10.7988920211792
			vertex 8.439277648925781 17.846282958984375 10
		endloop
	endfacet
	facet normal -0.15001159693117133 0.9873048363574879 -0.05220805389280506
		outer loop
			vertex 8.40990924835205 17.799575805664062 9.2011079788208
			vertex 8.439277648925781 17.846282958984375 10
			vertex 9.208368301391602 17.92127799987793 9.208368301391602
		endloop
	endfacet
	facet normal -0.1465541962799744 0.9879990149726772 -0.04878333696817435
		outer loop
			vertex 9.208368301391602 17.92127799987793 9.208368301391602
			vertex 8.439277648925781 17.846282958984375 10
			vertex 9.215863227844238 17.961477279663086 10
		endloop
	endfacet
	facet normal -0.15001159693117133 0.9873048363574879 0.05220805389280506
		outer loop
			vertex 8.439277648925781 17.846282958984375 10
			vertex 8.40990924835205 17.799575805664062 10.7988920211792
			vertex 9.208368301391602 17.92127799987793 10.791631698608398
		endloop
	endfacet
	facet normal -0.1465541962799744 0.9879990149726772 0.04878333696817435
		outer loop
			vertex 8.439277648925781 17.846282958984375 10
			vertex 9.208368301391602 17.92127799987793 10.791631698608398
			vertex 9.215863227844238 17.961477279663086 10
		endloop
	endfacet
	facet normal -0.05488723829577065 0.9666699769230213 -0.2500730828935995
		outer loop
			vertex 9.1943998336792 17.593338012695312 7.614159107208252
			vertex 9.2011079788208 17.799575805664062 8.40990924835205
			vertex 10 17.6555233001709 7.677722454071045
		endloop
	endfacet
	facet normal -0.04772605028424554 0.9689258625769389 -0.24270331055385463
		outer loop
			vertex 9.2011079788208 17.799575805664062 8.40990924835205
			vertex 10 17.846282958984375 8.439277648925781
			vertex 10 17.6555233001709 7.677722454071045
		endloop
	endfacet
	facet normal -0.05220805389280506 0.9873048363574879 -0.15001159693117133
		outer loop
			vertex 9.2011079788208 17.799575805664062 8.40990924835205
			vertex 9.208368301391602 17.92127799987793 9.208368301391602
			vertex 10 17.846282958984375 8.439277648925781
		endloop
	endfacet
	facet normal -0.04878333696817435 0.9879990149726772 -0.1465541962799744
		outer loop
			vertex 9.208368301391602 17.92127799987793 9.208368301391602
			vertex 10 17.961477279663086 9.215863227844238
			vertex 10 17.846282958984375 8.439277648925781
		endloop
	endfacet
	facet normal 0.05488723829577065 0.9666699769230213 -0.2500730828935995
		outer loop
			vertex 10 17.6555233001709 7.677722454071045
			vertex 10.7988920211792 17.799575805664062 8.40990924835205
			vertex 10.8056001663208 17.593338012695312 7.614159107208252
		endloop
	endfacet
	facet normal 0.04772605028424554 0.9689258625769389 -0.24270331055385463
		outer loop
			vertex 10 17.6555233001709 7.677722454071045
			vertex 10 17.846282958984375 8.439277648925781
			vertex 10.7988920211792 17.799575805664062 8.40990924835205
		endloop
	endfacet
	facet normal 0.05220805389280506 0.9873048363574879 -0.15001159693117133
		outer loop
			vertex 10 17.846282958984375 8.439277648925781
			vertex 10.791631698608398 17.92127799987793 9.208368301391602
			vertex 10.7988920211792 17.799575805664062 8.40990924835205
		endloop
	endfacet
	facet normal 0.04878333696817435 0.9879990149726772 -0.1465541962799744
		outer loop
			vertex 10 17.846282958984375 8.439277648925781
			vertex 10 17.961477279663086 9.215863227844238
			vertex 10.791631698608398 17.92127799987793 9.208368301391602
		endloop
	endfacet
	facet normal -0.050177204689309966 0.9974790705870146 -0.050177204689309966
		outer loop
			vertex 9.208368301391602 17.92127799987793 9.208368301391602
			vertex 9.215863227844238 17.961477279663086 10
			vertex 10 17.961477279663086 9.215863227844238
		endloop
	endfacet
	facet normal -0.04900940975059945 0.9975951861911703 -0.04900940975059945
		outer loop
			vertex 9.215863227844238 17.961477279663086 10
			vertex 10 18 10
			vertex 10 17.961477279663086 9.215863227844238
		endloop
	endfacet
	facet normal -0.050177204689309966 0.9974790705870146 0.050177204689309966
		outer loop
			vertex 9.215863227844238 17.961477279663086 10
			vertex 9.208368301391602 17.92127799987793 10.791631698608398
			vertex 10 17.961477279663086 10.784136772155762
		endloop
	endfacet
	facet normal -0.04900940975059945 0.9975951861911703 0.04900940975059945
		outer loop
			vertex 9.215863227844238 17.961477279663086 10
			vertex 10 17.961477279663086 10.784136772155762
			vertex 10 18 10
		endloop
	endfacet
	facet normal 0.050177204689309966 0.9974790705870146 -0.050177204689309966
		outer loop
			vertex 10 17.961477279663086 9.215863227844238
			vertex 10.784136772155762 17.961477279663086 10
			vertex 10.791631698608398 17.92127799987793 9.208368301391602
		endloop
	endfacet
	facet normal 0.04900940975059945 0.9975951861911703 -0.04900940975059945
		outer loop
			vertex 10 17.961477279663086 9.215863227844238
			vertex 10 18 10
			vertex 10.784136772155762 17.961477279663086 10
		endloop
	endfacet
	facet normal 0.04900940975059945 0.9975951861911703 0.04900940975059945
		outer loop
			vertex 10 18 10
			vertex 10 17.961477279663086 10.784136772155762
			vertex 10.784136772155762 17.961477279663086 10
		endloop
	endfacet
	facet normal 0.050177204689309966 0.9974790705870146 0.050177204689309966
		outer loop
			vertex 10 17.961477279663086 10.784136772155762
			vertex 10.791631698608398 17.92127799987793 10.791631698608398
			vertex 10.784136772155762 17.961477279663086 10
		endloop
	endfacet
	facet normal -0.7390909864180097 0.36677879478834685 0.564993654379641
		outer loop
			vertex 3.7009048461914062 12.585932731628418 14.19932746887207
			vertex 4.309352397918701 12.603917121887207 14.983587265014648
			vertex 4.220521926879883 13.486339569091797 14.294539451599121
		endloop
	endfacet
	facet normal -0.7390909864180097 0.564993654379641 0.36677879478834685
		outer loop
			vertex 3.7009048461914062 14.19932746887207 12.585932731628418
			vertex 4.220521926879883 14.294539451599121 13.486339569091797
			vertex 4.309352397918701 14.983587265014648 12.603917121887207
		endloop
	endfacet
	facet normal -0.7446458046085503 0.47196537250040127 0.47196537250040127
		outer loop
			vertex 3.6471641063690186 13.438130378723145 13.438130378723145
			vertex 4.220521926879883 13.486339569091797 14.294539451599121
			vertex 4.220521926879883 14.294539451599121 13.486339569091797
		endloop
	endfacet
	facet normal -0.6993929953811456 0.5053956064370707 0.5053956064370707
		outer loop
			vertex 4.220521926879883 13.486339569091797 14.294539451599121
			vertex 4.878395080566406 14.3456392288208 14.3456392288208
			vertex 4.220521926879883 14.294539451599121 13.486339569091797
		endloop
	endfacet
	facet normal -0.736687302959614 0.17280475670169743 0.6537815642241352
		outer loop
			vertex 3.8524019718170166 11.696118354797363 14.8301362991333
			vertex 4.0767130851745605 10.821069717407227 15.314181327819824
			vertex 4.472324848175049 11.699885368347168 15.52767562866211
		endloop
	endfacet
	facet normal -0.6996347931824712 0.14498544600398566 0.6996358885988813
		outer loop
			vertex 4.0767130851745605 10.821069717407227 15.314181327819824
			vertex 4.685819149017334 10.821069717407227 15.923286437988281
			vertex 4.472324848175049 11.699885368347168 15.52767562866211
		endloop
	endfacet
	facet normal -0.653782042881615 0.17280375547879154 0.736687113025583
		outer loop
			vertex 4.685819149017334 10.821069717407227 15.923286437988281
			vertex 5.169863224029541 11.696118354797363 16.147598266601562
			vertex 4.472324848175049 11.699885368347168 15.52767562866211
		endloop
	endfacet
	facet normal -0.7233133624244074 0.2556596177780059 0.6414483140330964
		outer loop
			vertex 3.8524019718170166 11.696118354797363 14.8301362991333
			vertex 4.472324848175049 11.699885368347168 15.52767562866211
			vertex 4.309352397918701 12.603917121887207 14.983587265014648
		endloop
	endfacet
	facet normal -0.6776389852813761 0.285674975972672 0.6776394422772631
		outer loop
			vertex 4.472324848175049 11.699885368347168 15.52767562866211
			vertex 5.016412734985352 12.603917121887207 15.69064712524414
			vertex 4.309352397918701 12.603917121887207 14.983587265014648
		endloop
	endfacet
	facet normal -0.6199106860461019 0.14524257377630823 0.7711130501351179
		outer loop
			vertex 4.685819149017334 10.821069717407227 15.923286437988281
			vertex 5.355638027191162 10.819387435913086 16.462081909179688
			vertex 5.169863224029541 11.696118354797363 16.147598266601562
		endloop
	endfacet
	facet normal -0.6414485507516141 0.25566026395994607 0.7233129241003404
		outer loop
			vertex 4.472324848175049 11.699885368347168 15.52767562866211
			vertex 5.169863224029541 11.696118354797363 16.147598266601562
			vertex 5.016412734985352 12.603917121887207 15.69064712524414
		endloop
	endfacet
	facet normal -0.5836190148641914 0.28423347034357893 0.7606577284333581
		outer loop
			vertex 5.169863224029541 11.696118354797363 16.147598266601562
			vertex 5.80067253112793 12.585932731628418 16.299095153808594
			vertex 5.016412734985352 12.603917121887207 15.69064712524414
		endloop
	endfacet
	facet normal -0.5622257480586187 0.17108897876471432 0.8090925593312387
		outer loop
			vertex 5.355638027191162 10.819387435913086 16.462081909179688
			vertex 5.928275108337402 11.685107231140137 16.67693519592285
			vertex 5.169863224029541 11.696118354797363 16.147598266601562
		endloop
	endfacet
	facet normal -0.5508829701045578 0.25524865781084705 0.794591766842913
		outer loop
			vertex 5.169863224029541 11.696118354797363 16.147598266601562
			vertex 5.928275108337402 11.685107231140137 16.67693519592285
			vertex 5.80067253112793 12.585932731628418 16.299095153808594
		endloop
	endfacet
	facet normal -0.6575581261858888 0.3677418091280129 0.6575585696393584
		outer loop
			vertex 4.309352397918701 12.603917121887207 14.983587265014648
			vertex 5.016412734985352 12.603917121887207 15.69064712524414
			vertex 4.914313316345215 13.503082275390625 15.085686683654785
		endloop
	endfacet
	facet normal -0.6937048462557484 0.39860801247253985 0.5999043579388137
		outer loop
			vertex 4.309352397918701 12.603917121887207 14.983587265014648
			vertex 4.914313316345215 13.503082275390625 15.085686683654785
			vertex 4.220521926879883 13.486339569091797 14.294539451599121
		endloop
	endfacet
	facet normal -0.6662183617779217 0.47590790604423366 0.574164401016412
		outer loop
			vertex 4.220521926879883 13.486339569091797 14.294539451599121
			vertex 4.914313316345215 13.503082275390625 15.085686683654785
			vertex 4.878395080566406 14.3456392288208 14.3456392288208
		endloop
	endfacet
	facet normal -0.5999044511159196 0.3986077004334132 0.6937049449776854
		outer loop
			vertex 4.914313316345215 13.503082275390625 15.085686683654785
			vertex 5.016412734985352 12.603917121887207 15.69064712524414
			vertex 5.705460548400879 13.486339569091797 15.779478073120117
		endloop
	endfacet
	facet normal -0.5649939709200809 0.36677866021344757 0.7390908112241603
		outer loop
			vertex 5.016412734985352 12.603917121887207 15.69064712524414
			vertex 5.80067253112793 12.585932731628418 16.299095153808594
			vertex 5.705460548400879 13.486339569091797 15.779478073120117
		endloop
	endfacet
	facet normal -0.6087606628032739 0.5087444455191992 0.6087606628032739
		outer loop
			vertex 4.914313316345215 13.503082275390625 15.085686683654785
			vertex 5.654360771179199 14.3456392288208 15.121604919433594
			vertex 4.878395080566406 14.3456392288208 14.3456392288208
		endloop
	endfacet
	facet normal -0.574164401016412 0.4759079060442336 0.6662183617779217
		outer loop
			vertex 4.914313316345215 13.503082275390625 15.085686683654785
			vertex 5.705460548400879 13.486339569091797 15.779478073120117
			vertex 5.654360771179199 14.3456392288208 15.121604919433594
		endloop
	endfacet
	facet normal -0.5332674253049019 0.1459354622819278 0.8332638801467642
		outer loop
			vertex 5.355638027191162 10.819387435913086 16.462081909179688
			vertex 6.0750226974487305 10.816117286682129 16.92304229736328
			vertex 5.928275108337402 11.685107231140137 16.67693519592285
		endloop
	endfacet
	facet normal -0.4642177616463316 0.16790400369792363 0.869660919734972
		outer loop
			vertex 5.928275108337402 11.685107231140137 16.67693519592285
			vertex 6.0750226974487305 10.816117286682129 16.92304229736328
			vertex 6.728739261627197 11.66767406463623 17.107582092285156
		endloop
	endfacet
	facet normal -0.4411938525836701 0.14683626593903604 0.885317511092749
		outer loop
			vertex 6.0750226974487305 10.816117286682129 16.92304229736328
			vertex 6.83193826675415 10.811439514160156 17.301023483276367
			vertex 6.728739261627197 11.66767406463623 17.107582092285156
		endloop
	endfacet
	facet normal -0.4815464901356709 0.28011136728886776 0.8304520454268131
		outer loop
			vertex 5.928275108337402 11.685107231140137 16.67693519592285
			vertex 6.636068820953369 12.551711082458496 16.79505157470703
			vertex 5.80067253112793 12.585932731628418 16.299095153808594
		endloop
	endfacet
	facet normal -0.45390228058194254 0.25432555531483886 0.8539854984695644
		outer loop
			vertex 5.928275108337402 11.685107231140137 16.67693519592285
			vertex 6.728739261627197 11.66767406463623 17.107582092285156
			vertex 6.636068820953369 12.551711082458496 16.79505157470703
		endloop
	endfacet
	facet normal -0.36208520364286617 0.16367828156718287 0.9176620976405848
		outer loop
			vertex 6.83193826675415 10.811439514160156 17.301023483276367
			vertex 7.552255153656006 11.645045280456543 17.436555862426758
			vertex 6.728739261627197 11.66767406463623 17.107582092285156
		endloop
	endfacet
	facet normal -0.3452505590410191 0.1476418010330052 0.9268246598303232
		outer loop
			vertex 6.83193826675415 10.811439514160156 17.301023483276367
			vertex 7.614159107208252 10.8056001663208 17.593338012695312
			vertex 7.552255153656006 11.645045280456543 17.436555862426758
		endloop
	endfacet
	facet normal -0.3747019013680399 0.2738659907211202 0.8857741835465262
		outer loop
			vertex 6.728739261627197 11.66767406463623 17.107582092285156
			vertex 7.4956374168396 12.504362106323242 17.173307418823242
			vertex 6.636068820953369 12.551711082458496 16.79505157470703
		endloop
	endfacet
	facet normal -0.35293099759745306 0.25272507363076935 0.9008716601676339
		outer loop
			vertex 6.728739261627197 11.66767406463623 17.107582092285156
			vertex 7.552255153656006 11.645045280456543 17.436555862426758
			vertex 7.4956374168396 12.504362106323242 17.173307418823242
		endloop
	endfacet
	facet normal -0.4958714353398075 0.39412285127617264 0.7738079204272716
		outer loop
			vertex 5.705460548400879 13.486339569091797 15.779478073120117
			vertex 5.80067253112793 12.585932731628418 16.299095153808594
			vertex 6.561870098114014 13.438130378723145 16.35283660888672
		endloop
	endfacet
	facet normal -0.5053956064370707 0.5053956064370707 0.6993929953811456
		outer loop
			vertex 5.705460548400879 13.486339569091797 15.779478073120117
			vertex 6.513660430908203 14.294539451599121 15.779478073120117
			vertex 5.654360771179199 14.3456392288208 15.121604919433594
		endloop
	endfacet
	facet normal -0.4719655610240146 0.4719655610240146 0.7446455656314447
		outer loop
			vertex 5.705460548400879 13.486339569091797 15.779478073120117
			vertex 6.561870098114014 13.438130378723145 16.35283660888672
			vertex 6.513660430908203 14.294539451599121 15.779478073120117
		endloop
	endfacet
	facet normal -0.39412301471196115 0.49587142954688546 0.7738078408968752
		outer loop
			vertex 6.561870098114014 13.438130378723145 16.35283660888672
			vertex 7.414066791534424 14.19932746887207 16.299095153808594
			vertex 6.513660430908203 14.294539451599121 15.779478073120117
		endloop
	endfacet
	facet normal -0.36677882965570946 0.5649939275308816 0.7390907603059432
		outer loop
			vertex 6.513660430908203 14.294539451599121 15.779478073120117
			vertex 7.414066791534424 14.19932746887207 16.299095153808594
			vertex 7.396082401275635 14.983587265014648 15.69064712524414
		endloop
	endfacet
	facet normal -0.46442213582374814 0.36391403576361225 0.8073900261528801
		outer loop
			vertex 5.80067253112793 12.585932731628418 16.299095153808594
			vertex 6.636068820953369 12.551711082458496 16.79505157470703
			vertex 6.561870098114014 13.438130378723145 16.35283660888672
		endloop
	endfacet
	facet normal -0.38579188192116537 0.38579188192116537 0.8380508622317928
		outer loop
			vertex 6.636068820953369 12.551711082458496 16.79505157470703
			vertex 7.448288440704346 13.363930702209473 16.79505157470703
			vertex 6.561870098114014 13.438130378723145 16.35283660888672
		endloop
	endfacet
	facet normal -0.3592423630552334 0.3592423630552334 0.8613302787972706
		outer loop
			vertex 6.636068820953369 12.551711082458496 16.79505157470703
			vertex 7.4956374168396 12.504362106323242 17.173307418823242
			vertex 7.448288440704346 13.363930702209473 16.79505157470703
		endloop
	endfacet
	facet normal -0.36391400515009203 0.46442194525811087 0.80739014956729
		outer loop
			vertex 6.561870098114014 13.438130378723145 16.35283660888672
			vertex 7.448288440704346 13.363930702209473 16.79505157470703
			vertex 7.414066791534424 14.19932746887207 16.299095153808594
		endloop
	endfacet
	facet normal -0.736687302959614 0.6537815642241352 0.17280475670169743
		outer loop
			vertex 3.8524019718170166 14.8301362991333 11.696118354797363
			vertex 4.472324848175049 15.52767562866211 11.699885368347168
			vertex 4.0767130851745605 15.314181327819824 10.821069717407227
		endloop
	endfacet
	facet normal -0.7233133624244074 0.6414483140330964 0.2556596177780059
		outer loop
			vertex 3.8524019718170166 14.8301362991333 11.696118354797363
			vertex 4.309352397918701 14.983587265014648 12.603917121887207
			vertex 4.472324848175049 15.52767562866211 11.699885368347168
		endloop
	endfacet
	facet normal -0.6996347931824712 0.6996358885988813 0.14498544600398566
		outer loop
			vertex 4.0767130851745605 15.314181327819824 10.821069717407227
			vertex 4.472324848175049 15.52767562866211 11.699885368347168
			vertex 4.685819149017334 15.923286437988281 10.821069717407227
		endloop
	endfacet
	facet normal -0.6537820428816151 0.7366871130255831 0.17280375547879157
		outer loop
			vertex 4.685819149017334 15.923286437988281 10.821069717407227
			vertex 4.472324848175049 15.52767562866211 11.699885368347168
			vertex 5.169863224029541 16.147598266601562 11.696118354797363
		endloop
	endfacet
	facet normal -0.6776389852813761 0.6776394422772631 0.285674975972672
		outer loop
			vertex 4.472324848175049 15.52767562866211 11.699885368347168
			vertex 4.309352397918701 14.983587265014648 12.603917121887207
			vertex 5.016412734985352 15.69064712524414 12.603917121887207
		endloop
	endfacet
	facet normal -0.6199106860461019 0.7711130501351179 0.14524257377630823
		outer loop
			vertex 4.685819149017334 15.923286437988281 10.821069717407227
			vertex 5.169863224029541 16.147598266601562 11.696118354797363
			vertex 5.355638027191162 16.462081909179688 10.819387435913086
		endloop
	endfacet
	facet normal -0.6414485507516141 0.7233129241003404 0.25566026395994607
		outer loop
			vertex 4.472324848175049 15.52767562866211 11.699885368347168
			vertex 5.016412734985352 15.69064712524414 12.603917121887207
			vertex 5.169863224029541 16.147598266601562 11.696118354797363
		endloop
	endfacet
	facet normal -0.5836190148641915 0.7606577284333583 0.284233470343579
		outer loop
			vertex 5.016412734985352 15.69064712524414 12.603917121887207
			vertex 5.80067253112793 16.299095153808594 12.585932731628418
			vertex 5.169863224029541 16.147598266601562 11.696118354797363
		endloop
	endfacet
	facet normal -0.6937048462557484 0.5999043579388137 0.39860801247253985
		outer loop
			vertex 4.309352397918701 14.983587265014648 12.603917121887207
			vertex 4.220521926879883 14.294539451599121 13.486339569091797
			vertex 4.914313316345215 15.085686683654785 13.503082275390625
		endloop
	endfacet
	facet normal -0.6575581261858888 0.6575585696393584 0.3677418091280129
		outer loop
			vertex 4.309352397918701 14.983587265014648 12.603917121887207
			vertex 4.914313316345215 15.085686683654785 13.503082275390625
			vertex 5.016412734985352 15.69064712524414 12.603917121887207
		endloop
	endfacet
	facet normal -0.6662183617779217 0.574164401016412 0.4759079060442336
		outer loop
			vertex 4.220521926879883 14.294539451599121 13.486339569091797
			vertex 4.878395080566406 14.3456392288208 14.3456392288208
			vertex 4.914313316345215 15.085686683654785 13.503082275390625
		endloop
	endfacet
	facet normal -0.6087606628032739 0.6087606628032739 0.5087444455191992
		outer loop
			vertex 4.914313316345215 15.085686683654785 13.503082275390625
			vertex 4.878395080566406 14.3456392288208 14.3456392288208
			vertex 5.654360771179199 15.121604919433594 14.3456392288208
		endloop
	endfacet
	facet normal -0.574164401016412 0.6662183617779217 0.4759079060442336
		outer loop
			vertex 4.914313316345215 15.085686683654785 13.503082275390625
			vertex 5.654360771179199 15.121604919433594 14.3456392288208
			vertex 5.705460548400879 15.779478073120117 13.486339569091797
		endloop
	endfacet
	facet normal -0.5999044511159196 0.6937049449776854 0.3986077004334132
		outer loop
			vertex 4.914313316345215 15.085686683654785 13.503082275390625
			vertex 5.705460548400879 15.779478073120117 13.486339569091797
			vertex 5.016412734985352 15.69064712524414 12.603917121887207
		endloop
	endfacet
	facet normal -0.5649939709200809 0.7390908112241603 0.36677866021344757
		outer loop
			vertex 5.016412734985352 15.69064712524414 12.603917121887207
			vertex 5.705460548400879 15.779478073120117 13.486339569091797
			vertex 5.80067253112793 16.299095153808594 12.585932731628418
		endloop
	endfacet
	facet normal -0.5622257480586187 0.8090925593312387 0.17108897876471432
		outer loop
			vertex 5.355638027191162 16.462081909179688 10.819387435913086
			vertex 5.169863224029541 16.147598266601562 11.696118354797363
			vertex 5.928275108337402 16.67693519592285 11.685107231140137
		endloop
	endfacet
	facet normal -0.5508829701045578 0.794591766842913 0.25524865781084705
		outer loop
			vertex 5.169863224029541 16.147598266601562 11.696118354797363
			vertex 5.80067253112793 16.299095153808594 12.585932731628418
			vertex 5.928275108337402 16.67693519592285 11.685107231140137
		endloop
	endfacet
	facet normal -0.4958714353398075 0.7738079204272716 0.39412285127617264
		outer loop
			vertex 5.705460548400879 15.779478073120117 13.486339569091797
			vertex 6.561870098114014 16.35283660888672 13.438130378723145
			vertex 5.80067253112793 16.299095153808594 12.585932731628418
		endloop
	endfacet
	facet normal -0.5053956064370707 0.6993929953811456 0.5053956064370707
		outer loop
			vertex 5.705460548400879 15.779478073120117 13.486339569091797
			vertex 5.654360771179199 15.121604919433594 14.3456392288208
			vertex 6.513660430908203 15.779478073120117 14.294539451599121
		endloop
	endfacet
	facet normal -0.4719655610240147 0.7446455656314448 0.4719655610240147
		outer loop
			vertex 5.705460548400879 15.779478073120117 13.486339569091797
			vertex 6.513660430908203 15.779478073120117 14.294539451599121
			vertex 6.561870098114014 16.35283660888672 13.438130378723145
		endloop
	endfacet
	facet normal -0.39412301471196115 0.7738078408968752 0.49587142954688546
		outer loop
			vertex 6.561870098114014 16.35283660888672 13.438130378723145
			vertex 6.513660430908203 15.779478073120117 14.294539451599121
			vertex 7.414066791534424 16.299095153808594 14.19932746887207
		endloop
	endfacet
	facet normal -0.3667788296557094 0.7390907603059431 0.5649939275308815
		outer loop
			vertex 6.513660430908203 15.779478073120117 14.294539451599121
			vertex 7.396082401275635 15.69064712524414 14.983587265014648
			vertex 7.414066791534424 16.299095153808594 14.19932746887207
		endloop
	endfacet
	facet normal -0.5332674253049019 0.8332638801467642 0.1459354622819278
		outer loop
			vertex 5.355638027191162 16.462081909179688 10.819387435913086
			vertex 5.928275108337402 16.67693519592285 11.685107231140137
			vertex 6.0750226974487305 16.92304229736328 10.816117286682129
		endloop
	endfacet
	facet normal -0.4642177616463316 0.869660919734972 0.16790400369792363
		outer loop
			vertex 5.928275108337402 16.67693519592285 11.685107231140137
			vertex 6.728739261627197 17.107582092285156 11.66767406463623
			vertex 6.0750226974487305 16.92304229736328 10.816117286682129
		endloop
	endfacet
	facet normal -0.4411938525836701 0.8853175110927489 0.14683626593903604
		outer loop
			vertex 6.0750226974487305 16.92304229736328 10.816117286682129
			vertex 6.728739261627197 17.107582092285156 11.66767406463623
			vertex 6.83193826675415 17.301023483276367 10.811439514160156
		endloop
	endfacet
	facet normal -0.4815464901356709 0.8304520454268131 0.28011136728886776
		outer loop
			vertex 5.928275108337402 16.67693519592285 11.685107231140137
			vertex 5.80067253112793 16.299095153808594 12.585932731628418
			vertex 6.636068820953369 16.79505157470703 12.551711082458496
		endloop
	endfacet
	facet normal -0.45390228058194254 0.8539854984695644 0.25432555531483886
		outer loop
			vertex 5.928275108337402 16.67693519592285 11.685107231140137
			vertex 6.636068820953369 16.79505157470703 12.551711082458496
			vertex 6.728739261627197 17.107582092285156 11.66767406463623
		endloop
	endfacet
	facet normal -0.3747019013680399 0.8857741835465262 0.2738659907211202
		outer loop
			vertex 6.728739261627197 17.107582092285156 11.66767406463623
			vertex 6.636068820953369 16.79505157470703 12.551711082458496
			vertex 7.4956374168396 17.173307418823242 12.504362106323242
		endloop
	endfacet
	facet normal -0.36208520364286617 0.9176620976405848 0.16367828156718287
		outer loop
			vertex 6.83193826675415 17.301023483276367 10.811439514160156
			vertex 6.728739261627197 17.107582092285156 11.66767406463623
			vertex 7.552255153656006 17.436555862426758 11.645045280456543
		endloop
	endfacet
	facet normal -0.3452505590410191 0.9268246598303232 0.1476418010330052
		outer loop
			vertex 6.83193826675415 17.301023483276367 10.811439514160156
			vertex 7.552255153656006 17.436555862426758 11.645045280456543
			vertex 7.614159107208252 17.593338012695312 10.8056001663208
		endloop
	endfacet
	facet normal -0.35293099759745306 0.9008716601676339 0.25272507363076935
		outer loop
			vertex 6.728739261627197 17.107582092285156 11.66767406463623
			vertex 7.4956374168396 17.173307418823242 12.504362106323242
			vertex 7.552255153656006 17.436555862426758 11.645045280456543
		endloop
	endfacet
	facet normal -0.46442213582374814 0.8073900261528801 0.36391403576361225
		outer loop
			vertex 5.80067253112793 16.299095153808594 12.585932731628418
			vertex 6.561870098114014 16.35283660888672 13.438130378723145
			vertex 6.636068820953369 16.79505157470703 12.551711082458496
		endloop
	endfacet
	facet normal -0.38579188192116537 0.8380508622317928 0.38579188192116537
		outer loop
			vertex 6.636068820953369 16.79505157470703 12.551711082458496
			vertex 6.561870098114014 16.35283660888672 13.438130378723145
			vertex 7.448288440704346 16.79505157470703 13.363930702209473
		endloop
	endfacet
	facet normal -0.3592423630552334 0.8613302787972706 0.3592423630552334
		outer loop
			vertex 6.636068820953369 16.79505157470703 12.551711082458496
			vertex 7.448288440704346 16.79505157470703 13.363930702209473
			vertex 7.4956374168396 17.173307418823242 12.504362106323242
		endloop
	endfacet
	facet normal -0.36391400515009203 0.80739014956729 0.46442194525811087
		outer loop
			vertex 6.561870098114014 16.35283660888672 13.438130378723145
			vertex 7.414066791534424 16.299095153808594 14.19932746887207
			vertex 7.448288440704346 16.79505157470703 13.363930702209473
		endloop
	endfacet
	facet normal -0.5773502691896257 0.5773502691896257 0.5773502691896257
		outer loop
			vertex 4.878395080566406 14.3456392288208 14.3456392288208
			vertex 5.654360771179199 14.3456392288208 15.121604919433594
			vertex 5.654360771179199 15.121604919433594 14.3456392288208
		endloop
	endfacet
	facet normal -0.5087442321196427 0.6087607519728072 0.6087607519728072
		outer loop
			vertex 5.654360771179199 14.3456392288208 15.121604919433594
			vertex 6.496918201446533 15.085686683654785 15.085686683654785
			vertex 5.654360771179199 15.121604919433594 14.3456392288208
		endloop
	endfacet
	facet normal -0.47590781435671103 0.5741645982025867 0.6662182573339465
		outer loop
			vertex 5.654360771179199 14.3456392288208 15.121604919433594
			vertex 6.513660430908203 14.294539451599121 15.779478073120117
			vertex 6.496918201446533 15.085686683654785 15.085686683654785
		endloop
	endfacet
	facet normal -0.47590781435671103 0.6662182573339465 0.5741645982025867
		outer loop
			vertex 5.654360771179199 15.121604919433594 14.3456392288208
			vertex 6.496918201446533 15.085686683654785 15.085686683654785
			vertex 6.513660430908203 15.779478073120117 14.294539451599121
		endloop
	endfacet
	facet normal -0.36774199564083687 0.6575582957586706 0.6575582957586706
		outer loop
			vertex 6.496918201446533 15.085686683654785 15.085686683654785
			vertex 7.396082401275635 14.983587265014648 15.69064712524414
			vertex 7.396082401275635 15.69064712524414 14.983587265014648
		endloop
	endfacet
	facet normal -0.39860797844480567 0.5999045047308018 0.693704738865057
		outer loop
			vertex 6.513660430908203 14.294539451599121 15.779478073120117
			vertex 7.396082401275635 14.983587265014648 15.69064712524414
			vertex 6.496918201446533 15.085686683654785 15.085686683654785
		endloop
	endfacet
	facet normal -0.39860797844480567 0.693704738865057 0.5999045047308018
		outer loop
			vertex 6.513660430908203 15.779478073120117 14.294539451599121
			vertex 6.496918201446533 15.085686683654785 15.085686683654785
			vertex 7.396082401275635 15.69064712524414 14.983587265014648
		endloop
	endfacet
	facet normal -0.2580902699456821 0.1589497847892894 0.9529556015233888
		outer loop
			vertex 7.614159107208252 10.8056001663208 17.593338012695312
			vertex 8.381321907043457 11.618678092956543 17.665491104125977
			vertex 7.552255153656006 11.645045280456543 17.436555862426758
		endloop
	endfacet
	facet normal -0.2469516327027079 0.14802308256073685 0.9576555007593724
		outer loop
			vertex 7.614159107208252 10.8056001663208 17.593338012695312
			vertex 8.40990924835205 10.7988920211792 17.799575805664062
			vertex 8.381321907043457 11.618678092956543 17.665491104125977
		endloop
	endfacet
	facet normal -0.26625620944844425 0.2662560512811993 0.9263991289321734
		outer loop
			vertex 7.552255153656006 11.645045280456543 17.436555862426758
			vertex 8.354954719543457 12.447745323181152 17.436555862426758
			vertex 7.4956374168396 12.504362106323242 17.173307418823242
		endloop
	endfacet
	facet normal -0.25029741371705116 0.2502972650299936 0.9352553040774806
		outer loop
			vertex 7.552255153656006 11.645045280456543 17.436555862426758
			vertex 8.381321907043457 11.618678092956543 17.665491104125977
			vertex 8.354954719543457 12.447745323181152 17.436555862426758
		endloop
	endfacet
	facet normal -0.2527252482866135 0.3529313299280685 0.9008714809747697
		outer loop
			vertex 7.4956374168396 12.504362106323242 17.173307418823242
			vertex 8.354954719543457 12.447745323181152 17.436555862426758
			vertex 8.33232593536377 13.271260261535645 17.107582092285156
		endloop
	endfacet
	facet normal -0.15424318865907058 0.15424318865907058 0.9759190937288628
		outer loop
			vertex 8.40990924835205 10.7988920211792 17.799575805664062
			vertex 9.2011079788208 11.59009075164795 17.799575805664062
			vertex 8.381321907043457 11.618678092956543 17.665491104125977
		endloop
	endfacet
	facet normal -0.14771527008639496 0.14771527008639496 0.9779368067347741
		outer loop
			vertex 8.40990924835205 10.7988920211792 17.799575805664062
			vertex 9.208368301391602 10.791631698608398 17.92127799987793
			vertex 9.2011079788208 11.59009075164795 17.799575805664062
		endloop
	endfacet
	facet normal -0.14802307210101073 0.2469517718884758 0.9576554664841219
		outer loop
			vertex 8.381321907043457 11.618678092956543 17.665491104125977
			vertex 9.2011079788208 11.59009075164795 17.799575805664062
			vertex 9.1943998336792 12.38584041595459 17.593338012695312
		endloop
	endfacet
	facet normal -0.15894951473057045 0.25809015139833713 0.9529556786745644
		outer loop
			vertex 8.381321907043457 11.618678092956543 17.665491104125977
			vertex 9.1943998336792 12.38584041595459 17.593338012695312
			vertex 8.354954719543457 12.447745323181152 17.436555862426758
		endloop
	endfacet
	facet normal -0.14764141699096445 0.3452505816258171 0.9268247125945313
		outer loop
			vertex 8.354954719543457 12.447745323181152 17.436555862426758
			vertex 9.1943998336792 12.38584041595459 17.593338012695312
			vertex 9.188560485839844 13.168061256408691 17.301023483276367
		endloop
	endfacet
	facet normal -0.2738658524476116 0.37470192364998944 0.8857742168725282
		outer loop
			vertex 7.4956374168396 12.504362106323242 17.173307418823242
			vertex 8.33232593536377 13.271260261535645 17.107582092285156
			vertex 7.448288440704346 13.363930702209473 16.79505157470703
		endloop
	endfacet
	facet normal -0.25432548422521983 0.45390208037865265 0.8539856260508948
		outer loop
			vertex 7.448288440704346 13.363930702209473 16.79505157470703
			vertex 8.33232593536377 13.271260261535645 17.107582092285156
			vertex 8.314892768859863 14.071724891662598 16.67693519592285
		endloop
	endfacet
	facet normal -0.28011130240946236 0.48154629730488413 0.8304521791255839
		outer loop
			vertex 7.448288440704346 13.363930702209473 16.79505157470703
			vertex 8.314892768859863 14.071724891662598 16.67693519592285
			vertex 7.414066791534424 14.19932746887207 16.299095153808594
		endloop
	endfacet
	facet normal -0.2552484362030848 0.5508832391688543 0.7945916514906955
		outer loop
			vertex 7.414066791534424 14.19932746887207 16.299095153808594
			vertex 8.314892768859863 14.071724891662598 16.67693519592285
			vertex 8.303881645202637 14.8301362991333 16.147598266601562
		endloop
	endfacet
	facet normal -0.1468363167597219 0.44119362640615084 0.8853176153782487
		outer loop
			vertex 8.33232593536377 13.271260261535645 17.107582092285156
			vertex 9.188560485839844 13.168061256408691 17.301023483276367
			vertex 9.183882713317871 13.92497730255127 16.92304229736328
		endloop
	endfacet
	facet normal -0.1636782072858011 0.3620855721981407 0.9176619654674871
		outer loop
			vertex 8.354954719543457 12.447745323181152 17.436555862426758
			vertex 9.188560485839844 13.168061256408691 17.301023483276367
			vertex 8.33232593536377 13.271260261535645 17.107582092285156
		endloop
	endfacet
	facet normal -0.1679040708815449 0.46421754025012035 0.8696610249433586
		outer loop
			vertex 8.33232593536377 13.271260261535645 17.107582092285156
			vertex 9.183882713317871 13.92497730255127 16.92304229736328
			vertex 8.314892768859863 14.071724891662598 16.67693519592285
		endloop
	endfacet
	facet normal -0.14593554827587707 0.5332671675086887 0.8332640300689088
		outer loop
			vertex 9.183882713317871 13.92497730255127 16.92304229736328
			vertex 9.180612564086914 14.644362449645996 16.462081909179688
			vertex 8.314892768859863 14.071724891662598 16.67693519592285
		endloop
	endfacet
	facet normal -0.05220805389280506 0.15001159693117133 0.9873048363574879
		outer loop
			vertex 9.208368301391602 10.791631698608398 17.92127799987793
			vertex 10 11.560722351074219 17.846282958984375
			vertex 9.2011079788208 11.59009075164795 17.799575805664062
		endloop
	endfacet
	facet normal -0.04878333696817435 0.1465541962799744 0.9879990149726772
		outer loop
			vertex 9.208368301391602 10.791631698608398 17.92127799987793
			vertex 10 10.784136772155762 17.961477279663086
			vertex 10 11.560722351074219 17.846282958984375
		endloop
	endfacet
	facet normal -0.04772604295025131 0.2427034536324371 0.968925827098854
		outer loop
			vertex 9.2011079788208 11.59009075164795 17.799575805664062
			vertex 10 11.560722351074219 17.846282958984375
			vertex 10 12.322277069091797 17.6555233001709
		endloop
	endfacet
	facet normal -0.054887224441796 0.2500732236296253 0.9666699413018713
		outer loop
			vertex 9.2011079788208 11.59009075164795 17.799575805664062
			vertex 10 12.322277069091797 17.6555233001709
			vertex 9.1943998336792 12.38584041595459 17.593338012695312
		endloop
	endfacet
	facet normal -0.04604884867926124 0.3365323251008588 0.9405453193214692
		outer loop
			vertex 9.1943998336792 12.38584041595459 17.593338012695312
			vertex 10 12.322277069091797 17.6555233001709
			vertex 10 13.061467170715332 17.391036987304688
		endloop
	endfacet
	facet normal 0.04878333696817435 0.1465541962799744 0.9879990149726772
		outer loop
			vertex 10 10.784136772155762 17.961477279663086
			vertex 10.791631698608398 10.791631698608398 17.92127799987793
			vertex 10 11.560722351074219 17.846282958984375
		endloop
	endfacet
	facet normal 0.05220805389280506 0.15001159693117133 0.9873048363574879
		outer loop
			vertex 10.791631698608398 10.791631698608398 17.92127799987793
			vertex 10.7988920211792 11.59009075164795 17.799575805664062
			vertex 10 11.560722351074219 17.846282958984375
		endloop
	endfacet
	facet normal 0.04772604295025131 0.2427034536324371 0.968925827098854
		outer loop
			vertex 10 11.560722351074219 17.846282958984375
			vertex 10.7988920211792 11.59009075164795 17.799575805664062
			vertex 10 12.322277069091797 17.6555233001709
		endloop
	endfacet
	facet normal 0.054887224441796 0.2500732236296253 0.9666699413018713
		outer loop
			vertex 10.7988920211792 11.59009075164795 17.799575805664062
			vertex 10.8056001663208 12.38584041595459 17.593338012695312
			vertex 10 12.322277069091797 17.6555233001709
		endloop
	endfacet
	facet normal 0.04604884867926124 0.3365323251008588 0.9405453193214692
		outer loop
			vertex 10 12.322277069091797 17.6555233001709
			vertex 10.8056001663208 12.38584041595459 17.593338012695312
			vertex 10 13.061467170715332 17.391036987304688
		endloop
	endfacet
	facet normal -0.06083435173588219 0.4456342487490669 0.8931457316646202
		outer loop
			vertex 9.183882713317871 13.92497730255127 16.92304229736328
			vertex 9.188560485839844 13.168061256408691 17.301023483276367
			vertex 10 13.771173477172852 17.055370330810547
		endloop
	endfacet
	facet normal -0.057895794793968 0.3490876941862753 0.935299876356714
		outer loop
			vertex 9.1943998336792 12.38584041595459 17.593338012695312
			vertex 10 13.061467170715332 17.391036987304688
			vertex 9.188560485839844 13.168061256408691 17.301023483276367
		endloop
	endfacet
	facet normal -0.04407171373139481 0.4271402632146682 0.9031106685172542
		outer loop
			vertex 9.188560485839844 13.168061256408691 17.301023483276367
			vertex 10 13.061467170715332 17.391036987304688
			vertex 10 13.771173477172852 17.055370330810547
		endloop
	endfacet
	facet normal -0.06330074466781765 0.5382275175835293 0.840419035386736
		outer loop
			vertex 9.183882713317871 13.92497730255127 16.92304229736328
			vertex 10 14.444561958312988 16.651756286621094
			vertex 9.180612564086914 14.644362449645996 16.462081909179688
		endloop
	endfacet
	facet normal -0.042150630465854225 0.5136463322167991 0.8569660260194453
		outer loop
			vertex 9.183882713317871 13.92497730255127 16.92304229736328
			vertex 10 13.771173477172852 17.055370330810547
			vertex 10 14.444561958312988 16.651756286621094
		endloop
	endfacet
	facet normal 0.06083435173588219 0.4456342487490669 0.8931457316646202
		outer loop
			vertex 10.816117286682129 13.92497730255127 16.92304229736328
			vertex 10 13.771173477172852 17.055370330810547
			vertex 10.811439514160156 13.168061256408691 17.301023483276367
		endloop
	endfacet
	facet normal 0.057895794793968 0.3490876941862753 0.935299876356714
		outer loop
			vertex 10.8056001663208 12.38584041595459 17.593338012695312
			vertex 10.811439514160156 13.168061256408691 17.301023483276367
			vertex 10 13.061467170715332 17.391036987304688
		endloop
	endfacet
	facet normal 0.04407171373139481 0.4271402632146682 0.9031106685172542
		outer loop
			vertex 10 13.061467170715332 17.391036987304688
			vertex 10.811439514160156 13.168061256408691 17.301023483276367
			vertex 10 13.771173477172852 17.055370330810547
		endloop
	endfacet
	facet normal 0.042150630465854225 0.5136463322167991 0.8569660260194453
		outer loop
			vertex 10.816117286682129 13.92497730255127 16.92304229736328
			vertex 10 14.444561958312988 16.651756286621094
			vertex 10 13.771173477172852 17.055370330810547
		endloop
	endfacet
	facet normal 0.06330074466781765 0.5382275175835293 0.840419035386736
		outer loop
			vertex 10.816117286682129 13.92497730255127 16.92304229736328
			vertex 10.819387435913086 14.644362449645996 16.462081909179688
			vertex 10 14.444561958312988 16.651756286621094
		endloop
	endfacet
	facet normal -0.2580902699456821 0.9529556015233888 0.1589497847892894
		outer loop
			vertex 7.614159107208252 17.593338012695312 10.8056001663208
			vertex 7.552255153656006 17.436555862426758 11.645045280456543
			vertex 8.381321907043457 17.665491104125977 11.618678092956543
		endloop
	endfacet
	facet normal -0.2469516327027079 0.9576555007593724 0.14802308256073685
		outer loop
			vertex 7.614159107208252 17.593338012695312 10.8056001663208
			vertex 8.381321907043457 17.665491104125977 11.618678092956543
			vertex 8.40990924835205 17.799575805664062 10.7988920211792
		endloop
	endfacet
	facet normal -0.26625620944844425 0.9263991289321734 0.2662560512811993
		outer loop
			vertex 7.552255153656006 17.436555862426758 11.645045280456543
			vertex 7.4956374168396 17.173307418823242 12.504362106323242
			vertex 8.354954719543457 17.436555862426758 12.447745323181152
		endloop
	endfacet
	facet normal -0.25029741371705116 0.9352553040774806 0.2502972650299936
		outer loop
			vertex 7.552255153656006 17.436555862426758 11.645045280456543
			vertex 8.354954719543457 17.436555862426758 12.447745323181152
			vertex 8.381321907043457 17.665491104125977 11.618678092956543
		endloop
	endfacet
	facet normal -0.2527252482866135 0.9008714809747697 0.3529313299280685
		outer loop
			vertex 7.4956374168396 17.173307418823242 12.504362106323242
			vertex 8.33232593536377 17.107582092285156 13.271260261535645
			vertex 8.354954719543457 17.436555862426758 12.447745323181152
		endloop
	endfacet
	facet normal -0.15424318865907058 0.9759190937288628 0.15424318865907058
		outer loop
			vertex 8.40990924835205 17.799575805664062 10.7988920211792
			vertex 8.381321907043457 17.665491104125977 11.618678092956543
			vertex 9.2011079788208 17.799575805664062 11.59009075164795
		endloop
	endfacet
	facet normal -0.14771527008639496 0.9779368067347741 0.14771527008639496
		outer loop
			vertex 8.40990924835205 17.799575805664062 10.7988920211792
			vertex 9.2011079788208 17.799575805664062 11.59009075164795
			vertex 9.208368301391602 17.92127799987793 10.791631698608398
		endloop
	endfacet
	facet normal -0.14802307210101073 0.9576554664841219 0.2469517718884758
		outer loop
			vertex 8.381321907043457 17.665491104125977 11.618678092956543
			vertex 9.1943998336792 17.593338012695312 12.38584041595459
			vertex 9.2011079788208 17.799575805664062 11.59009075164795
		endloop
	endfacet
	facet normal -0.15894951473057045 0.9529556786745644 0.25809015139833713
		outer loop
			vertex 8.381321907043457 17.665491104125977 11.618678092956543
			vertex 8.354954719543457 17.436555862426758 12.447745323181152
			vertex 9.1943998336792 17.593338012695312 12.38584041595459
		endloop
	endfacet
	facet normal -0.14764141699096442 0.926824712594531 0.34525058162581707
		outer loop
			vertex 8.354954719543457 17.436555862426758 12.447745323181152
			vertex 9.188560485839844 17.301023483276367 13.168061256408691
			vertex 9.1943998336792 17.593338012695312 12.38584041595459
		endloop
	endfacet
	facet normal -0.2738658524476116 0.8857742168725282 0.37470192364998944
		outer loop
			vertex 7.448288440704346 16.79505157470703 13.363930702209473
			vertex 8.33232593536377 17.107582092285156 13.271260261535645
			vertex 7.4956374168396 17.173307418823242 12.504362106323242
		endloop
	endfacet
	facet normal -0.25432548422521983 0.8539856260508948 0.45390208037865265
		outer loop
			vertex 7.448288440704346 16.79505157470703 13.363930702209473
			vertex 8.314892768859863 16.67693519592285 14.071724891662598
			vertex 8.33232593536377 17.107582092285156 13.271260261535645
		endloop
	endfacet
	facet normal -0.28011130240946236 0.8304521791255839 0.48154629730488413
		outer loop
			vertex 7.448288440704346 16.79505157470703 13.363930702209473
			vertex 7.414066791534424 16.299095153808594 14.19932746887207
			vertex 8.314892768859863 16.67693519592285 14.071724891662598
		endloop
	endfacet
	facet normal -0.2552484362030848 0.7945916514906955 0.5508832391688543
		outer loop
			vertex 7.414066791534424 16.299095153808594 14.19932746887207
			vertex 8.303881645202637 16.147598266601562 14.8301362991333
			vertex 8.314892768859863 16.67693519592285 14.071724891662598
		endloop
	endfacet
	facet normal -0.1468363167597219 0.8853176153782487 0.44119362640615084
		outer loop
			vertex 8.33232593536377 17.107582092285156 13.271260261535645
			vertex 9.183882713317871 16.92304229736328 13.92497730255127
			vertex 9.188560485839844 17.301023483276367 13.168061256408691
		endloop
	endfacet
	facet normal -0.1679040708815449 0.8696610249433586 0.46421754025012035
		outer loop
			vertex 8.33232593536377 17.107582092285156 13.271260261535645
			vertex 8.314892768859863 16.67693519592285 14.071724891662598
			vertex 9.183882713317871 16.92304229736328 13.92497730255127
		endloop
	endfacet
	facet normal -0.14593554827587707 0.8332640300689088 0.5332671675086887
		outer loop
			vertex 9.183882713317871 16.92304229736328 13.92497730255127
			vertex 8.314892768859863 16.67693519592285 14.071724891662598
			vertex 9.180612564086914 16.462081909179688 14.644362449645996
		endloop
	endfacet
	facet normal -0.1636782072858011 0.9176619654674871 0.3620855721981407
		outer loop
			vertex 8.354954719543457 17.436555862426758 12.447745323181152
			vertex 8.33232593536377 17.107582092285156 13.271260261535645
			vertex 9.188560485839844 17.301023483276367 13.168061256408691
		endloop
	endfacet
	facet normal -0.05220805389280506 0.9873048363574879 0.15001159693117133
		outer loop
			vertex 9.208368301391602 17.92127799987793 10.791631698608398
			vertex 9.2011079788208 17.799575805664062 11.59009075164795
			vertex 10 17.846282958984375 11.560722351074219
		endloop
	endfacet
	facet normal -0.04878333696817435 0.9879990149726772 0.1465541962799744
		outer loop
			vertex 9.208368301391602 17.92127799987793 10.791631698608398
			vertex 10 17.846282958984375 11.560722351074219
			vertex 10 17.961477279663086 10.784136772155762
		endloop
	endfacet
	facet normal -0.04772604295025131 0.968925827098854 0.2427034536324371
		outer loop
			vertex 9.2011079788208 17.799575805664062 11.59009075164795
			vertex 10 17.6555233001709 12.322277069091797
			vertex 10 17.846282958984375 11.560722351074219
		endloop
	endfacet
	facet normal -0.054887224441796 0.9666699413018713 0.2500732236296253
		outer loop
			vertex 9.2011079788208 17.799575805664062 11.59009075164795
			vertex 9.1943998336792 17.593338012695312 12.38584041595459
			vertex 10 17.6555233001709 12.322277069091797
		endloop
	endfacet
	facet normal -0.04604884867926124 0.9405453193214692 0.3365323251008588
		outer loop
			vertex 9.1943998336792 17.593338012695312 12.38584041595459
			vertex 10 17.391036987304688 13.061467170715332
			vertex 10 17.6555233001709 12.322277069091797
		endloop
	endfacet
	facet normal 0.04878333696817435 0.9879990149726772 0.1465541962799744
		outer loop
			vertex 10 17.961477279663086 10.784136772155762
			vertex 10 17.846282958984375 11.560722351074219
			vertex 10.791631698608398 17.92127799987793 10.791631698608398
		endloop
	endfacet
	facet normal 0.05220805389280506 0.9873048363574879 0.15001159693117133
		outer loop
			vertex 10.791631698608398 17.92127799987793 10.791631698608398
			vertex 10 17.846282958984375 11.560722351074219
			vertex 10.7988920211792 17.799575805664062 11.59009075164795
		endloop
	endfacet
	facet normal 0.04772604295025131 0.968925827098854 0.2427034536324371
		outer loop
			vertex 10 17.846282958984375 11.560722351074219
			vertex 10 17.6555233001709 12.322277069091797
			vertex 10.7988920211792 17.799575805664062 11.59009075164795
		endloop
	endfacet
	facet normal 0.04604884867926124 0.9405453193214692 0.3365323251008588
		outer loop
			vertex 10 17.6555233001709 12.322277069091797
			vertex 10 17.391036987304688 13.061467170715332
			vertex 10.8056001663208 17.593338012695312 12.38584041595459
		endloop
	endfacet
	facet normal 0.054887224441796 0.9666699413018713 0.2500732236296253
		outer loop
			vertex 10.7988920211792 17.799575805664062 11.59009075164795
			vertex 10 17.6555233001709 12.322277069091797
			vertex 10.8056001663208 17.593338012695312 12.38584041595459
		endloop
	endfacet
	facet normal -0.0608343517358822 0.8931457316646203 0.44563424874906693
		outer loop
			vertex 9.183882713317871 16.92304229736328 13.92497730255127
			vertex 10 17.055370330810547 13.771173477172852
			vertex 9.188560485839844 17.301023483276367 13.168061256408691
		endloop
	endfacet
	facet normal -0.06330074466781764 0.8404190353867358 0.5382275175835292
		outer loop
			vertex 9.183882713317871 16.92304229736328 13.92497730255127
			vertex 9.180612564086914 16.462081909179688 14.644362449645996
			vertex 10 16.651756286621094 14.444561958312988
		endloop
	endfacet
	facet normal -0.042150630465854225 0.8569660260194453 0.5136463322167991
		outer loop
			vertex 9.183882713317871 16.92304229736328 13.92497730255127
			vertex 10 16.651756286621094 14.444561958312988
			vertex 10 17.055370330810547 13.771173477172852
		endloop
	endfacet
	facet normal -0.057895794793968 0.935299876356714 0.3490876941862753
		outer loop
			vertex 9.1943998336792 17.593338012695312 12.38584041595459
			vertex 9.188560485839844 17.301023483276367 13.168061256408691
			vertex 10 17.391036987304688 13.061467170715332
		endloop
	endfacet
	facet normal -0.04407171373139482 0.9031106685172544 0.4271402632146683
		outer loop
			vertex 9.188560485839844 17.301023483276367 13.168061256408691
			vertex 10 17.055370330810547 13.771173477172852
			vertex 10 17.391036987304688 13.061467170715332
		endloop
	endfacet
	facet normal 0.0608343517358822 0.8931457316646203 0.44563424874906693
		outer loop
			vertex 10.816117286682129 16.92304229736328 13.92497730255127
			vertex 10.811439514160156 17.301023483276367 13.168061256408691
			vertex 10 17.055370330810547 13.771173477172852
		endloop
	endfacet
	facet normal 0.06330074466781764 0.8404190353867358 0.5382275175835292
		outer loop
			vertex 10.816117286682129 16.92304229736328 13.92497730255127
			vertex 10 16.651756286621094 14.444561958312988
			vertex 10.819387435913086 16.462081909179688 14.644362449645996
		endloop
	endfacet
	facet normal 0.042150630465854225 0.8569660260194453 0.5136463322167991
		outer loop
			vertex 10.816117286682129 16.92304229736328 13.92497730255127
			vertex 10 17.055370330810547 13.771173477172852
			vertex 10 16.651756286621094 14.444561958312988
		endloop
	endfacet
	facet normal 0.057895794793968 0.935299876356714 0.3490876941862753
		outer loop
			vertex 10.8056001663208 17.593338012695312 12.38584041595459
			vertex 10 17.391036987304688 13.061467170715332
			vertex 10.811439514160156 17.301023483276367 13.168061256408691
		endloop
	endfacet
	facet normal 0.04407171373139482 0.9031106685172544 0.4271402632146683
		outer loop
			vertex 10 17.391036987304688 13.061467170715332
			vertex 10 17.055370330810547 13.771173477172852
			vertex 10.811439514160156 17.301023483276367 13.168061256408691
		endloop
	endfacet
	facet normal -0.2842330479455298 0.5836190976971379 0.7606578227158206
		outer loop
			vertex 7.396082401275635 14.983587265014648 15.69064712524414
			vertex 7.414066791534424 14.19932746887207 16.299095153808594
			vertex 8.303881645202637 14.8301362991333 16.147598266601562
		endloop
	endfacet
	facet normal -0.25566010534872885 0.6414480886480649 0.7233133899651113
		outer loop
			vertex 7.396082401275635 14.983587265014648 15.69064712524414
			vertex 8.303881645202637 14.8301362991333 16.147598266601562
			vertex 8.300114631652832 15.52767562866211 15.52767562866211
		endloop
	endfacet
	facet normal -0.2842330479455298 0.7606578227158206 0.5836190976971379
		outer loop
			vertex 7.396082401275635 15.69064712524414 14.983587265014648
			vertex 8.303881645202637 16.147598266601562 14.8301362991333
			vertex 7.414066791534424 16.299095153808594 14.19932746887207
		endloop
	endfacet
	facet normal -0.25566010534872885 0.7233133899651113 0.6414480886480649
		outer loop
			vertex 7.396082401275635 15.69064712524414 14.983587265014648
			vertex 8.300114631652832 15.52767562866211 15.52767562866211
			vertex 8.303881645202637 16.147598266601562 14.8301362991333
		endloop
	endfacet
	facet normal -0.2856753299715726 0.6776391391609672 0.6776391391609672
		outer loop
			vertex 7.396082401275635 14.983587265014648 15.69064712524414
			vertex 8.300114631652832 15.52767562866211 15.52767562866211
			vertex 7.396082401275635 15.69064712524414 14.983587265014648
		endloop
	endfacet
	facet normal -0.17280406753412372 0.6537815058537261 0.7366875164187978
		outer loop
			vertex 8.300114631652832 15.52767562866211 15.52767562866211
			vertex 8.303881645202637 14.8301362991333 16.147598266601562
			vertex 9.178930282592773 15.314181327819824 15.923286437988281
		endloop
	endfacet
	facet normal -0.14524323437040518 0.6199106242567405 0.7711129753824935
		outer loop
			vertex 9.178930282592773 15.314181327819824 15.923286437988281
			vertex 8.303881645202637 14.8301362991333 16.147598266601562
			vertex 9.180612564086914 14.644362449645996 16.462081909179688
		endloop
	endfacet
	facet normal -0.17280406753412372 0.7366875164187978 0.6537815058537261
		outer loop
			vertex 8.300114631652832 15.52767562866211 15.52767562866211
			vertex 9.178930282592773 15.923286437988281 15.314181327819824
			vertex 8.303881645202637 16.147598266601562 14.8301362991333
		endloop
	endfacet
	facet normal -0.14524323437040518 0.7711129753824935 0.6199106242567405
		outer loop
			vertex 9.178930282592773 15.923286437988281 15.314181327819824
			vertex 9.180612564086914 16.462081909179688 14.644362449645996
			vertex 8.303881645202637 16.147598266601562 14.8301362991333
		endloop
	endfacet
	facet normal -0.14498507436850847 0.699635379397854 0.699635379397854
		outer loop
			vertex 8.300114631652832 15.52767562866211 15.52767562866211
			vertex 9.178930282592773 15.314181327819824 15.923286437988281
			vertex 9.178930282592773 15.923286437988281 15.314181327819824
		endloop
	endfacet
	facet normal -0.17108946807816092 0.5622259326837393 0.8090923275687587
		outer loop
			vertex 8.314892768859863 14.071724891662598 16.67693519592285
			vertex 9.180612564086914 14.644362449645996 16.462081909179688
			vertex 8.303881645202637 14.8301362991333 16.147598266601562
		endloop
	endfacet
	facet normal -0.17108946807816092 0.8090923275687587 0.5622259326837393
		outer loop
			vertex 8.303881645202637 16.147598266601562 14.8301362991333
			vertex 9.180612564086914 16.462081909179688 14.644362449645996
			vertex 8.314892768859863 16.67693519592285 14.071724891662598
		endloop
	endfacet
	facet normal -0.06494297490951136 0.6253563217828376 0.7776322272232181
		outer loop
			vertex 9.178930282592773 15.314181327819824 15.923286437988281
			vertex 9.180612564086914 14.644362449645996 16.462081909179688
			vertex 10 15.075146675109863 16.184083938598633
		endloop
	endfacet
	facet normal -0.03980956052158617 0.6710265662037662 0.7403637932394188
		outer loop
			vertex 9.178930282592773 15.314181327819824 15.923286437988281
			vertex 10 15.075146675109863 16.184083938598633
			vertex 10 15.656854629516602 15.656854629516602
		endloop
	endfacet
	facet normal -0.06494297490951136 0.7776322272232181 0.6253563217828376
		outer loop
			vertex 9.178930282592773 15.923286437988281 15.314181327819824
			vertex 10 16.184083938598633 15.075146675109863
			vertex 9.180612564086914 16.462081909179688 14.644362449645996
		endloop
	endfacet
	facet normal -0.03980956052158617 0.7403637932394188 0.6710265662037662
		outer loop
			vertex 9.178930282592773 15.923286437988281 15.314181327819824
			vertex 10 15.656854629516602 15.656854629516602
			vertex 10 16.184083938598633 15.075146675109863
		endloop
	endfacet
	facet normal -0.06551823955829379 0.7055874716451469 0.7055874716451469
		outer loop
			vertex 9.178930282592773 15.314181327819824 15.923286437988281
			vertex 10 15.656854629516602 15.656854629516602
			vertex 9.178930282592773 15.923286437988281 15.314181327819824
		endloop
	endfacet
	facet normal 0.03980956052158617 0.6710265662037662 0.7403637932394188
		outer loop
			vertex 10 15.656854629516602 15.656854629516602
			vertex 10 15.075146675109863 16.184083938598633
			vertex 10.821069717407227 15.314181327819824 15.923286437988281
		endloop
	endfacet
	facet normal 0.06494297490951136 0.6253563217828376 0.7776322272232181
		outer loop
			vertex 10.821069717407227 15.314181327819824 15.923286437988281
			vertex 10 15.075146675109863 16.184083938598633
			vertex 10.819387435913086 14.644362449645996 16.462081909179688
		endloop
	endfacet
	facet normal 0.03980956052158617 0.7403637932394188 0.6710265662037662
		outer loop
			vertex 10 15.656854629516602 15.656854629516602
			vertex 10.821069717407227 15.923286437988281 15.314181327819824
			vertex 10 16.184083938598633 15.075146675109863
		endloop
	endfacet
	facet normal 0.06494297490951136 0.7776322272232181 0.6253563217828376
		outer loop
			vertex 10.821069717407227 15.923286437988281 15.314181327819824
			vertex 10.819387435913086 16.462081909179688 14.644362449645996
			vertex 10 16.184083938598633 15.075146675109863
		endloop
	endfacet
	facet normal 0.06551823955829379 0.7055874716451469 0.7055874716451469
		outer loop
			vertex 10 15.656854629516602 15.656854629516602
			vertex 10.821069717407227 15.314181327819824 15.923286437988281
			vertex 10.821069717407227 15.923286437988281 15.314181327819824
		endloop
	endfacet
	facet normal -0.040639705697712414 0.5952062313936063 0.8025446756605044
		outer loop
			vertex 9.180612564086914 14.644362449645996 16.462081909179688
			vertex 10 14.444561958312988 16.651756286621094
			vertex 10 15.075146675109863 16.184083938598633
		endloop
	endfacet
	facet normal 0.040639705697712414 0.5952062313936063 0.8025446756605044
		outer loop
			vertex 10 14.444561958312988 16.651756286621094
			vertex 10.819387435913086 14.644362449645996 16.462081909179688
			vertex 10 15.075146675109863 16.184083938598633
		endloop
	endfacet
	facet normal -0.040639705697712414 0.8025446756605044 0.5952062313936063
		outer loop
			vertex 9.180612564086914 16.462081909179688 14.644362449645996
			vertex 10 16.184083938598633 15.075146675109863
			vertex 10 16.651756286621094 14.444561958312988
		endloop
	endfacet
	facet normal 0.040639705697712414 0.8025446756605044 0.5952062313936063
		outer loop
			vertex 10 16.651756286621094 14.444561958312988
			vertex 10 16.184083938598633 15.075146675109863
			vertex 10.819387435913086 16.462081909179688 14.644362449645996
		endloop
	endfacet
	facet normal 0.14498581764007035 -0.6996353023837635 -0.6996353023837635
		outer loop
			vertex 10.821069717407227 4.0767130851745605 4.685819149017334
			vertex 10.821069717407227 4.685819149017334 4.0767130851745605
			vertex 11.699885368347168 4.472324848175049 4.472324848175049
		endloop
	endfacet
	facet normal 0.17280444464597688 -0.7366868995665521 -0.6537821012521041
		outer loop
			vertex 11.696118354797363 3.8524019718170166 5.169863224029541
			vertex 10.821069717407227 4.0767130851745605 4.685819149017334
			vertex 11.699885368347168 4.472324848175049 4.472324848175049
		endloop
	endfacet
	facet normal 0.17280444464597688 -0.6537821012521041 -0.7366868995665521
		outer loop
			vertex 11.696118354797363 5.169863224029541 3.8524019718170166
			vertex 11.699885368347168 4.472324848175049 4.472324848175049
			vertex 10.821069717407227 4.685819149017334 4.0767130851745605
		endloop
	endfacet
	facet normal 0.28567448358918063 -0.6776393175672641 -0.6776393175672641
		outer loop
			vertex 11.699885368347168 4.472324848175049 4.472324848175049
			vertex 12.603917121887207 5.016412734985352 4.309352397918701
			vertex 12.603917121887207 4.309352397918701 5.016412734985352
		endloop
	endfacet
	facet normal 0.25565965064340446 -0.7233129210785161 -0.6414487986065269
		outer loop
			vertex 11.696118354797363 3.8524019718170166 5.169863224029541
			vertex 11.699885368347168 4.472324848175049 4.472324848175049
			vertex 12.603917121887207 4.309352397918701 5.016412734985352
		endloop
	endfacet
	facet normal 0.25565965064340446 -0.6414487986065269 -0.7233129210785161
		outer loop
			vertex 11.696118354797363 5.169863224029541 3.8524019718170166
			vertex 12.603917121887207 5.016412734985352 4.309352397918701
			vertex 11.699885368347168 4.472324848175049 4.472324848175049
		endloop
	endfacet
	facet normal 0.367741959904516 -0.6575583057515072 -0.6575583057515072
		outer loop
			vertex 12.603917121887207 4.309352397918701 5.016412734985352
			vertex 12.603917121887207 5.016412734985352 4.309352397918701
			vertex 13.503082275390625 4.914313316345215 4.914313316345215
		endloop
	endfacet
	facet normal 0.36677879478834685 -0.7390909864180097 -0.564993654379641
		outer loop
			vertex 12.585932731628418 3.7009048461914062 5.80067253112793
			vertex 12.603917121887207 4.309352397918701 5.016412734985352
			vertex 13.486339569091797 4.220521926879883 5.705460548400879
		endloop
	endfacet
	facet normal 0.39860801247253985 -0.6937048462557484 -0.5999043579388137
		outer loop
			vertex 12.603917121887207 4.309352397918701 5.016412734985352
			vertex 13.503082275390625 4.914313316345215 4.914313316345215
			vertex 13.486339569091797 4.220521926879883 5.705460548400879
		endloop
	endfacet
	facet normal 0.36677879478834685 -0.564993654379641 -0.7390909864180097
		outer loop
			vertex 12.585932731628418 5.80067253112793 3.7009048461914062
			vertex 13.486339569091797 5.705460548400879 4.220521926879883
			vertex 12.603917121887207 5.016412734985352 4.309352397918701
		endloop
	endfacet
	facet normal 0.39860801247253985 -0.5999043579388137 -0.6937048462557484
		outer loop
			vertex 12.603917121887207 5.016412734985352 4.309352397918701
			vertex 13.486339569091797 5.705460548400879 4.220521926879883
			vertex 13.503082275390625 4.914313316345215 4.914313316345215
		endloop
	endfacet
	facet normal 0.47590790604423366 -0.6662183617779217 -0.574164401016412
		outer loop
			vertex 13.503082275390625 4.914313316345215 4.914313316345215
			vertex 14.3456392288208 4.878395080566406 5.654360771179199
			vertex 13.486339569091797 4.220521926879883 5.705460548400879
		endloop
	endfacet
	facet normal 0.4759079060442336 -0.574164401016412 -0.6662183617779217
		outer loop
			vertex 13.503082275390625 4.914313316345215 4.914313316345215
			vertex 13.486339569091797 5.705460548400879 4.220521926879883
			vertex 14.3456392288208 5.654360771179199 4.878395080566406
		endloop
	endfacet
	facet normal 0.5087444455191992 -0.6087606628032739 -0.6087606628032739
		outer loop
			vertex 13.503082275390625 4.914313316345215 4.914313316345215
			vertex 14.3456392288208 5.654360771179199 4.878395080566406
			vertex 14.3456392288208 4.878395080566406 5.654360771179199
		endloop
	endfacet
	facet normal 0.47196523455275524 -0.7446459794742235 -0.47196523455275524
		outer loop
			vertex 13.486339569091797 4.220521926879883 5.705460548400879
			vertex 14.294539451599121 4.220521926879883 6.513660430908203
			vertex 13.438130378723145 3.6471641063690186 6.561870098114014
		endloop
	endfacet
	facet normal 0.5053956064370707 -0.6993929953811456 -0.5053956064370707
		outer loop
			vertex 13.486339569091797 4.220521926879883 5.705460548400879
			vertex 14.3456392288208 4.878395080566406 5.654360771179199
			vertex 14.294539451599121 4.220521926879883 6.513660430908203
		endloop
	endfacet
	facet normal 0.564993610990432 -0.7390909354997415 -0.36677896423065154
		outer loop
			vertex 14.19932746887207 3.7009048461914062 7.414066791534424
			vertex 14.294539451599121 4.220521926879883 6.513660430908203
			vertex 14.983587265014648 4.309352397918701 7.396082401275635
		endloop
	endfacet
	facet normal 0.5053956064370707 -0.5053956064370707 -0.6993929953811456
		outer loop
			vertex 13.486339569091797 5.705460548400879 4.220521926879883
			vertex 14.294539451599121 6.513660430908203 4.220521926879883
			vertex 14.3456392288208 5.654360771179199 4.878395080566406
		endloop
	endfacet
	facet normal 0.47196523455275524 -0.47196523455275524 -0.7446459794742235
		outer loop
			vertex 13.486339569091797 5.705460548400879 4.220521926879883
			vertex 13.438130378723145 6.561870098114014 3.6471641063690186
			vertex 14.294539451599121 6.513660430908203 4.220521926879883
		endloop
	endfacet
	facet normal 0.564993610990432 -0.36677896423065154 -0.7390909354997415
		outer loop
			vertex 14.19932746887207 7.414066791534424 3.7009048461914062
			vertex 14.983587265014648 7.396082401275635 4.309352397918701
			vertex 14.294539451599121 6.513660430908203 4.220521926879883
		endloop
	endfacet
	facet normal 0.5773502691896257 -0.5773502691896257 -0.5773502691896257
		outer loop
			vertex 14.3456392288208 4.878395080566406 5.654360771179199
			vertex 14.3456392288208 5.654360771179199 4.878395080566406
			vertex 15.121604919433594 5.654360771179199 5.654360771179199
		endloop
	endfacet
	facet normal 0.5741645982025867 -0.6662182573339465 -0.47590781435671103
		outer loop
			vertex 14.3456392288208 4.878395080566406 5.654360771179199
			vertex 15.085686683654785 4.914313316345215 6.496918201446533
			vertex 14.294539451599121 4.220521926879883 6.513660430908203
		endloop
	endfacet
	facet normal 0.5999044115537043 -0.6937046401429169 -0.39860829048401636
		outer loop
			vertex 14.294539451599121 4.220521926879883 6.513660430908203
			vertex 15.085686683654785 4.914313316345215 6.496918201446533
			vertex 14.983587265014648 4.309352397918701 7.396082401275635
		endloop
	endfacet
	facet normal 0.6575584753241617 -0.6575580318707557 -0.3677421464173263
		outer loop
			vertex 14.983587265014648 4.309352397918701 7.396082401275635
			vertex 15.085686683654785 4.914313316345215 6.496918201446533
			vertex 15.69064712524414 5.016412734985352 7.396082401275635
		endloop
	endfacet
	facet normal 0.6087607519728072 -0.6087607519728072 -0.5087442321196427
		outer loop
			vertex 14.3456392288208 4.878395080566406 5.654360771179199
			vertex 15.121604919433594 5.654360771179199 5.654360771179199
			vertex 15.085686683654785 4.914313316345215 6.496918201446533
		endloop
	endfacet
	facet normal 0.6662182573339465 -0.5741645982025867 -0.47590781435671103
		outer loop
			vertex 15.121604919433594 5.654360771179199 5.654360771179199
			vertex 15.779478073120117 5.705460548400879 6.513660430908203
			vertex 15.085686683654785 4.914313316345215 6.496918201446533
		endloop
	endfacet
	facet normal 0.693704738865057 -0.5999045047308018 -0.39860797844480567
		outer loop
			vertex 15.085686683654785 4.914313316345215 6.496918201446533
			vertex 15.779478073120117 5.705460548400879 6.513660430908203
			vertex 15.69064712524414 5.016412734985352 7.396082401275635
		endloop
	endfacet
	facet normal 0.7390907603059432 -0.5649939275308816 -0.36677882965570946
		outer loop
			vertex 15.779478073120117 5.705460548400879 6.513660430908203
			vertex 16.299095153808594 5.80067253112793 7.414066791534424
			vertex 15.69064712524414 5.016412734985352 7.396082401275635
		endloop
	endfacet
	facet normal 0.5741645982025867 -0.47590781435671103 -0.6662182573339465
		outer loop
			vertex 14.3456392288208 5.654360771179199 4.878395080566406
			vertex 14.294539451599121 6.513660430908203 4.220521926879883
			vertex 15.085686683654785 6.496918201446533 4.914313316345215
		endloop
	endfacet
	facet normal 0.6087607519728072 -0.5087442321196427 -0.6087607519728072
		outer loop
			vertex 14.3456392288208 5.654360771179199 4.878395080566406
			vertex 15.085686683654785 6.496918201446533 4.914313316345215
			vertex 15.121604919433594 5.654360771179199 5.654360771179199
		endloop
	endfacet
	facet normal 0.6662182573339465 -0.47590781435671103 -0.5741645982025867
		outer loop
			vertex 15.121604919433594 5.654360771179199 5.654360771179199
			vertex 15.085686683654785 6.496918201446533 4.914313316345215
			vertex 15.779478073120117 6.513660430908203 5.705460548400879
		endloop
	endfacet
	facet normal 0.5999044115537043 -0.39860829048401636 -0.6937046401429169
		outer loop
			vertex 14.294539451599121 6.513660430908203 4.220521926879883
			vertex 14.983587265014648 7.396082401275635 4.309352397918701
			vertex 15.085686683654785 6.496918201446533 4.914313316345215
		endloop
	endfacet
	facet normal 0.6575584753241617 -0.3677421464173263 -0.6575580318707557
		outer loop
			vertex 14.983587265014648 7.396082401275635 4.309352397918701
			vertex 15.69064712524414 7.396082401275635 5.016412734985352
			vertex 15.085686683654785 6.496918201446533 4.914313316345215
		endloop
	endfacet
	facet normal 0.693704738865057 -0.39860797844480567 -0.5999045047308018
		outer loop
			vertex 15.085686683654785 6.496918201446533 4.914313316345215
			vertex 15.69064712524414 7.396082401275635 5.016412734985352
			vertex 15.779478073120117 6.513660430908203 5.705460548400879
		endloop
	endfacet
	facet normal 0.7390907603059431 -0.3667788296557094 -0.5649939275308815
		outer loop
			vertex 15.779478073120117 6.513660430908203 5.705460548400879
			vertex 15.69064712524414 7.396082401275635 5.016412734985352
			vertex 16.299095153808594 7.414066791534424 5.80067253112793
		endloop
	endfacet
	facet normal 0.6993929953811456 -0.5053956064370707 -0.5053956064370707
		outer loop
			vertex 15.121604919433594 5.654360771179199 5.654360771179199
			vertex 15.779478073120117 6.513660430908203 5.705460548400879
			vertex 15.779478073120117 5.705460548400879 6.513660430908203
		endloop
	endfacet
	facet normal 0.7446457404971094 -0.4719654230764748 -0.4719654230764748
		outer loop
			vertex 15.779478073120117 5.705460548400879 6.513660430908203
			vertex 15.779478073120117 6.513660430908203 5.705460548400879
			vertex 16.35283660888672 6.561870098114014 6.561870098114014
		endloop
	endfacet
	facet normal 0.7738079385141137 -0.49587121435414805 -0.39412309380126437
		outer loop
			vertex 15.779478073120117 5.705460548400879 6.513660430908203
			vertex 16.35283660888672 6.561870098114014 6.561870098114014
			vertex 16.299095153808594 5.80067253112793 7.414066791534424
		endloop
	endfacet
	facet normal 0.7738079385141137 -0.39412309380126437 -0.49587121435414805
		outer loop
			vertex 15.779478073120117 6.513660430908203 5.705460548400879
			vertex 16.299095153808594 7.414066791534424 5.80067253112793
			vertex 16.35283660888672 6.561870098114014 6.561870098114014
		endloop
	endfacet
	facet normal 0.8073899167534596 -0.46442205680179693 -0.36391437932682785
		outer loop
			vertex 16.299095153808594 5.80067253112793 7.414066791534424
			vertex 16.35283660888672 6.561870098114014 6.561870098114014
			vertex 16.79505157470703 6.636068820953369 7.448288440704346
		endloop
	endfacet
	facet normal 0.8073899167534596 -0.36391437932682785 -0.46442205680179693
		outer loop
			vertex 16.299095153808594 7.414066791534424 5.80067253112793
			vertex 16.79505157470703 7.448288440704346 6.636068820953369
			vertex 16.35283660888672 6.561870098114014 6.561870098114014
		endloop
	endfacet
	facet normal 0.8380506145715158 -0.38579215091568736 -0.38579215091568736
		outer loop
			vertex 16.35283660888672 6.561870098114014 6.561870098114014
			vertex 16.79505157470703 7.448288440704346 6.636068820953369
			vertex 16.79505157470703 6.636068820953369 7.448288440704346
		endloop
	endfacet
	facet normal 0.8613302787972706 -0.3592423630552334 -0.3592423630552334
		outer loop
			vertex 16.79505157470703 6.636068820953369 7.448288440704346
			vertex 16.79505157470703 7.448288440704346 6.636068820953369
			vertex 17.173307418823242 7.4956374168396 7.4956374168396
		endloop
	endfacet
	facet normal 0.6414483365029083 -0.7233133869434103 -0.255659492032086
		outer loop
			vertex 14.8301362991333 3.8524019718170166 8.303881645202637
			vertex 14.983587265014648 4.309352397918701 7.396082401275635
			vertex 15.52767562866211 4.472324848175049 8.300114631652832
		endloop
	endfacet
	facet normal 0.6537815642241352 -0.736687302959614 -0.17280475670169743
		outer loop
			vertex 14.8301362991333 3.8524019718170166 8.303881645202637
			vertex 15.52767562866211 4.472324848175049 8.300114631652832
			vertex 15.314181327819824 4.0767130851745605 9.178930282592773
		endloop
	endfacet
	facet normal 0.6776394714467753 -0.6776390144508686 -0.2856748375888058
		outer loop
			vertex 14.983587265014648 4.309352397918701 7.396082401275635
			vertex 15.69064712524414 5.016412734985352 7.396082401275635
			vertex 15.52767562866211 4.472324848175049 8.300114631652832
		endloop
	endfacet
	facet normal 0.6996358885988813 -0.6996347931824712 -0.14498544600398566
		outer loop
			vertex 15.52767562866211 4.472324848175049 8.300114631652832
			vertex 15.923286437988281 4.685819149017334 9.178930282592773
			vertex 15.314181327819824 4.0767130851745605 9.178930282592773
		endloop
	endfacet
	facet normal 0.7366871130255831 -0.6537820428816151 -0.17280375547879157
		outer loop
			vertex 15.52767562866211 4.472324848175049 8.300114631652832
			vertex 16.147598266601562 5.169863224029541 8.303881645202637
			vertex 15.923286437988281 4.685819149017334 9.178930282592773
		endloop
	endfacet
	facet normal 0.7233129486194527 -0.6414485732215468 -0.2556601382137524
		outer loop
			vertex 15.69064712524414 5.016412734985352 7.396082401275635
			vertex 16.147598266601562 5.169863224029541 8.303881645202637
			vertex 15.52767562866211 4.472324848175049 8.300114631652832
		endloop
	endfacet
	facet normal 0.7606577593121578 -0.5836190419931159 -0.2842333320025029
		outer loop
			vertex 15.69064712524414 5.016412734985352 7.396082401275635
			vertex 16.299095153808594 5.80067253112793 7.414066791534424
			vertex 16.147598266601562 5.169863224029541 8.303881645202637
		endloop
	endfacet
	facet normal 0.7711130501351179 -0.6199106860461019 -0.14524257377630823
		outer loop
			vertex 15.923286437988281 4.685819149017334 9.178930282592773
			vertex 16.147598266601562 5.169863224029541 8.303881645202637
			vertex 16.462081909179688 5.355638027191162 9.180612564086914
		endloop
	endfacet
	facet normal 0.6710267526030542 -0.7403636640992076 -0.03980882028640404
		outer loop
			vertex 15.314181327819824 4.0767130851745605 9.178930282592773
			vertex 15.656854629516602 4.343145847320557 10
			vertex 15.075146675109863 3.8159162998199463 10
		endloop
	endfacet
	facet normal 0.6710267526030542 -0.7403636640992076 0.03980882028640404
		outer loop
			vertex 15.075146675109863 3.8159162998199463 10
			vertex 15.656854629516602 4.343145847320557 10
			vertex 15.314181327819824 4.0767130851745605 10.821069717407227
		endloop
	endfacet
	facet normal 0.705588042955921 -0.7055869382202528 -0.06551783154686022
		outer loop
			vertex 15.314181327819824 4.0767130851745605 9.178930282592773
			vertex 15.923286437988281 4.685819149017334 9.178930282592773
			vertex 15.656854629516602 4.343145847320557 10
		endloop
	endfacet
	facet normal 0.7403637932394188 -0.6710265662037662 -0.03980956052158617
		outer loop
			vertex 15.923286437988281 4.685819149017334 9.178930282592773
			vertex 16.184083938598633 4.924853801727295 10
			vertex 15.656854629516602 4.343145847320557 10
		endloop
	endfacet
	facet normal 0.705588042955921 -0.7055869382202528 0.06551783154686022
		outer loop
			vertex 15.314181327819824 4.0767130851745605 10.821069717407227
			vertex 15.656854629516602 4.343145847320557 10
			vertex 15.923286437988281 4.685819149017334 10.821069717407227
		endloop
	endfacet
	facet normal 0.7403637932394188 -0.6710265662037662 0.03980956052158617
		outer loop
			vertex 15.656854629516602 4.343145847320557 10
			vertex 16.184083938598633 4.924853801727295 10
			vertex 15.923286437988281 4.685819149017334 10.821069717407227
		endloop
	endfacet
	facet normal 0.7776322272232181 -0.6253563217828376 -0.06494297490951136
		outer loop
			vertex 15.923286437988281 4.685819149017334 9.178930282592773
			vertex 16.462081909179688 5.355638027191162 9.180612564086914
			vertex 16.184083938598633 4.924853801727295 10
		endloop
	endfacet
	facet normal 0.7776322272232181 -0.6253563217828376 0.06494297490951136
		outer loop
			vertex 15.923286437988281 4.685819149017334 10.821069717407227
			vertex 16.184083938598633 4.924853801727295 10
			vertex 16.462081909179688 5.355638027191162 10.819387435913086
		endloop
	endfacet
	facet normal 0.7945917934420785 -0.55088299051119 -0.2552485309653113
		outer loop
			vertex 16.299095153808594 5.80067253112793 7.414066791534424
			vertex 16.67693519592285 5.928275108337402 8.314892768859863
			vertex 16.147598266601562 5.169863224029541 8.303881645202637
		endloop
	endfacet
	facet normal 0.8090925593312387 -0.5622257480586187 -0.17108897876471432
		outer loop
			vertex 16.147598266601562 5.169863224029541 8.303881645202637
			vertex 16.67693519592285 5.928275108337402 8.314892768859863
			vertex 16.462081909179688 5.355638027191162 9.180612564086914
		endloop
	endfacet
	facet normal 0.802544452946476 -0.5952065163028125 -0.04063993104707901
		outer loop
			vertex 16.462081909179688 5.355638027191162 9.180612564086914
			vertex 16.651756286621094 5.555438041687012 10
			vertex 16.184083938598633 4.924853801727295 10
		endloop
	endfacet
	facet normal 0.8404188624289084 -0.538227762545882 -0.06330095811718531
		outer loop
			vertex 16.462081909179688 5.355638027191162 9.180612564086914
			vertex 16.92304229736328 6.0750226974487305 9.183882713317871
			vertex 16.651756286621094 5.555438041687012 10
		endloop
	endfacet
	facet normal 0.802544452946476 -0.5952065163028125 0.04063993104707901
		outer loop
			vertex 16.184083938598633 4.924853801727295 10
			vertex 16.651756286621094 5.555438041687012 10
			vertex 16.462081909179688 5.355638027191162 10.819387435913086
		endloop
	endfacet
	facet normal 0.8404188624289084 -0.538227762545882 0.06330095811718531
		outer loop
			vertex 16.462081909179688 5.355638027191162 10.819387435913086
			vertex 16.651756286621094 5.555438041687012 10
			vertex 16.92304229736328 6.0750226974487305 10.816117286682129
		endloop
	endfacet
	facet normal 0.8304520776759269 -0.4815465149450243 -0.28011122902882374
		outer loop
			vertex 16.299095153808594 5.80067253112793 7.414066791534424
			vertex 16.79505157470703 6.636068820953369 7.448288440704346
			vertex 16.67693519592285 5.928275108337402 8.314892768859863
		endloop
	endfacet
	facet normal 0.8539855271710831 -0.45390229883154753 -0.25432542636898064
		outer loop
			vertex 16.67693519592285 5.928275108337402 8.314892768859863
			vertex 16.79505157470703 6.636068820953369 7.448288440704346
			vertex 17.107582092285156 6.728739261627197 8.33232593536377
		endloop
	endfacet
	facet normal 0.8332638801467642 -0.5332674253049019 -0.1459354622819278
		outer loop
			vertex 16.67693519592285 5.928275108337402 8.314892768859863
			vertex 16.92304229736328 6.0750226974487305 9.183882713317871
			vertex 16.462081909179688 5.355638027191162 9.180612564086914
		endloop
	endfacet
	facet normal 0.869660919734972 -0.4642177616463316 -0.16790400369792363
		outer loop
			vertex 16.67693519592285 5.928275108337402 8.314892768859863
			vertex 17.107582092285156 6.728739261627197 8.33232593536377
			vertex 16.92304229736328 6.0750226974487305 9.183882713317871
		endloop
	endfacet
	facet normal 0.8853175110927489 -0.4411938525836701 -0.14683626593903604
		outer loop
			vertex 16.92304229736328 6.0750226974487305 9.183882713317871
			vertex 17.107582092285156 6.728739261627197 8.33232593536377
			vertex 17.301023483276367 6.83193826675415 9.188560485839844
		endloop
	endfacet
	facet normal 0.8857742168725282 -0.37470192364998944 -0.2738658524476116
		outer loop
			vertex 16.79505157470703 6.636068820953369 7.448288440704346
			vertex 17.173307418823242 7.4956374168396 7.4956374168396
			vertex 17.107582092285156 6.728739261627197 8.33232593536377
		endloop
	endfacet
	facet normal 0.9008716909264387 -0.35293101350818895 -0.2527249417675706
		outer loop
			vertex 17.173307418823242 7.4956374168396 7.4956374168396
			vertex 17.436555862426758 7.552255153656006 8.354954719543457
			vertex 17.107582092285156 6.728739261627197 8.33232593536377
		endloop
	endfacet
	facet normal 0.9176620976405848 -0.36208520364286617 -0.16367828156718287
		outer loop
			vertex 17.107582092285156 6.728739261627197 8.33232593536377
			vertex 17.436555862426758 7.552255153656006 8.354954719543457
			vertex 17.301023483276367 6.83193826675415 9.188560485839844
		endloop
	endfacet
	facet normal 0.9268246598303232 -0.3452505590410191 -0.1476418010330052
		outer loop
			vertex 17.301023483276367 6.83193826675415 9.188560485839844
			vertex 17.436555862426758 7.552255153656006 8.354954719543457
			vertex 17.593338012695312 7.614159107208252 9.1943998336792
		endloop
	endfacet
	facet normal 0.8569658575529288 -0.5136465949630973 -0.0421508537444896
		outer loop
			vertex 16.92304229736328 6.0750226974487305 9.183882713317871
			vertex 17.055370330810547 6.22882604598999 10
			vertex 16.651756286621094 5.555438041687012 10
		endloop
	endfacet
	facet normal 0.8931456091516069 -0.4456344670756359 -0.06083455109902265
		outer loop
			vertex 16.92304229736328 6.0750226974487305 9.183882713317871
			vertex 17.301023483276367 6.83193826675415 9.188560485839844
			vertex 17.055370330810547 6.22882604598999 10
		endloop
	endfacet
	facet normal 0.8569658575529288 -0.5136465949630973 0.0421508537444896
		outer loop
			vertex 16.651756286621094 5.555438041687012 10
			vertex 17.055370330810547 6.22882604598999 10
			vertex 16.92304229736328 6.0750226974487305 10.816117286682129
		endloop
	endfacet
	facet normal 0.8931456091516069 -0.4456344670756359 0.06083455109902265
		outer loop
			vertex 16.92304229736328 6.0750226974487305 10.816117286682129
			vertex 17.055370330810547 6.22882604598999 10
			vertex 17.301023483276367 6.83193826675415 10.811439514160156
		endloop
	endfacet
	facet normal 0.9031106685172544 -0.4271402632146683 -0.04407171373139482
		outer loop
			vertex 17.301023483276367 6.83193826675415 9.188560485839844
			vertex 17.391036987304688 6.93853235244751 10
			vertex 17.055370330810547 6.22882604598999 10
		endloop
	endfacet
	facet normal 0.935299876356714 -0.3490876941862753 -0.057895794793968
		outer loop
			vertex 17.301023483276367 6.83193826675415 9.188560485839844
			vertex 17.593338012695312 7.614159107208252 9.1943998336792
			vertex 17.391036987304688 6.93853235244751 10
		endloop
	endfacet
	facet normal 0.9405453193214692 -0.3365323251008588 -0.04604884867926124
		outer loop
			vertex 17.593338012695312 7.614159107208252 9.1943998336792
			vertex 17.6555233001709 7.677722454071045 10
			vertex 17.391036987304688 6.93853235244751 10
		endloop
	endfacet
	facet normal 0.9031106685172544 -0.4271402632146683 0.04407171373139482
		outer loop
			vertex 17.055370330810547 6.22882604598999 10
			vertex 17.391036987304688 6.93853235244751 10
			vertex 17.301023483276367 6.83193826675415 10.811439514160156
		endloop
	endfacet
	facet normal 0.935299876356714 -0.3490876941862753 0.057895794793968
		outer loop
			vertex 17.391036987304688 6.93853235244751 10
			vertex 17.593338012695312 7.614159107208252 10.8056001663208
			vertex 17.301023483276367 6.83193826675415 10.811439514160156
		endloop
	endfacet
	facet normal 0.9405453193214692 -0.3365323251008588 0.04604884867926124
		outer loop
			vertex 17.391036987304688 6.93853235244751 10
			vertex 17.6555233001709 7.677722454071045 10
			vertex 17.593338012695312 7.614159107208252 10.8056001663208
		endloop
	endfacet
	facet normal 0.6414483365029083 -0.255659492032086 -0.7233133869434103
		outer loop
			vertex 14.983587265014648 7.396082401275635 4.309352397918701
			vertex 14.8301362991333 8.303881645202637 3.8524019718170166
			vertex 15.52767562866211 8.300114631652832 4.472324848175049
		endloop
	endfacet
	facet normal 0.6537815642241352 -0.17280475670169743 -0.736687302959614
		outer loop
			vertex 14.8301362991333 8.303881645202637 3.8524019718170166
			vertex 15.314181327819824 9.178930282592773 4.0767130851745605
			vertex 15.52767562866211 8.300114631652832 4.472324848175049
		endloop
	endfacet
	facet normal 0.6776394714467753 -0.2856748375888058 -0.6776390144508686
		outer loop
			vertex 14.983587265014648 7.396082401275635 4.309352397918701
			vertex 15.52767562866211 8.300114631652832 4.472324848175049
			vertex 15.69064712524414 7.396082401275635 5.016412734985352
		endloop
	endfacet
	facet normal 0.7233129486194527 -0.2556601382137524 -0.6414485732215468
		outer loop
			vertex 15.69064712524414 7.396082401275635 5.016412734985352
			vertex 15.52767562866211 8.300114631652832 4.472324848175049
			vertex 16.147598266601562 8.303881645202637 5.169863224029541
		endloop
	endfacet
	facet normal 0.7606577593121578 -0.2842333320025029 -0.5836190419931159
		outer loop
			vertex 15.69064712524414 7.396082401275635 5.016412734985352
			vertex 16.147598266601562 8.303881645202637 5.169863224029541
			vertex 16.299095153808594 7.414066791534424 5.80067253112793
		endloop
	endfacet
	facet normal 0.6996358885988813 -0.14498544600398566 -0.6996347931824712
		outer loop
			vertex 15.52767562866211 8.300114631652832 4.472324848175049
			vertex 15.314181327819824 9.178930282592773 4.0767130851745605
			vertex 15.923286437988281 9.178930282592773 4.685819149017334
		endloop
	endfacet
	facet normal 0.7366871130255831 -0.17280375547879157 -0.6537820428816151
		outer loop
			vertex 15.52767562866211 8.300114631652832 4.472324848175049
			vertex 15.923286437988281 9.178930282592773 4.685819149017334
			vertex 16.147598266601562 8.303881645202637 5.169863224029541
		endloop
	endfacet
	facet normal 0.7711130501351179 -0.14524257377630823 -0.6199106860461019
		outer loop
			vertex 15.923286437988281 9.178930282592773 4.685819149017334
			vertex 16.462081909179688 9.180612564086914 5.355638027191162
			vertex 16.147598266601562 8.303881645202637 5.169863224029541
		endloop
	endfacet
	facet normal 0.6710267526030542 -0.03980882028640404 -0.7403636640992076
		outer loop
			vertex 15.314181327819824 9.178930282592773 4.0767130851745605
			vertex 15.075146675109863 10 3.8159162998199463
			vertex 15.656854629516602 10 4.343145847320557
		endloop
	endfacet
	facet normal 0.6710267526030542 0.03980882028640404 -0.7403636640992076
		outer loop
			vertex 15.075146675109863 10 3.8159162998199463
			vertex 15.314181327819824 10.821069717407227 4.0767130851745605
			vertex 15.656854629516602 10 4.343145847320557
		endloop
	endfacet
	facet normal 0.7055880429559209 -0.06551783154686021 -0.7055869382202526
		outer loop
			vertex 15.314181327819824 9.178930282592773 4.0767130851745605
			vertex 15.656854629516602 10 4.343145847320557
			vertex 15.923286437988281 9.178930282592773 4.685819149017334
		endloop
	endfacet
	facet normal 0.7403637932394188 -0.03980956052158617 -0.6710265662037662
		outer loop
			vertex 15.923286437988281 9.178930282592773 4.685819149017334
			vertex 15.656854629516602 10 4.343145847320557
			vertex 16.184083938598633 10 4.924853801727295
		endloop
	endfacet
	facet normal 0.7776322272232181 -0.06494297490951136 -0.6253563217828376
		outer loop
			vertex 15.923286437988281 9.178930282592773 4.685819149017334
			vertex 16.184083938598633 10 4.924853801727295
			vertex 16.462081909179688 9.180612564086914 5.355638027191162
		endloop
	endfacet
	facet normal 0.7055880429559209 0.06551783154686021 -0.7055869382202526
		outer loop
			vertex 15.314181327819824 10.821069717407227 4.0767130851745605
			vertex 15.923286437988281 10.821069717407227 4.685819149017334
			vertex 15.656854629516602 10 4.343145847320557
		endloop
	endfacet
	facet normal 0.7403637932394188 0.03980956052158617 -0.6710265662037662
		outer loop
			vertex 15.656854629516602 10 4.343145847320557
			vertex 15.923286437988281 10.821069717407227 4.685819149017334
			vertex 16.184083938598633 10 4.924853801727295
		endloop
	endfacet
	facet normal 0.7776322272232181 0.06494297490951136 -0.6253563217828376
		outer loop
			vertex 15.923286437988281 10.821069717407227 4.685819149017334
			vertex 16.462081909179688 10.819387435913086 5.355638027191162
			vertex 16.184083938598633 10 4.924853801727295
		endloop
	endfacet
	facet normal 0.7945917934420785 -0.2552485309653113 -0.55088299051119
		outer loop
			vertex 16.299095153808594 7.414066791534424 5.80067253112793
			vertex 16.147598266601562 8.303881645202637 5.169863224029541
			vertex 16.67693519592285 8.314892768859863 5.928275108337402
		endloop
	endfacet
	facet normal 0.8090925593312387 -0.17108897876471432 -0.5622257480586187
		outer loop
			vertex 16.147598266601562 8.303881645202637 5.169863224029541
			vertex 16.462081909179688 9.180612564086914 5.355638027191162
			vertex 16.67693519592285 8.314892768859863 5.928275108337402
		endloop
	endfacet
	facet normal 0.8304520776759269 -0.28011122902882374 -0.4815465149450243
		outer loop
			vertex 16.299095153808594 7.414066791534424 5.80067253112793
			vertex 16.67693519592285 8.314892768859863 5.928275108337402
			vertex 16.79505157470703 7.448288440704346 6.636068820953369
		endloop
	endfacet
	facet normal 0.8539855271710831 -0.25432542636898064 -0.45390229883154753
		outer loop
			vertex 16.67693519592285 8.314892768859863 5.928275108337402
			vertex 17.107582092285156 8.33232593536377 6.728739261627197
			vertex 16.79505157470703 7.448288440704346 6.636068820953369
		endloop
	endfacet
	facet normal 0.8857742168725282 -0.2738658524476116 -0.37470192364998944
		outer loop
			vertex 16.79505157470703 7.448288440704346 6.636068820953369
			vertex 17.107582092285156 8.33232593536377 6.728739261627197
			vertex 17.173307418823242 7.4956374168396 7.4956374168396
		endloop
	endfacet
	facet normal 0.8332638801467642 -0.1459354622819278 -0.5332674253049019
		outer loop
			vertex 16.67693519592285 8.314892768859863 5.928275108337402
			vertex 16.462081909179688 9.180612564086914 5.355638027191162
			vertex 16.92304229736328 9.183882713317871 6.0750226974487305
		endloop
	endfacet
	facet normal 0.869660919734972 -0.16790400369792363 -0.4642177616463316
		outer loop
			vertex 16.67693519592285 8.314892768859863 5.928275108337402
			vertex 16.92304229736328 9.183882713317871 6.0750226974487305
			vertex 17.107582092285156 8.33232593536377 6.728739261627197
		endloop
	endfacet
	facet normal 0.885317511092749 -0.14683626593903604 -0.4411938525836701
		outer loop
			vertex 16.92304229736328 9.183882713317871 6.0750226974487305
			vertex 17.301023483276367 9.188560485839844 6.83193826675415
			vertex 17.107582092285156 8.33232593536377 6.728739261627197
		endloop
	endfacet
	facet normal 0.9008716909264386 -0.2527249417675706 -0.35293101350818895
		outer loop
			vertex 17.173307418823242 7.4956374168396 7.4956374168396
			vertex 17.107582092285156 8.33232593536377 6.728739261627197
			vertex 17.436555862426758 8.354954719543457 7.552255153656006
		endloop
	endfacet
	facet normal 0.9176620976405848 -0.16367828156718287 -0.36208520364286617
		outer loop
			vertex 17.107582092285156 8.33232593536377 6.728739261627197
			vertex 17.301023483276367 9.188560485839844 6.83193826675415
			vertex 17.436555862426758 8.354954719543457 7.552255153656006
		endloop
	endfacet
	facet normal 0.9268246598303232 -0.1476418010330052 -0.3452505590410191
		outer loop
			vertex 17.436555862426758 8.354954719543457 7.552255153656006
			vertex 17.301023483276367 9.188560485839844 6.83193826675415
			vertex 17.593338012695312 9.1943998336792 7.614159107208252
		endloop
	endfacet
	facet normal 0.8404188624289082 -0.0633009581171853 -0.5382277625458819
		outer loop
			vertex 16.462081909179688 9.180612564086914 5.355638027191162
			vertex 16.651756286621094 10 5.555438041687012
			vertex 16.92304229736328 9.183882713317871 6.0750226974487305
		endloop
	endfacet
	facet normal 0.8025444529464761 -0.04063993104707902 -0.5952065163028126
		outer loop
			vertex 16.462081909179688 9.180612564086914 5.355638027191162
			vertex 16.184083938598633 10 4.924853801727295
			vertex 16.651756286621094 10 5.555438041687012
		endloop
	endfacet
	facet normal 0.8025444529464761 0.04063993104707902 -0.5952065163028126
		outer loop
			vertex 16.184083938598633 10 4.924853801727295
			vertex 16.462081909179688 10.819387435913086 5.355638027191162
			vertex 16.651756286621094 10 5.555438041687012
		endloop
	endfacet
	facet normal 0.8404188624289082 0.0633009581171853 -0.5382277625458819
		outer loop
			vertex 16.462081909179688 10.819387435913086 5.355638027191162
			vertex 16.92304229736328 10.816117286682129 6.0750226974487305
			vertex 16.651756286621094 10 5.555438041687012
		endloop
	endfacet
	facet normal 0.8931456091516067 -0.06083455109902264 -0.4456344670756358
		outer loop
			vertex 16.92304229736328 9.183882713317871 6.0750226974487305
			vertex 17.055370330810547 10 6.22882604598999
			vertex 17.301023483276367 9.188560485839844 6.83193826675415
		endloop
	endfacet
	facet normal 0.8569658575529288 -0.0421508537444896 -0.5136465949630973
		outer loop
			vertex 16.92304229736328 9.183882713317871 6.0750226974487305
			vertex 16.651756286621094 10 5.555438041687012
			vertex 17.055370330810547 10 6.22882604598999
		endloop
	endfacet
	facet normal 0.8569658575529288 0.0421508537444896 -0.5136465949630973
		outer loop
			vertex 16.651756286621094 10 5.555438041687012
			vertex 16.92304229736328 10.816117286682129 6.0750226974487305
			vertex 17.055370330810547 10 6.22882604598999
		endloop
	endfacet
	facet normal 0.8931456091516067 0.06083455109902264 -0.4456344670756358
		outer loop
			vertex 16.92304229736328 10.816117286682129 6.0750226974487305
			vertex 17.301023483276367 10.811439514160156 6.83193826675415
			vertex 17.055370330810547 10 6.22882604598999
		endloop
	endfacet
	facet normal 0.935299876356714 -0.057895794793968 -0.3490876941862753
		outer loop
			vertex 17.301023483276367 9.188560485839844 6.83193826675415
			vertex 17.391036987304688 10 6.93853235244751
			vertex 17.593338012695312 9.1943998336792 7.614159107208252
		endloop
	endfacet
	facet normal 0.9031106685172544 -0.04407171373139482 -0.4271402632146683
		outer loop
			vertex 17.301023483276367 9.188560485839844 6.83193826675415
			vertex 17.055370330810547 10 6.22882604598999
			vertex 17.391036987304688 10 6.93853235244751
		endloop
	endfacet
	facet normal 0.9405453193214692 -0.04604884867926124 -0.3365323251008588
		outer loop
			vertex 17.593338012695312 9.1943998336792 7.614159107208252
			vertex 17.391036987304688 10 6.93853235244751
			vertex 17.6555233001709 10 7.677722454071045
		endloop
	endfacet
	facet normal 0.9031106685172544 0.04407171373139482 -0.4271402632146683
		outer loop
			vertex 17.055370330810547 10 6.22882604598999
			vertex 17.301023483276367 10.811439514160156 6.83193826675415
			vertex 17.391036987304688 10 6.93853235244751
		endloop
	endfacet
	facet normal 0.9405453193214692 0.04604884867926124 -0.3365323251008588
		outer loop
			vertex 17.391036987304688 10 6.93853235244751
			vertex 17.593338012695312 10.8056001663208 7.614159107208252
			vertex 17.6555233001709 10 7.677722454071045
		endloop
	endfacet
	facet normal 0.935299876356714 0.057895794793968 -0.3490876941862753
		outer loop
			vertex 17.391036987304688 10 6.93853235244751
			vertex 17.301023483276367 10.811439514160156 6.83193826675415
			vertex 17.593338012695312 10.8056001663208 7.614159107208252
		endloop
	endfacet
	facet normal 0.9263992315029964 -0.26625595192470136 -0.26625595192470136
		outer loop
			vertex 17.173307418823242 7.4956374168396 7.4956374168396
			vertex 17.436555862426758 8.354954719543457 7.552255153656006
			vertex 17.436555862426758 7.552255153656006 8.354954719543457
		endloop
	endfacet
	facet normal 0.9352552714167347 -0.2502974003932225 -0.2502974003932225
		outer loop
			vertex 17.436555862426758 7.552255153656006 8.354954719543457
			vertex 17.436555862426758 8.354954719543457 7.552255153656006
			vertex 17.665491104125977 8.381321907043457 8.381321907043457
		endloop
	endfacet
	facet normal 0.9529556015233888 -0.2580902699456821 -0.1589497847892894
		outer loop
			vertex 17.436555862426758 7.552255153656006 8.354954719543457
			vertex 17.665491104125977 8.381321907043457 8.381321907043457
			vertex 17.593338012695312 7.614159107208252 9.1943998336792
		endloop
	endfacet
	facet normal 0.9576555007593724 -0.2469516327027079 -0.14802308256073685
		outer loop
			vertex 17.593338012695312 7.614159107208252 9.1943998336792
			vertex 17.665491104125977 8.381321907043457 8.381321907043457
			vertex 17.799575805664062 8.40990924835205 9.2011079788208
		endloop
	endfacet
	facet normal 0.9529556015233888 -0.1589497847892894 -0.2580902699456821
		outer loop
			vertex 17.436555862426758 8.354954719543457 7.552255153656006
			vertex 17.593338012695312 9.1943998336792 7.614159107208252
			vertex 17.665491104125977 8.381321907043457 8.381321907043457
		endloop
	endfacet
	facet normal 0.9576555007593724 -0.14802308256073685 -0.2469516327027079
		outer loop
			vertex 17.593338012695312 9.1943998336792 7.614159107208252
			vertex 17.799575805664062 9.2011079788208 8.40990924835205
			vertex 17.665491104125977 8.381321907043457 8.381321907043457
		endloop
	endfacet
	facet normal 0.9759190937288628 -0.15424318865907058 -0.15424318865907058
		outer loop
			vertex 17.665491104125977 8.381321907043457 8.381321907043457
			vertex 17.799575805664062 9.2011079788208 8.40990924835205
			vertex 17.799575805664062 8.40990924835205 9.2011079788208
		endloop
	endfacet
	facet normal 0.9779368067347741 -0.14771527008639496 -0.14771527008639496
		outer loop
			vertex 17.799575805664062 8.40990924835205 9.2011079788208
			vertex 17.799575805664062 9.2011079788208 8.40990924835205
			vertex 17.92127799987793 9.208368301391602 9.208368301391602
		endloop
	endfacet
	facet normal 0.9666699769230213 -0.2500730828935995 -0.05488723829577065
		outer loop
			vertex 17.593338012695312 7.614159107208252 9.1943998336792
			vertex 17.799575805664062 8.40990924835205 9.2011079788208
			vertex 17.6555233001709 7.677722454071045 10
		endloop
	endfacet
	facet normal 0.9689258625769389 -0.24270331055385463 -0.04772605028424554
		outer loop
			vertex 17.799575805664062 8.40990924835205 9.2011079788208
			vertex 17.846282958984375 8.439277648925781 10
			vertex 17.6555233001709 7.677722454071045 10
		endloop
	endfacet
	facet normal 0.9666699769230213 -0.2500730828935995 0.05488723829577065
		outer loop
			vertex 17.6555233001709 7.677722454071045 10
			vertex 17.799575805664062 8.40990924835205 10.7988920211792
			vertex 17.593338012695312 7.614159107208252 10.8056001663208
		endloop
	endfacet
	facet normal 0.9689258625769389 -0.24270331055385463 0.04772605028424554
		outer loop
			vertex 17.6555233001709 7.677722454071045 10
			vertex 17.846282958984375 8.439277648925781 10
			vertex 17.799575805664062 8.40990924835205 10.7988920211792
		endloop
	endfacet
	facet normal 0.9873048363574879 -0.15001159693117133 -0.05220805389280506
		outer loop
			vertex 17.799575805664062 8.40990924835205 9.2011079788208
			vertex 17.92127799987793 9.208368301391602 9.208368301391602
			vertex 17.846282958984375 8.439277648925781 10
		endloop
	endfacet
	facet normal 0.9879990149726772 -0.1465541962799744 -0.04878333696817435
		outer loop
			vertex 17.92127799987793 9.208368301391602 9.208368301391602
			vertex 17.961477279663086 9.215863227844238 10
			vertex 17.846282958984375 8.439277648925781 10
		endloop
	endfacet
	facet normal 0.9873048363574879 -0.15001159693117133 0.05220805389280506
		outer loop
			vertex 17.846282958984375 8.439277648925781 10
			vertex 17.92127799987793 9.208368301391602 10.791631698608398
			vertex 17.799575805664062 8.40990924835205 10.7988920211792
		endloop
	endfacet
	facet normal 0.9879990149726772 -0.1465541962799744 0.04878333696817435
		outer loop
			vertex 17.846282958984375 8.439277648925781 10
			vertex 17.961477279663086 9.215863227844238 10
			vertex 17.92127799987793 9.208368301391602 10.791631698608398
		endloop
	endfacet
	facet normal 0.9666699769230213 -0.05488723829577065 -0.2500730828935995
		outer loop
			vertex 17.593338012695312 9.1943998336792 7.614159107208252
			vertex 17.6555233001709 10 7.677722454071045
			vertex 17.799575805664062 9.2011079788208 8.40990924835205
		endloop
	endfacet
	facet normal 0.9689258625769389 -0.04772605028424554 -0.24270331055385463
		outer loop
			vertex 17.799575805664062 9.2011079788208 8.40990924835205
			vertex 17.6555233001709 10 7.677722454071045
			vertex 17.846282958984375 10 8.439277648925781
		endloop
	endfacet
	facet normal 0.9873048363574879 -0.05220805389280506 -0.15001159693117133
		outer loop
			vertex 17.799575805664062 9.2011079788208 8.40990924835205
			vertex 17.846282958984375 10 8.439277648925781
			vertex 17.92127799987793 9.208368301391602 9.208368301391602
		endloop
	endfacet
	facet normal 0.9879990149726772 -0.04878333696817435 -0.1465541962799744
		outer loop
			vertex 17.92127799987793 9.208368301391602 9.208368301391602
			vertex 17.846282958984375 10 8.439277648925781
			vertex 17.961477279663086 10 9.215863227844238
		endloop
	endfacet
	facet normal 0.9666699769230213 0.05488723829577065 -0.2500730828935995
		outer loop
			vertex 17.6555233001709 10 7.677722454071045
			vertex 17.593338012695312 10.8056001663208 7.614159107208252
			vertex 17.799575805664062 10.7988920211792 8.40990924835205
		endloop
	endfacet
	facet normal 0.9689258625769389 0.04772605028424554 -0.24270331055385463
		outer loop
			vertex 17.6555233001709 10 7.677722454071045
			vertex 17.799575805664062 10.7988920211792 8.40990924835205
			vertex 17.846282958984375 10 8.439277648925781
		endloop
	endfacet
	facet normal 0.9873048363574879 0.05220805389280506 -0.15001159693117133
		outer loop
			vertex 17.846282958984375 10 8.439277648925781
			vertex 17.799575805664062 10.7988920211792 8.40990924835205
			vertex 17.92127799987793 10.791631698608398 9.208368301391602
		endloop
	endfacet
	facet normal 0.9879990149726772 0.04878333696817435 -0.1465541962799744
		outer loop
			vertex 17.846282958984375 10 8.439277648925781
			vertex 17.92127799987793 10.791631698608398 9.208368301391602
			vertex 17.961477279663086 10 9.215863227844238
		endloop
	endfacet
	facet normal 0.9974790705870146 -0.050177204689309966 -0.050177204689309966
		outer loop
			vertex 17.92127799987793 9.208368301391602 9.208368301391602
			vertex 17.961477279663086 10 9.215863227844238
			vertex 17.961477279663086 9.215863227844238 10
		endloop
	endfacet
	facet normal 0.9975951861911703 -0.04900940975059945 -0.04900940975059945
		outer loop
			vertex 17.961477279663086 9.215863227844238 10
			vertex 17.961477279663086 10 9.215863227844238
			vertex 18 10 10
		endloop
	endfacet
	facet normal 0.9974790705870146 -0.050177204689309966 0.050177204689309966
		outer loop
			vertex 17.961477279663086 9.215863227844238 10
			vertex 17.961477279663086 10 10.784136772155762
			vertex 17.92127799987793 9.208368301391602 10.791631698608398
		endloop
	endfacet
	facet normal 0.9975951861911703 -0.04900940975059945 0.04900940975059945
		outer loop
			vertex 17.961477279663086 9.215863227844238 10
			vertex 18 10 10
			vertex 17.961477279663086 10 10.784136772155762
		endloop
	endfacet
	facet normal 0.9974790705870146 0.050177204689309966 -0.050177204689309966
		outer loop
			vertex 17.961477279663086 10 9.215863227844238
			vertex 17.92127799987793 10.791631698608398 9.208368301391602
			vertex 17.961477279663086 10.784136772155762 10
		endloop
	endfacet
	facet normal 0.9975951861911703 0.04900940975059945 -0.04900940975059945
		outer loop
			vertex 17.961477279663086 10 9.215863227844238
			vertex 17.961477279663086 10.784136772155762 10
			vertex 18 10 10
		endloop
	endfacet
	facet normal 0.9975951861911703 0.04900940975059945 0.04900940975059945
		outer loop
			vertex 18 10 10
			vertex 17.961477279663086 10.784136772155762 10
			vertex 17.961477279663086 10 10.784136772155762
		endloop
	endfacet
	facet normal 0.9974790705870146 0.050177204689309966 0.050177204689309966
		outer loop
			vertex 17.961477279663086 10 10.784136772155762
			vertex 17.961477279663086 10.784136772155762 10
			vertex 17.92127799987793 10.791631698608398 10.791631698608398
		endloop
	endfacet
	facet normal 0.36677879478834685 -0.7390909864180097 0.564993654379641
		outer loop
			vertex 12.585932731628418 3.7009048461914062 14.19932746887207
			vertex 13.486339569091797 4.220521926879883 14.294539451599121
			vertex 12.603917121887207 4.309352397918701 14.983587265014648
		endloop
	endfacet
	facet normal 0.564993654379641 -0.7390909864180097 0.36677879478834685
		outer loop
			vertex 14.19932746887207 3.7009048461914062 12.585932731628418
			vertex 14.983587265014648 4.309352397918701 12.603917121887207
			vertex 14.294539451599121 4.220521926879883 13.486339569091797
		endloop
	endfacet
	facet normal 0.47196537250040127 -0.7446458046085503 0.47196537250040127
		outer loop
			vertex 13.438130378723145 3.6471641063690186 13.438130378723145
			vertex 14.294539451599121 4.220521926879883 13.486339569091797
			vertex 13.486339569091797 4.220521926879883 14.294539451599121
		endloop
	endfacet
	facet normal 0.5053956064370707 -0.6993929953811456 0.5053956064370707
		outer loop
			vertex 13.486339569091797 4.220521926879883 14.294539451599121
			vertex 14.294539451599121 4.220521926879883 13.486339569091797
			vertex 14.3456392288208 4.878395080566406 14.3456392288208
		endloop
	endfacet
	facet normal 0.17280475670169743 -0.736687302959614 0.6537815642241352
		outer loop
			vertex 11.696118354797363 3.8524019718170166 14.8301362991333
			vertex 11.699885368347168 4.472324848175049 15.52767562866211
			vertex 10.821069717407227 4.0767130851745605 15.314181327819824
		endloop
	endfacet
	facet normal 0.14498544600398566 -0.6996347931824712 0.6996358885988813
		outer loop
			vertex 10.821069717407227 4.0767130851745605 15.314181327819824
			vertex 11.699885368347168 4.472324848175049 15.52767562866211
			vertex 10.821069717407227 4.685819149017334 15.923286437988281
		endloop
	endfacet
	facet normal 0.17280375547879154 -0.653782042881615 0.736687113025583
		outer loop
			vertex 10.821069717407227 4.685819149017334 15.923286437988281
			vertex 11.699885368347168 4.472324848175049 15.52767562866211
			vertex 11.696118354797363 5.169863224029541 16.147598266601562
		endloop
	endfacet
	facet normal 0.14524257377630823 -0.6199106860461019 0.7711130501351179
		outer loop
			vertex 10.821069717407227 4.685819149017334 15.923286437988281
			vertex 11.696118354797363 5.169863224029541 16.147598266601562
			vertex 10.819387435913086 5.355638027191162 16.462081909179688
		endloop
	endfacet
	facet normal 0.2556596177780059 -0.7233133624244074 0.6414483140330964
		outer loop
			vertex 11.696118354797363 3.8524019718170166 14.8301362991333
			vertex 12.603917121887207 4.309352397918701 14.983587265014648
			vertex 11.699885368347168 4.472324848175049 15.52767562866211
		endloop
	endfacet
	facet normal 0.285674975972672 -0.6776389852813761 0.6776394422772631
		outer loop
			vertex 11.699885368347168 4.472324848175049 15.52767562866211
			vertex 12.603917121887207 4.309352397918701 14.983587265014648
			vertex 12.603917121887207 5.016412734985352 15.69064712524414
		endloop
	endfacet
	facet normal 0.25566026395994607 -0.6414485507516141 0.7233129241003404
		outer loop
			vertex 11.699885368347168 4.472324848175049 15.52767562866211
			vertex 12.603917121887207 5.016412734985352 15.69064712524414
			vertex 11.696118354797363 5.169863224029541 16.147598266601562
		endloop
	endfacet
	facet normal 0.28423347034357893 -0.5836190148641914 0.7606577284333581
		outer loop
			vertex 11.696118354797363 5.169863224029541 16.147598266601562
			vertex 12.603917121887207 5.016412734985352 15.69064712524414
			vertex 12.585932731628418 5.80067253112793 16.299095153808594
		endloop
	endfacet
	facet normal 0.17108897876471432 -0.5622257480586187 0.8090925593312387
		outer loop
			vertex 10.819387435913086 5.355638027191162 16.462081909179688
			vertex 11.696118354797363 5.169863224029541 16.147598266601562
			vertex 11.685107231140137 5.928275108337402 16.67693519592285
		endloop
	endfacet
	facet normal 0.25524865781084705 -0.5508829701045578 0.794591766842913
		outer loop
			vertex 11.696118354797363 5.169863224029541 16.147598266601562
			vertex 12.585932731628418 5.80067253112793 16.299095153808594
			vertex 11.685107231140137 5.928275108337402 16.67693519592285
		endloop
	endfacet
	facet normal 0.1459354622819278 -0.5332674253049019 0.8332638801467642
		outer loop
			vertex 10.819387435913086 5.355638027191162 16.462081909179688
			vertex 11.685107231140137 5.928275108337402 16.67693519592285
			vertex 10.816117286682129 6.0750226974487305 16.92304229736328
		endloop
	endfacet
	facet normal 0.14683626593903604 -0.4411938525836701 0.885317511092749
		outer loop
			vertex 10.816117286682129 6.0750226974487305 16.92304229736328
			vertex 11.66767406463623 6.728739261627197 17.107582092285156
			vertex 10.811439514160156 6.83193826675415 17.301023483276367
		endloop
	endfacet
	facet normal 0.16790400369792363 -0.4642177616463316 0.869660919734972
		outer loop
			vertex 11.685107231140137 5.928275108337402 16.67693519592285
			vertex 11.66767406463623 6.728739261627197 17.107582092285156
			vertex 10.816117286682129 6.0750226974487305 16.92304229736328
		endloop
	endfacet
	facet normal 0.16367828156718287 -0.36208520364286617 0.9176620976405848
		outer loop
			vertex 10.811439514160156 6.83193826675415 17.301023483276367
			vertex 11.66767406463623 6.728739261627197 17.107582092285156
			vertex 11.645045280456543 7.552255153656006 17.436555862426758
		endloop
	endfacet
	facet normal 0.1476418010330052 -0.3452505590410191 0.9268246598303232
		outer loop
			vertex 10.811439514160156 6.83193826675415 17.301023483276367
			vertex 11.645045280456543 7.552255153656006 17.436555862426758
			vertex 10.8056001663208 7.614159107208252 17.593338012695312
		endloop
	endfacet
	facet normal 0.28011136728886776 -0.4815464901356709 0.8304520454268131
		outer loop
			vertex 11.685107231140137 5.928275108337402 16.67693519592285
			vertex 12.585932731628418 5.80067253112793 16.299095153808594
			vertex 12.551711082458496 6.636068820953369 16.79505157470703
		endloop
	endfacet
	facet normal 0.25432555531483886 -0.45390228058194254 0.8539854984695644
		outer loop
			vertex 11.685107231140137 5.928275108337402 16.67693519592285
			vertex 12.551711082458496 6.636068820953369 16.79505157470703
			vertex 11.66767406463623 6.728739261627197 17.107582092285156
		endloop
	endfacet
	facet normal 0.2738659907211202 -0.3747019013680399 0.8857741835465262
		outer loop
			vertex 11.66767406463623 6.728739261627197 17.107582092285156
			vertex 12.551711082458496 6.636068820953369 16.79505157470703
			vertex 12.504362106323242 7.4956374168396 17.173307418823242
		endloop
	endfacet
	facet normal 0.25272507363076935 -0.35293099759745306 0.9008716601676339
		outer loop
			vertex 11.66767406463623 6.728739261627197 17.107582092285156
			vertex 12.504362106323242 7.4956374168396 17.173307418823242
			vertex 11.645045280456543 7.552255153656006 17.436555862426758
		endloop
	endfacet
	facet normal 0.3677418091280129 -0.6575581261858888 0.6575585696393584
		outer loop
			vertex 12.603917121887207 4.309352397918701 14.983587265014648
			vertex 13.503082275390625 4.914313316345215 15.085686683654785
			vertex 12.603917121887207 5.016412734985352 15.69064712524414
		endloop
	endfacet
	facet normal 0.39860801247253985 -0.6937048462557484 0.5999043579388137
		outer loop
			vertex 12.603917121887207 4.309352397918701 14.983587265014648
			vertex 13.486339569091797 4.220521926879883 14.294539451599121
			vertex 13.503082275390625 4.914313316345215 15.085686683654785
		endloop
	endfacet
	facet normal 0.36677866021344757 -0.5649939709200809 0.7390908112241603
		outer loop
			vertex 12.603917121887207 5.016412734985352 15.69064712524414
			vertex 13.486339569091797 5.705460548400879 15.779478073120117
			vertex 12.585932731628418 5.80067253112793 16.299095153808594
		endloop
	endfacet
	facet normal 0.3986077004334132 -0.5999044511159196 0.6937049449776854
		outer loop
			vertex 12.603917121887207 5.016412734985352 15.69064712524414
			vertex 13.503082275390625 4.914313316345215 15.085686683654785
			vertex 13.486339569091797 5.705460548400879 15.779478073120117
		endloop
	endfacet
	facet normal 0.47590790604423366 -0.6662183617779217 0.574164401016412
		outer loop
			vertex 13.486339569091797 4.220521926879883 14.294539451599121
			vertex 14.3456392288208 4.878395080566406 14.3456392288208
			vertex 13.503082275390625 4.914313316345215 15.085686683654785
		endloop
	endfacet
	facet normal 0.4759079060442336 -0.574164401016412 0.6662183617779217
		outer loop
			vertex 13.503082275390625 4.914313316345215 15.085686683654785
			vertex 14.3456392288208 5.654360771179199 15.121604919433594
			vertex 13.486339569091797 5.705460548400879 15.779478073120117
		endloop
	endfacet
	facet normal 0.5087444455191992 -0.6087606628032739 0.6087606628032739
		outer loop
			vertex 13.503082275390625 4.914313316345215 15.085686683654785
			vertex 14.3456392288208 4.878395080566406 14.3456392288208
			vertex 14.3456392288208 5.654360771179199 15.121604919433594
		endloop
	endfacet
	facet normal 0.39412285127617264 -0.4958714353398075 0.7738079204272716
		outer loop
			vertex 13.486339569091797 5.705460548400879 15.779478073120117
			vertex 13.438130378723145 6.561870098114014 16.35283660888672
			vertex 12.585932731628418 5.80067253112793 16.299095153808594
		endloop
	endfacet
	facet normal 0.5053956064370707 -0.5053956064370707 0.6993929953811456
		outer loop
			vertex 13.486339569091797 5.705460548400879 15.779478073120117
			vertex 14.3456392288208 5.654360771179199 15.121604919433594
			vertex 14.294539451599121 6.513660430908203 15.779478073120117
		endloop
	endfacet
	facet normal 0.4719655610240146 -0.4719655610240146 0.7446455656314447
		outer loop
			vertex 13.486339569091797 5.705460548400879 15.779478073120117
			vertex 14.294539451599121 6.513660430908203 15.779478073120117
			vertex 13.438130378723145 6.561870098114014 16.35283660888672
		endloop
	endfacet
	facet normal 0.49587142954688546 -0.39412301471196115 0.7738078408968752
		outer loop
			vertex 13.438130378723145 6.561870098114014 16.35283660888672
			vertex 14.294539451599121 6.513660430908203 15.779478073120117
			vertex 14.19932746887207 7.414066791534424 16.299095153808594
		endloop
	endfacet
	facet normal 0.5649939275308816 -0.36677882965570946 0.7390907603059432
		outer loop
			vertex 14.294539451599121 6.513660430908203 15.779478073120117
			vertex 14.983587265014648 7.396082401275635 15.69064712524414
			vertex 14.19932746887207 7.414066791534424 16.299095153808594
		endloop
	endfacet
	facet normal 0.36391403576361225 -0.46442213582374814 0.8073900261528801
		outer loop
			vertex 12.585932731628418 5.80067253112793 16.299095153808594
			vertex 13.438130378723145 6.561870098114014 16.35283660888672
			vertex 12.551711082458496 6.636068820953369 16.79505157470703
		endloop
	endfacet
	facet normal 0.38579188192116537 -0.38579188192116537 0.8380508622317928
		outer loop
			vertex 12.551711082458496 6.636068820953369 16.79505157470703
			vertex 13.438130378723145 6.561870098114014 16.35283660888672
			vertex 13.363930702209473 7.448288440704346 16.79505157470703
		endloop
	endfacet
	facet normal 0.3592423630552334 -0.3592423630552334 0.8613302787972706
		outer loop
			vertex 12.551711082458496 6.636068820953369 16.79505157470703
			vertex 13.363930702209473 7.448288440704346 16.79505157470703
			vertex 12.504362106323242 7.4956374168396 17.173307418823242
		endloop
	endfacet
	facet normal 0.46442194525811087 -0.36391400515009203 0.80739014956729
		outer loop
			vertex 13.438130378723145 6.561870098114014 16.35283660888672
			vertex 14.19932746887207 7.414066791534424 16.299095153808594
			vertex 13.363930702209473 7.448288440704346 16.79505157470703
		endloop
	endfacet
	facet normal 0.1589497847892894 -0.2580902699456821 0.9529556015233888
		outer loop
			vertex 10.8056001663208 7.614159107208252 17.593338012695312
			vertex 11.645045280456543 7.552255153656006 17.436555862426758
			vertex 11.618678092956543 8.381321907043457 17.665491104125977
		endloop
	endfacet
	facet normal 0.14802308256073685 -0.2469516327027079 0.9576555007593724
		outer loop
			vertex 10.8056001663208 7.614159107208252 17.593338012695312
			vertex 11.618678092956543 8.381321907043457 17.665491104125977
			vertex 10.7988920211792 8.40990924835205 17.799575805664062
		endloop
	endfacet
	facet normal 0.15424318865907058 -0.15424318865907058 0.9759190937288628
		outer loop
			vertex 10.7988920211792 8.40990924835205 17.799575805664062
			vertex 11.618678092956543 8.381321907043457 17.665491104125977
			vertex 11.59009075164795 9.2011079788208 17.799575805664062
		endloop
	endfacet
	facet normal 0.14771527008639496 -0.14771527008639496 0.9779368067347741
		outer loop
			vertex 10.7988920211792 8.40990924835205 17.799575805664062
			vertex 11.59009075164795 9.2011079788208 17.799575805664062
			vertex 10.791631698608398 9.208368301391602 17.92127799987793
		endloop
	endfacet
	facet normal 0.2469517718884758 -0.14802307210101073 0.9576554664841219
		outer loop
			vertex 11.618678092956543 8.381321907043457 17.665491104125977
			vertex 12.38584041595459 9.1943998336792 17.593338012695312
			vertex 11.59009075164795 9.2011079788208 17.799575805664062
		endloop
	endfacet
	facet normal 0.2662560512811993 -0.26625620944844425 0.9263991289321734
		outer loop
			vertex 11.645045280456543 7.552255153656006 17.436555862426758
			vertex 12.504362106323242 7.4956374168396 17.173307418823242
			vertex 12.447745323181152 8.354954719543457 17.436555862426758
		endloop
	endfacet
	facet normal 0.2502972650299936 -0.25029741371705116 0.9352553040774806
		outer loop
			vertex 11.645045280456543 7.552255153656006 17.436555862426758
			vertex 12.447745323181152 8.354954719543457 17.436555862426758
			vertex 11.618678092956543 8.381321907043457 17.665491104125977
		endloop
	endfacet
	facet normal 0.3529313299280685 -0.2527252482866135 0.9008714809747697
		outer loop
			vertex 12.504362106323242 7.4956374168396 17.173307418823242
			vertex 13.271260261535645 8.33232593536377 17.107582092285156
			vertex 12.447745323181152 8.354954719543457 17.436555862426758
		endloop
	endfacet
	facet normal 0.25809015139833713 -0.15894951473057045 0.9529556786745644
		outer loop
			vertex 11.618678092956543 8.381321907043457 17.665491104125977
			vertex 12.447745323181152 8.354954719543457 17.436555862426758
			vertex 12.38584041595459 9.1943998336792 17.593338012695312
		endloop
	endfacet
	facet normal 0.3452505816258171 -0.14764141699096445 0.9268247125945313
		outer loop
			vertex 12.447745323181152 8.354954719543457 17.436555862426758
			vertex 13.168061256408691 9.188560485839844 17.301023483276367
			vertex 12.38584041595459 9.1943998336792 17.593338012695312
		endloop
	endfacet
	facet normal 0.15001159693117133 -0.05220805389280506 0.9873048363574879
		outer loop
			vertex 10.791631698608398 9.208368301391602 17.92127799987793
			vertex 11.59009075164795 9.2011079788208 17.799575805664062
			vertex 11.560722351074219 10 17.846282958984375
		endloop
	endfacet
	facet normal 0.1465541962799744 -0.04878333696817435 0.9879990149726772
		outer loop
			vertex 10.791631698608398 9.208368301391602 17.92127799987793
			vertex 11.560722351074219 10 17.846282958984375
			vertex 10.784136772155762 10 17.961477279663086
		endloop
	endfacet
	facet normal 0.2427034536324371 -0.04772604295025131 0.968925827098854
		outer loop
			vertex 11.59009075164795 9.2011079788208 17.799575805664062
			vertex 12.322277069091797 10 17.6555233001709
			vertex 11.560722351074219 10 17.846282958984375
		endloop
	endfacet
	facet normal 0.1465541962799744 0.04878333696817435 0.9879990149726772
		outer loop
			vertex 10.784136772155762 10 17.961477279663086
			vertex 11.560722351074219 10 17.846282958984375
			vertex 10.791631698608398 10.791631698608398 17.92127799987793
		endloop
	endfacet
	facet normal 0.15001159693117133 0.05220805389280506 0.9873048363574879
		outer loop
			vertex 10.791631698608398 10.791631698608398 17.92127799987793
			vertex 11.560722351074219 10 17.846282958984375
			vertex 11.59009075164795 10.7988920211792 17.799575805664062
		endloop
	endfacet
	facet normal 0.2427034536324371 0.04772604295025131 0.968925827098854
		outer loop
			vertex 11.560722351074219 10 17.846282958984375
			vertex 12.322277069091797 10 17.6555233001709
			vertex 11.59009075164795 10.7988920211792 17.799575805664062
		endloop
	endfacet
	facet normal 0.2500732236296253 -0.054887224441796 0.9666699413018713
		outer loop
			vertex 11.59009075164795 9.2011079788208 17.799575805664062
			vertex 12.38584041595459 9.1943998336792 17.593338012695312
			vertex 12.322277069091797 10 17.6555233001709
		endloop
	endfacet
	facet normal 0.3365323251008588 -0.04604884867926124 0.9405453193214692
		outer loop
			vertex 12.38584041595459 9.1943998336792 17.593338012695312
			vertex 13.061467170715332 10 17.391036987304688
			vertex 12.322277069091797 10 17.6555233001709
		endloop
	endfacet
	facet normal 0.2500732236296253 0.054887224441796 0.9666699413018713
		outer loop
			vertex 11.59009075164795 10.7988920211792 17.799575805664062
			vertex 12.322277069091797 10 17.6555233001709
			vertex 12.38584041595459 10.8056001663208 17.593338012695312
		endloop
	endfacet
	facet normal 0.3365323251008588 0.04604884867926124 0.9405453193214692
		outer loop
			vertex 12.322277069091797 10 17.6555233001709
			vertex 13.061467170715332 10 17.391036987304688
			vertex 12.38584041595459 10.8056001663208 17.593338012695312
		endloop
	endfacet
	facet normal 0.37470192364998944 -0.2738658524476116 0.8857742168725282
		outer loop
			vertex 12.504362106323242 7.4956374168396 17.173307418823242
			vertex 13.363930702209473 7.448288440704346 16.79505157470703
			vertex 13.271260261535645 8.33232593536377 17.107582092285156
		endloop
	endfacet
	facet normal 0.45390208037865265 -0.25432548422521983 0.8539856260508948
		outer loop
			vertex 13.363930702209473 7.448288440704346 16.79505157470703
			vertex 14.071724891662598 8.314892768859863 16.67693519592285
			vertex 13.271260261535645 8.33232593536377 17.107582092285156
		endloop
	endfacet
	facet normal 0.44119362640615084 -0.1468363167597219 0.8853176153782487
		outer loop
			vertex 13.271260261535645 8.33232593536377 17.107582092285156
			vertex 13.92497730255127 9.183882713317871 16.92304229736328
			vertex 13.168061256408691 9.188560485839844 17.301023483276367
		endloop
	endfacet
	facet normal 0.3620855721981407 -0.1636782072858011 0.9176619654674871
		outer loop
			vertex 12.447745323181152 8.354954719543457 17.436555862426758
			vertex 13.271260261535645 8.33232593536377 17.107582092285156
			vertex 13.168061256408691 9.188560485839844 17.301023483276367
		endloop
	endfacet
	facet normal 0.48154629730488413 -0.28011130240946236 0.8304521791255839
		outer loop
			vertex 13.363930702209473 7.448288440704346 16.79505157470703
			vertex 14.19932746887207 7.414066791534424 16.299095153808594
			vertex 14.071724891662598 8.314892768859863 16.67693519592285
		endloop
	endfacet
	facet normal 0.5508832391688543 -0.2552484362030848 0.7945916514906955
		outer loop
			vertex 14.19932746887207 7.414066791534424 16.299095153808594
			vertex 14.8301362991333 8.303881645202637 16.147598266601562
			vertex 14.071724891662598 8.314892768859863 16.67693519592285
		endloop
	endfacet
	facet normal 0.46421754025012035 -0.1679040708815449 0.8696610249433586
		outer loop
			vertex 13.271260261535645 8.33232593536377 17.107582092285156
			vertex 14.071724891662598 8.314892768859863 16.67693519592285
			vertex 13.92497730255127 9.183882713317871 16.92304229736328
		endloop
	endfacet
	facet normal 0.5332671675086887 -0.14593554827587707 0.8332640300689088
		outer loop
			vertex 13.92497730255127 9.183882713317871 16.92304229736328
			vertex 14.071724891662598 8.314892768859863 16.67693519592285
			vertex 14.644362449645996 9.180612564086914 16.462081909179688
		endloop
	endfacet
	facet normal 0.4456342487490669 -0.06083435173588219 0.8931457316646202
		outer loop
			vertex 13.92497730255127 9.183882713317871 16.92304229736328
			vertex 13.771173477172852 10 17.055370330810547
			vertex 13.168061256408691 9.188560485839844 17.301023483276367
		endloop
	endfacet
	facet normal 0.3490876941862753 -0.057895794793968 0.935299876356714
		outer loop
			vertex 12.38584041595459 9.1943998336792 17.593338012695312
			vertex 13.168061256408691 9.188560485839844 17.301023483276367
			vertex 13.061467170715332 10 17.391036987304688
		endloop
	endfacet
	facet normal 0.4271402632146682 -0.04407171373139481 0.9031106685172542
		outer loop
			vertex 13.168061256408691 9.188560485839844 17.301023483276367
			vertex 13.771173477172852 10 17.055370330810547
			vertex 13.061467170715332 10 17.391036987304688
		endloop
	endfacet
	facet normal 0.4456342487490669 0.06083435173588219 0.8931457316646202
		outer loop
			vertex 13.92497730255127 10.816117286682129 16.92304229736328
			vertex 13.168061256408691 10.811439514160156 17.301023483276367
			vertex 13.771173477172852 10 17.055370330810547
		endloop
	endfacet
	facet normal 0.3490876941862753 0.057895794793968 0.935299876356714
		outer loop
			vertex 12.38584041595459 10.8056001663208 17.593338012695312
			vertex 13.061467170715332 10 17.391036987304688
			vertex 13.168061256408691 10.811439514160156 17.301023483276367
		endloop
	endfacet
	facet normal 0.4271402632146682 0.04407171373139481 0.9031106685172542
		outer loop
			vertex 13.061467170715332 10 17.391036987304688
			vertex 13.771173477172852 10 17.055370330810547
			vertex 13.168061256408691 10.811439514160156 17.301023483276367
		endloop
	endfacet
	facet normal 0.5136463322167991 -0.042150630465854225 0.8569660260194453
		outer loop
			vertex 13.92497730255127 9.183882713317871 16.92304229736328
			vertex 14.444561958312988 10 16.651756286621094
			vertex 13.771173477172852 10 17.055370330810547
		endloop
	endfacet
	facet normal 0.5382275175835293 -0.06330074466781765 0.840419035386736
		outer loop
			vertex 13.92497730255127 9.183882713317871 16.92304229736328
			vertex 14.644362449645996 9.180612564086914 16.462081909179688
			vertex 14.444561958312988 10 16.651756286621094
		endloop
	endfacet
	facet normal 0.5136463322167991 0.042150630465854225 0.8569660260194453
		outer loop
			vertex 13.92497730255127 10.816117286682129 16.92304229736328
			vertex 13.771173477172852 10 17.055370330810547
			vertex 14.444561958312988 10 16.651756286621094
		endloop
	endfacet
	facet normal 0.5382275175835293 0.06330074466781765 0.840419035386736
		outer loop
			vertex 13.92497730255127 10.816117286682129 16.92304229736328
			vertex 14.444561958312988 10 16.651756286621094
			vertex 14.644362449645996 10.819387435913086 16.462081909179688
		endloop
	endfacet
	facet normal 0.6537815642241352 -0.736687302959614 0.17280475670169743
		outer loop
			vertex 14.8301362991333 3.8524019718170166 11.696118354797363
			vertex 15.314181327819824 4.0767130851745605 10.821069717407227
			vertex 15.52767562866211 4.472324848175049 11.699885368347168
		endloop
	endfacet
	facet normal 0.6414483140330964 -0.7233133624244074 0.2556596177780059
		outer loop
			vertex 14.8301362991333 3.8524019718170166 11.696118354797363
			vertex 15.52767562866211 4.472324848175049 11.699885368347168
			vertex 14.983587265014648 4.309352397918701 12.603917121887207
		endloop
	endfacet
	facet normal 0.6996358885988813 -0.6996347931824712 0.14498544600398566
		outer loop
			vertex 15.314181327819824 4.0767130851745605 10.821069717407227
			vertex 15.923286437988281 4.685819149017334 10.821069717407227
			vertex 15.52767562866211 4.472324848175049 11.699885368347168
		endloop
	endfacet
	facet normal 0.7366871130255831 -0.6537820428816151 0.17280375547879157
		outer loop
			vertex 15.923286437988281 4.685819149017334 10.821069717407227
			vertex 16.147598266601562 5.169863224029541 11.696118354797363
			vertex 15.52767562866211 4.472324848175049 11.699885368347168
		endloop
	endfacet
	facet normal 0.6776394422772631 -0.6776389852813761 0.285674975972672
		outer loop
			vertex 15.52767562866211 4.472324848175049 11.699885368347168
			vertex 15.69064712524414 5.016412734985352 12.603917121887207
			vertex 14.983587265014648 4.309352397918701 12.603917121887207
		endloop
	endfacet
	facet normal 0.7711130501351179 -0.6199106860461019 0.14524257377630823
		outer loop
			vertex 15.923286437988281 4.685819149017334 10.821069717407227
			vertex 16.462081909179688 5.355638027191162 10.819387435913086
			vertex 16.147598266601562 5.169863224029541 11.696118354797363
		endloop
	endfacet
	facet normal 0.7233129241003404 -0.6414485507516141 0.25566026395994607
		outer loop
			vertex 15.52767562866211 4.472324848175049 11.699885368347168
			vertex 16.147598266601562 5.169863224029541 11.696118354797363
			vertex 15.69064712524414 5.016412734985352 12.603917121887207
		endloop
	endfacet
	facet normal 0.7606577284333583 -0.5836190148641915 0.284233470343579
		outer loop
			vertex 15.69064712524414 5.016412734985352 12.603917121887207
			vertex 16.147598266601562 5.169863224029541 11.696118354797363
			vertex 16.299095153808594 5.80067253112793 12.585932731628418
		endloop
	endfacet
	facet normal 0.5999043579388137 -0.6937048462557484 0.39860801247253985
		outer loop
			vertex 14.983587265014648 4.309352397918701 12.603917121887207
			vertex 15.085686683654785 4.914313316345215 13.503082275390625
			vertex 14.294539451599121 4.220521926879883 13.486339569091797
		endloop
	endfacet
	facet normal 0.6575585696393584 -0.6575581261858888 0.3677418091280129
		outer loop
			vertex 14.983587265014648 4.309352397918701 12.603917121887207
			vertex 15.69064712524414 5.016412734985352 12.603917121887207
			vertex 15.085686683654785 4.914313316345215 13.503082275390625
		endloop
	endfacet
	facet normal 0.574164401016412 -0.6662183617779217 0.4759079060442336
		outer loop
			vertex 14.294539451599121 4.220521926879883 13.486339569091797
			vertex 15.085686683654785 4.914313316345215 13.503082275390625
			vertex 14.3456392288208 4.878395080566406 14.3456392288208
		endloop
	endfacet
	facet normal 0.6087606628032739 -0.6087606628032739 0.5087444455191992
		outer loop
			vertex 15.085686683654785 4.914313316345215 13.503082275390625
			vertex 15.121604919433594 5.654360771179199 14.3456392288208
			vertex 14.3456392288208 4.878395080566406 14.3456392288208
		endloop
	endfacet
	facet normal 0.6662183617779217 -0.574164401016412 0.4759079060442336
		outer loop
			vertex 15.085686683654785 4.914313316345215 13.503082275390625
			vertex 15.779478073120117 5.705460548400879 13.486339569091797
			vertex 15.121604919433594 5.654360771179199 14.3456392288208
		endloop
	endfacet
	facet normal 0.6937049449776854 -0.5999044511159196 0.3986077004334132
		outer loop
			vertex 15.085686683654785 4.914313316345215 13.503082275390625
			vertex 15.69064712524414 5.016412734985352 12.603917121887207
			vertex 15.779478073120117 5.705460548400879 13.486339569091797
		endloop
	endfacet
	facet normal 0.7390908112241603 -0.5649939709200809 0.36677866021344757
		outer loop
			vertex 15.69064712524414 5.016412734985352 12.603917121887207
			vertex 16.299095153808594 5.80067253112793 12.585932731628418
			vertex 15.779478073120117 5.705460548400879 13.486339569091797
		endloop
	endfacet
	facet normal 0.7738079204272716 -0.4958714353398075 0.39412285127617264
		outer loop
			vertex 15.779478073120117 5.705460548400879 13.486339569091797
			vertex 16.299095153808594 5.80067253112793 12.585932731628418
			vertex 16.35283660888672 6.561870098114014 13.438130378723145
		endloop
	endfacet
	facet normal 0.6993929953811456 -0.5053956064370707 0.5053956064370707
		outer loop
			vertex 15.779478073120117 5.705460548400879 13.486339569091797
			vertex 15.779478073120117 6.513660430908203 14.294539451599121
			vertex 15.121604919433594 5.654360771179199 14.3456392288208
		endloop
	endfacet
	facet normal 0.7446455656314448 -0.4719655610240147 0.4719655610240147
		outer loop
			vertex 15.779478073120117 5.705460548400879 13.486339569091797
			vertex 16.35283660888672 6.561870098114014 13.438130378723145
			vertex 15.779478073120117 6.513660430908203 14.294539451599121
		endloop
	endfacet
	facet normal 0.7738078408968752 -0.39412301471196115 0.49587142954688546
		outer loop
			vertex 16.35283660888672 6.561870098114014 13.438130378723145
			vertex 16.299095153808594 7.414066791534424 14.19932746887207
			vertex 15.779478073120117 6.513660430908203 14.294539451599121
		endloop
	endfacet
	facet normal 0.7390907603059431 -0.3667788296557094 0.5649939275308815
		outer loop
			vertex 15.779478073120117 6.513660430908203 14.294539451599121
			vertex 16.299095153808594 7.414066791534424 14.19932746887207
			vertex 15.69064712524414 7.396082401275635 14.983587265014648
		endloop
	endfacet
	facet normal 0.8090925593312387 -0.5622257480586187 0.17108897876471432
		outer loop
			vertex 16.462081909179688 5.355638027191162 10.819387435913086
			vertex 16.67693519592285 5.928275108337402 11.685107231140137
			vertex 16.147598266601562 5.169863224029541 11.696118354797363
		endloop
	endfacet
	facet normal 0.794591766842913 -0.5508829701045578 0.25524865781084705
		outer loop
			vertex 16.147598266601562 5.169863224029541 11.696118354797363
			vertex 16.67693519592285 5.928275108337402 11.685107231140137
			vertex 16.299095153808594 5.80067253112793 12.585932731628418
		endloop
	endfacet
	facet normal 0.8332638801467642 -0.5332674253049019 0.1459354622819278
		outer loop
			vertex 16.462081909179688 5.355638027191162 10.819387435913086
			vertex 16.92304229736328 6.0750226974487305 10.816117286682129
			vertex 16.67693519592285 5.928275108337402 11.685107231140137
		endloop
	endfacet
	facet normal 0.869660919734972 -0.4642177616463316 0.16790400369792363
		outer loop
			vertex 16.67693519592285 5.928275108337402 11.685107231140137
			vertex 16.92304229736328 6.0750226974487305 10.816117286682129
			vertex 17.107582092285156 6.728739261627197 11.66767406463623
		endloop
	endfacet
	facet normal 0.8853175110927489 -0.4411938525836701 0.14683626593903604
		outer loop
			vertex 16.92304229736328 6.0750226974487305 10.816117286682129
			vertex 17.301023483276367 6.83193826675415 10.811439514160156
			vertex 17.107582092285156 6.728739261627197 11.66767406463623
		endloop
	endfacet
	facet normal 0.8304520454268131 -0.4815464901356709 0.28011136728886776
		outer loop
			vertex 16.67693519592285 5.928275108337402 11.685107231140137
			vertex 16.79505157470703 6.636068820953369 12.551711082458496
			vertex 16.299095153808594 5.80067253112793 12.585932731628418
		endloop
	endfacet
	facet normal 0.8539854984695644 -0.45390228058194254 0.25432555531483886
		outer loop
			vertex 16.67693519592285 5.928275108337402 11.685107231140137
			vertex 17.107582092285156 6.728739261627197 11.66767406463623
			vertex 16.79505157470703 6.636068820953369 12.551711082458496
		endloop
	endfacet
	facet normal 0.8857741835465262 -0.3747019013680399 0.2738659907211202
		outer loop
			vertex 17.107582092285156 6.728739261627197 11.66767406463623
			vertex 17.173307418823242 7.4956374168396 12.504362106323242
			vertex 16.79505157470703 6.636068820953369 12.551711082458496
		endloop
	endfacet
	facet normal 0.9176620976405848 -0.36208520364286617 0.16367828156718287
		outer loop
			vertex 17.301023483276367 6.83193826675415 10.811439514160156
			vertex 17.436555862426758 7.552255153656006 11.645045280456543
			vertex 17.107582092285156 6.728739261627197 11.66767406463623
		endloop
	endfacet
	facet normal 0.9268246598303232 -0.3452505590410191 0.1476418010330052
		outer loop
			vertex 17.301023483276367 6.83193826675415 10.811439514160156
			vertex 17.593338012695312 7.614159107208252 10.8056001663208
			vertex 17.436555862426758 7.552255153656006 11.645045280456543
		endloop
	endfacet
	facet normal 0.9008716601676339 -0.35293099759745306 0.25272507363076935
		outer loop
			vertex 17.107582092285156 6.728739261627197 11.66767406463623
			vertex 17.436555862426758 7.552255153656006 11.645045280456543
			vertex 17.173307418823242 7.4956374168396 12.504362106323242
		endloop
	endfacet
	facet normal 0.8073900261528801 -0.46442213582374814 0.36391403576361225
		outer loop
			vertex 16.299095153808594 5.80067253112793 12.585932731628418
			vertex 16.79505157470703 6.636068820953369 12.551711082458496
			vertex 16.35283660888672 6.561870098114014 13.438130378723145
		endloop
	endfacet
	facet normal 0.8380508622317928 -0.38579188192116537 0.38579188192116537
		outer loop
			vertex 16.79505157470703 6.636068820953369 12.551711082458496
			vertex 16.79505157470703 7.448288440704346 13.363930702209473
			vertex 16.35283660888672 6.561870098114014 13.438130378723145
		endloop
	endfacet
	facet normal 0.8613302787972706 -0.3592423630552334 0.3592423630552334
		outer loop
			vertex 16.79505157470703 6.636068820953369 12.551711082458496
			vertex 17.173307418823242 7.4956374168396 12.504362106323242
			vertex 16.79505157470703 7.448288440704346 13.363930702209473
		endloop
	endfacet
	facet normal 0.80739014956729 -0.36391400515009203 0.46442194525811087
		outer loop
			vertex 16.35283660888672 6.561870098114014 13.438130378723145
			vertex 16.79505157470703 7.448288440704346 13.363930702209473
			vertex 16.299095153808594 7.414066791534424 14.19932746887207
		endloop
	endfacet
	facet normal 0.5773502691896257 -0.5773502691896257 0.5773502691896257
		outer loop
			vertex 14.3456392288208 4.878395080566406 14.3456392288208
			vertex 15.121604919433594 5.654360771179199 14.3456392288208
			vertex 14.3456392288208 5.654360771179199 15.121604919433594
		endloop
	endfacet
	facet normal 0.6087607519728072 -0.5087442321196427 0.6087607519728072
		outer loop
			vertex 14.3456392288208 5.654360771179199 15.121604919433594
			vertex 15.121604919433594 5.654360771179199 14.3456392288208
			vertex 15.085686683654785 6.496918201446533 15.085686683654785
		endloop
	endfacet
	facet normal 0.5741645982025867 -0.47590781435671103 0.6662182573339465
		outer loop
			vertex 14.3456392288208 5.654360771179199 15.121604919433594
			vertex 15.085686683654785 6.496918201446533 15.085686683654785
			vertex 14.294539451599121 6.513660430908203 15.779478073120117
		endloop
	endfacet
	facet normal 0.6662182573339465 -0.47590781435671103 0.5741645982025867
		outer loop
			vertex 15.121604919433594 5.654360771179199 14.3456392288208
			vertex 15.779478073120117 6.513660430908203 14.294539451599121
			vertex 15.085686683654785 6.496918201446533 15.085686683654785
		endloop
	endfacet
	facet normal 0.6575582957586706 -0.36774199564083687 0.6575582957586706
		outer loop
			vertex 14.983587265014648 7.396082401275635 15.69064712524414
			vertex 15.085686683654785 6.496918201446533 15.085686683654785
			vertex 15.69064712524414 7.396082401275635 14.983587265014648
		endloop
	endfacet
	facet normal 0.5999045047308018 -0.39860797844480567 0.693704738865057
		outer loop
			vertex 14.294539451599121 6.513660430908203 15.779478073120117
			vertex 15.085686683654785 6.496918201446533 15.085686683654785
			vertex 14.983587265014648 7.396082401275635 15.69064712524414
		endloop
	endfacet
	facet normal 0.693704738865057 -0.39860797844480567 0.5999045047308018
		outer loop
			vertex 15.779478073120117 6.513660430908203 14.294539451599121
			vertex 15.69064712524414 7.396082401275635 14.983587265014648
			vertex 15.085686683654785 6.496918201446533 15.085686683654785
		endloop
	endfacet
	facet normal 0.9529556015233888 -0.2580902699456821 0.1589497847892894
		outer loop
			vertex 17.593338012695312 7.614159107208252 10.8056001663208
			vertex 17.665491104125977 8.381321907043457 11.618678092956543
			vertex 17.436555862426758 7.552255153656006 11.645045280456543
		endloop
	endfacet
	facet normal 0.9576555007593724 -0.2469516327027079 0.14802308256073685
		outer loop
			vertex 17.593338012695312 7.614159107208252 10.8056001663208
			vertex 17.799575805664062 8.40990924835205 10.7988920211792
			vertex 17.665491104125977 8.381321907043457 11.618678092956543
		endloop
	endfacet
	facet normal 0.9263991289321734 -0.26625620944844425 0.2662560512811993
		outer loop
			vertex 17.436555862426758 7.552255153656006 11.645045280456543
			vertex 17.436555862426758 8.354954719543457 12.447745323181152
			vertex 17.173307418823242 7.4956374168396 12.504362106323242
		endloop
	endfacet
	facet normal 0.9352553040774806 -0.25029741371705116 0.2502972650299936
		outer loop
			vertex 17.436555862426758 7.552255153656006 11.645045280456543
			vertex 17.665491104125977 8.381321907043457 11.618678092956543
			vertex 17.436555862426758 8.354954719543457 12.447745323181152
		endloop
	endfacet
	facet normal 0.9008714809747697 -0.2527252482866135 0.3529313299280685
		outer loop
			vertex 17.173307418823242 7.4956374168396 12.504362106323242
			vertex 17.436555862426758 8.354954719543457 12.447745323181152
			vertex 17.107582092285156 8.33232593536377 13.271260261535645
		endloop
	endfacet
	facet normal 0.9759190937288628 -0.15424318865907058 0.15424318865907058
		outer loop
			vertex 17.799575805664062 8.40990924835205 10.7988920211792
			vertex 17.799575805664062 9.2011079788208 11.59009075164795
			vertex 17.665491104125977 8.381321907043457 11.618678092956543
		endloop
	endfacet
	facet normal 0.9779368067347741 -0.14771527008639496 0.14771527008639496
		outer loop
			vertex 17.799575805664062 8.40990924835205 10.7988920211792
			vertex 17.92127799987793 9.208368301391602 10.791631698608398
			vertex 17.799575805664062 9.2011079788208 11.59009075164795
		endloop
	endfacet
	facet normal 0.9576554664841219 -0.14802307210101073 0.2469517718884758
		outer loop
			vertex 17.665491104125977 8.381321907043457 11.618678092956543
			vertex 17.799575805664062 9.2011079788208 11.59009075164795
			vertex 17.593338012695312 9.1943998336792 12.38584041595459
		endloop
	endfacet
	facet normal 0.926824712594531 -0.14764141699096442 0.34525058162581707
		outer loop
			vertex 17.436555862426758 8.354954719543457 12.447745323181152
			vertex 17.593338012695312 9.1943998336792 12.38584041595459
			vertex 17.301023483276367 9.188560485839844 13.168061256408691
		endloop
	endfacet
	facet normal 0.9529556786745644 -0.15894951473057045 0.25809015139833713
		outer loop
			vertex 17.665491104125977 8.381321907043457 11.618678092956543
			vertex 17.593338012695312 9.1943998336792 12.38584041595459
			vertex 17.436555862426758 8.354954719543457 12.447745323181152
		endloop
	endfacet
	facet normal 0.8857742168725282 -0.2738658524476116 0.37470192364998944
		outer loop
			vertex 16.79505157470703 7.448288440704346 13.363930702209473
			vertex 17.173307418823242 7.4956374168396 12.504362106323242
			vertex 17.107582092285156 8.33232593536377 13.271260261535645
		endloop
	endfacet
	facet normal 0.8539856260508948 -0.25432548422521983 0.45390208037865265
		outer loop
			vertex 16.79505157470703 7.448288440704346 13.363930702209473
			vertex 17.107582092285156 8.33232593536377 13.271260261535645
			vertex 16.67693519592285 8.314892768859863 14.071724891662598
		endloop
	endfacet
	facet normal 0.8304521791255839 -0.28011130240946236 0.48154629730488413
		outer loop
			vertex 16.79505157470703 7.448288440704346 13.363930702209473
			vertex 16.67693519592285 8.314892768859863 14.071724891662598
			vertex 16.299095153808594 7.414066791534424 14.19932746887207
		endloop
	endfacet
	facet normal 0.7945916514906955 -0.2552484362030848 0.5508832391688543
		outer loop
			vertex 16.299095153808594 7.414066791534424 14.19932746887207
			vertex 16.67693519592285 8.314892768859863 14.071724891662598
			vertex 16.147598266601562 8.303881645202637 14.8301362991333
		endloop
	endfacet
	facet normal 0.8853176153782487 -0.1468363167597219 0.44119362640615084
		outer loop
			vertex 16.92304229736328 9.183882713317871 13.92497730255127
			vertex 17.107582092285156 8.33232593536377 13.271260261535645
			vertex 17.301023483276367 9.188560485839844 13.168061256408691
		endloop
	endfacet
	facet normal 0.8332640300689088 -0.14593554827587707 0.5332671675086887
		outer loop
			vertex 16.92304229736328 9.183882713317871 13.92497730255127
			vertex 16.462081909179688 9.180612564086914 14.644362449645996
			vertex 16.67693519592285 8.314892768859863 14.071724891662598
		endloop
	endfacet
	facet normal 0.8696610249433586 -0.1679040708815449 0.46421754025012035
		outer loop
			vertex 16.92304229736328 9.183882713317871 13.92497730255127
			vertex 16.67693519592285 8.314892768859863 14.071724891662598
			vertex 17.107582092285156 8.33232593536377 13.271260261535645
		endloop
	endfacet
	facet normal 0.9176619654674871 -0.1636782072858011 0.3620855721981407
		outer loop
			vertex 17.436555862426758 8.354954719543457 12.447745323181152
			vertex 17.301023483276367 9.188560485839844 13.168061256408691
			vertex 17.107582092285156 8.33232593536377 13.271260261535645
		endloop
	endfacet
	facet normal 0.9873048363574879 -0.05220805389280506 0.15001159693117133
		outer loop
			vertex 17.92127799987793 9.208368301391602 10.791631698608398
			vertex 17.846282958984375 10 11.560722351074219
			vertex 17.799575805664062 9.2011079788208 11.59009075164795
		endloop
	endfacet
	facet normal 0.9879990149726772 -0.04878333696817435 0.1465541962799744
		outer loop
			vertex 17.92127799987793 9.208368301391602 10.791631698608398
			vertex 17.961477279663086 10 10.784136772155762
			vertex 17.846282958984375 10 11.560722351074219
		endloop
	endfacet
	facet normal 0.968925827098854 -0.04772604295025131 0.2427034536324371
		outer loop
			vertex 17.799575805664062 9.2011079788208 11.59009075164795
			vertex 17.846282958984375 10 11.560722351074219
			vertex 17.6555233001709 10 12.322277069091797
		endloop
	endfacet
	facet normal 0.9405453193214692 -0.04604884867926124 0.3365323251008588
		outer loop
			vertex 17.593338012695312 9.1943998336792 12.38584041595459
			vertex 17.6555233001709 10 12.322277069091797
			vertex 17.391036987304688 10 13.061467170715332
		endloop
	endfacet
	facet normal 0.9666699413018713 -0.054887224441796 0.2500732236296253
		outer loop
			vertex 17.799575805664062 9.2011079788208 11.59009075164795
			vertex 17.6555233001709 10 12.322277069091797
			vertex 17.593338012695312 9.1943998336792 12.38584041595459
		endloop
	endfacet
	facet normal 0.9879990149726772 0.04878333696817435 0.1465541962799744
		outer loop
			vertex 17.961477279663086 10 10.784136772155762
			vertex 17.92127799987793 10.791631698608398 10.791631698608398
			vertex 17.846282958984375 10 11.560722351074219
		endloop
	endfacet
	facet normal 0.9873048363574879 0.05220805389280506 0.15001159693117133
		outer loop
			vertex 17.92127799987793 10.791631698608398 10.791631698608398
			vertex 17.799575805664062 10.7988920211792 11.59009075164795
			vertex 17.846282958984375 10 11.560722351074219
		endloop
	endfacet
	facet normal 0.968925827098854 0.04772604295025131 0.2427034536324371
		outer loop
			vertex 17.846282958984375 10 11.560722351074219
			vertex 17.799575805664062 10.7988920211792 11.59009075164795
			vertex 17.6555233001709 10 12.322277069091797
		endloop
	endfacet
	facet normal 0.9405453193214692 0.04604884867926124 0.3365323251008588
		outer loop
			vertex 17.6555233001709 10 12.322277069091797
			vertex 17.593338012695312 10.8056001663208 12.38584041595459
			vertex 17.391036987304688 10 13.061467170715332
		endloop
	endfacet
	facet normal 0.9666699413018713 0.054887224441796 0.2500732236296253
		outer loop
			vertex 17.799575805664062 10.7988920211792 11.59009075164795
			vertex 17.593338012695312 10.8056001663208 12.38584041595459
			vertex 17.6555233001709 10 12.322277069091797
		endloop
	endfacet
	facet normal 0.8931457316646203 -0.0608343517358822 0.44563424874906693
		outer loop
			vertex 16.92304229736328 9.183882713317871 13.92497730255127
			vertex 17.301023483276367 9.188560485839844 13.168061256408691
			vertex 17.055370330810547 10 13.771173477172852
		endloop
	endfacet
	facet normal 0.8404190353867358 -0.06330074466781764 0.5382275175835292
		outer loop
			vertex 16.92304229736328 9.183882713317871 13.92497730255127
			vertex 16.651756286621094 10 14.444561958312988
			vertex 16.462081909179688 9.180612564086914 14.644362449645996
		endloop
	endfacet
	facet normal 0.8569660260194453 -0.042150630465854225 0.5136463322167991
		outer loop
			vertex 16.92304229736328 9.183882713317871 13.92497730255127
			vertex 17.055370330810547 10 13.771173477172852
			vertex 16.651756286621094 10 14.444561958312988
		endloop
	endfacet
	facet normal 0.8931457316646203 0.0608343517358822 0.44563424874906693
		outer loop
			vertex 16.92304229736328 10.816117286682129 13.92497730255127
			vertex 17.055370330810547 10 13.771173477172852
			vertex 17.301023483276367 10.811439514160156 13.168061256408691
		endloop
	endfacet
	facet normal 0.8404190353867358 0.06330074466781764 0.5382275175835292
		outer loop
			vertex 16.92304229736328 10.816117286682129 13.92497730255127
			vertex 16.462081909179688 10.819387435913086 14.644362449645996
			vertex 16.651756286621094 10 14.444561958312988
		endloop
	endfacet
	facet normal 0.8569660260194453 0.042150630465854225 0.5136463322167991
		outer loop
			vertex 16.92304229736328 10.816117286682129 13.92497730255127
			vertex 16.651756286621094 10 14.444561958312988
			vertex 17.055370330810547 10 13.771173477172852
		endloop
	endfacet
	facet normal 0.935299876356714 -0.057895794793968 0.3490876941862753
		outer loop
			vertex 17.593338012695312 9.1943998336792 12.38584041595459
			vertex 17.391036987304688 10 13.061467170715332
			vertex 17.301023483276367 9.188560485839844 13.168061256408691
		endloop
	endfacet
	facet normal 0.9031106685172544 -0.04407171373139482 0.4271402632146683
		outer loop
			vertex 17.301023483276367 9.188560485839844 13.168061256408691
			vertex 17.391036987304688 10 13.061467170715332
			vertex 17.055370330810547 10 13.771173477172852
		endloop
	endfacet
	facet normal 0.935299876356714 0.057895794793968 0.3490876941862753
		outer loop
			vertex 17.593338012695312 10.8056001663208 12.38584041595459
			vertex 17.301023483276367 10.811439514160156 13.168061256408691
			vertex 17.391036987304688 10 13.061467170715332
		endloop
	endfacet
	facet normal 0.9031106685172544 0.04407171373139482 0.4271402632146683
		outer loop
			vertex 17.391036987304688 10 13.061467170715332
			vertex 17.301023483276367 10.811439514160156 13.168061256408691
			vertex 17.055370330810547 10 13.771173477172852
		endloop
	endfacet
	facet normal 0.5836190976971379 -0.2842330479455298 0.7606578227158206
		outer loop
			vertex 14.983587265014648 7.396082401275635 15.69064712524414
			vertex 14.8301362991333 8.303881645202637 16.147598266601562
			vertex 14.19932746887207 7.414066791534424 16.299095153808594
		endloop
	endfacet
	facet normal 0.6414480886480649 -0.25566010534872885 0.7233133899651113
		outer loop
			vertex 14.983587265014648 7.396082401275635 15.69064712524414
			vertex 15.52767562866211 8.300114631652832 15.52767562866211
			vertex 14.8301362991333 8.303881645202637 16.147598266601562
		endloop
	endfacet
	facet normal 0.6199106242567405 -0.14524323437040518 0.7711129753824935
		outer loop
			vertex 15.314181327819824 9.178930282592773 15.923286437988281
			vertex 14.644362449645996 9.180612564086914 16.462081909179688
			vertex 14.8301362991333 8.303881645202637 16.147598266601562
		endloop
	endfacet
	facet normal 0.6537815058537261 -0.17280406753412372 0.7366875164187978
		outer loop
			vertex 15.52767562866211 8.300114631652832 15.52767562866211
			vertex 15.314181327819824 9.178930282592773 15.923286437988281
			vertex 14.8301362991333 8.303881645202637 16.147598266601562
		endloop
	endfacet
	facet normal 0.7233133899651113 -0.25566010534872885 0.6414480886480649
		outer loop
			vertex 15.69064712524414 7.396082401275635 14.983587265014648
			vertex 16.147598266601562 8.303881645202637 14.8301362991333
			vertex 15.52767562866211 8.300114631652832 15.52767562866211
		endloop
	endfacet
	facet normal 0.7606578227158206 -0.2842330479455298 0.5836190976971379
		outer loop
			vertex 15.69064712524414 7.396082401275635 14.983587265014648
			vertex 16.299095153808594 7.414066791534424 14.19932746887207
			vertex 16.147598266601562 8.303881645202637 14.8301362991333
		endloop
	endfacet
	facet normal 0.6776391391609672 -0.2856753299715726 0.6776391391609672
		outer loop
			vertex 14.983587265014648 7.396082401275635 15.69064712524414
			vertex 15.69064712524414 7.396082401275635 14.983587265014648
			vertex 15.52767562866211 8.300114631652832 15.52767562866211
		endloop
	endfacet
	facet normal 0.7366875164187978 -0.17280406753412372 0.6537815058537261
		outer loop
			vertex 15.52767562866211 8.300114631652832 15.52767562866211
			vertex 16.147598266601562 8.303881645202637 14.8301362991333
			vertex 15.923286437988281 9.178930282592773 15.314181327819824
		endloop
	endfacet
	facet normal 0.7711129753824935 -0.14524323437040518 0.6199106242567405
		outer loop
			vertex 15.923286437988281 9.178930282592773 15.314181327819824
			vertex 16.147598266601562 8.303881645202637 14.8301362991333
			vertex 16.462081909179688 9.180612564086914 14.644362449645996
		endloop
	endfacet
	facet normal 0.699635379397854 -0.14498507436850847 0.699635379397854
		outer loop
			vertex 15.52767562866211 8.300114631652832 15.52767562866211
			vertex 15.923286437988281 9.178930282592773 15.314181327819824
			vertex 15.314181327819824 9.178930282592773 15.923286437988281
		endloop
	endfacet
	facet normal 0.5622259326837393 -0.17108946807816092 0.8090923275687587
		outer loop
			vertex 14.071724891662598 8.314892768859863 16.67693519592285
			vertex 14.8301362991333 8.303881645202637 16.147598266601562
			vertex 14.644362449645996 9.180612564086914 16.462081909179688
		endloop
	endfacet
	facet normal 0.6253563217828376 -0.06494297490951136 0.7776322272232181
		outer loop
			vertex 15.314181327819824 9.178930282592773 15.923286437988281
			vertex 15.075146675109863 10 16.184083938598633
			vertex 14.644362449645996 9.180612564086914 16.462081909179688
		endloop
	endfacet
	facet normal 0.6710265662037662 -0.03980956052158617 0.7403637932394188
		outer loop
			vertex 15.314181327819824 9.178930282592773 15.923286437988281
			vertex 15.656854629516602 10 15.656854629516602
			vertex 15.075146675109863 10 16.184083938598633
		endloop
	endfacet
	facet normal 0.6253563217828376 0.06494297490951136 0.7776322272232181
		outer loop
			vertex 15.314181327819824 10.821069717407227 15.923286437988281
			vertex 14.644362449645996 10.819387435913086 16.462081909179688
			vertex 15.075146675109863 10 16.184083938598633
		endloop
	endfacet
	facet normal 0.6710265662037662 0.03980956052158617 0.7403637932394188
		outer loop
			vertex 15.314181327819824 10.821069717407227 15.923286437988281
			vertex 15.075146675109863 10 16.184083938598633
			vertex 15.656854629516602 10 15.656854629516602
		endloop
	endfacet
	facet normal 0.7776322272232181 -0.06494297490951136 0.6253563217828376
		outer loop
			vertex 15.923286437988281 9.178930282592773 15.314181327819824
			vertex 16.462081909179688 9.180612564086914 14.644362449645996
			vertex 16.184083938598633 10 15.075146675109863
		endloop
	endfacet
	facet normal 0.7403637932394188 -0.03980956052158617 0.6710265662037662
		outer loop
			vertex 15.923286437988281 9.178930282592773 15.314181327819824
			vertex 16.184083938598633 10 15.075146675109863
			vertex 15.656854629516602 10 15.656854629516602
		endloop
	endfacet
	facet normal 0.7055874716451469 -0.06551823955829379 0.7055874716451469
		outer loop
			vertex 15.314181327819824 9.178930282592773 15.923286437988281
			vertex 15.923286437988281 9.178930282592773 15.314181327819824
			vertex 15.656854629516602 10 15.656854629516602
		endloop
	endfacet
	facet normal 0.7403637932394188 0.03980956052158617 0.6710265662037662
		outer loop
			vertex 15.656854629516602 10 15.656854629516602
			vertex 16.184083938598633 10 15.075146675109863
			vertex 15.923286437988281 10.821069717407227 15.314181327819824
		endloop
	endfacet
	facet normal 0.7776322272232181 0.06494297490951136 0.6253563217828376
		outer loop
			vertex 15.923286437988281 10.821069717407227 15.314181327819824
			vertex 16.184083938598633 10 15.075146675109863
			vertex 16.462081909179688 10.819387435913086 14.644362449645996
		endloop
	endfacet
	facet normal 0.7055874716451469 0.06551823955829379 0.7055874716451469
		outer loop
			vertex 15.314181327819824 10.821069717407227 15.923286437988281
			vertex 15.656854629516602 10 15.656854629516602
			vertex 15.923286437988281 10.821069717407227 15.314181327819824
		endloop
	endfacet
	facet normal 0.5952062313936063 -0.040639705697712414 0.8025446756605044
		outer loop
			vertex 14.644362449645996 9.180612564086914 16.462081909179688
			vertex 15.075146675109863 10 16.184083938598633
			vertex 14.444561958312988 10 16.651756286621094
		endloop
	endfacet
	facet normal 0.5952062313936063 0.040639705697712414 0.8025446756605044
		outer loop
			vertex 14.444561958312988 10 16.651756286621094
			vertex 15.075146675109863 10 16.184083938598633
			vertex 14.644362449645996 10.819387435913086 16.462081909179688
		endloop
	endfacet
	facet normal 0.8090923275687587 -0.17108946807816092 0.5622259326837393
		outer loop
			vertex 16.147598266601562 8.303881645202637 14.8301362991333
			vertex 16.67693519592285 8.314892768859863 14.071724891662598
			vertex 16.462081909179688 9.180612564086914 14.644362449645996
		endloop
	endfacet
	facet normal 0.8025446756605044 -0.040639705697712414 0.5952062313936063
		outer loop
			vertex 16.462081909179688 9.180612564086914 14.644362449645996
			vertex 16.651756286621094 10 14.444561958312988
			vertex 16.184083938598633 10 15.075146675109863
		endloop
	endfacet
	facet normal 0.8025446756605044 0.040639705697712414 0.5952062313936063
		outer loop
			vertex 16.462081909179688 10.819387435913086 14.644362449645996
			vertex 16.184083938598633 10 15.075146675109863
			vertex 16.651756286621094 10 14.444561958312988
		endloop
	endfacet
	facet normal 0.36677879478834685 0.564993654379641 -0.7390909864180097
		outer loop
			vertex 12.585932731628418 14.19932746887207 3.7009048461914062
			vertex 12.603917121887207 14.983587265014648 4.309352397918701
			vertex 13.486339569091797 14.294539451599121 4.220521926879883
		endloop
	endfacet
	facet normal 0.564993654379641 0.36677879478834685 -0.7390909864180097
		outer loop
			vertex 14.19932746887207 12.585932731628418 3.7009048461914062
			vertex 14.294539451599121 13.486339569091797 4.220521926879883
			vertex 14.983587265014648 12.603917121887207 4.309352397918701
		endloop
	endfacet
	facet normal 0.47196537250040116 0.47196537250040116 -0.7446458046085502
		outer loop
			vertex 13.438130378723145 13.438130378723145 3.6471641063690186
			vertex 13.486339569091797 14.294539451599121 4.220521926879883
			vertex 14.294539451599121 13.486339569091797 4.220521926879883
		endloop
	endfacet
	facet normal 0.5053956064370707 0.5053956064370707 -0.6993929953811456
		outer loop
			vertex 13.486339569091797 14.294539451599121 4.220521926879883
			vertex 14.3456392288208 14.3456392288208 4.878395080566406
			vertex 14.294539451599121 13.486339569091797 4.220521926879883
		endloop
	endfacet
	facet normal 0.17280475670169743 0.6537815642241352 -0.736687302959614
		outer loop
			vertex 11.696118354797363 14.8301362991333 3.8524019718170166
			vertex 10.821069717407227 15.314181327819824 4.0767130851745605
			vertex 11.699885368347168 15.52767562866211 4.472324848175049
		endloop
	endfacet
	facet normal 0.14498544600398566 0.6996358885988813 -0.6996347931824712
		outer loop
			vertex 10.821069717407227 15.314181327819824 4.0767130851745605
			vertex 10.821069717407227 15.923286437988281 4.685819149017334
			vertex 11.699885368347168 15.52767562866211 4.472324848175049
		endloop
	endfacet
	facet normal 0.17280375547879157 0.7366871130255831 -0.6537820428816151
		outer loop
			vertex 10.821069717407227 15.923286437988281 4.685819149017334
			vertex 11.696118354797363 16.147598266601562 5.169863224029541
			vertex 11.699885368347168 15.52767562866211 4.472324848175049
		endloop
	endfacet
	facet normal 0.14524257377630823 0.7711130501351179 -0.6199106860461019
		outer loop
			vertex 10.821069717407227 15.923286437988281 4.685819149017334
			vertex 10.819387435913086 16.462081909179688 5.355638027191162
			vertex 11.696118354797363 16.147598266601562 5.169863224029541
		endloop
	endfacet
	facet normal 0.2556596177780059 0.6414483140330964 -0.7233133624244074
		outer loop
			vertex 11.696118354797363 14.8301362991333 3.8524019718170166
			vertex 11.699885368347168 15.52767562866211 4.472324848175049
			vertex 12.603917121887207 14.983587265014648 4.309352397918701
		endloop
	endfacet
	facet normal 0.285674975972672 0.6776394422772631 -0.6776389852813761
		outer loop
			vertex 11.699885368347168 15.52767562866211 4.472324848175049
			vertex 12.603917121887207 15.69064712524414 5.016412734985352
			vertex 12.603917121887207 14.983587265014648 4.309352397918701
		endloop
	endfacet
	facet normal 0.25566026395994607 0.7233129241003404 -0.6414485507516141
		outer loop
			vertex 11.699885368347168 15.52767562866211 4.472324848175049
			vertex 11.696118354797363 16.147598266601562 5.169863224029541
			vertex 12.603917121887207 15.69064712524414 5.016412734985352
		endloop
	endfacet
	facet normal 0.28423347034357893 0.7606577284333581 -0.5836190148641914
		outer loop
			vertex 11.696118354797363 16.147598266601562 5.169863224029541
			vertex 12.585932731628418 16.299095153808594 5.80067253112793
			vertex 12.603917121887207 15.69064712524414 5.016412734985352
		endloop
	endfacet
	facet normal 0.17108897876471432 0.8090925593312387 -0.5622257480586187
		outer loop
			vertex 10.819387435913086 16.462081909179688 5.355638027191162
			vertex 11.685107231140137 16.67693519592285 5.928275108337402
			vertex 11.696118354797363 16.147598266601562 5.169863224029541
		endloop
	endfacet
	facet normal 0.25524865781084705 0.794591766842913 -0.5508829701045578
		outer loop
			vertex 11.696118354797363 16.147598266601562 5.169863224029541
			vertex 11.685107231140137 16.67693519592285 5.928275108337402
			vertex 12.585932731628418 16.299095153808594 5.80067253112793
		endloop
	endfacet
	facet normal 0.1459354622819278 0.8332638801467642 -0.5332674253049019
		outer loop
			vertex 10.819387435913086 16.462081909179688 5.355638027191162
			vertex 10.816117286682129 16.92304229736328 6.0750226974487305
			vertex 11.685107231140137 16.67693519592285 5.928275108337402
		endloop
	endfacet
	facet normal 0.14683626593903604 0.885317511092749 -0.4411938525836701
		outer loop
			vertex 10.816117286682129 16.92304229736328 6.0750226974487305
			vertex 10.811439514160156 17.301023483276367 6.83193826675415
			vertex 11.66767406463623 17.107582092285156 6.728739261627197
		endloop
	endfacet
	facet normal 0.16790400369792363 0.869660919734972 -0.4642177616463316
		outer loop
			vertex 11.685107231140137 16.67693519592285 5.928275108337402
			vertex 10.816117286682129 16.92304229736328 6.0750226974487305
			vertex 11.66767406463623 17.107582092285156 6.728739261627197
		endloop
	endfacet
	facet normal 0.16367828156718287 0.9176620976405848 -0.36208520364286617
		outer loop
			vertex 10.811439514160156 17.301023483276367 6.83193826675415
			vertex 11.645045280456543 17.436555862426758 7.552255153656006
			vertex 11.66767406463623 17.107582092285156 6.728739261627197
		endloop
	endfacet
	facet normal 0.1476418010330052 0.9268246598303232 -0.3452505590410191
		outer loop
			vertex 10.811439514160156 17.301023483276367 6.83193826675415
			vertex 10.8056001663208 17.593338012695312 7.614159107208252
			vertex 11.645045280456543 17.436555862426758 7.552255153656006
		endloop
	endfacet
	facet normal 0.28011136728886776 0.8304520454268131 -0.4815464901356709
		outer loop
			vertex 11.685107231140137 16.67693519592285 5.928275108337402
			vertex 12.551711082458496 16.79505157470703 6.636068820953369
			vertex 12.585932731628418 16.299095153808594 5.80067253112793
		endloop
	endfacet
	facet normal 0.25432555531483886 0.8539854984695644 -0.45390228058194254
		outer loop
			vertex 11.685107231140137 16.67693519592285 5.928275108337402
			vertex 11.66767406463623 17.107582092285156 6.728739261627197
			vertex 12.551711082458496 16.79505157470703 6.636068820953369
		endloop
	endfacet
	facet normal 0.2738659907211202 0.8857741835465262 -0.3747019013680399
		outer loop
			vertex 11.66767406463623 17.107582092285156 6.728739261627197
			vertex 12.504362106323242 17.173307418823242 7.4956374168396
			vertex 12.551711082458496 16.79505157470703 6.636068820953369
		endloop
	endfacet
	facet normal 0.25272507363076935 0.9008716601676339 -0.35293099759745306
		outer loop
			vertex 11.66767406463623 17.107582092285156 6.728739261627197
			vertex 11.645045280456543 17.436555862426758 7.552255153656006
			vertex 12.504362106323242 17.173307418823242 7.4956374168396
		endloop
	endfacet
	facet normal 0.3677418091280129 0.6575585696393584 -0.6575581261858888
		outer loop
			vertex 12.603917121887207 14.983587265014648 4.309352397918701
			vertex 12.603917121887207 15.69064712524414 5.016412734985352
			vertex 13.503082275390625 15.085686683654785 4.914313316345215
		endloop
	endfacet
	facet normal 0.39860801247253985 0.5999043579388137 -0.6937048462557484
		outer loop
			vertex 12.603917121887207 14.983587265014648 4.309352397918701
			vertex 13.503082275390625 15.085686683654785 4.914313316345215
			vertex 13.486339569091797 14.294539451599121 4.220521926879883
		endloop
	endfacet
	facet normal 0.36677866021344757 0.7390908112241603 -0.5649939709200809
		outer loop
			vertex 12.603917121887207 15.69064712524414 5.016412734985352
			vertex 12.585932731628418 16.299095153808594 5.80067253112793
			vertex 13.486339569091797 15.779478073120117 5.705460548400879
		endloop
	endfacet
	facet normal 0.3986077004334132 0.6937049449776854 -0.5999044511159196
		outer loop
			vertex 12.603917121887207 15.69064712524414 5.016412734985352
			vertex 13.486339569091797 15.779478073120117 5.705460548400879
			vertex 13.503082275390625 15.085686683654785 4.914313316345215
		endloop
	endfacet
	facet normal 0.4759079060442336 0.574164401016412 -0.6662183617779217
		outer loop
			vertex 13.486339569091797 14.294539451599121 4.220521926879883
			vertex 13.503082275390625 15.085686683654785 4.914313316345215
			vertex 14.3456392288208 14.3456392288208 4.878395080566406
		endloop
	endfacet
	facet normal 0.47590790604423366 0.6662183617779217 -0.574164401016412
		outer loop
			vertex 13.503082275390625 15.085686683654785 4.914313316345215
			vertex 13.486339569091797 15.779478073120117 5.705460548400879
			vertex 14.3456392288208 15.121604919433594 5.654360771179199
		endloop
	endfacet
	facet normal 0.5087444455191992 0.6087606628032739 -0.6087606628032739
		outer loop
			vertex 13.503082275390625 15.085686683654785 4.914313316345215
			vertex 14.3456392288208 15.121604919433594 5.654360771179199
			vertex 14.3456392288208 14.3456392288208 4.878395080566406
		endloop
	endfacet
	facet normal 0.39412285127617275 0.7738079204272719 -0.4958714353398076
		outer loop
			vertex 13.486339569091797 15.779478073120117 5.705460548400879
			vertex 12.585932731628418 16.299095153808594 5.80067253112793
			vertex 13.438130378723145 16.35283660888672 6.561870098114014
		endloop
	endfacet
	facet normal 0.5053956064370707 0.6993929953811456 -0.5053956064370707
		outer loop
			vertex 13.486339569091797 15.779478073120117 5.705460548400879
			vertex 14.294539451599121 15.779478073120117 6.513660430908203
			vertex 14.3456392288208 15.121604919433594 5.654360771179199
		endloop
	endfacet
	facet normal 0.4719655610240147 0.7446455656314448 -0.4719655610240147
		outer loop
			vertex 13.486339569091797 15.779478073120117 5.705460548400879
			vertex 13.438130378723145 16.35283660888672 6.561870098114014
			vertex 14.294539451599121 15.779478073120117 6.513660430908203
		endloop
	endfacet
	facet normal 0.49587142954688546 0.7738078408968752 -0.39412301471196115
		outer loop
			vertex 13.438130378723145 16.35283660888672 6.561870098114014
			vertex 14.19932746887207 16.299095153808594 7.414066791534424
			vertex 14.294539451599121 15.779478073120117 6.513660430908203
		endloop
	endfacet
	facet normal 0.5649939275308816 0.7390907603059432 -0.36677882965570946
		outer loop
			vertex 14.294539451599121 15.779478073120117 6.513660430908203
			vertex 14.19932746887207 16.299095153808594 7.414066791534424
			vertex 14.983587265014648 15.69064712524414 7.396082401275635
		endloop
	endfacet
	facet normal 0.36391403576361225 0.8073900261528801 -0.46442213582374814
		outer loop
			vertex 12.585932731628418 16.299095153808594 5.80067253112793
			vertex 12.551711082458496 16.79505157470703 6.636068820953369
			vertex 13.438130378723145 16.35283660888672 6.561870098114014
		endloop
	endfacet
	facet normal 0.38579188192116537 0.8380508622317928 -0.38579188192116537
		outer loop
			vertex 12.551711082458496 16.79505157470703 6.636068820953369
			vertex 13.363930702209473 16.79505157470703 7.448288440704346
			vertex 13.438130378723145 16.35283660888672 6.561870098114014
		endloop
	endfacet
	facet normal 0.3592423630552334 0.8613302787972706 -0.3592423630552334
		outer loop
			vertex 12.551711082458496 16.79505157470703 6.636068820953369
			vertex 12.504362106323242 17.173307418823242 7.4956374168396
			vertex 13.363930702209473 16.79505157470703 7.448288440704346
		endloop
	endfacet
	facet normal 0.46442194525811087 0.80739014956729 -0.36391400515009203
		outer loop
			vertex 13.438130378723145 16.35283660888672 6.561870098114014
			vertex 13.363930702209473 16.79505157470703 7.448288440704346
			vertex 14.19932746887207 16.299095153808594 7.414066791534424
		endloop
	endfacet
	facet normal 0.1589497847892894 0.9529556015233888 -0.2580902699456821
		outer loop
			vertex 10.8056001663208 17.593338012695312 7.614159107208252
			vertex 11.618678092956543 17.665491104125977 8.381321907043457
			vertex 11.645045280456543 17.436555862426758 7.552255153656006
		endloop
	endfacet
	facet normal 0.14802308256073685 0.9576555007593724 -0.2469516327027079
		outer loop
			vertex 10.8056001663208 17.593338012695312 7.614159107208252
			vertex 10.7988920211792 17.799575805664062 8.40990924835205
			vertex 11.618678092956543 17.665491104125977 8.381321907043457
		endloop
	endfacet
	facet normal 0.15424318865907058 0.9759190937288628 -0.15424318865907058
		outer loop
			vertex 10.7988920211792 17.799575805664062 8.40990924835205
			vertex 11.59009075164795 17.799575805664062 9.2011079788208
			vertex 11.618678092956543 17.665491104125977 8.381321907043457
		endloop
	endfacet
	facet normal 0.14771527008639496 0.9779368067347741 -0.14771527008639496
		outer loop
			vertex 10.7988920211792 17.799575805664062 8.40990924835205
			vertex 10.791631698608398 17.92127799987793 9.208368301391602
			vertex 11.59009075164795 17.799575805664062 9.2011079788208
		endloop
	endfacet
	facet normal 0.2469517718884758 0.9576554664841219 -0.14802307210101073
		outer loop
			vertex 11.618678092956543 17.665491104125977 8.381321907043457
			vertex 11.59009075164795 17.799575805664062 9.2011079788208
			vertex 12.38584041595459 17.593338012695312 9.1943998336792
		endloop
	endfacet
	facet normal 0.2662560512811993 0.9263991289321734 -0.26625620944844425
		outer loop
			vertex 11.645045280456543 17.436555862426758 7.552255153656006
			vertex 12.447745323181152 17.436555862426758 8.354954719543457
			vertex 12.504362106323242 17.173307418823242 7.4956374168396
		endloop
	endfacet
	facet normal 0.2502972650299936 0.9352553040774806 -0.25029741371705116
		outer loop
			vertex 11.645045280456543 17.436555862426758 7.552255153656006
			vertex 11.618678092956543 17.665491104125977 8.381321907043457
			vertex 12.447745323181152 17.436555862426758 8.354954719543457
		endloop
	endfacet
	facet normal 0.3529313299280685 0.9008714809747697 -0.2527252482866135
		outer loop
			vertex 12.504362106323242 17.173307418823242 7.4956374168396
			vertex 12.447745323181152 17.436555862426758 8.354954719543457
			vertex 13.271260261535645 17.107582092285156 8.33232593536377
		endloop
	endfacet
	facet normal 0.2580901513983372 0.9529556786745644 -0.15894951473057045
		outer loop
			vertex 11.618678092956543 17.665491104125977 8.381321907043457
			vertex 12.38584041595459 17.593338012695312 9.1943998336792
			vertex 12.447745323181152 17.436555862426758 8.354954719543457
		endloop
	endfacet
	facet normal 0.34525058162581707 0.926824712594531 -0.14764141699096442
		outer loop
			vertex 12.447745323181152 17.436555862426758 8.354954719543457
			vertex 12.38584041595459 17.593338012695312 9.1943998336792
			vertex 13.168061256408691 17.301023483276367 9.188560485839844
		endloop
	endfacet
	facet normal 0.15001159693117133 0.9873048363574879 -0.05220805389280506
		outer loop
			vertex 10.791631698608398 17.92127799987793 9.208368301391602
			vertex 11.560722351074219 17.846282958984375 10
			vertex 11.59009075164795 17.799575805664062 9.2011079788208
		endloop
	endfacet
	facet normal 0.1465541962799744 0.9879990149726772 -0.04878333696817435
		outer loop
			vertex 10.791631698608398 17.92127799987793 9.208368301391602
			vertex 10.784136772155762 17.961477279663086 10
			vertex 11.560722351074219 17.846282958984375 10
		endloop
	endfacet
	facet normal 0.2427034536324371 0.968925827098854 -0.04772604295025131
		outer loop
			vertex 11.59009075164795 17.799575805664062 9.2011079788208
			vertex 11.560722351074219 17.846282958984375 10
			vertex 12.322277069091797 17.6555233001709 10
		endloop
	endfacet
	facet normal 0.1465541962799744 0.9879990149726772 0.04878333696817435
		outer loop
			vertex 10.784136772155762 17.961477279663086 10
			vertex 10.791631698608398 17.92127799987793 10.791631698608398
			vertex 11.560722351074219 17.846282958984375 10
		endloop
	endfacet
	facet normal 0.15001159693117133 0.9873048363574879 0.05220805389280506
		outer loop
			vertex 10.791631698608398 17.92127799987793 10.791631698608398
			vertex 11.59009075164795 17.799575805664062 10.7988920211792
			vertex 11.560722351074219 17.846282958984375 10
		endloop
	endfacet
	facet normal 0.2427034536324371 0.968925827098854 0.04772604295025131
		outer loop
			vertex 11.560722351074219 17.846282958984375 10
			vertex 11.59009075164795 17.799575805664062 10.7988920211792
			vertex 12.322277069091797 17.6555233001709 10
		endloop
	endfacet
	facet normal 0.2500732236296253 0.9666699413018713 -0.054887224441796
		outer loop
			vertex 11.59009075164795 17.799575805664062 9.2011079788208
			vertex 12.322277069091797 17.6555233001709 10
			vertex 12.38584041595459 17.593338012695312 9.1943998336792
		endloop
	endfacet
	facet normal 0.3365323251008588 0.9405453193214692 -0.04604884867926124
		outer loop
			vertex 12.38584041595459 17.593338012695312 9.1943998336792
			vertex 12.322277069091797 17.6555233001709 10
			vertex 13.061467170715332 17.391036987304688 10
		endloop
	endfacet
	facet normal 0.2500732236296253 0.9666699413018713 0.054887224441796
		outer loop
			vertex 11.59009075164795 17.799575805664062 10.7988920211792
			vertex 12.38584041595459 17.593338012695312 10.8056001663208
			vertex 12.322277069091797 17.6555233001709 10
		endloop
	endfacet
	facet normal 0.3365323251008588 0.9405453193214692 0.04604884867926124
		outer loop
			vertex 12.322277069091797 17.6555233001709 10
			vertex 12.38584041595459 17.593338012695312 10.8056001663208
			vertex 13.061467170715332 17.391036987304688 10
		endloop
	endfacet
	facet normal 0.37470192364998944 0.8857742168725282 -0.2738658524476116
		outer loop
			vertex 12.504362106323242 17.173307418823242 7.4956374168396
			vertex 13.271260261535645 17.107582092285156 8.33232593536377
			vertex 13.363930702209473 16.79505157470703 7.448288440704346
		endloop
	endfacet
	facet normal 0.45390208037865265 0.8539856260508948 -0.25432548422521983
		outer loop
			vertex 13.363930702209473 16.79505157470703 7.448288440704346
			vertex 13.271260261535645 17.107582092285156 8.33232593536377
			vertex 14.071724891662598 16.67693519592285 8.314892768859863
		endloop
	endfacet
	facet normal 0.44119362640615084 0.8853176153782487 -0.1468363167597219
		outer loop
			vertex 13.92497730255127 16.92304229736328 9.183882713317871
			vertex 13.271260261535645 17.107582092285156 8.33232593536377
			vertex 13.168061256408691 17.301023483276367 9.188560485839844
		endloop
	endfacet
	facet normal 0.3620855721981407 0.9176619654674871 -0.1636782072858011
		outer loop
			vertex 12.447745323181152 17.436555862426758 8.354954719543457
			vertex 13.168061256408691 17.301023483276367 9.188560485839844
			vertex 13.271260261535645 17.107582092285156 8.33232593536377
		endloop
	endfacet
	facet normal 0.48154629730488413 0.8304521791255839 -0.28011130240946236
		outer loop
			vertex 13.363930702209473 16.79505157470703 7.448288440704346
			vertex 14.071724891662598 16.67693519592285 8.314892768859863
			vertex 14.19932746887207 16.299095153808594 7.414066791534424
		endloop
	endfacet
	facet normal 0.5508832391688543 0.7945916514906955 -0.2552484362030848
		outer loop
			vertex 14.19932746887207 16.299095153808594 7.414066791534424
			vertex 14.071724891662598 16.67693519592285 8.314892768859863
			vertex 14.8301362991333 16.147598266601562 8.303881645202637
		endloop
	endfacet
	facet normal 0.46421754025012035 0.8696610249433586 -0.1679040708815449
		outer loop
			vertex 13.92497730255127 16.92304229736328 9.183882713317871
			vertex 14.071724891662598 16.67693519592285 8.314892768859863
			vertex 13.271260261535645 17.107582092285156 8.33232593536377
		endloop
	endfacet
	facet normal 0.5332671675086887 0.8332640300689088 -0.14593554827587707
		outer loop
			vertex 13.92497730255127 16.92304229736328 9.183882713317871
			vertex 14.644362449645996 16.462081909179688 9.180612564086914
			vertex 14.071724891662598 16.67693519592285 8.314892768859863
		endloop
	endfacet
	facet normal 0.44563424874906693 0.8931457316646203 -0.0608343517358822
		outer loop
			vertex 13.92497730255127 16.92304229736328 9.183882713317871
			vertex 13.168061256408691 17.301023483276367 9.188560485839844
			vertex 13.771173477172852 17.055370330810547 10
		endloop
	endfacet
	facet normal 0.44563424874906693 0.8931457316646203 0.0608343517358822
		outer loop
			vertex 13.92497730255127 16.92304229736328 10.816117286682129
			vertex 13.771173477172852 17.055370330810547 10
			vertex 13.168061256408691 17.301023483276367 10.811439514160156
		endloop
	endfacet
	facet normal 0.3490876941862753 0.935299876356714 -0.057895794793968
		outer loop
			vertex 12.38584041595459 17.593338012695312 9.1943998336792
			vertex 13.061467170715332 17.391036987304688 10
			vertex 13.168061256408691 17.301023483276367 9.188560485839844
		endloop
	endfacet
	facet normal 0.4271402632146683 0.9031106685172544 -0.04407171373139482
		outer loop
			vertex 13.168061256408691 17.301023483276367 9.188560485839844
			vertex 13.061467170715332 17.391036987304688 10
			vertex 13.771173477172852 17.055370330810547 10
		endloop
	endfacet
	facet normal 0.3490876941862753 0.935299876356714 0.057895794793968
		outer loop
			vertex 12.38584041595459 17.593338012695312 10.8056001663208
			vertex 13.168061256408691 17.301023483276367 10.811439514160156
			vertex 13.061467170715332 17.391036987304688 10
		endloop
	endfacet
	facet normal 0.4271402632146683 0.9031106685172544 0.04407171373139482
		outer loop
			vertex 13.061467170715332 17.391036987304688 10
			vertex 13.168061256408691 17.301023483276367 10.811439514160156
			vertex 13.771173477172852 17.055370330810547 10
		endloop
	endfacet
	facet normal 0.5136463322167991 0.8569660260194454 -0.042150630465854225
		outer loop
			vertex 13.92497730255127 16.92304229736328 9.183882713317871
			vertex 13.771173477172852 17.055370330810547 10
			vertex 14.444561958312988 16.651756286621094 10
		endloop
	endfacet
	facet normal 0.5382275175835293 0.840419035386736 -0.06330074466781765
		outer loop
			vertex 13.92497730255127 16.92304229736328 9.183882713317871
			vertex 14.444561958312988 16.651756286621094 10
			vertex 14.644362449645996 16.462081909179688 9.180612564086914
		endloop
	endfacet
	facet normal 0.5136463322167991 0.8569660260194454 0.042150630465854225
		outer loop
			vertex 13.92497730255127 16.92304229736328 10.816117286682129
			vertex 14.444561958312988 16.651756286621094 10
			vertex 13.771173477172852 17.055370330810547 10
		endloop
	endfacet
	facet normal 0.5382275175835293 0.840419035386736 0.06330074466781765
		outer loop
			vertex 13.92497730255127 16.92304229736328 10.816117286682129
			vertex 14.644362449645996 16.462081909179688 10.819387435913086
			vertex 14.444561958312988 16.651756286621094 10
		endloop
	endfacet
	facet normal 0.6537815642241352 0.17280475670169743 -0.736687302959614
		outer loop
			vertex 14.8301362991333 11.696118354797363 3.8524019718170166
			vertex 15.52767562866211 11.699885368347168 4.472324848175049
			vertex 15.314181327819824 10.821069717407227 4.0767130851745605
		endloop
	endfacet
	facet normal 0.6414483140330964 0.2556596177780059 -0.7233133624244074
		outer loop
			vertex 14.8301362991333 11.696118354797363 3.8524019718170166
			vertex 14.983587265014648 12.603917121887207 4.309352397918701
			vertex 15.52767562866211 11.699885368347168 4.472324848175049
		endloop
	endfacet
	facet normal 0.6996358885988813 0.14498544600398566 -0.6996347931824712
		outer loop
			vertex 15.314181327819824 10.821069717407227 4.0767130851745605
			vertex 15.52767562866211 11.699885368347168 4.472324848175049
			vertex 15.923286437988281 10.821069717407227 4.685819149017334
		endloop
	endfacet
	facet normal 0.7366871130255831 0.17280375547879157 -0.6537820428816151
		outer loop
			vertex 15.923286437988281 10.821069717407227 4.685819149017334
			vertex 15.52767562866211 11.699885368347168 4.472324848175049
			vertex 16.147598266601562 11.696118354797363 5.169863224029541
		endloop
	endfacet
	facet normal 0.7711130501351179 0.14524257377630823 -0.6199106860461019
		outer loop
			vertex 15.923286437988281 10.821069717407227 4.685819149017334
			vertex 16.147598266601562 11.696118354797363 5.169863224029541
			vertex 16.462081909179688 10.819387435913086 5.355638027191162
		endloop
	endfacet
	facet normal 0.6776394422772631 0.285674975972672 -0.6776389852813761
		outer loop
			vertex 15.52767562866211 11.699885368347168 4.472324848175049
			vertex 14.983587265014648 12.603917121887207 4.309352397918701
			vertex 15.69064712524414 12.603917121887207 5.016412734985352
		endloop
	endfacet
	facet normal 0.7233129241003404 0.25566026395994607 -0.6414485507516141
		outer loop
			vertex 15.52767562866211 11.699885368347168 4.472324848175049
			vertex 15.69064712524414 12.603917121887207 5.016412734985352
			vertex 16.147598266601562 11.696118354797363 5.169863224029541
		endloop
	endfacet
	facet normal 0.7606577284333581 0.28423347034357893 -0.5836190148641914
		outer loop
			vertex 15.69064712524414 12.603917121887207 5.016412734985352
			vertex 16.299095153808594 12.585932731628418 5.80067253112793
			vertex 16.147598266601562 11.696118354797363 5.169863224029541
		endloop
	endfacet
	facet normal 0.5999043579388137 0.39860801247253985 -0.6937048462557484
		outer loop
			vertex 14.983587265014648 12.603917121887207 4.309352397918701
			vertex 14.294539451599121 13.486339569091797 4.220521926879883
			vertex 15.085686683654785 13.503082275390625 4.914313316345215
		endloop
	endfacet
	facet normal 0.6575585696393584 0.3677418091280129 -0.6575581261858888
		outer loop
			vertex 14.983587265014648 12.603917121887207 4.309352397918701
			vertex 15.085686683654785 13.503082275390625 4.914313316345215
			vertex 15.69064712524414 12.603917121887207 5.016412734985352
		endloop
	endfacet
	facet normal 0.574164401016412 0.4759079060442336 -0.6662183617779217
		outer loop
			vertex 14.294539451599121 13.486339569091797 4.220521926879883
			vertex 14.3456392288208 14.3456392288208 4.878395080566406
			vertex 15.085686683654785 13.503082275390625 4.914313316345215
		endloop
	endfacet
	facet normal 0.6087606628032739 0.5087444455191992 -0.6087606628032739
		outer loop
			vertex 15.085686683654785 13.503082275390625 4.914313316345215
			vertex 14.3456392288208 14.3456392288208 4.878395080566406
			vertex 15.121604919433594 14.3456392288208 5.654360771179199
		endloop
	endfacet
	facet normal 0.6662183617779217 0.47590790604423366 -0.574164401016412
		outer loop
			vertex 15.085686683654785 13.503082275390625 4.914313316345215
			vertex 15.121604919433594 14.3456392288208 5.654360771179199
			vertex 15.779478073120117 13.486339569091797 5.705460548400879
		endloop
	endfacet
	facet normal 0.6937049449776854 0.3986077004334132 -0.5999044511159196
		outer loop
			vertex 15.69064712524414 12.603917121887207 5.016412734985352
			vertex 15.085686683654785 13.503082275390625 4.914313316345215
			vertex 15.779478073120117 13.486339569091797 5.705460548400879
		endloop
	endfacet
	facet normal 0.7390908112241603 0.36677866021344757 -0.5649939709200809
		outer loop
			vertex 15.69064712524414 12.603917121887207 5.016412734985352
			vertex 15.779478073120117 13.486339569091797 5.705460548400879
			vertex 16.299095153808594 12.585932731628418 5.80067253112793
		endloop
	endfacet
	facet normal 0.7738079204272719 0.39412285127617275 -0.4958714353398076
		outer loop
			vertex 15.779478073120117 13.486339569091797 5.705460548400879
			vertex 16.35283660888672 13.438130378723145 6.561870098114014
			vertex 16.299095153808594 12.585932731628418 5.80067253112793
		endloop
	endfacet
	facet normal 0.6993929953811456 0.5053956064370707 -0.5053956064370707
		outer loop
			vertex 15.779478073120117 13.486339569091797 5.705460548400879
			vertex 15.121604919433594 14.3456392288208 5.654360771179199
			vertex 15.779478073120117 14.294539451599121 6.513660430908203
		endloop
	endfacet
	facet normal 0.7446455656314448 0.4719655610240147 -0.4719655610240147
		outer loop
			vertex 15.779478073120117 13.486339569091797 5.705460548400879
			vertex 15.779478073120117 14.294539451599121 6.513660430908203
			vertex 16.35283660888672 13.438130378723145 6.561870098114014
		endloop
	endfacet
	facet normal 0.7738078408968752 0.49587142954688546 -0.39412301471196115
		outer loop
			vertex 16.35283660888672 13.438130378723145 6.561870098114014
			vertex 15.779478073120117 14.294539451599121 6.513660430908203
			vertex 16.299095153808594 14.19932746887207 7.414066791534424
		endloop
	endfacet
	facet normal 0.7390907603059432 0.5649939275308816 -0.36677882965570946
		outer loop
			vertex 15.779478073120117 14.294539451599121 6.513660430908203
			vertex 15.69064712524414 14.983587265014648 7.396082401275635
			vertex 16.299095153808594 14.19932746887207 7.414066791534424
		endloop
	endfacet
	facet normal 0.8090925593312387 0.17108897876471432 -0.5622257480586187
		outer loop
			vertex 16.462081909179688 10.819387435913086 5.355638027191162
			vertex 16.147598266601562 11.696118354797363 5.169863224029541
			vertex 16.67693519592285 11.685107231140137 5.928275108337402
		endloop
	endfacet
	facet normal 0.794591766842913 0.25524865781084705 -0.5508829701045578
		outer loop
			vertex 16.147598266601562 11.696118354797363 5.169863224029541
			vertex 16.299095153808594 12.585932731628418 5.80067253112793
			vertex 16.67693519592285 11.685107231140137 5.928275108337402
		endloop
	endfacet
	facet normal 0.8332638801467642 0.1459354622819278 -0.5332674253049019
		outer loop
			vertex 16.462081909179688 10.819387435913086 5.355638027191162
			vertex 16.67693519592285 11.685107231140137 5.928275108337402
			vertex 16.92304229736328 10.816117286682129 6.0750226974487305
		endloop
	endfacet
	facet normal 0.869660919734972 0.16790400369792363 -0.4642177616463316
		outer loop
			vertex 16.67693519592285 11.685107231140137 5.928275108337402
			vertex 17.107582092285156 11.66767406463623 6.728739261627197
			vertex 16.92304229736328 10.816117286682129 6.0750226974487305
		endloop
	endfacet
	facet normal 0.885317511092749 0.14683626593903604 -0.4411938525836701
		outer loop
			vertex 16.92304229736328 10.816117286682129 6.0750226974487305
			vertex 17.107582092285156 11.66767406463623 6.728739261627197
			vertex 17.301023483276367 10.811439514160156 6.83193826675415
		endloop
	endfacet
	facet normal 0.8304520454268131 0.28011136728886776 -0.4815464901356709
		outer loop
			vertex 16.67693519592285 11.685107231140137 5.928275108337402
			vertex 16.299095153808594 12.585932731628418 5.80067253112793
			vertex 16.79505157470703 12.551711082458496 6.636068820953369
		endloop
	endfacet
	facet normal 0.8539854984695644 0.25432555531483886 -0.45390228058194254
		outer loop
			vertex 16.67693519592285 11.685107231140137 5.928275108337402
			vertex 16.79505157470703 12.551711082458496 6.636068820953369
			vertex 17.107582092285156 11.66767406463623 6.728739261627197
		endloop
	endfacet
	facet normal 0.8857741835465262 0.2738659907211202 -0.3747019013680399
		outer loop
			vertex 17.107582092285156 11.66767406463623 6.728739261627197
			vertex 16.79505157470703 12.551711082458496 6.636068820953369
			vertex 17.173307418823242 12.504362106323242 7.4956374168396
		endloop
	endfacet
	facet normal 0.9176620976405848 0.16367828156718287 -0.36208520364286617
		outer loop
			vertex 17.301023483276367 10.811439514160156 6.83193826675415
			vertex 17.107582092285156 11.66767406463623 6.728739261627197
			vertex 17.436555862426758 11.645045280456543 7.552255153656006
		endloop
	endfacet
	facet normal 0.9268246598303232 0.1476418010330052 -0.3452505590410191
		outer loop
			vertex 17.301023483276367 10.811439514160156 6.83193826675415
			vertex 17.436555862426758 11.645045280456543 7.552255153656006
			vertex 17.593338012695312 10.8056001663208 7.614159107208252
		endloop
	endfacet
	facet normal 0.9008716601676339 0.25272507363076935 -0.35293099759745306
		outer loop
			vertex 17.107582092285156 11.66767406463623 6.728739261627197
			vertex 17.173307418823242 12.504362106323242 7.4956374168396
			vertex 17.436555862426758 11.645045280456543 7.552255153656006
		endloop
	endfacet
	facet normal 0.8073900261528801 0.36391403576361225 -0.46442213582374814
		outer loop
			vertex 16.299095153808594 12.585932731628418 5.80067253112793
			vertex 16.35283660888672 13.438130378723145 6.561870098114014
			vertex 16.79505157470703 12.551711082458496 6.636068820953369
		endloop
	endfacet
	facet normal 0.8380508622317928 0.38579188192116537 -0.38579188192116537
		outer loop
			vertex 16.79505157470703 12.551711082458496 6.636068820953369
			vertex 16.35283660888672 13.438130378723145 6.561870098114014
			vertex 16.79505157470703 13.363930702209473 7.448288440704346
		endloop
	endfacet
	facet normal 0.8613302787972706 0.3592423630552334 -0.3592423630552334
		outer loop
			vertex 16.79505157470703 12.551711082458496 6.636068820953369
			vertex 16.79505157470703 13.363930702209473 7.448288440704346
			vertex 17.173307418823242 12.504362106323242 7.4956374168396
		endloop
	endfacet
	facet normal 0.80739014956729 0.46442194525811087 -0.36391400515009203
		outer loop
			vertex 16.35283660888672 13.438130378723145 6.561870098114014
			vertex 16.299095153808594 14.19932746887207 7.414066791534424
			vertex 16.79505157470703 13.363930702209473 7.448288440704346
		endloop
	endfacet
	facet normal 0.9529556015233888 0.1589497847892894 -0.2580902699456821
		outer loop
			vertex 17.593338012695312 10.8056001663208 7.614159107208252
			vertex 17.436555862426758 11.645045280456543 7.552255153656006
			vertex 17.665491104125977 11.618678092956543 8.381321907043457
		endloop
	endfacet
	facet normal 0.9576555007593724 0.14802308256073685 -0.2469516327027079
		outer loop
			vertex 17.593338012695312 10.8056001663208 7.614159107208252
			vertex 17.665491104125977 11.618678092956543 8.381321907043457
			vertex 17.799575805664062 10.7988920211792 8.40990924835205
		endloop
	endfacet
	facet normal 0.9759190937288628 0.15424318865907058 -0.15424318865907058
		outer loop
			vertex 17.799575805664062 10.7988920211792 8.40990924835205
			vertex 17.665491104125977 11.618678092956543 8.381321907043457
			vertex 17.799575805664062 11.59009075164795 9.2011079788208
		endloop
	endfacet
	facet normal 0.9779368067347741 0.14771527008639496 -0.14771527008639496
		outer loop
			vertex 17.799575805664062 10.7988920211792 8.40990924835205
			vertex 17.799575805664062 11.59009075164795 9.2011079788208
			vertex 17.92127799987793 10.791631698608398 9.208368301391602
		endloop
	endfacet
	facet normal 0.9576554664841219 0.2469517718884758 -0.14802307210101073
		outer loop
			vertex 17.665491104125977 11.618678092956543 8.381321907043457
			vertex 17.593338012695312 12.38584041595459 9.1943998336792
			vertex 17.799575805664062 11.59009075164795 9.2011079788208
		endloop
	endfacet
	facet normal 0.9263991289321734 0.2662560512811993 -0.26625620944844425
		outer loop
			vertex 17.436555862426758 11.645045280456543 7.552255153656006
			vertex 17.173307418823242 12.504362106323242 7.4956374168396
			vertex 17.436555862426758 12.447745323181152 8.354954719543457
		endloop
	endfacet
	facet normal 0.9352553040774806 0.2502972650299936 -0.25029741371705116
		outer loop
			vertex 17.436555862426758 11.645045280456543 7.552255153656006
			vertex 17.436555862426758 12.447745323181152 8.354954719543457
			vertex 17.665491104125977 11.618678092956543 8.381321907043457
		endloop
	endfacet
	facet normal 0.9008714809747697 0.3529313299280685 -0.2527252482866135
		outer loop
			vertex 17.173307418823242 12.504362106323242 7.4956374168396
			vertex 17.107582092285156 13.271260261535645 8.33232593536377
			vertex 17.436555862426758 12.447745323181152 8.354954719543457
		endloop
	endfacet
	facet normal 0.926824712594531 0.34525058162581707 -0.14764141699096442
		outer loop
			vertex 17.436555862426758 12.447745323181152 8.354954719543457
			vertex 17.301023483276367 13.168061256408691 9.188560485839844
			vertex 17.593338012695312 12.38584041595459 9.1943998336792
		endloop
	endfacet
	facet normal 0.9529556786745644 0.2580901513983372 -0.15894951473057045
		outer loop
			vertex 17.665491104125977 11.618678092956543 8.381321907043457
			vertex 17.436555862426758 12.447745323181152 8.354954719543457
			vertex 17.593338012695312 12.38584041595459 9.1943998336792
		endloop
	endfacet
	facet normal 0.9873048363574879 0.15001159693117133 -0.05220805389280506
		outer loop
			vertex 17.92127799987793 10.791631698608398 9.208368301391602
			vertex 17.799575805664062 11.59009075164795 9.2011079788208
			vertex 17.846282958984375 11.560722351074219 10
		endloop
	endfacet
	facet normal 0.9879990149726772 0.1465541962799744 -0.04878333696817435
		outer loop
			vertex 17.92127799987793 10.791631698608398 9.208368301391602
			vertex 17.846282958984375 11.560722351074219 10
			vertex 17.961477279663086 10.784136772155762 10
		endloop
	endfacet
	facet normal 0.968925827098854 0.2427034536324371 -0.04772604295025131
		outer loop
			vertex 17.799575805664062 11.59009075164795 9.2011079788208
			vertex 17.6555233001709 12.322277069091797 10
			vertex 17.846282958984375 11.560722351074219 10
		endloop
	endfacet
	facet normal 0.9879990149726772 0.1465541962799744 0.04878333696817435
		outer loop
			vertex 17.961477279663086 10.784136772155762 10
			vertex 17.846282958984375 11.560722351074219 10
			vertex 17.92127799987793 10.791631698608398 10.791631698608398
		endloop
	endfacet
	facet normal 0.9873048363574879 0.15001159693117133 0.05220805389280506
		outer loop
			vertex 17.92127799987793 10.791631698608398 10.791631698608398
			vertex 17.846282958984375 11.560722351074219 10
			vertex 17.799575805664062 11.59009075164795 10.7988920211792
		endloop
	endfacet
	facet normal 0.968925827098854 0.2427034536324371 0.04772604295025131
		outer loop
			vertex 17.846282958984375 11.560722351074219 10
			vertex 17.6555233001709 12.322277069091797 10
			vertex 17.799575805664062 11.59009075164795 10.7988920211792
		endloop
	endfacet
	facet normal 0.9405453193214692 0.3365323251008588 -0.04604884867926124
		outer loop
			vertex 17.593338012695312 12.38584041595459 9.1943998336792
			vertex 17.391036987304688 13.061467170715332 10
			vertex 17.6555233001709 12.322277069091797 10
		endloop
	endfacet
	facet normal 0.9666699413018713 0.2500732236296253 -0.054887224441796
		outer loop
			vertex 17.799575805664062 11.59009075164795 9.2011079788208
			vertex 17.593338012695312 12.38584041595459 9.1943998336792
			vertex 17.6555233001709 12.322277069091797 10
		endloop
	endfacet
	facet normal 0.9405453193214692 0.3365323251008588 0.04604884867926124
		outer loop
			vertex 17.6555233001709 12.322277069091797 10
			vertex 17.391036987304688 13.061467170715332 10
			vertex 17.593338012695312 12.38584041595459 10.8056001663208
		endloop
	endfacet
	facet normal 0.9666699413018713 0.2500732236296253 0.054887224441796
		outer loop
			vertex 17.799575805664062 11.59009075164795 10.7988920211792
			vertex 17.6555233001709 12.322277069091797 10
			vertex 17.593338012695312 12.38584041595459 10.8056001663208
		endloop
	endfacet
	facet normal 0.8857742168725282 0.37470192364998944 -0.2738658524476116
		outer loop
			vertex 16.79505157470703 13.363930702209473 7.448288440704346
			vertex 17.107582092285156 13.271260261535645 8.33232593536377
			vertex 17.173307418823242 12.504362106323242 7.4956374168396
		endloop
	endfacet
	facet normal 0.8539856260508948 0.45390208037865265 -0.25432548422521983
		outer loop
			vertex 16.79505157470703 13.363930702209473 7.448288440704346
			vertex 16.67693519592285 14.071724891662598 8.314892768859863
			vertex 17.107582092285156 13.271260261535645 8.33232593536377
		endloop
	endfacet
	facet normal 0.8853176153782487 0.44119362640615084 -0.1468363167597219
		outer loop
			vertex 16.92304229736328 13.92497730255127 9.183882713317871
			vertex 17.301023483276367 13.168061256408691 9.188560485839844
			vertex 17.107582092285156 13.271260261535645 8.33232593536377
		endloop
	endfacet
	facet normal 0.8304521791255839 0.48154629730488413 -0.28011130240946236
		outer loop
			vertex 16.79505157470703 13.363930702209473 7.448288440704346
			vertex 16.299095153808594 14.19932746887207 7.414066791534424
			vertex 16.67693519592285 14.071724891662598 8.314892768859863
		endloop
	endfacet
	facet normal 0.7945916514906955 0.5508832391688543 -0.2552484362030848
		outer loop
			vertex 16.299095153808594 14.19932746887207 7.414066791534424
			vertex 16.147598266601562 14.8301362991333 8.303881645202637
			vertex 16.67693519592285 14.071724891662598 8.314892768859863
		endloop
	endfacet
	facet normal 0.8332640300689088 0.5332671675086887 -0.14593554827587707
		outer loop
			vertex 16.92304229736328 13.92497730255127 9.183882713317871
			vertex 16.67693519592285 14.071724891662598 8.314892768859863
			vertex 16.462081909179688 14.644362449645996 9.180612564086914
		endloop
	endfacet
	facet normal 0.8696610249433586 0.46421754025012035 -0.1679040708815449
		outer loop
			vertex 16.92304229736328 13.92497730255127 9.183882713317871
			vertex 17.107582092285156 13.271260261535645 8.33232593536377
			vertex 16.67693519592285 14.071724891662598 8.314892768859863
		endloop
	endfacet
	facet normal 0.9176619654674871 0.3620855721981407 -0.1636782072858011
		outer loop
			vertex 17.436555862426758 12.447745323181152 8.354954719543457
			vertex 17.107582092285156 13.271260261535645 8.33232593536377
			vertex 17.301023483276367 13.168061256408691 9.188560485839844
		endloop
	endfacet
	facet normal 0.8931457316646203 0.44563424874906693 -0.0608343517358822
		outer loop
			vertex 16.92304229736328 13.92497730255127 9.183882713317871
			vertex 17.055370330810547 13.771173477172852 10
			vertex 17.301023483276367 13.168061256408691 9.188560485839844
		endloop
	endfacet
	facet normal 0.8931457316646203 0.44563424874906693 0.0608343517358822
		outer loop
			vertex 16.92304229736328 13.92497730255127 10.816117286682129
			vertex 17.301023483276367 13.168061256408691 10.811439514160156
			vertex 17.055370330810547 13.771173477172852 10
		endloop
	endfacet
	facet normal 0.840419035386736 0.5382275175835293 -0.06330074466781765
		outer loop
			vertex 16.92304229736328 13.92497730255127 9.183882713317871
			vertex 16.462081909179688 14.644362449645996 9.180612564086914
			vertex 16.651756286621094 14.444561958312988 10
		endloop
	endfacet
	facet normal 0.8569660260194454 0.5136463322167991 -0.042150630465854225
		outer loop
			vertex 16.92304229736328 13.92497730255127 9.183882713317871
			vertex 16.651756286621094 14.444561958312988 10
			vertex 17.055370330810547 13.771173477172852 10
		endloop
	endfacet
	facet normal 0.840419035386736 0.5382275175835293 0.06330074466781765
		outer loop
			vertex 16.92304229736328 13.92497730255127 10.816117286682129
			vertex 16.651756286621094 14.444561958312988 10
			vertex 16.462081909179688 14.644362449645996 10.819387435913086
		endloop
	endfacet
	facet normal 0.8569660260194454 0.5136463322167991 0.042150630465854225
		outer loop
			vertex 16.92304229736328 13.92497730255127 10.816117286682129
			vertex 17.055370330810547 13.771173477172852 10
			vertex 16.651756286621094 14.444561958312988 10
		endloop
	endfacet
	facet normal 0.935299876356714 0.3490876941862753 -0.057895794793968
		outer loop
			vertex 17.593338012695312 12.38584041595459 9.1943998336792
			vertex 17.301023483276367 13.168061256408691 9.188560485839844
			vertex 17.391036987304688 13.061467170715332 10
		endloop
	endfacet
	facet normal 0.9031106685172544 0.4271402632146683 -0.04407171373139482
		outer loop
			vertex 17.301023483276367 13.168061256408691 9.188560485839844
			vertex 17.055370330810547 13.771173477172852 10
			vertex 17.391036987304688 13.061467170715332 10
		endloop
	endfacet
	facet normal 0.935299876356714 0.3490876941862753 0.057895794793968
		outer loop
			vertex 17.593338012695312 12.38584041595459 10.8056001663208
			vertex 17.391036987304688 13.061467170715332 10
			vertex 17.301023483276367 13.168061256408691 10.811439514160156
		endloop
	endfacet
	facet normal 0.9031106685172544 0.4271402632146683 0.04407171373139482
		outer loop
			vertex 17.391036987304688 13.061467170715332 10
			vertex 17.055370330810547 13.771173477172852 10
			vertex 17.301023483276367 13.168061256408691 10.811439514160156
		endloop
	endfacet
	facet normal 0.5773502691896257 0.5773502691896257 -0.5773502691896257
		outer loop
			vertex 14.3456392288208 14.3456392288208 4.878395080566406
			vertex 14.3456392288208 15.121604919433594 5.654360771179199
			vertex 15.121604919433594 14.3456392288208 5.654360771179199
		endloop
	endfacet
	facet normal 0.6087607519728072 0.6087607519728072 -0.5087442321196427
		outer loop
			vertex 14.3456392288208 15.121604919433594 5.654360771179199
			vertex 15.085686683654785 15.085686683654785 6.496918201446533
			vertex 15.121604919433594 14.3456392288208 5.654360771179199
		endloop
	endfacet
	facet normal 0.5741645982025867 0.6662182573339465 -0.47590781435671103
		outer loop
			vertex 14.3456392288208 15.121604919433594 5.654360771179199
			vertex 14.294539451599121 15.779478073120117 6.513660430908203
			vertex 15.085686683654785 15.085686683654785 6.496918201446533
		endloop
	endfacet
	facet normal 0.6662182573339465 0.5741645982025867 -0.47590781435671103
		outer loop
			vertex 15.121604919433594 14.3456392288208 5.654360771179199
			vertex 15.085686683654785 15.085686683654785 6.496918201446533
			vertex 15.779478073120117 14.294539451599121 6.513660430908203
		endloop
	endfacet
	facet normal 0.6575582957586706 0.6575582957586706 -0.36774199564083687
		outer loop
			vertex 14.983587265014648 15.69064712524414 7.396082401275635
			vertex 15.69064712524414 14.983587265014648 7.396082401275635
			vertex 15.085686683654785 15.085686683654785 6.496918201446533
		endloop
	endfacet
	facet normal 0.5999045047308018 0.693704738865057 -0.39860797844480567
		outer loop
			vertex 14.294539451599121 15.779478073120117 6.513660430908203
			vertex 14.983587265014648 15.69064712524414 7.396082401275635
			vertex 15.085686683654785 15.085686683654785 6.496918201446533
		endloop
	endfacet
	facet normal 0.693704738865057 0.5999045047308018 -0.39860797844480567
		outer loop
			vertex 15.779478073120117 14.294539451599121 6.513660430908203
			vertex 15.085686683654785 15.085686683654785 6.496918201446533
			vertex 15.69064712524414 14.983587265014648 7.396082401275635
		endloop
	endfacet
	facet normal 0.5836190976971379 0.7606578227158206 -0.2842330479455298
		outer loop
			vertex 14.983587265014648 15.69064712524414 7.396082401275635
			vertex 14.19932746887207 16.299095153808594 7.414066791534424
			vertex 14.8301362991333 16.147598266601562 8.303881645202637
		endloop
	endfacet
	facet normal 0.6414480886480649 0.7233133899651113 -0.25566010534872885
		outer loop
			vertex 14.983587265014648 15.69064712524414 7.396082401275635
			vertex 14.8301362991333 16.147598266601562 8.303881645202637
			vertex 15.52767562866211 15.52767562866211 8.300114631652832
		endloop
	endfacet
	facet normal 0.6199106242567405 0.7711129753824935 -0.14524323437040518
		outer loop
			vertex 15.314181327819824 15.923286437988281 9.178930282592773
			vertex 14.8301362991333 16.147598266601562 8.303881645202637
			vertex 14.644362449645996 16.462081909179688 9.180612564086914
		endloop
	endfacet
	facet normal 0.6537815058537261 0.7366875164187978 -0.17280406753412372
		outer loop
			vertex 15.52767562866211 15.52767562866211 8.300114631652832
			vertex 14.8301362991333 16.147598266601562 8.303881645202637
			vertex 15.314181327819824 15.923286437988281 9.178930282592773
		endloop
	endfacet
	facet normal 0.7233133899651113 0.6414480886480649 -0.25566010534872885
		outer loop
			vertex 15.69064712524414 14.983587265014648 7.396082401275635
			vertex 15.52767562866211 15.52767562866211 8.300114631652832
			vertex 16.147598266601562 14.8301362991333 8.303881645202637
		endloop
	endfacet
	facet normal 0.7606578227158206 0.5836190976971379 -0.2842330479455298
		outer loop
			vertex 15.69064712524414 14.983587265014648 7.396082401275635
			vertex 16.147598266601562 14.8301362991333 8.303881645202637
			vertex 16.299095153808594 14.19932746887207 7.414066791534424
		endloop
	endfacet
	facet normal 0.7711129753824935 0.6199106242567405 -0.14524323437040518
		outer loop
			vertex 15.923286437988281 15.314181327819824 9.178930282592773
			vertex 16.462081909179688 14.644362449645996 9.180612564086914
			vertex 16.147598266601562 14.8301362991333 8.303881645202637
		endloop
	endfacet
	facet normal 0.7366875164187978 0.6537815058537261 -0.17280406753412372
		outer loop
			vertex 15.52767562866211 15.52767562866211 8.300114631652832
			vertex 15.923286437988281 15.314181327819824 9.178930282592773
			vertex 16.147598266601562 14.8301362991333 8.303881645202637
		endloop
	endfacet
	facet normal 0.6776391391609672 0.6776391391609672 -0.2856753299715726
		outer loop
			vertex 14.983587265014648 15.69064712524414 7.396082401275635
			vertex 15.52767562866211 15.52767562866211 8.300114631652832
			vertex 15.69064712524414 14.983587265014648 7.396082401275635
		endloop
	endfacet
	facet normal 0.699635379397854 0.699635379397854 -0.14498507436850847
		outer loop
			vertex 15.52767562866211 15.52767562866211 8.300114631652832
			vertex 15.314181327819824 15.923286437988281 9.178930282592773
			vertex 15.923286437988281 15.314181327819824 9.178930282592773
		endloop
	endfacet
	facet normal 0.6253563217828376 0.7776322272232181 -0.06494297490951136
		outer loop
			vertex 15.314181327819824 15.923286437988281 9.178930282592773
			vertex 14.644362449645996 16.462081909179688 9.180612564086914
			vertex 15.075146675109863 16.184083938598633 10
		endloop
	endfacet
	facet normal 0.6710265662037662 0.7403637932394188 -0.03980956052158617
		outer loop
			vertex 15.314181327819824 15.923286437988281 9.178930282592773
			vertex 15.075146675109863 16.184083938598633 10
			vertex 15.656854629516602 15.656854629516602 10
		endloop
	endfacet
	facet normal 0.6253563217828376 0.7776322272232181 0.06494297490951136
		outer loop
			vertex 15.314181327819824 15.923286437988281 10.821069717407227
			vertex 15.075146675109863 16.184083938598633 10
			vertex 14.644362449645996 16.462081909179688 10.819387435913086
		endloop
	endfacet
	facet normal 0.6710265662037662 0.7403637932394188 0.03980956052158617
		outer loop
			vertex 15.314181327819824 15.923286437988281 10.821069717407227
			vertex 15.656854629516602 15.656854629516602 10
			vertex 15.075146675109863 16.184083938598633 10
		endloop
	endfacet
	facet normal 0.7776322272232181 0.6253563217828376 -0.06494297490951136
		outer loop
			vertex 15.923286437988281 15.314181327819824 9.178930282592773
			vertex 16.184083938598633 15.075146675109863 10
			vertex 16.462081909179688 14.644362449645996 9.180612564086914
		endloop
	endfacet
	facet normal 0.7403637932394188 0.6710265662037662 -0.03980956052158617
		outer loop
			vertex 15.923286437988281 15.314181327819824 9.178930282592773
			vertex 15.656854629516602 15.656854629516602 10
			vertex 16.184083938598633 15.075146675109863 10
		endloop
	endfacet
	facet normal 0.7403637932394188 0.6710265662037662 0.03980956052158617
		outer loop
			vertex 15.923286437988281 15.314181327819824 10.821069717407227
			vertex 16.184083938598633 15.075146675109863 10
			vertex 15.656854629516602 15.656854629516602 10
		endloop
	endfacet
	facet normal 0.7776322272232181 0.6253563217828376 0.06494297490951136
		outer loop
			vertex 15.923286437988281 15.314181327819824 10.821069717407227
			vertex 16.462081909179688 14.644362449645996 10.819387435913086
			vertex 16.184083938598633 15.075146675109863 10
		endloop
	endfacet
	facet normal 0.705587471645147 0.705587471645147 -0.0655182395582938
		outer loop
			vertex 15.314181327819824 15.923286437988281 9.178930282592773
			vertex 15.656854629516602 15.656854629516602 10
			vertex 15.923286437988281 15.314181327819824 9.178930282592773
		endloop
	endfacet
	facet normal 0.705587471645147 0.705587471645147 0.0655182395582938
		outer loop
			vertex 15.314181327819824 15.923286437988281 10.821069717407227
			vertex 15.923286437988281 15.314181327819824 10.821069717407227
			vertex 15.656854629516602 15.656854629516602 10
		endloop
	endfacet
	facet normal 0.5622259326837393 0.8090923275687587 -0.17108946807816092
		outer loop
			vertex 14.071724891662598 16.67693519592285 8.314892768859863
			vertex 14.644362449645996 16.462081909179688 9.180612564086914
			vertex 14.8301362991333 16.147598266601562 8.303881645202637
		endloop
	endfacet
	facet normal 0.5952062313936063 0.8025446756605044 -0.040639705697712414
		outer loop
			vertex 14.644362449645996 16.462081909179688 9.180612564086914
			vertex 14.444561958312988 16.651756286621094 10
			vertex 15.075146675109863 16.184083938598633 10
		endloop
	endfacet
	facet normal 0.5952062313936063 0.8025446756605044 0.040639705697712414
		outer loop
			vertex 14.444561958312988 16.651756286621094 10
			vertex 14.644362449645996 16.462081909179688 10.819387435913086
			vertex 15.075146675109863 16.184083938598633 10
		endloop
	endfacet
	facet normal 0.8090923275687587 0.5622259326837393 -0.17108946807816092
		outer loop
			vertex 16.147598266601562 14.8301362991333 8.303881645202637
			vertex 16.462081909179688 14.644362449645996 9.180612564086914
			vertex 16.67693519592285 14.071724891662598 8.314892768859863
		endloop
	endfacet
	facet normal 0.8025446756605044 0.5952062313936063 -0.040639705697712414
		outer loop
			vertex 16.462081909179688 14.644362449645996 9.180612564086914
			vertex 16.184083938598633 15.075146675109863 10
			vertex 16.651756286621094 14.444561958312988 10
		endloop
	endfacet
	facet normal 0.8025446756605044 0.5952062313936063 0.040639705697712414
		outer loop
			vertex 16.462081909179688 14.644362449645996 10.819387435913086
			vertex 16.651756286621094 14.444561958312988 10
			vertex 16.184083938598633 15.075146675109863 10
		endloop
	endfacet
	facet normal 0.14771527008639496 0.14771527008639496 0.9779368067347741
		outer loop
			vertex 10.791631698608398 10.791631698608398 17.92127799987793
			vertex 11.59009075164795 10.7988920211792 17.799575805664062
			vertex 10.7988920211792 11.59009075164795 17.799575805664062
		endloop
	endfacet
	facet normal 0.15424318865907058 0.15424318865907058 0.9759190937288628
		outer loop
			vertex 10.7988920211792 11.59009075164795 17.799575805664062
			vertex 11.59009075164795 10.7988920211792 17.799575805664062
			vertex 11.618678092956543 11.618678092956543 17.665491104125977
		endloop
	endfacet
	facet normal 0.14802307210101073 0.2469517718884758 0.9576554664841219
		outer loop
			vertex 10.7988920211792 11.59009075164795 17.799575805664062
			vertex 11.618678092956543 11.618678092956543 17.665491104125977
			vertex 10.8056001663208 12.38584041595459 17.593338012695312
		endloop
	endfacet
	facet normal 0.2469517718884758 0.14802307210101073 0.9576554664841219
		outer loop
			vertex 11.59009075164795 10.7988920211792 17.799575805664062
			vertex 12.38584041595459 10.8056001663208 17.593338012695312
			vertex 11.618678092956543 11.618678092956543 17.665491104125977
		endloop
	endfacet
	facet normal 0.15894951473057045 0.25809015139833713 0.9529556786745644
		outer loop
			vertex 11.618678092956543 11.618678092956543 17.665491104125977
			vertex 11.645045280456543 12.447745323181152 17.436555862426758
			vertex 10.8056001663208 12.38584041595459 17.593338012695312
		endloop
	endfacet
	facet normal 0.14764141699096445 0.3452505816258171 0.9268247125945313
		outer loop
			vertex 10.8056001663208 12.38584041595459 17.593338012695312
			vertex 11.645045280456543 12.447745323181152 17.436555862426758
			vertex 10.811439514160156 13.168061256408691 17.301023483276367
		endloop
	endfacet
	facet normal 0.25809015139833713 0.15894951473057045 0.9529556786745644
		outer loop
			vertex 11.618678092956543 11.618678092956543 17.665491104125977
			vertex 12.38584041595459 10.8056001663208 17.593338012695312
			vertex 12.447745323181152 11.645045280456543 17.436555862426758
		endloop
	endfacet
	facet normal 0.3452505816258171 0.14764141699096445 0.9268247125945313
		outer loop
			vertex 12.38584041595459 10.8056001663208 17.593338012695312
			vertex 13.168061256408691 10.811439514160156 17.301023483276367
			vertex 12.447745323181152 11.645045280456543 17.436555862426758
		endloop
	endfacet
	facet normal 0.25029727835381643 0.25029727835381643 0.9352553367382322
		outer loop
			vertex 11.618678092956543 11.618678092956543 17.665491104125977
			vertex 12.447745323181152 11.645045280456543 17.436555862426758
			vertex 11.645045280456543 12.447745323181152 17.436555862426758
		endloop
	endfacet
	facet normal 0.266256308805271 0.266256308805271 0.926399026361095
		outer loop
			vertex 11.645045280456543 12.447745323181152 17.436555862426758
			vertex 12.447745323181152 11.645045280456543 17.436555862426758
			vertex 12.504362106323242 12.504362106323242 17.173307418823242
		endloop
	endfacet
	facet normal 0.2527253801499479 0.3529313140172844 0.9008714502158993
		outer loop
			vertex 11.645045280456543 12.447745323181152 17.436555862426758
			vertex 12.504362106323242 12.504362106323242 17.173307418823242
			vertex 11.66767406463623 13.271260261535645 17.107582092285156
		endloop
	endfacet
	facet normal 0.3529313140172844 0.2527253801499479 0.9008714502158993
		outer loop
			vertex 12.447745323181152 11.645045280456543 17.436555862426758
			vertex 13.271260261535645 11.66767406463623 17.107582092285156
			vertex 12.504362106323242 12.504362106323242 17.173307418823242
		endloop
	endfacet
	facet normal 0.1468363167597219 0.44119362640615084 0.8853176153782487
		outer loop
			vertex 10.816117286682129 13.92497730255127 16.92304229736328
			vertex 10.811439514160156 13.168061256408691 17.301023483276367
			vertex 11.66767406463623 13.271260261535645 17.107582092285156
		endloop
	endfacet
	facet normal 0.1636782072858011 0.3620855721981407 0.9176619654674871
		outer loop
			vertex 10.811439514160156 13.168061256408691 17.301023483276367
			vertex 11.645045280456543 12.447745323181152 17.436555862426758
			vertex 11.66767406463623 13.271260261535645 17.107582092285156
		endloop
	endfacet
	facet normal 0.1679040708815449 0.46421754025012035 0.8696610249433586
		outer loop
			vertex 10.816117286682129 13.92497730255127 16.92304229736328
			vertex 11.66767406463623 13.271260261535645 17.107582092285156
			vertex 11.685107231140137 14.071724891662598 16.67693519592285
		endloop
	endfacet
	facet normal 0.14593554827587707 0.5332671675086887 0.8332640300689088
		outer loop
			vertex 10.816117286682129 13.92497730255127 16.92304229736328
			vertex 11.685107231140137 14.071724891662598 16.67693519592285
			vertex 10.819387435913086 14.644362449645996 16.462081909179688
		endloop
	endfacet
	facet normal 0.2738659907211202 0.3747019013680399 0.8857741835465262
		outer loop
			vertex 11.66767406463623 13.271260261535645 17.107582092285156
			vertex 12.504362106323242 12.504362106323242 17.173307418823242
			vertex 12.551711082458496 13.363930702209473 16.79505157470703
		endloop
	endfacet
	facet normal 0.2543256131711029 0.4539020621290484 0.8539855973493582
		outer loop
			vertex 11.66767406463623 13.271260261535645 17.107582092285156
			vertex 12.551711082458496 13.363930702209473 16.79505157470703
			vertex 11.685107231140137 14.071724891662598 16.67693519592285
		endloop
	endfacet
	facet normal 0.28011144066953536 0.48154627249552956 0.8304521468764462
		outer loop
			vertex 12.551711082458496 13.363930702209473 16.79505157470703
			vertex 12.585932731628418 14.19932746887207 16.299095153808594
			vertex 11.685107231140137 14.071724891662598 16.67693519592285
		endloop
	endfacet
	facet normal 0.25524856304858035 0.5508832187622277 0.7945916248915558
		outer loop
			vertex 11.685107231140137 14.071724891662598 16.67693519592285
			vertex 12.585932731628418 14.19932746887207 16.299095153808594
			vertex 11.696118354797363 14.8301362991333 16.147598266601562
		endloop
	endfacet
	facet normal 0.44119362640615084 0.1468363167597219 0.8853176153782487
		outer loop
			vertex 13.92497730255127 10.816117286682129 16.92304229736328
			vertex 13.271260261535645 11.66767406463623 17.107582092285156
			vertex 13.168061256408691 10.811439514160156 17.301023483276367
		endloop
	endfacet
	facet normal 0.3620855721981407 0.1636782072858011 0.9176619654674871
		outer loop
			vertex 12.447745323181152 11.645045280456543 17.436555862426758
			vertex 13.168061256408691 10.811439514160156 17.301023483276367
			vertex 13.271260261535645 11.66767406463623 17.107582092285156
		endloop
	endfacet
	facet normal 0.3747019013680399 0.2738659907211202 0.8857741835465262
		outer loop
			vertex 13.271260261535645 11.66767406463623 17.107582092285156
			vertex 13.363930702209473 12.551711082458496 16.79505157470703
			vertex 12.504362106323242 12.504362106323242 17.173307418823242
		endloop
	endfacet
	facet normal 0.4539020621290484 0.2543256131711029 0.8539855973493582
		outer loop
			vertex 13.271260261535645 11.66767406463623 17.107582092285156
			vertex 14.071724891662598 11.685107231140137 16.67693519592285
			vertex 13.363930702209473 12.551711082458496 16.79505157470703
		endloop
	endfacet
	facet normal 0.46421754025012035 0.1679040708815449 0.8696610249433586
		outer loop
			vertex 13.92497730255127 10.816117286682129 16.92304229736328
			vertex 14.071724891662598 11.685107231140137 16.67693519592285
			vertex 13.271260261535645 11.66767406463623 17.107582092285156
		endloop
	endfacet
	facet normal 0.5332671675086887 0.14593554827587707 0.8332640300689088
		outer loop
			vertex 13.92497730255127 10.816117286682129 16.92304229736328
			vertex 14.644362449645996 10.819387435913086 16.462081909179688
			vertex 14.071724891662598 11.685107231140137 16.67693519592285
		endloop
	endfacet
	facet normal 0.48154627249552956 0.28011144066953536 0.8304521468764462
		outer loop
			vertex 13.363930702209473 12.551711082458496 16.79505157470703
			vertex 14.071724891662598 11.685107231140137 16.67693519592285
			vertex 14.19932746887207 12.585932731628418 16.299095153808594
		endloop
	endfacet
	facet normal 0.5508832187622277 0.25524856304858035 0.7945916248915558
		outer loop
			vertex 14.071724891662598 11.685107231140137 16.67693519592285
			vertex 14.8301362991333 11.696118354797363 16.147598266601562
			vertex 14.19932746887207 12.585932731628418 16.299095153808594
		endloop
	endfacet
	facet normal 0.39412277218685593 0.4958716505325626 0.7738078228099404
		outer loop
			vertex 13.438130378723145 13.438130378723145 16.35283660888672
			vertex 13.486339569091797 14.294539451599121 15.779478073120117
			vertex 12.585932731628418 14.19932746887207 16.299095153808594
		endloop
	endfacet
	facet normal 0.36677866021344757 0.5649939709200809 0.7390908112241603
		outer loop
			vertex 12.603917121887207 14.983587265014648 15.69064712524414
			vertex 12.585932731628418 14.19932746887207 16.299095153808594
			vertex 13.486339569091797 14.294539451599121 15.779478073120117
		endloop
	endfacet
	facet normal 0.4958716505325626 0.39412277218685593 0.7738078228099404
		outer loop
			vertex 13.438130378723145 13.438130378723145 16.35283660888672
			vertex 14.19932746887207 12.585932731628418 16.299095153808594
			vertex 14.294539451599121 13.486339569091797 15.779478073120117
		endloop
	endfacet
	facet normal 0.5649939709200809 0.36677866021344757 0.7390908112241603
		outer loop
			vertex 14.983587265014648 12.603917121887207 15.69064712524414
			vertex 14.294539451599121 13.486339569091797 15.779478073120117
			vertex 14.19932746887207 12.585932731628418 16.299095153808594
		endloop
	endfacet
	facet normal 0.5053956064370707 0.5053956064370707 0.6993929953811456
		outer loop
			vertex 13.486339569091797 14.294539451599121 15.779478073120117
			vertex 14.294539451599121 13.486339569091797 15.779478073120117
			vertex 14.3456392288208 14.3456392288208 15.121604919433594
		endloop
	endfacet
	facet normal 0.4719656989716028 0.4719656989716028 0.7446453907656267
		outer loop
			vertex 13.438130378723145 13.438130378723145 16.35283660888672
			vertex 14.294539451599121 13.486339569091797 15.779478073120117
			vertex 13.486339569091797 14.294539451599121 15.779478073120117
		endloop
	endfacet
	facet normal 0.385791612926939 0.385791612926939 0.8380511098915517
		outer loop
			vertex 12.551711082458496 13.363930702209473 16.79505157470703
			vertex 13.363930702209473 12.551711082458496 16.79505157470703
			vertex 13.438130378723145 13.438130378723145 16.35283660888672
		endloop
	endfacet
	facet normal 0.3592423630552334 0.3592423630552334 0.8613302787972706
		outer loop
			vertex 12.504362106323242 12.504362106323242 17.173307418823242
			vertex 13.363930702209473 12.551711082458496 16.79505157470703
			vertex 12.551711082458496 13.363930702209473 16.79505157470703
		endloop
	endfacet
	facet normal 0.36391366158711325 0.46442202427989454 0.8073902589665207
		outer loop
			vertex 12.551711082458496 13.363930702209473 16.79505157470703
			vertex 13.438130378723145 13.438130378723145 16.35283660888672
			vertex 12.585932731628418 14.19932746887207 16.299095153808594
		endloop
	endfacet
	facet normal 0.46442202427989454 0.36391366158711325 0.8073902589665207
		outer loop
			vertex 13.363930702209473 12.551711082458496 16.79505157470703
			vertex 14.19932746887207 12.585932731628418 16.299095153808594
			vertex 13.438130378723145 13.438130378723145 16.35283660888672
		endloop
	endfacet
	facet normal 0.14771527008639496 0.9779368067347741 0.14771527008639496
		outer loop
			vertex 10.791631698608398 17.92127799987793 10.791631698608398
			vertex 10.7988920211792 17.799575805664062 11.59009075164795
			vertex 11.59009075164795 17.799575805664062 10.7988920211792
		endloop
	endfacet
	facet normal 0.15424318865907058 0.9759190937288628 0.15424318865907058
		outer loop
			vertex 10.7988920211792 17.799575805664062 11.59009075164795
			vertex 11.618678092956543 17.665491104125977 11.618678092956543
			vertex 11.59009075164795 17.799575805664062 10.7988920211792
		endloop
	endfacet
	facet normal 0.14802307210101073 0.9576554664841219 0.2469517718884758
		outer loop
			vertex 10.7988920211792 17.799575805664062 11.59009075164795
			vertex 10.8056001663208 17.593338012695312 12.38584041595459
			vertex 11.618678092956543 17.665491104125977 11.618678092956543
		endloop
	endfacet
	facet normal 0.2469517718884758 0.9576554664841219 0.14802307210101073
		outer loop
			vertex 11.59009075164795 17.799575805664062 10.7988920211792
			vertex 11.618678092956543 17.665491104125977 11.618678092956543
			vertex 12.38584041595459 17.593338012695312 10.8056001663208
		endloop
	endfacet
	facet normal 0.14764141699096442 0.926824712594531 0.34525058162581707
		outer loop
			vertex 10.8056001663208 17.593338012695312 12.38584041595459
			vertex 10.811439514160156 17.301023483276367 13.168061256408691
			vertex 11.645045280456543 17.436555862426758 12.447745323181152
		endloop
	endfacet
	facet normal 0.15894951473057045 0.9529556786745644 0.25809015139833713
		outer loop
			vertex 11.618678092956543 17.665491104125977 11.618678092956543
			vertex 10.8056001663208 17.593338012695312 12.38584041595459
			vertex 11.645045280456543 17.436555862426758 12.447745323181152
		endloop
	endfacet
	facet normal 0.2580901513983372 0.9529556786745644 0.15894951473057045
		outer loop
			vertex 11.618678092956543 17.665491104125977 11.618678092956543
			vertex 12.447745323181152 17.436555862426758 11.645045280456543
			vertex 12.38584041595459 17.593338012695312 10.8056001663208
		endloop
	endfacet
	facet normal 0.34525058162581707 0.926824712594531 0.14764141699096442
		outer loop
			vertex 12.38584041595459 17.593338012695312 10.8056001663208
			vertex 12.447745323181152 17.436555862426758 11.645045280456543
			vertex 13.168061256408691 17.301023483276367 10.811439514160156
		endloop
	endfacet
	facet normal 0.25029727835381643 0.9352553367382322 0.25029727835381643
		outer loop
			vertex 11.618678092956543 17.665491104125977 11.618678092956543
			vertex 11.645045280456543 17.436555862426758 12.447745323181152
			vertex 12.447745323181152 17.436555862426758 11.645045280456543
		endloop
	endfacet
	facet normal 0.266256308805271 0.926399026361095 0.266256308805271
		outer loop
			vertex 11.645045280456543 17.436555862426758 12.447745323181152
			vertex 12.504362106323242 17.173307418823242 12.504362106323242
			vertex 12.447745323181152 17.436555862426758 11.645045280456543
		endloop
	endfacet
	facet normal 0.2527253801499479 0.9008714502158994 0.3529313140172844
		outer loop
			vertex 11.645045280456543 17.436555862426758 12.447745323181152
			vertex 11.66767406463623 17.107582092285156 13.271260261535645
			vertex 12.504362106323242 17.173307418823242 12.504362106323242
		endloop
	endfacet
	facet normal 0.3529313140172844 0.9008714502158993 0.2527253801499479
		outer loop
			vertex 12.447745323181152 17.436555862426758 11.645045280456543
			vertex 12.504362106323242 17.173307418823242 12.504362106323242
			vertex 13.271260261535645 17.107582092285156 11.66767406463623
		endloop
	endfacet
	facet normal 0.1468363167597219 0.8853176153782487 0.44119362640615084
		outer loop
			vertex 10.816117286682129 16.92304229736328 13.92497730255127
			vertex 11.66767406463623 17.107582092285156 13.271260261535645
			vertex 10.811439514160156 17.301023483276367 13.168061256408691
		endloop
	endfacet
	facet normal 0.14593554827587707 0.8332640300689088 0.5332671675086887
		outer loop
			vertex 10.816117286682129 16.92304229736328 13.92497730255127
			vertex 10.819387435913086 16.462081909179688 14.644362449645996
			vertex 11.685107231140137 16.67693519592285 14.071724891662598
		endloop
	endfacet
	facet normal 0.1679040708815449 0.8696610249433586 0.46421754025012035
		outer loop
			vertex 10.816117286682129 16.92304229736328 13.92497730255127
			vertex 11.685107231140137 16.67693519592285 14.071724891662598
			vertex 11.66767406463623 17.107582092285156 13.271260261535645
		endloop
	endfacet
	facet normal 0.1636782072858011 0.9176619654674871 0.3620855721981407
		outer loop
			vertex 10.811439514160156 17.301023483276367 13.168061256408691
			vertex 11.66767406463623 17.107582092285156 13.271260261535645
			vertex 11.645045280456543 17.436555862426758 12.447745323181152
		endloop
	endfacet
	facet normal 0.2738659907211202 0.8857741835465262 0.3747019013680399
		outer loop
			vertex 11.66767406463623 17.107582092285156 13.271260261535645
			vertex 12.551711082458496 16.79505157470703 13.363930702209473
			vertex 12.504362106323242 17.173307418823242 12.504362106323242
		endloop
	endfacet
	facet normal 0.2543256131711029 0.8539855973493582 0.4539020621290484
		outer loop
			vertex 11.66767406463623 17.107582092285156 13.271260261535645
			vertex 11.685107231140137 16.67693519592285 14.071724891662598
			vertex 12.551711082458496 16.79505157470703 13.363930702209473
		endloop
	endfacet
	facet normal 0.28011144066953536 0.8304521468764462 0.48154627249552956
		outer loop
			vertex 12.551711082458496 16.79505157470703 13.363930702209473
			vertex 11.685107231140137 16.67693519592285 14.071724891662598
			vertex 12.585932731628418 16.299095153808594 14.19932746887207
		endloop
	endfacet
	facet normal 0.25524856304858035 0.7945916248915558 0.5508832187622277
		outer loop
			vertex 11.696118354797363 16.147598266601562 14.8301362991333
			vertex 12.585932731628418 16.299095153808594 14.19932746887207
			vertex 11.685107231140137 16.67693519592285 14.071724891662598
		endloop
	endfacet
	facet normal 0.39412277218685593 0.7738078228099404 0.4958716505325626
		outer loop
			vertex 13.438130378723145 16.35283660888672 13.438130378723145
			vertex 12.585932731628418 16.299095153808594 14.19932746887207
			vertex 13.486339569091797 15.779478073120117 14.294539451599121
		endloop
	endfacet
	facet normal 0.36677866021344757 0.7390908112241603 0.5649939709200809
		outer loop
			vertex 12.603917121887207 15.69064712524414 14.983587265014648
			vertex 13.486339569091797 15.779478073120117 14.294539451599121
			vertex 12.585932731628418 16.299095153808594 14.19932746887207
		endloop
	endfacet
	facet normal 0.4958716505325626 0.7738078228099404 0.39412277218685593
		outer loop
			vertex 13.438130378723145 16.35283660888672 13.438130378723145
			vertex 14.294539451599121 15.779478073120117 13.486339569091797
			vertex 14.19932746887207 16.299095153808594 12.585932731628418
		endloop
	endfacet
	facet normal 0.5649939709200809 0.7390908112241603 0.36677866021344757
		outer loop
			vertex 14.983587265014648 15.69064712524414 12.603917121887207
			vertex 14.19932746887207 16.299095153808594 12.585932731628418
			vertex 14.294539451599121 15.779478073120117 13.486339569091797
		endloop
	endfacet
	facet normal 0.5053956064370707 0.6993929953811456 0.5053956064370707
		outer loop
			vertex 13.486339569091797 15.779478073120117 14.294539451599121
			vertex 14.3456392288208 15.121604919433594 14.3456392288208
			vertex 14.294539451599121 15.779478073120117 13.486339569091797
		endloop
	endfacet
	facet normal 0.4719656989716028 0.7446453907656269 0.4719656989716028
		outer loop
			vertex 13.438130378723145 16.35283660888672 13.438130378723145
			vertex 13.486339569091797 15.779478073120117 14.294539451599121
			vertex 14.294539451599121 15.779478073120117 13.486339569091797
		endloop
	endfacet
	facet normal 0.44119362640615084 0.8853176153782487 0.1468363167597219
		outer loop
			vertex 13.92497730255127 16.92304229736328 10.816117286682129
			vertex 13.168061256408691 17.301023483276367 10.811439514160156
			vertex 13.271260261535645 17.107582092285156 11.66767406463623
		endloop
	endfacet
	facet normal 0.3747019013680399 0.8857741835465262 0.2738659907211202
		outer loop
			vertex 13.271260261535645 17.107582092285156 11.66767406463623
			vertex 12.504362106323242 17.173307418823242 12.504362106323242
			vertex 13.363930702209473 16.79505157470703 12.551711082458496
		endloop
	endfacet
	facet normal 0.4539020621290484 0.8539855973493582 0.2543256131711029
		outer loop
			vertex 13.271260261535645 17.107582092285156 11.66767406463623
			vertex 13.363930702209473 16.79505157470703 12.551711082458496
			vertex 14.071724891662598 16.67693519592285 11.685107231140137
		endloop
	endfacet
	facet normal 0.3620855721981407 0.9176619654674871 0.1636782072858011
		outer loop
			vertex 12.447745323181152 17.436555862426758 11.645045280456543
			vertex 13.271260261535645 17.107582092285156 11.66767406463623
			vertex 13.168061256408691 17.301023483276367 10.811439514160156
		endloop
	endfacet
	facet normal 0.46421754025012035 0.8696610249433586 0.1679040708815449
		outer loop
			vertex 13.92497730255127 16.92304229736328 10.816117286682129
			vertex 13.271260261535645 17.107582092285156 11.66767406463623
			vertex 14.071724891662598 16.67693519592285 11.685107231140137
		endloop
	endfacet
	facet normal 0.5332671675086887 0.8332640300689088 0.14593554827587707
		outer loop
			vertex 13.92497730255127 16.92304229736328 10.816117286682129
			vertex 14.071724891662598 16.67693519592285 11.685107231140137
			vertex 14.644362449645996 16.462081909179688 10.819387435913086
		endloop
	endfacet
	facet normal 0.48154627249552956 0.8304521468764462 0.28011144066953536
		outer loop
			vertex 13.363930702209473 16.79505157470703 12.551711082458496
			vertex 14.19932746887207 16.299095153808594 12.585932731628418
			vertex 14.071724891662598 16.67693519592285 11.685107231140137
		endloop
	endfacet
	facet normal 0.5508832187622277 0.7945916248915558 0.25524856304858035
		outer loop
			vertex 14.071724891662598 16.67693519592285 11.685107231140137
			vertex 14.19932746887207 16.299095153808594 12.585932731628418
			vertex 14.8301362991333 16.147598266601562 11.696118354797363
		endloop
	endfacet
	facet normal 0.3857916129269391 0.838051109891552 0.3857916129269391
		outer loop
			vertex 12.551711082458496 16.79505157470703 13.363930702209473
			vertex 13.438130378723145 16.35283660888672 13.438130378723145
			vertex 13.363930702209473 16.79505157470703 12.551711082458496
		endloop
	endfacet
	facet normal 0.3592423630552334 0.8613302787972706 0.3592423630552334
		outer loop
			vertex 12.551711082458496 16.79505157470703 13.363930702209473
			vertex 13.363930702209473 16.79505157470703 12.551711082458496
			vertex 12.504362106323242 17.173307418823242 12.504362106323242
		endloop
	endfacet
	facet normal 0.3639136615871132 0.8073902589665205 0.46442202427989443
		outer loop
			vertex 12.551711082458496 16.79505157470703 13.363930702209473
			vertex 12.585932731628418 16.299095153808594 14.19932746887207
			vertex 13.438130378723145 16.35283660888672 13.438130378723145
		endloop
	endfacet
	facet normal 0.46442202427989454 0.8073902589665207 0.36391366158711325
		outer loop
			vertex 13.363930702209473 16.79505157470703 12.551711082458496
			vertex 13.438130378723145 16.35283660888672 13.438130378723145
			vertex 14.19932746887207 16.299095153808594 12.585932731628418
		endloop
	endfacet
	facet normal 0.14524323437040518 0.6199106242567405 0.7711129753824935
		outer loop
			vertex 10.821069717407227 15.314181327819824 15.923286437988281
			vertex 10.819387435913086 14.644362449645996 16.462081909179688
			vertex 11.696118354797363 14.8301362991333 16.147598266601562
		endloop
	endfacet
	facet normal 0.17280406753412372 0.6537815058537261 0.7366875164187978
		outer loop
			vertex 10.821069717407227 15.314181327819824 15.923286437988281
			vertex 11.696118354797363 14.8301362991333 16.147598266601562
			vertex 11.699885368347168 15.52767562866211 15.52767562866211
		endloop
	endfacet
	facet normal 0.14524323437040518 0.7711129753824935 0.6199106242567405
		outer loop
			vertex 10.821069717407227 15.923286437988281 15.314181327819824
			vertex 11.696118354797363 16.147598266601562 14.8301362991333
			vertex 10.819387435913086 16.462081909179688 14.644362449645996
		endloop
	endfacet
	facet normal 0.17280406753412372 0.7366875164187978 0.6537815058537261
		outer loop
			vertex 10.821069717407227 15.923286437988281 15.314181327819824
			vertex 11.699885368347168 15.52767562866211 15.52767562866211
			vertex 11.696118354797363 16.147598266601562 14.8301362991333
		endloop
	endfacet
	facet normal 0.14498507436850847 0.699635379397854 0.699635379397854
		outer loop
			vertex 10.821069717407227 15.314181327819824 15.923286437988281
			vertex 11.699885368347168 15.52767562866211 15.52767562866211
			vertex 10.821069717407227 15.923286437988281 15.314181327819824
		endloop
	endfacet
	facet normal 0.28423318628649297 0.5836190705682631 0.7606577918370814
		outer loop
			vertex 11.696118354797363 14.8301362991333 16.147598266601562
			vertex 12.585932731628418 14.19932746887207 16.299095153808594
			vertex 12.603917121887207 14.983587265014648 15.69064712524414
		endloop
	endfacet
	facet normal 0.25566023109490854 0.6414480661781548 0.7233133654459897
		outer loop
			vertex 11.699885368347168 15.52767562866211 15.52767562866211
			vertex 11.696118354797363 14.8301362991333 16.147598266601562
			vertex 12.603917121887207 14.983587265014648 15.69064712524414
		endloop
	endfacet
	facet normal 0.25566023109490854 0.7233133654459897 0.6414480661781548
		outer loop
			vertex 11.699885368347168 15.52767562866211 15.52767562866211
			vertex 12.603917121887207 15.69064712524414 14.983587265014648
			vertex 11.696118354797363 16.147598266601562 14.8301362991333
		endloop
	endfacet
	facet normal 0.28423318628649297 0.7606577918370814 0.5836190705682631
		outer loop
			vertex 11.696118354797363 16.147598266601562 14.8301362991333
			vertex 12.603917121887207 15.69064712524414 14.983587265014648
			vertex 12.585932731628418 16.299095153808594 14.19932746887207
		endloop
	endfacet
	facet normal 0.2856754683556349 0.6776391099913688 0.6776391099913688
		outer loop
			vertex 11.699885368347168 15.52767562866211 15.52767562866211
			vertex 12.603917121887207 14.983587265014648 15.69064712524414
			vertex 12.603917121887207 15.69064712524414 14.983587265014648
		endloop
	endfacet
	facet normal 0.17108946807816092 0.5622259326837393 0.8090923275687587
		outer loop
			vertex 10.819387435913086 14.644362449645996 16.462081909179688
			vertex 11.685107231140137 14.071724891662598 16.67693519592285
			vertex 11.696118354797363 14.8301362991333 16.147598266601562
		endloop
	endfacet
	facet normal 0.17108946807816092 0.8090923275687587 0.5622259326837393
		outer loop
			vertex 10.819387435913086 16.462081909179688 14.644362449645996
			vertex 11.696118354797363 16.147598266601562 14.8301362991333
			vertex 11.685107231140137 16.67693519592285 14.071724891662598
		endloop
	endfacet
	facet normal 0.3677416583516185 0.6575583900737643 0.6575583900737643
		outer loop
			vertex 12.603917121887207 14.983587265014648 15.69064712524414
			vertex 13.503082275390625 15.085686683654785 15.085686683654785
			vertex 12.603917121887207 15.69064712524414 14.983587265014648
		endloop
	endfacet
	facet normal 0.3986077004334132 0.5999044511159196 0.6937049449776854
		outer loop
			vertex 12.603917121887207 14.983587265014648 15.69064712524414
			vertex 13.486339569091797 14.294539451599121 15.779478073120117
			vertex 13.503082275390625 15.085686683654785 15.085686683654785
		endloop
	endfacet
	facet normal 0.3986077004334132 0.6937049449776854 0.5999044511159196
		outer loop
			vertex 12.603917121887207 15.69064712524414 14.983587265014648
			vertex 13.503082275390625 15.085686683654785 15.085686683654785
			vertex 13.486339569091797 15.779478073120117 14.294539451599121
		endloop
	endfacet
	facet normal 0.4759079060442336 0.574164401016412 0.6662183617779217
		outer loop
			vertex 13.486339569091797 14.294539451599121 15.779478073120117
			vertex 14.3456392288208 14.3456392288208 15.121604919433594
			vertex 13.503082275390625 15.085686683654785 15.085686683654785
		endloop
	endfacet
	facet normal 0.47590790604423366 0.6662183617779217 0.574164401016412
		outer loop
			vertex 13.486339569091797 15.779478073120117 14.294539451599121
			vertex 13.503082275390625 15.085686683654785 15.085686683654785
			vertex 14.3456392288208 15.121604919433594 14.3456392288208
		endloop
	endfacet
	facet normal 0.5087444455191992 0.6087606628032739 0.6087606628032739
		outer loop
			vertex 13.503082275390625 15.085686683654785 15.085686683654785
			vertex 14.3456392288208 14.3456392288208 15.121604919433594
			vertex 14.3456392288208 15.121604919433594 14.3456392288208
		endloop
	endfacet
	facet normal 0.7738078228099404 0.39412277218685593 0.4958716505325626
		outer loop
			vertex 16.35283660888672 13.438130378723145 13.438130378723145
			vertex 15.779478073120117 13.486339569091797 14.294539451599121
			vertex 16.299095153808594 12.585932731628418 14.19932746887207
		endloop
	endfacet
	facet normal 0.7390908112241603 0.36677866021344757 0.5649939709200809
		outer loop
			vertex 15.69064712524414 12.603917121887207 14.983587265014648
			vertex 16.299095153808594 12.585932731628418 14.19932746887207
			vertex 15.779478073120117 13.486339569091797 14.294539451599121
		endloop
	endfacet
	facet normal 0.7738078228099404 0.4958716505325626 0.39412277218685593
		outer loop
			vertex 16.35283660888672 13.438130378723145 13.438130378723145
			vertex 16.299095153808594 14.19932746887207 12.585932731628418
			vertex 15.779478073120117 14.294539451599121 13.486339569091797
		endloop
	endfacet
	facet normal 0.7390908112241603 0.5649939709200809 0.36677866021344757
		outer loop
			vertex 15.69064712524414 14.983587265014648 12.603917121887207
			vertex 15.779478073120117 14.294539451599121 13.486339569091797
			vertex 16.299095153808594 14.19932746887207 12.585932731628418
		endloop
	endfacet
	facet normal 0.6993929953811456 0.5053956064370707 0.5053956064370707
		outer loop
			vertex 15.779478073120117 13.486339569091797 14.294539451599121
			vertex 15.779478073120117 14.294539451599121 13.486339569091797
			vertex 15.121604919433594 14.3456392288208 14.3456392288208
		endloop
	endfacet
	facet normal 0.7446453907656269 0.4719656989716028 0.4719656989716028
		outer loop
			vertex 16.35283660888672 13.438130378723145 13.438130378723145
			vertex 15.779478073120117 14.294539451599121 13.486339569091797
			vertex 15.779478073120117 13.486339569091797 14.294539451599121
		endloop
	endfacet
	facet normal 0.9759190937288628 0.15424318865907058 0.15424318865907058
		outer loop
			vertex 17.799575805664062 10.7988920211792 11.59009075164795
			vertex 17.799575805664062 11.59009075164795 10.7988920211792
			vertex 17.665491104125977 11.618678092956543 11.618678092956543
		endloop
	endfacet
	facet normal 0.9779368067347741 0.14771527008639496 0.14771527008639496
		outer loop
			vertex 17.92127799987793 10.791631698608398 10.791631698608398
			vertex 17.799575805664062 11.59009075164795 10.7988920211792
			vertex 17.799575805664062 10.7988920211792 11.59009075164795
		endloop
	endfacet
	facet normal 0.9576554664841219 0.14802307210101073 0.2469517718884758
		outer loop
			vertex 17.799575805664062 10.7988920211792 11.59009075164795
			vertex 17.665491104125977 11.618678092956543 11.618678092956543
			vertex 17.593338012695312 10.8056001663208 12.38584041595459
		endloop
	endfacet
	facet normal 0.9576554664841219 0.2469517718884758 0.14802307210101073
		outer loop
			vertex 17.799575805664062 11.59009075164795 10.7988920211792
			vertex 17.593338012695312 12.38584041595459 10.8056001663208
			vertex 17.665491104125977 11.618678092956543 11.618678092956543
		endloop
	endfacet
	facet normal 0.926824712594531 0.14764141699096442 0.34525058162581707
		outer loop
			vertex 17.593338012695312 10.8056001663208 12.38584041595459
			vertex 17.436555862426758 11.645045280456543 12.447745323181152
			vertex 17.301023483276367 10.811439514160156 13.168061256408691
		endloop
	endfacet
	facet normal 0.9529556786745644 0.15894951473057045 0.25809015139833713
		outer loop
			vertex 17.665491104125977 11.618678092956543 11.618678092956543
			vertex 17.436555862426758 11.645045280456543 12.447745323181152
			vertex 17.593338012695312 10.8056001663208 12.38584041595459
		endloop
	endfacet
	facet normal 0.926824712594531 0.34525058162581707 0.14764141699096442
		outer loop
			vertex 17.593338012695312 12.38584041595459 10.8056001663208
			vertex 17.301023483276367 13.168061256408691 10.811439514160156
			vertex 17.436555862426758 12.447745323181152 11.645045280456543
		endloop
	endfacet
	facet normal 0.9529556786745644 0.2580901513983372 0.15894951473057045
		outer loop
			vertex 17.665491104125977 11.618678092956543 11.618678092956543
			vertex 17.593338012695312 12.38584041595459 10.8056001663208
			vertex 17.436555862426758 12.447745323181152 11.645045280456543
		endloop
	endfacet
	facet normal 0.9352553367382322 0.25029727835381643 0.25029727835381643
		outer loop
			vertex 17.665491104125977 11.618678092956543 11.618678092956543
			vertex 17.436555862426758 12.447745323181152 11.645045280456543
			vertex 17.436555862426758 11.645045280456543 12.447745323181152
		endloop
	endfacet
	facet normal 0.926399026361095 0.266256308805271 0.266256308805271
		outer loop
			vertex 17.436555862426758 11.645045280456543 12.447745323181152
			vertex 17.436555862426758 12.447745323181152 11.645045280456543
			vertex 17.173307418823242 12.504362106323242 12.504362106323242
		endloop
	endfacet
	facet normal 0.9008714502158994 0.2527253801499479 0.3529313140172844
		outer loop
			vertex 17.436555862426758 11.645045280456543 12.447745323181152
			vertex 17.173307418823242 12.504362106323242 12.504362106323242
			vertex 17.107582092285156 11.66767406463623 13.271260261535645
		endloop
	endfacet
	facet normal 0.9008714502158993 0.3529313140172844 0.2527253801499479
		outer loop
			vertex 17.436555862426758 12.447745323181152 11.645045280456543
			vertex 17.107582092285156 13.271260261535645 11.66767406463623
			vertex 17.173307418823242 12.504362106323242 12.504362106323242
		endloop
	endfacet
	facet normal 0.8853176153782487 0.1468363167597219 0.44119362640615084
		outer loop
			vertex 16.92304229736328 10.816117286682129 13.92497730255127
			vertex 17.301023483276367 10.811439514160156 13.168061256408691
			vertex 17.107582092285156 11.66767406463623 13.271260261535645
		endloop
	endfacet
	facet normal 0.8332640300689088 0.14593554827587707 0.5332671675086887
		outer loop
			vertex 16.92304229736328 10.816117286682129 13.92497730255127
			vertex 16.67693519592285 11.685107231140137 14.071724891662598
			vertex 16.462081909179688 10.819387435913086 14.644362449645996
		endloop
	endfacet
	facet normal 0.8696610249433586 0.1679040708815449 0.46421754025012035
		outer loop
			vertex 16.92304229736328 10.816117286682129 13.92497730255127
			vertex 17.107582092285156 11.66767406463623 13.271260261535645
			vertex 16.67693519592285 11.685107231140137 14.071724891662598
		endloop
	endfacet
	facet normal 0.8857741835465262 0.2738659907211202 0.3747019013680399
		outer loop
			vertex 17.107582092285156 11.66767406463623 13.271260261535645
			vertex 17.173307418823242 12.504362106323242 12.504362106323242
			vertex 16.79505157470703 12.551711082458496 13.363930702209473
		endloop
	endfacet
	facet normal 0.8539855973493582 0.2543256131711029 0.4539020621290484
		outer loop
			vertex 17.107582092285156 11.66767406463623 13.271260261535645
			vertex 16.79505157470703 12.551711082458496 13.363930702209473
			vertex 16.67693519592285 11.685107231140137 14.071724891662598
		endloop
	endfacet
	facet normal 0.8304521468764462 0.28011144066953536 0.48154627249552956
		outer loop
			vertex 16.79505157470703 12.551711082458496 13.363930702209473
			vertex 16.299095153808594 12.585932731628418 14.19932746887207
			vertex 16.67693519592285 11.685107231140137 14.071724891662598
		endloop
	endfacet
	facet normal 0.7945916248915558 0.25524856304858035 0.5508832187622277
		outer loop
			vertex 16.147598266601562 11.696118354797363 14.8301362991333
			vertex 16.67693519592285 11.685107231140137 14.071724891662598
			vertex 16.299095153808594 12.585932731628418 14.19932746887207
		endloop
	endfacet
	facet normal 0.9176619654674871 0.1636782072858011 0.3620855721981407
		outer loop
			vertex 17.301023483276367 10.811439514160156 13.168061256408691
			vertex 17.436555862426758 11.645045280456543 12.447745323181152
			vertex 17.107582092285156 11.66767406463623 13.271260261535645
		endloop
	endfacet
	facet normal 0.8853176153782487 0.44119362640615084 0.1468363167597219
		outer loop
			vertex 16.92304229736328 13.92497730255127 10.816117286682129
			vertex 17.107582092285156 13.271260261535645 11.66767406463623
			vertex 17.301023483276367 13.168061256408691 10.811439514160156
		endloop
	endfacet
	facet normal 0.8857741835465262 0.3747019013680399 0.2738659907211202
		outer loop
			vertex 17.107582092285156 13.271260261535645 11.66767406463623
			vertex 16.79505157470703 13.363930702209473 12.551711082458496
			vertex 17.173307418823242 12.504362106323242 12.504362106323242
		endloop
	endfacet
	facet normal 0.8539855973493582 0.4539020621290484 0.2543256131711029
		outer loop
			vertex 17.107582092285156 13.271260261535645 11.66767406463623
			vertex 16.67693519592285 14.071724891662598 11.685107231140137
			vertex 16.79505157470703 13.363930702209473 12.551711082458496
		endloop
	endfacet
	facet normal 0.8332640300689088 0.5332671675086887 0.14593554827587707
		outer loop
			vertex 16.92304229736328 13.92497730255127 10.816117286682129
			vertex 16.462081909179688 14.644362449645996 10.819387435913086
			vertex 16.67693519592285 14.071724891662598 11.685107231140137
		endloop
	endfacet
	facet normal 0.8696610249433586 0.46421754025012035 0.1679040708815449
		outer loop
			vertex 16.92304229736328 13.92497730255127 10.816117286682129
			vertex 16.67693519592285 14.071724891662598 11.685107231140137
			vertex 17.107582092285156 13.271260261535645 11.66767406463623
		endloop
	endfacet
	facet normal 0.8304521468764462 0.48154627249552956 0.28011144066953536
		outer loop
			vertex 16.79505157470703 13.363930702209473 12.551711082458496
			vertex 16.67693519592285 14.071724891662598 11.685107231140137
			vertex 16.299095153808594 14.19932746887207 12.585932731628418
		endloop
	endfacet
	facet normal 0.7945916248915558 0.5508832187622277 0.25524856304858035
		outer loop
			vertex 16.147598266601562 14.8301362991333 11.696118354797363
			vertex 16.299095153808594 14.19932746887207 12.585932731628418
			vertex 16.67693519592285 14.071724891662598 11.685107231140137
		endloop
	endfacet
	facet normal 0.9176619654674871 0.3620855721981407 0.1636782072858011
		outer loop
			vertex 17.436555862426758 12.447745323181152 11.645045280456543
			vertex 17.301023483276367 13.168061256408691 10.811439514160156
			vertex 17.107582092285156 13.271260261535645 11.66767406463623
		endloop
	endfacet
	facet normal 0.838051109891552 0.3857916129269391 0.3857916129269391
		outer loop
			vertex 16.79505157470703 12.551711082458496 13.363930702209473
			vertex 16.79505157470703 13.363930702209473 12.551711082458496
			vertex 16.35283660888672 13.438130378723145 13.438130378723145
		endloop
	endfacet
	facet normal 0.8613302787972706 0.3592423630552334 0.3592423630552334
		outer loop
			vertex 16.79505157470703 12.551711082458496 13.363930702209473
			vertex 17.173307418823242 12.504362106323242 12.504362106323242
			vertex 16.79505157470703 13.363930702209473 12.551711082458496
		endloop
	endfacet
	facet normal 0.8073902589665205 0.3639136615871132 0.46442202427989443
		outer loop
			vertex 16.79505157470703 12.551711082458496 13.363930702209473
			vertex 16.35283660888672 13.438130378723145 13.438130378723145
			vertex 16.299095153808594 12.585932731628418 14.19932746887207
		endloop
	endfacet
	facet normal 0.8073902589665207 0.46442202427989454 0.36391366158711325
		outer loop
			vertex 16.79505157470703 13.363930702209473 12.551711082458496
			vertex 16.299095153808594 14.19932746887207 12.585932731628418
			vertex 16.35283660888672 13.438130378723145 13.438130378723145
		endloop
	endfacet
	facet normal 0.6199106242567405 0.14524323437040518 0.7711129753824935
		outer loop
			vertex 15.314181327819824 10.821069717407227 15.923286437988281
			vertex 14.8301362991333 11.696118354797363 16.147598266601562
			vertex 14.644362449645996 10.819387435913086 16.462081909179688
		endloop
	endfacet
	facet normal 0.6537815058537261 0.17280406753412372 0.7366875164187978
		outer loop
			vertex 15.314181327819824 10.821069717407227 15.923286437988281
			vertex 15.52767562866211 11.699885368347168 15.52767562866211
			vertex 14.8301362991333 11.696118354797363 16.147598266601562
		endloop
	endfacet
	facet normal 0.5836190705682631 0.28423318628649297 0.7606577918370814
		outer loop
			vertex 14.8301362991333 11.696118354797363 16.147598266601562
			vertex 14.983587265014648 12.603917121887207 15.69064712524414
			vertex 14.19932746887207 12.585932731628418 16.299095153808594
		endloop
	endfacet
	facet normal 0.6414480661781548 0.25566023109490854 0.7233133654459897
		outer loop
			vertex 15.52767562866211 11.699885368347168 15.52767562866211
			vertex 14.983587265014648 12.603917121887207 15.69064712524414
			vertex 14.8301362991333 11.696118354797363 16.147598266601562
		endloop
	endfacet
	facet normal 0.7711129753824935 0.14524323437040518 0.6199106242567405
		outer loop
			vertex 15.923286437988281 10.821069717407227 15.314181327819824
			vertex 16.462081909179688 10.819387435913086 14.644362449645996
			vertex 16.147598266601562 11.696118354797363 14.8301362991333
		endloop
	endfacet
	facet normal 0.7366875164187978 0.17280406753412372 0.6537815058537261
		outer loop
			vertex 15.923286437988281 10.821069717407227 15.314181327819824
			vertex 16.147598266601562 11.696118354797363 14.8301362991333
			vertex 15.52767562866211 11.699885368347168 15.52767562866211
		endloop
	endfacet
	facet normal 0.699635379397854 0.14498507436850847 0.699635379397854
		outer loop
			vertex 15.314181327819824 10.821069717407227 15.923286437988281
			vertex 15.923286437988281 10.821069717407227 15.314181327819824
			vertex 15.52767562866211 11.699885368347168 15.52767562866211
		endloop
	endfacet
	facet normal 0.7233133654459897 0.25566023109490854 0.6414480661781548
		outer loop
			vertex 15.52767562866211 11.699885368347168 15.52767562866211
			vertex 16.147598266601562 11.696118354797363 14.8301362991333
			vertex 15.69064712524414 12.603917121887207 14.983587265014648
		endloop
	endfacet
	facet normal 0.7606577918370814 0.28423318628649297 0.5836190705682631
		outer loop
			vertex 15.69064712524414 12.603917121887207 14.983587265014648
			vertex 16.147598266601562 11.696118354797363 14.8301362991333
			vertex 16.299095153808594 12.585932731628418 14.19932746887207
		endloop
	endfacet
	facet normal 0.6776391099913688 0.2856754683556349 0.6776391099913688
		outer loop
			vertex 15.52767562866211 11.699885368347168 15.52767562866211
			vertex 15.69064712524414 12.603917121887207 14.983587265014648
			vertex 14.983587265014648 12.603917121887207 15.69064712524414
		endloop
	endfacet
	facet normal 0.5622259326837393 0.17108946807816092 0.8090923275687587
		outer loop
			vertex 14.644362449645996 10.819387435913086 16.462081909179688
			vertex 14.8301362991333 11.696118354797363 16.147598266601562
			vertex 14.071724891662598 11.685107231140137 16.67693519592285
		endloop
	endfacet
	facet normal 0.6575583900737643 0.3677416583516185 0.6575583900737643
		outer loop
			vertex 14.983587265014648 12.603917121887207 15.69064712524414
			vertex 15.69064712524414 12.603917121887207 14.983587265014648
			vertex 15.085686683654785 13.503082275390625 15.085686683654785
		endloop
	endfacet
	facet normal 0.5999044511159196 0.3986077004334132 0.6937049449776854
		outer loop
			vertex 14.983587265014648 12.603917121887207 15.69064712524414
			vertex 15.085686683654785 13.503082275390625 15.085686683654785
			vertex 14.294539451599121 13.486339569091797 15.779478073120117
		endloop
	endfacet
	facet normal 0.574164401016412 0.4759079060442336 0.6662183617779217
		outer loop
			vertex 14.294539451599121 13.486339569091797 15.779478073120117
			vertex 15.085686683654785 13.503082275390625 15.085686683654785
			vertex 14.3456392288208 14.3456392288208 15.121604919433594
		endloop
	endfacet
	facet normal 0.6087606628032739 0.5087444455191992 0.6087606628032739
		outer loop
			vertex 15.085686683654785 13.503082275390625 15.085686683654785
			vertex 15.121604919433594 14.3456392288208 14.3456392288208
			vertex 14.3456392288208 14.3456392288208 15.121604919433594
		endloop
	endfacet
	facet normal 0.6662183617779217 0.47590790604423366 0.574164401016412
		outer loop
			vertex 15.779478073120117 13.486339569091797 14.294539451599121
			vertex 15.121604919433594 14.3456392288208 14.3456392288208
			vertex 15.085686683654785 13.503082275390625 15.085686683654785
		endloop
	endfacet
	facet normal 0.6937049449776854 0.3986077004334132 0.5999044511159196
		outer loop
			vertex 15.69064712524414 12.603917121887207 14.983587265014648
			vertex 15.779478073120117 13.486339569091797 14.294539451599121
			vertex 15.085686683654785 13.503082275390625 15.085686683654785
		endloop
	endfacet
	facet normal 0.8090923275687587 0.17108946807816092 0.5622259326837393
		outer loop
			vertex 16.462081909179688 10.819387435913086 14.644362449645996
			vertex 16.67693519592285 11.685107231140137 14.071724891662598
			vertex 16.147598266601562 11.696118354797363 14.8301362991333
		endloop
	endfacet
	facet normal 0.6199106242567405 0.7711129753824935 0.14524323437040518
		outer loop
			vertex 15.314181327819824 15.923286437988281 10.821069717407227
			vertex 14.644362449645996 16.462081909179688 10.819387435913086
			vertex 14.8301362991333 16.147598266601562 11.696118354797363
		endloop
	endfacet
	facet normal 0.6537815058537261 0.7366875164187978 0.17280406753412372
		outer loop
			vertex 15.314181327819824 15.923286437988281 10.821069717407227
			vertex 14.8301362991333 16.147598266601562 11.696118354797363
			vertex 15.52767562866211 15.52767562866211 11.699885368347168
		endloop
	endfacet
	facet normal 0.5836190705682631 0.7606577918370814 0.28423318628649297
		outer loop
			vertex 14.983587265014648 15.69064712524414 12.603917121887207
			vertex 14.8301362991333 16.147598266601562 11.696118354797363
			vertex 14.19932746887207 16.299095153808594 12.585932731628418
		endloop
	endfacet
	facet normal 0.6414480661781546 0.7233133654459896 0.2556602310949085
		outer loop
			vertex 15.52767562866211 15.52767562866211 11.699885368347168
			vertex 14.8301362991333 16.147598266601562 11.696118354797363
			vertex 14.983587265014648 15.69064712524414 12.603917121887207
		endloop
	endfacet
	facet normal 0.7711129753824935 0.6199106242567405 0.14524323437040518
		outer loop
			vertex 15.923286437988281 15.314181327819824 10.821069717407227
			vertex 16.147598266601562 14.8301362991333 11.696118354797363
			vertex 16.462081909179688 14.644362449645996 10.819387435913086
		endloop
	endfacet
	facet normal 0.7366875164187978 0.6537815058537261 0.17280406753412372
		outer loop
			vertex 15.923286437988281 15.314181327819824 10.821069717407227
			vertex 15.52767562866211 15.52767562866211 11.699885368347168
			vertex 16.147598266601562 14.8301362991333 11.696118354797363
		endloop
	endfacet
	facet normal 0.7233133654459896 0.6414480661781546 0.2556602310949085
		outer loop
			vertex 15.52767562866211 15.52767562866211 11.699885368347168
			vertex 15.69064712524414 14.983587265014648 12.603917121887207
			vertex 16.147598266601562 14.8301362991333 11.696118354797363
		endloop
	endfacet
	facet normal 0.7606577918370814 0.5836190705682631 0.28423318628649297
		outer loop
			vertex 15.69064712524414 14.983587265014648 12.603917121887207
			vertex 16.299095153808594 14.19932746887207 12.585932731628418
			vertex 16.147598266601562 14.8301362991333 11.696118354797363
		endloop
	endfacet
	facet normal 0.699635379397854 0.699635379397854 0.14498507436850847
		outer loop
			vertex 15.314181327819824 15.923286437988281 10.821069717407227
			vertex 15.52767562866211 15.52767562866211 11.699885368347168
			vertex 15.923286437988281 15.314181327819824 10.821069717407227
		endloop
	endfacet
	facet normal 0.6776391099913688 0.6776391099913688 0.2856754683556349
		outer loop
			vertex 15.52767562866211 15.52767562866211 11.699885368347168
			vertex 14.983587265014648 15.69064712524414 12.603917121887207
			vertex 15.69064712524414 14.983587265014648 12.603917121887207
		endloop
	endfacet
	facet normal 0.6575583900737643 0.6575583900737643 0.3677416583516185
		outer loop
			vertex 14.983587265014648 15.69064712524414 12.603917121887207
			vertex 15.085686683654785 15.085686683654785 13.503082275390625
			vertex 15.69064712524414 14.983587265014648 12.603917121887207
		endloop
	endfacet
	facet normal 0.6087606628032739 0.6087606628032739 0.5087444455191992
		outer loop
			vertex 15.085686683654785 15.085686683654785 13.503082275390625
			vertex 14.3456392288208 15.121604919433594 14.3456392288208
			vertex 15.121604919433594 14.3456392288208 14.3456392288208
		endloop
	endfacet
	facet normal 0.574164401016412 0.6662183617779217 0.4759079060442336
		outer loop
			vertex 14.294539451599121 15.779478073120117 13.486339569091797
			vertex 14.3456392288208 15.121604919433594 14.3456392288208
			vertex 15.085686683654785 15.085686683654785 13.503082275390625
		endloop
	endfacet
	facet normal 0.6662183617779217 0.574164401016412 0.4759079060442336
		outer loop
			vertex 15.779478073120117 14.294539451599121 13.486339569091797
			vertex 15.085686683654785 15.085686683654785 13.503082275390625
			vertex 15.121604919433594 14.3456392288208 14.3456392288208
		endloop
	endfacet
	facet normal 0.5999044511159196 0.6937049449776854 0.3986077004334132
		outer loop
			vertex 14.983587265014648 15.69064712524414 12.603917121887207
			vertex 14.294539451599121 15.779478073120117 13.486339569091797
			vertex 15.085686683654785 15.085686683654785 13.503082275390625
		endloop
	endfacet
	facet normal 0.6937049449776854 0.5999044511159196 0.3986077004334132
		outer loop
			vertex 15.69064712524414 14.983587265014648 12.603917121887207
			vertex 15.085686683654785 15.085686683654785 13.503082275390625
			vertex 15.779478073120117 14.294539451599121 13.486339569091797
		endloop
	endfacet
	facet normal 0.5622259326837393 0.8090923275687587 0.17108946807816092
		outer loop
			vertex 14.644362449645996 16.462081909179688 10.819387435913086
			vertex 14.071724891662598 16.67693519592285 11.685107231140137
			vertex 14.8301362991333 16.147598266601562 11.696118354797363
		endloop
	endfacet
	facet normal 0.8090923275687587 0.5622259326837393 0.17108946807816092
		outer loop
			vertex 16.462081909179688 14.644362449645996 10.819387435913086
			vertex 16.147598266601562 14.8301362991333 11.696118354797363
			vertex 16.67693519592285 14.071724891662598 11.685107231140137
		endloop
	endfacet
	facet normal 0.5773502691896257 0.5773502691896257 0.5773502691896257
		outer loop
			vertex 14.3456392288208 14.3456392288208 15.121604919433594
			vertex 15.121604919433594 14.3456392288208 14.3456392288208
			vertex 14.3456392288208 15.121604919433594 14.3456392288208
		endloop
	endfacet
endsolid exported
