solid exported
	facet normal -0.6908859310700629 -0.5112125928855099 -0.5112125928855099
		outer loop
			vertex 13.642891883850098 -6.357108116149902 -4.378852367401123
			vertex 12.058955192565918 -4.297662734985352 -4.297662734985352
			vertex 13.642891883850098 -4.378852367401123 -6.357108116149902
		endloop
	endfacet
	facet normal -0.5112125584520137 -0.6908858908505402 -0.5112126816742735
		outer loop
			vertex 15.702337265014648 -7.941044807434082 -4.297662734985352
			vertex 13.642891883850098 -6.357108116149902 -4.378852367401123
			vertex 15.621148109436035 -6.357108116149902 -6.357108116149902
		endloop
	endfacet
	facet normal -0.5112125584520137 -0.5112126816742735 -0.6908858908505402
		outer loop
			vertex 15.621148109436035 -6.357108116149902 -6.357108116149902
			vertex 13.642891883850098 -4.378852367401123 -6.357108116149902
			vertex 15.702337265014648 -4.297662734985352 -7.941044807434082
		endloop
	endfacet
	facet normal -0.5773501764136105 -0.5773503155776278 -0.5773503155776278
		outer loop
			vertex 13.642891883850098 -6.357108116149902 -4.378852367401123
			vertex 13.642891883850098 -4.378852367401123 -6.357108116149902
			vertex 15.621148109436035 -6.357108116149902 -6.357108116149902
		endloop
	endfacet
	facet normal -0.8449657722645272 -0.5179099868018673 -0.1334244702905017
		outer loop
			vertex 11.685303688049316 -5.555702209472656 6.123233998228043e-16
			vertex 11.115523338317871 -4.089075565338135 -2.084592819213867
			vertex 12.315502166748047 -6.037671089172363 -2.120148181915283
		endloop
	endfacet
	facet normal -0.7701966918681001 -0.6320841371216338 -0.08524493788275374
		outer loop
			vertex 12.928932189941406 -7.071067810058594 6.123233998228043e-16
			vertex 11.685303688049316 -5.555702209472656 6.123233998228043e-16
			vertex 12.315502166748047 -6.037671089172363 -2.120148181915283
		endloop
	endfacet
	facet normal -0.5179102213944056 -0.8449656143012775 -0.1334245600467279
		outer loop
			vertex 14.444297790527344 -8.314696311950684 6.123233998228043e-16
			vertex 13.962328910827637 -7.684497356414795 -2.120148181915283
			vertex 15.910923957824707 -8.884476661682129 -2.084592819213867
		endloop
	endfacet
	facet normal -0.6320841277880282 -0.7701966804950696 -0.08524510984697796
		outer loop
			vertex 14.444297790527344 -8.314696311950684 6.123233998228043e-16
			vertex 12.928932189941406 -7.071067810058594 6.123233998228043e-16
			vertex 13.962328910827637 -7.684497356414795 -2.120148181915283
		endloop
	endfacet
	facet normal -0.6743313767901867 -0.6743315720422688 -0.30092212484836295
		outer loop
			vertex 13.962328910827637 -7.684497356414795 -2.120148181915283
			vertex 12.315502166748047 -6.037671089172363 -2.120148181915283
			vertex 13.642891883850098 -6.357108116149902 -4.378852367401123
		endloop
	endfacet
	facet normal -0.746473582485463 -0.5599466785924818 -0.35949535154792567
		outer loop
			vertex 12.315502166748047 -6.037671089172363 -2.120148181915283
			vertex 12.058955192565918 -4.297662734985352 -4.297662734985352
			vertex 13.642891883850098 -6.357108116149902 -4.378852367401123
		endloop
	endfacet
	facet normal -0.5599467147812984 -0.746473622400746 -0.3594952122984947
		outer loop
			vertex 13.962328910827637 -7.684497356414795 -2.120148181915283
			vertex 13.642891883850098 -6.357108116149902 -4.378852367401123
			vertex 15.702337265014648 -7.941044807434082 -4.297662734985352
		endloop
	endfacet
	facet normal -0.7002708798093261 -0.7002710825721694 -0.1387123130953932
		outer loop
			vertex 12.928932189941406 -7.071067810058594 6.123233998228043e-16
			vertex 12.315502166748047 -6.037671089172363 -2.120148181915283
			vertex 13.962328910827637 -7.684497356414795 -2.120148181915283
		endloop
	endfacet
	facet normal -0.8449657722645273 -0.13342447029050172 -0.5179099868018673
		outer loop
			vertex 11.115523338317871 -2.084592819213867 -4.089075565338135
			vertex 11.685303688049316 6.123233998228043e-16 -5.555702209472656
			vertex 12.315502166748047 -2.120148181915283 -6.037671089172363
		endloop
	endfacet
	facet normal -0.7701966918681001 -0.08524493788275374 -0.6320841371216338
		outer loop
			vertex 12.315502166748047 -2.120148181915283 -6.037671089172363
			vertex 11.685303688049316 6.123233998228043e-16 -5.555702209472656
			vertex 12.928932189941406 6.123233998228043e-16 -7.071067810058594
		endloop
	endfacet
	facet normal -0.6743313767901867 -0.30092212484836295 -0.6743315720422688
		outer loop
			vertex 13.642891883850098 -4.378852367401123 -6.357108116149902
			vertex 12.315502166748047 -2.120148181915283 -6.037671089172363
			vertex 13.962328910827637 -2.120148181915283 -7.684497356414795
		endloop
	endfacet
	facet normal -0.746473582485463 -0.35949535154792567 -0.5599466785924818
		outer loop
			vertex 12.058955192565918 -4.297662734985352 -4.297662734985352
			vertex 12.315502166748047 -2.120148181915283 -6.037671089172363
			vertex 13.642891883850098 -4.378852367401123 -6.357108116149902
		endloop
	endfacet
	facet normal -0.5599467147812984 -0.3594952122984947 -0.746473622400746
		outer loop
			vertex 13.642891883850098 -4.378852367401123 -6.357108116149902
			vertex 13.962328910827637 -2.120148181915283 -7.684497356414795
			vertex 15.702337265014648 -4.297662734985352 -7.941044807434082
		endloop
	endfacet
	facet normal -0.5179102213944056 -0.1334245600467279 -0.8449656143012775
		outer loop
			vertex 13.962328910827637 -2.120148181915283 -7.684497356414795
			vertex 14.444297790527344 6.123233998228043e-16 -8.314696311950684
			vertex 15.910923957824707 -2.084592819213867 -8.884476661682129
		endloop
	endfacet
	facet normal -0.6320841277880282 -0.08524510984697796 -0.7701966804950696
		outer loop
			vertex 13.962328910827637 -2.120148181915283 -7.684497356414795
			vertex 12.928932189941406 6.123233998228043e-16 -7.071067810058594
			vertex 14.444297790527344 6.123233998228043e-16 -8.314696311950684
		endloop
	endfacet
	facet normal -0.7002708798093261 -0.1387123130953932 -0.7002710825721694
		outer loop
			vertex 12.315502166748047 -2.120148181915283 -6.037671089172363
			vertex 12.928932189941406 6.123233998228043e-16 -7.071067810058594
			vertex 13.962328910827637 -2.120148181915283 -7.684497356414795
		endloop
	endfacet
	facet normal -0.9072155231145781 -0.29745587455952394 -0.29745587455952394
		outer loop
			vertex 11.115523338317871 -4.089075565338135 -2.084592819213867
			vertex 10.418135643005371 -2.0233471393585205 -2.0233471393585205
			vertex 11.115523338317871 -2.084592819213867 -4.089075565338135
		endloop
	endfacet
	facet normal -0.8145798147859042 -0.49614936107987473 -0.3004921577069765
		outer loop
			vertex 12.315502166748047 -6.037671089172363 -2.120148181915283
			vertex 11.115523338317871 -4.089075565338135 -2.084592819213867
			vertex 12.058955192565918 -4.297662734985352 -4.297662734985352
		endloop
	endfacet
	facet normal -0.8145798147859042 -0.3004921577069765 -0.49614936107987473
		outer loop
			vertex 12.058955192565918 -4.297662734985352 -4.297662734985352
			vertex 11.115523338317871 -2.084592819213867 -4.089075565338135
			vertex 12.315502166748047 -2.120148181915283 -6.037671089172363
		endloop
	endfacet
	facet normal -0.8758639923954729 -0.34122006595821924 -0.34122006595821924
		outer loop
			vertex 11.115523338317871 -4.089075565338135 -2.084592819213867
			vertex 11.115523338317871 -2.084592819213867 -4.089075565338135
			vertex 12.058955192565918 -4.297662734985352 -4.297662734985352
		endloop
	endfacet
	facet normal -0.8783239525124085 -0.4694738793626076 -0.09022921388998308
		outer loop
			vertex 11.685303688049316 -5.555702209472656 6.123233998228043e-16
			vertex 10.761204719543457 -3.8268344402313232 6.123233998228043e-16
			vertex 11.115523338317871 -4.089075565338135 -2.084592819213867
		endloop
	endfacet
	facet normal -0.9416363742518076 -0.31432253731625814 -0.12050842800808456
		outer loop
			vertex 10.761204719543457 -3.8268344402313232 6.123233998228043e-16
			vertex 10.418135643005371 -2.0233471393585205 -2.0233471393585205
			vertex 11.115523338317871 -4.089075565338135 -2.084592819213867
		endloop
	endfacet
	facet normal -0.952516713700297 -0.2889427543463887 -0.09604163072495674
		outer loop
			vertex 10.761204719543457 -3.8268344402313232 6.123233998228043e-16
			vertex 10.192147254943848 -1.9509031772613525 6.123233998228043e-16
			vertex 10.418135643005371 -2.0233471393585205 -2.0233471393585205
		endloop
	endfacet
	facet normal -0.9416363742518076 -0.12050842800808456 -0.31432253731625814
		outer loop
			vertex 10.418135643005371 -2.0233471393585205 -2.0233471393585205
			vertex 10.761204719543457 6.123233998228043e-16 -3.8268344402313232
			vertex 11.115523338317871 -2.084592819213867 -4.089075565338135
		endloop
	endfacet
	facet normal -0.8783239525124085 -0.09022921388998308 -0.4694738793626076
		outer loop
			vertex 11.115523338317871 -2.084592819213867 -4.089075565338135
			vertex 10.761204719543457 6.123233998228043e-16 -3.8268344402313232
			vertex 11.685303688049316 6.123233998228043e-16 -5.555702209472656
		endloop
	endfacet
	facet normal -0.952516713700297 -0.09604163072495674 -0.2889427543463887
		outer loop
			vertex 10.418135643005371 -2.0233471393585205 -2.0233471393585205
			vertex 10.192147254943848 6.123233998228043e-16 -1.9509031772613525
			vertex 10.761204719543457 6.123233998228043e-16 -3.8268344402313232
		endloop
	endfacet
	facet normal -0.988571707220065 -0.10659732567941443 -0.10659732567941443
		outer loop
			vertex 10.192147254943848 -1.9509031772613525 6.123233998228043e-16
			vertex 10.192147254943848 6.123233998228043e-16 -1.9509031772613525
			vertex 10.418135643005371 -2.0233471393585205 -2.0233471393585205
		endloop
	endfacet
	facet normal -0.9904383444607961 -0.09754969457091414 -0.09754969457091414
		outer loop
			vertex 10.192147254943848 -1.9509031772613525 6.123233998228043e-16
			vertex 10 6.123233998228043e-16 6.123233998228043e-16
			vertex 10.192147254943848 6.123233998228043e-16 -1.9509031772613525
		endloop
	endfacet
	facet normal -0.3009220601145843 -0.6743314888600394 -0.6743314888600394
		outer loop
			vertex 17.879852294921875 -6.037671089172363 -7.684497356414795
			vertex 17.879852294921875 -7.684497356414795 -6.037671089172363
			vertex 15.621148109436035 -6.357108116149902 -6.357108116149902
		endloop
	endfacet
	facet normal -0.35949518514140927 -0.7464735905907945 -0.5599467746229375
		outer loop
			vertex 15.702337265014648 -7.941044807434082 -4.297662734985352
			vertex 15.621148109436035 -6.357108116149902 -6.357108116149902
			vertex 17.879852294921875 -7.684497356414795 -6.037671089172363
		endloop
	endfacet
	facet normal -0.35949518514140927 -0.5599467746229375 -0.7464735905907945
		outer loop
			vertex 15.621148109436035 -6.357108116149902 -6.357108116149902
			vertex 15.702337265014648 -4.297662734985352 -7.941044807434082
			vertex 17.879852294921875 -6.037671089172363 -7.684497356414795
		endloop
	endfacet
	facet normal -0.13342461730541844 -0.8449656500687277 -0.5179101482890974
		outer loop
			vertex 17.879852294921875 -7.684497356414795 -6.037671089172363
			vertex 20 -8.314696311950684 -5.555702209472656
			vertex 17.915407180786133 -8.884476661682129 -4.089075565338135
		endloop
	endfacet
	facet normal -0.08524512887992435 -0.7701966792363047 -0.6320841267549866
		outer loop
			vertex 20 -7.071067810058594 -7.071067810058594
			vertex 20 -8.314696311950684 -5.555702209472656
			vertex 17.879852294921875 -7.684497356414795 -6.037671089172363
		endloop
	endfacet
	facet normal -0.13342461730541846 -0.5179101482890974 -0.8449656500687278
		outer loop
			vertex 17.915407180786133 -4.089075565338135 -8.884476661682129
			vertex 20 -5.555702209472656 -8.314696311950684
			vertex 17.879852294921875 -6.037671089172363 -7.684497356414795
		endloop
	endfacet
	facet normal -0.08524512887992435 -0.6320841267549866 -0.7701966792363047
		outer loop
			vertex 20 -5.555702209472656 -8.314696311950684
			vertex 20 -7.071067810058594 -7.071067810058594
			vertex 17.879852294921875 -6.037671089172363 -7.684497356414795
		endloop
	endfacet
	facet normal -0.13871242092545333 -0.7002709705110586 -0.7002709705110586
		outer loop
			vertex 17.879852294921875 -6.037671089172363 -7.684497356414795
			vertex 20 -7.071067810058594 -7.071067810058594
			vertex 17.879852294921875 -7.684497356414795 -6.037671089172363
		endloop
	endfacet
	facet normal -0.4961495903627767 -0.8145796669221291 -0.3004921799646076
		outer loop
			vertex 15.910923957824707 -8.884476661682129 -2.084592819213867
			vertex 13.962328910827637 -7.684497356414795 -2.120148181915283
			vertex 15.702337265014648 -7.941044807434082 -4.297662734985352
		endloop
	endfacet
	facet normal -0.2974558940640318 -0.9072154871236091 -0.2974559648244429
		outer loop
			vertex 17.915407180786133 -8.884476661682129 -4.089075565338135
			vertex 17.976652145385742 -9.581864356994629 -2.0233471393585205
			vertex 15.910923957824707 -8.884476661682129 -2.084592819213867
		endloop
	endfacet
	facet normal -0.30049209351896305 -0.8145797106218139 -0.4961495709721742
		outer loop
			vertex 17.879852294921875 -7.684497356414795 -6.037671089172363
			vertex 17.915407180786133 -8.884476661682129 -4.089075565338135
			vertex 15.702337265014648 -7.941044807434082 -4.297662734985352
		endloop
	endfacet
	facet normal -0.3412200511438275 -0.8758639723154933 -0.34122013231509213
		outer loop
			vertex 15.910923957824707 -8.884476661682129 -2.084592819213867
			vertex 15.702337265014648 -7.941044807434082 -4.297662734985352
			vertex 17.915407180786133 -8.884476661682129 -4.089075565338135
		endloop
	endfacet
	facet normal -0.4694737382814395 -0.8783240519423436 -0.0902289800653522
		outer loop
			vertex 16.173166275024414 -9.238795280456543 6.123233998228043e-16
			vertex 14.444297790527344 -8.314696311950684 6.123233998228043e-16
			vertex 15.910923957824707 -8.884476661682129 -2.084592819213867
		endloop
	endfacet
	facet normal -0.3143225819606767 -0.941636382884011 -0.12050824411089107
		outer loop
			vertex 16.173166275024414 -9.238795280456543 6.123233998228043e-16
			vertex 15.910923957824707 -8.884476661682129 -2.084592819213867
			vertex 17.976652145385742 -9.581864356994629 -2.0233471393585205
		endloop
	endfacet
	facet normal -0.2889428255123447 -0.9525167061857058 -0.09604149114875635
		outer loop
			vertex 17.976652145385742 -9.581864356994629 -2.0233471393585205
			vertex 18.049097061157227 -9.807852745056152 6.123233998228043e-16
			vertex 16.173166275024414 -9.238795280456543 6.123233998228043e-16
		endloop
	endfacet
	facet normal -0.12050842122941326 -0.9416363624535208 -0.314322575260028
		outer loop
			vertex 17.915407180786133 -8.884476661682129 -4.089075565338135
			vertex 20 -9.238795280456543 -3.8268344402313232
			vertex 17.976652145385742 -9.581864356994629 -2.0233471393585205
		endloop
	endfacet
	facet normal -0.0902292138899831 -0.8783239525124085 -0.4694738793626076
		outer loop
			vertex 20 -8.314696311950684 -5.555702209472656
			vertex 20 -9.238795280456543 -3.8268344402313232
			vertex 17.915407180786133 -8.884476661682129 -4.089075565338135
		endloop
	endfacet
	facet normal -0.09604159708729457 -0.9525167168061606 -0.2889427552885421
		outer loop
			vertex 20 -9.238795280456543 -3.8268344402313232
			vertex 20 -9.807852745056152 -1.9509031772613525
			vertex 17.976652145385742 -9.581864356994629 -2.0233471393585205
		endloop
	endfacet
	facet normal -0.10659729071454199 -0.9885717161652784 -0.10659727768735798
		outer loop
			vertex 17.976652145385742 -9.581864356994629 -2.0233471393585205
			vertex 20 -9.807852745056152 -1.9509031772613525
			vertex 18.049097061157227 -9.807852745056152 6.123233998228043e-16
		endloop
	endfacet
	facet normal -0.09754970637895471 -0.9904383433089786 -0.09754969445746998
		outer loop
			vertex 20 -9.807852745056152 -1.9509031772613525
			vertex 20 -10 6.123233998228043e-16
			vertex 18.049097061157227 -9.807852745056152 6.123233998228043e-16
		endloop
	endfacet
	facet normal -0.4961495903627767 -0.3004921799646076 -0.8145796669221291
		outer loop
			vertex 15.702337265014648 -4.297662734985352 -7.941044807434082
			vertex 13.962328910827637 -2.120148181915283 -7.684497356414795
			vertex 15.910923957824707 -2.084592819213867 -8.884476661682129
		endloop
	endfacet
	facet normal -0.30049209351896305 -0.4961495709721742 -0.8145797106218139
		outer loop
			vertex 17.915407180786133 -4.089075565338135 -8.884476661682129
			vertex 17.879852294921875 -6.037671089172363 -7.684497356414795
			vertex 15.702337265014648 -4.297662734985352 -7.941044807434082
		endloop
	endfacet
	facet normal -0.2974558940640318 -0.2974559648244429 -0.9072154871236091
		outer loop
			vertex 17.976652145385742 -2.0233471393585205 -9.581864356994629
			vertex 17.915407180786133 -4.089075565338135 -8.884476661682129
			vertex 15.910923957824707 -2.084592819213867 -8.884476661682129
		endloop
	endfacet
	facet normal -0.3412200511438275 -0.34122013231509213 -0.8758639723154933
		outer loop
			vertex 15.702337265014648 -4.297662734985352 -7.941044807434082
			vertex 15.910923957824707 -2.084592819213867 -8.884476661682129
			vertex 17.915407180786133 -4.089075565338135 -8.884476661682129
		endloop
	endfacet
	facet normal -0.4694737382814395 -0.0902289800653522 -0.8783240519423436
		outer loop
			vertex 15.910923957824707 -2.084592819213867 -8.884476661682129
			vertex 14.444297790527344 6.123233998228043e-16 -8.314696311950684
			vertex 16.173166275024414 6.123233998228043e-16 -9.238795280456543
		endloop
	endfacet
	facet normal -0.3143225819606767 -0.12050824411089107 -0.941636382884011
		outer loop
			vertex 15.910923957824707 -2.084592819213867 -8.884476661682129
			vertex 16.173166275024414 6.123233998228043e-16 -9.238795280456543
			vertex 17.976652145385742 -2.0233471393585205 -9.581864356994629
		endloop
	endfacet
	facet normal -0.2889428255123447 -0.09604149114875635 -0.9525167061857058
		outer loop
			vertex 18.049097061157227 6.123233998228043e-16 -9.807852745056152
			vertex 17.976652145385742 -2.0233471393585205 -9.581864356994629
			vertex 16.173166275024414 6.123233998228043e-16 -9.238795280456543
		endloop
	endfacet
	facet normal -0.12050842122941326 -0.314322575260028 -0.9416363624535208
		outer loop
			vertex 17.976652145385742 -2.0233471393585205 -9.581864356994629
			vertex 20 -3.8268344402313232 -9.238795280456543
			vertex 17.915407180786133 -4.089075565338135 -8.884476661682129
		endloop
	endfacet
	facet normal -0.0902292138899831 -0.4694738793626076 -0.8783239525124085
		outer loop
			vertex 20 -3.8268344402313232 -9.238795280456543
			vertex 20 -5.555702209472656 -8.314696311950684
			vertex 17.915407180786133 -4.089075565338135 -8.884476661682129
		endloop
	endfacet
	facet normal -0.09604159708729457 -0.2889427552885421 -0.9525167168061606
		outer loop
			vertex 20 -1.9509031772613525 -9.807852745056152
			vertex 20 -3.8268344402313232 -9.238795280456543
			vertex 17.976652145385742 -2.0233471393585205 -9.581864356994629
		endloop
	endfacet
	facet normal -0.10659729071454199 -0.10659727768735798 -0.9885717161652784
		outer loop
			vertex 18.049097061157227 6.123233998228043e-16 -9.807852745056152
			vertex 20 -1.9509031772613525 -9.807852745056152
			vertex 17.976652145385742 -2.0233471393585205 -9.581864356994629
		endloop
	endfacet
	facet normal -0.09754970637895471 -0.09754969445746998 -0.9904383433089786
		outer loop
			vertex 18.049097061157227 6.123233998228043e-16 -9.807852745056152
			vertex 20 6.123233998228043e-16 -10
			vertex 20 -1.9509031772613525 -9.807852745056152
		endloop
	endfacet
	facet normal -0.7701966918681 -0.6320841371216339 0.08524493788275378
		outer loop
			vertex 12.315502166748047 -6.037671089172363 2.120148181915283
			vertex 11.685303688049316 -5.555702209472656 6.123233998228043e-16
			vertex 12.928932189941406 -7.071067810058594 6.123233998228043e-16
		endloop
	endfacet
	facet normal -0.8449657722645271 -0.5179099868018673 0.13342447029050172
		outer loop
			vertex 11.115523338317871 -4.089075565338135 2.084592819213867
			vertex 11.685303688049316 -5.555702209472656 6.123233998228043e-16
			vertex 12.315502166748047 -6.037671089172363 2.120148181915283
		endloop
	endfacet
	facet normal -0.6320841277880284 -0.7701966804950696 0.085245109846978
		outer loop
			vertex 13.962328910827637 -7.684497356414795 2.120148181915283
			vertex 12.928932189941406 -7.071067810058594 6.123233998228043e-16
			vertex 14.444297790527344 -8.314696311950684 6.123233998228043e-16
		endloop
	endfacet
	facet normal -0.5179102213944055 -0.8449656143012774 0.13342456004672792
		outer loop
			vertex 13.962328910827637 -7.684497356414795 2.120148181915283
			vertex 14.444297790527344 -8.314696311950684 6.123233998228043e-16
			vertex 15.910923957824707 -8.884476661682129 2.084592819213867
		endloop
	endfacet
	facet normal -0.7002708798093261 -0.7002710825721694 0.13871231309539325
		outer loop
			vertex 12.315502166748047 -6.037671089172363 2.120148181915283
			vertex 12.928932189941406 -7.071067810058594 6.123233998228043e-16
			vertex 13.962328910827637 -7.684497356414795 2.120148181915283
		endloop
	endfacet
	facet normal -0.6743313767901867 -0.6743315720422688 0.30092212484836295
		outer loop
			vertex 13.642891883850098 -6.357108116149902 4.378852367401123
			vertex 12.315502166748047 -6.037671089172363 2.120148181915283
			vertex 13.962328910827637 -7.684497356414795 2.120148181915283
		endloop
	endfacet
	facet normal -0.746473582485463 -0.5599466785924818 0.35949535154792567
		outer loop
			vertex 12.058955192565918 -4.297662734985352 4.297662734985352
			vertex 12.315502166748047 -6.037671089172363 2.120148181915283
			vertex 13.642891883850098 -6.357108116149902 4.378852367401123
		endloop
	endfacet
	facet normal -0.5599467147812984 -0.746473622400746 0.3594952122984947
		outer loop
			vertex 13.642891883850098 -6.357108116149902 4.378852367401123
			vertex 13.962328910827637 -7.684497356414795 2.120148181915283
			vertex 15.702337265014648 -7.941044807434082 4.297662734985352
		endloop
	endfacet
	facet normal -0.6908859310700629 -0.5112125928855099 0.5112125928855099
		outer loop
			vertex 13.642891883850098 -4.378852367401123 6.357108116149902
			vertex 12.058955192565918 -4.297662734985352 4.297662734985352
			vertex 13.642891883850098 -6.357108116149902 4.378852367401123
		endloop
	endfacet
	facet normal -0.5112125584520137 -0.6908858908505402 0.5112126816742735
		outer loop
			vertex 15.621148109436035 -6.357108116149902 6.357108116149902
			vertex 13.642891883850098 -6.357108116149902 4.378852367401123
			vertex 15.702337265014648 -7.941044807434082 4.297662734985352
		endloop
	endfacet
	facet normal -0.5773501764136105 -0.5773503155776278 0.5773503155776278
		outer loop
			vertex 13.642891883850098 -4.378852367401123 6.357108116149902
			vertex 13.642891883850098 -6.357108116149902 4.378852367401123
			vertex 15.621148109436035 -6.357108116149902 6.357108116149902
		endloop
	endfacet
	facet normal -0.5112125584520137 -0.5112126816742735 0.6908858908505402
		outer loop
			vertex 15.702337265014648 -4.297662734985352 7.941044807434082
			vertex 13.642891883850098 -4.378852367401123 6.357108116149902
			vertex 15.621148109436035 -6.357108116149902 6.357108116149902
		endloop
	endfacet
	facet normal -0.8783239525124085 -0.4694738793626076 0.09022921388998312
		outer loop
			vertex 11.115523338317871 -4.089075565338135 2.084592819213867
			vertex 10.761204719543457 -3.8268344402313232 6.123233998228043e-16
			vertex 11.685303688049316 -5.555702209472656 6.123233998228043e-16
		endloop
	endfacet
	facet normal -0.952516713700297 -0.2889427543463888 0.09604163072495678
		outer loop
			vertex 10.418135643005371 -2.0233471393585205 2.0233471393585205
			vertex 10.192147254943848 -1.9509031772613525 6.123233998228043e-16
			vertex 10.761204719543457 -3.8268344402313232 6.123233998228043e-16
		endloop
	endfacet
	facet normal -0.9416363742518076 -0.31432253731625814 0.1205084280080846
		outer loop
			vertex 10.418135643005371 -2.0233471393585205 2.0233471393585205
			vertex 10.761204719543457 -3.8268344402313232 6.123233998228043e-16
			vertex 11.115523338317871 -4.089075565338135 2.084592819213867
		endloop
	endfacet
	facet normal -0.9072155231145781 -0.29745587455952394 0.29745587455952394
		outer loop
			vertex 11.115523338317871 -2.084592819213867 4.089075565338135
			vertex 10.418135643005371 -2.0233471393585205 2.0233471393585205
			vertex 11.115523338317871 -4.089075565338135 2.084592819213867
		endloop
	endfacet
	facet normal -0.8145798147859042 -0.49614936107987473 0.3004921577069765
		outer loop
			vertex 12.058955192565918 -4.297662734985352 4.297662734985352
			vertex 11.115523338317871 -4.089075565338135 2.084592819213867
			vertex 12.315502166748047 -6.037671089172363 2.120148181915283
		endloop
	endfacet
	facet normal -0.8758639923954729 -0.34122006595821924 0.34122006595821924
		outer loop
			vertex 11.115523338317871 -2.084592819213867 4.089075565338135
			vertex 11.115523338317871 -4.089075565338135 2.084592819213867
			vertex 12.058955192565918 -4.297662734985352 4.297662734985352
		endloop
	endfacet
	facet normal -0.8145798147859042 -0.3004921577069765 0.49614936107987473
		outer loop
			vertex 12.315502166748047 -2.120148181915283 6.037671089172363
			vertex 11.115523338317871 -2.084592819213867 4.089075565338135
			vertex 12.058955192565918 -4.297662734985352 4.297662734985352
		endloop
	endfacet
	facet normal -0.988571707220065 -0.10659732567941443 0.1065973256794145
		outer loop
			vertex 10.192147254943848 6.123233998228043e-16 1.9509031772613525
			vertex 10.192147254943848 -1.9509031772613525 6.123233998228043e-16
			vertex 10.418135643005371 -2.0233471393585205 2.0233471393585205
		endloop
	endfacet
	facet normal -0.9904383444607963 -0.09754969457091417 0.09754969457091422
		outer loop
			vertex 10.192147254943848 6.123233998228043e-16 1.9509031772613525
			vertex 10 6.123233998228043e-16 6.123233998228043e-16
			vertex 10.192147254943848 -1.9509031772613525 6.123233998228043e-16
		endloop
	endfacet
	facet normal -0.9416363742518076 -0.12050842800808456 0.31432253731625814
		outer loop
			vertex 10.761204719543457 6.123233998228043e-16 3.8268344402313232
			vertex 10.418135643005371 -2.0233471393585205 2.0233471393585205
			vertex 11.115523338317871 -2.084592819213867 4.089075565338135
		endloop
	endfacet
	facet normal -0.952516713700297 -0.09604163072495674 0.2889427543463887
		outer loop
			vertex 10.761204719543457 6.123233998228043e-16 3.8268344402313232
			vertex 10.192147254943848 6.123233998228043e-16 1.9509031772613525
			vertex 10.418135643005371 -2.0233471393585205 2.0233471393585205
		endloop
	endfacet
	facet normal -0.8783239525124085 -0.09022921388998308 0.4694738793626076
		outer loop
			vertex 11.685303688049316 6.123233998228043e-16 5.555702209472656
			vertex 10.761204719543457 6.123233998228043e-16 3.8268344402313232
			vertex 11.115523338317871 -2.084592819213867 4.089075565338135
		endloop
	endfacet
	facet normal -0.8449657722645273 -0.13342447029050172 0.5179099868018673
		outer loop
			vertex 11.685303688049316 6.123233998228043e-16 5.555702209472656
			vertex 11.115523338317871 -2.084592819213867 4.089075565338135
			vertex 12.315502166748047 -2.120148181915283 6.037671089172363
		endloop
	endfacet
	facet normal -0.7701966918681001 -0.08524493788275374 0.6320841371216338
		outer loop
			vertex 12.928932189941406 6.123233998228043e-16 7.071067810058594
			vertex 11.685303688049316 6.123233998228043e-16 5.555702209472656
			vertex 12.315502166748047 -2.120148181915283 6.037671089172363
		endloop
	endfacet
	facet normal -0.746473582485463 -0.35949535154792567 0.5599466785924818
		outer loop
			vertex 12.315502166748047 -2.120148181915283 6.037671089172363
			vertex 12.058955192565918 -4.297662734985352 4.297662734985352
			vertex 13.642891883850098 -4.378852367401123 6.357108116149902
		endloop
	endfacet
	facet normal -0.6743313767901867 -0.30092212484836295 0.6743315720422688
		outer loop
			vertex 13.962328910827637 -2.120148181915283 7.684497356414795
			vertex 12.315502166748047 -2.120148181915283 6.037671089172363
			vertex 13.642891883850098 -4.378852367401123 6.357108116149902
		endloop
	endfacet
	facet normal -0.5599467147812984 -0.3594952122984947 0.746473622400746
		outer loop
			vertex 13.962328910827637 -2.120148181915283 7.684497356414795
			vertex 13.642891883850098 -4.378852367401123 6.357108116149902
			vertex 15.702337265014648 -4.297662734985352 7.941044807434082
		endloop
	endfacet
	facet normal -0.7002708798093261 -0.1387123130953932 0.7002710825721694
		outer loop
			vertex 12.928932189941406 6.123233998228043e-16 7.071067810058594
			vertex 12.315502166748047 -2.120148181915283 6.037671089172363
			vertex 13.962328910827637 -2.120148181915283 7.684497356414795
		endloop
	endfacet
	facet normal -0.5179102213944056 -0.1334245600467279 0.8449656143012775
		outer loop
			vertex 14.444297790527344 6.123233998228043e-16 8.314696311950684
			vertex 13.962328910827637 -2.120148181915283 7.684497356414795
			vertex 15.910923957824707 -2.084592819213867 8.884476661682129
		endloop
	endfacet
	facet normal -0.6320841277880282 -0.08524510984697796 0.7701966804950696
		outer loop
			vertex 14.444297790527344 6.123233998228043e-16 8.314696311950684
			vertex 12.928932189941406 6.123233998228043e-16 7.071067810058594
			vertex 13.962328910827637 -2.120148181915283 7.684497356414795
		endloop
	endfacet
	facet normal -0.4694737382814395 -0.8783240519423436 0.09022898006535224
		outer loop
			vertex 15.910923957824707 -8.884476661682129 2.084592819213867
			vertex 14.444297790527344 -8.314696311950684 6.123233998228043e-16
			vertex 16.173166275024414 -9.238795280456543 6.123233998228043e-16
		endloop
	endfacet
	facet normal -0.2889428255123447 -0.9525167061857058 0.09604149114875639
		outer loop
			vertex 18.049097061157227 -9.807852745056152 6.123233998228043e-16
			vertex 17.976652145385742 -9.581864356994629 2.0233471393585205
			vertex 16.173166275024414 -9.238795280456543 6.123233998228043e-16
		endloop
	endfacet
	facet normal -0.31432258196067675 -0.941636382884011 0.12050824411089113
		outer loop
			vertex 15.910923957824707 -8.884476661682129 2.084592819213867
			vertex 16.173166275024414 -9.238795280456543 6.123233998228043e-16
			vertex 17.976652145385742 -9.581864356994629 2.0233471393585205
		endloop
	endfacet
	facet normal -0.4961495903627767 -0.8145796669221291 0.3004921799646076
		outer loop
			vertex 15.702337265014648 -7.941044807434082 4.297662734985352
			vertex 13.962328910827637 -7.684497356414795 2.120148181915283
			vertex 15.910923957824707 -8.884476661682129 2.084592819213867
		endloop
	endfacet
	facet normal -0.2974558940640318 -0.9072154871236091 0.2974559648244429
		outer loop
			vertex 17.976652145385742 -9.581864356994629 2.0233471393585205
			vertex 17.915407180786133 -8.884476661682129 4.089075565338135
			vertex 15.910923957824707 -8.884476661682129 2.084592819213867
		endloop
	endfacet
	facet normal -0.3412200511438275 -0.8758639723154933 0.34122013231509213
		outer loop
			vertex 15.702337265014648 -7.941044807434082 4.297662734985352
			vertex 15.910923957824707 -8.884476661682129 2.084592819213867
			vertex 17.915407180786133 -8.884476661682129 4.089075565338135
		endloop
	endfacet
	facet normal -0.30049209351896305 -0.8145797106218139 0.4961495709721742
		outer loop
			vertex 17.915407180786133 -8.884476661682129 4.089075565338135
			vertex 17.879852294921875 -7.684497356414795 6.037671089172363
			vertex 15.702337265014648 -7.941044807434082 4.297662734985352
		endloop
	endfacet
	facet normal -0.10659729071454199 -0.9885717161652784 0.10659727768735806
		outer loop
			vertex 18.049097061157227 -9.807852745056152 6.123233998228043e-16
			vertex 20 -9.807852745056152 1.9509031772613525
			vertex 17.976652145385742 -9.581864356994629 2.0233471393585205
		endloop
	endfacet
	facet normal -0.09754970637895473 -0.9904383433089785 0.09754969445747005
		outer loop
			vertex 18.049097061157227 -9.807852745056152 6.123233998228043e-16
			vertex 20 -10 6.123233998228043e-16
			vertex 20 -9.807852745056152 1.9509031772613525
		endloop
	endfacet
	facet normal -0.12050842122941326 -0.9416363624535208 0.314322575260028
		outer loop
			vertex 17.976652145385742 -9.581864356994629 2.0233471393585205
			vertex 20 -9.238795280456543 3.8268344402313232
			vertex 17.915407180786133 -8.884476661682129 4.089075565338135
		endloop
	endfacet
	facet normal -0.09604159708729457 -0.9525167168061606 0.2889427552885421
		outer loop
			vertex 20 -9.807852745056152 1.9509031772613525
			vertex 20 -9.238795280456543 3.8268344402313232
			vertex 17.976652145385742 -9.581864356994629 2.0233471393585205
		endloop
	endfacet
	facet normal -0.0902292138899831 -0.8783239525124085 0.4694738793626076
		outer loop
			vertex 20 -9.238795280456543 3.8268344402313232
			vertex 20 -8.314696311950684 5.555702209472656
			vertex 17.915407180786133 -8.884476661682129 4.089075565338135
		endloop
	endfacet
	facet normal -0.35949518514140927 -0.7464735905907945 0.5599467746229375
		outer loop
			vertex 15.621148109436035 -6.357108116149902 6.357108116149902
			vertex 15.702337265014648 -7.941044807434082 4.297662734985352
			vertex 17.879852294921875 -7.684497356414795 6.037671089172363
		endloop
	endfacet
	facet normal -0.3009220601145843 -0.6743314888600394 0.6743314888600394
		outer loop
			vertex 17.879852294921875 -7.684497356414795 6.037671089172363
			vertex 17.879852294921875 -6.037671089172363 7.684497356414795
			vertex 15.621148109436035 -6.357108116149902 6.357108116149902
		endloop
	endfacet
	facet normal -0.35949518514140927 -0.5599467746229375 0.7464735905907945
		outer loop
			vertex 15.702337265014648 -4.297662734985352 7.941044807434082
			vertex 15.621148109436035 -6.357108116149902 6.357108116149902
			vertex 17.879852294921875 -6.037671089172363 7.684497356414795
		endloop
	endfacet
	facet normal -0.13342461730541844 -0.8449656500687277 0.5179101482890974
		outer loop
			vertex 17.915407180786133 -8.884476661682129 4.089075565338135
			vertex 20 -8.314696311950684 5.555702209472656
			vertex 17.879852294921875 -7.684497356414795 6.037671089172363
		endloop
	endfacet
	facet normal -0.08524512887992435 -0.7701966792363047 0.6320841267549866
		outer loop
			vertex 20 -8.314696311950684 5.555702209472656
			vertex 20 -7.071067810058594 7.071067810058594
			vertex 17.879852294921875 -7.684497356414795 6.037671089172363
		endloop
	endfacet
	facet normal -0.13871242092545333 -0.7002709705110586 0.7002709705110586
		outer loop
			vertex 17.879852294921875 -7.684497356414795 6.037671089172363
			vertex 20 -7.071067810058594 7.071067810058594
			vertex 17.879852294921875 -6.037671089172363 7.684497356414795
		endloop
	endfacet
	facet normal -0.13342461730541846 -0.5179101482890974 0.8449656500687278
		outer loop
			vertex 17.879852294921875 -6.037671089172363 7.684497356414795
			vertex 20 -5.555702209472656 8.314696311950684
			vertex 17.915407180786133 -4.089075565338135 8.884476661682129
		endloop
	endfacet
	facet normal -0.08524512887992435 -0.6320841267549866 0.7701966792363047
		outer loop
			vertex 20 -7.071067810058594 7.071067810058594
			vertex 20 -5.555702209472656 8.314696311950684
			vertex 17.879852294921875 -6.037671089172363 7.684497356414795
		endloop
	endfacet
	facet normal -0.4961495903627767 -0.3004921799646076 0.8145796669221291
		outer loop
			vertex 15.910923957824707 -2.084592819213867 8.884476661682129
			vertex 13.962328910827637 -2.120148181915283 7.684497356414795
			vertex 15.702337265014648 -4.297662734985352 7.941044807434082
		endloop
	endfacet
	facet normal -0.30049209351896305 -0.4961495709721742 0.8145797106218139
		outer loop
			vertex 17.879852294921875 -6.037671089172363 7.684497356414795
			vertex 17.915407180786133 -4.089075565338135 8.884476661682129
			vertex 15.702337265014648 -4.297662734985352 7.941044807434082
		endloop
	endfacet
	facet normal -0.3412200511438275 -0.34122013231509213 0.8758639723154933
		outer loop
			vertex 15.910923957824707 -2.084592819213867 8.884476661682129
			vertex 15.702337265014648 -4.297662734985352 7.941044807434082
			vertex 17.915407180786133 -4.089075565338135 8.884476661682129
		endloop
	endfacet
	facet normal -0.2974558940640318 -0.2974559648244429 0.9072154871236091
		outer loop
			vertex 17.915407180786133 -4.089075565338135 8.884476661682129
			vertex 17.976652145385742 -2.0233471393585205 9.581864356994629
			vertex 15.910923957824707 -2.084592819213867 8.884476661682129
		endloop
	endfacet
	facet normal -0.4694737382814395 -0.0902289800653522 0.8783240519423436
		outer loop
			vertex 16.173166275024414 6.123233998228043e-16 9.238795280456543
			vertex 14.444297790527344 6.123233998228043e-16 8.314696311950684
			vertex 15.910923957824707 -2.084592819213867 8.884476661682129
		endloop
	endfacet
	facet normal -0.3143225819606767 -0.12050824411089107 0.941636382884011
		outer loop
			vertex 16.173166275024414 6.123233998228043e-16 9.238795280456543
			vertex 15.910923957824707 -2.084592819213867 8.884476661682129
			vertex 17.976652145385742 -2.0233471393585205 9.581864356994629
		endloop
	endfacet
	facet normal -0.2889428255123447 -0.09604149114875635 0.9525167061857058
		outer loop
			vertex 17.976652145385742 -2.0233471393585205 9.581864356994629
			vertex 18.049097061157227 6.123233998228043e-16 9.807852745056152
			vertex 16.173166275024414 6.123233998228043e-16 9.238795280456543
		endloop
	endfacet
	facet normal -0.12050842122941326 -0.314322575260028 0.9416363624535208
		outer loop
			vertex 17.915407180786133 -4.089075565338135 8.884476661682129
			vertex 20 -3.8268344402313232 9.238795280456543
			vertex 17.976652145385742 -2.0233471393585205 9.581864356994629
		endloop
	endfacet
	facet normal -0.0902292138899831 -0.4694738793626076 0.8783239525124085
		outer loop
			vertex 20 -5.555702209472656 8.314696311950684
			vertex 20 -3.8268344402313232 9.238795280456543
			vertex 17.915407180786133 -4.089075565338135 8.884476661682129
		endloop
	endfacet
	facet normal -0.09604159708729457 -0.2889427552885421 0.9525167168061606
		outer loop
			vertex 20 -3.8268344402313232 9.238795280456543
			vertex 20 -1.9509031772613525 9.807852745056152
			vertex 17.976652145385742 -2.0233471393585205 9.581864356994629
		endloop
	endfacet
	facet normal -0.10659729071454199 -0.10659727768735798 0.9885717161652784
		outer loop
			vertex 17.976652145385742 -2.0233471393585205 9.581864356994629
			vertex 20 -1.9509031772613525 9.807852745056152
			vertex 18.049097061157227 6.123233998228043e-16 9.807852745056152
		endloop
	endfacet
	facet normal -0.09754970637895471 -0.09754969445746998 0.9904383433089786
		outer loop
			vertex 20 -1.9509031772613525 9.807852745056152
			vertex 20 6.123233998228043e-16 10
			vertex 18.049097061157227 6.123233998228043e-16 9.807852745056152
		endloop
	endfacet
	facet normal -0.7701966918681 0.08524493788275378 -0.6320841371216339
		outer loop
			vertex 12.928932189941406 6.123233998228043e-16 -7.071067810058594
			vertex 11.685303688049316 6.123233998228043e-16 -5.555702209472656
			vertex 12.315502166748047 2.120148181915283 -6.037671089172363
		endloop
	endfacet
	facet normal -0.8449657722645271 0.13342447029050172 -0.5179099868018673
		outer loop
			vertex 12.315502166748047 2.120148181915283 -6.037671089172363
			vertex 11.685303688049316 6.123233998228043e-16 -5.555702209472656
			vertex 11.115523338317871 2.084592819213867 -4.089075565338135
		endloop
	endfacet
	facet normal -0.6320841277880284 0.085245109846978 -0.7701966804950696
		outer loop
			vertex 14.444297790527344 6.123233998228043e-16 -8.314696311950684
			vertex 12.928932189941406 6.123233998228043e-16 -7.071067810058594
			vertex 13.962328910827637 2.120148181915283 -7.684497356414795
		endloop
	endfacet
	facet normal -0.5179102213944055 0.13342456004672792 -0.8449656143012774
		outer loop
			vertex 15.910923957824707 2.084592819213867 -8.884476661682129
			vertex 14.444297790527344 6.123233998228043e-16 -8.314696311950684
			vertex 13.962328910827637 2.120148181915283 -7.684497356414795
		endloop
	endfacet
	facet normal -0.7002708798093261 0.13871231309539325 -0.7002710825721694
		outer loop
			vertex 13.962328910827637 2.120148181915283 -7.684497356414795
			vertex 12.928932189941406 6.123233998228043e-16 -7.071067810058594
			vertex 12.315502166748047 2.120148181915283 -6.037671089172363
		endloop
	endfacet
	facet normal -0.6743313767901867 0.30092212484836295 -0.6743315720422688
		outer loop
			vertex 13.962328910827637 2.120148181915283 -7.684497356414795
			vertex 12.315502166748047 2.120148181915283 -6.037671089172363
			vertex 13.642891883850098 4.378852367401123 -6.357108116149902
		endloop
	endfacet
	facet normal -0.746473582485463 0.35949535154792567 -0.5599466785924818
		outer loop
			vertex 12.058955192565918 4.297662734985352 -4.297662734985352
			vertex 13.642891883850098 4.378852367401123 -6.357108116149902
			vertex 12.315502166748047 2.120148181915283 -6.037671089172363
		endloop
	endfacet
	facet normal -0.5599467147812984 0.3594952122984947 -0.746473622400746
		outer loop
			vertex 13.642891883850098 4.378852367401123 -6.357108116149902
			vertex 15.702337265014648 4.297662734985352 -7.941044807434082
			vertex 13.962328910827637 2.120148181915283 -7.684497356414795
		endloop
	endfacet
	facet normal -0.8783239525124085 0.09022921388998312 -0.4694738793626076
		outer loop
			vertex 11.685303688049316 6.123233998228043e-16 -5.555702209472656
			vertex 10.761204719543457 6.123233998228043e-16 -3.8268344402313232
			vertex 11.115523338317871 2.084592819213867 -4.089075565338135
		endloop
	endfacet
	facet normal -0.952516713700297 0.09604163072495678 -0.2889427543463888
		outer loop
			vertex 10.761204719543457 6.123233998228043e-16 -3.8268344402313232
			vertex 10.192147254943848 6.123233998228043e-16 -1.9509031772613525
			vertex 10.418135643005371 2.0233471393585205 -2.0233471393585205
		endloop
	endfacet
	facet normal -0.9416363742518076 0.1205084280080846 -0.31432253731625814
		outer loop
			vertex 11.115523338317871 2.084592819213867 -4.089075565338135
			vertex 10.761204719543457 6.123233998228043e-16 -3.8268344402313232
			vertex 10.418135643005371 2.0233471393585205 -2.0233471393585205
		endloop
	endfacet
	facet normal -0.9904383444607963 0.09754969457091422 -0.09754969457091417
		outer loop
			vertex 10.192147254943848 6.123233998228043e-16 -1.9509031772613525
			vertex 10 6.123233998228043e-16 6.123233998228043e-16
			vertex 10.192147254943848 1.9509031772613525 6.123233998228043e-16
		endloop
	endfacet
	facet normal -0.988571707220065 0.1065973256794145 -0.10659732567941443
		outer loop
			vertex 10.418135643005371 2.0233471393585205 -2.0233471393585205
			vertex 10.192147254943848 6.123233998228043e-16 -1.9509031772613525
			vertex 10.192147254943848 1.9509031772613525 6.123233998228043e-16
		endloop
	endfacet
	facet normal -0.9072155231145781 0.29745587455952394 -0.29745587455952394
		outer loop
			vertex 11.115523338317871 2.084592819213867 -4.089075565338135
			vertex 10.418135643005371 2.0233471393585205 -2.0233471393585205
			vertex 11.115523338317871 4.089075565338135 -2.084592819213867
		endloop
	endfacet
	facet normal -0.8145798147859042 0.3004921577069765 -0.49614936107987473
		outer loop
			vertex 12.315502166748047 2.120148181915283 -6.037671089172363
			vertex 11.115523338317871 2.084592819213867 -4.089075565338135
			vertex 12.058955192565918 4.297662734985352 -4.297662734985352
		endloop
	endfacet
	facet normal -0.8758639923954729 0.34122006595821924 -0.34122006595821924
		outer loop
			vertex 11.115523338317871 4.089075565338135 -2.084592819213867
			vertex 12.058955192565918 4.297662734985352 -4.297662734985352
			vertex 11.115523338317871 2.084592819213867 -4.089075565338135
		endloop
	endfacet
	facet normal -0.8145798147859042 0.49614936107987473 -0.3004921577069765
		outer loop
			vertex 11.115523338317871 4.089075565338135 -2.084592819213867
			vertex 12.315502166748047 6.037671089172363 -2.120148181915283
			vertex 12.058955192565918 4.297662734985352 -4.297662734985352
		endloop
	endfacet
	facet normal -0.9416363742518076 0.31432253731625814 -0.12050842800808456
		outer loop
			vertex 10.761204719543457 3.8268344402313232 6.123233998228043e-16
			vertex 11.115523338317871 4.089075565338135 -2.084592819213867
			vertex 10.418135643005371 2.0233471393585205 -2.0233471393585205
		endloop
	endfacet
	facet normal -0.952516713700297 0.2889427543463887 -0.09604163072495674
		outer loop
			vertex 10.418135643005371 2.0233471393585205 -2.0233471393585205
			vertex 10.192147254943848 1.9509031772613525 6.123233998228043e-16
			vertex 10.761204719543457 3.8268344402313232 6.123233998228043e-16
		endloop
	endfacet
	facet normal -0.8783239525124085 0.4694738793626076 -0.09022921388998308
		outer loop
			vertex 10.761204719543457 3.8268344402313232 6.123233998228043e-16
			vertex 11.685303688049316 5.555702209472656 6.123233998228043e-16
			vertex 11.115523338317871 4.089075565338135 -2.084592819213867
		endloop
	endfacet
	facet normal -0.6908859310700629 0.5112125928855099 -0.5112125928855099
		outer loop
			vertex 12.058955192565918 4.297662734985352 -4.297662734985352
			vertex 13.642891883850098 6.357108116149902 -4.378852367401123
			vertex 13.642891883850098 4.378852367401123 -6.357108116149902
		endloop
	endfacet
	facet normal -0.5112125584520137 0.5112126816742735 -0.6908858908505402
		outer loop
			vertex 13.642891883850098 4.378852367401123 -6.357108116149902
			vertex 15.621148109436035 6.357108116149902 -6.357108116149902
			vertex 15.702337265014648 4.297662734985352 -7.941044807434082
		endloop
	endfacet
	facet normal -0.5773501764136105 0.5773503155776278 -0.5773503155776278
		outer loop
			vertex 13.642891883850098 6.357108116149902 -4.378852367401123
			vertex 15.621148109436035 6.357108116149902 -6.357108116149902
			vertex 13.642891883850098 4.378852367401123 -6.357108116149902
		endloop
	endfacet
	facet normal -0.5112125584520137 0.6908858908505402 -0.5112126816742735
		outer loop
			vertex 13.642891883850098 6.357108116149902 -4.378852367401123
			vertex 15.702337265014648 7.941044807434082 -4.297662734985352
			vertex 15.621148109436035 6.357108116149902 -6.357108116149902
		endloop
	endfacet
	facet normal -0.8449657722645272 0.5179099868018673 -0.1334244702905017
		outer loop
			vertex 11.685303688049316 5.555702209472656 6.123233998228043e-16
			vertex 12.315502166748047 6.037671089172363 -2.120148181915283
			vertex 11.115523338317871 4.089075565338135 -2.084592819213867
		endloop
	endfacet
	facet normal -0.7701966918681001 0.6320841371216338 -0.08524493788275374
		outer loop
			vertex 11.685303688049316 5.555702209472656 6.123233998228043e-16
			vertex 12.928932189941406 7.071067810058594 6.123233998228043e-16
			vertex 12.315502166748047 6.037671089172363 -2.120148181915283
		endloop
	endfacet
	facet normal -0.746473582485463 0.5599466785924818 -0.35949535154792567
		outer loop
			vertex 12.315502166748047 6.037671089172363 -2.120148181915283
			vertex 13.642891883850098 6.357108116149902 -4.378852367401123
			vertex 12.058955192565918 4.297662734985352 -4.297662734985352
		endloop
	endfacet
	facet normal -0.6743313767901867 0.6743315720422688 -0.30092212484836295
		outer loop
			vertex 12.315502166748047 6.037671089172363 -2.120148181915283
			vertex 13.962328910827637 7.684497356414795 -2.120148181915283
			vertex 13.642891883850098 6.357108116149902 -4.378852367401123
		endloop
	endfacet
	facet normal -0.5599467147812984 0.746473622400746 -0.3594952122984947
		outer loop
			vertex 13.962328910827637 7.684497356414795 -2.120148181915283
			vertex 15.702337265014648 7.941044807434082 -4.297662734985352
			vertex 13.642891883850098 6.357108116149902 -4.378852367401123
		endloop
	endfacet
	facet normal -0.7002708798093261 0.7002710825721694 -0.1387123130953932
		outer loop
			vertex 12.928932189941406 7.071067810058594 6.123233998228043e-16
			vertex 13.962328910827637 7.684497356414795 -2.120148181915283
			vertex 12.315502166748047 6.037671089172363 -2.120148181915283
		endloop
	endfacet
	facet normal -0.5179102213944056 0.8449656143012775 -0.1334245600467279
		outer loop
			vertex 14.444297790527344 8.314696311950684 6.123233998228043e-16
			vertex 15.910923957824707 8.884476661682129 -2.084592819213867
			vertex 13.962328910827637 7.684497356414795 -2.120148181915283
		endloop
	endfacet
	facet normal -0.6320841277880282 0.7701966804950696 -0.08524510984697796
		outer loop
			vertex 12.928932189941406 7.071067810058594 6.123233998228043e-16
			vertex 14.444297790527344 8.314696311950684 6.123233998228043e-16
			vertex 13.962328910827637 7.684497356414795 -2.120148181915283
		endloop
	endfacet
	facet normal -0.4694737382814395 0.09022898006535224 -0.8783240519423436
		outer loop
			vertex 16.173166275024414 6.123233998228043e-16 -9.238795280456543
			vertex 14.444297790527344 6.123233998228043e-16 -8.314696311950684
			vertex 15.910923957824707 2.084592819213867 -8.884476661682129
		endloop
	endfacet
	facet normal -0.2889428255123447 0.09604149114875639 -0.9525167061857058
		outer loop
			vertex 18.049097061157227 6.123233998228043e-16 -9.807852745056152
			vertex 16.173166275024414 6.123233998228043e-16 -9.238795280456543
			vertex 17.976652145385742 2.0233471393585205 -9.581864356994629
		endloop
	endfacet
	facet normal -0.31432258196067675 0.12050824411089113 -0.941636382884011
		outer loop
			vertex 17.976652145385742 2.0233471393585205 -9.581864356994629
			vertex 16.173166275024414 6.123233998228043e-16 -9.238795280456543
			vertex 15.910923957824707 2.084592819213867 -8.884476661682129
		endloop
	endfacet
	facet normal -0.4961495903627767 0.3004921799646076 -0.8145796669221291
		outer loop
			vertex 15.910923957824707 2.084592819213867 -8.884476661682129
			vertex 13.962328910827637 2.120148181915283 -7.684497356414795
			vertex 15.702337265014648 4.297662734985352 -7.941044807434082
		endloop
	endfacet
	facet normal -0.2974558940640318 0.2974559648244429 -0.9072154871236091
		outer loop
			vertex 17.976652145385742 2.0233471393585205 -9.581864356994629
			vertex 15.910923957824707 2.084592819213867 -8.884476661682129
			vertex 17.915407180786133 4.089075565338135 -8.884476661682129
		endloop
	endfacet
	facet normal -0.3412200511438275 0.34122013231509213 -0.8758639723154933
		outer loop
			vertex 15.702337265014648 4.297662734985352 -7.941044807434082
			vertex 17.915407180786133 4.089075565338135 -8.884476661682129
			vertex 15.910923957824707 2.084592819213867 -8.884476661682129
		endloop
	endfacet
	facet normal -0.30049209351896305 0.4961495709721742 -0.8145797106218139
		outer loop
			vertex 15.702337265014648 4.297662734985352 -7.941044807434082
			vertex 17.879852294921875 6.037671089172363 -7.684497356414795
			vertex 17.915407180786133 4.089075565338135 -8.884476661682129
		endloop
	endfacet
	facet normal -0.10659729071454198 0.10659727768735806 -0.9885717161652785
		outer loop
			vertex 20 1.9509031772613525 -9.807852745056152
			vertex 18.049097061157227 6.123233998228043e-16 -9.807852745056152
			vertex 17.976652145385742 2.0233471393585205 -9.581864356994629
		endloop
	endfacet
	facet normal -0.09754970637895473 0.09754969445747005 -0.9904383433089785
		outer loop
			vertex 20 1.9509031772613525 -9.807852745056152
			vertex 20 6.123233998228043e-16 -10
			vertex 18.049097061157227 6.123233998228043e-16 -9.807852745056152
		endloop
	endfacet
	facet normal -0.12050842122941326 0.314322575260028 -0.9416363624535208
		outer loop
			vertex 17.915407180786133 4.089075565338135 -8.884476661682129
			vertex 20 3.8268344402313232 -9.238795280456543
			vertex 17.976652145385742 2.0233471393585205 -9.581864356994629
		endloop
	endfacet
	facet normal -0.09604159708729457 0.2889427552885421 -0.9525167168061606
		outer loop
			vertex 20 1.9509031772613525 -9.807852745056152
			vertex 17.976652145385742 2.0233471393585205 -9.581864356994629
			vertex 20 3.8268344402313232 -9.238795280456543
		endloop
	endfacet
	facet normal -0.0902292138899831 0.4694738793626076 -0.8783239525124085
		outer loop
			vertex 17.915407180786133 4.089075565338135 -8.884476661682129
			vertex 20 5.555702209472656 -8.314696311950684
			vertex 20 3.8268344402313232 -9.238795280456543
		endloop
	endfacet
	facet normal -0.35949518514140927 0.5599467746229375 -0.7464735905907945
		outer loop
			vertex 15.621148109436035 6.357108116149902 -6.357108116149902
			vertex 17.879852294921875 6.037671089172363 -7.684497356414795
			vertex 15.702337265014648 4.297662734985352 -7.941044807434082
		endloop
	endfacet
	facet normal -0.3009220601145843 0.6743314888600394 -0.6743314888600394
		outer loop
			vertex 15.621148109436035 6.357108116149902 -6.357108116149902
			vertex 17.879852294921875 7.684497356414795 -6.037671089172363
			vertex 17.879852294921875 6.037671089172363 -7.684497356414795
		endloop
	endfacet
	facet normal -0.35949518514140927 0.7464735905907945 -0.5599467746229375
		outer loop
			vertex 15.702337265014648 7.941044807434082 -4.297662734985352
			vertex 17.879852294921875 7.684497356414795 -6.037671089172363
			vertex 15.621148109436035 6.357108116149902 -6.357108116149902
		endloop
	endfacet
	facet normal -0.13342461730541846 0.5179101482890974 -0.8449656500687278
		outer loop
			vertex 17.879852294921875 6.037671089172363 -7.684497356414795
			vertex 20 5.555702209472656 -8.314696311950684
			vertex 17.915407180786133 4.089075565338135 -8.884476661682129
		endloop
	endfacet
	facet normal -0.08524512887992435 0.6320841267549866 -0.7701966792363047
		outer loop
			vertex 17.879852294921875 6.037671089172363 -7.684497356414795
			vertex 20 7.071067810058594 -7.071067810058594
			vertex 20 5.555702209472656 -8.314696311950684
		endloop
	endfacet
	facet normal -0.13871242092545333 0.7002709705110586 -0.7002709705110586
		outer loop
			vertex 17.879852294921875 7.684497356414795 -6.037671089172363
			vertex 20 7.071067810058594 -7.071067810058594
			vertex 17.879852294921875 6.037671089172363 -7.684497356414795
		endloop
	endfacet
	facet normal -0.13342461730541844 0.8449656500687277 -0.5179101482890974
		outer loop
			vertex 17.915407180786133 8.884476661682129 -4.089075565338135
			vertex 20 8.314696311950684 -5.555702209472656
			vertex 17.879852294921875 7.684497356414795 -6.037671089172363
		endloop
	endfacet
	facet normal -0.08524512887992435 0.7701966792363047 -0.6320841267549866
		outer loop
			vertex 17.879852294921875 7.684497356414795 -6.037671089172363
			vertex 20 8.314696311950684 -5.555702209472656
			vertex 20 7.071067810058594 -7.071067810058594
		endloop
	endfacet
	facet normal -0.4961495903627767 0.8145796669221291 -0.3004921799646076
		outer loop
			vertex 13.962328910827637 7.684497356414795 -2.120148181915283
			vertex 15.910923957824707 8.884476661682129 -2.084592819213867
			vertex 15.702337265014648 7.941044807434082 -4.297662734985352
		endloop
	endfacet
	facet normal -0.30049209351896305 0.8145797106218139 -0.4961495709721742
		outer loop
			vertex 15.702337265014648 7.941044807434082 -4.297662734985352
			vertex 17.915407180786133 8.884476661682129 -4.089075565338135
			vertex 17.879852294921875 7.684497356414795 -6.037671089172363
		endloop
	endfacet
	facet normal -0.3412200511438275 0.8758639723154933 -0.34122013231509213
		outer loop
			vertex 15.910923957824707 8.884476661682129 -2.084592819213867
			vertex 17.915407180786133 8.884476661682129 -4.089075565338135
			vertex 15.702337265014648 7.941044807434082 -4.297662734985352
		endloop
	endfacet
	facet normal -0.2974558940640318 0.9072154871236091 -0.2974559648244429
		outer loop
			vertex 15.910923957824707 8.884476661682129 -2.084592819213867
			vertex 17.976652145385742 9.581864356994629 -2.0233471393585205
			vertex 17.915407180786133 8.884476661682129 -4.089075565338135
		endloop
	endfacet
	facet normal -0.4694737382814395 0.8783240519423436 -0.0902289800653522
		outer loop
			vertex 14.444297790527344 8.314696311950684 6.123233998228043e-16
			vertex 16.173166275024414 9.238795280456543 6.123233998228043e-16
			vertex 15.910923957824707 8.884476661682129 -2.084592819213867
		endloop
	endfacet
	facet normal -0.3143225819606767 0.941636382884011 -0.12050824411089107
		outer loop
			vertex 16.173166275024414 9.238795280456543 6.123233998228043e-16
			vertex 17.976652145385742 9.581864356994629 -2.0233471393585205
			vertex 15.910923957824707 8.884476661682129 -2.084592819213867
		endloop
	endfacet
	facet normal -0.2889428255123447 0.9525167061857058 -0.09604149114875635
		outer loop
			vertex 16.173166275024414 9.238795280456543 6.123233998228043e-16
			vertex 18.049097061157227 9.807852745056152 6.123233998228043e-16
			vertex 17.976652145385742 9.581864356994629 -2.0233471393585205
		endloop
	endfacet
	facet normal -0.12050842122941326 0.9416363624535208 -0.314322575260028
		outer loop
			vertex 17.976652145385742 9.581864356994629 -2.0233471393585205
			vertex 20 9.238795280456543 -3.8268344402313232
			vertex 17.915407180786133 8.884476661682129 -4.089075565338135
		endloop
	endfacet
	facet normal -0.0902292138899831 0.8783239525124085 -0.4694738793626076
		outer loop
			vertex 17.915407180786133 8.884476661682129 -4.089075565338135
			vertex 20 9.238795280456543 -3.8268344402313232
			vertex 20 8.314696311950684 -5.555702209472656
		endloop
	endfacet
	facet normal -0.09604159708729457 0.9525167168061606 -0.2889427552885421
		outer loop
			vertex 17.976652145385742 9.581864356994629 -2.0233471393585205
			vertex 20 9.807852745056152 -1.9509031772613525
			vertex 20 9.238795280456543 -3.8268344402313232
		endloop
	endfacet
	facet normal -0.10659729071454199 0.9885717161652784 -0.10659727768735798
		outer loop
			vertex 18.049097061157227 9.807852745056152 6.123233998228043e-16
			vertex 20 9.807852745056152 -1.9509031772613525
			vertex 17.976652145385742 9.581864356994629 -2.0233471393585205
		endloop
	endfacet
	facet normal -0.09754970637895471 0.9904383433089786 -0.09754969445746998
		outer loop
			vertex 18.049097061157227 9.807852745056152 6.123233998228043e-16
			vertex 20 10 6.123233998228043e-16
			vertex 20 9.807852745056152 -1.9509031772613525
		endloop
	endfacet
	facet normal -0.9904383444607963 0.09754969457091424 0.09754969457091424
		outer loop
			vertex 10.192147254943848 1.9509031772613525 6.123233998228043e-16
			vertex 10 6.123233998228043e-16 6.123233998228043e-16
			vertex 10.192147254943848 6.123233998228043e-16 1.9509031772613525
		endloop
	endfacet
	facet normal -0.988571707220065 0.10659732567941449 0.10659732567941449
		outer loop
			vertex 10.192147254943848 1.9509031772613525 6.123233998228043e-16
			vertex 10.192147254943848 6.123233998228043e-16 1.9509031772613525
			vertex 10.418135643005371 2.0233471393585205 2.0233471393585205
		endloop
	endfacet
	facet normal -0.952516713700297 0.09604163072495678 0.2889427543463888
		outer loop
			vertex 10.192147254943848 6.123233998228043e-16 1.9509031772613525
			vertex 10.761204719543457 6.123233998228043e-16 3.8268344402313232
			vertex 10.418135643005371 2.0233471393585205 2.0233471393585205
		endloop
	endfacet
	facet normal -0.8783239525124085 0.09022921388998312 0.4694738793626076
		outer loop
			vertex 10.761204719543457 6.123233998228043e-16 3.8268344402313232
			vertex 11.685303688049316 6.123233998228043e-16 5.555702209472656
			vertex 11.115523338317871 2.084592819213867 4.089075565338135
		endloop
	endfacet
	facet normal -0.9416363742518076 0.1205084280080846 0.31432253731625814
		outer loop
			vertex 10.418135643005371 2.0233471393585205 2.0233471393585205
			vertex 10.761204719543457 6.123233998228043e-16 3.8268344402313232
			vertex 11.115523338317871 2.084592819213867 4.089075565338135
		endloop
	endfacet
	facet normal -0.952516713700297 0.2889427543463888 0.09604163072495678
		outer loop
			vertex 10.192147254943848 1.9509031772613525 6.123233998228043e-16
			vertex 10.418135643005371 2.0233471393585205 2.0233471393585205
			vertex 10.761204719543457 3.8268344402313232 6.123233998228043e-16
		endloop
	endfacet
	facet normal -0.9416363742518076 0.31432253731625814 0.1205084280080846
		outer loop
			vertex 11.115523338317871 4.089075565338135 2.084592819213867
			vertex 10.761204719543457 3.8268344402313232 6.123233998228043e-16
			vertex 10.418135643005371 2.0233471393585205 2.0233471393585205
		endloop
	endfacet
	facet normal -0.8783239525124085 0.4694738793626076 0.09022921388998312
		outer loop
			vertex 11.115523338317871 4.089075565338135 2.084592819213867
			vertex 11.685303688049316 5.555702209472656 6.123233998228043e-16
			vertex 10.761204719543457 3.8268344402313232 6.123233998228043e-16
		endloop
	endfacet
	facet normal -0.9072155231145781 0.29745587455952394 0.29745587455952394
		outer loop
			vertex 10.418135643005371 2.0233471393585205 2.0233471393585205
			vertex 11.115523338317871 2.084592819213867 4.089075565338135
			vertex 11.115523338317871 4.089075565338135 2.084592819213867
		endloop
	endfacet
	facet normal -0.8758639923954729 0.34122006595821924 0.34122006595821924
		outer loop
			vertex 12.058955192565918 4.297662734985352 4.297662734985352
			vertex 11.115523338317871 4.089075565338135 2.084592819213867
			vertex 11.115523338317871 2.084592819213867 4.089075565338135
		endloop
	endfacet
	facet normal -0.8145798147859042 0.3004921577069765 0.49614936107987473
		outer loop
			vertex 11.115523338317871 2.084592819213867 4.089075565338135
			vertex 12.315502166748047 2.120148181915283 6.037671089172363
			vertex 12.058955192565918 4.297662734985352 4.297662734985352
		endloop
	endfacet
	facet normal -0.8145798147859042 0.49614936107987473 0.3004921577069765
		outer loop
			vertex 12.058955192565918 4.297662734985352 4.297662734985352
			vertex 12.315502166748047 6.037671089172363 2.120148181915283
			vertex 11.115523338317871 4.089075565338135 2.084592819213867
		endloop
	endfacet
	facet normal -0.7701966918681 0.08524493788275378 0.6320841371216339
		outer loop
			vertex 11.685303688049316 6.123233998228043e-16 5.555702209472656
			vertex 12.928932189941406 6.123233998228043e-16 7.071067810058594
			vertex 12.315502166748047 2.120148181915283 6.037671089172363
		endloop
	endfacet
	facet normal -0.8449657722645271 0.13342447029050172 0.5179099868018673
		outer loop
			vertex 11.115523338317871 2.084592819213867 4.089075565338135
			vertex 11.685303688049316 6.123233998228043e-16 5.555702209472656
			vertex 12.315502166748047 2.120148181915283 6.037671089172363
		endloop
	endfacet
	facet normal -0.7002708798093261 0.13871231309539325 0.7002710825721694
		outer loop
			vertex 12.315502166748047 2.120148181915283 6.037671089172363
			vertex 12.928932189941406 6.123233998228043e-16 7.071067810058594
			vertex 13.962328910827637 2.120148181915283 7.684497356414795
		endloop
	endfacet
	facet normal -0.6320841277880284 0.085245109846978 0.7701966804950696
		outer loop
			vertex 12.928932189941406 6.123233998228043e-16 7.071067810058594
			vertex 14.444297790527344 6.123233998228043e-16 8.314696311950684
			vertex 13.962328910827637 2.120148181915283 7.684497356414795
		endloop
	endfacet
	facet normal -0.5179102213944055 0.13342456004672792 0.8449656143012774
		outer loop
			vertex 13.962328910827637 2.120148181915283 7.684497356414795
			vertex 14.444297790527344 6.123233998228043e-16 8.314696311950684
			vertex 15.910923957824707 2.084592819213867 8.884476661682129
		endloop
	endfacet
	facet normal -0.746473582485463 0.35949535154792567 0.5599466785924818
		outer loop
			vertex 13.642891883850098 4.378852367401123 6.357108116149902
			vertex 12.058955192565918 4.297662734985352 4.297662734985352
			vertex 12.315502166748047 2.120148181915283 6.037671089172363
		endloop
	endfacet
	facet normal -0.6743313767901867 0.30092212484836295 0.6743315720422688
		outer loop
			vertex 12.315502166748047 2.120148181915283 6.037671089172363
			vertex 13.962328910827637 2.120148181915283 7.684497356414795
			vertex 13.642891883850098 4.378852367401123 6.357108116149902
		endloop
	endfacet
	facet normal -0.5599467147812984 0.3594952122984947 0.746473622400746
		outer loop
			vertex 15.702337265014648 4.297662734985352 7.941044807434082
			vertex 13.642891883850098 4.378852367401123 6.357108116149902
			vertex 13.962328910827637 2.120148181915283 7.684497356414795
		endloop
	endfacet
	facet normal -0.7701966918681 0.6320841371216339 0.08524493788275378
		outer loop
			vertex 12.315502166748047 6.037671089172363 2.120148181915283
			vertex 12.928932189941406 7.071067810058594 6.123233998228043e-16
			vertex 11.685303688049316 5.555702209472656 6.123233998228043e-16
		endloop
	endfacet
	facet normal -0.8449657722645271 0.5179099868018673 0.13342447029050172
		outer loop
			vertex 12.315502166748047 6.037671089172363 2.120148181915283
			vertex 11.685303688049316 5.555702209472656 6.123233998228043e-16
			vertex 11.115523338317871 4.089075565338135 2.084592819213867
		endloop
	endfacet
	facet normal -0.7002708798093261 0.7002710825721694 0.13871231309539325
		outer loop
			vertex 13.962328910827637 7.684497356414795 2.120148181915283
			vertex 12.928932189941406 7.071067810058594 6.123233998228043e-16
			vertex 12.315502166748047 6.037671089172363 2.120148181915283
		endloop
	endfacet
	facet normal -0.746473582485463 0.5599466785924818 0.35949535154792567
		outer loop
			vertex 13.642891883850098 6.357108116149902 4.378852367401123
			vertex 12.315502166748047 6.037671089172363 2.120148181915283
			vertex 12.058955192565918 4.297662734985352 4.297662734985352
		endloop
	endfacet
	facet normal -0.6743313767901867 0.6743315720422688 0.30092212484836295
		outer loop
			vertex 13.642891883850098 6.357108116149902 4.378852367401123
			vertex 13.962328910827637 7.684497356414795 2.120148181915283
			vertex 12.315502166748047 6.037671089172363 2.120148181915283
		endloop
	endfacet
	facet normal -0.5599467147812984 0.746473622400746 0.3594952122984947
		outer loop
			vertex 15.702337265014648 7.941044807434082 4.297662734985352
			vertex 13.962328910827637 7.684497356414795 2.120148181915283
			vertex 13.642891883850098 6.357108116149902 4.378852367401123
		endloop
	endfacet
	facet normal -0.6320841277880284 0.7701966804950696 0.085245109846978
		outer loop
			vertex 13.962328910827637 7.684497356414795 2.120148181915283
			vertex 14.444297790527344 8.314696311950684 6.123233998228043e-16
			vertex 12.928932189941406 7.071067810058594 6.123233998228043e-16
		endloop
	endfacet
	facet normal -0.5179102213944055 0.8449656143012774 0.13342456004672792
		outer loop
			vertex 15.910923957824707 8.884476661682129 2.084592819213867
			vertex 14.444297790527344 8.314696311950684 6.123233998228043e-16
			vertex 13.962328910827637 7.684497356414795 2.120148181915283
		endloop
	endfacet
	facet normal -0.6908859310700629 0.5112125928855099 0.5112125928855099
		outer loop
			vertex 13.642891883850098 4.378852367401123 6.357108116149902
			vertex 13.642891883850098 6.357108116149902 4.378852367401123
			vertex 12.058955192565918 4.297662734985352 4.297662734985352
		endloop
	endfacet
	facet normal -0.5773501764136105 0.5773503155776278 0.5773503155776278
		outer loop
			vertex 15.621148109436035 6.357108116149902 6.357108116149902
			vertex 13.642891883850098 6.357108116149902 4.378852367401123
			vertex 13.642891883850098 4.378852367401123 6.357108116149902
		endloop
	endfacet
	facet normal -0.5112125584520137 0.5112126816742735 0.6908858908505402
		outer loop
			vertex 15.702337265014648 4.297662734985352 7.941044807434082
			vertex 15.621148109436035 6.357108116149902 6.357108116149902
			vertex 13.642891883850098 4.378852367401123 6.357108116149902
		endloop
	endfacet
	facet normal -0.5112125584520137 0.6908858908505402 0.5112126816742735
		outer loop
			vertex 15.621148109436035 6.357108116149902 6.357108116149902
			vertex 15.702337265014648 7.941044807434082 4.297662734985352
			vertex 13.642891883850098 6.357108116149902 4.378852367401123
		endloop
	endfacet
	facet normal -0.4694737382814395 0.09022898006535224 0.8783240519423436
		outer loop
			vertex 14.444297790527344 6.123233998228043e-16 8.314696311950684
			vertex 16.173166275024414 6.123233998228043e-16 9.238795280456543
			vertex 15.910923957824707 2.084592819213867 8.884476661682129
		endloop
	endfacet
	facet normal -0.2889428255123447 0.09604149114875639 0.9525167061857058
		outer loop
			vertex 16.173166275024414 6.123233998228043e-16 9.238795280456543
			vertex 18.049097061157227 6.123233998228043e-16 9.807852745056152
			vertex 17.976652145385742 2.0233471393585205 9.581864356994629
		endloop
	endfacet
	facet normal -0.31432258196067675 0.12050824411089113 0.941636382884011
		outer loop
			vertex 15.910923957824707 2.084592819213867 8.884476661682129
			vertex 16.173166275024414 6.123233998228043e-16 9.238795280456543
			vertex 17.976652145385742 2.0233471393585205 9.581864356994629
		endloop
	endfacet
	facet normal -0.4961495903627767 0.3004921799646076 0.8145796669221291
		outer loop
			vertex 13.962328910827637 2.120148181915283 7.684497356414795
			vertex 15.910923957824707 2.084592819213867 8.884476661682129
			vertex 15.702337265014648 4.297662734985352 7.941044807434082
		endloop
	endfacet
	facet normal -0.3412200511438275 0.34122013231509213 0.8758639723154933
		outer loop
			vertex 17.915407180786133 4.089075565338135 8.884476661682129
			vertex 15.702337265014648 4.297662734985352 7.941044807434082
			vertex 15.910923957824707 2.084592819213867 8.884476661682129
		endloop
	endfacet
	facet normal -0.2974558940640318 0.2974559648244429 0.9072154871236091
		outer loop
			vertex 15.910923957824707 2.084592819213867 8.884476661682129
			vertex 17.976652145385742 2.0233471393585205 9.581864356994629
			vertex 17.915407180786133 4.089075565338135 8.884476661682129
		endloop
	endfacet
	facet normal -0.30049209351896305 0.4961495709721742 0.8145797106218139
		outer loop
			vertex 17.915407180786133 4.089075565338135 8.884476661682129
			vertex 17.879852294921875 6.037671089172363 7.684497356414795
			vertex 15.702337265014648 4.297662734985352 7.941044807434082
		endloop
	endfacet
	facet normal -0.10659729071454198 0.10659727768735806 0.9885717161652785
		outer loop
			vertex 17.976652145385742 2.0233471393585205 9.581864356994629
			vertex 18.049097061157227 6.123233998228043e-16 9.807852745056152
			vertex 20 1.9509031772613525 9.807852745056152
		endloop
	endfacet
	facet normal -0.09754970637895473 0.09754969445747005 0.9904383433089785
		outer loop
			vertex 18.049097061157227 6.123233998228043e-16 9.807852745056152
			vertex 20 6.123233998228043e-16 10
			vertex 20 1.9509031772613525 9.807852745056152
		endloop
	endfacet
	facet normal -0.12050842122941326 0.314322575260028 0.9416363624535208
		outer loop
			vertex 20 3.8268344402313232 9.238795280456543
			vertex 17.915407180786133 4.089075565338135 8.884476661682129
			vertex 17.976652145385742 2.0233471393585205 9.581864356994629
		endloop
	endfacet
	facet normal -0.09604159708729457 0.2889427552885421 0.9525167168061606
		outer loop
			vertex 17.976652145385742 2.0233471393585205 9.581864356994629
			vertex 20 1.9509031772613525 9.807852745056152
			vertex 20 3.8268344402313232 9.238795280456543
		endloop
	endfacet
	facet normal -0.0902292138899831 0.4694738793626076 0.8783239525124085
		outer loop
			vertex 20 3.8268344402313232 9.238795280456543
			vertex 20 5.555702209472656 8.314696311950684
			vertex 17.915407180786133 4.089075565338135 8.884476661682129
		endloop
	endfacet
	facet normal -0.4694737382814395 0.8783240519423436 0.09022898006535224
		outer loop
			vertex 15.910923957824707 8.884476661682129 2.084592819213867
			vertex 16.173166275024414 9.238795280456543 6.123233998228043e-16
			vertex 14.444297790527344 8.314696311950684 6.123233998228043e-16
		endloop
	endfacet
	facet normal -0.2889428255123447 0.9525167061857058 0.09604149114875639
		outer loop
			vertex 17.976652145385742 9.581864356994629 2.0233471393585205
			vertex 18.049097061157227 9.807852745056152 6.123233998228043e-16
			vertex 16.173166275024414 9.238795280456543 6.123233998228043e-16
		endloop
	endfacet
	facet normal -0.31432258196067675 0.941636382884011 0.12050824411089113
		outer loop
			vertex 17.976652145385742 9.581864356994629 2.0233471393585205
			vertex 16.173166275024414 9.238795280456543 6.123233998228043e-16
			vertex 15.910923957824707 8.884476661682129 2.084592819213867
		endloop
	endfacet
	facet normal -0.4961495903627767 0.8145796669221291 0.3004921799646076
		outer loop
			vertex 15.702337265014648 7.941044807434082 4.297662734985352
			vertex 15.910923957824707 8.884476661682129 2.084592819213867
			vertex 13.962328910827637 7.684497356414795 2.120148181915283
		endloop
	endfacet
	facet normal -0.3412200511438275 0.8758639723154933 0.34122013231509213
		outer loop
			vertex 17.915407180786133 8.884476661682129 4.089075565338135
			vertex 15.910923957824707 8.884476661682129 2.084592819213867
			vertex 15.702337265014648 7.941044807434082 4.297662734985352
		endloop
	endfacet
	facet normal -0.30049209351896305 0.8145797106218139 0.4961495709721742
		outer loop
			vertex 17.879852294921875 7.684497356414795 6.037671089172363
			vertex 17.915407180786133 8.884476661682129 4.089075565338135
			vertex 15.702337265014648 7.941044807434082 4.297662734985352
		endloop
	endfacet
	facet normal -0.2974558940640318 0.9072154871236091 0.2974559648244429
		outer loop
			vertex 17.915407180786133 8.884476661682129 4.089075565338135
			vertex 17.976652145385742 9.581864356994629 2.0233471393585205
			vertex 15.910923957824707 8.884476661682129 2.084592819213867
		endloop
	endfacet
	facet normal -0.10659729071454195 0.9885717161652783 0.10659727768735804
		outer loop
			vertex 20 9.807852745056152 1.9509031772613525
			vertex 18.049097061157227 9.807852745056152 6.123233998228043e-16
			vertex 17.976652145385742 9.581864356994629 2.0233471393585205
		endloop
	endfacet
	facet normal -0.09754970637895473 0.9904383433089785 0.09754969445747005
		outer loop
			vertex 20 9.807852745056152 1.9509031772613525
			vertex 20 10 6.123233998228043e-16
			vertex 18.049097061157227 9.807852745056152 6.123233998228043e-16
		endloop
	endfacet
	facet normal -0.12050842122941326 0.9416363624535208 0.314322575260028
		outer loop
			vertex 20 9.238795280456543 3.8268344402313232
			vertex 17.976652145385742 9.581864356994629 2.0233471393585205
			vertex 17.915407180786133 8.884476661682129 4.089075565338135
		endloop
	endfacet
	facet normal -0.09604159708729457 0.9525167168061606 0.2889427552885421
		outer loop
			vertex 20 9.238795280456543 3.8268344402313232
			vertex 20 9.807852745056152 1.9509031772613525
			vertex 17.976652145385742 9.581864356994629 2.0233471393585205
		endloop
	endfacet
	facet normal -0.0902292138899831 0.8783239525124085 0.4694738793626076
		outer loop
			vertex 20 8.314696311950684 5.555702209472656
			vertex 20 9.238795280456543 3.8268344402313232
			vertex 17.915407180786133 8.884476661682129 4.089075565338135
		endloop
	endfacet
	facet normal -0.35949518514140927 0.5599467746229375 0.7464735905907945
		outer loop
			vertex 17.879852294921875 6.037671089172363 7.684497356414795
			vertex 15.621148109436035 6.357108116149902 6.357108116149902
			vertex 15.702337265014648 4.297662734985352 7.941044807434082
		endloop
	endfacet
	facet normal -0.35949518514140927 0.7464735905907945 0.5599467746229375
		outer loop
			vertex 17.879852294921875 7.684497356414795 6.037671089172363
			vertex 15.702337265014648 7.941044807434082 4.297662734985352
			vertex 15.621148109436035 6.357108116149902 6.357108116149902
		endloop
	endfacet
	facet normal -0.3009220601145843 0.6743314888600394 0.6743314888600394
		outer loop
			vertex 17.879852294921875 6.037671089172363 7.684497356414795
			vertex 17.879852294921875 7.684497356414795 6.037671089172363
			vertex 15.621148109436035 6.357108116149902 6.357108116149902
		endloop
	endfacet
	facet normal -0.13871242092545333 0.7002709705110586 0.7002709705110586
		outer loop
			vertex 20 7.071067810058594 7.071067810058594
			vertex 17.879852294921875 7.684497356414795 6.037671089172363
			vertex 17.879852294921875 6.037671089172363 7.684497356414795
		endloop
	endfacet
	facet normal -0.13342461730541846 0.5179101482890974 0.8449656500687278
		outer loop
			vertex 20 5.555702209472656 8.314696311950684
			vertex 17.879852294921875 6.037671089172363 7.684497356414795
			vertex 17.915407180786133 4.089075565338135 8.884476661682129
		endloop
	endfacet
	facet normal -0.08524512887992435 0.6320841267549866 0.7701966792363047
		outer loop
			vertex 20 5.555702209472656 8.314696311950684
			vertex 20 7.071067810058594 7.071067810058594
			vertex 17.879852294921875 6.037671089172363 7.684497356414795
		endloop
	endfacet
	facet normal -0.13342461730541844 0.8449656500687277 0.5179101482890974
		outer loop
			vertex 20 8.314696311950684 5.555702209472656
			vertex 17.915407180786133 8.884476661682129 4.089075565338135
			vertex 17.879852294921875 7.684497356414795 6.037671089172363
		endloop
	endfacet
	facet normal -0.08524512887992435 0.7701966792363047 0.6320841267549866
		outer loop
			vertex 20 7.071067810058594 7.071067810058594
			vertex 20 8.314696311950684 5.555702209472656
			vertex 17.879852294921875 7.684497356414795 6.037671089172363
		endloop
	endfacet
	facet normal 0.08524512887992435 -0.7701966792363047 -0.6320841267549866
		outer loop
			vertex 22.120147705078125 -7.684497356414795 -6.037671089172363
			vertex 20 -8.314696311950684 -5.555702209472656
			vertex 20 -7.071067810058594 -7.071067810058594
		endloop
	endfacet
	facet normal 0.13342461730541844 -0.8449656500687277 -0.5179101482890974
		outer loop
			vertex 22.084592819213867 -8.884476661682129 -4.089075565338135
			vertex 20 -8.314696311950684 -5.555702209472656
			vertex 22.120147705078125 -7.684497356414795 -6.037671089172363
		endloop
	endfacet
	facet normal 0.08524512887992435 -0.6320841267549866 -0.7701966792363047
		outer loop
			vertex 22.120147705078125 -6.037671089172363 -7.684497356414795
			vertex 20 -7.071067810058594 -7.071067810058594
			vertex 20 -5.555702209472656 -8.314696311950684
		endloop
	endfacet
	facet normal 0.13342461730541846 -0.5179101482890974 -0.8449656500687278
		outer loop
			vertex 22.120147705078125 -6.037671089172363 -7.684497356414795
			vertex 20 -5.555702209472656 -8.314696311950684
			vertex 22.084592819213867 -4.089075565338135 -8.884476661682129
		endloop
	endfacet
	facet normal 0.13871242092545333 -0.7002709705110586 -0.7002709705110586
		outer loop
			vertex 22.120147705078125 -7.684497356414795 -6.037671089172363
			vertex 20 -7.071067810058594 -7.071067810058594
			vertex 22.120147705078125 -6.037671089172363 -7.684497356414795
		endloop
	endfacet
	facet normal 0.30092194456417876 -0.6743315146423581 -0.6743315146423581
		outer loop
			vertex 24.37885284423828 -6.357108116149902 -6.357108116149902
			vertex 22.120147705078125 -7.684497356414795 -6.037671089172363
			vertex 22.120147705078125 -6.037671089172363 -7.684497356414795
		endloop
	endfacet
	facet normal 0.3594951053329662 -0.7464736926563718 -0.5599466897960914
		outer loop
			vertex 24.29766273498535 -7.941044807434082 -4.297662734985352
			vertex 22.120147705078125 -7.684497356414795 -6.037671089172363
			vertex 24.37885284423828 -6.357108116149902 -6.357108116149902
		endloop
	endfacet
	facet normal 0.3594951053329662 -0.5599466897960914 -0.7464736926563718
		outer loop
			vertex 24.37885284423828 -6.357108116149902 -6.357108116149902
			vertex 22.120147705078125 -6.037671089172363 -7.684497356414795
			vertex 24.29766273498535 -4.297662734985352 -7.941044807434082
		endloop
	endfacet
	facet normal 0.0902292138899831 -0.8783239525124085 -0.4694738793626076
		outer loop
			vertex 22.084592819213867 -8.884476661682129 -4.089075565338135
			vertex 20 -9.238795280456543 -3.8268344402313232
			vertex 20 -8.314696311950684 -5.555702209472656
		endloop
	endfacet
	facet normal 0.09604159708729457 -0.9525167168061606 -0.2889427552885421
		outer loop
			vertex 22.023347854614258 -9.581864356994629 -2.0233471393585205
			vertex 20 -9.807852745056152 -1.9509031772613525
			vertex 20 -9.238795280456543 -3.8268344402313232
		endloop
	endfacet
	facet normal 0.12050842122941326 -0.9416363624535208 -0.314322575260028
		outer loop
			vertex 22.023347854614258 -9.581864356994629 -2.0233471393585205
			vertex 20 -9.238795280456543 -3.8268344402313232
			vertex 22.084592819213867 -8.884476661682129 -4.089075565338135
		endloop
	endfacet
	facet normal 0.09754970637895471 -0.9904383433089786 -0.09754969445746998
		outer loop
			vertex 21.950902938842773 -9.807852745056152 6.123233998228043e-16
			vertex 20 -10 6.123233998228043e-16
			vertex 20 -9.807852745056152 -1.9509031772613525
		endloop
	endfacet
	facet normal 0.10659729071454199 -0.9885717161652784 -0.10659727768735798
		outer loop
			vertex 21.950902938842773 -9.807852745056152 6.123233998228043e-16
			vertex 20 -9.807852745056152 -1.9509031772613525
			vertex 22.023347854614258 -9.581864356994629 -2.0233471393585205
		endloop
	endfacet
	facet normal 0.2974560197092159 -0.9072154511326043 -0.29745594894877486
		outer loop
			vertex 24.089075088500977 -8.884476661682129 -2.084592819213867
			vertex 22.023347854614258 -9.581864356994629 -2.0233471393585205
			vertex 22.084592819213867 -8.884476661682129 -4.089075565338135
		endloop
	endfacet
	facet normal 0.30049209351896305 -0.8145797106218139 -0.4961495709721742
		outer loop
			vertex 24.29766273498535 -7.941044807434082 -4.297662734985352
			vertex 22.084592819213867 -8.884476661682129 -4.089075565338135
			vertex 22.120147705078125 -7.684497356414795 -6.037671089172363
		endloop
	endfacet
	facet normal 0.3412200807726107 -0.8758640124754501 -0.341219999601339
		outer loop
			vertex 24.089075088500977 -8.884476661682129 -2.084592819213867
			vertex 22.084592819213867 -8.884476661682129 -4.089075565338135
			vertex 24.29766273498535 -7.941044807434082 -4.297662734985352
		endloop
	endfacet
	facet normal 0.4961496252396019 -0.8145797177669124 -0.3004919845476417
		outer loop
			vertex 26.037670135498047 -7.684497356414795 -2.120148181915283
			vertex 24.089075088500977 -8.884476661682129 -2.084592819213867
			vertex 24.29766273498535 -7.941044807434082 -4.297662734985352
		endloop
	endfacet
	facet normal 0.31432270459541517 -0.9416363267405933 -0.12050836293928383
		outer loop
			vertex 23.826833724975586 -9.238795280456543 6.123233998228043e-16
			vertex 22.023347854614258 -9.581864356994629 -2.0233471393585205
			vertex 24.089075088500977 -8.884476661682129 -2.084592819213867
		endloop
	endfacet
	facet normal 0.2889428255123447 -0.9525167061857058 -0.09604149114875635
		outer loop
			vertex 23.826833724975586 -9.238795280456543 6.123233998228043e-16
			vertex 21.950902938842773 -9.807852745056152 6.123233998228043e-16
			vertex 22.023347854614258 -9.581864356994629 -2.0233471393585205
		endloop
	endfacet
	facet normal 0.46947372918339614 -0.8783240349210926 -0.09022919309495657
		outer loop
			vertex 25.555702209472656 -8.314696311950684 6.123233998228043e-16
			vertex 23.826833724975586 -9.238795280456543 6.123233998228043e-16
			vertex 24.089075088500977 -8.884476661682129 -2.084592819213867
		endloop
	endfacet
	facet normal 0.0902292138899831 -0.4694738793626076 -0.8783239525124085
		outer loop
			vertex 22.084592819213867 -4.089075565338135 -8.884476661682129
			vertex 20 -5.555702209472656 -8.314696311950684
			vertex 20 -3.8268344402313232 -9.238795280456543
		endloop
	endfacet
	facet normal 0.09604159708729457 -0.2889427552885421 -0.9525167168061606
		outer loop
			vertex 20 -1.9509031772613525 -9.807852745056152
			vertex 22.023347854614258 -2.0233471393585205 -9.581864356994629
			vertex 20 -3.8268344402313232 -9.238795280456543
		endloop
	endfacet
	facet normal 0.12050842122941326 -0.314322575260028 -0.9416363624535208
		outer loop
			vertex 22.084592819213867 -4.089075565338135 -8.884476661682129
			vertex 20 -3.8268344402313232 -9.238795280456543
			vertex 22.023347854614258 -2.0233471393585205 -9.581864356994629
		endloop
	endfacet
	facet normal 0.09754970637895471 -0.09754969445746998 -0.9904383433089786
		outer loop
			vertex 20 -1.9509031772613525 -9.807852745056152
			vertex 20 6.123233998228043e-16 -10
			vertex 21.950902938842773 6.123233998228043e-16 -9.807852745056152
		endloop
	endfacet
	facet normal 0.10659729071454202 -0.10659727768735801 -0.9885717161652785
		outer loop
			vertex 20 -1.9509031772613525 -9.807852745056152
			vertex 21.950902938842773 6.123233998228043e-16 -9.807852745056152
			vertex 22.023347854614258 -2.0233471393585205 -9.581864356994629
		endloop
	endfacet
	facet normal 0.30049209351896305 -0.4961495709721742 -0.8145797106218139
		outer loop
			vertex 24.29766273498535 -4.297662734985352 -7.941044807434082
			vertex 22.120147705078125 -6.037671089172363 -7.684497356414795
			vertex 22.084592819213867 -4.089075565338135 -8.884476661682129
		endloop
	endfacet
	facet normal 0.2974560197092159 -0.29745594894877486 -0.9072154511326043
		outer loop
			vertex 22.023347854614258 -2.0233471393585205 -9.581864356994629
			vertex 24.089075088500977 -2.084592819213867 -8.884476661682129
			vertex 22.084592819213867 -4.089075565338135 -8.884476661682129
		endloop
	endfacet
	facet normal 0.3412200807726107 -0.341219999601339 -0.8758640124754501
		outer loop
			vertex 24.29766273498535 -4.297662734985352 -7.941044807434082
			vertex 22.084592819213867 -4.089075565338135 -8.884476661682129
			vertex 24.089075088500977 -2.084592819213867 -8.884476661682129
		endloop
	endfacet
	facet normal 0.4961496252396019 -0.3004919845476417 -0.8145797177669124
		outer loop
			vertex 24.089075088500977 -2.084592819213867 -8.884476661682129
			vertex 26.037670135498047 -2.120148181915283 -7.684497356414795
			vertex 24.29766273498535 -4.297662734985352 -7.941044807434082
		endloop
	endfacet
	facet normal 0.31432270459541517 -0.12050836293928383 -0.9416363267405933
		outer loop
			vertex 22.023347854614258 -2.0233471393585205 -9.581864356994629
			vertex 23.826833724975586 6.123233998228043e-16 -9.238795280456543
			vertex 24.089075088500977 -2.084592819213867 -8.884476661682129
		endloop
	endfacet
	facet normal 0.2889428255123447 -0.09604149114875635 -0.9525167061857058
		outer loop
			vertex 21.950902938842773 6.123233998228043e-16 -9.807852745056152
			vertex 23.826833724975586 6.123233998228043e-16 -9.238795280456543
			vertex 22.023347854614258 -2.0233471393585205 -9.581864356994629
		endloop
	endfacet
	facet normal 0.46947372918339614 -0.09022919309495657 -0.8783240349210926
		outer loop
			vertex 23.826833724975586 6.123233998228043e-16 -9.238795280456543
			vertex 25.555702209472656 6.123233998228043e-16 -8.314696311950684
			vertex 24.089075088500977 -2.084592819213867 -8.884476661682129
		endloop
	endfacet
	facet normal 0.5112124497414925 -0.6908860517285822 -0.511212572963726
		outer loop
			vertex 26.35710906982422 -6.357108116149902 -4.378852367401123
			vertex 24.29766273498535 -7.941044807434082 -4.297662734985352
			vertex 24.37885284423828 -6.357108116149902 -6.357108116149902
		endloop
	endfacet
	facet normal 0.5112124497414925 -0.511212572963726 -0.6908860517285822
		outer loop
			vertex 26.35710906982422 -4.378852367401123 -6.357108116149902
			vertex 24.37885284423828 -6.357108116149902 -6.357108116149902
			vertex 24.29766273498535 -4.297662734985352 -7.941044807434082
		endloop
	endfacet
	facet normal 0.5773501764136105 -0.5773503155776278 -0.5773503155776278
		outer loop
			vertex 26.35710906982422 -6.357108116149902 -4.378852367401123
			vertex 24.37885284423828 -6.357108116149902 -6.357108116149902
			vertex 26.35710906982422 -4.378852367401123 -6.357108116149902
		endloop
	endfacet
	facet normal 0.6908859310700629 -0.5112125928855099 -0.5112125928855099
		outer loop
			vertex 27.9410457611084 -4.297662734985352 -4.297662734985352
			vertex 26.35710906982422 -6.357108116149902 -4.378852367401123
			vertex 26.35710906982422 -4.378852367401123 -6.357108116149902
		endloop
	endfacet
	facet normal 0.5179102021055222 -0.8449655897956928 -0.13342479011126288
		outer loop
			vertex 25.555702209472656 -8.314696311950684 6.123233998228043e-16
			vertex 24.089075088500977 -8.884476661682129 -2.084592819213867
			vertex 26.037670135498047 -7.684497356414795 -2.120148181915283
		endloop
	endfacet
	facet normal 0.6320841124682025 -0.7701966618278094 -0.08524539210176575
		outer loop
			vertex 27.071067810058594 -7.071067810058594 6.123233998228043e-16
			vertex 25.555702209472656 -8.314696311950684 6.123233998228043e-16
			vertex 26.037670135498047 -7.684497356414795 -2.120148181915283
		endloop
	endfacet
	facet normal 0.5599466369477588 -0.7464738412598807 -0.3594948790812092
		outer loop
			vertex 26.037670135498047 -7.684497356414795 -2.120148181915283
			vertex 24.29766273498535 -7.941044807434082 -4.297662734985352
			vertex 26.35710906982422 -6.357108116149902 -4.378852367401123
		endloop
	endfacet
	facet normal 0.674331268200873 -0.6743318539570247 -0.300921736445682
		outer loop
			vertex 27.684497833251953 -6.037671089172363 -2.120148181915283
			vertex 26.037670135498047 -7.684497356414795 -2.120148181915283
			vertex 26.35710906982422 -6.357108116149902 -4.378852367401123
		endloop
	endfacet
	facet normal 0.7464736623160166 -0.5599467509701066 -0.3594950730490408
		outer loop
			vertex 27.684497833251953 -6.037671089172363 -2.120148181915283
			vertex 26.35710906982422 -6.357108116149902 -4.378852367401123
			vertex 27.9410457611084 -4.297662734985352 -4.297662734985352
		endloop
	endfacet
	facet normal 0.7002706617479353 -0.7002712700362757 -0.1387124675611044
		outer loop
			vertex 27.071067810058594 -7.071067810058594 6.123233998228043e-16
			vertex 26.037670135498047 -7.684497356414795 -2.120148181915283
			vertex 27.684497833251953 -6.037671089172363 -2.120148181915283
		endloop
	endfacet
	facet normal 0.8449656411620322 -0.5179103286708804 -0.13342397352671068
		outer loop
			vertex 28.314695358276367 -5.555702209472656 6.123233998228043e-16
			vertex 27.684497833251953 -6.037671089172363 -2.120148181915283
			vertex 28.884477615356445 -4.089075565338135 -2.084592819213867
		endloop
	endfacet
	facet normal 0.7701969433518748 -0.6320838587962889 -0.08524472945949338
		outer loop
			vertex 28.314695358276367 -5.555702209472656 6.123233998228043e-16
			vertex 27.071067810058594 -7.071067810058594 6.123233998228043e-16
			vertex 27.684497833251953 -6.037671089172363 -2.120148181915283
		endloop
	endfacet
	facet normal 0.5599466369477588 -0.3594948790812092 -0.7464738412598807
		outer loop
			vertex 26.35710906982422 -4.378852367401123 -6.357108116149902
			vertex 24.29766273498535 -4.297662734985352 -7.941044807434082
			vertex 26.037670135498047 -2.120148181915283 -7.684497356414795
		endloop
	endfacet
	facet normal 0.674331268200873 -0.300921736445682 -0.6743318539570247
		outer loop
			vertex 26.037670135498047 -2.120148181915283 -7.684497356414795
			vertex 27.684497833251953 -2.120148181915283 -6.037671089172363
			vertex 26.35710906982422 -4.378852367401123 -6.357108116149902
		endloop
	endfacet
	facet normal 0.7464736623160166 -0.3594950730490408 -0.5599467509701066
		outer loop
			vertex 27.9410457611084 -4.297662734985352 -4.297662734985352
			vertex 26.35710906982422 -4.378852367401123 -6.357108116149902
			vertex 27.684497833251953 -2.120148181915283 -6.037671089172363
		endloop
	endfacet
	facet normal 0.5179102021055222 -0.13342479011126288 -0.8449655897956928
		outer loop
			vertex 24.089075088500977 -2.084592819213867 -8.884476661682129
			vertex 25.555702209472656 6.123233998228043e-16 -8.314696311950684
			vertex 26.037670135498047 -2.120148181915283 -7.684497356414795
		endloop
	endfacet
	facet normal 0.6320841124682025 -0.08524539210176575 -0.7701966618278094
		outer loop
			vertex 25.555702209472656 6.123233998228043e-16 -8.314696311950684
			vertex 27.071067810058594 6.123233998228043e-16 -7.071067810058594
			vertex 26.037670135498047 -2.120148181915283 -7.684497356414795
		endloop
	endfacet
	facet normal 0.7002706617479353 -0.1387124675611044 -0.7002712700362757
		outer loop
			vertex 26.037670135498047 -2.120148181915283 -7.684497356414795
			vertex 27.071067810058594 6.123233998228043e-16 -7.071067810058594
			vertex 27.684497833251953 -2.120148181915283 -6.037671089172363
		endloop
	endfacet
	facet normal 0.8449656411620322 -0.13342397352671068 -0.5179103286708804
		outer loop
			vertex 27.684497833251953 -2.120148181915283 -6.037671089172363
			vertex 28.314695358276367 6.123233998228043e-16 -5.555702209472656
			vertex 28.884477615356445 -2.084592819213867 -4.089075565338135
		endloop
	endfacet
	facet normal 0.7701969433518748 -0.08524472945949338 -0.6320838587962889
		outer loop
			vertex 27.071067810058594 6.123233998228043e-16 -7.071067810058594
			vertex 28.314695358276367 6.123233998228043e-16 -5.555702209472656
			vertex 27.684497833251953 -2.120148181915283 -6.037671089172363
		endloop
	endfacet
	facet normal 0.81457966259847 -0.49614966773993463 -0.30049206392601385
		outer loop
			vertex 28.884477615356445 -4.089075565338135 -2.084592819213867
			vertex 27.684497833251953 -6.037671089172363 -2.120148181915283
			vertex 27.9410457611084 -4.297662734985352 -4.297662734985352
		endloop
	endfacet
	facet normal 0.81457966259847 -0.30049206392601385 -0.49614966773993463
		outer loop
			vertex 27.684497833251953 -2.120148181915283 -6.037671089172363
			vertex 28.884477615356445 -2.084592819213867 -4.089075565338135
			vertex 27.9410457611084 -4.297662734985352 -4.297662734985352
		endloop
	endfacet
	facet normal 0.8758639923954729 -0.34122006595821924 -0.34122006595821924
		outer loop
			vertex 28.884477615356445 -4.089075565338135 -2.084592819213867
			vertex 27.9410457611084 -4.297662734985352 -4.297662734985352
			vertex 28.884477615356445 -2.084592819213867 -4.089075565338135
		endloop
	endfacet
	facet normal 0.9072155231145781 -0.29745587455952394 -0.29745587455952394
		outer loop
			vertex 28.884477615356445 -2.084592819213867 -4.089075565338135
			vertex 29.581865310668945 -2.0233471393585205 -2.0233471393585205
			vertex 28.884477615356445 -4.089075565338135 -2.084592819213867
		endloop
	endfacet
	facet normal 0.8783235626062459 -0.46947463995135075 -0.0902290519357359
		outer loop
			vertex 29.23879623413086 -3.8268344402313232 6.123233998228043e-16
			vertex 28.314695358276367 -5.555702209472656 6.123233998228043e-16
			vertex 28.884477615356445 -4.089075565338135 -2.084592819213867
		endloop
	endfacet
	facet normal 0.9416363742518076 -0.31432253731625814 -0.12050842800808456
		outer loop
			vertex 29.23879623413086 -3.8268344402313232 6.123233998228043e-16
			vertex 28.884477615356445 -4.089075565338135 -2.084592819213867
			vertex 29.581865310668945 -2.0233471393585205 -2.0233471393585205
		endloop
	endfacet
	facet normal 0.952516713700297 -0.2889427543463887 -0.09604163072495674
		outer loop
			vertex 29.581865310668945 -2.0233471393585205 -2.0233471393585205
			vertex 29.80785369873047 -1.9509031772613525 6.123233998228043e-16
			vertex 29.23879623413086 -3.8268344402313232 6.123233998228043e-16
		endloop
	endfacet
	facet normal 0.9416363742518076 -0.12050842800808456 -0.31432253731625814
		outer loop
			vertex 28.884477615356445 -2.084592819213867 -4.089075565338135
			vertex 29.23879623413086 6.123233998228043e-16 -3.8268344402313232
			vertex 29.581865310668945 -2.0233471393585205 -2.0233471393585205
		endloop
	endfacet
	facet normal 0.8783235626062459 -0.0902290519357359 -0.46947463995135075
		outer loop
			vertex 28.314695358276367 6.123233998228043e-16 -5.555702209472656
			vertex 29.23879623413086 6.123233998228043e-16 -3.8268344402313232
			vertex 28.884477615356445 -2.084592819213867 -4.089075565338135
		endloop
	endfacet
	facet normal 0.952516713700297 -0.09604163072495674 -0.2889427543463887
		outer loop
			vertex 29.23879623413086 6.123233998228043e-16 -3.8268344402313232
			vertex 29.80785369873047 6.123233998228043e-16 -1.9509031772613525
			vertex 29.581865310668945 -2.0233471393585205 -2.0233471393585205
		endloop
	endfacet
	facet normal 0.988571707220065 -0.10659732567941443 -0.10659732567941443
		outer loop
			vertex 29.581865310668945 -2.0233471393585205 -2.0233471393585205
			vertex 29.80785369873047 6.123233998228043e-16 -1.9509031772613525
			vertex 29.80785369873047 -1.9509031772613525 6.123233998228043e-16
		endloop
	endfacet
	facet normal 0.990438438017337 -0.09754921962214241 -0.09754921962214241
		outer loop
			vertex 29.80785369873047 6.123233998228043e-16 -1.9509031772613525
			vertex 30 6.123233998228043e-16 6.123233998228043e-16
			vertex 29.80785369873047 -1.9509031772613525 6.123233998228043e-16
		endloop
	endfacet
	facet normal 0.09754970637895473 -0.9904383433089785 0.09754969445747005
		outer loop
			vertex 20 -9.807852745056152 1.9509031772613525
			vertex 20 -10 6.123233998228043e-16
			vertex 21.950902938842773 -9.807852745056152 6.123233998228043e-16
		endloop
	endfacet
	facet normal 0.10659729071454195 -0.9885717161652783 0.10659727768735804
		outer loop
			vertex 20 -9.807852745056152 1.9509031772613525
			vertex 21.950902938842773 -9.807852745056152 6.123233998228043e-16
			vertex 22.023347854614258 -9.581864356994629 2.0233471393585205
		endloop
	endfacet
	facet normal 0.09604159708729457 -0.9525167168061606 0.2889427552885421
		outer loop
			vertex 20 -9.238795280456543 3.8268344402313232
			vertex 20 -9.807852745056152 1.9509031772613525
			vertex 22.023347854614258 -9.581864356994629 2.0233471393585205
		endloop
	endfacet
	facet normal 0.0902292138899831 -0.8783239525124085 0.4694738793626076
		outer loop
			vertex 20 -8.314696311950684 5.555702209472656
			vertex 20 -9.238795280456543 3.8268344402313232
			vertex 22.084592819213867 -8.884476661682129 4.089075565338135
		endloop
	endfacet
	facet normal 0.12050842122941326 -0.9416363624535208 0.314322575260028
		outer loop
			vertex 20 -9.238795280456543 3.8268344402313232
			vertex 22.023347854614258 -9.581864356994629 2.0233471393585205
			vertex 22.084592819213867 -8.884476661682129 4.089075565338135
		endloop
	endfacet
	facet normal 0.2889428255123447 -0.9525167061857058 0.09604149114875639
		outer loop
			vertex 22.023347854614258 -9.581864356994629 2.0233471393585205
			vertex 21.950902938842773 -9.807852745056152 6.123233998228043e-16
			vertex 23.826833724975586 -9.238795280456543 6.123233998228043e-16
		endloop
	endfacet
	facet normal 0.3143227045954152 -0.9416363267405933 0.12050836293928387
		outer loop
			vertex 22.023347854614258 -9.581864356994629 2.0233471393585205
			vertex 23.826833724975586 -9.238795280456543 6.123233998228043e-16
			vertex 24.089075088500977 -8.884476661682129 2.084592819213867
		endloop
	endfacet
	facet normal 0.46947372918339614 -0.8783240349210926 0.09022919309495661
		outer loop
			vertex 24.089075088500977 -8.884476661682129 2.084592819213867
			vertex 23.826833724975586 -9.238795280456543 6.123233998228043e-16
			vertex 25.555702209472656 -8.314696311950684 6.123233998228043e-16
		endloop
	endfacet
	facet normal 0.2974560197092159 -0.9072154511326043 0.29745594894877486
		outer loop
			vertex 22.084592819213867 -8.884476661682129 4.089075565338135
			vertex 22.023347854614258 -9.581864356994629 2.0233471393585205
			vertex 24.089075088500977 -8.884476661682129 2.084592819213867
		endloop
	endfacet
	facet normal 0.3412200807726107 -0.8758640124754501 0.341219999601339
		outer loop
			vertex 22.084592819213867 -8.884476661682129 4.089075565338135
			vertex 24.089075088500977 -8.884476661682129 2.084592819213867
			vertex 24.29766273498535 -7.941044807434082 4.297662734985352
		endloop
	endfacet
	facet normal 0.30049209351896305 -0.8145797106218139 0.4961495709721742
		outer loop
			vertex 22.120147705078125 -7.684497356414795 6.037671089172363
			vertex 22.084592819213867 -8.884476661682129 4.089075565338135
			vertex 24.29766273498535 -7.941044807434082 4.297662734985352
		endloop
	endfacet
	facet normal 0.4961496252396019 -0.8145797177669124 0.3004919845476417
		outer loop
			vertex 24.29766273498535 -7.941044807434082 4.297662734985352
			vertex 24.089075088500977 -8.884476661682129 2.084592819213867
			vertex 26.037670135498047 -7.684497356414795 2.120148181915283
		endloop
	endfacet
	facet normal 0.08524512887992435 -0.7701966792363047 0.6320841267549866
		outer loop
			vertex 20 -7.071067810058594 7.071067810058594
			vertex 20 -8.314696311950684 5.555702209472656
			vertex 22.120147705078125 -7.684497356414795 6.037671089172363
		endloop
	endfacet
	facet normal 0.13342461730541844 -0.8449656500687277 0.5179101482890974
		outer loop
			vertex 20 -8.314696311950684 5.555702209472656
			vertex 22.084592819213867 -8.884476661682129 4.089075565338135
			vertex 22.120147705078125 -7.684497356414795 6.037671089172363
		endloop
	endfacet
	facet normal 0.13871242092545333 -0.7002709705110586 0.7002709705110586
		outer loop
			vertex 20 -7.071067810058594 7.071067810058594
			vertex 22.120147705078125 -7.684497356414795 6.037671089172363
			vertex 22.120147705078125 -6.037671089172363 7.684497356414795
		endloop
	endfacet
	facet normal 0.08524512887992435 -0.6320841267549866 0.7701966792363047
		outer loop
			vertex 20 -5.555702209472656 8.314696311950684
			vertex 20 -7.071067810058594 7.071067810058594
			vertex 22.120147705078125 -6.037671089172363 7.684497356414795
		endloop
	endfacet
	facet normal 0.13342461730541846 -0.5179101482890974 0.8449656500687278
		outer loop
			vertex 20 -5.555702209472656 8.314696311950684
			vertex 22.120147705078125 -6.037671089172363 7.684497356414795
			vertex 22.084592819213867 -4.089075565338135 8.884476661682129
		endloop
	endfacet
	facet normal 0.3594951053329662 -0.7464736926563718 0.5599466897960914
		outer loop
			vertex 22.120147705078125 -7.684497356414795 6.037671089172363
			vertex 24.29766273498535 -7.941044807434082 4.297662734985352
			vertex 24.37885284423828 -6.357108116149902 6.357108116149902
		endloop
	endfacet
	facet normal 0.30092194456417876 -0.6743315146423581 0.6743315146423581
		outer loop
			vertex 22.120147705078125 -6.037671089172363 7.684497356414795
			vertex 22.120147705078125 -7.684497356414795 6.037671089172363
			vertex 24.37885284423828 -6.357108116149902 6.357108116149902
		endloop
	endfacet
	facet normal 0.3594951053329662 -0.5599466897960914 0.7464736926563718
		outer loop
			vertex 22.120147705078125 -6.037671089172363 7.684497356414795
			vertex 24.37885284423828 -6.357108116149902 6.357108116149902
			vertex 24.29766273498535 -4.297662734985352 7.941044807434082
		endloop
	endfacet
	facet normal 0.0902292138899831 -0.4694738793626076 0.8783239525124085
		outer loop
			vertex 20 -3.8268344402313232 9.238795280456543
			vertex 20 -5.555702209472656 8.314696311950684
			vertex 22.084592819213867 -4.089075565338135 8.884476661682129
		endloop
	endfacet
	facet normal 0.09604159708729457 -0.2889427552885421 0.9525167168061606
		outer loop
			vertex 22.023347854614258 -2.0233471393585205 9.581864356994629
			vertex 20 -1.9509031772613525 9.807852745056152
			vertex 20 -3.8268344402313232 9.238795280456543
		endloop
	endfacet
	facet normal 0.12050842122941326 -0.314322575260028 0.9416363624535208
		outer loop
			vertex 20 -3.8268344402313232 9.238795280456543
			vertex 22.084592819213867 -4.089075565338135 8.884476661682129
			vertex 22.023347854614258 -2.0233471393585205 9.581864356994629
		endloop
	endfacet
	facet normal 0.09754970637895471 -0.09754969445746998 0.9904383433089786
		outer loop
			vertex 21.950902938842773 6.123233998228043e-16 9.807852745056152
			vertex 20 6.123233998228043e-16 10
			vertex 20 -1.9509031772613525 9.807852745056152
		endloop
	endfacet
	facet normal 0.10659729071454202 -0.10659727768735801 0.9885717161652785
		outer loop
			vertex 22.023347854614258 -2.0233471393585205 9.581864356994629
			vertex 21.950902938842773 6.123233998228043e-16 9.807852745056152
			vertex 20 -1.9509031772613525 9.807852745056152
		endloop
	endfacet
	facet normal 0.30049209351896305 -0.4961495709721742 0.8145797106218139
		outer loop
			vertex 22.084592819213867 -4.089075565338135 8.884476661682129
			vertex 22.120147705078125 -6.037671089172363 7.684497356414795
			vertex 24.29766273498535 -4.297662734985352 7.941044807434082
		endloop
	endfacet
	facet normal 0.3412200807726107 -0.341219999601339 0.8758640124754501
		outer loop
			vertex 22.084592819213867 -4.089075565338135 8.884476661682129
			vertex 24.29766273498535 -4.297662734985352 7.941044807434082
			vertex 24.089075088500977 -2.084592819213867 8.884476661682129
		endloop
	endfacet
	facet normal 0.2974560197092159 -0.29745594894877486 0.9072154511326043
		outer loop
			vertex 24.089075088500977 -2.084592819213867 8.884476661682129
			vertex 22.023347854614258 -2.0233471393585205 9.581864356994629
			vertex 22.084592819213867 -4.089075565338135 8.884476661682129
		endloop
	endfacet
	facet normal 0.4961496252396019 -0.3004919845476417 0.8145797177669124
		outer loop
			vertex 26.037670135498047 -2.120148181915283 7.684497356414795
			vertex 24.089075088500977 -2.084592819213867 8.884476661682129
			vertex 24.29766273498535 -4.297662734985352 7.941044807434082
		endloop
	endfacet
	facet normal 0.31432270459541517 -0.12050836293928383 0.9416363267405933
		outer loop
			vertex 24.089075088500977 -2.084592819213867 8.884476661682129
			vertex 23.826833724975586 6.123233998228043e-16 9.238795280456543
			vertex 22.023347854614258 -2.0233471393585205 9.581864356994629
		endloop
	endfacet
	facet normal 0.2889428255123447 -0.09604149114875635 0.9525167061857058
		outer loop
			vertex 23.826833724975586 6.123233998228043e-16 9.238795280456543
			vertex 21.950902938842773 6.123233998228043e-16 9.807852745056152
			vertex 22.023347854614258 -2.0233471393585205 9.581864356994629
		endloop
	endfacet
	facet normal 0.46947372918339614 -0.09022919309495657 0.8783240349210926
		outer loop
			vertex 25.555702209472656 6.123233998228043e-16 8.314696311950684
			vertex 23.826833724975586 6.123233998228043e-16 9.238795280456543
			vertex 24.089075088500977 -2.084592819213867 8.884476661682129
		endloop
	endfacet
	facet normal 0.6320841124682026 -0.7701966618278093 0.0852453921017658
		outer loop
			vertex 26.037670135498047 -7.684497356414795 2.120148181915283
			vertex 25.555702209472656 -8.314696311950684 6.123233998228043e-16
			vertex 27.071067810058594 -7.071067810058594 6.123233998228043e-16
		endloop
	endfacet
	facet normal 0.5179102021055222 -0.8449655897956927 0.1334247901112629
		outer loop
			vertex 24.089075088500977 -8.884476661682129 2.084592819213867
			vertex 25.555702209472656 -8.314696311950684 6.123233998228043e-16
			vertex 26.037670135498047 -7.684497356414795 2.120148181915283
		endloop
	endfacet
	facet normal 0.7002706617479353 -0.7002712700362757 0.13871246756110445
		outer loop
			vertex 26.037670135498047 -7.684497356414795 2.120148181915283
			vertex 27.071067810058594 -7.071067810058594 6.123233998228043e-16
			vertex 27.684497833251953 -6.037671089172363 2.120148181915283
		endloop
	endfacet
	facet normal 0.5599466369477588 -0.7464738412598807 0.3594948790812092
		outer loop
			vertex 24.29766273498535 -7.941044807434082 4.297662734985352
			vertex 26.037670135498047 -7.684497356414795 2.120148181915283
			vertex 26.35710906982422 -6.357108116149902 4.378852367401123
		endloop
	endfacet
	facet normal 0.674331268200873 -0.6743318539570247 0.300921736445682
		outer loop
			vertex 26.35710906982422 -6.357108116149902 4.378852367401123
			vertex 26.037670135498047 -7.684497356414795 2.120148181915283
			vertex 27.684497833251953 -6.037671089172363 2.120148181915283
		endloop
	endfacet
	facet normal 0.7464736623160166 -0.5599467509701066 0.3594950730490408
		outer loop
			vertex 26.35710906982422 -6.357108116149902 4.378852367401123
			vertex 27.684497833251953 -6.037671089172363 2.120148181915283
			vertex 27.9410457611084 -4.297662734985352 4.297662734985352
		endloop
	endfacet
	facet normal 0.7701969433518748 -0.632083858796289 0.08524472945949342
		outer loop
			vertex 27.684497833251953 -6.037671089172363 2.120148181915283
			vertex 27.071067810058594 -7.071067810058594 6.123233998228043e-16
			vertex 28.314695358276367 -5.555702209472656 6.123233998228043e-16
		endloop
	endfacet
	facet normal 0.8449656411620323 -0.5179103286708805 0.13342397352671076
		outer loop
			vertex 27.684497833251953 -6.037671089172363 2.120148181915283
			vertex 28.314695358276367 -5.555702209472656 6.123233998228043e-16
			vertex 28.884477615356445 -4.089075565338135 2.084592819213867
		endloop
	endfacet
	facet normal 0.5112124497414925 -0.6908860517285822 0.511212572963726
		outer loop
			vertex 24.37885284423828 -6.357108116149902 6.357108116149902
			vertex 24.29766273498535 -7.941044807434082 4.297662734985352
			vertex 26.35710906982422 -6.357108116149902 4.378852367401123
		endloop
	endfacet
	facet normal 0.5773501764136105 -0.5773503155776278 0.5773503155776278
		outer loop
			vertex 24.37885284423828 -6.357108116149902 6.357108116149902
			vertex 26.35710906982422 -6.357108116149902 4.378852367401123
			vertex 26.35710906982422 -4.378852367401123 6.357108116149902
		endloop
	endfacet
	facet normal 0.5112124497414925 -0.511212572963726 0.6908860517285822
		outer loop
			vertex 24.29766273498535 -4.297662734985352 7.941044807434082
			vertex 24.37885284423828 -6.357108116149902 6.357108116149902
			vertex 26.35710906982422 -4.378852367401123 6.357108116149902
		endloop
	endfacet
	facet normal 0.6908859310700629 -0.5112125928855099 0.5112125928855099
		outer loop
			vertex 26.35710906982422 -4.378852367401123 6.357108116149902
			vertex 26.35710906982422 -6.357108116149902 4.378852367401123
			vertex 27.9410457611084 -4.297662734985352 4.297662734985352
		endloop
	endfacet
	facet normal 0.878323562606246 -0.4694746399513508 0.09022905193573595
		outer loop
			vertex 28.884477615356445 -4.089075565338135 2.084592819213867
			vertex 28.314695358276367 -5.555702209472656 6.123233998228043e-16
			vertex 29.23879623413086 -3.8268344402313232 6.123233998228043e-16
		endloop
	endfacet
	facet normal 0.952516713700297 -0.2889427543463888 0.09604163072495678
		outer loop
			vertex 29.80785369873047 -1.9509031772613525 6.123233998228043e-16
			vertex 29.581865310668945 -2.0233471393585205 2.0233471393585205
			vertex 29.23879623413086 -3.8268344402313232 6.123233998228043e-16
		endloop
	endfacet
	facet normal 0.9416363742518076 -0.31432253731625814 0.1205084280080846
		outer loop
			vertex 28.884477615356445 -4.089075565338135 2.084592819213867
			vertex 29.23879623413086 -3.8268344402313232 6.123233998228043e-16
			vertex 29.581865310668945 -2.0233471393585205 2.0233471393585205
		endloop
	endfacet
	facet normal 0.81457966259847 -0.49614966773993463 0.30049206392601385
		outer loop
			vertex 27.9410457611084 -4.297662734985352 4.297662734985352
			vertex 27.684497833251953 -6.037671089172363 2.120148181915283
			vertex 28.884477615356445 -4.089075565338135 2.084592819213867
		endloop
	endfacet
	facet normal 0.8758639923954729 -0.34122006595821924 0.34122006595821924
		outer loop
			vertex 27.9410457611084 -4.297662734985352 4.297662734985352
			vertex 28.884477615356445 -4.089075565338135 2.084592819213867
			vertex 28.884477615356445 -2.084592819213867 4.089075565338135
		endloop
	endfacet
	facet normal 0.81457966259847 -0.30049206392601385 0.49614966773993463
		outer loop
			vertex 28.884477615356445 -2.084592819213867 4.089075565338135
			vertex 27.684497833251953 -2.120148181915283 6.037671089172363
			vertex 27.9410457611084 -4.297662734985352 4.297662734985352
		endloop
	endfacet
	facet normal 0.9072155231145781 -0.29745587455952394 0.29745587455952394
		outer loop
			vertex 29.581865310668945 -2.0233471393585205 2.0233471393585205
			vertex 28.884477615356445 -2.084592819213867 4.089075565338135
			vertex 28.884477615356445 -4.089075565338135 2.084592819213867
		endloop
	endfacet
	facet normal 0.988571707220065 -0.10659732567941443 0.1065973256794145
		outer loop
			vertex 29.80785369873047 -1.9509031772613525 6.123233998228043e-16
			vertex 29.80785369873047 6.123233998228043e-16 1.9509031772613525
			vertex 29.581865310668945 -2.0233471393585205 2.0233471393585205
		endloop
	endfacet
	facet normal 0.9904384380173369 -0.09754921962214241 0.09754921962214247
		outer loop
			vertex 29.80785369873047 -1.9509031772613525 6.123233998228043e-16
			vertex 30 6.123233998228043e-16 6.123233998228043e-16
			vertex 29.80785369873047 6.123233998228043e-16 1.9509031772613525
		endloop
	endfacet
	facet normal 0.9416363742518076 -0.12050842800808456 0.31432253731625814
		outer loop
			vertex 29.581865310668945 -2.0233471393585205 2.0233471393585205
			vertex 29.23879623413086 6.123233998228043e-16 3.8268344402313232
			vertex 28.884477615356445 -2.084592819213867 4.089075565338135
		endloop
	endfacet
	facet normal 0.952516713700297 -0.09604163072495674 0.2889427543463887
		outer loop
			vertex 29.80785369873047 6.123233998228043e-16 1.9509031772613525
			vertex 29.23879623413086 6.123233998228043e-16 3.8268344402313232
			vertex 29.581865310668945 -2.0233471393585205 2.0233471393585205
		endloop
	endfacet
	facet normal 0.8783235626062459 -0.0902290519357359 0.46947463995135075
		outer loop
			vertex 29.23879623413086 6.123233998228043e-16 3.8268344402313232
			vertex 28.314695358276367 6.123233998228043e-16 5.555702209472656
			vertex 28.884477615356445 -2.084592819213867 4.089075565338135
		endloop
	endfacet
	facet normal 0.5599466369477588 -0.3594948790812092 0.7464738412598807
		outer loop
			vertex 24.29766273498535 -4.297662734985352 7.941044807434082
			vertex 26.35710906982422 -4.378852367401123 6.357108116149902
			vertex 26.037670135498047 -2.120148181915283 7.684497356414795
		endloop
	endfacet
	facet normal 0.7464736623160166 -0.3594950730490408 0.5599467509701066
		outer loop
			vertex 26.35710906982422 -4.378852367401123 6.357108116149902
			vertex 27.9410457611084 -4.297662734985352 4.297662734985352
			vertex 27.684497833251953 -2.120148181915283 6.037671089172363
		endloop
	endfacet
	facet normal 0.674331268200873 -0.300921736445682 0.6743318539570247
		outer loop
			vertex 27.684497833251953 -2.120148181915283 6.037671089172363
			vertex 26.037670135498047 -2.120148181915283 7.684497356414795
			vertex 26.35710906982422 -4.378852367401123 6.357108116149902
		endloop
	endfacet
	facet normal 0.7002706617479353 -0.1387124675611044 0.7002712700362757
		outer loop
			vertex 27.684497833251953 -2.120148181915283 6.037671089172363
			vertex 27.071067810058594 6.123233998228043e-16 7.071067810058594
			vertex 26.037670135498047 -2.120148181915283 7.684497356414795
		endloop
	endfacet
	facet normal 0.5179102021055222 -0.13342479011126288 0.8449655897956928
		outer loop
			vertex 26.037670135498047 -2.120148181915283 7.684497356414795
			vertex 25.555702209472656 6.123233998228043e-16 8.314696311950684
			vertex 24.089075088500977 -2.084592819213867 8.884476661682129
		endloop
	endfacet
	facet normal 0.6320841124682025 -0.08524539210176575 0.7701966618278094
		outer loop
			vertex 27.071067810058594 6.123233998228043e-16 7.071067810058594
			vertex 25.555702209472656 6.123233998228043e-16 8.314696311950684
			vertex 26.037670135498047 -2.120148181915283 7.684497356414795
		endloop
	endfacet
	facet normal 0.8449656411620322 -0.13342397352671068 0.5179103286708804
		outer loop
			vertex 28.884477615356445 -2.084592819213867 4.089075565338135
			vertex 28.314695358276367 6.123233998228043e-16 5.555702209472656
			vertex 27.684497833251953 -2.120148181915283 6.037671089172363
		endloop
	endfacet
	facet normal 0.7701969433518748 -0.08524472945949338 0.6320838587962889
		outer loop
			vertex 28.314695358276367 6.123233998228043e-16 5.555702209472656
			vertex 27.071067810058594 6.123233998228043e-16 7.071067810058594
			vertex 27.684497833251953 -2.120148181915283 6.037671089172363
		endloop
	endfacet
	facet normal 0.09754970637895473 0.09754969445747005 -0.9904383433089785
		outer loop
			vertex 21.950902938842773 6.123233998228043e-16 -9.807852745056152
			vertex 20 6.123233998228043e-16 -10
			vertex 20 1.9509031772613525 -9.807852745056152
		endloop
	endfacet
	facet normal 0.10659729071454199 0.10659727768735806 -0.9885717161652784
		outer loop
			vertex 21.950902938842773 6.123233998228043e-16 -9.807852745056152
			vertex 20 1.9509031772613525 -9.807852745056152
			vertex 22.023347854614258 2.0233471393585205 -9.581864356994629
		endloop
	endfacet
	facet normal 0.09604159708729457 0.2889427552885421 -0.9525167168061606
		outer loop
			vertex 20 1.9509031772613525 -9.807852745056152
			vertex 20 3.8268344402313232 -9.238795280456543
			vertex 22.023347854614258 2.0233471393585205 -9.581864356994629
		endloop
	endfacet
	facet normal 0.0902292138899831 0.4694738793626076 -0.8783239525124085
		outer loop
			vertex 20 3.8268344402313232 -9.238795280456543
			vertex 20 5.555702209472656 -8.314696311950684
			vertex 22.084592819213867 4.089075565338135 -8.884476661682129
		endloop
	endfacet
	facet normal 0.12050842122941326 0.314322575260028 -0.9416363624535208
		outer loop
			vertex 22.023347854614258 2.0233471393585205 -9.581864356994629
			vertex 20 3.8268344402313232 -9.238795280456543
			vertex 22.084592819213867 4.089075565338135 -8.884476661682129
		endloop
	endfacet
	facet normal 0.2889428255123447 0.09604149114875639 -0.9525167061857058
		outer loop
			vertex 21.950902938842773 6.123233998228043e-16 -9.807852745056152
			vertex 22.023347854614258 2.0233471393585205 -9.581864356994629
			vertex 23.826833724975586 6.123233998228043e-16 -9.238795280456543
		endloop
	endfacet
	facet normal 0.3143227045954152 0.12050836293928387 -0.9416363267405933
		outer loop
			vertex 24.089075088500977 2.084592819213867 -8.884476661682129
			vertex 23.826833724975586 6.123233998228043e-16 -9.238795280456543
			vertex 22.023347854614258 2.0233471393585205 -9.581864356994629
		endloop
	endfacet
	facet normal 0.46947372918339614 0.09022919309495661 -0.8783240349210926
		outer loop
			vertex 24.089075088500977 2.084592819213867 -8.884476661682129
			vertex 25.555702209472656 6.123233998228043e-16 -8.314696311950684
			vertex 23.826833724975586 6.123233998228043e-16 -9.238795280456543
		endloop
	endfacet
	facet normal 0.2974560197092159 0.29745594894877486 -0.9072154511326043
		outer loop
			vertex 22.023347854614258 2.0233471393585205 -9.581864356994629
			vertex 22.084592819213867 4.089075565338135 -8.884476661682129
			vertex 24.089075088500977 2.084592819213867 -8.884476661682129
		endloop
	endfacet
	facet normal 0.3412200807726107 0.341219999601339 -0.8758640124754501
		outer loop
			vertex 24.29766273498535 4.297662734985352 -7.941044807434082
			vertex 24.089075088500977 2.084592819213867 -8.884476661682129
			vertex 22.084592819213867 4.089075565338135 -8.884476661682129
		endloop
	endfacet
	facet normal 0.30049209351896305 0.4961495709721742 -0.8145797106218139
		outer loop
			vertex 22.084592819213867 4.089075565338135 -8.884476661682129
			vertex 22.120147705078125 6.037671089172363 -7.684497356414795
			vertex 24.29766273498535 4.297662734985352 -7.941044807434082
		endloop
	endfacet
	facet normal 0.4961496252396019 0.3004919845476417 -0.8145797177669124
		outer loop
			vertex 24.29766273498535 4.297662734985352 -7.941044807434082
			vertex 26.037670135498047 2.120148181915283 -7.684497356414795
			vertex 24.089075088500977 2.084592819213867 -8.884476661682129
		endloop
	endfacet
	facet normal 0.08524512887992435 0.6320841267549866 -0.7701966792363047
		outer loop
			vertex 20 5.555702209472656 -8.314696311950684
			vertex 20 7.071067810058594 -7.071067810058594
			vertex 22.120147705078125 6.037671089172363 -7.684497356414795
		endloop
	endfacet
	facet normal 0.13342461730541846 0.5179101482890974 -0.8449656500687278
		outer loop
			vertex 22.084592819213867 4.089075565338135 -8.884476661682129
			vertex 20 5.555702209472656 -8.314696311950684
			vertex 22.120147705078125 6.037671089172363 -7.684497356414795
		endloop
	endfacet
	facet normal 0.13871242092545333 0.7002709705110586 -0.7002709705110586
		outer loop
			vertex 22.120147705078125 6.037671089172363 -7.684497356414795
			vertex 20 7.071067810058594 -7.071067810058594
			vertex 22.120147705078125 7.684497356414795 -6.037671089172363
		endloop
	endfacet
	facet normal 0.08524512887992435 0.7701966792363047 -0.6320841267549866
		outer loop
			vertex 20 7.071067810058594 -7.071067810058594
			vertex 20 8.314696311950684 -5.555702209472656
			vertex 22.120147705078125 7.684497356414795 -6.037671089172363
		endloop
	endfacet
	facet normal 0.13342461730541844 0.8449656500687277 -0.5179101482890974
		outer loop
			vertex 22.120147705078125 7.684497356414795 -6.037671089172363
			vertex 20 8.314696311950684 -5.555702209472656
			vertex 22.084592819213867 8.884476661682129 -4.089075565338135
		endloop
	endfacet
	facet normal 0.3594951053329662 0.5599466897960914 -0.7464736926563718
		outer loop
			vertex 24.37885284423828 6.357108116149902 -6.357108116149902
			vertex 24.29766273498535 4.297662734985352 -7.941044807434082
			vertex 22.120147705078125 6.037671089172363 -7.684497356414795
		endloop
	endfacet
	facet normal 0.30092194456417876 0.6743315146423581 -0.6743315146423581
		outer loop
			vertex 22.120147705078125 6.037671089172363 -7.684497356414795
			vertex 22.120147705078125 7.684497356414795 -6.037671089172363
			vertex 24.37885284423828 6.357108116149902 -6.357108116149902
		endloop
	endfacet
	facet normal 0.3594951053329662 0.7464736926563718 -0.5599466897960914
		outer loop
			vertex 24.29766273498535 7.941044807434082 -4.297662734985352
			vertex 24.37885284423828 6.357108116149902 -6.357108116149902
			vertex 22.120147705078125 7.684497356414795 -6.037671089172363
		endloop
	endfacet
	facet normal 0.0902292138899831 0.8783239525124085 -0.4694738793626076
		outer loop
			vertex 20 8.314696311950684 -5.555702209472656
			vertex 20 9.238795280456543 -3.8268344402313232
			vertex 22.084592819213867 8.884476661682129 -4.089075565338135
		endloop
	endfacet
	facet normal 0.09604159708729457 0.9525167168061606 -0.2889427552885421
		outer loop
			vertex 20 9.238795280456543 -3.8268344402313232
			vertex 20 9.807852745056152 -1.9509031772613525
			vertex 22.023347854614258 9.581864356994629 -2.0233471393585205
		endloop
	endfacet
	facet normal 0.12050842122941326 0.9416363624535208 -0.314322575260028
		outer loop
			vertex 22.084592819213867 8.884476661682129 -4.089075565338135
			vertex 20 9.238795280456543 -3.8268344402313232
			vertex 22.023347854614258 9.581864356994629 -2.0233471393585205
		endloop
	endfacet
	facet normal 0.09754970637895471 0.9904383433089786 -0.09754969445746998
		outer loop
			vertex 20 9.807852745056152 -1.9509031772613525
			vertex 20 10 6.123233998228043e-16
			vertex 21.950902938842773 9.807852745056152 6.123233998228043e-16
		endloop
	endfacet
	facet normal 0.10659729071454199 0.9885717161652784 -0.10659727768735798
		outer loop
			vertex 22.023347854614258 9.581864356994629 -2.0233471393585205
			vertex 20 9.807852745056152 -1.9509031772613525
			vertex 21.950902938842773 9.807852745056152 6.123233998228043e-16
		endloop
	endfacet
	facet normal 0.30049209351896305 0.8145797106218139 -0.4961495709721742
		outer loop
			vertex 22.120147705078125 7.684497356414795 -6.037671089172363
			vertex 22.084592819213867 8.884476661682129 -4.089075565338135
			vertex 24.29766273498535 7.941044807434082 -4.297662734985352
		endloop
	endfacet
	facet normal 0.3412200807726107 0.8758640124754501 -0.341219999601339
		outer loop
			vertex 24.089075088500977 8.884476661682129 -2.084592819213867
			vertex 24.29766273498535 7.941044807434082 -4.297662734985352
			vertex 22.084592819213867 8.884476661682129 -4.089075565338135
		endloop
	endfacet
	facet normal 0.2974560197092159 0.9072154511326043 -0.29745594894877486
		outer loop
			vertex 22.084592819213867 8.884476661682129 -4.089075565338135
			vertex 22.023347854614258 9.581864356994629 -2.0233471393585205
			vertex 24.089075088500977 8.884476661682129 -2.084592819213867
		endloop
	endfacet
	facet normal 0.4961496252396019 0.8145797177669124 -0.3004919845476417
		outer loop
			vertex 24.089075088500977 8.884476661682129 -2.084592819213867
			vertex 26.037670135498047 7.684497356414795 -2.120148181915283
			vertex 24.29766273498535 7.941044807434082 -4.297662734985352
		endloop
	endfacet
	facet normal 0.31432270459541517 0.9416363267405933 -0.12050836293928383
		outer loop
			vertex 23.826833724975586 9.238795280456543 6.123233998228043e-16
			vertex 24.089075088500977 8.884476661682129 -2.084592819213867
			vertex 22.023347854614258 9.581864356994629 -2.0233471393585205
		endloop
	endfacet
	facet normal 0.2889428255123447 0.9525167061857058 -0.09604149114875635
		outer loop
			vertex 22.023347854614258 9.581864356994629 -2.0233471393585205
			vertex 21.950902938842773 9.807852745056152 6.123233998228043e-16
			vertex 23.826833724975586 9.238795280456543 6.123233998228043e-16
		endloop
	endfacet
	facet normal 0.46947372918339614 0.8783240349210926 -0.09022919309495657
		outer loop
			vertex 23.826833724975586 9.238795280456543 6.123233998228043e-16
			vertex 25.555702209472656 8.314696311950684 6.123233998228043e-16
			vertex 24.089075088500977 8.884476661682129 -2.084592819213867
		endloop
	endfacet
	facet normal 0.6320841124682026 0.0852453921017658 -0.7701966618278093
		outer loop
			vertex 26.037670135498047 2.120148181915283 -7.684497356414795
			vertex 27.071067810058594 6.123233998228043e-16 -7.071067810058594
			vertex 25.555702209472656 6.123233998228043e-16 -8.314696311950684
		endloop
	endfacet
	facet normal 0.5179102021055222 0.1334247901112629 -0.8449655897956927
		outer loop
			vertex 26.037670135498047 2.120148181915283 -7.684497356414795
			vertex 25.555702209472656 6.123233998228043e-16 -8.314696311950684
			vertex 24.089075088500977 2.084592819213867 -8.884476661682129
		endloop
	endfacet
	facet normal 0.7002706617479353 0.13871246756110445 -0.7002712700362757
		outer loop
			vertex 27.684497833251953 2.120148181915283 -6.037671089172363
			vertex 27.071067810058594 6.123233998228043e-16 -7.071067810058594
			vertex 26.037670135498047 2.120148181915283 -7.684497356414795
		endloop
	endfacet
	facet normal 0.5599466369477588 0.3594948790812092 -0.7464738412598807
		outer loop
			vertex 26.35710906982422 4.378852367401123 -6.357108116149902
			vertex 26.037670135498047 2.120148181915283 -7.684497356414795
			vertex 24.29766273498535 4.297662734985352 -7.941044807434082
		endloop
	endfacet
	facet normal 0.674331268200873 0.300921736445682 -0.6743318539570247
		outer loop
			vertex 26.35710906982422 4.378852367401123 -6.357108116149902
			vertex 27.684497833251953 2.120148181915283 -6.037671089172363
			vertex 26.037670135498047 2.120148181915283 -7.684497356414795
		endloop
	endfacet
	facet normal 0.7464736623160166 0.3594950730490408 -0.5599467509701066
		outer loop
			vertex 27.9410457611084 4.297662734985352 -4.297662734985352
			vertex 27.684497833251953 2.120148181915283 -6.037671089172363
			vertex 26.35710906982422 4.378852367401123 -6.357108116149902
		endloop
	endfacet
	facet normal 0.7701969433518748 0.08524472945949342 -0.632083858796289
		outer loop
			vertex 27.684497833251953 2.120148181915283 -6.037671089172363
			vertex 28.314695358276367 6.123233998228043e-16 -5.555702209472656
			vertex 27.071067810058594 6.123233998228043e-16 -7.071067810058594
		endloop
	endfacet
	facet normal 0.8449656411620323 0.13342397352671076 -0.5179103286708805
		outer loop
			vertex 28.884477615356445 2.084592819213867 -4.089075565338135
			vertex 28.314695358276367 6.123233998228043e-16 -5.555702209472656
			vertex 27.684497833251953 2.120148181915283 -6.037671089172363
		endloop
	endfacet
	facet normal 0.878323562606246 0.09022905193573595 -0.4694746399513508
		outer loop
			vertex 28.884477615356445 2.084592819213867 -4.089075565338135
			vertex 29.23879623413086 6.123233998228043e-16 -3.8268344402313232
			vertex 28.314695358276367 6.123233998228043e-16 -5.555702209472656
		endloop
	endfacet
	facet normal 0.952516713700297 0.09604163072495678 -0.2889427543463888
		outer loop
			vertex 29.581865310668945 2.0233471393585205 -2.0233471393585205
			vertex 29.80785369873047 6.123233998228043e-16 -1.9509031772613525
			vertex 29.23879623413086 6.123233998228043e-16 -3.8268344402313232
		endloop
	endfacet
	facet normal 0.9416363742518076 0.1205084280080846 -0.31432253731625814
		outer loop
			vertex 29.581865310668945 2.0233471393585205 -2.0233471393585205
			vertex 29.23879623413086 6.123233998228043e-16 -3.8268344402313232
			vertex 28.884477615356445 2.084592819213867 -4.089075565338135
		endloop
	endfacet
	facet normal 0.9904384380173369 0.09754921962214247 -0.09754921962214241
		outer loop
			vertex 29.80785369873047 1.9509031772613525 6.123233998228043e-16
			vertex 30 6.123233998228043e-16 6.123233998228043e-16
			vertex 29.80785369873047 6.123233998228043e-16 -1.9509031772613525
		endloop
	endfacet
	facet normal 0.988571707220065 0.1065973256794145 -0.10659732567941443
		outer loop
			vertex 29.80785369873047 1.9509031772613525 6.123233998228043e-16
			vertex 29.80785369873047 6.123233998228043e-16 -1.9509031772613525
			vertex 29.581865310668945 2.0233471393585205 -2.0233471393585205
		endloop
	endfacet
	facet normal 0.81457966259847 0.30049206392601385 -0.49614966773993463
		outer loop
			vertex 27.9410457611084 4.297662734985352 -4.297662734985352
			vertex 28.884477615356445 2.084592819213867 -4.089075565338135
			vertex 27.684497833251953 2.120148181915283 -6.037671089172363
		endloop
	endfacet
	facet normal 0.8758639923954729 0.34122006595821924 -0.34122006595821924
		outer loop
			vertex 28.884477615356445 4.089075565338135 -2.084592819213867
			vertex 28.884477615356445 2.084592819213867 -4.089075565338135
			vertex 27.9410457611084 4.297662734985352 -4.297662734985352
		endloop
	endfacet
	facet normal 0.81457966259847 0.49614966773993463 -0.30049206392601385
		outer loop
			vertex 27.684497833251953 6.037671089172363 -2.120148181915283
			vertex 28.884477615356445 4.089075565338135 -2.084592819213867
			vertex 27.9410457611084 4.297662734985352 -4.297662734985352
		endloop
	endfacet
	facet normal 0.9072155231145781 0.29745587455952394 -0.29745587455952394
		outer loop
			vertex 28.884477615356445 4.089075565338135 -2.084592819213867
			vertex 29.581865310668945 2.0233471393585205 -2.0233471393585205
			vertex 28.884477615356445 2.084592819213867 -4.089075565338135
		endloop
	endfacet
	facet normal 0.9416363742518076 0.31432253731625814 -0.12050842800808456
		outer loop
			vertex 29.23879623413086 3.8268344402313232 6.123233998228043e-16
			vertex 29.581865310668945 2.0233471393585205 -2.0233471393585205
			vertex 28.884477615356445 4.089075565338135 -2.084592819213867
		endloop
	endfacet
	facet normal 0.952516713700297 0.2889427543463887 -0.09604163072495674
		outer loop
			vertex 29.23879623413086 3.8268344402313232 6.123233998228043e-16
			vertex 29.80785369873047 1.9509031772613525 6.123233998228043e-16
			vertex 29.581865310668945 2.0233471393585205 -2.0233471393585205
		endloop
	endfacet
	facet normal 0.8783235626062459 0.46947463995135075 -0.0902290519357359
		outer loop
			vertex 28.314695358276367 5.555702209472656 6.123233998228043e-16
			vertex 29.23879623413086 3.8268344402313232 6.123233998228043e-16
			vertex 28.884477615356445 4.089075565338135 -2.084592819213867
		endloop
	endfacet
	facet normal 0.5112124497414925 0.511212572963726 -0.6908860517285822
		outer loop
			vertex 24.37885284423828 6.357108116149902 -6.357108116149902
			vertex 26.35710906982422 4.378852367401123 -6.357108116149902
			vertex 24.29766273498535 4.297662734985352 -7.941044807434082
		endloop
	endfacet
	facet normal 0.5773501764136105 0.5773503155776278 -0.5773503155776278
		outer loop
			vertex 26.35710906982422 6.357108116149902 -4.378852367401123
			vertex 26.35710906982422 4.378852367401123 -6.357108116149902
			vertex 24.37885284423828 6.357108116149902 -6.357108116149902
		endloop
	endfacet
	facet normal 0.5112124497414925 0.6908860517285822 -0.511212572963726
		outer loop
			vertex 24.29766273498535 7.941044807434082 -4.297662734985352
			vertex 26.35710906982422 6.357108116149902 -4.378852367401123
			vertex 24.37885284423828 6.357108116149902 -6.357108116149902
		endloop
	endfacet
	facet normal 0.6908859310700629 0.5112125928855099 -0.5112125928855099
		outer loop
			vertex 26.35710906982422 6.357108116149902 -4.378852367401123
			vertex 27.9410457611084 4.297662734985352 -4.297662734985352
			vertex 26.35710906982422 4.378852367401123 -6.357108116149902
		endloop
	endfacet
	facet normal 0.5599466369477588 0.7464738412598807 -0.3594948790812092
		outer loop
			vertex 26.037670135498047 7.684497356414795 -2.120148181915283
			vertex 26.35710906982422 6.357108116149902 -4.378852367401123
			vertex 24.29766273498535 7.941044807434082 -4.297662734985352
		endloop
	endfacet
	facet normal 0.7464736623160166 0.5599467509701066 -0.3594950730490408
		outer loop
			vertex 27.684497833251953 6.037671089172363 -2.120148181915283
			vertex 27.9410457611084 4.297662734985352 -4.297662734985352
			vertex 26.35710906982422 6.357108116149902 -4.378852367401123
		endloop
	endfacet
	facet normal 0.674331268200873 0.6743318539570247 -0.300921736445682
		outer loop
			vertex 26.037670135498047 7.684497356414795 -2.120148181915283
			vertex 27.684497833251953 6.037671089172363 -2.120148181915283
			vertex 26.35710906982422 6.357108116149902 -4.378852367401123
		endloop
	endfacet
	facet normal 0.7002706617479353 0.7002712700362757 -0.1387124675611044
		outer loop
			vertex 27.071067810058594 7.071067810058594 6.123233998228043e-16
			vertex 27.684497833251953 6.037671089172363 -2.120148181915283
			vertex 26.037670135498047 7.684497356414795 -2.120148181915283
		endloop
	endfacet
	facet normal 0.5179102021055222 0.8449655897956928 -0.13342479011126288
		outer loop
			vertex 25.555702209472656 8.314696311950684 6.123233998228043e-16
			vertex 26.037670135498047 7.684497356414795 -2.120148181915283
			vertex 24.089075088500977 8.884476661682129 -2.084592819213867
		endloop
	endfacet
	facet normal 0.6320841124682025 0.7701966618278094 -0.08524539210176575
		outer loop
			vertex 25.555702209472656 8.314696311950684 6.123233998228043e-16
			vertex 27.071067810058594 7.071067810058594 6.123233998228043e-16
			vertex 26.037670135498047 7.684497356414795 -2.120148181915283
		endloop
	endfacet
	facet normal 0.8449656411620322 0.5179103286708804 -0.13342397352671068
		outer loop
			vertex 28.314695358276367 5.555702209472656 6.123233998228043e-16
			vertex 28.884477615356445 4.089075565338135 -2.084592819213867
			vertex 27.684497833251953 6.037671089172363 -2.120148181915283
		endloop
	endfacet
	facet normal 0.7701969433518748 0.6320838587962889 -0.08524472945949338
		outer loop
			vertex 27.071067810058594 7.071067810058594 6.123233998228043e-16
			vertex 28.314695358276367 5.555702209472656 6.123233998228043e-16
			vertex 27.684497833251953 6.037671089172363 -2.120148181915283
		endloop
	endfacet
	facet normal 0.09754970637895473 0.09754969445747005 0.9904383433089785
		outer loop
			vertex 20 1.9509031772613525 9.807852745056152
			vertex 20 6.123233998228043e-16 10
			vertex 21.950902938842773 6.123233998228043e-16 9.807852745056152
		endloop
	endfacet
	facet normal 0.10659729071454199 0.10659727768735806 0.9885717161652784
		outer loop
			vertex 22.023347854614258 2.0233471393585205 9.581864356994629
			vertex 20 1.9509031772613525 9.807852745056152
			vertex 21.950902938842773 6.123233998228043e-16 9.807852745056152
		endloop
	endfacet
	facet normal 0.09604159708729457 0.2889427552885421 0.9525167168061606
		outer loop
			vertex 20 3.8268344402313232 9.238795280456543
			vertex 20 1.9509031772613525 9.807852745056152
			vertex 22.023347854614258 2.0233471393585205 9.581864356994629
		endloop
	endfacet
	facet normal 0.0902292138899831 0.4694738793626076 0.8783239525124085
		outer loop
			vertex 20 5.555702209472656 8.314696311950684
			vertex 20 3.8268344402313232 9.238795280456543
			vertex 22.084592819213867 4.089075565338135 8.884476661682129
		endloop
	endfacet
	facet normal 0.12050842122941326 0.314322575260028 0.9416363624535208
		outer loop
			vertex 22.084592819213867 4.089075565338135 8.884476661682129
			vertex 20 3.8268344402313232 9.238795280456543
			vertex 22.023347854614258 2.0233471393585205 9.581864356994629
		endloop
	endfacet
	facet normal 0.2889428255123447 0.09604149114875639 0.9525167061857058
		outer loop
			vertex 22.023347854614258 2.0233471393585205 9.581864356994629
			vertex 21.950902938842773 6.123233998228043e-16 9.807852745056152
			vertex 23.826833724975586 6.123233998228043e-16 9.238795280456543
		endloop
	endfacet
	facet normal 0.3143227045954152 0.12050836293928387 0.9416363267405933
		outer loop
			vertex 23.826833724975586 6.123233998228043e-16 9.238795280456543
			vertex 24.089075088500977 2.084592819213867 8.884476661682129
			vertex 22.023347854614258 2.0233471393585205 9.581864356994629
		endloop
	endfacet
	facet normal 0.46947372918339614 0.09022919309495661 0.8783240349210926
		outer loop
			vertex 23.826833724975586 6.123233998228043e-16 9.238795280456543
			vertex 25.555702209472656 6.123233998228043e-16 8.314696311950684
			vertex 24.089075088500977 2.084592819213867 8.884476661682129
		endloop
	endfacet
	facet normal 0.3412200807726107 0.341219999601339 0.8758640124754501
		outer loop
			vertex 24.089075088500977 2.084592819213867 8.884476661682129
			vertex 24.29766273498535 4.297662734985352 7.941044807434082
			vertex 22.084592819213867 4.089075565338135 8.884476661682129
		endloop
	endfacet
	facet normal 0.2974560197092159 0.29745594894877486 0.9072154511326043
		outer loop
			vertex 22.084592819213867 4.089075565338135 8.884476661682129
			vertex 22.023347854614258 2.0233471393585205 9.581864356994629
			vertex 24.089075088500977 2.084592819213867 8.884476661682129
		endloop
	endfacet
	facet normal 0.30049209351896305 0.4961495709721742 0.8145797106218139
		outer loop
			vertex 22.120147705078125 6.037671089172363 7.684497356414795
			vertex 22.084592819213867 4.089075565338135 8.884476661682129
			vertex 24.29766273498535 4.297662734985352 7.941044807434082
		endloop
	endfacet
	facet normal 0.4961496252396019 0.3004919845476417 0.8145797177669124
		outer loop
			vertex 24.089075088500977 2.084592819213867 8.884476661682129
			vertex 26.037670135498047 2.120148181915283 7.684497356414795
			vertex 24.29766273498535 4.297662734985352 7.941044807434082
		endloop
	endfacet
	facet normal 0.09754970637895473 0.9904383433089785 0.09754969445747005
		outer loop
			vertex 21.950902938842773 9.807852745056152 6.123233998228043e-16
			vertex 20 10 6.123233998228043e-16
			vertex 20 9.807852745056152 1.9509031772613525
		endloop
	endfacet
	facet normal 0.10659729071454199 0.9885717161652784 0.10659727768735806
		outer loop
			vertex 21.950902938842773 9.807852745056152 6.123233998228043e-16
			vertex 20 9.807852745056152 1.9509031772613525
			vertex 22.023347854614258 9.581864356994629 2.0233471393585205
		endloop
	endfacet
	facet normal 0.09604159708729457 0.9525167168061606 0.2889427552885421
		outer loop
			vertex 20 9.807852745056152 1.9509031772613525
			vertex 20 9.238795280456543 3.8268344402313232
			vertex 22.023347854614258 9.581864356994629 2.0233471393585205
		endloop
	endfacet
	facet normal 0.0902292138899831 0.8783239525124085 0.4694738793626076
		outer loop
			vertex 20 9.238795280456543 3.8268344402313232
			vertex 20 8.314696311950684 5.555702209472656
			vertex 22.084592819213867 8.884476661682129 4.089075565338135
		endloop
	endfacet
	facet normal 0.12050842122941326 0.9416363624535208 0.314322575260028
		outer loop
			vertex 22.023347854614258 9.581864356994629 2.0233471393585205
			vertex 20 9.238795280456543 3.8268344402313232
			vertex 22.084592819213867 8.884476661682129 4.089075565338135
		endloop
	endfacet
	facet normal 0.2889428255123447 0.9525167061857058 0.09604149114875639
		outer loop
			vertex 21.950902938842773 9.807852745056152 6.123233998228043e-16
			vertex 22.023347854614258 9.581864356994629 2.0233471393585205
			vertex 23.826833724975586 9.238795280456543 6.123233998228043e-16
		endloop
	endfacet
	facet normal 0.3143227045954152 0.9416363267405933 0.12050836293928387
		outer loop
			vertex 24.089075088500977 8.884476661682129 2.084592819213867
			vertex 23.826833724975586 9.238795280456543 6.123233998228043e-16
			vertex 22.023347854614258 9.581864356994629 2.0233471393585205
		endloop
	endfacet
	facet normal 0.46947372918339614 0.8783240349210926 0.09022919309495661
		outer loop
			vertex 24.089075088500977 8.884476661682129 2.084592819213867
			vertex 25.555702209472656 8.314696311950684 6.123233998228043e-16
			vertex 23.826833724975586 9.238795280456543 6.123233998228043e-16
		endloop
	endfacet
	facet normal 0.3412200807726107 0.8758640124754501 0.341219999601339
		outer loop
			vertex 24.29766273498535 7.941044807434082 4.297662734985352
			vertex 24.089075088500977 8.884476661682129 2.084592819213867
			vertex 22.084592819213867 8.884476661682129 4.089075565338135
		endloop
	endfacet
	facet normal 0.30049209351896305 0.8145797106218139 0.4961495709721742
		outer loop
			vertex 22.084592819213867 8.884476661682129 4.089075565338135
			vertex 22.120147705078125 7.684497356414795 6.037671089172363
			vertex 24.29766273498535 7.941044807434082 4.297662734985352
		endloop
	endfacet
	facet normal 0.2974560197092159 0.9072154511326043 0.29745594894877486
		outer loop
			vertex 22.023347854614258 9.581864356994629 2.0233471393585205
			vertex 22.084592819213867 8.884476661682129 4.089075565338135
			vertex 24.089075088500977 8.884476661682129 2.084592819213867
		endloop
	endfacet
	facet normal 0.4961496252396019 0.8145797177669124 0.3004919845476417
		outer loop
			vertex 24.29766273498535 7.941044807434082 4.297662734985352
			vertex 26.037670135498047 7.684497356414795 2.120148181915283
			vertex 24.089075088500977 8.884476661682129 2.084592819213867
		endloop
	endfacet
	facet normal 0.13871242092545333 0.7002709705110586 0.7002709705110586
		outer loop
			vertex 22.120147705078125 7.684497356414795 6.037671089172363
			vertex 20 7.071067810058594 7.071067810058594
			vertex 22.120147705078125 6.037671089172363 7.684497356414795
		endloop
	endfacet
	facet normal 0.08524512887992435 0.6320841267549866 0.7701966792363047
		outer loop
			vertex 20 7.071067810058594 7.071067810058594
			vertex 20 5.555702209472656 8.314696311950684
			vertex 22.120147705078125 6.037671089172363 7.684497356414795
		endloop
	endfacet
	facet normal 0.13342461730541846 0.5179101482890974 0.8449656500687278
		outer loop
			vertex 22.120147705078125 6.037671089172363 7.684497356414795
			vertex 20 5.555702209472656 8.314696311950684
			vertex 22.084592819213867 4.089075565338135 8.884476661682129
		endloop
	endfacet
	facet normal 0.08524512887992435 0.7701966792363047 0.6320841267549866
		outer loop
			vertex 20 8.314696311950684 5.555702209472656
			vertex 20 7.071067810058594 7.071067810058594
			vertex 22.120147705078125 7.684497356414795 6.037671089172363
		endloop
	endfacet
	facet normal 0.13342461730541844 0.8449656500687277 0.5179101482890974
		outer loop
			vertex 22.084592819213867 8.884476661682129 4.089075565338135
			vertex 20 8.314696311950684 5.555702209472656
			vertex 22.120147705078125 7.684497356414795 6.037671089172363
		endloop
	endfacet
	facet normal 0.3594951053329662 0.5599466897960914 0.7464736926563718
		outer loop
			vertex 24.29766273498535 4.297662734985352 7.941044807434082
			vertex 24.37885284423828 6.357108116149902 6.357108116149902
			vertex 22.120147705078125 6.037671089172363 7.684497356414795
		endloop
	endfacet
	facet normal 0.3594951053329662 0.7464736926563718 0.5599466897960914
		outer loop
			vertex 24.37885284423828 6.357108116149902 6.357108116149902
			vertex 24.29766273498535 7.941044807434082 4.297662734985352
			vertex 22.120147705078125 7.684497356414795 6.037671089172363
		endloop
	endfacet
	facet normal 0.30092194456417876 0.6743315146423581 0.6743315146423581
		outer loop
			vertex 22.120147705078125 7.684497356414795 6.037671089172363
			vertex 22.120147705078125 6.037671089172363 7.684497356414795
			vertex 24.37885284423828 6.357108116149902 6.357108116149902
		endloop
	endfacet
	facet normal 0.990438438017337 0.0975492196221425 0.0975492196221425
		outer loop
			vertex 29.80785369873047 6.123233998228043e-16 1.9509031772613525
			vertex 30 6.123233998228043e-16 6.123233998228043e-16
			vertex 29.80785369873047 1.9509031772613525 6.123233998228043e-16
		endloop
	endfacet
	facet normal 0.988571707220065 0.10659732567941449 0.10659732567941449
		outer loop
			vertex 29.80785369873047 6.123233998228043e-16 1.9509031772613525
			vertex 29.80785369873047 1.9509031772613525 6.123233998228043e-16
			vertex 29.581865310668945 2.0233471393585205 2.0233471393585205
		endloop
	endfacet
	facet normal 0.952516713700297 0.09604163072495678 0.2889427543463888
		outer loop
			vertex 29.23879623413086 6.123233998228043e-16 3.8268344402313232
			vertex 29.80785369873047 6.123233998228043e-16 1.9509031772613525
			vertex 29.581865310668945 2.0233471393585205 2.0233471393585205
		endloop
	endfacet
	facet normal 0.878323562606246 0.09022905193573595 0.4694746399513508
		outer loop
			vertex 28.314695358276367 6.123233998228043e-16 5.555702209472656
			vertex 29.23879623413086 6.123233998228043e-16 3.8268344402313232
			vertex 28.884477615356445 2.084592819213867 4.089075565338135
		endloop
	endfacet
	facet normal 0.9416363742518076 0.1205084280080846 0.31432253731625814
		outer loop
			vertex 29.23879623413086 6.123233998228043e-16 3.8268344402313232
			vertex 29.581865310668945 2.0233471393585205 2.0233471393585205
			vertex 28.884477615356445 2.084592819213867 4.089075565338135
		endloop
	endfacet
	facet normal 0.952516713700297 0.2889427543463888 0.09604163072495678
		outer loop
			vertex 29.581865310668945 2.0233471393585205 2.0233471393585205
			vertex 29.80785369873047 1.9509031772613525 6.123233998228043e-16
			vertex 29.23879623413086 3.8268344402313232 6.123233998228043e-16
		endloop
	endfacet
	facet normal 0.9416363742518076 0.31432253731625814 0.1205084280080846
		outer loop
			vertex 29.581865310668945 2.0233471393585205 2.0233471393585205
			vertex 29.23879623413086 3.8268344402313232 6.123233998228043e-16
			vertex 28.884477615356445 4.089075565338135 2.084592819213867
		endloop
	endfacet
	facet normal 0.878323562606246 0.4694746399513508 0.09022905193573595
		outer loop
			vertex 28.884477615356445 4.089075565338135 2.084592819213867
			vertex 29.23879623413086 3.8268344402313232 6.123233998228043e-16
			vertex 28.314695358276367 5.555702209472656 6.123233998228043e-16
		endloop
	endfacet
	facet normal 0.8758639923954729 0.34122006595821924 0.34122006595821924
		outer loop
			vertex 28.884477615356445 2.084592819213867 4.089075565338135
			vertex 28.884477615356445 4.089075565338135 2.084592819213867
			vertex 27.9410457611084 4.297662734985352 4.297662734985352
		endloop
	endfacet
	facet normal 0.81457966259847 0.30049206392601385 0.49614966773993463
		outer loop
			vertex 27.684497833251953 2.120148181915283 6.037671089172363
			vertex 28.884477615356445 2.084592819213867 4.089075565338135
			vertex 27.9410457611084 4.297662734985352 4.297662734985352
		endloop
	endfacet
	facet normal 0.81457966259847 0.49614966773993463 0.30049206392601385
		outer loop
			vertex 27.9410457611084 4.297662734985352 4.297662734985352
			vertex 28.884477615356445 4.089075565338135 2.084592819213867
			vertex 27.684497833251953 6.037671089172363 2.120148181915283
		endloop
	endfacet
	facet normal 0.9072155231145781 0.29745587455952394 0.29745587455952394
		outer loop
			vertex 28.884477615356445 2.084592819213867 4.089075565338135
			vertex 29.581865310668945 2.0233471393585205 2.0233471393585205
			vertex 28.884477615356445 4.089075565338135 2.084592819213867
		endloop
	endfacet
	facet normal 0.7002706617479353 0.13871246756110445 0.7002712700362757
		outer loop
			vertex 27.071067810058594 6.123233998228043e-16 7.071067810058594
			vertex 27.684497833251953 2.120148181915283 6.037671089172363
			vertex 26.037670135498047 2.120148181915283 7.684497356414795
		endloop
	endfacet
	facet normal 0.6320841124682026 0.0852453921017658 0.7701966618278093
		outer loop
			vertex 25.555702209472656 6.123233998228043e-16 8.314696311950684
			vertex 27.071067810058594 6.123233998228043e-16 7.071067810058594
			vertex 26.037670135498047 2.120148181915283 7.684497356414795
		endloop
	endfacet
	facet normal 0.5179102021055222 0.1334247901112629 0.8449655897956927
		outer loop
			vertex 25.555702209472656 6.123233998228043e-16 8.314696311950684
			vertex 26.037670135498047 2.120148181915283 7.684497356414795
			vertex 24.089075088500977 2.084592819213867 8.884476661682129
		endloop
	endfacet
	facet normal 0.5599466369477588 0.3594948790812092 0.7464738412598807
		outer loop
			vertex 26.037670135498047 2.120148181915283 7.684497356414795
			vertex 26.35710906982422 4.378852367401123 6.357108116149902
			vertex 24.29766273498535 4.297662734985352 7.941044807434082
		endloop
	endfacet
	facet normal 0.7464736623160166 0.3594950730490408 0.5599467509701066
		outer loop
			vertex 27.684497833251953 2.120148181915283 6.037671089172363
			vertex 27.9410457611084 4.297662734985352 4.297662734985352
			vertex 26.35710906982422 4.378852367401123 6.357108116149902
		endloop
	endfacet
	facet normal 0.674331268200873 0.300921736445682 0.6743318539570247
		outer loop
			vertex 26.037670135498047 2.120148181915283 7.684497356414795
			vertex 27.684497833251953 2.120148181915283 6.037671089172363
			vertex 26.35710906982422 4.378852367401123 6.357108116149902
		endloop
	endfacet
	facet normal 0.7701969433518748 0.08524472945949342 0.632083858796289
		outer loop
			vertex 27.071067810058594 6.123233998228043e-16 7.071067810058594
			vertex 28.314695358276367 6.123233998228043e-16 5.555702209472656
			vertex 27.684497833251953 2.120148181915283 6.037671089172363
		endloop
	endfacet
	facet normal 0.8449656411620323 0.13342397352671076 0.5179103286708805
		outer loop
			vertex 28.314695358276367 6.123233998228043e-16 5.555702209472656
			vertex 28.884477615356445 2.084592819213867 4.089075565338135
			vertex 27.684497833251953 2.120148181915283 6.037671089172363
		endloop
	endfacet
	facet normal 0.7002706617479353 0.7002712700362757 0.13871246756110445
		outer loop
			vertex 27.684497833251953 6.037671089172363 2.120148181915283
			vertex 27.071067810058594 7.071067810058594 6.123233998228043e-16
			vertex 26.037670135498047 7.684497356414795 2.120148181915283
		endloop
	endfacet
	facet normal 0.5599466369477588 0.7464738412598807 0.3594948790812092
		outer loop
			vertex 26.35710906982422 6.357108116149902 4.378852367401123
			vertex 26.037670135498047 7.684497356414795 2.120148181915283
			vertex 24.29766273498535 7.941044807434082 4.297662734985352
		endloop
	endfacet
	facet normal 0.7464736623160166 0.5599467509701066 0.3594950730490408
		outer loop
			vertex 27.9410457611084 4.297662734985352 4.297662734985352
			vertex 27.684497833251953 6.037671089172363 2.120148181915283
			vertex 26.35710906982422 6.357108116149902 4.378852367401123
		endloop
	endfacet
	facet normal 0.674331268200873 0.6743318539570247 0.300921736445682
		outer loop
			vertex 26.35710906982422 6.357108116149902 4.378852367401123
			vertex 27.684497833251953 6.037671089172363 2.120148181915283
			vertex 26.037670135498047 7.684497356414795 2.120148181915283
		endloop
	endfacet
	facet normal 0.6320841124682026 0.7701966618278093 0.0852453921017658
		outer loop
			vertex 26.037670135498047 7.684497356414795 2.120148181915283
			vertex 27.071067810058594 7.071067810058594 6.123233998228043e-16
			vertex 25.555702209472656 8.314696311950684 6.123233998228043e-16
		endloop
	endfacet
	facet normal 0.5179102021055222 0.8449655897956927 0.1334247901112629
		outer loop
			vertex 26.037670135498047 7.684497356414795 2.120148181915283
			vertex 25.555702209472656 8.314696311950684 6.123233998228043e-16
			vertex 24.089075088500977 8.884476661682129 2.084592819213867
		endloop
	endfacet
	facet normal 0.7701969433518748 0.632083858796289 0.08524472945949342
		outer loop
			vertex 27.684497833251953 6.037671089172363 2.120148181915283
			vertex 28.314695358276367 5.555702209472656 6.123233998228043e-16
			vertex 27.071067810058594 7.071067810058594 6.123233998228043e-16
		endloop
	endfacet
	facet normal 0.8449656411620323 0.5179103286708805 0.13342397352671076
		outer loop
			vertex 28.884477615356445 4.089075565338135 2.084592819213867
			vertex 28.314695358276367 5.555702209472656 6.123233998228043e-16
			vertex 27.684497833251953 6.037671089172363 2.120148181915283
		endloop
	endfacet
	facet normal 0.5773501764136105 0.5773503155776278 0.5773503155776278
		outer loop
			vertex 26.35710906982422 4.378852367401123 6.357108116149902
			vertex 26.35710906982422 6.357108116149902 4.378852367401123
			vertex 24.37885284423828 6.357108116149902 6.357108116149902
		endloop
	endfacet
	facet normal 0.5112124497414925 0.511212572963726 0.6908860517285822
		outer loop
			vertex 24.29766273498535 4.297662734985352 7.941044807434082
			vertex 26.35710906982422 4.378852367401123 6.357108116149902
			vertex 24.37885284423828 6.357108116149902 6.357108116149902
		endloop
	endfacet
	facet normal 0.5112124497414925 0.6908860517285822 0.511212572963726
		outer loop
			vertex 24.37885284423828 6.357108116149902 6.357108116149902
			vertex 26.35710906982422 6.357108116149902 4.378852367401123
			vertex 24.29766273498535 7.941044807434082 4.297662734985352
		endloop
	endfacet
	facet normal 0.6908859310700629 0.5112125928855099 0.5112125928855099
		outer loop
			vertex 26.35710906982422 4.378852367401123 6.357108116149902
			vertex 27.9410457611084 4.297662734985352 4.297662734985352
			vertex 26.35710906982422 6.357108116149902 4.378852367401123
		endloop
	endfacet
endsolid exported
