solid exported
	facet normal -1 0 0
		outer loop
			vertex -10 -6.007394313812256 -5.603536128997803
			vertex -10 -7.78010892868042 -2.8423709869384766
			vertex -10 -2.8423709869384766 7.78010892868042
		endloop
	endfacet
	facet normal -1 0 0
		outer loop
			vertex -10 -5.603536128997803 -6.007394313812256
			vertex -10 7.78010892868042 -2.8423709869384766
			vertex -10 -2.8423709869384766 -7.78010892868042
		endloop
	endfacet
	facet normal -1 0 0
		outer loop
			vertex -10 -6.007394313812256 -5.603536128997803
			vertex -10 6.007394313812256 5.603536128997803
			vertex -10 -5.603536128997803 -6.007394313812256
		endloop
	endfacet
	facet normal 0 -1 0
		outer loop
			vertex -5.603536128997803 -10 -6.007394313812256
			vertex -2.722034454345703 -10 -7.841207027435303
			vertex -6.007394313812256 -10 -5.603536128997803
		endloop
	endfacet
	facet normal 0 -1 0
		outer loop
			vertex -6.007394313812256 -10 -5.603536128997803
			vertex 7.960204409454693e-16 -10 -8.2083101272583
			vertex -7.78010892868042 -10 -2.8423709869384766
		endloop
	endfacet
	facet normal 0 -1 0
		outer loop
			vertex -5.603536128997803 -10 -6.007394313812256
			vertex -2.8423709869384766 -10 -7.78010892868042
			vertex -2.7558915615081787 -10 -7.832484722137451
		endloop
	endfacet
	facet normal 0 -1 0
		outer loop
			vertex -5.603536128997803 -10 -6.007394313812256
			vertex -2.7558915615081787 -10 -7.832484722137451
			vertex -2.722034454345703 -10 -7.841207027435303
		endloop
	endfacet
	facet normal 0 -1 0
		outer loop
			vertex -6.007394313812256 -10 -5.603536128997803
			vertex -2.722034454345703 -10 -7.841207027435303
			vertex 7.960204409454693e-16 -10 -8.2083101272583
		endloop
	endfacet
	facet normal 0 0 -1
		outer loop
			vertex -6.007394313812256 -5.603536128997803 -10
			vertex -2.722034454345703 -7.841207027435303 -10
			vertex -5.603536128997803 -6.007394313812256 -10
		endloop
	endfacet
	facet normal 0 0 -1
		outer loop
			vertex -6.007394313812256 -5.603536128997803 -10
			vertex -7.78010892868042 -2.8423709869384766 -10
			vertex 7.960204409454693e-16 -8.2083101272583 -10
		endloop
	endfacet
	facet normal 0 0 -1
		outer loop
			vertex -5.603536128997803 -6.007394313812256 -10
			vertex -2.7558915615081787 -7.832484722137451 -10
			vertex -2.8423709869384766 -7.78010892868042 -10
		endloop
	endfacet
	facet normal 0 0 -1
		outer loop
			vertex -5.603536128997803 -6.007394313812256 -10
			vertex -2.722034454345703 -7.841207027435303 -10
			vertex -2.7558915615081787 -7.832484722137451 -10
		endloop
	endfacet
	facet normal 0 0 -1
		outer loop
			vertex -6.007394313812256 -5.603536128997803 -10
			vertex 7.960204409454693e-16 -8.2083101272583 -10
			vertex -2.722034454345703 -7.841207027435303 -10
		endloop
	endfacet
	facet normal 0 -1 0
		outer loop
			vertex -7.78010892868042 -10 -2.8423709869384766
			vertex 7.960204409454693e-16 -10 -8.2083101272583
			vertex 2.722034454345703 -10 -7.841207027435303
		endloop
	endfacet
	facet normal 0 -1 0
		outer loop
			vertex -7.78010892868042 -10 -2.8423709869384766
			vertex 2.722034454345703 -10 -7.841207027435303
			vertex 2.7558915615081787 -10 -7.832484722137451
		endloop
	endfacet
	facet normal 0 -1 0
		outer loop
			vertex -7.78010892868042 -10 -2.8423709869384766
			vertex 2.7558915615081787 -10 -7.832484722137451
			vertex 2.8423709869384766 -10 -7.78010892868042
		endloop
	endfacet
	facet normal 0 0 -1
		outer loop
			vertex -7.78010892868042 -2.8423709869384766 -10
			vertex 2.722034454345703 -7.841207027435303 -10
			vertex 7.960204409454693e-16 -8.2083101272583 -10
		endloop
	endfacet
	facet normal 0 0 -1
		outer loop
			vertex -7.78010892868042 -2.8423709869384766 -10
			vertex 2.7558915615081787 -7.832484722137451 -10
			vertex 2.722034454345703 -7.841207027435303 -10
		endloop
	endfacet
	facet normal 0 0 -1
		outer loop
			vertex -7.78010892868042 -2.8423709869384766 -10
			vertex 2.8423709869384766 -7.78010892868042 -10
			vertex 2.7558915615081787 -7.832484722137451 -10
		endloop
	endfacet
	facet normal 0 -1 0
		outer loop
			vertex -7.832484722137451 -10 -2.7558915615081787
			vertex -7.78010892868042 -10 -2.8423709869384766
			vertex 5.603536128997803 -10 -6.007394313812256
		endloop
	endfacet
	facet normal 0 -1 0
		outer loop
			vertex -7.832484722137451 -10 -2.7558915615081787
			vertex 5.603536128997803 -10 -6.007394313812256
			vertex -7.841207027435303 -10 -2.722034454345703
		endloop
	endfacet
	facet normal 0 -1 0
		outer loop
			vertex -8.2083101272583 -10 7.960204409454693e-16
			vertex -7.841207027435303 -10 -2.722034454345703
			vertex 5.603536128997803 -10 -6.007394313812256
		endloop
	endfacet
	facet normal 0 -1 0
		outer loop
			vertex -8.2083101272583 -10 7.960204409454693e-16
			vertex 5.603536128997803 -10 -6.007394313812256
			vertex -7.841207027435303 -10 2.722034454345703
		endloop
	endfacet
	facet normal 0 -1 0
		outer loop
			vertex -7.841207027435303 -10 2.722034454345703
			vertex 5.603536128997803 -10 -6.007394313812256
			vertex -7.832484722137451 -10 2.7558915615081787
		endloop
	endfacet
	facet normal 0 -1 0
		outer loop
			vertex -7.78010892868042 -10 2.8423709869384766
			vertex -7.832484722137451 -10 2.7558915615081787
			vertex 5.603536128997803 -10 -6.007394313812256
		endloop
	endfacet
	facet normal 0 0 -1
		outer loop
			vertex -7.78010892868042 -2.8423709869384766 -10
			vertex -7.832484722137451 -2.7558915615081787 -10
			vertex 5.603536128997803 -6.007394313812256 -10
		endloop
	endfacet
	facet normal 0 0 -1
		outer loop
			vertex -7.841207027435303 -2.722034454345703 -10
			vertex 5.603536128997803 -6.007394313812256 -10
			vertex -7.832484722137451 -2.7558915615081787 -10
		endloop
	endfacet
	facet normal 0 0 -1
		outer loop
			vertex -7.841207027435303 -2.722034454345703 -10
			vertex -8.2083101272583 7.960204409454693e-16 -10
			vertex 5.603536128997803 -6.007394313812256 -10
		endloop
	endfacet
	facet normal 0 0 -1
		outer loop
			vertex -8.2083101272583 7.960204409454693e-16 -10
			vertex -7.841207027435303 2.722034454345703 -10
			vertex 5.603536128997803 -6.007394313812256 -10
		endloop
	endfacet
	facet normal 0 0 -1
		outer loop
			vertex -7.841207027435303 2.722034454345703 -10
			vertex -7.832484722137451 2.7558915615081787 -10
			vertex 5.603536128997803 -6.007394313812256 -10
		endloop
	endfacet
	facet normal 0 0 -1
		outer loop
			vertex -7.832484722137451 2.7558915615081787 -10
			vertex -7.78010892868042 2.8423709869384766 -10
			vertex 5.603536128997803 -6.007394313812256 -10
		endloop
	endfacet
	facet normal -1 0 0
		outer loop
			vertex -10 -7.841207027435303 -2.722034454345703
			vertex -10 -8.2083101272583 7.960204409454693e-16
			vertex -10 -2.8423709869384766 7.78010892868042
		endloop
	endfacet
	facet normal -1 0 0
		outer loop
			vertex -10 -7.841207027435303 -2.722034454345703
			vertex -10 -2.8423709869384766 7.78010892868042
			vertex -10 -7.832484722137451 -2.7558915615081787
		endloop
	endfacet
	facet normal -1 0 0
		outer loop
			vertex -10 -7.78010892868042 -2.8423709869384766
			vertex -10 -7.832484722137451 -2.7558915615081787
			vertex -10 -2.8423709869384766 7.78010892868042
		endloop
	endfacet
	facet normal -1 0 0
		outer loop
			vertex -10 -8.2083101272583 7.960204409454693e-16
			vertex -10 -7.841207027435303 2.722034454345703
			vertex -10 -5.603536128997803 6.007394313812256
		endloop
	endfacet
	facet normal -1 0 0
		outer loop
			vertex -10 -7.841207027435303 2.722034454345703
			vertex -10 -7.832484722137451 2.7558915615081787
			vertex -10 -6.007394313812256 5.603536128997803
		endloop
	endfacet
	facet normal -1 0 0
		outer loop
			vertex -10 -7.832484722137451 2.7558915615081787
			vertex -10 -7.78010892868042 2.8423709869384766
			vertex -10 -6.007394313812256 5.603536128997803
		endloop
	endfacet
	facet normal -1 0 0
		outer loop
			vertex -10 -7.841207027435303 2.722034454345703
			vertex -10 -6.007394313812256 5.603536128997803
			vertex -10 -5.603536128997803 6.007394313812256
		endloop
	endfacet
	facet normal -1 0 0
		outer loop
			vertex -10 -8.2083101272583 7.960204409454693e-16
			vertex -10 -5.603536128997803 6.007394313812256
			vertex -10 -2.8423709869384766 7.78010892868042
		endloop
	endfacet
	facet normal -1 0 0
		outer loop
			vertex -10 -6.007394313812256 -5.603536128997803
			vertex -10 -2.8423709869384766 7.78010892868042
			vertex -10 -2.7558915615081787 7.832484722137451
		endloop
	endfacet
	facet normal -1 0 0
		outer loop
			vertex -10 -6.007394313812256 -5.603536128997803
			vertex -10 -2.7558915615081787 7.832484722137451
			vertex -10 -2.722034454345703 7.841207027435303
		endloop
	endfacet
	facet normal -1 0 0
		outer loop
			vertex -10 -6.007394313812256 -5.603536128997803
			vertex -10 -2.722034454345703 7.841207027435303
			vertex -10 7.960204409454693e-16 8.2083101272583
		endloop
	endfacet
	facet normal -1 0 0
		outer loop
			vertex -10 -6.007394313812256 -5.603536128997803
			vertex -10 7.960204409454693e-16 8.2083101272583
			vertex -10 2.722034454345703 7.841207027435303
		endloop
	endfacet
	facet normal -1 0 0
		outer loop
			vertex -10 -6.007394313812256 -5.603536128997803
			vertex -10 2.722034454345703 7.841207027435303
			vertex -10 2.7558915615081787 7.832484722137451
		endloop
	endfacet
	facet normal -1 0 0
		outer loop
			vertex -10 -6.007394313812256 -5.603536128997803
			vertex -10 2.7558915615081787 7.832484722137451
			vertex -10 2.8423709869384766 7.78010892868042
		endloop
	endfacet
	facet normal 0 0 1
		outer loop
			vertex -5.603536128997803 -6.007394313812256 10
			vertex -7.841207027435303 -2.722034454345703 10
			vertex -6.007394313812256 -5.603536128997803 10
		endloop
	endfacet
	facet normal 0 0 1
		outer loop
			vertex -6.007394313812256 -5.603536128997803 10
			vertex -7.841207027435303 -2.722034454345703 10
			vertex -7.832484722137451 -2.7558915615081787 10
		endloop
	endfacet
	facet normal 0 0 1
		outer loop
			vertex -6.007394313812256 -5.603536128997803 10
			vertex -7.832484722137451 -2.7558915615081787 10
			vertex -7.78010892868042 -2.8423709869384766 10
		endloop
	endfacet
	facet normal 0 0 1
		outer loop
			vertex -5.603536128997803 -6.007394313812256 10
			vertex -8.2083101272583 7.960204409454693e-16 10
			vertex -7.841207027435303 -2.722034454345703 10
		endloop
	endfacet
	facet normal 0 0 1
		outer loop
			vertex -5.603536128997803 -6.007394313812256 10
			vertex -2.8423709869384766 -7.78010892868042 10
			vertex -8.2083101272583 7.960204409454693e-16 10
		endloop
	endfacet
	facet normal 0 0 1
		outer loop
			vertex -2.8423709869384766 -7.78010892868042 10
			vertex -7.841207027435303 2.722034454345703 10
			vertex -8.2083101272583 7.960204409454693e-16 10
		endloop
	endfacet
	facet normal 0 0 1
		outer loop
			vertex -2.8423709869384766 -7.78010892868042 10
			vertex -7.832484722137451 2.7558915615081787 10
			vertex -7.841207027435303 2.722034454345703 10
		endloop
	endfacet
	facet normal 0 0 1
		outer loop
			vertex -2.8423709869384766 -7.78010892868042 10
			vertex -7.78010892868042 2.8423709869384766 10
			vertex -7.832484722137451 2.7558915615081787 10
		endloop
	endfacet
	facet normal 0 -1 0
		outer loop
			vertex -7.78010892868042 -10 2.8423709869384766
			vertex 5.603536128997803 -10 -6.007394313812256
			vertex -6.007394313812256 -10 5.603536128997803
		endloop
	endfacet
	facet normal 0 -1 0
		outer loop
			vertex -6.007394313812256 -10 5.603536128997803
			vertex 6.007394313812256 -10 -5.603536128997803
			vertex -5.603536128997803 -10 6.007394313812256
		endloop
	endfacet
	facet normal 0 -1 0
		outer loop
			vertex -5.603536128997803 -10 6.007394313812256
			vertex 6.007394313812256 -10 -5.603536128997803
			vertex -2.8423709869384766 -10 7.78010892868042
		endloop
	endfacet
	facet normal 0 0 1
		outer loop
			vertex -2.8423709869384766 -7.78010892868042 10
			vertex -2.7558915615081787 -7.832484722137451 10
			vertex -6.007394313812256 5.603536128997803 10
		endloop
	endfacet
	facet normal 0 0 1
		outer loop
			vertex -2.722034454345703 -7.841207027435303 10
			vertex -6.007394313812256 5.603536128997803 10
			vertex -2.7558915615081787 -7.832484722137451 10
		endloop
	endfacet
	facet normal 0 0 1
		outer loop
			vertex -2.722034454345703 -7.841207027435303 10
			vertex 7.960204409454693e-16 -8.2083101272583 10
			vertex -6.007394313812256 5.603536128997803 10
		endloop
	endfacet
	facet normal 0 0 1
		outer loop
			vertex 7.960204409454693e-16 -8.2083101272583 10
			vertex 2.722034454345703 -7.841207027435303 10
			vertex -6.007394313812256 5.603536128997803 10
		endloop
	endfacet
	facet normal 0 0 1
		outer loop
			vertex -6.007394313812256 5.603536128997803 10
			vertex 2.722034454345703 -7.841207027435303 10
			vertex 2.7558915615081787 -7.832484722137451 10
		endloop
	endfacet
	facet normal 0 0 1
		outer loop
			vertex -6.007394313812256 5.603536128997803 10
			vertex 2.7558915615081787 -7.832484722137451 10
			vertex 2.8423709869384766 -7.78010892868042 10
		endloop
	endfacet
	facet normal -1 0 0
		outer loop
			vertex -10 -2.7558915615081787 -7.832484722137451
			vertex -10 7.78010892868042 -2.8423709869384766
			vertex -10 -2.722034454345703 -7.841207027435303
		endloop
	endfacet
	facet normal -1 0 0
		outer loop
			vertex -10 -2.7558915615081787 -7.832484722137451
			vertex -10 -2.8423709869384766 -7.78010892868042
			vertex -10 7.78010892868042 -2.8423709869384766
		endloop
	endfacet
	facet normal -1 0 0
		outer loop
			vertex -10 -2.722034454345703 -7.841207027435303
			vertex -10 7.78010892868042 -2.8423709869384766
			vertex -10 7.960204409454693e-16 -8.2083101272583
		endloop
	endfacet
	facet normal -1 0 0
		outer loop
			vertex -10 7.960204409454693e-16 -8.2083101272583
			vertex -10 6.007394313812256 -5.603536128997803
			vertex -10 2.722034454345703 -7.841207027435303
		endloop
	endfacet
	facet normal -1 0 0
		outer loop
			vertex -10 2.722034454345703 -7.841207027435303
			vertex -10 5.603536128997803 -6.007394313812256
			vertex -10 2.7558915615081787 -7.832484722137451
		endloop
	endfacet
	facet normal -1 0 0
		outer loop
			vertex -10 2.8423709869384766 -7.78010892868042
			vertex -10 2.7558915615081787 -7.832484722137451
			vertex -10 5.603536128997803 -6.007394313812256
		endloop
	endfacet
	facet normal -1 0 0
		outer loop
			vertex -10 2.722034454345703 -7.841207027435303
			vertex -10 6.007394313812256 -5.603536128997803
			vertex -10 5.603536128997803 -6.007394313812256
		endloop
	endfacet
	facet normal -1 0 0
		outer loop
			vertex -10 7.960204409454693e-16 -8.2083101272583
			vertex -10 7.78010892868042 -2.8423709869384766
			vertex -10 6.007394313812256 -5.603536128997803
		endloop
	endfacet
	facet normal -1 0 0
		outer loop
			vertex -10 -5.603536128997803 -6.007394313812256
			vertex -10 7.832484722137451 -2.7558915615081787
			vertex -10 7.78010892868042 -2.8423709869384766
		endloop
	endfacet
	facet normal -1 0 0
		outer loop
			vertex -10 -5.603536128997803 -6.007394313812256
			vertex -10 7.841207027435303 -2.722034454345703
			vertex -10 7.832484722137451 -2.7558915615081787
		endloop
	endfacet
	facet normal -1 0 0
		outer loop
			vertex -10 -5.603536128997803 -6.007394313812256
			vertex -10 8.2083101272583 7.960204409454693e-16
			vertex -10 7.841207027435303 -2.722034454345703
		endloop
	endfacet
	facet normal -1 0 0
		outer loop
			vertex -10 -5.603536128997803 -6.007394313812256
			vertex -10 7.841207027435303 2.722034454345703
			vertex -10 8.2083101272583 7.960204409454693e-16
		endloop
	endfacet
	facet normal -1 0 0
		outer loop
			vertex -10 -5.603536128997803 -6.007394313812256
			vertex -10 7.832484722137451 2.7558915615081787
			vertex -10 7.841207027435303 2.722034454345703
		endloop
	endfacet
	facet normal -1 0 0
		outer loop
			vertex -10 -5.603536128997803 -6.007394313812256
			vertex -10 7.78010892868042 2.8423709869384766
			vertex -10 7.832484722137451 2.7558915615081787
		endloop
	endfacet
	facet normal 0 1 0
		outer loop
			vertex -6.007394313812256 10 -5.603536128997803
			vertex -7.78010892868042 10 -2.8423709869384766
			vertex -2.8423709869384766 10 7.78010892868042
		endloop
	endfacet
	facet normal 0 0 -1
		outer loop
			vertex -6.007394313812256 5.603536128997803 -10
			vertex 5.603536128997803 -6.007394313812256 -10
			vertex -7.78010892868042 2.8423709869384766 -10
		endloop
	endfacet
	facet normal 0 0 -1
		outer loop
			vertex -5.603536128997803 6.007394313812256 -10
			vertex 5.603536128997803 -6.007394313812256 -10
			vertex -6.007394313812256 5.603536128997803 -10
		endloop
	endfacet
	facet normal 0 0 -1
		outer loop
			vertex -2.8423709869384766 7.78010892868042 -10
			vertex 7.78010892868042 2.8423709869384766 -10
			vertex -5.603536128997803 6.007394313812256 -10
		endloop
	endfacet
	facet normal 0 1 0
		outer loop
			vertex -5.603536128997803 10 -6.007394313812256
			vertex 7.78010892868042 10 -2.8423709869384766
			vertex -2.8423709869384766 10 -7.78010892868042
		endloop
	endfacet
	facet normal 0 1 0
		outer loop
			vertex -6.007394313812256 10 -5.603536128997803
			vertex 6.007394313812256 10 5.603536128997803
			vertex -5.603536128997803 10 -6.007394313812256
		endloop
	endfacet
	facet normal -1 0 0
		outer loop
			vertex -10 6.007394313812256 5.603536128997803
			vertex -10 -6.007394313812256 -5.603536128997803
			vertex -10 5.603536128997803 6.007394313812256
		endloop
	endfacet
	facet normal -1 0 0
		outer loop
			vertex -10 -6.007394313812256 -5.603536128997803
			vertex -10 2.8423709869384766 7.78010892868042
			vertex -10 5.603536128997803 6.007394313812256
		endloop
	endfacet
	facet normal -1 0 0
		outer loop
			vertex -10 -5.603536128997803 -6.007394313812256
			vertex -10 6.007394313812256 5.603536128997803
			vertex -10 7.78010892868042 2.8423709869384766
		endloop
	endfacet
	facet normal 0 0 1
		outer loop
			vertex -2.8423709869384766 -7.78010892868042 10
			vertex -6.007394313812256 5.603536128997803 10
			vertex -7.78010892868042 2.8423709869384766 10
		endloop
	endfacet
	facet normal 0 1 0
		outer loop
			vertex -7.841207027435303 10 -2.722034454345703
			vertex -8.2083101272583 10 7.960204409454693e-16
			vertex -2.8423709869384766 10 7.78010892868042
		endloop
	endfacet
	facet normal 0 1 0
		outer loop
			vertex -7.841207027435303 10 -2.722034454345703
			vertex -2.8423709869384766 10 7.78010892868042
			vertex -7.832484722137451 10 -2.7558915615081787
		endloop
	endfacet
	facet normal 0 1 0
		outer loop
			vertex -7.78010892868042 10 -2.8423709869384766
			vertex -7.832484722137451 10 -2.7558915615081787
			vertex -2.8423709869384766 10 7.78010892868042
		endloop
	endfacet
	facet normal 0 1 0
		outer loop
			vertex -8.2083101272583 10 7.960204409454693e-16
			vertex -7.841207027435303 10 2.722034454345703
			vertex -5.603536128997803 10 6.007394313812256
		endloop
	endfacet
	facet normal 0 1 0
		outer loop
			vertex -6.007394313812256 10 5.603536128997803
			vertex -7.841207027435303 10 2.722034454345703
			vertex -7.832484722137451 10 2.7558915615081787
		endloop
	endfacet
	facet normal 0 1 0
		outer loop
			vertex -6.007394313812256 10 5.603536128997803
			vertex -7.832484722137451 10 2.7558915615081787
			vertex -7.78010892868042 10 2.8423709869384766
		endloop
	endfacet
	facet normal 0 1 0
		outer loop
			vertex -6.007394313812256 10 5.603536128997803
			vertex -5.603536128997803 10 6.007394313812256
			vertex -7.841207027435303 10 2.722034454345703
		endloop
	endfacet
	facet normal 0 1 0
		outer loop
			vertex -8.2083101272583 10 7.960204409454693e-16
			vertex -5.603536128997803 10 6.007394313812256
			vertex -2.8423709869384766 10 7.78010892868042
		endloop
	endfacet
	facet normal 0 0 1
		outer loop
			vertex -6.007394313812256 5.603536128997803 10
			vertex 6.007394313812256 -5.603536128997803 10
			vertex -5.603536128997803 6.007394313812256 10
		endloop
	endfacet
	facet normal 0 0 1
		outer loop
			vertex -5.603536128997803 6.007394313812256 10
			vertex 6.007394313812256 -5.603536128997803 10
			vertex -2.8423709869384766 7.78010892868042 10
		endloop
	endfacet
	facet normal 0 1 0
		outer loop
			vertex -6.007394313812256 10 -5.603536128997803
			vertex -2.8423709869384766 10 7.78010892868042
			vertex -2.7558915615081787 10 7.832484722137451
		endloop
	endfacet
	facet normal 0 1 0
		outer loop
			vertex -6.007394313812256 10 -5.603536128997803
			vertex -2.7558915615081787 10 7.832484722137451
			vertex -2.722034454345703 10 7.841207027435303
		endloop
	endfacet
	facet normal 0 1 0
		outer loop
			vertex -6.007394313812256 10 -5.603536128997803
			vertex -2.722034454345703 10 7.841207027435303
			vertex 7.960204409454693e-16 10 8.2083101272583
		endloop
	endfacet
	facet normal 0 1 0
		outer loop
			vertex -6.007394313812256 10 -5.603536128997803
			vertex 7.960204409454693e-16 10 8.2083101272583
			vertex 2.722034454345703 10 7.841207027435303
		endloop
	endfacet
	facet normal 0 1 0
		outer loop
			vertex -6.007394313812256 10 -5.603536128997803
			vertex 2.722034454345703 10 7.841207027435303
			vertex 2.7558915615081787 10 7.832484722137451
		endloop
	endfacet
	facet normal 0 1 0
		outer loop
			vertex -6.007394313812256 10 -5.603536128997803
			vertex 2.7558915615081787 10 7.832484722137451
			vertex 2.8423709869384766 10 7.78010892868042
		endloop
	endfacet
	facet normal 0 -1 0
		outer loop
			vertex -7.78010892868042 -10 -2.8423709869384766
			vertex 2.8423709869384766 -10 -7.78010892868042
			vertex 5.603536128997803 -10 -6.007394313812256
		endloop
	endfacet
	facet normal 0 0 -1
		outer loop
			vertex -7.78010892868042 -2.8423709869384766 -10
			vertex 5.603536128997803 -6.007394313812256 -10
			vertex 2.8423709869384766 -7.78010892868042 -10
		endloop
	endfacet
	facet normal 0 -1 0
		outer loop
			vertex 6.007394313812256 -10 -5.603536128997803
			vertex -6.007394313812256 -10 5.603536128997803
			vertex 5.603536128997803 -10 -6.007394313812256
		endloop
	endfacet
	facet normal 0 0 -1
		outer loop
			vertex 5.603536128997803 -6.007394313812256 -10
			vertex -5.603536128997803 6.007394313812256 -10
			vertex 6.007394313812256 -5.603536128997803 -10
		endloop
	endfacet
	facet normal 0 0 -1
		outer loop
			vertex -5.603536128997803 6.007394313812256 -10
			vertex 7.78010892868042 -2.8423709869384766 -10
			vertex 6.007394313812256 -5.603536128997803 -10
		endloop
	endfacet
	facet normal 0 -1 0
		outer loop
			vertex 7.78010892868042 -10 -2.8423709869384766
			vertex 2.8423709869384766 -10 7.78010892868042
			vertex 6.007394313812256 -10 -5.603536128997803
		endloop
	endfacet
	facet normal 1 0 0
		outer loop
			vertex 10 -5.603536128997803 -6.007394313812256
			vertex 10 -2.722034454345703 -7.841207027435303
			vertex 10 -6.007394313812256 -5.603536128997803
		endloop
	endfacet
	facet normal 1 0 0
		outer loop
			vertex 10 -6.007394313812256 -5.603536128997803
			vertex 10 7.960204409454693e-16 -8.2083101272583
			vertex 10 -7.78010892868042 -2.8423709869384766
		endloop
	endfacet
	facet normal 1 0 0
		outer loop
			vertex 10 -5.603536128997803 -6.007394313812256
			vertex 10 -2.8423709869384766 -7.78010892868042
			vertex 10 -2.7558915615081787 -7.832484722137451
		endloop
	endfacet
	facet normal 1 0 0
		outer loop
			vertex 10 -5.603536128997803 -6.007394313812256
			vertex 10 -2.7558915615081787 -7.832484722137451
			vertex 10 -2.722034454345703 -7.841207027435303
		endloop
	endfacet
	facet normal 1 0 0
		outer loop
			vertex 10 -6.007394313812256 -5.603536128997803
			vertex 10 -2.722034454345703 -7.841207027435303
			vertex 10 7.960204409454693e-16 -8.2083101272583
		endloop
	endfacet
	facet normal 1 0 0
		outer loop
			vertex 10 7.960204409454693e-16 -8.2083101272583
			vertex 10 2.722034454345703 -7.841207027435303
			vertex 10 -7.78010892868042 -2.8423709869384766
		endloop
	endfacet
	facet normal 1 0 0
		outer loop
			vertex 10 -7.78010892868042 -2.8423709869384766
			vertex 10 2.722034454345703 -7.841207027435303
			vertex 10 2.7558915615081787 -7.832484722137451
		endloop
	endfacet
	facet normal 1 0 0
		outer loop
			vertex 10 -7.78010892868042 -2.8423709869384766
			vertex 10 2.7558915615081787 -7.832484722137451
			vertex 10 2.8423709869384766 -7.78010892868042
		endloop
	endfacet
	facet normal 1 0 0
		outer loop
			vertex 10 -7.832484722137451 -2.7558915615081787
			vertex 10 -7.78010892868042 -2.8423709869384766
			vertex 10 5.603536128997803 -6.007394313812256
		endloop
	endfacet
	facet normal 1 0 0
		outer loop
			vertex 10 -7.832484722137451 -2.7558915615081787
			vertex 10 5.603536128997803 -6.007394313812256
			vertex 10 -7.841207027435303 -2.722034454345703
		endloop
	endfacet
	facet normal 1 0 0
		outer loop
			vertex 10 -7.841207027435303 -2.722034454345703
			vertex 10 5.603536128997803 -6.007394313812256
			vertex 10 -8.2083101272583 7.960204409454693e-16
		endloop
	endfacet
	facet normal 1 0 0
		outer loop
			vertex 10 -8.2083101272583 7.960204409454693e-16
			vertex 10 5.603536128997803 -6.007394313812256
			vertex 10 -7.841207027435303 2.722034454345703
		endloop
	endfacet
	facet normal 1 0 0
		outer loop
			vertex 10 -7.841207027435303 2.722034454345703
			vertex 10 5.603536128997803 -6.007394313812256
			vertex 10 -7.832484722137451 2.7558915615081787
		endloop
	endfacet
	facet normal 1 0 0
		outer loop
			vertex 10 -7.78010892868042 2.8423709869384766
			vertex 10 -7.832484722137451 2.7558915615081787
			vertex 10 5.603536128997803 -6.007394313812256
		endloop
	endfacet
	facet normal 0 -1 0
		outer loop
			vertex -2.7558915615081787 -10 7.832484722137451
			vertex -2.8423709869384766 -10 7.78010892868042
			vertex 6.007394313812256 -10 -5.603536128997803
		endloop
	endfacet
	facet normal 0 -1 0
		outer loop
			vertex -2.7558915615081787 -10 7.832484722137451
			vertex 6.007394313812256 -10 -5.603536128997803
			vertex -2.722034454345703 -10 7.841207027435303
		endloop
	endfacet
	facet normal 0 -1 0
		outer loop
			vertex 7.960204409454693e-16 -10 8.2083101272583
			vertex -2.722034454345703 -10 7.841207027435303
			vertex 6.007394313812256 -10 -5.603536128997803
		endloop
	endfacet
	facet normal 0 -1 0
		outer loop
			vertex 7.960204409454693e-16 -10 8.2083101272583
			vertex 6.007394313812256 -10 -5.603536128997803
			vertex 2.722034454345703 -10 7.841207027435303
		endloop
	endfacet
	facet normal 0 -1 0
		outer loop
			vertex 6.007394313812256 -10 -5.603536128997803
			vertex 2.7558915615081787 -10 7.832484722137451
			vertex 2.722034454345703 -10 7.841207027435303
		endloop
	endfacet
	facet normal 0 -1 0
		outer loop
			vertex 6.007394313812256 -10 -5.603536128997803
			vertex 2.8423709869384766 -10 7.78010892868042
			vertex 2.7558915615081787 -10 7.832484722137451
		endloop
	endfacet
	facet normal 0 0 1
		outer loop
			vertex -6.007394313812256 5.603536128997803 10
			vertex 2.8423709869384766 -7.78010892868042 10
			vertex 5.603536128997803 -6.007394313812256 10
		endloop
	endfacet
	facet normal 0 0 1
		outer loop
			vertex 6.007394313812256 -5.603536128997803 10
			vertex -6.007394313812256 5.603536128997803 10
			vertex 5.603536128997803 -6.007394313812256 10
		endloop
	endfacet
	facet normal 0 -1 0
		outer loop
			vertex 7.78010892868042 -10 -2.8423709869384766
			vertex 7.832484722137451 -10 -2.7558915615081787
			vertex 2.8423709869384766 -10 7.78010892868042
		endloop
	endfacet
	facet normal 0 -1 0
		outer loop
			vertex 7.832484722137451 -10 -2.7558915615081787
			vertex 7.841207027435303 -10 -2.722034454345703
			vertex 2.8423709869384766 -10 7.78010892868042
		endloop
	endfacet
	facet normal 0 -1 0
		outer loop
			vertex 7.841207027435303 -10 -2.722034454345703
			vertex 8.2083101272583 -10 7.960204409454693e-16
			vertex 2.8423709869384766 -10 7.78010892868042
		endloop
	endfacet
	facet normal 0 -1 0
		outer loop
			vertex 2.8423709869384766 -10 7.78010892868042
			vertex 8.2083101272583 -10 7.960204409454693e-16
			vertex 5.603536128997803 -10 6.007394313812256
		endloop
	endfacet
	facet normal 0 -1 0
		outer loop
			vertex 5.603536128997803 -10 6.007394313812256
			vertex 8.2083101272583 -10 7.960204409454693e-16
			vertex 7.841207027435303 -10 2.722034454345703
		endloop
	endfacet
	facet normal 0 -1 0
		outer loop
			vertex 7.832484722137451 -10 2.7558915615081787
			vertex 7.78010892868042 -10 2.8423709869384766
			vertex 6.007394313812256 -10 5.603536128997803
		endloop
	endfacet
	facet normal 0 -1 0
		outer loop
			vertex 7.832484722137451 -10 2.7558915615081787
			vertex 6.007394313812256 -10 5.603536128997803
			vertex 7.841207027435303 -10 2.722034454345703
		endloop
	endfacet
	facet normal 0 -1 0
		outer loop
			vertex 5.603536128997803 -10 6.007394313812256
			vertex 7.841207027435303 -10 2.722034454345703
			vertex 6.007394313812256 -10 5.603536128997803
		endloop
	endfacet
	facet normal 1 0 0
		outer loop
			vertex 10 -7.78010892868042 2.8423709869384766
			vertex 10 5.603536128997803 -6.007394313812256
			vertex 10 -6.007394313812256 5.603536128997803
		endloop
	endfacet
	facet normal 1 0 0
		outer loop
			vertex 10 -6.007394313812256 5.603536128997803
			vertex 10 6.007394313812256 -5.603536128997803
			vertex 10 -5.603536128997803 6.007394313812256
		endloop
	endfacet
	facet normal 1 0 0
		outer loop
			vertex 10 -5.603536128997803 6.007394313812256
			vertex 10 6.007394313812256 -5.603536128997803
			vertex 10 -2.8423709869384766 7.78010892868042
		endloop
	endfacet
	facet normal 0 0 1
		outer loop
			vertex 7.78010892868042 -2.8423709869384766 10
			vertex 2.8423709869384766 7.78010892868042 10
			vertex 6.007394313812256 -5.603536128997803 10
		endloop
	endfacet
	facet normal 0 0 -1
		outer loop
			vertex -5.603536128997803 6.007394313812256 -10
			vertex 7.832484722137451 -2.7558915615081787 -10
			vertex 7.78010892868042 -2.8423709869384766 -10
		endloop
	endfacet
	facet normal 0 0 -1
		outer loop
			vertex -5.603536128997803 6.007394313812256 -10
			vertex 7.841207027435303 -2.722034454345703 -10
			vertex 7.832484722137451 -2.7558915615081787 -10
		endloop
	endfacet
	facet normal 0 0 -1
		outer loop
			vertex -5.603536128997803 6.007394313812256 -10
			vertex 8.2083101272583 7.960204409454693e-16 -10
			vertex 7.841207027435303 -2.722034454345703 -10
		endloop
	endfacet
	facet normal 0 0 -1
		outer loop
			vertex -5.603536128997803 6.007394313812256 -10
			vertex 7.841207027435303 2.722034454345703 -10
			vertex 8.2083101272583 7.960204409454693e-16 -10
		endloop
	endfacet
	facet normal 0 0 -1
		outer loop
			vertex -5.603536128997803 6.007394313812256 -10
			vertex 7.832484722137451 2.7558915615081787 -10
			vertex 7.841207027435303 2.722034454345703 -10
		endloop
	endfacet
	facet normal 0 0 -1
		outer loop
			vertex -5.603536128997803 6.007394313812256 -10
			vertex 7.78010892868042 2.8423709869384766 -10
			vertex 7.832484722137451 2.7558915615081787 -10
		endloop
	endfacet
	facet normal 0 0 -1
		outer loop
			vertex -2.8423709869384766 7.78010892868042 -10
			vertex -2.7558915615081787 7.832484722137451 -10
			vertex 7.78010892868042 2.8423709869384766 -10
		endloop
	endfacet
	facet normal 0 0 -1
		outer loop
			vertex -2.722034454345703 7.841207027435303 -10
			vertex 7.78010892868042 2.8423709869384766 -10
			vertex -2.7558915615081787 7.832484722137451 -10
		endloop
	endfacet
	facet normal 0 0 -1
		outer loop
			vertex -2.722034454345703 7.841207027435303 -10
			vertex 7.960204409454693e-16 8.2083101272583 -10
			vertex 7.78010892868042 2.8423709869384766 -10
		endloop
	endfacet
	facet normal 0 1 0
		outer loop
			vertex -2.7558915615081787 10 -7.832484722137451
			vertex 7.78010892868042 10 -2.8423709869384766
			vertex -2.722034454345703 10 -7.841207027435303
		endloop
	endfacet
	facet normal 0 1 0
		outer loop
			vertex -2.7558915615081787 10 -7.832484722137451
			vertex -2.8423709869384766 10 -7.78010892868042
			vertex 7.78010892868042 10 -2.8423709869384766
		endloop
	endfacet
	facet normal 0 1 0
		outer loop
			vertex -2.722034454345703 10 -7.841207027435303
			vertex 7.78010892868042 10 -2.8423709869384766
			vertex 7.960204409454693e-16 10 -8.2083101272583
		endloop
	endfacet
	facet normal 0 0 -1
		outer loop
			vertex 7.960204409454693e-16 8.2083101272583 -10
			vertex 2.722034454345703 7.841207027435303 -10
			vertex 6.007394313812256 5.603536128997803 -10
		endloop
	endfacet
	facet normal 0 0 -1
		outer loop
			vertex 2.7558915615081787 7.832484722137451 -10
			vertex 5.603536128997803 6.007394313812256 -10
			vertex 2.722034454345703 7.841207027435303 -10
		endloop
	endfacet
	facet normal 0 0 -1
		outer loop
			vertex 2.7558915615081787 7.832484722137451 -10
			vertex 2.8423709869384766 7.78010892868042 -10
			vertex 5.603536128997803 6.007394313812256 -10
		endloop
	endfacet
	facet normal 0 0 -1
		outer loop
			vertex 7.78010892868042 2.8423709869384766 -10
			vertex 7.960204409454693e-16 8.2083101272583 -10
			vertex 6.007394313812256 5.603536128997803 -10
		endloop
	endfacet
	facet normal 0 0 -1
		outer loop
			vertex 2.722034454345703 7.841207027435303 -10
			vertex 5.603536128997803 6.007394313812256 -10
			vertex 6.007394313812256 5.603536128997803 -10
		endloop
	endfacet
	facet normal 0 1 0
		outer loop
			vertex 7.960204409454693e-16 10 -8.2083101272583
			vertex 6.007394313812256 10 -5.603536128997803
			vertex 2.722034454345703 10 -7.841207027435303
		endloop
	endfacet
	facet normal 0 1 0
		outer loop
			vertex 2.722034454345703 10 -7.841207027435303
			vertex 5.603536128997803 10 -6.007394313812256
			vertex 2.7558915615081787 10 -7.832484722137451
		endloop
	endfacet
	facet normal 0 1 0
		outer loop
			vertex 2.8423709869384766 10 -7.78010892868042
			vertex 2.7558915615081787 10 -7.832484722137451
			vertex 5.603536128997803 10 -6.007394313812256
		endloop
	endfacet
	facet normal 0 1 0
		outer loop
			vertex 2.722034454345703 10 -7.841207027435303
			vertex 6.007394313812256 10 -5.603536128997803
			vertex 5.603536128997803 10 -6.007394313812256
		endloop
	endfacet
	facet normal 0 1 0
		outer loop
			vertex 7.960204409454693e-16 10 -8.2083101272583
			vertex 7.78010892868042 10 -2.8423709869384766
			vertex 6.007394313812256 10 -5.603536128997803
		endloop
	endfacet
	facet normal 0 1 0
		outer loop
			vertex -5.603536128997803 10 -6.007394313812256
			vertex 7.832484722137451 10 -2.7558915615081787
			vertex 7.78010892868042 10 -2.8423709869384766
		endloop
	endfacet
	facet normal 0 1 0
		outer loop
			vertex -5.603536128997803 10 -6.007394313812256
			vertex 7.841207027435303 10 -2.722034454345703
			vertex 7.832484722137451 10 -2.7558915615081787
		endloop
	endfacet
	facet normal 0 1 0
		outer loop
			vertex -5.603536128997803 10 -6.007394313812256
			vertex 8.2083101272583 10 7.960204409454693e-16
			vertex 7.841207027435303 10 -2.722034454345703
		endloop
	endfacet
	facet normal 0 1 0
		outer loop
			vertex -5.603536128997803 10 -6.007394313812256
			vertex 7.841207027435303 10 2.722034454345703
			vertex 8.2083101272583 10 7.960204409454693e-16
		endloop
	endfacet
	facet normal 0 1 0
		outer loop
			vertex -5.603536128997803 10 -6.007394313812256
			vertex 7.832484722137451 10 2.7558915615081787
			vertex 7.841207027435303 10 2.722034454345703
		endloop
	endfacet
	facet normal 0 1 0
		outer loop
			vertex -5.603536128997803 10 -6.007394313812256
			vertex 7.78010892868042 10 2.8423709869384766
			vertex 7.832484722137451 10 2.7558915615081787
		endloop
	endfacet
	facet normal 1 0 0
		outer loop
			vertex 10 -7.78010892868042 -2.8423709869384766
			vertex 10 2.8423709869384766 -7.78010892868042
			vertex 10 5.603536128997803 -6.007394313812256
		endloop
	endfacet
	facet normal 1 0 0
		outer loop
			vertex 10 6.007394313812256 -5.603536128997803
			vertex 10 -6.007394313812256 5.603536128997803
			vertex 10 5.603536128997803 -6.007394313812256
		endloop
	endfacet
	facet normal 1 0 0
		outer loop
			vertex 10 7.78010892868042 -2.8423709869384766
			vertex 10 2.8423709869384766 7.78010892868042
			vertex 10 6.007394313812256 -5.603536128997803
		endloop
	endfacet
	facet normal 0 0 1
		outer loop
			vertex -2.7558915615081787 7.832484722137451 10
			vertex -2.8423709869384766 7.78010892868042 10
			vertex 6.007394313812256 -5.603536128997803 10
		endloop
	endfacet
	facet normal 0 0 1
		outer loop
			vertex -2.7558915615081787 7.832484722137451 10
			vertex 6.007394313812256 -5.603536128997803 10
			vertex -2.722034454345703 7.841207027435303 10
		endloop
	endfacet
	facet normal 0 0 1
		outer loop
			vertex -2.722034454345703 7.841207027435303 10
			vertex 6.007394313812256 -5.603536128997803 10
			vertex 7.960204409454693e-16 8.2083101272583 10
		endloop
	endfacet
	facet normal 0 0 1
		outer loop
			vertex 6.007394313812256 -5.603536128997803 10
			vertex 2.722034454345703 7.841207027435303 10
			vertex 7.960204409454693e-16 8.2083101272583 10
		endloop
	endfacet
	facet normal 0 0 1
		outer loop
			vertex 6.007394313812256 -5.603536128997803 10
			vertex 2.7558915615081787 7.832484722137451 10
			vertex 2.722034454345703 7.841207027435303 10
		endloop
	endfacet
	facet normal 0 0 1
		outer loop
			vertex 6.007394313812256 -5.603536128997803 10
			vertex 2.8423709869384766 7.78010892868042 10
			vertex 2.7558915615081787 7.832484722137451 10
		endloop
	endfacet
	facet normal 0 1 0
		outer loop
			vertex -6.007394313812256 10 -5.603536128997803
			vertex 5.603536128997803 10 6.007394313812256
			vertex 6.007394313812256 10 5.603536128997803
		endloop
	endfacet
	facet normal 0 1 0
		outer loop
			vertex -6.007394313812256 10 -5.603536128997803
			vertex 2.8423709869384766 10 7.78010892868042
			vertex 5.603536128997803 10 6.007394313812256
		endloop
	endfacet
	facet normal 0 1 0
		outer loop
			vertex -5.603536128997803 10 -6.007394313812256
			vertex 6.007394313812256 10 5.603536128997803
			vertex 7.78010892868042 10 2.8423709869384766
		endloop
	endfacet
	facet normal 1 0 0
		outer loop
			vertex 10 -2.7558915615081787 7.832484722137451
			vertex 10 -2.8423709869384766 7.78010892868042
			vertex 10 6.007394313812256 -5.603536128997803
		endloop
	endfacet
	facet normal 1 0 0
		outer loop
			vertex 10 -2.7558915615081787 7.832484722137451
			vertex 10 6.007394313812256 -5.603536128997803
			vertex 10 -2.722034454345703 7.841207027435303
		endloop
	endfacet
	facet normal 1 0 0
		outer loop
			vertex 10 -2.722034454345703 7.841207027435303
			vertex 10 6.007394313812256 -5.603536128997803
			vertex 10 7.960204409454693e-16 8.2083101272583
		endloop
	endfacet
	facet normal 1 0 0
		outer loop
			vertex 10 6.007394313812256 -5.603536128997803
			vertex 10 2.722034454345703 7.841207027435303
			vertex 10 7.960204409454693e-16 8.2083101272583
		endloop
	endfacet
	facet normal 1 0 0
		outer loop
			vertex 10 6.007394313812256 -5.603536128997803
			vertex 10 2.7558915615081787 7.832484722137451
			vertex 10 2.722034454345703 7.841207027435303
		endloop
	endfacet
	facet normal 1 0 0
		outer loop
			vertex 10 6.007394313812256 -5.603536128997803
			vertex 10 2.8423709869384766 7.78010892868042
			vertex 10 2.7558915615081787 7.832484722137451
		endloop
	endfacet
	facet normal 0 0 1
		outer loop
			vertex 7.78010892868042 -2.8423709869384766 10
			vertex 7.832484722137451 -2.7558915615081787 10
			vertex 2.8423709869384766 7.78010892868042 10
		endloop
	endfacet
	facet normal 0 0 1
		outer loop
			vertex 7.841207027435303 -2.722034454345703 10
			vertex 2.8423709869384766 7.78010892868042 10
			vertex 7.832484722137451 -2.7558915615081787 10
		endloop
	endfacet
	facet normal 0 0 1
		outer loop
			vertex 7.841207027435303 -2.722034454345703 10
			vertex 8.2083101272583 7.960204409454693e-16 10
			vertex 2.8423709869384766 7.78010892868042 10
		endloop
	endfacet
	facet normal 0 0 1
		outer loop
			vertex 8.2083101272583 7.960204409454693e-16 10
			vertex 5.603536128997803 6.007394313812256 10
			vertex 2.8423709869384766 7.78010892868042 10
		endloop
	endfacet
	facet normal 0 0 1
		outer loop
			vertex 8.2083101272583 7.960204409454693e-16 10
			vertex 7.841207027435303 2.722034454345703 10
			vertex 5.603536128997803 6.007394313812256 10
		endloop
	endfacet
	facet normal 0 0 1
		outer loop
			vertex 7.832484722137451 2.7558915615081787 10
			vertex 7.78010892868042 2.8423709869384766 10
			vertex 6.007394313812256 5.603536128997803 10
		endloop
	endfacet
	facet normal 0 0 1
		outer loop
			vertex 7.832484722137451 2.7558915615081787 10
			vertex 6.007394313812256 5.603536128997803 10
			vertex 7.841207027435303 2.722034454345703 10
		endloop
	endfacet
	facet normal 0 0 1
		outer loop
			vertex 5.603536128997803 6.007394313812256 10
			vertex 7.841207027435303 2.722034454345703 10
			vertex 6.007394313812256 5.603536128997803 10
		endloop
	endfacet
	facet normal 1 0 0
		outer loop
			vertex 10 7.78010892868042 -2.8423709869384766
			vertex 10 7.832484722137451 -2.7558915615081787
			vertex 10 2.8423709869384766 7.78010892868042
		endloop
	endfacet
	facet normal 1 0 0
		outer loop
			vertex 10 7.832484722137451 -2.7558915615081787
			vertex 10 7.841207027435303 -2.722034454345703
			vertex 10 2.8423709869384766 7.78010892868042
		endloop
	endfacet
	facet normal 1 0 0
		outer loop
			vertex 10 7.841207027435303 -2.722034454345703
			vertex 10 8.2083101272583 7.960204409454693e-16
			vertex 10 2.8423709869384766 7.78010892868042
		endloop
	endfacet
	facet normal 1 0 0
		outer loop
			vertex 10 8.2083101272583 7.960204409454693e-16
			vertex 10 5.603536128997803 6.007394313812256
			vertex 10 2.8423709869384766 7.78010892868042
		endloop
	endfacet
	facet normal 1 0 0
		outer loop
			vertex 10 8.2083101272583 7.960204409454693e-16
			vertex 10 7.841207027435303 2.722034454345703
			vertex 10 5.603536128997803 6.007394313812256
		endloop
	endfacet
	facet normal 1 0 0
		outer loop
			vertex 10 7.832484722137451 2.7558915615081787
			vertex 10 7.78010892868042 2.8423709869384766
			vertex 10 6.007394313812256 5.603536128997803
		endloop
	endfacet
	facet normal 1 0 0
		outer loop
			vertex 10 7.832484722137451 2.7558915615081787
			vertex 10 6.007394313812256 5.603536128997803
			vertex 10 7.841207027435303 2.722034454345703
		endloop
	endfacet
	facet normal 1 0 0
		outer loop
			vertex 10 5.603536128997803 6.007394313812256
			vertex 10 7.841207027435303 2.722034454345703
			vertex 10 6.007394313812256 5.603536128997803
		endloop
	endfacet
	facet normal -0.6908861990034106 -0.5112124118341709 -0.5112124118341709
		outer loop
			vertex -8.264241218566895 -8.264241218566895 -5.692508220672607
			vertex -10 -6.007394313812256 -5.603536128997803
			vertex -8.264241218566895 -5.692508220672607 -8.264241218566895
		endloop
	endfacet
	facet normal -0.6908861990034106 -0.5112124118341709 -0.5112124118341709
		outer loop
			vertex -8.264241218566895 -5.692508220672607 -8.264241218566895
			vertex -10 -6.007394313812256 -5.603536128997803
			vertex -10 -5.603536128997803 -6.007394313812256
		endloop
	endfacet
	facet normal -0.5112124118341709 -0.6908861990034106 -0.5112124118341709
		outer loop
			vertex -8.264241218566895 -8.264241218566895 -5.692508220672607
			vertex -5.692508220672607 -8.264241218566895 -8.264241218566895
			vertex -5.603536128997803 -10 -6.007394313812256
		endloop
	endfacet
	facet normal -0.5112124118341709 -0.6908861990034106 -0.5112124118341709
		outer loop
			vertex -8.264241218566895 -8.264241218566895 -5.692508220672607
			vertex -5.603536128997803 -10 -6.007394313812256
			vertex -6.007394313812256 -10 -5.603536128997803
		endloop
	endfacet
	facet normal -0.5112124118341709 -0.5112124118341709 -0.6908861990034106
		outer loop
			vertex -8.264241218566895 -5.692508220672607 -8.264241218566895
			vertex -5.603536128997803 -6.007394313812256 -10
			vertex -5.692508220672607 -8.264241218566895 -8.264241218566895
		endloop
	endfacet
	facet normal -0.5112124118341709 -0.5112124118341709 -0.6908861990034106
		outer loop
			vertex -8.264241218566895 -5.692508220672607 -8.264241218566895
			vertex -6.007394313812256 -5.603536128997803 -10
			vertex -5.603536128997803 -6.007394313812256 -10
		endloop
	endfacet
	facet normal -0.5773502691896258 -0.5773502691896258 -0.5773502691896258
		outer loop
			vertex -8.264241218566895 -8.264241218566895 -5.692508220672607
			vertex -8.264241218566895 -5.692508220672607 -8.264241218566895
			vertex -5.692508220672607 -8.264241218566895 -8.264241218566895
		endloop
	endfacet
	facet normal -0.7464749148313045 -0.5599444235737147 -0.35949609738674104
		outer loop
			vertex -9.989847183227539 -7.848972320556641 -2.756192445755005
			vertex -10 -7.78010892868042 -2.8423709869384766
			vertex -8.264241218566895 -8.264241218566895 -5.692508220672607
		endloop
	endfacet
	facet normal -0.8145950356286676 -0.4961319621797223 -0.3004796233238257
		outer loop
			vertex -9.989847183227539 -7.848972320556641 -2.756192445755005
			vertex -10 -7.832484722137451 -2.7558915615081787
			vertex -10 -7.78010892868042 -2.8423709869384766
		endloop
	endfacet
	facet normal -0.8449785695820585 -0.5178903896559865 -0.13341949351211288
		outer loop
			vertex -9.989847183227539 -7.848972320556641 -2.756192445755005
			vertex -10 -7.841207027435303 -2.722034454345703
			vertex -10 -7.832484722137451 -2.7558915615081787
		endloop
	endfacet
	facet normal -0.5599444235737147 -0.7464749148313045 -0.35949609738674104
		outer loop
			vertex -7.848972320556641 -9.989847183227539 -2.756192445755005
			vertex -8.264241218566895 -8.264241218566895 -5.692508220672607
			vertex -7.78010892868042 -10 -2.8423709869384766
		endloop
	endfacet
	facet normal -0.4961319621797223 -0.8145950356286676 -0.3004796233238257
		outer loop
			vertex -7.848972320556641 -9.989847183227539 -2.756192445755005
			vertex -7.78010892868042 -10 -2.8423709869384766
			vertex -7.832484722137451 -10 -2.7558915615081787
		endloop
	endfacet
	facet normal -0.5178903896559865 -0.8449785695820585 -0.13341949351211288
		outer loop
			vertex -7.848972320556641 -9.989847183227539 -2.756192445755005
			vertex -7.832484722137451 -10 -2.7558915615081787
			vertex -7.841207027435303 -10 -2.722034454345703
		endloop
	endfacet
	facet normal -0.6743315335775277 -0.6743315335775277 -0.30092185970108487
		outer loop
			vertex -9.989847183227539 -7.848972320556641 -2.756192445755005
			vertex -8.264241218566895 -8.264241218566895 -5.692508220672607
			vertex -7.848972320556641 -9.989847183227539 -2.756192445755005
		endloop
	endfacet
	facet normal -0.7002709667249567 -0.7002709667249567 -0.13871245915269897
		outer loop
			vertex -9.989847183227539 -7.848972320556641 -2.756192445755005
			vertex -7.848972320556641 -9.989847183227539 -2.756192445755005
			vertex -9.192388534545898 -9.192388534545898 7.960204409454693e-16
		endloop
	endfacet
	facet normal -0.7702148496144602 -0.6320623875591616 -0.08524214724176478
		outer loop
			vertex -9.989847183227539 -7.848972320556641 -2.756192445755005
			vertex -10 -8.2083101272583 7.960204409454693e-16
			vertex -10 -7.841207027435303 -2.722034454345703
		endloop
	endfacet
	facet normal -0.7701970315568791 -0.6320837331026453 -0.08524486452564528
		outer loop
			vertex -9.989847183227539 -7.848972320556641 -2.756192445755005
			vertex -9.192388534545898 -9.192388534545898 7.960204409454693e-16
			vertex -10 -8.2083101272583 7.960204409454693e-16
		endloop
	endfacet
	facet normal -0.6320623875591603 -0.7702148496144615 -0.08524214724176461
		outer loop
			vertex -7.848972320556641 -9.989847183227539 -2.756192445755005
			vertex -7.841207027435303 -10 -2.722034454345703
			vertex -8.2083101272583 -10 7.960204409454693e-16
		endloop
	endfacet
	facet normal -0.6320837331026453 -0.7701970315568791 -0.08524486452564528
		outer loop
			vertex -7.848972320556641 -9.989847183227539 -2.756192445755005
			vertex -8.2083101272583 -10 7.960204409454693e-16
			vertex -9.192388534545898 -9.192388534545898 7.960204409454693e-16
		endloop
	endfacet
	facet normal -0.7464738467288391 -0.5599464905158908 -0.35949509580630873
		outer loop
			vertex -8.264241218566895 -8.264241218566895 -5.692508220672607
			vertex -10 -7.78010892868042 -2.8423709869384766
			vertex -10 -6.007394313812256 -5.603536128997803
		endloop
	endfacet
	facet normal -0.5599464905158908 -0.7464738467288391 -0.35949509580630873
		outer loop
			vertex -8.264241218566895 -8.264241218566895 -5.692508220672607
			vertex -6.007394313812256 -10 -5.603536128997803
			vertex -7.78010892868042 -10 -2.8423709869384766
		endloop
	endfacet
	facet normal -0.7464749148313045 -0.35949609738674104 -0.5599444235737147
		outer loop
			vertex -9.989847183227539 -2.756192445755005 -7.848972320556641
			vertex -8.264241218566895 -5.692508220672607 -8.264241218566895
			vertex -10 -2.8423709869384766 -7.78010892868042
		endloop
	endfacet
	facet normal -0.8145950356286676 -0.3004796233238257 -0.4961319621797223
		outer loop
			vertex -9.989847183227539 -2.756192445755005 -7.848972320556641
			vertex -10 -2.8423709869384766 -7.78010892868042
			vertex -10 -2.7558915615081787 -7.832484722137451
		endloop
	endfacet
	facet normal -0.8449785695820585 -0.13341949351211288 -0.5178903896559865
		outer loop
			vertex -9.989847183227539 -2.756192445755005 -7.848972320556641
			vertex -10 -2.7558915615081787 -7.832484722137451
			vertex -10 -2.722034454345703 -7.841207027435303
		endloop
	endfacet
	facet normal -0.5599444235737147 -0.35949609738674104 -0.7464749148313045
		outer loop
			vertex -8.264241218566895 -5.692508220672607 -8.264241218566895
			vertex -7.848972320556641 -2.756192445755005 -9.989847183227539
			vertex -7.78010892868042 -2.8423709869384766 -10
		endloop
	endfacet
	facet normal -0.4961319621797224 -0.3004796233238258 -0.8145950356286679
		outer loop
			vertex -7.848972320556641 -2.756192445755005 -9.989847183227539
			vertex -7.832484722137451 -2.7558915615081787 -10
			vertex -7.78010892868042 -2.8423709869384766 -10
		endloop
	endfacet
	facet normal -0.5178903896559865 -0.13341949351211288 -0.8449785695820585
		outer loop
			vertex -7.848972320556641 -2.756192445755005 -9.989847183227539
			vertex -7.841207027435303 -2.722034454345703 -10
			vertex -7.832484722137451 -2.7558915615081787 -10
		endloop
	endfacet
	facet normal -0.6743315335775277 -0.30092185970108487 -0.6743315335775277
		outer loop
			vertex -9.989847183227539 -2.756192445755005 -7.848972320556641
			vertex -7.848972320556641 -2.756192445755005 -9.989847183227539
			vertex -8.264241218566895 -5.692508220672607 -8.264241218566895
		endloop
	endfacet
	facet normal -0.7464738467288391 -0.35949509580630873 -0.5599464905158908
		outer loop
			vertex -8.264241218566895 -5.692508220672607 -8.264241218566895
			vertex -10 -5.603536128997803 -6.007394313812256
			vertex -10 -2.8423709869384766 -7.78010892868042
		endloop
	endfacet
	facet normal -0.7002709667249567 -0.13871245915269897 -0.7002709667249567
		outer loop
			vertex -9.989847183227539 -2.756192445755005 -7.848972320556641
			vertex -9.192388534545898 7.960204409454693e-16 -9.192388534545898
			vertex -7.848972320556641 -2.756192445755005 -9.989847183227539
		endloop
	endfacet
	facet normal -0.7702148496144613 -0.0852421472417646 -0.6320623875591602
		outer loop
			vertex -9.989847183227539 -2.756192445755005 -7.848972320556641
			vertex -10 -2.722034454345703 -7.841207027435303
			vertex -10 7.960204409454693e-16 -8.2083101272583
		endloop
	endfacet
	facet normal -0.7701970315568791 -0.08524486452564528 -0.6320837331026453
		outer loop
			vertex -9.989847183227539 -2.756192445755005 -7.848972320556641
			vertex -10 7.960204409454693e-16 -8.2083101272583
			vertex -9.192388534545898 7.960204409454693e-16 -9.192388534545898
		endloop
	endfacet
	facet normal -0.6320623875591617 -0.08524214724176479 -0.7702148496144604
		outer loop
			vertex -7.848972320556641 -2.756192445755005 -9.989847183227539
			vertex -8.2083101272583 7.960204409454693e-16 -10
			vertex -7.841207027435303 -2.722034454345703 -10
		endloop
	endfacet
	facet normal -0.6320837331026453 -0.08524486452564528 -0.7701970315568791
		outer loop
			vertex -7.848972320556641 -2.756192445755005 -9.989847183227539
			vertex -9.192388534545898 7.960204409454693e-16 -9.192388534545898
			vertex -8.2083101272583 7.960204409454693e-16 -10
		endloop
	endfacet
	facet normal -0.5599464905158908 -0.35949509580630873 -0.7464738467288391
		outer loop
			vertex -8.264241218566895 -5.692508220672607 -8.264241218566895
			vertex -7.78010892868042 -2.8423709869384766 -10
			vertex -6.007394313812256 -5.603536128997803 -10
		endloop
	endfacet
	facet normal -0.35949609738674104 -0.7464749148313045 -0.5599444235737147
		outer loop
			vertex -5.692508220672607 -8.264241218566895 -8.264241218566895
			vertex -2.756192445755005 -9.989847183227539 -7.848972320556641
			vertex -2.8423709869384766 -10 -7.78010892868042
		endloop
	endfacet
	facet normal -0.35949609738674104 -0.5599444235737147 -0.7464749148313045
		outer loop
			vertex -5.692508220672607 -8.264241218566895 -8.264241218566895
			vertex -2.8423709869384766 -7.78010892868042 -10
			vertex -2.756192445755005 -7.848972320556641 -9.989847183227539
		endloop
	endfacet
	facet normal -0.3004796233238257 -0.8145950356286676 -0.4961319621797223
		outer loop
			vertex -2.756192445755005 -9.989847183227539 -7.848972320556641
			vertex -2.7558915615081787 -10 -7.832484722137451
			vertex -2.8423709869384766 -10 -7.78010892868042
		endloop
	endfacet
	facet normal -0.13341949351211288 -0.8449785695820585 -0.5178903896559865
		outer loop
			vertex -2.756192445755005 -9.989847183227539 -7.848972320556641
			vertex -2.722034454345703 -10 -7.841207027435303
			vertex -2.7558915615081787 -10 -7.832484722137451
		endloop
	endfacet
	facet normal -0.3004796233238258 -0.4961319621797224 -0.8145950356286679
		outer loop
			vertex -2.756192445755005 -7.848972320556641 -9.989847183227539
			vertex -2.8423709869384766 -7.78010892868042 -10
			vertex -2.7558915615081787 -7.832484722137451 -10
		endloop
	endfacet
	facet normal -0.13341949351211288 -0.5178903896559865 -0.8449785695820585
		outer loop
			vertex -2.756192445755005 -7.848972320556641 -9.989847183227539
			vertex -2.7558915615081787 -7.832484722137451 -10
			vertex -2.722034454345703 -7.841207027435303 -10
		endloop
	endfacet
	facet normal -0.30092185970108487 -0.6743315335775277 -0.6743315335775277
		outer loop
			vertex -5.692508220672607 -8.264241218566895 -8.264241218566895
			vertex -2.756192445755005 -7.848972320556641 -9.989847183227539
			vertex -2.756192445755005 -9.989847183227539 -7.848972320556641
		endloop
	endfacet
	facet normal -0.35949509580630873 -0.7464738467288391 -0.5599464905158908
		outer loop
			vertex -5.692508220672607 -8.264241218566895 -8.264241218566895
			vertex -2.8423709869384766 -10 -7.78010892868042
			vertex -5.603536128997803 -10 -6.007394313812256
		endloop
	endfacet
	facet normal -0.35949509580630873 -0.5599464905158908 -0.7464738467288391
		outer loop
			vertex -5.692508220672607 -8.264241218566895 -8.264241218566895
			vertex -5.603536128997803 -6.007394313812256 -10
			vertex -2.8423709869384766 -7.78010892868042 -10
		endloop
	endfacet
	facet normal -0.13871245915269897 -0.7002709667249567 -0.7002709667249567
		outer loop
			vertex -2.756192445755005 -9.989847183227539 -7.848972320556641
			vertex -2.756192445755005 -7.848972320556641 -9.989847183227539
			vertex 7.960204409454693e-16 -9.192388534545898 -9.192388534545898
		endloop
	endfacet
	facet normal -0.08524214724176478 -0.7702148496144602 -0.6320623875591616
		outer loop
			vertex -2.756192445755005 -9.989847183227539 -7.848972320556641
			vertex 7.960204409454693e-16 -10 -8.2083101272583
			vertex -2.722034454345703 -10 -7.841207027435303
		endloop
	endfacet
	facet normal -0.0852421472417646 -0.6320623875591602 -0.7702148496144613
		outer loop
			vertex -2.756192445755005 -7.848972320556641 -9.989847183227539
			vertex -2.722034454345703 -7.841207027435303 -10
			vertex 7.960204409454693e-16 -8.2083101272583 -10
		endloop
	endfacet
	facet normal -0.08524486452564528 -0.7701970315568791 -0.6320837331026453
		outer loop
			vertex -2.756192445755005 -9.989847183227539 -7.848972320556641
			vertex 7.960204409454693e-16 -9.192388534545898 -9.192388534545898
			vertex 7.960204409454693e-16 -10 -8.2083101272583
		endloop
	endfacet
	facet normal -0.08524486452564528 -0.6320837331026453 -0.7701970315568791
		outer loop
			vertex -2.756192445755005 -7.848972320556641 -9.989847183227539
			vertex 7.960204409454693e-16 -8.2083101272583 -10
			vertex 7.960204409454693e-16 -9.192388534545898 -9.192388534545898
		endloop
	endfacet
	facet normal -0.7002709667249567 -0.7002709667249567 0.13871245915269909
		outer loop
			vertex -9.989847183227539 -7.848972320556641 2.756192445755005
			vertex -9.192388534545898 -9.192388534545898 7.960204409454693e-16
			vertex -7.848972320556641 -9.989847183227539 2.756192445755005
		endloop
	endfacet
	facet normal -0.7701970315568792 -0.6320837331026453 0.08524486452564535
		outer loop
			vertex -9.989847183227539 -7.848972320556641 2.756192445755005
			vertex -10 -8.2083101272583 7.960204409454693e-16
			vertex -9.192388534545898 -9.192388534545898 7.960204409454693e-16
		endloop
	endfacet
	facet normal -0.7702148496144616 -0.6320623875591602 0.08524214724176465
		outer loop
			vertex -9.989847183227539 -7.848972320556641 2.756192445755005
			vertex -10 -7.841207027435303 2.722034454345703
			vertex -10 -8.2083101272583 7.960204409454693e-16
		endloop
	endfacet
	facet normal -0.6320837331026453 -0.7701970315568792 0.08524486452564535
		outer loop
			vertex -7.848972320556641 -9.989847183227539 2.756192445755005
			vertex -9.192388534545898 -9.192388534545898 7.960204409454693e-16
			vertex -8.2083101272583 -10 7.960204409454693e-16
		endloop
	endfacet
	facet normal -0.6320623875591588 -0.7702148496144625 0.08524214724176447
		outer loop
			vertex -7.848972320556641 -9.989847183227539 2.756192445755005
			vertex -8.2083101272583 -10 7.960204409454693e-16
			vertex -7.841207027435303 -10 2.722034454345703
		endloop
	endfacet
	facet normal -0.8449785695820585 -0.5178903896559865 0.13341949351211288
		outer loop
			vertex -9.989847183227539 -7.848972320556641 2.756192445755005
			vertex -10 -7.832484722137451 2.7558915615081787
			vertex -10 -7.841207027435303 2.722034454345703
		endloop
	endfacet
	facet normal -0.8145950356286676 -0.4961319621797223 0.3004796233238257
		outer loop
			vertex -9.989847183227539 -7.848972320556641 2.756192445755005
			vertex -10 -7.78010892868042 2.8423709869384766
			vertex -10 -7.832484722137451 2.7558915615081787
		endloop
	endfacet
	facet normal -0.7464749148313045 -0.5599444235737147 0.35949609738674104
		outer loop
			vertex -9.989847183227539 -7.848972320556641 2.756192445755005
			vertex -8.264241218566895 -8.264241218566895 5.692508220672607
			vertex -10 -7.78010892868042 2.8423709869384766
		endloop
	endfacet
	facet normal -0.5178903896559865 -0.8449785695820585 0.13341949351211288
		outer loop
			vertex -7.848972320556641 -9.989847183227539 2.756192445755005
			vertex -7.841207027435303 -10 2.722034454345703
			vertex -7.832484722137451 -10 2.7558915615081787
		endloop
	endfacet
	facet normal -0.4961319621797223 -0.8145950356286676 0.3004796233238257
		outer loop
			vertex -7.848972320556641 -9.989847183227539 2.756192445755005
			vertex -7.832484722137451 -10 2.7558915615081787
			vertex -7.78010892868042 -10 2.8423709869384766
		endloop
	endfacet
	facet normal -0.5599444235737147 -0.7464749148313045 0.35949609738674104
		outer loop
			vertex -7.848972320556641 -9.989847183227539 2.756192445755005
			vertex -7.78010892868042 -10 2.8423709869384766
			vertex -8.264241218566895 -8.264241218566895 5.692508220672607
		endloop
	endfacet
	facet normal -0.6743315335775277 -0.6743315335775277 0.30092185970108487
		outer loop
			vertex -9.989847183227539 -7.848972320556641 2.756192445755005
			vertex -7.848972320556641 -9.989847183227539 2.756192445755005
			vertex -8.264241218566895 -8.264241218566895 5.692508220672607
		endloop
	endfacet
	facet normal -0.7464738467288391 -0.5599464905158908 0.35949509580630873
		outer loop
			vertex -8.264241218566895 -8.264241218566895 5.692508220672607
			vertex -10 -6.007394313812256 5.603536128997803
			vertex -10 -7.78010892868042 2.8423709869384766
		endloop
	endfacet
	facet normal -0.5599464905158908 -0.7464738467288391 0.35949509580630873
		outer loop
			vertex -8.264241218566895 -8.264241218566895 5.692508220672607
			vertex -7.78010892868042 -10 2.8423709869384766
			vertex -6.007394313812256 -10 5.603536128997803
		endloop
	endfacet
	facet normal -0.6908861990034106 -0.5112124118341709 0.5112124118341709
		outer loop
			vertex -8.264241218566895 -8.264241218566895 5.692508220672607
			vertex -10 -5.603536128997803 6.007394313812256
			vertex -10 -6.007394313812256 5.603536128997803
		endloop
	endfacet
	facet normal -0.6908861990034106 -0.5112124118341709 0.5112124118341709
		outer loop
			vertex -8.264241218566895 -8.264241218566895 5.692508220672607
			vertex -8.264241218566895 -5.692508220672607 8.264241218566895
			vertex -10 -5.603536128997803 6.007394313812256
		endloop
	endfacet
	facet normal -0.5112124118341709 -0.6908861990034106 0.5112124118341709
		outer loop
			vertex -8.264241218566895 -8.264241218566895 5.692508220672607
			vertex -6.007394313812256 -10 5.603536128997803
			vertex -5.603536128997803 -10 6.007394313812256
		endloop
	endfacet
	facet normal -0.5112124118341709 -0.6908861990034106 0.5112124118341709
		outer loop
			vertex -8.264241218566895 -8.264241218566895 5.692508220672607
			vertex -5.603536128997803 -10 6.007394313812256
			vertex -5.692508220672607 -8.264241218566895 8.264241218566895
		endloop
	endfacet
	facet normal -0.5773502691896258 -0.5773502691896258 0.5773502691896258
		outer loop
			vertex -8.264241218566895 -8.264241218566895 5.692508220672607
			vertex -5.692508220672607 -8.264241218566895 8.264241218566895
			vertex -8.264241218566895 -5.692508220672607 8.264241218566895
		endloop
	endfacet
	facet normal -0.5112124118341709 -0.5112124118341709 0.6908861990034106
		outer loop
			vertex -8.264241218566895 -5.692508220672607 8.264241218566895
			vertex -5.692508220672607 -8.264241218566895 8.264241218566895
			vertex -5.603536128997803 -6.007394313812256 10
		endloop
	endfacet
	facet normal -0.5112124118341709 -0.5112124118341709 0.6908861990034106
		outer loop
			vertex -8.264241218566895 -5.692508220672607 8.264241218566895
			vertex -5.603536128997803 -6.007394313812256 10
			vertex -6.007394313812256 -5.603536128997803 10
		endloop
	endfacet
	facet normal -0.7464738467288391 -0.35949509580630873 0.5599464905158908
		outer loop
			vertex -8.264241218566895 -5.692508220672607 8.264241218566895
			vertex -10 -2.8423709869384766 7.78010892868042
			vertex -10 -5.603536128997803 6.007394313812256
		endloop
	endfacet
	facet normal -0.7464749148313045 -0.35949609738674104 0.5599444235737147
		outer loop
			vertex -9.989847183227539 -2.756192445755005 7.848972320556641
			vertex -10 -2.8423709869384766 7.78010892868042
			vertex -8.264241218566895 -5.692508220672607 8.264241218566895
		endloop
	endfacet
	facet normal -0.8145950356286676 -0.3004796233238257 0.4961319621797223
		outer loop
			vertex -9.989847183227539 -2.756192445755005 7.848972320556641
			vertex -10 -2.7558915615081787 7.832484722137451
			vertex -10 -2.8423709869384766 7.78010892868042
		endloop
	endfacet
	facet normal -0.8449785695820585 -0.13341949351211288 0.5178903896559865
		outer loop
			vertex -9.989847183227539 -2.756192445755005 7.848972320556641
			vertex -10 -2.722034454345703 7.841207027435303
			vertex -10 -2.7558915615081787 7.832484722137451
		endloop
	endfacet
	facet normal -0.5599444235737147 -0.35949609738674104 0.7464749148313045
		outer loop
			vertex -8.264241218566895 -5.692508220672607 8.264241218566895
			vertex -7.78010892868042 -2.8423709869384766 10
			vertex -7.848972320556641 -2.756192445755005 9.989847183227539
		endloop
	endfacet
	facet normal -0.6743315335775277 -0.30092185970108487 0.6743315335775277
		outer loop
			vertex -9.989847183227539 -2.756192445755005 7.848972320556641
			vertex -8.264241218566895 -5.692508220672607 8.264241218566895
			vertex -7.848972320556641 -2.756192445755005 9.989847183227539
		endloop
	endfacet
	facet normal -0.4961319621797224 -0.3004796233238258 0.8145950356286679
		outer loop
			vertex -7.848972320556641 -2.756192445755005 9.989847183227539
			vertex -7.78010892868042 -2.8423709869384766 10
			vertex -7.832484722137451 -2.7558915615081787 10
		endloop
	endfacet
	facet normal -0.5178903896559865 -0.13341949351211288 0.8449785695820585
		outer loop
			vertex -7.848972320556641 -2.756192445755005 9.989847183227539
			vertex -7.832484722137451 -2.7558915615081787 10
			vertex -7.841207027435303 -2.722034454345703 10
		endloop
	endfacet
	facet normal -0.7702148496144602 -0.08524214724176478 0.6320623875591616
		outer loop
			vertex -9.989847183227539 -2.756192445755005 7.848972320556641
			vertex -10 7.960204409454693e-16 8.2083101272583
			vertex -10 -2.722034454345703 7.841207027435303
		endloop
	endfacet
	facet normal -0.7002709667249567 -0.13871245915269897 0.7002709667249567
		outer loop
			vertex -9.989847183227539 -2.756192445755005 7.848972320556641
			vertex -7.848972320556641 -2.756192445755005 9.989847183227539
			vertex -9.192388534545898 7.960204409454693e-16 9.192388534545898
		endloop
	endfacet
	facet normal -0.7701970315568791 -0.08524486452564528 0.6320837331026453
		outer loop
			vertex -9.989847183227539 -2.756192445755005 7.848972320556641
			vertex -9.192388534545898 7.960204409454693e-16 9.192388534545898
			vertex -10 7.960204409454693e-16 8.2083101272583
		endloop
	endfacet
	facet normal -0.6320623875591602 -0.0852421472417646 0.7702148496144613
		outer loop
			vertex -7.848972320556641 -2.756192445755005 9.989847183227539
			vertex -7.841207027435303 -2.722034454345703 10
			vertex -8.2083101272583 7.960204409454693e-16 10
		endloop
	endfacet
	facet normal -0.6320837331026453 -0.08524486452564528 0.7701970315568791
		outer loop
			vertex -7.848972320556641 -2.756192445755005 9.989847183227539
			vertex -8.2083101272583 7.960204409454693e-16 10
			vertex -9.192388534545898 7.960204409454693e-16 9.192388534545898
		endloop
	endfacet
	facet normal -0.5599464905158908 -0.35949509580630873 0.7464738467288391
		outer loop
			vertex -8.264241218566895 -5.692508220672607 8.264241218566895
			vertex -6.007394313812256 -5.603536128997803 10
			vertex -7.78010892868042 -2.8423709869384766 10
		endloop
	endfacet
	facet normal -0.35949509580630873 -0.7464738467288391 0.5599464905158908
		outer loop
			vertex -5.692508220672607 -8.264241218566895 8.264241218566895
			vertex -5.603536128997803 -10 6.007394313812256
			vertex -2.8423709869384766 -10 7.78010892868042
		endloop
	endfacet
	facet normal -0.35949609738674104 -0.7464749148313045 0.5599444235737147
		outer loop
			vertex -5.692508220672607 -8.264241218566895 8.264241218566895
			vertex -2.8423709869384766 -10 7.78010892868042
			vertex -2.756192445755005 -9.989847183227539 7.848972320556641
		endloop
	endfacet
	facet normal -0.35949609738674104 -0.5599444235737147 0.7464749148313045
		outer loop
			vertex -5.692508220672607 -8.264241218566895 8.264241218566895
			vertex -2.756192445755005 -7.848972320556641 9.989847183227539
			vertex -2.8423709869384766 -7.78010892868042 10
		endloop
	endfacet
	facet normal -0.3004796233238257 -0.8145950356286676 0.4961319621797223
		outer loop
			vertex -2.756192445755005 -9.989847183227539 7.848972320556641
			vertex -2.8423709869384766 -10 7.78010892868042
			vertex -2.7558915615081787 -10 7.832484722137451
		endloop
	endfacet
	facet normal -0.13341949351211288 -0.8449785695820585 0.5178903896559865
		outer loop
			vertex -2.756192445755005 -9.989847183227539 7.848972320556641
			vertex -2.7558915615081787 -10 7.832484722137451
			vertex -2.722034454345703 -10 7.841207027435303
		endloop
	endfacet
	facet normal -0.30092185970108487 -0.6743315335775277 0.6743315335775277
		outer loop
			vertex -5.692508220672607 -8.264241218566895 8.264241218566895
			vertex -2.756192445755005 -9.989847183227539 7.848972320556641
			vertex -2.756192445755005 -7.848972320556641 9.989847183227539
		endloop
	endfacet
	facet normal -0.3004796233238258 -0.4961319621797224 0.8145950356286679
		outer loop
			vertex -2.756192445755005 -7.848972320556641 9.989847183227539
			vertex -2.7558915615081787 -7.832484722137451 10
			vertex -2.8423709869384766 -7.78010892868042 10
		endloop
	endfacet
	facet normal -0.13341949351211288 -0.5178903896559865 0.8449785695820585
		outer loop
			vertex -2.756192445755005 -7.848972320556641 9.989847183227539
			vertex -2.722034454345703 -7.841207027435303 10
			vertex -2.7558915615081787 -7.832484722137451 10
		endloop
	endfacet
	facet normal -0.35949509580630873 -0.5599464905158908 0.7464738467288391
		outer loop
			vertex -5.692508220672607 -8.264241218566895 8.264241218566895
			vertex -2.8423709869384766 -7.78010892868042 10
			vertex -5.603536128997803 -6.007394313812256 10
		endloop
	endfacet
	facet normal -0.0852421472417646 -0.7702148496144613 0.6320623875591602
		outer loop
			vertex -2.756192445755005 -9.989847183227539 7.848972320556641
			vertex -2.722034454345703 -10 7.841207027435303
			vertex 7.960204409454693e-16 -10 8.2083101272583
		endloop
	endfacet
	facet normal -0.13871245915269897 -0.7002709667249567 0.7002709667249567
		outer loop
			vertex -2.756192445755005 -9.989847183227539 7.848972320556641
			vertex 7.960204409454693e-16 -9.192388534545898 9.192388534545898
			vertex -2.756192445755005 -7.848972320556641 9.989847183227539
		endloop
	endfacet
	facet normal -0.08524214724176479 -0.6320623875591617 0.7702148496144604
		outer loop
			vertex -2.756192445755005 -7.848972320556641 9.989847183227539
			vertex 7.960204409454693e-16 -8.2083101272583 10
			vertex -2.722034454345703 -7.841207027435303 10
		endloop
	endfacet
	facet normal -0.08524486452564528 -0.7701970315568791 0.6320837331026453
		outer loop
			vertex -2.756192445755005 -9.989847183227539 7.848972320556641
			vertex 7.960204409454693e-16 -10 8.2083101272583
			vertex 7.960204409454693e-16 -9.192388534545898 9.192388534545898
		endloop
	endfacet
	facet normal -0.08524486452564528 -0.6320837331026453 0.7701970315568791
		outer loop
			vertex -2.756192445755005 -7.848972320556641 9.989847183227539
			vertex 7.960204409454693e-16 -9.192388534545898 9.192388534545898
			vertex 7.960204409454693e-16 -8.2083101272583 10
		endloop
	endfacet
	facet normal -0.7701970315568792 0.08524486452564535 -0.6320837331026453
		outer loop
			vertex -9.989847183227539 2.756192445755005 -7.848972320556641
			vertex -9.192388534545898 7.960204409454693e-16 -9.192388534545898
			vertex -10 7.960204409454693e-16 -8.2083101272583
		endloop
	endfacet
	facet normal -0.7002709667249567 0.13871245915269909 -0.7002709667249567
		outer loop
			vertex -9.989847183227539 2.756192445755005 -7.848972320556641
			vertex -7.848972320556641 2.756192445755005 -9.989847183227539
			vertex -9.192388534545898 7.960204409454693e-16 -9.192388534545898
		endloop
	endfacet
	facet normal -0.7702148496144626 0.08524214724176447 -0.6320623875591588
		outer loop
			vertex -9.989847183227539 2.756192445755005 -7.848972320556641
			vertex -10 7.960204409454693e-16 -8.2083101272583
			vertex -10 2.722034454345703 -7.841207027435303
		endloop
	endfacet
	facet normal -0.6320837331026453 0.08524486452564535 -0.7701970315568792
		outer loop
			vertex -7.848972320556641 2.756192445755005 -9.989847183227539
			vertex -8.2083101272583 7.960204409454693e-16 -10
			vertex -9.192388534545898 7.960204409454693e-16 -9.192388534545898
		endloop
	endfacet
	facet normal -0.6320623875591601 0.08524214724176464 -0.7702148496144613
		outer loop
			vertex -7.848972320556641 2.756192445755005 -9.989847183227539
			vertex -7.841207027435303 2.722034454345703 -10
			vertex -8.2083101272583 7.960204409454693e-16 -10
		endloop
	endfacet
	facet normal -0.8449785695820585 0.13341949351211288 -0.5178903896559865
		outer loop
			vertex -9.989847183227539 2.756192445755005 -7.848972320556641
			vertex -10 2.722034454345703 -7.841207027435303
			vertex -10 2.7558915615081787 -7.832484722137451
		endloop
	endfacet
	facet normal -0.8145950356286676 0.3004796233238257 -0.4961319621797223
		outer loop
			vertex -9.989847183227539 2.756192445755005 -7.848972320556641
			vertex -10 2.7558915615081787 -7.832484722137451
			vertex -10 2.8423709869384766 -7.78010892868042
		endloop
	endfacet
	facet normal -0.7464749148313045 0.35949609738674104 -0.5599444235737147
		outer loop
			vertex -9.989847183227539 2.756192445755005 -7.848972320556641
			vertex -10 2.8423709869384766 -7.78010892868042
			vertex -8.264241218566895 5.692508220672607 -8.264241218566895
		endloop
	endfacet
	facet normal -0.5178903896559865 0.13341949351211288 -0.8449785695820585
		outer loop
			vertex -7.848972320556641 2.756192445755005 -9.989847183227539
			vertex -7.832484722137451 2.7558915615081787 -10
			vertex -7.841207027435303 2.722034454345703 -10
		endloop
	endfacet
	facet normal -0.4961319621797224 0.3004796233238258 -0.8145950356286679
		outer loop
			vertex -7.848972320556641 2.756192445755005 -9.989847183227539
			vertex -7.78010892868042 2.8423709869384766 -10
			vertex -7.832484722137451 2.7558915615081787 -10
		endloop
	endfacet
	facet normal -0.6743315335775277 0.30092185970108487 -0.6743315335775277
		outer loop
			vertex -9.989847183227539 2.756192445755005 -7.848972320556641
			vertex -8.264241218566895 5.692508220672607 -8.264241218566895
			vertex -7.848972320556641 2.756192445755005 -9.989847183227539
		endloop
	endfacet
	facet normal -0.5599444235737147 0.35949609738674104 -0.7464749148313045
		outer loop
			vertex -7.848972320556641 2.756192445755005 -9.989847183227539
			vertex -8.264241218566895 5.692508220672607 -8.264241218566895
			vertex -7.78010892868042 2.8423709869384766 -10
		endloop
	endfacet
	facet normal -0.7464738467288391 0.35949509580630873 -0.5599464905158908
		outer loop
			vertex -8.264241218566895 5.692508220672607 -8.264241218566895
			vertex -10 2.8423709869384766 -7.78010892868042
			vertex -10 5.603536128997803 -6.007394313812256
		endloop
	endfacet
	facet normal -0.5599464905158908 0.35949509580630873 -0.7464738467288391
		outer loop
			vertex -8.264241218566895 5.692508220672607 -8.264241218566895
			vertex -6.007394313812256 5.603536128997803 -10
			vertex -7.78010892868042 2.8423709869384766 -10
		endloop
	endfacet
	facet normal -0.6908861990034106 0.5112124118341709 -0.5112124118341709
		outer loop
			vertex -8.264241218566895 5.692508220672607 -8.264241218566895
			vertex -10 5.603536128997803 -6.007394313812256
			vertex -10 6.007394313812256 -5.603536128997803
		endloop
	endfacet
	facet normal -0.6908861990034106 0.5112124118341709 -0.5112124118341709
		outer loop
			vertex -8.264241218566895 5.692508220672607 -8.264241218566895
			vertex -10 6.007394313812256 -5.603536128997803
			vertex -8.264241218566895 8.264241218566895 -5.692508220672607
		endloop
	endfacet
	facet normal -0.5112124118341709 0.5112124118341709 -0.6908861990034106
		outer loop
			vertex -8.264241218566895 5.692508220672607 -8.264241218566895
			vertex -5.603536128997803 6.007394313812256 -10
			vertex -6.007394313812256 5.603536128997803 -10
		endloop
	endfacet
	facet normal -0.5112124118341709 0.5112124118341709 -0.6908861990034106
		outer loop
			vertex -8.264241218566895 5.692508220672607 -8.264241218566895
			vertex -5.692508220672607 8.264241218566895 -8.264241218566895
			vertex -5.603536128997803 6.007394313812256 -10
		endloop
	endfacet
	facet normal -0.5773502691896258 0.5773502691896258 -0.5773502691896258
		outer loop
			vertex -8.264241218566895 5.692508220672607 -8.264241218566895
			vertex -8.264241218566895 8.264241218566895 -5.692508220672607
			vertex -5.692508220672607 8.264241218566895 -8.264241218566895
		endloop
	endfacet
	facet normal -0.5112124118341709 0.6908861990034106 -0.5112124118341709
		outer loop
			vertex -8.264241218566895 8.264241218566895 -5.692508220672607
			vertex -6.007394313812256 10 -5.603536128997803
			vertex -5.692508220672607 8.264241218566895 -8.264241218566895
		endloop
	endfacet
	facet normal -0.5112124118341709 0.6908861990034106 -0.5112124118341709
		outer loop
			vertex -5.692508220672607 8.264241218566895 -8.264241218566895
			vertex -6.007394313812256 10 -5.603536128997803
			vertex -5.603536128997803 10 -6.007394313812256
		endloop
	endfacet
	facet normal -0.7464738467288391 0.5599464905158908 -0.35949509580630873
		outer loop
			vertex -8.264241218566895 8.264241218566895 -5.692508220672607
			vertex -10 6.007394313812256 -5.603536128997803
			vertex -10 7.78010892868042 -2.8423709869384766
		endloop
	endfacet
	facet normal -0.7464749148313045 0.5599444235737147 -0.35949609738674104
		outer loop
			vertex -9.989847183227539 7.848972320556641 -2.756192445755005
			vertex -8.264241218566895 8.264241218566895 -5.692508220672607
			vertex -10 7.78010892868042 -2.8423709869384766
		endloop
	endfacet
	facet normal -0.8145950356286676 0.4961319621797223 -0.3004796233238257
		outer loop
			vertex -9.989847183227539 7.848972320556641 -2.756192445755005
			vertex -10 7.78010892868042 -2.8423709869384766
			vertex -10 7.832484722137451 -2.7558915615081787
		endloop
	endfacet
	facet normal -0.8449785695820585 0.5178903896559865 -0.13341949351211288
		outer loop
			vertex -9.989847183227539 7.848972320556641 -2.756192445755005
			vertex -10 7.832484722137451 -2.7558915615081787
			vertex -10 7.841207027435303 -2.722034454345703
		endloop
	endfacet
	facet normal -0.6743315335775277 0.6743315335775277 -0.30092185970108487
		outer loop
			vertex -9.989847183227539 7.848972320556641 -2.756192445755005
			vertex -7.848972320556641 9.989847183227539 -2.756192445755005
			vertex -8.264241218566895 8.264241218566895 -5.692508220672607
		endloop
	endfacet
	facet normal -0.5599444235737147 0.7464749148313045 -0.35949609738674104
		outer loop
			vertex -8.264241218566895 8.264241218566895 -5.692508220672607
			vertex -7.848972320556641 9.989847183227539 -2.756192445755005
			vertex -7.78010892868042 10 -2.8423709869384766
		endloop
	endfacet
	facet normal -0.4961319621797223 0.8145950356286676 -0.3004796233238257
		outer loop
			vertex -7.848972320556641 9.989847183227539 -2.756192445755005
			vertex -7.832484722137451 10 -2.7558915615081787
			vertex -7.78010892868042 10 -2.8423709869384766
		endloop
	endfacet
	facet normal -0.5178903896559865 0.8449785695820585 -0.13341949351211288
		outer loop
			vertex -7.848972320556641 9.989847183227539 -2.756192445755005
			vertex -7.841207027435303 10 -2.722034454345703
			vertex -7.832484722137451 10 -2.7558915615081787
		endloop
	endfacet
	facet normal -0.7702148496144615 0.6320623875591603 -0.08524214724176461
		outer loop
			vertex -9.989847183227539 7.848972320556641 -2.756192445755005
			vertex -10 7.841207027435303 -2.722034454345703
			vertex -10 8.2083101272583 7.960204409454693e-16
		endloop
	endfacet
	facet normal -0.7701970315568791 0.6320837331026453 -0.08524486452564528
		outer loop
			vertex -9.989847183227539 7.848972320556641 -2.756192445755005
			vertex -10 8.2083101272583 7.960204409454693e-16
			vertex -9.192388534545898 9.192388534545898 7.960204409454693e-16
		endloop
	endfacet
	facet normal -0.7002709667249567 0.7002709667249567 -0.13871245915269897
		outer loop
			vertex -9.989847183227539 7.848972320556641 -2.756192445755005
			vertex -9.192388534545898 9.192388534545898 7.960204409454693e-16
			vertex -7.848972320556641 9.989847183227539 -2.756192445755005
		endloop
	endfacet
	facet normal -0.6320623875591616 0.7702148496144602 -0.08524214724176478
		outer loop
			vertex -7.848972320556641 9.989847183227539 -2.756192445755005
			vertex -8.2083101272583 10 7.960204409454693e-16
			vertex -7.841207027435303 10 -2.722034454345703
		endloop
	endfacet
	facet normal -0.6320837331026453 0.7701970315568791 -0.08524486452564528
		outer loop
			vertex -7.848972320556641 9.989847183227539 -2.756192445755005
			vertex -9.192388534545898 9.192388534545898 7.960204409454693e-16
			vertex -8.2083101272583 10 7.960204409454693e-16
		endloop
	endfacet
	facet normal -0.5599464905158908 0.7464738467288391 -0.35949509580630873
		outer loop
			vertex -8.264241218566895 8.264241218566895 -5.692508220672607
			vertex -7.78010892868042 10 -2.8423709869384766
			vertex -6.007394313812256 10 -5.603536128997803
		endloop
	endfacet
	facet normal -0.35949509580630873 0.5599464905158908 -0.7464738467288391
		outer loop
			vertex -5.692508220672607 8.264241218566895 -8.264241218566895
			vertex -2.8423709869384766 7.78010892868042 -10
			vertex -5.603536128997803 6.007394313812256 -10
		endloop
	endfacet
	facet normal -0.35949609738674104 0.5599444235737147 -0.7464749148313045
		outer loop
			vertex -5.692508220672607 8.264241218566895 -8.264241218566895
			vertex -2.756192445755005 7.848972320556641 -9.989847183227539
			vertex -2.8423709869384766 7.78010892868042 -10
		endloop
	endfacet
	facet normal -0.35949609738674104 0.7464749148313045 -0.5599444235737147
		outer loop
			vertex -5.692508220672607 8.264241218566895 -8.264241218566895
			vertex -2.8423709869384766 10 -7.78010892868042
			vertex -2.756192445755005 9.989847183227539 -7.848972320556641
		endloop
	endfacet
	facet normal -0.3004796233238258 0.4961319621797224 -0.8145950356286679
		outer loop
			vertex -2.756192445755005 7.848972320556641 -9.989847183227539
			vertex -2.7558915615081787 7.832484722137451 -10
			vertex -2.8423709869384766 7.78010892868042 -10
		endloop
	endfacet
	facet normal -0.13341949351211288 0.5178903896559865 -0.8449785695820585
		outer loop
			vertex -2.756192445755005 7.848972320556641 -9.989847183227539
			vertex -2.722034454345703 7.841207027435303 -10
			vertex -2.7558915615081787 7.832484722137451 -10
		endloop
	endfacet
	facet normal -0.30092185970108487 0.6743315335775277 -0.6743315335775277
		outer loop
			vertex -5.692508220672607 8.264241218566895 -8.264241218566895
			vertex -2.756192445755005 9.989847183227539 -7.848972320556641
			vertex -2.756192445755005 7.848972320556641 -9.989847183227539
		endloop
	endfacet
	facet normal -0.3004796233238257 0.8145950356286676 -0.4961319621797223
		outer loop
			vertex -2.756192445755005 9.989847183227539 -7.848972320556641
			vertex -2.8423709869384766 10 -7.78010892868042
			vertex -2.7558915615081787 10 -7.832484722137451
		endloop
	endfacet
	facet normal -0.13341949351211288 0.8449785695820585 -0.5178903896559865
		outer loop
			vertex -2.756192445755005 9.989847183227539 -7.848972320556641
			vertex -2.7558915615081787 10 -7.832484722137451
			vertex -2.722034454345703 10 -7.841207027435303
		endloop
	endfacet
	facet normal -0.35949509580630873 0.7464738467288391 -0.5599464905158908
		outer loop
			vertex -5.692508220672607 8.264241218566895 -8.264241218566895
			vertex -5.603536128997803 10 -6.007394313812256
			vertex -2.8423709869384766 10 -7.78010892868042
		endloop
	endfacet
	facet normal -0.08524214724176479 0.6320623875591617 -0.7702148496144604
		outer loop
			vertex -2.756192445755005 7.848972320556641 -9.989847183227539
			vertex 7.960204409454693e-16 8.2083101272583 -10
			vertex -2.722034454345703 7.841207027435303 -10
		endloop
	endfacet
	facet normal -0.13871245915269897 0.7002709667249567 -0.7002709667249567
		outer loop
			vertex -2.756192445755005 7.848972320556641 -9.989847183227539
			vertex -2.756192445755005 9.989847183227539 -7.848972320556641
			vertex 7.960204409454693e-16 9.192388534545898 -9.192388534545898
		endloop
	endfacet
	facet normal -0.0852421472417646 0.7702148496144613 -0.6320623875591602
		outer loop
			vertex -2.756192445755005 9.989847183227539 -7.848972320556641
			vertex -2.722034454345703 10 -7.841207027435303
			vertex 7.960204409454693e-16 10 -8.2083101272583
		endloop
	endfacet
	facet normal -0.08524486452564528 0.6320837331026453 -0.7701970315568791
		outer loop
			vertex -2.756192445755005 7.848972320556641 -9.989847183227539
			vertex 7.960204409454693e-16 9.192388534545898 -9.192388534545898
			vertex 7.960204409454693e-16 8.2083101272583 -10
		endloop
	endfacet
	facet normal -0.08524486452564528 0.7701970315568791 -0.6320837331026453
		outer loop
			vertex -2.756192445755005 9.989847183227539 -7.848972320556641
			vertex 7.960204409454693e-16 10 -8.2083101272583
			vertex 7.960204409454693e-16 9.192388534545898 -9.192388534545898
		endloop
	endfacet
	facet normal -0.7701970315568792 0.08524486452564535 0.6320837331026453
		outer loop
			vertex -9.989847183227539 2.756192445755005 7.848972320556641
			vertex -10 7.960204409454693e-16 8.2083101272583
			vertex -9.192388534545898 7.960204409454693e-16 9.192388534545898
		endloop
	endfacet
	facet normal -0.7702148496144613 0.08524214724176464 0.6320623875591601
		outer loop
			vertex -9.989847183227539 2.756192445755005 7.848972320556641
			vertex -10 2.722034454345703 7.841207027435303
			vertex -10 7.960204409454693e-16 8.2083101272583
		endloop
	endfacet
	facet normal -0.7002709667249567 0.13871245915269909 0.7002709667249567
		outer loop
			vertex -9.989847183227539 2.756192445755005 7.848972320556641
			vertex -9.192388534545898 7.960204409454693e-16 9.192388534545898
			vertex -7.848972320556641 2.756192445755005 9.989847183227539
		endloop
	endfacet
	facet normal -0.6320837331026453 0.08524486452564535 0.7701970315568792
		outer loop
			vertex -9.192388534545898 7.960204409454693e-16 9.192388534545898
			vertex -8.2083101272583 7.960204409454693e-16 10
			vertex -7.848972320556641 2.756192445755005 9.989847183227539
		endloop
	endfacet
	facet normal -0.6320623875591588 0.08524214724176447 0.7702148496144626
		outer loop
			vertex -7.848972320556641 2.756192445755005 9.989847183227539
			vertex -8.2083101272583 7.960204409454693e-16 10
			vertex -7.841207027435303 2.722034454345703 10
		endloop
	endfacet
	facet normal -0.7464738467288391 0.35949509580630873 0.5599464905158908
		outer loop
			vertex -8.264241218566895 5.692508220672607 8.264241218566895
			vertex -10 5.603536128997803 6.007394313812256
			vertex -10 2.8423709869384766 7.78010892868042
		endloop
	endfacet
	facet normal -0.8449785695820585 0.13341949351211288 0.5178903896559865
		outer loop
			vertex -9.989847183227539 2.756192445755005 7.848972320556641
			vertex -10 2.7558915615081787 7.832484722137451
			vertex -10 2.722034454345703 7.841207027435303
		endloop
	endfacet
	facet normal -0.8145950356286676 0.3004796233238257 0.4961319621797223
		outer loop
			vertex -9.989847183227539 2.756192445755005 7.848972320556641
			vertex -10 2.8423709869384766 7.78010892868042
			vertex -10 2.7558915615081787 7.832484722137451
		endloop
	endfacet
	facet normal -0.7464749148313045 0.35949609738674104 0.5599444235737147
		outer loop
			vertex -9.989847183227539 2.756192445755005 7.848972320556641
			vertex -8.264241218566895 5.692508220672607 8.264241218566895
			vertex -10 2.8423709869384766 7.78010892868042
		endloop
	endfacet
	facet normal -0.6743315335775277 0.30092185970108487 0.6743315335775277
		outer loop
			vertex -9.989847183227539 2.756192445755005 7.848972320556641
			vertex -7.848972320556641 2.756192445755005 9.989847183227539
			vertex -8.264241218566895 5.692508220672607 8.264241218566895
		endloop
	endfacet
	facet normal -0.5178903896559865 0.13341949351211288 0.8449785695820585
		outer loop
			vertex -7.848972320556641 2.756192445755005 9.989847183227539
			vertex -7.841207027435303 2.722034454345703 10
			vertex -7.832484722137451 2.7558915615081787 10
		endloop
	endfacet
	facet normal -0.4961319621797224 0.3004796233238258 0.8145950356286679
		outer loop
			vertex -7.848972320556641 2.756192445755005 9.989847183227539
			vertex -7.832484722137451 2.7558915615081787 10
			vertex -7.78010892868042 2.8423709869384766 10
		endloop
	endfacet
	facet normal -0.5599444235737147 0.35949609738674104 0.7464749148313045
		outer loop
			vertex -7.848972320556641 2.756192445755005 9.989847183227539
			vertex -7.78010892868042 2.8423709869384766 10
			vertex -8.264241218566895 5.692508220672607 8.264241218566895
		endloop
	endfacet
	facet normal -0.5599464905158908 0.35949509580630873 0.7464738467288391
		outer loop
			vertex -8.264241218566895 5.692508220672607 8.264241218566895
			vertex -7.78010892868042 2.8423709869384766 10
			vertex -6.007394313812256 5.603536128997803 10
		endloop
	endfacet
	facet normal -0.7464738467288391 0.5599464905158908 0.35949509580630873
		outer loop
			vertex -8.264241218566895 8.264241218566895 5.692508220672607
			vertex -10 7.78010892868042 2.8423709869384766
			vertex -10 6.007394313812256 5.603536128997803
		endloop
	endfacet
	facet normal -0.7701970315568792 0.6320837331026453 0.08524486452564535
		outer loop
			vertex -9.989847183227539 7.848972320556641 2.756192445755005
			vertex -9.192388534545898 9.192388534545898 7.960204409454693e-16
			vertex -10 8.2083101272583 7.960204409454693e-16
		endloop
	endfacet
	facet normal -0.7702148496144625 0.6320623875591588 0.08524214724176447
		outer loop
			vertex -9.989847183227539 7.848972320556641 2.756192445755005
			vertex -10 8.2083101272583 7.960204409454693e-16
			vertex -10 7.841207027435303 2.722034454345703
		endloop
	endfacet
	facet normal -0.7002709667249567 0.7002709667249567 0.13871245915269909
		outer loop
			vertex -9.989847183227539 7.848972320556641 2.756192445755005
			vertex -7.848972320556641 9.989847183227539 2.756192445755005
			vertex -9.192388534545898 9.192388534545898 7.960204409454693e-16
		endloop
	endfacet
	facet normal -0.6320837331026453 0.7701970315568792 0.08524486452564535
		outer loop
			vertex -9.192388534545898 9.192388534545898 7.960204409454693e-16
			vertex -7.848972320556641 9.989847183227539 2.756192445755005
			vertex -8.2083101272583 10 7.960204409454693e-16
		endloop
	endfacet
	facet normal -0.6320623875591602 0.7702148496144616 0.08524214724176465
		outer loop
			vertex -7.848972320556641 9.989847183227539 2.756192445755005
			vertex -7.841207027435303 10 2.722034454345703
			vertex -8.2083101272583 10 7.960204409454693e-16
		endloop
	endfacet
	facet normal -0.8449785695820585 0.5178903896559865 0.13341949351211288
		outer loop
			vertex -9.989847183227539 7.848972320556641 2.756192445755005
			vertex -10 7.841207027435303 2.722034454345703
			vertex -10 7.832484722137451 2.7558915615081787
		endloop
	endfacet
	facet normal -0.8145950356286676 0.4961319621797223 0.3004796233238257
		outer loop
			vertex -9.989847183227539 7.848972320556641 2.756192445755005
			vertex -10 7.832484722137451 2.7558915615081787
			vertex -10 7.78010892868042 2.8423709869384766
		endloop
	endfacet
	facet normal -0.7464749148313045 0.5599444235737147 0.35949609738674104
		outer loop
			vertex -9.989847183227539 7.848972320556641 2.756192445755005
			vertex -10 7.78010892868042 2.8423709869384766
			vertex -8.264241218566895 8.264241218566895 5.692508220672607
		endloop
	endfacet
	facet normal -0.6743315335775277 0.6743315335775277 0.30092185970108487
		outer loop
			vertex -9.989847183227539 7.848972320556641 2.756192445755005
			vertex -8.264241218566895 8.264241218566895 5.692508220672607
			vertex -7.848972320556641 9.989847183227539 2.756192445755005
		endloop
	endfacet
	facet normal -0.5178903896559865 0.8449785695820585 0.13341949351211288
		outer loop
			vertex -7.848972320556641 9.989847183227539 2.756192445755005
			vertex -7.832484722137451 10 2.7558915615081787
			vertex -7.841207027435303 10 2.722034454345703
		endloop
	endfacet
	facet normal -0.4961319621797223 0.8145950356286676 0.3004796233238257
		outer loop
			vertex -7.848972320556641 9.989847183227539 2.756192445755005
			vertex -7.78010892868042 10 2.8423709869384766
			vertex -7.832484722137451 10 2.7558915615081787
		endloop
	endfacet
	facet normal -0.5599444235737147 0.7464749148313045 0.35949609738674104
		outer loop
			vertex -8.264241218566895 8.264241218566895 5.692508220672607
			vertex -7.78010892868042 10 2.8423709869384766
			vertex -7.848972320556641 9.989847183227539 2.756192445755005
		endloop
	endfacet
	facet normal -0.5599464905158908 0.7464738467288391 0.35949509580630873
		outer loop
			vertex -8.264241218566895 8.264241218566895 5.692508220672607
			vertex -6.007394313812256 10 5.603536128997803
			vertex -7.78010892868042 10 2.8423709869384766
		endloop
	endfacet
	facet normal -0.6908861990034106 0.5112124118341709 0.5112124118341709
		outer loop
			vertex -8.264241218566895 8.264241218566895 5.692508220672607
			vertex -10 6.007394313812256 5.603536128997803
			vertex -10 5.603536128997803 6.007394313812256
		endloop
	endfacet
	facet normal -0.6908861990034106 0.5112124118341709 0.5112124118341709
		outer loop
			vertex -8.264241218566895 5.692508220672607 8.264241218566895
			vertex -8.264241218566895 8.264241218566895 5.692508220672607
			vertex -10 5.603536128997803 6.007394313812256
		endloop
	endfacet
	facet normal -0.5773502691896258 0.5773502691896258 0.5773502691896258
		outer loop
			vertex -8.264241218566895 5.692508220672607 8.264241218566895
			vertex -5.692508220672607 8.264241218566895 8.264241218566895
			vertex -8.264241218566895 8.264241218566895 5.692508220672607
		endloop
	endfacet
	facet normal -0.5112124118341709 0.5112124118341709 0.6908861990034106
		outer loop
			vertex -8.264241218566895 5.692508220672607 8.264241218566895
			vertex -6.007394313812256 5.603536128997803 10
			vertex -5.692508220672607 8.264241218566895 8.264241218566895
		endloop
	endfacet
	facet normal -0.5112124118341709 0.5112124118341709 0.6908861990034106
		outer loop
			vertex -5.692508220672607 8.264241218566895 8.264241218566895
			vertex -6.007394313812256 5.603536128997803 10
			vertex -5.603536128997803 6.007394313812256 10
		endloop
	endfacet
	facet normal -0.5112124118341709 0.6908861990034106 0.5112124118341709
		outer loop
			vertex -8.264241218566895 8.264241218566895 5.692508220672607
			vertex -5.603536128997803 10 6.007394313812256
			vertex -6.007394313812256 10 5.603536128997803
		endloop
	endfacet
	facet normal -0.5112124118341709 0.6908861990034106 0.5112124118341709
		outer loop
			vertex -8.264241218566895 8.264241218566895 5.692508220672607
			vertex -5.692508220672607 8.264241218566895 8.264241218566895
			vertex -5.603536128997803 10 6.007394313812256
		endloop
	endfacet
	facet normal -0.35949509580630873 0.5599464905158908 0.7464738467288391
		outer loop
			vertex -5.692508220672607 8.264241218566895 8.264241218566895
			vertex -5.603536128997803 6.007394313812256 10
			vertex -2.8423709869384766 7.78010892868042 10
		endloop
	endfacet
	facet normal -0.35949509580630873 0.7464738467288391 0.5599464905158908
		outer loop
			vertex -5.692508220672607 8.264241218566895 8.264241218566895
			vertex -2.8423709869384766 10 7.78010892868042
			vertex -5.603536128997803 10 6.007394313812256
		endloop
	endfacet
	facet normal -0.35949609738674104 0.5599444235737147 0.7464749148313045
		outer loop
			vertex -5.692508220672607 8.264241218566895 8.264241218566895
			vertex -2.8423709869384766 7.78010892868042 10
			vertex -2.756192445755005 7.848972320556641 9.989847183227539
		endloop
	endfacet
	facet normal -0.35949609738674104 0.7464749148313045 0.5599444235737147
		outer loop
			vertex -5.692508220672607 8.264241218566895 8.264241218566895
			vertex -2.756192445755005 9.989847183227539 7.848972320556641
			vertex -2.8423709869384766 10 7.78010892868042
		endloop
	endfacet
	facet normal -0.30092185970108487 0.6743315335775277 0.6743315335775277
		outer loop
			vertex -5.692508220672607 8.264241218566895 8.264241218566895
			vertex -2.756192445755005 7.848972320556641 9.989847183227539
			vertex -2.756192445755005 9.989847183227539 7.848972320556641
		endloop
	endfacet
	facet normal -0.3004796233238258 0.4961319621797224 0.8145950356286679
		outer loop
			vertex -2.756192445755005 7.848972320556641 9.989847183227539
			vertex -2.8423709869384766 7.78010892868042 10
			vertex -2.7558915615081787 7.832484722137451 10
		endloop
	endfacet
	facet normal -0.13341949351211288 0.5178903896559865 0.8449785695820585
		outer loop
			vertex -2.756192445755005 7.848972320556641 9.989847183227539
			vertex -2.7558915615081787 7.832484722137451 10
			vertex -2.722034454345703 7.841207027435303 10
		endloop
	endfacet
	facet normal -0.3004796233238257 0.8145950356286676 0.4961319621797223
		outer loop
			vertex -2.756192445755005 9.989847183227539 7.848972320556641
			vertex -2.7558915615081787 10 7.832484722137451
			vertex -2.8423709869384766 10 7.78010892868042
		endloop
	endfacet
	facet normal -0.13341949351211288 0.8449785695820585 0.5178903896559865
		outer loop
			vertex -2.756192445755005 9.989847183227539 7.848972320556641
			vertex -2.722034454345703 10 7.841207027435303
			vertex -2.7558915615081787 10 7.832484722137451
		endloop
	endfacet
	facet normal -0.0852421472417646 0.6320623875591602 0.7702148496144613
		outer loop
			vertex -2.756192445755005 7.848972320556641 9.989847183227539
			vertex -2.722034454345703 7.841207027435303 10
			vertex 7.960204409454693e-16 8.2083101272583 10
		endloop
	endfacet
	facet normal -0.08524214724176478 0.7702148496144602 0.6320623875591616
		outer loop
			vertex -2.756192445755005 9.989847183227539 7.848972320556641
			vertex 7.960204409454693e-16 10 8.2083101272583
			vertex -2.722034454345703 10 7.841207027435303
		endloop
	endfacet
	facet normal -0.13871245915269897 0.7002709667249567 0.7002709667249567
		outer loop
			vertex -2.756192445755005 7.848972320556641 9.989847183227539
			vertex 7.960204409454693e-16 9.192388534545898 9.192388534545898
			vertex -2.756192445755005 9.989847183227539 7.848972320556641
		endloop
	endfacet
	facet normal -0.08524486452564528 0.6320837331026453 0.7701970315568791
		outer loop
			vertex -2.756192445755005 7.848972320556641 9.989847183227539
			vertex 7.960204409454693e-16 8.2083101272583 10
			vertex 7.960204409454693e-16 9.192388534545898 9.192388534545898
		endloop
	endfacet
	facet normal -0.08524486452564528 0.7701970315568791 0.6320837331026453
		outer loop
			vertex -2.756192445755005 9.989847183227539 7.848972320556641
			vertex 7.960204409454693e-16 9.192388534545898 9.192388534545898
			vertex 7.960204409454693e-16 10 8.2083101272583
		endloop
	endfacet
	facet normal 0.08524486452564535 -0.7701970315568792 -0.6320837331026453
		outer loop
			vertex 2.756192445755005 -9.989847183227539 -7.848972320556641
			vertex 7.960204409454693e-16 -10 -8.2083101272583
			vertex 7.960204409454693e-16 -9.192388534545898 -9.192388534545898
		endloop
	endfacet
	facet normal 0.08524486452564535 -0.6320837331026453 -0.7701970315568792
		outer loop
			vertex 2.756192445755005 -7.848972320556641 -9.989847183227539
			vertex 7.960204409454693e-16 -9.192388534545898 -9.192388534545898
			vertex 7.960204409454693e-16 -8.2083101272583 -10
		endloop
	endfacet
	facet normal 0.13871245915269909 -0.7002709667249567 -0.7002709667249567
		outer loop
			vertex 2.756192445755005 -9.989847183227539 -7.848972320556641
			vertex 7.960204409454693e-16 -9.192388534545898 -9.192388534545898
			vertex 2.756192445755005 -7.848972320556641 -9.989847183227539
		endloop
	endfacet
	facet normal 0.08524214724176464 -0.7702148496144613 -0.6320623875591601
		outer loop
			vertex 2.756192445755005 -9.989847183227539 -7.848972320556641
			vertex 2.722034454345703 -10 -7.841207027435303
			vertex 7.960204409454693e-16 -10 -8.2083101272583
		endloop
	endfacet
	facet normal 0.08524214724176447 -0.6320623875591588 -0.7702148496144626
		outer loop
			vertex 2.756192445755005 -7.848972320556641 -9.989847183227539
			vertex 7.960204409454693e-16 -8.2083101272583 -10
			vertex 2.722034454345703 -7.841207027435303 -10
		endloop
	endfacet
	facet normal 0.13341949351211288 -0.8449785695820585 -0.5178903896559865
		outer loop
			vertex 2.756192445755005 -9.989847183227539 -7.848972320556641
			vertex 2.7558915615081787 -10 -7.832484722137451
			vertex 2.722034454345703 -10 -7.841207027435303
		endloop
	endfacet
	facet normal 0.3004796233238257 -0.8145950356286676 -0.4961319621797223
		outer loop
			vertex 2.756192445755005 -9.989847183227539 -7.848972320556641
			vertex 2.8423709869384766 -10 -7.78010892868042
			vertex 2.7558915615081787 -10 -7.832484722137451
		endloop
	endfacet
	facet normal 0.13341949351211288 -0.5178903896559865 -0.8449785695820585
		outer loop
			vertex 2.756192445755005 -7.848972320556641 -9.989847183227539
			vertex 2.722034454345703 -7.841207027435303 -10
			vertex 2.7558915615081787 -7.832484722137451 -10
		endloop
	endfacet
	facet normal 0.3004796233238258 -0.4961319621797224 -0.8145950356286679
		outer loop
			vertex 2.756192445755005 -7.848972320556641 -9.989847183227539
			vertex 2.7558915615081787 -7.832484722137451 -10
			vertex 2.8423709869384766 -7.78010892868042 -10
		endloop
	endfacet
	facet normal 0.30092185970108487 -0.6743315335775277 -0.6743315335775277
		outer loop
			vertex 2.756192445755005 -9.989847183227539 -7.848972320556641
			vertex 2.756192445755005 -7.848972320556641 -9.989847183227539
			vertex 5.692508220672607 -8.264241218566895 -8.264241218566895
		endloop
	endfacet
	facet normal 0.35949609738674104 -0.7464749148313045 -0.5599444235737147
		outer loop
			vertex 2.756192445755005 -9.989847183227539 -7.848972320556641
			vertex 5.692508220672607 -8.264241218566895 -8.264241218566895
			vertex 2.8423709869384766 -10 -7.78010892868042
		endloop
	endfacet
	facet normal 0.35949609738674104 -0.5599444235737147 -0.7464749148313045
		outer loop
			vertex 2.756192445755005 -7.848972320556641 -9.989847183227539
			vertex 2.8423709869384766 -7.78010892868042 -10
			vertex 5.692508220672607 -8.264241218566895 -8.264241218566895
		endloop
	endfacet
	facet normal 0.35949509580630873 -0.7464738467288391 -0.5599464905158908
		outer loop
			vertex 5.692508220672607 -8.264241218566895 -8.264241218566895
			vertex 5.603536128997803 -10 -6.007394313812256
			vertex 2.8423709869384766 -10 -7.78010892868042
		endloop
	endfacet
	facet normal 0.35949509580630873 -0.5599464905158908 -0.7464738467288391
		outer loop
			vertex 5.692508220672607 -8.264241218566895 -8.264241218566895
			vertex 2.8423709869384766 -7.78010892868042 -10
			vertex 5.603536128997803 -6.007394313812256 -10
		endloop
	endfacet
	facet normal 0.5112124118341709 -0.6908861990034106 -0.5112124118341709
		outer loop
			vertex 5.692508220672607 -8.264241218566895 -8.264241218566895
			vertex 6.007394313812256 -10 -5.603536128997803
			vertex 5.603536128997803 -10 -6.007394313812256
		endloop
	endfacet
	facet normal 0.5112124118341709 -0.6908861990034106 -0.5112124118341709
		outer loop
			vertex 5.692508220672607 -8.264241218566895 -8.264241218566895
			vertex 8.264241218566895 -8.264241218566895 -5.692508220672607
			vertex 6.007394313812256 -10 -5.603536128997803
		endloop
	endfacet
	facet normal 0.5112124118341709 -0.5112124118341709 -0.6908861990034106
		outer loop
			vertex 5.692508220672607 -8.264241218566895 -8.264241218566895
			vertex 5.603536128997803 -6.007394313812256 -10
			vertex 6.007394313812256 -5.603536128997803 -10
		endloop
	endfacet
	facet normal 0.5112124118341709 -0.5112124118341709 -0.6908861990034106
		outer loop
			vertex 5.692508220672607 -8.264241218566895 -8.264241218566895
			vertex 6.007394313812256 -5.603536128997803 -10
			vertex 8.264241218566895 -5.692508220672607 -8.264241218566895
		endloop
	endfacet
	facet normal 0.5773502691896258 -0.5773502691896258 -0.5773502691896258
		outer loop
			vertex 5.692508220672607 -8.264241218566895 -8.264241218566895
			vertex 8.264241218566895 -5.692508220672607 -8.264241218566895
			vertex 8.264241218566895 -8.264241218566895 -5.692508220672607
		endloop
	endfacet
	facet normal 0.6908861990034106 -0.5112124118341709 -0.5112124118341709
		outer loop
			vertex 8.264241218566895 -8.264241218566895 -5.692508220672607
			vertex 8.264241218566895 -5.692508220672607 -8.264241218566895
			vertex 10 -5.603536128997803 -6.007394313812256
		endloop
	endfacet
	facet normal 0.6908861990034106 -0.5112124118341709 -0.5112124118341709
		outer loop
			vertex 8.264241218566895 -8.264241218566895 -5.692508220672607
			vertex 10 -5.603536128997803 -6.007394313812256
			vertex 10 -6.007394313812256 -5.603536128997803
		endloop
	endfacet
	facet normal 0.5599464905158908 -0.7464738467288391 -0.35949509580630873
		outer loop
			vertex 8.264241218566895 -8.264241218566895 -5.692508220672607
			vertex 7.78010892868042 -10 -2.8423709869384766
			vertex 6.007394313812256 -10 -5.603536128997803
		endloop
	endfacet
	facet normal 0.5599444235737147 -0.7464749148313045 -0.35949609738674104
		outer loop
			vertex 7.848972320556641 -9.989847183227539 -2.756192445755005
			vertex 7.78010892868042 -10 -2.8423709869384766
			vertex 8.264241218566895 -8.264241218566895 -5.692508220672607
		endloop
	endfacet
	facet normal 0.4961319621797223 -0.8145950356286676 -0.3004796233238257
		outer loop
			vertex 7.848972320556641 -9.989847183227539 -2.756192445755005
			vertex 7.832484722137451 -10 -2.7558915615081787
			vertex 7.78010892868042 -10 -2.8423709869384766
		endloop
	endfacet
	facet normal 0.5178903896559865 -0.8449785695820585 -0.13341949351211288
		outer loop
			vertex 7.848972320556641 -9.989847183227539 -2.756192445755005
			vertex 7.841207027435303 -10 -2.722034454345703
			vertex 7.832484722137451 -10 -2.7558915615081787
		endloop
	endfacet
	facet normal 0.6743315335775277 -0.6743315335775277 -0.30092185970108487
		outer loop
			vertex 7.848972320556641 -9.989847183227539 -2.756192445755005
			vertex 8.264241218566895 -8.264241218566895 -5.692508220672607
			vertex 9.989847183227539 -7.848972320556641 -2.756192445755005
		endloop
	endfacet
	facet normal 0.7464749148313045 -0.5599444235737147 -0.35949609738674104
		outer loop
			vertex 8.264241218566895 -8.264241218566895 -5.692508220672607
			vertex 10 -7.78010892868042 -2.8423709869384766
			vertex 9.989847183227539 -7.848972320556641 -2.756192445755005
		endloop
	endfacet
	facet normal 0.8145950356286676 -0.4961319621797223 -0.3004796233238257
		outer loop
			vertex 9.989847183227539 -7.848972320556641 -2.756192445755005
			vertex 10 -7.78010892868042 -2.8423709869384766
			vertex 10 -7.832484722137451 -2.7558915615081787
		endloop
	endfacet
	facet normal 0.8449785695820585 -0.5178903896559865 -0.13341949351211288
		outer loop
			vertex 9.989847183227539 -7.848972320556641 -2.756192445755005
			vertex 10 -7.832484722137451 -2.7558915615081787
			vertex 10 -7.841207027435303 -2.722034454345703
		endloop
	endfacet
	facet normal 0.6320623875591616 -0.7702148496144602 -0.08524214724176478
		outer loop
			vertex 7.848972320556641 -9.989847183227539 -2.756192445755005
			vertex 8.2083101272583 -10 7.960204409454693e-16
			vertex 7.841207027435303 -10 -2.722034454345703
		endloop
	endfacet
	facet normal 0.6320837331026453 -0.7701970315568791 -0.08524486452564528
		outer loop
			vertex 7.848972320556641 -9.989847183227539 -2.756192445755005
			vertex 9.192388534545898 -9.192388534545898 7.960204409454693e-16
			vertex 8.2083101272583 -10 7.960204409454693e-16
		endloop
	endfacet
	facet normal 0.7002709667249567 -0.7002709667249567 -0.13871245915269897
		outer loop
			vertex 7.848972320556641 -9.989847183227539 -2.756192445755005
			vertex 9.989847183227539 -7.848972320556641 -2.756192445755005
			vertex 9.192388534545898 -9.192388534545898 7.960204409454693e-16
		endloop
	endfacet
	facet normal 0.7702148496144615 -0.6320623875591603 -0.08524214724176461
		outer loop
			vertex 9.989847183227539 -7.848972320556641 -2.756192445755005
			vertex 10 -7.841207027435303 -2.722034454345703
			vertex 10 -8.2083101272583 7.960204409454693e-16
		endloop
	endfacet
	facet normal 0.7701970315568791 -0.6320837331026453 -0.08524486452564528
		outer loop
			vertex 9.989847183227539 -7.848972320556641 -2.756192445755005
			vertex 10 -8.2083101272583 7.960204409454693e-16
			vertex 9.192388534545898 -9.192388534545898 7.960204409454693e-16
		endloop
	endfacet
	facet normal 0.7464738467288391 -0.5599464905158908 -0.35949509580630873
		outer loop
			vertex 8.264241218566895 -8.264241218566895 -5.692508220672607
			vertex 10 -6.007394313812256 -5.603536128997803
			vertex 10 -7.78010892868042 -2.8423709869384766
		endloop
	endfacet
	facet normal 0.5599464905158908 -0.35949509580630873 -0.7464738467288391
		outer loop
			vertex 8.264241218566895 -5.692508220672607 -8.264241218566895
			vertex 6.007394313812256 -5.603536128997803 -10
			vertex 7.78010892868042 -2.8423709869384766 -10
		endloop
	endfacet
	facet normal 0.5599444235737147 -0.35949609738674104 -0.7464749148313045
		outer loop
			vertex 8.264241218566895 -5.692508220672607 -8.264241218566895
			vertex 7.78010892868042 -2.8423709869384766 -10
			vertex 7.848972320556641 -2.756192445755005 -9.989847183227539
		endloop
	endfacet
	facet normal 0.4961319621797224 -0.3004796233238258 -0.8145950356286679
		outer loop
			vertex 7.848972320556641 -2.756192445755005 -9.989847183227539
			vertex 7.78010892868042 -2.8423709869384766 -10
			vertex 7.832484722137451 -2.7558915615081787 -10
		endloop
	endfacet
	facet normal 0.5178903896559865 -0.13341949351211288 -0.8449785695820585
		outer loop
			vertex 7.848972320556641 -2.756192445755005 -9.989847183227539
			vertex 7.832484722137451 -2.7558915615081787 -10
			vertex 7.841207027435303 -2.722034454345703 -10
		endloop
	endfacet
	facet normal 0.6743315335775277 -0.30092185970108487 -0.6743315335775277
		outer loop
			vertex 8.264241218566895 -5.692508220672607 -8.264241218566895
			vertex 7.848972320556641 -2.756192445755005 -9.989847183227539
			vertex 9.989847183227539 -2.756192445755005 -7.848972320556641
		endloop
	endfacet
	facet normal 0.7464749148313045 -0.35949609738674104 -0.5599444235737147
		outer loop
			vertex 8.264241218566895 -5.692508220672607 -8.264241218566895
			vertex 9.989847183227539 -2.756192445755005 -7.848972320556641
			vertex 10 -2.8423709869384766 -7.78010892868042
		endloop
	endfacet
	facet normal 0.8145950356286676 -0.3004796233238257 -0.4961319621797223
		outer loop
			vertex 9.989847183227539 -2.756192445755005 -7.848972320556641
			vertex 10 -2.7558915615081787 -7.832484722137451
			vertex 10 -2.8423709869384766 -7.78010892868042
		endloop
	endfacet
	facet normal 0.8449785695820585 -0.13341949351211288 -0.5178903896559865
		outer loop
			vertex 9.989847183227539 -2.756192445755005 -7.848972320556641
			vertex 10 -2.722034454345703 -7.841207027435303
			vertex 10 -2.7558915615081787 -7.832484722137451
		endloop
	endfacet
	facet normal 0.7464738467288391 -0.35949509580630873 -0.5599464905158908
		outer loop
			vertex 8.264241218566895 -5.692508220672607 -8.264241218566895
			vertex 10 -2.8423709869384766 -7.78010892868042
			vertex 10 -5.603536128997803 -6.007394313812256
		endloop
	endfacet
	facet normal 0.6320623875591602 -0.0852421472417646 -0.7702148496144613
		outer loop
			vertex 7.848972320556641 -2.756192445755005 -9.989847183227539
			vertex 7.841207027435303 -2.722034454345703 -10
			vertex 8.2083101272583 7.960204409454693e-16 -10
		endloop
	endfacet
	facet normal 0.6320837331026453 -0.08524486452564528 -0.7701970315568791
		outer loop
			vertex 7.848972320556641 -2.756192445755005 -9.989847183227539
			vertex 8.2083101272583 7.960204409454693e-16 -10
			vertex 9.192388534545898 7.960204409454693e-16 -9.192388534545898
		endloop
	endfacet
	facet normal 0.7002709667249567 -0.13871245915269897 -0.7002709667249567
		outer loop
			vertex 7.848972320556641 -2.756192445755005 -9.989847183227539
			vertex 9.192388534545898 7.960204409454693e-16 -9.192388534545898
			vertex 9.989847183227539 -2.756192445755005 -7.848972320556641
		endloop
	endfacet
	facet normal 0.7702148496144602 -0.08524214724176478 -0.6320623875591616
		outer loop
			vertex 9.989847183227539 -2.756192445755005 -7.848972320556641
			vertex 10 7.960204409454693e-16 -8.2083101272583
			vertex 10 -2.722034454345703 -7.841207027435303
		endloop
	endfacet
	facet normal 0.7701970315568791 -0.08524486452564528 -0.6320837331026453
		outer loop
			vertex 9.989847183227539 -2.756192445755005 -7.848972320556641
			vertex 9.192388534545898 7.960204409454693e-16 -9.192388534545898
			vertex 10 7.960204409454693e-16 -8.2083101272583
		endloop
	endfacet
	facet normal 0.08524486452564535 -0.7701970315568792 0.6320837331026453
		outer loop
			vertex 2.756192445755005 -9.989847183227539 7.848972320556641
			vertex 7.960204409454693e-16 -9.192388534545898 9.192388534545898
			vertex 7.960204409454693e-16 -10 8.2083101272583
		endloop
	endfacet
	facet normal 0.08524486452564535 -0.6320837331026453 0.7701970315568792
		outer loop
			vertex 7.960204409454693e-16 -9.192388534545898 9.192388534545898
			vertex 2.756192445755005 -7.848972320556641 9.989847183227539
			vertex 7.960204409454693e-16 -8.2083101272583 10
		endloop
	endfacet
	facet normal 0.08524214724176447 -0.7702148496144626 0.6320623875591588
		outer loop
			vertex 2.756192445755005 -9.989847183227539 7.848972320556641
			vertex 7.960204409454693e-16 -10 8.2083101272583
			vertex 2.722034454345703 -10 7.841207027435303
		endloop
	endfacet
	facet normal 0.13871245915269909 -0.7002709667249567 0.7002709667249567
		outer loop
			vertex 2.756192445755005 -9.989847183227539 7.848972320556641
			vertex 2.756192445755005 -7.848972320556641 9.989847183227539
			vertex 7.960204409454693e-16 -9.192388534545898 9.192388534545898
		endloop
	endfacet
	facet normal 0.08524214724176464 -0.6320623875591601 0.7702148496144613
		outer loop
			vertex 2.756192445755005 -7.848972320556641 9.989847183227539
			vertex 2.722034454345703 -7.841207027435303 10
			vertex 7.960204409454693e-16 -8.2083101272583 10
		endloop
	endfacet
	facet normal 0.35949509580630873 -0.7464738467288391 0.5599464905158908
		outer loop
			vertex 5.692508220672607 -8.264241218566895 8.264241218566895
			vertex 2.8423709869384766 -10 7.78010892868042
			vertex 5.603536128997803 -10 6.007394313812256
		endloop
	endfacet
	facet normal 0.13341949351211288 -0.8449785695820585 0.5178903896559865
		outer loop
			vertex 2.756192445755005 -9.989847183227539 7.848972320556641
			vertex 2.722034454345703 -10 7.841207027435303
			vertex 2.7558915615081787 -10 7.832484722137451
		endloop
	endfacet
	facet normal 0.3004796233238257 -0.8145950356286676 0.4961319621797223
		outer loop
			vertex 2.756192445755005 -9.989847183227539 7.848972320556641
			vertex 2.7558915615081787 -10 7.832484722137451
			vertex 2.8423709869384766 -10 7.78010892868042
		endloop
	endfacet
	facet normal 0.30092185970108487 -0.6743315335775277 0.6743315335775277
		outer loop
			vertex 2.756192445755005 -9.989847183227539 7.848972320556641
			vertex 5.692508220672607 -8.264241218566895 8.264241218566895
			vertex 2.756192445755005 -7.848972320556641 9.989847183227539
		endloop
	endfacet
	facet normal 0.13341949351211288 -0.5178903896559865 0.8449785695820585
		outer loop
			vertex 2.756192445755005 -7.848972320556641 9.989847183227539
			vertex 2.7558915615081787 -7.832484722137451 10
			vertex 2.722034454345703 -7.841207027435303 10
		endloop
	endfacet
	facet normal 0.3004796233238258 -0.4961319621797224 0.8145950356286679
		outer loop
			vertex 2.756192445755005 -7.848972320556641 9.989847183227539
			vertex 2.8423709869384766 -7.78010892868042 10
			vertex 2.7558915615081787 -7.832484722137451 10
		endloop
	endfacet
	facet normal 0.35949609738674104 -0.7464749148313045 0.5599444235737147
		outer loop
			vertex 2.756192445755005 -9.989847183227539 7.848972320556641
			vertex 2.8423709869384766 -10 7.78010892868042
			vertex 5.692508220672607 -8.264241218566895 8.264241218566895
		endloop
	endfacet
	facet normal 0.35949609738674104 -0.5599444235737147 0.7464749148313045
		outer loop
			vertex 2.756192445755005 -7.848972320556641 9.989847183227539
			vertex 5.692508220672607 -8.264241218566895 8.264241218566895
			vertex 2.8423709869384766 -7.78010892868042 10
		endloop
	endfacet
	facet normal 0.35949509580630873 -0.5599464905158908 0.7464738467288391
		outer loop
			vertex 5.692508220672607 -8.264241218566895 8.264241218566895
			vertex 5.603536128997803 -6.007394313812256 10
			vertex 2.8423709869384766 -7.78010892868042 10
		endloop
	endfacet
	facet normal 0.5599464905158908 -0.7464738467288391 0.35949509580630873
		outer loop
			vertex 8.264241218566895 -8.264241218566895 5.692508220672607
			vertex 6.007394313812256 -10 5.603536128997803
			vertex 7.78010892868042 -10 2.8423709869384766
		endloop
	endfacet
	facet normal 0.6320837331026453 -0.7701970315568792 0.08524486452564535
		outer loop
			vertex 7.848972320556641 -9.989847183227539 2.756192445755005
			vertex 8.2083101272583 -10 7.960204409454693e-16
			vertex 9.192388534545898 -9.192388534545898 7.960204409454693e-16
		endloop
	endfacet
	facet normal 0.6320623875591602 -0.7702148496144616 0.08524214724176465
		outer loop
			vertex 7.848972320556641 -9.989847183227539 2.756192445755005
			vertex 7.841207027435303 -10 2.722034454345703
			vertex 8.2083101272583 -10 7.960204409454693e-16
		endloop
	endfacet
	facet normal 0.7002709667249567 -0.7002709667249567 0.13871245915269909
		outer loop
			vertex 7.848972320556641 -9.989847183227539 2.756192445755005
			vertex 9.192388534545898 -9.192388534545898 7.960204409454693e-16
			vertex 9.989847183227539 -7.848972320556641 2.756192445755005
		endloop
	endfacet
	facet normal 0.7701970315568792 -0.6320837331026453 0.08524486452564535
		outer loop
			vertex 9.192388534545898 -9.192388534545898 7.960204409454693e-16
			vertex 10 -8.2083101272583 7.960204409454693e-16
			vertex 9.989847183227539 -7.848972320556641 2.756192445755005
		endloop
	endfacet
	facet normal 0.7702148496144625 -0.6320623875591588 0.08524214724176447
		outer loop
			vertex 9.989847183227539 -7.848972320556641 2.756192445755005
			vertex 10 -8.2083101272583 7.960204409454693e-16
			vertex 10 -7.841207027435303 2.722034454345703
		endloop
	endfacet
	facet normal 0.5178903896559865 -0.8449785695820585 0.13341949351211288
		outer loop
			vertex 7.848972320556641 -9.989847183227539 2.756192445755005
			vertex 7.832484722137451 -10 2.7558915615081787
			vertex 7.841207027435303 -10 2.722034454345703
		endloop
	endfacet
	facet normal 0.4961319621797223 -0.8145950356286676 0.3004796233238257
		outer loop
			vertex 7.848972320556641 -9.989847183227539 2.756192445755005
			vertex 7.78010892868042 -10 2.8423709869384766
			vertex 7.832484722137451 -10 2.7558915615081787
		endloop
	endfacet
	facet normal 0.5599444235737147 -0.7464749148313045 0.35949609738674104
		outer loop
			vertex 7.848972320556641 -9.989847183227539 2.756192445755005
			vertex 8.264241218566895 -8.264241218566895 5.692508220672607
			vertex 7.78010892868042 -10 2.8423709869384766
		endloop
	endfacet
	facet normal 0.6743315335775277 -0.6743315335775277 0.30092185970108487
		outer loop
			vertex 7.848972320556641 -9.989847183227539 2.756192445755005
			vertex 9.989847183227539 -7.848972320556641 2.756192445755005
			vertex 8.264241218566895 -8.264241218566895 5.692508220672607
		endloop
	endfacet
	facet normal 0.8449785695820585 -0.5178903896559865 0.13341949351211288
		outer loop
			vertex 9.989847183227539 -7.848972320556641 2.756192445755005
			vertex 10 -7.841207027435303 2.722034454345703
			vertex 10 -7.832484722137451 2.7558915615081787
		endloop
	endfacet
	facet normal 0.8145950356286676 -0.4961319621797223 0.3004796233238257
		outer loop
			vertex 9.989847183227539 -7.848972320556641 2.756192445755005
			vertex 10 -7.832484722137451 2.7558915615081787
			vertex 10 -7.78010892868042 2.8423709869384766
		endloop
	endfacet
	facet normal 0.7464749148313045 -0.5599444235737147 0.35949609738674104
		outer loop
			vertex 8.264241218566895 -8.264241218566895 5.692508220672607
			vertex 9.989847183227539 -7.848972320556641 2.756192445755005
			vertex 10 -7.78010892868042 2.8423709869384766
		endloop
	endfacet
	facet normal 0.7464738467288391 -0.5599464905158908 0.35949509580630873
		outer loop
			vertex 8.264241218566895 -8.264241218566895 5.692508220672607
			vertex 10 -7.78010892868042 2.8423709869384766
			vertex 10 -6.007394313812256 5.603536128997803
		endloop
	endfacet
	facet normal 0.5112124118341709 -0.6908861990034106 0.5112124118341709
		outer loop
			vertex 5.692508220672607 -8.264241218566895 8.264241218566895
			vertex 5.603536128997803 -10 6.007394313812256
			vertex 6.007394313812256 -10 5.603536128997803
		endloop
	endfacet
	facet normal 0.5112124118341709 -0.6908861990034106 0.5112124118341709
		outer loop
			vertex 5.692508220672607 -8.264241218566895 8.264241218566895
			vertex 6.007394313812256 -10 5.603536128997803
			vertex 8.264241218566895 -8.264241218566895 5.692508220672607
		endloop
	endfacet
	facet normal 0.5773502691896258 -0.5773502691896258 0.5773502691896258
		outer loop
			vertex 5.692508220672607 -8.264241218566895 8.264241218566895
			vertex 8.264241218566895 -8.264241218566895 5.692508220672607
			vertex 8.264241218566895 -5.692508220672607 8.264241218566895
		endloop
	endfacet
	facet normal 0.5112124118341709 -0.5112124118341709 0.6908861990034106
		outer loop
			vertex 5.692508220672607 -8.264241218566895 8.264241218566895
			vertex 8.264241218566895 -5.692508220672607 8.264241218566895
			vertex 5.603536128997803 -6.007394313812256 10
		endloop
	endfacet
	facet normal 0.5112124118341709 -0.5112124118341709 0.6908861990034106
		outer loop
			vertex 8.264241218566895 -5.692508220672607 8.264241218566895
			vertex 6.007394313812256 -5.603536128997803 10
			vertex 5.603536128997803 -6.007394313812256 10
		endloop
	endfacet
	facet normal 0.6908861990034106 -0.5112124118341709 0.5112124118341709
		outer loop
			vertex 8.264241218566895 -8.264241218566895 5.692508220672607
			vertex 10 -6.007394313812256 5.603536128997803
			vertex 8.264241218566895 -5.692508220672607 8.264241218566895
		endloop
	endfacet
	facet normal 0.6908861990034106 -0.5112124118341709 0.5112124118341709
		outer loop
			vertex 8.264241218566895 -5.692508220672607 8.264241218566895
			vertex 10 -6.007394313812256 5.603536128997803
			vertex 10 -5.603536128997803 6.007394313812256
		endloop
	endfacet
	facet normal 0.5599464905158908 -0.35949509580630873 0.7464738467288391
		outer loop
			vertex 8.264241218566895 -5.692508220672607 8.264241218566895
			vertex 7.78010892868042 -2.8423709869384766 10
			vertex 6.007394313812256 -5.603536128997803 10
		endloop
	endfacet
	facet normal 0.7464738467288391 -0.35949509580630873 0.5599464905158908
		outer loop
			vertex 8.264241218566895 -5.692508220672607 8.264241218566895
			vertex 10 -5.603536128997803 6.007394313812256
			vertex 10 -2.8423709869384766 7.78010892868042
		endloop
	endfacet
	facet normal 0.5599444235737147 -0.35949609738674104 0.7464749148313045
		outer loop
			vertex 8.264241218566895 -5.692508220672607 8.264241218566895
			vertex 7.848972320556641 -2.756192445755005 9.989847183227539
			vertex 7.78010892868042 -2.8423709869384766 10
		endloop
	endfacet
	facet normal 0.6743315335775277 -0.30092185970108487 0.6743315335775277
		outer loop
			vertex 8.264241218566895 -5.692508220672607 8.264241218566895
			vertex 9.989847183227539 -2.756192445755005 7.848972320556641
			vertex 7.848972320556641 -2.756192445755005 9.989847183227539
		endloop
	endfacet
	facet normal 0.4961319621797224 -0.3004796233238258 0.8145950356286679
		outer loop
			vertex 7.848972320556641 -2.756192445755005 9.989847183227539
			vertex 7.832484722137451 -2.7558915615081787 10
			vertex 7.78010892868042 -2.8423709869384766 10
		endloop
	endfacet
	facet normal 0.5178903896559865 -0.13341949351211288 0.8449785695820585
		outer loop
			vertex 7.848972320556641 -2.756192445755005 9.989847183227539
			vertex 7.841207027435303 -2.722034454345703 10
			vertex 7.832484722137451 -2.7558915615081787 10
		endloop
	endfacet
	facet normal 0.7464749148313045 -0.35949609738674104 0.5599444235737147
		outer loop
			vertex 8.264241218566895 -5.692508220672607 8.264241218566895
			vertex 10 -2.8423709869384766 7.78010892868042
			vertex 9.989847183227539 -2.756192445755005 7.848972320556641
		endloop
	endfacet
	facet normal 0.8145950356286676 -0.3004796233238257 0.4961319621797223
		outer loop
			vertex 9.989847183227539 -2.756192445755005 7.848972320556641
			vertex 10 -2.8423709869384766 7.78010892868042
			vertex 10 -2.7558915615081787 7.832484722137451
		endloop
	endfacet
	facet normal 0.8449785695820585 -0.13341949351211288 0.5178903896559865
		outer loop
			vertex 9.989847183227539 -2.756192445755005 7.848972320556641
			vertex 10 -2.7558915615081787 7.832484722137451
			vertex 10 -2.722034454345703 7.841207027435303
		endloop
	endfacet
	facet normal 0.6320623875591617 -0.08524214724176479 0.7702148496144604
		outer loop
			vertex 7.848972320556641 -2.756192445755005 9.989847183227539
			vertex 8.2083101272583 7.960204409454693e-16 10
			vertex 7.841207027435303 -2.722034454345703 10
		endloop
	endfacet
	facet normal 0.6320837331026453 -0.08524486452564528 0.7701970315568791
		outer loop
			vertex 7.848972320556641 -2.756192445755005 9.989847183227539
			vertex 9.192388534545898 7.960204409454693e-16 9.192388534545898
			vertex 8.2083101272583 7.960204409454693e-16 10
		endloop
	endfacet
	facet normal 0.7702148496144613 -0.0852421472417646 0.6320623875591602
		outer loop
			vertex 9.989847183227539 -2.756192445755005 7.848972320556641
			vertex 10 -2.722034454345703 7.841207027435303
			vertex 10 7.960204409454693e-16 8.2083101272583
		endloop
	endfacet
	facet normal 0.7002709667249567 -0.13871245915269897 0.7002709667249567
		outer loop
			vertex 7.848972320556641 -2.756192445755005 9.989847183227539
			vertex 9.989847183227539 -2.756192445755005 7.848972320556641
			vertex 9.192388534545898 7.960204409454693e-16 9.192388534545898
		endloop
	endfacet
	facet normal 0.7701970315568791 -0.08524486452564528 0.6320837331026453
		outer loop
			vertex 9.989847183227539 -2.756192445755005 7.848972320556641
			vertex 10 7.960204409454693e-16 8.2083101272583
			vertex 9.192388534545898 7.960204409454693e-16 9.192388534545898
		endloop
	endfacet
	facet normal 0.08524486452564535 0.6320837331026453 -0.7701970315568792
		outer loop
			vertex 2.756192445755005 7.848972320556641 -9.989847183227539
			vertex 7.960204409454693e-16 8.2083101272583 -10
			vertex 7.960204409454693e-16 9.192388534545898 -9.192388534545898
		endloop
	endfacet
	facet normal 0.08524486452564535 0.7701970315568792 -0.6320837331026453
		outer loop
			vertex 7.960204409454693e-16 9.192388534545898 -9.192388534545898
			vertex 7.960204409454693e-16 10 -8.2083101272583
			vertex 2.756192445755005 9.989847183227539 -7.848972320556641
		endloop
	endfacet
	facet normal 0.08524214724176464 0.6320623875591601 -0.7702148496144613
		outer loop
			vertex 2.756192445755005 7.848972320556641 -9.989847183227539
			vertex 2.722034454345703 7.841207027435303 -10
			vertex 7.960204409454693e-16 8.2083101272583 -10
		endloop
	endfacet
	facet normal 0.13871245915269909 0.7002709667249567 -0.7002709667249567
		outer loop
			vertex 2.756192445755005 7.848972320556641 -9.989847183227539
			vertex 7.960204409454693e-16 9.192388534545898 -9.192388534545898
			vertex 2.756192445755005 9.989847183227539 -7.848972320556641
		endloop
	endfacet
	facet normal 0.08524214724176447 0.7702148496144626 -0.6320623875591588
		outer loop
			vertex 2.756192445755005 9.989847183227539 -7.848972320556641
			vertex 7.960204409454693e-16 10 -8.2083101272583
			vertex 2.722034454345703 10 -7.841207027435303
		endloop
	endfacet
	facet normal 0.35949509580630873 0.5599464905158908 -0.7464738467288391
		outer loop
			vertex 5.692508220672607 8.264241218566895 -8.264241218566895
			vertex 5.603536128997803 6.007394313812256 -10
			vertex 2.8423709869384766 7.78010892868042 -10
		endloop
	endfacet
	facet normal 0.13341949351211288 0.5178903896559865 -0.8449785695820585
		outer loop
			vertex 2.756192445755005 7.848972320556641 -9.989847183227539
			vertex 2.7558915615081787 7.832484722137451 -10
			vertex 2.722034454345703 7.841207027435303 -10
		endloop
	endfacet
	facet normal 0.3004796233238258 0.4961319621797224 -0.8145950356286679
		outer loop
			vertex 2.756192445755005 7.848972320556641 -9.989847183227539
			vertex 2.8423709869384766 7.78010892868042 -10
			vertex 2.7558915615081787 7.832484722137451 -10
		endloop
	endfacet
	facet normal 0.30092185970108487 0.6743315335775277 -0.6743315335775277
		outer loop
			vertex 2.756192445755005 7.848972320556641 -9.989847183227539
			vertex 2.756192445755005 9.989847183227539 -7.848972320556641
			vertex 5.692508220672607 8.264241218566895 -8.264241218566895
		endloop
	endfacet
	facet normal 0.13341949351211288 0.8449785695820585 -0.5178903896559865
		outer loop
			vertex 2.756192445755005 9.989847183227539 -7.848972320556641
			vertex 2.722034454345703 10 -7.841207027435303
			vertex 2.7558915615081787 10 -7.832484722137451
		endloop
	endfacet
	facet normal 0.3004796233238257 0.8145950356286676 -0.4961319621797223
		outer loop
			vertex 2.756192445755005 9.989847183227539 -7.848972320556641
			vertex 2.7558915615081787 10 -7.832484722137451
			vertex 2.8423709869384766 10 -7.78010892868042
		endloop
	endfacet
	facet normal 0.35949609738674104 0.5599444235737147 -0.7464749148313045
		outer loop
			vertex 2.756192445755005 7.848972320556641 -9.989847183227539
			vertex 5.692508220672607 8.264241218566895 -8.264241218566895
			vertex 2.8423709869384766 7.78010892868042 -10
		endloop
	endfacet
	facet normal 0.35949609738674104 0.7464749148313045 -0.5599444235737147
		outer loop
			vertex 2.756192445755005 9.989847183227539 -7.848972320556641
			vertex 2.8423709869384766 10 -7.78010892868042
			vertex 5.692508220672607 8.264241218566895 -8.264241218566895
		endloop
	endfacet
	facet normal 0.35949509580630873 0.7464738467288391 -0.5599464905158908
		outer loop
			vertex 5.692508220672607 8.264241218566895 -8.264241218566895
			vertex 2.8423709869384766 10 -7.78010892868042
			vertex 5.603536128997803 10 -6.007394313812256
		endloop
	endfacet
	facet normal 0.5599464905158908 0.35949509580630873 -0.7464738467288391
		outer loop
			vertex 8.264241218566895 5.692508220672607 -8.264241218566895
			vertex 7.78010892868042 2.8423709869384766 -10
			vertex 6.007394313812256 5.603536128997803 -10
		endloop
	endfacet
	facet normal 0.6320837331026453 0.08524486452564535 -0.7701970315568792
		outer loop
			vertex 7.848972320556641 2.756192445755005 -9.989847183227539
			vertex 9.192388534545898 7.960204409454693e-16 -9.192388534545898
			vertex 8.2083101272583 7.960204409454693e-16 -10
		endloop
	endfacet
	facet normal 0.6320623875591588 0.08524214724176447 -0.7702148496144626
		outer loop
			vertex 7.848972320556641 2.756192445755005 -9.989847183227539
			vertex 8.2083101272583 7.960204409454693e-16 -10
			vertex 7.841207027435303 2.722034454345703 -10
		endloop
	endfacet
	facet normal 0.7701970315568792 0.08524486452564535 -0.6320837331026453
		outer loop
			vertex 9.192388534545898 7.960204409454693e-16 -9.192388534545898
			vertex 9.989847183227539 2.756192445755005 -7.848972320556641
			vertex 10 7.960204409454693e-16 -8.2083101272583
		endloop
	endfacet
	facet normal 0.7002709667249567 0.13871245915269909 -0.7002709667249567
		outer loop
			vertex 7.848972320556641 2.756192445755005 -9.989847183227539
			vertex 9.989847183227539 2.756192445755005 -7.848972320556641
			vertex 9.192388534545898 7.960204409454693e-16 -9.192388534545898
		endloop
	endfacet
	facet normal 0.7702148496144613 0.08524214724176464 -0.6320623875591601
		outer loop
			vertex 9.989847183227539 2.756192445755005 -7.848972320556641
			vertex 10 2.722034454345703 -7.841207027435303
			vertex 10 7.960204409454693e-16 -8.2083101272583
		endloop
	endfacet
	facet normal 0.5178903896559865 0.13341949351211288 -0.8449785695820585
		outer loop
			vertex 7.848972320556641 2.756192445755005 -9.989847183227539
			vertex 7.841207027435303 2.722034454345703 -10
			vertex 7.832484722137451 2.7558915615081787 -10
		endloop
	endfacet
	facet normal 0.4961319621797224 0.3004796233238258 -0.8145950356286679
		outer loop
			vertex 7.848972320556641 2.756192445755005 -9.989847183227539
			vertex 7.832484722137451 2.7558915615081787 -10
			vertex 7.78010892868042 2.8423709869384766 -10
		endloop
	endfacet
	facet normal 0.6743315335775277 0.30092185970108487 -0.6743315335775277
		outer loop
			vertex 7.848972320556641 2.756192445755005 -9.989847183227539
			vertex 8.264241218566895 5.692508220672607 -8.264241218566895
			vertex 9.989847183227539 2.756192445755005 -7.848972320556641
		endloop
	endfacet
	facet normal 0.5599444235737147 0.35949609738674104 -0.7464749148313045
		outer loop
			vertex 7.848972320556641 2.756192445755005 -9.989847183227539
			vertex 7.78010892868042 2.8423709869384766 -10
			vertex 8.264241218566895 5.692508220672607 -8.264241218566895
		endloop
	endfacet
	facet normal 0.8449785695820585 0.13341949351211288 -0.5178903896559865
		outer loop
			vertex 9.989847183227539 2.756192445755005 -7.848972320556641
			vertex 10 2.7558915615081787 -7.832484722137451
			vertex 10 2.722034454345703 -7.841207027435303
		endloop
	endfacet
	facet normal 0.8145950356286676 0.3004796233238257 -0.4961319621797223
		outer loop
			vertex 9.989847183227539 2.756192445755005 -7.848972320556641
			vertex 10 2.8423709869384766 -7.78010892868042
			vertex 10 2.7558915615081787 -7.832484722137451
		endloop
	endfacet
	facet normal 0.7464749148313045 0.35949609738674104 -0.5599444235737147
		outer loop
			vertex 8.264241218566895 5.692508220672607 -8.264241218566895
			vertex 10 2.8423709869384766 -7.78010892868042
			vertex 9.989847183227539 2.756192445755005 -7.848972320556641
		endloop
	endfacet
	facet normal 0.7464738467288391 0.35949509580630873 -0.5599464905158908
		outer loop
			vertex 8.264241218566895 5.692508220672607 -8.264241218566895
			vertex 10 5.603536128997803 -6.007394313812256
			vertex 10 2.8423709869384766 -7.78010892868042
		endloop
	endfacet
	facet normal 0.5112124118341709 0.5112124118341709 -0.6908861990034106
		outer loop
			vertex 5.692508220672607 8.264241218566895 -8.264241218566895
			vertex 6.007394313812256 5.603536128997803 -10
			vertex 5.603536128997803 6.007394313812256 -10
		endloop
	endfacet
	facet normal 0.5112124118341709 0.5112124118341709 -0.6908861990034106
		outer loop
			vertex 5.692508220672607 8.264241218566895 -8.264241218566895
			vertex 8.264241218566895 5.692508220672607 -8.264241218566895
			vertex 6.007394313812256 5.603536128997803 -10
		endloop
	endfacet
	facet normal 0.5773502691896258 0.5773502691896258 -0.5773502691896258
		outer loop
			vertex 5.692508220672607 8.264241218566895 -8.264241218566895
			vertex 8.264241218566895 8.264241218566895 -5.692508220672607
			vertex 8.264241218566895 5.692508220672607 -8.264241218566895
		endloop
	endfacet
	facet normal 0.5112124118341709 0.6908861990034106 -0.5112124118341709
		outer loop
			vertex 5.692508220672607 8.264241218566895 -8.264241218566895
			vertex 5.603536128997803 10 -6.007394313812256
			vertex 6.007394313812256 10 -5.603536128997803
		endloop
	endfacet
	facet normal 0.5112124118341709 0.6908861990034106 -0.5112124118341709
		outer loop
			vertex 5.692508220672607 8.264241218566895 -8.264241218566895
			vertex 6.007394313812256 10 -5.603536128997803
			vertex 8.264241218566895 8.264241218566895 -5.692508220672607
		endloop
	endfacet
	facet normal 0.6908861990034106 0.5112124118341709 -0.5112124118341709
		outer loop
			vertex 8.264241218566895 5.692508220672607 -8.264241218566895
			vertex 8.264241218566895 8.264241218566895 -5.692508220672607
			vertex 10 5.603536128997803 -6.007394313812256
		endloop
	endfacet
	facet normal 0.6908861990034106 0.5112124118341709 -0.5112124118341709
		outer loop
			vertex 8.264241218566895 8.264241218566895 -5.692508220672607
			vertex 10 6.007394313812256 -5.603536128997803
			vertex 10 5.603536128997803 -6.007394313812256
		endloop
	endfacet
	facet normal 0.5599464905158908 0.7464738467288391 -0.35949509580630873
		outer loop
			vertex 8.264241218566895 8.264241218566895 -5.692508220672607
			vertex 6.007394313812256 10 -5.603536128997803
			vertex 7.78010892868042 10 -2.8423709869384766
		endloop
	endfacet
	facet normal 0.7464738467288391 0.5599464905158908 -0.35949509580630873
		outer loop
			vertex 8.264241218566895 8.264241218566895 -5.692508220672607
			vertex 10 7.78010892868042 -2.8423709869384766
			vertex 10 6.007394313812256 -5.603536128997803
		endloop
	endfacet
	facet normal 0.6743315335775277 0.6743315335775277 -0.30092185970108487
		outer loop
			vertex 8.264241218566895 8.264241218566895 -5.692508220672607
			vertex 7.848972320556641 9.989847183227539 -2.756192445755005
			vertex 9.989847183227539 7.848972320556641 -2.756192445755005
		endloop
	endfacet
	facet normal 0.5599444235737147 0.7464749148313045 -0.35949609738674104
		outer loop
			vertex 8.264241218566895 8.264241218566895 -5.692508220672607
			vertex 7.78010892868042 10 -2.8423709869384766
			vertex 7.848972320556641 9.989847183227539 -2.756192445755005
		endloop
	endfacet
	facet normal 0.4961319621797223 0.8145950356286676 -0.3004796233238257
		outer loop
			vertex 7.848972320556641 9.989847183227539 -2.756192445755005
			vertex 7.78010892868042 10 -2.8423709869384766
			vertex 7.832484722137451 10 -2.7558915615081787
		endloop
	endfacet
	facet normal 0.5178903896559865 0.8449785695820585 -0.13341949351211288
		outer loop
			vertex 7.848972320556641 9.989847183227539 -2.756192445755005
			vertex 7.832484722137451 10 -2.7558915615081787
			vertex 7.841207027435303 10 -2.722034454345703
		endloop
	endfacet
	facet normal 0.7464749148313045 0.5599444235737147 -0.35949609738674104
		outer loop
			vertex 8.264241218566895 8.264241218566895 -5.692508220672607
			vertex 9.989847183227539 7.848972320556641 -2.756192445755005
			vertex 10 7.78010892868042 -2.8423709869384766
		endloop
	endfacet
	facet normal 0.8145950356286676 0.4961319621797223 -0.3004796233238257
		outer loop
			vertex 9.989847183227539 7.848972320556641 -2.756192445755005
			vertex 10 7.832484722137451 -2.7558915615081787
			vertex 10 7.78010892868042 -2.8423709869384766
		endloop
	endfacet
	facet normal 0.8449785695820585 0.5178903896559865 -0.13341949351211288
		outer loop
			vertex 9.989847183227539 7.848972320556641 -2.756192445755005
			vertex 10 7.841207027435303 -2.722034454345703
			vertex 10 7.832484722137451 -2.7558915615081787
		endloop
	endfacet
	facet normal 0.6320623875591603 0.7702148496144615 -0.08524214724176461
		outer loop
			vertex 7.848972320556641 9.989847183227539 -2.756192445755005
			vertex 7.841207027435303 10 -2.722034454345703
			vertex 8.2083101272583 10 7.960204409454693e-16
		endloop
	endfacet
	facet normal 0.6320837331026453 0.7701970315568791 -0.08524486452564528
		outer loop
			vertex 7.848972320556641 9.989847183227539 -2.756192445755005
			vertex 8.2083101272583 10 7.960204409454693e-16
			vertex 9.192388534545898 9.192388534545898 7.960204409454693e-16
		endloop
	endfacet
	facet normal 0.7702148496144602 0.6320623875591616 -0.08524214724176478
		outer loop
			vertex 9.989847183227539 7.848972320556641 -2.756192445755005
			vertex 10 8.2083101272583 7.960204409454693e-16
			vertex 10 7.841207027435303 -2.722034454345703
		endloop
	endfacet
	facet normal 0.7701970315568791 0.6320837331026453 -0.08524486452564528
		outer loop
			vertex 9.989847183227539 7.848972320556641 -2.756192445755005
			vertex 9.192388534545898 9.192388534545898 7.960204409454693e-16
			vertex 10 8.2083101272583 7.960204409454693e-16
		endloop
	endfacet
	facet normal 0.7002709667249567 0.7002709667249567 -0.13871245915269897
		outer loop
			vertex 7.848972320556641 9.989847183227539 -2.756192445755005
			vertex 9.192388534545898 9.192388534545898 7.960204409454693e-16
			vertex 9.989847183227539 7.848972320556641 -2.756192445755005
		endloop
	endfacet
	facet normal 0.08524486452564535 0.6320837331026453 0.7701970315568792
		outer loop
			vertex 7.960204409454693e-16 9.192388534545898 9.192388534545898
			vertex 7.960204409454693e-16 8.2083101272583 10
			vertex 2.756192445755005 7.848972320556641 9.989847183227539
		endloop
	endfacet
	facet normal 0.08524486452564535 0.7701970315568792 0.6320837331026453
		outer loop
			vertex 7.960204409454693e-16 9.192388534545898 9.192388534545898
			vertex 2.756192445755005 9.989847183227539 7.848972320556641
			vertex 7.960204409454693e-16 10 8.2083101272583
		endloop
	endfacet
	facet normal 0.08524214724176447 0.6320623875591588 0.7702148496144626
		outer loop
			vertex 2.756192445755005 7.848972320556641 9.989847183227539
			vertex 7.960204409454693e-16 8.2083101272583 10
			vertex 2.722034454345703 7.841207027435303 10
		endloop
	endfacet
	facet normal 0.08524214724176464 0.7702148496144613 0.6320623875591601
		outer loop
			vertex 2.756192445755005 9.989847183227539 7.848972320556641
			vertex 2.722034454345703 10 7.841207027435303
			vertex 7.960204409454693e-16 10 8.2083101272583
		endloop
	endfacet
	facet normal 0.13871245915269909 0.7002709667249567 0.7002709667249567
		outer loop
			vertex 7.960204409454693e-16 9.192388534545898 9.192388534545898
			vertex 2.756192445755005 7.848972320556641 9.989847183227539
			vertex 2.756192445755005 9.989847183227539 7.848972320556641
		endloop
	endfacet
	facet normal 0.35949509580630873 0.5599464905158908 0.7464738467288391
		outer loop
			vertex 5.692508220672607 8.264241218566895 8.264241218566895
			vertex 2.8423709869384766 7.78010892868042 10
			vertex 5.603536128997803 6.007394313812256 10
		endloop
	endfacet
	facet normal 0.35949509580630873 0.7464738467288391 0.5599464905158908
		outer loop
			vertex 5.692508220672607 8.264241218566895 8.264241218566895
			vertex 5.603536128997803 10 6.007394313812256
			vertex 2.8423709869384766 10 7.78010892868042
		endloop
	endfacet
	facet normal 0.30092185970108487 0.6743315335775277 0.6743315335775277
		outer loop
			vertex 2.756192445755005 7.848972320556641 9.989847183227539
			vertex 5.692508220672607 8.264241218566895 8.264241218566895
			vertex 2.756192445755005 9.989847183227539 7.848972320556641
		endloop
	endfacet
	facet normal 0.13341949351211288 0.5178903896559865 0.8449785695820585
		outer loop
			vertex 2.756192445755005 7.848972320556641 9.989847183227539
			vertex 2.722034454345703 7.841207027435303 10
			vertex 2.7558915615081787 7.832484722137451 10
		endloop
	endfacet
	facet normal 0.3004796233238258 0.4961319621797224 0.8145950356286679
		outer loop
			vertex 2.756192445755005 7.848972320556641 9.989847183227539
			vertex 2.7558915615081787 7.832484722137451 10
			vertex 2.8423709869384766 7.78010892868042 10
		endloop
	endfacet
	facet normal 0.13341949351211288 0.8449785695820585 0.5178903896559865
		outer loop
			vertex 2.756192445755005 9.989847183227539 7.848972320556641
			vertex 2.7558915615081787 10 7.832484722137451
			vertex 2.722034454345703 10 7.841207027435303
		endloop
	endfacet
	facet normal 0.3004796233238257 0.8145950356286676 0.4961319621797223
		outer loop
			vertex 2.756192445755005 9.989847183227539 7.848972320556641
			vertex 2.8423709869384766 10 7.78010892868042
			vertex 2.7558915615081787 10 7.832484722137451
		endloop
	endfacet
	facet normal 0.35949609738674104 0.5599444235737147 0.7464749148313045
		outer loop
			vertex 2.756192445755005 7.848972320556641 9.989847183227539
			vertex 2.8423709869384766 7.78010892868042 10
			vertex 5.692508220672607 8.264241218566895 8.264241218566895
		endloop
	endfacet
	facet normal 0.35949609738674104 0.7464749148313045 0.5599444235737147
		outer loop
			vertex 2.756192445755005 9.989847183227539 7.848972320556641
			vertex 5.692508220672607 8.264241218566895 8.264241218566895
			vertex 2.8423709869384766 10 7.78010892868042
		endloop
	endfacet
	facet normal 0.5599464905158908 0.35949509580630873 0.7464738467288391
		outer loop
			vertex 8.264241218566895 5.692508220672607 8.264241218566895
			vertex 6.007394313812256 5.603536128997803 10
			vertex 7.78010892868042 2.8423709869384766 10
		endloop
	endfacet
	facet normal 0.6320837331026453 0.08524486452564535 0.7701970315568792
		outer loop
			vertex 9.192388534545898 7.960204409454693e-16 9.192388534545898
			vertex 7.848972320556641 2.756192445755005 9.989847183227539
			vertex 8.2083101272583 7.960204409454693e-16 10
		endloop
	endfacet
	facet normal 0.6320623875591601 0.08524214724176464 0.7702148496144613
		outer loop
			vertex 7.848972320556641 2.756192445755005 9.989847183227539
			vertex 7.841207027435303 2.722034454345703 10
			vertex 8.2083101272583 7.960204409454693e-16 10
		endloop
	endfacet
	facet normal 0.7701970315568792 0.08524486452564535 0.6320837331026453
		outer loop
			vertex 9.192388534545898 7.960204409454693e-16 9.192388534545898
			vertex 10 7.960204409454693e-16 8.2083101272583
			vertex 9.989847183227539 2.756192445755005 7.848972320556641
		endloop
	endfacet
	facet normal 0.7702148496144626 0.08524214724176447 0.6320623875591588
		outer loop
			vertex 9.989847183227539 2.756192445755005 7.848972320556641
			vertex 10 7.960204409454693e-16 8.2083101272583
			vertex 10 2.722034454345703 7.841207027435303
		endloop
	endfacet
	facet normal 0.7002709667249567 0.13871245915269909 0.7002709667249567
		outer loop
			vertex 9.192388534545898 7.960204409454693e-16 9.192388534545898
			vertex 9.989847183227539 2.756192445755005 7.848972320556641
			vertex 7.848972320556641 2.756192445755005 9.989847183227539
		endloop
	endfacet
	facet normal 0.7464738467288391 0.35949509580630873 0.5599464905158908
		outer loop
			vertex 8.264241218566895 5.692508220672607 8.264241218566895
			vertex 10 2.8423709869384766 7.78010892868042
			vertex 10 5.603536128997803 6.007394313812256
		endloop
	endfacet
	facet normal 0.6743315335775277 0.30092185970108487 0.6743315335775277
		outer loop
			vertex 7.848972320556641 2.756192445755005 9.989847183227539
			vertex 9.989847183227539 2.756192445755005 7.848972320556641
			vertex 8.264241218566895 5.692508220672607 8.264241218566895
		endloop
	endfacet
	facet normal 0.5178903896559865 0.13341949351211288 0.8449785695820585
		outer loop
			vertex 7.848972320556641 2.756192445755005 9.989847183227539
			vertex 7.832484722137451 2.7558915615081787 10
			vertex 7.841207027435303 2.722034454345703 10
		endloop
	endfacet
	facet normal 0.4961319621797224 0.3004796233238258 0.8145950356286679
		outer loop
			vertex 7.848972320556641 2.756192445755005 9.989847183227539
			vertex 7.78010892868042 2.8423709869384766 10
			vertex 7.832484722137451 2.7558915615081787 10
		endloop
	endfacet
	facet normal 0.5599444235737147 0.35949609738674104 0.7464749148313045
		outer loop
			vertex 7.848972320556641 2.756192445755005 9.989847183227539
			vertex 8.264241218566895 5.692508220672607 8.264241218566895
			vertex 7.78010892868042 2.8423709869384766 10
		endloop
	endfacet
	facet normal 0.8449785695820585 0.13341949351211288 0.5178903896559865
		outer loop
			vertex 9.989847183227539 2.756192445755005 7.848972320556641
			vertex 10 2.722034454345703 7.841207027435303
			vertex 10 2.7558915615081787 7.832484722137451
		endloop
	endfacet
	facet normal 0.8145950356286676 0.3004796233238257 0.4961319621797223
		outer loop
			vertex 9.989847183227539 2.756192445755005 7.848972320556641
			vertex 10 2.7558915615081787 7.832484722137451
			vertex 10 2.8423709869384766 7.78010892868042
		endloop
	endfacet
	facet normal 0.7464749148313045 0.35949609738674104 0.5599444235737147
		outer loop
			vertex 8.264241218566895 5.692508220672607 8.264241218566895
			vertex 9.989847183227539 2.756192445755005 7.848972320556641
			vertex 10 2.8423709869384766 7.78010892868042
		endloop
	endfacet
	facet normal 0.5599464905158908 0.7464738467288391 0.35949509580630873
		outer loop
			vertex 8.264241218566895 8.264241218566895 5.692508220672607
			vertex 7.78010892868042 10 2.8423709869384766
			vertex 6.007394313812256 10 5.603536128997803
		endloop
	endfacet
	facet normal 0.7464738467288391 0.5599464905158908 0.35949509580630873
		outer loop
			vertex 8.264241218566895 8.264241218566895 5.692508220672607
			vertex 10 6.007394313812256 5.603536128997803
			vertex 10 7.78010892868042 2.8423709869384766
		endloop
	endfacet
	facet normal 0.6320837331026453 0.7701970315568792 0.08524486452564535
		outer loop
			vertex 9.192388534545898 9.192388534545898 7.960204409454693e-16
			vertex 8.2083101272583 10 7.960204409454693e-16
			vertex 7.848972320556641 9.989847183227539 2.756192445755005
		endloop
	endfacet
	facet normal 0.6320623875591588 0.7702148496144625 0.08524214724176447
		outer loop
			vertex 7.848972320556641 9.989847183227539 2.756192445755005
			vertex 8.2083101272583 10 7.960204409454693e-16
			vertex 7.841207027435303 10 2.722034454345703
		endloop
	endfacet
	facet normal 0.7701970315568792 0.6320837331026453 0.08524486452564535
		outer loop
			vertex 9.192388534545898 9.192388534545898 7.960204409454693e-16
			vertex 9.989847183227539 7.848972320556641 2.756192445755005
			vertex 10 8.2083101272583 7.960204409454693e-16
		endloop
	endfacet
	facet normal 0.7702148496144616 0.6320623875591602 0.08524214724176465
		outer loop
			vertex 9.989847183227539 7.848972320556641 2.756192445755005
			vertex 10 7.841207027435303 2.722034454345703
			vertex 10 8.2083101272583 7.960204409454693e-16
		endloop
	endfacet
	facet normal 0.7002709667249567 0.7002709667249567 0.13871245915269909
		outer loop
			vertex 9.192388534545898 9.192388534545898 7.960204409454693e-16
			vertex 7.848972320556641 9.989847183227539 2.756192445755005
			vertex 9.989847183227539 7.848972320556641 2.756192445755005
		endloop
	endfacet
	facet normal 0.6743315335775277 0.6743315335775277 0.30092185970108487
		outer loop
			vertex 8.264241218566895 8.264241218566895 5.692508220672607
			vertex 9.989847183227539 7.848972320556641 2.756192445755005
			vertex 7.848972320556641 9.989847183227539 2.756192445755005
		endloop
	endfacet
	facet normal 0.5178903896559865 0.8449785695820585 0.13341949351211288
		outer loop
			vertex 7.848972320556641 9.989847183227539 2.756192445755005
			vertex 7.841207027435303 10 2.722034454345703
			vertex 7.832484722137451 10 2.7558915615081787
		endloop
	endfacet
	facet normal 0.4961319621797223 0.8145950356286676 0.3004796233238257
		outer loop
			vertex 7.848972320556641 9.989847183227539 2.756192445755005
			vertex 7.832484722137451 10 2.7558915615081787
			vertex 7.78010892868042 10 2.8423709869384766
		endloop
	endfacet
	facet normal 0.5599444235737147 0.7464749148313045 0.35949609738674104
		outer loop
			vertex 8.264241218566895 8.264241218566895 5.692508220672607
			vertex 7.848972320556641 9.989847183227539 2.756192445755005
			vertex 7.78010892868042 10 2.8423709869384766
		endloop
	endfacet
	facet normal 0.8449785695820585 0.5178903896559865 0.13341949351211288
		outer loop
			vertex 9.989847183227539 7.848972320556641 2.756192445755005
			vertex 10 7.832484722137451 2.7558915615081787
			vertex 10 7.841207027435303 2.722034454345703
		endloop
	endfacet
	facet normal 0.8145950356286676 0.4961319621797223 0.3004796233238257
		outer loop
			vertex 9.989847183227539 7.848972320556641 2.756192445755005
			vertex 10 7.78010892868042 2.8423709869384766
			vertex 10 7.832484722137451 2.7558915615081787
		endloop
	endfacet
	facet normal 0.7464749148313045 0.5599444235737147 0.35949609738674104
		outer loop
			vertex 8.264241218566895 8.264241218566895 5.692508220672607
			vertex 10 7.78010892868042 2.8423709869384766
			vertex 9.989847183227539 7.848972320556641 2.756192445755005
		endloop
	endfacet
	facet normal 0.5773502691896258 0.5773502691896258 0.5773502691896258
		outer loop
			vertex 5.692508220672607 8.264241218566895 8.264241218566895
			vertex 8.264241218566895 5.692508220672607 8.264241218566895
			vertex 8.264241218566895 8.264241218566895 5.692508220672607
		endloop
	endfacet
	facet normal 0.5112124118341709 0.5112124118341709 0.6908861990034106
		outer loop
			vertex 5.692508220672607 8.264241218566895 8.264241218566895
			vertex 5.603536128997803 6.007394313812256 10
			vertex 6.007394313812256 5.603536128997803 10
		endloop
	endfacet
	facet normal 0.5112124118341709 0.5112124118341709 0.6908861990034106
		outer loop
			vertex 5.692508220672607 8.264241218566895 8.264241218566895
			vertex 6.007394313812256 5.603536128997803 10
			vertex 8.264241218566895 5.692508220672607 8.264241218566895
		endloop
	endfacet
	facet normal 0.5112124118341709 0.6908861990034106 0.5112124118341709
		outer loop
			vertex 8.264241218566895 8.264241218566895 5.692508220672607
			vertex 6.007394313812256 10 5.603536128997803
			vertex 5.603536128997803 10 6.007394313812256
		endloop
	endfacet
	facet normal 0.5112124118341709 0.6908861990034106 0.5112124118341709
		outer loop
			vertex 5.692508220672607 8.264241218566895 8.264241218566895
			vertex 8.264241218566895 8.264241218566895 5.692508220672607
			vertex 5.603536128997803 10 6.007394313812256
		endloop
	endfacet
	facet normal 0.6908861990034106 0.5112124118341709 0.5112124118341709
		outer loop
			vertex 8.264241218566895 5.692508220672607 8.264241218566895
			vertex 10 5.603536128997803 6.007394313812256
			vertex 10 6.007394313812256 5.603536128997803
		endloop
	endfacet
	facet normal 0.6908861990034106 0.5112124118341709 0.5112124118341709
		outer loop
			vertex 8.264241218566895 5.692508220672607 8.264241218566895
			vertex 10 6.007394313812256 5.603536128997803
			vertex 8.264241218566895 8.264241218566895 5.692508220672607
		endloop
	endfacet
endsolid exported
