solid exported
	facet normal -0.6908861774097331 -0.5112124264257311 -0.5112124264257311
		outer loop
			vertex -8.264241218566895 -8.264241218566895 -5.692508220672607
			vertex -10.323358535766602 -5.586961269378662 -5.586961269378662
			vertex -8.264241218566895 -5.692508220672607 -8.264241218566895
		endloop
	endfacet
	facet normal -0.5112124264257311 -0.6908861774097331 -0.5112124264257311
		outer loop
			vertex -5.586961269378662 -10.323358535766602 -5.586961269378662
			vertex -8.264241218566895 -8.264241218566895 -5.692508220672607
			vertex -5.692508220672607 -8.264241218566895 -8.264241218566895
		endloop
	endfacet
	facet normal -0.5112124264257311 -0.5112124264257311 -0.6908861774097331
		outer loop
			vertex -5.692508220672607 -8.264241218566895 -8.264241218566895
			vertex -8.264241218566895 -5.692508220672607 -8.264241218566895
			vertex -5.586961269378662 -5.586961269378662 -10.323358535766602
		endloop
	endfacet
	facet normal -0.5773502691896258 -0.5773502691896258 -0.5773502691896258
		outer loop
			vertex -8.264241218566895 -8.264241218566895 -5.692508220672607
			vertex -8.264241218566895 -5.692508220672607 -8.264241218566895
			vertex -5.692508220672607 -8.264241218566895 -8.264241218566895
		endloop
	endfacet
	facet normal -0.8449657232841878 -0.5179100824314918 -0.13342440927594462
		outer loop
			vertex -10.809104919433594 -7.222413063049316 7.960204409454693e-16
			vertex -11.549819946289062 -5.315798282623291 -2.709970474243164
			vertex -9.989847183227539 -7.848972320556641 -2.756192445755005
		endloop
	endfacet
	facet normal -0.7701968444685529 -0.6320839401594903 -0.08524501957966825
		outer loop
			vertex -9.192388534545898 -9.192388534545898 7.960204409454693e-16
			vertex -10.809104919433594 -7.222413063049316 7.960204409454693e-16
			vertex -9.989847183227539 -7.848972320556641 -2.756192445755005
		endloop
	endfacet
	facet normal -0.5179100824314918 -0.8449657232841878 -0.13342440927594462
		outer loop
			vertex -7.222413063049316 -10.809104919433594 7.960204409454693e-16
			vertex -7.848972320556641 -9.989847183227539 -2.756192445755005
			vertex -5.315798282623291 -11.549819946289062 -2.709970474243164
		endloop
	endfacet
	facet normal -0.6320839401594903 -0.7701968444685529 -0.08524501957966825
		outer loop
			vertex -7.222413063049316 -10.809104919433594 7.960204409454693e-16
			vertex -9.192388534545898 -9.192388534545898 7.960204409454693e-16
			vertex -7.848972320556641 -9.989847183227539 -2.756192445755005
		endloop
	endfacet
	facet normal -0.6743315335775277 -0.6743315335775277 -0.30092185970108487
		outer loop
			vertex -7.848972320556641 -9.989847183227539 -2.756192445755005
			vertex -9.989847183227539 -7.848972320556641 -2.756192445755005
			vertex -8.264241218566895 -8.264241218566895 -5.692508220672607
		endloop
	endfacet
	facet normal -0.7464738115682693 -0.5599464990663969 -0.3594951554972968
		outer loop
			vertex -9.989847183227539 -7.848972320556641 -2.756192445755005
			vertex -10.323358535766602 -5.586961269378662 -5.586961269378662
			vertex -8.264241218566895 -8.264241218566895 -5.692508220672607
		endloop
	endfacet
	facet normal -0.5599464990663969 -0.7464738115682693 -0.3594951554972968
		outer loop
			vertex -7.848972320556641 -9.989847183227539 -2.756192445755005
			vertex -8.264241218566895 -8.264241218566895 -5.692508220672607
			vertex -5.586961269378662 -10.323358535766602 -5.586961269378662
		endloop
	endfacet
	facet normal -0.7002709667249567 -0.7002709667249567 -0.13871245915269897
		outer loop
			vertex -9.192388534545898 -9.192388534545898 7.960204409454693e-16
			vertex -9.989847183227539 -7.848972320556641 -2.756192445755005
			vertex -7.848972320556641 -9.989847183227539 -2.756192445755005
		endloop
	endfacet
	facet normal -0.8449657232841878 -0.13342440927594462 -0.5179100824314918
		outer loop
			vertex -11.549819946289062 -2.709970474243164 -5.315798282623291
			vertex -10.809104919433594 7.960204409454693e-16 -7.222413063049316
			vertex -9.989847183227539 -2.756192445755005 -7.848972320556641
		endloop
	endfacet
	facet normal -0.7701968444685529 -0.08524501957966825 -0.6320839401594903
		outer loop
			vertex -9.989847183227539 -2.756192445755005 -7.848972320556641
			vertex -10.809104919433594 7.960204409454693e-16 -7.222413063049316
			vertex -9.192388534545898 7.960204409454693e-16 -9.192388534545898
		endloop
	endfacet
	facet normal -0.6743315335775277 -0.30092185970108487 -0.6743315335775277
		outer loop
			vertex -8.264241218566895 -5.692508220672607 -8.264241218566895
			vertex -9.989847183227539 -2.756192445755005 -7.848972320556641
			vertex -7.848972320556641 -2.756192445755005 -9.989847183227539
		endloop
	endfacet
	facet normal -0.7464738115682693 -0.3594951554972968 -0.5599464990663969
		outer loop
			vertex -10.323358535766602 -5.586961269378662 -5.586961269378662
			vertex -9.989847183227539 -2.756192445755005 -7.848972320556641
			vertex -8.264241218566895 -5.692508220672607 -8.264241218566895
		endloop
	endfacet
	facet normal -0.5599464990663969 -0.3594951554972968 -0.7464738115682693
		outer loop
			vertex -8.264241218566895 -5.692508220672607 -8.264241218566895
			vertex -7.848972320556641 -2.756192445755005 -9.989847183227539
			vertex -5.586961269378662 -5.586961269378662 -10.323358535766602
		endloop
	endfacet
	facet normal -0.5179100824314918 -0.13342440927594462 -0.8449657232841878
		outer loop
			vertex -7.848972320556641 -2.756192445755005 -9.989847183227539
			vertex -7.222413063049316 7.960204409454693e-16 -10.809104919433594
			vertex -5.315798282623291 -2.709970474243164 -11.549819946289062
		endloop
	endfacet
	facet normal -0.6320839401594903 -0.08524501957966825 -0.7701968444685529
		outer loop
			vertex -7.848972320556641 -2.756192445755005 -9.989847183227539
			vertex -9.192388534545898 7.960204409454693e-16 -9.192388534545898
			vertex -7.222413063049316 7.960204409454693e-16 -10.809104919433594
		endloop
	endfacet
	facet normal -0.7002709667249567 -0.13871245915269897 -0.7002709667249567
		outer loop
			vertex -9.989847183227539 -2.756192445755005 -7.848972320556641
			vertex -9.192388534545898 7.960204409454693e-16 -9.192388534545898
			vertex -7.848972320556641 -2.756192445755005 -9.989847183227539
		endloop
	endfacet
	facet normal -0.9072155458156438 -0.29745583994134644 -0.29745583994134644
		outer loop
			vertex -11.549819946289062 -5.315798282623291 -2.709970474243164
			vertex -12.45642375946045 -2.6303513050079346 -2.6303513050079346
			vertex -11.549819946289062 -2.709970474243164 -5.315798282623291
		endloop
	endfacet
	facet normal -0.8145797529123655 -0.49614944238465886 -0.3004921911907561
		outer loop
			vertex -9.989847183227539 -7.848972320556641 -2.756192445755005
			vertex -11.549819946289062 -5.315798282623291 -2.709970474243164
			vertex -10.323358535766602 -5.586961269378662 -5.586961269378662
		endloop
	endfacet
	facet normal -0.8145797529123655 -0.3004921911907561 -0.49614944238465886
		outer loop
			vertex -10.323358535766602 -5.586961269378662 -5.586961269378662
			vertex -11.549819946289062 -2.709970474243164 -5.315798282623291
			vertex -9.989847183227539 -2.756192445755005 -7.848972320556641
		endloop
	endfacet
	facet normal -0.8758639645924216 -0.34122010164148125 -0.34122010164148125
		outer loop
			vertex -11.549819946289062 -5.315798282623291 -2.709970474243164
			vertex -11.549819946289062 -2.709970474243164 -5.315798282623291
			vertex -10.323358535766602 -5.586961269378662 -5.586961269378662
		endloop
	endfacet
	facet normal -0.878323904360876 -0.46947398261633144 -0.09022914537236447
		outer loop
			vertex -10.809104919433594 -7.222413063049316 7.960204409454693e-16
			vertex -12.0104341506958 -4.974884510040283 7.960204409454693e-16
			vertex -11.549819946289062 -5.315798282623291 -2.709970474243164
		endloop
	endfacet
	facet normal -0.9416363941156525 -0.31432248449791816 -0.12050841056095521
		outer loop
			vertex -12.0104341506958 -4.974884510040283 7.960204409454693e-16
			vertex -12.45642375946045 -2.6303513050079346 -2.6303513050079346
			vertex -11.549819946289062 -5.315798282623291 -2.709970474243164
		endloop
	endfacet
	facet normal -0.9525166921961086 -0.28894279867003264 -0.0960417106496604
		outer loop
			vertex -12.0104341506958 -4.974884510040283 7.960204409454693e-16
			vertex -12.750208854675293 -2.5361742973327637 7.960204409454693e-16
			vertex -12.45642375946045 -2.6303513050079346 -2.6303513050079346
		endloop
	endfacet
	facet normal -0.9416363941156525 -0.12050841056095524 -0.3143224844979182
		outer loop
			vertex -12.45642375946045 -2.6303513050079346 -2.6303513050079346
			vertex -12.0104341506958 7.960204409454693e-16 -4.974884510040283
			vertex -11.549819946289062 -2.709970474243164 -5.315798282623291
		endloop
	endfacet
	facet normal -0.878323904360876 -0.09022914537236447 -0.46947398261633144
		outer loop
			vertex -11.549819946289062 -2.709970474243164 -5.315798282623291
			vertex -12.0104341506958 7.960204409454693e-16 -4.974884510040283
			vertex -10.809104919433594 7.960204409454693e-16 -7.222413063049316
		endloop
	endfacet
	facet normal -0.9525166921961086 -0.0960417106496604 -0.28894279867003264
		outer loop
			vertex -12.45642375946045 -2.6303513050079346 -2.6303513050079346
			vertex -12.750208854675293 7.960204409454693e-16 -2.5361742973327637
			vertex -12.0104341506958 7.960204409454693e-16 -4.974884510040283
		endloop
	endfacet
	facet normal -0.9885716916512298 -0.10659739787120932 -0.10659739787120932
		outer loop
			vertex -12.750208854675293 -2.5361742973327637 7.960204409454693e-16
			vertex -12.750208854675293 7.960204409454693e-16 -2.5361742973327637
			vertex -12.45642375946045 -2.6303513050079346 -2.6303513050079346
		endloop
	endfacet
	facet normal -0.9904383672912219 -0.09754957867028101 -0.09754957867028101
		outer loop
			vertex -12.750208854675293 -2.5361742973327637 7.960204409454693e-16
			vertex -13 7.960204409454693e-16 7.960204409454693e-16
			vertex -12.750208854675293 7.960204409454693e-16 -2.5361742973327637
		endloop
	endfacet
	facet normal -0.30092185970108487 -0.6743315335775277 -0.6743315335775277
		outer loop
			vertex -2.756192445755005 -7.848972320556641 -9.989847183227539
			vertex -2.756192445755005 -9.989847183227539 -7.848972320556641
			vertex -5.692508220672607 -8.264241218566895 -8.264241218566895
		endloop
	endfacet
	facet normal -0.3594951554972968 -0.7464738115682693 -0.5599464990663969
		outer loop
			vertex -5.586961269378662 -10.323358535766602 -5.586961269378662
			vertex -5.692508220672607 -8.264241218566895 -8.264241218566895
			vertex -2.756192445755005 -9.989847183227539 -7.848972320556641
		endloop
	endfacet
	facet normal -0.3594951554972968 -0.5599464990663969 -0.7464738115682693
		outer loop
			vertex -5.692508220672607 -8.264241218566895 -8.264241218566895
			vertex -5.586961269378662 -5.586961269378662 -10.323358535766602
			vertex -2.756192445755005 -7.848972320556641 -9.989847183227539
		endloop
	endfacet
	facet normal -0.13342440927594462 -0.8449657232841878 -0.5179100824314918
		outer loop
			vertex -2.756192445755005 -9.989847183227539 -7.848972320556641
			vertex 7.960204409454693e-16 -10.809104919433594 -7.222413063049316
			vertex -2.709970474243164 -11.549819946289062 -5.315798282623291
		endloop
	endfacet
	facet normal -0.08524501957966825 -0.7701968444685529 -0.6320839401594903
		outer loop
			vertex 7.960204409454693e-16 -9.192388534545898 -9.192388534545898
			vertex 7.960204409454693e-16 -10.809104919433594 -7.222413063049316
			vertex -2.756192445755005 -9.989847183227539 -7.848972320556641
		endloop
	endfacet
	facet normal -0.13342440927594462 -0.5179100824314918 -0.8449657232841878
		outer loop
			vertex -2.709970474243164 -5.315798282623291 -11.549819946289062
			vertex 7.960204409454693e-16 -7.222413063049316 -10.809104919433594
			vertex -2.756192445755005 -7.848972320556641 -9.989847183227539
		endloop
	endfacet
	facet normal -0.08524501957966825 -0.6320839401594903 -0.7701968444685529
		outer loop
			vertex 7.960204409454693e-16 -7.222413063049316 -10.809104919433594
			vertex 7.960204409454693e-16 -9.192388534545898 -9.192388534545898
			vertex -2.756192445755005 -7.848972320556641 -9.989847183227539
		endloop
	endfacet
	facet normal -0.13871245915269897 -0.7002709667249567 -0.7002709667249567
		outer loop
			vertex -2.756192445755005 -7.848972320556641 -9.989847183227539
			vertex 7.960204409454693e-16 -9.192388534545898 -9.192388534545898
			vertex -2.756192445755005 -9.989847183227539 -7.848972320556641
		endloop
	endfacet
	facet normal -0.49614944238465886 -0.8145797529123655 -0.3004921911907561
		outer loop
			vertex -5.315798282623291 -11.549819946289062 -2.709970474243164
			vertex -7.848972320556641 -9.989847183227539 -2.756192445755005
			vertex -5.586961269378662 -10.323358535766602 -5.586961269378662
		endloop
	endfacet
	facet normal -0.29745583994134644 -0.9072155458156438 -0.29745583994134644
		outer loop
			vertex -2.709970474243164 -11.549819946289062 -5.315798282623291
			vertex -2.6303513050079346 -12.45642375946045 -2.6303513050079346
			vertex -5.315798282623291 -11.549819946289062 -2.709970474243164
		endloop
	endfacet
	facet normal -0.3004921911907561 -0.8145797529123655 -0.49614944238465886
		outer loop
			vertex -2.756192445755005 -9.989847183227539 -7.848972320556641
			vertex -2.709970474243164 -11.549819946289062 -5.315798282623291
			vertex -5.586961269378662 -10.323358535766602 -5.586961269378662
		endloop
	endfacet
	facet normal -0.34122010164148125 -0.8758639645924216 -0.34122010164148125
		outer loop
			vertex -5.315798282623291 -11.549819946289062 -2.709970474243164
			vertex -5.586961269378662 -10.323358535766602 -5.586961269378662
			vertex -2.709970474243164 -11.549819946289062 -5.315798282623291
		endloop
	endfacet
	facet normal -0.46947398261633144 -0.878323904360876 -0.09022914537236447
		outer loop
			vertex -4.974884510040283 -12.0104341506958 7.960204409454693e-16
			vertex -7.222413063049316 -10.809104919433594 7.960204409454693e-16
			vertex -5.315798282623291 -11.549819946289062 -2.709970474243164
		endloop
	endfacet
	facet normal -0.31432248449791816 -0.9416363941156525 -0.12050841056095521
		outer loop
			vertex -4.974884510040283 -12.0104341506958 7.960204409454693e-16
			vertex -5.315798282623291 -11.549819946289062 -2.709970474243164
			vertex -2.6303513050079346 -12.45642375946045 -2.6303513050079346
		endloop
	endfacet
	facet normal -0.28894279867003264 -0.9525166921961086 -0.0960417106496604
		outer loop
			vertex -2.6303513050079346 -12.45642375946045 -2.6303513050079346
			vertex -2.5361742973327637 -12.750208854675293 7.960204409454693e-16
			vertex -4.974884510040283 -12.0104341506958 7.960204409454693e-16
		endloop
	endfacet
	facet normal -0.12050841056095524 -0.9416363941156525 -0.3143224844979182
		outer loop
			vertex -2.709970474243164 -11.549819946289062 -5.315798282623291
			vertex 7.960204409454693e-16 -12.0104341506958 -4.974884510040283
			vertex -2.6303513050079346 -12.45642375946045 -2.6303513050079346
		endloop
	endfacet
	facet normal -0.09022914537236447 -0.878323904360876 -0.46947398261633144
		outer loop
			vertex 7.960204409454693e-16 -10.809104919433594 -7.222413063049316
			vertex 7.960204409454693e-16 -12.0104341506958 -4.974884510040283
			vertex -2.709970474243164 -11.549819946289062 -5.315798282623291
		endloop
	endfacet
	facet normal -0.0960417106496604 -0.9525166921961086 -0.28894279867003264
		outer loop
			vertex 7.960204409454693e-16 -12.0104341506958 -4.974884510040283
			vertex 7.960204409454693e-16 -12.750208854675293 -2.5361742973327637
			vertex -2.6303513050079346 -12.45642375946045 -2.6303513050079346
		endloop
	endfacet
	facet normal -0.10659739787120932 -0.9885716916512298 -0.10659739787120932
		outer loop
			vertex -2.6303513050079346 -12.45642375946045 -2.6303513050079346
			vertex 7.960204409454693e-16 -12.750208854675293 -2.5361742973327637
			vertex -2.5361742973327637 -12.750208854675293 7.960204409454693e-16
		endloop
	endfacet
	facet normal -0.09754957867028101 -0.9904383672912219 -0.09754957867028101
		outer loop
			vertex 7.960204409454693e-16 -12.750208854675293 -2.5361742973327637
			vertex 7.960204409454693e-16 -13 7.960204409454693e-16
			vertex -2.5361742973327637 -12.750208854675293 7.960204409454693e-16
		endloop
	endfacet
	facet normal -0.49614944238465886 -0.3004921911907561 -0.8145797529123655
		outer loop
			vertex -5.586961269378662 -5.586961269378662 -10.323358535766602
			vertex -7.848972320556641 -2.756192445755005 -9.989847183227539
			vertex -5.315798282623291 -2.709970474243164 -11.549819946289062
		endloop
	endfacet
	facet normal -0.3004921911907561 -0.49614944238465886 -0.8145797529123655
		outer loop
			vertex -2.709970474243164 -5.315798282623291 -11.549819946289062
			vertex -2.756192445755005 -7.848972320556641 -9.989847183227539
			vertex -5.586961269378662 -5.586961269378662 -10.323358535766602
		endloop
	endfacet
	facet normal -0.29745583994134644 -0.29745583994134644 -0.9072155458156438
		outer loop
			vertex -2.6303513050079346 -2.6303513050079346 -12.45642375946045
			vertex -2.709970474243164 -5.315798282623291 -11.549819946289062
			vertex -5.315798282623291 -2.709970474243164 -11.549819946289062
		endloop
	endfacet
	facet normal -0.34122010164148125 -0.34122010164148125 -0.8758639645924216
		outer loop
			vertex -5.586961269378662 -5.586961269378662 -10.323358535766602
			vertex -5.315798282623291 -2.709970474243164 -11.549819946289062
			vertex -2.709970474243164 -5.315798282623291 -11.549819946289062
		endloop
	endfacet
	facet normal -0.46947398261633144 -0.09022914537236447 -0.878323904360876
		outer loop
			vertex -5.315798282623291 -2.709970474243164 -11.549819946289062
			vertex -7.222413063049316 7.960204409454693e-16 -10.809104919433594
			vertex -4.974884510040283 7.960204409454693e-16 -12.0104341506958
		endloop
	endfacet
	facet normal -0.3143224844979182 -0.12050841056095524 -0.9416363941156525
		outer loop
			vertex -5.315798282623291 -2.709970474243164 -11.549819946289062
			vertex -4.974884510040283 7.960204409454693e-16 -12.0104341506958
			vertex -2.6303513050079346 -2.6303513050079346 -12.45642375946045
		endloop
	endfacet
	facet normal -0.28894279867003264 -0.0960417106496604 -0.9525166921961086
		outer loop
			vertex -2.5361742973327637 7.960204409454693e-16 -12.750208854675293
			vertex -2.6303513050079346 -2.6303513050079346 -12.45642375946045
			vertex -4.974884510040283 7.960204409454693e-16 -12.0104341506958
		endloop
	endfacet
	facet normal -0.12050841056095524 -0.3143224844979182 -0.9416363941156525
		outer loop
			vertex -2.6303513050079346 -2.6303513050079346 -12.45642375946045
			vertex 7.960204409454693e-16 -4.974884510040283 -12.0104341506958
			vertex -2.709970474243164 -5.315798282623291 -11.549819946289062
		endloop
	endfacet
	facet normal -0.09022914537236447 -0.46947398261633144 -0.878323904360876
		outer loop
			vertex 7.960204409454693e-16 -4.974884510040283 -12.0104341506958
			vertex 7.960204409454693e-16 -7.222413063049316 -10.809104919433594
			vertex -2.709970474243164 -5.315798282623291 -11.549819946289062
		endloop
	endfacet
	facet normal -0.0960417106496604 -0.28894279867003264 -0.9525166921961086
		outer loop
			vertex 7.960204409454693e-16 -2.5361742973327637 -12.750208854675293
			vertex 7.960204409454693e-16 -4.974884510040283 -12.0104341506958
			vertex -2.6303513050079346 -2.6303513050079346 -12.45642375946045
		endloop
	endfacet
	facet normal -0.10659739787120932 -0.10659739787120932 -0.9885716916512298
		outer loop
			vertex -2.5361742973327637 7.960204409454693e-16 -12.750208854675293
			vertex 7.960204409454693e-16 -2.5361742973327637 -12.750208854675293
			vertex -2.6303513050079346 -2.6303513050079346 -12.45642375946045
		endloop
	endfacet
	facet normal -0.09754957867028101 -0.09754957867028101 -0.9904383672912219
		outer loop
			vertex -2.5361742973327637 7.960204409454693e-16 -12.750208854675293
			vertex 7.960204409454693e-16 7.960204409454693e-16 -13
			vertex 7.960204409454693e-16 -2.5361742973327637 -12.750208854675293
		endloop
	endfacet
	facet normal -0.7701968444685527 -0.6320839401594902 0.08524501957966829
		outer loop
			vertex -9.989847183227539 -7.848972320556641 2.756192445755005
			vertex -10.809104919433594 -7.222413063049316 7.960204409454693e-16
			vertex -9.192388534545898 -9.192388534545898 7.960204409454693e-16
		endloop
	endfacet
	facet normal -0.8449657232841877 -0.5179100824314918 0.1334244092759447
		outer loop
			vertex -11.549819946289062 -5.315798282623291 2.709970474243164
			vertex -10.809104919433594 -7.222413063049316 7.960204409454693e-16
			vertex -9.989847183227539 -7.848972320556641 2.756192445755005
		endloop
	endfacet
	facet normal -0.6320839401594902 -0.7701968444685527 0.08524501957966829
		outer loop
			vertex -7.848972320556641 -9.989847183227539 2.756192445755005
			vertex -9.192388534545898 -9.192388534545898 7.960204409454693e-16
			vertex -7.222413063049316 -10.809104919433594 7.960204409454693e-16
		endloop
	endfacet
	facet normal -0.5179100824314918 -0.8449657232841877 0.1334244092759447
		outer loop
			vertex -7.848972320556641 -9.989847183227539 2.756192445755005
			vertex -7.222413063049316 -10.809104919433594 7.960204409454693e-16
			vertex -5.315798282623291 -11.549819946289062 2.709970474243164
		endloop
	endfacet
	facet normal -0.7002709667249567 -0.7002709667249567 0.13871245915269909
		outer loop
			vertex -9.989847183227539 -7.848972320556641 2.756192445755005
			vertex -9.192388534545898 -9.192388534545898 7.960204409454693e-16
			vertex -7.848972320556641 -9.989847183227539 2.756192445755005
		endloop
	endfacet
	facet normal -0.6743315335775277 -0.6743315335775277 0.30092185970108487
		outer loop
			vertex -8.264241218566895 -8.264241218566895 5.692508220672607
			vertex -9.989847183227539 -7.848972320556641 2.756192445755005
			vertex -7.848972320556641 -9.989847183227539 2.756192445755005
		endloop
	endfacet
	facet normal -0.7464738115682693 -0.5599464990663969 0.3594951554972968
		outer loop
			vertex -10.323358535766602 -5.586961269378662 5.586961269378662
			vertex -9.989847183227539 -7.848972320556641 2.756192445755005
			vertex -8.264241218566895 -8.264241218566895 5.692508220672607
		endloop
	endfacet
	facet normal -0.5599464990663969 -0.7464738115682693 0.3594951554972968
		outer loop
			vertex -8.264241218566895 -8.264241218566895 5.692508220672607
			vertex -7.848972320556641 -9.989847183227539 2.756192445755005
			vertex -5.586961269378662 -10.323358535766602 5.586961269378662
		endloop
	endfacet
	facet normal -0.6908861774097331 -0.5112124264257311 0.5112124264257311
		outer loop
			vertex -8.264241218566895 -5.692508220672607 8.264241218566895
			vertex -10.323358535766602 -5.586961269378662 5.586961269378662
			vertex -8.264241218566895 -8.264241218566895 5.692508220672607
		endloop
	endfacet
	facet normal -0.5112124264257311 -0.6908861774097331 0.5112124264257311
		outer loop
			vertex -5.692508220672607 -8.264241218566895 8.264241218566895
			vertex -8.264241218566895 -8.264241218566895 5.692508220672607
			vertex -5.586961269378662 -10.323358535766602 5.586961269378662
		endloop
	endfacet
	facet normal -0.5773502691896258 -0.5773502691896258 0.5773502691896258
		outer loop
			vertex -8.264241218566895 -5.692508220672607 8.264241218566895
			vertex -8.264241218566895 -8.264241218566895 5.692508220672607
			vertex -5.692508220672607 -8.264241218566895 8.264241218566895
		endloop
	endfacet
	facet normal -0.5112124264257311 -0.5112124264257311 0.6908861774097331
		outer loop
			vertex -5.586961269378662 -5.586961269378662 10.323358535766602
			vertex -8.264241218566895 -5.692508220672607 8.264241218566895
			vertex -5.692508220672607 -8.264241218566895 8.264241218566895
		endloop
	endfacet
	facet normal -0.878323904360876 -0.46947398261633144 0.09022914537236452
		outer loop
			vertex -11.549819946289062 -5.315798282623291 2.709970474243164
			vertex -12.0104341506958 -4.974884510040283 7.960204409454693e-16
			vertex -10.809104919433594 -7.222413063049316 7.960204409454693e-16
		endloop
	endfacet
	facet normal -0.9525166921961086 -0.2889427986700326 0.09604171064966045
		outer loop
			vertex -12.45642375946045 -2.6303513050079346 2.6303513050079346
			vertex -12.750208854675293 -2.5361742973327637 7.960204409454693e-16
			vertex -12.0104341506958 -4.974884510040283 7.960204409454693e-16
		endloop
	endfacet
	facet normal -0.9416363941156525 -0.3143224844979181 0.12050841056095529
		outer loop
			vertex -12.45642375946045 -2.6303513050079346 2.6303513050079346
			vertex -12.0104341506958 -4.974884510040283 7.960204409454693e-16
			vertex -11.549819946289062 -5.315798282623291 2.709970474243164
		endloop
	endfacet
	facet normal -0.9072155458156438 -0.29745583994134644 0.29745583994134644
		outer loop
			vertex -11.549819946289062 -2.709970474243164 5.315798282623291
			vertex -12.45642375946045 -2.6303513050079346 2.6303513050079346
			vertex -11.549819946289062 -5.315798282623291 2.709970474243164
		endloop
	endfacet
	facet normal -0.8145797529123655 -0.49614944238465886 0.3004921911907561
		outer loop
			vertex -10.323358535766602 -5.586961269378662 5.586961269378662
			vertex -11.549819946289062 -5.315798282623291 2.709970474243164
			vertex -9.989847183227539 -7.848972320556641 2.756192445755005
		endloop
	endfacet
	facet normal -0.8758639645924216 -0.34122010164148125 0.34122010164148125
		outer loop
			vertex -11.549819946289062 -2.709970474243164 5.315798282623291
			vertex -11.549819946289062 -5.315798282623291 2.709970474243164
			vertex -10.323358535766602 -5.586961269378662 5.586961269378662
		endloop
	endfacet
	facet normal -0.8145797529123655 -0.3004921911907561 0.49614944238465886
		outer loop
			vertex -9.989847183227539 -2.756192445755005 7.848972320556641
			vertex -11.549819946289062 -2.709970474243164 5.315798282623291
			vertex -10.323358535766602 -5.586961269378662 5.586961269378662
		endloop
	endfacet
	facet normal -0.9885716916512299 -0.10659739787120935 0.10659739787120942
		outer loop
			vertex -12.750208854675293 7.960204409454693e-16 2.5361742973327637
			vertex -12.750208854675293 -2.5361742973327637 7.960204409454693e-16
			vertex -12.45642375946045 -2.6303513050079346 2.6303513050079346
		endloop
	endfacet
	facet normal -0.9904383672912219 -0.09754957867028102 0.09754957867028108
		outer loop
			vertex -12.750208854675293 7.960204409454693e-16 2.5361742973327637
			vertex -13 7.960204409454693e-16 7.960204409454693e-16
			vertex -12.750208854675293 -2.5361742973327637 7.960204409454693e-16
		endloop
	endfacet
	facet normal -0.9416363941156525 -0.12050841056095521 0.31432248449791816
		outer loop
			vertex -12.0104341506958 7.960204409454693e-16 4.974884510040283
			vertex -12.45642375946045 -2.6303513050079346 2.6303513050079346
			vertex -11.549819946289062 -2.709970474243164 5.315798282623291
		endloop
	endfacet
	facet normal -0.9525166921961086 -0.0960417106496604 0.28894279867003264
		outer loop
			vertex -12.0104341506958 7.960204409454693e-16 4.974884510040283
			vertex -12.750208854675293 7.960204409454693e-16 2.5361742973327637
			vertex -12.45642375946045 -2.6303513050079346 2.6303513050079346
		endloop
	endfacet
	facet normal -0.878323904360876 -0.09022914537236447 0.46947398261633144
		outer loop
			vertex -10.809104919433594 7.960204409454693e-16 7.222413063049316
			vertex -12.0104341506958 7.960204409454693e-16 4.974884510040283
			vertex -11.549819946289062 -2.709970474243164 5.315798282623291
		endloop
	endfacet
	facet normal -0.8449657232841878 -0.13342440927594462 0.5179100824314918
		outer loop
			vertex -10.809104919433594 7.960204409454693e-16 7.222413063049316
			vertex -11.549819946289062 -2.709970474243164 5.315798282623291
			vertex -9.989847183227539 -2.756192445755005 7.848972320556641
		endloop
	endfacet
	facet normal -0.7701968444685529 -0.08524501957966825 0.6320839401594903
		outer loop
			vertex -9.192388534545898 7.960204409454693e-16 9.192388534545898
			vertex -10.809104919433594 7.960204409454693e-16 7.222413063049316
			vertex -9.989847183227539 -2.756192445755005 7.848972320556641
		endloop
	endfacet
	facet normal -0.7464738115682693 -0.3594951554972968 0.5599464990663969
		outer loop
			vertex -9.989847183227539 -2.756192445755005 7.848972320556641
			vertex -10.323358535766602 -5.586961269378662 5.586961269378662
			vertex -8.264241218566895 -5.692508220672607 8.264241218566895
		endloop
	endfacet
	facet normal -0.6743315335775277 -0.30092185970108487 0.6743315335775277
		outer loop
			vertex -7.848972320556641 -2.756192445755005 9.989847183227539
			vertex -9.989847183227539 -2.756192445755005 7.848972320556641
			vertex -8.264241218566895 -5.692508220672607 8.264241218566895
		endloop
	endfacet
	facet normal -0.5599464990663969 -0.3594951554972968 0.7464738115682693
		outer loop
			vertex -7.848972320556641 -2.756192445755005 9.989847183227539
			vertex -8.264241218566895 -5.692508220672607 8.264241218566895
			vertex -5.586961269378662 -5.586961269378662 10.323358535766602
		endloop
	endfacet
	facet normal -0.7002709667249567 -0.13871245915269897 0.7002709667249567
		outer loop
			vertex -9.192388534545898 7.960204409454693e-16 9.192388534545898
			vertex -9.989847183227539 -2.756192445755005 7.848972320556641
			vertex -7.848972320556641 -2.756192445755005 9.989847183227539
		endloop
	endfacet
	facet normal -0.5179100824314918 -0.13342440927594462 0.8449657232841878
		outer loop
			vertex -7.222413063049316 7.960204409454693e-16 10.809104919433594
			vertex -7.848972320556641 -2.756192445755005 9.989847183227539
			vertex -5.315798282623291 -2.709970474243164 11.549819946289062
		endloop
	endfacet
	facet normal -0.6320839401594903 -0.08524501957966825 0.7701968444685529
		outer loop
			vertex -7.222413063049316 7.960204409454693e-16 10.809104919433594
			vertex -9.192388534545898 7.960204409454693e-16 9.192388534545898
			vertex -7.848972320556641 -2.756192445755005 9.989847183227539
		endloop
	endfacet
	facet normal -0.46947398261633144 -0.878323904360876 0.09022914537236452
		outer loop
			vertex -5.315798282623291 -11.549819946289062 2.709970474243164
			vertex -7.222413063049316 -10.809104919433594 7.960204409454693e-16
			vertex -4.974884510040283 -12.0104341506958 7.960204409454693e-16
		endloop
	endfacet
	facet normal -0.2889427986700326 -0.9525166921961086 0.09604171064966045
		outer loop
			vertex -2.5361742973327637 -12.750208854675293 7.960204409454693e-16
			vertex -2.6303513050079346 -12.45642375946045 2.6303513050079346
			vertex -4.974884510040283 -12.0104341506958 7.960204409454693e-16
		endloop
	endfacet
	facet normal -0.3143224844979181 -0.9416363941156525 0.12050841056095529
		outer loop
			vertex -5.315798282623291 -11.549819946289062 2.709970474243164
			vertex -4.974884510040283 -12.0104341506958 7.960204409454693e-16
			vertex -2.6303513050079346 -12.45642375946045 2.6303513050079346
		endloop
	endfacet
	facet normal -0.49614944238465886 -0.8145797529123655 0.3004921911907561
		outer loop
			vertex -5.586961269378662 -10.323358535766602 5.586961269378662
			vertex -7.848972320556641 -9.989847183227539 2.756192445755005
			vertex -5.315798282623291 -11.549819946289062 2.709970474243164
		endloop
	endfacet
	facet normal -0.29745583994134644 -0.9072155458156438 0.29745583994134644
		outer loop
			vertex -2.6303513050079346 -12.45642375946045 2.6303513050079346
			vertex -2.709970474243164 -11.549819946289062 5.315798282623291
			vertex -5.315798282623291 -11.549819946289062 2.709970474243164
		endloop
	endfacet
	facet normal -0.34122010164148125 -0.8758639645924216 0.34122010164148125
		outer loop
			vertex -5.586961269378662 -10.323358535766602 5.586961269378662
			vertex -5.315798282623291 -11.549819946289062 2.709970474243164
			vertex -2.709970474243164 -11.549819946289062 5.315798282623291
		endloop
	endfacet
	facet normal -0.3004921911907561 -0.8145797529123655 0.49614944238465886
		outer loop
			vertex -2.709970474243164 -11.549819946289062 5.315798282623291
			vertex -2.756192445755005 -9.989847183227539 7.848972320556641
			vertex -5.586961269378662 -10.323358535766602 5.586961269378662
		endloop
	endfacet
	facet normal -0.10659739787120935 -0.9885716916512299 0.10659739787120942
		outer loop
			vertex -2.5361742973327637 -12.750208854675293 7.960204409454693e-16
			vertex 7.960204409454693e-16 -12.750208854675293 2.5361742973327637
			vertex -2.6303513050079346 -12.45642375946045 2.6303513050079346
		endloop
	endfacet
	facet normal -0.09754957867028102 -0.9904383672912219 0.09754957867028108
		outer loop
			vertex -2.5361742973327637 -12.750208854675293 7.960204409454693e-16
			vertex 7.960204409454693e-16 -13 7.960204409454693e-16
			vertex 7.960204409454693e-16 -12.750208854675293 2.5361742973327637
		endloop
	endfacet
	facet normal -0.12050841056095524 -0.9416363941156525 0.3143224844979182
		outer loop
			vertex -2.6303513050079346 -12.45642375946045 2.6303513050079346
			vertex 7.960204409454693e-16 -12.0104341506958 4.974884510040283
			vertex -2.709970474243164 -11.549819946289062 5.315798282623291
		endloop
	endfacet
	facet normal -0.0960417106496604 -0.9525166921961086 0.28894279867003264
		outer loop
			vertex 7.960204409454693e-16 -12.750208854675293 2.5361742973327637
			vertex 7.960204409454693e-16 -12.0104341506958 4.974884510040283
			vertex -2.6303513050079346 -12.45642375946045 2.6303513050079346
		endloop
	endfacet
	facet normal -0.09022914537236447 -0.878323904360876 0.46947398261633144
		outer loop
			vertex 7.960204409454693e-16 -12.0104341506958 4.974884510040283
			vertex 7.960204409454693e-16 -10.809104919433594 7.222413063049316
			vertex -2.709970474243164 -11.549819946289062 5.315798282623291
		endloop
	endfacet
	facet normal -0.3594951554972968 -0.7464738115682693 0.5599464990663969
		outer loop
			vertex -5.692508220672607 -8.264241218566895 8.264241218566895
			vertex -5.586961269378662 -10.323358535766602 5.586961269378662
			vertex -2.756192445755005 -9.989847183227539 7.848972320556641
		endloop
	endfacet
	facet normal -0.30092185970108487 -0.6743315335775277 0.6743315335775277
		outer loop
			vertex -2.756192445755005 -9.989847183227539 7.848972320556641
			vertex -2.756192445755005 -7.848972320556641 9.989847183227539
			vertex -5.692508220672607 -8.264241218566895 8.264241218566895
		endloop
	endfacet
	facet normal -0.3594951554972968 -0.5599464990663969 0.7464738115682693
		outer loop
			vertex -5.586961269378662 -5.586961269378662 10.323358535766602
			vertex -5.692508220672607 -8.264241218566895 8.264241218566895
			vertex -2.756192445755005 -7.848972320556641 9.989847183227539
		endloop
	endfacet
	facet normal -0.13342440927594462 -0.8449657232841878 0.5179100824314918
		outer loop
			vertex -2.709970474243164 -11.549819946289062 5.315798282623291
			vertex 7.960204409454693e-16 -10.809104919433594 7.222413063049316
			vertex -2.756192445755005 -9.989847183227539 7.848972320556641
		endloop
	endfacet
	facet normal -0.08524501957966825 -0.7701968444685529 0.6320839401594903
		outer loop
			vertex 7.960204409454693e-16 -10.809104919433594 7.222413063049316
			vertex 7.960204409454693e-16 -9.192388534545898 9.192388534545898
			vertex -2.756192445755005 -9.989847183227539 7.848972320556641
		endloop
	endfacet
	facet normal -0.13871245915269897 -0.7002709667249567 0.7002709667249567
		outer loop
			vertex -2.756192445755005 -9.989847183227539 7.848972320556641
			vertex 7.960204409454693e-16 -9.192388534545898 9.192388534545898
			vertex -2.756192445755005 -7.848972320556641 9.989847183227539
		endloop
	endfacet
	facet normal -0.13342440927594462 -0.5179100824314918 0.8449657232841878
		outer loop
			vertex -2.756192445755005 -7.848972320556641 9.989847183227539
			vertex 7.960204409454693e-16 -7.222413063049316 10.809104919433594
			vertex -2.709970474243164 -5.315798282623291 11.549819946289062
		endloop
	endfacet
	facet normal -0.08524501957966825 -0.6320839401594903 0.7701968444685529
		outer loop
			vertex 7.960204409454693e-16 -9.192388534545898 9.192388534545898
			vertex 7.960204409454693e-16 -7.222413063049316 10.809104919433594
			vertex -2.756192445755005 -7.848972320556641 9.989847183227539
		endloop
	endfacet
	facet normal -0.49614944238465886 -0.3004921911907561 0.8145797529123655
		outer loop
			vertex -5.315798282623291 -2.709970474243164 11.549819946289062
			vertex -7.848972320556641 -2.756192445755005 9.989847183227539
			vertex -5.586961269378662 -5.586961269378662 10.323358535766602
		endloop
	endfacet
	facet normal -0.3004921911907561 -0.49614944238465886 0.8145797529123655
		outer loop
			vertex -2.756192445755005 -7.848972320556641 9.989847183227539
			vertex -2.709970474243164 -5.315798282623291 11.549819946289062
			vertex -5.586961269378662 -5.586961269378662 10.323358535766602
		endloop
	endfacet
	facet normal -0.34122010164148125 -0.34122010164148125 0.8758639645924216
		outer loop
			vertex -5.315798282623291 -2.709970474243164 11.549819946289062
			vertex -5.586961269378662 -5.586961269378662 10.323358535766602
			vertex -2.709970474243164 -5.315798282623291 11.549819946289062
		endloop
	endfacet
	facet normal -0.29745583994134644 -0.29745583994134644 0.9072155458156438
		outer loop
			vertex -2.709970474243164 -5.315798282623291 11.549819946289062
			vertex -2.6303513050079346 -2.6303513050079346 12.45642375946045
			vertex -5.315798282623291 -2.709970474243164 11.549819946289062
		endloop
	endfacet
	facet normal -0.46947398261633144 -0.09022914537236447 0.878323904360876
		outer loop
			vertex -4.974884510040283 7.960204409454693e-16 12.0104341506958
			vertex -7.222413063049316 7.960204409454693e-16 10.809104919433594
			vertex -5.315798282623291 -2.709970474243164 11.549819946289062
		endloop
	endfacet
	facet normal -0.31432248449791816 -0.12050841056095521 0.9416363941156525
		outer loop
			vertex -4.974884510040283 7.960204409454693e-16 12.0104341506958
			vertex -5.315798282623291 -2.709970474243164 11.549819946289062
			vertex -2.6303513050079346 -2.6303513050079346 12.45642375946045
		endloop
	endfacet
	facet normal -0.28894279867003264 -0.0960417106496604 0.9525166921961086
		outer loop
			vertex -2.6303513050079346 -2.6303513050079346 12.45642375946045
			vertex -2.5361742973327637 7.960204409454693e-16 12.750208854675293
			vertex -4.974884510040283 7.960204409454693e-16 12.0104341506958
		endloop
	endfacet
	facet normal -0.12050841056095524 -0.3143224844979182 0.9416363941156525
		outer loop
			vertex -2.709970474243164 -5.315798282623291 11.549819946289062
			vertex 7.960204409454693e-16 -4.974884510040283 12.0104341506958
			vertex -2.6303513050079346 -2.6303513050079346 12.45642375946045
		endloop
	endfacet
	facet normal -0.09022914537236447 -0.46947398261633144 0.878323904360876
		outer loop
			vertex 7.960204409454693e-16 -7.222413063049316 10.809104919433594
			vertex 7.960204409454693e-16 -4.974884510040283 12.0104341506958
			vertex -2.709970474243164 -5.315798282623291 11.549819946289062
		endloop
	endfacet
	facet normal -0.0960417106496604 -0.28894279867003264 0.9525166921961086
		outer loop
			vertex 7.960204409454693e-16 -4.974884510040283 12.0104341506958
			vertex 7.960204409454693e-16 -2.5361742973327637 12.750208854675293
			vertex -2.6303513050079346 -2.6303513050079346 12.45642375946045
		endloop
	endfacet
	facet normal -0.10659739787120932 -0.10659739787120932 0.9885716916512298
		outer loop
			vertex -2.6303513050079346 -2.6303513050079346 12.45642375946045
			vertex 7.960204409454693e-16 -2.5361742973327637 12.750208854675293
			vertex -2.5361742973327637 7.960204409454693e-16 12.750208854675293
		endloop
	endfacet
	facet normal -0.09754957867028101 -0.09754957867028101 0.9904383672912219
		outer loop
			vertex 7.960204409454693e-16 -2.5361742973327637 12.750208854675293
			vertex 7.960204409454693e-16 7.960204409454693e-16 13
			vertex -2.5361742973327637 7.960204409454693e-16 12.750208854675293
		endloop
	endfacet
	facet normal -0.7701968444685529 0.08524501957966829 -0.6320839401594902
		outer loop
			vertex -9.192388534545898 7.960204409454693e-16 -9.192388534545898
			vertex -10.809104919433594 7.960204409454693e-16 -7.222413063049316
			vertex -9.989847183227539 2.756192445755005 -7.848972320556641
		endloop
	endfacet
	facet normal -0.8449657232841877 0.1334244092759447 -0.5179100824314918
		outer loop
			vertex -9.989847183227539 2.756192445755005 -7.848972320556641
			vertex -10.809104919433594 7.960204409454693e-16 -7.222413063049316
			vertex -11.549819946289062 2.709970474243164 -5.315798282623291
		endloop
	endfacet
	facet normal -0.6320839401594902 0.08524501957966829 -0.7701968444685529
		outer loop
			vertex -7.222413063049316 7.960204409454693e-16 -10.809104919433594
			vertex -9.192388534545898 7.960204409454693e-16 -9.192388534545898
			vertex -7.848972320556641 2.756192445755005 -9.989847183227539
		endloop
	endfacet
	facet normal -0.5179100824314918 0.1334244092759447 -0.8449657232841877
		outer loop
			vertex -5.315798282623291 2.709970474243164 -11.549819946289062
			vertex -7.222413063049316 7.960204409454693e-16 -10.809104919433594
			vertex -7.848972320556641 2.756192445755005 -9.989847183227539
		endloop
	endfacet
	facet normal -0.7002709667249567 0.13871245915269909 -0.7002709667249567
		outer loop
			vertex -7.848972320556641 2.756192445755005 -9.989847183227539
			vertex -9.192388534545898 7.960204409454693e-16 -9.192388534545898
			vertex -9.989847183227539 2.756192445755005 -7.848972320556641
		endloop
	endfacet
	facet normal -0.6743315335775277 0.30092185970108487 -0.6743315335775277
		outer loop
			vertex -7.848972320556641 2.756192445755005 -9.989847183227539
			vertex -9.989847183227539 2.756192445755005 -7.848972320556641
			vertex -8.264241218566895 5.692508220672607 -8.264241218566895
		endloop
	endfacet
	facet normal -0.7464738115682693 0.3594951554972968 -0.5599464990663969
		outer loop
			vertex -10.323358535766602 5.586961269378662 -5.586961269378662
			vertex -8.264241218566895 5.692508220672607 -8.264241218566895
			vertex -9.989847183227539 2.756192445755005 -7.848972320556641
		endloop
	endfacet
	facet normal -0.5599464990663969 0.3594951554972968 -0.7464738115682693
		outer loop
			vertex -8.264241218566895 5.692508220672607 -8.264241218566895
			vertex -5.586961269378662 5.586961269378662 -10.323358535766602
			vertex -7.848972320556641 2.756192445755005 -9.989847183227539
		endloop
	endfacet
	facet normal -0.878323904360876 0.09022914537236452 -0.46947398261633144
		outer loop
			vertex -10.809104919433594 7.960204409454693e-16 -7.222413063049316
			vertex -12.0104341506958 7.960204409454693e-16 -4.974884510040283
			vertex -11.549819946289062 2.709970474243164 -5.315798282623291
		endloop
	endfacet
	facet normal -0.9525166921961086 0.09604171064966045 -0.2889427986700326
		outer loop
			vertex -12.0104341506958 7.960204409454693e-16 -4.974884510040283
			vertex -12.750208854675293 7.960204409454693e-16 -2.5361742973327637
			vertex -12.45642375946045 2.6303513050079346 -2.6303513050079346
		endloop
	endfacet
	facet normal -0.9416363941156525 0.12050841056095529 -0.3143224844979181
		outer loop
			vertex -11.549819946289062 2.709970474243164 -5.315798282623291
			vertex -12.0104341506958 7.960204409454693e-16 -4.974884510040283
			vertex -12.45642375946045 2.6303513050079346 -2.6303513050079346
		endloop
	endfacet
	facet normal -0.9904383672912219 0.09754957867028108 -0.09754957867028102
		outer loop
			vertex -12.750208854675293 7.960204409454693e-16 -2.5361742973327637
			vertex -13 7.960204409454693e-16 7.960204409454693e-16
			vertex -12.750208854675293 2.5361742973327637 7.960204409454693e-16
		endloop
	endfacet
	facet normal -0.9885716916512299 0.10659739787120942 -0.10659739787120935
		outer loop
			vertex -12.45642375946045 2.6303513050079346 -2.6303513050079346
			vertex -12.750208854675293 7.960204409454693e-16 -2.5361742973327637
			vertex -12.750208854675293 2.5361742973327637 7.960204409454693e-16
		endloop
	endfacet
	facet normal -0.9072155458156438 0.29745583994134644 -0.29745583994134644
		outer loop
			vertex -11.549819946289062 2.709970474243164 -5.315798282623291
			vertex -12.45642375946045 2.6303513050079346 -2.6303513050079346
			vertex -11.549819946289062 5.315798282623291 -2.709970474243164
		endloop
	endfacet
	facet normal -0.8145797529123655 0.3004921911907561 -0.49614944238465886
		outer loop
			vertex -9.989847183227539 2.756192445755005 -7.848972320556641
			vertex -11.549819946289062 2.709970474243164 -5.315798282623291
			vertex -10.323358535766602 5.586961269378662 -5.586961269378662
		endloop
	endfacet
	facet normal -0.8758639645924216 0.34122010164148125 -0.34122010164148125
		outer loop
			vertex -11.549819946289062 5.315798282623291 -2.709970474243164
			vertex -10.323358535766602 5.586961269378662 -5.586961269378662
			vertex -11.549819946289062 2.709970474243164 -5.315798282623291
		endloop
	endfacet
	facet normal -0.8145797529123655 0.49614944238465886 -0.3004921911907561
		outer loop
			vertex -11.549819946289062 5.315798282623291 -2.709970474243164
			vertex -9.989847183227539 7.848972320556641 -2.756192445755005
			vertex -10.323358535766602 5.586961269378662 -5.586961269378662
		endloop
	endfacet
	facet normal -0.9416363941156525 0.31432248449791816 -0.12050841056095521
		outer loop
			vertex -12.0104341506958 4.974884510040283 7.960204409454693e-16
			vertex -11.549819946289062 5.315798282623291 -2.709970474243164
			vertex -12.45642375946045 2.6303513050079346 -2.6303513050079346
		endloop
	endfacet
	facet normal -0.9525166921961086 0.28894279867003264 -0.0960417106496604
		outer loop
			vertex -12.45642375946045 2.6303513050079346 -2.6303513050079346
			vertex -12.750208854675293 2.5361742973327637 7.960204409454693e-16
			vertex -12.0104341506958 4.974884510040283 7.960204409454693e-16
		endloop
	endfacet
	facet normal -0.878323904360876 0.46947398261633144 -0.09022914537236447
		outer loop
			vertex -12.0104341506958 4.974884510040283 7.960204409454693e-16
			vertex -10.809104919433594 7.222413063049316 7.960204409454693e-16
			vertex -11.549819946289062 5.315798282623291 -2.709970474243164
		endloop
	endfacet
	facet normal -0.6908861774097331 0.5112124264257311 -0.5112124264257311
		outer loop
			vertex -10.323358535766602 5.586961269378662 -5.586961269378662
			vertex -8.264241218566895 8.264241218566895 -5.692508220672607
			vertex -8.264241218566895 5.692508220672607 -8.264241218566895
		endloop
	endfacet
	facet normal -0.5112124264257311 0.5112124264257311 -0.6908861774097331
		outer loop
			vertex -8.264241218566895 5.692508220672607 -8.264241218566895
			vertex -5.692508220672607 8.264241218566895 -8.264241218566895
			vertex -5.586961269378662 5.586961269378662 -10.323358535766602
		endloop
	endfacet
	facet normal -0.5773502691896258 0.5773502691896258 -0.5773502691896258
		outer loop
			vertex -8.264241218566895 8.264241218566895 -5.692508220672607
			vertex -5.692508220672607 8.264241218566895 -8.264241218566895
			vertex -8.264241218566895 5.692508220672607 -8.264241218566895
		endloop
	endfacet
	facet normal -0.5112124264257311 0.6908861774097331 -0.5112124264257311
		outer loop
			vertex -8.264241218566895 8.264241218566895 -5.692508220672607
			vertex -5.586961269378662 10.323358535766602 -5.586961269378662
			vertex -5.692508220672607 8.264241218566895 -8.264241218566895
		endloop
	endfacet
	facet normal -0.8449657232841878 0.5179100824314918 -0.13342440927594462
		outer loop
			vertex -10.809104919433594 7.222413063049316 7.960204409454693e-16
			vertex -9.989847183227539 7.848972320556641 -2.756192445755005
			vertex -11.549819946289062 5.315798282623291 -2.709970474243164
		endloop
	endfacet
	facet normal -0.7701968444685529 0.6320839401594903 -0.08524501957966825
		outer loop
			vertex -10.809104919433594 7.222413063049316 7.960204409454693e-16
			vertex -9.192388534545898 9.192388534545898 7.960204409454693e-16
			vertex -9.989847183227539 7.848972320556641 -2.756192445755005
		endloop
	endfacet
	facet normal -0.7464738115682693 0.5599464990663969 -0.3594951554972968
		outer loop
			vertex -9.989847183227539 7.848972320556641 -2.756192445755005
			vertex -8.264241218566895 8.264241218566895 -5.692508220672607
			vertex -10.323358535766602 5.586961269378662 -5.586961269378662
		endloop
	endfacet
	facet normal -0.6743315335775277 0.6743315335775277 -0.30092185970108487
		outer loop
			vertex -9.989847183227539 7.848972320556641 -2.756192445755005
			vertex -7.848972320556641 9.989847183227539 -2.756192445755005
			vertex -8.264241218566895 8.264241218566895 -5.692508220672607
		endloop
	endfacet
	facet normal -0.5599464990663969 0.7464738115682693 -0.3594951554972968
		outer loop
			vertex -7.848972320556641 9.989847183227539 -2.756192445755005
			vertex -5.586961269378662 10.323358535766602 -5.586961269378662
			vertex -8.264241218566895 8.264241218566895 -5.692508220672607
		endloop
	endfacet
	facet normal -0.7002709667249567 0.7002709667249567 -0.13871245915269897
		outer loop
			vertex -9.192388534545898 9.192388534545898 7.960204409454693e-16
			vertex -7.848972320556641 9.989847183227539 -2.756192445755005
			vertex -9.989847183227539 7.848972320556641 -2.756192445755005
		endloop
	endfacet
	facet normal -0.5179100824314918 0.8449657232841878 -0.13342440927594462
		outer loop
			vertex -7.222413063049316 10.809104919433594 7.960204409454693e-16
			vertex -5.315798282623291 11.549819946289062 -2.709970474243164
			vertex -7.848972320556641 9.989847183227539 -2.756192445755005
		endloop
	endfacet
	facet normal -0.6320839401594903 0.7701968444685529 -0.08524501957966825
		outer loop
			vertex -9.192388534545898 9.192388534545898 7.960204409454693e-16
			vertex -7.222413063049316 10.809104919433594 7.960204409454693e-16
			vertex -7.848972320556641 9.989847183227539 -2.756192445755005
		endloop
	endfacet
	facet normal -0.46947398261633144 0.09022914537236452 -0.878323904360876
		outer loop
			vertex -4.974884510040283 7.960204409454693e-16 -12.0104341506958
			vertex -7.222413063049316 7.960204409454693e-16 -10.809104919433594
			vertex -5.315798282623291 2.709970474243164 -11.549819946289062
		endloop
	endfacet
	facet normal -0.2889427986700326 0.09604171064966045 -0.9525166921961086
		outer loop
			vertex -2.5361742973327637 7.960204409454693e-16 -12.750208854675293
			vertex -4.974884510040283 7.960204409454693e-16 -12.0104341506958
			vertex -2.6303513050079346 2.6303513050079346 -12.45642375946045
		endloop
	endfacet
	facet normal -0.3143224844979181 0.12050841056095529 -0.9416363941156525
		outer loop
			vertex -2.6303513050079346 2.6303513050079346 -12.45642375946045
			vertex -4.974884510040283 7.960204409454693e-16 -12.0104341506958
			vertex -5.315798282623291 2.709970474243164 -11.549819946289062
		endloop
	endfacet
	facet normal -0.49614944238465886 0.3004921911907561 -0.8145797529123655
		outer loop
			vertex -5.315798282623291 2.709970474243164 -11.549819946289062
			vertex -7.848972320556641 2.756192445755005 -9.989847183227539
			vertex -5.586961269378662 5.586961269378662 -10.323358535766602
		endloop
	endfacet
	facet normal -0.29745583994134644 0.29745583994134644 -0.9072155458156438
		outer loop
			vertex -2.6303513050079346 2.6303513050079346 -12.45642375946045
			vertex -5.315798282623291 2.709970474243164 -11.549819946289062
			vertex -2.709970474243164 5.315798282623291 -11.549819946289062
		endloop
	endfacet
	facet normal -0.34122010164148125 0.34122010164148125 -0.8758639645924216
		outer loop
			vertex -5.586961269378662 5.586961269378662 -10.323358535766602
			vertex -2.709970474243164 5.315798282623291 -11.549819946289062
			vertex -5.315798282623291 2.709970474243164 -11.549819946289062
		endloop
	endfacet
	facet normal -0.3004921911907561 0.49614944238465886 -0.8145797529123655
		outer loop
			vertex -5.586961269378662 5.586961269378662 -10.323358535766602
			vertex -2.756192445755005 7.848972320556641 -9.989847183227539
			vertex -2.709970474243164 5.315798282623291 -11.549819946289062
		endloop
	endfacet
	facet normal -0.10659739787120935 0.10659739787120942 -0.9885716916512299
		outer loop
			vertex 7.960204409454693e-16 2.5361742973327637 -12.750208854675293
			vertex -2.5361742973327637 7.960204409454693e-16 -12.750208854675293
			vertex -2.6303513050079346 2.6303513050079346 -12.45642375946045
		endloop
	endfacet
	facet normal -0.09754957867028102 0.09754957867028108 -0.9904383672912219
		outer loop
			vertex 7.960204409454693e-16 2.5361742973327637 -12.750208854675293
			vertex 7.960204409454693e-16 7.960204409454693e-16 -13
			vertex -2.5361742973327637 7.960204409454693e-16 -12.750208854675293
		endloop
	endfacet
	facet normal -0.12050841056095524 0.3143224844979182 -0.9416363941156525
		outer loop
			vertex -2.709970474243164 5.315798282623291 -11.549819946289062
			vertex 7.960204409454693e-16 4.974884510040283 -12.0104341506958
			vertex -2.6303513050079346 2.6303513050079346 -12.45642375946045
		endloop
	endfacet
	facet normal -0.0960417106496604 0.28894279867003264 -0.9525166921961086
		outer loop
			vertex 7.960204409454693e-16 2.5361742973327637 -12.750208854675293
			vertex -2.6303513050079346 2.6303513050079346 -12.45642375946045
			vertex 7.960204409454693e-16 4.974884510040283 -12.0104341506958
		endloop
	endfacet
	facet normal -0.09022914537236447 0.46947398261633144 -0.878323904360876
		outer loop
			vertex -2.709970474243164 5.315798282623291 -11.549819946289062
			vertex 7.960204409454693e-16 7.222413063049316 -10.809104919433594
			vertex 7.960204409454693e-16 4.974884510040283 -12.0104341506958
		endloop
	endfacet
	facet normal -0.3594951554972968 0.5599464990663969 -0.7464738115682693
		outer loop
			vertex -5.692508220672607 8.264241218566895 -8.264241218566895
			vertex -2.756192445755005 7.848972320556641 -9.989847183227539
			vertex -5.586961269378662 5.586961269378662 -10.323358535766602
		endloop
	endfacet
	facet normal -0.30092185970108487 0.6743315335775277 -0.6743315335775277
		outer loop
			vertex -5.692508220672607 8.264241218566895 -8.264241218566895
			vertex -2.756192445755005 9.989847183227539 -7.848972320556641
			vertex -2.756192445755005 7.848972320556641 -9.989847183227539
		endloop
	endfacet
	facet normal -0.3594951554972968 0.7464738115682693 -0.5599464990663969
		outer loop
			vertex -5.586961269378662 10.323358535766602 -5.586961269378662
			vertex -2.756192445755005 9.989847183227539 -7.848972320556641
			vertex -5.692508220672607 8.264241218566895 -8.264241218566895
		endloop
	endfacet
	facet normal -0.13342440927594462 0.5179100824314918 -0.8449657232841878
		outer loop
			vertex -2.756192445755005 7.848972320556641 -9.989847183227539
			vertex 7.960204409454693e-16 7.222413063049316 -10.809104919433594
			vertex -2.709970474243164 5.315798282623291 -11.549819946289062
		endloop
	endfacet
	facet normal -0.08524501957966825 0.6320839401594903 -0.7701968444685529
		outer loop
			vertex -2.756192445755005 7.848972320556641 -9.989847183227539
			vertex 7.960204409454693e-16 9.192388534545898 -9.192388534545898
			vertex 7.960204409454693e-16 7.222413063049316 -10.809104919433594
		endloop
	endfacet
	facet normal -0.13871245915269897 0.7002709667249567 -0.7002709667249567
		outer loop
			vertex -2.756192445755005 9.989847183227539 -7.848972320556641
			vertex 7.960204409454693e-16 9.192388534545898 -9.192388534545898
			vertex -2.756192445755005 7.848972320556641 -9.989847183227539
		endloop
	endfacet
	facet normal -0.13342440927594462 0.8449657232841878 -0.5179100824314918
		outer loop
			vertex -2.709970474243164 11.549819946289062 -5.315798282623291
			vertex 7.960204409454693e-16 10.809104919433594 -7.222413063049316
			vertex -2.756192445755005 9.989847183227539 -7.848972320556641
		endloop
	endfacet
	facet normal -0.08524501957966825 0.7701968444685529 -0.6320839401594903
		outer loop
			vertex -2.756192445755005 9.989847183227539 -7.848972320556641
			vertex 7.960204409454693e-16 10.809104919433594 -7.222413063049316
			vertex 7.960204409454693e-16 9.192388534545898 -9.192388534545898
		endloop
	endfacet
	facet normal -0.49614944238465886 0.8145797529123655 -0.3004921911907561
		outer loop
			vertex -7.848972320556641 9.989847183227539 -2.756192445755005
			vertex -5.315798282623291 11.549819946289062 -2.709970474243164
			vertex -5.586961269378662 10.323358535766602 -5.586961269378662
		endloop
	endfacet
	facet normal -0.3004921911907561 0.8145797529123655 -0.49614944238465886
		outer loop
			vertex -5.586961269378662 10.323358535766602 -5.586961269378662
			vertex -2.709970474243164 11.549819946289062 -5.315798282623291
			vertex -2.756192445755005 9.989847183227539 -7.848972320556641
		endloop
	endfacet
	facet normal -0.34122010164148125 0.8758639645924216 -0.34122010164148125
		outer loop
			vertex -5.315798282623291 11.549819946289062 -2.709970474243164
			vertex -2.709970474243164 11.549819946289062 -5.315798282623291
			vertex -5.586961269378662 10.323358535766602 -5.586961269378662
		endloop
	endfacet
	facet normal -0.29745583994134644 0.9072155458156438 -0.29745583994134644
		outer loop
			vertex -5.315798282623291 11.549819946289062 -2.709970474243164
			vertex -2.6303513050079346 12.45642375946045 -2.6303513050079346
			vertex -2.709970474243164 11.549819946289062 -5.315798282623291
		endloop
	endfacet
	facet normal -0.46947398261633144 0.878323904360876 -0.09022914537236447
		outer loop
			vertex -7.222413063049316 10.809104919433594 7.960204409454693e-16
			vertex -4.974884510040283 12.0104341506958 7.960204409454693e-16
			vertex -5.315798282623291 11.549819946289062 -2.709970474243164
		endloop
	endfacet
	facet normal -0.31432248449791816 0.9416363941156525 -0.12050841056095521
		outer loop
			vertex -4.974884510040283 12.0104341506958 7.960204409454693e-16
			vertex -2.6303513050079346 12.45642375946045 -2.6303513050079346
			vertex -5.315798282623291 11.549819946289062 -2.709970474243164
		endloop
	endfacet
	facet normal -0.28894279867003264 0.9525166921961086 -0.0960417106496604
		outer loop
			vertex -4.974884510040283 12.0104341506958 7.960204409454693e-16
			vertex -2.5361742973327637 12.750208854675293 7.960204409454693e-16
			vertex -2.6303513050079346 12.45642375946045 -2.6303513050079346
		endloop
	endfacet
	facet normal -0.12050841056095524 0.9416363941156525 -0.3143224844979182
		outer loop
			vertex -2.6303513050079346 12.45642375946045 -2.6303513050079346
			vertex 7.960204409454693e-16 12.0104341506958 -4.974884510040283
			vertex -2.709970474243164 11.549819946289062 -5.315798282623291
		endloop
	endfacet
	facet normal -0.09022914537236447 0.878323904360876 -0.46947398261633144
		outer loop
			vertex -2.709970474243164 11.549819946289062 -5.315798282623291
			vertex 7.960204409454693e-16 12.0104341506958 -4.974884510040283
			vertex 7.960204409454693e-16 10.809104919433594 -7.222413063049316
		endloop
	endfacet
	facet normal -0.0960417106496604 0.9525166921961086 -0.28894279867003264
		outer loop
			vertex -2.6303513050079346 12.45642375946045 -2.6303513050079346
			vertex 7.960204409454693e-16 12.750208854675293 -2.5361742973327637
			vertex 7.960204409454693e-16 12.0104341506958 -4.974884510040283
		endloop
	endfacet
	facet normal -0.10659739787120932 0.9885716916512298 -0.10659739787120932
		outer loop
			vertex -2.5361742973327637 12.750208854675293 7.960204409454693e-16
			vertex 7.960204409454693e-16 12.750208854675293 -2.5361742973327637
			vertex -2.6303513050079346 12.45642375946045 -2.6303513050079346
		endloop
	endfacet
	facet normal -0.09754957867028101 0.9904383672912219 -0.09754957867028101
		outer loop
			vertex -2.5361742973327637 12.750208854675293 7.960204409454693e-16
			vertex 7.960204409454693e-16 13 7.960204409454693e-16
			vertex 7.960204409454693e-16 12.750208854675293 -2.5361742973327637
		endloop
	endfacet
	facet normal -0.9904383672912219 0.09754957867028108 0.09754957867028108
		outer loop
			vertex -12.750208854675293 2.5361742973327637 7.960204409454693e-16
			vertex -13 7.960204409454693e-16 7.960204409454693e-16
			vertex -12.750208854675293 7.960204409454693e-16 2.5361742973327637
		endloop
	endfacet
	facet normal -0.9885716916512299 0.1065973978712094 0.1065973978712094
		outer loop
			vertex -12.750208854675293 2.5361742973327637 7.960204409454693e-16
			vertex -12.750208854675293 7.960204409454693e-16 2.5361742973327637
			vertex -12.45642375946045 2.6303513050079346 2.6303513050079346
		endloop
	endfacet
	facet normal -0.9525166921961086 0.09604171064966045 0.2889427986700326
		outer loop
			vertex -12.750208854675293 7.960204409454693e-16 2.5361742973327637
			vertex -12.0104341506958 7.960204409454693e-16 4.974884510040283
			vertex -12.45642375946045 2.6303513050079346 2.6303513050079346
		endloop
	endfacet
	facet normal -0.878323904360876 0.09022914537236452 0.46947398261633144
		outer loop
			vertex -12.0104341506958 7.960204409454693e-16 4.974884510040283
			vertex -10.809104919433594 7.960204409454693e-16 7.222413063049316
			vertex -11.549819946289062 2.709970474243164 5.315798282623291
		endloop
	endfacet
	facet normal -0.9416363941156525 0.12050841056095529 0.3143224844979181
		outer loop
			vertex -12.45642375946045 2.6303513050079346 2.6303513050079346
			vertex -12.0104341506958 7.960204409454693e-16 4.974884510040283
			vertex -11.549819946289062 2.709970474243164 5.315798282623291
		endloop
	endfacet
	facet normal -0.9525166921961086 0.2889427986700326 0.09604171064966045
		outer loop
			vertex -12.750208854675293 2.5361742973327637 7.960204409454693e-16
			vertex -12.45642375946045 2.6303513050079346 2.6303513050079346
			vertex -12.0104341506958 4.974884510040283 7.960204409454693e-16
		endloop
	endfacet
	facet normal -0.9416363941156525 0.3143224844979181 0.12050841056095529
		outer loop
			vertex -11.549819946289062 5.315798282623291 2.709970474243164
			vertex -12.0104341506958 4.974884510040283 7.960204409454693e-16
			vertex -12.45642375946045 2.6303513050079346 2.6303513050079346
		endloop
	endfacet
	facet normal -0.878323904360876 0.46947398261633144 0.09022914537236452
		outer loop
			vertex -11.549819946289062 5.315798282623291 2.709970474243164
			vertex -10.809104919433594 7.222413063049316 7.960204409454693e-16
			vertex -12.0104341506958 4.974884510040283 7.960204409454693e-16
		endloop
	endfacet
	facet normal -0.9072155458156438 0.29745583994134644 0.29745583994134644
		outer loop
			vertex -12.45642375946045 2.6303513050079346 2.6303513050079346
			vertex -11.549819946289062 2.709970474243164 5.315798282623291
			vertex -11.549819946289062 5.315798282623291 2.709970474243164
		endloop
	endfacet
	facet normal -0.8758639645924216 0.34122010164148125 0.34122010164148125
		outer loop
			vertex -10.323358535766602 5.586961269378662 5.586961269378662
			vertex -11.549819946289062 5.315798282623291 2.709970474243164
			vertex -11.549819946289062 2.709970474243164 5.315798282623291
		endloop
	endfacet
	facet normal -0.8145797529123655 0.3004921911907561 0.49614944238465886
		outer loop
			vertex -11.549819946289062 2.709970474243164 5.315798282623291
			vertex -9.989847183227539 2.756192445755005 7.848972320556641
			vertex -10.323358535766602 5.586961269378662 5.586961269378662
		endloop
	endfacet
	facet normal -0.8145797529123655 0.49614944238465886 0.3004921911907561
		outer loop
			vertex -10.323358535766602 5.586961269378662 5.586961269378662
			vertex -9.989847183227539 7.848972320556641 2.756192445755005
			vertex -11.549819946289062 5.315798282623291 2.709970474243164
		endloop
	endfacet
	facet normal -0.7701968444685529 0.08524501957966829 0.6320839401594902
		outer loop
			vertex -10.809104919433594 7.960204409454693e-16 7.222413063049316
			vertex -9.192388534545898 7.960204409454693e-16 9.192388534545898
			vertex -9.989847183227539 2.756192445755005 7.848972320556641
		endloop
	endfacet
	facet normal -0.8449657232841877 0.1334244092759447 0.5179100824314918
		outer loop
			vertex -11.549819946289062 2.709970474243164 5.315798282623291
			vertex -10.809104919433594 7.960204409454693e-16 7.222413063049316
			vertex -9.989847183227539 2.756192445755005 7.848972320556641
		endloop
	endfacet
	facet normal -0.7002709667249567 0.13871245915269909 0.7002709667249567
		outer loop
			vertex -9.989847183227539 2.756192445755005 7.848972320556641
			vertex -9.192388534545898 7.960204409454693e-16 9.192388534545898
			vertex -7.848972320556641 2.756192445755005 9.989847183227539
		endloop
	endfacet
	facet normal -0.6320839401594902 0.08524501957966829 0.7701968444685529
		outer loop
			vertex -9.192388534545898 7.960204409454693e-16 9.192388534545898
			vertex -7.222413063049316 7.960204409454693e-16 10.809104919433594
			vertex -7.848972320556641 2.756192445755005 9.989847183227539
		endloop
	endfacet
	facet normal -0.5179100824314918 0.1334244092759447 0.8449657232841877
		outer loop
			vertex -7.848972320556641 2.756192445755005 9.989847183227539
			vertex -7.222413063049316 7.960204409454693e-16 10.809104919433594
			vertex -5.315798282623291 2.709970474243164 11.549819946289062
		endloop
	endfacet
	facet normal -0.7464738115682693 0.3594951554972968 0.5599464990663969
		outer loop
			vertex -8.264241218566895 5.692508220672607 8.264241218566895
			vertex -10.323358535766602 5.586961269378662 5.586961269378662
			vertex -9.989847183227539 2.756192445755005 7.848972320556641
		endloop
	endfacet
	facet normal -0.6743315335775277 0.30092185970108487 0.6743315335775277
		outer loop
			vertex -9.989847183227539 2.756192445755005 7.848972320556641
			vertex -7.848972320556641 2.756192445755005 9.989847183227539
			vertex -8.264241218566895 5.692508220672607 8.264241218566895
		endloop
	endfacet
	facet normal -0.5599464990663969 0.3594951554972968 0.7464738115682693
		outer loop
			vertex -5.586961269378662 5.586961269378662 10.323358535766602
			vertex -8.264241218566895 5.692508220672607 8.264241218566895
			vertex -7.848972320556641 2.756192445755005 9.989847183227539
		endloop
	endfacet
	facet normal -0.7701968444685527 0.6320839401594902 0.08524501957966829
		outer loop
			vertex -9.989847183227539 7.848972320556641 2.756192445755005
			vertex -9.192388534545898 9.192388534545898 7.960204409454693e-16
			vertex -10.809104919433594 7.222413063049316 7.960204409454693e-16
		endloop
	endfacet
	facet normal -0.8449657232841877 0.5179100824314918 0.1334244092759447
		outer loop
			vertex -9.989847183227539 7.848972320556641 2.756192445755005
			vertex -10.809104919433594 7.222413063049316 7.960204409454693e-16
			vertex -11.549819946289062 5.315798282623291 2.709970474243164
		endloop
	endfacet
	facet normal -0.7002709667249567 0.7002709667249567 0.13871245915269909
		outer loop
			vertex -7.848972320556641 9.989847183227539 2.756192445755005
			vertex -9.192388534545898 9.192388534545898 7.960204409454693e-16
			vertex -9.989847183227539 7.848972320556641 2.756192445755005
		endloop
	endfacet
	facet normal -0.7464738115682693 0.5599464990663969 0.3594951554972968
		outer loop
			vertex -8.264241218566895 8.264241218566895 5.692508220672607
			vertex -9.989847183227539 7.848972320556641 2.756192445755005
			vertex -10.323358535766602 5.586961269378662 5.586961269378662
		endloop
	endfacet
	facet normal -0.6743315335775277 0.6743315335775277 0.30092185970108487
		outer loop
			vertex -8.264241218566895 8.264241218566895 5.692508220672607
			vertex -7.848972320556641 9.989847183227539 2.756192445755005
			vertex -9.989847183227539 7.848972320556641 2.756192445755005
		endloop
	endfacet
	facet normal -0.5599464990663969 0.7464738115682693 0.3594951554972968
		outer loop
			vertex -5.586961269378662 10.323358535766602 5.586961269378662
			vertex -7.848972320556641 9.989847183227539 2.756192445755005
			vertex -8.264241218566895 8.264241218566895 5.692508220672607
		endloop
	endfacet
	facet normal -0.6320839401594902 0.7701968444685527 0.08524501957966829
		outer loop
			vertex -7.848972320556641 9.989847183227539 2.756192445755005
			vertex -7.222413063049316 10.809104919433594 7.960204409454693e-16
			vertex -9.192388534545898 9.192388534545898 7.960204409454693e-16
		endloop
	endfacet
	facet normal -0.5179100824314918 0.8449657232841877 0.1334244092759447
		outer loop
			vertex -5.315798282623291 11.549819946289062 2.709970474243164
			vertex -7.222413063049316 10.809104919433594 7.960204409454693e-16
			vertex -7.848972320556641 9.989847183227539 2.756192445755005
		endloop
	endfacet
	facet normal -0.6908861774097331 0.5112124264257311 0.5112124264257311
		outer loop
			vertex -8.264241218566895 5.692508220672607 8.264241218566895
			vertex -8.264241218566895 8.264241218566895 5.692508220672607
			vertex -10.323358535766602 5.586961269378662 5.586961269378662
		endloop
	endfacet
	facet normal -0.5773502691896258 0.5773502691896258 0.5773502691896258
		outer loop
			vertex -5.692508220672607 8.264241218566895 8.264241218566895
			vertex -8.264241218566895 8.264241218566895 5.692508220672607
			vertex -8.264241218566895 5.692508220672607 8.264241218566895
		endloop
	endfacet
	facet normal -0.5112124264257311 0.5112124264257311 0.6908861774097331
		outer loop
			vertex -5.586961269378662 5.586961269378662 10.323358535766602
			vertex -5.692508220672607 8.264241218566895 8.264241218566895
			vertex -8.264241218566895 5.692508220672607 8.264241218566895
		endloop
	endfacet
	facet normal -0.5112124264257311 0.6908861774097331 0.5112124264257311
		outer loop
			vertex -5.692508220672607 8.264241218566895 8.264241218566895
			vertex -5.586961269378662 10.323358535766602 5.586961269378662
			vertex -8.264241218566895 8.264241218566895 5.692508220672607
		endloop
	endfacet
	facet normal -0.46947398261633144 0.09022914537236452 0.878323904360876
		outer loop
			vertex -7.222413063049316 7.960204409454693e-16 10.809104919433594
			vertex -4.974884510040283 7.960204409454693e-16 12.0104341506958
			vertex -5.315798282623291 2.709970474243164 11.549819946289062
		endloop
	endfacet
	facet normal -0.2889427986700326 0.09604171064966045 0.9525166921961086
		outer loop
			vertex -4.974884510040283 7.960204409454693e-16 12.0104341506958
			vertex -2.5361742973327637 7.960204409454693e-16 12.750208854675293
			vertex -2.6303513050079346 2.6303513050079346 12.45642375946045
		endloop
	endfacet
	facet normal -0.3143224844979181 0.12050841056095529 0.9416363941156525
		outer loop
			vertex -5.315798282623291 2.709970474243164 11.549819946289062
			vertex -4.974884510040283 7.960204409454693e-16 12.0104341506958
			vertex -2.6303513050079346 2.6303513050079346 12.45642375946045
		endloop
	endfacet
	facet normal -0.49614944238465886 0.3004921911907561 0.8145797529123655
		outer loop
			vertex -7.848972320556641 2.756192445755005 9.989847183227539
			vertex -5.315798282623291 2.709970474243164 11.549819946289062
			vertex -5.586961269378662 5.586961269378662 10.323358535766602
		endloop
	endfacet
	facet normal -0.34122010164148125 0.34122010164148125 0.8758639645924216
		outer loop
			vertex -2.709970474243164 5.315798282623291 11.549819946289062
			vertex -5.586961269378662 5.586961269378662 10.323358535766602
			vertex -5.315798282623291 2.709970474243164 11.549819946289062
		endloop
	endfacet
	facet normal -0.29745583994134644 0.29745583994134644 0.9072155458156438
		outer loop
			vertex -5.315798282623291 2.709970474243164 11.549819946289062
			vertex -2.6303513050079346 2.6303513050079346 12.45642375946045
			vertex -2.709970474243164 5.315798282623291 11.549819946289062
		endloop
	endfacet
	facet normal -0.3004921911907561 0.49614944238465886 0.8145797529123655
		outer loop
			vertex -2.709970474243164 5.315798282623291 11.549819946289062
			vertex -2.756192445755005 7.848972320556641 9.989847183227539
			vertex -5.586961269378662 5.586961269378662 10.323358535766602
		endloop
	endfacet
	facet normal -0.10659739787120935 0.10659739787120942 0.9885716916512299
		outer loop
			vertex -2.6303513050079346 2.6303513050079346 12.45642375946045
			vertex -2.5361742973327637 7.960204409454693e-16 12.750208854675293
			vertex 7.960204409454693e-16 2.5361742973327637 12.750208854675293
		endloop
	endfacet
	facet normal -0.09754957867028102 0.09754957867028108 0.9904383672912219
		outer loop
			vertex -2.5361742973327637 7.960204409454693e-16 12.750208854675293
			vertex 7.960204409454693e-16 7.960204409454693e-16 13
			vertex 7.960204409454693e-16 2.5361742973327637 12.750208854675293
		endloop
	endfacet
	facet normal -0.12050841056095521 0.31432248449791816 0.9416363941156525
		outer loop
			vertex 7.960204409454693e-16 4.974884510040283 12.0104341506958
			vertex -2.709970474243164 5.315798282623291 11.549819946289062
			vertex -2.6303513050079346 2.6303513050079346 12.45642375946045
		endloop
	endfacet
	facet normal -0.0960417106496604 0.28894279867003264 0.9525166921961086
		outer loop
			vertex -2.6303513050079346 2.6303513050079346 12.45642375946045
			vertex 7.960204409454693e-16 2.5361742973327637 12.750208854675293
			vertex 7.960204409454693e-16 4.974884510040283 12.0104341506958
		endloop
	endfacet
	facet normal -0.09022914537236447 0.46947398261633144 0.878323904360876
		outer loop
			vertex 7.960204409454693e-16 4.974884510040283 12.0104341506958
			vertex 7.960204409454693e-16 7.222413063049316 10.809104919433594
			vertex -2.709970474243164 5.315798282623291 11.549819946289062
		endloop
	endfacet
	facet normal -0.46947398261633144 0.878323904360876 0.09022914537236452
		outer loop
			vertex -5.315798282623291 11.549819946289062 2.709970474243164
			vertex -4.974884510040283 12.0104341506958 7.960204409454693e-16
			vertex -7.222413063049316 10.809104919433594 7.960204409454693e-16
		endloop
	endfacet
	facet normal -0.2889427986700326 0.9525166921961086 0.09604171064966045
		outer loop
			vertex -2.6303513050079346 12.45642375946045 2.6303513050079346
			vertex -2.5361742973327637 12.750208854675293 7.960204409454693e-16
			vertex -4.974884510040283 12.0104341506958 7.960204409454693e-16
		endloop
	endfacet
	facet normal -0.3143224844979181 0.9416363941156525 0.12050841056095529
		outer loop
			vertex -2.6303513050079346 12.45642375946045 2.6303513050079346
			vertex -4.974884510040283 12.0104341506958 7.960204409454693e-16
			vertex -5.315798282623291 11.549819946289062 2.709970474243164
		endloop
	endfacet
	facet normal -0.49614944238465886 0.8145797529123655 0.3004921911907561
		outer loop
			vertex -5.586961269378662 10.323358535766602 5.586961269378662
			vertex -5.315798282623291 11.549819946289062 2.709970474243164
			vertex -7.848972320556641 9.989847183227539 2.756192445755005
		endloop
	endfacet
	facet normal -0.34122010164148125 0.8758639645924216 0.34122010164148125
		outer loop
			vertex -2.709970474243164 11.549819946289062 5.315798282623291
			vertex -5.315798282623291 11.549819946289062 2.709970474243164
			vertex -5.586961269378662 10.323358535766602 5.586961269378662
		endloop
	endfacet
	facet normal -0.3004921911907561 0.8145797529123655 0.49614944238465886
		outer loop
			vertex -2.756192445755005 9.989847183227539 7.848972320556641
			vertex -2.709970474243164 11.549819946289062 5.315798282623291
			vertex -5.586961269378662 10.323358535766602 5.586961269378662
		endloop
	endfacet
	facet normal -0.29745583994134644 0.9072155458156438 0.29745583994134644
		outer loop
			vertex -2.709970474243164 11.549819946289062 5.315798282623291
			vertex -2.6303513050079346 12.45642375946045 2.6303513050079346
			vertex -5.315798282623291 11.549819946289062 2.709970474243164
		endloop
	endfacet
	facet normal -0.10659739787120935 0.9885716916512299 0.10659739787120942
		outer loop
			vertex 7.960204409454693e-16 12.750208854675293 2.5361742973327637
			vertex -2.5361742973327637 12.750208854675293 7.960204409454693e-16
			vertex -2.6303513050079346 12.45642375946045 2.6303513050079346
		endloop
	endfacet
	facet normal -0.09754957867028102 0.9904383672912219 0.09754957867028108
		outer loop
			vertex 7.960204409454693e-16 12.750208854675293 2.5361742973327637
			vertex 7.960204409454693e-16 13 7.960204409454693e-16
			vertex -2.5361742973327637 12.750208854675293 7.960204409454693e-16
		endloop
	endfacet
	facet normal -0.12050841056095521 0.9416363941156525 0.31432248449791816
		outer loop
			vertex 7.960204409454693e-16 12.0104341506958 4.974884510040283
			vertex -2.6303513050079346 12.45642375946045 2.6303513050079346
			vertex -2.709970474243164 11.549819946289062 5.315798282623291
		endloop
	endfacet
	facet normal -0.0960417106496604 0.9525166921961086 0.28894279867003264
		outer loop
			vertex 7.960204409454693e-16 12.0104341506958 4.974884510040283
			vertex 7.960204409454693e-16 12.750208854675293 2.5361742973327637
			vertex -2.6303513050079346 12.45642375946045 2.6303513050079346
		endloop
	endfacet
	facet normal -0.09022914537236447 0.878323904360876 0.46947398261633144
		outer loop
			vertex 7.960204409454693e-16 10.809104919433594 7.222413063049316
			vertex 7.960204409454693e-16 12.0104341506958 4.974884510040283
			vertex -2.709970474243164 11.549819946289062 5.315798282623291
		endloop
	endfacet
	facet normal -0.3594951554972968 0.5599464990663969 0.7464738115682693
		outer loop
			vertex -2.756192445755005 7.848972320556641 9.989847183227539
			vertex -5.692508220672607 8.264241218566895 8.264241218566895
			vertex -5.586961269378662 5.586961269378662 10.323358535766602
		endloop
	endfacet
	facet normal -0.3594951554972968 0.7464738115682693 0.5599464990663969
		outer loop
			vertex -2.756192445755005 9.989847183227539 7.848972320556641
			vertex -5.586961269378662 10.323358535766602 5.586961269378662
			vertex -5.692508220672607 8.264241218566895 8.264241218566895
		endloop
	endfacet
	facet normal -0.30092185970108487 0.6743315335775277 0.6743315335775277
		outer loop
			vertex -2.756192445755005 7.848972320556641 9.989847183227539
			vertex -2.756192445755005 9.989847183227539 7.848972320556641
			vertex -5.692508220672607 8.264241218566895 8.264241218566895
		endloop
	endfacet
	facet normal -0.13871245915269897 0.7002709667249567 0.7002709667249567
		outer loop
			vertex 7.960204409454693e-16 9.192388534545898 9.192388534545898
			vertex -2.756192445755005 9.989847183227539 7.848972320556641
			vertex -2.756192445755005 7.848972320556641 9.989847183227539
		endloop
	endfacet
	facet normal -0.13342440927594462 0.5179100824314918 0.8449657232841878
		outer loop
			vertex 7.960204409454693e-16 7.222413063049316 10.809104919433594
			vertex -2.756192445755005 7.848972320556641 9.989847183227539
			vertex -2.709970474243164 5.315798282623291 11.549819946289062
		endloop
	endfacet
	facet normal -0.08524501957966825 0.6320839401594903 0.7701968444685529
		outer loop
			vertex 7.960204409454693e-16 7.222413063049316 10.809104919433594
			vertex 7.960204409454693e-16 9.192388534545898 9.192388534545898
			vertex -2.756192445755005 7.848972320556641 9.989847183227539
		endloop
	endfacet
	facet normal -0.13342440927594462 0.8449657232841878 0.5179100824314918
		outer loop
			vertex 7.960204409454693e-16 10.809104919433594 7.222413063049316
			vertex -2.709970474243164 11.549819946289062 5.315798282623291
			vertex -2.756192445755005 9.989847183227539 7.848972320556641
		endloop
	endfacet
	facet normal -0.08524501957966825 0.7701968444685529 0.6320839401594903
		outer loop
			vertex 7.960204409454693e-16 9.192388534545898 9.192388534545898
			vertex 7.960204409454693e-16 10.809104919433594 7.222413063049316
			vertex -2.756192445755005 9.989847183227539 7.848972320556641
		endloop
	endfacet
	facet normal 0.08524501957966829 -0.7701968444685529 -0.6320839401594902
		outer loop
			vertex 2.756192445755005 -9.989847183227539 -7.848972320556641
			vertex 7.960204409454693e-16 -10.809104919433594 -7.222413063049316
			vertex 7.960204409454693e-16 -9.192388534545898 -9.192388534545898
		endloop
	endfacet
	facet normal 0.1334244092759447 -0.8449657232841877 -0.5179100824314918
		outer loop
			vertex 2.709970474243164 -11.549819946289062 -5.315798282623291
			vertex 7.960204409454693e-16 -10.809104919433594 -7.222413063049316
			vertex 2.756192445755005 -9.989847183227539 -7.848972320556641
		endloop
	endfacet
	facet normal 0.08524501957966829 -0.6320839401594902 -0.7701968444685529
		outer loop
			vertex 2.756192445755005 -7.848972320556641 -9.989847183227539
			vertex 7.960204409454693e-16 -9.192388534545898 -9.192388534545898
			vertex 7.960204409454693e-16 -7.222413063049316 -10.809104919433594
		endloop
	endfacet
	facet normal 0.1334244092759447 -0.5179100824314918 -0.8449657232841877
		outer loop
			vertex 2.756192445755005 -7.848972320556641 -9.989847183227539
			vertex 7.960204409454693e-16 -7.222413063049316 -10.809104919433594
			vertex 2.709970474243164 -5.315798282623291 -11.549819946289062
		endloop
	endfacet
	facet normal 0.13871245915269909 -0.7002709667249567 -0.7002709667249567
		outer loop
			vertex 2.756192445755005 -9.989847183227539 -7.848972320556641
			vertex 7.960204409454693e-16 -9.192388534545898 -9.192388534545898
			vertex 2.756192445755005 -7.848972320556641 -9.989847183227539
		endloop
	endfacet
	facet normal 0.30092185970108487 -0.6743315335775277 -0.6743315335775277
		outer loop
			vertex 5.692508220672607 -8.264241218566895 -8.264241218566895
			vertex 2.756192445755005 -9.989847183227539 -7.848972320556641
			vertex 2.756192445755005 -7.848972320556641 -9.989847183227539
		endloop
	endfacet
	facet normal 0.3594951554972968 -0.7464738115682693 -0.5599464990663969
		outer loop
			vertex 5.586961269378662 -10.323358535766602 -5.586961269378662
			vertex 2.756192445755005 -9.989847183227539 -7.848972320556641
			vertex 5.692508220672607 -8.264241218566895 -8.264241218566895
		endloop
	endfacet
	facet normal 0.3594951554972968 -0.5599464990663969 -0.7464738115682693
		outer loop
			vertex 5.692508220672607 -8.264241218566895 -8.264241218566895
			vertex 2.756192445755005 -7.848972320556641 -9.989847183227539
			vertex 5.586961269378662 -5.586961269378662 -10.323358535766602
		endloop
	endfacet
	facet normal 0.09022914537236452 -0.878323904360876 -0.46947398261633144
		outer loop
			vertex 2.709970474243164 -11.549819946289062 -5.315798282623291
			vertex 7.960204409454693e-16 -12.0104341506958 -4.974884510040283
			vertex 7.960204409454693e-16 -10.809104919433594 -7.222413063049316
		endloop
	endfacet
	facet normal 0.09604171064966045 -0.9525166921961086 -0.2889427986700326
		outer loop
			vertex 2.6303513050079346 -12.45642375946045 -2.6303513050079346
			vertex 7.960204409454693e-16 -12.750208854675293 -2.5361742973327637
			vertex 7.960204409454693e-16 -12.0104341506958 -4.974884510040283
		endloop
	endfacet
	facet normal 0.12050841056095529 -0.9416363941156525 -0.3143224844979181
		outer loop
			vertex 2.6303513050079346 -12.45642375946045 -2.6303513050079346
			vertex 7.960204409454693e-16 -12.0104341506958 -4.974884510040283
			vertex 2.709970474243164 -11.549819946289062 -5.315798282623291
		endloop
	endfacet
	facet normal 0.09754957867028108 -0.9904383672912219 -0.09754957867028102
		outer loop
			vertex 2.5361742973327637 -12.750208854675293 7.960204409454693e-16
			vertex 7.960204409454693e-16 -13 7.960204409454693e-16
			vertex 7.960204409454693e-16 -12.750208854675293 -2.5361742973327637
		endloop
	endfacet
	facet normal 0.10659739787120942 -0.9885716916512299 -0.10659739787120935
		outer loop
			vertex 2.5361742973327637 -12.750208854675293 7.960204409454693e-16
			vertex 7.960204409454693e-16 -12.750208854675293 -2.5361742973327637
			vertex 2.6303513050079346 -12.45642375946045 -2.6303513050079346
		endloop
	endfacet
	facet normal 0.29745583994134644 -0.9072155458156438 -0.29745583994134644
		outer loop
			vertex 5.315798282623291 -11.549819946289062 -2.709970474243164
			vertex 2.6303513050079346 -12.45642375946045 -2.6303513050079346
			vertex 2.709970474243164 -11.549819946289062 -5.315798282623291
		endloop
	endfacet
	facet normal 0.3004921911907561 -0.8145797529123655 -0.49614944238465886
		outer loop
			vertex 5.586961269378662 -10.323358535766602 -5.586961269378662
			vertex 2.709970474243164 -11.549819946289062 -5.315798282623291
			vertex 2.756192445755005 -9.989847183227539 -7.848972320556641
		endloop
	endfacet
	facet normal 0.34122010164148125 -0.8758639645924216 -0.34122010164148125
		outer loop
			vertex 5.315798282623291 -11.549819946289062 -2.709970474243164
			vertex 2.709970474243164 -11.549819946289062 -5.315798282623291
			vertex 5.586961269378662 -10.323358535766602 -5.586961269378662
		endloop
	endfacet
	facet normal 0.49614944238465886 -0.8145797529123655 -0.3004921911907561
		outer loop
			vertex 7.848972320556641 -9.989847183227539 -2.756192445755005
			vertex 5.315798282623291 -11.549819946289062 -2.709970474243164
			vertex 5.586961269378662 -10.323358535766602 -5.586961269378662
		endloop
	endfacet
	facet normal 0.31432248449791816 -0.9416363941156525 -0.12050841056095521
		outer loop
			vertex 4.974884510040283 -12.0104341506958 7.960204409454693e-16
			vertex 2.6303513050079346 -12.45642375946045 -2.6303513050079346
			vertex 5.315798282623291 -11.549819946289062 -2.709970474243164
		endloop
	endfacet
	facet normal 0.28894279867003264 -0.9525166921961086 -0.0960417106496604
		outer loop
			vertex 4.974884510040283 -12.0104341506958 7.960204409454693e-16
			vertex 2.5361742973327637 -12.750208854675293 7.960204409454693e-16
			vertex 2.6303513050079346 -12.45642375946045 -2.6303513050079346
		endloop
	endfacet
	facet normal 0.46947398261633144 -0.878323904360876 -0.09022914537236447
		outer loop
			vertex 7.222413063049316 -10.809104919433594 7.960204409454693e-16
			vertex 4.974884510040283 -12.0104341506958 7.960204409454693e-16
			vertex 5.315798282623291 -11.549819946289062 -2.709970474243164
		endloop
	endfacet
	facet normal 0.09022914537236452 -0.46947398261633144 -0.878323904360876
		outer loop
			vertex 2.709970474243164 -5.315798282623291 -11.549819946289062
			vertex 7.960204409454693e-16 -7.222413063049316 -10.809104919433594
			vertex 7.960204409454693e-16 -4.974884510040283 -12.0104341506958
		endloop
	endfacet
	facet normal 0.09604171064966045 -0.2889427986700326 -0.9525166921961086
		outer loop
			vertex 7.960204409454693e-16 -2.5361742973327637 -12.750208854675293
			vertex 2.6303513050079346 -2.6303513050079346 -12.45642375946045
			vertex 7.960204409454693e-16 -4.974884510040283 -12.0104341506958
		endloop
	endfacet
	facet normal 0.12050841056095529 -0.3143224844979181 -0.9416363941156525
		outer loop
			vertex 2.709970474243164 -5.315798282623291 -11.549819946289062
			vertex 7.960204409454693e-16 -4.974884510040283 -12.0104341506958
			vertex 2.6303513050079346 -2.6303513050079346 -12.45642375946045
		endloop
	endfacet
	facet normal 0.09754957867028108 -0.09754957867028102 -0.9904383672912219
		outer loop
			vertex 7.960204409454693e-16 -2.5361742973327637 -12.750208854675293
			vertex 7.960204409454693e-16 7.960204409454693e-16 -13
			vertex 2.5361742973327637 7.960204409454693e-16 -12.750208854675293
		endloop
	endfacet
	facet normal 0.10659739787120942 -0.10659739787120935 -0.9885716916512299
		outer loop
			vertex 7.960204409454693e-16 -2.5361742973327637 -12.750208854675293
			vertex 2.5361742973327637 7.960204409454693e-16 -12.750208854675293
			vertex 2.6303513050079346 -2.6303513050079346 -12.45642375946045
		endloop
	endfacet
	facet normal 0.3004921911907561 -0.49614944238465886 -0.8145797529123655
		outer loop
			vertex 5.586961269378662 -5.586961269378662 -10.323358535766602
			vertex 2.756192445755005 -7.848972320556641 -9.989847183227539
			vertex 2.709970474243164 -5.315798282623291 -11.549819946289062
		endloop
	endfacet
	facet normal 0.29745583994134644 -0.29745583994134644 -0.9072155458156438
		outer loop
			vertex 2.6303513050079346 -2.6303513050079346 -12.45642375946045
			vertex 5.315798282623291 -2.709970474243164 -11.549819946289062
			vertex 2.709970474243164 -5.315798282623291 -11.549819946289062
		endloop
	endfacet
	facet normal 0.34122010164148125 -0.34122010164148125 -0.8758639645924216
		outer loop
			vertex 5.586961269378662 -5.586961269378662 -10.323358535766602
			vertex 2.709970474243164 -5.315798282623291 -11.549819946289062
			vertex 5.315798282623291 -2.709970474243164 -11.549819946289062
		endloop
	endfacet
	facet normal 0.49614944238465886 -0.3004921911907561 -0.8145797529123655
		outer loop
			vertex 5.315798282623291 -2.709970474243164 -11.549819946289062
			vertex 7.848972320556641 -2.756192445755005 -9.989847183227539
			vertex 5.586961269378662 -5.586961269378662 -10.323358535766602
		endloop
	endfacet
	facet normal 0.3143224844979182 -0.12050841056095524 -0.9416363941156525
		outer loop
			vertex 2.6303513050079346 -2.6303513050079346 -12.45642375946045
			vertex 4.974884510040283 7.960204409454693e-16 -12.0104341506958
			vertex 5.315798282623291 -2.709970474243164 -11.549819946289062
		endloop
	endfacet
	facet normal 0.28894279867003264 -0.0960417106496604 -0.9525166921961086
		outer loop
			vertex 2.5361742973327637 7.960204409454693e-16 -12.750208854675293
			vertex 4.974884510040283 7.960204409454693e-16 -12.0104341506958
			vertex 2.6303513050079346 -2.6303513050079346 -12.45642375946045
		endloop
	endfacet
	facet normal 0.46947398261633144 -0.09022914537236447 -0.878323904360876
		outer loop
			vertex 4.974884510040283 7.960204409454693e-16 -12.0104341506958
			vertex 7.222413063049316 7.960204409454693e-16 -10.809104919433594
			vertex 5.315798282623291 -2.709970474243164 -11.549819946289062
		endloop
	endfacet
	facet normal 0.5112124264257311 -0.6908861774097331 -0.5112124264257311
		outer loop
			vertex 8.264241218566895 -8.264241218566895 -5.692508220672607
			vertex 5.586961269378662 -10.323358535766602 -5.586961269378662
			vertex 5.692508220672607 -8.264241218566895 -8.264241218566895
		endloop
	endfacet
	facet normal 0.5112124264257311 -0.5112124264257311 -0.6908861774097331
		outer loop
			vertex 8.264241218566895 -5.692508220672607 -8.264241218566895
			vertex 5.692508220672607 -8.264241218566895 -8.264241218566895
			vertex 5.586961269378662 -5.586961269378662 -10.323358535766602
		endloop
	endfacet
	facet normal 0.5773502691896258 -0.5773502691896258 -0.5773502691896258
		outer loop
			vertex 8.264241218566895 -8.264241218566895 -5.692508220672607
			vertex 5.692508220672607 -8.264241218566895 -8.264241218566895
			vertex 8.264241218566895 -5.692508220672607 -8.264241218566895
		endloop
	endfacet
	facet normal 0.6908861774097331 -0.5112124264257311 -0.5112124264257311
		outer loop
			vertex 10.323358535766602 -5.586961269378662 -5.586961269378662
			vertex 8.264241218566895 -8.264241218566895 -5.692508220672607
			vertex 8.264241218566895 -5.692508220672607 -8.264241218566895
		endloop
	endfacet
	facet normal 0.5179100824314918 -0.8449657232841878 -0.13342440927594462
		outer loop
			vertex 7.222413063049316 -10.809104919433594 7.960204409454693e-16
			vertex 5.315798282623291 -11.549819946289062 -2.709970474243164
			vertex 7.848972320556641 -9.989847183227539 -2.756192445755005
		endloop
	endfacet
	facet normal 0.6320839401594903 -0.7701968444685529 -0.08524501957966825
		outer loop
			vertex 9.192388534545898 -9.192388534545898 7.960204409454693e-16
			vertex 7.222413063049316 -10.809104919433594 7.960204409454693e-16
			vertex 7.848972320556641 -9.989847183227539 -2.756192445755005
		endloop
	endfacet
	facet normal 0.5599464990663969 -0.7464738115682693 -0.3594951554972968
		outer loop
			vertex 7.848972320556641 -9.989847183227539 -2.756192445755005
			vertex 5.586961269378662 -10.323358535766602 -5.586961269378662
			vertex 8.264241218566895 -8.264241218566895 -5.692508220672607
		endloop
	endfacet
	facet normal 0.6743315335775277 -0.6743315335775277 -0.30092185970108487
		outer loop
			vertex 9.989847183227539 -7.848972320556641 -2.756192445755005
			vertex 7.848972320556641 -9.989847183227539 -2.756192445755005
			vertex 8.264241218566895 -8.264241218566895 -5.692508220672607
		endloop
	endfacet
	facet normal 0.7464738115682693 -0.5599464990663969 -0.3594951554972968
		outer loop
			vertex 9.989847183227539 -7.848972320556641 -2.756192445755005
			vertex 8.264241218566895 -8.264241218566895 -5.692508220672607
			vertex 10.323358535766602 -5.586961269378662 -5.586961269378662
		endloop
	endfacet
	facet normal 0.7002709667249567 -0.7002709667249567 -0.13871245915269897
		outer loop
			vertex 9.192388534545898 -9.192388534545898 7.960204409454693e-16
			vertex 7.848972320556641 -9.989847183227539 -2.756192445755005
			vertex 9.989847183227539 -7.848972320556641 -2.756192445755005
		endloop
	endfacet
	facet normal 0.8449657232841878 -0.5179100824314918 -0.13342440927594462
		outer loop
			vertex 10.809104919433594 -7.222413063049316 7.960204409454693e-16
			vertex 9.989847183227539 -7.848972320556641 -2.756192445755005
			vertex 11.549819946289062 -5.315798282623291 -2.709970474243164
		endloop
	endfacet
	facet normal 0.7701968444685529 -0.6320839401594903 -0.08524501957966825
		outer loop
			vertex 10.809104919433594 -7.222413063049316 7.960204409454693e-16
			vertex 9.192388534545898 -9.192388534545898 7.960204409454693e-16
			vertex 9.989847183227539 -7.848972320556641 -2.756192445755005
		endloop
	endfacet
	facet normal 0.5599464990663969 -0.3594951554972968 -0.7464738115682693
		outer loop
			vertex 8.264241218566895 -5.692508220672607 -8.264241218566895
			vertex 5.586961269378662 -5.586961269378662 -10.323358535766602
			vertex 7.848972320556641 -2.756192445755005 -9.989847183227539
		endloop
	endfacet
	facet normal 0.6743315335775277 -0.30092185970108487 -0.6743315335775277
		outer loop
			vertex 7.848972320556641 -2.756192445755005 -9.989847183227539
			vertex 9.989847183227539 -2.756192445755005 -7.848972320556641
			vertex 8.264241218566895 -5.692508220672607 -8.264241218566895
		endloop
	endfacet
	facet normal 0.7464738115682693 -0.3594951554972968 -0.5599464990663969
		outer loop
			vertex 10.323358535766602 -5.586961269378662 -5.586961269378662
			vertex 8.264241218566895 -5.692508220672607 -8.264241218566895
			vertex 9.989847183227539 -2.756192445755005 -7.848972320556641
		endloop
	endfacet
	facet normal 0.5179100824314918 -0.13342440927594462 -0.8449657232841878
		outer loop
			vertex 5.315798282623291 -2.709970474243164 -11.549819946289062
			vertex 7.222413063049316 7.960204409454693e-16 -10.809104919433594
			vertex 7.848972320556641 -2.756192445755005 -9.989847183227539
		endloop
	endfacet
	facet normal 0.6320839401594903 -0.08524501957966825 -0.7701968444685529
		outer loop
			vertex 7.222413063049316 7.960204409454693e-16 -10.809104919433594
			vertex 9.192388534545898 7.960204409454693e-16 -9.192388534545898
			vertex 7.848972320556641 -2.756192445755005 -9.989847183227539
		endloop
	endfacet
	facet normal 0.7002709667249567 -0.13871245915269897 -0.7002709667249567
		outer loop
			vertex 7.848972320556641 -2.756192445755005 -9.989847183227539
			vertex 9.192388534545898 7.960204409454693e-16 -9.192388534545898
			vertex 9.989847183227539 -2.756192445755005 -7.848972320556641
		endloop
	endfacet
	facet normal 0.8449657232841878 -0.13342440927594462 -0.5179100824314918
		outer loop
			vertex 9.989847183227539 -2.756192445755005 -7.848972320556641
			vertex 10.809104919433594 7.960204409454693e-16 -7.222413063049316
			vertex 11.549819946289062 -2.709970474243164 -5.315798282623291
		endloop
	endfacet
	facet normal 0.7701968444685529 -0.08524501957966825 -0.6320839401594903
		outer loop
			vertex 9.192388534545898 7.960204409454693e-16 -9.192388534545898
			vertex 10.809104919433594 7.960204409454693e-16 -7.222413063049316
			vertex 9.989847183227539 -2.756192445755005 -7.848972320556641
		endloop
	endfacet
	facet normal 0.8145797529123655 -0.49614944238465886 -0.3004921911907561
		outer loop
			vertex 11.549819946289062 -5.315798282623291 -2.709970474243164
			vertex 9.989847183227539 -7.848972320556641 -2.756192445755005
			vertex 10.323358535766602 -5.586961269378662 -5.586961269378662
		endloop
	endfacet
	facet normal 0.8145797529123655 -0.3004921911907561 -0.49614944238465886
		outer loop
			vertex 9.989847183227539 -2.756192445755005 -7.848972320556641
			vertex 11.549819946289062 -2.709970474243164 -5.315798282623291
			vertex 10.323358535766602 -5.586961269378662 -5.586961269378662
		endloop
	endfacet
	facet normal 0.8758639645924216 -0.34122010164148125 -0.34122010164148125
		outer loop
			vertex 11.549819946289062 -5.315798282623291 -2.709970474243164
			vertex 10.323358535766602 -5.586961269378662 -5.586961269378662
			vertex 11.549819946289062 -2.709970474243164 -5.315798282623291
		endloop
	endfacet
	facet normal 0.9072155458156438 -0.29745583994134644 -0.29745583994134644
		outer loop
			vertex 11.549819946289062 -2.709970474243164 -5.315798282623291
			vertex 12.45642375946045 -2.6303513050079346 -2.6303513050079346
			vertex 11.549819946289062 -5.315798282623291 -2.709970474243164
		endloop
	endfacet
	facet normal 0.878323904360876 -0.46947398261633144 -0.09022914537236447
		outer loop
			vertex 12.0104341506958 -4.974884510040283 7.960204409454693e-16
			vertex 10.809104919433594 -7.222413063049316 7.960204409454693e-16
			vertex 11.549819946289062 -5.315798282623291 -2.709970474243164
		endloop
	endfacet
	facet normal 0.9416363941156525 -0.31432248449791816 -0.12050841056095521
		outer loop
			vertex 12.0104341506958 -4.974884510040283 7.960204409454693e-16
			vertex 11.549819946289062 -5.315798282623291 -2.709970474243164
			vertex 12.45642375946045 -2.6303513050079346 -2.6303513050079346
		endloop
	endfacet
	facet normal 0.9525166921961086 -0.28894279867003264 -0.0960417106496604
		outer loop
			vertex 12.45642375946045 -2.6303513050079346 -2.6303513050079346
			vertex 12.750208854675293 -2.5361742973327637 7.960204409454693e-16
			vertex 12.0104341506958 -4.974884510040283 7.960204409454693e-16
		endloop
	endfacet
	facet normal 0.9416363941156525 -0.12050841056095524 -0.3143224844979182
		outer loop
			vertex 11.549819946289062 -2.709970474243164 -5.315798282623291
			vertex 12.0104341506958 7.960204409454693e-16 -4.974884510040283
			vertex 12.45642375946045 -2.6303513050079346 -2.6303513050079346
		endloop
	endfacet
	facet normal 0.878323904360876 -0.09022914537236447 -0.46947398261633144
		outer loop
			vertex 10.809104919433594 7.960204409454693e-16 -7.222413063049316
			vertex 12.0104341506958 7.960204409454693e-16 -4.974884510040283
			vertex 11.549819946289062 -2.709970474243164 -5.315798282623291
		endloop
	endfacet
	facet normal 0.9525166921961086 -0.0960417106496604 -0.28894279867003264
		outer loop
			vertex 12.0104341506958 7.960204409454693e-16 -4.974884510040283
			vertex 12.750208854675293 7.960204409454693e-16 -2.5361742973327637
			vertex 12.45642375946045 -2.6303513050079346 -2.6303513050079346
		endloop
	endfacet
	facet normal 0.9885716916512298 -0.10659739787120932 -0.10659739787120932
		outer loop
			vertex 12.45642375946045 -2.6303513050079346 -2.6303513050079346
			vertex 12.750208854675293 7.960204409454693e-16 -2.5361742973327637
			vertex 12.750208854675293 -2.5361742973327637 7.960204409454693e-16
		endloop
	endfacet
	facet normal 0.9904383672912219 -0.09754957867028101 -0.09754957867028101
		outer loop
			vertex 12.750208854675293 7.960204409454693e-16 -2.5361742973327637
			vertex 13 7.960204409454693e-16 7.960204409454693e-16
			vertex 12.750208854675293 -2.5361742973327637 7.960204409454693e-16
		endloop
	endfacet
	facet normal 0.09754957867028108 -0.9904383672912219 0.09754957867028108
		outer loop
			vertex 7.960204409454693e-16 -12.750208854675293 2.5361742973327637
			vertex 7.960204409454693e-16 -13 7.960204409454693e-16
			vertex 2.5361742973327637 -12.750208854675293 7.960204409454693e-16
		endloop
	endfacet
	facet normal 0.1065973978712094 -0.9885716916512299 0.1065973978712094
		outer loop
			vertex 7.960204409454693e-16 -12.750208854675293 2.5361742973327637
			vertex 2.5361742973327637 -12.750208854675293 7.960204409454693e-16
			vertex 2.6303513050079346 -12.45642375946045 2.6303513050079346
		endloop
	endfacet
	facet normal 0.09604171064966045 -0.9525166921961086 0.2889427986700326
		outer loop
			vertex 7.960204409454693e-16 -12.0104341506958 4.974884510040283
			vertex 7.960204409454693e-16 -12.750208854675293 2.5361742973327637
			vertex 2.6303513050079346 -12.45642375946045 2.6303513050079346
		endloop
	endfacet
	facet normal 0.09022914537236452 -0.878323904360876 0.46947398261633144
		outer loop
			vertex 7.960204409454693e-16 -10.809104919433594 7.222413063049316
			vertex 7.960204409454693e-16 -12.0104341506958 4.974884510040283
			vertex 2.709970474243164 -11.549819946289062 5.315798282623291
		endloop
	endfacet
	facet normal 0.12050841056095529 -0.9416363941156524 0.3143224844979181
		outer loop
			vertex 7.960204409454693e-16 -12.0104341506958 4.974884510040283
			vertex 2.6303513050079346 -12.45642375946045 2.6303513050079346
			vertex 2.709970474243164 -11.549819946289062 5.315798282623291
		endloop
	endfacet
	facet normal 0.2889427986700326 -0.9525166921961086 0.09604171064966045
		outer loop
			vertex 2.6303513050079346 -12.45642375946045 2.6303513050079346
			vertex 2.5361742973327637 -12.750208854675293 7.960204409454693e-16
			vertex 4.974884510040283 -12.0104341506958 7.960204409454693e-16
		endloop
	endfacet
	facet normal 0.3143224844979181 -0.9416363941156525 0.12050841056095529
		outer loop
			vertex 2.6303513050079346 -12.45642375946045 2.6303513050079346
			vertex 4.974884510040283 -12.0104341506958 7.960204409454693e-16
			vertex 5.315798282623291 -11.549819946289062 2.709970474243164
		endloop
	endfacet
	facet normal 0.46947398261633144 -0.878323904360876 0.09022914537236452
		outer loop
			vertex 5.315798282623291 -11.549819946289062 2.709970474243164
			vertex 4.974884510040283 -12.0104341506958 7.960204409454693e-16
			vertex 7.222413063049316 -10.809104919433594 7.960204409454693e-16
		endloop
	endfacet
	facet normal 0.29745583994134644 -0.9072155458156438 0.29745583994134644
		outer loop
			vertex 2.709970474243164 -11.549819946289062 5.315798282623291
			vertex 2.6303513050079346 -12.45642375946045 2.6303513050079346
			vertex 5.315798282623291 -11.549819946289062 2.709970474243164
		endloop
	endfacet
	facet normal 0.34122010164148125 -0.8758639645924216 0.34122010164148125
		outer loop
			vertex 2.709970474243164 -11.549819946289062 5.315798282623291
			vertex 5.315798282623291 -11.549819946289062 2.709970474243164
			vertex 5.586961269378662 -10.323358535766602 5.586961269378662
		endloop
	endfacet
	facet normal 0.3004921911907561 -0.8145797529123655 0.49614944238465886
		outer loop
			vertex 2.756192445755005 -9.989847183227539 7.848972320556641
			vertex 2.709970474243164 -11.549819946289062 5.315798282623291
			vertex 5.586961269378662 -10.323358535766602 5.586961269378662
		endloop
	endfacet
	facet normal 0.49614944238465886 -0.8145797529123655 0.3004921911907561
		outer loop
			vertex 5.586961269378662 -10.323358535766602 5.586961269378662
			vertex 5.315798282623291 -11.549819946289062 2.709970474243164
			vertex 7.848972320556641 -9.989847183227539 2.756192445755005
		endloop
	endfacet
	facet normal 0.08524501957966829 -0.7701968444685529 0.6320839401594902
		outer loop
			vertex 7.960204409454693e-16 -9.192388534545898 9.192388534545898
			vertex 7.960204409454693e-16 -10.809104919433594 7.222413063049316
			vertex 2.756192445755005 -9.989847183227539 7.848972320556641
		endloop
	endfacet
	facet normal 0.1334244092759447 -0.8449657232841877 0.5179100824314918
		outer loop
			vertex 7.960204409454693e-16 -10.809104919433594 7.222413063049316
			vertex 2.709970474243164 -11.549819946289062 5.315798282623291
			vertex 2.756192445755005 -9.989847183227539 7.848972320556641
		endloop
	endfacet
	facet normal 0.13871245915269909 -0.7002709667249567 0.7002709667249567
		outer loop
			vertex 7.960204409454693e-16 -9.192388534545898 9.192388534545898
			vertex 2.756192445755005 -9.989847183227539 7.848972320556641
			vertex 2.756192445755005 -7.848972320556641 9.989847183227539
		endloop
	endfacet
	facet normal 0.08524501957966829 -0.6320839401594902 0.7701968444685529
		outer loop
			vertex 7.960204409454693e-16 -7.222413063049316 10.809104919433594
			vertex 7.960204409454693e-16 -9.192388534545898 9.192388534545898
			vertex 2.756192445755005 -7.848972320556641 9.989847183227539
		endloop
	endfacet
	facet normal 0.1334244092759447 -0.5179100824314918 0.8449657232841877
		outer loop
			vertex 7.960204409454693e-16 -7.222413063049316 10.809104919433594
			vertex 2.756192445755005 -7.848972320556641 9.989847183227539
			vertex 2.709970474243164 -5.315798282623291 11.549819946289062
		endloop
	endfacet
	facet normal 0.3594951554972968 -0.7464738115682693 0.5599464990663969
		outer loop
			vertex 2.756192445755005 -9.989847183227539 7.848972320556641
			vertex 5.586961269378662 -10.323358535766602 5.586961269378662
			vertex 5.692508220672607 -8.264241218566895 8.264241218566895
		endloop
	endfacet
	facet normal 0.30092185970108487 -0.6743315335775277 0.6743315335775277
		outer loop
			vertex 2.756192445755005 -7.848972320556641 9.989847183227539
			vertex 2.756192445755005 -9.989847183227539 7.848972320556641
			vertex 5.692508220672607 -8.264241218566895 8.264241218566895
		endloop
	endfacet
	facet normal 0.3594951554972968 -0.5599464990663969 0.7464738115682693
		outer loop
			vertex 2.756192445755005 -7.848972320556641 9.989847183227539
			vertex 5.692508220672607 -8.264241218566895 8.264241218566895
			vertex 5.586961269378662 -5.586961269378662 10.323358535766602
		endloop
	endfacet
	facet normal 0.09022914537236452 -0.46947398261633144 0.878323904360876
		outer loop
			vertex 7.960204409454693e-16 -4.974884510040283 12.0104341506958
			vertex 7.960204409454693e-16 -7.222413063049316 10.809104919433594
			vertex 2.709970474243164 -5.315798282623291 11.549819946289062
		endloop
	endfacet
	facet normal 0.09604171064966045 -0.2889427986700326 0.9525166921961086
		outer loop
			vertex 2.6303513050079346 -2.6303513050079346 12.45642375946045
			vertex 7.960204409454693e-16 -2.5361742973327637 12.750208854675293
			vertex 7.960204409454693e-16 -4.974884510040283 12.0104341506958
		endloop
	endfacet
	facet normal 0.12050841056095529 -0.3143224844979181 0.9416363941156524
		outer loop
			vertex 7.960204409454693e-16 -4.974884510040283 12.0104341506958
			vertex 2.709970474243164 -5.315798282623291 11.549819946289062
			vertex 2.6303513050079346 -2.6303513050079346 12.45642375946045
		endloop
	endfacet
	facet normal 0.09754957867028108 -0.09754957867028102 0.9904383672912219
		outer loop
			vertex 2.5361742973327637 7.960204409454693e-16 12.750208854675293
			vertex 7.960204409454693e-16 7.960204409454693e-16 13
			vertex 7.960204409454693e-16 -2.5361742973327637 12.750208854675293
		endloop
	endfacet
	facet normal 0.10659739787120942 -0.10659739787120935 0.9885716916512299
		outer loop
			vertex 2.6303513050079346 -2.6303513050079346 12.45642375946045
			vertex 2.5361742973327637 7.960204409454693e-16 12.750208854675293
			vertex 7.960204409454693e-16 -2.5361742973327637 12.750208854675293
		endloop
	endfacet
	facet normal 0.3004921911907561 -0.49614944238465886 0.8145797529123655
		outer loop
			vertex 2.709970474243164 -5.315798282623291 11.549819946289062
			vertex 2.756192445755005 -7.848972320556641 9.989847183227539
			vertex 5.586961269378662 -5.586961269378662 10.323358535766602
		endloop
	endfacet
	facet normal 0.34122010164148125 -0.34122010164148125 0.8758639645924216
		outer loop
			vertex 2.709970474243164 -5.315798282623291 11.549819946289062
			vertex 5.586961269378662 -5.586961269378662 10.323358535766602
			vertex 5.315798282623291 -2.709970474243164 11.549819946289062
		endloop
	endfacet
	facet normal 0.29745583994134644 -0.29745583994134644 0.9072155458156438
		outer loop
			vertex 5.315798282623291 -2.709970474243164 11.549819946289062
			vertex 2.6303513050079346 -2.6303513050079346 12.45642375946045
			vertex 2.709970474243164 -5.315798282623291 11.549819946289062
		endloop
	endfacet
	facet normal 0.49614944238465886 -0.3004921911907561 0.8145797529123655
		outer loop
			vertex 7.848972320556641 -2.756192445755005 9.989847183227539
			vertex 5.315798282623291 -2.709970474243164 11.549819946289062
			vertex 5.586961269378662 -5.586961269378662 10.323358535766602
		endloop
	endfacet
	facet normal 0.3143224844979182 -0.12050841056095524 0.9416363941156525
		outer loop
			vertex 5.315798282623291 -2.709970474243164 11.549819946289062
			vertex 4.974884510040283 7.960204409454693e-16 12.0104341506958
			vertex 2.6303513050079346 -2.6303513050079346 12.45642375946045
		endloop
	endfacet
	facet normal 0.28894279867003264 -0.0960417106496604 0.9525166921961086
		outer loop
			vertex 4.974884510040283 7.960204409454693e-16 12.0104341506958
			vertex 2.5361742973327637 7.960204409454693e-16 12.750208854675293
			vertex 2.6303513050079346 -2.6303513050079346 12.45642375946045
		endloop
	endfacet
	facet normal 0.46947398261633144 -0.09022914537236447 0.878323904360876
		outer loop
			vertex 7.222413063049316 7.960204409454693e-16 10.809104919433594
			vertex 4.974884510040283 7.960204409454693e-16 12.0104341506958
			vertex 5.315798282623291 -2.709970474243164 11.549819946289062
		endloop
	endfacet
	facet normal 0.6320839401594902 -0.7701968444685527 0.08524501957966829
		outer loop
			vertex 7.848972320556641 -9.989847183227539 2.756192445755005
			vertex 7.222413063049316 -10.809104919433594 7.960204409454693e-16
			vertex 9.192388534545898 -9.192388534545898 7.960204409454693e-16
		endloop
	endfacet
	facet normal 0.5179100824314918 -0.8449657232841877 0.1334244092759447
		outer loop
			vertex 5.315798282623291 -11.549819946289062 2.709970474243164
			vertex 7.222413063049316 -10.809104919433594 7.960204409454693e-16
			vertex 7.848972320556641 -9.989847183227539 2.756192445755005
		endloop
	endfacet
	facet normal 0.7002709667249567 -0.7002709667249567 0.13871245915269909
		outer loop
			vertex 7.848972320556641 -9.989847183227539 2.756192445755005
			vertex 9.192388534545898 -9.192388534545898 7.960204409454693e-16
			vertex 9.989847183227539 -7.848972320556641 2.756192445755005
		endloop
	endfacet
	facet normal 0.5599464990663969 -0.7464738115682693 0.3594951554972968
		outer loop
			vertex 5.586961269378662 -10.323358535766602 5.586961269378662
			vertex 7.848972320556641 -9.989847183227539 2.756192445755005
			vertex 8.264241218566895 -8.264241218566895 5.692508220672607
		endloop
	endfacet
	facet normal 0.6743315335775277 -0.6743315335775277 0.30092185970108487
		outer loop
			vertex 8.264241218566895 -8.264241218566895 5.692508220672607
			vertex 7.848972320556641 -9.989847183227539 2.756192445755005
			vertex 9.989847183227539 -7.848972320556641 2.756192445755005
		endloop
	endfacet
	facet normal 0.7464738115682693 -0.5599464990663969 0.3594951554972968
		outer loop
			vertex 8.264241218566895 -8.264241218566895 5.692508220672607
			vertex 9.989847183227539 -7.848972320556641 2.756192445755005
			vertex 10.323358535766602 -5.586961269378662 5.586961269378662
		endloop
	endfacet
	facet normal 0.7701968444685527 -0.6320839401594902 0.08524501957966829
		outer loop
			vertex 9.989847183227539 -7.848972320556641 2.756192445755005
			vertex 9.192388534545898 -9.192388534545898 7.960204409454693e-16
			vertex 10.809104919433594 -7.222413063049316 7.960204409454693e-16
		endloop
	endfacet
	facet normal 0.8449657232841877 -0.5179100824314918 0.1334244092759447
		outer loop
			vertex 9.989847183227539 -7.848972320556641 2.756192445755005
			vertex 10.809104919433594 -7.222413063049316 7.960204409454693e-16
			vertex 11.549819946289062 -5.315798282623291 2.709970474243164
		endloop
	endfacet
	facet normal 0.5112124264257311 -0.6908861774097331 0.5112124264257311
		outer loop
			vertex 5.692508220672607 -8.264241218566895 8.264241218566895
			vertex 5.586961269378662 -10.323358535766602 5.586961269378662
			vertex 8.264241218566895 -8.264241218566895 5.692508220672607
		endloop
	endfacet
	facet normal 0.5773502691896258 -0.5773502691896258 0.5773502691896258
		outer loop
			vertex 5.692508220672607 -8.264241218566895 8.264241218566895
			vertex 8.264241218566895 -8.264241218566895 5.692508220672607
			vertex 8.264241218566895 -5.692508220672607 8.264241218566895
		endloop
	endfacet
	facet normal 0.5112124264257311 -0.5112124264257311 0.6908861774097331
		outer loop
			vertex 5.586961269378662 -5.586961269378662 10.323358535766602
			vertex 5.692508220672607 -8.264241218566895 8.264241218566895
			vertex 8.264241218566895 -5.692508220672607 8.264241218566895
		endloop
	endfacet
	facet normal 0.6908861774097331 -0.5112124264257311 0.5112124264257311
		outer loop
			vertex 8.264241218566895 -5.692508220672607 8.264241218566895
			vertex 8.264241218566895 -8.264241218566895 5.692508220672607
			vertex 10.323358535766602 -5.586961269378662 5.586961269378662
		endloop
	endfacet
	facet normal 0.878323904360876 -0.46947398261633144 0.09022914537236452
		outer loop
			vertex 11.549819946289062 -5.315798282623291 2.709970474243164
			vertex 10.809104919433594 -7.222413063049316 7.960204409454693e-16
			vertex 12.0104341506958 -4.974884510040283 7.960204409454693e-16
		endloop
	endfacet
	facet normal 0.9525166921961086 -0.2889427986700326 0.09604171064966045
		outer loop
			vertex 12.750208854675293 -2.5361742973327637 7.960204409454693e-16
			vertex 12.45642375946045 -2.6303513050079346 2.6303513050079346
			vertex 12.0104341506958 -4.974884510040283 7.960204409454693e-16
		endloop
	endfacet
	facet normal 0.9416363941156525 -0.3143224844979181 0.12050841056095529
		outer loop
			vertex 11.549819946289062 -5.315798282623291 2.709970474243164
			vertex 12.0104341506958 -4.974884510040283 7.960204409454693e-16
			vertex 12.45642375946045 -2.6303513050079346 2.6303513050079346
		endloop
	endfacet
	facet normal 0.8145797529123655 -0.49614944238465886 0.3004921911907561
		outer loop
			vertex 10.323358535766602 -5.586961269378662 5.586961269378662
			vertex 9.989847183227539 -7.848972320556641 2.756192445755005
			vertex 11.549819946289062 -5.315798282623291 2.709970474243164
		endloop
	endfacet
	facet normal 0.8758639645924216 -0.34122010164148125 0.34122010164148125
		outer loop
			vertex 10.323358535766602 -5.586961269378662 5.586961269378662
			vertex 11.549819946289062 -5.315798282623291 2.709970474243164
			vertex 11.549819946289062 -2.709970474243164 5.315798282623291
		endloop
	endfacet
	facet normal 0.8145797529123655 -0.3004921911907561 0.49614944238465886
		outer loop
			vertex 11.549819946289062 -2.709970474243164 5.315798282623291
			vertex 9.989847183227539 -2.756192445755005 7.848972320556641
			vertex 10.323358535766602 -5.586961269378662 5.586961269378662
		endloop
	endfacet
	facet normal 0.9072155458156438 -0.29745583994134644 0.29745583994134644
		outer loop
			vertex 12.45642375946045 -2.6303513050079346 2.6303513050079346
			vertex 11.549819946289062 -2.709970474243164 5.315798282623291
			vertex 11.549819946289062 -5.315798282623291 2.709970474243164
		endloop
	endfacet
	facet normal 0.9885716916512299 -0.10659739787120935 0.10659739787120942
		outer loop
			vertex 12.750208854675293 -2.5361742973327637 7.960204409454693e-16
			vertex 12.750208854675293 7.960204409454693e-16 2.5361742973327637
			vertex 12.45642375946045 -2.6303513050079346 2.6303513050079346
		endloop
	endfacet
	facet normal 0.9904383672912219 -0.09754957867028102 0.09754957867028108
		outer loop
			vertex 12.750208854675293 -2.5361742973327637 7.960204409454693e-16
			vertex 13 7.960204409454693e-16 7.960204409454693e-16
			vertex 12.750208854675293 7.960204409454693e-16 2.5361742973327637
		endloop
	endfacet
	facet normal 0.9416363941156525 -0.12050841056095524 0.3143224844979182
		outer loop
			vertex 12.45642375946045 -2.6303513050079346 2.6303513050079346
			vertex 12.0104341506958 7.960204409454693e-16 4.974884510040283
			vertex 11.549819946289062 -2.709970474243164 5.315798282623291
		endloop
	endfacet
	facet normal 0.9525166921961086 -0.0960417106496604 0.28894279867003264
		outer loop
			vertex 12.750208854675293 7.960204409454693e-16 2.5361742973327637
			vertex 12.0104341506958 7.960204409454693e-16 4.974884510040283
			vertex 12.45642375946045 -2.6303513050079346 2.6303513050079346
		endloop
	endfacet
	facet normal 0.878323904360876 -0.09022914537236447 0.46947398261633144
		outer loop
			vertex 12.0104341506958 7.960204409454693e-16 4.974884510040283
			vertex 10.809104919433594 7.960204409454693e-16 7.222413063049316
			vertex 11.549819946289062 -2.709970474243164 5.315798282623291
		endloop
	endfacet
	facet normal 0.5599464990663969 -0.3594951554972968 0.7464738115682693
		outer loop
			vertex 5.586961269378662 -5.586961269378662 10.323358535766602
			vertex 8.264241218566895 -5.692508220672607 8.264241218566895
			vertex 7.848972320556641 -2.756192445755005 9.989847183227539
		endloop
	endfacet
	facet normal 0.7464738115682693 -0.3594951554972968 0.5599464990663969
		outer loop
			vertex 8.264241218566895 -5.692508220672607 8.264241218566895
			vertex 10.323358535766602 -5.586961269378662 5.586961269378662
			vertex 9.989847183227539 -2.756192445755005 7.848972320556641
		endloop
	endfacet
	facet normal 0.6743315335775277 -0.30092185970108487 0.6743315335775277
		outer loop
			vertex 9.989847183227539 -2.756192445755005 7.848972320556641
			vertex 7.848972320556641 -2.756192445755005 9.989847183227539
			vertex 8.264241218566895 -5.692508220672607 8.264241218566895
		endloop
	endfacet
	facet normal 0.7002709667249567 -0.13871245915269897 0.7002709667249567
		outer loop
			vertex 9.989847183227539 -2.756192445755005 7.848972320556641
			vertex 9.192388534545898 7.960204409454693e-16 9.192388534545898
			vertex 7.848972320556641 -2.756192445755005 9.989847183227539
		endloop
	endfacet
	facet normal 0.5179100824314918 -0.13342440927594462 0.8449657232841878
		outer loop
			vertex 7.848972320556641 -2.756192445755005 9.989847183227539
			vertex 7.222413063049316 7.960204409454693e-16 10.809104919433594
			vertex 5.315798282623291 -2.709970474243164 11.549819946289062
		endloop
	endfacet
	facet normal 0.6320839401594903 -0.08524501957966825 0.7701968444685529
		outer loop
			vertex 9.192388534545898 7.960204409454693e-16 9.192388534545898
			vertex 7.222413063049316 7.960204409454693e-16 10.809104919433594
			vertex 7.848972320556641 -2.756192445755005 9.989847183227539
		endloop
	endfacet
	facet normal 0.8449657232841878 -0.13342440927594462 0.5179100824314918
		outer loop
			vertex 11.549819946289062 -2.709970474243164 5.315798282623291
			vertex 10.809104919433594 7.960204409454693e-16 7.222413063049316
			vertex 9.989847183227539 -2.756192445755005 7.848972320556641
		endloop
	endfacet
	facet normal 0.7701968444685529 -0.08524501957966825 0.6320839401594903
		outer loop
			vertex 10.809104919433594 7.960204409454693e-16 7.222413063049316
			vertex 9.192388534545898 7.960204409454693e-16 9.192388534545898
			vertex 9.989847183227539 -2.756192445755005 7.848972320556641
		endloop
	endfacet
	facet normal 0.09754957867028109 0.09754957867028109 -0.990438367291222
		outer loop
			vertex 2.5361742973327637 7.960204409454693e-16 -12.750208854675293
			vertex 7.960204409454693e-16 7.960204409454693e-16 -13
			vertex 7.960204409454693e-16 2.5361742973327637 -12.750208854675293
		endloop
	endfacet
	facet normal 0.1065973978712094 0.1065973978712094 -0.9885716916512299
		outer loop
			vertex 2.5361742973327637 7.960204409454693e-16 -12.750208854675293
			vertex 7.960204409454693e-16 2.5361742973327637 -12.750208854675293
			vertex 2.6303513050079346 2.6303513050079346 -12.45642375946045
		endloop
	endfacet
	facet normal 0.09604171064966045 0.2889427986700326 -0.9525166921961086
		outer loop
			vertex 7.960204409454693e-16 2.5361742973327637 -12.750208854675293
			vertex 7.960204409454693e-16 4.974884510040283 -12.0104341506958
			vertex 2.6303513050079346 2.6303513050079346 -12.45642375946045
		endloop
	endfacet
	facet normal 0.09022914537236452 0.46947398261633144 -0.878323904360876
		outer loop
			vertex 7.960204409454693e-16 4.974884510040283 -12.0104341506958
			vertex 7.960204409454693e-16 7.222413063049316 -10.809104919433594
			vertex 2.709970474243164 5.315798282623291 -11.549819946289062
		endloop
	endfacet
	facet normal 0.12050841056095529 0.3143224844979181 -0.9416363941156525
		outer loop
			vertex 2.6303513050079346 2.6303513050079346 -12.45642375946045
			vertex 7.960204409454693e-16 4.974884510040283 -12.0104341506958
			vertex 2.709970474243164 5.315798282623291 -11.549819946289062
		endloop
	endfacet
	facet normal 0.2889427986700326 0.09604171064966045 -0.9525166921961086
		outer loop
			vertex 2.5361742973327637 7.960204409454693e-16 -12.750208854675293
			vertex 2.6303513050079346 2.6303513050079346 -12.45642375946045
			vertex 4.974884510040283 7.960204409454693e-16 -12.0104341506958
		endloop
	endfacet
	facet normal 0.3143224844979181 0.12050841056095529 -0.9416363941156525
		outer loop
			vertex 5.315798282623291 2.709970474243164 -11.549819946289062
			vertex 4.974884510040283 7.960204409454693e-16 -12.0104341506958
			vertex 2.6303513050079346 2.6303513050079346 -12.45642375946045
		endloop
	endfacet
	facet normal 0.46947398261633144 0.09022914537236452 -0.878323904360876
		outer loop
			vertex 5.315798282623291 2.709970474243164 -11.549819946289062
			vertex 7.222413063049316 7.960204409454693e-16 -10.809104919433594
			vertex 4.974884510040283 7.960204409454693e-16 -12.0104341506958
		endloop
	endfacet
	facet normal 0.29745583994134644 0.29745583994134644 -0.9072155458156438
		outer loop
			vertex 2.6303513050079346 2.6303513050079346 -12.45642375946045
			vertex 2.709970474243164 5.315798282623291 -11.549819946289062
			vertex 5.315798282623291 2.709970474243164 -11.549819946289062
		endloop
	endfacet
	facet normal 0.34122010164148125 0.34122010164148125 -0.8758639645924216
		outer loop
			vertex 5.586961269378662 5.586961269378662 -10.323358535766602
			vertex 5.315798282623291 2.709970474243164 -11.549819946289062
			vertex 2.709970474243164 5.315798282623291 -11.549819946289062
		endloop
	endfacet
	facet normal 0.3004921911907561 0.49614944238465886 -0.8145797529123655
		outer loop
			vertex 2.709970474243164 5.315798282623291 -11.549819946289062
			vertex 2.756192445755005 7.848972320556641 -9.989847183227539
			vertex 5.586961269378662 5.586961269378662 -10.323358535766602
		endloop
	endfacet
	facet normal 0.49614944238465886 0.3004921911907561 -0.8145797529123655
		outer loop
			vertex 5.586961269378662 5.586961269378662 -10.323358535766602
			vertex 7.848972320556641 2.756192445755005 -9.989847183227539
			vertex 5.315798282623291 2.709970474243164 -11.549819946289062
		endloop
	endfacet
	facet normal 0.08524501957966829 0.6320839401594902 -0.7701968444685529
		outer loop
			vertex 7.960204409454693e-16 7.222413063049316 -10.809104919433594
			vertex 7.960204409454693e-16 9.192388534545898 -9.192388534545898
			vertex 2.756192445755005 7.848972320556641 -9.989847183227539
		endloop
	endfacet
	facet normal 0.1334244092759447 0.5179100824314918 -0.8449657232841877
		outer loop
			vertex 2.709970474243164 5.315798282623291 -11.549819946289062
			vertex 7.960204409454693e-16 7.222413063049316 -10.809104919433594
			vertex 2.756192445755005 7.848972320556641 -9.989847183227539
		endloop
	endfacet
	facet normal 0.13871245915269909 0.7002709667249567 -0.7002709667249567
		outer loop
			vertex 2.756192445755005 7.848972320556641 -9.989847183227539
			vertex 7.960204409454693e-16 9.192388534545898 -9.192388534545898
			vertex 2.756192445755005 9.989847183227539 -7.848972320556641
		endloop
	endfacet
	facet normal 0.08524501957966829 0.7701968444685529 -0.6320839401594902
		outer loop
			vertex 7.960204409454693e-16 9.192388534545898 -9.192388534545898
			vertex 7.960204409454693e-16 10.809104919433594 -7.222413063049316
			vertex 2.756192445755005 9.989847183227539 -7.848972320556641
		endloop
	endfacet
	facet normal 0.1334244092759447 0.8449657232841877 -0.5179100824314918
		outer loop
			vertex 2.756192445755005 9.989847183227539 -7.848972320556641
			vertex 7.960204409454693e-16 10.809104919433594 -7.222413063049316
			vertex 2.709970474243164 11.549819946289062 -5.315798282623291
		endloop
	endfacet
	facet normal 0.3594951554972968 0.5599464990663969 -0.7464738115682693
		outer loop
			vertex 5.692508220672607 8.264241218566895 -8.264241218566895
			vertex 5.586961269378662 5.586961269378662 -10.323358535766602
			vertex 2.756192445755005 7.848972320556641 -9.989847183227539
		endloop
	endfacet
	facet normal 0.30092185970108487 0.6743315335775277 -0.6743315335775277
		outer loop
			vertex 2.756192445755005 7.848972320556641 -9.989847183227539
			vertex 2.756192445755005 9.989847183227539 -7.848972320556641
			vertex 5.692508220672607 8.264241218566895 -8.264241218566895
		endloop
	endfacet
	facet normal 0.3594951554972968 0.7464738115682693 -0.5599464990663969
		outer loop
			vertex 5.586961269378662 10.323358535766602 -5.586961269378662
			vertex 5.692508220672607 8.264241218566895 -8.264241218566895
			vertex 2.756192445755005 9.989847183227539 -7.848972320556641
		endloop
	endfacet
	facet normal 0.09022914537236452 0.878323904360876 -0.46947398261633144
		outer loop
			vertex 7.960204409454693e-16 10.809104919433594 -7.222413063049316
			vertex 7.960204409454693e-16 12.0104341506958 -4.974884510040283
			vertex 2.709970474243164 11.549819946289062 -5.315798282623291
		endloop
	endfacet
	facet normal 0.09604171064966045 0.9525166921961086 -0.2889427986700326
		outer loop
			vertex 7.960204409454693e-16 12.0104341506958 -4.974884510040283
			vertex 7.960204409454693e-16 12.750208854675293 -2.5361742973327637
			vertex 2.6303513050079346 12.45642375946045 -2.6303513050079346
		endloop
	endfacet
	facet normal 0.12050841056095529 0.9416363941156525 -0.3143224844979181
		outer loop
			vertex 2.709970474243164 11.549819946289062 -5.315798282623291
			vertex 7.960204409454693e-16 12.0104341506958 -4.974884510040283
			vertex 2.6303513050079346 12.45642375946045 -2.6303513050079346
		endloop
	endfacet
	facet normal 0.09754957867028108 0.9904383672912219 -0.09754957867028102
		outer loop
			vertex 7.960204409454693e-16 12.750208854675293 -2.5361742973327637
			vertex 7.960204409454693e-16 13 7.960204409454693e-16
			vertex 2.5361742973327637 12.750208854675293 7.960204409454693e-16
		endloop
	endfacet
	facet normal 0.10659739787120942 0.9885716916512299 -0.10659739787120935
		outer loop
			vertex 2.6303513050079346 12.45642375946045 -2.6303513050079346
			vertex 7.960204409454693e-16 12.750208854675293 -2.5361742973327637
			vertex 2.5361742973327637 12.750208854675293 7.960204409454693e-16
		endloop
	endfacet
	facet normal 0.3004921911907561 0.8145797529123655 -0.49614944238465886
		outer loop
			vertex 2.756192445755005 9.989847183227539 -7.848972320556641
			vertex 2.709970474243164 11.549819946289062 -5.315798282623291
			vertex 5.586961269378662 10.323358535766602 -5.586961269378662
		endloop
	endfacet
	facet normal 0.34122010164148125 0.8758639645924216 -0.34122010164148125
		outer loop
			vertex 5.315798282623291 11.549819946289062 -2.709970474243164
			vertex 5.586961269378662 10.323358535766602 -5.586961269378662
			vertex 2.709970474243164 11.549819946289062 -5.315798282623291
		endloop
	endfacet
	facet normal 0.29745583994134644 0.9072155458156438 -0.29745583994134644
		outer loop
			vertex 2.709970474243164 11.549819946289062 -5.315798282623291
			vertex 2.6303513050079346 12.45642375946045 -2.6303513050079346
			vertex 5.315798282623291 11.549819946289062 -2.709970474243164
		endloop
	endfacet
	facet normal 0.49614944238465886 0.8145797529123655 -0.3004921911907561
		outer loop
			vertex 5.315798282623291 11.549819946289062 -2.709970474243164
			vertex 7.848972320556641 9.989847183227539 -2.756192445755005
			vertex 5.586961269378662 10.323358535766602 -5.586961269378662
		endloop
	endfacet
	facet normal 0.31432248449791816 0.9416363941156525 -0.12050841056095521
		outer loop
			vertex 4.974884510040283 12.0104341506958 7.960204409454693e-16
			vertex 5.315798282623291 11.549819946289062 -2.709970474243164
			vertex 2.6303513050079346 12.45642375946045 -2.6303513050079346
		endloop
	endfacet
	facet normal 0.28894279867003264 0.9525166921961086 -0.0960417106496604
		outer loop
			vertex 2.6303513050079346 12.45642375946045 -2.6303513050079346
			vertex 2.5361742973327637 12.750208854675293 7.960204409454693e-16
			vertex 4.974884510040283 12.0104341506958 7.960204409454693e-16
		endloop
	endfacet
	facet normal 0.46947398261633144 0.878323904360876 -0.09022914537236447
		outer loop
			vertex 4.974884510040283 12.0104341506958 7.960204409454693e-16
			vertex 7.222413063049316 10.809104919433594 7.960204409454693e-16
			vertex 5.315798282623291 11.549819946289062 -2.709970474243164
		endloop
	endfacet
	facet normal 0.6320839401594902 0.08524501957966829 -0.7701968444685529
		outer loop
			vertex 7.848972320556641 2.756192445755005 -9.989847183227539
			vertex 9.192388534545898 7.960204409454693e-16 -9.192388534545898
			vertex 7.222413063049316 7.960204409454693e-16 -10.809104919433594
		endloop
	endfacet
	facet normal 0.5179100824314918 0.1334244092759447 -0.8449657232841877
		outer loop
			vertex 7.848972320556641 2.756192445755005 -9.989847183227539
			vertex 7.222413063049316 7.960204409454693e-16 -10.809104919433594
			vertex 5.315798282623291 2.709970474243164 -11.549819946289062
		endloop
	endfacet
	facet normal 0.7002709667249567 0.13871245915269909 -0.7002709667249567
		outer loop
			vertex 9.989847183227539 2.756192445755005 -7.848972320556641
			vertex 9.192388534545898 7.960204409454693e-16 -9.192388534545898
			vertex 7.848972320556641 2.756192445755005 -9.989847183227539
		endloop
	endfacet
	facet normal 0.5599464990663969 0.3594951554972968 -0.7464738115682693
		outer loop
			vertex 8.264241218566895 5.692508220672607 -8.264241218566895
			vertex 7.848972320556641 2.756192445755005 -9.989847183227539
			vertex 5.586961269378662 5.586961269378662 -10.323358535766602
		endloop
	endfacet
	facet normal 0.6743315335775277 0.30092185970108487 -0.6743315335775277
		outer loop
			vertex 8.264241218566895 5.692508220672607 -8.264241218566895
			vertex 9.989847183227539 2.756192445755005 -7.848972320556641
			vertex 7.848972320556641 2.756192445755005 -9.989847183227539
		endloop
	endfacet
	facet normal 0.7464738115682693 0.3594951554972968 -0.5599464990663969
		outer loop
			vertex 10.323358535766602 5.586961269378662 -5.586961269378662
			vertex 9.989847183227539 2.756192445755005 -7.848972320556641
			vertex 8.264241218566895 5.692508220672607 -8.264241218566895
		endloop
	endfacet
	facet normal 0.7701968444685529 0.08524501957966829 -0.6320839401594902
		outer loop
			vertex 9.989847183227539 2.756192445755005 -7.848972320556641
			vertex 10.809104919433594 7.960204409454693e-16 -7.222413063049316
			vertex 9.192388534545898 7.960204409454693e-16 -9.192388534545898
		endloop
	endfacet
	facet normal 0.8449657232841877 0.1334244092759447 -0.5179100824314918
		outer loop
			vertex 11.549819946289062 2.709970474243164 -5.315798282623291
			vertex 10.809104919433594 7.960204409454693e-16 -7.222413063049316
			vertex 9.989847183227539 2.756192445755005 -7.848972320556641
		endloop
	endfacet
	facet normal 0.878323904360876 0.09022914537236452 -0.46947398261633144
		outer loop
			vertex 11.549819946289062 2.709970474243164 -5.315798282623291
			vertex 12.0104341506958 7.960204409454693e-16 -4.974884510040283
			vertex 10.809104919433594 7.960204409454693e-16 -7.222413063049316
		endloop
	endfacet
	facet normal 0.9525166921961086 0.09604171064966045 -0.2889427986700326
		outer loop
			vertex 12.45642375946045 2.6303513050079346 -2.6303513050079346
			vertex 12.750208854675293 7.960204409454693e-16 -2.5361742973327637
			vertex 12.0104341506958 7.960204409454693e-16 -4.974884510040283
		endloop
	endfacet
	facet normal 0.9416363941156525 0.12050841056095529 -0.3143224844979181
		outer loop
			vertex 12.45642375946045 2.6303513050079346 -2.6303513050079346
			vertex 12.0104341506958 7.960204409454693e-16 -4.974884510040283
			vertex 11.549819946289062 2.709970474243164 -5.315798282623291
		endloop
	endfacet
	facet normal 0.9904383672912219 0.09754957867028108 -0.09754957867028102
		outer loop
			vertex 12.750208854675293 2.5361742973327637 7.960204409454693e-16
			vertex 13 7.960204409454693e-16 7.960204409454693e-16
			vertex 12.750208854675293 7.960204409454693e-16 -2.5361742973327637
		endloop
	endfacet
	facet normal 0.9885716916512299 0.10659739787120942 -0.10659739787120935
		outer loop
			vertex 12.750208854675293 2.5361742973327637 7.960204409454693e-16
			vertex 12.750208854675293 7.960204409454693e-16 -2.5361742973327637
			vertex 12.45642375946045 2.6303513050079346 -2.6303513050079346
		endloop
	endfacet
	facet normal 0.8145797529123655 0.3004921911907561 -0.49614944238465886
		outer loop
			vertex 10.323358535766602 5.586961269378662 -5.586961269378662
			vertex 11.549819946289062 2.709970474243164 -5.315798282623291
			vertex 9.989847183227539 2.756192445755005 -7.848972320556641
		endloop
	endfacet
	facet normal 0.8758639645924216 0.34122010164148125 -0.34122010164148125
		outer loop
			vertex 11.549819946289062 5.315798282623291 -2.709970474243164
			vertex 11.549819946289062 2.709970474243164 -5.315798282623291
			vertex 10.323358535766602 5.586961269378662 -5.586961269378662
		endloop
	endfacet
	facet normal 0.8145797529123655 0.49614944238465886 -0.3004921911907561
		outer loop
			vertex 9.989847183227539 7.848972320556641 -2.756192445755005
			vertex 11.549819946289062 5.315798282623291 -2.709970474243164
			vertex 10.323358535766602 5.586961269378662 -5.586961269378662
		endloop
	endfacet
	facet normal 0.9072155458156438 0.29745583994134644 -0.29745583994134644
		outer loop
			vertex 11.549819946289062 5.315798282623291 -2.709970474243164
			vertex 12.45642375946045 2.6303513050079346 -2.6303513050079346
			vertex 11.549819946289062 2.709970474243164 -5.315798282623291
		endloop
	endfacet
	facet normal 0.9416363941156525 0.31432248449791816 -0.12050841056095521
		outer loop
			vertex 12.0104341506958 4.974884510040283 7.960204409454693e-16
			vertex 12.45642375946045 2.6303513050079346 -2.6303513050079346
			vertex 11.549819946289062 5.315798282623291 -2.709970474243164
		endloop
	endfacet
	facet normal 0.9525166921961086 0.28894279867003264 -0.0960417106496604
		outer loop
			vertex 12.0104341506958 4.974884510040283 7.960204409454693e-16
			vertex 12.750208854675293 2.5361742973327637 7.960204409454693e-16
			vertex 12.45642375946045 2.6303513050079346 -2.6303513050079346
		endloop
	endfacet
	facet normal 0.878323904360876 0.46947398261633144 -0.09022914537236447
		outer loop
			vertex 10.809104919433594 7.222413063049316 7.960204409454693e-16
			vertex 12.0104341506958 4.974884510040283 7.960204409454693e-16
			vertex 11.549819946289062 5.315798282623291 -2.709970474243164
		endloop
	endfacet
	facet normal 0.5112124264257311 0.5112124264257311 -0.6908861774097331
		outer loop
			vertex 5.692508220672607 8.264241218566895 -8.264241218566895
			vertex 8.264241218566895 5.692508220672607 -8.264241218566895
			vertex 5.586961269378662 5.586961269378662 -10.323358535766602
		endloop
	endfacet
	facet normal 0.5773502691896258 0.5773502691896258 -0.5773502691896258
		outer loop
			vertex 8.264241218566895 8.264241218566895 -5.692508220672607
			vertex 8.264241218566895 5.692508220672607 -8.264241218566895
			vertex 5.692508220672607 8.264241218566895 -8.264241218566895
		endloop
	endfacet
	facet normal 0.5112124264257311 0.6908861774097331 -0.5112124264257311
		outer loop
			vertex 5.586961269378662 10.323358535766602 -5.586961269378662
			vertex 8.264241218566895 8.264241218566895 -5.692508220672607
			vertex 5.692508220672607 8.264241218566895 -8.264241218566895
		endloop
	endfacet
	facet normal 0.6908861774097331 0.5112124264257311 -0.5112124264257311
		outer loop
			vertex 8.264241218566895 8.264241218566895 -5.692508220672607
			vertex 10.323358535766602 5.586961269378662 -5.586961269378662
			vertex 8.264241218566895 5.692508220672607 -8.264241218566895
		endloop
	endfacet
	facet normal 0.5599464990663969 0.7464738115682693 -0.3594951554972968
		outer loop
			vertex 7.848972320556641 9.989847183227539 -2.756192445755005
			vertex 8.264241218566895 8.264241218566895 -5.692508220672607
			vertex 5.586961269378662 10.323358535766602 -5.586961269378662
		endloop
	endfacet
	facet normal 0.7464738115682693 0.5599464990663969 -0.3594951554972968
		outer loop
			vertex 9.989847183227539 7.848972320556641 -2.756192445755005
			vertex 10.323358535766602 5.586961269378662 -5.586961269378662
			vertex 8.264241218566895 8.264241218566895 -5.692508220672607
		endloop
	endfacet
	facet normal 0.6743315335775277 0.6743315335775277 -0.30092185970108487
		outer loop
			vertex 7.848972320556641 9.989847183227539 -2.756192445755005
			vertex 9.989847183227539 7.848972320556641 -2.756192445755005
			vertex 8.264241218566895 8.264241218566895 -5.692508220672607
		endloop
	endfacet
	facet normal 0.7002709667249567 0.7002709667249567 -0.13871245915269897
		outer loop
			vertex 9.192388534545898 9.192388534545898 7.960204409454693e-16
			vertex 9.989847183227539 7.848972320556641 -2.756192445755005
			vertex 7.848972320556641 9.989847183227539 -2.756192445755005
		endloop
	endfacet
	facet normal 0.5179100824314918 0.8449657232841878 -0.13342440927594462
		outer loop
			vertex 7.222413063049316 10.809104919433594 7.960204409454693e-16
			vertex 7.848972320556641 9.989847183227539 -2.756192445755005
			vertex 5.315798282623291 11.549819946289062 -2.709970474243164
		endloop
	endfacet
	facet normal 0.6320839401594903 0.7701968444685529 -0.08524501957966825
		outer loop
			vertex 7.222413063049316 10.809104919433594 7.960204409454693e-16
			vertex 9.192388534545898 9.192388534545898 7.960204409454693e-16
			vertex 7.848972320556641 9.989847183227539 -2.756192445755005
		endloop
	endfacet
	facet normal 0.8449657232841878 0.5179100824314918 -0.13342440927594462
		outer loop
			vertex 10.809104919433594 7.222413063049316 7.960204409454693e-16
			vertex 11.549819946289062 5.315798282623291 -2.709970474243164
			vertex 9.989847183227539 7.848972320556641 -2.756192445755005
		endloop
	endfacet
	facet normal 0.7701968444685529 0.6320839401594903 -0.08524501957966825
		outer loop
			vertex 9.192388534545898 9.192388534545898 7.960204409454693e-16
			vertex 10.809104919433594 7.222413063049316 7.960204409454693e-16
			vertex 9.989847183227539 7.848972320556641 -2.756192445755005
		endloop
	endfacet
	facet normal 0.09754957867028109 0.09754957867028109 0.990438367291222
		outer loop
			vertex 7.960204409454693e-16 2.5361742973327637 12.750208854675293
			vertex 7.960204409454693e-16 7.960204409454693e-16 13
			vertex 2.5361742973327637 7.960204409454693e-16 12.750208854675293
		endloop
	endfacet
	facet normal 0.1065973978712094 0.1065973978712094 0.9885716916512299
		outer loop
			vertex 2.6303513050079346 2.6303513050079346 12.45642375946045
			vertex 7.960204409454693e-16 2.5361742973327637 12.750208854675293
			vertex 2.5361742973327637 7.960204409454693e-16 12.750208854675293
		endloop
	endfacet
	facet normal 0.09604171064966045 0.2889427986700326 0.9525166921961086
		outer loop
			vertex 7.960204409454693e-16 4.974884510040283 12.0104341506958
			vertex 7.960204409454693e-16 2.5361742973327637 12.750208854675293
			vertex 2.6303513050079346 2.6303513050079346 12.45642375946045
		endloop
	endfacet
	facet normal 0.09022914537236452 0.46947398261633144 0.878323904360876
		outer loop
			vertex 7.960204409454693e-16 7.222413063049316 10.809104919433594
			vertex 7.960204409454693e-16 4.974884510040283 12.0104341506958
			vertex 2.709970474243164 5.315798282623291 11.549819946289062
		endloop
	endfacet
	facet normal 0.12050841056095529 0.3143224844979181 0.9416363941156525
		outer loop
			vertex 2.709970474243164 5.315798282623291 11.549819946289062
			vertex 7.960204409454693e-16 4.974884510040283 12.0104341506958
			vertex 2.6303513050079346 2.6303513050079346 12.45642375946045
		endloop
	endfacet
	facet normal 0.2889427986700326 0.09604171064966045 0.9525166921961086
		outer loop
			vertex 2.6303513050079346 2.6303513050079346 12.45642375946045
			vertex 2.5361742973327637 7.960204409454693e-16 12.750208854675293
			vertex 4.974884510040283 7.960204409454693e-16 12.0104341506958
		endloop
	endfacet
	facet normal 0.3143224844979181 0.12050841056095529 0.9416363941156524
		outer loop
			vertex 4.974884510040283 7.960204409454693e-16 12.0104341506958
			vertex 5.315798282623291 2.709970474243164 11.549819946289062
			vertex 2.6303513050079346 2.6303513050079346 12.45642375946045
		endloop
	endfacet
	facet normal 0.46947398261633144 0.09022914537236452 0.878323904360876
		outer loop
			vertex 4.974884510040283 7.960204409454693e-16 12.0104341506958
			vertex 7.222413063049316 7.960204409454693e-16 10.809104919433594
			vertex 5.315798282623291 2.709970474243164 11.549819946289062
		endloop
	endfacet
	facet normal 0.34122010164148125 0.34122010164148125 0.8758639645924216
		outer loop
			vertex 5.315798282623291 2.709970474243164 11.549819946289062
			vertex 5.586961269378662 5.586961269378662 10.323358535766602
			vertex 2.709970474243164 5.315798282623291 11.549819946289062
		endloop
	endfacet
	facet normal 0.29745583994134644 0.29745583994134644 0.9072155458156438
		outer loop
			vertex 2.709970474243164 5.315798282623291 11.549819946289062
			vertex 2.6303513050079346 2.6303513050079346 12.45642375946045
			vertex 5.315798282623291 2.709970474243164 11.549819946289062
		endloop
	endfacet
	facet normal 0.3004921911907561 0.49614944238465886 0.8145797529123655
		outer loop
			vertex 2.756192445755005 7.848972320556641 9.989847183227539
			vertex 2.709970474243164 5.315798282623291 11.549819946289062
			vertex 5.586961269378662 5.586961269378662 10.323358535766602
		endloop
	endfacet
	facet normal 0.49614944238465886 0.3004921911907561 0.8145797529123655
		outer loop
			vertex 5.315798282623291 2.709970474243164 11.549819946289062
			vertex 7.848972320556641 2.756192445755005 9.989847183227539
			vertex 5.586961269378662 5.586961269378662 10.323358535766602
		endloop
	endfacet
	facet normal 0.09754957867028108 0.9904383672912219 0.09754957867028108
		outer loop
			vertex 2.5361742973327637 12.750208854675293 7.960204409454693e-16
			vertex 7.960204409454693e-16 13 7.960204409454693e-16
			vertex 7.960204409454693e-16 12.750208854675293 2.5361742973327637
		endloop
	endfacet
	facet normal 0.1065973978712094 0.9885716916512299 0.1065973978712094
		outer loop
			vertex 2.5361742973327637 12.750208854675293 7.960204409454693e-16
			vertex 7.960204409454693e-16 12.750208854675293 2.5361742973327637
			vertex 2.6303513050079346 12.45642375946045 2.6303513050079346
		endloop
	endfacet
	facet normal 0.09604171064966045 0.9525166921961086 0.2889427986700326
		outer loop
			vertex 7.960204409454693e-16 12.750208854675293 2.5361742973327637
			vertex 7.960204409454693e-16 12.0104341506958 4.974884510040283
			vertex 2.6303513050079346 12.45642375946045 2.6303513050079346
		endloop
	endfacet
	facet normal 0.09022914537236452 0.878323904360876 0.46947398261633144
		outer loop
			vertex 7.960204409454693e-16 12.0104341506958 4.974884510040283
			vertex 7.960204409454693e-16 10.809104919433594 7.222413063049316
			vertex 2.709970474243164 11.549819946289062 5.315798282623291
		endloop
	endfacet
	facet normal 0.12050841056095529 0.9416363941156525 0.3143224844979181
		outer loop
			vertex 2.6303513050079346 12.45642375946045 2.6303513050079346
			vertex 7.960204409454693e-16 12.0104341506958 4.974884510040283
			vertex 2.709970474243164 11.549819946289062 5.315798282623291
		endloop
	endfacet
	facet normal 0.2889427986700326 0.9525166921961086 0.09604171064966045
		outer loop
			vertex 2.5361742973327637 12.750208854675293 7.960204409454693e-16
			vertex 2.6303513050079346 12.45642375946045 2.6303513050079346
			vertex 4.974884510040283 12.0104341506958 7.960204409454693e-16
		endloop
	endfacet
	facet normal 0.3143224844979181 0.9416363941156525 0.12050841056095529
		outer loop
			vertex 5.315798282623291 11.549819946289062 2.709970474243164
			vertex 4.974884510040283 12.0104341506958 7.960204409454693e-16
			vertex 2.6303513050079346 12.45642375946045 2.6303513050079346
		endloop
	endfacet
	facet normal 0.46947398261633144 0.878323904360876 0.09022914537236452
		outer loop
			vertex 5.315798282623291 11.549819946289062 2.709970474243164
			vertex 7.222413063049316 10.809104919433594 7.960204409454693e-16
			vertex 4.974884510040283 12.0104341506958 7.960204409454693e-16
		endloop
	endfacet
	facet normal 0.34122010164148125 0.8758639645924216 0.34122010164148125
		outer loop
			vertex 5.586961269378662 10.323358535766602 5.586961269378662
			vertex 5.315798282623291 11.549819946289062 2.709970474243164
			vertex 2.709970474243164 11.549819946289062 5.315798282623291
		endloop
	endfacet
	facet normal 0.3004921911907561 0.8145797529123655 0.49614944238465886
		outer loop
			vertex 2.709970474243164 11.549819946289062 5.315798282623291
			vertex 2.756192445755005 9.989847183227539 7.848972320556641
			vertex 5.586961269378662 10.323358535766602 5.586961269378662
		endloop
	endfacet
	facet normal 0.29745583994134644 0.9072155458156438 0.29745583994134644
		outer loop
			vertex 2.6303513050079346 12.45642375946045 2.6303513050079346
			vertex 2.709970474243164 11.549819946289062 5.315798282623291
			vertex 5.315798282623291 11.549819946289062 2.709970474243164
		endloop
	endfacet
	facet normal 0.49614944238465886 0.8145797529123655 0.3004921911907561
		outer loop
			vertex 5.586961269378662 10.323358535766602 5.586961269378662
			vertex 7.848972320556641 9.989847183227539 2.756192445755005
			vertex 5.315798282623291 11.549819946289062 2.709970474243164
		endloop
	endfacet
	facet normal 0.13871245915269909 0.7002709667249567 0.7002709667249567
		outer loop
			vertex 2.756192445755005 9.989847183227539 7.848972320556641
			vertex 7.960204409454693e-16 9.192388534545898 9.192388534545898
			vertex 2.756192445755005 7.848972320556641 9.989847183227539
		endloop
	endfacet
	facet normal 0.08524501957966829 0.6320839401594902 0.7701968444685529
		outer loop
			vertex 7.960204409454693e-16 9.192388534545898 9.192388534545898
			vertex 7.960204409454693e-16 7.222413063049316 10.809104919433594
			vertex 2.756192445755005 7.848972320556641 9.989847183227539
		endloop
	endfacet
	facet normal 0.1334244092759447 0.5179100824314918 0.8449657232841877
		outer loop
			vertex 2.756192445755005 7.848972320556641 9.989847183227539
			vertex 7.960204409454693e-16 7.222413063049316 10.809104919433594
			vertex 2.709970474243164 5.315798282623291 11.549819946289062
		endloop
	endfacet
	facet normal 0.08524501957966829 0.7701968444685529 0.6320839401594902
		outer loop
			vertex 7.960204409454693e-16 10.809104919433594 7.222413063049316
			vertex 7.960204409454693e-16 9.192388534545898 9.192388534545898
			vertex 2.756192445755005 9.989847183227539 7.848972320556641
		endloop
	endfacet
	facet normal 0.1334244092759447 0.8449657232841877 0.5179100824314918
		outer loop
			vertex 2.709970474243164 11.549819946289062 5.315798282623291
			vertex 7.960204409454693e-16 10.809104919433594 7.222413063049316
			vertex 2.756192445755005 9.989847183227539 7.848972320556641
		endloop
	endfacet
	facet normal 0.3594951554972968 0.5599464990663969 0.7464738115682693
		outer loop
			vertex 5.586961269378662 5.586961269378662 10.323358535766602
			vertex 5.692508220672607 8.264241218566895 8.264241218566895
			vertex 2.756192445755005 7.848972320556641 9.989847183227539
		endloop
	endfacet
	facet normal 0.3594951554972968 0.7464738115682693 0.5599464990663969
		outer loop
			vertex 5.692508220672607 8.264241218566895 8.264241218566895
			vertex 5.586961269378662 10.323358535766602 5.586961269378662
			vertex 2.756192445755005 9.989847183227539 7.848972320556641
		endloop
	endfacet
	facet normal 0.30092185970108487 0.6743315335775277 0.6743315335775277
		outer loop
			vertex 2.756192445755005 9.989847183227539 7.848972320556641
			vertex 2.756192445755005 7.848972320556641 9.989847183227539
			vertex 5.692508220672607 8.264241218566895 8.264241218566895
		endloop
	endfacet
	facet normal 0.9904383672912219 0.09754957867028108 0.09754957867028108
		outer loop
			vertex 12.750208854675293 7.960204409454693e-16 2.5361742973327637
			vertex 13 7.960204409454693e-16 7.960204409454693e-16
			vertex 12.750208854675293 2.5361742973327637 7.960204409454693e-16
		endloop
	endfacet
	facet normal 0.9885716916512299 0.1065973978712094 0.1065973978712094
		outer loop
			vertex 12.750208854675293 7.960204409454693e-16 2.5361742973327637
			vertex 12.750208854675293 2.5361742973327637 7.960204409454693e-16
			vertex 12.45642375946045 2.6303513050079346 2.6303513050079346
		endloop
	endfacet
	facet normal 0.9525166921961086 0.09604171064966045 0.2889427986700326
		outer loop
			vertex 12.0104341506958 7.960204409454693e-16 4.974884510040283
			vertex 12.750208854675293 7.960204409454693e-16 2.5361742973327637
			vertex 12.45642375946045 2.6303513050079346 2.6303513050079346
		endloop
	endfacet
	facet normal 0.878323904360876 0.09022914537236452 0.46947398261633144
		outer loop
			vertex 10.809104919433594 7.960204409454693e-16 7.222413063049316
			vertex 12.0104341506958 7.960204409454693e-16 4.974884510040283
			vertex 11.549819946289062 2.709970474243164 5.315798282623291
		endloop
	endfacet
	facet normal 0.9416363941156524 0.12050841056095529 0.3143224844979181
		outer loop
			vertex 12.0104341506958 7.960204409454693e-16 4.974884510040283
			vertex 12.45642375946045 2.6303513050079346 2.6303513050079346
			vertex 11.549819946289062 2.709970474243164 5.315798282623291
		endloop
	endfacet
	facet normal 0.9525166921961086 0.2889427986700326 0.09604171064966045
		outer loop
			vertex 12.45642375946045 2.6303513050079346 2.6303513050079346
			vertex 12.750208854675293 2.5361742973327637 7.960204409454693e-16
			vertex 12.0104341506958 4.974884510040283 7.960204409454693e-16
		endloop
	endfacet
	facet normal 0.9416363941156525 0.3143224844979181 0.12050841056095529
		outer loop
			vertex 12.45642375946045 2.6303513050079346 2.6303513050079346
			vertex 12.0104341506958 4.974884510040283 7.960204409454693e-16
			vertex 11.549819946289062 5.315798282623291 2.709970474243164
		endloop
	endfacet
	facet normal 0.878323904360876 0.46947398261633144 0.09022914537236452
		outer loop
			vertex 11.549819946289062 5.315798282623291 2.709970474243164
			vertex 12.0104341506958 4.974884510040283 7.960204409454693e-16
			vertex 10.809104919433594 7.222413063049316 7.960204409454693e-16
		endloop
	endfacet
	facet normal 0.8758639645924216 0.34122010164148125 0.34122010164148125
		outer loop
			vertex 11.549819946289062 2.709970474243164 5.315798282623291
			vertex 11.549819946289062 5.315798282623291 2.709970474243164
			vertex 10.323358535766602 5.586961269378662 5.586961269378662
		endloop
	endfacet
	facet normal 0.8145797529123655 0.3004921911907561 0.49614944238465886
		outer loop
			vertex 9.989847183227539 2.756192445755005 7.848972320556641
			vertex 11.549819946289062 2.709970474243164 5.315798282623291
			vertex 10.323358535766602 5.586961269378662 5.586961269378662
		endloop
	endfacet
	facet normal 0.8145797529123655 0.49614944238465886 0.3004921911907561
		outer loop
			vertex 10.323358535766602 5.586961269378662 5.586961269378662
			vertex 11.549819946289062 5.315798282623291 2.709970474243164
			vertex 9.989847183227539 7.848972320556641 2.756192445755005
		endloop
	endfacet
	facet normal 0.9072155458156438 0.29745583994134644 0.29745583994134644
		outer loop
			vertex 11.549819946289062 2.709970474243164 5.315798282623291
			vertex 12.45642375946045 2.6303513050079346 2.6303513050079346
			vertex 11.549819946289062 5.315798282623291 2.709970474243164
		endloop
	endfacet
	facet normal 0.7002709667249567 0.13871245915269909 0.7002709667249567
		outer loop
			vertex 9.192388534545898 7.960204409454693e-16 9.192388534545898
			vertex 9.989847183227539 2.756192445755005 7.848972320556641
			vertex 7.848972320556641 2.756192445755005 9.989847183227539
		endloop
	endfacet
	facet normal 0.6320839401594902 0.08524501957966829 0.7701968444685529
		outer loop
			vertex 7.222413063049316 7.960204409454693e-16 10.809104919433594
			vertex 9.192388534545898 7.960204409454693e-16 9.192388534545898
			vertex 7.848972320556641 2.756192445755005 9.989847183227539
		endloop
	endfacet
	facet normal 0.5179100824314918 0.1334244092759447 0.8449657232841877
		outer loop
			vertex 7.222413063049316 7.960204409454693e-16 10.809104919433594
			vertex 7.848972320556641 2.756192445755005 9.989847183227539
			vertex 5.315798282623291 2.709970474243164 11.549819946289062
		endloop
	endfacet
	facet normal 0.5599464990663969 0.3594951554972968 0.7464738115682693
		outer loop
			vertex 7.848972320556641 2.756192445755005 9.989847183227539
			vertex 8.264241218566895 5.692508220672607 8.264241218566895
			vertex 5.586961269378662 5.586961269378662 10.323358535766602
		endloop
	endfacet
	facet normal 0.7464738115682693 0.3594951554972968 0.5599464990663969
		outer loop
			vertex 9.989847183227539 2.756192445755005 7.848972320556641
			vertex 10.323358535766602 5.586961269378662 5.586961269378662
			vertex 8.264241218566895 5.692508220672607 8.264241218566895
		endloop
	endfacet
	facet normal 0.6743315335775277 0.30092185970108487 0.6743315335775277
		outer loop
			vertex 7.848972320556641 2.756192445755005 9.989847183227539
			vertex 9.989847183227539 2.756192445755005 7.848972320556641
			vertex 8.264241218566895 5.692508220672607 8.264241218566895
		endloop
	endfacet
	facet normal 0.7701968444685529 0.08524501957966829 0.6320839401594902
		outer loop
			vertex 9.192388534545898 7.960204409454693e-16 9.192388534545898
			vertex 10.809104919433594 7.960204409454693e-16 7.222413063049316
			vertex 9.989847183227539 2.756192445755005 7.848972320556641
		endloop
	endfacet
	facet normal 0.8449657232841877 0.1334244092759447 0.5179100824314918
		outer loop
			vertex 10.809104919433594 7.960204409454693e-16 7.222413063049316
			vertex 11.549819946289062 2.709970474243164 5.315798282623291
			vertex 9.989847183227539 2.756192445755005 7.848972320556641
		endloop
	endfacet
	facet normal 0.7002709667249567 0.7002709667249567 0.13871245915269909
		outer loop
			vertex 9.989847183227539 7.848972320556641 2.756192445755005
			vertex 9.192388534545898 9.192388534545898 7.960204409454693e-16
			vertex 7.848972320556641 9.989847183227539 2.756192445755005
		endloop
	endfacet
	facet normal 0.5599464990663969 0.7464738115682693 0.3594951554972968
		outer loop
			vertex 8.264241218566895 8.264241218566895 5.692508220672607
			vertex 7.848972320556641 9.989847183227539 2.756192445755005
			vertex 5.586961269378662 10.323358535766602 5.586961269378662
		endloop
	endfacet
	facet normal 0.7464738115682693 0.5599464990663969 0.3594951554972968
		outer loop
			vertex 10.323358535766602 5.586961269378662 5.586961269378662
			vertex 9.989847183227539 7.848972320556641 2.756192445755005
			vertex 8.264241218566895 8.264241218566895 5.692508220672607
		endloop
	endfacet
	facet normal 0.6743315335775277 0.6743315335775277 0.30092185970108487
		outer loop
			vertex 8.264241218566895 8.264241218566895 5.692508220672607
			vertex 9.989847183227539 7.848972320556641 2.756192445755005
			vertex 7.848972320556641 9.989847183227539 2.756192445755005
		endloop
	endfacet
	facet normal 0.6320839401594902 0.7701968444685527 0.08524501957966829
		outer loop
			vertex 7.848972320556641 9.989847183227539 2.756192445755005
			vertex 9.192388534545898 9.192388534545898 7.960204409454693e-16
			vertex 7.222413063049316 10.809104919433594 7.960204409454693e-16
		endloop
	endfacet
	facet normal 0.5179100824314918 0.8449657232841877 0.1334244092759447
		outer loop
			vertex 7.848972320556641 9.989847183227539 2.756192445755005
			vertex 7.222413063049316 10.809104919433594 7.960204409454693e-16
			vertex 5.315798282623291 11.549819946289062 2.709970474243164
		endloop
	endfacet
	facet normal 0.7701968444685527 0.6320839401594902 0.08524501957966829
		outer loop
			vertex 9.989847183227539 7.848972320556641 2.756192445755005
			vertex 10.809104919433594 7.222413063049316 7.960204409454693e-16
			vertex 9.192388534545898 9.192388534545898 7.960204409454693e-16
		endloop
	endfacet
	facet normal 0.8449657232841877 0.5179100824314918 0.1334244092759447
		outer loop
			vertex 11.549819946289062 5.315798282623291 2.709970474243164
			vertex 10.809104919433594 7.222413063049316 7.960204409454693e-16
			vertex 9.989847183227539 7.848972320556641 2.756192445755005
		endloop
	endfacet
	facet normal 0.5773502691896258 0.5773502691896258 0.5773502691896258
		outer loop
			vertex 8.264241218566895 5.692508220672607 8.264241218566895
			vertex 8.264241218566895 8.264241218566895 5.692508220672607
			vertex 5.692508220672607 8.264241218566895 8.264241218566895
		endloop
	endfacet
	facet normal 0.5112124264257311 0.5112124264257311 0.6908861774097331
		outer loop
			vertex 5.586961269378662 5.586961269378662 10.323358535766602
			vertex 8.264241218566895 5.692508220672607 8.264241218566895
			vertex 5.692508220672607 8.264241218566895 8.264241218566895
		endloop
	endfacet
	facet normal 0.5112124264257311 0.6908861774097331 0.5112124264257311
		outer loop
			vertex 5.692508220672607 8.264241218566895 8.264241218566895
			vertex 8.264241218566895 8.264241218566895 5.692508220672607
			vertex 5.586961269378662 10.323358535766602 5.586961269378662
		endloop
	endfacet
	facet normal 0.6908861774097331 0.5112124264257311 0.5112124264257311
		outer loop
			vertex 8.264241218566895 5.692508220672607 8.264241218566895
			vertex 10.323358535766602 5.586961269378662 5.586961269378662
			vertex 8.264241218566895 8.264241218566895 5.692508220672607
		endloop
	endfacet
endsolid exported
