ply
format ascii 1.0
element vertex 1056
property float x
property float y
property float z
property float nx
property float ny
property float nz
element face 2112
property list uchar int vertex_index
end_header
-10 -10 -10 -0.857553249053717 -0.4287766245268585 -0.28417077840053667
-3.535533905029297 -3.535533905029297 -10 0.6873892032060637 0.665238984453732 -0.29146728269001376
-3.8650522232055664 -3.171966314315796 -10 0.7497567663755991 0.5950351460084722 -0.28947878383170267
-3.171966314315796 -3.8650522232055664 -10 0.619264896686949 0.7298719239804784 -0.2894787769705011
-4.784701824188232 -1.4514234066009521 -10 0.9330651333163821 0.26643905526496775 -0.2416602714944959
-4.903926372528076 -0.9754515886306763 -10 0.9597980344354532 0.17462938959010754 -0.2197551123073751
-4.975923538208008 -0.4900856912136078 -10 0.9777304741742836 0.08015791500237913 -0.19395316066876034
-5 0 -10 0.9862652663818113 -0.016150765518618222 -0.16437754439696856
-4.975923538208008 0.4900856912136078 -10 0.9848554964293014 -0.1133101534929581 -0.13122675134436854
-4.409606456756592 -2.3569836616516113 -10 0.8555923101460421 0.4394660590627734 -0.27355325212980713
-4.157348155975342 -2.777851104736328 -10 0.8059701701738067 0.5196481206646459 -0.2835099918516223
-4.6193976402282715 -1.9134172201156616 -10 0.8981363293275062 0.35490552049205903 -0.2596020136023098
-4.903926372528076 0.9754515886306763 -10 0.9730583296485631 -0.21017206918349227 -0.09479023386761742
-4.784701824188232 1.4514234066009521 -10 0.2474851817386171 -0.0795215760110567 -0.9656228061559656
-4.6193976402282715 1.9134172201156616 -10 0.8860343502457824 -0.3841222441305927 -0.2596020642225549
-4.409606456756592 2.3569836616516113 -10 0.8407443305636565 -0.4672446924687925 -0.27355322696837736
-4.157348155975342 2.777851104736328 -10 0.7885234526654246 -0.545758974447766 -0.2835099758497407
-3.8650522232055664 3.171966314315796 -10 0.7298719509208279 -0.6192648599400287 -0.2894787876554708
-3.535533905029297 3.535533905029297 -10 0.665238984453732 -0.6873892032060637 -0.29146728269001376
-3.171966314315796 3.8650522232055664 -10 0.595035124550406 -0.7497567989426293 -0.28947874359024134
-1.4514234066009521 -4.784701824188232 -10 0.0795215717274054 0.24748515350597738 -0.9656228137446453
-2.777851104736328 -4.157348155975342 -10 0.545758974447766 0.7885234526654246 -0.2835099758497407
-2.3569836616516113 -4.409606456756592 -10 0.4672446924687925 0.8407443305636565 -0.27355322696837736
-1.9134172201156616 -4.6193976402282715 -10 0.3841222441305927 0.8860343502457824 -0.2596020642225549
-0.9754515886306763 -4.903926372528076 -10 0.21017208312956984 0.9730583252267014 -0.0947902483380238
-0.4900856912136078 -4.975923538208008 -10 0.1133101534929581 0.9848554964293014 -0.13122675134436854
0 -5 -10 0.016150765518618222 0.9862652663818113 -0.16437754439696856
0.4900856912136078 -4.975923538208008 -10 -0.08015791500237913 0.9777304741742836 -0.19395316066876034
0.9754515886306763 -4.903926372528076 -10 -0.17462939016195003 0.959798037578414 -0.21975509812582542
1.4514234066009521 -4.784701824188232 -10 -0.26643905526496775 0.9330651333163821 -0.2416602714944959
1.9134172201156616 -4.6193976402282715 -10 -0.35490552049205903 0.8981363293275062 -0.2596020136023098
2.3569836616516113 -4.409606456756592 -10 -0.4394660590627734 0.8555923101460421 -0.27355325212980713
2.777851104736328 -4.157348155975342 -10 -0.5196481206646459 0.8059701701738067 -0.2835099918516223
3.171966314315796 -3.8650522232055664 -10 -0.5950351460084722 0.7497567663755991 -0.28947878383170267
3.535533905029297 -3.535533905029297 -10 -0.665238984453732 0.6873892032060637 -0.29146728269001376
3.8650522232055664 -3.171966314315796 -10 -0.7298719239804784 0.619264896686949 -0.2894787769705011
3.535533905029297 3.535533905029297 -10 -0.6873892032060637 -0.665238984453732 -0.29146728269001376
3.171966314315796 3.8650522232055664 -10 -0.6192648599400287 -0.7298719509208279 -0.2894787876554708
3.8650522232055664 3.171966314315796 -10 -0.7497567989426293 -0.595035124550406 -0.28947874359024134
-10 -10 10 -0.4287766245268585 -0.857553249053717 0.28417077840053667
-3.535533905029297 -3.535533905029297 10 0.665238984453732 0.6873892032060637 0.29146728269001376
-3.8650522232055664 -3.171966314315796 10 0.7298719509208279 0.6192648599400287 0.2894787876554708
-3.171966314315796 -3.8650522232055664 10 0.595035124550406 0.7497567989426293 0.28947874359024134
-4.784701824188232 -1.4514234066009521 10 0.24748515350597738 0.0795215717274054 0.9656228137446453
-4.903926372528076 -0.9754515886306763 10 0.9730583252267014 0.21017208312956984 0.0947902483380238
-4.975923538208008 -0.4900856912136078 10 0.9848554991865593 0.11331014635960691 0.1312267368105969
-5 0 10 0.9862652663818113 0.016150765518618222 0.16437754439696856
-4.975923538208008 0.4900856912136078 10 0.9777304741742836 -0.08015791500237913 0.19395316066876034
-4.409606456756592 -2.3569836616516113 10 0.8407443305636565 0.4672446924687925 0.27355322696837736
-4.157348155975342 -2.777851104736328 10 0.7885234526654246 0.545758974447766 0.2835099758497407
-4.6193976402282715 -1.9134172201156616 10 0.8860343502457824 0.3841222441305927 0.2596020642225549
-4.903926372528076 0.9754515886306763 10 0.959798037578414 -0.17462939016195003 0.21975509812582542
-4.784701824188232 1.4514234066009521 10 0.9330651333163821 -0.26643905526496775 0.2416602714944959
-4.6193976402282715 1.9134172201156616 10 0.8981363293275062 -0.35490552049205903 0.2596020136023098
-4.409606456756592 2.3569836616516113 10 0.8555923101460421 -0.4394660590627734 0.27355325212980713
-4.157348155975342 2.777851104736328 10 0.8059702019473243 -0.5196480815459307 0.28350997322602794
-3.8650522232055664 3.171966314315796 10 0.7497567663755991 -0.5950351460084722 0.28947878383170267
-3.535533905029297 3.535533905029297 10 0.6873892032060637 -0.665238984453732 0.29146728269001376
-3.171966314315796 3.8650522232055664 10 0.619264896686949 -0.7298719239804784 0.2894787769705011
-1.4514234066009521 -4.784701824188232 10 0.26643905526496775 0.9330651333163821 0.2416602714944959
-2.777851104736328 -4.157348155975342 10 0.5196481206646459 0.8059701701738067 0.2835099918516223
-2.3569836616516113 -4.409606456756592 10 0.4394660590627734 0.8555923101460421 0.27355325212980713
-1.9134172201156616 -4.6193976402282715 10 0.35490552049205903 0.8981363293275062 0.2596020136023098
-0.9754515886306763 -4.903926372528076 10 0.17462939016195003 0.959798037578414 0.21975509812582542
-0.4900856912136078 -4.975923538208008 10 0.08015791500237913 0.9777304741742836 0.19395316066876034
0 -5 10 -0.016150765518618222 0.9862652663818113 0.16437754439696856
0.4900856912136078 -4.975923538208008 10 -0.1133101534929581 0.9848554964293014 0.13122675134436854
0.9754515886306763 -4.903926372528076 10 -0.21017208342643467 0.9730583266011313 0.09479023357075263
1.4514234066009521 -4.784701824188232 10 -0.0795215760110567 0.2474851817386171 0.9656228061559656
1.9134172201156616 -4.6193976402282715 10 -0.3841222441305927 0.8860343502457824 0.2596020642225549
2.3569836616516113 -4.409606456756592 10 -0.4672446924687925 0.8407443305636565 0.27355322696837736
2.777851104736328 -4.157348155975342 10 -0.545758974447766 0.7885234526654246 0.2835099758497407
3.171966314315796 -3.8650522232055664 10 -0.6192648599400287 0.7298719509208279 0.2894787876554708
3.535533905029297 -3.535533905029297 10 -0.6873892032060637 0.665238984453732 0.29146728269001376
3.8650522232055664 -3.171966314315796 10 -0.7497567989426293 0.595035124550406 0.28947874359024134
3.535533905029297 3.535533905029297 10 -0.6949308656465706 -0.7180697468486279 0.03803854140809244
3.171966314315796 3.8650522232055664 10 -0.620074142347216 -0.7813064918479609 0.07119145867726694
3.8650522232055664 3.171966314315796 10 -0.7605849048355492 -0.6453234672062609 0.0711914686545294
-10 10 -10 -0.4890755342469727 0.809779274381659 -0.3241336893674458
-2.777851104736328 4.157348155975342 -10 0.5196481206646459 -0.8059701701738067 -0.2835099918516223
-2.3569836616516113 4.409606456756592 -10 0.4394660590627734 -0.8555923101460421 -0.27355325212980713
-1.9134172201156616 4.6193976402282715 -10 0.35490552049205903 -0.8981363293275062 -0.2596020136023098
-1.4514234066009521 4.784701824188232 -10 0.26643905526496775 -0.9330651333163821 -0.2416602714944959
-0.9754515886306763 4.903926372528076 -10 0.17462938959010754 -0.9597980344354532 -0.2197551123073751
-0.4900856912136078 4.975923538208008 -10 0.08015791500237913 -0.9777304741742836 -0.19395316066876034
0 5 -10 -0.016150765518618222 -0.9862652663818113 -0.16437754439696856
0.4900856912136078 4.975923538208008 -10 -0.1133101534929581 -0.9848554964293014 -0.13122675134436854
0.9754515886306763 4.903926372528076 -10 -0.21017208312956984 -0.9730583252267014 -0.0947902483380238
1.4514234066009521 4.784701824188232 -10 -0.0795215760110567 -0.2474851817386171 -0.9656228061559656
1.9134172201156616 4.6193976402282715 -10 -0.3841222441305927 -0.8860343502457824 -0.2596020642225549
2.3569836616516113 4.409606456756592 -10 -0.4672446924687925 -0.8407443305636565 -0.27355322696837736
2.777851104736328 4.157348155975342 -10 -0.545758974447766 -0.7885234526654246 -0.2835099758497407
-10 10 10 -0.9169504106812421 0.3000062425815583 0.2630555051003432
-2.777851104736328 4.157348155975342 10 0.545758974447766 -0.7885234526654246 0.2835099758497407
-2.3569836616516113 4.409606456756592 10 0.4672446924687925 -0.8407443305636565 0.27355322696837736
-1.9134172201156616 4.6193976402282715 10 0.3841222441305927 -0.8860343502457824 0.2596020642225549
-1.4514234066009521 4.784701824188232 10 0.12667342853676886 -0.3942300625400141 0.9102398037289057
-0.9754515886306763 4.903926372528076 10 0.21108919493296535 -0.9773044041619315 0.017817221675796507
-0.4900856912136078 4.975923538208008 10 0.11424599298924508 -0.9929896341910556 0.030322260387629946
0 5 10 0.016359770598174016 -0.9990284398714646 0.04092107322594109
0.4900856912136078 4.975923538208008 10 -0.08160928705394525 -0.9954336965319142 0.04951444309851156
0.9754515886306763 4.903926372528076 10 -0.17792953247899743 -0.9779363108085674 0.10946073941799685
1.4514234066009521 4.784701824188232 10 -0.27432453564702436 -0.9606800651700426 0.042893607063608036
1.9134172201156616 4.6193976402282715 10 -0.3670978269623388 -0.9289906079351721 0.04707054076349835
2.3569836616516113 4.409606456756592 10 -0.4553007006765891 -0.8864206307990742 0.08342503974933799
2.777851104736328 4.157348155975342 10 -0.5414382169283831 -0.8397665542252855 0.040457281841517694
3.348242998123169 5.555438041687012 10 -0.30258867083274377 -0.1992235626714004 0.9320676307866228
3.8159162998199463 4.924853801727295 10 -0.3932927881713553 -0.32047865078343113 0.8617506699529933
3.5379178524017334 5.355638027191162 10.819387435913086 -0.8074333494982622 -0.5797993416699887 0.10901426290657966
2.9446299076080322 6.22882604598999 10 -0.20963919505754 -0.10943925559767174 0.9716349403092986
3.076958179473877 6.0750226974487305 10.816117286682129 -0.8651044941265286 -0.48985078797648135 0.10789077699647662
2.60896372795105 6.93853235244751 10 -0.2398444442023956 -0.09592726193138147 0.9660603516362692
2.6989760398864746 6.83193826675415 10.811439514160156 -0.9123437424212314 -0.3953840145013324 0.10630323015615328
3.348242998123169 10 5.555438041687012 -0.05318363711830556 0.9979706323821026 -0.035015962727515976
3.8159162998199463 10 4.924853801727295 -0.04861400218107575 0.9980317830529816 -0.039613618971569294
3.5379178524017334 10.819387435913086 5.355638027191162 -0.8074333494982622 0.10901426290657966 -0.5797993416699887
2.9446299076080322 10 6.22882604598999 -0.057960724806858 0.9978602267939354 -0.03025759677534787
2.60896372795105 10 6.93853235244751 -0.06313415650437086 0.997685556966703 -0.02525089508357085
3.076958179473877 10.816117286682129 6.0750226974487305 -0.8651044941265286 0.10789077699647662 -0.48985078797648135
2.6989760398864746 10.811439514160156 6.83193826675415 -0.9123437424212314 0.10630323015615328 -0.3953840145013324
2.1537177562713623 8.439277648925781 10 -0.029599576625646905 -0.00541580923779176 0.9995471645069492
2.038522243499756 9.215863227844238 10 -0.09846215217660671 -0.008111445453658543 0.9951077374040476
2.2004241943359375 8.40990924835205 10.7988920211792 -0.9746618273226446 -0.19899763171707413 0.10214824977002324
2.0787224769592285 9.208368301391602 10.791631698608398 -0.9899888776838575 -0.09980486476684419 0.09980486476684419
2.1537177562713623 10 8.439277648925781 -0.007016555947194632 0.9999745595595902 -0.0012838131653231607
2.038522243499756 10 9.215863227844238 -0.09846215217660671 0.9951077374040476 -0.008111445453658543
2.2004241943359375 10.7988920211792 8.40990924835205 -0.9746618273226446 0.10214824977002324 -0.19899763171707413
2.0787224769592285 10.791631698608398 9.208368301391602 -0.9899888776838575 0.09980486476684419 -0.09980486476684419
2 10 10 -0.13687313993587916 0.7004519054025384 0.7004519054025384
2.038522243499756 10 10.784136772155762 -0.9966238310456639 -3.644589414483397e-10 0.08210322400407981
2.038522243499756 10.784136772155762 10 -0.9966238310456639 0.08210322400407981 -3.644589414483397e-10
2.0787224769592285 10.791631698608398 10.791631698608398 -0.9899888791561774 0.09980485746469413 0.09980485746469413
2.344477415084839 7.677722454071045 10 -0.25048553565594717 -0.07213615517226954 0.9654291126458305
2.406662702560425 7.614159107208252 10.8056001663208 -0.9488602319062024 -0.29795125247560517 0.10435186368784322
2.344477415084839 10 7.677722454071045 -0.06898475361205397 0.9974198825866872 -0.019866594822548548
2.406662702560425 10.8056001663208 7.614159107208252 -0.9488602319062024 0.10435186368784322 -0.29795125247560517
3.8524019718170166 5.169863224029541 11.696118354797363 -0.7674103976395679 -0.6030889750391172 0.21763494613905032
2.892418384552002 6.728739261627197 11.66767406463623 -0.8873892841064652 -0.4091145908614441 0.2125217871120241
2.826692581176758 7.4956374168396 12.504362106323242 -0.8952853112067088 -0.3150112638949369 0.3150112936972594
3.3230643272399902 5.928275108337402 11.685107231140137 -0.8335277987971959 -0.5086539955532852 0.21564443289818572
3.7009048461914062 5.80067253112793 12.585932731628418 -0.7858159800700707 -0.5249833041351347 0.3269339013407307
3.2049477100372314 6.636068820953369 12.551711082458496 -0.8477771138093876 -0.4214815723779647 0.3219118659615135
3.6471641063690186 6.561870098114014 13.438130378723145 -0.7923171658522072 -0.43141255535652623 0.4314124659495575
3.2049477100372314 7.448288440704346 13.363930702209473 -0.8477771762727034 -0.321911777640022 0.42148151419454033
3.7009048461914062 7.414066791534424 14.19932746887207 -0.7858160334944839 -0.32693377956019026 0.5249833000062811
2.2004241943359375 9.2011079788208 11.59009075164795 -0.974661821542323 -0.10214824916422365 0.1989976603392226
2.1537177562713623 10 11.560722351074219 -0.983670031575668 1.0699620924833005e-9 0.1799813017508327
2.2004241943359375 10.7988920211792 11.59009075164795 -0.9746618179103821 0.10214825623416302 0.1989976744988467
2.563443660736084 7.552255153656006 11.645045280456543 -0.9286431014437471 -0.30682641070509464 0.20851749047685883
2.563443660736084 8.354954719543457 12.447745323181152 -0.9286430958375405 -0.2085174743168804 0.3068264386551095
2.334508180618286 8.381321907043457 11.618678092956543 -0.9575158348272131 -0.20391593853592765 0.20391595343708885
2.406662702560425 9.1943998336792 12.38584041595459 -0.9488602268586683 -0.10435174392344615 0.29795131049527557
2.892418384552002 8.33232593536377 13.271260261535645 -0.8873892606185254 -0.21252179576165184 0.40911463731471354
2.6989760398864746 9.188560485839844 13.168061256408691 -0.9123437202861269 -0.10630312326891916 0.39538409431556837
3.076958179473877 9.183882713317871 13.92497730255127 -0.8651046314127321 -0.10789071219569683 0.48985055979364345
3.3230643272399902 8.314892768859863 14.071724891662598 -0.8335278594971673 -0.21564447788504437 0.508653877012411
2.344477415084839 10 12.322277069091797 -0.9609453457689816 7.249475298073758e-10 0.27673822006533977
2.406662702560425 10.8056001663208 12.38584041595459 -0.9488602360219269 0.10435173748060297 0.2979512835703049
2.60896372795105 10 13.061467170715332 -0.9284907096474333 7.19762036523957e-10 0.3713556275302768
2.9446299076080322 10 13.771173477172852 -0.8864768694195103 1.6786377749910586e-9 0.4627729032518913
2.6989760398864746 10.811439514160156 13.168061256408691 -0.9123437439548656 0.10630310367497657 0.39538404496828866
3.076958179473877 10.816117286682129 13.92497730255127 -0.8651046307173192 0.10789071955954979 0.4898505593998779
3.348242998123169 10 14.444561958312988 -0.835224457400827 -4.328143439479751e-10 0.5499091795555825
3.8524019718170166 8.303881645202637 14.8301362991333 -0.7674104623816349 -0.2176350370029732 0.6030888598672004
3.5379178524017334 9.180612564086914 14.644362449645996 -0.8074333649416771 -0.10901440655267751 0.5797992931549056
3.8159162998199463 10 15.075146675109863 -0.775217770739739 1.0363730973941515e-9 0.631694077801359
3.5379178524017334 10.819387435913086 14.644362449645996 -0.807433364285863 0.10901441391471432 0.5797992926839807
3.8524019718170166 11.696118354797363 5.169863224029541 -0.7674103976395679 0.21763494613905032 -0.6030889750391172
2.892418384552002 11.66767406463623 6.728739261627197 -0.8873892841064652 0.2125217871120241 -0.4091145908614441
2.826692581176758 12.504362106323242 7.4956374168396 -0.8952853112067088 0.3150112936972594 -0.3150112638949369
3.3230643272399902 11.685107231140137 5.928275108337402 -0.8335277987971959 0.21564443289818572 -0.5086539955532852
3.7009048461914062 12.585932731628418 5.80067253112793 -0.7858159800700707 0.3269339013407307 -0.5249833041351347
3.2049477100372314 12.551711082458496 6.636068820953369 -0.8477771138093876 0.3219118659615135 -0.4214815723779647
3.6471641063690186 13.438130378723145 6.561870098114014 -0.7923171658522072 0.4314124659495575 -0.43141255535652623
3.2049477100372314 13.363930702209473 7.448288440704346 -0.8477771762727034 0.42148151419454033 -0.321911777640022
3.7009048461914062 14.19932746887207 7.414066791534424 -0.7858160334944839 0.5249833000062811 -0.32693377956019026
2.2004241943359375 11.59009075164795 9.2011079788208 -0.974661821542323 0.1989976603392226 -0.10214824916422365
2.1537177562713623 11.560722351074219 10 -0.983670031575668 0.1799813017508327 1.0699620924833005e-9
2.2004241943359375 11.59009075164795 10.7988920211792 -0.9746618179103821 0.1989976744988467 0.10214825623416302
2.563443660736084 11.645045280456543 7.552255153656006 -0.9286431014437471 0.20851749047685883 -0.30682641070509464
2.334508180618286 11.618678092956543 8.381321907043457 -0.9575158348272131 0.20391595343708885 -0.20391593853592765
2.563443660736084 12.447745323181152 8.354954719543457 -0.9286430958375405 0.3068264386551095 -0.2085174743168804
2.406662702560425 12.38584041595459 9.1943998336792 -0.9488602268586683 0.29795131049527557 -0.10435174392344615
2.344477415084839 12.322277069091797 10 -0.9609453457689816 0.27673822006533977 7.249475298073758e-10
2.406662702560425 12.38584041595459 10.8056001663208 -0.9488602360219269 0.2979512835703049 0.10435173748060297
2.892418384552002 13.271260261535645 8.33232593536377 -0.8873892606185254 0.40911463731471354 -0.21252179576165184
2.6989760398864746 13.168061256408691 9.188560485839844 -0.9123437202861269 0.39538409431556837 -0.10630312326891916
3.076958179473877 13.92497730255127 9.183882713317871 -0.8651046314127321 0.48985055979364345 -0.10789071219569683
3.3230643272399902 14.071724891662598 8.314892768859863 -0.8335278594971673 0.508653877012411 -0.21564447788504437
2.60896372795105 13.061467170715332 10 -0.9284907096474333 0.3713556275302768 7.19762036523957e-10
2.6989760398864746 13.168061256408691 10.811439514160156 -0.9123437439548656 0.39538404496828866 0.10630310367497657
2.9446299076080322 13.771173477172852 10 -0.8864768694195103 0.4627729032518913 2.572064213957931e-10
3.076958179473877 13.92497730255127 10.816117286682129 -0.8651046307173192 0.4898505593998779 0.10789071955954979
3.348242998123169 14.444561958312988 10 -0.835224457400827 0.5499091795555825 -4.328143439479751e-10
3.8524019718170166 14.8301362991333 8.303881645202637 -0.7674104623816349 0.6030888598672004 -0.2176350370029732
3.5379178524017334 14.644362449645996 9.180612564086914 -0.8074334135910236 0.5797992256835152 -0.10901440507356444
3.8159162998199463 15.075146675109863 10 -0.7752178237126416 0.6316940127927727 1.036373088528309e-9
3.5379178524017334 14.644362449645996 10.819387435913086 -0.807433364285863 0.5797992926839807 0.10901441391471432
2.334508180618286 11.618678092956543 11.618678092956543 -0.9575158435556906 0.2039159254936136 0.2039159254936136
2.563443660736084 11.645045280456543 12.447745323181152 -0.928643090231333 0.2085174581569019 0.3068264666051237
2.563443660736084 12.447745323181152 11.645045280456543 -0.928643090231333 0.3068264666051237 0.2085174581569019
2.826692581176758 12.504362106323242 12.504362106323242 -0.8952852657573181 0.31501135828251337 0.3150113284801904
2.892418384552002 11.66767406463623 13.271260261535645 -0.8873892864954052 0.2125218323876366 0.40911456216049924
3.3230643272399902 11.685107231140137 14.071724891662598 -0.8335278487834888 0.21564453471792042 0.5086538704744723
3.2049477100372314 12.551711082458496 13.363930702209473 -0.8477771975707776 0.3219117857271717 0.4214814651784609
3.7009048461914062 12.585932731628418 14.19932746887207 -0.7858160165616734 0.3269337427130793 0.5249833482985549
2.892418384552002 13.271260261535645 11.66767406463623 -0.8873892864954052 0.40911456216049924 0.2125218323876366
3.2049477100372314 13.363930702209473 12.551711082458496 -0.8477771975707776 0.4214814651784609 0.3219117857271717
3.3230643272399902 14.071724891662598 11.685107231140137 -0.8335278487834888 0.5086538704744723 0.21564453471792042
3.7009048461914062 14.19932746887207 12.585932731628418 -0.7858160165616734 0.5249833482985549 0.3269337427130793
3.6471641063690186 13.438130378723145 13.438130378723145 -0.7923172185997428 0.4314124622158979 0.4314124622158979
3.8524019718170166 11.696118354797363 14.8301362991333 -0.7674104598929115 0.21763505119834084 0.6030888579113743
3.8524019718170166 14.8301362991333 11.696118354797363 -0.7674104598929115 0.6030888579113743 0.21763505119834084
10 -10 -10 0.4287766317894328 -0.8575532635788656 -0.28417072360914586
4.157348155975342 -2.777851104736328 -10 -0.7885234526654246 0.545758974447766 -0.2835099758497407
4.409606456756592 -2.3569836616516113 -10 -0.8407443305636565 0.4672446924687925 -0.27355322696837736
4.6193976402282715 -1.9134172201156616 -10 -0.8860343502457824 0.3841222441305927 -0.2596020642225549
4.784701824188232 -1.4514234066009521 -10 -0.24748515350597738 0.0795215717274054 -0.9656228137446453
4.903926372528076 -0.9754515886306763 -10 -0.9730583252267014 0.21017208312956984 -0.0947902483380238
4.975923538208008 -0.4900856912136078 -10 -0.9848554964293014 0.1133101534929581 -0.13122675134436854
5 0 -10 -0.9862652663818113 0.016150765518618222 -0.16437754439696856
4.975923538208008 0.4900856912136078 -10 -0.9777304741742836 -0.08015791500237913 -0.19395316066876034
4.784701824188232 1.4514234066009521 -10 -0.9330651333163821 -0.26643905526496775 -0.2416602714944959
4.6193976402282715 1.9134172201156616 -10 -0.8981363293275062 -0.35490552049205903 -0.2596020136023098
4.903926372528076 0.9754515886306763 -10 -0.9597980344354532 -0.17462938959010754 -0.2197551123073751
4.409606456756592 2.3569836616516113 -10 -0.8555923101460421 -0.4394660590627734 -0.27355325212980713
4.157348155975342 2.777851104736328 -10 -0.8059701701738067 -0.5196481206646459 -0.2835099918516223
10 -10 10 0.8184486769705429 -0.4993795541221245 0.2841862489459265
4.157348155975342 -2.777851104736328 10 -0.8059701701738067 0.5196481206646459 0.2835099918516223
4.409606456756592 -2.3569836616516113 10 -0.8555923101460421 0.4394660590627734 0.27355325212980713
4.6193976402282715 -1.9134172201156616 10 -0.8981363293275062 0.35490552049205903 0.2596020136023098
4.784701824188232 -1.4514234066009521 10 -0.9330651333163821 0.26643905526496775 0.2416602714944959
4.903926372528076 -0.9754515886306763 10 -0.959798037578414 0.17462939016195003 0.21975509812582542
4.975923538208008 -0.4900856912136078 10 -0.9777304741742836 0.08015791500237913 0.19395316066876034
5 0 10 -0.9862652663818113 -0.016150765518618222 0.16437754439696856
4.975923538208008 0.4900856912136078 10 -0.9848554964293014 -0.1133101534929581 0.13122675134436854
4.784701824188232 1.4514234066009521 10 -0.6199429553429237 -0.19919916737420515 0.7589403295635995
4.6193976402282715 1.9134172201156616 10 -0.915691143022496 -0.39697936424740826 0.06258685925878145
4.903926372528076 0.9754515886306763 10 -0.9730583252267014 -0.21017208312956984 0.0947902483380238
4.409606456756592 2.3569836616516113 10 -0.8701706463147609 -0.48359840744216026 0.09452844339963301
4.157348155975342 2.777851104736328 10 -0.8196449718335678 -0.5672989974687163 0.0797117784203763
4.924853801727295 3.8159162998199463 10 -0.37946126824878995 -0.4656765280743698 0.7994713985500798
5.555438041687012 3.348242998123169 10 -0.3049647531071466 -0.4631926151253161 0.8321352658406371
5.355638027191162 3.5379178524017334 10.819387435913086 -0.579799342140913 -0.8074333501540752 0.10901425554454272
6.22882604598999 2.9446299076080322 10 -0.1813111055139047 -0.34731517160075703 0.9200535063751796
6.0750226974487305 3.076958179473877 10.816117286682129 -0.4898508102338568 -0.865104480801722 0.10789078278526507
6.93853235244751 2.60896372795105 10 -0.017655857037750786 -0.044144478021220075 0.9988691284510182
6.83193826675415 2.6989760398864746 10.811439514160156 -0.39538401418818003 -0.9123437416986361 0.10630323752253952
10 3.348242998123169 5.555438041687012 0.9895976936116078 -0.1201574150578083 -0.07911131654328847
10 3.8159162998199463 4.924853801727295 0.9860486815095273 -0.12904056685329726 -0.10515003470994583
10.819387435913086 3.5379178524017334 5.355638027191162 0.10901426290657966 -0.8074333494982622 -0.5797993416699887
10 2.9446299076080322 6.22882604598999 0.9917559057123833 -0.11359439823982821 -0.059300389316947776
10 2.60896372795105 6.93853235244751 0.9931503924545189 -0.1084876857566959 -0.04339032157741408
10.816117286682129 3.076958179473877 6.0750226974487305 0.10789077699647662 -0.8651044941265286 -0.48985078797648135
10.811439514160156 2.6989760398864746 6.83193826675415 0.10630323015615328 -0.9123437424212314 -0.3953840145013324
8.439277648925781 2.1537177562713623 10 -0.018495980393467597 -0.10108797856929015 0.9947055440169513
9.215863227844238 2.038522243499756 10 -0.008111445453658543 -0.09846215217660671 0.9951077374040476
8.40990924835205 2.2004241943359375 10.7988920211792 -0.19899763171707413 -0.9746618273226446 0.10214824977002324
9.208368301391602 2.0787224769592285 10.791631698608398 -0.09980486476684419 -0.9899888776838575 0.09980486476684419
7.677722454071045 2.344477415084839 10 -0.030064058375166767 -0.10439441636566499 0.9940814645820968
7.614159107208252 2.406662702560425 10.8056001663208 -0.29795125247560517 -0.9488602319062024 0.10435186368784322
10 2.1537177562713623 8.439277648925781 0.9947055440169513 -0.10108797856929015 -0.018495980393467597
10 2.038522243499756 9.215863227844238 0.9951077374040476 -0.09846215217660671 -0.008111445453658543
10.7988920211792 2.2004241943359375 8.40990924835205 0.10214824977002324 -0.9746618273226446 -0.19899763171707413
10.791631698608398 2.0787224769592285 9.208368301391602 0.09980486476684419 -0.9899888776838575 -0.09980486476684419
10 2 10 0.7004519054025384 -0.13687313993587916 0.7004519054025384
10 2.038522243499756 10.784136772155762 -3.644589414483397e-10 -0.9966238310456639 0.08210322400407981
10.784136772155762 2.038522243499756 10 0.08210322400407981 -0.9966238310456639 -3.644589414483397e-10
10.791631698608398 2.0787224769592285 10.791631698608398 0.09980485746469413 -0.9899888791561774 0.09980485746469413
10 2.344477415084839 7.677722454071045 0.994081464582097 -0.104394416365665 -0.030064058375166774
10.8056001663208 2.406662702560425 7.614159107208252 0.10435186368784322 -0.9488602319062024 -0.29795125247560517
5.169863224029541 3.8524019718170166 11.696118354797363 -0.6030889769949428 -0.7674104001282901 0.2176349319436821
5.928275108337402 3.3230643272399902 11.685107231140137 -0.5086539955532852 -0.8335277987971959 0.21564443289818572
5.80067253112793 3.7009048461914062 12.585932731628418 -0.5249833041351347 -0.7858159800700707 0.3269339013407307
6.728739261627197 2.892418384552002 11.66767406463623 -0.4091145908614441 -0.8873892841064652 0.2125217871120241
7.4956374168396 2.826692581176758 12.504362106323242 -0.3150112638949369 -0.8952853112067088 0.3150112936972594
6.636068820953369 3.2049477100372314 12.551711082458496 -0.4214815723779647 -0.8477771138093876 0.3219118659615135
6.561870098114014 3.6471641063690186 13.438130378723145 -0.43141255535652623 -0.7923171658522072 0.4314124659495575
7.448288440704346 3.2049477100372314 13.363930702209473 -0.321911777640022 -0.8477771762727034 0.42148151419454033
7.414066791534424 3.7009048461914062 14.19932746887207 -0.32693377956019026 -0.7858160334944839 0.5249833000062811
9.2011079788208 2.2004241943359375 11.59009075164795 -0.1021482420942842 -0.9746618251742637 0.1989976461795983
7.552255153656006 2.563443660736084 11.645045280456543 -0.30682641070509464 -0.9286431014437471 0.20851749047685883
8.354954719543457 2.563443660736084 12.447745323181152 -0.2085174743168804 -0.9286430958375405 0.3068264386551095
8.381321907043457 2.334508180618286 11.618678092956543 -0.20391593853592765 -0.9575158348272131 0.20391595343708885
9.1943998336792 2.406662702560425 12.38584041595459 -0.10435174392344615 -0.9488602268586683 0.29795131049527557
8.33232593536377 2.892418384552002 13.271260261535645 -0.21252179576165184 -0.8873892606185254 0.40911463731471354
8.314892768859863 3.3230643272399902 14.071724891662598 -0.21564447788504437 -0.8335278594971673 0.508653877012411
9.188560485839844 2.6989760398864746 13.168061256408691 -0.10630312326891916 -0.9123437202861269 0.39538409431556837
9.183882713317871 3.076958179473877 13.92497730255127 -0.10789071219569683 -0.8651046314127321 0.48985055979364345
10 2.1537177562713623 11.560722351074219 1.0699620924833005e-9 -0.983670031575668 0.1799813017508327
10.7988920211792 2.2004241943359375 11.59009075164795 0.10214825623416302 -0.9746618179103821 0.1989976744988467
10 2.344477415084839 12.322277069091797 7.249475298073758e-10 -0.9609453457689816 0.27673822006533977
10.8056001663208 2.406662702560425 12.38584041595459 0.10435173748060297 -0.9488602360219269 0.2979512835703049
10 2.60896372795105 13.061467170715332 7.19762036523957e-10 -0.9284907096474333 0.3713556275302768
10 2.9446299076080322 13.771173477172852 1.6786377749910586e-9 -0.8864768694195103 0.4627729032518913
10 3.348242998123169 14.444561958312988 5.071684230891521e-10 -0.835224457400827 0.5499091795555825
10.811439514160156 2.6989760398864746 13.168061256408691 0.10630310367497657 -0.9123437439548656 0.39538404496828866
10.816117286682129 3.076958179473877 13.92497730255127 0.10789071955954979 -0.8651046307173192 0.4898505593998779
8.303881645202637 3.8524019718170166 14.8301362991333 -0.2176350370029732 -0.7674104623816349 0.6030888598672004
9.180612564086914 3.5379178524017334 14.644362449645996 -0.10901440655267751 -0.8074333649416771 0.5797992931549056
10 3.8159162998199463 15.075146675109863 1.0363730973941515e-9 -0.775217770739739 0.631694077801359
10.819387435913086 3.5379178524017334 14.644362449645996 0.10901441243560119 -0.8074334129352095 0.5797992252125904
11.696118354797363 3.8524019718170166 5.169863224029541 0.21763494613905032 -0.7674103976395679 -0.6030889750391172
11.66767406463623 2.892418384552002 6.728739261627197 0.2125217871120241 -0.8873892841064652 -0.4091145908614441
11.685107231140137 3.3230643272399902 5.928275108337402 0.21564443289818572 -0.8335277987971959 -0.5086539955532852
12.504362106323242 2.826692581176758 7.4956374168396 0.3150112936972594 -0.8952853112067088 -0.3150112638949369
12.585932731628418 3.7009048461914062 5.80067253112793 0.3269339013407307 -0.7858159800700707 -0.5249833041351347
12.551711082458496 3.2049477100372314 6.636068820953369 0.3219118659615135 -0.8477771138093876 -0.4214815723779647
13.438130378723145 3.6471641063690186 6.561870098114014 0.4314124659495575 -0.7923171658522072 -0.43141255535652623
13.363930702209473 3.2049477100372314 7.448288440704346 0.42148151419454033 -0.8477771762727034 -0.321911777640022
14.19932746887207 3.7009048461914062 7.414066791534424 0.5249833000062811 -0.7858160334944839 -0.32693377956019026
11.59009075164795 2.2004241943359375 9.2011079788208 0.1989976603392226 -0.974661821542323 -0.10214824916422365
11.560722351074219 2.1537177562713623 10 0.1799813017508327 -0.983670031575668 1.0699620924833005e-9
11.59009075164795 2.2004241943359375 10.7988920211792 0.1989976744988467 -0.9746618179103821 0.10214825623416302
11.645045280456543 2.563443660736084 7.552255153656006 0.20851749047685883 -0.9286431014437471 -0.30682641070509464
11.618678092956543 2.334508180618286 8.381321907043457 0.20391595343708885 -0.9575158348272131 -0.20391593853592765
12.447745323181152 2.563443660736084 8.354954719543457 0.3068264386551095 -0.9286430958375405 -0.2085174743168804
12.38584041595459 2.406662702560425 9.1943998336792 0.29795131049527557 -0.9488602268586683 -0.10435174392344615
12.322277069091797 2.344477415084839 10 0.27673822006533977 -0.9609453457689816 7.249475298073758e-10
12.38584041595459 2.406662702560425 10.8056001663208 0.2979512835703049 -0.9488602360219269 0.10435173748060297
13.271260261535645 2.892418384552002 8.33232593536377 0.40911463731471354 -0.8873892606185254 -0.21252179576165184
13.168061256408691 2.6989760398864746 9.188560485839844 0.39538409431556837 -0.9123437202861269 -0.10630312326891916
13.92497730255127 3.076958179473877 9.183882713317871 0.48985055979364345 -0.8651046314127321 -0.10789071219569683
14.071724891662598 3.3230643272399902 8.314892768859863 0.508653877012411 -0.8335278594971673 -0.21564447788504437
13.061467170715332 2.60896372795105 10 0.3713556275302768 -0.9284907096474333 7.19762036523957e-10
13.168061256408691 2.6989760398864746 10.811439514160156 0.39538404496828866 -0.9123437439548656 0.10630310367497657
13.771173477172852 2.9446299076080322 10 0.4627729032518913 -0.8864768694195103 2.572064213957931e-10
13.92497730255127 3.076958179473877 10.816117286682129 0.4898505593998779 -0.8651046307173192 0.10789071955954979
14.444561958312988 3.348242998123169 10 0.5499091795555825 -0.835224457400827 -4.328143439479751e-10
14.8301362991333 3.8524019718170166 8.303881645202637 0.6030888598672004 -0.7674104623816349 -0.2176350370029732
14.644362449645996 3.5379178524017334 9.180612564086914 0.5797992256835152 -0.8074334135910236 -0.10901440507356444
15.075146675109863 3.8159162998199463 10 0.6316940127927727 -0.7752178237126416 1.036373088528309e-9
14.644362449645996 3.5379178524017334 10.819387435913086 0.5797992926839807 -0.807433364285863 0.10901441391471432
11.618678092956543 2.334508180618286 11.618678092956543 0.2039159254936136 -0.9575158435556906 0.2039159254936136
11.645045280456543 2.563443660736084 12.447745323181152 0.2085174581569019 -0.928643090231333 0.3068264666051237
12.447745323181152 2.563443660736084 11.645045280456543 0.3068264666051237 -0.928643090231333 0.2085174581569019
12.504362106323242 2.826692581176758 12.504362106323242 0.31501135828251337 -0.8952852657573181 0.3150113284801904
11.66767406463623 2.892418384552002 13.271260261535645 0.2125218323876366 -0.8873892864954052 0.40911456216049924
11.685107231140137 3.3230643272399902 14.071724891662598 0.21564453471792042 -0.8335278487834888 0.5086538704744723
12.551711082458496 3.2049477100372314 13.363930702209473 0.3219117857271717 -0.8477771975707776 0.4214814651784609
12.585932731628418 3.7009048461914062 14.19932746887207 0.3269337427130793 -0.7858160165616734 0.5249833482985549
13.271260261535645 2.892418384552002 11.66767406463623 0.40911456216049924 -0.8873892864954052 0.2125218323876366
13.363930702209473 3.2049477100372314 12.551711082458496 0.4214814651784609 -0.8477771975707776 0.3219117857271717
14.071724891662598 3.3230643272399902 11.685107231140137 0.5086538704744723 -0.8335278487834888 0.21564453471792042
14.19932746887207 3.7009048461914062 12.585932731628418 0.5249833482985549 -0.7858160165616734 0.3269337427130793
13.438130378723145 3.6471641063690186 13.438130378723145 0.4314124622158979 -0.7923172185997428 0.4314124622158979
11.696118354797363 3.8524019718170166 14.8301362991333 0.2176350795890756 -0.7674104549154639 0.6030888539997217
14.8301362991333 3.8524019718170166 11.696118354797363 0.6030888579113743 -0.7674104598929115 0.21763505119834084
10 10 -10 0.859886811740181 0.35866024533616014 -0.36325954827190987
4.924853801727295 10 3.8159162998199463 -0.03961361896439521 0.9980317828722367 -0.048614005897561936
5.555438041687012 10 3.348242998123169 -0.03501596272057846 0.9979706321843802 -0.05318364083305885
5.355638027191162 10.819387435913086 3.5379178524017334 -0.579799342140913 0.10901425554454272 -0.8074333501540752
6.22882604598999 10 2.9446299076080322 -0.03025759677534787 0.9978602267939354 -0.057960724806858
6.0750226974487305 10.816117286682129 3.076958179473877 -0.4898508102338568 0.10789078278526507 -0.865104480801722
6.93853235244751 10 2.60896372795105 -0.025250895083570844 0.9976855569667028 -0.06313415650437085
6.83193826675415 10.811439514160156 2.6989760398864746 -0.39538401418818003 0.10630323752253952 -0.9123437416986361
10 4.924853801727295 3.8159162998199463 0.9660738435344516 -0.16314512033164189 -0.20021238360937174
10 5.555438041687012 3.348242998123169 0.9290715250498898 -0.20341154483030763 -0.3089495828953645
10.819387435913086 5.355638027191162 3.5379178524017334 0.10901425554454272 -0.579799342140913 -0.8074333501540752
10 6.22882604598999 2.9446299076080322 0.9999482960047521 -0.004705864810139184 -0.009014441390421275
10 6.93853235244751 2.60896372795105 0.9931503924545189 -0.04339032157741408 -0.1084876857566959
10.816117286682129 6.0750226974487305 3.076958179473877 0.10789077699647662 -0.48985078797648135 -0.8651044941265286
10.811439514160156 6.83193826675415 2.6989760398864746 0.10630323752253952 -0.39538401418818003 -0.9123437416986361
8.439277648925781 10 2.1537177562713623 -0.0012838131653231607 0.9999745595595902 -0.007016555947194632
9.215863227844238 10 2.038522243499756 -0.008111445453658543 0.9951077374040476 -0.09846215217660671
8.40990924835205 10.7988920211792 2.2004241943359375 -0.19899763171707413 0.10214824977002324 -0.9746618273226446
9.208368301391602 10.791631698608398 2.0787224769592285 -0.09980486476684419 0.09980486476684419 -0.9899888776838575
7.677722454071045 10 2.344477415084839 -0.01986659297084953 0.9974198831362464 -0.06898474619948272
7.614159107208252 10.8056001663208 2.406662702560425 -0.29795125247560517 0.10435186368784322 -0.9488602319062024
10 8.439277648925781 2.1537177562713623 0.9947055440169513 -0.018495980393467597 -0.10108797856929015
10 9.215863227844238 2.038522243499756 0.9951077374040476 -0.008111445453658543 -0.09846215217660671
10.7988920211792 8.40990924835205 2.2004241943359375 0.10214824977002324 -0.19899763171707413 -0.9746618273226446
10.791631698608398 9.208368301391602 2.0787224769592285 0.09980486476684419 -0.09980486476684419 -0.9899888776838575
10 7.677722454071045 2.344477415084839 0.9940814645820968 -0.030064058375166767 -0.10439441636566499
10.8056001663208 7.614159107208252 2.406662702560425 0.10435186368784322 -0.29795125247560517 -0.9488602319062024
10 10 2 0.7004519054025384 0.7004519054025384 -0.13687313993587916
10 10.784136772155762 2.038522243499756 -3.644589414483397e-10 0.08210322400407981 -0.9966238310456639
10.784136772155762 10 2.038522243499756 0.08210322400407981 -3.644589414483397e-10 -0.9966238310456639
10.791631698608398 10.791631698608398 2.0787224769592285 0.09980485746469413 0.09980485746469413 -0.9899888791561774
5.169863224029541 11.696118354797363 3.8524019718170166 -0.6030889769949428 0.2176349319436821 -0.7674104001282901
5.928275108337402 11.685107231140137 3.3230643272399902 -0.5086539955532852 0.21564443289818572 -0.8335277987971959
5.80067253112793 12.585932731628418 3.7009048461914062 -0.5249833041351347 0.3269339013407307 -0.7858159800700707
6.728739261627197 11.66767406463623 2.892418384552002 -0.4091145908614441 0.2125217871120241 -0.8873892841064652
7.4956374168396 12.504362106323242 2.826692581176758 -0.3150112638949369 0.3150112936972594 -0.8952853112067088
6.636068820953369 12.551711082458496 3.2049477100372314 -0.4214815723779647 0.3219118659615135 -0.8477771138093876
6.561870098114014 13.438130378723145 3.6471641063690186 -0.43141255535652623 0.4314124659495575 -0.7923171658522072
7.448288440704346 13.363930702209473 3.2049477100372314 -0.321911777640022 0.42148151419454033 -0.8477771762727034
7.414066791534424 14.19932746887207 3.7009048461914062 -0.32693377956019026 0.5249833000062811 -0.7858160334944839
9.2011079788208 11.59009075164795 2.2004241943359375 -0.1021482420942842 0.1989976461795983 -0.9746618251742637
7.552255153656006 11.645045280456543 2.563443660736084 -0.30682641070509464 0.20851749047685883 -0.9286431014437471
8.354954719543457 12.447745323181152 2.563443660736084 -0.2085174743168804 0.3068264386551095 -0.9286430958375405
8.381321907043457 11.618678092956543 2.334508180618286 -0.20391593853592765 0.20391595343708885 -0.9575158348272131
9.1943998336792 12.38584041595459 2.406662702560425 -0.10435174392344615 0.29795131049527557 -0.9488602268586683
8.33232593536377 13.271260261535645 2.892418384552002 -0.21252179576165184 0.40911463731471354 -0.8873892606185254
8.314892768859863 14.071724891662598 3.3230643272399902 -0.21564447788504437 0.508653877012411 -0.8335278594971673
9.188560485839844 13.168061256408691 2.6989760398864746 -0.10630312326891916 0.39538409431556837 -0.9123437202861269
9.183882713317871 13.92497730255127 3.076958179473877 -0.10789071219569683 0.48985055979364345 -0.8651046314127321
10 11.560722351074219 2.1537177562713623 1.0699620924833005e-9 0.1799813017508327 -0.983670031575668
10.7988920211792 11.59009075164795 2.2004241943359375 0.10214825623416302 0.1989976744988467 -0.9746618179103821
10 12.322277069091797 2.344477415084839 7.249475298073758e-10 0.27673822006533977 -0.9609453457689816
10.8056001663208 12.38584041595459 2.406662702560425 0.10435173748060297 0.2979512835703049 -0.9488602360219269
10 13.061467170715332 2.60896372795105 7.19762036523957e-10 0.3713556275302768 -0.9284907096474333
10 13.771173477172852 2.9446299076080322 1.6786377749910586e-9 0.4627729032518913 -0.8864768694195103
10 14.444561958312988 3.348242998123169 5.071684230891521e-10 0.5499091795555825 -0.835224457400827
10.811439514160156 13.168061256408691 2.6989760398864746 0.10630310367497657 0.39538404496828866 -0.9123437439548656
10.816117286682129 13.92497730255127 3.076958179473877 0.10789071955954979 0.4898505593998779 -0.8651046307173192
8.303881645202637 14.8301362991333 3.8524019718170166 -0.2176350370029732 0.6030888598672004 -0.7674104623816349
9.180612564086914 14.644362449645996 3.5379178524017334 -0.10901440655267751 0.5797992931549056 -0.8074333649416771
10 15.075146675109863 3.8159162998199463 1.0363730973941515e-9 0.631694077801359 -0.775217770739739
10.819387435913086 14.644362449645996 3.5379178524017334 0.10901441243560119 0.5797992252125904 -0.8074334129352095
11.696118354797363 5.169863224029541 3.8524019718170166 0.21763494613905032 -0.6030889750391172 -0.7674103976395679
11.685107231140137 5.928275108337402 3.3230643272399902 0.21564443289818572 -0.5086539955532852 -0.8335277987971959
11.66767406463623 6.728739261627197 2.892418384552002 0.2125217871120241 -0.4091145908614441 -0.8873892841064652
12.585932731628418 5.80067253112793 3.7009048461914062 0.3269339013407307 -0.5249833041351347 -0.7858159800700707
12.504362106323242 7.4956374168396 2.826692581176758 0.3150112936972594 -0.3150112638949369 -0.8952853112067088
12.551711082458496 6.636068820953369 3.2049477100372314 0.3219118659615135 -0.4214815723779647 -0.8477771138093876
13.438130378723145 6.561870098114014 3.6471641063690186 0.4314124659495575 -0.43141255535652623 -0.7923171658522072
13.363930702209473 7.448288440704346 3.2049477100372314 0.42148151419454033 -0.321911777640022 -0.8477771762727034
14.19932746887207 7.414066791534424 3.7009048461914062 0.5249833000062811 -0.32693377956019026 -0.7858160334944839
11.59009075164795 9.2011079788208 2.2004241943359375 0.1989976461795983 -0.1021482420942842 -0.9746618251742637
11.645045280456543 7.552255153656006 2.563443660736084 0.20851749047685883 -0.30682641070509464 -0.9286431014437471
11.618678092956543 8.381321907043457 2.334508180618286 0.20391595343708885 -0.20391593853592765 -0.9575158348272131
12.447745323181152 8.354954719543457 2.563443660736084 0.3068264386551095 -0.2085174743168804 -0.9286430958375405
12.38584041595459 9.1943998336792 2.406662702560425 0.29795131049527557 -0.10435174392344615 -0.9488602268586683
11.560722351074219 10 2.1537177562713623 0.1799813017508327 1.0699620924833005e-9 -0.983670031575668
11.59009075164795 10.7988920211792 2.2004241943359375 0.1989976744988467 0.10214825623416302 -0.9746618179103821
12.322277069091797 10 2.344477415084839 0.27673822006533977 7.249475298073758e-10 -0.9609453457689816
12.38584041595459 10.8056001663208 2.406662702560425 0.2979512835703049 0.10435173748060297 -0.9488602360219269
13.271260261535645 8.33232593536377 2.892418384552002 0.40911463731471354 -0.21252179576165184 -0.8873892606185254
13.168061256408691 9.188560485839844 2.6989760398864746 0.39538409431556837 -0.10630312326891916 -0.9123437202861269
14.071724891662598 8.314892768859863 3.3230643272399902 0.508653877012411 -0.21564447788504437 -0.8335278594971673
13.92497730255127 9.183882713317871 3.076958179473877 0.48985055979364345 -0.10789071219569683 -0.8651046314127321
13.061467170715332 10 2.60896372795105 0.3713556275302768 7.19762036523957e-10 -0.9284907096474333
13.168061256408691 10.811439514160156 2.6989760398864746 0.39538404496828866 0.10630310367497657 -0.9123437439548656
13.771173477172852 10 2.9446299076080322 0.4627729032518913 2.572064213957931e-10 -0.8864768694195103
14.444561958312988 10 3.348242998123169 0.5499091795555825 5.071684230891521e-10 -0.835224457400827
13.92497730255127 10.816117286682129 3.076958179473877 0.4898505593998779 0.10789071955954979 -0.8651046307173192
14.8301362991333 8.303881645202637 3.8524019718170166 0.6030888598672004 -0.2176350370029732 -0.7674104623816349
14.644362449645996 9.180612564086914 3.5379178524017334 0.5797992256835152 -0.10901440507356444 -0.8074334135910236
15.075146675109863 10 3.8159162998199463 0.6316940127927727 1.036373088528309e-9 -0.7752178237126416
14.644362449645996 10.819387435913086 3.5379178524017334 0.5797992926839807 0.10901441391471432 -0.807433364285863
11.618678092956543 11.618678092956543 2.334508180618286 0.2039159254936136 0.2039159254936136 -0.9575158435556906
11.645045280456543 12.447745323181152 2.563443660736084 0.2085174581569019 0.3068264666051237 -0.928643090231333
12.447745323181152 11.645045280456543 2.563443660736084 0.3068264666051237 0.2085174581569019 -0.928643090231333
12.504362106323242 12.504362106323242 2.826692581176758 0.31501135828251337 0.3150113284801904 -0.8952852657573181
11.66767406463623 13.271260261535645 2.892418384552002 0.2125218323876366 0.40911456216049924 -0.8873892864954052
11.685107231140137 14.071724891662598 3.3230643272399902 0.21564453471792042 0.5086538704744723 -0.8335278487834888
12.551711082458496 13.363930702209473 3.2049477100372314 0.3219117857271717 0.4214814651784609 -0.8477771975707776
12.585932731628418 14.19932746887207 3.7009048461914062 0.3269337427130793 0.5249833482985549 -0.7858160165616734
13.271260261535645 11.66767406463623 2.892418384552002 0.40911456216049924 0.2125218323876366 -0.8873892864954052
13.363930702209473 12.551711082458496 3.2049477100372314 0.4214814651784609 0.3219117857271717 -0.8477771975707776
14.071724891662598 11.685107231140137 3.3230643272399902 0.5086538704744723 0.21564453471792042 -0.8335278487834888
14.19932746887207 12.585932731628418 3.7009048461914062 0.5249833482985549 0.3269337427130793 -0.7858160165616734
13.438130378723145 13.438130378723145 3.6471641063690186 0.4314124622158979 0.4314124622158979 -0.7923172185997428
11.696118354797363 14.8301362991333 3.8524019718170166 0.2176350795890756 0.6030888539997217 -0.7674104549154639
14.8301362991333 11.696118354797363 3.8524019718170166 0.6030888579113743 0.21763505119834084 -0.7674104598929115
4.343145847320557 4.343145847320557 10 -0.38405716791546757 -0.38405716791546757 0.8396428904870811
4.0767130851745605 4.685819149017334 10.821069717407227 -0.7399613192739766 -0.6636608777613531 0.10959692197934559
4.685819149017334 4.0767130851745605 10.821069717407227 -0.6636608777613531 -0.7399613192739766 0.10959692197934559
4.343145847320557 10 4.343145847320557 -0.044121728635730675 0.9980513744915088 -0.044121728635730675
4.0767130851745605 10.821069717407227 4.685819149017334 -0.7399613192739766 0.10959692197934559 -0.6636608777613531
4.685819149017334 10.821069717407227 4.0767130851745605 -0.6636608777613531 0.10959692197934559 -0.7399613192739766
10 4.343145847320557 4.343145847320557 0.9796231780118173 -0.14201835990819522 -0.14201835990819522
10.821069717407227 4.0767130851745605 4.685819149017334 0.10959692197934559 -0.7399613192739766 -0.6636608777613531
10.821069717407227 4.685819149017334 4.0767130851745605 0.10959692197934559 -0.6636608777613531 -0.7399613192739766
4.472324848175049 4.472324848175049 11.699885368347168 -0.6900495175037822 -0.6900495175037822 0.21831932297805212
4.309352397918701 5.016412734985352 12.603917121887207 -0.7100635327351326 -0.6222404974677179 0.32958541046416195
5.016412734985352 4.309352397918701 12.603917121887207 -0.6222404974677179 -0.7100635327351326 0.32958541046416195
4.220521926879883 5.705460548400879 13.486339569091797 -0.720920511976203 -0.5371540254631201 0.4378803128033219
5.705460548400879 4.220521926879883 13.486339569091797 -0.5371540254631201 -0.720920511976203 0.4378803128033219
4.914313316345215 4.914313316345215 13.503082275390625 -0.6349354785633948 -0.6349354785633948 0.4401293856617001
4.878395080566406 5.654360771179199 14.3456392288208 -0.6393918828610637 -0.5436808924801008 0.5436810712940305
5.654360771179199 4.878395080566406 14.3456392288208 -0.5436808924801008 -0.6393918828610637 0.5436810712940305
4.220521926879883 6.513660430908203 14.294539451599121 -0.7209203940098726 -0.43788043276757577 0.5371540859938891
6.513660430908203 4.220521926879883 14.294539451599121 -0.43788043276757577 -0.7209203940098726 0.5371540859938891
5.654360771179199 5.654360771179199 15.121604919433594 -0.5436809697032252 -0.5436809697032252 0.6393919035811458
4.309352397918701 7.396082401275635 14.983587265014648 -0.7100635118115233 -0.3295854901591576 0.6222404791320107
4.914313316345215 6.496918201446533 15.085686683654785 -0.6349354346595769 -0.44012942634764024 0.6349354942642214
5.705460548400879 6.513660430908203 15.779478073120117 -0.5371541988463064 -0.43788030837625314 0.7209203854782442
5.016412734985352 7.396082401275635 15.69064712524414 -0.6222404181576671 -0.32958560864294983 0.7100635102485043
6.496918201446533 4.914313316345215 15.085686683654785 -0.44012944300438284 -0.634935399084126 0.6349355182934193
6.513660430908203 5.705460548400879 15.779478073120117 -0.43788030837625314 -0.5371541988463064 0.7209203854782442
7.396082401275635 4.309352397918701 14.983587265014648 -0.3295854901591576 -0.7100635118115233 0.6222404791320107
7.396082401275635 5.016412734985352 15.69064712524414 -0.32958560864294983 -0.6222404181576671 0.7100635102485043
6.561870098114014 6.561870098114014 16.35283660888672 -0.43141238405050725 -0.43141238405050725 0.7923173037210001
5.80067253112793 7.414066791534424 16.299095153808594 -0.5249832856471915 -0.32693371101341084 0.7858160716058681
7.414066791534424 5.80067253112793 16.299095153808594 -0.32693371101341084 -0.5249832856471915 0.7858160716058681
6.636068820953369 7.448288440704346 16.79505157470703 -0.4214815519135032 -0.3219118432911001 0.8477771325917626
7.448288440704346 6.636068820953369 16.79505157470703 -0.3219118432911001 -0.4214815519135032 0.8477771325917626
7.4956374168396 7.4956374168396 17.173307418823242 -0.315011266852284 -0.315011266852284 0.895285319611708
4.472324848175049 8.300114631652832 15.52767562866211 -0.690049513014028 -0.2183193513598959 0.690049513014028
4.0767130851745605 9.178930282592773 15.314181327819824 -0.7399612479289758 -0.10959710650497163 0.6636609268362351
4.685819149017334 9.178930282592773 15.923286437988281 -0.6636606576244809 -0.10959691009722494 0.7399615184714559
5.169863224029541 8.303881645202637 16.147598266601562 -0.6030888635743745 -0.21763479992218884 0.7674105267035358
5.355638027191162 9.180612564086914 16.462081909179688 -0.5797994124378443 -0.10901421285143002 0.8074333054395971
4.343145847320557 10 15.656854629516602 -0.7071065129656019 8.798900970727448e-11 0.7071070494073914
4.0767130851745605 10.821069717407227 15.314181327819824 -0.7399612485332001 0.10959709914388406 0.6636609273781555
4.685819149017334 10.821069717407227 15.923286437988281 -0.6636606920603666 0.10959689103969579 0.7399614904090537
4.924853801727295 10 16.184083938598633 -0.6316938469554126 5.212978439473381e-10 0.775217958846847
5.555438041687012 10 16.651756286621094 -0.5499095801219485 2.3866755292502718e-11 0.8352241936690427
5.355638027191162 10.819387435913086 16.462081909179688 -0.5797994124378443 0.10901421285143002 0.8074333054395971
5.928275108337402 8.314892768859863 16.67693519592285 -0.5086540453936738 -0.21564460757254886 0.8335277231919356
6.0750226974487305 9.183882713317871 16.92304229736328 -0.48985102364083044 -0.10789070188404613 0.8651043700531159
6.728739261627197 8.33232593536377 17.107582092285156 -0.4091145347551463 -0.21252186343510684 0.887389291694547
6.83193826675415 9.188560485839844 17.301023483276367 -0.395384024728786 -0.1063035011268228 0.912343706416308
6.22882604598999 10 17.055370330810547 -0.4627732108069848 6.760129224780895e-10 0.8864767088645895
6.0750226974487305 10.816117286682129 16.92304229736328 -0.48985102324706453 0.10789070924789891 0.8651043693577032
6.93853235244751 10 17.391036987304688 -0.3713562235856544 2.3666607851438975e-10 0.9284904712511601
6.83193826675415 10.811439514160156 17.301023483276367 -0.3953840501853086 0.10630349250782416 0.9123436963884282
8.300114631652832 4.472324848175049 15.52767562866211 -0.21831936033940486 -0.690049541395872 0.6900494817912262
8.303881645202637 5.169863224029541 16.147598266601562 -0.21763479992218884 -0.6030888635743745 0.7674105267035358
9.178930282592773 4.0767130851745605 15.314181327819824 -0.10959710650497163 -0.7399612479289758 0.6636609268362351
9.178930282592773 4.685819149017334 15.923286437988281 -0.10959691009722494 -0.6636606576244809 0.7399615184714559
9.180612564086914 5.355638027191162 16.462081909179688 -0.10901421285143002 -0.5797994124378443 0.8074333054395971
8.314892768859863 5.928275108337402 16.67693519592285 -0.21564460757254886 -0.5086540453936738 0.8335277231919356
8.33232593536377 6.728739261627197 17.107582092285156 -0.21252189189139056 -0.4091145321639599 0.8873892860741379
9.183882713317871 6.0750226974487305 16.92304229736328 -0.10789070924789891 -0.48985102324706453 0.8651043693577032
9.188560485839844 6.83193826675415 17.301023483276367 -0.1063035011268228 -0.395384024728786 0.912343706416308
10 4.343145847320557 15.656854629516602 8.798900970727448e-11 -0.7071065129656019 0.7071070494073914
10 4.924853801727295 16.184083938598633 5.212978439473381e-10 -0.6316938469554126 0.775217958846847
10.821069717407227 4.0767130851745605 15.314181327819824 0.10959709914388406 -0.7399612485332001 0.6636609273781555
10.821069717407227 4.685819149017334 15.923286437988281 0.10959689103969579 -0.6636606920603666 0.7399614904090537
10 5.555438041687012 16.651756286621094 2.3866757433105962e-11 -0.5499096490783952 0.8352241482682814
10.819387435913086 5.355638027191162 16.462081909179688 0.10901421285143002 -0.5797994124378443 0.8074333054395971
10 6.22882604598999 17.055370330810547 2.0220234124629627e-10 -0.4627732108069848 0.8864767088645895
10 6.93853235244751 17.391036987304688 -1.281551408425685e-10 -0.3713562235856544 0.9284904712511601
10.816117286682129 6.0750226974487305 16.92304229736328 0.10789070924789891 -0.48985102324706453 0.8651043693577032
10.811439514160156 6.83193826675415 17.301023483276367 0.10630349250782416 -0.3953840501853086 0.9123436963884282
7.552255153656006 8.354954719543457 17.436555862426758 -0.3068260480118229 -0.20851756154023826 0.9286432053220223
8.354954719543457 7.552255153656006 17.436555862426758 -0.20851756154023826 -0.3068260480118229 0.9286432053220223
7.614159107208252 9.1943998336792 17.593338012695312 -0.2979513974056824 -0.10435265201989805 0.9488600996987991
9.1943998336792 7.614159107208252 17.593338012695312 -0.10435265201989805 -0.2979513974056824 0.9488600996987991
8.381321907043457 8.381321907043457 17.665491104125977 -0.20391624995159957 -0.2039162350504385 0.957515708533563
8.40990924835205 9.2011079788208 17.799575805664062 -0.1989976439582558 -0.1021489189568638 0.9746617546898038
9.2011079788208 8.40990924835205 17.799575805664062 -0.1021489189568638 -0.1989976439582558 0.9746617546898038
9.208368301391602 9.208368301391602 17.92127799987793 -0.09980456671733823 -0.09980457416791892 0.9899889370278462
7.677722454071045 10 17.6555233001709 -0.27673787397535327 2.7529049001477277e-10 0.9609454454377739
7.614159107208252 10.8056001663208 17.593338012695312 -0.29795137001740857 0.10435266031596004 0.9488601073866111
8.439277648925781 10 17.846282958984375 -0.17998098841055257 -2.677909766006295e-10 0.9836700889072315
9.215863227844238 10 17.961477279663086 -0.08210251609295151 -2.817522093256798e-10 0.9966238893640905
8.40990924835205 10.7988920211792 17.799575805664062 -0.1989976438068049 0.10214892632970195 0.9746617539480191
9.208368301391602 10.791631698608398 17.92127799987793 -0.09980457409370404 0.09980457409370404 0.9899889362916884
10 7.677722454071045 17.6555233001709 2.7529049001477277e-10 -0.27673787397535327 0.9609454454377739
10 8.439277648925781 17.846282958984375 1.7014581551727933e-9 -0.17998097399208735 0.9836700915453613
10 9.215863227844238 17.961477279663086 -2.817522093256798e-10 -0.08210251609295151 0.9966238893640905
10.8056001663208 7.614159107208252 17.593338012695312 0.10435266031596004 -0.29795137001740857 0.9488601073866111
10.7988920211792 8.40990924835205 17.799575805664062 0.10214892632970195 -0.1989976438068049 0.9746617539480191
10.791631698608398 9.208368301391602 17.92127799987793 0.09980457409370404 -0.09980457409370404 0.9899889362916884
10 10 18 3.305933027331065e-10 3.305933027331065e-10 1
10 10.784136772155762 17.961477279663086 -2.719861321697968e-10 0.08210252349330917 0.9966238887544441
10.784136772155762 10 17.961477279663086 0.08210252349330917 -2.719861321697968e-10 0.9966238887544441
10.791631698608398 10.791631698608398 17.92127799987793 0.09980457409370404 0.09980457409370404 0.9899889362916884
4.472324848175049 11.699885368347168 4.472324848175049 -0.6900495175037822 0.21831932297805212 -0.6900495175037822
4.309352397918701 12.603917121887207 5.016412734985352 -0.7100635327351326 0.32958541046416195 -0.6222404974677179
5.016412734985352 12.603917121887207 4.309352397918701 -0.6222404974677179 0.32958541046416195 -0.7100635327351326
4.220521926879883 13.486339569091797 5.705460548400879 -0.720920511976203 0.4378803128033219 -0.5371540254631201
5.705460548400879 13.486339569091797 4.220521926879883 -0.5371540254631201 0.4378803128033219 -0.720920511976203
4.914313316345215 13.503082275390625 4.914313316345215 -0.6349354785633948 0.4401293856617001 -0.6349354785633948
4.878395080566406 14.3456392288208 5.654360771179199 -0.6393918828610637 0.5436810712940305 -0.5436808924801008
5.654360771179199 14.3456392288208 4.878395080566406 -0.5436808924801008 0.5436810712940305 -0.6393918828610637
4.220521926879883 14.294539451599121 6.513660430908203 -0.7209203940098726 0.5371540859938891 -0.43788043276757577
6.513660430908203 14.294539451599121 4.220521926879883 -0.43788043276757577 0.5371540859938891 -0.7209203940098726
5.654360771179199 15.121604919433594 5.654360771179199 -0.5436809697032252 0.6393919035811458 -0.5436809697032252
4.309352397918701 14.983587265014648 7.396082401275635 -0.7100635118115233 0.6222404791320107 -0.3295854901591576
4.914313316345215 15.085686683654785 6.496918201446533 -0.6349354346595769 0.6349354942642214 -0.44012942634764024
5.705460548400879 15.779478073120117 6.513660430908203 -0.5371541988463064 0.7209203854782442 -0.43788030837625314
5.016412734985352 15.69064712524414 7.396082401275635 -0.6222404181576671 0.7100635102485043 -0.32958560864294983
6.496918201446533 15.085686683654785 4.914313316345215 -0.44012944300438284 0.6349355182934193 -0.634935399084126
6.513660430908203 15.779478073120117 5.705460548400879 -0.43788030837625314 0.7209203854782442 -0.5371541988463064
7.396082401275635 14.983587265014648 4.309352397918701 -0.3295854901591576 0.6222404791320107 -0.7100635118115233
7.396082401275635 15.69064712524414 5.016412734985352 -0.32958560864294983 0.7100635102485043 -0.6222404181576671
6.561870098114014 16.35283660888672 6.561870098114014 -0.43141238405050725 0.7923173037210001 -0.43141238405050725
5.80067253112793 16.299095153808594 7.414066791534424 -0.5249832856471915 0.7858160716058681 -0.32693371101341084
7.414066791534424 16.299095153808594 5.80067253112793 -0.32693371101341084 0.7858160716058681 -0.5249832856471915
6.636068820953369 16.79505157470703 7.448288440704346 -0.4214815519135032 0.8477771325917626 -0.3219118432911001
7.448288440704346 16.79505157470703 6.636068820953369 -0.3219118432911001 0.8477771325917626 -0.4214815519135032
7.4956374168396 17.173307418823242 7.4956374168396 -0.315011266852284 0.895285319611708 -0.315011266852284
4.0767130851745605 15.314181327819824 9.178930282592773 -0.7399612479289758 0.6636609268362351 -0.10959710650497163
4.472324848175049 15.52767562866211 8.300114631652832 -0.690049513014028 0.690049513014028 -0.2183193513598959
4.685819149017334 15.923286437988281 9.178930282592773 -0.6636606576244809 0.7399615184714559 -0.10959691009722494
5.169863224029541 16.147598266601562 8.303881645202637 -0.6030888635743745 0.7674105267035358 -0.21763479992218884
4.0767130851745605 15.314181327819824 10.821069717407227 -0.7399612485332001 0.6636609273781555 0.10959709914388406
4.343145847320557 15.656854629516602 10 -0.7071065427679242 0.7071070196050905 8.798901341573534e-11
4.685819149017334 15.923286437988281 10.821069717407227 -0.6636606920603666 0.7399614904090537 0.10959689103969579
4.924853801727295 16.184083938598633 10 -0.6316938469554126 0.775217958846847 5.212978439473381e-10
5.355638027191162 16.462081909179688 9.180612564086914 -0.5797994119669201 0.8074333047837843 -0.10901422021346716
5.555438041687012 16.651756286621094 10 -0.5499095801219485 0.8352241936690427 2.3866755292502718e-11
5.355638027191162 16.462081909179688 10.819387435913086 -0.5797994124378443 0.8074333054395971 0.10901421285143002
5.928275108337402 16.67693519592285 8.314892768859863 -0.5086540453936738 0.8335277231919356 -0.21564460757254886
6.0750226974487305 16.92304229736328 9.183882713317871 -0.48985102364083044 0.8651043700531159 -0.10789070188404613
6.728739261627197 17.107582092285156 8.33232593536377 -0.4091145347551463 0.887389291694547 -0.21252186343510684
6.83193826675415 17.301023483276367 9.188560485839844 -0.395384024728786 0.912343706416308 -0.1063035011268228
6.22882604598999 17.055370330810547 10 -0.4627732108069848 0.8864767088645895 6.760129224780895e-10
6.0750226974487305 16.92304229736328 10.816117286682129 -0.48985102324706453 0.8651043693577032 0.10789070924789891
6.93853235244751 17.391036987304688 10 -0.3713562235856544 0.9284904712511601 2.3666607851438975e-10
6.83193826675415 17.301023483276367 10.811439514160156 -0.3953840501853086 0.9123436963884282 0.10630349250782416
8.300114631652832 15.52767562866211 4.472324848175049 -0.21831936033940486 0.6900494817912262 -0.690049541395872
8.303881645202637 16.147598266601562 5.169863224029541 -0.21763479992218884 0.7674105267035358 -0.6030888635743745
9.178930282592773 15.314181327819824 4.0767130851745605 -0.10959710650497163 0.6636609268362351 -0.7399612479289758
9.178930282592773 15.923286437988281 4.685819149017334 -0.10959691009722494 0.7399615184714559 -0.6636606576244809
9.180612564086914 16.462081909179688 5.355638027191162 -0.10901421285143002 0.8074333054395971 -0.5797994124378443
8.314892768859863 16.67693519592285 5.928275108337402 -0.21564460757254886 0.8335277231919356 -0.5086540453936738
8.33232593536377 17.107582092285156 6.728739261627197 -0.21252189189139056 0.8873892860741379 -0.4091145321639599
9.183882713317871 16.92304229736328 6.0750226974487305 -0.10789070924789891 0.8651043693577032 -0.48985102324706453
9.188560485839844 17.301023483276367 6.83193826675415 -0.1063035011268228 0.912343706416308 -0.395384024728786
10 15.656854629516602 4.343145847320557 8.798900970727448e-11 0.7071070494073914 -0.7071065129656019
10 16.184083938598633 4.924853801727295 5.212978439473381e-10 0.775217958846847 -0.6316938469554126
10.821069717407227 15.314181327819824 4.0767130851745605 0.10959709914388406 0.6636609273781555 -0.7399612485332001
10.821069717407227 15.923286437988281 4.685819149017334 0.10959689103969579 0.7399614904090537 -0.6636606920603666
10 16.651756286621094 5.555438041687012 2.3866757433105962e-11 0.8352241482682814 -0.5499096490783952
10.819387435913086 16.462081909179688 5.355638027191162 0.10901421285143002 0.8074333054395971 -0.5797994124378443
10 17.055370330810547 6.22882604598999 2.0220234124629627e-10 0.8864767088645895 -0.4627732108069848
10 17.391036987304688 6.93853235244751 -1.281551408425685e-10 0.9284904712511601 -0.3713562235856544
10.816117286682129 16.92304229736328 6.0750226974487305 0.10789070924789891 0.8651043693577032 -0.48985102324706453
10.811439514160156 17.301023483276367 6.83193826675415 0.10630349250782416 0.9123436963884282 -0.3953840501853086
7.552255153656006 17.436555862426758 8.354954719543457 -0.3068260480118229 0.9286432053220223 -0.20851756154023826
8.354954719543457 17.436555862426758 7.552255153656006 -0.20851756154023826 0.9286432053220223 -0.3068260480118229
7.614159107208252 17.593338012695312 9.1943998336792 -0.2979513974056824 0.9488600996987991 -0.10435265201989805
9.1943998336792 17.593338012695312 7.614159107208252 -0.10435265201989805 0.9488600996987991 -0.2979513974056824
8.381321907043457 17.665491104125977 8.381321907043457 -0.20391624995159957 0.957515708533563 -0.2039162350504385
8.40990924835205 17.799575805664062 9.2011079788208 -0.1989976439582558 0.9746617546898038 -0.1021489189568638
9.2011079788208 17.799575805664062 8.40990924835205 -0.1021489189568638 0.9746617546898038 -0.1989976439582558
9.208368301391602 17.92127799987793 9.208368301391602 -0.09980456671733823 0.9899889370278462 -0.09980457416791892
7.677722454071045 17.6555233001709 10 -0.27673787397535327 0.9609454454377739 2.7529049001477277e-10
7.614159107208252 17.593338012695312 10.8056001663208 -0.29795137001740857 0.9488601073866111 0.10435266031596004
8.439277648925781 17.846282958984375 10 -0.17998098841055257 0.9836700889072315 -2.677909766006295e-10
9.215863227844238 17.961477279663086 10 -0.08210251609295151 0.9966238893640905 -2.817522093256798e-10
8.40990924835205 17.799575805664062 10.7988920211792 -0.1989976438068049 0.9746617539480191 0.10214892632970195
9.208368301391602 17.92127799987793 10.791631698608398 -0.09980457409370404 0.9899889362916884 0.09980457409370404
10 17.6555233001709 7.677722454071045 2.7529049001477277e-10 0.9609454454377739 -0.27673787397535327
10 17.846282958984375 8.439277648925781 1.7014581551727933e-9 0.9836700915453613 -0.17998097399208735
10 17.961477279663086 9.215863227844238 -2.817522093256798e-10 0.9966238893640905 -0.08210251609295151
10.8056001663208 17.593338012695312 7.614159107208252 0.10435266031596004 0.9488601073866111 -0.29795137001740857
10.7988920211792 17.799575805664062 8.40990924835205 0.10214892632970195 0.9746617539480191 -0.1989976438068049
10.791631698608398 17.92127799987793 9.208368301391602 0.09980457409370404 0.9899889362916884 -0.09980457409370404
10 18 10 3.305933027331065e-10 1 3.305933027331065e-10
10 17.961477279663086 10.784136772155762 -2.719861321697968e-10 0.9966238887544441 0.08210252349330917
10.784136772155762 17.961477279663086 10 0.08210252349330917 0.9966238887544441 -2.719861321697968e-10
10.791631698608398 17.92127799987793 10.791631698608398 0.09980457409370404 0.9899889362916884 0.09980457409370404
4.220521926879883 13.486339569091797 14.294539451599121 -0.7209204983024845 0.43788027469571217 0.5371540748795498
4.220521926879883 14.294539451599121 13.486339569091797 -0.7209204983024845 0.5371540748795498 0.43788027469571217
4.878395080566406 14.3456392288208 14.3456392288208 -0.6393919035811458 0.5436809697032252 0.5436809697032252
4.472324848175049 11.699885368347168 15.52767562866211 -0.6900495301714831 0.2183194312940146 0.6900494705668382
4.309352397918701 12.603917121887207 14.983587265014648 -0.7100635257605966 0.3295854370291613 0.6222404913558159
5.169863224029541 11.696118354797363 16.147598266601562 -0.6030888557510776 0.21763485670366486 0.7674105167486507
5.016412734985352 12.603917121887207 15.69064712524414 -0.6222404303814753 0.32958555551295826 0.7100635241975825
4.914313316345215 13.503082275390625 15.085686683654785 -0.6349354356154893 0.44012933760330014 0.6349355548247783
5.705460548400879 13.486339569091797 15.779478073120117 -0.5371541967940234 0.43788021729629484 0.720920442328498
5.654360771179199 14.3456392288208 15.121604919433594 -0.5436808473923298 0.5436810262062644 0.6393919595381706
5.928275108337402 11.685107231140137 16.67693519592285 -0.5086539946725298 0.21564467094336587 0.8335277377492638
5.80067253112793 12.585932731628418 16.299095153808594 -0.5249833288243501 0.32693370078318346 0.7858160470165497
6.728739261627197 11.66767406463623 17.107582092285156 -0.40911454732509206 0.21252197427292036 0.8873892593547239
6.636068820953369 12.551711082458496 16.79505157470703 -0.42148151015096524 0.3219118043540126 0.8477771681393677
7.4956374168396 12.504362106323242 17.173307418823242 -0.3150113762554403 0.3150114060577621 0.8952852321373146
6.513660430908203 14.294539451599121 15.779478073120117 -0.4378803420567819 0.5371543228130495 0.7209202726539807
6.561870098114014 13.438130378723145 16.35283660888672 -0.4314123373523165 0.431412277747672 0.7923173870291984
7.448288440704346 13.363930702209473 16.79505157470703 -0.3219117549696052 0.42148149373007576 0.8477771950550762
7.414066791534424 14.19932746887207 16.299095153808594 -0.3269335892328669 0.5249832815183234 0.7858161250302566
4.309352397918701 14.983587265014648 12.603917121887207 -0.7100635257605966 0.6222404913558159 0.3295854370291613
4.472324848175049 15.52767562866211 11.699885368347168 -0.6900495301714831 0.6900494705668382 0.2183194312940146
5.169863224029541 16.147598266601562 11.696118354797363 -0.6030888557510776 0.7674105167486507 0.21763485670366486
5.016412734985352 15.69064712524414 12.603917121887207 -0.6222404303814753 0.7100635241975825 0.32958555551295826
4.914313316345215 15.085686683654785 13.503082275390625 -0.6349354356154893 0.6349355548247783 0.44012933760330014
5.654360771179199 15.121604919433594 14.3456392288208 -0.5436808473923298 0.6393919595381706 0.5436810262062644
5.705460548400879 15.779478073120117 13.486339569091797 -0.5371541967940234 0.720920442328498 0.43788021729629484
6.513660430908203 15.779478073120117 14.294539451599121 -0.4378803420567819 0.7209202726539807 0.5371543228130495
5.928275108337402 16.67693519592285 11.685107231140137 -0.5086539946725298 0.8335277377492638 0.21564467094336587
5.80067253112793 16.299095153808594 12.585932731628418 -0.524983290762305 0.7858160792623754 0.32693368439652876
6.728739261627197 17.107582092285156 11.66767406463623 -0.40911454732509206 0.8873892593547239 0.21252197427292036
6.636068820953369 16.79505157470703 12.551711082458496 -0.42148151015096524 0.8477771681393677 0.3219118043540126
7.4956374168396 17.173307418823242 12.504362106323242 -0.3150113762554403 0.8952852321373146 0.3150114060577621
6.561870098114014 16.35283660888672 13.438130378723145 -0.4314123373523165 0.7923173870291984 0.431412277747672
7.448288440704346 16.79505157470703 13.363930702209473 -0.3219117549696052 0.8477771950550762 0.42148149373007576
7.414066791534424 16.299095153808594 14.19932746887207 -0.3269335892328669 0.7858161250302566 0.5249832815183234
6.496918201446533 15.085686683654785 15.085686683654785 -0.4401293782892428 0.6349354513163191 0.634935510920965
7.396082401275635 14.983587265014648 15.69064712524414 -0.32958558380322317 0.622240487131434 0.7100634613353402
7.396082401275635 15.69064712524414 14.983587265014648 -0.32958558380322317 0.7100634613353402 0.622240487131434
7.552255153656006 11.645045280456543 17.436555862426758 -0.3068261180350641 0.2085175835218291 0.9286431772504173
8.354954719543457 12.447745323181152 17.436555862426758 -0.20851753885532145 0.30682614789179635 0.9286431774150937
8.381321907043457 11.618678092956543 17.665491104125977 -0.20391617978311555 0.20391620958543832 0.9575157289000362
9.2011079788208 11.59009075164795 17.799575805664062 -0.10214891128112388 0.19899765842078074 0.9746617525414277
9.1943998336792 12.38584041595459 17.593338012695312 -0.10435253410873413 0.29795140111213775 0.9488601115024277
8.33232593536377 13.271260261535645 17.107582092285156 -0.21252194322544912 0.40911457473044693 0.8873892541555845
8.314892768859863 14.071724891662598 16.67693519592285 -0.21564472010596572 0.5086539455858673 0.833527754985009
9.188560485839844 13.168061256408691 17.301023483276367 -0.10630339674480546 0.3953840542562979 0.9123437057821846
9.183882713317871 13.92497730255127 16.92304229736328 -0.1078906444471253 0.48985079506426565 0.8651045066439609
10 11.560722351074219 17.846282958984375 -1.1764535242336164e-9 0.1799810133815392 0.9836700843383183
10 12.322277069091797 17.6555233001709 7.249476035854394e-10 0.27673792901524447 0.960945429587109
10.7988920211792 11.59009075164795 17.799575805664062 0.1021489251180946 0.1989977010511002 0.9746617423873755
10.8056001663208 12.38584041595459 17.593338012695312 0.10435253503534743 0.29795137395551724 0.9488601199279671
10 13.061467170715332 17.391036987304688 6.833382276828562e-10 0.3713562235856544 0.9284904712511601
10 13.771173477172852 17.055370330810547 7.588369767874659e-10 0.4627730448034112 0.8864767955244964
10 14.444561958312988 16.651756286621094 -9.647672762385662e-10 0.5499093590486934 0.8352243392230945
10.811439514160156 13.168061256408691 17.301023483276367 0.10630337748387468 0.395384008238281 0.9123437279693174
10.816117286682129 13.92497730255127 16.92304229736328 0.10789064287206306 0.4898508177154072 0.8651044940145669
7.552255153656006 17.436555862426758 11.645045280456543 -0.3068261180350641 0.9286431772504173 0.2085175835218291
8.354954719543457 17.436555862426758 12.447745323181152 -0.20851753885532145 0.9286431774150937 0.30682614789179635
8.381321907043457 17.665491104125977 11.618678092956543 -0.20391617978311555 0.9575157289000362 0.20391620958543832
9.2011079788208 17.799575805664062 11.59009075164795 -0.10214891128112388 0.9746617525414277 0.19899765842078074
9.1943998336792 17.593338012695312 12.38584041595459 -0.10435253410873413 0.9488601115024277 0.29795140111213775
8.33232593536377 17.107582092285156 13.271260261535645 -0.2125219716817325 0.8873892485351733 0.4091145721392592
8.314892768859863 16.67693519592285 14.071724891662598 -0.21564472010596572 0.833527754985009 0.5086539455858673
9.183882713317871 16.92304229736328 13.92497730255127 -0.1078906444471253 0.8651045066439609 0.48985079506426565
9.188560485839844 17.301023483276367 13.168061256408691 -0.10630339674480546 0.9123437057821846 0.3953840542562979
10 17.846282958984375 11.560722351074219 -1.1764535242336164e-9 0.9836700843383183 0.1799810133815392
10 17.6555233001709 12.322277069091797 5.363664524645141e-10 0.960945429587109 0.27673792901524447
10.7988920211792 17.799575805664062 11.59009075164795 0.1021489251180946 0.9746617423873755 0.1989977010511002
10.8056001663208 17.593338012695312 12.38584041595459 0.10435253503534743 0.9488601199279671 0.29795137395551724
10 16.651756286621094 14.444561958312988 -4.947760031618352e-10 0.8352243392230945 0.5499093590486934
10 17.055370330810547 13.771173477172852 1.1498231006685406e-9 0.8864767955244964 0.4627730448034112
10 17.391036987304688 13.061467170715332 6.833382276828562e-10 0.9284904712511601 0.3713562235856544
10.816117286682129 16.92304229736328 13.92497730255127 0.1078906444471253 0.8651045066439609 0.48985079506426565
10.811439514160156 17.301023483276367 13.168061256408691 0.10630337748387468 0.9123437279693174 0.395384008238281
8.303881645202637 14.8301362991333 16.147598266601562 -0.2176349638945436 0.6030888041348298 0.7674105269136212
8.303881645202637 16.147598266601562 14.8301362991333 -0.2176349638945436 0.7674105269136212 0.6030888041348298
8.300114631652832 15.52767562866211 15.52767562866211 -0.218319422314503 0.6900495017896403 0.6900495017896403
9.178930282592773 15.314181327819824 15.923286437988281 -0.10959708039911743 0.6636607704061172 0.7399613920955256
9.178930282592773 15.923286437988281 15.314181327819824 -0.10959708039911743 0.7399613920955256 0.6636607704061172
9.180612564086914 14.644362449645996 16.462081909179688 -0.1090143623804562 0.5797992959804547 0.8074333688765604
9.180612564086914 16.462081909179688 14.644362449645996 -0.1090143623804562 0.8074333688765604 0.5797992959804547
10 15.075146675109863 16.184083938598633 4.4297752792569873e-10 0.631693817766994 0.7752179826313111
10 16.184083938598633 15.075146675109863 4.4297752792569873e-10 0.7752179826313111 0.631693817766994
10 15.656854629516602 15.656854629516602 4.2604019245154447e-10 0.7071068109888685 0.7071067513842252
10.821069717407227 15.314181327819824 15.923286437988281 0.10959707990068362 0.6636607077832261 0.7399614483349188
10.821069717407227 15.923286437988281 15.314181327819824 0.10959707990068362 0.7399614483349188 0.6636607077832261
10.819387435913086 14.644362449645996 16.462081909179688 0.10901436974249312 0.5797992955095299 0.8074333682207466
10.819387435913086 16.462081909179688 14.644362449645996 0.10901436974249312 0.8074333682207466 0.5797992955095299
11.699885368347168 4.472324848175049 4.472324848175049 0.21831932297805212 -0.6900495175037822 -0.6900495175037822
12.603917121887207 4.309352397918701 5.016412734985352 0.32958541046416195 -0.7100635327351326 -0.6222404974677179
12.603917121887207 5.016412734985352 4.309352397918701 0.32958541046416195 -0.6222404974677179 -0.7100635327351326
13.486339569091797 4.220521926879883 5.705460548400879 0.4378803128033219 -0.720920511976203 -0.5371540254631201
13.486339569091797 5.705460548400879 4.220521926879883 0.4378803128033219 -0.5371540254631201 -0.720920511976203
13.503082275390625 4.914313316345215 4.914313316345215 0.440129402318442 -0.6349354429879481 -0.6349355025925932
14.3456392288208 4.878395080566406 5.654360771179199 0.5436810712940305 -0.6393918828610637 -0.5436808924801008
14.3456392288208 5.654360771179199 4.878395080566406 0.5436810712940305 -0.5436808924801008 -0.6393918828610637
14.294539451599121 4.220521926879883 6.513660430908203 0.5371540859938891 -0.7209203940098726 -0.43788043276757577
14.294539451599121 6.513660430908203 4.220521926879883 0.5371540859938891 -0.43788043276757577 -0.7209203940098726
15.121604919433594 5.654360771179199 5.654360771179199 0.6393919035811458 -0.5436809697032252 -0.5436809697032252
14.983587265014648 4.309352397918701 7.396082401275635 0.6222404791320107 -0.7100635118115233 -0.3295854901591576
15.085686683654785 4.914313316345215 6.496918201446533 0.6349354942642214 -0.6349354346595769 -0.44012942634764024
15.779478073120117 5.705460548400879 6.513660430908203 0.7209203854782442 -0.5371541988463064 -0.43788030837625314
15.69064712524414 5.016412734985352 7.396082401275635 0.7100635102485043 -0.6222404181576671 -0.32958560864294983
15.085686683654785 6.496918201446533 4.914313316345215 0.6349355182934193 -0.44012944300438284 -0.634935399084126
14.983587265014648 7.396082401275635 4.309352397918701 0.6222404791320107 -0.3295854901591576 -0.7100635118115233
15.779478073120117 6.513660430908203 5.705460548400879 0.7209203854782442 -0.43788030837625314 -0.5371541988463064
15.69064712524414 7.396082401275635 5.016412734985352 0.7100635102485043 -0.32958560864294983 -0.6222404181576671
16.35283660888672 6.561870098114014 6.561870098114014 0.7923173037210001 -0.43141238405050725 -0.43141238405050725
16.299095153808594 5.80067253112793 7.414066791534424 0.7858160716058681 -0.5249832856471915 -0.32693371101341084
16.299095153808594 7.414066791534424 5.80067253112793 0.7858160716058681 -0.32693371101341084 -0.5249832856471915
16.79505157470703 6.636068820953369 7.448288440704346 0.8477771325917626 -0.4214815519135032 -0.3219118432911001
16.79505157470703 7.448288440704346 6.636068820953369 0.8477771325917626 -0.3219118432911001 -0.4214815519135032
17.173307418823242 7.4956374168396 7.4956374168396 0.895285319611708 -0.315011266852284 -0.315011266852284
15.314181327819824 4.0767130851745605 9.178930282592773 0.6636609268362351 -0.7399612479289758 -0.10959710650497163
15.52767562866211 4.472324848175049 8.300114631652832 0.690049513014028 -0.690049513014028 -0.2183193513598959
15.923286437988281 4.685819149017334 9.178930282592773 0.7399615184714559 -0.6636606576244809 -0.10959691009722494
16.147598266601562 5.169863224029541 8.303881645202637 0.7674105267035358 -0.6030888635743745 -0.21763479992218884
15.314181327819824 4.0767130851745605 10.821069717407227 0.6636609273781555 -0.7399612485332001 0.10959709914388406
15.656854629516602 4.343145847320557 10 0.7071070196050905 -0.7071065427679242 8.798901341573534e-11
15.923286437988281 4.685819149017334 10.821069717407227 0.7399614904090537 -0.6636606920603666 0.10959689103969579
16.184083938598633 4.924853801727295 10 0.775217958846847 -0.6316938469554126 5.212978439473381e-10
16.462081909179688 5.355638027191162 9.180612564086914 0.8074333047837843 -0.5797994119669201 -0.10901422021346716
16.651756286621094 5.555438041687012 10 0.8352241936690427 -0.5499095801219485 2.3866755292502718e-11
16.462081909179688 5.355638027191162 10.819387435913086 0.8074333054395971 -0.5797994124378443 0.10901421285143002
16.67693519592285 5.928275108337402 8.314892768859863 0.8335277231919356 -0.5086540453936738 -0.21564460757254886
16.92304229736328 6.0750226974487305 9.183882713317871 0.8651043700531159 -0.48985102364083044 -0.10789070188404613
17.107582092285156 6.728739261627197 8.33232593536377 0.887389291694547 -0.4091145347551463 -0.21252186343510684
17.301023483276367 6.83193826675415 9.188560485839844 0.912343706416308 -0.395384024728786 -0.1063035011268228
17.055370330810547 6.22882604598999 10 0.8864767088645895 -0.4627732108069848 6.760129224780895e-10
16.92304229736328 6.0750226974487305 10.816117286682129 0.8651043693577032 -0.48985102324706453 0.10789070924789891
17.391036987304688 6.93853235244751 10 0.9284904712511601 -0.3713562235856544 2.3666607851438975e-10
17.301023483276367 6.83193826675415 10.811439514160156 0.9123436963884282 -0.3953840501853086 0.10630349250782416
15.314181327819824 9.178930282592773 4.0767130851745605 0.6636609268362351 -0.10959710650497163 -0.7399612479289758
15.52767562866211 8.300114631652832 4.472324848175049 0.6900494795463489 -0.2183193745303271 -0.6900495391509945
16.147598266601562 8.303881645202637 5.169863224029541 0.7674105267035358 -0.21763479992218884 -0.6030888635743745
15.923286437988281 9.178930282592773 4.685819149017334 0.7399615184714559 -0.10959691009722494 -0.6636606576244809
15.314181327819824 10.821069717407227 4.0767130851745605 0.6636609273781555 0.10959709914388406 -0.7399612485332001
15.656854629516602 10 4.343145847320557 0.7071070196050905 8.798901341573534e-11 -0.7071065427679242
16.184083938598633 10 4.924853801727295 0.775217958846847 5.212978439473381e-10 -0.6316938469554126
15.923286437988281 10.821069717407227 4.685819149017334 0.7399614904090537 0.10959689103969579 -0.6636606920603666
16.462081909179688 9.180612564086914 5.355638027191162 0.8074333333434731 -0.10901421661882363 -0.5797993728703335
16.67693519592285 8.314892768859863 5.928275108337402 0.8335277231919356 -0.21564460757254886 -0.5086540453936738
17.107582092285156 8.33232593536377 6.728739261627197 0.8873892888843428 -0.21252187766324881 -0.4091145334595532
16.92304229736328 9.183882713317871 6.0750226974487305 0.8651043693577032 -0.10789070924789891 -0.48985102324706453
17.301023483276367 9.188560485839844 6.83193826675415 0.912343706416308 -0.1063035011268228 -0.395384024728786
16.651756286621094 10 5.555438041687012 0.8352241482682814 2.3866757433105962e-11 -0.5499096490783952
16.462081909179688 10.819387435913086 5.355638027191162 0.8074333054395971 0.10901421285143002 -0.5797994124378443
17.055370330810547 10 6.22882604598999 0.8864766966385538 -1.2192292746115141e-9 -0.4627732342268701
16.92304229736328 10.816117286682129 6.0750226974487305 0.8651043693577032 0.10789070924789891 -0.48985102324706453
17.391036987304688 10 6.93853235244751 0.9284904712511601 -1.281551408425685e-10 -0.3713562235856544
17.301023483276367 10.811439514160156 6.83193826675415 0.9123436963884282 0.10630349250782416 -0.3953840501853086
17.436555862426758 7.552255153656006 8.354954719543457 0.9286432053220223 -0.3068260480118229 -0.20851756154023826
17.436555862426758 8.354954719543457 7.552255153656006 0.9286432053220223 -0.20851756154023826 -0.3068260480118229
17.593338012695312 7.614159107208252 9.1943998336792 0.9488600996987991 -0.2979513974056824 -0.10435265201989805
17.593338012695312 9.1943998336792 7.614159107208252 0.9488600996987991 -0.10435265201989805 -0.2979513974056824
17.665491104125977 8.381321907043457 8.381321907043457 0.957515708533563 -0.20391624995159957 -0.2039162350504385
17.799575805664062 8.40990924835205 9.2011079788208 0.9746617546898038 -0.1989976439582558 -0.1021489189568638
17.799575805664062 9.2011079788208 8.40990924835205 0.9746617546898038 -0.1021489189568638 -0.1989976439582558
17.92127799987793 9.208368301391602 9.208368301391602 0.9899889370278462 -0.09980456671733823 -0.09980457416791892
17.6555233001709 7.677722454071045 10 0.9609454454377739 -0.27673787397535327 2.7529049001477277e-10
17.593338012695312 7.614159107208252 10.8056001663208 0.9488601073866111 -0.29795137001740857 0.10435266031596004
17.846282958984375 8.439277648925781 10 0.9836700889072315 -0.17998098841055257 -2.677909766006295e-10
17.961477279663086 9.215863227844238 10 0.9966238893640905 -0.08210251609295151 -2.817522093256798e-10
17.799575805664062 8.40990924835205 10.7988920211792 0.9746617539480191 -0.1989976438068049 0.10214892632970195
17.92127799987793 9.208368301391602 10.791631698608398 0.9899889362916884 -0.09980457409370404 0.09980457409370404
17.6555233001709 10 7.677722454071045 0.9609454454377739 2.7529049001477277e-10 -0.27673787397535327
17.846282958984375 10 8.439277648925781 0.9836700915453613 1.7014581551727933e-9 -0.17998097399208735
17.961477279663086 10 9.215863227844238 0.9966238893640905 -2.817522093256798e-10 -0.08210251609295151
17.593338012695312 10.8056001663208 7.614159107208252 0.9488601073866111 0.10435266031596004 -0.29795137001740857
17.799575805664062 10.7988920211792 8.40990924835205 0.9746617539480191 0.10214892632970195 -0.1989976438068049
17.92127799987793 10.791631698608398 9.208368301391602 0.9899889362916884 0.09980457409370404 -0.09980457409370404
18 10 10 1 3.305933027331065e-10 3.305933027331065e-10
17.961477279663086 10 10.784136772155762 0.9966238887544441 -2.719861321697968e-10 0.08210252349330917
17.961477279663086 10.784136772155762 10 0.9966238887544441 0.08210252349330917 -2.719861321697968e-10
17.92127799987793 10.791631698608398 10.791631698608398 0.9899889362916884 0.09980457409370404 0.09980457409370404
13.486339569091797 4.220521926879883 14.294539451599121 0.43788027469571217 -0.7209204983024845 0.5371540748795498
14.294539451599121 4.220521926879883 13.486339569091797 0.5371540748795498 -0.7209204983024845 0.43788027469571217
14.3456392288208 4.878395080566406 14.3456392288208 0.5436809697032252 -0.6393919035811458 0.5436809697032252
11.699885368347168 4.472324848175049 15.52767562866211 0.2183194312940146 -0.6900495301714831 0.6900494705668382
11.696118354797363 5.169863224029541 16.147598266601562 0.21763485670366486 -0.6030888557510776 0.7674105167486507
12.603917121887207 4.309352397918701 14.983587265014648 0.3295854370291613 -0.7100635257605966 0.6222404913558159
12.603917121887207 5.016412734985352 15.69064712524414 0.32958555551295826 -0.6222404303814753 0.7100635241975825
11.685107231140137 5.928275108337402 16.67693519592285 0.21564467094336587 -0.5086539946725298 0.8335277377492638
11.66767406463623 6.728739261627197 17.107582092285156 0.21252197427292036 -0.40911454732509206 0.8873892593547239
12.585932731628418 5.80067253112793 16.299095153808594 0.32693370078318346 -0.5249833288243501 0.7858160470165497
12.551711082458496 6.636068820953369 16.79505157470703 0.3219118043540126 -0.42148151015096524 0.8477771681393677
12.504362106323242 7.4956374168396 17.173307418823242 0.3150114060577621 -0.3150113762554403 0.8952852321373146
13.503082275390625 4.914313316345215 15.085686683654785 0.44012933760330014 -0.6349354356154893 0.6349355548247783
13.486339569091797 5.705460548400879 15.779478073120117 0.43788021729629484 -0.5371541967940234 0.720920442328498
14.3456392288208 5.654360771179199 15.121604919433594 0.5436810469263457 -0.5436808681124042 0.6393919243012184
14.294539451599121 6.513660430908203 15.779478073120117 0.5371543228130495 -0.4378803420567819 0.7209202726539807
13.438130378723145 6.561870098114014 16.35283660888672 0.431412277747672 -0.4314123373523165 0.7923173870291984
13.363930702209473 7.448288440704346 16.79505157470703 0.42148149373007576 -0.3219117549696052 0.8477771950550762
14.19932746887207 7.414066791534424 16.299095153808594 0.5249832815183234 -0.3269335892328669 0.7858161250302566
11.645045280456543 7.552255153656006 17.436555862426758 0.2085175835218291 -0.3068261180350641 0.9286431772504173
11.618678092956543 8.381321907043457 17.665491104125977 0.20391620896582097 -0.20391619406465963 0.9575157259905404
11.59009075164795 9.2011079788208 17.799575805664062 0.19899765842078074 -0.10214891128112388 0.9746617525414277
12.447745323181152 8.354954719543457 17.436555862426758 0.30682614789179635 -0.20851753885532145 0.9286431774150937
12.38584041595459 9.1943998336792 17.593338012695312 0.29795140111213775 -0.10435253410873413 0.9488601115024277
11.560722351074219 10 17.846282958984375 0.1799810133815392 -1.1764535242336164e-9 0.9836700843383183
11.59009075164795 10.7988920211792 17.799575805664062 0.1989977010511002 0.1021489251180946 0.9746617423873755
12.322277069091797 10 17.6555233001709 0.27673792901524447 -1.2158272194276511e-9 0.960945429587109
12.38584041595459 10.8056001663208 17.593338012695312 0.29795137395551724 0.10435253503534743 0.9488601199279671
13.271260261535645 8.33232593536377 17.107582092285156 0.40911457473044693 -0.21252194322544912 0.8873892541555845
13.168061256408691 9.188560485839844 17.301023483276367 0.3953840542562979 -0.10630339674480546 0.9123437057821846
14.071724891662598 8.314892768859863 16.67693519592285 0.5086539455858673 -0.21564472010596572 0.833527754985009
13.92497730255127 9.183882713317871 16.92304229736328 0.48985079506426565 -0.1078906444471253 0.8651045066439609
13.061467170715332 10 17.391036987304688 0.3713562235856544 6.833382276828562e-10 0.9284904712511601
13.168061256408691 10.811439514160156 17.301023483276367 0.395384008238281 0.10630337748387468 0.9123437279693174
13.771173477172852 10 17.055370330810547 0.4627730448034112 7.588369767874659e-10 0.8864767955244964
14.444561958312988 10 16.651756286621094 0.5499093590486934 -9.647672762385662e-10 0.8352243392230945
13.92497730255127 10.816117286682129 16.92304229736328 0.4898508177154072 0.10789064287206306 0.8651044940145669
14.983587265014648 4.309352397918701 12.603917121887207 0.6222404913558159 -0.7100635257605966 0.3295854370291613
15.52767562866211 4.472324848175049 11.699885368347168 0.6900494705668382 -0.6900495301714831 0.2183194312940146
16.147598266601562 5.169863224029541 11.696118354797363 0.7674105167486507 -0.6030888557510776 0.21763485670366486
15.69064712524414 5.016412734985352 12.603917121887207 0.7100635241975825 -0.6222404303814753 0.32958555551295826
15.085686683654785 4.914313316345215 13.503082275390625 0.6349355548247783 -0.6349354356154893 0.44012933760330014
15.121604919433594 5.654360771179199 14.3456392288208 0.6393919595381706 -0.5436808473923298 0.5436810262062644
15.779478073120117 5.705460548400879 13.486339569091797 0.720920442328498 -0.5371541967940234 0.43788021729629484
15.779478073120117 6.513660430908203 14.294539451599121 0.7209202726539807 -0.4378803420567819 0.5371543228130495
16.67693519592285 5.928275108337402 11.685107231140137 0.8335277377492638 -0.5086539946725298 0.21564467094336587
16.299095153808594 5.80067253112793 12.585932731628418 0.7858160792623754 -0.524983290762305 0.32693368439652876
17.107582092285156 6.728739261627197 11.66767406463623 0.8873892593547239 -0.40911454732509206 0.21252197427292036
16.79505157470703 6.636068820953369 12.551711082458496 0.8477771681393677 -0.42148151015096524 0.3219118043540126
17.173307418823242 7.4956374168396 12.504362106323242 0.8952852321373146 -0.3150113762554403 0.3150114060577621
16.35283660888672 6.561870098114014 13.438130378723145 0.7923173870291984 -0.4314123373523165 0.431412277747672
16.79505157470703 7.448288440704346 13.363930702209473 0.8477771950550762 -0.3219117549696052 0.42148149373007576
16.299095153808594 7.414066791534424 14.19932746887207 0.7858161250302566 -0.3269335892328669 0.5249832815183234
15.085686683654785 6.496918201446533 15.085686683654785 0.6349354513163191 -0.4401293782892428 0.634935510920965
14.983587265014648 7.396082401275635 15.69064712524414 0.622240487131434 -0.32958558380322317 0.7100634613353402
15.69064712524414 7.396082401275635 14.983587265014648 0.7100635102485043 -0.32958560864294983 0.6222404181576671
17.436555862426758 7.552255153656006 11.645045280456543 0.9286431772504173 -0.3068261180350641 0.2085175835218291
17.436555862426758 8.354954719543457 12.447745323181152 0.9286431774150937 -0.20851753885532145 0.30682614789179635
17.665491104125977 8.381321907043457 11.618678092956543 0.9575157289000362 -0.20391617978311555 0.20391620958543832
17.799575805664062 9.2011079788208 11.59009075164795 0.9746617525414277 -0.10214891128112388 0.19899765842078074
17.593338012695312 9.1943998336792 12.38584041595459 0.9488601107647013 -0.104352541478182 0.29795140088048444
17.107582092285156 8.33232593536377 13.271260261535645 0.8873892485351733 -0.2125219716817325 0.4091145721392592
16.67693519592285 8.314892768859863 14.071724891662598 0.8335277731782219 -0.2156447093922779 0.5086539203148587
16.92304229736328 9.183882713317871 13.92497730255127 0.8651045066439609 -0.1078906444471253 0.48985079506426565
17.301023483276367 9.188560485839844 13.168061256408691 0.9123437057821846 -0.10630339674480546 0.3953840542562979
17.846282958984375 10 11.560722351074219 0.9836700843383183 -1.1764535242336164e-9 0.1799810133815392
17.6555233001709 10 12.322277069091797 0.960945429587109 5.363664524645141e-10 0.27673792901524447
17.799575805664062 10.7988920211792 11.59009075164795 0.9746617423873755 0.1021489251180946 0.1989977010511002
17.593338012695312 10.8056001663208 12.38584041595459 0.9488601199279671 0.10435253503534743 0.29795137395551724
16.651756286621094 10 14.444561958312988 0.8352243392230945 -4.947760031618352e-10 0.5499093590486934
17.055370330810547 10 13.771173477172852 0.886476770533598 2.0220228620601822e-10 0.4627730926753658
16.92304229736328 10.816117286682129 13.92497730255127 0.8651045066439609 0.1078906444471253 0.48985079506426565
17.391036987304688 10 13.061467170715332 0.9284904712511601 6.833382276828562e-10 0.3713562235856544
17.301023483276367 10.811439514160156 13.168061256408691 0.9123437279693174 0.10630337748387468 0.395384008238281
14.8301362991333 8.303881645202637 16.147598266601562 0.6030888041348298 -0.2176349638945436 0.7674105269136212
15.314181327819824 9.178930282592773 15.923286437988281 0.6636607698641971 -0.10959708776020528 0.7399613914913014
16.147598266601562 8.303881645202637 14.8301362991333 0.7674105539046844 -0.21763493974428472 0.6030887785046304
15.52767562866211 8.300114631652832 15.52767562866211 0.6900495017896403 -0.218319422314503 0.6900495017896403
15.923286437988281 9.178930282592773 15.314181327819824 0.7399613920955256 -0.10959708039911743 0.6636607704061172
14.644362449645996 9.180612564086914 16.462081909179688 0.5797992959804547 -0.1090143623804562 0.8074333688765604
15.075146675109863 10 16.184083938598633 0.631693817766994 4.4297752792569873e-10 0.7752179826313111
15.314181327819824 10.821069717407227 15.923286437988281 0.6636607077832261 0.10959707990068362 0.7399614483349188
16.184083938598633 10 15.075146675109863 0.7752179826313111 4.4297752792569873e-10 0.631693817766994
15.656854629516602 10 15.656854629516602 0.7071067811865476 4.260401826522205e-10 0.7071067811865476
15.923286437988281 10.821069717407227 15.314181327819824 0.7399614483349188 0.10959707990068362 0.6636607077832261
14.644362449645996 10.819387435913086 16.462081909179688 0.5797992955095299 0.10901436974249312 0.8074333682207466
16.462081909179688 9.180612564086914 14.644362449645996 0.8074333688765604 -0.1090143623804562 0.5797992959804547
16.462081909179688 10.819387435913086 14.644362449645996 0.8074333682207466 0.10901436974249312 0.5797992955095299
13.486339569091797 14.294539451599121 4.220521926879883 0.43788027469571217 0.5371540748795498 -0.7209204983024845
14.294539451599121 13.486339569091797 4.220521926879883 0.5371540748795498 0.43788027469571217 -0.7209204983024845
14.3456392288208 14.3456392288208 4.878395080566406 0.5436809697032252 0.5436809697032252 -0.6393919035811458
11.699885368347168 15.52767562866211 4.472324848175049 0.2183194312940146 0.6900494705668382 -0.6900495301714831
11.696118354797363 16.147598266601562 5.169863224029541 0.21763485670366486 0.7674105167486507 -0.6030888557510776
12.603917121887207 14.983587265014648 4.309352397918701 0.3295854370291613 0.6222404913558159 -0.7100635257605966
12.603917121887207 15.69064712524414 5.016412734985352 0.32958555551295826 0.7100635241975825 -0.6222404303814753
11.685107231140137 16.67693519592285 5.928275108337402 0.21564467094336587 0.8335277377492638 -0.5086539946725298
11.66767406463623 17.107582092285156 6.728739261627197 0.21252197427292036 0.8873892593547239 -0.40911454732509206
12.585932731628418 16.299095153808594 5.80067253112793 0.32693370078318346 0.7858160470165497 -0.5249833288243501
12.551711082458496 16.79505157470703 6.636068820953369 0.3219118043540126 0.8477771681393677 -0.42148151015096524
12.504362106323242 17.173307418823242 7.4956374168396 0.3150114060577621 0.8952852321373146 -0.3150113762554403
13.503082275390625 15.085686683654785 4.914313316345215 0.44012933760330014 0.6349355548247783 -0.6349354356154893
13.486339569091797 15.779478073120117 5.705460548400879 0.43788021729629484 0.720920442328498 -0.5371541967940234
14.3456392288208 15.121604919433594 5.654360771179199 0.5436810469263457 0.6393919243012184 -0.5436808681124042
14.294539451599121 15.779478073120117 6.513660430908203 0.5371543228130495 0.7209202726539807 -0.4378803420567819
13.438130378723145 16.35283660888672 6.561870098114014 0.431412277747672 0.7923173870291984 -0.4314123373523165
13.363930702209473 16.79505157470703 7.448288440704346 0.42148149373007576 0.8477771950550762 -0.3219117549696052
14.19932746887207 16.299095153808594 7.414066791534424 0.5249832815183234 0.7858161250302566 -0.3269335892328669
11.645045280456543 17.436555862426758 7.552255153656006 0.2085175835218291 0.9286431772504173 -0.3068261180350641
11.618678092956543 17.665491104125977 8.381321907043457 0.20391620896582097 0.9575157259905404 -0.20391619406465963
11.59009075164795 17.799575805664062 9.2011079788208 0.19899765842078074 0.9746617525414277 -0.10214891128112388
12.447745323181152 17.436555862426758 8.354954719543457 0.30682614789179635 0.9286431774150937 -0.20851753885532145
12.38584041595459 17.593338012695312 9.1943998336792 0.29795140111213775 0.9488601115024277 -0.10435253410873413
11.560722351074219 17.846282958984375 10 0.1799810133815392 0.9836700843383183 -1.1764535242336164e-9
11.59009075164795 17.799575805664062 10.7988920211792 0.1989977010511002 0.9746617423873755 0.1021489251180946
12.322277069091797 17.6555233001709 10 0.27673792901524447 0.960945429587109 -1.2158272194276511e-9
12.38584041595459 17.593338012695312 10.8056001663208 0.29795137395551724 0.9488601199279671 0.10435253503534743
13.271260261535645 17.107582092285156 8.33232593536377 0.40911457473044693 0.8873892541555845 -0.21252194322544912
13.168061256408691 17.301023483276367 9.188560485839844 0.3953840542562979 0.9123437057821846 -0.10630339674480546
14.071724891662598 16.67693519592285 8.314892768859863 0.5086539455858673 0.833527754985009 -0.21564472010596572
13.92497730255127 16.92304229736328 9.183882713317871 0.48985079506426565 0.8651045066439609 -0.1078906444471253
13.061467170715332 17.391036987304688 10 0.3713562235856544 0.9284904712511601 6.833382276828562e-10
13.168061256408691 17.301023483276367 10.811439514160156 0.395384008238281 0.9123437279693174 0.10630337748387468
13.771173477172852 17.055370330810547 10 0.4627730448034112 0.8864767955244964 2.8502655173077936e-10
14.444561958312988 16.651756286621094 10 0.5499093590486934 0.8352243392230945 -9.647672762385662e-10
13.92497730255127 16.92304229736328 10.816117286682129 0.4898508177154072 0.8651044940145669 0.10789064287206306
14.983587265014648 12.603917121887207 4.309352397918701 0.6222404913558159 0.3295854370291613 -0.7100635257605966
15.52767562866211 11.699885368347168 4.472324848175049 0.6900494705668382 0.2183194312940146 -0.6900495301714831
16.147598266601562 11.696118354797363 5.169863224029541 0.7674105167486507 0.21763485670366486 -0.6030888557510776
15.69064712524414 12.603917121887207 5.016412734985352 0.7100635241975825 0.32958555551295826 -0.6222404303814753
15.085686683654785 13.503082275390625 4.914313316345215 0.6349355548247783 0.44012933760330014 -0.6349354356154893
15.121604919433594 14.3456392288208 5.654360771179199 0.6393919595381706 0.5436810262062644 -0.5436808473923298
15.779478073120117 13.486339569091797 5.705460548400879 0.720920442328498 0.43788021729629484 -0.5371541967940234
15.779478073120117 14.294539451599121 6.513660430908203 0.7209202726539807 0.5371543228130495 -0.4378803420567819
16.67693519592285 11.685107231140137 5.928275108337402 0.8335277377492638 0.21564467094336587 -0.5086539946725298
17.107582092285156 11.66767406463623 6.728739261627197 0.8873892593547239 0.21252197427292036 -0.40911454732509206
16.299095153808594 12.585932731628418 5.80067253112793 0.7858160792623754 0.32693368439652876 -0.524983290762305
16.79505157470703 12.551711082458496 6.636068820953369 0.8477771681393677 0.3219118043540126 -0.42148151015096524
17.173307418823242 12.504362106323242 7.4956374168396 0.8952852321373146 0.3150114060577621 -0.3150113762554403
16.35283660888672 13.438130378723145 6.561870098114014 0.7923173870291984 0.431412277747672 -0.4314123373523165
16.79505157470703 13.363930702209473 7.448288440704346 0.8477771950550762 0.42148149373007576 -0.3219117549696052
16.299095153808594 14.19932746887207 7.414066791534424 0.7858161250302566 0.5249832815183234 -0.3269335892328669
17.436555862426758 11.645045280456543 7.552255153656006 0.9286431772504173 0.2085175835218291 -0.3068261180350641
17.665491104125977 11.618678092956543 8.381321907043457 0.9575157259905404 0.20391620896582097 -0.20391619406465963
17.799575805664062 11.59009075164795 9.2011079788208 0.9746617525414277 0.19899765842078074 -0.10214891128112388
17.436555862426758 12.447745323181152 8.354954719543457 0.9286431774150937 0.30682614789179635 -0.20851753885532145
17.593338012695312 12.38584041595459 9.1943998336792 0.9488601107647013 0.29795140088048444 -0.104352541478182
17.846282958984375 11.560722351074219 10 0.9836700843383183 0.1799810133815392 -1.1764535242336164e-9
17.799575805664062 11.59009075164795 10.7988920211792 0.9746617423873755 0.1989977010511002 0.1021489251180946
17.6555233001709 12.322277069091797 10 0.960945429587109 0.27673792901524447 -1.4044083705485766e-9
17.593338012695312 12.38584041595459 10.8056001663208 0.9488601199279671 0.29795137395551724 0.10435253503534743
17.107582092285156 13.271260261535645 8.33232593536377 0.8873892485351733 0.4091145721392592 -0.2125219716817325
16.67693519592285 14.071724891662598 8.314892768859863 0.8335277731782219 0.5086539203148587 -0.2156447093922779
16.92304229736328 13.92497730255127 9.183882713317871 0.8651045066439609 0.48985079506426565 -0.1078906444471253
17.301023483276367 13.168061256408691 9.188560485839844 0.9123437057821846 0.3953840542562979 -0.10630339674480546
16.651756286621094 14.444561958312988 10 0.8352243392230945 0.5499093590486934 -4.947760031618352e-10
17.055370330810547 13.771173477172852 10 0.886476770533598 0.4627730926753658 2.0220228620601822e-10
16.92304229736328 13.92497730255127 10.816117286682129 0.8651045066439609 0.48985079506426565 0.1078906444471253
17.391036987304688 13.061467170715332 10 0.9284904712511601 0.3713562235856544 6.833382276828562e-10
17.301023483276367 13.168061256408691 10.811439514160156 0.9123437279693174 0.395384008238281 0.10630337748387468
15.085686683654785 15.085686683654785 6.496918201446533 0.6349354513163191 0.634935510920965 -0.4401293782892428
14.983587265014648 15.69064712524414 7.396082401275635 0.622240487131434 0.7100634613353402 -0.32958558380322317
15.69064712524414 14.983587265014648 7.396082401275635 0.7100635102485043 0.6222404181576671 -0.32958560864294983
14.8301362991333 16.147598266601562 8.303881645202637 0.6030888041348298 0.7674105269136212 -0.2176349638945436
15.314181327819824 15.923286437988281 9.178930282592773 0.6636607698641971 0.7399613914913014 -0.10959708776020528
16.147598266601562 14.8301362991333 8.303881645202637 0.7674105539046844 0.6030887785046304 -0.21763493974428472
15.923286437988281 15.314181327819824 9.178930282592773 0.7399613914913014 0.6636607698641971 -0.10959708776020528
15.52767562866211 15.52767562866211 8.300114631652832 0.6900495017896403 0.6900495017896403 -0.218319422314503
15.075146675109863 16.184083938598633 10 0.631693817766994 0.7752179826313111 4.4297752792569873e-10
15.314181327819824 15.923286437988281 10.821069717407227 0.6636607077832261 0.7399614483349188 0.10959707990068362
16.184083938598633 15.075146675109863 10 0.7752179826313111 0.631693817766994 4.4297752792569873e-10
15.923286437988281 15.314181327819824 10.821069717407227 0.7399614483349188 0.6636607077832261 0.10959707990068362
15.656854629516602 15.656854629516602 10 0.7071067811865476 0.7071067811865476 4.260402381633727e-10
14.644362449645996 16.462081909179688 9.180612564086914 0.5797992959804547 0.8074333688765604 -0.1090143623804562
14.644362449645996 16.462081909179688 10.819387435913086 0.5797992955095299 0.8074333682207466 0.10901436974249312
16.462081909179688 14.644362449645996 9.180612564086914 0.8074333688765604 0.5797992959804547 -0.1090143623804562
16.462081909179688 14.644362449645996 10.819387435913086 0.8074333682207466 0.5797992955095299 0.10901436974249312
11.618678092956543 11.618678092956543 17.665491104125977 0.203916167360423 0.203916167360423 0.9575157405380195
11.645045280456543 12.447745323181152 17.436555862426758 0.20851753885532145 0.30682614789179635 0.9286431774150937
12.447745323181152 11.645045280456543 17.436555862426758 0.30682614789179635 0.20851753885532145 0.9286431774150937
12.504362106323242 12.504362106323242 17.173307418823242 0.3150114437980388 0.3150114437980388 0.89528519509291
11.66767406463623 13.271260261535645 17.107582092285156 0.212521988501062 0.4091145460294981 0.8873892565445178
11.685107231140137 14.071724891662598 16.67693519592285 0.21564477693883652 0.5086539390479201 0.8335277442713195
12.551711082458496 13.363930702209473 16.79505157470703 0.32191172007609103 0.42148142745949524 0.8477772412517091
12.585932731628418 14.19932746887207 16.299095153808594 0.3269335523857599 0.5249833298105934 0.7858161080974411
13.271260261535645 11.66767406463623 17.107582092285156 0.40911454343831005 0.2125220169573449 0.8873892509241055
13.363930702209473 12.551711082458496 16.79505157470703 0.42148142745949524 0.32191172007609103 0.8477772412517091
14.071724891662598 11.685107231140137 16.67693519592285 0.5086539390479201 0.21564477693883652 0.8335277442713195
14.19932746887207 12.585932731628418 16.299095153808594 0.5249833298105934 0.3269335523857599 0.7858161080974411
13.486339569091797 14.294539451599121 15.779478073120117 0.4378802321610252 0.537154297679143 0.7209203581307948
14.294539451599121 13.486339569091797 15.779478073120117 0.537154297679143 0.4378802321610252 0.7209203581307948
14.3456392288208 14.3456392288208 15.121604919433594 0.5436809697032252 0.5436809697032252 0.6393919035811458
13.438130378723145 13.438130378723145 16.35283660888672 0.43141224975838294 0.43141224975838294 0.7923174499635997
11.618678092956543 17.665491104125977 11.618678092956543 0.203916167360423 0.9575157405380195 0.203916167360423
11.645045280456543 17.436555862426758 12.447745323181152 0.20851753885532145 0.9286431774150937 0.30682614789179635
12.447745323181152 17.436555862426758 11.645045280456543 0.30682614789179635 0.9286431774150937 0.20851753885532145
12.504362106323242 17.173307418823242 12.504362106323242 0.3150114437980388 0.89528519509291 0.3150114437980388
11.66767406463623 17.107582092285156 13.271260261535645 0.212521988501062 0.8873892565445178 0.4091145460294981
11.685107231140137 16.67693519592285 14.071724891662598 0.21564477693883652 0.8335277442713195 0.5086539390479201
12.551711082458496 16.79505157470703 13.363930702209473 0.32191172007609103 0.8477772412517091 0.42148142745949524
12.585932731628418 16.299095153808594 14.19932746887207 0.3269335523857599 0.7858161080974411 0.5249833298105934
13.486339569091797 15.779478073120117 14.294539451599121 0.4378802321610252 0.7209203581307948 0.537154297679143
14.3456392288208 15.121604919433594 14.3456392288208 0.5436809697032252 0.6393919035811458 0.5436809697032252
14.294539451599121 15.779478073120117 13.486339569091797 0.537154297679143 0.7209203581307948 0.4378802321610252
13.271260261535645 17.107582092285156 11.66767406463623 0.4091145460294981 0.8873892565445178 0.212521988501062
13.363930702209473 16.79505157470703 12.551711082458496 0.42148142745949524 0.8477772412517091 0.32191172007609103
14.071724891662598 16.67693519592285 11.685107231140137 0.5086539390479201 0.8335277442713195 0.21564477693883652
14.19932746887207 16.299095153808594 12.585932731628418 0.5249833298105934 0.7858161080974411 0.3269335523857599
13.438130378723145 16.35283660888672 13.438130378723145 0.43141224975838294 0.7923174499635997 0.43141224975838294
11.696118354797363 14.8301362991333 16.147598266601562 0.21763502067601537 0.6030887963115278 0.7674105169587286
11.696118354797363 16.147598266601562 14.8301362991333 0.21763501854442371 0.7674105690470924 0.6030887308000261
11.699885368347168 15.52767562866211 15.52767562866211 0.21831953063046236 0.6900494548526893 0.6900495144573329
12.603917121887207 14.983587265014648 15.69064712524414 0.3295855289479614 0.622240436493379 0.7100635311721211
12.603917121887207 15.69064712524414 14.983587265014648 0.3295855289479614 0.7100635311721211 0.622240436493379
13.503082275390625 15.085686683654785 15.085686683654785 0.44012928954489955 0.6349355118768764 0.6349355118768764
15.121604919433594 14.3456392288208 14.3456392288208 0.6393919035811458 0.5436809697032252 0.5436809697032252
15.779478073120117 13.486339569091797 14.294539451599121 0.7209203581307948 0.4378802321610252 0.537154297679143
15.779478073120117 14.294539451599121 13.486339569091797 0.7209203581307948 0.537154297679143 0.4378802321610252
17.665491104125977 11.618678092956543 11.618678092956543 0.9575157405380195 0.203916167360423 0.203916167360423
17.436555862426758 11.645045280456543 12.447745323181152 0.9286431774150937 0.20851753885532145 0.30682614789179635
17.436555862426758 12.447745323181152 11.645045280456543 0.9286431774150937 0.30682614789179635 0.20851753885532145
17.173307418823242 12.504362106323242 12.504362106323242 0.89528519509291 0.3150114437980388 0.3150114437980388
17.107582092285156 11.66767406463623 13.271260261535645 0.8873892509241055 0.2125220169573449 0.40911454343831005
16.67693519592285 11.685107231140137 14.071724891662598 0.8335277442713195 0.21564477693883652 0.5086539390479201
16.79505157470703 12.551711082458496 13.363930702209473 0.8477772412517091 0.32191172007609103 0.42148142745949524
16.299095153808594 12.585932731628418 14.19932746887207 0.7858161080974411 0.3269335523857599 0.5249833298105934
17.107582092285156 13.271260261535645 11.66767406463623 0.8873892509241055 0.40911454343831005 0.2125220169573449
16.79505157470703 13.363930702209473 12.551711082458496 0.8477772412517091 0.42148142745949524 0.32191172007609103
16.67693519592285 14.071724891662598 11.685107231140137 0.8335277442713195 0.5086539390479201 0.21564477693883652
16.299095153808594 14.19932746887207 12.585932731628418 0.7858161080974411 0.5249833298105934 0.3269335523857599
16.35283660888672 13.438130378723145 13.438130378723145 0.7923174499635997 0.43141224975838294 0.43141224975838294
14.8301362991333 11.696118354797363 16.147598266601562 0.6030887963115278 0.21763502067601537 0.7674105169587286
14.983587265014648 12.603917121887207 15.69064712524414 0.622240436493379 0.3295855289479614 0.7100635311721211
16.147598266601562 11.696118354797363 14.8301362991333 0.7674105690470924 0.21763501854442371 0.6030887308000261
15.52767562866211 11.699885368347168 15.52767562866211 0.6900494548526893 0.21831953063046236 0.6900495144573329
15.69064712524414 12.603917121887207 14.983587265014648 0.7100635311721211 0.3295855289479614 0.622240436493379
15.085686683654785 13.503082275390625 15.085686683654785 0.6349355474523184 0.4401292728881599 0.6349354878476746
14.8301362991333 16.147598266601562 11.696118354797363 0.6030887963115278 0.7674105169587286 0.21763502067601537
14.983587265014648 15.69064712524414 12.603917121887207 0.622240436493379 0.7100635311721211 0.3295855289479614
16.147598266601562 14.8301362991333 11.696118354797363 0.7674105690470924 0.6030887308000261 0.21763501854442371
15.69064712524414 14.983587265014648 12.603917121887207 0.7100635311721211 0.622240436493379 0.3295855289479614
15.52767562866211 15.52767562866211 11.699885368347168 0.6900494832345312 0.6900494832345312 0.21831953960997874
15.085686683654785 15.085686683654785 13.503082275390625 0.6349355202052461 0.6349355202052461 0.44012926551569703
3 0 5 4
3 0 6 5
3 0 7 6
3 0 8 7
3 0 213 39
3 0 11 9
3 0 9 10
3 0 10 2
3 0 2 1
3 0 1 3
3 0 3 21
3 0 21 22
3 0 22 23
3 0 4 11
3 0 23 20
3 0 39 92
3 0 78 13
3 0 12 8
3 0 13 12
3 0 92 78
3 0 20 213
3 20 24 213
3 24 25 213
3 25 26 213
3 26 27 213
3 27 28 213
3 39 213 227
3 39 63 59
3 39 64 63
3 39 65 64
3 39 66 65
3 39 48 50
3 39 49 48
3 39 41 49
3 39 40 41
3 39 42 40
3 39 60 42
3 39 61 60
3 39 62 61
3 39 50 43
3 39 59 62
3 39 43 92
3 43 44 92
3 44 45 92
3 45 46 92
3 92 46 47
3 92 47 51
3 39 67 66
3 39 68 67
3 39 227 68
3 75 456 76
3 75 77 456
3 78 14 13
3 78 15 14
3 78 16 15
3 78 17 16
3 78 18 17
3 78 19 18
3 78 79 19
3 78 80 79
3 78 81 80
3 78 82 81
3 78 83 82
3 78 84 83
3 78 85 84
3 78 86 85
3 78 92 124
3 78 88 87
3 78 87 86
3 78 348 88
3 78 363 348
3 78 113 114
3 78 114 459
3 78 459 349
3 78 349 350
3 78 117 116
3 78 124 134
3 78 134 117
3 78 116 113
3 78 352 354
3 78 354 367
3 78 367 363
3 78 350 352
3 92 51 52
3 92 52 53
3 92 53 54
3 92 54 55
3 92 55 56
3 92 56 57
3 92 57 58
3 92 58 93
3 92 93 94
3 92 94 95
3 92 95 96
3 92 96 120
3 96 97 109
3 97 98 109
3 92 120 121
3 92 125 124
3 92 121 128
3 92 128 125
3 98 99 109
3 100 109 99
3 100 101 109
3 101 102 106
3 102 103 106
3 96 109 111
3 96 111 132
3 96 132 120
3 103 104 106
3 104 105 107
3 101 106 109
3 105 76 107
3 76 456 107
3 104 107 106
3 28 29 213
3 29 30 213
3 30 31 213
3 31 32 213
3 32 33 213
3 33 34 213
3 34 35 213
3 35 214 213
3 214 215 213
3 215 216 213
3 216 217 213
3 213 348 227
3 217 218 348
3 218 219 348
3 219 220 348
3 221 348 220
3 221 224 348
3 217 348 213
3 227 348 359
3 68 227 69
3 69 227 70
3 70 227 71
3 71 227 72
3 72 227 73
3 73 227 74
3 74 227 228
3 228 227 229
3 229 227 230
3 230 227 231
3 231 227 232
3 232 227 233
3 233 227 234
3 227 235 234
3 227 236 238
3 227 238 235
3 227 246 236
3 236 244 237
3 239 242 240
3 240 241 77
3 77 241 456
3 237 244 239
3 239 244 242
3 240 242 241
3 236 246 244
3 227 357 356
3 227 462 249
3 227 249 248
3 227 248 251
3 227 356 462
3 227 259 246
3 227 255 259
3 227 256 255
3 227 251 252
3 227 252 269
3 227 269 261
3 227 261 262
3 227 265 256
3 227 262 265
3 227 359 357
3 88 348 89
3 89 348 90
3 90 348 91
3 91 348 37
3 36 37 348
3 224 222 348
3 223 225 348
3 222 223 348
3 36 348 38
3 226 38 348
3 225 226 348
3 348 363 364
3 348 360 359
3 348 373 360
3 348 369 373
3 348 370 369
3 348 364 375
3 348 375 370
3 3 42 21
3 2 41 1
3 3 1 40
3 2 49 41
3 1 41 40
3 3 40 42
3 4 5 44
3 5 6 45
3 6 7 46
3 7 8 47
3 10 9 48
3 2 10 49
3 9 11 50
3 11 4 43
3 8 12 51
3 12 13 52
3 13 14 53
3 14 15 54
3 15 16 55
3 16 17 56
3 17 18 57
3 18 19 58
3 4 44 43
3 5 45 44
3 6 46 45
3 7 47 46
3 9 50 48
3 10 48 49
3 11 43 50
3 8 51 47
3 12 52 51
3 13 53 52
3 14 54 53
3 15 55 54
3 16 56 55
3 17 57 56
3 18 58 57
3 19 93 58
3 20 59 24
3 21 60 22
3 22 61 23
3 23 62 20
3 24 63 25
3 25 64 26
3 26 65 27
3 27 66 28
3 28 67 29
3 29 68 30
3 30 69 31
3 31 70 32
3 32 71 33
3 33 72 34
3 34 73 35
3 35 74 214
3 21 42 60
3 22 60 61
3 23 61 62
3 20 62 59
3 24 59 63
3 25 63 64
3 64 65 26
3 27 65 66
3 28 66 67
3 29 67 68
3 30 68 69
3 31 69 70
3 32 70 71
3 33 71 72
3 34 72 73
3 35 73 74
3 91 37 76
3 36 75 37
3 36 38 77
3 38 240 77
3 37 75 76
3 36 77 75
3 19 79 93
3 79 80 94
3 80 81 95
3 81 82 96
3 82 83 97
3 83 84 98
3 84 85 99
3 86 100 85
3 87 88 102
3 86 87 101
3 88 89 103
3 89 90 104
3 90 91 105
3 79 94 93
3 80 95 94
3 81 96 95
3 82 97 96
3 83 98 97
3 84 99 98
3 85 100 99
3 87 102 101
3 86 101 100
3 88 103 102
3 89 104 103
3 90 105 104
3 91 76 105
3 214 228 215
3 215 229 216
3 216 230 217
3 217 231 218
3 218 232 219
3 219 233 220
3 221 220 234
3 224 238 222
3 222 236 223
3 223 237 225
3 221 235 224
3 225 239 226
3 226 240 38
3 214 74 228
3 215 228 229
3 216 229 230
3 217 230 231
3 218 231 232
3 219 232 233
3 233 234 220
3 221 234 235
3 222 238 236
3 223 236 237
3 225 237 239
3 224 235 238
3 226 239 240
3 108 110 106
3 108 106 107
3 108 107 457
3 110 109 106
3 112 109 110
3 133 132 111
3 112 133 111
3 112 111 109
3 115 113 118
3 115 114 113
3 115 460 114
3 118 113 116
3 119 118 116
3 135 117 134
3 119 117 135
3 119 116 117
3 122 120 132
3 122 123 120
3 123 121 120
3 126 134 124
3 126 124 127
3 127 124 125
3 123 129 121
3 129 128 121
3 127 125 130
3 130 125 128
3 129 130 128
3 129 131 130
3 133 122 132
3 135 134 126
3 108 457 136
3 108 136 139
3 139 136 140
3 136 466 140
3 112 110 137
3 139 137 110
3 112 148 133
3 112 137 148
3 137 141 138
3 137 138 148
3 108 139 110
3 139 140 141
3 139 141 137
3 138 141 143
3 140 142 141
3 140 468 142
3 141 142 143
3 142 144 143
3 142 473 144
3 122 150 145
3 122 145 123
3 123 145 146
3 123 146 129
3 145 156 146
3 129 146 131
3 131 146 147
3 146 156 147
3 133 148 150
3 133 150 122
3 148 138 149
3 148 149 150
3 138 152 149
3 150 151 145
3 150 149 151
3 149 153 151
3 138 143 152
3 149 152 153
3 152 154 153
3 152 155 154
3 143 155 152
3 143 144 155
3 144 163 155
3 154 155 164
3 145 151 156
3 151 158 156
3 147 156 157
3 156 158 157
3 151 153 158
3 153 154 159
3 153 159 158
3 154 162 159
3 157 158 160
3 158 159 160
3 159 161 160
3 159 162 161
3 154 164 162
3 161 162 166
3 144 476 163
3 155 163 164
3 163 491 164
3 164 491 165
3 164 165 162
3 162 165 166
3 166 165 496
3 115 167 460
3 115 170 167
3 170 171 167
3 167 171 553
3 119 168 118
3 170 118 168
3 119 135 179
3 119 179 168
3 168 169 172
3 168 179 169
3 115 118 170
3 170 172 171
3 170 168 172
3 169 174 172
3 171 172 173
3 171 173 555
3 172 174 173
3 173 174 175
3 173 175 560
3 126 176 180
3 126 127 176
3 127 177 176
3 127 130 177
3 176 177 183
3 130 131 177
3 131 178 177
3 177 178 183
3 135 180 179
3 135 126 180
3 180 176 182
3 179 181 169
3 179 180 181
3 169 181 185
3 180 182 181
3 181 182 186
3 176 183 182
3 182 183 189
3 178 184 183
3 183 184 189
3 169 185 174
3 181 186 185
3 185 186 187
3 185 187 188
3 174 185 188
3 174 188 175
3 175 188 194
3 187 195 188
3 182 189 186
3 186 191 187
3 186 189 191
3 184 190 189
3 189 190 191
3 190 192 191
3 187 191 193
3 191 192 193
3 187 193 195
3 192 197 193
3 175 194 563
3 188 195 194
3 194 195 577
3 195 193 196
3 195 196 577
3 193 197 196
3 197 581 196
3 131 147 178
3 147 198 178
3 147 157 198
3 178 198 184
3 198 157 199
3 157 160 199
3 198 200 184
3 184 200 190
3 198 199 200
3 199 201 200
3 199 202 201
3 200 201 206
3 160 202 199
3 160 161 202
3 202 161 203
3 202 204 201
3 161 166 203
3 202 203 204
3 204 203 205
3 203 211 205
3 200 206 190
3 190 206 192
3 206 201 207
3 206 208 192
3 206 207 208
3 192 208 197
3 207 209 208
3 208 209 212
3 201 204 207
3 204 210 207
3 204 205 210
3 210 205 639
3 207 210 209
3 210 640 209
3 166 211 203
3 166 496 211
3 211 643 205
3 197 208 212
3 197 212 581
3 212 209 658
3 243 458 241
3 243 241 242
3 243 242 245
3 245 242 244
3 247 245 244
3 247 244 246
3 247 246 260
3 260 246 259
3 250 253 248
3 250 248 249
3 250 249 463
3 253 251 248
3 254 251 253
3 270 269 252
3 254 270 252
3 254 252 251
3 257 259 255
3 257 255 258
3 258 255 256
3 260 259 257
3 263 261 269
3 263 264 261
3 264 262 261
3 258 256 266
3 266 256 265
3 264 267 262
3 267 265 262
3 266 265 267
3 266 267 268
3 270 263 269
3 243 271 458
3 243 272 271
3 271 273 467
3 271 272 273
3 272 245 274
3 247 274 245
3 243 245 272
3 272 276 273
3 272 274 276
3 247 281 274
3 247 260 281
3 274 275 276
3 274 281 275
3 273 277 469
3 273 276 277
3 276 275 278
3 276 278 277
3 277 279 474
3 277 278 279
3 257 280 283
3 257 258 280
3 260 283 281
3 260 257 283
3 281 282 275
3 281 283 282
3 275 282 285
3 283 280 284
3 283 284 282
3 282 284 287
3 275 285 278
3 278 285 286
3 278 286 279
3 279 286 298
3 282 287 285
3 285 287 288
3 285 288 286
3 288 299 286
3 258 289 280
3 258 266 289
3 280 289 291
3 266 268 289
3 268 290 289
3 289 290 291
3 280 291 284
3 284 291 293
3 290 292 291
3 291 292 293
3 284 293 287
3 287 294 288
3 287 293 294
3 288 294 295
3 288 295 299
3 292 296 293
3 293 296 294
3 294 296 297
3 294 297 295
3 297 301 295
3 279 298 482
3 286 299 298
3 298 299 511
3 299 300 511
3 299 295 300
3 295 301 300
3 301 520 300
3 250 463 302
3 250 302 304
3 304 302 306
3 302 728 306
3 254 253 303
3 304 303 253
3 254 314 270
3 254 303 314
3 250 304 253
3 303 307 305
3 303 305 314
3 304 306 307
3 304 307 303
3 305 307 309
3 306 308 307
3 306 730 308
3 307 308 309
3 308 310 309
3 308 735 310
3 263 315 311
3 263 311 264
3 264 311 312
3 264 312 267
3 311 318 312
3 267 312 268
3 268 312 313
3 312 318 313
3 270 314 315
3 270 315 263
3 315 317 311
3 314 305 316
3 314 316 315
3 305 320 316
3 315 316 317
3 316 321 317
3 311 317 318
3 317 324 318
3 313 318 319
3 318 324 319
3 305 309 320
3 316 320 321
3 320 322 321
3 309 323 320
3 320 323 322
3 309 310 323
3 310 329 323
3 322 323 330
3 317 321 324
3 321 322 326
3 321 326 324
3 319 324 325
3 324 326 325
3 325 326 327
3 322 328 326
3 326 328 327
3 322 330 328
3 327 328 332
3 310 738 329
3 323 329 330
3 329 752 330
3 330 331 328
3 330 752 331
3 328 331 332
3 332 331 756
3 268 313 290
3 290 313 333
3 290 333 292
3 313 319 333
3 333 334 292
3 292 334 296
3 333 319 335
3 319 325 335
3 333 335 334
3 334 335 336
3 334 336 337
3 335 341 336
3 296 334 337
3 296 337 297
3 297 337 338
3 297 338 301
3 337 336 339
3 337 339 338
3 339 340 338
3 338 340 346
3 335 325 341
3 325 327 341
3 341 342 336
3 341 343 342
3 341 327 343
3 327 332 343
3 342 343 344
3 343 347 344
3 336 342 339
3 339 342 345
3 339 345 340
3 345 814 340
3 342 344 345
3 345 344 815
3 301 346 520
3 301 338 346
3 346 340 819
3 332 347 343
3 332 756 347
3 347 851 344
3 351 349 461
3 351 350 349
3 351 353 350
3 353 352 350
3 355 352 353
3 355 354 352
3 355 368 354
3 368 367 354
3 358 356 357
3 358 464 356
3 358 357 361
3 361 357 359
3 362 361 359
3 362 359 360
3 374 360 373
3 362 360 374
3 365 363 367
3 365 366 363
3 366 364 363
3 368 365 367
3 371 373 369
3 371 369 372
3 372 369 370
3 374 373 371
3 366 376 364
3 376 375 364
3 372 370 377
3 377 370 375
3 376 377 375
3 376 378 377
3 351 461 379
3 351 379 380
3 379 554 381
3 379 381 380
3 380 382 353
3 355 353 382
3 351 380 353
3 380 381 384
3 380 384 382
3 355 382 389
3 355 389 368
3 382 384 383
3 382 383 389
3 381 556 385
3 381 385 384
3 384 386 383
3 384 385 386
3 385 561 387
3 385 387 386
3 365 391 388
3 365 388 366
3 368 389 391
3 368 391 365
3 389 383 390
3 389 390 391
3 383 393 390
3 391 392 388
3 391 390 392
3 390 395 392
3 383 386 393
3 386 394 393
3 386 387 394
3 387 406 394
3 390 393 395
3 393 396 395
3 393 394 396
3 396 394 407
3 366 388 397
3 366 397 376
3 388 399 397
3 376 397 378
3 378 397 398
3 397 399 398
3 388 392 399
3 392 401 399
3 398 399 400
3 399 401 400
3 392 395 401
3 395 396 402
3 395 402 401
3 396 403 402
3 396 407 403
3 400 401 404
3 401 402 404
3 402 405 404
3 402 403 405
3 405 403 409
3 387 569 406
3 394 406 407
3 406 598 407
3 407 598 408
3 407 408 403
3 403 408 409
3 409 408 607
3 358 410 464
3 358 411 410
3 410 411 413
3 410 413 729
3 362 412 361
3 411 361 412
3 358 361 411
3 362 420 412
3 362 374 420
3 411 415 413
3 411 412 415
3 412 414 415
3 412 420 414
3 413 416 731
3 413 415 416
3 415 414 417
3 415 417 416
3 416 418 736
3 416 417 418
3 371 419 421
3 371 372 419
3 374 421 420
3 374 371 421
3 421 419 423
3 420 422 414
3 420 421 422
3 414 422 428
3 421 423 422
3 422 423 429
3 372 424 419
3 372 377 424
3 419 424 426
3 377 378 424
3 378 425 424
3 424 425 426
3 419 426 423
3 423 426 432
3 425 427 426
3 426 427 432
3 414 428 417
3 417 428 430
3 422 429 428
3 428 429 431
3 417 430 418
3 418 430 437
3 428 431 430
3 431 438 430
3 423 432 429
3 429 434 431
3 429 432 434
3 427 433 432
3 432 433 434
3 433 436 434
3 431 434 435
3 431 435 438
3 434 436 435
3 436 440 435
3 418 437 743
3 430 438 437
3 437 438 771
3 438 435 439
3 438 439 771
3 435 440 439
3 440 775 439
3 378 398 425
3 398 441 425
3 398 400 441
3 425 441 427
3 441 400 442
3 400 404 442
3 441 443 427
3 427 443 433
3 441 442 443
3 442 444 443
3 442 445 444
3 443 444 449
3 404 445 442
3 404 405 445
3 405 446 445
3 405 409 446
3 445 447 444
3 445 446 447
3 447 446 448
3 446 454 448
3 443 449 433
3 433 449 436
3 449 444 450
3 449 450 451
3 436 449 451
3 436 451 440
3 450 452 451
3 451 452 455
3 444 447 450
3 447 453 450
3 447 448 453
3 453 448 902
3 450 453 452
3 453 903 452
3 409 607 454
3 409 454 446
3 454 907 448
3 440 451 455
3 440 455 775
3 455 452 939
3 457 456 458
3 457 107 456
3 458 456 241
3 460 461 459
3 460 459 114
3 461 349 459
3 463 462 464
3 463 249 462
3 464 462 356
3 457 458 465
3 136 457 465
3 271 465 458
3 465 467 466
3 136 465 466
3 271 467 465
3 470 466 467
3 140 466 468
3 470 468 466
3 470 471 468
3 470 467 469
3 273 469 467
3 470 469 472
3 470 472 471
3 468 473 142
3 468 471 473
3 144 473 476
3 469 474 472
3 469 277 474
3 279 482 474
3 471 472 475
3 471 477 473
3 473 477 476
3 477 479 476
3 471 475 477
3 475 478 477
3 477 478 479
3 478 485 479
3 472 474 480
3 472 480 475
3 475 480 481
3 474 482 480
3 480 482 483
3 480 483 481
3 481 483 486
3 475 481 478
3 478 481 484
3 478 484 485
3 481 486 484
3 485 484 487
3 486 488 484
3 484 488 487
3 487 488 489
3 163 476 490
3 476 479 490
3 163 490 491
3 490 492 491
3 490 493 492
3 479 493 490
3 479 485 493
3 492 493 494
3 485 501 493
3 493 501 494
3 491 495 165
3 491 492 495
3 492 498 495
3 165 495 496
3 495 497 496
3 495 498 497
3 492 494 498
3 497 498 500
3 494 499 498
3 494 502 499
3 498 499 500
3 500 499 506
3 485 487 501
3 501 487 503
3 501 502 494
3 501 503 502
3 503 504 502
3 487 489 503
3 489 528 503
3 503 528 504
3 504 528 530
3 502 505 499
3 502 504 505
3 499 505 506
3 506 505 508
3 504 507 505
3 504 530 507
3 530 536 507
3 505 507 508
3 507 537 508
3 507 536 537
3 482 298 509
3 482 509 483
3 483 510 486
3 483 509 510
3 298 511 509
3 509 512 510
3 509 511 512
3 512 513 510
3 486 510 514
3 510 513 514
3 486 514 488
3 514 515 488
3 488 515 489
3 489 515 529
3 514 516 515
3 514 513 516
3 515 516 517
3 515 517 529
3 529 517 531
3 511 300 518
3 511 518 512
3 512 518 519
3 512 519 513
3 300 520 518
3 518 520 521
3 518 521 519
3 521 523 519
3 513 522 516
3 513 519 522
3 519 523 522
3 522 523 526
3 516 524 517
3 516 522 524
3 517 525 531
3 517 524 525
3 531 525 542
3 522 526 524
3 526 527 524
3 524 527 525
3 525 545 542
3 525 527 545
3 489 529 528
3 528 529 532
3 528 532 530
3 530 532 533
3 529 531 532
3 531 534 532
3 532 534 533
3 533 534 535
3 530 533 536
3 533 538 536
3 536 540 537
3 536 538 540
3 533 535 538
3 535 539 538
3 538 541 540
3 538 539 541
3 531 542 534
3 534 542 543
3 534 543 535
3 535 543 544
3 542 545 546
3 542 546 543
3 543 546 547
3 543 547 544
3 535 544 539
3 539 544 548
3 539 549 541
3 539 548 549
3 544 547 550
3 544 550 548
3 548 550 549
3 549 550 551
3 460 552 461
3 167 552 460
3 379 461 552
3 552 553 554
3 167 553 552
3 379 552 554
3 553 557 554
3 171 555 553
3 553 555 557
3 557 555 558
3 557 556 554
3 381 554 556
3 557 559 556
3 557 558 559
3 555 173 560
3 555 560 558
3 175 563 560
3 556 559 561
3 556 561 385
3 387 561 569
3 558 562 559
3 558 560 564
3 560 563 564
3 563 566 564
3 558 564 562
3 562 564 565
3 564 566 565
3 565 566 572
3 559 567 561
3 559 562 567
3 562 568 567
3 561 567 569
3 567 570 569
3 567 568 570
3 568 573 570
3 562 565 568
3 565 571 568
3 565 572 571
3 568 571 573
3 572 574 571
3 573 571 575
3 571 574 575
3 574 576 575
3 194 578 563
3 194 577 578
3 563 578 566
3 578 577 579
3 578 579 580
3 566 578 580
3 566 580 572
3 579 585 580
3 577 196 582
3 196 581 582
3 577 582 579
3 579 582 584
3 581 583 582
3 582 583 584
3 579 584 585
3 583 587 584
3 572 580 588
3 580 585 588
3 585 584 586
3 585 586 589
3 584 587 586
3 587 593 586
3 572 588 574
3 588 590 574
3 588 585 589
3 588 589 590
3 589 591 590
3 574 590 576
3 576 590 615
3 590 591 615
3 591 617 615
3 589 586 592
3 589 592 591
3 586 593 592
3 593 595 592
3 591 592 594
3 591 594 617
3 617 594 623
3 592 595 594
3 594 595 624
3 594 624 623
3 569 596 406
3 569 570 596
3 570 573 597
3 570 597 596
3 406 596 598
3 596 597 599
3 596 599 598
3 599 597 600
3 573 601 597
3 597 601 600
3 573 575 601
3 601 575 602
3 575 576 602
3 576 616 602
3 601 602 603
3 601 603 600
3 602 604 603
3 602 616 604
3 616 618 604
3 598 605 408
3 598 599 605
3 599 606 605
3 599 600 606
3 408 605 607
3 605 608 607
3 605 606 608
3 608 606 610
3 600 603 609
3 600 609 606
3 606 609 610
3 609 613 610
3 603 604 611
3 603 611 609
3 604 618 612
3 604 612 611
3 618 629 612
3 609 611 613
3 613 611 614
3 611 612 614
3 612 629 632
3 612 632 614
3 576 615 616
3 615 619 616
3 615 617 619
3 617 620 619
3 616 619 618
3 618 619 621
3 619 620 621
3 620 622 621
3 617 623 620
3 620 623 625
3 623 624 627
3 623 627 625
3 620 625 622
3 622 625 626
3 625 627 628
3 625 628 626
3 618 621 629
3 621 630 629
3 621 622 630
3 622 631 630
3 629 633 632
3 629 630 633
3 630 634 633
3 630 631 634
3 622 626 631
3 626 635 631
3 626 628 636
3 626 636 635
3 631 637 634
3 631 635 637
3 635 636 637
3 636 638 637
3 205 643 639
3 209 640 658
3 210 639 640
3 639 641 640
3 211 496 642
3 496 497 642
3 497 644 642
3 211 642 643
3 642 645 643
3 497 500 644
3 642 644 645
3 644 650 645
3 500 649 644
3 644 649 650
3 643 645 646
3 643 646 639
3 639 646 641
3 646 645 647
3 645 650 647
3 646 648 641
3 646 647 648
3 500 506 649
3 649 506 651
3 506 508 651
3 649 652 650
3 649 651 652
3 508 677 651
3 508 537 677
3 651 653 652
3 651 677 653
3 647 650 655
3 647 654 648
3 647 655 654
3 655 657 654
3 654 657 675
3 650 652 655
3 652 656 655
3 652 653 656
3 655 656 657
3 212 659 581
3 212 658 659
3 581 659 583
3 583 659 660
3 659 658 661
3 583 660 587
3 659 661 660
3 661 667 660
3 658 640 662
3 658 662 661
3 640 641 662
3 662 641 663
3 662 663 664
3 662 664 661
3 661 664 667
3 587 660 666
3 660 667 666
3 664 671 667
3 664 663 665
3 664 665 671
3 671 665 673
3 665 676 673
3 587 666 593
3 666 668 593
3 593 668 595
3 666 667 669
3 666 669 668
3 668 669 670
3 595 668 695
3 595 695 624
3 668 670 695
3 667 671 669
3 669 671 672
3 669 672 670
3 671 673 672
3 641 648 663
3 648 674 663
3 648 654 674
3 663 674 665
3 674 675 676
3 654 675 674
3 665 674 676
3 537 679 677
3 537 540 679
3 677 678 653
3 677 679 678
3 653 678 682
3 540 680 679
3 540 541 680
3 679 680 681
3 679 681 678
3 678 681 684
3 653 682 656
3 656 682 683
3 656 683 657
3 657 683 713
3 682 684 685
3 678 684 682
3 682 685 683
3 685 718 683
3 541 686 680
3 541 549 686
3 680 686 687
3 680 687 681
3 681 687 690
3 549 551 686
3 551 688 686
3 686 688 687
3 688 689 687
3 687 689 690
3 685 684 691
3 681 690 684
3 684 690 691
3 685 692 718
3 685 691 692
3 694 691 693
3 689 693 690
3 690 693 691
3 694 692 691
3 694 725 692
3 624 695 697
3 624 697 627
3 695 670 696
3 695 696 697
3 670 700 696
3 627 697 698
3 627 698 628
3 697 699 698
3 697 696 699
3 696 703 699
3 672 700 670
3 672 701 700
3 672 673 701
3 673 714 701
3 700 702 703
3 700 701 702
3 702 701 719
3 696 700 703
3 628 698 704
3 628 704 636
3 698 705 704
3 698 699 705
3 699 710 705
3 636 704 638
3 638 704 706
3 704 705 706
3 705 710 707
3 706 705 707
3 702 709 703
3 702 719 708
3 702 708 709
3 699 703 710
3 703 709 710
3 711 712 709
3 711 708 726
3 711 709 708
3 707 710 712
3 710 709 712
3 675 657 713
3 675 713 715
3 676 714 673
3 676 715 714
3 675 715 676
3 715 713 716
3 716 713 718
3 715 717 714
3 717 719 714
3 715 716 717
3 683 718 713
3 714 719 701
3 716 718 720
3 716 720 722
3 717 721 719
3 717 722 721
3 716 722 717
3 722 720 723
3 723 720 725
3 722 724 721
3 724 726 721
3 722 723 724
3 718 692 720
3 692 725 720
3 719 721 708
3 708 721 726
3 463 464 727
3 302 463 727
3 410 727 464
3 727 729 728
3 302 727 728
3 410 729 727
3 728 729 732
3 306 728 730
3 728 732 730
3 413 731 729
3 729 731 732
3 732 733 730
3 732 731 734
3 732 734 733
3 730 735 308
3 730 733 735
3 310 735 738
3 731 736 734
3 731 416 736
3 418 743 736
3 733 734 737
3 733 739 735
3 735 739 738
3 738 739 741
3 733 737 739
3 737 740 739
3 739 740 741
3 740 747 741
3 734 736 742
3 734 742 737
3 737 742 744
3 736 743 742
3 743 745 742
3 742 745 744
3 744 745 748
3 737 744 740
3 740 744 746
3 740 746 747
3 744 748 746
3 747 746 749
3 748 750 746
3 746 750 749
3 749 750 751
3 329 738 753
3 329 753 752
3 738 741 753
3 753 754 752
3 753 755 754
3 741 755 753
3 741 747 755
3 754 755 760
3 752 757 331
3 331 757 756
3 752 754 757
3 754 759 757
3 756 757 758
3 757 759 758
3 754 760 759
3 758 759 762
3 747 763 755
3 755 763 760
3 760 761 759
3 760 764 761
3 759 761 762
3 762 761 768
3 747 749 763
3 763 749 765
3 763 764 760
3 763 765 764
3 764 765 766
3 749 751 765
3 751 790 765
3 765 790 766
3 766 790 792
3 764 767 761
3 764 766 767
3 761 767 768
3 768 767 770
3 766 769 767
3 766 792 769
3 792 798 769
3 767 769 770
3 769 799 770
3 769 798 799
3 743 437 772
3 437 771 772
3 743 772 745
3 745 772 773
3 745 773 748
3 772 771 774
3 772 774 773
3 774 779 773
3 771 439 776
3 439 775 776
3 771 776 774
3 774 776 777
3 774 777 779
3 775 778 776
3 776 778 777
3 778 785 777
3 748 773 780
3 773 779 780
3 748 780 750
3 780 781 750
3 750 781 751
3 780 779 782
3 780 782 781
3 782 783 781
3 751 781 791
3 781 783 791
3 791 783 793
3 779 784 782
3 779 777 784
3 777 785 784
3 785 787 784
3 782 786 783
3 782 784 786
3 784 787 786
3 787 789 786
3 783 788 793
3 783 786 788
3 793 788 804
3 786 789 788
3 788 807 804
3 788 789 807
3 751 791 790
3 790 791 794
3 790 794 792
3 792 794 795
3 791 793 794
3 793 796 794
3 794 796 795
3 795 796 797
3 792 795 798
3 795 800 798
3 798 802 799
3 798 800 802
3 795 797 800
3 797 801 800
3 800 803 802
3 800 801 803
3 793 804 796
3 796 804 805
3 796 805 797
3 797 805 806
3 804 807 808
3 804 808 805
3 805 808 809
3 805 809 806
3 797 806 801
3 801 806 810
3 801 811 803
3 801 810 811
3 806 809 812
3 806 812 810
3 810 812 811
3 811 812 813
3 340 814 819
3 344 851 815
3 345 815 814
3 814 815 816
3 346 817 520
3 520 817 521
3 521 817 818
3 521 818 523
3 346 819 817
3 817 819 820
3 817 820 818
3 818 820 823
3 523 818 821
3 818 823 821
3 523 821 526
3 526 822 527
3 821 822 526
3 527 822 833
3 527 833 545
3 821 823 824
3 821 824 822
3 822 824 825
3 822 825 833
3 819 826 820
3 819 814 826
3 820 827 823
3 820 826 827
3 814 816 826
3 826 828 827
3 826 816 828
3 827 830 823
3 827 828 829
3 827 829 830
3 830 829 832
3 829 868 832
3 823 830 824
3 824 830 831
3 824 831 825
3 830 832 831
3 545 833 834
3 545 834 546
3 546 834 835
3 546 835 547
3 834 837 835
3 833 825 836
3 833 836 834
3 825 842 836
3 834 836 837
3 836 843 837
3 547 835 838
3 547 838 550
3 835 840 838
3 550 838 551
3 551 838 839
3 838 840 839
3 835 837 840
3 837 846 840
3 839 840 841
3 840 846 841
3 825 831 842
3 831 844 842
3 842 845 843
3 836 842 843
3 831 832 844
3 832 888 844
3 842 844 845
3 845 844 893
3 845 848 843
3 837 843 846
3 843 848 846
3 850 847 848
3 841 846 847
3 846 848 847
3 845 849 848
3 845 893 849
3 850 848 849
3 850 849 899
3 347 756 852
3 347 852 851
3 756 758 852
3 758 853 852
3 852 854 851
3 758 762 853
3 852 853 854
3 854 853 860
3 851 855 815
3 851 854 855
3 815 855 816
3 855 856 816
3 855 857 856
3 855 854 857
3 854 860 857
3 857 860 864
3 857 858 856
3 857 864 858
3 864 866 858
3 858 866 869
3 762 859 853
3 853 859 860
3 762 768 859
3 859 768 861
3 768 770 861
3 859 862 860
3 859 861 862
3 861 863 862
3 770 870 861
3 770 799 870
3 861 870 863
3 860 862 864
3 862 865 864
3 862 863 865
3 864 865 866
3 816 856 828
3 828 856 867
3 828 867 829
3 856 858 867
3 868 867 869
3 829 867 868
3 858 869 867
3 799 872 870
3 799 802 872
3 870 871 863
3 870 872 871
3 863 871 875
3 802 873 872
3 802 803 873
3 872 873 874
3 871 874 878
3 872 874 871
3 865 863 875
3 865 875 876
3 865 876 866
3 866 876 890
3 877 875 878
3 877 900 876
3 877 876 875
3 871 878 875
3 803 879 873
3 803 811 879
3 873 879 880
3 874 880 886
3 873 880 874
3 811 813 879
3 813 881 879
3 879 881 880
3 880 882 886
3 881 882 880
3 877 878 884
3 877 883 900
3 877 884 883
3 885 884 887
3 885 901 883
3 885 883 884
3 874 886 878
3 878 886 884
3 882 887 886
3 886 887 884
3 868 888 832
3 868 891 888
3 889 893 888
3 891 889 888
3 869 890 891
3 869 866 890
3 868 869 891
3 891 890 892
3 892 890 900
3 891 892 889
3 844 888 893
3 889 894 893
3 889 897 894
3 895 899 894
3 895 894 897
3 892 900 896
3 892 896 897
3 889 892 897
3 897 896 898
3 898 896 901
3 895 897 898
3 893 894 849
3 849 894 899
3 890 876 900
3 900 883 896
3 901 896 883
3 448 907 902
3 452 903 939
3 453 902 903
3 902 904 903
3 454 607 905
3 607 608 905
3 608 906 905
3 608 610 906
3 454 905 907
3 905 908 907
3 905 906 908
3 906 911 908
3 610 909 906
3 906 909 911
3 610 613 909
3 613 614 910
3 909 613 910
3 614 921 910
3 614 632 921
3 909 912 911
3 909 910 912
3 910 913 912
3 910 921 913
3 907 908 914
3 907 914 902
3 908 911 915
3 908 915 914
3 902 914 904
3 914 915 916
3 914 916 904
3 915 911 918
3 915 917 916
3 915 918 917
3 918 920 917
3 917 920 974
3 911 912 918
3 912 919 918
3 912 913 919
3 918 919 920
3 632 922 921
3 632 633 922
3 633 923 922
3 633 634 923
3 922 923 925
3 921 924 913
3 921 922 924
3 913 924 930
3 922 925 924
3 924 925 931
3 634 926 923
3 634 637 926
3 923 926 928
3 637 638 926
3 638 927 926
3 926 927 928
3 923 928 925
3 925 928 934
3 927 929 928
3 928 929 934
3 913 930 919
3 919 930 932
3 933 930 931
3 924 931 930
3 919 932 920
3 920 932 976
3 933 932 930
3 933 986 932
3 933 931 936
3 938 936 935
3 925 934 931
3 931 934 936
3 929 935 934
3 934 935 936
3 933 936 937
3 933 937 986
3 938 937 936
3 938 987 937
3 455 940 775
3 455 939 940
3 775 940 778
3 778 940 941
3 778 941 785
3 940 939 942
3 940 942 941
3 942 949 941
3 939 903 943
3 939 943 942
3 903 904 943
3 943 904 944
3 943 944 945
3 942 943 945
3 942 945 949
3 945 952 949
3 945 944 946
3 945 946 952
3 952 946 954
3 946 975 954
3 785 941 947
3 941 949 947
3 785 947 787
3 947 948 787
3 787 948 789
3 947 949 950
3 947 950 948
3 948 950 951
3 789 948 955
3 789 955 807
3 948 951 955
3 949 952 950
3 950 952 953
3 950 953 951
3 952 954 953
3 807 955 956
3 807 956 808
3 808 956 957
3 808 957 809
3 956 959 957
3 955 951 958
3 955 958 956
3 951 964 958
3 958 967 959
3 956 958 959
3 809 957 960
3 809 960 812
3 957 962 960
3 812 960 813
3 813 960 961
3 960 962 961
3 959 971 962
3 957 959 962
3 962 971 963
3 961 962 963
3 953 964 951
3 953 965 964
3 966 967 964
3 953 954 965
3 954 978 965
3 966 965 988
3 966 964 965
3 958 964 967
3 966 969 967
3 970 972 969
3 966 988 968
3 966 968 969
3 970 968 989
3 970 969 968
3 959 967 971
3 967 969 971
3 963 971 972
3 971 969 972
3 904 916 944
3 916 973 944
3 916 917 973
3 944 973 946
3 974 975 973
3 917 974 973
3 946 973 975
3 974 920 976
3 974 976 980
3 977 976 986
3 980 976 977
3 975 980 978
3 975 978 954
3 979 988 978
3 980 979 978
3 974 980 975
3 980 977 979
3 977 986 981
3 977 981 985
3 982 981 987
3 982 985 981
3 979 983 988
3 979 985 983
3 984 983 985
3 984 989 983
3 977 985 979
3 982 984 985
3 932 986 976
3 986 937 981
3 937 987 981
3 978 988 965
3 988 983 968
3 989 968 983
3 551 839 688
3 688 839 990
3 688 990 689
3 839 841 990
3 990 991 689
3 689 991 693
3 990 841 992
3 841 847 992
3 990 992 991
3 991 992 993
3 991 993 994
3 992 998 993
3 694 693 994
3 693 991 994
3 694 994 995
3 694 995 725
3 994 993 996
3 994 996 995
3 996 997 995
3 995 997 1022
3 850 998 847
3 992 847 998
3 998 999 993
3 998 1000 999
3 850 1000 998
3 850 899 1000
3 999 1000 1001
3 1000 1044 1001
3 1005 1002 997
3 1025 997 1002
3 1005 1001 1003
3 1045 1003 1001
3 1002 1003 1004
3 1005 1003 1002
3 996 999 1005
3 993 999 996
3 996 1005 997
3 999 1001 1005
3 638 706 927
3 706 1006 927
3 706 707 1006
3 927 1006 929
3 707 712 1007
3 1006 707 1007
3 1006 1008 929
3 929 1008 935
3 1006 1007 1008
3 1007 1009 1008
3 1007 1010 1009
3 1008 1009 1017
3 711 1010 712
3 711 726 1011
3 711 1011 1010
3 712 1010 1007
3 1010 1012 1009
3 1010 1011 1012
3 1012 1011 1013
3 1023 1013 1011
3 1021 1013 1014
3 1026 1014 1013
3 1021 1016 1020
3 1051 1020 1016
3 1014 1015 1016
3 1021 1014 1016
3 938 935 1017
3 1017 1009 1018
3 1017 1018 1019
3 1008 1017 935
3 938 1017 1019
3 938 1019 987
3 1018 1020 1019
3 1019 1020 1050
3 1012 1021 1018
3 1012 1018 1009
3 1012 1013 1021
3 1018 1021 1020
3 723 725 1022
3 723 1022 1024
3 724 1023 726
3 724 1024 1023
3 723 1024 724
3 1022 997 1025
3 1024 1022 1025
3 1024 1026 1023
3 1023 1026 1013
3 1024 1025 1026
3 725 995 1022
3 726 1023 1011
3 1025 1027 1026
3 1025 1002 1027
3 1026 1027 1014
3 1002 1004 1027
3 1014 1027 1015
3 1027 1004 1015
3 1043 1029 1038
3 1048 1038 1029
3 1043 1042 1030
3 1053 1030 1042
3 1029 1030 1028
3 1043 1030 1029
3 881 961 1031
3 813 961 881
3 881 1031 882
3 961 963 1031
3 882 1032 887
3 1031 1032 882
3 963 972 1033
3 1031 963 1033
3 1031 1033 1032
3 1032 1033 1034
3 1032 1034 1035
3 1033 1039 1034
3 885 887 1035
3 885 1036 901
3 885 1035 1036
3 1035 1034 1037
3 1035 1037 1036
3 1037 1038 1036
3 1046 1036 1038
3 887 1032 1035
3 970 1039 972
3 1039 1040 1034
3 1039 1041 1040
3 970 989 1041
3 970 1041 1039
3 1040 1041 1042
3 1052 1042 1041
3 1033 972 1039
3 1037 1040 1043
3 1037 1034 1040
3 1037 1043 1038
3 1040 1042 1043
3 895 1044 899
3 895 1047 1044
3 1044 1045 1001
3 1047 1045 1044
3 898 901 1046
3 898 1046 1047
3 895 898 1047
3 1047 1046 1048
3 1048 1046 1038
3 1047 1048 1045
3 899 1044 1000
3 1045 1048 1049
3 1045 1049 1003
3 1003 1049 1004
3 1049 1028 1004
3 1029 1028 1049
3 1048 1029 1049
3 901 1036 1046
3 982 987 1050
3 982 1050 1054
3 1051 1050 1020
3 1054 1050 1051
3 984 1052 989
3 984 1054 1052
3 1054 1053 1052
3 1053 1042 1052
3 982 1054 984
3 1054 1051 1053
3 1051 1055 1053
3 1055 1015 1028
3 1016 1015 1055
3 1030 1055 1028
3 1051 1016 1055
3 1053 1055 1030
3 987 1019 1050
3 989 1052 1041
3 1004 1028 1015

