ISO-10303-21;
HEADER;
FILE_DESCRIPTION(('ViewDefinition []'),'2;1');
FILE_NAME('Ramps.ifc','',(''),(''),'semio BIM','semio BIM','');
FILE_SCHEMA(('IFC4'));
ENDSEC;
DATA;
#1=IFCCARTESIANPOINT((0.,0.,0.));
#2=IFCAXIS2PLACEMENT3D(#1,$,$);
#3=IFCDIRECTION((0.,1.));
#4=IFCGEOMETRICREPRESENTATIONCONTEXT($,'Model',3,0.000001,#2,#3);
#5=IFCGEOMETRICREPRESENTATIONSUBCONTEXT('Body','Model',*,*,*,*,#4,$,.MODEL_VIEW.,$);
#6=IFCGEOMETRICREPRESENTATIONSUBCONTEXT('Axis','Model',*,*,*,*,#4,$,.GRAPH_VIEW.,$);
#7=IFCGEOMETRICREPRESENTATIONSUBCONTEXT('FootPrint','Model',*,*,*,*,#4,$,.PLAN_VIEW.,$);
#8=IFCMATERIAL('Concrete',$,'Concrete');
#9=IFCPROPERTYSINGLEVALUE('MassDensity',$,IFCMASSDENSITYMEASURE(2400.),$);
#10=IFCMATERIALPROPERTIES('Pset_MaterialCommon',$,(#9),#8);
#11=IFCPROPERTYSINGLEVALUE('ThermalConductivity',$,IFCTHERMALCONDUCTIVITYMEASURE(1.8),$);
#12=IFCPROPERTYSINGLEVALUE('SpecificHeatCapacity',$,IFCSPECIFICHEATCAPACITYMEASURE(1000.),$);
#13=IFCMATERIALPROPERTIES('Pset_MaterialThermal',$,(#11,#12),#8);
#14=IFCPROPERTYSINGLEVALUE('Id',$,IFCLABEL('m-concrete'),$);
#15=IFCPROPERTYSINGLEVALUE('Category',$,IFCLABEL('Concrete'),$);
#16=IFCPROPERTYSINGLEVALUE('Red',$,IFCREAL(0.6),$);
#17=IFCPROPERTYSINGLEVALUE('Green',$,IFCREAL(0.6),$);
#18=IFCPROPERTYSINGLEVALUE('Blue',$,IFCREAL(0.6),$);
#19=IFCMATERIALPROPERTIES('Semio_Authoring',$,(#14,#15,#16,#17,#18),#8);
#20=IFCSIUNIT(*,.LENGTHUNIT.,$,.METRE.);
#21=IFCSIUNIT(*,.AREAUNIT.,$,.SQUARE_METRE.);
#22=IFCSIUNIT(*,.VOLUMEUNIT.,$,.CUBIC_METRE.);
#23=IFCSIUNIT(*,.PLANEANGLEUNIT.,$,.RADIAN.);
#24=IFCUNITASSIGNMENT((#20,#21,#22,#23));
#25=IFCPROJECT('1w8OAdRUto0JEzixroLdqB',$,'Ramps',$,$,$,$,(#4),#24);
#26=IFCLOCALPLACEMENT($,#2);
#27=IFCSITE('1QBh6LzYuAptPPqA16Z5bc',$,'Plot',$,'site-1',#26,$,$,.ELEMENT.,(47,0,0,0),(8,0,0,0),100.,$,$);
#28=IFCLOCALPLACEMENT(#26,#2);
#29=IFCBUILDING('0HBDLIrKAxSZKIwlXVGe62',$,'House',$,'bldg-1',#28,$,$,.ELEMENT.,100.,$,$);
#30=IFCCARTESIANPOINT((0.,0.,-2.6));
#31=IFCAXIS2PLACEMENT3D(#30,$,$);
#32=IFCLOCALPLACEMENT(#28,#31);
#33=IFCBUILDINGSTOREY('0qMOcPZlOsbmAlyKbsGOD6',$,'Basement',$,'st-base',#32,$,$,.ELEMENT.,-2.6);
#34=IFCCARTESIANPOINT((0.,0.,3.));
#35=IFCAXIS2PLACEMENT3D(#34,$,$);
#36=IFCLOCALPLACEMENT(#28,#35);
#37=IFCBUILDINGSTOREY('1gAO00$311WltX3gSB8RKH',$,'First',$,'st-first',#36,$,$,.ELEMENT.,3.);
#38=IFCLOCALPLACEMENT(#28,#2);
#39=IFCBUILDINGSTOREY('3wsYM$bPNbBbDbGw_Wf9m1',$,'Ground',$,'st-ground',#38,$,$,.ELEMENT.,0.);
#40=IFCLOCALPLACEMENT(#38,#2);
#41=IFCRAMP('0_JMcciK_1jBFhsCe2zvfa',$,'Ramp',$,$,#40,$,'r-at-limit',.STRAIGHT_RUN_RAMP.);
#42=IFCCARTESIANPOINTLIST3D(((1.5,2.4,0.),(8.5,2.4,0.583333333),(8.5,3.6,0.583333333),(1.5,3.6,0.),(1.5,3.6,-0.2),(8.5,3.6,0.383333333),(8.5,2.4,0.383333333),(1.5,2.4,-0.2)));
#43=IFCTRIANGULATEDFACESET(#42,$,$,((1,2,3),(1,3,4),(5,6,7),(5,7,8),(5,4,3),(5,3,6),(8,7,2),(8,2,1)),$);
#44=IFCSHAPEREPRESENTATION(#5,'Body','Tessellation',(#43));
#45=IFCPRODUCTDEFINITIONSHAPE($,$,(#44));
#46=IFCLOCALPLACEMENT(#38,#2);
#47=IFCRAMPFLIGHT('35YwBPV33XFRuWIadwlT_G',$,'Ramp',$,$,#46,#45,'r-at-limit:flight0',.STRAIGHT.);
#48=IFCCARTESIANPOINTLIST3D(((0.,2.4,0.),(1.5,2.4,0.),(1.5,3.6,0.),(0.,3.6,0.),(0.,3.6,-0.2),(1.5,3.6,-0.2),(1.5,2.4,-0.2),(0.,2.4,-0.2)));
#49=IFCTRIANGULATEDFACESET(#48,$,$,((1,2,3),(1,3,4),(5,6,7),(5,7,8),(5,4,3),(5,3,6),(8,7,2),(8,2,1),(5,8,1),(5,1,4)),$);
#50=IFCSHAPEREPRESENTATION(#5,'Body','Tessellation',(#49));
#51=IFCPRODUCTDEFINITIONSHAPE($,$,(#50));
#52=IFCLOCALPLACEMENT(#38,#2);
#53=IFCSLAB('25YL33r3lCYEEleJsZnch9',$,'Ramp',$,$,#52,#51,'r-at-limit:landing0',.LANDING.);
#54=IFCCARTESIANPOINTLIST3D(((8.5,2.4,0.583333333),(10.,2.4,0.583333333),(10.,3.6,0.583333333),(8.5,3.6,0.583333333),(8.5,3.6,0.383333333),(10.,3.6,0.383333333),(10.,2.4,0.383333333),(8.5,2.4,0.383333333)));
#55=IFCTRIANGULATEDFACESET(#54,$,$,((1,2,3),(1,3,4),(5,6,7),(5,7,8),(5,4,3),(5,3,6),(8,7,2),(8,2,1),(7,6,3),(7,3,2)),$);
#56=IFCSHAPEREPRESENTATION(#5,'Body','Tessellation',(#55));
#57=IFCPRODUCTDEFINITIONSHAPE($,$,(#56));
#58=IFCLOCALPLACEMENT(#38,#2);
#59=IFCSLAB('34K9IuZP9yI2UO0qCIwBrA',$,'Ramp',$,$,#58,#57,'r-at-limit:landing1',.LANDING.);
#60=IFCLOCALPLACEMENT(#38,#2);
#61=IFCRAMP('3L87M_hbfkBLJ2XgmU5Puf',$,'Ramp',$,$,#60,$,'r-bent',.TWO_STRAIGHT_RUN_RAMP.);
#62=IFCCARTESIANPOINTLIST3D(((1.5,8.4,0.),(5.25,8.4,0.346153846),(5.25,9.6,0.346153846),(1.5,9.6,0.),(1.5,9.6,-0.2),(5.25,9.6,0.146153846),(5.25,8.4,0.146153846),(1.5,8.4,-0.2)));
#63=IFCTRIANGULATEDFACESET(#62,$,$,((1,2,3),(1,3,4),(5,6,7),(5,7,8),(5,4,3),(5,3,6),(8,7,2),(8,2,1)),$);
#64=IFCSHAPEREPRESENTATION(#5,'Body','Tessellation',(#63));
#65=IFCPRODUCTDEFINITIONSHAPE($,$,(#64));
#66=IFCLOCALPLACEMENT(#38,#2);
#67=IFCRAMPFLIGHT('3O_4T$H1XTv5CWWzXU6ipQ',$,'Ramp',$,$,#66,#65,'r-bent:flight0',.STRAIGHT.);
#68=IFCCARTESIANPOINTLIST3D(((6.6,9.75,0.346153846),(6.6,12.5,0.6),(5.4,12.5,0.6),(5.4,9.75,0.346153846),(5.4,9.75,0.146153846),(5.4,12.5,0.4),(6.6,12.5,0.4),(6.6,9.75,0.146153846)));
#69=IFCTRIANGULATEDFACESET(#68,$,$,((1,2,3),(1,3,4),(5,6,7),(5,7,8),(5,4,3),(5,3,6),(8,7,2),(8,2,1)),$);
#70=IFCSHAPEREPRESENTATION(#5,'Body','Tessellation',(#69));
#71=IFCPRODUCTDEFINITIONSHAPE($,$,(#70));
#72=IFCLOCALPLACEMENT(#38,#2);
#73=IFCRAMPFLIGHT('0KAr8LajtMt1Een3U2SL6p',$,'Ramp',$,$,#72,#71,'r-bent:flight1',.STRAIGHT.);
#74=IFCCARTESIANPOINTLIST3D(((0.,8.4,0.),(1.5,8.4,0.),(1.5,9.6,0.),(0.,9.6,0.),(0.,9.6,-0.2),(1.5,9.6,-0.2),(1.5,8.4,-0.2),(0.,8.4,-0.2)));
#75=IFCTRIANGULATEDFACESET(#74,$,$,((1,2,3),(1,3,4),(5,6,7),(5,7,8),(5,4,3),(5,3,6),(8,7,2),(8,2,1),(5,8,1),(5,1,4)),$);
#76=IFCSHAPEREPRESENTATION(#5,'Body','Tessellation',(#75));
#77=IFCPRODUCTDEFINITIONSHAPE($,$,(#76));
#78=IFCLOCALPLACEMENT(#38,#2);
#79=IFCSLAB('2t4LxgnqlBtUMNvWLaATZw',$,'Ramp',$,$,#78,#77,'r-bent:landing0',.LANDING.);
#80=IFCCARTESIANPOINTLIST3D(((5.25,8.4,0.346153846),(6.6,8.4,0.346153846),(5.4,9.6,0.346153846),(5.25,9.6,0.346153846),(5.25,9.6,0.146153846),(5.4,9.6,0.146153846),(6.6,8.4,0.146153846),(5.25,8.4,0.146153846),(6.6,9.75,0.346153846),(5.4,9.75,0.346153846),(5.4,9.75,0.146153846),(6.6,9.75,0.146153846)));
#81=IFCTRIANGULATEDFACESET(#80,$,$,((1,2,3),(1,3,4),(5,6,7),(5,7,8),(5,4,3),(5,3,6),(8,7,2),(8,2,1),(2,9,10),(2,10,3),(6,11,12),(6,12,7),(6,3,10),(6,10,11),(7,12,9),(7,9,2)),$);
#82=IFCSHAPEREPRESENTATION(#5,'Body','Tessellation',(#81));
#83=IFCPRODUCTDEFINITIONSHAPE($,$,(#82));
#84=IFCLOCALPLACEMENT(#38,#2);
#85=IFCSLAB('1trHEgAJafOIbvg9F$iBPR',$,'Ramp',$,$,#84,#83,'r-bent:landing1',.LANDING.);
#86=IFCCARTESIANPOINTLIST3D(((6.6,12.5,0.6),(6.6,14.,0.6),(5.4,14.,0.6),(5.4,12.5,0.6),(5.4,12.5,0.4),(5.4,14.,0.4),(6.6,14.,0.4),(6.6,12.5,0.4)));
#87=IFCTRIANGULATEDFACESET(#86,$,$,((1,2,3),(1,3,4),(5,6,7),(5,7,8),(5,4,3),(5,3,6),(8,7,2),(8,2,1),(7,6,3),(7,3,2)),$);
#88=IFCSHAPEREPRESENTATION(#5,'Body','Tessellation',(#87));
#89=IFCPRODUCTDEFINITIONSHAPE($,$,(#88));
#90=IFCLOCALPLACEMENT(#38,#2);
#91=IFCSLAB('06OOg6UQRFFLFjaavXPKOz',$,'Ramp',$,$,#90,#89,'r-bent:landing2',.LANDING.);
#92=IFCLOCALPLACEMENT(#38,#2);
#93=IFCRAMP('1Bxltqj_BrmbwC8ZO_GMsn',$,'Ramp',$,$,#92,$,'r-curved',.SPIRAL_RAMP.);
#94=IFCCARTESIANPOINTLIST3D(((13.654913157,11.650115661,0.),(13.705124357,11.665906738,0.002904608),(13.339740566,12.808926723,0.002904608),(13.300288909,12.796519448,0.),(13.300288909,12.796519448,-0.2),(13.339740566,12.808926723,-0.197095392),(13.705124357,11.665906738,-0.197095392),(13.654913157,11.650115661,-0.2),(13.768477691,11.686574866,0.006581993),(13.389518186,12.825165966,0.006581993),(13.389518186,12.825165966,-0.193418007),(13.768477691,11.686574866,-0.193418007),(13.831580595,11.707995415,0.010259378),(13.439099039,12.841996398,0.010259378),(13.439099039,12.841996398,-0.189740622),(13.831580595,11.707995415,-0.189740622),(13.894424133,11.730165353,0.013936763),(13.488476104,12.859415635,0.013936763),(13.488476104,12.859415635,-0.186063237),(13.894424133,11.730165353,-0.186063237),(13.956999406,11.75308154,0.017614147),(13.53764239,12.87742121,0.017614147),(13.53764239,12.87742121,-0.182385853),(13.956999406,11.75308154,-0.182385853),(14.019297553,11.776740731,0.021291532),(13.586590934,12.896010574,0.021291532),(13.586590934,12.896010574,-0.178708468),(14.019297553,11.776740731,-0.178708468),(14.081309752,11.801139575,0.024968917),(13.635314805,12.915181095,0.024968917),(13.635314805,12.915181095,-0.175031083),(14.081309752,11.801139575,-0.175031083),(14.143027221,11.826274618,0.028646302),(13.683807102,12.934930057,0.028646302),(13.683807102,12.934930057,-0.171353698),(14.143027221,11.826274618,-0.171353698),(14.204441222,11.8521423,0.032323687),(13.73206096,12.955254664,0.032323687),(13.73206096,12.955254664,-0.167676313),(14.204441222,11.8521423,-0.167676313),(14.265543056,11.878738958,0.036001071),(13.780069544,12.976152038,0.036001071),(13.780069544,12.976152038,-0.163998929),(14.265543056,11.878738958,-0.163998929),(14.326324073,11.906060826,0.039678456),(13.827826057,12.99761922,0.039678456),(13.827826057,12.99761922,-0.160321544),(14.326324073,11.906060826,-0.160321544),(14.386775664,11.934104035,0.043355841),(13.875323736,13.01965317,0.043355841),(13.875323736,13.01965317,-0.156644159),(14.386775664,11.934104035,-0.156644159),(14.446889269,11.962864613,0.047033226),(13.922555854,13.042250768,0.047033226),(13.922555854,13.042250768,-0.152966774),(14.446889269,11.962864613,-0.152966774),(14.506656376,11.992338489,0.050710611),(13.969515724,13.065408813,0.050710611),(13.969515724,13.065408813,-0.149289389),(14.506656376,11.992338489,-0.149289389),(14.566068522,12.022521488,0.054387995),(14.016196696,13.089124026,0.054387995),(14.016196696,13.089124026,-0.145612005),(14.566068522,12.022521488,-0.145612005),(14.625117292,12.053409335,0.05806538),(14.062592158,13.113393049,0.05806538),(14.062592158,13.113393049,-0.14193462),(14.625117292,12.053409335,-0.14193462),(14.683794326,12.084997658,0.061742765),(14.108695542,13.138212446,0.061742765),(14.108695542,13.138212446,-0.138257235),(14.683794326,12.084997658,-0.138257235),(14.742091313,12.117281983,0.06542015),(14.154500318,13.163578701,0.06542015),(14.154500318,13.163578701,-0.13457985),(14.742091313,12.117281983,-0.13457985),(14.8,12.150257739,0.069097534),(14.2,13.189488223,0.069097534),(14.2,13.189488223,-0.130902466),(14.8,12.150257739,-0.130902466),(14.857512185,12.183920255,0.072774919),(14.245188145,13.215937343,0.072774919),(14.245188145,13.215937343,-0.127225081),(14.857512185,12.183920255,-0.127225081),(14.914619725,12.218264765,0.076452304),(14.290058355,13.242922315,0.076452304),(14.290058355,13.242922315,-0.123547696),(14.914619725,12.218264765,-0.123547696),(14.971314532,12.253286405,0.080129689),(14.334604275,13.270439318,0.080129689),(14.334604275,13.270439318,-0.119870311),(14.971314532,12.253286405,-0.119870311),(15.027588578,12.288980216,0.083807074),(14.378819597,13.298484456,0.083807074),(14.378819597,13.298484456,-0.116192926),(15.027588578,12.288980216,-0.116192926),(15.083433894,12.325341144,0.087484458),(14.42269806,13.327053756,0.087484458),(14.42269806,13.327053756,-0.112515542),(15.083433894,12.325341144,-0.112515542),(15.138842573,12.362364039,0.091161843),(14.46623345,13.356143174,0.091161843),(14.46623345,13.356143174,-0.108838157),(15.138842573,12.362364039,-0.108838157),(15.193806767,12.400043659,0.094839228),(14.509419603,13.385748589,0.094839228),(14.509419603,13.385748589,-0.105160772),(15.193806767,12.400043659,-0.105160772),(15.248318694,12.438374669,0.098516613),(14.552250402,13.415865811,0.098516613),(14.552250402,13.415865811,-0.101483387),(15.248318694,12.438374669,-0.101483387),(15.302370634,12.477351639,0.102193998),(14.594719783,13.446490573,0.102193998),(14.594719783,13.446490573,-0.097806002),(15.302370634,12.477351639,-0.097806002),(15.355954932,12.516969051,0.105871382),(14.636821733,13.47761854,0.105871382),(14.636821733,13.47761854,-0.094128618),(15.355954932,12.516969051,-0.094128618),(15.409064002,12.557221294,0.109548767),(14.678550288,13.509245303,0.109548767),(14.678550288,13.509245303,-0.090451233),(15.409064002,12.557221294,-0.090451233),(15.461690323,12.598102669,0.113226152),(14.719899539,13.541366383,0.113226152),(14.719899539,13.541366383,-0.086773848),(15.461690323,12.598102669,-0.086773848),(15.513826441,12.639607387,0.116903537),(14.760863632,13.573977233,0.116903537),(14.760863632,13.573977233,-0.083096463),(15.513826441,12.639607387,-0.083096463),(15.565464975,12.681729569,0.120580922),(14.801436766,13.607073233,0.120580922),(14.801436766,13.607073233,-0.079419078),(15.565464975,12.681729569,-0.079419078),(15.616598612,12.724463252,0.124258306),(14.841613195,13.640649698,0.124258306),(14.841613195,13.640649698,-0.075741694),(15.616598612,12.724463252,-0.075741694),(15.66722011,12.767802384,0.127935691),(14.881387229,13.674701873,0.127935691),(14.881387229,13.674701873,-0.072064309),(15.66722011,12.767802384,-0.072064309),(15.717322302,12.811740827,0.131613076),(14.920753237,13.709224935,0.131613076),(14.920753237,13.709224935,-0.068386924),(15.717322302,12.811740827,-0.068386924),(15.766898093,12.856272359,0.135290461),(14.959705644,13.744213997,0.135290461),(14.959705644,13.744213997,-0.064709539),(15.766898093,12.856272359,-0.064709539),(15.815940462,12.901390676,0.138967846),(14.998238934,13.779664102,0.138967846),(14.998238934,13.779664102,-0.061032154),(15.815940462,12.901390676,-0.061032154),(15.864442464,12.947089387,0.14264523),(15.036347651,13.815570232,0.14264523),(15.036347651,13.815570232,-0.05735477),(15.864442464,12.947089387,-0.05735477),(15.912397232,12.993362021,0.146322615),(15.074026397,13.851927302,0.146322615),(15.074026397,13.851927302,-0.053677385),(15.912397232,12.993362021,-0.053677385),(15.959797975,13.040202025,0.15),(15.111269837,13.888730163,0.15),(15.111269837,13.888730163,-0.05),(15.959797975,13.040202025,-0.05),(16.006637979,13.087602768,0.153677385),(15.148072698,13.925973603,0.153677385),(15.148072698,13.925973603,-0.046322615),(16.006637979,13.087602768,-0.046322615),(16.052910613,13.135557536,0.15735477),(15.184429768,13.963652349,0.15735477),(15.184429768,13.963652349,-0.04264523),(16.052910613,13.135557536,-0.04264523),(16.098609324,13.184059538,0.161032154),(15.220335898,14.001761066,0.161032154),(15.220335898,14.001761066,-0.038967846),(16.098609324,13.184059538,-0.038967846),(16.143727641,13.233101907,0.164709539),(15.255786003,14.040294356,0.164709539),(15.255786003,14.040294356,-0.035290461),(16.143727641,13.233101907,-0.035290461),(16.188259173,13.282677698,0.168386924),(15.290775065,14.079246763,0.168386924),(15.290775065,14.079246763,-0.031613076),(16.188259173,13.282677698,-0.031613076),(16.232197616,13.33277989,0.172064309),(15.325298127,14.118612771,0.172064309),(15.325298127,14.118612771,-0.027935691),(16.232197616,13.33277989,-0.027935691),(16.275536748,13.383401388,0.175741694),(15.359350302,14.158386805,0.175741694),(15.359350302,14.158386805,-0.024258306),(16.275536748,13.383401388,-0.024258306),(16.318270431,13.434535025,0.179419078),(15.392926767,14.198563234,0.179419078),(15.392926767,14.198563234,-0.020580922),(16.318270431,13.434535025,-0.020580922),(16.360392613,13.486173559,0.183096463),(15.426022767,14.239136368,0.183096463),(15.426022767,14.239136368,-0.016903537),(16.360392613,13.486173559,-0.016903537),(16.401897331,13.538309677,0.186773848),(15.458633617,14.280100461,0.186773848),(15.458633617,14.280100461,-0.013226152),(16.401897331,13.538309677,-0.013226152),(16.442778706,13.590935998,0.190451233),(15.490754697,14.321449712,0.190451233),(15.490754697,14.321449712,-0.009548767),(16.442778706,13.590935998,-0.009548767),(16.483030949,13.644045068,0.194128618),(15.52238146,14.363178267,0.194128618),(15.52238146,14.363178267,-0.005871382),(16.483030949,13.644045068,-0.005871382),(16.522648361,13.697629366,0.197806002),(15.553509427,14.405280217,0.197806002),(15.553509427,14.405280217,-0.002193998),(16.522648361,13.697629366,-0.002193998),(16.561625331,13.751681306,0.201483387),(15.584134189,14.447749598,0.201483387),(15.584134189,14.447749598,0.001483387),(16.561625331,13.751681306,0.001483387),(16.599956341,13.806193233,0.205160772),(15.614251411,14.490580397,0.205160772),(15.614251411,14.490580397,0.005160772),(16.599956341,13.806193233,0.005160772),(16.637635961,13.861157427,0.208838157),(15.643856826,14.53376655,0.208838157),(15.643856826,14.53376655,0.008838157),(16.637635961,13.861157427,0.008838157),(16.674658856,13.916566106,0.212515542),(15.672946244,14.57730194,0.212515542),(15.672946244,14.57730194,0.012515542),(16.674658856,13.916566106,0.012515542),(16.711019784,13.972411422,0.216192926),(15.701515544,14.621180403,0.216192926),(15.701515544,14.621180403,0.016192926),(16.711019784,13.972411422,0.016192926),(16.746713595,14.028685468,0.219870311),(15.729560682,14.665395725,0.219870311),(15.729560682,14.665395725,0.019870311),(16.746713595,14.028685468,0.019870311),(16.781735235,14.085380275,0.223547696),(15.757077685,14.709941645,0.223547696),(15.757077685,14.709941645,0.023547696),(16.781735235,14.085380275,0.023547696),(16.816079745,14.142487815,0.227225081),(15.784062657,14.754811855,0.227225081),(15.784062657,14.754811855,0.027225081),(16.816079745,14.142487815,0.027225081),(16.849742261,14.2,0.230902466),(15.810511777,14.8,0.230902466),(15.810511777,14.8,0.030902466),(16.849742261,14.2,0.030902466),(16.882718017,14.257908687,0.23457985),(15.836421299,14.845499682,0.23457985),(15.836421299,14.845499682,0.03457985),(16.882718017,14.257908687,0.03457985),(16.915002342,14.316205674,0.238257235),(15.861787554,14.891304458,0.238257235),(15.861787554,14.891304458,0.038257235),(16.915002342,14.316205674,0.038257235),(16.946590665,14.374882708,0.24193462),(15.886606951,14.937407842,0.24193462),(15.886606951,14.937407842,0.04193462),(16.946590665,14.374882708,0.04193462),(16.977478512,14.433931478,0.245612005),(15.910875974,14.983803304,0.245612005),(15.910875974,14.983803304,0.045612005),(16.977478512,14.433931478,0.045612005),(17.007661511,14.493343624,0.249289389),(15.934591187,15.030484276,0.249289389),(15.934591187,15.030484276,0.049289389),(17.007661511,14.493343624,0.049289389),(17.037135387,14.553110731,0.252966774),(15.957749232,15.077444146,0.252966774),(15.957749232,15.077444146,0.052966774),(17.037135387,14.553110731,0.052966774),(17.065895965,14.613224336,0.256644159),(15.98034683,15.124676264,0.256644159),(15.98034683,15.124676264,0.056644159),(17.065895965,14.613224336,0.056644159),(17.093939174,14.673675927,0.260321544),(16.00238078,15.172173943,0.260321544),(16.00238078,15.172173943,0.060321544),(17.093939174,14.673675927,0.060321544),(17.121261042,14.734456944,0.263998929),(16.023847962,15.219930456,0.263998929),(16.023847962,15.219930456,0.063998929),(17.121261042,14.734456944,0.063998929),(17.1478577,14.795558778,0.267676313),(16.044745336,15.26793904,0.267676313),(16.044745336,15.26793904,0.067676313),(17.1478577,14.795558778,0.067676313),(17.173725382,14.856972779,0.271353698),(16.065069943,15.316192898,0.271353698),(16.065069943,15.316192898,0.071353698),(17.173725382,14.856972779,0.071353698),(17.198860425,14.918690248,0.275031083),(16.084818905,15.364685195,0.275031083),(16.084818905,15.364685195,0.075031083),(17.198860425,14.918690248,0.075031083),(17.223259269,14.980702447,0.278708468),(16.103989426,15.413409066,0.278708468),(16.103989426,15.413409066,0.078708468),(17.223259269,14.980702447,0.078708468),(17.24691846,15.043000594,0.282385853),(16.12257879,15.46235761,0.282385853),(16.12257879,15.46235761,0.082385853),(17.24691846,15.043000594,0.082385853),(17.269834647,15.105575867,0.286063237),(16.140584365,15.511523896,0.286063237),(16.140584365,15.511523896,0.086063237),(17.269834647,15.105575867,0.086063237),(17.292004585,15.168419405,0.289740622),(16.158003602,15.560900961,0.289740622),(16.158003602,15.560900961,0.089740622),(17.292004585,15.168419405,0.089740622),(17.313425134,15.231522309,0.293418007),(16.174834034,15.610481814,0.293418007),(16.174834034,15.610481814,0.093418007),(17.313425134,15.231522309,0.093418007),(17.334093262,15.294875643,0.297095392),(16.191073277,15.660259434,0.297095392),(16.191073277,15.660259434,0.097095392),(17.334093262,15.294875643,0.097095392),(17.349884339,15.345086843,0.3),(16.203480552,15.699711091,0.3),(16.203480552,15.699711091,0.1),(17.349884339,15.345086843,0.1)));
#95=IFCTRIANGULATEDFACESET(#94,$,$,((1,2,3),(1,3,4),(5,6,7),(5,7,8),(5,4,3),(5,3,6),(8,7,2),(8,2,1),(2,9,10),(2,10,3),(6,11,12),(6,12,7),(6,3,10),(6,10,11),(7,12,9),(7,9,2),(9,13,14),(9,14,10),(11,15,16),(11,16,12),(11,10,14),(11,14,15),(12,16,13),(12,13,9),(13,17,18),(13,18,14),(15,19,20),(15,20,16),(15,14,18),(15,18,19),(16,20,17),(16,17,13),(17,21,22),(17,22,18),(19,23,24),(19,24,20),(19,18,22),(19,22,23),(20,24,21),(20,21,17),(21,25,26),(21,26,22),(23,27,28),(23,28,24),(23,22,26),(23,26,27),(24,28,25),(24,25,21),(25,29,30),(25,30,26),(27,31,32),(27,32,28),(27,26,30),(27,30,31),(28,32,29),(28,29,25),(29,33,34),(29,34,30),(31,35,36),(31,36,32),(31,30,34),(31,34,35),(32,36,33),(32,33,29),(33,37,38),(33,38,34),(35,39,40),(35,40,36),(35,34,38),(35,38,39),(36,40,37),(36,37,33),(37,41,42),(37,42,38),(39,43,44),(39,44,40),(39,38,42),(39,42,43),(40,44,41),(40,41,37),(41,45,46),(41,46,42),(43,47,48),(43,48,44),(43,42,46),(43,46,47),(44,48,45),(44,45,41),(45,49,50),(45,50,46),(47,51,52),(47,52,48),(47,46,50),(47,50,51),(48,52,49),(48,49,45),(49,53,54),(49,54,50),(51,55,56),(51,56,52),(51,50,54),(51,54,55),(52,56,53),(52,53,49),(53,57,58),(53,58,54),(55,59,60),(55,60,56),(55,54,58),(55,58,59),(56,60,57),(56,57,53),(57,61,62),(57,62,58),(59,63,64),(59,64,60),(59,58,62),(59,62,63),(60,64,61),(60,61,57),(61,65,66),(61,66,62),(63,67,68),(63,68,64),(63,62,66),(63,66,67),(64,68,65),(64,65,61),(65,69,70),(65,70,66),(67,71,72),(67,72,68),(67,66,70),(67,70,71),(68,72,69),(68,69,65),(69,73,74),(69,74,70),(71,75,76),(71,76,72),(71,70,74),(71,74,75),(72,76,73),(72,73,69),(73,77,78),(73,78,74),(75,79,80),(75,80,76),(75,74,78),(75,78,79),(76,80,77),(76,77,73),(77,81,82),(77,82,78),(79,83,84),(79,84,80),(79,78,82),(79,82,83),(80,84,81),(80,81,77),(81,85,86),(81,86,82),(83,87,88),(83,88,84),(83,82,86),(83,86,87),(84,88,85),(84,85,81),(85,89,90),(85,90,86),(87,91,92),(87,92,88),(87,86,90),(87,90,91),(88,92,89),(88,89,85),(89,93,94),(89,94,90),(91,95,96),(91,96,92),(91,90,94),(91,94,95),(92,96,93),(92,93,89),(93,97,98),(93,98,94),(95,99,100),(95,100,96),(95,94,98),(95,98,99),(96,100,97),(96,97,93),(97,101,102),(97,102,98),(99,103,104),(99,104,100),(99,98,102),(99,102,103),(100,104,101),(100,101,97),(101,105,106),(101,106,102),(103,107,108),(103,108,104),(103,102,106),(103,106,107),(104,108,105),(104,105,101),(105,109,110),(105,110,106),(107,111,112),(107,112,108),(107,106,110),(107,110,111),(108,112,109),(108,109,105),(109,113,114),(109,114,110),(111,115,116),(111,116,112),(111,110,114),(111,114,115),(112,116,113),(112,113,109),(113,117,118),(113,118,114),(115,119,120),(115,120,116),(115,114,118),(115,118,119),(116,120,117),(116,117,113),(117,121,122),(117,122,118),(119,123,124),(119,124,120),(119,118,122),(119,122,123),(120,124,121),(120,121,117),(121,125,126),(121,126,122),(123,127,128),(123,128,124),(123,122,126),(123,126,127),(124,128,125),(124,125,121),(125,129,130),(125,130,126),(127,131,132),(127,132,128),(127,126,130),(127,130,131),(128,132,129),(128,129,125),(129,133,134),(129,134,130),(131,135,136),(131,136,132),(131,130,134),(131,134,135),(132,136,133),(132,133,129),(133,137,138),(133,138,134),(135,139,140),(135,140,136),(135,134,138),(135,138,139),(136,140,137),(136,137,133),(137,141,142),(137,142,138),(139,143,144),(139,144,140),(139,138,142),(139,142,143),(140,144,141),(140,141,137),(141,145,146),(141,146,142),(143,147,148),(143,148,144),(143,142,146),(143,146,147),(144,148,145),(144,145,141),(145,149,150),(145,150,146),(147,151,152),(147,152,148),(147,146,150),(147,150,151),(148,152,149),(148,149,145),(149,153,154),(149,154,150),(151,155,156),(151,156,152),(151,150,154),(151,154,155),(152,156,153),(152,153,149),(153,157,158),(153,158,154),(155,159,160),(155,160,156),(155,154,158),(155,158,159),(156,160,157),(156,157,153),(157,161,162),(157,162,158),(159,163,164),(159,164,160),(159,158,162),(159,162,163),(160,164,161),(160,161,157),(161,165,166),(161,166,162),(163,167,168),(163,168,164),(163,162,166),(163,166,167),(164,168,165),(164,165,161),(165,169,170),(165,170,166),(167,171,172),(167,172,168),(167,166,170),(167,170,171),(168,172,169),(168,169,165),(169,173,174),(169,174,170),(171,175,176),(171,176,172),(171,170,174),(171,174,175),(172,176,173),(172,173,169),(173,177,178),(173,178,174),(175,179,180),(175,180,176),(175,174,178),(175,178,179),(176,180,177),(176,177,173),(177,181,182),(177,182,178),(179,183,184),(179,184,180),(179,178,182),(179,182,183),(180,184,181),(180,181,177),(181,185,186),(181,186,182),(183,187,188),(183,188,184),(183,182,186),(183,186,187),(184,188,185),(184,185,181),(185,189,190),(185,190,186),(187,191,192),(187,192,188),(187,186,190),(187,190,191),(188,192,189),(188,189,185),(189,193,194),(189,194,190),(191,195,196),(191,196,192),(191,190,194),(191,194,195),(192,196,193),(192,193,189),(193,197,198),(193,198,194),(195,199,200),(195,200,196),(195,194,198),(195,198,199),(196,200,197),(196,197,193),(197,201,202),(197,202,198),(199,203,204),(199,204,200),(199,198,202),(199,202,203),(200,204,201),(200,201,197),(201,205,206),(201,206,202),(203,207,208),(203,208,204),(203,202,206),(203,206,207),(204,208,205),(204,205,201),(205,209,210),(205,210,206),(207,211,212),(207,212,208),(207,206,210),(207,210,211),(208,212,209),(208,209,205),(209,213,214),(209,214,210),(211,215,216),(211,216,212),(211,210,214),(211,214,215),(212,216,213),(212,213,209),(213,217,218),(213,218,214),(215,219,220),(215,220,216),(215,214,218),(215,218,219),(216,220,217),(216,217,213),(217,221,222),(217,222,218),(219,223,224),(219,224,220),(219,218,222),(219,222,223),(220,224,221),(220,221,217),(221,225,226),(221,226,222),(223,227,228),(223,228,224),(223,222,226),(223,226,227),(224,228,225),(224,225,221),(225,229,230),(225,230,226),(227,231,232),(227,232,228),(227,226,230),(227,230,231),(228,232,229),(228,229,225),(229,233,234),(229,234,230),(231,235,236),(231,236,232),(231,230,234),(231,234,235),(232,236,233),(232,233,229),(233,237,238),(233,238,234),(235,239,240),(235,240,236),(235,234,238),(235,238,239),(236,240,237),(236,237,233),(237,241,242),(237,242,238),(239,243,244),(239,244,240),(239,238,242),(239,242,243),(240,244,241),(240,241,237),(241,245,246),(241,246,242),(243,247,248),(243,248,244),(243,242,246),(243,246,247),(244,248,245),(244,245,241),(245,249,250),(245,250,246),(247,251,252),(247,252,248),(247,246,250),(247,250,251),(248,252,249),(248,249,245),(249,253,254),(249,254,250),(251,255,256),(251,256,252),(251,250,254),(251,254,255),(252,256,253),(252,253,249),(253,257,258),(253,258,254),(255,259,260),(255,260,256),(255,254,258),(255,258,259),(256,260,257),(256,257,253),(257,261,262),(257,262,258),(259,263,264),(259,264,260),(259,258,262),(259,262,263),(260,264,261),(260,261,257),(261,265,266),(261,266,262),(263,267,268),(263,268,264),(263,262,266),(263,266,267),(264,268,265),(264,265,261),(265,269,270),(265,270,266),(267,271,272),(267,272,268),(267,266,270),(267,270,271),(268,272,269),(268,269,265),(269,273,274),(269,274,270),(271,275,276),(271,276,272),(271,270,274),(271,274,275),(272,276,273),(272,273,269),(273,277,278),(273,278,274),(275,279,280),(275,280,276),(275,274,278),(275,278,279),(276,280,277),(276,277,273),(277,281,282),(277,282,278),(279,283,284),(279,284,280),(279,278,282),(279,282,283),(280,284,281),(280,281,277),(281,285,286),(281,286,282),(283,287,288),(283,288,284),(283,282,286),(283,286,287),(284,288,285),(284,285,281),(285,289,290),(285,290,286),(287,291,292),(287,292,288),(287,286,290),(287,290,291),(288,292,289),(288,289,285),(289,293,294),(289,294,290),(291,295,296),(291,296,292),(291,290,294),(291,294,295),(292,296,293),(292,293,289),(293,297,298),(293,298,294),(295,299,300),(295,300,296),(295,294,298),(295,298,299),(296,300,297),(296,297,293),(297,301,302),(297,302,298),(299,303,304),(299,304,300),(299,298,302),(299,302,303),(300,304,301),(300,301,297),(301,305,306),(301,306,302),(303,307,308),(303,308,304),(303,302,306),(303,306,307),(304,308,305),(304,305,301),(305,309,310),(305,310,306),(307,311,312),(307,312,308),(307,306,310),(307,310,311),(308,312,309),(308,309,305),(309,313,314),(309,314,310),(311,315,316),(311,316,312),(311,310,314),(311,314,315),(312,316,313),(312,313,309),(313,317,318),(313,318,314),(315,319,320),(315,320,316),(315,314,318),(315,318,319),(316,320,317),(316,317,313),(317,321,322),(317,322,318),(319,323,324),(319,324,320),(319,318,322),(319,322,323),(320,324,321),(320,321,317),(321,325,326),(321,326,322),(323,327,328),(323,328,324),(323,322,326),(323,326,327),(324,328,325),(324,325,321),(325,329,330),(325,330,326),(327,331,332),(327,332,328),(327,326,330),(327,330,331),(328,332,329),(328,329,325)),$);
#96=IFCSHAPEREPRESENTATION(#5,'Body','Tessellation',(#95));
#97=IFCPRODUCTDEFINITIONSHAPE($,$,(#96));
#98=IFCLOCALPLACEMENT(#38,#2);
#99=IFCRAMPFLIGHT('2UDB26VwvyB2JytDsQmRrB',$,'Ramp',$,$,#98,#97,'r-curved:flight0',.SPIRAL.);
#100=IFCCARTESIANPOINTLIST3D(((12.,11.4,0.),(12.066638271,11.400396501,0.),(12.052358642,12.600311537,0.),(12.,12.6,0.),(12.,12.6,-0.2),(12.052358642,12.600311537,-0.2),(12.066638271,11.400396501,-0.2),(12.,11.4,-0.2),(12.133267106,11.40158595,0.),(12.104709869,12.601246103,0.),(12.104709869,12.601246103,-0.2),(12.133267106,11.40158595,-0.2),(12.199877069,11.403568176,0.),(12.157046269,12.602803567,0.),(12.157046269,12.602803567,-0.2),(12.199877069,11.403568176,-0.2),(12.266458729,11.406342901,0.),(12.20936043,12.604983708,0.),(12.20936043,12.604983708,-0.2),(12.266458729,11.406342901,-0.2),(12.333002655,11.40990973,0.),(12.261644943,12.607786216,0.),(12.261644943,12.607786216,-0.2),(12.333002655,11.40990973,-0.2),(12.399499426,11.414268158,0.),(12.313892406,12.611210696,0.),(12.313892406,12.611210696,-0.2),(12.399499426,11.414268158,-0.2),(12.465939625,11.419417569,0.),(12.366095419,12.615256662,0.),(12.366095419,12.615256662,-0.2),(12.465939625,11.419417569,-0.2),(12.532313843,11.425357234,0.),(12.418246591,12.619923541,0.),(12.418246591,12.619923541,-0.2),(12.532313843,11.425357234,-0.2),(12.598612681,11.43208631,0.),(12.470338535,12.625210672,0.),(12.470338535,12.625210672,-0.2),(12.598612681,11.43208631,-0.2),(12.664826751,11.439603846,0.),(12.522363876,12.631117307,0.),(12.522363876,12.631117307,-0.2),(12.664826751,11.439603846,-0.2),(12.730946676,11.447908776,0.),(12.574315246,12.63764261,0.),(12.574315246,12.63764261,-0.2),(12.730946676,11.447908776,-0.2),(12.796963094,11.456999925,0.),(12.626185288,12.644785656,0.),(12.626185288,12.644785656,-0.2),(12.796963094,11.456999925,-0.2),(12.862866656,11.466876006,0.),(12.677966658,12.652545433,0.),(12.677966658,12.652545433,-0.2),(12.862866656,11.466876006,-0.2),(12.928648029,11.477535619,0.),(12.729652023,12.660920844,0.),(12.729652023,12.660920844,-0.2),(12.928648029,11.477535619,-0.2),(12.994297899,11.488977256,0.),(12.781234064,12.669910701,0.),(12.781234064,12.669910701,-0.2),(12.994297899,11.488977256,-0.2),(13.059806968,11.501199295,0.),(12.832705475,12.679513732,0.),(12.832705475,12.679513732,-0.2),(13.059806968,11.501199295,-0.2),(13.125165961,11.514200007,0.),(12.884058969,12.689728577,0.),(12.884058969,12.689728577,-0.2),(13.125165961,11.514200007,-0.2),(13.190365621,11.527977551,0.),(12.935287274,12.70055379,0.),(12.935287274,12.70055379,-0.2),(13.190365621,11.527977551,-0.2),(13.255396717,11.542529974,0.),(12.986383135,12.711987837,0.),(12.986383135,12.711987837,-0.2),(13.255396717,11.542529974,-0.2),(13.320250039,11.557855217,0.),(13.037339316,12.724029099,0.),(13.037339316,12.724029099,-0.2),(13.320250039,11.557855217,-0.2),(13.384916403,11.57395111,0.),(13.088148602,12.736675872,0.),(13.088148602,12.736675872,-0.2),(13.384916403,11.57395111,-0.2),(13.449386653,11.590815373,0.),(13.138803798,12.749926364,0.),(13.138803798,12.749926364,-0.2),(13.449386653,11.590815373,-0.2),(13.513651658,11.608445618,0.),(13.189297731,12.7637787,0.),(13.189297731,12.7637787,-0.2),(13.513651658,11.608445618,-0.2),(13.577702318,11.626839348,0.),(13.23962325,12.778230916,0.),(13.23962325,12.778230916,-0.2),(13.577702318,11.626839348,-0.2),(13.641529564,11.645993959,0.),(13.289773229,12.793280968,0.),(13.289773229,12.793280968,-0.2),(13.641529564,11.645993959,-0.2),(13.654913157,11.650115661,0.),(13.300288909,12.796519448,0.),(13.300288909,12.796519448,-0.2),(13.654913157,11.650115661,-0.2)));
#101=IFCTRIANGULATEDFACESET(#100,$,$,((1,2,3),(1,3,4),(5,6,7),(5,7,8),(5,4,3),(5,3,6),(8,7,2),(8,2,1),(2,9,10),(2,10,3),(6,11,12),(6,12,7),(6,3,10),(6,10,11),(7,12,9),(7,9,2),(9,13,14),(9,14,10),(11,15,16),(11,16,12),(11,10,14),(11,14,15),(12,16,13),(12,13,9),(13,17,18),(13,18,14),(15,19,20),(15,20,16),(15,14,18),(15,18,19),(16,20,17),(16,17,13),(17,21,22),(17,22,18),(19,23,24),(19,24,20),(19,18,22),(19,22,23),(20,24,21),(20,21,17),(21,25,26),(21,26,22),(23,27,28),(23,28,24),(23,22,26),(23,26,27),(24,28,25),(24,25,21),(25,29,30),(25,30,26),(27,31,32),(27,32,28),(27,26,30),(27,30,31),(28,32,29),(28,29,25),(29,33,34),(29,34,30),(31,35,36),(31,36,32),(31,30,34),(31,34,35),(32,36,33),(32,33,29),(33,37,38),(33,38,34),(35,39,40),(35,40,36),(35,34,38),(35,38,39),(36,40,37),(36,37,33),(37,41,42),(37,42,38),(39,43,44),(39,44,40),(39,38,42),(39,42,43),(40,44,41),(40,41,37),(41,45,46),(41,46,42),(43,47,48),(43,48,44),(43,42,46),(43,46,47),(44,48,45),(44,45,41),(45,49,50),(45,50,46),(47,51,52),(47,52,48),(47,46,50),(47,50,51),(48,52,49),(48,49,45),(49,53,54),(49,54,50),(51,55,56),(51,56,52),(51,50,54),(51,54,55),(52,56,53),(52,53,49),(53,57,58),(53,58,54),(55,59,60),(55,60,56),(55,54,58),(55,58,59),(56,60,57),(56,57,53),(57,61,62),(57,62,58),(59,63,64),(59,64,60),(59,58,62),(59,62,63),(60,64,61),(60,61,57),(61,65,66),(61,66,62),(63,67,68),(63,68,64),(63,62,66),(63,66,67),(64,68,65),(64,65,61),(65,69,70),(65,70,66),(67,71,72),(67,72,68),(67,66,70),(67,70,71),(68,72,69),(68,69,65),(69,73,74),(69,74,70),(71,75,76),(71,76,72),(71,70,74),(71,74,75),(72,76,73),(72,73,69),(73,77,78),(73,78,74),(75,79,80),(75,80,76),(75,74,78),(75,78,79),(76,80,77),(76,77,73),(77,81,82),(77,82,78),(79,83,84),(79,84,80),(79,78,82),(79,82,83),(80,84,81),(80,81,77),(81,85,86),(81,86,82),(83,87,88),(83,88,84),(83,82,86),(83,86,87),(84,88,85),(84,85,81),(85,89,90),(85,90,86),(87,91,92),(87,92,88),(87,86,90),(87,90,91),(88,92,89),(88,89,85),(89,93,94),(89,94,90),(91,95,96),(91,96,92),(91,90,94),(91,94,95),(92,96,93),(92,93,89),(93,97,98),(93,98,94),(95,99,100),(95,100,96),(95,94,98),(95,98,99),(96,100,97),(96,97,93),(97,101,102),(97,102,98),(99,103,104),(99,104,100),(99,98,102),(99,102,103),(100,104,101),(100,101,97),(101,105,106),(101,106,102),(103,107,108),(103,108,104),(103,102,106),(103,106,107),(104,108,105),(104,105,101),(5,8,1),(5,1,4)),$);
#102=IFCSHAPEREPRESENTATION(#5,'Body','Tessellation',(#101));
#103=IFCPRODUCTDEFINITIONSHAPE($,$,(#102));
#104=IFCLOCALPLACEMENT(#38,#2);
#105=IFCSLAB('2w8_C$mSMJ8$$75RCObizW',$,'Ramp',$,$,#104,#103,'r-curved:landing0',.LANDING.);
#106=IFCCARTESIANPOINTLIST3D(((17.349884339,15.345086843,0.3),(17.354006041,15.358470436,0.3),(16.206719032,15.710226771,0.3),(16.203480552,15.699711091,0.3),(16.203480552,15.699711091,0.1),(16.206719032,15.710226771,0.1),(17.354006041,15.358470436,0.1),(17.349884339,15.345086843,0.1),(17.373160652,15.422297682,0.3),(16.221769084,15.76037675,0.3),(16.221769084,15.76037675,0.1),(17.373160652,15.422297682,0.1),(17.391554382,15.486348342,0.3),(16.2362213,15.810702269,0.3),(16.2362213,15.810702269,0.1),(17.391554382,15.486348342,0.1),(17.409184627,15.550613347,0.3),(16.250073636,15.861196202,0.3),(16.250073636,15.861196202,0.1),(17.409184627,15.550613347,0.1),(17.42604889,15.615083597,0.3),(16.263324128,15.911851398,0.3),(16.263324128,15.911851398,0.1),(17.42604889,15.615083597,0.1),(17.442144783,15.679749961,0.3),(16.275970901,15.962660684,0.3),(16.275970901,15.962660684,0.1),(17.442144783,15.679749961,0.1),(17.457470026,15.744603283,0.3),(16.288012163,16.013616865,0.3),(16.288012163,16.013616865,0.1),(17.457470026,15.744603283,0.1),(17.472022449,15.809634379,0.3),(16.29944621,16.064712726,0.3),(16.29944621,16.064712726,0.1),(17.472022449,15.809634379,0.1),(17.485799993,15.874834039,0.3),(16.310271423,16.115941031,0.3),(16.310271423,16.115941031,0.1),(17.485799993,15.874834039,0.1),(17.498800705,15.940193032,0.3),(16.320486268,16.167294525,0.3),(16.320486268,16.167294525,0.1),(17.498800705,15.940193032,0.1),(17.511022744,16.005702101,0.3),(16.330089299,16.218765936,0.3),(16.330089299,16.218765936,0.1),(17.511022744,16.005702101,0.1),(17.522464381,16.071351971,0.3),(16.339079156,16.270347977,0.3),(16.339079156,16.270347977,0.1),(17.522464381,16.071351971,0.1),(17.533123994,16.137133344,0.3),(16.347454567,16.322033342,0.3),(16.347454567,16.322033342,0.1),(17.533123994,16.137133344,0.1),(17.543000075,16.203036906,0.3),(16.355214344,16.373814712,0.3),(16.355214344,16.373814712,0.1),(17.543000075,16.203036906,0.1),(17.552091224,16.269053324,0.3),(16.36235739,16.425684754,0.3),(16.36235739,16.425684754,0.1),(17.552091224,16.269053324,0.1),(17.560396154,16.335173249,0.3),(16.368882693,16.477636124,0.3),(16.368882693,16.477636124,0.1),(17.560396154,16.335173249,0.1),(17.56791369,16.401387319,0.3),(16.374789328,16.529661465,0.3),(16.374789328,16.529661465,0.1),(17.56791369,16.401387319,0.1),(17.574642766,16.467686157,0.3),(16.380076459,16.581753409,0.3),(16.380076459,16.581753409,0.1),(17.574642766,16.467686157,0.1),(17.580582431,16.534060375,0.3),(16.384743338,16.633904581,0.3),(16.384743338,16.633904581,0.1),(17.580582431,16.534060375,0.1),(17.585731842,16.600500574,0.3),(16.388789304,16.686107594,0.3),(16.388789304,16.686107594,0.1),(17.585731842,16.600500574,0.1),(17.59009027,16.666997345,0.3),(16.392213784,16.738355057,0.3),(16.392213784,16.738355057,0.1),(17.59009027,16.666997345,0.1),(17.593657099,16.733541271,0.3),(16.395016292,16.79063957,0.3),(16.395016292,16.79063957,0.1),(17.593657099,16.733541271,0.1),(17.596431824,16.800122931,0.3),(16.397196433,16.842953731,0.3),(16.397196433,16.842953731,0.1),(17.596431824,16.800122931,0.1),(17.59841405,16.866732894,0.3),(16.398753897,16.895290131,0.3),(16.398753897,16.895290131,0.1),(17.59841405,16.866732894,0.1),(17.599603499,16.933361729,0.3),(16.399688463,16.947641358,0.3),(16.399688463,16.947641358,0.1),(17.599603499,16.933361729,0.1),(17.6,17.,0.3),(16.4,17.,0.3),(16.4,17.,0.1),(17.6,17.,0.1)));
#107=IFCTRIANGULATEDFACESET(#106,$,$,((1,2,3),(1,3,4),(5,6,7),(5,7,8),(5,4,3),(5,3,6),(8,7,2),(8,2,1),(2,9,10),(2,10,3),(6,11,12),(6,12,7),(6,3,10),(6,10,11),(7,12,9),(7,9,2),(9,13,14),(9,14,10),(11,15,16),(11,16,12),(11,10,14),(11,14,15),(12,16,13),(12,13,9),(13,17,18),(13,18,14),(15,19,20),(15,20,16),(15,14,18),(15,18,19),(16,20,17),(16,17,13),(17,21,22),(17,22,18),(19,23,24),(19,24,20),(19,18,22),(19,22,23),(20,24,21),(20,21,17),(21,25,26),(21,26,22),(23,27,28),(23,28,24),(23,22,26),(23,26,27),(24,28,25),(24,25,21),(25,29,30),(25,30,26),(27,31,32),(27,32,28),(27,26,30),(27,30,31),(28,32,29),(28,29,25),(29,33,34),(29,34,30),(31,35,36),(31,36,32),(31,30,34),(31,34,35),(32,36,33),(32,33,29),(33,37,38),(33,38,34),(35,39,40),(35,40,36),(35,34,38),(35,38,39),(36,40,37),(36,37,33),(37,41,42),(37,42,38),(39,43,44),(39,44,40),(39,38,42),(39,42,43),(40,44,41),(40,41,37),(41,45,46),(41,46,42),(43,47,48),(43,48,44),(43,42,46),(43,46,47),(44,48,45),(44,45,41),(45,49,50),(45,50,46),(47,51,52),(47,52,48),(47,46,50),(47,50,51),(48,52,49),(48,49,45),(49,53,54),(49,54,50),(51,55,56),(51,56,52),(51,50,54),(51,54,55),(52,56,53),(52,53,49),(53,57,58),(53,58,54),(55,59,60),(55,60,56),(55,54,58),(55,58,59),(56,60,57),(56,57,53),(57,61,62),(57,62,58),(59,63,64),(59,64,60),(59,58,62),(59,62,63),(60,64,61),(60,61,57),(61,65,66),(61,66,62),(63,67,68),(63,68,64),(63,62,66),(63,66,67),(64,68,65),(64,65,61),(65,69,70),(65,70,66),(67,71,72),(67,72,68),(67,66,70),(67,70,71),(68,72,69),(68,69,65),(69,73,74),(69,74,70),(71,75,76),(71,76,72),(71,70,74),(71,74,75),(72,76,73),(72,73,69),(73,77,78),(73,78,74),(75,79,80),(75,80,76),(75,74,78),(75,78,79),(76,80,77),(76,77,73),(77,81,82),(77,82,78),(79,83,84),(79,84,80),(79,78,82),(79,82,83),(80,84,81),(80,81,77),(81,85,86),(81,86,82),(83,87,88),(83,88,84),(83,82,86),(83,86,87),(84,88,85),(84,85,81),(85,89,90),(85,90,86),(87,91,92),(87,92,88),(87,86,90),(87,90,91),(88,92,89),(88,89,85),(89,93,94),(89,94,90),(91,95,96),(91,96,92),(91,90,94),(91,94,95),(92,96,93),(92,93,89),(93,97,98),(93,98,94),(95,99,100),(95,100,96),(95,94,98),(95,98,99),(96,100,97),(96,97,93),(97,101,102),(97,102,98),(99,103,104),(99,104,100),(99,98,102),(99,102,103),(100,104,101),(100,101,97),(101,105,106),(101,106,102),(103,107,108),(103,108,104),(103,102,106),(103,106,107),(104,108,105),(104,105,101),(108,107,106),(108,106,105)),$);
#108=IFCSHAPEREPRESENTATION(#5,'Body','Tessellation',(#107));
#109=IFCPRODUCTDEFINITIONSHAPE($,$,(#108));
#110=IFCLOCALPLACEMENT(#38,#2);
#111=IFCSLAB('1EiwBXmcVllvI2hH1L_L6W',$,'Ramp',$,$,#110,#109,'r-curved:landing1',.LANDING.);
#112=IFCLOCALPLACEMENT(#38,#2);
#113=IFCRAMP('359zB7bw3BJbXGKC8DRxkq',$,'Ramp',$,$,#112,$,'r-down',.STRAIGHT_RUN_RAMP.);
#114=IFCCARTESIANPOINTLIST3D(((31.5,8.4,0.5),(38.5,8.4,0.),(38.5,9.6,0.),(31.5,9.6,0.5),(31.5,9.6,0.3),(38.5,9.6,-0.2),(38.5,8.4,-0.2),(31.5,8.4,0.3)));
#115=IFCTRIANGULATEDFACESET(#114,$,$,((1,2,3),(1,3,4),(5,6,7),(5,7,8),(5,4,3),(5,3,6),(8,7,2),(8,2,1)),$);
#116=IFCSHAPEREPRESENTATION(#5,'Body','Tessellation',(#115));
#117=IFCPRODUCTDEFINITIONSHAPE($,$,(#116));
#118=IFCLOCALPLACEMENT(#38,#2);
#119=IFCRAMPFLIGHT('25LQM_XIyrEizOWiITlUa_',$,'Ramp',$,$,#118,#117,'r-down:flight0',.STRAIGHT.);
#120=IFCCARTESIANPOINTLIST3D(((30.,8.4,0.5),(31.5,8.4,0.5),(31.5,9.6,0.5),(30.,9.6,0.5),(30.,9.6,0.3),(31.5,9.6,0.3),(31.5,8.4,0.3),(30.,8.4,0.3)));
#121=IFCTRIANGULATEDFACESET(#120,$,$,((1,2,3),(1,3,4),(5,6,7),(5,7,8),(5,4,3),(5,3,6),(8,7,2),(8,2,1),(5,8,1),(5,1,4)),$);
#122=IFCSHAPEREPRESENTATION(#5,'Body','Tessellation',(#121));
#123=IFCPRODUCTDEFINITIONSHAPE($,$,(#122));
#124=IFCLOCALPLACEMENT(#38,#2);
#125=IFCSLAB('0PMLAd84j9IVnezxEhSZla',$,'Ramp',$,$,#124,#123,'r-down:landing0',.LANDING.);
#126=IFCCARTESIANPOINTLIST3D(((38.5,8.4,0.),(40.,8.4,0.),(40.,9.6,0.),(38.5,9.6,0.),(38.5,9.6,-0.2),(40.,9.6,-0.2),(40.,8.4,-0.2),(38.5,8.4,-0.2)));
#127=IFCTRIANGULATEDFACESET(#126,$,$,((1,2,3),(1,3,4),(5,6,7),(5,7,8),(5,4,3),(5,3,6),(8,7,2),(8,2,1),(7,6,3),(7,3,2)),$);
#128=IFCSHAPEREPRESENTATION(#5,'Body','Tessellation',(#127));
#129=IFCPRODUCTDEFINITIONSHAPE($,$,(#128));
#130=IFCLOCALPLACEMENT(#38,#2);
#131=IFCSLAB('3TGYQufpIoDlqK6xdpkNpj',$,'Ramp',$,$,#130,#129,'r-down:landing1',.LANDING.);
#132=IFCLOCALPLACEMENT(#38,#2);
#133=IFCRAMP('1w6s0pVwoU7nBx1n$mX0cY',$,'Ramp',$,$,#132,$,'r-flat',.STRAIGHT_RUN_RAMP.);
#134=IFCCARTESIANPOINTLIST3D(((31.5,14.4,0.),(38.5,14.4,0.),(38.5,15.6,0.),(31.5,15.6,0.),(31.5,15.6,-0.2),(38.5,15.6,-0.2),(38.5,14.4,-0.2),(31.5,14.4,-0.2)));
#135=IFCTRIANGULATEDFACESET(#134,$,$,((1,2,3),(1,3,4),(5,6,7),(5,7,8),(5,4,3),(5,3,6),(8,7,2),(8,2,1)),$);
#136=IFCSHAPEREPRESENTATION(#5,'Body','Tessellation',(#135));
#137=IFCPRODUCTDEFINITIONSHAPE($,$,(#136));
#138=IFCLOCALPLACEMENT(#38,#2);
#139=IFCRAMPFLIGHT('3GeA8TSRaFNWQ9lchC$5fG',$,'Ramp',$,$,#138,#137,'r-flat:flight0',.STRAIGHT.);
#140=IFCCARTESIANPOINTLIST3D(((30.,14.4,0.),(31.5,14.4,0.),(31.5,15.6,0.),(30.,15.6,0.),(30.,15.6,-0.2),(31.5,15.6,-0.2),(31.5,14.4,-0.2),(30.,14.4,-0.2)));
#141=IFCTRIANGULATEDFACESET(#140,$,$,((1,2,3),(1,3,4),(5,6,7),(5,7,8),(5,4,3),(5,3,6),(8,7,2),(8,2,1),(5,8,1),(5,1,4)),$);
#142=IFCSHAPEREPRESENTATION(#5,'Body','Tessellation',(#141));
#143=IFCPRODUCTDEFINITIONSHAPE($,$,(#142));
#144=IFCLOCALPLACEMENT(#38,#2);
#145=IFCSLAB('3sDaPcpGGFA$oiGfLKQlVR',$,'Ramp',$,$,#144,#143,'r-flat:landing0',.LANDING.);
#146=IFCCARTESIANPOINTLIST3D(((38.5,14.4,0.),(40.,14.4,0.),(40.,15.6,0.),(38.5,15.6,0.),(38.5,15.6,-0.2),(40.,15.6,-0.2),(40.,14.4,-0.2),(38.5,14.4,-0.2)));
#147=IFCTRIANGULATEDFACESET(#146,$,$,((1,2,3),(1,3,4),(5,6,7),(5,7,8),(5,4,3),(5,3,6),(8,7,2),(8,2,1),(7,6,3),(7,3,2)),$);
#148=IFCSHAPEREPRESENTATION(#5,'Body','Tessellation',(#147));
#149=IFCPRODUCTDEFINITIONSHAPE($,$,(#148));
#150=IFCLOCALPLACEMENT(#38,#2);
#151=IFCSLAB('1Z$OD7Pi1Pyxc$fnWZBytb',$,'Ramp',$,$,#150,#149,'r-flat:landing1',.LANDING.);
#152=IFCLOCALPLACEMENT(#38,#2);
#153=IFCRAMP('2Z0BNRO0$DLAT2RXefOphg',$,'Ramp',$,$,#152,$,'r-merged',.STRAIGHT_RUN_RAMP.);
#154=IFCCARTESIANPOINTLIST3D(((30.,17.4,0.),(36.6,17.4,0.),(35.4,18.6,0.),(30.,18.6,0.),(30.,18.6,-0.2),(35.4,18.6,-0.2),(36.6,17.4,-0.2),(30.,17.4,-0.2),(36.6,23.,0.),(35.4,23.,0.),(35.4,23.,-0.2),(36.6,23.,-0.2)));
#155=IFCTRIANGULATEDFACESET(#154,$,$,((1,2,3),(1,3,4),(5,6,7),(5,7,8),(5,4,3),(5,3,6),(8,7,2),(8,2,1),(2,9,10),(2,10,3),(6,11,12),(6,12,7),(6,3,10),(6,10,11),(7,12,9),(7,9,2),(5,8,1),(5,1,4),(12,11,10),(12,10,9)),$);
#156=IFCSHAPEREPRESENTATION(#5,'Body','Tessellation',(#155));
#157=IFCPRODUCTDEFINITIONSHAPE($,$,(#156));
#158=IFCLOCALPLACEMENT(#38,#2);
#159=IFCSLAB('2BnXyhAgnJ$fcNDZ4X2kES',$,'Ramp',$,$,#158,#157,'r-merged:landing0',.LANDING.);
#160=IFCLOCALPLACEMENT(#38,#2);
#161=IFCRAMP('3wm2OzHSY49p7C3M7namQc',$,'Ramp',$,$,#160,$,'r-no-run',.STRAIGHT_RUN_RAMP.);
#162=IFCCARTESIANPOINTLIST3D(((30.,11.4,0.),(40.,11.4,0.3),(40.,12.6,0.3),(30.,12.6,0.),(30.,12.6,-0.2),(40.,12.6,0.1),(40.,11.4,0.1),(30.,11.4,-0.2)));
#163=IFCTRIANGULATEDFACESET(#162,$,$,((1,2,3),(1,3,4),(5,6,7),(5,7,8),(5,4,3),(5,3,6),(8,7,2),(8,2,1),(5,8,1),(5,1,4),(7,6,3),(7,3,2)),$);
#164=IFCSHAPEREPRESENTATION(#5,'Body','Tessellation',(#163));
#165=IFCPRODUCTDEFINITIONSHAPE($,$,(#164));
#166=IFCLOCALPLACEMENT(#38,#2);
#167=IFCSLAB('2xIF7LIYaiUsuAVAQT9ewK',$,'Ramp',$,$,#166,#165,'r-no-run:landing0',.LANDING.);
#168=IFCLOCALPLACEMENT(#38,#2);
#169=IFCRAMP('1NHcLVIu5whRhq2g0cbyi1',$,'Ramp',$,$,#168,$,'r-smooth-join',.STRAIGHT_RUN_RAMP.);
#170=IFCCARTESIANPOINTLIST3D(((13.5,8.4,0.),(16.,8.4,0.2),(16.,9.6,0.2),(13.5,9.6,0.),(13.5,9.6,-0.2),(16.,9.6,0.),(16.,8.4,0.),(13.5,8.4,-0.2),(18.5,8.4,0.4),(18.5,9.6,0.4),(18.5,9.6,0.2),(18.5,8.4,0.2)));
#171=IFCTRIANGULATEDFACESET(#170,$,$,((1,2,3),(1,3,4),(5,6,7),(5,7,8),(5,4,3),(5,3,6),(8,7,2),(8,2,1),(2,9,10),(2,10,3),(6,11,12),(6,12,7),(6,3,10),(6,10,11),(7,12,9),(7,9,2)),$);
#172=IFCSHAPEREPRESENTATION(#5,'Body','Tessellation',(#171));
#173=IFCPRODUCTDEFINITIONSHAPE($,$,(#172));
#174=IFCLOCALPLACEMENT(#38,#2);
#175=IFCRAMPFLIGHT('3baxX_pHngygDHkXz_iCi2',$,'Ramp',$,$,#174,#173,'r-smooth-join:flight0',.STRAIGHT.);
#176=IFCCARTESIANPOINTLIST3D(((12.,8.4,0.),(13.5,8.4,0.),(13.5,9.6,0.),(12.,9.6,0.),(12.,9.6,-0.2),(13.5,9.6,-0.2),(13.5,8.4,-0.2),(12.,8.4,-0.2)));
#177=IFCTRIANGULATEDFACESET(#176,$,$,((1,2,3),(1,3,4),(5,6,7),(5,7,8),(5,4,3),(5,3,6),(8,7,2),(8,2,1),(5,8,1),(5,1,4)),$);
#178=IFCSHAPEREPRESENTATION(#5,'Body','Tessellation',(#177));
#179=IFCPRODUCTDEFINITIONSHAPE($,$,(#178));
#180=IFCLOCALPLACEMENT(#38,#2);
#181=IFCSLAB('1C$mV3O2kYAadR9lDWGY_b',$,'Ramp',$,$,#180,#179,'r-smooth-join:landing0',.LANDING.);
#182=IFCCARTESIANPOINTLIST3D(((18.5,8.4,0.4),(20.,8.4,0.4),(20.,9.6,0.4),(18.5,9.6,0.4),(18.5,9.6,0.2),(20.,9.6,0.2),(20.,8.4,0.2),(18.5,8.4,0.2)));
#183=IFCTRIANGULATEDFACESET(#182,$,$,((1,2,3),(1,3,4),(5,6,7),(5,7,8),(5,4,3),(5,3,6),(8,7,2),(8,2,1),(7,6,3),(7,3,2)),$);
#184=IFCSHAPEREPRESENTATION(#5,'Body','Tessellation',(#183));
#185=IFCPRODUCTDEFINITIONSHAPE($,$,(#184));
#186=IFCLOCALPLACEMENT(#38,#2);
#187=IFCSLAB('3AGM7WfI20c3Y3GQ4g2A_m',$,'Ramp',$,$,#186,#185,'r-smooth-join:landing1',.LANDING.);
#188=IFCLOCALPLACEMENT(#38,#2);
#189=IFCRAMP('0BuzhMSDaiPqOKV4G$39_j',$,'Ramp',$,$,#188,$,'r-steep',.STRAIGHT_RUN_RAMP.);
#190=IFCCARTESIANPOINTLIST3D(((1.5,5.4,0.),(8.5,5.4,0.7),(8.5,6.6,0.7),(1.5,6.6,0.),(1.5,6.6,-0.2),(8.5,6.6,0.5),(8.5,5.4,0.5),(1.5,5.4,-0.2)));
#191=IFCTRIANGULATEDFACESET(#190,$,$,((1,2,3),(1,3,4),(5,6,7),(5,7,8),(5,4,3),(5,3,6),(8,7,2),(8,2,1)),$);
#192=IFCSHAPEREPRESENTATION(#5,'Body','Tessellation',(#191));
#193=IFCPRODUCTDEFINITIONSHAPE($,$,(#192));
#194=IFCLOCALPLACEMENT(#38,#2);
#195=IFCRAMPFLIGHT('3j7Ek5LLoMtwaUCnBIhXE4',$,'Ramp',$,$,#194,#193,'r-steep:flight0',.STRAIGHT.);
#196=IFCCARTESIANPOINTLIST3D(((0.,5.4,0.),(1.5,5.4,0.),(1.5,6.6,0.),(0.,6.6,0.),(0.,6.6,-0.2),(1.5,6.6,-0.2),(1.5,5.4,-0.2),(0.,5.4,-0.2)));
#197=IFCTRIANGULATEDFACESET(#196,$,$,((1,2,3),(1,3,4),(5,6,7),(5,7,8),(5,4,3),(5,3,6),(8,7,2),(8,2,1),(5,8,1),(5,1,4)),$);
#198=IFCSHAPEREPRESENTATION(#5,'Body','Tessellation',(#197));
#199=IFCPRODUCTDEFINITIONSHAPE($,$,(#198));
#200=IFCLOCALPLACEMENT(#38,#2);
#201=IFCSLAB('1$J_6Skeo8WvHPq0V663q$',$,'Ramp',$,$,#200,#199,'r-steep:landing0',.LANDING.);
#202=IFCCARTESIANPOINTLIST3D(((8.5,5.4,0.7),(10.,5.4,0.7),(10.,6.6,0.7),(8.5,6.6,0.7),(8.5,6.6,0.5),(10.,6.6,0.5),(10.,5.4,0.5),(8.5,5.4,0.5)));
#203=IFCTRIANGULATEDFACESET(#202,$,$,((1,2,3),(1,3,4),(5,6,7),(5,7,8),(5,4,3),(5,3,6),(8,7,2),(8,2,1),(7,6,3),(7,3,2)),$);
#204=IFCSHAPEREPRESENTATION(#5,'Body','Tessellation',(#203));
#205=IFCPRODUCTDEFINITIONSHAPE($,$,(#204));
#206=IFCLOCALPLACEMENT(#38,#2);
#207=IFCSLAB('17tLvfdRHSsFgAymOmbW1w',$,'Ramp',$,$,#206,#205,'r-steep:landing1',.LANDING.);
#208=IFCLOCALPLACEMENT(#36,#2);
#209=IFCRAMP('0hZZZ7XXiNHSSkzbV6EDJh',$,'Ramp',$,$,#208,$,'r-storey-top',.STRAIGHT_RUN_RAMP.);
#210=IFCCARTESIANPOINTLIST3D(((31.5,5.4,0.),(68.5,5.4,2.8),(68.5,6.6,2.8),(31.5,6.6,0.),(31.5,6.6,-0.2),(68.5,6.6,2.6),(68.5,5.4,2.6),(31.5,5.4,-0.2)));
#211=IFCTRIANGULATEDFACESET(#210,$,$,((1,2,3),(1,3,4),(5,6,7),(5,7,8),(5,4,3),(5,3,6),(8,7,2),(8,2,1)),$);
#212=IFCSHAPEREPRESENTATION(#5,'Body','Tessellation',(#211));
#213=IFCPRODUCTDEFINITIONSHAPE($,$,(#212));
#214=IFCLOCALPLACEMENT(#36,#2);
#215=IFCRAMPFLIGHT('1UZxuP3bAm1pdhdHKQ4kIy',$,'Ramp',$,$,#214,#213,'r-storey-top:flight0',.STRAIGHT.);
#216=IFCCARTESIANPOINTLIST3D(((30.,5.4,0.),(31.5,5.4,0.),(31.5,6.6,0.),(30.,6.6,0.),(30.,6.6,-0.2),(31.5,6.6,-0.2),(31.5,5.4,-0.2),(30.,5.4,-0.2)));
#217=IFCTRIANGULATEDFACESET(#216,$,$,((1,2,3),(1,3,4),(5,6,7),(5,7,8),(5,4,3),(5,3,6),(8,7,2),(8,2,1),(5,8,1),(5,1,4)),$);
#218=IFCSHAPEREPRESENTATION(#5,'Body','Tessellation',(#217));
#219=IFCPRODUCTDEFINITIONSHAPE($,$,(#218));
#220=IFCLOCALPLACEMENT(#36,#2);
#221=IFCSLAB('3FbMCv7Obtm_slvAuhpcKk',$,'Ramp',$,$,#220,#219,'r-storey-top:landing0',.LANDING.);
#222=IFCCARTESIANPOINTLIST3D(((68.5,5.4,2.8),(70.,5.4,2.8),(70.,6.6,2.8),(68.5,6.6,2.8),(68.5,6.6,2.6),(70.,6.6,2.6),(70.,5.4,2.6),(68.5,5.4,2.6)));
#223=IFCTRIANGULATEDFACESET(#222,$,$,((1,2,3),(1,3,4),(5,6,7),(5,7,8),(5,4,3),(5,3,6),(8,7,2),(8,2,1),(7,6,3),(7,3,2)),$);
#224=IFCSHAPEREPRESENTATION(#5,'Body','Tessellation',(#223));
#225=IFCPRODUCTDEFINITIONSHAPE($,$,(#224));
#226=IFCLOCALPLACEMENT(#36,#2);
#227=IFCSLAB('39$jwML4uCpjwCCXmjwSKK',$,'Ramp',$,$,#226,#225,'r-storey-top:landing1',.LANDING.);
#228=IFCLOCALPLACEMENT(#38,#2);
#229=IFCRAMP('04LM9fjXikE9Rd5vYpV20q',$,'Ramp',$,$,#228,$,'r-straight',.STRAIGHT_RUN_RAMP.);
#230=IFCCARTESIANPOINTLIST3D(((1.5,-0.6,0.),(8.5,-0.6,0.5),(8.5,0.6,0.5),(1.5,0.6,0.),(1.5,0.6,-0.2),(8.5,0.6,0.3),(8.5,-0.6,0.3),(1.5,-0.6,-0.2)));
#231=IFCTRIANGULATEDFACESET(#230,$,$,((1,2,3),(1,3,4),(5,6,7),(5,7,8),(5,4,3),(5,3,6),(8,7,2),(8,2,1)),$);
#232=IFCSHAPEREPRESENTATION(#5,'Body','Tessellation',(#231));
#233=IFCPRODUCTDEFINITIONSHAPE($,$,(#232));
#234=IFCLOCALPLACEMENT(#38,#2);
#235=IFCRAMPFLIGHT('1sPFlWwZSJVhMwpqwSnPGR',$,'Ramp',$,$,#234,#233,'r-straight:flight0',.STRAIGHT.);
#236=IFCCARTESIANPOINTLIST3D(((0.,-0.6,0.),(1.5,-0.6,0.),(1.5,0.6,0.),(0.,0.6,0.),(0.,0.6,-0.2),(1.5,0.6,-0.2),(1.5,-0.6,-0.2),(0.,-0.6,-0.2)));
#237=IFCTRIANGULATEDFACESET(#236,$,$,((1,2,3),(1,3,4),(5,6,7),(5,7,8),(5,4,3),(5,3,6),(8,7,2),(8,2,1),(5,8,1),(5,1,4)),$);
#238=IFCSHAPEREPRESENTATION(#5,'Body','Tessellation',(#237));
#239=IFCPRODUCTDEFINITIONSHAPE($,$,(#238));
#240=IFCLOCALPLACEMENT(#38,#2);
#241=IFCSLAB('3kRLPwFYRJkrItj91Bk2o2',$,'Ramp',$,$,#240,#239,'r-straight:landing0',.LANDING.);
#242=IFCCARTESIANPOINTLIST3D(((8.5,-0.6,0.5),(10.,-0.6,0.5),(10.,0.6,0.5),(8.5,0.6,0.5),(8.5,0.6,0.3),(10.,0.6,0.3),(10.,-0.6,0.3),(8.5,-0.6,0.3)));
#243=IFCTRIANGULATEDFACESET(#242,$,$,((1,2,3),(1,3,4),(5,6,7),(5,7,8),(5,4,3),(5,3,6),(8,7,2),(8,2,1),(7,6,3),(7,3,2)),$);
#244=IFCSHAPEREPRESENTATION(#5,'Body','Tessellation',(#243));
#245=IFCPRODUCTDEFINITIONSHAPE($,$,(#244));
#246=IFCLOCALPLACEMENT(#38,#2);
#247=IFCSLAB('2rPkP1NJ2_hyBFxEqYOczH',$,'Ramp',$,$,#246,#245,'r-straight:landing1',.LANDING.);
#248=IFCCARTESIANPOINTLIST3D(((-0.025,0.575,0.),(0.025,0.525,0.),(-0.025,0.525,0.),(-0.025,0.575,0.96),(-0.025,0.525,0.96),(0.025,0.525,0.96),(0.025,0.575,0.),(0.025,0.575,0.96),(0.725,0.575,0.),(0.775,0.525,0.),(0.725,0.525,0.),(0.725,0.575,0.96),(0.725,0.525,0.96),(0.775,0.525,0.96),(0.775,0.575,0.),(0.775,0.575,0.96),(1.475,0.575,0.),(1.525,0.525,0.),(1.475,0.525,0.),(1.475,0.575,0.96),(1.475,0.525,0.96),(1.525,0.525,0.96),(1.525,0.575,0.),(1.525,0.575,0.96),(2.641666667,0.575,0.083333333),(2.691666667,0.525,0.083333333),(2.641666667,0.525,0.083333333),(2.641666667,0.575,1.043333333),(2.641666667,0.525,1.043333333),(2.691666667,0.525,1.043333333),(2.691666667,0.575,0.083333333),(2.691666667,0.575,1.043333333),(3.808333333,0.575,0.166666667),(3.858333333,0.525,0.166666667),(3.808333333,0.525,0.166666667),(3.808333333,0.575,1.126666667),(3.808333333,0.525,1.126666667),(3.858333333,0.525,1.126666667),(3.858333333,0.575,0.166666667),(3.858333333,0.575,1.126666667),(4.975,0.575,0.25),(5.025,0.525,0.25),(4.975,0.525,0.25),(4.975,0.575,1.21),(4.975,0.525,1.21),(5.025,0.525,1.21),(5.025,0.575,0.25),(5.025,0.575,1.21),(6.141666667,0.575,0.333333333),(6.191666667,0.525,0.333333333),(6.141666667,0.525,0.333333333),(6.141666667,0.575,1.293333333),(6.141666667,0.525,1.293333333),(6.191666667,0.525,1.293333333),(6.191666667,0.575,0.333333333),(6.191666667,0.575,1.293333333),(7.308333333,0.575,0.416666667),(7.358333333,0.525,0.416666667),(7.308333333,0.525,0.416666667),(7.308333333,0.575,1.376666667),(7.308333333,0.525,1.376666667),(7.358333333,0.525,1.376666667),(7.358333333,0.575,0.416666667),(7.358333333,0.575,1.376666667),(8.475,0.575,0.5),(8.525,0.525,0.5),(8.475,0.525,0.5),(8.475,0.575,1.46),(8.475,0.525,1.46),(8.525,0.525,1.46),(8.525,0.575,0.5),(8.525,0.575,1.46),(9.225,0.575,0.5),(9.275,0.525,0.5),(9.225,0.525,0.5),(9.225,0.575,1.46),(9.225,0.525,1.46),(9.275,0.525,1.46),(9.275,0.575,0.5),(9.275,0.575,1.46),(9.975,0.575,0.5),(10.025,0.525,0.5),(9.975,0.525,0.5),(9.975,0.575,1.46),(9.975,0.525,1.46),(10.025,0.525,1.46),(10.025,0.575,0.5),(10.025,0.575,1.46),(0.,0.52,1.),(1.5,0.52,1.),(1.5,0.58,1.),(0.,0.58,1.),(0.,0.58,0.96),(1.5,0.58,0.96),(1.5,0.52,0.96),(0.,0.52,0.96),(8.5,0.52,1.5),(8.5,0.58,1.5),(8.5,0.58,1.46),(8.5,0.52,1.46),(10.,0.52,1.5),(10.,0.58,1.5),(10.,0.58,1.46),(10.,0.52,1.46)));
#249=IFCTRIANGULATEDFACESET(#248,$,$,((1,2,3),(4,5,6),(1,7,2),(4,6,8),(3,2,6),(3,6,5),(2,7,8),(2,8,6),(7,1,4),(7,4,8),(1,3,5),(1,5,4),(9,10,11),(12,13,14),(9,15,10),(12,14,16),(11,10,14),(11,14,13),(10,15,16),(10,16,14),(15,9,12),(15,12,16),(9,11,13),(9,13,12),(17,18,19),(20,21,22),(17,23,18),(20,22,24),(19,18,22),(19,22,21),(18,23,24),(18,24,22),(23,17,20),(23,20,24),(17,19,21),(17,21,20),(25,26,27),(28,29,30),(25,31,26),(28,30,32),(27,26,30),(27,30,29),(26,31,32),(26,32,30),(31,25,28),(31,28,32),(25,27,29),(25,29,28),(33,34,35),(36,37,38),(33,39,34),(36,38,40),(35,34,38),(35,38,37),(34,39,40),(34,40,38),(39,33,36),(39,36,40),(33,35,37),(33,37,36),(41,42,43),(44,45,46),(41,47,42),(44,46,48),(43,42,46),(43,46,45),(42,47,48),(42,48,46),(47,41,44),(47,44,48),(41,43,45),(41,45,44),(49,50,51),(52,53,54),(49,55,50),(52,54,56),(51,50,54),(51,54,53),(50,55,56),(50,56,54),(55,49,52),(55,52,56),(49,51,53),(49,53,52),(57,58,59),(60,61,62),(57,63,58),(60,62,64),(59,58,62),(59,62,61),(58,63,64),(58,64,62),(63,57,60),(63,60,64),(57,59,61),(57,61,60),(65,66,67),(68,69,70),(65,71,66),(68,70,72),(67,66,70),(67,70,69),(66,71,72),(66,72,70),(71,65,68),(71,68,72),(65,67,69),(65,69,68),(73,74,75),(76,77,78),(73,79,74),(76,78,80),(75,74,78),(75,78,77),(74,79,80),(74,80,78),(79,73,76),(79,76,80),(73,75,77),(73,77,76),(81,82,83),(84,85,86),(81,87,82),(84,86,88),(83,82,86),(83,86,85),(82,87,88),(82,88,86),(87,81,84),(87,84,88),(81,83,85),(81,85,84),(89,90,91),(89,91,92),(93,94,95),(93,95,96),(93,92,91),(93,91,94),(96,95,90),(96,90,89),(90,97,98),(90,98,91),(94,99,100),(94,100,95),(94,91,98),(94,98,99),(95,100,97),(95,97,90),(97,101,102),(97,102,98),(99,103,104),(99,104,100),(99,98,102),(99,102,103),(100,104,101),(100,101,97),(93,96,89),(93,89,92),(104,103,102),(104,102,101)),$);
#250=IFCSHAPEREPRESENTATION(#5,'Body','Tessellation',(#249));
#251=IFCPRODUCTDEFINITIONSHAPE($,$,(#250));
#252=IFCLOCALPLACEMENT(#38,#2);
#253=IFCRAILING('1mlz7hqQd_YLoReiQfdQMS',$,'Ramp',$,$,#252,#251,'r-straight:railing',.GUARDRAIL.);
#254=IFCLOCALPLACEMENT(#38,#2);
#255=IFCRAMP('04$eRKStGbUcVGZGut64P9',$,'Ramp',$,$,#254,$,'r-to-first',.STRAIGHT_RUN_RAMP.);
#256=IFCCARTESIANPOINTLIST3D(((31.5,-0.6,0.),(68.5,-0.6,3.),(68.5,0.6,3.),(31.5,0.6,0.),(31.5,0.6,-0.2),(68.5,0.6,2.8),(68.5,-0.6,2.8),(31.5,-0.6,-0.2)));
#257=IFCTRIANGULATEDFACESET(#256,$,$,((1,2,3),(1,3,4),(5,6,7),(5,7,8),(5,4,3),(5,3,6),(8,7,2),(8,2,1)),$);
#258=IFCSHAPEREPRESENTATION(#5,'Body','Tessellation',(#257));
#259=IFCPRODUCTDEFINITIONSHAPE($,$,(#258));
#260=IFCLOCALPLACEMENT(#38,#2);
#261=IFCRAMPFLIGHT('2EYkXFAx837Pkqs$y834O0',$,'Ramp',$,$,#260,#259,'r-to-first:flight0',.STRAIGHT.);
#262=IFCCARTESIANPOINTLIST3D(((30.,-0.6,0.),(31.5,-0.6,0.),(31.5,0.6,0.),(30.,0.6,0.),(30.,0.6,-0.2),(31.5,0.6,-0.2),(31.5,-0.6,-0.2),(30.,-0.6,-0.2)));
#263=IFCTRIANGULATEDFACESET(#262,$,$,((1,2,3),(1,3,4),(5,6,7),(5,7,8),(5,4,3),(5,3,6),(8,7,2),(8,2,1),(5,8,1),(5,1,4)),$);
#264=IFCSHAPEREPRESENTATION(#5,'Body','Tessellation',(#263));
#265=IFCPRODUCTDEFINITIONSHAPE($,$,(#264));
#266=IFCLOCALPLACEMENT(#38,#2);
#267=IFCSLAB('3R7oP6SdH6JA7Ghr2C68Ix',$,'Ramp',$,$,#266,#265,'r-to-first:landing0',.LANDING.);
#268=IFCCARTESIANPOINTLIST3D(((68.5,-0.6,3.),(70.,-0.6,3.),(70.,0.6,3.),(68.5,0.6,3.),(68.5,0.6,2.8),(70.,0.6,2.8),(70.,-0.6,2.8),(68.5,-0.6,2.8)));
#269=IFCTRIANGULATEDFACESET(#268,$,$,((1,2,3),(1,3,4),(5,6,7),(5,7,8),(5,4,3),(5,3,6),(8,7,2),(8,2,1),(7,6,3),(7,3,2)),$);
#270=IFCSHAPEREPRESENTATION(#5,'Body','Tessellation',(#269));
#271=IFCPRODUCTDEFINITIONSHAPE($,$,(#270));
#272=IFCLOCALPLACEMENT(#38,#2);
#273=IFCSLAB('195URcuuUWEgclfNdIDt6m',$,'Ramp',$,$,#272,#271,'r-to-first:landing1',.LANDING.);
#274=IFCLOCALPLACEMENT(#38,#2);
#275=IFCRAMP('3aSWwyxnmrIoJjxA6maXBF',$,'Ramp',$,$,#274,$,'r-to-first-short',.STRAIGHT_RUN_RAMP.);
#276=IFCCARTESIANPOINTLIST3D(((31.5,2.4,0.),(38.5,2.4,3.),(38.5,3.6,3.),(31.5,3.6,0.),(31.5,3.6,-0.2),(38.5,3.6,2.8),(38.5,2.4,2.8),(31.5,2.4,-0.2)));
#277=IFCTRIANGULATEDFACESET(#276,$,$,((1,2,3),(1,3,4),(5,6,7),(5,7,8),(5,4,3),(5,3,6),(8,7,2),(8,2,1)),$);
#278=IFCSHAPEREPRESENTATION(#5,'Body','Tessellation',(#277));
#279=IFCPRODUCTDEFINITIONSHAPE($,$,(#278));
#280=IFCLOCALPLACEMENT(#38,#2);
#281=IFCRAMPFLIGHT('0VkiQVZI05PRDOcmIg8tZc',$,'Ramp',$,$,#280,#279,'r-to-first-short:flight0',.STRAIGHT.);
#282=IFCCARTESIANPOINTLIST3D(((30.,2.4,0.),(31.5,2.4,0.),(31.5,3.6,0.),(30.,3.6,0.),(30.,3.6,-0.2),(31.5,3.6,-0.2),(31.5,2.4,-0.2),(30.,2.4,-0.2)));
#283=IFCTRIANGULATEDFACESET(#282,$,$,((1,2,3),(1,3,4),(5,6,7),(5,7,8),(5,4,3),(5,3,6),(8,7,2),(8,2,1),(5,8,1),(5,1,4)),$);
#284=IFCSHAPEREPRESENTATION(#5,'Body','Tessellation',(#283));
#285=IFCPRODUCTDEFINITIONSHAPE($,$,(#284));
#286=IFCLOCALPLACEMENT(#38,#2);
#287=IFCSLAB('3jWIqPauwmz_2QFyVyesFX',$,'Ramp',$,$,#286,#285,'r-to-first-short:landing0',.LANDING.);
#288=IFCCARTESIANPOINTLIST3D(((38.5,2.4,3.),(40.,2.4,3.),(40.,3.6,3.),(38.5,3.6,3.),(38.5,3.6,2.8),(40.,3.6,2.8),(40.,2.4,2.8),(38.5,2.4,2.8)));
#289=IFCTRIANGULATEDFACESET(#288,$,$,((1,2,3),(1,3,4),(5,6,7),(5,7,8),(5,4,3),(5,3,6),(8,7,2),(8,2,1),(7,6,3),(7,3,2)),$);
#290=IFCSHAPEREPRESENTATION(#5,'Body','Tessellation',(#289));
#291=IFCPRODUCTDEFINITIONSHAPE($,$,(#290));
#292=IFCLOCALPLACEMENT(#38,#2);
#293=IFCSLAB('3L08UWga1W1d0_kh9y53Kd',$,'Ramp',$,$,#292,#291,'r-to-first-short:landing1',.LANDING.);
#294=IFCLOCALPLACEMENT(#36,#2);
#295=IFCRAMP('0T6D3z6SQuu8grRp4MD2Ju',$,'Ramp',$,$,#294,$,'r-wide',.STRAIGHT_RUN_RAMP.);
#296=IFCCARTESIANPOINTLIST3D(((51.5,7.8,0.),(58.5,7.8,0.4),(58.5,10.2,0.4),(51.5,10.2,0.),(51.5,10.2,-0.2),(58.5,10.2,0.2),(58.5,7.8,0.2),(51.5,7.8,-0.2)));
#297=IFCTRIANGULATEDFACESET(#296,$,$,((1,2,3),(1,3,4),(5,6,7),(5,7,8),(5,4,3),(5,3,6),(8,7,2),(8,2,1)),$);
#298=IFCSHAPEREPRESENTATION(#5,'Body','Tessellation',(#297));
#299=IFCPRODUCTDEFINITIONSHAPE($,$,(#298));
#300=IFCLOCALPLACEMENT(#36,#2);
#301=IFCRAMPFLIGHT('15dd$p6AM4JOvAU_ufpzK8',$,'Ramp',$,$,#300,#299,'r-wide:flight0',.STRAIGHT.);
#302=IFCCARTESIANPOINTLIST3D(((50.,7.8,0.),(51.5,7.8,0.),(51.5,10.2,0.),(50.,10.2,0.),(50.,10.2,-0.2),(51.5,10.2,-0.2),(51.5,7.8,-0.2),(50.,7.8,-0.2)));
#303=IFCTRIANGULATEDFACESET(#302,$,$,((1,2,3),(1,3,4),(5,6,7),(5,7,8),(5,4,3),(5,3,6),(8,7,2),(8,2,1),(5,8,1),(5,1,4)),$);
#304=IFCSHAPEREPRESENTATION(#5,'Body','Tessellation',(#303));
#305=IFCPRODUCTDEFINITIONSHAPE($,$,(#304));
#306=IFCLOCALPLACEMENT(#36,#2);
#307=IFCSLAB('1mN9WOSwwx6T4cZwVFIKiH',$,'Ramp',$,$,#306,#305,'r-wide:landing0',.LANDING.);
#308=IFCCARTESIANPOINTLIST3D(((58.5,7.8,0.4),(60.,7.8,0.4),(60.,10.2,0.4),(58.5,10.2,0.4),(58.5,10.2,0.2),(60.,10.2,0.2),(60.,7.8,0.2),(58.5,7.8,0.2)));
#309=IFCTRIANGULATEDFACESET(#308,$,$,((1,2,3),(1,3,4),(5,6,7),(5,7,8),(5,4,3),(5,3,6),(8,7,2),(8,2,1),(7,6,3),(7,3,2)),$);
#310=IFCSHAPEREPRESENTATION(#5,'Body','Tessellation',(#309));
#311=IFCPRODUCTDEFINITIONSHAPE($,$,(#310));
#312=IFCLOCALPLACEMENT(#36,#2);
#313=IFCSLAB('0Sw7u3uoFfWHm_$lV36cWi',$,'Ramp',$,$,#312,#311,'r-wide:landing1',.LANDING.);
#314=IFCCARTESIANPOINTLIST3D(((49.975,10.175,0.),(50.025,10.125,0.),(49.975,10.125,0.),(49.975,10.175,0.96),(49.975,10.125,0.96),(50.025,10.125,0.96),(50.025,10.175,0.),(50.025,10.175,0.96),(50.725,10.175,0.),(50.775,10.125,0.),(50.725,10.125,0.),(50.725,10.175,0.96),(50.725,10.125,0.96),(50.775,10.125,0.96),(50.775,10.175,0.),(50.775,10.175,0.96),(51.475,10.175,0.),(51.525,10.125,0.),(51.475,10.125,0.),(51.475,10.175,0.96),(51.475,10.125,0.96),(51.525,10.125,0.96),(51.525,10.175,0.),(51.525,10.175,0.96),(52.641666667,10.175,0.066666667),(52.691666667,10.125,0.066666667),(52.641666667,10.125,0.066666667),(52.641666667,10.175,1.026666667),(52.641666667,10.125,1.026666667),(52.691666667,10.125,1.026666667),(52.691666667,10.175,0.066666667),(52.691666667,10.175,1.026666667),(53.808333333,10.175,0.133333333),(53.858333333,10.125,0.133333333),(53.808333333,10.125,0.133333333),(53.808333333,10.175,1.093333333),(53.808333333,10.125,1.093333333),(53.858333333,10.125,1.093333333),(53.858333333,10.175,0.133333333),(53.858333333,10.175,1.093333333),(54.975,10.175,0.2),(55.025,10.125,0.2),(54.975,10.125,0.2),(54.975,10.175,1.16),(54.975,10.125,1.16),(55.025,10.125,1.16),(55.025,10.175,0.2),(55.025,10.175,1.16),(56.141666667,10.175,0.266666667),(56.191666667,10.125,0.266666667),(56.141666667,10.125,0.266666667),(56.141666667,10.175,1.226666667),(56.141666667,10.125,1.226666667),(56.191666667,10.125,1.226666667),(56.191666667,10.175,0.266666667),(56.191666667,10.175,1.226666667),(57.308333333,10.175,0.333333333),(57.358333333,10.125,0.333333333),(57.308333333,10.125,0.333333333),(57.308333333,10.175,1.293333333),(57.308333333,10.125,1.293333333),(57.358333333,10.125,1.293333333),(57.358333333,10.175,0.333333333),(57.358333333,10.175,1.293333333),(58.475,10.175,0.4),(58.525,10.125,0.4),(58.475,10.125,0.4),(58.475,10.175,1.36),(58.475,10.125,1.36),(58.525,10.125,1.36),(58.525,10.175,0.4),(58.525,10.175,1.36),(59.225,10.175,0.4),(59.275,10.125,0.4),(59.225,10.125,0.4),(59.225,10.175,1.36),(59.225,10.125,1.36),(59.275,10.125,1.36),(59.275,10.175,0.4),(59.275,10.175,1.36),(59.975,10.175,0.4),(60.025,10.125,0.4),(59.975,10.125,0.4),(59.975,10.175,1.36),(59.975,10.125,1.36),(60.025,10.125,1.36),(60.025,10.175,0.4),(60.025,10.175,1.36),(49.975,7.875,0.),(50.025,7.825,0.),(49.975,7.825,0.),(49.975,7.875,0.96),(49.975,7.825,0.96),(50.025,7.825,0.96),(50.025,7.875,0.),(50.025,7.875,0.96),(50.725,7.875,0.),(50.775,7.825,0.),(50.725,7.825,0.),(50.725,7.875,0.96),(50.725,7.825,0.96),(50.775,7.825,0.96),(50.775,7.875,0.),(50.775,7.875,0.96),(51.475,7.875,0.),(51.525,7.825,0.),(51.475,7.825,0.),(51.475,7.875,0.96),(51.475,7.825,0.96),(51.525,7.825,0.96),(51.525,7.875,0.),(51.525,7.875,0.96),(52.641666667,7.875,0.066666667),(52.691666667,7.825,0.066666667),(52.641666667,7.825,0.066666667),(52.641666667,7.875,1.026666667),(52.641666667,7.825,1.026666667),(52.691666667,7.825,1.026666667),(52.691666667,7.875,0.066666667),(52.691666667,7.875,1.026666667),(53.808333333,7.875,0.133333333),(53.858333333,7.825,0.133333333),(53.808333333,7.825,0.133333333),(53.808333333,7.875,1.093333333),(53.808333333,7.825,1.093333333),(53.858333333,7.825,1.093333333),(53.858333333,7.875,0.133333333),(53.858333333,7.875,1.093333333),(54.975,7.875,0.2),(55.025,7.825,0.2),(54.975,7.825,0.2),(54.975,7.875,1.16),(54.975,7.825,1.16),(55.025,7.825,1.16),(55.025,7.875,0.2),(55.025,7.875,1.16),(56.141666667,7.875,0.266666667),(56.191666667,7.825,0.266666667),(56.141666667,7.825,0.266666667),(56.141666667,7.875,1.226666667),(56.141666667,7.825,1.226666667),(56.191666667,7.825,1.226666667),(56.191666667,7.875,0.266666667),(56.191666667,7.875,1.226666667),(57.308333333,7.875,0.333333333),(57.358333333,7.825,0.333333333),(57.308333333,7.825,0.333333333),(57.308333333,7.875,1.293333333),(57.308333333,7.825,1.293333333),(57.358333333,7.825,1.293333333),(57.358333333,7.875,0.333333333),(57.358333333,7.875,1.293333333),(58.475,7.875,0.4),(58.525,7.825,0.4),(58.475,7.825,0.4),(58.475,7.875,1.36),(58.475,7.825,1.36),(58.525,7.825,1.36),(58.525,7.875,0.4),(58.525,7.875,1.36),(59.225,7.875,0.4),(59.275,7.825,0.4),(59.225,7.825,0.4),(59.225,7.875,1.36),(59.225,7.825,1.36),(59.275,7.825,1.36),(59.275,7.875,0.4),(59.275,7.875,1.36),(59.975,7.875,0.4),(60.025,7.825,0.4),(59.975,7.825,0.4),(59.975,7.875,1.36),(59.975,7.825,1.36),(60.025,7.825,1.36),(60.025,7.875,0.4),(60.025,7.875,1.36),(50.,10.12,1.),(51.5,10.12,1.),(51.5,10.18,1.),(50.,10.18,1.),(50.,10.18,0.96),(51.5,10.18,0.96),(51.5,10.12,0.96),(50.,10.12,0.96),(58.5,10.12,1.4),(58.5,10.18,1.4),(58.5,10.18,1.36),(58.5,10.12,1.36),(60.,10.12,1.4),(60.,10.18,1.4),(60.,10.18,1.36),(60.,10.12,1.36),(50.,7.82,1.),(51.5,7.82,1.),(51.5,7.88,1.),(50.,7.88,1.),(50.,7.88,0.96),(51.5,7.88,0.96),(51.5,7.82,0.96),(50.,7.82,0.96),(58.5,7.82,1.4),(58.5,7.88,1.4),(58.5,7.88,1.36),(58.5,7.82,1.36),(60.,7.82,1.4),(60.,7.88,1.4),(60.,7.88,1.36),(60.,7.82,1.36)));
#315=IFCTRIANGULATEDFACESET(#314,$,$,((1,2,3),(4,5,6),(1,7,2),(4,6,8),(3,2,6),(3,6,5),(2,7,8),(2,8,6),(7,1,4),(7,4,8),(1,3,5),(1,5,4),(9,10,11),(12,13,14),(9,15,10),(12,14,16),(11,10,14),(11,14,13),(10,15,16),(10,16,14),(15,9,12),(15,12,16),(9,11,13),(9,13,12),(17,18,19),(20,21,22),(17,23,18),(20,22,24),(19,18,22),(19,22,21),(18,23,24),(18,24,22),(23,17,20),(23,20,24),(17,19,21),(17,21,20),(25,26,27),(28,29,30),(25,31,26),(28,30,32),(27,26,30),(27,30,29),(26,31,32),(26,32,30),(31,25,28),(31,28,32),(25,27,29),(25,29,28),(33,34,35),(36,37,38),(33,39,34),(36,38,40),(35,34,38),(35,38,37),(34,39,40),(34,40,38),(39,33,36),(39,36,40),(33,35,37),(33,37,36),(41,42,43),(44,45,46),(41,47,42),(44,46,48),(43,42,46),(43,46,45),(42,47,48),(42,48,46),(47,41,44),(47,44,48),(41,43,45),(41,45,44),(49,50,51),(52,53,54),(49,55,50),(52,54,56),(51,50,54),(51,54,53),(50,55,56),(50,56,54),(55,49,52),(55,52,56),(49,51,53),(49,53,52),(57,58,59),(60,61,62),(57,63,58),(60,62,64),(59,58,62),(59,62,61),(58,63,64),(58,64,62),(63,57,60),(63,60,64),(57,59,61),(57,61,60),(65,66,67),(68,69,70),(65,71,66),(68,70,72),(67,66,70),(67,70,69),(66,71,72),(66,72,70),(71,65,68),(71,68,72),(65,67,69),(65,69,68),(73,74,75),(76,77,78),(73,79,74),(76,78,80),(75,74,78),(75,78,77),(74,79,80),(74,80,78),(79,73,76),(79,76,80),(73,75,77),(73,77,76),(81,82,83),(84,85,86),(81,87,82),(84,86,88),(83,82,86),(83,86,85),(82,87,88),(82,88,86),(87,81,84),(87,84,88),(81,83,85),(81,85,84),(89,90,91),(92,93,94),(89,95,90),(92,94,96),(91,90,94),(91,94,93),(90,95,96),(90,96,94),(95,89,92),(95,92,96),(89,91,93),(89,93,92),(97,98,99),(100,101,102),(97,103,98),(100,102,104),(99,98,102),(99,102,101),(98,103,104),(98,104,102),(103,97,100),(103,100,104),(97,99,101),(97,101,100),(105,106,107),(108,109,110),(105,111,106),(108,110,112),(107,106,110),(107,110,109),(106,111,112),(106,112,110),(111,105,108),(111,108,112),(105,107,109),(105,109,108),(113,114,115),(116,117,118),(113,119,114),(116,118,120),(115,114,118),(115,118,117),(114,119,120),(114,120,118),(119,113,116),(119,116,120),(113,115,117),(113,117,116),(121,122,123),(124,125,126),(121,127,122),(124,126,128),(123,122,126),(123,126,125),(122,127,128),(122,128,126),(127,121,124),(127,124,128),(121,123,125),(121,125,124),(129,130,131),(132,133,134),(129,135,130),(132,134,136),(131,130,134),(131,134,133),(130,135,136),(130,136,134),(135,129,132),(135,132,136),(129,131,133),(129,133,132),(137,138,139),(140,141,142),(137,143,138),(140,142,144),(139,138,142),(139,142,141),(138,143,144),(138,144,142),(143,137,140),(143,140,144),(137,139,141),(137,141,140),(145,146,147),(148,149,150),(145,151,146),(148,150,152),(147,146,150),(147,150,149),(146,151,152),(146,152,150),(151,145,148),(151,148,152),(145,147,149),(145,149,148),(153,154,155),(156,157,158),(153,159,154),(156,158,160),(155,154,158),(155,158,157),(154,159,160),(154,160,158),(159,153,156),(159,156,160),(153,155,157),(153,157,156),(161,162,163),(164,165,166),(161,167,162),(164,166,168),(163,162,166),(163,166,165),(162,167,168),(162,168,166),(167,161,164),(167,164,168),(161,163,165),(161,165,164),(169,170,171),(172,173,174),(169,175,170),(172,174,176),(171,170,174),(171,174,173),(170,175,176),(170,176,174),(175,169,172),(175,172,176),(169,171,173),(169,173,172),(177,178,179),(177,179,180),(181,182,183),(181,183,184),(181,180,179),(181,179,182),(184,183,178),(184,178,177),(178,185,186),(178,186,179),(182,187,188),(182,188,183),(182,179,186),(182,186,187),(183,188,185),(183,185,178),(185,189,190),(185,190,186),(187,191,192),(187,192,188),(187,186,190),(187,190,191),(188,192,189),(188,189,185),(181,184,177),(181,177,180),(192,191,190),(192,190,189),(193,194,195),(193,195,196),(197,198,199),(197,199,200),(197,196,195),(197,195,198),(200,199,194),(200,194,193),(194,201,202),(194,202,195),(198,203,204),(198,204,199),(198,195,202),(198,202,203),(199,204,201),(199,201,194),(201,205,206),(201,206,202),(203,207,208),(203,208,204),(203,202,206),(203,206,207),(204,208,205),(204,205,201),(197,200,193),(197,193,196),(208,207,206),(208,206,205)),$);
#316=IFCSHAPEREPRESENTATION(#5,'Body','Tessellation',(#315));
#317=IFCPRODUCTDEFINITIONSHAPE($,$,(#316));
#318=IFCLOCALPLACEMENT(#36,#2);
#319=IFCRAILING('0sanv2LzGL63lpLgU2ASY2',$,'Ramp',$,$,#318,#317,'r-wide:railing',.GUARDRAIL.);
#320=IFCLOCALPLACEMENT(#38,#2);
#321=IFCRAMP('2bvNjl8IH6$pxBABCwMEvO',$,'Ramp',$,$,#320,$,'r-zigzag',.USERDEFINED.);
#322=IFCCARTESIANPOINTLIST3D(((13.5,-0.6,0.),(16.25,-0.6,0.213888889),(16.25,0.6,0.213888889),(13.5,0.6,0.),(13.5,0.6,-0.2),(16.25,0.6,0.013888889),(16.25,-0.6,0.013888889),(13.5,-0.6,-0.2)));
#323=IFCTRIANGULATEDFACESET(#322,$,$,((1,2,3),(1,3,4),(5,6,7),(5,7,8),(5,4,3),(5,3,6),(8,7,2),(8,2,1)),$);
#324=IFCSHAPEREPRESENTATION(#5,'Body','Tessellation',(#323));
#325=IFCPRODUCTDEFINITIONSHAPE($,$,(#324));
#326=IFCLOCALPLACEMENT(#38,#2);
#327=IFCRAMPFLIGHT('2hl6vLTQr5IfGWFOKWBcqW',$,'Ramp',$,$,#326,#325,'r-zigzag:flight0',.STRAIGHT.);
#328=IFCCARTESIANPOINTLIST3D(((17.6,0.75,0.213888889),(17.6,4.25,0.486111111),(16.4,4.25,0.486111111),(16.4,0.75,0.213888889),(16.4,0.75,0.013888889),(16.4,4.25,0.286111111),(17.6,4.25,0.286111111),(17.6,0.75,0.013888889)));
#329=IFCTRIANGULATEDFACESET(#328,$,$,((1,2,3),(1,3,4),(5,6,7),(5,7,8),(5,4,3),(5,3,6),(8,7,2),(8,2,1)),$);
#330=IFCSHAPEREPRESENTATION(#5,'Body','Tessellation',(#329));
#331=IFCPRODUCTDEFINITIONSHAPE($,$,(#330));
#332=IFCLOCALPLACEMENT(#38,#2);
#333=IFCRAMPFLIGHT('3svv0iIqMdTlr9BTInWm6L',$,'Ramp',$,$,#332,#331,'r-zigzag:flight1',.STRAIGHT.);
#334=IFCCARTESIANPOINTLIST3D(((17.75,4.4,0.486111111),(20.5,4.4,0.7),(20.5,5.6,0.7),(17.75,5.6,0.486111111),(17.75,5.6,0.286111111),(20.5,5.6,0.5),(20.5,4.4,0.5),(17.75,4.4,0.286111111)));
#335=IFCTRIANGULATEDFACESET(#334,$,$,((1,2,3),(1,3,4),(5,6,7),(5,7,8),(5,4,3),(5,3,6),(8,7,2),(8,2,1)),$);
#336=IFCSHAPEREPRESENTATION(#5,'Body','Tessellation',(#335));
#337=IFCPRODUCTDEFINITIONSHAPE($,$,(#336));
#338=IFCLOCALPLACEMENT(#38,#2);
#339=IFCRAMPFLIGHT('2mV4_FaE8O6VnZnPC3yahk',$,'Ramp',$,$,#338,#337,'r-zigzag:flight2',.STRAIGHT.);
#340=IFCCARTESIANPOINTLIST3D(((12.,-0.6,0.),(13.5,-0.6,0.),(13.5,0.6,0.),(12.,0.6,0.),(12.,0.6,-0.2),(13.5,0.6,-0.2),(13.5,-0.6,-0.2),(12.,-0.6,-0.2)));
#341=IFCTRIANGULATEDFACESET(#340,$,$,((1,2,3),(1,3,4),(5,6,7),(5,7,8),(5,4,3),(5,3,6),(8,7,2),(8,2,1),(5,8,1),(5,1,4)),$);
#342=IFCSHAPEREPRESENTATION(#5,'Body','Tessellation',(#341));
#343=IFCPRODUCTDEFINITIONSHAPE($,$,(#342));
#344=IFCLOCALPLACEMENT(#38,#2);
#345=IFCSLAB('3yHQRnd2P7c3n_8aNzePtZ',$,'Ramp',$,$,#344,#343,'r-zigzag:landing0',.LANDING.);
#346=IFCCARTESIANPOINTLIST3D(((16.25,-0.6,0.213888889),(17.6,-0.6,0.213888889),(16.4,0.6,0.213888889),(16.25,0.6,0.213888889),(16.25,0.6,0.013888889),(16.4,0.6,0.013888889),(17.6,-0.6,0.013888889),(16.25,-0.6,0.013888889),(17.6,0.75,0.213888889),(16.4,0.75,0.213888889),(16.4,0.75,0.013888889),(17.6,0.75,0.013888889)));
#347=IFCTRIANGULATEDFACESET(#346,$,$,((1,2,3),(1,3,4),(5,6,7),(5,7,8),(5,4,3),(5,3,6),(8,7,2),(8,2,1),(2,9,10),(2,10,3),(6,11,12),(6,12,7),(6,3,10),(6,10,11),(7,12,9),(7,9,2)),$);
#348=IFCSHAPEREPRESENTATION(#5,'Body','Tessellation',(#347));
#349=IFCPRODUCTDEFINITIONSHAPE($,$,(#348));
#350=IFCLOCALPLACEMENT(#38,#2);
#351=IFCSLAB('1jWMBxYwxG4eoul7urEl60',$,'Ramp',$,$,#350,#349,'r-zigzag:landing1',.LANDING.);
#352=IFCCARTESIANPOINTLIST3D(((17.6,4.25,0.486111111),(17.6,4.4,0.486111111),(16.4,5.6,0.486111111),(16.4,4.25,0.486111111),(16.4,4.25,0.286111111),(16.4,5.6,0.286111111),(17.6,4.4,0.286111111),(17.6,4.25,0.286111111),(17.75,4.4,0.486111111),(17.75,5.6,0.486111111),(17.75,5.6,0.286111111),(17.75,4.4,0.286111111)));
#353=IFCTRIANGULATEDFACESET(#352,$,$,((1,2,3),(1,3,4),(5,6,7),(5,7,8),(5,4,3),(5,3,6),(8,7,2),(8,2,1),(2,9,10),(2,10,3),(6,11,12),(6,12,7),(6,3,10),(6,10,11),(7,12,9),(7,9,2)),$);
#354=IFCSHAPEREPRESENTATION(#5,'Body','Tessellation',(#353));
#355=IFCPRODUCTDEFINITIONSHAPE($,$,(#354));
#356=IFCLOCALPLACEMENT(#38,#2);
#357=IFCSLAB('357_jLj3g4axMJm4JxI9RK',$,'Ramp',$,$,#356,#355,'r-zigzag:landing2',.LANDING.);
#358=IFCCARTESIANPOINTLIST3D(((20.5,4.4,0.7),(22.,4.4,0.7),(22.,5.6,0.7),(20.5,5.6,0.7),(20.5,5.6,0.5),(22.,5.6,0.5),(22.,4.4,0.5),(20.5,4.4,0.5)));
#359=IFCTRIANGULATEDFACESET(#358,$,$,((1,2,3),(1,3,4),(5,6,7),(5,7,8),(5,4,3),(5,3,6),(8,7,2),(8,2,1),(7,6,3),(7,3,2)),$);
#360=IFCSHAPEREPRESENTATION(#5,'Body','Tessellation',(#359));
#361=IFCPRODUCTDEFINITIONSHAPE($,$,(#360));
#362=IFCLOCALPLACEMENT(#38,#2);
#363=IFCSLAB('3wuZBI1NyQNPovm7Vm2GcK',$,'Ramp',$,$,#362,#361,'r-zigzag:landing3',.LANDING.);
#364=IFCRELAGGREGATES('1SUFqXqHI3ECh_a_ciX9mi',$,$,$,#25,(#27));
#365=IFCRELAGGREGATES('0JGJvUAMLsyfFtJNpd5DyB',$,$,$,#27,(#29));
#366=IFCRELAGGREGATES('2B6qxMggNn_x2bbIHcCkBe',$,$,$,#29,(#33,#37,#39));
#367=IFCRELAGGREGATES('3EWqNhZfgVdcK35zUQ98RU',$,$,$,#41,(#47,#53,#59));
#368=IFCRELAGGREGATES('1ccEa6f2NVPN7ULzF97lJh',$,$,$,#61,(#67,#73,#79,#85,#91));
#369=IFCRELAGGREGATES('2D5tzJvhtylaNeqYN26Bvh',$,$,$,#93,(#99,#105,#111));
#370=IFCRELAGGREGATES('1Dfen1JXPO6FgfQBy8r7nN',$,$,$,#113,(#119,#125,#131));
#371=IFCRELAGGREGATES('0i3gw8KflNup_acDu4P4qi',$,$,$,#133,(#139,#145,#151));
#372=IFCRELAGGREGATES('0dK1JeGhN$s1D5ARa9sPqw',$,$,$,#153,(#159));
#373=IFCRELAGGREGATES('1z4gvT5poLbY35hcgB005F',$,$,$,#161,(#167));
#374=IFCRELAGGREGATES('1KK7UCIG3u2juoAbji5AKu',$,$,$,#169,(#175,#181,#187));
#375=IFCRELAGGREGATES('2wGgJEfR$9GoSiXejujjIB',$,$,$,#189,(#195,#201,#207));
#376=IFCRELAGGREGATES('06akBhdMB7RncQMbFZREPC',$,$,$,#209,(#215,#221,#227));
#377=IFCRELAGGREGATES('0fcC7SxNTPnaM$rKhHsnXy',$,$,$,#229,(#235,#241,#247,#253));
#378=IFCRELAGGREGATES('3OK478ow4JWXrnoUUPRHdR',$,$,$,#255,(#261,#267,#273));
#379=IFCRELAGGREGATES('2LBgBoB2WAkmAiQnGS0MQ8',$,$,$,#275,(#281,#287,#293));
#380=IFCRELAGGREGATES('2TBR9Mah9ZzdzbLvV3yO5C',$,$,$,#295,(#301,#307,#313,#319));
#381=IFCRELAGGREGATES('3yTdK5afBjXpVVOY3Qm5PF',$,$,$,#321,(#327,#333,#339,#345,#351,#357,#363));
#382=IFCRELCONTAINEDINSPATIALSTRUCTURE('3Hx_6vTWlnNVR4aSFhkbXt',$,$,$,(#209,#295),#37);
#383=IFCRELCONTAINEDINSPATIALSTRUCTURE('1zQKZ4GOIl8sAvZCRtNkJ9',$,$,$,(#41,#61,#93,#113,#133,#153,#161,#169,#189,#229,#255,#275,#321),#39);
#384=IFCRELASSOCIATESMATERIAL('1uU4UhWci1hQG1j6B_W1qz',$,$,$,(#41,#61,#93,#113,#133,#153,#161,#169,#189,#209,#229,#255,#275,#295,#321),#8);
#385=IFCQUANTITYLENGTH('GrossHeight',$,$,2.6,$);
#386=IFCQUANTITYLENGTH('NetHeight',$,$,2.6,$);
#387=IFCELEMENTQUANTITY('1ROLEvgoSO7DsBuFBKbB6a',$,'Qto_BuildingStoreyBaseQuantities',$,$,(#385,#386));
#388=IFCRELDEFINESBYPROPERTIES('1H3PRH1OiJ4WdkBaGgNBCK',$,$,$,(#33),#387);
#389=IFCQUANTITYLENGTH('GrossHeight',$,$,2.8,$);
#390=IFCQUANTITYLENGTH('NetHeight',$,$,2.8,$);
#391=IFCELEMENTQUANTITY('3PUoT4Z8a9VKH2FftDxXFK',$,'Qto_BuildingStoreyBaseQuantities',$,$,(#389,#390));
#392=IFCRELDEFINESBYPROPERTIES('2WUcdTO0YFrvQYTUFGu3pR',$,$,$,(#37),#391);
#393=IFCQUANTITYLENGTH('GrossHeight',$,$,3.,$);
#394=IFCQUANTITYLENGTH('NetHeight',$,$,3.,$);
#395=IFCELEMENTQUANTITY('1TIsJXOkbZTnRmcCp_PvK4',$,'Qto_BuildingStoreyBaseQuantities',$,$,(#393,#394));
#396=IFCRELDEFINESBYPROPERTIES('3c9sPnhWHG1rVHbG8Atrgv',$,$,$,(#39),#395);
#397=IFCQUANTITYLENGTH('Length',$,$,7.,$);
#398=IFCQUANTITYLENGTH('Width',$,$,1.2,$);
#399=IFCELEMENTQUANTITY('1YVlElf2t2xF65oaqpXgqo',$,'Qto_RampFlightBaseQuantities',$,$,(#397,#398));
#400=IFCRELDEFINESBYPROPERTIES('1mlSnlzf67Kk0UlJ6I0OUe',$,$,$,(#47),#399);
#401=IFCQUANTITYLENGTH('Width',$,$,1.2,$);
#402=IFCQUANTITYLENGTH('Length',$,$,1.5,$);
#403=IFCELEMENTQUANTITY('1gMtFTcjzqNDh$MPYhmwwN',$,'Qto_SlabBaseQuantities',$,$,(#401,#402));
#404=IFCRELDEFINESBYPROPERTIES('1eGnUgPveaMulyxmtVy7fa',$,$,$,(#53),#403);
#405=IFCQUANTITYLENGTH('Width',$,$,1.2,$);
#406=IFCQUANTITYLENGTH('Length',$,$,1.5,$);
#407=IFCELEMENTQUANTITY('0qUT0T9eQoHGDgG84cp3WI',$,'Qto_SlabBaseQuantities',$,$,(#405,#406));
#408=IFCRELDEFINESBYPROPERTIES('3EA9KTaWf2UTvP8g9JhGs1',$,$,$,(#59),#407);
#409=IFCQUANTITYLENGTH('Length',$,$,10.,$);
#410=IFCQUANTITYLENGTH('Width',$,$,1.2,$);
#411=IFCQUANTITYLENGTH('Height',$,$,0.583333333,$);
#412=IFCQUANTITYAREA('GrossArea',$,$,12.,$);
#413=IFCQUANTITYVOLUME('GrossVolume',$,$,2.4,$);
#414=IFCELEMENTQUANTITY('2typA_H2aZ3$1pYg8f1It1',$,'Qto_RampBaseQuantities',$,$,(#409,#410,#411,#412,#413));
#415=IFCRELDEFINESBYPROPERTIES('15s3ogFrEY$pFZC2B515n9',$,$,$,(#41),#414);
#416=IFCQUANTITYLENGTH('Length',$,$,3.75,$);
#417=IFCQUANTITYLENGTH('Width',$,$,1.2,$);
#418=IFCELEMENTQUANTITY('3yIiLrd3AQ9F$iAlL9qdtS',$,'Qto_RampFlightBaseQuantities',$,$,(#416,#417));
#419=IFCRELDEFINESBYPROPERTIES('38_SUaZEmJMObrqOLmLaZG',$,$,$,(#67),#418);
#420=IFCQUANTITYLENGTH('Length',$,$,2.75,$);
#421=IFCQUANTITYLENGTH('Width',$,$,1.2,$);
#422=IFCELEMENTQUANTITY('3VSgdEp93Q05H9of_eapO6',$,'Qto_RampFlightBaseQuantities',$,$,(#420,#421));
#423=IFCRELDEFINESBYPROPERTIES('1yzFhDMeEqK$jlimGjn9zK',$,$,$,(#73),#422);
#424=IFCQUANTITYLENGTH('Width',$,$,1.2,$);
#425=IFCQUANTITYLENGTH('Length',$,$,1.5,$);
#426=IFCELEMENTQUANTITY('2T9N_jIKlHZE_Ep5mDBcTv',$,'Qto_SlabBaseQuantities',$,$,(#424,#425));
#427=IFCRELDEFINESBYPROPERTIES('1FU2$8kLOE1hdlE8JDM9Tv',$,$,$,(#79),#426);
#428=IFCQUANTITYLENGTH('Width',$,$,1.2,$);
#429=IFCQUANTITYLENGTH('Length',$,$,1.5,$);
#430=IFCELEMENTQUANTITY('0tGi4Jc_wygqjt7KoJzAKN',$,'Qto_SlabBaseQuantities',$,$,(#428,#429));
#431=IFCRELDEFINESBYPROPERTIES('1ZOHTDmFHz0QHV0zFfOSzY',$,$,$,(#85),#430);
#432=IFCQUANTITYLENGTH('Width',$,$,1.2,$);
#433=IFCQUANTITYLENGTH('Length',$,$,1.5,$);
#434=IFCELEMENTQUANTITY('3yX7SsDRnpUwml8OlcOUTr',$,'Qto_SlabBaseQuantities',$,$,(#432,#433));
#435=IFCRELDEFINESBYPROPERTIES('2aABk_twBUstm7Y6iyS5vW',$,$,$,(#91),#434);
#436=IFCQUANTITYLENGTH('Length',$,$,11.,$);
#437=IFCQUANTITYLENGTH('Width',$,$,1.2,$);
#438=IFCQUANTITYLENGTH('Height',$,$,0.6,$);
#439=IFCQUANTITYAREA('GrossArea',$,$,13.2,$);
#440=IFCQUANTITYVOLUME('GrossVolume',$,$,2.64,$);
#441=IFCELEMENTQUANTITY('07bv7U5goYbcTdSAv_Ec9Z',$,'Qto_RampBaseQuantities',$,$,(#436,#437,#438,#439,#440));
#442=IFCRELDEFINESBYPROPERTIES('1v0uML_iuLipDyz_0T0n8z',$,$,$,(#61),#441);
#443=IFCQUANTITYLENGTH('Length',$,$,4.853981634,$);
#444=IFCQUANTITYLENGTH('Width',$,$,1.2,$);
#445=IFCELEMENTQUANTITY('3X7LaFeyUjS0avdy8DOoqD',$,'Qto_RampFlightBaseQuantities',$,$,(#443,#444));
#446=IFCRELDEFINESBYPROPERTIES('3dVmTFTOcAeg$jnmmph6Z7',$,$,$,(#99),#445);
#447=IFCQUANTITYLENGTH('Width',$,$,1.2,$);
#448=IFCQUANTITYLENGTH('Length',$,$,1.5,$);
#449=IFCELEMENTQUANTITY('3lC9wzt0U4WRo81bL9jXnq',$,'Qto_SlabBaseQuantities',$,$,(#447,#448));
#450=IFCRELDEFINESBYPROPERTIES('3i6NeeO2Mq3P0dfIt9iinm',$,$,$,(#105),#449);
#451=IFCQUANTITYLENGTH('Width',$,$,1.2,$);
#452=IFCQUANTITYLENGTH('Length',$,$,1.5,$);
#453=IFCELEMENTQUANTITY('1Vcetj6zqvClfxQOaVnEqC',$,'Qto_SlabBaseQuantities',$,$,(#451,#452));
#454=IFCRELDEFINESBYPROPERTIES('2oEOZyXbFQf5FGEpP7GtsL',$,$,$,(#111),#453);
#455=IFCQUANTITYLENGTH('Length',$,$,7.853981634,$);
#456=IFCQUANTITYLENGTH('Width',$,$,1.2,$);
#457=IFCQUANTITYLENGTH('Height',$,$,0.3,$);
#458=IFCQUANTITYAREA('GrossArea',$,$,9.424777961,$);
#459=IFCQUANTITYVOLUME('GrossVolume',$,$,1.885764732,$);
#460=IFCELEMENTQUANTITY('2HhWt8LkdoCFplwpVgkJEv',$,'Qto_RampBaseQuantities',$,$,(#455,#456,#457,#458,#459));
#461=IFCRELDEFINESBYPROPERTIES('2salVWiGPqcQE4cbQbm91n',$,$,$,(#93),#460);
#462=IFCQUANTITYLENGTH('Length',$,$,7.,$);
#463=IFCQUANTITYLENGTH('Width',$,$,1.2,$);
#464=IFCELEMENTQUANTITY('0Fzv_xAvJWAgQF11Wubh9E',$,'Qto_RampFlightBaseQuantities',$,$,(#462,#463));
#465=IFCRELDEFINESBYPROPERTIES('32n9S$ixCg_3bDvO_iWa$t',$,$,$,(#119),#464);
#466=IFCQUANTITYLENGTH('Width',$,$,1.2,$);
#467=IFCQUANTITYLENGTH('Length',$,$,1.5,$);
#468=IFCELEMENTQUANTITY('2ErLOcI_YgzFj_qQ1IUWFc',$,'Qto_SlabBaseQuantities',$,$,(#466,#467));
#469=IFCRELDEFINESBYPROPERTIES('3DrSKWVVveaFLe8m6FI9M1',$,$,$,(#125),#468);
#470=IFCQUANTITYLENGTH('Width',$,$,1.2,$);
#471=IFCQUANTITYLENGTH('Length',$,$,1.5,$);
#472=IFCELEMENTQUANTITY('1f8iCR48AADjdaCkA2C5Ua',$,'Qto_SlabBaseQuantities',$,$,(#470,#471));
#473=IFCRELDEFINESBYPROPERTIES('3n0UZ4zItsRAyk0u62oGzi',$,$,$,(#131),#472);
#474=IFCQUANTITYLENGTH('Length',$,$,10.,$);
#475=IFCQUANTITYLENGTH('Width',$,$,1.2,$);
#476=IFCQUANTITYLENGTH('Height',$,$,-0.5,$);
#477=IFCQUANTITYAREA('GrossArea',$,$,12.,$);
#478=IFCQUANTITYVOLUME('GrossVolume',$,$,2.4,$);
#479=IFCELEMENTQUANTITY('2K5prvLCGr6TvuCOVOg3r_',$,'Qto_RampBaseQuantities',$,$,(#474,#475,#476,#477,#478));
#480=IFCRELDEFINESBYPROPERTIES('0ApA8igjg4HwbEj$kppLSV',$,$,$,(#113),#479);
#481=IFCQUANTITYLENGTH('Length',$,$,7.,$);
#482=IFCQUANTITYLENGTH('Width',$,$,1.2,$);
#483=IFCELEMENTQUANTITY('1gLTHSdB9K$0Gj7z6TPFmt',$,'Qto_RampFlightBaseQuantities',$,$,(#481,#482));
#484=IFCRELDEFINESBYPROPERTIES('2MFcFabX$vX869COysDJ1K',$,$,$,(#139),#483);
#485=IFCQUANTITYLENGTH('Width',$,$,1.2,$);
#486=IFCQUANTITYLENGTH('Length',$,$,1.5,$);
#487=IFCELEMENTQUANTITY('1b7CGVmkTpoW12tf2tLDt_',$,'Qto_SlabBaseQuantities',$,$,(#485,#486));
#488=IFCRELDEFINESBYPROPERTIES('1zQjO9Zu6R0emQbdsnkEd4',$,$,$,(#145),#487);
#489=IFCQUANTITYLENGTH('Width',$,$,1.2,$);
#490=IFCQUANTITYLENGTH('Length',$,$,1.5,$);
#491=IFCELEMENTQUANTITY('1gfOrRTKX0DPoN9tOxHmMh',$,'Qto_SlabBaseQuantities',$,$,(#489,#490));
#492=IFCRELDEFINESBYPROPERTIES('2244K0J2zv5O2ZWpgipd4j',$,$,$,(#151),#491);
#493=IFCQUANTITYLENGTH('Length',$,$,10.,$);
#494=IFCQUANTITYLENGTH('Width',$,$,1.2,$);
#495=IFCQUANTITYLENGTH('Height',$,$,0.,$);
#496=IFCQUANTITYAREA('GrossArea',$,$,12.,$);
#497=IFCQUANTITYVOLUME('GrossVolume',$,$,2.4,$);
#498=IFCELEMENTQUANTITY('3bSn3nhVAAcuyK7X$ySQwK',$,'Qto_RampBaseQuantities',$,$,(#493,#494,#495,#496,#497));
#499=IFCRELDEFINESBYPROPERTIES('03apVAyxkvg3hkKKVc6F6X',$,$,$,(#133),#498);
#500=IFCQUANTITYLENGTH('Width',$,$,1.2,$);
#501=IFCQUANTITYLENGTH('Length',$,$,11.,$);
#502=IFCELEMENTQUANTITY('3jK_CGqiV1$zmyDPKel27P',$,'Qto_SlabBaseQuantities',$,$,(#500,#501));
#503=IFCRELDEFINESBYPROPERTIES('0YZT0GTGXTgeT66Ljywvya',$,$,$,(#159),#502);
#504=IFCQUANTITYLENGTH('Length',$,$,11.,$);
#505=IFCQUANTITYLENGTH('Width',$,$,1.2,$);
#506=IFCQUANTITYLENGTH('Height',$,$,0.,$);
#507=IFCQUANTITYAREA('GrossArea',$,$,13.2,$);
#508=IFCQUANTITYVOLUME('GrossVolume',$,$,2.64,$);
#509=IFCELEMENTQUANTITY('1WWuLm_hc7OIxJCK3_o1xS',$,'Qto_RampBaseQuantities',$,$,(#504,#505,#506,#507,#508));
#510=IFCRELDEFINESBYPROPERTIES('1BOALZx0AC7b_WxWDohVDq',$,$,$,(#153),#509);
#511=IFCQUANTITYLENGTH('Width',$,$,1.2,$);
#512=IFCQUANTITYLENGTH('Length',$,$,10.,$);
#513=IFCELEMENTQUANTITY('19QLRuYr2CWfOaOAEaZkfU',$,'Qto_SlabBaseQuantities',$,$,(#511,#512));
#514=IFCRELDEFINESBYPROPERTIES('01$X1wX7kIIYKXDQgYli76',$,$,$,(#167),#513);
#515=IFCQUANTITYLENGTH('Length',$,$,10.,$);
#516=IFCQUANTITYLENGTH('Width',$,$,1.2,$);
#517=IFCQUANTITYLENGTH('Height',$,$,0.3,$);
#518=IFCQUANTITYAREA('GrossArea',$,$,12.,$);
#519=IFCQUANTITYVOLUME('GrossVolume',$,$,2.4,$);
#520=IFCELEMENTQUANTITY('1wz1s6LEoBx1DDdWGTJWIV',$,'Qto_RampBaseQuantities',$,$,(#515,#516,#517,#518,#519));
#521=IFCRELDEFINESBYPROPERTIES('01XkMJeiyicm9gobYDeE71',$,$,$,(#161),#520);
#522=IFCQUANTITYLENGTH('Length',$,$,5.,$);
#523=IFCQUANTITYLENGTH('Width',$,$,1.2,$);
#524=IFCELEMENTQUANTITY('1vlFNpvT8SPJ8KTFNHVKLC',$,'Qto_RampFlightBaseQuantities',$,$,(#522,#523));
#525=IFCRELDEFINESBYPROPERTIES('0Y7brNl1p4yB84fKOcG_fe',$,$,$,(#175),#524);
#526=IFCQUANTITYLENGTH('Width',$,$,1.2,$);
#527=IFCQUANTITYLENGTH('Length',$,$,1.5,$);
#528=IFCELEMENTQUANTITY('1GoBR17naJrJ18s3ug6ypU',$,'Qto_SlabBaseQuantities',$,$,(#526,#527));
#529=IFCRELDEFINESBYPROPERTIES('2tIaWb9z5UUF_5P2qFTgfl',$,$,$,(#181),#528);
#530=IFCQUANTITYLENGTH('Width',$,$,1.2,$);
#531=IFCQUANTITYLENGTH('Length',$,$,1.5,$);
#532=IFCELEMENTQUANTITY('17kDa5lwiw35AvOybEKzWR',$,'Qto_SlabBaseQuantities',$,$,(#530,#531));
#533=IFCRELDEFINESBYPROPERTIES('0Fj8txDd$wA77vqFatdUPu',$,$,$,(#187),#532);
#534=IFCQUANTITYLENGTH('Length',$,$,8.,$);
#535=IFCQUANTITYLENGTH('Width',$,$,1.2,$);
#536=IFCQUANTITYLENGTH('Height',$,$,0.4,$);
#537=IFCQUANTITYAREA('GrossArea',$,$,9.6,$);
#538=IFCQUANTITYVOLUME('GrossVolume',$,$,1.92,$);
#539=IFCELEMENTQUANTITY('2RncKa4bpPNoSrAyIj05fJ',$,'Qto_RampBaseQuantities',$,$,(#534,#535,#536,#537,#538));
#540=IFCRELDEFINESBYPROPERTIES('1VoXkuLqGmLWhgGtrfapx8',$,$,$,(#169),#539);
#541=IFCQUANTITYLENGTH('Length',$,$,7.,$);
#542=IFCQUANTITYLENGTH('Width',$,$,1.2,$);
#543=IFCELEMENTQUANTITY('0qijrG$pXV7txgxBR_zrKL',$,'Qto_RampFlightBaseQuantities',$,$,(#541,#542));
#544=IFCRELDEFINESBYPROPERTIES('1VRKC_TkYNIIb1eiHhVcD8',$,$,$,(#195),#543);
#545=IFCQUANTITYLENGTH('Width',$,$,1.2,$);
#546=IFCQUANTITYLENGTH('Length',$,$,1.5,$);
#547=IFCELEMENTQUANTITY('3JFP3pECvySO5miyWXeVew',$,'Qto_SlabBaseQuantities',$,$,(#545,#546));
#548=IFCRELDEFINESBYPROPERTIES('3nMSIgTUbWeRDSJCf2tCHP',$,$,$,(#201),#547);
#549=IFCQUANTITYLENGTH('Width',$,$,1.2,$);
#550=IFCQUANTITYLENGTH('Length',$,$,1.5,$);
#551=IFCELEMENTQUANTITY('1mti1mLkYKLrk4$_oheFZ1',$,'Qto_SlabBaseQuantities',$,$,(#549,#550));
#552=IFCRELDEFINESBYPROPERTIES('313s3MCrUHfspBQqa0mcX_',$,$,$,(#207),#551);
#553=IFCQUANTITYLENGTH('Length',$,$,10.,$);
#554=IFCQUANTITYLENGTH('Width',$,$,1.2,$);
#555=IFCQUANTITYLENGTH('Height',$,$,0.7,$);
#556=IFCQUANTITYAREA('GrossArea',$,$,12.,$);
#557=IFCQUANTITYVOLUME('GrossVolume',$,$,2.4,$);
#558=IFCELEMENTQUANTITY('2gdku8923coXsldqhO92we',$,'Qto_RampBaseQuantities',$,$,(#553,#554,#555,#556,#557));
#559=IFCRELDEFINESBYPROPERTIES('0wcunaLq6hfZQfgJltVpyw',$,$,$,(#189),#558);
#560=IFCQUANTITYLENGTH('Length',$,$,37.,$);
#561=IFCQUANTITYLENGTH('Width',$,$,1.2,$);
#562=IFCELEMENTQUANTITY('2lxSQUzmTq7ftnXXdMXLof',$,'Qto_RampFlightBaseQuantities',$,$,(#560,#561));
#563=IFCRELDEFINESBYPROPERTIES('1W3P2D7D8wosxCixA3YXki',$,$,$,(#215),#562);
#564=IFCQUANTITYLENGTH('Width',$,$,1.2,$);
#565=IFCQUANTITYLENGTH('Length',$,$,1.5,$);
#566=IFCELEMENTQUANTITY('13U7o6bR6JcE6NbTWOiE1P',$,'Qto_SlabBaseQuantities',$,$,(#564,#565));
#567=IFCRELDEFINESBYPROPERTIES('1A8FfJghbMEUpbFMdnnOpZ',$,$,$,(#221),#566);
#568=IFCQUANTITYLENGTH('Width',$,$,1.2,$);
#569=IFCQUANTITYLENGTH('Length',$,$,1.5,$);
#570=IFCELEMENTQUANTITY('22qURzcmR0saIrApIzEtzy',$,'Qto_SlabBaseQuantities',$,$,(#568,#569));
#571=IFCRELDEFINESBYPROPERTIES('12zM$sBZZXljC$E0dS5rx0',$,$,$,(#227),#570);
#572=IFCQUANTITYLENGTH('Length',$,$,40.,$);
#573=IFCQUANTITYLENGTH('Width',$,$,1.2,$);
#574=IFCQUANTITYLENGTH('Height',$,$,2.8,$);
#575=IFCQUANTITYAREA('GrossArea',$,$,48.,$);
#576=IFCQUANTITYVOLUME('GrossVolume',$,$,9.6,$);
#577=IFCELEMENTQUANTITY('0drIz9llSb0f4DG4z4JTJo',$,'Qto_RampBaseQuantities',$,$,(#572,#573,#574,#575,#576));
#578=IFCRELDEFINESBYPROPERTIES('3fJZSTmSVj$cKursH5jcCh',$,$,$,(#209),#577);
#579=IFCQUANTITYLENGTH('Length',$,$,7.,$);
#580=IFCQUANTITYLENGTH('Width',$,$,1.2,$);
#581=IFCELEMENTQUANTITY('0d5ZNwXrZKHks9Owg5I7lr',$,'Qto_RampFlightBaseQuantities',$,$,(#579,#580));
#582=IFCRELDEFINESBYPROPERTIES('1uQX2Y9GonV2ow0671wB5T',$,$,$,(#235),#581);
#583=IFCQUANTITYLENGTH('Width',$,$,1.2,$);
#584=IFCQUANTITYLENGTH('Length',$,$,1.5,$);
#585=IFCELEMENTQUANTITY('0GZSMtUqa29uReCA7I4fsg',$,'Qto_SlabBaseQuantities',$,$,(#583,#584));
#586=IFCRELDEFINESBYPROPERTIES('3y2ikQlw9LaS_GpZPelQIv',$,$,$,(#241),#585);
#587=IFCQUANTITYLENGTH('Width',$,$,1.2,$);
#588=IFCQUANTITYLENGTH('Length',$,$,1.5,$);
#589=IFCELEMENTQUANTITY('0S23ePuKRG748fGj5UXSzG',$,'Qto_SlabBaseQuantities',$,$,(#587,#588));
#590=IFCRELDEFINESBYPROPERTIES('0Ppb4O0oUE5hsi7IiC4SH4',$,$,$,(#247),#589);
#591=IFCQUANTITYLENGTH('Length',$,$,10.,$);
#592=IFCQUANTITYLENGTH('Width',$,$,1.2,$);
#593=IFCQUANTITYLENGTH('Height',$,$,0.5,$);
#594=IFCQUANTITYAREA('GrossArea',$,$,12.,$);
#595=IFCQUANTITYVOLUME('GrossVolume',$,$,2.4,$);
#596=IFCELEMENTQUANTITY('2vrGIApEbtgfAHGZXCO0VI',$,'Qto_RampBaseQuantities',$,$,(#591,#592,#593,#594,#595));
#597=IFCRELDEFINESBYPROPERTIES('36BYpnVaR2kM_Grm_oJzYk',$,$,$,(#229),#596);
#598=IFCQUANTITYLENGTH('Length',$,$,37.,$);
#599=IFCQUANTITYLENGTH('Width',$,$,1.2,$);
#600=IFCELEMENTQUANTITY('1i4$CyiP8jd_Bpz8NhSa$8',$,'Qto_RampFlightBaseQuantities',$,$,(#598,#599));
#601=IFCRELDEFINESBYPROPERTIES('1aNPpwhXnCkMsdMOE0oHZE',$,$,$,(#261),#600);
#602=IFCQUANTITYLENGTH('Width',$,$,1.2,$);
#603=IFCQUANTITYLENGTH('Length',$,$,1.5,$);
#604=IFCELEMENTQUANTITY('2plKtnmvjsPjQyj2MoGUGG',$,'Qto_SlabBaseQuantities',$,$,(#602,#603));
#605=IFCRELDEFINESBYPROPERTIES('3xq0g7zGg$FH6NosJB0S8G',$,$,$,(#267),#604);
#606=IFCQUANTITYLENGTH('Width',$,$,1.2,$);
#607=IFCQUANTITYLENGTH('Length',$,$,1.5,$);
#608=IFCELEMENTQUANTITY('3nMu02FwNv0Mt5mJRZiXgo',$,'Qto_SlabBaseQuantities',$,$,(#606,#607));
#609=IFCRELDEFINESBYPROPERTIES('21vMX4JTx3Dob17V7EMr3t',$,$,$,(#273),#608);
#610=IFCQUANTITYLENGTH('Length',$,$,40.,$);
#611=IFCQUANTITYLENGTH('Width',$,$,1.2,$);
#612=IFCQUANTITYLENGTH('Height',$,$,3.,$);
#613=IFCQUANTITYAREA('GrossArea',$,$,48.,$);
#614=IFCQUANTITYVOLUME('GrossVolume',$,$,9.6,$);
#615=IFCELEMENTQUANTITY('2VUxht9i$9DeotwMGtRZs6',$,'Qto_RampBaseQuantities',$,$,(#610,#611,#612,#613,#614));
#616=IFCRELDEFINESBYPROPERTIES('21mN112ZeZiO44l7seu6nG',$,$,$,(#255),#615);
#617=IFCQUANTITYLENGTH('Length',$,$,7.,$);
#618=IFCQUANTITYLENGTH('Width',$,$,1.2,$);
#619=IFCELEMENTQUANTITY('2HpYVyA5VdRNWi4s_RhQLa',$,'Qto_RampFlightBaseQuantities',$,$,(#617,#618));
#620=IFCRELDEFINESBYPROPERTIES('2QNgMQ2hjaS5roarLRXLdN',$,$,$,(#281),#619);
#621=IFCQUANTITYLENGTH('Width',$,$,1.2,$);
#622=IFCQUANTITYLENGTH('Length',$,$,1.5,$);
#623=IFCELEMENTQUANTITY('2laWovEcNmApRAsrcZGC3F',$,'Qto_SlabBaseQuantities',$,$,(#621,#622));
#624=IFCRELDEFINESBYPROPERTIES('35uhXdcHLeq3AWlAC6FRPH',$,$,$,(#287),#623);
#625=IFCQUANTITYLENGTH('Width',$,$,1.2,$);
#626=IFCQUANTITYLENGTH('Length',$,$,1.5,$);
#627=IFCELEMENTQUANTITY('2fLKYkbDL8xiGWvWsM$Kwo',$,'Qto_SlabBaseQuantities',$,$,(#625,#626));
#628=IFCRELDEFINESBYPROPERTIES('30U_ee4cT1V0oXW0gnLHwt',$,$,$,(#293),#627);
#629=IFCQUANTITYLENGTH('Length',$,$,10.,$);
#630=IFCQUANTITYLENGTH('Width',$,$,1.2,$);
#631=IFCQUANTITYLENGTH('Height',$,$,3.,$);
#632=IFCQUANTITYAREA('GrossArea',$,$,12.,$);
#633=IFCQUANTITYVOLUME('GrossVolume',$,$,2.4,$);
#634=IFCELEMENTQUANTITY('2s_h_1tTFLpSwaGPsikWl6',$,'Qto_RampBaseQuantities',$,$,(#629,#630,#631,#632,#633));
#635=IFCRELDEFINESBYPROPERTIES('3bVnw8X5kZX2JIIgdJVveB',$,$,$,(#275),#634);
#636=IFCQUANTITYLENGTH('Length',$,$,7.,$);
#637=IFCQUANTITYLENGTH('Width',$,$,2.4,$);
#638=IFCELEMENTQUANTITY('14ftUhWJqgUgttoj1cBbF3',$,'Qto_RampFlightBaseQuantities',$,$,(#636,#637));
#639=IFCRELDEFINESBYPROPERTIES('014I$IxOiL0n84fqllzMZx',$,$,$,(#301),#638);
#640=IFCQUANTITYLENGTH('Width',$,$,2.4,$);
#641=IFCQUANTITYLENGTH('Length',$,$,1.5,$);
#642=IFCELEMENTQUANTITY('3CV$Vf6vraV_juHFLZ5e1s',$,'Qto_SlabBaseQuantities',$,$,(#640,#641));
#643=IFCRELDEFINESBYPROPERTIES('0Bg8T6eNKqYA_$j3xLiFWD',$,$,$,(#307),#642);
#644=IFCQUANTITYLENGTH('Width',$,$,2.4,$);
#645=IFCQUANTITYLENGTH('Length',$,$,1.5,$);
#646=IFCELEMENTQUANTITY('1_jpuZnUpFVViz5Tmr1YQC',$,'Qto_SlabBaseQuantities',$,$,(#644,#645));
#647=IFCRELDEFINESBYPROPERTIES('2a04IRp$6o0fQJ$d4TOCqp',$,$,$,(#313),#646);
#648=IFCQUANTITYLENGTH('Length',$,$,10.,$);
#649=IFCQUANTITYLENGTH('Width',$,$,2.4,$);
#650=IFCQUANTITYLENGTH('Height',$,$,0.4,$);
#651=IFCQUANTITYAREA('GrossArea',$,$,24.,$);
#652=IFCQUANTITYVOLUME('GrossVolume',$,$,4.8,$);
#653=IFCELEMENTQUANTITY('1bogbbgZ1hPIlYhl37wlT8',$,'Qto_RampBaseQuantities',$,$,(#648,#649,#650,#651,#652));
#654=IFCRELDEFINESBYPROPERTIES('189SBOsBL3SBcc0W8W3sWB',$,$,$,(#295),#653);
#655=IFCQUANTITYLENGTH('Length',$,$,2.75,$);
#656=IFCQUANTITYLENGTH('Width',$,$,1.2,$);
#657=IFCELEMENTQUANTITY('1BiTowdcuLynoYAhDdZbt2',$,'Qto_RampFlightBaseQuantities',$,$,(#655,#656));
#658=IFCRELDEFINESBYPROPERTIES('2_lJc_LzgjUMvgqZRJv71s',$,$,$,(#327),#657);
#659=IFCQUANTITYLENGTH('Length',$,$,3.5,$);
#660=IFCQUANTITYLENGTH('Width',$,$,1.2,$);
#661=IFCELEMENTQUANTITY('3GeHu8jOrAfkkR4efqHoVM',$,'Qto_RampFlightBaseQuantities',$,$,(#659,#660));
#662=IFCRELDEFINESBYPROPERTIES('3V1NAuXEvuCLyAgt7Qs8CM',$,$,$,(#333),#661);
#663=IFCQUANTITYLENGTH('Length',$,$,2.75,$);
#664=IFCQUANTITYLENGTH('Width',$,$,1.2,$);
#665=IFCELEMENTQUANTITY('069BqWgX7_Dw8$M2LSOOTN',$,'Qto_RampFlightBaseQuantities',$,$,(#663,#664));
#666=IFCRELDEFINESBYPROPERTIES('2Tx7gkpjpBTi22lcIcYfCu',$,$,$,(#339),#665);
#667=IFCQUANTITYLENGTH('Width',$,$,1.2,$);
#668=IFCQUANTITYLENGTH('Length',$,$,1.5,$);
#669=IFCELEMENTQUANTITY('3AA5jIDAyadeZ4__MsPeja',$,'Qto_SlabBaseQuantities',$,$,(#667,#668));
#670=IFCRELDEFINESBYPROPERTIES('1Y7aXIhQXoQMkM9eGlbGmJ',$,$,$,(#345),#669);
#671=IFCQUANTITYLENGTH('Width',$,$,1.2,$);
#672=IFCQUANTITYLENGTH('Length',$,$,1.5,$);
#673=IFCELEMENTQUANTITY('1aMEGpQuVF0gSzaYWT9GLV',$,'Qto_SlabBaseQuantities',$,$,(#671,#672));
#674=IFCRELDEFINESBYPROPERTIES('1dJ5pAG1n34hZ$nEd1A67K',$,$,$,(#351),#673);
#675=IFCQUANTITYLENGTH('Width',$,$,1.2,$);
#676=IFCQUANTITYLENGTH('Length',$,$,1.5,$);
#677=IFCELEMENTQUANTITY('2cuOtG93NzsE1o95kMOhYB',$,'Qto_SlabBaseQuantities',$,$,(#675,#676));
#678=IFCRELDEFINESBYPROPERTIES('2mpwP0vk5Ten6GXQOdFUO7',$,$,$,(#357),#677);
#679=IFCQUANTITYLENGTH('Width',$,$,1.2,$);
#680=IFCQUANTITYLENGTH('Length',$,$,1.5,$);
#681=IFCELEMENTQUANTITY('2WeRQMgLdT09$RE2sjSpo$',$,'Qto_SlabBaseQuantities',$,$,(#679,#680));
#682=IFCRELDEFINESBYPROPERTIES('29knOBu9W47vu6WHO_tXTZ',$,$,$,(#363),#681);
#683=IFCQUANTITYLENGTH('Length',$,$,15.,$);
#684=IFCQUANTITYLENGTH('Width',$,$,1.2,$);
#685=IFCQUANTITYLENGTH('Height',$,$,0.7,$);
#686=IFCQUANTITYAREA('GrossArea',$,$,18.,$);
#687=IFCQUANTITYVOLUME('GrossVolume',$,$,3.6,$);
#688=IFCELEMENTQUANTITY('2n5443tQ84CvjFEDFpLmgW',$,'Qto_RampBaseQuantities',$,$,(#683,#684,#685,#686,#687));
#689=IFCRELDEFINESBYPROPERTIES('0ZnXUwztGaLx5W0SO4SiTn',$,$,$,(#321),#688);
#690=IFCPROPERTYSINGLEVALUE('Level',$,IFCINTEGER(-1),$);
#691=IFCPROPERTYSET('14PbiyMgJAUmaNlKMOM8Xz',$,'Semio_Authoring',$,(#690));
#692=IFCRELDEFINESBYPROPERTIES('0g_lvlb_jgSWikvStEYL1f',$,$,$,(#33),#691);
#693=IFCPROPERTYSINGLEVALUE('Level',$,IFCINTEGER(1),$);
#694=IFCPROPERTYSET('0CGX8kaKldxkXCffTHO2T3',$,'Semio_Authoring',$,(#693));
#695=IFCRELDEFINESBYPROPERTIES('2TssvSCuuiGePHzXPgAt35',$,$,$,(#37),#694);
#696=IFCPROPERTYSINGLEVALUE('Level',$,IFCINTEGER(0),$);
#697=IFCPROPERTYSET('3DtumdShRC9E5XQDNCh0LX',$,'Semio_Authoring',$,(#696));
#698=IFCRELDEFINESBYPROPERTIES('1m$vt6PjoZUSZ5G_xvh0HI',$,$,$,(#39),#697);
#699=IFCPROPERTYSINGLEVALUE('Ramp',$,IFCLABEL('{"storey":"st-ground","path":[{"point":{"x":0.0,"y":3.0},"bulge":0.0},{"point":{"x":10.0,"y":3.0},"bulge":0.0}],"width":1.2,"landing_start":1.5,"landing_end":1.5,"landing_turn":1.5,"max_slope":0.08333333333333333,"thickness":0.2,"material":"m-concrete","base_offset":0.0,"top":{"Unconnected":{"height":0.5833333333333334}},"railing_left":false,"railing_right":false,"name":"Ramp"}'),$);
#700=IFCPROPERTYSET('0rgJRcymnEqkBaHTsnlmFg',$,'Semio_Authoring',$,(#699));
#701=IFCRELDEFINESBYPROPERTIES('1E60iUDAEl6CFsjEYGb5Pl',$,$,$,(#41),#700);
#702=IFCPROPERTYSINGLEVALUE('Ramp',$,IFCLABEL('{"storey":"st-ground","path":[{"point":{"x":0.0,"y":9.0},"bulge":0.0},{"point":{"x":6.0,"y":9.0},"bulge":0.0},{"point":{"x":6.0,"y":14.0},"bulge":0.0}],"width":1.2,"landing_start":1.5,"landing_end":1.5,"landing_turn":1.5,"max_slope":0.08333333333333333,"thickness":0.2,"material":"m-concrete","base_offset":0.0,"top":{"Unconnected":{"height":0.6}},"railing_left":false,"railing_right":false,"name":"Ramp"}'),$);
#703=IFCPROPERTYSET('0iJ$2Mxov1m_H6V7VMnDz1',$,'Semio_Authoring',$,(#702));
#704=IFCRELDEFINESBYPROPERTIES('2D_qGI_FbmF7K_kpCwqtjj',$,$,$,(#61),#703);
#705=IFCPROPERTYSINGLEVALUE('Ramp',$,IFCLABEL('{"storey":"st-ground","path":[{"point":{"x":12.0,"y":12.0},"bulge":0.41421356237309503},{"point":{"x":17.0,"y":17.0},"bulge":0.0}],"width":1.2,"landing_start":1.5,"landing_end":1.5,"landing_turn":1.5,"max_slope":0.08333333333333333,"thickness":0.2,"material":"m-concrete","base_offset":0.0,"top":{"Unconnected":{"height":0.3}},"railing_left":false,"railing_right":false,"name":"Ramp"}'),$);
#706=IFCPROPERTYSET('3uY4HuKjwU6IYk_4d02g27',$,'Semio_Authoring',$,(#705));
#707=IFCRELDEFINESBYPROPERTIES('03bpukz7Xx0YTXFRd$0_Nt',$,$,$,(#93),#706);
#708=IFCPROPERTYSINGLEVALUE('Ramp',$,IFCLABEL('{"storey":"st-ground","path":[{"point":{"x":30.0,"y":9.0},"bulge":0.0},{"point":{"x":40.0,"y":9.0},"bulge":0.0}],"width":1.2,"landing_start":1.5,"landing_end":1.5,"landing_turn":1.5,"max_slope":0.08333333333333333,"thickness":0.2,"material":"m-concrete","base_offset":0.5,"top":{"Unconnected":{"height":-0.5}},"railing_left":false,"railing_right":false,"name":"Ramp"}'),$);
#709=IFCPROPERTYSET('2CApectOAbV7JFvBM5zaPM',$,'Semio_Authoring',$,(#708));
#710=IFCRELDEFINESBYPROPERTIES('37n4NPmH9CnqDhB7QdzFd1',$,$,$,(#113),#709);
#711=IFCPROPERTYSINGLEVALUE('Ramp',$,IFCLABEL('{"storey":"st-ground","path":[{"point":{"x":30.0,"y":15.0},"bulge":0.0},{"point":{"x":40.0,"y":15.0},"bulge":0.0}],"width":1.2,"landing_start":1.5,"landing_end":1.5,"landing_turn":1.5,"max_slope":0.08333333333333333,"thickness":0.2,"material":"m-concrete","base_offset":0.0,"top":{"Unconnected":{"height":0.0}},"railing_left":false,"railing_right":false,"name":"Ramp"}'),$);
#712=IFCPROPERTYSET('2a4NbsfnY80s6zuv_SWd0O',$,'Semio_Authoring',$,(#711));
#713=IFCRELDEFINESBYPROPERTIES('0ccsvHPqiaGgK85ks5GUXO',$,$,$,(#133),#712);
#714=IFCPROPERTYSINGLEVALUE('Ramp',$,IFCLABEL('{"storey":"st-ground","path":[{"point":{"x":30.0,"y":18.0},"bulge":0.0},{"point":{"x":36.0,"y":18.0},"bulge":0.0},{"point":{"x":36.0,"y":23.0},"bulge":0.0}],"width":1.2,"landing_start":6.0,"landing_end":20.0,"landing_turn":3.0,"max_slope":0.08333333333333333,"thickness":0.2,"material":"m-concrete","base_offset":0.0,"top":{"Unconnected":{"height":0.0}},"railing_left":false,"railing_right":false,"name":"Ramp"}'),$);
#715=IFCPROPERTYSET('3Z7eMgXoMHX$6EtXIq13ds',$,'Semio_Authoring',$,(#714));
#716=IFCRELDEFINESBYPROPERTIES('0c6aip11llOQQFE_Mrqxav',$,$,$,(#153),#715);
#717=IFCPROPERTYSINGLEVALUE('Ramp',$,IFCLABEL('{"storey":"st-ground","path":[{"point":{"x":30.0,"y":12.0},"bulge":0.0},{"point":{"x":40.0,"y":12.0},"bulge":0.0}],"width":1.2,"landing_start":6.0,"landing_end":6.0,"landing_turn":1.5,"max_slope":0.08333333333333333,"thickness":0.2,"material":"m-concrete","base_offset":0.0,"top":{"Unconnected":{"height":0.3}},"railing_left":false,"railing_right":false,"name":"Ramp"}'),$);
#718=IFCPROPERTYSET('2mZU_oOaZQBMEjcSNeTm9r',$,'Semio_Authoring',$,(#717));
#719=IFCRELDEFINESBYPROPERTIES('0XShVIq8YLXJP5KhVwZrk5',$,$,$,(#161),#718);
#720=IFCPROPERTYSINGLEVALUE('Ramp',$,IFCLABEL('{"storey":"st-ground","path":[{"point":{"x":12.0,"y":9.0},"bulge":0.0},{"point":{"x":16.0,"y":9.0},"bulge":0.0},{"point":{"x":20.0,"y":9.0},"bulge":0.0}],"width":1.2,"landing_start":1.5,"landing_end":1.5,"landing_turn":1.5,"max_slope":0.08333333333333333,"thickness":0.2,"material":"m-concrete","base_offset":0.0,"top":{"Unconnected":{"height":0.4}},"railing_left":false,"railing_right":false,"name":"Ramp"}'),$);
#721=IFCPROPERTYSET('1IWxWlzYnac5ohFJwT_67P',$,'Semio_Authoring',$,(#720));
#722=IFCRELDEFINESBYPROPERTIES('1i0R9be_UoS09XujkR1lM6',$,$,$,(#169),#721);
#723=IFCPROPERTYSINGLEVALUE('Ramp',$,IFCLABEL('{"storey":"st-ground","path":[{"point":{"x":0.0,"y":6.0},"bulge":0.0},{"point":{"x":10.0,"y":6.0},"bulge":0.0}],"width":1.2,"landing_start":1.5,"landing_end":1.5,"landing_turn":1.5,"max_slope":0.08333333333333333,"thickness":0.2,"material":"m-concrete","base_offset":0.0,"top":{"Unconnected":{"height":0.7}},"railing_left":false,"railing_right":false,"name":"Ramp"}'),$);
#724=IFCPROPERTYSET('1WLEU9Ob6tjnIFrmrpCNNs',$,'Semio_Authoring',$,(#723));
#725=IFCRELDEFINESBYPROPERTIES('0DRavvDygmEwiEMPlCY0We',$,$,$,(#189),#724);
#726=IFCPROPERTYSINGLEVALUE('Ramp',$,IFCLABEL('{"storey":"st-first","path":[{"point":{"x":30.0,"y":6.0},"bulge":0.0},{"point":{"x":70.0,"y":6.0},"bulge":0.0}],"width":1.2,"landing_start":1.5,"landing_end":1.5,"landing_turn":1.5,"max_slope":0.08333333333333333,"thickness":0.2,"material":"m-concrete","base_offset":0.0,"top":{"StoreyTop":{"offset":0.0}},"railing_left":false,"railing_right":false,"name":"Ramp"}'),$);
#727=IFCPROPERTYSET('2bkO9fXgAUGejeuLnkujwX',$,'Semio_Authoring',$,(#726));
#728=IFCRELDEFINESBYPROPERTIES('1OJnxyZ03XFqG87T2IjoQz',$,$,$,(#209),#727);
#729=IFCPROPERTYSINGLEVALUE('Ramp',$,IFCLABEL('{"storey":"st-ground","path":[{"point":{"x":0.0,"y":0.0},"bulge":0.0},{"point":{"x":10.0,"y":0.0},"bulge":0.0}],"width":1.2,"landing_start":1.5,"landing_end":1.5,"landing_turn":1.5,"max_slope":0.08333333333333333,"thickness":0.2,"material":"m-concrete","base_offset":0.0,"top":{"Unconnected":{"height":0.5}},"railing_left":true,"railing_right":false,"name":"Ramp"}'),$);
#730=IFCPROPERTYSET('0vq$KM8UPCjxVm7499VwwH',$,'Semio_Authoring',$,(#729));
#731=IFCRELDEFINESBYPROPERTIES('2UteScTLC4$9EAlBuASPey',$,$,$,(#229),#730);
#732=IFCPROPERTYSINGLEVALUE('Ramp',$,IFCLABEL('{"storey":"st-ground","path":[{"point":{"x":30.0,"y":0.0},"bulge":0.0},{"point":{"x":70.0,"y":0.0},"bulge":0.0}],"width":1.2,"landing_start":1.5,"landing_end":1.5,"landing_turn":1.5,"max_slope":0.08333333333333333,"thickness":0.2,"material":"m-concrete","base_offset":0.0,"top":{"Storey":{"storey":"st-first","offset":0.0}},"railing_left":false,"railing_right":false,"name":"Ramp"}'),$);
#733=IFCPROPERTYSET('2HH_T1OczB3YZrvu1ol888',$,'Semio_Authoring',$,(#732));
#734=IFCRELDEFINESBYPROPERTIES('1mIM8VwKsVOct0IO6lDZy_',$,$,$,(#255),#733);
#735=IFCPROPERTYSINGLEVALUE('Ramp',$,IFCLABEL('{"storey":"st-ground","path":[{"point":{"x":30.0,"y":3.0},"bulge":0.0},{"point":{"x":40.0,"y":3.0},"bulge":0.0}],"width":1.2,"landing_start":1.5,"landing_end":1.5,"landing_turn":1.5,"max_slope":0.08333333333333333,"thickness":0.2,"material":"m-concrete","base_offset":0.0,"top":{"Storey":{"storey":"st-first","offset":0.0}},"railing_left":false,"railing_right":false,"name":"Ramp"}'),$);
#736=IFCPROPERTYSET('0POFccoTrlUTRPNFJ22qbd',$,'Semio_Authoring',$,(#735));
#737=IFCRELDEFINESBYPROPERTIES('1jQto6KcpLrGy35NwYC$2$',$,$,$,(#275),#736);
#738=IFCPROPERTYSINGLEVALUE('Ramp',$,IFCLABEL('{"storey":"st-first","path":[{"point":{"x":50.0,"y":9.0},"bulge":0.0},{"point":{"x":60.0,"y":9.0},"bulge":0.0}],"width":2.4,"landing_start":1.5,"landing_end":1.5,"landing_turn":1.5,"max_slope":0.1,"thickness":0.2,"material":"m-concrete","base_offset":0.0,"top":{"Unconnected":{"height":0.4}},"railing_left":true,"railing_right":true,"name":"Ramp"}'),$);
#739=IFCPROPERTYSET('3IUnKtnrQ$sGPckQ4q$HW1',$,'Semio_Authoring',$,(#738));
#740=IFCRELDEFINESBYPROPERTIES('3_xb3BnF8Yj$lkjv7ddB5E',$,$,$,(#295),#739);
#741=IFCPROPERTYSINGLEVALUE('Ramp',$,IFCLABEL('{"storey":"st-ground","path":[{"point":{"x":12.0,"y":0.0},"bulge":0.0},{"point":{"x":17.0,"y":0.0},"bulge":0.0},{"point":{"x":17.0,"y":5.0},"bulge":0.0},{"point":{"x":22.0,"y":5.0},"bulge":0.0}],"width":1.2,"landing_start":1.5,"landing_end":1.5,"landing_turn":1.5,"max_slope":0.08333333333333333,"thickness":0.2,"material":"m-concrete","base_offset":0.0,"top":{"Unconnected":{"height":0.7}},"railing_left":false,"railing_right":false,"name":"Ramp"}'),$);
#742=IFCPROPERTYSET('2ZKHohNJB0i$XCIsJJwH4h',$,'Semio_Authoring',$,(#741));
#743=IFCRELDEFINESBYPROPERTIES('1cSTnTFiXYbF8r2WsIUMEU',$,$,$,(#321),#742);
ENDSEC;
END-ISO-10303-21;
