solid exported
	facet normal -0.6908859310700629 -0.5112125928855099 -0.5112125928855099
		outer loop
			vertex -6.357108116149902 -6.357108116149902 -4.378852367401123
			vertex -7.941044807434082 -4.297662734985352 -4.297662734985352
			vertex -6.357108116149902 -4.378852367401123 -6.357108116149902
		endloop
	endfacet
	facet normal -0.5112125928855099 -0.6908859310700629 -0.5112125928855099
		outer loop
			vertex -6.357108116149902 -6.357108116149902 -4.378852367401123
			vertex -4.378852367401123 -6.357108116149902 -6.357108116149902
			vertex -4.297662734985352 -7.941044807434082 -4.297662734985352
		endloop
	endfacet
	facet normal -0.5112125928855099 -0.5112125928855099 -0.6908859310700629
		outer loop
			vertex -6.357108116149902 -4.378852367401123 -6.357108116149902
			vertex -4.297662734985352 -4.297662734985352 -7.941044807434082
			vertex -4.378852367401123 -6.357108116149902 -6.357108116149902
		endloop
	endfacet
	facet normal -0.5773502691896258 -0.5773502691896258 -0.5773502691896258
		outer loop
			vertex -6.357108116149902 -6.357108116149902 -4.378852367401123
			vertex -6.357108116149902 -4.378852367401123 -6.357108116149902
			vertex -4.378852367401123 -6.357108116149902 -6.357108116149902
		endloop
	endfacet
	facet normal -0.3009220601145843 -0.6743314888600394 -0.6743314888600394
		outer loop
			vertex -4.378852367401123 -6.357108116149902 -6.357108116149902
			vertex -2.120148181915283 -6.037671089172363 -7.684497356414795
			vertex -2.120148181915283 -7.684497356414795 -6.037671089172363
		endloop
	endfacet
	facet normal -0.3594952122984947 -0.746473622400746 -0.5599467147812984
		outer loop
			vertex -4.378852367401123 -6.357108116149902 -6.357108116149902
			vertex -2.120148181915283 -7.684497356414795 -6.037671089172363
			vertex -4.297662734985352 -7.941044807434082 -4.297662734985352
		endloop
	endfacet
	facet normal -0.3594952122984947 -0.5599467147812984 -0.746473622400746
		outer loop
			vertex -4.378852367401123 -6.357108116149902 -6.357108116149902
			vertex -4.297662734985352 -4.297662734985352 -7.941044807434082
			vertex -2.120148181915283 -6.037671089172363 -7.684497356414795
		endloop
	endfacet
	facet normal -0.6320841277880282 -0.7701966804950696 -0.08524510984697796
		outer loop
			vertex -6.037671089172363 -7.684497356414795 -2.120148181915283
			vertex -5.555702209472656 -8.314696311950684 6.123233998228043e-16
			vertex -7.071067810058594 -7.071067810058594 6.123233998228043e-16
		endloop
	endfacet
	facet normal -0.6743314888600394 -0.6743314888600394 -0.3009220601145843
		outer loop
			vertex -7.684497356414795 -6.037671089172363 -2.120148181915283
			vertex -6.357108116149902 -6.357108116149902 -4.378852367401123
			vertex -6.037671089172363 -7.684497356414795 -2.120148181915283
		endloop
	endfacet
	facet normal -0.746473622400746 -0.5599467147812984 -0.3594952122984947
		outer loop
			vertex -7.684497356414795 -6.037671089172363 -2.120148181915283
			vertex -7.941044807434082 -4.297662734985352 -4.297662734985352
			vertex -6.357108116149902 -6.357108116149902 -4.378852367401123
		endloop
	endfacet
	facet normal -0.8449656667327619 -0.5179101262668349 -0.13342459725676634
		outer loop
			vertex -7.684497356414795 -6.037671089172363 -2.120148181915283
			vertex -8.314696311950684 -5.555702209472656 6.123233998228043e-16
			vertex -8.884476661682129 -4.089075565338135 -2.084592819213867
		endloop
	endfacet
	facet normal -0.7002709735414635 -0.7002709735414635 -0.13871239032826838
		outer loop
			vertex -7.684497356414795 -6.037671089172363 -2.120148181915283
			vertex -6.037671089172363 -7.684497356414795 -2.120148181915283
			vertex -7.071067810058594 -7.071067810058594 6.123233998228043e-16
		endloop
	endfacet
	facet normal -0.7701966804950696 -0.6320841277880282 -0.08524510984697796
		outer loop
			vertex -7.684497356414795 -6.037671089172363 -2.120148181915283
			vertex -7.071067810058594 -7.071067810058594 6.123233998228043e-16
			vertex -8.314696311950684 -5.555702209472656 6.123233998228043e-16
		endloop
	endfacet
	facet normal -0.4961495144099267 -0.8145797386921927 -0.30049211081649546
		outer loop
			vertex -6.037671089172363 -7.684497356414795 -2.120148181915283
			vertex -4.297662734985352 -7.941044807434082 -4.297662734985352
			vertex -4.089075565338135 -8.884476661682129 -2.084592819213867
		endloop
	endfacet
	facet normal -0.29745587455952394 -0.9072155231145781 -0.29745587455952394
		outer loop
			vertex -4.089075565338135 -8.884476661682129 -2.084592819213867
			vertex -2.084592819213867 -8.884476661682129 -4.089075565338135
			vertex -2.0233471393585205 -9.581864356994629 -2.0233471393585205
		endloop
	endfacet
	facet normal -0.30049211081649546 -0.8145797386921927 -0.4961495144099267
		outer loop
			vertex -2.120148181915283 -7.684497356414795 -6.037671089172363
			vertex -2.084592819213867 -8.884476661682129 -4.089075565338135
			vertex -4.297662734985352 -7.941044807434082 -4.297662734985352
		endloop
	endfacet
	facet normal -0.34122006595821924 -0.8758639923954729 -0.34122006595821924
		outer loop
			vertex -4.297662734985352 -7.941044807434082 -4.297662734985352
			vertex -2.084592819213867 -8.884476661682129 -4.089075565338135
			vertex -4.089075565338135 -8.884476661682129 -2.084592819213867
		endloop
	endfacet
	facet normal -0.4694738793626076 -0.8783239525124085 -0.09022921388998308
		outer loop
			vertex -4.089075565338135 -8.884476661682129 -2.084592819213867
			vertex -3.8268344402313232 -9.238795280456543 6.123233998228043e-16
			vertex -5.555702209472656 -8.314696311950684 6.123233998228043e-16
		endloop
	endfacet
	facet normal -0.5179101262668349 -0.8449656667327619 -0.13342459725676634
		outer loop
			vertex -6.037671089172363 -7.684497356414795 -2.120148181915283
			vertex -4.089075565338135 -8.884476661682129 -2.084592819213867
			vertex -5.555702209472656 -8.314696311950684 6.123233998228043e-16
		endloop
	endfacet
	facet normal -0.31432253731625814 -0.9416363742518076 -0.12050842800808456
		outer loop
			vertex -4.089075565338135 -8.884476661682129 -2.084592819213867
			vertex -2.0233471393585205 -9.581864356994629 -2.0233471393585205
			vertex -3.8268344402313232 -9.238795280456543 6.123233998228043e-16
		endloop
	endfacet
	facet normal -0.2889427543463887 -0.952516713700297 -0.09604163072495674
		outer loop
			vertex -2.0233471393585205 -9.581864356994629 -2.0233471393585205
			vertex -1.9509031772613525 -9.807852745056152 6.123233998228043e-16
			vertex -3.8268344402313232 -9.238795280456543 6.123233998228043e-16
		endloop
	endfacet
	facet normal -0.5599467147812984 -0.746473622400746 -0.3594952122984947
		outer loop
			vertex -6.037671089172363 -7.684497356414795 -2.120148181915283
			vertex -6.357108116149902 -6.357108116149902 -4.378852367401123
			vertex -4.297662734985352 -7.941044807434082 -4.297662734985352
		endloop
	endfacet
	facet normal -0.6743314888600394 -0.3009220601145843 -0.6743314888600394
		outer loop
			vertex -7.684497356414795 -2.120148181915283 -6.037671089172363
			vertex -6.037671089172363 -2.120148181915283 -7.684497356414795
			vertex -6.357108116149902 -4.378852367401123 -6.357108116149902
		endloop
	endfacet
	facet normal -0.746473622400746 -0.3594952122984947 -0.5599467147812984
		outer loop
			vertex -7.684497356414795 -2.120148181915283 -6.037671089172363
			vertex -6.357108116149902 -4.378852367401123 -6.357108116149902
			vertex -7.941044807434082 -4.297662734985352 -4.297662734985352
		endloop
	endfacet
	facet normal -0.6320841277880282 -0.08524510984697796 -0.7701966804950696
		outer loop
			vertex -6.037671089172363 -2.120148181915283 -7.684497356414795
			vertex -7.071067810058594 6.123233998228043e-16 -7.071067810058594
			vertex -5.555702209472656 6.123233998228043e-16 -8.314696311950684
		endloop
	endfacet
	facet normal -0.8449656667327619 -0.13342459725676634 -0.5179101262668349
		outer loop
			vertex -7.684497356414795 -2.120148181915283 -6.037671089172363
			vertex -8.884476661682129 -2.084592819213867 -4.089075565338135
			vertex -8.314696311950684 6.123233998228043e-16 -5.555702209472656
		endloop
	endfacet
	facet normal -0.7002709735414635 -0.13871239032826838 -0.7002709735414635
		outer loop
			vertex -7.684497356414795 -2.120148181915283 -6.037671089172363
			vertex -7.071067810058594 6.123233998228043e-16 -7.071067810058594
			vertex -6.037671089172363 -2.120148181915283 -7.684497356414795
		endloop
	endfacet
	facet normal -0.7701966804950696 -0.08524510984697796 -0.6320841277880282
		outer loop
			vertex -7.684497356414795 -2.120148181915283 -6.037671089172363
			vertex -8.314696311950684 6.123233998228043e-16 -5.555702209472656
			vertex -7.071067810058594 6.123233998228043e-16 -7.071067810058594
		endloop
	endfacet
	facet normal -0.4961495144099267 -0.30049211081649546 -0.8145797386921927
		outer loop
			vertex -6.037671089172363 -2.120148181915283 -7.684497356414795
			vertex -4.089075565338135 -2.084592819213867 -8.884476661682129
			vertex -4.297662734985352 -4.297662734985352 -7.941044807434082
		endloop
	endfacet
	facet normal -0.30049211081649546 -0.4961495144099267 -0.8145797386921927
		outer loop
			vertex -2.120148181915283 -6.037671089172363 -7.684497356414795
			vertex -4.297662734985352 -4.297662734985352 -7.941044807434082
			vertex -2.084592819213867 -4.089075565338135 -8.884476661682129
		endloop
	endfacet
	facet normal -0.29745587455952394 -0.29745587455952394 -0.9072155231145781
		outer loop
			vertex -4.089075565338135 -2.084592819213867 -8.884476661682129
			vertex -2.0233471393585205 -2.0233471393585205 -9.581864356994629
			vertex -2.084592819213867 -4.089075565338135 -8.884476661682129
		endloop
	endfacet
	facet normal -0.3412200659582193 -0.3412200659582193 -0.8758639923954731
		outer loop
			vertex -4.297662734985352 -4.297662734985352 -7.941044807434082
			vertex -4.089075565338135 -2.084592819213867 -8.884476661682129
			vertex -2.084592819213867 -4.089075565338135 -8.884476661682129
		endloop
	endfacet
	facet normal -0.5599467147812984 -0.3594952122984947 -0.746473622400746
		outer loop
			vertex -6.357108116149902 -4.378852367401123 -6.357108116149902
			vertex -6.037671089172363 -2.120148181915283 -7.684497356414795
			vertex -4.297662734985352 -4.297662734985352 -7.941044807434082
		endloop
	endfacet
	facet normal -0.5179101262668349 -0.13342459725676634 -0.8449656667327619
		outer loop
			vertex -6.037671089172363 -2.120148181915283 -7.684497356414795
			vertex -5.555702209472656 6.123233998228043e-16 -8.314696311950684
			vertex -4.089075565338135 -2.084592819213867 -8.884476661682129
		endloop
	endfacet
	facet normal -0.4694738793626076 -0.09022921388998308 -0.8783239525124085
		outer loop
			vertex -4.089075565338135 -2.084592819213867 -8.884476661682129
			vertex -5.555702209472656 6.123233998228043e-16 -8.314696311950684
			vertex -3.8268344402313232 6.123233998228043e-16 -9.238795280456543
		endloop
	endfacet
	facet normal -0.3143225373162581 -0.12050842800808453 -0.9416363742518074
		outer loop
			vertex -4.089075565338135 -2.084592819213867 -8.884476661682129
			vertex -3.8268344402313232 6.123233998228043e-16 -9.238795280456543
			vertex -2.0233471393585205 -2.0233471393585205 -9.581864356994629
		endloop
	endfacet
	facet normal -0.2889427543463887 -0.09604163072495674 -0.952516713700297
		outer loop
			vertex -2.0233471393585205 -2.0233471393585205 -9.581864356994629
			vertex -3.8268344402313232 6.123233998228043e-16 -9.238795280456543
			vertex -1.9509031772613525 6.123233998228043e-16 -9.807852745056152
		endloop
	endfacet
	facet normal -0.8145797386921927 -0.4961495144099267 -0.30049211081649546
		outer loop
			vertex -7.684497356414795 -6.037671089172363 -2.120148181915283
			vertex -8.884476661682129 -4.089075565338135 -2.084592819213867
			vertex -7.941044807434082 -4.297662734985352 -4.297662734985352
		endloop
	endfacet
	facet normal -0.8145797386921927 -0.30049211081649546 -0.4961495144099267
		outer loop
			vertex -7.684497356414795 -2.120148181915283 -6.037671089172363
			vertex -7.941044807434082 -4.297662734985352 -4.297662734985352
			vertex -8.884476661682129 -2.084592819213867 -4.089075565338135
		endloop
	endfacet
	facet normal -0.9072155231145781 -0.29745587455952394 -0.29745587455952394
		outer loop
			vertex -8.884476661682129 -4.089075565338135 -2.084592819213867
			vertex -9.581864356994629 -2.0233471393585205 -2.0233471393585205
			vertex -8.884476661682129 -2.084592819213867 -4.089075565338135
		endloop
	endfacet
	facet normal -0.8758639923954729 -0.34122006595821924 -0.34122006595821924
		outer loop
			vertex -7.941044807434082 -4.297662734985352 -4.297662734985352
			vertex -8.884476661682129 -4.089075565338135 -2.084592819213867
			vertex -8.884476661682129 -2.084592819213867 -4.089075565338135
		endloop
	endfacet
	facet normal -0.8783239525124085 -0.4694738793626076 -0.09022921388998308
		outer loop
			vertex -8.884476661682129 -4.089075565338135 -2.084592819213867
			vertex -8.314696311950684 -5.555702209472656 6.123233998228043e-16
			vertex -9.238795280456543 -3.8268344402313232 6.123233998228043e-16
		endloop
	endfacet
	facet normal -0.9416363742518076 -0.31432253731625814 -0.12050842800808456
		outer loop
			vertex -8.884476661682129 -4.089075565338135 -2.084592819213867
			vertex -9.238795280456543 -3.8268344402313232 6.123233998228043e-16
			vertex -9.581864356994629 -2.0233471393585205 -2.0233471393585205
		endloop
	endfacet
	facet normal -0.952516713700297 -0.2889427543463887 -0.09604163072495674
		outer loop
			vertex -9.581864356994629 -2.0233471393585205 -2.0233471393585205
			vertex -9.238795280456543 -3.8268344402313232 6.123233998228043e-16
			vertex -9.807852745056152 -1.9509031772613525 6.123233998228043e-16
		endloop
	endfacet
	facet normal -0.9416363742518076 -0.12050842800808456 -0.31432253731625814
		outer loop
			vertex -8.884476661682129 -2.084592819213867 -4.089075565338135
			vertex -9.581864356994629 -2.0233471393585205 -2.0233471393585205
			vertex -9.238795280456543 6.123233998228043e-16 -3.8268344402313232
		endloop
	endfacet
	facet normal -0.8783239525124085 -0.09022921388998308 -0.4694738793626076
		outer loop
			vertex -8.884476661682129 -2.084592819213867 -4.089075565338135
			vertex -9.238795280456543 6.123233998228043e-16 -3.8268344402313232
			vertex -8.314696311950684 6.123233998228043e-16 -5.555702209472656
		endloop
	endfacet
	facet normal -0.952516713700297 -0.09604163072495674 -0.2889427543463887
		outer loop
			vertex -9.581864356994629 -2.0233471393585205 -2.0233471393585205
			vertex -9.807852745056152 6.123233998228043e-16 -1.9509031772613525
			vertex -9.238795280456543 6.123233998228043e-16 -3.8268344402313232
		endloop
	endfacet
	facet normal -0.988571707220065 -0.10659732567941443 -0.10659732567941443
		outer loop
			vertex -9.581864356994629 -2.0233471393585205 -2.0233471393585205
			vertex -9.807852745056152 -1.9509031772613525 6.123233998228043e-16
			vertex -9.807852745056152 6.123233998228043e-16 -1.9509031772613525
		endloop
	endfacet
	facet normal -0.9904383444607961 -0.09754969457091414 -0.09754969457091414
		outer loop
			vertex -9.807852745056152 -1.9509031772613525 6.123233998228043e-16
			vertex -10 6.123233998228043e-16 6.123233998228043e-16
			vertex -9.807852745056152 6.123233998228043e-16 -1.9509031772613525
		endloop
	endfacet
	facet normal -0.13342459725676634 -0.8449656667327619 -0.5179101262668349
		outer loop
			vertex -2.120148181915283 -7.684497356414795 -6.037671089172363
			vertex 6.123233998228043e-16 -8.314696311950684 -5.555702209472656
			vertex -2.084592819213867 -8.884476661682129 -4.089075565338135
		endloop
	endfacet
	facet normal -0.08524510984697796 -0.7701966804950696 -0.6320841277880282
		outer loop
			vertex -2.120148181915283 -7.684497356414795 -6.037671089172363
			vertex 6.123233998228043e-16 -7.071067810058594 -7.071067810058594
			vertex 6.123233998228043e-16 -8.314696311950684 -5.555702209472656
		endloop
	endfacet
	facet normal 0.085245109846978 -0.7701966804950696 -0.6320841277880284
		outer loop
			vertex 6.123233998228043e-16 -8.314696311950684 -5.555702209472656
			vertex 6.123233998228043e-16 -7.071067810058594 -7.071067810058594
			vertex 2.120148181915283 -7.684497356414795 -6.037671089172363
		endloop
	endfacet
	facet normal 0.1334245972567664 -0.8449656667327619 -0.5179101262668349
		outer loop
			vertex 6.123233998228043e-16 -8.314696311950684 -5.555702209472656
			vertex 2.120148181915283 -7.684497356414795 -6.037671089172363
			vertex 2.084592819213867 -8.884476661682129 -4.089075565338135
		endloop
	endfacet
	facet normal -0.13342459725676634 -0.5179101262668349 -0.8449656667327619
		outer loop
			vertex -2.120148181915283 -6.037671089172363 -7.684497356414795
			vertex -2.084592819213867 -4.089075565338135 -8.884476661682129
			vertex 6.123233998228043e-16 -5.555702209472656 -8.314696311950684
		endloop
	endfacet
	facet normal -0.08524510984697796 -0.6320841277880282 -0.7701966804950696
		outer loop
			vertex -2.120148181915283 -6.037671089172363 -7.684497356414795
			vertex 6.123233998228043e-16 -5.555702209472656 -8.314696311950684
			vertex 6.123233998228043e-16 -7.071067810058594 -7.071067810058594
		endloop
	endfacet
	facet normal 0.085245109846978 -0.6320841277880284 -0.7701966804950696
		outer loop
			vertex 6.123233998228043e-16 -5.555702209472656 -8.314696311950684
			vertex 2.120148181915283 -6.037671089172363 -7.684497356414795
			vertex 6.123233998228043e-16 -7.071067810058594 -7.071067810058594
		endloop
	endfacet
	facet normal 0.1334245972567664 -0.5179101262668349 -0.8449656667327619
		outer loop
			vertex 6.123233998228043e-16 -5.555702209472656 -8.314696311950684
			vertex 2.084592819213867 -4.089075565338135 -8.884476661682129
			vertex 2.120148181915283 -6.037671089172363 -7.684497356414795
		endloop
	endfacet
	facet normal -0.13871239032826838 -0.7002709735414635 -0.7002709735414635
		outer loop
			vertex -2.120148181915283 -7.684497356414795 -6.037671089172363
			vertex -2.120148181915283 -6.037671089172363 -7.684497356414795
			vertex 6.123233998228043e-16 -7.071067810058594 -7.071067810058594
		endloop
	endfacet
	facet normal 0.1387123903282684 -0.7002709735414635 -0.7002709735414635
		outer loop
			vertex 2.120148181915283 -7.684497356414795 -6.037671089172363
			vertex 6.123233998228043e-16 -7.071067810058594 -7.071067810058594
			vertex 2.120148181915283 -6.037671089172363 -7.684497356414795
		endloop
	endfacet
	facet normal 0.3009220601145843 -0.6743314888600394 -0.6743314888600394
		outer loop
			vertex 2.120148181915283 -7.684497356414795 -6.037671089172363
			vertex 2.120148181915283 -6.037671089172363 -7.684497356414795
			vertex 4.378852367401123 -6.357108116149902 -6.357108116149902
		endloop
	endfacet
	facet normal 0.3594952122984947 -0.746473622400746 -0.5599467147812984
		outer loop
			vertex 2.120148181915283 -7.684497356414795 -6.037671089172363
			vertex 4.378852367401123 -6.357108116149902 -6.357108116149902
			vertex 4.297662734985352 -7.941044807434082 -4.297662734985352
		endloop
	endfacet
	facet normal 0.3594952122984947 -0.5599467147812984 -0.746473622400746
		outer loop
			vertex 2.120148181915283 -6.037671089172363 -7.684497356414795
			vertex 4.297662734985352 -4.297662734985352 -7.941044807434082
			vertex 4.378852367401123 -6.357108116149902 -6.357108116149902
		endloop
	endfacet
	facet normal 0.5112125928855099 -0.6908859310700629 -0.5112125928855099
		outer loop
			vertex 4.378852367401123 -6.357108116149902 -6.357108116149902
			vertex 6 -6.357108116149902 -4.735960483551025
			vertex 4.297662734985352 -7.941044807434082 -4.297662734985352
		endloop
	endfacet
	facet normal 0.5112125928855099 -0.5112125928855099 -0.6908859310700629
		outer loop
			vertex 4.378852367401123 -6.357108116149902 -6.357108116149902
			vertex 4.297662734985352 -4.297662734985352 -7.941044807434082
			vertex 6 -4.735960483551025 -6.357108116149902
		endloop
	endfacet
	facet normal 0.5773502691896257 -0.5773502691896257 -0.5773502691896257
		outer loop
			vertex 4.378852367401123 -6.357108116149902 -6.357108116149902
			vertex 6 -4.735960483551025 -6.357108116149902
			vertex 6 -6.357108116149902 -4.735960483551025
		endloop
	endfacet
	facet normal -0.09022921388998308 -0.8783239525124085 -0.4694738793626076
		outer loop
			vertex -2.084592819213867 -8.884476661682129 -4.089075565338135
			vertex 6.123233998228043e-16 -8.314696311950684 -5.555702209472656
			vertex 6.123233998228043e-16 -9.238795280456543 -3.8268344402313232
		endloop
	endfacet
	facet normal -0.12050842800808456 -0.9416363742518076 -0.31432253731625814
		outer loop
			vertex -2.084592819213867 -8.884476661682129 -4.089075565338135
			vertex 6.123233998228043e-16 -9.238795280456543 -3.8268344402313232
			vertex -2.0233471393585205 -9.581864356994629 -2.0233471393585205
		endloop
	endfacet
	facet normal -0.09604163072495674 -0.952516713700297 -0.2889427543463887
		outer loop
			vertex -2.0233471393585205 -9.581864356994629 -2.0233471393585205
			vertex 6.123233998228043e-16 -9.238795280456543 -3.8268344402313232
			vertex 6.123233998228043e-16 -9.807852745056152 -1.9509031772613525
		endloop
	endfacet
	facet normal 0.09022921388998312 -0.8783239525124086 -0.4694738793626076
		outer loop
			vertex 6.123233998228043e-16 -8.314696311950684 -5.555702209472656
			vertex 2.084592819213867 -8.884476661682129 -4.089075565338135
			vertex 6.123233998228043e-16 -9.238795280456543 -3.8268344402313232
		endloop
	endfacet
	facet normal 0.09604163072495678 -0.952516713700297 -0.2889427543463888
		outer loop
			vertex 6.123233998228043e-16 -9.238795280456543 -3.8268344402313232
			vertex 2.0233471393585205 -9.581864356994629 -2.0233471393585205
			vertex 6.123233998228043e-16 -9.807852745056152 -1.9509031772613525
		endloop
	endfacet
	facet normal 0.1205084280080846 -0.9416363742518076 -0.31432253731625814
		outer loop
			vertex 6.123233998228043e-16 -9.238795280456543 -3.8268344402313232
			vertex 2.084592819213867 -8.884476661682129 -4.089075565338135
			vertex 2.0233471393585205 -9.581864356994629 -2.0233471393585205
		endloop
	endfacet
	facet normal -0.10659732567941443 -0.988571707220065 -0.10659732567941443
		outer loop
			vertex -2.0233471393585205 -9.581864356994629 -2.0233471393585205
			vertex 6.123233998228043e-16 -9.807852745056152 -1.9509031772613525
			vertex -1.9509031772613525 -9.807852745056152 6.123233998228043e-16
		endloop
	endfacet
	facet normal -0.09754969457091414 -0.9904383444607961 -0.09754969457091414
		outer loop
			vertex -1.9509031772613525 -9.807852745056152 6.123233998228043e-16
			vertex 6.123233998228043e-16 -9.807852745056152 -1.9509031772613525
			vertex 6.123233998228043e-16 -10 6.123233998228043e-16
		endloop
	endfacet
	facet normal 0.10659732567941449 -0.988571707220065 -0.10659732567941445
		outer loop
			vertex 6.123233998228043e-16 -9.807852745056152 -1.9509031772613525
			vertex 2.0233471393585205 -9.581864356994629 -2.0233471393585205
			vertex 1.9509031772613525 -9.807852745056152 6.123233998228043e-16
		endloop
	endfacet
	facet normal 0.09754969457091422 -0.9904383444607963 -0.09754969457091417
		outer loop
			vertex 6.123233998228043e-16 -9.807852745056152 -1.9509031772613525
			vertex 1.9509031772613525 -9.807852745056152 6.123233998228043e-16
			vertex 6.123233998228043e-16 -10 6.123233998228043e-16
		endloop
	endfacet
	facet normal 0.29745587455952394 -0.9072155231145781 -0.29745587455952394
		outer loop
			vertex 2.084592819213867 -8.884476661682129 -4.089075565338135
			vertex 4.089075565338135 -8.884476661682129 -2.084592819213867
			vertex 2.0233471393585205 -9.581864356994629 -2.0233471393585205
		endloop
	endfacet
	facet normal 0.30049211081649546 -0.8145797386921927 -0.4961495144099267
		outer loop
			vertex 2.120148181915283 -7.684497356414795 -6.037671089172363
			vertex 4.297662734985352 -7.941044807434082 -4.297662734985352
			vertex 2.084592819213867 -8.884476661682129 -4.089075565338135
		endloop
	endfacet
	facet normal 0.34122006595821924 -0.8758639923954729 -0.34122006595821924
		outer loop
			vertex 2.084592819213867 -8.884476661682129 -4.089075565338135
			vertex 4.297662734985352 -7.941044807434082 -4.297662734985352
			vertex 4.089075565338135 -8.884476661682129 -2.084592819213867
		endloop
	endfacet
	facet normal 0.49614956758073225 -0.8145797123048991 -0.300492094556114
		outer loop
			vertex 4.297662734985352 -7.941044807434082 -4.297662734985352
			vertex 6 -7.690051555633545 -2.1672909259796143
			vertex 4.089075565338135 -8.884476661682129 -2.084592819213867
		endloop
	endfacet
	facet normal 0.31432253731625814 -0.9416363742518076 -0.12050842800808456
		outer loop
			vertex 2.0233471393585205 -9.581864356994629 -2.0233471393585205
			vertex 4.089075565338135 -8.884476661682129 -2.084592819213867
			vertex 3.8268344402313232 -9.238795280456543 6.123233998228043e-16
		endloop
	endfacet
	facet normal 0.2889427543463887 -0.952516713700297 -0.09604163072495674
		outer loop
			vertex 2.0233471393585205 -9.581864356994629 -2.0233471393585205
			vertex 3.8268344402313232 -9.238795280456543 6.123233998228043e-16
			vertex 1.9509031772613525 -9.807852745056152 6.123233998228043e-16
		endloop
	endfacet
	facet normal 0.4694738793626076 -0.8783239525124085 -0.09022921388998308
		outer loop
			vertex 4.089075565338135 -8.884476661682129 -2.084592819213867
			vertex 5.555702209472656 -8.314696311950684 6.123233998228043e-16
			vertex 3.8268344402313232 -9.238795280456543 6.123233998228043e-16
		endloop
	endfacet
	facet normal 0.5179101281311359 -0.8449656653220633 -0.13342459895399075
		outer loop
			vertex 4.089075565338135 -8.884476661682129 -2.084592819213867
			vertex 6 -7.7337541580200195 -1.9544360637664795
			vertex 5.555702209472656 -8.314696311950684 6.123233998228043e-16
		endloop
	endfacet
	facet normal 0.4961487839575389 -0.8145787321534911 -0.3004960453993802
		outer loop
			vertex 4.089075565338135 -8.884476661682129 -2.084592819213867
			vertex 6 -7.690051555633545 -2.1672909259796143
			vertex 6 -7.707695960998535 -2.1194608211517334
		endloop
	endfacet
	facet normal 0.5179101375013754 -0.844965734673852 -0.13342412338248352
		outer loop
			vertex 4.089075565338135 -8.884476661682129 -2.084592819213867
			vertex 6 -7.707695960998535 -2.1194608211517334
			vertex 6 -7.7337541580200195 -1.9544360637664795
		endloop
	endfacet
	facet normal 0.6320842652912283 -0.7701965734870128 -0.08524505710076603
		outer loop
			vertex 5.555702209472656 -8.314696311950684 6.123233998228043e-16
			vertex 6 -7.7337541580200195 -1.9544360637664795
			vertex 6 -7.950070381164551 6.123233998228043e-16
		endloop
	endfacet
	facet normal 0.51121247887084 -0.6908858648474155 -0.5112127963977131
		outer loop
			vertex 4.297662734985352 -7.941044807434082 -4.297662734985352
			vertex 6 -6.357108116149902 -4.735960483551025
			vertex 6 -6.631762981414795 -4.364774227142334
		endloop
	endfacet
	facet normal 0.5599467087639302 -0.7464736652608832 -0.3594951326741789
		outer loop
			vertex 4.297662734985352 -7.941044807434082 -4.297662734985352
			vertex 6 -6.631762981414795 -4.364774227142334
			vertex 6 -7.690051555633545 -2.1672909259796143
		endloop
	endfacet
	facet normal -0.09022921388998308 -0.4694738793626076 -0.8783239525124085
		outer loop
			vertex -2.084592819213867 -4.089075565338135 -8.884476661682129
			vertex 6.123233998228043e-16 -3.8268344402313232 -9.238795280456543
			vertex 6.123233998228043e-16 -5.555702209472656 -8.314696311950684
		endloop
	endfacet
	facet normal -0.12050842800808453 -0.3143225373162581 -0.9416363742518074
		outer loop
			vertex -2.084592819213867 -4.089075565338135 -8.884476661682129
			vertex -2.0233471393585205 -2.0233471393585205 -9.581864356994629
			vertex 6.123233998228043e-16 -3.8268344402313232 -9.238795280456543
		endloop
	endfacet
	facet normal -0.09604163072495674 -0.2889427543463887 -0.952516713700297
		outer loop
			vertex -2.0233471393585205 -2.0233471393585205 -9.581864356994629
			vertex 6.123233998228043e-16 -1.9509031772613525 -9.807852745056152
			vertex 6.123233998228043e-16 -3.8268344402313232 -9.238795280456543
		endloop
	endfacet
	facet normal 0.09022921388998312 -0.4694738793626076 -0.8783239525124085
		outer loop
			vertex 6.123233998228043e-16 -5.555702209472656 -8.314696311950684
			vertex 6.123233998228043e-16 -3.8268344402313232 -9.238795280456543
			vertex 2.084592819213867 -4.089075565338135 -8.884476661682129
		endloop
	endfacet
	facet normal 0.09604163072495678 -0.2889427543463888 -0.952516713700297
		outer loop
			vertex 6.123233998228043e-16 -3.8268344402313232 -9.238795280456543
			vertex 6.123233998228043e-16 -1.9509031772613525 -9.807852745056152
			vertex 2.0233471393585205 -2.0233471393585205 -9.581864356994629
		endloop
	endfacet
	facet normal 0.12050842800808458 -0.3143225373162581 -0.9416363742518074
		outer loop
			vertex 6.123233998228043e-16 -3.8268344402313232 -9.238795280456543
			vertex 2.0233471393585205 -2.0233471393585205 -9.581864356994629
			vertex 2.084592819213867 -4.089075565338135 -8.884476661682129
		endloop
	endfacet
	facet normal -0.10659732567941443 -0.10659732567941443 -0.988571707220065
		outer loop
			vertex -2.0233471393585205 -2.0233471393585205 -9.581864356994629
			vertex -1.9509031772613525 6.123233998228043e-16 -9.807852745056152
			vertex 6.123233998228043e-16 -1.9509031772613525 -9.807852745056152
		endloop
	endfacet
	facet normal -0.09754969457091414 -0.09754969457091414 -0.9904383444607961
		outer loop
			vertex -1.9509031772613525 6.123233998228043e-16 -9.807852745056152
			vertex 6.123233998228043e-16 6.123233998228043e-16 -10
			vertex 6.123233998228043e-16 -1.9509031772613525 -9.807852745056152
		endloop
	endfacet
	facet normal 0.1065973256794145 -0.10659732567941443 -0.988571707220065
		outer loop
			vertex 6.123233998228043e-16 -1.9509031772613525 -9.807852745056152
			vertex 1.9509031772613525 6.123233998228043e-16 -9.807852745056152
			vertex 2.0233471393585205 -2.0233471393585205 -9.581864356994629
		endloop
	endfacet
	facet normal 0.09754969457091422 -0.09754969457091417 -0.9904383444607963
		outer loop
			vertex 6.123233998228043e-16 -1.9509031772613525 -9.807852745056152
			vertex 6.123233998228043e-16 6.123233998228043e-16 -10
			vertex 1.9509031772613525 6.123233998228043e-16 -9.807852745056152
		endloop
	endfacet
	facet normal 0.30049211081649546 -0.4961495144099267 -0.8145797386921927
		outer loop
			vertex 2.120148181915283 -6.037671089172363 -7.684497356414795
			vertex 2.084592819213867 -4.089075565338135 -8.884476661682129
			vertex 4.297662734985352 -4.297662734985352 -7.941044807434082
		endloop
	endfacet
	facet normal 0.29745587455952394 -0.29745587455952394 -0.9072155231145781
		outer loop
			vertex 2.084592819213867 -4.089075565338135 -8.884476661682129
			vertex 2.0233471393585205 -2.0233471393585205 -9.581864356994629
			vertex 4.089075565338135 -2.084592819213867 -8.884476661682129
		endloop
	endfacet
	facet normal 0.3412200659582193 -0.3412200659582193 -0.8758639923954731
		outer loop
			vertex 2.084592819213867 -4.089075565338135 -8.884476661682129
			vertex 4.089075565338135 -2.084592819213867 -8.884476661682129
			vertex 4.297662734985352 -4.297662734985352 -7.941044807434082
		endloop
	endfacet
	facet normal 0.49614956758073225 -0.300492094556114 -0.8145797123048991
		outer loop
			vertex 4.297662734985352 -4.297662734985352 -7.941044807434082
			vertex 4.089075565338135 -2.084592819213867 -8.884476661682129
			vertex 6 -2.1672909259796143 -7.690051555633545
		endloop
	endfacet
	facet normal 0.51121247887084 -0.5112127963977131 -0.6908858648474155
		outer loop
			vertex 4.297662734985352 -4.297662734985352 -7.941044807434082
			vertex 6 -4.364774227142334 -6.631762981414795
			vertex 6 -4.735960483551025 -6.357108116149902
		endloop
	endfacet
	facet normal 0.5599467087639302 -0.3594951326741789 -0.7464736652608832
		outer loop
			vertex 4.297662734985352 -4.297662734985352 -7.941044807434082
			vertex 6 -2.1672909259796143 -7.690051555633545
			vertex 6 -4.364774227142334 -6.631762981414795
		endloop
	endfacet
	facet normal 0.3143225373162581 -0.12050842800808453 -0.9416363742518074
		outer loop
			vertex 2.0233471393585205 -2.0233471393585205 -9.581864356994629
			vertex 3.8268344402313232 6.123233998228043e-16 -9.238795280456543
			vertex 4.089075565338135 -2.084592819213867 -8.884476661682129
		endloop
	endfacet
	facet normal 0.2889427543463887 -0.09604163072495674 -0.952516713700297
		outer loop
			vertex 2.0233471393585205 -2.0233471393585205 -9.581864356994629
			vertex 1.9509031772613525 6.123233998228043e-16 -9.807852745056152
			vertex 3.8268344402313232 6.123233998228043e-16 -9.238795280456543
		endloop
	endfacet
	facet normal 0.49614878395753903 -0.30049604539938024 -0.8145787321534913
		outer loop
			vertex 4.089075565338135 -2.084592819213867 -8.884476661682129
			vertex 6 -2.1194608211517334 -7.707695960998535
			vertex 6 -2.1672909259796143 -7.690051555633545
		endloop
	endfacet
	facet normal 0.5179101375013754 -0.13342412338248352 -0.844965734673852
		outer loop
			vertex 4.089075565338135 -2.084592819213867 -8.884476661682129
			vertex 6 -1.9544360637664795 -7.7337541580200195
			vertex 6 -2.1194608211517334 -7.707695960998535
		endloop
	endfacet
	facet normal 0.517910128131136 -0.13342459895399075 -0.8449656653220633
		outer loop
			vertex 4.089075565338135 -2.084592819213867 -8.884476661682129
			vertex 5.555702209472656 6.123233998228043e-16 -8.314696311950684
			vertex 6 -1.9544360637664795 -7.7337541580200195
		endloop
	endfacet
	facet normal 0.4694738793626076 -0.09022921388998308 -0.8783239525124085
		outer loop
			vertex 4.089075565338135 -2.084592819213867 -8.884476661682129
			vertex 3.8268344402313232 6.123233998228043e-16 -9.238795280456543
			vertex 5.555702209472656 6.123233998228043e-16 -8.314696311950684
		endloop
	endfacet
	facet normal 0.6320842652912283 -0.08524505710076603 -0.7701965734870128
		outer loop
			vertex 5.555702209472656 6.123233998228043e-16 -8.314696311950684
			vertex 6 6.123233998228043e-16 -7.950070381164551
			vertex 6 -1.9544360637664795 -7.7337541580200195
		endloop
	endfacet
	facet normal -0.6320841277880284 -0.7701966804950696 0.085245109846978
		outer loop
			vertex -5.555702209472656 -8.314696311950684 6.123233998228043e-16
			vertex -6.037671089172363 -7.684497356414795 2.120148181915283
			vertex -7.071067810058594 -7.071067810058594 6.123233998228043e-16
		endloop
	endfacet
	facet normal -0.8449656667327619 -0.5179101262668349 0.1334245972567664
		outer loop
			vertex -8.314696311950684 -5.555702209472656 6.123233998228043e-16
			vertex -7.684497356414795 -6.037671089172363 2.120148181915283
			vertex -8.884476661682129 -4.089075565338135 2.084592819213867
		endloop
	endfacet
	facet normal -0.7002709735414635 -0.7002709735414635 0.1387123903282684
		outer loop
			vertex -7.684497356414795 -6.037671089172363 2.120148181915283
			vertex -7.071067810058594 -7.071067810058594 6.123233998228043e-16
			vertex -6.037671089172363 -7.684497356414795 2.120148181915283
		endloop
	endfacet
	facet normal -0.7701966804950696 -0.6320841277880284 0.085245109846978
		outer loop
			vertex -8.314696311950684 -5.555702209472656 6.123233998228043e-16
			vertex -7.071067810058594 -7.071067810058594 6.123233998228043e-16
			vertex -7.684497356414795 -6.037671089172363 2.120148181915283
		endloop
	endfacet
	facet normal -0.6743314888600394 -0.6743314888600394 0.3009220601145843
		outer loop
			vertex -7.684497356414795 -6.037671089172363 2.120148181915283
			vertex -6.037671089172363 -7.684497356414795 2.120148181915283
			vertex -6.357108116149902 -6.357108116149902 4.378852367401123
		endloop
	endfacet
	facet normal -0.746473622400746 -0.5599467147812984 0.3594952122984947
		outer loop
			vertex -7.684497356414795 -6.037671089172363 2.120148181915283
			vertex -6.357108116149902 -6.357108116149902 4.378852367401123
			vertex -7.941044807434082 -4.297662734985352 4.297662734985352
		endloop
	endfacet
	facet normal -0.4694738793626076 -0.8783239525124085 0.09022921388998312
		outer loop
			vertex -5.555702209472656 -8.314696311950684 6.123233998228043e-16
			vertex -3.8268344402313232 -9.238795280456543 6.123233998228043e-16
			vertex -4.089075565338135 -8.884476661682129 2.084592819213867
		endloop
	endfacet
	facet normal -0.5179101262668349 -0.8449656667327619 0.1334245972567664
		outer loop
			vertex -5.555702209472656 -8.314696311950684 6.123233998228043e-16
			vertex -4.089075565338135 -8.884476661682129 2.084592819213867
			vertex -6.037671089172363 -7.684497356414795 2.120148181915283
		endloop
	endfacet
	facet normal -0.2889427543463888 -0.952516713700297 0.09604163072495678
		outer loop
			vertex -3.8268344402313232 -9.238795280456543 6.123233998228043e-16
			vertex -1.9509031772613525 -9.807852745056152 6.123233998228043e-16
			vertex -2.0233471393585205 -9.581864356994629 2.0233471393585205
		endloop
	endfacet
	facet normal -0.31432253731625814 -0.9416363742518076 0.1205084280080846
		outer loop
			vertex -3.8268344402313232 -9.238795280456543 6.123233998228043e-16
			vertex -2.0233471393585205 -9.581864356994629 2.0233471393585205
			vertex -4.089075565338135 -8.884476661682129 2.084592819213867
		endloop
	endfacet
	facet normal -0.4961495144099267 -0.8145797386921927 0.30049211081649546
		outer loop
			vertex -6.037671089172363 -7.684497356414795 2.120148181915283
			vertex -4.089075565338135 -8.884476661682129 2.084592819213867
			vertex -4.297662734985352 -7.941044807434082 4.297662734985352
		endloop
	endfacet
	facet normal -0.29745587455952394 -0.9072155231145781 0.29745587455952394
		outer loop
			vertex -4.089075565338135 -8.884476661682129 2.084592819213867
			vertex -2.0233471393585205 -9.581864356994629 2.0233471393585205
			vertex -2.084592819213867 -8.884476661682129 4.089075565338135
		endloop
	endfacet
	facet normal -0.34122006595821924 -0.8758639923954729 0.34122006595821924
		outer loop
			vertex -4.089075565338135 -8.884476661682129 2.084592819213867
			vertex -2.084592819213867 -8.884476661682129 4.089075565338135
			vertex -4.297662734985352 -7.941044807434082 4.297662734985352
		endloop
	endfacet
	facet normal -0.30049211081649546 -0.8145797386921927 0.4961495144099267
		outer loop
			vertex -4.297662734985352 -7.941044807434082 4.297662734985352
			vertex -2.084592819213867 -8.884476661682129 4.089075565338135
			vertex -2.120148181915283 -7.684497356414795 6.037671089172363
		endloop
	endfacet
	facet normal -0.5599467147812984 -0.746473622400746 0.3594952122984947
		outer loop
			vertex -6.037671089172363 -7.684497356414795 2.120148181915283
			vertex -4.297662734985352 -7.941044807434082 4.297662734985352
			vertex -6.357108116149902 -6.357108116149902 4.378852367401123
		endloop
	endfacet
	facet normal -0.6908859310700629 -0.5112125928855099 0.5112125928855099
		outer loop
			vertex -6.357108116149902 -6.357108116149902 4.378852367401123
			vertex -6.357108116149902 -4.378852367401123 6.357108116149902
			vertex -7.941044807434082 -4.297662734985352 4.297662734985352
		endloop
	endfacet
	facet normal -0.5112125928855099 -0.6908859310700629 0.5112125928855099
		outer loop
			vertex -6.357108116149902 -6.357108116149902 4.378852367401123
			vertex -4.297662734985352 -7.941044807434082 4.297662734985352
			vertex -4.378852367401123 -6.357108116149902 6.357108116149902
		endloop
	endfacet
	facet normal -0.5773502691896258 -0.5773502691896258 0.5773502691896258
		outer loop
			vertex -6.357108116149902 -6.357108116149902 4.378852367401123
			vertex -4.378852367401123 -6.357108116149902 6.357108116149902
			vertex -6.357108116149902 -4.378852367401123 6.357108116149902
		endloop
	endfacet
	facet normal -0.5112125928855099 -0.5112125928855099 0.6908859310700629
		outer loop
			vertex -6.357108116149902 -4.378852367401123 6.357108116149902
			vertex -4.378852367401123 -6.357108116149902 6.357108116149902
			vertex -4.297662734985352 -4.297662734985352 7.941044807434082
		endloop
	endfacet
	facet normal -0.3594952122984947 -0.746473622400746 0.5599467147812984
		outer loop
			vertex -4.297662734985352 -7.941044807434082 4.297662734985352
			vertex -2.120148181915283 -7.684497356414795 6.037671089172363
			vertex -4.378852367401123 -6.357108116149902 6.357108116149902
		endloop
	endfacet
	facet normal -0.3009220601145843 -0.6743314888600394 0.6743314888600394
		outer loop
			vertex -4.378852367401123 -6.357108116149902 6.357108116149902
			vertex -2.120148181915283 -7.684497356414795 6.037671089172363
			vertex -2.120148181915283 -6.037671089172363 7.684497356414795
		endloop
	endfacet
	facet normal -0.3594952122984947 -0.5599467147812984 0.746473622400746
		outer loop
			vertex -4.378852367401123 -6.357108116149902 6.357108116149902
			vertex -2.120148181915283 -6.037671089172363 7.684497356414795
			vertex -4.297662734985352 -4.297662734985352 7.941044807434082
		endloop
	endfacet
	facet normal -0.8783239525124086 -0.4694738793626076 0.09022921388998312
		outer loop
			vertex -8.314696311950684 -5.555702209472656 6.123233998228043e-16
			vertex -8.884476661682129 -4.089075565338135 2.084592819213867
			vertex -9.238795280456543 -3.8268344402313232 6.123233998228043e-16
		endloop
	endfacet
	facet normal -0.952516713700297 -0.2889427543463888 0.09604163072495678
		outer loop
			vertex -9.238795280456543 -3.8268344402313232 6.123233998228043e-16
			vertex -9.581864356994629 -2.0233471393585205 2.0233471393585205
			vertex -9.807852745056152 -1.9509031772613525 6.123233998228043e-16
		endloop
	endfacet
	facet normal -0.9416363742518076 -0.31432253731625814 0.1205084280080846
		outer loop
			vertex -9.238795280456543 -3.8268344402313232 6.123233998228043e-16
			vertex -8.884476661682129 -4.089075565338135 2.084592819213867
			vertex -9.581864356994629 -2.0233471393585205 2.0233471393585205
		endloop
	endfacet
	facet normal -0.8145797386921927 -0.4961495144099267 0.30049211081649546
		outer loop
			vertex -7.684497356414795 -6.037671089172363 2.120148181915283
			vertex -7.941044807434082 -4.297662734985352 4.297662734985352
			vertex -8.884476661682129 -4.089075565338135 2.084592819213867
		endloop
	endfacet
	facet normal -0.9072155231145781 -0.29745587455952394 0.29745587455952394
		outer loop
			vertex -8.884476661682129 -4.089075565338135 2.084592819213867
			vertex -8.884476661682129 -2.084592819213867 4.089075565338135
			vertex -9.581864356994629 -2.0233471393585205 2.0233471393585205
		endloop
	endfacet
	facet normal -0.8758639923954729 -0.34122006595821924 0.34122006595821924
		outer loop
			vertex -8.884476661682129 -4.089075565338135 2.084592819213867
			vertex -7.941044807434082 -4.297662734985352 4.297662734985352
			vertex -8.884476661682129 -2.084592819213867 4.089075565338135
		endloop
	endfacet
	facet normal -0.8145797386921927 -0.30049211081649546 0.4961495144099267
		outer loop
			vertex -7.941044807434082 -4.297662734985352 4.297662734985352
			vertex -7.684497356414795 -2.120148181915283 6.037671089172363
			vertex -8.884476661682129 -2.084592819213867 4.089075565338135
		endloop
	endfacet
	facet normal -0.988571707220065 -0.10659732567941445 0.10659732567941449
		outer loop
			vertex -9.807852745056152 -1.9509031772613525 6.123233998228043e-16
			vertex -9.581864356994629 -2.0233471393585205 2.0233471393585205
			vertex -9.807852745056152 6.123233998228043e-16 1.9509031772613525
		endloop
	endfacet
	facet normal -0.9904383444607963 -0.09754969457091417 0.09754969457091422
		outer loop
			vertex -9.807852745056152 -1.9509031772613525 6.123233998228043e-16
			vertex -9.807852745056152 6.123233998228043e-16 1.9509031772613525
			vertex -10 6.123233998228043e-16 6.123233998228043e-16
		endloop
	endfacet
	facet normal -0.9416363742518076 -0.12050842800808456 0.31432253731625814
		outer loop
			vertex -9.581864356994629 -2.0233471393585205 2.0233471393585205
			vertex -8.884476661682129 -2.084592819213867 4.089075565338135
			vertex -9.238795280456543 6.123233998228043e-16 3.8268344402313232
		endloop
	endfacet
	facet normal -0.952516713700297 -0.09604163072495674 0.2889427543463887
		outer loop
			vertex -9.581864356994629 -2.0233471393585205 2.0233471393585205
			vertex -9.238795280456543 6.123233998228043e-16 3.8268344402313232
			vertex -9.807852745056152 6.123233998228043e-16 1.9509031772613525
		endloop
	endfacet
	facet normal -0.8783239525124085 -0.09022921388998308 0.4694738793626076
		outer loop
			vertex -8.884476661682129 -2.084592819213867 4.089075565338135
			vertex -8.314696311950684 6.123233998228043e-16 5.555702209472656
			vertex -9.238795280456543 6.123233998228043e-16 3.8268344402313232
		endloop
	endfacet
	facet normal -0.746473622400746 -0.3594952122984947 0.5599467147812984
		outer loop
			vertex -7.941044807434082 -4.297662734985352 4.297662734985352
			vertex -6.357108116149902 -4.378852367401123 6.357108116149902
			vertex -7.684497356414795 -2.120148181915283 6.037671089172363
		endloop
	endfacet
	facet normal -0.6743314888600394 -0.3009220601145843 0.6743314888600394
		outer loop
			vertex -7.684497356414795 -2.120148181915283 6.037671089172363
			vertex -6.357108116149902 -4.378852367401123 6.357108116149902
			vertex -6.037671089172363 -2.120148181915283 7.684497356414795
		endloop
	endfacet
	facet normal -0.8449656667327619 -0.13342459725676634 0.5179101262668349
		outer loop
			vertex -8.884476661682129 -2.084592819213867 4.089075565338135
			vertex -7.684497356414795 -2.120148181915283 6.037671089172363
			vertex -8.314696311950684 6.123233998228043e-16 5.555702209472656
		endloop
	endfacet
	facet normal -0.7002709735414635 -0.13871239032826838 0.7002709735414635
		outer loop
			vertex -7.684497356414795 -2.120148181915283 6.037671089172363
			vertex -6.037671089172363 -2.120148181915283 7.684497356414795
			vertex -7.071067810058594 6.123233998228043e-16 7.071067810058594
		endloop
	endfacet
	facet normal -0.7701966804950696 -0.08524510984697796 0.6320841277880282
		outer loop
			vertex -7.684497356414795 -2.120148181915283 6.037671089172363
			vertex -7.071067810058594 6.123233998228043e-16 7.071067810058594
			vertex -8.314696311950684 6.123233998228043e-16 5.555702209472656
		endloop
	endfacet
	facet normal -0.6320841277880282 -0.08524510984697796 0.7701966804950696
		outer loop
			vertex -6.037671089172363 -2.120148181915283 7.684497356414795
			vertex -5.555702209472656 6.123233998228043e-16 8.314696311950684
			vertex -7.071067810058594 6.123233998228043e-16 7.071067810058594
		endloop
	endfacet
	facet normal -0.5599467147812984 -0.3594952122984947 0.746473622400746
		outer loop
			vertex -6.357108116149902 -4.378852367401123 6.357108116149902
			vertex -4.297662734985352 -4.297662734985352 7.941044807434082
			vertex -6.037671089172363 -2.120148181915283 7.684497356414795
		endloop
	endfacet
	facet normal -0.4961495144099267 -0.30049211081649546 0.8145797386921927
		outer loop
			vertex -6.037671089172363 -2.120148181915283 7.684497356414795
			vertex -4.297662734985352 -4.297662734985352 7.941044807434082
			vertex -4.089075565338135 -2.084592819213867 8.884476661682129
		endloop
	endfacet
	facet normal -0.30049211081649546 -0.4961495144099267 0.8145797386921927
		outer loop
			vertex -2.120148181915283 -6.037671089172363 7.684497356414795
			vertex -2.084592819213867 -4.089075565338135 8.884476661682129
			vertex -4.297662734985352 -4.297662734985352 7.941044807434082
		endloop
	endfacet
	facet normal -0.3412200659582193 -0.3412200659582193 0.8758639923954731
		outer loop
			vertex -4.297662734985352 -4.297662734985352 7.941044807434082
			vertex -2.084592819213867 -4.089075565338135 8.884476661682129
			vertex -4.089075565338135 -2.084592819213867 8.884476661682129
		endloop
	endfacet
	facet normal -0.29745587455952394 -0.29745587455952394 0.9072155231145781
		outer loop
			vertex -4.089075565338135 -2.084592819213867 8.884476661682129
			vertex -2.084592819213867 -4.089075565338135 8.884476661682129
			vertex -2.0233471393585205 -2.0233471393585205 9.581864356994629
		endloop
	endfacet
	facet normal -0.5179101262668349 -0.13342459725676634 0.8449656667327619
		outer loop
			vertex -6.037671089172363 -2.120148181915283 7.684497356414795
			vertex -4.089075565338135 -2.084592819213867 8.884476661682129
			vertex -5.555702209472656 6.123233998228043e-16 8.314696311950684
		endloop
	endfacet
	facet normal -0.4694738793626076 -0.09022921388998308 0.8783239525124085
		outer loop
			vertex -4.089075565338135 -2.084592819213867 8.884476661682129
			vertex -3.8268344402313232 6.123233998228043e-16 9.238795280456543
			vertex -5.555702209472656 6.123233998228043e-16 8.314696311950684
		endloop
	endfacet
	facet normal -0.3143225373162581 -0.12050842800808453 0.9416363742518074
		outer loop
			vertex -4.089075565338135 -2.084592819213867 8.884476661682129
			vertex -2.0233471393585205 -2.0233471393585205 9.581864356994629
			vertex -3.8268344402313232 6.123233998228043e-16 9.238795280456543
		endloop
	endfacet
	facet normal -0.2889427543463887 -0.09604163072495674 0.952516713700297
		outer loop
			vertex -2.0233471393585205 -2.0233471393585205 9.581864356994629
			vertex -1.9509031772613525 6.123233998228043e-16 9.807852745056152
			vertex -3.8268344402313232 6.123233998228043e-16 9.238795280456543
		endloop
	endfacet
	facet normal -0.09754969457091417 -0.9904383444607963 0.09754969457091422
		outer loop
			vertex -1.9509031772613525 -9.807852745056152 6.123233998228043e-16
			vertex 6.123233998228043e-16 -10 6.123233998228043e-16
			vertex 6.123233998228043e-16 -9.807852745056152 1.9509031772613525
		endloop
	endfacet
	facet normal -0.10659732567941443 -0.988571707220065 0.1065973256794145
		outer loop
			vertex -1.9509031772613525 -9.807852745056152 6.123233998228043e-16
			vertex 6.123233998228043e-16 -9.807852745056152 1.9509031772613525
			vertex -2.0233471393585205 -9.581864356994629 2.0233471393585205
		endloop
	endfacet
	facet normal 0.09754969457091424 -0.9904383444607963 0.09754969457091424
		outer loop
			vertex 6.123233998228043e-16 -10 6.123233998228043e-16
			vertex 1.9509031772613525 -9.807852745056152 6.123233998228043e-16
			vertex 6.123233998228043e-16 -9.807852745056152 1.9509031772613525
		endloop
	endfacet
	facet normal 0.10659732567941449 -0.988571707220065 0.10659732567941449
		outer loop
			vertex 6.123233998228043e-16 -9.807852745056152 1.9509031772613525
			vertex 1.9509031772613525 -9.807852745056152 6.123233998228043e-16
			vertex 2.0233471393585205 -9.581864356994629 2.0233471393585205
		endloop
	endfacet
	facet normal -0.12050842800808456 -0.9416363742518076 0.31432253731625814
		outer loop
			vertex -2.0233471393585205 -9.581864356994629 2.0233471393585205
			vertex 6.123233998228043e-16 -9.238795280456543 3.8268344402313232
			vertex -2.084592819213867 -8.884476661682129 4.089075565338135
		endloop
	endfacet
	facet normal -0.09604163072495674 -0.952516713700297 0.2889427543463887
		outer loop
			vertex -2.0233471393585205 -9.581864356994629 2.0233471393585205
			vertex 6.123233998228043e-16 -9.807852745056152 1.9509031772613525
			vertex 6.123233998228043e-16 -9.238795280456543 3.8268344402313232
		endloop
	endfacet
	facet normal -0.09022921388998308 -0.8783239525124085 0.4694738793626076
		outer loop
			vertex -2.084592819213867 -8.884476661682129 4.089075565338135
			vertex 6.123233998228043e-16 -9.238795280456543 3.8268344402313232
			vertex 6.123233998228043e-16 -8.314696311950684 5.555702209472656
		endloop
	endfacet
	facet normal 0.09604163072495678 -0.952516713700297 0.2889427543463888
		outer loop
			vertex 6.123233998228043e-16 -9.807852745056152 1.9509031772613525
			vertex 2.0233471393585205 -9.581864356994629 2.0233471393585205
			vertex 6.123233998228043e-16 -9.238795280456543 3.8268344402313232
		endloop
	endfacet
	facet normal 0.1205084280080846 -0.9416363742518076 0.31432253731625814
		outer loop
			vertex 2.0233471393585205 -9.581864356994629 2.0233471393585205
			vertex 2.084592819213867 -8.884476661682129 4.089075565338135
			vertex 6.123233998228043e-16 -9.238795280456543 3.8268344402313232
		endloop
	endfacet
	facet normal 0.09022921388998312 -0.8783239525124086 0.4694738793626076
		outer loop
			vertex 6.123233998228043e-16 -9.238795280456543 3.8268344402313232
			vertex 2.084592819213867 -8.884476661682129 4.089075565338135
			vertex 6.123233998228043e-16 -8.314696311950684 5.555702209472656
		endloop
	endfacet
	facet normal 0.2889427543463888 -0.952516713700297 0.09604163072495678
		outer loop
			vertex 1.9509031772613525 -9.807852745056152 6.123233998228043e-16
			vertex 3.8268344402313232 -9.238795280456543 6.123233998228043e-16
			vertex 2.0233471393585205 -9.581864356994629 2.0233471393585205
		endloop
	endfacet
	facet normal 0.31432253731625814 -0.9416363742518076 0.1205084280080846
		outer loop
			vertex 2.0233471393585205 -9.581864356994629 2.0233471393585205
			vertex 3.8268344402313232 -9.238795280456543 6.123233998228043e-16
			vertex 4.089075565338135 -8.884476661682129 2.084592819213867
		endloop
	endfacet
	facet normal 0.4694738793626076 -0.8783239525124085 0.09022921388998312
		outer loop
			vertex 3.8268344402313232 -9.238795280456543 6.123233998228043e-16
			vertex 5.555702209472656 -8.314696311950684 6.123233998228043e-16
			vertex 4.089075565338135 -8.884476661682129 2.084592819213867
		endloop
	endfacet
	facet normal 0.6320842652912284 -0.7701965734870128 0.08524505710076609
		outer loop
			vertex 5.555702209472656 -8.314696311950684 6.123233998228043e-16
			vertex 6 -7.950070381164551 6.123233998228043e-16
			vertex 6 -7.7337541580200195 1.9544360637664795
		endloop
	endfacet
	facet normal 0.5179101281311359 -0.8449656653220634 0.13342459895399084
		outer loop
			vertex 4.089075565338135 -8.884476661682129 2.084592819213867
			vertex 5.555702209472656 -8.314696311950684 6.123233998228043e-16
			vertex 6 -7.7337541580200195 1.9544360637664795
		endloop
	endfacet
	facet normal 0.5179101375013754 -0.844965734673852 0.13342412338248352
		outer loop
			vertex 4.089075565338135 -8.884476661682129 2.084592819213867
			vertex 6 -7.7337541580200195 1.9544360637664795
			vertex 6 -7.707695960998535 2.1194608211517334
		endloop
	endfacet
	facet normal 0.4961487839575389 -0.8145787321534911 0.3004960453993802
		outer loop
			vertex 4.089075565338135 -8.884476661682129 2.084592819213867
			vertex 6 -7.707695960998535 2.1194608211517334
			vertex 6 -7.690051555633545 2.1672909259796143
		endloop
	endfacet
	facet normal 0.29745587455952394 -0.9072155231145781 0.29745587455952394
		outer loop
			vertex 2.0233471393585205 -9.581864356994629 2.0233471393585205
			vertex 4.089075565338135 -8.884476661682129 2.084592819213867
			vertex 2.084592819213867 -8.884476661682129 4.089075565338135
		endloop
	endfacet
	facet normal 0.34122006595821924 -0.8758639923954729 0.34122006595821924
		outer loop
			vertex 2.084592819213867 -8.884476661682129 4.089075565338135
			vertex 4.089075565338135 -8.884476661682129 2.084592819213867
			vertex 4.297662734985352 -7.941044807434082 4.297662734985352
		endloop
	endfacet
	facet normal 0.30049211081649546 -0.8145797386921927 0.4961495144099267
		outer loop
			vertex 2.084592819213867 -8.884476661682129 4.089075565338135
			vertex 4.297662734985352 -7.941044807434082 4.297662734985352
			vertex 2.120148181915283 -7.684497356414795 6.037671089172363
		endloop
	endfacet
	facet normal 0.49614956758073225 -0.8145797123048991 0.300492094556114
		outer loop
			vertex 4.089075565338135 -8.884476661682129 2.084592819213867
			vertex 6 -7.690051555633545 2.1672909259796143
			vertex 4.297662734985352 -7.941044807434082 4.297662734985352
		endloop
	endfacet
	facet normal 0.5599467087639302 -0.7464736652608832 0.3594951326741789
		outer loop
			vertex 4.297662734985352 -7.941044807434082 4.297662734985352
			vertex 6 -7.690051555633545 2.1672909259796143
			vertex 6 -6.631762981414795 4.364774227142334
		endloop
	endfacet
	facet normal 0.51121247887084 -0.6908858648474155 0.5112127963977131
		outer loop
			vertex 4.297662734985352 -7.941044807434082 4.297662734985352
			vertex 6 -6.631762981414795 4.364774227142334
			vertex 6 -6.357108116149902 4.735960483551025
		endloop
	endfacet
	facet normal -0.13342459725676634 -0.8449656667327619 0.5179101262668349
		outer loop
			vertex -2.084592819213867 -8.884476661682129 4.089075565338135
			vertex 6.123233998228043e-16 -8.314696311950684 5.555702209472656
			vertex -2.120148181915283 -7.684497356414795 6.037671089172363
		endloop
	endfacet
	facet normal -0.08524510984697796 -0.7701966804950696 0.6320841277880282
		outer loop
			vertex -2.120148181915283 -7.684497356414795 6.037671089172363
			vertex 6.123233998228043e-16 -8.314696311950684 5.555702209472656
			vertex 6.123233998228043e-16 -7.071067810058594 7.071067810058594
		endloop
	endfacet
	facet normal 0.085245109846978 -0.7701966804950696 0.6320841277880284
		outer loop
			vertex 6.123233998228043e-16 -8.314696311950684 5.555702209472656
			vertex 2.120148181915283 -7.684497356414795 6.037671089172363
			vertex 6.123233998228043e-16 -7.071067810058594 7.071067810058594
		endloop
	endfacet
	facet normal 0.1334245972567664 -0.8449656667327619 0.5179101262668349
		outer loop
			vertex 2.084592819213867 -8.884476661682129 4.089075565338135
			vertex 2.120148181915283 -7.684497356414795 6.037671089172363
			vertex 6.123233998228043e-16 -8.314696311950684 5.555702209472656
		endloop
	endfacet
	facet normal -0.13871239032826838 -0.7002709735414635 0.7002709735414635
		outer loop
			vertex -2.120148181915283 -7.684497356414795 6.037671089172363
			vertex 6.123233998228043e-16 -7.071067810058594 7.071067810058594
			vertex -2.120148181915283 -6.037671089172363 7.684497356414795
		endloop
	endfacet
	facet normal 0.1387123903282684 -0.7002709735414635 0.7002709735414635
		outer loop
			vertex 2.120148181915283 -7.684497356414795 6.037671089172363
			vertex 2.120148181915283 -6.037671089172363 7.684497356414795
			vertex 6.123233998228043e-16 -7.071067810058594 7.071067810058594
		endloop
	endfacet
	facet normal -0.13342459725676634 -0.5179101262668349 0.8449656667327619
		outer loop
			vertex -2.120148181915283 -6.037671089172363 7.684497356414795
			vertex 6.123233998228043e-16 -5.555702209472656 8.314696311950684
			vertex -2.084592819213867 -4.089075565338135 8.884476661682129
		endloop
	endfacet
	facet normal -0.08524510984697796 -0.6320841277880282 0.7701966804950696
		outer loop
			vertex -2.120148181915283 -6.037671089172363 7.684497356414795
			vertex 6.123233998228043e-16 -7.071067810058594 7.071067810058594
			vertex 6.123233998228043e-16 -5.555702209472656 8.314696311950684
		endloop
	endfacet
	facet normal 0.085245109846978 -0.6320841277880284 0.7701966804950696
		outer loop
			vertex 6.123233998228043e-16 -7.071067810058594 7.071067810058594
			vertex 2.120148181915283 -6.037671089172363 7.684497356414795
			vertex 6.123233998228043e-16 -5.555702209472656 8.314696311950684
		endloop
	endfacet
	facet normal 0.1334245972567664 -0.5179101262668349 0.8449656667327619
		outer loop
			vertex 6.123233998228043e-16 -5.555702209472656 8.314696311950684
			vertex 2.120148181915283 -6.037671089172363 7.684497356414795
			vertex 2.084592819213867 -4.089075565338135 8.884476661682129
		endloop
	endfacet
	facet normal 0.3594952122984947 -0.746473622400746 0.5599467147812984
		outer loop
			vertex 4.297662734985352 -7.941044807434082 4.297662734985352
			vertex 4.378852367401123 -6.357108116149902 6.357108116149902
			vertex 2.120148181915283 -7.684497356414795 6.037671089172363
		endloop
	endfacet
	facet normal 0.3009220601145843 -0.6743314888600394 0.6743314888600394
		outer loop
			vertex 2.120148181915283 -7.684497356414795 6.037671089172363
			vertex 4.378852367401123 -6.357108116149902 6.357108116149902
			vertex 2.120148181915283 -6.037671089172363 7.684497356414795
		endloop
	endfacet
	facet normal 0.3594952122984947 -0.5599467147812984 0.746473622400746
		outer loop
			vertex 2.120148181915283 -6.037671089172363 7.684497356414795
			vertex 4.378852367401123 -6.357108116149902 6.357108116149902
			vertex 4.297662734985352 -4.297662734985352 7.941044807434082
		endloop
	endfacet
	facet normal 0.5112125928855099 -0.6908859310700629 0.5112125928855099
		outer loop
			vertex 4.297662734985352 -7.941044807434082 4.297662734985352
			vertex 6 -6.357108116149902 4.735960483551025
			vertex 4.378852367401123 -6.357108116149902 6.357108116149902
		endloop
	endfacet
	facet normal 0.5773502691896257 -0.5773502691896257 0.5773502691896257
		outer loop
			vertex 4.378852367401123 -6.357108116149902 6.357108116149902
			vertex 6 -6.357108116149902 4.735960483551025
			vertex 6 -4.735960483551025 6.357108116149902
		endloop
	endfacet
	facet normal 0.5112125928855099 -0.5112125928855099 0.6908859310700629
		outer loop
			vertex 4.378852367401123 -6.357108116149902 6.357108116149902
			vertex 6 -4.735960483551025 6.357108116149902
			vertex 4.297662734985352 -4.297662734985352 7.941044807434082
		endloop
	endfacet
	facet normal -0.09022921388998308 -0.4694738793626076 0.8783239525124085
		outer loop
			vertex -2.084592819213867 -4.089075565338135 8.884476661682129
			vertex 6.123233998228043e-16 -5.555702209472656 8.314696311950684
			vertex 6.123233998228043e-16 -3.8268344402313232 9.238795280456543
		endloop
	endfacet
	facet normal -0.12050842800808453 -0.3143225373162581 0.9416363742518074
		outer loop
			vertex -2.084592819213867 -4.089075565338135 8.884476661682129
			vertex 6.123233998228043e-16 -3.8268344402313232 9.238795280456543
			vertex -2.0233471393585205 -2.0233471393585205 9.581864356994629
		endloop
	endfacet
	facet normal -0.09604163072495674 -0.2889427543463887 0.952516713700297
		outer loop
			vertex -2.0233471393585205 -2.0233471393585205 9.581864356994629
			vertex 6.123233998228043e-16 -3.8268344402313232 9.238795280456543
			vertex 6.123233998228043e-16 -1.9509031772613525 9.807852745056152
		endloop
	endfacet
	facet normal 0.09022921388998312 -0.4694738793626076 0.8783239525124086
		outer loop
			vertex 6.123233998228043e-16 -5.555702209472656 8.314696311950684
			vertex 2.084592819213867 -4.089075565338135 8.884476661682129
			vertex 6.123233998228043e-16 -3.8268344402313232 9.238795280456543
		endloop
	endfacet
	facet normal 0.09604163072495678 -0.2889427543463888 0.952516713700297
		outer loop
			vertex 6.123233998228043e-16 -3.8268344402313232 9.238795280456543
			vertex 2.0233471393585205 -2.0233471393585205 9.581864356994629
			vertex 6.123233998228043e-16 -1.9509031772613525 9.807852745056152
		endloop
	endfacet
	facet normal 0.12050842800808458 -0.3143225373162581 0.9416363742518074
		outer loop
			vertex 6.123233998228043e-16 -3.8268344402313232 9.238795280456543
			vertex 2.084592819213867 -4.089075565338135 8.884476661682129
			vertex 2.0233471393585205 -2.0233471393585205 9.581864356994629
		endloop
	endfacet
	facet normal -0.10659732567941443 -0.10659732567941443 0.988571707220065
		outer loop
			vertex -2.0233471393585205 -2.0233471393585205 9.581864356994629
			vertex 6.123233998228043e-16 -1.9509031772613525 9.807852745056152
			vertex -1.9509031772613525 6.123233998228043e-16 9.807852745056152
		endloop
	endfacet
	facet normal -0.09754969457091414 -0.09754969457091414 0.9904383444607961
		outer loop
			vertex -1.9509031772613525 6.123233998228043e-16 9.807852745056152
			vertex 6.123233998228043e-16 -1.9509031772613525 9.807852745056152
			vertex 6.123233998228043e-16 6.123233998228043e-16 10
		endloop
	endfacet
	facet normal 0.10659732567941449 -0.10659732567941445 0.988571707220065
		outer loop
			vertex 6.123233998228043e-16 -1.9509031772613525 9.807852745056152
			vertex 2.0233471393585205 -2.0233471393585205 9.581864356994629
			vertex 1.9509031772613525 6.123233998228043e-16 9.807852745056152
		endloop
	endfacet
	facet normal 0.09754969457091422 -0.09754969457091417 0.9904383444607963
		outer loop
			vertex 6.123233998228043e-16 -1.9509031772613525 9.807852745056152
			vertex 1.9509031772613525 6.123233998228043e-16 9.807852745056152
			vertex 6.123233998228043e-16 6.123233998228043e-16 10
		endloop
	endfacet
	facet normal 0.51121247887084 -0.5112127963977131 0.6908858648474155
		outer loop
			vertex 4.297662734985352 -4.297662734985352 7.941044807434082
			vertex 6 -4.735960483551025 6.357108116149902
			vertex 6 -4.364774227142334 6.631762981414795
		endloop
	endfacet
	facet normal 0.5599467087639302 -0.3594951326741789 0.7464736652608832
		outer loop
			vertex 4.297662734985352 -4.297662734985352 7.941044807434082
			vertex 6 -4.364774227142334 6.631762981414795
			vertex 6 -2.1672909259796143 7.690051555633545
		endloop
	endfacet
	facet normal 0.30049211081649546 -0.4961495144099267 0.8145797386921927
		outer loop
			vertex 2.120148181915283 -6.037671089172363 7.684497356414795
			vertex 4.297662734985352 -4.297662734985352 7.941044807434082
			vertex 2.084592819213867 -4.089075565338135 8.884476661682129
		endloop
	endfacet
	facet normal 0.3412200659582193 -0.3412200659582193 0.8758639923954731
		outer loop
			vertex 2.084592819213867 -4.089075565338135 8.884476661682129
			vertex 4.297662734985352 -4.297662734985352 7.941044807434082
			vertex 4.089075565338135 -2.084592819213867 8.884476661682129
		endloop
	endfacet
	facet normal 0.29745587455952394 -0.29745587455952394 0.9072155231145781
		outer loop
			vertex 2.084592819213867 -4.089075565338135 8.884476661682129
			vertex 4.089075565338135 -2.084592819213867 8.884476661682129
			vertex 2.0233471393585205 -2.0233471393585205 9.581864356994629
		endloop
	endfacet
	facet normal 0.49614956758073225 -0.300492094556114 0.8145797123048991
		outer loop
			vertex 4.297662734985352 -4.297662734985352 7.941044807434082
			vertex 6 -2.1672909259796143 7.690051555633545
			vertex 4.089075565338135 -2.084592819213867 8.884476661682129
		endloop
	endfacet
	facet normal 0.3143225373162581 -0.12050842800808453 0.9416363742518074
		outer loop
			vertex 2.0233471393585205 -2.0233471393585205 9.581864356994629
			vertex 4.089075565338135 -2.084592819213867 8.884476661682129
			vertex 3.8268344402313232 6.123233998228043e-16 9.238795280456543
		endloop
	endfacet
	facet normal 0.2889427543463887 -0.09604163072495674 0.952516713700297
		outer loop
			vertex 2.0233471393585205 -2.0233471393585205 9.581864356994629
			vertex 3.8268344402313232 6.123233998228043e-16 9.238795280456543
			vertex 1.9509031772613525 6.123233998228043e-16 9.807852745056152
		endloop
	endfacet
	facet normal 0.49614878395753903 -0.30049604539938024 0.8145787321534913
		outer loop
			vertex 4.089075565338135 -2.084592819213867 8.884476661682129
			vertex 6 -2.1672909259796143 7.690051555633545
			vertex 6 -2.1194608211517334 7.707695960998535
		endloop
	endfacet
	facet normal 0.5179101375013754 -0.13342412338248352 0.844965734673852
		outer loop
			vertex 4.089075565338135 -2.084592819213867 8.884476661682129
			vertex 6 -2.1194608211517334 7.707695960998535
			vertex 6 -1.9544360637664795 7.7337541580200195
		endloop
	endfacet
	facet normal 0.5179101281311359 -0.13342459895399075 0.8449656653220633
		outer loop
			vertex 4.089075565338135 -2.084592819213867 8.884476661682129
			vertex 6 -1.9544360637664795 7.7337541580200195
			vertex 5.555702209472656 6.123233998228043e-16 8.314696311950684
		endloop
	endfacet
	facet normal 0.6320842652912283 -0.08524505710076603 0.7701965734870128
		outer loop
			vertex 5.555702209472656 6.123233998228043e-16 8.314696311950684
			vertex 6 -1.9544360637664795 7.7337541580200195
			vertex 6 6.123233998228043e-16 7.950070381164551
		endloop
	endfacet
	facet normal 0.4694738793626076 -0.09022921388998308 0.8783239525124085
		outer loop
			vertex 4.089075565338135 -2.084592819213867 8.884476661682129
			vertex 5.555702209472656 6.123233998228043e-16 8.314696311950684
			vertex 3.8268344402313232 6.123233998228043e-16 9.238795280456543
		endloop
	endfacet
	facet normal -0.6320841277880284 0.085245109846978 -0.7701966804950696
		outer loop
			vertex -5.555702209472656 6.123233998228043e-16 -8.314696311950684
			vertex -7.071067810058594 6.123233998228043e-16 -7.071067810058594
			vertex -6.037671089172363 2.120148181915283 -7.684497356414795
		endloop
	endfacet
	facet normal -0.8449656667327619 0.1334245972567664 -0.5179101262668349
		outer loop
			vertex -8.314696311950684 6.123233998228043e-16 -5.555702209472656
			vertex -8.884476661682129 2.084592819213867 -4.089075565338135
			vertex -7.684497356414795 2.120148181915283 -6.037671089172363
		endloop
	endfacet
	facet normal -0.7701966804950696 0.085245109846978 -0.6320841277880284
		outer loop
			vertex -8.314696311950684 6.123233998228043e-16 -5.555702209472656
			vertex -7.684497356414795 2.120148181915283 -6.037671089172363
			vertex -7.071067810058594 6.123233998228043e-16 -7.071067810058594
		endloop
	endfacet
	facet normal -0.7002709735414635 0.1387123903282684 -0.7002709735414635
		outer loop
			vertex -7.684497356414795 2.120148181915283 -6.037671089172363
			vertex -6.037671089172363 2.120148181915283 -7.684497356414795
			vertex -7.071067810058594 6.123233998228043e-16 -7.071067810058594
		endloop
	endfacet
	facet normal -0.6743314888600394 0.3009220601145843 -0.6743314888600394
		outer loop
			vertex -7.684497356414795 2.120148181915283 -6.037671089172363
			vertex -6.357108116149902 4.378852367401123 -6.357108116149902
			vertex -6.037671089172363 2.120148181915283 -7.684497356414795
		endloop
	endfacet
	facet normal -0.746473622400746 0.3594952122984947 -0.5599467147812984
		outer loop
			vertex -7.684497356414795 2.120148181915283 -6.037671089172363
			vertex -7.941044807434082 4.297662734985352 -4.297662734985352
			vertex -6.357108116149902 4.378852367401123 -6.357108116149902
		endloop
	endfacet
	facet normal -0.4694738793626076 0.09022921388998312 -0.8783239525124086
		outer loop
			vertex -5.555702209472656 6.123233998228043e-16 -8.314696311950684
			vertex -4.089075565338135 2.084592819213867 -8.884476661682129
			vertex -3.8268344402313232 6.123233998228043e-16 -9.238795280456543
		endloop
	endfacet
	facet normal -0.5179101262668349 0.1334245972567664 -0.8449656667327619
		outer loop
			vertex -5.555702209472656 6.123233998228043e-16 -8.314696311950684
			vertex -6.037671089172363 2.120148181915283 -7.684497356414795
			vertex -4.089075565338135 2.084592819213867 -8.884476661682129
		endloop
	endfacet
	facet normal -0.2889427543463888 0.09604163072495678 -0.952516713700297
		outer loop
			vertex -3.8268344402313232 6.123233998228043e-16 -9.238795280456543
			vertex -2.0233471393585205 2.0233471393585205 -9.581864356994629
			vertex -1.9509031772613525 6.123233998228043e-16 -9.807852745056152
		endloop
	endfacet
	facet normal -0.3143225373162581 0.12050842800808458 -0.9416363742518074
		outer loop
			vertex -3.8268344402313232 6.123233998228043e-16 -9.238795280456543
			vertex -4.089075565338135 2.084592819213867 -8.884476661682129
			vertex -2.0233471393585205 2.0233471393585205 -9.581864356994629
		endloop
	endfacet
	facet normal -0.4961495144099267 0.30049211081649546 -0.8145797386921927
		outer loop
			vertex -6.037671089172363 2.120148181915283 -7.684497356414795
			vertex -4.297662734985352 4.297662734985352 -7.941044807434082
			vertex -4.089075565338135 2.084592819213867 -8.884476661682129
		endloop
	endfacet
	facet normal -0.29745587455952394 0.29745587455952394 -0.9072155231145781
		outer loop
			vertex -4.089075565338135 2.084592819213867 -8.884476661682129
			vertex -2.084592819213867 4.089075565338135 -8.884476661682129
			vertex -2.0233471393585205 2.0233471393585205 -9.581864356994629
		endloop
	endfacet
	facet normal -0.3412200659582193 0.3412200659582193 -0.8758639923954731
		outer loop
			vertex -4.089075565338135 2.084592819213867 -8.884476661682129
			vertex -4.297662734985352 4.297662734985352 -7.941044807434082
			vertex -2.084592819213867 4.089075565338135 -8.884476661682129
		endloop
	endfacet
	facet normal -0.30049211081649546 0.4961495144099267 -0.8145797386921927
		outer loop
			vertex -4.297662734985352 4.297662734985352 -7.941044807434082
			vertex -2.120148181915283 6.037671089172363 -7.684497356414795
			vertex -2.084592819213867 4.089075565338135 -8.884476661682129
		endloop
	endfacet
	facet normal -0.5599467147812984 0.3594952122984947 -0.746473622400746
		outer loop
			vertex -6.037671089172363 2.120148181915283 -7.684497356414795
			vertex -6.357108116149902 4.378852367401123 -6.357108116149902
			vertex -4.297662734985352 4.297662734985352 -7.941044807434082
		endloop
	endfacet
	facet normal -0.8783239525124085 0.09022921388998312 -0.4694738793626076
		outer loop
			vertex -8.314696311950684 6.123233998228043e-16 -5.555702209472656
			vertex -9.238795280456543 6.123233998228043e-16 -3.8268344402313232
			vertex -8.884476661682129 2.084592819213867 -4.089075565338135
		endloop
	endfacet
	facet normal -0.952516713700297 0.09604163072495678 -0.2889427543463888
		outer loop
			vertex -9.238795280456543 6.123233998228043e-16 -3.8268344402313232
			vertex -9.807852745056152 6.123233998228043e-16 -1.9509031772613525
			vertex -9.581864356994629 2.0233471393585205 -2.0233471393585205
		endloop
	endfacet
	facet normal -0.9416363742518076 0.1205084280080846 -0.31432253731625814
		outer loop
			vertex -9.238795280456543 6.123233998228043e-16 -3.8268344402313232
			vertex -9.581864356994629 2.0233471393585205 -2.0233471393585205
			vertex -8.884476661682129 2.084592819213867 -4.089075565338135
		endloop
	endfacet
	facet normal -0.9904383444607963 0.09754969457091422 -0.09754969457091417
		outer loop
			vertex -9.807852745056152 6.123233998228043e-16 -1.9509031772613525
			vertex -10 6.123233998228043e-16 6.123233998228043e-16
			vertex -9.807852745056152 1.9509031772613525 6.123233998228043e-16
		endloop
	endfacet
	facet normal -0.988571707220065 0.1065973256794145 -0.10659732567941443
		outer loop
			vertex -9.807852745056152 6.123233998228043e-16 -1.9509031772613525
			vertex -9.807852745056152 1.9509031772613525 6.123233998228043e-16
			vertex -9.581864356994629 2.0233471393585205 -2.0233471393585205
		endloop
	endfacet
	facet normal -0.8145797386921927 0.30049211081649546 -0.4961495144099267
		outer loop
			vertex -7.684497356414795 2.120148181915283 -6.037671089172363
			vertex -8.884476661682129 2.084592819213867 -4.089075565338135
			vertex -7.941044807434082 4.297662734985352 -4.297662734985352
		endloop
	endfacet
	facet normal -0.9072155231145781 0.29745587455952394 -0.29745587455952394
		outer loop
			vertex -8.884476661682129 2.084592819213867 -4.089075565338135
			vertex -9.581864356994629 2.0233471393585205 -2.0233471393585205
			vertex -8.884476661682129 4.089075565338135 -2.084592819213867
		endloop
	endfacet
	facet normal -0.8758639923954729 0.34122006595821924 -0.34122006595821924
		outer loop
			vertex -8.884476661682129 2.084592819213867 -4.089075565338135
			vertex -8.884476661682129 4.089075565338135 -2.084592819213867
			vertex -7.941044807434082 4.297662734985352 -4.297662734985352
		endloop
	endfacet
	facet normal -0.8145797386921927 0.4961495144099267 -0.30049211081649546
		outer loop
			vertex -7.941044807434082 4.297662734985352 -4.297662734985352
			vertex -8.884476661682129 4.089075565338135 -2.084592819213867
			vertex -7.684497356414795 6.037671089172363 -2.120148181915283
		endloop
	endfacet
	facet normal -0.9416363742518076 0.31432253731625814 -0.12050842800808456
		outer loop
			vertex -9.581864356994629 2.0233471393585205 -2.0233471393585205
			vertex -9.238795280456543 3.8268344402313232 6.123233998228043e-16
			vertex -8.884476661682129 4.089075565338135 -2.084592819213867
		endloop
	endfacet
	facet normal -0.952516713700297 0.2889427543463887 -0.09604163072495674
		outer loop
			vertex -9.581864356994629 2.0233471393585205 -2.0233471393585205
			vertex -9.807852745056152 1.9509031772613525 6.123233998228043e-16
			vertex -9.238795280456543 3.8268344402313232 6.123233998228043e-16
		endloop
	endfacet
	facet normal -0.8783239525124085 0.4694738793626076 -0.09022921388998308
		outer loop
			vertex -8.884476661682129 4.089075565338135 -2.084592819213867
			vertex -9.238795280456543 3.8268344402313232 6.123233998228043e-16
			vertex -8.314696311950684 5.555702209472656 6.123233998228043e-16
		endloop
	endfacet
	facet normal -0.6908859310700629 0.5112125928855099 -0.5112125928855099
		outer loop
			vertex -6.357108116149902 4.378852367401123 -6.357108116149902
			vertex -7.941044807434082 4.297662734985352 -4.297662734985352
			vertex -6.357108116149902 6.357108116149902 -4.378852367401123
		endloop
	endfacet
	facet normal -0.5112125928855099 0.5112125928855099 -0.6908859310700629
		outer loop
			vertex -6.357108116149902 4.378852367401123 -6.357108116149902
			vertex -4.378852367401123 6.357108116149902 -6.357108116149902
			vertex -4.297662734985352 4.297662734985352 -7.941044807434082
		endloop
	endfacet
	facet normal -0.5773502691896258 0.5773502691896258 -0.5773502691896258
		outer loop
			vertex -6.357108116149902 4.378852367401123 -6.357108116149902
			vertex -6.357108116149902 6.357108116149902 -4.378852367401123
			vertex -4.378852367401123 6.357108116149902 -6.357108116149902
		endloop
	endfacet
	facet normal -0.5112125928855099 0.6908859310700629 -0.5112125928855099
		outer loop
			vertex -6.357108116149902 6.357108116149902 -4.378852367401123
			vertex -4.297662734985352 7.941044807434082 -4.297662734985352
			vertex -4.378852367401123 6.357108116149902 -6.357108116149902
		endloop
	endfacet
	facet normal -0.3594952122984947 0.5599467147812984 -0.746473622400746
		outer loop
			vertex -4.297662734985352 4.297662734985352 -7.941044807434082
			vertex -4.378852367401123 6.357108116149902 -6.357108116149902
			vertex -2.120148181915283 6.037671089172363 -7.684497356414795
		endloop
	endfacet
	facet normal -0.3009220601145843 0.6743314888600394 -0.6743314888600394
		outer loop
			vertex -4.378852367401123 6.357108116149902 -6.357108116149902
			vertex -2.120148181915283 7.684497356414795 -6.037671089172363
			vertex -2.120148181915283 6.037671089172363 -7.684497356414795
		endloop
	endfacet
	facet normal -0.3594952122984947 0.746473622400746 -0.5599467147812984
		outer loop
			vertex -4.378852367401123 6.357108116149902 -6.357108116149902
			vertex -4.297662734985352 7.941044807434082 -4.297662734985352
			vertex -2.120148181915283 7.684497356414795 -6.037671089172363
		endloop
	endfacet
	facet normal -0.746473622400746 0.5599467147812984 -0.3594952122984947
		outer loop
			vertex -7.941044807434082 4.297662734985352 -4.297662734985352
			vertex -7.684497356414795 6.037671089172363 -2.120148181915283
			vertex -6.357108116149902 6.357108116149902 -4.378852367401123
		endloop
	endfacet
	facet normal -0.6743314888600394 0.6743314888600394 -0.3009220601145843
		outer loop
			vertex -7.684497356414795 6.037671089172363 -2.120148181915283
			vertex -6.037671089172363 7.684497356414795 -2.120148181915283
			vertex -6.357108116149902 6.357108116149902 -4.378852367401123
		endloop
	endfacet
	facet normal -0.8449656667327619 0.5179101262668349 -0.13342459725676634
		outer loop
			vertex -8.884476661682129 4.089075565338135 -2.084592819213867
			vertex -8.314696311950684 5.555702209472656 6.123233998228043e-16
			vertex -7.684497356414795 6.037671089172363 -2.120148181915283
		endloop
	endfacet
	facet normal -0.7701966804950696 0.6320841277880282 -0.08524510984697796
		outer loop
			vertex -7.684497356414795 6.037671089172363 -2.120148181915283
			vertex -8.314696311950684 5.555702209472656 6.123233998228043e-16
			vertex -7.071067810058594 7.071067810058594 6.123233998228043e-16
		endloop
	endfacet
	facet normal -0.7002709735414635 0.7002709735414635 -0.13871239032826838
		outer loop
			vertex -7.684497356414795 6.037671089172363 -2.120148181915283
			vertex -7.071067810058594 7.071067810058594 6.123233998228043e-16
			vertex -6.037671089172363 7.684497356414795 -2.120148181915283
		endloop
	endfacet
	facet normal -0.6320841277880282 0.7701966804950696 -0.08524510984697796
		outer loop
			vertex -6.037671089172363 7.684497356414795 -2.120148181915283
			vertex -7.071067810058594 7.071067810058594 6.123233998228043e-16
			vertex -5.555702209472656 8.314696311950684 6.123233998228043e-16
		endloop
	endfacet
	facet normal -0.5599467147812984 0.746473622400746 -0.3594952122984947
		outer loop
			vertex -6.357108116149902 6.357108116149902 -4.378852367401123
			vertex -6.037671089172363 7.684497356414795 -2.120148181915283
			vertex -4.297662734985352 7.941044807434082 -4.297662734985352
		endloop
	endfacet
	facet normal -0.4961495144099267 0.8145797386921927 -0.30049211081649546
		outer loop
			vertex -6.037671089172363 7.684497356414795 -2.120148181915283
			vertex -4.089075565338135 8.884476661682129 -2.084592819213867
			vertex -4.297662734985352 7.941044807434082 -4.297662734985352
		endloop
	endfacet
	facet normal -0.30049211081649546 0.8145797386921927 -0.4961495144099267
		outer loop
			vertex -2.120148181915283 7.684497356414795 -6.037671089172363
			vertex -4.297662734985352 7.941044807434082 -4.297662734985352
			vertex -2.084592819213867 8.884476661682129 -4.089075565338135
		endloop
	endfacet
	facet normal -0.34122006595821924 0.8758639923954729 -0.34122006595821924
		outer loop
			vertex -4.297662734985352 7.941044807434082 -4.297662734985352
			vertex -4.089075565338135 8.884476661682129 -2.084592819213867
			vertex -2.084592819213867 8.884476661682129 -4.089075565338135
		endloop
	endfacet
	facet normal -0.29745587455952394 0.9072155231145781 -0.29745587455952394
		outer loop
			vertex -4.089075565338135 8.884476661682129 -2.084592819213867
			vertex -2.0233471393585205 9.581864356994629 -2.0233471393585205
			vertex -2.084592819213867 8.884476661682129 -4.089075565338135
		endloop
	endfacet
	facet normal -0.5179101262668349 0.8449656667327619 -0.13342459725676634
		outer loop
			vertex -6.037671089172363 7.684497356414795 -2.120148181915283
			vertex -5.555702209472656 8.314696311950684 6.123233998228043e-16
			vertex -4.089075565338135 8.884476661682129 -2.084592819213867
		endloop
	endfacet
	facet normal -0.4694738793626076 0.8783239525124085 -0.09022921388998308
		outer loop
			vertex -4.089075565338135 8.884476661682129 -2.084592819213867
			vertex -5.555702209472656 8.314696311950684 6.123233998228043e-16
			vertex -3.8268344402313232 9.238795280456543 6.123233998228043e-16
		endloop
	endfacet
	facet normal -0.31432253731625814 0.9416363742518076 -0.12050842800808456
		outer loop
			vertex -4.089075565338135 8.884476661682129 -2.084592819213867
			vertex -3.8268344402313232 9.238795280456543 6.123233998228043e-16
			vertex -2.0233471393585205 9.581864356994629 -2.0233471393585205
		endloop
	endfacet
	facet normal -0.2889427543463887 0.952516713700297 -0.09604163072495674
		outer loop
			vertex -2.0233471393585205 9.581864356994629 -2.0233471393585205
			vertex -3.8268344402313232 9.238795280456543 6.123233998228043e-16
			vertex -1.9509031772613525 9.807852745056152 6.123233998228043e-16
		endloop
	endfacet
	facet normal -0.09754969457091417 0.09754969457091422 -0.9904383444607963
		outer loop
			vertex -1.9509031772613525 6.123233998228043e-16 -9.807852745056152
			vertex 6.123233998228043e-16 1.9509031772613525 -9.807852745056152
			vertex 6.123233998228043e-16 6.123233998228043e-16 -10
		endloop
	endfacet
	facet normal -0.10659732567941445 0.10659732567941449 -0.988571707220065
		outer loop
			vertex -1.9509031772613525 6.123233998228043e-16 -9.807852745056152
			vertex -2.0233471393585205 2.0233471393585205 -9.581864356994629
			vertex 6.123233998228043e-16 1.9509031772613525 -9.807852745056152
		endloop
	endfacet
	facet normal 0.09754969457091424 0.09754969457091424 -0.9904383444607963
		outer loop
			vertex 6.123233998228043e-16 6.123233998228043e-16 -10
			vertex 6.123233998228043e-16 1.9509031772613525 -9.807852745056152
			vertex 1.9509031772613525 6.123233998228043e-16 -9.807852745056152
		endloop
	endfacet
	facet normal 0.10659732567941448 0.10659732567941448 -0.9885717072200649
		outer loop
			vertex 6.123233998228043e-16 1.9509031772613525 -9.807852745056152
			vertex 2.0233471393585205 2.0233471393585205 -9.581864356994629
			vertex 1.9509031772613525 6.123233998228043e-16 -9.807852745056152
		endloop
	endfacet
	facet normal -0.12050842800808453 0.3143225373162581 -0.9416363742518074
		outer loop
			vertex -2.0233471393585205 2.0233471393585205 -9.581864356994629
			vertex -2.084592819213867 4.089075565338135 -8.884476661682129
			vertex 6.123233998228043e-16 3.8268344402313232 -9.238795280456543
		endloop
	endfacet
	facet normal -0.09604163072495674 0.2889427543463887 -0.952516713700297
		outer loop
			vertex -2.0233471393585205 2.0233471393585205 -9.581864356994629
			vertex 6.123233998228043e-16 3.8268344402313232 -9.238795280456543
			vertex 6.123233998228043e-16 1.9509031772613525 -9.807852745056152
		endloop
	endfacet
	facet normal -0.09022921388998308 0.4694738793626076 -0.8783239525124085
		outer loop
			vertex -2.084592819213867 4.089075565338135 -8.884476661682129
			vertex 6.123233998228043e-16 5.555702209472656 -8.314696311950684
			vertex 6.123233998228043e-16 3.8268344402313232 -9.238795280456543
		endloop
	endfacet
	facet normal 0.09604163072495678 0.2889427543463888 -0.952516713700297
		outer loop
			vertex 6.123233998228043e-16 1.9509031772613525 -9.807852745056152
			vertex 6.123233998228043e-16 3.8268344402313232 -9.238795280456543
			vertex 2.0233471393585205 2.0233471393585205 -9.581864356994629
		endloop
	endfacet
	facet normal 0.12050842800808458 0.3143225373162581 -0.9416363742518074
		outer loop
			vertex 2.0233471393585205 2.0233471393585205 -9.581864356994629
			vertex 6.123233998228043e-16 3.8268344402313232 -9.238795280456543
			vertex 2.084592819213867 4.089075565338135 -8.884476661682129
		endloop
	endfacet
	facet normal 0.09022921388998312 0.4694738793626076 -0.8783239525124085
		outer loop
			vertex 6.123233998228043e-16 3.8268344402313232 -9.238795280456543
			vertex 6.123233998228043e-16 5.555702209472656 -8.314696311950684
			vertex 2.084592819213867 4.089075565338135 -8.884476661682129
		endloop
	endfacet
	facet normal 0.2889427543463888 0.09604163072495678 -0.952516713700297
		outer loop
			vertex 1.9509031772613525 6.123233998228043e-16 -9.807852745056152
			vertex 2.0233471393585205 2.0233471393585205 -9.581864356994629
			vertex 3.8268344402313232 6.123233998228043e-16 -9.238795280456543
		endloop
	endfacet
	facet normal 0.3143225373162581 0.12050842800808458 -0.9416363742518074
		outer loop
			vertex 2.0233471393585205 2.0233471393585205 -9.581864356994629
			vertex 4.089075565338135 2.084592819213867 -8.884476661682129
			vertex 3.8268344402313232 6.123233998228043e-16 -9.238795280456543
		endloop
	endfacet
	facet normal 0.4694738793626076 0.09022921388998312 -0.8783239525124086
		outer loop
			vertex 3.8268344402313232 6.123233998228043e-16 -9.238795280456543
			vertex 4.089075565338135 2.084592819213867 -8.884476661682129
			vertex 5.555702209472656 6.123233998228043e-16 -8.314696311950684
		endloop
	endfacet
	facet normal 0.6320842652912284 0.08524505710076609 -0.7701965734870128
		outer loop
			vertex 5.555702209472656 6.123233998228043e-16 -8.314696311950684
			vertex 6 1.9544360637664795 -7.7337541580200195
			vertex 6 6.123233998228043e-16 -7.950070381164551
		endloop
	endfacet
	facet normal 0.5179101281311359 0.13342459895399084 -0.8449656653220633
		outer loop
			vertex 4.089075565338135 2.084592819213867 -8.884476661682129
			vertex 6 1.9544360637664795 -7.7337541580200195
			vertex 5.555702209472656 6.123233998228043e-16 -8.314696311950684
		endloop
	endfacet
	facet normal 0.5179101375013754 0.13342412338248352 -0.844965734673852
		outer loop
			vertex 4.089075565338135 2.084592819213867 -8.884476661682129
			vertex 6 2.1194608211517334 -7.707695960998535
			vertex 6 1.9544360637664795 -7.7337541580200195
		endloop
	endfacet
	facet normal 0.49614878395753903 0.30049604539938024 -0.8145787321534913
		outer loop
			vertex 4.089075565338135 2.084592819213867 -8.884476661682129
			vertex 6 2.1672909259796143 -7.690051555633545
			vertex 6 2.1194608211517334 -7.707695960998535
		endloop
	endfacet
	facet normal 0.29745587455952394 0.29745587455952394 -0.9072155231145781
		outer loop
			vertex 2.0233471393585205 2.0233471393585205 -9.581864356994629
			vertex 2.084592819213867 4.089075565338135 -8.884476661682129
			vertex 4.089075565338135 2.084592819213867 -8.884476661682129
		endloop
	endfacet
	facet normal 0.3412200659582193 0.3412200659582193 -0.8758639923954731
		outer loop
			vertex 2.084592819213867 4.089075565338135 -8.884476661682129
			vertex 4.297662734985352 4.297662734985352 -7.941044807434082
			vertex 4.089075565338135 2.084592819213867 -8.884476661682129
		endloop
	endfacet
	facet normal 0.30049211081649546 0.4961495144099267 -0.8145797386921927
		outer loop
			vertex 2.084592819213867 4.089075565338135 -8.884476661682129
			vertex 2.120148181915283 6.037671089172363 -7.684497356414795
			vertex 4.297662734985352 4.297662734985352 -7.941044807434082
		endloop
	endfacet
	facet normal 0.49614956758073225 0.300492094556114 -0.8145797123048991
		outer loop
			vertex 4.089075565338135 2.084592819213867 -8.884476661682129
			vertex 4.297662734985352 4.297662734985352 -7.941044807434082
			vertex 6 2.1672909259796143 -7.690051555633545
		endloop
	endfacet
	facet normal 0.5599467087639302 0.3594951326741789 -0.7464736652608832
		outer loop
			vertex 4.297662734985352 4.297662734985352 -7.941044807434082
			vertex 6 4.364774227142334 -6.631762981414795
			vertex 6 2.1672909259796143 -7.690051555633545
		endloop
	endfacet
	facet normal 0.51121247887084 0.5112127963977131 -0.6908858648474155
		outer loop
			vertex 4.297662734985352 4.297662734985352 -7.941044807434082
			vertex 6 4.735960483551025 -6.357108116149902
			vertex 6 4.364774227142334 -6.631762981414795
		endloop
	endfacet
	facet normal -0.13342459725676634 0.5179101262668349 -0.8449656667327619
		outer loop
			vertex -2.084592819213867 4.089075565338135 -8.884476661682129
			vertex -2.120148181915283 6.037671089172363 -7.684497356414795
			vertex 6.123233998228043e-16 5.555702209472656 -8.314696311950684
		endloop
	endfacet
	facet normal -0.08524510984697796 0.6320841277880282 -0.7701966804950696
		outer loop
			vertex -2.120148181915283 6.037671089172363 -7.684497356414795
			vertex 6.123233998228043e-16 7.071067810058594 -7.071067810058594
			vertex 6.123233998228043e-16 5.555702209472656 -8.314696311950684
		endloop
	endfacet
	facet normal 0.085245109846978 0.6320841277880284 -0.7701966804950696
		outer loop
			vertex 6.123233998228043e-16 5.555702209472656 -8.314696311950684
			vertex 6.123233998228043e-16 7.071067810058594 -7.071067810058594
			vertex 2.120148181915283 6.037671089172363 -7.684497356414795
		endloop
	endfacet
	facet normal 0.1334245972567664 0.5179101262668349 -0.8449656667327619
		outer loop
			vertex 2.084592819213867 4.089075565338135 -8.884476661682129
			vertex 6.123233998228043e-16 5.555702209472656 -8.314696311950684
			vertex 2.120148181915283 6.037671089172363 -7.684497356414795
		endloop
	endfacet
	facet normal -0.13871239032826838 0.7002709735414635 -0.7002709735414635
		outer loop
			vertex -2.120148181915283 6.037671089172363 -7.684497356414795
			vertex -2.120148181915283 7.684497356414795 -6.037671089172363
			vertex 6.123233998228043e-16 7.071067810058594 -7.071067810058594
		endloop
	endfacet
	facet normal 0.1387123903282684 0.7002709735414635 -0.7002709735414635
		outer loop
			vertex 2.120148181915283 6.037671089172363 -7.684497356414795
			vertex 6.123233998228043e-16 7.071067810058594 -7.071067810058594
			vertex 2.120148181915283 7.684497356414795 -6.037671089172363
		endloop
	endfacet
	facet normal -0.13342459725676634 0.8449656667327619 -0.5179101262668349
		outer loop
			vertex -2.120148181915283 7.684497356414795 -6.037671089172363
			vertex -2.084592819213867 8.884476661682129 -4.089075565338135
			vertex 6.123233998228043e-16 8.314696311950684 -5.555702209472656
		endloop
	endfacet
	facet normal -0.08524510984697796 0.7701966804950696 -0.6320841277880282
		outer loop
			vertex -2.120148181915283 7.684497356414795 -6.037671089172363
			vertex 6.123233998228043e-16 8.314696311950684 -5.555702209472656
			vertex 6.123233998228043e-16 7.071067810058594 -7.071067810058594
		endloop
	endfacet
	facet normal 0.085245109846978 0.7701966804950696 -0.6320841277880284
		outer loop
			vertex 6.123233998228043e-16 7.071067810058594 -7.071067810058594
			vertex 6.123233998228043e-16 8.314696311950684 -5.555702209472656
			vertex 2.120148181915283 7.684497356414795 -6.037671089172363
		endloop
	endfacet
	facet normal 0.1334245972567664 0.8449656667327619 -0.5179101262668349
		outer loop
			vertex 6.123233998228043e-16 8.314696311950684 -5.555702209472656
			vertex 2.084592819213867 8.884476661682129 -4.089075565338135
			vertex 2.120148181915283 7.684497356414795 -6.037671089172363
		endloop
	endfacet
	facet normal 0.3594952122984947 0.5599467147812984 -0.746473622400746
		outer loop
			vertex 4.297662734985352 4.297662734985352 -7.941044807434082
			vertex 2.120148181915283 6.037671089172363 -7.684497356414795
			vertex 4.378852367401123 6.357108116149902 -6.357108116149902
		endloop
	endfacet
	facet normal 0.3009220601145843 0.6743314888600394 -0.6743314888600394
		outer loop
			vertex 2.120148181915283 6.037671089172363 -7.684497356414795
			vertex 2.120148181915283 7.684497356414795 -6.037671089172363
			vertex 4.378852367401123 6.357108116149902 -6.357108116149902
		endloop
	endfacet
	facet normal 0.3594952122984947 0.746473622400746 -0.5599467147812984
		outer loop
			vertex 2.120148181915283 7.684497356414795 -6.037671089172363
			vertex 4.297662734985352 7.941044807434082 -4.297662734985352
			vertex 4.378852367401123 6.357108116149902 -6.357108116149902
		endloop
	endfacet
	facet normal 0.5112125928855099 0.5112125928855099 -0.6908859310700629
		outer loop
			vertex 4.297662734985352 4.297662734985352 -7.941044807434082
			vertex 4.378852367401123 6.357108116149902 -6.357108116149902
			vertex 6 4.735960483551025 -6.357108116149902
		endloop
	endfacet
	facet normal 0.5773502691896257 0.5773502691896257 -0.5773502691896257
		outer loop
			vertex 4.378852367401123 6.357108116149902 -6.357108116149902
			vertex 6 6.357108116149902 -4.735960483551025
			vertex 6 4.735960483551025 -6.357108116149902
		endloop
	endfacet
	facet normal 0.5112125928855099 0.6908859310700629 -0.5112125928855099
		outer loop
			vertex 4.378852367401123 6.357108116149902 -6.357108116149902
			vertex 4.297662734985352 7.941044807434082 -4.297662734985352
			vertex 6 6.357108116149902 -4.735960483551025
		endloop
	endfacet
	facet normal -0.09022921388998308 0.8783239525124085 -0.4694738793626076
		outer loop
			vertex -2.084592819213867 8.884476661682129 -4.089075565338135
			vertex 6.123233998228043e-16 9.238795280456543 -3.8268344402313232
			vertex 6.123233998228043e-16 8.314696311950684 -5.555702209472656
		endloop
	endfacet
	facet normal -0.12050842800808456 0.9416363742518076 -0.31432253731625814
		outer loop
			vertex -2.084592819213867 8.884476661682129 -4.089075565338135
			vertex -2.0233471393585205 9.581864356994629 -2.0233471393585205
			vertex 6.123233998228043e-16 9.238795280456543 -3.8268344402313232
		endloop
	endfacet
	facet normal -0.09604163072495674 0.952516713700297 -0.2889427543463887
		outer loop
			vertex -2.0233471393585205 9.581864356994629 -2.0233471393585205
			vertex 6.123233998228043e-16 9.807852745056152 -1.9509031772613525
			vertex 6.123233998228043e-16 9.238795280456543 -3.8268344402313232
		endloop
	endfacet
	facet normal 0.09022921388998312 0.8783239525124085 -0.4694738793626076
		outer loop
			vertex 6.123233998228043e-16 8.314696311950684 -5.555702209472656
			vertex 6.123233998228043e-16 9.238795280456543 -3.8268344402313232
			vertex 2.084592819213867 8.884476661682129 -4.089075565338135
		endloop
	endfacet
	facet normal 0.09604163072495678 0.952516713700297 -0.2889427543463888
		outer loop
			vertex 6.123233998228043e-16 9.238795280456543 -3.8268344402313232
			vertex 6.123233998228043e-16 9.807852745056152 -1.9509031772613525
			vertex 2.0233471393585205 9.581864356994629 -2.0233471393585205
		endloop
	endfacet
	facet normal 0.1205084280080846 0.9416363742518076 -0.31432253731625814
		outer loop
			vertex 6.123233998228043e-16 9.238795280456543 -3.8268344402313232
			vertex 2.0233471393585205 9.581864356994629 -2.0233471393585205
			vertex 2.084592819213867 8.884476661682129 -4.089075565338135
		endloop
	endfacet
	facet normal -0.10659732567941443 0.988571707220065 -0.10659732567941443
		outer loop
			vertex -2.0233471393585205 9.581864356994629 -2.0233471393585205
			vertex -1.9509031772613525 9.807852745056152 6.123233998228043e-16
			vertex 6.123233998228043e-16 9.807852745056152 -1.9509031772613525
		endloop
	endfacet
	facet normal -0.09754969457091414 0.9904383444607961 -0.09754969457091414
		outer loop
			vertex -1.9509031772613525 9.807852745056152 6.123233998228043e-16
			vertex 6.123233998228043e-16 10 6.123233998228043e-16
			vertex 6.123233998228043e-16 9.807852745056152 -1.9509031772613525
		endloop
	endfacet
	facet normal 0.1065973256794145 0.988571707220065 -0.10659732567941443
		outer loop
			vertex 6.123233998228043e-16 9.807852745056152 -1.9509031772613525
			vertex 1.9509031772613525 9.807852745056152 6.123233998228043e-16
			vertex 2.0233471393585205 9.581864356994629 -2.0233471393585205
		endloop
	endfacet
	facet normal 0.09754969457091422 0.9904383444607963 -0.09754969457091417
		outer loop
			vertex 6.123233998228043e-16 9.807852745056152 -1.9509031772613525
			vertex 6.123233998228043e-16 10 6.123233998228043e-16
			vertex 1.9509031772613525 9.807852745056152 6.123233998228043e-16
		endloop
	endfacet
	facet normal 0.51121247887084 0.6908858648474155 -0.5112127963977131
		outer loop
			vertex 4.297662734985352 7.941044807434082 -4.297662734985352
			vertex 6 6.631762981414795 -4.364774227142334
			vertex 6 6.357108116149902 -4.735960483551025
		endloop
	endfacet
	facet normal 0.5599467087639302 0.7464736652608832 -0.3594951326741789
		outer loop
			vertex 4.297662734985352 7.941044807434082 -4.297662734985352
			vertex 6 7.690051555633545 -2.1672909259796143
			vertex 6 6.631762981414795 -4.364774227142334
		endloop
	endfacet
	facet normal 0.30049211081649546 0.8145797386921927 -0.4961495144099267
		outer loop
			vertex 2.120148181915283 7.684497356414795 -6.037671089172363
			vertex 2.084592819213867 8.884476661682129 -4.089075565338135
			vertex 4.297662734985352 7.941044807434082 -4.297662734985352
		endloop
	endfacet
	facet normal 0.34122006595821924 0.8758639923954729 -0.34122006595821924
		outer loop
			vertex 2.084592819213867 8.884476661682129 -4.089075565338135
			vertex 4.089075565338135 8.884476661682129 -2.084592819213867
			vertex 4.297662734985352 7.941044807434082 -4.297662734985352
		endloop
	endfacet
	facet normal 0.29745587455952394 0.9072155231145781 -0.29745587455952394
		outer loop
			vertex 2.084592819213867 8.884476661682129 -4.089075565338135
			vertex 2.0233471393585205 9.581864356994629 -2.0233471393585205
			vertex 4.089075565338135 8.884476661682129 -2.084592819213867
		endloop
	endfacet
	facet normal 0.49614956758073225 0.8145797123048991 -0.300492094556114
		outer loop
			vertex 4.297662734985352 7.941044807434082 -4.297662734985352
			vertex 4.089075565338135 8.884476661682129 -2.084592819213867
			vertex 6 7.690051555633545 -2.1672909259796143
		endloop
	endfacet
	facet normal 0.31432253731625814 0.9416363742518076 -0.12050842800808456
		outer loop
			vertex 2.0233471393585205 9.581864356994629 -2.0233471393585205
			vertex 3.8268344402313232 9.238795280456543 6.123233998228043e-16
			vertex 4.089075565338135 8.884476661682129 -2.084592819213867
		endloop
	endfacet
	facet normal 0.2889427543463887 0.952516713700297 -0.09604163072495674
		outer loop
			vertex 2.0233471393585205 9.581864356994629 -2.0233471393585205
			vertex 1.9509031772613525 9.807852745056152 6.123233998228043e-16
			vertex 3.8268344402313232 9.238795280456543 6.123233998228043e-16
		endloop
	endfacet
	facet normal 0.4961487839575389 0.8145787321534911 -0.3004960453993802
		outer loop
			vertex 4.089075565338135 8.884476661682129 -2.084592819213867
			vertex 6 7.707695960998535 -2.1194608211517334
			vertex 6 7.690051555633545 -2.1672909259796143
		endloop
	endfacet
	facet normal 0.5179101375013754 0.844965734673852 -0.13342412338248352
		outer loop
			vertex 4.089075565338135 8.884476661682129 -2.084592819213867
			vertex 6 7.7337541580200195 -1.9544360637664795
			vertex 6 7.707695960998535 -2.1194608211517334
		endloop
	endfacet
	facet normal 0.517910128131136 0.8449656653220633 -0.13342459895399075
		outer loop
			vertex 4.089075565338135 8.884476661682129 -2.084592819213867
			vertex 5.555702209472656 8.314696311950684 6.123233998228043e-16
			vertex 6 7.7337541580200195 -1.9544360637664795
		endloop
	endfacet
	facet normal 0.6320842652912283 0.7701965734870128 -0.08524505710076603
		outer loop
			vertex 5.555702209472656 8.314696311950684 6.123233998228043e-16
			vertex 6 7.950070381164551 6.123233998228043e-16
			vertex 6 7.7337541580200195 -1.9544360637664795
		endloop
	endfacet
	facet normal 0.4694738793626076 0.8783239525124085 -0.09022921388998308
		outer loop
			vertex 4.089075565338135 8.884476661682129 -2.084592819213867
			vertex 3.8268344402313232 9.238795280456543 6.123233998228043e-16
			vertex 5.555702209472656 8.314696311950684 6.123233998228043e-16
		endloop
	endfacet
	facet normal -0.9904383444607963 0.09754969457091424 0.09754969457091424
		outer loop
			vertex -10 6.123233998228043e-16 6.123233998228043e-16
			vertex -9.807852745056152 6.123233998228043e-16 1.9509031772613525
			vertex -9.807852745056152 1.9509031772613525 6.123233998228043e-16
		endloop
	endfacet
	facet normal -0.9885717072200649 0.10659732567941448 0.10659732567941448
		outer loop
			vertex -9.807852745056152 6.123233998228043e-16 1.9509031772613525
			vertex -9.581864356994629 2.0233471393585205 2.0233471393585205
			vertex -9.807852745056152 1.9509031772613525 6.123233998228043e-16
		endloop
	endfacet
	facet normal -0.952516713700297 0.09604163072495678 0.2889427543463888
		outer loop
			vertex -9.807852745056152 6.123233998228043e-16 1.9509031772613525
			vertex -9.238795280456543 6.123233998228043e-16 3.8268344402313232
			vertex -9.581864356994629 2.0233471393585205 2.0233471393585205
		endloop
	endfacet
	facet normal -0.8783239525124085 0.09022921388998312 0.4694738793626076
		outer loop
			vertex -9.238795280456543 6.123233998228043e-16 3.8268344402313232
			vertex -8.314696311950684 6.123233998228043e-16 5.555702209472656
			vertex -8.884476661682129 2.084592819213867 4.089075565338135
		endloop
	endfacet
	facet normal -0.9416363742518076 0.1205084280080846 0.31432253731625814
		outer loop
			vertex -9.581864356994629 2.0233471393585205 2.0233471393585205
			vertex -9.238795280456543 6.123233998228043e-16 3.8268344402313232
			vertex -8.884476661682129 2.084592819213867 4.089075565338135
		endloop
	endfacet
	facet normal -0.952516713700297 0.2889427543463888 0.09604163072495678
		outer loop
			vertex -9.807852745056152 1.9509031772613525 6.123233998228043e-16
			vertex -9.581864356994629 2.0233471393585205 2.0233471393585205
			vertex -9.238795280456543 3.8268344402313232 6.123233998228043e-16
		endloop
	endfacet
	facet normal -0.9416363742518076 0.31432253731625814 0.1205084280080846
		outer loop
			vertex -9.581864356994629 2.0233471393585205 2.0233471393585205
			vertex -8.884476661682129 4.089075565338135 2.084592819213867
			vertex -9.238795280456543 3.8268344402313232 6.123233998228043e-16
		endloop
	endfacet
	facet normal -0.8783239525124086 0.4694738793626076 0.09022921388998312
		outer loop
			vertex -9.238795280456543 3.8268344402313232 6.123233998228043e-16
			vertex -8.884476661682129 4.089075565338135 2.084592819213867
			vertex -8.314696311950684 5.555702209472656 6.123233998228043e-16
		endloop
	endfacet
	facet normal -0.9072155231145781 0.29745587455952394 0.29745587455952394
		outer loop
			vertex -9.581864356994629 2.0233471393585205 2.0233471393585205
			vertex -8.884476661682129 2.084592819213867 4.089075565338135
			vertex -8.884476661682129 4.089075565338135 2.084592819213867
		endloop
	endfacet
	facet normal -0.8758639923954729 0.34122006595821924 0.34122006595821924
		outer loop
			vertex -8.884476661682129 2.084592819213867 4.089075565338135
			vertex -7.941044807434082 4.297662734985352 4.297662734985352
			vertex -8.884476661682129 4.089075565338135 2.084592819213867
		endloop
	endfacet
	facet normal -0.8145797386921927 0.30049211081649546 0.4961495144099267
		outer loop
			vertex -8.884476661682129 2.084592819213867 4.089075565338135
			vertex -7.684497356414795 2.120148181915283 6.037671089172363
			vertex -7.941044807434082 4.297662734985352 4.297662734985352
		endloop
	endfacet
	facet normal -0.8145797386921927 0.4961495144099267 0.30049211081649546
		outer loop
			vertex -8.884476661682129 4.089075565338135 2.084592819213867
			vertex -7.941044807434082 4.297662734985352 4.297662734985352
			vertex -7.684497356414795 6.037671089172363 2.120148181915283
		endloop
	endfacet
	facet normal -0.8449656667327619 0.1334245972567664 0.5179101262668349
		outer loop
			vertex -8.884476661682129 2.084592819213867 4.089075565338135
			vertex -8.314696311950684 6.123233998228043e-16 5.555702209472656
			vertex -7.684497356414795 2.120148181915283 6.037671089172363
		endloop
	endfacet
	facet normal -0.7701966804950696 0.085245109846978 0.6320841277880284
		outer loop
			vertex -8.314696311950684 6.123233998228043e-16 5.555702209472656
			vertex -7.071067810058594 6.123233998228043e-16 7.071067810058594
			vertex -7.684497356414795 2.120148181915283 6.037671089172363
		endloop
	endfacet
	facet normal -0.7002709735414635 0.1387123903282684 0.7002709735414635
		outer loop
			vertex -7.684497356414795 2.120148181915283 6.037671089172363
			vertex -7.071067810058594 6.123233998228043e-16 7.071067810058594
			vertex -6.037671089172363 2.120148181915283 7.684497356414795
		endloop
	endfacet
	facet normal -0.6320841277880284 0.085245109846978 0.7701966804950696
		outer loop
			vertex -7.071067810058594 6.123233998228043e-16 7.071067810058594
			vertex -5.555702209472656 6.123233998228043e-16 8.314696311950684
			vertex -6.037671089172363 2.120148181915283 7.684497356414795
		endloop
	endfacet
	facet normal -0.746473622400746 0.3594952122984947 0.5599467147812984
		outer loop
			vertex -7.941044807434082 4.297662734985352 4.297662734985352
			vertex -7.684497356414795 2.120148181915283 6.037671089172363
			vertex -6.357108116149902 4.378852367401123 6.357108116149902
		endloop
	endfacet
	facet normal -0.6743314888600394 0.3009220601145843 0.6743314888600394
		outer loop
			vertex -7.684497356414795 2.120148181915283 6.037671089172363
			vertex -6.037671089172363 2.120148181915283 7.684497356414795
			vertex -6.357108116149902 4.378852367401123 6.357108116149902
		endloop
	endfacet
	facet normal -0.4694738793626076 0.09022921388998312 0.8783239525124085
		outer loop
			vertex -5.555702209472656 6.123233998228043e-16 8.314696311950684
			vertex -3.8268344402313232 6.123233998228043e-16 9.238795280456543
			vertex -4.089075565338135 2.084592819213867 8.884476661682129
		endloop
	endfacet
	facet normal -0.5179101262668349 0.1334245972567664 0.8449656667327619
		outer loop
			vertex -5.555702209472656 6.123233998228043e-16 8.314696311950684
			vertex -4.089075565338135 2.084592819213867 8.884476661682129
			vertex -6.037671089172363 2.120148181915283 7.684497356414795
		endloop
	endfacet
	facet normal -0.2889427543463888 0.09604163072495678 0.952516713700297
		outer loop
			vertex -3.8268344402313232 6.123233998228043e-16 9.238795280456543
			vertex -1.9509031772613525 6.123233998228043e-16 9.807852745056152
			vertex -2.0233471393585205 2.0233471393585205 9.581864356994629
		endloop
	endfacet
	facet normal -0.3143225373162581 0.12050842800808458 0.9416363742518074
		outer loop
			vertex -3.8268344402313232 6.123233998228043e-16 9.238795280456543
			vertex -2.0233471393585205 2.0233471393585205 9.581864356994629
			vertex -4.089075565338135 2.084592819213867 8.884476661682129
		endloop
	endfacet
	facet normal -0.5599467147812984 0.3594952122984947 0.746473622400746
		outer loop
			vertex -6.037671089172363 2.120148181915283 7.684497356414795
			vertex -4.297662734985352 4.297662734985352 7.941044807434082
			vertex -6.357108116149902 4.378852367401123 6.357108116149902
		endloop
	endfacet
	facet normal -0.4961495144099267 0.30049211081649546 0.8145797386921927
		outer loop
			vertex -6.037671089172363 2.120148181915283 7.684497356414795
			vertex -4.089075565338135 2.084592819213867 8.884476661682129
			vertex -4.297662734985352 4.297662734985352 7.941044807434082
		endloop
	endfacet
	facet normal -0.3412200659582193 0.3412200659582193 0.8758639923954731
		outer loop
			vertex -4.089075565338135 2.084592819213867 8.884476661682129
			vertex -2.084592819213867 4.089075565338135 8.884476661682129
			vertex -4.297662734985352 4.297662734985352 7.941044807434082
		endloop
	endfacet
	facet normal -0.29745587455952394 0.29745587455952394 0.9072155231145781
		outer loop
			vertex -4.089075565338135 2.084592819213867 8.884476661682129
			vertex -2.0233471393585205 2.0233471393585205 9.581864356994629
			vertex -2.084592819213867 4.089075565338135 8.884476661682129
		endloop
	endfacet
	facet normal -0.30049211081649546 0.4961495144099267 0.8145797386921927
		outer loop
			vertex -4.297662734985352 4.297662734985352 7.941044807434082
			vertex -2.084592819213867 4.089075565338135 8.884476661682129
			vertex -2.120148181915283 6.037671089172363 7.684497356414795
		endloop
	endfacet
	facet normal -0.8449656667327619 0.5179101262668349 0.1334245972567664
		outer loop
			vertex -8.884476661682129 4.089075565338135 2.084592819213867
			vertex -7.684497356414795 6.037671089172363 2.120148181915283
			vertex -8.314696311950684 5.555702209472656 6.123233998228043e-16
		endloop
	endfacet
	facet normal -0.7701966804950696 0.6320841277880284 0.085245109846978
		outer loop
			vertex -8.314696311950684 5.555702209472656 6.123233998228043e-16
			vertex -7.684497356414795 6.037671089172363 2.120148181915283
			vertex -7.071067810058594 7.071067810058594 6.123233998228043e-16
		endloop
	endfacet
	facet normal -0.7002709735414635 0.7002709735414635 0.1387123903282684
		outer loop
			vertex -7.684497356414795 6.037671089172363 2.120148181915283
			vertex -6.037671089172363 7.684497356414795 2.120148181915283
			vertex -7.071067810058594 7.071067810058594 6.123233998228043e-16
		endloop
	endfacet
	facet normal -0.746473622400746 0.5599467147812984 0.3594952122984947
		outer loop
			vertex -7.941044807434082 4.297662734985352 4.297662734985352
			vertex -6.357108116149902 6.357108116149902 4.378852367401123
			vertex -7.684497356414795 6.037671089172363 2.120148181915283
		endloop
	endfacet
	facet normal -0.6743314888600394 0.6743314888600394 0.3009220601145843
		outer loop
			vertex -7.684497356414795 6.037671089172363 2.120148181915283
			vertex -6.357108116149902 6.357108116149902 4.378852367401123
			vertex -6.037671089172363 7.684497356414795 2.120148181915283
		endloop
	endfacet
	facet normal -0.6320841277880284 0.7701966804950696 0.085245109846978
		outer loop
			vertex -7.071067810058594 7.071067810058594 6.123233998228043e-16
			vertex -6.037671089172363 7.684497356414795 2.120148181915283
			vertex -5.555702209472656 8.314696311950684 6.123233998228043e-16
		endloop
	endfacet
	facet normal -0.5599467147812984 0.746473622400746 0.3594952122984947
		outer loop
			vertex -6.357108116149902 6.357108116149902 4.378852367401123
			vertex -4.297662734985352 7.941044807434082 4.297662734985352
			vertex -6.037671089172363 7.684497356414795 2.120148181915283
		endloop
	endfacet
	facet normal -0.5179101262668349 0.8449656667327619 0.1334245972567664
		outer loop
			vertex -5.555702209472656 8.314696311950684 6.123233998228043e-16
			vertex -6.037671089172363 7.684497356414795 2.120148181915283
			vertex -4.089075565338135 8.884476661682129 2.084592819213867
		endloop
	endfacet
	facet normal -0.4694738793626076 0.8783239525124086 0.09022921388998312
		outer loop
			vertex -5.555702209472656 8.314696311950684 6.123233998228043e-16
			vertex -4.089075565338135 8.884476661682129 2.084592819213867
			vertex -3.8268344402313232 9.238795280456543 6.123233998228043e-16
		endloop
	endfacet
	facet normal -0.2889427543463888 0.952516713700297 0.09604163072495678
		outer loop
			vertex -3.8268344402313232 9.238795280456543 6.123233998228043e-16
			vertex -2.0233471393585205 9.581864356994629 2.0233471393585205
			vertex -1.9509031772613525 9.807852745056152 6.123233998228043e-16
		endloop
	endfacet
	facet normal -0.31432253731625814 0.9416363742518076 0.1205084280080846
		outer loop
			vertex -3.8268344402313232 9.238795280456543 6.123233998228043e-16
			vertex -4.089075565338135 8.884476661682129 2.084592819213867
			vertex -2.0233471393585205 9.581864356994629 2.0233471393585205
		endloop
	endfacet
	facet normal -0.4961495144099267 0.8145797386921927 0.30049211081649546
		outer loop
			vertex -6.037671089172363 7.684497356414795 2.120148181915283
			vertex -4.297662734985352 7.941044807434082 4.297662734985352
			vertex -4.089075565338135 8.884476661682129 2.084592819213867
		endloop
	endfacet
	facet normal -0.34122006595821924 0.8758639923954729 0.34122006595821924
		outer loop
			vertex -4.089075565338135 8.884476661682129 2.084592819213867
			vertex -4.297662734985352 7.941044807434082 4.297662734985352
			vertex -2.084592819213867 8.884476661682129 4.089075565338135
		endloop
	endfacet
	facet normal -0.30049211081649546 0.8145797386921927 0.4961495144099267
		outer loop
			vertex -4.297662734985352 7.941044807434082 4.297662734985352
			vertex -2.120148181915283 7.684497356414795 6.037671089172363
			vertex -2.084592819213867 8.884476661682129 4.089075565338135
		endloop
	endfacet
	facet normal -0.29745587455952394 0.9072155231145781 0.29745587455952394
		outer loop
			vertex -4.089075565338135 8.884476661682129 2.084592819213867
			vertex -2.084592819213867 8.884476661682129 4.089075565338135
			vertex -2.0233471393585205 9.581864356994629 2.0233471393585205
		endloop
	endfacet
	facet normal -0.6908859310700629 0.5112125928855099 0.5112125928855099
		outer loop
			vertex -7.941044807434082 4.297662734985352 4.297662734985352
			vertex -6.357108116149902 4.378852367401123 6.357108116149902
			vertex -6.357108116149902 6.357108116149902 4.378852367401123
		endloop
	endfacet
	facet normal -0.5773502691896258 0.5773502691896258 0.5773502691896258
		outer loop
			vertex -6.357108116149902 4.378852367401123 6.357108116149902
			vertex -4.378852367401123 6.357108116149902 6.357108116149902
			vertex -6.357108116149902 6.357108116149902 4.378852367401123
		endloop
	endfacet
	facet normal -0.5112125928855099 0.5112125928855099 0.6908859310700629
		outer loop
			vertex -6.357108116149902 4.378852367401123 6.357108116149902
			vertex -4.297662734985352 4.297662734985352 7.941044807434082
			vertex -4.378852367401123 6.357108116149902 6.357108116149902
		endloop
	endfacet
	facet normal -0.5112125928855099 0.6908859310700629 0.5112125928855099
		outer loop
			vertex -6.357108116149902 6.357108116149902 4.378852367401123
			vertex -4.378852367401123 6.357108116149902 6.357108116149902
			vertex -4.297662734985352 7.941044807434082 4.297662734985352
		endloop
	endfacet
	facet normal -0.3594952122984947 0.5599467147812984 0.746473622400746
		outer loop
			vertex -4.297662734985352 4.297662734985352 7.941044807434082
			vertex -2.120148181915283 6.037671089172363 7.684497356414795
			vertex -4.378852367401123 6.357108116149902 6.357108116149902
		endloop
	endfacet
	facet normal -0.3594952122984947 0.746473622400746 0.5599467147812984
		outer loop
			vertex -4.297662734985352 7.941044807434082 4.297662734985352
			vertex -4.378852367401123 6.357108116149902 6.357108116149902
			vertex -2.120148181915283 7.684497356414795 6.037671089172363
		endloop
	endfacet
	facet normal -0.3009220601145843 0.6743314888600394 0.6743314888600394
		outer loop
			vertex -4.378852367401123 6.357108116149902 6.357108116149902
			vertex -2.120148181915283 6.037671089172363 7.684497356414795
			vertex -2.120148181915283 7.684497356414795 6.037671089172363
		endloop
	endfacet
	facet normal -0.09754969457091417 0.09754969457091422 0.9904383444607963
		outer loop
			vertex -1.9509031772613525 6.123233998228043e-16 9.807852745056152
			vertex 6.123233998228043e-16 6.123233998228043e-16 10
			vertex 6.123233998228043e-16 1.9509031772613525 9.807852745056152
		endloop
	endfacet
	facet normal -0.10659732567941443 0.1065973256794145 0.988571707220065
		outer loop
			vertex -1.9509031772613525 6.123233998228043e-16 9.807852745056152
			vertex 6.123233998228043e-16 1.9509031772613525 9.807852745056152
			vertex -2.0233471393585205 2.0233471393585205 9.581864356994629
		endloop
	endfacet
	facet normal 0.09754969457091424 0.09754969457091424 0.9904383444607963
		outer loop
			vertex 6.123233998228043e-16 6.123233998228043e-16 10
			vertex 1.9509031772613525 6.123233998228043e-16 9.807852745056152
			vertex 6.123233998228043e-16 1.9509031772613525 9.807852745056152
		endloop
	endfacet
	facet normal 0.10659732567941449 0.10659732567941449 0.988571707220065
		outer loop
			vertex 6.123233998228043e-16 1.9509031772613525 9.807852745056152
			vertex 1.9509031772613525 6.123233998228043e-16 9.807852745056152
			vertex 2.0233471393585205 2.0233471393585205 9.581864356994629
		endloop
	endfacet
	facet normal -0.12050842800808453 0.3143225373162581 0.9416363742518074
		outer loop
			vertex -2.0233471393585205 2.0233471393585205 9.581864356994629
			vertex 6.123233998228043e-16 3.8268344402313232 9.238795280456543
			vertex -2.084592819213867 4.089075565338135 8.884476661682129
		endloop
	endfacet
	facet normal -0.09604163072495674 0.2889427543463887 0.952516713700297
		outer loop
			vertex -2.0233471393585205 2.0233471393585205 9.581864356994629
			vertex 6.123233998228043e-16 1.9509031772613525 9.807852745056152
			vertex 6.123233998228043e-16 3.8268344402313232 9.238795280456543
		endloop
	endfacet
	facet normal -0.09022921388998308 0.4694738793626076 0.8783239525124085
		outer loop
			vertex -2.084592819213867 4.089075565338135 8.884476661682129
			vertex 6.123233998228043e-16 3.8268344402313232 9.238795280456543
			vertex 6.123233998228043e-16 5.555702209472656 8.314696311950684
		endloop
	endfacet
	facet normal 0.09604163072495678 0.2889427543463888 0.952516713700297
		outer loop
			vertex 6.123233998228043e-16 1.9509031772613525 9.807852745056152
			vertex 2.0233471393585205 2.0233471393585205 9.581864356994629
			vertex 6.123233998228043e-16 3.8268344402313232 9.238795280456543
		endloop
	endfacet
	facet normal 0.12050842800808458 0.3143225373162581 0.9416363742518074
		outer loop
			vertex 2.0233471393585205 2.0233471393585205 9.581864356994629
			vertex 2.084592819213867 4.089075565338135 8.884476661682129
			vertex 6.123233998228043e-16 3.8268344402313232 9.238795280456543
		endloop
	endfacet
	facet normal 0.09022921388998312 0.4694738793626076 0.8783239525124086
		outer loop
			vertex 6.123233998228043e-16 3.8268344402313232 9.238795280456543
			vertex 2.084592819213867 4.089075565338135 8.884476661682129
			vertex 6.123233998228043e-16 5.555702209472656 8.314696311950684
		endloop
	endfacet
	facet normal 0.2889427543463888 0.09604163072495678 0.952516713700297
		outer loop
			vertex 1.9509031772613525 6.123233998228043e-16 9.807852745056152
			vertex 3.8268344402313232 6.123233998228043e-16 9.238795280456543
			vertex 2.0233471393585205 2.0233471393585205 9.581864356994629
		endloop
	endfacet
	facet normal 0.3143225373162581 0.12050842800808458 0.9416363742518074
		outer loop
			vertex 2.0233471393585205 2.0233471393585205 9.581864356994629
			vertex 3.8268344402313232 6.123233998228043e-16 9.238795280456543
			vertex 4.089075565338135 2.084592819213867 8.884476661682129
		endloop
	endfacet
	facet normal 0.6320842652912284 0.08524505710076609 0.7701965734870128
		outer loop
			vertex 5.555702209472656 6.123233998228043e-16 8.314696311950684
			vertex 6 6.123233998228043e-16 7.950070381164551
			vertex 6 1.9544360637664795 7.7337541580200195
		endloop
	endfacet
	facet normal 0.4694738793626076 0.09022921388998312 0.8783239525124085
		outer loop
			vertex 3.8268344402313232 6.123233998228043e-16 9.238795280456543
			vertex 5.555702209472656 6.123233998228043e-16 8.314696311950684
			vertex 4.089075565338135 2.084592819213867 8.884476661682129
		endloop
	endfacet
	facet normal 0.5179101281311359 0.13342459895399084 0.8449656653220634
		outer loop
			vertex 4.089075565338135 2.084592819213867 8.884476661682129
			vertex 5.555702209472656 6.123233998228043e-16 8.314696311950684
			vertex 6 1.9544360637664795 7.7337541580200195
		endloop
	endfacet
	facet normal 0.5179101375013754 0.13342412338248352 0.844965734673852
		outer loop
			vertex 4.089075565338135 2.084592819213867 8.884476661682129
			vertex 6 1.9544360637664795 7.7337541580200195
			vertex 6 2.1194608211517334 7.707695960998535
		endloop
	endfacet
	facet normal 0.49614878395753903 0.30049604539938024 0.8145787321534913
		outer loop
			vertex 4.089075565338135 2.084592819213867 8.884476661682129
			vertex 6 2.1194608211517334 7.707695960998535
			vertex 6 2.1672909259796143 7.690051555633545
		endloop
	endfacet
	facet normal 0.5599467087639302 0.3594951326741789 0.7464736652608832
		outer loop
			vertex 4.297662734985352 4.297662734985352 7.941044807434082
			vertex 6 2.1672909259796143 7.690051555633545
			vertex 6 4.364774227142334 6.631762981414795
		endloop
	endfacet
	facet normal 0.51121247887084 0.5112127963977131 0.6908858648474155
		outer loop
			vertex 4.297662734985352 4.297662734985352 7.941044807434082
			vertex 6 4.364774227142334 6.631762981414795
			vertex 6 4.735960483551025 6.357108116149902
		endloop
	endfacet
	facet normal 0.3412200659582193 0.3412200659582193 0.8758639923954731
		outer loop
			vertex 2.084592819213867 4.089075565338135 8.884476661682129
			vertex 4.089075565338135 2.084592819213867 8.884476661682129
			vertex 4.297662734985352 4.297662734985352 7.941044807434082
		endloop
	endfacet
	facet normal 0.29745587455952394 0.29745587455952394 0.9072155231145781
		outer loop
			vertex 2.0233471393585205 2.0233471393585205 9.581864356994629
			vertex 4.089075565338135 2.084592819213867 8.884476661682129
			vertex 2.084592819213867 4.089075565338135 8.884476661682129
		endloop
	endfacet
	facet normal 0.30049211081649546 0.4961495144099267 0.8145797386921927
		outer loop
			vertex 2.084592819213867 4.089075565338135 8.884476661682129
			vertex 4.297662734985352 4.297662734985352 7.941044807434082
			vertex 2.120148181915283 6.037671089172363 7.684497356414795
		endloop
	endfacet
	facet normal 0.49614956758073225 0.300492094556114 0.8145797123048991
		outer loop
			vertex 4.089075565338135 2.084592819213867 8.884476661682129
			vertex 6 2.1672909259796143 7.690051555633545
			vertex 4.297662734985352 4.297662734985352 7.941044807434082
		endloop
	endfacet
	facet normal -0.09754969457091417 0.9904383444607963 0.09754969457091422
		outer loop
			vertex -1.9509031772613525 9.807852745056152 6.123233998228043e-16
			vertex 6.123233998228043e-16 9.807852745056152 1.9509031772613525
			vertex 6.123233998228043e-16 10 6.123233998228043e-16
		endloop
	endfacet
	facet normal -0.10659732567941445 0.988571707220065 0.10659732567941449
		outer loop
			vertex -1.9509031772613525 9.807852745056152 6.123233998228043e-16
			vertex -2.0233471393585205 9.581864356994629 2.0233471393585205
			vertex 6.123233998228043e-16 9.807852745056152 1.9509031772613525
		endloop
	endfacet
	facet normal 0.09754969457091424 0.9904383444607963 0.09754969457091424
		outer loop
			vertex 6.123233998228043e-16 10 6.123233998228043e-16
			vertex 6.123233998228043e-16 9.807852745056152 1.9509031772613525
			vertex 1.9509031772613525 9.807852745056152 6.123233998228043e-16
		endloop
	endfacet
	facet normal 0.10659732567941448 0.9885717072200649 0.10659732567941448
		outer loop
			vertex 6.123233998228043e-16 9.807852745056152 1.9509031772613525
			vertex 2.0233471393585205 9.581864356994629 2.0233471393585205
			vertex 1.9509031772613525 9.807852745056152 6.123233998228043e-16
		endloop
	endfacet
	facet normal -0.12050842800808456 0.9416363742518076 0.31432253731625814
		outer loop
			vertex -2.0233471393585205 9.581864356994629 2.0233471393585205
			vertex -2.084592819213867 8.884476661682129 4.089075565338135
			vertex 6.123233998228043e-16 9.238795280456543 3.8268344402313232
		endloop
	endfacet
	facet normal -0.09604163072495674 0.952516713700297 0.2889427543463887
		outer loop
			vertex -2.0233471393585205 9.581864356994629 2.0233471393585205
			vertex 6.123233998228043e-16 9.238795280456543 3.8268344402313232
			vertex 6.123233998228043e-16 9.807852745056152 1.9509031772613525
		endloop
	endfacet
	facet normal -0.09022921388998308 0.8783239525124085 0.4694738793626076
		outer loop
			vertex -2.084592819213867 8.884476661682129 4.089075565338135
			vertex 6.123233998228043e-16 8.314696311950684 5.555702209472656
			vertex 6.123233998228043e-16 9.238795280456543 3.8268344402313232
		endloop
	endfacet
	facet normal 0.09604163072495678 0.952516713700297 0.2889427543463888
		outer loop
			vertex 6.123233998228043e-16 9.807852745056152 1.9509031772613525
			vertex 6.123233998228043e-16 9.238795280456543 3.8268344402313232
			vertex 2.0233471393585205 9.581864356994629 2.0233471393585205
		endloop
	endfacet
	facet normal 0.1205084280080846 0.9416363742518076 0.31432253731625814
		outer loop
			vertex 2.0233471393585205 9.581864356994629 2.0233471393585205
			vertex 6.123233998228043e-16 9.238795280456543 3.8268344402313232
			vertex 2.084592819213867 8.884476661682129 4.089075565338135
		endloop
	endfacet
	facet normal 0.09022921388998312 0.8783239525124085 0.4694738793626076
		outer loop
			vertex 6.123233998228043e-16 9.238795280456543 3.8268344402313232
			vertex 6.123233998228043e-16 8.314696311950684 5.555702209472656
			vertex 2.084592819213867 8.884476661682129 4.089075565338135
		endloop
	endfacet
	facet normal 0.5599467087639302 0.7464736652608832 0.3594951326741789
		outer loop
			vertex 4.297662734985352 7.941044807434082 4.297662734985352
			vertex 6 6.631762981414795 4.364774227142334
			vertex 6 7.690051555633545 2.1672909259796143
		endloop
	endfacet
	facet normal 0.51121247887084 0.6908858648474155 0.5112127963977131
		outer loop
			vertex 4.297662734985352 7.941044807434082 4.297662734985352
			vertex 6 6.357108116149902 4.735960483551025
			vertex 6 6.631762981414795 4.364774227142334
		endloop
	endfacet
	facet normal 0.2889427543463888 0.952516713700297 0.09604163072495678
		outer loop
			vertex 1.9509031772613525 9.807852745056152 6.123233998228043e-16
			vertex 2.0233471393585205 9.581864356994629 2.0233471393585205
			vertex 3.8268344402313232 9.238795280456543 6.123233998228043e-16
		endloop
	endfacet
	facet normal 0.31432253731625814 0.9416363742518076 0.1205084280080846
		outer loop
			vertex 2.0233471393585205 9.581864356994629 2.0233471393585205
			vertex 4.089075565338135 8.884476661682129 2.084592819213867
			vertex 3.8268344402313232 9.238795280456543 6.123233998228043e-16
		endloop
	endfacet
	facet normal 0.6320842652912284 0.7701965734870128 0.08524505710076609
		outer loop
			vertex 5.555702209472656 8.314696311950684 6.123233998228043e-16
			vertex 6 7.7337541580200195 1.9544360637664795
			vertex 6 7.950070381164551 6.123233998228043e-16
		endloop
	endfacet
	facet normal 0.5179101375013754 0.844965734673852 0.13342412338248352
		outer loop
			vertex 4.089075565338135 8.884476661682129 2.084592819213867
			vertex 6 7.707695960998535 2.1194608211517334
			vertex 6 7.7337541580200195 1.9544360637664795
		endloop
	endfacet
	facet normal 0.4961487839575389 0.8145787321534911 0.3004960453993802
		outer loop
			vertex 4.089075565338135 8.884476661682129 2.084592819213867
			vertex 6 7.690051555633545 2.1672909259796143
			vertex 6 7.707695960998535 2.1194608211517334
		endloop
	endfacet
	facet normal 0.5179101281311359 0.8449656653220633 0.13342459895399084
		outer loop
			vertex 4.089075565338135 8.884476661682129 2.084592819213867
			vertex 6 7.7337541580200195 1.9544360637664795
			vertex 5.555702209472656 8.314696311950684 6.123233998228043e-16
		endloop
	endfacet
	facet normal 0.4694738793626076 0.8783239525124086 0.09022921388998312
		outer loop
			vertex 3.8268344402313232 9.238795280456543 6.123233998228043e-16
			vertex 4.089075565338135 8.884476661682129 2.084592819213867
			vertex 5.555702209472656 8.314696311950684 6.123233998228043e-16
		endloop
	endfacet
	facet normal 0.34122006595821924 0.8758639923954729 0.34122006595821924
		outer loop
			vertex 2.084592819213867 8.884476661682129 4.089075565338135
			vertex 4.297662734985352 7.941044807434082 4.297662734985352
			vertex 4.089075565338135 8.884476661682129 2.084592819213867
		endloop
	endfacet
	facet normal 0.30049211081649546 0.8145797386921927 0.4961495144099267
		outer loop
			vertex 2.084592819213867 8.884476661682129 4.089075565338135
			vertex 2.120148181915283 7.684497356414795 6.037671089172363
			vertex 4.297662734985352 7.941044807434082 4.297662734985352
		endloop
	endfacet
	facet normal 0.29745587455952394 0.9072155231145781 0.29745587455952394
		outer loop
			vertex 2.0233471393585205 9.581864356994629 2.0233471393585205
			vertex 2.084592819213867 8.884476661682129 4.089075565338135
			vertex 4.089075565338135 8.884476661682129 2.084592819213867
		endloop
	endfacet
	facet normal 0.49614956758073225 0.8145797123048991 0.300492094556114
		outer loop
			vertex 4.089075565338135 8.884476661682129 2.084592819213867
			vertex 4.297662734985352 7.941044807434082 4.297662734985352
			vertex 6 7.690051555633545 2.1672909259796143
		endloop
	endfacet
	facet normal -0.13871239032826838 0.7002709735414635 0.7002709735414635
		outer loop
			vertex -2.120148181915283 6.037671089172363 7.684497356414795
			vertex 6.123233998228043e-16 7.071067810058594 7.071067810058594
			vertex -2.120148181915283 7.684497356414795 6.037671089172363
		endloop
	endfacet
	facet normal 0.1387123903282684 0.7002709735414635 0.7002709735414635
		outer loop
			vertex 6.123233998228043e-16 7.071067810058594 7.071067810058594
			vertex 2.120148181915283 6.037671089172363 7.684497356414795
			vertex 2.120148181915283 7.684497356414795 6.037671089172363
		endloop
	endfacet
	facet normal -0.13342459725676634 0.5179101262668349 0.8449656667327619
		outer loop
			vertex -2.084592819213867 4.089075565338135 8.884476661682129
			vertex 6.123233998228043e-16 5.555702209472656 8.314696311950684
			vertex -2.120148181915283 6.037671089172363 7.684497356414795
		endloop
	endfacet
	facet normal -0.08524510984697796 0.6320841277880282 0.7701966804950696
		outer loop
			vertex -2.120148181915283 6.037671089172363 7.684497356414795
			vertex 6.123233998228043e-16 5.555702209472656 8.314696311950684
			vertex 6.123233998228043e-16 7.071067810058594 7.071067810058594
		endloop
	endfacet
	facet normal 0.085245109846978 0.6320841277880284 0.7701966804950696
		outer loop
			vertex 6.123233998228043e-16 7.071067810058594 7.071067810058594
			vertex 6.123233998228043e-16 5.555702209472656 8.314696311950684
			vertex 2.120148181915283 6.037671089172363 7.684497356414795
		endloop
	endfacet
	facet normal 0.1334245972567664 0.5179101262668349 0.8449656667327619
		outer loop
			vertex 2.084592819213867 4.089075565338135 8.884476661682129
			vertex 2.120148181915283 6.037671089172363 7.684497356414795
			vertex 6.123233998228043e-16 5.555702209472656 8.314696311950684
		endloop
	endfacet
	facet normal -0.13342459725676634 0.8449656667327619 0.5179101262668349
		outer loop
			vertex -2.084592819213867 8.884476661682129 4.089075565338135
			vertex -2.120148181915283 7.684497356414795 6.037671089172363
			vertex 6.123233998228043e-16 8.314696311950684 5.555702209472656
		endloop
	endfacet
	facet normal -0.08524510984697796 0.7701966804950696 0.6320841277880282
		outer loop
			vertex -2.120148181915283 7.684497356414795 6.037671089172363
			vertex 6.123233998228043e-16 7.071067810058594 7.071067810058594
			vertex 6.123233998228043e-16 8.314696311950684 5.555702209472656
		endloop
	endfacet
	facet normal 0.085245109846978 0.7701966804950696 0.6320841277880284
		outer loop
			vertex 6.123233998228043e-16 7.071067810058594 7.071067810058594
			vertex 2.120148181915283 7.684497356414795 6.037671089172363
			vertex 6.123233998228043e-16 8.314696311950684 5.555702209472656
		endloop
	endfacet
	facet normal 0.1334245972567664 0.8449656667327619 0.5179101262668349
		outer loop
			vertex 2.084592819213867 8.884476661682129 4.089075565338135
			vertex 6.123233998228043e-16 8.314696311950684 5.555702209472656
			vertex 2.120148181915283 7.684497356414795 6.037671089172363
		endloop
	endfacet
	facet normal 0.3594952122984947 0.5599467147812984 0.746473622400746
		outer loop
			vertex 4.297662734985352 4.297662734985352 7.941044807434082
			vertex 4.378852367401123 6.357108116149902 6.357108116149902
			vertex 2.120148181915283 6.037671089172363 7.684497356414795
		endloop
	endfacet
	facet normal 0.3594952122984947 0.746473622400746 0.5599467147812984
		outer loop
			vertex 4.297662734985352 7.941044807434082 4.297662734985352
			vertex 2.120148181915283 7.684497356414795 6.037671089172363
			vertex 4.378852367401123 6.357108116149902 6.357108116149902
		endloop
	endfacet
	facet normal 0.3009220601145843 0.6743314888600394 0.6743314888600394
		outer loop
			vertex 2.120148181915283 6.037671089172363 7.684497356414795
			vertex 4.378852367401123 6.357108116149902 6.357108116149902
			vertex 2.120148181915283 7.684497356414795 6.037671089172363
		endloop
	endfacet
	facet normal 0.5773502691896257 0.5773502691896257 0.5773502691896257
		outer loop
			vertex 4.378852367401123 6.357108116149902 6.357108116149902
			vertex 6 4.735960483551025 6.357108116149902
			vertex 6 6.357108116149902 4.735960483551025
		endloop
	endfacet
	facet normal 0.5112125928855099 0.5112125928855099 0.6908859310700629
		outer loop
			vertex 4.297662734985352 4.297662734985352 7.941044807434082
			vertex 6 4.735960483551025 6.357108116149902
			vertex 4.378852367401123 6.357108116149902 6.357108116149902
		endloop
	endfacet
	facet normal 0.5112125928855099 0.6908859310700629 0.5112125928855099
		outer loop
			vertex 4.297662734985352 7.941044807434082 4.297662734985352
			vertex 4.378852367401123 6.357108116149902 6.357108116149902
			vertex 6 6.357108116149902 4.735960483551025
		endloop
	endfacet
	facet normal -0.5112125928855099 -0.6908859310700629 -0.5112125928855099
		outer loop
			vertex 7.621147632598877 -6.357108116149902 -6.357108116149902
			vertex 7.702337265014648 -7.941044807434082 -4.297662734985352
			vertex 6 -6.357108116149902 -4.735960483551025
		endloop
	endfacet
	facet normal -0.5112125928855099 -0.5112125928855099 -0.6908859310700629
		outer loop
			vertex 7.621147632598877 -6.357108116149902 -6.357108116149902
			vertex 6 -4.735960483551025 -6.357108116149902
			vertex 7.702337265014648 -4.297662734985352 -7.941044807434082
		endloop
	endfacet
	facet normal -0.5773502691896257 -0.5773502691896257 -0.5773502691896257
		outer loop
			vertex 7.621147632598877 -6.357108116149902 -6.357108116149902
			vertex 6 -6.357108116149902 -4.735960483551025
			vertex 6 -4.735960483551025 -6.357108116149902
		endloop
	endfacet
	facet normal -0.30092200233937094 -0.6743315017512024 -0.6743315017512024
		outer loop
			vertex 7.621147632598877 -6.357108116149902 -6.357108116149902
			vertex 9.879852294921875 -6.037671089172363 -7.684497356414795
			vertex 9.879852294921875 -7.684497356414795 -6.037671089172363
		endloop
	endfacet
	facet normal -0.3594951452371844 -0.7464736416235911 -0.5599467322095115
		outer loop
			vertex 7.621147632598877 -6.357108116149902 -6.357108116149902
			vertex 9.879852294921875 -7.684497356414795 -6.037671089172363
			vertex 7.702337265014648 -7.941044807434082 -4.297662734985352
		endloop
	endfacet
	facet normal -0.3594951452371844 -0.5599467322095115 -0.7464736416235911
		outer loop
			vertex 7.621147632598877 -6.357108116149902 -6.357108116149902
			vertex 7.702337265014648 -4.297662734985352 -7.941044807434082
			vertex 9.879852294921875 -6.037671089172363 -7.684497356414795
		endloop
	endfacet
	facet normal -0.13342461730541844 -0.8449656500687277 -0.5179101482890974
		outer loop
			vertex 9.879852294921875 -7.684497356414795 -6.037671089172363
			vertex 12 -8.314696311950684 -5.555702209472656
			vertex 9.915407180786133 -8.884476661682129 -4.089075565338135
		endloop
	endfacet
	facet normal -0.08524512887992435 -0.7701966792363047 -0.6320841267549866
		outer loop
			vertex 9.879852294921875 -7.684497356414795 -6.037671089172363
			vertex 12 -7.071067810058594 -7.071067810058594
			vertex 12 -8.314696311950684 -5.555702209472656
		endloop
	endfacet
	facet normal 0.08524512887992435 -0.7701966792363047 -0.6320841267549866
		outer loop
			vertex 12 -8.314696311950684 -5.555702209472656
			vertex 12 -7.071067810058594 -7.071067810058594
			vertex 14.120147705078125 -7.684497356414795 -6.037671089172363
		endloop
	endfacet
	facet normal 0.13342461730541844 -0.8449656500687277 -0.5179101482890974
		outer loop
			vertex 12 -8.314696311950684 -5.555702209472656
			vertex 14.120147705078125 -7.684497356414795 -6.037671089172363
			vertex 14.084592819213867 -8.884476661682129 -4.089075565338135
		endloop
	endfacet
	facet normal -0.13342461730541846 -0.5179101482890974 -0.8449656500687278
		outer loop
			vertex 9.879852294921875 -6.037671089172363 -7.684497356414795
			vertex 9.915407180786133 -4.089075565338135 -8.884476661682129
			vertex 12 -5.555702209472656 -8.314696311950684
		endloop
	endfacet
	facet normal -0.08524512887992435 -0.6320841267549866 -0.7701966792363047
		outer loop
			vertex 9.879852294921875 -6.037671089172363 -7.684497356414795
			vertex 12 -5.555702209472656 -8.314696311950684
			vertex 12 -7.071067810058594 -7.071067810058594
		endloop
	endfacet
	facet normal 0.08524512887992435 -0.6320841267549866 -0.7701966792363047
		outer loop
			vertex 12 -5.555702209472656 -8.314696311950684
			vertex 14.120147705078125 -6.037671089172363 -7.684497356414795
			vertex 12 -7.071067810058594 -7.071067810058594
		endloop
	endfacet
	facet normal 0.13342461730541846 -0.5179101482890974 -0.8449656500687278
		outer loop
			vertex 12 -5.555702209472656 -8.314696311950684
			vertex 14.084592819213867 -4.089075565338135 -8.884476661682129
			vertex 14.120147705078125 -6.037671089172363 -7.684497356414795
		endloop
	endfacet
	facet normal -0.13871242092545333 -0.7002709705110586 -0.7002709705110586
		outer loop
			vertex 9.879852294921875 -7.684497356414795 -6.037671089172363
			vertex 9.879852294921875 -6.037671089172363 -7.684497356414795
			vertex 12 -7.071067810058594 -7.071067810058594
		endloop
	endfacet
	facet normal 0.13871242092545333 -0.7002709705110586 -0.7002709705110586
		outer loop
			vertex 14.120147705078125 -7.684497356414795 -6.037671089172363
			vertex 12 -7.071067810058594 -7.071067810058594
			vertex 14.120147705078125 -6.037671089172363 -7.684497356414795
		endloop
	endfacet
	facet normal -0.49614956758073225 -0.8145797123048991 -0.300492094556114
		outer loop
			vertex 7.702337265014648 -7.941044807434082 -4.297662734985352
			vertex 7.910924434661865 -8.884476661682129 -2.084592819213867
			vertex 6 -7.690051555633545 -2.1672909259796143
		endloop
	endfacet
	facet normal -0.29745584711717055 -0.9072155411100568 -0.29745584711717055
		outer loop
			vertex 7.910924434661865 -8.884476661682129 -2.084592819213867
			vertex 9.915407180786133 -8.884476661682129 -4.089075565338135
			vertex 9.976653099060059 -9.581864356994629 -2.0233471393585205
		endloop
	endfacet
	facet normal -0.30049209351896305 -0.8145797106218139 -0.4961495709721742
		outer loop
			vertex 9.879852294921875 -7.684497356414795 -6.037671089172363
			vertex 9.915407180786133 -8.884476661682129 -4.089075565338135
			vertex 7.702337265014648 -7.941044807434082 -4.297662734985352
		endloop
	endfacet
	facet normal -0.34122006595821924 -0.8758639923954729 -0.34122006595821924
		outer loop
			vertex 7.702337265014648 -7.941044807434082 -4.297662734985352
			vertex 9.915407180786133 -8.884476661682129 -4.089075565338135
			vertex 7.910924434661865 -8.884476661682129 -2.084592819213867
		endloop
	endfacet
	facet normal -0.46947392790601866 -0.8783239222059489 -0.09022925632660878
		outer loop
			vertex 7.910924434661865 -8.884476661682129 -2.084592819213867
			vertex 8.173165321350098 -9.238795280456543 6.123233998228043e-16
			vertex 6.444297790527344 -8.314696311950684 6.123233998228043e-16
		endloop
	endfacet
	facet normal -0.517910128131136 -0.8449656653220633 -0.13342459895399075
		outer loop
			vertex 7.910924434661865 -8.884476661682129 -2.084592819213867
			vertex 6.444297790527344 -8.314696311950684 6.123233998228043e-16
			vertex 6 -7.7337541580200195 -1.9544360637664795
		endloop
	endfacet
	facet normal -0.4961487839575389 -0.8145787321534911 -0.3004960453993802
		outer loop
			vertex 7.910924434661865 -8.884476661682129 -2.084592819213867
			vertex 6 -7.707695960998535 -2.1194608211517334
			vertex 6 -7.690051555633545 -2.1672909259796143
		endloop
	endfacet
	facet normal -0.5179101375013754 -0.844965734673852 -0.13342412338248352
		outer loop
			vertex 7.910924434661865 -8.884476661682129 -2.084592819213867
			vertex 6 -7.7337541580200195 -1.9544360637664795
			vertex 6 -7.707695960998535 -2.1194608211517334
		endloop
	endfacet
	facet normal -0.6320842652912283 -0.7701965734870128 -0.08524505710076603
		outer loop
			vertex 6.444297790527344 -8.314696311950684 6.123233998228043e-16
			vertex 6 -7.950070381164551 6.123233998228043e-16
			vertex 6 -7.7337541580200195 -1.9544360637664795
		endloop
	endfacet
	facet normal -0.31432250199567974 -0.9416363807316309 -0.12050846950240124
		outer loop
			vertex 7.910924434661865 -8.884476661682129 -2.084592819213867
			vertex 9.976653099060059 -9.581864356994629 -2.0233471393585205
			vertex 8.173165321350098 -9.238795280456543 6.123233998228043e-16
		endloop
	endfacet
	facet normal -0.28894268695977454 -0.9525167336735936 -0.0960416353684933
		outer loop
			vertex 9.976653099060059 -9.581864356994629 -2.0233471393585205
			vertex 10.049097061157227 -9.807852745056152 6.123233998228043e-16
			vertex 8.173165321350098 -9.238795280456543 6.123233998228043e-16
		endloop
	endfacet
	facet normal -0.51121247887084 -0.6908858648474155 -0.5112127963977131
		outer loop
			vertex 7.702337265014648 -7.941044807434082 -4.297662734985352
			vertex 6 -6.631762981414795 -4.364774227142334
			vertex 6 -6.357108116149902 -4.735960483551025
		endloop
	endfacet
	facet normal -0.5599467087639302 -0.7464736652608832 -0.3594951326741789
		outer loop
			vertex 7.702337265014648 -7.941044807434082 -4.297662734985352
			vertex 6 -7.690051555633545 -2.1672909259796143
			vertex 6 -6.631762981414795 -4.364774227142334
		endloop
	endfacet
	facet normal -0.0902292138899831 -0.8783239525124085 -0.4694738793626076
		outer loop
			vertex 9.915407180786133 -8.884476661682129 -4.089075565338135
			vertex 12 -8.314696311950684 -5.555702209472656
			vertex 12 -9.238795280456543 -3.8268344402313232
		endloop
	endfacet
	facet normal -0.12050843026764178 -0.9416363781845696 -0.31432252466833377
		outer loop
			vertex 9.915407180786133 -8.884476661682129 -4.089075565338135
			vertex 12 -9.238795280456543 -3.8268344402313232
			vertex 9.976653099060059 -9.581864356994629 -2.0233471393585205
		endloop
	endfacet
	facet normal -0.09604164193751602 -0.9525167126650084 -0.2889427540323374
		outer loop
			vertex 9.976653099060059 -9.581864356994629 -2.0233471393585205
			vertex 12 -9.238795280456543 -3.8268344402313232
			vertex 12 -9.807852745056152 -1.9509031772613525
		endloop
	endfacet
	facet normal 0.0902292138899831 -0.8783239525124085 -0.4694738793626076
		outer loop
			vertex 12 -8.314696311950684 -5.555702209472656
			vertex 14.084592819213867 -8.884476661682129 -4.089075565338135
			vertex 12 -9.238795280456543 -3.8268344402313232
		endloop
	endfacet
	facet normal 0.09604164193751602 -0.9525167126650084 -0.2889427540323374
		outer loop
			vertex 12 -9.238795280456543 -3.8268344402313232
			vertex 14.023346900939941 -9.581864356994629 -2.0233471393585205
			vertex 12 -9.807852745056152 -1.9509031772613525
		endloop
	endfacet
	facet normal 0.12050843026764178 -0.9416363781845696 -0.31432252466833377
		outer loop
			vertex 12 -9.238795280456543 -3.8268344402313232
			vertex 14.084592819213867 -8.884476661682129 -4.089075565338135
			vertex 14.023346900939941 -9.581864356994629 -2.0233471393585205
		endloop
	endfacet
	facet normal -0.10659733811850684 -0.9885717059421764 -0.10659732509131704
		outer loop
			vertex 9.976653099060059 -9.581864356994629 -2.0233471393585205
			vertex 12 -9.807852745056152 -1.9509031772613525
			vertex 10.049097061157227 -9.807852745056152 6.123233998228043e-16
		endloop
	endfacet
	facet normal -0.09754970637895471 -0.9904383433089786 -0.09754969445746998
		outer loop
			vertex 10.049097061157227 -9.807852745056152 6.123233998228043e-16
			vertex 12 -9.807852745056152 -1.9509031772613525
			vertex 12 -10 6.123233998228043e-16
		endloop
	endfacet
	facet normal 0.10659733811850686 -0.9885717059421764 -0.10659732509131707
		outer loop
			vertex 12 -9.807852745056152 -1.9509031772613525
			vertex 14.023346900939941 -9.581864356994629 -2.0233471393585205
			vertex 13.950902938842773 -9.807852745056152 6.123233998228043e-16
		endloop
	endfacet
	facet normal 0.09754970637895471 -0.9904383433089786 -0.09754969445746998
		outer loop
			vertex 12 -9.807852745056152 -1.9509031772613525
			vertex 13.950902938842773 -9.807852745056152 6.123233998228043e-16
			vertex 12 -10 6.123233998228043e-16
		endloop
	endfacet
	facet normal -0.49614956758073225 -0.300492094556114 -0.8145797123048991
		outer loop
			vertex 7.702337265014648 -4.297662734985352 -7.941044807434082
			vertex 6 -2.1672909259796143 -7.690051555633545
			vertex 7.910924434661865 -2.084592819213867 -8.884476661682129
		endloop
	endfacet
	facet normal -0.30049209351896305 -0.4961495709721742 -0.8145797106218139
		outer loop
			vertex 9.879852294921875 -6.037671089172363 -7.684497356414795
			vertex 7.702337265014648 -4.297662734985352 -7.941044807434082
			vertex 9.915407180786133 -4.089075565338135 -8.884476661682129
		endloop
	endfacet
	facet normal -0.29745584711717055 -0.29745584711717055 -0.9072155411100568
		outer loop
			vertex 7.910924434661865 -2.084592819213867 -8.884476661682129
			vertex 9.976653099060059 -2.0233471393585205 -9.581864356994629
			vertex 9.915407180786133 -4.089075565338135 -8.884476661682129
		endloop
	endfacet
	facet normal -0.3412200659582193 -0.3412200659582193 -0.8758639923954731
		outer loop
			vertex 7.702337265014648 -4.297662734985352 -7.941044807434082
			vertex 7.910924434661865 -2.084592819213867 -8.884476661682129
			vertex 9.915407180786133 -4.089075565338135 -8.884476661682129
		endloop
	endfacet
	facet normal -0.51121247887084 -0.5112127963977131 -0.6908858648474155
		outer loop
			vertex 7.702337265014648 -4.297662734985352 -7.941044807434082
			vertex 6 -4.735960483551025 -6.357108116149902
			vertex 6 -4.364774227142334 -6.631762981414795
		endloop
	endfacet
	facet normal -0.5599467087639302 -0.3594951326741789 -0.7464736652608832
		outer loop
			vertex 7.702337265014648 -4.297662734985352 -7.941044807434082
			vertex 6 -4.364774227142334 -6.631762981414795
			vertex 6 -2.1672909259796143 -7.690051555633545
		endloop
	endfacet
	facet normal -0.49614878395753903 -0.30049604539938024 -0.8145787321534913
		outer loop
			vertex 7.910924434661865 -2.084592819213867 -8.884476661682129
			vertex 6 -2.1672909259796143 -7.690051555633545
			vertex 6 -2.1194608211517334 -7.707695960998535
		endloop
	endfacet
	facet normal -0.5179101375013754 -0.13342412338248352 -0.844965734673852
		outer loop
			vertex 7.910924434661865 -2.084592819213867 -8.884476661682129
			vertex 6 -2.1194608211517334 -7.707695960998535
			vertex 6 -1.9544360637664795 -7.7337541580200195
		endloop
	endfacet
	facet normal -0.5179101281311359 -0.13342459895399075 -0.8449656653220633
		outer loop
			vertex 7.910924434661865 -2.084592819213867 -8.884476661682129
			vertex 6 -1.9544360637664795 -7.7337541580200195
			vertex 6.444297790527344 6.123233998228043e-16 -8.314696311950684
		endloop
	endfacet
	facet normal -0.46947392790601866 -0.09022925632660876 -0.8783239222059489
		outer loop
			vertex 7.910924434661865 -2.084592819213867 -8.884476661682129
			vertex 6.444297790527344 6.123233998228043e-16 -8.314696311950684
			vertex 8.173165321350098 6.123233998228043e-16 -9.238795280456543
		endloop
	endfacet
	facet normal -0.6320842652912283 -0.08524505710076603 -0.7701965734870128
		outer loop
			vertex 6.444297790527344 6.123233998228043e-16 -8.314696311950684
			vertex 6 -1.9544360637664795 -7.7337541580200195
			vertex 6 6.123233998228043e-16 -7.950070381164551
		endloop
	endfacet
	facet normal -0.31432250199567974 -0.12050846950240124 -0.9416363807316309
		outer loop
			vertex 7.910924434661865 -2.084592819213867 -8.884476661682129
			vertex 8.173165321350098 6.123233998228043e-16 -9.238795280456543
			vertex 9.976653099060059 -2.0233471393585205 -9.581864356994629
		endloop
	endfacet
	facet normal -0.2889426869597745 -0.09604163536849328 -0.9525167336735935
		outer loop
			vertex 9.976653099060059 -2.0233471393585205 -9.581864356994629
			vertex 8.173165321350098 6.123233998228043e-16 -9.238795280456543
			vertex 10.049097061157227 6.123233998228043e-16 -9.807852745056152
		endloop
	endfacet
	facet normal -0.0902292138899831 -0.4694738793626076 -0.8783239525124085
		outer loop
			vertex 9.915407180786133 -4.089075565338135 -8.884476661682129
			vertex 12 -3.8268344402313232 -9.238795280456543
			vertex 12 -5.555702209472656 -8.314696311950684
		endloop
	endfacet
	facet normal -0.12050843026764178 -0.31432252466833377 -0.9416363781845696
		outer loop
			vertex 9.915407180786133 -4.089075565338135 -8.884476661682129
			vertex 9.976653099060059 -2.0233471393585205 -9.581864356994629
			vertex 12 -3.8268344402313232 -9.238795280456543
		endloop
	endfacet
	facet normal -0.09604164193751602 -0.2889427540323374 -0.9525167126650084
		outer loop
			vertex 9.976653099060059 -2.0233471393585205 -9.581864356994629
			vertex 12 -1.9509031772613525 -9.807852745056152
			vertex 12 -3.8268344402313232 -9.238795280456543
		endloop
	endfacet
	facet normal 0.0902292138899831 -0.4694738793626076 -0.8783239525124085
		outer loop
			vertex 12 -5.555702209472656 -8.314696311950684
			vertex 12 -3.8268344402313232 -9.238795280456543
			vertex 14.084592819213867 -4.089075565338135 -8.884476661682129
		endloop
	endfacet
	facet normal 0.09604164193751602 -0.2889427540323374 -0.9525167126650084
		outer loop
			vertex 12 -3.8268344402313232 -9.238795280456543
			vertex 12 -1.9509031772613525 -9.807852745056152
			vertex 14.023346900939941 -2.0233471393585205 -9.581864356994629
		endloop
	endfacet
	facet normal 0.12050843026764178 -0.31432252466833377 -0.9416363781845696
		outer loop
			vertex 12 -3.8268344402313232 -9.238795280456543
			vertex 14.023346900939941 -2.0233471393585205 -9.581864356994629
			vertex 14.084592819213867 -4.089075565338135 -8.884476661682129
		endloop
	endfacet
	facet normal -0.10659733811850687 -0.10659732509131707 -0.9885717059421764
		outer loop
			vertex 9.976653099060059 -2.0233471393585205 -9.581864356994629
			vertex 10.049097061157227 6.123233998228043e-16 -9.807852745056152
			vertex 12 -1.9509031772613525 -9.807852745056152
		endloop
	endfacet
	facet normal -0.09754970637895471 -0.09754969445746998 -0.9904383433089786
		outer loop
			vertex 10.049097061157227 6.123233998228043e-16 -9.807852745056152
			vertex 12 6.123233998228043e-16 -10
			vertex 12 -1.9509031772613525 -9.807852745056152
		endloop
	endfacet
	facet normal 0.10659733811850687 -0.10659732509131707 -0.9885717059421764
		outer loop
			vertex 12 -1.9509031772613525 -9.807852745056152
			vertex 13.950902938842773 6.123233998228043e-16 -9.807852745056152
			vertex 14.023346900939941 -2.0233471393585205 -9.581864356994629
		endloop
	endfacet
	facet normal 0.09754970637895471 -0.09754969445746998 -0.9904383433089786
		outer loop
			vertex 12 -1.9509031772613525 -9.807852745056152
			vertex 12 6.123233998228043e-16 -10
			vertex 13.950902938842773 6.123233998228043e-16 -9.807852745056152
		endloop
	endfacet
	facet normal 0.30092194456417876 -0.6743315146423581 -0.6743315146423581
		outer loop
			vertex 14.120147705078125 -7.684497356414795 -6.037671089172363
			vertex 14.120147705078125 -6.037671089172363 -7.684497356414795
			vertex 16.37885284423828 -6.357108116149902 -6.357108116149902
		endloop
	endfacet
	facet normal 0.3594951053329662 -0.7464736926563718 -0.5599466897960914
		outer loop
			vertex 14.120147705078125 -7.684497356414795 -6.037671089172363
			vertex 16.37885284423828 -6.357108116149902 -6.357108116149902
			vertex 16.29766273498535 -7.941044807434082 -4.297662734985352
		endloop
	endfacet
	facet normal 0.3594951053329662 -0.5599466897960914 -0.7464736926563718
		outer loop
			vertex 14.120147705078125 -6.037671089172363 -7.684497356414795
			vertex 16.29766273498535 -4.297662734985352 -7.941044807434082
			vertex 16.37885284423828 -6.357108116149902 -6.357108116149902
		endloop
	endfacet
	facet normal 0.5112124497414925 -0.6908860517285822 -0.511212572963726
		outer loop
			vertex 16.37885284423828 -6.357108116149902 -6.357108116149902
			vertex 18.35710906982422 -6.357108116149902 -4.378852367401123
			vertex 16.29766273498535 -7.941044807434082 -4.297662734985352
		endloop
	endfacet
	facet normal 0.5112124497414925 -0.511212572963726 -0.6908860517285822
		outer loop
			vertex 16.37885284423828 -6.357108116149902 -6.357108116149902
			vertex 16.29766273498535 -4.297662734985352 -7.941044807434082
			vertex 18.35710906982422 -4.378852367401123 -6.357108116149902
		endloop
	endfacet
	facet normal 0.5773501764136105 -0.5773503155776278 -0.5773503155776278
		outer loop
			vertex 16.37885284423828 -6.357108116149902 -6.357108116149902
			vertex 18.35710906982422 -4.378852367401123 -6.357108116149902
			vertex 18.35710906982422 -6.357108116149902 -4.378852367401123
		endloop
	endfacet
	facet normal 0.6908859310700629 -0.5112125928855099 -0.5112125928855099
		outer loop
			vertex 18.35710906982422 -6.357108116149902 -4.378852367401123
			vertex 18.35710906982422 -4.378852367401123 -6.357108116149902
			vertex 19.9410457611084 -4.297662734985352 -4.297662734985352
		endloop
	endfacet
	facet normal 0.297455909939731 -0.907215523114577 -0.29745583917931606
		outer loop
			vertex 14.084592819213867 -8.884476661682129 -4.089075565338135
			vertex 16.089075088500977 -8.884476661682129 -2.084592819213867
			vertex 14.023346900939941 -9.581864356994629 -2.0233471393585205
		endloop
	endfacet
	facet normal 0.30049209351896305 -0.8145797106218139 -0.4961495709721742
		outer loop
			vertex 14.120147705078125 -7.684497356414795 -6.037671089172363
			vertex 16.29766273498535 -7.941044807434082 -4.297662734985352
			vertex 14.084592819213867 -8.884476661682129 -4.089075565338135
		endloop
	endfacet
	facet normal 0.3412200807726107 -0.8758640124754501 -0.341219999601339
		outer loop
			vertex 14.084592819213867 -8.884476661682129 -4.089075565338135
			vertex 16.29766273498535 -7.941044807434082 -4.297662734985352
			vertex 16.089075088500977 -8.884476661682129 -2.084592819213867
		endloop
	endfacet
	facet normal 0.4961496252396019 -0.8145797177669124 -0.3004919845476417
		outer loop
			vertex 16.29766273498535 -7.941044807434082 -4.297662734985352
			vertex 18.037670135498047 -7.684497356414795 -2.120148181915283
			vertex 16.089075088500977 -8.884476661682129 -2.084592819213867
		endloop
	endfacet
	facet normal 0.31432256331300434 -0.94163635265993 -0.12050852891661433
		outer loop
			vertex 14.023346900939941 -9.581864356994629 -2.0233471393585205
			vertex 16.089075088500977 -8.884476661682129 -2.084592819213867
			vertex 15.826834678649902 -9.238795280456543 6.123233998228043e-16
		endloop
	endfacet
	facet normal 0.28894268695977454 -0.9525167336735936 -0.0960416353684933
		outer loop
			vertex 14.023346900939941 -9.581864356994629 -2.0233471393585205
			vertex 15.826834678649902 -9.238795280456543 6.123233998228043e-16
			vertex 13.950902938842773 -9.807852745056152 6.123233998228043e-16
		endloop
	endfacet
	facet normal 0.46947392335698196 -0.8783239136953 -0.09022936284145017
		outer loop
			vertex 16.089075088500977 -8.884476661682129 -2.084592819213867
			vertex 17.555702209472656 -8.314696311950684 6.123233998228043e-16
			vertex 15.826834678649902 -9.238795280456543 6.123233998228043e-16
		endloop
	endfacet
	facet normal 0.5179102021055222 -0.8449655897956928 -0.13342479011126288
		outer loop
			vertex 16.089075088500977 -8.884476661682129 -2.084592819213867
			vertex 18.037670135498047 -7.684497356414795 -2.120148181915283
			vertex 17.555702209472656 -8.314696311950684 6.123233998228043e-16
		endloop
	endfacet
	facet normal 0.5599466369477588 -0.7464738412598807 -0.3594948790812092
		outer loop
			vertex 16.29766273498535 -7.941044807434082 -4.297662734985352
			vertex 18.35710906982422 -6.357108116149902 -4.378852367401123
			vertex 18.037670135498047 -7.684497356414795 -2.120148181915283
		endloop
	endfacet
	facet normal 0.6320841124682025 -0.7701966618278094 -0.08524539210176575
		outer loop
			vertex 18.037670135498047 -7.684497356414795 -2.120148181915283
			vertex 19.071067810058594 -7.071067810058594 6.123233998228043e-16
			vertex 17.555702209472656 -8.314696311950684 6.123233998228043e-16
		endloop
	endfacet
	facet normal 0.674331268200873 -0.6743318539570247 -0.300921736445682
		outer loop
			vertex 18.037670135498047 -7.684497356414795 -2.120148181915283
			vertex 18.35710906982422 -6.357108116149902 -4.378852367401123
			vertex 19.684497833251953 -6.037671089172363 -2.120148181915283
		endloop
	endfacet
	facet normal 0.7464736623160166 -0.5599467509701066 -0.3594950730490408
		outer loop
			vertex 18.35710906982422 -6.357108116149902 -4.378852367401123
			vertex 19.9410457611084 -4.297662734985352 -4.297662734985352
			vertex 19.684497833251953 -6.037671089172363 -2.120148181915283
		endloop
	endfacet
	facet normal 0.7002706617479353 -0.7002712700362757 -0.1387124675611044
		outer loop
			vertex 18.037670135498047 -7.684497356414795 -2.120148181915283
			vertex 19.684497833251953 -6.037671089172363 -2.120148181915283
			vertex 19.071067810058594 -7.071067810058594 6.123233998228043e-16
		endloop
	endfacet
	facet normal 0.7701969433518748 -0.6320838587962889 -0.08524472945949338
		outer loop
			vertex 19.684497833251953 -6.037671089172363 -2.120148181915283
			vertex 20.314695358276367 -5.555702209472656 6.123233998228043e-16
			vertex 19.071067810058594 -7.071067810058594 6.123233998228043e-16
		endloop
	endfacet
	facet normal 0.8449656411620322 -0.5179103286708804 -0.13342397352671068
		outer loop
			vertex 19.684497833251953 -6.037671089172363 -2.120148181915283
			vertex 20.884477615356445 -4.089075565338135 -2.084592819213867
			vertex 20.314695358276367 -5.555702209472656 6.123233998228043e-16
		endloop
	endfacet
	facet normal 0.30049209351896305 -0.4961495709721742 -0.8145797106218139
		outer loop
			vertex 14.120147705078125 -6.037671089172363 -7.684497356414795
			vertex 14.084592819213867 -4.089075565338135 -8.884476661682129
			vertex 16.29766273498535 -4.297662734985352 -7.941044807434082
		endloop
	endfacet
	facet normal 0.297455909939731 -0.29745583917931606 -0.907215523114577
		outer loop
			vertex 14.084592819213867 -4.089075565338135 -8.884476661682129
			vertex 14.023346900939941 -2.0233471393585205 -9.581864356994629
			vertex 16.089075088500977 -2.084592819213867 -8.884476661682129
		endloop
	endfacet
	facet normal 0.3412200807726107 -0.341219999601339 -0.8758640124754501
		outer loop
			vertex 14.084592819213867 -4.089075565338135 -8.884476661682129
			vertex 16.089075088500977 -2.084592819213867 -8.884476661682129
			vertex 16.29766273498535 -4.297662734985352 -7.941044807434082
		endloop
	endfacet
	facet normal 0.4961496252396019 -0.3004919845476417 -0.8145797177669124
		outer loop
			vertex 16.29766273498535 -4.297662734985352 -7.941044807434082
			vertex 16.089075088500977 -2.084592819213867 -8.884476661682129
			vertex 18.037670135498047 -2.120148181915283 -7.684497356414795
		endloop
	endfacet
	facet normal 0.5599466369477588 -0.3594948790812092 -0.7464738412598807
		outer loop
			vertex 16.29766273498535 -4.297662734985352 -7.941044807434082
			vertex 18.037670135498047 -2.120148181915283 -7.684497356414795
			vertex 18.35710906982422 -4.378852367401123 -6.357108116149902
		endloop
	endfacet
	facet normal 0.31432256331300434 -0.12050852891661433 -0.94163635265993
		outer loop
			vertex 14.023346900939941 -2.0233471393585205 -9.581864356994629
			vertex 15.826834678649902 6.123233998228043e-16 -9.238795280456543
			vertex 16.089075088500977 -2.084592819213867 -8.884476661682129
		endloop
	endfacet
	facet normal 0.2889426869597745 -0.09604163536849328 -0.9525167336735935
		outer loop
			vertex 14.023346900939941 -2.0233471393585205 -9.581864356994629
			vertex 13.950902938842773 6.123233998228043e-16 -9.807852745056152
			vertex 15.826834678649902 6.123233998228043e-16 -9.238795280456543
		endloop
	endfacet
	facet normal 0.5179102021055222 -0.13342479011126288 -0.8449655897956928
		outer loop
			vertex 16.089075088500977 -2.084592819213867 -8.884476661682129
			vertex 17.555702209472656 6.123233998228043e-16 -8.314696311950684
			vertex 18.037670135498047 -2.120148181915283 -7.684497356414795
		endloop
	endfacet
	facet normal 0.46947392335698196 -0.09022936284145017 -0.8783239136953
		outer loop
			vertex 16.089075088500977 -2.084592819213867 -8.884476661682129
			vertex 15.826834678649902 6.123233998228043e-16 -9.238795280456543
			vertex 17.555702209472656 6.123233998228043e-16 -8.314696311950684
		endloop
	endfacet
	facet normal 0.674331268200873 -0.300921736445682 -0.6743318539570247
		outer loop
			vertex 18.35710906982422 -4.378852367401123 -6.357108116149902
			vertex 18.037670135498047 -2.120148181915283 -7.684497356414795
			vertex 19.684497833251953 -2.120148181915283 -6.037671089172363
		endloop
	endfacet
	facet normal 0.7464736623160166 -0.3594950730490408 -0.5599467509701066
		outer loop
			vertex 18.35710906982422 -4.378852367401123 -6.357108116149902
			vertex 19.684497833251953 -2.120148181915283 -6.037671089172363
			vertex 19.9410457611084 -4.297662734985352 -4.297662734985352
		endloop
	endfacet
	facet normal 0.6320841124682025 -0.08524539210176575 -0.7701966618278094
		outer loop
			vertex 18.037670135498047 -2.120148181915283 -7.684497356414795
			vertex 17.555702209472656 6.123233998228043e-16 -8.314696311950684
			vertex 19.071067810058594 6.123233998228043e-16 -7.071067810058594
		endloop
	endfacet
	facet normal 0.7002706617479353 -0.1387124675611044 -0.7002712700362757
		outer loop
			vertex 18.037670135498047 -2.120148181915283 -7.684497356414795
			vertex 19.071067810058594 6.123233998228043e-16 -7.071067810058594
			vertex 19.684497833251953 -2.120148181915283 -6.037671089172363
		endloop
	endfacet
	facet normal 0.7701969433518748 -0.08524472945949338 -0.6320838587962889
		outer loop
			vertex 19.684497833251953 -2.120148181915283 -6.037671089172363
			vertex 19.071067810058594 6.123233998228043e-16 -7.071067810058594
			vertex 20.314695358276367 6.123233998228043e-16 -5.555702209472656
		endloop
	endfacet
	facet normal 0.8449656411620322 -0.13342397352671068 -0.5179103286708804
		outer loop
			vertex 19.684497833251953 -2.120148181915283 -6.037671089172363
			vertex 20.314695358276367 6.123233998228043e-16 -5.555702209472656
			vertex 20.884477615356445 -2.084592819213867 -4.089075565338135
		endloop
	endfacet
	facet normal 0.81457966259847 -0.49614966773993463 -0.30049206392601385
		outer loop
			vertex 19.684497833251953 -6.037671089172363 -2.120148181915283
			vertex 19.9410457611084 -4.297662734985352 -4.297662734985352
			vertex 20.884477615356445 -4.089075565338135 -2.084592819213867
		endloop
	endfacet
	facet normal 0.81457966259847 -0.30049206392601385 -0.49614966773993463
		outer loop
			vertex 19.684497833251953 -2.120148181915283 -6.037671089172363
			vertex 20.884477615356445 -2.084592819213867 -4.089075565338135
			vertex 19.9410457611084 -4.297662734985352 -4.297662734985352
		endloop
	endfacet
	facet normal 0.8758639923954729 -0.34122006595821924 -0.34122006595821924
		outer loop
			vertex 19.9410457611084 -4.297662734985352 -4.297662734985352
			vertex 20.884477615356445 -2.084592819213867 -4.089075565338135
			vertex 20.884477615356445 -4.089075565338135 -2.084592819213867
		endloop
	endfacet
	facet normal 0.9072155231145781 -0.29745587455952394 -0.29745587455952394
		outer loop
			vertex 20.884477615356445 -4.089075565338135 -2.084592819213867
			vertex 20.884477615356445 -2.084592819213867 -4.089075565338135
			vertex 21.581865310668945 -2.0233471393585205 -2.0233471393585205
		endloop
	endfacet
	facet normal 0.8783235626062459 -0.46947463995135075 -0.0902290519357359
		outer loop
			vertex 20.884477615356445 -4.089075565338135 -2.084592819213867
			vertex 21.23879623413086 -3.8268344402313232 6.123233998228043e-16
			vertex 20.314695358276367 -5.555702209472656 6.123233998228043e-16
		endloop
	endfacet
	facet normal 0.9416363742518076 -0.31432253731625814 -0.12050842800808456
		outer loop
			vertex 20.884477615356445 -4.089075565338135 -2.084592819213867
			vertex 21.581865310668945 -2.0233471393585205 -2.0233471393585205
			vertex 21.23879623413086 -3.8268344402313232 6.123233998228043e-16
		endloop
	endfacet
	facet normal 0.952516713700297 -0.2889427543463887 -0.09604163072495674
		outer loop
			vertex 21.581865310668945 -2.0233471393585205 -2.0233471393585205
			vertex 21.80785369873047 -1.9509031772613525 6.123233998228043e-16
			vertex 21.23879623413086 -3.8268344402313232 6.123233998228043e-16
		endloop
	endfacet
	facet normal 0.9416363742518076 -0.12050842800808456 -0.31432253731625814
		outer loop
			vertex 20.884477615356445 -2.084592819213867 -4.089075565338135
			vertex 21.23879623413086 6.123233998228043e-16 -3.8268344402313232
			vertex 21.581865310668945 -2.0233471393585205 -2.0233471393585205
		endloop
	endfacet
	facet normal 0.8783235626062459 -0.0902290519357359 -0.46947463995135075
		outer loop
			vertex 20.884477615356445 -2.084592819213867 -4.089075565338135
			vertex 20.314695358276367 6.123233998228043e-16 -5.555702209472656
			vertex 21.23879623413086 6.123233998228043e-16 -3.8268344402313232
		endloop
	endfacet
	facet normal 0.952516713700297 -0.09604163072495674 -0.2889427543463887
		outer loop
			vertex 21.581865310668945 -2.0233471393585205 -2.0233471393585205
			vertex 21.23879623413086 6.123233998228043e-16 -3.8268344402313232
			vertex 21.80785369873047 6.123233998228043e-16 -1.9509031772613525
		endloop
	endfacet
	facet normal 0.988571707220065 -0.10659732567941443 -0.10659732567941443
		outer loop
			vertex 21.581865310668945 -2.0233471393585205 -2.0233471393585205
			vertex 21.80785369873047 6.123233998228043e-16 -1.9509031772613525
			vertex 21.80785369873047 -1.9509031772613525 6.123233998228043e-16
		endloop
	endfacet
	facet normal 0.990438438017337 -0.09754921962214241 -0.09754921962214241
		outer loop
			vertex 21.80785369873047 -1.9509031772613525 6.123233998228043e-16
			vertex 21.80785369873047 6.123233998228043e-16 -1.9509031772613525
			vertex 22 6.123233998228043e-16 6.123233998228043e-16
		endloop
	endfacet
	facet normal -0.46947392790601866 -0.8783239222059489 0.09022925632660882
		outer loop
			vertex 6.444297790527344 -8.314696311950684 6.123233998228043e-16
			vertex 8.173165321350098 -9.238795280456543 6.123233998228043e-16
			vertex 7.910924434661865 -8.884476661682129 2.084592819213867
		endloop
	endfacet
	facet normal -0.6320842652912284 -0.7701965734870128 0.08524505710076609
		outer loop
			vertex 6.444297790527344 -8.314696311950684 6.123233998228043e-16
			vertex 6 -7.7337541580200195 1.9544360637664795
			vertex 6 -7.950070381164551 6.123233998228043e-16
		endloop
	endfacet
	facet normal -0.517910128131136 -0.8449656653220634 0.13342459895399084
		outer loop
			vertex 6.444297790527344 -8.314696311950684 6.123233998228043e-16
			vertex 7.910924434661865 -8.884476661682129 2.084592819213867
			vertex 6 -7.7337541580200195 1.9544360637664795
		endloop
	endfacet
	facet normal -0.5179101375013754 -0.844965734673852 0.13342412338248352
		outer loop
			vertex 7.910924434661865 -8.884476661682129 2.084592819213867
			vertex 6 -7.707695960998535 2.1194608211517334
			vertex 6 -7.7337541580200195 1.9544360637664795
		endloop
	endfacet
	facet normal -0.4961487839575389 -0.8145787321534911 0.3004960453993802
		outer loop
			vertex 7.910924434661865 -8.884476661682129 2.084592819213867
			vertex 6 -7.690051555633545 2.1672909259796143
			vertex 6 -7.707695960998535 2.1194608211517334
		endloop
	endfacet
	facet normal -0.28894268695977454 -0.9525167336735934 0.09604163536849332
		outer loop
			vertex 8.173165321350098 -9.238795280456543 6.123233998228043e-16
			vertex 10.049097061157227 -9.807852745056152 6.123233998228043e-16
			vertex 9.976653099060059 -9.581864356994629 2.0233471393585205
		endloop
	endfacet
	facet normal -0.31432250199567974 -0.9416363807316308 0.12050846950240128
		outer loop
			vertex 8.173165321350098 -9.238795280456543 6.123233998228043e-16
			vertex 9.976653099060059 -9.581864356994629 2.0233471393585205
			vertex 7.910924434661865 -8.884476661682129 2.084592819213867
		endloop
	endfacet
	facet normal -0.49614956758073225 -0.8145797123048991 0.300492094556114
		outer loop
			vertex 7.910924434661865 -8.884476661682129 2.084592819213867
			vertex 7.702337265014648 -7.941044807434082 4.297662734985352
			vertex 6 -7.690051555633545 2.1672909259796143
		endloop
	endfacet
	facet normal -0.29745584711717055 -0.9072155411100568 0.29745584711717055
		outer loop
			vertex 7.910924434661865 -8.884476661682129 2.084592819213867
			vertex 9.976653099060059 -9.581864356994629 2.0233471393585205
			vertex 9.915407180786133 -8.884476661682129 4.089075565338135
		endloop
	endfacet
	facet normal -0.34122006595821924 -0.8758639923954729 0.34122006595821924
		outer loop
			vertex 7.910924434661865 -8.884476661682129 2.084592819213867
			vertex 9.915407180786133 -8.884476661682129 4.089075565338135
			vertex 7.702337265014648 -7.941044807434082 4.297662734985352
		endloop
	endfacet
	facet normal -0.30049209351896305 -0.8145797106218139 0.4961495709721742
		outer loop
			vertex 7.702337265014648 -7.941044807434082 4.297662734985352
			vertex 9.915407180786133 -8.884476661682129 4.089075565338135
			vertex 9.879852294921875 -7.684497356414795 6.037671089172363
		endloop
	endfacet
	facet normal -0.5599467087639302 -0.7464736652608832 0.3594951326741789
		outer loop
			vertex 7.702337265014648 -7.941044807434082 4.297662734985352
			vertex 6 -6.631762981414795 4.364774227142334
			vertex 6 -7.690051555633545 2.1672909259796143
		endloop
	endfacet
	facet normal -0.51121247887084 -0.6908858648474155 0.5112127963977131
		outer loop
			vertex 7.702337265014648 -7.941044807434082 4.297662734985352
			vertex 6 -6.357108116149902 4.735960483551025
			vertex 6 -6.631762981414795 4.364774227142334
		endloop
	endfacet
	facet normal -0.09754970637895473 -0.9904383433089785 0.09754969445747005
		outer loop
			vertex 10.049097061157227 -9.807852745056152 6.123233998228043e-16
			vertex 12 -10 6.123233998228043e-16
			vertex 12 -9.807852745056152 1.9509031772613525
		endloop
	endfacet
	facet normal -0.10659733811850686 -0.9885717059421764 0.10659732509131714
		outer loop
			vertex 10.049097061157227 -9.807852745056152 6.123233998228043e-16
			vertex 12 -9.807852745056152 1.9509031772613525
			vertex 9.976653099060059 -9.581864356994629 2.0233471393585205
		endloop
	endfacet
	facet normal 0.09754970637895473 -0.9904383433089785 0.09754969445747005
		outer loop
			vertex 12 -10 6.123233998228043e-16
			vertex 13.950902938842773 -9.807852745056152 6.123233998228043e-16
			vertex 12 -9.807852745056152 1.9509031772613525
		endloop
	endfacet
	facet normal 0.10659733811850684 -0.9885717059421764 0.10659732509131711
		outer loop
			vertex 12 -9.807852745056152 1.9509031772613525
			vertex 13.950902938842773 -9.807852745056152 6.123233998228043e-16
			vertex 14.023346900939941 -9.581864356994629 2.0233471393585205
		endloop
	endfacet
	facet normal -0.12050843026764178 -0.9416363781845696 0.31432252466833377
		outer loop
			vertex 9.976653099060059 -9.581864356994629 2.0233471393585205
			vertex 12 -9.238795280456543 3.8268344402313232
			vertex 9.915407180786133 -8.884476661682129 4.089075565338135
		endloop
	endfacet
	facet normal -0.09604164193751602 -0.9525167126650084 0.2889427540323374
		outer loop
			vertex 9.976653099060059 -9.581864356994629 2.0233471393585205
			vertex 12 -9.807852745056152 1.9509031772613525
			vertex 12 -9.238795280456543 3.8268344402313232
		endloop
	endfacet
	facet normal -0.0902292138899831 -0.8783239525124085 0.4694738793626076
		outer loop
			vertex 9.915407180786133 -8.884476661682129 4.089075565338135
			vertex 12 -9.238795280456543 3.8268344402313232
			vertex 12 -8.314696311950684 5.555702209472656
		endloop
	endfacet
	facet normal 0.09604164193751602 -0.9525167126650084 0.2889427540323374
		outer loop
			vertex 12 -9.807852745056152 1.9509031772613525
			vertex 14.023346900939941 -9.581864356994629 2.0233471393585205
			vertex 12 -9.238795280456543 3.8268344402313232
		endloop
	endfacet
	facet normal 0.12050843026764178 -0.9416363781845696 0.31432252466833377
		outer loop
			vertex 14.023346900939941 -9.581864356994629 2.0233471393585205
			vertex 14.084592819213867 -8.884476661682129 4.089075565338135
			vertex 12 -9.238795280456543 3.8268344402313232
		endloop
	endfacet
	facet normal 0.0902292138899831 -0.8783239525124085 0.4694738793626076
		outer loop
			vertex 12 -9.238795280456543 3.8268344402313232
			vertex 14.084592819213867 -8.884476661682129 4.089075565338135
			vertex 12 -8.314696311950684 5.555702209472656
		endloop
	endfacet
	facet normal -0.5112125928855099 -0.6908859310700629 0.5112125928855099
		outer loop
			vertex 7.702337265014648 -7.941044807434082 4.297662734985352
			vertex 7.621147632598877 -6.357108116149902 6.357108116149902
			vertex 6 -6.357108116149902 4.735960483551025
		endloop
	endfacet
	facet normal -0.5773502691896257 -0.5773502691896257 0.5773502691896257
		outer loop
			vertex 7.621147632598877 -6.357108116149902 6.357108116149902
			vertex 6 -4.735960483551025 6.357108116149902
			vertex 6 -6.357108116149902 4.735960483551025
		endloop
	endfacet
	facet normal -0.5112125928855099 -0.5112125928855099 0.6908859310700629
		outer loop
			vertex 7.621147632598877 -6.357108116149902 6.357108116149902
			vertex 7.702337265014648 -4.297662734985352 7.941044807434082
			vertex 6 -4.735960483551025 6.357108116149902
		endloop
	endfacet
	facet normal -0.3594951452371844 -0.7464736416235911 0.5599467322095115
		outer loop
			vertex 7.702337265014648 -7.941044807434082 4.297662734985352
			vertex 9.879852294921875 -7.684497356414795 6.037671089172363
			vertex 7.621147632598877 -6.357108116149902 6.357108116149902
		endloop
	endfacet
	facet normal -0.30092200233937094 -0.6743315017512024 0.6743315017512024
		outer loop
			vertex 7.621147632598877 -6.357108116149902 6.357108116149902
			vertex 9.879852294921875 -7.684497356414795 6.037671089172363
			vertex 9.879852294921875 -6.037671089172363 7.684497356414795
		endloop
	endfacet
	facet normal -0.3594951452371844 -0.5599467322095115 0.7464736416235911
		outer loop
			vertex 7.621147632598877 -6.357108116149902 6.357108116149902
			vertex 9.879852294921875 -6.037671089172363 7.684497356414795
			vertex 7.702337265014648 -4.297662734985352 7.941044807434082
		endloop
	endfacet
	facet normal -0.13342461730541844 -0.8449656500687277 0.5179101482890974
		outer loop
			vertex 9.915407180786133 -8.884476661682129 4.089075565338135
			vertex 12 -8.314696311950684 5.555702209472656
			vertex 9.879852294921875 -7.684497356414795 6.037671089172363
		endloop
	endfacet
	facet normal -0.08524512887992435 -0.7701966792363047 0.6320841267549866
		outer loop
			vertex 9.879852294921875 -7.684497356414795 6.037671089172363
			vertex 12 -8.314696311950684 5.555702209472656
			vertex 12 -7.071067810058594 7.071067810058594
		endloop
	endfacet
	facet normal 0.08524512887992435 -0.7701966792363047 0.6320841267549866
		outer loop
			vertex 12 -8.314696311950684 5.555702209472656
			vertex 14.120147705078125 -7.684497356414795 6.037671089172363
			vertex 12 -7.071067810058594 7.071067810058594
		endloop
	endfacet
	facet normal 0.13342461730541844 -0.8449656500687277 0.5179101482890974
		outer loop
			vertex 14.084592819213867 -8.884476661682129 4.089075565338135
			vertex 14.120147705078125 -7.684497356414795 6.037671089172363
			vertex 12 -8.314696311950684 5.555702209472656
		endloop
	endfacet
	facet normal -0.13871242092545333 -0.7002709705110586 0.7002709705110586
		outer loop
			vertex 9.879852294921875 -7.684497356414795 6.037671089172363
			vertex 12 -7.071067810058594 7.071067810058594
			vertex 9.879852294921875 -6.037671089172363 7.684497356414795
		endloop
	endfacet
	facet normal 0.13871242092545333 -0.7002709705110586 0.7002709705110586
		outer loop
			vertex 14.120147705078125 -7.684497356414795 6.037671089172363
			vertex 14.120147705078125 -6.037671089172363 7.684497356414795
			vertex 12 -7.071067810058594 7.071067810058594
		endloop
	endfacet
	facet normal -0.13342461730541846 -0.5179101482890974 0.8449656500687278
		outer loop
			vertex 9.879852294921875 -6.037671089172363 7.684497356414795
			vertex 12 -5.555702209472656 8.314696311950684
			vertex 9.915407180786133 -4.089075565338135 8.884476661682129
		endloop
	endfacet
	facet normal -0.08524512887992435 -0.6320841267549866 0.7701966792363047
		outer loop
			vertex 9.879852294921875 -6.037671089172363 7.684497356414795
			vertex 12 -7.071067810058594 7.071067810058594
			vertex 12 -5.555702209472656 8.314696311950684
		endloop
	endfacet
	facet normal 0.08524512887992435 -0.6320841267549866 0.7701966792363047
		outer loop
			vertex 12 -7.071067810058594 7.071067810058594
			vertex 14.120147705078125 -6.037671089172363 7.684497356414795
			vertex 12 -5.555702209472656 8.314696311950684
		endloop
	endfacet
	facet normal 0.13342461730541846 -0.5179101482890974 0.8449656500687278
		outer loop
			vertex 12 -5.555702209472656 8.314696311950684
			vertex 14.120147705078125 -6.037671089172363 7.684497356414795
			vertex 14.084592819213867 -4.089075565338135 8.884476661682129
		endloop
	endfacet
	facet normal -0.51121247887084 -0.5112127963977131 0.6908858648474155
		outer loop
			vertex 7.702337265014648 -4.297662734985352 7.941044807434082
			vertex 6 -4.364774227142334 6.631762981414795
			vertex 6 -4.735960483551025 6.357108116149902
		endloop
	endfacet
	facet normal -0.5599467087639302 -0.3594951326741789 0.7464736652608832
		outer loop
			vertex 7.702337265014648 -4.297662734985352 7.941044807434082
			vertex 6 -2.1672909259796143 7.690051555633545
			vertex 6 -4.364774227142334 6.631762981414795
		endloop
	endfacet
	facet normal -0.49614956758073225 -0.300492094556114 0.8145797123048991
		outer loop
			vertex 7.702337265014648 -4.297662734985352 7.941044807434082
			vertex 7.910924434661865 -2.084592819213867 8.884476661682129
			vertex 6 -2.1672909259796143 7.690051555633545
		endloop
	endfacet
	facet normal -0.30049209351896305 -0.4961495709721742 0.8145797106218139
		outer loop
			vertex 9.879852294921875 -6.037671089172363 7.684497356414795
			vertex 9.915407180786133 -4.089075565338135 8.884476661682129
			vertex 7.702337265014648 -4.297662734985352 7.941044807434082
		endloop
	endfacet
	facet normal -0.3412200659582193 -0.3412200659582193 0.8758639923954731
		outer loop
			vertex 7.702337265014648 -4.297662734985352 7.941044807434082
			vertex 9.915407180786133 -4.089075565338135 8.884476661682129
			vertex 7.910924434661865 -2.084592819213867 8.884476661682129
		endloop
	endfacet
	facet normal -0.29745584711717055 -0.29745584711717055 0.9072155411100568
		outer loop
			vertex 7.910924434661865 -2.084592819213867 8.884476661682129
			vertex 9.915407180786133 -4.089075565338135 8.884476661682129
			vertex 9.976653099060059 -2.0233471393585205 9.581864356994629
		endloop
	endfacet
	facet normal -0.49614878395753903 -0.30049604539938024 0.8145787321534913
		outer loop
			vertex 7.910924434661865 -2.084592819213867 8.884476661682129
			vertex 6 -2.1194608211517334 7.707695960998535
			vertex 6 -2.1672909259796143 7.690051555633545
		endloop
	endfacet
	facet normal -0.5179101375013754 -0.13342412338248352 0.844965734673852
		outer loop
			vertex 7.910924434661865 -2.084592819213867 8.884476661682129
			vertex 6 -1.9544360637664795 7.7337541580200195
			vertex 6 -2.1194608211517334 7.707695960998535
		endloop
	endfacet
	facet normal -0.517910128131136 -0.13342459895399075 0.8449656653220633
		outer loop
			vertex 7.910924434661865 -2.084592819213867 8.884476661682129
			vertex 6.444297790527344 6.123233998228043e-16 8.314696311950684
			vertex 6 -1.9544360637664795 7.7337541580200195
		endloop
	endfacet
	facet normal -0.6320842652912283 -0.08524505710076603 0.7701965734870128
		outer loop
			vertex 6.444297790527344 6.123233998228043e-16 8.314696311950684
			vertex 6 6.123233998228043e-16 7.950070381164551
			vertex 6 -1.9544360637664795 7.7337541580200195
		endloop
	endfacet
	facet normal -0.46947392790601866 -0.09022925632660876 0.8783239222059489
		outer loop
			vertex 7.910924434661865 -2.084592819213867 8.884476661682129
			vertex 8.173165321350098 6.123233998228043e-16 9.238795280456543
			vertex 6.444297790527344 6.123233998228043e-16 8.314696311950684
		endloop
	endfacet
	facet normal -0.31432250199567974 -0.12050846950240124 0.9416363807316309
		outer loop
			vertex 7.910924434661865 -2.084592819213867 8.884476661682129
			vertex 9.976653099060059 -2.0233471393585205 9.581864356994629
			vertex 8.173165321350098 6.123233998228043e-16 9.238795280456543
		endloop
	endfacet
	facet normal -0.2889426869597745 -0.09604163536849328 0.9525167336735935
		outer loop
			vertex 9.976653099060059 -2.0233471393585205 9.581864356994629
			vertex 10.049097061157227 6.123233998228043e-16 9.807852745056152
			vertex 8.173165321350098 6.123233998228043e-16 9.238795280456543
		endloop
	endfacet
	facet normal -0.0902292138899831 -0.4694738793626076 0.8783239525124085
		outer loop
			vertex 9.915407180786133 -4.089075565338135 8.884476661682129
			vertex 12 -5.555702209472656 8.314696311950684
			vertex 12 -3.8268344402313232 9.238795280456543
		endloop
	endfacet
	facet normal -0.12050843026764178 -0.31432252466833377 0.9416363781845696
		outer loop
			vertex 9.915407180786133 -4.089075565338135 8.884476661682129
			vertex 12 -3.8268344402313232 9.238795280456543
			vertex 9.976653099060059 -2.0233471393585205 9.581864356994629
		endloop
	endfacet
	facet normal -0.09604164193751602 -0.2889427540323374 0.9525167126650084
		outer loop
			vertex 9.976653099060059 -2.0233471393585205 9.581864356994629
			vertex 12 -3.8268344402313232 9.238795280456543
			vertex 12 -1.9509031772613525 9.807852745056152
		endloop
	endfacet
	facet normal 0.0902292138899831 -0.4694738793626076 0.8783239525124085
		outer loop
			vertex 12 -5.555702209472656 8.314696311950684
			vertex 14.084592819213867 -4.089075565338135 8.884476661682129
			vertex 12 -3.8268344402313232 9.238795280456543
		endloop
	endfacet
	facet normal 0.09604164193751602 -0.2889427540323374 0.9525167126650084
		outer loop
			vertex 12 -3.8268344402313232 9.238795280456543
			vertex 14.023346900939941 -2.0233471393585205 9.581864356994629
			vertex 12 -1.9509031772613525 9.807852745056152
		endloop
	endfacet
	facet normal 0.12050843026764178 -0.31432252466833377 0.9416363781845696
		outer loop
			vertex 12 -3.8268344402313232 9.238795280456543
			vertex 14.084592819213867 -4.089075565338135 8.884476661682129
			vertex 14.023346900939941 -2.0233471393585205 9.581864356994629
		endloop
	endfacet
	facet normal -0.10659733811850684 -0.10659732509131704 0.9885717059421764
		outer loop
			vertex 9.976653099060059 -2.0233471393585205 9.581864356994629
			vertex 12 -1.9509031772613525 9.807852745056152
			vertex 10.049097061157227 6.123233998228043e-16 9.807852745056152
		endloop
	endfacet
	facet normal -0.09754970637895471 -0.09754969445746998 0.9904383433089786
		outer loop
			vertex 10.049097061157227 6.123233998228043e-16 9.807852745056152
			vertex 12 -1.9509031772613525 9.807852745056152
			vertex 12 6.123233998228043e-16 10
		endloop
	endfacet
	facet normal 0.10659733811850686 -0.10659732509131707 0.9885717059421764
		outer loop
			vertex 12 -1.9509031772613525 9.807852745056152
			vertex 14.023346900939941 -2.0233471393585205 9.581864356994629
			vertex 13.950902938842773 6.123233998228043e-16 9.807852745056152
		endloop
	endfacet
	facet normal 0.09754970637895471 -0.09754969445746998 0.9904383433089786
		outer loop
			vertex 12 -1.9509031772613525 9.807852745056152
			vertex 13.950902938842773 6.123233998228043e-16 9.807852745056152
			vertex 12 6.123233998228043e-16 10
		endloop
	endfacet
	facet normal 0.28894268695977454 -0.9525167336735934 0.09604163536849332
		outer loop
			vertex 13.950902938842773 -9.807852745056152 6.123233998228043e-16
			vertex 15.826834678649902 -9.238795280456543 6.123233998228043e-16
			vertex 14.023346900939941 -9.581864356994629 2.0233471393585205
		endloop
	endfacet
	facet normal 0.3143225633130044 -0.94163635265993 0.12050852891661437
		outer loop
			vertex 14.023346900939941 -9.581864356994629 2.0233471393585205
			vertex 15.826834678649902 -9.238795280456543 6.123233998228043e-16
			vertex 16.089075088500977 -8.884476661682129 2.084592819213867
		endloop
	endfacet
	facet normal 0.46947392335698196 -0.8783239136953 0.09022936284145022
		outer loop
			vertex 15.826834678649902 -9.238795280456543 6.123233998228043e-16
			vertex 17.555702209472656 -8.314696311950684 6.123233998228043e-16
			vertex 16.089075088500977 -8.884476661682129 2.084592819213867
		endloop
	endfacet
	facet normal 0.5179102021055222 -0.8449655897956927 0.1334247901112629
		outer loop
			vertex 16.089075088500977 -8.884476661682129 2.084592819213867
			vertex 17.555702209472656 -8.314696311950684 6.123233998228043e-16
			vertex 18.037670135498047 -7.684497356414795 2.120148181915283
		endloop
	endfacet
	facet normal 0.297455909939731 -0.907215523114577 0.29745583917931606
		outer loop
			vertex 14.023346900939941 -9.581864356994629 2.0233471393585205
			vertex 16.089075088500977 -8.884476661682129 2.084592819213867
			vertex 14.084592819213867 -8.884476661682129 4.089075565338135
		endloop
	endfacet
	facet normal 0.3412200807726107 -0.8758640124754501 0.341219999601339
		outer loop
			vertex 14.084592819213867 -8.884476661682129 4.089075565338135
			vertex 16.089075088500977 -8.884476661682129 2.084592819213867
			vertex 16.29766273498535 -7.941044807434082 4.297662734985352
		endloop
	endfacet
	facet normal 0.30049209351896305 -0.8145797106218139 0.4961495709721742
		outer loop
			vertex 14.084592819213867 -8.884476661682129 4.089075565338135
			vertex 16.29766273498535 -7.941044807434082 4.297662734985352
			vertex 14.120147705078125 -7.684497356414795 6.037671089172363
		endloop
	endfacet
	facet normal 0.4961496252396019 -0.8145797177669124 0.3004919845476417
		outer loop
			vertex 16.089075088500977 -8.884476661682129 2.084592819213867
			vertex 18.037670135498047 -7.684497356414795 2.120148181915283
			vertex 16.29766273498535 -7.941044807434082 4.297662734985352
		endloop
	endfacet
	facet normal 0.5599466369477588 -0.7464738412598807 0.3594948790812092
		outer loop
			vertex 16.29766273498535 -7.941044807434082 4.297662734985352
			vertex 18.037670135498047 -7.684497356414795 2.120148181915283
			vertex 18.35710906982422 -6.357108116149902 4.378852367401123
		endloop
	endfacet
	facet normal 0.6320841124682026 -0.7701966618278093 0.0852453921017658
		outer loop
			vertex 17.555702209472656 -8.314696311950684 6.123233998228043e-16
			vertex 19.071067810058594 -7.071067810058594 6.123233998228043e-16
			vertex 18.037670135498047 -7.684497356414795 2.120148181915283
		endloop
	endfacet
	facet normal 0.7002706617479353 -0.7002712700362757 0.13871246756110445
		outer loop
			vertex 18.037670135498047 -7.684497356414795 2.120148181915283
			vertex 19.071067810058594 -7.071067810058594 6.123233998228043e-16
			vertex 19.684497833251953 -6.037671089172363 2.120148181915283
		endloop
	endfacet
	facet normal 0.7701969433518748 -0.632083858796289 0.08524472945949342
		outer loop
			vertex 19.071067810058594 -7.071067810058594 6.123233998228043e-16
			vertex 20.314695358276367 -5.555702209472656 6.123233998228043e-16
			vertex 19.684497833251953 -6.037671089172363 2.120148181915283
		endloop
	endfacet
	facet normal 0.8449656411620323 -0.5179103286708805 0.13342397352671076
		outer loop
			vertex 20.314695358276367 -5.555702209472656 6.123233998228043e-16
			vertex 20.884477615356445 -4.089075565338135 2.084592819213867
			vertex 19.684497833251953 -6.037671089172363 2.120148181915283
		endloop
	endfacet
	facet normal 0.674331268200873 -0.6743318539570247 0.300921736445682
		outer loop
			vertex 18.037670135498047 -7.684497356414795 2.120148181915283
			vertex 19.684497833251953 -6.037671089172363 2.120148181915283
			vertex 18.35710906982422 -6.357108116149902 4.378852367401123
		endloop
	endfacet
	facet normal 0.7464736623160166 -0.5599467509701066 0.3594950730490408
		outer loop
			vertex 18.35710906982422 -6.357108116149902 4.378852367401123
			vertex 19.684497833251953 -6.037671089172363 2.120148181915283
			vertex 19.9410457611084 -4.297662734985352 4.297662734985352
		endloop
	endfacet
	facet normal 0.3594951053329662 -0.7464736926563718 0.5599466897960914
		outer loop
			vertex 16.29766273498535 -7.941044807434082 4.297662734985352
			vertex 16.37885284423828 -6.357108116149902 6.357108116149902
			vertex 14.120147705078125 -7.684497356414795 6.037671089172363
		endloop
	endfacet
	facet normal 0.30092194456417876 -0.6743315146423581 0.6743315146423581
		outer loop
			vertex 14.120147705078125 -7.684497356414795 6.037671089172363
			vertex 16.37885284423828 -6.357108116149902 6.357108116149902
			vertex 14.120147705078125 -6.037671089172363 7.684497356414795
		endloop
	endfacet
	facet normal 0.3594951053329662 -0.5599466897960914 0.7464736926563718
		outer loop
			vertex 14.120147705078125 -6.037671089172363 7.684497356414795
			vertex 16.37885284423828 -6.357108116149902 6.357108116149902
			vertex 16.29766273498535 -4.297662734985352 7.941044807434082
		endloop
	endfacet
	facet normal 0.5112124497414925 -0.6908860517285822 0.511212572963726
		outer loop
			vertex 16.29766273498535 -7.941044807434082 4.297662734985352
			vertex 18.35710906982422 -6.357108116149902 4.378852367401123
			vertex 16.37885284423828 -6.357108116149902 6.357108116149902
		endloop
	endfacet
	facet normal 0.5773501764136105 -0.5773503155776278 0.5773503155776278
		outer loop
			vertex 16.37885284423828 -6.357108116149902 6.357108116149902
			vertex 18.35710906982422 -6.357108116149902 4.378852367401123
			vertex 18.35710906982422 -4.378852367401123 6.357108116149902
		endloop
	endfacet
	facet normal 0.5112124497414925 -0.511212572963726 0.6908860517285822
		outer loop
			vertex 16.37885284423828 -6.357108116149902 6.357108116149902
			vertex 18.35710906982422 -4.378852367401123 6.357108116149902
			vertex 16.29766273498535 -4.297662734985352 7.941044807434082
		endloop
	endfacet
	facet normal 0.6908859310700629 -0.5112125928855099 0.5112125928855099
		outer loop
			vertex 18.35710906982422 -6.357108116149902 4.378852367401123
			vertex 19.9410457611084 -4.297662734985352 4.297662734985352
			vertex 18.35710906982422 -4.378852367401123 6.357108116149902
		endloop
	endfacet
	facet normal 0.878323562606246 -0.4694746399513508 0.09022905193573595
		outer loop
			vertex 20.314695358276367 -5.555702209472656 6.123233998228043e-16
			vertex 21.23879623413086 -3.8268344402313232 6.123233998228043e-16
			vertex 20.884477615356445 -4.089075565338135 2.084592819213867
		endloop
	endfacet
	facet normal 0.952516713700297 -0.2889427543463888 0.09604163072495678
		outer loop
			vertex 21.23879623413086 -3.8268344402313232 6.123233998228043e-16
			vertex 21.80785369873047 -1.9509031772613525 6.123233998228043e-16
			vertex 21.581865310668945 -2.0233471393585205 2.0233471393585205
		endloop
	endfacet
	facet normal 0.9416363742518076 -0.31432253731625814 0.1205084280080846
		outer loop
			vertex 21.23879623413086 -3.8268344402313232 6.123233998228043e-16
			vertex 21.581865310668945 -2.0233471393585205 2.0233471393585205
			vertex 20.884477615356445 -4.089075565338135 2.084592819213867
		endloop
	endfacet
	facet normal 0.81457966259847 -0.49614966773993463 0.30049206392601385
		outer loop
			vertex 19.684497833251953 -6.037671089172363 2.120148181915283
			vertex 20.884477615356445 -4.089075565338135 2.084592819213867
			vertex 19.9410457611084 -4.297662734985352 4.297662734985352
		endloop
	endfacet
	facet normal 0.8758639923954729 -0.34122006595821924 0.34122006595821924
		outer loop
			vertex 20.884477615356445 -4.089075565338135 2.084592819213867
			vertex 20.884477615356445 -2.084592819213867 4.089075565338135
			vertex 19.9410457611084 -4.297662734985352 4.297662734985352
		endloop
	endfacet
	facet normal 0.9072155231145781 -0.29745587455952394 0.29745587455952394
		outer loop
			vertex 20.884477615356445 -4.089075565338135 2.084592819213867
			vertex 21.581865310668945 -2.0233471393585205 2.0233471393585205
			vertex 20.884477615356445 -2.084592819213867 4.089075565338135
		endloop
	endfacet
	facet normal 0.81457966259847 -0.30049206392601385 0.49614966773993463
		outer loop
			vertex 19.9410457611084 -4.297662734985352 4.297662734985352
			vertex 20.884477615356445 -2.084592819213867 4.089075565338135
			vertex 19.684497833251953 -2.120148181915283 6.037671089172363
		endloop
	endfacet
	facet normal 0.988571707220065 -0.10659732567941443 0.1065973256794145
		outer loop
			vertex 21.80785369873047 -1.9509031772613525 6.123233998228043e-16
			vertex 21.80785369873047 6.123233998228043e-16 1.9509031772613525
			vertex 21.581865310668945 -2.0233471393585205 2.0233471393585205
		endloop
	endfacet
	facet normal 0.9904384380173369 -0.09754921962214241 0.09754921962214247
		outer loop
			vertex 21.80785369873047 -1.9509031772613525 6.123233998228043e-16
			vertex 22 6.123233998228043e-16 6.123233998228043e-16
			vertex 21.80785369873047 6.123233998228043e-16 1.9509031772613525
		endloop
	endfacet
	facet normal 0.9416363742518076 -0.12050842800808456 0.31432253731625814
		outer loop
			vertex 21.581865310668945 -2.0233471393585205 2.0233471393585205
			vertex 21.23879623413086 6.123233998228043e-16 3.8268344402313232
			vertex 20.884477615356445 -2.084592819213867 4.089075565338135
		endloop
	endfacet
	facet normal 0.952516713700297 -0.09604163072495674 0.2889427543463887
		outer loop
			vertex 21.581865310668945 -2.0233471393585205 2.0233471393585205
			vertex 21.80785369873047 6.123233998228043e-16 1.9509031772613525
			vertex 21.23879623413086 6.123233998228043e-16 3.8268344402313232
		endloop
	endfacet
	facet normal 0.8783235626062459 -0.0902290519357359 0.46947463995135075
		outer loop
			vertex 20.884477615356445 -2.084592819213867 4.089075565338135
			vertex 21.23879623413086 6.123233998228043e-16 3.8268344402313232
			vertex 20.314695358276367 6.123233998228043e-16 5.555702209472656
		endloop
	endfacet
	facet normal 0.5599466369477588 -0.3594948790812092 0.7464738412598807
		outer loop
			vertex 16.29766273498535 -4.297662734985352 7.941044807434082
			vertex 18.35710906982422 -4.378852367401123 6.357108116149902
			vertex 18.037670135498047 -2.120148181915283 7.684497356414795
		endloop
	endfacet
	facet normal 0.30049209351896305 -0.4961495709721742 0.8145797106218139
		outer loop
			vertex 14.120147705078125 -6.037671089172363 7.684497356414795
			vertex 16.29766273498535 -4.297662734985352 7.941044807434082
			vertex 14.084592819213867 -4.089075565338135 8.884476661682129
		endloop
	endfacet
	facet normal 0.3412200807726107 -0.341219999601339 0.8758640124754501
		outer loop
			vertex 14.084592819213867 -4.089075565338135 8.884476661682129
			vertex 16.29766273498535 -4.297662734985352 7.941044807434082
			vertex 16.089075088500977 -2.084592819213867 8.884476661682129
		endloop
	endfacet
	facet normal 0.297455909939731 -0.29745583917931606 0.907215523114577
		outer loop
			vertex 14.084592819213867 -4.089075565338135 8.884476661682129
			vertex 16.089075088500977 -2.084592819213867 8.884476661682129
			vertex 14.023346900939941 -2.0233471393585205 9.581864356994629
		endloop
	endfacet
	facet normal 0.4961496252396019 -0.3004919845476417 0.8145797177669124
		outer loop
			vertex 16.29766273498535 -4.297662734985352 7.941044807434082
			vertex 18.037670135498047 -2.120148181915283 7.684497356414795
			vertex 16.089075088500977 -2.084592819213867 8.884476661682129
		endloop
	endfacet
	facet normal 0.31432256331300434 -0.12050852891661433 0.94163635265993
		outer loop
			vertex 14.023346900939941 -2.0233471393585205 9.581864356994629
			vertex 16.089075088500977 -2.084592819213867 8.884476661682129
			vertex 15.826834678649902 6.123233998228043e-16 9.238795280456543
		endloop
	endfacet
	facet normal 0.2889426869597745 -0.09604163536849328 0.9525167336735935
		outer loop
			vertex 14.023346900939941 -2.0233471393585205 9.581864356994629
			vertex 15.826834678649902 6.123233998228043e-16 9.238795280456543
			vertex 13.950902938842773 6.123233998228043e-16 9.807852745056152
		endloop
	endfacet
	facet normal 0.5179102021055222 -0.13342479011126288 0.8449655897956928
		outer loop
			vertex 16.089075088500977 -2.084592819213867 8.884476661682129
			vertex 18.037670135498047 -2.120148181915283 7.684497356414795
			vertex 17.555702209472656 6.123233998228043e-16 8.314696311950684
		endloop
	endfacet
	facet normal 0.46947392335698196 -0.09022936284145017 0.8783239136953
		outer loop
			vertex 16.089075088500977 -2.084592819213867 8.884476661682129
			vertex 17.555702209472656 6.123233998228043e-16 8.314696311950684
			vertex 15.826834678649902 6.123233998228043e-16 9.238795280456543
		endloop
	endfacet
	facet normal 0.7464736623160166 -0.3594950730490408 0.5599467509701066
		outer loop
			vertex 19.9410457611084 -4.297662734985352 4.297662734985352
			vertex 19.684497833251953 -2.120148181915283 6.037671089172363
			vertex 18.35710906982422 -4.378852367401123 6.357108116149902
		endloop
	endfacet
	facet normal 0.674331268200873 -0.300921736445682 0.6743318539570247
		outer loop
			vertex 18.35710906982422 -4.378852367401123 6.357108116149902
			vertex 19.684497833251953 -2.120148181915283 6.037671089172363
			vertex 18.037670135498047 -2.120148181915283 7.684497356414795
		endloop
	endfacet
	facet normal 0.7002706617479353 -0.1387124675611044 0.7002712700362757
		outer loop
			vertex 18.037670135498047 -2.120148181915283 7.684497356414795
			vertex 19.684497833251953 -2.120148181915283 6.037671089172363
			vertex 19.071067810058594 6.123233998228043e-16 7.071067810058594
		endloop
	endfacet
	facet normal 0.7701969433518748 -0.08524472945949338 0.6320838587962889
		outer loop
			vertex 19.684497833251953 -2.120148181915283 6.037671089172363
			vertex 20.314695358276367 6.123233998228043e-16 5.555702209472656
			vertex 19.071067810058594 6.123233998228043e-16 7.071067810058594
		endloop
	endfacet
	facet normal 0.8449656411620322 -0.13342397352671068 0.5179103286708804
		outer loop
			vertex 20.884477615356445 -2.084592819213867 4.089075565338135
			vertex 20.314695358276367 6.123233998228043e-16 5.555702209472656
			vertex 19.684497833251953 -2.120148181915283 6.037671089172363
		endloop
	endfacet
	facet normal 0.6320841124682025 -0.08524539210176575 0.7701966618278094
		outer loop
			vertex 18.037670135498047 -2.120148181915283 7.684497356414795
			vertex 19.071067810058594 6.123233998228043e-16 7.071067810058594
			vertex 17.555702209472656 6.123233998228043e-16 8.314696311950684
		endloop
	endfacet
	facet normal -0.46947392790601855 0.09022925632660879 -0.8783239222059488
		outer loop
			vertex 6.444297790527344 6.123233998228043e-16 -8.314696311950684
			vertex 7.910924434661865 2.084592819213867 -8.884476661682129
			vertex 8.173165321350098 6.123233998228043e-16 -9.238795280456543
		endloop
	endfacet
	facet normal -0.6320842652912284 0.08524505710076609 -0.7701965734870128
		outer loop
			vertex 6.444297790527344 6.123233998228043e-16 -8.314696311950684
			vertex 6 6.123233998228043e-16 -7.950070381164551
			vertex 6 1.9544360637664795 -7.7337541580200195
		endloop
	endfacet
	facet normal -0.5179101281311359 0.13342459895399084 -0.8449656653220633
		outer loop
			vertex 6.444297790527344 6.123233998228043e-16 -8.314696311950684
			vertex 6 1.9544360637664795 -7.7337541580200195
			vertex 7.910924434661865 2.084592819213867 -8.884476661682129
		endloop
	endfacet
	facet normal -0.5179101375013754 0.13342412338248352 -0.844965734673852
		outer loop
			vertex 7.910924434661865 2.084592819213867 -8.884476661682129
			vertex 6 1.9544360637664795 -7.7337541580200195
			vertex 6 2.1194608211517334 -7.707695960998535
		endloop
	endfacet
	facet normal -0.49614878395753903 0.30049604539938024 -0.8145787321534913
		outer loop
			vertex 7.910924434661865 2.084592819213867 -8.884476661682129
			vertex 6 2.1194608211517334 -7.707695960998535
			vertex 6 2.1672909259796143 -7.690051555633545
		endloop
	endfacet
	facet normal -0.28894268695977454 0.09604163536849332 -0.9525167336735934
		outer loop
			vertex 8.173165321350098 6.123233998228043e-16 -9.238795280456543
			vertex 9.976653099060059 2.0233471393585205 -9.581864356994629
			vertex 10.049097061157227 6.123233998228043e-16 -9.807852745056152
		endloop
	endfacet
	facet normal -0.31432250199567974 0.12050846950240128 -0.9416363807316308
		outer loop
			vertex 8.173165321350098 6.123233998228043e-16 -9.238795280456543
			vertex 7.910924434661865 2.084592819213867 -8.884476661682129
			vertex 9.976653099060059 2.0233471393585205 -9.581864356994629
		endloop
	endfacet
	facet normal -0.49614956758073225 0.300492094556114 -0.8145797123048991
		outer loop
			vertex 7.910924434661865 2.084592819213867 -8.884476661682129
			vertex 6 2.1672909259796143 -7.690051555633545
			vertex 7.702337265014648 4.297662734985352 -7.941044807434082
		endloop
	endfacet
	facet normal -0.29745584711717055 0.29745584711717055 -0.9072155411100568
		outer loop
			vertex 7.910924434661865 2.084592819213867 -8.884476661682129
			vertex 9.915407180786133 4.089075565338135 -8.884476661682129
			vertex 9.976653099060059 2.0233471393585205 -9.581864356994629
		endloop
	endfacet
	facet normal -0.3412200659582193 0.3412200659582193 -0.8758639923954731
		outer loop
			vertex 7.910924434661865 2.084592819213867 -8.884476661682129
			vertex 7.702337265014648 4.297662734985352 -7.941044807434082
			vertex 9.915407180786133 4.089075565338135 -8.884476661682129
		endloop
	endfacet
	facet normal -0.30049209351896305 0.4961495709721742 -0.8145797106218139
		outer loop
			vertex 7.702337265014648 4.297662734985352 -7.941044807434082
			vertex 9.879852294921875 6.037671089172363 -7.684497356414795
			vertex 9.915407180786133 4.089075565338135 -8.884476661682129
		endloop
	endfacet
	facet normal -0.5599467087639302 0.3594951326741789 -0.7464736652608832
		outer loop
			vertex 7.702337265014648 4.297662734985352 -7.941044807434082
			vertex 6 2.1672909259796143 -7.690051555633545
			vertex 6 4.364774227142334 -6.631762981414795
		endloop
	endfacet
	facet normal -0.51121247887084 0.5112127963977131 -0.6908858648474155
		outer loop
			vertex 7.702337265014648 4.297662734985352 -7.941044807434082
			vertex 6 4.364774227142334 -6.631762981414795
			vertex 6 4.735960483551025 -6.357108116149902
		endloop
	endfacet
	facet normal -0.09754970637895473 0.09754969445747005 -0.9904383433089785
		outer loop
			vertex 10.049097061157227 6.123233998228043e-16 -9.807852745056152
			vertex 12 1.9509031772613525 -9.807852745056152
			vertex 12 6.123233998228043e-16 -10
		endloop
	endfacet
	facet normal -0.10659733811850684 0.10659732509131711 -0.9885717059421764
		outer loop
			vertex 10.049097061157227 6.123233998228043e-16 -9.807852745056152
			vertex 9.976653099060059 2.0233471393585205 -9.581864356994629
			vertex 12 1.9509031772613525 -9.807852745056152
		endloop
	endfacet
	facet normal 0.09754970637895473 0.09754969445747005 -0.9904383433089785
		outer loop
			vertex 12 6.123233998228043e-16 -10
			vertex 12 1.9509031772613525 -9.807852745056152
			vertex 13.950902938842773 6.123233998228043e-16 -9.807852745056152
		endloop
	endfacet
	facet normal 0.10659733811850684 0.10659732509131711 -0.9885717059421764
		outer loop
			vertex 12 1.9509031772613525 -9.807852745056152
			vertex 14.023346900939941 2.0233471393585205 -9.581864356994629
			vertex 13.950902938842773 6.123233998228043e-16 -9.807852745056152
		endloop
	endfacet
	facet normal -0.12050843026764178 0.31432252466833377 -0.9416363781845696
		outer loop
			vertex 9.976653099060059 2.0233471393585205 -9.581864356994629
			vertex 9.915407180786133 4.089075565338135 -8.884476661682129
			vertex 12 3.8268344402313232 -9.238795280456543
		endloop
	endfacet
	facet normal -0.09604164193751602 0.2889427540323374 -0.9525167126650084
		outer loop
			vertex 9.976653099060059 2.0233471393585205 -9.581864356994629
			vertex 12 3.8268344402313232 -9.238795280456543
			vertex 12 1.9509031772613525 -9.807852745056152
		endloop
	endfacet
	facet normal -0.0902292138899831 0.4694738793626076 -0.8783239525124085
		outer loop
			vertex 9.915407180786133 4.089075565338135 -8.884476661682129
			vertex 12 5.555702209472656 -8.314696311950684
			vertex 12 3.8268344402313232 -9.238795280456543
		endloop
	endfacet
	facet normal 0.09604164193751602 0.2889427540323374 -0.9525167126650084
		outer loop
			vertex 12 1.9509031772613525 -9.807852745056152
			vertex 12 3.8268344402313232 -9.238795280456543
			vertex 14.023346900939941 2.0233471393585205 -9.581864356994629
		endloop
	endfacet
	facet normal 0.12050843026764178 0.31432252466833377 -0.9416363781845696
		outer loop
			vertex 14.023346900939941 2.0233471393585205 -9.581864356994629
			vertex 12 3.8268344402313232 -9.238795280456543
			vertex 14.084592819213867 4.089075565338135 -8.884476661682129
		endloop
	endfacet
	facet normal 0.0902292138899831 0.4694738793626076 -0.8783239525124085
		outer loop
			vertex 12 3.8268344402313232 -9.238795280456543
			vertex 12 5.555702209472656 -8.314696311950684
			vertex 14.084592819213867 4.089075565338135 -8.884476661682129
		endloop
	endfacet
	facet normal -0.5112125928855099 0.5112125928855099 -0.6908859310700629
		outer loop
			vertex 7.702337265014648 4.297662734985352 -7.941044807434082
			vertex 6 4.735960483551025 -6.357108116149902
			vertex 7.621147632598877 6.357108116149902 -6.357108116149902
		endloop
	endfacet
	facet normal -0.5773502691896257 0.5773502691896257 -0.5773502691896257
		outer loop
			vertex 7.621147632598877 6.357108116149902 -6.357108116149902
			vertex 6 4.735960483551025 -6.357108116149902
			vertex 6 6.357108116149902 -4.735960483551025
		endloop
	endfacet
	facet normal -0.5112125928855099 0.6908859310700629 -0.5112125928855099
		outer loop
			vertex 7.621147632598877 6.357108116149902 -6.357108116149902
			vertex 6 6.357108116149902 -4.735960483551025
			vertex 7.702337265014648 7.941044807434082 -4.297662734985352
		endloop
	endfacet
	facet normal -0.3594951452371844 0.5599467322095115 -0.7464736416235911
		outer loop
			vertex 7.702337265014648 4.297662734985352 -7.941044807434082
			vertex 7.621147632598877 6.357108116149902 -6.357108116149902
			vertex 9.879852294921875 6.037671089172363 -7.684497356414795
		endloop
	endfacet
	facet normal -0.30092200233937094 0.6743315017512024 -0.6743315017512024
		outer loop
			vertex 7.621147632598877 6.357108116149902 -6.357108116149902
			vertex 9.879852294921875 7.684497356414795 -6.037671089172363
			vertex 9.879852294921875 6.037671089172363 -7.684497356414795
		endloop
	endfacet
	facet normal -0.3594951452371844 0.7464736416235911 -0.5599467322095115
		outer loop
			vertex 7.621147632598877 6.357108116149902 -6.357108116149902
			vertex 7.702337265014648 7.941044807434082 -4.297662734985352
			vertex 9.879852294921875 7.684497356414795 -6.037671089172363
		endloop
	endfacet
	facet normal -0.13342461730541846 0.5179101482890974 -0.8449656500687278
		outer loop
			vertex 9.915407180786133 4.089075565338135 -8.884476661682129
			vertex 9.879852294921875 6.037671089172363 -7.684497356414795
			vertex 12 5.555702209472656 -8.314696311950684
		endloop
	endfacet
	facet normal -0.08524512887992435 0.6320841267549866 -0.7701966792363047
		outer loop
			vertex 9.879852294921875 6.037671089172363 -7.684497356414795
			vertex 12 7.071067810058594 -7.071067810058594
			vertex 12 5.555702209472656 -8.314696311950684
		endloop
	endfacet
	facet normal 0.08524512887992435 0.6320841267549866 -0.7701966792363047
		outer loop
			vertex 12 5.555702209472656 -8.314696311950684
			vertex 12 7.071067810058594 -7.071067810058594
			vertex 14.120147705078125 6.037671089172363 -7.684497356414795
		endloop
	endfacet
	facet normal 0.13342461730541846 0.5179101482890974 -0.8449656500687278
		outer loop
			vertex 14.084592819213867 4.089075565338135 -8.884476661682129
			vertex 12 5.555702209472656 -8.314696311950684
			vertex 14.120147705078125 6.037671089172363 -7.684497356414795
		endloop
	endfacet
	facet normal -0.13871242092545333 0.7002709705110586 -0.7002709705110586
		outer loop
			vertex 9.879852294921875 6.037671089172363 -7.684497356414795
			vertex 9.879852294921875 7.684497356414795 -6.037671089172363
			vertex 12 7.071067810058594 -7.071067810058594
		endloop
	endfacet
	facet normal 0.13871242092545333 0.7002709705110586 -0.7002709705110586
		outer loop
			vertex 14.120147705078125 6.037671089172363 -7.684497356414795
			vertex 12 7.071067810058594 -7.071067810058594
			vertex 14.120147705078125 7.684497356414795 -6.037671089172363
		endloop
	endfacet
	facet normal -0.13342461730541844 0.8449656500687277 -0.5179101482890974
		outer loop
			vertex 9.879852294921875 7.684497356414795 -6.037671089172363
			vertex 9.915407180786133 8.884476661682129 -4.089075565338135
			vertex 12 8.314696311950684 -5.555702209472656
		endloop
	endfacet
	facet normal -0.08524512887992435 0.7701966792363047 -0.6320841267549866
		outer loop
			vertex 9.879852294921875 7.684497356414795 -6.037671089172363
			vertex 12 8.314696311950684 -5.555702209472656
			vertex 12 7.071067810058594 -7.071067810058594
		endloop
	endfacet
	facet normal 0.08524512887992435 0.7701966792363047 -0.6320841267549866
		outer loop
			vertex 12 7.071067810058594 -7.071067810058594
			vertex 12 8.314696311950684 -5.555702209472656
			vertex 14.120147705078125 7.684497356414795 -6.037671089172363
		endloop
	endfacet
	facet normal 0.13342461730541844 0.8449656500687277 -0.5179101482890974
		outer loop
			vertex 12 8.314696311950684 -5.555702209472656
			vertex 14.084592819213867 8.884476661682129 -4.089075565338135
			vertex 14.120147705078125 7.684497356414795 -6.037671089172363
		endloop
	endfacet
	facet normal -0.51121247887084 0.6908858648474155 -0.5112127963977131
		outer loop
			vertex 7.702337265014648 7.941044807434082 -4.297662734985352
			vertex 6 6.357108116149902 -4.735960483551025
			vertex 6 6.631762981414795 -4.364774227142334
		endloop
	endfacet
	facet normal -0.5599467087639302 0.7464736652608832 -0.3594951326741789
		outer loop
			vertex 7.702337265014648 7.941044807434082 -4.297662734985352
			vertex 6 6.631762981414795 -4.364774227142334
			vertex 6 7.690051555633545 -2.1672909259796143
		endloop
	endfacet
	facet normal -0.49614956758073225 0.8145797123048991 -0.300492094556114
		outer loop
			vertex 7.702337265014648 7.941044807434082 -4.297662734985352
			vertex 6 7.690051555633545 -2.1672909259796143
			vertex 7.910924434661865 8.884476661682129 -2.084592819213867
		endloop
	endfacet
	facet normal -0.30049209351896305 0.8145797106218139 -0.4961495709721742
		outer loop
			vertex 9.879852294921875 7.684497356414795 -6.037671089172363
			vertex 7.702337265014648 7.941044807434082 -4.297662734985352
			vertex 9.915407180786133 8.884476661682129 -4.089075565338135
		endloop
	endfacet
	facet normal -0.34122006595821924 0.8758639923954729 -0.34122006595821924
		outer loop
			vertex 7.702337265014648 7.941044807434082 -4.297662734985352
			vertex 7.910924434661865 8.884476661682129 -2.084592819213867
			vertex 9.915407180786133 8.884476661682129 -4.089075565338135
		endloop
	endfacet
	facet normal -0.29745584711717055 0.9072155411100568 -0.29745584711717055
		outer loop
			vertex 7.910924434661865 8.884476661682129 -2.084592819213867
			vertex 9.976653099060059 9.581864356994629 -2.0233471393585205
			vertex 9.915407180786133 8.884476661682129 -4.089075565338135
		endloop
	endfacet
	facet normal -0.4961487839575389 0.8145787321534911 -0.3004960453993802
		outer loop
			vertex 7.910924434661865 8.884476661682129 -2.084592819213867
			vertex 6 7.690051555633545 -2.1672909259796143
			vertex 6 7.707695960998535 -2.1194608211517334
		endloop
	endfacet
	facet normal -0.5179101375013754 0.844965734673852 -0.13342412338248352
		outer loop
			vertex 7.910924434661865 8.884476661682129 -2.084592819213867
			vertex 6 7.707695960998535 -2.1194608211517334
			vertex 6 7.7337541580200195 -1.9544360637664795
		endloop
	endfacet
	facet normal -0.5179101281311359 0.8449656653220633 -0.13342459895399075
		outer loop
			vertex 7.910924434661865 8.884476661682129 -2.084592819213867
			vertex 6 7.7337541580200195 -1.9544360637664795
			vertex 6.444297790527344 8.314696311950684 6.123233998228043e-16
		endloop
	endfacet
	facet normal -0.6320842652912283 0.7701965734870128 -0.08524505710076603
		outer loop
			vertex 6.444297790527344 8.314696311950684 6.123233998228043e-16
			vertex 6 7.7337541580200195 -1.9544360637664795
			vertex 6 7.950070381164551 6.123233998228043e-16
		endloop
	endfacet
	facet normal -0.46947392790601866 0.8783239222059489 -0.09022925632660878
		outer loop
			vertex 7.910924434661865 8.884476661682129 -2.084592819213867
			vertex 6.444297790527344 8.314696311950684 6.123233998228043e-16
			vertex 8.173165321350098 9.238795280456543 6.123233998228043e-16
		endloop
	endfacet
	facet normal -0.31432250199567974 0.9416363807316309 -0.12050846950240124
		outer loop
			vertex 7.910924434661865 8.884476661682129 -2.084592819213867
			vertex 8.173165321350098 9.238795280456543 6.123233998228043e-16
			vertex 9.976653099060059 9.581864356994629 -2.0233471393585205
		endloop
	endfacet
	facet normal -0.28894268695977454 0.9525167336735936 -0.0960416353684933
		outer loop
			vertex 9.976653099060059 9.581864356994629 -2.0233471393585205
			vertex 8.173165321350098 9.238795280456543 6.123233998228043e-16
			vertex 10.049097061157227 9.807852745056152 6.123233998228043e-16
		endloop
	endfacet
	facet normal -0.0902292138899831 0.8783239525124085 -0.4694738793626076
		outer loop
			vertex 9.915407180786133 8.884476661682129 -4.089075565338135
			vertex 12 9.238795280456543 -3.8268344402313232
			vertex 12 8.314696311950684 -5.555702209472656
		endloop
	endfacet
	facet normal -0.12050843026764178 0.9416363781845696 -0.31432252466833377
		outer loop
			vertex 9.915407180786133 8.884476661682129 -4.089075565338135
			vertex 9.976653099060059 9.581864356994629 -2.0233471393585205
			vertex 12 9.238795280456543 -3.8268344402313232
		endloop
	endfacet
	facet normal -0.09604164193751602 0.9525167126650084 -0.2889427540323374
		outer loop
			vertex 9.976653099060059 9.581864356994629 -2.0233471393585205
			vertex 12 9.807852745056152 -1.9509031772613525
			vertex 12 9.238795280456543 -3.8268344402313232
		endloop
	endfacet
	facet normal 0.0902292138899831 0.8783239525124085 -0.4694738793626076
		outer loop
			vertex 12 8.314696311950684 -5.555702209472656
			vertex 12 9.238795280456543 -3.8268344402313232
			vertex 14.084592819213867 8.884476661682129 -4.089075565338135
		endloop
	endfacet
	facet normal 0.09604164193751602 0.9525167126650084 -0.2889427540323374
		outer loop
			vertex 12 9.238795280456543 -3.8268344402313232
			vertex 12 9.807852745056152 -1.9509031772613525
			vertex 14.023346900939941 9.581864356994629 -2.0233471393585205
		endloop
	endfacet
	facet normal 0.12050843026764178 0.9416363781845696 -0.31432252466833377
		outer loop
			vertex 12 9.238795280456543 -3.8268344402313232
			vertex 14.023346900939941 9.581864356994629 -2.0233471393585205
			vertex 14.084592819213867 8.884476661682129 -4.089075565338135
		endloop
	endfacet
	facet normal -0.10659733811850687 0.9885717059421764 -0.10659732509131707
		outer loop
			vertex 9.976653099060059 9.581864356994629 -2.0233471393585205
			vertex 10.049097061157227 9.807852745056152 6.123233998228043e-16
			vertex 12 9.807852745056152 -1.9509031772613525
		endloop
	endfacet
	facet normal -0.09754970637895471 0.9904383433089786 -0.09754969445746998
		outer loop
			vertex 10.049097061157227 9.807852745056152 6.123233998228043e-16
			vertex 12 10 6.123233998228043e-16
			vertex 12 9.807852745056152 -1.9509031772613525
		endloop
	endfacet
	facet normal 0.10659733811850687 0.9885717059421764 -0.10659732509131707
		outer loop
			vertex 12 9.807852745056152 -1.9509031772613525
			vertex 13.950902938842773 9.807852745056152 6.123233998228043e-16
			vertex 14.023346900939941 9.581864356994629 -2.0233471393585205
		endloop
	endfacet
	facet normal 0.09754970637895471 0.9904383433089786 -0.09754969445746998
		outer loop
			vertex 12 9.807852745056152 -1.9509031772613525
			vertex 12 10 6.123233998228043e-16
			vertex 13.950902938842773 9.807852745056152 6.123233998228043e-16
		endloop
	endfacet
	facet normal 0.28894268695977454 0.09604163536849332 -0.9525167336735934
		outer loop
			vertex 13.950902938842773 6.123233998228043e-16 -9.807852745056152
			vertex 14.023346900939941 2.0233471393585205 -9.581864356994629
			vertex 15.826834678649902 6.123233998228043e-16 -9.238795280456543
		endloop
	endfacet
	facet normal 0.3143225633130044 0.12050852891661437 -0.94163635265993
		outer loop
			vertex 14.023346900939941 2.0233471393585205 -9.581864356994629
			vertex 16.089075088500977 2.084592819213867 -8.884476661682129
			vertex 15.826834678649902 6.123233998228043e-16 -9.238795280456543
		endloop
	endfacet
	facet normal 0.46947392335698185 0.0902293628414502 -0.8783239136952999
		outer loop
			vertex 15.826834678649902 6.123233998228043e-16 -9.238795280456543
			vertex 16.089075088500977 2.084592819213867 -8.884476661682129
			vertex 17.555702209472656 6.123233998228043e-16 -8.314696311950684
		endloop
	endfacet
	facet normal 0.5179102021055222 0.1334247901112629 -0.8449655897956927
		outer loop
			vertex 16.089075088500977 2.084592819213867 -8.884476661682129
			vertex 18.037670135498047 2.120148181915283 -7.684497356414795
			vertex 17.555702209472656 6.123233998228043e-16 -8.314696311950684
		endloop
	endfacet
	facet normal 0.297455909939731 0.29745583917931606 -0.907215523114577
		outer loop
			vertex 14.023346900939941 2.0233471393585205 -9.581864356994629
			vertex 14.084592819213867 4.089075565338135 -8.884476661682129
			vertex 16.089075088500977 2.084592819213867 -8.884476661682129
		endloop
	endfacet
	facet normal 0.3412200807726107 0.341219999601339 -0.8758640124754501
		outer loop
			vertex 14.084592819213867 4.089075565338135 -8.884476661682129
			vertex 16.29766273498535 4.297662734985352 -7.941044807434082
			vertex 16.089075088500977 2.084592819213867 -8.884476661682129
		endloop
	endfacet
	facet normal 0.30049209351896305 0.4961495709721742 -0.8145797106218139
		outer loop
			vertex 14.084592819213867 4.089075565338135 -8.884476661682129
			vertex 14.120147705078125 6.037671089172363 -7.684497356414795
			vertex 16.29766273498535 4.297662734985352 -7.941044807434082
		endloop
	endfacet
	facet normal 0.4961496252396019 0.3004919845476417 -0.8145797177669124
		outer loop
			vertex 16.089075088500977 2.084592819213867 -8.884476661682129
			vertex 16.29766273498535 4.297662734985352 -7.941044807434082
			vertex 18.037670135498047 2.120148181915283 -7.684497356414795
		endloop
	endfacet
	facet normal 0.5599466369477588 0.3594948790812092 -0.7464738412598807
		outer loop
			vertex 16.29766273498535 4.297662734985352 -7.941044807434082
			vertex 18.35710906982422 4.378852367401123 -6.357108116149902
			vertex 18.037670135498047 2.120148181915283 -7.684497356414795
		endloop
	endfacet
	facet normal 0.6320841124682026 0.0852453921017658 -0.7701966618278093
		outer loop
			vertex 17.555702209472656 6.123233998228043e-16 -8.314696311950684
			vertex 18.037670135498047 2.120148181915283 -7.684497356414795
			vertex 19.071067810058594 6.123233998228043e-16 -7.071067810058594
		endloop
	endfacet
	facet normal 0.7701969433518748 0.08524472945949342 -0.632083858796289
		outer loop
			vertex 19.071067810058594 6.123233998228043e-16 -7.071067810058594
			vertex 19.684497833251953 2.120148181915283 -6.037671089172363
			vertex 20.314695358276367 6.123233998228043e-16 -5.555702209472656
		endloop
	endfacet
	facet normal 0.7002706617479353 0.13871246756110445 -0.7002712700362757
		outer loop
			vertex 18.037670135498047 2.120148181915283 -7.684497356414795
			vertex 19.684497833251953 2.120148181915283 -6.037671089172363
			vertex 19.071067810058594 6.123233998228043e-16 -7.071067810058594
		endloop
	endfacet
	facet normal 0.8449656411620323 0.13342397352671076 -0.5179103286708805
		outer loop
			vertex 20.314695358276367 6.123233998228043e-16 -5.555702209472656
			vertex 19.684497833251953 2.120148181915283 -6.037671089172363
			vertex 20.884477615356445 2.084592819213867 -4.089075565338135
		endloop
	endfacet
	facet normal 0.674331268200873 0.300921736445682 -0.6743318539570247
		outer loop
			vertex 18.037670135498047 2.120148181915283 -7.684497356414795
			vertex 18.35710906982422 4.378852367401123 -6.357108116149902
			vertex 19.684497833251953 2.120148181915283 -6.037671089172363
		endloop
	endfacet
	facet normal 0.7464736623160166 0.3594950730490408 -0.5599467509701066
		outer loop
			vertex 18.35710906982422 4.378852367401123 -6.357108116149902
			vertex 19.9410457611084 4.297662734985352 -4.297662734985352
			vertex 19.684497833251953 2.120148181915283 -6.037671089172363
		endloop
	endfacet
	facet normal 0.8783235626062459 0.09022905193573592 -0.4694746399513507
		outer loop
			vertex 20.314695358276367 6.123233998228043e-16 -5.555702209472656
			vertex 20.884477615356445 2.084592819213867 -4.089075565338135
			vertex 21.23879623413086 6.123233998228043e-16 -3.8268344402313232
		endloop
	endfacet
	facet normal 0.952516713700297 0.09604163072495678 -0.2889427543463888
		outer loop
			vertex 21.23879623413086 6.123233998228043e-16 -3.8268344402313232
			vertex 21.581865310668945 2.0233471393585205 -2.0233471393585205
			vertex 21.80785369873047 6.123233998228043e-16 -1.9509031772613525
		endloop
	endfacet
	facet normal 0.9416363742518076 0.1205084280080846 -0.31432253731625814
		outer loop
			vertex 21.23879623413086 6.123233998228043e-16 -3.8268344402313232
			vertex 20.884477615356445 2.084592819213867 -4.089075565338135
			vertex 21.581865310668945 2.0233471393585205 -2.0233471393585205
		endloop
	endfacet
	facet normal 0.9904384380173369 0.09754921962214247 -0.09754921962214241
		outer loop
			vertex 21.80785369873047 6.123233998228043e-16 -1.9509031772613525
			vertex 21.80785369873047 1.9509031772613525 6.123233998228043e-16
			vertex 22 6.123233998228043e-16 6.123233998228043e-16
		endloop
	endfacet
	facet normal 0.988571707220065 0.10659732567941449 -0.10659732567941445
		outer loop
			vertex 21.80785369873047 6.123233998228043e-16 -1.9509031772613525
			vertex 21.581865310668945 2.0233471393585205 -2.0233471393585205
			vertex 21.80785369873047 1.9509031772613525 6.123233998228043e-16
		endloop
	endfacet
	facet normal 0.81457966259847 0.30049206392601385 -0.49614966773993463
		outer loop
			vertex 19.684497833251953 2.120148181915283 -6.037671089172363
			vertex 19.9410457611084 4.297662734985352 -4.297662734985352
			vertex 20.884477615356445 2.084592819213867 -4.089075565338135
		endloop
	endfacet
	facet normal 0.8758639923954729 0.34122006595821924 -0.34122006595821924
		outer loop
			vertex 20.884477615356445 2.084592819213867 -4.089075565338135
			vertex 19.9410457611084 4.297662734985352 -4.297662734985352
			vertex 20.884477615356445 4.089075565338135 -2.084592819213867
		endloop
	endfacet
	facet normal 0.9072155231145781 0.29745587455952394 -0.29745587455952394
		outer loop
			vertex 20.884477615356445 2.084592819213867 -4.089075565338135
			vertex 20.884477615356445 4.089075565338135 -2.084592819213867
			vertex 21.581865310668945 2.0233471393585205 -2.0233471393585205
		endloop
	endfacet
	facet normal 0.81457966259847 0.49614966773993463 -0.30049206392601385
		outer loop
			vertex 19.9410457611084 4.297662734985352 -4.297662734985352
			vertex 19.684497833251953 6.037671089172363 -2.120148181915283
			vertex 20.884477615356445 4.089075565338135 -2.084592819213867
		endloop
	endfacet
	facet normal 0.9416363742518076 0.31432253731625814 -0.12050842800808456
		outer loop
			vertex 21.581865310668945 2.0233471393585205 -2.0233471393585205
			vertex 20.884477615356445 4.089075565338135 -2.084592819213867
			vertex 21.23879623413086 3.8268344402313232 6.123233998228043e-16
		endloop
	endfacet
	facet normal 0.952516713700297 0.2889427543463887 -0.09604163072495674
		outer loop
			vertex 21.581865310668945 2.0233471393585205 -2.0233471393585205
			vertex 21.23879623413086 3.8268344402313232 6.123233998228043e-16
			vertex 21.80785369873047 1.9509031772613525 6.123233998228043e-16
		endloop
	endfacet
	facet normal 0.8783235626062459 0.46947463995135075 -0.0902290519357359
		outer loop
			vertex 20.884477615356445 4.089075565338135 -2.084592819213867
			vertex 20.314695358276367 5.555702209472656 6.123233998228043e-16
			vertex 21.23879623413086 3.8268344402313232 6.123233998228043e-16
		endloop
	endfacet
	facet normal 0.3594951053329662 0.5599466897960914 -0.7464736926563718
		outer loop
			vertex 16.29766273498535 4.297662734985352 -7.941044807434082
			vertex 14.120147705078125 6.037671089172363 -7.684497356414795
			vertex 16.37885284423828 6.357108116149902 -6.357108116149902
		endloop
	endfacet
	facet normal 0.30092194456417876 0.6743315146423581 -0.6743315146423581
		outer loop
			vertex 14.120147705078125 6.037671089172363 -7.684497356414795
			vertex 14.120147705078125 7.684497356414795 -6.037671089172363
			vertex 16.37885284423828 6.357108116149902 -6.357108116149902
		endloop
	endfacet
	facet normal 0.3594951053329662 0.7464736926563718 -0.5599466897960914
		outer loop
			vertex 14.120147705078125 7.684497356414795 -6.037671089172363
			vertex 16.29766273498535 7.941044807434082 -4.297662734985352
			vertex 16.37885284423828 6.357108116149902 -6.357108116149902
		endloop
	endfacet
	facet normal 0.5112124497414925 0.511212572963726 -0.6908860517285822
		outer loop
			vertex 16.29766273498535 4.297662734985352 -7.941044807434082
			vertex 16.37885284423828 6.357108116149902 -6.357108116149902
			vertex 18.35710906982422 4.378852367401123 -6.357108116149902
		endloop
	endfacet
	facet normal 0.5773501764136105 0.5773503155776278 -0.5773503155776278
		outer loop
			vertex 16.37885284423828 6.357108116149902 -6.357108116149902
			vertex 18.35710906982422 6.357108116149902 -4.378852367401123
			vertex 18.35710906982422 4.378852367401123 -6.357108116149902
		endloop
	endfacet
	facet normal 0.5112124497414925 0.6908860517285822 -0.511212572963726
		outer loop
			vertex 16.37885284423828 6.357108116149902 -6.357108116149902
			vertex 16.29766273498535 7.941044807434082 -4.297662734985352
			vertex 18.35710906982422 6.357108116149902 -4.378852367401123
		endloop
	endfacet
	facet normal 0.6908859310700629 0.5112125928855099 -0.5112125928855099
		outer loop
			vertex 18.35710906982422 4.378852367401123 -6.357108116149902
			vertex 18.35710906982422 6.357108116149902 -4.378852367401123
			vertex 19.9410457611084 4.297662734985352 -4.297662734985352
		endloop
	endfacet
	facet normal 0.5599466369477588 0.7464738412598807 -0.3594948790812092
		outer loop
			vertex 16.29766273498535 7.941044807434082 -4.297662734985352
			vertex 18.037670135498047 7.684497356414795 -2.120148181915283
			vertex 18.35710906982422 6.357108116149902 -4.378852367401123
		endloop
	endfacet
	facet normal 0.30049209351896305 0.8145797106218139 -0.4961495709721742
		outer loop
			vertex 14.120147705078125 7.684497356414795 -6.037671089172363
			vertex 14.084592819213867 8.884476661682129 -4.089075565338135
			vertex 16.29766273498535 7.941044807434082 -4.297662734985352
		endloop
	endfacet
	facet normal 0.3412200807726107 0.8758640124754501 -0.341219999601339
		outer loop
			vertex 14.084592819213867 8.884476661682129 -4.089075565338135
			vertex 16.089075088500977 8.884476661682129 -2.084592819213867
			vertex 16.29766273498535 7.941044807434082 -4.297662734985352
		endloop
	endfacet
	facet normal 0.297455909939731 0.907215523114577 -0.29745583917931606
		outer loop
			vertex 14.084592819213867 8.884476661682129 -4.089075565338135
			vertex 14.023346900939941 9.581864356994629 -2.0233471393585205
			vertex 16.089075088500977 8.884476661682129 -2.084592819213867
		endloop
	endfacet
	facet normal 0.4961496252396019 0.8145797177669124 -0.3004919845476417
		outer loop
			vertex 16.29766273498535 7.941044807434082 -4.297662734985352
			vertex 16.089075088500977 8.884476661682129 -2.084592819213867
			vertex 18.037670135498047 7.684497356414795 -2.120148181915283
		endloop
	endfacet
	facet normal 0.31432256331300434 0.94163635265993 -0.12050852891661433
		outer loop
			vertex 14.023346900939941 9.581864356994629 -2.0233471393585205
			vertex 15.826834678649902 9.238795280456543 6.123233998228043e-16
			vertex 16.089075088500977 8.884476661682129 -2.084592819213867
		endloop
	endfacet
	facet normal 0.28894268695977454 0.9525167336735936 -0.0960416353684933
		outer loop
			vertex 14.023346900939941 9.581864356994629 -2.0233471393585205
			vertex 13.950902938842773 9.807852745056152 6.123233998228043e-16
			vertex 15.826834678649902 9.238795280456543 6.123233998228043e-16
		endloop
	endfacet
	facet normal 0.5179102021055222 0.8449655897956928 -0.13342479011126288
		outer loop
			vertex 16.089075088500977 8.884476661682129 -2.084592819213867
			vertex 17.555702209472656 8.314696311950684 6.123233998228043e-16
			vertex 18.037670135498047 7.684497356414795 -2.120148181915283
		endloop
	endfacet
	facet normal 0.46947392335698196 0.8783239136953 -0.09022936284145017
		outer loop
			vertex 16.089075088500977 8.884476661682129 -2.084592819213867
			vertex 15.826834678649902 9.238795280456543 6.123233998228043e-16
			vertex 17.555702209472656 8.314696311950684 6.123233998228043e-16
		endloop
	endfacet
	facet normal 0.7464736623160166 0.5599467509701066 -0.3594950730490408
		outer loop
			vertex 19.9410457611084 4.297662734985352 -4.297662734985352
			vertex 18.35710906982422 6.357108116149902 -4.378852367401123
			vertex 19.684497833251953 6.037671089172363 -2.120148181915283
		endloop
	endfacet
	facet normal 0.674331268200873 0.6743318539570247 -0.300921736445682
		outer loop
			vertex 18.35710906982422 6.357108116149902 -4.378852367401123
			vertex 18.037670135498047 7.684497356414795 -2.120148181915283
			vertex 19.684497833251953 6.037671089172363 -2.120148181915283
		endloop
	endfacet
	facet normal 0.7701969433518748 0.6320838587962889 -0.08524472945949338
		outer loop
			vertex 19.684497833251953 6.037671089172363 -2.120148181915283
			vertex 19.071067810058594 7.071067810058594 6.123233998228043e-16
			vertex 20.314695358276367 5.555702209472656 6.123233998228043e-16
		endloop
	endfacet
	facet normal 0.7002706617479353 0.7002712700362757 -0.1387124675611044
		outer loop
			vertex 18.037670135498047 7.684497356414795 -2.120148181915283
			vertex 19.071067810058594 7.071067810058594 6.123233998228043e-16
			vertex 19.684497833251953 6.037671089172363 -2.120148181915283
		endloop
	endfacet
	facet normal 0.8449656411620322 0.5179103286708804 -0.13342397352671068
		outer loop
			vertex 20.884477615356445 4.089075565338135 -2.084592819213867
			vertex 19.684497833251953 6.037671089172363 -2.120148181915283
			vertex 20.314695358276367 5.555702209472656 6.123233998228043e-16
		endloop
	endfacet
	facet normal 0.6320841124682025 0.7701966618278094 -0.08524539210176575
		outer loop
			vertex 18.037670135498047 7.684497356414795 -2.120148181915283
			vertex 17.555702209472656 8.314696311950684 6.123233998228043e-16
			vertex 19.071067810058594 7.071067810058594 6.123233998228043e-16
		endloop
	endfacet
	facet normal -0.6320842652912284 0.08524505710076609 0.7701965734870128
		outer loop
			vertex 6.444297790527344 6.123233998228043e-16 8.314696311950684
			vertex 6 1.9544360637664795 7.7337541580200195
			vertex 6 6.123233998228043e-16 7.950070381164551
		endloop
	endfacet
	facet normal -0.46947392790601866 0.09022925632660882 0.8783239222059489
		outer loop
			vertex 6.444297790527344 6.123233998228043e-16 8.314696311950684
			vertex 8.173165321350098 6.123233998228043e-16 9.238795280456543
			vertex 7.910924434661865 2.084592819213867 8.884476661682129
		endloop
	endfacet
	facet normal -0.517910128131136 0.13342459895399084 0.8449656653220634
		outer loop
			vertex 6.444297790527344 6.123233998228043e-16 8.314696311950684
			vertex 7.910924434661865 2.084592819213867 8.884476661682129
			vertex 6 1.9544360637664795 7.7337541580200195
		endloop
	endfacet
	facet normal -0.5179101375013754 0.13342412338248352 0.844965734673852
		outer loop
			vertex 7.910924434661865 2.084592819213867 8.884476661682129
			vertex 6 2.1194608211517334 7.707695960998535
			vertex 6 1.9544360637664795 7.7337541580200195
		endloop
	endfacet
	facet normal -0.49614878395753903 0.30049604539938024 0.8145787321534913
		outer loop
			vertex 7.910924434661865 2.084592819213867 8.884476661682129
			vertex 6 2.1672909259796143 7.690051555633545
			vertex 6 2.1194608211517334 7.707695960998535
		endloop
	endfacet
	facet normal -0.28894268695977454 0.09604163536849332 0.9525167336735934
		outer loop
			vertex 8.173165321350098 6.123233998228043e-16 9.238795280456543
			vertex 10.049097061157227 6.123233998228043e-16 9.807852745056152
			vertex 9.976653099060059 2.0233471393585205 9.581864356994629
		endloop
	endfacet
	facet normal -0.31432250199567974 0.12050846950240128 0.9416363807316308
		outer loop
			vertex 8.173165321350098 6.123233998228043e-16 9.238795280456543
			vertex 9.976653099060059 2.0233471393585205 9.581864356994629
			vertex 7.910924434661865 2.084592819213867 8.884476661682129
		endloop
	endfacet
	facet normal -0.5599467087639302 0.3594951326741789 0.7464736652608832
		outer loop
			vertex 7.702337265014648 4.297662734985352 7.941044807434082
			vertex 6 4.364774227142334 6.631762981414795
			vertex 6 2.1672909259796143 7.690051555633545
		endloop
	endfacet
	facet normal -0.51121247887084 0.5112127963977131 0.6908858648474155
		outer loop
			vertex 7.702337265014648 4.297662734985352 7.941044807434082
			vertex 6 4.735960483551025 6.357108116149902
			vertex 6 4.364774227142334 6.631762981414795
		endloop
	endfacet
	facet normal -0.49614956758073225 0.300492094556114 0.8145797123048991
		outer loop
			vertex 7.910924434661865 2.084592819213867 8.884476661682129
			vertex 7.702337265014648 4.297662734985352 7.941044807434082
			vertex 6 2.1672909259796143 7.690051555633545
		endloop
	endfacet
	facet normal -0.3412200659582193 0.3412200659582193 0.8758639923954731
		outer loop
			vertex 7.910924434661865 2.084592819213867 8.884476661682129
			vertex 9.915407180786133 4.089075565338135 8.884476661682129
			vertex 7.702337265014648 4.297662734985352 7.941044807434082
		endloop
	endfacet
	facet normal -0.29745584711717055 0.29745584711717055 0.9072155411100568
		outer loop
			vertex 7.910924434661865 2.084592819213867 8.884476661682129
			vertex 9.976653099060059 2.0233471393585205 9.581864356994629
			vertex 9.915407180786133 4.089075565338135 8.884476661682129
		endloop
	endfacet
	facet normal -0.30049209351896305 0.4961495709721742 0.8145797106218139
		outer loop
			vertex 7.702337265014648 4.297662734985352 7.941044807434082
			vertex 9.915407180786133 4.089075565338135 8.884476661682129
			vertex 9.879852294921875 6.037671089172363 7.684497356414795
		endloop
	endfacet
	facet normal -0.09754970637895473 0.09754969445747005 0.9904383433089785
		outer loop
			vertex 10.049097061157227 6.123233998228043e-16 9.807852745056152
			vertex 12 6.123233998228043e-16 10
			vertex 12 1.9509031772613525 9.807852745056152
		endloop
	endfacet
	facet normal -0.10659733811850686 0.10659732509131714 0.9885717059421764
		outer loop
			vertex 10.049097061157227 6.123233998228043e-16 9.807852745056152
			vertex 12 1.9509031772613525 9.807852745056152
			vertex 9.976653099060059 2.0233471393585205 9.581864356994629
		endloop
	endfacet
	facet normal 0.09754970637895473 0.09754969445747005 0.9904383433089785
		outer loop
			vertex 12 6.123233998228043e-16 10
			vertex 13.950902938842773 6.123233998228043e-16 9.807852745056152
			vertex 12 1.9509031772613525 9.807852745056152
		endloop
	endfacet
	facet normal 0.10659733811850684 0.10659732509131711 0.9885717059421764
		outer loop
			vertex 12 1.9509031772613525 9.807852745056152
			vertex 13.950902938842773 6.123233998228043e-16 9.807852745056152
			vertex 14.023346900939941 2.0233471393585205 9.581864356994629
		endloop
	endfacet
	facet normal -0.12050843026764178 0.31432252466833377 0.9416363781845696
		outer loop
			vertex 9.976653099060059 2.0233471393585205 9.581864356994629
			vertex 12 3.8268344402313232 9.238795280456543
			vertex 9.915407180786133 4.089075565338135 8.884476661682129
		endloop
	endfacet
	facet normal -0.09604164193751602 0.2889427540323374 0.9525167126650084
		outer loop
			vertex 9.976653099060059 2.0233471393585205 9.581864356994629
			vertex 12 1.9509031772613525 9.807852745056152
			vertex 12 3.8268344402313232 9.238795280456543
		endloop
	endfacet
	facet normal -0.0902292138899831 0.4694738793626076 0.8783239525124085
		outer loop
			vertex 9.915407180786133 4.089075565338135 8.884476661682129
			vertex 12 3.8268344402313232 9.238795280456543
			vertex 12 5.555702209472656 8.314696311950684
		endloop
	endfacet
	facet normal 0.09604164193751602 0.2889427540323374 0.9525167126650084
		outer loop
			vertex 12 1.9509031772613525 9.807852745056152
			vertex 14.023346900939941 2.0233471393585205 9.581864356994629
			vertex 12 3.8268344402313232 9.238795280456543
		endloop
	endfacet
	facet normal 0.12050843026764178 0.31432252466833377 0.9416363781845696
		outer loop
			vertex 14.023346900939941 2.0233471393585205 9.581864356994629
			vertex 14.084592819213867 4.089075565338135 8.884476661682129
			vertex 12 3.8268344402313232 9.238795280456543
		endloop
	endfacet
	facet normal 0.0902292138899831 0.4694738793626076 0.8783239525124085
		outer loop
			vertex 12 3.8268344402313232 9.238795280456543
			vertex 14.084592819213867 4.089075565338135 8.884476661682129
			vertex 12 5.555702209472656 8.314696311950684
		endloop
	endfacet
	facet normal -0.5599467087639302 0.7464736652608832 0.3594951326741789
		outer loop
			vertex 7.702337265014648 7.941044807434082 4.297662734985352
			vertex 6 7.690051555633545 2.1672909259796143
			vertex 6 6.631762981414795 4.364774227142334
		endloop
	endfacet
	facet normal -0.51121247887084 0.6908858648474155 0.5112127963977131
		outer loop
			vertex 7.702337265014648 7.941044807434082 4.297662734985352
			vertex 6 6.631762981414795 4.364774227142334
			vertex 6 6.357108116149902 4.735960483551025
		endloop
	endfacet
	facet normal -0.6320842652912284 0.7701965734870128 0.08524505710076609
		outer loop
			vertex 6.444297790527344 8.314696311950684 6.123233998228043e-16
			vertex 6 7.950070381164551 6.123233998228043e-16
			vertex 6 7.7337541580200195 1.9544360637664795
		endloop
	endfacet
	facet normal -0.5179101375013754 0.844965734673852 0.13342412338248352
		outer loop
			vertex 7.910924434661865 8.884476661682129 2.084592819213867
			vertex 6 7.7337541580200195 1.9544360637664795
			vertex 6 7.707695960998535 2.1194608211517334
		endloop
	endfacet
	facet normal -0.4961487839575389 0.8145787321534911 0.3004960453993802
		outer loop
			vertex 7.910924434661865 8.884476661682129 2.084592819213867
			vertex 6 7.707695960998535 2.1194608211517334
			vertex 6 7.690051555633545 2.1672909259796143
		endloop
	endfacet
	facet normal -0.5179101281311359 0.8449656653220633 0.13342459895399084
		outer loop
			vertex 6.444297790527344 8.314696311950684 6.123233998228043e-16
			vertex 6 7.7337541580200195 1.9544360637664795
			vertex 7.910924434661865 8.884476661682129 2.084592819213867
		endloop
	endfacet
	facet normal -0.46947392790601855 0.8783239222059488 0.0902292563266088
		outer loop
			vertex 6.444297790527344 8.314696311950684 6.123233998228043e-16
			vertex 7.910924434661865 8.884476661682129 2.084592819213867
			vertex 8.173165321350098 9.238795280456543 6.123233998228043e-16
		endloop
	endfacet
	facet normal -0.28894268695977454 0.9525167336735934 0.09604163536849332
		outer loop
			vertex 8.173165321350098 9.238795280456543 6.123233998228043e-16
			vertex 9.976653099060059 9.581864356994629 2.0233471393585205
			vertex 10.049097061157227 9.807852745056152 6.123233998228043e-16
		endloop
	endfacet
	facet normal -0.31432250199567974 0.9416363807316308 0.12050846950240128
		outer loop
			vertex 8.173165321350098 9.238795280456543 6.123233998228043e-16
			vertex 7.910924434661865 8.884476661682129 2.084592819213867
			vertex 9.976653099060059 9.581864356994629 2.0233471393585205
		endloop
	endfacet
	facet normal -0.49614956758073225 0.8145797123048991 0.300492094556114
		outer loop
			vertex 7.910924434661865 8.884476661682129 2.084592819213867
			vertex 6 7.690051555633545 2.1672909259796143
			vertex 7.702337265014648 7.941044807434082 4.297662734985352
		endloop
	endfacet
	facet normal -0.34122006595821924 0.8758639923954729 0.34122006595821924
		outer loop
			vertex 7.910924434661865 8.884476661682129 2.084592819213867
			vertex 7.702337265014648 7.941044807434082 4.297662734985352
			vertex 9.915407180786133 8.884476661682129 4.089075565338135
		endloop
	endfacet
	facet normal -0.30049209351896305 0.8145797106218139 0.4961495709721742
		outer loop
			vertex 7.702337265014648 7.941044807434082 4.297662734985352
			vertex 9.879852294921875 7.684497356414795 6.037671089172363
			vertex 9.915407180786133 8.884476661682129 4.089075565338135
		endloop
	endfacet
	facet normal -0.29745584711717055 0.9072155411100568 0.29745584711717055
		outer loop
			vertex 7.910924434661865 8.884476661682129 2.084592819213867
			vertex 9.915407180786133 8.884476661682129 4.089075565338135
			vertex 9.976653099060059 9.581864356994629 2.0233471393585205
		endloop
	endfacet
	facet normal -0.09754970637895473 0.9904383433089785 0.09754969445747005
		outer loop
			vertex 10.049097061157227 9.807852745056152 6.123233998228043e-16
			vertex 12 9.807852745056152 1.9509031772613525
			vertex 12 10 6.123233998228043e-16
		endloop
	endfacet
	facet normal -0.10659733811850684 0.9885717059421764 0.10659732509131711
		outer loop
			vertex 10.049097061157227 9.807852745056152 6.123233998228043e-16
			vertex 9.976653099060059 9.581864356994629 2.0233471393585205
			vertex 12 9.807852745056152 1.9509031772613525
		endloop
	endfacet
	facet normal 0.09754970637895473 0.9904383433089785 0.09754969445747005
		outer loop
			vertex 12 10 6.123233998228043e-16
			vertex 12 9.807852745056152 1.9509031772613525
			vertex 13.950902938842773 9.807852745056152 6.123233998228043e-16
		endloop
	endfacet
	facet normal 0.10659733811850684 0.9885717059421764 0.10659732509131711
		outer loop
			vertex 12 9.807852745056152 1.9509031772613525
			vertex 14.023346900939941 9.581864356994629 2.0233471393585205
			vertex 13.950902938842773 9.807852745056152 6.123233998228043e-16
		endloop
	endfacet
	facet normal -0.12050843026764178 0.9416363781845696 0.31432252466833377
		outer loop
			vertex 9.976653099060059 9.581864356994629 2.0233471393585205
			vertex 9.915407180786133 8.884476661682129 4.089075565338135
			vertex 12 9.238795280456543 3.8268344402313232
		endloop
	endfacet
	facet normal -0.09604164193751602 0.9525167126650084 0.2889427540323374
		outer loop
			vertex 9.976653099060059 9.581864356994629 2.0233471393585205
			vertex 12 9.238795280456543 3.8268344402313232
			vertex 12 9.807852745056152 1.9509031772613525
		endloop
	endfacet
	facet normal -0.0902292138899831 0.8783239525124085 0.4694738793626076
		outer loop
			vertex 9.915407180786133 8.884476661682129 4.089075565338135
			vertex 12 8.314696311950684 5.555702209472656
			vertex 12 9.238795280456543 3.8268344402313232
		endloop
	endfacet
	facet normal 0.09604164193751602 0.9525167126650084 0.2889427540323374
		outer loop
			vertex 12 9.807852745056152 1.9509031772613525
			vertex 12 9.238795280456543 3.8268344402313232
			vertex 14.023346900939941 9.581864356994629 2.0233471393585205
		endloop
	endfacet
	facet normal 0.12050843026764178 0.9416363781845696 0.31432252466833377
		outer loop
			vertex 14.023346900939941 9.581864356994629 2.0233471393585205
			vertex 12 9.238795280456543 3.8268344402313232
			vertex 14.084592819213867 8.884476661682129 4.089075565338135
		endloop
	endfacet
	facet normal 0.0902292138899831 0.8783239525124085 0.4694738793626076
		outer loop
			vertex 12 9.238795280456543 3.8268344402313232
			vertex 12 8.314696311950684 5.555702209472656
			vertex 14.084592819213867 8.884476661682129 4.089075565338135
		endloop
	endfacet
	facet normal -0.5773502691896257 0.5773502691896257 0.5773502691896257
		outer loop
			vertex 7.621147632598877 6.357108116149902 6.357108116149902
			vertex 6 6.357108116149902 4.735960483551025
			vertex 6 4.735960483551025 6.357108116149902
		endloop
	endfacet
	facet normal -0.5112125928855099 0.5112125928855099 0.6908859310700629
		outer loop
			vertex 7.702337265014648 4.297662734985352 7.941044807434082
			vertex 7.621147632598877 6.357108116149902 6.357108116149902
			vertex 6 4.735960483551025 6.357108116149902
		endloop
	endfacet
	facet normal -0.5112125928855099 0.6908859310700629 0.5112125928855099
		outer loop
			vertex 7.702337265014648 7.941044807434082 4.297662734985352
			vertex 6 6.357108116149902 4.735960483551025
			vertex 7.621147632598877 6.357108116149902 6.357108116149902
		endloop
	endfacet
	facet normal -0.3594951452371844 0.5599467322095115 0.7464736416235911
		outer loop
			vertex 7.702337265014648 4.297662734985352 7.941044807434082
			vertex 9.879852294921875 6.037671089172363 7.684497356414795
			vertex 7.621147632598877 6.357108116149902 6.357108116149902
		endloop
	endfacet
	facet normal -0.3594951452371844 0.7464736416235911 0.5599467322095115
		outer loop
			vertex 7.702337265014648 7.941044807434082 4.297662734985352
			vertex 7.621147632598877 6.357108116149902 6.357108116149902
			vertex 9.879852294921875 7.684497356414795 6.037671089172363
		endloop
	endfacet
	facet normal -0.30092200233937094 0.6743315017512024 0.6743315017512024
		outer loop
			vertex 7.621147632598877 6.357108116149902 6.357108116149902
			vertex 9.879852294921875 6.037671089172363 7.684497356414795
			vertex 9.879852294921875 7.684497356414795 6.037671089172363
		endloop
	endfacet
	facet normal -0.13871242092545333 0.7002709705110586 0.7002709705110586
		outer loop
			vertex 9.879852294921875 6.037671089172363 7.684497356414795
			vertex 12 7.071067810058594 7.071067810058594
			vertex 9.879852294921875 7.684497356414795 6.037671089172363
		endloop
	endfacet
	facet normal 0.13871242092545333 0.7002709705110586 0.7002709705110586
		outer loop
			vertex 12 7.071067810058594 7.071067810058594
			vertex 14.120147705078125 6.037671089172363 7.684497356414795
			vertex 14.120147705078125 7.684497356414795 6.037671089172363
		endloop
	endfacet
	facet normal -0.13342461730541846 0.5179101482890974 0.8449656500687278
		outer loop
			vertex 9.915407180786133 4.089075565338135 8.884476661682129
			vertex 12 5.555702209472656 8.314696311950684
			vertex 9.879852294921875 6.037671089172363 7.684497356414795
		endloop
	endfacet
	facet normal -0.08524512887992435 0.6320841267549866 0.7701966792363047
		outer loop
			vertex 9.879852294921875 6.037671089172363 7.684497356414795
			vertex 12 5.555702209472656 8.314696311950684
			vertex 12 7.071067810058594 7.071067810058594
		endloop
	endfacet
	facet normal 0.08524512887992435 0.6320841267549866 0.7701966792363047
		outer loop
			vertex 12 7.071067810058594 7.071067810058594
			vertex 12 5.555702209472656 8.314696311950684
			vertex 14.120147705078125 6.037671089172363 7.684497356414795
		endloop
	endfacet
	facet normal 0.13342461730541846 0.5179101482890974 0.8449656500687278
		outer loop
			vertex 14.084592819213867 4.089075565338135 8.884476661682129
			vertex 14.120147705078125 6.037671089172363 7.684497356414795
			vertex 12 5.555702209472656 8.314696311950684
		endloop
	endfacet
	facet normal -0.13342461730541844 0.8449656500687277 0.5179101482890974
		outer loop
			vertex 9.915407180786133 8.884476661682129 4.089075565338135
			vertex 9.879852294921875 7.684497356414795 6.037671089172363
			vertex 12 8.314696311950684 5.555702209472656
		endloop
	endfacet
	facet normal -0.08524512887992435 0.7701966792363047 0.6320841267549866
		outer loop
			vertex 9.879852294921875 7.684497356414795 6.037671089172363
			vertex 12 7.071067810058594 7.071067810058594
			vertex 12 8.314696311950684 5.555702209472656
		endloop
	endfacet
	facet normal 0.08524512887992435 0.7701966792363047 0.6320841267549866
		outer loop
			vertex 12 7.071067810058594 7.071067810058594
			vertex 14.120147705078125 7.684497356414795 6.037671089172363
			vertex 12 8.314696311950684 5.555702209472656
		endloop
	endfacet
	facet normal 0.13342461730541844 0.8449656500687277 0.5179101482890974
		outer loop
			vertex 14.084592819213867 8.884476661682129 4.089075565338135
			vertex 12 8.314696311950684 5.555702209472656
			vertex 14.120147705078125 7.684497356414795 6.037671089172363
		endloop
	endfacet
	facet normal 0.990438438017337 0.0975492196221425 0.0975492196221425
		outer loop
			vertex 22 6.123233998228043e-16 6.123233998228043e-16
			vertex 21.80785369873047 1.9509031772613525 6.123233998228043e-16
			vertex 21.80785369873047 6.123233998228043e-16 1.9509031772613525
		endloop
	endfacet
	facet normal 0.988571707220065 0.10659732567941449 0.10659732567941449
		outer loop
			vertex 21.80785369873047 6.123233998228043e-16 1.9509031772613525
			vertex 21.80785369873047 1.9509031772613525 6.123233998228043e-16
			vertex 21.581865310668945 2.0233471393585205 2.0233471393585205
		endloop
	endfacet
	facet normal 0.952516713700297 0.09604163072495678 0.2889427543463888
		outer loop
			vertex 21.80785369873047 6.123233998228043e-16 1.9509031772613525
			vertex 21.581865310668945 2.0233471393585205 2.0233471393585205
			vertex 21.23879623413086 6.123233998228043e-16 3.8268344402313232
		endloop
	endfacet
	facet normal 0.8783235626062459 0.09022905193573592 0.4694746399513507
		outer loop
			vertex 21.23879623413086 6.123233998228043e-16 3.8268344402313232
			vertex 20.884477615356445 2.084592819213867 4.089075565338135
			vertex 20.314695358276367 6.123233998228043e-16 5.555702209472656
		endloop
	endfacet
	facet normal 0.9416363742518076 0.1205084280080846 0.31432253731625814
		outer loop
			vertex 21.581865310668945 2.0233471393585205 2.0233471393585205
			vertex 20.884477615356445 2.084592819213867 4.089075565338135
			vertex 21.23879623413086 6.123233998228043e-16 3.8268344402313232
		endloop
	endfacet
	facet normal 0.952516713700297 0.2889427543463888 0.09604163072495678
		outer loop
			vertex 21.80785369873047 1.9509031772613525 6.123233998228043e-16
			vertex 21.23879623413086 3.8268344402313232 6.123233998228043e-16
			vertex 21.581865310668945 2.0233471393585205 2.0233471393585205
		endloop
	endfacet
	facet normal 0.9416363742518076 0.31432253731625814 0.1205084280080846
		outer loop
			vertex 21.581865310668945 2.0233471393585205 2.0233471393585205
			vertex 21.23879623413086 3.8268344402313232 6.123233998228043e-16
			vertex 20.884477615356445 4.089075565338135 2.084592819213867
		endloop
	endfacet
	facet normal 0.878323562606246 0.4694746399513508 0.09022905193573595
		outer loop
			vertex 21.23879623413086 3.8268344402313232 6.123233998228043e-16
			vertex 20.314695358276367 5.555702209472656 6.123233998228043e-16
			vertex 20.884477615356445 4.089075565338135 2.084592819213867
		endloop
	endfacet
	facet normal 0.8758639923954729 0.34122006595821924 0.34122006595821924
		outer loop
			vertex 20.884477615356445 2.084592819213867 4.089075565338135
			vertex 20.884477615356445 4.089075565338135 2.084592819213867
			vertex 19.9410457611084 4.297662734985352 4.297662734985352
		endloop
	endfacet
	facet normal 0.9072155231145781 0.29745587455952394 0.29745587455952394
		outer loop
			vertex 21.581865310668945 2.0233471393585205 2.0233471393585205
			vertex 20.884477615356445 4.089075565338135 2.084592819213867
			vertex 20.884477615356445 2.084592819213867 4.089075565338135
		endloop
	endfacet
	facet normal 0.81457966259847 0.30049206392601385 0.49614966773993463
		outer loop
			vertex 20.884477615356445 2.084592819213867 4.089075565338135
			vertex 19.9410457611084 4.297662734985352 4.297662734985352
			vertex 19.684497833251953 2.120148181915283 6.037671089172363
		endloop
	endfacet
	facet normal 0.81457966259847 0.49614966773993463 0.30049206392601385
		outer loop
			vertex 20.884477615356445 4.089075565338135 2.084592819213867
			vertex 19.684497833251953 6.037671089172363 2.120148181915283
			vertex 19.9410457611084 4.297662734985352 4.297662734985352
		endloop
	endfacet
	facet normal 0.28894268695977454 0.09604163536849332 0.9525167336735934
		outer loop
			vertex 13.950902938842773 6.123233998228043e-16 9.807852745056152
			vertex 15.826834678649902 6.123233998228043e-16 9.238795280456543
			vertex 14.023346900939941 2.0233471393585205 9.581864356994629
		endloop
	endfacet
	facet normal 0.3143225633130044 0.12050852891661437 0.94163635265993
		outer loop
			vertex 14.023346900939941 2.0233471393585205 9.581864356994629
			vertex 15.826834678649902 6.123233998228043e-16 9.238795280456543
			vertex 16.089075088500977 2.084592819213867 8.884476661682129
		endloop
	endfacet
	facet normal 0.46947392335698196 0.09022936284145021 0.8783239136953
		outer loop
			vertex 15.826834678649902 6.123233998228043e-16 9.238795280456543
			vertex 17.555702209472656 6.123233998228043e-16 8.314696311950684
			vertex 16.089075088500977 2.084592819213867 8.884476661682129
		endloop
	endfacet
	facet normal 0.5179102021055222 0.1334247901112629 0.8449655897956927
		outer loop
			vertex 16.089075088500977 2.084592819213867 8.884476661682129
			vertex 17.555702209472656 6.123233998228043e-16 8.314696311950684
			vertex 18.037670135498047 2.120148181915283 7.684497356414795
		endloop
	endfacet
	facet normal 0.5599466369477588 0.3594948790812092 0.7464738412598807
		outer loop
			vertex 16.29766273498535 4.297662734985352 7.941044807434082
			vertex 18.037670135498047 2.120148181915283 7.684497356414795
			vertex 18.35710906982422 4.378852367401123 6.357108116149902
		endloop
	endfacet
	facet normal 0.3412200807726107 0.341219999601339 0.8758640124754501
		outer loop
			vertex 14.084592819213867 4.089075565338135 8.884476661682129
			vertex 16.089075088500977 2.084592819213867 8.884476661682129
			vertex 16.29766273498535 4.297662734985352 7.941044807434082
		endloop
	endfacet
	facet normal 0.297455909939731 0.29745583917931606 0.907215523114577
		outer loop
			vertex 14.023346900939941 2.0233471393585205 9.581864356994629
			vertex 16.089075088500977 2.084592819213867 8.884476661682129
			vertex 14.084592819213867 4.089075565338135 8.884476661682129
		endloop
	endfacet
	facet normal 0.30049209351896305 0.4961495709721742 0.8145797106218139
		outer loop
			vertex 14.084592819213867 4.089075565338135 8.884476661682129
			vertex 16.29766273498535 4.297662734985352 7.941044807434082
			vertex 14.120147705078125 6.037671089172363 7.684497356414795
		endloop
	endfacet
	facet normal 0.4961496252396019 0.3004919845476417 0.8145797177669124
		outer loop
			vertex 16.089075088500977 2.084592819213867 8.884476661682129
			vertex 18.037670135498047 2.120148181915283 7.684497356414795
			vertex 16.29766273498535 4.297662734985352 7.941044807434082
		endloop
	endfacet
	facet normal 0.7701969433518748 0.08524472945949342 0.632083858796289
		outer loop
			vertex 19.071067810058594 6.123233998228043e-16 7.071067810058594
			vertex 20.314695358276367 6.123233998228043e-16 5.555702209472656
			vertex 19.684497833251953 2.120148181915283 6.037671089172363
		endloop
	endfacet
	facet normal 0.7002706617479353 0.13871246756110445 0.7002712700362757
		outer loop
			vertex 19.071067810058594 6.123233998228043e-16 7.071067810058594
			vertex 19.684497833251953 2.120148181915283 6.037671089172363
			vertex 18.037670135498047 2.120148181915283 7.684497356414795
		endloop
	endfacet
	facet normal 0.8449656411620323 0.13342397352671076 0.5179103286708805
		outer loop
			vertex 20.884477615356445 2.084592819213867 4.089075565338135
			vertex 19.684497833251953 2.120148181915283 6.037671089172363
			vertex 20.314695358276367 6.123233998228043e-16 5.555702209472656
		endloop
	endfacet
	facet normal 0.6320841124682026 0.0852453921017658 0.7701966618278093
		outer loop
			vertex 19.071067810058594 6.123233998228043e-16 7.071067810058594
			vertex 18.037670135498047 2.120148181915283 7.684497356414795
			vertex 17.555702209472656 6.123233998228043e-16 8.314696311950684
		endloop
	endfacet
	facet normal 0.7464736623160166 0.3594950730490408 0.5599467509701066
		outer loop
			vertex 19.9410457611084 4.297662734985352 4.297662734985352
			vertex 18.35710906982422 4.378852367401123 6.357108116149902
			vertex 19.684497833251953 2.120148181915283 6.037671089172363
		endloop
	endfacet
	facet normal 0.674331268200873 0.300921736445682 0.6743318539570247
		outer loop
			vertex 18.037670135498047 2.120148181915283 7.684497356414795
			vertex 19.684497833251953 2.120148181915283 6.037671089172363
			vertex 18.35710906982422 4.378852367401123 6.357108116149902
		endloop
	endfacet
	facet normal 0.5599466369477588 0.7464738412598807 0.3594948790812092
		outer loop
			vertex 16.29766273498535 7.941044807434082 4.297662734985352
			vertex 18.35710906982422 6.357108116149902 4.378852367401123
			vertex 18.037670135498047 7.684497356414795 2.120148181915283
		endloop
	endfacet
	facet normal 0.28894268695977454 0.9525167336735934 0.09604163536849332
		outer loop
			vertex 13.950902938842773 9.807852745056152 6.123233998228043e-16
			vertex 14.023346900939941 9.581864356994629 2.0233471393585205
			vertex 15.826834678649902 9.238795280456543 6.123233998228043e-16
		endloop
	endfacet
	facet normal 0.3143225633130044 0.94163635265993 0.12050852891661437
		outer loop
			vertex 14.023346900939941 9.581864356994629 2.0233471393585205
			vertex 16.089075088500977 8.884476661682129 2.084592819213867
			vertex 15.826834678649902 9.238795280456543 6.123233998228043e-16
		endloop
	endfacet
	facet normal 0.5179102021055222 0.8449655897956927 0.1334247901112629
		outer loop
			vertex 16.089075088500977 8.884476661682129 2.084592819213867
			vertex 18.037670135498047 7.684497356414795 2.120148181915283
			vertex 17.555702209472656 8.314696311950684 6.123233998228043e-16
		endloop
	endfacet
	facet normal 0.46947392335698185 0.8783239136952999 0.0902293628414502
		outer loop
			vertex 15.826834678649902 9.238795280456543 6.123233998228043e-16
			vertex 16.089075088500977 8.884476661682129 2.084592819213867
			vertex 17.555702209472656 8.314696311950684 6.123233998228043e-16
		endloop
	endfacet
	facet normal 0.3412200807726107 0.8758640124754501 0.341219999601339
		outer loop
			vertex 14.084592819213867 8.884476661682129 4.089075565338135
			vertex 16.29766273498535 7.941044807434082 4.297662734985352
			vertex 16.089075088500977 8.884476661682129 2.084592819213867
		endloop
	endfacet
	facet normal 0.30049209351896305 0.8145797106218139 0.4961495709721742
		outer loop
			vertex 14.084592819213867 8.884476661682129 4.089075565338135
			vertex 14.120147705078125 7.684497356414795 6.037671089172363
			vertex 16.29766273498535 7.941044807434082 4.297662734985352
		endloop
	endfacet
	facet normal 0.297455909939731 0.907215523114577 0.29745583917931606
		outer loop
			vertex 14.023346900939941 9.581864356994629 2.0233471393585205
			vertex 14.084592819213867 8.884476661682129 4.089075565338135
			vertex 16.089075088500977 8.884476661682129 2.084592819213867
		endloop
	endfacet
	facet normal 0.4961496252396019 0.8145797177669124 0.3004919845476417
		outer loop
			vertex 16.089075088500977 8.884476661682129 2.084592819213867
			vertex 16.29766273498535 7.941044807434082 4.297662734985352
			vertex 18.037670135498047 7.684497356414795 2.120148181915283
		endloop
	endfacet
	facet normal 0.7701969433518748 0.632083858796289 0.08524472945949342
		outer loop
			vertex 19.071067810058594 7.071067810058594 6.123233998228043e-16
			vertex 19.684497833251953 6.037671089172363 2.120148181915283
			vertex 20.314695358276367 5.555702209472656 6.123233998228043e-16
		endloop
	endfacet
	facet normal 0.7002706617479353 0.7002712700362757 0.13871246756110445
		outer loop
			vertex 19.071067810058594 7.071067810058594 6.123233998228043e-16
			vertex 18.037670135498047 7.684497356414795 2.120148181915283
			vertex 19.684497833251953 6.037671089172363 2.120148181915283
		endloop
	endfacet
	facet normal 0.8449656411620323 0.5179103286708805 0.13342397352671076
		outer loop
			vertex 20.884477615356445 4.089075565338135 2.084592819213867
			vertex 20.314695358276367 5.555702209472656 6.123233998228043e-16
			vertex 19.684497833251953 6.037671089172363 2.120148181915283
		endloop
	endfacet
	facet normal 0.7464736623160166 0.5599467509701066 0.3594950730490408
		outer loop
			vertex 19.9410457611084 4.297662734985352 4.297662734985352
			vertex 19.684497833251953 6.037671089172363 2.120148181915283
			vertex 18.35710906982422 6.357108116149902 4.378852367401123
		endloop
	endfacet
	facet normal 0.674331268200873 0.6743318539570247 0.300921736445682
		outer loop
			vertex 18.35710906982422 6.357108116149902 4.378852367401123
			vertex 19.684497833251953 6.037671089172363 2.120148181915283
			vertex 18.037670135498047 7.684497356414795 2.120148181915283
		endloop
	endfacet
	facet normal 0.6320841124682026 0.7701966618278093 0.0852453921017658
		outer loop
			vertex 19.071067810058594 7.071067810058594 6.123233998228043e-16
			vertex 17.555702209472656 8.314696311950684 6.123233998228043e-16
			vertex 18.037670135498047 7.684497356414795 2.120148181915283
		endloop
	endfacet
	facet normal 0.3594951053329662 0.5599466897960914 0.7464736926563718
		outer loop
			vertex 16.29766273498535 4.297662734985352 7.941044807434082
			vertex 16.37885284423828 6.357108116149902 6.357108116149902
			vertex 14.120147705078125 6.037671089172363 7.684497356414795
		endloop
	endfacet
	facet normal 0.3594951053329662 0.7464736926563718 0.5599466897960914
		outer loop
			vertex 16.29766273498535 7.941044807434082 4.297662734985352
			vertex 14.120147705078125 7.684497356414795 6.037671089172363
			vertex 16.37885284423828 6.357108116149902 6.357108116149902
		endloop
	endfacet
	facet normal 0.30092194456417876 0.6743315146423581 0.6743315146423581
		outer loop
			vertex 14.120147705078125 6.037671089172363 7.684497356414795
			vertex 16.37885284423828 6.357108116149902 6.357108116149902
			vertex 14.120147705078125 7.684497356414795 6.037671089172363
		endloop
	endfacet
	facet normal 0.5773501764136105 0.5773503155776278 0.5773503155776278
		outer loop
			vertex 16.37885284423828 6.357108116149902 6.357108116149902
			vertex 18.35710906982422 4.378852367401123 6.357108116149902
			vertex 18.35710906982422 6.357108116149902 4.378852367401123
		endloop
	endfacet
	facet normal 0.5112124497414925 0.511212572963726 0.6908860517285822
		outer loop
			vertex 16.29766273498535 4.297662734985352 7.941044807434082
			vertex 18.35710906982422 4.378852367401123 6.357108116149902
			vertex 16.37885284423828 6.357108116149902 6.357108116149902
		endloop
	endfacet
	facet normal 0.5112124497414925 0.6908860517285822 0.511212572963726
		outer loop
			vertex 16.29766273498535 7.941044807434082 4.297662734985352
			vertex 16.37885284423828 6.357108116149902 6.357108116149902
			vertex 18.35710906982422 6.357108116149902 4.378852367401123
		endloop
	endfacet
	facet normal 0.6908859310700629 0.5112125928855099 0.5112125928855099
		outer loop
			vertex 19.9410457611084 4.297662734985352 4.297662734985352
			vertex 18.35710906982422 6.357108116149902 4.378852367401123
			vertex 18.35710906982422 4.378852367401123 6.357108116149902
		endloop
	endfacet
endsolid exported
