ISO-10303-21;
HEADER;
FILE_DESCRIPTION(('Open CASCADE Model'),'2;1');
FILE_NAME('Open CASCADE Shape Model','1970-01-01T00:00:00',('Author'),(
    'Open CASCADE'),'Open CASCADE STEP processor 8.0','Open CASCADE 8.0'
  ,'Unknown');
FILE_SCHEMA((
'AP242_MANAGED_MODEL_BASED_3D_ENGINEERING_MIM_LF {1 0 10303 442 1 1 4 }'
    ));
ENDSEC;
DATA;
#1 = APPLICATION_PROTOCOL_DEFINITION('international standard',
  'ap242_managed_model_based_3d_engineering',2013,#2);
#2 = APPLICATION_CONTEXT('Managed model based 3d engineering');
#3 = SHAPE_DEFINITION_REPRESENTATION(#4,#10);
#4 = PRODUCT_DEFINITION_SHAPE('','',#5);
#5 = PRODUCT_DEFINITION('design','',#6,#9);
#6 = PRODUCT_DEFINITION_FORMATION('','',#7);
#7 = PRODUCT('Open CASCADE STEP translator 8.0',
  'Open CASCADE STEP translator 8.0','',(#8));
#8 = PRODUCT_CONTEXT('',#2,'mechanical');
#9 = PRODUCT_DEFINITION_CONTEXT('part definition',#2,'design');
#10 = ADVANCED_BREP_SHAPE_REPRESENTATION('',(#11,#15),#13251);
#11 = AXIS2_PLACEMENT_3D('',#12,#13,#14);
#12 = CARTESIAN_POINT('',(0.,0.,0.));
#13 = DIRECTION('',(0.,0.,1.));
#14 = DIRECTION('',(1.,0.,-0.));
#15 = MANIFOLD_SOLID_BREP('',#16);
#16 = CLOSED_SHELL('',(#17,#137,#461,#511,#565,#794,#1427,#1454,#1481,
    #1508,#1515,#1542,#1569,#1596,#1623,#2673,#2723,#3653,#3680,#4710,
    #4760,#5654,#5681,#6711,#6765,#7663,#7690,#7717,#7744,#7972,#7999,
    #8217,#8244,#8271,#8298,#8526,#8553,#8580,#8607,#8835,#9053,#9080,
    #9107,#9134,#9161,#9188,#9215,#9433,#9661,#9688,#9715,#9742,#9769,
    #9796,#9823,#10021,#10049,#10077,#10127,#10176,#10208,#10262,#10311,
    #10339,#10366,#10373,#10380,#10407,#10414,#10441,#10468,#10475,
    #10482,#10509,#10536,#10563,#10590,#10597,#10604,#10631,#10658,
    #10685,#10712,#10719,#10726,#10753,#10760,#10788,#10815,#10822,
    #10849,#10876,#10883,#10911,#10961,#10988,#11037,#11064,#11096,
    #11103,#11130,#11184,#11211,#11260,#11267,#11295,#11502,#11556,
    #11659,#11686,#11893,#11943,#12050,#12136,#12190,#12244,#12271,
    #12298,#12384,#12434,#12492,#12519,#12546,#12573,#12580,#12635,
    #12690,#12717,#12744,#12751,#12806,#12861,#12868,#12875,#12910,
    #12945,#12980,#13015,#13070,#13125,#13180,#13235,#13239,#13243,
    #13247));
#17 = ADVANCED_FACE('',(#18),#32,.F.);
#18 = FACE_BOUND('',#19,.F.);
#19 = EDGE_LOOP('',(#20,#55,#83,#111));
#20 = ORIENTED_EDGE('',*,*,#21,.F.);
#21 = EDGE_CURVE('',#22,#24,#26,.T.);
#22 = VERTEX_POINT('',#23);
#23 = CARTESIAN_POINT('',(-2.22044604925E-16,1.,25.));
#24 = VERTEX_POINT('',#25);
#25 = CARTESIAN_POINT('',(-2.22044604925E-16,39.,25.));
#26 = SURFACE_CURVE('',#27,(#31,#43),.PCURVE_S1.);
#27 = LINE('',#28,#29);
#28 = CARTESIAN_POINT('',(0.,0.,25.));
#29 = VECTOR('',#30,1.);
#30 = DIRECTION('',(-0.,1.,0.));
#31 = PCURVE('',#32,#37);
#32 = PLANE('',#33);
#33 = AXIS2_PLACEMENT_3D('',#34,#35,#36);
#34 = CARTESIAN_POINT('',(0.,0.,0.));
#35 = DIRECTION('',(1.,0.,-0.));
#36 = DIRECTION('',(0.,0.,1.));
#37 = DEFINITIONAL_REPRESENTATION('',(#38),#42);
#38 = LINE('',#39,#40);
#39 = CARTESIAN_POINT('',(25.,0.));
#40 = VECTOR('',#41,1.);
#41 = DIRECTION('',(0.,-1.));
#42 = ( GEOMETRIC_REPRESENTATION_CONTEXT(2) 
PARAMETRIC_REPRESENTATION_CONTEXT() REPRESENTATION_CONTEXT('2D SPACE',''
  ) );
#43 = PCURVE('',#44,#49);
#44 = PLANE('',#45);
#45 = AXIS2_PLACEMENT_3D('',#46,#47,#48);
#46 = CARTESIAN_POINT('',(0.,0.,25.));
#47 = DIRECTION('',(0.,0.,1.));
#48 = DIRECTION('',(1.,0.,-0.));
#49 = DEFINITIONAL_REPRESENTATION('',(#50),#54);
#50 = LINE('',#51,#52);
#51 = CARTESIAN_POINT('',(0.,0.));
#52 = VECTOR('',#53,1.);
#53 = DIRECTION('',(0.,1.));
#54 = ( GEOMETRIC_REPRESENTATION_CONTEXT(2) 
PARAMETRIC_REPRESENTATION_CONTEXT() REPRESENTATION_CONTEXT('2D SPACE',''
  ) );
#55 = ORIENTED_EDGE('',*,*,#56,.F.);
#56 = EDGE_CURVE('',#57,#22,#59,.T.);
#57 = VERTEX_POINT('',#58);
#58 = CARTESIAN_POINT('',(-2.22044604925E-16,1.,0.));
#59 = SURFACE_CURVE('',#60,(#64,#71),.PCURVE_S1.);
#60 = LINE('',#61,#62);
#61 = CARTESIAN_POINT('',(-2.22044604925E-16,1.,0.));
#62 = VECTOR('',#63,1.);
#63 = DIRECTION('',(0.,0.,1.));
#64 = PCURVE('',#32,#65);
#65 = DEFINITIONAL_REPRESENTATION('',(#66),#70);
#66 = LINE('',#67,#68);
#67 = CARTESIAN_POINT('',(0.,-1.));
#68 = VECTOR('',#69,1.);
#69 = DIRECTION('',(1.,0.));
#70 = ( GEOMETRIC_REPRESENTATION_CONTEXT(2) 
PARAMETRIC_REPRESENTATION_CONTEXT() REPRESENTATION_CONTEXT('2D SPACE',''
  ) );
#71 = PCURVE('',#72,#77);
#72 = CYLINDRICAL_SURFACE('',#73,1.);
#73 = AXIS2_PLACEMENT_3D('',#74,#75,#76);
#74 = CARTESIAN_POINT('',(1.,1.,0.));
#75 = DIRECTION('',(0.,0.,1.));
#76 = DIRECTION('',(-1.,-0.,0.));
#77 = DEFINITIONAL_REPRESENTATION('',(#78),#82);
#78 = LINE('',#79,#80);
#79 = CARTESIAN_POINT('',(0.,0.));
#80 = VECTOR('',#81,1.);
#81 = DIRECTION('',(0.,1.));
#82 = ( GEOMETRIC_REPRESENTATION_CONTEXT(2) 
PARAMETRIC_REPRESENTATION_CONTEXT() REPRESENTATION_CONTEXT('2D SPACE',''
  ) );
#83 = ORIENTED_EDGE('',*,*,#84,.T.);
#84 = EDGE_CURVE('',#57,#85,#87,.T.);
#85 = VERTEX_POINT('',#86);
#86 = CARTESIAN_POINT('',(-2.22044604925E-16,39.,0.));
#87 = SURFACE_CURVE('',#88,(#92,#99),.PCURVE_S1.);
#88 = LINE('',#89,#90);
#89 = CARTESIAN_POINT('',(0.,0.,0.));
#90 = VECTOR('',#91,1.);
#91 = DIRECTION('',(-0.,1.,0.));
#92 = PCURVE('',#32,#93);
#93 = DEFINITIONAL_REPRESENTATION('',(#94),#98);
#94 = LINE('',#95,#96);
#95 = CARTESIAN_POINT('',(0.,0.));
#96 = VECTOR('',#97,1.);
#97 = DIRECTION('',(0.,-1.));
#98 = ( GEOMETRIC_REPRESENTATION_CONTEXT(2) 
PARAMETRIC_REPRESENTATION_CONTEXT() REPRESENTATION_CONTEXT('2D SPACE',''
  ) );
#99 = PCURVE('',#100,#105);
#100 = PLANE('',#101);
#101 = AXIS2_PLACEMENT_3D('',#102,#103,#104);
#102 = CARTESIAN_POINT('',(0.,0.,0.));
#103 = DIRECTION('',(0.,0.,1.));
#104 = DIRECTION('',(1.,0.,-0.));
#105 = DEFINITIONAL_REPRESENTATION('',(#106),#110);
#106 = LINE('',#107,#108);
#107 = CARTESIAN_POINT('',(0.,0.));
#108 = VECTOR('',#109,1.);
#109 = DIRECTION('',(0.,1.));
#110 = ( GEOMETRIC_REPRESENTATION_CONTEXT(2) 
PARAMETRIC_REPRESENTATION_CONTEXT() REPRESENTATION_CONTEXT('2D SPACE',''
  ) );
#111 = ORIENTED_EDGE('',*,*,#112,.T.);
#112 = EDGE_CURVE('',#85,#24,#113,.T.);
#113 = SURFACE_CURVE('',#114,(#118,#125),.PCURVE_S1.);
#114 = LINE('',#115,#116);
#115 = CARTESIAN_POINT('',(-2.22044604925E-16,39.,0.));
#116 = VECTOR('',#117,1.);
#117 = DIRECTION('',(0.,0.,1.));
#118 = PCURVE('',#32,#119);
#119 = DEFINITIONAL_REPRESENTATION('',(#120),#124);
#120 = LINE('',#121,#122);
#121 = CARTESIAN_POINT('',(0.,-39.));
#122 = VECTOR('',#123,1.);
#123 = DIRECTION('',(1.,0.));
#124 = ( GEOMETRIC_REPRESENTATION_CONTEXT(2) 
PARAMETRIC_REPRESENTATION_CONTEXT() REPRESENTATION_CONTEXT('2D SPACE',''
  ) );
#125 = PCURVE('',#126,#131);
#126 = CYLINDRICAL_SURFACE('',#127,1.);
#127 = AXIS2_PLACEMENT_3D('',#128,#129,#130);
#128 = CARTESIAN_POINT('',(1.,39.,0.));
#129 = DIRECTION('',(0.,0.,1.));
#130 = DIRECTION('',(-1.,-0.,0.));
#131 = DEFINITIONAL_REPRESENTATION('',(#132),#136);
#132 = LINE('',#133,#134);
#133 = CARTESIAN_POINT('',(-0.,0.));
#134 = VECTOR('',#135,1.);
#135 = DIRECTION('',(-0.,1.));
#136 = ( GEOMETRIC_REPRESENTATION_CONTEXT(2) 
PARAMETRIC_REPRESENTATION_CONTEXT() REPRESENTATION_CONTEXT('2D SPACE',''
  ) );
#137 = ADVANCED_FACE('',(#138,#337,#368,#399,#430),#44,.T.);
#138 = FACE_BOUND('',#139,.T.);
#139 = EDGE_LOOP('',(#140,#141,#165,#193,#222,#250,#283,#311));
#140 = ORIENTED_EDGE('',*,*,#21,.F.);
#141 = ORIENTED_EDGE('',*,*,#142,.T.);
#142 = EDGE_CURVE('',#22,#143,#145,.T.);
#143 = VERTEX_POINT('',#144);
#144 = CARTESIAN_POINT('',(1.,-2.22044604925E-16,25.));
#145 = SURFACE_CURVE('',#146,(#151,#158),.PCURVE_S1.);
#146 = CIRCLE('',#147,1.);
#147 = AXIS2_PLACEMENT_3D('',#148,#149,#150);
#148 = CARTESIAN_POINT('',(1.,1.,25.));
#149 = DIRECTION('',(0.,0.,1.));
#150 = DIRECTION('',(0.,-1.,0.));
#151 = PCURVE('',#44,#152);
#152 = DEFINITIONAL_REPRESENTATION('',(#153),#157);
#153 = CIRCLE('',#154,1.);
#154 = AXIS2_PLACEMENT_2D('',#155,#156);
#155 = CARTESIAN_POINT('',(1.,1.));
#156 = DIRECTION('',(0.,-1.));
#157 = ( GEOMETRIC_REPRESENTATION_CONTEXT(2) 
PARAMETRIC_REPRESENTATION_CONTEXT() REPRESENTATION_CONTEXT('2D SPACE',''
  ) );
#158 = PCURVE('',#72,#159);
#159 = DEFINITIONAL_REPRESENTATION('',(#160),#164);
#160 = LINE('',#161,#162);
#161 = CARTESIAN_POINT('',(-4.712388980385,25.));
#162 = VECTOR('',#163,1.);
#163 = DIRECTION('',(1.,0.));
#164 = ( GEOMETRIC_REPRESENTATION_CONTEXT(2) 
PARAMETRIC_REPRESENTATION_CONTEXT() REPRESENTATION_CONTEXT('2D SPACE',''
  ) );
#165 = ORIENTED_EDGE('',*,*,#166,.T.);
#166 = EDGE_CURVE('',#143,#167,#169,.T.);
#167 = VERTEX_POINT('',#168);
#168 = CARTESIAN_POINT('',(59.,-2.22044604925E-16,25.));
#169 = SURFACE_CURVE('',#170,(#174,#181),.PCURVE_S1.);
#170 = LINE('',#171,#172);
#171 = CARTESIAN_POINT('',(0.,0.,25.));
#172 = VECTOR('',#173,1.);
#173 = DIRECTION('',(1.,0.,-0.));
#174 = PCURVE('',#44,#175);
#175 = DEFINITIONAL_REPRESENTATION('',(#176),#180);
#176 = LINE('',#177,#178);
#177 = CARTESIAN_POINT('',(0.,0.));
#178 = VECTOR('',#179,1.);
#179 = DIRECTION('',(1.,0.));
#180 = ( GEOMETRIC_REPRESENTATION_CONTEXT(2) 
PARAMETRIC_REPRESENTATION_CONTEXT() REPRESENTATION_CONTEXT('2D SPACE',''
  ) );
#181 = PCURVE('',#182,#187);
#182 = PLANE('',#183);
#183 = AXIS2_PLACEMENT_3D('',#184,#185,#186);
#184 = CARTESIAN_POINT('',(0.,0.,0.));
#185 = DIRECTION('',(-0.,1.,0.));
#186 = DIRECTION('',(0.,0.,1.));
#187 = DEFINITIONAL_REPRESENTATION('',(#188),#192);
#188 = LINE('',#189,#190);
#189 = CARTESIAN_POINT('',(25.,0.));
#190 = VECTOR('',#191,1.);
#191 = DIRECTION('',(0.,1.));
#192 = ( GEOMETRIC_REPRESENTATION_CONTEXT(2) 
PARAMETRIC_REPRESENTATION_CONTEXT() REPRESENTATION_CONTEXT('2D SPACE',''
  ) );
#193 = ORIENTED_EDGE('',*,*,#194,.T.);
#194 = EDGE_CURVE('',#167,#195,#197,.T.);
#195 = VERTEX_POINT('',#196);
#196 = CARTESIAN_POINT('',(60.,1.,25.));
#197 = SURFACE_CURVE('',#198,(#203,#210),.PCURVE_S1.);
#198 = CIRCLE('',#199,1.);
#199 = AXIS2_PLACEMENT_3D('',#200,#201,#202);
#200 = CARTESIAN_POINT('',(59.,1.,25.));
#201 = DIRECTION('',(0.,0.,1.));
#202 = DIRECTION('',(0.,-1.,0.));
#203 = PCURVE('',#44,#204);
#204 = DEFINITIONAL_REPRESENTATION('',(#205),#209);
#205 = CIRCLE('',#206,1.);
#206 = AXIS2_PLACEMENT_2D('',#207,#208);
#207 = CARTESIAN_POINT('',(59.,1.));
#208 = DIRECTION('',(0.,-1.));
#209 = ( GEOMETRIC_REPRESENTATION_CONTEXT(2) 
PARAMETRIC_REPRESENTATION_CONTEXT() REPRESENTATION_CONTEXT('2D SPACE',''
  ) );
#210 = PCURVE('',#211,#216);
#211 = CYLINDRICAL_SURFACE('',#212,1.);
#212 = AXIS2_PLACEMENT_3D('',#213,#214,#215);
#213 = CARTESIAN_POINT('',(59.,1.,0.));
#214 = DIRECTION('',(0.,0.,1.));
#215 = DIRECTION('',(0.,-1.,0.));
#216 = DEFINITIONAL_REPRESENTATION('',(#217),#221);
#217 = LINE('',#218,#219);
#218 = CARTESIAN_POINT('',(0.,25.));
#219 = VECTOR('',#220,1.);
#220 = DIRECTION('',(1.,0.));
#221 = ( GEOMETRIC_REPRESENTATION_CONTEXT(2) 
PARAMETRIC_REPRESENTATION_CONTEXT() REPRESENTATION_CONTEXT('2D SPACE',''
  ) );
#222 = ORIENTED_EDGE('',*,*,#223,.T.);
#223 = EDGE_CURVE('',#195,#224,#226,.T.);
#224 = VERTEX_POINT('',#225);
#225 = CARTESIAN_POINT('',(60.,39.,25.));
#226 = SURFACE_CURVE('',#227,(#231,#238),.PCURVE_S1.);
#227 = LINE('',#228,#229);
#228 = CARTESIAN_POINT('',(60.,0.,25.));
#229 = VECTOR('',#230,1.);
#230 = DIRECTION('',(-0.,1.,0.));
#231 = PCURVE('',#44,#232);
#232 = DEFINITIONAL_REPRESENTATION('',(#233),#237);
#233 = LINE('',#234,#235);
#234 = CARTESIAN_POINT('',(60.,0.));
#235 = VECTOR('',#236,1.);
#236 = DIRECTION('',(0.,1.));
#237 = ( GEOMETRIC_REPRESENTATION_CONTEXT(2) 
PARAMETRIC_REPRESENTATION_CONTEXT() REPRESENTATION_CONTEXT('2D SPACE',''
  ) );
#238 = PCURVE('',#239,#244);
#239 = PLANE('',#240);
#240 = AXIS2_PLACEMENT_3D('',#241,#242,#243);
#241 = CARTESIAN_POINT('',(60.,0.,0.));
#242 = DIRECTION('',(1.,0.,-0.));
#243 = DIRECTION('',(0.,0.,1.));
#244 = DEFINITIONAL_REPRESENTATION('',(#245),#249);
#245 = LINE('',#246,#247);
#246 = CARTESIAN_POINT('',(25.,0.));
#247 = VECTOR('',#248,1.);
#248 = DIRECTION('',(0.,-1.));
#249 = ( GEOMETRIC_REPRESENTATION_CONTEXT(2) 
PARAMETRIC_REPRESENTATION_CONTEXT() REPRESENTATION_CONTEXT('2D SPACE',''
  ) );
#250 = ORIENTED_EDGE('',*,*,#251,.F.);
#251 = EDGE_CURVE('',#252,#224,#254,.T.);
#252 = VERTEX_POINT('',#253);
#253 = CARTESIAN_POINT('',(59.,40.,25.));
#254 = SURFACE_CURVE('',#255,(#260,#271),.PCURVE_S1.);
#255 = CIRCLE('',#256,1.);
#256 = AXIS2_PLACEMENT_3D('',#257,#258,#259);
#257 = CARTESIAN_POINT('',(59.,39.,25.));
#258 = DIRECTION('',(-0.,-0.,-1.));
#259 = DIRECTION('',(0.,-1.,0.));
#260 = PCURVE('',#44,#261);
#261 = DEFINITIONAL_REPRESENTATION('',(#262),#270);
#262 = ( BOUNDED_CURVE() B_SPLINE_CURVE(2,(#263,#264,#265,#266,#267,#268
,#269),.UNSPECIFIED.,.T.,.F.) B_SPLINE_CURVE_WITH_KNOTS((1,2,2,2,2,1),(
    -2.094395102393,0.,2.094395102393,4.188790204786,6.28318530718,
8.377580409573),.UNSPECIFIED.) CURVE() GEOMETRIC_REPRESENTATION_ITEM() 
RATIONAL_B_SPLINE_CURVE((1.,0.5,1.,0.5,1.,0.5,1.)) REPRESENTATION_ITEM(
  '') );
#263 = CARTESIAN_POINT('',(59.,38.));
#264 = CARTESIAN_POINT('',(57.267949192431,38.));
#265 = CARTESIAN_POINT('',(58.133974596216,39.5));
#266 = CARTESIAN_POINT('',(59.,41.));
#267 = CARTESIAN_POINT('',(59.866025403784,39.5));
#268 = CARTESIAN_POINT('',(60.732050807569,38.));
#269 = CARTESIAN_POINT('',(59.,38.));
#270 = ( GEOMETRIC_REPRESENTATION_CONTEXT(2) 
PARAMETRIC_REPRESENTATION_CONTEXT() REPRESENTATION_CONTEXT('2D SPACE',''
  ) );
#271 = PCURVE('',#272,#277);
#272 = CYLINDRICAL_SURFACE('',#273,1.);
#273 = AXIS2_PLACEMENT_3D('',#274,#275,#276);
#274 = CARTESIAN_POINT('',(59.,39.,0.));
#275 = DIRECTION('',(0.,0.,1.));
#276 = DIRECTION('',(-0.,1.,0.));
#277 = DEFINITIONAL_REPRESENTATION('',(#278),#282);
#278 = LINE('',#279,#280);
#279 = CARTESIAN_POINT('',(3.14159265359,25.));
#280 = VECTOR('',#281,1.);
#281 = DIRECTION('',(-1.,0.));
#282 = ( GEOMETRIC_REPRESENTATION_CONTEXT(2) 
PARAMETRIC_REPRESENTATION_CONTEXT() REPRESENTATION_CONTEXT('2D SPACE',''
  ) );
#283 = ORIENTED_EDGE('',*,*,#284,.F.);
#284 = EDGE_CURVE('',#285,#252,#287,.T.);
#285 = VERTEX_POINT('',#286);
#286 = CARTESIAN_POINT('',(1.,40.,25.));
#287 = SURFACE_CURVE('',#288,(#292,#299),.PCURVE_S1.);
#288 = LINE('',#289,#290);
#289 = CARTESIAN_POINT('',(0.,40.,25.));
#290 = VECTOR('',#291,1.);
#291 = DIRECTION('',(1.,0.,-0.));
#292 = PCURVE('',#44,#293);
#293 = DEFINITIONAL_REPRESENTATION('',(#294),#298);
#294 = LINE('',#295,#296);
#295 = CARTESIAN_POINT('',(0.,40.));
#296 = VECTOR('',#297,1.);
#297 = DIRECTION('',(1.,0.));
#298 = ( GEOMETRIC_REPRESENTATION_CONTEXT(2) 
PARAMETRIC_REPRESENTATION_CONTEXT() REPRESENTATION_CONTEXT('2D SPACE',''
  ) );
#299 = PCURVE('',#300,#305);
#300 = PLANE('',#301);
#301 = AXIS2_PLACEMENT_3D('',#302,#303,#304);
#302 = CARTESIAN_POINT('',(0.,40.,0.));
#303 = DIRECTION('',(-0.,1.,0.));
#304 = DIRECTION('',(0.,0.,1.));
#305 = DEFINITIONAL_REPRESENTATION('',(#306),#310);
#306 = LINE('',#307,#308);
#307 = CARTESIAN_POINT('',(25.,0.));
#308 = VECTOR('',#309,1.);
#309 = DIRECTION('',(0.,1.));
#310 = ( GEOMETRIC_REPRESENTATION_CONTEXT(2) 
PARAMETRIC_REPRESENTATION_CONTEXT() REPRESENTATION_CONTEXT('2D SPACE',''
  ) );
#311 = ORIENTED_EDGE('',*,*,#312,.F.);
#312 = EDGE_CURVE('',#24,#285,#313,.T.);
#313 = SURFACE_CURVE('',#314,(#319,#330),.PCURVE_S1.);
#314 = CIRCLE('',#315,1.);
#315 = AXIS2_PLACEMENT_3D('',#316,#317,#318);
#316 = CARTESIAN_POINT('',(1.,39.,25.));
#317 = DIRECTION('',(-0.,-0.,-1.));
#318 = DIRECTION('',(0.,-1.,0.));
#319 = PCURVE('',#44,#320);
#320 = DEFINITIONAL_REPRESENTATION('',(#321),#329);
#321 = ( BOUNDED_CURVE() B_SPLINE_CURVE(2,(#322,#323,#324,#325,#326,#327
,#328),.UNSPECIFIED.,.T.,.F.) B_SPLINE_CURVE_WITH_KNOTS((1,2,2,2,2,1),(
    -2.094395102393,0.,2.094395102393,4.188790204786,6.28318530718,
8.377580409573),.UNSPECIFIED.) CURVE() GEOMETRIC_REPRESENTATION_ITEM() 
RATIONAL_B_SPLINE_CURVE((1.,0.5,1.,0.5,1.,0.5,1.)) REPRESENTATION_ITEM(
  '') );
#322 = CARTESIAN_POINT('',(1.,38.));
#323 = CARTESIAN_POINT('',(-0.732050807569,38.));
#324 = CARTESIAN_POINT('',(0.133974596216,39.5));
#325 = CARTESIAN_POINT('',(1.,41.));
#326 = CARTESIAN_POINT('',(1.866025403784,39.5));
#327 = CARTESIAN_POINT('',(2.732050807569,38.));
#328 = CARTESIAN_POINT('',(1.,38.));
#329 = ( GEOMETRIC_REPRESENTATION_CONTEXT(2) 
PARAMETRIC_REPRESENTATION_CONTEXT() REPRESENTATION_CONTEXT('2D SPACE',''
  ) );
#330 = PCURVE('',#126,#331);
#331 = DEFINITIONAL_REPRESENTATION('',(#332),#336);
#332 = LINE('',#333,#334);
#333 = CARTESIAN_POINT('',(1.570796326795,25.));
#334 = VECTOR('',#335,1.);
#335 = DIRECTION('',(-1.,0.));
#336 = ( GEOMETRIC_REPRESENTATION_CONTEXT(2) 
PARAMETRIC_REPRESENTATION_CONTEXT() REPRESENTATION_CONTEXT('2D SPACE',''
  ) );
#337 = FACE_BOUND('',#338,.T.);
#338 = EDGE_LOOP('',(#339));
#339 = ORIENTED_EDGE('',*,*,#340,.F.);
#340 = EDGE_CURVE('',#341,#341,#343,.T.);
#341 = VERTEX_POINT('',#342);
#342 = CARTESIAN_POINT('',(2.25,1.25,25.));
#343 = SURFACE_CURVE('',#344,(#349,#356),.PCURVE_S1.);
#344 = CIRCLE('',#345,1.);
#345 = AXIS2_PLACEMENT_3D('',#346,#347,#348);
#346 = CARTESIAN_POINT('',(1.25,1.25,25.));
#347 = DIRECTION('',(0.,0.,1.));
#348 = DIRECTION('',(1.,0.,-0.));
#349 = PCURVE('',#44,#350);
#350 = DEFINITIONAL_REPRESENTATION('',(#351),#355);
#351 = CIRCLE('',#352,1.);
#352 = AXIS2_PLACEMENT_2D('',#353,#354);
#353 = CARTESIAN_POINT('',(1.25,1.25));
#354 = DIRECTION('',(1.,0.));
#355 = ( GEOMETRIC_REPRESENTATION_CONTEXT(2) 
PARAMETRIC_REPRESENTATION_CONTEXT() REPRESENTATION_CONTEXT('2D SPACE',''
  ) );
#356 = PCURVE('',#357,#362);
#357 = CYLINDRICAL_SURFACE('',#358,1.);
#358 = AXIS2_PLACEMENT_3D('',#359,#360,#361);
#359 = CARTESIAN_POINT('',(1.25,1.25,-1.));
#360 = DIRECTION('',(0.,0.,1.));
#361 = DIRECTION('',(1.,0.,-0.));
#362 = DEFINITIONAL_REPRESENTATION('',(#363),#367);
#363 = LINE('',#364,#365);
#364 = CARTESIAN_POINT('',(0.,26.));
#365 = VECTOR('',#366,1.);
#366 = DIRECTION('',(1.,0.));
#367 = ( GEOMETRIC_REPRESENTATION_CONTEXT(2) 
PARAMETRIC_REPRESENTATION_CONTEXT() REPRESENTATION_CONTEXT('2D SPACE',''
  ) );
#368 = FACE_BOUND('',#369,.T.);
#369 = EDGE_LOOP('',(#370));
#370 = ORIENTED_EDGE('',*,*,#371,.F.);
#371 = EDGE_CURVE('',#372,#372,#374,.T.);
#372 = VERTEX_POINT('',#373);
#373 = CARTESIAN_POINT('',(59.75,1.25,25.));
#374 = SURFACE_CURVE('',#375,(#380,#387),.PCURVE_S1.);
#375 = CIRCLE('',#376,1.);
#376 = AXIS2_PLACEMENT_3D('',#377,#378,#379);
#377 = CARTESIAN_POINT('',(58.75,1.25,25.));
#378 = DIRECTION('',(0.,0.,1.));
#379 = DIRECTION('',(1.,0.,-0.));
#380 = PCURVE('',#44,#381);
#381 = DEFINITIONAL_REPRESENTATION('',(#382),#386);
#382 = CIRCLE('',#383,1.);
#383 = AXIS2_PLACEMENT_2D('',#384,#385);
#384 = CARTESIAN_POINT('',(58.75,1.25));
#385 = DIRECTION('',(1.,0.));
#386 = ( GEOMETRIC_REPRESENTATION_CONTEXT(2) 
PARAMETRIC_REPRESENTATION_CONTEXT() REPRESENTATION_CONTEXT('2D SPACE',''
  ) );
#387 = PCURVE('',#388,#393);
#388 = CYLINDRICAL_SURFACE('',#389,1.);
#389 = AXIS2_PLACEMENT_3D('',#390,#391,#392);
#390 = CARTESIAN_POINT('',(58.75,1.25,-1.));
#391 = DIRECTION('',(0.,0.,1.));
#392 = DIRECTION('',(1.,0.,-0.));
#393 = DEFINITIONAL_REPRESENTATION('',(#394),#398);
#394 = LINE('',#395,#396);
#395 = CARTESIAN_POINT('',(0.,26.));
#396 = VECTOR('',#397,1.);
#397 = DIRECTION('',(1.,0.));
#398 = ( GEOMETRIC_REPRESENTATION_CONTEXT(2) 
PARAMETRIC_REPRESENTATION_CONTEXT() REPRESENTATION_CONTEXT('2D SPACE',''
  ) );
#399 = FACE_BOUND('',#400,.T.);
#400 = EDGE_LOOP('',(#401));
#401 = ORIENTED_EDGE('',*,*,#402,.F.);
#402 = EDGE_CURVE('',#403,#403,#405,.T.);
#403 = VERTEX_POINT('',#404);
#404 = CARTESIAN_POINT('',(2.25,38.75,25.));
#405 = SURFACE_CURVE('',#406,(#411,#418),.PCURVE_S1.);
#406 = CIRCLE('',#407,1.);
#407 = AXIS2_PLACEMENT_3D('',#408,#409,#410);
#408 = CARTESIAN_POINT('',(1.25,38.75,25.));
#409 = DIRECTION('',(0.,0.,1.));
#410 = DIRECTION('',(1.,0.,-0.));
#411 = PCURVE('',#44,#412);
#412 = DEFINITIONAL_REPRESENTATION('',(#413),#417);
#413 = CIRCLE('',#414,1.);
#414 = AXIS2_PLACEMENT_2D('',#415,#416);
#415 = CARTESIAN_POINT('',(1.25,38.75));
#416 = DIRECTION('',(1.,0.));
#417 = ( GEOMETRIC_REPRESENTATION_CONTEXT(2) 
PARAMETRIC_REPRESENTATION_CONTEXT() REPRESENTATION_CONTEXT('2D SPACE',''
  ) );
#418 = PCURVE('',#419,#424);
#419 = CYLINDRICAL_SURFACE('',#420,1.);
#420 = AXIS2_PLACEMENT_3D('',#421,#422,#423);
#421 = CARTESIAN_POINT('',(1.25,38.75,-1.));
#422 = DIRECTION('',(0.,0.,1.));
#423 = DIRECTION('',(1.,0.,-0.));
#424 = DEFINITIONAL_REPRESENTATION('',(#425),#429);
#425 = LINE('',#426,#427);
#426 = CARTESIAN_POINT('',(0.,26.));
#427 = VECTOR('',#428,1.);
#428 = DIRECTION('',(1.,0.));
#429 = ( GEOMETRIC_REPRESENTATION_CONTEXT(2) 
PARAMETRIC_REPRESENTATION_CONTEXT() REPRESENTATION_CONTEXT('2D SPACE',''
  ) );
#430 = FACE_BOUND('',#431,.T.);
#431 = EDGE_LOOP('',(#432));
#432 = ORIENTED_EDGE('',*,*,#433,.F.);
#433 = EDGE_CURVE('',#434,#434,#436,.T.);
#434 = VERTEX_POINT('',#435);
#435 = CARTESIAN_POINT('',(59.75,38.75,25.));
#436 = SURFACE_CURVE('',#437,(#442,#449),.PCURVE_S1.);
#437 = CIRCLE('',#438,1.);
#438 = AXIS2_PLACEMENT_3D('',#439,#440,#441);
#439 = CARTESIAN_POINT('',(58.75,38.75,25.));
#440 = DIRECTION('',(0.,0.,1.));
#441 = DIRECTION('',(1.,0.,-0.));
#442 = PCURVE('',#44,#443);
#443 = DEFINITIONAL_REPRESENTATION('',(#444),#448);
#444 = CIRCLE('',#445,1.);
#445 = AXIS2_PLACEMENT_2D('',#446,#447);
#446 = CARTESIAN_POINT('',(58.75,38.75));
#447 = DIRECTION('',(1.,0.));
#448 = ( GEOMETRIC_REPRESENTATION_CONTEXT(2) 
PARAMETRIC_REPRESENTATION_CONTEXT() REPRESENTATION_CONTEXT('2D SPACE',''
  ) );
#449 = PCURVE('',#450,#455);
#450 = CYLINDRICAL_SURFACE('',#451,1.);
#451 = AXIS2_PLACEMENT_3D('',#452,#453,#454);
#452 = CARTESIAN_POINT('',(58.75,38.75,-1.));
#453 = DIRECTION('',(0.,0.,1.));
#454 = DIRECTION('',(1.,0.,-0.));
#455 = DEFINITIONAL_REPRESENTATION('',(#456),#460);
#456 = LINE('',#457,#458);
#457 = CARTESIAN_POINT('',(0.,26.));
#458 = VECTOR('',#459,1.);
#459 = DIRECTION('',(1.,0.));
#460 = ( GEOMETRIC_REPRESENTATION_CONTEXT(2) 
PARAMETRIC_REPRESENTATION_CONTEXT() REPRESENTATION_CONTEXT('2D SPACE',''
  ) );
#461 = ADVANCED_FACE('',(#462),#72,.T.);
#462 = FACE_BOUND('',#463,.T.);
#463 = EDGE_LOOP('',(#464,#488,#509,#510));
#464 = ORIENTED_EDGE('',*,*,#465,.T.);
#465 = EDGE_CURVE('',#57,#466,#468,.T.);
#466 = VERTEX_POINT('',#467);
#467 = CARTESIAN_POINT('',(1.,-2.22044604925E-16,0.));
#468 = SURFACE_CURVE('',#469,(#474,#481),.PCURVE_S1.);
#469 = CIRCLE('',#470,1.);
#470 = AXIS2_PLACEMENT_3D('',#471,#472,#473);
#471 = CARTESIAN_POINT('',(1.,1.,0.));
#472 = DIRECTION('',(0.,0.,1.));
#473 = DIRECTION('',(0.,-1.,0.));
#474 = PCURVE('',#72,#475);
#475 = DEFINITIONAL_REPRESENTATION('',(#476),#480);
#476 = LINE('',#477,#478);
#477 = CARTESIAN_POINT('',(-4.712388980385,0.));
#478 = VECTOR('',#479,1.);
#479 = DIRECTION('',(1.,0.));
#480 = ( GEOMETRIC_REPRESENTATION_CONTEXT(2) 
PARAMETRIC_REPRESENTATION_CONTEXT() REPRESENTATION_CONTEXT('2D SPACE',''
  ) );
#481 = PCURVE('',#100,#482);
#482 = DEFINITIONAL_REPRESENTATION('',(#483),#487);
#483 = CIRCLE('',#484,1.);
#484 = AXIS2_PLACEMENT_2D('',#485,#486);
#485 = CARTESIAN_POINT('',(1.,1.));
#486 = DIRECTION('',(0.,-1.));
#487 = ( GEOMETRIC_REPRESENTATION_CONTEXT(2) 
PARAMETRIC_REPRESENTATION_CONTEXT() REPRESENTATION_CONTEXT('2D SPACE',''
  ) );
#488 = ORIENTED_EDGE('',*,*,#489,.T.);
#489 = EDGE_CURVE('',#466,#143,#490,.T.);
#490 = SURFACE_CURVE('',#491,(#495,#502),.PCURVE_S1.);
#491 = LINE('',#492,#493);
#492 = CARTESIAN_POINT('',(1.,-2.22044604925E-16,0.));
#493 = VECTOR('',#494,1.);
#494 = DIRECTION('',(0.,0.,1.));
#495 = PCURVE('',#72,#496);
#496 = DEFINITIONAL_REPRESENTATION('',(#497),#501);
#497 = LINE('',#498,#499);
#498 = CARTESIAN_POINT('',(1.570796326795,0.));
#499 = VECTOR('',#500,1.);
#500 = DIRECTION('',(0.,1.));
#501 = ( GEOMETRIC_REPRESENTATION_CONTEXT(2) 
PARAMETRIC_REPRESENTATION_CONTEXT() REPRESENTATION_CONTEXT('2D SPACE',''
  ) );
#502 = PCURVE('',#182,#503);
#503 = DEFINITIONAL_REPRESENTATION('',(#504),#508);
#504 = LINE('',#505,#506);
#505 = CARTESIAN_POINT('',(0.,1.));
#506 = VECTOR('',#507,1.);
#507 = DIRECTION('',(1.,0.));
#508 = ( GEOMETRIC_REPRESENTATION_CONTEXT(2) 
PARAMETRIC_REPRESENTATION_CONTEXT() REPRESENTATION_CONTEXT('2D SPACE',''
  ) );
#509 = ORIENTED_EDGE('',*,*,#142,.F.);
#510 = ORIENTED_EDGE('',*,*,#56,.F.);
#511 = ADVANCED_FACE('',(#512),#126,.T.);
#512 = FACE_BOUND('',#513,.F.);
#513 = EDGE_LOOP('',(#514,#542,#563,#564));
#514 = ORIENTED_EDGE('',*,*,#515,.T.);
#515 = EDGE_CURVE('',#85,#516,#518,.T.);
#516 = VERTEX_POINT('',#517);
#517 = CARTESIAN_POINT('',(1.,40.,0.));
#518 = SURFACE_CURVE('',#519,(#524,#531),.PCURVE_S1.);
#519 = CIRCLE('',#520,1.);
#520 = AXIS2_PLACEMENT_3D('',#521,#522,#523);
#521 = CARTESIAN_POINT('',(1.,39.,0.));
#522 = DIRECTION('',(-0.,-0.,-1.));
#523 = DIRECTION('',(0.,-1.,0.));
#524 = PCURVE('',#126,#525);
#525 = DEFINITIONAL_REPRESENTATION('',(#526),#530);
#526 = LINE('',#527,#528);
#527 = CARTESIAN_POINT('',(1.570796326795,-0.));
#528 = VECTOR('',#529,1.);
#529 = DIRECTION('',(-1.,0.));
#530 = ( GEOMETRIC_REPRESENTATION_CONTEXT(2) 
PARAMETRIC_REPRESENTATION_CONTEXT() REPRESENTATION_CONTEXT('2D SPACE',''
  ) );
#531 = PCURVE('',#100,#532);
#532 = DEFINITIONAL_REPRESENTATION('',(#533),#541);
#533 = ( BOUNDED_CURVE() B_SPLINE_CURVE(2,(#534,#535,#536,#537,#538,#539
,#540),.UNSPECIFIED.,.T.,.F.) B_SPLINE_CURVE_WITH_KNOTS((1,2,2,2,2,1),(
    -2.094395102393,0.,2.094395102393,4.188790204786,6.28318530718,
8.377580409573),.UNSPECIFIED.) CURVE() GEOMETRIC_REPRESENTATION_ITEM() 
RATIONAL_B_SPLINE_CURVE((1.,0.5,1.,0.5,1.,0.5,1.)) REPRESENTATION_ITEM(
  '') );
#534 = CARTESIAN_POINT('',(1.,38.));
#535 = CARTESIAN_POINT('',(-0.732050807569,38.));
#536 = CARTESIAN_POINT('',(0.133974596216,39.5));
#537 = CARTESIAN_POINT('',(1.,41.));
#538 = CARTESIAN_POINT('',(1.866025403784,39.5));
#539 = CARTESIAN_POINT('',(2.732050807569,38.));
#540 = CARTESIAN_POINT('',(1.,38.));
#541 = ( GEOMETRIC_REPRESENTATION_CONTEXT(2) 
PARAMETRIC_REPRESENTATION_CONTEXT() REPRESENTATION_CONTEXT('2D SPACE',''
  ) );
#542 = ORIENTED_EDGE('',*,*,#543,.T.);
#543 = EDGE_CURVE('',#516,#285,#544,.T.);
#544 = SURFACE_CURVE('',#545,(#549,#556),.PCURVE_S1.);
#545 = LINE('',#546,#547);
#546 = CARTESIAN_POINT('',(1.,40.,0.));
#547 = VECTOR('',#548,1.);
#548 = DIRECTION('',(0.,0.,1.));
#549 = PCURVE('',#126,#550);
#550 = DEFINITIONAL_REPRESENTATION('',(#551),#555);
#551 = LINE('',#552,#553);
#552 = CARTESIAN_POINT('',(-1.570796326795,0.));
#553 = VECTOR('',#554,1.);
#554 = DIRECTION('',(-0.,1.));
#555 = ( GEOMETRIC_REPRESENTATION_CONTEXT(2) 
PARAMETRIC_REPRESENTATION_CONTEXT() REPRESENTATION_CONTEXT('2D SPACE',''
  ) );
#556 = PCURVE('',#300,#557);
#557 = DEFINITIONAL_REPRESENTATION('',(#558),#562);
#558 = LINE('',#559,#560);
#559 = CARTESIAN_POINT('',(0.,1.));
#560 = VECTOR('',#561,1.);
#561 = DIRECTION('',(1.,0.));
#562 = ( GEOMETRIC_REPRESENTATION_CONTEXT(2) 
PARAMETRIC_REPRESENTATION_CONTEXT() REPRESENTATION_CONTEXT('2D SPACE',''
  ) );
#563 = ORIENTED_EDGE('',*,*,#312,.F.);
#564 = ORIENTED_EDGE('',*,*,#112,.F.);
#565 = ADVANCED_FACE('',(#566,#690,#716,#742,#768),#100,.F.);
#566 = FACE_BOUND('',#567,.F.);
#567 = EDGE_LOOP('',(#568,#569,#570,#593,#617,#640,#668,#689));
#568 = ORIENTED_EDGE('',*,*,#84,.F.);
#569 = ORIENTED_EDGE('',*,*,#465,.T.);
#570 = ORIENTED_EDGE('',*,*,#571,.T.);
#571 = EDGE_CURVE('',#466,#572,#574,.T.);
#572 = VERTEX_POINT('',#573);
#573 = CARTESIAN_POINT('',(59.,-2.22044604925E-16,0.));
#574 = SURFACE_CURVE('',#575,(#579,#586),.PCURVE_S1.);
#575 = LINE('',#576,#577);
#576 = CARTESIAN_POINT('',(0.,0.,0.));
#577 = VECTOR('',#578,1.);
#578 = DIRECTION('',(1.,0.,-0.));
#579 = PCURVE('',#100,#580);
#580 = DEFINITIONAL_REPRESENTATION('',(#581),#585);
#581 = LINE('',#582,#583);
#582 = CARTESIAN_POINT('',(0.,0.));
#583 = VECTOR('',#584,1.);
#584 = DIRECTION('',(1.,0.));
#585 = ( GEOMETRIC_REPRESENTATION_CONTEXT(2) 
PARAMETRIC_REPRESENTATION_CONTEXT() REPRESENTATION_CONTEXT('2D SPACE',''
  ) );
#586 = PCURVE('',#182,#587);
#587 = DEFINITIONAL_REPRESENTATION('',(#588),#592);
#588 = LINE('',#589,#590);
#589 = CARTESIAN_POINT('',(0.,0.));
#590 = VECTOR('',#591,1.);
#591 = DIRECTION('',(0.,1.));
#592 = ( GEOMETRIC_REPRESENTATION_CONTEXT(2) 
PARAMETRIC_REPRESENTATION_CONTEXT() REPRESENTATION_CONTEXT('2D SPACE',''
  ) );
#593 = ORIENTED_EDGE('',*,*,#594,.T.);
#594 = EDGE_CURVE('',#572,#595,#597,.T.);
#595 = VERTEX_POINT('',#596);
#596 = CARTESIAN_POINT('',(60.,1.,0.));
#597 = SURFACE_CURVE('',#598,(#603,#610),.PCURVE_S1.);
#598 = CIRCLE('',#599,1.);
#599 = AXIS2_PLACEMENT_3D('',#600,#601,#602);
#600 = CARTESIAN_POINT('',(59.,1.,0.));
#601 = DIRECTION('',(0.,0.,1.));
#602 = DIRECTION('',(0.,-1.,0.));
#603 = PCURVE('',#100,#604);
#604 = DEFINITIONAL_REPRESENTATION('',(#605),#609);
#605 = CIRCLE('',#606,1.);
#606 = AXIS2_PLACEMENT_2D('',#607,#608);
#607 = CARTESIAN_POINT('',(59.,1.));
#608 = DIRECTION('',(0.,-1.));
#609 = ( GEOMETRIC_REPRESENTATION_CONTEXT(2) 
PARAMETRIC_REPRESENTATION_CONTEXT() REPRESENTATION_CONTEXT('2D SPACE',''
  ) );
#610 = PCURVE('',#211,#611);
#611 = DEFINITIONAL_REPRESENTATION('',(#612),#616);
#612 = LINE('',#613,#614);
#613 = CARTESIAN_POINT('',(0.,0.));
#614 = VECTOR('',#615,1.);
#615 = DIRECTION('',(1.,0.));
#616 = ( GEOMETRIC_REPRESENTATION_CONTEXT(2) 
PARAMETRIC_REPRESENTATION_CONTEXT() REPRESENTATION_CONTEXT('2D SPACE',''
  ) );
#617 = ORIENTED_EDGE('',*,*,#618,.T.);
#618 = EDGE_CURVE('',#595,#619,#621,.T.);
#619 = VERTEX_POINT('',#620);
#620 = CARTESIAN_POINT('',(60.,39.,0.));
#621 = SURFACE_CURVE('',#622,(#626,#633),.PCURVE_S1.);
#622 = LINE('',#623,#624);
#623 = CARTESIAN_POINT('',(60.,0.,0.));
#624 = VECTOR('',#625,1.);
#625 = DIRECTION('',(-0.,1.,0.));
#626 = PCURVE('',#100,#627);
#627 = DEFINITIONAL_REPRESENTATION('',(#628),#632);
#628 = LINE('',#629,#630);
#629 = CARTESIAN_POINT('',(60.,0.));
#630 = VECTOR('',#631,1.);
#631 = DIRECTION('',(0.,1.));
#632 = ( GEOMETRIC_REPRESENTATION_CONTEXT(2) 
PARAMETRIC_REPRESENTATION_CONTEXT() REPRESENTATION_CONTEXT('2D SPACE',''
  ) );
#633 = PCURVE('',#239,#634);
#634 = DEFINITIONAL_REPRESENTATION('',(#635),#639);
#635 = LINE('',#636,#637);
#636 = CARTESIAN_POINT('',(0.,0.));
#637 = VECTOR('',#638,1.);
#638 = DIRECTION('',(0.,-1.));
#639 = ( GEOMETRIC_REPRESENTATION_CONTEXT(2) 
PARAMETRIC_REPRESENTATION_CONTEXT() REPRESENTATION_CONTEXT('2D SPACE',''
  ) );
#640 = ORIENTED_EDGE('',*,*,#641,.F.);
#641 = EDGE_CURVE('',#642,#619,#644,.T.);
#642 = VERTEX_POINT('',#643);
#643 = CARTESIAN_POINT('',(59.,40.,0.));
#644 = SURFACE_CURVE('',#645,(#650,#661),.PCURVE_S1.);
#645 = CIRCLE('',#646,1.);
#646 = AXIS2_PLACEMENT_3D('',#647,#648,#649);
#647 = CARTESIAN_POINT('',(59.,39.,0.));
#648 = DIRECTION('',(-0.,-0.,-1.));
#649 = DIRECTION('',(0.,-1.,0.));
#650 = PCURVE('',#100,#651);
#651 = DEFINITIONAL_REPRESENTATION('',(#652),#660);
#652 = ( BOUNDED_CURVE() B_SPLINE_CURVE(2,(#653,#654,#655,#656,#657,#658
,#659),.UNSPECIFIED.,.T.,.F.) B_SPLINE_CURVE_WITH_KNOTS((1,2,2,2,2,1),(
    -2.094395102393,0.,2.094395102393,4.188790204786,6.28318530718,
8.377580409573),.UNSPECIFIED.) CURVE() GEOMETRIC_REPRESENTATION_ITEM() 
RATIONAL_B_SPLINE_CURVE((1.,0.5,1.,0.5,1.,0.5,1.)) REPRESENTATION_ITEM(
  '') );
#653 = CARTESIAN_POINT('',(59.,38.));
#654 = CARTESIAN_POINT('',(57.267949192431,38.));
#655 = CARTESIAN_POINT('',(58.133974596216,39.5));
#656 = CARTESIAN_POINT('',(59.,41.));
#657 = CARTESIAN_POINT('',(59.866025403784,39.5));
#658 = CARTESIAN_POINT('',(60.732050807569,38.));
#659 = CARTESIAN_POINT('',(59.,38.));
#660 = ( GEOMETRIC_REPRESENTATION_CONTEXT(2) 
PARAMETRIC_REPRESENTATION_CONTEXT() REPRESENTATION_CONTEXT('2D SPACE',''
  ) );
#661 = PCURVE('',#272,#662);
#662 = DEFINITIONAL_REPRESENTATION('',(#663),#667);
#663 = LINE('',#664,#665);
#664 = CARTESIAN_POINT('',(3.14159265359,-0.));
#665 = VECTOR('',#666,1.);
#666 = DIRECTION('',(-1.,0.));
#667 = ( GEOMETRIC_REPRESENTATION_CONTEXT(2) 
PARAMETRIC_REPRESENTATION_CONTEXT() REPRESENTATION_CONTEXT('2D SPACE',''
  ) );
#668 = ORIENTED_EDGE('',*,*,#669,.F.);
#669 = EDGE_CURVE('',#516,#642,#670,.T.);
#670 = SURFACE_CURVE('',#671,(#675,#682),.PCURVE_S1.);
#671 = LINE('',#672,#673);
#672 = CARTESIAN_POINT('',(0.,40.,0.));
#673 = VECTOR('',#674,1.);
#674 = DIRECTION('',(1.,0.,-0.));
#675 = PCURVE('',#100,#676);
#676 = DEFINITIONAL_REPRESENTATION('',(#677),#681);
#677 = LINE('',#678,#679);
#678 = CARTESIAN_POINT('',(0.,40.));
#679 = VECTOR('',#680,1.);
#680 = DIRECTION('',(1.,0.));
#681 = ( GEOMETRIC_REPRESENTATION_CONTEXT(2) 
PARAMETRIC_REPRESENTATION_CONTEXT() REPRESENTATION_CONTEXT('2D SPACE',''
  ) );
#682 = PCURVE('',#300,#683);
#683 = DEFINITIONAL_REPRESENTATION('',(#684),#688);
#684 = LINE('',#685,#686);
#685 = CARTESIAN_POINT('',(0.,0.));
#686 = VECTOR('',#687,1.);
#687 = DIRECTION('',(0.,1.));
#688 = ( GEOMETRIC_REPRESENTATION_CONTEXT(2) 
PARAMETRIC_REPRESENTATION_CONTEXT() REPRESENTATION_CONTEXT('2D SPACE',''
  ) );
#689 = ORIENTED_EDGE('',*,*,#515,.F.);
#690 = FACE_BOUND('',#691,.F.);
#691 = EDGE_LOOP('',(#692));
#692 = ORIENTED_EDGE('',*,*,#693,.F.);
#693 = EDGE_CURVE('',#694,#694,#696,.T.);
#694 = VERTEX_POINT('',#695);
#695 = CARTESIAN_POINT('',(2.25,1.25,0.));
#696 = SURFACE_CURVE('',#697,(#702,#709),.PCURVE_S1.);
#697 = CIRCLE('',#698,1.);
#698 = AXIS2_PLACEMENT_3D('',#699,#700,#701);
#699 = CARTESIAN_POINT('',(1.25,1.25,0.));
#700 = DIRECTION('',(0.,0.,1.));
#701 = DIRECTION('',(1.,0.,-0.));
#702 = PCURVE('',#100,#703);
#703 = DEFINITIONAL_REPRESENTATION('',(#704),#708);
#704 = CIRCLE('',#705,1.);
#705 = AXIS2_PLACEMENT_2D('',#706,#707);
#706 = CARTESIAN_POINT('',(1.25,1.25));
#707 = DIRECTION('',(1.,0.));
#708 = ( GEOMETRIC_REPRESENTATION_CONTEXT(2) 
PARAMETRIC_REPRESENTATION_CONTEXT() REPRESENTATION_CONTEXT('2D SPACE',''
  ) );
#709 = PCURVE('',#357,#710);
#710 = DEFINITIONAL_REPRESENTATION('',(#711),#715);
#711 = LINE('',#712,#713);
#712 = CARTESIAN_POINT('',(0.,1.));
#713 = VECTOR('',#714,1.);
#714 = DIRECTION('',(1.,0.));
#715 = ( GEOMETRIC_REPRESENTATION_CONTEXT(2) 
PARAMETRIC_REPRESENTATION_CONTEXT() REPRESENTATION_CONTEXT('2D SPACE',''
  ) );
#716 = FACE_BOUND('',#717,.F.);
#717 = EDGE_LOOP('',(#718));
#718 = ORIENTED_EDGE('',*,*,#719,.F.);
#719 = EDGE_CURVE('',#720,#720,#722,.T.);
#720 = VERTEX_POINT('',#721);
#721 = CARTESIAN_POINT('',(59.75,1.25,0.));
#722 = SURFACE_CURVE('',#723,(#728,#735),.PCURVE_S1.);
#723 = CIRCLE('',#724,1.);
#724 = AXIS2_PLACEMENT_3D('',#725,#726,#727);
#725 = CARTESIAN_POINT('',(58.75,1.25,0.));
#726 = DIRECTION('',(0.,0.,1.));
#727 = DIRECTION('',(1.,0.,-0.));
#728 = PCURVE('',#100,#729);
#729 = DEFINITIONAL_REPRESENTATION('',(#730),#734);
#730 = CIRCLE('',#731,1.);
#731 = AXIS2_PLACEMENT_2D('',#732,#733);
#732 = CARTESIAN_POINT('',(58.75,1.25));
#733 = DIRECTION('',(1.,0.));
#734 = ( GEOMETRIC_REPRESENTATION_CONTEXT(2) 
PARAMETRIC_REPRESENTATION_CONTEXT() REPRESENTATION_CONTEXT('2D SPACE',''
  ) );
#735 = PCURVE('',#388,#736);
#736 = DEFINITIONAL_REPRESENTATION('',(#737),#741);
#737 = LINE('',#738,#739);
#738 = CARTESIAN_POINT('',(0.,1.));
#739 = VECTOR('',#740,1.);
#740 = DIRECTION('',(1.,0.));
#741 = ( GEOMETRIC_REPRESENTATION_CONTEXT(2) 
PARAMETRIC_REPRESENTATION_CONTEXT() REPRESENTATION_CONTEXT('2D SPACE',''
  ) );
#742 = FACE_BOUND('',#743,.F.);
#743 = EDGE_LOOP('',(#744));
#744 = ORIENTED_EDGE('',*,*,#745,.F.);
#745 = EDGE_CURVE('',#746,#746,#748,.T.);
#746 = VERTEX_POINT('',#747);
#747 = CARTESIAN_POINT('',(2.25,38.75,0.));
#748 = SURFACE_CURVE('',#749,(#754,#761),.PCURVE_S1.);
#749 = CIRCLE('',#750,1.);
#750 = AXIS2_PLACEMENT_3D('',#751,#752,#753);
#751 = CARTESIAN_POINT('',(1.25,38.75,0.));
#752 = DIRECTION('',(0.,0.,1.));
#753 = DIRECTION('',(1.,0.,-0.));
#754 = PCURVE('',#100,#755);
#755 = DEFINITIONAL_REPRESENTATION('',(#756),#760);
#756 = CIRCLE('',#757,1.);
#757 = AXIS2_PLACEMENT_2D('',#758,#759);
#758 = CARTESIAN_POINT('',(1.25,38.75));
#759 = DIRECTION('',(1.,0.));
#760 = ( GEOMETRIC_REPRESENTATION_CONTEXT(2) 
PARAMETRIC_REPRESENTATION_CONTEXT() REPRESENTATION_CONTEXT('2D SPACE',''
  ) );
#761 = PCURVE('',#419,#762);
#762 = DEFINITIONAL_REPRESENTATION('',(#763),#767);
#763 = LINE('',#764,#765);
#764 = CARTESIAN_POINT('',(0.,1.));
#765 = VECTOR('',#766,1.);
#766 = DIRECTION('',(1.,0.));
#767 = ( GEOMETRIC_REPRESENTATION_CONTEXT(2) 
PARAMETRIC_REPRESENTATION_CONTEXT() REPRESENTATION_CONTEXT('2D SPACE',''
  ) );
#768 = FACE_BOUND('',#769,.F.);
#769 = EDGE_LOOP('',(#770));
#770 = ORIENTED_EDGE('',*,*,#771,.F.);
#771 = EDGE_CURVE('',#772,#772,#774,.T.);
#772 = VERTEX_POINT('',#773);
#773 = CARTESIAN_POINT('',(59.75,38.75,0.));
#774 = SURFACE_CURVE('',#775,(#780,#787),.PCURVE_S1.);
#775 = CIRCLE('',#776,1.);
#776 = AXIS2_PLACEMENT_3D('',#777,#778,#779);
#777 = CARTESIAN_POINT('',(58.75,38.75,0.));
#778 = DIRECTION('',(0.,0.,1.));
#779 = DIRECTION('',(1.,0.,-0.));
#780 = PCURVE('',#100,#781);
#781 = DEFINITIONAL_REPRESENTATION('',(#782),#786);
#782 = CIRCLE('',#783,1.);
#783 = AXIS2_PLACEMENT_2D('',#784,#785);
#784 = CARTESIAN_POINT('',(58.75,38.75));
#785 = DIRECTION('',(1.,0.));
#786 = ( GEOMETRIC_REPRESENTATION_CONTEXT(2) 
PARAMETRIC_REPRESENTATION_CONTEXT() REPRESENTATION_CONTEXT('2D SPACE',''
  ) );
#787 = PCURVE('',#450,#788);
#788 = DEFINITIONAL_REPRESENTATION('',(#789),#793);
#789 = LINE('',#790,#791);
#790 = CARTESIAN_POINT('',(0.,1.));
#791 = VECTOR('',#792,1.);
#792 = DIRECTION('',(1.,0.));
#793 = ( GEOMETRIC_REPRESENTATION_CONTEXT(2) 
PARAMETRIC_REPRESENTATION_CONTEXT() REPRESENTATION_CONTEXT('2D SPACE',''
  ) );
#794 = ADVANCED_FACE('',(#795,#821,#1023,#1225),#182,.F.);
#795 = FACE_BOUND('',#796,.F.);
#796 = EDGE_LOOP('',(#797,#798,#799,#800));
#797 = ORIENTED_EDGE('',*,*,#571,.F.);
#798 = ORIENTED_EDGE('',*,*,#489,.T.);
#799 = ORIENTED_EDGE('',*,*,#166,.T.);
#800 = ORIENTED_EDGE('',*,*,#801,.F.);
#801 = EDGE_CURVE('',#572,#167,#802,.T.);
#802 = SURFACE_CURVE('',#803,(#807,#814),.PCURVE_S1.);
#803 = LINE('',#804,#805);
#804 = CARTESIAN_POINT('',(59.,-2.22044604925E-16,0.));
#805 = VECTOR('',#806,1.);
#806 = DIRECTION('',(0.,0.,1.));
#807 = PCURVE('',#182,#808);
#808 = DEFINITIONAL_REPRESENTATION('',(#809),#813);
#809 = LINE('',#810,#811);
#810 = CARTESIAN_POINT('',(0.,59.));
#811 = VECTOR('',#812,1.);
#812 = DIRECTION('',(1.,0.));
#813 = ( GEOMETRIC_REPRESENTATION_CONTEXT(2) 
PARAMETRIC_REPRESENTATION_CONTEXT() REPRESENTATION_CONTEXT('2D SPACE',''
  ) );
#814 = PCURVE('',#211,#815);
#815 = DEFINITIONAL_REPRESENTATION('',(#816),#820);
#816 = LINE('',#817,#818);
#817 = CARTESIAN_POINT('',(0.,0.));
#818 = VECTOR('',#819,1.);
#819 = DIRECTION('',(0.,1.));
#820 = ( GEOMETRIC_REPRESENTATION_CONTEXT(2) 
PARAMETRIC_REPRESENTATION_CONTEXT() REPRESENTATION_CONTEXT('2D SPACE',''
  ) );
#821 = FACE_BOUND('',#822,.F.);
#822 = EDGE_LOOP('',(#823,#853,#881,#909,#930,#953,#981,#1004));
#823 = ORIENTED_EDGE('',*,*,#824,.T.);
#824 = EDGE_CURVE('',#825,#827,#829,.T.);
#825 = VERTEX_POINT('',#826);
#826 = CARTESIAN_POINT('',(10.,0.,8.));
#827 = VERTEX_POINT('',#828);
#828 = CARTESIAN_POINT('',(9.,-2.22044604925E-16,8.));
#829 = SURFACE_CURVE('',#830,(#834,#841),.PCURVE_S1.);
#830 = LINE('',#831,#832);
#831 = CARTESIAN_POINT('',(5.,0.,8.));
#832 = VECTOR('',#833,1.);
#833 = DIRECTION('',(-1.,-0.,0.));
#834 = PCURVE('',#182,#835);
#835 = DEFINITIONAL_REPRESENTATION('',(#836),#840);
#836 = LINE('',#837,#838);
#837 = CARTESIAN_POINT('',(8.,5.));
#838 = VECTOR('',#839,1.);
#839 = DIRECTION('',(0.,-1.));
#840 = ( GEOMETRIC_REPRESENTATION_CONTEXT(2) 
PARAMETRIC_REPRESENTATION_CONTEXT() REPRESENTATION_CONTEXT('2D SPACE',''
  ) );
#841 = PCURVE('',#842,#847);
#842 = PLANE('',#843);
#843 = AXIS2_PLACEMENT_3D('',#844,#845,#846);
#844 = CARTESIAN_POINT('',(10.,-1.,8.));
#845 = DIRECTION('',(0.,0.,1.));
#846 = DIRECTION('',(1.,0.,-0.));
#847 = DEFINITIONAL_REPRESENTATION('',(#848),#852);
#848 = LINE('',#849,#850);
#849 = CARTESIAN_POINT('',(-5.,1.));
#850 = VECTOR('',#851,1.);
#851 = DIRECTION('',(-1.,0.));
#852 = ( GEOMETRIC_REPRESENTATION_CONTEXT(2) 
PARAMETRIC_REPRESENTATION_CONTEXT() REPRESENTATION_CONTEXT('2D SPACE',''
  ) );
#853 = ORIENTED_EDGE('',*,*,#854,.T.);
#854 = EDGE_CURVE('',#827,#855,#857,.T.);
#855 = VERTEX_POINT('',#856);
#856 = CARTESIAN_POINT('',(9.,-2.22044604925E-16,6.));
#857 = SURFACE_CURVE('',#858,(#862,#869),.PCURVE_S1.);
#858 = LINE('',#859,#860);
#859 = CARTESIAN_POINT('',(9.,-2.22044604925E-16,8.));
#860 = VECTOR('',#861,1.);
#861 = DIRECTION('',(-0.,0.,-1.));
#862 = PCURVE('',#182,#863);
#863 = DEFINITIONAL_REPRESENTATION('',(#864),#868);
#864 = LINE('',#865,#866);
#865 = CARTESIAN_POINT('',(8.,9.));
#866 = VECTOR('',#867,1.);
#867 = DIRECTION('',(-1.,0.));
#868 = ( GEOMETRIC_REPRESENTATION_CONTEXT(2) 
PARAMETRIC_REPRESENTATION_CONTEXT() REPRESENTATION_CONTEXT('2D SPACE',''
  ) );
#869 = PCURVE('',#870,#875);
#870 = CYLINDRICAL_SURFACE('',#871,1.);
#871 = AXIS2_PLACEMENT_3D('',#872,#873,#874);
#872 = CARTESIAN_POINT('',(9.,1.,8.));
#873 = DIRECTION('',(-0.,0.,-1.));
#874 = DIRECTION('',(0.,-1.,-0.));
#875 = DEFINITIONAL_REPRESENTATION('',(#876),#880);
#876 = LINE('',#877,#878);
#877 = CARTESIAN_POINT('',(-0.,0.));
#878 = VECTOR('',#879,1.);
#879 = DIRECTION('',(-0.,1.));
#880 = ( GEOMETRIC_REPRESENTATION_CONTEXT(2) 
PARAMETRIC_REPRESENTATION_CONTEXT() REPRESENTATION_CONTEXT('2D SPACE',''
  ) );
#881 = ORIENTED_EDGE('',*,*,#882,.F.);
#882 = EDGE_CURVE('',#883,#855,#885,.T.);
#883 = VERTEX_POINT('',#884);
#884 = CARTESIAN_POINT('',(10.,0.,6.));
#885 = SURFACE_CURVE('',#886,(#890,#897),.PCURVE_S1.);
#886 = LINE('',#887,#888);
#887 = CARTESIAN_POINT('',(5.,0.,6.));
#888 = VECTOR('',#889,1.);
#889 = DIRECTION('',(-1.,-0.,0.));
#890 = PCURVE('',#182,#891);
#891 = DEFINITIONAL_REPRESENTATION('',(#892),#896);
#892 = LINE('',#893,#894);
#893 = CARTESIAN_POINT('',(6.,5.));
#894 = VECTOR('',#895,1.);
#895 = DIRECTION('',(0.,-1.));
#896 = ( GEOMETRIC_REPRESENTATION_CONTEXT(2) 
PARAMETRIC_REPRESENTATION_CONTEXT() REPRESENTATION_CONTEXT('2D SPACE',''
  ) );
#897 = PCURVE('',#898,#903);
#898 = PLANE('',#899);
#899 = AXIS2_PLACEMENT_3D('',#900,#901,#902);
#900 = CARTESIAN_POINT('',(10.,-1.,6.));
#901 = DIRECTION('',(0.,0.,1.));
#902 = DIRECTION('',(1.,0.,-0.));
#903 = DEFINITIONAL_REPRESENTATION('',(#904),#908);
#904 = LINE('',#905,#906);
#905 = CARTESIAN_POINT('',(-5.,1.));
#906 = VECTOR('',#907,1.);
#907 = DIRECTION('',(-1.,0.));
#908 = ( GEOMETRIC_REPRESENTATION_CONTEXT(2) 
PARAMETRIC_REPRESENTATION_CONTEXT() REPRESENTATION_CONTEXT('2D SPACE',''
  ) );
#909 = ORIENTED_EDGE('',*,*,#910,.T.);
#910 = EDGE_CURVE('',#883,#911,#913,.T.);
#911 = VERTEX_POINT('',#912);
#912 = CARTESIAN_POINT('',(50.,0.,6.));
#913 = SURFACE_CURVE('',#914,(#918,#924),.PCURVE_S1.);
#914 = LINE('',#915,#916);
#915 = CARTESIAN_POINT('',(5.,0.,6.));
#916 = VECTOR('',#917,1.);
#917 = DIRECTION('',(1.,0.,-0.));
#918 = PCURVE('',#182,#919);
#919 = DEFINITIONAL_REPRESENTATION('',(#920),#923);
#920 = B_SPLINE_CURVE_WITH_KNOTS('',1,(#921,#922),.UNSPECIFIED.,.F.,.F.,
  (2,2),(5.,45.),.PIECEWISE_BEZIER_KNOTS.);
#921 = CARTESIAN_POINT('',(6.,10.));
#922 = CARTESIAN_POINT('',(6.,50.));
#923 = ( GEOMETRIC_REPRESENTATION_CONTEXT(2) 
PARAMETRIC_REPRESENTATION_CONTEXT() REPRESENTATION_CONTEXT('2D SPACE',''
  ) );
#924 = PCURVE('',#898,#925);
#925 = DEFINITIONAL_REPRESENTATION('',(#926),#929);
#926 = B_SPLINE_CURVE_WITH_KNOTS('',1,(#927,#928),.UNSPECIFIED.,.F.,.F.,
  (2,2),(5.,45.),.PIECEWISE_BEZIER_KNOTS.);
#927 = CARTESIAN_POINT('',(0.,1.));
#928 = CARTESIAN_POINT('',(40.,1.));
#929 = ( GEOMETRIC_REPRESENTATION_CONTEXT(2) 
PARAMETRIC_REPRESENTATION_CONTEXT() REPRESENTATION_CONTEXT('2D SPACE',''
  ) );
#930 = ORIENTED_EDGE('',*,*,#931,.T.);
#931 = EDGE_CURVE('',#911,#932,#934,.T.);
#932 = VERTEX_POINT('',#933);
#933 = CARTESIAN_POINT('',(51.,-2.22044604925E-16,6.));
#934 = SURFACE_CURVE('',#935,(#939,#946),.PCURVE_S1.);
#935 = LINE('',#936,#937);
#936 = CARTESIAN_POINT('',(5.,0.,6.));
#937 = VECTOR('',#938,1.);
#938 = DIRECTION('',(1.,0.,-0.));
#939 = PCURVE('',#182,#940);
#940 = DEFINITIONAL_REPRESENTATION('',(#941),#945);
#941 = LINE('',#942,#943);
#942 = CARTESIAN_POINT('',(6.,5.));
#943 = VECTOR('',#944,1.);
#944 = DIRECTION('',(0.,1.));
#945 = ( GEOMETRIC_REPRESENTATION_CONTEXT(2) 
PARAMETRIC_REPRESENTATION_CONTEXT() REPRESENTATION_CONTEXT('2D SPACE',''
  ) );
#946 = PCURVE('',#898,#947);
#947 = DEFINITIONAL_REPRESENTATION('',(#948),#952);
#948 = LINE('',#949,#950);
#949 = CARTESIAN_POINT('',(-5.,1.));
#950 = VECTOR('',#951,1.);
#951 = DIRECTION('',(1.,0.));
#952 = ( GEOMETRIC_REPRESENTATION_CONTEXT(2) 
PARAMETRIC_REPRESENTATION_CONTEXT() REPRESENTATION_CONTEXT('2D SPACE',''
  ) );
#953 = ORIENTED_EDGE('',*,*,#954,.F.);
#954 = EDGE_CURVE('',#955,#932,#957,.T.);
#955 = VERTEX_POINT('',#956);
#956 = CARTESIAN_POINT('',(51.,-2.22044604925E-16,8.));
#957 = SURFACE_CURVE('',#958,(#962,#969),.PCURVE_S1.);
#958 = LINE('',#959,#960);
#959 = CARTESIAN_POINT('',(51.,-2.22044604925E-16,8.));
#960 = VECTOR('',#961,1.);
#961 = DIRECTION('',(-0.,0.,-1.));
#962 = PCURVE('',#182,#963);
#963 = DEFINITIONAL_REPRESENTATION('',(#964),#968);
#964 = LINE('',#965,#966);
#965 = CARTESIAN_POINT('',(8.,51.));
#966 = VECTOR('',#967,1.);
#967 = DIRECTION('',(-1.,0.));
#968 = ( GEOMETRIC_REPRESENTATION_CONTEXT(2) 
PARAMETRIC_REPRESENTATION_CONTEXT() REPRESENTATION_CONTEXT('2D SPACE',''
  ) );
#969 = PCURVE('',#970,#975);
#970 = CYLINDRICAL_SURFACE('',#971,1.);
#971 = AXIS2_PLACEMENT_3D('',#972,#973,#974);
#972 = CARTESIAN_POINT('',(51.,1.,8.));
#973 = DIRECTION('',(-0.,0.,-1.));
#974 = DIRECTION('',(0.,-1.,-0.));
#975 = DEFINITIONAL_REPRESENTATION('',(#976),#980);
#976 = LINE('',#977,#978);
#977 = CARTESIAN_POINT('',(0.,0.));
#978 = VECTOR('',#979,1.);
#979 = DIRECTION('',(0.,1.));
#980 = ( GEOMETRIC_REPRESENTATION_CONTEXT(2) 
PARAMETRIC_REPRESENTATION_CONTEXT() REPRESENTATION_CONTEXT('2D SPACE',''
  ) );
#981 = ORIENTED_EDGE('',*,*,#982,.F.);
#982 = EDGE_CURVE('',#983,#955,#985,.T.);
#983 = VERTEX_POINT('',#984);
#984 = CARTESIAN_POINT('',(50.,0.,8.));
#985 = SURFACE_CURVE('',#986,(#990,#997),.PCURVE_S1.);
#986 = LINE('',#987,#988);
#987 = CARTESIAN_POINT('',(5.,0.,8.));
#988 = VECTOR('',#989,1.);
#989 = DIRECTION('',(1.,0.,-0.));
#990 = PCURVE('',#182,#991);
#991 = DEFINITIONAL_REPRESENTATION('',(#992),#996);
#992 = LINE('',#993,#994);
#993 = CARTESIAN_POINT('',(8.,5.));
#994 = VECTOR('',#995,1.);
#995 = DIRECTION('',(0.,1.));
#996 = ( GEOMETRIC_REPRESENTATION_CONTEXT(2) 
PARAMETRIC_REPRESENTATION_CONTEXT() REPRESENTATION_CONTEXT('2D SPACE',''
  ) );
#997 = PCURVE('',#842,#998);
#998 = DEFINITIONAL_REPRESENTATION('',(#999),#1003);
#999 = LINE('',#1000,#1001);
#1000 = CARTESIAN_POINT('',(-5.,1.));
#1001 = VECTOR('',#1002,1.);
#1002 = DIRECTION('',(1.,0.));
#1003 = ( GEOMETRIC_REPRESENTATION_CONTEXT(2) 
PARAMETRIC_REPRESENTATION_CONTEXT() REPRESENTATION_CONTEXT('2D SPACE',''
  ) );
#1004 = ORIENTED_EDGE('',*,*,#1005,.F.);
#1005 = EDGE_CURVE('',#825,#983,#1006,.T.);
#1006 = SURFACE_CURVE('',#1007,(#1011,#1017),.PCURVE_S1.);
#1007 = LINE('',#1008,#1009);
#1008 = CARTESIAN_POINT('',(5.,0.,8.));
#1009 = VECTOR('',#1010,1.);
#1010 = DIRECTION('',(1.,0.,-0.));
#1011 = PCURVE('',#182,#1012);
#1012 = DEFINITIONAL_REPRESENTATION('',(#1013),#1016);
#1013 = B_SPLINE_CURVE_WITH_KNOTS('',1,(#1014,#1015),.UNSPECIFIED.,.F.,
  .F.,(2,2),(5.,45.),.PIECEWISE_BEZIER_KNOTS.);
#1014 = CARTESIAN_POINT('',(8.,10.));
#1015 = CARTESIAN_POINT('',(8.,50.));
#1016 = ( GEOMETRIC_REPRESENTATION_CONTEXT(2) 
PARAMETRIC_REPRESENTATION_CONTEXT() REPRESENTATION_CONTEXT('2D SPACE',''
  ) );
#1017 = PCURVE('',#842,#1018);
#1018 = DEFINITIONAL_REPRESENTATION('',(#1019),#1022);
#1019 = B_SPLINE_CURVE_WITH_KNOTS('',1,(#1020,#1021),.UNSPECIFIED.,.F.,
  .F.,(2,2),(5.,45.),.PIECEWISE_BEZIER_KNOTS.);
#1020 = CARTESIAN_POINT('',(0.,1.));
#1021 = CARTESIAN_POINT('',(40.,1.));
#1022 = ( GEOMETRIC_REPRESENTATION_CONTEXT(2) 
PARAMETRIC_REPRESENTATION_CONTEXT() REPRESENTATION_CONTEXT('2D SPACE',''
  ) );
#1023 = FACE_BOUND('',#1024,.F.);
#1024 = EDGE_LOOP('',(#1025,#1055,#1083,#1111,#1132,#1155,#1183,#1206));
#1025 = ORIENTED_EDGE('',*,*,#1026,.T.);
#1026 = EDGE_CURVE('',#1027,#1029,#1031,.T.);
#1027 = VERTEX_POINT('',#1028);
#1028 = CARTESIAN_POINT('',(10.,0.,14.));
#1029 = VERTEX_POINT('',#1030);
#1030 = CARTESIAN_POINT('',(9.,-2.22044604925E-16,14.));
#1031 = SURFACE_CURVE('',#1032,(#1036,#1043),.PCURVE_S1.);
#1032 = LINE('',#1033,#1034);
#1033 = CARTESIAN_POINT('',(5.,0.,14.));
#1034 = VECTOR('',#1035,1.);
#1035 = DIRECTION('',(-1.,-0.,0.));
#1036 = PCURVE('',#182,#1037);
#1037 = DEFINITIONAL_REPRESENTATION('',(#1038),#1042);
#1038 = LINE('',#1039,#1040);
#1039 = CARTESIAN_POINT('',(14.,5.));
#1040 = VECTOR('',#1041,1.);
#1041 = DIRECTION('',(0.,-1.));
#1042 = ( GEOMETRIC_REPRESENTATION_CONTEXT(2) 
PARAMETRIC_REPRESENTATION_CONTEXT() REPRESENTATION_CONTEXT('2D SPACE',''
  ) );
#1043 = PCURVE('',#1044,#1049);
#1044 = PLANE('',#1045);
#1045 = AXIS2_PLACEMENT_3D('',#1046,#1047,#1048);
#1046 = CARTESIAN_POINT('',(10.,-1.,14.));
#1047 = DIRECTION('',(0.,0.,1.));
#1048 = DIRECTION('',(1.,0.,-0.));
#1049 = DEFINITIONAL_REPRESENTATION('',(#1050),#1054);
#1050 = LINE('',#1051,#1052);
#1051 = CARTESIAN_POINT('',(-5.,1.));
#1052 = VECTOR('',#1053,1.);
#1053 = DIRECTION('',(-1.,0.));
#1054 = ( GEOMETRIC_REPRESENTATION_CONTEXT(2) 
PARAMETRIC_REPRESENTATION_CONTEXT() REPRESENTATION_CONTEXT('2D SPACE',''
  ) );
#1055 = ORIENTED_EDGE('',*,*,#1056,.T.);
#1056 = EDGE_CURVE('',#1029,#1057,#1059,.T.);
#1057 = VERTEX_POINT('',#1058);
#1058 = CARTESIAN_POINT('',(9.,-2.22044604925E-16,12.));
#1059 = SURFACE_CURVE('',#1060,(#1064,#1071),.PCURVE_S1.);
#1060 = LINE('',#1061,#1062);
#1061 = CARTESIAN_POINT('',(9.,-2.22044604925E-16,14.));
#1062 = VECTOR('',#1063,1.);
#1063 = DIRECTION('',(-0.,0.,-1.));
#1064 = PCURVE('',#182,#1065);
#1065 = DEFINITIONAL_REPRESENTATION('',(#1066),#1070);
#1066 = LINE('',#1067,#1068);
#1067 = CARTESIAN_POINT('',(14.,9.));
#1068 = VECTOR('',#1069,1.);
#1069 = DIRECTION('',(-1.,0.));
#1070 = ( GEOMETRIC_REPRESENTATION_CONTEXT(2) 
PARAMETRIC_REPRESENTATION_CONTEXT() REPRESENTATION_CONTEXT('2D SPACE',''
  ) );
#1071 = PCURVE('',#1072,#1077);
#1072 = CYLINDRICAL_SURFACE('',#1073,1.);
#1073 = AXIS2_PLACEMENT_3D('',#1074,#1075,#1076);
#1074 = CARTESIAN_POINT('',(9.,1.,14.));
#1075 = DIRECTION('',(-0.,0.,-1.));
#1076 = DIRECTION('',(0.,-1.,-0.));
#1077 = DEFINITIONAL_REPRESENTATION('',(#1078),#1082);
#1078 = LINE('',#1079,#1080);
#1079 = CARTESIAN_POINT('',(-0.,0.));
#1080 = VECTOR('',#1081,1.);
#1081 = DIRECTION('',(-0.,1.));
#1082 = ( GEOMETRIC_REPRESENTATION_CONTEXT(2) 
PARAMETRIC_REPRESENTATION_CONTEXT() REPRESENTATION_CONTEXT('2D SPACE',''
  ) );
#1083 = ORIENTED_EDGE('',*,*,#1084,.F.);
#1084 = EDGE_CURVE('',#1085,#1057,#1087,.T.);
#1085 = VERTEX_POINT('',#1086);
#1086 = CARTESIAN_POINT('',(10.,0.,12.));
#1087 = SURFACE_CURVE('',#1088,(#1092,#1099),.PCURVE_S1.);
#1088 = LINE('',#1089,#1090);
#1089 = CARTESIAN_POINT('',(5.,0.,12.));
#1090 = VECTOR('',#1091,1.);
#1091 = DIRECTION('',(-1.,-0.,0.));
#1092 = PCURVE('',#182,#1093);
#1093 = DEFINITIONAL_REPRESENTATION('',(#1094),#1098);
#1094 = LINE('',#1095,#1096);
#1095 = CARTESIAN_POINT('',(12.,5.));
#1096 = VECTOR('',#1097,1.);
#1097 = DIRECTION('',(0.,-1.));
#1098 = ( GEOMETRIC_REPRESENTATION_CONTEXT(2) 
PARAMETRIC_REPRESENTATION_CONTEXT() REPRESENTATION_CONTEXT('2D SPACE',''
  ) );
#1099 = PCURVE('',#1100,#1105);
#1100 = PLANE('',#1101);
#1101 = AXIS2_PLACEMENT_3D('',#1102,#1103,#1104);
#1102 = CARTESIAN_POINT('',(10.,-1.,12.));
#1103 = DIRECTION('',(0.,0.,1.));
#1104 = DIRECTION('',(1.,0.,-0.));
#1105 = DEFINITIONAL_REPRESENTATION('',(#1106),#1110);
#1106 = LINE('',#1107,#1108);
#1107 = CARTESIAN_POINT('',(-5.,1.));
#1108 = VECTOR('',#1109,1.);
#1109 = DIRECTION('',(-1.,0.));
#1110 = ( GEOMETRIC_REPRESENTATION_CONTEXT(2) 
PARAMETRIC_REPRESENTATION_CONTEXT() REPRESENTATION_CONTEXT('2D SPACE',''
  ) );
#1111 = ORIENTED_EDGE('',*,*,#1112,.T.);
#1112 = EDGE_CURVE('',#1085,#1113,#1115,.T.);
#1113 = VERTEX_POINT('',#1114);
#1114 = CARTESIAN_POINT('',(50.,0.,12.));
#1115 = SURFACE_CURVE('',#1116,(#1120,#1126),.PCURVE_S1.);
#1116 = LINE('',#1117,#1118);
#1117 = CARTESIAN_POINT('',(5.,0.,12.));
#1118 = VECTOR('',#1119,1.);
#1119 = DIRECTION('',(1.,0.,-0.));
#1120 = PCURVE('',#182,#1121);
#1121 = DEFINITIONAL_REPRESENTATION('',(#1122),#1125);
#1122 = B_SPLINE_CURVE_WITH_KNOTS('',1,(#1123,#1124),.UNSPECIFIED.,.F.,
  .F.,(2,2),(5.,45.),.PIECEWISE_BEZIER_KNOTS.);
#1123 = CARTESIAN_POINT('',(12.,10.));
#1124 = CARTESIAN_POINT('',(12.,50.));
#1125 = ( GEOMETRIC_REPRESENTATION_CONTEXT(2) 
PARAMETRIC_REPRESENTATION_CONTEXT() REPRESENTATION_CONTEXT('2D SPACE',''
  ) );
#1126 = PCURVE('',#1100,#1127);
#1127 = DEFINITIONAL_REPRESENTATION('',(#1128),#1131);
#1128 = B_SPLINE_CURVE_WITH_KNOTS('',1,(#1129,#1130),.UNSPECIFIED.,.F.,
  .F.,(2,2),(5.,45.),.PIECEWISE_BEZIER_KNOTS.);
#1129 = CARTESIAN_POINT('',(0.,1.));
#1130 = CARTESIAN_POINT('',(40.,1.));
#1131 = ( GEOMETRIC_REPRESENTATION_CONTEXT(2) 
PARAMETRIC_REPRESENTATION_CONTEXT() REPRESENTATION_CONTEXT('2D SPACE',''
  ) );
#1132 = ORIENTED_EDGE('',*,*,#1133,.T.);
#1133 = EDGE_CURVE('',#1113,#1134,#1136,.T.);
#1134 = VERTEX_POINT('',#1135);
#1135 = CARTESIAN_POINT('',(51.,-2.22044604925E-16,12.));
#1136 = SURFACE_CURVE('',#1137,(#1141,#1148),.PCURVE_S1.);
#1137 = LINE('',#1138,#1139);
#1138 = CARTESIAN_POINT('',(5.,0.,12.));
#1139 = VECTOR('',#1140,1.);
#1140 = DIRECTION('',(1.,0.,-0.));
#1141 = PCURVE('',#182,#1142);
#1142 = DEFINITIONAL_REPRESENTATION('',(#1143),#1147);
#1143 = LINE('',#1144,#1145);
#1144 = CARTESIAN_POINT('',(12.,5.));
#1145 = VECTOR('',#1146,1.);
#1146 = DIRECTION('',(0.,1.));
#1147 = ( GEOMETRIC_REPRESENTATION_CONTEXT(2) 
PARAMETRIC_REPRESENTATION_CONTEXT() REPRESENTATION_CONTEXT('2D SPACE',''
  ) );
#1148 = PCURVE('',#1100,#1149);
#1149 = DEFINITIONAL_REPRESENTATION('',(#1150),#1154);
#1150 = LINE('',#1151,#1152);
#1151 = CARTESIAN_POINT('',(-5.,1.));
#1152 = VECTOR('',#1153,1.);
#1153 = DIRECTION('',(1.,0.));
#1154 = ( GEOMETRIC_REPRESENTATION_CONTEXT(2) 
PARAMETRIC_REPRESENTATION_CONTEXT() REPRESENTATION_CONTEXT('2D SPACE',''
  ) );
#1155 = ORIENTED_EDGE('',*,*,#1156,.F.);
#1156 = EDGE_CURVE('',#1157,#1134,#1159,.T.);
#1157 = VERTEX_POINT('',#1158);
#1158 = CARTESIAN_POINT('',(51.,-2.22044604925E-16,14.));
#1159 = SURFACE_CURVE('',#1160,(#1164,#1171),.PCURVE_S1.);
#1160 = LINE('',#1161,#1162);
#1161 = CARTESIAN_POINT('',(51.,-2.22044604925E-16,14.));
#1162 = VECTOR('',#1163,1.);
#1163 = DIRECTION('',(-0.,0.,-1.));
#1164 = PCURVE('',#182,#1165);
#1165 = DEFINITIONAL_REPRESENTATION('',(#1166),#1170);
#1166 = LINE('',#1167,#1168);
#1167 = CARTESIAN_POINT('',(14.,51.));
#1168 = VECTOR('',#1169,1.);
#1169 = DIRECTION('',(-1.,0.));
#1170 = ( GEOMETRIC_REPRESENTATION_CONTEXT(2) 
PARAMETRIC_REPRESENTATION_CONTEXT() REPRESENTATION_CONTEXT('2D SPACE',''
  ) );
#1171 = PCURVE('',#1172,#1177);
#1172 = CYLINDRICAL_SURFACE('',#1173,1.);
#1173 = AXIS2_PLACEMENT_3D('',#1174,#1175,#1176);
#1174 = CARTESIAN_POINT('',(51.,1.,14.));
#1175 = DIRECTION('',(-0.,0.,-1.));
#1176 = DIRECTION('',(0.,-1.,-0.));
#1177 = DEFINITIONAL_REPRESENTATION('',(#1178),#1182);
#1178 = LINE('',#1179,#1180);
#1179 = CARTESIAN_POINT('',(0.,0.));
#1180 = VECTOR('',#1181,1.);
#1181 = DIRECTION('',(0.,1.));
#1182 = ( GEOMETRIC_REPRESENTATION_CONTEXT(2) 
PARAMETRIC_REPRESENTATION_CONTEXT() REPRESENTATION_CONTEXT('2D SPACE',''
  ) );
#1183 = ORIENTED_EDGE('',*,*,#1184,.F.);
#1184 = EDGE_CURVE('',#1185,#1157,#1187,.T.);
#1185 = VERTEX_POINT('',#1186);
#1186 = CARTESIAN_POINT('',(50.,0.,14.));
#1187 = SURFACE_CURVE('',#1188,(#1192,#1199),.PCURVE_S1.);
#1188 = LINE('',#1189,#1190);
#1189 = CARTESIAN_POINT('',(5.,0.,14.));
#1190 = VECTOR('',#1191,1.);
#1191 = DIRECTION('',(1.,0.,-0.));
#1192 = PCURVE('',#182,#1193);
#1193 = DEFINITIONAL_REPRESENTATION('',(#1194),#1198);
#1194 = LINE('',#1195,#1196);
#1195 = CARTESIAN_POINT('',(14.,5.));
#1196 = VECTOR('',#1197,1.);
#1197 = DIRECTION('',(0.,1.));
#1198 = ( GEOMETRIC_REPRESENTATION_CONTEXT(2) 
PARAMETRIC_REPRESENTATION_CONTEXT() REPRESENTATION_CONTEXT('2D SPACE',''
  ) );
#1199 = PCURVE('',#1044,#1200);
#1200 = DEFINITIONAL_REPRESENTATION('',(#1201),#1205);
#1201 = LINE('',#1202,#1203);
#1202 = CARTESIAN_POINT('',(-5.,1.));
#1203 = VECTOR('',#1204,1.);
#1204 = DIRECTION('',(1.,0.));
#1205 = ( GEOMETRIC_REPRESENTATION_CONTEXT(2) 
PARAMETRIC_REPRESENTATION_CONTEXT() REPRESENTATION_CONTEXT('2D SPACE',''
  ) );
#1206 = ORIENTED_EDGE('',*,*,#1207,.F.);
#1207 = EDGE_CURVE('',#1027,#1185,#1208,.T.);
#1208 = SURFACE_CURVE('',#1209,(#1213,#1219),.PCURVE_S1.);
#1209 = LINE('',#1210,#1211);
#1210 = CARTESIAN_POINT('',(5.,0.,14.));
#1211 = VECTOR('',#1212,1.);
#1212 = DIRECTION('',(1.,0.,-0.));
#1213 = PCURVE('',#182,#1214);
#1214 = DEFINITIONAL_REPRESENTATION('',(#1215),#1218);
#1215 = B_SPLINE_CURVE_WITH_KNOTS('',1,(#1216,#1217),.UNSPECIFIED.,.F.,
  .F.,(2,2),(5.,45.),.PIECEWISE_BEZIER_KNOTS.);
#1216 = CARTESIAN_POINT('',(14.,10.));
#1217 = CARTESIAN_POINT('',(14.,50.));
#1218 = ( GEOMETRIC_REPRESENTATION_CONTEXT(2) 
PARAMETRIC_REPRESENTATION_CONTEXT() REPRESENTATION_CONTEXT('2D SPACE',''
  ) );
#1219 = PCURVE('',#1044,#1220);
#1220 = DEFINITIONAL_REPRESENTATION('',(#1221),#1224);
#1221 = B_SPLINE_CURVE_WITH_KNOTS('',1,(#1222,#1223),.UNSPECIFIED.,.F.,
  .F.,(2,2),(5.,45.),.PIECEWISE_BEZIER_KNOTS.);
#1222 = CARTESIAN_POINT('',(0.,1.));
#1223 = CARTESIAN_POINT('',(40.,1.));
#1224 = ( GEOMETRIC_REPRESENTATION_CONTEXT(2) 
PARAMETRIC_REPRESENTATION_CONTEXT() REPRESENTATION_CONTEXT('2D SPACE',''
  ) );
#1225 = FACE_BOUND('',#1226,.F.);
#1226 = EDGE_LOOP('',(#1227,#1257,#1278,#1301,#1329,#1357,#1378,#1401));
#1227 = ORIENTED_EDGE('',*,*,#1228,.F.);
#1228 = EDGE_CURVE('',#1229,#1231,#1233,.T.);
#1229 = VERTEX_POINT('',#1230);
#1230 = CARTESIAN_POINT('',(50.,0.,20.));
#1231 = VERTEX_POINT('',#1232);
#1232 = CARTESIAN_POINT('',(51.,-2.22044604925E-16,20.));
#1233 = SURFACE_CURVE('',#1234,(#1238,#1245),.PCURVE_S1.);
#1234 = LINE('',#1235,#1236);
#1235 = CARTESIAN_POINT('',(5.,0.,20.));
#1236 = VECTOR('',#1237,1.);
#1237 = DIRECTION('',(1.,0.,-0.));
#1238 = PCURVE('',#182,#1239);
#1239 = DEFINITIONAL_REPRESENTATION('',(#1240),#1244);
#1240 = LINE('',#1241,#1242);
#1241 = CARTESIAN_POINT('',(20.,5.));
#1242 = VECTOR('',#1243,1.);
#1243 = DIRECTION('',(0.,1.));
#1244 = ( GEOMETRIC_REPRESENTATION_CONTEXT(2) 
PARAMETRIC_REPRESENTATION_CONTEXT() REPRESENTATION_CONTEXT('2D SPACE',''
  ) );
#1245 = PCURVE('',#1246,#1251);
#1246 = PLANE('',#1247);
#1247 = AXIS2_PLACEMENT_3D('',#1248,#1249,#1250);
#1248 = CARTESIAN_POINT('',(10.,-1.,20.));
#1249 = DIRECTION('',(0.,0.,1.));
#1250 = DIRECTION('',(1.,0.,-0.));
#1251 = DEFINITIONAL_REPRESENTATION('',(#1252),#1256);
#1252 = LINE('',#1253,#1254);
#1253 = CARTESIAN_POINT('',(-5.,1.));
#1254 = VECTOR('',#1255,1.);
#1255 = DIRECTION('',(1.,0.));
#1256 = ( GEOMETRIC_REPRESENTATION_CONTEXT(2) 
PARAMETRIC_REPRESENTATION_CONTEXT() REPRESENTATION_CONTEXT('2D SPACE',''
  ) );
#1257 = ORIENTED_EDGE('',*,*,#1258,.F.);
#1258 = EDGE_CURVE('',#1259,#1229,#1261,.T.);
#1259 = VERTEX_POINT('',#1260);
#1260 = CARTESIAN_POINT('',(10.,0.,20.));
#1261 = SURFACE_CURVE('',#1262,(#1266,#1272),.PCURVE_S1.);
#1262 = LINE('',#1263,#1264);
#1263 = CARTESIAN_POINT('',(5.,0.,20.));
#1264 = VECTOR('',#1265,1.);
#1265 = DIRECTION('',(1.,0.,-0.));
#1266 = PCURVE('',#182,#1267);
#1267 = DEFINITIONAL_REPRESENTATION('',(#1268),#1271);
#1268 = B_SPLINE_CURVE_WITH_KNOTS('',1,(#1269,#1270),.UNSPECIFIED.,.F.,
  .F.,(2,2),(5.,45.),.PIECEWISE_BEZIER_KNOTS.);
#1269 = CARTESIAN_POINT('',(20.,10.));
#1270 = CARTESIAN_POINT('',(20.,50.));
#1271 = ( GEOMETRIC_REPRESENTATION_CONTEXT(2) 
PARAMETRIC_REPRESENTATION_CONTEXT() REPRESENTATION_CONTEXT('2D SPACE',''
  ) );
#1272 = PCURVE('',#1246,#1273);
#1273 = DEFINITIONAL_REPRESENTATION('',(#1274),#1277);
#1274 = B_SPLINE_CURVE_WITH_KNOTS('',1,(#1275,#1276),.UNSPECIFIED.,.F.,
  .F.,(2,2),(5.,45.),.PIECEWISE_BEZIER_KNOTS.);
#1275 = CARTESIAN_POINT('',(0.,1.));
#1276 = CARTESIAN_POINT('',(40.,1.));
#1277 = ( GEOMETRIC_REPRESENTATION_CONTEXT(2) 
PARAMETRIC_REPRESENTATION_CONTEXT() REPRESENTATION_CONTEXT('2D SPACE',''
  ) );
#1278 = ORIENTED_EDGE('',*,*,#1279,.T.);
#1279 = EDGE_CURVE('',#1259,#1280,#1282,.T.);
#1280 = VERTEX_POINT('',#1281);
#1281 = CARTESIAN_POINT('',(9.,-2.22044604925E-16,20.));
#1282 = SURFACE_CURVE('',#1283,(#1287,#1294),.PCURVE_S1.);
#1283 = LINE('',#1284,#1285);
#1284 = CARTESIAN_POINT('',(5.,0.,20.));
#1285 = VECTOR('',#1286,1.);
#1286 = DIRECTION('',(-1.,-0.,0.));
#1287 = PCURVE('',#182,#1288);
#1288 = DEFINITIONAL_REPRESENTATION('',(#1289),#1293);
#1289 = LINE('',#1290,#1291);
#1290 = CARTESIAN_POINT('',(20.,5.));
#1291 = VECTOR('',#1292,1.);
#1292 = DIRECTION('',(0.,-1.));
#1293 = ( GEOMETRIC_REPRESENTATION_CONTEXT(2) 
PARAMETRIC_REPRESENTATION_CONTEXT() REPRESENTATION_CONTEXT('2D SPACE',''
  ) );
#1294 = PCURVE('',#1246,#1295);
#1295 = DEFINITIONAL_REPRESENTATION('',(#1296),#1300);
#1296 = LINE('',#1297,#1298);
#1297 = CARTESIAN_POINT('',(-5.,1.));
#1298 = VECTOR('',#1299,1.);
#1299 = DIRECTION('',(-1.,0.));
#1300 = ( GEOMETRIC_REPRESENTATION_CONTEXT(2) 
PARAMETRIC_REPRESENTATION_CONTEXT() REPRESENTATION_CONTEXT('2D SPACE',''
  ) );
#1301 = ORIENTED_EDGE('',*,*,#1302,.T.);
#1302 = EDGE_CURVE('',#1280,#1303,#1305,.T.);
#1303 = VERTEX_POINT('',#1304);
#1304 = CARTESIAN_POINT('',(9.,-2.22044604925E-16,18.));
#1305 = SURFACE_CURVE('',#1306,(#1310,#1317),.PCURVE_S1.);
#1306 = LINE('',#1307,#1308);
#1307 = CARTESIAN_POINT('',(9.,-2.22044604925E-16,20.));
#1308 = VECTOR('',#1309,1.);
#1309 = DIRECTION('',(-0.,0.,-1.));
#1310 = PCURVE('',#182,#1311);
#1311 = DEFINITIONAL_REPRESENTATION('',(#1312),#1316);
#1312 = LINE('',#1313,#1314);
#1313 = CARTESIAN_POINT('',(20.,9.));
#1314 = VECTOR('',#1315,1.);
#1315 = DIRECTION('',(-1.,0.));
#1316 = ( GEOMETRIC_REPRESENTATION_CONTEXT(2) 
PARAMETRIC_REPRESENTATION_CONTEXT() REPRESENTATION_CONTEXT('2D SPACE',''
  ) );
#1317 = PCURVE('',#1318,#1323);
#1318 = CYLINDRICAL_SURFACE('',#1319,1.);
#1319 = AXIS2_PLACEMENT_3D('',#1320,#1321,#1322);
#1320 = CARTESIAN_POINT('',(9.,1.,20.));
#1321 = DIRECTION('',(-0.,0.,-1.));
#1322 = DIRECTION('',(0.,-1.,-0.));
#1323 = DEFINITIONAL_REPRESENTATION('',(#1324),#1328);
#1324 = LINE('',#1325,#1326);
#1325 = CARTESIAN_POINT('',(-0.,0.));
#1326 = VECTOR('',#1327,1.);
#1327 = DIRECTION('',(-0.,1.));
#1328 = ( GEOMETRIC_REPRESENTATION_CONTEXT(2) 
PARAMETRIC_REPRESENTATION_CONTEXT() REPRESENTATION_CONTEXT('2D SPACE',''
  ) );
#1329 = ORIENTED_EDGE('',*,*,#1330,.F.);
#1330 = EDGE_CURVE('',#1331,#1303,#1333,.T.);
#1331 = VERTEX_POINT('',#1332);
#1332 = CARTESIAN_POINT('',(10.,0.,18.));
#1333 = SURFACE_CURVE('',#1334,(#1338,#1345),.PCURVE_S1.);
#1334 = LINE('',#1335,#1336);
#1335 = CARTESIAN_POINT('',(5.,0.,18.));
#1336 = VECTOR('',#1337,1.);
#1337 = DIRECTION('',(-1.,-0.,0.));
#1338 = PCURVE('',#182,#1339);
#1339 = DEFINITIONAL_REPRESENTATION('',(#1340),#1344);
#1340 = LINE('',#1341,#1342);
#1341 = CARTESIAN_POINT('',(18.,5.));
#1342 = VECTOR('',#1343,1.);
#1343 = DIRECTION('',(0.,-1.));
#1344 = ( GEOMETRIC_REPRESENTATION_CONTEXT(2) 
PARAMETRIC_REPRESENTATION_CONTEXT() REPRESENTATION_CONTEXT('2D SPACE',''
  ) );
#1345 = PCURVE('',#1346,#1351);
#1346 = PLANE('',#1347);
#1347 = AXIS2_PLACEMENT_3D('',#1348,#1349,#1350);
#1348 = CARTESIAN_POINT('',(10.,-1.,18.));
#1349 = DIRECTION('',(0.,0.,1.));
#1350 = DIRECTION('',(1.,0.,-0.));
#1351 = DEFINITIONAL_REPRESENTATION('',(#1352),#1356);
#1352 = LINE('',#1353,#1354);
#1353 = CARTESIAN_POINT('',(-5.,1.));
#1354 = VECTOR('',#1355,1.);
#1355 = DIRECTION('',(-1.,0.));
#1356 = ( GEOMETRIC_REPRESENTATION_CONTEXT(2) 
PARAMETRIC_REPRESENTATION_CONTEXT() REPRESENTATION_CONTEXT('2D SPACE',''
  ) );
#1357 = ORIENTED_EDGE('',*,*,#1358,.T.);
#1358 = EDGE_CURVE('',#1331,#1359,#1361,.T.);
#1359 = VERTEX_POINT('',#1360);
#1360 = CARTESIAN_POINT('',(50.,0.,18.));
#1361 = SURFACE_CURVE('',#1362,(#1366,#1372),.PCURVE_S1.);
#1362 = LINE('',#1363,#1364);
#1363 = CARTESIAN_POINT('',(5.,0.,18.));
#1364 = VECTOR('',#1365,1.);
#1365 = DIRECTION('',(1.,0.,-0.));
#1366 = PCURVE('',#182,#1367);
#1367 = DEFINITIONAL_REPRESENTATION('',(#1368),#1371);
#1368 = B_SPLINE_CURVE_WITH_KNOTS('',1,(#1369,#1370),.UNSPECIFIED.,.F.,
  .F.,(2,2),(5.,45.),.PIECEWISE_BEZIER_KNOTS.);
#1369 = CARTESIAN_POINT('',(18.,10.));
#1370 = CARTESIAN_POINT('',(18.,50.));
#1371 = ( GEOMETRIC_REPRESENTATION_CONTEXT(2) 
PARAMETRIC_REPRESENTATION_CONTEXT() REPRESENTATION_CONTEXT('2D SPACE',''
  ) );
#1372 = PCURVE('',#1346,#1373);
#1373 = DEFINITIONAL_REPRESENTATION('',(#1374),#1377);
#1374 = B_SPLINE_CURVE_WITH_KNOTS('',1,(#1375,#1376),.UNSPECIFIED.,.F.,
  .F.,(2,2),(5.,45.),.PIECEWISE_BEZIER_KNOTS.);
#1375 = CARTESIAN_POINT('',(0.,1.));
#1376 = CARTESIAN_POINT('',(40.,1.));
#1377 = ( GEOMETRIC_REPRESENTATION_CONTEXT(2) 
PARAMETRIC_REPRESENTATION_CONTEXT() REPRESENTATION_CONTEXT('2D SPACE',''
  ) );
#1378 = ORIENTED_EDGE('',*,*,#1379,.T.);
#1379 = EDGE_CURVE('',#1359,#1380,#1382,.T.);
#1380 = VERTEX_POINT('',#1381);
#1381 = CARTESIAN_POINT('',(51.,-2.22044604925E-16,18.));
#1382 = SURFACE_CURVE('',#1383,(#1387,#1394),.PCURVE_S1.);
#1383 = LINE('',#1384,#1385);
#1384 = CARTESIAN_POINT('',(5.,0.,18.));
#1385 = VECTOR('',#1386,1.);
#1386 = DIRECTION('',(1.,0.,-0.));
#1387 = PCURVE('',#182,#1388);
#1388 = DEFINITIONAL_REPRESENTATION('',(#1389),#1393);
#1389 = LINE('',#1390,#1391);
#1390 = CARTESIAN_POINT('',(18.,5.));
#1391 = VECTOR('',#1392,1.);
#1392 = DIRECTION('',(0.,1.));
#1393 = ( GEOMETRIC_REPRESENTATION_CONTEXT(2) 
PARAMETRIC_REPRESENTATION_CONTEXT() REPRESENTATION_CONTEXT('2D SPACE',''
  ) );
#1394 = PCURVE('',#1346,#1395);
#1395 = DEFINITIONAL_REPRESENTATION('',(#1396),#1400);
#1396 = LINE('',#1397,#1398);
#1397 = CARTESIAN_POINT('',(-5.,1.));
#1398 = VECTOR('',#1399,1.);
#1399 = DIRECTION('',(1.,0.));
#1400 = ( GEOMETRIC_REPRESENTATION_CONTEXT(2) 
PARAMETRIC_REPRESENTATION_CONTEXT() REPRESENTATION_CONTEXT('2D SPACE',''
  ) );
#1401 = ORIENTED_EDGE('',*,*,#1402,.F.);
#1402 = EDGE_CURVE('',#1231,#1380,#1403,.T.);
#1403 = SURFACE_CURVE('',#1404,(#1408,#1415),.PCURVE_S1.);
#1404 = LINE('',#1405,#1406);
#1405 = CARTESIAN_POINT('',(51.,-2.22044604925E-16,20.));
#1406 = VECTOR('',#1407,1.);
#1407 = DIRECTION('',(-0.,0.,-1.));
#1408 = PCURVE('',#182,#1409);
#1409 = DEFINITIONAL_REPRESENTATION('',(#1410),#1414);
#1410 = LINE('',#1411,#1412);
#1411 = CARTESIAN_POINT('',(20.,51.));
#1412 = VECTOR('',#1413,1.);
#1413 = DIRECTION('',(-1.,0.));
#1414 = ( GEOMETRIC_REPRESENTATION_CONTEXT(2) 
PARAMETRIC_REPRESENTATION_CONTEXT() REPRESENTATION_CONTEXT('2D SPACE',''
  ) );
#1415 = PCURVE('',#1416,#1421);
#1416 = CYLINDRICAL_SURFACE('',#1417,1.);
#1417 = AXIS2_PLACEMENT_3D('',#1418,#1419,#1420);
#1418 = CARTESIAN_POINT('',(51.,1.,20.));
#1419 = DIRECTION('',(-0.,0.,-1.));
#1420 = DIRECTION('',(0.,-1.,-0.));
#1421 = DEFINITIONAL_REPRESENTATION('',(#1422),#1426);
#1422 = LINE('',#1423,#1424);
#1423 = CARTESIAN_POINT('',(0.,0.));
#1424 = VECTOR('',#1425,1.);
#1425 = DIRECTION('',(0.,1.));
#1426 = ( GEOMETRIC_REPRESENTATION_CONTEXT(2) 
PARAMETRIC_REPRESENTATION_CONTEXT() REPRESENTATION_CONTEXT('2D SPACE',''
  ) );
#1427 = ADVANCED_FACE('',(#1428),#300,.T.);
#1428 = FACE_BOUND('',#1429,.T.);
#1429 = EDGE_LOOP('',(#1430,#1431,#1432,#1433));
#1430 = ORIENTED_EDGE('',*,*,#669,.F.);
#1431 = ORIENTED_EDGE('',*,*,#543,.T.);
#1432 = ORIENTED_EDGE('',*,*,#284,.T.);
#1433 = ORIENTED_EDGE('',*,*,#1434,.F.);
#1434 = EDGE_CURVE('',#642,#252,#1435,.T.);
#1435 = SURFACE_CURVE('',#1436,(#1440,#1447),.PCURVE_S1.);
#1436 = LINE('',#1437,#1438);
#1437 = CARTESIAN_POINT('',(59.,40.,0.));
#1438 = VECTOR('',#1439,1.);
#1439 = DIRECTION('',(0.,0.,1.));
#1440 = PCURVE('',#300,#1441);
#1441 = DEFINITIONAL_REPRESENTATION('',(#1442),#1446);
#1442 = LINE('',#1443,#1444);
#1443 = CARTESIAN_POINT('',(0.,59.));
#1444 = VECTOR('',#1445,1.);
#1445 = DIRECTION('',(1.,0.));
#1446 = ( GEOMETRIC_REPRESENTATION_CONTEXT(2) 
PARAMETRIC_REPRESENTATION_CONTEXT() REPRESENTATION_CONTEXT('2D SPACE',''
  ) );
#1447 = PCURVE('',#272,#1448);
#1448 = DEFINITIONAL_REPRESENTATION('',(#1449),#1453);
#1449 = LINE('',#1450,#1451);
#1450 = CARTESIAN_POINT('',(-0.,0.));
#1451 = VECTOR('',#1452,1.);
#1452 = DIRECTION('',(-0.,1.));
#1453 = ( GEOMETRIC_REPRESENTATION_CONTEXT(2) 
PARAMETRIC_REPRESENTATION_CONTEXT() REPRESENTATION_CONTEXT('2D SPACE',''
  ) );
#1454 = ADVANCED_FACE('',(#1455),#211,.T.);
#1455 = FACE_BOUND('',#1456,.T.);
#1456 = EDGE_LOOP('',(#1457,#1458,#1479,#1480));
#1457 = ORIENTED_EDGE('',*,*,#594,.T.);
#1458 = ORIENTED_EDGE('',*,*,#1459,.T.);
#1459 = EDGE_CURVE('',#595,#195,#1460,.T.);
#1460 = SURFACE_CURVE('',#1461,(#1465,#1472),.PCURVE_S1.);
#1461 = LINE('',#1462,#1463);
#1462 = CARTESIAN_POINT('',(60.,1.,0.));
#1463 = VECTOR('',#1464,1.);
#1464 = DIRECTION('',(0.,0.,1.));
#1465 = PCURVE('',#211,#1466);
#1466 = DEFINITIONAL_REPRESENTATION('',(#1467),#1471);
#1467 = LINE('',#1468,#1469);
#1468 = CARTESIAN_POINT('',(1.570796326795,0.));
#1469 = VECTOR('',#1470,1.);
#1470 = DIRECTION('',(0.,1.));
#1471 = ( GEOMETRIC_REPRESENTATION_CONTEXT(2) 
PARAMETRIC_REPRESENTATION_CONTEXT() REPRESENTATION_CONTEXT('2D SPACE',''
  ) );
#1472 = PCURVE('',#239,#1473);
#1473 = DEFINITIONAL_REPRESENTATION('',(#1474),#1478);
#1474 = LINE('',#1475,#1476);
#1475 = CARTESIAN_POINT('',(0.,-1.));
#1476 = VECTOR('',#1477,1.);
#1477 = DIRECTION('',(1.,0.));
#1478 = ( GEOMETRIC_REPRESENTATION_CONTEXT(2) 
PARAMETRIC_REPRESENTATION_CONTEXT() REPRESENTATION_CONTEXT('2D SPACE',''
  ) );
#1479 = ORIENTED_EDGE('',*,*,#194,.F.);
#1480 = ORIENTED_EDGE('',*,*,#801,.F.);
#1481 = ADVANCED_FACE('',(#1482),#272,.T.);
#1482 = FACE_BOUND('',#1483,.F.);
#1483 = EDGE_LOOP('',(#1484,#1485,#1506,#1507));
#1484 = ORIENTED_EDGE('',*,*,#641,.T.);
#1485 = ORIENTED_EDGE('',*,*,#1486,.T.);
#1486 = EDGE_CURVE('',#619,#224,#1487,.T.);
#1487 = SURFACE_CURVE('',#1488,(#1492,#1499),.PCURVE_S1.);
#1488 = LINE('',#1489,#1490);
#1489 = CARTESIAN_POINT('',(60.,39.,0.));
#1490 = VECTOR('',#1491,1.);
#1491 = DIRECTION('',(0.,0.,1.));
#1492 = PCURVE('',#272,#1493);
#1493 = DEFINITIONAL_REPRESENTATION('',(#1494),#1498);
#1494 = LINE('',#1495,#1496);
#1495 = CARTESIAN_POINT('',(-1.570796326795,0.));
#1496 = VECTOR('',#1497,1.);
#1497 = DIRECTION('',(-0.,1.));
#1498 = ( GEOMETRIC_REPRESENTATION_CONTEXT(2) 
PARAMETRIC_REPRESENTATION_CONTEXT() REPRESENTATION_CONTEXT('2D SPACE',''
  ) );
#1499 = PCURVE('',#239,#1500);
#1500 = DEFINITIONAL_REPRESENTATION('',(#1501),#1505);
#1501 = LINE('',#1502,#1503);
#1502 = CARTESIAN_POINT('',(0.,-39.));
#1503 = VECTOR('',#1504,1.);
#1504 = DIRECTION('',(1.,0.));
#1505 = ( GEOMETRIC_REPRESENTATION_CONTEXT(2) 
PARAMETRIC_REPRESENTATION_CONTEXT() REPRESENTATION_CONTEXT('2D SPACE',''
  ) );
#1506 = ORIENTED_EDGE('',*,*,#251,.F.);
#1507 = ORIENTED_EDGE('',*,*,#1434,.F.);
#1508 = ADVANCED_FACE('',(#1509),#239,.T.);
#1509 = FACE_BOUND('',#1510,.T.);
#1510 = EDGE_LOOP('',(#1511,#1512,#1513,#1514));
#1511 = ORIENTED_EDGE('',*,*,#223,.F.);
#1512 = ORIENTED_EDGE('',*,*,#1459,.F.);
#1513 = ORIENTED_EDGE('',*,*,#618,.T.);
#1514 = ORIENTED_EDGE('',*,*,#1486,.T.);
#1515 = ADVANCED_FACE('',(#1516),#357,.F.);
#1516 = FACE_BOUND('',#1517,.F.);
#1517 = EDGE_LOOP('',(#1518,#1519,#1540,#1541));
#1518 = ORIENTED_EDGE('',*,*,#340,.F.);
#1519 = ORIENTED_EDGE('',*,*,#1520,.F.);
#1520 = EDGE_CURVE('',#694,#341,#1521,.T.);
#1521 = SEAM_CURVE('',#1522,(#1526,#1533),.PCURVE_S1.);
#1522 = LINE('',#1523,#1524);
#1523 = CARTESIAN_POINT('',(2.25,1.25,-1.));
#1524 = VECTOR('',#1525,1.);
#1525 = DIRECTION('',(0.,0.,1.));
#1526 = PCURVE('',#357,#1527);
#1527 = DEFINITIONAL_REPRESENTATION('',(#1528),#1532);
#1528 = LINE('',#1529,#1530);
#1529 = CARTESIAN_POINT('',(6.28318530718,-0.));
#1530 = VECTOR('',#1531,1.);
#1531 = DIRECTION('',(0.,1.));
#1532 = ( GEOMETRIC_REPRESENTATION_CONTEXT(2) 
PARAMETRIC_REPRESENTATION_CONTEXT() REPRESENTATION_CONTEXT('2D SPACE',''
  ) );
#1533 = PCURVE('',#357,#1534);
#1534 = DEFINITIONAL_REPRESENTATION('',(#1535),#1539);
#1535 = LINE('',#1536,#1537);
#1536 = CARTESIAN_POINT('',(0.,-0.));
#1537 = VECTOR('',#1538,1.);
#1538 = DIRECTION('',(0.,1.));
#1539 = ( GEOMETRIC_REPRESENTATION_CONTEXT(2) 
PARAMETRIC_REPRESENTATION_CONTEXT() REPRESENTATION_CONTEXT('2D SPACE',''
  ) );
#1540 = ORIENTED_EDGE('',*,*,#693,.T.);
#1541 = ORIENTED_EDGE('',*,*,#1520,.T.);
#1542 = ADVANCED_FACE('',(#1543),#388,.F.);
#1543 = FACE_BOUND('',#1544,.F.);
#1544 = EDGE_LOOP('',(#1545,#1546,#1567,#1568));
#1545 = ORIENTED_EDGE('',*,*,#371,.F.);
#1546 = ORIENTED_EDGE('',*,*,#1547,.F.);
#1547 = EDGE_CURVE('',#720,#372,#1548,.T.);
#1548 = SEAM_CURVE('',#1549,(#1553,#1560),.PCURVE_S1.);
#1549 = LINE('',#1550,#1551);
#1550 = CARTESIAN_POINT('',(59.75,1.25,-1.));
#1551 = VECTOR('',#1552,1.);
#1552 = DIRECTION('',(0.,0.,1.));
#1553 = PCURVE('',#388,#1554);
#1554 = DEFINITIONAL_REPRESENTATION('',(#1555),#1559);
#1555 = LINE('',#1556,#1557);
#1556 = CARTESIAN_POINT('',(6.28318530718,-0.));
#1557 = VECTOR('',#1558,1.);
#1558 = DIRECTION('',(0.,1.));
#1559 = ( GEOMETRIC_REPRESENTATION_CONTEXT(2) 
PARAMETRIC_REPRESENTATION_CONTEXT() REPRESENTATION_CONTEXT('2D SPACE',''
  ) );
#1560 = PCURVE('',#388,#1561);
#1561 = DEFINITIONAL_REPRESENTATION('',(#1562),#1566);
#1562 = LINE('',#1563,#1564);
#1563 = CARTESIAN_POINT('',(0.,-0.));
#1564 = VECTOR('',#1565,1.);
#1565 = DIRECTION('',(0.,1.));
#1566 = ( GEOMETRIC_REPRESENTATION_CONTEXT(2) 
PARAMETRIC_REPRESENTATION_CONTEXT() REPRESENTATION_CONTEXT('2D SPACE',''
  ) );
#1567 = ORIENTED_EDGE('',*,*,#719,.T.);
#1568 = ORIENTED_EDGE('',*,*,#1547,.T.);
#1569 = ADVANCED_FACE('',(#1570),#419,.F.);
#1570 = FACE_BOUND('',#1571,.F.);
#1571 = EDGE_LOOP('',(#1572,#1573,#1594,#1595));
#1572 = ORIENTED_EDGE('',*,*,#402,.F.);
#1573 = ORIENTED_EDGE('',*,*,#1574,.F.);
#1574 = EDGE_CURVE('',#746,#403,#1575,.T.);
#1575 = SEAM_CURVE('',#1576,(#1580,#1587),.PCURVE_S1.);
#1576 = LINE('',#1577,#1578);
#1577 = CARTESIAN_POINT('',(2.25,38.75,-1.));
#1578 = VECTOR('',#1579,1.);
#1579 = DIRECTION('',(0.,0.,1.));
#1580 = PCURVE('',#419,#1581);
#1581 = DEFINITIONAL_REPRESENTATION('',(#1582),#1586);
#1582 = LINE('',#1583,#1584);
#1583 = CARTESIAN_POINT('',(6.28318530718,-0.));
#1584 = VECTOR('',#1585,1.);
#1585 = DIRECTION('',(0.,1.));
#1586 = ( GEOMETRIC_REPRESENTATION_CONTEXT(2) 
PARAMETRIC_REPRESENTATION_CONTEXT() REPRESENTATION_CONTEXT('2D SPACE',''
  ) );
#1587 = PCURVE('',#419,#1588);
#1588 = DEFINITIONAL_REPRESENTATION('',(#1589),#1593);
#1589 = LINE('',#1590,#1591);
#1590 = CARTESIAN_POINT('',(0.,-0.));
#1591 = VECTOR('',#1592,1.);
#1592 = DIRECTION('',(0.,1.));
#1593 = ( GEOMETRIC_REPRESENTATION_CONTEXT(2) 
PARAMETRIC_REPRESENTATION_CONTEXT() REPRESENTATION_CONTEXT('2D SPACE',''
  ) );
#1594 = ORIENTED_EDGE('',*,*,#745,.T.);
#1595 = ORIENTED_EDGE('',*,*,#1574,.T.);
#1596 = ADVANCED_FACE('',(#1597),#450,.F.);
#1597 = FACE_BOUND('',#1598,.F.);
#1598 = EDGE_LOOP('',(#1599,#1600,#1621,#1622));
#1599 = ORIENTED_EDGE('',*,*,#433,.F.);
#1600 = ORIENTED_EDGE('',*,*,#1601,.F.);
#1601 = EDGE_CURVE('',#772,#434,#1602,.T.);
#1602 = SEAM_CURVE('',#1603,(#1607,#1614),.PCURVE_S1.);
#1603 = LINE('',#1604,#1605);
#1604 = CARTESIAN_POINT('',(59.75,38.75,-1.));
#1605 = VECTOR('',#1606,1.);
#1606 = DIRECTION('',(0.,0.,1.));
#1607 = PCURVE('',#450,#1608);
#1608 = DEFINITIONAL_REPRESENTATION('',(#1609),#1613);
#1609 = LINE('',#1610,#1611);
#1610 = CARTESIAN_POINT('',(6.28318530718,-0.));
#1611 = VECTOR('',#1612,1.);
#1612 = DIRECTION('',(0.,1.));
#1613 = ( GEOMETRIC_REPRESENTATION_CONTEXT(2) 
PARAMETRIC_REPRESENTATION_CONTEXT() REPRESENTATION_CONTEXT('2D SPACE',''
  ) );
#1614 = PCURVE('',#450,#1615);
#1615 = DEFINITIONAL_REPRESENTATION('',(#1616),#1620);
#1616 = LINE('',#1617,#1618);
#1617 = CARTESIAN_POINT('',(0.,-0.));
#1618 = VECTOR('',#1619,1.);
#1619 = DIRECTION('',(0.,1.));
#1620 = ( GEOMETRIC_REPRESENTATION_CONTEXT(2) 
PARAMETRIC_REPRESENTATION_CONTEXT() REPRESENTATION_CONTEXT('2D SPACE',''
  ) );
#1621 = ORIENTED_EDGE('',*,*,#771,.T.);
#1622 = ORIENTED_EDGE('',*,*,#1601,.T.);
#1623 = ADVANCED_FACE('',(#1624),#842,.F.);
#1624 = FACE_BOUND('',#1625,.F.);
#1625 = EDGE_LOOP('',(#1626,#1656,#1678,#1679,#1680,#1681,#1709,#1737,
    #1770,#1798,#1819,#1848,#1874,#1897,#1926,#1954,#1983,#2011,#2032,
    #2061,#2087,#2116,#2142,#2165,#2194,#2222,#2251,#2279,#2300,#2329,
    #2355,#2384,#2410,#2433,#2462,#2490,#2519,#2547,#2568,#2597,#2623,
    #2646));
#1626 = ORIENTED_EDGE('',*,*,#1627,.F.);
#1627 = EDGE_CURVE('',#1628,#1630,#1632,.T.);
#1628 = VERTEX_POINT('',#1629);
#1629 = CARTESIAN_POINT('',(10.,1.,8.));
#1630 = VERTEX_POINT('',#1631);
#1631 = CARTESIAN_POINT('',(10.,1.5,8.));
#1632 = SURFACE_CURVE('',#1633,(#1637,#1644),.PCURVE_S1.);
#1633 = LINE('',#1634,#1635);
#1634 = CARTESIAN_POINT('',(10.,-1.,8.));
#1635 = VECTOR('',#1636,1.);
#1636 = DIRECTION('',(-0.,1.,0.));
#1637 = PCURVE('',#842,#1638);
#1638 = DEFINITIONAL_REPRESENTATION('',(#1639),#1643);
#1639 = LINE('',#1640,#1641);
#1640 = CARTESIAN_POINT('',(0.,0.));
#1641 = VECTOR('',#1642,1.);
#1642 = DIRECTION('',(0.,1.));
#1643 = ( GEOMETRIC_REPRESENTATION_CONTEXT(2) 
PARAMETRIC_REPRESENTATION_CONTEXT() REPRESENTATION_CONTEXT('2D SPACE',''
  ) );
#1644 = PCURVE('',#1645,#1650);
#1645 = PLANE('',#1646);
#1646 = AXIS2_PLACEMENT_3D('',#1647,#1648,#1649);
#1647 = CARTESIAN_POINT('',(10.,-1.,6.));
#1648 = DIRECTION('',(1.,0.,-0.));
#1649 = DIRECTION('',(0.,0.,1.));
#1650 = DEFINITIONAL_REPRESENTATION('',(#1651),#1655);
#1651 = LINE('',#1652,#1653);
#1652 = CARTESIAN_POINT('',(2.,0.));
#1653 = VECTOR('',#1654,1.);
#1654 = DIRECTION('',(0.,-1.));
#1655 = ( GEOMETRIC_REPRESENTATION_CONTEXT(2) 
PARAMETRIC_REPRESENTATION_CONTEXT() REPRESENTATION_CONTEXT('2D SPACE',''
  ) );
#1656 = ORIENTED_EDGE('',*,*,#1657,.F.);
#1657 = EDGE_CURVE('',#827,#1628,#1658,.T.);
#1658 = SURFACE_CURVE('',#1659,(#1664,#1671),.PCURVE_S1.);
#1659 = CIRCLE('',#1660,1.);
#1660 = AXIS2_PLACEMENT_3D('',#1661,#1662,#1663);
#1661 = CARTESIAN_POINT('',(9.,1.,8.));
#1662 = DIRECTION('',(0.,-0.,1.));
#1663 = DIRECTION('',(0.,1.,0.));
#1664 = PCURVE('',#842,#1665);
#1665 = DEFINITIONAL_REPRESENTATION('',(#1666),#1670);
#1666 = CIRCLE('',#1667,1.);
#1667 = AXIS2_PLACEMENT_2D('',#1668,#1669);
#1668 = CARTESIAN_POINT('',(-1.,2.));
#1669 = DIRECTION('',(0.,1.));
#1670 = ( GEOMETRIC_REPRESENTATION_CONTEXT(2) 
PARAMETRIC_REPRESENTATION_CONTEXT() REPRESENTATION_CONTEXT('2D SPACE',''
  ) );
#1671 = PCURVE('',#870,#1672);
#1672 = DEFINITIONAL_REPRESENTATION('',(#1673),#1677);
#1673 = LINE('',#1674,#1675);
#1674 = CARTESIAN_POINT('',(3.14159265359,-0.));
#1675 = VECTOR('',#1676,1.);
#1676 = DIRECTION('',(-1.,0.));
#1677 = ( GEOMETRIC_REPRESENTATION_CONTEXT(2) 
PARAMETRIC_REPRESENTATION_CONTEXT() REPRESENTATION_CONTEXT('2D SPACE',''
  ) );
#1678 = ORIENTED_EDGE('',*,*,#824,.F.);
#1679 = ORIENTED_EDGE('',*,*,#1005,.T.);
#1680 = ORIENTED_EDGE('',*,*,#982,.T.);
#1681 = ORIENTED_EDGE('',*,*,#1682,.T.);
#1682 = EDGE_CURVE('',#955,#1683,#1685,.T.);
#1683 = VERTEX_POINT('',#1684);
#1684 = CARTESIAN_POINT('',(50.,1.,8.));
#1685 = SURFACE_CURVE('',#1686,(#1691,#1702),.PCURVE_S1.);
#1686 = CIRCLE('',#1687,1.);
#1687 = AXIS2_PLACEMENT_3D('',#1688,#1689,#1690);
#1688 = CARTESIAN_POINT('',(51.,1.,8.));
#1689 = DIRECTION('',(-0.,0.,-1.));
#1690 = DIRECTION('',(0.,1.,0.));
#1691 = PCURVE('',#842,#1692);
#1692 = DEFINITIONAL_REPRESENTATION('',(#1693),#1701);
#1693 = ( BOUNDED_CURVE() B_SPLINE_CURVE(2,(#1694,#1695,#1696,#1697,
#1698,#1699,#1700),.UNSPECIFIED.,.T.,.F.) B_SPLINE_CURVE_WITH_KNOTS((1,2
    ,2,2,2,1),(-2.094395102393,0.,2.094395102393,4.188790204786,
6.28318530718,8.377580409573),.UNSPECIFIED.) CURVE() 
GEOMETRIC_REPRESENTATION_ITEM() RATIONAL_B_SPLINE_CURVE((1.,0.5,1.,0.5,
1.,0.5,1.)) REPRESENTATION_ITEM('') );
#1694 = CARTESIAN_POINT('',(41.,3.));
#1695 = CARTESIAN_POINT('',(42.732050807569,3.));
#1696 = CARTESIAN_POINT('',(41.866025403784,1.5));
#1697 = CARTESIAN_POINT('',(41.,2.22044604925E-16));
#1698 = CARTESIAN_POINT('',(40.133974596216,1.5));
#1699 = CARTESIAN_POINT('',(39.267949192431,3.));
#1700 = CARTESIAN_POINT('',(41.,3.));
#1701 = ( GEOMETRIC_REPRESENTATION_CONTEXT(2) 
PARAMETRIC_REPRESENTATION_CONTEXT() REPRESENTATION_CONTEXT('2D SPACE',''
  ) );
#1702 = PCURVE('',#970,#1703);
#1703 = DEFINITIONAL_REPRESENTATION('',(#1704),#1708);
#1704 = LINE('',#1705,#1706);
#1705 = CARTESIAN_POINT('',(-3.14159265359,0.));
#1706 = VECTOR('',#1707,1.);
#1707 = DIRECTION('',(1.,0.));
#1708 = ( GEOMETRIC_REPRESENTATION_CONTEXT(2) 
PARAMETRIC_REPRESENTATION_CONTEXT() REPRESENTATION_CONTEXT('2D SPACE',''
  ) );
#1709 = ORIENTED_EDGE('',*,*,#1710,.T.);
#1710 = EDGE_CURVE('',#1683,#1711,#1713,.T.);
#1711 = VERTEX_POINT('',#1712);
#1712 = CARTESIAN_POINT('',(50.,1.5,8.));
#1713 = SURFACE_CURVE('',#1714,(#1718,#1725),.PCURVE_S1.);
#1714 = LINE('',#1715,#1716);
#1715 = CARTESIAN_POINT('',(50.,-1.,8.));
#1716 = VECTOR('',#1717,1.);
#1717 = DIRECTION('',(-0.,1.,0.));
#1718 = PCURVE('',#842,#1719);
#1719 = DEFINITIONAL_REPRESENTATION('',(#1720),#1724);
#1720 = LINE('',#1721,#1722);
#1721 = CARTESIAN_POINT('',(40.,0.));
#1722 = VECTOR('',#1723,1.);
#1723 = DIRECTION('',(0.,1.));
#1724 = ( GEOMETRIC_REPRESENTATION_CONTEXT(2) 
PARAMETRIC_REPRESENTATION_CONTEXT() REPRESENTATION_CONTEXT('2D SPACE',''
  ) );
#1725 = PCURVE('',#1726,#1731);
#1726 = PLANE('',#1727);
#1727 = AXIS2_PLACEMENT_3D('',#1728,#1729,#1730);
#1728 = CARTESIAN_POINT('',(50.,-1.,6.));
#1729 = DIRECTION('',(1.,0.,-0.));
#1730 = DIRECTION('',(0.,0.,1.));
#1731 = DEFINITIONAL_REPRESENTATION('',(#1732),#1736);
#1732 = LINE('',#1733,#1734);
#1733 = CARTESIAN_POINT('',(2.,0.));
#1734 = VECTOR('',#1735,1.);
#1735 = DIRECTION('',(0.,-1.));
#1736 = ( GEOMETRIC_REPRESENTATION_CONTEXT(2) 
PARAMETRIC_REPRESENTATION_CONTEXT() REPRESENTATION_CONTEXT('2D SPACE',''
  ) );
#1737 = ORIENTED_EDGE('',*,*,#1738,.T.);
#1738 = EDGE_CURVE('',#1711,#1739,#1741,.T.);
#1739 = VERTEX_POINT('',#1740);
#1740 = CARTESIAN_POINT('',(51.,2.5,8.));
#1741 = SURFACE_CURVE('',#1742,(#1747,#1758),.PCURVE_S1.);
#1742 = CIRCLE('',#1743,1.);
#1743 = AXIS2_PLACEMENT_3D('',#1744,#1745,#1746);
#1744 = CARTESIAN_POINT('',(51.,1.5,8.));
#1745 = DIRECTION('',(-0.,0.,-1.));
#1746 = DIRECTION('',(0.,1.,0.));
#1747 = PCURVE('',#842,#1748);
#1748 = DEFINITIONAL_REPRESENTATION('',(#1749),#1757);
#1749 = ( BOUNDED_CURVE() B_SPLINE_CURVE(2,(#1750,#1751,#1752,#1753,
#1754,#1755,#1756),.UNSPECIFIED.,.T.,.F.) B_SPLINE_CURVE_WITH_KNOTS((1,2
    ,2,2,2,1),(-2.094395102393,0.,2.094395102393,4.188790204786,
6.28318530718,8.377580409573),.UNSPECIFIED.) CURVE() 
GEOMETRIC_REPRESENTATION_ITEM() RATIONAL_B_SPLINE_CURVE((1.,0.5,1.,0.5,
1.,0.5,1.)) REPRESENTATION_ITEM('') );
#1750 = CARTESIAN_POINT('',(41.,3.5));
#1751 = CARTESIAN_POINT('',(42.732050807569,3.5));
#1752 = CARTESIAN_POINT('',(41.866025403784,2.));
#1753 = CARTESIAN_POINT('',(41.,0.5));
#1754 = CARTESIAN_POINT('',(40.133974596216,2.));
#1755 = CARTESIAN_POINT('',(39.267949192431,3.5));
#1756 = CARTESIAN_POINT('',(41.,3.5));
#1757 = ( GEOMETRIC_REPRESENTATION_CONTEXT(2) 
PARAMETRIC_REPRESENTATION_CONTEXT() REPRESENTATION_CONTEXT('2D SPACE',''
  ) );
#1758 = PCURVE('',#1759,#1764);
#1759 = CYLINDRICAL_SURFACE('',#1760,1.);
#1760 = AXIS2_PLACEMENT_3D('',#1761,#1762,#1763);
#1761 = CARTESIAN_POINT('',(51.,1.5,8.));
#1762 = DIRECTION('',(-0.,0.,-1.));
#1763 = DIRECTION('',(-1.,-0.,0.));
#1764 = DEFINITIONAL_REPRESENTATION('',(#1765),#1769);
#1765 = LINE('',#1766,#1767);
#1766 = CARTESIAN_POINT('',(-4.712388980385,0.));
#1767 = VECTOR('',#1768,1.);
#1768 = DIRECTION('',(1.,0.));
#1769 = ( GEOMETRIC_REPRESENTATION_CONTEXT(2) 
PARAMETRIC_REPRESENTATION_CONTEXT() REPRESENTATION_CONTEXT('2D SPACE',''
  ) );
#1770 = ORIENTED_EDGE('',*,*,#1771,.F.);
#1771 = EDGE_CURVE('',#1772,#1739,#1774,.T.);
#1772 = VERTEX_POINT('',#1773);
#1773 = CARTESIAN_POINT('',(50.,2.5,8.));
#1774 = SURFACE_CURVE('',#1775,(#1779,#1786),.PCURVE_S1.);
#1775 = LINE('',#1776,#1777);
#1776 = CARTESIAN_POINT('',(6.25,2.5,8.));
#1777 = VECTOR('',#1778,1.);
#1778 = DIRECTION('',(1.,0.,-0.));
#1779 = PCURVE('',#842,#1780);
#1780 = DEFINITIONAL_REPRESENTATION('',(#1781),#1785);
#1781 = LINE('',#1782,#1783);
#1782 = CARTESIAN_POINT('',(-3.75,3.5));
#1783 = VECTOR('',#1784,1.);
#1784 = DIRECTION('',(1.,0.));
#1785 = ( GEOMETRIC_REPRESENTATION_CONTEXT(2) 
PARAMETRIC_REPRESENTATION_CONTEXT() REPRESENTATION_CONTEXT('2D SPACE',''
  ) );
#1786 = PCURVE('',#1787,#1792);
#1787 = PLANE('',#1788);
#1788 = AXIS2_PLACEMENT_3D('',#1789,#1790,#1791);
#1789 = CARTESIAN_POINT('',(2.5,2.5,2.5));
#1790 = DIRECTION('',(-0.,1.,0.));
#1791 = DIRECTION('',(0.,0.,1.));
#1792 = DEFINITIONAL_REPRESENTATION('',(#1793),#1797);
#1793 = LINE('',#1794,#1795);
#1794 = CARTESIAN_POINT('',(5.5,3.75));
#1795 = VECTOR('',#1796,1.);
#1796 = DIRECTION('',(0.,1.));
#1797 = ( GEOMETRIC_REPRESENTATION_CONTEXT(2) 
PARAMETRIC_REPRESENTATION_CONTEXT() REPRESENTATION_CONTEXT('2D SPACE',''
  ) );
#1798 = ORIENTED_EDGE('',*,*,#1799,.F.);
#1799 = EDGE_CURVE('',#1800,#1772,#1802,.T.);
#1800 = VERTEX_POINT('',#1801);
#1801 = CARTESIAN_POINT('',(48.5,2.5,8.));
#1802 = SURFACE_CURVE('',#1803,(#1807,#1813),.PCURVE_S1.);
#1803 = LINE('',#1804,#1805);
#1804 = CARTESIAN_POINT('',(6.25,2.5,8.));
#1805 = VECTOR('',#1806,1.);
#1806 = DIRECTION('',(1.,0.,-0.));
#1807 = PCURVE('',#842,#1808);
#1808 = DEFINITIONAL_REPRESENTATION('',(#1809),#1812);
#1809 = B_SPLINE_CURVE_WITH_KNOTS('',1,(#1810,#1811),.UNSPECIFIED.,.F.,
  .F.,(2,2),(41.25,43.75),.PIECEWISE_BEZIER_KNOTS.);
#1810 = CARTESIAN_POINT('',(37.5,3.5));
#1811 = CARTESIAN_POINT('',(40.,3.5));
#1812 = ( GEOMETRIC_REPRESENTATION_CONTEXT(2) 
PARAMETRIC_REPRESENTATION_CONTEXT() REPRESENTATION_CONTEXT('2D SPACE',''
  ) );
#1813 = PCURVE('',#1787,#1814);
#1814 = DEFINITIONAL_REPRESENTATION('',(#1815),#1818);
#1815 = B_SPLINE_CURVE_WITH_KNOTS('',1,(#1816,#1817),.UNSPECIFIED.,.F.,
  .F.,(2,2),(41.25,43.75),.PIECEWISE_BEZIER_KNOTS.);
#1816 = CARTESIAN_POINT('',(5.5,45.));
#1817 = CARTESIAN_POINT('',(5.5,47.5));
#1818 = ( GEOMETRIC_REPRESENTATION_CONTEXT(2) 
PARAMETRIC_REPRESENTATION_CONTEXT() REPRESENTATION_CONTEXT('2D SPACE',''
  ) );
#1819 = ORIENTED_EDGE('',*,*,#1820,.F.);
#1820 = EDGE_CURVE('',#1821,#1800,#1823,.T.);
#1821 = VERTEX_POINT('',#1822);
#1822 = CARTESIAN_POINT('',(47.5,3.5,8.));
#1823 = SURFACE_CURVE('',#1824,(#1829,#1836),.PCURVE_S1.);
#1824 = CIRCLE('',#1825,1.);
#1825 = AXIS2_PLACEMENT_3D('',#1826,#1827,#1828);
#1826 = CARTESIAN_POINT('',(48.5,3.5,8.));
#1827 = DIRECTION('',(0.,0.,1.));
#1828 = DIRECTION('',(0.,-1.,0.));
#1829 = PCURVE('',#842,#1830);
#1830 = DEFINITIONAL_REPRESENTATION('',(#1831),#1835);
#1831 = CIRCLE('',#1832,1.);
#1832 = AXIS2_PLACEMENT_2D('',#1833,#1834);
#1833 = CARTESIAN_POINT('',(38.5,4.5));
#1834 = DIRECTION('',(0.,-1.));
#1835 = ( GEOMETRIC_REPRESENTATION_CONTEXT(2) 
PARAMETRIC_REPRESENTATION_CONTEXT() REPRESENTATION_CONTEXT('2D SPACE',''
  ) );
#1836 = PCURVE('',#1837,#1842);
#1837 = CYLINDRICAL_SURFACE('',#1838,1.);
#1838 = AXIS2_PLACEMENT_3D('',#1839,#1840,#1841);
#1839 = CARTESIAN_POINT('',(48.5,3.5,8.));
#1840 = DIRECTION('',(0.,0.,1.));
#1841 = DIRECTION('',(-1.,-0.,0.));
#1842 = DEFINITIONAL_REPRESENTATION('',(#1843),#1847);
#1843 = LINE('',#1844,#1845);
#1844 = CARTESIAN_POINT('',(-4.712388980385,0.));
#1845 = VECTOR('',#1846,1.);
#1846 = DIRECTION('',(1.,0.));
#1847 = ( GEOMETRIC_REPRESENTATION_CONTEXT(2) 
PARAMETRIC_REPRESENTATION_CONTEXT() REPRESENTATION_CONTEXT('2D SPACE',''
  ) );
#1848 = ORIENTED_EDGE('',*,*,#1849,.F.);
#1849 = EDGE_CURVE('',#1850,#1821,#1852,.T.);
#1850 = VERTEX_POINT('',#1851);
#1851 = CARTESIAN_POINT('',(47.5,4.,8.));
#1852 = SURFACE_CURVE('',#1853,(#1857,#1863),.PCURVE_S1.);
#1853 = LINE('',#1854,#1855);
#1854 = CARTESIAN_POINT('',(47.5,0.75,8.));
#1855 = VECTOR('',#1856,1.);
#1856 = DIRECTION('',(0.,-1.,0.));
#1857 = PCURVE('',#842,#1858);
#1858 = DEFINITIONAL_REPRESENTATION('',(#1859),#1862);
#1859 = B_SPLINE_CURVE_WITH_KNOTS('',1,(#1860,#1861),.UNSPECIFIED.,.F.,
  .F.,(2,2),(-3.25,-1.75),.PIECEWISE_BEZIER_KNOTS.);
#1860 = CARTESIAN_POINT('',(37.5,5.));
#1861 = CARTESIAN_POINT('',(37.5,3.5));
#1862 = ( GEOMETRIC_REPRESENTATION_CONTEXT(2) 
PARAMETRIC_REPRESENTATION_CONTEXT() REPRESENTATION_CONTEXT('2D SPACE',''
  ) );
#1863 = PCURVE('',#1864,#1869);
#1864 = PLANE('',#1865);
#1865 = AXIS2_PLACEMENT_3D('',#1866,#1867,#1868);
#1866 = CARTESIAN_POINT('',(47.5,2.5,2.5));
#1867 = DIRECTION('',(1.,0.,-0.));
#1868 = DIRECTION('',(0.,0.,1.));
#1869 = DEFINITIONAL_REPRESENTATION('',(#1870),#1873);
#1870 = B_SPLINE_CURVE_WITH_KNOTS('',1,(#1871,#1872),.UNSPECIFIED.,.F.,
  .F.,(2,2),(-3.25,-1.75),.PIECEWISE_BEZIER_KNOTS.);
#1871 = CARTESIAN_POINT('',(5.5,-1.5));
#1872 = CARTESIAN_POINT('',(5.5,0.));
#1873 = ( GEOMETRIC_REPRESENTATION_CONTEXT(2) 
PARAMETRIC_REPRESENTATION_CONTEXT() REPRESENTATION_CONTEXT('2D SPACE',''
  ) );
#1874 = ORIENTED_EDGE('',*,*,#1875,.T.);
#1875 = EDGE_CURVE('',#1850,#1876,#1878,.T.);
#1876 = VERTEX_POINT('',#1877);
#1877 = CARTESIAN_POINT('',(47.5,5.,8.));
#1878 = SURFACE_CURVE('',#1879,(#1883,#1890),.PCURVE_S1.);
#1879 = LINE('',#1880,#1881);
#1880 = CARTESIAN_POINT('',(47.5,0.75,8.));
#1881 = VECTOR('',#1882,1.);
#1882 = DIRECTION('',(-0.,1.,-0.));
#1883 = PCURVE('',#842,#1884);
#1884 = DEFINITIONAL_REPRESENTATION('',(#1885),#1889);
#1885 = LINE('',#1886,#1887);
#1886 = CARTESIAN_POINT('',(37.5,1.75));
#1887 = VECTOR('',#1888,1.);
#1888 = DIRECTION('',(0.,1.));
#1889 = ( GEOMETRIC_REPRESENTATION_CONTEXT(2) 
PARAMETRIC_REPRESENTATION_CONTEXT() REPRESENTATION_CONTEXT('2D SPACE',''
  ) );
#1890 = PCURVE('',#1864,#1891);
#1891 = DEFINITIONAL_REPRESENTATION('',(#1892),#1896);
#1892 = LINE('',#1893,#1894);
#1893 = CARTESIAN_POINT('',(5.5,1.75));
#1894 = VECTOR('',#1895,1.);
#1895 = DIRECTION('',(0.,-1.));
#1896 = ( GEOMETRIC_REPRESENTATION_CONTEXT(2) 
PARAMETRIC_REPRESENTATION_CONTEXT() REPRESENTATION_CONTEXT('2D SPACE',''
  ) );
#1897 = ORIENTED_EDGE('',*,*,#1898,.F.);
#1898 = EDGE_CURVE('',#1899,#1876,#1901,.T.);
#1899 = VERTEX_POINT('',#1900);
#1900 = CARTESIAN_POINT('',(46.5,4.,8.));
#1901 = SURFACE_CURVE('',#1902,(#1907,#1914),.PCURVE_S1.);
#1902 = CIRCLE('',#1903,1.);
#1903 = AXIS2_PLACEMENT_3D('',#1904,#1905,#1906);
#1904 = CARTESIAN_POINT('',(46.5,5.,8.));
#1905 = DIRECTION('',(0.,0.,1.));
#1906 = DIRECTION('',(0.,-1.,0.));
#1907 = PCURVE('',#842,#1908);
#1908 = DEFINITIONAL_REPRESENTATION('',(#1909),#1913);
#1909 = CIRCLE('',#1910,1.);
#1910 = AXIS2_PLACEMENT_2D('',#1911,#1912);
#1911 = CARTESIAN_POINT('',(36.5,6.));
#1912 = DIRECTION('',(0.,-1.));
#1913 = ( GEOMETRIC_REPRESENTATION_CONTEXT(2) 
PARAMETRIC_REPRESENTATION_CONTEXT() REPRESENTATION_CONTEXT('2D SPACE',''
  ) );
#1914 = PCURVE('',#1915,#1920);
#1915 = CYLINDRICAL_SURFACE('',#1916,1.);
#1916 = AXIS2_PLACEMENT_3D('',#1917,#1918,#1919);
#1917 = CARTESIAN_POINT('',(46.5,5.,6.));
#1918 = DIRECTION('',(0.,0.,1.));
#1919 = DIRECTION('',(0.,-1.,0.));
#1920 = DEFINITIONAL_REPRESENTATION('',(#1921),#1925);
#1921 = LINE('',#1922,#1923);
#1922 = CARTESIAN_POINT('',(0.,2.));
#1923 = VECTOR('',#1924,1.);
#1924 = DIRECTION('',(1.,0.));
#1925 = ( GEOMETRIC_REPRESENTATION_CONTEXT(2) 
PARAMETRIC_REPRESENTATION_CONTEXT() REPRESENTATION_CONTEXT('2D SPACE',''
  ) );
#1926 = ORIENTED_EDGE('',*,*,#1927,.F.);
#1927 = EDGE_CURVE('',#1928,#1899,#1930,.T.);
#1928 = VERTEX_POINT('',#1929);
#1929 = CARTESIAN_POINT('',(46.,4.,8.));
#1930 = SURFACE_CURVE('',#1931,(#1935,#1942),.PCURVE_S1.);
#1931 = LINE('',#1932,#1933);
#1932 = CARTESIAN_POINT('',(10.,4.,8.));
#1933 = VECTOR('',#1934,1.);
#1934 = DIRECTION('',(1.,0.,-0.));
#1935 = PCURVE('',#842,#1936);
#1936 = DEFINITIONAL_REPRESENTATION('',(#1937),#1941);
#1937 = LINE('',#1938,#1939);
#1938 = CARTESIAN_POINT('',(0.,5.));
#1939 = VECTOR('',#1940,1.);
#1940 = DIRECTION('',(1.,0.));
#1941 = ( GEOMETRIC_REPRESENTATION_CONTEXT(2) 
PARAMETRIC_REPRESENTATION_CONTEXT() REPRESENTATION_CONTEXT('2D SPACE',''
  ) );
#1942 = PCURVE('',#1943,#1948);
#1943 = PLANE('',#1944);
#1944 = AXIS2_PLACEMENT_3D('',#1945,#1946,#1947);
#1945 = CARTESIAN_POINT('',(10.,4.,6.));
#1946 = DIRECTION('',(-0.,1.,0.));
#1947 = DIRECTION('',(0.,0.,1.));
#1948 = DEFINITIONAL_REPRESENTATION('',(#1949),#1953);
#1949 = LINE('',#1950,#1951);
#1950 = CARTESIAN_POINT('',(2.,0.));
#1951 = VECTOR('',#1952,1.);
#1952 = DIRECTION('',(0.,1.));
#1953 = ( GEOMETRIC_REPRESENTATION_CONTEXT(2) 
PARAMETRIC_REPRESENTATION_CONTEXT() REPRESENTATION_CONTEXT('2D SPACE',''
  ) );
#1954 = ORIENTED_EDGE('',*,*,#1955,.F.);
#1955 = EDGE_CURVE('',#1956,#1928,#1958,.T.);
#1956 = VERTEX_POINT('',#1957);
#1957 = CARTESIAN_POINT('',(45.,5.,8.));
#1958 = SURFACE_CURVE('',#1959,(#1964,#1971),.PCURVE_S1.);
#1959 = CIRCLE('',#1960,1.);
#1960 = AXIS2_PLACEMENT_3D('',#1961,#1962,#1963);
#1961 = CARTESIAN_POINT('',(46.,5.,8.));
#1962 = DIRECTION('',(0.,0.,1.));
#1963 = DIRECTION('',(0.,-1.,0.));
#1964 = PCURVE('',#842,#1965);
#1965 = DEFINITIONAL_REPRESENTATION('',(#1966),#1970);
#1966 = CIRCLE('',#1967,1.);
#1967 = AXIS2_PLACEMENT_2D('',#1968,#1969);
#1968 = CARTESIAN_POINT('',(36.,6.));
#1969 = DIRECTION('',(0.,-1.));
#1970 = ( GEOMETRIC_REPRESENTATION_CONTEXT(2) 
PARAMETRIC_REPRESENTATION_CONTEXT() REPRESENTATION_CONTEXT('2D SPACE',''
  ) );
#1971 = PCURVE('',#1972,#1977);
#1972 = CYLINDRICAL_SURFACE('',#1973,1.);
#1973 = AXIS2_PLACEMENT_3D('',#1974,#1975,#1976);
#1974 = CARTESIAN_POINT('',(46.,5.,6.));
#1975 = DIRECTION('',(0.,0.,1.));
#1976 = DIRECTION('',(-1.,-0.,0.));
#1977 = DEFINITIONAL_REPRESENTATION('',(#1978),#1982);
#1978 = LINE('',#1979,#1980);
#1979 = CARTESIAN_POINT('',(-4.712388980385,2.));
#1980 = VECTOR('',#1981,1.);
#1981 = DIRECTION('',(1.,0.));
#1982 = ( GEOMETRIC_REPRESENTATION_CONTEXT(2) 
PARAMETRIC_REPRESENTATION_CONTEXT() REPRESENTATION_CONTEXT('2D SPACE',''
  ) );
#1983 = ORIENTED_EDGE('',*,*,#1984,.F.);
#1984 = EDGE_CURVE('',#1985,#1956,#1987,.T.);
#1985 = VERTEX_POINT('',#1986);
#1986 = CARTESIAN_POINT('',(45.,4.,8.));
#1987 = SURFACE_CURVE('',#1988,(#1992,#1999),.PCURVE_S1.);
#1988 = LINE('',#1989,#1990);
#1989 = CARTESIAN_POINT('',(45.,0.75,8.));
#1990 = VECTOR('',#1991,1.);
#1991 = DIRECTION('',(-0.,1.,-0.));
#1992 = PCURVE('',#842,#1993);
#1993 = DEFINITIONAL_REPRESENTATION('',(#1994),#1998);
#1994 = LINE('',#1995,#1996);
#1995 = CARTESIAN_POINT('',(35.,1.75));
#1996 = VECTOR('',#1997,1.);
#1997 = DIRECTION('',(0.,1.));
#1998 = ( GEOMETRIC_REPRESENTATION_CONTEXT(2) 
PARAMETRIC_REPRESENTATION_CONTEXT() REPRESENTATION_CONTEXT('2D SPACE',''
  ) );
#1999 = PCURVE('',#2000,#2005);
#2000 = PLANE('',#2001);
#2001 = AXIS2_PLACEMENT_3D('',#2002,#2003,#2004);
#2002 = CARTESIAN_POINT('',(45.,2.5,2.5));
#2003 = DIRECTION('',(1.,0.,-0.));
#2004 = DIRECTION('',(0.,0.,1.));
#2005 = DEFINITIONAL_REPRESENTATION('',(#2006),#2010);
#2006 = LINE('',#2007,#2008);
#2007 = CARTESIAN_POINT('',(5.5,1.75));
#2008 = VECTOR('',#2009,1.);
#2009 = DIRECTION('',(0.,-1.));
#2010 = ( GEOMETRIC_REPRESENTATION_CONTEXT(2) 
PARAMETRIC_REPRESENTATION_CONTEXT() REPRESENTATION_CONTEXT('2D SPACE',''
  ) );
#2011 = ORIENTED_EDGE('',*,*,#2012,.T.);
#2012 = EDGE_CURVE('',#1985,#2013,#2015,.T.);
#2013 = VERTEX_POINT('',#2014);
#2014 = CARTESIAN_POINT('',(45.,3.5,8.));
#2015 = SURFACE_CURVE('',#2016,(#2020,#2026),.PCURVE_S1.);
#2016 = LINE('',#2017,#2018);
#2017 = CARTESIAN_POINT('',(45.,0.75,8.));
#2018 = VECTOR('',#2019,1.);
#2019 = DIRECTION('',(0.,-1.,0.));
#2020 = PCURVE('',#842,#2021);
#2021 = DEFINITIONAL_REPRESENTATION('',(#2022),#2025);
#2022 = B_SPLINE_CURVE_WITH_KNOTS('',1,(#2023,#2024),.UNSPECIFIED.,.F.,
  .F.,(2,2),(-3.25,-1.75),.PIECEWISE_BEZIER_KNOTS.);
#2023 = CARTESIAN_POINT('',(35.,5.));
#2024 = CARTESIAN_POINT('',(35.,3.5));
#2025 = ( GEOMETRIC_REPRESENTATION_CONTEXT(2) 
PARAMETRIC_REPRESENTATION_CONTEXT() REPRESENTATION_CONTEXT('2D SPACE',''
  ) );
#2026 = PCURVE('',#2000,#2027);
#2027 = DEFINITIONAL_REPRESENTATION('',(#2028),#2031);
#2028 = B_SPLINE_CURVE_WITH_KNOTS('',1,(#2029,#2030),.UNSPECIFIED.,.F.,
  .F.,(2,2),(-3.25,-1.75),.PIECEWISE_BEZIER_KNOTS.);
#2029 = CARTESIAN_POINT('',(5.5,-1.5));
#2030 = CARTESIAN_POINT('',(5.5,0.));
#2031 = ( GEOMETRIC_REPRESENTATION_CONTEXT(2) 
PARAMETRIC_REPRESENTATION_CONTEXT() REPRESENTATION_CONTEXT('2D SPACE',''
  ) );
#2032 = ORIENTED_EDGE('',*,*,#2033,.F.);
#2033 = EDGE_CURVE('',#2034,#2013,#2036,.T.);
#2034 = VERTEX_POINT('',#2035);
#2035 = CARTESIAN_POINT('',(44.,2.5,8.));
#2036 = SURFACE_CURVE('',#2037,(#2042,#2049),.PCURVE_S1.);
#2037 = CIRCLE('',#2038,1.);
#2038 = AXIS2_PLACEMENT_3D('',#2039,#2040,#2041);
#2039 = CARTESIAN_POINT('',(44.,3.5,8.));
#2040 = DIRECTION('',(0.,0.,1.));
#2041 = DIRECTION('',(0.,-1.,0.));
#2042 = PCURVE('',#842,#2043);
#2043 = DEFINITIONAL_REPRESENTATION('',(#2044),#2048);
#2044 = CIRCLE('',#2045,1.);
#2045 = AXIS2_PLACEMENT_2D('',#2046,#2047);
#2046 = CARTESIAN_POINT('',(34.,4.5));
#2047 = DIRECTION('',(0.,-1.));
#2048 = ( GEOMETRIC_REPRESENTATION_CONTEXT(2) 
PARAMETRIC_REPRESENTATION_CONTEXT() REPRESENTATION_CONTEXT('2D SPACE',''
  ) );
#2049 = PCURVE('',#2050,#2055);
#2050 = CYLINDRICAL_SURFACE('',#2051,1.);
#2051 = AXIS2_PLACEMENT_3D('',#2052,#2053,#2054);
#2052 = CARTESIAN_POINT('',(44.,3.5,8.));
#2053 = DIRECTION('',(0.,0.,1.));
#2054 = DIRECTION('',(0.,-1.,0.));
#2055 = DEFINITIONAL_REPRESENTATION('',(#2056),#2060);
#2056 = LINE('',#2057,#2058);
#2057 = CARTESIAN_POINT('',(0.,0.));
#2058 = VECTOR('',#2059,1.);
#2059 = DIRECTION('',(1.,0.));
#2060 = ( GEOMETRIC_REPRESENTATION_CONTEXT(2) 
PARAMETRIC_REPRESENTATION_CONTEXT() REPRESENTATION_CONTEXT('2D SPACE',''
  ) );
#2061 = ORIENTED_EDGE('',*,*,#2062,.F.);
#2062 = EDGE_CURVE('',#2063,#2034,#2065,.T.);
#2063 = VERTEX_POINT('',#2064);
#2064 = CARTESIAN_POINT('',(33.5,2.5,8.));
#2065 = SURFACE_CURVE('',#2066,(#2070,#2076),.PCURVE_S1.);
#2066 = LINE('',#2067,#2068);
#2067 = CARTESIAN_POINT('',(6.25,2.5,8.));
#2068 = VECTOR('',#2069,1.);
#2069 = DIRECTION('',(1.,0.,-0.));
#2070 = PCURVE('',#842,#2071);
#2071 = DEFINITIONAL_REPRESENTATION('',(#2072),#2075);
#2072 = B_SPLINE_CURVE_WITH_KNOTS('',1,(#2073,#2074),.UNSPECIFIED.,.F.,
  .F.,(2,2),(26.25,38.75),.PIECEWISE_BEZIER_KNOTS.);
#2073 = CARTESIAN_POINT('',(22.5,3.5));
#2074 = CARTESIAN_POINT('',(35.,3.5));
#2075 = ( GEOMETRIC_REPRESENTATION_CONTEXT(2) 
PARAMETRIC_REPRESENTATION_CONTEXT() REPRESENTATION_CONTEXT('2D SPACE',''
  ) );
#2076 = PCURVE('',#2077,#2082);
#2077 = PLANE('',#2078);
#2078 = AXIS2_PLACEMENT_3D('',#2079,#2080,#2081);
#2079 = CARTESIAN_POINT('',(2.5,2.5,2.5));
#2080 = DIRECTION('',(-0.,1.,0.));
#2081 = DIRECTION('',(0.,0.,1.));
#2082 = DEFINITIONAL_REPRESENTATION('',(#2083),#2086);
#2083 = B_SPLINE_CURVE_WITH_KNOTS('',1,(#2084,#2085),.UNSPECIFIED.,.F.,
  .F.,(2,2),(26.25,38.75),.PIECEWISE_BEZIER_KNOTS.);
#2084 = CARTESIAN_POINT('',(5.5,30.));
#2085 = CARTESIAN_POINT('',(5.5,42.5));
#2086 = ( GEOMETRIC_REPRESENTATION_CONTEXT(2) 
PARAMETRIC_REPRESENTATION_CONTEXT() REPRESENTATION_CONTEXT('2D SPACE',''
  ) );
#2087 = ORIENTED_EDGE('',*,*,#2088,.F.);
#2088 = EDGE_CURVE('',#2089,#2063,#2091,.T.);
#2089 = VERTEX_POINT('',#2090);
#2090 = CARTESIAN_POINT('',(32.5,3.5,8.));
#2091 = SURFACE_CURVE('',#2092,(#2097,#2104),.PCURVE_S1.);
#2092 = CIRCLE('',#2093,1.);
#2093 = AXIS2_PLACEMENT_3D('',#2094,#2095,#2096);
#2094 = CARTESIAN_POINT('',(33.5,3.5,8.));
#2095 = DIRECTION('',(0.,0.,1.));
#2096 = DIRECTION('',(0.,-1.,0.));
#2097 = PCURVE('',#842,#2098);
#2098 = DEFINITIONAL_REPRESENTATION('',(#2099),#2103);
#2099 = CIRCLE('',#2100,1.);
#2100 = AXIS2_PLACEMENT_2D('',#2101,#2102);
#2101 = CARTESIAN_POINT('',(23.5,4.5));
#2102 = DIRECTION('',(0.,-1.));
#2103 = ( GEOMETRIC_REPRESENTATION_CONTEXT(2) 
PARAMETRIC_REPRESENTATION_CONTEXT() REPRESENTATION_CONTEXT('2D SPACE',''
  ) );
#2104 = PCURVE('',#2105,#2110);
#2105 = CYLINDRICAL_SURFACE('',#2106,1.);
#2106 = AXIS2_PLACEMENT_3D('',#2107,#2108,#2109);
#2107 = CARTESIAN_POINT('',(33.5,3.5,8.));
#2108 = DIRECTION('',(0.,0.,1.));
#2109 = DIRECTION('',(-1.,-0.,0.));
#2110 = DEFINITIONAL_REPRESENTATION('',(#2111),#2115);
#2111 = LINE('',#2112,#2113);
#2112 = CARTESIAN_POINT('',(-4.712388980385,0.));
#2113 = VECTOR('',#2114,1.);
#2114 = DIRECTION('',(1.,0.));
#2115 = ( GEOMETRIC_REPRESENTATION_CONTEXT(2) 
PARAMETRIC_REPRESENTATION_CONTEXT() REPRESENTATION_CONTEXT('2D SPACE',''
  ) );
#2116 = ORIENTED_EDGE('',*,*,#2117,.F.);
#2117 = EDGE_CURVE('',#2118,#2089,#2120,.T.);
#2118 = VERTEX_POINT('',#2119);
#2119 = CARTESIAN_POINT('',(32.5,4.,8.));
#2120 = SURFACE_CURVE('',#2121,(#2125,#2131),.PCURVE_S1.);
#2121 = LINE('',#2122,#2123);
#2122 = CARTESIAN_POINT('',(32.5,0.75,8.));
#2123 = VECTOR('',#2124,1.);
#2124 = DIRECTION('',(0.,-1.,0.));
#2125 = PCURVE('',#842,#2126);
#2126 = DEFINITIONAL_REPRESENTATION('',(#2127),#2130);
#2127 = B_SPLINE_CURVE_WITH_KNOTS('',1,(#2128,#2129),.UNSPECIFIED.,.F.,
  .F.,(2,2),(-3.25,-1.75),.PIECEWISE_BEZIER_KNOTS.);
#2128 = CARTESIAN_POINT('',(22.5,5.));
#2129 = CARTESIAN_POINT('',(22.5,3.5));
#2130 = ( GEOMETRIC_REPRESENTATION_CONTEXT(2) 
PARAMETRIC_REPRESENTATION_CONTEXT() REPRESENTATION_CONTEXT('2D SPACE',''
  ) );
#2131 = PCURVE('',#2132,#2137);
#2132 = PLANE('',#2133);
#2133 = AXIS2_PLACEMENT_3D('',#2134,#2135,#2136);
#2134 = CARTESIAN_POINT('',(32.5,2.5,2.5));
#2135 = DIRECTION('',(1.,0.,-0.));
#2136 = DIRECTION('',(0.,0.,1.));
#2137 = DEFINITIONAL_REPRESENTATION('',(#2138),#2141);
#2138 = B_SPLINE_CURVE_WITH_KNOTS('',1,(#2139,#2140),.UNSPECIFIED.,.F.,
  .F.,(2,2),(-3.25,-1.75),.PIECEWISE_BEZIER_KNOTS.);
#2139 = CARTESIAN_POINT('',(5.5,-1.5));
#2140 = CARTESIAN_POINT('',(5.5,0.));
#2141 = ( GEOMETRIC_REPRESENTATION_CONTEXT(2) 
PARAMETRIC_REPRESENTATION_CONTEXT() REPRESENTATION_CONTEXT('2D SPACE',''
  ) );
#2142 = ORIENTED_EDGE('',*,*,#2143,.T.);
#2143 = EDGE_CURVE('',#2118,#2144,#2146,.T.);
#2144 = VERTEX_POINT('',#2145);
#2145 = CARTESIAN_POINT('',(32.5,5.,8.));
#2146 = SURFACE_CURVE('',#2147,(#2151,#2158),.PCURVE_S1.);
#2147 = LINE('',#2148,#2149);
#2148 = CARTESIAN_POINT('',(32.5,0.75,8.));
#2149 = VECTOR('',#2150,1.);
#2150 = DIRECTION('',(-0.,1.,-0.));
#2151 = PCURVE('',#842,#2152);
#2152 = DEFINITIONAL_REPRESENTATION('',(#2153),#2157);
#2153 = LINE('',#2154,#2155);
#2154 = CARTESIAN_POINT('',(22.5,1.75));
#2155 = VECTOR('',#2156,1.);
#2156 = DIRECTION('',(0.,1.));
#2157 = ( GEOMETRIC_REPRESENTATION_CONTEXT(2) 
PARAMETRIC_REPRESENTATION_CONTEXT() REPRESENTATION_CONTEXT('2D SPACE',''
  ) );
#2158 = PCURVE('',#2132,#2159);
#2159 = DEFINITIONAL_REPRESENTATION('',(#2160),#2164);
#2160 = LINE('',#2161,#2162);
#2161 = CARTESIAN_POINT('',(5.5,1.75));
#2162 = VECTOR('',#2163,1.);
#2163 = DIRECTION('',(0.,-1.));
#2164 = ( GEOMETRIC_REPRESENTATION_CONTEXT(2) 
PARAMETRIC_REPRESENTATION_CONTEXT() REPRESENTATION_CONTEXT('2D SPACE',''
  ) );
#2165 = ORIENTED_EDGE('',*,*,#2166,.F.);
#2166 = EDGE_CURVE('',#2167,#2144,#2169,.T.);
#2167 = VERTEX_POINT('',#2168);
#2168 = CARTESIAN_POINT('',(31.5,4.,8.));
#2169 = SURFACE_CURVE('',#2170,(#2175,#2182),.PCURVE_S1.);
#2170 = CIRCLE('',#2171,1.);
#2171 = AXIS2_PLACEMENT_3D('',#2172,#2173,#2174);
#2172 = CARTESIAN_POINT('',(31.5,5.,8.));
#2173 = DIRECTION('',(0.,0.,1.));
#2174 = DIRECTION('',(0.,-1.,0.));
#2175 = PCURVE('',#842,#2176);
#2176 = DEFINITIONAL_REPRESENTATION('',(#2177),#2181);
#2177 = CIRCLE('',#2178,1.);
#2178 = AXIS2_PLACEMENT_2D('',#2179,#2180);
#2179 = CARTESIAN_POINT('',(21.5,6.));
#2180 = DIRECTION('',(0.,-1.));
#2181 = ( GEOMETRIC_REPRESENTATION_CONTEXT(2) 
PARAMETRIC_REPRESENTATION_CONTEXT() REPRESENTATION_CONTEXT('2D SPACE',''
  ) );
#2182 = PCURVE('',#2183,#2188);
#2183 = CYLINDRICAL_SURFACE('',#2184,1.);
#2184 = AXIS2_PLACEMENT_3D('',#2185,#2186,#2187);
#2185 = CARTESIAN_POINT('',(31.5,5.,6.));
#2186 = DIRECTION('',(0.,0.,1.));
#2187 = DIRECTION('',(0.,-1.,0.));
#2188 = DEFINITIONAL_REPRESENTATION('',(#2189),#2193);
#2189 = LINE('',#2190,#2191);
#2190 = CARTESIAN_POINT('',(0.,2.));
#2191 = VECTOR('',#2192,1.);
#2192 = DIRECTION('',(1.,0.));
#2193 = ( GEOMETRIC_REPRESENTATION_CONTEXT(2) 
PARAMETRIC_REPRESENTATION_CONTEXT() REPRESENTATION_CONTEXT('2D SPACE',''
  ) );
#2194 = ORIENTED_EDGE('',*,*,#2195,.F.);
#2195 = EDGE_CURVE('',#2196,#2167,#2198,.T.);
#2196 = VERTEX_POINT('',#2197);
#2197 = CARTESIAN_POINT('',(31.,4.,8.));
#2198 = SURFACE_CURVE('',#2199,(#2203,#2210),.PCURVE_S1.);
#2199 = LINE('',#2200,#2201);
#2200 = CARTESIAN_POINT('',(10.,4.,8.));
#2201 = VECTOR('',#2202,1.);
#2202 = DIRECTION('',(1.,0.,-0.));
#2203 = PCURVE('',#842,#2204);
#2204 = DEFINITIONAL_REPRESENTATION('',(#2205),#2209);
#2205 = LINE('',#2206,#2207);
#2206 = CARTESIAN_POINT('',(0.,5.));
#2207 = VECTOR('',#2208,1.);
#2208 = DIRECTION('',(1.,0.));
#2209 = ( GEOMETRIC_REPRESENTATION_CONTEXT(2) 
PARAMETRIC_REPRESENTATION_CONTEXT() REPRESENTATION_CONTEXT('2D SPACE',''
  ) );
#2210 = PCURVE('',#2211,#2216);
#2211 = PLANE('',#2212);
#2212 = AXIS2_PLACEMENT_3D('',#2213,#2214,#2215);
#2213 = CARTESIAN_POINT('',(10.,4.,6.));
#2214 = DIRECTION('',(-0.,1.,0.));
#2215 = DIRECTION('',(0.,0.,1.));
#2216 = DEFINITIONAL_REPRESENTATION('',(#2217),#2221);
#2217 = LINE('',#2218,#2219);
#2218 = CARTESIAN_POINT('',(2.,0.));
#2219 = VECTOR('',#2220,1.);
#2220 = DIRECTION('',(0.,1.));
#2221 = ( GEOMETRIC_REPRESENTATION_CONTEXT(2) 
PARAMETRIC_REPRESENTATION_CONTEXT() REPRESENTATION_CONTEXT('2D SPACE',''
  ) );
#2222 = ORIENTED_EDGE('',*,*,#2223,.F.);
#2223 = EDGE_CURVE('',#2224,#2196,#2226,.T.);
#2224 = VERTEX_POINT('',#2225);
#2225 = CARTESIAN_POINT('',(30.,5.,8.));
#2226 = SURFACE_CURVE('',#2227,(#2232,#2239),.PCURVE_S1.);
#2227 = CIRCLE('',#2228,1.);
#2228 = AXIS2_PLACEMENT_3D('',#2229,#2230,#2231);
#2229 = CARTESIAN_POINT('',(31.,5.,8.));
#2230 = DIRECTION('',(0.,0.,1.));
#2231 = DIRECTION('',(0.,-1.,0.));
#2232 = PCURVE('',#842,#2233);
#2233 = DEFINITIONAL_REPRESENTATION('',(#2234),#2238);
#2234 = CIRCLE('',#2235,1.);
#2235 = AXIS2_PLACEMENT_2D('',#2236,#2237);
#2236 = CARTESIAN_POINT('',(21.,6.));
#2237 = DIRECTION('',(0.,-1.));
#2238 = ( GEOMETRIC_REPRESENTATION_CONTEXT(2) 
PARAMETRIC_REPRESENTATION_CONTEXT() REPRESENTATION_CONTEXT('2D SPACE',''
  ) );
#2239 = PCURVE('',#2240,#2245);
#2240 = CYLINDRICAL_SURFACE('',#2241,1.);
#2241 = AXIS2_PLACEMENT_3D('',#2242,#2243,#2244);
#2242 = CARTESIAN_POINT('',(31.,5.,6.));
#2243 = DIRECTION('',(0.,0.,1.));
#2244 = DIRECTION('',(-1.,-0.,0.));
#2245 = DEFINITIONAL_REPRESENTATION('',(#2246),#2250);
#2246 = LINE('',#2247,#2248);
#2247 = CARTESIAN_POINT('',(-4.712388980385,2.));
#2248 = VECTOR('',#2249,1.);
#2249 = DIRECTION('',(1.,0.));
#2250 = ( GEOMETRIC_REPRESENTATION_CONTEXT(2) 
PARAMETRIC_REPRESENTATION_CONTEXT() REPRESENTATION_CONTEXT('2D SPACE',''
  ) );
#2251 = ORIENTED_EDGE('',*,*,#2252,.F.);
#2252 = EDGE_CURVE('',#2253,#2224,#2255,.T.);
#2253 = VERTEX_POINT('',#2254);
#2254 = CARTESIAN_POINT('',(30.,4.,8.));
#2255 = SURFACE_CURVE('',#2256,(#2260,#2267),.PCURVE_S1.);
#2256 = LINE('',#2257,#2258);
#2257 = CARTESIAN_POINT('',(30.,0.75,8.));
#2258 = VECTOR('',#2259,1.);
#2259 = DIRECTION('',(-0.,1.,-0.));
#2260 = PCURVE('',#842,#2261);
#2261 = DEFINITIONAL_REPRESENTATION('',(#2262),#2266);
#2262 = LINE('',#2263,#2264);
#2263 = CARTESIAN_POINT('',(20.,1.75));
#2264 = VECTOR('',#2265,1.);
#2265 = DIRECTION('',(0.,1.));
#2266 = ( GEOMETRIC_REPRESENTATION_CONTEXT(2) 
PARAMETRIC_REPRESENTATION_CONTEXT() REPRESENTATION_CONTEXT('2D SPACE',''
  ) );
#2267 = PCURVE('',#2268,#2273);
#2268 = PLANE('',#2269);
#2269 = AXIS2_PLACEMENT_3D('',#2270,#2271,#2272);
#2270 = CARTESIAN_POINT('',(30.,2.5,2.5));
#2271 = DIRECTION('',(1.,0.,-0.));
#2272 = DIRECTION('',(0.,0.,1.));
#2273 = DEFINITIONAL_REPRESENTATION('',(#2274),#2278);
#2274 = LINE('',#2275,#2276);
#2275 = CARTESIAN_POINT('',(5.5,1.75));
#2276 = VECTOR('',#2277,1.);
#2277 = DIRECTION('',(0.,-1.));
#2278 = ( GEOMETRIC_REPRESENTATION_CONTEXT(2) 
PARAMETRIC_REPRESENTATION_CONTEXT() REPRESENTATION_CONTEXT('2D SPACE',''
  ) );
#2279 = ORIENTED_EDGE('',*,*,#2280,.T.);
#2280 = EDGE_CURVE('',#2253,#2281,#2283,.T.);
#2281 = VERTEX_POINT('',#2282);
#2282 = CARTESIAN_POINT('',(30.,3.5,8.));
#2283 = SURFACE_CURVE('',#2284,(#2288,#2294),.PCURVE_S1.);
#2284 = LINE('',#2285,#2286);
#2285 = CARTESIAN_POINT('',(30.,0.75,8.));
#2286 = VECTOR('',#2287,1.);
#2287 = DIRECTION('',(0.,-1.,0.));
#2288 = PCURVE('',#842,#2289);
#2289 = DEFINITIONAL_REPRESENTATION('',(#2290),#2293);
#2290 = B_SPLINE_CURVE_WITH_KNOTS('',1,(#2291,#2292),.UNSPECIFIED.,.F.,
  .F.,(2,2),(-3.25,-1.75),.PIECEWISE_BEZIER_KNOTS.);
#2291 = CARTESIAN_POINT('',(20.,5.));
#2292 = CARTESIAN_POINT('',(20.,3.5));
#2293 = ( GEOMETRIC_REPRESENTATION_CONTEXT(2) 
PARAMETRIC_REPRESENTATION_CONTEXT() REPRESENTATION_CONTEXT('2D SPACE',''
  ) );
#2294 = PCURVE('',#2268,#2295);
#2295 = DEFINITIONAL_REPRESENTATION('',(#2296),#2299);
#2296 = B_SPLINE_CURVE_WITH_KNOTS('',1,(#2297,#2298),.UNSPECIFIED.,.F.,
  .F.,(2,2),(-3.25,-1.75),.PIECEWISE_BEZIER_KNOTS.);
#2297 = CARTESIAN_POINT('',(5.5,-1.5));
#2298 = CARTESIAN_POINT('',(5.5,0.));
#2299 = ( GEOMETRIC_REPRESENTATION_CONTEXT(2) 
PARAMETRIC_REPRESENTATION_CONTEXT() REPRESENTATION_CONTEXT('2D SPACE',''
  ) );
#2300 = ORIENTED_EDGE('',*,*,#2301,.F.);
#2301 = EDGE_CURVE('',#2302,#2281,#2304,.T.);
#2302 = VERTEX_POINT('',#2303);
#2303 = CARTESIAN_POINT('',(29.,2.5,8.));
#2304 = SURFACE_CURVE('',#2305,(#2310,#2317),.PCURVE_S1.);
#2305 = CIRCLE('',#2306,1.);
#2306 = AXIS2_PLACEMENT_3D('',#2307,#2308,#2309);
#2307 = CARTESIAN_POINT('',(29.,3.5,8.));
#2308 = DIRECTION('',(0.,0.,1.));
#2309 = DIRECTION('',(0.,-1.,0.));
#2310 = PCURVE('',#842,#2311);
#2311 = DEFINITIONAL_REPRESENTATION('',(#2312),#2316);
#2312 = CIRCLE('',#2313,1.);
#2313 = AXIS2_PLACEMENT_2D('',#2314,#2315);
#2314 = CARTESIAN_POINT('',(19.,4.5));
#2315 = DIRECTION('',(0.,-1.));
#2316 = ( GEOMETRIC_REPRESENTATION_CONTEXT(2) 
PARAMETRIC_REPRESENTATION_CONTEXT() REPRESENTATION_CONTEXT('2D SPACE',''
  ) );
#2317 = PCURVE('',#2318,#2323);
#2318 = CYLINDRICAL_SURFACE('',#2319,1.);
#2319 = AXIS2_PLACEMENT_3D('',#2320,#2321,#2322);
#2320 = CARTESIAN_POINT('',(29.,3.5,8.));
#2321 = DIRECTION('',(0.,0.,1.));
#2322 = DIRECTION('',(0.,-1.,0.));
#2323 = DEFINITIONAL_REPRESENTATION('',(#2324),#2328);
#2324 = LINE('',#2325,#2326);
#2325 = CARTESIAN_POINT('',(0.,0.));
#2326 = VECTOR('',#2327,1.);
#2327 = DIRECTION('',(1.,0.));
#2328 = ( GEOMETRIC_REPRESENTATION_CONTEXT(2) 
PARAMETRIC_REPRESENTATION_CONTEXT() REPRESENTATION_CONTEXT('2D SPACE',''
  ) );
#2329 = ORIENTED_EDGE('',*,*,#2330,.F.);
#2330 = EDGE_CURVE('',#2331,#2302,#2333,.T.);
#2331 = VERTEX_POINT('',#2332);
#2332 = CARTESIAN_POINT('',(18.5,2.5,8.));
#2333 = SURFACE_CURVE('',#2334,(#2338,#2344),.PCURVE_S1.);
#2334 = LINE('',#2335,#2336);
#2335 = CARTESIAN_POINT('',(6.25,2.5,8.));
#2336 = VECTOR('',#2337,1.);
#2337 = DIRECTION('',(1.,0.,-0.));
#2338 = PCURVE('',#842,#2339);
#2339 = DEFINITIONAL_REPRESENTATION('',(#2340),#2343);
#2340 = B_SPLINE_CURVE_WITH_KNOTS('',1,(#2341,#2342),.UNSPECIFIED.,.F.,
  .F.,(2,2),(11.25,23.75),.PIECEWISE_BEZIER_KNOTS.);
#2341 = CARTESIAN_POINT('',(7.5,3.5));
#2342 = CARTESIAN_POINT('',(20.,3.5));
#2343 = ( GEOMETRIC_REPRESENTATION_CONTEXT(2) 
PARAMETRIC_REPRESENTATION_CONTEXT() REPRESENTATION_CONTEXT('2D SPACE',''
  ) );
#2344 = PCURVE('',#2345,#2350);
#2345 = PLANE('',#2346);
#2346 = AXIS2_PLACEMENT_3D('',#2347,#2348,#2349);
#2347 = CARTESIAN_POINT('',(2.5,2.5,2.5));
#2348 = DIRECTION('',(-0.,1.,0.));
#2349 = DIRECTION('',(0.,0.,1.));
#2350 = DEFINITIONAL_REPRESENTATION('',(#2351),#2354);
#2351 = B_SPLINE_CURVE_WITH_KNOTS('',1,(#2352,#2353),.UNSPECIFIED.,.F.,
  .F.,(2,2),(11.25,23.75),.PIECEWISE_BEZIER_KNOTS.);
#2352 = CARTESIAN_POINT('',(5.5,15.));
#2353 = CARTESIAN_POINT('',(5.5,27.5));
#2354 = ( GEOMETRIC_REPRESENTATION_CONTEXT(2) 
PARAMETRIC_REPRESENTATION_CONTEXT() REPRESENTATION_CONTEXT('2D SPACE',''
  ) );
#2355 = ORIENTED_EDGE('',*,*,#2356,.F.);
#2356 = EDGE_CURVE('',#2357,#2331,#2359,.T.);
#2357 = VERTEX_POINT('',#2358);
#2358 = CARTESIAN_POINT('',(17.5,3.5,8.));
#2359 = SURFACE_CURVE('',#2360,(#2365,#2372),.PCURVE_S1.);
#2360 = CIRCLE('',#2361,1.);
#2361 = AXIS2_PLACEMENT_3D('',#2362,#2363,#2364);
#2362 = CARTESIAN_POINT('',(18.5,3.5,8.));
#2363 = DIRECTION('',(0.,0.,1.));
#2364 = DIRECTION('',(0.,-1.,0.));
#2365 = PCURVE('',#842,#2366);
#2366 = DEFINITIONAL_REPRESENTATION('',(#2367),#2371);
#2367 = CIRCLE('',#2368,1.);
#2368 = AXIS2_PLACEMENT_2D('',#2369,#2370);
#2369 = CARTESIAN_POINT('',(8.5,4.5));
#2370 = DIRECTION('',(0.,-1.));
#2371 = ( GEOMETRIC_REPRESENTATION_CONTEXT(2) 
PARAMETRIC_REPRESENTATION_CONTEXT() REPRESENTATION_CONTEXT('2D SPACE',''
  ) );
#2372 = PCURVE('',#2373,#2378);
#2373 = CYLINDRICAL_SURFACE('',#2374,1.);
#2374 = AXIS2_PLACEMENT_3D('',#2375,#2376,#2377);
#2375 = CARTESIAN_POINT('',(18.5,3.5,8.));
#2376 = DIRECTION('',(0.,0.,1.));
#2377 = DIRECTION('',(-1.,-0.,0.));
#2378 = DEFINITIONAL_REPRESENTATION('',(#2379),#2383);
#2379 = LINE('',#2380,#2381);
#2380 = CARTESIAN_POINT('',(-4.712388980385,0.));
#2381 = VECTOR('',#2382,1.);
#2382 = DIRECTION('',(1.,0.));
#2383 = ( GEOMETRIC_REPRESENTATION_CONTEXT(2) 
PARAMETRIC_REPRESENTATION_CONTEXT() REPRESENTATION_CONTEXT('2D SPACE',''
  ) );
#2384 = ORIENTED_EDGE('',*,*,#2385,.F.);
#2385 = EDGE_CURVE('',#2386,#2357,#2388,.T.);
#2386 = VERTEX_POINT('',#2387);
#2387 = CARTESIAN_POINT('',(17.5,4.,8.));
#2388 = SURFACE_CURVE('',#2389,(#2393,#2399),.PCURVE_S1.);
#2389 = LINE('',#2390,#2391);
#2390 = CARTESIAN_POINT('',(17.5,0.75,8.));
#2391 = VECTOR('',#2392,1.);
#2392 = DIRECTION('',(0.,-1.,0.));
#2393 = PCURVE('',#842,#2394);
#2394 = DEFINITIONAL_REPRESENTATION('',(#2395),#2398);
#2395 = B_SPLINE_CURVE_WITH_KNOTS('',1,(#2396,#2397),.UNSPECIFIED.,.F.,
  .F.,(2,2),(-3.25,-1.75),.PIECEWISE_BEZIER_KNOTS.);
#2396 = CARTESIAN_POINT('',(7.5,5.));
#2397 = CARTESIAN_POINT('',(7.5,3.5));
#2398 = ( GEOMETRIC_REPRESENTATION_CONTEXT(2) 
PARAMETRIC_REPRESENTATION_CONTEXT() REPRESENTATION_CONTEXT('2D SPACE',''
  ) );
#2399 = PCURVE('',#2400,#2405);
#2400 = PLANE('',#2401);
#2401 = AXIS2_PLACEMENT_3D('',#2402,#2403,#2404);
#2402 = CARTESIAN_POINT('',(17.5,2.5,2.5));
#2403 = DIRECTION('',(1.,0.,-0.));
#2404 = DIRECTION('',(0.,0.,1.));
#2405 = DEFINITIONAL_REPRESENTATION('',(#2406),#2409);
#2406 = B_SPLINE_CURVE_WITH_KNOTS('',1,(#2407,#2408),.UNSPECIFIED.,.F.,
  .F.,(2,2),(-3.25,-1.75),.PIECEWISE_BEZIER_KNOTS.);
#2407 = CARTESIAN_POINT('',(5.5,-1.5));
#2408 = CARTESIAN_POINT('',(5.5,0.));
#2409 = ( GEOMETRIC_REPRESENTATION_CONTEXT(2) 
PARAMETRIC_REPRESENTATION_CONTEXT() REPRESENTATION_CONTEXT('2D SPACE',''
  ) );
#2410 = ORIENTED_EDGE('',*,*,#2411,.T.);
#2411 = EDGE_CURVE('',#2386,#2412,#2414,.T.);
#2412 = VERTEX_POINT('',#2413);
#2413 = CARTESIAN_POINT('',(17.5,5.,8.));
#2414 = SURFACE_CURVE('',#2415,(#2419,#2426),.PCURVE_S1.);
#2415 = LINE('',#2416,#2417);
#2416 = CARTESIAN_POINT('',(17.5,0.75,8.));
#2417 = VECTOR('',#2418,1.);
#2418 = DIRECTION('',(-0.,1.,-0.));
#2419 = PCURVE('',#842,#2420);
#2420 = DEFINITIONAL_REPRESENTATION('',(#2421),#2425);
#2421 = LINE('',#2422,#2423);
#2422 = CARTESIAN_POINT('',(7.5,1.75));
#2423 = VECTOR('',#2424,1.);
#2424 = DIRECTION('',(0.,1.));
#2425 = ( GEOMETRIC_REPRESENTATION_CONTEXT(2) 
PARAMETRIC_REPRESENTATION_CONTEXT() REPRESENTATION_CONTEXT('2D SPACE',''
  ) );
#2426 = PCURVE('',#2400,#2427);
#2427 = DEFINITIONAL_REPRESENTATION('',(#2428),#2432);
#2428 = LINE('',#2429,#2430);
#2429 = CARTESIAN_POINT('',(5.5,1.75));
#2430 = VECTOR('',#2431,1.);
#2431 = DIRECTION('',(0.,-1.));
#2432 = ( GEOMETRIC_REPRESENTATION_CONTEXT(2) 
PARAMETRIC_REPRESENTATION_CONTEXT() REPRESENTATION_CONTEXT('2D SPACE',''
  ) );
#2433 = ORIENTED_EDGE('',*,*,#2434,.F.);
#2434 = EDGE_CURVE('',#2435,#2412,#2437,.T.);
#2435 = VERTEX_POINT('',#2436);
#2436 = CARTESIAN_POINT('',(16.5,4.,8.));
#2437 = SURFACE_CURVE('',#2438,(#2443,#2450),.PCURVE_S1.);
#2438 = CIRCLE('',#2439,1.);
#2439 = AXIS2_PLACEMENT_3D('',#2440,#2441,#2442);
#2440 = CARTESIAN_POINT('',(16.5,5.,8.));
#2441 = DIRECTION('',(0.,0.,1.));
#2442 = DIRECTION('',(0.,-1.,0.));
#2443 = PCURVE('',#842,#2444);
#2444 = DEFINITIONAL_REPRESENTATION('',(#2445),#2449);
#2445 = CIRCLE('',#2446,1.);
#2446 = AXIS2_PLACEMENT_2D('',#2447,#2448);
#2447 = CARTESIAN_POINT('',(6.5,6.));
#2448 = DIRECTION('',(0.,-1.));
#2449 = ( GEOMETRIC_REPRESENTATION_CONTEXT(2) 
PARAMETRIC_REPRESENTATION_CONTEXT() REPRESENTATION_CONTEXT('2D SPACE',''
  ) );
#2450 = PCURVE('',#2451,#2456);
#2451 = CYLINDRICAL_SURFACE('',#2452,1.);
#2452 = AXIS2_PLACEMENT_3D('',#2453,#2454,#2455);
#2453 = CARTESIAN_POINT('',(16.5,5.,6.));
#2454 = DIRECTION('',(0.,0.,1.));
#2455 = DIRECTION('',(0.,-1.,0.));
#2456 = DEFINITIONAL_REPRESENTATION('',(#2457),#2461);
#2457 = LINE('',#2458,#2459);
#2458 = CARTESIAN_POINT('',(0.,2.));
#2459 = VECTOR('',#2460,1.);
#2460 = DIRECTION('',(1.,0.));
#2461 = ( GEOMETRIC_REPRESENTATION_CONTEXT(2) 
PARAMETRIC_REPRESENTATION_CONTEXT() REPRESENTATION_CONTEXT('2D SPACE',''
  ) );
#2462 = ORIENTED_EDGE('',*,*,#2463,.F.);
#2463 = EDGE_CURVE('',#2464,#2435,#2466,.T.);
#2464 = VERTEX_POINT('',#2465);
#2465 = CARTESIAN_POINT('',(16.,4.,8.));
#2466 = SURFACE_CURVE('',#2467,(#2471,#2478),.PCURVE_S1.);
#2467 = LINE('',#2468,#2469);
#2468 = CARTESIAN_POINT('',(10.,4.,8.));
#2469 = VECTOR('',#2470,1.);
#2470 = DIRECTION('',(1.,0.,-0.));
#2471 = PCURVE('',#842,#2472);
#2472 = DEFINITIONAL_REPRESENTATION('',(#2473),#2477);
#2473 = LINE('',#2474,#2475);
#2474 = CARTESIAN_POINT('',(0.,5.));
#2475 = VECTOR('',#2476,1.);
#2476 = DIRECTION('',(1.,0.));
#2477 = ( GEOMETRIC_REPRESENTATION_CONTEXT(2) 
PARAMETRIC_REPRESENTATION_CONTEXT() REPRESENTATION_CONTEXT('2D SPACE',''
  ) );
#2478 = PCURVE('',#2479,#2484);
#2479 = PLANE('',#2480);
#2480 = AXIS2_PLACEMENT_3D('',#2481,#2482,#2483);
#2481 = CARTESIAN_POINT('',(10.,4.,6.));
#2482 = DIRECTION('',(-0.,1.,0.));
#2483 = DIRECTION('',(0.,0.,1.));
#2484 = DEFINITIONAL_REPRESENTATION('',(#2485),#2489);
#2485 = LINE('',#2486,#2487);
#2486 = CARTESIAN_POINT('',(2.,0.));
#2487 = VECTOR('',#2488,1.);
#2488 = DIRECTION('',(0.,1.));
#2489 = ( GEOMETRIC_REPRESENTATION_CONTEXT(2) 
PARAMETRIC_REPRESENTATION_CONTEXT() REPRESENTATION_CONTEXT('2D SPACE',''
  ) );
#2490 = ORIENTED_EDGE('',*,*,#2491,.F.);
#2491 = EDGE_CURVE('',#2492,#2464,#2494,.T.);
#2492 = VERTEX_POINT('',#2493);
#2493 = CARTESIAN_POINT('',(15.,5.,8.));
#2494 = SURFACE_CURVE('',#2495,(#2500,#2507),.PCURVE_S1.);
#2495 = CIRCLE('',#2496,1.);
#2496 = AXIS2_PLACEMENT_3D('',#2497,#2498,#2499);
#2497 = CARTESIAN_POINT('',(16.,5.,8.));
#2498 = DIRECTION('',(0.,0.,1.));
#2499 = DIRECTION('',(0.,-1.,0.));
#2500 = PCURVE('',#842,#2501);
#2501 = DEFINITIONAL_REPRESENTATION('',(#2502),#2506);
#2502 = CIRCLE('',#2503,1.);
#2503 = AXIS2_PLACEMENT_2D('',#2504,#2505);
#2504 = CARTESIAN_POINT('',(6.,6.));
#2505 = DIRECTION('',(0.,-1.));
#2506 = ( GEOMETRIC_REPRESENTATION_CONTEXT(2) 
PARAMETRIC_REPRESENTATION_CONTEXT() REPRESENTATION_CONTEXT('2D SPACE',''
  ) );
#2507 = PCURVE('',#2508,#2513);
#2508 = CYLINDRICAL_SURFACE('',#2509,1.);
#2509 = AXIS2_PLACEMENT_3D('',#2510,#2511,#2512);
#2510 = CARTESIAN_POINT('',(16.,5.,6.));
#2511 = DIRECTION('',(0.,0.,1.));
#2512 = DIRECTION('',(-1.,-0.,0.));
#2513 = DEFINITIONAL_REPRESENTATION('',(#2514),#2518);
#2514 = LINE('',#2515,#2516);
#2515 = CARTESIAN_POINT('',(-4.712388980385,2.));
#2516 = VECTOR('',#2517,1.);
#2517 = DIRECTION('',(1.,0.));
#2518 = ( GEOMETRIC_REPRESENTATION_CONTEXT(2) 
PARAMETRIC_REPRESENTATION_CONTEXT() REPRESENTATION_CONTEXT('2D SPACE',''
  ) );
#2519 = ORIENTED_EDGE('',*,*,#2520,.F.);
#2520 = EDGE_CURVE('',#2521,#2492,#2523,.T.);
#2521 = VERTEX_POINT('',#2522);
#2522 = CARTESIAN_POINT('',(15.,4.,8.));
#2523 = SURFACE_CURVE('',#2524,(#2528,#2535),.PCURVE_S1.);
#2524 = LINE('',#2525,#2526);
#2525 = CARTESIAN_POINT('',(15.,0.75,8.));
#2526 = VECTOR('',#2527,1.);
#2527 = DIRECTION('',(-0.,1.,-0.));
#2528 = PCURVE('',#842,#2529);
#2529 = DEFINITIONAL_REPRESENTATION('',(#2530),#2534);
#2530 = LINE('',#2531,#2532);
#2531 = CARTESIAN_POINT('',(5.,1.75));
#2532 = VECTOR('',#2533,1.);
#2533 = DIRECTION('',(0.,1.));
#2534 = ( GEOMETRIC_REPRESENTATION_CONTEXT(2) 
PARAMETRIC_REPRESENTATION_CONTEXT() REPRESENTATION_CONTEXT('2D SPACE',''
  ) );
#2535 = PCURVE('',#2536,#2541);
#2536 = PLANE('',#2537);
#2537 = AXIS2_PLACEMENT_3D('',#2538,#2539,#2540);
#2538 = CARTESIAN_POINT('',(15.,2.5,2.5));
#2539 = DIRECTION('',(1.,0.,-0.));
#2540 = DIRECTION('',(0.,0.,1.));
#2541 = DEFINITIONAL_REPRESENTATION('',(#2542),#2546);
#2542 = LINE('',#2543,#2544);
#2543 = CARTESIAN_POINT('',(5.5,1.75));
#2544 = VECTOR('',#2545,1.);
#2545 = DIRECTION('',(0.,-1.));
#2546 = ( GEOMETRIC_REPRESENTATION_CONTEXT(2) 
PARAMETRIC_REPRESENTATION_CONTEXT() REPRESENTATION_CONTEXT('2D SPACE',''
  ) );
#2547 = ORIENTED_EDGE('',*,*,#2548,.T.);
#2548 = EDGE_CURVE('',#2521,#2549,#2551,.T.);
#2549 = VERTEX_POINT('',#2550);
#2550 = CARTESIAN_POINT('',(15.,3.5,8.));
#2551 = SURFACE_CURVE('',#2552,(#2556,#2562),.PCURVE_S1.);
#2552 = LINE('',#2553,#2554);
#2553 = CARTESIAN_POINT('',(15.,0.75,8.));
#2554 = VECTOR('',#2555,1.);
#2555 = DIRECTION('',(0.,-1.,0.));
#2556 = PCURVE('',#842,#2557);
#2557 = DEFINITIONAL_REPRESENTATION('',(#2558),#2561);
#2558 = B_SPLINE_CURVE_WITH_KNOTS('',1,(#2559,#2560),.UNSPECIFIED.,.F.,
  .F.,(2,2),(-3.25,-1.75),.PIECEWISE_BEZIER_KNOTS.);
#2559 = CARTESIAN_POINT('',(5.,5.));
#2560 = CARTESIAN_POINT('',(5.,3.5));
#2561 = ( GEOMETRIC_REPRESENTATION_CONTEXT(2) 
PARAMETRIC_REPRESENTATION_CONTEXT() REPRESENTATION_CONTEXT('2D SPACE',''
  ) );
#2562 = PCURVE('',#2536,#2563);
#2563 = DEFINITIONAL_REPRESENTATION('',(#2564),#2567);
#2564 = B_SPLINE_CURVE_WITH_KNOTS('',1,(#2565,#2566),.UNSPECIFIED.,.F.,
  .F.,(2,2),(-3.25,-1.75),.PIECEWISE_BEZIER_KNOTS.);
#2565 = CARTESIAN_POINT('',(5.5,-1.5));
#2566 = CARTESIAN_POINT('',(5.5,0.));
#2567 = ( GEOMETRIC_REPRESENTATION_CONTEXT(2) 
PARAMETRIC_REPRESENTATION_CONTEXT() REPRESENTATION_CONTEXT('2D SPACE',''
  ) );
#2568 = ORIENTED_EDGE('',*,*,#2569,.F.);
#2569 = EDGE_CURVE('',#2570,#2549,#2572,.T.);
#2570 = VERTEX_POINT('',#2571);
#2571 = CARTESIAN_POINT('',(14.,2.5,8.));
#2572 = SURFACE_CURVE('',#2573,(#2578,#2585),.PCURVE_S1.);
#2573 = CIRCLE('',#2574,1.);
#2574 = AXIS2_PLACEMENT_3D('',#2575,#2576,#2577);
#2575 = CARTESIAN_POINT('',(14.,3.5,8.));
#2576 = DIRECTION('',(0.,0.,1.));
#2577 = DIRECTION('',(0.,-1.,0.));
#2578 = PCURVE('',#842,#2579);
#2579 = DEFINITIONAL_REPRESENTATION('',(#2580),#2584);
#2580 = CIRCLE('',#2581,1.);
#2581 = AXIS2_PLACEMENT_2D('',#2582,#2583);
#2582 = CARTESIAN_POINT('',(4.,4.5));
#2583 = DIRECTION('',(0.,-1.));
#2584 = ( GEOMETRIC_REPRESENTATION_CONTEXT(2) 
PARAMETRIC_REPRESENTATION_CONTEXT() REPRESENTATION_CONTEXT('2D SPACE',''
  ) );
#2585 = PCURVE('',#2586,#2591);
#2586 = CYLINDRICAL_SURFACE('',#2587,1.);
#2587 = AXIS2_PLACEMENT_3D('',#2588,#2589,#2590);
#2588 = CARTESIAN_POINT('',(14.,3.5,8.));
#2589 = DIRECTION('',(0.,0.,1.));
#2590 = DIRECTION('',(0.,-1.,0.));
#2591 = DEFINITIONAL_REPRESENTATION('',(#2592),#2596);
#2592 = LINE('',#2593,#2594);
#2593 = CARTESIAN_POINT('',(0.,0.));
#2594 = VECTOR('',#2595,1.);
#2595 = DIRECTION('',(1.,0.));
#2596 = ( GEOMETRIC_REPRESENTATION_CONTEXT(2) 
PARAMETRIC_REPRESENTATION_CONTEXT() REPRESENTATION_CONTEXT('2D SPACE',''
  ) );
#2597 = ORIENTED_EDGE('',*,*,#2598,.F.);
#2598 = EDGE_CURVE('',#2599,#2570,#2601,.T.);
#2599 = VERTEX_POINT('',#2600);
#2600 = CARTESIAN_POINT('',(10.,2.5,8.));
#2601 = SURFACE_CURVE('',#2602,(#2606,#2612),.PCURVE_S1.);
#2602 = LINE('',#2603,#2604);
#2603 = CARTESIAN_POINT('',(6.25,2.5,8.));
#2604 = VECTOR('',#2605,1.);
#2605 = DIRECTION('',(1.,0.,-0.));
#2606 = PCURVE('',#842,#2607);
#2607 = DEFINITIONAL_REPRESENTATION('',(#2608),#2611);
#2608 = B_SPLINE_CURVE_WITH_KNOTS('',1,(#2609,#2610),.UNSPECIFIED.,.F.,
  .F.,(2,2),(3.75,8.75),.PIECEWISE_BEZIER_KNOTS.);
#2609 = CARTESIAN_POINT('',(0.,3.5));
#2610 = CARTESIAN_POINT('',(5.,3.5));
#2611 = ( GEOMETRIC_REPRESENTATION_CONTEXT(2) 
PARAMETRIC_REPRESENTATION_CONTEXT() REPRESENTATION_CONTEXT('2D SPACE',''
  ) );
#2612 = PCURVE('',#2613,#2618);
#2613 = PLANE('',#2614);
#2614 = AXIS2_PLACEMENT_3D('',#2615,#2616,#2617);
#2615 = CARTESIAN_POINT('',(2.5,2.5,2.5));
#2616 = DIRECTION('',(-0.,1.,0.));
#2617 = DIRECTION('',(0.,0.,1.));
#2618 = DEFINITIONAL_REPRESENTATION('',(#2619),#2622);
#2619 = B_SPLINE_CURVE_WITH_KNOTS('',1,(#2620,#2621),.UNSPECIFIED.,.F.,
  .F.,(2,2),(3.75,8.75),.PIECEWISE_BEZIER_KNOTS.);
#2620 = CARTESIAN_POINT('',(5.5,7.5));
#2621 = CARTESIAN_POINT('',(5.5,12.5));
#2622 = ( GEOMETRIC_REPRESENTATION_CONTEXT(2) 
PARAMETRIC_REPRESENTATION_CONTEXT() REPRESENTATION_CONTEXT('2D SPACE',''
  ) );
#2623 = ORIENTED_EDGE('',*,*,#2624,.T.);
#2624 = EDGE_CURVE('',#2599,#2625,#2627,.T.);
#2625 = VERTEX_POINT('',#2626);
#2626 = CARTESIAN_POINT('',(9.,2.5,8.));
#2627 = SURFACE_CURVE('',#2628,(#2632,#2639),.PCURVE_S1.);
#2628 = LINE('',#2629,#2630);
#2629 = CARTESIAN_POINT('',(6.25,2.5,8.));
#2630 = VECTOR('',#2631,1.);
#2631 = DIRECTION('',(-1.,-0.,0.));
#2632 = PCURVE('',#842,#2633);
#2633 = DEFINITIONAL_REPRESENTATION('',(#2634),#2638);
#2634 = LINE('',#2635,#2636);
#2635 = CARTESIAN_POINT('',(-3.75,3.5));
#2636 = VECTOR('',#2637,1.);
#2637 = DIRECTION('',(-1.,0.));
#2638 = ( GEOMETRIC_REPRESENTATION_CONTEXT(2) 
PARAMETRIC_REPRESENTATION_CONTEXT() REPRESENTATION_CONTEXT('2D SPACE',''
  ) );
#2639 = PCURVE('',#2613,#2640);
#2640 = DEFINITIONAL_REPRESENTATION('',(#2641),#2645);
#2641 = LINE('',#2642,#2643);
#2642 = CARTESIAN_POINT('',(5.5,3.75));
#2643 = VECTOR('',#2644,1.);
#2644 = DIRECTION('',(0.,-1.));
#2645 = ( GEOMETRIC_REPRESENTATION_CONTEXT(2) 
PARAMETRIC_REPRESENTATION_CONTEXT() REPRESENTATION_CONTEXT('2D SPACE',''
  ) );
#2646 = ORIENTED_EDGE('',*,*,#2647,.F.);
#2647 = EDGE_CURVE('',#1630,#2625,#2648,.T.);
#2648 = SURFACE_CURVE('',#2649,(#2654,#2661),.PCURVE_S1.);
#2649 = CIRCLE('',#2650,1.);
#2650 = AXIS2_PLACEMENT_3D('',#2651,#2652,#2653);
#2651 = CARTESIAN_POINT('',(9.,1.5,8.));
#2652 = DIRECTION('',(0.,-0.,1.));
#2653 = DIRECTION('',(0.,1.,0.));
#2654 = PCURVE('',#842,#2655);
#2655 = DEFINITIONAL_REPRESENTATION('',(#2656),#2660);
#2656 = CIRCLE('',#2657,1.);
#2657 = AXIS2_PLACEMENT_2D('',#2658,#2659);
#2658 = CARTESIAN_POINT('',(-1.,2.5));
#2659 = DIRECTION('',(0.,1.));
#2660 = ( GEOMETRIC_REPRESENTATION_CONTEXT(2) 
PARAMETRIC_REPRESENTATION_CONTEXT() REPRESENTATION_CONTEXT('2D SPACE',''
  ) );
#2661 = PCURVE('',#2662,#2667);
#2662 = CYLINDRICAL_SURFACE('',#2663,1.);
#2663 = AXIS2_PLACEMENT_3D('',#2664,#2665,#2666);
#2664 = CARTESIAN_POINT('',(9.,1.5,8.));
#2665 = DIRECTION('',(-0.,0.,-1.));
#2666 = DIRECTION('',(1.,0.,-0.));
#2667 = DEFINITIONAL_REPRESENTATION('',(#2668),#2672);
#2668 = LINE('',#2669,#2670);
#2669 = CARTESIAN_POINT('',(4.712388980385,-0.));
#2670 = VECTOR('',#2671,1.);
#2671 = DIRECTION('',(-1.,0.));
#2672 = ( GEOMETRIC_REPRESENTATION_CONTEXT(2) 
PARAMETRIC_REPRESENTATION_CONTEXT() REPRESENTATION_CONTEXT('2D SPACE',''
  ) );
#2673 = ADVANCED_FACE('',(#2674),#870,.T.);
#2674 = FACE_BOUND('',#2675,.F.);
#2675 = EDGE_LOOP('',(#2676,#2677,#2700,#2722));
#2676 = ORIENTED_EDGE('',*,*,#1657,.T.);
#2677 = ORIENTED_EDGE('',*,*,#2678,.T.);
#2678 = EDGE_CURVE('',#1628,#2679,#2681,.T.);
#2679 = VERTEX_POINT('',#2680);
#2680 = CARTESIAN_POINT('',(10.,1.,6.));
#2681 = SURFACE_CURVE('',#2682,(#2686,#2693),.PCURVE_S1.);
#2682 = LINE('',#2683,#2684);
#2683 = CARTESIAN_POINT('',(10.,1.,8.));
#2684 = VECTOR('',#2685,1.);
#2685 = DIRECTION('',(-0.,0.,-1.));
#2686 = PCURVE('',#870,#2687);
#2687 = DEFINITIONAL_REPRESENTATION('',(#2688),#2692);
#2688 = LINE('',#2689,#2690);
#2689 = CARTESIAN_POINT('',(-1.570796326795,0.));
#2690 = VECTOR('',#2691,1.);
#2691 = DIRECTION('',(-0.,1.));
#2692 = ( GEOMETRIC_REPRESENTATION_CONTEXT(2) 
PARAMETRIC_REPRESENTATION_CONTEXT() REPRESENTATION_CONTEXT('2D SPACE',''
  ) );
#2693 = PCURVE('',#1645,#2694);
#2694 = DEFINITIONAL_REPRESENTATION('',(#2695),#2699);
#2695 = LINE('',#2696,#2697);
#2696 = CARTESIAN_POINT('',(2.,-2.));
#2697 = VECTOR('',#2698,1.);
#2698 = DIRECTION('',(-1.,-0.));
#2699 = ( GEOMETRIC_REPRESENTATION_CONTEXT(2) 
PARAMETRIC_REPRESENTATION_CONTEXT() REPRESENTATION_CONTEXT('2D SPACE',''
  ) );
#2700 = ORIENTED_EDGE('',*,*,#2701,.F.);
#2701 = EDGE_CURVE('',#855,#2679,#2702,.T.);
#2702 = SURFACE_CURVE('',#2703,(#2708,#2715),.PCURVE_S1.);
#2703 = CIRCLE('',#2704,1.);
#2704 = AXIS2_PLACEMENT_3D('',#2705,#2706,#2707);
#2705 = CARTESIAN_POINT('',(9.,1.,6.));
#2706 = DIRECTION('',(0.,-0.,1.));
#2707 = DIRECTION('',(0.,1.,0.));
#2708 = PCURVE('',#870,#2709);
#2709 = DEFINITIONAL_REPRESENTATION('',(#2710),#2714);
#2710 = LINE('',#2711,#2712);
#2711 = CARTESIAN_POINT('',(3.14159265359,2.));
#2712 = VECTOR('',#2713,1.);
#2713 = DIRECTION('',(-1.,0.));
#2714 = ( GEOMETRIC_REPRESENTATION_CONTEXT(2) 
PARAMETRIC_REPRESENTATION_CONTEXT() REPRESENTATION_CONTEXT('2D SPACE',''
  ) );
#2715 = PCURVE('',#898,#2716);
#2716 = DEFINITIONAL_REPRESENTATION('',(#2717),#2721);
#2717 = CIRCLE('',#2718,1.);
#2718 = AXIS2_PLACEMENT_2D('',#2719,#2720);
#2719 = CARTESIAN_POINT('',(-1.,2.));
#2720 = DIRECTION('',(0.,1.));
#2721 = ( GEOMETRIC_REPRESENTATION_CONTEXT(2) 
PARAMETRIC_REPRESENTATION_CONTEXT() REPRESENTATION_CONTEXT('2D SPACE',''
  ) );
#2722 = ORIENTED_EDGE('',*,*,#854,.F.);
#2723 = ADVANCED_FACE('',(#2724),#898,.T.);
#2724 = FACE_BOUND('',#2725,.T.);
#2725 = EDGE_LOOP('',(#2726,#2749,#2750,#2751,#2752,#2753,#2781,#2804,
    #2832,#2855,#2876,#2905,#2926,#2949,#2973,#2996,#3020,#3043,#3064,
    #3097,#3123,#3152,#3173,#3196,#3220,#3243,#3267,#3290,#3311,#3344,
    #3370,#3399,#3420,#3443,#3467,#3490,#3514,#3537,#3558,#3587,#3608,
    #3631));
#2726 = ORIENTED_EDGE('',*,*,#2727,.F.);
#2727 = EDGE_CURVE('',#2679,#2728,#2730,.T.);
#2728 = VERTEX_POINT('',#2729);
#2729 = CARTESIAN_POINT('',(10.,1.5,6.));
#2730 = SURFACE_CURVE('',#2731,(#2735,#2742),.PCURVE_S1.);
#2731 = LINE('',#2732,#2733);
#2732 = CARTESIAN_POINT('',(10.,-1.,6.));
#2733 = VECTOR('',#2734,1.);
#2734 = DIRECTION('',(-0.,1.,0.));
#2735 = PCURVE('',#898,#2736);
#2736 = DEFINITIONAL_REPRESENTATION('',(#2737),#2741);
#2737 = LINE('',#2738,#2739);
#2738 = CARTESIAN_POINT('',(0.,0.));
#2739 = VECTOR('',#2740,1.);
#2740 = DIRECTION('',(0.,1.));
#2741 = ( GEOMETRIC_REPRESENTATION_CONTEXT(2) 
PARAMETRIC_REPRESENTATION_CONTEXT() REPRESENTATION_CONTEXT('2D SPACE',''
  ) );
#2742 = PCURVE('',#1645,#2743);
#2743 = DEFINITIONAL_REPRESENTATION('',(#2744),#2748);
#2744 = LINE('',#2745,#2746);
#2745 = CARTESIAN_POINT('',(0.,0.));
#2746 = VECTOR('',#2747,1.);
#2747 = DIRECTION('',(0.,-1.));
#2748 = ( GEOMETRIC_REPRESENTATION_CONTEXT(2) 
PARAMETRIC_REPRESENTATION_CONTEXT() REPRESENTATION_CONTEXT('2D SPACE',''
  ) );
#2749 = ORIENTED_EDGE('',*,*,#2701,.F.);
#2750 = ORIENTED_EDGE('',*,*,#882,.F.);
#2751 = ORIENTED_EDGE('',*,*,#910,.T.);
#2752 = ORIENTED_EDGE('',*,*,#931,.T.);
#2753 = ORIENTED_EDGE('',*,*,#2754,.T.);
#2754 = EDGE_CURVE('',#932,#2755,#2757,.T.);
#2755 = VERTEX_POINT('',#2756);
#2756 = CARTESIAN_POINT('',(50.,1.,6.));
#2757 = SURFACE_CURVE('',#2758,(#2763,#2774),.PCURVE_S1.);
#2758 = CIRCLE('',#2759,1.);
#2759 = AXIS2_PLACEMENT_3D('',#2760,#2761,#2762);
#2760 = CARTESIAN_POINT('',(51.,1.,6.));
#2761 = DIRECTION('',(-0.,0.,-1.));
#2762 = DIRECTION('',(0.,1.,0.));
#2763 = PCURVE('',#898,#2764);
#2764 = DEFINITIONAL_REPRESENTATION('',(#2765),#2773);
#2765 = ( BOUNDED_CURVE() B_SPLINE_CURVE(2,(#2766,#2767,#2768,#2769,
#2770,#2771,#2772),.UNSPECIFIED.,.T.,.F.) B_SPLINE_CURVE_WITH_KNOTS((1,2
    ,2,2,2,1),(-2.094395102393,0.,2.094395102393,4.188790204786,
6.28318530718,8.377580409573),.UNSPECIFIED.) CURVE() 
GEOMETRIC_REPRESENTATION_ITEM() RATIONAL_B_SPLINE_CURVE((1.,0.5,1.,0.5,
1.,0.5,1.)) REPRESENTATION_ITEM('') );
#2766 = CARTESIAN_POINT('',(41.,3.));
#2767 = CARTESIAN_POINT('',(42.732050807569,3.));
#2768 = CARTESIAN_POINT('',(41.866025403784,1.5));
#2769 = CARTESIAN_POINT('',(41.,2.22044604925E-16));
#2770 = CARTESIAN_POINT('',(40.133974596216,1.5));
#2771 = CARTESIAN_POINT('',(39.267949192431,3.));
#2772 = CARTESIAN_POINT('',(41.,3.));
#2773 = ( GEOMETRIC_REPRESENTATION_CONTEXT(2) 
PARAMETRIC_REPRESENTATION_CONTEXT() REPRESENTATION_CONTEXT('2D SPACE',''
  ) );
#2774 = PCURVE('',#970,#2775);
#2775 = DEFINITIONAL_REPRESENTATION('',(#2776),#2780);
#2776 = LINE('',#2777,#2778);
#2777 = CARTESIAN_POINT('',(-3.14159265359,2.));
#2778 = VECTOR('',#2779,1.);
#2779 = DIRECTION('',(1.,0.));
#2780 = ( GEOMETRIC_REPRESENTATION_CONTEXT(2) 
PARAMETRIC_REPRESENTATION_CONTEXT() REPRESENTATION_CONTEXT('2D SPACE',''
  ) );
#2781 = ORIENTED_EDGE('',*,*,#2782,.T.);
#2782 = EDGE_CURVE('',#2755,#2783,#2785,.T.);
#2783 = VERTEX_POINT('',#2784);
#2784 = CARTESIAN_POINT('',(50.,1.5,6.));
#2785 = SURFACE_CURVE('',#2786,(#2790,#2797),.PCURVE_S1.);
#2786 = LINE('',#2787,#2788);
#2787 = CARTESIAN_POINT('',(50.,-1.,6.));
#2788 = VECTOR('',#2789,1.);
#2789 = DIRECTION('',(-0.,1.,0.));
#2790 = PCURVE('',#898,#2791);
#2791 = DEFINITIONAL_REPRESENTATION('',(#2792),#2796);
#2792 = LINE('',#2793,#2794);
#2793 = CARTESIAN_POINT('',(40.,0.));
#2794 = VECTOR('',#2795,1.);
#2795 = DIRECTION('',(0.,1.));
#2796 = ( GEOMETRIC_REPRESENTATION_CONTEXT(2) 
PARAMETRIC_REPRESENTATION_CONTEXT() REPRESENTATION_CONTEXT('2D SPACE',''
  ) );
#2797 = PCURVE('',#1726,#2798);
#2798 = DEFINITIONAL_REPRESENTATION('',(#2799),#2803);
#2799 = LINE('',#2800,#2801);
#2800 = CARTESIAN_POINT('',(0.,0.));
#2801 = VECTOR('',#2802,1.);
#2802 = DIRECTION('',(0.,-1.));
#2803 = ( GEOMETRIC_REPRESENTATION_CONTEXT(2) 
PARAMETRIC_REPRESENTATION_CONTEXT() REPRESENTATION_CONTEXT('2D SPACE',''
  ) );
#2804 = ORIENTED_EDGE('',*,*,#2805,.T.);
#2805 = EDGE_CURVE('',#2783,#2806,#2808,.T.);
#2806 = VERTEX_POINT('',#2807);
#2807 = CARTESIAN_POINT('',(51.,2.5,6.));
#2808 = SURFACE_CURVE('',#2809,(#2814,#2825),.PCURVE_S1.);
#2809 = CIRCLE('',#2810,1.);
#2810 = AXIS2_PLACEMENT_3D('',#2811,#2812,#2813);
#2811 = CARTESIAN_POINT('',(51.,1.5,6.));
#2812 = DIRECTION('',(-0.,0.,-1.));
#2813 = DIRECTION('',(0.,1.,0.));
#2814 = PCURVE('',#898,#2815);
#2815 = DEFINITIONAL_REPRESENTATION('',(#2816),#2824);
#2816 = ( BOUNDED_CURVE() B_SPLINE_CURVE(2,(#2817,#2818,#2819,#2820,
#2821,#2822,#2823),.UNSPECIFIED.,.T.,.F.) B_SPLINE_CURVE_WITH_KNOTS((1,2
    ,2,2,2,1),(-2.094395102393,0.,2.094395102393,4.188790204786,
6.28318530718,8.377580409573),.UNSPECIFIED.) CURVE() 
GEOMETRIC_REPRESENTATION_ITEM() RATIONAL_B_SPLINE_CURVE((1.,0.5,1.,0.5,
1.,0.5,1.)) REPRESENTATION_ITEM('') );
#2817 = CARTESIAN_POINT('',(41.,3.5));
#2818 = CARTESIAN_POINT('',(42.732050807569,3.5));
#2819 = CARTESIAN_POINT('',(41.866025403784,2.));
#2820 = CARTESIAN_POINT('',(41.,0.5));
#2821 = CARTESIAN_POINT('',(40.133974596216,2.));
#2822 = CARTESIAN_POINT('',(39.267949192431,3.5));
#2823 = CARTESIAN_POINT('',(41.,3.5));
#2824 = ( GEOMETRIC_REPRESENTATION_CONTEXT(2) 
PARAMETRIC_REPRESENTATION_CONTEXT() REPRESENTATION_CONTEXT('2D SPACE',''
  ) );
#2825 = PCURVE('',#1759,#2826);
#2826 = DEFINITIONAL_REPRESENTATION('',(#2827),#2831);
#2827 = LINE('',#2828,#2829);
#2828 = CARTESIAN_POINT('',(-4.712388980385,2.));
#2829 = VECTOR('',#2830,1.);
#2830 = DIRECTION('',(1.,0.));
#2831 = ( GEOMETRIC_REPRESENTATION_CONTEXT(2) 
PARAMETRIC_REPRESENTATION_CONTEXT() REPRESENTATION_CONTEXT('2D SPACE',''
  ) );
#2832 = ORIENTED_EDGE('',*,*,#2833,.F.);
#2833 = EDGE_CURVE('',#2834,#2806,#2836,.T.);
#2834 = VERTEX_POINT('',#2835);
#2835 = CARTESIAN_POINT('',(50.,2.5,6.));
#2836 = SURFACE_CURVE('',#2837,(#2841,#2848),.PCURVE_S1.);
#2837 = LINE('',#2838,#2839);
#2838 = CARTESIAN_POINT('',(6.25,2.5,6.));
#2839 = VECTOR('',#2840,1.);
#2840 = DIRECTION('',(1.,0.,-0.));
#2841 = PCURVE('',#898,#2842);
#2842 = DEFINITIONAL_REPRESENTATION('',(#2843),#2847);
#2843 = LINE('',#2844,#2845);
#2844 = CARTESIAN_POINT('',(-3.75,3.5));
#2845 = VECTOR('',#2846,1.);
#2846 = DIRECTION('',(1.,0.));
#2847 = ( GEOMETRIC_REPRESENTATION_CONTEXT(2) 
PARAMETRIC_REPRESENTATION_CONTEXT() REPRESENTATION_CONTEXT('2D SPACE',''
  ) );
#2848 = PCURVE('',#1787,#2849);
#2849 = DEFINITIONAL_REPRESENTATION('',(#2850),#2854);
#2850 = LINE('',#2851,#2852);
#2851 = CARTESIAN_POINT('',(3.5,3.75));
#2852 = VECTOR('',#2853,1.);
#2853 = DIRECTION('',(0.,1.));
#2854 = ( GEOMETRIC_REPRESENTATION_CONTEXT(2) 
PARAMETRIC_REPRESENTATION_CONTEXT() REPRESENTATION_CONTEXT('2D SPACE',''
  ) );
#2855 = ORIENTED_EDGE('',*,*,#2856,.F.);
#2856 = EDGE_CURVE('',#2857,#2834,#2859,.T.);
#2857 = VERTEX_POINT('',#2858);
#2858 = CARTESIAN_POINT('',(48.5,2.5,6.));
#2859 = SURFACE_CURVE('',#2860,(#2864,#2870),.PCURVE_S1.);
#2860 = LINE('',#2861,#2862);
#2861 = CARTESIAN_POINT('',(6.25,2.5,6.));
#2862 = VECTOR('',#2863,1.);
#2863 = DIRECTION('',(1.,0.,-0.));
#2864 = PCURVE('',#898,#2865);
#2865 = DEFINITIONAL_REPRESENTATION('',(#2866),#2869);
#2866 = B_SPLINE_CURVE_WITH_KNOTS('',1,(#2867,#2868),.UNSPECIFIED.,.F.,
  .F.,(2,2),(41.25,43.75),.PIECEWISE_BEZIER_KNOTS.);
#2867 = CARTESIAN_POINT('',(37.5,3.5));
#2868 = CARTESIAN_POINT('',(40.,3.5));
#2869 = ( GEOMETRIC_REPRESENTATION_CONTEXT(2) 
PARAMETRIC_REPRESENTATION_CONTEXT() REPRESENTATION_CONTEXT('2D SPACE',''
  ) );
#2870 = PCURVE('',#1787,#2871);
#2871 = DEFINITIONAL_REPRESENTATION('',(#2872),#2875);
#2872 = B_SPLINE_CURVE_WITH_KNOTS('',1,(#2873,#2874),.UNSPECIFIED.,.F.,
  .F.,(2,2),(41.25,43.75),.PIECEWISE_BEZIER_KNOTS.);
#2873 = CARTESIAN_POINT('',(3.5,45.));
#2874 = CARTESIAN_POINT('',(3.5,47.5));
#2875 = ( GEOMETRIC_REPRESENTATION_CONTEXT(2) 
PARAMETRIC_REPRESENTATION_CONTEXT() REPRESENTATION_CONTEXT('2D SPACE',''
  ) );
#2876 = ORIENTED_EDGE('',*,*,#2877,.F.);
#2877 = EDGE_CURVE('',#2878,#2857,#2880,.T.);
#2878 = VERTEX_POINT('',#2879);
#2879 = CARTESIAN_POINT('',(47.5,3.5,6.));
#2880 = SURFACE_CURVE('',#2881,(#2886,#2893),.PCURVE_S1.);
#2881 = CIRCLE('',#2882,1.);
#2882 = AXIS2_PLACEMENT_3D('',#2883,#2884,#2885);
#2883 = CARTESIAN_POINT('',(48.5,3.5,6.));
#2884 = DIRECTION('',(0.,0.,1.));
#2885 = DIRECTION('',(0.,-1.,0.));
#2886 = PCURVE('',#898,#2887);
#2887 = DEFINITIONAL_REPRESENTATION('',(#2888),#2892);
#2888 = CIRCLE('',#2889,1.);
#2889 = AXIS2_PLACEMENT_2D('',#2890,#2891);
#2890 = CARTESIAN_POINT('',(38.5,4.5));
#2891 = DIRECTION('',(0.,-1.));
#2892 = ( GEOMETRIC_REPRESENTATION_CONTEXT(2) 
PARAMETRIC_REPRESENTATION_CONTEXT() REPRESENTATION_CONTEXT('2D SPACE',''
  ) );
#2893 = PCURVE('',#2894,#2899);
#2894 = CYLINDRICAL_SURFACE('',#2895,1.);
#2895 = AXIS2_PLACEMENT_3D('',#2896,#2897,#2898);
#2896 = CARTESIAN_POINT('',(48.5,3.5,2.5));
#2897 = DIRECTION('',(0.,0.,1.));
#2898 = DIRECTION('',(-1.,-0.,0.));
#2899 = DEFINITIONAL_REPRESENTATION('',(#2900),#2904);
#2900 = LINE('',#2901,#2902);
#2901 = CARTESIAN_POINT('',(-4.712388980385,3.5));
#2902 = VECTOR('',#2903,1.);
#2903 = DIRECTION('',(1.,0.));
#2904 = ( GEOMETRIC_REPRESENTATION_CONTEXT(2) 
PARAMETRIC_REPRESENTATION_CONTEXT() REPRESENTATION_CONTEXT('2D SPACE',''
  ) );
#2905 = ORIENTED_EDGE('',*,*,#2906,.F.);
#2906 = EDGE_CURVE('',#2907,#2878,#2909,.T.);
#2907 = VERTEX_POINT('',#2908);
#2908 = CARTESIAN_POINT('',(47.5,4.,6.));
#2909 = SURFACE_CURVE('',#2910,(#2914,#2920),.PCURVE_S1.);
#2910 = LINE('',#2911,#2912);
#2911 = CARTESIAN_POINT('',(47.5,0.75,6.));
#2912 = VECTOR('',#2913,1.);
#2913 = DIRECTION('',(0.,-1.,0.));
#2914 = PCURVE('',#898,#2915);
#2915 = DEFINITIONAL_REPRESENTATION('',(#2916),#2919);
#2916 = B_SPLINE_CURVE_WITH_KNOTS('',1,(#2917,#2918),.UNSPECIFIED.,.F.,
  .F.,(2,2),(-3.25,-1.75),.PIECEWISE_BEZIER_KNOTS.);
#2917 = CARTESIAN_POINT('',(37.5,5.));
#2918 = CARTESIAN_POINT('',(37.5,3.5));
#2919 = ( GEOMETRIC_REPRESENTATION_CONTEXT(2) 
PARAMETRIC_REPRESENTATION_CONTEXT() REPRESENTATION_CONTEXT('2D SPACE',''
  ) );
#2920 = PCURVE('',#1864,#2921);
#2921 = DEFINITIONAL_REPRESENTATION('',(#2922),#2925);
#2922 = B_SPLINE_CURVE_WITH_KNOTS('',1,(#2923,#2924),.UNSPECIFIED.,.F.,
  .F.,(2,2),(-3.25,-1.75),.PIECEWISE_BEZIER_KNOTS.);
#2923 = CARTESIAN_POINT('',(3.5,-1.5));
#2924 = CARTESIAN_POINT('',(3.5,0.));
#2925 = ( GEOMETRIC_REPRESENTATION_CONTEXT(2) 
PARAMETRIC_REPRESENTATION_CONTEXT() REPRESENTATION_CONTEXT('2D SPACE',''
  ) );
#2926 = ORIENTED_EDGE('',*,*,#2927,.T.);
#2927 = EDGE_CURVE('',#2907,#2928,#2930,.T.);
#2928 = VERTEX_POINT('',#2929);
#2929 = CARTESIAN_POINT('',(47.5,5.,6.));
#2930 = SURFACE_CURVE('',#2931,(#2935,#2942),.PCURVE_S1.);
#2931 = LINE('',#2932,#2933);
#2932 = CARTESIAN_POINT('',(47.5,0.75,6.));
#2933 = VECTOR('',#2934,1.);
#2934 = DIRECTION('',(-0.,1.,-0.));
#2935 = PCURVE('',#898,#2936);
#2936 = DEFINITIONAL_REPRESENTATION('',(#2937),#2941);
#2937 = LINE('',#2938,#2939);
#2938 = CARTESIAN_POINT('',(37.5,1.75));
#2939 = VECTOR('',#2940,1.);
#2940 = DIRECTION('',(0.,1.));
#2941 = ( GEOMETRIC_REPRESENTATION_CONTEXT(2) 
PARAMETRIC_REPRESENTATION_CONTEXT() REPRESENTATION_CONTEXT('2D SPACE',''
  ) );
#2942 = PCURVE('',#1864,#2943);
#2943 = DEFINITIONAL_REPRESENTATION('',(#2944),#2948);
#2944 = LINE('',#2945,#2946);
#2945 = CARTESIAN_POINT('',(3.5,1.75));
#2946 = VECTOR('',#2947,1.);
#2947 = DIRECTION('',(0.,-1.));
#2948 = ( GEOMETRIC_REPRESENTATION_CONTEXT(2) 
PARAMETRIC_REPRESENTATION_CONTEXT() REPRESENTATION_CONTEXT('2D SPACE',''
  ) );
#2949 = ORIENTED_EDGE('',*,*,#2950,.F.);
#2950 = EDGE_CURVE('',#2951,#2928,#2953,.T.);
#2951 = VERTEX_POINT('',#2952);
#2952 = CARTESIAN_POINT('',(46.5,4.,6.));
#2953 = SURFACE_CURVE('',#2954,(#2959,#2966),.PCURVE_S1.);
#2954 = CIRCLE('',#2955,1.);
#2955 = AXIS2_PLACEMENT_3D('',#2956,#2957,#2958);
#2956 = CARTESIAN_POINT('',(46.5,5.,6.));
#2957 = DIRECTION('',(0.,0.,1.));
#2958 = DIRECTION('',(0.,-1.,0.));
#2959 = PCURVE('',#898,#2960);
#2960 = DEFINITIONAL_REPRESENTATION('',(#2961),#2965);
#2961 = CIRCLE('',#2962,1.);
#2962 = AXIS2_PLACEMENT_2D('',#2963,#2964);
#2963 = CARTESIAN_POINT('',(36.5,6.));
#2964 = DIRECTION('',(0.,-1.));
#2965 = ( GEOMETRIC_REPRESENTATION_CONTEXT(2) 
PARAMETRIC_REPRESENTATION_CONTEXT() REPRESENTATION_CONTEXT('2D SPACE',''
  ) );
#2966 = PCURVE('',#1915,#2967);
#2967 = DEFINITIONAL_REPRESENTATION('',(#2968),#2972);
#2968 = LINE('',#2969,#2970);
#2969 = CARTESIAN_POINT('',(0.,0.));
#2970 = VECTOR('',#2971,1.);
#2971 = DIRECTION('',(1.,0.));
#2972 = ( GEOMETRIC_REPRESENTATION_CONTEXT(2) 
PARAMETRIC_REPRESENTATION_CONTEXT() REPRESENTATION_CONTEXT('2D SPACE',''
  ) );
#2973 = ORIENTED_EDGE('',*,*,#2974,.F.);
#2974 = EDGE_CURVE('',#2975,#2951,#2977,.T.);
#2975 = VERTEX_POINT('',#2976);
#2976 = CARTESIAN_POINT('',(46.,4.,6.));
#2977 = SURFACE_CURVE('',#2978,(#2982,#2989),.PCURVE_S1.);
#2978 = LINE('',#2979,#2980);
#2979 = CARTESIAN_POINT('',(10.,4.,6.));
#2980 = VECTOR('',#2981,1.);
#2981 = DIRECTION('',(1.,0.,-0.));
#2982 = PCURVE('',#898,#2983);
#2983 = DEFINITIONAL_REPRESENTATION('',(#2984),#2988);
#2984 = LINE('',#2985,#2986);
#2985 = CARTESIAN_POINT('',(0.,5.));
#2986 = VECTOR('',#2987,1.);
#2987 = DIRECTION('',(1.,0.));
#2988 = ( GEOMETRIC_REPRESENTATION_CONTEXT(2) 
PARAMETRIC_REPRESENTATION_CONTEXT() REPRESENTATION_CONTEXT('2D SPACE',''
  ) );
#2989 = PCURVE('',#1943,#2990);
#2990 = DEFINITIONAL_REPRESENTATION('',(#2991),#2995);
#2991 = LINE('',#2992,#2993);
#2992 = CARTESIAN_POINT('',(0.,0.));
#2993 = VECTOR('',#2994,1.);
#2994 = DIRECTION('',(0.,1.));
#2995 = ( GEOMETRIC_REPRESENTATION_CONTEXT(2) 
PARAMETRIC_REPRESENTATION_CONTEXT() REPRESENTATION_CONTEXT('2D SPACE',''
  ) );
#2996 = ORIENTED_EDGE('',*,*,#2997,.F.);
#2997 = EDGE_CURVE('',#2998,#2975,#3000,.T.);
#2998 = VERTEX_POINT('',#2999);
#2999 = CARTESIAN_POINT('',(45.,5.,6.));
#3000 = SURFACE_CURVE('',#3001,(#3006,#3013),.PCURVE_S1.);
#3001 = CIRCLE('',#3002,1.);
#3002 = AXIS2_PLACEMENT_3D('',#3003,#3004,#3005);
#3003 = CARTESIAN_POINT('',(46.,5.,6.));
#3004 = DIRECTION('',(0.,0.,1.));
#3005 = DIRECTION('',(0.,-1.,0.));
#3006 = PCURVE('',#898,#3007);
#3007 = DEFINITIONAL_REPRESENTATION('',(#3008),#3012);
#3008 = CIRCLE('',#3009,1.);
#3009 = AXIS2_PLACEMENT_2D('',#3010,#3011);
#3010 = CARTESIAN_POINT('',(36.,6.));
#3011 = DIRECTION('',(0.,-1.));
#3012 = ( GEOMETRIC_REPRESENTATION_CONTEXT(2) 
PARAMETRIC_REPRESENTATION_CONTEXT() REPRESENTATION_CONTEXT('2D SPACE',''
  ) );
#3013 = PCURVE('',#1972,#3014);
#3014 = DEFINITIONAL_REPRESENTATION('',(#3015),#3019);
#3015 = LINE('',#3016,#3017);
#3016 = CARTESIAN_POINT('',(-4.712388980385,0.));
#3017 = VECTOR('',#3018,1.);
#3018 = DIRECTION('',(1.,0.));
#3019 = ( GEOMETRIC_REPRESENTATION_CONTEXT(2) 
PARAMETRIC_REPRESENTATION_CONTEXT() REPRESENTATION_CONTEXT('2D SPACE',''
  ) );
#3020 = ORIENTED_EDGE('',*,*,#3021,.F.);
#3021 = EDGE_CURVE('',#3022,#2998,#3024,.T.);
#3022 = VERTEX_POINT('',#3023);
#3023 = CARTESIAN_POINT('',(45.,4.,6.));
#3024 = SURFACE_CURVE('',#3025,(#3029,#3036),.PCURVE_S1.);
#3025 = LINE('',#3026,#3027);
#3026 = CARTESIAN_POINT('',(45.,0.75,6.));
#3027 = VECTOR('',#3028,1.);
#3028 = DIRECTION('',(-0.,1.,-0.));
#3029 = PCURVE('',#898,#3030);
#3030 = DEFINITIONAL_REPRESENTATION('',(#3031),#3035);
#3031 = LINE('',#3032,#3033);
#3032 = CARTESIAN_POINT('',(35.,1.75));
#3033 = VECTOR('',#3034,1.);
#3034 = DIRECTION('',(0.,1.));
#3035 = ( GEOMETRIC_REPRESENTATION_CONTEXT(2) 
PARAMETRIC_REPRESENTATION_CONTEXT() REPRESENTATION_CONTEXT('2D SPACE',''
  ) );
#3036 = PCURVE('',#2000,#3037);
#3037 = DEFINITIONAL_REPRESENTATION('',(#3038),#3042);
#3038 = LINE('',#3039,#3040);
#3039 = CARTESIAN_POINT('',(3.5,1.75));
#3040 = VECTOR('',#3041,1.);
#3041 = DIRECTION('',(0.,-1.));
#3042 = ( GEOMETRIC_REPRESENTATION_CONTEXT(2) 
PARAMETRIC_REPRESENTATION_CONTEXT() REPRESENTATION_CONTEXT('2D SPACE',''
  ) );
#3043 = ORIENTED_EDGE('',*,*,#3044,.T.);
#3044 = EDGE_CURVE('',#3022,#3045,#3047,.T.);
#3045 = VERTEX_POINT('',#3046);
#3046 = CARTESIAN_POINT('',(45.,3.5,6.));
#3047 = SURFACE_CURVE('',#3048,(#3052,#3058),.PCURVE_S1.);
#3048 = LINE('',#3049,#3050);
#3049 = CARTESIAN_POINT('',(45.,0.75,6.));
#3050 = VECTOR('',#3051,1.);
#3051 = DIRECTION('',(0.,-1.,0.));
#3052 = PCURVE('',#898,#3053);
#3053 = DEFINITIONAL_REPRESENTATION('',(#3054),#3057);
#3054 = B_SPLINE_CURVE_WITH_KNOTS('',1,(#3055,#3056),.UNSPECIFIED.,.F.,
  .F.,(2,2),(-3.25,-1.75),.PIECEWISE_BEZIER_KNOTS.);
#3055 = CARTESIAN_POINT('',(35.,5.));
#3056 = CARTESIAN_POINT('',(35.,3.5));
#3057 = ( GEOMETRIC_REPRESENTATION_CONTEXT(2) 
PARAMETRIC_REPRESENTATION_CONTEXT() REPRESENTATION_CONTEXT('2D SPACE',''
  ) );
#3058 = PCURVE('',#2000,#3059);
#3059 = DEFINITIONAL_REPRESENTATION('',(#3060),#3063);
#3060 = B_SPLINE_CURVE_WITH_KNOTS('',1,(#3061,#3062),.UNSPECIFIED.,.F.,
  .F.,(2,2),(-3.25,-1.75),.PIECEWISE_BEZIER_KNOTS.);
#3061 = CARTESIAN_POINT('',(3.5,-1.5));
#3062 = CARTESIAN_POINT('',(3.5,0.));
#3063 = ( GEOMETRIC_REPRESENTATION_CONTEXT(2) 
PARAMETRIC_REPRESENTATION_CONTEXT() REPRESENTATION_CONTEXT('2D SPACE',''
  ) );
#3064 = ORIENTED_EDGE('',*,*,#3065,.T.);
#3065 = EDGE_CURVE('',#3045,#3066,#3068,.T.);
#3066 = VERTEX_POINT('',#3067);
#3067 = CARTESIAN_POINT('',(44.,2.5,6.));
#3068 = SURFACE_CURVE('',#3069,(#3074,#3085),.PCURVE_S1.);
#3069 = CIRCLE('',#3070,1.);
#3070 = AXIS2_PLACEMENT_3D('',#3071,#3072,#3073);
#3071 = CARTESIAN_POINT('',(44.,3.5,6.));
#3072 = DIRECTION('',(-0.,-0.,-1.));
#3073 = DIRECTION('',(0.,-1.,0.));
#3074 = PCURVE('',#898,#3075);
#3075 = DEFINITIONAL_REPRESENTATION('',(#3076),#3084);
#3076 = ( BOUNDED_CURVE() B_SPLINE_CURVE(2,(#3077,#3078,#3079,#3080,
#3081,#3082,#3083),.UNSPECIFIED.,.T.,.F.) B_SPLINE_CURVE_WITH_KNOTS((1,2
    ,2,2,2,1),(-2.094395102393,0.,2.094395102393,4.188790204786,
6.28318530718,8.377580409573),.UNSPECIFIED.) CURVE() 
GEOMETRIC_REPRESENTATION_ITEM() RATIONAL_B_SPLINE_CURVE((1.,0.5,1.,0.5,
1.,0.5,1.)) REPRESENTATION_ITEM('') );
#3077 = CARTESIAN_POINT('',(34.,3.5));
#3078 = CARTESIAN_POINT('',(32.267949192431,3.5));
#3079 = CARTESIAN_POINT('',(33.133974596216,5.));
#3080 = CARTESIAN_POINT('',(34.,6.5));
#3081 = CARTESIAN_POINT('',(34.866025403784,5.));
#3082 = CARTESIAN_POINT('',(35.732050807569,3.5));
#3083 = CARTESIAN_POINT('',(34.,3.5));
#3084 = ( GEOMETRIC_REPRESENTATION_CONTEXT(2) 
PARAMETRIC_REPRESENTATION_CONTEXT() REPRESENTATION_CONTEXT('2D SPACE',''
  ) );
#3085 = PCURVE('',#3086,#3091);
#3086 = CYLINDRICAL_SURFACE('',#3087,1.);
#3087 = AXIS2_PLACEMENT_3D('',#3088,#3089,#3090);
#3088 = CARTESIAN_POINT('',(44.,3.5,2.5));
#3089 = DIRECTION('',(0.,0.,1.));
#3090 = DIRECTION('',(1.,0.,-0.));
#3091 = DEFINITIONAL_REPRESENTATION('',(#3092),#3096);
#3092 = LINE('',#3093,#3094);
#3093 = CARTESIAN_POINT('',(4.712388980385,3.5));
#3094 = VECTOR('',#3095,1.);
#3095 = DIRECTION('',(-1.,0.));
#3096 = ( GEOMETRIC_REPRESENTATION_CONTEXT(2) 
PARAMETRIC_REPRESENTATION_CONTEXT() REPRESENTATION_CONTEXT('2D SPACE',''
  ) );
#3097 = ORIENTED_EDGE('',*,*,#3098,.F.);
#3098 = EDGE_CURVE('',#3099,#3066,#3101,.T.);
#3099 = VERTEX_POINT('',#3100);
#3100 = CARTESIAN_POINT('',(33.5,2.5,6.));
#3101 = SURFACE_CURVE('',#3102,(#3106,#3112),.PCURVE_S1.);
#3102 = LINE('',#3103,#3104);
#3103 = CARTESIAN_POINT('',(6.25,2.5,6.));
#3104 = VECTOR('',#3105,1.);
#3105 = DIRECTION('',(1.,0.,-0.));
#3106 = PCURVE('',#898,#3107);
#3107 = DEFINITIONAL_REPRESENTATION('',(#3108),#3111);
#3108 = B_SPLINE_CURVE_WITH_KNOTS('',1,(#3109,#3110),.UNSPECIFIED.,.F.,
  .F.,(2,2),(26.25,38.75),.PIECEWISE_BEZIER_KNOTS.);
#3109 = CARTESIAN_POINT('',(22.5,3.5));
#3110 = CARTESIAN_POINT('',(35.,3.5));
#3111 = ( GEOMETRIC_REPRESENTATION_CONTEXT(2) 
PARAMETRIC_REPRESENTATION_CONTEXT() REPRESENTATION_CONTEXT('2D SPACE',''
  ) );
#3112 = PCURVE('',#3113,#3118);
#3113 = PLANE('',#3114);
#3114 = AXIS2_PLACEMENT_3D('',#3115,#3116,#3117);
#3115 = CARTESIAN_POINT('',(2.5,2.5,2.5));
#3116 = DIRECTION('',(-0.,1.,0.));
#3117 = DIRECTION('',(0.,0.,1.));
#3118 = DEFINITIONAL_REPRESENTATION('',(#3119),#3122);
#3119 = B_SPLINE_CURVE_WITH_KNOTS('',1,(#3120,#3121),.UNSPECIFIED.,.F.,
  .F.,(2,2),(26.25,38.75),.PIECEWISE_BEZIER_KNOTS.);
#3120 = CARTESIAN_POINT('',(3.5,30.));
#3121 = CARTESIAN_POINT('',(3.5,42.5));
#3122 = ( GEOMETRIC_REPRESENTATION_CONTEXT(2) 
PARAMETRIC_REPRESENTATION_CONTEXT() REPRESENTATION_CONTEXT('2D SPACE',''
  ) );
#3123 = ORIENTED_EDGE('',*,*,#3124,.F.);
#3124 = EDGE_CURVE('',#3125,#3099,#3127,.T.);
#3125 = VERTEX_POINT('',#3126);
#3126 = CARTESIAN_POINT('',(32.5,3.5,6.));
#3127 = SURFACE_CURVE('',#3128,(#3133,#3140),.PCURVE_S1.);
#3128 = CIRCLE('',#3129,1.);
#3129 = AXIS2_PLACEMENT_3D('',#3130,#3131,#3132);
#3130 = CARTESIAN_POINT('',(33.5,3.5,6.));
#3131 = DIRECTION('',(0.,0.,1.));
#3132 = DIRECTION('',(0.,-1.,0.));
#3133 = PCURVE('',#898,#3134);
#3134 = DEFINITIONAL_REPRESENTATION('',(#3135),#3139);
#3135 = CIRCLE('',#3136,1.);
#3136 = AXIS2_PLACEMENT_2D('',#3137,#3138);
#3137 = CARTESIAN_POINT('',(23.5,4.5));
#3138 = DIRECTION('',(0.,-1.));
#3139 = ( GEOMETRIC_REPRESENTATION_CONTEXT(2) 
PARAMETRIC_REPRESENTATION_CONTEXT() REPRESENTATION_CONTEXT('2D SPACE',''
  ) );
#3140 = PCURVE('',#3141,#3146);
#3141 = CYLINDRICAL_SURFACE('',#3142,1.);
#3142 = AXIS2_PLACEMENT_3D('',#3143,#3144,#3145);
#3143 = CARTESIAN_POINT('',(33.5,3.5,2.5));
#3144 = DIRECTION('',(0.,0.,1.));
#3145 = DIRECTION('',(-1.,-0.,0.));
#3146 = DEFINITIONAL_REPRESENTATION('',(#3147),#3151);
#3147 = LINE('',#3148,#3149);
#3148 = CARTESIAN_POINT('',(-4.712388980385,3.5));
#3149 = VECTOR('',#3150,1.);
#3150 = DIRECTION('',(1.,0.));
#3151 = ( GEOMETRIC_REPRESENTATION_CONTEXT(2) 
PARAMETRIC_REPRESENTATION_CONTEXT() REPRESENTATION_CONTEXT('2D SPACE',''
  ) );
#3152 = ORIENTED_EDGE('',*,*,#3153,.F.);
#3153 = EDGE_CURVE('',#3154,#3125,#3156,.T.);
#3154 = VERTEX_POINT('',#3155);
#3155 = CARTESIAN_POINT('',(32.5,4.,6.));
#3156 = SURFACE_CURVE('',#3157,(#3161,#3167),.PCURVE_S1.);
#3157 = LINE('',#3158,#3159);
#3158 = CARTESIAN_POINT('',(32.5,0.75,6.));
#3159 = VECTOR('',#3160,1.);
#3160 = DIRECTION('',(0.,-1.,0.));
#3161 = PCURVE('',#898,#3162);
#3162 = DEFINITIONAL_REPRESENTATION('',(#3163),#3166);
#3163 = B_SPLINE_CURVE_WITH_KNOTS('',1,(#3164,#3165),.UNSPECIFIED.,.F.,
  .F.,(2,2),(-3.25,-1.75),.PIECEWISE_BEZIER_KNOTS.);
#3164 = CARTESIAN_POINT('',(22.5,5.));
#3165 = CARTESIAN_POINT('',(22.5,3.5));
#3166 = ( GEOMETRIC_REPRESENTATION_CONTEXT(2) 
PARAMETRIC_REPRESENTATION_CONTEXT() REPRESENTATION_CONTEXT('2D SPACE',''
  ) );
#3167 = PCURVE('',#2132,#3168);
#3168 = DEFINITIONAL_REPRESENTATION('',(#3169),#3172);
#3169 = B_SPLINE_CURVE_WITH_KNOTS('',1,(#3170,#3171),.UNSPECIFIED.,.F.,
  .F.,(2,2),(-3.25,-1.75),.PIECEWISE_BEZIER_KNOTS.);
#3170 = CARTESIAN_POINT('',(3.5,-1.5));
#3171 = CARTESIAN_POINT('',(3.5,0.));
#3172 = ( GEOMETRIC_REPRESENTATION_CONTEXT(2) 
PARAMETRIC_REPRESENTATION_CONTEXT() REPRESENTATION_CONTEXT('2D SPACE',''
  ) );
#3173 = ORIENTED_EDGE('',*,*,#3174,.T.);
#3174 = EDGE_CURVE('',#3154,#3175,#3177,.T.);
#3175 = VERTEX_POINT('',#3176);
#3176 = CARTESIAN_POINT('',(32.5,5.,6.));
#3177 = SURFACE_CURVE('',#3178,(#3182,#3189),.PCURVE_S1.);
#3178 = LINE('',#3179,#3180);
#3179 = CARTESIAN_POINT('',(32.5,0.75,6.));
#3180 = VECTOR('',#3181,1.);
#3181 = DIRECTION('',(-0.,1.,-0.));
#3182 = PCURVE('',#898,#3183);
#3183 = DEFINITIONAL_REPRESENTATION('',(#3184),#3188);
#3184 = LINE('',#3185,#3186);
#3185 = CARTESIAN_POINT('',(22.5,1.75));
#3186 = VECTOR('',#3187,1.);
#3187 = DIRECTION('',(0.,1.));
#3188 = ( GEOMETRIC_REPRESENTATION_CONTEXT(2) 
PARAMETRIC_REPRESENTATION_CONTEXT() REPRESENTATION_CONTEXT('2D SPACE',''
  ) );
#3189 = PCURVE('',#2132,#3190);
#3190 = DEFINITIONAL_REPRESENTATION('',(#3191),#3195);
#3191 = LINE('',#3192,#3193);
#3192 = CARTESIAN_POINT('',(3.5,1.75));
#3193 = VECTOR('',#3194,1.);
#3194 = DIRECTION('',(0.,-1.));
#3195 = ( GEOMETRIC_REPRESENTATION_CONTEXT(2) 
PARAMETRIC_REPRESENTATION_CONTEXT() REPRESENTATION_CONTEXT('2D SPACE',''
  ) );
#3196 = ORIENTED_EDGE('',*,*,#3197,.F.);
#3197 = EDGE_CURVE('',#3198,#3175,#3200,.T.);
#3198 = VERTEX_POINT('',#3199);
#3199 = CARTESIAN_POINT('',(31.5,4.,6.));
#3200 = SURFACE_CURVE('',#3201,(#3206,#3213),.PCURVE_S1.);
#3201 = CIRCLE('',#3202,1.);
#3202 = AXIS2_PLACEMENT_3D('',#3203,#3204,#3205);
#3203 = CARTESIAN_POINT('',(31.5,5.,6.));
#3204 = DIRECTION('',(0.,0.,1.));
#3205 = DIRECTION('',(0.,-1.,0.));
#3206 = PCURVE('',#898,#3207);
#3207 = DEFINITIONAL_REPRESENTATION('',(#3208),#3212);
#3208 = CIRCLE('',#3209,1.);
#3209 = AXIS2_PLACEMENT_2D('',#3210,#3211);
#3210 = CARTESIAN_POINT('',(21.5,6.));
#3211 = DIRECTION('',(0.,-1.));
#3212 = ( GEOMETRIC_REPRESENTATION_CONTEXT(2) 
PARAMETRIC_REPRESENTATION_CONTEXT() REPRESENTATION_CONTEXT('2D SPACE',''
  ) );
#3213 = PCURVE('',#2183,#3214);
#3214 = DEFINITIONAL_REPRESENTATION('',(#3215),#3219);
#3215 = LINE('',#3216,#3217);
#3216 = CARTESIAN_POINT('',(0.,0.));
#3217 = VECTOR('',#3218,1.);
#3218 = DIRECTION('',(1.,0.));
#3219 = ( GEOMETRIC_REPRESENTATION_CONTEXT(2) 
PARAMETRIC_REPRESENTATION_CONTEXT() REPRESENTATION_CONTEXT('2D SPACE',''
  ) );
#3220 = ORIENTED_EDGE('',*,*,#3221,.F.);
#3221 = EDGE_CURVE('',#3222,#3198,#3224,.T.);
#3222 = VERTEX_POINT('',#3223);
#3223 = CARTESIAN_POINT('',(31.,4.,6.));
#3224 = SURFACE_CURVE('',#3225,(#3229,#3236),.PCURVE_S1.);
#3225 = LINE('',#3226,#3227);
#3226 = CARTESIAN_POINT('',(10.,4.,6.));
#3227 = VECTOR('',#3228,1.);
#3228 = DIRECTION('',(1.,0.,-0.));
#3229 = PCURVE('',#898,#3230);
#3230 = DEFINITIONAL_REPRESENTATION('',(#3231),#3235);
#3231 = LINE('',#3232,#3233);
#3232 = CARTESIAN_POINT('',(0.,5.));
#3233 = VECTOR('',#3234,1.);
#3234 = DIRECTION('',(1.,0.));
#3235 = ( GEOMETRIC_REPRESENTATION_CONTEXT(2) 
PARAMETRIC_REPRESENTATION_CONTEXT() REPRESENTATION_CONTEXT('2D SPACE',''
  ) );
#3236 = PCURVE('',#2211,#3237);
#3237 = DEFINITIONAL_REPRESENTATION('',(#3238),#3242);
#3238 = LINE('',#3239,#3240);
#3239 = CARTESIAN_POINT('',(0.,0.));
#3240 = VECTOR('',#3241,1.);
#3241 = DIRECTION('',(0.,1.));
#3242 = ( GEOMETRIC_REPRESENTATION_CONTEXT(2) 
PARAMETRIC_REPRESENTATION_CONTEXT() REPRESENTATION_CONTEXT('2D SPACE',''
  ) );
#3243 = ORIENTED_EDGE('',*,*,#3244,.F.);
#3244 = EDGE_CURVE('',#3245,#3222,#3247,.T.);
#3245 = VERTEX_POINT('',#3246);
#3246 = CARTESIAN_POINT('',(30.,5.,6.));
#3247 = SURFACE_CURVE('',#3248,(#3253,#3260),.PCURVE_S1.);
#3248 = CIRCLE('',#3249,1.);
#3249 = AXIS2_PLACEMENT_3D('',#3250,#3251,#3252);
#3250 = CARTESIAN_POINT('',(31.,5.,6.));
#3251 = DIRECTION('',(0.,0.,1.));
#3252 = DIRECTION('',(0.,-1.,0.));
#3253 = PCURVE('',#898,#3254);
#3254 = DEFINITIONAL_REPRESENTATION('',(#3255),#3259);
#3255 = CIRCLE('',#3256,1.);
#3256 = AXIS2_PLACEMENT_2D('',#3257,#3258);
#3257 = CARTESIAN_POINT('',(21.,6.));
#3258 = DIRECTION('',(0.,-1.));
#3259 = ( GEOMETRIC_REPRESENTATION_CONTEXT(2) 
PARAMETRIC_REPRESENTATION_CONTEXT() REPRESENTATION_CONTEXT('2D SPACE',''
  ) );
#3260 = PCURVE('',#2240,#3261);
#3261 = DEFINITIONAL_REPRESENTATION('',(#3262),#3266);
#3262 = LINE('',#3263,#3264);
#3263 = CARTESIAN_POINT('',(-4.712388980385,0.));
#3264 = VECTOR('',#3265,1.);
#3265 = DIRECTION('',(1.,0.));
#3266 = ( GEOMETRIC_REPRESENTATION_CONTEXT(2) 
PARAMETRIC_REPRESENTATION_CONTEXT() REPRESENTATION_CONTEXT('2D SPACE',''
  ) );
#3267 = ORIENTED_EDGE('',*,*,#3268,.F.);
#3268 = EDGE_CURVE('',#3269,#3245,#3271,.T.);
#3269 = VERTEX_POINT('',#3270);
#3270 = CARTESIAN_POINT('',(30.,4.,6.));
#3271 = SURFACE_CURVE('',#3272,(#3276,#3283),.PCURVE_S1.);
#3272 = LINE('',#3273,#3274);
#3273 = CARTESIAN_POINT('',(30.,0.75,6.));
#3274 = VECTOR('',#3275,1.);
#3275 = DIRECTION('',(-0.,1.,-0.));
#3276 = PCURVE('',#898,#3277);
#3277 = DEFINITIONAL_REPRESENTATION('',(#3278),#3282);
#3278 = LINE('',#3279,#3280);
#3279 = CARTESIAN_POINT('',(20.,1.75));
#3280 = VECTOR('',#3281,1.);
#3281 = DIRECTION('',(0.,1.));
#3282 = ( GEOMETRIC_REPRESENTATION_CONTEXT(2) 
PARAMETRIC_REPRESENTATION_CONTEXT() REPRESENTATION_CONTEXT('2D SPACE',''
  ) );
#3283 = PCURVE('',#2268,#3284);
#3284 = DEFINITIONAL_REPRESENTATION('',(#3285),#3289);
#3285 = LINE('',#3286,#3287);
#3286 = CARTESIAN_POINT('',(3.5,1.75));
#3287 = VECTOR('',#3288,1.);
#3288 = DIRECTION('',(0.,-1.));
#3289 = ( GEOMETRIC_REPRESENTATION_CONTEXT(2) 
PARAMETRIC_REPRESENTATION_CONTEXT() REPRESENTATION_CONTEXT('2D SPACE',''
  ) );
#3290 = ORIENTED_EDGE('',*,*,#3291,.T.);
#3291 = EDGE_CURVE('',#3269,#3292,#3294,.T.);
#3292 = VERTEX_POINT('',#3293);
#3293 = CARTESIAN_POINT('',(30.,3.5,6.));
#3294 = SURFACE_CURVE('',#3295,(#3299,#3305),.PCURVE_S1.);
#3295 = LINE('',#3296,#3297);
#3296 = CARTESIAN_POINT('',(30.,0.75,6.));
#3297 = VECTOR('',#3298,1.);
#3298 = DIRECTION('',(0.,-1.,0.));
#3299 = PCURVE('',#898,#3300);
#3300 = DEFINITIONAL_REPRESENTATION('',(#3301),#3304);
#3301 = B_SPLINE_CURVE_WITH_KNOTS('',1,(#3302,#3303),.UNSPECIFIED.,.F.,
  .F.,(2,2),(-3.25,-1.75),.PIECEWISE_BEZIER_KNOTS.);
#3302 = CARTESIAN_POINT('',(20.,5.));
#3303 = CARTESIAN_POINT('',(20.,3.5));
#3304 = ( GEOMETRIC_REPRESENTATION_CONTEXT(2) 
PARAMETRIC_REPRESENTATION_CONTEXT() REPRESENTATION_CONTEXT('2D SPACE',''
  ) );
#3305 = PCURVE('',#2268,#3306);
#3306 = DEFINITIONAL_REPRESENTATION('',(#3307),#3310);
#3307 = B_SPLINE_CURVE_WITH_KNOTS('',1,(#3308,#3309),.UNSPECIFIED.,.F.,
  .F.,(2,2),(-3.25,-1.75),.PIECEWISE_BEZIER_KNOTS.);
#3308 = CARTESIAN_POINT('',(3.5,-1.5));
#3309 = CARTESIAN_POINT('',(3.5,0.));
#3310 = ( GEOMETRIC_REPRESENTATION_CONTEXT(2) 
PARAMETRIC_REPRESENTATION_CONTEXT() REPRESENTATION_CONTEXT('2D SPACE',''
  ) );
#3311 = ORIENTED_EDGE('',*,*,#3312,.T.);
#3312 = EDGE_CURVE('',#3292,#3313,#3315,.T.);
#3313 = VERTEX_POINT('',#3314);
#3314 = CARTESIAN_POINT('',(29.,2.5,6.));
#3315 = SURFACE_CURVE('',#3316,(#3321,#3332),.PCURVE_S1.);
#3316 = CIRCLE('',#3317,1.);
#3317 = AXIS2_PLACEMENT_3D('',#3318,#3319,#3320);
#3318 = CARTESIAN_POINT('',(29.,3.5,6.));
#3319 = DIRECTION('',(-0.,-0.,-1.));
#3320 = DIRECTION('',(0.,-1.,0.));
#3321 = PCURVE('',#898,#3322);
#3322 = DEFINITIONAL_REPRESENTATION('',(#3323),#3331);
#3323 = ( BOUNDED_CURVE() B_SPLINE_CURVE(2,(#3324,#3325,#3326,#3327,
#3328,#3329,#3330),.UNSPECIFIED.,.T.,.F.) B_SPLINE_CURVE_WITH_KNOTS((1,2
    ,2,2,2,1),(-2.094395102393,0.,2.094395102393,4.188790204786,
6.28318530718,8.377580409573),.UNSPECIFIED.) CURVE() 
GEOMETRIC_REPRESENTATION_ITEM() RATIONAL_B_SPLINE_CURVE((1.,0.5,1.,0.5,
1.,0.5,1.)) REPRESENTATION_ITEM('') );
#3324 = CARTESIAN_POINT('',(19.,3.5));
#3325 = CARTESIAN_POINT('',(17.267949192431,3.5));
#3326 = CARTESIAN_POINT('',(18.133974596216,5.));
#3327 = CARTESIAN_POINT('',(19.,6.5));
#3328 = CARTESIAN_POINT('',(19.866025403784,5.));
#3329 = CARTESIAN_POINT('',(20.732050807569,3.5));
#3330 = CARTESIAN_POINT('',(19.,3.5));
#3331 = ( GEOMETRIC_REPRESENTATION_CONTEXT(2) 
PARAMETRIC_REPRESENTATION_CONTEXT() REPRESENTATION_CONTEXT('2D SPACE',''
  ) );
#3332 = PCURVE('',#3333,#3338);
#3333 = CYLINDRICAL_SURFACE('',#3334,1.);
#3334 = AXIS2_PLACEMENT_3D('',#3335,#3336,#3337);
#3335 = CARTESIAN_POINT('',(29.,3.5,2.5));
#3336 = DIRECTION('',(0.,0.,1.));
#3337 = DIRECTION('',(1.,0.,-0.));
#3338 = DEFINITIONAL_REPRESENTATION('',(#3339),#3343);
#3339 = LINE('',#3340,#3341);
#3340 = CARTESIAN_POINT('',(4.712388980385,3.5));
#3341 = VECTOR('',#3342,1.);
#3342 = DIRECTION('',(-1.,0.));
#3343 = ( GEOMETRIC_REPRESENTATION_CONTEXT(2) 
PARAMETRIC_REPRESENTATION_CONTEXT() REPRESENTATION_CONTEXT('2D SPACE',''
  ) );
#3344 = ORIENTED_EDGE('',*,*,#3345,.F.);
#3345 = EDGE_CURVE('',#3346,#3313,#3348,.T.);
#3346 = VERTEX_POINT('',#3347);
#3347 = CARTESIAN_POINT('',(18.5,2.5,6.));
#3348 = SURFACE_CURVE('',#3349,(#3353,#3359),.PCURVE_S1.);
#3349 = LINE('',#3350,#3351);
#3350 = CARTESIAN_POINT('',(6.25,2.5,6.));
#3351 = VECTOR('',#3352,1.);
#3352 = DIRECTION('',(1.,0.,-0.));
#3353 = PCURVE('',#898,#3354);
#3354 = DEFINITIONAL_REPRESENTATION('',(#3355),#3358);
#3355 = B_SPLINE_CURVE_WITH_KNOTS('',1,(#3356,#3357),.UNSPECIFIED.,.F.,
  .F.,(2,2),(11.25,23.75),.PIECEWISE_BEZIER_KNOTS.);
#3356 = CARTESIAN_POINT('',(7.5,3.5));
#3357 = CARTESIAN_POINT('',(20.,3.5));
#3358 = ( GEOMETRIC_REPRESENTATION_CONTEXT(2) 
PARAMETRIC_REPRESENTATION_CONTEXT() REPRESENTATION_CONTEXT('2D SPACE',''
  ) );
#3359 = PCURVE('',#3360,#3365);
#3360 = PLANE('',#3361);
#3361 = AXIS2_PLACEMENT_3D('',#3362,#3363,#3364);
#3362 = CARTESIAN_POINT('',(2.5,2.5,2.5));
#3363 = DIRECTION('',(-0.,1.,0.));
#3364 = DIRECTION('',(0.,0.,1.));
#3365 = DEFINITIONAL_REPRESENTATION('',(#3366),#3369);
#3366 = B_SPLINE_CURVE_WITH_KNOTS('',1,(#3367,#3368),.UNSPECIFIED.,.F.,
  .F.,(2,2),(11.25,23.75),.PIECEWISE_BEZIER_KNOTS.);
#3367 = CARTESIAN_POINT('',(3.5,15.));
#3368 = CARTESIAN_POINT('',(3.5,27.5));
#3369 = ( GEOMETRIC_REPRESENTATION_CONTEXT(2) 
PARAMETRIC_REPRESENTATION_CONTEXT() REPRESENTATION_CONTEXT('2D SPACE',''
  ) );
#3370 = ORIENTED_EDGE('',*,*,#3371,.F.);
#3371 = EDGE_CURVE('',#3372,#3346,#3374,.T.);
#3372 = VERTEX_POINT('',#3373);
#3373 = CARTESIAN_POINT('',(17.5,3.5,6.));
#3374 = SURFACE_CURVE('',#3375,(#3380,#3387),.PCURVE_S1.);
#3375 = CIRCLE('',#3376,1.);
#3376 = AXIS2_PLACEMENT_3D('',#3377,#3378,#3379);
#3377 = CARTESIAN_POINT('',(18.5,3.5,6.));
#3378 = DIRECTION('',(0.,0.,1.));
#3379 = DIRECTION('',(0.,-1.,0.));
#3380 = PCURVE('',#898,#3381);
#3381 = DEFINITIONAL_REPRESENTATION('',(#3382),#3386);
#3382 = CIRCLE('',#3383,1.);
#3383 = AXIS2_PLACEMENT_2D('',#3384,#3385);
#3384 = CARTESIAN_POINT('',(8.5,4.5));
#3385 = DIRECTION('',(0.,-1.));
#3386 = ( GEOMETRIC_REPRESENTATION_CONTEXT(2) 
PARAMETRIC_REPRESENTATION_CONTEXT() REPRESENTATION_CONTEXT('2D SPACE',''
  ) );
#3387 = PCURVE('',#3388,#3393);
#3388 = CYLINDRICAL_SURFACE('',#3389,1.);
#3389 = AXIS2_PLACEMENT_3D('',#3390,#3391,#3392);
#3390 = CARTESIAN_POINT('',(18.5,3.5,2.5));
#3391 = DIRECTION('',(0.,0.,1.));
#3392 = DIRECTION('',(-1.,-0.,0.));
#3393 = DEFINITIONAL_REPRESENTATION('',(#3394),#3398);
#3394 = LINE('',#3395,#3396);
#3395 = CARTESIAN_POINT('',(-4.712388980385,3.5));
#3396 = VECTOR('',#3397,1.);
#3397 = DIRECTION('',(1.,0.));
#3398 = ( GEOMETRIC_REPRESENTATION_CONTEXT(2) 
PARAMETRIC_REPRESENTATION_CONTEXT() REPRESENTATION_CONTEXT('2D SPACE',''
  ) );
#3399 = ORIENTED_EDGE('',*,*,#3400,.F.);
#3400 = EDGE_CURVE('',#3401,#3372,#3403,.T.);
#3401 = VERTEX_POINT('',#3402);
#3402 = CARTESIAN_POINT('',(17.5,4.,6.));
#3403 = SURFACE_CURVE('',#3404,(#3408,#3414),.PCURVE_S1.);
#3404 = LINE('',#3405,#3406);
#3405 = CARTESIAN_POINT('',(17.5,0.75,6.));
#3406 = VECTOR('',#3407,1.);
#3407 = DIRECTION('',(0.,-1.,0.));
#3408 = PCURVE('',#898,#3409);
#3409 = DEFINITIONAL_REPRESENTATION('',(#3410),#3413);
#3410 = B_SPLINE_CURVE_WITH_KNOTS('',1,(#3411,#3412),.UNSPECIFIED.,.F.,
  .F.,(2,2),(-3.25,-1.75),.PIECEWISE_BEZIER_KNOTS.);
#3411 = CARTESIAN_POINT('',(7.5,5.));
#3412 = CARTESIAN_POINT('',(7.5,3.5));
#3413 = ( GEOMETRIC_REPRESENTATION_CONTEXT(2) 
PARAMETRIC_REPRESENTATION_CONTEXT() REPRESENTATION_CONTEXT('2D SPACE',''
  ) );
#3414 = PCURVE('',#2400,#3415);
#3415 = DEFINITIONAL_REPRESENTATION('',(#3416),#3419);
#3416 = B_SPLINE_CURVE_WITH_KNOTS('',1,(#3417,#3418),.UNSPECIFIED.,.F.,
  .F.,(2,2),(-3.25,-1.75),.PIECEWISE_BEZIER_KNOTS.);
#3417 = CARTESIAN_POINT('',(3.5,-1.5));
#3418 = CARTESIAN_POINT('',(3.5,0.));
#3419 = ( GEOMETRIC_REPRESENTATION_CONTEXT(2) 
PARAMETRIC_REPRESENTATION_CONTEXT() REPRESENTATION_CONTEXT('2D SPACE',''
  ) );
#3420 = ORIENTED_EDGE('',*,*,#3421,.T.);
#3421 = EDGE_CURVE('',#3401,#3422,#3424,.T.);
#3422 = VERTEX_POINT('',#3423);
#3423 = CARTESIAN_POINT('',(17.5,5.,6.));
#3424 = SURFACE_CURVE('',#3425,(#3429,#3436),.PCURVE_S1.);
#3425 = LINE('',#3426,#3427);
#3426 = CARTESIAN_POINT('',(17.5,0.75,6.));
#3427 = VECTOR('',#3428,1.);
#3428 = DIRECTION('',(-0.,1.,-0.));
#3429 = PCURVE('',#898,#3430);
#3430 = DEFINITIONAL_REPRESENTATION('',(#3431),#3435);
#3431 = LINE('',#3432,#3433);
#3432 = CARTESIAN_POINT('',(7.5,1.75));
#3433 = VECTOR('',#3434,1.);
#3434 = DIRECTION('',(0.,1.));
#3435 = ( GEOMETRIC_REPRESENTATION_CONTEXT(2) 
PARAMETRIC_REPRESENTATION_CONTEXT() REPRESENTATION_CONTEXT('2D SPACE',''
  ) );
#3436 = PCURVE('',#2400,#3437);
#3437 = DEFINITIONAL_REPRESENTATION('',(#3438),#3442);
#3438 = LINE('',#3439,#3440);
#3439 = CARTESIAN_POINT('',(3.5,1.75));
#3440 = VECTOR('',#3441,1.);
#3441 = DIRECTION('',(0.,-1.));
#3442 = ( GEOMETRIC_REPRESENTATION_CONTEXT(2) 
PARAMETRIC_REPRESENTATION_CONTEXT() REPRESENTATION_CONTEXT('2D SPACE',''
  ) );
#3443 = ORIENTED_EDGE('',*,*,#3444,.F.);
#3444 = EDGE_CURVE('',#3445,#3422,#3447,.T.);
#3445 = VERTEX_POINT('',#3446);
#3446 = CARTESIAN_POINT('',(16.5,4.,6.));
#3447 = SURFACE_CURVE('',#3448,(#3453,#3460),.PCURVE_S1.);
#3448 = CIRCLE('',#3449,1.);
#3449 = AXIS2_PLACEMENT_3D('',#3450,#3451,#3452);
#3450 = CARTESIAN_POINT('',(16.5,5.,6.));
#3451 = DIRECTION('',(0.,0.,1.));
#3452 = DIRECTION('',(0.,-1.,0.));
#3453 = PCURVE('',#898,#3454);
#3454 = DEFINITIONAL_REPRESENTATION('',(#3455),#3459);
#3455 = CIRCLE('',#3456,1.);
#3456 = AXIS2_PLACEMENT_2D('',#3457,#3458);
#3457 = CARTESIAN_POINT('',(6.5,6.));
#3458 = DIRECTION('',(0.,-1.));
#3459 = ( GEOMETRIC_REPRESENTATION_CONTEXT(2) 
PARAMETRIC_REPRESENTATION_CONTEXT() REPRESENTATION_CONTEXT('2D SPACE',''
  ) );
#3460 = PCURVE('',#2451,#3461);
#3461 = DEFINITIONAL_REPRESENTATION('',(#3462),#3466);
#3462 = LINE('',#3463,#3464);
#3463 = CARTESIAN_POINT('',(0.,0.));
#3464 = VECTOR('',#3465,1.);
#3465 = DIRECTION('',(1.,0.));
#3466 = ( GEOMETRIC_REPRESENTATION_CONTEXT(2) 
PARAMETRIC_REPRESENTATION_CONTEXT() REPRESENTATION_CONTEXT('2D SPACE',''
  ) );
#3467 = ORIENTED_EDGE('',*,*,#3468,.F.);
#3468 = EDGE_CURVE('',#3469,#3445,#3471,.T.);
#3469 = VERTEX_POINT('',#3470);
#3470 = CARTESIAN_POINT('',(16.,4.,6.));
#3471 = SURFACE_CURVE('',#3472,(#3476,#3483),.PCURVE_S1.);
#3472 = LINE('',#3473,#3474);
#3473 = CARTESIAN_POINT('',(10.,4.,6.));
#3474 = VECTOR('',#3475,1.);
#3475 = DIRECTION('',(1.,0.,-0.));
#3476 = PCURVE('',#898,#3477);
#3477 = DEFINITIONAL_REPRESENTATION('',(#3478),#3482);
#3478 = LINE('',#3479,#3480);
#3479 = CARTESIAN_POINT('',(0.,5.));
#3480 = VECTOR('',#3481,1.);
#3481 = DIRECTION('',(1.,0.));
#3482 = ( GEOMETRIC_REPRESENTATION_CONTEXT(2) 
PARAMETRIC_REPRESENTATION_CONTEXT() REPRESENTATION_CONTEXT('2D SPACE',''
  ) );
#3483 = PCURVE('',#2479,#3484);
#3484 = DEFINITIONAL_REPRESENTATION('',(#3485),#3489);
#3485 = LINE('',#3486,#3487);
#3486 = CARTESIAN_POINT('',(0.,0.));
#3487 = VECTOR('',#3488,1.);
#3488 = DIRECTION('',(0.,1.));
#3489 = ( GEOMETRIC_REPRESENTATION_CONTEXT(2) 
PARAMETRIC_REPRESENTATION_CONTEXT() REPRESENTATION_CONTEXT('2D SPACE',''
  ) );
#3490 = ORIENTED_EDGE('',*,*,#3491,.F.);
#3491 = EDGE_CURVE('',#3492,#3469,#3494,.T.);
#3492 = VERTEX_POINT('',#3493);
#3493 = CARTESIAN_POINT('',(15.,5.,6.));
#3494 = SURFACE_CURVE('',#3495,(#3500,#3507),.PCURVE_S1.);
#3495 = CIRCLE('',#3496,1.);
#3496 = AXIS2_PLACEMENT_3D('',#3497,#3498,#3499);
#3497 = CARTESIAN_POINT('',(16.,5.,6.));
#3498 = DIRECTION('',(0.,0.,1.));
#3499 = DIRECTION('',(0.,-1.,0.));
#3500 = PCURVE('',#898,#3501);
#3501 = DEFINITIONAL_REPRESENTATION('',(#3502),#3506);
#3502 = CIRCLE('',#3503,1.);
#3503 = AXIS2_PLACEMENT_2D('',#3504,#3505);
#3504 = CARTESIAN_POINT('',(6.,6.));
#3505 = DIRECTION('',(0.,-1.));
#3506 = ( GEOMETRIC_REPRESENTATION_CONTEXT(2) 
PARAMETRIC_REPRESENTATION_CONTEXT() REPRESENTATION_CONTEXT('2D SPACE',''
  ) );
#3507 = PCURVE('',#2508,#3508);
#3508 = DEFINITIONAL_REPRESENTATION('',(#3509),#3513);
#3509 = LINE('',#3510,#3511);
#3510 = CARTESIAN_POINT('',(-4.712388980385,0.));
#3511 = VECTOR('',#3512,1.);
#3512 = DIRECTION('',(1.,0.));
#3513 = ( GEOMETRIC_REPRESENTATION_CONTEXT(2) 
PARAMETRIC_REPRESENTATION_CONTEXT() REPRESENTATION_CONTEXT('2D SPACE',''
  ) );
#3514 = ORIENTED_EDGE('',*,*,#3515,.F.);
#3515 = EDGE_CURVE('',#3516,#3492,#3518,.T.);
#3516 = VERTEX_POINT('',#3517);
#3517 = CARTESIAN_POINT('',(15.,4.,6.));
#3518 = SURFACE_CURVE('',#3519,(#3523,#3530),.PCURVE_S1.);
#3519 = LINE('',#3520,#3521);
#3520 = CARTESIAN_POINT('',(15.,0.75,6.));
#3521 = VECTOR('',#3522,1.);
#3522 = DIRECTION('',(-0.,1.,-0.));
#3523 = PCURVE('',#898,#3524);
#3524 = DEFINITIONAL_REPRESENTATION('',(#3525),#3529);
#3525 = LINE('',#3526,#3527);
#3526 = CARTESIAN_POINT('',(5.,1.75));
#3527 = VECTOR('',#3528,1.);
#3528 = DIRECTION('',(0.,1.));
#3529 = ( GEOMETRIC_REPRESENTATION_CONTEXT(2) 
PARAMETRIC_REPRESENTATION_CONTEXT() REPRESENTATION_CONTEXT('2D SPACE',''
  ) );
#3530 = PCURVE('',#2536,#3531);
#3531 = DEFINITIONAL_REPRESENTATION('',(#3532),#3536);
#3532 = LINE('',#3533,#3534);
#3533 = CARTESIAN_POINT('',(3.5,1.75));
#3534 = VECTOR('',#3535,1.);
#3535 = DIRECTION('',(0.,-1.));
#3536 = ( GEOMETRIC_REPRESENTATION_CONTEXT(2) 
PARAMETRIC_REPRESENTATION_CONTEXT() REPRESENTATION_CONTEXT('2D SPACE',''
  ) );
#3537 = ORIENTED_EDGE('',*,*,#3538,.T.);
#3538 = EDGE_CURVE('',#3516,#3539,#3541,.T.);
#3539 = VERTEX_POINT('',#3540);
#3540 = CARTESIAN_POINT('',(15.,3.5,6.));
#3541 = SURFACE_CURVE('',#3542,(#3546,#3552),.PCURVE_S1.);
#3542 = LINE('',#3543,#3544);
#3543 = CARTESIAN_POINT('',(15.,0.75,6.));
#3544 = VECTOR('',#3545,1.);
#3545 = DIRECTION('',(0.,-1.,0.));
#3546 = PCURVE('',#898,#3547);
#3547 = DEFINITIONAL_REPRESENTATION('',(#3548),#3551);
#3548 = B_SPLINE_CURVE_WITH_KNOTS('',1,(#3549,#3550),.UNSPECIFIED.,.F.,
  .F.,(2,2),(-3.25,-1.75),.PIECEWISE_BEZIER_KNOTS.);
#3549 = CARTESIAN_POINT('',(5.,5.));
#3550 = CARTESIAN_POINT('',(5.,3.5));
#3551 = ( GEOMETRIC_REPRESENTATION_CONTEXT(2) 
PARAMETRIC_REPRESENTATION_CONTEXT() REPRESENTATION_CONTEXT('2D SPACE',''
  ) );
#3552 = PCURVE('',#2536,#3553);
#3553 = DEFINITIONAL_REPRESENTATION('',(#3554),#3557);
#3554 = B_SPLINE_CURVE_WITH_KNOTS('',1,(#3555,#3556),.UNSPECIFIED.,.F.,
  .F.,(2,2),(-3.25,-1.75),.PIECEWISE_BEZIER_KNOTS.);
#3555 = CARTESIAN_POINT('',(3.5,-1.5));
#3556 = CARTESIAN_POINT('',(3.5,0.));
#3557 = ( GEOMETRIC_REPRESENTATION_CONTEXT(2) 
PARAMETRIC_REPRESENTATION_CONTEXT() REPRESENTATION_CONTEXT('2D SPACE',''
  ) );
#3558 = ORIENTED_EDGE('',*,*,#3559,.F.);
#3559 = EDGE_CURVE('',#3560,#3539,#3562,.T.);
#3560 = VERTEX_POINT('',#3561);
#3561 = CARTESIAN_POINT('',(14.,2.5,6.));
#3562 = SURFACE_CURVE('',#3563,(#3568,#3575),.PCURVE_S1.);
#3563 = CIRCLE('',#3564,1.);
#3564 = AXIS2_PLACEMENT_3D('',#3565,#3566,#3567);
#3565 = CARTESIAN_POINT('',(14.,3.5,6.));
#3566 = DIRECTION('',(0.,0.,1.));
#3567 = DIRECTION('',(0.,-1.,0.));
#3568 = PCURVE('',#898,#3569);
#3569 = DEFINITIONAL_REPRESENTATION('',(#3570),#3574);
#3570 = CIRCLE('',#3571,1.);
#3571 = AXIS2_PLACEMENT_2D('',#3572,#3573);
#3572 = CARTESIAN_POINT('',(4.,4.5));
#3573 = DIRECTION('',(0.,-1.));
#3574 = ( GEOMETRIC_REPRESENTATION_CONTEXT(2) 
PARAMETRIC_REPRESENTATION_CONTEXT() REPRESENTATION_CONTEXT('2D SPACE',''
  ) );
#3575 = PCURVE('',#3576,#3581);
#3576 = CYLINDRICAL_SURFACE('',#3577,1.);
#3577 = AXIS2_PLACEMENT_3D('',#3578,#3579,#3580);
#3578 = CARTESIAN_POINT('',(14.,3.5,2.5));
#3579 = DIRECTION('',(0.,0.,1.));
#3580 = DIRECTION('',(0.,-1.,0.));
#3581 = DEFINITIONAL_REPRESENTATION('',(#3582),#3586);
#3582 = LINE('',#3583,#3584);
#3583 = CARTESIAN_POINT('',(0.,3.5));
#3584 = VECTOR('',#3585,1.);
#3585 = DIRECTION('',(1.,0.));
#3586 = ( GEOMETRIC_REPRESENTATION_CONTEXT(2) 
PARAMETRIC_REPRESENTATION_CONTEXT() REPRESENTATION_CONTEXT('2D SPACE',''
  ) );
#3587 = ORIENTED_EDGE('',*,*,#3588,.F.);
#3588 = EDGE_CURVE('',#3589,#3560,#3591,.T.);
#3589 = VERTEX_POINT('',#3590);
#3590 = CARTESIAN_POINT('',(10.,2.5,6.));
#3591 = SURFACE_CURVE('',#3592,(#3596,#3602),.PCURVE_S1.);
#3592 = LINE('',#3593,#3594);
#3593 = CARTESIAN_POINT('',(6.25,2.5,6.));
#3594 = VECTOR('',#3595,1.);
#3595 = DIRECTION('',(1.,0.,-0.));
#3596 = PCURVE('',#898,#3597);
#3597 = DEFINITIONAL_REPRESENTATION('',(#3598),#3601);
#3598 = B_SPLINE_CURVE_WITH_KNOTS('',1,(#3599,#3600),.UNSPECIFIED.,.F.,
  .F.,(2,2),(3.75,8.75),.PIECEWISE_BEZIER_KNOTS.);
#3599 = CARTESIAN_POINT('',(0.,3.5));
#3600 = CARTESIAN_POINT('',(5.,3.5));
#3601 = ( GEOMETRIC_REPRESENTATION_CONTEXT(2) 
PARAMETRIC_REPRESENTATION_CONTEXT() REPRESENTATION_CONTEXT('2D SPACE',''
  ) );
#3602 = PCURVE('',#2613,#3603);
#3603 = DEFINITIONAL_REPRESENTATION('',(#3604),#3607);
#3604 = B_SPLINE_CURVE_WITH_KNOTS('',1,(#3605,#3606),.UNSPECIFIED.,.F.,
  .F.,(2,2),(3.75,8.75),.PIECEWISE_BEZIER_KNOTS.);
#3605 = CARTESIAN_POINT('',(3.5,7.5));
#3606 = CARTESIAN_POINT('',(3.5,12.5));
#3607 = ( GEOMETRIC_REPRESENTATION_CONTEXT(2) 
PARAMETRIC_REPRESENTATION_CONTEXT() REPRESENTATION_CONTEXT('2D SPACE',''
  ) );
#3608 = ORIENTED_EDGE('',*,*,#3609,.T.);
#3609 = EDGE_CURVE('',#3589,#3610,#3612,.T.);
#3610 = VERTEX_POINT('',#3611);
#3611 = CARTESIAN_POINT('',(9.,2.5,6.));
#3612 = SURFACE_CURVE('',#3613,(#3617,#3624),.PCURVE_S1.);
#3613 = LINE('',#3614,#3615);
#3614 = CARTESIAN_POINT('',(6.25,2.5,6.));
#3615 = VECTOR('',#3616,1.);
#3616 = DIRECTION('',(-1.,-0.,0.));
#3617 = PCURVE('',#898,#3618);
#3618 = DEFINITIONAL_REPRESENTATION('',(#3619),#3623);
#3619 = LINE('',#3620,#3621);
#3620 = CARTESIAN_POINT('',(-3.75,3.5));
#3621 = VECTOR('',#3622,1.);
#3622 = DIRECTION('',(-1.,0.));
#3623 = ( GEOMETRIC_REPRESENTATION_CONTEXT(2) 
PARAMETRIC_REPRESENTATION_CONTEXT() REPRESENTATION_CONTEXT('2D SPACE',''
  ) );
#3624 = PCURVE('',#2613,#3625);
#3625 = DEFINITIONAL_REPRESENTATION('',(#3626),#3630);
#3626 = LINE('',#3627,#3628);
#3627 = CARTESIAN_POINT('',(3.5,3.75));
#3628 = VECTOR('',#3629,1.);
#3629 = DIRECTION('',(0.,-1.));
#3630 = ( GEOMETRIC_REPRESENTATION_CONTEXT(2) 
PARAMETRIC_REPRESENTATION_CONTEXT() REPRESENTATION_CONTEXT('2D SPACE',''
  ) );
#3631 = ORIENTED_EDGE('',*,*,#3632,.F.);
#3632 = EDGE_CURVE('',#2728,#3610,#3633,.T.);
#3633 = SURFACE_CURVE('',#3634,(#3639,#3646),.PCURVE_S1.);
#3634 = CIRCLE('',#3635,1.);
#3635 = AXIS2_PLACEMENT_3D('',#3636,#3637,#3638);
#3636 = CARTESIAN_POINT('',(9.,1.5,6.));
#3637 = DIRECTION('',(0.,-0.,1.));
#3638 = DIRECTION('',(0.,1.,0.));
#3639 = PCURVE('',#898,#3640);
#3640 = DEFINITIONAL_REPRESENTATION('',(#3641),#3645);
#3641 = CIRCLE('',#3642,1.);
#3642 = AXIS2_PLACEMENT_2D('',#3643,#3644);
#3643 = CARTESIAN_POINT('',(-1.,2.5));
#3644 = DIRECTION('',(0.,1.));
#3645 = ( GEOMETRIC_REPRESENTATION_CONTEXT(2) 
PARAMETRIC_REPRESENTATION_CONTEXT() REPRESENTATION_CONTEXT('2D SPACE',''
  ) );
#3646 = PCURVE('',#2662,#3647);
#3647 = DEFINITIONAL_REPRESENTATION('',(#3648),#3652);
#3648 = LINE('',#3649,#3650);
#3649 = CARTESIAN_POINT('',(4.712388980385,2.));
#3650 = VECTOR('',#3651,1.);
#3651 = DIRECTION('',(-1.,0.));
#3652 = ( GEOMETRIC_REPRESENTATION_CONTEXT(2) 
PARAMETRIC_REPRESENTATION_CONTEXT() REPRESENTATION_CONTEXT('2D SPACE',''
  ) );
#3653 = ADVANCED_FACE('',(#3654),#970,.T.);
#3654 = FACE_BOUND('',#3655,.T.);
#3655 = EDGE_LOOP('',(#3656,#3657,#3678,#3679));
#3656 = ORIENTED_EDGE('',*,*,#1682,.T.);
#3657 = ORIENTED_EDGE('',*,*,#3658,.T.);
#3658 = EDGE_CURVE('',#1683,#2755,#3659,.T.);
#3659 = SURFACE_CURVE('',#3660,(#3664,#3671),.PCURVE_S1.);
#3660 = LINE('',#3661,#3662);
#3661 = CARTESIAN_POINT('',(50.,1.,8.));
#3662 = VECTOR('',#3663,1.);
#3663 = DIRECTION('',(-0.,0.,-1.));
#3664 = PCURVE('',#970,#3665);
#3665 = DEFINITIONAL_REPRESENTATION('',(#3666),#3670);
#3666 = LINE('',#3667,#3668);
#3667 = CARTESIAN_POINT('',(1.570796326795,0.));
#3668 = VECTOR('',#3669,1.);
#3669 = DIRECTION('',(0.,1.));
#3670 = ( GEOMETRIC_REPRESENTATION_CONTEXT(2) 
PARAMETRIC_REPRESENTATION_CONTEXT() REPRESENTATION_CONTEXT('2D SPACE',''
  ) );
#3671 = PCURVE('',#1726,#3672);
#3672 = DEFINITIONAL_REPRESENTATION('',(#3673),#3677);
#3673 = LINE('',#3674,#3675);
#3674 = CARTESIAN_POINT('',(2.,-2.));
#3675 = VECTOR('',#3676,1.);
#3676 = DIRECTION('',(-1.,-0.));
#3677 = ( GEOMETRIC_REPRESENTATION_CONTEXT(2) 
PARAMETRIC_REPRESENTATION_CONTEXT() REPRESENTATION_CONTEXT('2D SPACE',''
  ) );
#3678 = ORIENTED_EDGE('',*,*,#2754,.F.);
#3679 = ORIENTED_EDGE('',*,*,#954,.F.);
#3680 = ADVANCED_FACE('',(#3681),#1044,.F.);
#3681 = FACE_BOUND('',#3682,.F.);
#3682 = EDGE_LOOP('',(#3683,#3713,#3735,#3736,#3737,#3738,#3766,#3794,
    #3827,#3850,#3871,#3900,#3921,#3944,#3977,#4005,#4034,#4057,#4078,
    #4111,#4137,#4166,#4187,#4210,#4243,#4271,#4300,#4323,#4344,#4377,
    #4403,#4432,#4453,#4476,#4509,#4537,#4566,#4589,#4610,#4639,#4660,
    #4683));
#3683 = ORIENTED_EDGE('',*,*,#3684,.F.);
#3684 = EDGE_CURVE('',#3685,#3687,#3689,.T.);
#3685 = VERTEX_POINT('',#3686);
#3686 = CARTESIAN_POINT('',(10.,1.,14.));
#3687 = VERTEX_POINT('',#3688);
#3688 = CARTESIAN_POINT('',(10.,1.5,14.));
#3689 = SURFACE_CURVE('',#3690,(#3694,#3701),.PCURVE_S1.);
#3690 = LINE('',#3691,#3692);
#3691 = CARTESIAN_POINT('',(10.,-1.,14.));
#3692 = VECTOR('',#3693,1.);
#3693 = DIRECTION('',(-0.,1.,0.));
#3694 = PCURVE('',#1044,#3695);
#3695 = DEFINITIONAL_REPRESENTATION('',(#3696),#3700);
#3696 = LINE('',#3697,#3698);
#3697 = CARTESIAN_POINT('',(0.,0.));
#3698 = VECTOR('',#3699,1.);
#3699 = DIRECTION('',(0.,1.));
#3700 = ( GEOMETRIC_REPRESENTATION_CONTEXT(2) 
PARAMETRIC_REPRESENTATION_CONTEXT() REPRESENTATION_CONTEXT('2D SPACE',''
  ) );
#3701 = PCURVE('',#3702,#3707);
#3702 = PLANE('',#3703);
#3703 = AXIS2_PLACEMENT_3D('',#3704,#3705,#3706);
#3704 = CARTESIAN_POINT('',(10.,-1.,12.));
#3705 = DIRECTION('',(1.,0.,-0.));
#3706 = DIRECTION('',(0.,0.,1.));
#3707 = DEFINITIONAL_REPRESENTATION('',(#3708),#3712);
#3708 = LINE('',#3709,#3710);
#3709 = CARTESIAN_POINT('',(2.,0.));
#3710 = VECTOR('',#3711,1.);
#3711 = DIRECTION('',(0.,-1.));
#3712 = ( GEOMETRIC_REPRESENTATION_CONTEXT(2) 
PARAMETRIC_REPRESENTATION_CONTEXT() REPRESENTATION_CONTEXT('2D SPACE',''
  ) );
#3713 = ORIENTED_EDGE('',*,*,#3714,.F.);
#3714 = EDGE_CURVE('',#1029,#3685,#3715,.T.);
#3715 = SURFACE_CURVE('',#3716,(#3721,#3728),.PCURVE_S1.);
#3716 = CIRCLE('',#3717,1.);
#3717 = AXIS2_PLACEMENT_3D('',#3718,#3719,#3720);
#3718 = CARTESIAN_POINT('',(9.,1.,14.));
#3719 = DIRECTION('',(0.,-0.,1.));
#3720 = DIRECTION('',(0.,1.,0.));
#3721 = PCURVE('',#1044,#3722);
#3722 = DEFINITIONAL_REPRESENTATION('',(#3723),#3727);
#3723 = CIRCLE('',#3724,1.);
#3724 = AXIS2_PLACEMENT_2D('',#3725,#3726);
#3725 = CARTESIAN_POINT('',(-1.,2.));
#3726 = DIRECTION('',(0.,1.));
#3727 = ( GEOMETRIC_REPRESENTATION_CONTEXT(2) 
PARAMETRIC_REPRESENTATION_CONTEXT() REPRESENTATION_CONTEXT('2D SPACE',''
  ) );
#3728 = PCURVE('',#1072,#3729);
#3729 = DEFINITIONAL_REPRESENTATION('',(#3730),#3734);
#3730 = LINE('',#3731,#3732);
#3731 = CARTESIAN_POINT('',(3.14159265359,-0.));
#3732 = VECTOR('',#3733,1.);
#3733 = DIRECTION('',(-1.,0.));
#3734 = ( GEOMETRIC_REPRESENTATION_CONTEXT(2) 
PARAMETRIC_REPRESENTATION_CONTEXT() REPRESENTATION_CONTEXT('2D SPACE',''
  ) );
#3735 = ORIENTED_EDGE('',*,*,#1026,.F.);
#3736 = ORIENTED_EDGE('',*,*,#1207,.T.);
#3737 = ORIENTED_EDGE('',*,*,#1184,.T.);
#3738 = ORIENTED_EDGE('',*,*,#3739,.T.);
#3739 = EDGE_CURVE('',#1157,#3740,#3742,.T.);
#3740 = VERTEX_POINT('',#3741);
#3741 = CARTESIAN_POINT('',(50.,1.,14.));
#3742 = SURFACE_CURVE('',#3743,(#3748,#3759),.PCURVE_S1.);
#3743 = CIRCLE('',#3744,1.);
#3744 = AXIS2_PLACEMENT_3D('',#3745,#3746,#3747);
#3745 = CARTESIAN_POINT('',(51.,1.,14.));
#3746 = DIRECTION('',(-0.,0.,-1.));
#3747 = DIRECTION('',(0.,1.,0.));
#3748 = PCURVE('',#1044,#3749);
#3749 = DEFINITIONAL_REPRESENTATION('',(#3750),#3758);
#3750 = ( BOUNDED_CURVE() B_SPLINE_CURVE(2,(#3751,#3752,#3753,#3754,
#3755,#3756,#3757),.UNSPECIFIED.,.T.,.F.) B_SPLINE_CURVE_WITH_KNOTS((1,2
    ,2,2,2,1),(-2.094395102393,0.,2.094395102393,4.188790204786,
6.28318530718,8.377580409573),.UNSPECIFIED.) CURVE() 
GEOMETRIC_REPRESENTATION_ITEM() RATIONAL_B_SPLINE_CURVE((1.,0.5,1.,0.5,
1.,0.5,1.)) REPRESENTATION_ITEM('') );
#3751 = CARTESIAN_POINT('',(41.,3.));
#3752 = CARTESIAN_POINT('',(42.732050807569,3.));
#3753 = CARTESIAN_POINT('',(41.866025403784,1.5));
#3754 = CARTESIAN_POINT('',(41.,2.22044604925E-16));
#3755 = CARTESIAN_POINT('',(40.133974596216,1.5));
#3756 = CARTESIAN_POINT('',(39.267949192431,3.));
#3757 = CARTESIAN_POINT('',(41.,3.));
#3758 = ( GEOMETRIC_REPRESENTATION_CONTEXT(2) 
PARAMETRIC_REPRESENTATION_CONTEXT() REPRESENTATION_CONTEXT('2D SPACE',''
  ) );
#3759 = PCURVE('',#1172,#3760);
#3760 = DEFINITIONAL_REPRESENTATION('',(#3761),#3765);
#3761 = LINE('',#3762,#3763);
#3762 = CARTESIAN_POINT('',(-3.14159265359,0.));
#3763 = VECTOR('',#3764,1.);
#3764 = DIRECTION('',(1.,0.));
#3765 = ( GEOMETRIC_REPRESENTATION_CONTEXT(2) 
PARAMETRIC_REPRESENTATION_CONTEXT() REPRESENTATION_CONTEXT('2D SPACE',''
  ) );
#3766 = ORIENTED_EDGE('',*,*,#3767,.T.);
#3767 = EDGE_CURVE('',#3740,#3768,#3770,.T.);
#3768 = VERTEX_POINT('',#3769);
#3769 = CARTESIAN_POINT('',(50.,1.5,14.));
#3770 = SURFACE_CURVE('',#3771,(#3775,#3782),.PCURVE_S1.);
#3771 = LINE('',#3772,#3773);
#3772 = CARTESIAN_POINT('',(50.,-1.,14.));
#3773 = VECTOR('',#3774,1.);
#3774 = DIRECTION('',(-0.,1.,0.));
#3775 = PCURVE('',#1044,#3776);
#3776 = DEFINITIONAL_REPRESENTATION('',(#3777),#3781);
#3777 = LINE('',#3778,#3779);
#3778 = CARTESIAN_POINT('',(40.,0.));
#3779 = VECTOR('',#3780,1.);
#3780 = DIRECTION('',(0.,1.));
#3781 = ( GEOMETRIC_REPRESENTATION_CONTEXT(2) 
PARAMETRIC_REPRESENTATION_CONTEXT() REPRESENTATION_CONTEXT('2D SPACE',''
  ) );
#3782 = PCURVE('',#3783,#3788);
#3783 = PLANE('',#3784);
#3784 = AXIS2_PLACEMENT_3D('',#3785,#3786,#3787);
#3785 = CARTESIAN_POINT('',(50.,-1.,12.));
#3786 = DIRECTION('',(1.,0.,-0.));
#3787 = DIRECTION('',(0.,0.,1.));
#3788 = DEFINITIONAL_REPRESENTATION('',(#3789),#3793);
#3789 = LINE('',#3790,#3791);
#3790 = CARTESIAN_POINT('',(2.,0.));
#3791 = VECTOR('',#3792,1.);
#3792 = DIRECTION('',(0.,-1.));
#3793 = ( GEOMETRIC_REPRESENTATION_CONTEXT(2) 
PARAMETRIC_REPRESENTATION_CONTEXT() REPRESENTATION_CONTEXT('2D SPACE',''
  ) );
#3794 = ORIENTED_EDGE('',*,*,#3795,.T.);
#3795 = EDGE_CURVE('',#3768,#3796,#3798,.T.);
#3796 = VERTEX_POINT('',#3797);
#3797 = CARTESIAN_POINT('',(51.,2.5,14.));
#3798 = SURFACE_CURVE('',#3799,(#3804,#3815),.PCURVE_S1.);
#3799 = CIRCLE('',#3800,1.);
#3800 = AXIS2_PLACEMENT_3D('',#3801,#3802,#3803);
#3801 = CARTESIAN_POINT('',(51.,1.5,14.));
#3802 = DIRECTION('',(-0.,0.,-1.));
#3803 = DIRECTION('',(0.,1.,0.));
#3804 = PCURVE('',#1044,#3805);
#3805 = DEFINITIONAL_REPRESENTATION('',(#3806),#3814);
#3806 = ( BOUNDED_CURVE() B_SPLINE_CURVE(2,(#3807,#3808,#3809,#3810,
#3811,#3812,#3813),.UNSPECIFIED.,.T.,.F.) B_SPLINE_CURVE_WITH_KNOTS((1,2
    ,2,2,2,1),(-2.094395102393,0.,2.094395102393,4.188790204786,
6.28318530718,8.377580409573),.UNSPECIFIED.) CURVE() 
GEOMETRIC_REPRESENTATION_ITEM() RATIONAL_B_SPLINE_CURVE((1.,0.5,1.,0.5,
1.,0.5,1.)) REPRESENTATION_ITEM('') );
#3807 = CARTESIAN_POINT('',(41.,3.5));
#3808 = CARTESIAN_POINT('',(42.732050807569,3.5));
#3809 = CARTESIAN_POINT('',(41.866025403784,2.));
#3810 = CARTESIAN_POINT('',(41.,0.5));
#3811 = CARTESIAN_POINT('',(40.133974596216,2.));
#3812 = CARTESIAN_POINT('',(39.267949192431,3.5));
#3813 = CARTESIAN_POINT('',(41.,3.5));
#3814 = ( GEOMETRIC_REPRESENTATION_CONTEXT(2) 
PARAMETRIC_REPRESENTATION_CONTEXT() REPRESENTATION_CONTEXT('2D SPACE',''
  ) );
#3815 = PCURVE('',#3816,#3821);
#3816 = CYLINDRICAL_SURFACE('',#3817,1.);
#3817 = AXIS2_PLACEMENT_3D('',#3818,#3819,#3820);
#3818 = CARTESIAN_POINT('',(51.,1.5,14.));
#3819 = DIRECTION('',(-0.,0.,-1.));
#3820 = DIRECTION('',(-1.,-0.,0.));
#3821 = DEFINITIONAL_REPRESENTATION('',(#3822),#3826);
#3822 = LINE('',#3823,#3824);
#3823 = CARTESIAN_POINT('',(-4.712388980385,0.));
#3824 = VECTOR('',#3825,1.);
#3825 = DIRECTION('',(1.,0.));
#3826 = ( GEOMETRIC_REPRESENTATION_CONTEXT(2) 
PARAMETRIC_REPRESENTATION_CONTEXT() REPRESENTATION_CONTEXT('2D SPACE',''
  ) );
#3827 = ORIENTED_EDGE('',*,*,#3828,.F.);
#3828 = EDGE_CURVE('',#3829,#3796,#3831,.T.);
#3829 = VERTEX_POINT('',#3830);
#3830 = CARTESIAN_POINT('',(50.,2.5,14.));
#3831 = SURFACE_CURVE('',#3832,(#3836,#3843),.PCURVE_S1.);
#3832 = LINE('',#3833,#3834);
#3833 = CARTESIAN_POINT('',(6.25,2.5,14.));
#3834 = VECTOR('',#3835,1.);
#3835 = DIRECTION('',(1.,0.,-0.));
#3836 = PCURVE('',#1044,#3837);
#3837 = DEFINITIONAL_REPRESENTATION('',(#3838),#3842);
#3838 = LINE('',#3839,#3840);
#3839 = CARTESIAN_POINT('',(-3.75,3.5));
#3840 = VECTOR('',#3841,1.);
#3841 = DIRECTION('',(1.,0.));
#3842 = ( GEOMETRIC_REPRESENTATION_CONTEXT(2) 
PARAMETRIC_REPRESENTATION_CONTEXT() REPRESENTATION_CONTEXT('2D SPACE',''
  ) );
#3843 = PCURVE('',#1787,#3844);
#3844 = DEFINITIONAL_REPRESENTATION('',(#3845),#3849);
#3845 = LINE('',#3846,#3847);
#3846 = CARTESIAN_POINT('',(11.5,3.75));
#3847 = VECTOR('',#3848,1.);
#3848 = DIRECTION('',(0.,1.));
#3849 = ( GEOMETRIC_REPRESENTATION_CONTEXT(2) 
PARAMETRIC_REPRESENTATION_CONTEXT() REPRESENTATION_CONTEXT('2D SPACE',''
  ) );
#3850 = ORIENTED_EDGE('',*,*,#3851,.F.);
#3851 = EDGE_CURVE('',#3852,#3829,#3854,.T.);
#3852 = VERTEX_POINT('',#3853);
#3853 = CARTESIAN_POINT('',(48.5,2.5,14.));
#3854 = SURFACE_CURVE('',#3855,(#3859,#3865),.PCURVE_S1.);
#3855 = LINE('',#3856,#3857);
#3856 = CARTESIAN_POINT('',(6.25,2.5,14.));
#3857 = VECTOR('',#3858,1.);
#3858 = DIRECTION('',(1.,0.,-0.));
#3859 = PCURVE('',#1044,#3860);
#3860 = DEFINITIONAL_REPRESENTATION('',(#3861),#3864);
#3861 = B_SPLINE_CURVE_WITH_KNOTS('',1,(#3862,#3863),.UNSPECIFIED.,.F.,
  .F.,(2,2),(41.25,43.75),.PIECEWISE_BEZIER_KNOTS.);
#3862 = CARTESIAN_POINT('',(37.5,3.5));
#3863 = CARTESIAN_POINT('',(40.,3.5));
#3864 = ( GEOMETRIC_REPRESENTATION_CONTEXT(2) 
PARAMETRIC_REPRESENTATION_CONTEXT() REPRESENTATION_CONTEXT('2D SPACE',''
  ) );
#3865 = PCURVE('',#1787,#3866);
#3866 = DEFINITIONAL_REPRESENTATION('',(#3867),#3870);
#3867 = B_SPLINE_CURVE_WITH_KNOTS('',1,(#3868,#3869),.UNSPECIFIED.,.F.,
  .F.,(2,2),(41.25,43.75),.PIECEWISE_BEZIER_KNOTS.);
#3868 = CARTESIAN_POINT('',(11.5,45.));
#3869 = CARTESIAN_POINT('',(11.5,47.5));
#3870 = ( GEOMETRIC_REPRESENTATION_CONTEXT(2) 
PARAMETRIC_REPRESENTATION_CONTEXT() REPRESENTATION_CONTEXT('2D SPACE',''
  ) );
#3871 = ORIENTED_EDGE('',*,*,#3872,.F.);
#3872 = EDGE_CURVE('',#3873,#3852,#3875,.T.);
#3873 = VERTEX_POINT('',#3874);
#3874 = CARTESIAN_POINT('',(47.5,3.5,14.));
#3875 = SURFACE_CURVE('',#3876,(#3881,#3888),.PCURVE_S1.);
#3876 = CIRCLE('',#3877,1.);
#3877 = AXIS2_PLACEMENT_3D('',#3878,#3879,#3880);
#3878 = CARTESIAN_POINT('',(48.5,3.5,14.));
#3879 = DIRECTION('',(0.,0.,1.));
#3880 = DIRECTION('',(0.,-1.,0.));
#3881 = PCURVE('',#1044,#3882);
#3882 = DEFINITIONAL_REPRESENTATION('',(#3883),#3887);
#3883 = CIRCLE('',#3884,1.);
#3884 = AXIS2_PLACEMENT_2D('',#3885,#3886);
#3885 = CARTESIAN_POINT('',(38.5,4.5));
#3886 = DIRECTION('',(0.,-1.));
#3887 = ( GEOMETRIC_REPRESENTATION_CONTEXT(2) 
PARAMETRIC_REPRESENTATION_CONTEXT() REPRESENTATION_CONTEXT('2D SPACE',''
  ) );
#3888 = PCURVE('',#3889,#3894);
#3889 = CYLINDRICAL_SURFACE('',#3890,1.);
#3890 = AXIS2_PLACEMENT_3D('',#3891,#3892,#3893);
#3891 = CARTESIAN_POINT('',(48.5,3.5,14.));
#3892 = DIRECTION('',(0.,0.,1.));
#3893 = DIRECTION('',(-1.,-0.,0.));
#3894 = DEFINITIONAL_REPRESENTATION('',(#3895),#3899);
#3895 = LINE('',#3896,#3897);
#3896 = CARTESIAN_POINT('',(-4.712388980385,0.));
#3897 = VECTOR('',#3898,1.);
#3898 = DIRECTION('',(1.,0.));
#3899 = ( GEOMETRIC_REPRESENTATION_CONTEXT(2) 
PARAMETRIC_REPRESENTATION_CONTEXT() REPRESENTATION_CONTEXT('2D SPACE',''
  ) );
#3900 = ORIENTED_EDGE('',*,*,#3901,.F.);
#3901 = EDGE_CURVE('',#3902,#3873,#3904,.T.);
#3902 = VERTEX_POINT('',#3903);
#3903 = CARTESIAN_POINT('',(47.5,4.,14.));
#3904 = SURFACE_CURVE('',#3905,(#3909,#3915),.PCURVE_S1.);
#3905 = LINE('',#3906,#3907);
#3906 = CARTESIAN_POINT('',(47.5,0.75,14.));
#3907 = VECTOR('',#3908,1.);
#3908 = DIRECTION('',(0.,-1.,0.));
#3909 = PCURVE('',#1044,#3910);
#3910 = DEFINITIONAL_REPRESENTATION('',(#3911),#3914);
#3911 = B_SPLINE_CURVE_WITH_KNOTS('',1,(#3912,#3913),.UNSPECIFIED.,.F.,
  .F.,(2,2),(-3.25,-1.75),.PIECEWISE_BEZIER_KNOTS.);
#3912 = CARTESIAN_POINT('',(37.5,5.));
#3913 = CARTESIAN_POINT('',(37.5,3.5));
#3914 = ( GEOMETRIC_REPRESENTATION_CONTEXT(2) 
PARAMETRIC_REPRESENTATION_CONTEXT() REPRESENTATION_CONTEXT('2D SPACE',''
  ) );
#3915 = PCURVE('',#1864,#3916);
#3916 = DEFINITIONAL_REPRESENTATION('',(#3917),#3920);
#3917 = B_SPLINE_CURVE_WITH_KNOTS('',1,(#3918,#3919),.UNSPECIFIED.,.F.,
  .F.,(2,2),(-3.25,-1.75),.PIECEWISE_BEZIER_KNOTS.);
#3918 = CARTESIAN_POINT('',(11.5,-1.5));
#3919 = CARTESIAN_POINT('',(11.5,0.));
#3920 = ( GEOMETRIC_REPRESENTATION_CONTEXT(2) 
PARAMETRIC_REPRESENTATION_CONTEXT() REPRESENTATION_CONTEXT('2D SPACE',''
  ) );
#3921 = ORIENTED_EDGE('',*,*,#3922,.T.);
#3922 = EDGE_CURVE('',#3902,#3923,#3925,.T.);
#3923 = VERTEX_POINT('',#3924);
#3924 = CARTESIAN_POINT('',(47.5,5.,14.));
#3925 = SURFACE_CURVE('',#3926,(#3930,#3937),.PCURVE_S1.);
#3926 = LINE('',#3927,#3928);
#3927 = CARTESIAN_POINT('',(47.5,0.75,14.));
#3928 = VECTOR('',#3929,1.);
#3929 = DIRECTION('',(-0.,1.,-0.));
#3930 = PCURVE('',#1044,#3931);
#3931 = DEFINITIONAL_REPRESENTATION('',(#3932),#3936);
#3932 = LINE('',#3933,#3934);
#3933 = CARTESIAN_POINT('',(37.5,1.75));
#3934 = VECTOR('',#3935,1.);
#3935 = DIRECTION('',(0.,1.));
#3936 = ( GEOMETRIC_REPRESENTATION_CONTEXT(2) 
PARAMETRIC_REPRESENTATION_CONTEXT() REPRESENTATION_CONTEXT('2D SPACE',''
  ) );
#3937 = PCURVE('',#1864,#3938);
#3938 = DEFINITIONAL_REPRESENTATION('',(#3939),#3943);
#3939 = LINE('',#3940,#3941);
#3940 = CARTESIAN_POINT('',(11.5,1.75));
#3941 = VECTOR('',#3942,1.);
#3942 = DIRECTION('',(0.,-1.));
#3943 = ( GEOMETRIC_REPRESENTATION_CONTEXT(2) 
PARAMETRIC_REPRESENTATION_CONTEXT() REPRESENTATION_CONTEXT('2D SPACE',''
  ) );
#3944 = ORIENTED_EDGE('',*,*,#3945,.T.);
#3945 = EDGE_CURVE('',#3923,#3946,#3948,.T.);
#3946 = VERTEX_POINT('',#3947);
#3947 = CARTESIAN_POINT('',(46.5,4.,14.));
#3948 = SURFACE_CURVE('',#3949,(#3954,#3965),.PCURVE_S1.);
#3949 = CIRCLE('',#3950,1.);
#3950 = AXIS2_PLACEMENT_3D('',#3951,#3952,#3953);
#3951 = CARTESIAN_POINT('',(46.5,5.,14.));
#3952 = DIRECTION('',(-0.,-0.,-1.));
#3953 = DIRECTION('',(0.,-1.,0.));
#3954 = PCURVE('',#1044,#3955);
#3955 = DEFINITIONAL_REPRESENTATION('',(#3956),#3964);
#3956 = ( BOUNDED_CURVE() B_SPLINE_CURVE(2,(#3957,#3958,#3959,#3960,
#3961,#3962,#3963),.UNSPECIFIED.,.T.,.F.) B_SPLINE_CURVE_WITH_KNOTS((1,2
    ,2,2,2,1),(-2.094395102393,0.,2.094395102393,4.188790204786,
6.28318530718,8.377580409573),.UNSPECIFIED.) CURVE() 
GEOMETRIC_REPRESENTATION_ITEM() RATIONAL_B_SPLINE_CURVE((1.,0.5,1.,0.5,
1.,0.5,1.)) REPRESENTATION_ITEM('') );
#3957 = CARTESIAN_POINT('',(36.5,5.));
#3958 = CARTESIAN_POINT('',(34.767949192431,5.));
#3959 = CARTESIAN_POINT('',(35.633974596216,6.5));
#3960 = CARTESIAN_POINT('',(36.5,8.));
#3961 = CARTESIAN_POINT('',(37.366025403784,6.5));
#3962 = CARTESIAN_POINT('',(38.232050807569,5.));
#3963 = CARTESIAN_POINT('',(36.5,5.));
#3964 = ( GEOMETRIC_REPRESENTATION_CONTEXT(2) 
PARAMETRIC_REPRESENTATION_CONTEXT() REPRESENTATION_CONTEXT('2D SPACE',''
  ) );
#3965 = PCURVE('',#3966,#3971);
#3966 = CYLINDRICAL_SURFACE('',#3967,1.);
#3967 = AXIS2_PLACEMENT_3D('',#3968,#3969,#3970);
#3968 = CARTESIAN_POINT('',(46.5,5.,12.));
#3969 = DIRECTION('',(0.,0.,1.));
#3970 = DIRECTION('',(1.,0.,-0.));
#3971 = DEFINITIONAL_REPRESENTATION('',(#3972),#3976);
#3972 = LINE('',#3973,#3974);
#3973 = CARTESIAN_POINT('',(4.712388980385,2.));
#3974 = VECTOR('',#3975,1.);
#3975 = DIRECTION('',(-1.,0.));
#3976 = ( GEOMETRIC_REPRESENTATION_CONTEXT(2) 
PARAMETRIC_REPRESENTATION_CONTEXT() REPRESENTATION_CONTEXT('2D SPACE',''
  ) );
#3977 = ORIENTED_EDGE('',*,*,#3978,.F.);
#3978 = EDGE_CURVE('',#3979,#3946,#3981,.T.);
#3979 = VERTEX_POINT('',#3980);
#3980 = CARTESIAN_POINT('',(46.,4.,14.));
#3981 = SURFACE_CURVE('',#3982,(#3986,#3993),.PCURVE_S1.);
#3982 = LINE('',#3983,#3984);
#3983 = CARTESIAN_POINT('',(10.,4.,14.));
#3984 = VECTOR('',#3985,1.);
#3985 = DIRECTION('',(1.,0.,-0.));
#3986 = PCURVE('',#1044,#3987);
#3987 = DEFINITIONAL_REPRESENTATION('',(#3988),#3992);
#3988 = LINE('',#3989,#3990);
#3989 = CARTESIAN_POINT('',(0.,5.));
#3990 = VECTOR('',#3991,1.);
#3991 = DIRECTION('',(1.,0.));
#3992 = ( GEOMETRIC_REPRESENTATION_CONTEXT(2) 
PARAMETRIC_REPRESENTATION_CONTEXT() REPRESENTATION_CONTEXT('2D SPACE',''
  ) );
#3993 = PCURVE('',#3994,#3999);
#3994 = PLANE('',#3995);
#3995 = AXIS2_PLACEMENT_3D('',#3996,#3997,#3998);
#3996 = CARTESIAN_POINT('',(10.,4.,12.));
#3997 = DIRECTION('',(-0.,1.,0.));
#3998 = DIRECTION('',(0.,0.,1.));
#3999 = DEFINITIONAL_REPRESENTATION('',(#4000),#4004);
#4000 = LINE('',#4001,#4002);
#4001 = CARTESIAN_POINT('',(2.,0.));
#4002 = VECTOR('',#4003,1.);
#4003 = DIRECTION('',(0.,1.));
#4004 = ( GEOMETRIC_REPRESENTATION_CONTEXT(2) 
PARAMETRIC_REPRESENTATION_CONTEXT() REPRESENTATION_CONTEXT('2D SPACE',''
  ) );
#4005 = ORIENTED_EDGE('',*,*,#4006,.F.);
#4006 = EDGE_CURVE('',#4007,#3979,#4009,.T.);
#4007 = VERTEX_POINT('',#4008);
#4008 = CARTESIAN_POINT('',(45.,5.,14.));
#4009 = SURFACE_CURVE('',#4010,(#4015,#4022),.PCURVE_S1.);
#4010 = CIRCLE('',#4011,1.);
#4011 = AXIS2_PLACEMENT_3D('',#4012,#4013,#4014);
#4012 = CARTESIAN_POINT('',(46.,5.,14.));
#4013 = DIRECTION('',(0.,0.,1.));
#4014 = DIRECTION('',(0.,-1.,0.));
#4015 = PCURVE('',#1044,#4016);
#4016 = DEFINITIONAL_REPRESENTATION('',(#4017),#4021);
#4017 = CIRCLE('',#4018,1.);
#4018 = AXIS2_PLACEMENT_2D('',#4019,#4020);
#4019 = CARTESIAN_POINT('',(36.,6.));
#4020 = DIRECTION('',(0.,-1.));
#4021 = ( GEOMETRIC_REPRESENTATION_CONTEXT(2) 
PARAMETRIC_REPRESENTATION_CONTEXT() REPRESENTATION_CONTEXT('2D SPACE',''
  ) );
#4022 = PCURVE('',#4023,#4028);
#4023 = CYLINDRICAL_SURFACE('',#4024,1.);
#4024 = AXIS2_PLACEMENT_3D('',#4025,#4026,#4027);
#4025 = CARTESIAN_POINT('',(46.,5.,12.));
#4026 = DIRECTION('',(0.,0.,1.));
#4027 = DIRECTION('',(-1.,-0.,0.));
#4028 = DEFINITIONAL_REPRESENTATION('',(#4029),#4033);
#4029 = LINE('',#4030,#4031);
#4030 = CARTESIAN_POINT('',(-4.712388980385,2.));
#4031 = VECTOR('',#4032,1.);
#4032 = DIRECTION('',(1.,0.));
#4033 = ( GEOMETRIC_REPRESENTATION_CONTEXT(2) 
PARAMETRIC_REPRESENTATION_CONTEXT() REPRESENTATION_CONTEXT('2D SPACE',''
  ) );
#4034 = ORIENTED_EDGE('',*,*,#4035,.F.);
#4035 = EDGE_CURVE('',#4036,#4007,#4038,.T.);
#4036 = VERTEX_POINT('',#4037);
#4037 = CARTESIAN_POINT('',(45.,4.,14.));
#4038 = SURFACE_CURVE('',#4039,(#4043,#4050),.PCURVE_S1.);
#4039 = LINE('',#4040,#4041);
#4040 = CARTESIAN_POINT('',(45.,0.75,14.));
#4041 = VECTOR('',#4042,1.);
#4042 = DIRECTION('',(-0.,1.,-0.));
#4043 = PCURVE('',#1044,#4044);
#4044 = DEFINITIONAL_REPRESENTATION('',(#4045),#4049);
#4045 = LINE('',#4046,#4047);
#4046 = CARTESIAN_POINT('',(35.,1.75));
#4047 = VECTOR('',#4048,1.);
#4048 = DIRECTION('',(0.,1.));
#4049 = ( GEOMETRIC_REPRESENTATION_CONTEXT(2) 
PARAMETRIC_REPRESENTATION_CONTEXT() REPRESENTATION_CONTEXT('2D SPACE',''
  ) );
#4050 = PCURVE('',#2000,#4051);
#4051 = DEFINITIONAL_REPRESENTATION('',(#4052),#4056);
#4052 = LINE('',#4053,#4054);
#4053 = CARTESIAN_POINT('',(11.5,1.75));
#4054 = VECTOR('',#4055,1.);
#4055 = DIRECTION('',(0.,-1.));
#4056 = ( GEOMETRIC_REPRESENTATION_CONTEXT(2) 
PARAMETRIC_REPRESENTATION_CONTEXT() REPRESENTATION_CONTEXT('2D SPACE',''
  ) );
#4057 = ORIENTED_EDGE('',*,*,#4058,.T.);
#4058 = EDGE_CURVE('',#4036,#4059,#4061,.T.);
#4059 = VERTEX_POINT('',#4060);
#4060 = CARTESIAN_POINT('',(45.,3.5,14.));
#4061 = SURFACE_CURVE('',#4062,(#4066,#4072),.PCURVE_S1.);
#4062 = LINE('',#4063,#4064);
#4063 = CARTESIAN_POINT('',(45.,0.75,14.));
#4064 = VECTOR('',#4065,1.);
#4065 = DIRECTION('',(0.,-1.,0.));
#4066 = PCURVE('',#1044,#4067);
#4067 = DEFINITIONAL_REPRESENTATION('',(#4068),#4071);
#4068 = B_SPLINE_CURVE_WITH_KNOTS('',1,(#4069,#4070),.UNSPECIFIED.,.F.,
  .F.,(2,2),(-3.25,-1.75),.PIECEWISE_BEZIER_KNOTS.);
#4069 = CARTESIAN_POINT('',(35.,5.));
#4070 = CARTESIAN_POINT('',(35.,3.5));
#4071 = ( GEOMETRIC_REPRESENTATION_CONTEXT(2) 
PARAMETRIC_REPRESENTATION_CONTEXT() REPRESENTATION_CONTEXT('2D SPACE',''
  ) );
#4072 = PCURVE('',#2000,#4073);
#4073 = DEFINITIONAL_REPRESENTATION('',(#4074),#4077);
#4074 = B_SPLINE_CURVE_WITH_KNOTS('',1,(#4075,#4076),.UNSPECIFIED.,.F.,
  .F.,(2,2),(-3.25,-1.75),.PIECEWISE_BEZIER_KNOTS.);
#4075 = CARTESIAN_POINT('',(11.5,-1.5));
#4076 = CARTESIAN_POINT('',(11.5,0.));
#4077 = ( GEOMETRIC_REPRESENTATION_CONTEXT(2) 
PARAMETRIC_REPRESENTATION_CONTEXT() REPRESENTATION_CONTEXT('2D SPACE',''
  ) );
#4078 = ORIENTED_EDGE('',*,*,#4079,.T.);
#4079 = EDGE_CURVE('',#4059,#4080,#4082,.T.);
#4080 = VERTEX_POINT('',#4081);
#4081 = CARTESIAN_POINT('',(44.,2.5,14.));
#4082 = SURFACE_CURVE('',#4083,(#4088,#4099),.PCURVE_S1.);
#4083 = CIRCLE('',#4084,1.);
#4084 = AXIS2_PLACEMENT_3D('',#4085,#4086,#4087);
#4085 = CARTESIAN_POINT('',(44.,3.5,14.));
#4086 = DIRECTION('',(-0.,-0.,-1.));
#4087 = DIRECTION('',(0.,-1.,0.));
#4088 = PCURVE('',#1044,#4089);
#4089 = DEFINITIONAL_REPRESENTATION('',(#4090),#4098);
#4090 = ( BOUNDED_CURVE() B_SPLINE_CURVE(2,(#4091,#4092,#4093,#4094,
#4095,#4096,#4097),.UNSPECIFIED.,.T.,.F.) B_SPLINE_CURVE_WITH_KNOTS((1,2
    ,2,2,2,1),(-2.094395102393,0.,2.094395102393,4.188790204786,
6.28318530718,8.377580409573),.UNSPECIFIED.) CURVE() 
GEOMETRIC_REPRESENTATION_ITEM() RATIONAL_B_SPLINE_CURVE((1.,0.5,1.,0.5,
1.,0.5,1.)) REPRESENTATION_ITEM('') );
#4091 = CARTESIAN_POINT('',(34.,3.5));
#4092 = CARTESIAN_POINT('',(32.267949192431,3.5));
#4093 = CARTESIAN_POINT('',(33.133974596216,5.));
#4094 = CARTESIAN_POINT('',(34.,6.5));
#4095 = CARTESIAN_POINT('',(34.866025403784,5.));
#4096 = CARTESIAN_POINT('',(35.732050807569,3.5));
#4097 = CARTESIAN_POINT('',(34.,3.5));
#4098 = ( GEOMETRIC_REPRESENTATION_CONTEXT(2) 
PARAMETRIC_REPRESENTATION_CONTEXT() REPRESENTATION_CONTEXT('2D SPACE',''
  ) );
#4099 = PCURVE('',#4100,#4105);
#4100 = CYLINDRICAL_SURFACE('',#4101,1.);
#4101 = AXIS2_PLACEMENT_3D('',#4102,#4103,#4104);
#4102 = CARTESIAN_POINT('',(44.,3.5,14.));
#4103 = DIRECTION('',(0.,0.,1.));
#4104 = DIRECTION('',(1.,0.,-0.));
#4105 = DEFINITIONAL_REPRESENTATION('',(#4106),#4110);
#4106 = LINE('',#4107,#4108);
#4107 = CARTESIAN_POINT('',(4.712388980385,-0.));
#4108 = VECTOR('',#4109,1.);
#4109 = DIRECTION('',(-1.,0.));
#4110 = ( GEOMETRIC_REPRESENTATION_CONTEXT(2) 
PARAMETRIC_REPRESENTATION_CONTEXT() REPRESENTATION_CONTEXT('2D SPACE',''
  ) );
#4111 = ORIENTED_EDGE('',*,*,#4112,.F.);
#4112 = EDGE_CURVE('',#4113,#4080,#4115,.T.);
#4113 = VERTEX_POINT('',#4114);
#4114 = CARTESIAN_POINT('',(33.5,2.5,14.));
#4115 = SURFACE_CURVE('',#4116,(#4120,#4126),.PCURVE_S1.);
#4116 = LINE('',#4117,#4118);
#4117 = CARTESIAN_POINT('',(6.25,2.5,14.));
#4118 = VECTOR('',#4119,1.);
#4119 = DIRECTION('',(1.,0.,-0.));
#4120 = PCURVE('',#1044,#4121);
#4121 = DEFINITIONAL_REPRESENTATION('',(#4122),#4125);
#4122 = B_SPLINE_CURVE_WITH_KNOTS('',1,(#4123,#4124),.UNSPECIFIED.,.F.,
  .F.,(2,2),(26.25,38.75),.PIECEWISE_BEZIER_KNOTS.);
#4123 = CARTESIAN_POINT('',(22.5,3.5));
#4124 = CARTESIAN_POINT('',(35.,3.5));
#4125 = ( GEOMETRIC_REPRESENTATION_CONTEXT(2) 
PARAMETRIC_REPRESENTATION_CONTEXT() REPRESENTATION_CONTEXT('2D SPACE',''
  ) );
#4126 = PCURVE('',#4127,#4132);
#4127 = PLANE('',#4128);
#4128 = AXIS2_PLACEMENT_3D('',#4129,#4130,#4131);
#4129 = CARTESIAN_POINT('',(2.5,2.5,2.5));
#4130 = DIRECTION('',(-0.,1.,0.));
#4131 = DIRECTION('',(0.,0.,1.));
#4132 = DEFINITIONAL_REPRESENTATION('',(#4133),#4136);
#4133 = B_SPLINE_CURVE_WITH_KNOTS('',1,(#4134,#4135),.UNSPECIFIED.,.F.,
  .F.,(2,2),(26.25,38.75),.PIECEWISE_BEZIER_KNOTS.);
#4134 = CARTESIAN_POINT('',(11.5,30.));
#4135 = CARTESIAN_POINT('',(11.5,42.5));
#4136 = ( GEOMETRIC_REPRESENTATION_CONTEXT(2) 
PARAMETRIC_REPRESENTATION_CONTEXT() REPRESENTATION_CONTEXT('2D SPACE',''
  ) );
#4137 = ORIENTED_EDGE('',*,*,#4138,.F.);
#4138 = EDGE_CURVE('',#4139,#4113,#4141,.T.);
#4139 = VERTEX_POINT('',#4140);
#4140 = CARTESIAN_POINT('',(32.5,3.5,14.));
#4141 = SURFACE_CURVE('',#4142,(#4147,#4154),.PCURVE_S1.);
#4142 = CIRCLE('',#4143,1.);
#4143 = AXIS2_PLACEMENT_3D('',#4144,#4145,#4146);
#4144 = CARTESIAN_POINT('',(33.5,3.5,14.));
#4145 = DIRECTION('',(0.,0.,1.));
#4146 = DIRECTION('',(0.,-1.,0.));
#4147 = PCURVE('',#1044,#4148);
#4148 = DEFINITIONAL_REPRESENTATION('',(#4149),#4153);
#4149 = CIRCLE('',#4150,1.);
#4150 = AXIS2_PLACEMENT_2D('',#4151,#4152);
#4151 = CARTESIAN_POINT('',(23.5,4.5));
#4152 = DIRECTION('',(0.,-1.));
#4153 = ( GEOMETRIC_REPRESENTATION_CONTEXT(2) 
PARAMETRIC_REPRESENTATION_CONTEXT() REPRESENTATION_CONTEXT('2D SPACE',''
  ) );
#4154 = PCURVE('',#4155,#4160);
#4155 = CYLINDRICAL_SURFACE('',#4156,1.);
#4156 = AXIS2_PLACEMENT_3D('',#4157,#4158,#4159);
#4157 = CARTESIAN_POINT('',(33.5,3.5,14.));
#4158 = DIRECTION('',(0.,0.,1.));
#4159 = DIRECTION('',(-1.,-0.,0.));
#4160 = DEFINITIONAL_REPRESENTATION('',(#4161),#4165);
#4161 = LINE('',#4162,#4163);
#4162 = CARTESIAN_POINT('',(-4.712388980385,0.));
#4163 = VECTOR('',#4164,1.);
#4164 = DIRECTION('',(1.,0.));
#4165 = ( GEOMETRIC_REPRESENTATION_CONTEXT(2) 
PARAMETRIC_REPRESENTATION_CONTEXT() REPRESENTATION_CONTEXT('2D SPACE',''
  ) );
#4166 = ORIENTED_EDGE('',*,*,#4167,.F.);
#4167 = EDGE_CURVE('',#4168,#4139,#4170,.T.);
#4168 = VERTEX_POINT('',#4169);
#4169 = CARTESIAN_POINT('',(32.5,4.,14.));
#4170 = SURFACE_CURVE('',#4171,(#4175,#4181),.PCURVE_S1.);
#4171 = LINE('',#4172,#4173);
#4172 = CARTESIAN_POINT('',(32.5,0.75,14.));
#4173 = VECTOR('',#4174,1.);
#4174 = DIRECTION('',(0.,-1.,0.));
#4175 = PCURVE('',#1044,#4176);
#4176 = DEFINITIONAL_REPRESENTATION('',(#4177),#4180);
#4177 = B_SPLINE_CURVE_WITH_KNOTS('',1,(#4178,#4179),.UNSPECIFIED.,.F.,
  .F.,(2,2),(-3.25,-1.75),.PIECEWISE_BEZIER_KNOTS.);
#4178 = CARTESIAN_POINT('',(22.5,5.));
#4179 = CARTESIAN_POINT('',(22.5,3.5));
#4180 = ( GEOMETRIC_REPRESENTATION_CONTEXT(2) 
PARAMETRIC_REPRESENTATION_CONTEXT() REPRESENTATION_CONTEXT('2D SPACE',''
  ) );
#4181 = PCURVE('',#2132,#4182);
#4182 = DEFINITIONAL_REPRESENTATION('',(#4183),#4186);
#4183 = B_SPLINE_CURVE_WITH_KNOTS('',1,(#4184,#4185),.UNSPECIFIED.,.F.,
  .F.,(2,2),(-3.25,-1.75),.PIECEWISE_BEZIER_KNOTS.);
#4184 = CARTESIAN_POINT('',(11.5,-1.5));
#4185 = CARTESIAN_POINT('',(11.5,0.));
#4186 = ( GEOMETRIC_REPRESENTATION_CONTEXT(2) 
PARAMETRIC_REPRESENTATION_CONTEXT() REPRESENTATION_CONTEXT('2D SPACE',''
  ) );
#4187 = ORIENTED_EDGE('',*,*,#4188,.T.);
#4188 = EDGE_CURVE('',#4168,#4189,#4191,.T.);
#4189 = VERTEX_POINT('',#4190);
#4190 = CARTESIAN_POINT('',(32.5,5.,14.));
#4191 = SURFACE_CURVE('',#4192,(#4196,#4203),.PCURVE_S1.);
#4192 = LINE('',#4193,#4194);
#4193 = CARTESIAN_POINT('',(32.5,0.75,14.));
#4194 = VECTOR('',#4195,1.);
#4195 = DIRECTION('',(-0.,1.,-0.));
#4196 = PCURVE('',#1044,#4197);
#4197 = DEFINITIONAL_REPRESENTATION('',(#4198),#4202);
#4198 = LINE('',#4199,#4200);
#4199 = CARTESIAN_POINT('',(22.5,1.75));
#4200 = VECTOR('',#4201,1.);
#4201 = DIRECTION('',(0.,1.));
#4202 = ( GEOMETRIC_REPRESENTATION_CONTEXT(2) 
PARAMETRIC_REPRESENTATION_CONTEXT() REPRESENTATION_CONTEXT('2D SPACE',''
  ) );
#4203 = PCURVE('',#2132,#4204);
#4204 = DEFINITIONAL_REPRESENTATION('',(#4205),#4209);
#4205 = LINE('',#4206,#4207);
#4206 = CARTESIAN_POINT('',(11.5,1.75));
#4207 = VECTOR('',#4208,1.);
#4208 = DIRECTION('',(0.,-1.));
#4209 = ( GEOMETRIC_REPRESENTATION_CONTEXT(2) 
PARAMETRIC_REPRESENTATION_CONTEXT() REPRESENTATION_CONTEXT('2D SPACE',''
  ) );
#4210 = ORIENTED_EDGE('',*,*,#4211,.T.);
#4211 = EDGE_CURVE('',#4189,#4212,#4214,.T.);
#4212 = VERTEX_POINT('',#4213);
#4213 = CARTESIAN_POINT('',(31.5,4.,14.));
#4214 = SURFACE_CURVE('',#4215,(#4220,#4231),.PCURVE_S1.);
#4215 = CIRCLE('',#4216,1.);
#4216 = AXIS2_PLACEMENT_3D('',#4217,#4218,#4219);
#4217 = CARTESIAN_POINT('',(31.5,5.,14.));
#4218 = DIRECTION('',(-0.,-0.,-1.));
#4219 = DIRECTION('',(0.,-1.,0.));
#4220 = PCURVE('',#1044,#4221);
#4221 = DEFINITIONAL_REPRESENTATION('',(#4222),#4230);
#4222 = ( BOUNDED_CURVE() B_SPLINE_CURVE(2,(#4223,#4224,#4225,#4226,
#4227,#4228,#4229),.UNSPECIFIED.,.T.,.F.) B_SPLINE_CURVE_WITH_KNOTS((1,2
    ,2,2,2,1),(-2.094395102393,0.,2.094395102393,4.188790204786,
6.28318530718,8.377580409573),.UNSPECIFIED.) CURVE() 
GEOMETRIC_REPRESENTATION_ITEM() RATIONAL_B_SPLINE_CURVE((1.,0.5,1.,0.5,
1.,0.5,1.)) REPRESENTATION_ITEM('') );
#4223 = CARTESIAN_POINT('',(21.5,5.));
#4224 = CARTESIAN_POINT('',(19.767949192431,5.));
#4225 = CARTESIAN_POINT('',(20.633974596216,6.5));
#4226 = CARTESIAN_POINT('',(21.5,8.));
#4227 = CARTESIAN_POINT('',(22.366025403784,6.5));
#4228 = CARTESIAN_POINT('',(23.232050807569,5.));
#4229 = CARTESIAN_POINT('',(21.5,5.));
#4230 = ( GEOMETRIC_REPRESENTATION_CONTEXT(2) 
PARAMETRIC_REPRESENTATION_CONTEXT() REPRESENTATION_CONTEXT('2D SPACE',''
  ) );
#4231 = PCURVE('',#4232,#4237);
#4232 = CYLINDRICAL_SURFACE('',#4233,1.);
#4233 = AXIS2_PLACEMENT_3D('',#4234,#4235,#4236);
#4234 = CARTESIAN_POINT('',(31.5,5.,12.));
#4235 = DIRECTION('',(0.,0.,1.));
#4236 = DIRECTION('',(1.,0.,-0.));
#4237 = DEFINITIONAL_REPRESENTATION('',(#4238),#4242);
#4238 = LINE('',#4239,#4240);
#4239 = CARTESIAN_POINT('',(4.712388980385,2.));
#4240 = VECTOR('',#4241,1.);
#4241 = DIRECTION('',(-1.,0.));
#4242 = ( GEOMETRIC_REPRESENTATION_CONTEXT(2) 
PARAMETRIC_REPRESENTATION_CONTEXT() REPRESENTATION_CONTEXT('2D SPACE',''
  ) );
#4243 = ORIENTED_EDGE('',*,*,#4244,.F.);
#4244 = EDGE_CURVE('',#4245,#4212,#4247,.T.);
#4245 = VERTEX_POINT('',#4246);
#4246 = CARTESIAN_POINT('',(31.,4.,14.));
#4247 = SURFACE_CURVE('',#4248,(#4252,#4259),.PCURVE_S1.);
#4248 = LINE('',#4249,#4250);
#4249 = CARTESIAN_POINT('',(10.,4.,14.));
#4250 = VECTOR('',#4251,1.);
#4251 = DIRECTION('',(1.,0.,-0.));
#4252 = PCURVE('',#1044,#4253);
#4253 = DEFINITIONAL_REPRESENTATION('',(#4254),#4258);
#4254 = LINE('',#4255,#4256);
#4255 = CARTESIAN_POINT('',(0.,5.));
#4256 = VECTOR('',#4257,1.);
#4257 = DIRECTION('',(1.,0.));
#4258 = ( GEOMETRIC_REPRESENTATION_CONTEXT(2) 
PARAMETRIC_REPRESENTATION_CONTEXT() REPRESENTATION_CONTEXT('2D SPACE',''
  ) );
#4259 = PCURVE('',#4260,#4265);
#4260 = PLANE('',#4261);
#4261 = AXIS2_PLACEMENT_3D('',#4262,#4263,#4264);
#4262 = CARTESIAN_POINT('',(10.,4.,12.));
#4263 = DIRECTION('',(-0.,1.,0.));
#4264 = DIRECTION('',(0.,0.,1.));
#4265 = DEFINITIONAL_REPRESENTATION('',(#4266),#4270);
#4266 = LINE('',#4267,#4268);
#4267 = CARTESIAN_POINT('',(2.,0.));
#4268 = VECTOR('',#4269,1.);
#4269 = DIRECTION('',(0.,1.));
#4270 = ( GEOMETRIC_REPRESENTATION_CONTEXT(2) 
PARAMETRIC_REPRESENTATION_CONTEXT() REPRESENTATION_CONTEXT('2D SPACE',''
  ) );
#4271 = ORIENTED_EDGE('',*,*,#4272,.F.);
#4272 = EDGE_CURVE('',#4273,#4245,#4275,.T.);
#4273 = VERTEX_POINT('',#4274);
#4274 = CARTESIAN_POINT('',(30.,5.,14.));
#4275 = SURFACE_CURVE('',#4276,(#4281,#4288),.PCURVE_S1.);
#4276 = CIRCLE('',#4277,1.);
#4277 = AXIS2_PLACEMENT_3D('',#4278,#4279,#4280);
#4278 = CARTESIAN_POINT('',(31.,5.,14.));
#4279 = DIRECTION('',(0.,0.,1.));
#4280 = DIRECTION('',(0.,-1.,0.));
#4281 = PCURVE('',#1044,#4282);
#4282 = DEFINITIONAL_REPRESENTATION('',(#4283),#4287);
#4283 = CIRCLE('',#4284,1.);
#4284 = AXIS2_PLACEMENT_2D('',#4285,#4286);
#4285 = CARTESIAN_POINT('',(21.,6.));
#4286 = DIRECTION('',(0.,-1.));
#4287 = ( GEOMETRIC_REPRESENTATION_CONTEXT(2) 
PARAMETRIC_REPRESENTATION_CONTEXT() REPRESENTATION_CONTEXT('2D SPACE',''
  ) );
#4288 = PCURVE('',#4289,#4294);
#4289 = CYLINDRICAL_SURFACE('',#4290,1.);
#4290 = AXIS2_PLACEMENT_3D('',#4291,#4292,#4293);
#4291 = CARTESIAN_POINT('',(31.,5.,12.));
#4292 = DIRECTION('',(0.,0.,1.));
#4293 = DIRECTION('',(-1.,-0.,0.));
#4294 = DEFINITIONAL_REPRESENTATION('',(#4295),#4299);
#4295 = LINE('',#4296,#4297);
#4296 = CARTESIAN_POINT('',(-4.712388980385,2.));
#4297 = VECTOR('',#4298,1.);
#4298 = DIRECTION('',(1.,0.));
#4299 = ( GEOMETRIC_REPRESENTATION_CONTEXT(2) 
PARAMETRIC_REPRESENTATION_CONTEXT() REPRESENTATION_CONTEXT('2D SPACE',''
  ) );
#4300 = ORIENTED_EDGE('',*,*,#4301,.F.);
#4301 = EDGE_CURVE('',#4302,#4273,#4304,.T.);
#4302 = VERTEX_POINT('',#4303);
#4303 = CARTESIAN_POINT('',(30.,4.,14.));
#4304 = SURFACE_CURVE('',#4305,(#4309,#4316),.PCURVE_S1.);
#4305 = LINE('',#4306,#4307);
#4306 = CARTESIAN_POINT('',(30.,0.75,14.));
#4307 = VECTOR('',#4308,1.);
#4308 = DIRECTION('',(-0.,1.,-0.));
#4309 = PCURVE('',#1044,#4310);
#4310 = DEFINITIONAL_REPRESENTATION('',(#4311),#4315);
#4311 = LINE('',#4312,#4313);
#4312 = CARTESIAN_POINT('',(20.,1.75));
#4313 = VECTOR('',#4314,1.);
#4314 = DIRECTION('',(0.,1.));
#4315 = ( GEOMETRIC_REPRESENTATION_CONTEXT(2) 
PARAMETRIC_REPRESENTATION_CONTEXT() REPRESENTATION_CONTEXT('2D SPACE',''
  ) );
#4316 = PCURVE('',#2268,#4317);
#4317 = DEFINITIONAL_REPRESENTATION('',(#4318),#4322);
#4318 = LINE('',#4319,#4320);
#4319 = CARTESIAN_POINT('',(11.5,1.75));
#4320 = VECTOR('',#4321,1.);
#4321 = DIRECTION('',(0.,-1.));
#4322 = ( GEOMETRIC_REPRESENTATION_CONTEXT(2) 
PARAMETRIC_REPRESENTATION_CONTEXT() REPRESENTATION_CONTEXT('2D SPACE',''
  ) );
#4323 = ORIENTED_EDGE('',*,*,#4324,.T.);
#4324 = EDGE_CURVE('',#4302,#4325,#4327,.T.);
#4325 = VERTEX_POINT('',#4326);
#4326 = CARTESIAN_POINT('',(30.,3.5,14.));
#4327 = SURFACE_CURVE('',#4328,(#4332,#4338),.PCURVE_S1.);
#4328 = LINE('',#4329,#4330);
#4329 = CARTESIAN_POINT('',(30.,0.75,14.));
#4330 = VECTOR('',#4331,1.);
#4331 = DIRECTION('',(0.,-1.,0.));
#4332 = PCURVE('',#1044,#4333);
#4333 = DEFINITIONAL_REPRESENTATION('',(#4334),#4337);
#4334 = B_SPLINE_CURVE_WITH_KNOTS('',1,(#4335,#4336),.UNSPECIFIED.,.F.,
  .F.,(2,2),(-3.25,-1.75),.PIECEWISE_BEZIER_KNOTS.);
#4335 = CARTESIAN_POINT('',(20.,5.));
#4336 = CARTESIAN_POINT('',(20.,3.5));
#4337 = ( GEOMETRIC_REPRESENTATION_CONTEXT(2) 
PARAMETRIC_REPRESENTATION_CONTEXT() REPRESENTATION_CONTEXT('2D SPACE',''
  ) );
#4338 = PCURVE('',#2268,#4339);
#4339 = DEFINITIONAL_REPRESENTATION('',(#4340),#4343);
#4340 = B_SPLINE_CURVE_WITH_KNOTS('',1,(#4341,#4342),.UNSPECIFIED.,.F.,
  .F.,(2,2),(-3.25,-1.75),.PIECEWISE_BEZIER_KNOTS.);
#4341 = CARTESIAN_POINT('',(11.5,-1.5));
#4342 = CARTESIAN_POINT('',(11.5,0.));
#4343 = ( GEOMETRIC_REPRESENTATION_CONTEXT(2) 
PARAMETRIC_REPRESENTATION_CONTEXT() REPRESENTATION_CONTEXT('2D SPACE',''
  ) );
#4344 = ORIENTED_EDGE('',*,*,#4345,.T.);
#4345 = EDGE_CURVE('',#4325,#4346,#4348,.T.);
#4346 = VERTEX_POINT('',#4347);
#4347 = CARTESIAN_POINT('',(29.,2.5,14.));
#4348 = SURFACE_CURVE('',#4349,(#4354,#4365),.PCURVE_S1.);
#4349 = CIRCLE('',#4350,1.);
#4350 = AXIS2_PLACEMENT_3D('',#4351,#4352,#4353);
#4351 = CARTESIAN_POINT('',(29.,3.5,14.));
#4352 = DIRECTION('',(-0.,-0.,-1.));
#4353 = DIRECTION('',(0.,-1.,0.));
#4354 = PCURVE('',#1044,#4355);
#4355 = DEFINITIONAL_REPRESENTATION('',(#4356),#4364);
#4356 = ( BOUNDED_CURVE() B_SPLINE_CURVE(2,(#4357,#4358,#4359,#4360,
#4361,#4362,#4363),.UNSPECIFIED.,.T.,.F.) B_SPLINE_CURVE_WITH_KNOTS((1,2
    ,2,2,2,1),(-2.094395102393,0.,2.094395102393,4.188790204786,
6.28318530718,8.377580409573),.UNSPECIFIED.) CURVE() 
GEOMETRIC_REPRESENTATION_ITEM() RATIONAL_B_SPLINE_CURVE((1.,0.5,1.,0.5,
1.,0.5,1.)) REPRESENTATION_ITEM('') );
#4357 = CARTESIAN_POINT('',(19.,3.5));
#4358 = CARTESIAN_POINT('',(17.267949192431,3.5));
#4359 = CARTESIAN_POINT('',(18.133974596216,5.));
#4360 = CARTESIAN_POINT('',(19.,6.5));
#4361 = CARTESIAN_POINT('',(19.866025403784,5.));
#4362 = CARTESIAN_POINT('',(20.732050807569,3.5));
#4363 = CARTESIAN_POINT('',(19.,3.5));
#4364 = ( GEOMETRIC_REPRESENTATION_CONTEXT(2) 
PARAMETRIC_REPRESENTATION_CONTEXT() REPRESENTATION_CONTEXT('2D SPACE',''
  ) );
#4365 = PCURVE('',#4366,#4371);
#4366 = CYLINDRICAL_SURFACE('',#4367,1.);
#4367 = AXIS2_PLACEMENT_3D('',#4368,#4369,#4370);
#4368 = CARTESIAN_POINT('',(29.,3.5,14.));
#4369 = DIRECTION('',(0.,0.,1.));
#4370 = DIRECTION('',(1.,0.,-0.));
#4371 = DEFINITIONAL_REPRESENTATION('',(#4372),#4376);
#4372 = LINE('',#4373,#4374);
#4373 = CARTESIAN_POINT('',(4.712388980385,-0.));
#4374 = VECTOR('',#4375,1.);
#4375 = DIRECTION('',(-1.,0.));
#4376 = ( GEOMETRIC_REPRESENTATION_CONTEXT(2) 
PARAMETRIC_REPRESENTATION_CONTEXT() REPRESENTATION_CONTEXT('2D SPACE',''
  ) );
#4377 = ORIENTED_EDGE('',*,*,#4378,.F.);
#4378 = EDGE_CURVE('',#4379,#4346,#4381,.T.);
#4379 = VERTEX_POINT('',#4380);
#4380 = CARTESIAN_POINT('',(18.5,2.5,14.));
#4381 = SURFACE_CURVE('',#4382,(#4386,#4392),.PCURVE_S1.);
#4382 = LINE('',#4383,#4384);
#4383 = CARTESIAN_POINT('',(6.25,2.5,14.));
#4384 = VECTOR('',#4385,1.);
#4385 = DIRECTION('',(1.,0.,-0.));
#4386 = PCURVE('',#1044,#4387);
#4387 = DEFINITIONAL_REPRESENTATION('',(#4388),#4391);
#4388 = B_SPLINE_CURVE_WITH_KNOTS('',1,(#4389,#4390),.UNSPECIFIED.,.F.,
  .F.,(2,2),(11.25,23.75),.PIECEWISE_BEZIER_KNOTS.);
#4389 = CARTESIAN_POINT('',(7.5,3.5));
#4390 = CARTESIAN_POINT('',(20.,3.5));
#4391 = ( GEOMETRIC_REPRESENTATION_CONTEXT(2) 
PARAMETRIC_REPRESENTATION_CONTEXT() REPRESENTATION_CONTEXT('2D SPACE',''
  ) );
#4392 = PCURVE('',#4393,#4398);
#4393 = PLANE('',#4394);
#4394 = AXIS2_PLACEMENT_3D('',#4395,#4396,#4397);
#4395 = CARTESIAN_POINT('',(2.5,2.5,2.5));
#4396 = DIRECTION('',(-0.,1.,0.));
#4397 = DIRECTION('',(0.,0.,1.));
#4398 = DEFINITIONAL_REPRESENTATION('',(#4399),#4402);
#4399 = B_SPLINE_CURVE_WITH_KNOTS('',1,(#4400,#4401),.UNSPECIFIED.,.F.,
  .F.,(2,2),(11.25,23.75),.PIECEWISE_BEZIER_KNOTS.);
#4400 = CARTESIAN_POINT('',(11.5,15.));
#4401 = CARTESIAN_POINT('',(11.5,27.5));
#4402 = ( GEOMETRIC_REPRESENTATION_CONTEXT(2) 
PARAMETRIC_REPRESENTATION_CONTEXT() REPRESENTATION_CONTEXT('2D SPACE',''
  ) );
#4403 = ORIENTED_EDGE('',*,*,#4404,.F.);
#4404 = EDGE_CURVE('',#4405,#4379,#4407,.T.);
#4405 = VERTEX_POINT('',#4406);
#4406 = CARTESIAN_POINT('',(17.5,3.5,14.));
#4407 = SURFACE_CURVE('',#4408,(#4413,#4420),.PCURVE_S1.);
#4408 = CIRCLE('',#4409,1.);
#4409 = AXIS2_PLACEMENT_3D('',#4410,#4411,#4412);
#4410 = CARTESIAN_POINT('',(18.5,3.5,14.));
#4411 = DIRECTION('',(0.,0.,1.));
#4412 = DIRECTION('',(0.,-1.,0.));
#4413 = PCURVE('',#1044,#4414);
#4414 = DEFINITIONAL_REPRESENTATION('',(#4415),#4419);
#4415 = CIRCLE('',#4416,1.);
#4416 = AXIS2_PLACEMENT_2D('',#4417,#4418);
#4417 = CARTESIAN_POINT('',(8.5,4.5));
#4418 = DIRECTION('',(0.,-1.));
#4419 = ( GEOMETRIC_REPRESENTATION_CONTEXT(2) 
PARAMETRIC_REPRESENTATION_CONTEXT() REPRESENTATION_CONTEXT('2D SPACE',''
  ) );
#4420 = PCURVE('',#4421,#4426);
#4421 = CYLINDRICAL_SURFACE('',#4422,1.);
#4422 = AXIS2_PLACEMENT_3D('',#4423,#4424,#4425);
#4423 = CARTESIAN_POINT('',(18.5,3.5,14.));
#4424 = DIRECTION('',(0.,0.,1.));
#4425 = DIRECTION('',(-1.,-0.,0.));
#4426 = DEFINITIONAL_REPRESENTATION('',(#4427),#4431);
#4427 = LINE('',#4428,#4429);
#4428 = CARTESIAN_POINT('',(-4.712388980385,0.));
#4429 = VECTOR('',#4430,1.);
#4430 = DIRECTION('',(1.,0.));
#4431 = ( GEOMETRIC_REPRESENTATION_CONTEXT(2) 
PARAMETRIC_REPRESENTATION_CONTEXT() REPRESENTATION_CONTEXT('2D SPACE',''
  ) );
#4432 = ORIENTED_EDGE('',*,*,#4433,.F.);
#4433 = EDGE_CURVE('',#4434,#4405,#4436,.T.);
#4434 = VERTEX_POINT('',#4435);
#4435 = CARTESIAN_POINT('',(17.5,4.,14.));
#4436 = SURFACE_CURVE('',#4437,(#4441,#4447),.PCURVE_S1.);
#4437 = LINE('',#4438,#4439);
#4438 = CARTESIAN_POINT('',(17.5,0.75,14.));
#4439 = VECTOR('',#4440,1.);
#4440 = DIRECTION('',(0.,-1.,0.));
#4441 = PCURVE('',#1044,#4442);
#4442 = DEFINITIONAL_REPRESENTATION('',(#4443),#4446);
#4443 = B_SPLINE_CURVE_WITH_KNOTS('',1,(#4444,#4445),.UNSPECIFIED.,.F.,
  .F.,(2,2),(-3.25,-1.75),.PIECEWISE_BEZIER_KNOTS.);
#4444 = CARTESIAN_POINT('',(7.5,5.));
#4445 = CARTESIAN_POINT('',(7.5,3.5));
#4446 = ( GEOMETRIC_REPRESENTATION_CONTEXT(2) 
PARAMETRIC_REPRESENTATION_CONTEXT() REPRESENTATION_CONTEXT('2D SPACE',''
  ) );
#4447 = PCURVE('',#2400,#4448);
#4448 = DEFINITIONAL_REPRESENTATION('',(#4449),#4452);
#4449 = B_SPLINE_CURVE_WITH_KNOTS('',1,(#4450,#4451),.UNSPECIFIED.,.F.,
  .F.,(2,2),(-3.25,-1.75),.PIECEWISE_BEZIER_KNOTS.);
#4450 = CARTESIAN_POINT('',(11.5,-1.5));
#4451 = CARTESIAN_POINT('',(11.5,0.));
#4452 = ( GEOMETRIC_REPRESENTATION_CONTEXT(2) 
PARAMETRIC_REPRESENTATION_CONTEXT() REPRESENTATION_CONTEXT('2D SPACE',''
  ) );
#4453 = ORIENTED_EDGE('',*,*,#4454,.T.);
#4454 = EDGE_CURVE('',#4434,#4455,#4457,.T.);
#4455 = VERTEX_POINT('',#4456);
#4456 = CARTESIAN_POINT('',(17.5,5.,14.));
#4457 = SURFACE_CURVE('',#4458,(#4462,#4469),.PCURVE_S1.);
#4458 = LINE('',#4459,#4460);
#4459 = CARTESIAN_POINT('',(17.5,0.75,14.));
#4460 = VECTOR('',#4461,1.);
#4461 = DIRECTION('',(-0.,1.,-0.));
#4462 = PCURVE('',#1044,#4463);
#4463 = DEFINITIONAL_REPRESENTATION('',(#4464),#4468);
#4464 = LINE('',#4465,#4466);
#4465 = CARTESIAN_POINT('',(7.5,1.75));
#4466 = VECTOR('',#4467,1.);
#4467 = DIRECTION('',(0.,1.));
#4468 = ( GEOMETRIC_REPRESENTATION_CONTEXT(2) 
PARAMETRIC_REPRESENTATION_CONTEXT() REPRESENTATION_CONTEXT('2D SPACE',''
  ) );
#4469 = PCURVE('',#2400,#4470);
#4470 = DEFINITIONAL_REPRESENTATION('',(#4471),#4475);
#4471 = LINE('',#4472,#4473);
#4472 = CARTESIAN_POINT('',(11.5,1.75));
#4473 = VECTOR('',#4474,1.);
#4474 = DIRECTION('',(0.,-1.));
#4475 = ( GEOMETRIC_REPRESENTATION_CONTEXT(2) 
PARAMETRIC_REPRESENTATION_CONTEXT() REPRESENTATION_CONTEXT('2D SPACE',''
  ) );
#4476 = ORIENTED_EDGE('',*,*,#4477,.T.);
#4477 = EDGE_CURVE('',#4455,#4478,#4480,.T.);
#4478 = VERTEX_POINT('',#4479);
#4479 = CARTESIAN_POINT('',(16.5,4.,14.));
#4480 = SURFACE_CURVE('',#4481,(#4486,#4497),.PCURVE_S1.);
#4481 = CIRCLE('',#4482,1.);
#4482 = AXIS2_PLACEMENT_3D('',#4483,#4484,#4485);
#4483 = CARTESIAN_POINT('',(16.5,5.,14.));
#4484 = DIRECTION('',(-0.,-0.,-1.));
#4485 = DIRECTION('',(0.,-1.,0.));
#4486 = PCURVE('',#1044,#4487);
#4487 = DEFINITIONAL_REPRESENTATION('',(#4488),#4496);
#4488 = ( BOUNDED_CURVE() B_SPLINE_CURVE(2,(#4489,#4490,#4491,#4492,
#4493,#4494,#4495),.UNSPECIFIED.,.T.,.F.) B_SPLINE_CURVE_WITH_KNOTS((1,2
    ,2,2,2,1),(-2.094395102393,0.,2.094395102393,4.188790204786,
6.28318530718,8.377580409573),.UNSPECIFIED.) CURVE() 
GEOMETRIC_REPRESENTATION_ITEM() RATIONAL_B_SPLINE_CURVE((1.,0.5,1.,0.5,
1.,0.5,1.)) REPRESENTATION_ITEM('') );
#4489 = CARTESIAN_POINT('',(6.5,5.));
#4490 = CARTESIAN_POINT('',(4.767949192431,5.));
#4491 = CARTESIAN_POINT('',(5.633974596216,6.5));
#4492 = CARTESIAN_POINT('',(6.5,8.));
#4493 = CARTESIAN_POINT('',(7.366025403784,6.5));
#4494 = CARTESIAN_POINT('',(8.232050807569,5.));
#4495 = CARTESIAN_POINT('',(6.5,5.));
#4496 = ( GEOMETRIC_REPRESENTATION_CONTEXT(2) 
PARAMETRIC_REPRESENTATION_CONTEXT() REPRESENTATION_CONTEXT('2D SPACE',''
  ) );
#4497 = PCURVE('',#4498,#4503);
#4498 = CYLINDRICAL_SURFACE('',#4499,1.);
#4499 = AXIS2_PLACEMENT_3D('',#4500,#4501,#4502);
#4500 = CARTESIAN_POINT('',(16.5,5.,12.));
#4501 = DIRECTION('',(0.,0.,1.));
#4502 = DIRECTION('',(1.,0.,-0.));
#4503 = DEFINITIONAL_REPRESENTATION('',(#4504),#4508);
#4504 = LINE('',#4505,#4506);
#4505 = CARTESIAN_POINT('',(4.712388980385,2.));
#4506 = VECTOR('',#4507,1.);
#4507 = DIRECTION('',(-1.,0.));
#4508 = ( GEOMETRIC_REPRESENTATION_CONTEXT(2) 
PARAMETRIC_REPRESENTATION_CONTEXT() REPRESENTATION_CONTEXT('2D SPACE',''
  ) );
#4509 = ORIENTED_EDGE('',*,*,#4510,.F.);
#4510 = EDGE_CURVE('',#4511,#4478,#4513,.T.);
#4511 = VERTEX_POINT('',#4512);
#4512 = CARTESIAN_POINT('',(16.,4.,14.));
#4513 = SURFACE_CURVE('',#4514,(#4518,#4525),.PCURVE_S1.);
#4514 = LINE('',#4515,#4516);
#4515 = CARTESIAN_POINT('',(10.,4.,14.));
#4516 = VECTOR('',#4517,1.);
#4517 = DIRECTION('',(1.,0.,-0.));
#4518 = PCURVE('',#1044,#4519);
#4519 = DEFINITIONAL_REPRESENTATION('',(#4520),#4524);
#4520 = LINE('',#4521,#4522);
#4521 = CARTESIAN_POINT('',(0.,5.));
#4522 = VECTOR('',#4523,1.);
#4523 = DIRECTION('',(1.,0.));
#4524 = ( GEOMETRIC_REPRESENTATION_CONTEXT(2) 
PARAMETRIC_REPRESENTATION_CONTEXT() REPRESENTATION_CONTEXT('2D SPACE',''
  ) );
#4525 = PCURVE('',#4526,#4531);
#4526 = PLANE('',#4527);
#4527 = AXIS2_PLACEMENT_3D('',#4528,#4529,#4530);
#4528 = CARTESIAN_POINT('',(10.,4.,12.));
#4529 = DIRECTION('',(-0.,1.,0.));
#4530 = DIRECTION('',(0.,0.,1.));
#4531 = DEFINITIONAL_REPRESENTATION('',(#4532),#4536);
#4532 = LINE('',#4533,#4534);
#4533 = CARTESIAN_POINT('',(2.,0.));
#4534 = VECTOR('',#4535,1.);
#4535 = DIRECTION('',(0.,1.));
#4536 = ( GEOMETRIC_REPRESENTATION_CONTEXT(2) 
PARAMETRIC_REPRESENTATION_CONTEXT() REPRESENTATION_CONTEXT('2D SPACE',''
  ) );
#4537 = ORIENTED_EDGE('',*,*,#4538,.F.);
#4538 = EDGE_CURVE('',#4539,#4511,#4541,.T.);
#4539 = VERTEX_POINT('',#4540);
#4540 = CARTESIAN_POINT('',(15.,5.,14.));
#4541 = SURFACE_CURVE('',#4542,(#4547,#4554),.PCURVE_S1.);
#4542 = CIRCLE('',#4543,1.);
#4543 = AXIS2_PLACEMENT_3D('',#4544,#4545,#4546);
#4544 = CARTESIAN_POINT('',(16.,5.,14.));
#4545 = DIRECTION('',(0.,0.,1.));
#4546 = DIRECTION('',(0.,-1.,0.));
#4547 = PCURVE('',#1044,#4548);
#4548 = DEFINITIONAL_REPRESENTATION('',(#4549),#4553);
#4549 = CIRCLE('',#4550,1.);
#4550 = AXIS2_PLACEMENT_2D('',#4551,#4552);
#4551 = CARTESIAN_POINT('',(6.,6.));
#4552 = DIRECTION('',(0.,-1.));
#4553 = ( GEOMETRIC_REPRESENTATION_CONTEXT(2) 
PARAMETRIC_REPRESENTATION_CONTEXT() REPRESENTATION_CONTEXT('2D SPACE',''
  ) );
#4554 = PCURVE('',#4555,#4560);
#4555 = CYLINDRICAL_SURFACE('',#4556,1.);
#4556 = AXIS2_PLACEMENT_3D('',#4557,#4558,#4559);
#4557 = CARTESIAN_POINT('',(16.,5.,12.));
#4558 = DIRECTION('',(0.,0.,1.));
#4559 = DIRECTION('',(-1.,-0.,0.));
#4560 = DEFINITIONAL_REPRESENTATION('',(#4561),#4565);
#4561 = LINE('',#4562,#4563);
#4562 = CARTESIAN_POINT('',(-4.712388980385,2.));
#4563 = VECTOR('',#4564,1.);
#4564 = DIRECTION('',(1.,0.));
#4565 = ( GEOMETRIC_REPRESENTATION_CONTEXT(2) 
PARAMETRIC_REPRESENTATION_CONTEXT() REPRESENTATION_CONTEXT('2D SPACE',''
  ) );
#4566 = ORIENTED_EDGE('',*,*,#4567,.F.);
#4567 = EDGE_CURVE('',#4568,#4539,#4570,.T.);
#4568 = VERTEX_POINT('',#4569);
#4569 = CARTESIAN_POINT('',(15.,4.,14.));
#4570 = SURFACE_CURVE('',#4571,(#4575,#4582),.PCURVE_S1.);
#4571 = LINE('',#4572,#4573);
#4572 = CARTESIAN_POINT('',(15.,0.75,14.));
#4573 = VECTOR('',#4574,1.);
#4574 = DIRECTION('',(-0.,1.,-0.));
#4575 = PCURVE('',#1044,#4576);
#4576 = DEFINITIONAL_REPRESENTATION('',(#4577),#4581);
#4577 = LINE('',#4578,#4579);
#4578 = CARTESIAN_POINT('',(5.,1.75));
#4579 = VECTOR('',#4580,1.);
#4580 = DIRECTION('',(0.,1.));
#4581 = ( GEOMETRIC_REPRESENTATION_CONTEXT(2) 
PARAMETRIC_REPRESENTATION_CONTEXT() REPRESENTATION_CONTEXT('2D SPACE',''
  ) );
#4582 = PCURVE('',#2536,#4583);
#4583 = DEFINITIONAL_REPRESENTATION('',(#4584),#4588);
#4584 = LINE('',#4585,#4586);
#4585 = CARTESIAN_POINT('',(11.5,1.75));
#4586 = VECTOR('',#4587,1.);
#4587 = DIRECTION('',(0.,-1.));
#4588 = ( GEOMETRIC_REPRESENTATION_CONTEXT(2) 
PARAMETRIC_REPRESENTATION_CONTEXT() REPRESENTATION_CONTEXT('2D SPACE',''
  ) );
#4589 = ORIENTED_EDGE('',*,*,#4590,.T.);
#4590 = EDGE_CURVE('',#4568,#4591,#4593,.T.);
#4591 = VERTEX_POINT('',#4592);
#4592 = CARTESIAN_POINT('',(15.,3.5,14.));
#4593 = SURFACE_CURVE('',#4594,(#4598,#4604),.PCURVE_S1.);
#4594 = LINE('',#4595,#4596);
#4595 = CARTESIAN_POINT('',(15.,0.75,14.));
#4596 = VECTOR('',#4597,1.);
#4597 = DIRECTION('',(0.,-1.,0.));
#4598 = PCURVE('',#1044,#4599);
#4599 = DEFINITIONAL_REPRESENTATION('',(#4600),#4603);
#4600 = B_SPLINE_CURVE_WITH_KNOTS('',1,(#4601,#4602),.UNSPECIFIED.,.F.,
  .F.,(2,2),(-3.25,-1.75),.PIECEWISE_BEZIER_KNOTS.);
#4601 = CARTESIAN_POINT('',(5.,5.));
#4602 = CARTESIAN_POINT('',(5.,3.5));
#4603 = ( GEOMETRIC_REPRESENTATION_CONTEXT(2) 
PARAMETRIC_REPRESENTATION_CONTEXT() REPRESENTATION_CONTEXT('2D SPACE',''
  ) );
#4604 = PCURVE('',#2536,#4605);
#4605 = DEFINITIONAL_REPRESENTATION('',(#4606),#4609);
#4606 = B_SPLINE_CURVE_WITH_KNOTS('',1,(#4607,#4608),.UNSPECIFIED.,.F.,
  .F.,(2,2),(-3.25,-1.75),.PIECEWISE_BEZIER_KNOTS.);
#4607 = CARTESIAN_POINT('',(11.5,-1.5));
#4608 = CARTESIAN_POINT('',(11.5,0.));
#4609 = ( GEOMETRIC_REPRESENTATION_CONTEXT(2) 
PARAMETRIC_REPRESENTATION_CONTEXT() REPRESENTATION_CONTEXT('2D SPACE',''
  ) );
#4610 = ORIENTED_EDGE('',*,*,#4611,.F.);
#4611 = EDGE_CURVE('',#4612,#4591,#4614,.T.);
#4612 = VERTEX_POINT('',#4613);
#4613 = CARTESIAN_POINT('',(14.,2.5,14.));
#4614 = SURFACE_CURVE('',#4615,(#4620,#4627),.PCURVE_S1.);
#4615 = CIRCLE('',#4616,1.);
#4616 = AXIS2_PLACEMENT_3D('',#4617,#4618,#4619);
#4617 = CARTESIAN_POINT('',(14.,3.5,14.));
#4618 = DIRECTION('',(0.,0.,1.));
#4619 = DIRECTION('',(0.,-1.,0.));
#4620 = PCURVE('',#1044,#4621);
#4621 = DEFINITIONAL_REPRESENTATION('',(#4622),#4626);
#4622 = CIRCLE('',#4623,1.);
#4623 = AXIS2_PLACEMENT_2D('',#4624,#4625);
#4624 = CARTESIAN_POINT('',(4.,4.5));
#4625 = DIRECTION('',(0.,-1.));
#4626 = ( GEOMETRIC_REPRESENTATION_CONTEXT(2) 
PARAMETRIC_REPRESENTATION_CONTEXT() REPRESENTATION_CONTEXT('2D SPACE',''
  ) );
#4627 = PCURVE('',#4628,#4633);
#4628 = CYLINDRICAL_SURFACE('',#4629,1.);
#4629 = AXIS2_PLACEMENT_3D('',#4630,#4631,#4632);
#4630 = CARTESIAN_POINT('',(14.,3.5,14.));
#4631 = DIRECTION('',(0.,0.,1.));
#4632 = DIRECTION('',(0.,-1.,0.));
#4633 = DEFINITIONAL_REPRESENTATION('',(#4634),#4638);
#4634 = LINE('',#4635,#4636);
#4635 = CARTESIAN_POINT('',(0.,0.));
#4636 = VECTOR('',#4637,1.);
#4637 = DIRECTION('',(1.,0.));
#4638 = ( GEOMETRIC_REPRESENTATION_CONTEXT(2) 
PARAMETRIC_REPRESENTATION_CONTEXT() REPRESENTATION_CONTEXT('2D SPACE',''
  ) );
#4639 = ORIENTED_EDGE('',*,*,#4640,.F.);
#4640 = EDGE_CURVE('',#4641,#4612,#4643,.T.);
#4641 = VERTEX_POINT('',#4642);
#4642 = CARTESIAN_POINT('',(10.,2.5,14.));
#4643 = SURFACE_CURVE('',#4644,(#4648,#4654),.PCURVE_S1.);
#4644 = LINE('',#4645,#4646);
#4645 = CARTESIAN_POINT('',(6.25,2.5,14.));
#4646 = VECTOR('',#4647,1.);
#4647 = DIRECTION('',(1.,0.,-0.));
#4648 = PCURVE('',#1044,#4649);
#4649 = DEFINITIONAL_REPRESENTATION('',(#4650),#4653);
#4650 = B_SPLINE_CURVE_WITH_KNOTS('',1,(#4651,#4652),.UNSPECIFIED.,.F.,
  .F.,(2,2),(3.75,8.75),.PIECEWISE_BEZIER_KNOTS.);
#4651 = CARTESIAN_POINT('',(0.,3.5));
#4652 = CARTESIAN_POINT('',(5.,3.5));
#4653 = ( GEOMETRIC_REPRESENTATION_CONTEXT(2) 
PARAMETRIC_REPRESENTATION_CONTEXT() REPRESENTATION_CONTEXT('2D SPACE',''
  ) );
#4654 = PCURVE('',#2613,#4655);
#4655 = DEFINITIONAL_REPRESENTATION('',(#4656),#4659);
#4656 = B_SPLINE_CURVE_WITH_KNOTS('',1,(#4657,#4658),.UNSPECIFIED.,.F.,
  .F.,(2,2),(3.75,8.75),.PIECEWISE_BEZIER_KNOTS.);
#4657 = CARTESIAN_POINT('',(11.5,7.5));
#4658 = CARTESIAN_POINT('',(11.5,12.5));
#4659 = ( GEOMETRIC_REPRESENTATION_CONTEXT(2) 
PARAMETRIC_REPRESENTATION_CONTEXT() REPRESENTATION_CONTEXT('2D SPACE',''
  ) );
#4660 = ORIENTED_EDGE('',*,*,#4661,.T.);
#4661 = EDGE_CURVE('',#4641,#4662,#4664,.T.);
#4662 = VERTEX_POINT('',#4663);
#4663 = CARTESIAN_POINT('',(9.,2.5,14.));
#4664 = SURFACE_CURVE('',#4665,(#4669,#4676),.PCURVE_S1.);
#4665 = LINE('',#4666,#4667);
#4666 = CARTESIAN_POINT('',(6.25,2.5,14.));
#4667 = VECTOR('',#4668,1.);
#4668 = DIRECTION('',(-1.,-0.,0.));
#4669 = PCURVE('',#1044,#4670);
#4670 = DEFINITIONAL_REPRESENTATION('',(#4671),#4675);
#4671 = LINE('',#4672,#4673);
#4672 = CARTESIAN_POINT('',(-3.75,3.5));
#4673 = VECTOR('',#4674,1.);
#4674 = DIRECTION('',(-1.,0.));
#4675 = ( GEOMETRIC_REPRESENTATION_CONTEXT(2) 
PARAMETRIC_REPRESENTATION_CONTEXT() REPRESENTATION_CONTEXT('2D SPACE',''
  ) );
#4676 = PCURVE('',#2613,#4677);
#4677 = DEFINITIONAL_REPRESENTATION('',(#4678),#4682);
#4678 = LINE('',#4679,#4680);
#4679 = CARTESIAN_POINT('',(11.5,3.75));
#4680 = VECTOR('',#4681,1.);
#4681 = DIRECTION('',(0.,-1.));
#4682 = ( GEOMETRIC_REPRESENTATION_CONTEXT(2) 
PARAMETRIC_REPRESENTATION_CONTEXT() REPRESENTATION_CONTEXT('2D SPACE',''
  ) );
#4683 = ORIENTED_EDGE('',*,*,#4684,.F.);
#4684 = EDGE_CURVE('',#3687,#4662,#4685,.T.);
#4685 = SURFACE_CURVE('',#4686,(#4691,#4698),.PCURVE_S1.);
#4686 = CIRCLE('',#4687,1.);
#4687 = AXIS2_PLACEMENT_3D('',#4688,#4689,#4690);
#4688 = CARTESIAN_POINT('',(9.,1.5,14.));
#4689 = DIRECTION('',(0.,-0.,1.));
#4690 = DIRECTION('',(0.,1.,0.));
#4691 = PCURVE('',#1044,#4692);
#4692 = DEFINITIONAL_REPRESENTATION('',(#4693),#4697);
#4693 = CIRCLE('',#4694,1.);
#4694 = AXIS2_PLACEMENT_2D('',#4695,#4696);
#4695 = CARTESIAN_POINT('',(-1.,2.5));
#4696 = DIRECTION('',(0.,1.));
#4697 = ( GEOMETRIC_REPRESENTATION_CONTEXT(2) 
PARAMETRIC_REPRESENTATION_CONTEXT() REPRESENTATION_CONTEXT('2D SPACE',''
  ) );
#4698 = PCURVE('',#4699,#4704);
#4699 = CYLINDRICAL_SURFACE('',#4700,1.);
#4700 = AXIS2_PLACEMENT_3D('',#4701,#4702,#4703);
#4701 = CARTESIAN_POINT('',(9.,1.5,14.));
#4702 = DIRECTION('',(-0.,0.,-1.));
#4703 = DIRECTION('',(1.,0.,-0.));
#4704 = DEFINITIONAL_REPRESENTATION('',(#4705),#4709);
#4705 = LINE('',#4706,#4707);
#4706 = CARTESIAN_POINT('',(4.712388980385,-0.));
#4707 = VECTOR('',#4708,1.);
#4708 = DIRECTION('',(-1.,0.));
#4709 = ( GEOMETRIC_REPRESENTATION_CONTEXT(2) 
PARAMETRIC_REPRESENTATION_CONTEXT() REPRESENTATION_CONTEXT('2D SPACE',''
  ) );
#4710 = ADVANCED_FACE('',(#4711),#1072,.T.);
#4711 = FACE_BOUND('',#4712,.F.);
#4712 = EDGE_LOOP('',(#4713,#4714,#4737,#4759));
#4713 = ORIENTED_EDGE('',*,*,#3714,.T.);
#4714 = ORIENTED_EDGE('',*,*,#4715,.T.);
#4715 = EDGE_CURVE('',#3685,#4716,#4718,.T.);
#4716 = VERTEX_POINT('',#4717);
#4717 = CARTESIAN_POINT('',(10.,1.,12.));
#4718 = SURFACE_CURVE('',#4719,(#4723,#4730),.PCURVE_S1.);
#4719 = LINE('',#4720,#4721);
#4720 = CARTESIAN_POINT('',(10.,1.,14.));
#4721 = VECTOR('',#4722,1.);
#4722 = DIRECTION('',(-0.,0.,-1.));
#4723 = PCURVE('',#1072,#4724);
#4724 = DEFINITIONAL_REPRESENTATION('',(#4725),#4729);
#4725 = LINE('',#4726,#4727);
#4726 = CARTESIAN_POINT('',(-1.570796326795,0.));
#4727 = VECTOR('',#4728,1.);
#4728 = DIRECTION('',(-0.,1.));
#4729 = ( GEOMETRIC_REPRESENTATION_CONTEXT(2) 
PARAMETRIC_REPRESENTATION_CONTEXT() REPRESENTATION_CONTEXT('2D SPACE',''
  ) );
#4730 = PCURVE('',#3702,#4731);
#4731 = DEFINITIONAL_REPRESENTATION('',(#4732),#4736);
#4732 = LINE('',#4733,#4734);
#4733 = CARTESIAN_POINT('',(2.,-2.));
#4734 = VECTOR('',#4735,1.);
#4735 = DIRECTION('',(-1.,-0.));
#4736 = ( GEOMETRIC_REPRESENTATION_CONTEXT(2) 
PARAMETRIC_REPRESENTATION_CONTEXT() REPRESENTATION_CONTEXT('2D SPACE',''
  ) );
#4737 = ORIENTED_EDGE('',*,*,#4738,.F.);
#4738 = EDGE_CURVE('',#1057,#4716,#4739,.T.);
#4739 = SURFACE_CURVE('',#4740,(#4745,#4752),.PCURVE_S1.);
#4740 = CIRCLE('',#4741,1.);
#4741 = AXIS2_PLACEMENT_3D('',#4742,#4743,#4744);
#4742 = CARTESIAN_POINT('',(9.,1.,12.));
#4743 = DIRECTION('',(0.,-0.,1.));
#4744 = DIRECTION('',(0.,1.,0.));
#4745 = PCURVE('',#1072,#4746);
#4746 = DEFINITIONAL_REPRESENTATION('',(#4747),#4751);
#4747 = LINE('',#4748,#4749);
#4748 = CARTESIAN_POINT('',(3.14159265359,2.));
#4749 = VECTOR('',#4750,1.);
#4750 = DIRECTION('',(-1.,0.));
#4751 = ( GEOMETRIC_REPRESENTATION_CONTEXT(2) 
PARAMETRIC_REPRESENTATION_CONTEXT() REPRESENTATION_CONTEXT('2D SPACE',''
  ) );
#4752 = PCURVE('',#1100,#4753);
#4753 = DEFINITIONAL_REPRESENTATION('',(#4754),#4758);
#4754 = CIRCLE('',#4755,1.);
#4755 = AXIS2_PLACEMENT_2D('',#4756,#4757);
#4756 = CARTESIAN_POINT('',(-1.,2.));
#4757 = DIRECTION('',(0.,1.));
#4758 = ( GEOMETRIC_REPRESENTATION_CONTEXT(2) 
PARAMETRIC_REPRESENTATION_CONTEXT() REPRESENTATION_CONTEXT('2D SPACE',''
  ) );
#4759 = ORIENTED_EDGE('',*,*,#1056,.F.);
#4760 = ADVANCED_FACE('',(#4761),#1100,.T.);
#4761 = FACE_BOUND('',#4762,.T.);
#4762 = EDGE_LOOP('',(#4763,#4786,#4787,#4788,#4789,#4790,#4818,#4841,
    #4869,#4892,#4913,#4937,#4958,#4981,#5009,#5032,#5056,#5079,#5100,
    #5124,#5145,#5169,#5190,#5213,#5241,#5264,#5288,#5311,#5332,#5356,
    #5377,#5401,#5422,#5445,#5473,#5496,#5520,#5543,#5564,#5588,#5609,
    #5632));
#4763 = ORIENTED_EDGE('',*,*,#4764,.F.);
#4764 = EDGE_CURVE('',#4716,#4765,#4767,.T.);
#4765 = VERTEX_POINT('',#4766);
#4766 = CARTESIAN_POINT('',(10.,1.5,12.));
#4767 = SURFACE_CURVE('',#4768,(#4772,#4779),.PCURVE_S1.);
#4768 = LINE('',#4769,#4770);
#4769 = CARTESIAN_POINT('',(10.,-1.,12.));
#4770 = VECTOR('',#4771,1.);
#4771 = DIRECTION('',(-0.,1.,0.));
#4772 = PCURVE('',#1100,#4773);
#4773 = DEFINITIONAL_REPRESENTATION('',(#4774),#4778);
#4774 = LINE('',#4775,#4776);
#4775 = CARTESIAN_POINT('',(0.,0.));
#4776 = VECTOR('',#4777,1.);
#4777 = DIRECTION('',(0.,1.));
#4778 = ( GEOMETRIC_REPRESENTATION_CONTEXT(2) 
PARAMETRIC_REPRESENTATION_CONTEXT() REPRESENTATION_CONTEXT('2D SPACE',''
  ) );
#4779 = PCURVE('',#3702,#4780);
#4780 = DEFINITIONAL_REPRESENTATION('',(#4781),#4785);
#4781 = LINE('',#4782,#4783);
#4782 = CARTESIAN_POINT('',(0.,0.));
#4783 = VECTOR('',#4784,1.);
#4784 = DIRECTION('',(0.,-1.));
#4785 = ( GEOMETRIC_REPRESENTATION_CONTEXT(2) 
PARAMETRIC_REPRESENTATION_CONTEXT() REPRESENTATION_CONTEXT('2D SPACE',''
  ) );
#4786 = ORIENTED_EDGE('',*,*,#4738,.F.);
#4787 = ORIENTED_EDGE('',*,*,#1084,.F.);
#4788 = ORIENTED_EDGE('',*,*,#1112,.T.);
#4789 = ORIENTED_EDGE('',*,*,#1133,.T.);
#4790 = ORIENTED_EDGE('',*,*,#4791,.T.);
#4791 = EDGE_CURVE('',#1134,#4792,#4794,.T.);
#4792 = VERTEX_POINT('',#4793);
#4793 = CARTESIAN_POINT('',(50.,1.,12.));
#4794 = SURFACE_CURVE('',#4795,(#4800,#4811),.PCURVE_S1.);
#4795 = CIRCLE('',#4796,1.);
#4796 = AXIS2_PLACEMENT_3D('',#4797,#4798,#4799);
#4797 = CARTESIAN_POINT('',(51.,1.,12.));
#4798 = DIRECTION('',(-0.,0.,-1.));
#4799 = DIRECTION('',(0.,1.,0.));
#4800 = PCURVE('',#1100,#4801);
#4801 = DEFINITIONAL_REPRESENTATION('',(#4802),#4810);
#4802 = ( BOUNDED_CURVE() B_SPLINE_CURVE(2,(#4803,#4804,#4805,#4806,
#4807,#4808,#4809),.UNSPECIFIED.,.T.,.F.) B_SPLINE_CURVE_WITH_KNOTS((1,2
    ,2,2,2,1),(-2.094395102393,0.,2.094395102393,4.188790204786,
6.28318530718,8.377580409573),.UNSPECIFIED.) CURVE() 
GEOMETRIC_REPRESENTATION_ITEM() RATIONAL_B_SPLINE_CURVE((1.,0.5,1.,0.5,
1.,0.5,1.)) REPRESENTATION_ITEM('') );
#4803 = CARTESIAN_POINT('',(41.,3.));
#4804 = CARTESIAN_POINT('',(42.732050807569,3.));
#4805 = CARTESIAN_POINT('',(41.866025403784,1.5));
#4806 = CARTESIAN_POINT('',(41.,2.22044604925E-16));
#4807 = CARTESIAN_POINT('',(40.133974596216,1.5));
#4808 = CARTESIAN_POINT('',(39.267949192431,3.));
#4809 = CARTESIAN_POINT('',(41.,3.));
#4810 = ( GEOMETRIC_REPRESENTATION_CONTEXT(2) 
PARAMETRIC_REPRESENTATION_CONTEXT() REPRESENTATION_CONTEXT('2D SPACE',''
  ) );
#4811 = PCURVE('',#1172,#4812);
#4812 = DEFINITIONAL_REPRESENTATION('',(#4813),#4817);
#4813 = LINE('',#4814,#4815);
#4814 = CARTESIAN_POINT('',(-3.14159265359,2.));
#4815 = VECTOR('',#4816,1.);
#4816 = DIRECTION('',(1.,0.));
#4817 = ( GEOMETRIC_REPRESENTATION_CONTEXT(2) 
PARAMETRIC_REPRESENTATION_CONTEXT() REPRESENTATION_CONTEXT('2D SPACE',''
  ) );
#4818 = ORIENTED_EDGE('',*,*,#4819,.T.);
#4819 = EDGE_CURVE('',#4792,#4820,#4822,.T.);
#4820 = VERTEX_POINT('',#4821);
#4821 = CARTESIAN_POINT('',(50.,1.5,12.));
#4822 = SURFACE_CURVE('',#4823,(#4827,#4834),.PCURVE_S1.);
#4823 = LINE('',#4824,#4825);
#4824 = CARTESIAN_POINT('',(50.,-1.,12.));
#4825 = VECTOR('',#4826,1.);
#4826 = DIRECTION('',(-0.,1.,0.));
#4827 = PCURVE('',#1100,#4828);
#4828 = DEFINITIONAL_REPRESENTATION('',(#4829),#4833);
#4829 = LINE('',#4830,#4831);
#4830 = CARTESIAN_POINT('',(40.,0.));
#4831 = VECTOR('',#4832,1.);
#4832 = DIRECTION('',(0.,1.));
#4833 = ( GEOMETRIC_REPRESENTATION_CONTEXT(2) 
PARAMETRIC_REPRESENTATION_CONTEXT() REPRESENTATION_CONTEXT('2D SPACE',''
  ) );
#4834 = PCURVE('',#3783,#4835);
#4835 = DEFINITIONAL_REPRESENTATION('',(#4836),#4840);
#4836 = LINE('',#4837,#4838);
#4837 = CARTESIAN_POINT('',(0.,0.));
#4838 = VECTOR('',#4839,1.);
#4839 = DIRECTION('',(0.,-1.));
#4840 = ( GEOMETRIC_REPRESENTATION_CONTEXT(2) 
PARAMETRIC_REPRESENTATION_CONTEXT() REPRESENTATION_CONTEXT('2D SPACE',''
  ) );
#4841 = ORIENTED_EDGE('',*,*,#4842,.T.);
#4842 = EDGE_CURVE('',#4820,#4843,#4845,.T.);
#4843 = VERTEX_POINT('',#4844);
#4844 = CARTESIAN_POINT('',(51.,2.5,12.));
#4845 = SURFACE_CURVE('',#4846,(#4851,#4862),.PCURVE_S1.);
#4846 = CIRCLE('',#4847,1.);
#4847 = AXIS2_PLACEMENT_3D('',#4848,#4849,#4850);
#4848 = CARTESIAN_POINT('',(51.,1.5,12.));
#4849 = DIRECTION('',(-0.,0.,-1.));
#4850 = DIRECTION('',(0.,1.,0.));
#4851 = PCURVE('',#1100,#4852);
#4852 = DEFINITIONAL_REPRESENTATION('',(#4853),#4861);
#4853 = ( BOUNDED_CURVE() B_SPLINE_CURVE(2,(#4854,#4855,#4856,#4857,
#4858,#4859,#4860),.UNSPECIFIED.,.T.,.F.) B_SPLINE_CURVE_WITH_KNOTS((1,2
    ,2,2,2,1),(-2.094395102393,0.,2.094395102393,4.188790204786,
6.28318530718,8.377580409573),.UNSPECIFIED.) CURVE() 
GEOMETRIC_REPRESENTATION_ITEM() RATIONAL_B_SPLINE_CURVE((1.,0.5,1.,0.5,
1.,0.5,1.)) REPRESENTATION_ITEM('') );
#4854 = CARTESIAN_POINT('',(41.,3.5));
#4855 = CARTESIAN_POINT('',(42.732050807569,3.5));
#4856 = CARTESIAN_POINT('',(41.866025403784,2.));
#4857 = CARTESIAN_POINT('',(41.,0.5));
#4858 = CARTESIAN_POINT('',(40.133974596216,2.));
#4859 = CARTESIAN_POINT('',(39.267949192431,3.5));
#4860 = CARTESIAN_POINT('',(41.,3.5));
#4861 = ( GEOMETRIC_REPRESENTATION_CONTEXT(2) 
PARAMETRIC_REPRESENTATION_CONTEXT() REPRESENTATION_CONTEXT('2D SPACE',''
  ) );
#4862 = PCURVE('',#3816,#4863);
#4863 = DEFINITIONAL_REPRESENTATION('',(#4864),#4868);
#4864 = LINE('',#4865,#4866);
#4865 = CARTESIAN_POINT('',(-4.712388980385,2.));
#4866 = VECTOR('',#4867,1.);
#4867 = DIRECTION('',(1.,0.));
#4868 = ( GEOMETRIC_REPRESENTATION_CONTEXT(2) 
PARAMETRIC_REPRESENTATION_CONTEXT() REPRESENTATION_CONTEXT('2D SPACE',''
  ) );
#4869 = ORIENTED_EDGE('',*,*,#4870,.F.);
#4870 = EDGE_CURVE('',#4871,#4843,#4873,.T.);
#4871 = VERTEX_POINT('',#4872);
#4872 = CARTESIAN_POINT('',(50.,2.5,12.));
#4873 = SURFACE_CURVE('',#4874,(#4878,#4885),.PCURVE_S1.);
#4874 = LINE('',#4875,#4876);
#4875 = CARTESIAN_POINT('',(6.25,2.5,12.));
#4876 = VECTOR('',#4877,1.);
#4877 = DIRECTION('',(1.,0.,-0.));
#4878 = PCURVE('',#1100,#4879);
#4879 = DEFINITIONAL_REPRESENTATION('',(#4880),#4884);
#4880 = LINE('',#4881,#4882);
#4881 = CARTESIAN_POINT('',(-3.75,3.5));
#4882 = VECTOR('',#4883,1.);
#4883 = DIRECTION('',(1.,0.));
#4884 = ( GEOMETRIC_REPRESENTATION_CONTEXT(2) 
PARAMETRIC_REPRESENTATION_CONTEXT() REPRESENTATION_CONTEXT('2D SPACE',''
  ) );
#4885 = PCURVE('',#1787,#4886);
#4886 = DEFINITIONAL_REPRESENTATION('',(#4887),#4891);
#4887 = LINE('',#4888,#4889);
#4888 = CARTESIAN_POINT('',(9.5,3.75));
#4889 = VECTOR('',#4890,1.);
#4890 = DIRECTION('',(0.,1.));
#4891 = ( GEOMETRIC_REPRESENTATION_CONTEXT(2) 
PARAMETRIC_REPRESENTATION_CONTEXT() REPRESENTATION_CONTEXT('2D SPACE',''
  ) );
#4892 = ORIENTED_EDGE('',*,*,#4893,.F.);
#4893 = EDGE_CURVE('',#4894,#4871,#4896,.T.);
#4894 = VERTEX_POINT('',#4895);
#4895 = CARTESIAN_POINT('',(48.5,2.5,12.));
#4896 = SURFACE_CURVE('',#4897,(#4901,#4907),.PCURVE_S1.);
#4897 = LINE('',#4898,#4899);
#4898 = CARTESIAN_POINT('',(6.25,2.5,12.));
#4899 = VECTOR('',#4900,1.);
#4900 = DIRECTION('',(1.,0.,-0.));
#4901 = PCURVE('',#1100,#4902);
#4902 = DEFINITIONAL_REPRESENTATION('',(#4903),#4906);
#4903 = B_SPLINE_CURVE_WITH_KNOTS('',1,(#4904,#4905),.UNSPECIFIED.,.F.,
  .F.,(2,2),(41.25,43.75),.PIECEWISE_BEZIER_KNOTS.);
#4904 = CARTESIAN_POINT('',(37.5,3.5));
#4905 = CARTESIAN_POINT('',(40.,3.5));
#4906 = ( GEOMETRIC_REPRESENTATION_CONTEXT(2) 
PARAMETRIC_REPRESENTATION_CONTEXT() REPRESENTATION_CONTEXT('2D SPACE',''
  ) );
#4907 = PCURVE('',#1787,#4908);
#4908 = DEFINITIONAL_REPRESENTATION('',(#4909),#4912);
#4909 = B_SPLINE_CURVE_WITH_KNOTS('',1,(#4910,#4911),.UNSPECIFIED.,.F.,
  .F.,(2,2),(41.25,43.75),.PIECEWISE_BEZIER_KNOTS.);
#4910 = CARTESIAN_POINT('',(9.5,45.));
#4911 = CARTESIAN_POINT('',(9.5,47.5));
#4912 = ( GEOMETRIC_REPRESENTATION_CONTEXT(2) 
PARAMETRIC_REPRESENTATION_CONTEXT() REPRESENTATION_CONTEXT('2D SPACE',''
  ) );
#4913 = ORIENTED_EDGE('',*,*,#4914,.F.);
#4914 = EDGE_CURVE('',#4915,#4894,#4917,.T.);
#4915 = VERTEX_POINT('',#4916);
#4916 = CARTESIAN_POINT('',(47.5,3.5,12.));
#4917 = SURFACE_CURVE('',#4918,(#4923,#4930),.PCURVE_S1.);
#4918 = CIRCLE('',#4919,1.);
#4919 = AXIS2_PLACEMENT_3D('',#4920,#4921,#4922);
#4920 = CARTESIAN_POINT('',(48.5,3.5,12.));
#4921 = DIRECTION('',(0.,0.,1.));
#4922 = DIRECTION('',(0.,-1.,0.));
#4923 = PCURVE('',#1100,#4924);
#4924 = DEFINITIONAL_REPRESENTATION('',(#4925),#4929);
#4925 = CIRCLE('',#4926,1.);
#4926 = AXIS2_PLACEMENT_2D('',#4927,#4928);
#4927 = CARTESIAN_POINT('',(38.5,4.5));
#4928 = DIRECTION('',(0.,-1.));
#4929 = ( GEOMETRIC_REPRESENTATION_CONTEXT(2) 
PARAMETRIC_REPRESENTATION_CONTEXT() REPRESENTATION_CONTEXT('2D SPACE',''
  ) );
#4930 = PCURVE('',#1837,#4931);
#4931 = DEFINITIONAL_REPRESENTATION('',(#4932),#4936);
#4932 = LINE('',#4933,#4934);
#4933 = CARTESIAN_POINT('',(-4.712388980385,4.));
#4934 = VECTOR('',#4935,1.);
#4935 = DIRECTION('',(1.,0.));
#4936 = ( GEOMETRIC_REPRESENTATION_CONTEXT(2) 
PARAMETRIC_REPRESENTATION_CONTEXT() REPRESENTATION_CONTEXT('2D SPACE',''
  ) );
#4937 = ORIENTED_EDGE('',*,*,#4938,.F.);
#4938 = EDGE_CURVE('',#4939,#4915,#4941,.T.);
#4939 = VERTEX_POINT('',#4940);
#4940 = CARTESIAN_POINT('',(47.5,4.,12.));
#4941 = SURFACE_CURVE('',#4942,(#4946,#4952),.PCURVE_S1.);
#4942 = LINE('',#4943,#4944);
#4943 = CARTESIAN_POINT('',(47.5,0.75,12.));
#4944 = VECTOR('',#4945,1.);
#4945 = DIRECTION('',(0.,-1.,0.));
#4946 = PCURVE('',#1100,#4947);
#4947 = DEFINITIONAL_REPRESENTATION('',(#4948),#4951);
#4948 = B_SPLINE_CURVE_WITH_KNOTS('',1,(#4949,#4950),.UNSPECIFIED.,.F.,
  .F.,(2,2),(-3.25,-1.75),.PIECEWISE_BEZIER_KNOTS.);
#4949 = CARTESIAN_POINT('',(37.5,5.));
#4950 = CARTESIAN_POINT('',(37.5,3.5));
#4951 = ( GEOMETRIC_REPRESENTATION_CONTEXT(2) 
PARAMETRIC_REPRESENTATION_CONTEXT() REPRESENTATION_CONTEXT('2D SPACE',''
  ) );
#4952 = PCURVE('',#1864,#4953);
#4953 = DEFINITIONAL_REPRESENTATION('',(#4954),#4957);
#4954 = B_SPLINE_CURVE_WITH_KNOTS('',1,(#4955,#4956),.UNSPECIFIED.,.F.,
  .F.,(2,2),(-3.25,-1.75),.PIECEWISE_BEZIER_KNOTS.);
#4955 = CARTESIAN_POINT('',(9.5,-1.5));
#4956 = CARTESIAN_POINT('',(9.5,0.));
#4957 = ( GEOMETRIC_REPRESENTATION_CONTEXT(2) 
PARAMETRIC_REPRESENTATION_CONTEXT() REPRESENTATION_CONTEXT('2D SPACE',''
  ) );
#4958 = ORIENTED_EDGE('',*,*,#4959,.T.);
#4959 = EDGE_CURVE('',#4939,#4960,#4962,.T.);
#4960 = VERTEX_POINT('',#4961);
#4961 = CARTESIAN_POINT('',(47.5,5.,12.));
#4962 = SURFACE_CURVE('',#4963,(#4967,#4974),.PCURVE_S1.);
#4963 = LINE('',#4964,#4965);
#4964 = CARTESIAN_POINT('',(47.5,0.75,12.));
#4965 = VECTOR('',#4966,1.);
#4966 = DIRECTION('',(-0.,1.,-0.));
#4967 = PCURVE('',#1100,#4968);
#4968 = DEFINITIONAL_REPRESENTATION('',(#4969),#4973);
#4969 = LINE('',#4970,#4971);
#4970 = CARTESIAN_POINT('',(37.5,1.75));
#4971 = VECTOR('',#4972,1.);
#4972 = DIRECTION('',(0.,1.));
#4973 = ( GEOMETRIC_REPRESENTATION_CONTEXT(2) 
PARAMETRIC_REPRESENTATION_CONTEXT() REPRESENTATION_CONTEXT('2D SPACE',''
  ) );
#4974 = PCURVE('',#1864,#4975);
#4975 = DEFINITIONAL_REPRESENTATION('',(#4976),#4980);
#4976 = LINE('',#4977,#4978);
#4977 = CARTESIAN_POINT('',(9.5,1.75));
#4978 = VECTOR('',#4979,1.);
#4979 = DIRECTION('',(0.,-1.));
#4980 = ( GEOMETRIC_REPRESENTATION_CONTEXT(2) 
PARAMETRIC_REPRESENTATION_CONTEXT() REPRESENTATION_CONTEXT('2D SPACE',''
  ) );
#4981 = ORIENTED_EDGE('',*,*,#4982,.T.);
#4982 = EDGE_CURVE('',#4960,#4983,#4985,.T.);
#4983 = VERTEX_POINT('',#4984);
#4984 = CARTESIAN_POINT('',(46.5,4.,12.));
#4985 = SURFACE_CURVE('',#4986,(#4991,#5002),.PCURVE_S1.);
#4986 = CIRCLE('',#4987,1.);
#4987 = AXIS2_PLACEMENT_3D('',#4988,#4989,#4990);
#4988 = CARTESIAN_POINT('',(46.5,5.,12.));
#4989 = DIRECTION('',(-0.,-0.,-1.));
#4990 = DIRECTION('',(0.,-1.,0.));
#4991 = PCURVE('',#1100,#4992);
#4992 = DEFINITIONAL_REPRESENTATION('',(#4993),#5001);
#4993 = ( BOUNDED_CURVE() B_SPLINE_CURVE(2,(#4994,#4995,#4996,#4997,
#4998,#4999,#5000),.UNSPECIFIED.,.T.,.F.) B_SPLINE_CURVE_WITH_KNOTS((1,2
    ,2,2,2,1),(-2.094395102393,0.,2.094395102393,4.188790204786,
6.28318530718,8.377580409573),.UNSPECIFIED.) CURVE() 
GEOMETRIC_REPRESENTATION_ITEM() RATIONAL_B_SPLINE_CURVE((1.,0.5,1.,0.5,
1.,0.5,1.)) REPRESENTATION_ITEM('') );
#4994 = CARTESIAN_POINT('',(36.5,5.));
#4995 = CARTESIAN_POINT('',(34.767949192431,5.));
#4996 = CARTESIAN_POINT('',(35.633974596216,6.5));
#4997 = CARTESIAN_POINT('',(36.5,8.));
#4998 = CARTESIAN_POINT('',(37.366025403784,6.5));
#4999 = CARTESIAN_POINT('',(38.232050807569,5.));
#5000 = CARTESIAN_POINT('',(36.5,5.));
#5001 = ( GEOMETRIC_REPRESENTATION_CONTEXT(2) 
PARAMETRIC_REPRESENTATION_CONTEXT() REPRESENTATION_CONTEXT('2D SPACE',''
  ) );
#5002 = PCURVE('',#3966,#5003);
#5003 = DEFINITIONAL_REPRESENTATION('',(#5004),#5008);
#5004 = LINE('',#5005,#5006);
#5005 = CARTESIAN_POINT('',(4.712388980385,-0.));
#5006 = VECTOR('',#5007,1.);
#5007 = DIRECTION('',(-1.,0.));
#5008 = ( GEOMETRIC_REPRESENTATION_CONTEXT(2) 
PARAMETRIC_REPRESENTATION_CONTEXT() REPRESENTATION_CONTEXT('2D SPACE',''
  ) );
#5009 = ORIENTED_EDGE('',*,*,#5010,.F.);
#5010 = EDGE_CURVE('',#5011,#4983,#5013,.T.);
#5011 = VERTEX_POINT('',#5012);
#5012 = CARTESIAN_POINT('',(46.,4.,12.));
#5013 = SURFACE_CURVE('',#5014,(#5018,#5025),.PCURVE_S1.);
#5014 = LINE('',#5015,#5016);
#5015 = CARTESIAN_POINT('',(10.,4.,12.));
#5016 = VECTOR('',#5017,1.);
#5017 = DIRECTION('',(1.,0.,-0.));
#5018 = PCURVE('',#1100,#5019);
#5019 = DEFINITIONAL_REPRESENTATION('',(#5020),#5024);
#5020 = LINE('',#5021,#5022);
#5021 = CARTESIAN_POINT('',(0.,5.));
#5022 = VECTOR('',#5023,1.);
#5023 = DIRECTION('',(1.,0.));
#5024 = ( GEOMETRIC_REPRESENTATION_CONTEXT(2) 
PARAMETRIC_REPRESENTATION_CONTEXT() REPRESENTATION_CONTEXT('2D SPACE',''
  ) );
#5025 = PCURVE('',#3994,#5026);
#5026 = DEFINITIONAL_REPRESENTATION('',(#5027),#5031);
#5027 = LINE('',#5028,#5029);
#5028 = CARTESIAN_POINT('',(0.,0.));
#5029 = VECTOR('',#5030,1.);
#5030 = DIRECTION('',(0.,1.));
#5031 = ( GEOMETRIC_REPRESENTATION_CONTEXT(2) 
PARAMETRIC_REPRESENTATION_CONTEXT() REPRESENTATION_CONTEXT('2D SPACE',''
  ) );
#5032 = ORIENTED_EDGE('',*,*,#5033,.F.);
#5033 = EDGE_CURVE('',#5034,#5011,#5036,.T.);
#5034 = VERTEX_POINT('',#5035);
#5035 = CARTESIAN_POINT('',(45.,5.,12.));
#5036 = SURFACE_CURVE('',#5037,(#5042,#5049),.PCURVE_S1.);
#5037 = CIRCLE('',#5038,1.);
#5038 = AXIS2_PLACEMENT_3D('',#5039,#5040,#5041);
#5039 = CARTESIAN_POINT('',(46.,5.,12.));
#5040 = DIRECTION('',(0.,0.,1.));
#5041 = DIRECTION('',(0.,-1.,0.));
#5042 = PCURVE('',#1100,#5043);
#5043 = DEFINITIONAL_REPRESENTATION('',(#5044),#5048);
#5044 = CIRCLE('',#5045,1.);
#5045 = AXIS2_PLACEMENT_2D('',#5046,#5047);
#5046 = CARTESIAN_POINT('',(36.,6.));
#5047 = DIRECTION('',(0.,-1.));
#5048 = ( GEOMETRIC_REPRESENTATION_CONTEXT(2) 
PARAMETRIC_REPRESENTATION_CONTEXT() REPRESENTATION_CONTEXT('2D SPACE',''
  ) );
#5049 = PCURVE('',#4023,#5050);
#5050 = DEFINITIONAL_REPRESENTATION('',(#5051),#5055);
#5051 = LINE('',#5052,#5053);
#5052 = CARTESIAN_POINT('',(-4.712388980385,0.));
#5053 = VECTOR('',#5054,1.);
#5054 = DIRECTION('',(1.,0.));
#5055 = ( GEOMETRIC_REPRESENTATION_CONTEXT(2) 
PARAMETRIC_REPRESENTATION_CONTEXT() REPRESENTATION_CONTEXT('2D SPACE',''
  ) );
#5056 = ORIENTED_EDGE('',*,*,#5057,.F.);
#5057 = EDGE_CURVE('',#5058,#5034,#5060,.T.);
#5058 = VERTEX_POINT('',#5059);
#5059 = CARTESIAN_POINT('',(45.,4.,12.));
#5060 = SURFACE_CURVE('',#5061,(#5065,#5072),.PCURVE_S1.);
#5061 = LINE('',#5062,#5063);
#5062 = CARTESIAN_POINT('',(45.,0.75,12.));
#5063 = VECTOR('',#5064,1.);
#5064 = DIRECTION('',(-0.,1.,-0.));
#5065 = PCURVE('',#1100,#5066);
#5066 = DEFINITIONAL_REPRESENTATION('',(#5067),#5071);
#5067 = LINE('',#5068,#5069);
#5068 = CARTESIAN_POINT('',(35.,1.75));
#5069 = VECTOR('',#5070,1.);
#5070 = DIRECTION('',(0.,1.));
#5071 = ( GEOMETRIC_REPRESENTATION_CONTEXT(2) 
PARAMETRIC_REPRESENTATION_CONTEXT() REPRESENTATION_CONTEXT('2D SPACE',''
  ) );
#5072 = PCURVE('',#2000,#5073);
#5073 = DEFINITIONAL_REPRESENTATION('',(#5074),#5078);
#5074 = LINE('',#5075,#5076);
#5075 = CARTESIAN_POINT('',(9.5,1.75));
#5076 = VECTOR('',#5077,1.);
#5077 = DIRECTION('',(0.,-1.));
#5078 = ( GEOMETRIC_REPRESENTATION_CONTEXT(2) 
PARAMETRIC_REPRESENTATION_CONTEXT() REPRESENTATION_CONTEXT('2D SPACE',''
  ) );
#5079 = ORIENTED_EDGE('',*,*,#5080,.T.);
#5080 = EDGE_CURVE('',#5058,#5081,#5083,.T.);
#5081 = VERTEX_POINT('',#5082);
#5082 = CARTESIAN_POINT('',(45.,3.5,12.));
#5083 = SURFACE_CURVE('',#5084,(#5088,#5094),.PCURVE_S1.);
#5084 = LINE('',#5085,#5086);
#5085 = CARTESIAN_POINT('',(45.,0.75,12.));
#5086 = VECTOR('',#5087,1.);
#5087 = DIRECTION('',(0.,-1.,0.));
#5088 = PCURVE('',#1100,#5089);
#5089 = DEFINITIONAL_REPRESENTATION('',(#5090),#5093);
#5090 = B_SPLINE_CURVE_WITH_KNOTS('',1,(#5091,#5092),.UNSPECIFIED.,.F.,
  .F.,(2,2),(-3.25,-1.75),.PIECEWISE_BEZIER_KNOTS.);
#5091 = CARTESIAN_POINT('',(35.,5.));
#5092 = CARTESIAN_POINT('',(35.,3.5));
#5093 = ( GEOMETRIC_REPRESENTATION_CONTEXT(2) 
PARAMETRIC_REPRESENTATION_CONTEXT() REPRESENTATION_CONTEXT('2D SPACE',''
  ) );
#5094 = PCURVE('',#2000,#5095);
#5095 = DEFINITIONAL_REPRESENTATION('',(#5096),#5099);
#5096 = B_SPLINE_CURVE_WITH_KNOTS('',1,(#5097,#5098),.UNSPECIFIED.,.F.,
  .F.,(2,2),(-3.25,-1.75),.PIECEWISE_BEZIER_KNOTS.);
#5097 = CARTESIAN_POINT('',(9.5,-1.5));
#5098 = CARTESIAN_POINT('',(9.5,0.));
#5099 = ( GEOMETRIC_REPRESENTATION_CONTEXT(2) 
PARAMETRIC_REPRESENTATION_CONTEXT() REPRESENTATION_CONTEXT('2D SPACE',''
  ) );
#5100 = ORIENTED_EDGE('',*,*,#5101,.F.);
#5101 = EDGE_CURVE('',#5102,#5081,#5104,.T.);
#5102 = VERTEX_POINT('',#5103);
#5103 = CARTESIAN_POINT('',(44.,2.5,12.));
#5104 = SURFACE_CURVE('',#5105,(#5110,#5117),.PCURVE_S1.);
#5105 = CIRCLE('',#5106,1.);
#5106 = AXIS2_PLACEMENT_3D('',#5107,#5108,#5109);
#5107 = CARTESIAN_POINT('',(44.,3.5,12.));
#5108 = DIRECTION('',(0.,0.,1.));
#5109 = DIRECTION('',(0.,-1.,0.));
#5110 = PCURVE('',#1100,#5111);
#5111 = DEFINITIONAL_REPRESENTATION('',(#5112),#5116);
#5112 = CIRCLE('',#5113,1.);
#5113 = AXIS2_PLACEMENT_2D('',#5114,#5115);
#5114 = CARTESIAN_POINT('',(34.,4.5));
#5115 = DIRECTION('',(0.,-1.));
#5116 = ( GEOMETRIC_REPRESENTATION_CONTEXT(2) 
PARAMETRIC_REPRESENTATION_CONTEXT() REPRESENTATION_CONTEXT('2D SPACE',''
  ) );
#5117 = PCURVE('',#2050,#5118);
#5118 = DEFINITIONAL_REPRESENTATION('',(#5119),#5123);
#5119 = LINE('',#5120,#5121);
#5120 = CARTESIAN_POINT('',(0.,4.));
#5121 = VECTOR('',#5122,1.);
#5122 = DIRECTION('',(1.,0.));
#5123 = ( GEOMETRIC_REPRESENTATION_CONTEXT(2) 
PARAMETRIC_REPRESENTATION_CONTEXT() REPRESENTATION_CONTEXT('2D SPACE',''
  ) );
#5124 = ORIENTED_EDGE('',*,*,#5125,.F.);
#5125 = EDGE_CURVE('',#5126,#5102,#5128,.T.);
#5126 = VERTEX_POINT('',#5127);
#5127 = CARTESIAN_POINT('',(33.5,2.5,12.));
#5128 = SURFACE_CURVE('',#5129,(#5133,#5139),.PCURVE_S1.);
#5129 = LINE('',#5130,#5131);
#5130 = CARTESIAN_POINT('',(6.25,2.5,12.));
#5131 = VECTOR('',#5132,1.);
#5132 = DIRECTION('',(1.,0.,-0.));
#5133 = PCURVE('',#1100,#5134);
#5134 = DEFINITIONAL_REPRESENTATION('',(#5135),#5138);
#5135 = B_SPLINE_CURVE_WITH_KNOTS('',1,(#5136,#5137),.UNSPECIFIED.,.F.,
  .F.,(2,2),(26.25,38.75),.PIECEWISE_BEZIER_KNOTS.);
#5136 = CARTESIAN_POINT('',(22.5,3.5));
#5137 = CARTESIAN_POINT('',(35.,3.5));
#5138 = ( GEOMETRIC_REPRESENTATION_CONTEXT(2) 
PARAMETRIC_REPRESENTATION_CONTEXT() REPRESENTATION_CONTEXT('2D SPACE',''
  ) );
#5139 = PCURVE('',#2077,#5140);
#5140 = DEFINITIONAL_REPRESENTATION('',(#5141),#5144);
#5141 = B_SPLINE_CURVE_WITH_KNOTS('',1,(#5142,#5143),.UNSPECIFIED.,.F.,
  .F.,(2,2),(26.25,38.75),.PIECEWISE_BEZIER_KNOTS.);
#5142 = CARTESIAN_POINT('',(9.5,30.));
#5143 = CARTESIAN_POINT('',(9.5,42.5));
#5144 = ( GEOMETRIC_REPRESENTATION_CONTEXT(2) 
PARAMETRIC_REPRESENTATION_CONTEXT() REPRESENTATION_CONTEXT('2D SPACE',''
  ) );
#5145 = ORIENTED_EDGE('',*,*,#5146,.F.);
#5146 = EDGE_CURVE('',#5147,#5126,#5149,.T.);
#5147 = VERTEX_POINT('',#5148);
#5148 = CARTESIAN_POINT('',(32.5,3.5,12.));
#5149 = SURFACE_CURVE('',#5150,(#5155,#5162),.PCURVE_S1.);
#5150 = CIRCLE('',#5151,1.);
#5151 = AXIS2_PLACEMENT_3D('',#5152,#5153,#5154);
#5152 = CARTESIAN_POINT('',(33.5,3.5,12.));
#5153 = DIRECTION('',(0.,0.,1.));
#5154 = DIRECTION('',(0.,-1.,0.));
#5155 = PCURVE('',#1100,#5156);
#5156 = DEFINITIONAL_REPRESENTATION('',(#5157),#5161);
#5157 = CIRCLE('',#5158,1.);
#5158 = AXIS2_PLACEMENT_2D('',#5159,#5160);
#5159 = CARTESIAN_POINT('',(23.5,4.5));
#5160 = DIRECTION('',(0.,-1.));
#5161 = ( GEOMETRIC_REPRESENTATION_CONTEXT(2) 
PARAMETRIC_REPRESENTATION_CONTEXT() REPRESENTATION_CONTEXT('2D SPACE',''
  ) );
#5162 = PCURVE('',#2105,#5163);
#5163 = DEFINITIONAL_REPRESENTATION('',(#5164),#5168);
#5164 = LINE('',#5165,#5166);
#5165 = CARTESIAN_POINT('',(-4.712388980385,4.));
#5166 = VECTOR('',#5167,1.);
#5167 = DIRECTION('',(1.,0.));
#5168 = ( GEOMETRIC_REPRESENTATION_CONTEXT(2) 
PARAMETRIC_REPRESENTATION_CONTEXT() REPRESENTATION_CONTEXT('2D SPACE',''
  ) );
#5169 = ORIENTED_EDGE('',*,*,#5170,.F.);
#5170 = EDGE_CURVE('',#5171,#5147,#5173,.T.);
#5171 = VERTEX_POINT('',#5172);
#5172 = CARTESIAN_POINT('',(32.5,4.,12.));
#5173 = SURFACE_CURVE('',#5174,(#5178,#5184),.PCURVE_S1.);
#5174 = LINE('',#5175,#5176);
#5175 = CARTESIAN_POINT('',(32.5,0.75,12.));
#5176 = VECTOR('',#5177,1.);
#5177 = DIRECTION('',(0.,-1.,0.));
#5178 = PCURVE('',#1100,#5179);
#5179 = DEFINITIONAL_REPRESENTATION('',(#5180),#5183);
#5180 = B_SPLINE_CURVE_WITH_KNOTS('',1,(#5181,#5182),.UNSPECIFIED.,.F.,
  .F.,(2,2),(-3.25,-1.75),.PIECEWISE_BEZIER_KNOTS.);
#5181 = CARTESIAN_POINT('',(22.5,5.));
#5182 = CARTESIAN_POINT('',(22.5,3.5));
#5183 = ( GEOMETRIC_REPRESENTATION_CONTEXT(2) 
PARAMETRIC_REPRESENTATION_CONTEXT() REPRESENTATION_CONTEXT('2D SPACE',''
  ) );
#5184 = PCURVE('',#2132,#5185);
#5185 = DEFINITIONAL_REPRESENTATION('',(#5186),#5189);
#5186 = B_SPLINE_CURVE_WITH_KNOTS('',1,(#5187,#5188),.UNSPECIFIED.,.F.,
  .F.,(2,2),(-3.25,-1.75),.PIECEWISE_BEZIER_KNOTS.);
#5187 = CARTESIAN_POINT('',(9.5,-1.5));
#5188 = CARTESIAN_POINT('',(9.5,0.));
#5189 = ( GEOMETRIC_REPRESENTATION_CONTEXT(2) 
PARAMETRIC_REPRESENTATION_CONTEXT() REPRESENTATION_CONTEXT('2D SPACE',''
  ) );
#5190 = ORIENTED_EDGE('',*,*,#5191,.T.);
#5191 = EDGE_CURVE('',#5171,#5192,#5194,.T.);
#5192 = VERTEX_POINT('',#5193);
#5193 = CARTESIAN_POINT('',(32.5,5.,12.));
#5194 = SURFACE_CURVE('',#5195,(#5199,#5206),.PCURVE_S1.);
#5195 = LINE('',#5196,#5197);
#5196 = CARTESIAN_POINT('',(32.5,0.75,12.));
#5197 = VECTOR('',#5198,1.);
#5198 = DIRECTION('',(-0.,1.,-0.));
#5199 = PCURVE('',#1100,#5200);
#5200 = DEFINITIONAL_REPRESENTATION('',(#5201),#5205);
#5201 = LINE('',#5202,#5203);
#5202 = CARTESIAN_POINT('',(22.5,1.75));
#5203 = VECTOR('',#5204,1.);
#5204 = DIRECTION('',(0.,1.));
#5205 = ( GEOMETRIC_REPRESENTATION_CONTEXT(2) 
PARAMETRIC_REPRESENTATION_CONTEXT() REPRESENTATION_CONTEXT('2D SPACE',''
  ) );
#5206 = PCURVE('',#2132,#5207);
#5207 = DEFINITIONAL_REPRESENTATION('',(#5208),#5212);
#5208 = LINE('',#5209,#5210);
#5209 = CARTESIAN_POINT('',(9.5,1.75));
#5210 = VECTOR('',#5211,1.);
#5211 = DIRECTION('',(0.,-1.));
#5212 = ( GEOMETRIC_REPRESENTATION_CONTEXT(2) 
PARAMETRIC_REPRESENTATION_CONTEXT() REPRESENTATION_CONTEXT('2D SPACE',''
  ) );
#5213 = ORIENTED_EDGE('',*,*,#5214,.T.);
#5214 = EDGE_CURVE('',#5192,#5215,#5217,.T.);
#5215 = VERTEX_POINT('',#5216);
#5216 = CARTESIAN_POINT('',(31.5,4.,12.));
#5217 = SURFACE_CURVE('',#5218,(#5223,#5234),.PCURVE_S1.);
#5218 = CIRCLE('',#5219,1.);
#5219 = AXIS2_PLACEMENT_3D('',#5220,#5221,#5222);
#5220 = CARTESIAN_POINT('',(31.5,5.,12.));
#5221 = DIRECTION('',(-0.,-0.,-1.));
#5222 = DIRECTION('',(0.,-1.,0.));
#5223 = PCURVE('',#1100,#5224);
#5224 = DEFINITIONAL_REPRESENTATION('',(#5225),#5233);
#5225 = ( BOUNDED_CURVE() B_SPLINE_CURVE(2,(#5226,#5227,#5228,#5229,
#5230,#5231,#5232),.UNSPECIFIED.,.T.,.F.) B_SPLINE_CURVE_WITH_KNOTS((1,2
    ,2,2,2,1),(-2.094395102393,0.,2.094395102393,4.188790204786,
6.28318530718,8.377580409573),.UNSPECIFIED.) CURVE() 
GEOMETRIC_REPRESENTATION_ITEM() RATIONAL_B_SPLINE_CURVE((1.,0.5,1.,0.5,
1.,0.5,1.)) REPRESENTATION_ITEM('') );
#5226 = CARTESIAN_POINT('',(21.5,5.));
#5227 = CARTESIAN_POINT('',(19.767949192431,5.));
#5228 = CARTESIAN_POINT('',(20.633974596216,6.5));
#5229 = CARTESIAN_POINT('',(21.5,8.));
#5230 = CARTESIAN_POINT('',(22.366025403784,6.5));
#5231 = CARTESIAN_POINT('',(23.232050807569,5.));
#5232 = CARTESIAN_POINT('',(21.5,5.));
#5233 = ( GEOMETRIC_REPRESENTATION_CONTEXT(2) 
PARAMETRIC_REPRESENTATION_CONTEXT() REPRESENTATION_CONTEXT('2D SPACE',''
  ) );
#5234 = PCURVE('',#4232,#5235);
#5235 = DEFINITIONAL_REPRESENTATION('',(#5236),#5240);
#5236 = LINE('',#5237,#5238);
#5237 = CARTESIAN_POINT('',(4.712388980385,-0.));
#5238 = VECTOR('',#5239,1.);
#5239 = DIRECTION('',(-1.,0.));
#5240 = ( GEOMETRIC_REPRESENTATION_CONTEXT(2) 
PARAMETRIC_REPRESENTATION_CONTEXT() REPRESENTATION_CONTEXT('2D SPACE',''
  ) );
#5241 = ORIENTED_EDGE('',*,*,#5242,.F.);
#5242 = EDGE_CURVE('',#5243,#5215,#5245,.T.);
#5243 = VERTEX_POINT('',#5244);
#5244 = CARTESIAN_POINT('',(31.,4.,12.));
#5245 = SURFACE_CURVE('',#5246,(#5250,#5257),.PCURVE_S1.);
#5246 = LINE('',#5247,#5248);
#5247 = CARTESIAN_POINT('',(10.,4.,12.));
#5248 = VECTOR('',#5249,1.);
#5249 = DIRECTION('',(1.,0.,-0.));
#5250 = PCURVE('',#1100,#5251);
#5251 = DEFINITIONAL_REPRESENTATION('',(#5252),#5256);
#5252 = LINE('',#5253,#5254);
#5253 = CARTESIAN_POINT('',(0.,5.));
#5254 = VECTOR('',#5255,1.);
#5255 = DIRECTION('',(1.,0.));
#5256 = ( GEOMETRIC_REPRESENTATION_CONTEXT(2) 
PARAMETRIC_REPRESENTATION_CONTEXT() REPRESENTATION_CONTEXT('2D SPACE',''
  ) );
#5257 = PCURVE('',#4260,#5258);
#5258 = DEFINITIONAL_REPRESENTATION('',(#5259),#5263);
#5259 = LINE('',#5260,#5261);
#5260 = CARTESIAN_POINT('',(0.,0.));
#5261 = VECTOR('',#5262,1.);
#5262 = DIRECTION('',(0.,1.));
#5263 = ( GEOMETRIC_REPRESENTATION_CONTEXT(2) 
PARAMETRIC_REPRESENTATION_CONTEXT() REPRESENTATION_CONTEXT('2D SPACE',''
  ) );
#5264 = ORIENTED_EDGE('',*,*,#5265,.F.);
#5265 = EDGE_CURVE('',#5266,#5243,#5268,.T.);
#5266 = VERTEX_POINT('',#5267);
#5267 = CARTESIAN_POINT('',(30.,5.,12.));
#5268 = SURFACE_CURVE('',#5269,(#5274,#5281),.PCURVE_S1.);
#5269 = CIRCLE('',#5270,1.);
#5270 = AXIS2_PLACEMENT_3D('',#5271,#5272,#5273);
#5271 = CARTESIAN_POINT('',(31.,5.,12.));
#5272 = DIRECTION('',(0.,0.,1.));
#5273 = DIRECTION('',(0.,-1.,0.));
#5274 = PCURVE('',#1100,#5275);
#5275 = DEFINITIONAL_REPRESENTATION('',(#5276),#5280);
#5276 = CIRCLE('',#5277,1.);
#5277 = AXIS2_PLACEMENT_2D('',#5278,#5279);
#5278 = CARTESIAN_POINT('',(21.,6.));
#5279 = DIRECTION('',(0.,-1.));
#5280 = ( GEOMETRIC_REPRESENTATION_CONTEXT(2) 
PARAMETRIC_REPRESENTATION_CONTEXT() REPRESENTATION_CONTEXT('2D SPACE',''
  ) );
#5281 = PCURVE('',#4289,#5282);
#5282 = DEFINITIONAL_REPRESENTATION('',(#5283),#5287);
#5283 = LINE('',#5284,#5285);
#5284 = CARTESIAN_POINT('',(-4.712388980385,0.));
#5285 = VECTOR('',#5286,1.);
#5286 = DIRECTION('',(1.,0.));
#5287 = ( GEOMETRIC_REPRESENTATION_CONTEXT(2) 
PARAMETRIC_REPRESENTATION_CONTEXT() REPRESENTATION_CONTEXT('2D SPACE',''
  ) );
#5288 = ORIENTED_EDGE('',*,*,#5289,.F.);
#5289 = EDGE_CURVE('',#5290,#5266,#5292,.T.);
#5290 = VERTEX_POINT('',#5291);
#5291 = CARTESIAN_POINT('',(30.,4.,12.));
#5292 = SURFACE_CURVE('',#5293,(#5297,#5304),.PCURVE_S1.);
#5293 = LINE('',#5294,#5295);
#5294 = CARTESIAN_POINT('',(30.,0.75,12.));
#5295 = VECTOR('',#5296,1.);
#5296 = DIRECTION('',(-0.,1.,-0.));
#5297 = PCURVE('',#1100,#5298);
#5298 = DEFINITIONAL_REPRESENTATION('',(#5299),#5303);
#5299 = LINE('',#5300,#5301);
#5300 = CARTESIAN_POINT('',(20.,1.75));
#5301 = VECTOR('',#5302,1.);
#5302 = DIRECTION('',(0.,1.));
#5303 = ( GEOMETRIC_REPRESENTATION_CONTEXT(2) 
PARAMETRIC_REPRESENTATION_CONTEXT() REPRESENTATION_CONTEXT('2D SPACE',''
  ) );
#5304 = PCURVE('',#2268,#5305);
#5305 = DEFINITIONAL_REPRESENTATION('',(#5306),#5310);
#5306 = LINE('',#5307,#5308);
#5307 = CARTESIAN_POINT('',(9.5,1.75));
#5308 = VECTOR('',#5309,1.);
#5309 = DIRECTION('',(0.,-1.));
#5310 = ( GEOMETRIC_REPRESENTATION_CONTEXT(2) 
PARAMETRIC_REPRESENTATION_CONTEXT() REPRESENTATION_CONTEXT('2D SPACE',''
  ) );
#5311 = ORIENTED_EDGE('',*,*,#5312,.T.);
#5312 = EDGE_CURVE('',#5290,#5313,#5315,.T.);
#5313 = VERTEX_POINT('',#5314);
#5314 = CARTESIAN_POINT('',(30.,3.5,12.));
#5315 = SURFACE_CURVE('',#5316,(#5320,#5326),.PCURVE_S1.);
#5316 = LINE('',#5317,#5318);
#5317 = CARTESIAN_POINT('',(30.,0.75,12.));
#5318 = VECTOR('',#5319,1.);
#5319 = DIRECTION('',(0.,-1.,0.));
#5320 = PCURVE('',#1100,#5321);
#5321 = DEFINITIONAL_REPRESENTATION('',(#5322),#5325);
#5322 = B_SPLINE_CURVE_WITH_KNOTS('',1,(#5323,#5324),.UNSPECIFIED.,.F.,
  .F.,(2,2),(-3.25,-1.75),.PIECEWISE_BEZIER_KNOTS.);
#5323 = CARTESIAN_POINT('',(20.,5.));
#5324 = CARTESIAN_POINT('',(20.,3.5));
#5325 = ( GEOMETRIC_REPRESENTATION_CONTEXT(2) 
PARAMETRIC_REPRESENTATION_CONTEXT() REPRESENTATION_CONTEXT('2D SPACE',''
  ) );
#5326 = PCURVE('',#2268,#5327);
#5327 = DEFINITIONAL_REPRESENTATION('',(#5328),#5331);
#5328 = B_SPLINE_CURVE_WITH_KNOTS('',1,(#5329,#5330),.UNSPECIFIED.,.F.,
  .F.,(2,2),(-3.25,-1.75),.PIECEWISE_BEZIER_KNOTS.);
#5329 = CARTESIAN_POINT('',(9.5,-1.5));
#5330 = CARTESIAN_POINT('',(9.5,0.));
#5331 = ( GEOMETRIC_REPRESENTATION_CONTEXT(2) 
PARAMETRIC_REPRESENTATION_CONTEXT() REPRESENTATION_CONTEXT('2D SPACE',''
  ) );
#5332 = ORIENTED_EDGE('',*,*,#5333,.F.);
#5333 = EDGE_CURVE('',#5334,#5313,#5336,.T.);
#5334 = VERTEX_POINT('',#5335);
#5335 = CARTESIAN_POINT('',(29.,2.5,12.));
#5336 = SURFACE_CURVE('',#5337,(#5342,#5349),.PCURVE_S1.);
#5337 = CIRCLE('',#5338,1.);
#5338 = AXIS2_PLACEMENT_3D('',#5339,#5340,#5341);
#5339 = CARTESIAN_POINT('',(29.,3.5,12.));
#5340 = DIRECTION('',(0.,0.,1.));
#5341 = DIRECTION('',(0.,-1.,0.));
#5342 = PCURVE('',#1100,#5343);
#5343 = DEFINITIONAL_REPRESENTATION('',(#5344),#5348);
#5344 = CIRCLE('',#5345,1.);
#5345 = AXIS2_PLACEMENT_2D('',#5346,#5347);
#5346 = CARTESIAN_POINT('',(19.,4.5));
#5347 = DIRECTION('',(0.,-1.));
#5348 = ( GEOMETRIC_REPRESENTATION_CONTEXT(2) 
PARAMETRIC_REPRESENTATION_CONTEXT() REPRESENTATION_CONTEXT('2D SPACE',''
  ) );
#5349 = PCURVE('',#2318,#5350);
#5350 = DEFINITIONAL_REPRESENTATION('',(#5351),#5355);
#5351 = LINE('',#5352,#5353);
#5352 = CARTESIAN_POINT('',(0.,4.));
#5353 = VECTOR('',#5354,1.);
#5354 = DIRECTION('',(1.,0.));
#5355 = ( GEOMETRIC_REPRESENTATION_CONTEXT(2) 
PARAMETRIC_REPRESENTATION_CONTEXT() REPRESENTATION_CONTEXT('2D SPACE',''
  ) );
#5356 = ORIENTED_EDGE('',*,*,#5357,.F.);
#5357 = EDGE_CURVE('',#5358,#5334,#5360,.T.);
#5358 = VERTEX_POINT('',#5359);
#5359 = CARTESIAN_POINT('',(18.5,2.5,12.));
#5360 = SURFACE_CURVE('',#5361,(#5365,#5371),.PCURVE_S1.);
#5361 = LINE('',#5362,#5363);
#5362 = CARTESIAN_POINT('',(6.25,2.5,12.));
#5363 = VECTOR('',#5364,1.);
#5364 = DIRECTION('',(1.,0.,-0.));
#5365 = PCURVE('',#1100,#5366);
#5366 = DEFINITIONAL_REPRESENTATION('',(#5367),#5370);
#5367 = B_SPLINE_CURVE_WITH_KNOTS('',1,(#5368,#5369),.UNSPECIFIED.,.F.,
  .F.,(2,2),(11.25,23.75),.PIECEWISE_BEZIER_KNOTS.);
#5368 = CARTESIAN_POINT('',(7.5,3.5));
#5369 = CARTESIAN_POINT('',(20.,3.5));
#5370 = ( GEOMETRIC_REPRESENTATION_CONTEXT(2) 
PARAMETRIC_REPRESENTATION_CONTEXT() REPRESENTATION_CONTEXT('2D SPACE',''
  ) );
#5371 = PCURVE('',#2345,#5372);
#5372 = DEFINITIONAL_REPRESENTATION('',(#5373),#5376);
#5373 = B_SPLINE_CURVE_WITH_KNOTS('',1,(#5374,#5375),.UNSPECIFIED.,.F.,
  .F.,(2,2),(11.25,23.75),.PIECEWISE_BEZIER_KNOTS.);
#5374 = CARTESIAN_POINT('',(9.5,15.));
#5375 = CARTESIAN_POINT('',(9.5,27.5));
#5376 = ( GEOMETRIC_REPRESENTATION_CONTEXT(2) 
PARAMETRIC_REPRESENTATION_CONTEXT() REPRESENTATION_CONTEXT('2D SPACE',''
  ) );
#5377 = ORIENTED_EDGE('',*,*,#5378,.F.);
#5378 = EDGE_CURVE('',#5379,#5358,#5381,.T.);
#5379 = VERTEX_POINT('',#5380);
#5380 = CARTESIAN_POINT('',(17.5,3.5,12.));
#5381 = SURFACE_CURVE('',#5382,(#5387,#5394),.PCURVE_S1.);
#5382 = CIRCLE('',#5383,1.);
#5383 = AXIS2_PLACEMENT_3D('',#5384,#5385,#5386);
#5384 = CARTESIAN_POINT('',(18.5,3.5,12.));
#5385 = DIRECTION('',(0.,0.,1.));
#5386 = DIRECTION('',(0.,-1.,0.));
#5387 = PCURVE('',#1100,#5388);
#5388 = DEFINITIONAL_REPRESENTATION('',(#5389),#5393);
#5389 = CIRCLE('',#5390,1.);
#5390 = AXIS2_PLACEMENT_2D('',#5391,#5392);
#5391 = CARTESIAN_POINT('',(8.5,4.5));
#5392 = DIRECTION('',(0.,-1.));
#5393 = ( GEOMETRIC_REPRESENTATION_CONTEXT(2) 
PARAMETRIC_REPRESENTATION_CONTEXT() REPRESENTATION_CONTEXT('2D SPACE',''
  ) );
#5394 = PCURVE('',#2373,#5395);
#5395 = DEFINITIONAL_REPRESENTATION('',(#5396),#5400);
#5396 = LINE('',#5397,#5398);
#5397 = CARTESIAN_POINT('',(-4.712388980385,4.));
#5398 = VECTOR('',#5399,1.);
#5399 = DIRECTION('',(1.,0.));
#5400 = ( GEOMETRIC_REPRESENTATION_CONTEXT(2) 
PARAMETRIC_REPRESENTATION_CONTEXT() REPRESENTATION_CONTEXT('2D SPACE',''
  ) );
#5401 = ORIENTED_EDGE('',*,*,#5402,.F.);
#5402 = EDGE_CURVE('',#5403,#5379,#5405,.T.);
#5403 = VERTEX_POINT('',#5404);
#5404 = CARTESIAN_POINT('',(17.5,4.,12.));
#5405 = SURFACE_CURVE('',#5406,(#5410,#5416),.PCURVE_S1.);
#5406 = LINE('',#5407,#5408);
#5407 = CARTESIAN_POINT('',(17.5,0.75,12.));
#5408 = VECTOR('',#5409,1.);
#5409 = DIRECTION('',(0.,-1.,0.));
#5410 = PCURVE('',#1100,#5411);
#5411 = DEFINITIONAL_REPRESENTATION('',(#5412),#5415);
#5412 = B_SPLINE_CURVE_WITH_KNOTS('',1,(#5413,#5414),.UNSPECIFIED.,.F.,
  .F.,(2,2),(-3.25,-1.75),.PIECEWISE_BEZIER_KNOTS.);
#5413 = CARTESIAN_POINT('',(7.5,5.));
#5414 = CARTESIAN_POINT('',(7.5,3.5));
#5415 = ( GEOMETRIC_REPRESENTATION_CONTEXT(2) 
PARAMETRIC_REPRESENTATION_CONTEXT() REPRESENTATION_CONTEXT('2D SPACE',''
  ) );
#5416 = PCURVE('',#2400,#5417);
#5417 = DEFINITIONAL_REPRESENTATION('',(#5418),#5421);
#5418 = B_SPLINE_CURVE_WITH_KNOTS('',1,(#5419,#5420),.UNSPECIFIED.,.F.,
  .F.,(2,2),(-3.25,-1.75),.PIECEWISE_BEZIER_KNOTS.);
#5419 = CARTESIAN_POINT('',(9.5,-1.5));
#5420 = CARTESIAN_POINT('',(9.5,0.));
#5421 = ( GEOMETRIC_REPRESENTATION_CONTEXT(2) 
PARAMETRIC_REPRESENTATION_CONTEXT() REPRESENTATION_CONTEXT('2D SPACE',''
  ) );
#5422 = ORIENTED_EDGE('',*,*,#5423,.T.);
#5423 = EDGE_CURVE('',#5403,#5424,#5426,.T.);
#5424 = VERTEX_POINT('',#5425);
#5425 = CARTESIAN_POINT('',(17.5,5.,12.));
#5426 = SURFACE_CURVE('',#5427,(#5431,#5438),.PCURVE_S1.);
#5427 = LINE('',#5428,#5429);
#5428 = CARTESIAN_POINT('',(17.5,0.75,12.));
#5429 = VECTOR('',#5430,1.);
#5430 = DIRECTION('',(-0.,1.,-0.));
#5431 = PCURVE('',#1100,#5432);
#5432 = DEFINITIONAL_REPRESENTATION('',(#5433),#5437);
#5433 = LINE('',#5434,#5435);
#5434 = CARTESIAN_POINT('',(7.5,1.75));
#5435 = VECTOR('',#5436,1.);
#5436 = DIRECTION('',(0.,1.));
#5437 = ( GEOMETRIC_REPRESENTATION_CONTEXT(2) 
PARAMETRIC_REPRESENTATION_CONTEXT() REPRESENTATION_CONTEXT('2D SPACE',''
  ) );
#5438 = PCURVE('',#2400,#5439);
#5439 = DEFINITIONAL_REPRESENTATION('',(#5440),#5444);
#5440 = LINE('',#5441,#5442);
#5441 = CARTESIAN_POINT('',(9.5,1.75));
#5442 = VECTOR('',#5443,1.);
#5443 = DIRECTION('',(0.,-1.));
#5444 = ( GEOMETRIC_REPRESENTATION_CONTEXT(2) 
PARAMETRIC_REPRESENTATION_CONTEXT() REPRESENTATION_CONTEXT('2D SPACE',''
  ) );
#5445 = ORIENTED_EDGE('',*,*,#5446,.T.);
#5446 = EDGE_CURVE('',#5424,#5447,#5449,.T.);
#5447 = VERTEX_POINT('',#5448);
#5448 = CARTESIAN_POINT('',(16.5,4.,12.));
#5449 = SURFACE_CURVE('',#5450,(#5455,#5466),.PCURVE_S1.);
#5450 = CIRCLE('',#5451,1.);
#5451 = AXIS2_PLACEMENT_3D('',#5452,#5453,#5454);
#5452 = CARTESIAN_POINT('',(16.5,5.,12.));
#5453 = DIRECTION('',(-0.,-0.,-1.));
#5454 = DIRECTION('',(0.,-1.,0.));
#5455 = PCURVE('',#1100,#5456);
#5456 = DEFINITIONAL_REPRESENTATION('',(#5457),#5465);
#5457 = ( BOUNDED_CURVE() B_SPLINE_CURVE(2,(#5458,#5459,#5460,#5461,
#5462,#5463,#5464),.UNSPECIFIED.,.T.,.F.) B_SPLINE_CURVE_WITH_KNOTS((1,2
    ,2,2,2,1),(-2.094395102393,0.,2.094395102393,4.188790204786,
6.28318530718,8.377580409573),.UNSPECIFIED.) CURVE() 
GEOMETRIC_REPRESENTATION_ITEM() RATIONAL_B_SPLINE_CURVE((1.,0.5,1.,0.5,
1.,0.5,1.)) REPRESENTATION_ITEM('') );
#5458 = CARTESIAN_POINT('',(6.5,5.));
#5459 = CARTESIAN_POINT('',(4.767949192431,5.));
#5460 = CARTESIAN_POINT('',(5.633974596216,6.5));
#5461 = CARTESIAN_POINT('',(6.5,8.));
#5462 = CARTESIAN_POINT('',(7.366025403784,6.5));
#5463 = CARTESIAN_POINT('',(8.232050807569,5.));
#5464 = CARTESIAN_POINT('',(6.5,5.));
#5465 = ( GEOMETRIC_REPRESENTATION_CONTEXT(2) 
PARAMETRIC_REPRESENTATION_CONTEXT() REPRESENTATION_CONTEXT('2D SPACE',''
  ) );
#5466 = PCURVE('',#4498,#5467);
#5467 = DEFINITIONAL_REPRESENTATION('',(#5468),#5472);
#5468 = LINE('',#5469,#5470);
#5469 = CARTESIAN_POINT('',(4.712388980385,-0.));
#5470 = VECTOR('',#5471,1.);
#5471 = DIRECTION('',(-1.,0.));
#5472 = ( GEOMETRIC_REPRESENTATION_CONTEXT(2) 
PARAMETRIC_REPRESENTATION_CONTEXT() REPRESENTATION_CONTEXT('2D SPACE',''
  ) );
#5473 = ORIENTED_EDGE('',*,*,#5474,.F.);
#5474 = EDGE_CURVE('',#5475,#5447,#5477,.T.);
#5475 = VERTEX_POINT('',#5476);
#5476 = CARTESIAN_POINT('',(16.,4.,12.));
#5477 = SURFACE_CURVE('',#5478,(#5482,#5489),.PCURVE_S1.);
#5478 = LINE('',#5479,#5480);
#5479 = CARTESIAN_POINT('',(10.,4.,12.));
#5480 = VECTOR('',#5481,1.);
#5481 = DIRECTION('',(1.,0.,-0.));
#5482 = PCURVE('',#1100,#5483);
#5483 = DEFINITIONAL_REPRESENTATION('',(#5484),#5488);
#5484 = LINE('',#5485,#5486);
#5485 = CARTESIAN_POINT('',(0.,5.));
#5486 = VECTOR('',#5487,1.);
#5487 = DIRECTION('',(1.,0.));
#5488 = ( GEOMETRIC_REPRESENTATION_CONTEXT(2) 
PARAMETRIC_REPRESENTATION_CONTEXT() REPRESENTATION_CONTEXT('2D SPACE',''
  ) );
#5489 = PCURVE('',#4526,#5490);
#5490 = DEFINITIONAL_REPRESENTATION('',(#5491),#5495);
#5491 = LINE('',#5492,#5493);
#5492 = CARTESIAN_POINT('',(0.,0.));
#5493 = VECTOR('',#5494,1.);
#5494 = DIRECTION('',(0.,1.));
#5495 = ( GEOMETRIC_REPRESENTATION_CONTEXT(2) 
PARAMETRIC_REPRESENTATION_CONTEXT() REPRESENTATION_CONTEXT('2D SPACE',''
  ) );
#5496 = ORIENTED_EDGE('',*,*,#5497,.F.);
#5497 = EDGE_CURVE('',#5498,#5475,#5500,.T.);
#5498 = VERTEX_POINT('',#5499);
#5499 = CARTESIAN_POINT('',(15.,5.,12.));
#5500 = SURFACE_CURVE('',#5501,(#5506,#5513),.PCURVE_S1.);
#5501 = CIRCLE('',#5502,1.);
#5502 = AXIS2_PLACEMENT_3D('',#5503,#5504,#5505);
#5503 = CARTESIAN_POINT('',(16.,5.,12.));
#5504 = DIRECTION('',(0.,0.,1.));
#5505 = DIRECTION('',(0.,-1.,0.));
#5506 = PCURVE('',#1100,#5507);
#5507 = DEFINITIONAL_REPRESENTATION('',(#5508),#5512);
#5508 = CIRCLE('',#5509,1.);
#5509 = AXIS2_PLACEMENT_2D('',#5510,#5511);
#5510 = CARTESIAN_POINT('',(6.,6.));
#5511 = DIRECTION('',(0.,-1.));
#5512 = ( GEOMETRIC_REPRESENTATION_CONTEXT(2) 
PARAMETRIC_REPRESENTATION_CONTEXT() REPRESENTATION_CONTEXT('2D SPACE',''
  ) );
#5513 = PCURVE('',#4555,#5514);
#5514 = DEFINITIONAL_REPRESENTATION('',(#5515),#5519);
#5515 = LINE('',#5516,#5517);
#5516 = CARTESIAN_POINT('',(-4.712388980385,0.));
#5517 = VECTOR('',#5518,1.);
#5518 = DIRECTION('',(1.,0.));
#5519 = ( GEOMETRIC_REPRESENTATION_CONTEXT(2) 
PARAMETRIC_REPRESENTATION_CONTEXT() REPRESENTATION_CONTEXT('2D SPACE',''
  ) );
#5520 = ORIENTED_EDGE('',*,*,#5521,.F.);
#5521 = EDGE_CURVE('',#5522,#5498,#5524,.T.);
#5522 = VERTEX_POINT('',#5523);
#5523 = CARTESIAN_POINT('',(15.,4.,12.));
#5524 = SURFACE_CURVE('',#5525,(#5529,#5536),.PCURVE_S1.);
#5525 = LINE('',#5526,#5527);
#5526 = CARTESIAN_POINT('',(15.,0.75,12.));
#5527 = VECTOR('',#5528,1.);
#5528 = DIRECTION('',(-0.,1.,-0.));
#5529 = PCURVE('',#1100,#5530);
#5530 = DEFINITIONAL_REPRESENTATION('',(#5531),#5535);
#5531 = LINE('',#5532,#5533);
#5532 = CARTESIAN_POINT('',(5.,1.75));
#5533 = VECTOR('',#5534,1.);
#5534 = DIRECTION('',(0.,1.));
#5535 = ( GEOMETRIC_REPRESENTATION_CONTEXT(2) 
PARAMETRIC_REPRESENTATION_CONTEXT() REPRESENTATION_CONTEXT('2D SPACE',''
  ) );
#5536 = PCURVE('',#2536,#5537);
#5537 = DEFINITIONAL_REPRESENTATION('',(#5538),#5542);
#5538 = LINE('',#5539,#5540);
#5539 = CARTESIAN_POINT('',(9.5,1.75));
#5540 = VECTOR('',#5541,1.);
#5541 = DIRECTION('',(0.,-1.));
#5542 = ( GEOMETRIC_REPRESENTATION_CONTEXT(2) 
PARAMETRIC_REPRESENTATION_CONTEXT() REPRESENTATION_CONTEXT('2D SPACE',''
  ) );
#5543 = ORIENTED_EDGE('',*,*,#5544,.T.);
#5544 = EDGE_CURVE('',#5522,#5545,#5547,.T.);
#5545 = VERTEX_POINT('',#5546);
#5546 = CARTESIAN_POINT('',(15.,3.5,12.));
#5547 = SURFACE_CURVE('',#5548,(#5552,#5558),.PCURVE_S1.);
#5548 = LINE('',#5549,#5550);
#5549 = CARTESIAN_POINT('',(15.,0.75,12.));
#5550 = VECTOR('',#5551,1.);
#5551 = DIRECTION('',(0.,-1.,0.));
#5552 = PCURVE('',#1100,#5553);
#5553 = DEFINITIONAL_REPRESENTATION('',(#5554),#5557);
#5554 = B_SPLINE_CURVE_WITH_KNOTS('',1,(#5555,#5556),.UNSPECIFIED.,.F.,
  .F.,(2,2),(-3.25,-1.75),.PIECEWISE_BEZIER_KNOTS.);
#5555 = CARTESIAN_POINT('',(5.,5.));
#5556 = CARTESIAN_POINT('',(5.,3.5));
#5557 = ( GEOMETRIC_REPRESENTATION_CONTEXT(2) 
PARAMETRIC_REPRESENTATION_CONTEXT() REPRESENTATION_CONTEXT('2D SPACE',''
  ) );
#5558 = PCURVE('',#2536,#5559);
#5559 = DEFINITIONAL_REPRESENTATION('',(#5560),#5563);
#5560 = B_SPLINE_CURVE_WITH_KNOTS('',1,(#5561,#5562),.UNSPECIFIED.,.F.,
  .F.,(2,2),(-3.25,-1.75),.PIECEWISE_BEZIER_KNOTS.);
#5561 = CARTESIAN_POINT('',(9.5,-1.5));
#5562 = CARTESIAN_POINT('',(9.5,0.));
#5563 = ( GEOMETRIC_REPRESENTATION_CONTEXT(2) 
PARAMETRIC_REPRESENTATION_CONTEXT() REPRESENTATION_CONTEXT('2D SPACE',''
  ) );
#5564 = ORIENTED_EDGE('',*,*,#5565,.F.);
#5565 = EDGE_CURVE('',#5566,#5545,#5568,.T.);
#5566 = VERTEX_POINT('',#5567);
#5567 = CARTESIAN_POINT('',(14.,2.5,12.));
#5568 = SURFACE_CURVE('',#5569,(#5574,#5581),.PCURVE_S1.);
#5569 = CIRCLE('',#5570,1.);
#5570 = AXIS2_PLACEMENT_3D('',#5571,#5572,#5573);
#5571 = CARTESIAN_POINT('',(14.,3.5,12.));
#5572 = DIRECTION('',(0.,0.,1.));
#5573 = DIRECTION('',(0.,-1.,0.));
#5574 = PCURVE('',#1100,#5575);
#5575 = DEFINITIONAL_REPRESENTATION('',(#5576),#5580);
#5576 = CIRCLE('',#5577,1.);
#5577 = AXIS2_PLACEMENT_2D('',#5578,#5579);
#5578 = CARTESIAN_POINT('',(4.,4.5));
#5579 = DIRECTION('',(0.,-1.));
#5580 = ( GEOMETRIC_REPRESENTATION_CONTEXT(2) 
PARAMETRIC_REPRESENTATION_CONTEXT() REPRESENTATION_CONTEXT('2D SPACE',''
  ) );
#5581 = PCURVE('',#2586,#5582);
#5582 = DEFINITIONAL_REPRESENTATION('',(#5583),#5587);
#5583 = LINE('',#5584,#5585);
#5584 = CARTESIAN_POINT('',(0.,4.));
#5585 = VECTOR('',#5586,1.);
#5586 = DIRECTION('',(1.,0.));
#5587 = ( GEOMETRIC_REPRESENTATION_CONTEXT(2) 
PARAMETRIC_REPRESENTATION_CONTEXT() REPRESENTATION_CONTEXT('2D SPACE',''
  ) );
#5588 = ORIENTED_EDGE('',*,*,#5589,.F.);
#5589 = EDGE_CURVE('',#5590,#5566,#5592,.T.);
#5590 = VERTEX_POINT('',#5591);
#5591 = CARTESIAN_POINT('',(10.,2.5,12.));
#5592 = SURFACE_CURVE('',#5593,(#5597,#5603),.PCURVE_S1.);
#5593 = LINE('',#5594,#5595);
#5594 = CARTESIAN_POINT('',(6.25,2.5,12.));
#5595 = VECTOR('',#5596,1.);
#5596 = DIRECTION('',(1.,0.,-0.));
#5597 = PCURVE('',#1100,#5598);
#5598 = DEFINITIONAL_REPRESENTATION('',(#5599),#5602);
#5599 = B_SPLINE_CURVE_WITH_KNOTS('',1,(#5600,#5601),.UNSPECIFIED.,.F.,
  .F.,(2,2),(3.75,8.75),.PIECEWISE_BEZIER_KNOTS.);
#5600 = CARTESIAN_POINT('',(0.,3.5));
#5601 = CARTESIAN_POINT('',(5.,3.5));
#5602 = ( GEOMETRIC_REPRESENTATION_CONTEXT(2) 
PARAMETRIC_REPRESENTATION_CONTEXT() REPRESENTATION_CONTEXT('2D SPACE',''
  ) );
#5603 = PCURVE('',#2613,#5604);
#5604 = DEFINITIONAL_REPRESENTATION('',(#5605),#5608);
#5605 = B_SPLINE_CURVE_WITH_KNOTS('',1,(#5606,#5607),.UNSPECIFIED.,.F.,
  .F.,(2,2),(3.75,8.75),.PIECEWISE_BEZIER_KNOTS.);
#5606 = CARTESIAN_POINT('',(9.5,7.5));
#5607 = CARTESIAN_POINT('',(9.5,12.5));
#5608 = ( GEOMETRIC_REPRESENTATION_CONTEXT(2) 
PARAMETRIC_REPRESENTATION_CONTEXT() REPRESENTATION_CONTEXT('2D SPACE',''
  ) );
#5609 = ORIENTED_EDGE('',*,*,#5610,.T.);
#5610 = EDGE_CURVE('',#5590,#5611,#5613,.T.);
#5611 = VERTEX_POINT('',#5612);
#5612 = CARTESIAN_POINT('',(9.,2.5,12.));
#5613 = SURFACE_CURVE('',#5614,(#5618,#5625),.PCURVE_S1.);
#5614 = LINE('',#5615,#5616);
#5615 = CARTESIAN_POINT('',(6.25,2.5,12.));
#5616 = VECTOR('',#5617,1.);
#5617 = DIRECTION('',(-1.,-0.,0.));
#5618 = PCURVE('',#1100,#5619);
#5619 = DEFINITIONAL_REPRESENTATION('',(#5620),#5624);
#5620 = LINE('',#5621,#5622);
#5621 = CARTESIAN_POINT('',(-3.75,3.5));
#5622 = VECTOR('',#5623,1.);
#5623 = DIRECTION('',(-1.,0.));
#5624 = ( GEOMETRIC_REPRESENTATION_CONTEXT(2) 
PARAMETRIC_REPRESENTATION_CONTEXT() REPRESENTATION_CONTEXT('2D SPACE',''
  ) );
#5625 = PCURVE('',#2613,#5626);
#5626 = DEFINITIONAL_REPRESENTATION('',(#5627),#5631);
#5627 = LINE('',#5628,#5629);
#5628 = CARTESIAN_POINT('',(9.5,3.75));
#5629 = VECTOR('',#5630,1.);
#5630 = DIRECTION('',(0.,-1.));
#5631 = ( GEOMETRIC_REPRESENTATION_CONTEXT(2) 
PARAMETRIC_REPRESENTATION_CONTEXT() REPRESENTATION_CONTEXT('2D SPACE',''
  ) );
#5632 = ORIENTED_EDGE('',*,*,#5633,.F.);
#5633 = EDGE_CURVE('',#4765,#5611,#5634,.T.);
#5634 = SURFACE_CURVE('',#5635,(#5640,#5647),.PCURVE_S1.);
#5635 = CIRCLE('',#5636,1.);
#5636 = AXIS2_PLACEMENT_3D('',#5637,#5638,#5639);
#5637 = CARTESIAN_POINT('',(9.,1.5,12.));
#5638 = DIRECTION('',(0.,-0.,1.));
#5639 = DIRECTION('',(0.,1.,0.));
#5640 = PCURVE('',#1100,#5641);
#5641 = DEFINITIONAL_REPRESENTATION('',(#5642),#5646);
#5642 = CIRCLE('',#5643,1.);
#5643 = AXIS2_PLACEMENT_2D('',#5644,#5645);
#5644 = CARTESIAN_POINT('',(-1.,2.5));
#5645 = DIRECTION('',(0.,1.));
#5646 = ( GEOMETRIC_REPRESENTATION_CONTEXT(2) 
PARAMETRIC_REPRESENTATION_CONTEXT() REPRESENTATION_CONTEXT('2D SPACE',''
  ) );
#5647 = PCURVE('',#4699,#5648);
#5648 = DEFINITIONAL_REPRESENTATION('',(#5649),#5653);
#5649 = LINE('',#5650,#5651);
#5650 = CARTESIAN_POINT('',(4.712388980385,2.));
#5651 = VECTOR('',#5652,1.);
#5652 = DIRECTION('',(-1.,0.));
#5653 = ( GEOMETRIC_REPRESENTATION_CONTEXT(2) 
PARAMETRIC_REPRESENTATION_CONTEXT() REPRESENTATION_CONTEXT('2D SPACE',''
  ) );
#5654 = ADVANCED_FACE('',(#5655),#1172,.T.);
#5655 = FACE_BOUND('',#5656,.T.);
#5656 = EDGE_LOOP('',(#5657,#5658,#5679,#5680));
#5657 = ORIENTED_EDGE('',*,*,#3739,.T.);
#5658 = ORIENTED_EDGE('',*,*,#5659,.T.);
#5659 = EDGE_CURVE('',#3740,#4792,#5660,.T.);
#5660 = SURFACE_CURVE('',#5661,(#5665,#5672),.PCURVE_S1.);
#5661 = LINE('',#5662,#5663);
#5662 = CARTESIAN_POINT('',(50.,1.,14.));
#5663 = VECTOR('',#5664,1.);
#5664 = DIRECTION('',(-0.,0.,-1.));
#5665 = PCURVE('',#1172,#5666);
#5666 = DEFINITIONAL_REPRESENTATION('',(#5667),#5671);
#5667 = LINE('',#5668,#5669);
#5668 = CARTESIAN_POINT('',(1.570796326795,0.));
#5669 = VECTOR('',#5670,1.);
#5670 = DIRECTION('',(0.,1.));
#5671 = ( GEOMETRIC_REPRESENTATION_CONTEXT(2) 
PARAMETRIC_REPRESENTATION_CONTEXT() REPRESENTATION_CONTEXT('2D SPACE',''
  ) );
#5672 = PCURVE('',#3783,#5673);
#5673 = DEFINITIONAL_REPRESENTATION('',(#5674),#5678);
#5674 = LINE('',#5675,#5676);
#5675 = CARTESIAN_POINT('',(2.,-2.));
#5676 = VECTOR('',#5677,1.);
#5677 = DIRECTION('',(-1.,-0.));
#5678 = ( GEOMETRIC_REPRESENTATION_CONTEXT(2) 
PARAMETRIC_REPRESENTATION_CONTEXT() REPRESENTATION_CONTEXT('2D SPACE',''
  ) );
#5679 = ORIENTED_EDGE('',*,*,#4791,.F.);
#5680 = ORIENTED_EDGE('',*,*,#1156,.F.);
#5681 = ADVANCED_FACE('',(#5682),#1246,.F.);
#5682 = FACE_BOUND('',#5683,.F.);
#5683 = EDGE_LOOP('',(#5684,#5714,#5736,#5737,#5738,#5739,#5767,#5795,
    #5828,#5851,#5872,#5901,#5922,#5945,#5978,#6006,#6035,#6058,#6079,
    #6112,#6138,#6167,#6188,#6211,#6244,#6272,#6301,#6324,#6345,#6378,
    #6404,#6433,#6454,#6477,#6510,#6538,#6567,#6590,#6611,#6640,#6661,
    #6684));
#5684 = ORIENTED_EDGE('',*,*,#5685,.F.);
#5685 = EDGE_CURVE('',#5686,#5688,#5690,.T.);
#5686 = VERTEX_POINT('',#5687);
#5687 = CARTESIAN_POINT('',(10.,1.,20.));
#5688 = VERTEX_POINT('',#5689);
#5689 = CARTESIAN_POINT('',(10.,1.5,20.));
#5690 = SURFACE_CURVE('',#5691,(#5695,#5702),.PCURVE_S1.);
#5691 = LINE('',#5692,#5693);
#5692 = CARTESIAN_POINT('',(10.,-1.,20.));
#5693 = VECTOR('',#5694,1.);
#5694 = DIRECTION('',(-0.,1.,0.));
#5695 = PCURVE('',#1246,#5696);
#5696 = DEFINITIONAL_REPRESENTATION('',(#5697),#5701);
#5697 = LINE('',#5698,#5699);
#5698 = CARTESIAN_POINT('',(0.,0.));
#5699 = VECTOR('',#5700,1.);
#5700 = DIRECTION('',(0.,1.));
#5701 = ( GEOMETRIC_REPRESENTATION_CONTEXT(2) 
PARAMETRIC_REPRESENTATION_CONTEXT() REPRESENTATION_CONTEXT('2D SPACE',''
  ) );
#5702 = PCURVE('',#5703,#5708);
#5703 = PLANE('',#5704);
#5704 = AXIS2_PLACEMENT_3D('',#5705,#5706,#5707);
#5705 = CARTESIAN_POINT('',(10.,-1.,18.));
#5706 = DIRECTION('',(1.,0.,-0.));
#5707 = DIRECTION('',(0.,0.,1.));
#5708 = DEFINITIONAL_REPRESENTATION('',(#5709),#5713);
#5709 = LINE('',#5710,#5711);
#5710 = CARTESIAN_POINT('',(2.,0.));
#5711 = VECTOR('',#5712,1.);
#5712 = DIRECTION('',(0.,-1.));
#5713 = ( GEOMETRIC_REPRESENTATION_CONTEXT(2) 
PARAMETRIC_REPRESENTATION_CONTEXT() REPRESENTATION_CONTEXT('2D SPACE',''
  ) );
#5714 = ORIENTED_EDGE('',*,*,#5715,.F.);
#5715 = EDGE_CURVE('',#1280,#5686,#5716,.T.);
#5716 = SURFACE_CURVE('',#5717,(#5722,#5729),.PCURVE_S1.);
#5717 = CIRCLE('',#5718,1.);
#5718 = AXIS2_PLACEMENT_3D('',#5719,#5720,#5721);
#5719 = CARTESIAN_POINT('',(9.,1.,20.));
#5720 = DIRECTION('',(0.,-0.,1.));
#5721 = DIRECTION('',(0.,1.,0.));
#5722 = PCURVE('',#1246,#5723);
#5723 = DEFINITIONAL_REPRESENTATION('',(#5724),#5728);
#5724 = CIRCLE('',#5725,1.);
#5725 = AXIS2_PLACEMENT_2D('',#5726,#5727);
#5726 = CARTESIAN_POINT('',(-1.,2.));
#5727 = DIRECTION('',(0.,1.));
#5728 = ( GEOMETRIC_REPRESENTATION_CONTEXT(2) 
PARAMETRIC_REPRESENTATION_CONTEXT() REPRESENTATION_CONTEXT('2D SPACE',''
  ) );
#5729 = PCURVE('',#1318,#5730);
#5730 = DEFINITIONAL_REPRESENTATION('',(#5731),#5735);
#5731 = LINE('',#5732,#5733);
#5732 = CARTESIAN_POINT('',(3.14159265359,-0.));
#5733 = VECTOR('',#5734,1.);
#5734 = DIRECTION('',(-1.,0.));
#5735 = ( GEOMETRIC_REPRESENTATION_CONTEXT(2) 
PARAMETRIC_REPRESENTATION_CONTEXT() REPRESENTATION_CONTEXT('2D SPACE',''
  ) );
#5736 = ORIENTED_EDGE('',*,*,#1279,.F.);
#5737 = ORIENTED_EDGE('',*,*,#1258,.T.);
#5738 = ORIENTED_EDGE('',*,*,#1228,.T.);
#5739 = ORIENTED_EDGE('',*,*,#5740,.T.);
#5740 = EDGE_CURVE('',#1231,#5741,#5743,.T.);
#5741 = VERTEX_POINT('',#5742);
#5742 = CARTESIAN_POINT('',(50.,1.,20.));
#5743 = SURFACE_CURVE('',#5744,(#5749,#5760),.PCURVE_S1.);
#5744 = CIRCLE('',#5745,1.);
#5745 = AXIS2_PLACEMENT_3D('',#5746,#5747,#5748);
#5746 = CARTESIAN_POINT('',(51.,1.,20.));
#5747 = DIRECTION('',(-0.,0.,-1.));
#5748 = DIRECTION('',(0.,1.,0.));
#5749 = PCURVE('',#1246,#5750);
#5750 = DEFINITIONAL_REPRESENTATION('',(#5751),#5759);
#5751 = ( BOUNDED_CURVE() B_SPLINE_CURVE(2,(#5752,#5753,#5754,#5755,
#5756,#5757,#5758),.UNSPECIFIED.,.T.,.F.) B_SPLINE_CURVE_WITH_KNOTS((1,2
    ,2,2,2,1),(-2.094395102393,0.,2.094395102393,4.188790204786,
6.28318530718,8.377580409573),.UNSPECIFIED.) CURVE() 
GEOMETRIC_REPRESENTATION_ITEM() RATIONAL_B_SPLINE_CURVE((1.,0.5,1.,0.5,
1.,0.5,1.)) REPRESENTATION_ITEM('') );
#5752 = CARTESIAN_POINT('',(41.,3.));
#5753 = CARTESIAN_POINT('',(42.732050807569,3.));
#5754 = CARTESIAN_POINT('',(41.866025403784,1.5));
#5755 = CARTESIAN_POINT('',(41.,2.22044604925E-16));
#5756 = CARTESIAN_POINT('',(40.133974596216,1.5));
#5757 = CARTESIAN_POINT('',(39.267949192431,3.));
#5758 = CARTESIAN_POINT('',(41.,3.));
#5759 = ( GEOMETRIC_REPRESENTATION_CONTEXT(2) 
PARAMETRIC_REPRESENTATION_CONTEXT() REPRESENTATION_CONTEXT('2D SPACE',''
  ) );
#5760 = PCURVE('',#1416,#5761);
#5761 = DEFINITIONAL_REPRESENTATION('',(#5762),#5766);
#5762 = LINE('',#5763,#5764);
#5763 = CARTESIAN_POINT('',(-3.14159265359,0.));
#5764 = VECTOR('',#5765,1.);
#5765 = DIRECTION('',(1.,0.));
#5766 = ( GEOMETRIC_REPRESENTATION_CONTEXT(2) 
PARAMETRIC_REPRESENTATION_CONTEXT() REPRESENTATION_CONTEXT('2D SPACE',''
  ) );
#5767 = ORIENTED_EDGE('',*,*,#5768,.T.);
#5768 = EDGE_CURVE('',#5741,#5769,#5771,.T.);
#5769 = VERTEX_POINT('',#5770);
#5770 = CARTESIAN_POINT('',(50.,1.5,20.));
#5771 = SURFACE_CURVE('',#5772,(#5776,#5783),.PCURVE_S1.);
#5772 = LINE('',#5773,#5774);
#5773 = CARTESIAN_POINT('',(50.,-1.,20.));
#5774 = VECTOR('',#5775,1.);
#5775 = DIRECTION('',(-0.,1.,0.));
#5776 = PCURVE('',#1246,#5777);
#5777 = DEFINITIONAL_REPRESENTATION('',(#5778),#5782);
#5778 = LINE('',#5779,#5780);
#5779 = CARTESIAN_POINT('',(40.,0.));
#5780 = VECTOR('',#5781,1.);
#5781 = DIRECTION('',(0.,1.));
#5782 = ( GEOMETRIC_REPRESENTATION_CONTEXT(2) 
PARAMETRIC_REPRESENTATION_CONTEXT() REPRESENTATION_CONTEXT('2D SPACE',''
  ) );
#5783 = PCURVE('',#5784,#5789);
#5784 = PLANE('',#5785);
#5785 = AXIS2_PLACEMENT_3D('',#5786,#5787,#5788);
#5786 = CARTESIAN_POINT('',(50.,-1.,18.));
#5787 = DIRECTION('',(1.,0.,-0.));
#5788 = DIRECTION('',(0.,0.,1.));
#5789 = DEFINITIONAL_REPRESENTATION('',(#5790),#5794);
#5790 = LINE('',#5791,#5792);
#5791 = CARTESIAN_POINT('',(2.,0.));
#5792 = VECTOR('',#5793,1.);
#5793 = DIRECTION('',(0.,-1.));
#5794 = ( GEOMETRIC_REPRESENTATION_CONTEXT(2) 
PARAMETRIC_REPRESENTATION_CONTEXT() REPRESENTATION_CONTEXT('2D SPACE',''
  ) );
#5795 = ORIENTED_EDGE('',*,*,#5796,.T.);
#5796 = EDGE_CURVE('',#5769,#5797,#5799,.T.);
#5797 = VERTEX_POINT('',#5798);
#5798 = CARTESIAN_POINT('',(51.,2.5,20.));
#5799 = SURFACE_CURVE('',#5800,(#5805,#5816),.PCURVE_S1.);
#5800 = CIRCLE('',#5801,1.);
#5801 = AXIS2_PLACEMENT_3D('',#5802,#5803,#5804);
#5802 = CARTESIAN_POINT('',(51.,1.5,20.));
#5803 = DIRECTION('',(-0.,0.,-1.));
#5804 = DIRECTION('',(0.,1.,0.));
#5805 = PCURVE('',#1246,#5806);
#5806 = DEFINITIONAL_REPRESENTATION('',(#5807),#5815);
#5807 = ( BOUNDED_CURVE() B_SPLINE_CURVE(2,(#5808,#5809,#5810,#5811,
#5812,#5813,#5814),.UNSPECIFIED.,.T.,.F.) B_SPLINE_CURVE_WITH_KNOTS((1,2
    ,2,2,2,1),(-2.094395102393,0.,2.094395102393,4.188790204786,
6.28318530718,8.377580409573),.UNSPECIFIED.) CURVE() 
GEOMETRIC_REPRESENTATION_ITEM() RATIONAL_B_SPLINE_CURVE((1.,0.5,1.,0.5,
1.,0.5,1.)) REPRESENTATION_ITEM('') );
#5808 = CARTESIAN_POINT('',(41.,3.5));
#5809 = CARTESIAN_POINT('',(42.732050807569,3.5));
#5810 = CARTESIAN_POINT('',(41.866025403784,2.));
#5811 = CARTESIAN_POINT('',(41.,0.5));
#5812 = CARTESIAN_POINT('',(40.133974596216,2.));
#5813 = CARTESIAN_POINT('',(39.267949192431,3.5));
#5814 = CARTESIAN_POINT('',(41.,3.5));
#5815 = ( GEOMETRIC_REPRESENTATION_CONTEXT(2) 
PARAMETRIC_REPRESENTATION_CONTEXT() REPRESENTATION_CONTEXT('2D SPACE',''
  ) );
#5816 = PCURVE('',#5817,#5822);
#5817 = CYLINDRICAL_SURFACE('',#5818,1.);
#5818 = AXIS2_PLACEMENT_3D('',#5819,#5820,#5821);
#5819 = CARTESIAN_POINT('',(51.,1.5,20.));
#5820 = DIRECTION('',(-0.,0.,-1.));
#5821 = DIRECTION('',(-1.,-0.,0.));
#5822 = DEFINITIONAL_REPRESENTATION('',(#5823),#5827);
#5823 = LINE('',#5824,#5825);
#5824 = CARTESIAN_POINT('',(-4.712388980385,0.));
#5825 = VECTOR('',#5826,1.);
#5826 = DIRECTION('',(1.,0.));
#5827 = ( GEOMETRIC_REPRESENTATION_CONTEXT(2) 
PARAMETRIC_REPRESENTATION_CONTEXT() REPRESENTATION_CONTEXT('2D SPACE',''
  ) );
#5828 = ORIENTED_EDGE('',*,*,#5829,.F.);
#5829 = EDGE_CURVE('',#5830,#5797,#5832,.T.);
#5830 = VERTEX_POINT('',#5831);
#5831 = CARTESIAN_POINT('',(50.,2.5,20.));
#5832 = SURFACE_CURVE('',#5833,(#5837,#5844),.PCURVE_S1.);
#5833 = LINE('',#5834,#5835);
#5834 = CARTESIAN_POINT('',(6.25,2.5,20.));
#5835 = VECTOR('',#5836,1.);
#5836 = DIRECTION('',(1.,0.,-0.));
#5837 = PCURVE('',#1246,#5838);
#5838 = DEFINITIONAL_REPRESENTATION('',(#5839),#5843);
#5839 = LINE('',#5840,#5841);
#5840 = CARTESIAN_POINT('',(-3.75,3.5));
#5841 = VECTOR('',#5842,1.);
#5842 = DIRECTION('',(1.,0.));
#5843 = ( GEOMETRIC_REPRESENTATION_CONTEXT(2) 
PARAMETRIC_REPRESENTATION_CONTEXT() REPRESENTATION_CONTEXT('2D SPACE',''
  ) );
#5844 = PCURVE('',#1787,#5845);
#5845 = DEFINITIONAL_REPRESENTATION('',(#5846),#5850);
#5846 = LINE('',#5847,#5848);
#5847 = CARTESIAN_POINT('',(17.5,3.75));
#5848 = VECTOR('',#5849,1.);
#5849 = DIRECTION('',(0.,1.));
#5850 = ( GEOMETRIC_REPRESENTATION_CONTEXT(2) 
PARAMETRIC_REPRESENTATION_CONTEXT() REPRESENTATION_CONTEXT('2D SPACE',''
  ) );
#5851 = ORIENTED_EDGE('',*,*,#5852,.F.);
#5852 = EDGE_CURVE('',#5853,#5830,#5855,.T.);
#5853 = VERTEX_POINT('',#5854);
#5854 = CARTESIAN_POINT('',(48.5,2.5,20.));
#5855 = SURFACE_CURVE('',#5856,(#5860,#5866),.PCURVE_S1.);
#5856 = LINE('',#5857,#5858);
#5857 = CARTESIAN_POINT('',(6.25,2.5,20.));
#5858 = VECTOR('',#5859,1.);
#5859 = DIRECTION('',(1.,0.,-0.));
#5860 = PCURVE('',#1246,#5861);
#5861 = DEFINITIONAL_REPRESENTATION('',(#5862),#5865);
#5862 = B_SPLINE_CURVE_WITH_KNOTS('',1,(#5863,#5864),.UNSPECIFIED.,.F.,
  .F.,(2,2),(41.25,43.75),.PIECEWISE_BEZIER_KNOTS.);
#5863 = CARTESIAN_POINT('',(37.5,3.5));
#5864 = CARTESIAN_POINT('',(40.,3.5));
#5865 = ( GEOMETRIC_REPRESENTATION_CONTEXT(2) 
PARAMETRIC_REPRESENTATION_CONTEXT() REPRESENTATION_CONTEXT('2D SPACE',''
  ) );
#5866 = PCURVE('',#1787,#5867);
#5867 = DEFINITIONAL_REPRESENTATION('',(#5868),#5871);
#5868 = B_SPLINE_CURVE_WITH_KNOTS('',1,(#5869,#5870),.UNSPECIFIED.,.F.,
  .F.,(2,2),(41.25,43.75),.PIECEWISE_BEZIER_KNOTS.);
#5869 = CARTESIAN_POINT('',(17.5,45.));
#5870 = CARTESIAN_POINT('',(17.5,47.5));
#5871 = ( GEOMETRIC_REPRESENTATION_CONTEXT(2) 
PARAMETRIC_REPRESENTATION_CONTEXT() REPRESENTATION_CONTEXT('2D SPACE',''
  ) );
#5872 = ORIENTED_EDGE('',*,*,#5873,.F.);
#5873 = EDGE_CURVE('',#5874,#5853,#5876,.T.);
#5874 = VERTEX_POINT('',#5875);
#5875 = CARTESIAN_POINT('',(47.5,3.5,20.));
#5876 = SURFACE_CURVE('',#5877,(#5882,#5889),.PCURVE_S1.);
#5877 = CIRCLE('',#5878,1.);
#5878 = AXIS2_PLACEMENT_3D('',#5879,#5880,#5881);
#5879 = CARTESIAN_POINT('',(48.5,3.5,20.));
#5880 = DIRECTION('',(0.,0.,1.));
#5881 = DIRECTION('',(0.,-1.,0.));
#5882 = PCURVE('',#1246,#5883);
#5883 = DEFINITIONAL_REPRESENTATION('',(#5884),#5888);
#5884 = CIRCLE('',#5885,1.);
#5885 = AXIS2_PLACEMENT_2D('',#5886,#5887);
#5886 = CARTESIAN_POINT('',(38.5,4.5));
#5887 = DIRECTION('',(0.,-1.));
#5888 = ( GEOMETRIC_REPRESENTATION_CONTEXT(2) 
PARAMETRIC_REPRESENTATION_CONTEXT() REPRESENTATION_CONTEXT('2D SPACE',''
  ) );
#5889 = PCURVE('',#5890,#5895);
#5890 = CYLINDRICAL_SURFACE('',#5891,1.);
#5891 = AXIS2_PLACEMENT_3D('',#5892,#5893,#5894);
#5892 = CARTESIAN_POINT('',(48.5,3.5,20.));
#5893 = DIRECTION('',(0.,0.,1.));
#5894 = DIRECTION('',(-1.,-0.,0.));
#5895 = DEFINITIONAL_REPRESENTATION('',(#5896),#5900);
#5896 = LINE('',#5897,#5898);
#5897 = CARTESIAN_POINT('',(-4.712388980385,0.));
#5898 = VECTOR('',#5899,1.);
#5899 = DIRECTION('',(1.,0.));
#5900 = ( GEOMETRIC_REPRESENTATION_CONTEXT(2) 
PARAMETRIC_REPRESENTATION_CONTEXT() REPRESENTATION_CONTEXT('2D SPACE',''
  ) );
#5901 = ORIENTED_EDGE('',*,*,#5902,.F.);
#5902 = EDGE_CURVE('',#5903,#5874,#5905,.T.);
#5903 = VERTEX_POINT('',#5904);
#5904 = CARTESIAN_POINT('',(47.5,4.,20.));
#5905 = SURFACE_CURVE('',#5906,(#5910,#5916),.PCURVE_S1.);
#5906 = LINE('',#5907,#5908);
#5907 = CARTESIAN_POINT('',(47.5,0.75,20.));
#5908 = VECTOR('',#5909,1.);
#5909 = DIRECTION('',(0.,-1.,0.));
#5910 = PCURVE('',#1246,#5911);
#5911 = DEFINITIONAL_REPRESENTATION('',(#5912),#5915);
#5912 = B_SPLINE_CURVE_WITH_KNOTS('',1,(#5913,#5914),.UNSPECIFIED.,.F.,
  .F.,(2,2),(-3.25,-1.75),.PIECEWISE_BEZIER_KNOTS.);
#5913 = CARTESIAN_POINT('',(37.5,5.));
#5914 = CARTESIAN_POINT('',(37.5,3.5));
#5915 = ( GEOMETRIC_REPRESENTATION_CONTEXT(2) 
PARAMETRIC_REPRESENTATION_CONTEXT() REPRESENTATION_CONTEXT('2D SPACE',''
  ) );
#5916 = PCURVE('',#1864,#5917);
#5917 = DEFINITIONAL_REPRESENTATION('',(#5918),#5921);
#5918 = B_SPLINE_CURVE_WITH_KNOTS('',1,(#5919,#5920),.UNSPECIFIED.,.F.,
  .F.,(2,2),(-3.25,-1.75),.PIECEWISE_BEZIER_KNOTS.);
#5919 = CARTESIAN_POINT('',(17.5,-1.5));
#5920 = CARTESIAN_POINT('',(17.5,0.));
#5921 = ( GEOMETRIC_REPRESENTATION_CONTEXT(2) 
PARAMETRIC_REPRESENTATION_CONTEXT() REPRESENTATION_CONTEXT('2D SPACE',''
  ) );
#5922 = ORIENTED_EDGE('',*,*,#5923,.T.);
#5923 = EDGE_CURVE('',#5903,#5924,#5926,.T.);
#5924 = VERTEX_POINT('',#5925);
#5925 = CARTESIAN_POINT('',(47.5,5.,20.));
#5926 = SURFACE_CURVE('',#5927,(#5931,#5938),.PCURVE_S1.);
#5927 = LINE('',#5928,#5929);
#5928 = CARTESIAN_POINT('',(47.5,0.75,20.));
#5929 = VECTOR('',#5930,1.);
#5930 = DIRECTION('',(-0.,1.,-0.));
#5931 = PCURVE('',#1246,#5932);
#5932 = DEFINITIONAL_REPRESENTATION('',(#5933),#5937);
#5933 = LINE('',#5934,#5935);
#5934 = CARTESIAN_POINT('',(37.5,1.75));
#5935 = VECTOR('',#5936,1.);
#5936 = DIRECTION('',(0.,1.));
#5937 = ( GEOMETRIC_REPRESENTATION_CONTEXT(2) 
PARAMETRIC_REPRESENTATION_CONTEXT() REPRESENTATION_CONTEXT('2D SPACE',''
  ) );
#5938 = PCURVE('',#1864,#5939);
#5939 = DEFINITIONAL_REPRESENTATION('',(#5940),#5944);
#5940 = LINE('',#5941,#5942);
#5941 = CARTESIAN_POINT('',(17.5,1.75));
#5942 = VECTOR('',#5943,1.);
#5943 = DIRECTION('',(0.,-1.));
#5944 = ( GEOMETRIC_REPRESENTATION_CONTEXT(2) 
PARAMETRIC_REPRESENTATION_CONTEXT() REPRESENTATION_CONTEXT('2D SPACE',''
  ) );
#5945 = ORIENTED_EDGE('',*,*,#5946,.T.);
#5946 = EDGE_CURVE('',#5924,#5947,#5949,.T.);
#5947 = VERTEX_POINT('',#5948);
#5948 = CARTESIAN_POINT('',(46.5,4.,20.));
#5949 = SURFACE_CURVE('',#5950,(#5955,#5966),.PCURVE_S1.);
#5950 = CIRCLE('',#5951,1.);
#5951 = AXIS2_PLACEMENT_3D('',#5952,#5953,#5954);
#5952 = CARTESIAN_POINT('',(46.5,5.,20.));
#5953 = DIRECTION('',(-0.,-0.,-1.));
#5954 = DIRECTION('',(0.,-1.,0.));
#5955 = PCURVE('',#1246,#5956);
#5956 = DEFINITIONAL_REPRESENTATION('',(#5957),#5965);
#5957 = ( BOUNDED_CURVE() B_SPLINE_CURVE(2,(#5958,#5959,#5960,#5961,
#5962,#5963,#5964),.UNSPECIFIED.,.T.,.F.) B_SPLINE_CURVE_WITH_KNOTS((1,2
    ,2,2,2,1),(-2.094395102393,0.,2.094395102393,4.188790204786,
6.28318530718,8.377580409573),.UNSPECIFIED.) CURVE() 
GEOMETRIC_REPRESENTATION_ITEM() RATIONAL_B_SPLINE_CURVE((1.,0.5,1.,0.5,
1.,0.5,1.)) REPRESENTATION_ITEM('') );
#5958 = CARTESIAN_POINT('',(36.5,5.));
#5959 = CARTESIAN_POINT('',(34.767949192431,5.));
#5960 = CARTESIAN_POINT('',(35.633974596216,6.5));
#5961 = CARTESIAN_POINT('',(36.5,8.));
#5962 = CARTESIAN_POINT('',(37.366025403784,6.5));
#5963 = CARTESIAN_POINT('',(38.232050807569,5.));
#5964 = CARTESIAN_POINT('',(36.5,5.));
#5965 = ( GEOMETRIC_REPRESENTATION_CONTEXT(2) 
PARAMETRIC_REPRESENTATION_CONTEXT() REPRESENTATION_CONTEXT('2D SPACE',''
  ) );
#5966 = PCURVE('',#5967,#5972);
#5967 = CYLINDRICAL_SURFACE('',#5968,1.);
#5968 = AXIS2_PLACEMENT_3D('',#5969,#5970,#5971);
#5969 = CARTESIAN_POINT('',(46.5,5.,18.));
#5970 = DIRECTION('',(0.,0.,1.));
#5971 = DIRECTION('',(1.,0.,-0.));
#5972 = DEFINITIONAL_REPRESENTATION('',(#5973),#5977);
#5973 = LINE('',#5974,#5975);
#5974 = CARTESIAN_POINT('',(4.712388980385,2.));
#5975 = VECTOR('',#5976,1.);
#5976 = DIRECTION('',(-1.,0.));
#5977 = ( GEOMETRIC_REPRESENTATION_CONTEXT(2) 
PARAMETRIC_REPRESENTATION_CONTEXT() REPRESENTATION_CONTEXT('2D SPACE',''
  ) );
#5978 = ORIENTED_EDGE('',*,*,#5979,.F.);
#5979 = EDGE_CURVE('',#5980,#5947,#5982,.T.);
#5980 = VERTEX_POINT('',#5981);
#5981 = CARTESIAN_POINT('',(46.,4.,20.));
#5982 = SURFACE_CURVE('',#5983,(#5987,#5994),.PCURVE_S1.);
#5983 = LINE('',#5984,#5985);
#5984 = CARTESIAN_POINT('',(10.,4.,20.));
#5985 = VECTOR('',#5986,1.);
#5986 = DIRECTION('',(1.,0.,-0.));
#5987 = PCURVE('',#1246,#5988);
#5988 = DEFINITIONAL_REPRESENTATION('',(#5989),#5993);
#5989 = LINE('',#5990,#5991);
#5990 = CARTESIAN_POINT('',(0.,5.));
#5991 = VECTOR('',#5992,1.);
#5992 = DIRECTION('',(1.,0.));
#5993 = ( GEOMETRIC_REPRESENTATION_CONTEXT(2) 
PARAMETRIC_REPRESENTATION_CONTEXT() REPRESENTATION_CONTEXT('2D SPACE',''
  ) );
#5994 = PCURVE('',#5995,#6000);
#5995 = PLANE('',#5996);
#5996 = AXIS2_PLACEMENT_3D('',#5997,#5998,#5999);
#5997 = CARTESIAN_POINT('',(10.,4.,18.));
#5998 = DIRECTION('',(-0.,1.,0.));
#5999 = DIRECTION('',(0.,0.,1.));
#6000 = DEFINITIONAL_REPRESENTATION('',(#6001),#6005);
#6001 = LINE('',#6002,#6003);
#6002 = CARTESIAN_POINT('',(2.,0.));
#6003 = VECTOR('',#6004,1.);
#6004 = DIRECTION('',(0.,1.));
#6005 = ( GEOMETRIC_REPRESENTATION_CONTEXT(2) 
PARAMETRIC_REPRESENTATION_CONTEXT() REPRESENTATION_CONTEXT('2D SPACE',''
  ) );
#6006 = ORIENTED_EDGE('',*,*,#6007,.F.);
#6007 = EDGE_CURVE('',#6008,#5980,#6010,.T.);
#6008 = VERTEX_POINT('',#6009);
#6009 = CARTESIAN_POINT('',(45.,5.,20.));
#6010 = SURFACE_CURVE('',#6011,(#6016,#6023),.PCURVE_S1.);
#6011 = CIRCLE('',#6012,1.);
#6012 = AXIS2_PLACEMENT_3D('',#6013,#6014,#6015);
#6013 = CARTESIAN_POINT('',(46.,5.,20.));
#6014 = DIRECTION('',(0.,0.,1.));
#6015 = DIRECTION('',(0.,-1.,0.));
#6016 = PCURVE('',#1246,#6017);
#6017 = DEFINITIONAL_REPRESENTATION('',(#6018),#6022);
#6018 = CIRCLE('',#6019,1.);
#6019 = AXIS2_PLACEMENT_2D('',#6020,#6021);
#6020 = CARTESIAN_POINT('',(36.,6.));
#6021 = DIRECTION('',(0.,-1.));
#6022 = ( GEOMETRIC_REPRESENTATION_CONTEXT(2) 
PARAMETRIC_REPRESENTATION_CONTEXT() REPRESENTATION_CONTEXT('2D SPACE',''
  ) );
#6023 = PCURVE('',#6024,#6029);
#6024 = CYLINDRICAL_SURFACE('',#6025,1.);
#6025 = AXIS2_PLACEMENT_3D('',#6026,#6027,#6028);
#6026 = CARTESIAN_POINT('',(46.,5.,18.));
#6027 = DIRECTION('',(0.,0.,1.));
#6028 = DIRECTION('',(-1.,-0.,0.));
#6029 = DEFINITIONAL_REPRESENTATION('',(#6030),#6034);
#6030 = LINE('',#6031,#6032);
#6031 = CARTESIAN_POINT('',(-4.712388980385,2.));
#6032 = VECTOR('',#6033,1.);
#6033 = DIRECTION('',(1.,0.));
#6034 = ( GEOMETRIC_REPRESENTATION_CONTEXT(2) 
PARAMETRIC_REPRESENTATION_CONTEXT() REPRESENTATION_CONTEXT('2D SPACE',''
  ) );
#6035 = ORIENTED_EDGE('',*,*,#6036,.F.);
#6036 = EDGE_CURVE('',#6037,#6008,#6039,.T.);
#6037 = VERTEX_POINT('',#6038);
#6038 = CARTESIAN_POINT('',(45.,4.,20.));
#6039 = SURFACE_CURVE('',#6040,(#6044,#6051),.PCURVE_S1.);
#6040 = LINE('',#6041,#6042);
#6041 = CARTESIAN_POINT('',(45.,0.75,20.));
#6042 = VECTOR('',#6043,1.);
#6043 = DIRECTION('',(-0.,1.,-0.));
#6044 = PCURVE('',#1246,#6045);
#6045 = DEFINITIONAL_REPRESENTATION('',(#6046),#6050);
#6046 = LINE('',#6047,#6048);
#6047 = CARTESIAN_POINT('',(35.,1.75));
#6048 = VECTOR('',#6049,1.);
#6049 = DIRECTION('',(0.,1.));
#6050 = ( GEOMETRIC_REPRESENTATION_CONTEXT(2) 
PARAMETRIC_REPRESENTATION_CONTEXT() REPRESENTATION_CONTEXT('2D SPACE',''
  ) );
#6051 = PCURVE('',#2000,#6052);
#6052 = DEFINITIONAL_REPRESENTATION('',(#6053),#6057);
#6053 = LINE('',#6054,#6055);
#6054 = CARTESIAN_POINT('',(17.5,1.75));
#6055 = VECTOR('',#6056,1.);
#6056 = DIRECTION('',(0.,-1.));
#6057 = ( GEOMETRIC_REPRESENTATION_CONTEXT(2) 
PARAMETRIC_REPRESENTATION_CONTEXT() REPRESENTATION_CONTEXT('2D SPACE',''
  ) );
#6058 = ORIENTED_EDGE('',*,*,#6059,.T.);
#6059 = EDGE_CURVE('',#6037,#6060,#6062,.T.);
#6060 = VERTEX_POINT('',#6061);
#6061 = CARTESIAN_POINT('',(45.,3.5,20.));
#6062 = SURFACE_CURVE('',#6063,(#6067,#6073),.PCURVE_S1.);
#6063 = LINE('',#6064,#6065);
#6064 = CARTESIAN_POINT('',(45.,0.75,20.));
#6065 = VECTOR('',#6066,1.);
#6066 = DIRECTION('',(0.,-1.,0.));
#6067 = PCURVE('',#1246,#6068);
#6068 = DEFINITIONAL_REPRESENTATION('',(#6069),#6072);
#6069 = B_SPLINE_CURVE_WITH_KNOTS('',1,(#6070,#6071),.UNSPECIFIED.,.F.,
  .F.,(2,2),(-3.25,-1.75),.PIECEWISE_BEZIER_KNOTS.);
#6070 = CARTESIAN_POINT('',(35.,5.));
#6071 = CARTESIAN_POINT('',(35.,3.5));
#6072 = ( GEOMETRIC_REPRESENTATION_CONTEXT(2) 
PARAMETRIC_REPRESENTATION_CONTEXT() REPRESENTATION_CONTEXT('2D SPACE',''
  ) );
#6073 = PCURVE('',#2000,#6074);
#6074 = DEFINITIONAL_REPRESENTATION('',(#6075),#6078);
#6075 = B_SPLINE_CURVE_WITH_KNOTS('',1,(#6076,#6077),.UNSPECIFIED.,.F.,
  .F.,(2,2),(-3.25,-1.75),.PIECEWISE_BEZIER_KNOTS.);
#6076 = CARTESIAN_POINT('',(17.5,-1.5));
#6077 = CARTESIAN_POINT('',(17.5,0.));
#6078 = ( GEOMETRIC_REPRESENTATION_CONTEXT(2) 
PARAMETRIC_REPRESENTATION_CONTEXT() REPRESENTATION_CONTEXT('2D SPACE',''
  ) );
#6079 = ORIENTED_EDGE('',*,*,#6080,.T.);
#6080 = EDGE_CURVE('',#6060,#6081,#6083,.T.);
#6081 = VERTEX_POINT('',#6082);
#6082 = CARTESIAN_POINT('',(44.,2.5,20.));
#6083 = SURFACE_CURVE('',#6084,(#6089,#6100),.PCURVE_S1.);
#6084 = CIRCLE('',#6085,1.);
#6085 = AXIS2_PLACEMENT_3D('',#6086,#6087,#6088);
#6086 = CARTESIAN_POINT('',(44.,3.5,20.));
#6087 = DIRECTION('',(-0.,-0.,-1.));
#6088 = DIRECTION('',(0.,-1.,0.));
#6089 = PCURVE('',#1246,#6090);
#6090 = DEFINITIONAL_REPRESENTATION('',(#6091),#6099);
#6091 = ( BOUNDED_CURVE() B_SPLINE_CURVE(2,(#6092,#6093,#6094,#6095,
#6096,#6097,#6098),.UNSPECIFIED.,.T.,.F.) B_SPLINE_CURVE_WITH_KNOTS((1,2
    ,2,2,2,1),(-2.094395102393,0.,2.094395102393,4.188790204786,
6.28318530718,8.377580409573),.UNSPECIFIED.) CURVE() 
GEOMETRIC_REPRESENTATION_ITEM() RATIONAL_B_SPLINE_CURVE((1.,0.5,1.,0.5,
1.,0.5,1.)) REPRESENTATION_ITEM('') );
#6092 = CARTESIAN_POINT('',(34.,3.5));
#6093 = CARTESIAN_POINT('',(32.267949192431,3.5));
#6094 = CARTESIAN_POINT('',(33.133974596216,5.));
#6095 = CARTESIAN_POINT('',(34.,6.5));
#6096 = CARTESIAN_POINT('',(34.866025403784,5.));
#6097 = CARTESIAN_POINT('',(35.732050807569,3.5));
#6098 = CARTESIAN_POINT('',(34.,3.5));
#6099 = ( GEOMETRIC_REPRESENTATION_CONTEXT(2) 
PARAMETRIC_REPRESENTATION_CONTEXT() REPRESENTATION_CONTEXT('2D SPACE',''
  ) );
#6100 = PCURVE('',#6101,#6106);
#6101 = CYLINDRICAL_SURFACE('',#6102,1.);
#6102 = AXIS2_PLACEMENT_3D('',#6103,#6104,#6105);
#6103 = CARTESIAN_POINT('',(44.,3.5,20.));
#6104 = DIRECTION('',(0.,0.,1.));
#6105 = DIRECTION('',(1.,0.,-0.));
#6106 = DEFINITIONAL_REPRESENTATION('',(#6107),#6111);
#6107 = LINE('',#6108,#6109);
#6108 = CARTESIAN_POINT('',(4.712388980385,-0.));
#6109 = VECTOR('',#6110,1.);
#6110 = DIRECTION('',(-1.,0.));
#6111 = ( GEOMETRIC_REPRESENTATION_CONTEXT(2) 
PARAMETRIC_REPRESENTATION_CONTEXT() REPRESENTATION_CONTEXT('2D SPACE',''
  ) );
#6112 = ORIENTED_EDGE('',*,*,#6113,.F.);
#6113 = EDGE_CURVE('',#6114,#6081,#6116,.T.);
#6114 = VERTEX_POINT('',#6115);
#6115 = CARTESIAN_POINT('',(33.5,2.5,20.));
#6116 = SURFACE_CURVE('',#6117,(#6121,#6127),.PCURVE_S1.);
#6117 = LINE('',#6118,#6119);
#6118 = CARTESIAN_POINT('',(6.25,2.5,20.));
#6119 = VECTOR('',#6120,1.);
#6120 = DIRECTION('',(1.,0.,-0.));
#6121 = PCURVE('',#1246,#6122);
#6122 = DEFINITIONAL_REPRESENTATION('',(#6123),#6126);
#6123 = B_SPLINE_CURVE_WITH_KNOTS('',1,(#6124,#6125),.UNSPECIFIED.,.F.,
  .F.,(2,2),(26.25,38.75),.PIECEWISE_BEZIER_KNOTS.);
#6124 = CARTESIAN_POINT('',(22.5,3.5));
#6125 = CARTESIAN_POINT('',(35.,3.5));
#6126 = ( GEOMETRIC_REPRESENTATION_CONTEXT(2) 
PARAMETRIC_REPRESENTATION_CONTEXT() REPRESENTATION_CONTEXT('2D SPACE',''
  ) );
#6127 = PCURVE('',#6128,#6133);
#6128 = PLANE('',#6129);
#6129 = AXIS2_PLACEMENT_3D('',#6130,#6131,#6132);
#6130 = CARTESIAN_POINT('',(2.5,2.5,2.5));
#6131 = DIRECTION('',(-0.,1.,0.));
#6132 = DIRECTION('',(0.,0.,1.));
#6133 = DEFINITIONAL_REPRESENTATION('',(#6134),#6137);
#6134 = B_SPLINE_CURVE_WITH_KNOTS('',1,(#6135,#6136),.UNSPECIFIED.,.F.,
  .F.,(2,2),(26.25,38.75),.PIECEWISE_BEZIER_KNOTS.);
#6135 = CARTESIAN_POINT('',(17.5,30.));
#6136 = CARTESIAN_POINT('',(17.5,42.5));
#6137 = ( GEOMETRIC_REPRESENTATION_CONTEXT(2) 
PARAMETRIC_REPRESENTATION_CONTEXT() REPRESENTATION_CONTEXT('2D SPACE',''
  ) );
#6138 = ORIENTED_EDGE('',*,*,#6139,.F.);
#6139 = EDGE_CURVE('',#6140,#6114,#6142,.T.);
#6140 = VERTEX_POINT('',#6141);
#6141 = CARTESIAN_POINT('',(32.5,3.5,20.));
#6142 = SURFACE_CURVE('',#6143,(#6148,#6155),.PCURVE_S1.);
#6143 = CIRCLE('',#6144,1.);
#6144 = AXIS2_PLACEMENT_3D('',#6145,#6146,#6147);
#6145 = CARTESIAN_POINT('',(33.5,3.5,20.));
#6146 = DIRECTION('',(0.,0.,1.));
#6147 = DIRECTION('',(0.,-1.,0.));
#6148 = PCURVE('',#1246,#6149);
#6149 = DEFINITIONAL_REPRESENTATION('',(#6150),#6154);
#6150 = CIRCLE('',#6151,1.);
#6151 = AXIS2_PLACEMENT_2D('',#6152,#6153);
#6152 = CARTESIAN_POINT('',(23.5,4.5));
#6153 = DIRECTION('',(0.,-1.));
#6154 = ( GEOMETRIC_REPRESENTATION_CONTEXT(2) 
PARAMETRIC_REPRESENTATION_CONTEXT() REPRESENTATION_CONTEXT('2D SPACE',''
  ) );
#6155 = PCURVE('',#6156,#6161);
#6156 = CYLINDRICAL_SURFACE('',#6157,1.);
#6157 = AXIS2_PLACEMENT_3D('',#6158,#6159,#6160);
#6158 = CARTESIAN_POINT('',(33.5,3.5,20.));
#6159 = DIRECTION('',(0.,0.,1.));
#6160 = DIRECTION('',(-1.,-0.,0.));
#6161 = DEFINITIONAL_REPRESENTATION('',(#6162),#6166);
#6162 = LINE('',#6163,#6164);
#6163 = CARTESIAN_POINT('',(-4.712388980385,0.));
#6164 = VECTOR('',#6165,1.);
#6165 = DIRECTION('',(1.,0.));
#6166 = ( GEOMETRIC_REPRESENTATION_CONTEXT(2) 
PARAMETRIC_REPRESENTATION_CONTEXT() REPRESENTATION_CONTEXT('2D SPACE',''
  ) );
#6167 = ORIENTED_EDGE('',*,*,#6168,.F.);
#6168 = EDGE_CURVE('',#6169,#6140,#6171,.T.);
#6169 = VERTEX_POINT('',#6170);
#6170 = CARTESIAN_POINT('',(32.5,4.,20.));
#6171 = SURFACE_CURVE('',#6172,(#6176,#6182),.PCURVE_S1.);
#6172 = LINE('',#6173,#6174);
#6173 = CARTESIAN_POINT('',(32.5,0.75,20.));
#6174 = VECTOR('',#6175,1.);
#6175 = DIRECTION('',(0.,-1.,0.));
#6176 = PCURVE('',#1246,#6177);
#6177 = DEFINITIONAL_REPRESENTATION('',(#6178),#6181);
#6178 = B_SPLINE_CURVE_WITH_KNOTS('',1,(#6179,#6180),.UNSPECIFIED.,.F.,
  .F.,(2,2),(-3.25,-1.75),.PIECEWISE_BEZIER_KNOTS.);
#6179 = CARTESIAN_POINT('',(22.5,5.));
#6180 = CARTESIAN_POINT('',(22.5,3.5));
#6181 = ( GEOMETRIC_REPRESENTATION_CONTEXT(2) 
PARAMETRIC_REPRESENTATION_CONTEXT() REPRESENTATION_CONTEXT('2D SPACE',''
  ) );
#6182 = PCURVE('',#2132,#6183);
#6183 = DEFINITIONAL_REPRESENTATION('',(#6184),#6187);
#6184 = B_SPLINE_CURVE_WITH_KNOTS('',1,(#6185,#6186),.UNSPECIFIED.,.F.,
  .F.,(2,2),(-3.25,-1.75),.PIECEWISE_BEZIER_KNOTS.);
#6185 = CARTESIAN_POINT('',(17.5,-1.5));
#6186 = CARTESIAN_POINT('',(17.5,0.));
#6187 = ( GEOMETRIC_REPRESENTATION_CONTEXT(2) 
PARAMETRIC_REPRESENTATION_CONTEXT() REPRESENTATION_CONTEXT('2D SPACE',''
  ) );
#6188 = ORIENTED_EDGE('',*,*,#6189,.T.);
#6189 = EDGE_CURVE('',#6169,#6190,#6192,.T.);
#6190 = VERTEX_POINT('',#6191);
#6191 = CARTESIAN_POINT('',(32.5,5.,20.));
#6192 = SURFACE_CURVE('',#6193,(#6197,#6204),.PCURVE_S1.);
#6193 = LINE('',#6194,#6195);
#6194 = CARTESIAN_POINT('',(32.5,0.75,20.));
#6195 = VECTOR('',#6196,1.);
#6196 = DIRECTION('',(-0.,1.,-0.));
#6197 = PCURVE('',#1246,#6198);
#6198 = DEFINITIONAL_REPRESENTATION('',(#6199),#6203);
#6199 = LINE('',#6200,#6201);
#6200 = CARTESIAN_POINT('',(22.5,1.75));
#6201 = VECTOR('',#6202,1.);
#6202 = DIRECTION('',(0.,1.));
#6203 = ( GEOMETRIC_REPRESENTATION_CONTEXT(2) 
PARAMETRIC_REPRESENTATION_CONTEXT() REPRESENTATION_CONTEXT('2D SPACE',''
  ) );
#6204 = PCURVE('',#2132,#6205);
#6205 = DEFINITIONAL_REPRESENTATION('',(#6206),#6210);
#6206 = LINE('',#6207,#6208);
#6207 = CARTESIAN_POINT('',(17.5,1.75));
#6208 = VECTOR('',#6209,1.);
#6209 = DIRECTION('',(0.,-1.));
#6210 = ( GEOMETRIC_REPRESENTATION_CONTEXT(2) 
PARAMETRIC_REPRESENTATION_CONTEXT() REPRESENTATION_CONTEXT('2D SPACE',''
  ) );
#6211 = ORIENTED_EDGE('',*,*,#6212,.T.);
#6212 = EDGE_CURVE('',#6190,#6213,#6215,.T.);
#6213 = VERTEX_POINT('',#6214);
#6214 = CARTESIAN_POINT('',(31.5,4.,20.));
#6215 = SURFACE_CURVE('',#6216,(#6221,#6232),.PCURVE_S1.);
#6216 = CIRCLE('',#6217,1.);
#6217 = AXIS2_PLACEMENT_3D('',#6218,#6219,#6220);
#6218 = CARTESIAN_POINT('',(31.5,5.,20.));
#6219 = DIRECTION('',(-0.,-0.,-1.));
#6220 = DIRECTION('',(0.,-1.,0.));
#6221 = PCURVE('',#1246,#6222);
#6222 = DEFINITIONAL_REPRESENTATION('',(#6223),#6231);
#6223 = ( BOUNDED_CURVE() B_SPLINE_CURVE(2,(#6224,#6225,#6226,#6227,
#6228,#6229,#6230),.UNSPECIFIED.,.T.,.F.) B_SPLINE_CURVE_WITH_KNOTS((1,2
    ,2,2,2,1),(-2.094395102393,0.,2.094395102393,4.188790204786,
6.28318530718,8.377580409573),.UNSPECIFIED.) CURVE() 
GEOMETRIC_REPRESENTATION_ITEM() RATIONAL_B_SPLINE_CURVE((1.,0.5,1.,0.5,
1.,0.5,1.)) REPRESENTATION_ITEM('') );
#6224 = CARTESIAN_POINT('',(21.5,5.));
#6225 = CARTESIAN_POINT('',(19.767949192431,5.));
#6226 = CARTESIAN_POINT('',(20.633974596216,6.5));
#6227 = CARTESIAN_POINT('',(21.5,8.));
#6228 = CARTESIAN_POINT('',(22.366025403784,6.5));
#6229 = CARTESIAN_POINT('',(23.232050807569,5.));
#6230 = CARTESIAN_POINT('',(21.5,5.));
#6231 = ( GEOMETRIC_REPRESENTATION_CONTEXT(2) 
PARAMETRIC_REPRESENTATION_CONTEXT() REPRESENTATION_CONTEXT('2D SPACE',''
  ) );
#6232 = PCURVE('',#6233,#6238);
#6233 = CYLINDRICAL_SURFACE('',#6234,1.);
#6234 = AXIS2_PLACEMENT_3D('',#6235,#6236,#6237);
#6235 = CARTESIAN_POINT('',(31.5,5.,18.));
#6236 = DIRECTION('',(0.,0.,1.));
#6237 = DIRECTION('',(1.,0.,-0.));
#6238 = DEFINITIONAL_REPRESENTATION('',(#6239),#6243);
#6239 = LINE('',#6240,#6241);
#6240 = CARTESIAN_POINT('',(4.712388980385,2.));
#6241 = VECTOR('',#6242,1.);
#6242 = DIRECTION('',(-1.,0.));
#6243 = ( GEOMETRIC_REPRESENTATION_CONTEXT(2) 
PARAMETRIC_REPRESENTATION_CONTEXT() REPRESENTATION_CONTEXT('2D SPACE',''
  ) );
#6244 = ORIENTED_EDGE('',*,*,#6245,.F.);
#6245 = EDGE_CURVE('',#6246,#6213,#6248,.T.);
#6246 = VERTEX_POINT('',#6247);
#6247 = CARTESIAN_POINT('',(31.,4.,20.));
#6248 = SURFACE_CURVE('',#6249,(#6253,#6260),.PCURVE_S1.);
#6249 = LINE('',#6250,#6251);
#6250 = CARTESIAN_POINT('',(10.,4.,20.));
#6251 = VECTOR('',#6252,1.);
#6252 = DIRECTION('',(1.,0.,-0.));
#6253 = PCURVE('',#1246,#6254);
#6254 = DEFINITIONAL_REPRESENTATION('',(#6255),#6259);
#6255 = LINE('',#6256,#6257);
#6256 = CARTESIAN_POINT('',(0.,5.));
#6257 = VECTOR('',#6258,1.);
#6258 = DIRECTION('',(1.,0.));
#6259 = ( GEOMETRIC_REPRESENTATION_CONTEXT(2) 
PARAMETRIC_REPRESENTATION_CONTEXT() REPRESENTATION_CONTEXT('2D SPACE',''
  ) );
#6260 = PCURVE('',#6261,#6266);
#6261 = PLANE('',#6262);
#6262 = AXIS2_PLACEMENT_3D('',#6263,#6264,#6265);
#6263 = CARTESIAN_POINT('',(10.,4.,18.));
#6264 = DIRECTION('',(-0.,1.,0.));
#6265 = DIRECTION('',(0.,0.,1.));
#6266 = DEFINITIONAL_REPRESENTATION('',(#6267),#6271);
#6267 = LINE('',#6268,#6269);
#6268 = CARTESIAN_POINT('',(2.,0.));
#6269 = VECTOR('',#6270,1.);
#6270 = DIRECTION('',(0.,1.));
#6271 = ( GEOMETRIC_REPRESENTATION_CONTEXT(2) 
PARAMETRIC_REPRESENTATION_CONTEXT() REPRESENTATION_CONTEXT('2D SPACE',''
  ) );
#6272 = ORIENTED_EDGE('',*,*,#6273,.F.);
#6273 = EDGE_CURVE('',#6274,#6246,#6276,.T.);
#6274 = VERTEX_POINT('',#6275);
#6275 = CARTESIAN_POINT('',(30.,5.,20.));
#6276 = SURFACE_CURVE('',#6277,(#6282,#6289),.PCURVE_S1.);
#6277 = CIRCLE('',#6278,1.);
#6278 = AXIS2_PLACEMENT_3D('',#6279,#6280,#6281);
#6279 = CARTESIAN_POINT('',(31.,5.,20.));
#6280 = DIRECTION('',(0.,0.,1.));
#6281 = DIRECTION('',(0.,-1.,0.));
#6282 = PCURVE('',#1246,#6283);
#6283 = DEFINITIONAL_REPRESENTATION('',(#6284),#6288);
#6284 = CIRCLE('',#6285,1.);
#6285 = AXIS2_PLACEMENT_2D('',#6286,#6287);
#6286 = CARTESIAN_POINT('',(21.,6.));
#6287 = DIRECTION('',(0.,-1.));
#6288 = ( GEOMETRIC_REPRESENTATION_CONTEXT(2) 
PARAMETRIC_REPRESENTATION_CONTEXT() REPRESENTATION_CONTEXT('2D SPACE',''
  ) );
#6289 = PCURVE('',#6290,#6295);
#6290 = CYLINDRICAL_SURFACE('',#6291,1.);
#6291 = AXIS2_PLACEMENT_3D('',#6292,#6293,#6294);
#6292 = CARTESIAN_POINT('',(31.,5.,18.));
#6293 = DIRECTION('',(0.,0.,1.));
#6294 = DIRECTION('',(-1.,-0.,0.));
#6295 = DEFINITIONAL_REPRESENTATION('',(#6296),#6300);
#6296 = LINE('',#6297,#6298);
#6297 = CARTESIAN_POINT('',(-4.712388980385,2.));
#6298 = VECTOR('',#6299,1.);
#6299 = DIRECTION('',(1.,0.));
#6300 = ( GEOMETRIC_REPRESENTATION_CONTEXT(2) 
PARAMETRIC_REPRESENTATION_CONTEXT() REPRESENTATION_CONTEXT('2D SPACE',''
  ) );
#6301 = ORIENTED_EDGE('',*,*,#6302,.F.);
#6302 = EDGE_CURVE('',#6303,#6274,#6305,.T.);
#6303 = VERTEX_POINT('',#6304);
#6304 = CARTESIAN_POINT('',(30.,4.,20.));
#6305 = SURFACE_CURVE('',#6306,(#6310,#6317),.PCURVE_S1.);
#6306 = LINE('',#6307,#6308);
#6307 = CARTESIAN_POINT('',(30.,0.75,20.));
#6308 = VECTOR('',#6309,1.);
#6309 = DIRECTION('',(-0.,1.,-0.));
#6310 = PCURVE('',#1246,#6311);
#6311 = DEFINITIONAL_REPRESENTATION('',(#6312),#6316);
#6312 = LINE('',#6313,#6314);
#6313 = CARTESIAN_POINT('',(20.,1.75));
#6314 = VECTOR('',#6315,1.);
#6315 = DIRECTION('',(0.,1.));
#6316 = ( GEOMETRIC_REPRESENTATION_CONTEXT(2) 
PARAMETRIC_REPRESENTATION_CONTEXT() REPRESENTATION_CONTEXT('2D SPACE',''
  ) );
#6317 = PCURVE('',#2268,#6318);
#6318 = DEFINITIONAL_REPRESENTATION('',(#6319),#6323);
#6319 = LINE('',#6320,#6321);
#6320 = CARTESIAN_POINT('',(17.5,1.75));
#6321 = VECTOR('',#6322,1.);
#6322 = DIRECTION('',(0.,-1.));
#6323 = ( GEOMETRIC_REPRESENTATION_CONTEXT(2) 
PARAMETRIC_REPRESENTATION_CONTEXT() REPRESENTATION_CONTEXT('2D SPACE',''
  ) );
#6324 = ORIENTED_EDGE('',*,*,#6325,.T.);
#6325 = EDGE_CURVE('',#6303,#6326,#6328,.T.);
#6326 = VERTEX_POINT('',#6327);
#6327 = CARTESIAN_POINT('',(30.,3.5,20.));
#6328 = SURFACE_CURVE('',#6329,(#6333,#6339),.PCURVE_S1.);
#6329 = LINE('',#6330,#6331);
#6330 = CARTESIAN_POINT('',(30.,0.75,20.));
#6331 = VECTOR('',#6332,1.);
#6332 = DIRECTION('',(0.,-1.,0.));
#6333 = PCURVE('',#1246,#6334);
#6334 = DEFINITIONAL_REPRESENTATION('',(#6335),#6338);
#6335 = B_SPLINE_CURVE_WITH_KNOTS('',1,(#6336,#6337),.UNSPECIFIED.,.F.,
  .F.,(2,2),(-3.25,-1.75),.PIECEWISE_BEZIER_KNOTS.);
#6336 = CARTESIAN_POINT('',(20.,5.));
#6337 = CARTESIAN_POINT('',(20.,3.5));
#6338 = ( GEOMETRIC_REPRESENTATION_CONTEXT(2) 
PARAMETRIC_REPRESENTATION_CONTEXT() REPRESENTATION_CONTEXT('2D SPACE',''
  ) );
#6339 = PCURVE('',#2268,#6340);
#6340 = DEFINITIONAL_REPRESENTATION('',(#6341),#6344);
#6341 = B_SPLINE_CURVE_WITH_KNOTS('',1,(#6342,#6343),.UNSPECIFIED.,.F.,
  .F.,(2,2),(-3.25,-1.75),.PIECEWISE_BEZIER_KNOTS.);
#6342 = CARTESIAN_POINT('',(17.5,-1.5));
#6343 = CARTESIAN_POINT('',(17.5,0.));
#6344 = ( GEOMETRIC_REPRESENTATION_CONTEXT(2) 
PARAMETRIC_REPRESENTATION_CONTEXT() REPRESENTATION_CONTEXT('2D SPACE',''
  ) );
#6345 = ORIENTED_EDGE('',*,*,#6346,.T.);
#6346 = EDGE_CURVE('',#6326,#6347,#6349,.T.);
#6347 = VERTEX_POINT('',#6348);
#6348 = CARTESIAN_POINT('',(29.,2.5,20.));
#6349 = SURFACE_CURVE('',#6350,(#6355,#6366),.PCURVE_S1.);
#6350 = CIRCLE('',#6351,1.);
#6351 = AXIS2_PLACEMENT_3D('',#6352,#6353,#6354);
#6352 = CARTESIAN_POINT('',(29.,3.5,20.));
#6353 = DIRECTION('',(-0.,-0.,-1.));
#6354 = DIRECTION('',(0.,-1.,0.));
#6355 = PCURVE('',#1246,#6356);
#6356 = DEFINITIONAL_REPRESENTATION('',(#6357),#6365);
#6357 = ( BOUNDED_CURVE() B_SPLINE_CURVE(2,(#6358,#6359,#6360,#6361,
#6362,#6363,#6364),.UNSPECIFIED.,.T.,.F.) B_SPLINE_CURVE_WITH_KNOTS((1,2
    ,2,2,2,1),(-2.094395102393,0.,2.094395102393,4.188790204786,
6.28318530718,8.377580409573),.UNSPECIFIED.) CURVE() 
GEOMETRIC_REPRESENTATION_ITEM() RATIONAL_B_SPLINE_CURVE((1.,0.5,1.,0.5,
1.,0.5,1.)) REPRESENTATION_ITEM('') );
#6358 = CARTESIAN_POINT('',(19.,3.5));
#6359 = CARTESIAN_POINT('',(17.267949192431,3.5));
#6360 = CARTESIAN_POINT('',(18.133974596216,5.));
#6361 = CARTESIAN_POINT('',(19.,6.5));
#6362 = CARTESIAN_POINT('',(19.866025403784,5.));
#6363 = CARTESIAN_POINT('',(20.732050807569,3.5));
#6364 = CARTESIAN_POINT('',(19.,3.5));
#6365 = ( GEOMETRIC_REPRESENTATION_CONTEXT(2) 
PARAMETRIC_REPRESENTATION_CONTEXT() REPRESENTATION_CONTEXT('2D SPACE',''
  ) );
#6366 = PCURVE('',#6367,#6372);
#6367 = CYLINDRICAL_SURFACE('',#6368,1.);
#6368 = AXIS2_PLACEMENT_3D('',#6369,#6370,#6371);
#6369 = CARTESIAN_POINT('',(29.,3.5,20.));
#6370 = DIRECTION('',(0.,0.,1.));
#6371 = DIRECTION('',(1.,0.,-0.));
#6372 = DEFINITIONAL_REPRESENTATION('',(#6373),#6377);
#6373 = LINE('',#6374,#6375);
#6374 = CARTESIAN_POINT('',(4.712388980385,-0.));
#6375 = VECTOR('',#6376,1.);
#6376 = DIRECTION('',(-1.,0.));
#6377 = ( GEOMETRIC_REPRESENTATION_CONTEXT(2) 
PARAMETRIC_REPRESENTATION_CONTEXT() REPRESENTATION_CONTEXT('2D SPACE',''
  ) );
#6378 = ORIENTED_EDGE('',*,*,#6379,.F.);
#6379 = EDGE_CURVE('',#6380,#6347,#6382,.T.);
#6380 = VERTEX_POINT('',#6381);
#6381 = CARTESIAN_POINT('',(18.5,2.5,20.));
#6382 = SURFACE_CURVE('',#6383,(#6387,#6393),.PCURVE_S1.);
#6383 = LINE('',#6384,#6385);
#6384 = CARTESIAN_POINT('',(6.25,2.5,20.));
#6385 = VECTOR('',#6386,1.);
#6386 = DIRECTION('',(1.,0.,-0.));
#6387 = PCURVE('',#1246,#6388);
#6388 = DEFINITIONAL_REPRESENTATION('',(#6389),#6392);
#6389 = B_SPLINE_CURVE_WITH_KNOTS('',1,(#6390,#6391),.UNSPECIFIED.,.F.,
  .F.,(2,2),(11.25,23.75),.PIECEWISE_BEZIER_KNOTS.);
#6390 = CARTESIAN_POINT('',(7.5,3.5));
#6391 = CARTESIAN_POINT('',(20.,3.5));
#6392 = ( GEOMETRIC_REPRESENTATION_CONTEXT(2) 
PARAMETRIC_REPRESENTATION_CONTEXT() REPRESENTATION_CONTEXT('2D SPACE',''
  ) );
#6393 = PCURVE('',#6394,#6399);
#6394 = PLANE('',#6395);
#6395 = AXIS2_PLACEMENT_3D('',#6396,#6397,#6398);
#6396 = CARTESIAN_POINT('',(2.5,2.5,2.5));
#6397 = DIRECTION('',(-0.,1.,0.));
#6398 = DIRECTION('',(0.,0.,1.));
#6399 = DEFINITIONAL_REPRESENTATION('',(#6400),#6403);
#6400 = B_SPLINE_CURVE_WITH_KNOTS('',1,(#6401,#6402),.UNSPECIFIED.,.F.,
  .F.,(2,2),(11.25,23.75),.PIECEWISE_BEZIER_KNOTS.);
#6401 = CARTESIAN_POINT('',(17.5,15.));
#6402 = CARTESIAN_POINT('',(17.5,27.5));
#6403 = ( GEOMETRIC_REPRESENTATION_CONTEXT(2) 
PARAMETRIC_REPRESENTATION_CONTEXT() REPRESENTATION_CONTEXT('2D SPACE',''
  ) );
#6404 = ORIENTED_EDGE('',*,*,#6405,.F.);
#6405 = EDGE_CURVE('',#6406,#6380,#6408,.T.);
#6406 = VERTEX_POINT('',#6407);
#6407 = CARTESIAN_POINT('',(17.5,3.5,20.));
#6408 = SURFACE_CURVE('',#6409,(#6414,#6421),.PCURVE_S1.);
#6409 = CIRCLE('',#6410,1.);
#6410 = AXIS2_PLACEMENT_3D('',#6411,#6412,#6413);
#6411 = CARTESIAN_POINT('',(18.5,3.5,20.));
#6412 = DIRECTION('',(0.,0.,1.));
#6413 = DIRECTION('',(0.,-1.,0.));
#6414 = PCURVE('',#1246,#6415);
#6415 = DEFINITIONAL_REPRESENTATION('',(#6416),#6420);
#6416 = CIRCLE('',#6417,1.);
#6417 = AXIS2_PLACEMENT_2D('',#6418,#6419);
#6418 = CARTESIAN_POINT('',(8.5,4.5));
#6419 = DIRECTION('',(0.,-1.));
#6420 = ( GEOMETRIC_REPRESENTATION_CONTEXT(2) 
PARAMETRIC_REPRESENTATION_CONTEXT() REPRESENTATION_CONTEXT('2D SPACE',''
  ) );
#6421 = PCURVE('',#6422,#6427);
#6422 = CYLINDRICAL_SURFACE('',#6423,1.);
#6423 = AXIS2_PLACEMENT_3D('',#6424,#6425,#6426);
#6424 = CARTESIAN_POINT('',(18.5,3.5,20.));
#6425 = DIRECTION('',(0.,0.,1.));
#6426 = DIRECTION('',(-1.,-0.,0.));
#6427 = DEFINITIONAL_REPRESENTATION('',(#6428),#6432);
#6428 = LINE('',#6429,#6430);
#6429 = CARTESIAN_POINT('',(-4.712388980385,0.));
#6430 = VECTOR('',#6431,1.);
#6431 = DIRECTION('',(1.,0.));
#6432 = ( GEOMETRIC_REPRESENTATION_CONTEXT(2) 
PARAMETRIC_REPRESENTATION_CONTEXT() REPRESENTATION_CONTEXT('2D SPACE',''
  ) );
#6433 = ORIENTED_EDGE('',*,*,#6434,.F.);
#6434 = EDGE_CURVE('',#6435,#6406,#6437,.T.);
#6435 = VERTEX_POINT('',#6436);
#6436 = CARTESIAN_POINT('',(17.5,4.,20.));
#6437 = SURFACE_CURVE('',#6438,(#6442,#6448),.PCURVE_S1.);
#6438 = LINE('',#6439,#6440);
#6439 = CARTESIAN_POINT('',(17.5,0.75,20.));
#6440 = VECTOR('',#6441,1.);
#6441 = DIRECTION('',(0.,-1.,0.));
#6442 = PCURVE('',#1246,#6443);
#6443 = DEFINITIONAL_REPRESENTATION('',(#6444),#6447);
#6444 = B_SPLINE_CURVE_WITH_KNOTS('',1,(#6445,#6446),.UNSPECIFIED.,.F.,
  .F.,(2,2),(-3.25,-1.75),.PIECEWISE_BEZIER_KNOTS.);
#6445 = CARTESIAN_POINT('',(7.5,5.));
#6446 = CARTESIAN_POINT('',(7.5,3.5));
#6447 = ( GEOMETRIC_REPRESENTATION_CONTEXT(2) 
PARAMETRIC_REPRESENTATION_CONTEXT() REPRESENTATION_CONTEXT('2D SPACE',''
  ) );
#6448 = PCURVE('',#2400,#6449);
#6449 = DEFINITIONAL_REPRESENTATION('',(#6450),#6453);
#6450 = B_SPLINE_CURVE_WITH_KNOTS('',1,(#6451,#6452),.UNSPECIFIED.,.F.,
  .F.,(2,2),(-3.25,-1.75),.PIECEWISE_BEZIER_KNOTS.);
#6451 = CARTESIAN_POINT('',(17.5,-1.5));
#6452 = CARTESIAN_POINT('',(17.5,0.));
#6453 = ( GEOMETRIC_REPRESENTATION_CONTEXT(2) 
PARAMETRIC_REPRESENTATION_CONTEXT() REPRESENTATION_CONTEXT('2D SPACE',''
  ) );
#6454 = ORIENTED_EDGE('',*,*,#6455,.T.);
#6455 = EDGE_CURVE('',#6435,#6456,#6458,.T.);
#6456 = VERTEX_POINT('',#6457);
#6457 = CARTESIAN_POINT('',(17.5,5.,20.));
#6458 = SURFACE_CURVE('',#6459,(#6463,#6470),.PCURVE_S1.);
#6459 = LINE('',#6460,#6461);
#6460 = CARTESIAN_POINT('',(17.5,0.75,20.));
#6461 = VECTOR('',#6462,1.);
#6462 = DIRECTION('',(-0.,1.,-0.));
#6463 = PCURVE('',#1246,#6464);
#6464 = DEFINITIONAL_REPRESENTATION('',(#6465),#6469);
#6465 = LINE('',#6466,#6467);
#6466 = CARTESIAN_POINT('',(7.5,1.75));
#6467 = VECTOR('',#6468,1.);
#6468 = DIRECTION('',(0.,1.));
#6469 = ( GEOMETRIC_REPRESENTATION_CONTEXT(2) 
PARAMETRIC_REPRESENTATION_CONTEXT() REPRESENTATION_CONTEXT('2D SPACE',''
  ) );
#6470 = PCURVE('',#2400,#6471);
#6471 = DEFINITIONAL_REPRESENTATION('',(#6472),#6476);
#6472 = LINE('',#6473,#6474);
#6473 = CARTESIAN_POINT('',(17.5,1.75));
#6474 = VECTOR('',#6475,1.);
#6475 = DIRECTION('',(0.,-1.));
#6476 = ( GEOMETRIC_REPRESENTATION_CONTEXT(2) 
PARAMETRIC_REPRESENTATION_CONTEXT() REPRESENTATION_CONTEXT('2D SPACE',''
  ) );
#6477 = ORIENTED_EDGE('',*,*,#6478,.T.);
#6478 = EDGE_CURVE('',#6456,#6479,#6481,.T.);
#6479 = VERTEX_POINT('',#6480);
#6480 = CARTESIAN_POINT('',(16.5,4.,20.));
#6481 = SURFACE_CURVE('',#6482,(#6487,#6498),.PCURVE_S1.);
#6482 = CIRCLE('',#6483,1.);
#6483 = AXIS2_PLACEMENT_3D('',#6484,#6485,#6486);
#6484 = CARTESIAN_POINT('',(16.5,5.,20.));
#6485 = DIRECTION('',(-0.,-0.,-1.));
#6486 = DIRECTION('',(0.,-1.,0.));
#6487 = PCURVE('',#1246,#6488);
#6488 = DEFINITIONAL_REPRESENTATION('',(#6489),#6497);
#6489 = ( BOUNDED_CURVE() B_SPLINE_CURVE(2,(#6490,#6491,#6492,#6493,
#6494,#6495,#6496),.UNSPECIFIED.,.T.,.F.) B_SPLINE_CURVE_WITH_KNOTS((1,2
    ,2,2,2,1),(-2.094395102393,0.,2.094395102393,4.188790204786,
6.28318530718,8.377580409573),.UNSPECIFIED.) CURVE() 
GEOMETRIC_REPRESENTATION_ITEM() RATIONAL_B_SPLINE_CURVE((1.,0.5,1.,0.5,
1.,0.5,1.)) REPRESENTATION_ITEM('') );
#6490 = CARTESIAN_POINT('',(6.5,5.));
#6491 = CARTESIAN_POINT('',(4.767949192431,5.));
#6492 = CARTESIAN_POINT('',(5.633974596216,6.5));
#6493 = CARTESIAN_POINT('',(6.5,8.));
#6494 = CARTESIAN_POINT('',(7.366025403784,6.5));
#6495 = CARTESIAN_POINT('',(8.232050807569,5.));
#6496 = CARTESIAN_POINT('',(6.5,5.));
#6497 = ( GEOMETRIC_REPRESENTATION_CONTEXT(2) 
PARAMETRIC_REPRESENTATION_CONTEXT() REPRESENTATION_CONTEXT('2D SPACE',''
  ) );
#6498 = PCURVE('',#6499,#6504);
#6499 = CYLINDRICAL_SURFACE('',#6500,1.);
#6500 = AXIS2_PLACEMENT_3D('',#6501,#6502,#6503);
#6501 = CARTESIAN_POINT('',(16.5,5.,18.));
#6502 = DIRECTION('',(0.,0.,1.));
#6503 = DIRECTION('',(1.,0.,-0.));
#6504 = DEFINITIONAL_REPRESENTATION('',(#6505),#6509);
#6505 = LINE('',#6506,#6507);
#6506 = CARTESIAN_POINT('',(4.712388980385,2.));
#6507 = VECTOR('',#6508,1.);
#6508 = DIRECTION('',(-1.,0.));
#6509 = ( GEOMETRIC_REPRESENTATION_CONTEXT(2) 
PARAMETRIC_REPRESENTATION_CONTEXT() REPRESENTATION_CONTEXT('2D SPACE',''
  ) );
#6510 = ORIENTED_EDGE('',*,*,#6511,.F.);
#6511 = EDGE_CURVE('',#6512,#6479,#6514,.T.);
#6512 = VERTEX_POINT('',#6513);
#6513 = CARTESIAN_POINT('',(16.,4.,20.));
#6514 = SURFACE_CURVE('',#6515,(#6519,#6526),.PCURVE_S1.);
#6515 = LINE('',#6516,#6517);
#6516 = CARTESIAN_POINT('',(10.,4.,20.));
#6517 = VECTOR('',#6518,1.);
#6518 = DIRECTION('',(1.,0.,-0.));
#6519 = PCURVE('',#1246,#6520);
#6520 = DEFINITIONAL_REPRESENTATION('',(#6521),#6525);
#6521 = LINE('',#6522,#6523);
#6522 = CARTESIAN_POINT('',(0.,5.));
#6523 = VECTOR('',#6524,1.);
#6524 = DIRECTION('',(1.,0.));
#6525 = ( GEOMETRIC_REPRESENTATION_CONTEXT(2) 
PARAMETRIC_REPRESENTATION_CONTEXT() REPRESENTATION_CONTEXT('2D SPACE',''
  ) );
#6526 = PCURVE('',#6527,#6532);
#6527 = PLANE('',#6528);
#6528 = AXIS2_PLACEMENT_3D('',#6529,#6530,#6531);
#6529 = CARTESIAN_POINT('',(10.,4.,18.));
#6530 = DIRECTION('',(-0.,1.,0.));
#6531 = DIRECTION('',(0.,0.,1.));
#6532 = DEFINITIONAL_REPRESENTATION('',(#6533),#6537);
#6533 = LINE('',#6534,#6535);
#6534 = CARTESIAN_POINT('',(2.,0.));
#6535 = VECTOR('',#6536,1.);
#6536 = DIRECTION('',(0.,1.));
#6537 = ( GEOMETRIC_REPRESENTATION_CONTEXT(2) 
PARAMETRIC_REPRESENTATION_CONTEXT() REPRESENTATION_CONTEXT('2D SPACE',''
  ) );
#6538 = ORIENTED_EDGE('',*,*,#6539,.F.);
#6539 = EDGE_CURVE('',#6540,#6512,#6542,.T.);
#6540 = VERTEX_POINT('',#6541);
#6541 = CARTESIAN_POINT('',(15.,5.,20.));
#6542 = SURFACE_CURVE('',#6543,(#6548,#6555),.PCURVE_S1.);
#6543 = CIRCLE('',#6544,1.);
#6544 = AXIS2_PLACEMENT_3D('',#6545,#6546,#6547);
#6545 = CARTESIAN_POINT('',(16.,5.,20.));
#6546 = DIRECTION('',(0.,0.,1.));
#6547 = DIRECTION('',(0.,-1.,0.));
#6548 = PCURVE('',#1246,#6549);
#6549 = DEFINITIONAL_REPRESENTATION('',(#6550),#6554);
#6550 = CIRCLE('',#6551,1.);
#6551 = AXIS2_PLACEMENT_2D('',#6552,#6553);
#6552 = CARTESIAN_POINT('',(6.,6.));
#6553 = DIRECTION('',(0.,-1.));
#6554 = ( GEOMETRIC_REPRESENTATION_CONTEXT(2) 
PARAMETRIC_REPRESENTATION_CONTEXT() REPRESENTATION_CONTEXT('2D SPACE',''
  ) );
#6555 = PCURVE('',#6556,#6561);
#6556 = CYLINDRICAL_SURFACE('',#6557,1.);
#6557 = AXIS2_PLACEMENT_3D('',#6558,#6559,#6560);
#6558 = CARTESIAN_POINT('',(16.,5.,18.));
#6559 = DIRECTION('',(0.,0.,1.));
#6560 = DIRECTION('',(-1.,-0.,0.));
#6561 = DEFINITIONAL_REPRESENTATION('',(#6562),#6566);
#6562 = LINE('',#6563,#6564);
#6563 = CARTESIAN_POINT('',(-4.712388980385,2.));
#6564 = VECTOR('',#6565,1.);
#6565 = DIRECTION('',(1.,0.));
#6566 = ( GEOMETRIC_REPRESENTATION_CONTEXT(2) 
PARAMETRIC_REPRESENTATION_CONTEXT() REPRESENTATION_CONTEXT('2D SPACE',''
  ) );
#6567 = ORIENTED_EDGE('',*,*,#6568,.F.);
#6568 = EDGE_CURVE('',#6569,#6540,#6571,.T.);
#6569 = VERTEX_POINT('',#6570);
#6570 = CARTESIAN_POINT('',(15.,4.,20.));
#6571 = SURFACE_CURVE('',#6572,(#6576,#6583),.PCURVE_S1.);
#6572 = LINE('',#6573,#6574);
#6573 = CARTESIAN_POINT('',(15.,0.75,20.));
#6574 = VECTOR('',#6575,1.);
#6575 = DIRECTION('',(-0.,1.,-0.));
#6576 = PCURVE('',#1246,#6577);
#6577 = DEFINITIONAL_REPRESENTATION('',(#6578),#6582);
#6578 = LINE('',#6579,#6580);
#6579 = CARTESIAN_POINT('',(5.,1.75));
#6580 = VECTOR('',#6581,1.);
#6581 = DIRECTION('',(0.,1.));
#6582 = ( GEOMETRIC_REPRESENTATION_CONTEXT(2) 
PARAMETRIC_REPRESENTATION_CONTEXT() REPRESENTATION_CONTEXT('2D SPACE',''
  ) );
#6583 = PCURVE('',#2536,#6584);
#6584 = DEFINITIONAL_REPRESENTATION('',(#6585),#6589);
#6585 = LINE('',#6586,#6587);
#6586 = CARTESIAN_POINT('',(17.5,1.75));
#6587 = VECTOR('',#6588,1.);
#6588 = DIRECTION('',(0.,-1.));
#6589 = ( GEOMETRIC_REPRESENTATION_CONTEXT(2) 
PARAMETRIC_REPRESENTATION_CONTEXT() REPRESENTATION_CONTEXT('2D SPACE',''
  ) );
#6590 = ORIENTED_EDGE('',*,*,#6591,.T.);
#6591 = EDGE_CURVE('',#6569,#6592,#6594,.T.);
#6592 = VERTEX_POINT('',#6593);
#6593 = CARTESIAN_POINT('',(15.,3.5,20.));
#6594 = SURFACE_CURVE('',#6595,(#6599,#6605),.PCURVE_S1.);
#6595 = LINE('',#6596,#6597);
#6596 = CARTESIAN_POINT('',(15.,0.75,20.));
#6597 = VECTOR('',#6598,1.);
#6598 = DIRECTION('',(0.,-1.,0.));
#6599 = PCURVE('',#1246,#6600);
#6600 = DEFINITIONAL_REPRESENTATION('',(#6601),#6604);
#6601 = B_SPLINE_CURVE_WITH_KNOTS('',1,(#6602,#6603),.UNSPECIFIED.,.F.,
  .F.,(2,2),(-3.25,-1.75),.PIECEWISE_BEZIER_KNOTS.);
#6602 = CARTESIAN_POINT('',(5.,5.));
#6603 = CARTESIAN_POINT('',(5.,3.5));
#6604 = ( GEOMETRIC_REPRESENTATION_CONTEXT(2) 
PARAMETRIC_REPRESENTATION_CONTEXT() REPRESENTATION_CONTEXT('2D SPACE',''
  ) );
#6605 = PCURVE('',#2536,#6606);
#6606 = DEFINITIONAL_REPRESENTATION('',(#6607),#6610);
#6607 = B_SPLINE_CURVE_WITH_KNOTS('',1,(#6608,#6609),.UNSPECIFIED.,.F.,
  .F.,(2,2),(-3.25,-1.75),.PIECEWISE_BEZIER_KNOTS.);
#6608 = CARTESIAN_POINT('',(17.5,-1.5));
#6609 = CARTESIAN_POINT('',(17.5,0.));
#6610 = ( GEOMETRIC_REPRESENTATION_CONTEXT(2) 
PARAMETRIC_REPRESENTATION_CONTEXT() REPRESENTATION_CONTEXT('2D SPACE',''
  ) );
#6611 = ORIENTED_EDGE('',*,*,#6612,.F.);
#6612 = EDGE_CURVE('',#6613,#6592,#6615,.T.);
#6613 = VERTEX_POINT('',#6614);
#6614 = CARTESIAN_POINT('',(14.,2.5,20.));
#6615 = SURFACE_CURVE('',#6616,(#6621,#6628),.PCURVE_S1.);
#6616 = CIRCLE('',#6617,1.);
#6617 = AXIS2_PLACEMENT_3D('',#6618,#6619,#6620);
#6618 = CARTESIAN_POINT('',(14.,3.5,20.));
#6619 = DIRECTION('',(0.,0.,1.));
#6620 = DIRECTION('',(0.,-1.,0.));
#6621 = PCURVE('',#1246,#6622);
#6622 = DEFINITIONAL_REPRESENTATION('',(#6623),#6627);
#6623 = CIRCLE('',#6624,1.);
#6624 = AXIS2_PLACEMENT_2D('',#6625,#6626);
#6625 = CARTESIAN_POINT('',(4.,4.5));
#6626 = DIRECTION('',(0.,-1.));
#6627 = ( GEOMETRIC_REPRESENTATION_CONTEXT(2) 
PARAMETRIC_REPRESENTATION_CONTEXT() REPRESENTATION_CONTEXT('2D SPACE',''
  ) );
#6628 = PCURVE('',#6629,#6634);
#6629 = CYLINDRICAL_SURFACE('',#6630,1.);
#6630 = AXIS2_PLACEMENT_3D('',#6631,#6632,#6633);
#6631 = CARTESIAN_POINT('',(14.,3.5,20.));
#6632 = DIRECTION('',(0.,0.,1.));
#6633 = DIRECTION('',(0.,-1.,0.));
#6634 = DEFINITIONAL_REPRESENTATION('',(#6635),#6639);
#6635 = LINE('',#6636,#6637);
#6636 = CARTESIAN_POINT('',(0.,0.));
#6637 = VECTOR('',#6638,1.);
#6638 = DIRECTION('',(1.,0.));
#6639 = ( GEOMETRIC_REPRESENTATION_CONTEXT(2) 
PARAMETRIC_REPRESENTATION_CONTEXT() REPRESENTATION_CONTEXT('2D SPACE',''
  ) );
#6640 = ORIENTED_EDGE('',*,*,#6641,.F.);
#6641 = EDGE_CURVE('',#6642,#6613,#6644,.T.);
#6642 = VERTEX_POINT('',#6643);
#6643 = CARTESIAN_POINT('',(10.,2.5,20.));
#6644 = SURFACE_CURVE('',#6645,(#6649,#6655),.PCURVE_S1.);
#6645 = LINE('',#6646,#6647);
#6646 = CARTESIAN_POINT('',(6.25,2.5,20.));
#6647 = VECTOR('',#6648,1.);
#6648 = DIRECTION('',(1.,0.,-0.));
#6649 = PCURVE('',#1246,#6650);
#6650 = DEFINITIONAL_REPRESENTATION('',(#6651),#6654);
#6651 = B_SPLINE_CURVE_WITH_KNOTS('',1,(#6652,#6653),.UNSPECIFIED.,.F.,
  .F.,(2,2),(3.75,8.75),.PIECEWISE_BEZIER_KNOTS.);
#6652 = CARTESIAN_POINT('',(0.,3.5));
#6653 = CARTESIAN_POINT('',(5.,3.5));
#6654 = ( GEOMETRIC_REPRESENTATION_CONTEXT(2) 
PARAMETRIC_REPRESENTATION_CONTEXT() REPRESENTATION_CONTEXT('2D SPACE',''
  ) );
#6655 = PCURVE('',#2613,#6656);
#6656 = DEFINITIONAL_REPRESENTATION('',(#6657),#6660);
#6657 = B_SPLINE_CURVE_WITH_KNOTS('',1,(#6658,#6659),.UNSPECIFIED.,.F.,
  .F.,(2,2),(3.75,8.75),.PIECEWISE_BEZIER_KNOTS.);
#6658 = CARTESIAN_POINT('',(17.5,7.5));
#6659 = CARTESIAN_POINT('',(17.5,12.5));
#6660 = ( GEOMETRIC_REPRESENTATION_CONTEXT(2) 
PARAMETRIC_REPRESENTATION_CONTEXT() REPRESENTATION_CONTEXT('2D SPACE',''
  ) );
#6661 = ORIENTED_EDGE('',*,*,#6662,.T.);
#6662 = EDGE_CURVE('',#6642,#6663,#6665,.T.);
#6663 = VERTEX_POINT('',#6664);
#6664 = CARTESIAN_POINT('',(9.,2.5,20.));
#6665 = SURFACE_CURVE('',#6666,(#6670,#6677),.PCURVE_S1.);
#6666 = LINE('',#6667,#6668);
#6667 = CARTESIAN_POINT('',(6.25,2.5,20.));
#6668 = VECTOR('',#6669,1.);
#6669 = DIRECTION('',(-1.,-0.,0.));
#6670 = PCURVE('',#1246,#6671);
#6671 = DEFINITIONAL_REPRESENTATION('',(#6672),#6676);
#6672 = LINE('',#6673,#6674);
#6673 = CARTESIAN_POINT('',(-3.75,3.5));
#6674 = VECTOR('',#6675,1.);
#6675 = DIRECTION('',(-1.,0.));
#6676 = ( GEOMETRIC_REPRESENTATION_CONTEXT(2) 
PARAMETRIC_REPRESENTATION_CONTEXT() REPRESENTATION_CONTEXT('2D SPACE',''
  ) );
#6677 = PCURVE('',#2613,#6678);
#6678 = DEFINITIONAL_REPRESENTATION('',(#6679),#6683);
#6679 = LINE('',#6680,#6681);
#6680 = CARTESIAN_POINT('',(17.5,3.75));
#6681 = VECTOR('',#6682,1.);
#6682 = DIRECTION('',(0.,-1.));
#6683 = ( GEOMETRIC_REPRESENTATION_CONTEXT(2) 
PARAMETRIC_REPRESENTATION_CONTEXT() REPRESENTATION_CONTEXT('2D SPACE',''
  ) );
#6684 = ORIENTED_EDGE('',*,*,#6685,.F.);
#6685 = EDGE_CURVE('',#5688,#6663,#6686,.T.);
#6686 = SURFACE_CURVE('',#6687,(#6692,#6699),.PCURVE_S1.);
#6687 = CIRCLE('',#6688,1.);
#6688 = AXIS2_PLACEMENT_3D('',#6689,#6690,#6691);
#6689 = CARTESIAN_POINT('',(9.,1.5,20.));
#6690 = DIRECTION('',(0.,-0.,1.));
#6691 = DIRECTION('',(0.,1.,0.));
#6692 = PCURVE('',#1246,#6693);
#6693 = DEFINITIONAL_REPRESENTATION('',(#6694),#6698);
#6694 = CIRCLE('',#6695,1.);
#6695 = AXIS2_PLACEMENT_2D('',#6696,#6697);
#6696 = CARTESIAN_POINT('',(-1.,2.5));
#6697 = DIRECTION('',(0.,1.));
#6698 = ( GEOMETRIC_REPRESENTATION_CONTEXT(2) 
PARAMETRIC_REPRESENTATION_CONTEXT() REPRESENTATION_CONTEXT('2D SPACE',''
  ) );
#6699 = PCURVE('',#6700,#6705);
#6700 = CYLINDRICAL_SURFACE('',#6701,1.);
#6701 = AXIS2_PLACEMENT_3D('',#6702,#6703,#6704);
#6702 = CARTESIAN_POINT('',(9.,1.5,20.));
#6703 = DIRECTION('',(-0.,0.,-1.));
#6704 = DIRECTION('',(1.,0.,-0.));
#6705 = DEFINITIONAL_REPRESENTATION('',(#6706),#6710);
#6706 = LINE('',#6707,#6708);
#6707 = CARTESIAN_POINT('',(4.712388980385,-0.));
#6708 = VECTOR('',#6709,1.);
#6709 = DIRECTION('',(-1.,0.));
#6710 = ( GEOMETRIC_REPRESENTATION_CONTEXT(2) 
PARAMETRIC_REPRESENTATION_CONTEXT() REPRESENTATION_CONTEXT('2D SPACE',''
  ) );
#6711 = ADVANCED_FACE('',(#6712),#1416,.T.);
#6712 = FACE_BOUND('',#6713,.T.);
#6713 = EDGE_LOOP('',(#6714,#6715,#6738,#6764));
#6714 = ORIENTED_EDGE('',*,*,#5740,.T.);
#6715 = ORIENTED_EDGE('',*,*,#6716,.T.);
#6716 = EDGE_CURVE('',#5741,#6717,#6719,.T.);
#6717 = VERTEX_POINT('',#6718);
#6718 = CARTESIAN_POINT('',(50.,1.,18.));
#6719 = SURFACE_CURVE('',#6720,(#6724,#6731),.PCURVE_S1.);
#6720 = LINE('',#6721,#6722);
#6721 = CARTESIAN_POINT('',(50.,1.,20.));
#6722 = VECTOR('',#6723,1.);
#6723 = DIRECTION('',(-0.,0.,-1.));
#6724 = PCURVE('',#1416,#6725);
#6725 = DEFINITIONAL_REPRESENTATION('',(#6726),#6730);
#6726 = LINE('',#6727,#6728);
#6727 = CARTESIAN_POINT('',(1.570796326795,0.));
#6728 = VECTOR('',#6729,1.);
#6729 = DIRECTION('',(0.,1.));
#6730 = ( GEOMETRIC_REPRESENTATION_CONTEXT(2) 
PARAMETRIC_REPRESENTATION_CONTEXT() REPRESENTATION_CONTEXT('2D SPACE',''
  ) );
#6731 = PCURVE('',#5784,#6732);
#6732 = DEFINITIONAL_REPRESENTATION('',(#6733),#6737);
#6733 = LINE('',#6734,#6735);
#6734 = CARTESIAN_POINT('',(2.,-2.));
#6735 = VECTOR('',#6736,1.);
#6736 = DIRECTION('',(-1.,-0.));
#6737 = ( GEOMETRIC_REPRESENTATION_CONTEXT(2) 
PARAMETRIC_REPRESENTATION_CONTEXT() REPRESENTATION_CONTEXT('2D SPACE',''
  ) );
#6738 = ORIENTED_EDGE('',*,*,#6739,.F.);
#6739 = EDGE_CURVE('',#1380,#6717,#6740,.T.);
#6740 = SURFACE_CURVE('',#6741,(#6746,#6753),.PCURVE_S1.);
#6741 = CIRCLE('',#6742,1.);
#6742 = AXIS2_PLACEMENT_3D('',#6743,#6744,#6745);
#6743 = CARTESIAN_POINT('',(51.,1.,18.));
#6744 = DIRECTION('',(-0.,0.,-1.));
#6745 = DIRECTION('',(0.,1.,0.));
#6746 = PCURVE('',#1416,#6747);
#6747 = DEFINITIONAL_REPRESENTATION('',(#6748),#6752);
#6748 = LINE('',#6749,#6750);
#6749 = CARTESIAN_POINT('',(-3.14159265359,2.));
#6750 = VECTOR('',#6751,1.);
#6751 = DIRECTION('',(1.,0.));
#6752 = ( GEOMETRIC_REPRESENTATION_CONTEXT(2) 
PARAMETRIC_REPRESENTATION_CONTEXT() REPRESENTATION_CONTEXT('2D SPACE',''
  ) );
#6753 = PCURVE('',#1346,#6754);
#6754 = DEFINITIONAL_REPRESENTATION('',(#6755),#6763);
#6755 = ( BOUNDED_CURVE() B_SPLINE_CURVE(2,(#6756,#6757,#6758,#6759,
#6760,#6761,#6762),.UNSPECIFIED.,.T.,.F.) B_SPLINE_CURVE_WITH_KNOTS((1,2
    ,2,2,2,1),(-2.094395102393,0.,2.094395102393,4.188790204786,
6.28318530718,8.377580409573),.UNSPECIFIED.) CURVE() 
GEOMETRIC_REPRESENTATION_ITEM() RATIONAL_B_SPLINE_CURVE((1.,0.5,1.,0.5,
1.,0.5,1.)) REPRESENTATION_ITEM('') );
#6756 = CARTESIAN_POINT('',(41.,3.));
#6757 = CARTESIAN_POINT('',(42.732050807569,3.));
#6758 = CARTESIAN_POINT('',(41.866025403784,1.5));
#6759 = CARTESIAN_POINT('',(41.,2.22044604925E-16));
#6760 = CARTESIAN_POINT('',(40.133974596216,1.5));
#6761 = CARTESIAN_POINT('',(39.267949192431,3.));
#6762 = CARTESIAN_POINT('',(41.,3.));
#6763 = ( GEOMETRIC_REPRESENTATION_CONTEXT(2) 
PARAMETRIC_REPRESENTATION_CONTEXT() REPRESENTATION_CONTEXT('2D SPACE',''
  ) );
#6764 = ORIENTED_EDGE('',*,*,#1402,.F.);
#6765 = ADVANCED_FACE('',(#6766),#1346,.T.);
#6766 = FACE_BOUND('',#6767,.T.);
#6767 = EDGE_LOOP('',(#6768,#6793,#6815,#6816,#6817,#6818,#6819,#6842,
    #6870,#6893,#6914,#6938,#6959,#6982,#7010,#7033,#7057,#7080,#7101,
    #7129,#7150,#7174,#7195,#7218,#7246,#7269,#7293,#7316,#7337,#7365,
    #7386,#7410,#7431,#7454,#7482,#7505,#7529,#7552,#7573,#7597,#7618,
    #7641));
#6768 = ORIENTED_EDGE('',*,*,#6769,.F.);
#6769 = EDGE_CURVE('',#6770,#6772,#6774,.T.);
#6770 = VERTEX_POINT('',#6771);
#6771 = CARTESIAN_POINT('',(10.,1.,18.));
#6772 = VERTEX_POINT('',#6773);
#6773 = CARTESIAN_POINT('',(10.,1.5,18.));
#6774 = SURFACE_CURVE('',#6775,(#6779,#6786),.PCURVE_S1.);
#6775 = LINE('',#6776,#6777);
#6776 = CARTESIAN_POINT('',(10.,-1.,18.));
#6777 = VECTOR('',#6778,1.);
#6778 = DIRECTION('',(-0.,1.,0.));
#6779 = PCURVE('',#1346,#6780);
#6780 = DEFINITIONAL_REPRESENTATION('',(#6781),#6785);
#6781 = LINE('',#6782,#6783);
#6782 = CARTESIAN_POINT('',(0.,0.));
#6783 = VECTOR('',#6784,1.);
#6784 = DIRECTION('',(0.,1.));
#6785 = ( GEOMETRIC_REPRESENTATION_CONTEXT(2) 
PARAMETRIC_REPRESENTATION_CONTEXT() REPRESENTATION_CONTEXT('2D SPACE',''
  ) );
#6786 = PCURVE('',#5703,#6787);
#6787 = DEFINITIONAL_REPRESENTATION('',(#6788),#6792);
#6788 = LINE('',#6789,#6790);
#6789 = CARTESIAN_POINT('',(0.,0.));
#6790 = VECTOR('',#6791,1.);
#6791 = DIRECTION('',(0.,-1.));
#6792 = ( GEOMETRIC_REPRESENTATION_CONTEXT(2) 
PARAMETRIC_REPRESENTATION_CONTEXT() REPRESENTATION_CONTEXT('2D SPACE',''
  ) );
#6793 = ORIENTED_EDGE('',*,*,#6794,.F.);
#6794 = EDGE_CURVE('',#1303,#6770,#6795,.T.);
#6795 = SURFACE_CURVE('',#6796,(#6801,#6808),.PCURVE_S1.);
#6796 = CIRCLE('',#6797,1.);
#6797 = AXIS2_PLACEMENT_3D('',#6798,#6799,#6800);
#6798 = CARTESIAN_POINT('',(9.,1.,18.));
#6799 = DIRECTION('',(0.,-0.,1.));
#6800 = DIRECTION('',(0.,1.,0.));
#6801 = PCURVE('',#1346,#6802);
#6802 = DEFINITIONAL_REPRESENTATION('',(#6803),#6807);
#6803 = CIRCLE('',#6804,1.);
#6804 = AXIS2_PLACEMENT_2D('',#6805,#6806);
#6805 = CARTESIAN_POINT('',(-1.,2.));
#6806 = DIRECTION('',(0.,1.));
#6807 = ( GEOMETRIC_REPRESENTATION_CONTEXT(2) 
PARAMETRIC_REPRESENTATION_CONTEXT() REPRESENTATION_CONTEXT('2D SPACE',''
  ) );
#6808 = PCURVE('',#1318,#6809);
#6809 = DEFINITIONAL_REPRESENTATION('',(#6810),#6814);
#6810 = LINE('',#6811,#6812);
#6811 = CARTESIAN_POINT('',(3.14159265359,2.));
#6812 = VECTOR('',#6813,1.);
#6813 = DIRECTION('',(-1.,0.));
#6814 = ( GEOMETRIC_REPRESENTATION_CONTEXT(2) 
PARAMETRIC_REPRESENTATION_CONTEXT() REPRESENTATION_CONTEXT('2D SPACE',''
  ) );
#6815 = ORIENTED_EDGE('',*,*,#1330,.F.);
#6816 = ORIENTED_EDGE('',*,*,#1358,.T.);
#6817 = ORIENTED_EDGE('',*,*,#1379,.T.);
#6818 = ORIENTED_EDGE('',*,*,#6739,.T.);
#6819 = ORIENTED_EDGE('',*,*,#6820,.T.);
#6820 = EDGE_CURVE('',#6717,#6821,#6823,.T.);
#6821 = VERTEX_POINT('',#6822);
#6822 = CARTESIAN_POINT('',(50.,1.5,18.));
#6823 = SURFACE_CURVE('',#6824,(#6828,#6835),.PCURVE_S1.);
#6824 = LINE('',#6825,#6826);
#6825 = CARTESIAN_POINT('',(50.,-1.,18.));
#6826 = VECTOR('',#6827,1.);
#6827 = DIRECTION('',(-0.,1.,0.));
#6828 = PCURVE('',#1346,#6829);
#6829 = DEFINITIONAL_REPRESENTATION('',(#6830),#6834);
#6830 = LINE('',#6831,#6832);
#6831 = CARTESIAN_POINT('',(40.,0.));
#6832 = VECTOR('',#6833,1.);
#6833 = DIRECTION('',(0.,1.));
#6834 = ( GEOMETRIC_REPRESENTATION_CONTEXT(2) 
PARAMETRIC_REPRESENTATION_CONTEXT() REPRESENTATION_CONTEXT('2D SPACE',''
  ) );
#6835 = PCURVE('',#5784,#6836);
#6836 = DEFINITIONAL_REPRESENTATION('',(#6837),#6841);
#6837 = LINE('',#6838,#6839);
#6838 = CARTESIAN_POINT('',(0.,0.));
#6839 = VECTOR('',#6840,1.);
#6840 = DIRECTION('',(0.,-1.));
#6841 = ( GEOMETRIC_REPRESENTATION_CONTEXT(2) 
PARAMETRIC_REPRESENTATION_CONTEXT() REPRESENTATION_CONTEXT('2D SPACE',''
  ) );
#6842 = ORIENTED_EDGE('',*,*,#6843,.T.);
#6843 = EDGE_CURVE('',#6821,#6844,#6846,.T.);
#6844 = VERTEX_POINT('',#6845);
#6845 = CARTESIAN_POINT('',(51.,2.5,18.));
#6846 = SURFACE_CURVE('',#6847,(#6852,#6863),.PCURVE_S1.);
#6847 = CIRCLE('',#6848,1.);
#6848 = AXIS2_PLACEMENT_3D('',#6849,#6850,#6851);
#6849 = CARTESIAN_POINT('',(51.,1.5,18.));
#6850 = DIRECTION('',(-0.,0.,-1.));
#6851 = DIRECTION('',(0.,1.,0.));
#6852 = PCURVE('',#1346,#6853);
#6853 = DEFINITIONAL_REPRESENTATION('',(#6854),#6862);
#6854 = ( BOUNDED_CURVE() B_SPLINE_CURVE(2,(#6855,#6856,#6857,#6858,
#6859,#6860,#6861),.UNSPECIFIED.,.T.,.F.) B_SPLINE_CURVE_WITH_KNOTS((1,2
    ,2,2,2,1),(-2.094395102393,0.,2.094395102393,4.188790204786,
6.28318530718,8.377580409573),.UNSPECIFIED.) CURVE() 
GEOMETRIC_REPRESENTATION_ITEM() RATIONAL_B_SPLINE_CURVE((1.,0.5,1.,0.5,
1.,0.5,1.)) REPRESENTATION_ITEM('') );
#6855 = CARTESIAN_POINT('',(41.,3.5));
#6856 = CARTESIAN_POINT('',(42.732050807569,3.5));
#6857 = CARTESIAN_POINT('',(41.866025403784,2.));
#6858 = CARTESIAN_POINT('',(41.,0.5));
#6859 = CARTESIAN_POINT('',(40.133974596216,2.));
#6860 = CARTESIAN_POINT('',(39.267949192431,3.5));
#6861 = CARTESIAN_POINT('',(41.,3.5));
#6862 = ( GEOMETRIC_REPRESENTATION_CONTEXT(2) 
PARAMETRIC_REPRESENTATION_CONTEXT() REPRESENTATION_CONTEXT('2D SPACE',''
  ) );
#6863 = PCURVE('',#5817,#6864);
#6864 = DEFINITIONAL_REPRESENTATION('',(#6865),#6869);
#6865 = LINE('',#6866,#6867);
#6866 = CARTESIAN_POINT('',(-4.712388980385,2.));
#6867 = VECTOR('',#6868,1.);
#6868 = DIRECTION('',(1.,0.));
#6869 = ( GEOMETRIC_REPRESENTATION_CONTEXT(2) 
PARAMETRIC_REPRESENTATION_CONTEXT() REPRESENTATION_CONTEXT('2D SPACE',''
  ) );
#6870 = ORIENTED_EDGE('',*,*,#6871,.F.);
#6871 = EDGE_CURVE('',#6872,#6844,#6874,.T.);
#6872 = VERTEX_POINT('',#6873);
#6873 = CARTESIAN_POINT('',(50.,2.5,18.));
#6874 = SURFACE_CURVE('',#6875,(#6879,#6886),.PCURVE_S1.);
#6875 = LINE('',#6876,#6877);
#6876 = CARTESIAN_POINT('',(6.25,2.5,18.));
#6877 = VECTOR('',#6878,1.);
#6878 = DIRECTION('',(1.,0.,-0.));
#6879 = PCURVE('',#1346,#6880);
#6880 = DEFINITIONAL_REPRESENTATION('',(#6881),#6885);
#6881 = LINE('',#6882,#6883);
#6882 = CARTESIAN_POINT('',(-3.75,3.5));
#6883 = VECTOR('',#6884,1.);
#6884 = DIRECTION('',(1.,0.));
#6885 = ( GEOMETRIC_REPRESENTATION_CONTEXT(2) 
PARAMETRIC_REPRESENTATION_CONTEXT() REPRESENTATION_CONTEXT('2D SPACE',''
  ) );
#6886 = PCURVE('',#1787,#6887);
#6887 = DEFINITIONAL_REPRESENTATION('',(#6888),#6892);
#6888 = LINE('',#6889,#6890);
#6889 = CARTESIAN_POINT('',(15.5,3.75));
#6890 = VECTOR('',#6891,1.);
#6891 = DIRECTION('',(0.,1.));
#6892 = ( GEOMETRIC_REPRESENTATION_CONTEXT(2) 
PARAMETRIC_REPRESENTATION_CONTEXT() REPRESENTATION_CONTEXT('2D SPACE',''
  ) );
#6893 = ORIENTED_EDGE('',*,*,#6894,.F.);
#6894 = EDGE_CURVE('',#6895,#6872,#6897,.T.);
#6895 = VERTEX_POINT('',#6896);
#6896 = CARTESIAN_POINT('',(48.5,2.5,18.));
#6897 = SURFACE_CURVE('',#6898,(#6902,#6908),.PCURVE_S1.);
#6898 = LINE('',#6899,#6900);
#6899 = CARTESIAN_POINT('',(6.25,2.5,18.));
#6900 = VECTOR('',#6901,1.);
#6901 = DIRECTION('',(1.,0.,-0.));
#6902 = PCURVE('',#1346,#6903);
#6903 = DEFINITIONAL_REPRESENTATION('',(#6904),#6907);
#6904 = B_SPLINE_CURVE_WITH_KNOTS('',1,(#6905,#6906),.UNSPECIFIED.,.F.,
  .F.,(2,2),(41.25,43.75),.PIECEWISE_BEZIER_KNOTS.);
#6905 = CARTESIAN_POINT('',(37.5,3.5));
#6906 = CARTESIAN_POINT('',(40.,3.5));
#6907 = ( GEOMETRIC_REPRESENTATION_CONTEXT(2) 
PARAMETRIC_REPRESENTATION_CONTEXT() REPRESENTATION_CONTEXT('2D SPACE',''
  ) );
#6908 = PCURVE('',#1787,#6909);
#6909 = DEFINITIONAL_REPRESENTATION('',(#6910),#6913);
#6910 = B_SPLINE_CURVE_WITH_KNOTS('',1,(#6911,#6912),.UNSPECIFIED.,.F.,
  .F.,(2,2),(41.25,43.75),.PIECEWISE_BEZIER_KNOTS.);
#6911 = CARTESIAN_POINT('',(15.5,45.));
#6912 = CARTESIAN_POINT('',(15.5,47.5));
#6913 = ( GEOMETRIC_REPRESENTATION_CONTEXT(2) 
PARAMETRIC_REPRESENTATION_CONTEXT() REPRESENTATION_CONTEXT('2D SPACE',''
  ) );
#6914 = ORIENTED_EDGE('',*,*,#6915,.F.);
#6915 = EDGE_CURVE('',#6916,#6895,#6918,.T.);
#6916 = VERTEX_POINT('',#6917);
#6917 = CARTESIAN_POINT('',(47.5,3.5,18.));
#6918 = SURFACE_CURVE('',#6919,(#6924,#6931),.PCURVE_S1.);
#6919 = CIRCLE('',#6920,1.);
#6920 = AXIS2_PLACEMENT_3D('',#6921,#6922,#6923);
#6921 = CARTESIAN_POINT('',(48.5,3.5,18.));
#6922 = DIRECTION('',(0.,0.,1.));
#6923 = DIRECTION('',(0.,-1.,0.));
#6924 = PCURVE('',#1346,#6925);
#6925 = DEFINITIONAL_REPRESENTATION('',(#6926),#6930);
#6926 = CIRCLE('',#6927,1.);
#6927 = AXIS2_PLACEMENT_2D('',#6928,#6929);
#6928 = CARTESIAN_POINT('',(38.5,4.5));
#6929 = DIRECTION('',(0.,-1.));
#6930 = ( GEOMETRIC_REPRESENTATION_CONTEXT(2) 
PARAMETRIC_REPRESENTATION_CONTEXT() REPRESENTATION_CONTEXT('2D SPACE',''
  ) );
#6931 = PCURVE('',#3889,#6932);
#6932 = DEFINITIONAL_REPRESENTATION('',(#6933),#6937);
#6933 = LINE('',#6934,#6935);
#6934 = CARTESIAN_POINT('',(-4.712388980385,4.));
#6935 = VECTOR('',#6936,1.);
#6936 = DIRECTION('',(1.,0.));
#6937 = ( GEOMETRIC_REPRESENTATION_CONTEXT(2) 
PARAMETRIC_REPRESENTATION_CONTEXT() REPRESENTATION_CONTEXT('2D SPACE',''
  ) );
#6938 = ORIENTED_EDGE('',*,*,#6939,.F.);
#6939 = EDGE_CURVE('',#6940,#6916,#6942,.T.);
#6940 = VERTEX_POINT('',#6941);
#6941 = CARTESIAN_POINT('',(47.5,4.,18.));
#6942 = SURFACE_CURVE('',#6943,(#6947,#6953),.PCURVE_S1.);
#6943 = LINE('',#6944,#6945);
#6944 = CARTESIAN_POINT('',(47.5,0.75,18.));
#6945 = VECTOR('',#6946,1.);
#6946 = DIRECTION('',(0.,-1.,0.));
#6947 = PCURVE('',#1346,#6948);
#6948 = DEFINITIONAL_REPRESENTATION('',(#6949),#6952);
#6949 = B_SPLINE_CURVE_WITH_KNOTS('',1,(#6950,#6951),.UNSPECIFIED.,.F.,
  .F.,(2,2),(-3.25,-1.75),.PIECEWISE_BEZIER_KNOTS.);
#6950 = CARTESIAN_POINT('',(37.5,5.));
#6951 = CARTESIAN_POINT('',(37.5,3.5));
#6952 = ( GEOMETRIC_REPRESENTATION_CONTEXT(2) 
PARAMETRIC_REPRESENTATION_CONTEXT() REPRESENTATION_CONTEXT('2D SPACE',''
  ) );
#6953 = PCURVE('',#1864,#6954);
#6954 = DEFINITIONAL_REPRESENTATION('',(#6955),#6958);
#6955 = B_SPLINE_CURVE_WITH_KNOTS('',1,(#6956,#6957),.UNSPECIFIED.,.F.,
  .F.,(2,2),(-3.25,-1.75),.PIECEWISE_BEZIER_KNOTS.);
#6956 = CARTESIAN_POINT('',(15.5,-1.5));
#6957 = CARTESIAN_POINT('',(15.5,0.));
#6958 = ( GEOMETRIC_REPRESENTATION_CONTEXT(2) 
PARAMETRIC_REPRESENTATION_CONTEXT() REPRESENTATION_CONTEXT('2D SPACE',''
  ) );
#6959 = ORIENTED_EDGE('',*,*,#6960,.T.);
#6960 = EDGE_CURVE('',#6940,#6961,#6963,.T.);
#6961 = VERTEX_POINT('',#6962);
#6962 = CARTESIAN_POINT('',(47.5,5.,18.));
#6963 = SURFACE_CURVE('',#6964,(#6968,#6975),.PCURVE_S1.);
#6964 = LINE('',#6965,#6966);
#6965 = CARTESIAN_POINT('',(47.5,0.75,18.));
#6966 = VECTOR('',#6967,1.);
#6967 = DIRECTION('',(-0.,1.,-0.));
#6968 = PCURVE('',#1346,#6969);
#6969 = DEFINITIONAL_REPRESENTATION('',(#6970),#6974);
#6970 = LINE('',#6971,#6972);
#6971 = CARTESIAN_POINT('',(37.5,1.75));
#6972 = VECTOR('',#6973,1.);
#6973 = DIRECTION('',(0.,1.));
#6974 = ( GEOMETRIC_REPRESENTATION_CONTEXT(2) 
PARAMETRIC_REPRESENTATION_CONTEXT() REPRESENTATION_CONTEXT('2D SPACE',''
  ) );
#6975 = PCURVE('',#1864,#6976);
#6976 = DEFINITIONAL_REPRESENTATION('',(#6977),#6981);
#6977 = LINE('',#6978,#6979);
#6978 = CARTESIAN_POINT('',(15.5,1.75));
#6979 = VECTOR('',#6980,1.);
#6980 = DIRECTION('',(0.,-1.));
#6981 = ( GEOMETRIC_REPRESENTATION_CONTEXT(2) 
PARAMETRIC_REPRESENTATION_CONTEXT() REPRESENTATION_CONTEXT('2D SPACE',''
  ) );
#6982 = ORIENTED_EDGE('',*,*,#6983,.T.);
#6983 = EDGE_CURVE('',#6961,#6984,#6986,.T.);
#6984 = VERTEX_POINT('',#6985);
#6985 = CARTESIAN_POINT('',(46.5,4.,18.));
#6986 = SURFACE_CURVE('',#6987,(#6992,#7003),.PCURVE_S1.);
#6987 = CIRCLE('',#6988,1.);
#6988 = AXIS2_PLACEMENT_3D('',#6989,#6990,#6991);
#6989 = CARTESIAN_POINT('',(46.5,5.,18.));
#6990 = DIRECTION('',(-0.,-0.,-1.));
#6991 = DIRECTION('',(0.,-1.,0.));
#6992 = PCURVE('',#1346,#6993);
#6993 = DEFINITIONAL_REPRESENTATION('',(#6994),#7002);
#6994 = ( BOUNDED_CURVE() B_SPLINE_CURVE(2,(#6995,#6996,#6997,#6998,
#6999,#7000,#7001),.UNSPECIFIED.,.T.,.F.) B_SPLINE_CURVE_WITH_KNOTS((1,2
    ,2,2,2,1),(-2.094395102393,0.,2.094395102393,4.188790204786,
6.28318530718,8.377580409573),.UNSPECIFIED.) CURVE() 
GEOMETRIC_REPRESENTATION_ITEM() RATIONAL_B_SPLINE_CURVE((1.,0.5,1.,0.5,
1.,0.5,1.)) REPRESENTATION_ITEM('') );
#6995 = CARTESIAN_POINT('',(36.5,5.));
#6996 = CARTESIAN_POINT('',(34.767949192431,5.));
#6997 = CARTESIAN_POINT('',(35.633974596216,6.5));
#6998 = CARTESIAN_POINT('',(36.5,8.));
#6999 = CARTESIAN_POINT('',(37.366025403784,6.5));
#7000 = CARTESIAN_POINT('',(38.232050807569,5.));
#7001 = CARTESIAN_POINT('',(36.5,5.));
#7002 = ( GEOMETRIC_REPRESENTATION_CONTEXT(2) 
PARAMETRIC_REPRESENTATION_CONTEXT() REPRESENTATION_CONTEXT('2D SPACE',''
  ) );
#7003 = PCURVE('',#5967,#7004);
#7004 = DEFINITIONAL_REPRESENTATION('',(#7005),#7009);
#7005 = LINE('',#7006,#7007);
#7006 = CARTESIAN_POINT('',(4.712388980385,-0.));
#7007 = VECTOR('',#7008,1.);
#7008 = DIRECTION('',(-1.,0.));
#7009 = ( GEOMETRIC_REPRESENTATION_CONTEXT(2) 
PARAMETRIC_REPRESENTATION_CONTEXT() REPRESENTATION_CONTEXT('2D SPACE',''
  ) );
#7010 = ORIENTED_EDGE('',*,*,#7011,.F.);
#7011 = EDGE_CURVE('',#7012,#6984,#7014,.T.);
#7012 = VERTEX_POINT('',#7013);
#7013 = CARTESIAN_POINT('',(46.,4.,18.));
#7014 = SURFACE_CURVE('',#7015,(#7019,#7026),.PCURVE_S1.);
#7015 = LINE('',#7016,#7017);
#7016 = CARTESIAN_POINT('',(10.,4.,18.));
#7017 = VECTOR('',#7018,1.);
#7018 = DIRECTION('',(1.,0.,-0.));
#7019 = PCURVE('',#1346,#7020);
#7020 = DEFINITIONAL_REPRESENTATION('',(#7021),#7025);
#7021 = LINE('',#7022,#7023);
#7022 = CARTESIAN_POINT('',(0.,5.));
#7023 = VECTOR('',#7024,1.);
#7024 = DIRECTION('',(1.,0.));
#7025 = ( GEOMETRIC_REPRESENTATION_CONTEXT(2) 
PARAMETRIC_REPRESENTATION_CONTEXT() REPRESENTATION_CONTEXT('2D SPACE',''
  ) );
#7026 = PCURVE('',#5995,#7027);
#7027 = DEFINITIONAL_REPRESENTATION('',(#7028),#7032);
#7028 = LINE('',#7029,#7030);
#7029 = CARTESIAN_POINT('',(0.,0.));
#7030 = VECTOR('',#7031,1.);
#7031 = DIRECTION('',(0.,1.));
#7032 = ( GEOMETRIC_REPRESENTATION_CONTEXT(2) 
PARAMETRIC_REPRESENTATION_CONTEXT() REPRESENTATION_CONTEXT('2D SPACE',''
  ) );
#7033 = ORIENTED_EDGE('',*,*,#7034,.F.);
#7034 = EDGE_CURVE('',#7035,#7012,#7037,.T.);
#7035 = VERTEX_POINT('',#7036);
#7036 = CARTESIAN_POINT('',(45.,5.,18.));
#7037 = SURFACE_CURVE('',#7038,(#7043,#7050),.PCURVE_S1.);
#7038 = CIRCLE('',#7039,1.);
#7039 = AXIS2_PLACEMENT_3D('',#7040,#7041,#7042);
#7040 = CARTESIAN_POINT('',(46.,5.,18.));
#7041 = DIRECTION('',(0.,0.,1.));
#7042 = DIRECTION('',(0.,-1.,0.));
#7043 = PCURVE('',#1346,#7044);
#7044 = DEFINITIONAL_REPRESENTATION('',(#7045),#7049);
#7045 = CIRCLE('',#7046,1.);
#7046 = AXIS2_PLACEMENT_2D('',#7047,#7048);
#7047 = CARTESIAN_POINT('',(36.,6.));
#7048 = DIRECTION('',(0.,-1.));
#7049 = ( GEOMETRIC_REPRESENTATION_CONTEXT(2) 
PARAMETRIC_REPRESENTATION_CONTEXT() REPRESENTATION_CONTEXT('2D SPACE',''
  ) );
#7050 = PCURVE('',#6024,#7051);
#7051 = DEFINITIONAL_REPRESENTATION('',(#7052),#7056);
#7052 = LINE('',#7053,#7054);
#7053 = CARTESIAN_POINT('',(-4.712388980385,0.));
#7054 = VECTOR('',#7055,1.);
#7055 = DIRECTION('',(1.,0.));
#7056 = ( GEOMETRIC_REPRESENTATION_CONTEXT(2) 
PARAMETRIC_REPRESENTATION_CONTEXT() REPRESENTATION_CONTEXT('2D SPACE',''
  ) );
#7057 = ORIENTED_EDGE('',*,*,#7058,.F.);
#7058 = EDGE_CURVE('',#7059,#7035,#7061,.T.);
#7059 = VERTEX_POINT('',#7060);
#7060 = CARTESIAN_POINT('',(45.,4.,18.));
#7061 = SURFACE_CURVE('',#7062,(#7066,#7073),.PCURVE_S1.);
#7062 = LINE('',#7063,#7064);
#7063 = CARTESIAN_POINT('',(45.,0.75,18.));
#7064 = VECTOR('',#7065,1.);
#7065 = DIRECTION('',(-0.,1.,-0.));
#7066 = PCURVE('',#1346,#7067);
#7067 = DEFINITIONAL_REPRESENTATION('',(#7068),#7072);
#7068 = LINE('',#7069,#7070);
#7069 = CARTESIAN_POINT('',(35.,1.75));
#7070 = VECTOR('',#7071,1.);
#7071 = DIRECTION('',(0.,1.));
#7072 = ( GEOMETRIC_REPRESENTATION_CONTEXT(2) 
PARAMETRIC_REPRESENTATION_CONTEXT() REPRESENTATION_CONTEXT('2D SPACE',''
  ) );
#7073 = PCURVE('',#2000,#7074);
#7074 = DEFINITIONAL_REPRESENTATION('',(#7075),#7079);
#7075 = LINE('',#7076,#7077);
#7076 = CARTESIAN_POINT('',(15.5,1.75));
#7077 = VECTOR('',#7078,1.);
#7078 = DIRECTION('',(0.,-1.));
#7079 = ( GEOMETRIC_REPRESENTATION_CONTEXT(2) 
PARAMETRIC_REPRESENTATION_CONTEXT() REPRESENTATION_CONTEXT('2D SPACE',''
  ) );
#7080 = ORIENTED_EDGE('',*,*,#7081,.T.);
#7081 = EDGE_CURVE('',#7059,#7082,#7084,.T.);
#7082 = VERTEX_POINT('',#7083);
#7083 = CARTESIAN_POINT('',(45.,3.5,18.));
#7084 = SURFACE_CURVE('',#7085,(#7089,#7095),.PCURVE_S1.);
#7085 = LINE('',#7086,#7087);
#7086 = CARTESIAN_POINT('',(45.,0.75,18.));
#7087 = VECTOR('',#7088,1.);
#7088 = DIRECTION('',(0.,-1.,0.));
#7089 = PCURVE('',#1346,#7090);
#7090 = DEFINITIONAL_REPRESENTATION('',(#7091),#7094);
#7091 = B_SPLINE_CURVE_WITH_KNOTS('',1,(#7092,#7093),.UNSPECIFIED.,.F.,
  .F.,(2,2),(-3.25,-1.75),.PIECEWISE_BEZIER_KNOTS.);
#7092 = CARTESIAN_POINT('',(35.,5.));
#7093 = CARTESIAN_POINT('',(35.,3.5));
#7094 = ( GEOMETRIC_REPRESENTATION_CONTEXT(2) 
PARAMETRIC_REPRESENTATION_CONTEXT() REPRESENTATION_CONTEXT('2D SPACE',''
  ) );
#7095 = PCURVE('',#2000,#7096);
#7096 = DEFINITIONAL_REPRESENTATION('',(#7097),#7100);
#7097 = B_SPLINE_CURVE_WITH_KNOTS('',1,(#7098,#7099),.UNSPECIFIED.,.F.,
  .F.,(2,2),(-3.25,-1.75),.PIECEWISE_BEZIER_KNOTS.);
#7098 = CARTESIAN_POINT('',(15.5,-1.5));
#7099 = CARTESIAN_POINT('',(15.5,0.));
#7100 = ( GEOMETRIC_REPRESENTATION_CONTEXT(2) 
PARAMETRIC_REPRESENTATION_CONTEXT() REPRESENTATION_CONTEXT('2D SPACE',''
  ) );
#7101 = ORIENTED_EDGE('',*,*,#7102,.T.);
#7102 = EDGE_CURVE('',#7082,#7103,#7105,.T.);
#7103 = VERTEX_POINT('',#7104);
#7104 = CARTESIAN_POINT('',(44.,2.5,18.));
#7105 = SURFACE_CURVE('',#7106,(#7111,#7122),.PCURVE_S1.);
#7106 = CIRCLE('',#7107,1.);
#7107 = AXIS2_PLACEMENT_3D('',#7108,#7109,#7110);
#7108 = CARTESIAN_POINT('',(44.,3.5,18.));
#7109 = DIRECTION('',(-0.,-0.,-1.));
#7110 = DIRECTION('',(0.,-1.,0.));
#7111 = PCURVE('',#1346,#7112);
#7112 = DEFINITIONAL_REPRESENTATION('',(#7113),#7121);
#7113 = ( BOUNDED_CURVE() B_SPLINE_CURVE(2,(#7114,#7115,#7116,#7117,
#7118,#7119,#7120),.UNSPECIFIED.,.T.,.F.) B_SPLINE_CURVE_WITH_KNOTS((1,2
    ,2,2,2,1),(-2.094395102393,0.,2.094395102393,4.188790204786,
6.28318530718,8.377580409573),.UNSPECIFIED.) CURVE() 
GEOMETRIC_REPRESENTATION_ITEM() RATIONAL_B_SPLINE_CURVE((1.,0.5,1.,0.5,
1.,0.5,1.)) REPRESENTATION_ITEM('') );
#7114 = CARTESIAN_POINT('',(34.,3.5));
#7115 = CARTESIAN_POINT('',(32.267949192431,3.5));
#7116 = CARTESIAN_POINT('',(33.133974596216,5.));
#7117 = CARTESIAN_POINT('',(34.,6.5));
#7118 = CARTESIAN_POINT('',(34.866025403784,5.));
#7119 = CARTESIAN_POINT('',(35.732050807569,3.5));
#7120 = CARTESIAN_POINT('',(34.,3.5));
#7121 = ( GEOMETRIC_REPRESENTATION_CONTEXT(2) 
PARAMETRIC_REPRESENTATION_CONTEXT() REPRESENTATION_CONTEXT('2D SPACE',''
  ) );
#7122 = PCURVE('',#4100,#7123);
#7123 = DEFINITIONAL_REPRESENTATION('',(#7124),#7128);
#7124 = LINE('',#7125,#7126);
#7125 = CARTESIAN_POINT('',(4.712388980385,4.));
#7126 = VECTOR('',#7127,1.);
#7127 = DIRECTION('',(-1.,0.));
#7128 = ( GEOMETRIC_REPRESENTATION_CONTEXT(2) 
PARAMETRIC_REPRESENTATION_CONTEXT() REPRESENTATION_CONTEXT('2D SPACE',''
  ) );
#7129 = ORIENTED_EDGE('',*,*,#7130,.F.);
#7130 = EDGE_CURVE('',#7131,#7103,#7133,.T.);
#7131 = VERTEX_POINT('',#7132);
#7132 = CARTESIAN_POINT('',(33.5,2.5,18.));
#7133 = SURFACE_CURVE('',#7134,(#7138,#7144),.PCURVE_S1.);
#7134 = LINE('',#7135,#7136);
#7135 = CARTESIAN_POINT('',(6.25,2.5,18.));
#7136 = VECTOR('',#7137,1.);
#7137 = DIRECTION('',(1.,0.,-0.));
#7138 = PCURVE('',#1346,#7139);
#7139 = DEFINITIONAL_REPRESENTATION('',(#7140),#7143);
#7140 = B_SPLINE_CURVE_WITH_KNOTS('',1,(#7141,#7142),.UNSPECIFIED.,.F.,
  .F.,(2,2),(26.25,38.75),.PIECEWISE_BEZIER_KNOTS.);
#7141 = CARTESIAN_POINT('',(22.5,3.5));
#7142 = CARTESIAN_POINT('',(35.,3.5));
#7143 = ( GEOMETRIC_REPRESENTATION_CONTEXT(2) 
PARAMETRIC_REPRESENTATION_CONTEXT() REPRESENTATION_CONTEXT('2D SPACE',''
  ) );
#7144 = PCURVE('',#4127,#7145);
#7145 = DEFINITIONAL_REPRESENTATION('',(#7146),#7149);
#7146 = B_SPLINE_CURVE_WITH_KNOTS('',1,(#7147,#7148),.UNSPECIFIED.,.F.,
  .F.,(2,2),(26.25,38.75),.PIECEWISE_BEZIER_KNOTS.);
#7147 = CARTESIAN_POINT('',(15.5,30.));
#7148 = CARTESIAN_POINT('',(15.5,42.5));
#7149 = ( GEOMETRIC_REPRESENTATION_CONTEXT(2) 
PARAMETRIC_REPRESENTATION_CONTEXT() REPRESENTATION_CONTEXT('2D SPACE',''
  ) );
#7150 = ORIENTED_EDGE('',*,*,#7151,.F.);
#7151 = EDGE_CURVE('',#7152,#7131,#7154,.T.);
#7152 = VERTEX_POINT('',#7153);
#7153 = CARTESIAN_POINT('',(32.5,3.5,18.));
#7154 = SURFACE_CURVE('',#7155,(#7160,#7167),.PCURVE_S1.);
#7155 = CIRCLE('',#7156,1.);
#7156 = AXIS2_PLACEMENT_3D('',#7157,#7158,#7159);
#7157 = CARTESIAN_POINT('',(33.5,3.5,18.));
#7158 = DIRECTION('',(0.,0.,1.));
#7159 = DIRECTION('',(0.,-1.,0.));
#7160 = PCURVE('',#1346,#7161);
#7161 = DEFINITIONAL_REPRESENTATION('',(#7162),#7166);
#7162 = CIRCLE('',#7163,1.);
#7163 = AXIS2_PLACEMENT_2D('',#7164,#7165);
#7164 = CARTESIAN_POINT('',(23.5,4.5));
#7165 = DIRECTION('',(0.,-1.));
#7166 = ( GEOMETRIC_REPRESENTATION_CONTEXT(2) 
PARAMETRIC_REPRESENTATION_CONTEXT() REPRESENTATION_CONTEXT('2D SPACE',''
  ) );
#7167 = PCURVE('',#4155,#7168);
#7168 = DEFINITIONAL_REPRESENTATION('',(#7169),#7173);
#7169 = LINE('',#7170,#7171);
#7170 = CARTESIAN_POINT('',(-4.712388980385,4.));
#7171 = VECTOR('',#7172,1.);
#7172 = DIRECTION('',(1.,0.));
#7173 = ( GEOMETRIC_REPRESENTATION_CONTEXT(2) 
PARAMETRIC_REPRESENTATION_CONTEXT() REPRESENTATION_CONTEXT('2D SPACE',''
  ) );
#7174 = ORIENTED_EDGE('',*,*,#7175,.F.);
#7175 = EDGE_CURVE('',#7176,#7152,#7178,.T.);
#7176 = VERTEX_POINT('',#7177);
#7177 = CARTESIAN_POINT('',(32.5,4.,18.));
#7178 = SURFACE_CURVE('',#7179,(#7183,#7189),.PCURVE_S1.);
#7179 = LINE('',#7180,#7181);
#7180 = CARTESIAN_POINT('',(32.5,0.75,18.));
#7181 = VECTOR('',#7182,1.);
#7182 = DIRECTION('',(0.,-1.,0.));
#7183 = PCURVE('',#1346,#7184);
#7184 = DEFINITIONAL_REPRESENTATION('',(#7185),#7188);
#7185 = B_SPLINE_CURVE_WITH_KNOTS('',1,(#7186,#7187),.UNSPECIFIED.,.F.,
  .F.,(2,2),(-3.25,-1.75),.PIECEWISE_BEZIER_KNOTS.);
#7186 = CARTESIAN_POINT('',(22.5,5.));
#7187 = CARTESIAN_POINT('',(22.5,3.5));
#7188 = ( GEOMETRIC_REPRESENTATION_CONTEXT(2) 
PARAMETRIC_REPRESENTATION_CONTEXT() REPRESENTATION_CONTEXT('2D SPACE',''
  ) );
#7189 = PCURVE('',#2132,#7190);
#7190 = DEFINITIONAL_REPRESENTATION('',(#7191),#7194);
#7191 = B_SPLINE_CURVE_WITH_KNOTS('',1,(#7192,#7193),.UNSPECIFIED.,.F.,
  .F.,(2,2),(-3.25,-1.75),.PIECEWISE_BEZIER_KNOTS.);
#7192 = CARTESIAN_POINT('',(15.5,-1.5));
#7193 = CARTESIAN_POINT('',(15.5,0.));
#7194 = ( GEOMETRIC_REPRESENTATION_CONTEXT(2) 
PARAMETRIC_REPRESENTATION_CONTEXT() REPRESENTATION_CONTEXT('2D SPACE',''
  ) );
#7195 = ORIENTED_EDGE('',*,*,#7196,.T.);
#7196 = EDGE_CURVE('',#7176,#7197,#7199,.T.);
#7197 = VERTEX_POINT('',#7198);
#7198 = CARTESIAN_POINT('',(32.5,5.,18.));
#7199 = SURFACE_CURVE('',#7200,(#7204,#7211),.PCURVE_S1.);
#7200 = LINE('',#7201,#7202);
#7201 = CARTESIAN_POINT('',(32.5,0.75,18.));
#7202 = VECTOR('',#7203,1.);
#7203 = DIRECTION('',(-0.,1.,-0.));
#7204 = PCURVE('',#1346,#7205);
#7205 = DEFINITIONAL_REPRESENTATION('',(#7206),#7210);
#7206 = LINE('',#7207,#7208);
#7207 = CARTESIAN_POINT('',(22.5,1.75));
#7208 = VECTOR('',#7209,1.);
#7209 = DIRECTION('',(0.,1.));
#7210 = ( GEOMETRIC_REPRESENTATION_CONTEXT(2) 
PARAMETRIC_REPRESENTATION_CONTEXT() REPRESENTATION_CONTEXT('2D SPACE',''
  ) );
#7211 = PCURVE('',#2132,#7212);
#7212 = DEFINITIONAL_REPRESENTATION('',(#7213),#7217);
#7213 = LINE('',#7214,#7215);
#7214 = CARTESIAN_POINT('',(15.5,1.75));
#7215 = VECTOR('',#7216,1.);
#7216 = DIRECTION('',(0.,-1.));
#7217 = ( GEOMETRIC_REPRESENTATION_CONTEXT(2) 
PARAMETRIC_REPRESENTATION_CONTEXT() REPRESENTATION_CONTEXT('2D SPACE',''
  ) );
#7218 = ORIENTED_EDGE('',*,*,#7219,.T.);
#7219 = EDGE_CURVE('',#7197,#7220,#7222,.T.);
#7220 = VERTEX_POINT('',#7221);
#7221 = CARTESIAN_POINT('',(31.5,4.,18.));
#7222 = SURFACE_CURVE('',#7223,(#7228,#7239),.PCURVE_S1.);
#7223 = CIRCLE('',#7224,1.);
#7224 = AXIS2_PLACEMENT_3D('',#7225,#7226,#7227);
#7225 = CARTESIAN_POINT('',(31.5,5.,18.));
#7226 = DIRECTION('',(-0.,-0.,-1.));
#7227 = DIRECTION('',(0.,-1.,0.));
#7228 = PCURVE('',#1346,#7229);
#7229 = DEFINITIONAL_REPRESENTATION('',(#7230),#7238);
#7230 = ( BOUNDED_CURVE() B_SPLINE_CURVE(2,(#7231,#7232,#7233,#7234,
#7235,#7236,#7237),.UNSPECIFIED.,.T.,.F.) B_SPLINE_CURVE_WITH_KNOTS((1,2
    ,2,2,2,1),(-2.094395102393,0.,2.094395102393,4.188790204786,
6.28318530718,8.377580409573),.UNSPECIFIED.) CURVE() 
GEOMETRIC_REPRESENTATION_ITEM() RATIONAL_B_SPLINE_CURVE((1.,0.5,1.,0.5,
1.,0.5,1.)) REPRESENTATION_ITEM('') );
#7231 = CARTESIAN_POINT('',(21.5,5.));
#7232 = CARTESIAN_POINT('',(19.767949192431,5.));
#7233 = CARTESIAN_POINT('',(20.633974596216,6.5));
#7234 = CARTESIAN_POINT('',(21.5,8.));
#7235 = CARTESIAN_POINT('',(22.366025403784,6.5));
#7236 = CARTESIAN_POINT('',(23.232050807569,5.));
#7237 = CARTESIAN_POINT('',(21.5,5.));
#7238 = ( GEOMETRIC_REPRESENTATION_CONTEXT(2) 
PARAMETRIC_REPRESENTATION_CONTEXT() REPRESENTATION_CONTEXT('2D SPACE',''
  ) );
#7239 = PCURVE('',#6233,#7240);
#7240 = DEFINITIONAL_REPRESENTATION('',(#7241),#7245);
#7241 = LINE('',#7242,#7243);
#7242 = CARTESIAN_POINT('',(4.712388980385,-0.));
#7243 = VECTOR('',#7244,1.);
#7244 = DIRECTION('',(-1.,0.));
#7245 = ( GEOMETRIC_REPRESENTATION_CONTEXT(2) 
PARAMETRIC_REPRESENTATION_CONTEXT() REPRESENTATION_CONTEXT('2D SPACE',''
  ) );
#7246 = ORIENTED_EDGE('',*,*,#7247,.F.);
#7247 = EDGE_CURVE('',#7248,#7220,#7250,.T.);
#7248 = VERTEX_POINT('',#7249);
#7249 = CARTESIAN_POINT('',(31.,4.,18.));
#7250 = SURFACE_CURVE('',#7251,(#7255,#7262),.PCURVE_S1.);
#7251 = LINE('',#7252,#7253);
#7252 = CARTESIAN_POINT('',(10.,4.,18.));
#7253 = VECTOR('',#7254,1.);
#7254 = DIRECTION('',(1.,0.,-0.));
#7255 = PCURVE('',#1346,#7256);
#7256 = DEFINITIONAL_REPRESENTATION('',(#7257),#7261);
#7257 = LINE('',#7258,#7259);
#7258 = CARTESIAN_POINT('',(0.,5.));
#7259 = VECTOR('',#7260,1.);
#7260 = DIRECTION('',(1.,0.));
#7261 = ( GEOMETRIC_REPRESENTATION_CONTEXT(2) 
PARAMETRIC_REPRESENTATION_CONTEXT() REPRESENTATION_CONTEXT('2D SPACE',''
  ) );
#7262 = PCURVE('',#6261,#7263);
#7263 = DEFINITIONAL_REPRESENTATION('',(#7264),#7268);
#7264 = LINE('',#7265,#7266);
#7265 = CARTESIAN_POINT('',(0.,0.));
#7266 = VECTOR('',#7267,1.);
#7267 = DIRECTION('',(0.,1.));
#7268 = ( GEOMETRIC_REPRESENTATION_CONTEXT(2) 
PARAMETRIC_REPRESENTATION_CONTEXT() REPRESENTATION_CONTEXT('2D SPACE',''
  ) );
#7269 = ORIENTED_EDGE('',*,*,#7270,.F.);
#7270 = EDGE_CURVE('',#7271,#7248,#7273,.T.);
#7271 = VERTEX_POINT('',#7272);
#7272 = CARTESIAN_POINT('',(30.,5.,18.));
#7273 = SURFACE_CURVE('',#7274,(#7279,#7286),.PCURVE_S1.);
#7274 = CIRCLE('',#7275,1.);
#7275 = AXIS2_PLACEMENT_3D('',#7276,#7277,#7278);
#7276 = CARTESIAN_POINT('',(31.,5.,18.));
#7277 = DIRECTION('',(0.,0.,1.));
#7278 = DIRECTION('',(0.,-1.,0.));
#7279 = PCURVE('',#1346,#7280);
#7280 = DEFINITIONAL_REPRESENTATION('',(#7281),#7285);
#7281 = CIRCLE('',#7282,1.);
#7282 = AXIS2_PLACEMENT_2D('',#7283,#7284);
#7283 = CARTESIAN_POINT('',(21.,6.));
#7284 = DIRECTION('',(0.,-1.));
#7285 = ( GEOMETRIC_REPRESENTATION_CONTEXT(2) 
PARAMETRIC_REPRESENTATION_CONTEXT() REPRESENTATION_CONTEXT('2D SPACE',''
  ) );
#7286 = PCURVE('',#6290,#7287);
#7287 = DEFINITIONAL_REPRESENTATION('',(#7288),#7292);
#7288 = LINE('',#7289,#7290);
#7289 = CARTESIAN_POINT('',(-4.712388980385,0.));
#7290 = VECTOR('',#7291,1.);
#7291 = DIRECTION('',(1.,0.));
#7292 = ( GEOMETRIC_REPRESENTATION_CONTEXT(2) 
PARAMETRIC_REPRESENTATION_CONTEXT() REPRESENTATION_CONTEXT('2D SPACE',''
  ) );
#7293 = ORIENTED_EDGE('',*,*,#7294,.F.);
#7294 = EDGE_CURVE('',#7295,#7271,#7297,.T.);
#7295 = VERTEX_POINT('',#7296);
#7296 = CARTESIAN_POINT('',(30.,4.,18.));
#7297 = SURFACE_CURVE('',#7298,(#7302,#7309),.PCURVE_S1.);
#7298 = LINE('',#7299,#7300);
#7299 = CARTESIAN_POINT('',(30.,0.75,18.));
#7300 = VECTOR('',#7301,1.);
#7301 = DIRECTION('',(-0.,1.,-0.));
#7302 = PCURVE('',#1346,#7303);
#7303 = DEFINITIONAL_REPRESENTATION('',(#7304),#7308);
#7304 = LINE('',#7305,#7306);
#7305 = CARTESIAN_POINT('',(20.,1.75));
#7306 = VECTOR('',#7307,1.);
#7307 = DIRECTION('',(0.,1.));
#7308 = ( GEOMETRIC_REPRESENTATION_CONTEXT(2) 
PARAMETRIC_REPRESENTATION_CONTEXT() REPRESENTATION_CONTEXT('2D SPACE',''
  ) );
#7309 = PCURVE('',#2268,#7310);
#7310 = DEFINITIONAL_REPRESENTATION('',(#7311),#7315);
#7311 = LINE('',#7312,#7313);
#7312 = CARTESIAN_POINT('',(15.5,1.75));
#7313 = VECTOR('',#7314,1.);
#7314 = DIRECTION('',(0.,-1.));
#7315 = ( GEOMETRIC_REPRESENTATION_CONTEXT(2) 
PARAMETRIC_REPRESENTATION_CONTEXT() REPRESENTATION_CONTEXT('2D SPACE',''
  ) );
#7316 = ORIENTED_EDGE('',*,*,#7317,.T.);
#7317 = EDGE_CURVE('',#7295,#7318,#7320,.T.);
#7318 = VERTEX_POINT('',#7319);
#7319 = CARTESIAN_POINT('',(30.,3.5,18.));
#7320 = SURFACE_CURVE('',#7321,(#7325,#7331),.PCURVE_S1.);
#7321 = LINE('',#7322,#7323);
#7322 = CARTESIAN_POINT('',(30.,0.75,18.));
#7323 = VECTOR('',#7324,1.);
#7324 = DIRECTION('',(0.,-1.,0.));
#7325 = PCURVE('',#1346,#7326);
#7326 = DEFINITIONAL_REPRESENTATION('',(#7327),#7330);
#7327 = B_SPLINE_CURVE_WITH_KNOTS('',1,(#7328,#7329),.UNSPECIFIED.,.F.,
  .F.,(2,2),(-3.25,-1.75),.PIECEWISE_BEZIER_KNOTS.);
#7328 = CARTESIAN_POINT('',(20.,5.));
#7329 = CARTESIAN_POINT('',(20.,3.5));
#7330 = ( GEOMETRIC_REPRESENTATION_CONTEXT(2) 
PARAMETRIC_REPRESENTATION_CONTEXT() REPRESENTATION_CONTEXT('2D SPACE',''
  ) );
#7331 = PCURVE('',#2268,#7332);
#7332 = DEFINITIONAL_REPRESENTATION('',(#7333),#7336);
#7333 = B_SPLINE_CURVE_WITH_KNOTS('',1,(#7334,#7335),.UNSPECIFIED.,.F.,
  .F.,(2,2),(-3.25,-1.75),.PIECEWISE_BEZIER_KNOTS.);
#7334 = CARTESIAN_POINT('',(15.5,-1.5));
#7335 = CARTESIAN_POINT('',(15.5,0.));
#7336 = ( GEOMETRIC_REPRESENTATION_CONTEXT(2) 
PARAMETRIC_REPRESENTATION_CONTEXT() REPRESENTATION_CONTEXT('2D SPACE',''
  ) );
#7337 = ORIENTED_EDGE('',*,*,#7338,.T.);
#7338 = EDGE_CURVE('',#7318,#7339,#7341,.T.);
#7339 = VERTEX_POINT('',#7340);
#7340 = CARTESIAN_POINT('',(29.,2.5,18.));
#7341 = SURFACE_CURVE('',#7342,(#7347,#7358),.PCURVE_S1.);
#7342 = CIRCLE('',#7343,1.);
#7343 = AXIS2_PLACEMENT_3D('',#7344,#7345,#7346);
#7344 = CARTESIAN_POINT('',(29.,3.5,18.));
#7345 = DIRECTION('',(-0.,-0.,-1.));
#7346 = DIRECTION('',(0.,-1.,0.));
#7347 = PCURVE('',#1346,#7348);
#7348 = DEFINITIONAL_REPRESENTATION('',(#7349),#7357);
#7349 = ( BOUNDED_CURVE() B_SPLINE_CURVE(2,(#7350,#7351,#7352,#7353,
#7354,#7355,#7356),.UNSPECIFIED.,.T.,.F.) B_SPLINE_CURVE_WITH_KNOTS((1,2
    ,2,2,2,1),(-2.094395102393,0.,2.094395102393,4.188790204786,
6.28318530718,8.377580409573),.UNSPECIFIED.) CURVE() 
GEOMETRIC_REPRESENTATION_ITEM() RATIONAL_B_SPLINE_CURVE((1.,0.5,1.,0.5,
1.,0.5,1.)) REPRESENTATION_ITEM('') );
#7350 = CARTESIAN_POINT('',(19.,3.5));
#7351 = CARTESIAN_POINT('',(17.267949192431,3.5));
#7352 = CARTESIAN_POINT('',(18.133974596216,5.));
#7353 = CARTESIAN_POINT('',(19.,6.5));
#7354 = CARTESIAN_POINT('',(19.866025403784,5.));
#7355 = CARTESIAN_POINT('',(20.732050807569,3.5));
#7356 = CARTESIAN_POINT('',(19.,3.5));
#7357 = ( GEOMETRIC_REPRESENTATION_CONTEXT(2) 
PARAMETRIC_REPRESENTATION_CONTEXT() REPRESENTATION_CONTEXT('2D SPACE',''
  ) );
#7358 = PCURVE('',#4366,#7359);
#7359 = DEFINITIONAL_REPRESENTATION('',(#7360),#7364);
#7360 = LINE('',#7361,#7362);
#7361 = CARTESIAN_POINT('',(4.712388980385,4.));
#7362 = VECTOR('',#7363,1.);
#7363 = DIRECTION('',(-1.,0.));
#7364 = ( GEOMETRIC_REPRESENTATION_CONTEXT(2) 
PARAMETRIC_REPRESENTATION_CONTEXT() REPRESENTATION_CONTEXT('2D SPACE',''
  ) );
#7365 = ORIENTED_EDGE('',*,*,#7366,.F.);
#7366 = EDGE_CURVE('',#7367,#7339,#7369,.T.);
#7367 = VERTEX_POINT('',#7368);
#7368 = CARTESIAN_POINT('',(18.5,2.5,18.));
#7369 = SURFACE_CURVE('',#7370,(#7374,#7380),.PCURVE_S1.);
#7370 = LINE('',#7371,#7372);
#7371 = CARTESIAN_POINT('',(6.25,2.5,18.));
#7372 = VECTOR('',#7373,1.);
#7373 = DIRECTION('',(1.,0.,-0.));
#7374 = PCURVE('',#1346,#7375);
#7375 = DEFINITIONAL_REPRESENTATION('',(#7376),#7379);
#7376 = B_SPLINE_CURVE_WITH_KNOTS('',1,(#7377,#7378),.UNSPECIFIED.,.F.,
  .F.,(2,2),(11.25,23.75),.PIECEWISE_BEZIER_KNOTS.);
#7377 = CARTESIAN_POINT('',(7.5,3.5));
#7378 = CARTESIAN_POINT('',(20.,3.5));
#7379 = ( GEOMETRIC_REPRESENTATION_CONTEXT(2) 
PARAMETRIC_REPRESENTATION_CONTEXT() REPRESENTATION_CONTEXT('2D SPACE',''
  ) );
#7380 = PCURVE('',#4393,#7381);
#7381 = DEFINITIONAL_REPRESENTATION('',(#7382),#7385);
#7382 = B_SPLINE_CURVE_WITH_KNOTS('',1,(#7383,#7384),.UNSPECIFIED.,.F.,
  .F.,(2,2),(11.25,23.75),.PIECEWISE_BEZIER_KNOTS.);
#7383 = CARTESIAN_POINT('',(15.5,15.));
#7384 = CARTESIAN_POINT('',(15.5,27.5));
#7385 = ( GEOMETRIC_REPRESENTATION_CONTEXT(2) 
PARAMETRIC_REPRESENTATION_CONTEXT() REPRESENTATION_CONTEXT('2D SPACE',''
  ) );
#7386 = ORIENTED_EDGE('',*,*,#7387,.F.);
#7387 = EDGE_CURVE('',#7388,#7367,#7390,.T.);
#7388 = VERTEX_POINT('',#7389);
#7389 = CARTESIAN_POINT('',(17.5,3.5,18.));
#7390 = SURFACE_CURVE('',#7391,(#7396,#7403),.PCURVE_S1.);
#7391 = CIRCLE('',#7392,1.);
#7392 = AXIS2_PLACEMENT_3D('',#7393,#7394,#7395);
#7393 = CARTESIAN_POINT('',(18.5,3.5,18.));
#7394 = DIRECTION('',(0.,0.,1.));
#7395 = DIRECTION('',(0.,-1.,0.));
#7396 = PCURVE('',#1346,#7397);
#7397 = DEFINITIONAL_REPRESENTATION('',(#7398),#7402);
#7398 = CIRCLE('',#7399,1.);
#7399 = AXIS2_PLACEMENT_2D('',#7400,#7401);
#7400 = CARTESIAN_POINT('',(8.5,4.5));
#7401 = DIRECTION('',(0.,-1.));
#7402 = ( GEOMETRIC_REPRESENTATION_CONTEXT(2) 
PARAMETRIC_REPRESENTATION_CONTEXT() REPRESENTATION_CONTEXT('2D SPACE',''
  ) );
#7403 = PCURVE('',#4421,#7404);
#7404 = DEFINITIONAL_REPRESENTATION('',(#7405),#7409);
#7405 = LINE('',#7406,#7407);
#7406 = CARTESIAN_POINT('',(-4.712388980385,4.));
#7407 = VECTOR('',#7408,1.);
#7408 = DIRECTION('',(1.,0.));
#7409 = ( GEOMETRIC_REPRESENTATION_CONTEXT(2) 
PARAMETRIC_REPRESENTATION_CONTEXT() REPRESENTATION_CONTEXT('2D SPACE',''
  ) );
#7410 = ORIENTED_EDGE('',*,*,#7411,.F.);
#7411 = EDGE_CURVE('',#7412,#7388,#7414,.T.);
#7412 = VERTEX_POINT('',#7413);
#7413 = CARTESIAN_POINT('',(17.5,4.,18.));
#7414 = SURFACE_CURVE('',#7415,(#7419,#7425),.PCURVE_S1.);
#7415 = LINE('',#7416,#7417);
#7416 = CARTESIAN_POINT('',(17.5,0.75,18.));
#7417 = VECTOR('',#7418,1.);
#7418 = DIRECTION('',(0.,-1.,0.));
#7419 = PCURVE('',#1346,#7420);
#7420 = DEFINITIONAL_REPRESENTATION('',(#7421),#7424);
#7421 = B_SPLINE_CURVE_WITH_KNOTS('',1,(#7422,#7423),.UNSPECIFIED.,.F.,
  .F.,(2,2),(-3.25,-1.75),.PIECEWISE_BEZIER_KNOTS.);
#7422 = CARTESIAN_POINT('',(7.5,5.));
#7423 = CARTESIAN_POINT('',(7.5,3.5));
#7424 = ( GEOMETRIC_REPRESENTATION_CONTEXT(2) 
PARAMETRIC_REPRESENTATION_CONTEXT() REPRESENTATION_CONTEXT('2D SPACE',''
  ) );
#7425 = PCURVE('',#2400,#7426);
#7426 = DEFINITIONAL_REPRESENTATION('',(#7427),#7430);
#7427 = B_SPLINE_CURVE_WITH_KNOTS('',1,(#7428,#7429),.UNSPECIFIED.,.F.,
  .F.,(2,2),(-3.25,-1.75),.PIECEWISE_BEZIER_KNOTS.);
#7428 = CARTESIAN_POINT('',(15.5,-1.5));
#7429 = CARTESIAN_POINT('',(15.5,0.));
#7430 = ( GEOMETRIC_REPRESENTATION_CONTEXT(2) 
PARAMETRIC_REPRESENTATION_CONTEXT() REPRESENTATION_CONTEXT('2D SPACE',''
  ) );
#7431 = ORIENTED_EDGE('',*,*,#7432,.T.);
#7432 = EDGE_CURVE('',#7412,#7433,#7435,.T.);
#7433 = VERTEX_POINT('',#7434);
#7434 = CARTESIAN_POINT('',(17.5,5.,18.));
#7435 = SURFACE_CURVE('',#7436,(#7440,#7447),.PCURVE_S1.);
#7436 = LINE('',#7437,#7438);
#7437 = CARTESIAN_POINT('',(17.5,0.75,18.));
#7438 = VECTOR('',#7439,1.);
#7439 = DIRECTION('',(-0.,1.,-0.));
#7440 = PCURVE('',#1346,#7441);
#7441 = DEFINITIONAL_REPRESENTATION('',(#7442),#7446);
#7442 = LINE('',#7443,#7444);
#7443 = CARTESIAN_POINT('',(7.5,1.75));
#7444 = VECTOR('',#7445,1.);
#7445 = DIRECTION('',(0.,1.));
#7446 = ( GEOMETRIC_REPRESENTATION_CONTEXT(2) 
PARAMETRIC_REPRESENTATION_CONTEXT() REPRESENTATION_CONTEXT('2D SPACE',''
  ) );
#7447 = PCURVE('',#2400,#7448);
#7448 = DEFINITIONAL_REPRESENTATION('',(#7449),#7453);
#7449 = LINE('',#7450,#7451);
#7450 = CARTESIAN_POINT('',(15.5,1.75));
#7451 = VECTOR('',#7452,1.);
#7452 = DIRECTION('',(0.,-1.));
#7453 = ( GEOMETRIC_REPRESENTATION_CONTEXT(2) 
PARAMETRIC_REPRESENTATION_CONTEXT() REPRESENTATION_CONTEXT('2D SPACE',''
  ) );
#7454 = ORIENTED_EDGE('',*,*,#7455,.T.);
#7455 = EDGE_CURVE('',#7433,#7456,#7458,.T.);
#7456 = VERTEX_POINT('',#7457);
#7457 = CARTESIAN_POINT('',(16.5,4.,18.));
#7458 = SURFACE_CURVE('',#7459,(#7464,#7475),.PCURVE_S1.);
#7459 = CIRCLE('',#7460,1.);
#7460 = AXIS2_PLACEMENT_3D('',#7461,#7462,#7463);
#7461 = CARTESIAN_POINT('',(16.5,5.,18.));
#7462 = DIRECTION('',(-0.,-0.,-1.));
#7463 = DIRECTION('',(0.,-1.,0.));
#7464 = PCURVE('',#1346,#7465);
#7465 = DEFINITIONAL_REPRESENTATION('',(#7466),#7474);
#7466 = ( BOUNDED_CURVE() B_SPLINE_CURVE(2,(#7467,#7468,#7469,#7470,
#7471,#7472,#7473),.UNSPECIFIED.,.T.,.F.) B_SPLINE_CURVE_WITH_KNOTS((1,2
    ,2,2,2,1),(-2.094395102393,0.,2.094395102393,4.188790204786,
6.28318530718,8.377580409573),.UNSPECIFIED.) CURVE() 
GEOMETRIC_REPRESENTATION_ITEM() RATIONAL_B_SPLINE_CURVE((1.,0.5,1.,0.5,
1.,0.5,1.)) REPRESENTATION_ITEM('') );
#7467 = CARTESIAN_POINT('',(6.5,5.));
#7468 = CARTESIAN_POINT('',(4.767949192431,5.));
#7469 = CARTESIAN_POINT('',(5.633974596216,6.5));
#7470 = CARTESIAN_POINT('',(6.5,8.));
#7471 = CARTESIAN_POINT('',(7.366025403784,6.5));
#7472 = CARTESIAN_POINT('',(8.232050807569,5.));
#7473 = CARTESIAN_POINT('',(6.5,5.));
#7474 = ( GEOMETRIC_REPRESENTATION_CONTEXT(2) 
PARAMETRIC_REPRESENTATION_CONTEXT() REPRESENTATION_CONTEXT('2D SPACE',''
  ) );
#7475 = PCURVE('',#6499,#7476);
#7476 = DEFINITIONAL_REPRESENTATION('',(#7477),#7481);
#7477 = LINE('',#7478,#7479);
#7478 = CARTESIAN_POINT('',(4.712388980385,-0.));
#7479 = VECTOR('',#7480,1.);
#7480 = DIRECTION('',(-1.,0.));
#7481 = ( GEOMETRIC_REPRESENTATION_CONTEXT(2) 
PARAMETRIC_REPRESENTATION_CONTEXT() REPRESENTATION_CONTEXT('2D SPACE',''
  ) );
#7482 = ORIENTED_EDGE('',*,*,#7483,.F.);
#7483 = EDGE_CURVE('',#7484,#7456,#7486,.T.);
#7484 = VERTEX_POINT('',#7485);
#7485 = CARTESIAN_POINT('',(16.,4.,18.));
#7486 = SURFACE_CURVE('',#7487,(#7491,#7498),.PCURVE_S1.);
#7487 = LINE('',#7488,#7489);
#7488 = CARTESIAN_POINT('',(10.,4.,18.));
#7489 = VECTOR('',#7490,1.);
#7490 = DIRECTION('',(1.,0.,-0.));
#7491 = PCURVE('',#1346,#7492);
#7492 = DEFINITIONAL_REPRESENTATION('',(#7493),#7497);
#7493 = LINE('',#7494,#7495);
#7494 = CARTESIAN_POINT('',(0.,5.));
#7495 = VECTOR('',#7496,1.);
#7496 = DIRECTION('',(1.,0.));
#7497 = ( GEOMETRIC_REPRESENTATION_CONTEXT(2) 
PARAMETRIC_REPRESENTATION_CONTEXT() REPRESENTATION_CONTEXT('2D SPACE',''
  ) );
#7498 = PCURVE('',#6527,#7499);
#7499 = DEFINITIONAL_REPRESENTATION('',(#7500),#7504);
#7500 = LINE('',#7501,#7502);
#7501 = CARTESIAN_POINT('',(0.,0.));
#7502 = VECTOR('',#7503,1.);
#7503 = DIRECTION('',(0.,1.));
#7504 = ( GEOMETRIC_REPRESENTATION_CONTEXT(2) 
PARAMETRIC_REPRESENTATION_CONTEXT() REPRESENTATION_CONTEXT('2D SPACE',''
  ) );
#7505 = ORIENTED_EDGE('',*,*,#7506,.F.);
#7506 = EDGE_CURVE('',#7507,#7484,#7509,.T.);
#7507 = VERTEX_POINT('',#7508);
#7508 = CARTESIAN_POINT('',(15.,5.,18.));
#7509 = SURFACE_CURVE('',#7510,(#7515,#7522),.PCURVE_S1.);
#7510 = CIRCLE('',#7511,1.);
#7511 = AXIS2_PLACEMENT_3D('',#7512,#7513,#7514);
#7512 = CARTESIAN_POINT('',(16.,5.,18.));
#7513 = DIRECTION('',(0.,0.,1.));
#7514 = DIRECTION('',(0.,-1.,0.));
#7515 = PCURVE('',#1346,#7516);
#7516 = DEFINITIONAL_REPRESENTATION('',(#7517),#7521);
#7517 = CIRCLE('',#7518,1.);
#7518 = AXIS2_PLACEMENT_2D('',#7519,#7520);
#7519 = CARTESIAN_POINT('',(6.,6.));
#7520 = DIRECTION('',(0.,-1.));
#7521 = ( GEOMETRIC_REPRESENTATION_CONTEXT(2) 
PARAMETRIC_REPRESENTATION_CONTEXT() REPRESENTATION_CONTEXT('2D SPACE',''
  ) );
#7522 = PCURVE('',#6556,#7523);
#7523 = DEFINITIONAL_REPRESENTATION('',(#7524),#7528);
#7524 = LINE('',#7525,#7526);
#7525 = CARTESIAN_POINT('',(-4.712388980385,0.));
#7526 = VECTOR('',#7527,1.);
#7527 = DIRECTION('',(1.,0.));
#7528 = ( GEOMETRIC_REPRESENTATION_CONTEXT(2) 
PARAMETRIC_REPRESENTATION_CONTEXT() REPRESENTATION_CONTEXT('2D SPACE',''
  ) );
#7529 = ORIENTED_EDGE('',*,*,#7530,.F.);
#7530 = EDGE_CURVE('',#7531,#7507,#7533,.T.);
#7531 = VERTEX_POINT('',#7532);
#7532 = CARTESIAN_POINT('',(15.,4.,18.));
#7533 = SURFACE_CURVE('',#7534,(#7538,#7545),.PCURVE_S1.);
#7534 = LINE('',#7535,#7536);
#7535 = CARTESIAN_POINT('',(15.,0.75,18.));
#7536 = VECTOR('',#7537,1.);
#7537 = DIRECTION('',(-0.,1.,-0.));
#7538 = PCURVE('',#1346,#7539);
#7539 = DEFINITIONAL_REPRESENTATION('',(#7540),#7544);
#7540 = LINE('',#7541,#7542);
#7541 = CARTESIAN_POINT('',(5.,1.75));
#7542 = VECTOR('',#7543,1.);
#7543 = DIRECTION('',(0.,1.));
#7544 = ( GEOMETRIC_REPRESENTATION_CONTEXT(2) 
PARAMETRIC_REPRESENTATION_CONTEXT() REPRESENTATION_CONTEXT('2D SPACE',''
  ) );
#7545 = PCURVE('',#2536,#7546);
#7546 = DEFINITIONAL_REPRESENTATION('',(#7547),#7551);
#7547 = LINE('',#7548,#7549);
#7548 = CARTESIAN_POINT('',(15.5,1.75));
#7549 = VECTOR('',#7550,1.);
#7550 = DIRECTION('',(0.,-1.));
#7551 = ( GEOMETRIC_REPRESENTATION_CONTEXT(2) 
PARAMETRIC_REPRESENTATION_CONTEXT() REPRESENTATION_CONTEXT('2D SPACE',''
  ) );
#7552 = ORIENTED_EDGE('',*,*,#7553,.T.);
#7553 = EDGE_CURVE('',#7531,#7554,#7556,.T.);
#7554 = VERTEX_POINT('',#7555);
#7555 = CARTESIAN_POINT('',(15.,3.5,18.));
#7556 = SURFACE_CURVE('',#7557,(#7561,#7567),.PCURVE_S1.);
#7557 = LINE('',#7558,#7559);
#7558 = CARTESIAN_POINT('',(15.,0.75,18.));
#7559 = VECTOR('',#7560,1.);
#7560 = DIRECTION('',(0.,-1.,0.));
#7561 = PCURVE('',#1346,#7562);
#7562 = DEFINITIONAL_REPRESENTATION('',(#7563),#7566);
#7563 = B_SPLINE_CURVE_WITH_KNOTS('',1,(#7564,#7565),.UNSPECIFIED.,.F.,
  .F.,(2,2),(-3.25,-1.75),.PIECEWISE_BEZIER_KNOTS.);
#7564 = CARTESIAN_POINT('',(5.,5.));
#7565 = CARTESIAN_POINT('',(5.,3.5));
#7566 = ( GEOMETRIC_REPRESENTATION_CONTEXT(2) 
PARAMETRIC_REPRESENTATION_CONTEXT() REPRESENTATION_CONTEXT('2D SPACE',''
  ) );
#7567 = PCURVE('',#2536,#7568);
#7568 = DEFINITIONAL_REPRESENTATION('',(#7569),#7572);
#7569 = B_SPLINE_CURVE_WITH_KNOTS('',1,(#7570,#7571),.UNSPECIFIED.,.F.,
  .F.,(2,2),(-3.25,-1.75),.PIECEWISE_BEZIER_KNOTS.);
#7570 = CARTESIAN_POINT('',(15.5,-1.5));
#7571 = CARTESIAN_POINT('',(15.5,0.));
#7572 = ( GEOMETRIC_REPRESENTATION_CONTEXT(2) 
PARAMETRIC_REPRESENTATION_CONTEXT() REPRESENTATION_CONTEXT('2D SPACE',''
  ) );
#7573 = ORIENTED_EDGE('',*,*,#7574,.F.);
#7574 = EDGE_CURVE('',#7575,#7554,#7577,.T.);
#7575 = VERTEX_POINT('',#7576);
#7576 = CARTESIAN_POINT('',(14.,2.5,18.));
#7577 = SURFACE_CURVE('',#7578,(#7583,#7590),.PCURVE_S1.);
#7578 = CIRCLE('',#7579,1.);
#7579 = AXIS2_PLACEMENT_3D('',#7580,#7581,#7582);
#7580 = CARTESIAN_POINT('',(14.,3.5,18.));
#7581 = DIRECTION('',(0.,0.,1.));
#7582 = DIRECTION('',(0.,-1.,0.));
#7583 = PCURVE('',#1346,#7584);
#7584 = DEFINITIONAL_REPRESENTATION('',(#7585),#7589);
#7585 = CIRCLE('',#7586,1.);
#7586 = AXIS2_PLACEMENT_2D('',#7587,#7588);
#7587 = CARTESIAN_POINT('',(4.,4.5));
#7588 = DIRECTION('',(0.,-1.));
#7589 = ( GEOMETRIC_REPRESENTATION_CONTEXT(2) 
PARAMETRIC_REPRESENTATION_CONTEXT() REPRESENTATION_CONTEXT('2D SPACE',''
  ) );
#7590 = PCURVE('',#4628,#7591);
#7591 = DEFINITIONAL_REPRESENTATION('',(#7592),#7596);
#7592 = LINE('',#7593,#7594);
#7593 = CARTESIAN_POINT('',(0.,4.));
#7594 = VECTOR('',#7595,1.);
#7595 = DIRECTION('',(1.,0.));
#7596 = ( GEOMETRIC_REPRESENTATION_CONTEXT(2) 
PARAMETRIC_REPRESENTATION_CONTEXT() REPRESENTATION_CONTEXT('2D SPACE',''
  ) );
#7597 = ORIENTED_EDGE('',*,*,#7598,.F.);
#7598 = EDGE_CURVE('',#7599,#7575,#7601,.T.);
#7599 = VERTEX_POINT('',#7600);
#7600 = CARTESIAN_POINT('',(10.,2.5,18.));
#7601 = SURFACE_CURVE('',#7602,(#7606,#7612),.PCURVE_S1.);
#7602 = LINE('',#7603,#7604);
#7603 = CARTESIAN_POINT('',(6.25,2.5,18.));
#7604 = VECTOR('',#7605,1.);
#7605 = DIRECTION('',(1.,0.,-0.));
#7606 = PCURVE('',#1346,#7607);
#7607 = DEFINITIONAL_REPRESENTATION('',(#7608),#7611);
#7608 = B_SPLINE_CURVE_WITH_KNOTS('',1,(#7609,#7610),.UNSPECIFIED.,.F.,
  .F.,(2,2),(3.75,8.75),.PIECEWISE_BEZIER_KNOTS.);
#7609 = CARTESIAN_POINT('',(0.,3.5));
#7610 = CARTESIAN_POINT('',(5.,3.5));
#7611 = ( GEOMETRIC_REPRESENTATION_CONTEXT(2) 
PARAMETRIC_REPRESENTATION_CONTEXT() REPRESENTATION_CONTEXT('2D SPACE',''
  ) );
#7612 = PCURVE('',#2613,#7613);
#7613 = DEFINITIONAL_REPRESENTATION('',(#7614),#7617);
#7614 = B_SPLINE_CURVE_WITH_KNOTS('',1,(#7615,#7616),.UNSPECIFIED.,.F.,
  .F.,(2,2),(3.75,8.75),.PIECEWISE_BEZIER_KNOTS.);
#7615 = CARTESIAN_POINT('',(15.5,7.5));
#7616 = CARTESIAN_POINT('',(15.5,12.5));
#7617 = ( GEOMETRIC_REPRESENTATION_CONTEXT(2) 
PARAMETRIC_REPRESENTATION_CONTEXT() REPRESENTATION_CONTEXT('2D SPACE',''
  ) );
#7618 = ORIENTED_EDGE('',*,*,#7619,.T.);
#7619 = EDGE_CURVE('',#7599,#7620,#7622,.T.);
#7620 = VERTEX_POINT('',#7621);
#7621 = CARTESIAN_POINT('',(9.,2.5,18.));
#7622 = SURFACE_CURVE('',#7623,(#7627,#7634),.PCURVE_S1.);
#7623 = LINE('',#7624,#7625);
#7624 = CARTESIAN_POINT('',(6.25,2.5,18.));
#7625 = VECTOR('',#7626,1.);
#7626 = DIRECTION('',(-1.,-0.,0.));
#7627 = PCURVE('',#1346,#7628);
#7628 = DEFINITIONAL_REPRESENTATION('',(#7629),#7633);
#7629 = LINE('',#7630,#7631);
#7630 = CARTESIAN_POINT('',(-3.75,3.5));
#7631 = VECTOR('',#7632,1.);
#7632 = DIRECTION('',(-1.,0.));
#7633 = ( GEOMETRIC_REPRESENTATION_CONTEXT(2) 
PARAMETRIC_REPRESENTATION_CONTEXT() REPRESENTATION_CONTEXT('2D SPACE',''
  ) );
#7634 = PCURVE('',#2613,#7635);
#7635 = DEFINITIONAL_REPRESENTATION('',(#7636),#7640);
#7636 = LINE('',#7637,#7638);
#7637 = CARTESIAN_POINT('',(15.5,3.75));
#7638 = VECTOR('',#7639,1.);
#7639 = DIRECTION('',(0.,-1.));
#7640 = ( GEOMETRIC_REPRESENTATION_CONTEXT(2) 
PARAMETRIC_REPRESENTATION_CONTEXT() REPRESENTATION_CONTEXT('2D SPACE',''
  ) );
#7641 = ORIENTED_EDGE('',*,*,#7642,.F.);
#7642 = EDGE_CURVE('',#6772,#7620,#7643,.T.);
#7643 = SURFACE_CURVE('',#7644,(#7649,#7656),.PCURVE_S1.);
#7644 = CIRCLE('',#7645,1.);
#7645 = AXIS2_PLACEMENT_3D('',#7646,#7647,#7648);
#7646 = CARTESIAN_POINT('',(9.,1.5,18.));
#7647 = DIRECTION('',(0.,-0.,1.));
#7648 = DIRECTION('',(0.,1.,0.));
#7649 = PCURVE('',#1346,#7650);
#7650 = DEFINITIONAL_REPRESENTATION('',(#7651),#7655);
#7651 = CIRCLE('',#7652,1.);
#7652 = AXIS2_PLACEMENT_2D('',#7653,#7654);
#7653 = CARTESIAN_POINT('',(-1.,2.5));
#7654 = DIRECTION('',(0.,1.));
#7655 = ( GEOMETRIC_REPRESENTATION_CONTEXT(2) 
PARAMETRIC_REPRESENTATION_CONTEXT() REPRESENTATION_CONTEXT('2D SPACE',''
  ) );
#7656 = PCURVE('',#6700,#7657);
#7657 = DEFINITIONAL_REPRESENTATION('',(#7658),#7662);
#7658 = LINE('',#7659,#7660);
#7659 = CARTESIAN_POINT('',(4.712388980385,2.));
#7660 = VECTOR('',#7661,1.);
#7661 = DIRECTION('',(-1.,0.));
#7662 = ( GEOMETRIC_REPRESENTATION_CONTEXT(2) 
PARAMETRIC_REPRESENTATION_CONTEXT() REPRESENTATION_CONTEXT('2D SPACE',''
  ) );
#7663 = ADVANCED_FACE('',(#7664),#1318,.T.);
#7664 = FACE_BOUND('',#7665,.F.);
#7665 = EDGE_LOOP('',(#7666,#7667,#7688,#7689));
#7666 = ORIENTED_EDGE('',*,*,#5715,.T.);
#7667 = ORIENTED_EDGE('',*,*,#7668,.T.);
#7668 = EDGE_CURVE('',#5686,#6770,#7669,.T.);
#7669 = SURFACE_CURVE('',#7670,(#7674,#7681),.PCURVE_S1.);
#7670 = LINE('',#7671,#7672);
#7671 = CARTESIAN_POINT('',(10.,1.,20.));
#7672 = VECTOR('',#7673,1.);
#7673 = DIRECTION('',(-0.,0.,-1.));
#7674 = PCURVE('',#1318,#7675);
#7675 = DEFINITIONAL_REPRESENTATION('',(#7676),#7680);
#7676 = LINE('',#7677,#7678);
#7677 = CARTESIAN_POINT('',(-1.570796326795,0.));
#7678 = VECTOR('',#7679,1.);
#7679 = DIRECTION('',(-0.,1.));
#7680 = ( GEOMETRIC_REPRESENTATION_CONTEXT(2) 
PARAMETRIC_REPRESENTATION_CONTEXT() REPRESENTATION_CONTEXT('2D SPACE',''
  ) );
#7681 = PCURVE('',#5703,#7682);
#7682 = DEFINITIONAL_REPRESENTATION('',(#7683),#7687);
#7683 = LINE('',#7684,#7685);
#7684 = CARTESIAN_POINT('',(2.,-2.));
#7685 = VECTOR('',#7686,1.);
#7686 = DIRECTION('',(-1.,-0.));
#7687 = ( GEOMETRIC_REPRESENTATION_CONTEXT(2) 
PARAMETRIC_REPRESENTATION_CONTEXT() REPRESENTATION_CONTEXT('2D SPACE',''
  ) );
#7688 = ORIENTED_EDGE('',*,*,#6794,.F.);
#7689 = ORIENTED_EDGE('',*,*,#1302,.F.);
#7690 = ADVANCED_FACE('',(#7691),#1645,.T.);
#7691 = FACE_BOUND('',#7692,.T.);
#7692 = EDGE_LOOP('',(#7693,#7694,#7695,#7696));
#7693 = ORIENTED_EDGE('',*,*,#1627,.F.);
#7694 = ORIENTED_EDGE('',*,*,#2678,.T.);
#7695 = ORIENTED_EDGE('',*,*,#2727,.T.);
#7696 = ORIENTED_EDGE('',*,*,#7697,.F.);
#7697 = EDGE_CURVE('',#1630,#2728,#7698,.T.);
#7698 = SURFACE_CURVE('',#7699,(#7703,#7710),.PCURVE_S1.);
#7699 = LINE('',#7700,#7701);
#7700 = CARTESIAN_POINT('',(10.,1.5,8.));
#7701 = VECTOR('',#7702,1.);
#7702 = DIRECTION('',(-0.,0.,-1.));
#7703 = PCURVE('',#1645,#7704);
#7704 = DEFINITIONAL_REPRESENTATION('',(#7705),#7709);
#7705 = LINE('',#7706,#7707);
#7706 = CARTESIAN_POINT('',(2.,-2.5));
#7707 = VECTOR('',#7708,1.);
#7708 = DIRECTION('',(-1.,-0.));
#7709 = ( GEOMETRIC_REPRESENTATION_CONTEXT(2) 
PARAMETRIC_REPRESENTATION_CONTEXT() REPRESENTATION_CONTEXT('2D SPACE',''
  ) );
#7710 = PCURVE('',#2662,#7711);
#7711 = DEFINITIONAL_REPRESENTATION('',(#7712),#7716);
#7712 = LINE('',#7713,#7714);
#7713 = CARTESIAN_POINT('',(-0.,0.));
#7714 = VECTOR('',#7715,1.);
#7715 = DIRECTION('',(-0.,1.));
#7716 = ( GEOMETRIC_REPRESENTATION_CONTEXT(2) 
PARAMETRIC_REPRESENTATION_CONTEXT() REPRESENTATION_CONTEXT('2D SPACE',''
  ) );
#7717 = ADVANCED_FACE('',(#7718),#2662,.T.);
#7718 = FACE_BOUND('',#7719,.F.);
#7719 = EDGE_LOOP('',(#7720,#7721,#7742,#7743));
#7720 = ORIENTED_EDGE('',*,*,#2647,.T.);
#7721 = ORIENTED_EDGE('',*,*,#7722,.T.);
#7722 = EDGE_CURVE('',#2625,#3610,#7723,.T.);
#7723 = SURFACE_CURVE('',#7724,(#7728,#7735),.PCURVE_S1.);
#7724 = LINE('',#7725,#7726);
#7725 = CARTESIAN_POINT('',(9.,2.5,8.));
#7726 = VECTOR('',#7727,1.);
#7727 = DIRECTION('',(-0.,0.,-1.));
#7728 = PCURVE('',#2662,#7729);
#7729 = DEFINITIONAL_REPRESENTATION('',(#7730),#7734);
#7730 = LINE('',#7731,#7732);
#7731 = CARTESIAN_POINT('',(-1.570796326795,0.));
#7732 = VECTOR('',#7733,1.);
#7733 = DIRECTION('',(-0.,1.));
#7734 = ( GEOMETRIC_REPRESENTATION_CONTEXT(2) 
PARAMETRIC_REPRESENTATION_CONTEXT() REPRESENTATION_CONTEXT('2D SPACE',''
  ) );
#7735 = PCURVE('',#2613,#7736);
#7736 = DEFINITIONAL_REPRESENTATION('',(#7737),#7741);
#7737 = LINE('',#7738,#7739);
#7738 = CARTESIAN_POINT('',(5.5,6.5));
#7739 = VECTOR('',#7740,1.);
#7740 = DIRECTION('',(-1.,0.));
#7741 = ( GEOMETRIC_REPRESENTATION_CONTEXT(2) 
PARAMETRIC_REPRESENTATION_CONTEXT() REPRESENTATION_CONTEXT('2D SPACE',''
  ) );
#7742 = ORIENTED_EDGE('',*,*,#3632,.F.);
#7743 = ORIENTED_EDGE('',*,*,#7697,.F.);
#7744 = ADVANCED_FACE('',(#7745),#2613,.T.);
#7745 = FACE_BOUND('',#7746,.T.);
#7746 = EDGE_LOOP('',(#7747,#7777,#7805,#7833,#7854,#7855,#7856,#7877,
    #7878,#7879,#7900,#7901,#7902,#7923,#7924,#7925,#7946,#7947,#7948,
    #7949,#7950,#7951));
#7747 = ORIENTED_EDGE('',*,*,#7748,.F.);
#7748 = EDGE_CURVE('',#7749,#7751,#7753,.T.);
#7749 = VERTEX_POINT('',#7750);
#7750 = CARTESIAN_POINT('',(3.5,2.5,2.5));
#7751 = VERTEX_POINT('',#7752);
#7752 = CARTESIAN_POINT('',(14.,2.5,2.5));
#7753 = SURFACE_CURVE('',#7754,(#7758,#7765),.PCURVE_S1.);
#7754 = LINE('',#7755,#7756);
#7755 = CARTESIAN_POINT('',(2.5,2.5,2.5));
#7756 = VECTOR('',#7757,1.);
#7757 = DIRECTION('',(1.,0.,-0.));
#7758 = PCURVE('',#2613,#7759);
#7759 = DEFINITIONAL_REPRESENTATION('',(#7760),#7764);
#7760 = LINE('',#7761,#7762);
#7761 = CARTESIAN_POINT('',(0.,0.));
#7762 = VECTOR('',#7763,1.);
#7763 = DIRECTION('',(0.,1.));
#7764 = ( GEOMETRIC_REPRESENTATION_CONTEXT(2) 
PARAMETRIC_REPRESENTATION_CONTEXT() REPRESENTATION_CONTEXT('2D SPACE',''
  ) );
#7765 = PCURVE('',#7766,#7771);
#7766 = PLANE('',#7767);
#7767 = AXIS2_PLACEMENT_3D('',#7768,#7769,#7770);
#7768 = CARTESIAN_POINT('',(2.5,2.5,2.5));
#7769 = DIRECTION('',(0.,0.,1.));
#7770 = DIRECTION('',(1.,0.,-0.));
#7771 = DEFINITIONAL_REPRESENTATION('',(#7772),#7776);
#7772 = LINE('',#7773,#7774);
#7773 = CARTESIAN_POINT('',(0.,0.));
#7774 = VECTOR('',#7775,1.);
#7775 = DIRECTION('',(1.,0.));
#7776 = ( GEOMETRIC_REPRESENTATION_CONTEXT(2) 
PARAMETRIC_REPRESENTATION_CONTEXT() REPRESENTATION_CONTEXT('2D SPACE',''
  ) );
#7777 = ORIENTED_EDGE('',*,*,#7778,.T.);
#7778 = EDGE_CURVE('',#7749,#7779,#7781,.T.);
#7779 = VERTEX_POINT('',#7780);
#7780 = CARTESIAN_POINT('',(3.5,2.5,22.5));
#7781 = SURFACE_CURVE('',#7782,(#7786,#7793),.PCURVE_S1.);
#7782 = LINE('',#7783,#7784);
#7783 = CARTESIAN_POINT('',(3.5,2.5,2.5));
#7784 = VECTOR('',#7785,1.);
#7785 = DIRECTION('',(0.,0.,1.));
#7786 = PCURVE('',#2613,#7787);
#7787 = DEFINITIONAL_REPRESENTATION('',(#7788),#7792);
#7788 = LINE('',#7789,#7790);
#7789 = CARTESIAN_POINT('',(0.,1.));
#7790 = VECTOR('',#7791,1.);
#7791 = DIRECTION('',(1.,0.));
#7792 = ( GEOMETRIC_REPRESENTATION_CONTEXT(2) 
PARAMETRIC_REPRESENTATION_CONTEXT() REPRESENTATION_CONTEXT('2D SPACE',''
  ) );
#7793 = PCURVE('',#7794,#7799);
#7794 = CYLINDRICAL_SURFACE('',#7795,1.);
#7795 = AXIS2_PLACEMENT_3D('',#7796,#7797,#7798);
#7796 = CARTESIAN_POINT('',(3.5,3.5,2.5));
#7797 = DIRECTION('',(0.,0.,1.));
#7798 = DIRECTION('',(0.,-1.,0.));
#7799 = DEFINITIONAL_REPRESENTATION('',(#7800),#7804);
#7800 = LINE('',#7801,#7802);
#7801 = CARTESIAN_POINT('',(-0.,0.));
#7802 = VECTOR('',#7803,1.);
#7803 = DIRECTION('',(-0.,1.));
#7804 = ( GEOMETRIC_REPRESENTATION_CONTEXT(2) 
PARAMETRIC_REPRESENTATION_CONTEXT() REPRESENTATION_CONTEXT('2D SPACE',''
  ) );
#7805 = ORIENTED_EDGE('',*,*,#7806,.T.);
#7806 = EDGE_CURVE('',#7779,#7807,#7809,.T.);
#7807 = VERTEX_POINT('',#7808);
#7808 = CARTESIAN_POINT('',(14.,2.5,22.5));
#7809 = SURFACE_CURVE('',#7810,(#7814,#7821),.PCURVE_S1.);
#7810 = LINE('',#7811,#7812);
#7811 = CARTESIAN_POINT('',(2.5,2.5,22.5));
#7812 = VECTOR('',#7813,1.);
#7813 = DIRECTION('',(1.,0.,-0.));
#7814 = PCURVE('',#2613,#7815);
#7815 = DEFINITIONAL_REPRESENTATION('',(#7816),#7820);
#7816 = LINE('',#7817,#7818);
#7817 = CARTESIAN_POINT('',(20.,0.));
#7818 = VECTOR('',#7819,1.);
#7819 = DIRECTION('',(0.,1.));
#7820 = ( GEOMETRIC_REPRESENTATION_CONTEXT(2) 
PARAMETRIC_REPRESENTATION_CONTEXT() REPRESENTATION_CONTEXT('2D SPACE',''
  ) );
#7821 = PCURVE('',#7822,#7827);
#7822 = PLANE('',#7823);
#7823 = AXIS2_PLACEMENT_3D('',#7824,#7825,#7826);
#7824 = CARTESIAN_POINT('',(2.5,2.5,22.5));
#7825 = DIRECTION('',(0.,0.,1.));
#7826 = DIRECTION('',(1.,0.,-0.));
#7827 = DEFINITIONAL_REPRESENTATION('',(#7828),#7832);
#7828 = LINE('',#7829,#7830);
#7829 = CARTESIAN_POINT('',(0.,0.));
#7830 = VECTOR('',#7831,1.);
#7831 = DIRECTION('',(1.,0.));
#7832 = ( GEOMETRIC_REPRESENTATION_CONTEXT(2) 
PARAMETRIC_REPRESENTATION_CONTEXT() REPRESENTATION_CONTEXT('2D SPACE',''
  ) );
#7833 = ORIENTED_EDGE('',*,*,#7834,.F.);
#7834 = EDGE_CURVE('',#6613,#7807,#7835,.T.);
#7835 = SURFACE_CURVE('',#7836,(#7840,#7847),.PCURVE_S1.);
#7836 = LINE('',#7837,#7838);
#7837 = CARTESIAN_POINT('',(14.,2.5,20.));
#7838 = VECTOR('',#7839,1.);
#7839 = DIRECTION('',(0.,0.,1.));
#7840 = PCURVE('',#2613,#7841);
#7841 = DEFINITIONAL_REPRESENTATION('',(#7842),#7846);
#7842 = LINE('',#7843,#7844);
#7843 = CARTESIAN_POINT('',(17.5,11.5));
#7844 = VECTOR('',#7845,1.);
#7845 = DIRECTION('',(1.,0.));
#7846 = ( GEOMETRIC_REPRESENTATION_CONTEXT(2) 
PARAMETRIC_REPRESENTATION_CONTEXT() REPRESENTATION_CONTEXT('2D SPACE',''
  ) );
#7847 = PCURVE('',#6629,#7848);
#7848 = DEFINITIONAL_REPRESENTATION('',(#7849),#7853);
#7849 = LINE('',#7850,#7851);
#7850 = CARTESIAN_POINT('',(0.,0.));
#7851 = VECTOR('',#7852,1.);
#7852 = DIRECTION('',(0.,1.));
#7853 = ( GEOMETRIC_REPRESENTATION_CONTEXT(2) 
PARAMETRIC_REPRESENTATION_CONTEXT() REPRESENTATION_CONTEXT('2D SPACE',''
  ) );
#7854 = ORIENTED_EDGE('',*,*,#6641,.F.);
#7855 = ORIENTED_EDGE('',*,*,#6662,.T.);
#7856 = ORIENTED_EDGE('',*,*,#7857,.T.);
#7857 = EDGE_CURVE('',#6663,#7620,#7858,.T.);
#7858 = SURFACE_CURVE('',#7859,(#7863,#7870),.PCURVE_S1.);
#7859 = LINE('',#7860,#7861);
#7860 = CARTESIAN_POINT('',(9.,2.5,20.));
#7861 = VECTOR('',#7862,1.);
#7862 = DIRECTION('',(-0.,0.,-1.));
#7863 = PCURVE('',#2613,#7864);
#7864 = DEFINITIONAL_REPRESENTATION('',(#7865),#7869);
#7865 = LINE('',#7866,#7867);
#7866 = CARTESIAN_POINT('',(17.5,6.5));
#7867 = VECTOR('',#7868,1.);
#7868 = DIRECTION('',(-1.,0.));
#7869 = ( GEOMETRIC_REPRESENTATION_CONTEXT(2) 
PARAMETRIC_REPRESENTATION_CONTEXT() REPRESENTATION_CONTEXT('2D SPACE',''
  ) );
#7870 = PCURVE('',#6700,#7871);
#7871 = DEFINITIONAL_REPRESENTATION('',(#7872),#7876);
#7872 = LINE('',#7873,#7874);
#7873 = CARTESIAN_POINT('',(-1.570796326795,0.));
#7874 = VECTOR('',#7875,1.);
#7875 = DIRECTION('',(-0.,1.));
#7876 = ( GEOMETRIC_REPRESENTATION_CONTEXT(2) 
PARAMETRIC_REPRESENTATION_CONTEXT() REPRESENTATION_CONTEXT('2D SPACE',''
  ) );
#7877 = ORIENTED_EDGE('',*,*,#7619,.F.);
#7878 = ORIENTED_EDGE('',*,*,#7598,.T.);
#7879 = ORIENTED_EDGE('',*,*,#7880,.F.);
#7880 = EDGE_CURVE('',#4612,#7575,#7881,.T.);
#7881 = SURFACE_CURVE('',#7882,(#7886,#7893),.PCURVE_S1.);
#7882 = LINE('',#7883,#7884);
#7883 = CARTESIAN_POINT('',(14.,2.5,14.));
#7884 = VECTOR('',#7885,1.);
#7885 = DIRECTION('',(0.,0.,1.));
#7886 = PCURVE('',#2613,#7887);
#7887 = DEFINITIONAL_REPRESENTATION('',(#7888),#7892);
#7888 = LINE('',#7889,#7890);
#7889 = CARTESIAN_POINT('',(11.5,11.5));
#7890 = VECTOR('',#7891,1.);
#7891 = DIRECTION('',(1.,0.));
#7892 = ( GEOMETRIC_REPRESENTATION_CONTEXT(2) 
PARAMETRIC_REPRESENTATION_CONTEXT() REPRESENTATION_CONTEXT('2D SPACE',''
  ) );
#7893 = PCURVE('',#4628,#7894);
#7894 = DEFINITIONAL_REPRESENTATION('',(#7895),#7899);
#7895 = LINE('',#7896,#7897);
#7896 = CARTESIAN_POINT('',(0.,0.));
#7897 = VECTOR('',#7898,1.);
#7898 = DIRECTION('',(0.,1.));
#7899 = ( GEOMETRIC_REPRESENTATION_CONTEXT(2) 
PARAMETRIC_REPRESENTATION_CONTEXT() REPRESENTATION_CONTEXT('2D SPACE',''
  ) );
#7900 = ORIENTED_EDGE('',*,*,#4640,.F.);
#7901 = ORIENTED_EDGE('',*,*,#4661,.T.);
#7902 = ORIENTED_EDGE('',*,*,#7903,.T.);
#7903 = EDGE_CURVE('',#4662,#5611,#7904,.T.);
#7904 = SURFACE_CURVE('',#7905,(#7909,#7916),.PCURVE_S1.);
#7905 = LINE('',#7906,#7907);
#7906 = CARTESIAN_POINT('',(9.,2.5,14.));
#7907 = VECTOR('',#7908,1.);
#7908 = DIRECTION('',(-0.,0.,-1.));
#7909 = PCURVE('',#2613,#7910);
#7910 = DEFINITIONAL_REPRESENTATION('',(#7911),#7915);
#7911 = LINE('',#7912,#7913);
#7912 = CARTESIAN_POINT('',(11.5,6.5));
#7913 = VECTOR('',#7914,1.);
#7914 = DIRECTION('',(-1.,0.));
#7915 = ( GEOMETRIC_REPRESENTATION_CONTEXT(2) 
PARAMETRIC_REPRESENTATION_CONTEXT() REPRESENTATION_CONTEXT('2D SPACE',''
  ) );
#7916 = PCURVE('',#4699,#7917);
#7917 = DEFINITIONAL_REPRESENTATION('',(#7918),#7922);
#7918 = LINE('',#7919,#7920);
#7919 = CARTESIAN_POINT('',(-1.570796326795,0.));
#7920 = VECTOR('',#7921,1.);
#7921 = DIRECTION('',(-0.,1.));
#7922 = ( GEOMETRIC_REPRESENTATION_CONTEXT(2) 
PARAMETRIC_REPRESENTATION_CONTEXT() REPRESENTATION_CONTEXT('2D SPACE',''
  ) );
#7923 = ORIENTED_EDGE('',*,*,#5610,.F.);
#7924 = ORIENTED_EDGE('',*,*,#5589,.T.);
#7925 = ORIENTED_EDGE('',*,*,#7926,.F.);
#7926 = EDGE_CURVE('',#2570,#5566,#7927,.T.);
#7927 = SURFACE_CURVE('',#7928,(#7932,#7939),.PCURVE_S1.);
#7928 = LINE('',#7929,#7930);
#7929 = CARTESIAN_POINT('',(14.,2.5,8.));
#7930 = VECTOR('',#7931,1.);
#7931 = DIRECTION('',(0.,0.,1.));
#7932 = PCURVE('',#2613,#7933);
#7933 = DEFINITIONAL_REPRESENTATION('',(#7934),#7938);
#7934 = LINE('',#7935,#7936);
#7935 = CARTESIAN_POINT('',(5.5,11.5));
#7936 = VECTOR('',#7937,1.);
#7937 = DIRECTION('',(1.,0.));
#7938 = ( GEOMETRIC_REPRESENTATION_CONTEXT(2) 
PARAMETRIC_REPRESENTATION_CONTEXT() REPRESENTATION_CONTEXT('2D SPACE',''
  ) );
#7939 = PCURVE('',#2586,#7940);
#7940 = DEFINITIONAL_REPRESENTATION('',(#7941),#7945);
#7941 = LINE('',#7942,#7943);
#7942 = CARTESIAN_POINT('',(0.,0.));
#7943 = VECTOR('',#7944,1.);
#7944 = DIRECTION('',(0.,1.));
#7945 = ( GEOMETRIC_REPRESENTATION_CONTEXT(2) 
PARAMETRIC_REPRESENTATION_CONTEXT() REPRESENTATION_CONTEXT('2D SPACE',''
  ) );
#7946 = ORIENTED_EDGE('',*,*,#2598,.F.);
#7947 = ORIENTED_EDGE('',*,*,#2624,.T.);
#7948 = ORIENTED_EDGE('',*,*,#7722,.T.);
#7949 = ORIENTED_EDGE('',*,*,#3609,.F.);
#7950 = ORIENTED_EDGE('',*,*,#3588,.T.);
#7951 = ORIENTED_EDGE('',*,*,#7952,.F.);
#7952 = EDGE_CURVE('',#7751,#3560,#7953,.T.);
#7953 = SURFACE_CURVE('',#7954,(#7958,#7965),.PCURVE_S1.);
#7954 = LINE('',#7955,#7956);
#7955 = CARTESIAN_POINT('',(14.,2.5,2.5));
#7956 = VECTOR('',#7957,1.);
#7957 = DIRECTION('',(0.,0.,1.));
#7958 = PCURVE('',#2613,#7959);
#7959 = DEFINITIONAL_REPRESENTATION('',(#7960),#7964);
#7960 = LINE('',#7961,#7962);
#7961 = CARTESIAN_POINT('',(0.,11.5));
#7962 = VECTOR('',#7963,1.);
#7963 = DIRECTION('',(1.,0.));
#7964 = ( GEOMETRIC_REPRESENTATION_CONTEXT(2) 
PARAMETRIC_REPRESENTATION_CONTEXT() REPRESENTATION_CONTEXT('2D SPACE',''
  ) );
#7965 = PCURVE('',#3576,#7966);
#7966 = DEFINITIONAL_REPRESENTATION('',(#7967),#7971);
#7967 = LINE('',#7968,#7969);
#7968 = CARTESIAN_POINT('',(0.,0.));
#7969 = VECTOR('',#7970,1.);
#7970 = DIRECTION('',(0.,1.));
#7971 = ( GEOMETRIC_REPRESENTATION_CONTEXT(2) 
PARAMETRIC_REPRESENTATION_CONTEXT() REPRESENTATION_CONTEXT('2D SPACE',''
  ) );
#7972 = ADVANCED_FACE('',(#7973),#2586,.F.);
#7973 = FACE_BOUND('',#7974,.F.);
#7974 = EDGE_LOOP('',(#7975,#7976,#7997,#7998));
#7975 = ORIENTED_EDGE('',*,*,#2569,.T.);
#7976 = ORIENTED_EDGE('',*,*,#7977,.T.);
#7977 = EDGE_CURVE('',#2549,#5545,#7978,.T.);
#7978 = SURFACE_CURVE('',#7979,(#7983,#7990),.PCURVE_S1.);
#7979 = LINE('',#7980,#7981);
#7980 = CARTESIAN_POINT('',(15.,3.5,8.));
#7981 = VECTOR('',#7982,1.);
#7982 = DIRECTION('',(0.,0.,1.));
#7983 = PCURVE('',#2586,#7984);
#7984 = DEFINITIONAL_REPRESENTATION('',(#7985),#7989);
#7985 = LINE('',#7986,#7987);
#7986 = CARTESIAN_POINT('',(1.570796326795,0.));
#7987 = VECTOR('',#7988,1.);
#7988 = DIRECTION('',(0.,1.));
#7989 = ( GEOMETRIC_REPRESENTATION_CONTEXT(2) 
PARAMETRIC_REPRESENTATION_CONTEXT() REPRESENTATION_CONTEXT('2D SPACE',''
  ) );
#7990 = PCURVE('',#2536,#7991);
#7991 = DEFINITIONAL_REPRESENTATION('',(#7992),#7996);
#7992 = LINE('',#7993,#7994);
#7993 = CARTESIAN_POINT('',(5.5,-1.));
#7994 = VECTOR('',#7995,1.);
#7995 = DIRECTION('',(1.,0.));
#7996 = ( GEOMETRIC_REPRESENTATION_CONTEXT(2) 
PARAMETRIC_REPRESENTATION_CONTEXT() REPRESENTATION_CONTEXT('2D SPACE',''
  ) );
#7997 = ORIENTED_EDGE('',*,*,#5565,.F.);
#7998 = ORIENTED_EDGE('',*,*,#7926,.F.);
#7999 = ADVANCED_FACE('',(#8000),#2536,.F.);
#8000 = FACE_BOUND('',#8001,.F.);
#8001 = EDGE_LOOP('',(#8002,#8003,#8026,#8049,#8077,#8100,#8121,#8122,
    #8123,#8144,#8145,#8146,#8167,#8168,#8169,#8190,#8191,#8192,#8193,
    #8194,#8195,#8216));
#8002 = ORIENTED_EDGE('',*,*,#3538,.T.);
#8003 = ORIENTED_EDGE('',*,*,#8004,.F.);
#8004 = EDGE_CURVE('',#8005,#3539,#8007,.T.);
#8005 = VERTEX_POINT('',#8006);
#8006 = CARTESIAN_POINT('',(15.,3.5,2.5));
#8007 = SURFACE_CURVE('',#8008,(#8012,#8019),.PCURVE_S1.);
#8008 = LINE('',#8009,#8010);
#8009 = CARTESIAN_POINT('',(15.,3.5,2.5));
#8010 = VECTOR('',#8011,1.);
#8011 = DIRECTION('',(0.,0.,1.));
#8012 = PCURVE('',#2536,#8013);
#8013 = DEFINITIONAL_REPRESENTATION('',(#8014),#8018);
#8014 = LINE('',#8015,#8016);
#8015 = CARTESIAN_POINT('',(0.,-1.));
#8016 = VECTOR('',#8017,1.);
#8017 = DIRECTION('',(1.,0.));
#8018 = ( GEOMETRIC_REPRESENTATION_CONTEXT(2) 
PARAMETRIC_REPRESENTATION_CONTEXT() REPRESENTATION_CONTEXT('2D SPACE',''
  ) );
#8019 = PCURVE('',#3576,#8020);
#8020 = DEFINITIONAL_REPRESENTATION('',(#8021),#8025);
#8021 = LINE('',#8022,#8023);
#8022 = CARTESIAN_POINT('',(1.570796326795,0.));
#8023 = VECTOR('',#8024,1.);
#8024 = DIRECTION('',(0.,1.));
#8025 = ( GEOMETRIC_REPRESENTATION_CONTEXT(2) 
PARAMETRIC_REPRESENTATION_CONTEXT() REPRESENTATION_CONTEXT('2D SPACE',''
  ) );
#8026 = ORIENTED_EDGE('',*,*,#8027,.T.);
#8027 = EDGE_CURVE('',#8005,#8028,#8030,.T.);
#8028 = VERTEX_POINT('',#8029);
#8029 = CARTESIAN_POINT('',(15.,36.5,2.5));
#8030 = SURFACE_CURVE('',#8031,(#8035,#8042),.PCURVE_S1.);
#8031 = LINE('',#8032,#8033);
#8032 = CARTESIAN_POINT('',(15.,2.5,2.5));
#8033 = VECTOR('',#8034,1.);
#8034 = DIRECTION('',(-0.,1.,0.));
#8035 = PCURVE('',#2536,#8036);
#8036 = DEFINITIONAL_REPRESENTATION('',(#8037),#8041);
#8037 = LINE('',#8038,#8039);
#8038 = CARTESIAN_POINT('',(0.,0.));
#8039 = VECTOR('',#8040,1.);
#8040 = DIRECTION('',(0.,-1.));
#8041 = ( GEOMETRIC_REPRESENTATION_CONTEXT(2) 
PARAMETRIC_REPRESENTATION_CONTEXT() REPRESENTATION_CONTEXT('2D SPACE',''
  ) );
#8042 = PCURVE('',#7766,#8043);
#8043 = DEFINITIONAL_REPRESENTATION('',(#8044),#8048);
#8044 = LINE('',#8045,#8046);
#8045 = CARTESIAN_POINT('',(12.5,0.));
#8046 = VECTOR('',#8047,1.);
#8047 = DIRECTION('',(0.,1.));
#8048 = ( GEOMETRIC_REPRESENTATION_CONTEXT(2) 
PARAMETRIC_REPRESENTATION_CONTEXT() REPRESENTATION_CONTEXT('2D SPACE',''
  ) );
#8049 = ORIENTED_EDGE('',*,*,#8050,.T.);
#8050 = EDGE_CURVE('',#8028,#8051,#8053,.T.);
#8051 = VERTEX_POINT('',#8052);
#8052 = CARTESIAN_POINT('',(15.,36.5,22.5));
#8053 = SURFACE_CURVE('',#8054,(#8058,#8065),.PCURVE_S1.);
#8054 = LINE('',#8055,#8056);
#8055 = CARTESIAN_POINT('',(15.,36.5,2.5));
#8056 = VECTOR('',#8057,1.);
#8057 = DIRECTION('',(0.,0.,1.));
#8058 = PCURVE('',#2536,#8059);
#8059 = DEFINITIONAL_REPRESENTATION('',(#8060),#8064);
#8060 = LINE('',#8061,#8062);
#8061 = CARTESIAN_POINT('',(0.,-34.));
#8062 = VECTOR('',#8063,1.);
#8063 = DIRECTION('',(1.,0.));
#8064 = ( GEOMETRIC_REPRESENTATION_CONTEXT(2) 
PARAMETRIC_REPRESENTATION_CONTEXT() REPRESENTATION_CONTEXT('2D SPACE',''
  ) );
#8065 = PCURVE('',#8066,#8071);
#8066 = CYLINDRICAL_SURFACE('',#8067,1.);
#8067 = AXIS2_PLACEMENT_3D('',#8068,#8069,#8070);
#8068 = CARTESIAN_POINT('',(14.,36.5,2.5));
#8069 = DIRECTION('',(0.,0.,1.));
#8070 = DIRECTION('',(1.,0.,-0.));
#8071 = DEFINITIONAL_REPRESENTATION('',(#8072),#8076);
#8072 = LINE('',#8073,#8074);
#8073 = CARTESIAN_POINT('',(0.,0.));
#8074 = VECTOR('',#8075,1.);
#8075 = DIRECTION('',(0.,1.));
#8076 = ( GEOMETRIC_REPRESENTATION_CONTEXT(2) 
PARAMETRIC_REPRESENTATION_CONTEXT() REPRESENTATION_CONTEXT('2D SPACE',''
  ) );
#8077 = ORIENTED_EDGE('',*,*,#8078,.F.);
#8078 = EDGE_CURVE('',#8079,#8051,#8081,.T.);
#8079 = VERTEX_POINT('',#8080);
#8080 = CARTESIAN_POINT('',(15.,3.5,22.5));
#8081 = SURFACE_CURVE('',#8082,(#8086,#8093),.PCURVE_S1.);
#8082 = LINE('',#8083,#8084);
#8083 = CARTESIAN_POINT('',(15.,2.5,22.5));
#8084 = VECTOR('',#8085,1.);
#8085 = DIRECTION('',(-0.,1.,0.));
#8086 = PCURVE('',#2536,#8087);
#8087 = DEFINITIONAL_REPRESENTATION('',(#8088),#8092);
#8088 = LINE('',#8089,#8090);
#8089 = CARTESIAN_POINT('',(20.,0.));
#8090 = VECTOR('',#8091,1.);
#8091 = DIRECTION('',(0.,-1.));
#8092 = ( GEOMETRIC_REPRESENTATION_CONTEXT(2) 
PARAMETRIC_REPRESENTATION_CONTEXT() REPRESENTATION_CONTEXT('2D SPACE',''
  ) );
#8093 = PCURVE('',#7822,#8094);
#8094 = DEFINITIONAL_REPRESENTATION('',(#8095),#8099);
#8095 = LINE('',#8096,#8097);
#8096 = CARTESIAN_POINT('',(12.5,0.));
#8097 = VECTOR('',#8098,1.);
#8098 = DIRECTION('',(0.,1.));
#8099 = ( GEOMETRIC_REPRESENTATION_CONTEXT(2) 
PARAMETRIC_REPRESENTATION_CONTEXT() REPRESENTATION_CONTEXT('2D SPACE',''
  ) );
#8100 = ORIENTED_EDGE('',*,*,#8101,.F.);
#8101 = EDGE_CURVE('',#6592,#8079,#8102,.T.);
#8102 = SURFACE_CURVE('',#8103,(#8107,#8114),.PCURVE_S1.);
#8103 = LINE('',#8104,#8105);
#8104 = CARTESIAN_POINT('',(15.,3.5,20.));
#8105 = VECTOR('',#8106,1.);
#8106 = DIRECTION('',(0.,0.,1.));
#8107 = PCURVE('',#2536,#8108);
#8108 = DEFINITIONAL_REPRESENTATION('',(#8109),#8113);
#8109 = LINE('',#8110,#8111);
#8110 = CARTESIAN_POINT('',(17.5,-1.));
#8111 = VECTOR('',#8112,1.);
#8112 = DIRECTION('',(1.,0.));
#8113 = ( GEOMETRIC_REPRESENTATION_CONTEXT(2) 
PARAMETRIC_REPRESENTATION_CONTEXT() REPRESENTATION_CONTEXT('2D SPACE',''
  ) );
#8114 = PCURVE('',#6629,#8115);
#8115 = DEFINITIONAL_REPRESENTATION('',(#8116),#8120);
#8116 = LINE('',#8117,#8118);
#8117 = CARTESIAN_POINT('',(1.570796326795,0.));
#8118 = VECTOR('',#8119,1.);
#8119 = DIRECTION('',(0.,1.));
#8120 = ( GEOMETRIC_REPRESENTATION_CONTEXT(2) 
PARAMETRIC_REPRESENTATION_CONTEXT() REPRESENTATION_CONTEXT('2D SPACE',''
  ) );
#8121 = ORIENTED_EDGE('',*,*,#6591,.F.);
#8122 = ORIENTED_EDGE('',*,*,#6568,.T.);
#8123 = ORIENTED_EDGE('',*,*,#8124,.F.);
#8124 = EDGE_CURVE('',#7507,#6540,#8125,.T.);
#8125 = SURFACE_CURVE('',#8126,(#8130,#8137),.PCURVE_S1.);
#8126 = LINE('',#8127,#8128);
#8127 = CARTESIAN_POINT('',(15.,5.,18.));
#8128 = VECTOR('',#8129,1.);
#8129 = DIRECTION('',(0.,0.,1.));
#8130 = PCURVE('',#2536,#8131);
#8131 = DEFINITIONAL_REPRESENTATION('',(#8132),#8136);
#8132 = LINE('',#8133,#8134);
#8133 = CARTESIAN_POINT('',(15.5,-2.5));
#8134 = VECTOR('',#8135,1.);
#8135 = DIRECTION('',(1.,0.));
#8136 = ( GEOMETRIC_REPRESENTATION_CONTEXT(2) 
PARAMETRIC_REPRESENTATION_CONTEXT() REPRESENTATION_CONTEXT('2D SPACE',''
  ) );
#8137 = PCURVE('',#6556,#8138);
#8138 = DEFINITIONAL_REPRESENTATION('',(#8139),#8143);
#8139 = LINE('',#8140,#8141);
#8140 = CARTESIAN_POINT('',(0.,0.));
#8141 = VECTOR('',#8142,1.);
#8142 = DIRECTION('',(0.,1.));
#8143 = ( GEOMETRIC_REPRESENTATION_CONTEXT(2) 
PARAMETRIC_REPRESENTATION_CONTEXT() REPRESENTATION_CONTEXT('2D SPACE',''
  ) );
#8144 = ORIENTED_EDGE('',*,*,#7530,.F.);
#8145 = ORIENTED_EDGE('',*,*,#7553,.T.);
#8146 = ORIENTED_EDGE('',*,*,#8147,.F.);
#8147 = EDGE_CURVE('',#4591,#7554,#8148,.T.);
#8148 = SURFACE_CURVE('',#8149,(#8153,#8160),.PCURVE_S1.);
#8149 = LINE('',#8150,#8151);
#8150 = CARTESIAN_POINT('',(15.,3.5,14.));
#8151 = VECTOR('',#8152,1.);
#8152 = DIRECTION('',(0.,0.,1.));
#8153 = PCURVE('',#2536,#8154);
#8154 = DEFINITIONAL_REPRESENTATION('',(#8155),#8159);
#8155 = LINE('',#8156,#8157);
#8156 = CARTESIAN_POINT('',(11.5,-1.));
#8157 = VECTOR('',#8158,1.);
#8158 = DIRECTION('',(1.,0.));
#8159 = ( GEOMETRIC_REPRESENTATION_CONTEXT(2) 
PARAMETRIC_REPRESENTATION_CONTEXT() REPRESENTATION_CONTEXT('2D SPACE',''
  ) );
#8160 = PCURVE('',#4628,#8161);
#8161 = DEFINITIONAL_REPRESENTATION('',(#8162),#8166);
#8162 = LINE('',#8163,#8164);
#8163 = CARTESIAN_POINT('',(1.570796326795,0.));
#8164 = VECTOR('',#8165,1.);
#8165 = DIRECTION('',(0.,1.));
#8166 = ( GEOMETRIC_REPRESENTATION_CONTEXT(2) 
PARAMETRIC_REPRESENTATION_CONTEXT() REPRESENTATION_CONTEXT('2D SPACE',''
  ) );
#8167 = ORIENTED_EDGE('',*,*,#4590,.F.);
#8168 = ORIENTED_EDGE('',*,*,#4567,.T.);
#8169 = ORIENTED_EDGE('',*,*,#8170,.F.);
#8170 = EDGE_CURVE('',#5498,#4539,#8171,.T.);
#8171 = SURFACE_CURVE('',#8172,(#8176,#8183),.PCURVE_S1.);
#8172 = LINE('',#8173,#8174);
#8173 = CARTESIAN_POINT('',(15.,5.,12.));
#8174 = VECTOR('',#8175,1.);
#8175 = DIRECTION('',(0.,0.,1.));
#8176 = PCURVE('',#2536,#8177);
#8177 = DEFINITIONAL_REPRESENTATION('',(#8178),#8182);
#8178 = LINE('',#8179,#8180);
#8179 = CARTESIAN_POINT('',(9.5,-2.5));
#8180 = VECTOR('',#8181,1.);
#8181 = DIRECTION('',(1.,0.));
#8182 = ( GEOMETRIC_REPRESENTATION_CONTEXT(2) 
PARAMETRIC_REPRESENTATION_CONTEXT() REPRESENTATION_CONTEXT('2D SPACE',''
  ) );
#8183 = PCURVE('',#4555,#8184);
#8184 = DEFINITIONAL_REPRESENTATION('',(#8185),#8189);
#8185 = LINE('',#8186,#8187);
#8186 = CARTESIAN_POINT('',(0.,0.));
#8187 = VECTOR('',#8188,1.);
#8188 = DIRECTION('',(0.,1.));
#8189 = ( GEOMETRIC_REPRESENTATION_CONTEXT(2) 
PARAMETRIC_REPRESENTATION_CONTEXT() REPRESENTATION_CONTEXT('2D SPACE',''
  ) );
#8190 = ORIENTED_EDGE('',*,*,#5521,.F.);
#8191 = ORIENTED_EDGE('',*,*,#5544,.T.);
#8192 = ORIENTED_EDGE('',*,*,#7977,.F.);
#8193 = ORIENTED_EDGE('',*,*,#2548,.F.);
#8194 = ORIENTED_EDGE('',*,*,#2520,.T.);
#8195 = ORIENTED_EDGE('',*,*,#8196,.F.);
#8196 = EDGE_CURVE('',#3492,#2492,#8197,.T.);
#8197 = SURFACE_CURVE('',#8198,(#8202,#8209),.PCURVE_S1.);
#8198 = LINE('',#8199,#8200);
#8199 = CARTESIAN_POINT('',(15.,5.,6.));
#8200 = VECTOR('',#8201,1.);
#8201 = DIRECTION('',(0.,0.,1.));
#8202 = PCURVE('',#2536,#8203);
#8203 = DEFINITIONAL_REPRESENTATION('',(#8204),#8208);
#8204 = LINE('',#8205,#8206);
#8205 = CARTESIAN_POINT('',(3.5,-2.5));
#8206 = VECTOR('',#8207,1.);
#8207 = DIRECTION('',(1.,0.));
#8208 = ( GEOMETRIC_REPRESENTATION_CONTEXT(2) 
PARAMETRIC_REPRESENTATION_CONTEXT() REPRESENTATION_CONTEXT('2D SPACE',''
  ) );
#8209 = PCURVE('',#2508,#8210);
#8210 = DEFINITIONAL_REPRESENTATION('',(#8211),#8215);
#8211 = LINE('',#8212,#8213);
#8212 = CARTESIAN_POINT('',(0.,0.));
#8213 = VECTOR('',#8214,1.);
#8214 = DIRECTION('',(0.,1.));
#8215 = ( GEOMETRIC_REPRESENTATION_CONTEXT(2) 
PARAMETRIC_REPRESENTATION_CONTEXT() REPRESENTATION_CONTEXT('2D SPACE',''
  ) );
#8216 = ORIENTED_EDGE('',*,*,#3515,.F.);
#8217 = ADVANCED_FACE('',(#8218),#1726,.F.);
#8218 = FACE_BOUND('',#8219,.F.);
#8219 = EDGE_LOOP('',(#8220,#8221,#8222,#8223));
#8220 = ORIENTED_EDGE('',*,*,#1710,.F.);
#8221 = ORIENTED_EDGE('',*,*,#3658,.T.);
#8222 = ORIENTED_EDGE('',*,*,#2782,.T.);
#8223 = ORIENTED_EDGE('',*,*,#8224,.F.);
#8224 = EDGE_CURVE('',#1711,#2783,#8225,.T.);
#8225 = SURFACE_CURVE('',#8226,(#8230,#8237),.PCURVE_S1.);
#8226 = LINE('',#8227,#8228);
#8227 = CARTESIAN_POINT('',(50.,1.5,8.));
#8228 = VECTOR('',#8229,1.);
#8229 = DIRECTION('',(-0.,0.,-1.));
#8230 = PCURVE('',#1726,#8231);
#8231 = DEFINITIONAL_REPRESENTATION('',(#8232),#8236);
#8232 = LINE('',#8233,#8234);
#8233 = CARTESIAN_POINT('',(2.,-2.5));
#8234 = VECTOR('',#8235,1.);
#8235 = DIRECTION('',(-1.,-0.));
#8236 = ( GEOMETRIC_REPRESENTATION_CONTEXT(2) 
PARAMETRIC_REPRESENTATION_CONTEXT() REPRESENTATION_CONTEXT('2D SPACE',''
  ) );
#8237 = PCURVE('',#1759,#8238);
#8238 = DEFINITIONAL_REPRESENTATION('',(#8239),#8243);
#8239 = LINE('',#8240,#8241);
#8240 = CARTESIAN_POINT('',(0.,0.));
#8241 = VECTOR('',#8242,1.);
#8242 = DIRECTION('',(0.,1.));
#8243 = ( GEOMETRIC_REPRESENTATION_CONTEXT(2) 
PARAMETRIC_REPRESENTATION_CONTEXT() REPRESENTATION_CONTEXT('2D SPACE',''
  ) );
#8244 = ADVANCED_FACE('',(#8245),#1759,.T.);
#8245 = FACE_BOUND('',#8246,.T.);
#8246 = EDGE_LOOP('',(#8247,#8248,#8269,#8270));
#8247 = ORIENTED_EDGE('',*,*,#1738,.T.);
#8248 = ORIENTED_EDGE('',*,*,#8249,.T.);
#8249 = EDGE_CURVE('',#1739,#2806,#8250,.T.);
#8250 = SURFACE_CURVE('',#8251,(#8255,#8262),.PCURVE_S1.);
#8251 = LINE('',#8252,#8253);
#8252 = CARTESIAN_POINT('',(51.,2.5,8.));
#8253 = VECTOR('',#8254,1.);
#8254 = DIRECTION('',(-0.,0.,-1.));
#8255 = PCURVE('',#1759,#8256);
#8256 = DEFINITIONAL_REPRESENTATION('',(#8257),#8261);
#8257 = LINE('',#8258,#8259);
#8258 = CARTESIAN_POINT('',(1.570796326795,0.));
#8259 = VECTOR('',#8260,1.);
#8260 = DIRECTION('',(0.,1.));
#8261 = ( GEOMETRIC_REPRESENTATION_CONTEXT(2) 
PARAMETRIC_REPRESENTATION_CONTEXT() REPRESENTATION_CONTEXT('2D SPACE',''
  ) );
#8262 = PCURVE('',#1787,#8263);
#8263 = DEFINITIONAL_REPRESENTATION('',(#8264),#8268);
#8264 = LINE('',#8265,#8266);
#8265 = CARTESIAN_POINT('',(5.5,48.5));
#8266 = VECTOR('',#8267,1.);
#8267 = DIRECTION('',(-1.,0.));
#8268 = ( GEOMETRIC_REPRESENTATION_CONTEXT(2) 
PARAMETRIC_REPRESENTATION_CONTEXT() REPRESENTATION_CONTEXT('2D SPACE',''
  ) );
#8269 = ORIENTED_EDGE('',*,*,#2805,.F.);
#8270 = ORIENTED_EDGE('',*,*,#8224,.F.);
#8271 = ADVANCED_FACE('',(#8272),#2508,.T.);
#8272 = FACE_BOUND('',#8273,.T.);
#8273 = EDGE_LOOP('',(#8274,#8275,#8296,#8297));
#8274 = ORIENTED_EDGE('',*,*,#3491,.T.);
#8275 = ORIENTED_EDGE('',*,*,#8276,.T.);
#8276 = EDGE_CURVE('',#3469,#2464,#8277,.T.);
#8277 = SURFACE_CURVE('',#8278,(#8282,#8289),.PCURVE_S1.);
#8278 = LINE('',#8279,#8280);
#8279 = CARTESIAN_POINT('',(16.,4.,6.));
#8280 = VECTOR('',#8281,1.);
#8281 = DIRECTION('',(0.,0.,1.));
#8282 = PCURVE('',#2508,#8283);
#8283 = DEFINITIONAL_REPRESENTATION('',(#8284),#8288);
#8284 = LINE('',#8285,#8286);
#8285 = CARTESIAN_POINT('',(1.570796326795,0.));
#8286 = VECTOR('',#8287,1.);
#8287 = DIRECTION('',(0.,1.));
#8288 = ( GEOMETRIC_REPRESENTATION_CONTEXT(2) 
PARAMETRIC_REPRESENTATION_CONTEXT() REPRESENTATION_CONTEXT('2D SPACE',''
  ) );
#8289 = PCURVE('',#2479,#8290);
#8290 = DEFINITIONAL_REPRESENTATION('',(#8291),#8295);
#8291 = LINE('',#8292,#8293);
#8292 = CARTESIAN_POINT('',(0.,6.));
#8293 = VECTOR('',#8294,1.);
#8294 = DIRECTION('',(1.,0.));
#8295 = ( GEOMETRIC_REPRESENTATION_CONTEXT(2) 
PARAMETRIC_REPRESENTATION_CONTEXT() REPRESENTATION_CONTEXT('2D SPACE',''
  ) );
#8296 = ORIENTED_EDGE('',*,*,#2491,.F.);
#8297 = ORIENTED_EDGE('',*,*,#8196,.F.);
#8298 = ADVANCED_FACE('',(#8299),#1787,.T.);
#8299 = FACE_BOUND('',#8300,.T.);
#8300 = EDGE_LOOP('',(#8301,#8331,#8352,#8353,#8354,#8355,#8356,#8357,
    #8378,#8379,#8380,#8401,#8402,#8403,#8424,#8425,#8426,#8447,#8448,
    #8449,#8472,#8500));
#8301 = ORIENTED_EDGE('',*,*,#8302,.F.);
#8302 = EDGE_CURVE('',#8303,#8305,#8307,.T.);
#8303 = VERTEX_POINT('',#8304);
#8304 = CARTESIAN_POINT('',(48.5,2.5,2.5));
#8305 = VERTEX_POINT('',#8306);
#8306 = CARTESIAN_POINT('',(56.5,2.5,2.5));
#8307 = SURFACE_CURVE('',#8308,(#8312,#8319),.PCURVE_S1.);
#8308 = LINE('',#8309,#8310);
#8309 = CARTESIAN_POINT('',(2.5,2.5,2.5));
#8310 = VECTOR('',#8311,1.);
#8311 = DIRECTION('',(1.,0.,-0.));
#8312 = PCURVE('',#1787,#8313);
#8313 = DEFINITIONAL_REPRESENTATION('',(#8314),#8318);
#8314 = LINE('',#8315,#8316);
#8315 = CARTESIAN_POINT('',(0.,0.));
#8316 = VECTOR('',#8317,1.);
#8317 = DIRECTION('',(0.,1.));
#8318 = ( GEOMETRIC_REPRESENTATION_CONTEXT(2) 
PARAMETRIC_REPRESENTATION_CONTEXT() REPRESENTATION_CONTEXT('2D SPACE',''
  ) );
#8319 = PCURVE('',#8320,#8325);
#8320 = PLANE('',#8321);
#8321 = AXIS2_PLACEMENT_3D('',#8322,#8323,#8324);
#8322 = CARTESIAN_POINT('',(2.5,2.5,2.5));
#8323 = DIRECTION('',(0.,0.,1.));
#8324 = DIRECTION('',(1.,0.,-0.));
#8325 = DEFINITIONAL_REPRESENTATION('',(#8326),#8330);
#8326 = LINE('',#8327,#8328);
#8327 = CARTESIAN_POINT('',(0.,0.));
#8328 = VECTOR('',#8329,1.);
#8329 = DIRECTION('',(1.,0.));
#8330 = ( GEOMETRIC_REPRESENTATION_CONTEXT(2) 
PARAMETRIC_REPRESENTATION_CONTEXT() REPRESENTATION_CONTEXT('2D SPACE',''
  ) );
#8331 = ORIENTED_EDGE('',*,*,#8332,.T.);
#8332 = EDGE_CURVE('',#8303,#2857,#8333,.T.);
#8333 = SURFACE_CURVE('',#8334,(#8338,#8345),.PCURVE_S1.);
#8334 = LINE('',#8335,#8336);
#8335 = CARTESIAN_POINT('',(48.5,2.5,2.5));
#8336 = VECTOR('',#8337,1.);
#8337 = DIRECTION('',(0.,0.,1.));
#8338 = PCURVE('',#1787,#8339);
#8339 = DEFINITIONAL_REPRESENTATION('',(#8340),#8344);
#8340 = LINE('',#8341,#8342);
#8341 = CARTESIAN_POINT('',(0.,46.));
#8342 = VECTOR('',#8343,1.);
#8343 = DIRECTION('',(1.,0.));
#8344 = ( GEOMETRIC_REPRESENTATION_CONTEXT(2) 
PARAMETRIC_REPRESENTATION_CONTEXT() REPRESENTATION_CONTEXT('2D SPACE',''
  ) );
#8345 = PCURVE('',#2894,#8346);
#8346 = DEFINITIONAL_REPRESENTATION('',(#8347),#8351);
#8347 = LINE('',#8348,#8349);
#8348 = CARTESIAN_POINT('',(1.570796326795,0.));
#8349 = VECTOR('',#8350,1.);
#8350 = DIRECTION('',(0.,1.));
#8351 = ( GEOMETRIC_REPRESENTATION_CONTEXT(2) 
PARAMETRIC_REPRESENTATION_CONTEXT() REPRESENTATION_CONTEXT('2D SPACE',''
  ) );
#8352 = ORIENTED_EDGE('',*,*,#2856,.T.);
#8353 = ORIENTED_EDGE('',*,*,#2833,.T.);
#8354 = ORIENTED_EDGE('',*,*,#8249,.F.);
#8355 = ORIENTED_EDGE('',*,*,#1771,.F.);
#8356 = ORIENTED_EDGE('',*,*,#1799,.F.);
#8357 = ORIENTED_EDGE('',*,*,#8358,.T.);
#8358 = EDGE_CURVE('',#1800,#4894,#8359,.T.);
#8359 = SURFACE_CURVE('',#8360,(#8364,#8371),.PCURVE_S1.);
#8360 = LINE('',#8361,#8362);
#8361 = CARTESIAN_POINT('',(48.5,2.5,8.));
#8362 = VECTOR('',#8363,1.);
#8363 = DIRECTION('',(0.,0.,1.));
#8364 = PCURVE('',#1787,#8365);
#8365 = DEFINITIONAL_REPRESENTATION('',(#8366),#8370);
#8366 = LINE('',#8367,#8368);
#8367 = CARTESIAN_POINT('',(5.5,46.));
#8368 = VECTOR('',#8369,1.);
#8369 = DIRECTION('',(1.,0.));
#8370 = ( GEOMETRIC_REPRESENTATION_CONTEXT(2) 
PARAMETRIC_REPRESENTATION_CONTEXT() REPRESENTATION_CONTEXT('2D SPACE',''
  ) );
#8371 = PCURVE('',#1837,#8372);
#8372 = DEFINITIONAL_REPRESENTATION('',(#8373),#8377);
#8373 = LINE('',#8374,#8375);
#8374 = CARTESIAN_POINT('',(1.570796326795,0.));
#8375 = VECTOR('',#8376,1.);
#8376 = DIRECTION('',(0.,1.));
#8377 = ( GEOMETRIC_REPRESENTATION_CONTEXT(2) 
PARAMETRIC_REPRESENTATION_CONTEXT() REPRESENTATION_CONTEXT('2D SPACE',''
  ) );
#8378 = ORIENTED_EDGE('',*,*,#4893,.T.);
#8379 = ORIENTED_EDGE('',*,*,#4870,.T.);
#8380 = ORIENTED_EDGE('',*,*,#8381,.F.);
#8381 = EDGE_CURVE('',#3796,#4843,#8382,.T.);
#8382 = SURFACE_CURVE('',#8383,(#8387,#8394),.PCURVE_S1.);
#8383 = LINE('',#8384,#8385);
#8384 = CARTESIAN_POINT('',(51.,2.5,14.));
#8385 = VECTOR('',#8386,1.);
#8386 = DIRECTION('',(-0.,0.,-1.));
#8387 = PCURVE('',#1787,#8388);
#8388 = DEFINITIONAL_REPRESENTATION('',(#8389),#8393);
#8389 = LINE('',#8390,#8391);
#8390 = CARTESIAN_POINT('',(11.5,48.5));
#8391 = VECTOR('',#8392,1.);
#8392 = DIRECTION('',(-1.,0.));
#8393 = ( GEOMETRIC_REPRESENTATION_CONTEXT(2) 
PARAMETRIC_REPRESENTATION_CONTEXT() REPRESENTATION_CONTEXT('2D SPACE',''
  ) );
#8394 = PCURVE('',#3816,#8395);
#8395 = DEFINITIONAL_REPRESENTATION('',(#8396),#8400);
#8396 = LINE('',#8397,#8398);
#8397 = CARTESIAN_POINT('',(1.570796326795,0.));
#8398 = VECTOR('',#8399,1.);
#8399 = DIRECTION('',(0.,1.));
#8400 = ( GEOMETRIC_REPRESENTATION_CONTEXT(2) 
PARAMETRIC_REPRESENTATION_CONTEXT() REPRESENTATION_CONTEXT('2D SPACE',''
  ) );
#8401 = ORIENTED_EDGE('',*,*,#3828,.F.);
#8402 = ORIENTED_EDGE('',*,*,#3851,.F.);
#8403 = ORIENTED_EDGE('',*,*,#8404,.T.);
#8404 = EDGE_CURVE('',#3852,#6895,#8405,.T.);
#8405 = SURFACE_CURVE('',#8406,(#8410,#8417),.PCURVE_S1.);
#8406 = LINE('',#8407,#8408);
#8407 = CARTESIAN_POINT('',(48.5,2.5,14.));
#8408 = VECTOR('',#8409,1.);
#8409 = DIRECTION('',(0.,0.,1.));
#8410 = PCURVE('',#1787,#8411);
#8411 = DEFINITIONAL_REPRESENTATION('',(#8412),#8416);
#8412 = LINE('',#8413,#8414);
#8413 = CARTESIAN_POINT('',(11.5,46.));
#8414 = VECTOR('',#8415,1.);
#8415 = DIRECTION('',(1.,0.));
#8416 = ( GEOMETRIC_REPRESENTATION_CONTEXT(2) 
PARAMETRIC_REPRESENTATION_CONTEXT() REPRESENTATION_CONTEXT('2D SPACE',''
  ) );
#8417 = PCURVE('',#3889,#8418);
#8418 = DEFINITIONAL_REPRESENTATION('',(#8419),#8423);
#8419 = LINE('',#8420,#8421);
#8420 = CARTESIAN_POINT('',(1.570796326795,0.));
#8421 = VECTOR('',#8422,1.);
#8422 = DIRECTION('',(0.,1.));
#8423 = ( GEOMETRIC_REPRESENTATION_CONTEXT(2) 
PARAMETRIC_REPRESENTATION_CONTEXT() REPRESENTATION_CONTEXT('2D SPACE',''
  ) );
#8424 = ORIENTED_EDGE('',*,*,#6894,.T.);
#8425 = ORIENTED_EDGE('',*,*,#6871,.T.);
#8426 = ORIENTED_EDGE('',*,*,#8427,.F.);
#8427 = EDGE_CURVE('',#5797,#6844,#8428,.T.);
#8428 = SURFACE_CURVE('',#8429,(#8433,#8440),.PCURVE_S1.);
#8429 = LINE('',#8430,#8431);
#8430 = CARTESIAN_POINT('',(51.,2.5,20.));
#8431 = VECTOR('',#8432,1.);
#8432 = DIRECTION('',(-0.,0.,-1.));
#8433 = PCURVE('',#1787,#8434);
#8434 = DEFINITIONAL_REPRESENTATION('',(#8435),#8439);
#8435 = LINE('',#8436,#8437);
#8436 = CARTESIAN_POINT('',(17.5,48.5));
#8437 = VECTOR('',#8438,1.);
#8438 = DIRECTION('',(-1.,0.));
#8439 = ( GEOMETRIC_REPRESENTATION_CONTEXT(2) 
PARAMETRIC_REPRESENTATION_CONTEXT() REPRESENTATION_CONTEXT('2D SPACE',''
  ) );
#8440 = PCURVE('',#5817,#8441);
#8441 = DEFINITIONAL_REPRESENTATION('',(#8442),#8446);
#8442 = LINE('',#8443,#8444);
#8443 = CARTESIAN_POINT('',(1.570796326795,0.));
#8444 = VECTOR('',#8445,1.);
#8445 = DIRECTION('',(0.,1.));
#8446 = ( GEOMETRIC_REPRESENTATION_CONTEXT(2) 
PARAMETRIC_REPRESENTATION_CONTEXT() REPRESENTATION_CONTEXT('2D SPACE',''
  ) );
#8447 = ORIENTED_EDGE('',*,*,#5829,.F.);
#8448 = ORIENTED_EDGE('',*,*,#5852,.F.);
#8449 = ORIENTED_EDGE('',*,*,#8450,.T.);
#8450 = EDGE_CURVE('',#5853,#8451,#8453,.T.);
#8451 = VERTEX_POINT('',#8452);
#8452 = CARTESIAN_POINT('',(48.5,2.5,22.5));
#8453 = SURFACE_CURVE('',#8454,(#8458,#8465),.PCURVE_S1.);
#8454 = LINE('',#8455,#8456);
#8455 = CARTESIAN_POINT('',(48.5,2.5,20.));
#8456 = VECTOR('',#8457,1.);
#8457 = DIRECTION('',(0.,0.,1.));
#8458 = PCURVE('',#1787,#8459);
#8459 = DEFINITIONAL_REPRESENTATION('',(#8460),#8464);
#8460 = LINE('',#8461,#8462);
#8461 = CARTESIAN_POINT('',(17.5,46.));
#8462 = VECTOR('',#8463,1.);
#8463 = DIRECTION('',(1.,0.));
#8464 = ( GEOMETRIC_REPRESENTATION_CONTEXT(2) 
PARAMETRIC_REPRESENTATION_CONTEXT() REPRESENTATION_CONTEXT('2D SPACE',''
  ) );
#8465 = PCURVE('',#5890,#8466);
#8466 = DEFINITIONAL_REPRESENTATION('',(#8467),#8471);
#8467 = LINE('',#8468,#8469);
#8468 = CARTESIAN_POINT('',(1.570796326795,0.));
#8469 = VECTOR('',#8470,1.);
#8470 = DIRECTION('',(0.,1.));
#8471 = ( GEOMETRIC_REPRESENTATION_CONTEXT(2) 
PARAMETRIC_REPRESENTATION_CONTEXT() REPRESENTATION_CONTEXT('2D SPACE',''
  ) );
#8472 = ORIENTED_EDGE('',*,*,#8473,.T.);
#8473 = EDGE_CURVE('',#8451,#8474,#8476,.T.);
#8474 = VERTEX_POINT('',#8475);
#8475 = CARTESIAN_POINT('',(56.5,2.5,22.5));
#8476 = SURFACE_CURVE('',#8477,(#8481,#8488),.PCURVE_S1.);
#8477 = LINE('',#8478,#8479);
#8478 = CARTESIAN_POINT('',(2.5,2.5,22.5));
#8479 = VECTOR('',#8480,1.);
#8480 = DIRECTION('',(1.,0.,-0.));
#8481 = PCURVE('',#1787,#8482);
#8482 = DEFINITIONAL_REPRESENTATION('',(#8483),#8487);
#8483 = LINE('',#8484,#8485);
#8484 = CARTESIAN_POINT('',(20.,0.));
#8485 = VECTOR('',#8486,1.);
#8486 = DIRECTION('',(0.,1.));
#8487 = ( GEOMETRIC_REPRESENTATION_CONTEXT(2) 
PARAMETRIC_REPRESENTATION_CONTEXT() REPRESENTATION_CONTEXT('2D SPACE',''
  ) );
#8488 = PCURVE('',#8489,#8494);
#8489 = PLANE('',#8490);
#8490 = AXIS2_PLACEMENT_3D('',#8491,#8492,#8493);
#8491 = CARTESIAN_POINT('',(2.5,2.5,22.5));
#8492 = DIRECTION('',(0.,0.,1.));
#8493 = DIRECTION('',(1.,0.,-0.));
#8494 = DEFINITIONAL_REPRESENTATION('',(#8495),#8499);
#8495 = LINE('',#8496,#8497);
#8496 = CARTESIAN_POINT('',(0.,0.));
#8497 = VECTOR('',#8498,1.);
#8498 = DIRECTION('',(1.,0.));
#8499 = ( GEOMETRIC_REPRESENTATION_CONTEXT(2) 
PARAMETRIC_REPRESENTATION_CONTEXT() REPRESENTATION_CONTEXT('2D SPACE',''
  ) );
#8500 = ORIENTED_EDGE('',*,*,#8501,.F.);
#8501 = EDGE_CURVE('',#8305,#8474,#8502,.T.);
#8502 = SURFACE_CURVE('',#8503,(#8507,#8514),.PCURVE_S1.);
#8503 = LINE('',#8504,#8505);
#8504 = CARTESIAN_POINT('',(56.5,2.5,2.5));
#8505 = VECTOR('',#8506,1.);
#8506 = DIRECTION('',(0.,0.,1.));
#8507 = PCURVE('',#1787,#8508);
#8508 = DEFINITIONAL_REPRESENTATION('',(#8509),#8513);
#8509 = LINE('',#8510,#8511);
#8510 = CARTESIAN_POINT('',(0.,54.));
#8511 = VECTOR('',#8512,1.);
#8512 = DIRECTION('',(1.,0.));
#8513 = ( GEOMETRIC_REPRESENTATION_CONTEXT(2) 
PARAMETRIC_REPRESENTATION_CONTEXT() REPRESENTATION_CONTEXT('2D SPACE',''
  ) );
#8514 = PCURVE('',#8515,#8520);
#8515 = CYLINDRICAL_SURFACE('',#8516,1.);
#8516 = AXIS2_PLACEMENT_3D('',#8517,#8518,#8519);
#8517 = CARTESIAN_POINT('',(56.5,3.5,2.5));
#8518 = DIRECTION('',(0.,0.,1.));
#8519 = DIRECTION('',(0.,-1.,0.));
#8520 = DEFINITIONAL_REPRESENTATION('',(#8521),#8525);
#8521 = LINE('',#8522,#8523);
#8522 = CARTESIAN_POINT('',(0.,0.));
#8523 = VECTOR('',#8524,1.);
#8524 = DIRECTION('',(0.,1.));
#8525 = ( GEOMETRIC_REPRESENTATION_CONTEXT(2) 
PARAMETRIC_REPRESENTATION_CONTEXT() REPRESENTATION_CONTEXT('2D SPACE',''
  ) );
#8526 = ADVANCED_FACE('',(#8527),#2479,.F.);
#8527 = FACE_BOUND('',#8528,.F.);
#8528 = EDGE_LOOP('',(#8529,#8530,#8531,#8532));
#8529 = ORIENTED_EDGE('',*,*,#3468,.F.);
#8530 = ORIENTED_EDGE('',*,*,#8276,.T.);
#8531 = ORIENTED_EDGE('',*,*,#2463,.T.);
#8532 = ORIENTED_EDGE('',*,*,#8533,.F.);
#8533 = EDGE_CURVE('',#3445,#2435,#8534,.T.);
#8534 = SURFACE_CURVE('',#8535,(#8539,#8546),.PCURVE_S1.);
#8535 = LINE('',#8536,#8537);
#8536 = CARTESIAN_POINT('',(16.5,4.,6.));
#8537 = VECTOR('',#8538,1.);
#8538 = DIRECTION('',(0.,0.,1.));
#8539 = PCURVE('',#2479,#8540);
#8540 = DEFINITIONAL_REPRESENTATION('',(#8541),#8545);
#8541 = LINE('',#8542,#8543);
#8542 = CARTESIAN_POINT('',(0.,6.5));
#8543 = VECTOR('',#8544,1.);
#8544 = DIRECTION('',(1.,0.));
#8545 = ( GEOMETRIC_REPRESENTATION_CONTEXT(2) 
PARAMETRIC_REPRESENTATION_CONTEXT() REPRESENTATION_CONTEXT('2D SPACE',''
  ) );
#8546 = PCURVE('',#2451,#8547);
#8547 = DEFINITIONAL_REPRESENTATION('',(#8548),#8552);
#8548 = LINE('',#8549,#8550);
#8549 = CARTESIAN_POINT('',(0.,0.));
#8550 = VECTOR('',#8551,1.);
#8551 = DIRECTION('',(0.,1.));
#8552 = ( GEOMETRIC_REPRESENTATION_CONTEXT(2) 
PARAMETRIC_REPRESENTATION_CONTEXT() REPRESENTATION_CONTEXT('2D SPACE',''
  ) );
#8553 = ADVANCED_FACE('',(#8554),#2451,.T.);
#8554 = FACE_BOUND('',#8555,.T.);
#8555 = EDGE_LOOP('',(#8556,#8557,#8578,#8579));
#8556 = ORIENTED_EDGE('',*,*,#3444,.T.);
#8557 = ORIENTED_EDGE('',*,*,#8558,.T.);
#8558 = EDGE_CURVE('',#3422,#2412,#8559,.T.);
#8559 = SURFACE_CURVE('',#8560,(#8564,#8571),.PCURVE_S1.);
#8560 = LINE('',#8561,#8562);
#8561 = CARTESIAN_POINT('',(17.5,5.,6.));
#8562 = VECTOR('',#8563,1.);
#8563 = DIRECTION('',(0.,0.,1.));
#8564 = PCURVE('',#2451,#8565);
#8565 = DEFINITIONAL_REPRESENTATION('',(#8566),#8570);
#8566 = LINE('',#8567,#8568);
#8567 = CARTESIAN_POINT('',(1.570796326795,0.));
#8568 = VECTOR('',#8569,1.);
#8569 = DIRECTION('',(0.,1.));
#8570 = ( GEOMETRIC_REPRESENTATION_CONTEXT(2) 
PARAMETRIC_REPRESENTATION_CONTEXT() REPRESENTATION_CONTEXT('2D SPACE',''
  ) );
#8571 = PCURVE('',#2400,#8572);
#8572 = DEFINITIONAL_REPRESENTATION('',(#8573),#8577);
#8573 = LINE('',#8574,#8575);
#8574 = CARTESIAN_POINT('',(3.5,-2.5));
#8575 = VECTOR('',#8576,1.);
#8576 = DIRECTION('',(1.,0.));
#8577 = ( GEOMETRIC_REPRESENTATION_CONTEXT(2) 
PARAMETRIC_REPRESENTATION_CONTEXT() REPRESENTATION_CONTEXT('2D SPACE',''
  ) );
#8578 = ORIENTED_EDGE('',*,*,#2434,.F.);
#8579 = ORIENTED_EDGE('',*,*,#8533,.F.);
#8580 = ADVANCED_FACE('',(#8581),#1837,.F.);
#8581 = FACE_BOUND('',#8582,.F.);
#8582 = EDGE_LOOP('',(#8583,#8584,#8585,#8586));
#8583 = ORIENTED_EDGE('',*,*,#1820,.T.);
#8584 = ORIENTED_EDGE('',*,*,#8358,.T.);
#8585 = ORIENTED_EDGE('',*,*,#4914,.F.);
#8586 = ORIENTED_EDGE('',*,*,#8587,.F.);
#8587 = EDGE_CURVE('',#1821,#4915,#8588,.T.);
#8588 = SURFACE_CURVE('',#8589,(#8593,#8600),.PCURVE_S1.);
#8589 = LINE('',#8590,#8591);
#8590 = CARTESIAN_POINT('',(47.5,3.5,8.));
#8591 = VECTOR('',#8592,1.);
#8592 = DIRECTION('',(0.,0.,1.));
#8593 = PCURVE('',#1837,#8594);
#8594 = DEFINITIONAL_REPRESENTATION('',(#8595),#8599);
#8595 = LINE('',#8596,#8597);
#8596 = CARTESIAN_POINT('',(0.,0.));
#8597 = VECTOR('',#8598,1.);
#8598 = DIRECTION('',(0.,1.));
#8599 = ( GEOMETRIC_REPRESENTATION_CONTEXT(2) 
PARAMETRIC_REPRESENTATION_CONTEXT() REPRESENTATION_CONTEXT('2D SPACE',''
  ) );
#8600 = PCURVE('',#1864,#8601);
#8601 = DEFINITIONAL_REPRESENTATION('',(#8602),#8606);
#8602 = LINE('',#8603,#8604);
#8603 = CARTESIAN_POINT('',(5.5,-1.));
#8604 = VECTOR('',#8605,1.);
#8605 = DIRECTION('',(1.,0.));
#8606 = ( GEOMETRIC_REPRESENTATION_CONTEXT(2) 
PARAMETRIC_REPRESENTATION_CONTEXT() REPRESENTATION_CONTEXT('2D SPACE',''
  ) );
#8607 = ADVANCED_FACE('',(#8608),#2400,.T.);
#8608 = FACE_BOUND('',#8609,.T.);
#8609 = EDGE_LOOP('',(#8610,#8611,#8634,#8662,#8690,#8718,#8739,#8740,
    #8741,#8762,#8763,#8764,#8785,#8786,#8787,#8808,#8809,#8810,#8831,
    #8832,#8833,#8834));
#8610 = ORIENTED_EDGE('',*,*,#3400,.T.);
#8611 = ORIENTED_EDGE('',*,*,#8612,.F.);
#8612 = EDGE_CURVE('',#8613,#3372,#8615,.T.);
#8613 = VERTEX_POINT('',#8614);
#8614 = CARTESIAN_POINT('',(17.5,3.5,2.5));
#8615 = SURFACE_CURVE('',#8616,(#8620,#8627),.PCURVE_S1.);
#8616 = LINE('',#8617,#8618);
#8617 = CARTESIAN_POINT('',(17.5,3.5,2.5));
#8618 = VECTOR('',#8619,1.);
#8619 = DIRECTION('',(0.,0.,1.));
#8620 = PCURVE('',#2400,#8621);
#8621 = DEFINITIONAL_REPRESENTATION('',(#8622),#8626);
#8622 = LINE('',#8623,#8624);
#8623 = CARTESIAN_POINT('',(0.,-1.));
#8624 = VECTOR('',#8625,1.);
#8625 = DIRECTION('',(1.,0.));
#8626 = ( GEOMETRIC_REPRESENTATION_CONTEXT(2) 
PARAMETRIC_REPRESENTATION_CONTEXT() REPRESENTATION_CONTEXT('2D SPACE',''
  ) );
#8627 = PCURVE('',#3388,#8628);
#8628 = DEFINITIONAL_REPRESENTATION('',(#8629),#8633);
#8629 = LINE('',#8630,#8631);
#8630 = CARTESIAN_POINT('',(0.,0.));
#8631 = VECTOR('',#8632,1.);
#8632 = DIRECTION('',(0.,1.));
#8633 = ( GEOMETRIC_REPRESENTATION_CONTEXT(2) 
PARAMETRIC_REPRESENTATION_CONTEXT() REPRESENTATION_CONTEXT('2D SPACE',''
  ) );
#8634 = ORIENTED_EDGE('',*,*,#8635,.T.);
#8635 = EDGE_CURVE('',#8613,#8636,#8638,.T.);
#8636 = VERTEX_POINT('',#8637);
#8637 = CARTESIAN_POINT('',(17.5,36.5,2.5));
#8638 = SURFACE_CURVE('',#8639,(#8643,#8650),.PCURVE_S1.);
#8639 = LINE('',#8640,#8641);
#8640 = CARTESIAN_POINT('',(17.5,2.5,2.5));
#8641 = VECTOR('',#8642,1.);
#8642 = DIRECTION('',(-0.,1.,0.));
#8643 = PCURVE('',#2400,#8644);
#8644 = DEFINITIONAL_REPRESENTATION('',(#8645),#8649);
#8645 = LINE('',#8646,#8647);
#8646 = CARTESIAN_POINT('',(0.,0.));
#8647 = VECTOR('',#8648,1.);
#8648 = DIRECTION('',(0.,-1.));
#8649 = ( GEOMETRIC_REPRESENTATION_CONTEXT(2) 
PARAMETRIC_REPRESENTATION_CONTEXT() REPRESENTATION_CONTEXT('2D SPACE',''
  ) );
#8650 = PCURVE('',#8651,#8656);
#8651 = PLANE('',#8652);
#8652 = AXIS2_PLACEMENT_3D('',#8653,#8654,#8655);
#8653 = CARTESIAN_POINT('',(2.5,2.5,2.5));
#8654 = DIRECTION('',(0.,0.,1.));
#8655 = DIRECTION('',(1.,0.,-0.));
#8656 = DEFINITIONAL_REPRESENTATION('',(#8657),#8661);
#8657 = LINE('',#8658,#8659);
#8658 = CARTESIAN_POINT('',(15.,0.));
#8659 = VECTOR('',#8660,1.);
#8660 = DIRECTION('',(0.,1.));
#8661 = ( GEOMETRIC_REPRESENTATION_CONTEXT(2) 
PARAMETRIC_REPRESENTATION_CONTEXT() REPRESENTATION_CONTEXT('2D SPACE',''
  ) );
#8662 = ORIENTED_EDGE('',*,*,#8663,.T.);
#8663 = EDGE_CURVE('',#8636,#8664,#8666,.T.);
#8664 = VERTEX_POINT('',#8665);
#8665 = CARTESIAN_POINT('',(17.5,36.5,22.5));
#8666 = SURFACE_CURVE('',#8667,(#8671,#8678),.PCURVE_S1.);
#8667 = LINE('',#8668,#8669);
#8668 = CARTESIAN_POINT('',(17.5,36.5,2.5));
#8669 = VECTOR('',#8670,1.);
#8670 = DIRECTION('',(0.,0.,1.));
#8671 = PCURVE('',#2400,#8672);
#8672 = DEFINITIONAL_REPRESENTATION('',(#8673),#8677);
#8673 = LINE('',#8674,#8675);
#8674 = CARTESIAN_POINT('',(0.,-34.));
#8675 = VECTOR('',#8676,1.);
#8676 = DIRECTION('',(1.,0.));
#8677 = ( GEOMETRIC_REPRESENTATION_CONTEXT(2) 
PARAMETRIC_REPRESENTATION_CONTEXT() REPRESENTATION_CONTEXT('2D SPACE',''
  ) );
#8678 = PCURVE('',#8679,#8684);
#8679 = CYLINDRICAL_SURFACE('',#8680,1.);
#8680 = AXIS2_PLACEMENT_3D('',#8681,#8682,#8683);
#8681 = CARTESIAN_POINT('',(18.5,36.5,2.5));
#8682 = DIRECTION('',(0.,0.,1.));
#8683 = DIRECTION('',(-1.,-0.,0.));
#8684 = DEFINITIONAL_REPRESENTATION('',(#8685),#8689);
#8685 = LINE('',#8686,#8687);
#8686 = CARTESIAN_POINT('',(-0.,0.));
#8687 = VECTOR('',#8688,1.);
#8688 = DIRECTION('',(-0.,1.));
#8689 = ( GEOMETRIC_REPRESENTATION_CONTEXT(2) 
PARAMETRIC_REPRESENTATION_CONTEXT() REPRESENTATION_CONTEXT('2D SPACE',''
  ) );
#8690 = ORIENTED_EDGE('',*,*,#8691,.F.);
#8691 = EDGE_CURVE('',#8692,#8664,#8694,.T.);
#8692 = VERTEX_POINT('',#8693);
#8693 = CARTESIAN_POINT('',(17.5,3.5,22.5));
#8694 = SURFACE_CURVE('',#8695,(#8699,#8706),.PCURVE_S1.);
#8695 = LINE('',#8696,#8697);
#8696 = CARTESIAN_POINT('',(17.5,2.5,22.5));
#8697 = VECTOR('',#8698,1.);
#8698 = DIRECTION('',(-0.,1.,0.));
#8699 = PCURVE('',#2400,#8700);
#8700 = DEFINITIONAL_REPRESENTATION('',(#8701),#8705);
#8701 = LINE('',#8702,#8703);
#8702 = CARTESIAN_POINT('',(20.,0.));
#8703 = VECTOR('',#8704,1.);
#8704 = DIRECTION('',(0.,-1.));
#8705 = ( GEOMETRIC_REPRESENTATION_CONTEXT(2) 
PARAMETRIC_REPRESENTATION_CONTEXT() REPRESENTATION_CONTEXT('2D SPACE',''
  ) );
#8706 = PCURVE('',#8707,#8712);
#8707 = PLANE('',#8708);
#8708 = AXIS2_PLACEMENT_3D('',#8709,#8710,#8711);
#8709 = CARTESIAN_POINT('',(2.5,2.5,22.5));
#8710 = DIRECTION('',(0.,0.,1.));
#8711 = DIRECTION('',(1.,0.,-0.));
#8712 = DEFINITIONAL_REPRESENTATION('',(#8713),#8717);
#8713 = LINE('',#8714,#8715);
#8714 = CARTESIAN_POINT('',(15.,0.));
#8715 = VECTOR('',#8716,1.);
#8716 = DIRECTION('',(0.,1.));
#8717 = ( GEOMETRIC_REPRESENTATION_CONTEXT(2) 
PARAMETRIC_REPRESENTATION_CONTEXT() REPRESENTATION_CONTEXT('2D SPACE',''
  ) );
#8718 = ORIENTED_EDGE('',*,*,#8719,.F.);
#8719 = EDGE_CURVE('',#6406,#8692,#8720,.T.);
#8720 = SURFACE_CURVE('',#8721,(#8725,#8732),.PCURVE_S1.);
#8721 = LINE('',#8722,#8723);
#8722 = CARTESIAN_POINT('',(17.5,3.5,20.));
#8723 = VECTOR('',#8724,1.);
#8724 = DIRECTION('',(0.,0.,1.));
#8725 = PCURVE('',#2400,#8726);
#8726 = DEFINITIONAL_REPRESENTATION('',(#8727),#8731);
#8727 = LINE('',#8728,#8729);
#8728 = CARTESIAN_POINT('',(17.5,-1.));
#8729 = VECTOR('',#8730,1.);
#8730 = DIRECTION('',(1.,0.));
#8731 = ( GEOMETRIC_REPRESENTATION_CONTEXT(2) 
PARAMETRIC_REPRESENTATION_CONTEXT() REPRESENTATION_CONTEXT('2D SPACE',''
  ) );
#8732 = PCURVE('',#6422,#8733);
#8733 = DEFINITIONAL_REPRESENTATION('',(#8734),#8738);
#8734 = LINE('',#8735,#8736);
#8735 = CARTESIAN_POINT('',(0.,0.));
#8736 = VECTOR('',#8737,1.);
#8737 = DIRECTION('',(0.,1.));
#8738 = ( GEOMETRIC_REPRESENTATION_CONTEXT(2) 
PARAMETRIC_REPRESENTATION_CONTEXT() REPRESENTATION_CONTEXT('2D SPACE',''
  ) );
#8739 = ORIENTED_EDGE('',*,*,#6434,.F.);
#8740 = ORIENTED_EDGE('',*,*,#6455,.T.);
#8741 = ORIENTED_EDGE('',*,*,#8742,.F.);
#8742 = EDGE_CURVE('',#7433,#6456,#8743,.T.);
#8743 = SURFACE_CURVE('',#8744,(#8748,#8755),.PCURVE_S1.);
#8744 = LINE('',#8745,#8746);
#8745 = CARTESIAN_POINT('',(17.5,5.,18.));
#8746 = VECTOR('',#8747,1.);
#8747 = DIRECTION('',(0.,0.,1.));
#8748 = PCURVE('',#2400,#8749);
#8749 = DEFINITIONAL_REPRESENTATION('',(#8750),#8754);
#8750 = LINE('',#8751,#8752);
#8751 = CARTESIAN_POINT('',(15.5,-2.5));
#8752 = VECTOR('',#8753,1.);
#8753 = DIRECTION('',(1.,0.));
#8754 = ( GEOMETRIC_REPRESENTATION_CONTEXT(2) 
PARAMETRIC_REPRESENTATION_CONTEXT() REPRESENTATION_CONTEXT('2D SPACE',''
  ) );
#8755 = PCURVE('',#6499,#8756);
#8756 = DEFINITIONAL_REPRESENTATION('',(#8757),#8761);
#8757 = LINE('',#8758,#8759);
#8758 = CARTESIAN_POINT('',(-0.,0.));
#8759 = VECTOR('',#8760,1.);
#8760 = DIRECTION('',(-0.,1.));
#8761 = ( GEOMETRIC_REPRESENTATION_CONTEXT(2) 
PARAMETRIC_REPRESENTATION_CONTEXT() REPRESENTATION_CONTEXT('2D SPACE',''
  ) );
#8762 = ORIENTED_EDGE('',*,*,#7432,.F.);
#8763 = ORIENTED_EDGE('',*,*,#7411,.T.);
#8764 = ORIENTED_EDGE('',*,*,#8765,.F.);
#8765 = EDGE_CURVE('',#4405,#7388,#8766,.T.);
#8766 = SURFACE_CURVE('',#8767,(#8771,#8778),.PCURVE_S1.);
#8767 = LINE('',#8768,#8769);
#8768 = CARTESIAN_POINT('',(17.5,3.5,14.));
#8769 = VECTOR('',#8770,1.);
#8770 = DIRECTION('',(0.,0.,1.));
#8771 = PCURVE('',#2400,#8772);
#8772 = DEFINITIONAL_REPRESENTATION('',(#8773),#8777);
#8773 = LINE('',#8774,#8775);
#8774 = CARTESIAN_POINT('',(11.5,-1.));
#8775 = VECTOR('',#8776,1.);
#8776 = DIRECTION('',(1.,0.));
#8777 = ( GEOMETRIC_REPRESENTATION_CONTEXT(2) 
PARAMETRIC_REPRESENTATION_CONTEXT() REPRESENTATION_CONTEXT('2D SPACE',''
  ) );
#8778 = PCURVE('',#4421,#8779);
#8779 = DEFINITIONAL_REPRESENTATION('',(#8780),#8784);
#8780 = LINE('',#8781,#8782);
#8781 = CARTESIAN_POINT('',(0.,0.));
#8782 = VECTOR('',#8783,1.);
#8783 = DIRECTION('',(0.,1.));
#8784 = ( GEOMETRIC_REPRESENTATION_CONTEXT(2) 
PARAMETRIC_REPRESENTATION_CONTEXT() REPRESENTATION_CONTEXT('2D SPACE',''
  ) );
#8785 = ORIENTED_EDGE('',*,*,#4433,.F.);
#8786 = ORIENTED_EDGE('',*,*,#4454,.T.);
#8787 = ORIENTED_EDGE('',*,*,#8788,.F.);
#8788 = EDGE_CURVE('',#5424,#4455,#8789,.T.);
#8789 = SURFACE_CURVE('',#8790,(#8794,#8801),.PCURVE_S1.);
#8790 = LINE('',#8791,#8792);
#8791 = CARTESIAN_POINT('',(17.5,5.,12.));
#8792 = VECTOR('',#8793,1.);
#8793 = DIRECTION('',(0.,0.,1.));
#8794 = PCURVE('',#2400,#8795);
#8795 = DEFINITIONAL_REPRESENTATION('',(#8796),#8800);
#8796 = LINE('',#8797,#8798);
#8797 = CARTESIAN_POINT('',(9.5,-2.5));
#8798 = VECTOR('',#8799,1.);
#8799 = DIRECTION('',(1.,0.));
#8800 = ( GEOMETRIC_REPRESENTATION_CONTEXT(2) 
PARAMETRIC_REPRESENTATION_CONTEXT() REPRESENTATION_CONTEXT('2D SPACE',''
  ) );
#8801 = PCURVE('',#4498,#8802);
#8802 = DEFINITIONAL_REPRESENTATION('',(#8803),#8807);
#8803 = LINE('',#8804,#8805);
#8804 = CARTESIAN_POINT('',(-0.,0.));
#8805 = VECTOR('',#8806,1.);
#8806 = DIRECTION('',(-0.,1.));
#8807 = ( GEOMETRIC_REPRESENTATION_CONTEXT(2) 
PARAMETRIC_REPRESENTATION_CONTEXT() REPRESENTATION_CONTEXT('2D SPACE',''
  ) );
#8808 = ORIENTED_EDGE('',*,*,#5423,.F.);
#8809 = ORIENTED_EDGE('',*,*,#5402,.T.);
#8810 = ORIENTED_EDGE('',*,*,#8811,.F.);
#8811 = EDGE_CURVE('',#2357,#5379,#8812,.T.);
#8812 = SURFACE_CURVE('',#8813,(#8817,#8824),.PCURVE_S1.);
#8813 = LINE('',#8814,#8815);
#8814 = CARTESIAN_POINT('',(17.5,3.5,8.));
#8815 = VECTOR('',#8816,1.);
#8816 = DIRECTION('',(0.,0.,1.));
#8817 = PCURVE('',#2400,#8818);
#8818 = DEFINITIONAL_REPRESENTATION('',(#8819),#8823);
#8819 = LINE('',#8820,#8821);
#8820 = CARTESIAN_POINT('',(5.5,-1.));
#8821 = VECTOR('',#8822,1.);
#8822 = DIRECTION('',(1.,0.));
#8823 = ( GEOMETRIC_REPRESENTATION_CONTEXT(2) 
PARAMETRIC_REPRESENTATION_CONTEXT() REPRESENTATION_CONTEXT('2D SPACE',''
  ) );
#8824 = PCURVE('',#2373,#8825);
#8825 = DEFINITIONAL_REPRESENTATION('',(#8826),#8830);
#8826 = LINE('',#8827,#8828);
#8827 = CARTESIAN_POINT('',(0.,0.));
#8828 = VECTOR('',#8829,1.);
#8829 = DIRECTION('',(0.,1.));
#8830 = ( GEOMETRIC_REPRESENTATION_CONTEXT(2) 
PARAMETRIC_REPRESENTATION_CONTEXT() REPRESENTATION_CONTEXT('2D SPACE',''
  ) );
#8831 = ORIENTED_EDGE('',*,*,#2385,.F.);
#8832 = ORIENTED_EDGE('',*,*,#2411,.T.);
#8833 = ORIENTED_EDGE('',*,*,#8558,.F.);
#8834 = ORIENTED_EDGE('',*,*,#3421,.F.);
#8835 = ADVANCED_FACE('',(#8836),#1864,.T.);
#8836 = FACE_BOUND('',#8837,.T.);
#8837 = EDGE_LOOP('',(#8838,#8839,#8862,#8885,#8913,#8936,#8957,#8958,
    #8959,#8980,#8981,#8982,#9003,#9004,#9005,#9026,#9027,#9028,#9029,
    #9030,#9031,#9052));
#8838 = ORIENTED_EDGE('',*,*,#2906,.T.);
#8839 = ORIENTED_EDGE('',*,*,#8840,.F.);
#8840 = EDGE_CURVE('',#8841,#2878,#8843,.T.);
#8841 = VERTEX_POINT('',#8842);
#8842 = CARTESIAN_POINT('',(47.5,3.5,2.5));
#8843 = SURFACE_CURVE('',#8844,(#8848,#8855),.PCURVE_S1.);
#8844 = LINE('',#8845,#8846);
#8845 = CARTESIAN_POINT('',(47.5,3.5,2.5));
#8846 = VECTOR('',#8847,1.);
#8847 = DIRECTION('',(0.,0.,1.));
#8848 = PCURVE('',#1864,#8849);
#8849 = DEFINITIONAL_REPRESENTATION('',(#8850),#8854);
#8850 = LINE('',#8851,#8852);
#8851 = CARTESIAN_POINT('',(0.,-1.));
#8852 = VECTOR('',#8853,1.);
#8853 = DIRECTION('',(1.,0.));
#8854 = ( GEOMETRIC_REPRESENTATION_CONTEXT(2) 
PARAMETRIC_REPRESENTATION_CONTEXT() REPRESENTATION_CONTEXT('2D SPACE',''
  ) );
#8855 = PCURVE('',#2894,#8856);
#8856 = DEFINITIONAL_REPRESENTATION('',(#8857),#8861);
#8857 = LINE('',#8858,#8859);
#8858 = CARTESIAN_POINT('',(0.,0.));
#8859 = VECTOR('',#8860,1.);
#8860 = DIRECTION('',(0.,1.));
#8861 = ( GEOMETRIC_REPRESENTATION_CONTEXT(2) 
PARAMETRIC_REPRESENTATION_CONTEXT() REPRESENTATION_CONTEXT('2D SPACE',''
  ) );
#8862 = ORIENTED_EDGE('',*,*,#8863,.T.);
#8863 = EDGE_CURVE('',#8841,#8864,#8866,.T.);
#8864 = VERTEX_POINT('',#8865);
#8865 = CARTESIAN_POINT('',(47.5,36.5,2.5));
#8866 = SURFACE_CURVE('',#8867,(#8871,#8878),.PCURVE_S1.);
#8867 = LINE('',#8868,#8869);
#8868 = CARTESIAN_POINT('',(47.5,2.5,2.5));
#8869 = VECTOR('',#8870,1.);
#8870 = DIRECTION('',(-0.,1.,0.));
#8871 = PCURVE('',#1864,#8872);
#8872 = DEFINITIONAL_REPRESENTATION('',(#8873),#8877);
#8873 = LINE('',#8874,#8875);
#8874 = CARTESIAN_POINT('',(0.,0.));
#8875 = VECTOR('',#8876,1.);
#8876 = DIRECTION('',(0.,-1.));
#8877 = ( GEOMETRIC_REPRESENTATION_CONTEXT(2) 
PARAMETRIC_REPRESENTATION_CONTEXT() REPRESENTATION_CONTEXT('2D SPACE',''
  ) );
#8878 = PCURVE('',#8320,#8879);
#8879 = DEFINITIONAL_REPRESENTATION('',(#8880),#8884);
#8880 = LINE('',#8881,#8882);
#8881 = CARTESIAN_POINT('',(45.,0.));
#8882 = VECTOR('',#8883,1.);
#8883 = DIRECTION('',(0.,1.));
#8884 = ( GEOMETRIC_REPRESENTATION_CONTEXT(2) 
PARAMETRIC_REPRESENTATION_CONTEXT() REPRESENTATION_CONTEXT('2D SPACE',''
  ) );
#8885 = ORIENTED_EDGE('',*,*,#8886,.T.);
#8886 = EDGE_CURVE('',#8864,#8887,#8889,.T.);
#8887 = VERTEX_POINT('',#8888);
#8888 = CARTESIAN_POINT('',(47.5,36.5,22.5));
#8889 = SURFACE_CURVE('',#8890,(#8894,#8901),.PCURVE_S1.);
#8890 = LINE('',#8891,#8892);
#8891 = CARTESIAN_POINT('',(47.5,36.5,2.5));
#8892 = VECTOR('',#8893,1.);
#8893 = DIRECTION('',(0.,0.,1.));
#8894 = PCURVE('',#1864,#8895);
#8895 = DEFINITIONAL_REPRESENTATION('',(#8896),#8900);
#8896 = LINE('',#8897,#8898);
#8897 = CARTESIAN_POINT('',(0.,-34.));
#8898 = VECTOR('',#8899,1.);
#8899 = DIRECTION('',(1.,0.));
#8900 = ( GEOMETRIC_REPRESENTATION_CONTEXT(2) 
PARAMETRIC_REPRESENTATION_CONTEXT() REPRESENTATION_CONTEXT('2D SPACE',''
  ) );
#8901 = PCURVE('',#8902,#8907);
#8902 = CYLINDRICAL_SURFACE('',#8903,1.);
#8903 = AXIS2_PLACEMENT_3D('',#8904,#8905,#8906);
#8904 = CARTESIAN_POINT('',(48.5,36.5,2.5));
#8905 = DIRECTION('',(0.,0.,1.));
#8906 = DIRECTION('',(-1.,-0.,0.));
#8907 = DEFINITIONAL_REPRESENTATION('',(#8908),#8912);
#8908 = LINE('',#8909,#8910);
#8909 = CARTESIAN_POINT('',(-0.,0.));
#8910 = VECTOR('',#8911,1.);
#8911 = DIRECTION('',(-0.,1.));
#8912 = ( GEOMETRIC_REPRESENTATION_CONTEXT(2) 
PARAMETRIC_REPRESENTATION_CONTEXT() REPRESENTATION_CONTEXT('2D SPACE',''
  ) );
#8913 = ORIENTED_EDGE('',*,*,#8914,.F.);
#8914 = EDGE_CURVE('',#8915,#8887,#8917,.T.);
#8915 = VERTEX_POINT('',#8916);
#8916 = CARTESIAN_POINT('',(47.5,3.5,22.5));
#8917 = SURFACE_CURVE('',#8918,(#8922,#8929),.PCURVE_S1.);
#8918 = LINE('',#8919,#8920);
#8919 = CARTESIAN_POINT('',(47.5,2.5,22.5));
#8920 = VECTOR('',#8921,1.);
#8921 = DIRECTION('',(-0.,1.,0.));
#8922 = PCURVE('',#1864,#8923);
#8923 = DEFINITIONAL_REPRESENTATION('',(#8924),#8928);
#8924 = LINE('',#8925,#8926);
#8925 = CARTESIAN_POINT('',(20.,0.));
#8926 = VECTOR('',#8927,1.);
#8927 = DIRECTION('',(0.,-1.));
#8928 = ( GEOMETRIC_REPRESENTATION_CONTEXT(2) 
PARAMETRIC_REPRESENTATION_CONTEXT() REPRESENTATION_CONTEXT('2D SPACE',''
  ) );
#8929 = PCURVE('',#8489,#8930);
#8930 = DEFINITIONAL_REPRESENTATION('',(#8931),#8935);
#8931 = LINE('',#8932,#8933);
#8932 = CARTESIAN_POINT('',(45.,0.));
#8933 = VECTOR('',#8934,1.);
#8934 = DIRECTION('',(0.,1.));
#8935 = ( GEOMETRIC_REPRESENTATION_CONTEXT(2) 
PARAMETRIC_REPRESENTATION_CONTEXT() REPRESENTATION_CONTEXT('2D SPACE',''
  ) );
#8936 = ORIENTED_EDGE('',*,*,#8937,.F.);
#8937 = EDGE_CURVE('',#5874,#8915,#8938,.T.);
#8938 = SURFACE_CURVE('',#8939,(#8943,#8950),.PCURVE_S1.);
#8939 = LINE('',#8940,#8941);
#8940 = CARTESIAN_POINT('',(47.5,3.5,20.));
#8941 = VECTOR('',#8942,1.);
#8942 = DIRECTION('',(0.,0.,1.));
#8943 = PCURVE('',#1864,#8944);
#8944 = DEFINITIONAL_REPRESENTATION('',(#8945),#8949);
#8945 = LINE('',#8946,#8947);
#8946 = CARTESIAN_POINT('',(17.5,-1.));
#8947 = VECTOR('',#8948,1.);
#8948 = DIRECTION('',(1.,0.));
#8949 = ( GEOMETRIC_REPRESENTATION_CONTEXT(2) 
PARAMETRIC_REPRESENTATION_CONTEXT() REPRESENTATION_CONTEXT('2D SPACE',''
  ) );
#8950 = PCURVE('',#5890,#8951);
#8951 = DEFINITIONAL_REPRESENTATION('',(#8952),#8956);
#8952 = LINE('',#8953,#8954);
#8953 = CARTESIAN_POINT('',(0.,0.));
#8954 = VECTOR('',#8955,1.);
#8955 = DIRECTION('',(0.,1.));
#8956 = ( GEOMETRIC_REPRESENTATION_CONTEXT(2) 
PARAMETRIC_REPRESENTATION_CONTEXT() REPRESENTATION_CONTEXT('2D SPACE',''
  ) );
#8957 = ORIENTED_EDGE('',*,*,#5902,.F.);
#8958 = ORIENTED_EDGE('',*,*,#5923,.T.);
#8959 = ORIENTED_EDGE('',*,*,#8960,.F.);
#8960 = EDGE_CURVE('',#6961,#5924,#8961,.T.);
#8961 = SURFACE_CURVE('',#8962,(#8966,#8973),.PCURVE_S1.);
#8962 = LINE('',#8963,#8964);
#8963 = CARTESIAN_POINT('',(47.5,5.,18.));
#8964 = VECTOR('',#8965,1.);
#8965 = DIRECTION('',(0.,0.,1.));
#8966 = PCURVE('',#1864,#8967);
#8967 = DEFINITIONAL_REPRESENTATION('',(#8968),#8972);
#8968 = LINE('',#8969,#8970);
#8969 = CARTESIAN_POINT('',(15.5,-2.5));
#8970 = VECTOR('',#8971,1.);
#8971 = DIRECTION('',(1.,0.));
#8972 = ( GEOMETRIC_REPRESENTATION_CONTEXT(2) 
PARAMETRIC_REPRESENTATION_CONTEXT() REPRESENTATION_CONTEXT('2D SPACE',''
  ) );
#8973 = PCURVE('',#5967,#8974);
#8974 = DEFINITIONAL_REPRESENTATION('',(#8975),#8979);
#8975 = LINE('',#8976,#8977);
#8976 = CARTESIAN_POINT('',(-0.,0.));
#8977 = VECTOR('',#8978,1.);
#8978 = DIRECTION('',(-0.,1.));
#8979 = ( GEOMETRIC_REPRESENTATION_CONTEXT(2) 
PARAMETRIC_REPRESENTATION_CONTEXT() REPRESENTATION_CONTEXT('2D SPACE',''
  ) );
#8980 = ORIENTED_EDGE('',*,*,#6960,.F.);
#8981 = ORIENTED_EDGE('',*,*,#6939,.T.);
#8982 = ORIENTED_EDGE('',*,*,#8983,.F.);
#8983 = EDGE_CURVE('',#3873,#6916,#8984,.T.);
#8984 = SURFACE_CURVE('',#8985,(#8989,#8996),.PCURVE_S1.);
#8985 = LINE('',#8986,#8987);
#8986 = CARTESIAN_POINT('',(47.5,3.5,14.));
#8987 = VECTOR('',#8988,1.);
#8988 = DIRECTION('',(0.,0.,1.));
#8989 = PCURVE('',#1864,#8990);
#8990 = DEFINITIONAL_REPRESENTATION('',(#8991),#8995);
#8991 = LINE('',#8992,#8993);
#8992 = CARTESIAN_POINT('',(11.5,-1.));
#8993 = VECTOR('',#8994,1.);
#8994 = DIRECTION('',(1.,0.));
#8995 = ( GEOMETRIC_REPRESENTATION_CONTEXT(2) 
PARAMETRIC_REPRESENTATION_CONTEXT() REPRESENTATION_CONTEXT('2D SPACE',''
  ) );
#8996 = PCURVE('',#3889,#8997);
#8997 = DEFINITIONAL_REPRESENTATION('',(#8998),#9002);
#8998 = LINE('',#8999,#9000);
#8999 = CARTESIAN_POINT('',(0.,0.));
#9000 = VECTOR('',#9001,1.);
#9001 = DIRECTION('',(0.,1.));
#9002 = ( GEOMETRIC_REPRESENTATION_CONTEXT(2) 
PARAMETRIC_REPRESENTATION_CONTEXT() REPRESENTATION_CONTEXT('2D SPACE',''
  ) );
#9003 = ORIENTED_EDGE('',*,*,#3901,.F.);
#9004 = ORIENTED_EDGE('',*,*,#3922,.T.);
#9005 = ORIENTED_EDGE('',*,*,#9006,.F.);
#9006 = EDGE_CURVE('',#4960,#3923,#9007,.T.);
#9007 = SURFACE_CURVE('',#9008,(#9012,#9019),.PCURVE_S1.);
#9008 = LINE('',#9009,#9010);
#9009 = CARTESIAN_POINT('',(47.5,5.,12.));
#9010 = VECTOR('',#9011,1.);
#9011 = DIRECTION('',(0.,0.,1.));
#9012 = PCURVE('',#1864,#9013);
#9013 = DEFINITIONAL_REPRESENTATION('',(#9014),#9018);
#9014 = LINE('',#9015,#9016);
#9015 = CARTESIAN_POINT('',(9.5,-2.5));
#9016 = VECTOR('',#9017,1.);
#9017 = DIRECTION('',(1.,0.));
#9018 = ( GEOMETRIC_REPRESENTATION_CONTEXT(2) 
PARAMETRIC_REPRESENTATION_CONTEXT() REPRESENTATION_CONTEXT('2D SPACE',''
  ) );
#9019 = PCURVE('',#3966,#9020);
#9020 = DEFINITIONAL_REPRESENTATION('',(#9021),#9025);
#9021 = LINE('',#9022,#9023);
#9022 = CARTESIAN_POINT('',(-0.,0.));
#9023 = VECTOR('',#9024,1.);
#9024 = DIRECTION('',(-0.,1.));
#9025 = ( GEOMETRIC_REPRESENTATION_CONTEXT(2) 
PARAMETRIC_REPRESENTATION_CONTEXT() REPRESENTATION_CONTEXT('2D SPACE',''
  ) );
#9026 = ORIENTED_EDGE('',*,*,#4959,.F.);
#9027 = ORIENTED_EDGE('',*,*,#4938,.T.);
#9028 = ORIENTED_EDGE('',*,*,#8587,.F.);
#9029 = ORIENTED_EDGE('',*,*,#1849,.F.);
#9030 = ORIENTED_EDGE('',*,*,#1875,.T.);
#9031 = ORIENTED_EDGE('',*,*,#9032,.F.);
#9032 = EDGE_CURVE('',#2928,#1876,#9033,.T.);
#9033 = SURFACE_CURVE('',#9034,(#9038,#9045),.PCURVE_S1.);
#9034 = LINE('',#9035,#9036);
#9035 = CARTESIAN_POINT('',(47.5,5.,6.));
#9036 = VECTOR('',#9037,1.);
#9037 = DIRECTION('',(0.,0.,1.));
#9038 = PCURVE('',#1864,#9039);
#9039 = DEFINITIONAL_REPRESENTATION('',(#9040),#9044);
#9040 = LINE('',#9041,#9042);
#9041 = CARTESIAN_POINT('',(3.5,-2.5));
#9042 = VECTOR('',#9043,1.);
#9043 = DIRECTION('',(1.,0.));
#9044 = ( GEOMETRIC_REPRESENTATION_CONTEXT(2) 
PARAMETRIC_REPRESENTATION_CONTEXT() REPRESENTATION_CONTEXT('2D SPACE',''
  ) );
#9045 = PCURVE('',#1915,#9046);
#9046 = DEFINITIONAL_REPRESENTATION('',(#9047),#9051);
#9047 = LINE('',#9048,#9049);
#9048 = CARTESIAN_POINT('',(1.570796326795,0.));
#9049 = VECTOR('',#9050,1.);
#9050 = DIRECTION('',(0.,1.));
#9051 = ( GEOMETRIC_REPRESENTATION_CONTEXT(2) 
PARAMETRIC_REPRESENTATION_CONTEXT() REPRESENTATION_CONTEXT('2D SPACE',''
  ) );
#9052 = ORIENTED_EDGE('',*,*,#2927,.F.);
#9053 = ADVANCED_FACE('',(#9054),#2373,.F.);
#9054 = FACE_BOUND('',#9055,.F.);
#9055 = EDGE_LOOP('',(#9056,#9057,#9078,#9079));
#9056 = ORIENTED_EDGE('',*,*,#2356,.T.);
#9057 = ORIENTED_EDGE('',*,*,#9058,.T.);
#9058 = EDGE_CURVE('',#2331,#5358,#9059,.T.);
#9059 = SURFACE_CURVE('',#9060,(#9064,#9071),.PCURVE_S1.);
#9060 = LINE('',#9061,#9062);
#9061 = CARTESIAN_POINT('',(18.5,2.5,8.));
#9062 = VECTOR('',#9063,1.);
#9063 = DIRECTION('',(0.,0.,1.));
#9064 = PCURVE('',#2373,#9065);
#9065 = DEFINITIONAL_REPRESENTATION('',(#9066),#9070);
#9066 = LINE('',#9067,#9068);
#9067 = CARTESIAN_POINT('',(1.570796326795,0.));
#9068 = VECTOR('',#9069,1.);
#9069 = DIRECTION('',(0.,1.));
#9070 = ( GEOMETRIC_REPRESENTATION_CONTEXT(2) 
PARAMETRIC_REPRESENTATION_CONTEXT() REPRESENTATION_CONTEXT('2D SPACE',''
  ) );
#9071 = PCURVE('',#2345,#9072);
#9072 = DEFINITIONAL_REPRESENTATION('',(#9073),#9077);
#9073 = LINE('',#9074,#9075);
#9074 = CARTESIAN_POINT('',(5.5,16.));
#9075 = VECTOR('',#9076,1.);
#9076 = DIRECTION('',(1.,0.));
#9077 = ( GEOMETRIC_REPRESENTATION_CONTEXT(2) 
PARAMETRIC_REPRESENTATION_CONTEXT() REPRESENTATION_CONTEXT('2D SPACE',''
  ) );
#9078 = ORIENTED_EDGE('',*,*,#5378,.F.);
#9079 = ORIENTED_EDGE('',*,*,#8811,.F.);
#9080 = ADVANCED_FACE('',(#9081),#1915,.T.);
#9081 = FACE_BOUND('',#9082,.T.);
#9082 = EDGE_LOOP('',(#9083,#9084,#9085,#9086));
#9083 = ORIENTED_EDGE('',*,*,#2950,.T.);
#9084 = ORIENTED_EDGE('',*,*,#9032,.T.);
#9085 = ORIENTED_EDGE('',*,*,#1898,.F.);
#9086 = ORIENTED_EDGE('',*,*,#9087,.F.);
#9087 = EDGE_CURVE('',#2951,#1899,#9088,.T.);
#9088 = SURFACE_CURVE('',#9089,(#9093,#9100),.PCURVE_S1.);
#9089 = LINE('',#9090,#9091);
#9090 = CARTESIAN_POINT('',(46.5,4.,6.));
#9091 = VECTOR('',#9092,1.);
#9092 = DIRECTION('',(0.,0.,1.));
#9093 = PCURVE('',#1915,#9094);
#9094 = DEFINITIONAL_REPRESENTATION('',(#9095),#9099);
#9095 = LINE('',#9096,#9097);
#9096 = CARTESIAN_POINT('',(0.,0.));
#9097 = VECTOR('',#9098,1.);
#9098 = DIRECTION('',(0.,1.));
#9099 = ( GEOMETRIC_REPRESENTATION_CONTEXT(2) 
PARAMETRIC_REPRESENTATION_CONTEXT() REPRESENTATION_CONTEXT('2D SPACE',''
  ) );
#9100 = PCURVE('',#1943,#9101);
#9101 = DEFINITIONAL_REPRESENTATION('',(#9102),#9106);
#9102 = LINE('',#9103,#9104);
#9103 = CARTESIAN_POINT('',(0.,36.5));
#9104 = VECTOR('',#9105,1.);
#9105 = DIRECTION('',(1.,0.));
#9106 = ( GEOMETRIC_REPRESENTATION_CONTEXT(2) 
PARAMETRIC_REPRESENTATION_CONTEXT() REPRESENTATION_CONTEXT('2D SPACE',''
  ) );
#9107 = ADVANCED_FACE('',(#9108),#2345,.T.);
#9108 = FACE_BOUND('',#9109,.T.);
#9109 = EDGE_LOOP('',(#9110,#9111,#9112,#9113));
#9110 = ORIENTED_EDGE('',*,*,#2330,.F.);
#9111 = ORIENTED_EDGE('',*,*,#9058,.T.);
#9112 = ORIENTED_EDGE('',*,*,#5357,.T.);
#9113 = ORIENTED_EDGE('',*,*,#9114,.F.);
#9114 = EDGE_CURVE('',#2302,#5334,#9115,.T.);
#9115 = SURFACE_CURVE('',#9116,(#9120,#9127),.PCURVE_S1.);
#9116 = LINE('',#9117,#9118);
#9117 = CARTESIAN_POINT('',(29.,2.5,8.));
#9118 = VECTOR('',#9119,1.);
#9119 = DIRECTION('',(0.,0.,1.));
#9120 = PCURVE('',#2345,#9121);
#9121 = DEFINITIONAL_REPRESENTATION('',(#9122),#9126);
#9122 = LINE('',#9123,#9124);
#9123 = CARTESIAN_POINT('',(5.5,26.5));
#9124 = VECTOR('',#9125,1.);
#9125 = DIRECTION('',(1.,0.));
#9126 = ( GEOMETRIC_REPRESENTATION_CONTEXT(2) 
PARAMETRIC_REPRESENTATION_CONTEXT() REPRESENTATION_CONTEXT('2D SPACE',''
  ) );
#9127 = PCURVE('',#2318,#9128);
#9128 = DEFINITIONAL_REPRESENTATION('',(#9129),#9133);
#9129 = LINE('',#9130,#9131);
#9130 = CARTESIAN_POINT('',(0.,0.));
#9131 = VECTOR('',#9132,1.);
#9132 = DIRECTION('',(0.,1.));
#9133 = ( GEOMETRIC_REPRESENTATION_CONTEXT(2) 
PARAMETRIC_REPRESENTATION_CONTEXT() REPRESENTATION_CONTEXT('2D SPACE',''
  ) );
#9134 = ADVANCED_FACE('',(#9135),#1943,.F.);
#9135 = FACE_BOUND('',#9136,.F.);
#9136 = EDGE_LOOP('',(#9137,#9138,#9159,#9160));
#9137 = ORIENTED_EDGE('',*,*,#2974,.F.);
#9138 = ORIENTED_EDGE('',*,*,#9139,.T.);
#9139 = EDGE_CURVE('',#2975,#1928,#9140,.T.);
#9140 = SURFACE_CURVE('',#9141,(#9145,#9152),.PCURVE_S1.);
#9141 = LINE('',#9142,#9143);
#9142 = CARTESIAN_POINT('',(46.,4.,6.));
#9143 = VECTOR('',#9144,1.);
#9144 = DIRECTION('',(0.,0.,1.));
#9145 = PCURVE('',#1943,#9146);
#9146 = DEFINITIONAL_REPRESENTATION('',(#9147),#9151);
#9147 = LINE('',#9148,#9149);
#9148 = CARTESIAN_POINT('',(0.,36.));
#9149 = VECTOR('',#9150,1.);
#9150 = DIRECTION('',(1.,0.));
#9151 = ( GEOMETRIC_REPRESENTATION_CONTEXT(2) 
PARAMETRIC_REPRESENTATION_CONTEXT() REPRESENTATION_CONTEXT('2D SPACE',''
  ) );
#9152 = PCURVE('',#1972,#9153);
#9153 = DEFINITIONAL_REPRESENTATION('',(#9154),#9158);
#9154 = LINE('',#9155,#9156);
#9155 = CARTESIAN_POINT('',(1.570796326795,0.));
#9156 = VECTOR('',#9157,1.);
#9157 = DIRECTION('',(0.,1.));
#9158 = ( GEOMETRIC_REPRESENTATION_CONTEXT(2) 
PARAMETRIC_REPRESENTATION_CONTEXT() REPRESENTATION_CONTEXT('2D SPACE',''
  ) );
#9159 = ORIENTED_EDGE('',*,*,#1927,.T.);
#9160 = ORIENTED_EDGE('',*,*,#9087,.F.);
#9161 = ADVANCED_FACE('',(#9162),#2318,.F.);
#9162 = FACE_BOUND('',#9163,.F.);
#9163 = EDGE_LOOP('',(#9164,#9165,#9186,#9187));
#9164 = ORIENTED_EDGE('',*,*,#2301,.T.);
#9165 = ORIENTED_EDGE('',*,*,#9166,.T.);
#9166 = EDGE_CURVE('',#2281,#5313,#9167,.T.);
#9167 = SURFACE_CURVE('',#9168,(#9172,#9179),.PCURVE_S1.);
#9168 = LINE('',#9169,#9170);
#9169 = CARTESIAN_POINT('',(30.,3.5,8.));
#9170 = VECTOR('',#9171,1.);
#9171 = DIRECTION('',(0.,0.,1.));
#9172 = PCURVE('',#2318,#9173);
#9173 = DEFINITIONAL_REPRESENTATION('',(#9174),#9178);
#9174 = LINE('',#9175,#9176);
#9175 = CARTESIAN_POINT('',(1.570796326795,0.));
#9176 = VECTOR('',#9177,1.);
#9177 = DIRECTION('',(0.,1.));
#9178 = ( GEOMETRIC_REPRESENTATION_CONTEXT(2) 
PARAMETRIC_REPRESENTATION_CONTEXT() REPRESENTATION_CONTEXT('2D SPACE',''
  ) );
#9179 = PCURVE('',#2268,#9180);
#9180 = DEFINITIONAL_REPRESENTATION('',(#9181),#9185);
#9181 = LINE('',#9182,#9183);
#9182 = CARTESIAN_POINT('',(5.5,-1.));
#9183 = VECTOR('',#9184,1.);
#9184 = DIRECTION('',(1.,0.));
#9185 = ( GEOMETRIC_REPRESENTATION_CONTEXT(2) 
PARAMETRIC_REPRESENTATION_CONTEXT() REPRESENTATION_CONTEXT('2D SPACE',''
  ) );
#9186 = ORIENTED_EDGE('',*,*,#5333,.F.);
#9187 = ORIENTED_EDGE('',*,*,#9114,.F.);
#9188 = ADVANCED_FACE('',(#9189),#1972,.T.);
#9189 = FACE_BOUND('',#9190,.T.);
#9190 = EDGE_LOOP('',(#9191,#9192,#9193,#9194));
#9191 = ORIENTED_EDGE('',*,*,#2997,.T.);
#9192 = ORIENTED_EDGE('',*,*,#9139,.T.);
#9193 = ORIENTED_EDGE('',*,*,#1955,.F.);
#9194 = ORIENTED_EDGE('',*,*,#9195,.F.);
#9195 = EDGE_CURVE('',#2998,#1956,#9196,.T.);
#9196 = SURFACE_CURVE('',#9197,(#9201,#9208),.PCURVE_S1.);
#9197 = LINE('',#9198,#9199);
#9198 = CARTESIAN_POINT('',(45.,5.,6.));
#9199 = VECTOR('',#9200,1.);
#9200 = DIRECTION('',(0.,0.,1.));
#9201 = PCURVE('',#1972,#9202);
#9202 = DEFINITIONAL_REPRESENTATION('',(#9203),#9207);
#9203 = LINE('',#9204,#9205);
#9204 = CARTESIAN_POINT('',(0.,0.));
#9205 = VECTOR('',#9206,1.);
#9206 = DIRECTION('',(0.,1.));
#9207 = ( GEOMETRIC_REPRESENTATION_CONTEXT(2) 
PARAMETRIC_REPRESENTATION_CONTEXT() REPRESENTATION_CONTEXT('2D SPACE',''
  ) );
#9208 = PCURVE('',#2000,#9209);
#9209 = DEFINITIONAL_REPRESENTATION('',(#9210),#9214);
#9210 = LINE('',#9211,#9212);
#9211 = CARTESIAN_POINT('',(3.5,-2.5));
#9212 = VECTOR('',#9213,1.);
#9213 = DIRECTION('',(1.,0.));
#9214 = ( GEOMETRIC_REPRESENTATION_CONTEXT(2) 
PARAMETRIC_REPRESENTATION_CONTEXT() REPRESENTATION_CONTEXT('2D SPACE',''
  ) );
#9215 = ADVANCED_FACE('',(#9216),#2268,.F.);
#9216 = FACE_BOUND('',#9217,.F.);
#9217 = EDGE_LOOP('',(#9218,#9219,#9242,#9265,#9293,#9316,#9337,#9338,
    #9339,#9360,#9361,#9362,#9383,#9384,#9385,#9406,#9407,#9408,#9409,
    #9410,#9411,#9432));
#9218 = ORIENTED_EDGE('',*,*,#3291,.T.);
#9219 = ORIENTED_EDGE('',*,*,#9220,.F.);
#9220 = EDGE_CURVE('',#9221,#3292,#9223,.T.);
#9221 = VERTEX_POINT('',#9222);
#9222 = CARTESIAN_POINT('',(30.,3.5,2.5));
#9223 = SURFACE_CURVE('',#9224,(#9228,#9235),.PCURVE_S1.);
#9224 = LINE('',#9225,#9226);
#9225 = CARTESIAN_POINT('',(30.,3.5,2.5));
#9226 = VECTOR('',#9227,1.);
#9227 = DIRECTION('',(0.,0.,1.));
#9228 = PCURVE('',#2268,#9229);
#9229 = DEFINITIONAL_REPRESENTATION('',(#9230),#9234);
#9230 = LINE('',#9231,#9232);
#9231 = CARTESIAN_POINT('',(0.,-1.));
#9232 = VECTOR('',#9233,1.);
#9233 = DIRECTION('',(1.,0.));
#9234 = ( GEOMETRIC_REPRESENTATION_CONTEXT(2) 
PARAMETRIC_REPRESENTATION_CONTEXT() REPRESENTATION_CONTEXT('2D SPACE',''
  ) );
#9235 = PCURVE('',#3333,#9236);
#9236 = DEFINITIONAL_REPRESENTATION('',(#9237),#9241);
#9237 = LINE('',#9238,#9239);
#9238 = CARTESIAN_POINT('',(-0.,0.));
#9239 = VECTOR('',#9240,1.);
#9240 = DIRECTION('',(-0.,1.));
#9241 = ( GEOMETRIC_REPRESENTATION_CONTEXT(2) 
PARAMETRIC_REPRESENTATION_CONTEXT() REPRESENTATION_CONTEXT('2D SPACE',''
  ) );
#9242 = ORIENTED_EDGE('',*,*,#9243,.T.);
#9243 = EDGE_CURVE('',#9221,#9244,#9246,.T.);
#9244 = VERTEX_POINT('',#9245);
#9245 = CARTESIAN_POINT('',(30.,36.5,2.5));
#9246 = SURFACE_CURVE('',#9247,(#9251,#9258),.PCURVE_S1.);
#9247 = LINE('',#9248,#9249);
#9248 = CARTESIAN_POINT('',(30.,2.5,2.5));
#9249 = VECTOR('',#9250,1.);
#9250 = DIRECTION('',(-0.,1.,0.));
#9251 = PCURVE('',#2268,#9252);
#9252 = DEFINITIONAL_REPRESENTATION('',(#9253),#9257);
#9253 = LINE('',#9254,#9255);
#9254 = CARTESIAN_POINT('',(0.,0.));
#9255 = VECTOR('',#9256,1.);
#9256 = DIRECTION('',(0.,-1.));
#9257 = ( GEOMETRIC_REPRESENTATION_CONTEXT(2) 
PARAMETRIC_REPRESENTATION_CONTEXT() REPRESENTATION_CONTEXT('2D SPACE',''
  ) );
#9258 = PCURVE('',#8651,#9259);
#9259 = DEFINITIONAL_REPRESENTATION('',(#9260),#9264);
#9260 = LINE('',#9261,#9262);
#9261 = CARTESIAN_POINT('',(27.5,0.));
#9262 = VECTOR('',#9263,1.);
#9263 = DIRECTION('',(0.,1.));
#9264 = ( GEOMETRIC_REPRESENTATION_CONTEXT(2) 
PARAMETRIC_REPRESENTATION_CONTEXT() REPRESENTATION_CONTEXT('2D SPACE',''
  ) );
#9265 = ORIENTED_EDGE('',*,*,#9266,.T.);
#9266 = EDGE_CURVE('',#9244,#9267,#9269,.T.);
#9267 = VERTEX_POINT('',#9268);
#9268 = CARTESIAN_POINT('',(30.,36.5,22.5));
#9269 = SURFACE_CURVE('',#9270,(#9274,#9281),.PCURVE_S1.);
#9270 = LINE('',#9271,#9272);
#9271 = CARTESIAN_POINT('',(30.,36.5,2.5));
#9272 = VECTOR('',#9273,1.);
#9273 = DIRECTION('',(0.,0.,1.));
#9274 = PCURVE('',#2268,#9275);
#9275 = DEFINITIONAL_REPRESENTATION('',(#9276),#9280);
#9276 = LINE('',#9277,#9278);
#9277 = CARTESIAN_POINT('',(0.,-34.));
#9278 = VECTOR('',#9279,1.);
#9279 = DIRECTION('',(1.,0.));
#9280 = ( GEOMETRIC_REPRESENTATION_CONTEXT(2) 
PARAMETRIC_REPRESENTATION_CONTEXT() REPRESENTATION_CONTEXT('2D SPACE',''
  ) );
#9281 = PCURVE('',#9282,#9287);
#9282 = CYLINDRICAL_SURFACE('',#9283,1.);
#9283 = AXIS2_PLACEMENT_3D('',#9284,#9285,#9286);
#9284 = CARTESIAN_POINT('',(29.,36.5,2.5));
#9285 = DIRECTION('',(0.,0.,1.));
#9286 = DIRECTION('',(1.,0.,-0.));
#9287 = DEFINITIONAL_REPRESENTATION('',(#9288),#9292);
#9288 = LINE('',#9289,#9290);
#9289 = CARTESIAN_POINT('',(0.,0.));
#9290 = VECTOR('',#9291,1.);
#9291 = DIRECTION('',(0.,1.));
#9292 = ( GEOMETRIC_REPRESENTATION_CONTEXT(2) 
PARAMETRIC_REPRESENTATION_CONTEXT() REPRESENTATION_CONTEXT('2D SPACE',''
  ) );
#9293 = ORIENTED_EDGE('',*,*,#9294,.F.);
#9294 = EDGE_CURVE('',#9295,#9267,#9297,.T.);
#9295 = VERTEX_POINT('',#9296);
#9296 = CARTESIAN_POINT('',(30.,3.5,22.5));
#9297 = SURFACE_CURVE('',#9298,(#9302,#9309),.PCURVE_S1.);
#9298 = LINE('',#9299,#9300);
#9299 = CARTESIAN_POINT('',(30.,2.5,22.5));
#9300 = VECTOR('',#9301,1.);
#9301 = DIRECTION('',(-0.,1.,0.));
#9302 = PCURVE('',#2268,#9303);
#9303 = DEFINITIONAL_REPRESENTATION('',(#9304),#9308);
#9304 = LINE('',#9305,#9306);
#9305 = CARTESIAN_POINT('',(20.,0.));
#9306 = VECTOR('',#9307,1.);
#9307 = DIRECTION('',(0.,-1.));
#9308 = ( GEOMETRIC_REPRESENTATION_CONTEXT(2) 
PARAMETRIC_REPRESENTATION_CONTEXT() REPRESENTATION_CONTEXT('2D SPACE',''
  ) );
#9309 = PCURVE('',#8707,#9310);
#9310 = DEFINITIONAL_REPRESENTATION('',(#9311),#9315);
#9311 = LINE('',#9312,#9313);
#9312 = CARTESIAN_POINT('',(27.5,0.));
#9313 = VECTOR('',#9314,1.);
#9314 = DIRECTION('',(0.,1.));
#9315 = ( GEOMETRIC_REPRESENTATION_CONTEXT(2) 
PARAMETRIC_REPRESENTATION_CONTEXT() REPRESENTATION_CONTEXT('2D SPACE',''
  ) );
#9316 = ORIENTED_EDGE('',*,*,#9317,.F.);
#9317 = EDGE_CURVE('',#6326,#9295,#9318,.T.);
#9318 = SURFACE_CURVE('',#9319,(#9323,#9330),.PCURVE_S1.);
#9319 = LINE('',#9320,#9321);
#9320 = CARTESIAN_POINT('',(30.,3.5,20.));
#9321 = VECTOR('',#9322,1.);
#9322 = DIRECTION('',(0.,0.,1.));
#9323 = PCURVE('',#2268,#9324);
#9324 = DEFINITIONAL_REPRESENTATION('',(#9325),#9329);
#9325 = LINE('',#9326,#9327);
#9326 = CARTESIAN_POINT('',(17.5,-1.));
#9327 = VECTOR('',#9328,1.);
#9328 = DIRECTION('',(1.,0.));
#9329 = ( GEOMETRIC_REPRESENTATION_CONTEXT(2) 
PARAMETRIC_REPRESENTATION_CONTEXT() REPRESENTATION_CONTEXT('2D SPACE',''
  ) );
#9330 = PCURVE('',#6367,#9331);
#9331 = DEFINITIONAL_REPRESENTATION('',(#9332),#9336);
#9332 = LINE('',#9333,#9334);
#9333 = CARTESIAN_POINT('',(-0.,0.));
#9334 = VECTOR('',#9335,1.);
#9335 = DIRECTION('',(-0.,1.));
#9336 = ( GEOMETRIC_REPRESENTATION_CONTEXT(2) 
PARAMETRIC_REPRESENTATION_CONTEXT() REPRESENTATION_CONTEXT('2D SPACE',''
  ) );
#9337 = ORIENTED_EDGE('',*,*,#6325,.F.);
#9338 = ORIENTED_EDGE('',*,*,#6302,.T.);
#9339 = ORIENTED_EDGE('',*,*,#9340,.F.);
#9340 = EDGE_CURVE('',#7271,#6274,#9341,.T.);
#9341 = SURFACE_CURVE('',#9342,(#9346,#9353),.PCURVE_S1.);
#9342 = LINE('',#9343,#9344);
#9343 = CARTESIAN_POINT('',(30.,5.,18.));
#9344 = VECTOR('',#9345,1.);
#9345 = DIRECTION('',(0.,0.,1.));
#9346 = PCURVE('',#2268,#9347);
#9347 = DEFINITIONAL_REPRESENTATION('',(#9348),#9352);
#9348 = LINE('',#9349,#9350);
#9349 = CARTESIAN_POINT('',(15.5,-2.5));
#9350 = VECTOR('',#9351,1.);
#9351 = DIRECTION('',(1.,0.));
#9352 = ( GEOMETRIC_REPRESENTATION_CONTEXT(2) 
PARAMETRIC_REPRESENTATION_CONTEXT() REPRESENTATION_CONTEXT('2D SPACE',''
  ) );
#9353 = PCURVE('',#6290,#9354);
#9354 = DEFINITIONAL_REPRESENTATION('',(#9355),#9359);
#9355 = LINE('',#9356,#9357);
#9356 = CARTESIAN_POINT('',(0.,0.));
#9357 = VECTOR('',#9358,1.);
#9358 = DIRECTION('',(0.,1.));
#9359 = ( GEOMETRIC_REPRESENTATION_CONTEXT(2) 
PARAMETRIC_REPRESENTATION_CONTEXT() REPRESENTATION_CONTEXT('2D SPACE',''
  ) );
#9360 = ORIENTED_EDGE('',*,*,#7294,.F.);
#9361 = ORIENTED_EDGE('',*,*,#7317,.T.);
#9362 = ORIENTED_EDGE('',*,*,#9363,.F.);
#9363 = EDGE_CURVE('',#4325,#7318,#9364,.T.);
#9364 = SURFACE_CURVE('',#9365,(#9369,#9376),.PCURVE_S1.);
#9365 = LINE('',#9366,#9367);
#9366 = CARTESIAN_POINT('',(30.,3.5,14.));
#9367 = VECTOR('',#9368,1.);
#9368 = DIRECTION('',(0.,0.,1.));
#9369 = PCURVE('',#2268,#9370);
#9370 = DEFINITIONAL_REPRESENTATION('',(#9371),#9375);
#9371 = LINE('',#9372,#9373);
#9372 = CARTESIAN_POINT('',(11.5,-1.));
#9373 = VECTOR('',#9374,1.);
#9374 = DIRECTION('',(1.,0.));
#9375 = ( GEOMETRIC_REPRESENTATION_CONTEXT(2) 
PARAMETRIC_REPRESENTATION_CONTEXT() REPRESENTATION_CONTEXT('2D SPACE',''
  ) );
#9376 = PCURVE('',#4366,#9377);
#9377 = DEFINITIONAL_REPRESENTATION('',(#9378),#9382);
#9378 = LINE('',#9379,#9380);
#9379 = CARTESIAN_POINT('',(-0.,0.));
#9380 = VECTOR('',#9381,1.);
#9381 = DIRECTION('',(-0.,1.));
#9382 = ( GEOMETRIC_REPRESENTATION_CONTEXT(2) 
PARAMETRIC_REPRESENTATION_CONTEXT() REPRESENTATION_CONTEXT('2D SPACE',''
  ) );
#9383 = ORIENTED_EDGE('',*,*,#4324,.F.);
#9384 = ORIENTED_EDGE('',*,*,#4301,.T.);
#9385 = ORIENTED_EDGE('',*,*,#9386,.F.);
#9386 = EDGE_CURVE('',#5266,#4273,#9387,.T.);
#9387 = SURFACE_CURVE('',#9388,(#9392,#9399),.PCURVE_S1.);
#9388 = LINE('',#9389,#9390);
#9389 = CARTESIAN_POINT('',(30.,5.,12.));
#9390 = VECTOR('',#9391,1.);
#9391 = DIRECTION('',(0.,0.,1.));
#9392 = PCURVE('',#2268,#9393);
#9393 = DEFINITIONAL_REPRESENTATION('',(#9394),#9398);
#9394 = LINE('',#9395,#9396);
#9395 = CARTESIAN_POINT('',(9.5,-2.5));
#9396 = VECTOR('',#9397,1.);
#9397 = DIRECTION('',(1.,0.));
#9398 = ( GEOMETRIC_REPRESENTATION_CONTEXT(2) 
PARAMETRIC_REPRESENTATION_CONTEXT() REPRESENTATION_CONTEXT('2D SPACE',''
  ) );
#9399 = PCURVE('',#4289,#9400);
#9400 = DEFINITIONAL_REPRESENTATION('',(#9401),#9405);
#9401 = LINE('',#9402,#9403);
#9402 = CARTESIAN_POINT('',(0.,0.));
#9403 = VECTOR('',#9404,1.);
#9404 = DIRECTION('',(0.,1.));
#9405 = ( GEOMETRIC_REPRESENTATION_CONTEXT(2) 
PARAMETRIC_REPRESENTATION_CONTEXT() REPRESENTATION_CONTEXT('2D SPACE',''
  ) );
#9406 = ORIENTED_EDGE('',*,*,#5289,.F.);
#9407 = ORIENTED_EDGE('',*,*,#5312,.T.);
#9408 = ORIENTED_EDGE('',*,*,#9166,.F.);
#9409 = ORIENTED_EDGE('',*,*,#2280,.F.);
#9410 = ORIENTED_EDGE('',*,*,#2252,.T.);
#9411 = ORIENTED_EDGE('',*,*,#9412,.F.);
#9412 = EDGE_CURVE('',#3245,#2224,#9413,.T.);
#9413 = SURFACE_CURVE('',#9414,(#9418,#9425),.PCURVE_S1.);
#9414 = LINE('',#9415,#9416);
#9415 = CARTESIAN_POINT('',(30.,5.,6.));
#9416 = VECTOR('',#9417,1.);
#9417 = DIRECTION('',(0.,0.,1.));
#9418 = PCURVE('',#2268,#9419);
#9419 = DEFINITIONAL_REPRESENTATION('',(#9420),#9424);
#9420 = LINE('',#9421,#9422);
#9421 = CARTESIAN_POINT('',(3.5,-2.5));
#9422 = VECTOR('',#9423,1.);
#9423 = DIRECTION('',(1.,0.));
#9424 = ( GEOMETRIC_REPRESENTATION_CONTEXT(2) 
PARAMETRIC_REPRESENTATION_CONTEXT() REPRESENTATION_CONTEXT('2D SPACE',''
  ) );
#9425 = PCURVE('',#2240,#9426);
#9426 = DEFINITIONAL_REPRESENTATION('',(#9427),#9431);
#9427 = LINE('',#9428,#9429);
#9428 = CARTESIAN_POINT('',(0.,0.));
#9429 = VECTOR('',#9430,1.);
#9430 = DIRECTION('',(0.,1.));
#9431 = ( GEOMETRIC_REPRESENTATION_CONTEXT(2) 
PARAMETRIC_REPRESENTATION_CONTEXT() REPRESENTATION_CONTEXT('2D SPACE',''
  ) );
#9432 = ORIENTED_EDGE('',*,*,#3268,.F.);
#9433 = ADVANCED_FACE('',(#9434),#2000,.F.);
#9434 = FACE_BOUND('',#9435,.F.);
#9435 = EDGE_LOOP('',(#9436,#9437,#9460,#9488,#9516,#9544,#9565,#9566,
    #9567,#9588,#9589,#9590,#9611,#9612,#9613,#9634,#9635,#9636,#9657,
    #9658,#9659,#9660));
#9436 = ORIENTED_EDGE('',*,*,#3044,.T.);
#9437 = ORIENTED_EDGE('',*,*,#9438,.F.);
#9438 = EDGE_CURVE('',#9439,#3045,#9441,.T.);
#9439 = VERTEX_POINT('',#9440);
#9440 = CARTESIAN_POINT('',(45.,3.5,2.5));
#9441 = SURFACE_CURVE('',#9442,(#9446,#9453),.PCURVE_S1.);
#9442 = LINE('',#9443,#9444);
#9443 = CARTESIAN_POINT('',(45.,3.5,2.5));
#9444 = VECTOR('',#9445,1.);
#9445 = DIRECTION('',(0.,0.,1.));
#9446 = PCURVE('',#2000,#9447);
#9447 = DEFINITIONAL_REPRESENTATION('',(#9448),#9452);
#9448 = LINE('',#9449,#9450);
#9449 = CARTESIAN_POINT('',(0.,-1.));
#9450 = VECTOR('',#9451,1.);
#9451 = DIRECTION('',(1.,0.));
#9452 = ( GEOMETRIC_REPRESENTATION_CONTEXT(2) 
PARAMETRIC_REPRESENTATION_CONTEXT() REPRESENTATION_CONTEXT('2D SPACE',''
  ) );
#9453 = PCURVE('',#3086,#9454);
#9454 = DEFINITIONAL_REPRESENTATION('',(#9455),#9459);
#9455 = LINE('',#9456,#9457);
#9456 = CARTESIAN_POINT('',(-0.,0.));
#9457 = VECTOR('',#9458,1.);
#9458 = DIRECTION('',(-0.,1.));
#9459 = ( GEOMETRIC_REPRESENTATION_CONTEXT(2) 
PARAMETRIC_REPRESENTATION_CONTEXT() REPRESENTATION_CONTEXT('2D SPACE',''
  ) );
#9460 = ORIENTED_EDGE('',*,*,#9461,.T.);
#9461 = EDGE_CURVE('',#9439,#9462,#9464,.T.);
#9462 = VERTEX_POINT('',#9463);
#9463 = CARTESIAN_POINT('',(45.,36.5,2.5));
#9464 = SURFACE_CURVE('',#9465,(#9469,#9476),.PCURVE_S1.);
#9465 = LINE('',#9466,#9467);
#9466 = CARTESIAN_POINT('',(45.,2.5,2.5));
#9467 = VECTOR('',#9468,1.);
#9468 = DIRECTION('',(-0.,1.,0.));
#9469 = PCURVE('',#2000,#9470);
#9470 = DEFINITIONAL_REPRESENTATION('',(#9471),#9475);
#9471 = LINE('',#9472,#9473);
#9472 = CARTESIAN_POINT('',(0.,0.));
#9473 = VECTOR('',#9474,1.);
#9474 = DIRECTION('',(0.,-1.));
#9475 = ( GEOMETRIC_REPRESENTATION_CONTEXT(2) 
PARAMETRIC_REPRESENTATION_CONTEXT() REPRESENTATION_CONTEXT('2D SPACE',''
  ) );
#9476 = PCURVE('',#9477,#9482);
#9477 = PLANE('',#9478);
#9478 = AXIS2_PLACEMENT_3D('',#9479,#9480,#9481);
#9479 = CARTESIAN_POINT('',(2.5,2.5,2.5));
#9480 = DIRECTION('',(0.,0.,1.));
#9481 = DIRECTION('',(1.,0.,-0.));
#9482 = DEFINITIONAL_REPRESENTATION('',(#9483),#9487);
#9483 = LINE('',#9484,#9485);
#9484 = CARTESIAN_POINT('',(42.5,0.));
#9485 = VECTOR('',#9486,1.);
#9486 = DIRECTION('',(0.,1.));
#9487 = ( GEOMETRIC_REPRESENTATION_CONTEXT(2) 
PARAMETRIC_REPRESENTATION_CONTEXT() REPRESENTATION_CONTEXT('2D SPACE',''
  ) );
#9488 = ORIENTED_EDGE('',*,*,#9489,.T.);
#9489 = EDGE_CURVE('',#9462,#9490,#9492,.T.);
#9490 = VERTEX_POINT('',#9491);
#9491 = CARTESIAN_POINT('',(45.,36.5,22.5));
#9492 = SURFACE_CURVE('',#9493,(#9497,#9504),.PCURVE_S1.);
#9493 = LINE('',#9494,#9495);
#9494 = CARTESIAN_POINT('',(45.,36.5,2.5));
#9495 = VECTOR('',#9496,1.);
#9496 = DIRECTION('',(0.,0.,1.));
#9497 = PCURVE('',#2000,#9498);
#9498 = DEFINITIONAL_REPRESENTATION('',(#9499),#9503);
#9499 = LINE('',#9500,#9501);
#9500 = CARTESIAN_POINT('',(0.,-34.));
#9501 = VECTOR('',#9502,1.);
#9502 = DIRECTION('',(1.,0.));
#9503 = ( GEOMETRIC_REPRESENTATION_CONTEXT(2) 
PARAMETRIC_REPRESENTATION_CONTEXT() REPRESENTATION_CONTEXT('2D SPACE',''
  ) );
#9504 = PCURVE('',#9505,#9510);
#9505 = CYLINDRICAL_SURFACE('',#9506,1.);
#9506 = AXIS2_PLACEMENT_3D('',#9507,#9508,#9509);
#9507 = CARTESIAN_POINT('',(44.,36.5,2.5));
#9508 = DIRECTION('',(0.,0.,1.));
#9509 = DIRECTION('',(1.,0.,-0.));
#9510 = DEFINITIONAL_REPRESENTATION('',(#9511),#9515);
#9511 = LINE('',#9512,#9513);
#9512 = CARTESIAN_POINT('',(0.,0.));
#9513 = VECTOR('',#9514,1.);
#9514 = DIRECTION('',(0.,1.));
#9515 = ( GEOMETRIC_REPRESENTATION_CONTEXT(2) 
PARAMETRIC_REPRESENTATION_CONTEXT() REPRESENTATION_CONTEXT('2D SPACE',''
  ) );
#9516 = ORIENTED_EDGE('',*,*,#9517,.F.);
#9517 = EDGE_CURVE('',#9518,#9490,#9520,.T.);
#9518 = VERTEX_POINT('',#9519);
#9519 = CARTESIAN_POINT('',(45.,3.5,22.5));
#9520 = SURFACE_CURVE('',#9521,(#9525,#9532),.PCURVE_S1.);
#9521 = LINE('',#9522,#9523);
#9522 = CARTESIAN_POINT('',(45.,2.5,22.5));
#9523 = VECTOR('',#9524,1.);
#9524 = DIRECTION('',(-0.,1.,0.));
#9525 = PCURVE('',#2000,#9526);
#9526 = DEFINITIONAL_REPRESENTATION('',(#9527),#9531);
#9527 = LINE('',#9528,#9529);
#9528 = CARTESIAN_POINT('',(20.,0.));
#9529 = VECTOR('',#9530,1.);
#9530 = DIRECTION('',(0.,-1.));
#9531 = ( GEOMETRIC_REPRESENTATION_CONTEXT(2) 
PARAMETRIC_REPRESENTATION_CONTEXT() REPRESENTATION_CONTEXT('2D SPACE',''
  ) );
#9532 = PCURVE('',#9533,#9538);
#9533 = PLANE('',#9534);
#9534 = AXIS2_PLACEMENT_3D('',#9535,#9536,#9537);
#9535 = CARTESIAN_POINT('',(2.5,2.5,22.5));
#9536 = DIRECTION('',(0.,0.,1.));
#9537 = DIRECTION('',(1.,0.,-0.));
#9538 = DEFINITIONAL_REPRESENTATION('',(#9539),#9543);
#9539 = LINE('',#9540,#9541);
#9540 = CARTESIAN_POINT('',(42.5,0.));
#9541 = VECTOR('',#9542,1.);
#9542 = DIRECTION('',(0.,1.));
#9543 = ( GEOMETRIC_REPRESENTATION_CONTEXT(2) 
PARAMETRIC_REPRESENTATION_CONTEXT() REPRESENTATION_CONTEXT('2D SPACE',''
  ) );
#9544 = ORIENTED_EDGE('',*,*,#9545,.F.);
#9545 = EDGE_CURVE('',#6060,#9518,#9546,.T.);
#9546 = SURFACE_CURVE('',#9547,(#9551,#9558),.PCURVE_S1.);
#9547 = LINE('',#9548,#9549);
#9548 = CARTESIAN_POINT('',(45.,3.5,20.));
#9549 = VECTOR('',#9550,1.);
#9550 = DIRECTION('',(0.,0.,1.));
#9551 = PCURVE('',#2000,#9552);
#9552 = DEFINITIONAL_REPRESENTATION('',(#9553),#9557);
#9553 = LINE('',#9554,#9555);
#9554 = CARTESIAN_POINT('',(17.5,-1.));
#9555 = VECTOR('',#9556,1.);
#9556 = DIRECTION('',(1.,0.));
#9557 = ( GEOMETRIC_REPRESENTATION_CONTEXT(2) 
PARAMETRIC_REPRESENTATION_CONTEXT() REPRESENTATION_CONTEXT('2D SPACE',''
  ) );
#9558 = PCURVE('',#6101,#9559);
#9559 = DEFINITIONAL_REPRESENTATION('',(#9560),#9564);
#9560 = LINE('',#9561,#9562);
#9561 = CARTESIAN_POINT('',(-0.,0.));
#9562 = VECTOR('',#9563,1.);
#9563 = DIRECTION('',(-0.,1.));
#9564 = ( GEOMETRIC_REPRESENTATION_CONTEXT(2) 
PARAMETRIC_REPRESENTATION_CONTEXT() REPRESENTATION_CONTEXT('2D SPACE',''
  ) );
#9565 = ORIENTED_EDGE('',*,*,#6059,.F.);
#9566 = ORIENTED_EDGE('',*,*,#6036,.T.);
#9567 = ORIENTED_EDGE('',*,*,#9568,.F.);
#9568 = EDGE_CURVE('',#7035,#6008,#9569,.T.);
#9569 = SURFACE_CURVE('',#9570,(#9574,#9581),.PCURVE_S1.);
#9570 = LINE('',#9571,#9572);
#9571 = CARTESIAN_POINT('',(45.,5.,18.));
#9572 = VECTOR('',#9573,1.);
#9573 = DIRECTION('',(0.,0.,1.));
#9574 = PCURVE('',#2000,#9575);
#9575 = DEFINITIONAL_REPRESENTATION('',(#9576),#9580);
#9576 = LINE('',#9577,#9578);
#9577 = CARTESIAN_POINT('',(15.5,-2.5));
#9578 = VECTOR('',#9579,1.);
#9579 = DIRECTION('',(1.,0.));
#9580 = ( GEOMETRIC_REPRESENTATION_CONTEXT(2) 
PARAMETRIC_REPRESENTATION_CONTEXT() REPRESENTATION_CONTEXT('2D SPACE',''
  ) );
#9581 = PCURVE('',#6024,#9582);
#9582 = DEFINITIONAL_REPRESENTATION('',(#9583),#9587);
#9583 = LINE('',#9584,#9585);
#9584 = CARTESIAN_POINT('',(0.,0.));
#9585 = VECTOR('',#9586,1.);
#9586 = DIRECTION('',(0.,1.));
#9587 = ( GEOMETRIC_REPRESENTATION_CONTEXT(2) 
PARAMETRIC_REPRESENTATION_CONTEXT() REPRESENTATION_CONTEXT('2D SPACE',''
  ) );
#9588 = ORIENTED_EDGE('',*,*,#7058,.F.);
#9589 = ORIENTED_EDGE('',*,*,#7081,.T.);
#9590 = ORIENTED_EDGE('',*,*,#9591,.F.);
#9591 = EDGE_CURVE('',#4059,#7082,#9592,.T.);
#9592 = SURFACE_CURVE('',#9593,(#9597,#9604),.PCURVE_S1.);
#9593 = LINE('',#9594,#9595);
#9594 = CARTESIAN_POINT('',(45.,3.5,14.));
#9595 = VECTOR('',#9596,1.);
#9596 = DIRECTION('',(0.,0.,1.));
#9597 = PCURVE('',#2000,#9598);
#9598 = DEFINITIONAL_REPRESENTATION('',(#9599),#9603);
#9599 = LINE('',#9600,#9601);
#9600 = CARTESIAN_POINT('',(11.5,-1.));
#9601 = VECTOR('',#9602,1.);
#9602 = DIRECTION('',(1.,0.));
#9603 = ( GEOMETRIC_REPRESENTATION_CONTEXT(2) 
PARAMETRIC_REPRESENTATION_CONTEXT() REPRESENTATION_CONTEXT('2D SPACE',''
  ) );
#9604 = PCURVE('',#4100,#9605);
#9605 = DEFINITIONAL_REPRESENTATION('',(#9606),#9610);
#9606 = LINE('',#9607,#9608);
#9607 = CARTESIAN_POINT('',(-0.,0.));
#9608 = VECTOR('',#9609,1.);
#9609 = DIRECTION('',(-0.,1.));
#9610 = ( GEOMETRIC_REPRESENTATION_CONTEXT(2) 
PARAMETRIC_REPRESENTATION_CONTEXT() REPRESENTATION_CONTEXT('2D SPACE',''
  ) );
#9611 = ORIENTED_EDGE('',*,*,#4058,.F.);
#9612 = ORIENTED_EDGE('',*,*,#4035,.T.);
#9613 = ORIENTED_EDGE('',*,*,#9614,.F.);
#9614 = EDGE_CURVE('',#5034,#4007,#9615,.T.);
#9615 = SURFACE_CURVE('',#9616,(#9620,#9627),.PCURVE_S1.);
#9616 = LINE('',#9617,#9618);
#9617 = CARTESIAN_POINT('',(45.,5.,12.));
#9618 = VECTOR('',#9619,1.);
#9619 = DIRECTION('',(0.,0.,1.));
#9620 = PCURVE('',#2000,#9621);
#9621 = DEFINITIONAL_REPRESENTATION('',(#9622),#9626);
#9622 = LINE('',#9623,#9624);
#9623 = CARTESIAN_POINT('',(9.5,-2.5));
#9624 = VECTOR('',#9625,1.);
#9625 = DIRECTION('',(1.,0.));
#9626 = ( GEOMETRIC_REPRESENTATION_CONTEXT(2) 
PARAMETRIC_REPRESENTATION_CONTEXT() REPRESENTATION_CONTEXT('2D SPACE',''
  ) );
#9627 = PCURVE('',#4023,#9628);
#9628 = DEFINITIONAL_REPRESENTATION('',(#9629),#9633);
#9629 = LINE('',#9630,#9631);
#9630 = CARTESIAN_POINT('',(0.,0.));
#9631 = VECTOR('',#9632,1.);
#9632 = DIRECTION('',(0.,1.));
#9633 = ( GEOMETRIC_REPRESENTATION_CONTEXT(2) 
PARAMETRIC_REPRESENTATION_CONTEXT() REPRESENTATION_CONTEXT('2D SPACE',''
  ) );
#9634 = ORIENTED_EDGE('',*,*,#5057,.F.);
#9635 = ORIENTED_EDGE('',*,*,#5080,.T.);
#9636 = ORIENTED_EDGE('',*,*,#9637,.F.);
#9637 = EDGE_CURVE('',#2013,#5081,#9638,.T.);
#9638 = SURFACE_CURVE('',#9639,(#9643,#9650),.PCURVE_S1.);
#9639 = LINE('',#9640,#9641);
#9640 = CARTESIAN_POINT('',(45.,3.5,8.));
#9641 = VECTOR('',#9642,1.);
#9642 = DIRECTION('',(0.,0.,1.));
#9643 = PCURVE('',#2000,#9644);
#9644 = DEFINITIONAL_REPRESENTATION('',(#9645),#9649);
#9645 = LINE('',#9646,#9647);
#9646 = CARTESIAN_POINT('',(5.5,-1.));
#9647 = VECTOR('',#9648,1.);
#9648 = DIRECTION('',(1.,0.));
#9649 = ( GEOMETRIC_REPRESENTATION_CONTEXT(2) 
PARAMETRIC_REPRESENTATION_CONTEXT() REPRESENTATION_CONTEXT('2D SPACE',''
  ) );
#9650 = PCURVE('',#2050,#9651);
#9651 = DEFINITIONAL_REPRESENTATION('',(#9652),#9656);
#9652 = LINE('',#9653,#9654);
#9653 = CARTESIAN_POINT('',(1.570796326795,0.));
#9654 = VECTOR('',#9655,1.);
#9655 = DIRECTION('',(0.,1.));
#9656 = ( GEOMETRIC_REPRESENTATION_CONTEXT(2) 
PARAMETRIC_REPRESENTATION_CONTEXT() REPRESENTATION_CONTEXT('2D SPACE',''
  ) );
#9657 = ORIENTED_EDGE('',*,*,#2012,.F.);
#9658 = ORIENTED_EDGE('',*,*,#1984,.T.);
#9659 = ORIENTED_EDGE('',*,*,#9195,.F.);
#9660 = ORIENTED_EDGE('',*,*,#3021,.F.);
#9661 = ADVANCED_FACE('',(#9662),#2240,.T.);
#9662 = FACE_BOUND('',#9663,.T.);
#9663 = EDGE_LOOP('',(#9664,#9665,#9686,#9687));
#9664 = ORIENTED_EDGE('',*,*,#3244,.T.);
#9665 = ORIENTED_EDGE('',*,*,#9666,.T.);
#9666 = EDGE_CURVE('',#3222,#2196,#9667,.T.);
#9667 = SURFACE_CURVE('',#9668,(#9672,#9679),.PCURVE_S1.);
#9668 = LINE('',#9669,#9670);
#9669 = CARTESIAN_POINT('',(31.,4.,6.));
#9670 = VECTOR('',#9671,1.);
#9671 = DIRECTION('',(0.,0.,1.));
#9672 = PCURVE('',#2240,#9673);
#9673 = DEFINITIONAL_REPRESENTATION('',(#9674),#9678);
#9674 = LINE('',#9675,#9676);
#9675 = CARTESIAN_POINT('',(1.570796326795,0.));
#9676 = VECTOR('',#9677,1.);
#9677 = DIRECTION('',(0.,1.));
#9678 = ( GEOMETRIC_REPRESENTATION_CONTEXT(2) 
PARAMETRIC_REPRESENTATION_CONTEXT() REPRESENTATION_CONTEXT('2D SPACE',''
  ) );
#9679 = PCURVE('',#2211,#9680);
#9680 = DEFINITIONAL_REPRESENTATION('',(#9681),#9685);
#9681 = LINE('',#9682,#9683);
#9682 = CARTESIAN_POINT('',(0.,21.));
#9683 = VECTOR('',#9684,1.);
#9684 = DIRECTION('',(1.,0.));
#9685 = ( GEOMETRIC_REPRESENTATION_CONTEXT(2) 
PARAMETRIC_REPRESENTATION_CONTEXT() REPRESENTATION_CONTEXT('2D SPACE',''
  ) );
#9686 = ORIENTED_EDGE('',*,*,#2223,.F.);
#9687 = ORIENTED_EDGE('',*,*,#9412,.F.);
#9688 = ADVANCED_FACE('',(#9689),#2050,.F.);
#9689 = FACE_BOUND('',#9690,.F.);
#9690 = EDGE_LOOP('',(#9691,#9692,#9693,#9694));
#9691 = ORIENTED_EDGE('',*,*,#2033,.T.);
#9692 = ORIENTED_EDGE('',*,*,#9637,.T.);
#9693 = ORIENTED_EDGE('',*,*,#5101,.F.);
#9694 = ORIENTED_EDGE('',*,*,#9695,.F.);
#9695 = EDGE_CURVE('',#2034,#5102,#9696,.T.);
#9696 = SURFACE_CURVE('',#9697,(#9701,#9708),.PCURVE_S1.);
#9697 = LINE('',#9698,#9699);
#9698 = CARTESIAN_POINT('',(44.,2.5,8.));
#9699 = VECTOR('',#9700,1.);
#9700 = DIRECTION('',(0.,0.,1.));
#9701 = PCURVE('',#2050,#9702);
#9702 = DEFINITIONAL_REPRESENTATION('',(#9703),#9707);
#9703 = LINE('',#9704,#9705);
#9704 = CARTESIAN_POINT('',(0.,0.));
#9705 = VECTOR('',#9706,1.);
#9706 = DIRECTION('',(0.,1.));
#9707 = ( GEOMETRIC_REPRESENTATION_CONTEXT(2) 
PARAMETRIC_REPRESENTATION_CONTEXT() REPRESENTATION_CONTEXT('2D SPACE',''
  ) );
#9708 = PCURVE('',#2077,#9709);
#9709 = DEFINITIONAL_REPRESENTATION('',(#9710),#9714);
#9710 = LINE('',#9711,#9712);
#9711 = CARTESIAN_POINT('',(5.5,41.5));
#9712 = VECTOR('',#9713,1.);
#9713 = DIRECTION('',(1.,0.));
#9714 = ( GEOMETRIC_REPRESENTATION_CONTEXT(2) 
PARAMETRIC_REPRESENTATION_CONTEXT() REPRESENTATION_CONTEXT('2D SPACE',''
  ) );
#9715 = ADVANCED_FACE('',(#9716),#2211,.F.);
#9716 = FACE_BOUND('',#9717,.F.);
#9717 = EDGE_LOOP('',(#9718,#9719,#9720,#9721));
#9718 = ORIENTED_EDGE('',*,*,#3221,.F.);
#9719 = ORIENTED_EDGE('',*,*,#9666,.T.);
#9720 = ORIENTED_EDGE('',*,*,#2195,.T.);
#9721 = ORIENTED_EDGE('',*,*,#9722,.F.);
#9722 = EDGE_CURVE('',#3198,#2167,#9723,.T.);
#9723 = SURFACE_CURVE('',#9724,(#9728,#9735),.PCURVE_S1.);
#9724 = LINE('',#9725,#9726);
#9725 = CARTESIAN_POINT('',(31.5,4.,6.));
#9726 = VECTOR('',#9727,1.);
#9727 = DIRECTION('',(0.,0.,1.));
#9728 = PCURVE('',#2211,#9729);
#9729 = DEFINITIONAL_REPRESENTATION('',(#9730),#9734);
#9730 = LINE('',#9731,#9732);
#9731 = CARTESIAN_POINT('',(0.,21.5));
#9732 = VECTOR('',#9733,1.);
#9733 = DIRECTION('',(1.,0.));
#9734 = ( GEOMETRIC_REPRESENTATION_CONTEXT(2) 
PARAMETRIC_REPRESENTATION_CONTEXT() REPRESENTATION_CONTEXT('2D SPACE',''
  ) );
#9735 = PCURVE('',#2183,#9736);
#9736 = DEFINITIONAL_REPRESENTATION('',(#9737),#9741);
#9737 = LINE('',#9738,#9739);
#9738 = CARTESIAN_POINT('',(0.,0.));
#9739 = VECTOR('',#9740,1.);
#9740 = DIRECTION('',(0.,1.));
#9741 = ( GEOMETRIC_REPRESENTATION_CONTEXT(2) 
PARAMETRIC_REPRESENTATION_CONTEXT() REPRESENTATION_CONTEXT('2D SPACE',''
  ) );
#9742 = ADVANCED_FACE('',(#9743),#2077,.T.);
#9743 = FACE_BOUND('',#9744,.T.);
#9744 = EDGE_LOOP('',(#9745,#9746,#9767,#9768));
#9745 = ORIENTED_EDGE('',*,*,#2062,.F.);
#9746 = ORIENTED_EDGE('',*,*,#9747,.T.);
#9747 = EDGE_CURVE('',#2063,#5126,#9748,.T.);
#9748 = SURFACE_CURVE('',#9749,(#9753,#9760),.PCURVE_S1.);
#9749 = LINE('',#9750,#9751);
#9750 = CARTESIAN_POINT('',(33.5,2.5,8.));
#9751 = VECTOR('',#9752,1.);
#9752 = DIRECTION('',(0.,0.,1.));
#9753 = PCURVE('',#2077,#9754);
#9754 = DEFINITIONAL_REPRESENTATION('',(#9755),#9759);
#9755 = LINE('',#9756,#9757);
#9756 = CARTESIAN_POINT('',(5.5,31.));
#9757 = VECTOR('',#9758,1.);
#9758 = DIRECTION('',(1.,0.));
#9759 = ( GEOMETRIC_REPRESENTATION_CONTEXT(2) 
PARAMETRIC_REPRESENTATION_CONTEXT() REPRESENTATION_CONTEXT('2D SPACE',''
  ) );
#9760 = PCURVE('',#2105,#9761);
#9761 = DEFINITIONAL_REPRESENTATION('',(#9762),#9766);
#9762 = LINE('',#9763,#9764);
#9763 = CARTESIAN_POINT('',(1.570796326795,0.));
#9764 = VECTOR('',#9765,1.);
#9765 = DIRECTION('',(0.,1.));
#9766 = ( GEOMETRIC_REPRESENTATION_CONTEXT(2) 
PARAMETRIC_REPRESENTATION_CONTEXT() REPRESENTATION_CONTEXT('2D SPACE',''
  ) );
#9767 = ORIENTED_EDGE('',*,*,#5125,.T.);
#9768 = ORIENTED_EDGE('',*,*,#9695,.F.);
#9769 = ADVANCED_FACE('',(#9770),#2183,.T.);
#9770 = FACE_BOUND('',#9771,.T.);
#9771 = EDGE_LOOP('',(#9772,#9773,#9794,#9795));
#9772 = ORIENTED_EDGE('',*,*,#3197,.T.);
#9773 = ORIENTED_EDGE('',*,*,#9774,.T.);
#9774 = EDGE_CURVE('',#3175,#2144,#9775,.T.);
#9775 = SURFACE_CURVE('',#9776,(#9780,#9787),.PCURVE_S1.);
#9776 = LINE('',#9777,#9778);
#9777 = CARTESIAN_POINT('',(32.5,5.,6.));
#9778 = VECTOR('',#9779,1.);
#9779 = DIRECTION('',(0.,0.,1.));
#9780 = PCURVE('',#2183,#9781);
#9781 = DEFINITIONAL_REPRESENTATION('',(#9782),#9786);
#9782 = LINE('',#9783,#9784);
#9783 = CARTESIAN_POINT('',(1.570796326795,0.));
#9784 = VECTOR('',#9785,1.);
#9785 = DIRECTION('',(0.,1.));
#9786 = ( GEOMETRIC_REPRESENTATION_CONTEXT(2) 
PARAMETRIC_REPRESENTATION_CONTEXT() REPRESENTATION_CONTEXT('2D SPACE',''
  ) );
#9787 = PCURVE('',#2132,#9788);
#9788 = DEFINITIONAL_REPRESENTATION('',(#9789),#9793);
#9789 = LINE('',#9790,#9791);
#9790 = CARTESIAN_POINT('',(3.5,-2.5));
#9791 = VECTOR('',#9792,1.);
#9792 = DIRECTION('',(1.,0.));
#9793 = ( GEOMETRIC_REPRESENTATION_CONTEXT(2) 
PARAMETRIC_REPRESENTATION_CONTEXT() REPRESENTATION_CONTEXT('2D SPACE',''
  ) );
#9794 = ORIENTED_EDGE('',*,*,#2166,.F.);
#9795 = ORIENTED_EDGE('',*,*,#9722,.F.);
#9796 = ADVANCED_FACE('',(#9797),#2105,.F.);
#9797 = FACE_BOUND('',#9798,.F.);
#9798 = EDGE_LOOP('',(#9799,#9800,#9801,#9802));
#9799 = ORIENTED_EDGE('',*,*,#2088,.T.);
#9800 = ORIENTED_EDGE('',*,*,#9747,.T.);
#9801 = ORIENTED_EDGE('',*,*,#5146,.F.);
#9802 = ORIENTED_EDGE('',*,*,#9803,.F.);
#9803 = EDGE_CURVE('',#2089,#5147,#9804,.T.);
#9804 = SURFACE_CURVE('',#9805,(#9809,#9816),.PCURVE_S1.);
#9805 = LINE('',#9806,#9807);
#9806 = CARTESIAN_POINT('',(32.5,3.5,8.));
#9807 = VECTOR('',#9808,1.);
#9808 = DIRECTION('',(0.,0.,1.));
#9809 = PCURVE('',#2105,#9810);
#9810 = DEFINITIONAL_REPRESENTATION('',(#9811),#9815);
#9811 = LINE('',#9812,#9813);
#9812 = CARTESIAN_POINT('',(0.,0.));
#9813 = VECTOR('',#9814,1.);
#9814 = DIRECTION('',(0.,1.));
#9815 = ( GEOMETRIC_REPRESENTATION_CONTEXT(2) 
PARAMETRIC_REPRESENTATION_CONTEXT() REPRESENTATION_CONTEXT('2D SPACE',''
  ) );
#9816 = PCURVE('',#2132,#9817);
#9817 = DEFINITIONAL_REPRESENTATION('',(#9818),#9822);
#9818 = LINE('',#9819,#9820);
#9819 = CARTESIAN_POINT('',(5.5,-1.));
#9820 = VECTOR('',#9821,1.);
#9821 = DIRECTION('',(1.,0.));
#9822 = ( GEOMETRIC_REPRESENTATION_CONTEXT(2) 
PARAMETRIC_REPRESENTATION_CONTEXT() REPRESENTATION_CONTEXT('2D SPACE',''
  ) );
#9823 = ADVANCED_FACE('',(#9824),#2132,.T.);
#9824 = FACE_BOUND('',#9825,.T.);
#9825 = EDGE_LOOP('',(#9826,#9827,#9850,#9873,#9901,#9924,#9945,#9946,
    #9947,#9968,#9969,#9970,#9991,#9992,#9993,#10014,#10015,#10016,
    #10017,#10018,#10019,#10020));
#9826 = ORIENTED_EDGE('',*,*,#3153,.T.);
#9827 = ORIENTED_EDGE('',*,*,#9828,.F.);
#9828 = EDGE_CURVE('',#9829,#3125,#9831,.T.);
#9829 = VERTEX_POINT('',#9830);
#9830 = CARTESIAN_POINT('',(32.5,3.5,2.5));
#9831 = SURFACE_CURVE('',#9832,(#9836,#9843),.PCURVE_S1.);
#9832 = LINE('',#9833,#9834);
#9833 = CARTESIAN_POINT('',(32.5,3.5,2.5));
#9834 = VECTOR('',#9835,1.);
#9835 = DIRECTION('',(0.,0.,1.));
#9836 = PCURVE('',#2132,#9837);
#9837 = DEFINITIONAL_REPRESENTATION('',(#9838),#9842);
#9838 = LINE('',#9839,#9840);
#9839 = CARTESIAN_POINT('',(0.,-1.));
#9840 = VECTOR('',#9841,1.);
#9841 = DIRECTION('',(1.,0.));
#9842 = ( GEOMETRIC_REPRESENTATION_CONTEXT(2) 
PARAMETRIC_REPRESENTATION_CONTEXT() REPRESENTATION_CONTEXT('2D SPACE',''
  ) );
#9843 = PCURVE('',#3141,#9844);
#9844 = DEFINITIONAL_REPRESENTATION('',(#9845),#9849);
#9845 = LINE('',#9846,#9847);
#9846 = CARTESIAN_POINT('',(0.,0.));
#9847 = VECTOR('',#9848,1.);
#9848 = DIRECTION('',(0.,1.));
#9849 = ( GEOMETRIC_REPRESENTATION_CONTEXT(2) 
PARAMETRIC_REPRESENTATION_CONTEXT() REPRESENTATION_CONTEXT('2D SPACE',''
  ) );
#9850 = ORIENTED_EDGE('',*,*,#9851,.T.);
#9851 = EDGE_CURVE('',#9829,#9852,#9854,.T.);
#9852 = VERTEX_POINT('',#9853);
#9853 = CARTESIAN_POINT('',(32.5,36.5,2.5));
#9854 = SURFACE_CURVE('',#9855,(#9859,#9866),.PCURVE_S1.);
#9855 = LINE('',#9856,#9857);
#9856 = CARTESIAN_POINT('',(32.5,2.5,2.5));
#9857 = VECTOR('',#9858,1.);
#9858 = DIRECTION('',(-0.,1.,0.));
#9859 = PCURVE('',#2132,#9860);
#9860 = DEFINITIONAL_REPRESENTATION('',(#9861),#9865);
#9861 = LINE('',#9862,#9863);
#9862 = CARTESIAN_POINT('',(0.,0.));
#9863 = VECTOR('',#9864,1.);
#9864 = DIRECTION('',(0.,-1.));
#9865 = ( GEOMETRIC_REPRESENTATION_CONTEXT(2) 
PARAMETRIC_REPRESENTATION_CONTEXT() REPRESENTATION_CONTEXT('2D SPACE',''
  ) );
#9866 = PCURVE('',#9477,#9867);
#9867 = DEFINITIONAL_REPRESENTATION('',(#9868),#9872);
#9868 = LINE('',#9869,#9870);
#9869 = CARTESIAN_POINT('',(30.,0.));
#9870 = VECTOR('',#9871,1.);
#9871 = DIRECTION('',(0.,1.));
#9872 = ( GEOMETRIC_REPRESENTATION_CONTEXT(2) 
PARAMETRIC_REPRESENTATION_CONTEXT() REPRESENTATION_CONTEXT('2D SPACE',''
  ) );
#9873 = ORIENTED_EDGE('',*,*,#9874,.T.);
#9874 = EDGE_CURVE('',#9852,#9875,#9877,.T.);
#9875 = VERTEX_POINT('',#9876);
#9876 = CARTESIAN_POINT('',(32.5,36.5,22.5));
#9877 = SURFACE_CURVE('',#9878,(#9882,#9889),.PCURVE_S1.);
#9878 = LINE('',#9879,#9880);
#9879 = CARTESIAN_POINT('',(32.5,36.5,2.5));
#9880 = VECTOR('',#9881,1.);
#9881 = DIRECTION('',(0.,0.,1.));
#9882 = PCURVE('',#2132,#9883);
#9883 = DEFINITIONAL_REPRESENTATION('',(#9884),#9888);
#9884 = LINE('',#9885,#9886);
#9885 = CARTESIAN_POINT('',(0.,-34.));
#9886 = VECTOR('',#9887,1.);
#9887 = DIRECTION('',(1.,0.));
#9888 = ( GEOMETRIC_REPRESENTATION_CONTEXT(2) 
PARAMETRIC_REPRESENTATION_CONTEXT() REPRESENTATION_CONTEXT('2D SPACE',''
  ) );
#9889 = PCURVE('',#9890,#9895);
#9890 = CYLINDRICAL_SURFACE('',#9891,1.);
#9891 = AXIS2_PLACEMENT_3D('',#9892,#9893,#9894);
#9892 = CARTESIAN_POINT('',(33.5,36.5,2.5));
#9893 = DIRECTION('',(0.,0.,1.));
#9894 = DIRECTION('',(-1.,-0.,0.));
#9895 = DEFINITIONAL_REPRESENTATION('',(#9896),#9900);
#9896 = LINE('',#9897,#9898);
#9897 = CARTESIAN_POINT('',(-0.,0.));
#9898 = VECTOR('',#9899,1.);
#9899 = DIRECTION('',(-0.,1.));
#9900 = ( GEOMETRIC_REPRESENTATION_CONTEXT(2) 
PARAMETRIC_REPRESENTATION_CONTEXT() REPRESENTATION_CONTEXT('2D SPACE',''
  ) );
#9901 = ORIENTED_EDGE('',*,*,#9902,.F.);
#9902 = EDGE_CURVE('',#9903,#9875,#9905,.T.);
#9903 = VERTEX_POINT('',#9904);
#9904 = CARTESIAN_POINT('',(32.5,3.5,22.5));
#9905 = SURFACE_CURVE('',#9906,(#9910,#9917),.PCURVE_S1.);
#9906 = LINE('',#9907,#9908);
#9907 = CARTESIAN_POINT('',(32.5,2.5,22.5));
#9908 = VECTOR('',#9909,1.);
#9909 = DIRECTION('',(-0.,1.,0.));
#9910 = PCURVE('',#2132,#9911);
#9911 = DEFINITIONAL_REPRESENTATION('',(#9912),#9916);
#9912 = LINE('',#9913,#9914);
#9913 = CARTESIAN_POINT('',(20.,0.));
#9914 = VECTOR('',#9915,1.);
#9915 = DIRECTION('',(0.,-1.));
#9916 = ( GEOMETRIC_REPRESENTATION_CONTEXT(2) 
PARAMETRIC_REPRESENTATION_CONTEXT() REPRESENTATION_CONTEXT('2D SPACE',''
  ) );
#9917 = PCURVE('',#9533,#9918);
#9918 = DEFINITIONAL_REPRESENTATION('',(#9919),#9923);
#9919 = LINE('',#9920,#9921);
#9920 = CARTESIAN_POINT('',(30.,0.));
#9921 = VECTOR('',#9922,1.);
#9922 = DIRECTION('',(0.,1.));
#9923 = ( GEOMETRIC_REPRESENTATION_CONTEXT(2) 
PARAMETRIC_REPRESENTATION_CONTEXT() REPRESENTATION_CONTEXT('2D SPACE',''
  ) );
#9924 = ORIENTED_EDGE('',*,*,#9925,.F.);
#9925 = EDGE_CURVE('',#6140,#9903,#9926,.T.);
#9926 = SURFACE_CURVE('',#9927,(#9931,#9938),.PCURVE_S1.);
#9927 = LINE('',#9928,#9929);
#9928 = CARTESIAN_POINT('',(32.5,3.5,20.));
#9929 = VECTOR('',#9930,1.);
#9930 = DIRECTION('',(0.,0.,1.));
#9931 = PCURVE('',#2132,#9932);
#9932 = DEFINITIONAL_REPRESENTATION('',(#9933),#9937);
#9933 = LINE('',#9934,#9935);
#9934 = CARTESIAN_POINT('',(17.5,-1.));
#9935 = VECTOR('',#9936,1.);
#9936 = DIRECTION('',(1.,0.));
#9937 = ( GEOMETRIC_REPRESENTATION_CONTEXT(2) 
PARAMETRIC_REPRESENTATION_CONTEXT() REPRESENTATION_CONTEXT('2D SPACE',''
  ) );
#9938 = PCURVE('',#6156,#9939);
#9939 = DEFINITIONAL_REPRESENTATION('',(#9940),#9944);
#9940 = LINE('',#9941,#9942);
#9941 = CARTESIAN_POINT('',(0.,0.));
#9942 = VECTOR('',#9943,1.);
#9943 = DIRECTION('',(0.,1.));
#9944 = ( GEOMETRIC_REPRESENTATION_CONTEXT(2) 
PARAMETRIC_REPRESENTATION_CONTEXT() REPRESENTATION_CONTEXT('2D SPACE',''
  ) );
#9945 = ORIENTED_EDGE('',*,*,#6168,.F.);
#9946 = ORIENTED_EDGE('',*,*,#6189,.T.);
#9947 = ORIENTED_EDGE('',*,*,#9948,.F.);
#9948 = EDGE_CURVE('',#7197,#6190,#9949,.T.);
#9949 = SURFACE_CURVE('',#9950,(#9954,#9961),.PCURVE_S1.);
#9950 = LINE('',#9951,#9952);
#9951 = CARTESIAN_POINT('',(32.5,5.,18.));
#9952 = VECTOR('',#9953,1.);
#9953 = DIRECTION('',(0.,0.,1.));
#9954 = PCURVE('',#2132,#9955);
#9955 = DEFINITIONAL_REPRESENTATION('',(#9956),#9960);
#9956 = LINE('',#9957,#9958);
#9957 = CARTESIAN_POINT('',(15.5,-2.5));
#9958 = VECTOR('',#9959,1.);
#9959 = DIRECTION('',(1.,0.));
#9960 = ( GEOMETRIC_REPRESENTATION_CONTEXT(2) 
PARAMETRIC_REPRESENTATION_CONTEXT() REPRESENTATION_CONTEXT('2D SPACE',''
  ) );
#9961 = PCURVE('',#6233,#9962);
#9962 = DEFINITIONAL_REPRESENTATION('',(#9963),#9967);
#9963 = LINE('',#9964,#9965);
#9964 = CARTESIAN_POINT('',(-0.,0.));
#9965 = VECTOR('',#9966,1.);
#9966 = DIRECTION('',(-0.,1.));
#9967 = ( GEOMETRIC_REPRESENTATION_CONTEXT(2) 
PARAMETRIC_REPRESENTATION_CONTEXT() REPRESENTATION_CONTEXT('2D SPACE',''
  ) );
#9968 = ORIENTED_EDGE('',*,*,#7196,.F.);
#9969 = ORIENTED_EDGE('',*,*,#7175,.T.);
#9970 = ORIENTED_EDGE('',*,*,#9971,.F.);
#9971 = EDGE_CURVE('',#4139,#7152,#9972,.T.);
#9972 = SURFACE_CURVE('',#9973,(#9977,#9984),.PCURVE_S1.);
#9973 = LINE('',#9974,#9975);
#9974 = CARTESIAN_POINT('',(32.5,3.5,14.));
#9975 = VECTOR('',#9976,1.);
#9976 = DIRECTION('',(0.,0.,1.));
#9977 = PCURVE('',#2132,#9978);
#9978 = DEFINITIONAL_REPRESENTATION('',(#9979),#9983);
#9979 = LINE('',#9980,#9981);
#9980 = CARTESIAN_POINT('',(11.5,-1.));
#9981 = VECTOR('',#9982,1.);
#9982 = DIRECTION('',(1.,0.));
#9983 = ( GEOMETRIC_REPRESENTATION_CONTEXT(2) 
PARAMETRIC_REPRESENTATION_CONTEXT() REPRESENTATION_CONTEXT('2D SPACE',''
  ) );
#9984 = PCURVE('',#4155,#9985);
#9985 = DEFINITIONAL_REPRESENTATION('',(#9986),#9990);
#9986 = LINE('',#9987,#9988);
#9987 = CARTESIAN_POINT('',(0.,0.));
#9988 = VECTOR('',#9989,1.);
#9989 = DIRECTION('',(0.,1.));
#9990 = ( GEOMETRIC_REPRESENTATION_CONTEXT(2) 
PARAMETRIC_REPRESENTATION_CONTEXT() REPRESENTATION_CONTEXT('2D SPACE',''
  ) );
#9991 = ORIENTED_EDGE('',*,*,#4167,.F.);
#9992 = ORIENTED_EDGE('',*,*,#4188,.T.);
#9993 = ORIENTED_EDGE('',*,*,#9994,.F.);
#9994 = EDGE_CURVE('',#5192,#4189,#9995,.T.);
#9995 = SURFACE_CURVE('',#9996,(#10000,#10007),.PCURVE_S1.);
#9996 = LINE('',#9997,#9998);
#9997 = CARTESIAN_POINT('',(32.5,5.,12.));
#9998 = VECTOR('',#9999,1.);
#9999 = DIRECTION('',(0.,0.,1.));
#10000 = PCURVE('',#2132,#10001);
#10001 = DEFINITIONAL_REPRESENTATION('',(#10002),#10006);
#10002 = LINE('',#10003,#10004);
#10003 = CARTESIAN_POINT('',(9.5,-2.5));
#10004 = VECTOR('',#10005,1.);
#10005 = DIRECTION('',(1.,0.));
#10006 = ( GEOMETRIC_REPRESENTATION_CONTEXT(2) 
PARAMETRIC_REPRESENTATION_CONTEXT() REPRESENTATION_CONTEXT('2D SPACE',''
  ) );
#10007 = PCURVE('',#4232,#10008);
#10008 = DEFINITIONAL_REPRESENTATION('',(#10009),#10013);
#10009 = LINE('',#10010,#10011);
#10010 = CARTESIAN_POINT('',(-0.,0.));
#10011 = VECTOR('',#10012,1.);
#10012 = DIRECTION('',(-0.,1.));
#10013 = ( GEOMETRIC_REPRESENTATION_CONTEXT(2) 
PARAMETRIC_REPRESENTATION_CONTEXT() REPRESENTATION_CONTEXT('2D SPACE',''
  ) );
#10014 = ORIENTED_EDGE('',*,*,#5191,.F.);
#10015 = ORIENTED_EDGE('',*,*,#5170,.T.);
#10016 = ORIENTED_EDGE('',*,*,#9803,.F.);
#10017 = ORIENTED_EDGE('',*,*,#2117,.F.);
#10018 = ORIENTED_EDGE('',*,*,#2143,.T.);
#10019 = ORIENTED_EDGE('',*,*,#9774,.F.);
#10020 = ORIENTED_EDGE('',*,*,#3174,.F.);
#10021 = ADVANCED_FACE('',(#10022),#3576,.F.);
#10022 = FACE_BOUND('',#10023,.F.);
#10023 = EDGE_LOOP('',(#10024,#10046,#10047,#10048));
#10024 = ORIENTED_EDGE('',*,*,#10025,.T.);
#10025 = EDGE_CURVE('',#7751,#8005,#10026,.T.);
#10026 = SURFACE_CURVE('',#10027,(#10032,#10039),.PCURVE_S1.);
#10027 = CIRCLE('',#10028,1.);
#10028 = AXIS2_PLACEMENT_3D('',#10029,#10030,#10031);
#10029 = CARTESIAN_POINT('',(14.,3.5,2.5));
#10030 = DIRECTION('',(0.,0.,1.));
#10031 = DIRECTION('',(0.,-1.,0.));
#10032 = PCURVE('',#3576,#10033);
#10033 = DEFINITIONAL_REPRESENTATION('',(#10034),#10038);
#10034 = LINE('',#10035,#10036);
#10035 = CARTESIAN_POINT('',(0.,0.));
#10036 = VECTOR('',#10037,1.);
#10037 = DIRECTION('',(1.,0.));
#10038 = ( GEOMETRIC_REPRESENTATION_CONTEXT(2) 
PARAMETRIC_REPRESENTATION_CONTEXT() REPRESENTATION_CONTEXT('2D SPACE',''
  ) );
#10039 = PCURVE('',#7766,#10040);
#10040 = DEFINITIONAL_REPRESENTATION('',(#10041),#10045);
#10041 = CIRCLE('',#10042,1.);
#10042 = AXIS2_PLACEMENT_2D('',#10043,#10044);
#10043 = CARTESIAN_POINT('',(11.5,1.));
#10044 = DIRECTION('',(0.,-1.));
#10045 = ( GEOMETRIC_REPRESENTATION_CONTEXT(2) 
PARAMETRIC_REPRESENTATION_CONTEXT() REPRESENTATION_CONTEXT('2D SPACE',''
  ) );
#10046 = ORIENTED_EDGE('',*,*,#8004,.T.);
#10047 = ORIENTED_EDGE('',*,*,#3559,.F.);
#10048 = ORIENTED_EDGE('',*,*,#7952,.F.);
#10049 = ADVANCED_FACE('',(#10050),#2894,.F.);
#10050 = FACE_BOUND('',#10051,.F.);
#10051 = EDGE_LOOP('',(#10052,#10074,#10075,#10076));
#10052 = ORIENTED_EDGE('',*,*,#10053,.T.);
#10053 = EDGE_CURVE('',#8841,#8303,#10054,.T.);
#10054 = SURFACE_CURVE('',#10055,(#10060,#10067),.PCURVE_S1.);
#10055 = CIRCLE('',#10056,1.);
#10056 = AXIS2_PLACEMENT_3D('',#10057,#10058,#10059);
#10057 = CARTESIAN_POINT('',(48.5,3.5,2.5));
#10058 = DIRECTION('',(0.,0.,1.));
#10059 = DIRECTION('',(0.,-1.,0.));
#10060 = PCURVE('',#2894,#10061);
#10061 = DEFINITIONAL_REPRESENTATION('',(#10062),#10066);
#10062 = LINE('',#10063,#10064);
#10063 = CARTESIAN_POINT('',(-4.712388980385,0.));
#10064 = VECTOR('',#10065,1.);
#10065 = DIRECTION('',(1.,0.));
#10066 = ( GEOMETRIC_REPRESENTATION_CONTEXT(2) 
PARAMETRIC_REPRESENTATION_CONTEXT() REPRESENTATION_CONTEXT('2D SPACE',''
  ) );
#10067 = PCURVE('',#8320,#10068);
#10068 = DEFINITIONAL_REPRESENTATION('',(#10069),#10073);
#10069 = CIRCLE('',#10070,1.);
#10070 = AXIS2_PLACEMENT_2D('',#10071,#10072);
#10071 = CARTESIAN_POINT('',(46.,1.));
#10072 = DIRECTION('',(0.,-1.));
#10073 = ( GEOMETRIC_REPRESENTATION_CONTEXT(2) 
PARAMETRIC_REPRESENTATION_CONTEXT() REPRESENTATION_CONTEXT('2D SPACE',''
  ) );
#10074 = ORIENTED_EDGE('',*,*,#8332,.T.);
#10075 = ORIENTED_EDGE('',*,*,#2877,.F.);
#10076 = ORIENTED_EDGE('',*,*,#8840,.F.);
#10077 = ADVANCED_FACE('',(#10078),#3388,.F.);
#10078 = FACE_BOUND('',#10079,.F.);
#10079 = EDGE_LOOP('',(#10080,#10104,#10125,#10126));
#10080 = ORIENTED_EDGE('',*,*,#10081,.T.);
#10081 = EDGE_CURVE('',#8613,#10082,#10084,.T.);
#10082 = VERTEX_POINT('',#10083);
#10083 = CARTESIAN_POINT('',(18.5,2.5,2.5));
#10084 = SURFACE_CURVE('',#10085,(#10090,#10097),.PCURVE_S1.);
#10085 = CIRCLE('',#10086,1.);
#10086 = AXIS2_PLACEMENT_3D('',#10087,#10088,#10089);
#10087 = CARTESIAN_POINT('',(18.5,3.5,2.5));
#10088 = DIRECTION('',(0.,0.,1.));
#10089 = DIRECTION('',(0.,-1.,0.));
#10090 = PCURVE('',#3388,#10091);
#10091 = DEFINITIONAL_REPRESENTATION('',(#10092),#10096);
#10092 = LINE('',#10093,#10094);
#10093 = CARTESIAN_POINT('',(-4.712388980385,0.));
#10094 = VECTOR('',#10095,1.);
#10095 = DIRECTION('',(1.,0.));
#10096 = ( GEOMETRIC_REPRESENTATION_CONTEXT(2) 
PARAMETRIC_REPRESENTATION_CONTEXT() REPRESENTATION_CONTEXT('2D SPACE',''
  ) );
#10097 = PCURVE('',#8651,#10098);
#10098 = DEFINITIONAL_REPRESENTATION('',(#10099),#10103);
#10099 = CIRCLE('',#10100,1.);
#10100 = AXIS2_PLACEMENT_2D('',#10101,#10102);
#10101 = CARTESIAN_POINT('',(16.,1.));
#10102 = DIRECTION('',(0.,-1.));
#10103 = ( GEOMETRIC_REPRESENTATION_CONTEXT(2) 
PARAMETRIC_REPRESENTATION_CONTEXT() REPRESENTATION_CONTEXT('2D SPACE',''
  ) );
#10104 = ORIENTED_EDGE('',*,*,#10105,.T.);
#10105 = EDGE_CURVE('',#10082,#3346,#10106,.T.);
#10106 = SURFACE_CURVE('',#10107,(#10111,#10118),.PCURVE_S1.);
#10107 = LINE('',#10108,#10109);
#10108 = CARTESIAN_POINT('',(18.5,2.5,2.5));
#10109 = VECTOR('',#10110,1.);
#10110 = DIRECTION('',(0.,0.,1.));
#10111 = PCURVE('',#3388,#10112);
#10112 = DEFINITIONAL_REPRESENTATION('',(#10113),#10117);
#10113 = LINE('',#10114,#10115);
#10114 = CARTESIAN_POINT('',(1.570796326795,0.));
#10115 = VECTOR('',#10116,1.);
#10116 = DIRECTION('',(0.,1.));
#10117 = ( GEOMETRIC_REPRESENTATION_CONTEXT(2) 
PARAMETRIC_REPRESENTATION_CONTEXT() REPRESENTATION_CONTEXT('2D SPACE',''
  ) );
#10118 = PCURVE('',#3360,#10119);
#10119 = DEFINITIONAL_REPRESENTATION('',(#10120),#10124);
#10120 = LINE('',#10121,#10122);
#10121 = CARTESIAN_POINT('',(0.,16.));
#10122 = VECTOR('',#10123,1.);
#10123 = DIRECTION('',(1.,0.));
#10124 = ( GEOMETRIC_REPRESENTATION_CONTEXT(2) 
PARAMETRIC_REPRESENTATION_CONTEXT() REPRESENTATION_CONTEXT('2D SPACE',''
  ) );
#10125 = ORIENTED_EDGE('',*,*,#3371,.F.);
#10126 = ORIENTED_EDGE('',*,*,#8612,.F.);
#10127 = ADVANCED_FACE('',(#10128),#3360,.T.);
#10128 = FACE_BOUND('',#10129,.T.);
#10129 = EDGE_LOOP('',(#10130,#10153,#10154,#10155));
#10130 = ORIENTED_EDGE('',*,*,#10131,.F.);
#10131 = EDGE_CURVE('',#10082,#10132,#10134,.T.);
#10132 = VERTEX_POINT('',#10133);
#10133 = CARTESIAN_POINT('',(29.,2.5,2.5));
#10134 = SURFACE_CURVE('',#10135,(#10139,#10146),.PCURVE_S1.);
#10135 = LINE('',#10136,#10137);
#10136 = CARTESIAN_POINT('',(2.5,2.5,2.5));
#10137 = VECTOR('',#10138,1.);
#10138 = DIRECTION('',(1.,0.,-0.));
#10139 = PCURVE('',#3360,#10140);
#10140 = DEFINITIONAL_REPRESENTATION('',(#10141),#10145);
#10141 = LINE('',#10142,#10143);
#10142 = CARTESIAN_POINT('',(0.,0.));
#10143 = VECTOR('',#10144,1.);
#10144 = DIRECTION('',(0.,1.));
#10145 = ( GEOMETRIC_REPRESENTATION_CONTEXT(2) 
PARAMETRIC_REPRESENTATION_CONTEXT() REPRESENTATION_CONTEXT('2D SPACE',''
  ) );
#10146 = PCURVE('',#8651,#10147);
#10147 = DEFINITIONAL_REPRESENTATION('',(#10148),#10152);
#10148 = LINE('',#10149,#10150);
#10149 = CARTESIAN_POINT('',(0.,0.));
#10150 = VECTOR('',#10151,1.);
#10151 = DIRECTION('',(1.,0.));
#10152 = ( GEOMETRIC_REPRESENTATION_CONTEXT(2) 
PARAMETRIC_REPRESENTATION_CONTEXT() REPRESENTATION_CONTEXT('2D SPACE',''
  ) );
#10153 = ORIENTED_EDGE('',*,*,#10105,.T.);
#10154 = ORIENTED_EDGE('',*,*,#3345,.T.);
#10155 = ORIENTED_EDGE('',*,*,#10156,.F.);
#10156 = EDGE_CURVE('',#10132,#3313,#10157,.T.);
#10157 = SURFACE_CURVE('',#10158,(#10162,#10169),.PCURVE_S1.);
#10158 = LINE('',#10159,#10160);
#10159 = CARTESIAN_POINT('',(29.,2.5,2.5));
#10160 = VECTOR('',#10161,1.);
#10161 = DIRECTION('',(0.,0.,1.));
#10162 = PCURVE('',#3360,#10163);
#10163 = DEFINITIONAL_REPRESENTATION('',(#10164),#10168);
#10164 = LINE('',#10165,#10166);
#10165 = CARTESIAN_POINT('',(0.,26.5));
#10166 = VECTOR('',#10167,1.);
#10167 = DIRECTION('',(1.,0.));
#10168 = ( GEOMETRIC_REPRESENTATION_CONTEXT(2) 
PARAMETRIC_REPRESENTATION_CONTEXT() REPRESENTATION_CONTEXT('2D SPACE',''
  ) );
#10169 = PCURVE('',#3333,#10170);
#10170 = DEFINITIONAL_REPRESENTATION('',(#10171),#10175);
#10171 = LINE('',#10172,#10173);
#10172 = CARTESIAN_POINT('',(-1.570796326795,0.));
#10173 = VECTOR('',#10174,1.);
#10174 = DIRECTION('',(-0.,1.));
#10175 = ( GEOMETRIC_REPRESENTATION_CONTEXT(2) 
PARAMETRIC_REPRESENTATION_CONTEXT() REPRESENTATION_CONTEXT('2D SPACE',''
  ) );
#10176 = ADVANCED_FACE('',(#10177),#3333,.F.);
#10177 = FACE_BOUND('',#10178,.T.);
#10178 = EDGE_LOOP('',(#10179,#10205,#10206,#10207));
#10179 = ORIENTED_EDGE('',*,*,#10180,.T.);
#10180 = EDGE_CURVE('',#9221,#10132,#10181,.T.);
#10181 = SURFACE_CURVE('',#10182,(#10187,#10194),.PCURVE_S1.);
#10182 = CIRCLE('',#10183,1.);
#10183 = AXIS2_PLACEMENT_3D('',#10184,#10185,#10186);
#10184 = CARTESIAN_POINT('',(29.,3.5,2.5));
#10185 = DIRECTION('',(-0.,-0.,-1.));
#10186 = DIRECTION('',(0.,-1.,0.));
#10187 = PCURVE('',#3333,#10188);
#10188 = DEFINITIONAL_REPRESENTATION('',(#10189),#10193);
#10189 = LINE('',#10190,#10191);
#10190 = CARTESIAN_POINT('',(4.712388980385,-0.));
#10191 = VECTOR('',#10192,1.);
#10192 = DIRECTION('',(-1.,0.));
#10193 = ( GEOMETRIC_REPRESENTATION_CONTEXT(2) 
PARAMETRIC_REPRESENTATION_CONTEXT() REPRESENTATION_CONTEXT('2D SPACE',''
  ) );
#10194 = PCURVE('',#8651,#10195);
#10195 = DEFINITIONAL_REPRESENTATION('',(#10196),#10204);
#10196 = ( BOUNDED_CURVE() B_SPLINE_CURVE(2,(#10197,#10198,#10199,#10200
    ,#10201,#10202,#10203),.UNSPECIFIED.,.T.,.F.) 
B_SPLINE_CURVE_WITH_KNOTS((1,2,2,2,2,1),(-2.094395102393,0.,
    2.094395102393,4.188790204786,6.28318530718,8.377580409573),
.UNSPECIFIED.) CURVE() GEOMETRIC_REPRESENTATION_ITEM() 
RATIONAL_B_SPLINE_CURVE((1.,0.5,1.,0.5,1.,0.5,1.)) REPRESENTATION_ITEM(
  '') );
#10197 = CARTESIAN_POINT('',(26.5,0.));
#10198 = CARTESIAN_POINT('',(24.767949192431,0.));
#10199 = CARTESIAN_POINT('',(25.633974596216,1.5));
#10200 = CARTESIAN_POINT('',(26.5,3.));
#10201 = CARTESIAN_POINT('',(27.366025403784,1.5));
#10202 = CARTESIAN_POINT('',(28.232050807569,1.554312234475E-15));
#10203 = CARTESIAN_POINT('',(26.5,0.));
#10204 = ( GEOMETRIC_REPRESENTATION_CONTEXT(2) 
PARAMETRIC_REPRESENTATION_CONTEXT() REPRESENTATION_CONTEXT('2D SPACE',''
  ) );
#10205 = ORIENTED_EDGE('',*,*,#10156,.T.);
#10206 = ORIENTED_EDGE('',*,*,#3312,.F.);
#10207 = ORIENTED_EDGE('',*,*,#9220,.F.);
#10208 = ADVANCED_FACE('',(#10209),#3086,.F.);
#10209 = FACE_BOUND('',#10210,.T.);
#10210 = EDGE_LOOP('',(#10211,#10239,#10260,#10261));
#10211 = ORIENTED_EDGE('',*,*,#10212,.T.);
#10212 = EDGE_CURVE('',#9439,#10213,#10215,.T.);
#10213 = VERTEX_POINT('',#10214);
#10214 = CARTESIAN_POINT('',(44.,2.5,2.5));
#10215 = SURFACE_CURVE('',#10216,(#10221,#10228),.PCURVE_S1.);
#10216 = CIRCLE('',#10217,1.);
#10217 = AXIS2_PLACEMENT_3D('',#10218,#10219,#10220);
#10218 = CARTESIAN_POINT('',(44.,3.5,2.5));
#10219 = DIRECTION('',(-0.,-0.,-1.));
#10220 = DIRECTION('',(0.,-1.,0.));
#10221 = PCURVE('',#3086,#10222);
#10222 = DEFINITIONAL_REPRESENTATION('',(#10223),#10227);
#10223 = LINE('',#10224,#10225);
#10224 = CARTESIAN_POINT('',(4.712388980385,-0.));
#10225 = VECTOR('',#10226,1.);
#10226 = DIRECTION('',(-1.,0.));
#10227 = ( GEOMETRIC_REPRESENTATION_CONTEXT(2) 
PARAMETRIC_REPRESENTATION_CONTEXT() REPRESENTATION_CONTEXT('2D SPACE',''
  ) );
#10228 = PCURVE('',#9477,#10229);
#10229 = DEFINITIONAL_REPRESENTATION('',(#10230),#10238);
#10230 = ( BOUNDED_CURVE() B_SPLINE_CURVE(2,(#10231,#10232,#10233,#10234
    ,#10235,#10236,#10237),.UNSPECIFIED.,.T.,.F.) 
B_SPLINE_CURVE_WITH_KNOTS((1,2,2,2,2,1),(-2.094395102393,0.,
    2.094395102393,4.188790204786,6.28318530718,8.377580409573),
.UNSPECIFIED.) CURVE() GEOMETRIC_REPRESENTATION_ITEM() 
RATIONAL_B_SPLINE_CURVE((1.,0.5,1.,0.5,1.,0.5,1.)) REPRESENTATION_ITEM(
  '') );
#10231 = CARTESIAN_POINT('',(41.5,0.));
#10232 = CARTESIAN_POINT('',(39.767949192431,0.));
#10233 = CARTESIAN_POINT('',(40.633974596216,1.5));
#10234 = CARTESIAN_POINT('',(41.5,3.));
#10235 = CARTESIAN_POINT('',(42.366025403784,1.5));
#10236 = CARTESIAN_POINT('',(43.232050807569,1.554312234475E-15));
#10237 = CARTESIAN_POINT('',(41.5,0.));
#10238 = ( GEOMETRIC_REPRESENTATION_CONTEXT(2) 
PARAMETRIC_REPRESENTATION_CONTEXT() REPRESENTATION_CONTEXT('2D SPACE',''
  ) );
#10239 = ORIENTED_EDGE('',*,*,#10240,.T.);
#10240 = EDGE_CURVE('',#10213,#3066,#10241,.T.);
#10241 = SURFACE_CURVE('',#10242,(#10246,#10253),.PCURVE_S1.);
#10242 = LINE('',#10243,#10244);
#10243 = CARTESIAN_POINT('',(44.,2.5,2.5));
#10244 = VECTOR('',#10245,1.);
#10245 = DIRECTION('',(0.,0.,1.));
#10246 = PCURVE('',#3086,#10247);
#10247 = DEFINITIONAL_REPRESENTATION('',(#10248),#10252);
#10248 = LINE('',#10249,#10250);
#10249 = CARTESIAN_POINT('',(-1.570796326795,0.));
#10250 = VECTOR('',#10251,1.);
#10251 = DIRECTION('',(-0.,1.));
#10252 = ( GEOMETRIC_REPRESENTATION_CONTEXT(2) 
PARAMETRIC_REPRESENTATION_CONTEXT() REPRESENTATION_CONTEXT('2D SPACE',''
  ) );
#10253 = PCURVE('',#3113,#10254);
#10254 = DEFINITIONAL_REPRESENTATION('',(#10255),#10259);
#10255 = LINE('',#10256,#10257);
#10256 = CARTESIAN_POINT('',(0.,41.5));
#10257 = VECTOR('',#10258,1.);
#10258 = DIRECTION('',(1.,0.));
#10259 = ( GEOMETRIC_REPRESENTATION_CONTEXT(2) 
PARAMETRIC_REPRESENTATION_CONTEXT() REPRESENTATION_CONTEXT('2D SPACE',''
  ) );
#10260 = ORIENTED_EDGE('',*,*,#3065,.F.);
#10261 = ORIENTED_EDGE('',*,*,#9438,.F.);
#10262 = ADVANCED_FACE('',(#10263),#3113,.T.);
#10263 = FACE_BOUND('',#10264,.T.);
#10264 = EDGE_LOOP('',(#10265,#10288,#10309,#10310));
#10265 = ORIENTED_EDGE('',*,*,#10266,.F.);
#10266 = EDGE_CURVE('',#10267,#10213,#10269,.T.);
#10267 = VERTEX_POINT('',#10268);
#10268 = CARTESIAN_POINT('',(33.5,2.5,2.5));
#10269 = SURFACE_CURVE('',#10270,(#10274,#10281),.PCURVE_S1.);
#10270 = LINE('',#10271,#10272);
#10271 = CARTESIAN_POINT('',(2.5,2.5,2.5));
#10272 = VECTOR('',#10273,1.);
#10273 = DIRECTION('',(1.,0.,-0.));
#10274 = PCURVE('',#3113,#10275);
#10275 = DEFINITIONAL_REPRESENTATION('',(#10276),#10280);
#10276 = LINE('',#10277,#10278);
#10277 = CARTESIAN_POINT('',(0.,0.));
#10278 = VECTOR('',#10279,1.);
#10279 = DIRECTION('',(0.,1.));
#10280 = ( GEOMETRIC_REPRESENTATION_CONTEXT(2) 
PARAMETRIC_REPRESENTATION_CONTEXT() REPRESENTATION_CONTEXT('2D SPACE',''
  ) );
#10281 = PCURVE('',#9477,#10282);
#10282 = DEFINITIONAL_REPRESENTATION('',(#10283),#10287);
#10283 = LINE('',#10284,#10285);
#10284 = CARTESIAN_POINT('',(0.,0.));
#10285 = VECTOR('',#10286,1.);
#10286 = DIRECTION('',(1.,0.));
#10287 = ( GEOMETRIC_REPRESENTATION_CONTEXT(2) 
PARAMETRIC_REPRESENTATION_CONTEXT() REPRESENTATION_CONTEXT('2D SPACE',''
  ) );
#10288 = ORIENTED_EDGE('',*,*,#10289,.T.);
#10289 = EDGE_CURVE('',#10267,#3099,#10290,.T.);
#10290 = SURFACE_CURVE('',#10291,(#10295,#10302),.PCURVE_S1.);
#10291 = LINE('',#10292,#10293);
#10292 = CARTESIAN_POINT('',(33.5,2.5,2.5));
#10293 = VECTOR('',#10294,1.);
#10294 = DIRECTION('',(0.,0.,1.));
#10295 = PCURVE('',#3113,#10296);
#10296 = DEFINITIONAL_REPRESENTATION('',(#10297),#10301);
#10297 = LINE('',#10298,#10299);
#10298 = CARTESIAN_POINT('',(0.,31.));
#10299 = VECTOR('',#10300,1.);
#10300 = DIRECTION('',(1.,0.));
#10301 = ( GEOMETRIC_REPRESENTATION_CONTEXT(2) 
PARAMETRIC_REPRESENTATION_CONTEXT() REPRESENTATION_CONTEXT('2D SPACE',''
  ) );
#10302 = PCURVE('',#3141,#10303);
#10303 = DEFINITIONAL_REPRESENTATION('',(#10304),#10308);
#10304 = LINE('',#10305,#10306);
#10305 = CARTESIAN_POINT('',(1.570796326795,0.));
#10306 = VECTOR('',#10307,1.);
#10307 = DIRECTION('',(0.,1.));
#10308 = ( GEOMETRIC_REPRESENTATION_CONTEXT(2) 
PARAMETRIC_REPRESENTATION_CONTEXT() REPRESENTATION_CONTEXT('2D SPACE',''
  ) );
#10309 = ORIENTED_EDGE('',*,*,#3098,.T.);
#10310 = ORIENTED_EDGE('',*,*,#10240,.F.);
#10311 = ADVANCED_FACE('',(#10312),#3141,.F.);
#10312 = FACE_BOUND('',#10313,.F.);
#10313 = EDGE_LOOP('',(#10314,#10336,#10337,#10338));
#10314 = ORIENTED_EDGE('',*,*,#10315,.T.);
#10315 = EDGE_CURVE('',#9829,#10267,#10316,.T.);
#10316 = SURFACE_CURVE('',#10317,(#10322,#10329),.PCURVE_S1.);
#10317 = CIRCLE('',#10318,1.);
#10318 = AXIS2_PLACEMENT_3D('',#10319,#10320,#10321);
#10319 = CARTESIAN_POINT('',(33.5,3.5,2.5));
#10320 = DIRECTION('',(0.,0.,1.));
#10321 = DIRECTION('',(0.,-1.,0.));
#10322 = PCURVE('',#3141,#10323);
#10323 = DEFINITIONAL_REPRESENTATION('',(#10324),#10328);
#10324 = LINE('',#10325,#10326);
#10325 = CARTESIAN_POINT('',(-4.712388980385,0.));
#10326 = VECTOR('',#10327,1.);
#10327 = DIRECTION('',(1.,0.));
#10328 = ( GEOMETRIC_REPRESENTATION_CONTEXT(2) 
PARAMETRIC_REPRESENTATION_CONTEXT() REPRESENTATION_CONTEXT('2D SPACE',''
  ) );
#10329 = PCURVE('',#9477,#10330);
#10330 = DEFINITIONAL_REPRESENTATION('',(#10331),#10335);
#10331 = CIRCLE('',#10332,1.);
#10332 = AXIS2_PLACEMENT_2D('',#10333,#10334);
#10333 = CARTESIAN_POINT('',(31.,1.));
#10334 = DIRECTION('',(0.,-1.));
#10335 = ( GEOMETRIC_REPRESENTATION_CONTEXT(2) 
PARAMETRIC_REPRESENTATION_CONTEXT() REPRESENTATION_CONTEXT('2D SPACE',''
  ) );
#10336 = ORIENTED_EDGE('',*,*,#10289,.T.);
#10337 = ORIENTED_EDGE('',*,*,#3124,.F.);
#10338 = ORIENTED_EDGE('',*,*,#9828,.F.);
#10339 = ADVANCED_FACE('',(#10340),#3702,.T.);
#10340 = FACE_BOUND('',#10341,.T.);
#10341 = EDGE_LOOP('',(#10342,#10343,#10344,#10345));
#10342 = ORIENTED_EDGE('',*,*,#3684,.F.);
#10343 = ORIENTED_EDGE('',*,*,#4715,.T.);
#10344 = ORIENTED_EDGE('',*,*,#4764,.T.);
#10345 = ORIENTED_EDGE('',*,*,#10346,.F.);
#10346 = EDGE_CURVE('',#3687,#4765,#10347,.T.);
#10347 = SURFACE_CURVE('',#10348,(#10352,#10359),.PCURVE_S1.);
#10348 = LINE('',#10349,#10350);
#10349 = CARTESIAN_POINT('',(10.,1.5,14.));
#10350 = VECTOR('',#10351,1.);
#10351 = DIRECTION('',(-0.,0.,-1.));
#10352 = PCURVE('',#3702,#10353);
#10353 = DEFINITIONAL_REPRESENTATION('',(#10354),#10358);
#10354 = LINE('',#10355,#10356);
#10355 = CARTESIAN_POINT('',(2.,-2.5));
#10356 = VECTOR('',#10357,1.);
#10357 = DIRECTION('',(-1.,-0.));
#10358 = ( GEOMETRIC_REPRESENTATION_CONTEXT(2) 
PARAMETRIC_REPRESENTATION_CONTEXT() REPRESENTATION_CONTEXT('2D SPACE',''
  ) );
#10359 = PCURVE('',#4699,#10360);
#10360 = DEFINITIONAL_REPRESENTATION('',(#10361),#10365);
#10361 = LINE('',#10362,#10363);
#10362 = CARTESIAN_POINT('',(-0.,0.));
#10363 = VECTOR('',#10364,1.);
#10364 = DIRECTION('',(-0.,1.));
#10365 = ( GEOMETRIC_REPRESENTATION_CONTEXT(2) 
PARAMETRIC_REPRESENTATION_CONTEXT() REPRESENTATION_CONTEXT('2D SPACE',''
  ) );
#10366 = ADVANCED_FACE('',(#10367),#4699,.T.);
#10367 = FACE_BOUND('',#10368,.F.);
#10368 = EDGE_LOOP('',(#10369,#10370,#10371,#10372));
#10369 = ORIENTED_EDGE('',*,*,#4684,.T.);
#10370 = ORIENTED_EDGE('',*,*,#7903,.T.);
#10371 = ORIENTED_EDGE('',*,*,#5633,.F.);
#10372 = ORIENTED_EDGE('',*,*,#10346,.F.);
#10373 = ADVANCED_FACE('',(#10374),#4628,.F.);
#10374 = FACE_BOUND('',#10375,.F.);
#10375 = EDGE_LOOP('',(#10376,#10377,#10378,#10379));
#10376 = ORIENTED_EDGE('',*,*,#4611,.T.);
#10377 = ORIENTED_EDGE('',*,*,#8147,.T.);
#10378 = ORIENTED_EDGE('',*,*,#7574,.F.);
#10379 = ORIENTED_EDGE('',*,*,#7880,.F.);
#10380 = ADVANCED_FACE('',(#10381),#3783,.F.);
#10381 = FACE_BOUND('',#10382,.F.);
#10382 = EDGE_LOOP('',(#10383,#10384,#10385,#10386));
#10383 = ORIENTED_EDGE('',*,*,#3767,.F.);
#10384 = ORIENTED_EDGE('',*,*,#5659,.T.);
#10385 = ORIENTED_EDGE('',*,*,#4819,.T.);
#10386 = ORIENTED_EDGE('',*,*,#10387,.F.);
#10387 = EDGE_CURVE('',#3768,#4820,#10388,.T.);
#10388 = SURFACE_CURVE('',#10389,(#10393,#10400),.PCURVE_S1.);
#10389 = LINE('',#10390,#10391);
#10390 = CARTESIAN_POINT('',(50.,1.5,14.));
#10391 = VECTOR('',#10392,1.);
#10392 = DIRECTION('',(-0.,0.,-1.));
#10393 = PCURVE('',#3783,#10394);
#10394 = DEFINITIONAL_REPRESENTATION('',(#10395),#10399);
#10395 = LINE('',#10396,#10397);
#10396 = CARTESIAN_POINT('',(2.,-2.5));
#10397 = VECTOR('',#10398,1.);
#10398 = DIRECTION('',(-1.,-0.));
#10399 = ( GEOMETRIC_REPRESENTATION_CONTEXT(2) 
PARAMETRIC_REPRESENTATION_CONTEXT() REPRESENTATION_CONTEXT('2D SPACE',''
  ) );
#10400 = PCURVE('',#3816,#10401);
#10401 = DEFINITIONAL_REPRESENTATION('',(#10402),#10406);
#10402 = LINE('',#10403,#10404);
#10403 = CARTESIAN_POINT('',(0.,0.));
#10404 = VECTOR('',#10405,1.);
#10405 = DIRECTION('',(0.,1.));
#10406 = ( GEOMETRIC_REPRESENTATION_CONTEXT(2) 
PARAMETRIC_REPRESENTATION_CONTEXT() REPRESENTATION_CONTEXT('2D SPACE',''
  ) );
#10407 = ADVANCED_FACE('',(#10408),#3816,.T.);
#10408 = FACE_BOUND('',#10409,.T.);
#10409 = EDGE_LOOP('',(#10410,#10411,#10412,#10413));
#10410 = ORIENTED_EDGE('',*,*,#3795,.T.);
#10411 = ORIENTED_EDGE('',*,*,#8381,.T.);
#10412 = ORIENTED_EDGE('',*,*,#4842,.F.);
#10413 = ORIENTED_EDGE('',*,*,#10387,.F.);
#10414 = ADVANCED_FACE('',(#10415),#4555,.T.);
#10415 = FACE_BOUND('',#10416,.T.);
#10416 = EDGE_LOOP('',(#10417,#10418,#10439,#10440));
#10417 = ORIENTED_EDGE('',*,*,#5497,.T.);
#10418 = ORIENTED_EDGE('',*,*,#10419,.T.);
#10419 = EDGE_CURVE('',#5475,#4511,#10420,.T.);
#10420 = SURFACE_CURVE('',#10421,(#10425,#10432),.PCURVE_S1.);
#10421 = LINE('',#10422,#10423);
#10422 = CARTESIAN_POINT('',(16.,4.,12.));
#10423 = VECTOR('',#10424,1.);
#10424 = DIRECTION('',(0.,0.,1.));
#10425 = PCURVE('',#4555,#10426);
#10426 = DEFINITIONAL_REPRESENTATION('',(#10427),#10431);
#10427 = LINE('',#10428,#10429);
#10428 = CARTESIAN_POINT('',(1.570796326795,0.));
#10429 = VECTOR('',#10430,1.);
#10430 = DIRECTION('',(0.,1.));
#10431 = ( GEOMETRIC_REPRESENTATION_CONTEXT(2) 
PARAMETRIC_REPRESENTATION_CONTEXT() REPRESENTATION_CONTEXT('2D SPACE',''
  ) );
#10432 = PCURVE('',#4526,#10433);
#10433 = DEFINITIONAL_REPRESENTATION('',(#10434),#10438);
#10434 = LINE('',#10435,#10436);
#10435 = CARTESIAN_POINT('',(0.,6.));
#10436 = VECTOR('',#10437,1.);
#10437 = DIRECTION('',(1.,0.));
#10438 = ( GEOMETRIC_REPRESENTATION_CONTEXT(2) 
PARAMETRIC_REPRESENTATION_CONTEXT() REPRESENTATION_CONTEXT('2D SPACE',''
  ) );
#10439 = ORIENTED_EDGE('',*,*,#4538,.F.);
#10440 = ORIENTED_EDGE('',*,*,#8170,.F.);
#10441 = ADVANCED_FACE('',(#10442),#4526,.F.);
#10442 = FACE_BOUND('',#10443,.F.);
#10443 = EDGE_LOOP('',(#10444,#10445,#10446,#10447));
#10444 = ORIENTED_EDGE('',*,*,#5474,.F.);
#10445 = ORIENTED_EDGE('',*,*,#10419,.T.);
#10446 = ORIENTED_EDGE('',*,*,#4510,.T.);
#10447 = ORIENTED_EDGE('',*,*,#10448,.F.);
#10448 = EDGE_CURVE('',#5447,#4478,#10449,.T.);
#10449 = SURFACE_CURVE('',#10450,(#10454,#10461),.PCURVE_S1.);
#10450 = LINE('',#10451,#10452);
#10451 = CARTESIAN_POINT('',(16.5,4.,12.));
#10452 = VECTOR('',#10453,1.);
#10453 = DIRECTION('',(0.,0.,1.));
#10454 = PCURVE('',#4526,#10455);
#10455 = DEFINITIONAL_REPRESENTATION('',(#10456),#10460);
#10456 = LINE('',#10457,#10458);
#10457 = CARTESIAN_POINT('',(0.,6.5));
#10458 = VECTOR('',#10459,1.);
#10459 = DIRECTION('',(1.,0.));
#10460 = ( GEOMETRIC_REPRESENTATION_CONTEXT(2) 
PARAMETRIC_REPRESENTATION_CONTEXT() REPRESENTATION_CONTEXT('2D SPACE',''
  ) );
#10461 = PCURVE('',#4498,#10462);
#10462 = DEFINITIONAL_REPRESENTATION('',(#10463),#10467);
#10463 = LINE('',#10464,#10465);
#10464 = CARTESIAN_POINT('',(-1.570796326795,0.));
#10465 = VECTOR('',#10466,1.);
#10466 = DIRECTION('',(-0.,1.));
#10467 = ( GEOMETRIC_REPRESENTATION_CONTEXT(2) 
PARAMETRIC_REPRESENTATION_CONTEXT() REPRESENTATION_CONTEXT('2D SPACE',''
  ) );
#10468 = ADVANCED_FACE('',(#10469),#4498,.T.);
#10469 = FACE_BOUND('',#10470,.F.);
#10470 = EDGE_LOOP('',(#10471,#10472,#10473,#10474));
#10471 = ORIENTED_EDGE('',*,*,#5446,.T.);
#10472 = ORIENTED_EDGE('',*,*,#10448,.T.);
#10473 = ORIENTED_EDGE('',*,*,#4477,.F.);
#10474 = ORIENTED_EDGE('',*,*,#8788,.F.);
#10475 = ADVANCED_FACE('',(#10476),#3889,.F.);
#10476 = FACE_BOUND('',#10477,.F.);
#10477 = EDGE_LOOP('',(#10478,#10479,#10480,#10481));
#10478 = ORIENTED_EDGE('',*,*,#3872,.T.);
#10479 = ORIENTED_EDGE('',*,*,#8404,.T.);
#10480 = ORIENTED_EDGE('',*,*,#6915,.F.);
#10481 = ORIENTED_EDGE('',*,*,#8983,.F.);
#10482 = ADVANCED_FACE('',(#10483),#4421,.F.);
#10483 = FACE_BOUND('',#10484,.F.);
#10484 = EDGE_LOOP('',(#10485,#10486,#10507,#10508));
#10485 = ORIENTED_EDGE('',*,*,#4404,.T.);
#10486 = ORIENTED_EDGE('',*,*,#10487,.T.);
#10487 = EDGE_CURVE('',#4379,#7367,#10488,.T.);
#10488 = SURFACE_CURVE('',#10489,(#10493,#10500),.PCURVE_S1.);
#10489 = LINE('',#10490,#10491);
#10490 = CARTESIAN_POINT('',(18.5,2.5,14.));
#10491 = VECTOR('',#10492,1.);
#10492 = DIRECTION('',(0.,0.,1.));
#10493 = PCURVE('',#4421,#10494);
#10494 = DEFINITIONAL_REPRESENTATION('',(#10495),#10499);
#10495 = LINE('',#10496,#10497);
#10496 = CARTESIAN_POINT('',(1.570796326795,0.));
#10497 = VECTOR('',#10498,1.);
#10498 = DIRECTION('',(0.,1.));
#10499 = ( GEOMETRIC_REPRESENTATION_CONTEXT(2) 
PARAMETRIC_REPRESENTATION_CONTEXT() REPRESENTATION_CONTEXT('2D SPACE',''
  ) );
#10500 = PCURVE('',#4393,#10501);
#10501 = DEFINITIONAL_REPRESENTATION('',(#10502),#10506);
#10502 = LINE('',#10503,#10504);
#10503 = CARTESIAN_POINT('',(11.5,16.));
#10504 = VECTOR('',#10505,1.);
#10505 = DIRECTION('',(1.,0.));
#10506 = ( GEOMETRIC_REPRESENTATION_CONTEXT(2) 
PARAMETRIC_REPRESENTATION_CONTEXT() REPRESENTATION_CONTEXT('2D SPACE',''
  ) );
#10507 = ORIENTED_EDGE('',*,*,#7387,.F.);
#10508 = ORIENTED_EDGE('',*,*,#8765,.F.);
#10509 = ADVANCED_FACE('',(#10510),#3966,.T.);
#10510 = FACE_BOUND('',#10511,.F.);
#10511 = EDGE_LOOP('',(#10512,#10513,#10534,#10535));
#10512 = ORIENTED_EDGE('',*,*,#4982,.T.);
#10513 = ORIENTED_EDGE('',*,*,#10514,.T.);
#10514 = EDGE_CURVE('',#4983,#3946,#10515,.T.);
#10515 = SURFACE_CURVE('',#10516,(#10520,#10527),.PCURVE_S1.);
#10516 = LINE('',#10517,#10518);
#10517 = CARTESIAN_POINT('',(46.5,4.,12.));
#10518 = VECTOR('',#10519,1.);
#10519 = DIRECTION('',(0.,0.,1.));
#10520 = PCURVE('',#3966,#10521);
#10521 = DEFINITIONAL_REPRESENTATION('',(#10522),#10526);
#10522 = LINE('',#10523,#10524);
#10523 = CARTESIAN_POINT('',(-1.570796326795,0.));
#10524 = VECTOR('',#10525,1.);
#10525 = DIRECTION('',(-0.,1.));
#10526 = ( GEOMETRIC_REPRESENTATION_CONTEXT(2) 
PARAMETRIC_REPRESENTATION_CONTEXT() REPRESENTATION_CONTEXT('2D SPACE',''
  ) );
#10527 = PCURVE('',#3994,#10528);
#10528 = DEFINITIONAL_REPRESENTATION('',(#10529),#10533);
#10529 = LINE('',#10530,#10531);
#10530 = CARTESIAN_POINT('',(0.,36.5));
#10531 = VECTOR('',#10532,1.);
#10532 = DIRECTION('',(1.,0.));
#10533 = ( GEOMETRIC_REPRESENTATION_CONTEXT(2) 
PARAMETRIC_REPRESENTATION_CONTEXT() REPRESENTATION_CONTEXT('2D SPACE',''
  ) );
#10534 = ORIENTED_EDGE('',*,*,#3945,.F.);
#10535 = ORIENTED_EDGE('',*,*,#9006,.F.);
#10536 = ADVANCED_FACE('',(#10537),#4393,.T.);
#10537 = FACE_BOUND('',#10538,.T.);
#10538 = EDGE_LOOP('',(#10539,#10540,#10541,#10542));
#10539 = ORIENTED_EDGE('',*,*,#4378,.F.);
#10540 = ORIENTED_EDGE('',*,*,#10487,.T.);
#10541 = ORIENTED_EDGE('',*,*,#7366,.T.);
#10542 = ORIENTED_EDGE('',*,*,#10543,.F.);
#10543 = EDGE_CURVE('',#4346,#7339,#10544,.T.);
#10544 = SURFACE_CURVE('',#10545,(#10549,#10556),.PCURVE_S1.);
#10545 = LINE('',#10546,#10547);
#10546 = CARTESIAN_POINT('',(29.,2.5,14.));
#10547 = VECTOR('',#10548,1.);
#10548 = DIRECTION('',(0.,0.,1.));
#10549 = PCURVE('',#4393,#10550);
#10550 = DEFINITIONAL_REPRESENTATION('',(#10551),#10555);
#10551 = LINE('',#10552,#10553);
#10552 = CARTESIAN_POINT('',(11.5,26.5));
#10553 = VECTOR('',#10554,1.);
#10554 = DIRECTION('',(1.,0.));
#10555 = ( GEOMETRIC_REPRESENTATION_CONTEXT(2) 
PARAMETRIC_REPRESENTATION_CONTEXT() REPRESENTATION_CONTEXT('2D SPACE',''
  ) );
#10556 = PCURVE('',#4366,#10557);
#10557 = DEFINITIONAL_REPRESENTATION('',(#10558),#10562);
#10558 = LINE('',#10559,#10560);
#10559 = CARTESIAN_POINT('',(-1.570796326795,0.));
#10560 = VECTOR('',#10561,1.);
#10561 = DIRECTION('',(-0.,1.));
#10562 = ( GEOMETRIC_REPRESENTATION_CONTEXT(2) 
PARAMETRIC_REPRESENTATION_CONTEXT() REPRESENTATION_CONTEXT('2D SPACE',''
  ) );
#10563 = ADVANCED_FACE('',(#10564),#3994,.F.);
#10564 = FACE_BOUND('',#10565,.F.);
#10565 = EDGE_LOOP('',(#10566,#10567,#10588,#10589));
#10566 = ORIENTED_EDGE('',*,*,#5010,.F.);
#10567 = ORIENTED_EDGE('',*,*,#10568,.T.);
#10568 = EDGE_CURVE('',#5011,#3979,#10569,.T.);
#10569 = SURFACE_CURVE('',#10570,(#10574,#10581),.PCURVE_S1.);
#10570 = LINE('',#10571,#10572);
#10571 = CARTESIAN_POINT('',(46.,4.,12.));
#10572 = VECTOR('',#10573,1.);
#10573 = DIRECTION('',(0.,0.,1.));
#10574 = PCURVE('',#3994,#10575);
#10575 = DEFINITIONAL_REPRESENTATION('',(#10576),#10580);
#10576 = LINE('',#10577,#10578);
#10577 = CARTESIAN_POINT('',(0.,36.));
#10578 = VECTOR('',#10579,1.);
#10579 = DIRECTION('',(1.,0.));
#10580 = ( GEOMETRIC_REPRESENTATION_CONTEXT(2) 
PARAMETRIC_REPRESENTATION_CONTEXT() REPRESENTATION_CONTEXT('2D SPACE',''
  ) );
#10581 = PCURVE('',#4023,#10582);
#10582 = DEFINITIONAL_REPRESENTATION('',(#10583),#10587);
#10583 = LINE('',#10584,#10585);
#10584 = CARTESIAN_POINT('',(1.570796326795,0.));
#10585 = VECTOR('',#10586,1.);
#10586 = DIRECTION('',(0.,1.));
#10587 = ( GEOMETRIC_REPRESENTATION_CONTEXT(2) 
PARAMETRIC_REPRESENTATION_CONTEXT() REPRESENTATION_CONTEXT('2D SPACE',''
  ) );
#10588 = ORIENTED_EDGE('',*,*,#3978,.T.);
#10589 = ORIENTED_EDGE('',*,*,#10514,.F.);
#10590 = ADVANCED_FACE('',(#10591),#4366,.F.);
#10591 = FACE_BOUND('',#10592,.T.);
#10592 = EDGE_LOOP('',(#10593,#10594,#10595,#10596));
#10593 = ORIENTED_EDGE('',*,*,#4345,.T.);
#10594 = ORIENTED_EDGE('',*,*,#10543,.T.);
#10595 = ORIENTED_EDGE('',*,*,#7338,.F.);
#10596 = ORIENTED_EDGE('',*,*,#9363,.F.);
#10597 = ADVANCED_FACE('',(#10598),#4023,.T.);
#10598 = FACE_BOUND('',#10599,.T.);
#10599 = EDGE_LOOP('',(#10600,#10601,#10602,#10603));
#10600 = ORIENTED_EDGE('',*,*,#5033,.T.);
#10601 = ORIENTED_EDGE('',*,*,#10568,.T.);
#10602 = ORIENTED_EDGE('',*,*,#4006,.F.);
#10603 = ORIENTED_EDGE('',*,*,#9614,.F.);
#10604 = ADVANCED_FACE('',(#10605),#4289,.T.);
#10605 = FACE_BOUND('',#10606,.T.);
#10606 = EDGE_LOOP('',(#10607,#10608,#10629,#10630));
#10607 = ORIENTED_EDGE('',*,*,#5265,.T.);
#10608 = ORIENTED_EDGE('',*,*,#10609,.T.);
#10609 = EDGE_CURVE('',#5243,#4245,#10610,.T.);
#10610 = SURFACE_CURVE('',#10611,(#10615,#10622),.PCURVE_S1.);
#10611 = LINE('',#10612,#10613);
#10612 = CARTESIAN_POINT('',(31.,4.,12.));
#10613 = VECTOR('',#10614,1.);
#10614 = DIRECTION('',(0.,0.,1.));
#10615 = PCURVE('',#4289,#10616);
#10616 = DEFINITIONAL_REPRESENTATION('',(#10617),#10621);
#10617 = LINE('',#10618,#10619);
#10618 = CARTESIAN_POINT('',(1.570796326795,0.));
#10619 = VECTOR('',#10620,1.);
#10620 = DIRECTION('',(0.,1.));
#10621 = ( GEOMETRIC_REPRESENTATION_CONTEXT(2) 
PARAMETRIC_REPRESENTATION_CONTEXT() REPRESENTATION_CONTEXT('2D SPACE',''
  ) );
#10622 = PCURVE('',#4260,#10623);
#10623 = DEFINITIONAL_REPRESENTATION('',(#10624),#10628);
#10624 = LINE('',#10625,#10626);
#10625 = CARTESIAN_POINT('',(0.,21.));
#10626 = VECTOR('',#10627,1.);
#10627 = DIRECTION('',(1.,0.));
#10628 = ( GEOMETRIC_REPRESENTATION_CONTEXT(2) 
PARAMETRIC_REPRESENTATION_CONTEXT() REPRESENTATION_CONTEXT('2D SPACE',''
  ) );
#10629 = ORIENTED_EDGE('',*,*,#4272,.F.);
#10630 = ORIENTED_EDGE('',*,*,#9386,.F.);
#10631 = ADVANCED_FACE('',(#10632),#4100,.F.);
#10632 = FACE_BOUND('',#10633,.T.);
#10633 = EDGE_LOOP('',(#10634,#10635,#10656,#10657));
#10634 = ORIENTED_EDGE('',*,*,#4079,.T.);
#10635 = ORIENTED_EDGE('',*,*,#10636,.T.);
#10636 = EDGE_CURVE('',#4080,#7103,#10637,.T.);
#10637 = SURFACE_CURVE('',#10638,(#10642,#10649),.PCURVE_S1.);
#10638 = LINE('',#10639,#10640);
#10639 = CARTESIAN_POINT('',(44.,2.5,14.));
#10640 = VECTOR('',#10641,1.);
#10641 = DIRECTION('',(0.,0.,1.));
#10642 = PCURVE('',#4100,#10643);
#10643 = DEFINITIONAL_REPRESENTATION('',(#10644),#10648);
#10644 = LINE('',#10645,#10646);
#10645 = CARTESIAN_POINT('',(-1.570796326795,0.));
#10646 = VECTOR('',#10647,1.);
#10647 = DIRECTION('',(-0.,1.));
#10648 = ( GEOMETRIC_REPRESENTATION_CONTEXT(2) 
PARAMETRIC_REPRESENTATION_CONTEXT() REPRESENTATION_CONTEXT('2D SPACE',''
  ) );
#10649 = PCURVE('',#4127,#10650);
#10650 = DEFINITIONAL_REPRESENTATION('',(#10651),#10655);
#10651 = LINE('',#10652,#10653);
#10652 = CARTESIAN_POINT('',(11.5,41.5));
#10653 = VECTOR('',#10654,1.);
#10654 = DIRECTION('',(1.,0.));
#10655 = ( GEOMETRIC_REPRESENTATION_CONTEXT(2) 
PARAMETRIC_REPRESENTATION_CONTEXT() REPRESENTATION_CONTEXT('2D SPACE',''
  ) );
#10656 = ORIENTED_EDGE('',*,*,#7102,.F.);
#10657 = ORIENTED_EDGE('',*,*,#9591,.F.);
#10658 = ADVANCED_FACE('',(#10659),#4260,.F.);
#10659 = FACE_BOUND('',#10660,.F.);
#10660 = EDGE_LOOP('',(#10661,#10662,#10663,#10664));
#10661 = ORIENTED_EDGE('',*,*,#5242,.F.);
#10662 = ORIENTED_EDGE('',*,*,#10609,.T.);
#10663 = ORIENTED_EDGE('',*,*,#4244,.T.);
#10664 = ORIENTED_EDGE('',*,*,#10665,.F.);
#10665 = EDGE_CURVE('',#5215,#4212,#10666,.T.);
#10666 = SURFACE_CURVE('',#10667,(#10671,#10678),.PCURVE_S1.);
#10667 = LINE('',#10668,#10669);
#10668 = CARTESIAN_POINT('',(31.5,4.,12.));
#10669 = VECTOR('',#10670,1.);
#10670 = DIRECTION('',(0.,0.,1.));
#10671 = PCURVE('',#4260,#10672);
#10672 = DEFINITIONAL_REPRESENTATION('',(#10673),#10677);
#10673 = LINE('',#10674,#10675);
#10674 = CARTESIAN_POINT('',(0.,21.5));
#10675 = VECTOR('',#10676,1.);
#10676 = DIRECTION('',(1.,0.));
#10677 = ( GEOMETRIC_REPRESENTATION_CONTEXT(2) 
PARAMETRIC_REPRESENTATION_CONTEXT() REPRESENTATION_CONTEXT('2D SPACE',''
  ) );
#10678 = PCURVE('',#4232,#10679);
#10679 = DEFINITIONAL_REPRESENTATION('',(#10680),#10684);
#10680 = LINE('',#10681,#10682);
#10681 = CARTESIAN_POINT('',(-1.570796326795,0.));
#10682 = VECTOR('',#10683,1.);
#10683 = DIRECTION('',(-0.,1.));
#10684 = ( GEOMETRIC_REPRESENTATION_CONTEXT(2) 
PARAMETRIC_REPRESENTATION_CONTEXT() REPRESENTATION_CONTEXT('2D SPACE',''
  ) );
#10685 = ADVANCED_FACE('',(#10686),#4127,.T.);
#10686 = FACE_BOUND('',#10687,.T.);
#10687 = EDGE_LOOP('',(#10688,#10689,#10710,#10711));
#10688 = ORIENTED_EDGE('',*,*,#4112,.F.);
#10689 = ORIENTED_EDGE('',*,*,#10690,.T.);
#10690 = EDGE_CURVE('',#4113,#7131,#10691,.T.);
#10691 = SURFACE_CURVE('',#10692,(#10696,#10703),.PCURVE_S1.);
#10692 = LINE('',#10693,#10694);
#10693 = CARTESIAN_POINT('',(33.5,2.5,14.));
#10694 = VECTOR('',#10695,1.);
#10695 = DIRECTION('',(0.,0.,1.));
#10696 = PCURVE('',#4127,#10697);
#10697 = DEFINITIONAL_REPRESENTATION('',(#10698),#10702);
#10698 = LINE('',#10699,#10700);
#10699 = CARTESIAN_POINT('',(11.5,31.));
#10700 = VECTOR('',#10701,1.);
#10701 = DIRECTION('',(1.,0.));
#10702 = ( GEOMETRIC_REPRESENTATION_CONTEXT(2) 
PARAMETRIC_REPRESENTATION_CONTEXT() REPRESENTATION_CONTEXT('2D SPACE',''
  ) );
#10703 = PCURVE('',#4155,#10704);
#10704 = DEFINITIONAL_REPRESENTATION('',(#10705),#10709);
#10705 = LINE('',#10706,#10707);
#10706 = CARTESIAN_POINT('',(1.570796326795,0.));
#10707 = VECTOR('',#10708,1.);
#10708 = DIRECTION('',(0.,1.));
#10709 = ( GEOMETRIC_REPRESENTATION_CONTEXT(2) 
PARAMETRIC_REPRESENTATION_CONTEXT() REPRESENTATION_CONTEXT('2D SPACE',''
  ) );
#10710 = ORIENTED_EDGE('',*,*,#7130,.T.);
#10711 = ORIENTED_EDGE('',*,*,#10636,.F.);
#10712 = ADVANCED_FACE('',(#10713),#4232,.T.);
#10713 = FACE_BOUND('',#10714,.F.);
#10714 = EDGE_LOOP('',(#10715,#10716,#10717,#10718));
#10715 = ORIENTED_EDGE('',*,*,#5214,.T.);
#10716 = ORIENTED_EDGE('',*,*,#10665,.T.);
#10717 = ORIENTED_EDGE('',*,*,#4211,.F.);
#10718 = ORIENTED_EDGE('',*,*,#9994,.F.);
#10719 = ADVANCED_FACE('',(#10720),#4155,.F.);
#10720 = FACE_BOUND('',#10721,.F.);
#10721 = EDGE_LOOP('',(#10722,#10723,#10724,#10725));
#10722 = ORIENTED_EDGE('',*,*,#4138,.T.);
#10723 = ORIENTED_EDGE('',*,*,#10690,.T.);
#10724 = ORIENTED_EDGE('',*,*,#7151,.F.);
#10725 = ORIENTED_EDGE('',*,*,#9971,.F.);
#10726 = ADVANCED_FACE('',(#10727),#5703,.T.);
#10727 = FACE_BOUND('',#10728,.T.);
#10728 = EDGE_LOOP('',(#10729,#10730,#10731,#10732));
#10729 = ORIENTED_EDGE('',*,*,#5685,.F.);
#10730 = ORIENTED_EDGE('',*,*,#7668,.T.);
#10731 = ORIENTED_EDGE('',*,*,#6769,.T.);
#10732 = ORIENTED_EDGE('',*,*,#10733,.F.);
#10733 = EDGE_CURVE('',#5688,#6772,#10734,.T.);
#10734 = SURFACE_CURVE('',#10735,(#10739,#10746),.PCURVE_S1.);
#10735 = LINE('',#10736,#10737);
#10736 = CARTESIAN_POINT('',(10.,1.5,20.));
#10737 = VECTOR('',#10738,1.);
#10738 = DIRECTION('',(-0.,0.,-1.));
#10739 = PCURVE('',#5703,#10740);
#10740 = DEFINITIONAL_REPRESENTATION('',(#10741),#10745);
#10741 = LINE('',#10742,#10743);
#10742 = CARTESIAN_POINT('',(2.,-2.5));
#10743 = VECTOR('',#10744,1.);
#10744 = DIRECTION('',(-1.,-0.));
#10745 = ( GEOMETRIC_REPRESENTATION_CONTEXT(2) 
PARAMETRIC_REPRESENTATION_CONTEXT() REPRESENTATION_CONTEXT('2D SPACE',''
  ) );
#10746 = PCURVE('',#6700,#10747);
#10747 = DEFINITIONAL_REPRESENTATION('',(#10748),#10752);
#10748 = LINE('',#10749,#10750);
#10749 = CARTESIAN_POINT('',(-0.,0.));
#10750 = VECTOR('',#10751,1.);
#10751 = DIRECTION('',(-0.,1.));
#10752 = ( GEOMETRIC_REPRESENTATION_CONTEXT(2) 
PARAMETRIC_REPRESENTATION_CONTEXT() REPRESENTATION_CONTEXT('2D SPACE',''
  ) );
#10753 = ADVANCED_FACE('',(#10754),#6700,.T.);
#10754 = FACE_BOUND('',#10755,.F.);
#10755 = EDGE_LOOP('',(#10756,#10757,#10758,#10759));
#10756 = ORIENTED_EDGE('',*,*,#6685,.T.);
#10757 = ORIENTED_EDGE('',*,*,#7857,.T.);
#10758 = ORIENTED_EDGE('',*,*,#7642,.F.);
#10759 = ORIENTED_EDGE('',*,*,#10733,.F.);
#10760 = ADVANCED_FACE('',(#10761),#6629,.F.);
#10761 = FACE_BOUND('',#10762,.F.);
#10762 = EDGE_LOOP('',(#10763,#10764,#10765,#10787));
#10763 = ORIENTED_EDGE('',*,*,#6612,.T.);
#10764 = ORIENTED_EDGE('',*,*,#8101,.T.);
#10765 = ORIENTED_EDGE('',*,*,#10766,.F.);
#10766 = EDGE_CURVE('',#7807,#8079,#10767,.T.);
#10767 = SURFACE_CURVE('',#10768,(#10773,#10780),.PCURVE_S1.);
#10768 = CIRCLE('',#10769,1.);
#10769 = AXIS2_PLACEMENT_3D('',#10770,#10771,#10772);
#10770 = CARTESIAN_POINT('',(14.,3.5,22.5));
#10771 = DIRECTION('',(0.,0.,1.));
#10772 = DIRECTION('',(0.,-1.,0.));
#10773 = PCURVE('',#6629,#10774);
#10774 = DEFINITIONAL_REPRESENTATION('',(#10775),#10779);
#10775 = LINE('',#10776,#10777);
#10776 = CARTESIAN_POINT('',(0.,2.5));
#10777 = VECTOR('',#10778,1.);
#10778 = DIRECTION('',(1.,0.));
#10779 = ( GEOMETRIC_REPRESENTATION_CONTEXT(2) 
PARAMETRIC_REPRESENTATION_CONTEXT() REPRESENTATION_CONTEXT('2D SPACE',''
  ) );
#10780 = PCURVE('',#7822,#10781);
#10781 = DEFINITIONAL_REPRESENTATION('',(#10782),#10786);
#10782 = CIRCLE('',#10783,1.);
#10783 = AXIS2_PLACEMENT_2D('',#10784,#10785);
#10784 = CARTESIAN_POINT('',(11.5,1.));
#10785 = DIRECTION('',(0.,-1.));
#10786 = ( GEOMETRIC_REPRESENTATION_CONTEXT(2) 
PARAMETRIC_REPRESENTATION_CONTEXT() REPRESENTATION_CONTEXT('2D SPACE',''
  ) );
#10787 = ORIENTED_EDGE('',*,*,#7834,.F.);
#10788 = ADVANCED_FACE('',(#10789),#5784,.F.);
#10789 = FACE_BOUND('',#10790,.F.);
#10790 = EDGE_LOOP('',(#10791,#10792,#10793,#10794));
#10791 = ORIENTED_EDGE('',*,*,#5768,.F.);
#10792 = ORIENTED_EDGE('',*,*,#6716,.T.);
#10793 = ORIENTED_EDGE('',*,*,#6820,.T.);
#10794 = ORIENTED_EDGE('',*,*,#10795,.F.);
#10795 = EDGE_CURVE('',#5769,#6821,#10796,.T.);
#10796 = SURFACE_CURVE('',#10797,(#10801,#10808),.PCURVE_S1.);
#10797 = LINE('',#10798,#10799);
#10798 = CARTESIAN_POINT('',(50.,1.5,20.));
#10799 = VECTOR('',#10800,1.);
#10800 = DIRECTION('',(-0.,0.,-1.));
#10801 = PCURVE('',#5784,#10802);
#10802 = DEFINITIONAL_REPRESENTATION('',(#10803),#10807);
#10803 = LINE('',#10804,#10805);
#10804 = CARTESIAN_POINT('',(2.,-2.5));
#10805 = VECTOR('',#10806,1.);
#10806 = DIRECTION('',(-1.,-0.));
#10807 = ( GEOMETRIC_REPRESENTATION_CONTEXT(2) 
PARAMETRIC_REPRESENTATION_CONTEXT() REPRESENTATION_CONTEXT('2D SPACE',''
  ) );
#10808 = PCURVE('',#5817,#10809);
#10809 = DEFINITIONAL_REPRESENTATION('',(#10810),#10814);
#10810 = LINE('',#10811,#10812);
#10811 = CARTESIAN_POINT('',(0.,0.));
#10812 = VECTOR('',#10813,1.);
#10813 = DIRECTION('',(0.,1.));
#10814 = ( GEOMETRIC_REPRESENTATION_CONTEXT(2) 
PARAMETRIC_REPRESENTATION_CONTEXT() REPRESENTATION_CONTEXT('2D SPACE',''
  ) );
#10815 = ADVANCED_FACE('',(#10816),#5817,.T.);
#10816 = FACE_BOUND('',#10817,.T.);
#10817 = EDGE_LOOP('',(#10818,#10819,#10820,#10821));
#10818 = ORIENTED_EDGE('',*,*,#5796,.T.);
#10819 = ORIENTED_EDGE('',*,*,#8427,.T.);
#10820 = ORIENTED_EDGE('',*,*,#6843,.F.);
#10821 = ORIENTED_EDGE('',*,*,#10795,.F.);
#10822 = ADVANCED_FACE('',(#10823),#6556,.T.);
#10823 = FACE_BOUND('',#10824,.T.);
#10824 = EDGE_LOOP('',(#10825,#10826,#10847,#10848));
#10825 = ORIENTED_EDGE('',*,*,#7506,.T.);
#10826 = ORIENTED_EDGE('',*,*,#10827,.T.);
#10827 = EDGE_CURVE('',#7484,#6512,#10828,.T.);
#10828 = SURFACE_CURVE('',#10829,(#10833,#10840),.PCURVE_S1.);
#10829 = LINE('',#10830,#10831);
#10830 = CARTESIAN_POINT('',(16.,4.,18.));
#10831 = VECTOR('',#10832,1.);
#10832 = DIRECTION('',(0.,0.,1.));
#10833 = PCURVE('',#6556,#10834);
#10834 = DEFINITIONAL_REPRESENTATION('',(#10835),#10839);
#10835 = LINE('',#10836,#10837);
#10836 = CARTESIAN_POINT('',(1.570796326795,0.));
#10837 = VECTOR('',#10838,1.);
#10838 = DIRECTION('',(0.,1.));
#10839 = ( GEOMETRIC_REPRESENTATION_CONTEXT(2) 
PARAMETRIC_REPRESENTATION_CONTEXT() REPRESENTATION_CONTEXT('2D SPACE',''
  ) );
#10840 = PCURVE('',#6527,#10841);
#10841 = DEFINITIONAL_REPRESENTATION('',(#10842),#10846);
#10842 = LINE('',#10843,#10844);
#10843 = CARTESIAN_POINT('',(0.,6.));
#10844 = VECTOR('',#10845,1.);
#10845 = DIRECTION('',(1.,0.));
#10846 = ( GEOMETRIC_REPRESENTATION_CONTEXT(2) 
PARAMETRIC_REPRESENTATION_CONTEXT() REPRESENTATION_CONTEXT('2D SPACE',''
  ) );
#10847 = ORIENTED_EDGE('',*,*,#6539,.F.);
#10848 = ORIENTED_EDGE('',*,*,#8124,.F.);
#10849 = ADVANCED_FACE('',(#10850),#6527,.F.);
#10850 = FACE_BOUND('',#10851,.F.);
#10851 = EDGE_LOOP('',(#10852,#10853,#10854,#10855));
#10852 = ORIENTED_EDGE('',*,*,#7483,.F.);
#10853 = ORIENTED_EDGE('',*,*,#10827,.T.);
#10854 = ORIENTED_EDGE('',*,*,#6511,.T.);
#10855 = ORIENTED_EDGE('',*,*,#10856,.F.);
#10856 = EDGE_CURVE('',#7456,#6479,#10857,.T.);
#10857 = SURFACE_CURVE('',#10858,(#10862,#10869),.PCURVE_S1.);
#10858 = LINE('',#10859,#10860);
#10859 = CARTESIAN_POINT('',(16.5,4.,18.));
#10860 = VECTOR('',#10861,1.);
#10861 = DIRECTION('',(0.,0.,1.));
#10862 = PCURVE('',#6527,#10863);
#10863 = DEFINITIONAL_REPRESENTATION('',(#10864),#10868);
#10864 = LINE('',#10865,#10866);
#10865 = CARTESIAN_POINT('',(0.,6.5));
#10866 = VECTOR('',#10867,1.);
#10867 = DIRECTION('',(1.,0.));
#10868 = ( GEOMETRIC_REPRESENTATION_CONTEXT(2) 
PARAMETRIC_REPRESENTATION_CONTEXT() REPRESENTATION_CONTEXT('2D SPACE',''
  ) );
#10869 = PCURVE('',#6499,#10870);
#10870 = DEFINITIONAL_REPRESENTATION('',(#10871),#10875);
#10871 = LINE('',#10872,#10873);
#10872 = CARTESIAN_POINT('',(-1.570796326795,0.));
#10873 = VECTOR('',#10874,1.);
#10874 = DIRECTION('',(-0.,1.));
#10875 = ( GEOMETRIC_REPRESENTATION_CONTEXT(2) 
PARAMETRIC_REPRESENTATION_CONTEXT() REPRESENTATION_CONTEXT('2D SPACE',''
  ) );
#10876 = ADVANCED_FACE('',(#10877),#6499,.T.);
#10877 = FACE_BOUND('',#10878,.F.);
#10878 = EDGE_LOOP('',(#10879,#10880,#10881,#10882));
#10879 = ORIENTED_EDGE('',*,*,#7455,.T.);
#10880 = ORIENTED_EDGE('',*,*,#10856,.T.);
#10881 = ORIENTED_EDGE('',*,*,#6478,.F.);
#10882 = ORIENTED_EDGE('',*,*,#8742,.F.);
#10883 = ADVANCED_FACE('',(#10884),#5890,.F.);
#10884 = FACE_BOUND('',#10885,.F.);
#10885 = EDGE_LOOP('',(#10886,#10887,#10888,#10910));
#10886 = ORIENTED_EDGE('',*,*,#5873,.T.);
#10887 = ORIENTED_EDGE('',*,*,#8450,.T.);
#10888 = ORIENTED_EDGE('',*,*,#10889,.F.);
#10889 = EDGE_CURVE('',#8915,#8451,#10890,.T.);
#10890 = SURFACE_CURVE('',#10891,(#10896,#10903),.PCURVE_S1.);
#10891 = CIRCLE('',#10892,1.);
#10892 = AXIS2_PLACEMENT_3D('',#10893,#10894,#10895);
#10893 = CARTESIAN_POINT('',(48.5,3.5,22.5));
#10894 = DIRECTION('',(0.,0.,1.));
#10895 = DIRECTION('',(0.,-1.,0.));
#10896 = PCURVE('',#5890,#10897);
#10897 = DEFINITIONAL_REPRESENTATION('',(#10898),#10902);
#10898 = LINE('',#10899,#10900);
#10899 = CARTESIAN_POINT('',(-4.712388980385,2.5));
#10900 = VECTOR('',#10901,1.);
#10901 = DIRECTION('',(1.,0.));
#10902 = ( GEOMETRIC_REPRESENTATION_CONTEXT(2) 
PARAMETRIC_REPRESENTATION_CONTEXT() REPRESENTATION_CONTEXT('2D SPACE',''
  ) );
#10903 = PCURVE('',#8489,#10904);
#10904 = DEFINITIONAL_REPRESENTATION('',(#10905),#10909);
#10905 = CIRCLE('',#10906,1.);
#10906 = AXIS2_PLACEMENT_2D('',#10907,#10908);
#10907 = CARTESIAN_POINT('',(46.,1.));
#10908 = DIRECTION('',(0.,-1.));
#10909 = ( GEOMETRIC_REPRESENTATION_CONTEXT(2) 
PARAMETRIC_REPRESENTATION_CONTEXT() REPRESENTATION_CONTEXT('2D SPACE',''
  ) );
#10910 = ORIENTED_EDGE('',*,*,#8937,.F.);
#10911 = ADVANCED_FACE('',(#10912),#6422,.F.);
#10912 = FACE_BOUND('',#10913,.F.);
#10913 = EDGE_LOOP('',(#10914,#10915,#10938,#10960));
#10914 = ORIENTED_EDGE('',*,*,#6405,.T.);
#10915 = ORIENTED_EDGE('',*,*,#10916,.T.);
#10916 = EDGE_CURVE('',#6380,#10917,#10919,.T.);
#10917 = VERTEX_POINT('',#10918);
#10918 = CARTESIAN_POINT('',(18.5,2.5,22.5));
#10919 = SURFACE_CURVE('',#10920,(#10924,#10931),.PCURVE_S1.);
#10920 = LINE('',#10921,#10922);
#10921 = CARTESIAN_POINT('',(18.5,2.5,20.));
#10922 = VECTOR('',#10923,1.);
#10923 = DIRECTION('',(0.,0.,1.));
#10924 = PCURVE('',#6422,#10925);
#10925 = DEFINITIONAL_REPRESENTATION('',(#10926),#10930);
#10926 = LINE('',#10927,#10928);
#10927 = CARTESIAN_POINT('',(1.570796326795,0.));
#10928 = VECTOR('',#10929,1.);
#10929 = DIRECTION('',(0.,1.));
#10930 = ( GEOMETRIC_REPRESENTATION_CONTEXT(2) 
PARAMETRIC_REPRESENTATION_CONTEXT() REPRESENTATION_CONTEXT('2D SPACE',''
  ) );
#10931 = PCURVE('',#6394,#10932);
#10932 = DEFINITIONAL_REPRESENTATION('',(#10933),#10937);
#10933 = LINE('',#10934,#10935);
#10934 = CARTESIAN_POINT('',(17.5,16.));
#10935 = VECTOR('',#10936,1.);
#10936 = DIRECTION('',(1.,0.));
#10937 = ( GEOMETRIC_REPRESENTATION_CONTEXT(2) 
PARAMETRIC_REPRESENTATION_CONTEXT() REPRESENTATION_CONTEXT('2D SPACE',''
  ) );
#10938 = ORIENTED_EDGE('',*,*,#10939,.F.);
#10939 = EDGE_CURVE('',#8692,#10917,#10940,.T.);
#10940 = SURFACE_CURVE('',#10941,(#10946,#10953),.PCURVE_S1.);
#10941 = CIRCLE('',#10942,1.);
#10942 = AXIS2_PLACEMENT_3D('',#10943,#10944,#10945);
#10943 = CARTESIAN_POINT('',(18.5,3.5,22.5));
#10944 = DIRECTION('',(0.,0.,1.));
#10945 = DIRECTION('',(0.,-1.,0.));
#10946 = PCURVE('',#6422,#10947);
#10947 = DEFINITIONAL_REPRESENTATION('',(#10948),#10952);
#10948 = LINE('',#10949,#10950);
#10949 = CARTESIAN_POINT('',(-4.712388980385,2.5));
#10950 = VECTOR('',#10951,1.);
#10951 = DIRECTION('',(1.,0.));
#10952 = ( GEOMETRIC_REPRESENTATION_CONTEXT(2) 
PARAMETRIC_REPRESENTATION_CONTEXT() REPRESENTATION_CONTEXT('2D SPACE',''
  ) );
#10953 = PCURVE('',#8707,#10954);
#10954 = DEFINITIONAL_REPRESENTATION('',(#10955),#10959);
#10955 = CIRCLE('',#10956,1.);
#10956 = AXIS2_PLACEMENT_2D('',#10957,#10958);
#10957 = CARTESIAN_POINT('',(16.,1.));
#10958 = DIRECTION('',(0.,-1.));
#10959 = ( GEOMETRIC_REPRESENTATION_CONTEXT(2) 
PARAMETRIC_REPRESENTATION_CONTEXT() REPRESENTATION_CONTEXT('2D SPACE',''
  ) );
#10960 = ORIENTED_EDGE('',*,*,#8719,.F.);
#10961 = ADVANCED_FACE('',(#10962),#5967,.T.);
#10962 = FACE_BOUND('',#10963,.F.);
#10963 = EDGE_LOOP('',(#10964,#10965,#10986,#10987));
#10964 = ORIENTED_EDGE('',*,*,#6983,.T.);
#10965 = ORIENTED_EDGE('',*,*,#10966,.T.);
#10966 = EDGE_CURVE('',#6984,#5947,#10967,.T.);
#10967 = SURFACE_CURVE('',#10968,(#10972,#10979),.PCURVE_S1.);
#10968 = LINE('',#10969,#10970);
#10969 = CARTESIAN_POINT('',(46.5,4.,18.));
#10970 = VECTOR('',#10971,1.);
#10971 = DIRECTION('',(0.,0.,1.));
#10972 = PCURVE('',#5967,#10973);
#10973 = DEFINITIONAL_REPRESENTATION('',(#10974),#10978);
#10974 = LINE('',#10975,#10976);
#10975 = CARTESIAN_POINT('',(-1.570796326795,0.));
#10976 = VECTOR('',#10977,1.);
#10977 = DIRECTION('',(-0.,1.));
#10978 = ( GEOMETRIC_REPRESENTATION_CONTEXT(2) 
PARAMETRIC_REPRESENTATION_CONTEXT() REPRESENTATION_CONTEXT('2D SPACE',''
  ) );
#10979 = PCURVE('',#5995,#10980);
#10980 = DEFINITIONAL_REPRESENTATION('',(#10981),#10985);
#10981 = LINE('',#10982,#10983);
#10982 = CARTESIAN_POINT('',(0.,36.5));
#10983 = VECTOR('',#10984,1.);
#10984 = DIRECTION('',(1.,0.));
#10985 = ( GEOMETRIC_REPRESENTATION_CONTEXT(2) 
PARAMETRIC_REPRESENTATION_CONTEXT() REPRESENTATION_CONTEXT('2D SPACE',''
  ) );
#10986 = ORIENTED_EDGE('',*,*,#5946,.F.);
#10987 = ORIENTED_EDGE('',*,*,#8960,.F.);
#10988 = ADVANCED_FACE('',(#10989),#6394,.T.);
#10989 = FACE_BOUND('',#10990,.T.);
#10990 = EDGE_LOOP('',(#10991,#10992,#10993,#11016));
#10991 = ORIENTED_EDGE('',*,*,#6379,.F.);
#10992 = ORIENTED_EDGE('',*,*,#10916,.T.);
#10993 = ORIENTED_EDGE('',*,*,#10994,.T.);
#10994 = EDGE_CURVE('',#10917,#10995,#10997,.T.);
#10995 = VERTEX_POINT('',#10996);
#10996 = CARTESIAN_POINT('',(29.,2.5,22.5));
#10997 = SURFACE_CURVE('',#10998,(#11002,#11009),.PCURVE_S1.);
#10998 = LINE('',#10999,#11000);
#10999 = CARTESIAN_POINT('',(2.5,2.5,22.5));
#11000 = VECTOR('',#11001,1.);
#11001 = DIRECTION('',(1.,0.,-0.));
#11002 = PCURVE('',#6394,#11003);
#11003 = DEFINITIONAL_REPRESENTATION('',(#11004),#11008);
#11004 = LINE('',#11005,#11006);
#11005 = CARTESIAN_POINT('',(20.,0.));
#11006 = VECTOR('',#11007,1.);
#11007 = DIRECTION('',(0.,1.));
#11008 = ( GEOMETRIC_REPRESENTATION_CONTEXT(2) 
PARAMETRIC_REPRESENTATION_CONTEXT() REPRESENTATION_CONTEXT('2D SPACE',''
  ) );
#11009 = PCURVE('',#8707,#11010);
#11010 = DEFINITIONAL_REPRESENTATION('',(#11011),#11015);
#11011 = LINE('',#11012,#11013);
#11012 = CARTESIAN_POINT('',(0.,0.));
#11013 = VECTOR('',#11014,1.);
#11014 = DIRECTION('',(1.,0.));
#11015 = ( GEOMETRIC_REPRESENTATION_CONTEXT(2) 
PARAMETRIC_REPRESENTATION_CONTEXT() REPRESENTATION_CONTEXT('2D SPACE',''
  ) );
#11016 = ORIENTED_EDGE('',*,*,#11017,.F.);
#11017 = EDGE_CURVE('',#6347,#10995,#11018,.T.);
#11018 = SURFACE_CURVE('',#11019,(#11023,#11030),.PCURVE_S1.);
#11019 = LINE('',#11020,#11021);
#11020 = CARTESIAN_POINT('',(29.,2.5,20.));
#11021 = VECTOR('',#11022,1.);
#11022 = DIRECTION('',(0.,0.,1.));
#11023 = PCURVE('',#6394,#11024);
#11024 = DEFINITIONAL_REPRESENTATION('',(#11025),#11029);
#11025 = LINE('',#11026,#11027);
#11026 = CARTESIAN_POINT('',(17.5,26.5));
#11027 = VECTOR('',#11028,1.);
#11028 = DIRECTION('',(1.,0.));
#11029 = ( GEOMETRIC_REPRESENTATION_CONTEXT(2) 
PARAMETRIC_REPRESENTATION_CONTEXT() REPRESENTATION_CONTEXT('2D SPACE',''
  ) );
#11030 = PCURVE('',#6367,#11031);
#11031 = DEFINITIONAL_REPRESENTATION('',(#11032),#11036);
#11032 = LINE('',#11033,#11034);
#11033 = CARTESIAN_POINT('',(-1.570796326795,0.));
#11034 = VECTOR('',#11035,1.);
#11035 = DIRECTION('',(-0.,1.));
#11036 = ( GEOMETRIC_REPRESENTATION_CONTEXT(2) 
PARAMETRIC_REPRESENTATION_CONTEXT() REPRESENTATION_CONTEXT('2D SPACE',''
  ) );
#11037 = ADVANCED_FACE('',(#11038),#5995,.F.);
#11038 = FACE_BOUND('',#11039,.F.);
#11039 = EDGE_LOOP('',(#11040,#11041,#11062,#11063));
#11040 = ORIENTED_EDGE('',*,*,#7011,.F.);
#11041 = ORIENTED_EDGE('',*,*,#11042,.T.);
#11042 = EDGE_CURVE('',#7012,#5980,#11043,.T.);
#11043 = SURFACE_CURVE('',#11044,(#11048,#11055),.PCURVE_S1.);
#11044 = LINE('',#11045,#11046);
#11045 = CARTESIAN_POINT('',(46.,4.,18.));
#11046 = VECTOR('',#11047,1.);
#11047 = DIRECTION('',(0.,0.,1.));
#11048 = PCURVE('',#5995,#11049);
#11049 = DEFINITIONAL_REPRESENTATION('',(#11050),#11054);
#11050 = LINE('',#11051,#11052);
#11051 = CARTESIAN_POINT('',(0.,36.));
#11052 = VECTOR('',#11053,1.);
#11053 = DIRECTION('',(1.,0.));
#11054 = ( GEOMETRIC_REPRESENTATION_CONTEXT(2) 
PARAMETRIC_REPRESENTATION_CONTEXT() REPRESENTATION_CONTEXT('2D SPACE',''
  ) );
#11055 = PCURVE('',#6024,#11056);
#11056 = DEFINITIONAL_REPRESENTATION('',(#11057),#11061);
#11057 = LINE('',#11058,#11059);
#11058 = CARTESIAN_POINT('',(1.570796326795,0.));
#11059 = VECTOR('',#11060,1.);
#11060 = DIRECTION('',(0.,1.));
#11061 = ( GEOMETRIC_REPRESENTATION_CONTEXT(2) 
PARAMETRIC_REPRESENTATION_CONTEXT() REPRESENTATION_CONTEXT('2D SPACE',''
  ) );
#11062 = ORIENTED_EDGE('',*,*,#5979,.T.);
#11063 = ORIENTED_EDGE('',*,*,#10966,.F.);
#11064 = ADVANCED_FACE('',(#11065),#6367,.F.);
#11065 = FACE_BOUND('',#11066,.T.);
#11066 = EDGE_LOOP('',(#11067,#11068,#11069,#11095));
#11067 = ORIENTED_EDGE('',*,*,#6346,.T.);
#11068 = ORIENTED_EDGE('',*,*,#11017,.T.);
#11069 = ORIENTED_EDGE('',*,*,#11070,.F.);
#11070 = EDGE_CURVE('',#9295,#10995,#11071,.T.);
#11071 = SURFACE_CURVE('',#11072,(#11077,#11084),.PCURVE_S1.);
#11072 = CIRCLE('',#11073,1.);
#11073 = AXIS2_PLACEMENT_3D('',#11074,#11075,#11076);
#11074 = CARTESIAN_POINT('',(29.,3.5,22.5));
#11075 = DIRECTION('',(-0.,-0.,-1.));
#11076 = DIRECTION('',(0.,-1.,0.));
#11077 = PCURVE('',#6367,#11078);
#11078 = DEFINITIONAL_REPRESENTATION('',(#11079),#11083);
#11079 = LINE('',#11080,#11081);
#11080 = CARTESIAN_POINT('',(4.712388980385,2.5));
#11081 = VECTOR('',#11082,1.);
#11082 = DIRECTION('',(-1.,0.));
#11083 = ( GEOMETRIC_REPRESENTATION_CONTEXT(2) 
PARAMETRIC_REPRESENTATION_CONTEXT() REPRESENTATION_CONTEXT('2D SPACE',''
  ) );
#11084 = PCURVE('',#8707,#11085);
#11085 = DEFINITIONAL_REPRESENTATION('',(#11086),#11094);
#11086 = ( BOUNDED_CURVE() B_SPLINE_CURVE(2,(#11087,#11088,#11089,#11090
    ,#11091,#11092,#11093),.UNSPECIFIED.,.T.,.F.) 
B_SPLINE_CURVE_WITH_KNOTS((1,2,2,2,2,1),(-2.094395102393,0.,
    2.094395102393,4.188790204786,6.28318530718,8.377580409573),
.UNSPECIFIED.) CURVE() GEOMETRIC_REPRESENTATION_ITEM() 
RATIONAL_B_SPLINE_CURVE((1.,0.5,1.,0.5,1.,0.5,1.)) REPRESENTATION_ITEM(
  '') );
#11087 = CARTESIAN_POINT('',(26.5,0.));
#11088 = CARTESIAN_POINT('',(24.767949192431,0.));
#11089 = CARTESIAN_POINT('',(25.633974596216,1.5));
#11090 = CARTESIAN_POINT('',(26.5,3.));
#11091 = CARTESIAN_POINT('',(27.366025403784,1.5));
#11092 = CARTESIAN_POINT('',(28.232050807569,1.554312234475E-15));
#11093 = CARTESIAN_POINT('',(26.5,0.));
#11094 = ( GEOMETRIC_REPRESENTATION_CONTEXT(2) 
PARAMETRIC_REPRESENTATION_CONTEXT() REPRESENTATION_CONTEXT('2D SPACE',''
  ) );
#11095 = ORIENTED_EDGE('',*,*,#9317,.F.);
#11096 = ADVANCED_FACE('',(#11097),#6024,.T.);
#11097 = FACE_BOUND('',#11098,.T.);
#11098 = EDGE_LOOP('',(#11099,#11100,#11101,#11102));
#11099 = ORIENTED_EDGE('',*,*,#7034,.T.);
#11100 = ORIENTED_EDGE('',*,*,#11042,.T.);
#11101 = ORIENTED_EDGE('',*,*,#6007,.F.);
#11102 = ORIENTED_EDGE('',*,*,#9568,.F.);
#11103 = ADVANCED_FACE('',(#11104),#6290,.T.);
#11104 = FACE_BOUND('',#11105,.T.);
#11105 = EDGE_LOOP('',(#11106,#11107,#11128,#11129));
#11106 = ORIENTED_EDGE('',*,*,#7270,.T.);
#11107 = ORIENTED_EDGE('',*,*,#11108,.T.);
#11108 = EDGE_CURVE('',#7248,#6246,#11109,.T.);
#11109 = SURFACE_CURVE('',#11110,(#11114,#11121),.PCURVE_S1.);
#11110 = LINE('',#11111,#11112);
#11111 = CARTESIAN_POINT('',(31.,4.,18.));
#11112 = VECTOR('',#11113,1.);
#11113 = DIRECTION('',(0.,0.,1.));
#11114 = PCURVE('',#6290,#11115);
#11115 = DEFINITIONAL_REPRESENTATION('',(#11116),#11120);
#11116 = LINE('',#11117,#11118);
#11117 = CARTESIAN_POINT('',(1.570796326795,0.));
#11118 = VECTOR('',#11119,1.);
#11119 = DIRECTION('',(0.,1.));
#11120 = ( GEOMETRIC_REPRESENTATION_CONTEXT(2) 
PARAMETRIC_REPRESENTATION_CONTEXT() REPRESENTATION_CONTEXT('2D SPACE',''
  ) );
#11121 = PCURVE('',#6261,#11122);
#11122 = DEFINITIONAL_REPRESENTATION('',(#11123),#11127);
#11123 = LINE('',#11124,#11125);
#11124 = CARTESIAN_POINT('',(0.,21.));
#11125 = VECTOR('',#11126,1.);
#11126 = DIRECTION('',(1.,0.));
#11127 = ( GEOMETRIC_REPRESENTATION_CONTEXT(2) 
PARAMETRIC_REPRESENTATION_CONTEXT() REPRESENTATION_CONTEXT('2D SPACE',''
  ) );
#11128 = ORIENTED_EDGE('',*,*,#6273,.F.);
#11129 = ORIENTED_EDGE('',*,*,#9340,.F.);
#11130 = ADVANCED_FACE('',(#11131),#6101,.F.);
#11131 = FACE_BOUND('',#11132,.T.);
#11132 = EDGE_LOOP('',(#11133,#11134,#11157,#11183));
#11133 = ORIENTED_EDGE('',*,*,#6080,.T.);
#11134 = ORIENTED_EDGE('',*,*,#11135,.T.);
#11135 = EDGE_CURVE('',#6081,#11136,#11138,.T.);
#11136 = VERTEX_POINT('',#11137);
#11137 = CARTESIAN_POINT('',(44.,2.5,22.5));
#11138 = SURFACE_CURVE('',#11139,(#11143,#11150),.PCURVE_S1.);
#11139 = LINE('',#11140,#11141);
#11140 = CARTESIAN_POINT('',(44.,2.5,20.));
#11141 = VECTOR('',#11142,1.);
#11142 = DIRECTION('',(0.,0.,1.));
#11143 = PCURVE('',#6101,#11144);
#11144 = DEFINITIONAL_REPRESENTATION('',(#11145),#11149);
#11145 = LINE('',#11146,#11147);
#11146 = CARTESIAN_POINT('',(-1.570796326795,0.));
#11147 = VECTOR('',#11148,1.);
#11148 = DIRECTION('',(-0.,1.));
#11149 = ( GEOMETRIC_REPRESENTATION_CONTEXT(2) 
PARAMETRIC_REPRESENTATION_CONTEXT() REPRESENTATION_CONTEXT('2D SPACE',''
  ) );
#11150 = PCURVE('',#6128,#11151);
#11151 = DEFINITIONAL_REPRESENTATION('',(#11152),#11156);
#11152 = LINE('',#11153,#11154);
#11153 = CARTESIAN_POINT('',(17.5,41.5));
#11154 = VECTOR('',#11155,1.);
#11155 = DIRECTION('',(1.,0.));
#11156 = ( GEOMETRIC_REPRESENTATION_CONTEXT(2) 
PARAMETRIC_REPRESENTATION_CONTEXT() REPRESENTATION_CONTEXT('2D SPACE',''
  ) );
#11157 = ORIENTED_EDGE('',*,*,#11158,.F.);
#11158 = EDGE_CURVE('',#9518,#11136,#11159,.T.);
#11159 = SURFACE_CURVE('',#11160,(#11165,#11172),.PCURVE_S1.);
#11160 = CIRCLE('',#11161,1.);
#11161 = AXIS2_PLACEMENT_3D('',#11162,#11163,#11164);
#11162 = CARTESIAN_POINT('',(44.,3.5,22.5));
#11163 = DIRECTION('',(-0.,-0.,-1.));
#11164 = DIRECTION('',(0.,-1.,0.));
#11165 = PCURVE('',#6101,#11166);
#11166 = DEFINITIONAL_REPRESENTATION('',(#11167),#11171);
#11167 = LINE('',#11168,#11169);
#11168 = CARTESIAN_POINT('',(4.712388980385,2.5));
#11169 = VECTOR('',#11170,1.);
#11170 = DIRECTION('',(-1.,0.));
#11171 = ( GEOMETRIC_REPRESENTATION_CONTEXT(2) 
PARAMETRIC_REPRESENTATION_CONTEXT() REPRESENTATION_CONTEXT('2D SPACE',''
  ) );
#11172 = PCURVE('',#9533,#11173);
#11173 = DEFINITIONAL_REPRESENTATION('',(#11174),#11182);
#11174 = ( BOUNDED_CURVE() B_SPLINE_CURVE(2,(#11175,#11176,#11177,#11178
    ,#11179,#11180,#11181),.UNSPECIFIED.,.T.,.F.) 
B_SPLINE_CURVE_WITH_KNOTS((1,2,2,2,2,1),(-2.094395102393,0.,
    2.094395102393,4.188790204786,6.28318530718,8.377580409573),
.UNSPECIFIED.) CURVE() GEOMETRIC_REPRESENTATION_ITEM() 
RATIONAL_B_SPLINE_CURVE((1.,0.5,1.,0.5,1.,0.5,1.)) REPRESENTATION_ITEM(
  '') );
#11175 = CARTESIAN_POINT('',(41.5,0.));
#11176 = CARTESIAN_POINT('',(39.767949192431,0.));
#11177 = CARTESIAN_POINT('',(40.633974596216,1.5));
#11178 = CARTESIAN_POINT('',(41.5,3.));
#11179 = CARTESIAN_POINT('',(42.366025403784,1.5));
#11180 = CARTESIAN_POINT('',(43.232050807569,1.554312234475E-15));
#11181 = CARTESIAN_POINT('',(41.5,0.));
#11182 = ( GEOMETRIC_REPRESENTATION_CONTEXT(2) 
PARAMETRIC_REPRESENTATION_CONTEXT() REPRESENTATION_CONTEXT('2D SPACE',''
  ) );
#11183 = ORIENTED_EDGE('',*,*,#9545,.F.);
#11184 = ADVANCED_FACE('',(#11185),#6261,.F.);
#11185 = FACE_BOUND('',#11186,.F.);
#11186 = EDGE_LOOP('',(#11187,#11188,#11189,#11190));
#11187 = ORIENTED_EDGE('',*,*,#7247,.F.);
#11188 = ORIENTED_EDGE('',*,*,#11108,.T.);
#11189 = ORIENTED_EDGE('',*,*,#6245,.T.);
#11190 = ORIENTED_EDGE('',*,*,#11191,.F.);
#11191 = EDGE_CURVE('',#7220,#6213,#11192,.T.);
#11192 = SURFACE_CURVE('',#11193,(#11197,#11204),.PCURVE_S1.);
#11193 = LINE('',#11194,#11195);
#11194 = CARTESIAN_POINT('',(31.5,4.,18.));
#11195 = VECTOR('',#11196,1.);
#11196 = DIRECTION('',(0.,0.,1.));
#11197 = PCURVE('',#6261,#11198);
#11198 = DEFINITIONAL_REPRESENTATION('',(#11199),#11203);
#11199 = LINE('',#11200,#11201);
#11200 = CARTESIAN_POINT('',(0.,21.5));
#11201 = VECTOR('',#11202,1.);
#11202 = DIRECTION('',(1.,0.));
#11203 = ( GEOMETRIC_REPRESENTATION_CONTEXT(2) 
PARAMETRIC_REPRESENTATION_CONTEXT() REPRESENTATION_CONTEXT('2D SPACE',''
  ) );
#11204 = PCURVE('',#6233,#11205);
#11205 = DEFINITIONAL_REPRESENTATION('',(#11206),#11210);
#11206 = LINE('',#11207,#11208);
#11207 = CARTESIAN_POINT('',(-1.570796326795,0.));
#11208 = VECTOR('',#11209,1.);
#11209 = DIRECTION('',(-0.,1.));
#11210 = ( GEOMETRIC_REPRESENTATION_CONTEXT(2) 
PARAMETRIC_REPRESENTATION_CONTEXT() REPRESENTATION_CONTEXT('2D SPACE',''
  ) );
#11211 = ADVANCED_FACE('',(#11212),#6128,.T.);
#11212 = FACE_BOUND('',#11213,.T.);
#11213 = EDGE_LOOP('',(#11214,#11215,#11238,#11259));
#11214 = ORIENTED_EDGE('',*,*,#6113,.F.);
#11215 = ORIENTED_EDGE('',*,*,#11216,.T.);
#11216 = EDGE_CURVE('',#6114,#11217,#11219,.T.);
#11217 = VERTEX_POINT('',#11218);
#11218 = CARTESIAN_POINT('',(33.5,2.5,22.5));
#11219 = SURFACE_CURVE('',#11220,(#11224,#11231),.PCURVE_S1.);
#11220 = LINE('',#11221,#11222);
#11221 = CARTESIAN_POINT('',(33.5,2.5,20.));
#11222 = VECTOR('',#11223,1.);
#11223 = DIRECTION('',(0.,0.,1.));
#11224 = PCURVE('',#6128,#11225);
#11225 = DEFINITIONAL_REPRESENTATION('',(#11226),#11230);
#11226 = LINE('',#11227,#11228);
#11227 = CARTESIAN_POINT('',(17.5,31.));
#11228 = VECTOR('',#11229,1.);
#11229 = DIRECTION('',(1.,0.));
#11230 = ( GEOMETRIC_REPRESENTATION_CONTEXT(2) 
PARAMETRIC_REPRESENTATION_CONTEXT() REPRESENTATION_CONTEXT('2D SPACE',''
  ) );
#11231 = PCURVE('',#6156,#11232);
#11232 = DEFINITIONAL_REPRESENTATION('',(#11233),#11237);
#11233 = LINE('',#11234,#11235);
#11234 = CARTESIAN_POINT('',(1.570796326795,0.));
#11235 = VECTOR('',#11236,1.);
#11236 = DIRECTION('',(0.,1.));
#11237 = ( GEOMETRIC_REPRESENTATION_CONTEXT(2) 
PARAMETRIC_REPRESENTATION_CONTEXT() REPRESENTATION_CONTEXT('2D SPACE',''
  ) );
#11238 = ORIENTED_EDGE('',*,*,#11239,.T.);
#11239 = EDGE_CURVE('',#11217,#11136,#11240,.T.);
#11240 = SURFACE_CURVE('',#11241,(#11245,#11252),.PCURVE_S1.);
#11241 = LINE('',#11242,#11243);
#11242 = CARTESIAN_POINT('',(2.5,2.5,22.5));
#11243 = VECTOR('',#11244,1.);
#11244 = DIRECTION('',(1.,0.,-0.));
#11245 = PCURVE('',#6128,#11246);
#11246 = DEFINITIONAL_REPRESENTATION('',(#11247),#11251);
#11247 = LINE('',#11248,#11249);
#11248 = CARTESIAN_POINT('',(20.,0.));
#11249 = VECTOR('',#11250,1.);
#11250 = DIRECTION('',(0.,1.));
#11251 = ( GEOMETRIC_REPRESENTATION_CONTEXT(2) 
PARAMETRIC_REPRESENTATION_CONTEXT() REPRESENTATION_CONTEXT('2D SPACE',''
  ) );
#11252 = PCURVE('',#9533,#11253);
#11253 = DEFINITIONAL_REPRESENTATION('',(#11254),#11258);
#11254 = LINE('',#11255,#11256);
#11255 = CARTESIAN_POINT('',(0.,0.));
#11256 = VECTOR('',#11257,1.);
#11257 = DIRECTION('',(1.,0.));
#11258 = ( GEOMETRIC_REPRESENTATION_CONTEXT(2) 
PARAMETRIC_REPRESENTATION_CONTEXT() REPRESENTATION_CONTEXT('2D SPACE',''
  ) );
#11259 = ORIENTED_EDGE('',*,*,#11135,.F.);
#11260 = ADVANCED_FACE('',(#11261),#6233,.T.);
#11261 = FACE_BOUND('',#11262,.F.);
#11262 = EDGE_LOOP('',(#11263,#11264,#11265,#11266));
#11263 = ORIENTED_EDGE('',*,*,#7219,.T.);
#11264 = ORIENTED_EDGE('',*,*,#11191,.T.);
#11265 = ORIENTED_EDGE('',*,*,#6212,.F.);
#11266 = ORIENTED_EDGE('',*,*,#9948,.F.);
#11267 = ADVANCED_FACE('',(#11268),#6156,.F.);
#11268 = FACE_BOUND('',#11269,.F.);
#11269 = EDGE_LOOP('',(#11270,#11271,#11272,#11294));
#11270 = ORIENTED_EDGE('',*,*,#6139,.T.);
#11271 = ORIENTED_EDGE('',*,*,#11216,.T.);
#11272 = ORIENTED_EDGE('',*,*,#11273,.F.);
#11273 = EDGE_CURVE('',#9903,#11217,#11274,.T.);
#11274 = SURFACE_CURVE('',#11275,(#11280,#11287),.PCURVE_S1.);
#11275 = CIRCLE('',#11276,1.);
#11276 = AXIS2_PLACEMENT_3D('',#11277,#11278,#11279);
#11277 = CARTESIAN_POINT('',(33.5,3.5,22.5));
#11278 = DIRECTION('',(0.,0.,1.));
#11279 = DIRECTION('',(0.,-1.,0.));
#11280 = PCURVE('',#6156,#11281);
#11281 = DEFINITIONAL_REPRESENTATION('',(#11282),#11286);
#11282 = LINE('',#11283,#11284);
#11283 = CARTESIAN_POINT('',(-4.712388980385,2.5));
#11284 = VECTOR('',#11285,1.);
#11285 = DIRECTION('',(1.,0.));
#11286 = ( GEOMETRIC_REPRESENTATION_CONTEXT(2) 
PARAMETRIC_REPRESENTATION_CONTEXT() REPRESENTATION_CONTEXT('2D SPACE',''
  ) );
#11287 = PCURVE('',#9533,#11288);
#11288 = DEFINITIONAL_REPRESENTATION('',(#11289),#11293);
#11289 = CIRCLE('',#11290,1.);
#11290 = AXIS2_PLACEMENT_2D('',#11291,#11292);
#11291 = CARTESIAN_POINT('',(31.,1.));
#11292 = DIRECTION('',(0.,-1.));
#11293 = ( GEOMETRIC_REPRESENTATION_CONTEXT(2) 
PARAMETRIC_REPRESENTATION_CONTEXT() REPRESENTATION_CONTEXT('2D SPACE',''
  ) );
#11294 = ORIENTED_EDGE('',*,*,#9925,.F.);
#11295 = ADVANCED_FACE('',(#11296,#11440,#11471),#7766,.T.);
#11296 = FACE_BOUND('',#11297,.T.);
#11297 = EDGE_LOOP('',(#11298,#11328,#11361,#11389,#11415,#11416,#11417,
    #11418));
#11298 = ORIENTED_EDGE('',*,*,#11299,.F.);
#11299 = EDGE_CURVE('',#11300,#11302,#11304,.T.);
#11300 = VERTEX_POINT('',#11301);
#11301 = CARTESIAN_POINT('',(3.5,37.5,2.5));
#11302 = VERTEX_POINT('',#11303);
#11303 = CARTESIAN_POINT('',(14.,37.5,2.5));
#11304 = SURFACE_CURVE('',#11305,(#11309,#11316),.PCURVE_S1.);
#11305 = LINE('',#11306,#11307);
#11306 = CARTESIAN_POINT('',(2.5,37.5,2.5));
#11307 = VECTOR('',#11308,1.);
#11308 = DIRECTION('',(1.,0.,-0.));
#11309 = PCURVE('',#7766,#11310);
#11310 = DEFINITIONAL_REPRESENTATION('',(#11311),#11315);
#11311 = LINE('',#11312,#11313);
#11312 = CARTESIAN_POINT('',(0.,35.));
#11313 = VECTOR('',#11314,1.);
#11314 = DIRECTION('',(1.,0.));
#11315 = ( GEOMETRIC_REPRESENTATION_CONTEXT(2) 
PARAMETRIC_REPRESENTATION_CONTEXT() REPRESENTATION_CONTEXT('2D SPACE',''
  ) );
#11316 = PCURVE('',#11317,#11322);
#11317 = PLANE('',#11318);
#11318 = AXIS2_PLACEMENT_3D('',#11319,#11320,#11321);
#11319 = CARTESIAN_POINT('',(2.5,37.5,2.5));
#11320 = DIRECTION('',(-0.,1.,0.));
#11321 = DIRECTION('',(0.,0.,1.));
#11322 = DEFINITIONAL_REPRESENTATION('',(#11323),#11327);
#11323 = LINE('',#11324,#11325);
#11324 = CARTESIAN_POINT('',(0.,0.));
#11325 = VECTOR('',#11326,1.);
#11326 = DIRECTION('',(0.,1.));
#11327 = ( GEOMETRIC_REPRESENTATION_CONTEXT(2) 
PARAMETRIC_REPRESENTATION_CONTEXT() REPRESENTATION_CONTEXT('2D SPACE',''
  ) );
#11328 = ORIENTED_EDGE('',*,*,#11329,.F.);
#11329 = EDGE_CURVE('',#11330,#11300,#11332,.T.);
#11330 = VERTEX_POINT('',#11331);
#11331 = CARTESIAN_POINT('',(2.5,36.5,2.5));
#11332 = SURFACE_CURVE('',#11333,(#11338,#11349),.PCURVE_S1.);
#11333 = CIRCLE('',#11334,1.);
#11334 = AXIS2_PLACEMENT_3D('',#11335,#11336,#11337);
#11335 = CARTESIAN_POINT('',(3.5,36.5,2.5));
#11336 = DIRECTION('',(-0.,-0.,-1.));
#11337 = DIRECTION('',(0.,-1.,0.));
#11338 = PCURVE('',#7766,#11339);
#11339 = DEFINITIONAL_REPRESENTATION('',(#11340),#11348);
#11340 = ( BOUNDED_CURVE() B_SPLINE_CURVE(2,(#11341,#11342,#11343,#11344
    ,#11345,#11346,#11347),.UNSPECIFIED.,.T.,.F.) 
B_SPLINE_CURVE_WITH_KNOTS((1,2,2,2,2,1),(-2.094395102393,0.,
    2.094395102393,4.188790204786,6.28318530718,8.377580409573),
.UNSPECIFIED.) CURVE() GEOMETRIC_REPRESENTATION_ITEM() 
RATIONAL_B_SPLINE_CURVE((1.,0.5,1.,0.5,1.,0.5,1.)) REPRESENTATION_ITEM(
  '') );
#11341 = CARTESIAN_POINT('',(1.,33.));
#11342 = CARTESIAN_POINT('',(-0.732050807569,33.));
#11343 = CARTESIAN_POINT('',(0.133974596216,34.5));
#11344 = CARTESIAN_POINT('',(1.,36.));
#11345 = CARTESIAN_POINT('',(1.866025403784,34.5));
#11346 = CARTESIAN_POINT('',(2.732050807569,33.));
#11347 = CARTESIAN_POINT('',(1.,33.));
#11348 = ( GEOMETRIC_REPRESENTATION_CONTEXT(2) 
PARAMETRIC_REPRESENTATION_CONTEXT() REPRESENTATION_CONTEXT('2D SPACE',''
  ) );
#11349 = PCURVE('',#11350,#11355);
#11350 = CYLINDRICAL_SURFACE('',#11351,1.);
#11351 = AXIS2_PLACEMENT_3D('',#11352,#11353,#11354);
#11352 = CARTESIAN_POINT('',(3.5,36.5,2.5));
#11353 = DIRECTION('',(0.,0.,1.));
#11354 = DIRECTION('',(-1.,-0.,0.));
#11355 = DEFINITIONAL_REPRESENTATION('',(#11356),#11360);
#11356 = LINE('',#11357,#11358);
#11357 = CARTESIAN_POINT('',(1.570796326795,-0.));
#11358 = VECTOR('',#11359,1.);
#11359 = DIRECTION('',(-1.,0.));
#11360 = ( GEOMETRIC_REPRESENTATION_CONTEXT(2) 
PARAMETRIC_REPRESENTATION_CONTEXT() REPRESENTATION_CONTEXT('2D SPACE',''
  ) );
#11361 = ORIENTED_EDGE('',*,*,#11362,.F.);
#11362 = EDGE_CURVE('',#11363,#11330,#11365,.T.);
#11363 = VERTEX_POINT('',#11364);
#11364 = CARTESIAN_POINT('',(2.5,3.5,2.5));
#11365 = SURFACE_CURVE('',#11366,(#11370,#11377),.PCURVE_S1.);
#11366 = LINE('',#11367,#11368);
#11367 = CARTESIAN_POINT('',(2.5,2.5,2.5));
#11368 = VECTOR('',#11369,1.);
#11369 = DIRECTION('',(-0.,1.,0.));
#11370 = PCURVE('',#7766,#11371);
#11371 = DEFINITIONAL_REPRESENTATION('',(#11372),#11376);
#11372 = LINE('',#11373,#11374);
#11373 = CARTESIAN_POINT('',(0.,0.));
#11374 = VECTOR('',#11375,1.);
#11375 = DIRECTION('',(0.,1.));
#11376 = ( GEOMETRIC_REPRESENTATION_CONTEXT(2) 
PARAMETRIC_REPRESENTATION_CONTEXT() REPRESENTATION_CONTEXT('2D SPACE',''
  ) );
#11377 = PCURVE('',#11378,#11383);
#11378 = PLANE('',#11379);
#11379 = AXIS2_PLACEMENT_3D('',#11380,#11381,#11382);
#11380 = CARTESIAN_POINT('',(2.5,2.5,2.5));
#11381 = DIRECTION('',(1.,0.,-0.));
#11382 = DIRECTION('',(0.,0.,1.));
#11383 = DEFINITIONAL_REPRESENTATION('',(#11384),#11388);
#11384 = LINE('',#11385,#11386);
#11385 = CARTESIAN_POINT('',(0.,0.));
#11386 = VECTOR('',#11387,1.);
#11387 = DIRECTION('',(0.,-1.));
#11388 = ( GEOMETRIC_REPRESENTATION_CONTEXT(2) 
PARAMETRIC_REPRESENTATION_CONTEXT() REPRESENTATION_CONTEXT('2D SPACE',''
  ) );
#11389 = ORIENTED_EDGE('',*,*,#11390,.F.);
#11390 = EDGE_CURVE('',#7749,#11363,#11391,.T.);
#11391 = SURFACE_CURVE('',#11392,(#11397,#11408),.PCURVE_S1.);
#11392 = CIRCLE('',#11393,1.);
#11393 = AXIS2_PLACEMENT_3D('',#11394,#11395,#11396);
#11394 = CARTESIAN_POINT('',(3.5,3.5,2.5));
#11395 = DIRECTION('',(-0.,-0.,-1.));
#11396 = DIRECTION('',(0.,-1.,0.));
#11397 = PCURVE('',#7766,#11398);
#11398 = DEFINITIONAL_REPRESENTATION('',(#11399),#11407);
#11399 = ( BOUNDED_CURVE() B_SPLINE_CURVE(2,(#11400,#11401,#11402,#11403
    ,#11404,#11405,#11406),.UNSPECIFIED.,.T.,.F.) 
B_SPLINE_CURVE_WITH_KNOTS((1,2,2,2,2,1),(-2.094395102393,0.,
    2.094395102393,4.188790204786,6.28318530718,8.377580409573),
.UNSPECIFIED.) CURVE() GEOMETRIC_REPRESENTATION_ITEM() 
RATIONAL_B_SPLINE_CURVE((1.,0.5,1.,0.5,1.,0.5,1.)) REPRESENTATION_ITEM(
  '') );
#11400 = CARTESIAN_POINT('',(1.,0.));
#11401 = CARTESIAN_POINT('',(-0.732050807569,0.));
#11402 = CARTESIAN_POINT('',(0.133974596216,1.5));
#11403 = CARTESIAN_POINT('',(1.,3.));
#11404 = CARTESIAN_POINT('',(1.866025403784,1.5));
#11405 = CARTESIAN_POINT('',(2.732050807569,1.554312234475E-15));
#11406 = CARTESIAN_POINT('',(1.,0.));
#11407 = ( GEOMETRIC_REPRESENTATION_CONTEXT(2) 
PARAMETRIC_REPRESENTATION_CONTEXT() REPRESENTATION_CONTEXT('2D SPACE',''
  ) );
#11408 = PCURVE('',#7794,#11409);
#11409 = DEFINITIONAL_REPRESENTATION('',(#11410),#11414);
#11410 = LINE('',#11411,#11412);
#11411 = CARTESIAN_POINT('',(-0.,0.));
#11412 = VECTOR('',#11413,1.);
#11413 = DIRECTION('',(-1.,0.));
#11414 = ( GEOMETRIC_REPRESENTATION_CONTEXT(2) 
PARAMETRIC_REPRESENTATION_CONTEXT() REPRESENTATION_CONTEXT('2D SPACE',''
  ) );
#11415 = ORIENTED_EDGE('',*,*,#7748,.T.);
#11416 = ORIENTED_EDGE('',*,*,#10025,.T.);
#11417 = ORIENTED_EDGE('',*,*,#8027,.T.);
#11418 = ORIENTED_EDGE('',*,*,#11419,.T.);
#11419 = EDGE_CURVE('',#8028,#11302,#11420,.T.);
#11420 = SURFACE_CURVE('',#11421,(#11426,#11433),.PCURVE_S1.);
#11421 = CIRCLE('',#11422,1.);
#11422 = AXIS2_PLACEMENT_3D('',#11423,#11424,#11425);
#11423 = CARTESIAN_POINT('',(14.,36.5,2.5));
#11424 = DIRECTION('',(0.,0.,1.));
#11425 = DIRECTION('',(0.,-1.,0.));
#11426 = PCURVE('',#7766,#11427);
#11427 = DEFINITIONAL_REPRESENTATION('',(#11428),#11432);
#11428 = CIRCLE('',#11429,1.);
#11429 = AXIS2_PLACEMENT_2D('',#11430,#11431);
#11430 = CARTESIAN_POINT('',(11.5,34.));
#11431 = DIRECTION('',(0.,-1.));
#11432 = ( GEOMETRIC_REPRESENTATION_CONTEXT(2) 
PARAMETRIC_REPRESENTATION_CONTEXT() REPRESENTATION_CONTEXT('2D SPACE',''
  ) );
#11433 = PCURVE('',#8066,#11434);
#11434 = DEFINITIONAL_REPRESENTATION('',(#11435),#11439);
#11435 = LINE('',#11436,#11437);
#11436 = CARTESIAN_POINT('',(-1.570796326795,0.));
#11437 = VECTOR('',#11438,1.);
#11438 = DIRECTION('',(1.,0.));
#11439 = ( GEOMETRIC_REPRESENTATION_CONTEXT(2) 
PARAMETRIC_REPRESENTATION_CONTEXT() REPRESENTATION_CONTEXT('2D SPACE',''
  ) );
#11440 = FACE_BOUND('',#11441,.T.);
#11441 = EDGE_LOOP('',(#11442));
#11442 = ORIENTED_EDGE('',*,*,#11443,.F.);
#11443 = EDGE_CURVE('',#11444,#11444,#11446,.T.);
#11444 = VERTEX_POINT('',#11445);
#11445 = CARTESIAN_POINT('',(12.,8.,2.5));
#11446 = SURFACE_CURVE('',#11447,(#11452,#11459),.PCURVE_S1.);
#11447 = CIRCLE('',#11448,4.);
#11448 = AXIS2_PLACEMENT_3D('',#11449,#11450,#11451);
#11449 = CARTESIAN_POINT('',(8.,8.,2.5));
#11450 = DIRECTION('',(0.,0.,1.));
#11451 = DIRECTION('',(1.,0.,-0.));
#11452 = PCURVE('',#7766,#11453);
#11453 = DEFINITIONAL_REPRESENTATION('',(#11454),#11458);
#11454 = CIRCLE('',#11455,4.);
#11455 = AXIS2_PLACEMENT_2D('',#11456,#11457);
#11456 = CARTESIAN_POINT('',(5.5,5.5));
#11457 = DIRECTION('',(1.,0.));
#11458 = ( GEOMETRIC_REPRESENTATION_CONTEXT(2) 
PARAMETRIC_REPRESENTATION_CONTEXT() REPRESENTATION_CONTEXT('2D SPACE',''
  ) );
#11459 = PCURVE('',#11460,#11465);
#11460 = CYLINDRICAL_SURFACE('',#11461,4.);
#11461 = AXIS2_PLACEMENT_3D('',#11462,#11463,#11464);
#11462 = CARTESIAN_POINT('',(8.,8.,2.5));
#11463 = DIRECTION('',(0.,0.,1.));
#11464 = DIRECTION('',(1.,0.,-0.));
#11465 = DEFINITIONAL_REPRESENTATION('',(#11466),#11470);
#11466 = LINE('',#11467,#11468);
#11467 = CARTESIAN_POINT('',(0.,0.));
#11468 = VECTOR('',#11469,1.);
#11469 = DIRECTION('',(1.,0.));
#11470 = ( GEOMETRIC_REPRESENTATION_CONTEXT(2) 
PARAMETRIC_REPRESENTATION_CONTEXT() REPRESENTATION_CONTEXT('2D SPACE',''
  ) );
#11471 = FACE_BOUND('',#11472,.T.);
#11472 = EDGE_LOOP('',(#11473));
#11473 = ORIENTED_EDGE('',*,*,#11474,.F.);
#11474 = EDGE_CURVE('',#11475,#11475,#11477,.T.);
#11475 = VERTEX_POINT('',#11476);
#11476 = CARTESIAN_POINT('',(12.,32.,2.5));
#11477 = SURFACE_CURVE('',#11478,(#11483,#11490),.PCURVE_S1.);
#11478 = CIRCLE('',#11479,4.);
#11479 = AXIS2_PLACEMENT_3D('',#11480,#11481,#11482);
#11480 = CARTESIAN_POINT('',(8.,32.,2.5));
#11481 = DIRECTION('',(0.,0.,1.));
#11482 = DIRECTION('',(1.,0.,-0.));
#11483 = PCURVE('',#7766,#11484);
#11484 = DEFINITIONAL_REPRESENTATION('',(#11485),#11489);
#11485 = CIRCLE('',#11486,4.);
#11486 = AXIS2_PLACEMENT_2D('',#11487,#11488);
#11487 = CARTESIAN_POINT('',(5.5,29.5));
#11488 = DIRECTION('',(1.,0.));
#11489 = ( GEOMETRIC_REPRESENTATION_CONTEXT(2) 
PARAMETRIC_REPRESENTATION_CONTEXT() REPRESENTATION_CONTEXT('2D SPACE',''
  ) );
#11490 = PCURVE('',#11491,#11496);
#11491 = CYLINDRICAL_SURFACE('',#11492,4.);
#11492 = AXIS2_PLACEMENT_3D('',#11493,#11494,#11495);
#11493 = CARTESIAN_POINT('',(8.,32.,2.5));
#11494 = DIRECTION('',(0.,0.,1.));
#11495 = DIRECTION('',(1.,0.,-0.));
#11496 = DEFINITIONAL_REPRESENTATION('',(#11497),#11501);
#11497 = LINE('',#11498,#11499);
#11498 = CARTESIAN_POINT('',(0.,0.));
#11499 = VECTOR('',#11500,1.);
#11500 = DIRECTION('',(1.,0.));
#11501 = ( GEOMETRIC_REPRESENTATION_CONTEXT(2) 
PARAMETRIC_REPRESENTATION_CONTEXT() REPRESENTATION_CONTEXT('2D SPACE',''
  ) );
#11502 = ADVANCED_FACE('',(#11503),#7794,.F.);
#11503 = FACE_BOUND('',#11504,.T.);
#11504 = EDGE_LOOP('',(#11505,#11506,#11529,#11555));
#11505 = ORIENTED_EDGE('',*,*,#11390,.T.);
#11506 = ORIENTED_EDGE('',*,*,#11507,.T.);
#11507 = EDGE_CURVE('',#11363,#11508,#11510,.T.);
#11508 = VERTEX_POINT('',#11509);
#11509 = CARTESIAN_POINT('',(2.5,3.5,22.5));
#11510 = SURFACE_CURVE('',#11511,(#11515,#11522),.PCURVE_S1.);
#11511 = LINE('',#11512,#11513);
#11512 = CARTESIAN_POINT('',(2.5,3.5,2.5));
#11513 = VECTOR('',#11514,1.);
#11514 = DIRECTION('',(0.,0.,1.));
#11515 = PCURVE('',#7794,#11516);
#11516 = DEFINITIONAL_REPRESENTATION('',(#11517),#11521);
#11517 = LINE('',#11518,#11519);
#11518 = CARTESIAN_POINT('',(-1.570796326795,0.));
#11519 = VECTOR('',#11520,1.);
#11520 = DIRECTION('',(-0.,1.));
#11521 = ( GEOMETRIC_REPRESENTATION_CONTEXT(2) 
PARAMETRIC_REPRESENTATION_CONTEXT() REPRESENTATION_CONTEXT('2D SPACE',''
  ) );
#11522 = PCURVE('',#11378,#11523);
#11523 = DEFINITIONAL_REPRESENTATION('',(#11524),#11528);
#11524 = LINE('',#11525,#11526);
#11525 = CARTESIAN_POINT('',(0.,-1.));
#11526 = VECTOR('',#11527,1.);
#11527 = DIRECTION('',(1.,0.));
#11528 = ( GEOMETRIC_REPRESENTATION_CONTEXT(2) 
PARAMETRIC_REPRESENTATION_CONTEXT() REPRESENTATION_CONTEXT('2D SPACE',''
  ) );
#11529 = ORIENTED_EDGE('',*,*,#11530,.F.);
#11530 = EDGE_CURVE('',#7779,#11508,#11531,.T.);
#11531 = SURFACE_CURVE('',#11532,(#11537,#11544),.PCURVE_S1.);
#11532 = CIRCLE('',#11533,1.);
#11533 = AXIS2_PLACEMENT_3D('',#11534,#11535,#11536);
#11534 = CARTESIAN_POINT('',(3.5,3.5,22.5));
#11535 = DIRECTION('',(-0.,-0.,-1.));
#11536 = DIRECTION('',(0.,-1.,0.));
#11537 = PCURVE('',#7794,#11538);
#11538 = DEFINITIONAL_REPRESENTATION('',(#11539),#11543);
#11539 = LINE('',#11540,#11541);
#11540 = CARTESIAN_POINT('',(-0.,20.));
#11541 = VECTOR('',#11542,1.);
#11542 = DIRECTION('',(-1.,0.));
#11543 = ( GEOMETRIC_REPRESENTATION_CONTEXT(2) 
PARAMETRIC_REPRESENTATION_CONTEXT() REPRESENTATION_CONTEXT('2D SPACE',''
  ) );
#11544 = PCURVE('',#7822,#11545);
#11545 = DEFINITIONAL_REPRESENTATION('',(#11546),#11554);
#11546 = ( BOUNDED_CURVE() B_SPLINE_CURVE(2,(#11547,#11548,#11549,#11550
    ,#11551,#11552,#11553),.UNSPECIFIED.,.T.,.F.) 
B_SPLINE_CURVE_WITH_KNOTS((1,2,2,2,2,1),(-2.094395102393,0.,
    2.094395102393,4.188790204786,6.28318530718,8.377580409573),
.UNSPECIFIED.) CURVE() GEOMETRIC_REPRESENTATION_ITEM() 
RATIONAL_B_SPLINE_CURVE((1.,0.5,1.,0.5,1.,0.5,1.)) REPRESENTATION_ITEM(
  '') );
#11547 = CARTESIAN_POINT('',(1.,0.));
#11548 = CARTESIAN_POINT('',(-0.732050807569,0.));
#11549 = CARTESIAN_POINT('',(0.133974596216,1.5));
#11550 = CARTESIAN_POINT('',(1.,3.));
#11551 = CARTESIAN_POINT('',(1.866025403784,1.5));
#11552 = CARTESIAN_POINT('',(2.732050807569,1.554312234475E-15));
#11553 = CARTESIAN_POINT('',(1.,0.));
#11554 = ( GEOMETRIC_REPRESENTATION_CONTEXT(2) 
PARAMETRIC_REPRESENTATION_CONTEXT() REPRESENTATION_CONTEXT('2D SPACE',''
  ) );
#11555 = ORIENTED_EDGE('',*,*,#7778,.F.);
#11556 = ADVANCED_FACE('',(#11557),#7822,.F.);
#11557 = FACE_BOUND('',#11558,.F.);
#11558 = EDGE_LOOP('',(#11559,#11584,#11612,#11633,#11634,#11635,#11636,
    #11637));
#11559 = ORIENTED_EDGE('',*,*,#11560,.F.);
#11560 = EDGE_CURVE('',#11561,#11563,#11565,.T.);
#11561 = VERTEX_POINT('',#11562);
#11562 = CARTESIAN_POINT('',(3.5,37.5,22.5));
#11563 = VERTEX_POINT('',#11564);
#11564 = CARTESIAN_POINT('',(14.,37.5,22.5));
#11565 = SURFACE_CURVE('',#11566,(#11570,#11577),.PCURVE_S1.);
#11566 = LINE('',#11567,#11568);
#11567 = CARTESIAN_POINT('',(2.5,37.5,22.5));
#11568 = VECTOR('',#11569,1.);
#11569 = DIRECTION('',(1.,0.,-0.));
#11570 = PCURVE('',#7822,#11571);
#11571 = DEFINITIONAL_REPRESENTATION('',(#11572),#11576);
#11572 = LINE('',#11573,#11574);
#11573 = CARTESIAN_POINT('',(0.,35.));
#11574 = VECTOR('',#11575,1.);
#11575 = DIRECTION('',(1.,0.));
#11576 = ( GEOMETRIC_REPRESENTATION_CONTEXT(2) 
PARAMETRIC_REPRESENTATION_CONTEXT() REPRESENTATION_CONTEXT('2D SPACE',''
  ) );
#11577 = PCURVE('',#11317,#11578);
#11578 = DEFINITIONAL_REPRESENTATION('',(#11579),#11583);
#11579 = LINE('',#11580,#11581);
#11580 = CARTESIAN_POINT('',(20.,0.));
#11581 = VECTOR('',#11582,1.);
#11582 = DIRECTION('',(0.,1.));
#11583 = ( GEOMETRIC_REPRESENTATION_CONTEXT(2) 
PARAMETRIC_REPRESENTATION_CONTEXT() REPRESENTATION_CONTEXT('2D SPACE',''
  ) );
#11584 = ORIENTED_EDGE('',*,*,#11585,.F.);
#11585 = EDGE_CURVE('',#11586,#11561,#11588,.T.);
#11586 = VERTEX_POINT('',#11587);
#11587 = CARTESIAN_POINT('',(2.5,36.5,22.5));
#11588 = SURFACE_CURVE('',#11589,(#11594,#11605),.PCURVE_S1.);
#11589 = CIRCLE('',#11590,1.);
#11590 = AXIS2_PLACEMENT_3D('',#11591,#11592,#11593);
#11591 = CARTESIAN_POINT('',(3.5,36.5,22.5));
#11592 = DIRECTION('',(-0.,-0.,-1.));
#11593 = DIRECTION('',(0.,-1.,0.));
#11594 = PCURVE('',#7822,#11595);
#11595 = DEFINITIONAL_REPRESENTATION('',(#11596),#11604);
#11596 = ( BOUNDED_CURVE() B_SPLINE_CURVE(2,(#11597,#11598,#11599,#11600
    ,#11601,#11602,#11603),.UNSPECIFIED.,.T.,.F.) 
B_SPLINE_CURVE_WITH_KNOTS((1,2,2,2,2,1),(-2.094395102393,0.,
    2.094395102393,4.188790204786,6.28318530718,8.377580409573),
.UNSPECIFIED.) CURVE() GEOMETRIC_REPRESENTATION_ITEM() 
RATIONAL_B_SPLINE_CURVE((1.,0.5,1.,0.5,1.,0.5,1.)) REPRESENTATION_ITEM(
  '') );
#11597 = CARTESIAN_POINT('',(1.,33.));
#11598 = CARTESIAN_POINT('',(-0.732050807569,33.));
#11599 = CARTESIAN_POINT('',(0.133974596216,34.5));
#11600 = CARTESIAN_POINT('',(1.,36.));
#11601 = CARTESIAN_POINT('',(1.866025403784,34.5));
#11602 = CARTESIAN_POINT('',(2.732050807569,33.));
#11603 = CARTESIAN_POINT('',(1.,33.));
#11604 = ( GEOMETRIC_REPRESENTATION_CONTEXT(2) 
PARAMETRIC_REPRESENTATION_CONTEXT() REPRESENTATION_CONTEXT('2D SPACE',''
  ) );
#11605 = PCURVE('',#11350,#11606);
#11606 = DEFINITIONAL_REPRESENTATION('',(#11607),#11611);
#11607 = LINE('',#11608,#11609);
#11608 = CARTESIAN_POINT('',(1.570796326795,20.));
#11609 = VECTOR('',#11610,1.);
#11610 = DIRECTION('',(-1.,0.));
#11611 = ( GEOMETRIC_REPRESENTATION_CONTEXT(2) 
PARAMETRIC_REPRESENTATION_CONTEXT() REPRESENTATION_CONTEXT('2D SPACE',''
  ) );
#11612 = ORIENTED_EDGE('',*,*,#11613,.F.);
#11613 = EDGE_CURVE('',#11508,#11586,#11614,.T.);
#11614 = SURFACE_CURVE('',#11615,(#11619,#11626),.PCURVE_S1.);
#11615 = LINE('',#11616,#11617);
#11616 = CARTESIAN_POINT('',(2.5,2.5,22.5));
#11617 = VECTOR('',#11618,1.);
#11618 = DIRECTION('',(-0.,1.,0.));
#11619 = PCURVE('',#7822,#11620);
#11620 = DEFINITIONAL_REPRESENTATION('',(#11621),#11625);
#11621 = LINE('',#11622,#11623);
#11622 = CARTESIAN_POINT('',(0.,0.));
#11623 = VECTOR('',#11624,1.);
#11624 = DIRECTION('',(0.,1.));
#11625 = ( GEOMETRIC_REPRESENTATION_CONTEXT(2) 
PARAMETRIC_REPRESENTATION_CONTEXT() REPRESENTATION_CONTEXT('2D SPACE',''
  ) );
#11626 = PCURVE('',#11378,#11627);
#11627 = DEFINITIONAL_REPRESENTATION('',(#11628),#11632);
#11628 = LINE('',#11629,#11630);
#11629 = CARTESIAN_POINT('',(20.,0.));
#11630 = VECTOR('',#11631,1.);
#11631 = DIRECTION('',(0.,-1.));
#11632 = ( GEOMETRIC_REPRESENTATION_CONTEXT(2) 
PARAMETRIC_REPRESENTATION_CONTEXT() REPRESENTATION_CONTEXT('2D SPACE',''
  ) );
#11633 = ORIENTED_EDGE('',*,*,#11530,.F.);
#11634 = ORIENTED_EDGE('',*,*,#7806,.T.);
#11635 = ORIENTED_EDGE('',*,*,#10766,.T.);
#11636 = ORIENTED_EDGE('',*,*,#8078,.T.);
#11637 = ORIENTED_EDGE('',*,*,#11638,.T.);
#11638 = EDGE_CURVE('',#8051,#11563,#11639,.T.);
#11639 = SURFACE_CURVE('',#11640,(#11645,#11652),.PCURVE_S1.);
#11640 = CIRCLE('',#11641,1.);
#11641 = AXIS2_PLACEMENT_3D('',#11642,#11643,#11644);
#11642 = CARTESIAN_POINT('',(14.,36.5,22.5));
#11643 = DIRECTION('',(0.,0.,1.));
#11644 = DIRECTION('',(0.,-1.,0.));
#11645 = PCURVE('',#7822,#11646);
#11646 = DEFINITIONAL_REPRESENTATION('',(#11647),#11651);
#11647 = CIRCLE('',#11648,1.);
#11648 = AXIS2_PLACEMENT_2D('',#11649,#11650);
#11649 = CARTESIAN_POINT('',(11.5,34.));
#11650 = DIRECTION('',(0.,-1.));
#11651 = ( GEOMETRIC_REPRESENTATION_CONTEXT(2) 
PARAMETRIC_REPRESENTATION_CONTEXT() REPRESENTATION_CONTEXT('2D SPACE',''
  ) );
#11652 = PCURVE('',#8066,#11653);
#11653 = DEFINITIONAL_REPRESENTATION('',(#11654),#11658);
#11654 = LINE('',#11655,#11656);
#11655 = CARTESIAN_POINT('',(-1.570796326795,20.));
#11656 = VECTOR('',#11657,1.);
#11657 = DIRECTION('',(1.,0.));
#11658 = ( GEOMETRIC_REPRESENTATION_CONTEXT(2) 
PARAMETRIC_REPRESENTATION_CONTEXT() REPRESENTATION_CONTEXT('2D SPACE',''
  ) );
#11659 = ADVANCED_FACE('',(#11660),#8066,.F.);
#11660 = FACE_BOUND('',#11661,.F.);
#11661 = EDGE_LOOP('',(#11662,#11663,#11684,#11685));
#11662 = ORIENTED_EDGE('',*,*,#11419,.T.);
#11663 = ORIENTED_EDGE('',*,*,#11664,.T.);
#11664 = EDGE_CURVE('',#11302,#11563,#11665,.T.);
#11665 = SURFACE_CURVE('',#11666,(#11670,#11677),.PCURVE_S1.);
#11666 = LINE('',#11667,#11668);
#11667 = CARTESIAN_POINT('',(14.,37.5,2.5));
#11668 = VECTOR('',#11669,1.);
#11669 = DIRECTION('',(0.,0.,1.));
#11670 = PCURVE('',#8066,#11671);
#11671 = DEFINITIONAL_REPRESENTATION('',(#11672),#11676);
#11672 = LINE('',#11673,#11674);
#11673 = CARTESIAN_POINT('',(1.570796326795,0.));
#11674 = VECTOR('',#11675,1.);
#11675 = DIRECTION('',(0.,1.));
#11676 = ( GEOMETRIC_REPRESENTATION_CONTEXT(2) 
PARAMETRIC_REPRESENTATION_CONTEXT() REPRESENTATION_CONTEXT('2D SPACE',''
  ) );
#11677 = PCURVE('',#11317,#11678);
#11678 = DEFINITIONAL_REPRESENTATION('',(#11679),#11683);
#11679 = LINE('',#11680,#11681);
#11680 = CARTESIAN_POINT('',(0.,11.5));
#11681 = VECTOR('',#11682,1.);
#11682 = DIRECTION('',(1.,0.));
#11683 = ( GEOMETRIC_REPRESENTATION_CONTEXT(2) 
PARAMETRIC_REPRESENTATION_CONTEXT() REPRESENTATION_CONTEXT('2D SPACE',''
  ) );
#11684 = ORIENTED_EDGE('',*,*,#11638,.F.);
#11685 = ORIENTED_EDGE('',*,*,#8050,.F.);
#11686 = ADVANCED_FACE('',(#11687,#11831,#11862),#8320,.T.);
#11687 = FACE_BOUND('',#11688,.T.);
#11688 = EDGE_LOOP('',(#11689,#11719,#11745,#11746,#11747,#11748,#11772,
    #11800));
#11689 = ORIENTED_EDGE('',*,*,#11690,.F.);
#11690 = EDGE_CURVE('',#11691,#11693,#11695,.T.);
#11691 = VERTEX_POINT('',#11692);
#11692 = CARTESIAN_POINT('',(48.5,37.5,2.5));
#11693 = VERTEX_POINT('',#11694);
#11694 = CARTESIAN_POINT('',(56.5,37.5,2.5));
#11695 = SURFACE_CURVE('',#11696,(#11700,#11707),.PCURVE_S1.);
#11696 = LINE('',#11697,#11698);
#11697 = CARTESIAN_POINT('',(2.5,37.5,2.5));
#11698 = VECTOR('',#11699,1.);
#11699 = DIRECTION('',(1.,0.,-0.));
#11700 = PCURVE('',#8320,#11701);
#11701 = DEFINITIONAL_REPRESENTATION('',(#11702),#11706);
#11702 = LINE('',#11703,#11704);
#11703 = CARTESIAN_POINT('',(0.,35.));
#11704 = VECTOR('',#11705,1.);
#11705 = DIRECTION('',(1.,0.));
#11706 = ( GEOMETRIC_REPRESENTATION_CONTEXT(2) 
PARAMETRIC_REPRESENTATION_CONTEXT() REPRESENTATION_CONTEXT('2D SPACE',''
  ) );
#11707 = PCURVE('',#11708,#11713);
#11708 = PLANE('',#11709);
#11709 = AXIS2_PLACEMENT_3D('',#11710,#11711,#11712);
#11710 = CARTESIAN_POINT('',(2.5,37.5,2.5));
#11711 = DIRECTION('',(-0.,1.,0.));
#11712 = DIRECTION('',(0.,0.,1.));
#11713 = DEFINITIONAL_REPRESENTATION('',(#11714),#11718);
#11714 = LINE('',#11715,#11716);
#11715 = CARTESIAN_POINT('',(0.,0.));
#11716 = VECTOR('',#11717,1.);
#11717 = DIRECTION('',(0.,1.));
#11718 = ( GEOMETRIC_REPRESENTATION_CONTEXT(2) 
PARAMETRIC_REPRESENTATION_CONTEXT() REPRESENTATION_CONTEXT('2D SPACE',''
  ) );
#11719 = ORIENTED_EDGE('',*,*,#11720,.F.);
#11720 = EDGE_CURVE('',#8864,#11691,#11721,.T.);
#11721 = SURFACE_CURVE('',#11722,(#11727,#11738),.PCURVE_S1.);
#11722 = CIRCLE('',#11723,1.);
#11723 = AXIS2_PLACEMENT_3D('',#11724,#11725,#11726);
#11724 = CARTESIAN_POINT('',(48.5,36.5,2.5));
#11725 = DIRECTION('',(-0.,-0.,-1.));
#11726 = DIRECTION('',(0.,-1.,0.));
#11727 = PCURVE('',#8320,#11728);
#11728 = DEFINITIONAL_REPRESENTATION('',(#11729),#11737);
#11729 = ( BOUNDED_CURVE() B_SPLINE_CURVE(2,(#11730,#11731,#11732,#11733
    ,#11734,#11735,#11736),.UNSPECIFIED.,.T.,.F.) 
B_SPLINE_CURVE_WITH_KNOTS((1,2,2,2,2,1),(-2.094395102393,0.,
    2.094395102393,4.188790204786,6.28318530718,8.377580409573),
.UNSPECIFIED.) CURVE() GEOMETRIC_REPRESENTATION_ITEM() 
RATIONAL_B_SPLINE_CURVE((1.,0.5,1.,0.5,1.,0.5,1.)) REPRESENTATION_ITEM(
  '') );
#11730 = CARTESIAN_POINT('',(46.,33.));
#11731 = CARTESIAN_POINT('',(44.267949192431,33.));
#11732 = CARTESIAN_POINT('',(45.133974596216,34.5));
#11733 = CARTESIAN_POINT('',(46.,36.));
#11734 = CARTESIAN_POINT('',(46.866025403784,34.5));
#11735 = CARTESIAN_POINT('',(47.732050807569,33.));
#11736 = CARTESIAN_POINT('',(46.,33.));
#11737 = ( GEOMETRIC_REPRESENTATION_CONTEXT(2) 
PARAMETRIC_REPRESENTATION_CONTEXT() REPRESENTATION_CONTEXT('2D SPACE',''
  ) );
#11738 = PCURVE('',#8902,#11739);
#11739 = DEFINITIONAL_REPRESENTATION('',(#11740),#11744);
#11740 = LINE('',#11741,#11742);
#11741 = CARTESIAN_POINT('',(1.570796326795,-0.));
#11742 = VECTOR('',#11743,1.);
#11743 = DIRECTION('',(-1.,0.));
#11744 = ( GEOMETRIC_REPRESENTATION_CONTEXT(2) 
PARAMETRIC_REPRESENTATION_CONTEXT() REPRESENTATION_CONTEXT('2D SPACE',''
  ) );
#11745 = ORIENTED_EDGE('',*,*,#8863,.F.);
#11746 = ORIENTED_EDGE('',*,*,#10053,.T.);
#11747 = ORIENTED_EDGE('',*,*,#8302,.T.);
#11748 = ORIENTED_EDGE('',*,*,#11749,.T.);
#11749 = EDGE_CURVE('',#8305,#11750,#11752,.T.);
#11750 = VERTEX_POINT('',#11751);
#11751 = CARTESIAN_POINT('',(57.5,3.5,2.5));
#11752 = SURFACE_CURVE('',#11753,(#11758,#11765),.PCURVE_S1.);
#11753 = CIRCLE('',#11754,1.);
#11754 = AXIS2_PLACEMENT_3D('',#11755,#11756,#11757);
#11755 = CARTESIAN_POINT('',(56.5,3.5,2.5));
#11756 = DIRECTION('',(0.,0.,1.));
#11757 = DIRECTION('',(0.,-1.,0.));
#11758 = PCURVE('',#8320,#11759);
#11759 = DEFINITIONAL_REPRESENTATION('',(#11760),#11764);
#11760 = CIRCLE('',#11761,1.);
#11761 = AXIS2_PLACEMENT_2D('',#11762,#11763);
#11762 = CARTESIAN_POINT('',(54.,1.));
#11763 = DIRECTION('',(0.,-1.));
#11764 = ( GEOMETRIC_REPRESENTATION_CONTEXT(2) 
PARAMETRIC_REPRESENTATION_CONTEXT() REPRESENTATION_CONTEXT('2D SPACE',''
  ) );
#11765 = PCURVE('',#8515,#11766);
#11766 = DEFINITIONAL_REPRESENTATION('',(#11767),#11771);
#11767 = LINE('',#11768,#11769);
#11768 = CARTESIAN_POINT('',(0.,0.));
#11769 = VECTOR('',#11770,1.);
#11770 = DIRECTION('',(1.,0.));
#11771 = ( GEOMETRIC_REPRESENTATION_CONTEXT(2) 
PARAMETRIC_REPRESENTATION_CONTEXT() REPRESENTATION_CONTEXT('2D SPACE',''
  ) );
#11772 = ORIENTED_EDGE('',*,*,#11773,.T.);
#11773 = EDGE_CURVE('',#11750,#11774,#11776,.T.);
#11774 = VERTEX_POINT('',#11775);
#11775 = CARTESIAN_POINT('',(57.5,36.5,2.5));
#11776 = SURFACE_CURVE('',#11777,(#11781,#11788),.PCURVE_S1.);
#11777 = LINE('',#11778,#11779);
#11778 = CARTESIAN_POINT('',(57.5,2.5,2.5));
#11779 = VECTOR('',#11780,1.);
#11780 = DIRECTION('',(-0.,1.,0.));
#11781 = PCURVE('',#8320,#11782);
#11782 = DEFINITIONAL_REPRESENTATION('',(#11783),#11787);
#11783 = LINE('',#11784,#11785);
#11784 = CARTESIAN_POINT('',(55.,0.));
#11785 = VECTOR('',#11786,1.);
#11786 = DIRECTION('',(0.,1.));
#11787 = ( GEOMETRIC_REPRESENTATION_CONTEXT(2) 
PARAMETRIC_REPRESENTATION_CONTEXT() REPRESENTATION_CONTEXT('2D SPACE',''
  ) );
#11788 = PCURVE('',#11789,#11794);
#11789 = PLANE('',#11790);
#11790 = AXIS2_PLACEMENT_3D('',#11791,#11792,#11793);
#11791 = CARTESIAN_POINT('',(57.5,2.5,2.5));
#11792 = DIRECTION('',(1.,0.,-0.));
#11793 = DIRECTION('',(0.,0.,1.));
#11794 = DEFINITIONAL_REPRESENTATION('',(#11795),#11799);
#11795 = LINE('',#11796,#11797);
#11796 = CARTESIAN_POINT('',(0.,0.));
#11797 = VECTOR('',#11798,1.);
#11798 = DIRECTION('',(0.,-1.));
#11799 = ( GEOMETRIC_REPRESENTATION_CONTEXT(2) 
PARAMETRIC_REPRESENTATION_CONTEXT() REPRESENTATION_CONTEXT('2D SPACE',''
  ) );
#11800 = ORIENTED_EDGE('',*,*,#11801,.F.);
#11801 = EDGE_CURVE('',#11693,#11774,#11802,.T.);
#11802 = SURFACE_CURVE('',#11803,(#11808,#11819),.PCURVE_S1.);
#11803 = CIRCLE('',#11804,1.);
#11804 = AXIS2_PLACEMENT_3D('',#11805,#11806,#11807);
#11805 = CARTESIAN_POINT('',(56.5,36.5,2.5));
#11806 = DIRECTION('',(-0.,-0.,-1.));
#11807 = DIRECTION('',(0.,-1.,0.));
#11808 = PCURVE('',#8320,#11809);
#11809 = DEFINITIONAL_REPRESENTATION('',(#11810),#11818);
#11810 = ( BOUNDED_CURVE() B_SPLINE_CURVE(2,(#11811,#11812,#11813,#11814
    ,#11815,#11816,#11817),.UNSPECIFIED.,.T.,.F.) 
B_SPLINE_CURVE_WITH_KNOTS((1,2,2,2,2,1),(-2.094395102393,0.,
    2.094395102393,4.188790204786,6.28318530718,8.377580409573),
.UNSPECIFIED.) CURVE() GEOMETRIC_REPRESENTATION_ITEM() 
RATIONAL_B_SPLINE_CURVE((1.,0.5,1.,0.5,1.,0.5,1.)) REPRESENTATION_ITEM(
  '') );
#11811 = CARTESIAN_POINT('',(54.,33.));
#11812 = CARTESIAN_POINT('',(52.267949192431,33.));
#11813 = CARTESIAN_POINT('',(53.133974596216,34.5));
#11814 = CARTESIAN_POINT('',(54.,36.));
#11815 = CARTESIAN_POINT('',(54.866025403784,34.5));
#11816 = CARTESIAN_POINT('',(55.732050807569,33.));
#11817 = CARTESIAN_POINT('',(54.,33.));
#11818 = ( GEOMETRIC_REPRESENTATION_CONTEXT(2) 
PARAMETRIC_REPRESENTATION_CONTEXT() REPRESENTATION_CONTEXT('2D SPACE',''
  ) );
#11819 = PCURVE('',#11820,#11825);
#11820 = CYLINDRICAL_SURFACE('',#11821,1.);
#11821 = AXIS2_PLACEMENT_3D('',#11822,#11823,#11824);
#11822 = CARTESIAN_POINT('',(56.5,36.5,2.5));
#11823 = DIRECTION('',(0.,0.,1.));
#11824 = DIRECTION('',(-0.,1.,0.));
#11825 = DEFINITIONAL_REPRESENTATION('',(#11826),#11830);
#11826 = LINE('',#11827,#11828);
#11827 = CARTESIAN_POINT('',(3.14159265359,-0.));
#11828 = VECTOR('',#11829,1.);
#11829 = DIRECTION('',(-1.,0.));
#11830 = ( GEOMETRIC_REPRESENTATION_CONTEXT(2) 
PARAMETRIC_REPRESENTATION_CONTEXT() REPRESENTATION_CONTEXT('2D SPACE',''
  ) );
#11831 = FACE_BOUND('',#11832,.T.);
#11832 = EDGE_LOOP('',(#11833));
#11833 = ORIENTED_EDGE('',*,*,#11834,.F.);
#11834 = EDGE_CURVE('',#11835,#11835,#11837,.T.);
#11835 = VERTEX_POINT('',#11836);
#11836 = CARTESIAN_POINT('',(56.,8.,2.5));
#11837 = SURFACE_CURVE('',#11838,(#11843,#11850),.PCURVE_S1.);
#11838 = CIRCLE('',#11839,4.);
#11839 = AXIS2_PLACEMENT_3D('',#11840,#11841,#11842);
#11840 = CARTESIAN_POINT('',(52.,8.,2.5));
#11841 = DIRECTION('',(0.,0.,1.));
#11842 = DIRECTION('',(1.,0.,-0.));
#11843 = PCURVE('',#8320,#11844);
#11844 = DEFINITIONAL_REPRESENTATION('',(#11845),#11849);
#11845 = CIRCLE('',#11846,4.);
#11846 = AXIS2_PLACEMENT_2D('',#11847,#11848);
#11847 = CARTESIAN_POINT('',(49.5,5.5));
#11848 = DIRECTION('',(1.,0.));
#11849 = ( GEOMETRIC_REPRESENTATION_CONTEXT(2) 
PARAMETRIC_REPRESENTATION_CONTEXT() REPRESENTATION_CONTEXT('2D SPACE',''
  ) );
#11850 = PCURVE('',#11851,#11856);
#11851 = CYLINDRICAL_SURFACE('',#11852,4.);
#11852 = AXIS2_PLACEMENT_3D('',#11853,#11854,#11855);
#11853 = CARTESIAN_POINT('',(52.,8.,2.5));
#11854 = DIRECTION('',(0.,0.,1.));
#11855 = DIRECTION('',(1.,0.,-0.));
#11856 = DEFINITIONAL_REPRESENTATION('',(#11857),#11861);
#11857 = LINE('',#11858,#11859);
#11858 = CARTESIAN_POINT('',(0.,0.));
#11859 = VECTOR('',#11860,1.);
#11860 = DIRECTION('',(1.,0.));
#11861 = ( GEOMETRIC_REPRESENTATION_CONTEXT(2) 
PARAMETRIC_REPRESENTATION_CONTEXT() REPRESENTATION_CONTEXT('2D SPACE',''
  ) );
#11862 = FACE_BOUND('',#11863,.T.);
#11863 = EDGE_LOOP('',(#11864));
#11864 = ORIENTED_EDGE('',*,*,#11865,.F.);
#11865 = EDGE_CURVE('',#11866,#11866,#11868,.T.);
#11866 = VERTEX_POINT('',#11867);
#11867 = CARTESIAN_POINT('',(56.,32.,2.5));
#11868 = SURFACE_CURVE('',#11869,(#11874,#11881),.PCURVE_S1.);
#11869 = CIRCLE('',#11870,4.);
#11870 = AXIS2_PLACEMENT_3D('',#11871,#11872,#11873);
#11871 = CARTESIAN_POINT('',(52.,32.,2.5));
#11872 = DIRECTION('',(0.,0.,1.));
#11873 = DIRECTION('',(1.,0.,-0.));
#11874 = PCURVE('',#8320,#11875);
#11875 = DEFINITIONAL_REPRESENTATION('',(#11876),#11880);
#11876 = CIRCLE('',#11877,4.);
#11877 = AXIS2_PLACEMENT_2D('',#11878,#11879);
#11878 = CARTESIAN_POINT('',(49.5,29.5));
#11879 = DIRECTION('',(1.,0.));
#11880 = ( GEOMETRIC_REPRESENTATION_CONTEXT(2) 
PARAMETRIC_REPRESENTATION_CONTEXT() REPRESENTATION_CONTEXT('2D SPACE',''
  ) );
#11881 = PCURVE('',#11882,#11887);
#11882 = CYLINDRICAL_SURFACE('',#11883,4.);
#11883 = AXIS2_PLACEMENT_3D('',#11884,#11885,#11886);
#11884 = CARTESIAN_POINT('',(52.,32.,2.5));
#11885 = DIRECTION('',(0.,0.,1.));
#11886 = DIRECTION('',(1.,0.,-0.));
#11887 = DEFINITIONAL_REPRESENTATION('',(#11888),#11892);
#11888 = LINE('',#11889,#11890);
#11889 = CARTESIAN_POINT('',(0.,0.));
#11890 = VECTOR('',#11891,1.);
#11891 = DIRECTION('',(1.,0.));
#11892 = ( GEOMETRIC_REPRESENTATION_CONTEXT(2) 
PARAMETRIC_REPRESENTATION_CONTEXT() REPRESENTATION_CONTEXT('2D SPACE',''
  ) );
#11893 = ADVANCED_FACE('',(#11894),#8515,.F.);
#11894 = FACE_BOUND('',#11895,.F.);
#11895 = EDGE_LOOP('',(#11896,#11897,#11920,#11942));
#11896 = ORIENTED_EDGE('',*,*,#11749,.T.);
#11897 = ORIENTED_EDGE('',*,*,#11898,.T.);
#11898 = EDGE_CURVE('',#11750,#11899,#11901,.T.);
#11899 = VERTEX_POINT('',#11900);
#11900 = CARTESIAN_POINT('',(57.5,3.5,22.5));
#11901 = SURFACE_CURVE('',#11902,(#11906,#11913),.PCURVE_S1.);
#11902 = LINE('',#11903,#11904);
#11903 = CARTESIAN_POINT('',(57.5,3.5,2.5));
#11904 = VECTOR('',#11905,1.);
#11905 = DIRECTION('',(0.,0.,1.));
#11906 = PCURVE('',#8515,#11907);
#11907 = DEFINITIONAL_REPRESENTATION('',(#11908),#11912);
#11908 = LINE('',#11909,#11910);
#11909 = CARTESIAN_POINT('',(1.570796326795,0.));
#11910 = VECTOR('',#11911,1.);
#11911 = DIRECTION('',(0.,1.));
#11912 = ( GEOMETRIC_REPRESENTATION_CONTEXT(2) 
PARAMETRIC_REPRESENTATION_CONTEXT() REPRESENTATION_CONTEXT('2D SPACE',''
  ) );
#11913 = PCURVE('',#11789,#11914);
#11914 = DEFINITIONAL_REPRESENTATION('',(#11915),#11919);
#11915 = LINE('',#11916,#11917);
#11916 = CARTESIAN_POINT('',(0.,-1.));
#11917 = VECTOR('',#11918,1.);
#11918 = DIRECTION('',(1.,0.));
#11919 = ( GEOMETRIC_REPRESENTATION_CONTEXT(2) 
PARAMETRIC_REPRESENTATION_CONTEXT() REPRESENTATION_CONTEXT('2D SPACE',''
  ) );
#11920 = ORIENTED_EDGE('',*,*,#11921,.F.);
#11921 = EDGE_CURVE('',#8474,#11899,#11922,.T.);
#11922 = SURFACE_CURVE('',#11923,(#11928,#11935),.PCURVE_S1.);
#11923 = CIRCLE('',#11924,1.);
#11924 = AXIS2_PLACEMENT_3D('',#11925,#11926,#11927);
#11925 = CARTESIAN_POINT('',(56.5,3.5,22.5));
#11926 = DIRECTION('',(0.,0.,1.));
#11927 = DIRECTION('',(0.,-1.,0.));
#11928 = PCURVE('',#8515,#11929);
#11929 = DEFINITIONAL_REPRESENTATION('',(#11930),#11934);
#11930 = LINE('',#11931,#11932);
#11931 = CARTESIAN_POINT('',(0.,20.));
#11932 = VECTOR('',#11933,1.);
#11933 = DIRECTION('',(1.,0.));
#11934 = ( GEOMETRIC_REPRESENTATION_CONTEXT(2) 
PARAMETRIC_REPRESENTATION_CONTEXT() REPRESENTATION_CONTEXT('2D SPACE',''
  ) );
#11935 = PCURVE('',#8489,#11936);
#11936 = DEFINITIONAL_REPRESENTATION('',(#11937),#11941);
#11937 = CIRCLE('',#11938,1.);
#11938 = AXIS2_PLACEMENT_2D('',#11939,#11940);
#11939 = CARTESIAN_POINT('',(54.,1.));
#11940 = DIRECTION('',(0.,-1.));
#11941 = ( GEOMETRIC_REPRESENTATION_CONTEXT(2) 
PARAMETRIC_REPRESENTATION_CONTEXT() REPRESENTATION_CONTEXT('2D SPACE',''
  ) );
#11942 = ORIENTED_EDGE('',*,*,#8501,.F.);
#11943 = ADVANCED_FACE('',(#11944),#8489,.F.);
#11944 = FACE_BOUND('',#11945,.F.);
#11945 = EDGE_LOOP('',(#11946,#11971,#11997,#11998,#11999,#12000,#12001,
    #12024));
#11946 = ORIENTED_EDGE('',*,*,#11947,.F.);
#11947 = EDGE_CURVE('',#11948,#11950,#11952,.T.);
#11948 = VERTEX_POINT('',#11949);
#11949 = CARTESIAN_POINT('',(48.5,37.5,22.5));
#11950 = VERTEX_POINT('',#11951);
#11951 = CARTESIAN_POINT('',(56.5,37.5,22.5));
#11952 = SURFACE_CURVE('',#11953,(#11957,#11964),.PCURVE_S1.);
#11953 = LINE('',#11954,#11955);
#11954 = CARTESIAN_POINT('',(2.5,37.5,22.5));
#11955 = VECTOR('',#11956,1.);
#11956 = DIRECTION('',(1.,0.,-0.));
#11957 = PCURVE('',#8489,#11958);
#11958 = DEFINITIONAL_REPRESENTATION('',(#11959),#11963);
#11959 = LINE('',#11960,#11961);
#11960 = CARTESIAN_POINT('',(0.,35.));
#11961 = VECTOR('',#11962,1.);
#11962 = DIRECTION('',(1.,0.));
#11963 = ( GEOMETRIC_REPRESENTATION_CONTEXT(2) 
PARAMETRIC_REPRESENTATION_CONTEXT() REPRESENTATION_CONTEXT('2D SPACE',''
  ) );
#11964 = PCURVE('',#11708,#11965);
#11965 = DEFINITIONAL_REPRESENTATION('',(#11966),#11970);
#11966 = LINE('',#11967,#11968);
#11967 = CARTESIAN_POINT('',(20.,0.));
#11968 = VECTOR('',#11969,1.);
#11969 = DIRECTION('',(0.,1.));
#11970 = ( GEOMETRIC_REPRESENTATION_CONTEXT(2) 
PARAMETRIC_REPRESENTATION_CONTEXT() REPRESENTATION_CONTEXT('2D SPACE',''
  ) );
#11971 = ORIENTED_EDGE('',*,*,#11972,.F.);
#11972 = EDGE_CURVE('',#8887,#11948,#11973,.T.);
#11973 = SURFACE_CURVE('',#11974,(#11979,#11990),.PCURVE_S1.);
#11974 = CIRCLE('',#11975,1.);
#11975 = AXIS2_PLACEMENT_3D('',#11976,#11977,#11978);
#11976 = CARTESIAN_POINT('',(48.5,36.5,22.5));
#11977 = DIRECTION('',(-0.,-0.,-1.));
#11978 = DIRECTION('',(0.,-1.,0.));
#11979 = PCURVE('',#8489,#11980);
#11980 = DEFINITIONAL_REPRESENTATION('',(#11981),#11989);
#11981 = ( BOUNDED_CURVE() B_SPLINE_CURVE(2,(#11982,#11983,#11984,#11985
    ,#11986,#11987,#11988),.UNSPECIFIED.,.T.,.F.) 
B_SPLINE_CURVE_WITH_KNOTS((1,2,2,2,2,1),(-2.094395102393,0.,
    2.094395102393,4.188790204786,6.28318530718,8.377580409573),
.UNSPECIFIED.) CURVE() GEOMETRIC_REPRESENTATION_ITEM() 
RATIONAL_B_SPLINE_CURVE((1.,0.5,1.,0.5,1.,0.5,1.)) REPRESENTATION_ITEM(
  '') );
#11982 = CARTESIAN_POINT('',(46.,33.));
#11983 = CARTESIAN_POINT('',(44.267949192431,33.));
#11984 = CARTESIAN_POINT('',(45.133974596216,34.5));
#11985 = CARTESIAN_POINT('',(46.,36.));
#11986 = CARTESIAN_POINT('',(46.866025403784,34.5));
#11987 = CARTESIAN_POINT('',(47.732050807569,33.));
#11988 = CARTESIAN_POINT('',(46.,33.));
#11989 = ( GEOMETRIC_REPRESENTATION_CONTEXT(2) 
PARAMETRIC_REPRESENTATION_CONTEXT() REPRESENTATION_CONTEXT('2D SPACE',''
  ) );
#11990 = PCURVE('',#8902,#11991);
#11991 = DEFINITIONAL_REPRESENTATION('',(#11992),#11996);
#11992 = LINE('',#11993,#11994);
#11993 = CARTESIAN_POINT('',(1.570796326795,20.));
#11994 = VECTOR('',#11995,1.);
#11995 = DIRECTION('',(-1.,0.));
#11996 = ( GEOMETRIC_REPRESENTATION_CONTEXT(2) 
PARAMETRIC_REPRESENTATION_CONTEXT() REPRESENTATION_CONTEXT('2D SPACE',''
  ) );
#11997 = ORIENTED_EDGE('',*,*,#8914,.F.);
#11998 = ORIENTED_EDGE('',*,*,#10889,.T.);
#11999 = ORIENTED_EDGE('',*,*,#8473,.T.);
#12000 = ORIENTED_EDGE('',*,*,#11921,.T.);
#12001 = ORIENTED_EDGE('',*,*,#12002,.T.);
#12002 = EDGE_CURVE('',#11899,#12003,#12005,.T.);
#12003 = VERTEX_POINT('',#12004);
#12004 = CARTESIAN_POINT('',(57.5,36.5,22.5));
#12005 = SURFACE_CURVE('',#12006,(#12010,#12017),.PCURVE_S1.);
#12006 = LINE('',#12007,#12008);
#12007 = CARTESIAN_POINT('',(57.5,2.5,22.5));
#12008 = VECTOR('',#12009,1.);
#12009 = DIRECTION('',(-0.,1.,0.));
#12010 = PCURVE('',#8489,#12011);
#12011 = DEFINITIONAL_REPRESENTATION('',(#12012),#12016);
#12012 = LINE('',#12013,#12014);
#12013 = CARTESIAN_POINT('',(55.,0.));
#12014 = VECTOR('',#12015,1.);
#12015 = DIRECTION('',(0.,1.));
#12016 = ( GEOMETRIC_REPRESENTATION_CONTEXT(2) 
PARAMETRIC_REPRESENTATION_CONTEXT() REPRESENTATION_CONTEXT('2D SPACE',''
  ) );
#12017 = PCURVE('',#11789,#12018);
#12018 = DEFINITIONAL_REPRESENTATION('',(#12019),#12023);
#12019 = LINE('',#12020,#12021);
#12020 = CARTESIAN_POINT('',(20.,0.));
#12021 = VECTOR('',#12022,1.);
#12022 = DIRECTION('',(0.,-1.));
#12023 = ( GEOMETRIC_REPRESENTATION_CONTEXT(2) 
PARAMETRIC_REPRESENTATION_CONTEXT() REPRESENTATION_CONTEXT('2D SPACE',''
  ) );
#12024 = ORIENTED_EDGE('',*,*,#12025,.F.);
#12025 = EDGE_CURVE('',#11950,#12003,#12026,.T.);
#12026 = SURFACE_CURVE('',#12027,(#12032,#12043),.PCURVE_S1.);
#12027 = CIRCLE('',#12028,1.);
#12028 = AXIS2_PLACEMENT_3D('',#12029,#12030,#12031);
#12029 = CARTESIAN_POINT('',(56.5,36.5,22.5));
#12030 = DIRECTION('',(-0.,-0.,-1.));
#12031 = DIRECTION('',(0.,-1.,0.));
#12032 = PCURVE('',#8489,#12033);
#12033 = DEFINITIONAL_REPRESENTATION('',(#12034),#12042);
#12034 = ( BOUNDED_CURVE() B_SPLINE_CURVE(2,(#12035,#12036,#12037,#12038
    ,#12039,#12040,#12041),.UNSPECIFIED.,.T.,.F.) 
B_SPLINE_CURVE_WITH_KNOTS((1,2,2,2,2,1),(-2.094395102393,0.,
    2.094395102393,4.188790204786,6.28318530718,8.377580409573),
.UNSPECIFIED.) CURVE() GEOMETRIC_REPRESENTATION_ITEM() 
RATIONAL_B_SPLINE_CURVE((1.,0.5,1.,0.5,1.,0.5,1.)) REPRESENTATION_ITEM(
  '') );
#12035 = CARTESIAN_POINT('',(54.,33.));
#12036 = CARTESIAN_POINT('',(52.267949192431,33.));
#12037 = CARTESIAN_POINT('',(53.133974596216,34.5));
#12038 = CARTESIAN_POINT('',(54.,36.));
#12039 = CARTESIAN_POINT('',(54.866025403784,34.5));
#12040 = CARTESIAN_POINT('',(55.732050807569,33.));
#12041 = CARTESIAN_POINT('',(54.,33.));
#12042 = ( GEOMETRIC_REPRESENTATION_CONTEXT(2) 
PARAMETRIC_REPRESENTATION_CONTEXT() REPRESENTATION_CONTEXT('2D SPACE',''
  ) );
#12043 = PCURVE('',#11820,#12044);
#12044 = DEFINITIONAL_REPRESENTATION('',(#12045),#12049);
#12045 = LINE('',#12046,#12047);
#12046 = CARTESIAN_POINT('',(3.14159265359,20.));
#12047 = VECTOR('',#12048,1.);
#12048 = DIRECTION('',(-1.,0.));
#12049 = ( GEOMETRIC_REPRESENTATION_CONTEXT(2) 
PARAMETRIC_REPRESENTATION_CONTEXT() REPRESENTATION_CONTEXT('2D SPACE',''
  ) );
#12050 = ADVANCED_FACE('',(#12051),#8651,.T.);
#12051 = FACE_BOUND('',#12052,.T.);
#12052 = EDGE_LOOP('',(#12053,#12083,#12109,#12110,#12111,#12112,#12113,
    #12114));
#12053 = ORIENTED_EDGE('',*,*,#12054,.F.);
#12054 = EDGE_CURVE('',#12055,#12057,#12059,.T.);
#12055 = VERTEX_POINT('',#12056);
#12056 = CARTESIAN_POINT('',(18.5,37.5,2.5));
#12057 = VERTEX_POINT('',#12058);
#12058 = CARTESIAN_POINT('',(29.,37.5,2.5));
#12059 = SURFACE_CURVE('',#12060,(#12064,#12071),.PCURVE_S1.);
#12060 = LINE('',#12061,#12062);
#12061 = CARTESIAN_POINT('',(2.5,37.5,2.5));
#12062 = VECTOR('',#12063,1.);
#12063 = DIRECTION('',(1.,0.,-0.));
#12064 = PCURVE('',#8651,#12065);
#12065 = DEFINITIONAL_REPRESENTATION('',(#12066),#12070);
#12066 = LINE('',#12067,#12068);
#12067 = CARTESIAN_POINT('',(0.,35.));
#12068 = VECTOR('',#12069,1.);
#12069 = DIRECTION('',(1.,0.));
#12070 = ( GEOMETRIC_REPRESENTATION_CONTEXT(2) 
PARAMETRIC_REPRESENTATION_CONTEXT() REPRESENTATION_CONTEXT('2D SPACE',''
  ) );
#12071 = PCURVE('',#12072,#12077);
#12072 = PLANE('',#12073);
#12073 = AXIS2_PLACEMENT_3D('',#12074,#12075,#12076);
#12074 = CARTESIAN_POINT('',(2.5,37.5,2.5));
#12075 = DIRECTION('',(-0.,1.,0.));
#12076 = DIRECTION('',(0.,0.,1.));
#12077 = DEFINITIONAL_REPRESENTATION('',(#12078),#12082);
#12078 = LINE('',#12079,#12080);
#12079 = CARTESIAN_POINT('',(0.,0.));
#12080 = VECTOR('',#12081,1.);
#12081 = DIRECTION('',(0.,1.));
#12082 = ( GEOMETRIC_REPRESENTATION_CONTEXT(2) 
PARAMETRIC_REPRESENTATION_CONTEXT() REPRESENTATION_CONTEXT('2D SPACE',''
  ) );
#12083 = ORIENTED_EDGE('',*,*,#12084,.F.);
#12084 = EDGE_CURVE('',#8636,#12055,#12085,.T.);
#12085 = SURFACE_CURVE('',#12086,(#12091,#12102),.PCURVE_S1.);
#12086 = CIRCLE('',#12087,1.);
#12087 = AXIS2_PLACEMENT_3D('',#12088,#12089,#12090);
#12088 = CARTESIAN_POINT('',(18.5,36.5,2.5));
#12089 = DIRECTION('',(-0.,-0.,-1.));
#12090 = DIRECTION('',(0.,-1.,0.));
#12091 = PCURVE('',#8651,#12092);
#12092 = DEFINITIONAL_REPRESENTATION('',(#12093),#12101);
#12093 = ( BOUNDED_CURVE() B_SPLINE_CURVE(2,(#12094,#12095,#12096,#12097
    ,#12098,#12099,#12100),.UNSPECIFIED.,.T.,.F.) 
B_SPLINE_CURVE_WITH_KNOTS((1,2,2,2,2,1),(-2.094395102393,0.,
    2.094395102393,4.188790204786,6.28318530718,8.377580409573),
.UNSPECIFIED.) CURVE() GEOMETRIC_REPRESENTATION_ITEM() 
RATIONAL_B_SPLINE_CURVE((1.,0.5,1.,0.5,1.,0.5,1.)) REPRESENTATION_ITEM(
  '') );
#12094 = CARTESIAN_POINT('',(16.,33.));
#12095 = CARTESIAN_POINT('',(14.267949192431,33.));
#12096 = CARTESIAN_POINT('',(15.133974596216,34.5));
#12097 = CARTESIAN_POINT('',(16.,36.));
#12098 = CARTESIAN_POINT('',(16.866025403784,34.5));
#12099 = CARTESIAN_POINT('',(17.732050807569,33.));
#12100 = CARTESIAN_POINT('',(16.,33.));
#12101 = ( GEOMETRIC_REPRESENTATION_CONTEXT(2) 
PARAMETRIC_REPRESENTATION_CONTEXT() REPRESENTATION_CONTEXT('2D SPACE',''
  ) );
#12102 = PCURVE('',#8679,#12103);
#12103 = DEFINITIONAL_REPRESENTATION('',(#12104),#12108);
#12104 = LINE('',#12105,#12106);
#12105 = CARTESIAN_POINT('',(1.570796326795,-0.));
#12106 = VECTOR('',#12107,1.);
#12107 = DIRECTION('',(-1.,0.));
#12108 = ( GEOMETRIC_REPRESENTATION_CONTEXT(2) 
PARAMETRIC_REPRESENTATION_CONTEXT() REPRESENTATION_CONTEXT('2D SPACE',''
  ) );
#12109 = ORIENTED_EDGE('',*,*,#8635,.F.);
#12110 = ORIENTED_EDGE('',*,*,#10081,.T.);
#12111 = ORIENTED_EDGE('',*,*,#10131,.T.);
#12112 = ORIENTED_EDGE('',*,*,#10180,.F.);
#12113 = ORIENTED_EDGE('',*,*,#9243,.T.);
#12114 = ORIENTED_EDGE('',*,*,#12115,.T.);
#12115 = EDGE_CURVE('',#9244,#12057,#12116,.T.);
#12116 = SURFACE_CURVE('',#12117,(#12122,#12129),.PCURVE_S1.);
#12117 = CIRCLE('',#12118,1.);
#12118 = AXIS2_PLACEMENT_3D('',#12119,#12120,#12121);
#12119 = CARTESIAN_POINT('',(29.,36.5,2.5));
#12120 = DIRECTION('',(0.,0.,1.));
#12121 = DIRECTION('',(0.,-1.,0.));
#12122 = PCURVE('',#8651,#12123);
#12123 = DEFINITIONAL_REPRESENTATION('',(#12124),#12128);
#12124 = CIRCLE('',#12125,1.);
#12125 = AXIS2_PLACEMENT_2D('',#12126,#12127);
#12126 = CARTESIAN_POINT('',(26.5,34.));
#12127 = DIRECTION('',(0.,-1.));
#12128 = ( GEOMETRIC_REPRESENTATION_CONTEXT(2) 
PARAMETRIC_REPRESENTATION_CONTEXT() REPRESENTATION_CONTEXT('2D SPACE',''
  ) );
#12129 = PCURVE('',#9282,#12130);
#12130 = DEFINITIONAL_REPRESENTATION('',(#12131),#12135);
#12131 = LINE('',#12132,#12133);
#12132 = CARTESIAN_POINT('',(-1.570796326795,0.));
#12133 = VECTOR('',#12134,1.);
#12134 = DIRECTION('',(1.,0.));
#12135 = ( GEOMETRIC_REPRESENTATION_CONTEXT(2) 
PARAMETRIC_REPRESENTATION_CONTEXT() REPRESENTATION_CONTEXT('2D SPACE',''
  ) );
#12136 = ADVANCED_FACE('',(#12137),#8679,.F.);
#12137 = FACE_BOUND('',#12138,.T.);
#12138 = EDGE_LOOP('',(#12139,#12140,#12163,#12189));
#12139 = ORIENTED_EDGE('',*,*,#12084,.T.);
#12140 = ORIENTED_EDGE('',*,*,#12141,.T.);
#12141 = EDGE_CURVE('',#12055,#12142,#12144,.T.);
#12142 = VERTEX_POINT('',#12143);
#12143 = CARTESIAN_POINT('',(18.5,37.5,22.5));
#12144 = SURFACE_CURVE('',#12145,(#12149,#12156),.PCURVE_S1.);
#12145 = LINE('',#12146,#12147);
#12146 = CARTESIAN_POINT('',(18.5,37.5,2.5));
#12147 = VECTOR('',#12148,1.);
#12148 = DIRECTION('',(0.,0.,1.));
#12149 = PCURVE('',#8679,#12150);
#12150 = DEFINITIONAL_REPRESENTATION('',(#12151),#12155);
#12151 = LINE('',#12152,#12153);
#12152 = CARTESIAN_POINT('',(-1.570796326795,0.));
#12153 = VECTOR('',#12154,1.);
#12154 = DIRECTION('',(-0.,1.));
#12155 = ( GEOMETRIC_REPRESENTATION_CONTEXT(2) 
PARAMETRIC_REPRESENTATION_CONTEXT() REPRESENTATION_CONTEXT('2D SPACE',''
  ) );
#12156 = PCURVE('',#12072,#12157);
#12157 = DEFINITIONAL_REPRESENTATION('',(#12158),#12162);
#12158 = LINE('',#12159,#12160);
#12159 = CARTESIAN_POINT('',(0.,16.));
#12160 = VECTOR('',#12161,1.);
#12161 = DIRECTION('',(1.,0.));
#12162 = ( GEOMETRIC_REPRESENTATION_CONTEXT(2) 
PARAMETRIC_REPRESENTATION_CONTEXT() REPRESENTATION_CONTEXT('2D SPACE',''
  ) );
#12163 = ORIENTED_EDGE('',*,*,#12164,.F.);
#12164 = EDGE_CURVE('',#8664,#12142,#12165,.T.);
#12165 = SURFACE_CURVE('',#12166,(#12171,#12178),.PCURVE_S1.);
#12166 = CIRCLE('',#12167,1.);
#12167 = AXIS2_PLACEMENT_3D('',#12168,#12169,#12170);
#12168 = CARTESIAN_POINT('',(18.5,36.5,22.5));
#12169 = DIRECTION('',(-0.,-0.,-1.));
#12170 = DIRECTION('',(0.,-1.,0.));
#12171 = PCURVE('',#8679,#12172);
#12172 = DEFINITIONAL_REPRESENTATION('',(#12173),#12177);
#12173 = LINE('',#12174,#12175);
#12174 = CARTESIAN_POINT('',(1.570796326795,20.));
#12175 = VECTOR('',#12176,1.);
#12176 = DIRECTION('',(-1.,0.));
#12177 = ( GEOMETRIC_REPRESENTATION_CONTEXT(2) 
PARAMETRIC_REPRESENTATION_CONTEXT() REPRESENTATION_CONTEXT('2D SPACE',''
  ) );
#12178 = PCURVE('',#8707,#12179);
#12179 = DEFINITIONAL_REPRESENTATION('',(#12180),#12188);
#12180 = ( BOUNDED_CURVE() B_SPLINE_CURVE(2,(#12181,#12182,#12183,#12184
    ,#12185,#12186,#12187),.UNSPECIFIED.,.T.,.F.) 
B_SPLINE_CURVE_WITH_KNOTS((1,2,2,2,2,1),(-2.094395102393,0.,
    2.094395102393,4.188790204786,6.28318530718,8.377580409573),
.UNSPECIFIED.) CURVE() GEOMETRIC_REPRESENTATION_ITEM() 
RATIONAL_B_SPLINE_CURVE((1.,0.5,1.,0.5,1.,0.5,1.)) REPRESENTATION_ITEM(
  '') );
#12181 = CARTESIAN_POINT('',(16.,33.));
#12182 = CARTESIAN_POINT('',(14.267949192431,33.));
#12183 = CARTESIAN_POINT('',(15.133974596216,34.5));
#12184 = CARTESIAN_POINT('',(16.,36.));
#12185 = CARTESIAN_POINT('',(16.866025403784,34.5));
#12186 = CARTESIAN_POINT('',(17.732050807569,33.));
#12187 = CARTESIAN_POINT('',(16.,33.));
#12188 = ( GEOMETRIC_REPRESENTATION_CONTEXT(2) 
PARAMETRIC_REPRESENTATION_CONTEXT() REPRESENTATION_CONTEXT('2D SPACE',''
  ) );
#12189 = ORIENTED_EDGE('',*,*,#8663,.F.);
#12190 = ADVANCED_FACE('',(#12191),#8707,.F.);
#12191 = FACE_BOUND('',#12192,.F.);
#12192 = EDGE_LOOP('',(#12193,#12216,#12217,#12218,#12219,#12220,#12221,
    #12222));
#12193 = ORIENTED_EDGE('',*,*,#12194,.F.);
#12194 = EDGE_CURVE('',#12142,#12195,#12197,.T.);
#12195 = VERTEX_POINT('',#12196);
#12196 = CARTESIAN_POINT('',(29.,37.5,22.5));
#12197 = SURFACE_CURVE('',#12198,(#12202,#12209),.PCURVE_S1.);
#12198 = LINE('',#12199,#12200);
#12199 = CARTESIAN_POINT('',(2.5,37.5,22.5));
#12200 = VECTOR('',#12201,1.);
#12201 = DIRECTION('',(1.,0.,-0.));
#12202 = PCURVE('',#8707,#12203);
#12203 = DEFINITIONAL_REPRESENTATION('',(#12204),#12208);
#12204 = LINE('',#12205,#12206);
#12205 = CARTESIAN_POINT('',(0.,35.));
#12206 = VECTOR('',#12207,1.);
#12207 = DIRECTION('',(1.,0.));
#12208 = ( GEOMETRIC_REPRESENTATION_CONTEXT(2) 
PARAMETRIC_REPRESENTATION_CONTEXT() REPRESENTATION_CONTEXT('2D SPACE',''
  ) );
#12209 = PCURVE('',#12072,#12210);
#12210 = DEFINITIONAL_REPRESENTATION('',(#12211),#12215);
#12211 = LINE('',#12212,#12213);
#12212 = CARTESIAN_POINT('',(20.,0.));
#12213 = VECTOR('',#12214,1.);
#12214 = DIRECTION('',(0.,1.));
#12215 = ( GEOMETRIC_REPRESENTATION_CONTEXT(2) 
PARAMETRIC_REPRESENTATION_CONTEXT() REPRESENTATION_CONTEXT('2D SPACE',''
  ) );
#12216 = ORIENTED_EDGE('',*,*,#12164,.F.);
#12217 = ORIENTED_EDGE('',*,*,#8691,.F.);
#12218 = ORIENTED_EDGE('',*,*,#10939,.T.);
#12219 = ORIENTED_EDGE('',*,*,#10994,.T.);
#12220 = ORIENTED_EDGE('',*,*,#11070,.F.);
#12221 = ORIENTED_EDGE('',*,*,#9294,.T.);
#12222 = ORIENTED_EDGE('',*,*,#12223,.T.);
#12223 = EDGE_CURVE('',#9267,#12195,#12224,.T.);
#12224 = SURFACE_CURVE('',#12225,(#12230,#12237),.PCURVE_S1.);
#12225 = CIRCLE('',#12226,1.);
#12226 = AXIS2_PLACEMENT_3D('',#12227,#12228,#12229);
#12227 = CARTESIAN_POINT('',(29.,36.5,22.5));
#12228 = DIRECTION('',(0.,0.,1.));
#12229 = DIRECTION('',(0.,-1.,0.));
#12230 = PCURVE('',#8707,#12231);
#12231 = DEFINITIONAL_REPRESENTATION('',(#12232),#12236);
#12232 = CIRCLE('',#12233,1.);
#12233 = AXIS2_PLACEMENT_2D('',#12234,#12235);
#12234 = CARTESIAN_POINT('',(26.5,34.));
#12235 = DIRECTION('',(0.,-1.));
#12236 = ( GEOMETRIC_REPRESENTATION_CONTEXT(2) 
PARAMETRIC_REPRESENTATION_CONTEXT() REPRESENTATION_CONTEXT('2D SPACE',''
  ) );
#12237 = PCURVE('',#9282,#12238);
#12238 = DEFINITIONAL_REPRESENTATION('',(#12239),#12243);
#12239 = LINE('',#12240,#12241);
#12240 = CARTESIAN_POINT('',(-1.570796326795,20.));
#12241 = VECTOR('',#12242,1.);
#12242 = DIRECTION('',(1.,0.));
#12243 = ( GEOMETRIC_REPRESENTATION_CONTEXT(2) 
PARAMETRIC_REPRESENTATION_CONTEXT() REPRESENTATION_CONTEXT('2D SPACE',''
  ) );
#12244 = ADVANCED_FACE('',(#12245),#8902,.F.);
#12245 = FACE_BOUND('',#12246,.T.);
#12246 = EDGE_LOOP('',(#12247,#12248,#12269,#12270));
#12247 = ORIENTED_EDGE('',*,*,#11720,.T.);
#12248 = ORIENTED_EDGE('',*,*,#12249,.T.);
#12249 = EDGE_CURVE('',#11691,#11948,#12250,.T.);
#12250 = SURFACE_CURVE('',#12251,(#12255,#12262),.PCURVE_S1.);
#12251 = LINE('',#12252,#12253);
#12252 = CARTESIAN_POINT('',(48.5,37.5,2.5));
#12253 = VECTOR('',#12254,1.);
#12254 = DIRECTION('',(0.,0.,1.));
#12255 = PCURVE('',#8902,#12256);
#12256 = DEFINITIONAL_REPRESENTATION('',(#12257),#12261);
#12257 = LINE('',#12258,#12259);
#12258 = CARTESIAN_POINT('',(-1.570796326795,0.));
#12259 = VECTOR('',#12260,1.);
#12260 = DIRECTION('',(-0.,1.));
#12261 = ( GEOMETRIC_REPRESENTATION_CONTEXT(2) 
PARAMETRIC_REPRESENTATION_CONTEXT() REPRESENTATION_CONTEXT('2D SPACE',''
  ) );
#12262 = PCURVE('',#11708,#12263);
#12263 = DEFINITIONAL_REPRESENTATION('',(#12264),#12268);
#12264 = LINE('',#12265,#12266);
#12265 = CARTESIAN_POINT('',(0.,46.));
#12266 = VECTOR('',#12267,1.);
#12267 = DIRECTION('',(1.,0.));
#12268 = ( GEOMETRIC_REPRESENTATION_CONTEXT(2) 
PARAMETRIC_REPRESENTATION_CONTEXT() REPRESENTATION_CONTEXT('2D SPACE',''
  ) );
#12269 = ORIENTED_EDGE('',*,*,#11972,.F.);
#12270 = ORIENTED_EDGE('',*,*,#8886,.F.);
#12271 = ADVANCED_FACE('',(#12272),#9282,.F.);
#12272 = FACE_BOUND('',#12273,.F.);
#12273 = EDGE_LOOP('',(#12274,#12275,#12296,#12297));
#12274 = ORIENTED_EDGE('',*,*,#12115,.T.);
#12275 = ORIENTED_EDGE('',*,*,#12276,.T.);
#12276 = EDGE_CURVE('',#12057,#12195,#12277,.T.);
#12277 = SURFACE_CURVE('',#12278,(#12282,#12289),.PCURVE_S1.);
#12278 = LINE('',#12279,#12280);
#12279 = CARTESIAN_POINT('',(29.,37.5,2.5));
#12280 = VECTOR('',#12281,1.);
#12281 = DIRECTION('',(0.,0.,1.));
#12282 = PCURVE('',#9282,#12283);
#12283 = DEFINITIONAL_REPRESENTATION('',(#12284),#12288);
#12284 = LINE('',#12285,#12286);
#12285 = CARTESIAN_POINT('',(1.570796326795,0.));
#12286 = VECTOR('',#12287,1.);
#12287 = DIRECTION('',(0.,1.));
#12288 = ( GEOMETRIC_REPRESENTATION_CONTEXT(2) 
PARAMETRIC_REPRESENTATION_CONTEXT() REPRESENTATION_CONTEXT('2D SPACE',''
  ) );
#12289 = PCURVE('',#12072,#12290);
#12290 = DEFINITIONAL_REPRESENTATION('',(#12291),#12295);
#12291 = LINE('',#12292,#12293);
#12292 = CARTESIAN_POINT('',(0.,26.5));
#12293 = VECTOR('',#12294,1.);
#12294 = DIRECTION('',(1.,0.));
#12295 = ( GEOMETRIC_REPRESENTATION_CONTEXT(2) 
PARAMETRIC_REPRESENTATION_CONTEXT() REPRESENTATION_CONTEXT('2D SPACE',''
  ) );
#12296 = ORIENTED_EDGE('',*,*,#12223,.F.);
#12297 = ORIENTED_EDGE('',*,*,#9266,.F.);
#12298 = ADVANCED_FACE('',(#12299),#9477,.T.);
#12299 = FACE_BOUND('',#12300,.T.);
#12300 = EDGE_LOOP('',(#12301,#12331,#12357,#12358,#12359,#12360,#12361,
    #12362));
#12301 = ORIENTED_EDGE('',*,*,#12302,.F.);
#12302 = EDGE_CURVE('',#12303,#12305,#12307,.T.);
#12303 = VERTEX_POINT('',#12304);
#12304 = CARTESIAN_POINT('',(33.5,37.5,2.5));
#12305 = VERTEX_POINT('',#12306);
#12306 = CARTESIAN_POINT('',(44.,37.5,2.5));
#12307 = SURFACE_CURVE('',#12308,(#12312,#12319),.PCURVE_S1.);
#12308 = LINE('',#12309,#12310);
#12309 = CARTESIAN_POINT('',(2.5,37.5,2.5));
#12310 = VECTOR('',#12311,1.);
#12311 = DIRECTION('',(1.,0.,-0.));
#12312 = PCURVE('',#9477,#12313);
#12313 = DEFINITIONAL_REPRESENTATION('',(#12314),#12318);
#12314 = LINE('',#12315,#12316);
#12315 = CARTESIAN_POINT('',(0.,35.));
#12316 = VECTOR('',#12317,1.);
#12317 = DIRECTION('',(1.,0.));
#12318 = ( GEOMETRIC_REPRESENTATION_CONTEXT(2) 
PARAMETRIC_REPRESENTATION_CONTEXT() REPRESENTATION_CONTEXT('2D SPACE',''
  ) );
#12319 = PCURVE('',#12320,#12325);
#12320 = PLANE('',#12321);
#12321 = AXIS2_PLACEMENT_3D('',#12322,#12323,#12324);
#12322 = CARTESIAN_POINT('',(2.5,37.5,2.5));
#12323 = DIRECTION('',(-0.,1.,0.));
#12324 = DIRECTION('',(0.,0.,1.));
#12325 = DEFINITIONAL_REPRESENTATION('',(#12326),#12330);
#12326 = LINE('',#12327,#12328);
#12327 = CARTESIAN_POINT('',(0.,0.));
#12328 = VECTOR('',#12329,1.);
#12329 = DIRECTION('',(0.,1.));
#12330 = ( GEOMETRIC_REPRESENTATION_CONTEXT(2) 
PARAMETRIC_REPRESENTATION_CONTEXT() REPRESENTATION_CONTEXT('2D SPACE',''
  ) );
#12331 = ORIENTED_EDGE('',*,*,#12332,.F.);
#12332 = EDGE_CURVE('',#9852,#12303,#12333,.T.);
#12333 = SURFACE_CURVE('',#12334,(#12339,#12350),.PCURVE_S1.);
#12334 = CIRCLE('',#12335,1.);
#12335 = AXIS2_PLACEMENT_3D('',#12336,#12337,#12338);
#12336 = CARTESIAN_POINT('',(33.5,36.5,2.5));
#12337 = DIRECTION('',(-0.,-0.,-1.));
#12338 = DIRECTION('',(0.,-1.,0.));
#12339 = PCURVE('',#9477,#12340);
#12340 = DEFINITIONAL_REPRESENTATION('',(#12341),#12349);
#12341 = ( BOUNDED_CURVE() B_SPLINE_CURVE(2,(#12342,#12343,#12344,#12345
    ,#12346,#12347,#12348),.UNSPECIFIED.,.T.,.F.) 
B_SPLINE_CURVE_WITH_KNOTS((1,2,2,2,2,1),(-2.094395102393,0.,
    2.094395102393,4.188790204786,6.28318530718,8.377580409573),
.UNSPECIFIED.) CURVE() GEOMETRIC_REPRESENTATION_ITEM() 
RATIONAL_B_SPLINE_CURVE((1.,0.5,1.,0.5,1.,0.5,1.)) REPRESENTATION_ITEM(
  '') );
#12342 = CARTESIAN_POINT('',(31.,33.));
#12343 = CARTESIAN_POINT('',(29.267949192431,33.));
#12344 = CARTESIAN_POINT('',(30.133974596216,34.5));
#12345 = CARTESIAN_POINT('',(31.,36.));
#12346 = CARTESIAN_POINT('',(31.866025403784,34.5));
#12347 = CARTESIAN_POINT('',(32.732050807569,33.));
#12348 = CARTESIAN_POINT('',(31.,33.));
#12349 = ( GEOMETRIC_REPRESENTATION_CONTEXT(2) 
PARAMETRIC_REPRESENTATION_CONTEXT() REPRESENTATION_CONTEXT('2D SPACE',''
  ) );
#12350 = PCURVE('',#9890,#12351);
#12351 = DEFINITIONAL_REPRESENTATION('',(#12352),#12356);
#12352 = LINE('',#12353,#12354);
#12353 = CARTESIAN_POINT('',(1.570796326795,-0.));
#12354 = VECTOR('',#12355,1.);
#12355 = DIRECTION('',(-1.,0.));
#12356 = ( GEOMETRIC_REPRESENTATION_CONTEXT(2) 
PARAMETRIC_REPRESENTATION_CONTEXT() REPRESENTATION_CONTEXT('2D SPACE',''
  ) );
#12357 = ORIENTED_EDGE('',*,*,#9851,.F.);
#12358 = ORIENTED_EDGE('',*,*,#10315,.T.);
#12359 = ORIENTED_EDGE('',*,*,#10266,.T.);
#12360 = ORIENTED_EDGE('',*,*,#10212,.F.);
#12361 = ORIENTED_EDGE('',*,*,#9461,.T.);
#12362 = ORIENTED_EDGE('',*,*,#12363,.T.);
#12363 = EDGE_CURVE('',#9462,#12305,#12364,.T.);
#12364 = SURFACE_CURVE('',#12365,(#12370,#12377),.PCURVE_S1.);
#12365 = CIRCLE('',#12366,1.);
#12366 = AXIS2_PLACEMENT_3D('',#12367,#12368,#12369);
#12367 = CARTESIAN_POINT('',(44.,36.5,2.5));
#12368 = DIRECTION('',(0.,0.,1.));
#12369 = DIRECTION('',(0.,-1.,0.));
#12370 = PCURVE('',#9477,#12371);
#12371 = DEFINITIONAL_REPRESENTATION('',(#12372),#12376);
#12372 = CIRCLE('',#12373,1.);
#12373 = AXIS2_PLACEMENT_2D('',#12374,#12375);
#12374 = CARTESIAN_POINT('',(41.5,34.));
#12375 = DIRECTION('',(0.,-1.));
#12376 = ( GEOMETRIC_REPRESENTATION_CONTEXT(2) 
PARAMETRIC_REPRESENTATION_CONTEXT() REPRESENTATION_CONTEXT('2D SPACE',''
  ) );
#12377 = PCURVE('',#9505,#12378);
#12378 = DEFINITIONAL_REPRESENTATION('',(#12379),#12383);
#12379 = LINE('',#12380,#12381);
#12380 = CARTESIAN_POINT('',(-1.570796326795,0.));
#12381 = VECTOR('',#12382,1.);
#12382 = DIRECTION('',(1.,0.));
#12383 = ( GEOMETRIC_REPRESENTATION_CONTEXT(2) 
PARAMETRIC_REPRESENTATION_CONTEXT() REPRESENTATION_CONTEXT('2D SPACE',''
  ) );
#12384 = ADVANCED_FACE('',(#12385),#9505,.F.);
#12385 = FACE_BOUND('',#12386,.F.);
#12386 = EDGE_LOOP('',(#12387,#12388,#12411,#12433));
#12387 = ORIENTED_EDGE('',*,*,#12363,.T.);
#12388 = ORIENTED_EDGE('',*,*,#12389,.T.);
#12389 = EDGE_CURVE('',#12305,#12390,#12392,.T.);
#12390 = VERTEX_POINT('',#12391);
#12391 = CARTESIAN_POINT('',(44.,37.5,22.5));
#12392 = SURFACE_CURVE('',#12393,(#12397,#12404),.PCURVE_S1.);
#12393 = LINE('',#12394,#12395);
#12394 = CARTESIAN_POINT('',(44.,37.5,2.5));
#12395 = VECTOR('',#12396,1.);
#12396 = DIRECTION('',(0.,0.,1.));
#12397 = PCURVE('',#9505,#12398);
#12398 = DEFINITIONAL_REPRESENTATION('',(#12399),#12403);
#12399 = LINE('',#12400,#12401);
#12400 = CARTESIAN_POINT('',(1.570796326795,0.));
#12401 = VECTOR('',#12402,1.);
#12402 = DIRECTION('',(0.,1.));
#12403 = ( GEOMETRIC_REPRESENTATION_CONTEXT(2) 
PARAMETRIC_REPRESENTATION_CONTEXT() REPRESENTATION_CONTEXT('2D SPACE',''
  ) );
#12404 = PCURVE('',#12320,#12405);
#12405 = DEFINITIONAL_REPRESENTATION('',(#12406),#12410);
#12406 = LINE('',#12407,#12408);
#12407 = CARTESIAN_POINT('',(0.,41.5));
#12408 = VECTOR('',#12409,1.);
#12409 = DIRECTION('',(1.,0.));
#12410 = ( GEOMETRIC_REPRESENTATION_CONTEXT(2) 
PARAMETRIC_REPRESENTATION_CONTEXT() REPRESENTATION_CONTEXT('2D SPACE',''
  ) );
#12411 = ORIENTED_EDGE('',*,*,#12412,.F.);
#12412 = EDGE_CURVE('',#9490,#12390,#12413,.T.);
#12413 = SURFACE_CURVE('',#12414,(#12419,#12426),.PCURVE_S1.);
#12414 = CIRCLE('',#12415,1.);
#12415 = AXIS2_PLACEMENT_3D('',#12416,#12417,#12418);
#12416 = CARTESIAN_POINT('',(44.,36.5,22.5));
#12417 = DIRECTION('',(0.,0.,1.));
#12418 = DIRECTION('',(0.,-1.,0.));
#12419 = PCURVE('',#9505,#12420);
#12420 = DEFINITIONAL_REPRESENTATION('',(#12421),#12425);
#12421 = LINE('',#12422,#12423);
#12422 = CARTESIAN_POINT('',(-1.570796326795,20.));
#12423 = VECTOR('',#12424,1.);
#12424 = DIRECTION('',(1.,0.));
#12425 = ( GEOMETRIC_REPRESENTATION_CONTEXT(2) 
PARAMETRIC_REPRESENTATION_CONTEXT() REPRESENTATION_CONTEXT('2D SPACE',''
  ) );
#12426 = PCURVE('',#9533,#12427);
#12427 = DEFINITIONAL_REPRESENTATION('',(#12428),#12432);
#12428 = CIRCLE('',#12429,1.);
#12429 = AXIS2_PLACEMENT_2D('',#12430,#12431);
#12430 = CARTESIAN_POINT('',(41.5,34.));
#12431 = DIRECTION('',(0.,-1.));
#12432 = ( GEOMETRIC_REPRESENTATION_CONTEXT(2) 
PARAMETRIC_REPRESENTATION_CONTEXT() REPRESENTATION_CONTEXT('2D SPACE',''
  ) );
#12433 = ORIENTED_EDGE('',*,*,#9489,.F.);
#12434 = ADVANCED_FACE('',(#12435),#9533,.F.);
#12435 = FACE_BOUND('',#12436,.F.);
#12436 = EDGE_LOOP('',(#12437,#12460,#12486,#12487,#12488,#12489,#12490,
    #12491));
#12437 = ORIENTED_EDGE('',*,*,#12438,.F.);
#12438 = EDGE_CURVE('',#12439,#12390,#12441,.T.);
#12439 = VERTEX_POINT('',#12440);
#12440 = CARTESIAN_POINT('',(33.5,37.5,22.5));
#12441 = SURFACE_CURVE('',#12442,(#12446,#12453),.PCURVE_S1.);
#12442 = LINE('',#12443,#12444);
#12443 = CARTESIAN_POINT('',(2.5,37.5,22.5));
#12444 = VECTOR('',#12445,1.);
#12445 = DIRECTION('',(1.,0.,-0.));
#12446 = PCURVE('',#9533,#12447);
#12447 = DEFINITIONAL_REPRESENTATION('',(#12448),#12452);
#12448 = LINE('',#12449,#12450);
#12449 = CARTESIAN_POINT('',(0.,35.));
#12450 = VECTOR('',#12451,1.);
#12451 = DIRECTION('',(1.,0.));
#12452 = ( GEOMETRIC_REPRESENTATION_CONTEXT(2) 
PARAMETRIC_REPRESENTATION_CONTEXT() REPRESENTATION_CONTEXT('2D SPACE',''
  ) );
#12453 = PCURVE('',#12320,#12454);
#12454 = DEFINITIONAL_REPRESENTATION('',(#12455),#12459);
#12455 = LINE('',#12456,#12457);
#12456 = CARTESIAN_POINT('',(20.,0.));
#12457 = VECTOR('',#12458,1.);
#12458 = DIRECTION('',(0.,1.));
#12459 = ( GEOMETRIC_REPRESENTATION_CONTEXT(2) 
PARAMETRIC_REPRESENTATION_CONTEXT() REPRESENTATION_CONTEXT('2D SPACE',''
  ) );
#12460 = ORIENTED_EDGE('',*,*,#12461,.F.);
#12461 = EDGE_CURVE('',#9875,#12439,#12462,.T.);
#12462 = SURFACE_CURVE('',#12463,(#12468,#12479),.PCURVE_S1.);
#12463 = CIRCLE('',#12464,1.);
#12464 = AXIS2_PLACEMENT_3D('',#12465,#12466,#12467);
#12465 = CARTESIAN_POINT('',(33.5,36.5,22.5));
#12466 = DIRECTION('',(-0.,-0.,-1.));
#12467 = DIRECTION('',(0.,-1.,0.));
#12468 = PCURVE('',#9533,#12469);
#12469 = DEFINITIONAL_REPRESENTATION('',(#12470),#12478);
#12470 = ( BOUNDED_CURVE() B_SPLINE_CURVE(2,(#12471,#12472,#12473,#12474
    ,#12475,#12476,#12477),.UNSPECIFIED.,.T.,.F.) 
B_SPLINE_CURVE_WITH_KNOTS((1,2,2,2,2,1),(-2.094395102393,0.,
    2.094395102393,4.188790204786,6.28318530718,8.377580409573),
.UNSPECIFIED.) CURVE() GEOMETRIC_REPRESENTATION_ITEM() 
RATIONAL_B_SPLINE_CURVE((1.,0.5,1.,0.5,1.,0.5,1.)) REPRESENTATION_ITEM(
  '') );
#12471 = CARTESIAN_POINT('',(31.,33.));
#12472 = CARTESIAN_POINT('',(29.267949192431,33.));
#12473 = CARTESIAN_POINT('',(30.133974596216,34.5));
#12474 = CARTESIAN_POINT('',(31.,36.));
#12475 = CARTESIAN_POINT('',(31.866025403784,34.5));
#12476 = CARTESIAN_POINT('',(32.732050807569,33.));
#12477 = CARTESIAN_POINT('',(31.,33.));
#12478 = ( GEOMETRIC_REPRESENTATION_CONTEXT(2) 
PARAMETRIC_REPRESENTATION_CONTEXT() REPRESENTATION_CONTEXT('2D SPACE',''
  ) );
#12479 = PCURVE('',#9890,#12480);
#12480 = DEFINITIONAL_REPRESENTATION('',(#12481),#12485);
#12481 = LINE('',#12482,#12483);
#12482 = CARTESIAN_POINT('',(1.570796326795,20.));
#12483 = VECTOR('',#12484,1.);
#12484 = DIRECTION('',(-1.,0.));
#12485 = ( GEOMETRIC_REPRESENTATION_CONTEXT(2) 
PARAMETRIC_REPRESENTATION_CONTEXT() REPRESENTATION_CONTEXT('2D SPACE',''
  ) );
#12486 = ORIENTED_EDGE('',*,*,#9902,.F.);
#12487 = ORIENTED_EDGE('',*,*,#11273,.T.);
#12488 = ORIENTED_EDGE('',*,*,#11239,.T.);
#12489 = ORIENTED_EDGE('',*,*,#11158,.F.);
#12490 = ORIENTED_EDGE('',*,*,#9517,.T.);
#12491 = ORIENTED_EDGE('',*,*,#12412,.T.);
#12492 = ADVANCED_FACE('',(#12493),#9890,.F.);
#12493 = FACE_BOUND('',#12494,.T.);
#12494 = EDGE_LOOP('',(#12495,#12496,#12517,#12518));
#12495 = ORIENTED_EDGE('',*,*,#12332,.T.);
#12496 = ORIENTED_EDGE('',*,*,#12497,.T.);
#12497 = EDGE_CURVE('',#12303,#12439,#12498,.T.);
#12498 = SURFACE_CURVE('',#12499,(#12503,#12510),.PCURVE_S1.);
#12499 = LINE('',#12500,#12501);
#12500 = CARTESIAN_POINT('',(33.5,37.5,2.5));
#12501 = VECTOR('',#12502,1.);
#12502 = DIRECTION('',(0.,0.,1.));
#12503 = PCURVE('',#9890,#12504);
#12504 = DEFINITIONAL_REPRESENTATION('',(#12505),#12509);
#12505 = LINE('',#12506,#12507);
#12506 = CARTESIAN_POINT('',(-1.570796326795,0.));
#12507 = VECTOR('',#12508,1.);
#12508 = DIRECTION('',(-0.,1.));
#12509 = ( GEOMETRIC_REPRESENTATION_CONTEXT(2) 
PARAMETRIC_REPRESENTATION_CONTEXT() REPRESENTATION_CONTEXT('2D SPACE',''
  ) );
#12510 = PCURVE('',#12320,#12511);
#12511 = DEFINITIONAL_REPRESENTATION('',(#12512),#12516);
#12512 = LINE('',#12513,#12514);
#12513 = CARTESIAN_POINT('',(0.,31.));
#12514 = VECTOR('',#12515,1.);
#12515 = DIRECTION('',(1.,0.));
#12516 = ( GEOMETRIC_REPRESENTATION_CONTEXT(2) 
PARAMETRIC_REPRESENTATION_CONTEXT() REPRESENTATION_CONTEXT('2D SPACE',''
  ) );
#12517 = ORIENTED_EDGE('',*,*,#12461,.F.);
#12518 = ORIENTED_EDGE('',*,*,#9874,.F.);
#12519 = ADVANCED_FACE('',(#12520),#11317,.F.);
#12520 = FACE_BOUND('',#12521,.F.);
#12521 = EDGE_LOOP('',(#12522,#12523,#12544,#12545));
#12522 = ORIENTED_EDGE('',*,*,#11299,.F.);
#12523 = ORIENTED_EDGE('',*,*,#12524,.T.);
#12524 = EDGE_CURVE('',#11300,#11561,#12525,.T.);
#12525 = SURFACE_CURVE('',#12526,(#12530,#12537),.PCURVE_S1.);
#12526 = LINE('',#12527,#12528);
#12527 = CARTESIAN_POINT('',(3.5,37.5,2.5));
#12528 = VECTOR('',#12529,1.);
#12529 = DIRECTION('',(0.,0.,1.));
#12530 = PCURVE('',#11317,#12531);
#12531 = DEFINITIONAL_REPRESENTATION('',(#12532),#12536);
#12532 = LINE('',#12533,#12534);
#12533 = CARTESIAN_POINT('',(0.,1.));
#12534 = VECTOR('',#12535,1.);
#12535 = DIRECTION('',(1.,0.));
#12536 = ( GEOMETRIC_REPRESENTATION_CONTEXT(2) 
PARAMETRIC_REPRESENTATION_CONTEXT() REPRESENTATION_CONTEXT('2D SPACE',''
  ) );
#12537 = PCURVE('',#11350,#12538);
#12538 = DEFINITIONAL_REPRESENTATION('',(#12539),#12543);
#12539 = LINE('',#12540,#12541);
#12540 = CARTESIAN_POINT('',(-1.570796326795,0.));
#12541 = VECTOR('',#12542,1.);
#12542 = DIRECTION('',(-0.,1.));
#12543 = ( GEOMETRIC_REPRESENTATION_CONTEXT(2) 
PARAMETRIC_REPRESENTATION_CONTEXT() REPRESENTATION_CONTEXT('2D SPACE',''
  ) );
#12544 = ORIENTED_EDGE('',*,*,#11560,.T.);
#12545 = ORIENTED_EDGE('',*,*,#11664,.F.);
#12546 = ADVANCED_FACE('',(#12547),#11350,.F.);
#12547 = FACE_BOUND('',#12548,.T.);
#12548 = EDGE_LOOP('',(#12549,#12550,#12551,#12552));
#12549 = ORIENTED_EDGE('',*,*,#11329,.T.);
#12550 = ORIENTED_EDGE('',*,*,#12524,.T.);
#12551 = ORIENTED_EDGE('',*,*,#11585,.F.);
#12552 = ORIENTED_EDGE('',*,*,#12553,.F.);
#12553 = EDGE_CURVE('',#11330,#11586,#12554,.T.);
#12554 = SURFACE_CURVE('',#12555,(#12559,#12566),.PCURVE_S1.);
#12555 = LINE('',#12556,#12557);
#12556 = CARTESIAN_POINT('',(2.5,36.5,2.5));
#12557 = VECTOR('',#12558,1.);
#12558 = DIRECTION('',(0.,0.,1.));
#12559 = PCURVE('',#11350,#12560);
#12560 = DEFINITIONAL_REPRESENTATION('',(#12561),#12565);
#12561 = LINE('',#12562,#12563);
#12562 = CARTESIAN_POINT('',(-0.,0.));
#12563 = VECTOR('',#12564,1.);
#12564 = DIRECTION('',(-0.,1.));
#12565 = ( GEOMETRIC_REPRESENTATION_CONTEXT(2) 
PARAMETRIC_REPRESENTATION_CONTEXT() REPRESENTATION_CONTEXT('2D SPACE',''
  ) );
#12566 = PCURVE('',#11378,#12567);
#12567 = DEFINITIONAL_REPRESENTATION('',(#12568),#12572);
#12568 = LINE('',#12569,#12570);
#12569 = CARTESIAN_POINT('',(0.,-34.));
#12570 = VECTOR('',#12571,1.);
#12571 = DIRECTION('',(1.,0.));
#12572 = ( GEOMETRIC_REPRESENTATION_CONTEXT(2) 
PARAMETRIC_REPRESENTATION_CONTEXT() REPRESENTATION_CONTEXT('2D SPACE',''
  ) );
#12573 = ADVANCED_FACE('',(#12574),#11378,.T.);
#12574 = FACE_BOUND('',#12575,.T.);
#12575 = EDGE_LOOP('',(#12576,#12577,#12578,#12579));
#12576 = ORIENTED_EDGE('',*,*,#11613,.F.);
#12577 = ORIENTED_EDGE('',*,*,#11507,.F.);
#12578 = ORIENTED_EDGE('',*,*,#11362,.T.);
#12579 = ORIENTED_EDGE('',*,*,#12553,.T.);
#12580 = ADVANCED_FACE('',(#12581),#11460,.T.);
#12581 = FACE_BOUND('',#12582,.T.);
#12582 = EDGE_LOOP('',(#12583,#12612,#12633,#12634));
#12583 = ORIENTED_EDGE('',*,*,#12584,.F.);
#12584 = EDGE_CURVE('',#12585,#12585,#12587,.T.);
#12585 = VERTEX_POINT('',#12586);
#12586 = CARTESIAN_POINT('',(12.,8.,14.5));
#12587 = SURFACE_CURVE('',#12588,(#12593,#12600),.PCURVE_S1.);
#12588 = CIRCLE('',#12589,4.);
#12589 = AXIS2_PLACEMENT_3D('',#12590,#12591,#12592);
#12590 = CARTESIAN_POINT('',(8.,8.,14.5));
#12591 = DIRECTION('',(0.,0.,1.));
#12592 = DIRECTION('',(1.,0.,-0.));
#12593 = PCURVE('',#11460,#12594);
#12594 = DEFINITIONAL_REPRESENTATION('',(#12595),#12599);
#12595 = LINE('',#12596,#12597);
#12596 = CARTESIAN_POINT('',(0.,12.));
#12597 = VECTOR('',#12598,1.);
#12598 = DIRECTION('',(1.,0.));
#12599 = ( GEOMETRIC_REPRESENTATION_CONTEXT(2) 
PARAMETRIC_REPRESENTATION_CONTEXT() REPRESENTATION_CONTEXT('2D SPACE',''
  ) );
#12600 = PCURVE('',#12601,#12606);
#12601 = PLANE('',#12602);
#12602 = AXIS2_PLACEMENT_3D('',#12603,#12604,#12605);
#12603 = CARTESIAN_POINT('',(8.,8.,14.5));
#12604 = DIRECTION('',(0.,0.,1.));
#12605 = DIRECTION('',(1.,0.,-0.));
#12606 = DEFINITIONAL_REPRESENTATION('',(#12607),#12611);
#12607 = CIRCLE('',#12608,4.);
#12608 = AXIS2_PLACEMENT_2D('',#12609,#12610);
#12609 = CARTESIAN_POINT('',(0.,0.));
#12610 = DIRECTION('',(1.,0.));
#12611 = ( GEOMETRIC_REPRESENTATION_CONTEXT(2) 
PARAMETRIC_REPRESENTATION_CONTEXT() REPRESENTATION_CONTEXT('2D SPACE',''
  ) );
#12612 = ORIENTED_EDGE('',*,*,#12613,.F.);
#12613 = EDGE_CURVE('',#11444,#12585,#12614,.T.);
#12614 = SEAM_CURVE('',#12615,(#12619,#12626),.PCURVE_S1.);
#12615 = LINE('',#12616,#12617);
#12616 = CARTESIAN_POINT('',(12.,8.,2.5));
#12617 = VECTOR('',#12618,1.);
#12618 = DIRECTION('',(0.,0.,1.));
#12619 = PCURVE('',#11460,#12620);
#12620 = DEFINITIONAL_REPRESENTATION('',(#12621),#12625);
#12621 = LINE('',#12622,#12623);
#12622 = CARTESIAN_POINT('',(6.28318530718,-0.));
#12623 = VECTOR('',#12624,1.);
#12624 = DIRECTION('',(0.,1.));
#12625 = ( GEOMETRIC_REPRESENTATION_CONTEXT(2) 
PARAMETRIC_REPRESENTATION_CONTEXT() REPRESENTATION_CONTEXT('2D SPACE',''
  ) );
#12626 = PCURVE('',#11460,#12627);
#12627 = DEFINITIONAL_REPRESENTATION('',(#12628),#12632);
#12628 = LINE('',#12629,#12630);
#12629 = CARTESIAN_POINT('',(0.,-0.));
#12630 = VECTOR('',#12631,1.);
#12631 = DIRECTION('',(0.,1.));
#12632 = ( GEOMETRIC_REPRESENTATION_CONTEXT(2) 
PARAMETRIC_REPRESENTATION_CONTEXT() REPRESENTATION_CONTEXT('2D SPACE',''
  ) );
#12633 = ORIENTED_EDGE('',*,*,#11443,.T.);
#12634 = ORIENTED_EDGE('',*,*,#12613,.T.);
#12635 = ADVANCED_FACE('',(#12636),#11491,.T.);
#12636 = FACE_BOUND('',#12637,.T.);
#12637 = EDGE_LOOP('',(#12638,#12667,#12688,#12689));
#12638 = ORIENTED_EDGE('',*,*,#12639,.F.);
#12639 = EDGE_CURVE('',#12640,#12640,#12642,.T.);
#12640 = VERTEX_POINT('',#12641);
#12641 = CARTESIAN_POINT('',(12.,32.,14.5));
#12642 = SURFACE_CURVE('',#12643,(#12648,#12655),.PCURVE_S1.);
#12643 = CIRCLE('',#12644,4.);
#12644 = AXIS2_PLACEMENT_3D('',#12645,#12646,#12647);
#12645 = CARTESIAN_POINT('',(8.,32.,14.5));
#12646 = DIRECTION('',(0.,0.,1.));
#12647 = DIRECTION('',(1.,0.,-0.));
#12648 = PCURVE('',#11491,#12649);
#12649 = DEFINITIONAL_REPRESENTATION('',(#12650),#12654);
#12650 = LINE('',#12651,#12652);
#12651 = CARTESIAN_POINT('',(0.,12.));
#12652 = VECTOR('',#12653,1.);
#12653 = DIRECTION('',(1.,0.));
#12654 = ( GEOMETRIC_REPRESENTATION_CONTEXT(2) 
PARAMETRIC_REPRESENTATION_CONTEXT() REPRESENTATION_CONTEXT('2D SPACE',''
  ) );
#12655 = PCURVE('',#12656,#12661);
#12656 = PLANE('',#12657);
#12657 = AXIS2_PLACEMENT_3D('',#12658,#12659,#12660);
#12658 = CARTESIAN_POINT('',(8.,32.,14.5));
#12659 = DIRECTION('',(0.,0.,1.));
#12660 = DIRECTION('',(1.,0.,-0.));
#12661 = DEFINITIONAL_REPRESENTATION('',(#12662),#12666);
#12662 = CIRCLE('',#12663,4.);
#12663 = AXIS2_PLACEMENT_2D('',#12664,#12665);
#12664 = CARTESIAN_POINT('',(0.,0.));
#12665 = DIRECTION('',(1.,0.));
#12666 = ( GEOMETRIC_REPRESENTATION_CONTEXT(2) 
PARAMETRIC_REPRESENTATION_CONTEXT() REPRESENTATION_CONTEXT('2D SPACE',''
  ) );
#12667 = ORIENTED_EDGE('',*,*,#12668,.F.);
#12668 = EDGE_CURVE('',#11475,#12640,#12669,.T.);
#12669 = SEAM_CURVE('',#12670,(#12674,#12681),.PCURVE_S1.);
#12670 = LINE('',#12671,#12672);
#12671 = CARTESIAN_POINT('',(12.,32.,2.5));
#12672 = VECTOR('',#12673,1.);
#12673 = DIRECTION('',(0.,0.,1.));
#12674 = PCURVE('',#11491,#12675);
#12675 = DEFINITIONAL_REPRESENTATION('',(#12676),#12680);
#12676 = LINE('',#12677,#12678);
#12677 = CARTESIAN_POINT('',(6.28318530718,-0.));
#12678 = VECTOR('',#12679,1.);
#12679 = DIRECTION('',(0.,1.));
#12680 = ( GEOMETRIC_REPRESENTATION_CONTEXT(2) 
PARAMETRIC_REPRESENTATION_CONTEXT() REPRESENTATION_CONTEXT('2D SPACE',''
  ) );
#12681 = PCURVE('',#11491,#12682);
#12682 = DEFINITIONAL_REPRESENTATION('',(#12683),#12687);
#12683 = LINE('',#12684,#12685);
#12684 = CARTESIAN_POINT('',(0.,-0.));
#12685 = VECTOR('',#12686,1.);
#12686 = DIRECTION('',(0.,1.));
#12687 = ( GEOMETRIC_REPRESENTATION_CONTEXT(2) 
PARAMETRIC_REPRESENTATION_CONTEXT() REPRESENTATION_CONTEXT('2D SPACE',''
  ) );
#12688 = ORIENTED_EDGE('',*,*,#11474,.T.);
#12689 = ORIENTED_EDGE('',*,*,#12668,.T.);
#12690 = ADVANCED_FACE('',(#12691),#11708,.F.);
#12691 = FACE_BOUND('',#12692,.F.);
#12692 = EDGE_LOOP('',(#12693,#12694,#12695,#12696));
#12693 = ORIENTED_EDGE('',*,*,#11690,.F.);
#12694 = ORIENTED_EDGE('',*,*,#12249,.T.);
#12695 = ORIENTED_EDGE('',*,*,#11947,.T.);
#12696 = ORIENTED_EDGE('',*,*,#12697,.F.);
#12697 = EDGE_CURVE('',#11693,#11950,#12698,.T.);
#12698 = SURFACE_CURVE('',#12699,(#12703,#12710),.PCURVE_S1.);
#12699 = LINE('',#12700,#12701);
#12700 = CARTESIAN_POINT('',(56.5,37.5,2.5));
#12701 = VECTOR('',#12702,1.);
#12702 = DIRECTION('',(0.,0.,1.));
#12703 = PCURVE('',#11708,#12704);
#12704 = DEFINITIONAL_REPRESENTATION('',(#12705),#12709);
#12705 = LINE('',#12706,#12707);
#12706 = CARTESIAN_POINT('',(0.,54.));
#12707 = VECTOR('',#12708,1.);
#12708 = DIRECTION('',(1.,0.));
#12709 = ( GEOMETRIC_REPRESENTATION_CONTEXT(2) 
PARAMETRIC_REPRESENTATION_CONTEXT() REPRESENTATION_CONTEXT('2D SPACE',''
  ) );
#12710 = PCURVE('',#11820,#12711);
#12711 = DEFINITIONAL_REPRESENTATION('',(#12712),#12716);
#12712 = LINE('',#12713,#12714);
#12713 = CARTESIAN_POINT('',(-0.,0.));
#12714 = VECTOR('',#12715,1.);
#12715 = DIRECTION('',(-0.,1.));
#12716 = ( GEOMETRIC_REPRESENTATION_CONTEXT(2) 
PARAMETRIC_REPRESENTATION_CONTEXT() REPRESENTATION_CONTEXT('2D SPACE',''
  ) );
#12717 = ADVANCED_FACE('',(#12718),#11820,.F.);
#12718 = FACE_BOUND('',#12719,.T.);
#12719 = EDGE_LOOP('',(#12720,#12721,#12742,#12743));
#12720 = ORIENTED_EDGE('',*,*,#11801,.T.);
#12721 = ORIENTED_EDGE('',*,*,#12722,.T.);
#12722 = EDGE_CURVE('',#11774,#12003,#12723,.T.);
#12723 = SURFACE_CURVE('',#12724,(#12728,#12735),.PCURVE_S1.);
#12724 = LINE('',#12725,#12726);
#12725 = CARTESIAN_POINT('',(57.5,36.5,2.5));
#12726 = VECTOR('',#12727,1.);
#12727 = DIRECTION('',(0.,0.,1.));
#12728 = PCURVE('',#11820,#12729);
#12729 = DEFINITIONAL_REPRESENTATION('',(#12730),#12734);
#12730 = LINE('',#12731,#12732);
#12731 = CARTESIAN_POINT('',(-1.570796326795,0.));
#12732 = VECTOR('',#12733,1.);
#12733 = DIRECTION('',(-0.,1.));
#12734 = ( GEOMETRIC_REPRESENTATION_CONTEXT(2) 
PARAMETRIC_REPRESENTATION_CONTEXT() REPRESENTATION_CONTEXT('2D SPACE',''
  ) );
#12735 = PCURVE('',#11789,#12736);
#12736 = DEFINITIONAL_REPRESENTATION('',(#12737),#12741);
#12737 = LINE('',#12738,#12739);
#12738 = CARTESIAN_POINT('',(0.,-34.));
#12739 = VECTOR('',#12740,1.);
#12740 = DIRECTION('',(1.,0.));
#12741 = ( GEOMETRIC_REPRESENTATION_CONTEXT(2) 
PARAMETRIC_REPRESENTATION_CONTEXT() REPRESENTATION_CONTEXT('2D SPACE',''
  ) );
#12742 = ORIENTED_EDGE('',*,*,#12025,.F.);
#12743 = ORIENTED_EDGE('',*,*,#12697,.F.);
#12744 = ADVANCED_FACE('',(#12745),#11789,.F.);
#12745 = FACE_BOUND('',#12746,.F.);
#12746 = EDGE_LOOP('',(#12747,#12748,#12749,#12750));
#12747 = ORIENTED_EDGE('',*,*,#12002,.F.);
#12748 = ORIENTED_EDGE('',*,*,#11898,.F.);
#12749 = ORIENTED_EDGE('',*,*,#11773,.T.);
#12750 = ORIENTED_EDGE('',*,*,#12722,.T.);
#12751 = ADVANCED_FACE('',(#12752),#11851,.T.);
#12752 = FACE_BOUND('',#12753,.T.);
#12753 = EDGE_LOOP('',(#12754,#12783,#12804,#12805));
#12754 = ORIENTED_EDGE('',*,*,#12755,.F.);
#12755 = EDGE_CURVE('',#12756,#12756,#12758,.T.);
#12756 = VERTEX_POINT('',#12757);
#12757 = CARTESIAN_POINT('',(56.,8.,14.5));
#12758 = SURFACE_CURVE('',#12759,(#12764,#12771),.PCURVE_S1.);
#12759 = CIRCLE('',#12760,4.);
#12760 = AXIS2_PLACEMENT_3D('',#12761,#12762,#12763);
#12761 = CARTESIAN_POINT('',(52.,8.,14.5));
#12762 = DIRECTION('',(0.,0.,1.));
#12763 = DIRECTION('',(1.,0.,-0.));
#12764 = PCURVE('',#11851,#12765);
#12765 = DEFINITIONAL_REPRESENTATION('',(#12766),#12770);
#12766 = LINE('',#12767,#12768);
#12767 = CARTESIAN_POINT('',(0.,12.));
#12768 = VECTOR('',#12769,1.);
#12769 = DIRECTION('',(1.,0.));
#12770 = ( GEOMETRIC_REPRESENTATION_CONTEXT(2) 
PARAMETRIC_REPRESENTATION_CONTEXT() REPRESENTATION_CONTEXT('2D SPACE',''
  ) );
#12771 = PCURVE('',#12772,#12777);
#12772 = PLANE('',#12773);
#12773 = AXIS2_PLACEMENT_3D('',#12774,#12775,#12776);
#12774 = CARTESIAN_POINT('',(52.,8.,14.5));
#12775 = DIRECTION('',(0.,0.,1.));
#12776 = DIRECTION('',(1.,0.,-0.));
#12777 = DEFINITIONAL_REPRESENTATION('',(#12778),#12782);
#12778 = CIRCLE('',#12779,4.);
#12779 = AXIS2_PLACEMENT_2D('',#12780,#12781);
#12780 = CARTESIAN_POINT('',(0.,0.));
#12781 = DIRECTION('',(1.,0.));
#12782 = ( GEOMETRIC_REPRESENTATION_CONTEXT(2) 
PARAMETRIC_REPRESENTATION_CONTEXT() REPRESENTATION_CONTEXT('2D SPACE',''
  ) );
#12783 = ORIENTED_EDGE('',*,*,#12784,.F.);
#12784 = EDGE_CURVE('',#11835,#12756,#12785,.T.);
#12785 = SEAM_CURVE('',#12786,(#12790,#12797),.PCURVE_S1.);
#12786 = LINE('',#12787,#12788);
#12787 = CARTESIAN_POINT('',(56.,8.,2.5));
#12788 = VECTOR('',#12789,1.);
#12789 = DIRECTION('',(0.,0.,1.));
#12790 = PCURVE('',#11851,#12791);
#12791 = DEFINITIONAL_REPRESENTATION('',(#12792),#12796);
#12792 = LINE('',#12793,#12794);
#12793 = CARTESIAN_POINT('',(6.28318530718,-0.));
#12794 = VECTOR('',#12795,1.);
#12795 = DIRECTION('',(0.,1.));
#12796 = ( GEOMETRIC_REPRESENTATION_CONTEXT(2) 
PARAMETRIC_REPRESENTATION_CONTEXT() REPRESENTATION_CONTEXT('2D SPACE',''
  ) );
#12797 = PCURVE('',#11851,#12798);
#12798 = DEFINITIONAL_REPRESENTATION('',(#12799),#12803);
#12799 = LINE('',#12800,#12801);
#12800 = CARTESIAN_POINT('',(0.,-0.));
#12801 = VECTOR('',#12802,1.);
#12802 = DIRECTION('',(0.,1.));
#12803 = ( GEOMETRIC_REPRESENTATION_CONTEXT(2) 
PARAMETRIC_REPRESENTATION_CONTEXT() REPRESENTATION_CONTEXT('2D SPACE',''
  ) );
#12804 = ORIENTED_EDGE('',*,*,#11834,.T.);
#12805 = ORIENTED_EDGE('',*,*,#12784,.T.);
#12806 = ADVANCED_FACE('',(#12807),#11882,.T.);
#12807 = FACE_BOUND('',#12808,.T.);
#12808 = EDGE_LOOP('',(#12809,#12838,#12859,#12860));
#12809 = ORIENTED_EDGE('',*,*,#12810,.F.);
#12810 = EDGE_CURVE('',#12811,#12811,#12813,.T.);
#12811 = VERTEX_POINT('',#12812);
#12812 = CARTESIAN_POINT('',(56.,32.,14.5));
#12813 = SURFACE_CURVE('',#12814,(#12819,#12826),.PCURVE_S1.);
#12814 = CIRCLE('',#12815,4.);
#12815 = AXIS2_PLACEMENT_3D('',#12816,#12817,#12818);
#12816 = CARTESIAN_POINT('',(52.,32.,14.5));
#12817 = DIRECTION('',(0.,0.,1.));
#12818 = DIRECTION('',(1.,0.,-0.));
#12819 = PCURVE('',#11882,#12820);
#12820 = DEFINITIONAL_REPRESENTATION('',(#12821),#12825);
#12821 = LINE('',#12822,#12823);
#12822 = CARTESIAN_POINT('',(0.,12.));
#12823 = VECTOR('',#12824,1.);
#12824 = DIRECTION('',(1.,0.));
#12825 = ( GEOMETRIC_REPRESENTATION_CONTEXT(2) 
PARAMETRIC_REPRESENTATION_CONTEXT() REPRESENTATION_CONTEXT('2D SPACE',''
  ) );
#12826 = PCURVE('',#12827,#12832);
#12827 = PLANE('',#12828);
#12828 = AXIS2_PLACEMENT_3D('',#12829,#12830,#12831);
#12829 = CARTESIAN_POINT('',(52.,32.,14.5));
#12830 = DIRECTION('',(0.,0.,1.));
#12831 = DIRECTION('',(1.,0.,-0.));
#12832 = DEFINITIONAL_REPRESENTATION('',(#12833),#12837);
#12833 = CIRCLE('',#12834,4.);
#12834 = AXIS2_PLACEMENT_2D('',#12835,#12836);
#12835 = CARTESIAN_POINT('',(0.,0.));
#12836 = DIRECTION('',(1.,0.));
#12837 = ( GEOMETRIC_REPRESENTATION_CONTEXT(2) 
PARAMETRIC_REPRESENTATION_CONTEXT() REPRESENTATION_CONTEXT('2D SPACE',''
  ) );
#12838 = ORIENTED_EDGE('',*,*,#12839,.F.);
#12839 = EDGE_CURVE('',#11866,#12811,#12840,.T.);
#12840 = SEAM_CURVE('',#12841,(#12845,#12852),.PCURVE_S1.);
#12841 = LINE('',#12842,#12843);
#12842 = CARTESIAN_POINT('',(56.,32.,2.5));
#12843 = VECTOR('',#12844,1.);
#12844 = DIRECTION('',(0.,0.,1.));
#12845 = PCURVE('',#11882,#12846);
#12846 = DEFINITIONAL_REPRESENTATION('',(#12847),#12851);
#12847 = LINE('',#12848,#12849);
#12848 = CARTESIAN_POINT('',(6.28318530718,-0.));
#12849 = VECTOR('',#12850,1.);
#12850 = DIRECTION('',(0.,1.));
#12851 = ( GEOMETRIC_REPRESENTATION_CONTEXT(2) 
PARAMETRIC_REPRESENTATION_CONTEXT() REPRESENTATION_CONTEXT('2D SPACE',''
  ) );
#12852 = PCURVE('',#11882,#12853);
#12853 = DEFINITIONAL_REPRESENTATION('',(#12854),#12858);
#12854 = LINE('',#12855,#12856);
#12855 = CARTESIAN_POINT('',(0.,-0.));
#12856 = VECTOR('',#12857,1.);
#12857 = DIRECTION('',(0.,1.));
#12858 = ( GEOMETRIC_REPRESENTATION_CONTEXT(2) 
PARAMETRIC_REPRESENTATION_CONTEXT() REPRESENTATION_CONTEXT('2D SPACE',''
  ) );
#12859 = ORIENTED_EDGE('',*,*,#11865,.T.);
#12860 = ORIENTED_EDGE('',*,*,#12839,.T.);
#12861 = ADVANCED_FACE('',(#12862),#12072,.F.);
#12862 = FACE_BOUND('',#12863,.F.);
#12863 = EDGE_LOOP('',(#12864,#12865,#12866,#12867));
#12864 = ORIENTED_EDGE('',*,*,#12054,.F.);
#12865 = ORIENTED_EDGE('',*,*,#12141,.T.);
#12866 = ORIENTED_EDGE('',*,*,#12194,.T.);
#12867 = ORIENTED_EDGE('',*,*,#12276,.F.);
#12868 = ADVANCED_FACE('',(#12869),#12320,.F.);
#12869 = FACE_BOUND('',#12870,.F.);
#12870 = EDGE_LOOP('',(#12871,#12872,#12873,#12874));
#12871 = ORIENTED_EDGE('',*,*,#12302,.F.);
#12872 = ORIENTED_EDGE('',*,*,#12497,.T.);
#12873 = ORIENTED_EDGE('',*,*,#12438,.T.);
#12874 = ORIENTED_EDGE('',*,*,#12389,.F.);
#12875 = ADVANCED_FACE('',(#12876,#12879),#12601,.T.);
#12876 = FACE_BOUND('',#12877,.T.);
#12877 = EDGE_LOOP('',(#12878));
#12878 = ORIENTED_EDGE('',*,*,#12584,.T.);
#12879 = FACE_BOUND('',#12880,.T.);
#12880 = EDGE_LOOP('',(#12881));
#12881 = ORIENTED_EDGE('',*,*,#12882,.F.);
#12882 = EDGE_CURVE('',#12883,#12883,#12885,.T.);
#12883 = VERTEX_POINT('',#12884);
#12884 = CARTESIAN_POINT('',(9.5,8.,14.5));
#12885 = SURFACE_CURVE('',#12886,(#12891,#12898),.PCURVE_S1.);
#12886 = CIRCLE('',#12887,1.5);
#12887 = AXIS2_PLACEMENT_3D('',#12888,#12889,#12890);
#12888 = CARTESIAN_POINT('',(8.,8.,14.5));
#12889 = DIRECTION('',(0.,0.,1.));
#12890 = DIRECTION('',(1.,0.,-0.));
#12891 = PCURVE('',#12601,#12892);
#12892 = DEFINITIONAL_REPRESENTATION('',(#12893),#12897);
#12893 = CIRCLE('',#12894,1.5);
#12894 = AXIS2_PLACEMENT_2D('',#12895,#12896);
#12895 = CARTESIAN_POINT('',(0.,0.));
#12896 = DIRECTION('',(1.,0.));
#12897 = ( GEOMETRIC_REPRESENTATION_CONTEXT(2) 
PARAMETRIC_REPRESENTATION_CONTEXT() REPRESENTATION_CONTEXT('2D SPACE',''
  ) );
#12898 = PCURVE('',#12899,#12904);
#12899 = CYLINDRICAL_SURFACE('',#12900,1.5);
#12900 = AXIS2_PLACEMENT_3D('',#12901,#12902,#12903);
#12901 = CARTESIAN_POINT('',(8.,8.,1.5));
#12902 = DIRECTION('',(0.,0.,1.));
#12903 = DIRECTION('',(1.,0.,-0.));
#12904 = DEFINITIONAL_REPRESENTATION('',(#12905),#12909);
#12905 = LINE('',#12906,#12907);
#12906 = CARTESIAN_POINT('',(0.,13.));
#12907 = VECTOR('',#12908,1.);
#12908 = DIRECTION('',(1.,0.));
#12909 = ( GEOMETRIC_REPRESENTATION_CONTEXT(2) 
PARAMETRIC_REPRESENTATION_CONTEXT() REPRESENTATION_CONTEXT('2D SPACE',''
  ) );
#12910 = ADVANCED_FACE('',(#12911,#12914),#12656,.T.);
#12911 = FACE_BOUND('',#12912,.T.);
#12912 = EDGE_LOOP('',(#12913));
#12913 = ORIENTED_EDGE('',*,*,#12639,.T.);
#12914 = FACE_BOUND('',#12915,.T.);
#12915 = EDGE_LOOP('',(#12916));
#12916 = ORIENTED_EDGE('',*,*,#12917,.F.);
#12917 = EDGE_CURVE('',#12918,#12918,#12920,.T.);
#12918 = VERTEX_POINT('',#12919);
#12919 = CARTESIAN_POINT('',(9.5,32.,14.5));
#12920 = SURFACE_CURVE('',#12921,(#12926,#12933),.PCURVE_S1.);
#12921 = CIRCLE('',#12922,1.5);
#12922 = AXIS2_PLACEMENT_3D('',#12923,#12924,#12925);
#12923 = CARTESIAN_POINT('',(8.,32.,14.5));
#12924 = DIRECTION('',(0.,0.,1.));
#12925 = DIRECTION('',(1.,0.,-0.));
#12926 = PCURVE('',#12656,#12927);
#12927 = DEFINITIONAL_REPRESENTATION('',(#12928),#12932);
#12928 = CIRCLE('',#12929,1.5);
#12929 = AXIS2_PLACEMENT_2D('',#12930,#12931);
#12930 = CARTESIAN_POINT('',(0.,0.));
#12931 = DIRECTION('',(1.,0.));
#12932 = ( GEOMETRIC_REPRESENTATION_CONTEXT(2) 
PARAMETRIC_REPRESENTATION_CONTEXT() REPRESENTATION_CONTEXT('2D SPACE',''
  ) );
#12933 = PCURVE('',#12934,#12939);
#12934 = CYLINDRICAL_SURFACE('',#12935,1.5);
#12935 = AXIS2_PLACEMENT_3D('',#12936,#12937,#12938);
#12936 = CARTESIAN_POINT('',(8.,32.,1.5));
#12937 = DIRECTION('',(0.,0.,1.));
#12938 = DIRECTION('',(1.,0.,-0.));
#12939 = DEFINITIONAL_REPRESENTATION('',(#12940),#12944);
#12940 = LINE('',#12941,#12942);
#12941 = CARTESIAN_POINT('',(0.,13.));
#12942 = VECTOR('',#12943,1.);
#12943 = DIRECTION('',(1.,0.));
#12944 = ( GEOMETRIC_REPRESENTATION_CONTEXT(2) 
PARAMETRIC_REPRESENTATION_CONTEXT() REPRESENTATION_CONTEXT('2D SPACE',''
  ) );
#12945 = ADVANCED_FACE('',(#12946,#12949),#12772,.T.);
#12946 = FACE_BOUND('',#12947,.T.);
#12947 = EDGE_LOOP('',(#12948));
#12948 = ORIENTED_EDGE('',*,*,#12755,.T.);
#12949 = FACE_BOUND('',#12950,.T.);
#12950 = EDGE_LOOP('',(#12951));
#12951 = ORIENTED_EDGE('',*,*,#12952,.F.);
#12952 = EDGE_CURVE('',#12953,#12953,#12955,.T.);
#12953 = VERTEX_POINT('',#12954);
#12954 = CARTESIAN_POINT('',(53.5,8.,14.5));
#12955 = SURFACE_CURVE('',#12956,(#12961,#12968),.PCURVE_S1.);
#12956 = CIRCLE('',#12957,1.5);
#12957 = AXIS2_PLACEMENT_3D('',#12958,#12959,#12960);
#12958 = CARTESIAN_POINT('',(52.,8.,14.5));
#12959 = DIRECTION('',(0.,0.,1.));
#12960 = DIRECTION('',(1.,0.,-0.));
#12961 = PCURVE('',#12772,#12962);
#12962 = DEFINITIONAL_REPRESENTATION('',(#12963),#12967);
#12963 = CIRCLE('',#12964,1.5);
#12964 = AXIS2_PLACEMENT_2D('',#12965,#12966);
#12965 = CARTESIAN_POINT('',(0.,0.));
#12966 = DIRECTION('',(1.,0.));
#12967 = ( GEOMETRIC_REPRESENTATION_CONTEXT(2) 
PARAMETRIC_REPRESENTATION_CONTEXT() REPRESENTATION_CONTEXT('2D SPACE',''
  ) );
#12968 = PCURVE('',#12969,#12974);
#12969 = CYLINDRICAL_SURFACE('',#12970,1.5);
#12970 = AXIS2_PLACEMENT_3D('',#12971,#12972,#12973);
#12971 = CARTESIAN_POINT('',(52.,8.,1.5));
#12972 = DIRECTION('',(0.,0.,1.));
#12973 = DIRECTION('',(1.,0.,-0.));
#12974 = DEFINITIONAL_REPRESENTATION('',(#12975),#12979);
#12975 = LINE('',#12976,#12977);
#12976 = CARTESIAN_POINT('',(0.,13.));
#12977 = VECTOR('',#12978,1.);
#12978 = DIRECTION('',(1.,0.));
#12979 = ( GEOMETRIC_REPRESENTATION_CONTEXT(2) 
PARAMETRIC_REPRESENTATION_CONTEXT() REPRESENTATION_CONTEXT('2D SPACE',''
  ) );
#12980 = ADVANCED_FACE('',(#12981,#12984),#12827,.T.);
#12981 = FACE_BOUND('',#12982,.T.);
#12982 = EDGE_LOOP('',(#12983));
#12983 = ORIENTED_EDGE('',*,*,#12810,.T.);
#12984 = FACE_BOUND('',#12985,.T.);
#12985 = EDGE_LOOP('',(#12986));
#12986 = ORIENTED_EDGE('',*,*,#12987,.F.);
#12987 = EDGE_CURVE('',#12988,#12988,#12990,.T.);
#12988 = VERTEX_POINT('',#12989);
#12989 = CARTESIAN_POINT('',(53.5,32.,14.5));
#12990 = SURFACE_CURVE('',#12991,(#12996,#13003),.PCURVE_S1.);
#12991 = CIRCLE('',#12992,1.5);
#12992 = AXIS2_PLACEMENT_3D('',#12993,#12994,#12995);
#12993 = CARTESIAN_POINT('',(52.,32.,14.5));
#12994 = DIRECTION('',(0.,0.,1.));
#12995 = DIRECTION('',(1.,0.,-0.));
#12996 = PCURVE('',#12827,#12997);
#12997 = DEFINITIONAL_REPRESENTATION('',(#12998),#13002);
#12998 = CIRCLE('',#12999,1.5);
#12999 = AXIS2_PLACEMENT_2D('',#13000,#13001);
#13000 = CARTESIAN_POINT('',(0.,0.));
#13001 = DIRECTION('',(1.,0.));
#13002 = ( GEOMETRIC_REPRESENTATION_CONTEXT(2) 
PARAMETRIC_REPRESENTATION_CONTEXT() REPRESENTATION_CONTEXT('2D SPACE',''
  ) );
#13003 = PCURVE('',#13004,#13009);
#13004 = CYLINDRICAL_SURFACE('',#13005,1.5);
#13005 = AXIS2_PLACEMENT_3D('',#13006,#13007,#13008);
#13006 = CARTESIAN_POINT('',(52.,32.,1.5));
#13007 = DIRECTION('',(0.,0.,1.));
#13008 = DIRECTION('',(1.,0.,-0.));
#13009 = DEFINITIONAL_REPRESENTATION('',(#13010),#13014);
#13010 = LINE('',#13011,#13012);
#13011 = CARTESIAN_POINT('',(0.,13.));
#13012 = VECTOR('',#13013,1.);
#13013 = DIRECTION('',(1.,0.));
#13014 = ( GEOMETRIC_REPRESENTATION_CONTEXT(2) 
PARAMETRIC_REPRESENTATION_CONTEXT() REPRESENTATION_CONTEXT('2D SPACE',''
  ) );
#13015 = ADVANCED_FACE('',(#13016),#12899,.F.);
#13016 = FACE_BOUND('',#13017,.F.);
#13017 = EDGE_LOOP('',(#13018,#13019,#13042,#13069));
#13018 = ORIENTED_EDGE('',*,*,#12882,.F.);
#13019 = ORIENTED_EDGE('',*,*,#13020,.F.);
#13020 = EDGE_CURVE('',#13021,#12883,#13023,.T.);
#13021 = VERTEX_POINT('',#13022);
#13022 = CARTESIAN_POINT('',(9.5,8.,1.5));
#13023 = SEAM_CURVE('',#13024,(#13028,#13035),.PCURVE_S1.);
#13024 = LINE('',#13025,#13026);
#13025 = CARTESIAN_POINT('',(9.5,8.,1.5));
#13026 = VECTOR('',#13027,1.);
#13027 = DIRECTION('',(0.,0.,1.));
#13028 = PCURVE('',#12899,#13029);
#13029 = DEFINITIONAL_REPRESENTATION('',(#13030),#13034);
#13030 = LINE('',#13031,#13032);
#13031 = CARTESIAN_POINT('',(6.28318530718,-0.));
#13032 = VECTOR('',#13033,1.);
#13033 = DIRECTION('',(0.,1.));
#13034 = ( GEOMETRIC_REPRESENTATION_CONTEXT(2) 
PARAMETRIC_REPRESENTATION_CONTEXT() REPRESENTATION_CONTEXT('2D SPACE',''
  ) );
#13035 = PCURVE('',#12899,#13036);
#13036 = DEFINITIONAL_REPRESENTATION('',(#13037),#13041);
#13037 = LINE('',#13038,#13039);
#13038 = CARTESIAN_POINT('',(0.,-0.));
#13039 = VECTOR('',#13040,1.);
#13040 = DIRECTION('',(0.,1.));
#13041 = ( GEOMETRIC_REPRESENTATION_CONTEXT(2) 
PARAMETRIC_REPRESENTATION_CONTEXT() REPRESENTATION_CONTEXT('2D SPACE',''
  ) );
#13042 = ORIENTED_EDGE('',*,*,#13043,.T.);
#13043 = EDGE_CURVE('',#13021,#13021,#13044,.T.);
#13044 = SURFACE_CURVE('',#13045,(#13050,#13057),.PCURVE_S1.);
#13045 = CIRCLE('',#13046,1.5);
#13046 = AXIS2_PLACEMENT_3D('',#13047,#13048,#13049);
#13047 = CARTESIAN_POINT('',(8.,8.,1.5));
#13048 = DIRECTION('',(0.,0.,1.));
#13049 = DIRECTION('',(1.,0.,-0.));
#13050 = PCURVE('',#12899,#13051);
#13051 = DEFINITIONAL_REPRESENTATION('',(#13052),#13056);
#13052 = LINE('',#13053,#13054);
#13053 = CARTESIAN_POINT('',(0.,0.));
#13054 = VECTOR('',#13055,1.);
#13055 = DIRECTION('',(1.,0.));
#13056 = ( GEOMETRIC_REPRESENTATION_CONTEXT(2) 
PARAMETRIC_REPRESENTATION_CONTEXT() REPRESENTATION_CONTEXT('2D SPACE',''
  ) );
#13057 = PCURVE('',#13058,#13063);
#13058 = PLANE('',#13059);
#13059 = AXIS2_PLACEMENT_3D('',#13060,#13061,#13062);
#13060 = CARTESIAN_POINT('',(8.,8.,1.5));
#13061 = DIRECTION('',(0.,0.,1.));
#13062 = DIRECTION('',(1.,0.,-0.));
#13063 = DEFINITIONAL_REPRESENTATION('',(#13064),#13068);
#13064 = CIRCLE('',#13065,1.5);
#13065 = AXIS2_PLACEMENT_2D('',#13066,#13067);
#13066 = CARTESIAN_POINT('',(0.,0.));
#13067 = DIRECTION('',(1.,0.));
#13068 = ( GEOMETRIC_REPRESENTATION_CONTEXT(2) 
PARAMETRIC_REPRESENTATION_CONTEXT() REPRESENTATION_CONTEXT('2D SPACE',''
  ) );
#13069 = ORIENTED_EDGE('',*,*,#13020,.T.);
#13070 = ADVANCED_FACE('',(#13071),#12934,.F.);
#13071 = FACE_BOUND('',#13072,.F.);
#13072 = EDGE_LOOP('',(#13073,#13074,#13097,#13124));
#13073 = ORIENTED_EDGE('',*,*,#12917,.F.);
#13074 = ORIENTED_EDGE('',*,*,#13075,.F.);
#13075 = EDGE_CURVE('',#13076,#12918,#13078,.T.);
#13076 = VERTEX_POINT('',#13077);
#13077 = CARTESIAN_POINT('',(9.5,32.,1.5));
#13078 = SEAM_CURVE('',#13079,(#13083,#13090),.PCURVE_S1.);
#13079 = LINE('',#13080,#13081);
#13080 = CARTESIAN_POINT('',(9.5,32.,1.5));
#13081 = VECTOR('',#13082,1.);
#13082 = DIRECTION('',(0.,0.,1.));
#13083 = PCURVE('',#12934,#13084);
#13084 = DEFINITIONAL_REPRESENTATION('',(#13085),#13089);
#13085 = LINE('',#13086,#13087);
#13086 = CARTESIAN_POINT('',(6.28318530718,-0.));
#13087 = VECTOR('',#13088,1.);
#13088 = DIRECTION('',(0.,1.));
#13089 = ( GEOMETRIC_REPRESENTATION_CONTEXT(2) 
PARAMETRIC_REPRESENTATION_CONTEXT() REPRESENTATION_CONTEXT('2D SPACE',''
  ) );
#13090 = PCURVE('',#12934,#13091);
#13091 = DEFINITIONAL_REPRESENTATION('',(#13092),#13096);
#13092 = LINE('',#13093,#13094);
#13093 = CARTESIAN_POINT('',(0.,-0.));
#13094 = VECTOR('',#13095,1.);
#13095 = DIRECTION('',(0.,1.));
#13096 = ( GEOMETRIC_REPRESENTATION_CONTEXT(2) 
PARAMETRIC_REPRESENTATION_CONTEXT() REPRESENTATION_CONTEXT('2D SPACE',''
  ) );
#13097 = ORIENTED_EDGE('',*,*,#13098,.T.);
#13098 = EDGE_CURVE('',#13076,#13076,#13099,.T.);
#13099 = SURFACE_CURVE('',#13100,(#13105,#13112),.PCURVE_S1.);
#13100 = CIRCLE('',#13101,1.5);
#13101 = AXIS2_PLACEMENT_3D('',#13102,#13103,#13104);
#13102 = CARTESIAN_POINT('',(8.,32.,1.5));
#13103 = DIRECTION('',(0.,0.,1.));
#13104 = DIRECTION('',(1.,0.,-0.));
#13105 = PCURVE('',#12934,#13106);
#13106 = DEFINITIONAL_REPRESENTATION('',(#13107),#13111);
#13107 = LINE('',#13108,#13109);
#13108 = CARTESIAN_POINT('',(0.,0.));
#13109 = VECTOR('',#13110,1.);
#13110 = DIRECTION('',(1.,0.));
#13111 = ( GEOMETRIC_REPRESENTATION_CONTEXT(2) 
PARAMETRIC_REPRESENTATION_CONTEXT() REPRESENTATION_CONTEXT('2D SPACE',''
  ) );
#13112 = PCURVE('',#13113,#13118);
#13113 = PLANE('',#13114);
#13114 = AXIS2_PLACEMENT_3D('',#13115,#13116,#13117);
#13115 = CARTESIAN_POINT('',(8.,32.,1.5));
#13116 = DIRECTION('',(0.,0.,1.));
#13117 = DIRECTION('',(1.,0.,-0.));
#13118 = DEFINITIONAL_REPRESENTATION('',(#13119),#13123);
#13119 = CIRCLE('',#13120,1.5);
#13120 = AXIS2_PLACEMENT_2D('',#13121,#13122);
#13121 = CARTESIAN_POINT('',(0.,0.));
#13122 = DIRECTION('',(1.,0.));
#13123 = ( GEOMETRIC_REPRESENTATION_CONTEXT(2) 
PARAMETRIC_REPRESENTATION_CONTEXT() REPRESENTATION_CONTEXT('2D SPACE',''
  ) );
#13124 = ORIENTED_EDGE('',*,*,#13075,.T.);
#13125 = ADVANCED_FACE('',(#13126),#12969,.F.);
#13126 = FACE_BOUND('',#13127,.F.);
#13127 = EDGE_LOOP('',(#13128,#13129,#13152,#13179));
#13128 = ORIENTED_EDGE('',*,*,#12952,.F.);
#13129 = ORIENTED_EDGE('',*,*,#13130,.F.);
#13130 = EDGE_CURVE('',#13131,#12953,#13133,.T.);
#13131 = VERTEX_POINT('',#13132);
#13132 = CARTESIAN_POINT('',(53.5,8.,1.5));
#13133 = SEAM_CURVE('',#13134,(#13138,#13145),.PCURVE_S1.);
#13134 = LINE('',#13135,#13136);
#13135 = CARTESIAN_POINT('',(53.5,8.,1.5));
#13136 = VECTOR('',#13137,1.);
#13137 = DIRECTION('',(0.,0.,1.));
#13138 = PCURVE('',#12969,#13139);
#13139 = DEFINITIONAL_REPRESENTATION('',(#13140),#13144);
#13140 = LINE('',#13141,#13142);
#13141 = CARTESIAN_POINT('',(6.28318530718,-0.));
#13142 = VECTOR('',#13143,1.);
#13143 = DIRECTION('',(0.,1.));
#13144 = ( GEOMETRIC_REPRESENTATION_CONTEXT(2) 
PARAMETRIC_REPRESENTATION_CONTEXT() REPRESENTATION_CONTEXT('2D SPACE',''
  ) );
#13145 = PCURVE('',#12969,#13146);
#13146 = DEFINITIONAL_REPRESENTATION('',(#13147),#13151);
#13147 = LINE('',#13148,#13149);
#13148 = CARTESIAN_POINT('',(0.,-0.));
#13149 = VECTOR('',#13150,1.);
#13150 = DIRECTION('',(0.,1.));
#13151 = ( GEOMETRIC_REPRESENTATION_CONTEXT(2) 
PARAMETRIC_REPRESENTATION_CONTEXT() REPRESENTATION_CONTEXT('2D SPACE',''
  ) );
#13152 = ORIENTED_EDGE('',*,*,#13153,.T.);
#13153 = EDGE_CURVE('',#13131,#13131,#13154,.T.);
#13154 = SURFACE_CURVE('',#13155,(#13160,#13167),.PCURVE_S1.);
#13155 = CIRCLE('',#13156,1.5);
#13156 = AXIS2_PLACEMENT_3D('',#13157,#13158,#13159);
#13157 = CARTESIAN_POINT('',(52.,8.,1.5));
#13158 = DIRECTION('',(0.,0.,1.));
#13159 = DIRECTION('',(1.,0.,-0.));
#13160 = PCURVE('',#12969,#13161);
#13161 = DEFINITIONAL_REPRESENTATION('',(#13162),#13166);
#13162 = LINE('',#13163,#13164);
#13163 = CARTESIAN_POINT('',(0.,0.));
#13164 = VECTOR('',#13165,1.);
#13165 = DIRECTION('',(1.,0.));
#13166 = ( GEOMETRIC_REPRESENTATION_CONTEXT(2) 
PARAMETRIC_REPRESENTATION_CONTEXT() REPRESENTATION_CONTEXT('2D SPACE',''
  ) );
#13167 = PCURVE('',#13168,#13173);
#13168 = PLANE('',#13169);
#13169 = AXIS2_PLACEMENT_3D('',#13170,#13171,#13172);
#13170 = CARTESIAN_POINT('',(52.,8.,1.5));
#13171 = DIRECTION('',(0.,0.,1.));
#13172 = DIRECTION('',(1.,0.,-0.));
#13173 = DEFINITIONAL_REPRESENTATION('',(#13174),#13178);
#13174 = CIRCLE('',#13175,1.5);
#13175 = AXIS2_PLACEMENT_2D('',#13176,#13177);
#13176 = CARTESIAN_POINT('',(0.,0.));
#13177 = DIRECTION('',(1.,0.));
#13178 = ( GEOMETRIC_REPRESENTATION_CONTEXT(2) 
PARAMETRIC_REPRESENTATION_CONTEXT() REPRESENTATION_CONTEXT('2D SPACE',''
  ) );
#13179 = ORIENTED_EDGE('',*,*,#13130,.T.);
#13180 = ADVANCED_FACE('',(#13181),#13004,.F.);
#13181 = FACE_BOUND('',#13182,.F.);
#13182 = EDGE_LOOP('',(#13183,#13184,#13207,#13234));
#13183 = ORIENTED_EDGE('',*,*,#12987,.F.);
#13184 = ORIENTED_EDGE('',*,*,#13185,.F.);
#13185 = EDGE_CURVE('',#13186,#12988,#13188,.T.);
#13186 = VERTEX_POINT('',#13187);
#13187 = CARTESIAN_POINT('',(53.5,32.,1.5));
#13188 = SEAM_CURVE('',#13189,(#13193,#13200),.PCURVE_S1.);
#13189 = LINE('',#13190,#13191);
#13190 = CARTESIAN_POINT('',(53.5,32.,1.5));
#13191 = VECTOR('',#13192,1.);
#13192 = DIRECTION('',(0.,0.,1.));
#13193 = PCURVE('',#13004,#13194);
#13194 = DEFINITIONAL_REPRESENTATION('',(#13195),#13199);
#13195 = LINE('',#13196,#13197);
#13196 = CARTESIAN_POINT('',(6.28318530718,-0.));
#13197 = VECTOR('',#13198,1.);
#13198 = DIRECTION('',(0.,1.));
#13199 = ( GEOMETRIC_REPRESENTATION_CONTEXT(2) 
PARAMETRIC_REPRESENTATION_CONTEXT() REPRESENTATION_CONTEXT('2D SPACE',''
  ) );
#13200 = PCURVE('',#13004,#13201);
#13201 = DEFINITIONAL_REPRESENTATION('',(#13202),#13206);
#13202 = LINE('',#13203,#13204);
#13203 = CARTESIAN_POINT('',(0.,-0.));
#13204 = VECTOR('',#13205,1.);
#13205 = DIRECTION('',(0.,1.));
#13206 = ( GEOMETRIC_REPRESENTATION_CONTEXT(2) 
PARAMETRIC_REPRESENTATION_CONTEXT() REPRESENTATION_CONTEXT('2D SPACE',''
  ) );
#13207 = ORIENTED_EDGE('',*,*,#13208,.T.);
#13208 = EDGE_CURVE('',#13186,#13186,#13209,.T.);
#13209 = SURFACE_CURVE('',#13210,(#13215,#13222),.PCURVE_S1.);
#13210 = CIRCLE('',#13211,1.5);
#13211 = AXIS2_PLACEMENT_3D('',#13212,#13213,#13214);
#13212 = CARTESIAN_POINT('',(52.,32.,1.5));
#13213 = DIRECTION('',(0.,0.,1.));
#13214 = DIRECTION('',(1.,0.,-0.));
#13215 = PCURVE('',#13004,#13216);
#13216 = DEFINITIONAL_REPRESENTATION('',(#13217),#13221);
#13217 = LINE('',#13218,#13219);
#13218 = CARTESIAN_POINT('',(0.,0.));
#13219 = VECTOR('',#13220,1.);
#13220 = DIRECTION('',(1.,0.));
#13221 = ( GEOMETRIC_REPRESENTATION_CONTEXT(2) 
PARAMETRIC_REPRESENTATION_CONTEXT() REPRESENTATION_CONTEXT('2D SPACE',''
  ) );
#13222 = PCURVE('',#13223,#13228);
#13223 = PLANE('',#13224);
#13224 = AXIS2_PLACEMENT_3D('',#13225,#13226,#13227);
#13225 = CARTESIAN_POINT('',(52.,32.,1.5));
#13226 = DIRECTION('',(0.,0.,1.));
#13227 = DIRECTION('',(1.,0.,-0.));
#13228 = DEFINITIONAL_REPRESENTATION('',(#13229),#13233);
#13229 = CIRCLE('',#13230,1.5);
#13230 = AXIS2_PLACEMENT_2D('',#13231,#13232);
#13231 = CARTESIAN_POINT('',(0.,0.));
#13232 = DIRECTION('',(1.,0.));
#13233 = ( GEOMETRIC_REPRESENTATION_CONTEXT(2) 
PARAMETRIC_REPRESENTATION_CONTEXT() REPRESENTATION_CONTEXT('2D SPACE',''
  ) );
#13234 = ORIENTED_EDGE('',*,*,#13185,.T.);
#13235 = ADVANCED_FACE('',(#13236),#13058,.T.);
#13236 = FACE_BOUND('',#13237,.F.);
#13237 = EDGE_LOOP('',(#13238));
#13238 = ORIENTED_EDGE('',*,*,#13043,.F.);
#13239 = ADVANCED_FACE('',(#13240),#13113,.T.);
#13240 = FACE_BOUND('',#13241,.F.);
#13241 = EDGE_LOOP('',(#13242));
#13242 = ORIENTED_EDGE('',*,*,#13098,.F.);
#13243 = ADVANCED_FACE('',(#13244),#13168,.T.);
#13244 = FACE_BOUND('',#13245,.F.);
#13245 = EDGE_LOOP('',(#13246));
#13246 = ORIENTED_EDGE('',*,*,#13153,.F.);
#13247 = ADVANCED_FACE('',(#13248),#13223,.T.);
#13248 = FACE_BOUND('',#13249,.F.);
#13249 = EDGE_LOOP('',(#13250));
#13250 = ORIENTED_EDGE('',*,*,#13208,.F.);
#13251 = ( GEOMETRIC_REPRESENTATION_CONTEXT(3) 
GLOBAL_UNCERTAINTY_ASSIGNED_CONTEXT((#13255)) 
GLOBAL_UNIT_ASSIGNED_CONTEXT((#13252,#13253,#13254)) 
REPRESENTATION_CONTEXT('Context #1',
  '3D Context with UNIT and UNCERTAINTY') );
#13252 = ( LENGTH_UNIT() NAMED_UNIT(*) SI_UNIT(.MILLI.,.METRE.) );
#13253 = ( NAMED_UNIT(*) PLANE_ANGLE_UNIT() SI_UNIT($,.RADIAN.) );
#13254 = ( NAMED_UNIT(*) SI_UNIT($,.STERADIAN.) SOLID_ANGLE_UNIT() );
#13255 = UNCERTAINTY_MEASURE_WITH_UNIT(LENGTH_MEASURE(2.E-05),#13252,
  'distance_accuracy_value','confusion accuracy');
#13256 = PRODUCT_RELATED_PRODUCT_CATEGORY('part',$,(#7));
ENDSEC;
END-ISO-10303-21;
