    Checking semio-framework-os-kernel v0.1.0 (/Users/ueli/Documents/semio/🧰️framework/🛍️products/💻️os/📦️packages/🦀️rust)
warning: unused extern crate
 --> 🧰️framework/🛍️products/💻️os/📦️packages/🦀️rust/📦️glue.rs:7:1
  |
7 | extern crate self as dsl_grammar;
  | ^^^^^^^^^^^^^^^^^^^^^^^^^^^^^^^^^ unused
  |
  = note: `-W unused-extern-crates` implied by `-W rust-2018-idioms`
  = help: to override `-W rust-2018-idioms` add `#[allow(unused_extern_crates)]`
help: remove the unused `extern crate`
  |
7 - extern crate self as dsl_grammar;
  |

warning: unused extern crate
  --> 🧰️framework/🛍️products/💻️os/📦️packages/🦀️rust/📦️glue.rs:11:1
   |
11 | extern crate self as pack;
   | ^^^^^^^^^^^^^^^^^^^^^^^^^^ unused
   |
help: remove the unused `extern crate`
   |
11 - extern crate self as pack;
   |

warning: unused extern crate
  --> 🧰️framework/🛍️products/💻️os/📦️packages/🦀️rust/📦️glue.rs:12:1
   |
12 | extern crate self as spr;
   | ^^^^^^^^^^^^^^^^^^^^^^^^^ unused
   |
help: remove the unused `extern crate`
   |
12 - extern crate self as spr;
   |

warning: unused extern crate
  --> 🧰️framework/🛍️products/💻️os/📦️packages/🦀️rust/📦️glue.rs:13:1
   |
13 | extern crate self as vcs;
   | ^^^^^^^^^^^^^^^^^^^^^^^^^ unused
   |
help: remove the unused `extern crate`
   |
13 - extern crate self as vcs;
   |

warning: unexpected `cfg` condition value: `js`
   --> 🧰️framework/🛍️products/💻️os/📦️packages/🦀️rust/./../../🔨️modules/🗣️dsl/🫀️core/🦀️component.rs:345:11
    |
345 | #[cfg(all(feature = "js", target_arch = "wasm32"))]
    |           ^^^^^^^^^^^^^^
    |
    = note: expected values for `feature` are: `default`, `deflate`, `sync`, `ureq`, and `worker`
    = help: consider adding `js` as a feature in `Cargo.toml`
    = note: see <https://doc.rust-lang.org/nightly/rustc/check-cfg/cargo-specifics.html> for more information about checking conditional configuration
    = note: `#[warn(unexpected_cfgs)]` on by default

warning: unexpected `cfg` condition value: `js`
   --> 🧰️framework/🛍️products/💻️os/📦️packages/🦀️rust/./../../🔨️modules/🗣️dsl/🫀️core/🦀️component.rs:351:11
    |
351 | #[cfg(all(feature = "js", target_arch = "wasm32"))]
    |           ^^^^^^^^^^^^^^
    |
    = note: expected values for `feature` are: `default`, `deflate`, `sync`, `ureq`, and `worker`
    = help: consider adding `js` as a feature in `Cargo.toml`
    = note: see <https://doc.rust-lang.org/nightly/rustc/check-cfg/cargo-specifics.html> for more information about checking conditional configuration

warning: ambiguous glob re-exports
   --> 🧰️framework/🛍️products/💻️os/📦️packages/🦀️rust/📦️glue.rs:185:9
    |
185 | pub use crate::os_dsl::*;
    |         ^^^^^^^^^^^^^^^^ the name `canonicalize` in the value namespace is first re-exported here
...
198 | pub use crate::os_dsl::grammar::*;
    |         ------------------------- but the name `canonicalize` in the value namespace is also re-exported here
    |
    = note: `#[warn(ambiguous_glob_reexports)]` on by default

warning: ambiguous glob re-exports
   --> 🧰️framework/🛍️products/💻️os/📦️packages/🦀️rust/📦️glue.rs:185:9
    |
185 | pub use crate::os_dsl::*;
    |         ^^^^^^^^^^^^^^^^ the name `test_support` in the type namespace is first re-exported here
186 | pub use crate::os_store::*;
    |         ------------------ but the name `test_support` in the type namespace is also re-exported here

warning: ambiguous glob re-exports
   --> 🧰️framework/🛍️products/💻️os/📦️packages/🦀️rust/📦️glue.rs:185:9
    |
185 | pub use crate::os_dsl::*;
    |         ^^^^^^^^^^^^^^^^ the name `core` in the type namespace is first re-exported here
...
188 | pub use crate::os_pack::*;
    |         ----------------- but the name `core` in the type namespace is also re-exported here

warning: ambiguous glob re-exports
   --> 🧰️framework/🛍️products/💻️os/📦️packages/🦀️rust/📦️glue.rs:185:9
    |
185 | pub use crate::os_dsl::*;
    |         ^^^^^^^^^^^^^^^^ the name `Symbol` in the type namespace is first re-exported here
...
198 | pub use crate::os_dsl::grammar::*;
    |         ------------------------- but the name `Symbol` in the type namespace is also re-exported here

warning: ambiguous glob re-exports
   --> 🧰️framework/🛍️products/💻️os/📦️packages/🦀️rust/📦️glue.rs:187:9
    |
187 | pub use crate::os_spr::*;
    |         ^^^^^^^^^^^^^^^^ the name `cli` in the type namespace is first re-exported here
...
194 | pub use crate::os_semio::*;
    |         ------------------ but the name `cli` in the type namespace is also re-exported here

warning: ambiguous glob re-exports
   --> 🧰️framework/🛍️products/💻️os/📦️packages/🦀️rust/📦️glue.rs:187:9
    |
187 | pub use crate::os_spr::*;
    |         ^^^^^^^^^^^^^^^^ the name `format` in the type namespace is first re-exported here
188 | pub use crate::os_pack::*;
    |         ----------------- but the name `format` in the type namespace is also re-exported here

warning: ambiguous glob re-exports
   --> 🧰️framework/🛍️products/💻️os/📦️packages/🦀️rust/📦️glue.rs:187:9
    |
187 | pub use crate::os_spr::*;
    |         ^^^^^^^^^^^^^^^^ the name `io` in the type namespace is first re-exported here
188 | pub use crate::os_pack::*;
    |         ----------------- but the name `io` in the type namespace is also re-exported here

warning: ambiguous glob re-exports
   --> 🧰️framework/🛍️products/💻️os/📦️packages/🦀️rust/📦️glue.rs:187:9
    |
187 | pub use crate::os_spr::*;
    |         ^^^^^^^^^^^^^^^^ the name `testkit` in the type namespace is first re-exported here
188 | pub use crate::os_pack::*;
    |         ----------------- but the name `testkit` in the type namespace is also re-exported here

warning: ambiguous glob re-exports
   --> 🧰️framework/🛍️products/💻️os/📦️packages/🦀️rust/📦️glue.rs:188:9
    |
187 | pub use crate::os_spr::*;
    |         ---------------- but the name `read_varint_u64` in the value namespace is also re-exported here
188 | pub use crate::os_pack::*;
    |         ^^^^^^^^^^^^^^^^^ the name `read_varint_u64` in the value namespace is first re-exported here

warning: ambiguous glob re-exports
   --> 🧰️framework/🛍️products/💻️os/📦️packages/🦀️rust/📦️glue.rs:188:9
    |
187 | pub use crate::os_spr::*;
    |         ---------------- but the name `write_varint_u64` in the value namespace is also re-exported here
188 | pub use crate::os_pack::*;
    |         ^^^^^^^^^^^^^^^^^ the name `write_varint_u64` in the value namespace is first re-exported here

warning: ambiguous glob re-exports
   --> 🧰️framework/🛍️products/💻️os/📦️packages/🦀️rust/📦️glue.rs:188:9
    |
187 | pub use crate::os_spr::*;
    |         ---------------- but the name `recover_file` in the value namespace is also re-exported here
188 | pub use crate::os_pack::*;
    |         ^^^^^^^^^^^^^^^^^ the name `recover_file` in the value namespace is first re-exported here

warning: ambiguous glob re-exports
   --> 🧰️framework/🛍️products/💻️os/📦️packages/🦀️rust/📦️glue.rs:188:9
    |
187 | pub use crate::os_spr::*;
    |         ---------------- but the name `RecoveryReport` in the type namespace is also re-exported here
188 | pub use crate::os_pack::*;
    |         ^^^^^^^^^^^^^^^^^ the name `RecoveryReport` in the type namespace is first re-exported here

warning: ambiguous glob re-exports
   --> 🧰️framework/🛍️products/💻️os/📦️packages/🦀️rust/📦️glue.rs:188:9
    |
187 | pub use crate::os_spr::*;
    |         ---------------- but the name `VerificationLevel` in the type namespace is also re-exported here
188 | pub use crate::os_pack::*;
    |         ^^^^^^^^^^^^^^^^^ the name `VerificationLevel` in the type namespace is first re-exported here

warning: ambiguous glob re-exports
   --> 🧰️framework/🛍️products/💻️os/📦️packages/🦀️rust/📦️glue.rs:188:9
    |
187 | pub use crate::os_spr::*;
    |         ---------------- but the name `WriteOptions` in the type namespace is also re-exported here
188 | pub use crate::os_pack::*;
    |         ^^^^^^^^^^^^^^^^^ the name `WriteOptions` in the type namespace is first re-exported here

warning: ambiguous glob re-exports
   --> 🧰️framework/🛍️products/💻️os/📦️packages/🦀️rust/📦️glue.rs:188:9
    |
187 | pub use crate::os_spr::*;
    |         ---------------- but the name `DecodeOptions` in the type namespace is also re-exported here
188 | pub use crate::os_pack::*;
    |         ^^^^^^^^^^^^^^^^^ the name `DecodeOptions` in the type namespace is first re-exported here

warning: ambiguous glob re-exports
   --> 🧰️framework/🛍️products/💻️os/📦️packages/🦀️rust/📦️glue.rs:188:9
    |
187 | pub use crate::os_spr::*;
    |         ---------------- but the name `EncodeOptions` in the type namespace is also re-exported here
188 | pub use crate::os_pack::*;
    |         ^^^^^^^^^^^^^^^^^ the name `EncodeOptions` in the type namespace is first re-exported here

warning: ambiguous glob re-exports
   --> 🧰️framework/🛍️products/💻️os/📦️packages/🦀️rust/📦️glue.rs:198:9
    |
186 | pub use crate::os_store::*;
    |         ------------------ but the name `Alternative` in the type namespace is also re-exported here
...
198 | pub use crate::os_dsl::grammar::*;
    |         ^^^^^^^^^^^^^^^^^^^^^^^^^ the name `Alternative` in the type namespace is first re-exported here

warning: unused import: `crate::os_dsl::core::*`
   --> 🧰️framework/🛍️products/💻️os/📦️packages/🦀️rust/📦️glue.rs:199:9
    |
199 | pub use crate::os_dsl::core::*;
    |         ^^^^^^^^^^^^^^^^^^^^^^
    |
    = note: `#[warn(unused_imports)]` (part of `#[warn(unused)]`) on by default

warning: unused variable: `len`
    --> 🧰️framework/🛍️products/💻️os/📦️packages/🦀️rust/./../../🔨️modules/🗣️dsl/🫀️core/🦀️component.rs:1083:21
     |
1083 |                 let len = end_j - i;
     |                     ^^^ help: if this is intentional, prefix it with an underscore: `_len`
     |
     = note: `#[warn(unused_variables)]` (part of `#[warn(unused)]`) on by default

warning: function `print_edge_label` is never used
   --> 🧰️framework/🛍️products/💻️os/📦️packages/🦀️rust/./../../🔨️modules/🗣️dsl/🖋️notation/🦀️component.rs:269:4
    |
269 | fn print_edge_label(label: &EdgeLabel, out: &mut String) {
    |    ^^^^^^^^^^^^^^^^
    |
    = note: `#[warn(dead_code)]` (part of `#[warn(unused)]`) on by default

warning: method `set_envelope` is never used
    --> 🧰️framework/🛍️products/💻️os/📦️packages/🦀️rust/./../../🔨️modules/🏪️store/🦀️component.rs:2125:19
     |
2019 | / impl<P, Operation> DocumentStore<P, Operation>
2020 | | where
2021 | |     P: Clone + Serialize + DeserializeOwned + DocumentPack,
2022 | |     Operation: Clone + Serialize + DeserializeOwned + self::Operation<P> + OpBinary + OpText,
     | |_____________________________________________________________________________________________- method in this implementation
...
2125 |       pub(crate) fn set_envelope(&mut self, envelope: DocumentEnvelope<P, Operation>, applied_edit_ids: Vec<String>) {
     |                     ^^^^^^^^^^^^

warning: `semio-framework-os-kernel` (lib) generated 27 warnings (run `cargo fix --lib -p semio-framework-os-kernel` to apply 6 suggestions)
    Checking semio-framework-ui v0.1.0 (/Users/ueli/Documents/semio/🧰️framework/🔨️modules/🖱️ui/📦️packages/🦀️rust)
    Checking semio-framework-math v0.1.0 (/Users/ueli/Documents/semio/🧰️framework/🔨️modules/🧮️math/📦️packages/🦀️rust)
    Checking semio-framework-compiler v0.1.0 (/Users/ueli/Documents/semio/🧰️framework/🔨️modules/📚️compiler/📦️packages/🦀️rust)
warning: unused import: `std::sync::OnceLock`
  --> 🧰️framework/🔨️modules/📚️compiler/📦️packages/🦀️rust/../../🦀️component.rs:13:5
   |
13 | use std::sync::OnceLock;
   |     ^^^^^^^^^^^^^^^^^^^
   |
   = note: `#[warn(unused_imports)]` (part of `#[warn(unused)]`) on by default

warning: `semio-framework-compiler` (lib) generated 1 warning (run `cargo fix --lib -p semio-framework-compiler` to apply 1 suggestion)
    Checking semio-framework-core v0.1.0 (/Users/ueli/Documents/semio/🧰️framework/📦️packages/🦀️rust)
    Checking semio-s-3d v0.1.0 (/Users/ueli/Documents/semio/✏️s/🔨️modules/🧊️3d/📦️packages/🦀️rust)
    Checking semio-framework-os-infinite v0.1.0 (/Users/ueli/Documents/semio/🧰️framework/🛍️products/💻️os/🔨️modules/♾️infinite/📦️packages/🦀️rust)
error: couldn't read `🧰️framework/🛍️products/💻️os/🔨️modules/♾️infinite/📦️packages/🦀️rust/../../🖼️canvas/../../../🖼️canvas/⚡️implementations/🦀️rust/🖼️assets/🔤️NotoColorEmoji-subset.ttf`: No such file or directory (os error 2)
   --> 🧰️framework/🛍️products/💻️os/🔨️modules/♾️infinite/📦️packages/🦀️rust/../../🖼️canvas/🦀️component.rs:360:53
    |
360 | ...ET_TTF: &[u8] = include_bytes!("../../../🖼️canvas/⚡️implementations/🦀️rust/🖼️assets/🔤️NotoColorEmoji-subset.ttf");
    |                    ^^^^^^^^^^^^^^^^^^^^^^^^^^^^^^^^^^^^^^^^^^^^^^^^^^^^^^^^^^^^^^^^^^^^^^^^^^^^^^^^^^^^^^^^^^^^^^^

error: couldn't read `🧰️framework/🛍️products/💻️os/🔨️modules/♾️infinite/📦️packages/🦀️rust/../../🖼️canvas/../../../🖼️canvas/⚡️implementations/🦀️rust/🖼️assets/🔤️MapLabelSans.ttf`: No such file or directory (os error 2)
   --> 🧰️framework/🛍️products/💻️os/🔨️modules/♾️infinite/📦️packages/🦀️rust/../../🖼️canvas/🦀️component.rs:362:44
    |
362 |     pub static MAP_LABEL_SANS_TTF: &[u8] = include_bytes!("../../../🖼️canvas/⚡️implementations/🦀️rust/🖼️assets/🔤️MapLabelSans.ttf");
    |                                            ^^^^^^^^^^^^^^^^^^^^^^^^^^^^^^^^^^^^^^^^^^^^^^^^^^^^^^^^^^^^^^^^^^^^^^^^^^^^^^^^^^^^^^

error: environment variable `OUT_DIR` not defined at compile time
    --> 🧰️framework/🛍️products/💻️os/🔨️modules/♾️infinite/📦️packages/🦀️rust/../../🖼️canvas/🦀️component.rs:1235:26
     |
1235 |         include!(concat!(env!("OUT_DIR"), "/icon_shortcode_match.rs"));
     |                          ^^^^^^^^^^^^^^^
     |
     = help: `OUT_DIR` may not be available for the current Cargo target
     = help: Cargo sets build script variables at run time. Use `std::env::var("OUT_DIR")` instead

error: couldn't read `🧰️framework/🛍️products/💻️os/🔨️modules/♾️infinite/📦️packages/🦀️rust/././../../🎲️board/🔌️ports/➡️directed/🕸️dag/../../../../../../../../../../../✏️s/🔌️plugins/🕸️dag/🗿️artifacts/🕸️dag/📚️examples/♻️reuse/🗣️dsls/♻️reuse/🧬️component.dag.dag.dsl.semio`: No such file or directory (os error 2)
    --> 🧰️framework/🛍️products/💻️os/🔨️modules/♾️infinite/📦️packages/🦀️rust/././../../🎲️board/🔌️ports/➡️directed/🕸️dag/🦀️component.rs:1900:81
     |
1900 | ...sl(include_str!("../../../../../../../../../../../✏️s/🔌️plugins/🕸️dag/🗿️artifacts/🕸️dag/📚️examples/♻️reuse/🗣️dsls/♻️reuse/🧬️component.dag.dag.dsl.semio")).e...
     |       ^^^^^^^^^^^^^^^^^^^^^^^^^^^^^^^^^^^^^^^^^^^^^^^^^^^^^^^^^^^^^^^^^^^^^^^^^^^^^^^^^^^^^^^^^^^^^^^^^^^^^^^^^^^^^^^^^^^^^^^^^^^^^^^^^^^^^^^^^^^^^^^^
     |
help: there is a file with the same name in a different directory
     |
1900 -         let document = <DagDocument as crate::os_store::DocumentDsl>::parse_dsl(include_str!("../../../../../../../../../../../✏️s/🔌️plugins/🕸️dag/🗿️artifacts/🕸️dag/📚️examples/♻️reuse/🗣️dsls/♻️reuse/🧬️component.dag.dag.dsl.semio")).expect("bundled example/🕸️demo.dag is valid DagDocument DSL text");
1900 +         let document = <DagDocument as crate::os_store::DocumentDsl>::parse_dsl(include_str!("../../../../../../../../../✏\u{fe0f}s/🔌\u{fe0f}plugins/🕸\u{fe0f}dag/🗿\u{fe0f}artifacts/🕸\u{fe0f}dag/📚\u{fe0f}examples/♻\u{fe0f}reuse/🗣\u{fe0f}dsls/♻\u{fe0f}reuse/🧬\u{fe0f}component.dag.dag.dsl.semio")).expect("bundled example/🕸️demo.dag is valid DagDocument DSL text");
     |

error[E0432]: unresolved imports `ui_wgpu::wgpu::draw_text`, `ui_wgpu::wgpu::mesh_content_version`, `ui_wgpu::wgpu::paint_selection_marquee`, `ui_wgpu::wgpu::widgets`, `ui_wgpu::wgpu::GpuContext`, `ui_wgpu::wgpu::HitKind`, `ui_wgpu::wgpu::HitTarget`, `ui_wgpu::wgpu::PointerModifiers`, `ui_wgpu::wgpu::WidgetContext`
   --> 🧰️framework/🛍️products/💻️os/🔨️modules/♾️infinite/📦️packages/🦀️rust/../../🦀️component.rs:15:21
    |
 15 | ...::{draw_text, mesh_content_version, paint_selection_marquee, widgets::gizmo, ActionDescriptor, GpuContext, HitKind, HitTarget, PointerModifiers, Rect, Rgba, UiComponentSceneNode, WidgetContext};
    |       ^^^^^^^^^  ^^^^^^^^^^^^^^^^^^^^  ^^^^^^^^^^^^^^^^^^^^^^^  ^^^^^^^                           ^^^^^^^^^^  ^^^^^^^  ^^^^^^^^^  ^^^^^^^^^^^^^^^^ no `PointerModifiers` in `wgpu`    ^^^^^^^^^^^^^ no `WidgetContext` in `wgpu`
    |       |          |                     |                        |                                 |           |        |
    |       |          |                     |                        |                                 |           |        no `HitTarget` in `wgpu`
    |       |          |                     |                        |                                 |           no `HitKind` in `wgpu`
    |       |          |                     |                        |                                 no `GpuContext` in `wgpu`
    |       |          |                     |                        could not find `widgets` in `wgpu`
    |       |          |                     no `paint_selection_marquee` in `wgpu`
    |       |          no `mesh_content_version` in `wgpu`
    |       no `draw_text` in `wgpu`
    |
note: found an item that was configured out
   --> 🧰️framework/🔨️modules/🖱️ui/📦️packages/🦀️rust/🎯️targets/🧊️wgpu/📦️glue.rs:229:16
    |
227 | #[cfg(feature = "wgpu-engine")]
    |       ----------------------- the item is gated behind the `wgpu-engine` feature
228 | pub use widgets::{
229 |     draw_icon, draw_text, draw_text_overlay, draw_text_wrapped, measure_widget, render_scroll_region, render_widget, wrap_text, Con...
    |                ^^^^^^^^^
note: found an item that was configured out
   --> 🧰️framework/🔨️modules/🖱️ui/📦️packages/🦀️rust/🎯️targets/🧊️wgpu/📦️glue.rs:187:34
    |
186 | #[cfg(feature = "wgpu-engine")]
    |       ----------------------- the item is gated behind the `wgpu-engine` feature
187 | pub use draw::{ear_clip_polygon, mesh_content_version, paint_selection_marquee, DrawList, IconAtlas, MeshGpuTable, RasterTextureTab...
    |                                  ^^^^^^^^^^^^^^^^^^^^
note: found an item that was configured out
   --> 🧰️framework/🔨️modules/🖱️ui/📦️packages/🦀️rust/🎯️targets/🧊️wgpu/📦️glue.rs:187:56
    |
186 | #[cfg(feature = "wgpu-engine")]
    |       ----------------------- the item is gated behind the `wgpu-engine` feature
187 | pub use draw::{ear_clip_polygon, mesh_content_version, paint_selection_marquee, DrawList, IconAtlas, MeshGpuTable, RasterTextureTab...
    |                                                        ^^^^^^^^^^^^^^^^^^^^^^^
note: found an item that was configured out
   --> 🧰️framework/🔨️modules/🖱️ui/📦️packages/🦀️rust/🎯️targets/🧊️wgpu/📦️glue.rs:158:9
    |
156 | #[cfg(feature = "wgpu-engine")]
    |       ----------------------- the item is gated behind the `wgpu-engine` feature
157 | #[path = "🦀️widgets.rs"]
158 | pub mod widgets;
    |         ^^^^^^^
note: found an item that was configured out
   --> 🧰️framework/🔨️modules/🖱️ui/📦️packages/🦀️rust/🎯️targets/🧊️wgpu/📦️glue.rs:212:14
    |
211 | #[cfg(feature = "wgpu-engine")]
    |       ----------------------- the item is gated behind the `wgpu-engine` feature
212 | pub use gpu::GpuContext;
    |              ^^^^^^^^^^
note: found an item that was configured out
   --> 🧰️framework/🔨️modules/🖱️ui/📦️packages/🦀️rust/🎯️targets/🧊️wgpu/📦️glue.rs:216:38
    |
215 | #[cfg(feature = "wgpu-engine")]
    |       ----------------------- the item is gated behind the `wgpu-engine` feature
216 | pub use input::{DragAxis, DragState, HitKind, HitTarget, InputState, KeyAction, PointerCallbacks, PointerModifiers, TreeDragState, ...
    |                                      ^^^^^^^
note: found an item that was configured out
   --> 🧰️framework/🔨️modules/🖱️ui/📦️packages/🦀️rust/🎯️targets/🧊️wgpu/📦️glue.rs:216:47
    |
215 | #[cfg(feature = "wgpu-engine")]
    |       ----------------------- the item is gated behind the `wgpu-engine` feature
216 | pub use input::{DragAxis, DragState, HitKind, HitTarget, InputState, KeyAction, PointerCallbacks, PointerModifiers, TreeDragState, ...
    |                                               ^^^^^^^^^
note: found an item that was configured out
   --> 🧰️framework/🔨️modules/🖱️ui/📦️packages/🦀️rust/🎯️targets/🧊️wgpu/📦️glue.rs:216:99
    |
215 | #[cfg(feature = "wgpu-engine")]
    |       ----------------------- the item is gated behind the `wgpu-engine` feature
216 | pub use input::{DragAxis, DragState, HitKind, HitTarget, InputState, KeyAction, PointerCallbacks, PointerModifiers, TreeDragState, ...
    |                                                                                                   ^^^^^^^^^^^^^^^^
note: found an item that was configured out
   --> 🧰️framework/🔨️modules/🖱️ui/📦️packages/🦀️rust/🎯️targets/🧊️wgpu/📦️glue.rs:230:18
    |
227 | #[cfg(feature = "wgpu-engine")]
    |       ----------------------- the item is gated behind the `wgpu-engine` feature
...
230 |     TreeSection, WidgetContext, WidgetInteractionMaps, WidgetNode,
    |                  ^^^^^^^^^^^^^

error[E0432]: unresolved imports `ui_wgpu::wgpu::draw_text`, `ui_wgpu::wgpu::mesh_content_version`, `ui_wgpu::wgpu::paint_selection_marquee`, `ui_wgpu::wgpu::widgets`, `ui_wgpu::wgpu::GpuContext`, `ui_wgpu::wgpu::HitKind`, `ui_wgpu::wgpu::HitTarget`, `ui_wgpu::wgpu::PointerModifiers`, `ui_wgpu::wgpu::WidgetContext`
   --> 🧰️framework/🛍️products/💻️os/🔨️modules/♾️infinite/📦️packages/🦀️rust/../../🌍️world/🦀️component.rs:15:21
    |
 15 | ...::{draw_text, mesh_content_version, paint_selection_marquee, widgets::gizmo, ActionDescriptor, GpuContext, HitKind, HitTarget, PointerModifiers, Rect, Rgba, UiComponentSceneNode, WidgetContext};
    |       ^^^^^^^^^  ^^^^^^^^^^^^^^^^^^^^  ^^^^^^^^^^^^^^^^^^^^^^^  ^^^^^^^                           ^^^^^^^^^^  ^^^^^^^  ^^^^^^^^^  ^^^^^^^^^^^^^^^^ no `PointerModifiers` in `wgpu`    ^^^^^^^^^^^^^ no `WidgetContext` in `wgpu`
    |       |          |                     |                        |                                 |           |        |
    |       |          |                     |                        |                                 |           |        no `HitTarget` in `wgpu`
    |       |          |                     |                        |                                 |           no `HitKind` in `wgpu`
    |       |          |                     |                        |                                 no `GpuContext` in `wgpu`
    |       |          |                     |                        could not find `widgets` in `wgpu`
    |       |          |                     no `paint_selection_marquee` in `wgpu`
    |       |          no `mesh_content_version` in `wgpu`
    |       no `draw_text` in `wgpu`
    |
note: found an item that was configured out
   --> 🧰️framework/🔨️modules/🖱️ui/📦️packages/🦀️rust/🎯️targets/🧊️wgpu/📦️glue.rs:229:16
    |
227 | #[cfg(feature = "wgpu-engine")]
    |       ----------------------- the item is gated behind the `wgpu-engine` feature
228 | pub use widgets::{
229 |     draw_icon, draw_text, draw_text_overlay, draw_text_wrapped, measure_widget, render_scroll_region, render_widget, wrap_text, Con...
    |                ^^^^^^^^^
note: found an item that was configured out
   --> 🧰️framework/🔨️modules/🖱️ui/📦️packages/🦀️rust/🎯️targets/🧊️wgpu/📦️glue.rs:187:34
    |
186 | #[cfg(feature = "wgpu-engine")]
    |       ----------------------- the item is gated behind the `wgpu-engine` feature
187 | pub use draw::{ear_clip_polygon, mesh_content_version, paint_selection_marquee, DrawList, IconAtlas, MeshGpuTable, RasterTextureTab...
    |                                  ^^^^^^^^^^^^^^^^^^^^
note: found an item that was configured out
   --> 🧰️framework/🔨️modules/🖱️ui/📦️packages/🦀️rust/🎯️targets/🧊️wgpu/📦️glue.rs:187:56
    |
186 | #[cfg(feature = "wgpu-engine")]
    |       ----------------------- the item is gated behind the `wgpu-engine` feature
187 | pub use draw::{ear_clip_polygon, mesh_content_version, paint_selection_marquee, DrawList, IconAtlas, MeshGpuTable, RasterTextureTab...
    |                                                        ^^^^^^^^^^^^^^^^^^^^^^^
note: found an item that was configured out
   --> 🧰️framework/🔨️modules/🖱️ui/📦️packages/🦀️rust/🎯️targets/🧊️wgpu/📦️glue.rs:158:9
    |
156 | #[cfg(feature = "wgpu-engine")]
    |       ----------------------- the item is gated behind the `wgpu-engine` feature
157 | #[path = "🦀️widgets.rs"]
158 | pub mod widgets;
    |         ^^^^^^^
note: found an item that was configured out
   --> 🧰️framework/🔨️modules/🖱️ui/📦️packages/🦀️rust/🎯️targets/🧊️wgpu/📦️glue.rs:212:14
    |
211 | #[cfg(feature = "wgpu-engine")]
    |       ----------------------- the item is gated behind the `wgpu-engine` feature
212 | pub use gpu::GpuContext;
    |              ^^^^^^^^^^
note: found an item that was configured out
   --> 🧰️framework/🔨️modules/🖱️ui/📦️packages/🦀️rust/🎯️targets/🧊️wgpu/📦️glue.rs:216:38
    |
215 | #[cfg(feature = "wgpu-engine")]
    |       ----------------------- the item is gated behind the `wgpu-engine` feature
216 | pub use input::{DragAxis, DragState, HitKind, HitTarget, InputState, KeyAction, PointerCallbacks, PointerModifiers, TreeDragState, ...
    |                                      ^^^^^^^
note: found an item that was configured out
   --> 🧰️framework/🔨️modules/🖱️ui/📦️packages/🦀️rust/🎯️targets/🧊️wgpu/📦️glue.rs:216:47
    |
215 | #[cfg(feature = "wgpu-engine")]
    |       ----------------------- the item is gated behind the `wgpu-engine` feature
216 | pub use input::{DragAxis, DragState, HitKind, HitTarget, InputState, KeyAction, PointerCallbacks, PointerModifiers, TreeDragState, ...
    |                                               ^^^^^^^^^
note: found an item that was configured out
   --> 🧰️framework/🔨️modules/🖱️ui/📦️packages/🦀️rust/🎯️targets/🧊️wgpu/📦️glue.rs:216:99
    |
215 | #[cfg(feature = "wgpu-engine")]
    |       ----------------------- the item is gated behind the `wgpu-engine` feature
216 | pub use input::{DragAxis, DragState, HitKind, HitTarget, InputState, KeyAction, PointerCallbacks, PointerModifiers, TreeDragState, ...
    |                                                                                                   ^^^^^^^^^^^^^^^^
note: found an item that was configured out
   --> 🧰️framework/🔨️modules/🖱️ui/📦️packages/🦀️rust/🎯️targets/🧊️wgpu/📦️glue.rs:230:18
    |
227 | #[cfg(feature = "wgpu-engine")]
    |       ----------------------- the item is gated behind the `wgpu-engine` feature
...
230 |     TreeSection, WidgetContext, WidgetInteractionMaps, WidgetNode,
    |                  ^^^^^^^^^^^^^

error[E0432]: unresolved import `self::Color`
   --> 🧰️framework/🛍️products/💻️os/🔨️modules/♾️infinite/📦️packages/🦀️rust/../../🖼️canvas/🦀️component.rs:292:9
    |
292 |     use self::Color;
    |         ^^^^^^-----
    |               |
    |               no `Color` in `canvas::theme`
    |
help: consider importing one of these items instead
    |
292 -     use self::Color;
292 +     use crate::BlendMode::Color;
    |
292 -     use self::Color;
292 +     use crate::Color;
    |
292 -     use self::Color;
292 +     use crate::canvas::renderer::vello_backend::peniko::Color;
    |
292 -     use self::Color;
292 +     use crate::canvas::renderer::vello_backend::peniko::Mix::Color;
    |
    = and 7 other candidates

error[E0432]: unresolved import `self::usvg`
   --> 🧰️framework/🛍️products/💻️os/🔨️modules/♾️infinite/📦️packages/🦀️rust/../../🖼️canvas/🦀️component.rs:370:9
    |
370 |     use self::usvg;
    |         ^^^^^^----
    |               |
    |               no `usvg` in `canvas::svg_icon`
    |
help: consider importing one of these crates instead
    |
370 -     use self::usvg;
370 +     use crate::usvg;
    |
370 -     use self::usvg;
370 +     use vello_svg::usvg;
    |

error[E0432]: unresolved imports `self::Affine`, `self::BezPath`, `self::Color`, `self::FillRule`, `self::Point`, `self::Scene`, `self::ShapeRef`, `self::Stroke`
   --> 🧰️framework/🛍️products/💻️os/🔨️modules/♾️infinite/📦️packages/🦀️rust/../../🖼️canvas/🦀️component.rs:371:16
    |
371 |     use self::{Affine, BezPath, Color, FillRule, Point, Scene, ShapeRef, Stroke};
    |                ^^^^^^  ^^^^^^^  ^^^^^  ^^^^^^^^  ^^^^^  ^^^^^  ^^^^^^^^  ^^^^^^ no `Stroke` in `canvas::svg_icon`
    |                |       |        |      |         |      |      |
    |                |       |        |      |         |      |      no `ShapeRef` in `canvas::svg_icon`
    |                |       |        |      |         |      no `Scene` in `canvas::svg_icon`
    |                |       |        |      |         no `Point` in `canvas::svg_icon`
    |                |       |        |      no `FillRule` in `canvas::svg_icon`
    |                |       |        no `Color` in `canvas::svg_icon`
    |                |       no `BezPath` in `canvas::svg_icon`
    |                no `Affine` in `canvas::svg_icon`
    |
    = help: consider importing one of these structs instead:
            crate::Affine
            crate::canvas::renderer::vello_backend::kurbo::Affine
            math::geometry::Affine
    = help: consider importing one of these items instead:
            crate::BezPath
            crate::ShapeRef::BezPath
            crate::canvas::renderer::vello_backend::kurbo::BezPath
            math::geometry::BezPath
            math::geometry::ShapeRef::BezPath
    = help: consider importing one of these items instead:
            crate::BlendMode::Color
            crate::Color
            crate::canvas::renderer::vello_backend::peniko::Color
            crate::canvas::renderer::vello_backend::peniko::Mix::Color
            crate::usvg::BlendMode::Color
            crate::usvg::Color
            crate::usvg::Paint::Color
            image::error::UnsupportedErrorKind::Color
            typst::foundations::Value::Color
            typst::visualize::Color
            typst_assets::html::Type::Color
    = help: consider importing one of these enums instead:
            crate::FillRule
            crate::usvg::FillRule
            typst::visualize::FillRule
    = help: consider importing one of these items instead:
            crate::Point
            crate::canvas::renderer::vello_backend::kurbo::Point
            math::geometry::Point
            semio_framework_core::DwgGeometry::Point
            typst::layout::Point
    = help: consider importing one of these items instead:
            crate::Scene
            crate::canvas::renderer::vello_backend::Scene
            semio_framework_core::IntroductionPoint::Scene
            vello::Scene
    = help: consider importing one of these enums instead:
            crate::ShapeRef
            math::geometry::ShapeRef
    = help: consider importing one of these items instead:
            crate::Stroke
            crate::canvas::renderer::vello_backend::kurbo::Stroke
            crate::canvas::renderer::vello_backend::peniko::Style::Stroke
            crate::canvas::renderer::vello_backend::peniko::StyleRef::Stroke
            crate::usvg::Stroke
            typst::visualize::Stroke
note: variant `crate::board::ports::directed_normal::board_host::NodeHandlePaintLayer::Stroke` exists but is inaccessible
   --> 🧰️framework/🛍️products/💻️os/🔨️modules/♾️infinite/📦️packages/🦀️rust/././../../🎲️board/🔌️ports/➡️directed/➕️normal/🦀️component.rs:193:9
    |
193 |         Stroke,
    |         ^^^^^^ not accessible

error[E0432]: unresolved imports `self::Affine`, `self::Scene`
    --> 🧰️framework/🛍️products/💻️os/🔨️modules/♾️infinite/📦️packages/🦀️rust/../../🖼️canvas/🦀️component.rs:1095:16
     |
1095 |     use self::{Affine, Scene};
     |                ^^^^^^  ^^^^^ no `Scene` in `canvas::render`
     |                |
     |                no `Affine` in `canvas::render`
     |
     = help: consider importing one of these structs instead:
             crate::Affine
             crate::canvas::renderer::vello_backend::kurbo::Affine
             math::geometry::Affine
     = help: consider importing one of these items instead:
             crate::Scene
             crate::canvas::renderer::vello_backend::Scene
             semio_framework_core::IntroductionPoint::Scene
             vello::Scene

error[E0432]: unresolved imports `self::Color`, `self::Scene`
    --> 🧰️framework/🛍️products/💻️os/🔨️modules/♾️infinite/📦️packages/🦀️rust/../../🖼️canvas/🦀️component.rs:1112:16
     |
1112 |     use self::{Color, Scene};
     |                ^^^^^  ^^^^^ no `Scene` in `canvas::canvas_content`
     |                |
     |                no `Color` in `canvas::canvas_content`
     |
     = help: consider importing one of these items instead:
             crate::BlendMode::Color
             crate::Color
             crate::canvas::renderer::vello_backend::peniko::Color
             crate::canvas::renderer::vello_backend::peniko::Mix::Color
             crate::usvg::BlendMode::Color
             crate::usvg::Color
             crate::usvg::Paint::Color
             image::error::UnsupportedErrorKind::Color
             typst::foundations::Value::Color
             typst::visualize::Color
             typst_assets::html::Type::Color
     = help: consider importing one of these items instead:
             crate::Scene
             crate::canvas::renderer::vello_backend::Scene
             semio_framework_core::IntroductionPoint::Scene
             vello::Scene

error[E0433]: `crate` in paths can only be used in start position
    --> 🧰️framework/🛍️products/💻️os/🔨️modules/♾️infinite/📦️packages/🦀️rust/././../../🎲️board/🔌️ports/➡️directed/🕸️dag/🦀️component.rs:1918:22
     |
1918 |     use math::graph::crate::os_dsl::{wire_literal_from_dag, WireEdge, WireNode};
     |                      ^^^^^ can only be used in path start position

error[E0433]: `crate` in paths can only be used in start position
    --> 🧰️framework/🛍️products/💻️os/🔨️modules/♾️infinite/📦️packages/🦀️rust/././../../🎲️board/🔌️ports/➡️directed/🕸️dag/🦀️component.rs:1934:22
     |
1934 |     use math::graph::crate::os_dsl::{WireEdge, WireNode};
     |                      ^^^^^ can only be used in path start position

error[E0432]: unresolved import `self::board_json_visible_or_true`
   --> 🧰️framework/🛍️products/💻️os/🔨️modules/♾️infinite/📦️packages/🦀️rust/././../../🎲️board/🔌️ports/➡️directed/🦀️component.rs:743:9
    |
743 |     use self::board_json_visible_or_true;
    |         ^^^^^^--------------------------
    |               |
    |               no `board_json_visible_or_true` in `board::ports::directed::force_graph`

error[E0432]: unresolved import `self::svg_icon`
   --> 🧰️framework/🛍️products/💻️os/🔨️modules/♾️infinite/📦️packages/🦀️rust/../../🖼️canvas/🦀️component.rs:703:15
    |
703 |     use self::svg_icon::render_svg_tree_literal;
    |               ^^^^^^^^ could not find `svg_icon` in `self`

error[E0432]: unresolved import `self::usvg`
   --> 🧰️framework/🛍️products/💻️os/🔨️modules/♾️infinite/📦️packages/🦀️rust/../../🖼️canvas/🦀️component.rs:704:9
    |
704 |     use self::usvg;
    |         ^^^^^^----
    |               |
    |               no `usvg` in `canvas::text`
    |
help: consider importing one of these crates instead
    |
704 -     use self::usvg;
704 +     use crate::usvg;
    |
704 -     use self::usvg;
704 +     use vello_svg::usvg;
    |

error[E0432]: unresolved imports `self::Affine`, `self::Color`, `self::Point`, `self::Scene`, `self::Vec2`
   --> 🧰️framework/🛍️products/💻️os/🔨️modules/♾️infinite/📦️packages/🦀️rust/../../🖼️canvas/🦀️component.rs:705:16
    |
705 |     use self::{Affine, Color, Point, Scene, Vec2};
    |                ^^^^^^  ^^^^^  ^^^^^  ^^^^^  ^^^^ no `Vec2` in `canvas::text`
    |                |       |      |      |
    |                |       |      |      no `Scene` in `canvas::text`
    |                |       |      no `Point` in `canvas::text`
    |                |       no `Color` in `canvas::text`
    |                no `Affine` in `canvas::text`
    |
    = help: consider importing one of these structs instead:
            crate::Affine
            crate::canvas::renderer::vello_backend::kurbo::Affine
            math::geometry::Affine
    = help: consider importing one of these items instead:
            crate::BlendMode::Color
            crate::Color
            crate::canvas::renderer::vello_backend::peniko::Color
            crate::canvas::renderer::vello_backend::peniko::Mix::Color
            crate::usvg::BlendMode::Color
            crate::usvg::Color
            crate::usvg::Paint::Color
            image::error::UnsupportedErrorKind::Color
            typst::foundations::Value::Color
            typst::visualize::Color
            typst_assets::html::Type::Color
    = help: consider importing one of these items instead:
            crate::Point
            crate::canvas::renderer::vello_backend::kurbo::Point
            math::geometry::Point
            semio_framework_core::DwgGeometry::Point
            typst::layout::Point
    = help: consider importing one of these items instead:
            crate::Scene
            crate::canvas::renderer::vello_backend::Scene
            semio_framework_core::IntroductionPoint::Scene
            vello::Scene
    = help: consider importing one of these structs instead:
            crate::Vec2
            crate::canvas::renderer::vello_backend::kurbo::Vec2
            math::geometry::Vec2
            semio_s_3d::brep::vec::Vec2

error[E0432]: unresolved imports `self::Affine`, `self::Point`
   --> 🧰️framework/🛍️products/💻️os/🔨️modules/♾️infinite/📦️packages/🦀️rust/../../🖼️canvas/🦀️component.rs:933:16
    |
933 |     use self::{Affine, Point};
    |                ^^^^^^  ^^^^^ no `Point` in `canvas::camera`
    |                |
    |                no `Affine` in `canvas::camera`
    |
    = help: consider importing one of these structs instead:
            crate::Affine
            crate::canvas::renderer::vello_backend::kurbo::Affine
            math::geometry::Affine
    = help: consider importing one of these items instead:
            crate::Point
            crate::canvas::renderer::vello_backend::kurbo::Point
            math::geometry::Point
            semio_framework_core::DwgGeometry::Point
            typst::layout::Point

error[E0433]: cannot find `canvas` in `self`
   --> 🧰️framework/🛍️products/💻️os/🔨️modules/♾️infinite/📦️packages/🦀️rust/././../../🎲️board/🔌️ports/➡️directed/🦀️component.rs:139:15
    |
139 |     use self::canvas::camera::Camera;
    |               ^^^^^^ could not find `canvas` in `self`

error[E0432]: unresolved imports `self::Affine`, `self::RasterImage`, `self::Scene`
    --> 🧰️framework/🛍️products/💻️os/🔨️modules/♾️infinite/📦️packages/🦀️rust/../../🖼️canvas/🦀️component.rs:1062:16
     |
1062 |     use self::{Affine, RasterImage, Scene};
     |                ^^^^^^  ^^^^^^^^^^^  ^^^^^ no `Scene` in `canvas::raster`
     |                |       |
     |                |       no `RasterImage` in `canvas::raster`
     |                no `Affine` in `canvas::raster`
     |
     = help: consider importing one of these structs instead:
             crate::Affine
             crate::canvas::renderer::vello_backend::kurbo::Affine
             math::geometry::Affine
     = help: consider importing one of these structs instead:
             crate::RasterImage
             typst::visualize::RasterImage
     = help: consider importing one of these items instead:
             crate::Scene
             crate::canvas::renderer::vello_backend::Scene
             semio_framework_core::IntroductionPoint::Scene
             vello::Scene

error[E0432]: unresolved import `self::canvas`
   --> 🧰️framework/🛍️products/💻️os/🔨️modules/♾️infinite/📦️packages/🦀️rust/././../../🎲️board/🔌️ports/➡️directed/🦀️component.rs:140:15
    |
140 |     use self::canvas::Color;
    |               ^^^^^^ could not find `canvas` in `self`

error[E0432]: unresolved import `self::canvas`
   --> 🧰️framework/🛍️products/💻️os/🔨️modules/♾️infinite/📦️packages/🦀️rust/././../../🎲️board/🔌️ports/➡️directed/🦀️component.rs:141:15
    |
141 |     use self::canvas::{Point, Vec2};
    |               ^^^^^^ could not find `canvas` in `self`

error[E0432]: unresolved import `self::NodeKindHandleTemplate`
   --> 🧰️framework/🛍️products/💻️os/🔨️modules/♾️infinite/📦️packages/🦀️rust/././../../🎲️board/🔌️ports/➡️directed/🦀️component.rs:142:9
    |
142 |     use self::NodeKindHandleTemplate;
    |         ^^^^^^----------------------
    |               |
    |               no `NodeKindHandleTemplate` in `board::ports::directed::types`
    |
help: consider importing this struct through its public re-export instead
    |
142 -     use self::NodeKindHandleTemplate;
142 +     use crate::board::ports::NodeKindHandleTemplate;
    |

error[E0432]: unresolved import `self::canvas`
   --> 🧰️framework/🛍️products/💻️os/🔨️modules/♾️infinite/📦️packages/🦀️rust/././../../🎲️board/🔌️ports/➡️directed/🦀️component.rs:541:15
    |
541 |     use self::canvas::{append_svg_document, Affine, FillRule, RasterImage, Rect, Scene, SvgDocument};
    |               ^^^^^^ could not find `canvas` in `self`

error[E0432]: unresolved import `self::board_json_visible_or_true`
   --> 🧰️framework/🛍️products/💻️os/🔨️modules/♾️infinite/📦️packages/🦀️rust/././../../🎲️board/🔌️ports/➡️directed/🦀️component.rs:803:9
    |
803 |     use self::board_json_visible_or_true;
    |         ^^^^^^--------------------------
    |               |
    |               no `board_json_visible_or_true` in `board::ports::directed::hierarchical_tree`

error[E0432]: unresolved import `self::fixture_edge_handle_ids_from_object`
   --> 🧰️framework/🛍️products/💻️os/🔨️modules/♾️infinite/📦️packages/🦀️rust/././../../🎲️board/🔌️ports/➡️directed/🦀️component.rs:804:9
    |
804 |     use self::fixture_edge_handle_ids_from_object;
    |         ^^^^^^-----------------------------------
    |               |
    |               no `fixture_edge_handle_ids_from_object` in `board::ports::directed::hierarchical_tree`

error[E0432]: unresolved import `self::canvas`
    --> 🧰️framework/🛍️products/💻️os/🔨️modules/♾️infinite/📦️packages/🦀️rust/././../../🎲️board/🔌️ports/➡️directed/🦀️component.rs:1358:15
     |
1358 |     use self::canvas::Point;
     |               ^^^^^^ could not find `canvas` in `self`

error[E0432]: unresolved import `self::board_json_visible_or_true`
    --> 🧰️framework/🛍️products/💻️os/🔨️modules/♾️infinite/📦️packages/🦀️rust/././../../🎲️board/🔌️ports/➡️directed/🦀️component.rs:1363:9
     |
1363 |     use self::board_json_visible_or_true;
     |         ^^^^^^--------------------------
     |               |
     |               no `board_json_visible_or_true` in `board::ports::directed::redraw_layout`

error[E0432]: unresolved import `self::fixture_edge_handle_ids_from_object`
    --> 🧰️framework/🛍️products/💻️os/🔨️modules/♾️infinite/📦️packages/🦀️rust/././../../🎲️board/🔌️ports/➡️directed/🦀️component.rs:1364:9
     |
1364 |     use self::fixture_edge_handle_ids_from_object;
     |         ^^^^^^-----------------------------------
     |               |
     |               no `fixture_edge_handle_ids_from_object` in `board::ports::directed::redraw_layout`

error[E0432]: unresolved import `self::force_graph`
    --> 🧰️framework/🛍️products/💻️os/🔨️modules/♾️infinite/📦️packages/🦀️rust/././../../🎲️board/🔌️ports/➡️directed/🦀️component.rs:1365:15
     |
1365 |     use self::force_graph::{apply_force_graph_layout_to_fixture_v1_value, ForceGraphLayoutOptions};
     |               ^^^^^^^^^^^ could not find `force_graph` in `self`

error[E0432]: unresolved import `self::hierarchical_tree`
    --> 🧰️framework/🛍️products/💻️os/🔨️modules/♾️infinite/📦️packages/🦀️rust/././../../🎲️board/🔌️ports/➡️directed/🦀️component.rs:1366:15
     |
1366 |     use self::hierarchical_tree::{apply_hierarchical_tree_layout_to_fixture_v1_value, HierarchicalTreeLayoutOptions};
     |               ^^^^^^^^^^^^^^^^^ could not find `hierarchical_tree` in `self`

error[E0432]: unresolved imports `self::circle_handle_angle_toward`, `self::distance_between`, `self::rectangle_handle_angle_toward`
    --> 🧰️framework/🛍️products/💻️os/🔨️modules/♾️infinite/📦️packages/🦀️rust/././../../🎲️board/🔌️ports/➡️directed/🦀️component.rs:1367:16
     |
1367 |     use self::{circle_handle_angle_toward, distance_between, rectangle_handle_angle_toward};
     |                ^^^^^^^^^^^^^^^^^^^^^^^^^^  ^^^^^^^^^^^^^^^^  ^^^^^^^^^^^^^^^^^^^^^^^^^^^^^ no `rectangle_handle_angle_toward` in `board::ports::directed::redraw_layout`
     |                |                           |
     |                |                           no `distance_between` in `board::ports::directed::redraw_layout`
     |                no `circle_handle_angle_toward` in `board::ports::directed::redraw_layout`

error[E0432]: unresolved imports `self::board_json_locked_option`, `self::board_json_visible_option`, `self::builtin_edge_tips`, `self::circle_handle_angle_toward`, `self::compute_edge_bezier_points`, `self::distance_between`, `self::distance_point_to_cubic_bezier`, `self::fixture_edge_handle_ids_from_object`, `self::handle_exterior_cap_fill_path`, `self::handle_exterior_cap_stroke_path`, `self::handle_outward_at_node_rim`, `self::handle_position_on_circle`, `self::handle_position_on_rectangle`, `self::merge_ids_into_selection`, `self::merge_pick_into_selection`, `self::normalize_or_zero`, `self::normalize_selection_mode`, `self::pick_merge_mode_for_modifiers`, `self::property_bag_from_json`, `self::rectangle_handle_angle_toward`, `self::selection_drag_enclosing`, `self::selection_drag_shape`, `self::ActiveUtility`, `self::BoardElementStyleKind`, `self::CachedIconBody`, `self::CanvasPalette`, `self::CompatSpecificity`, `self::EdgeData`, `self::EdgeDescJson`, `self::EdgeKindDef`, `self::EdgeStrokePattern`, `self::EdgeTipDef`, `self::EdgeTipGeometry`, `self::FixtureJson`, `self::GraphPortMode`, `self::HandleData`, `self::HandleDescJson`, `self::HandleKindDef`, `self::IconPaintCache`, `self::Interaction`, `self::LinkCompatRule`, `self::NodeData`, `self::NodeDescJson`, `self::NodeKindDef`, `self::NodeKindHandleTemplate`, `self::NodeShape`, `self::SceneDescriptorJson`, `self::SelectionOptions`, `self::WireData`, `self::WireKindDef`
  --> 🧰️framework/🛍️products/💻️os/🔨️modules/♾️infinite/📦️packages/🦀️rust/././../../🎲️board/🔌️ports/➡️directed/➕️normal/🦀️component.rs:16:9
   |
16 | ...   board_json_locked_option, board_json_visible_option, builtin_edge_tips, circle_handle_angle_toward, compute_edge_bezier_points, distance_between, distance_point_to_cubic_bezier, fixture_edge_handle_ids_from_object,
   |       ^^^^^^^^^^^^^^^^^^^^^^^^  ^^^^^^^^^^^^^^^^^^^^^^^^^  ^^^^^^^^^^^^^^^^^  ^^^^^^^^^^^^^^^^^^^^^^^^^^  ^^^^^^^^^^^^^^^^^^^^^^^^^^  ^^^^^^^^^^^^^^^^  ^^^^^^^^^^^^^^^^^^^^^^^^^^^^^^  ^^^^^^^^^^^^^^^^^^^^^^^^^^^^^^^^^^^ no `fixture_edge_handle_ids_from_object` in `board::ports::directed_normal::board_host`
   |       |                         |                          |                  |                           |                           |                 |
   |       |                         |                          |                  |                           |                           |                 no `distance_point_to_cubic_bezier` in `board::ports::directed_normal::board_host`
   |       |                         |                          |                  |                           |                           no `distance_between` in `board::ports::directed_normal::board_host`
   |       |                         |                          |                  |                           no `compute_edge_bezier_points` in `board::ports::directed_normal::board_host`
   |       |                         |                          |                  no `circle_handle_angle_toward` in `board::ports::directed_normal::board_host`
   |       |                         |                          no `builtin_edge_tips` in `board::ports::directed_normal::board_host`
   |       |                         no `board_json_visible_option` in `board::ports::directed_normal::board_host`
   |       no `board_json_locked_option` in `board::ports::directed_normal::board_host`
17 | ...   handle_exterior_cap_fill_path, handle_exterior_cap_stroke_path, handle_outward_at_node_rim, handle_position_on_circle, handle_position_on_rectangle, merge_ids_into_selection, merge_pick_into_selection, normalize_or_zero,
   |       ^^^^^^^^^^^^^^^^^^^^^^^^^^^^^  ^^^^^^^^^^^^^^^^^^^^^^^^^^^^^^^  ^^^^^^^^^^^^^^^^^^^^^^^^^^  ^^^^^^^^^^^^^^^^^^^^^^^^^  ^^^^^^^^^^^^^^^^^^^^^^^^^^^^  ^^^^^^^^^^^^^^^^^^^^^^^^  ^^^^^^^^^^^^^^^^^^^^^^^^^  ^^^^^^^^^^^^^^^^^
   |       |                              |
   |       |                              no `handle_exterior_cap_stroke_path` in `board::ports::directed_normal::board_host`
   |       no `handle_exterior_cap_fill_path` in `board::ports::directed_normal::board_host`
18 | ...   normalize_selection_mode, pick_merge_mode_for_modifiers, property_bag_from_json, rectangle_handle_angle_toward, selection_drag_enclosing, selection_drag_shape, ActiveUtility, BoardElementStyleKind, CachedIconBody, CanvasPalette,
   |       ^^^^^^^^^^^^^^^^^^^^^^^^  ^^^^^^^^^^^^^^^^^^^^^^^^^^^^^  ^^^^^^^^^^^^^^^^^^^^^^  ^^^^^^^^^^^^^^^^^^^^^^^^^^^^^  ^^^^^^^^^^^^^^^^^^^^^^^^  ^^^^^^^^^^^^^^^^^^^^  ^^^^^^^^^^^^^  ^^^^^^^^^^^^^^^^^^^^^  ^^^^^^^^^^^^^^  ^^^^^^^^^^^^^
19 | ...   CompatSpecificity, EdgeData, EdgeDescJson, EdgeKindDef, EdgeStrokePattern, EdgeTipDef, EdgeTipGeometry, FixtureJson, GraphPortMode, HandleData, HandleDescJson, HandleKindDef, IconPaintCache, Interaction, LinkCompatRule, NodeData,
   |       ^^^^^^^^^^^^^^^^^  ^^^^^^^^  ^^^^^^^^^^^^  ^^^^^^^^^^^  ^^^^^^^^^^^^^^^^^  ^^^^^^^^^^  ^^^^^^^^^^^^^^^  ^^^^^^^^^^^  ^^^^^^^^^^^^^  ^^^^^^^^^^  ^^^^^^^^^^^^^^  ^^^^^^^^^^^^^  ^^^^^^^^^^^^^^  ^^^^^^^^^^^  ^^^^^^^^^^^^^^  ^^^^^^^^
20 | ...   NodeDescJson, NodeKindDef, NodeKindHandleTemplate, NodeShape, SceneDescriptorJson, SelectionOptions, WireData, WireKindDef,
   |       ^^^^^^^^^^^^  ^^^^^^^^^^^  ^^^^^^^^^^^^^^^^^^^^^^  ^^^^^^^^^  ^^^^^^^^^^^^^^^^^^^  ^^^^^^^^^^^^^^^^  ^^^^^^^^  ^^^^^^^^^^^

error[E0433]: cannot find `ShortcodeResolved` in `icon_shortcodes`
    --> 🧰️framework/🛍️products/💻️os/🔨️modules/♾️infinite/📦️packages/🦀️rust/../../🖼️canvas/🦀️component.rs:1516:39
     |
1516 |                 Some(icon_shortcodes::ShortcodeResolved::Emoji(em)) => resolve_emoji_body(em),
     |                                       ^^^^^^^^^^^^^^^^^ could not find `ShortcodeResolved` in `icon_shortcodes`

error[E0433]: cannot find `ShortcodeResolved` in `icon_shortcodes`
    --> 🧰️framework/🛍️products/💻️os/🔨️modules/♾️infinite/📦️packages/🦀️rust/../../🖼️canvas/🦀️component.rs:1517:39
     |
1517 |                 Some(icon_shortcodes::ShortcodeResolved::SvgPlain(svg)) => BoardResolvedIcon::SvgPlain(svg.to_string()),
     |                                       ^^^^^^^^^^^^^^^^^ could not find `ShortcodeResolved` in `icon_shortcodes`

error[E0433]: cannot find `ShortcodeResolved` in `icon_shortcodes`
    --> 🧰️framework/🛍️products/💻️os/🔨️modules/♾️infinite/📦️packages/🦀️rust/../../🖼️canvas/🦀️component.rs:1518:39
     |
1518 |                 Some(icon_shortcodes::ShortcodeResolved::SvgThemed(svg)) => BoardResolvedIcon::SvgThemed(svg.to_string()),
     |                                       ^^^^^^^^^^^^^^^^^ could not find `ShortcodeResolved` in `icon_shortcodes`

error[E0433]: cannot find `ShortcodeResolved` in `icon_shortcodes`
    --> 🧰️framework/🛍️products/💻️os/🔨️modules/♾️infinite/📦️packages/🦀️rust/../../🖼️canvas/🦀️component.rs:1533:39
     |
1533 |                 Some(icon_shortcodes::ShortcodeResolved::SvgPlain(svg)) => BoardResolvedIcon::SvgPlain(svg.to_string()),
     |                                       ^^^^^^^^^^^^^^^^^ could not find `ShortcodeResolved` in `icon_shortcodes`

error[E0433]: cannot find `ShortcodeResolved` in `icon_shortcodes`
    --> 🧰️framework/🛍️products/💻️os/🔨️modules/♾️infinite/📦️packages/🦀️rust/../../🖼️canvas/🦀️component.rs:1534:39
     |
1534 |                 Some(icon_shortcodes::ShortcodeResolved::SvgThemed(svg)) => BoardResolvedIcon::SvgThemed(svg.to_string()),
     |                                       ^^^^^^^^^^^^^^^^^ could not find `ShortcodeResolved` in `icon_shortcodes`

error[E0433]: cannot find `ShortcodeResolved` in `icon_shortcodes`
    --> 🧰️framework/🛍️products/💻️os/🔨️modules/♾️infinite/📦️packages/🦀️rust/../../🖼️canvas/🦀️component.rs:1538:39
     |
1538 |                 Some(icon_shortcodes::ShortcodeResolved::SvgThemed(svg)) => BoardResolvedIcon::SvgThemed(svg.to_string()),
     |                                       ^^^^^^^^^^^^^^^^^ could not find `ShortcodeResolved` in `icon_shortcodes`

error[E0433]: `crate` in paths can only be used in start position
    --> 🧰️framework/🛍️products/💻️os/🔨️modules/♾️infinite/📦️packages/🦀️rust/././../../🎲️board/🔌️ports/➡️directed/🕸️dag/🦀️component.rs:1933:121
     |
1933 | ...ate::os_dsl::WireNode>, Vec<math::graph::crate::os_dsl::WireEdge>) {
     |                                             ^^^^^ can only be used in path start position

error[E0425]: cannot find function `project_point` in crate `semio_s_3d`
    --> 🧰️framework/🛍️products/💻️os/🔨️modules/♾️infinite/📦️packages/🦀️rust/../../🦀️component.rs:2793:56
     |
2793 |                         let Some(screen) = semio_s_3d::project_point(view_proj, world, rect.w, rect.h) else {
     |                                                        ^^^^^^^^^^^^^ not found in `semio_s_3d`
     |
help: consider importing this function
     |
   3 + use semio_s_3d::scene::project_point;
     |
help: if you import `project_point`, refer to it directly
     |
2793 -                         let Some(screen) = semio_s_3d::project_point(view_proj, world, rect.w, rect.h) else {
2793 +                         let Some(screen) = project_point(view_proj, world, rect.w, rect.h) else {
     |

error[E0425]: cannot find function `project_point` in crate `semio_s_3d`
    --> 🧰️framework/🛍️products/💻️os/🔨️modules/♾️infinite/📦️packages/🦀️rust/../../🦀️component.rs:2825:77
     |
2825 | ...   let (Some(screen_a), Some(screen_b)) = (semio_s_3d::project_point(view_proj, a, rect.w, rect.h), semio_s_3d::project_point(v...
     |                                                           ^^^^^^^^^^^^^ not found in `semio_s_3d`
     |
help: consider importing this function
     |
   3 + use semio_s_3d::scene::project_point;
     |
help: if you import `project_point`, refer to it directly
     |
2825 -                         let (Some(screen_a), Some(screen_b)) = (semio_s_3d::project_point(view_proj, a, rect.w, rect.h), semio_s_3d::project_point(view_proj, b, rect.w, rect.h)) else {
2825 +                         let (Some(screen_a), Some(screen_b)) = (project_point(view_proj, a, rect.w, rect.h), semio_s_3d::project_point(view_proj, b, rect.w, rect.h)) else {
     |

error[E0425]: cannot find function `project_point` in crate `semio_s_3d`
    --> 🧰️framework/🛍️products/💻️os/🔨️modules/♾️infinite/📦️packages/🦀️rust/../../🦀️component.rs:2825:134
     |
2825 | ...(view_proj, a, rect.w, rect.h), semio_s_3d::project_point(view_proj, b, rect.w, rect.h)) else {
     |                                                ^^^^^^^^^^^^^ not found in `semio_s_3d`
     |
help: consider importing this function
     |
   3 + use semio_s_3d::scene::project_point;
     |
help: if you import `project_point`, refer to it directly
     |
2825 -                         let (Some(screen_a), Some(screen_b)) = (semio_s_3d::project_point(view_proj, a, rect.w, rect.h), semio_s_3d::project_point(view_proj, b, rect.w, rect.h)) else {
2825 +                         let (Some(screen_a), Some(screen_b)) = (semio_s_3d::project_point(view_proj, a, rect.w, rect.h), project_point(view_proj, b, rect.w, rect.h)) else {
     |

error[E0425]: cannot find function `screen_segment_distance` in crate `semio_s_3d`
    --> 🧰️framework/🛍️products/💻️os/🔨️modules/♾️infinite/📦️packages/🦀️rust/../../🦀️component.rs:2828:55
     |
2828 | ...   let screen_dist = semio_s_3d::screen_segment_distance(local_x, local_y, screen_a[0], screen_a[1], screen_b[0], screen_b[1]);
     |                                     ^^^^^^^^^^^^^^^^^^^^^^^ not found in `semio_s_3d`
     |
help: consider importing this function
     |
   3 + use semio_s_3d::scene::screen_segment_distance;
     |
help: if you import `screen_segment_distance`, refer to it directly
     |
2828 -                         let screen_dist = semio_s_3d::screen_segment_distance(local_x, local_y, screen_a[0], screen_a[1], screen_b[0], screen_b[1]);
2828 +                         let screen_dist = screen_segment_distance(local_x, local_y, screen_a[0], screen_a[1], screen_b[0], screen_b[1]);
     |

error[E0425]: cannot find function `ray_segment_distance` in crate `semio_s_3d`
    --> 🧰️framework/🛍️products/💻️os/🔨️modules/♾️infinite/📦️packages/🦀️rust/../../🦀️component.rs:2832:52
     |
2832 |                         let ray_dist = semio_s_3d::ray_segment_distance(origin, dir, a, b).unwrap_or(f32::INFINITY);
     |                                                    ^^^^^^^^^^^^^^^^^^^^ not found in `semio_s_3d`
     |
help: consider importing this function
     |
   3 + use semio_s_3d::scene::ray_segment_distance;
     |
help: if you import `ray_segment_distance`, refer to it directly
     |
2832 -                         let ray_dist = semio_s_3d::ray_segment_distance(origin, dir, a, b).unwrap_or(f32::INFINITY);
2832 +                         let ray_dist = ray_segment_distance(origin, dir, a, b).unwrap_or(f32::INFINITY);
     |

error[E0425]: cannot find function `project_point` in crate `semio_s_3d`
    --> 🧰️framework/🛍️products/💻️os/🔨️modules/♾️infinite/📦️packages/🦀️rust/../../🌍️world/🦀️component.rs:2793:56
     |
2793 |                         let Some(screen) = semio_s_3d::project_point(view_proj, world, rect.w, rect.h) else {
     |                                                        ^^^^^^^^^^^^^ not found in `semio_s_3d`
     |
help: consider importing this function
     |
   3 + use semio_s_3d::scene::project_point;
     |
help: if you import `project_point`, refer to it directly
     |
2793 -                         let Some(screen) = semio_s_3d::project_point(view_proj, world, rect.w, rect.h) else {
2793 +                         let Some(screen) = project_point(view_proj, world, rect.w, rect.h) else {
     |

error[E0425]: cannot find function `project_point` in crate `semio_s_3d`
    --> 🧰️framework/🛍️products/💻️os/🔨️modules/♾️infinite/📦️packages/🦀️rust/../../🌍️world/🦀️component.rs:2825:77
     |
2825 | ...   let (Some(screen_a), Some(screen_b)) = (semio_s_3d::project_point(view_proj, a, rect.w, rect.h), semio_s_3d::project_point(v...
     |                                                           ^^^^^^^^^^^^^ not found in `semio_s_3d`
     |
help: consider importing this function
     |
   3 + use semio_s_3d::scene::project_point;
     |
help: if you import `project_point`, refer to it directly
     |
2825 -                         let (Some(screen_a), Some(screen_b)) = (semio_s_3d::project_point(view_proj, a, rect.w, rect.h), semio_s_3d::project_point(view_proj, b, rect.w, rect.h)) else {
2825 +                         let (Some(screen_a), Some(screen_b)) = (project_point(view_proj, a, rect.w, rect.h), semio_s_3d::project_point(view_proj, b, rect.w, rect.h)) else {
     |

error[E0425]: cannot find function `project_point` in crate `semio_s_3d`
    --> 🧰️framework/🛍️products/💻️os/🔨️modules/♾️infinite/📦️packages/🦀️rust/../../🌍️world/🦀️component.rs:2825:134
     |
2825 | ...(view_proj, a, rect.w, rect.h), semio_s_3d::project_point(view_proj, b, rect.w, rect.h)) else {
     |                                                ^^^^^^^^^^^^^ not found in `semio_s_3d`
     |
help: consider importing this function
     |
   3 + use semio_s_3d::scene::project_point;
     |
help: if you import `project_point`, refer to it directly
     |
2825 -                         let (Some(screen_a), Some(screen_b)) = (semio_s_3d::project_point(view_proj, a, rect.w, rect.h), semio_s_3d::project_point(view_proj, b, rect.w, rect.h)) else {
2825 +                         let (Some(screen_a), Some(screen_b)) = (semio_s_3d::project_point(view_proj, a, rect.w, rect.h), project_point(view_proj, b, rect.w, rect.h)) else {
     |

error[E0425]: cannot find function `screen_segment_distance` in crate `semio_s_3d`
    --> 🧰️framework/🛍️products/💻️os/🔨️modules/♾️infinite/📦️packages/🦀️rust/../../🌍️world/🦀️component.rs:2828:55
     |
2828 | ...   let screen_dist = semio_s_3d::screen_segment_distance(local_x, local_y, screen_a[0], screen_a[1], screen_b[0], screen_b[1]);
     |                                     ^^^^^^^^^^^^^^^^^^^^^^^ not found in `semio_s_3d`
     |
help: consider importing this function
     |
   3 + use semio_s_3d::scene::screen_segment_distance;
     |
help: if you import `screen_segment_distance`, refer to it directly
     |
2828 -                         let screen_dist = semio_s_3d::screen_segment_distance(local_x, local_y, screen_a[0], screen_a[1], screen_b[0], screen_b[1]);
2828 +                         let screen_dist = screen_segment_distance(local_x, local_y, screen_a[0], screen_a[1], screen_b[0], screen_b[1]);
     |

error[E0425]: cannot find function `ray_segment_distance` in crate `semio_s_3d`
    --> 🧰️framework/🛍️products/💻️os/🔨️modules/♾️infinite/📦️packages/🦀️rust/../../🌍️world/🦀️component.rs:2832:52
     |
2832 |                         let ray_dist = semio_s_3d::ray_segment_distance(origin, dir, a, b).unwrap_or(f32::INFINITY);
     |                                                    ^^^^^^^^^^^^^^^^^^^^ not found in `semio_s_3d`
     |
help: consider importing this function
     |
   3 + use semio_s_3d::scene::ray_segment_distance;
     |
help: if you import `ray_segment_distance`, refer to it directly
     |
2832 -                         let ray_dist = semio_s_3d::ray_segment_distance(origin, dir, a, b).unwrap_or(f32::INFINITY);
2832 +                         let ray_dist = ray_segment_distance(origin, dir, a, b).unwrap_or(f32::INFINITY);
     |

error[E0425]: cannot find type `CanvasError` in module `self`
   --> 🧰️framework/🛍️products/💻️os/🔨️modules/♾️infinite/📦️packages/🦀️rust/../../🖼️canvas/🦀️component.rs:658:106
    |
658 |     pub fn append_svg_str_themed(scene: &mut Scene, svg: &str, fg: Color, bg: Color) -> Result<(), self::CanvasError> {
    |                                                                                                          ^^^^^^^^^^^ not found in `self`
    |
help: consider importing this enum through its public re-export
    |
368 +     use crate::CanvasError;
    |
help: if you import `CanvasError`, refer to it directly
    |
658 -     pub fn append_svg_str_themed(scene: &mut Scene, svg: &str, fg: Color, bg: Color) -> Result<(), self::CanvasError> {
658 +     pub fn append_svg_str_themed(scene: &mut Scene, svg: &str, fg: Color, bg: Color) -> Result<(), CanvasError> {
    |

error[E0433]: cannot find `CanvasError` in `self`
   --> 🧰️framework/🛍️products/💻️os/🔨️modules/♾️infinite/📦️packages/🦀️rust/../../🖼️canvas/🦀️component.rs:659:86
    |
659 |         let tree = usvg::Tree::from_str(svg, usvg_options_icons()).map_err(|e| self::CanvasError::SvgParse(e.to_string()))?;
    |                                                                                      ^^^^^^^^^^^ could not find `CanvasError` in `self`
    |
help: consider importing this enum through its public re-export
    |
368 +     use crate::CanvasError;
    |
help: if you import `CanvasError`, refer to it directly
    |
659 -         let tree = usvg::Tree::from_str(svg, usvg_options_icons()).map_err(|e| self::CanvasError::SvgParse(e.to_string()))?;
659 +         let tree = usvg::Tree::from_str(svg, usvg_options_icons()).map_err(|e| CanvasError::SvgParse(e.to_string()))?;
    |

error[E0425]: cannot find type `CanvasError` in module `self`
   --> 🧰️framework/🛍️products/💻️os/🔨️modules/♾️infinite/📦️packages/🦀️rust/../../🖼️canvas/🦀️component.rs:665:77
    |
665 |     pub fn append_svg_str(scene: &mut Scene, svg: &str) -> Result<(), self::CanvasError> {
    |                                                                             ^^^^^^^^^^^ not found in `self`
    |
help: consider importing this enum through its public re-export
    |
368 +     use crate::CanvasError;
    |
help: if you import `CanvasError`, refer to it directly
    |
665 -     pub fn append_svg_str(scene: &mut Scene, svg: &str) -> Result<(), self::CanvasError> {
665 +     pub fn append_svg_str(scene: &mut Scene, svg: &str) -> Result<(), CanvasError> {
    |

error[E0433]: cannot find `theme` in `self`
   --> 🧰️framework/🛍️products/💻️os/🔨️modules/♾️infinite/📦️packages/🦀️rust/../../🖼️canvas/🦀️component.rs:666:49
    |
666 |         append_svg_str_themed(scene, svg, self::theme::default_icon_fg(), self::theme::default_icon_bg())
    |                                                 ^^^^^ could not find `theme` in `self`
    |
help: consider importing this module through its public re-export
    |
368 +     use crate::theme;
    |
help: if you import `theme`, refer to it directly
    |
666 -         append_svg_str_themed(scene, svg, self::theme::default_icon_fg(), self::theme::default_icon_bg())
666 +         append_svg_str_themed(scene, svg, theme::default_icon_fg(), self::theme::default_icon_bg())
    |

error[E0433]: cannot find `theme` in `self`
   --> 🧰️framework/🛍️products/💻️os/🔨️modules/♾️infinite/📦️packages/🦀️rust/../../🖼️canvas/🦀️component.rs:666:81
    |
666 |         append_svg_str_themed(scene, svg, self::theme::default_icon_fg(), self::theme::default_icon_bg())
    |                                                                                 ^^^^^ could not find `theme` in `self`
    |
help: consider importing this module through its public re-export
    |
368 +     use crate::theme;
    |
help: if you import `theme`, refer to it directly
    |
666 -         append_svg_str_themed(scene, svg, self::theme::default_icon_fg(), self::theme::default_icon_bg())
666 +         append_svg_str_themed(scene, svg, self::theme::default_icon_fg(), theme::default_icon_bg())
    |

error[E0425]: cannot find type `CanvasError` in module `self`
   --> 🧰️framework/🛍️products/💻️os/🔨️modules/♾️infinite/📦️packages/🦀️rust/../../🖼️canvas/🦀️component.rs:670:94
    |
670 |     pub fn svg_icon_content_bounds_from_str(svg: &str) -> Result<(f64, f64, f64, f64), self::CanvasError> {
    |                                                                                              ^^^^^^^^^^^ not found in `self`
    |
help: consider importing this enum through its public re-export
    |
368 +     use crate::CanvasError;
    |
help: if you import `CanvasError`, refer to it directly
    |
670 -     pub fn svg_icon_content_bounds_from_str(svg: &str) -> Result<(f64, f64, f64, f64), self::CanvasError> {
670 +     pub fn svg_icon_content_bounds_from_str(svg: &str) -> Result<(f64, f64, f64, f64), CanvasError> {
    |

error[E0433]: cannot find `CanvasError` in `self`
   --> 🧰️framework/🛍️products/💻️os/🔨️modules/♾️infinite/📦️packages/🦀️rust/../../🖼️canvas/🦀️component.rs:671:86
    |
671 |         let tree = usvg::Tree::from_str(svg, usvg_options_icons()).map_err(|e| self::CanvasError::SvgParse(e.to_string()))?;
    |                                                                                      ^^^^^^^^^^^ could not find `CanvasError` in `self`
    |
help: consider importing this enum through its public re-export
    |
368 +     use crate::CanvasError;
    |
help: if you import `CanvasError`, refer to it directly
    |
671 -         let tree = usvg::Tree::from_str(svg, usvg_options_icons()).map_err(|e| self::CanvasError::SvgParse(e.to_string()))?;
671 +         let tree = usvg::Tree::from_str(svg, usvg_options_icons()).map_err(|e| CanvasError::SvgParse(e.to_string()))?;
    |

error[E0433]: cannot find `svg_icon` in `self`
   --> 🧰️framework/🛍️products/💻️os/🔨️modules/♾️infinite/📦️packages/🦀️rust/../../🖼️canvas/🦀️component.rs:789:37
    |
789 |         let (bx, _, bw, bh) = self::svg_icon::svg_icon_content_bounds(&tree);
    |                                     ^^^^^^^^ could not find `svg_icon` in `self`
    |
help: consider importing this module through its public re-export
    |
701 +     use crate::svg_icon;
    |
help: if you import `svg_icon`, refer to it directly
    |
789 -         let (bx, _, bw, bh) = self::svg_icon::svg_icon_content_bounds(&tree);
789 +         let (bx, _, bw, bh) = svg_icon::svg_icon_content_bounds(&tree);
    |

error[E0433]: cannot find `svg_icon` in `self`
   --> 🧰️framework/🛍️products/💻️os/🔨️modules/♾️infinite/📦️packages/🦀️rust/../../🖼️canvas/🦀️component.rs:824:37
    |
824 |         let (bx, _, bw, bh) = self::svg_icon::svg_icon_content_bounds(&tree);
    |                                     ^^^^^^^^ could not find `svg_icon` in `self`
    |
help: consider importing this module through its public re-export
    |
701 +     use crate::svg_icon;
    |
help: if you import `svg_icon`, refer to it directly
    |
824 -         let (bx, _, bw, bh) = self::svg_icon::svg_icon_content_bounds(&tree);
824 +         let (bx, _, bw, bh) = svg_icon::svg_icon_content_bounds(&tree);
    |

error[E0433]: cannot find `svg_icon` in `self`
   --> 🧰️framework/🛍️products/💻️os/🔨️modules/♾️infinite/📦️packages/🦀️rust/../../🖼️canvas/🦀️component.rs:871:38
    |
871 |         let (bx, by, bw, bh) = self::svg_icon::svg_icon_content_bounds(&tree);
    |                                      ^^^^^^^^ could not find `svg_icon` in `self`
    |
help: consider importing this module through its public re-export
    |
701 +     use crate::svg_icon;
    |
help: if you import `svg_icon`, refer to it directly
    |
871 -         let (bx, by, bw, bh) = self::svg_icon::svg_icon_content_bounds(&tree);
871 +         let (bx, by, bw, bh) = svg_icon::svg_icon_content_bounds(&tree);
    |

error[E0433]: cannot find `svg_icon` in `self`
   --> 🧰️framework/🛍️products/💻️os/🔨️modules/♾️infinite/📦️packages/🦀️rust/../../🖼️canvas/🦀️component.rs:918:38
    |
918 |         let (bx, by, bw, bh) = self::svg_icon::svg_icon_content_bounds(&tree);
    |                                      ^^^^^^^^ could not find `svg_icon` in `self`
    |
help: consider importing this module through its public re-export
    |
701 +     use crate::svg_icon;
    |
help: if you import `svg_icon`, refer to it directly
    |
918 -         let (bx, by, bw, bh) = self::svg_icon::svg_icon_content_bounds(&tree);
918 +         let (bx, by, bw, bh) = svg_icon::svg_icon_content_bounds(&tree);
    |

error[E0425]: cannot find function `icon_shortcode_resolve` in module `icon_shortcodes`
    --> 🧰️framework/🛍️products/💻️os/🔨️modules/♾️infinite/📦️packages/🦀️rust/../../🖼️canvas/🦀️component.rs:1515:64
     |
1515 |             Icon::Shortcode { code } => match icon_shortcodes::icon_shortcode_resolve(code) {
     |                                                                ^^^^^^^^^^^^^^^^^^^^^^ not found in `icon_shortcodes`

error[E0425]: cannot find function `icon_shortcode_resolve` in module `icon_shortcodes`
    --> 🧰️framework/🛍️products/💻️os/🔨️modules/♾️infinite/📦️packages/🦀️rust/../../🖼️canvas/🦀️component.rs:1532:61
     |
1532 |             Icon::Catalog { key } => match icon_shortcodes::icon_shortcode_resolve(key.as_str()) {
     |                                                             ^^^^^^^^^^^^^^^^^^^^^^ not found in `icon_shortcodes`

error[E0425]: cannot find function `icon_shortcode_resolve` in module `icon_shortcodes`
    --> 🧰️framework/🛍️products/💻️os/🔨️modules/♾️infinite/📦️packages/🦀️rust/../../🖼️canvas/🦀️component.rs:1537:60
     |
1537 |             Icon::Themed { key } => match icon_shortcodes::icon_shortcode_resolve(key.as_str()) {
     |                                                            ^^^^^^^^^^^^^^^^^^^^^^ not found in `icon_shortcodes`

error[E0425]: cannot find type `PropertyBag` in module `self`
   --> 🧰️framework/🛍️products/💻️os/🔨️modules/♾️infinite/📦️packages/🦀️rust/././../../🎲️board/🔌️ports/➡️directed/🦀️component.rs:191:31
    |
191 |         pub properties: self::PropertyBag,
    |                               ^^^^^^^^^^^ not found in `self`
    |
help: consider importing one of these type aliases
    |
137 +     use crate::board::PropertyBag;
    |
137 +     use math::graph::PropertyBag;
    |
help: if you import `PropertyBag`, refer to it directly
    |
191 -         pub properties: self::PropertyBag,
191 +         pub properties: PropertyBag,
    |

error[E0425]: cannot find type `PropertyBag` in module `self`
   --> 🧰️framework/🛍️products/💻️os/🔨️modules/♾️infinite/📦️packages/🦀️rust/././../../🎲️board/🔌️ports/➡️directed/🦀️component.rs:325:31
    |
325 |         pub properties: self::PropertyBag,
    |                               ^^^^^^^^^^^ not found in `self`
    |
help: consider importing one of these type aliases
    |
137 +     use crate::board::PropertyBag;
    |
137 +     use math::graph::PropertyBag;
    |
help: if you import `PropertyBag`, refer to it directly
    |
325 -         pub properties: self::PropertyBag,
325 +         pub properties: PropertyBag,
    |

error[E0425]: cannot find type `PropertyBag` in module `self`
   --> 🧰️framework/🛍️products/💻️os/🔨️modules/♾️infinite/📦️packages/🦀️rust/././../../🎲️board/🔌️ports/➡️directed/🦀️component.rs:340:31
    |
340 |         pub properties: self::PropertyBag,
    |                               ^^^^^^^^^^^ not found in `self`
    |
help: consider importing one of these type aliases
    |
137 +     use crate::board::PropertyBag;
    |
137 +     use math::graph::PropertyBag;
    |
help: if you import `PropertyBag`, refer to it directly
    |
340 -         pub properties: self::PropertyBag,
340 +         pub properties: PropertyBag,
    |

error[E0425]: cannot find function `resolve_endpoint_node_id` in module `self`
    --> 🧰️framework/🛍️products/💻️os/🔨️modules/♾️infinite/📦️packages/🦀️rust/././../../🎲️board/🔌️ports/➡️directed/🦀️component.rs:1207:40
     |
1207 |             let source_node_id = self::resolve_endpoint_node_id(src_h, &handle_to_node);
     |                                        ^^^^^^^^^^^^^^^^^^^^^^^^ not found in `self`
     |
help: consider importing this function
     |
 799 +     use crate::board::ports::directed::resolve_endpoint_node_id;
     |
help: if you import `resolve_endpoint_node_id`, refer to it directly
     |
1207 -             let source_node_id = self::resolve_endpoint_node_id(src_h, &handle_to_node);
1207 +             let source_node_id = resolve_endpoint_node_id(src_h, &handle_to_node);
     |

error[E0425]: cannot find function `resolve_endpoint_node_id` in module `self`
    --> 🧰️framework/🛍️products/💻️os/🔨️modules/♾️infinite/📦️packages/🦀️rust/././../../🎲️board/🔌️ports/➡️directed/🦀️component.rs:1208:40
     |
1208 |             let target_node_id = self::resolve_endpoint_node_id(tgt_h, &handle_to_node);
     |                                        ^^^^^^^^^^^^^^^^^^^^^^^^ not found in `self`
     |
help: consider importing this function
     |
 799 +     use crate::board::ports::directed::resolve_endpoint_node_id;
     |
help: if you import `resolve_endpoint_node_id`, refer to it directly
     |
1208 -             let target_node_id = self::resolve_endpoint_node_id(tgt_h, &handle_to_node);
1208 +             let target_node_id = resolve_endpoint_node_id(tgt_h, &handle_to_node);
     |

error[E0433]: cannot find `PropertyBag` in `self`
    --> 🧰️framework/🛍️products/💻️os/🔨️modules/♾️infinite/📦️packages/🦀️rust/././../../🎲️board/🔌️ports/➡️directed/➕️normal/🦀️component.rs:5107:39
     |
5107 |                     properties: self::PropertyBag::new(),
     |                                       ^^^^^^^^^^^ could not find `PropertyBag` in `self`
     |
help: consider importing one of these type aliases
     |
  10 +     use crate::board::PropertyBag;
     |
  10 +     use math::graph::PropertyBag;
     |
help: if you import `PropertyBag`, refer to it directly
     |
5107 -                     properties: self::PropertyBag::new(),
5107 +                     properties: PropertyBag::new(),
     |

error[E0433]: `crate` in paths can only be used in start position
    --> 🧰️framework/🛍️products/💻️os/🔨️modules/♾️infinite/📦️packages/🦀️rust/././../../🎲️board/🔌️ports/➡️directed/🕸️dag/🦀️component.rs:1933:78
     |
1933 | pub fn dag_fixture_execution_rows(fixture: &DagFixture) -> (Vec<math::graph::crate::os_dsl::WireNode>, Vec<math::graph::crate::os_...
     |                                                                              ^^^^^ can only be used in path start position
     |
help: consider importing one of these modules
     |
   3 + use crate::os_dsl;
     |
   3 + use semio_framework_os_kernel::os_dsl;
     |
help: if you import `os_dsl`, refer to it directly
     |
1933 - pub fn dag_fixture_execution_rows(fixture: &DagFixture) -> (Vec<math::graph::crate::os_dsl::WireNode>, Vec<math::graph::crate::os_dsl::WireEdge>) {
1933 + pub fn dag_fixture_execution_rows(fixture: &DagFixture) -> (Vec<os_dsl::WireNode>, Vec<math::graph::crate::os_dsl::WireEdge>) {
     |

warning: unused extern crate
 --> 🧰️framework/🛍️products/💻️os/🔨️modules/♾️infinite/📦️packages/🦀️rust/📦️glue.rs:6:1
  |
6 | extern crate semio_framework_os_kernel as vcs;
  | ^^^^^^^^^^^^^^^^^^^^^^^^^^^^^^^^^^^^^^^^^^^^^^ unused
  |
  = note: `-W unused-extern-crates` implied by `-W rust-2018-idioms`
  = help: to override `-W rust-2018-idioms` add `#[allow(unused_extern_crates)]`
help: remove the unused `extern crate`
  |
6 - extern crate semio_framework_os_kernel as vcs;
  |

warning: unused extern crate
 --> 🧰️framework/🛍️products/💻️os/🔨️modules/♾️infinite/📦️packages/🦀️rust/📦️glue.rs:7:1
  |
7 | extern crate semio_framework_os_kernel as pack;
  | ^^^^^^^^^^^^^^^^^^^^^^^^^^^^^^^^^^^^^^^^^^^^^^^ unused
  |
help: remove the unused `extern crate`
  |
7 - extern crate semio_framework_os_kernel as pack;
  |

warning: unused extern crate
 --> 🧰️framework/🛍️products/💻️os/🔨️modules/♾️infinite/📦️packages/🦀️rust/📦️glue.rs:8:1
  |
8 | extern crate semio_framework_os_kernel as spr;
  | ^^^^^^^^^^^^^^^^^^^^^^^^^^^^^^^^^^^^^^^^^^^^^^ unused
  |
help: remove the unused `extern crate`
  |
8 - extern crate semio_framework_os_kernel as spr;
  |

warning: unused extern crate
  --> 🧰️framework/🛍️products/💻️os/🔨️modules/♾️infinite/📦️packages/🦀️rust/📦️glue.rs:10:1
   |
10 | extern crate self as infinite_world;
   | ^^^^^^^^^^^^^^^^^^^^^^^^^^^^^^^^^^^^ unused
   |
help: remove the unused `extern crate`
   |
10 - extern crate self as infinite_world;
   |

warning: unused extern crate
  --> 🧰️framework/🛍️products/💻️os/🔨️modules/♾️infinite/📦️packages/🦀️rust/📦️glue.rs:11:1
   |
11 | extern crate self as infinite_canvas;
   | ^^^^^^^^^^^^^^^^^^^^^^^^^^^^^^^^^^^^^ unused
   |
help: remove the unused `extern crate`
   |
11 - extern crate self as infinite_canvas;
   |

warning: unused extern crate
  --> 🧰️framework/🛍️products/💻️os/🔨️modules/♾️infinite/📦️packages/🦀️rust/📦️glue.rs:12:1
   |
12 | extern crate self as infinite_board;
   | ^^^^^^^^^^^^^^^^^^^^^^^^^^^^^^^^^^^^ unused
   |
help: remove the unused `extern crate`
   |
12 - extern crate self as infinite_board;
   |

warning: unnecessary qualification
    --> 🧰️framework/🛍️products/💻️os/🔨️modules/♾️infinite/📦️packages/🦀️rust/../../🦀️component.rs:1870:24
     |
1870 |     let component_ids: std::collections::HashSet<String> = state.component_ids.iter().cloned().collect();
     |                        ^^^^^^^^^^^^^^^^^^^^^^^^^^^^^^^^^
     |
     = note: requested on the command line with `-W unused-qualifications`
help: remove the unnecessary path segments
     |
1870 -     let component_ids: std::collections::HashSet<String> = state.component_ids.iter().cloned().collect();
1870 +     let component_ids: HashSet<String> = state.component_ids.iter().cloned().collect();
     |

warning: unnecessary qualification
    --> 🧰️framework/🛍️products/💻️os/🔨️modules/♾️infinite/📦️packages/🦀️rust/../../🦀️component.rs:1873:23
     |
1873 |     let selected_ids: std::collections::HashSet<String> = state.selected_ids.iter().cloned().collect();
     |                       ^^^^^^^^^^^^^^^^^^^^^^^^^^^^^^^^^
     |
help: remove the unnecessary path segments
     |
1873 -     let selected_ids: std::collections::HashSet<String> = state.selected_ids.iter().cloned().collect();
1873 +     let selected_ids: HashSet<String> = state.selected_ids.iter().cloned().collect();
     |

warning: unnecessary qualification
    --> 🧰️framework/🛍️products/💻️os/🔨️modules/♾️infinite/📦️packages/🦀️rust/../../🦀️component.rs:1874:32
     |
1874 |     let mut object_index_map = std::collections::HashMap::new();
     |                                ^^^^^^^^^^^^^^^^^^^^^^^^^^^^^^
     |
help: remove the unnecessary path segments
     |
1874 -     let mut object_index_map = std::collections::HashMap::new();
1874 +     let mut object_index_map = HashMap::new();
     |

warning: ambiguous glob re-exports
  --> 🧰️framework/🛍️products/💻️os/🔨️modules/♾️infinite/📦️packages/🦀️rust/📦️glue.rs:32:9
   |
32 | pub use component::*;
   |         ^^^^^^^^^^^^ the name `World3dState` in the type namespace is first re-exported here
...
36 | pub use world::*;
   |         -------- but the name `World3dState` in the type namespace is also re-exported here
   |
   = note: `#[warn(ambiguous_glob_reexports)]` on by default

warning: ambiguous glob re-exports
  --> 🧰️framework/🛍️products/💻️os/🔨️modules/♾️infinite/📦️packages/🦀️rust/📦️glue.rs:32:9
   |
32 | pub use component::*;
   |         ^^^^^^^^^^^^ the name `orbit_camera_action` in the value namespace is first re-exported here
...
36 | pub use world::*;
   |         -------- but the name `orbit_camera_action` in the value namespace is also re-exported here

warning: ambiguous glob re-exports
  --> 🧰️framework/🛍️products/💻️os/🔨️modules/♾️infinite/📦️packages/🦀️rust/📦️glue.rs:32:9
   |
32 | pub use component::*;
   |         ^^^^^^^^^^^^ the name `sync_world3d_state` in the value namespace is first re-exported here
...
36 | pub use world::*;
   |         -------- but the name `sync_world3d_state` in the value namespace is also re-exported here

warning: ambiguous glob re-exports
  --> 🧰️framework/🛍️products/💻️os/🔨️modules/♾️infinite/📦️packages/🦀️rust/📦️glue.rs:32:9
   |
32 | pub use component::*;
   |         ^^^^^^^^^^^^ the name `render_world_3d` in the value namespace is first re-exported here
...
36 | pub use world::*;
   |         -------- but the name `render_world_3d` in the value namespace is also re-exported here

warning: ambiguous glob re-exports
  --> 🧰️framework/🛍️products/💻️os/🔨️modules/♾️infinite/📦️packages/🦀️rust/📦️glue.rs:32:9
   |
32 | pub use component::*;
   |         ^^^^^^^^^^^^ the name `world3d_hit_target` in the value namespace is first re-exported here
...
36 | pub use world::*;
   |         -------- but the name `world3d_hit_target` in the value namespace is also re-exported here

warning: ambiguous glob re-exports
  --> 🧰️framework/🛍️products/💻️os/🔨️modules/♾️infinite/📦️packages/🦀️rust/📦️glue.rs:32:9
   |
32 | pub use component::*;
   |         ^^^^^^^^^^^^ the name `handle_world3d_pointer_move` in the value namespace is first re-exported here
...
36 | pub use world::*;
   |         -------- but the name `handle_world3d_pointer_move` in the value namespace is also re-exported here

warning: ambiguous glob re-exports
  --> 🧰️framework/🛍️products/💻️os/🔨️modules/♾️infinite/📦️packages/🦀️rust/📦️glue.rs:32:9
   |
32 | pub use component::*;
   |         ^^^^^^^^^^^^ the name `handle_world3d_paint_actions` in the value namespace is first re-exported here
...
36 | pub use world::*;
   |         -------- but the name `handle_world3d_paint_actions` in the value namespace is also re-exported here

warning: ambiguous glob re-exports
  --> 🧰️framework/🛍️products/💻️os/🔨️modules/♾️infinite/📦️packages/🦀️rust/📦️glue.rs:32:9
   |
32 | pub use component::*;
   |         ^^^^^^^^^^^^ the name `handle_world3d_pointer_button` in the value namespace is first re-exported here
...
36 | pub use world::*;
   |         -------- but the name `handle_world3d_pointer_button` in the value namespace is also re-exported here

warning: ambiguous glob re-exports
  --> 🧰️framework/🛍️products/💻️os/🔨️modules/♾️infinite/📦️packages/🦀️rust/📦️glue.rs:32:9
   |
32 | pub use component::*;
   |         ^^^^^^^^^^^^ the name `handle_world3d_pointer_drag` in the value namespace is first re-exported here
...
36 | pub use world::*;
   |         -------- but the name `handle_world3d_pointer_drag` in the value namespace is also re-exported here

warning: ambiguous glob re-exports
  --> 🧰️framework/🛍️products/💻️os/🔨️modules/♾️infinite/📦️packages/🦀️rust/📦️glue.rs:32:9
   |
32 | pub use component::*;
   |         ^^^^^^^^^^^^ the name `handle_world3d_wheel` in the value namespace is first re-exported here
...
36 | pub use world::*;
   |         -------- but the name `handle_world3d_wheel` in the value namespace is also re-exported here

warning: ambiguous glob re-exports
  --> 🧰️framework/🛍️products/💻️os/🔨️modules/♾️infinite/📦️packages/🦀️rust/📦️glue.rs:32:9
   |
32 | pub use component::*;
   |         ^^^^^^^^^^^^ the name `apply_world_action_preview` in the value namespace is first re-exported here
...
36 | pub use world::*;
   |         -------- but the name `apply_world_action_preview` in the value namespace is also re-exported here

warning: ambiguous glob re-exports
  --> 🧰️framework/🛍️products/💻️os/🔨️modules/♾️infinite/📦️packages/🦀️rust/📦️glue.rs:32:9
   |
32 | pub use component::*;
   |         ^^^^^^^^^^^^ the name `ingest_glb_mesh` in the value namespace is first re-exported here
...
36 | pub use world::*;
   |         -------- but the name `ingest_glb_mesh` in the value namespace is also re-exported here

warning: ambiguous glob re-exports
  --> 🧰️framework/🛍️products/💻️os/🔨️modules/♾️infinite/📦️packages/🦀️rust/📦️glue.rs:32:9
   |
32 | pub use component::*;
   |         ^^^^^^^^^^^^ the name `collect_pending_glb_fetches` in the value namespace is first re-exported here
...
36 | pub use world::*;
   |         -------- but the name `collect_pending_glb_fetches` in the value namespace is also re-exported here

warning: ambiguous glob re-exports
  --> 🧰️framework/🛍️products/💻️os/🔨️modules/♾️infinite/📦️packages/🦀️rust/📦️glue.rs:32:9
   |
32 | pub use component::*;
   |         ^^^^^^^^^^^^ the name `apply_glb_bytes` in the value namespace is first re-exported here
...
36 | pub use world::*;
   |         -------- but the name `apply_glb_bytes` in the value namespace is also re-exported here

warning: ambiguous glob re-exports
  --> 🧰️framework/🛍️products/💻️os/🔨️modules/♾️infinite/📦️packages/🦀️rust/📦️glue.rs:32:9
   |
32 | pub use component::*;
   |         ^^^^^^^^^^^^ the name `fetch_url_bytes` in the value namespace is first re-exported here
...
36 | pub use world::*;
   |         -------- but the name `fetch_url_bytes` in the value namespace is also re-exported here

warning: ambiguous glob re-exports
  --> 🧰️framework/🛍️products/💻️os/🔨️modules/♾️infinite/📦️packages/🦀️rust/📦️glue.rs:32:9
   |
32 | pub use component::*;
   |         ^^^^^^^^^^^^ the name `fetch_pending_glb_meshes` in the value namespace is first re-exported here
...
36 | pub use world::*;
   |         -------- but the name `fetch_pending_glb_meshes` in the value namespace is also re-exported here

warning: ambiguous glob re-exports
  --> 🧰️framework/🛍️products/💻️os/🔨️modules/♾️infinite/📦️packages/🦀️rust/📦️glue.rs:32:9
   |
32 | pub use component::*;
   |         ^^^^^^^^^^^^ the name `apply_reference_image_bytes` in the value namespace is first re-exported here
...
36 | pub use world::*;
   |         -------- but the name `apply_reference_image_bytes` in the value namespace is also re-exported here

warning: ambiguous glob re-exports
  --> 🧰️framework/🛍️products/💻️os/🔨️modules/♾️infinite/📦️packages/🦀️rust/📦️glue.rs:32:9
   |
32 | pub use component::*;
   |         ^^^^^^^^^^^^ the name `fetch_pending_reference_images` in the value namespace is first re-exported here
...
36 | pub use world::*;
   |         -------- but the name `fetch_pending_reference_images` in the value namespace is also re-exported here

warning: ambiguous glob re-exports
  --> 🧰️framework/🛍️products/💻️os/🔨️modules/♾️infinite/📦️packages/🦀️rust/📦️glue.rs:32:9
   |
32 | pub use component::*;
   |         ^^^^^^^^^^^^ the name `collect_pending_terrain_tile_fetches` in the value namespace is first re-exported here
...
36 | pub use world::*;
   |         -------- but the name `collect_pending_terrain_tile_fetches` in the value namespace is also re-exported here

warning: ambiguous glob re-exports
  --> 🧰️framework/🛍️products/💻️os/🔨️modules/♾️infinite/📦️packages/🦀️rust/📦️glue.rs:32:9
   |
32 | pub use component::*;
   |         ^^^^^^^^^^^^ the name `fetch_pending_terrain_tiles` in the value namespace is first re-exported here
...
36 | pub use world::*;
   |         -------- but the name `fetch_pending_terrain_tiles` in the value namespace is also re-exported here

warning: ambiguous glob re-exports
  --> 🧰️framework/🛍️products/💻️os/🔨️modules/♾️infinite/📦️packages/🦀️rust/📦️glue.rs:32:9
   |
32 | pub use component::*;
   |         ^^^^^^^^^^^^ the name `PendingGlbFetch` in the type namespace is first re-exported here
...
36 | pub use world::*;
   |         -------- but the name `PendingGlbFetch` in the type namespace is also re-exported here

warning: ambiguous glob re-exports
  --> 🧰️framework/🛍️products/💻️os/🔨️modules/♾️infinite/📦️packages/🦀️rust/📦️glue.rs:32:9
   |
32 | pub use component::*;
   |         ^^^^^^^^^^^^ the name `PendingTerrainTileFetch` in the type namespace is first re-exported here
...
36 | pub use world::*;
   |         -------- but the name `PendingTerrainTileFetch` in the type namespace is also re-exported here

warning: unnecessary qualification
    --> 🧰️framework/🛍️products/💻️os/🔨️modules/♾️infinite/📦️packages/🦀️rust/../../🌍️world/🦀️component.rs:1870:24
     |
1870 |     let component_ids: std::collections::HashSet<String> = state.component_ids.iter().cloned().collect();
     |                        ^^^^^^^^^^^^^^^^^^^^^^^^^^^^^^^^^
     |
help: remove the unnecessary path segments
     |
1870 -     let component_ids: std::collections::HashSet<String> = state.component_ids.iter().cloned().collect();
1870 +     let component_ids: HashSet<String> = state.component_ids.iter().cloned().collect();
     |

warning: unnecessary qualification
    --> 🧰️framework/🛍️products/💻️os/🔨️modules/♾️infinite/📦️packages/🦀️rust/../../🌍️world/🦀️component.rs:1873:23
     |
1873 |     let selected_ids: std::collections::HashSet<String> = state.selected_ids.iter().cloned().collect();
     |                       ^^^^^^^^^^^^^^^^^^^^^^^^^^^^^^^^^
     |
help: remove the unnecessary path segments
     |
1873 -     let selected_ids: std::collections::HashSet<String> = state.selected_ids.iter().cloned().collect();
1873 +     let selected_ids: HashSet<String> = state.selected_ids.iter().cloned().collect();
     |

warning: unnecessary qualification
    --> 🧰️framework/🛍️products/💻️os/🔨️modules/♾️infinite/📦️packages/🦀️rust/../../🌍️world/🦀️component.rs:1874:32
     |
1874 |     let mut object_index_map = std::collections::HashMap::new();
     |                                ^^^^^^^^^^^^^^^^^^^^^^^^^^^^^^
     |
help: remove the unnecessary path segments
     |
1874 -     let mut object_index_map = std::collections::HashMap::new();
1874 +     let mut object_index_map = HashMap::new();
     |

warning: unused import: `world::*`
  --> 🧰️framework/🛍️products/💻️os/🔨️modules/♾️infinite/📦️packages/🦀️rust/📦️glue.rs:36:9
   |
36 | pub use world::*;
   |         ^^^^^^^^
   |
   = note: `#[warn(unused_imports)]` (part of `#[warn(unused)]`) on by default

warning: unnecessary qualification
   --> 🧰️framework/🛍️products/💻️os/🔨️modules/♾️infinite/📦️packages/🦀️rust/././../../🎲️board/🔌️ports/➡️directed/🦀️component.rs:479:13
    |
479 |             crate::infinite::canvas::theme::merge_color_field(next, v, key);
    |             ^^^^^^^^^^^^^^^^^^^^^^^^^^^^^^^^^^^^^^^^^^^^^^^^^
    |
help: remove the unnecessary path segments
    |
479 -             crate::infinite::canvas::theme::merge_color_field(next, v, key);
479 +             infinite::canvas::theme::merge_color_field(next, v, key);
    |

warning: unnecessary qualification
   --> 🧰️framework/🛍️products/💻️os/🔨️modules/♾️infinite/📦️packages/🦀️rust/././../../🎲️board/🔌️ports/➡️directed/🦀️component.rs:561:33
    |
561 |         pub themed_icon_lookup: crate::infinite::canvas::icon_codec::ThemedSvgLookup,
    |                                 ^^^^^^^^^^^^^^^^^^^^^^^^^^^^^^^^^^^^^^^^^^^^^^^^^^^^
    |
help: remove the unnecessary path segments
    |
561 -         pub themed_icon_lookup: crate::infinite::canvas::icon_codec::ThemedSvgLookup,
561 +         pub themed_icon_lookup: infinite::canvas::icon_codec::ThemedSvgLookup,
    |

warning: unnecessary qualification
   --> 🧰️framework/🛍️products/💻️os/🔨️modules/♾️infinite/📦️packages/🦀️rust/././../../🎲️board/🔌️ports/➡️directed/🦀️component.rs:602:28
    |
602 |             let resolved = crate::infinite::canvas::icon_codec::board_resolve_icon_kind(encoded, self.themed_icon_lookup);
    |                            ^^^^^^^^^^^^^^^^^^^^^^^^^^^^^^^^^^^^^^^^^^^^^^^^^^^^^^^^^^^^
    |
help: remove the unnecessary path segments
    |
602 -             let resolved = crate::infinite::canvas::icon_codec::board_resolve_icon_kind(encoded, self.themed_icon_lookup);
602 +             let resolved = infinite::canvas::icon_codec::board_resolve_icon_kind(encoded, self.themed_icon_lookup);
    |

warning: unnecessary qualification
   --> 🧰️framework/🛍️products/💻️os/🔨️modules/♾️infinite/📦️packages/🦀️rust/././../../🎲️board/🔌️ports/➡️directed/🦀️component.rs:604:17
    |
604 |                 crate::infinite::canvas::icon_codec::BoardResolvedIcon::None => return None,
    |                 ^^^^^^^^^^^^^^^^^^^^^^^^^^^^^^^^^^^^^^^^^^^^^^^^^^^^^^^^^^^^
    |
help: remove the unnecessary path segments
    |
604 -                 crate::infinite::canvas::icon_codec::BoardResolvedIcon::None => return None,
604 +                 infinite::canvas::icon_codec::BoardResolvedIcon::None => return None,
    |

warning: unnecessary qualification
   --> 🧰️framework/🛍️products/💻️os/🔨️modules/♾️infinite/📦️packages/🦀️rust/././../../🎲️board/🔌️ports/➡️directed/🦀️component.rs:605:17
    |
605 | ...   crate::infinite::canvas::icon_codec::BoardResolvedIcon::SvgThemed(s) | crate::infinite::canvas::icon_codec::BoardResolvedIcon...
    |       ^^^^^^^^^^^^^^^^^^^^^^^^^^^^^^^^^^^^^^^^^^^^^^^^^^^^^^^^^^^^^^^^^
    |
help: remove the unnecessary path segments
    |
605 -                 crate::infinite::canvas::icon_codec::BoardResolvedIcon::SvgThemed(s) | crate::infinite::canvas::icon_codec::BoardResolvedIcon::SvgPlain(s) => Self::icon_vector_cache_key(if preserve_original_style { "p" } else { "t" }, s.as_str(), fg, bg),
605 +                 infinite::canvas::icon_codec::BoardResolvedIcon::SvgThemed(s) | crate::infinite::canvas::icon_codec::BoardResolvedIcon::SvgPlain(s) => Self::icon_vector_cache_key(if preserve_original_style { "p" } else { "t" }, s.as_str(), fg, bg),
    |

warning: unnecessary qualification
   --> 🧰️framework/🛍️products/💻️os/🔨️modules/♾️infinite/📦️packages/🦀️rust/././../../🎲️board/🔌️ports/➡️directed/🦀️component.rs:605:88
    |
605 | ...ardResolvedIcon::SvgThemed(s) | crate::infinite::canvas::icon_codec::BoardResolvedIcon::SvgPlain(s) => Self::icon_vector_cache_k...
    |                                    ^^^^^^^^^^^^^^^^^^^^^^^^^^^^^^^^^^^^^^^^^^^^^^^^^^^^^^^^^^^^^^^^
    |
help: remove the unnecessary path segments
    |
605 -                 crate::infinite::canvas::icon_codec::BoardResolvedIcon::SvgThemed(s) | crate::infinite::canvas::icon_codec::BoardResolvedIcon::SvgPlain(s) => Self::icon_vector_cache_key(if preserve_original_style { "p" } else { "t" }, s.as_str(), fg, bg),
605 +                 crate::infinite::canvas::icon_codec::BoardResolvedIcon::SvgThemed(s) | infinite::canvas::icon_codec::BoardResolvedIcon::SvgPlain(s) => Self::icon_vector_cache_key(if preserve_original_style { "p" } else { "t" }, s.as_str(), fg, bg),
    |

warning: unnecessary qualification
   --> 🧰️framework/🛍️products/💻️os/🔨️modules/♾️infinite/📦️packages/🦀️rust/././../../🎲️board/🔌️ports/➡️directed/🦀️component.rs:606:17
    |
606 | ...   crate::infinite::canvas::icon_codec::BoardResolvedIcon::RasterRgba8 { rgba, w, h } => Self::icon_raster_cache_key(rgba, *w, *h),
    |       ^^^^^^^^^^^^^^^^^^^^^^^^^^^^^^^^^^^^^^^^^^^^^^^^^^^^^^^^^^^^^^^^^^^
    |
help: remove the unnecessary path segments
    |
606 -                 crate::infinite::canvas::icon_codec::BoardResolvedIcon::RasterRgba8 { rgba, w, h } => Self::icon_raster_cache_key(rgba, *w, *h),
606 +                 infinite::canvas::icon_codec::BoardResolvedIcon::RasterRgba8 { rgba, w, h } => Self::icon_raster_cache_key(rgba, *w, *h),
    |

warning: unnecessary qualification
   --> 🧰️framework/🛍️products/💻️os/🔨️modules/♾️infinite/📦️packages/🦀️rust/././../../🎲️board/🔌️ports/➡️directed/🦀️component.rs:615:17
    |
615 |                 crate::infinite::canvas::icon_codec::BoardResolvedIcon::None => return None,
    |                 ^^^^^^^^^^^^^^^^^^^^^^^^^^^^^^^^^^^^^^^^^^^^^^^^^^^^^^^^^^^^
    |
help: remove the unnecessary path segments
    |
615 -                 crate::infinite::canvas::icon_codec::BoardResolvedIcon::None => return None,
615 +                 infinite::canvas::icon_codec::BoardResolvedIcon::None => return None,
    |

warning: unnecessary qualification
   --> 🧰️framework/🛍️products/💻️os/🔨️modules/♾️infinite/📦️packages/🦀️rust/././../../🎲️board/🔌️ports/➡️directed/🦀️component.rs:616:17
    |
616 |                 crate::infinite::canvas::icon_codec::BoardResolvedIcon::SvgThemed(s) => {
    |                 ^^^^^^^^^^^^^^^^^^^^^^^^^^^^^^^^^^^^^^^^^^^^^^^^^^^^^^^^^^^^^^^^^
    |
help: remove the unnecessary path segments
    |
616 -                 crate::infinite::canvas::icon_codec::BoardResolvedIcon::SvgThemed(s) => {
616 +                 infinite::canvas::icon_codec::BoardResolvedIcon::SvgThemed(s) => {
    |

warning: unnecessary qualification
   --> 🧰️framework/🛍️products/💻️os/🔨️modules/♾️infinite/📦️packages/🦀️rust/././../../🎲️board/🔌️ports/➡️directed/🦀️component.rs:630:17
    |
630 |                 crate::infinite::canvas::icon_codec::BoardResolvedIcon::SvgPlain(s) => {
    |                 ^^^^^^^^^^^^^^^^^^^^^^^^^^^^^^^^^^^^^^^^^^^^^^^^^^^^^^^^^^^^^^^^
    |
help: remove the unnecessary path segments
    |
630 -                 crate::infinite::canvas::icon_codec::BoardResolvedIcon::SvgPlain(s) => {
630 +                 infinite::canvas::icon_codec::BoardResolvedIcon::SvgPlain(s) => {
    |

warning: unnecessary qualification
   --> 🧰️framework/🛍️products/💻️os/🔨️modules/♾️infinite/📦️packages/🦀️rust/././../../🎲️board/🔌️ports/➡️directed/🦀️component.rs:644:17
    |
644 |                 crate::infinite::canvas::icon_codec::BoardResolvedIcon::RasterRgba8 { rgba, w, h } => {
    |                 ^^^^^^^^^^^^^^^^^^^^^^^^^^^^^^^^^^^^^^^^^^^^^^^^^^^^^^^^^^^^^^^^^^^
    |
help: remove the unnecessary path segments
    |
644 -                 crate::infinite::canvas::icon_codec::BoardResolvedIcon::RasterRgba8 { rgba, w, h } => {
644 +                 infinite::canvas::icon_codec::BoardResolvedIcon::RasterRgba8 { rgba, w, h } => {
    |

warning: unnecessary qualification
   --> 🧰️framework/🛍️products/💻️os/🔨️modules/♾️infinite/📦️packages/🦀️rust/././../../🎲️board/🔌️ports/➡️directed/🦀️component.rs:780:9
    |
780 | ...   crate::infinite::board::normal::undirected::apply_force_graph_layout_to_fixture_v1_value_resolved(fixture, opts, |endpoint, i...
    |       ^^^^^^^^^^^^^^^^^^^^^^^^^^^^^^^^^^^^^^^^^^^^^^^^^^^^^^^^^^^^^^^^^^^^^^^^^^^^^^^^^^^^^^^^^^^^^^^^^
    |
help: remove the unnecessary path segments
    |
780 -         crate::infinite::board::normal::undirected::apply_force_graph_layout_to_fixture_v1_value_resolved(fixture, opts, |endpoint, id_to_index| {
780 +         infinite::board::normal::undirected::apply_force_graph_layout_to_fixture_v1_value_resolved(fixture, opts, |endpoint, id_to_index| {
    |

warning: unnecessary qualification
   --> 🧰️framework/🛍️products/💻️os/🔨️modules/♾️infinite/📦️packages/🦀️rust/././../../🎲️board/🔌️ports/➡️directed/➕️normal/🦀️component.rs:468:31
    |
468 |         fn viewport(&self) -> crate::infinite::canvas::camera::Viewport {
    |                               ^^^^^^^^^^^^^^^^^^^^^^^^^^^^^^^^^^^^^^^^^
    |
help: remove the unnecessary path segments
    |
468 -         fn viewport(&self) -> crate::infinite::canvas::camera::Viewport {
468 +         fn viewport(&self) -> infinite::canvas::camera::Viewport {
    |

warning: unnecessary qualification
   --> 🧰️framework/🛍️products/💻️os/🔨️modules/♾️infinite/📦️packages/🦀️rust/././../../🎲️board/🔌️ports/➡️directed/➕️normal/🦀️component.rs:469:13
    |
469 |             crate::infinite::canvas::camera::Viewport { width: self.width, height: self.height, dpr: self.dpr }
    |             ^^^^^^^^^^^^^^^^^^^^^^^^^^^^^^^^^^^^^^^^^
    |
help: remove the unnecessary path segments
    |
469 -             crate::infinite::canvas::camera::Viewport { width: self.width, height: self.height, dpr: self.dpr }
469 +             infinite::canvas::camera::Viewport { width: self.width, height: self.height, dpr: self.dpr }
    |

warning: unnecessary qualification
   --> 🧰️framework/🛍️products/💻️os/🔨️modules/♾️infinite/📦️packages/🦀️rust/././../../🎲️board/🔌️ports/➡️directed/➕️normal/🦀️component.rs:473:13
    |
473 |             crate::infinite::canvas::camera::camera_content_affine(&self.camera, &self.viewport())
    |             ^^^^^^^^^^^^^^^^^^^^^^^^^^^^^^^^^^^^^^^^^^^^^^^^^^^^^^
    |
help: remove the unnecessary path segments
    |
473 -             crate::infinite::canvas::camera::camera_content_affine(&self.camera, &self.viewport())
473 +             infinite::canvas::camera::camera_content_affine(&self.camera, &self.viewport())
    |

warning: unnecessary qualification
   --> 🧰️framework/🛍️products/💻️os/🔨️modules/♾️infinite/📦️packages/🦀️rust/././../../🎲️board/🔌️ports/➡️directed/➕️normal/🦀️component.rs:643:24
    |
643 |             let zoom = crate::infinite::canvas::camera::clamp_zoom(zoom);
    |                        ^^^^^^^^^^^^^^^^^^^^^^^^^^^^^^^^^^^^^^^^^^^
    |
help: remove the unnecessary path segments
    |
643 -             let zoom = crate::infinite::canvas::camera::clamp_zoom(zoom);
643 +             let zoom = infinite::canvas::camera::clamp_zoom(zoom);
    |

warning: unnecessary qualification
    --> 🧰️framework/🛍️products/💻️os/🔨️modules/♾️infinite/📦️packages/🦀️rust/././../../🎲️board/🔌️ports/➡️directed/➕️normal/🦀️component.rs:2905:13
     |
2905 |             crate::infinite::canvas::camera::world_to_screen(&self.camera, &self.viewport(), p)
     |             ^^^^^^^^^^^^^^^^^^^^^^^^^^^^^^^^^^^^^^^^^^^^^^^^
     |
help: remove the unnecessary path segments
     |
2905 -             crate::infinite::canvas::camera::world_to_screen(&self.camera, &self.viewport(), p)
2905 +             infinite::canvas::camera::world_to_screen(&self.camera, &self.viewport(), p)
     |

warning: unnecessary qualification
    --> 🧰️framework/🛍️products/💻️os/🔨️modules/♾️infinite/📦️packages/🦀️rust/././../../🎲️board/🔌️ports/➡️directed/➕️normal/🦀️component.rs:2909:13
     |
2909 |             crate::infinite::canvas::camera::screen_to_world(&self.camera, &self.viewport(), p)
     |             ^^^^^^^^^^^^^^^^^^^^^^^^^^^^^^^^^^^^^^^^^^^^^^^^
     |
help: remove the unnecessary path segments
     |
2909 -             crate::infinite::canvas::camera::screen_to_world(&self.camera, &self.viewport(), p)
2909 +             infinite::canvas::camera::screen_to_world(&self.camera, &self.viewport(), p)
     |

warning: unnecessary qualification
    --> 🧰️framework/🛍️products/💻️os/🔨️modules/♾️infinite/📦️packages/🦀️rust/././../../🎲️board/🔌️ports/➡️directed/➕️normal/🦀️component.rs:4186:25
     |
4186 |             let mut p = crate::infinite::canvas::BezPath::new();
     |                         ^^^^^^^^^^^^^^^^^^^^^^^^^^^^^^^^^^^^^
     |
help: remove the unnecessary path segments
     |
4186 -             let mut p = crate::infinite::canvas::BezPath::new();
4186 +             let mut p = infinite::canvas::BezPath::new();
     |

warning: unnecessary qualification
    --> 🧰️framework/🛍️products/💻️os/🔨️modules/♾️infinite/📦️packages/🦀️rust/././../../🎲️board/🔌️ports/➡️directed/➕️normal/🦀️component.rs:4706:36
     |
4706 |                     let mut path = crate::infinite::canvas::BezPath::new();
     |                                    ^^^^^^^^^^^^^^^^^^^^^^^^^^^^^^^^^^^^^
     |
help: remove the unnecessary path segments
     |
4706 -                     let mut path = crate::infinite::canvas::BezPath::new();
4706 +                     let mut path = infinite::canvas::BezPath::new();
     |

warning: unnecessary qualification
    --> 🧰️framework/🛍️products/💻️os/🔨️modules/♾️infinite/📦️packages/🦀️rust/././../../🎲️board/🔌️ports/➡️directed/➕️normal/🦀️component.rs:4809:13
     |
4809 |             crate::infinite::canvas::camera::wheel_screen(&mut self.camera, &viewport, sx, sy, delta_y);
     |             ^^^^^^^^^^^^^^^^^^^^^^^^^^^^^^^^^^^^^^^^^^^^^
     |
help: remove the unnecessary path segments
     |
4809 -             crate::infinite::canvas::camera::wheel_screen(&mut self.camera, &viewport, sx, sy, delta_y);
4809 +             infinite::canvas::camera::wheel_screen(&mut self.camera, &viewport, sx, sy, delta_y);
     |

warning: unnecessary qualification
    --> 🧰️framework/🛍️products/💻️os/🔨️modules/♾️infinite/📦️packages/🦀️rust/././../../🎲️board/🔌️ports/➡️directed/➕️normal/🦀️component.rs:5683:10
     |
5683 |     impl crate::infinite::canvas::canvas_content::CanvasContent for BoardHost {
     |          ^^^^^^^^^^^^^^^^^^^^^^^^^^^^^^^^^^^^^^^^^^^^^^^^^^^^^^
     |
help: remove the unnecessary path segments
     |
5683 -     impl crate::infinite::canvas::canvas_content::CanvasContent for BoardHost {
5683 +     impl infinite::canvas::canvas_content::CanvasContent for BoardHost {
     |

warning: unnecessary qualification
    --> 🧰️framework/🛍️products/💻️os/🔨️modules/♾️infinite/📦️packages/🦀️rust/././../../🎲️board/🔌️ports/➡️directed/🕸️dag/🦀️component.rs:2859:48
     |
2859 |         let Ok(value) = serde_json::from_str::<serde_json::Value>(json) else {
     |                                                ^^^^^^^^^^^^^^^^^
     |
help: remove the unnecessary path segments
     |
2859 -         let Ok(value) = serde_json::from_str::<serde_json::Value>(json) else {
2859 +         let Ok(value) = serde_json::from_str::<Value>(json) else {
     |

error[E0559]: variant `CollectionOperation<std::string::String, DagNodeSpec, DagNodePatch>::Move` has no field named `to`
    --> 🧰️framework/🛍️products/💻️os/🔨️modules/♾️infinite/📦️packages/🦀️rust/././../../🎲️board/🔌️ports/➡️directed/🕸️dag/🦀️component.rs:7842:108
     |
7842 |         DagOperationDsl::NodesMove { id, to_index } => DagOperation::Nodes(CollectionOperation::Move { id, to: to_index }),
     |                                                                                                            ^^ `CollectionOperation<_, _, _>::Move` does not have this field
     |
     = note: available fields are: `to_index`

error[E0559]: variant `CollectionOperation<std::string::String, DagFixtureEdge, DagEdgePatch>::Move` has no field named `to`
    --> 🧰️framework/🛍️products/💻️os/🔨️modules/♾️infinite/📦️packages/🦀️rust/././../../🎲️board/🔌️ports/➡️directed/🕸️dag/🦀️component.rs:7846:108
     |
7846 |         DagOperationDsl::EdgesMove { id, to_index } => DagOperation::Edges(CollectionOperation::Move { id, to: to_index }),
     |                                                                                                            ^^ `CollectionOperation<_, _, _>::Move` does not have this field
     |
     = note: available fields are: `to_index`

error[E0277]: the size for values of type `str` cannot be known at compilation time
    --> 🧰️framework/🛍️products/💻️os/🔨️modules/♾️infinite/📦️packages/🦀️rust/././../../🎲️board/🔌️ports/➡️directed/➕️normal/🦀️component.rs:5150:28
     |
5150 |                     if let Some(target_node_id) = ring_node_id {
     |                            ^^^^^^^^^^^^^^^^^^^^ doesn't have a size known at compile-time
     |
     = help: the trait `Sized` is not implemented for `str`
note: required by a bound in `std::prelude::v1::Some`
    --> /Users/ueli/.rustup/toolchains/nightly-2026-07-07-aarch64-apple-darwin/lib/rustlib/src/rust/library/core/src/option.rs:598:17
     |
 598 | pub enum Option<T> {
     |                 ^ required by this bound in `std::prelude::v1::Some`
...
 606 |     Some(#[stable(feature = "rust1", since = "1.0.0")] T),
     |     ---- required by a bound in this tuple variant

error[E0658]: use of unstable library feature `str_as_str`
    --> 🧰️framework/🛍️products/💻️os/🔨️modules/♾️infinite/📦️packages/🦀️rust/././../../🎲️board/🔌️ports/➡️directed/➕️normal/🦀️component.rs:5152:70
     |
5152 | ...                   if hit.as_deref() == Some(target_node_id.as_str()) || hit.as_deref() == Some(th.as_str()) {
     |                                                                ^^^^^^
     |
     = note: see issue #130366 <https://github.com/rust-lang/rust/issues/130366> for more information
     = help: add `#![feature(str_as_str)]` to the crate attributes to enable
     = note: this compiler was built on 2026-07-06; consider upgrading it if it is out of date

error[E0277]: the size for values of type `str` cannot be known at compilation time
    --> 🧰️framework/🛍️products/💻️os/🔨️modules/♾️infinite/📦️packages/🦀️rust/././../../🎲️board/🔌️ports/➡️directed/➕️normal/🦀️component.rs:5386:28
     |
5386 |                     if let Some(ref target_handle_id) = target_id {
     |                            ^^^^^^^^^^^^^^^^^^^^^^^^^^ doesn't have a size known at compile-time
     |
     = help: the trait `Sized` is not implemented for `str`
note: required by a bound in `std::prelude::v1::Some`
    --> /Users/ueli/.rustup/toolchains/nightly-2026-07-07-aarch64-apple-darwin/lib/rustlib/src/rust/library/core/src/option.rs:598:17
     |
 598 | pub enum Option<T> {
     |                 ^ required by this bound in `std::prelude::v1::Some`
...
 606 |     Some(#[stable(feature = "rust1", since = "1.0.0")] T),
     |     ---- required by a bound in this tuple variant

error[E0277]: the size for values of type `str` cannot be known at compilation time
    --> 🧰️framework/🛍️products/💻️os/🔨️modules/♾️infinite/📦️packages/🦀️rust/././../../🎲️board/🔌️ports/➡️directed/➕️normal/🦀️component.rs:5418:81
     |
5418 |                 Interaction::DragNodes { start_positions, proximity_pair: Some((src, tgt)), .. } => {
     |                                                                                 ^^^ doesn't have a size known at compile-time
     |
     = help: the trait `Sized` is not implemented for `str`
     = note: all local variables must have a statically known size

error[E0277]: the size for values of type `str` cannot be known at compilation time
    --> 🧰️framework/🛍️products/💻️os/🔨️modules/♾️infinite/📦️packages/🦀️rust/././../../🎲️board/🔌️ports/➡️directed/➕️normal/🦀️component.rs:5418:86
     |
5418 |                 Interaction::DragNodes { start_positions, proximity_pair: Some((src, tgt)), .. } => {
     |                                                                                      ^^^ doesn't have a size known at compile-time
     |
     = help: the trait `Sized` is not implemented for `str`
     = note: all local variables must have a statically known size

error[E0277]: the size for values of type `str` cannot be known at compilation time
    --> 🧰️framework/🛍️products/💻️os/🔨️modules/♾️infinite/📦️packages/🦀️rust/././../../🎲️board/🔌️ports/➡️directed/➕️normal/🦀️component.rs:5418:75
     |
5418 |                 Interaction::DragNodes { start_positions, proximity_pair: Some((src, tgt)), .. } => {
     |                                                                           ^^^^^^^^^^^^^^^^ doesn't have a size known at compile-time
     |
     = help: within `(str, str)`, the trait `Sized` is not implemented for `str`
     = note: required because it appears within the type `(str, str)`
note: required by a bound in `std::prelude::v1::Some`
    --> /Users/ueli/.rustup/toolchains/nightly-2026-07-07-aarch64-apple-darwin/lib/rustlib/src/rust/library/core/src/option.rs:598:17
     |
 598 | pub enum Option<T> {
     |                 ^ required by this bound in `std::prelude::v1::Some`
...
 606 |     Some(#[stable(feature = "rust1", since = "1.0.0")] T),
     |     ---- required by a bound in this tuple variant

Some errors have detailed explanations: E0277, E0425, E0432, E0433, E0559, E0658.
For more information about an error, try `rustc --explain E0277`.
warning: `semio-framework-os-infinite` (lib) generated 58 warnings
error: could not compile `semio-framework-os-infinite` (lib) due to 79 previous errors; 58 warnings emitted
