warning: unused extern crate
 --> 🧰️framework/🛍️products/💻️os/📦️packages/🦀️rust/📦️glue.rs:6:1
  |
6 | extern crate self as dsl_grammar;
  | ^^^^^^^^^^^^^^^^^^^^^^^^^^^^^^^^^ unused
  |
  = note: `-W unused-extern-crates` implied by `-W rust-2018-idioms`
  = help: to override `-W rust-2018-idioms` add `#[allow(unused_extern_crates)]`
help: remove the unused `extern crate`
  |
6 - extern crate self as dsl_grammar;
  |

warning: unused extern crate
 --> 🧰️framework/🛍️products/💻️os/📦️packages/🦀️rust/📦️glue.rs:8:1
  |
8 | extern crate self as store;
  | ^^^^^^^^^^^^^^^^^^^^^^^^^^^ unused
  |
help: remove the unused `extern crate`
  |
8 - extern crate self as store;
  |

warning: unused extern crate
 --> 🧰️framework/🛍️products/💻️os/📦️packages/🦀️rust/📦️glue.rs:9:1
  |
9 | extern crate self as protocol;
  | ^^^^^^^^^^^^^^^^^^^^^^^^^^^^^^ unused
  |
help: remove the unused `extern crate`
  |
9 - extern crate self as protocol;
  |

warning: unused extern crate
  --> 🧰️framework/🛍️products/💻️os/📦️packages/🦀️rust/📦️glue.rs:10:1
   |
10 | extern crate self as pack;
   | ^^^^^^^^^^^^^^^^^^^^^^^^^^ unused
   |
help: remove the unused `extern crate`
   |
10 - extern crate self as pack;
   |

warning: unused extern crate
  --> 🧰️framework/🛍️products/💻️os/📦️packages/🦀️rust/📦️glue.rs:11:1
   |
11 | extern crate self as spr;
   | ^^^^^^^^^^^^^^^^^^^^^^^^^ unused
   |
help: remove the unused `extern crate`
   |
11 - extern crate self as spr;
   |

warning: unused extern crate
  --> 🧰️framework/🛍️products/💻️os/📦️packages/🦀️rust/📦️glue.rs:12:1
   |
12 | extern crate self as vcs;
   | ^^^^^^^^^^^^^^^^^^^^^^^^^ unused
   |
help: remove the unused `extern crate`
   |
12 - extern crate self as vcs;
   |

warning: unexpected `cfg` condition value: `js`
   --> 🧰️framework/🛍️products/💻️os/📦️packages/🦀️rust/./../../🔨️modules/🗣️dsl/⚠️diagnostic/🦀️component.rs:319:11
    |
319 | #[cfg(all(feature = "js", target_arch = "wasm32"))]
    |           ^^^^^^^^^^^^^^
    |
    = note: expected values for `feature` are: `default`, `deflate`, `dsl-fixture-sweep-full`, `sync`, `ureq`, and `worker`
    = help: consider adding `js` as a feature in `Cargo.toml`
    = note: see <https://doc.rust-lang.org/nightly/rustc/check-cfg/cargo-specifics.html> for more information about checking conditional configuration
    = note: `#[warn(unexpected_cfgs)]` on by default

warning: unexpected `cfg` condition value: `js`
   --> 🧰️framework/🛍️products/💻️os/📦️packages/🦀️rust/./../../🔨️modules/🗣️dsl/⚠️diagnostic/🦀️component.rs:325:11
    |
325 | #[cfg(all(feature = "js", target_arch = "wasm32"))]
    |           ^^^^^^^^^^^^^^
    |
    = note: expected values for `feature` are: `default`, `deflate`, `dsl-fixture-sweep-full`, `sync`, `ureq`, and `worker`
    = help: consider adding `js` as a feature in `Cargo.toml`
    = note: see <https://doc.rust-lang.org/nightly/rustc/check-cfg/cargo-specifics.html> for more information about checking conditional configuration

warning: unused imports: `Limits` and `TextError`
 --> 🧰️framework/🛍️products/💻️os/📦️packages/🦀️rust/./../../🔨️modules/🗣️dsl/🔤️token/🦀️component.rs:5:33
  |
5 | use crate::os_dsl::diagnostic::{Limits, TextError, TextSpan};
  |                                 ^^^^^^  ^^^^^^^^^
  |
  = note: `#[warn(unused_imports)]` (part of `#[warn(unused)]`) on by default

warning: unused import: `self::span::*`
  --> 🧰️framework/🛍️products/💻️os/📦️packages/🦀️rust/📦️glue.rs:41:11
   |
41 |   pub use self::span::*;
   |           ^^^^^^^^^^^^^

warning: unused import: `self::diagnostic::*`
  --> 🧰️framework/🛍️products/💻️os/📦️packages/🦀️rust/📦️glue.rs:42:11
   |
42 |   pub use self::diagnostic::*;
   |           ^^^^^^^^^^^^^^^^^^^

warning: unused import: `self::token::*`
  --> 🧰️framework/🛍️products/💻️os/📦️packages/🦀️rust/📦️glue.rs:43:11
   |
43 |   pub use self::token::*;
   |           ^^^^^^^^^^^^^^

warning: unused import: `self::lexer::*`
  --> 🧰️framework/🛍️products/💻️os/📦️packages/🦀️rust/📦️glue.rs:44:11
   |
44 |   pub use self::lexer::*;
   |           ^^^^^^^^^^^^^^

warning: unused import: `self::trust::*`
  --> 🧰️framework/🛍️products/💻️os/📦️packages/🦀️rust/📦️glue.rs:45:11
   |
45 |   pub use self::trust::*;
   |           ^^^^^^^^^^^^^^

warning: unused imports: `ByteRange`, `ByteReader`, `ByteWriter`, `ChunkId`, `CodecId`, `CompressionCodec`, `KIND_CHUNK_TABLE`, `KIND_CHUNK`, `KIND_DOCUMENT`, `KIND_END`, `KIND_FIELD_INDEX`, `KIND_MANIFEST`, `KIND_PADDING`, `KIND_SCHEMA`, `KIND_SNAPSHOT`, `KIND_SYMBOLS`, `NoCompression`, `PackLimits`, `PackSink`, `PackSource`, `SegmentKind`, `crc32c`, `is_minimal_varint`, `read_varint_i64`, `read_varint_u64`, `write_varint_i64`, and `write_varint_u64`
  --> 🧰️framework/🛍️products/💻️os/📦️packages/🦀️rust/./../../🔨️modules/🎒️pack/🦀️component.rs:18:5
   |
18 |     crc32c, is_minimal_varint, read_varint_i64, read_varint_u64, write_varint_i64, write_varint_u64, ByteRange, ByteReader, ByteWriter, ChunkId, CodecId, CompressionCodec, ContentHash, NoCompression, PackError, PackLimits, PackSink, PackSource,
   |     ^^^^^^  ^^^^^^^^^^^^^^^^^  ^^^^^^^^^^^^^^^  ^^^^^^^^^^^^^^^  ^^^^^^^^^^^^^^^^  ^^^^^^^^^^^^^^^^  ^^^^^^^^^  ^^^^^^^^^^  ^^^^^^^^^^  ^^^^^^^  ^^^^^^^  ^^^^^^^^^^^^^^^^               ^^^^^^^^^^^^^             ^^^^^^^^^^  ^^^^^^^^  ^^^^^^^^^^
19 |     SegmentKind, KIND_CHUNK, KIND_CHUNK_TABLE, KIND_DOCUMENT, KIND_END, KIND_FIELD_INDEX, KIND_MANIFEST, KIND_PADDING, KIND_SCHEMA, KIND_SNAPSHOT, KIND_SYMBOLS,
   |     ^^^^^^^^^^^  ^^^^^^^^^^  ^^^^^^^^^^^^^^^^  ^^^^^^^^^^^^^  ^^^^^^^^  ^^^^^^^^^^^^^^^^  ^^^^^^^^^^^^^  ^^^^^^^^^^^^  ^^^^^^^^^^^  ^^^^^^^^^^^^^  ^^^^^^^^^^^^

warning: unused imports: `ByteRange`, `ChunkId`, and `ContentHash`
 --> 🧰️framework/🛍️products/💻️os/📦️packages/🦀️rust/./../../🔨️modules/🎒️pack/🧾️codec/🦀️component.rs:4:27
  |
4 | use crate::os_pack::ids::{ByteRange, ChunkId, CodecId, ContentHash};
  |                           ^^^^^^^^^  ^^^^^^^           ^^^^^^^^^^^

warning: unused imports: `SignatureVerifier` and `Signer`
  --> 🧰️framework/🛍️products/💻️os/📦️packages/🦀️rust/./../../🔨️modules/📡️spr/🦀️component.rs:11:76
   |
11 | pub use crate::os_spr::wire::{ProtocolError, ProtocolLimits, RecordHasher, SignatureVerifier, Signer};
   |                                                                            ^^^^^^^^^^^^^^^^^  ^^^^^^

warning: unused imports: `ActorId`, `ConflictRule`, `DocumentId`, `DocumentVersion`, `HybridLogicalTimestamp`, `MergeStrategyKind`, `MutationId`, `PayloadHash`, `SchemaId`, `SchemaVersion`, `StateClass`, `UndoPolicy`, `read_f64`, `read_str`, `read_varint_u64`, `write_f64`, `write_str`, and `write_varint_u64`
  --> 🧰️framework/🛍️products/💻️os/📦️packages/🦀️rust/./../../🔨️modules/📡️spr/🦀️component.rs:30:31
   |
30 | ...::{ActorId, ConflictRule, DocumentId, DocumentVersion, HybridLogicalTimestamp, MergeStrategyKind, MutationId, PayloadHash, SchemaId, SchemaVersion, StateClass, UndoPolicy, read_f64, read_str, read_varint_u64, write_f64, write_str, write_varint_u64};
   |       ^^^^^^^  ^^^^^^^^^^^^  ^^^^^^^^^^  ^^^^^^^^^^^^^^^  ^^^^^^^^^^^^^^^^^^^^^^  ^^^^^^^^^^^^^^^^^  ^^^^^^^^^^  ^^^^^^^^^^^  ^^^^^^^^  ^^^^^^^^^^^^^  ^^^^^^^^^^  ^^^^^^^^^^  ^^^^^^^^  ^^^^^^^^  ^^^^^^^^^^^^^^^  ^^^^^^^^^  ^^^^^^^^^  ^^^^^^^^^^^^^^^^

warning: unused imports: `AckStage`, `ApplyOutcome`, `Bootstrap`, `ClientFrame`, `Lane`, `PresencePeer`, `PresencePoint`, `PresenceViewport`, `ServerFrame`, `decode_client_frame`, `decode_presence_peer`, `decode_server_frame`, `encode_client_frame`, `encode_presence_peer`, and `encode_server_frame`
  --> 🧰️framework/🛍️products/💻️os/📦️packages/🦀️rust/./../../🔨️modules/📡️spr/🦀️component.rs:32:31
   |
32 | ...::{decode_client_frame, decode_server_frame, encode_client_frame, encode_server_frame, decode_presence_peer, encode_presence_peer, AckStage, ApplyOutcome, Bootstrap, ClientFrame, Lane, PresencePeer, PresencePoint, PresenceViewport, ServerFrame};
   |       ^^^^^^^^^^^^^^^^^^^  ^^^^^^^^^^^^^^^^^^^  ^^^^^^^^^^^^^^^^^^^  ^^^^^^^^^^^^^^^^^^^  ^^^^^^^^^^^^^^^^^^^^  ^^^^^^^^^^^^^^^^^^^^  ^^^^^^^^  ^^^^^^^^^^^^  ^^^^^^^^^  ^^^^^^^^^^^  ^^^^  ^^^^^^^^^^^^  ^^^^^^^^^^^^^  ^^^^^^^^^^^^^^^^  ^^^^^^^^^^^

warning: unused import: `Serialize`
   --> 🧰️framework/🛍️products/💻️os/📦️packages/🦀️rust/././../../🔨️modules/📡️spr/📡️wire/🦀️component.rs:679:44
    |
679 |     use serde::{Deserialize, Deserializer, Serialize, Serializer};
    |                                            ^^^^^^^^^

warning: unused import: `self::ids::*`
   --> 🧰️framework/🛍️products/💻️os/📦️packages/🦀️rust/📦️glue.rs:191:11
    |
191 |   pub use self::ids::*;
    |           ^^^^^^^^^^^^

warning: unused import: `self::dictionary::*`
   --> 🧰️framework/🛍️products/💻️os/📦️packages/🦀️rust/📦️glue.rs:192:11
    |
192 |   pub use self::dictionary::*;
    |           ^^^^^^^^^^^^^^^^^^^

warning: unused import: `self::crypto::*`
   --> 🧰️framework/🛍️products/💻️os/📦️packages/🦀️rust/📦️glue.rs:193:11
    |
193 |   pub use self::crypto::*;
    |           ^^^^^^^^^^^^^^^

warning: ambiguous glob re-exports
   --> 🧰️framework/🛍️products/💻️os/📦️packages/🦀️rust/📦️glue.rs:243:9
    |
243 | pub use crate::os_dsl::*;
    |         ^^^^^^^^^^^^^^^^ the name `canonicalize` in the value namespace is first re-exported here
...
260 | pub use crate::os_dsl::grammar::*;
    |         ------------------------- but the name `canonicalize` in the value namespace is also re-exported here
    |
    = note: `#[warn(ambiguous_glob_reexports)]` on by default

warning: ambiguous glob re-exports
   --> 🧰️framework/🛍️products/💻️os/📦️packages/🦀️rust/📦️glue.rs:243:9
    |
243 | pub use crate::os_dsl::*;
    |         ^^^^^^^^^^^^^^^^ the name `test_support` in the type namespace is first re-exported here
244 | pub use crate::os_store::*;
    |         ------------------ but the name `test_support` in the type namespace is also re-exported here

warning: ambiguous glob re-exports
   --> 🧰️framework/🛍️products/💻️os/📦️packages/🦀️rust/📦️glue.rs:243:9
    |
243 | pub use crate::os_dsl::*;
    |         ^^^^^^^^^^^^^^^^ the name `Symbol` in the type namespace is first re-exported here
...
260 | pub use crate::os_dsl::grammar::*;
    |         ------------------------- but the name `Symbol` in the type namespace is also re-exported here

warning: ambiguous glob re-exports
   --> 🧰️framework/🛍️products/💻️os/📦️packages/🦀️rust/📦️glue.rs:245:9
    |
245 | pub use crate::os_spr::*;
    |         ^^^^^^^^^^^^^^^^ the name `cli` in the type namespace is first re-exported here
...
255 | pub use crate::os_semio::*;
    |         ------------------ but the name `cli` in the type namespace is also re-exported here

warning: ambiguous glob re-exports
   --> 🧰️framework/🛍️products/💻️os/📦️packages/🦀️rust/📦️glue.rs:245:9
    |
245 | pub use crate::os_spr::*;
    |         ^^^^^^^^^^^^^^^^ the name `ids` in the type namespace is first re-exported here
246 | pub use crate::os_pack::*;
    |         ----------------- but the name `ids` in the type namespace is also re-exported here

warning: ambiguous glob re-exports
   --> 🧰️framework/🛍️products/💻️os/📦️packages/🦀️rust/📦️glue.rs:245:9
    |
245 | pub use crate::os_spr::*;
    |         ^^^^^^^^^^^^^^^^ the name `format` in the type namespace is first re-exported here
246 | pub use crate::os_pack::*;
    |         ----------------- but the name `format` in the type namespace is also re-exported here

warning: ambiguous glob re-exports
   --> 🧰️framework/🛍️products/💻️os/📦️packages/🦀️rust/📦️glue.rs:245:9
    |
245 | pub use crate::os_spr::*;
    |         ^^^^^^^^^^^^^^^^ the name `io` in the type namespace is first re-exported here
246 | pub use crate::os_pack::*;
    |         ----------------- but the name `io` in the type namespace is also re-exported here

warning: ambiguous glob re-exports
   --> 🧰️framework/🛍️products/💻️os/📦️packages/🦀️rust/📦️glue.rs:245:9
    |
245 | pub use crate::os_spr::*;
    |         ^^^^^^^^^^^^^^^^ the name `testkit` in the type namespace is first re-exported here
246 | pub use crate::os_pack::*;
    |         ----------------- but the name `testkit` in the type namespace is also re-exported here

warning: ambiguous glob re-exports
   --> 🧰️framework/🛍️products/💻️os/📦️packages/🦀️rust/📦️glue.rs:246:9
    |
245 | pub use crate::os_spr::*;
    |         ---------------- but the name `OPTIONAL_CANONICAL` in the value namespace is also re-exported here
246 | pub use crate::os_pack::*;
    |         ^^^^^^^^^^^^^^^^^ the name `OPTIONAL_CANONICAL` in the value namespace is first re-exported here

warning: ambiguous glob re-exports
   --> 🧰️framework/🛍️products/💻️os/📦️packages/🦀️rust/📦️glue.rs:246:9
    |
245 | pub use crate::os_spr::*;
    |         ---------------- but the name `REQUIRED_ENCRYPTED` in the value namespace is also re-exported here
246 | pub use crate::os_pack::*;
    |         ^^^^^^^^^^^^^^^^^ the name `REQUIRED_ENCRYPTED` in the value namespace is first re-exported here

warning: ambiguous glob re-exports
   --> 🧰️framework/🛍️products/💻️os/📦️packages/🦀️rust/📦️glue.rs:246:9
    |
245 | pub use crate::os_spr::*;
    |         ---------------- but the name `read_varint_u64` in the value namespace is also re-exported here
246 | pub use crate::os_pack::*;
    |         ^^^^^^^^^^^^^^^^^ the name `read_varint_u64` in the value namespace is first re-exported here

warning: ambiguous glob re-exports
   --> 🧰️framework/🛍️products/💻️os/📦️packages/🦀️rust/📦️glue.rs:246:9
    |
245 | pub use crate::os_spr::*;
    |         ---------------- but the name `write_varint_u64` in the value namespace is also re-exported here
246 | pub use crate::os_pack::*;
    |         ^^^^^^^^^^^^^^^^^ the name `write_varint_u64` in the value namespace is first re-exported here

warning: ambiguous glob re-exports
   --> 🧰️framework/🛍️products/💻️os/📦️packages/🦀️rust/📦️glue.rs:246:9
    |
245 | pub use crate::os_spr::*;
    |         ---------------- but the name `recover_file` in the value namespace is also re-exported here
246 | pub use crate::os_pack::*;
    |         ^^^^^^^^^^^^^^^^^ the name `recover_file` in the value namespace is first re-exported here

warning: ambiguous glob re-exports
   --> 🧰️framework/🛍️products/💻️os/📦️packages/🦀️rust/📦️glue.rs:246:9
    |
245 | pub use crate::os_spr::*;
    |         ---------------- but the name `RecoveryReport` in the type namespace is also re-exported here
246 | pub use crate::os_pack::*;
    |         ^^^^^^^^^^^^^^^^^ the name `RecoveryReport` in the type namespace is first re-exported here

warning: ambiguous glob re-exports
   --> 🧰️framework/🛍️products/💻️os/📦️packages/🦀️rust/📦️glue.rs:246:9
    |
245 | pub use crate::os_spr::*;
    |         ---------------- but the name `VerificationLevel` in the type namespace is also re-exported here
246 | pub use crate::os_pack::*;
    |         ^^^^^^^^^^^^^^^^^ the name `VerificationLevel` in the type namespace is first re-exported here

warning: ambiguous glob re-exports
   --> 🧰️framework/🛍️products/💻️os/📦️packages/🦀️rust/📦️glue.rs:246:9
    |
245 | pub use crate::os_spr::*;
    |         ---------------- but the name `WriteOptions` in the type namespace is also re-exported here
246 | pub use crate::os_pack::*;
    |         ^^^^^^^^^^^^^^^^^ the name `WriteOptions` in the type namespace is first re-exported here

warning: ambiguous glob re-exports
   --> 🧰️framework/🛍️products/💻️os/📦️packages/🦀️rust/📦️glue.rs:246:9
    |
245 | pub use crate::os_spr::*;
    |         ---------------- but the name `DecodeOptions` in the type namespace is also re-exported here
246 | pub use crate::os_pack::*;
    |         ^^^^^^^^^^^^^^^^^ the name `DecodeOptions` in the type namespace is first re-exported here

warning: ambiguous glob re-exports
   --> 🧰️framework/🛍️products/💻️os/📦️packages/🦀️rust/📦️glue.rs:246:9
    |
245 | pub use crate::os_spr::*;
    |         ---------------- but the name `EncodeOptions` in the type namespace is also re-exported here
246 | pub use crate::os_pack::*;
    |         ^^^^^^^^^^^^^^^^^ the name `EncodeOptions` in the type namespace is first re-exported here

warning: ambiguous glob re-exports
   --> 🧰️framework/🛍️products/💻️os/📦️packages/🦀️rust/📦️glue.rs:260:9
    |
244 | pub use crate::os_store::*;
    |         ------------------ but the name `Alternative` in the type namespace is also re-exported here
...
260 | pub use crate::os_dsl::grammar::*;
    |         ^^^^^^^^^^^^^^^^^^^^^^^^^ the name `Alternative` in the type namespace is first re-exported here

warning: unused imports: `diagnostic::*`, `lexer::*`, `span::*`, `token::*`, and `trust::*`
   --> 🧰️framework/🛍️products/💻️os/📦️packages/🦀️rust/📦️glue.rs:261:25
    |
261 | pub use crate::os_dsl::{diagnostic::*, lexer::*, span::*, token::*, trust::*};
    |                         ^^^^^^^^^^^^^  ^^^^^^^^  ^^^^^^^  ^^^^^^^^  ^^^^^^^^

warning: unused variable: `len`
   --> 🧰️framework/🛍️products/💻️os/📦️packages/🦀️rust/./../../🔨️modules/🗣️dsl/🔍️lexer/🦀️component.rs:333:21
    |
333 |                 let len = end_j - i;
    |                     ^^^ help: if this is intentional, prefix it with an underscore: `_len`
    |
    = note: `#[warn(unused_variables)]` (part of `#[warn(unused)]`) on by default

warning: function `print_edge_label` is never used
   --> 🧰️framework/🛍️products/💻️os/📦️packages/🦀️rust/./../../🔨️modules/🗣️dsl/🖋️notation/🦀️component.rs:269:4
    |
269 | fn print_edge_label(label: &EdgeLabel, out: &mut String) {
    |    ^^^^^^^^^^^^^^^^
    |
    = note: `#[warn(dead_code)]` (part of `#[warn(unused)]`) on by default

warning: method `set_envelope` is never used
    --> 🧰️framework/🛍️products/💻️os/📦️packages/🦀️rust/./../../🔨️modules/🏪️store/🦀️component.rs:2283:19
     |
2177 | / impl<P, Mutation> DocumentStore<P, Mutation>
2178 | | where
2179 | |     P: Clone + Serialize + DeserializeOwned + DocumentPack,
2180 | |     Mutation: Clone + Serialize + DeserializeOwned + self::Mutation<P> + OpBinary + OpText,
     | |___________________________________________________________________________________________- method in this implementation
...
2283 |       pub(crate) fn set_envelope(&mut self, envelope: DocumentEnvelope<P, Mutation>, applied_edit_ids: Vec<String>) {
     |                     ^^^^^^^^^^^^

warning: `semio-framework-os-kernel` (lib) generated 46 warnings (run `cargo fix --lib -p semio-framework-os-kernel` to apply 23 suggestions)
warning: unused import: `Level`
 --> 🧰️framework/🔨️modules/🖱️ui/📦️packages/🦀️rust/🎯️targets/🧊️wgpu/🦀️draw.rs:5:38
  |
5 | use crate::wgpu::theme::{GlassStyle, Level, Rgba, Theme};
  |                                      ^^^^^
  |
  = note: `#[warn(unused_imports)]` (part of `#[warn(unused)]`) on by default

warning: unused import: `crate::wgpu::IconName`
  --> 🧰️framework/🔨️modules/🖱️ui/📦️packages/🦀️rust/🎯️targets/🧊️wgpu/🦀️events.rs:17:5
   |
17 | use crate::wgpu::IconName;
   |     ^^^^^^^^^^^^^^^^^^^^^

warning: unnecessary qualification
  --> 🧰️framework/🔨️modules/🖱️ui/📦️packages/🦀️rust/🎯️targets/🧊️wgpu/🦀️engine.rs:94:52
   |
94 |     pub fn set_window_kind_icons(&mut self, icons: std::collections::HashMap<String, IconName>) {
   |                                                    ^^^^^^^^^^^^^^^^^^^^^^^^^^^^^^^^^^^^^^^^^^^
   |
   = note: requested on the command line with `-W unused-qualifications`
help: remove the unnecessary path segments
   |
94 -     pub fn set_window_kind_icons(&mut self, icons: std::collections::HashMap<String, IconName>) {
94 +     pub fn set_window_kind_icons(&mut self, icons: HashMap<String, IconName>) {
   |

warning: unused import: `Level`
 --> 🧰️framework/🔨️modules/🖱️ui/📦️packages/🦀️rust/🎯️targets/🧊️wgpu/🦀️widgets.rs:9:26
  |
9 | use crate::wgpu::theme::{Level, Rgba, Theme};
  |                          ^^^^^

warning: unused import: `render_select_menu`
   --> 🧰️framework/🔨️modules/🖱️ui/📦️packages/🦀️rust/🎯️targets/🧊️wgpu/🦀️widgets.rs:438:42
    |
438 | use crate::wgpu::select::{render_select, render_select_menu};
    |                                          ^^^^^^^^^^^^^^^^^^

warning: `semio-framework-ui` (lib) generated 5 warnings (run `cargo fix --lib -p semio-framework-ui` to apply 5 suggestions)
warning: unused imports: `CoedgeId` and `VertexId`
 --> ✏️s/🔨️modules/🧊️3d/📦️packages/🦀️rust/./../../📐️brep/📏️measure/🦀️component.rs:3:26
  |
3 | use crate::brep::arena::{CoedgeId, EdgeId, FaceId, SolidId, VertexId};
  |                          ^^^^^^^^                           ^^^^^^^^
  |
  = note: `#[warn(unused_imports)]` (part of `#[warn(unused)]`) on by default

warning: unused import: `crate::brep::curve::Curve3`
 --> ✏️s/🔨️modules/🧊️3d/📦️packages/🦀️rust/./../../📐️brep/📏️measure/🦀️component.rs:4:5
  |
4 | use crate::brep::curve::Curve3;
  |     ^^^^^^^^^^^^^^^^^^^^^^^^^^

warning: unused import: `Vec3`
  --> ✏️s/🔨️modules/🧊️3d/📦️packages/🦀️rust/./../../📐️brep/🖋️imprint/🦀️component.rs:15:36
   |
15 | use crate::brep::vec::{Pnt2, Pnt3, Vec3};
   |                                    ^^^^

warning: unnecessary qualification
  --> ✏️s/🔨️modules/🧊️3d/📦️packages/🦀️rust/./../../📐️brep/🔀️boolean/🦀️component.rs:96:24
   |
96 |     let mut edge_ids = std::collections::HashSet::new();
   |                        ^^^^^^^^^^^^^^^^^^^^^^^^^^^^^^
   |
   = note: requested on the command line with `-W unused-qualifications`
help: remove the unnecessary path segments
   |
96 -     let mut edge_ids = std::collections::HashSet::new();
96 +     let mut edge_ids = HashSet::new();
   |

warning: unused import: `Vec3`
  --> ✏️s/🔨️modules/🧊️3d/📦️packages/🦀️rust/./../../📐️brep/🧵️sew/🦀️component.rs:15:30
   |
15 | use crate::brep::vec::{Pnt3, Vec3};
   |                              ^^^^

warning: unnecessary qualification
   --> ✏️s/🔨️modules/🧊️3d/📦️packages/🦀️rust/./../../📐️brep/➡️sweep/🦀️component.rs:465:29
    |
465 |         let angle = turns * std::f64::consts::TAU * t;
    |                             ^^^^^^^^^^^^^^^^^^^^^
    |
help: remove the unnecessary path segments
    |
465 -         let angle = turns * std::f64::consts::TAU * t;
465 +         let angle = turns * TAU * t;
    |

warning: unnecessary qualification
   --> ✏️s/🔨️modules/🧊️3d/📦️packages/🦀️rust/./../../📐️brep/➡️sweep/🦀️component.rs:527:24
    |
527 | fn curve_point(curve: &crate::brep::curve::Curve3, u: f64) -> Pnt3 {
    |                        ^^^^^^^^^^^^^^^^^^^^^^^^^^
    |
help: remove the unnecessary path segments
    |
527 - fn curve_point(curve: &crate::brep::curve::Curve3, u: f64) -> Pnt3 {
527 + fn curve_point(curve: &Curve3, u: f64) -> Pnt3 {
    |

warning: unused import: `solid_volume`
  --> ✏️s/🔨️modules/🧊️3d/📦️packages/🦀️rust/./../../📐️brep/🎨️blend/🦀️component.rs:13:41
   |
13 | use crate::brep::measure::{edge_length, solid_volume};
   |                                         ^^^^^^^^^^^^

warning: unused import: `make_box`
  --> ✏️s/🔨️modules/🧊️3d/📦️packages/🦀️rust/./../../📐️brep/🎨️blend/🦀️component.rs:14:31
   |
14 | use crate::brep::primitives::{make_box, make_convex_hull, solid_from_triangle_soup};
   |                               ^^^^^^^^

warning: unused import: `Vec3`
  --> ✏️s/🔨️modules/🧊️3d/📦️packages/🦀️rust/./../../📐️brep/🧰️kernel/🦀️component.rs:17:39
   |
17 |     ParamDomain, PointClassification, Vec3, Vec3 as EVec3,
   |                                       ^^^^

warning: unused import: `ArenaId`
 --> ✏️s/🔨️modules/🧊️3d/📦️packages/🦀️rust/./../../📐️brep/🌳️bvh/🦀️component.rs:3:26
  |
3 | use crate::brep::arena::{ArenaId, EdgeId, FaceId, SolidId};
  |                          ^^^^^^^

warning: unused variable: `tolerance`
    --> ✏️s/🔨️modules/🧊️3d/📦️packages/🦀️rust/./../../📐️brep/🧰️kernel/🦀️component.rs:1268:55
     |
1268 |     fn import(&self, kernel: &mut Brep, bytes: &[u8], tolerance: f64) -> Result<Vec<GeometryHandle>, BrepError> {
     |                                                       ^^^^^^^^^ help: if this is intentional, prefix it with an underscore: `_tolerance`
     |
     = note: `#[warn(unused_variables)]` (part of `#[warn(unused)]`) on by default

warning: function `loop_uv_polygon` is never used
   --> ✏️s/🔨️modules/🧊️3d/📦️packages/🦀️rust/./../../📐️brep/🏷️classify/🦀️component.rs:152:4
    |
152 | fn loop_uv_polygon(body: &Body, loop_id: LoopId, surface: &Surface) -> Result<Vec<Pnt2>, KernelError> {
    |    ^^^^^^^^^^^^^^^
    |
    = note: `#[warn(dead_code)]` (part of `#[warn(unused)]`) on by default

warning: trait `Midpoint` is never used
   --> ✏️s/🔨️modules/🧊️3d/📦️packages/🦀️rust/./../../📐️brep/🏷️classify/🦀️component.rs:449:7
    |
449 | trait Midpoint {
    |       ^^^^^^^^

warning: method `triangle_count` is never used
   --> ✏️s/🔨️modules/🧊️3d/📦️packages/🦀️rust/./../../📐️brep/📦️mesh-io/🦀️component.rs:429:8
    |
428 | impl TriangleMesh {
    | ----------------- method in this implementation
429 |     fn triangle_count(&self) -> usize {
    |        ^^^^^^^^^^^^^^

warning: `semio-s-3d` (lib) generated 15 warnings (run `cargo fix --lib -p semio-s-3d` to apply 11 suggestions)
warning: unused import: `std::sync::OnceLock`
  --> 🧰️framework/🔨️modules/📚️compiler/📦️packages/🦀️rust/../../🦀️component.rs:13:5
   |
13 | use std::sync::OnceLock;
   |     ^^^^^^^^^^^^^^^^^^^
   |
   = note: `#[warn(unused_imports)]` (part of `#[warn(unused)]`) on by default

warning: `semio-framework-compiler` (lib) generated 1 warning (run `cargo fix --lib -p semio-framework-compiler` to apply 1 suggestion)
warning: unused extern crate
 --> 🧰️framework/🛍️products/💻️os/🔨️modules/🔌️plugin/📦️packages/🦀️rust/📦️glue.rs:6:1
  |
6 | extern crate semio_framework_os_kernel as pack;
  | ^^^^^^^^^^^^^^^^^^^^^^^^^^^^^^^^^^^^^^^^^^^^^^^ unused
  |
  = note: `-W unused-extern-crates` implied by `-W rust-2018-idioms`
  = help: to override `-W rust-2018-idioms` add `#[allow(unused_extern_crates)]`
help: remove the unused `extern crate`
  |
6 - extern crate semio_framework_os_kernel as pack;
  |

warning: unused extern crate
 --> 🧰️framework/🛍️products/💻️os/🔨️modules/🔌️plugin/📦️packages/🦀️rust/📦️glue.rs:7:1
  |
7 | extern crate semio_framework_os_kernel as spr;
  | ^^^^^^^^^^^^^^^^^^^^^^^^^^^^^^^^^^^^^^^^^^^^^^ unused
  |
help: remove the unused `extern crate`
  |
7 - extern crate semio_framework_os_kernel as spr;
  |

warning: unnecessary qualification
    --> 🧰️framework/🛍️products/💻️os/🔨️modules/🔌️plugin/📦️packages/🦀️rust/../../🦀️component.rs:4076:61
     |
4076 |         fn command_from_action(action: &str, _args: Option<&serde_json::Value>) -> Result<Self::Command, Fault> {
     |                                                             ^^^^^^^^^^^^^^^^^
     |
     = note: requested on the command line with `-W unused-qualifications`
help: remove the unnecessary path segments
     |
4076 -         fn command_from_action(action: &str, _args: Option<&serde_json::Value>) -> Result<Self::Command, Fault> {
4076 +         fn command_from_action(action: &str, _args: Option<&Value>) -> Result<Self::Command, Fault> {
     |

warning: unnecessary qualification
    --> 🧰️framework/🛍️products/💻️os/🔨️modules/🔌️plugin/📦️packages/🦀️rust/../../🦀️component.rs:5789:41
     |
5789 |         static INSTANCE_ACTORS: RefCell<std::collections::HashMap<u32, String>> = RefCell::new(std::collections::HashMap::new());
     |                                         ^^^^^^^^^^^^^^^^^^^^^^^^^^^^^^^^^^^^^^
     |
help: remove the unnecessary path segments
     |
5789 -         static INSTANCE_ACTORS: RefCell<std::collections::HashMap<u32, String>> = RefCell::new(std::collections::HashMap::new());
5789 +         static INSTANCE_ACTORS: RefCell<HashMap<u32, String>> = RefCell::new(std::collections::HashMap::new());
     |

warning: unnecessary qualification
    --> 🧰️framework/🛍️products/💻️os/🔨️modules/🔌️plugin/📦️packages/🦀️rust/../../🦀️component.rs:5789:96
     |
5789 |         static INSTANCE_ACTORS: RefCell<std::collections::HashMap<u32, String>> = RefCell::new(std::collections::HashMap::new());
     |                                                                                                ^^^^^^^^^^^^^^^^^^^^^^^^^^^^^^
     |
help: remove the unnecessary path segments
     |
5789 -         static INSTANCE_ACTORS: RefCell<std::collections::HashMap<u32, String>> = RefCell::new(std::collections::HashMap::new());
5789 +         static INSTANCE_ACTORS: RefCell<std::collections::HashMap<u32, String>> = RefCell::new(HashMap::new());
     |

warning: unnecessary `unsafe` block
    --> 🧰️framework/🛍️products/💻️os/🔨️modules/🔌️plugin/📦️packages/🦀️rust/../../🦀️component.rs:5910:17
     |
5910 |                 unsafe {
     |                 ^^^^^^ unnecessary `unsafe` block
     |
     = note: `#[warn(unused_unsafe)]` (part of `#[warn(unused)]`) on by default

warning: unused variable: `app`
    --> 🧰️framework/🛍️products/💻️os/🔨️modules/🔌️plugin/📦️packages/🦀️rust/../../🦀️component.rs:5651:34
     |
5651 |             let VcsDocumentApp { app, cache, .. } = self;
     |                                  ^^^ help: try ignoring the field: `app: _`
     |
     = note: `#[warn(unused_variables)]` (part of `#[warn(unused)]`) on by default

warning: unused variable: `app`
    --> 🧰️framework/🛍️products/💻️os/🔨️modules/🔌️plugin/📦️packages/🦀️rust/../../🦀️component.rs:5363:38
     |
5363 |                 let VcsDocumentApp { app, cache, .. } = self;
     |                                      ^^^ help: try ignoring the field: `app: _`

warning: unused variable: `app`
    --> 🧰️framework/🛍️products/💻️os/🔨️modules/🔌️plugin/📦️packages/🦀️rust/../../🦀️component.rs:5666:34
     |
5666 |             let VcsDocumentApp { app, cache, .. } = self;
     |                                  ^^^ help: try ignoring the field: `app: _`

warning: unused variable: `app`
    --> 🧰️framework/🛍️products/💻️os/🔨️modules/🔌️plugin/📦️packages/🦀️rust/../../🦀️component.rs:5327:38
     |
5327 |                 let VcsDocumentApp { app, cache, .. } = self;
     |                                      ^^^ help: try ignoring the field: `app: _`

warning: unused variable: `app`
    --> 🧰️framework/🛍️products/💻️os/🔨️modules/🔌️plugin/📦️packages/🦀️rust/../../🦀️component.rs:5585:34
     |
5585 |             let VcsDocumentApp { app, cache, .. } = self;
     |                                  ^^^ help: try ignoring the field: `app: _`

warning: unused variable: `app`
    --> 🧰️framework/🛍️products/💻️os/🔨️modules/🔌️plugin/📦️packages/🦀️rust/../../🦀️component.rs:5616:34
     |
5616 |             let VcsDocumentApp { app, cache, .. } = self;
     |                                  ^^^ help: try ignoring the field: `app: _`

warning: unused variable: `app`
    --> 🧰️framework/🛍️products/💻️os/🔨️modules/🔌️plugin/📦️packages/🦀️rust/../../🦀️component.rs:5627:34
     |
5627 |             let VcsDocumentApp { app, cache, .. } = self;
     |                                  ^^^ help: try ignoring the field: `app: _`

warning: unused variable: `app`
    --> 🧰️framework/🛍️products/💻️os/🔨️modules/🔌️plugin/📦️packages/🦀️rust/../../🦀️component.rs:5243:42
     |
5243 |                     let VcsDocumentApp { app, cache, .. } = self;
     |                                          ^^^ help: try ignoring the field: `app: _`

warning: unused variable: `app`
    --> 🧰️framework/🛍️products/💻️os/🔨️modules/🔌️plugin/📦️packages/🦀️rust/../../🦀️component.rs:5641:34
     |
5641 |             let VcsDocumentApp { app, cache, registry, .. } = self;
     |                                  ^^^ help: try ignoring the field: `app: _`

warning: unused variable: `app`
    --> 🧰️framework/🛍️products/💻️os/🔨️modules/🔌️plugin/📦️packages/🦀️rust/../../🦀️component.rs:1943:17
     |
1943 |             let app = A::default();
     |                 ^^^ help: if this is intentional, prefix it with an underscore: `_app`

warning: unused extern crate
 --> 🧰️framework/🛍️products/💻️os/🔨️modules/♾️infinite/📦️packages/🦀️rust/📦️glue.rs:4:1
  |
4 | extern crate semio_framework_os_kernel as protocol;
  | ^^^^^^^^^^^^^^^^^^^^^^^^^^^^^^^^^^^^^^^^^^^^^^^^^^^ unused
  |
  = note: `-W unused-extern-crates` implied by `-W rust-2018-idioms`
  = help: to override `-W rust-2018-idioms` add `#[allow(unused_extern_crates)]`
help: remove the unused `extern crate`
  |
4 - extern crate semio_framework_os_kernel as protocol;
  |

warning: unused extern crate
 --> 🧰️framework/🛍️products/💻️os/🔨️modules/♾️infinite/📦️packages/🦀️rust/📦️glue.rs:6:1
  |
6 | extern crate semio_framework_os_kernel as vcs;
  | ^^^^^^^^^^^^^^^^^^^^^^^^^^^^^^^^^^^^^^^^^^^^^^ unused
  |
help: remove the unused `extern crate`
  |
6 - extern crate semio_framework_os_kernel as vcs;
  |

warning: unused extern crate
 --> 🧰️framework/🛍️products/💻️os/🔨️modules/♾️infinite/📦️packages/🦀️rust/📦️glue.rs:7:1
  |
7 | extern crate semio_framework_os_kernel as pack;
  | ^^^^^^^^^^^^^^^^^^^^^^^^^^^^^^^^^^^^^^^^^^^^^^^ unused
  |
help: remove the unused `extern crate`
  |
7 - extern crate semio_framework_os_kernel as pack;
  |

warning: unused extern crate
 --> 🧰️framework/🛍️products/💻️os/🔨️modules/♾️infinite/📦️packages/🦀️rust/📦️glue.rs:8:1
  |
8 | extern crate semio_framework_os_kernel as spr;
  | ^^^^^^^^^^^^^^^^^^^^^^^^^^^^^^^^^^^^^^^^^^^^^^ unused
  |
help: remove the unused `extern crate`
  |
8 - extern crate semio_framework_os_kernel as spr;
  |

warning: unused extern crate
  --> 🧰️framework/🛍️products/💻️os/🔨️modules/♾️infinite/📦️packages/🦀️rust/📦️glue.rs:10:1
   |
10 | extern crate self as infinite_world;
   | ^^^^^^^^^^^^^^^^^^^^^^^^^^^^^^^^^^^^ unused
   |
help: remove the unused `extern crate`
   |
10 - extern crate self as infinite_world;
   |

warning: unused extern crate
  --> 🧰️framework/🛍️products/💻️os/🔨️modules/♾️infinite/📦️packages/🦀️rust/📦️glue.rs:11:1
   |
11 | extern crate self as infinite_canvas;
   | ^^^^^^^^^^^^^^^^^^^^^^^^^^^^^^^^^^^^^ unused
   |
help: remove the unused `extern crate`
   |
11 - extern crate self as infinite_canvas;
   |

warning: unused extern crate
  --> 🧰️framework/🛍️products/💻️os/🔨️modules/♾️infinite/📦️packages/🦀️rust/📦️glue.rs:12:1
   |
12 | extern crate self as infinite_board;
   | ^^^^^^^^^^^^^^^^^^^^^^^^^^^^^^^^^^^^ unused
   |
help: remove the unused `extern crate`
   |
12 - extern crate self as infinite_board;
   |

warning: unexpected `cfg` condition value: `session-bindgen`
   --> 🧰️framework/🛍️products/💻️os/🔨️modules/♾️infinite/📦️packages/🦀️rust/../../../../../../🔨️modules/🗺️surface/🏔️terrain/🦀️component.rs:385:35
    |
385 | #[cfg(all(target_arch = "wasm32", feature = "session-bindgen"))]
    |                                   ^^^^^^^^^^^^^^^^^^^^^^^^^^^
    |
    = note: expected values for `feature` are: `default`, `render`, and `typegen`
    = help: consider adding `session-bindgen` as a feature in `Cargo.toml`
    = note: see <https://doc.rust-lang.org/nightly/rustc/check-cfg/cargo-specifics.html> for more information about checking conditional configuration
    = note: `#[warn(unexpected_cfgs)]` on by default

warning: unexpected `cfg` condition value: `session-bindgen`
   --> 🧰️framework/🛍️products/💻️os/🔨️modules/♾️infinite/📦️packages/🦀️rust/../../../../../../🔨️modules/🗺️surface/🏔️terrain/🦀️component.rs:434:35
    |
434 | #[cfg(all(target_arch = "wasm32", feature = "session-bindgen"))]
    |                                   ^^^^^^^^^^^^^^^^^^^^^^^^^^^
    |
    = note: expected values for `feature` are: `default`, `render`, and `typegen`
    = help: consider adding `session-bindgen` as a feature in `Cargo.toml`
    = note: see <https://doc.rust-lang.org/nightly/rustc/check-cfg/cargo-specifics.html> for more information about checking conditional configuration

warning: unnecessary qualification
    --> 🧰️framework/🛍️products/💻️os/🔨️modules/♾️infinite/📦️packages/🦀️rust/../../🦀️component.rs:1871:24
     |
1871 |     let component_ids: std::collections::HashSet<String> = state.component_ids.iter().cloned().collect();
     |                        ^^^^^^^^^^^^^^^^^^^^^^^^^^^^^^^^^
     |
     = note: requested on the command line with `-W unused-qualifications`
help: remove the unnecessary path segments
     |
1871 -     let component_ids: std::collections::HashSet<String> = state.component_ids.iter().cloned().collect();
1871 +     let component_ids: HashSet<String> = state.component_ids.iter().cloned().collect();
     |

warning: unnecessary qualification
    --> 🧰️framework/🛍️products/💻️os/🔨️modules/♾️infinite/📦️packages/🦀️rust/../../🦀️component.rs:1874:23
     |
1874 |     let selected_ids: std::collections::HashSet<String> = state.selected_ids.iter().cloned().collect();
     |                       ^^^^^^^^^^^^^^^^^^^^^^^^^^^^^^^^^
     |
help: remove the unnecessary path segments
     |
1874 -     let selected_ids: std::collections::HashSet<String> = state.selected_ids.iter().cloned().collect();
1874 +     let selected_ids: HashSet<String> = state.selected_ids.iter().cloned().collect();
     |

warning: unnecessary qualification
    --> 🧰️framework/🛍️products/💻️os/🔨️modules/♾️infinite/📦️packages/🦀️rust/../../🦀️component.rs:1875:32
     |
1875 |     let mut object_index_map = std::collections::HashMap::new();
     |                                ^^^^^^^^^^^^^^^^^^^^^^^^^^^^^^
     |
help: remove the unnecessary path segments
     |
1875 -     let mut object_index_map = std::collections::HashMap::new();
1875 +     let mut object_index_map = HashMap::new();
     |

warning: unnecessary qualification
    --> 🧰️framework/🛍️products/💻️os/🔨️modules/♾️infinite/📦️packages/🦀️rust/../../🦀️component.rs:2833:40
     |
2833 |                         let ray_dist = ui_wgpu::wgpu::ray_segment_distance(origin, dir, a, b).unwrap_or(f32::INFINITY);
     |                                        ^^^^^^^^^^^^^^^^^^^^^^^^^^^^^^^^^^^
     |
help: remove the unnecessary path segments
     |
2833 -                         let ray_dist = ui_wgpu::wgpu::ray_segment_distance(origin, dir, a, b).unwrap_or(f32::INFINITY);
2833 +                         let ray_dist = ray_segment_distance(origin, dir, a, b).unwrap_or(f32::INFINITY);
     |

warning: ambiguous glob re-exports
  --> 🧰️framework/🛍️products/💻️os/🔨️modules/♾️infinite/📦️packages/🦀️rust/📦️glue.rs:32:9
   |
32 | pub use component::*;
   |         ^^^^^^^^^^^^ the name `World3dState` in the type namespace is first re-exported here
...
36 | pub use world::*;
   |         -------- but the name `World3dState` in the type namespace is also re-exported here
   |
   = note: `#[warn(ambiguous_glob_reexports)]` on by default

warning: ambiguous glob re-exports
  --> 🧰️framework/🛍️products/💻️os/🔨️modules/♾️infinite/📦️packages/🦀️rust/📦️glue.rs:32:9
   |
32 | pub use component::*;
   |         ^^^^^^^^^^^^ the name `orbit_camera_action` in the value namespace is first re-exported here
...
36 | pub use world::*;
   |         -------- but the name `orbit_camera_action` in the value namespace is also re-exported here

warning: ambiguous glob re-exports
  --> 🧰️framework/🛍️products/💻️os/🔨️modules/♾️infinite/📦️packages/🦀️rust/📦️glue.rs:32:9
   |
32 | pub use component::*;
   |         ^^^^^^^^^^^^ the name `sync_world3d_state` in the value namespace is first re-exported here
...
36 | pub use world::*;
   |         -------- but the name `sync_world3d_state` in the value namespace is also re-exported here

warning: ambiguous glob re-exports
  --> 🧰️framework/🛍️products/💻️os/🔨️modules/♾️infinite/📦️packages/🦀️rust/📦️glue.rs:32:9
   |
32 | pub use component::*;
   |         ^^^^^^^^^^^^ the name `render_world_3d` in the value namespace is first re-exported here
...
36 | pub use world::*;
   |         -------- but the name `render_world_3d` in the value namespace is also re-exported here

warning: ambiguous glob re-exports
  --> 🧰️framework/🛍️products/💻️os/🔨️modules/♾️infinite/📦️packages/🦀️rust/📦️glue.rs:32:9
   |
32 | pub use component::*;
   |         ^^^^^^^^^^^^ the name `world3d_hit_target` in the value namespace is first re-exported here
...
36 | pub use world::*;
   |         -------- but the name `world3d_hit_target` in the value namespace is also re-exported here

warning: ambiguous glob re-exports
  --> 🧰️framework/🛍️products/💻️os/🔨️modules/♾️infinite/📦️packages/🦀️rust/📦️glue.rs:32:9
   |
32 | pub use component::*;
   |         ^^^^^^^^^^^^ the name `handle_world3d_pointer_move` in the value namespace is first re-exported here
...
36 | pub use world::*;
   |         -------- but the name `handle_world3d_pointer_move` in the value namespace is also re-exported here

warning: ambiguous glob re-exports
  --> 🧰️framework/🛍️products/💻️os/🔨️modules/♾️infinite/📦️packages/🦀️rust/📦️glue.rs:32:9
   |
32 | pub use component::*;
   |         ^^^^^^^^^^^^ the name `handle_world3d_paint_actions` in the value namespace is first re-exported here
...
36 | pub use world::*;
   |         -------- but the name `handle_world3d_paint_actions` in the value namespace is also re-exported here

warning: ambiguous glob re-exports
  --> 🧰️framework/🛍️products/💻️os/🔨️modules/♾️infinite/📦️packages/🦀️rust/📦️glue.rs:32:9
   |
32 | pub use component::*;
   |         ^^^^^^^^^^^^ the name `handle_world3d_pointer_button` in the value namespace is first re-exported here
...
36 | pub use world::*;
   |         -------- but the name `handle_world3d_pointer_button` in the value namespace is also re-exported here

warning: ambiguous glob re-exports
  --> 🧰️framework/🛍️products/💻️os/🔨️modules/♾️infinite/📦️packages/🦀️rust/📦️glue.rs:32:9
   |
32 | pub use component::*;
   |         ^^^^^^^^^^^^ the name `handle_world3d_pointer_drag` in the value namespace is first re-exported here
...
36 | pub use world::*;
   |         -------- but the name `handle_world3d_pointer_drag` in the value namespace is also re-exported here

warning: ambiguous glob re-exports
  --> 🧰️framework/🛍️products/💻️os/🔨️modules/♾️infinite/📦️packages/🦀️rust/📦️glue.rs:32:9
   |
32 | pub use component::*;
   |         ^^^^^^^^^^^^ the name `handle_world3d_wheel` in the value namespace is first re-exported here
...
36 | pub use world::*;
   |         -------- but the name `handle_world3d_wheel` in the value namespace is also re-exported here

warning: ambiguous glob re-exports
  --> 🧰️framework/🛍️products/💻️os/🔨️modules/♾️infinite/📦️packages/🦀️rust/📦️glue.rs:32:9
   |
32 | pub use component::*;
   |         ^^^^^^^^^^^^ the name `apply_world_action_preview` in the value namespace is first re-exported here
...
36 | pub use world::*;
   |         -------- but the name `apply_world_action_preview` in the value namespace is also re-exported here

warning: ambiguous glob re-exports
  --> 🧰️framework/🛍️products/💻️os/🔨️modules/♾️infinite/📦️packages/🦀️rust/📦️glue.rs:32:9
   |
32 | pub use component::*;
   |         ^^^^^^^^^^^^ the name `ingest_glb_mesh` in the value namespace is first re-exported here
...
36 | pub use world::*;
   |         -------- but the name `ingest_glb_mesh` in the value namespace is also re-exported here

warning: ambiguous glob re-exports
  --> 🧰️framework/🛍️products/💻️os/🔨️modules/♾️infinite/📦️packages/🦀️rust/📦️glue.rs:32:9
   |
32 | pub use component::*;
   |         ^^^^^^^^^^^^ the name `collect_pending_glb_fetches` in the value namespace is first re-exported here
...
36 | pub use world::*;
   |         -------- but the name `collect_pending_glb_fetches` in the value namespace is also re-exported here

warning: ambiguous glob re-exports
  --> 🧰️framework/🛍️products/💻️os/🔨️modules/♾️infinite/📦️packages/🦀️rust/📦️glue.rs:32:9
   |
32 | pub use component::*;
   |         ^^^^^^^^^^^^ the name `apply_glb_bytes` in the value namespace is first re-exported here
...
36 | pub use world::*;
   |         -------- but the name `apply_glb_bytes` in the value namespace is also re-exported here

warning: ambiguous glob re-exports
  --> 🧰️framework/🛍️products/💻️os/🔨️modules/♾️infinite/📦️packages/🦀️rust/📦️glue.rs:32:9
   |
32 | pub use component::*;
   |         ^^^^^^^^^^^^ the name `fetch_url_bytes` in the value namespace is first re-exported here
...
36 | pub use world::*;
   |         -------- but the name `fetch_url_bytes` in the value namespace is also re-exported here

warning: ambiguous glob re-exports
  --> 🧰️framework/🛍️products/💻️os/🔨️modules/♾️infinite/📦️packages/🦀️rust/📦️glue.rs:32:9
   |
32 | pub use component::*;
   |         ^^^^^^^^^^^^ the name `fetch_pending_glb_meshes` in the value namespace is first re-exported here
...
36 | pub use world::*;
   |         -------- but the name `fetch_pending_glb_meshes` in the value namespace is also re-exported here

warning: ambiguous glob re-exports
  --> 🧰️framework/🛍️products/💻️os/🔨️modules/♾️infinite/📦️packages/🦀️rust/📦️glue.rs:32:9
   |
32 | pub use component::*;
   |         ^^^^^^^^^^^^ the name `apply_reference_image_bytes` in the value namespace is first re-exported here
...
36 | pub use world::*;
   |         -------- but the name `apply_reference_image_bytes` in the value namespace is also re-exported here

warning: ambiguous glob re-exports
  --> 🧰️framework/🛍️products/💻️os/🔨️modules/♾️infinite/📦️packages/🦀️rust/📦️glue.rs:32:9
   |
32 | pub use component::*;
   |         ^^^^^^^^^^^^ the name `fetch_pending_reference_images` in the value namespace is first re-exported here
...
36 | pub use world::*;
   |         -------- but the name `fetch_pending_reference_images` in the value namespace is also re-exported here

warning: ambiguous glob re-exports
  --> 🧰️framework/🛍️products/💻️os/🔨️modules/♾️infinite/📦️packages/🦀️rust/📦️glue.rs:32:9
   |
32 | pub use component::*;
   |         ^^^^^^^^^^^^ the name `collect_pending_terrain_tile_fetches` in the value namespace is first re-exported here
...
36 | pub use world::*;
   |         -------- but the name `collect_pending_terrain_tile_fetches` in the value namespace is also re-exported here

warning: ambiguous glob re-exports
  --> 🧰️framework/🛍️products/💻️os/🔨️modules/♾️infinite/📦️packages/🦀️rust/📦️glue.rs:32:9
   |
32 | pub use component::*;
   |         ^^^^^^^^^^^^ the name `fetch_pending_terrain_tiles` in the value namespace is first re-exported here
...
36 | pub use world::*;
   |         -------- but the name `fetch_pending_terrain_tiles` in the value namespace is also re-exported here

warning: ambiguous glob re-exports
  --> 🧰️framework/🛍️products/💻️os/🔨️modules/♾️infinite/📦️packages/🦀️rust/📦️glue.rs:32:9
   |
32 | pub use component::*;
   |         ^^^^^^^^^^^^ the name `PendingGlbFetch` in the type namespace is first re-exported here
...
36 | pub use world::*;
   |         -------- but the name `PendingGlbFetch` in the type namespace is also re-exported here

warning: ambiguous glob re-exports
  --> 🧰️framework/🛍️products/💻️os/🔨️modules/♾️infinite/📦️packages/🦀️rust/📦️glue.rs:32:9
   |
32 | pub use component::*;
   |         ^^^^^^^^^^^^ the name `PendingTerrainTileFetch` in the type namespace is first re-exported here
...
36 | pub use world::*;
   |         -------- but the name `PendingTerrainTileFetch` in the type namespace is also re-exported here

warning: unnecessary qualification
    --> 🧰️framework/🛍️products/💻️os/🔨️modules/♾️infinite/📦️packages/🦀️rust/../../🌍️world/🦀️component.rs:1871:24
     |
1871 |     let component_ids: std::collections::HashSet<String> = state.component_ids.iter().cloned().collect();
     |                        ^^^^^^^^^^^^^^^^^^^^^^^^^^^^^^^^^
     |
help: remove the unnecessary path segments
     |
1871 -     let component_ids: std::collections::HashSet<String> = state.component_ids.iter().cloned().collect();
1871 +     let component_ids: HashSet<String> = state.component_ids.iter().cloned().collect();
     |

warning: unnecessary qualification
    --> 🧰️framework/🛍️products/💻️os/🔨️modules/♾️infinite/📦️packages/🦀️rust/../../🌍️world/🦀️component.rs:1874:23
     |
1874 |     let selected_ids: std::collections::HashSet<String> = state.selected_ids.iter().cloned().collect();
     |                       ^^^^^^^^^^^^^^^^^^^^^^^^^^^^^^^^^
     |
help: remove the unnecessary path segments
     |
1874 -     let selected_ids: std::collections::HashSet<String> = state.selected_ids.iter().cloned().collect();
1874 +     let selected_ids: HashSet<String> = state.selected_ids.iter().cloned().collect();
     |

warning: unnecessary qualification
    --> 🧰️framework/🛍️products/💻️os/🔨️modules/♾️infinite/📦️packages/🦀️rust/../../🌍️world/🦀️component.rs:1875:32
     |
1875 |     let mut object_index_map = std::collections::HashMap::new();
     |                                ^^^^^^^^^^^^^^^^^^^^^^^^^^^^^^
     |
help: remove the unnecessary path segments
     |
1875 -     let mut object_index_map = std::collections::HashMap::new();
1875 +     let mut object_index_map = HashMap::new();
     |

warning: unnecessary qualification
    --> 🧰️framework/🛍️products/💻️os/🔨️modules/♾️infinite/📦️packages/🦀️rust/../../🌍️world/🦀️component.rs:2833:40
     |
2833 |                         let ray_dist = ui_wgpu::wgpu::ray_segment_distance(origin, dir, a, b).unwrap_or(f32::INFINITY);
     |                                        ^^^^^^^^^^^^^^^^^^^^^^^^^^^^^^^^^^^
     |
help: remove the unnecessary path segments
     |
2833 -                         let ray_dist = ui_wgpu::wgpu::ray_segment_distance(origin, dir, a, b).unwrap_or(f32::INFINITY);
2833 +                         let ray_dist = ray_segment_distance(origin, dir, a, b).unwrap_or(f32::INFINITY);
     |

warning: unused import: `world::*`
  --> 🧰️framework/🛍️products/💻️os/🔨️modules/♾️infinite/📦️packages/🦀️rust/📦️glue.rs:36:9
   |
36 | pub use world::*;
   |         ^^^^^^^^
   |
   = note: `#[warn(unused_imports)]` (part of `#[warn(unused)]`) on by default

warning: unnecessary qualification
   --> 🧰️framework/🛍️products/💻️os/🔨️modules/♾️infinite/📦️packages/🦀️rust/././../../🎲️board/🔌️ports/➡️directed/🦀️component.rs:479:13
    |
479 |             crate::infinite::canvas::theme::merge_color_field(next, v, key);
    |             ^^^^^^^^^^^^^^^^^^^^^^^^^^^^^^^^^^^^^^^^^^^^^^^^^
    |
help: remove the unnecessary path segments
    |
479 -             crate::infinite::canvas::theme::merge_color_field(next, v, key);
479 +             infinite::canvas::theme::merge_color_field(next, v, key);
    |

warning: unnecessary qualification
   --> 🧰️framework/🛍️products/💻️os/🔨️modules/♾️infinite/📦️packages/🦀️rust/././../../🎲️board/🔌️ports/➡️directed/🦀️component.rs:561:33
    |
561 |         pub themed_icon_lookup: crate::infinite::canvas::icon_codec::ThemedSvgLookup,
    |                                 ^^^^^^^^^^^^^^^^^^^^^^^^^^^^^^^^^^^^^^^^^^^^^^^^^^^^
    |
help: remove the unnecessary path segments
    |
561 -         pub themed_icon_lookup: crate::infinite::canvas::icon_codec::ThemedSvgLookup,
561 +         pub themed_icon_lookup: infinite::canvas::icon_codec::ThemedSvgLookup,
    |

warning: unnecessary qualification
   --> 🧰️framework/🛍️products/💻️os/🔨️modules/♾️infinite/📦️packages/🦀️rust/././../../🎲️board/🔌️ports/➡️directed/🦀️component.rs:602:28
    |
602 |             let resolved = crate::infinite::canvas::icon_codec::board_resolve_icon_kind(encoded, self.themed_icon_lookup);
    |                            ^^^^^^^^^^^^^^^^^^^^^^^^^^^^^^^^^^^^^^^^^^^^^^^^^^^^^^^^^^^^
    |
help: remove the unnecessary path segments
    |
602 -             let resolved = crate::infinite::canvas::icon_codec::board_resolve_icon_kind(encoded, self.themed_icon_lookup);
602 +             let resolved = infinite::canvas::icon_codec::board_resolve_icon_kind(encoded, self.themed_icon_lookup);
    |

warning: unnecessary qualification
   --> 🧰️framework/🛍️products/💻️os/🔨️modules/♾️infinite/📦️packages/🦀️rust/././../../🎲️board/🔌️ports/➡️directed/🦀️component.rs:604:17
    |
604 |                 crate::infinite::canvas::icon_codec::BoardResolvedIcon::None => return None,
    |                 ^^^^^^^^^^^^^^^^^^^^^^^^^^^^^^^^^^^^^^^^^^^^^^^^^^^^^^^^^^^^
    |
help: remove the unnecessary path segments
    |
604 -                 crate::infinite::canvas::icon_codec::BoardResolvedIcon::None => return None,
604 +                 infinite::canvas::icon_codec::BoardResolvedIcon::None => return None,
    |

warning: unnecessary qualification
   --> 🧰️framework/🛍️products/💻️os/🔨️modules/♾️infinite/📦️packages/🦀️rust/././../../🎲️board/🔌️ports/➡️directed/🦀️component.rs:605:17
    |
605 | ...   crate::infinite::canvas::icon_codec::BoardResolvedIcon::SvgThemed(s) | crate::infinite::canvas::icon_codec::BoardResolvedIcon...
    |       ^^^^^^^^^^^^^^^^^^^^^^^^^^^^^^^^^^^^^^^^^^^^^^^^^^^^^^^^^^^^^^^^^
    |
help: remove the unnecessary path segments
    |
605 -                 crate::infinite::canvas::icon_codec::BoardResolvedIcon::SvgThemed(s) | crate::infinite::canvas::icon_codec::BoardResolvedIcon::SvgPlain(s) => Self::icon_vector_cache_key(if preserve_original_style { "p" } else { "t" }, s.as_str(), fg, bg),
605 +                 infinite::canvas::icon_codec::BoardResolvedIcon::SvgThemed(s) | crate::infinite::canvas::icon_codec::BoardResolvedIcon::SvgPlain(s) => Self::icon_vector_cache_key(if preserve_original_style { "p" } else { "t" }, s.as_str(), fg, bg),
    |

warning: unnecessary qualification
   --> 🧰️framework/🛍️products/💻️os/🔨️modules/♾️infinite/📦️packages/🦀️rust/././../../🎲️board/🔌️ports/➡️directed/🦀️component.rs:605:88
    |
605 | ...ardResolvedIcon::SvgThemed(s) | crate::infinite::canvas::icon_codec::BoardResolvedIcon::SvgPlain(s) => Self::icon_vector_cache_k...
    |                                    ^^^^^^^^^^^^^^^^^^^^^^^^^^^^^^^^^^^^^^^^^^^^^^^^^^^^^^^^^^^^^^^^
    |
help: remove the unnecessary path segments
    |
605 -                 crate::infinite::canvas::icon_codec::BoardResolvedIcon::SvgThemed(s) | crate::infinite::canvas::icon_codec::BoardResolvedIcon::SvgPlain(s) => Self::icon_vector_cache_key(if preserve_original_style { "p" } else { "t" }, s.as_str(), fg, bg),
605 +                 crate::infinite::canvas::icon_codec::BoardResolvedIcon::SvgThemed(s) | infinite::canvas::icon_codec::BoardResolvedIcon::SvgPlain(s) => Self::icon_vector_cache_key(if preserve_original_style { "p" } else { "t" }, s.as_str(), fg, bg),
    |

warning: unnecessary qualification
   --> 🧰️framework/🛍️products/💻️os/🔨️modules/♾️infinite/📦️packages/🦀️rust/././../../🎲️board/🔌️ports/➡️directed/🦀️component.rs:606:17
    |
606 | ...   crate::infinite::canvas::icon_codec::BoardResolvedIcon::RasterRgba8 { rgba, w, h } => Self::icon_raster_cache_key(rgba, *w, *h),
    |       ^^^^^^^^^^^^^^^^^^^^^^^^^^^^^^^^^^^^^^^^^^^^^^^^^^^^^^^^^^^^^^^^^^^
    |
help: remove the unnecessary path segments
    |
606 -                 crate::infinite::canvas::icon_codec::BoardResolvedIcon::RasterRgba8 { rgba, w, h } => Self::icon_raster_cache_key(rgba, *w, *h),
606 +                 infinite::canvas::icon_codec::BoardResolvedIcon::RasterRgba8 { rgba, w, h } => Self::icon_raster_cache_key(rgba, *w, *h),
    |

warning: unnecessary qualification
   --> 🧰️framework/🛍️products/💻️os/🔨️modules/♾️infinite/📦️packages/🦀️rust/././../../🎲️board/🔌️ports/➡️directed/🦀️component.rs:615:17
    |
615 |                 crate::infinite::canvas::icon_codec::BoardResolvedIcon::None => return None,
    |                 ^^^^^^^^^^^^^^^^^^^^^^^^^^^^^^^^^^^^^^^^^^^^^^^^^^^^^^^^^^^^
    |
help: remove the unnecessary path segments
    |
615 -                 crate::infinite::canvas::icon_codec::BoardResolvedIcon::None => return None,
615 +                 infinite::canvas::icon_codec::BoardResolvedIcon::None => return None,
    |

warning: unnecessary qualification
   --> 🧰️framework/🛍️products/💻️os/🔨️modules/♾️infinite/📦️packages/🦀️rust/././../../🎲️board/🔌️ports/➡️directed/🦀️component.rs:616:17
    |
616 |                 crate::infinite::canvas::icon_codec::BoardResolvedIcon::SvgThemed(s) => {
    |                 ^^^^^^^^^^^^^^^^^^^^^^^^^^^^^^^^^^^^^^^^^^^^^^^^^^^^^^^^^^^^^^^^^
    |
help: remove the unnecessary path segments
    |
616 -                 crate::infinite::canvas::icon_codec::BoardResolvedIcon::SvgThemed(s) => {
616 +                 infinite::canvas::icon_codec::BoardResolvedIcon::SvgThemed(s) => {
    |

warning: unnecessary qualification
   --> 🧰️framework/🛍️products/💻️os/🔨️modules/♾️infinite/📦️packages/🦀️rust/././../../🎲️board/🔌️ports/➡️directed/🦀️component.rs:630:17
    |
630 |                 crate::infinite::canvas::icon_codec::BoardResolvedIcon::SvgPlain(s) => {
    |                 ^^^^^^^^^^^^^^^^^^^^^^^^^^^^^^^^^^^^^^^^^^^^^^^^^^^^^^^^^^^^^^^^
    |
help: remove the unnecessary path segments
    |
630 -                 crate::infinite::canvas::icon_codec::BoardResolvedIcon::SvgPlain(s) => {
630 +                 infinite::canvas::icon_codec::BoardResolvedIcon::SvgPlain(s) => {
    |

warning: unnecessary qualification
   --> 🧰️framework/🛍️products/💻️os/🔨️modules/♾️infinite/📦️packages/🦀️rust/././../../🎲️board/🔌️ports/➡️directed/🦀️component.rs:644:17
    |
644 |                 crate::infinite::canvas::icon_codec::BoardResolvedIcon::RasterRgba8 { rgba, w, h } => {
    |                 ^^^^^^^^^^^^^^^^^^^^^^^^^^^^^^^^^^^^^^^^^^^^^^^^^^^^^^^^^^^^^^^^^^^
    |
help: remove the unnecessary path segments
    |
644 -                 crate::infinite::canvas::icon_codec::BoardResolvedIcon::RasterRgba8 { rgba, w, h } => {
644 +                 infinite::canvas::icon_codec::BoardResolvedIcon::RasterRgba8 { rgba, w, h } => {
    |

warning: unnecessary qualification
   --> 🧰️framework/🛍️products/💻️os/🔨️modules/♾️infinite/📦️packages/🦀️rust/././../../🎲️board/🔌️ports/➡️directed/🦀️component.rs:780:9
    |
780 | ...   crate::infinite::board::normal::undirected::apply_force_graph_layout_to_fixture_v1_value_resolved(fixture, opts, |endpoint, i...
    |       ^^^^^^^^^^^^^^^^^^^^^^^^^^^^^^^^^^^^^^^^^^^^^^^^^^^^^^^^^^^^^^^^^^^^^^^^^^^^^^^^^^^^^^^^^^^^^^^^^
    |
help: remove the unnecessary path segments
    |
780 -         crate::infinite::board::normal::undirected::apply_force_graph_layout_to_fixture_v1_value_resolved(fixture, opts, |endpoint, id_to_index| {
780 +         infinite::board::normal::undirected::apply_force_graph_layout_to_fixture_v1_value_resolved(fixture, opts, |endpoint, id_to_index| {
    |

warning: unnecessary qualification
   --> 🧰️framework/🛍️products/💻️os/🔨️modules/♾️infinite/📦️packages/🦀️rust/././../../🎲️board/🔌️ports/➡️directed/➕️normal/🦀️component.rs:468:31
    |
468 |         fn viewport(&self) -> crate::infinite::canvas::camera::Viewport {
    |                               ^^^^^^^^^^^^^^^^^^^^^^^^^^^^^^^^^^^^^^^^^
    |
help: remove the unnecessary path segments
    |
468 -         fn viewport(&self) -> crate::infinite::canvas::camera::Viewport {
468 +         fn viewport(&self) -> infinite::canvas::camera::Viewport {
    |

warning: unnecessary qualification
   --> 🧰️framework/🛍️products/💻️os/🔨️modules/♾️infinite/📦️packages/🦀️rust/././../../🎲️board/🔌️ports/➡️directed/➕️normal/🦀️component.rs:469:13
    |
469 |             crate::infinite::canvas::camera::Viewport { width: self.width, height: self.height, dpr: self.dpr }
    |             ^^^^^^^^^^^^^^^^^^^^^^^^^^^^^^^^^^^^^^^^^
    |
help: remove the unnecessary path segments
    |
469 -             crate::infinite::canvas::camera::Viewport { width: self.width, height: self.height, dpr: self.dpr }
469 +             infinite::canvas::camera::Viewport { width: self.width, height: self.height, dpr: self.dpr }
    |

warning: unnecessary qualification
   --> 🧰️framework/🛍️products/💻️os/🔨️modules/♾️infinite/📦️packages/🦀️rust/././../../🎲️board/🔌️ports/➡️directed/➕️normal/🦀️component.rs:473:13
    |
473 |             crate::infinite::canvas::camera::camera_content_affine(&self.camera, &self.viewport())
    |             ^^^^^^^^^^^^^^^^^^^^^^^^^^^^^^^^^^^^^^^^^^^^^^^^^^^^^^
    |
help: remove the unnecessary path segments
    |
473 -             crate::infinite::canvas::camera::camera_content_affine(&self.camera, &self.viewport())
473 +             infinite::canvas::camera::camera_content_affine(&self.camera, &self.viewport())
    |

warning: unnecessary qualification
   --> 🧰️framework/🛍️products/💻️os/🔨️modules/♾️infinite/📦️packages/🦀️rust/././../../🎲️board/🔌️ports/➡️directed/➕️normal/🦀️component.rs:643:24
    |
643 |             let zoom = crate::infinite::canvas::camera::clamp_zoom(zoom);
    |                        ^^^^^^^^^^^^^^^^^^^^^^^^^^^^^^^^^^^^^^^^^^^
    |
help: remove the unnecessary path segments
    |
643 -             let zoom = crate::infinite::canvas::camera::clamp_zoom(zoom);
643 +             let zoom = infinite::canvas::camera::clamp_zoom(zoom);
    |

warning: unnecessary qualification
    --> 🧰️framework/🛍️products/💻️os/🔨️modules/♾️infinite/📦️packages/🦀️rust/././../../🎲️board/🔌️ports/➡️directed/➕️normal/🦀️component.rs:2905:13
     |
2905 |             crate::infinite::canvas::camera::world_to_screen(&self.camera, &self.viewport(), p)
     |             ^^^^^^^^^^^^^^^^^^^^^^^^^^^^^^^^^^^^^^^^^^^^^^^^
     |
help: remove the unnecessary path segments
     |
2905 -             crate::infinite::canvas::camera::world_to_screen(&self.camera, &self.viewport(), p)
2905 +             infinite::canvas::camera::world_to_screen(&self.camera, &self.viewport(), p)
     |

warning: unnecessary qualification
    --> 🧰️framework/🛍️products/💻️os/🔨️modules/♾️infinite/📦️packages/🦀️rust/././../../🎲️board/🔌️ports/➡️directed/➕️normal/🦀️component.rs:2909:13
     |
2909 |             crate::infinite::canvas::camera::screen_to_world(&self.camera, &self.viewport(), p)
     |             ^^^^^^^^^^^^^^^^^^^^^^^^^^^^^^^^^^^^^^^^^^^^^^^^
     |
help: remove the unnecessary path segments
     |
2909 -             crate::infinite::canvas::camera::screen_to_world(&self.camera, &self.viewport(), p)
2909 +             infinite::canvas::camera::screen_to_world(&self.camera, &self.viewport(), p)
     |

warning: unnecessary qualification
    --> 🧰️framework/🛍️products/💻️os/🔨️modules/♾️infinite/📦️packages/🦀️rust/././../../🎲️board/🔌️ports/➡️directed/➕️normal/🦀️component.rs:4186:25
     |
4186 |             let mut p = crate::infinite::canvas::BezPath::new();
     |                         ^^^^^^^^^^^^^^^^^^^^^^^^^^^^^^^^^^^^^
     |
help: remove the unnecessary path segments
     |
4186 -             let mut p = crate::infinite::canvas::BezPath::new();
4186 +             let mut p = infinite::canvas::BezPath::new();
     |

warning: unnecessary qualification
    --> 🧰️framework/🛍️products/💻️os/🔨️modules/♾️infinite/📦️packages/🦀️rust/././../../🎲️board/🔌️ports/➡️directed/➕️normal/🦀️component.rs:4706:36
     |
4706 |                     let mut path = crate::infinite::canvas::BezPath::new();
     |                                    ^^^^^^^^^^^^^^^^^^^^^^^^^^^^^^^^^^^^^
     |
help: remove the unnecessary path segments
     |
4706 -                     let mut path = crate::infinite::canvas::BezPath::new();
4706 +                     let mut path = infinite::canvas::BezPath::new();
     |

warning: unnecessary qualification
    --> 🧰️framework/🛍️products/💻️os/🔨️modules/♾️infinite/📦️packages/🦀️rust/././../../🎲️board/🔌️ports/➡️directed/➕️normal/🦀️component.rs:4809:13
     |
4809 |             crate::infinite::canvas::camera::wheel_screen(&mut self.camera, &viewport, sx, sy, delta_y);
     |             ^^^^^^^^^^^^^^^^^^^^^^^^^^^^^^^^^^^^^^^^^^^^^
     |
help: remove the unnecessary path segments
     |
4809 -             crate::infinite::canvas::camera::wheel_screen(&mut self.camera, &viewport, sx, sy, delta_y);
4809 +             infinite::canvas::camera::wheel_screen(&mut self.camera, &viewport, sx, sy, delta_y);
     |

warning: unnecessary qualification
    --> 🧰️framework/🛍️products/💻️os/🔨️modules/♾️infinite/📦️packages/🦀️rust/././../../🎲️board/🔌️ports/➡️directed/➕️normal/🦀️component.rs:5683:10
     |
5683 |     impl crate::infinite::canvas::canvas_content::CanvasContent for BoardHost {
     |          ^^^^^^^^^^^^^^^^^^^^^^^^^^^^^^^^^^^^^^^^^^^^^^^^^^^^^^
     |
help: remove the unnecessary path segments
     |
5683 -     impl crate::infinite::canvas::canvas_content::CanvasContent for BoardHost {
5683 +     impl infinite::canvas::canvas_content::CanvasContent for BoardHost {
     |

warning: unnecessary qualification
    --> 🧰️framework/🛍️products/💻️os/🔨️modules/♾️infinite/📦️packages/🦀️rust/././../../🎲️board/🔌️ports/➡️directed/🕸️dag/🦀️component.rs:2859:48
     |
2859 |         let Ok(value) = serde_json::from_str::<serde_json::Value>(json) else {
     |                                                ^^^^^^^^^^^^^^^^^
     |
help: remove the unnecessary path segments
     |
2859 -         let Ok(value) = serde_json::from_str::<serde_json::Value>(json) else {
2859 +         let Ok(value) = serde_json::from_str::<Value>(json) else {
     |

warning: unused import: `OpText`
    --> 🧰️framework/🛍️products/💻️os/🔨️modules/♾️infinite/📦️packages/🦀️rust/././../../🎲️board/🔌️ports/➡️directed/🕸️dag/🦀️component.rs:7264:129
     |
7264 | ...n_mutation, CollectionDiff, CollectionMutation, Identified, OpText, Mutation, MutationDiff, Patchable};
     |                                                                ^^^^^^

warning: `semio-framework-plugin` (lib) generated 16 warnings (run `cargo fix --lib -p semio-framework-plugin` to apply 15 suggestions)
warning: `semio-framework-os-infinite` (lib) generated 64 warnings (run `cargo fix --lib -p semio-framework-os-infinite` to apply 40 suggestions)
warning: unused extern crate
 --> 🧰️framework/🛍️products/💻️os/🖥️host/📦️packages/🦀️rust/📦️glue.rs:5:1
  |
5 | extern crate semio_framework_os_kernel as protocol;
  | ^^^^^^^^^^^^^^^^^^^^^^^^^^^^^^^^^^^^^^^^^^^^^^^^^^^ unused
  |
  = note: `-W unused-extern-crates` implied by `-W rust-2018-idioms`
  = help: to override `-W rust-2018-idioms` add `#[allow(unused_extern_crates)]`
help: remove the unused `extern crate`
  |
5 - extern crate semio_framework_os_kernel as protocol;
  |

warning: unused extern crate
 --> 🧰️framework/🛍️products/💻️os/🖥️host/📦️packages/🦀️rust/📦️glue.rs:6:1
  |
6 | extern crate semio_framework_os_kernel as dsl;
  | ^^^^^^^^^^^^^^^^^^^^^^^^^^^^^^^^^^^^^^^^^^^^^^ unused
  |
help: remove the unused `extern crate`
  |
6 - extern crate semio_framework_os_kernel as dsl;
  |

warning: unused extern crate
 --> 🧰️framework/🛍️products/💻️os/🖥️host/📦️packages/🦀️rust/📦️glue.rs:8:1
  |
8 | extern crate semio_framework_os_kernel as pack;
  | ^^^^^^^^^^^^^^^^^^^^^^^^^^^^^^^^^^^^^^^^^^^^^^^ unused
  |
help: remove the unused `extern crate`
  |
8 - extern crate semio_framework_os_kernel as pack;
  |

warning: unused extern crate
 --> 🧰️framework/🛍️products/💻️os/🖥️host/📦️packages/🦀️rust/📦️glue.rs:9:1
  |
9 | extern crate semio_framework_os_kernel as spr;
  | ^^^^^^^^^^^^^^^^^^^^^^^^^^^^^^^^^^^^^^^^^^^^^^ unused
  |
help: remove the unused `extern crate`
  |
9 - extern crate semio_framework_os_kernel as spr;
  |

warning: unnecessary qualification
    --> 🧰️framework/🛍️products/💻️os/🖥️host/📦️packages/🦀️rust/../../🦀️component.rs:2576:53
     |
2576 |     static OS_MEDIA_EXPORT_HANDLERS: LazyLock<Mutex<std::collections::HashMap<(String, MediaFormat), OsMediaExportHandler>>> =
     |                                                     ^^^^^^^^^^^^^^^^^^^^^^^^^^^^^^^^^^^^^^^^^^^^^^^^^^^^^^^^^^^^^^^^^^^^^^
     |
     = note: requested on the command line with `-W unused-qualifications`
help: remove the unnecessary path segments
     |
2576 -     static OS_MEDIA_EXPORT_HANDLERS: LazyLock<Mutex<std::collections::HashMap<(String, MediaFormat), OsMediaExportHandler>>> =
2576 +     static OS_MEDIA_EXPORT_HANDLERS: LazyLock<Mutex<HashMap<(String, MediaFormat), OsMediaExportHandler>>> =
     |

warning: unnecessary qualification
    --> 🧰️framework/🛍️products/💻️os/🖥️host/📦️packages/🦀️rust/../../🦀️component.rs:2577:37
     |
2577 |         LazyLock::new(|| Mutex::new(std::collections::HashMap::new()));
     |                                     ^^^^^^^^^^^^^^^^^^^^^^^^^^^^^^
     |
help: remove the unnecessary path segments
     |
2577 -         LazyLock::new(|| Mutex::new(std::collections::HashMap::new()));
2577 +         LazyLock::new(|| Mutex::new(HashMap::new()));
     |

warning: unnecessary qualification
    --> 🧰️framework/🛍️products/💻️os/🖥️host/📦️packages/🦀️rust/../../🦀️component.rs:2579:53
     |
2579 |     static OS_MEDIA_IMPORT_HANDLERS: LazyLock<Mutex<std::collections::HashMap<(String, MediaFormat), OsMediaImportHandler>>> =
     |                                                     ^^^^^^^^^^^^^^^^^^^^^^^^^^^^^^^^^^^^^^^^^^^^^^^^^^^^^^^^^^^^^^^^^^^^^^
     |
help: remove the unnecessary path segments
     |
2579 -     static OS_MEDIA_IMPORT_HANDLERS: LazyLock<Mutex<std::collections::HashMap<(String, MediaFormat), OsMediaImportHandler>>> =
2579 +     static OS_MEDIA_IMPORT_HANDLERS: LazyLock<Mutex<HashMap<(String, MediaFormat), OsMediaImportHandler>>> =
     |

warning: unnecessary qualification
    --> 🧰️framework/🛍️products/💻️os/🖥️host/📦️packages/🦀️rust/../../🦀️component.rs:2580:37
     |
2580 |         LazyLock::new(|| Mutex::new(std::collections::HashMap::new()));
     |                                     ^^^^^^^^^^^^^^^^^^^^^^^^^^^^^^
     |
help: remove the unnecessary path segments
     |
2580 -         LazyLock::new(|| Mutex::new(std::collections::HashMap::new()));
2580 +         LazyLock::new(|| Mutex::new(HashMap::new()));
     |

warning: the `#![feature]` attribute can only be used at the crate root
 --> 🧰️framework/🛍️products/💻️os/🖥️host/📦️packages/🦀️rust/../../🦀️component.rs:4:1
  |
4 | #![feature(linkage)]
  | ^^^^^^^^^^^^^^^^^^^^
  |
  = help: the crate root is at `🧰️framework/🛍️products/💻️os/🖥️host/📦️packages/🦀️rust/📦️glue.rs`
  = note: `#[warn(unused_attributes)]` (part of `#[warn(unused)]`) on by default

warning: feature `linkage` is declared but not used
 --> 🧰️framework/🛍️products/💻️os/🖥️host/📦️packages/🦀️rust/📦️glue.rs:2:12
  |
2 | #![feature(linkage)]
  |            ^^^^^^^
  |
  = note: `#[warn(unused_features)]` (part of `#[warn(unused)]`) on by default

warning: `semio-framework-os` (lib) generated 10 warnings (run `cargo fix --lib -p semio-framework-os` to apply 8 suggestions)
    Checking semio-s-plugin-puzzle v0.1.0 (/Users/ueli/Documents/semio/✏️s/🔌️plugins/🧩️puzzle/📦️packages/🦀️rust)
warning: unused extern crate
  --> ✏️s/🔌️plugins/🧩️puzzle/📦️packages/🦀️rust/📦️glue.rs:14:1
   |
14 | extern crate infinite_canvas as infinite_board_port_directed;
   | ^^^^^^^^^^^^^^^^^^^^^^^^^^^^^^^^^^^^^^^^^^^^^^^^^^^^^^^^^^^^^ unused
   |
   = note: `-W unused-extern-crates` implied by `-W rust-2018-idioms`
   = help: to override `-W rust-2018-idioms` add `#[allow(unused_extern_crates)]`
help: remove the unused `extern crate`
   |
14 - extern crate infinite_canvas as infinite_board_port_directed;
   |

warning: unused extern crate
  --> ✏️s/🔌️plugins/🧩️puzzle/📦️packages/🦀️rust/📦️glue.rs:17:1
   |
17 | extern crate semio_framework_os_kernel as pack;
   | ^^^^^^^^^^^^^^^^^^^^^^^^^^^^^^^^^^^^^^^^^^^^^^^ unused
   |
help: remove the unused `extern crate`
   |
17 - extern crate semio_framework_os_kernel as pack;
   |

warning: unused imports: `Puzzle2dNodePatchEntry` and `Puzzle2dStringList`
 --> ✏️s/🔌️plugins/🧩️puzzle/📦️packages/🦀️rust/./././../../🗿️artifacts/◻2d/🔺️diff/🦀️component.rs:4:39
  |
4 |     Puzzle2dDiff, Puzzle2dEdgesDelta, Puzzle2dNodePatchEntry, Puzzle2dNodesDelta, Puzzle2dStringList,
  |                                       ^^^^^^^^^^^^^^^^^^^^^^                      ^^^^^^^^^^^^^^^^^^
  |
  = note: `#[warn(unused_imports)]` (part of `#[warn(unused)]`) on by default

warning: private item shadows public glob re-export
  --> ✏️s/🔌️plugins/🧩️puzzle/📦️packages/🦀️rust/./././../../🗿️artifacts/◻2d/🔺️diff/🦀️component.rs:4:5
   |
 4 |     Puzzle2dDiff, Puzzle2dEdgesDelta, Puzzle2dNodePatchEntry, Puzzle2dNodesDelta, Puzzle2dStringList,
   |     ^^^^^^^^^^^^
   |
note: the name `Puzzle2dDiff` in the type namespace is supposed to be publicly re-exported here
  --> ✏️s/🔌️plugins/🧩️puzzle/📦️packages/🦀️rust/./././../../🗿️artifacts/◻2d/🔺️diff/🦀️component.rs:16:9
   |
16 | pub use super::schema::*;
   |         ^^^^^^^^^^^^^^^^
note: but the private item here shadows it
  --> ✏️s/🔌️plugins/🧩️puzzle/📦️packages/🦀️rust/./././../../🗿️artifacts/◻2d/🔺️diff/🦀️component.rs:4:5
   |
 4 |     Puzzle2dDiff, Puzzle2dEdgesDelta, Puzzle2dNodePatchEntry, Puzzle2dNodesDelta, Puzzle2dStringList,
   |     ^^^^^^^^^^^^
   = note: `#[warn(hidden_glob_reexports)]` on by default

warning: private item shadows public glob re-export
  --> ✏️s/🔌️plugins/🧩️puzzle/📦️packages/🦀️rust/./././../../🗿️artifacts/◻2d/🔺️diff/🦀️component.rs:4:19
   |
 4 |     Puzzle2dDiff, Puzzle2dEdgesDelta, Puzzle2dNodePatchEntry, Puzzle2dNodesDelta, Puzzle2dStringList,
   |                   ^^^^^^^^^^^^^^^^^^
   |
note: the name `Puzzle2dEdgesDelta` in the type namespace is supposed to be publicly re-exported here
  --> ✏️s/🔌️plugins/🧩️puzzle/📦️packages/🦀️rust/./././../../🗿️artifacts/◻2d/🔺️diff/🦀️component.rs:16:9
   |
16 | pub use super::schema::*;
   |         ^^^^^^^^^^^^^^^^
note: but the private item here shadows it
  --> ✏️s/🔌️plugins/🧩️puzzle/📦️packages/🦀️rust/./././../../🗿️artifacts/◻2d/🔺️diff/🦀️component.rs:4:19
   |
 4 |     Puzzle2dDiff, Puzzle2dEdgesDelta, Puzzle2dNodePatchEntry, Puzzle2dNodesDelta, Puzzle2dStringList,
   |                   ^^^^^^^^^^^^^^^^^^

warning: private item shadows public glob re-export
  --> ✏️s/🔌️plugins/🧩️puzzle/📦️packages/🦀️rust/./././../../🗿️artifacts/◻2d/🔺️diff/🦀️component.rs:4:39
   |
 4 |     Puzzle2dDiff, Puzzle2dEdgesDelta, Puzzle2dNodePatchEntry, Puzzle2dNodesDelta, Puzzle2dStringList,
   |                                       ^^^^^^^^^^^^^^^^^^^^^^
   |
note: the name `Puzzle2dNodePatchEntry` in the type namespace is supposed to be publicly re-exported here
  --> ✏️s/🔌️plugins/🧩️puzzle/📦️packages/🦀️rust/./././../../🗿️artifacts/◻2d/🔺️diff/🦀️component.rs:16:9
   |
16 | pub use super::schema::*;
   |         ^^^^^^^^^^^^^^^^
note: but the private item here shadows it
  --> ✏️s/🔌️plugins/🧩️puzzle/📦️packages/🦀️rust/./././../../🗿️artifacts/◻2d/🔺️diff/🦀️component.rs:4:39
   |
 4 |     Puzzle2dDiff, Puzzle2dEdgesDelta, Puzzle2dNodePatchEntry, Puzzle2dNodesDelta, Puzzle2dStringList,
   |                                       ^^^^^^^^^^^^^^^^^^^^^^

warning: private item shadows public glob re-export
  --> ✏️s/🔌️plugins/🧩️puzzle/📦️packages/🦀️rust/./././../../🗿️artifacts/◻2d/🔺️diff/🦀️component.rs:4:63
   |
 4 |     Puzzle2dDiff, Puzzle2dEdgesDelta, Puzzle2dNodePatchEntry, Puzzle2dNodesDelta, Puzzle2dStringList,
   |                                                               ^^^^^^^^^^^^^^^^^^
   |
note: the name `Puzzle2dNodesDelta` in the type namespace is supposed to be publicly re-exported here
  --> ✏️s/🔌️plugins/🧩️puzzle/📦️packages/🦀️rust/./././../../🗿️artifacts/◻2d/🔺️diff/🦀️component.rs:16:9
   |
16 | pub use super::schema::*;
   |         ^^^^^^^^^^^^^^^^
note: but the private item here shadows it
  --> ✏️s/🔌️plugins/🧩️puzzle/📦️packages/🦀️rust/./././../../🗿️artifacts/◻2d/🔺️diff/🦀️component.rs:4:63
   |
 4 |     Puzzle2dDiff, Puzzle2dEdgesDelta, Puzzle2dNodePatchEntry, Puzzle2dNodesDelta, Puzzle2dStringList,
   |                                                               ^^^^^^^^^^^^^^^^^^

warning: private item shadows public glob re-export
  --> ✏️s/🔌️plugins/🧩️puzzle/📦️packages/🦀️rust/./././../../🗿️artifacts/◻2d/🔺️diff/🦀️component.rs:4:83
   |
 4 |     Puzzle2dDiff, Puzzle2dEdgesDelta, Puzzle2dNodePatchEntry, Puzzle2dNodesDelta, Puzzle2dStringList,
   |                                                                                   ^^^^^^^^^^^^^^^^^^
   |
note: the name `Puzzle2dStringList` in the type namespace is supposed to be publicly re-exported here
  --> ✏️s/🔌️plugins/🧩️puzzle/📦️packages/🦀️rust/./././../../🗿️artifacts/◻2d/🔺️diff/🦀️component.rs:16:9
   |
16 | pub use super::schema::*;
   |         ^^^^^^^^^^^^^^^^
note: but the private item here shadows it
  --> ✏️s/🔌️plugins/🧩️puzzle/📦️packages/🦀️rust/./././../../🗿️artifacts/◻2d/🔺️diff/🦀️component.rs:4:83
   |
 4 |     Puzzle2dDiff, Puzzle2dEdgesDelta, Puzzle2dNodePatchEntry, Puzzle2dNodesDelta, Puzzle2dStringList,
   |                                                                                   ^^^^^^^^^^^^^^^^^^

warning: unnecessary qualification
   --> ✏️s/🔌️plugins/🧩️puzzle/📦️packages/🦀️rust/./././../../🗿️artifacts/◻2d/🔺️diff/🦀️component.rs:276:16
    |
276 | impl HasId for crate::artifacts::puzzle2d::Puzzle2dNode { fn id(&self) -> &str { &self.id } }
    |                ^^^^^^^^^^^^^^^^^^^^^^^^^^^^^^^^^^^^^^^^
    |
    = note: requested on the command line with `-W unused-qualifications`
help: remove the unnecessary path segments
    |
276 - impl HasId for crate::artifacts::puzzle2d::Puzzle2dNode { fn id(&self) -> &str { &self.id } }
276 + impl HasId for Puzzle2dNode { fn id(&self) -> &str { &self.id } }
    |

warning: unnecessary qualification
   --> ✏️s/🔌️plugins/🧩️puzzle/📦️packages/🦀️rust/./././../../🗿️artifacts/◻2d/🔺️diff/🦀️component.rs:277:16
    |
277 | impl HasId for crate::artifacts::puzzle2d::Puzzle2dEdge { fn id(&self) -> &str { &self.id } }
    |                ^^^^^^^^^^^^^^^^^^^^^^^^^^^^^^^^^^^^^^^^
    |
help: remove the unnecessary path segments
    |
277 - impl HasId for crate::artifacts::puzzle2d::Puzzle2dEdge { fn id(&self) -> &str { &self.id } }
277 + impl HasId for Puzzle2dEdge { fn id(&self) -> &str { &self.id } }
    |

warning: unused import: `protocol::MutationDiff`
 --> ✏️s/🔌️plugins/🧩️puzzle/📦️packages/🦀️rust/././././../../🗿️artifacts/◻2d/🧬️mutations/📍set-node/🔺️diff/🦀️component.rs:4:5
  |
4 | use protocol::MutationDiff;
  |     ^^^^^^^^^^^^^^^^^^^^^^

warning: unused import: `protocol::MutationDiff`
 --> ✏️s/🔌️plugins/🧩️puzzle/📦️packages/🦀️rust/././././../../🗿️artifacts/◻2d/🧬️mutations/➖remove-node/🔺️diff/🦀️component.rs:4:5
  |
4 | use protocol::MutationDiff;
  |     ^^^^^^^^^^^^^^^^^^^^^^

warning: unused import: `protocol::MutationDiff`
 --> ✏️s/🔌️plugins/🧩️puzzle/📦️packages/🦀️rust/././././../../🗿️artifacts/◻2d/🧬️mutations/🔗set-edge/🔺️diff/🦀️component.rs:4:5
  |
4 | use protocol::MutationDiff;
  |     ^^^^^^^^^^^^^^^^^^^^^^

warning: unused import: `protocol::MutationDiff`
 --> ✏️s/🔌️plugins/🧩️puzzle/📦️packages/🦀️rust/././././../../🗿️artifacts/◻2d/🧬️mutations/✂️remove-edge/🔺️diff/🦀️component.rs:4:5
  |
4 | use protocol::MutationDiff;
  |     ^^^^^^^^^^^^^^^^^^^^^^

warning: unused import: `protocol::MutationDiff`
 --> ✏️s/🔌️plugins/🧩️puzzle/📦️packages/🦀️rust/././././../../🗿️artifacts/◻2d/🧬️mutations/🏷set-meta/🔺️diff/🦀️component.rs:4:5
  |
4 | use protocol::MutationDiff;
  |     ^^^^^^^^^^^^^^^^^^^^^^

warning: unused import: `protocol::MutationDiff`
 --> ✏️s/🔌️plugins/🧩️puzzle/📦️packages/🦀️rust/././././../../🗿️artifacts/◻2d/🧬️mutations/📄set-snapshot/🔺️diff/🦀️component.rs:4:5
  |
4 | use protocol::MutationDiff;
  |     ^^^^^^^^^^^^^^^^^^^^^^

warning: unused import: `PUZZLE_2D_SCHEMA`
 --> ✏️s/🔌️plugins/🧩️puzzle/📦️packages/🦀️rust/././../../🗿️artifacts/◻2d/🧬️schema/🦀️component.rs:3:110
  |
3 | use crate::artifacts::puzzle2d::{Puzzle2dCamera, Puzzle2dEdge, Puzzle2dMeta, Puzzle2dNode, Puzzle2dSnapshot, PUZZLE_2D_SCHEMA};
  |                                                                                                              ^^^^^^^^^^^^^^^^

warning: unnecessary qualification
  --> ✏️s/🔌️plugins/🧩️puzzle/📦️packages/🦀️rust/./././../../🗿️artifacts/◻2d/⚙️engine/🦀️component.rs:31:6
   |
31 | impl canvas::CanvasExtension for Puzzle2dExtension {
   |      ^^^^^^^^^^^^^^^^^^^^^^^
   |
help: remove the unnecessary path segments
   |
31 - impl canvas::CanvasExtension for Puzzle2dExtension {
31 + impl CanvasExtension for Puzzle2dExtension {
   |

warning: unnecessary qualification
   --> ✏️s/🔌️plugins/🧩️puzzle/📦️packages/🦀️rust/./././../../🗿️artifacts/◻2d/⚙️engine/🦀️component.rs:246:15
    |
246 |     snapshot: crate::artifacts::puzzle2d::Puzzle2dSnapshot,
    |               ^^^^^^^^^^^^^^^^^^^^^^^^^^^^^^^^^^^^^^^^^^^^
    |
help: remove the unnecessary path segments
    |
246 -     snapshot: crate::artifacts::puzzle2d::Puzzle2dSnapshot,
246 +     snapshot: Puzzle2dSnapshot,
    |

warning: unnecessary qualification
   --> ✏️s/🔌️plugins/🧩️puzzle/📦️packages/🦀️rust/./././../../🗿️artifacts/◻2d/⚙️engine/🦀️component.rs:250:26
    |
250 |     pub fn new(snapshot: crate::artifacts::puzzle2d::Puzzle2dSnapshot) -> Self {
    |                          ^^^^^^^^^^^^^^^^^^^^^^^^^^^^^^^^^^^^^^^^^^^^
    |
help: remove the unnecessary path segments
    |
250 -     pub fn new(snapshot: crate::artifacts::puzzle2d::Puzzle2dSnapshot) -> Self {
250 +     pub fn new(snapshot: Puzzle2dSnapshot) -> Self {
    |

warning: unnecessary qualification
   --> ✏️s/🔌️plugins/🧩️puzzle/📦️packages/🦀️rust/./././../../🗿️artifacts/◻2d/⚙️engine/🦀️component.rs:255:35
    |
255 |     pub fn into_snapshot(self) -> crate::artifacts::puzzle2d::Puzzle2dSnapshot {
    |                                   ^^^^^^^^^^^^^^^^^^^^^^^^^^^^^^^^^^^^^^^^^^^^
    |
help: remove the unnecessary path segments
    |
255 -     pub fn into_snapshot(self) -> crate::artifacts::puzzle2d::Puzzle2dSnapshot {
255 +     pub fn into_snapshot(self) -> Puzzle2dSnapshot {
    |

warning: unnecessary qualification
   --> ✏️s/🔌️plugins/🧩️puzzle/📦️packages/🦀️rust/./././../../🗿️artifacts/◻2d/⚙️engine/🦀️component.rs:262:21
    |
262 |     type Snapshot = crate::artifacts::puzzle2d::Puzzle2dSnapshot;
    |                     ^^^^^^^^^^^^^^^^^^^^^^^^^^^^^^^^^^^^^^^^^^^^
    |
help: remove the unnecessary path segments
    |
262 -     type Snapshot = crate::artifacts::puzzle2d::Puzzle2dSnapshot;
262 +     type Snapshot = Puzzle2dSnapshot;
    |

warning: unused import: `Puzzle2dEdge`
   --> ✏️s/🔌️plugins/🧩️puzzle/📦️packages/🦀️rust/./././../../🗿️artifacts/◻2d/⚙️engine/📐️layout/🦀️component.rs:850:34
    |
850 | use crate::artifacts::puzzle2d::{Puzzle2dEdge, Puzzle2dNode, Puzzle2dNodeAnchor, Puzzle2dSnapshot};
    |                                  ^^^^^^^^^^^^

warning: unused import: `DIAGRAM_VERTICAL_V_EXTRA`
   --> ✏️s/🔌️plugins/🧩️puzzle/📦️packages/🦀️rust/./././../../🗿️artifacts/◻2d/⚙️engine/📐️layout/🦀️component.rs:851:103
    |
851 | use crate::artifacts::puzzle3d::engine::geometry::flatten::{DIAGRAM_HORIZONTAL_SCALE, DIAGRAM_RADIUS, DIAGRAM_VERTICAL_V_EXTRA};
    |                                                                                                       ^^^^^^^^^^^^^^^^^^^^^^^^

warning: unused import: `Puzzle3dStringList`
 --> ✏️s/🔌️plugins/🧩️puzzle/📦️packages/🦀️rust/./././../../🗿️artifacts/🧊️3d/🔺️diff/🦀️component.rs:5:5
  |
5 |     Puzzle3dStringList, Puzzle3dTargetVolumesDelta,
  |     ^^^^^^^^^^^^^^^^^^

warning: private item shadows public glob re-export
  --> ✏️s/🔌️plugins/🧩️puzzle/📦️packages/🦀️rust/./././../../🗿️artifacts/🧊️3d/🔺️diff/🦀️component.rs:4:5
   |
 4 |     Puzzle3dAttractionsDelta, Puzzle3dDiff, Puzzle3dObjectsDelta, Puzzle3dReferencesDelta,
   |     ^^^^^^^^^^^^^^^^^^^^^^^^
   |
note: the name `Puzzle3dAttractionsDelta` in the type namespace is supposed to be publicly re-exported here
  --> ✏️s/🔌️plugins/🧩️puzzle/📦️packages/🦀️rust/./././../../🗿️artifacts/🧊️3d/🔺️diff/🦀️component.rs:19:9
   |
19 | pub use super::schema::*;
   |         ^^^^^^^^^^^^^^^^
note: but the private item here shadows it
  --> ✏️s/🔌️plugins/🧩️puzzle/📦️packages/🦀️rust/./././../../🗿️artifacts/🧊️3d/🔺️diff/🦀️component.rs:4:5
   |
 4 |     Puzzle3dAttractionsDelta, Puzzle3dDiff, Puzzle3dObjectsDelta, Puzzle3dReferencesDelta,
   |     ^^^^^^^^^^^^^^^^^^^^^^^^

warning: private item shadows public glob re-export
  --> ✏️s/🔌️plugins/🧩️puzzle/📦️packages/🦀️rust/./././../../🗿️artifacts/🧊️3d/🔺️diff/🦀️component.rs:4:31
   |
 4 |     Puzzle3dAttractionsDelta, Puzzle3dDiff, Puzzle3dObjectsDelta, Puzzle3dReferencesDelta,
   |                               ^^^^^^^^^^^^
   |
note: the name `Puzzle3dDiff` in the type namespace is supposed to be publicly re-exported here
  --> ✏️s/🔌️plugins/🧩️puzzle/📦️packages/🦀️rust/./././../../🗿️artifacts/🧊️3d/🔺️diff/🦀️component.rs:19:9
   |
19 | pub use super::schema::*;
   |         ^^^^^^^^^^^^^^^^
note: but the private item here shadows it
  --> ✏️s/🔌️plugins/🧩️puzzle/📦️packages/🦀️rust/./././../../🗿️artifacts/🧊️3d/🔺️diff/🦀️component.rs:4:31
   |
 4 |     Puzzle3dAttractionsDelta, Puzzle3dDiff, Puzzle3dObjectsDelta, Puzzle3dReferencesDelta,
   |                               ^^^^^^^^^^^^

warning: private item shadows public glob re-export
  --> ✏️s/🔌️plugins/🧩️puzzle/📦️packages/🦀️rust/./././../../🗿️artifacts/🧊️3d/🔺️diff/🦀️component.rs:4:45
   |
 4 |     Puzzle3dAttractionsDelta, Puzzle3dDiff, Puzzle3dObjectsDelta, Puzzle3dReferencesDelta,
   |                                             ^^^^^^^^^^^^^^^^^^^^
   |
note: the name `Puzzle3dObjectsDelta` in the type namespace is supposed to be publicly re-exported here
  --> ✏️s/🔌️plugins/🧩️puzzle/📦️packages/🦀️rust/./././../../🗿️artifacts/🧊️3d/🔺️diff/🦀️component.rs:19:9
   |
19 | pub use super::schema::*;
   |         ^^^^^^^^^^^^^^^^
note: but the private item here shadows it
  --> ✏️s/🔌️plugins/🧩️puzzle/📦️packages/🦀️rust/./././../../🗿️artifacts/🧊️3d/🔺️diff/🦀️component.rs:4:45
   |
 4 |     Puzzle3dAttractionsDelta, Puzzle3dDiff, Puzzle3dObjectsDelta, Puzzle3dReferencesDelta,
   |                                             ^^^^^^^^^^^^^^^^^^^^

warning: private item shadows public glob re-export
  --> ✏️s/🔌️plugins/🧩️puzzle/📦️packages/🦀️rust/./././../../🗿️artifacts/🧊️3d/🔺️diff/🦀️component.rs:4:67
   |
 4 |     Puzzle3dAttractionsDelta, Puzzle3dDiff, Puzzle3dObjectsDelta, Puzzle3dReferencesDelta,
   |                                                                   ^^^^^^^^^^^^^^^^^^^^^^^
   |
note: the name `Puzzle3dReferencesDelta` in the type namespace is supposed to be publicly re-exported here
  --> ✏️s/🔌️plugins/🧩️puzzle/📦️packages/🦀️rust/./././../../🗿️artifacts/🧊️3d/🔺️diff/🦀️component.rs:19:9
   |
19 | pub use super::schema::*;
   |         ^^^^^^^^^^^^^^^^
note: but the private item here shadows it
  --> ✏️s/🔌️plugins/🧩️puzzle/📦️packages/🦀️rust/./././../../🗿️artifacts/🧊️3d/🔺️diff/🦀️component.rs:4:67
   |
 4 |     Puzzle3dAttractionsDelta, Puzzle3dDiff, Puzzle3dObjectsDelta, Puzzle3dReferencesDelta,
   |                                                                   ^^^^^^^^^^^^^^^^^^^^^^^

warning: private item shadows public glob re-export
  --> ✏️s/🔌️plugins/🧩️puzzle/📦️packages/🦀️rust/./././../../🗿️artifacts/🧊️3d/🔺️diff/🦀️component.rs:5:5
   |
 5 |     Puzzle3dStringList, Puzzle3dTargetVolumesDelta,
   |     ^^^^^^^^^^^^^^^^^^
   |
note: the name `Puzzle3dStringList` in the type namespace is supposed to be publicly re-exported here
  --> ✏️s/🔌️plugins/🧩️puzzle/📦️packages/🦀️rust/./././../../🗿️artifacts/🧊️3d/🔺️diff/🦀️component.rs:19:9
   |
19 | pub use super::schema::*;
   |         ^^^^^^^^^^^^^^^^
note: but the private item here shadows it
  --> ✏️s/🔌️plugins/🧩️puzzle/📦️packages/🦀️rust/./././../../🗿️artifacts/🧊️3d/🔺️diff/🦀️component.rs:5:5
   |
 5 |     Puzzle3dStringList, Puzzle3dTargetVolumesDelta,
   |     ^^^^^^^^^^^^^^^^^^

warning: private item shadows public glob re-export
  --> ✏️s/🔌️plugins/🧩️puzzle/📦️packages/🦀️rust/./././../../🗿️artifacts/🧊️3d/🔺️diff/🦀️component.rs:5:25
   |
 5 |     Puzzle3dStringList, Puzzle3dTargetVolumesDelta,
   |                         ^^^^^^^^^^^^^^^^^^^^^^^^^^
   |
note: the name `Puzzle3dTargetVolumesDelta` in the type namespace is supposed to be publicly re-exported here
  --> ✏️s/🔌️plugins/🧩️puzzle/📦️packages/🦀️rust/./././../../🗿️artifacts/🧊️3d/🔺️diff/🦀️component.rs:19:9
   |
19 | pub use super::schema::*;
   |         ^^^^^^^^^^^^^^^^
note: but the private item here shadows it
  --> ✏️s/🔌️plugins/🧩️puzzle/📦️packages/🦀️rust/./././../../🗿️artifacts/🧊️3d/🔺️diff/🦀️component.rs:5:25
   |
 5 |     Puzzle3dStringList, Puzzle3dTargetVolumesDelta,
   |                         ^^^^^^^^^^^^^^^^^^^^^^^^^^

warning: unnecessary qualification
   --> ✏️s/🔌️plugins/🧩️puzzle/📦️packages/🦀️rust/./././../../🗿️artifacts/🧊️3d/🔺️diff/🦀️component.rs:243:16
    |
243 | impl HasId for crate::artifacts::puzzle3d::Puzzle3dObject { fn id(&self) -> &str { &self.id } }
    |                ^^^^^^^^^^^^^^^^^^^^^^^^^^^^^^^^^^^^^^^^^^
    |
help: remove the unnecessary path segments
    |
243 - impl HasId for crate::artifacts::puzzle3d::Puzzle3dObject { fn id(&self) -> &str { &self.id } }
243 + impl HasId for Puzzle3dObject { fn id(&self) -> &str { &self.id } }
    |

warning: unnecessary qualification
   --> ✏️s/🔌️plugins/🧩️puzzle/📦️packages/🦀️rust/./././../../🗿️artifacts/🧊️3d/🔺️diff/🦀️component.rs:244:16
    |
244 | impl HasId for crate::artifacts::puzzle3d::Puzzle3dAttraction { fn id(&self) -> &str { &self.id } }
    |                ^^^^^^^^^^^^^^^^^^^^^^^^^^^^^^^^^^^^^^^^^^^^^^
    |
help: remove the unnecessary path segments
    |
244 - impl HasId for crate::artifacts::puzzle3d::Puzzle3dAttraction { fn id(&self) -> &str { &self.id } }
244 + impl HasId for Puzzle3dAttraction { fn id(&self) -> &str { &self.id } }
    |

warning: unnecessary qualification
   --> ✏️s/🔌️plugins/🧩️puzzle/📦️packages/🦀️rust/./././../../🗿️artifacts/🧊️3d/🔺️diff/🦀️component.rs:245:16
    |
245 | impl HasId for crate::artifacts::puzzle3d::Puzzle3dTargetVolume { fn id(&self) -> &str { &self.id } }
    |                ^^^^^^^^^^^^^^^^^^^^^^^^^^^^^^^^^^^^^^^^^^^^^^^^
    |
help: remove the unnecessary path segments
    |
245 - impl HasId for crate::artifacts::puzzle3d::Puzzle3dTargetVolume { fn id(&self) -> &str { &self.id } }
245 + impl HasId for Puzzle3dTargetVolume { fn id(&self) -> &str { &self.id } }
    |

warning: unnecessary qualification
   --> ✏️s/🔌️plugins/🧩️puzzle/📦️packages/🦀️rust/./././../../🗿️artifacts/🧊️3d/🔺️diff/🦀️component.rs:246:16
    |
246 | impl HasId for crate::artifacts::puzzle3d::Puzzle3dReference { fn id(&self) -> &str { &self.id } }
    |                ^^^^^^^^^^^^^^^^^^^^^^^^^^^^^^^^^^^^^^^^^^^^^
    |
help: remove the unnecessary path segments
    |
246 - impl HasId for crate::artifacts::puzzle3d::Puzzle3dReference { fn id(&self) -> &str { &self.id } }
246 + impl HasId for Puzzle3dReference { fn id(&self) -> &str { &self.id } }
    |

warning: unused import: `protocol::MutationDiff`
 --> ✏️s/🔌️plugins/🧩️puzzle/📦️packages/🦀️rust/././././../../🗿️artifacts/🧊️3d/🧬️mutations/🎛set-object/🔺️diff/🦀️component.rs:4:5
  |
4 | use protocol::MutationDiff;
  |     ^^^^^^^^^^^^^^^^^^^^^^

warning: unused import: `protocol::MutationDiff`
 --> ✏️s/🔌️plugins/🧩️puzzle/📦️packages/🦀️rust/././././../../🗿️artifacts/🧊️3d/🧬️mutations/➖remove-object/🔺️diff/🦀️component.rs:4:5
  |
4 | use protocol::MutationDiff;
  |     ^^^^^^^^^^^^^^^^^^^^^^

warning: unused import: `protocol::MutationDiff`
 --> ✏️s/🔌️plugins/🧩️puzzle/📦️packages/🦀️rust/././././../../🗿️artifacts/🧊️3d/🧬️mutations/🎛set-attraction/🔺️diff/🦀️component.rs:4:5
  |
4 | use protocol::MutationDiff;
  |     ^^^^^^^^^^^^^^^^^^^^^^

warning: unused import: `protocol::MutationDiff`
 --> ✏️s/🔌️plugins/🧩️puzzle/📦️packages/🦀️rust/././././../../🗿️artifacts/🧊️3d/🧬️mutations/➖remove-attraction/🔺️diff/🦀️component.rs:4:5
  |
4 | use protocol::MutationDiff;
  |     ^^^^^^^^^^^^^^^^^^^^^^

warning: unused import: `protocol::MutationDiff`
 --> ✏️s/🔌️plugins/🧩️puzzle/📦️packages/🦀️rust/././././../../🗿️artifacts/🧊️3d/🧬️mutations/🎛set-target-volume/🔺️diff/🦀️component.rs:4:5
  |
4 | use protocol::MutationDiff;
  |     ^^^^^^^^^^^^^^^^^^^^^^

warning: unused import: `protocol::MutationDiff`
 --> ✏️s/🔌️plugins/🧩️puzzle/📦️packages/🦀️rust/././././../../🗿️artifacts/🧊️3d/🧬️mutations/➖remove-target-volume/🔺️diff/🦀️component.rs:4:5
  |
4 | use protocol::MutationDiff;
  |     ^^^^^^^^^^^^^^^^^^^^^^

warning: unused import: `protocol::MutationDiff`
 --> ✏️s/🔌️plugins/🧩️puzzle/📦️packages/🦀️rust/././././../../🗿️artifacts/🧊️3d/🧬️mutations/🎛set-reference/🔺️diff/🦀️component.rs:4:5
  |
4 | use protocol::MutationDiff;
  |     ^^^^^^^^^^^^^^^^^^^^^^

warning: unused import: `protocol::MutationDiff`
 --> ✏️s/🔌️plugins/🧩️puzzle/📦️packages/🦀️rust/././././../../🗿️artifacts/🧊️3d/🧬️mutations/➖remove-reference/🔺️diff/🦀️component.rs:4:5
  |
4 | use protocol::MutationDiff;
  |     ^^^^^^^^^^^^^^^^^^^^^^

warning: unused import: `protocol::MutationDiff`
 --> ✏️s/🔌️plugins/🧩️puzzle/📦️packages/🦀️rust/././././../../🗿️artifacts/🧊️3d/🧬️mutations/🏷set-meta/🔺️diff/🦀️component.rs:4:5
  |
4 | use protocol::MutationDiff;
  |     ^^^^^^^^^^^^^^^^^^^^^^

warning: unused import: `protocol::MutationDiff`
 --> ✏️s/🔌️plugins/🧩️puzzle/📦️packages/🦀️rust/././././../../🗿️artifacts/🧊️3d/🧬️mutations/📄set-snapshot/🔺️diff/🦀️component.rs:4:5
  |
4 | use protocol::MutationDiff;
  |     ^^^^^^^^^^^^^^^^^^^^^^

warning: unused import: `PUZZLE_3D_SCHEMA`
 --> ✏️s/🔌️plugins/🧩️puzzle/📦️packages/🦀️rust/././../../🗿️artifacts/🧊️3d/🧬️schema/🦀️component.rs:3:143
  |
3 | ...zzle3dReference, Puzzle3dTargetVolume, Puzzle3dSnapshot, PUZZLE_3D_SCHEMA};
  |                                                             ^^^^^^^^^^^^^^^^

warning: unnecessary qualification
   --> ✏️s/🔌️plugins/🧩️puzzle/📦️packages/🦀️rust/./././../../🗿️artifacts/🧊️3d/⚙️engine/🦀️component.rs:626:15
    |
626 |     snapshot: crate::artifacts::puzzle3d::Puzzle3dSnapshot,
    |               ^^^^^^^^^^^^^^^^^^^^^^^^^^^^^^^^^^^^^^^^^^^^
    |
help: remove the unnecessary path segments
    |
626 -     snapshot: crate::artifacts::puzzle3d::Puzzle3dSnapshot,
626 +     snapshot: Puzzle3dSnapshot,
    |

warning: unnecessary qualification
   --> ✏️s/🔌️plugins/🧩️puzzle/📦️packages/🦀️rust/./././../../🗿️artifacts/🧊️3d/⚙️engine/🦀️component.rs:630:26
    |
630 |     pub fn new(snapshot: crate::artifacts::puzzle3d::Puzzle3dSnapshot) -> Self {
    |                          ^^^^^^^^^^^^^^^^^^^^^^^^^^^^^^^^^^^^^^^^^^^^
    |
help: remove the unnecessary path segments
    |
630 -     pub fn new(snapshot: crate::artifacts::puzzle3d::Puzzle3dSnapshot) -> Self {
630 +     pub fn new(snapshot: Puzzle3dSnapshot) -> Self {
    |

warning: unnecessary qualification
   --> ✏️s/🔌️plugins/🧩️puzzle/📦️packages/🦀️rust/./././../../🗿️artifacts/🧊️3d/⚙️engine/🦀️component.rs:635:35
    |
635 |     pub fn into_snapshot(self) -> crate::artifacts::puzzle3d::Puzzle3dSnapshot {
    |                                   ^^^^^^^^^^^^^^^^^^^^^^^^^^^^^^^^^^^^^^^^^^^^
    |
help: remove the unnecessary path segments
    |
635 -     pub fn into_snapshot(self) -> crate::artifacts::puzzle3d::Puzzle3dSnapshot {
635 +     pub fn into_snapshot(self) -> Puzzle3dSnapshot {
    |

warning: unnecessary qualification
   --> ✏️s/🔌️plugins/🧩️puzzle/📦️packages/🦀️rust/./././../../🗿️artifacts/🧊️3d/⚙️engine/🦀️component.rs:642:21
    |
642 |     type Snapshot = crate::artifacts::puzzle3d::Puzzle3dSnapshot;
    |                     ^^^^^^^^^^^^^^^^^^^^^^^^^^^^^^^^^^^^^^^^^^^^
    |
help: remove the unnecessary path segments
    |
642 -     type Snapshot = crate::artifacts::puzzle3d::Puzzle3dSnapshot;
642 +     type Snapshot = Puzzle3dSnapshot;
    |

warning: glob import doesn't reexport anything with visibility `pub` because no imported item is public enough
   --> ✏️s/🔌️plugins/🧩️puzzle/📦️packages/🦀️rust/📦️glue.rs:493:25
    |
493 |                 pub use component::*;
    |                         ^^^^^^^^^^^^
    |
note: the most public imported item is `pub(crate)`
   --> ✏️s/🔌️plugins/🧩️puzzle/📦️packages/🦀️rust/📦️glue.rs:493:25
    |
493 |                 pub use component::*;
    |                         ^^^^^^^^^^^^
    = help: reduce the glob import's visibility or increase visibility of imported items

warning: unused import: `ObjectKindRepresentation`
 --> ✏️s/🔌️plugins/🧩️puzzle/📦️packages/🦀️rust/./././../../🗿️artifacts/🧊️3d/⚙️engine/🖌️brush/🦀️component.rs:9:235
  |
9 | ...ect, KindCatalogBundle, KindCompatEntry, ObjectKind, ObjectKindRepresentation,
  |                                                         ^^^^^^^^^^^^^^^^^^^^^^^^

warning: unused imports: `Puzzle5dKindCompatibilityList` and `Puzzle5dStringList`
 --> ✏️s/🔌️plugins/🧩️puzzle/📦️packages/🦀️rust/./././../../🗿️artifacts/🖐️5d/🔺️diff/🦀️component.rs:4:43
  |
4 |     Puzzle5dDiff, Puzzle5dFastenersDelta, Puzzle5dKindCompatibilityList, Puzzle5dPartsDelta, Puzzle5dStringList,
  |                                           ^^^^^^^^^^^^^^^^^^^^^^^^^^^^^                      ^^^^^^^^^^^^^^^^^^

warning: private item shadows public glob re-export
  --> ✏️s/🔌️plugins/🧩️puzzle/📦️packages/🦀️rust/./././../../🗿️artifacts/🖐️5d/🔺️diff/🦀️component.rs:4:5
   |
 4 |     Puzzle5dDiff, Puzzle5dFastenersDelta, Puzzle5dKindCompatibilityList, Puzzle5dPartsDelta, Puzzle5dStringList,
   |     ^^^^^^^^^^^^
   |
note: the name `Puzzle5dDiff` in the type namespace is supposed to be publicly re-exported here
  --> ✏️s/🔌️plugins/🧩️puzzle/📦️packages/🦀️rust/./././../../🗿️artifacts/🖐️5d/🔺️diff/🦀️component.rs:16:9
   |
16 | pub use super::schema::*;
   |         ^^^^^^^^^^^^^^^^
note: but the private item here shadows it
  --> ✏️s/🔌️plugins/🧩️puzzle/📦️packages/🦀️rust/./././../../🗿️artifacts/🖐️5d/🔺️diff/🦀️component.rs:4:5
   |
 4 |     Puzzle5dDiff, Puzzle5dFastenersDelta, Puzzle5dKindCompatibilityList, Puzzle5dPartsDelta, Puzzle5dStringList,
   |     ^^^^^^^^^^^^

warning: private item shadows public glob re-export
  --> ✏️s/🔌️plugins/🧩️puzzle/📦️packages/🦀️rust/./././../../🗿️artifacts/🖐️5d/🔺️diff/🦀️component.rs:4:19
   |
 4 |     Puzzle5dDiff, Puzzle5dFastenersDelta, Puzzle5dKindCompatibilityList, Puzzle5dPartsDelta, Puzzle5dStringList,
   |                   ^^^^^^^^^^^^^^^^^^^^^^
   |
note: the name `Puzzle5dFastenersDelta` in the type namespace is supposed to be publicly re-exported here
  --> ✏️s/🔌️plugins/🧩️puzzle/📦️packages/🦀️rust/./././../../🗿️artifacts/🖐️5d/🔺️diff/🦀️component.rs:16:9
   |
16 | pub use super::schema::*;
   |         ^^^^^^^^^^^^^^^^
note: but the private item here shadows it
  --> ✏️s/🔌️plugins/🧩️puzzle/📦️packages/🦀️rust/./././../../🗿️artifacts/🖐️5d/🔺️diff/🦀️component.rs:4:19
   |
 4 |     Puzzle5dDiff, Puzzle5dFastenersDelta, Puzzle5dKindCompatibilityList, Puzzle5dPartsDelta, Puzzle5dStringList,
   |                   ^^^^^^^^^^^^^^^^^^^^^^

warning: private item shadows public glob re-export
  --> ✏️s/🔌️plugins/🧩️puzzle/📦️packages/🦀️rust/./././../../🗿️artifacts/🖐️5d/🔺️diff/🦀️component.rs:4:43
   |
 4 |     Puzzle5dDiff, Puzzle5dFastenersDelta, Puzzle5dKindCompatibilityList, Puzzle5dPartsDelta, Puzzle5dStringList,
   |                                           ^^^^^^^^^^^^^^^^^^^^^^^^^^^^^
   |
note: the name `Puzzle5dKindCompatibilityList` in the type namespace is supposed to be publicly re-exported here
  --> ✏️s/🔌️plugins/🧩️puzzle/📦️packages/🦀️rust/./././../../🗿️artifacts/🖐️5d/🔺️diff/🦀️component.rs:16:9
   |
16 | pub use super::schema::*;
   |         ^^^^^^^^^^^^^^^^
note: but the private item here shadows it
  --> ✏️s/🔌️plugins/🧩️puzzle/📦️packages/🦀️rust/./././../../🗿️artifacts/🖐️5d/🔺️diff/🦀️component.rs:4:43
   |
 4 |     Puzzle5dDiff, Puzzle5dFastenersDelta, Puzzle5dKindCompatibilityList, Puzzle5dPartsDelta, Puzzle5dStringList,
   |                                           ^^^^^^^^^^^^^^^^^^^^^^^^^^^^^

warning: private item shadows public glob re-export
  --> ✏️s/🔌️plugins/🧩️puzzle/📦️packages/🦀️rust/./././../../🗿️artifacts/🖐️5d/🔺️diff/🦀️component.rs:4:74
   |
 4 |     Puzzle5dDiff, Puzzle5dFastenersDelta, Puzzle5dKindCompatibilityList, Puzzle5dPartsDelta, Puzzle5dStringList,
   |                                                                          ^^^^^^^^^^^^^^^^^^
   |
note: the name `Puzzle5dPartsDelta` in the type namespace is supposed to be publicly re-exported here
  --> ✏️s/🔌️plugins/🧩️puzzle/📦️packages/🦀️rust/./././../../🗿️artifacts/🖐️5d/🔺️diff/🦀️component.rs:16:9
   |
16 | pub use super::schema::*;
   |         ^^^^^^^^^^^^^^^^
note: but the private item here shadows it
  --> ✏️s/🔌️plugins/🧩️puzzle/📦️packages/🦀️rust/./././../../🗿️artifacts/🖐️5d/🔺️diff/🦀️component.rs:4:74
   |
 4 |     Puzzle5dDiff, Puzzle5dFastenersDelta, Puzzle5dKindCompatibilityList, Puzzle5dPartsDelta, Puzzle5dStringList,
   |                                                                          ^^^^^^^^^^^^^^^^^^

warning: private item shadows public glob re-export
  --> ✏️s/🔌️plugins/🧩️puzzle/📦️packages/🦀️rust/./././../../🗿️artifacts/🖐️5d/🔺️diff/🦀️component.rs:4:94
   |
 4 |     Puzzle5dDiff, Puzzle5dFastenersDelta, Puzzle5dKindCompatibilityList, Puzzle5dPartsDelta, Puzzle5dStringList,
   |                                                                                              ^^^^^^^^^^^^^^^^^^
   |
note: the name `Puzzle5dStringList` in the type namespace is supposed to be publicly re-exported here
  --> ✏️s/🔌️plugins/🧩️puzzle/📦️packages/🦀️rust/./././../../🗿️artifacts/🖐️5d/🔺️diff/🦀️component.rs:16:9
   |
16 | pub use super::schema::*;
   |         ^^^^^^^^^^^^^^^^
note: but the private item here shadows it
  --> ✏️s/🔌️plugins/🧩️puzzle/📦️packages/🦀️rust/./././../../🗿️artifacts/🖐️5d/🔺️diff/🦀️component.rs:4:94
   |
 4 |     Puzzle5dDiff, Puzzle5dFastenersDelta, Puzzle5dKindCompatibilityList, Puzzle5dPartsDelta, Puzzle5dStringList,
   |                                                                                              ^^^^^^^^^^^^^^^^^^

warning: unnecessary qualification
   --> ✏️s/🔌️plugins/🧩️puzzle/📦️packages/🦀️rust/./././../../🗿️artifacts/🖐️5d/🔺️diff/🦀️component.rs:203:16
    |
203 | impl HasId for crate::artifacts::puzzle5d::Puzzle5dPart { fn id(&self) -> &str { &self.id } }
    |                ^^^^^^^^^^^^^^^^^^^^^^^^^^^^^^^^^^^^^^^^
    |
help: remove the unnecessary path segments
    |
203 - impl HasId for crate::artifacts::puzzle5d::Puzzle5dPart { fn id(&self) -> &str { &self.id } }
203 + impl HasId for Puzzle5dPart { fn id(&self) -> &str { &self.id } }
    |

warning: unnecessary qualification
   --> ✏️s/🔌️plugins/🧩️puzzle/📦️packages/🦀️rust/./././../../🗿️artifacts/🖐️5d/🔺️diff/🦀️component.rs:204:16
    |
204 | impl HasId for crate::artifacts::puzzle5d::Puzzle5dFastener { fn id(&self) -> &str { &self.id } }
    |                ^^^^^^^^^^^^^^^^^^^^^^^^^^^^^^^^^^^^^^^^^^^^
    |
help: remove the unnecessary path segments
    |
204 - impl HasId for crate::artifacts::puzzle5d::Puzzle5dFastener { fn id(&self) -> &str { &self.id } }
204 + impl HasId for Puzzle5dFastener { fn id(&self) -> &str { &self.id } }
    |

warning: unused import: `protocol::MutationDiff`
 --> ✏️s/🔌️plugins/🧩️puzzle/📦️packages/🦀️rust/././././../../🗿️artifacts/🖐️5d/🧬️mutations/🎛set-part/🔺️diff/🦀️component.rs:4:5
  |
4 | use protocol::MutationDiff;
  |     ^^^^^^^^^^^^^^^^^^^^^^

warning: unused import: `protocol::MutationDiff`
 --> ✏️s/🔌️plugins/🧩️puzzle/📦️packages/🦀️rust/././././../../🗿️artifacts/🖐️5d/🧬️mutations/➖remove-part/🔺️diff/🦀️component.rs:4:5
  |
4 | use protocol::MutationDiff;
  |     ^^^^^^^^^^^^^^^^^^^^^^

warning: unused import: `protocol::MutationDiff`
 --> ✏️s/🔌️plugins/🧩️puzzle/📦️packages/🦀️rust/././././../../🗿️artifacts/🖐️5d/🧬️mutations/🎛set-fastener/🔺️diff/🦀️component.rs:4:5
  |
4 | use protocol::MutationDiff;
  |     ^^^^^^^^^^^^^^^^^^^^^^

warning: unused import: `protocol::MutationDiff`
 --> ✏️s/🔌️plugins/🧩️puzzle/📦️packages/🦀️rust/././././../../🗿️artifacts/🖐️5d/🧬️mutations/➖remove-fastener/🔺️diff/🦀️component.rs:4:5
  |
4 | use protocol::MutationDiff;
  |     ^^^^^^^^^^^^^^^^^^^^^^

warning: unused import: `protocol::MutationDiff`
 --> ✏️s/🔌️plugins/🧩️puzzle/📦️packages/🦀️rust/././././../../🗿️artifacts/🖐️5d/🧬️mutations/🏷set-meta/🔺️diff/🦀️component.rs:4:5
  |
4 | use protocol::MutationDiff;
  |     ^^^^^^^^^^^^^^^^^^^^^^

warning: unused import: `protocol::MutationDiff`
 --> ✏️s/🔌️plugins/🧩️puzzle/📦️packages/🦀️rust/././././../../🗿️artifacts/🖐️5d/🧬️mutations/📄set-snapshot/🔺️diff/🦀️component.rs:4:5
  |
4 | use protocol::MutationDiff;
  |     ^^^^^^^^^^^^^^^^^^^^^^

warning: unused import: `PUZZLE_5D_SCHEMA`
 --> ✏️s/🔌️plugins/🧩️puzzle/📦️packages/🦀️rust/././../../🗿️artifacts/🖐️5d/🧬️schema/🦀️component.rs:3:147
  |
3 | ...atibility, Puzzle5dMeta, Puzzle5dPart, Puzzle5dSnapshot, PUZZLE_5D_SCHEMA};
  |                                                             ^^^^^^^^^^^^^^^^

warning: unnecessary qualification
   --> ✏️s/🔌️plugins/🧩️puzzle/📦️packages/🦀️rust/./././../../🗿️artifacts/🖐️5d/⚙️engine/🦀️component.rs:264:15
    |
264 |     snapshot: crate::artifacts::puzzle5d::Puzzle5dSnapshot,
    |               ^^^^^^^^^^^^^^^^^^^^^^^^^^^^^^^^^^^^^^^^^^^^
    |
help: remove the unnecessary path segments
    |
264 -     snapshot: crate::artifacts::puzzle5d::Puzzle5dSnapshot,
264 +     snapshot: Puzzle5dSnapshot,
    |

warning: unnecessary qualification
   --> ✏️s/🔌️plugins/🧩️puzzle/📦️packages/🦀️rust/./././../../🗿️artifacts/🖐️5d/⚙️engine/🦀️component.rs:268:26
    |
268 |     pub fn new(snapshot: crate::artifacts::puzzle5d::Puzzle5dSnapshot) -> Self {
    |                          ^^^^^^^^^^^^^^^^^^^^^^^^^^^^^^^^^^^^^^^^^^^^
    |
help: remove the unnecessary path segments
    |
268 -     pub fn new(snapshot: crate::artifacts::puzzle5d::Puzzle5dSnapshot) -> Self {
268 +     pub fn new(snapshot: Puzzle5dSnapshot) -> Self {
    |

warning: unnecessary qualification
   --> ✏️s/🔌️plugins/🧩️puzzle/📦️packages/🦀️rust/./././../../🗿️artifacts/🖐️5d/⚙️engine/🦀️component.rs:273:35
    |
273 |     pub fn into_snapshot(self) -> crate::artifacts::puzzle5d::Puzzle5dSnapshot {
    |                                   ^^^^^^^^^^^^^^^^^^^^^^^^^^^^^^^^^^^^^^^^^^^^
    |
help: remove the unnecessary path segments
    |
273 -     pub fn into_snapshot(self) -> crate::artifacts::puzzle5d::Puzzle5dSnapshot {
273 +     pub fn into_snapshot(self) -> Puzzle5dSnapshot {
    |

warning: unnecessary qualification
   --> ✏️s/🔌️plugins/🧩️puzzle/📦️packages/🦀️rust/./././../../🗿️artifacts/🖐️5d/⚙️engine/🦀️component.rs:280:21
    |
280 |     type Snapshot = crate::artifacts::puzzle5d::Puzzle5dSnapshot;
    |                     ^^^^^^^^^^^^^^^^^^^^^^^^^^^^^^^^^^^^^^^^^^^^
    |
help: remove the unnecessary path segments
    |
280 -     type Snapshot = crate::artifacts::puzzle5d::Puzzle5dSnapshot;
280 +     type Snapshot = Puzzle5dSnapshot;
    |

warning: unused imports: `Puzzle5dCompatSpecificity` and `Puzzle5dPartAnchor`
 --> ✏️s/🔌️plugins/🧩️puzzle/📦️packages/🦀️rust/./././../../🗿️artifacts/🖐️5d/⚙️engine/✂️transfer/🦀️component.rs:7:84
  |
7 | use crate::artifacts::puzzle5d::{Puzzle5dFastener, Puzzle5dPart, Puzzle5dSnapshot, Puzzle5dPartAnchor, Puzzle5dCompatSpecificity};
  |                                                                                    ^^^^^^^^^^^^^^^^^^  ^^^^^^^^^^^^^^^^^^^^^^^^^

warning: unused import: `crate::artifacts::puzzle2d::dsl as puzzle2d_dsl`
  --> ✏️s/🔌️plugins/🧩️puzzle/📦️packages/🦀️rust/././../../🎛️apps/◻2d/🦀️component.rs:23:5
   |
23 | use crate::artifacts::puzzle2d::dsl as puzzle2d_dsl;
   |     ^^^^^^^^^^^^^^^^^^^^^^^^^^^^^^^^^^^^^^^^^^^^^^^

warning: unnecessary qualification
   --> ✏️s/🔌️plugins/🧩️puzzle/📦️packages/🦀️rust/././../../🎛️apps/◻2d/🦀️component.rs:827:27
    |
827 |     fn scene_for(fixture: serde_json::Value, config: &Puzzle2dConfig, window_id: Option<&str>) -> Puzzle2dScene {
    |                           ^^^^^^^^^^^^^^^^^
    |
help: remove the unnecessary path segments
    |
827 -     fn scene_for(fixture: serde_json::Value, config: &Puzzle2dConfig, window_id: Option<&str>) -> Puzzle2dScene {
827 +     fn scene_for(fixture: Value, config: &Puzzle2dConfig, window_id: Option<&str>) -> Puzzle2dScene {
    |

warning: unnecessary qualification
   --> ✏️s/🔌️plugins/🧩️puzzle/📦️packages/🦀️rust/././../../🎛️apps/◻2d/🦀️component.rs:851:86
    |
851 |         Puzzle2dPlaySnapshot(serde_json::to_value(default_empty_fixture()).unwrap_or(serde_json::Value::Null))
    |                                                                                      ^^^^^^^^^^^^^^^^^^^^^^^
    |
help: remove the unnecessary path segments
    |
851 -         Puzzle2dPlaySnapshot(serde_json::to_value(default_empty_fixture()).unwrap_or(serde_json::Value::Null))
851 +         Puzzle2dPlaySnapshot(serde_json::to_value(default_empty_fixture()).unwrap_or(Value::Null))
    |

warning: unnecessary qualification
    --> ✏️s/🔌️plugins/🧩️puzzle/📦️packages/🦀️rust/././../../🎛️apps/◻2d/🦀️component.rs:1017:65
     |
1017 | ...   (wid, edit::puzzle2d_engagement(&envelope, &crate::artifacts::puzzle2d::engine::board_host::puzzle_board_host(), pane, labels))
     |                                                   ^^^^^^^^^^^^^^^^^^^^^^^^^^^^^^^^^^^^^^^^^^^^^^^^^^^^^^^^^^^^^^^^^
     |
help: remove the unnecessary path segments
     |
1017 -                     (wid, edit::puzzle2d_engagement(&envelope, &crate::artifacts::puzzle2d::engine::board_host::puzzle_board_host(), pane, labels))
1017 +                     (wid, edit::puzzle2d_engagement(&envelope, &puzzle_board_host(), pane, labels))
     |

warning: unused doc comment
    --> ✏️s/🔌️plugins/🧩️puzzle/📦️packages/🦀️rust/././../../🎛️apps/🧊️3d/🦀️component.rs:1847:1
     |
1847 | / /// 🧩️ Puzzle-3d play app. Owns the precompute engine and the gumball scratch session; the persisted
1848 | | /// document (bare `Puzzle3dFixture` json) lives in the wrapping `VcsDocumentApp`'s operation store and
1849 | | /// the view state in `Puzzle3dConfig`. Each action rehydrates the engine from the projection, mutates
1850 | | /// a transient [`Puzzle3dScene`], then emits the granular operation delta.
...    |
1853 | | /// `transform_scratch`): mid-drag ticks accumulate incremental deltas onto the scratch and emit no
1854 | | /// operations; `transformEnd` commits the base→scratch fixture delta once.
     | |_--------------------------------------------------------------------------^
     |   |
     |   rustdoc does not generate documentation for macro invocations
     |
     = help: to document an item produced by a macro, the macro must produce the documentation as part of its expansion
     = note: `#[warn(unused_doc_comments)]` (part of `#[warn(unused)]`) on by default

warning: unused doc comment
    --> ✏️s/🔌️plugins/🧩️puzzle/📦️packages/🦀️rust/././../../🎛️apps/🖐️5d/🦀️component.rs:1287:1
     |
1287 | / /// 🧩️ B1: Puzzle-5d play app. Owns the precompute engine and the registered-mesh cache — both
1288 | | /// per-call scratch, never VCS-tracked; the persisted document (bare `Puzzle5dDocument` json) lives in
1289 | | /// the wrapping `VcsDocumentApp`'s document store, and the ephemeral view state lives in the wrapping
1290 | | /// store's real, VCS-tracked `Puzzle5dConfig` artifact (see `🦀️config.rs`) — every read comes from
1291 | | /// `cfg.snapshot`, every write flows out as a `Puzzle5dConfigMutation` in the returned `Emit`.
1292 | | /// Each action mutates a transient {@link Puzzle5dScene}, then emits the granular operation delta.
1293 | | /// Undo/redo/checkpoints are handled by the wrapper.
     | |_----------------------------------------------------^
     |   |
     |   rustdoc does not generate documentation for macro invocations
     |
     = help: to document an item produced by a macro, the macro must produce the documentation as part of its expansion

warning: unused import: `Puzzle5dSelection`
 --> ✏️s/🔌️plugins/🧩️puzzle/📦️packages/🦀️rust/./././../../🎛️apps/🖐️5d/🎮️commands/🛍️example/🦀️component.rs:4:54
  |
4 | use crate::apps::puzzle5d::config::{Puzzle5dRuntime, Puzzle5dSelection};
  |                                                      ^^^^^^^^^^^^^^^^^

warning: unused imports: `Puzzle5dFastener`, `Puzzle5dPart`, and `default_document`
 --> ✏️s/🔌️plugins/🧩️puzzle/📦️packages/🦀️rust/./././../../🎛️apps/🖐️5d/🎮️commands/🛍️example/🦀️component.rs:6:5
  |
6 |     default_document, document_from_json, empty_document, CAPSULE_DREAM_EXAMPLE_JSON, CONCRETE_FOREST_EXAMPLE_JSON, NAKAGIN_EXAMPLE_JSON, Puzzle5dActionCtx, Puzzle5dDocument, Puzzle5dFastener, Puzzle5dPart, P...
  |     ^^^^^^^^^^^^^^^^                                                                                                                                                           ^^^^^^^^^^^^^^^^  ^^^^^^^^^^^^

warning: unused import: `ui_stack_vertical`
  --> ✏️s/🔌️plugins/🧩️puzzle/📦️packages/🦀️rust/./././../../🎛️apps/🖐️5d/📌️panels/🔍️inspection/🦀️component.rs:11:30
   |
11 |     ui_inspector_vec3_group, ui_stack_vertical, ui_text, ActionDescriptor, Label, LabelText, LocalizedLabel, PanelGroup, PanelTabDef...
   |                              ^^^^^^^^^^^^^^^^^

warning: variable does not need to be mutable
   --> ✏️s/🔌️plugins/🧩️puzzle/📦️packages/🦀️rust/././././../../🗿️artifacts/🧊️3d/⚙️engine/📐️geometry/🎛flatten/🦀️component.rs:326:9
    |
326 |     let mut original_centers: HashMap<String, [f64; 2]> = HashMap::new();
    |         ----^^^^^^^^^^^^^^^^
    |         |
    |         help: remove this `mut`
    |
    = note: `#[warn(unused_mut)]` (part of `#[warn(unused)]`) on by default

warning: unused variable: `source_id`
   --> ✏️s/🔌️plugins/🧩️puzzle/📦️packages/🦀️rust/./././../../🗿️artifacts/◻2d/⚙️engine/📐️layout/🦀️component.rs:870:19
    |
870 |         let Some((source_id, _)) = parse_endpoint(&edge.source).or_else(|| Some((edge.source.as_str(), ""))) else { continue };
    |                   ^^^^^^^^^ help: if this is intentional, prefix it with an underscore: `_source_id`
    |
    = note: `#[warn(unused_variables)]` (part of `#[warn(unused)]`) on by default

warning: unused variable: `target_id`
   --> ✏️s/🔌️plugins/🧩️puzzle/📦️packages/🦀️rust/./././../../🗿️artifacts/◻2d/⚙️engine/📐️layout/🦀️component.rs:871:19
    |
871 |         let Some((target_id, _)) = parse_endpoint(&edge.target).or_else(|| Some((edge.target.as_str(), ""))) else { continue };
    |                   ^^^^^^^^^ help: if this is intentional, prefix it with an underscore: `_target_id`

warning: function `example_fixture` is never used
  --> ✏️s/🔌️plugins/🧩️puzzle/📦️packages/🦀️rust/././../../🎛️apps/◻2d/🦀️component.rs:98:4
   |
98 | fn example_fixture(json_text: &str) -> Value {
   |    ^^^^^^^^^^^^^^^
   |
   = note: `#[warn(dead_code)]` (part of `#[warn(unused)]`) on by default

warning: function `with_puzzle3d_app_mut` is never used
    --> ✏️s/🔌️plugins/🧩️puzzle/📦️packages/🦀️rust/././../../🎛️apps/🧊️3d/🦀️component.rs:1865:4
     |
1865 | fn with_puzzle3d_app_mut<R>(f: impl FnOnce(&Puzzle3dPlayApp) -> R) -> R {
     |    ^^^^^^^^^^^^^^^^^^^^^

warning: `semio-s-plugin-puzzle` (lib) generated 86 warnings (run `cargo fix --lib -p semio-s-plugin-puzzle` to apply 65 suggestions)
    Finished `dev` profile [unoptimized] target(s) in 6.19s
warning: the following packages contain code that will be rejected by a future version of Rust: block v0.1.6
note: to see what the problems were, use the option `--future-incompat-report`, or run `cargo report future-incompatibilities --id 1`
