solid exported
	facet normal -0.6908860651350999 -0.5112125022933901 -0.5112125022933901
		outer loop
			vertex -9.535662651062012 -9.535662651062012 -6.5682783126831055
			vertex -11.911567687988281 -6.446493625640869 -6.446493625640869
			vertex -9.535662651062012 -6.5682783126831055 -9.535662651062012
		endloop
	endfacet
	facet normal -0.5112125022933901 -0.6908860651350999 -0.5112125022933901
		outer loop
			vertex -6.446493625640869 -11.911567687988281 -6.446493625640869
			vertex -9.535662651062012 -9.535662651062012 -6.5682783126831055
			vertex -6.5682783126831055 -9.535662651062012 -9.535662651062012
		endloop
	endfacet
	facet normal -0.5112125022933901 -0.5112125022933901 -0.6908860651350999
		outer loop
			vertex -6.5682783126831055 -9.535662651062012 -9.535662651062012
			vertex -9.535662651062012 -6.5682783126831055 -9.535662651062012
			vertex -6.446493625640869 -6.446493625640869 -11.911567687988281
		endloop
	endfacet
	facet normal -0.5773502691896257 -0.5773502691896257 -0.5773502691896257
		outer loop
			vertex -9.535662651062012 -9.535662651062012 -6.5682783126831055
			vertex -9.535662651062012 -6.5682783126831055 -9.535662651062012
			vertex -6.5682783126831055 -9.535662651062012 -9.535662651062012
		endloop
	endfacet
	facet normal -0.8449655262024951 -0.5179103745812391 -0.13342452334732627
		outer loop
			vertex -12.472043991088867 -8.333553314208984 9.184850467946473e-16
			vertex -13.326715469360352 -6.133613586425781 -3.1268889904022217
			vertex -11.526745796203613 -9.056506156921387 -3.1802220344543457
		endloop
	endfacet
	facet normal -0.7701967538899847 -0.6320840264508025 -0.08524519812324675
		outer loop
			vertex -10.60660171508789 -10.60660171508789 9.184850467946473e-16
			vertex -12.472043991088867 -8.333553314208984 9.184850467946473e-16
			vertex -11.526745796203613 -9.056506156921387 -3.1802220344543457
		endloop
	endfacet
	facet normal -0.5179103745812391 -0.8449655262024951 -0.13342452334732627
		outer loop
			vertex -8.333553314208984 -12.472043991088867 9.184850467946473e-16
			vertex -9.056506156921387 -11.526745796203613 -3.1802220344543457
			vertex -6.133613586425781 -13.326715469360352 -3.1268889904022217
		endloop
	endfacet
	facet normal -0.6320840264508025 -0.7701967538899847 -0.08524519812324675
		outer loop
			vertex -8.333553314208984 -12.472043991088867 9.184850467946473e-16
			vertex -10.60660171508789 -10.60660171508789 9.184850467946473e-16
			vertex -9.056506156921387 -11.526745796203613 -3.1802220344543457
		endloop
	endfacet
	facet normal -0.6743315562644401 -0.6743315562644401 -0.3009217580235049
		outer loop
			vertex -9.056506156921387 -11.526745796203613 -3.1802220344543457
			vertex -11.526745796203613 -9.056506156921387 -3.1802220344543457
			vertex -9.535662651062012 -9.535662651062012 -6.5682783126831055
		endloop
	endfacet
	facet normal -0.7464737789036514 -0.559946642939176 -0.3594949992287091
		outer loop
			vertex -11.526745796203613 -9.056506156921387 -3.1802220344543457
			vertex -11.911567687988281 -6.446493625640869 -6.446493625640869
			vertex -9.535662651062012 -9.535662651062012 -6.5682783126831055
		endloop
	endfacet
	facet normal -0.559946642939176 -0.7464737789036514 -0.3594949992287091
		outer loop
			vertex -9.056506156921387 -11.526745796203613 -3.1802220344543457
			vertex -9.535662651062012 -9.535662651062012 -6.5682783126831055
			vertex -6.446493625640869 -11.911567687988281 -6.446493625640869
		endloop
	endfacet
	facet normal -0.7002709572327293 -0.7002709572327293 -0.1387125549931017
		outer loop
			vertex -10.60660171508789 -10.60660171508789 9.184850467946473e-16
			vertex -11.526745796203613 -9.056506156921387 -3.1802220344543457
			vertex -9.056506156921387 -11.526745796203613 -3.1802220344543457
		endloop
	endfacet
	facet normal -0.8449655262024951 -0.13342452334732627 -0.5179103745812391
		outer loop
			vertex -13.326715469360352 -3.1268889904022217 -6.133613586425781
			vertex -12.472043991088867 9.184850467946473e-16 -8.333553314208984
			vertex -11.526745796203613 -3.1802220344543457 -9.056506156921387
		endloop
	endfacet
	facet normal -0.7701967538899847 -0.08524519812324675 -0.6320840264508025
		outer loop
			vertex -11.526745796203613 -3.1802220344543457 -9.056506156921387
			vertex -12.472043991088867 9.184850467946473e-16 -8.333553314208984
			vertex -10.60660171508789 9.184850467946473e-16 -10.60660171508789
		endloop
	endfacet
	facet normal -0.67433155626444 -0.30092175802350485 -0.67433155626444
		outer loop
			vertex -9.535662651062012 -6.5682783126831055 -9.535662651062012
			vertex -11.526745796203613 -3.1802220344543457 -9.056506156921387
			vertex -9.056506156921387 -3.1802220344543457 -11.526745796203613
		endloop
	endfacet
	facet normal -0.7464737789036514 -0.35949499922870903 -0.559946642939176
		outer loop
			vertex -11.911567687988281 -6.446493625640869 -6.446493625640869
			vertex -11.526745796203613 -3.1802220344543457 -9.056506156921387
			vertex -9.535662651062012 -6.5682783126831055 -9.535662651062012
		endloop
	endfacet
	facet normal -0.559946642939176 -0.3594949992287091 -0.7464737789036514
		outer loop
			vertex -9.535662651062012 -6.5682783126831055 -9.535662651062012
			vertex -9.056506156921387 -3.1802220344543457 -11.526745796203613
			vertex -6.446493625640869 -6.446493625640869 -11.911567687988281
		endloop
	endfacet
	facet normal -0.5179103745812391 -0.13342452334732627 -0.8449655262024951
		outer loop
			vertex -9.056506156921387 -3.1802220344543457 -11.526745796203613
			vertex -8.333553314208984 9.184850467946473e-16 -12.472043991088867
			vertex -6.133613586425781 -3.1268889904022217 -13.326715469360352
		endloop
	endfacet
	facet normal -0.6320840264508025 -0.08524519812324675 -0.7701967538899847
		outer loop
			vertex -9.056506156921387 -3.1802220344543457 -11.526745796203613
			vertex -10.60660171508789 9.184850467946473e-16 -10.60660171508789
			vertex -8.333553314208984 9.184850467946473e-16 -12.472043991088867
		endloop
	endfacet
	facet normal -0.7002709572327293 -0.13871255499310167 -0.7002709572327293
		outer loop
			vertex -11.526745796203613 -3.1802220344543457 -9.056506156921387
			vertex -10.60660171508789 9.184850467946473e-16 -10.60660171508789
			vertex -9.056506156921387 -3.1802220344543457 -11.526745796203613
		endloop
	endfacet
	facet normal -0.9072155111175897 -0.2974558928544287 -0.2974558928544287
		outer loop
			vertex -13.326715469360352 -6.133613586425781 -3.1268889904022217
			vertex -14.372797012329102 -3.0350208282470703 -3.0350208282470703
			vertex -13.326715469360352 -3.1268889904022217 -6.133613586425781
		endloop
	endfacet
	facet normal -0.8145795856960367 -0.49614974017227137 -0.3004921527998044
		outer loop
			vertex -11.526745796203613 -9.056506156921387 -3.1802220344543457
			vertex -13.326715469360352 -6.133613586425781 -3.1268889904022217
			vertex -11.911567687988281 -6.446493625640869 -6.446493625640869
		endloop
	endfacet
	facet normal -0.8145795856960367 -0.3004921527998044 -0.49614974017227137
		outer loop
			vertex -11.911567687988281 -6.446493625640869 -6.446493625640869
			vertex -13.326715469360352 -3.1268889904022217 -6.133613586425781
			vertex -11.526745796203613 -3.1802220344543457 -9.056506156921387
		endloop
	endfacet
	facet normal -0.8758639388488475 -0.34122013468154433 -0.34122013468154433
		outer loop
			vertex -13.326715469360352 -6.133613586425781 -3.1268889904022217
			vertex -13.326715469360352 -3.1268889904022217 -6.133613586425781
			vertex -11.911567687988281 -6.446493625640869 -6.446493625640869
		endloop
	endfacet
	facet normal -0.8783238349375353 -0.46947411793607907 -0.09022911707848079
		outer loop
			vertex -12.472043991088867 -8.333553314208984 9.184850467946473e-16
			vertex -13.858193397521973 -5.740251541137695 9.184850467946473e-16
			vertex -13.326715469360352 -6.133613586425781 -3.1268889904022217
		endloop
	endfacet
	facet normal -0.9416363765506992 -0.31432254070281823 -0.12050840121167916
		outer loop
			vertex -13.858193397521973 -5.740251541137695 9.184850467946473e-16
			vertex -14.372797012329102 -3.0350208282470703 -3.0350208282470703
			vertex -13.326715469360352 -6.133613586425781 -3.1268889904022217
		endloop
	endfacet
	facet normal -0.9525167073876245 -0.2889427769132839 -0.09604162543959151
		outer loop
			vertex -13.858193397521973 -5.740251541137695 9.184850467946473e-16
			vertex -14.711779594421387 -2.9263548851013184 9.184850467946473e-16
			vertex -14.372797012329102 -3.0350208282470703 -3.0350208282470703
		endloop
	endfacet
	facet normal -0.9416363765506993 -0.1205084012116792 -0.3143225407028183
		outer loop
			vertex -14.372797012329102 -3.0350208282470703 -3.0350208282470703
			vertex -13.858193397521973 9.184850467946473e-16 -5.740251541137695
			vertex -13.326715469360352 -3.1268889904022217 -6.133613586425781
		endloop
	endfacet
	facet normal -0.8783238349375353 -0.09022911707848079 -0.46947411793607907
		outer loop
			vertex -13.326715469360352 -3.1268889904022217 -6.133613586425781
			vertex -13.858193397521973 9.184850467946473e-16 -5.740251541137695
			vertex -12.472043991088867 9.184850467946473e-16 -8.333553314208984
		endloop
	endfacet
	facet normal -0.9525167073876245 -0.09604162543959151 -0.2889427769132839
		outer loop
			vertex -14.372797012329102 -3.0350208282470703 -3.0350208282470703
			vertex -14.711779594421387 9.184850467946473e-16 -2.9263548851013184
			vertex -13.858193397521973 9.184850467946473e-16 -5.740251541137695
		endloop
	endfacet
	facet normal -0.9885717080719905 -0.10659732172908334 -0.10659732172908334
		outer loop
			vertex -14.711779594421387 -2.9263548851013184 9.184850467946473e-16
			vertex -14.711779594421387 9.184850467946473e-16 -2.9263548851013184
			vertex -14.372797012329102 -3.0350208282470703 -3.0350208282470703
		endloop
	endfacet
	facet normal -0.9904383764142343 -0.0975495323564798 -0.0975495323564798
		outer loop
			vertex -14.711779594421387 -2.9263548851013184 9.184850467946473e-16
			vertex -15 9.184850467946473e-16 9.184850467946473e-16
			vertex -14.711779594421387 9.184850467946473e-16 -2.9263548851013184
		endloop
	endfacet
	facet normal -0.30092175802350485 -0.67433155626444 -0.67433155626444
		outer loop
			vertex -3.1802220344543457 -9.056506156921387 -11.526745796203613
			vertex -3.1802220344543457 -11.526745796203613 -9.056506156921387
			vertex -6.5682783126831055 -9.535662651062012 -9.535662651062012
		endloop
	endfacet
	facet normal -0.35949499922870903 -0.7464737789036514 -0.559946642939176
		outer loop
			vertex -6.446493625640869 -11.911567687988281 -6.446493625640869
			vertex -6.5682783126831055 -9.535662651062012 -9.535662651062012
			vertex -3.1802220344543457 -11.526745796203613 -9.056506156921387
		endloop
	endfacet
	facet normal -0.3594949992287091 -0.559946642939176 -0.7464737789036514
		outer loop
			vertex -6.5682783126831055 -9.535662651062012 -9.535662651062012
			vertex -6.446493625640869 -6.446493625640869 -11.911567687988281
			vertex -3.1802220344543457 -9.056506156921387 -11.526745796203613
		endloop
	endfacet
	facet normal -0.13342452334732627 -0.8449655262024951 -0.5179103745812391
		outer loop
			vertex -3.1802220344543457 -11.526745796203613 -9.056506156921387
			vertex 9.184850467946473e-16 -12.472043991088867 -8.333553314208984
			vertex -3.1268889904022217 -13.326715469360352 -6.133613586425781
		endloop
	endfacet
	facet normal -0.08524519812324675 -0.7701967538899847 -0.6320840264508025
		outer loop
			vertex 9.184850467946473e-16 -10.60660171508789 -10.60660171508789
			vertex 9.184850467946473e-16 -12.472043991088867 -8.333553314208984
			vertex -3.1802220344543457 -11.526745796203613 -9.056506156921387
		endloop
	endfacet
	facet normal -0.13342452334732627 -0.5179103745812391 -0.8449655262024951
		outer loop
			vertex -3.1268889904022217 -6.133613586425781 -13.326715469360352
			vertex 9.184850467946473e-16 -8.333553314208984 -12.472043991088867
			vertex -3.1802220344543457 -9.056506156921387 -11.526745796203613
		endloop
	endfacet
	facet normal -0.08524519812324675 -0.6320840264508025 -0.7701967538899847
		outer loop
			vertex 9.184850467946473e-16 -8.333553314208984 -12.472043991088867
			vertex 9.184850467946473e-16 -10.60660171508789 -10.60660171508789
			vertex -3.1802220344543457 -9.056506156921387 -11.526745796203613
		endloop
	endfacet
	facet normal -0.13871255499310167 -0.7002709572327293 -0.7002709572327293
		outer loop
			vertex -3.1802220344543457 -9.056506156921387 -11.526745796203613
			vertex 9.184850467946473e-16 -10.60660171508789 -10.60660171508789
			vertex -3.1802220344543457 -11.526745796203613 -9.056506156921387
		endloop
	endfacet
	facet normal -0.49614974017227137 -0.8145795856960367 -0.3004921527998044
		outer loop
			vertex -6.133613586425781 -13.326715469360352 -3.1268889904022217
			vertex -9.056506156921387 -11.526745796203613 -3.1802220344543457
			vertex -6.446493625640869 -11.911567687988281 -6.446493625640869
		endloop
	endfacet
	facet normal -0.2974558928544287 -0.9072155111175897 -0.2974558928544287
		outer loop
			vertex -3.1268889904022217 -13.326715469360352 -6.133613586425781
			vertex -3.0350208282470703 -14.372797012329102 -3.0350208282470703
			vertex -6.133613586425781 -13.326715469360352 -3.1268889904022217
		endloop
	endfacet
	facet normal -0.3004921527998044 -0.8145795856960367 -0.49614974017227137
		outer loop
			vertex -3.1802220344543457 -11.526745796203613 -9.056506156921387
			vertex -3.1268889904022217 -13.326715469360352 -6.133613586425781
			vertex -6.446493625640869 -11.911567687988281 -6.446493625640869
		endloop
	endfacet
	facet normal -0.34122013468154433 -0.8758639388488475 -0.34122013468154433
		outer loop
			vertex -6.133613586425781 -13.326715469360352 -3.1268889904022217
			vertex -6.446493625640869 -11.911567687988281 -6.446493625640869
			vertex -3.1268889904022217 -13.326715469360352 -6.133613586425781
		endloop
	endfacet
	facet normal -0.46947411793607907 -0.8783238349375353 -0.09022911707848079
		outer loop
			vertex -5.740251541137695 -13.858193397521973 9.184850467946473e-16
			vertex -8.333553314208984 -12.472043991088867 9.184850467946473e-16
			vertex -6.133613586425781 -13.326715469360352 -3.1268889904022217
		endloop
	endfacet
	facet normal -0.31432254070281823 -0.9416363765506992 -0.12050840121167916
		outer loop
			vertex -5.740251541137695 -13.858193397521973 9.184850467946473e-16
			vertex -6.133613586425781 -13.326715469360352 -3.1268889904022217
			vertex -3.0350208282470703 -14.372797012329102 -3.0350208282470703
		endloop
	endfacet
	facet normal -0.2889427769132839 -0.9525167073876245 -0.09604162543959151
		outer loop
			vertex -3.0350208282470703 -14.372797012329102 -3.0350208282470703
			vertex -2.9263548851013184 -14.711779594421387 9.184850467946473e-16
			vertex -5.740251541137695 -13.858193397521973 9.184850467946473e-16
		endloop
	endfacet
	facet normal -0.1205084012116792 -0.9416363765506993 -0.3143225407028183
		outer loop
			vertex -3.1268889904022217 -13.326715469360352 -6.133613586425781
			vertex 9.184850467946473e-16 -13.858193397521973 -5.740251541137695
			vertex -3.0350208282470703 -14.372797012329102 -3.0350208282470703
		endloop
	endfacet
	facet normal -0.09022911707848079 -0.8783238349375353 -0.46947411793607907
		outer loop
			vertex 9.184850467946473e-16 -12.472043991088867 -8.333553314208984
			vertex 9.184850467946473e-16 -13.858193397521973 -5.740251541137695
			vertex -3.1268889904022217 -13.326715469360352 -6.133613586425781
		endloop
	endfacet
	facet normal -0.09604162543959151 -0.9525167073876245 -0.2889427769132839
		outer loop
			vertex 9.184850467946473e-16 -13.858193397521973 -5.740251541137695
			vertex 9.184850467946473e-16 -14.711779594421387 -2.9263548851013184
			vertex -3.0350208282470703 -14.372797012329102 -3.0350208282470703
		endloop
	endfacet
	facet normal -0.10659732172908334 -0.9885717080719905 -0.10659732172908334
		outer loop
			vertex -3.0350208282470703 -14.372797012329102 -3.0350208282470703
			vertex 9.184850467946473e-16 -14.711779594421387 -2.9263548851013184
			vertex -2.9263548851013184 -14.711779594421387 9.184850467946473e-16
		endloop
	endfacet
	facet normal -0.0975495323564798 -0.9904383764142343 -0.0975495323564798
		outer loop
			vertex 9.184850467946473e-16 -14.711779594421387 -2.9263548851013184
			vertex 9.184850467946473e-16 -15 9.184850467946473e-16
			vertex -2.9263548851013184 -14.711779594421387 9.184850467946473e-16
		endloop
	endfacet
	facet normal -0.49614974017227137 -0.3004921527998044 -0.8145795856960367
		outer loop
			vertex -6.446493625640869 -6.446493625640869 -11.911567687988281
			vertex -9.056506156921387 -3.1802220344543457 -11.526745796203613
			vertex -6.133613586425781 -3.1268889904022217 -13.326715469360352
		endloop
	endfacet
	facet normal -0.3004921527998044 -0.49614974017227137 -0.8145795856960367
		outer loop
			vertex -3.1268889904022217 -6.133613586425781 -13.326715469360352
			vertex -3.1802220344543457 -9.056506156921387 -11.526745796203613
			vertex -6.446493625640869 -6.446493625640869 -11.911567687988281
		endloop
	endfacet
	facet normal -0.2974558928544287 -0.2974558928544287 -0.9072155111175897
		outer loop
			vertex -3.0350208282470703 -3.0350208282470703 -14.372797012329102
			vertex -3.1268889904022217 -6.133613586425781 -13.326715469360352
			vertex -6.133613586425781 -3.1268889904022217 -13.326715469360352
		endloop
	endfacet
	facet normal -0.34122013468154433 -0.34122013468154433 -0.8758639388488475
		outer loop
			vertex -6.446493625640869 -6.446493625640869 -11.911567687988281
			vertex -6.133613586425781 -3.1268889904022217 -13.326715469360352
			vertex -3.1268889904022217 -6.133613586425781 -13.326715469360352
		endloop
	endfacet
	facet normal -0.46947411793607896 -0.09022911707848078 -0.8783238349375351
		outer loop
			vertex -6.133613586425781 -3.1268889904022217 -13.326715469360352
			vertex -8.333553314208984 9.184850467946473e-16 -12.472043991088867
			vertex -5.740251541137695 9.184850467946473e-16 -13.858193397521973
		endloop
	endfacet
	facet normal -0.3143225407028183 -0.1205084012116792 -0.9416363765506993
		outer loop
			vertex -6.133613586425781 -3.1268889904022217 -13.326715469360352
			vertex -5.740251541137695 9.184850467946473e-16 -13.858193397521973
			vertex -3.0350208282470703 -3.0350208282470703 -14.372797012329102
		endloop
	endfacet
	facet normal -0.2889427769132839 -0.09604162543959151 -0.9525167073876245
		outer loop
			vertex -2.9263548851013184 9.184850467946473e-16 -14.711779594421387
			vertex -3.0350208282470703 -3.0350208282470703 -14.372797012329102
			vertex -5.740251541137695 9.184850467946473e-16 -13.858193397521973
		endloop
	endfacet
	facet normal -0.1205084012116792 -0.3143225407028183 -0.9416363765506993
		outer loop
			vertex -3.0350208282470703 -3.0350208282470703 -14.372797012329102
			vertex 9.184850467946473e-16 -5.740251541137695 -13.858193397521973
			vertex -3.1268889904022217 -6.133613586425781 -13.326715469360352
		endloop
	endfacet
	facet normal -0.09022911707848078 -0.46947411793607896 -0.8783238349375351
		outer loop
			vertex 9.184850467946473e-16 -5.740251541137695 -13.858193397521973
			vertex 9.184850467946473e-16 -8.333553314208984 -12.472043991088867
			vertex -3.1268889904022217 -6.133613586425781 -13.326715469360352
		endloop
	endfacet
	facet normal -0.09604162543959151 -0.2889427769132839 -0.9525167073876245
		outer loop
			vertex 9.184850467946473e-16 -2.9263548851013184 -14.711779594421387
			vertex 9.184850467946473e-16 -5.740251541137695 -13.858193397521973
			vertex -3.0350208282470703 -3.0350208282470703 -14.372797012329102
		endloop
	endfacet
	facet normal -0.10659732172908336 -0.10659732172908336 -0.9885717080719905
		outer loop
			vertex -2.9263548851013184 9.184850467946473e-16 -14.711779594421387
			vertex 9.184850467946473e-16 -2.9263548851013184 -14.711779594421387
			vertex -3.0350208282470703 -3.0350208282470703 -14.372797012329102
		endloop
	endfacet
	facet normal -0.0975495323564798 -0.0975495323564798 -0.9904383764142343
		outer loop
			vertex -2.9263548851013184 9.184850467946473e-16 -14.711779594421387
			vertex 9.184850467946473e-16 9.184850467946473e-16 -15
			vertex 9.184850467946473e-16 -2.9263548851013184 -14.711779594421387
		endloop
	endfacet
	facet normal -0.7701967538899848 -0.6320840264508026 0.08524519812324681
		outer loop
			vertex -11.526745796203613 -9.056506156921387 3.1802220344543457
			vertex -12.472043991088867 -8.333553314208984 9.184850467946473e-16
			vertex -10.60660171508789 -10.60660171508789 9.184850467946473e-16
		endloop
	endfacet
	facet normal -0.8449655262024952 -0.5179103745812391 0.13342452334732635
		outer loop
			vertex -13.326715469360352 -6.133613586425781 3.1268889904022217
			vertex -12.472043991088867 -8.333553314208984 9.184850467946473e-16
			vertex -11.526745796203613 -9.056506156921387 3.1802220344543457
		endloop
	endfacet
	facet normal -0.6320840264508026 -0.7701967538899848 0.08524519812324681
		outer loop
			vertex -9.056506156921387 -11.526745796203613 3.1802220344543457
			vertex -10.60660171508789 -10.60660171508789 9.184850467946473e-16
			vertex -8.333553314208984 -12.472043991088867 9.184850467946473e-16
		endloop
	endfacet
	facet normal -0.5179103745812391 -0.8449655262024952 0.13342452334732635
		outer loop
			vertex -9.056506156921387 -11.526745796203613 3.1802220344543457
			vertex -8.333553314208984 -12.472043991088867 9.184850467946473e-16
			vertex -6.133613586425781 -13.326715469360352 3.1268889904022217
		endloop
	endfacet
	facet normal -0.7002709572327293 -0.7002709572327293 0.13871255499310176
		outer loop
			vertex -11.526745796203613 -9.056506156921387 3.1802220344543457
			vertex -10.60660171508789 -10.60660171508789 9.184850467946473e-16
			vertex -9.056506156921387 -11.526745796203613 3.1802220344543457
		endloop
	endfacet
	facet normal -0.6743315562644401 -0.6743315562644401 0.3009217580235049
		outer loop
			vertex -9.535662651062012 -9.535662651062012 6.5682783126831055
			vertex -11.526745796203613 -9.056506156921387 3.1802220344543457
			vertex -9.056506156921387 -11.526745796203613 3.1802220344543457
		endloop
	endfacet
	facet normal -0.7464737789036514 -0.559946642939176 0.3594949992287091
		outer loop
			vertex -11.911567687988281 -6.446493625640869 6.446493625640869
			vertex -11.526745796203613 -9.056506156921387 3.1802220344543457
			vertex -9.535662651062012 -9.535662651062012 6.5682783126831055
		endloop
	endfacet
	facet normal -0.559946642939176 -0.7464737789036514 0.3594949992287091
		outer loop
			vertex -9.535662651062012 -9.535662651062012 6.5682783126831055
			vertex -9.056506156921387 -11.526745796203613 3.1802220344543457
			vertex -6.446493625640869 -11.911567687988281 6.446493625640869
		endloop
	endfacet
	facet normal -0.6908860651350999 -0.5112125022933901 0.5112125022933901
		outer loop
			vertex -9.535662651062012 -6.5682783126831055 9.535662651062012
			vertex -11.911567687988281 -6.446493625640869 6.446493625640869
			vertex -9.535662651062012 -9.535662651062012 6.5682783126831055
		endloop
	endfacet
	facet normal -0.5112125022933901 -0.6908860651350999 0.5112125022933901
		outer loop
			vertex -6.5682783126831055 -9.535662651062012 9.535662651062012
			vertex -9.535662651062012 -9.535662651062012 6.5682783126831055
			vertex -6.446493625640869 -11.911567687988281 6.446493625640869
		endloop
	endfacet
	facet normal -0.5773502691896257 -0.5773502691896257 0.5773502691896257
		outer loop
			vertex -9.535662651062012 -6.5682783126831055 9.535662651062012
			vertex -9.535662651062012 -9.535662651062012 6.5682783126831055
			vertex -6.5682783126831055 -9.535662651062012 9.535662651062012
		endloop
	endfacet
	facet normal -0.5112125022933901 -0.5112125022933901 0.6908860651350999
		outer loop
			vertex -6.446493625640869 -6.446493625640869 11.911567687988281
			vertex -9.535662651062012 -6.5682783126831055 9.535662651062012
			vertex -6.5682783126831055 -9.535662651062012 9.535662651062012
		endloop
	endfacet
	facet normal -0.8783238349375352 -0.46947411793607907 0.09022911707848083
		outer loop
			vertex -13.326715469360352 -6.133613586425781 3.1268889904022217
			vertex -13.858193397521973 -5.740251541137695 9.184850467946473e-16
			vertex -12.472043991088867 -8.333553314208984 9.184850467946473e-16
		endloop
	endfacet
	facet normal -0.9525167073876246 -0.2889427769132839 0.09604162543959158
		outer loop
			vertex -14.372797012329102 -3.0350208282470703 3.0350208282470703
			vertex -14.711779594421387 -2.9263548851013184 9.184850467946473e-16
			vertex -13.858193397521973 -5.740251541137695 9.184850467946473e-16
		endloop
	endfacet
	facet normal -0.9416363765506992 -0.31432254070281823 0.12050840121167923
		outer loop
			vertex -14.372797012329102 -3.0350208282470703 3.0350208282470703
			vertex -13.858193397521973 -5.740251541137695 9.184850467946473e-16
			vertex -13.326715469360352 -6.133613586425781 3.1268889904022217
		endloop
	endfacet
	facet normal -0.9072155111175897 -0.2974558928544287 0.2974558928544287
		outer loop
			vertex -13.326715469360352 -3.1268889904022217 6.133613586425781
			vertex -14.372797012329102 -3.0350208282470703 3.0350208282470703
			vertex -13.326715469360352 -6.133613586425781 3.1268889904022217
		endloop
	endfacet
	facet normal -0.8145795856960367 -0.49614974017227137 0.3004921527998044
		outer loop
			vertex -11.911567687988281 -6.446493625640869 6.446493625640869
			vertex -13.326715469360352 -6.133613586425781 3.1268889904022217
			vertex -11.526745796203613 -9.056506156921387 3.1802220344543457
		endloop
	endfacet
	facet normal -0.8758639388488475 -0.34122013468154433 0.34122013468154433
		outer loop
			vertex -13.326715469360352 -3.1268889904022217 6.133613586425781
			vertex -13.326715469360352 -6.133613586425781 3.1268889904022217
			vertex -11.911567687988281 -6.446493625640869 6.446493625640869
		endloop
	endfacet
	facet normal -0.8145795856960367 -0.3004921527998044 0.49614974017227137
		outer loop
			vertex -11.526745796203613 -3.1802220344543457 9.056506156921387
			vertex -13.326715469360352 -3.1268889904022217 6.133613586425781
			vertex -11.911567687988281 -6.446493625640869 6.446493625640869
		endloop
	endfacet
	facet normal -0.9885717080719905 -0.10659732172908334 0.10659732172908341
		outer loop
			vertex -14.711779594421387 9.184850467946473e-16 2.9263548851013184
			vertex -14.711779594421387 -2.9263548851013184 9.184850467946473e-16
			vertex -14.372797012329102 -3.0350208282470703 3.0350208282470703
		endloop
	endfacet
	facet normal -0.9904383764142343 -0.0975495323564798 0.09754953235647985
		outer loop
			vertex -14.711779594421387 9.184850467946473e-16 2.9263548851013184
			vertex -15 9.184850467946473e-16 9.184850467946473e-16
			vertex -14.711779594421387 -2.9263548851013184 9.184850467946473e-16
		endloop
	endfacet
	facet normal -0.9416363765506992 -0.12050840121167916 0.31432254070281823
		outer loop
			vertex -13.858193397521973 9.184850467946473e-16 5.740251541137695
			vertex -14.372797012329102 -3.0350208282470703 3.0350208282470703
			vertex -13.326715469360352 -3.1268889904022217 6.133613586425781
		endloop
	endfacet
	facet normal -0.9525167073876245 -0.09604162543959151 0.2889427769132839
		outer loop
			vertex -13.858193397521973 9.184850467946473e-16 5.740251541137695
			vertex -14.711779594421387 9.184850467946473e-16 2.9263548851013184
			vertex -14.372797012329102 -3.0350208282470703 3.0350208282470703
		endloop
	endfacet
	facet normal -0.8783238349375353 -0.09022911707848079 0.46947411793607907
		outer loop
			vertex -12.472043991088867 9.184850467946473e-16 8.333553314208984
			vertex -13.858193397521973 9.184850467946473e-16 5.740251541137695
			vertex -13.326715469360352 -3.1268889904022217 6.133613586425781
		endloop
	endfacet
	facet normal -0.8449655262024951 -0.13342452334732627 0.5179103745812391
		outer loop
			vertex -12.472043991088867 9.184850467946473e-16 8.333553314208984
			vertex -13.326715469360352 -3.1268889904022217 6.133613586425781
			vertex -11.526745796203613 -3.1802220344543457 9.056506156921387
		endloop
	endfacet
	facet normal -0.7701967538899847 -0.08524519812324675 0.6320840264508025
		outer loop
			vertex -10.60660171508789 9.184850467946473e-16 10.60660171508789
			vertex -12.472043991088867 9.184850467946473e-16 8.333553314208984
			vertex -11.526745796203613 -3.1802220344543457 9.056506156921387
		endloop
	endfacet
	facet normal -0.7464737789036514 -0.35949499922870903 0.559946642939176
		outer loop
			vertex -11.526745796203613 -3.1802220344543457 9.056506156921387
			vertex -11.911567687988281 -6.446493625640869 6.446493625640869
			vertex -9.535662651062012 -6.5682783126831055 9.535662651062012
		endloop
	endfacet
	facet normal -0.67433155626444 -0.30092175802350485 0.67433155626444
		outer loop
			vertex -9.056506156921387 -3.1802220344543457 11.526745796203613
			vertex -11.526745796203613 -3.1802220344543457 9.056506156921387
			vertex -9.535662651062012 -6.5682783126831055 9.535662651062012
		endloop
	endfacet
	facet normal -0.559946642939176 -0.3594949992287091 0.7464737789036514
		outer loop
			vertex -9.056506156921387 -3.1802220344543457 11.526745796203613
			vertex -9.535662651062012 -6.5682783126831055 9.535662651062012
			vertex -6.446493625640869 -6.446493625640869 11.911567687988281
		endloop
	endfacet
	facet normal -0.7002709572327293 -0.1387125549931017 0.7002709572327293
		outer loop
			vertex -10.60660171508789 9.184850467946473e-16 10.60660171508789
			vertex -11.526745796203613 -3.1802220344543457 9.056506156921387
			vertex -9.056506156921387 -3.1802220344543457 11.526745796203613
		endloop
	endfacet
	facet normal -0.5179103745812391 -0.13342452334732627 0.8449655262024951
		outer loop
			vertex -8.333553314208984 9.184850467946473e-16 12.472043991088867
			vertex -9.056506156921387 -3.1802220344543457 11.526745796203613
			vertex -6.133613586425781 -3.1268889904022217 13.326715469360352
		endloop
	endfacet
	facet normal -0.6320840264508025 -0.08524519812324675 0.7701967538899847
		outer loop
			vertex -8.333553314208984 9.184850467946473e-16 12.472043991088867
			vertex -10.60660171508789 9.184850467946473e-16 10.60660171508789
			vertex -9.056506156921387 -3.1802220344543457 11.526745796203613
		endloop
	endfacet
	facet normal -0.46947411793607907 -0.8783238349375352 0.09022911707848083
		outer loop
			vertex -6.133613586425781 -13.326715469360352 3.1268889904022217
			vertex -8.333553314208984 -12.472043991088867 9.184850467946473e-16
			vertex -5.740251541137695 -13.858193397521973 9.184850467946473e-16
		endloop
	endfacet
	facet normal -0.2889427769132839 -0.9525167073876246 0.09604162543959158
		outer loop
			vertex -2.9263548851013184 -14.711779594421387 9.184850467946473e-16
			vertex -3.0350208282470703 -14.372797012329102 3.0350208282470703
			vertex -5.740251541137695 -13.858193397521973 9.184850467946473e-16
		endloop
	endfacet
	facet normal -0.31432254070281823 -0.9416363765506992 0.12050840121167923
		outer loop
			vertex -6.133613586425781 -13.326715469360352 3.1268889904022217
			vertex -5.740251541137695 -13.858193397521973 9.184850467946473e-16
			vertex -3.0350208282470703 -14.372797012329102 3.0350208282470703
		endloop
	endfacet
	facet normal -0.49614974017227137 -0.8145795856960367 0.3004921527998044
		outer loop
			vertex -6.446493625640869 -11.911567687988281 6.446493625640869
			vertex -9.056506156921387 -11.526745796203613 3.1802220344543457
			vertex -6.133613586425781 -13.326715469360352 3.1268889904022217
		endloop
	endfacet
	facet normal -0.2974558928544287 -0.9072155111175897 0.2974558928544287
		outer loop
			vertex -3.0350208282470703 -14.372797012329102 3.0350208282470703
			vertex -3.1268889904022217 -13.326715469360352 6.133613586425781
			vertex -6.133613586425781 -13.326715469360352 3.1268889904022217
		endloop
	endfacet
	facet normal -0.34122013468154433 -0.8758639388488475 0.34122013468154433
		outer loop
			vertex -6.446493625640869 -11.911567687988281 6.446493625640869
			vertex -6.133613586425781 -13.326715469360352 3.1268889904022217
			vertex -3.1268889904022217 -13.326715469360352 6.133613586425781
		endloop
	endfacet
	facet normal -0.3004921527998044 -0.8145795856960367 0.49614974017227137
		outer loop
			vertex -3.1268889904022217 -13.326715469360352 6.133613586425781
			vertex -3.1802220344543457 -11.526745796203613 9.056506156921387
			vertex -6.446493625640869 -11.911567687988281 6.446493625640869
		endloop
	endfacet
	facet normal -0.10659732172908334 -0.9885717080719905 0.10659732172908341
		outer loop
			vertex -2.9263548851013184 -14.711779594421387 9.184850467946473e-16
			vertex 9.184850467946473e-16 -14.711779594421387 2.9263548851013184
			vertex -3.0350208282470703 -14.372797012329102 3.0350208282470703
		endloop
	endfacet
	facet normal -0.0975495323564798 -0.9904383764142343 0.09754953235647985
		outer loop
			vertex -2.9263548851013184 -14.711779594421387 9.184850467946473e-16
			vertex 9.184850467946473e-16 -15 9.184850467946473e-16
			vertex 9.184850467946473e-16 -14.711779594421387 2.9263548851013184
		endloop
	endfacet
	facet normal -0.1205084012116792 -0.9416363765506993 0.3143225407028183
		outer loop
			vertex -3.0350208282470703 -14.372797012329102 3.0350208282470703
			vertex 9.184850467946473e-16 -13.858193397521973 5.740251541137695
			vertex -3.1268889904022217 -13.326715469360352 6.133613586425781
		endloop
	endfacet
	facet normal -0.09604162543959151 -0.9525167073876245 0.2889427769132839
		outer loop
			vertex 9.184850467946473e-16 -14.711779594421387 2.9263548851013184
			vertex 9.184850467946473e-16 -13.858193397521973 5.740251541137695
			vertex -3.0350208282470703 -14.372797012329102 3.0350208282470703
		endloop
	endfacet
	facet normal -0.09022911707848079 -0.8783238349375353 0.46947411793607907
		outer loop
			vertex 9.184850467946473e-16 -13.858193397521973 5.740251541137695
			vertex 9.184850467946473e-16 -12.472043991088867 8.333553314208984
			vertex -3.1268889904022217 -13.326715469360352 6.133613586425781
		endloop
	endfacet
	facet normal -0.35949499922870903 -0.7464737789036514 0.559946642939176
		outer loop
			vertex -6.5682783126831055 -9.535662651062012 9.535662651062012
			vertex -6.446493625640869 -11.911567687988281 6.446493625640869
			vertex -3.1802220344543457 -11.526745796203613 9.056506156921387
		endloop
	endfacet
	facet normal -0.30092175802350485 -0.67433155626444 0.67433155626444
		outer loop
			vertex -3.1802220344543457 -11.526745796203613 9.056506156921387
			vertex -3.1802220344543457 -9.056506156921387 11.526745796203613
			vertex -6.5682783126831055 -9.535662651062012 9.535662651062012
		endloop
	endfacet
	facet normal -0.3594949992287091 -0.559946642939176 0.7464737789036514
		outer loop
			vertex -6.446493625640869 -6.446493625640869 11.911567687988281
			vertex -6.5682783126831055 -9.535662651062012 9.535662651062012
			vertex -3.1802220344543457 -9.056506156921387 11.526745796203613
		endloop
	endfacet
	facet normal -0.13342452334732627 -0.8449655262024951 0.5179103745812391
		outer loop
			vertex -3.1268889904022217 -13.326715469360352 6.133613586425781
			vertex 9.184850467946473e-16 -12.472043991088867 8.333553314208984
			vertex -3.1802220344543457 -11.526745796203613 9.056506156921387
		endloop
	endfacet
	facet normal -0.08524519812324675 -0.7701967538899847 0.6320840264508025
		outer loop
			vertex 9.184850467946473e-16 -12.472043991088867 8.333553314208984
			vertex 9.184850467946473e-16 -10.60660171508789 10.60660171508789
			vertex -3.1802220344543457 -11.526745796203613 9.056506156921387
		endloop
	endfacet
	facet normal -0.13871255499310167 -0.7002709572327293 0.7002709572327293
		outer loop
			vertex -3.1802220344543457 -11.526745796203613 9.056506156921387
			vertex 9.184850467946473e-16 -10.60660171508789 10.60660171508789
			vertex -3.1802220344543457 -9.056506156921387 11.526745796203613
		endloop
	endfacet
	facet normal -0.13342452334732627 -0.5179103745812391 0.8449655262024951
		outer loop
			vertex -3.1802220344543457 -9.056506156921387 11.526745796203613
			vertex 9.184850467946473e-16 -8.333553314208984 12.472043991088867
			vertex -3.1268889904022217 -6.133613586425781 13.326715469360352
		endloop
	endfacet
	facet normal -0.08524519812324675 -0.6320840264508025 0.7701967538899847
		outer loop
			vertex 9.184850467946473e-16 -10.60660171508789 10.60660171508789
			vertex 9.184850467946473e-16 -8.333553314208984 12.472043991088867
			vertex -3.1802220344543457 -9.056506156921387 11.526745796203613
		endloop
	endfacet
	facet normal -0.49614974017227137 -0.3004921527998044 0.8145795856960367
		outer loop
			vertex -6.133613586425781 -3.1268889904022217 13.326715469360352
			vertex -9.056506156921387 -3.1802220344543457 11.526745796203613
			vertex -6.446493625640869 -6.446493625640869 11.911567687988281
		endloop
	endfacet
	facet normal -0.3004921527998044 -0.49614974017227137 0.8145795856960367
		outer loop
			vertex -3.1802220344543457 -9.056506156921387 11.526745796203613
			vertex -3.1268889904022217 -6.133613586425781 13.326715469360352
			vertex -6.446493625640869 -6.446493625640869 11.911567687988281
		endloop
	endfacet
	facet normal -0.34122013468154433 -0.34122013468154433 0.8758639388488475
		outer loop
			vertex -6.133613586425781 -3.1268889904022217 13.326715469360352
			vertex -6.446493625640869 -6.446493625640869 11.911567687988281
			vertex -3.1268889904022217 -6.133613586425781 13.326715469360352
		endloop
	endfacet
	facet normal -0.2974558928544287 -0.2974558928544287 0.9072155111175897
		outer loop
			vertex -3.1268889904022217 -6.133613586425781 13.326715469360352
			vertex -3.0350208282470703 -3.0350208282470703 14.372797012329102
			vertex -6.133613586425781 -3.1268889904022217 13.326715469360352
		endloop
	endfacet
	facet normal -0.46947411793607896 -0.09022911707848078 0.8783238349375351
		outer loop
			vertex -5.740251541137695 9.184850467946473e-16 13.858193397521973
			vertex -8.333553314208984 9.184850467946473e-16 12.472043991088867
			vertex -6.133613586425781 -3.1268889904022217 13.326715469360352
		endloop
	endfacet
	facet normal -0.31432254070281823 -0.12050840121167916 0.9416363765506992
		outer loop
			vertex -5.740251541137695 9.184850467946473e-16 13.858193397521973
			vertex -6.133613586425781 -3.1268889904022217 13.326715469360352
			vertex -3.0350208282470703 -3.0350208282470703 14.372797012329102
		endloop
	endfacet
	facet normal -0.2889427769132839 -0.09604162543959151 0.9525167073876245
		outer loop
			vertex -3.0350208282470703 -3.0350208282470703 14.372797012329102
			vertex -2.9263548851013184 9.184850467946473e-16 14.711779594421387
			vertex -5.740251541137695 9.184850467946473e-16 13.858193397521973
		endloop
	endfacet
	facet normal -0.1205084012116792 -0.3143225407028183 0.9416363765506993
		outer loop
			vertex -3.1268889904022217 -6.133613586425781 13.326715469360352
			vertex 9.184850467946473e-16 -5.740251541137695 13.858193397521973
			vertex -3.0350208282470703 -3.0350208282470703 14.372797012329102
		endloop
	endfacet
	facet normal -0.09022911707848078 -0.46947411793607896 0.8783238349375351
		outer loop
			vertex 9.184850467946473e-16 -8.333553314208984 12.472043991088867
			vertex 9.184850467946473e-16 -5.740251541137695 13.858193397521973
			vertex -3.1268889904022217 -6.133613586425781 13.326715469360352
		endloop
	endfacet
	facet normal -0.09604162543959151 -0.2889427769132839 0.9525167073876245
		outer loop
			vertex 9.184850467946473e-16 -5.740251541137695 13.858193397521973
			vertex 9.184850467946473e-16 -2.9263548851013184 14.711779594421387
			vertex -3.0350208282470703 -3.0350208282470703 14.372797012329102
		endloop
	endfacet
	facet normal -0.10659732172908336 -0.10659732172908336 0.9885717080719905
		outer loop
			vertex -3.0350208282470703 -3.0350208282470703 14.372797012329102
			vertex 9.184850467946473e-16 -2.9263548851013184 14.711779594421387
			vertex -2.9263548851013184 9.184850467946473e-16 14.711779594421387
		endloop
	endfacet
	facet normal -0.0975495323564798 -0.0975495323564798 0.9904383764142343
		outer loop
			vertex 9.184850467946473e-16 -2.9263548851013184 14.711779594421387
			vertex 9.184850467946473e-16 9.184850467946473e-16 15
			vertex -2.9263548851013184 9.184850467946473e-16 14.711779594421387
		endloop
	endfacet
	facet normal -0.7701967538899848 0.08524519812324681 -0.6320840264508026
		outer loop
			vertex -10.60660171508789 9.184850467946473e-16 -10.60660171508789
			vertex -12.472043991088867 9.184850467946473e-16 -8.333553314208984
			vertex -11.526745796203613 3.1802220344543457 -9.056506156921387
		endloop
	endfacet
	facet normal -0.8449655262024952 0.13342452334732632 -0.5179103745812391
		outer loop
			vertex -11.526745796203613 3.1802220344543457 -9.056506156921387
			vertex -12.472043991088867 9.184850467946473e-16 -8.333553314208984
			vertex -13.326715469360352 3.1268889904022217 -6.133613586425781
		endloop
	endfacet
	facet normal -0.6320840264508025 0.0852451981232468 -0.7701967538899845
		outer loop
			vertex -8.333553314208984 9.184850467946473e-16 -12.472043991088867
			vertex -10.60660171508789 9.184850467946473e-16 -10.60660171508789
			vertex -9.056506156921387 3.1802220344543457 -11.526745796203613
		endloop
	endfacet
	facet normal -0.517910374581239 0.1334245233473263 -0.844965526202495
		outer loop
			vertex -6.133613586425781 3.1268889904022217 -13.326715469360352
			vertex -8.333553314208984 9.184850467946473e-16 -12.472043991088867
			vertex -9.056506156921387 3.1802220344543457 -11.526745796203613
		endloop
	endfacet
	facet normal -0.7002709572327293 0.13871255499310176 -0.7002709572327293
		outer loop
			vertex -9.056506156921387 3.1802220344543457 -11.526745796203613
			vertex -10.60660171508789 9.184850467946473e-16 -10.60660171508789
			vertex -11.526745796203613 3.1802220344543457 -9.056506156921387
		endloop
	endfacet
	facet normal -0.67433155626444 0.30092175802350485 -0.67433155626444
		outer loop
			vertex -9.056506156921387 3.1802220344543457 -11.526745796203613
			vertex -11.526745796203613 3.1802220344543457 -9.056506156921387
			vertex -9.535662651062012 6.5682783126831055 -9.535662651062012
		endloop
	endfacet
	facet normal -0.7464737789036514 0.35949499922870903 -0.559946642939176
		outer loop
			vertex -11.911567687988281 6.446493625640869 -6.446493625640869
			vertex -9.535662651062012 6.5682783126831055 -9.535662651062012
			vertex -11.526745796203613 3.1802220344543457 -9.056506156921387
		endloop
	endfacet
	facet normal -0.559946642939176 0.3594949992287091 -0.7464737789036514
		outer loop
			vertex -9.535662651062012 6.5682783126831055 -9.535662651062012
			vertex -6.446493625640869 6.446493625640869 -11.911567687988281
			vertex -9.056506156921387 3.1802220344543457 -11.526745796203613
		endloop
	endfacet
	facet normal -0.8783238349375352 0.09022911707848083 -0.46947411793607907
		outer loop
			vertex -12.472043991088867 9.184850467946473e-16 -8.333553314208984
			vertex -13.858193397521973 9.184850467946473e-16 -5.740251541137695
			vertex -13.326715469360352 3.1268889904022217 -6.133613586425781
		endloop
	endfacet
	facet normal -0.9525167073876246 0.09604162543959158 -0.2889427769132839
		outer loop
			vertex -13.858193397521973 9.184850467946473e-16 -5.740251541137695
			vertex -14.711779594421387 9.184850467946473e-16 -2.9263548851013184
			vertex -14.372797012329102 3.0350208282470703 -3.0350208282470703
		endloop
	endfacet
	facet normal -0.9416363765506992 0.12050840121167923 -0.31432254070281823
		outer loop
			vertex -13.326715469360352 3.1268889904022217 -6.133613586425781
			vertex -13.858193397521973 9.184850467946473e-16 -5.740251541137695
			vertex -14.372797012329102 3.0350208282470703 -3.0350208282470703
		endloop
	endfacet
	facet normal -0.9904383764142343 0.09754953235647985 -0.0975495323564798
		outer loop
			vertex -14.711779594421387 9.184850467946473e-16 -2.9263548851013184
			vertex -15 9.184850467946473e-16 9.184850467946473e-16
			vertex -14.711779594421387 2.9263548851013184 9.184850467946473e-16
		endloop
	endfacet
	facet normal -0.9885717080719905 0.10659732172908341 -0.10659732172908334
		outer loop
			vertex -14.372797012329102 3.0350208282470703 -3.0350208282470703
			vertex -14.711779594421387 9.184850467946473e-16 -2.9263548851013184
			vertex -14.711779594421387 2.9263548851013184 9.184850467946473e-16
		endloop
	endfacet
	facet normal -0.9072155111175897 0.2974558928544287 -0.2974558928544287
		outer loop
			vertex -13.326715469360352 3.1268889904022217 -6.133613586425781
			vertex -14.372797012329102 3.0350208282470703 -3.0350208282470703
			vertex -13.326715469360352 6.133613586425781 -3.1268889904022217
		endloop
	endfacet
	facet normal -0.8145795856960367 0.3004921527998044 -0.49614974017227137
		outer loop
			vertex -11.526745796203613 3.1802220344543457 -9.056506156921387
			vertex -13.326715469360352 3.1268889904022217 -6.133613586425781
			vertex -11.911567687988281 6.446493625640869 -6.446493625640869
		endloop
	endfacet
	facet normal -0.8758639388488475 0.34122013468154433 -0.34122013468154433
		outer loop
			vertex -13.326715469360352 6.133613586425781 -3.1268889904022217
			vertex -11.911567687988281 6.446493625640869 -6.446493625640869
			vertex -13.326715469360352 3.1268889904022217 -6.133613586425781
		endloop
	endfacet
	facet normal -0.8145795856960367 0.49614974017227137 -0.3004921527998044
		outer loop
			vertex -13.326715469360352 6.133613586425781 -3.1268889904022217
			vertex -11.526745796203613 9.056506156921387 -3.1802220344543457
			vertex -11.911567687988281 6.446493625640869 -6.446493625640869
		endloop
	endfacet
	facet normal -0.9416363765506992 0.31432254070281823 -0.12050840121167916
		outer loop
			vertex -13.858193397521973 5.740251541137695 9.184850467946473e-16
			vertex -13.326715469360352 6.133613586425781 -3.1268889904022217
			vertex -14.372797012329102 3.0350208282470703 -3.0350208282470703
		endloop
	endfacet
	facet normal -0.9525167073876245 0.2889427769132839 -0.09604162543959151
		outer loop
			vertex -14.372797012329102 3.0350208282470703 -3.0350208282470703
			vertex -14.711779594421387 2.9263548851013184 9.184850467946473e-16
			vertex -13.858193397521973 5.740251541137695 9.184850467946473e-16
		endloop
	endfacet
	facet normal -0.8783238349375353 0.46947411793607907 -0.09022911707848079
		outer loop
			vertex -13.858193397521973 5.740251541137695 9.184850467946473e-16
			vertex -12.472043991088867 8.333553314208984 9.184850467946473e-16
			vertex -13.326715469360352 6.133613586425781 -3.1268889904022217
		endloop
	endfacet
	facet normal -0.6908860651350999 0.5112125022933901 -0.5112125022933901
		outer loop
			vertex -11.911567687988281 6.446493625640869 -6.446493625640869
			vertex -9.535662651062012 9.535662651062012 -6.5682783126831055
			vertex -9.535662651062012 6.5682783126831055 -9.535662651062012
		endloop
	endfacet
	facet normal -0.5112125022933901 0.5112125022933901 -0.6908860651350999
		outer loop
			vertex -9.535662651062012 6.5682783126831055 -9.535662651062012
			vertex -6.5682783126831055 9.535662651062012 -9.535662651062012
			vertex -6.446493625640869 6.446493625640869 -11.911567687988281
		endloop
	endfacet
	facet normal -0.5773502691896257 0.5773502691896257 -0.5773502691896257
		outer loop
			vertex -9.535662651062012 9.535662651062012 -6.5682783126831055
			vertex -6.5682783126831055 9.535662651062012 -9.535662651062012
			vertex -9.535662651062012 6.5682783126831055 -9.535662651062012
		endloop
	endfacet
	facet normal -0.5112125022933901 0.6908860651350999 -0.5112125022933901
		outer loop
			vertex -9.535662651062012 9.535662651062012 -6.5682783126831055
			vertex -6.446493625640869 11.911567687988281 -6.446493625640869
			vertex -6.5682783126831055 9.535662651062012 -9.535662651062012
		endloop
	endfacet
	facet normal -0.8449655262024951 0.5179103745812391 -0.13342452334732627
		outer loop
			vertex -12.472043991088867 8.333553314208984 9.184850467946473e-16
			vertex -11.526745796203613 9.056506156921387 -3.1802220344543457
			vertex -13.326715469360352 6.133613586425781 -3.1268889904022217
		endloop
	endfacet
	facet normal -0.7701967538899847 0.6320840264508025 -0.08524519812324675
		outer loop
			vertex -12.472043991088867 8.333553314208984 9.184850467946473e-16
			vertex -10.60660171508789 10.60660171508789 9.184850467946473e-16
			vertex -11.526745796203613 9.056506156921387 -3.1802220344543457
		endloop
	endfacet
	facet normal -0.7464737789036514 0.559946642939176 -0.3594949992287091
		outer loop
			vertex -11.526745796203613 9.056506156921387 -3.1802220344543457
			vertex -9.535662651062012 9.535662651062012 -6.5682783126831055
			vertex -11.911567687988281 6.446493625640869 -6.446493625640869
		endloop
	endfacet
	facet normal -0.6743315562644401 0.6743315562644401 -0.3009217580235049
		outer loop
			vertex -11.526745796203613 9.056506156921387 -3.1802220344543457
			vertex -9.056506156921387 11.526745796203613 -3.1802220344543457
			vertex -9.535662651062012 9.535662651062012 -6.5682783126831055
		endloop
	endfacet
	facet normal -0.559946642939176 0.7464737789036514 -0.3594949992287091
		outer loop
			vertex -9.056506156921387 11.526745796203613 -3.1802220344543457
			vertex -6.446493625640869 11.911567687988281 -6.446493625640869
			vertex -9.535662651062012 9.535662651062012 -6.5682783126831055
		endloop
	endfacet
	facet normal -0.7002709572327293 0.7002709572327293 -0.1387125549931017
		outer loop
			vertex -10.60660171508789 10.60660171508789 9.184850467946473e-16
			vertex -9.056506156921387 11.526745796203613 -3.1802220344543457
			vertex -11.526745796203613 9.056506156921387 -3.1802220344543457
		endloop
	endfacet
	facet normal -0.5179103745812391 0.8449655262024951 -0.13342452334732627
		outer loop
			vertex -8.333553314208984 12.472043991088867 9.184850467946473e-16
			vertex -6.133613586425781 13.326715469360352 -3.1268889904022217
			vertex -9.056506156921387 11.526745796203613 -3.1802220344543457
		endloop
	endfacet
	facet normal -0.6320840264508025 0.7701967538899847 -0.08524519812324675
		outer loop
			vertex -10.60660171508789 10.60660171508789 9.184850467946473e-16
			vertex -8.333553314208984 12.472043991088867 9.184850467946473e-16
			vertex -9.056506156921387 11.526745796203613 -3.1802220344543457
		endloop
	endfacet
	facet normal -0.46947411793607907 0.09022911707848083 -0.8783238349375352
		outer loop
			vertex -5.740251541137695 9.184850467946473e-16 -13.858193397521973
			vertex -8.333553314208984 9.184850467946473e-16 -12.472043991088867
			vertex -6.133613586425781 3.1268889904022217 -13.326715469360352
		endloop
	endfacet
	facet normal -0.2889427769132839 0.09604162543959158 -0.9525167073876246
		outer loop
			vertex -2.9263548851013184 9.184850467946473e-16 -14.711779594421387
			vertex -5.740251541137695 9.184850467946473e-16 -13.858193397521973
			vertex -3.0350208282470703 3.0350208282470703 -14.372797012329102
		endloop
	endfacet
	facet normal -0.31432254070281823 0.12050840121167923 -0.9416363765506992
		outer loop
			vertex -3.0350208282470703 3.0350208282470703 -14.372797012329102
			vertex -5.740251541137695 9.184850467946473e-16 -13.858193397521973
			vertex -6.133613586425781 3.1268889904022217 -13.326715469360352
		endloop
	endfacet
	facet normal -0.49614974017227137 0.3004921527998044 -0.8145795856960367
		outer loop
			vertex -6.133613586425781 3.1268889904022217 -13.326715469360352
			vertex -9.056506156921387 3.1802220344543457 -11.526745796203613
			vertex -6.446493625640869 6.446493625640869 -11.911567687988281
		endloop
	endfacet
	facet normal -0.2974558928544287 0.2974558928544287 -0.9072155111175897
		outer loop
			vertex -3.0350208282470703 3.0350208282470703 -14.372797012329102
			vertex -6.133613586425781 3.1268889904022217 -13.326715469360352
			vertex -3.1268889904022217 6.133613586425781 -13.326715469360352
		endloop
	endfacet
	facet normal -0.34122013468154433 0.34122013468154433 -0.8758639388488475
		outer loop
			vertex -6.446493625640869 6.446493625640869 -11.911567687988281
			vertex -3.1268889904022217 6.133613586425781 -13.326715469360352
			vertex -6.133613586425781 3.1268889904022217 -13.326715469360352
		endloop
	endfacet
	facet normal -0.3004921527998044 0.49614974017227137 -0.8145795856960367
		outer loop
			vertex -6.446493625640869 6.446493625640869 -11.911567687988281
			vertex -3.1802220344543457 9.056506156921387 -11.526745796203613
			vertex -3.1268889904022217 6.133613586425781 -13.326715469360352
		endloop
	endfacet
	facet normal -0.10659732172908334 0.10659732172908341 -0.9885717080719905
		outer loop
			vertex 9.184850467946473e-16 2.9263548851013184 -14.711779594421387
			vertex -2.9263548851013184 9.184850467946473e-16 -14.711779594421387
			vertex -3.0350208282470703 3.0350208282470703 -14.372797012329102
		endloop
	endfacet
	facet normal -0.0975495323564798 0.09754953235647985 -0.9904383764142343
		outer loop
			vertex 9.184850467946473e-16 2.9263548851013184 -14.711779594421387
			vertex 9.184850467946473e-16 9.184850467946473e-16 -15
			vertex -2.9263548851013184 9.184850467946473e-16 -14.711779594421387
		endloop
	endfacet
	facet normal -0.1205084012116792 0.3143225407028183 -0.9416363765506993
		outer loop
			vertex -3.1268889904022217 6.133613586425781 -13.326715469360352
			vertex 9.184850467946473e-16 5.740251541137695 -13.858193397521973
			vertex -3.0350208282470703 3.0350208282470703 -14.372797012329102
		endloop
	endfacet
	facet normal -0.09604162543959151 0.2889427769132839 -0.9525167073876245
		outer loop
			vertex 9.184850467946473e-16 2.9263548851013184 -14.711779594421387
			vertex -3.0350208282470703 3.0350208282470703 -14.372797012329102
			vertex 9.184850467946473e-16 5.740251541137695 -13.858193397521973
		endloop
	endfacet
	facet normal -0.09022911707848078 0.46947411793607896 -0.8783238349375351
		outer loop
			vertex -3.1268889904022217 6.133613586425781 -13.326715469360352
			vertex 9.184850467946473e-16 8.333553314208984 -12.472043991088867
			vertex 9.184850467946473e-16 5.740251541137695 -13.858193397521973
		endloop
	endfacet
	facet normal -0.3594949992287091 0.559946642939176 -0.7464737789036514
		outer loop
			vertex -6.5682783126831055 9.535662651062012 -9.535662651062012
			vertex -3.1802220344543457 9.056506156921387 -11.526745796203613
			vertex -6.446493625640869 6.446493625640869 -11.911567687988281
		endloop
	endfacet
	facet normal -0.30092175802350485 0.67433155626444 -0.67433155626444
		outer loop
			vertex -6.5682783126831055 9.535662651062012 -9.535662651062012
			vertex -3.1802220344543457 11.526745796203613 -9.056506156921387
			vertex -3.1802220344543457 9.056506156921387 -11.526745796203613
		endloop
	endfacet
	facet normal -0.35949499922870903 0.7464737789036514 -0.559946642939176
		outer loop
			vertex -6.446493625640869 11.911567687988281 -6.446493625640869
			vertex -3.1802220344543457 11.526745796203613 -9.056506156921387
			vertex -6.5682783126831055 9.535662651062012 -9.535662651062012
		endloop
	endfacet
	facet normal -0.13342452334732627 0.5179103745812391 -0.8449655262024951
		outer loop
			vertex -3.1802220344543457 9.056506156921387 -11.526745796203613
			vertex 9.184850467946473e-16 8.333553314208984 -12.472043991088867
			vertex -3.1268889904022217 6.133613586425781 -13.326715469360352
		endloop
	endfacet
	facet normal -0.08524519812324675 0.6320840264508025 -0.7701967538899847
		outer loop
			vertex -3.1802220344543457 9.056506156921387 -11.526745796203613
			vertex 9.184850467946473e-16 10.60660171508789 -10.60660171508789
			vertex 9.184850467946473e-16 8.333553314208984 -12.472043991088867
		endloop
	endfacet
	facet normal -0.13871255499310167 0.7002709572327293 -0.7002709572327293
		outer loop
			vertex -3.1802220344543457 11.526745796203613 -9.056506156921387
			vertex 9.184850467946473e-16 10.60660171508789 -10.60660171508789
			vertex -3.1802220344543457 9.056506156921387 -11.526745796203613
		endloop
	endfacet
	facet normal -0.13342452334732627 0.8449655262024951 -0.5179103745812391
		outer loop
			vertex -3.1268889904022217 13.326715469360352 -6.133613586425781
			vertex 9.184850467946473e-16 12.472043991088867 -8.333553314208984
			vertex -3.1802220344543457 11.526745796203613 -9.056506156921387
		endloop
	endfacet
	facet normal -0.08524519812324675 0.7701967538899847 -0.6320840264508025
		outer loop
			vertex -3.1802220344543457 11.526745796203613 -9.056506156921387
			vertex 9.184850467946473e-16 12.472043991088867 -8.333553314208984
			vertex 9.184850467946473e-16 10.60660171508789 -10.60660171508789
		endloop
	endfacet
	facet normal -0.49614974017227137 0.8145795856960367 -0.3004921527998044
		outer loop
			vertex -9.056506156921387 11.526745796203613 -3.1802220344543457
			vertex -6.133613586425781 13.326715469360352 -3.1268889904022217
			vertex -6.446493625640869 11.911567687988281 -6.446493625640869
		endloop
	endfacet
	facet normal -0.3004921527998044 0.8145795856960367 -0.49614974017227137
		outer loop
			vertex -6.446493625640869 11.911567687988281 -6.446493625640869
			vertex -3.1268889904022217 13.326715469360352 -6.133613586425781
			vertex -3.1802220344543457 11.526745796203613 -9.056506156921387
		endloop
	endfacet
	facet normal -0.34122013468154433 0.8758639388488475 -0.34122013468154433
		outer loop
			vertex -6.133613586425781 13.326715469360352 -3.1268889904022217
			vertex -3.1268889904022217 13.326715469360352 -6.133613586425781
			vertex -6.446493625640869 11.911567687988281 -6.446493625640869
		endloop
	endfacet
	facet normal -0.2974558928544287 0.9072155111175897 -0.2974558928544287
		outer loop
			vertex -6.133613586425781 13.326715469360352 -3.1268889904022217
			vertex -3.0350208282470703 14.372797012329102 -3.0350208282470703
			vertex -3.1268889904022217 13.326715469360352 -6.133613586425781
		endloop
	endfacet
	facet normal -0.46947411793607907 0.8783238349375353 -0.09022911707848079
		outer loop
			vertex -8.333553314208984 12.472043991088867 9.184850467946473e-16
			vertex -5.740251541137695 13.858193397521973 9.184850467946473e-16
			vertex -6.133613586425781 13.326715469360352 -3.1268889904022217
		endloop
	endfacet
	facet normal -0.31432254070281823 0.9416363765506992 -0.12050840121167916
		outer loop
			vertex -5.740251541137695 13.858193397521973 9.184850467946473e-16
			vertex -3.0350208282470703 14.372797012329102 -3.0350208282470703
			vertex -6.133613586425781 13.326715469360352 -3.1268889904022217
		endloop
	endfacet
	facet normal -0.2889427769132839 0.9525167073876245 -0.09604162543959151
		outer loop
			vertex -5.740251541137695 13.858193397521973 9.184850467946473e-16
			vertex -2.9263548851013184 14.711779594421387 9.184850467946473e-16
			vertex -3.0350208282470703 14.372797012329102 -3.0350208282470703
		endloop
	endfacet
	facet normal -0.1205084012116792 0.9416363765506993 -0.3143225407028183
		outer loop
			vertex -3.0350208282470703 14.372797012329102 -3.0350208282470703
			vertex 9.184850467946473e-16 13.858193397521973 -5.740251541137695
			vertex -3.1268889904022217 13.326715469360352 -6.133613586425781
		endloop
	endfacet
	facet normal -0.09022911707848079 0.8783238349375353 -0.46947411793607907
		outer loop
			vertex -3.1268889904022217 13.326715469360352 -6.133613586425781
			vertex 9.184850467946473e-16 13.858193397521973 -5.740251541137695
			vertex 9.184850467946473e-16 12.472043991088867 -8.333553314208984
		endloop
	endfacet
	facet normal -0.09604162543959151 0.9525167073876245 -0.2889427769132839
		outer loop
			vertex -3.0350208282470703 14.372797012329102 -3.0350208282470703
			vertex 9.184850467946473e-16 14.711779594421387 -2.9263548851013184
			vertex 9.184850467946473e-16 13.858193397521973 -5.740251541137695
		endloop
	endfacet
	facet normal -0.10659732172908334 0.9885717080719905 -0.10659732172908334
		outer loop
			vertex -2.9263548851013184 14.711779594421387 9.184850467946473e-16
			vertex 9.184850467946473e-16 14.711779594421387 -2.9263548851013184
			vertex -3.0350208282470703 14.372797012329102 -3.0350208282470703
		endloop
	endfacet
	facet normal -0.0975495323564798 0.9904383764142343 -0.0975495323564798
		outer loop
			vertex -2.9263548851013184 14.711779594421387 9.184850467946473e-16
			vertex 9.184850467946473e-16 15 9.184850467946473e-16
			vertex 9.184850467946473e-16 14.711779594421387 -2.9263548851013184
		endloop
	endfacet
	facet normal -0.9904383764142342 0.09754953235647985 0.09754953235647985
		outer loop
			vertex -14.711779594421387 2.9263548851013184 9.184850467946473e-16
			vertex -15 9.184850467946473e-16 9.184850467946473e-16
			vertex -14.711779594421387 9.184850467946473e-16 2.9263548851013184
		endloop
	endfacet
	facet normal -0.9885717080719905 0.1065973217290834 0.1065973217290834
		outer loop
			vertex -14.711779594421387 2.9263548851013184 9.184850467946473e-16
			vertex -14.711779594421387 9.184850467946473e-16 2.9263548851013184
			vertex -14.372797012329102 3.0350208282470703 3.0350208282470703
		endloop
	endfacet
	facet normal -0.9525167073876246 0.09604162543959158 0.2889427769132839
		outer loop
			vertex -14.711779594421387 9.184850467946473e-16 2.9263548851013184
			vertex -13.858193397521973 9.184850467946473e-16 5.740251541137695
			vertex -14.372797012329102 3.0350208282470703 3.0350208282470703
		endloop
	endfacet
	facet normal -0.8783238349375352 0.09022911707848083 0.46947411793607907
		outer loop
			vertex -13.858193397521973 9.184850467946473e-16 5.740251541137695
			vertex -12.472043991088867 9.184850467946473e-16 8.333553314208984
			vertex -13.326715469360352 3.1268889904022217 6.133613586425781
		endloop
	endfacet
	facet normal -0.9416363765506992 0.12050840121167923 0.31432254070281823
		outer loop
			vertex -14.372797012329102 3.0350208282470703 3.0350208282470703
			vertex -13.858193397521973 9.184850467946473e-16 5.740251541137695
			vertex -13.326715469360352 3.1268889904022217 6.133613586425781
		endloop
	endfacet
	facet normal -0.9525167073876246 0.2889427769132839 0.09604162543959158
		outer loop
			vertex -14.711779594421387 2.9263548851013184 9.184850467946473e-16
			vertex -14.372797012329102 3.0350208282470703 3.0350208282470703
			vertex -13.858193397521973 5.740251541137695 9.184850467946473e-16
		endloop
	endfacet
	facet normal -0.9416363765506992 0.31432254070281823 0.12050840121167923
		outer loop
			vertex -13.326715469360352 6.133613586425781 3.1268889904022217
			vertex -13.858193397521973 5.740251541137695 9.184850467946473e-16
			vertex -14.372797012329102 3.0350208282470703 3.0350208282470703
		endloop
	endfacet
	facet normal -0.8783238349375352 0.46947411793607907 0.09022911707848083
		outer loop
			vertex -13.326715469360352 6.133613586425781 3.1268889904022217
			vertex -12.472043991088867 8.333553314208984 9.184850467946473e-16
			vertex -13.858193397521973 5.740251541137695 9.184850467946473e-16
		endloop
	endfacet
	facet normal -0.9072155111175897 0.2974558928544287 0.2974558928544287
		outer loop
			vertex -14.372797012329102 3.0350208282470703 3.0350208282470703
			vertex -13.326715469360352 3.1268889904022217 6.133613586425781
			vertex -13.326715469360352 6.133613586425781 3.1268889904022217
		endloop
	endfacet
	facet normal -0.8758639388488475 0.34122013468154433 0.34122013468154433
		outer loop
			vertex -11.911567687988281 6.446493625640869 6.446493625640869
			vertex -13.326715469360352 6.133613586425781 3.1268889904022217
			vertex -13.326715469360352 3.1268889904022217 6.133613586425781
		endloop
	endfacet
	facet normal -0.8145795856960367 0.3004921527998044 0.49614974017227137
		outer loop
			vertex -13.326715469360352 3.1268889904022217 6.133613586425781
			vertex -11.526745796203613 3.1802220344543457 9.056506156921387
			vertex -11.911567687988281 6.446493625640869 6.446493625640869
		endloop
	endfacet
	facet normal -0.8145795856960367 0.49614974017227137 0.3004921527998044
		outer loop
			vertex -11.911567687988281 6.446493625640869 6.446493625640869
			vertex -11.526745796203613 9.056506156921387 3.1802220344543457
			vertex -13.326715469360352 6.133613586425781 3.1268889904022217
		endloop
	endfacet
	facet normal -0.7701967538899848 0.08524519812324681 0.6320840264508026
		outer loop
			vertex -12.472043991088867 9.184850467946473e-16 8.333553314208984
			vertex -10.60660171508789 9.184850467946473e-16 10.60660171508789
			vertex -11.526745796203613 3.1802220344543457 9.056506156921387
		endloop
	endfacet
	facet normal -0.8449655262024952 0.13342452334732632 0.5179103745812391
		outer loop
			vertex -13.326715469360352 3.1268889904022217 6.133613586425781
			vertex -12.472043991088867 9.184850467946473e-16 8.333553314208984
			vertex -11.526745796203613 3.1802220344543457 9.056506156921387
		endloop
	endfacet
	facet normal -0.7002709572327293 0.13871255499310176 0.7002709572327293
		outer loop
			vertex -11.526745796203613 3.1802220344543457 9.056506156921387
			vertex -10.60660171508789 9.184850467946473e-16 10.60660171508789
			vertex -9.056506156921387 3.1802220344543457 11.526745796203613
		endloop
	endfacet
	facet normal -0.6320840264508025 0.0852451981232468 0.7701967538899845
		outer loop
			vertex -10.60660171508789 9.184850467946473e-16 10.60660171508789
			vertex -8.333553314208984 9.184850467946473e-16 12.472043991088867
			vertex -9.056506156921387 3.1802220344543457 11.526745796203613
		endloop
	endfacet
	facet normal -0.517910374581239 0.1334245233473263 0.844965526202495
		outer loop
			vertex -9.056506156921387 3.1802220344543457 11.526745796203613
			vertex -8.333553314208984 9.184850467946473e-16 12.472043991088867
			vertex -6.133613586425781 3.1268889904022217 13.326715469360352
		endloop
	endfacet
	facet normal -0.7464737789036514 0.35949499922870903 0.559946642939176
		outer loop
			vertex -9.535662651062012 6.5682783126831055 9.535662651062012
			vertex -11.911567687988281 6.446493625640869 6.446493625640869
			vertex -11.526745796203613 3.1802220344543457 9.056506156921387
		endloop
	endfacet
	facet normal -0.67433155626444 0.30092175802350485 0.67433155626444
		outer loop
			vertex -11.526745796203613 3.1802220344543457 9.056506156921387
			vertex -9.056506156921387 3.1802220344543457 11.526745796203613
			vertex -9.535662651062012 6.5682783126831055 9.535662651062012
		endloop
	endfacet
	facet normal -0.559946642939176 0.3594949992287091 0.7464737789036514
		outer loop
			vertex -6.446493625640869 6.446493625640869 11.911567687988281
			vertex -9.535662651062012 6.5682783126831055 9.535662651062012
			vertex -9.056506156921387 3.1802220344543457 11.526745796203613
		endloop
	endfacet
	facet normal -0.7701967538899848 0.6320840264508026 0.08524519812324681
		outer loop
			vertex -11.526745796203613 9.056506156921387 3.1802220344543457
			vertex -10.60660171508789 10.60660171508789 9.184850467946473e-16
			vertex -12.472043991088867 8.333553314208984 9.184850467946473e-16
		endloop
	endfacet
	facet normal -0.8449655262024952 0.5179103745812391 0.13342452334732635
		outer loop
			vertex -11.526745796203613 9.056506156921387 3.1802220344543457
			vertex -12.472043991088867 8.333553314208984 9.184850467946473e-16
			vertex -13.326715469360352 6.133613586425781 3.1268889904022217
		endloop
	endfacet
	facet normal -0.7002709572327293 0.7002709572327293 0.13871255499310176
		outer loop
			vertex -9.056506156921387 11.526745796203613 3.1802220344543457
			vertex -10.60660171508789 10.60660171508789 9.184850467946473e-16
			vertex -11.526745796203613 9.056506156921387 3.1802220344543457
		endloop
	endfacet
	facet normal -0.7464737789036514 0.559946642939176 0.3594949992287091
		outer loop
			vertex -9.535662651062012 9.535662651062012 6.5682783126831055
			vertex -11.526745796203613 9.056506156921387 3.1802220344543457
			vertex -11.911567687988281 6.446493625640869 6.446493625640869
		endloop
	endfacet
	facet normal -0.6743315562644401 0.6743315562644401 0.3009217580235049
		outer loop
			vertex -9.535662651062012 9.535662651062012 6.5682783126831055
			vertex -9.056506156921387 11.526745796203613 3.1802220344543457
			vertex -11.526745796203613 9.056506156921387 3.1802220344543457
		endloop
	endfacet
	facet normal -0.559946642939176 0.7464737789036514 0.3594949992287091
		outer loop
			vertex -6.446493625640869 11.911567687988281 6.446493625640869
			vertex -9.056506156921387 11.526745796203613 3.1802220344543457
			vertex -9.535662651062012 9.535662651062012 6.5682783126831055
		endloop
	endfacet
	facet normal -0.6320840264508026 0.7701967538899848 0.08524519812324681
		outer loop
			vertex -9.056506156921387 11.526745796203613 3.1802220344543457
			vertex -8.333553314208984 12.472043991088867 9.184850467946473e-16
			vertex -10.60660171508789 10.60660171508789 9.184850467946473e-16
		endloop
	endfacet
	facet normal -0.5179103745812391 0.8449655262024952 0.13342452334732635
		outer loop
			vertex -6.133613586425781 13.326715469360352 3.1268889904022217
			vertex -8.333553314208984 12.472043991088867 9.184850467946473e-16
			vertex -9.056506156921387 11.526745796203613 3.1802220344543457
		endloop
	endfacet
	facet normal -0.6908860651350999 0.5112125022933901 0.5112125022933901
		outer loop
			vertex -9.535662651062012 6.5682783126831055 9.535662651062012
			vertex -9.535662651062012 9.535662651062012 6.5682783126831055
			vertex -11.911567687988281 6.446493625640869 6.446493625640869
		endloop
	endfacet
	facet normal -0.5773502691896257 0.5773502691896257 0.5773502691896257
		outer loop
			vertex -6.5682783126831055 9.535662651062012 9.535662651062012
			vertex -9.535662651062012 9.535662651062012 6.5682783126831055
			vertex -9.535662651062012 6.5682783126831055 9.535662651062012
		endloop
	endfacet
	facet normal -0.5112125022933901 0.5112125022933901 0.6908860651350999
		outer loop
			vertex -6.446493625640869 6.446493625640869 11.911567687988281
			vertex -6.5682783126831055 9.535662651062012 9.535662651062012
			vertex -9.535662651062012 6.5682783126831055 9.535662651062012
		endloop
	endfacet
	facet normal -0.5112125022933901 0.6908860651350999 0.5112125022933901
		outer loop
			vertex -6.5682783126831055 9.535662651062012 9.535662651062012
			vertex -6.446493625640869 11.911567687988281 6.446493625640869
			vertex -9.535662651062012 9.535662651062012 6.5682783126831055
		endloop
	endfacet
	facet normal -0.46947411793607907 0.09022911707848083 0.8783238349375352
		outer loop
			vertex -8.333553314208984 9.184850467946473e-16 12.472043991088867
			vertex -5.740251541137695 9.184850467946473e-16 13.858193397521973
			vertex -6.133613586425781 3.1268889904022217 13.326715469360352
		endloop
	endfacet
	facet normal -0.2889427769132839 0.09604162543959158 0.9525167073876246
		outer loop
			vertex -5.740251541137695 9.184850467946473e-16 13.858193397521973
			vertex -2.9263548851013184 9.184850467946473e-16 14.711779594421387
			vertex -3.0350208282470703 3.0350208282470703 14.372797012329102
		endloop
	endfacet
	facet normal -0.31432254070281823 0.12050840121167923 0.9416363765506992
		outer loop
			vertex -6.133613586425781 3.1268889904022217 13.326715469360352
			vertex -5.740251541137695 9.184850467946473e-16 13.858193397521973
			vertex -3.0350208282470703 3.0350208282470703 14.372797012329102
		endloop
	endfacet
	facet normal -0.49614974017227137 0.3004921527998044 0.8145795856960367
		outer loop
			vertex -9.056506156921387 3.1802220344543457 11.526745796203613
			vertex -6.133613586425781 3.1268889904022217 13.326715469360352
			vertex -6.446493625640869 6.446493625640869 11.911567687988281
		endloop
	endfacet
	facet normal -0.34122013468154433 0.34122013468154433 0.8758639388488475
		outer loop
			vertex -3.1268889904022217 6.133613586425781 13.326715469360352
			vertex -6.446493625640869 6.446493625640869 11.911567687988281
			vertex -6.133613586425781 3.1268889904022217 13.326715469360352
		endloop
	endfacet
	facet normal -0.2974558928544287 0.2974558928544287 0.9072155111175897
		outer loop
			vertex -6.133613586425781 3.1268889904022217 13.326715469360352
			vertex -3.0350208282470703 3.0350208282470703 14.372797012329102
			vertex -3.1268889904022217 6.133613586425781 13.326715469360352
		endloop
	endfacet
	facet normal -0.3004921527998044 0.49614974017227137 0.8145795856960367
		outer loop
			vertex -3.1268889904022217 6.133613586425781 13.326715469360352
			vertex -3.1802220344543457 9.056506156921387 11.526745796203613
			vertex -6.446493625640869 6.446493625640869 11.911567687988281
		endloop
	endfacet
	facet normal -0.10659732172908334 0.10659732172908341 0.9885717080719905
		outer loop
			vertex -3.0350208282470703 3.0350208282470703 14.372797012329102
			vertex -2.9263548851013184 9.184850467946473e-16 14.711779594421387
			vertex 9.184850467946473e-16 2.9263548851013184 14.711779594421387
		endloop
	endfacet
	facet normal -0.0975495323564798 0.09754953235647985 0.9904383764142343
		outer loop
			vertex -2.9263548851013184 9.184850467946473e-16 14.711779594421387
			vertex 9.184850467946473e-16 9.184850467946473e-16 15
			vertex 9.184850467946473e-16 2.9263548851013184 14.711779594421387
		endloop
	endfacet
	facet normal -0.12050840121167916 0.31432254070281823 0.9416363765506992
		outer loop
			vertex 9.184850467946473e-16 5.740251541137695 13.858193397521973
			vertex -3.1268889904022217 6.133613586425781 13.326715469360352
			vertex -3.0350208282470703 3.0350208282470703 14.372797012329102
		endloop
	endfacet
	facet normal -0.09604162543959151 0.2889427769132839 0.9525167073876245
		outer loop
			vertex -3.0350208282470703 3.0350208282470703 14.372797012329102
			vertex 9.184850467946473e-16 2.9263548851013184 14.711779594421387
			vertex 9.184850467946473e-16 5.740251541137695 13.858193397521973
		endloop
	endfacet
	facet normal -0.09022911707848078 0.46947411793607896 0.8783238349375351
		outer loop
			vertex 9.184850467946473e-16 5.740251541137695 13.858193397521973
			vertex 9.184850467946473e-16 8.333553314208984 12.472043991088867
			vertex -3.1268889904022217 6.133613586425781 13.326715469360352
		endloop
	endfacet
	facet normal -0.46947411793607907 0.8783238349375352 0.09022911707848083
		outer loop
			vertex -6.133613586425781 13.326715469360352 3.1268889904022217
			vertex -5.740251541137695 13.858193397521973 9.184850467946473e-16
			vertex -8.333553314208984 12.472043991088867 9.184850467946473e-16
		endloop
	endfacet
	facet normal -0.2889427769132839 0.9525167073876246 0.09604162543959158
		outer loop
			vertex -3.0350208282470703 14.372797012329102 3.0350208282470703
			vertex -2.9263548851013184 14.711779594421387 9.184850467946473e-16
			vertex -5.740251541137695 13.858193397521973 9.184850467946473e-16
		endloop
	endfacet
	facet normal -0.31432254070281823 0.9416363765506992 0.12050840121167923
		outer loop
			vertex -3.0350208282470703 14.372797012329102 3.0350208282470703
			vertex -5.740251541137695 13.858193397521973 9.184850467946473e-16
			vertex -6.133613586425781 13.326715469360352 3.1268889904022217
		endloop
	endfacet
	facet normal -0.49614974017227137 0.8145795856960367 0.3004921527998044
		outer loop
			vertex -6.446493625640869 11.911567687988281 6.446493625640869
			vertex -6.133613586425781 13.326715469360352 3.1268889904022217
			vertex -9.056506156921387 11.526745796203613 3.1802220344543457
		endloop
	endfacet
	facet normal -0.34122013468154433 0.8758639388488475 0.34122013468154433
		outer loop
			vertex -3.1268889904022217 13.326715469360352 6.133613586425781
			vertex -6.133613586425781 13.326715469360352 3.1268889904022217
			vertex -6.446493625640869 11.911567687988281 6.446493625640869
		endloop
	endfacet
	facet normal -0.3004921527998044 0.8145795856960367 0.49614974017227137
		outer loop
			vertex -3.1802220344543457 11.526745796203613 9.056506156921387
			vertex -3.1268889904022217 13.326715469360352 6.133613586425781
			vertex -6.446493625640869 11.911567687988281 6.446493625640869
		endloop
	endfacet
	facet normal -0.2974558928544287 0.9072155111175897 0.2974558928544287
		outer loop
			vertex -3.1268889904022217 13.326715469360352 6.133613586425781
			vertex -3.0350208282470703 14.372797012329102 3.0350208282470703
			vertex -6.133613586425781 13.326715469360352 3.1268889904022217
		endloop
	endfacet
	facet normal -0.10659732172908334 0.9885717080719905 0.10659732172908341
		outer loop
			vertex 9.184850467946473e-16 14.711779594421387 2.9263548851013184
			vertex -2.9263548851013184 14.711779594421387 9.184850467946473e-16
			vertex -3.0350208282470703 14.372797012329102 3.0350208282470703
		endloop
	endfacet
	facet normal -0.0975495323564798 0.9904383764142343 0.09754953235647985
		outer loop
			vertex 9.184850467946473e-16 14.711779594421387 2.9263548851013184
			vertex 9.184850467946473e-16 15 9.184850467946473e-16
			vertex -2.9263548851013184 14.711779594421387 9.184850467946473e-16
		endloop
	endfacet
	facet normal -0.12050840121167916 0.9416363765506992 0.31432254070281823
		outer loop
			vertex 9.184850467946473e-16 13.858193397521973 5.740251541137695
			vertex -3.0350208282470703 14.372797012329102 3.0350208282470703
			vertex -3.1268889904022217 13.326715469360352 6.133613586425781
		endloop
	endfacet
	facet normal -0.09604162543959151 0.9525167073876245 0.2889427769132839
		outer loop
			vertex 9.184850467946473e-16 13.858193397521973 5.740251541137695
			vertex 9.184850467946473e-16 14.711779594421387 2.9263548851013184
			vertex -3.0350208282470703 14.372797012329102 3.0350208282470703
		endloop
	endfacet
	facet normal -0.09022911707848079 0.8783238349375353 0.46947411793607907
		outer loop
			vertex 9.184850467946473e-16 12.472043991088867 8.333553314208984
			vertex 9.184850467946473e-16 13.858193397521973 5.740251541137695
			vertex -3.1268889904022217 13.326715469360352 6.133613586425781
		endloop
	endfacet
	facet normal -0.3594949992287091 0.559946642939176 0.7464737789036514
		outer loop
			vertex -3.1802220344543457 9.056506156921387 11.526745796203613
			vertex -6.5682783126831055 9.535662651062012 9.535662651062012
			vertex -6.446493625640869 6.446493625640869 11.911567687988281
		endloop
	endfacet
	facet normal -0.35949499922870903 0.7464737789036514 0.559946642939176
		outer loop
			vertex -3.1802220344543457 11.526745796203613 9.056506156921387
			vertex -6.446493625640869 11.911567687988281 6.446493625640869
			vertex -6.5682783126831055 9.535662651062012 9.535662651062012
		endloop
	endfacet
	facet normal -0.30092175802350485 0.67433155626444 0.67433155626444
		outer loop
			vertex -3.1802220344543457 9.056506156921387 11.526745796203613
			vertex -3.1802220344543457 11.526745796203613 9.056506156921387
			vertex -6.5682783126831055 9.535662651062012 9.535662651062012
		endloop
	endfacet
	facet normal -0.1387125549931017 0.7002709572327293 0.7002709572327293
		outer loop
			vertex 9.184850467946473e-16 10.60660171508789 10.60660171508789
			vertex -3.1802220344543457 11.526745796203613 9.056506156921387
			vertex -3.1802220344543457 9.056506156921387 11.526745796203613
		endloop
	endfacet
	facet normal -0.13342452334732627 0.5179103745812391 0.8449655262024951
		outer loop
			vertex 9.184850467946473e-16 8.333553314208984 12.472043991088867
			vertex -3.1802220344543457 9.056506156921387 11.526745796203613
			vertex -3.1268889904022217 6.133613586425781 13.326715469360352
		endloop
	endfacet
	facet normal -0.08524519812324675 0.6320840264508025 0.7701967538899847
		outer loop
			vertex 9.184850467946473e-16 8.333553314208984 12.472043991088867
			vertex 9.184850467946473e-16 10.60660171508789 10.60660171508789
			vertex -3.1802220344543457 9.056506156921387 11.526745796203613
		endloop
	endfacet
	facet normal -0.13342452334732627 0.8449655262024951 0.5179103745812391
		outer loop
			vertex 9.184850467946473e-16 12.472043991088867 8.333553314208984
			vertex -3.1268889904022217 13.326715469360352 6.133613586425781
			vertex -3.1802220344543457 11.526745796203613 9.056506156921387
		endloop
	endfacet
	facet normal -0.08524519812324675 0.7701967538899847 0.6320840264508025
		outer loop
			vertex 9.184850467946473e-16 10.60660171508789 10.60660171508789
			vertex 9.184850467946473e-16 12.472043991088867 8.333553314208984
			vertex -3.1802220344543457 11.526745796203613 9.056506156921387
		endloop
	endfacet
	facet normal 0.08524519812324681 -0.7701967538899848 -0.6320840264508026
		outer loop
			vertex 3.1802220344543457 -11.526745796203613 -9.056506156921387
			vertex 9.184850467946473e-16 -12.472043991088867 -8.333553314208984
			vertex 9.184850467946473e-16 -10.60660171508789 -10.60660171508789
		endloop
	endfacet
	facet normal 0.13342452334732632 -0.8449655262024952 -0.5179103745812391
		outer loop
			vertex 3.1268889904022217 -13.326715469360352 -6.133613586425781
			vertex 9.184850467946473e-16 -12.472043991088867 -8.333553314208984
			vertex 3.1802220344543457 -11.526745796203613 -9.056506156921387
		endloop
	endfacet
	facet normal 0.0852451981232468 -0.6320840264508025 -0.7701967538899845
		outer loop
			vertex 3.1802220344543457 -9.056506156921387 -11.526745796203613
			vertex 9.184850467946473e-16 -10.60660171508789 -10.60660171508789
			vertex 9.184850467946473e-16 -8.333553314208984 -12.472043991088867
		endloop
	endfacet
	facet normal 0.1334245233473263 -0.517910374581239 -0.844965526202495
		outer loop
			vertex 3.1802220344543457 -9.056506156921387 -11.526745796203613
			vertex 9.184850467946473e-16 -8.333553314208984 -12.472043991088867
			vertex 3.1268889904022217 -6.133613586425781 -13.326715469360352
		endloop
	endfacet
	facet normal 0.13871255499310176 -0.7002709572327293 -0.7002709572327293
		outer loop
			vertex 3.1802220344543457 -11.526745796203613 -9.056506156921387
			vertex 9.184850467946473e-16 -10.60660171508789 -10.60660171508789
			vertex 3.1802220344543457 -9.056506156921387 -11.526745796203613
		endloop
	endfacet
	facet normal 0.30092175802350485 -0.67433155626444 -0.67433155626444
		outer loop
			vertex 6.5682783126831055 -9.535662651062012 -9.535662651062012
			vertex 3.1802220344543457 -11.526745796203613 -9.056506156921387
			vertex 3.1802220344543457 -9.056506156921387 -11.526745796203613
		endloop
	endfacet
	facet normal 0.35949499922870903 -0.7464737789036514 -0.559946642939176
		outer loop
			vertex 6.446493625640869 -11.911567687988281 -6.446493625640869
			vertex 3.1802220344543457 -11.526745796203613 -9.056506156921387
			vertex 6.5682783126831055 -9.535662651062012 -9.535662651062012
		endloop
	endfacet
	facet normal 0.3594949992287091 -0.559946642939176 -0.7464737789036514
		outer loop
			vertex 6.5682783126831055 -9.535662651062012 -9.535662651062012
			vertex 3.1802220344543457 -9.056506156921387 -11.526745796203613
			vertex 6.446493625640869 -6.446493625640869 -11.911567687988281
		endloop
	endfacet
	facet normal 0.09022911707848083 -0.8783238349375352 -0.46947411793607907
		outer loop
			vertex 3.1268889904022217 -13.326715469360352 -6.133613586425781
			vertex 9.184850467946473e-16 -13.858193397521973 -5.740251541137695
			vertex 9.184850467946473e-16 -12.472043991088867 -8.333553314208984
		endloop
	endfacet
	facet normal 0.09604162543959158 -0.9525167073876246 -0.2889427769132839
		outer loop
			vertex 3.0350208282470703 -14.372797012329102 -3.0350208282470703
			vertex 9.184850467946473e-16 -14.711779594421387 -2.9263548851013184
			vertex 9.184850467946473e-16 -13.858193397521973 -5.740251541137695
		endloop
	endfacet
	facet normal 0.12050840121167923 -0.9416363765506992 -0.31432254070281823
		outer loop
			vertex 3.0350208282470703 -14.372797012329102 -3.0350208282470703
			vertex 9.184850467946473e-16 -13.858193397521973 -5.740251541137695
			vertex 3.1268889904022217 -13.326715469360352 -6.133613586425781
		endloop
	endfacet
	facet normal 0.09754953235647985 -0.9904383764142343 -0.0975495323564798
		outer loop
			vertex 2.9263548851013184 -14.711779594421387 9.184850467946473e-16
			vertex 9.184850467946473e-16 -15 9.184850467946473e-16
			vertex 9.184850467946473e-16 -14.711779594421387 -2.9263548851013184
		endloop
	endfacet
	facet normal 0.10659732172908341 -0.9885717080719905 -0.10659732172908334
		outer loop
			vertex 2.9263548851013184 -14.711779594421387 9.184850467946473e-16
			vertex 9.184850467946473e-16 -14.711779594421387 -2.9263548851013184
			vertex 3.0350208282470703 -14.372797012329102 -3.0350208282470703
		endloop
	endfacet
	facet normal 0.2974558928544287 -0.9072155111175897 -0.2974558928544287
		outer loop
			vertex 6.133613586425781 -13.326715469360352 -3.1268889904022217
			vertex 3.0350208282470703 -14.372797012329102 -3.0350208282470703
			vertex 3.1268889904022217 -13.326715469360352 -6.133613586425781
		endloop
	endfacet
	facet normal 0.3004921527998044 -0.8145795856960367 -0.49614974017227137
		outer loop
			vertex 6.446493625640869 -11.911567687988281 -6.446493625640869
			vertex 3.1268889904022217 -13.326715469360352 -6.133613586425781
			vertex 3.1802220344543457 -11.526745796203613 -9.056506156921387
		endloop
	endfacet
	facet normal 0.34122013468154433 -0.8758639388488475 -0.34122013468154433
		outer loop
			vertex 6.133613586425781 -13.326715469360352 -3.1268889904022217
			vertex 3.1268889904022217 -13.326715469360352 -6.133613586425781
			vertex 6.446493625640869 -11.911567687988281 -6.446493625640869
		endloop
	endfacet
	facet normal 0.49614974017227137 -0.8145795856960367 -0.3004921527998044
		outer loop
			vertex 9.056506156921387 -11.526745796203613 -3.1802220344543457
			vertex 6.133613586425781 -13.326715469360352 -3.1268889904022217
			vertex 6.446493625640869 -11.911567687988281 -6.446493625640869
		endloop
	endfacet
	facet normal 0.31432254070281823 -0.9416363765506992 -0.12050840121167916
		outer loop
			vertex 5.740251541137695 -13.858193397521973 9.184850467946473e-16
			vertex 3.0350208282470703 -14.372797012329102 -3.0350208282470703
			vertex 6.133613586425781 -13.326715469360352 -3.1268889904022217
		endloop
	endfacet
	facet normal 0.2889427769132839 -0.9525167073876245 -0.09604162543959151
		outer loop
			vertex 5.740251541137695 -13.858193397521973 9.184850467946473e-16
			vertex 2.9263548851013184 -14.711779594421387 9.184850467946473e-16
			vertex 3.0350208282470703 -14.372797012329102 -3.0350208282470703
		endloop
	endfacet
	facet normal 0.46947411793607907 -0.8783238349375353 -0.09022911707848079
		outer loop
			vertex 8.333553314208984 -12.472043991088867 9.184850467946473e-16
			vertex 5.740251541137695 -13.858193397521973 9.184850467946473e-16
			vertex 6.133613586425781 -13.326715469360352 -3.1268889904022217
		endloop
	endfacet
	facet normal 0.09022911707848083 -0.46947411793607907 -0.8783238349375352
		outer loop
			vertex 3.1268889904022217 -6.133613586425781 -13.326715469360352
			vertex 9.184850467946473e-16 -8.333553314208984 -12.472043991088867
			vertex 9.184850467946473e-16 -5.740251541137695 -13.858193397521973
		endloop
	endfacet
	facet normal 0.09604162543959158 -0.2889427769132839 -0.9525167073876246
		outer loop
			vertex 9.184850467946473e-16 -2.9263548851013184 -14.711779594421387
			vertex 3.0350208282470703 -3.0350208282470703 -14.372797012329102
			vertex 9.184850467946473e-16 -5.740251541137695 -13.858193397521973
		endloop
	endfacet
	facet normal 0.12050840121167923 -0.31432254070281823 -0.9416363765506992
		outer loop
			vertex 3.1268889904022217 -6.133613586425781 -13.326715469360352
			vertex 9.184850467946473e-16 -5.740251541137695 -13.858193397521973
			vertex 3.0350208282470703 -3.0350208282470703 -14.372797012329102
		endloop
	endfacet
	facet normal 0.09754953235647985 -0.0975495323564798 -0.9904383764142343
		outer loop
			vertex 9.184850467946473e-16 -2.9263548851013184 -14.711779594421387
			vertex 9.184850467946473e-16 9.184850467946473e-16 -15
			vertex 2.9263548851013184 9.184850467946473e-16 -14.711779594421387
		endloop
	endfacet
	facet normal 0.10659732172908341 -0.10659732172908334 -0.9885717080719905
		outer loop
			vertex 9.184850467946473e-16 -2.9263548851013184 -14.711779594421387
			vertex 2.9263548851013184 9.184850467946473e-16 -14.711779594421387
			vertex 3.0350208282470703 -3.0350208282470703 -14.372797012329102
		endloop
	endfacet
	facet normal 0.3004921527998044 -0.49614974017227137 -0.8145795856960367
		outer loop
			vertex 6.446493625640869 -6.446493625640869 -11.911567687988281
			vertex 3.1802220344543457 -9.056506156921387 -11.526745796203613
			vertex 3.1268889904022217 -6.133613586425781 -13.326715469360352
		endloop
	endfacet
	facet normal 0.2974558928544287 -0.2974558928544287 -0.9072155111175897
		outer loop
			vertex 3.0350208282470703 -3.0350208282470703 -14.372797012329102
			vertex 6.133613586425781 -3.1268889904022217 -13.326715469360352
			vertex 3.1268889904022217 -6.133613586425781 -13.326715469360352
		endloop
	endfacet
	facet normal 0.34122013468154433 -0.34122013468154433 -0.8758639388488475
		outer loop
			vertex 6.446493625640869 -6.446493625640869 -11.911567687988281
			vertex 3.1268889904022217 -6.133613586425781 -13.326715469360352
			vertex 6.133613586425781 -3.1268889904022217 -13.326715469360352
		endloop
	endfacet
	facet normal 0.49614974017227137 -0.3004921527998044 -0.8145795856960367
		outer loop
			vertex 6.133613586425781 -3.1268889904022217 -13.326715469360352
			vertex 9.056506156921387 -3.1802220344543457 -11.526745796203613
			vertex 6.446493625640869 -6.446493625640869 -11.911567687988281
		endloop
	endfacet
	facet normal 0.3143225407028183 -0.1205084012116792 -0.9416363765506993
		outer loop
			vertex 3.0350208282470703 -3.0350208282470703 -14.372797012329102
			vertex 5.740251541137695 9.184850467946473e-16 -13.858193397521973
			vertex 6.133613586425781 -3.1268889904022217 -13.326715469360352
		endloop
	endfacet
	facet normal 0.2889427769132839 -0.09604162543959151 -0.9525167073876245
		outer loop
			vertex 2.9263548851013184 9.184850467946473e-16 -14.711779594421387
			vertex 5.740251541137695 9.184850467946473e-16 -13.858193397521973
			vertex 3.0350208282470703 -3.0350208282470703 -14.372797012329102
		endloop
	endfacet
	facet normal 0.46947411793607896 -0.09022911707848078 -0.8783238349375351
		outer loop
			vertex 5.740251541137695 9.184850467946473e-16 -13.858193397521973
			vertex 8.333553314208984 9.184850467946473e-16 -12.472043991088867
			vertex 6.133613586425781 -3.1268889904022217 -13.326715469360352
		endloop
	endfacet
	facet normal 0.5112125022933901 -0.6908860651350999 -0.5112125022933901
		outer loop
			vertex 9.535662651062012 -9.535662651062012 -6.5682783126831055
			vertex 6.446493625640869 -11.911567687988281 -6.446493625640869
			vertex 6.5682783126831055 -9.535662651062012 -9.535662651062012
		endloop
	endfacet
	facet normal 0.5112125022933901 -0.5112125022933901 -0.6908860651350999
		outer loop
			vertex 9.535662651062012 -6.5682783126831055 -9.535662651062012
			vertex 6.5682783126831055 -9.535662651062012 -9.535662651062012
			vertex 6.446493625640869 -6.446493625640869 -11.911567687988281
		endloop
	endfacet
	facet normal 0.5773502691896257 -0.5773502691896257 -0.5773502691896257
		outer loop
			vertex 9.535662651062012 -9.535662651062012 -6.5682783126831055
			vertex 6.5682783126831055 -9.535662651062012 -9.535662651062012
			vertex 9.535662651062012 -6.5682783126831055 -9.535662651062012
		endloop
	endfacet
	facet normal 0.6908860651350999 -0.5112125022933901 -0.5112125022933901
		outer loop
			vertex 11.911567687988281 -6.446493625640869 -6.446493625640869
			vertex 9.535662651062012 -9.535662651062012 -6.5682783126831055
			vertex 9.535662651062012 -6.5682783126831055 -9.535662651062012
		endloop
	endfacet
	facet normal 0.5179103745812391 -0.8449655262024951 -0.13342452334732627
		outer loop
			vertex 8.333553314208984 -12.472043991088867 9.184850467946473e-16
			vertex 6.133613586425781 -13.326715469360352 -3.1268889904022217
			vertex 9.056506156921387 -11.526745796203613 -3.1802220344543457
		endloop
	endfacet
	facet normal 0.6320840264508025 -0.7701967538899847 -0.08524519812324675
		outer loop
			vertex 10.60660171508789 -10.60660171508789 9.184850467946473e-16
			vertex 8.333553314208984 -12.472043991088867 9.184850467946473e-16
			vertex 9.056506156921387 -11.526745796203613 -3.1802220344543457
		endloop
	endfacet
	facet normal 0.559946642939176 -0.7464737789036514 -0.3594949992287091
		outer loop
			vertex 9.056506156921387 -11.526745796203613 -3.1802220344543457
			vertex 6.446493625640869 -11.911567687988281 -6.446493625640869
			vertex 9.535662651062012 -9.535662651062012 -6.5682783126831055
		endloop
	endfacet
	facet normal 0.6743315562644401 -0.6743315562644401 -0.3009217580235049
		outer loop
			vertex 11.526745796203613 -9.056506156921387 -3.1802220344543457
			vertex 9.056506156921387 -11.526745796203613 -3.1802220344543457
			vertex 9.535662651062012 -9.535662651062012 -6.5682783126831055
		endloop
	endfacet
	facet normal 0.7464737789036514 -0.559946642939176 -0.3594949992287091
		outer loop
			vertex 11.526745796203613 -9.056506156921387 -3.1802220344543457
			vertex 9.535662651062012 -9.535662651062012 -6.5682783126831055
			vertex 11.911567687988281 -6.446493625640869 -6.446493625640869
		endloop
	endfacet
	facet normal 0.7002709572327293 -0.7002709572327293 -0.1387125549931017
		outer loop
			vertex 10.60660171508789 -10.60660171508789 9.184850467946473e-16
			vertex 9.056506156921387 -11.526745796203613 -3.1802220344543457
			vertex 11.526745796203613 -9.056506156921387 -3.1802220344543457
		endloop
	endfacet
	facet normal 0.8449655262024951 -0.5179103745812391 -0.13342452334732627
		outer loop
			vertex 12.472043991088867 -8.333553314208984 9.184850467946473e-16
			vertex 11.526745796203613 -9.056506156921387 -3.1802220344543457
			vertex 13.326715469360352 -6.133613586425781 -3.1268889904022217
		endloop
	endfacet
	facet normal 0.7701967538899847 -0.6320840264508025 -0.08524519812324675
		outer loop
			vertex 12.472043991088867 -8.333553314208984 9.184850467946473e-16
			vertex 10.60660171508789 -10.60660171508789 9.184850467946473e-16
			vertex 11.526745796203613 -9.056506156921387 -3.1802220344543457
		endloop
	endfacet
	facet normal 0.559946642939176 -0.3594949992287091 -0.7464737789036514
		outer loop
			vertex 9.535662651062012 -6.5682783126831055 -9.535662651062012
			vertex 6.446493625640869 -6.446493625640869 -11.911567687988281
			vertex 9.056506156921387 -3.1802220344543457 -11.526745796203613
		endloop
	endfacet
	facet normal 0.67433155626444 -0.30092175802350485 -0.67433155626444
		outer loop
			vertex 9.056506156921387 -3.1802220344543457 -11.526745796203613
			vertex 11.526745796203613 -3.1802220344543457 -9.056506156921387
			vertex 9.535662651062012 -6.5682783126831055 -9.535662651062012
		endloop
	endfacet
	facet normal 0.7464737789036514 -0.35949499922870903 -0.559946642939176
		outer loop
			vertex 11.911567687988281 -6.446493625640869 -6.446493625640869
			vertex 9.535662651062012 -6.5682783126831055 -9.535662651062012
			vertex 11.526745796203613 -3.1802220344543457 -9.056506156921387
		endloop
	endfacet
	facet normal 0.5179103745812391 -0.13342452334732627 -0.8449655262024951
		outer loop
			vertex 6.133613586425781 -3.1268889904022217 -13.326715469360352
			vertex 8.333553314208984 9.184850467946473e-16 -12.472043991088867
			vertex 9.056506156921387 -3.1802220344543457 -11.526745796203613
		endloop
	endfacet
	facet normal 0.6320840264508025 -0.08524519812324675 -0.7701967538899847
		outer loop
			vertex 8.333553314208984 9.184850467946473e-16 -12.472043991088867
			vertex 10.60660171508789 9.184850467946473e-16 -10.60660171508789
			vertex 9.056506156921387 -3.1802220344543457 -11.526745796203613
		endloop
	endfacet
	facet normal 0.7002709572327293 -0.13871255499310167 -0.7002709572327293
		outer loop
			vertex 9.056506156921387 -3.1802220344543457 -11.526745796203613
			vertex 10.60660171508789 9.184850467946473e-16 -10.60660171508789
			vertex 11.526745796203613 -3.1802220344543457 -9.056506156921387
		endloop
	endfacet
	facet normal 0.8449655262024951 -0.13342452334732627 -0.5179103745812391
		outer loop
			vertex 11.526745796203613 -3.1802220344543457 -9.056506156921387
			vertex 12.472043991088867 9.184850467946473e-16 -8.333553314208984
			vertex 13.326715469360352 -3.1268889904022217 -6.133613586425781
		endloop
	endfacet
	facet normal 0.7701967538899847 -0.08524519812324675 -0.6320840264508025
		outer loop
			vertex 10.60660171508789 9.184850467946473e-16 -10.60660171508789
			vertex 12.472043991088867 9.184850467946473e-16 -8.333553314208984
			vertex 11.526745796203613 -3.1802220344543457 -9.056506156921387
		endloop
	endfacet
	facet normal 0.8145795856960367 -0.49614974017227137 -0.3004921527998044
		outer loop
			vertex 13.326715469360352 -6.133613586425781 -3.1268889904022217
			vertex 11.526745796203613 -9.056506156921387 -3.1802220344543457
			vertex 11.911567687988281 -6.446493625640869 -6.446493625640869
		endloop
	endfacet
	facet normal 0.8145795856960367 -0.3004921527998044 -0.49614974017227137
		outer loop
			vertex 11.526745796203613 -3.1802220344543457 -9.056506156921387
			vertex 13.326715469360352 -3.1268889904022217 -6.133613586425781
			vertex 11.911567687988281 -6.446493625640869 -6.446493625640869
		endloop
	endfacet
	facet normal 0.8758639388488475 -0.34122013468154433 -0.34122013468154433
		outer loop
			vertex 13.326715469360352 -6.133613586425781 -3.1268889904022217
			vertex 11.911567687988281 -6.446493625640869 -6.446493625640869
			vertex 13.326715469360352 -3.1268889904022217 -6.133613586425781
		endloop
	endfacet
	facet normal 0.9072155111175897 -0.2974558928544287 -0.2974558928544287
		outer loop
			vertex 13.326715469360352 -3.1268889904022217 -6.133613586425781
			vertex 14.372797012329102 -3.0350208282470703 -3.0350208282470703
			vertex 13.326715469360352 -6.133613586425781 -3.1268889904022217
		endloop
	endfacet
	facet normal 0.8783238349375353 -0.46947411793607907 -0.09022911707848079
		outer loop
			vertex 13.858193397521973 -5.740251541137695 9.184850467946473e-16
			vertex 12.472043991088867 -8.333553314208984 9.184850467946473e-16
			vertex 13.326715469360352 -6.133613586425781 -3.1268889904022217
		endloop
	endfacet
	facet normal 0.9416363765506992 -0.31432254070281823 -0.12050840121167916
		outer loop
			vertex 13.858193397521973 -5.740251541137695 9.184850467946473e-16
			vertex 13.326715469360352 -6.133613586425781 -3.1268889904022217
			vertex 14.372797012329102 -3.0350208282470703 -3.0350208282470703
		endloop
	endfacet
	facet normal 0.9525167073876245 -0.2889427769132839 -0.09604162543959151
		outer loop
			vertex 14.372797012329102 -3.0350208282470703 -3.0350208282470703
			vertex 14.711779594421387 -2.9263548851013184 9.184850467946473e-16
			vertex 13.858193397521973 -5.740251541137695 9.184850467946473e-16
		endloop
	endfacet
	facet normal 0.9416363765506993 -0.1205084012116792 -0.3143225407028183
		outer loop
			vertex 13.326715469360352 -3.1268889904022217 -6.133613586425781
			vertex 13.858193397521973 9.184850467946473e-16 -5.740251541137695
			vertex 14.372797012329102 -3.0350208282470703 -3.0350208282470703
		endloop
	endfacet
	facet normal 0.8783238349375353 -0.09022911707848079 -0.46947411793607907
		outer loop
			vertex 12.472043991088867 9.184850467946473e-16 -8.333553314208984
			vertex 13.858193397521973 9.184850467946473e-16 -5.740251541137695
			vertex 13.326715469360352 -3.1268889904022217 -6.133613586425781
		endloop
	endfacet
	facet normal 0.9525167073876245 -0.09604162543959151 -0.2889427769132839
		outer loop
			vertex 13.858193397521973 9.184850467946473e-16 -5.740251541137695
			vertex 14.711779594421387 9.184850467946473e-16 -2.9263548851013184
			vertex 14.372797012329102 -3.0350208282470703 -3.0350208282470703
		endloop
	endfacet
	facet normal 0.9885717080719905 -0.10659732172908334 -0.10659732172908334
		outer loop
			vertex 14.372797012329102 -3.0350208282470703 -3.0350208282470703
			vertex 14.711779594421387 9.184850467946473e-16 -2.9263548851013184
			vertex 14.711779594421387 -2.9263548851013184 9.184850467946473e-16
		endloop
	endfacet
	facet normal 0.9904383764142343 -0.0975495323564798 -0.0975495323564798
		outer loop
			vertex 14.711779594421387 9.184850467946473e-16 -2.9263548851013184
			vertex 15 9.184850467946473e-16 9.184850467946473e-16
			vertex 14.711779594421387 -2.9263548851013184 9.184850467946473e-16
		endloop
	endfacet
	facet normal 0.09754953235647985 -0.9904383764142342 0.09754953235647985
		outer loop
			vertex 9.184850467946473e-16 -14.711779594421387 2.9263548851013184
			vertex 9.184850467946473e-16 -15 9.184850467946473e-16
			vertex 2.9263548851013184 -14.711779594421387 9.184850467946473e-16
		endloop
	endfacet
	facet normal 0.1065973217290834 -0.9885717080719905 0.1065973217290834
		outer loop
			vertex 9.184850467946473e-16 -14.711779594421387 2.9263548851013184
			vertex 2.9263548851013184 -14.711779594421387 9.184850467946473e-16
			vertex 3.0350208282470703 -14.372797012329102 3.0350208282470703
		endloop
	endfacet
	facet normal 0.09604162543959158 -0.9525167073876246 0.2889427769132839
		outer loop
			vertex 9.184850467946473e-16 -13.858193397521973 5.740251541137695
			vertex 9.184850467946473e-16 -14.711779594421387 2.9263548851013184
			vertex 3.0350208282470703 -14.372797012329102 3.0350208282470703
		endloop
	endfacet
	facet normal 0.09022911707848083 -0.8783238349375352 0.46947411793607907
		outer loop
			vertex 9.184850467946473e-16 -12.472043991088867 8.333553314208984
			vertex 9.184850467946473e-16 -13.858193397521973 5.740251541137695
			vertex 3.1268889904022217 -13.326715469360352 6.133613586425781
		endloop
	endfacet
	facet normal 0.12050840121167927 -0.9416363765506993 0.3143225407028183
		outer loop
			vertex 9.184850467946473e-16 -13.858193397521973 5.740251541137695
			vertex 3.0350208282470703 -14.372797012329102 3.0350208282470703
			vertex 3.1268889904022217 -13.326715469360352 6.133613586425781
		endloop
	endfacet
	facet normal 0.2889427769132839 -0.9525167073876246 0.09604162543959158
		outer loop
			vertex 3.0350208282470703 -14.372797012329102 3.0350208282470703
			vertex 2.9263548851013184 -14.711779594421387 9.184850467946473e-16
			vertex 5.740251541137695 -13.858193397521973 9.184850467946473e-16
		endloop
	endfacet
	facet normal 0.31432254070281823 -0.9416363765506992 0.12050840121167923
		outer loop
			vertex 3.0350208282470703 -14.372797012329102 3.0350208282470703
			vertex 5.740251541137695 -13.858193397521973 9.184850467946473e-16
			vertex 6.133613586425781 -13.326715469360352 3.1268889904022217
		endloop
	endfacet
	facet normal 0.46947411793607907 -0.8783238349375352 0.09022911707848083
		outer loop
			vertex 6.133613586425781 -13.326715469360352 3.1268889904022217
			vertex 5.740251541137695 -13.858193397521973 9.184850467946473e-16
			vertex 8.333553314208984 -12.472043991088867 9.184850467946473e-16
		endloop
	endfacet
	facet normal 0.2974558928544287 -0.9072155111175897 0.2974558928544287
		outer loop
			vertex 3.1268889904022217 -13.326715469360352 6.133613586425781
			vertex 3.0350208282470703 -14.372797012329102 3.0350208282470703
			vertex 6.133613586425781 -13.326715469360352 3.1268889904022217
		endloop
	endfacet
	facet normal 0.34122013468154433 -0.8758639388488475 0.34122013468154433
		outer loop
			vertex 3.1268889904022217 -13.326715469360352 6.133613586425781
			vertex 6.133613586425781 -13.326715469360352 3.1268889904022217
			vertex 6.446493625640869 -11.911567687988281 6.446493625640869
		endloop
	endfacet
	facet normal 0.3004921527998044 -0.8145795856960367 0.49614974017227137
		outer loop
			vertex 3.1802220344543457 -11.526745796203613 9.056506156921387
			vertex 3.1268889904022217 -13.326715469360352 6.133613586425781
			vertex 6.446493625640869 -11.911567687988281 6.446493625640869
		endloop
	endfacet
	facet normal 0.49614974017227137 -0.8145795856960367 0.3004921527998044
		outer loop
			vertex 6.446493625640869 -11.911567687988281 6.446493625640869
			vertex 6.133613586425781 -13.326715469360352 3.1268889904022217
			vertex 9.056506156921387 -11.526745796203613 3.1802220344543457
		endloop
	endfacet
	facet normal 0.08524519812324681 -0.7701967538899848 0.6320840264508026
		outer loop
			vertex 9.184850467946473e-16 -10.60660171508789 10.60660171508789
			vertex 9.184850467946473e-16 -12.472043991088867 8.333553314208984
			vertex 3.1802220344543457 -11.526745796203613 9.056506156921387
		endloop
	endfacet
	facet normal 0.13342452334732632 -0.8449655262024952 0.5179103745812391
		outer loop
			vertex 9.184850467946473e-16 -12.472043991088867 8.333553314208984
			vertex 3.1268889904022217 -13.326715469360352 6.133613586425781
			vertex 3.1802220344543457 -11.526745796203613 9.056506156921387
		endloop
	endfacet
	facet normal 0.13871255499310176 -0.7002709572327293 0.7002709572327293
		outer loop
			vertex 9.184850467946473e-16 -10.60660171508789 10.60660171508789
			vertex 3.1802220344543457 -11.526745796203613 9.056506156921387
			vertex 3.1802220344543457 -9.056506156921387 11.526745796203613
		endloop
	endfacet
	facet normal 0.0852451981232468 -0.6320840264508025 0.7701967538899845
		outer loop
			vertex 9.184850467946473e-16 -8.333553314208984 12.472043991088867
			vertex 9.184850467946473e-16 -10.60660171508789 10.60660171508789
			vertex 3.1802220344543457 -9.056506156921387 11.526745796203613
		endloop
	endfacet
	facet normal 0.1334245233473263 -0.517910374581239 0.844965526202495
		outer loop
			vertex 9.184850467946473e-16 -8.333553314208984 12.472043991088867
			vertex 3.1802220344543457 -9.056506156921387 11.526745796203613
			vertex 3.1268889904022217 -6.133613586425781 13.326715469360352
		endloop
	endfacet
	facet normal 0.35949499922870903 -0.7464737789036514 0.559946642939176
		outer loop
			vertex 3.1802220344543457 -11.526745796203613 9.056506156921387
			vertex 6.446493625640869 -11.911567687988281 6.446493625640869
			vertex 6.5682783126831055 -9.535662651062012 9.535662651062012
		endloop
	endfacet
	facet normal 0.30092175802350485 -0.67433155626444 0.67433155626444
		outer loop
			vertex 3.1802220344543457 -9.056506156921387 11.526745796203613
			vertex 3.1802220344543457 -11.526745796203613 9.056506156921387
			vertex 6.5682783126831055 -9.535662651062012 9.535662651062012
		endloop
	endfacet
	facet normal 0.3594949992287091 -0.559946642939176 0.7464737789036514
		outer loop
			vertex 3.1802220344543457 -9.056506156921387 11.526745796203613
			vertex 6.5682783126831055 -9.535662651062012 9.535662651062012
			vertex 6.446493625640869 -6.446493625640869 11.911567687988281
		endloop
	endfacet
	facet normal 0.09022911707848083 -0.46947411793607907 0.8783238349375352
		outer loop
			vertex 9.184850467946473e-16 -5.740251541137695 13.858193397521973
			vertex 9.184850467946473e-16 -8.333553314208984 12.472043991088867
			vertex 3.1268889904022217 -6.133613586425781 13.326715469360352
		endloop
	endfacet
	facet normal 0.09604162543959158 -0.2889427769132839 0.9525167073876246
		outer loop
			vertex 3.0350208282470703 -3.0350208282470703 14.372797012329102
			vertex 9.184850467946473e-16 -2.9263548851013184 14.711779594421387
			vertex 9.184850467946473e-16 -5.740251541137695 13.858193397521973
		endloop
	endfacet
	facet normal 0.12050840121167927 -0.3143225407028183 0.9416363765506993
		outer loop
			vertex 9.184850467946473e-16 -5.740251541137695 13.858193397521973
			vertex 3.1268889904022217 -6.133613586425781 13.326715469360352
			vertex 3.0350208282470703 -3.0350208282470703 14.372797012329102
		endloop
	endfacet
	facet normal 0.09754953235647985 -0.0975495323564798 0.9904383764142343
		outer loop
			vertex 2.9263548851013184 9.184850467946473e-16 14.711779594421387
			vertex 9.184850467946473e-16 9.184850467946473e-16 15
			vertex 9.184850467946473e-16 -2.9263548851013184 14.711779594421387
		endloop
	endfacet
	facet normal 0.10659732172908341 -0.10659732172908334 0.9885717080719905
		outer loop
			vertex 3.0350208282470703 -3.0350208282470703 14.372797012329102
			vertex 2.9263548851013184 9.184850467946473e-16 14.711779594421387
			vertex 9.184850467946473e-16 -2.9263548851013184 14.711779594421387
		endloop
	endfacet
	facet normal 0.3004921527998044 -0.49614974017227137 0.8145795856960367
		outer loop
			vertex 3.1268889904022217 -6.133613586425781 13.326715469360352
			vertex 3.1802220344543457 -9.056506156921387 11.526745796203613
			vertex 6.446493625640869 -6.446493625640869 11.911567687988281
		endloop
	endfacet
	facet normal 0.34122013468154433 -0.34122013468154433 0.8758639388488475
		outer loop
			vertex 3.1268889904022217 -6.133613586425781 13.326715469360352
			vertex 6.446493625640869 -6.446493625640869 11.911567687988281
			vertex 6.133613586425781 -3.1268889904022217 13.326715469360352
		endloop
	endfacet
	facet normal 0.2974558928544287 -0.2974558928544287 0.9072155111175897
		outer loop
			vertex 6.133613586425781 -3.1268889904022217 13.326715469360352
			vertex 3.0350208282470703 -3.0350208282470703 14.372797012329102
			vertex 3.1268889904022217 -6.133613586425781 13.326715469360352
		endloop
	endfacet
	facet normal 0.49614974017227137 -0.3004921527998044 0.8145795856960367
		outer loop
			vertex 9.056506156921387 -3.1802220344543457 11.526745796203613
			vertex 6.133613586425781 -3.1268889904022217 13.326715469360352
			vertex 6.446493625640869 -6.446493625640869 11.911567687988281
		endloop
	endfacet
	facet normal 0.3143225407028183 -0.1205084012116792 0.9416363765506993
		outer loop
			vertex 6.133613586425781 -3.1268889904022217 13.326715469360352
			vertex 5.740251541137695 9.184850467946473e-16 13.858193397521973
			vertex 3.0350208282470703 -3.0350208282470703 14.372797012329102
		endloop
	endfacet
	facet normal 0.2889427769132839 -0.09604162543959151 0.9525167073876245
		outer loop
			vertex 5.740251541137695 9.184850467946473e-16 13.858193397521973
			vertex 2.9263548851013184 9.184850467946473e-16 14.711779594421387
			vertex 3.0350208282470703 -3.0350208282470703 14.372797012329102
		endloop
	endfacet
	facet normal 0.46947411793607896 -0.09022911707848078 0.8783238349375351
		outer loop
			vertex 8.333553314208984 9.184850467946473e-16 12.472043991088867
			vertex 5.740251541137695 9.184850467946473e-16 13.858193397521973
			vertex 6.133613586425781 -3.1268889904022217 13.326715469360352
		endloop
	endfacet
	facet normal 0.6320840264508026 -0.7701967538899848 0.08524519812324681
		outer loop
			vertex 9.056506156921387 -11.526745796203613 3.1802220344543457
			vertex 8.333553314208984 -12.472043991088867 9.184850467946473e-16
			vertex 10.60660171508789 -10.60660171508789 9.184850467946473e-16
		endloop
	endfacet
	facet normal 0.5179103745812391 -0.8449655262024952 0.13342452334732635
		outer loop
			vertex 6.133613586425781 -13.326715469360352 3.1268889904022217
			vertex 8.333553314208984 -12.472043991088867 9.184850467946473e-16
			vertex 9.056506156921387 -11.526745796203613 3.1802220344543457
		endloop
	endfacet
	facet normal 0.7002709572327293 -0.7002709572327293 0.13871255499310176
		outer loop
			vertex 9.056506156921387 -11.526745796203613 3.1802220344543457
			vertex 10.60660171508789 -10.60660171508789 9.184850467946473e-16
			vertex 11.526745796203613 -9.056506156921387 3.1802220344543457
		endloop
	endfacet
	facet normal 0.559946642939176 -0.7464737789036514 0.3594949992287091
		outer loop
			vertex 6.446493625640869 -11.911567687988281 6.446493625640869
			vertex 9.056506156921387 -11.526745796203613 3.1802220344543457
			vertex 9.535662651062012 -9.535662651062012 6.5682783126831055
		endloop
	endfacet
	facet normal 0.6743315562644401 -0.6743315562644401 0.3009217580235049
		outer loop
			vertex 9.535662651062012 -9.535662651062012 6.5682783126831055
			vertex 9.056506156921387 -11.526745796203613 3.1802220344543457
			vertex 11.526745796203613 -9.056506156921387 3.1802220344543457
		endloop
	endfacet
	facet normal 0.7464737789036514 -0.559946642939176 0.3594949992287091
		outer loop
			vertex 9.535662651062012 -9.535662651062012 6.5682783126831055
			vertex 11.526745796203613 -9.056506156921387 3.1802220344543457
			vertex 11.911567687988281 -6.446493625640869 6.446493625640869
		endloop
	endfacet
	facet normal 0.7701967538899848 -0.6320840264508026 0.08524519812324681
		outer loop
			vertex 11.526745796203613 -9.056506156921387 3.1802220344543457
			vertex 10.60660171508789 -10.60660171508789 9.184850467946473e-16
			vertex 12.472043991088867 -8.333553314208984 9.184850467946473e-16
		endloop
	endfacet
	facet normal 0.8449655262024952 -0.5179103745812391 0.13342452334732635
		outer loop
			vertex 11.526745796203613 -9.056506156921387 3.1802220344543457
			vertex 12.472043991088867 -8.333553314208984 9.184850467946473e-16
			vertex 13.326715469360352 -6.133613586425781 3.1268889904022217
		endloop
	endfacet
	facet normal 0.5112125022933901 -0.6908860651350999 0.5112125022933901
		outer loop
			vertex 6.5682783126831055 -9.535662651062012 9.535662651062012
			vertex 6.446493625640869 -11.911567687988281 6.446493625640869
			vertex 9.535662651062012 -9.535662651062012 6.5682783126831055
		endloop
	endfacet
	facet normal 0.5773502691896257 -0.5773502691896257 0.5773502691896257
		outer loop
			vertex 6.5682783126831055 -9.535662651062012 9.535662651062012
			vertex 9.535662651062012 -9.535662651062012 6.5682783126831055
			vertex 9.535662651062012 -6.5682783126831055 9.535662651062012
		endloop
	endfacet
	facet normal 0.5112125022933901 -0.5112125022933901 0.6908860651350999
		outer loop
			vertex 6.446493625640869 -6.446493625640869 11.911567687988281
			vertex 6.5682783126831055 -9.535662651062012 9.535662651062012
			vertex 9.535662651062012 -6.5682783126831055 9.535662651062012
		endloop
	endfacet
	facet normal 0.6908860651350999 -0.5112125022933901 0.5112125022933901
		outer loop
			vertex 9.535662651062012 -6.5682783126831055 9.535662651062012
			vertex 9.535662651062012 -9.535662651062012 6.5682783126831055
			vertex 11.911567687988281 -6.446493625640869 6.446493625640869
		endloop
	endfacet
	facet normal 0.8783238349375352 -0.46947411793607907 0.09022911707848083
		outer loop
			vertex 13.326715469360352 -6.133613586425781 3.1268889904022217
			vertex 12.472043991088867 -8.333553314208984 9.184850467946473e-16
			vertex 13.858193397521973 -5.740251541137695 9.184850467946473e-16
		endloop
	endfacet
	facet normal 0.9525167073876246 -0.2889427769132839 0.09604162543959158
		outer loop
			vertex 14.711779594421387 -2.9263548851013184 9.184850467946473e-16
			vertex 14.372797012329102 -3.0350208282470703 3.0350208282470703
			vertex 13.858193397521973 -5.740251541137695 9.184850467946473e-16
		endloop
	endfacet
	facet normal 0.9416363765506992 -0.31432254070281823 0.12050840121167923
		outer loop
			vertex 13.326715469360352 -6.133613586425781 3.1268889904022217
			vertex 13.858193397521973 -5.740251541137695 9.184850467946473e-16
			vertex 14.372797012329102 -3.0350208282470703 3.0350208282470703
		endloop
	endfacet
	facet normal 0.8145795856960367 -0.49614974017227137 0.3004921527998044
		outer loop
			vertex 11.911567687988281 -6.446493625640869 6.446493625640869
			vertex 11.526745796203613 -9.056506156921387 3.1802220344543457
			vertex 13.326715469360352 -6.133613586425781 3.1268889904022217
		endloop
	endfacet
	facet normal 0.8758639388488475 -0.34122013468154433 0.34122013468154433
		outer loop
			vertex 11.911567687988281 -6.446493625640869 6.446493625640869
			vertex 13.326715469360352 -6.133613586425781 3.1268889904022217
			vertex 13.326715469360352 -3.1268889904022217 6.133613586425781
		endloop
	endfacet
	facet normal 0.8145795856960367 -0.3004921527998044 0.49614974017227137
		outer loop
			vertex 13.326715469360352 -3.1268889904022217 6.133613586425781
			vertex 11.526745796203613 -3.1802220344543457 9.056506156921387
			vertex 11.911567687988281 -6.446493625640869 6.446493625640869
		endloop
	endfacet
	facet normal 0.9072155111175897 -0.2974558928544287 0.2974558928544287
		outer loop
			vertex 14.372797012329102 -3.0350208282470703 3.0350208282470703
			vertex 13.326715469360352 -3.1268889904022217 6.133613586425781
			vertex 13.326715469360352 -6.133613586425781 3.1268889904022217
		endloop
	endfacet
	facet normal 0.9885717080719905 -0.10659732172908334 0.10659732172908341
		outer loop
			vertex 14.711779594421387 -2.9263548851013184 9.184850467946473e-16
			vertex 14.711779594421387 9.184850467946473e-16 2.9263548851013184
			vertex 14.372797012329102 -3.0350208282470703 3.0350208282470703
		endloop
	endfacet
	facet normal 0.9904383764142343 -0.0975495323564798 0.09754953235647985
		outer loop
			vertex 14.711779594421387 -2.9263548851013184 9.184850467946473e-16
			vertex 15 9.184850467946473e-16 9.184850467946473e-16
			vertex 14.711779594421387 9.184850467946473e-16 2.9263548851013184
		endloop
	endfacet
	facet normal 0.9416363765506993 -0.1205084012116792 0.3143225407028183
		outer loop
			vertex 14.372797012329102 -3.0350208282470703 3.0350208282470703
			vertex 13.858193397521973 9.184850467946473e-16 5.740251541137695
			vertex 13.326715469360352 -3.1268889904022217 6.133613586425781
		endloop
	endfacet
	facet normal 0.9525167073876245 -0.09604162543959151 0.2889427769132839
		outer loop
			vertex 14.711779594421387 9.184850467946473e-16 2.9263548851013184
			vertex 13.858193397521973 9.184850467946473e-16 5.740251541137695
			vertex 14.372797012329102 -3.0350208282470703 3.0350208282470703
		endloop
	endfacet
	facet normal 0.8783238349375353 -0.09022911707848079 0.46947411793607907
		outer loop
			vertex 13.858193397521973 9.184850467946473e-16 5.740251541137695
			vertex 12.472043991088867 9.184850467946473e-16 8.333553314208984
			vertex 13.326715469360352 -3.1268889904022217 6.133613586425781
		endloop
	endfacet
	facet normal 0.559946642939176 -0.3594949992287091 0.7464737789036514
		outer loop
			vertex 6.446493625640869 -6.446493625640869 11.911567687988281
			vertex 9.535662651062012 -6.5682783126831055 9.535662651062012
			vertex 9.056506156921387 -3.1802220344543457 11.526745796203613
		endloop
	endfacet
	facet normal 0.7464737789036514 -0.35949499922870903 0.559946642939176
		outer loop
			vertex 9.535662651062012 -6.5682783126831055 9.535662651062012
			vertex 11.911567687988281 -6.446493625640869 6.446493625640869
			vertex 11.526745796203613 -3.1802220344543457 9.056506156921387
		endloop
	endfacet
	facet normal 0.67433155626444 -0.30092175802350485 0.67433155626444
		outer loop
			vertex 11.526745796203613 -3.1802220344543457 9.056506156921387
			vertex 9.056506156921387 -3.1802220344543457 11.526745796203613
			vertex 9.535662651062012 -6.5682783126831055 9.535662651062012
		endloop
	endfacet
	facet normal 0.7002709572327293 -0.13871255499310167 0.7002709572327293
		outer loop
			vertex 11.526745796203613 -3.1802220344543457 9.056506156921387
			vertex 10.60660171508789 9.184850467946473e-16 10.60660171508789
			vertex 9.056506156921387 -3.1802220344543457 11.526745796203613
		endloop
	endfacet
	facet normal 0.5179103745812391 -0.13342452334732627 0.8449655262024951
		outer loop
			vertex 9.056506156921387 -3.1802220344543457 11.526745796203613
			vertex 8.333553314208984 9.184850467946473e-16 12.472043991088867
			vertex 6.133613586425781 -3.1268889904022217 13.326715469360352
		endloop
	endfacet
	facet normal 0.6320840264508025 -0.08524519812324675 0.7701967538899847
		outer loop
			vertex 10.60660171508789 9.184850467946473e-16 10.60660171508789
			vertex 8.333553314208984 9.184850467946473e-16 12.472043991088867
			vertex 9.056506156921387 -3.1802220344543457 11.526745796203613
		endloop
	endfacet
	facet normal 0.8449655262024951 -0.13342452334732627 0.5179103745812391
		outer loop
			vertex 13.326715469360352 -3.1268889904022217 6.133613586425781
			vertex 12.472043991088867 9.184850467946473e-16 8.333553314208984
			vertex 11.526745796203613 -3.1802220344543457 9.056506156921387
		endloop
	endfacet
	facet normal 0.7701967538899847 -0.08524519812324675 0.6320840264508025
		outer loop
			vertex 12.472043991088867 9.184850467946473e-16 8.333553314208984
			vertex 10.60660171508789 9.184850467946473e-16 10.60660171508789
			vertex 11.526745796203613 -3.1802220344543457 9.056506156921387
		endloop
	endfacet
	facet normal 0.09754953235647985 0.09754953235647985 -0.9904383764142342
		outer loop
			vertex 2.9263548851013184 9.184850467946473e-16 -14.711779594421387
			vertex 9.184850467946473e-16 9.184850467946473e-16 -15
			vertex 9.184850467946473e-16 2.9263548851013184 -14.711779594421387
		endloop
	endfacet
	facet normal 0.1065973217290834 0.1065973217290834 -0.9885717080719905
		outer loop
			vertex 2.9263548851013184 9.184850467946473e-16 -14.711779594421387
			vertex 9.184850467946473e-16 2.9263548851013184 -14.711779594421387
			vertex 3.0350208282470703 3.0350208282470703 -14.372797012329102
		endloop
	endfacet
	facet normal 0.09604162543959158 0.2889427769132839 -0.9525167073876246
		outer loop
			vertex 9.184850467946473e-16 2.9263548851013184 -14.711779594421387
			vertex 9.184850467946473e-16 5.740251541137695 -13.858193397521973
			vertex 3.0350208282470703 3.0350208282470703 -14.372797012329102
		endloop
	endfacet
	facet normal 0.09022911707848083 0.46947411793607907 -0.8783238349375352
		outer loop
			vertex 9.184850467946473e-16 5.740251541137695 -13.858193397521973
			vertex 9.184850467946473e-16 8.333553314208984 -12.472043991088867
			vertex 3.1268889904022217 6.133613586425781 -13.326715469360352
		endloop
	endfacet
	facet normal 0.12050840121167923 0.31432254070281823 -0.9416363765506992
		outer loop
			vertex 3.0350208282470703 3.0350208282470703 -14.372797012329102
			vertex 9.184850467946473e-16 5.740251541137695 -13.858193397521973
			vertex 3.1268889904022217 6.133613586425781 -13.326715469360352
		endloop
	endfacet
	facet normal 0.2889427769132839 0.09604162543959158 -0.9525167073876246
		outer loop
			vertex 2.9263548851013184 9.184850467946473e-16 -14.711779594421387
			vertex 3.0350208282470703 3.0350208282470703 -14.372797012329102
			vertex 5.740251541137695 9.184850467946473e-16 -13.858193397521973
		endloop
	endfacet
	facet normal 0.31432254070281823 0.12050840121167923 -0.9416363765506992
		outer loop
			vertex 6.133613586425781 3.1268889904022217 -13.326715469360352
			vertex 5.740251541137695 9.184850467946473e-16 -13.858193397521973
			vertex 3.0350208282470703 3.0350208282470703 -14.372797012329102
		endloop
	endfacet
	facet normal 0.46947411793607907 0.09022911707848083 -0.8783238349375352
		outer loop
			vertex 6.133613586425781 3.1268889904022217 -13.326715469360352
			vertex 8.333553314208984 9.184850467946473e-16 -12.472043991088867
			vertex 5.740251541137695 9.184850467946473e-16 -13.858193397521973
		endloop
	endfacet
	facet normal 0.2974558928544287 0.2974558928544287 -0.9072155111175897
		outer loop
			vertex 3.0350208282470703 3.0350208282470703 -14.372797012329102
			vertex 3.1268889904022217 6.133613586425781 -13.326715469360352
			vertex 6.133613586425781 3.1268889904022217 -13.326715469360352
		endloop
	endfacet
	facet normal 0.34122013468154433 0.34122013468154433 -0.8758639388488475
		outer loop
			vertex 6.446493625640869 6.446493625640869 -11.911567687988281
			vertex 6.133613586425781 3.1268889904022217 -13.326715469360352
			vertex 3.1268889904022217 6.133613586425781 -13.326715469360352
		endloop
	endfacet
	facet normal 0.3004921527998044 0.49614974017227137 -0.8145795856960367
		outer loop
			vertex 3.1268889904022217 6.133613586425781 -13.326715469360352
			vertex 3.1802220344543457 9.056506156921387 -11.526745796203613
			vertex 6.446493625640869 6.446493625640869 -11.911567687988281
		endloop
	endfacet
	facet normal 0.49614974017227137 0.3004921527998044 -0.8145795856960367
		outer loop
			vertex 6.446493625640869 6.446493625640869 -11.911567687988281
			vertex 9.056506156921387 3.1802220344543457 -11.526745796203613
			vertex 6.133613586425781 3.1268889904022217 -13.326715469360352
		endloop
	endfacet
	facet normal 0.0852451981232468 0.6320840264508025 -0.7701967538899845
		outer loop
			vertex 9.184850467946473e-16 8.333553314208984 -12.472043991088867
			vertex 9.184850467946473e-16 10.60660171508789 -10.60660171508789
			vertex 3.1802220344543457 9.056506156921387 -11.526745796203613
		endloop
	endfacet
	facet normal 0.1334245233473263 0.517910374581239 -0.844965526202495
		outer loop
			vertex 3.1268889904022217 6.133613586425781 -13.326715469360352
			vertex 9.184850467946473e-16 8.333553314208984 -12.472043991088867
			vertex 3.1802220344543457 9.056506156921387 -11.526745796203613
		endloop
	endfacet
	facet normal 0.13871255499310176 0.7002709572327293 -0.7002709572327293
		outer loop
			vertex 3.1802220344543457 9.056506156921387 -11.526745796203613
			vertex 9.184850467946473e-16 10.60660171508789 -10.60660171508789
			vertex 3.1802220344543457 11.526745796203613 -9.056506156921387
		endloop
	endfacet
	facet normal 0.08524519812324681 0.7701967538899848 -0.6320840264508026
		outer loop
			vertex 9.184850467946473e-16 10.60660171508789 -10.60660171508789
			vertex 9.184850467946473e-16 12.472043991088867 -8.333553314208984
			vertex 3.1802220344543457 11.526745796203613 -9.056506156921387
		endloop
	endfacet
	facet normal 0.13342452334732632 0.8449655262024952 -0.5179103745812391
		outer loop
			vertex 3.1802220344543457 11.526745796203613 -9.056506156921387
			vertex 9.184850467946473e-16 12.472043991088867 -8.333553314208984
			vertex 3.1268889904022217 13.326715469360352 -6.133613586425781
		endloop
	endfacet
	facet normal 0.3594949992287091 0.559946642939176 -0.7464737789036514
		outer loop
			vertex 6.5682783126831055 9.535662651062012 -9.535662651062012
			vertex 6.446493625640869 6.446493625640869 -11.911567687988281
			vertex 3.1802220344543457 9.056506156921387 -11.526745796203613
		endloop
	endfacet
	facet normal 0.30092175802350485 0.67433155626444 -0.67433155626444
		outer loop
			vertex 3.1802220344543457 9.056506156921387 -11.526745796203613
			vertex 3.1802220344543457 11.526745796203613 -9.056506156921387
			vertex 6.5682783126831055 9.535662651062012 -9.535662651062012
		endloop
	endfacet
	facet normal 0.35949499922870903 0.7464737789036514 -0.559946642939176
		outer loop
			vertex 6.446493625640869 11.911567687988281 -6.446493625640869
			vertex 6.5682783126831055 9.535662651062012 -9.535662651062012
			vertex 3.1802220344543457 11.526745796203613 -9.056506156921387
		endloop
	endfacet
	facet normal 0.09022911707848083 0.8783238349375352 -0.46947411793607907
		outer loop
			vertex 9.184850467946473e-16 12.472043991088867 -8.333553314208984
			vertex 9.184850467946473e-16 13.858193397521973 -5.740251541137695
			vertex 3.1268889904022217 13.326715469360352 -6.133613586425781
		endloop
	endfacet
	facet normal 0.09604162543959158 0.9525167073876246 -0.2889427769132839
		outer loop
			vertex 9.184850467946473e-16 13.858193397521973 -5.740251541137695
			vertex 9.184850467946473e-16 14.711779594421387 -2.9263548851013184
			vertex 3.0350208282470703 14.372797012329102 -3.0350208282470703
		endloop
	endfacet
	facet normal 0.12050840121167923 0.9416363765506992 -0.31432254070281823
		outer loop
			vertex 3.1268889904022217 13.326715469360352 -6.133613586425781
			vertex 9.184850467946473e-16 13.858193397521973 -5.740251541137695
			vertex 3.0350208282470703 14.372797012329102 -3.0350208282470703
		endloop
	endfacet
	facet normal 0.09754953235647985 0.9904383764142343 -0.0975495323564798
		outer loop
			vertex 9.184850467946473e-16 14.711779594421387 -2.9263548851013184
			vertex 9.184850467946473e-16 15 9.184850467946473e-16
			vertex 2.9263548851013184 14.711779594421387 9.184850467946473e-16
		endloop
	endfacet
	facet normal 0.10659732172908341 0.9885717080719905 -0.10659732172908334
		outer loop
			vertex 3.0350208282470703 14.372797012329102 -3.0350208282470703
			vertex 9.184850467946473e-16 14.711779594421387 -2.9263548851013184
			vertex 2.9263548851013184 14.711779594421387 9.184850467946473e-16
		endloop
	endfacet
	facet normal 0.3004921527998044 0.8145795856960367 -0.49614974017227137
		outer loop
			vertex 3.1802220344543457 11.526745796203613 -9.056506156921387
			vertex 3.1268889904022217 13.326715469360352 -6.133613586425781
			vertex 6.446493625640869 11.911567687988281 -6.446493625640869
		endloop
	endfacet
	facet normal 0.34122013468154433 0.8758639388488475 -0.34122013468154433
		outer loop
			vertex 6.133613586425781 13.326715469360352 -3.1268889904022217
			vertex 6.446493625640869 11.911567687988281 -6.446493625640869
			vertex 3.1268889904022217 13.326715469360352 -6.133613586425781
		endloop
	endfacet
	facet normal 0.2974558928544287 0.9072155111175897 -0.2974558928544287
		outer loop
			vertex 3.1268889904022217 13.326715469360352 -6.133613586425781
			vertex 3.0350208282470703 14.372797012329102 -3.0350208282470703
			vertex 6.133613586425781 13.326715469360352 -3.1268889904022217
		endloop
	endfacet
	facet normal 0.49614974017227137 0.8145795856960367 -0.3004921527998044
		outer loop
			vertex 6.133613586425781 13.326715469360352 -3.1268889904022217
			vertex 9.056506156921387 11.526745796203613 -3.1802220344543457
			vertex 6.446493625640869 11.911567687988281 -6.446493625640869
		endloop
	endfacet
	facet normal 0.31432254070281823 0.9416363765506992 -0.12050840121167916
		outer loop
			vertex 5.740251541137695 13.858193397521973 9.184850467946473e-16
			vertex 6.133613586425781 13.326715469360352 -3.1268889904022217
			vertex 3.0350208282470703 14.372797012329102 -3.0350208282470703
		endloop
	endfacet
	facet normal 0.2889427769132839 0.9525167073876245 -0.09604162543959151
		outer loop
			vertex 3.0350208282470703 14.372797012329102 -3.0350208282470703
			vertex 2.9263548851013184 14.711779594421387 9.184850467946473e-16
			vertex 5.740251541137695 13.858193397521973 9.184850467946473e-16
		endloop
	endfacet
	facet normal 0.46947411793607907 0.8783238349375353 -0.09022911707848079
		outer loop
			vertex 5.740251541137695 13.858193397521973 9.184850467946473e-16
			vertex 8.333553314208984 12.472043991088867 9.184850467946473e-16
			vertex 6.133613586425781 13.326715469360352 -3.1268889904022217
		endloop
	endfacet
	facet normal 0.6320840264508025 0.0852451981232468 -0.7701967538899845
		outer loop
			vertex 9.056506156921387 3.1802220344543457 -11.526745796203613
			vertex 10.60660171508789 9.184850467946473e-16 -10.60660171508789
			vertex 8.333553314208984 9.184850467946473e-16 -12.472043991088867
		endloop
	endfacet
	facet normal 0.517910374581239 0.1334245233473263 -0.844965526202495
		outer loop
			vertex 9.056506156921387 3.1802220344543457 -11.526745796203613
			vertex 8.333553314208984 9.184850467946473e-16 -12.472043991088867
			vertex 6.133613586425781 3.1268889904022217 -13.326715469360352
		endloop
	endfacet
	facet normal 0.7002709572327293 0.13871255499310176 -0.7002709572327293
		outer loop
			vertex 11.526745796203613 3.1802220344543457 -9.056506156921387
			vertex 10.60660171508789 9.184850467946473e-16 -10.60660171508789
			vertex 9.056506156921387 3.1802220344543457 -11.526745796203613
		endloop
	endfacet
	facet normal 0.559946642939176 0.3594949992287091 -0.7464737789036514
		outer loop
			vertex 9.535662651062012 6.5682783126831055 -9.535662651062012
			vertex 9.056506156921387 3.1802220344543457 -11.526745796203613
			vertex 6.446493625640869 6.446493625640869 -11.911567687988281
		endloop
	endfacet
	facet normal 0.67433155626444 0.30092175802350485 -0.67433155626444
		outer loop
			vertex 9.535662651062012 6.5682783126831055 -9.535662651062012
			vertex 11.526745796203613 3.1802220344543457 -9.056506156921387
			vertex 9.056506156921387 3.1802220344543457 -11.526745796203613
		endloop
	endfacet
	facet normal 0.7464737789036514 0.35949499922870903 -0.559946642939176
		outer loop
			vertex 11.911567687988281 6.446493625640869 -6.446493625640869
			vertex 11.526745796203613 3.1802220344543457 -9.056506156921387
			vertex 9.535662651062012 6.5682783126831055 -9.535662651062012
		endloop
	endfacet
	facet normal 0.7701967538899848 0.08524519812324681 -0.6320840264508026
		outer loop
			vertex 11.526745796203613 3.1802220344543457 -9.056506156921387
			vertex 12.472043991088867 9.184850467946473e-16 -8.333553314208984
			vertex 10.60660171508789 9.184850467946473e-16 -10.60660171508789
		endloop
	endfacet
	facet normal 0.8449655262024952 0.13342452334732632 -0.5179103745812391
		outer loop
			vertex 13.326715469360352 3.1268889904022217 -6.133613586425781
			vertex 12.472043991088867 9.184850467946473e-16 -8.333553314208984
			vertex 11.526745796203613 3.1802220344543457 -9.056506156921387
		endloop
	endfacet
	facet normal 0.8783238349375352 0.09022911707848083 -0.46947411793607907
		outer loop
			vertex 13.326715469360352 3.1268889904022217 -6.133613586425781
			vertex 13.858193397521973 9.184850467946473e-16 -5.740251541137695
			vertex 12.472043991088867 9.184850467946473e-16 -8.333553314208984
		endloop
	endfacet
	facet normal 0.9525167073876246 0.09604162543959158 -0.2889427769132839
		outer loop
			vertex 14.372797012329102 3.0350208282470703 -3.0350208282470703
			vertex 14.711779594421387 9.184850467946473e-16 -2.9263548851013184
			vertex 13.858193397521973 9.184850467946473e-16 -5.740251541137695
		endloop
	endfacet
	facet normal 0.9416363765506992 0.12050840121167923 -0.31432254070281823
		outer loop
			vertex 14.372797012329102 3.0350208282470703 -3.0350208282470703
			vertex 13.858193397521973 9.184850467946473e-16 -5.740251541137695
			vertex 13.326715469360352 3.1268889904022217 -6.133613586425781
		endloop
	endfacet
	facet normal 0.9904383764142343 0.09754953235647985 -0.0975495323564798
		outer loop
			vertex 14.711779594421387 2.9263548851013184 9.184850467946473e-16
			vertex 15 9.184850467946473e-16 9.184850467946473e-16
			vertex 14.711779594421387 9.184850467946473e-16 -2.9263548851013184
		endloop
	endfacet
	facet normal 0.9885717080719905 0.10659732172908341 -0.10659732172908334
		outer loop
			vertex 14.711779594421387 2.9263548851013184 9.184850467946473e-16
			vertex 14.711779594421387 9.184850467946473e-16 -2.9263548851013184
			vertex 14.372797012329102 3.0350208282470703 -3.0350208282470703
		endloop
	endfacet
	facet normal 0.8145795856960367 0.3004921527998044 -0.49614974017227137
		outer loop
			vertex 11.911567687988281 6.446493625640869 -6.446493625640869
			vertex 13.326715469360352 3.1268889904022217 -6.133613586425781
			vertex 11.526745796203613 3.1802220344543457 -9.056506156921387
		endloop
	endfacet
	facet normal 0.8758639388488475 0.34122013468154433 -0.34122013468154433
		outer loop
			vertex 13.326715469360352 6.133613586425781 -3.1268889904022217
			vertex 13.326715469360352 3.1268889904022217 -6.133613586425781
			vertex 11.911567687988281 6.446493625640869 -6.446493625640869
		endloop
	endfacet
	facet normal 0.8145795856960367 0.49614974017227137 -0.3004921527998044
		outer loop
			vertex 11.526745796203613 9.056506156921387 -3.1802220344543457
			vertex 13.326715469360352 6.133613586425781 -3.1268889904022217
			vertex 11.911567687988281 6.446493625640869 -6.446493625640869
		endloop
	endfacet
	facet normal 0.9072155111175897 0.2974558928544287 -0.2974558928544287
		outer loop
			vertex 13.326715469360352 6.133613586425781 -3.1268889904022217
			vertex 14.372797012329102 3.0350208282470703 -3.0350208282470703
			vertex 13.326715469360352 3.1268889904022217 -6.133613586425781
		endloop
	endfacet
	facet normal 0.9416363765506992 0.31432254070281823 -0.12050840121167916
		outer loop
			vertex 13.858193397521973 5.740251541137695 9.184850467946473e-16
			vertex 14.372797012329102 3.0350208282470703 -3.0350208282470703
			vertex 13.326715469360352 6.133613586425781 -3.1268889904022217
		endloop
	endfacet
	facet normal 0.9525167073876245 0.2889427769132839 -0.09604162543959151
		outer loop
			vertex 13.858193397521973 5.740251541137695 9.184850467946473e-16
			vertex 14.711779594421387 2.9263548851013184 9.184850467946473e-16
			vertex 14.372797012329102 3.0350208282470703 -3.0350208282470703
		endloop
	endfacet
	facet normal 0.8783238349375353 0.46947411793607907 -0.09022911707848079
		outer loop
			vertex 12.472043991088867 8.333553314208984 9.184850467946473e-16
			vertex 13.858193397521973 5.740251541137695 9.184850467946473e-16
			vertex 13.326715469360352 6.133613586425781 -3.1268889904022217
		endloop
	endfacet
	facet normal 0.5112125022933901 0.5112125022933901 -0.6908860651350999
		outer loop
			vertex 6.5682783126831055 9.535662651062012 -9.535662651062012
			vertex 9.535662651062012 6.5682783126831055 -9.535662651062012
			vertex 6.446493625640869 6.446493625640869 -11.911567687988281
		endloop
	endfacet
	facet normal 0.5773502691896257 0.5773502691896257 -0.5773502691896257
		outer loop
			vertex 9.535662651062012 9.535662651062012 -6.5682783126831055
			vertex 9.535662651062012 6.5682783126831055 -9.535662651062012
			vertex 6.5682783126831055 9.535662651062012 -9.535662651062012
		endloop
	endfacet
	facet normal 0.5112125022933901 0.6908860651350999 -0.5112125022933901
		outer loop
			vertex 6.446493625640869 11.911567687988281 -6.446493625640869
			vertex 9.535662651062012 9.535662651062012 -6.5682783126831055
			vertex 6.5682783126831055 9.535662651062012 -9.535662651062012
		endloop
	endfacet
	facet normal 0.6908860651350999 0.5112125022933901 -0.5112125022933901
		outer loop
			vertex 9.535662651062012 9.535662651062012 -6.5682783126831055
			vertex 11.911567687988281 6.446493625640869 -6.446493625640869
			vertex 9.535662651062012 6.5682783126831055 -9.535662651062012
		endloop
	endfacet
	facet normal 0.559946642939176 0.7464737789036514 -0.3594949992287091
		outer loop
			vertex 9.056506156921387 11.526745796203613 -3.1802220344543457
			vertex 9.535662651062012 9.535662651062012 -6.5682783126831055
			vertex 6.446493625640869 11.911567687988281 -6.446493625640869
		endloop
	endfacet
	facet normal 0.7464737789036514 0.559946642939176 -0.3594949992287091
		outer loop
			vertex 11.526745796203613 9.056506156921387 -3.1802220344543457
			vertex 11.911567687988281 6.446493625640869 -6.446493625640869
			vertex 9.535662651062012 9.535662651062012 -6.5682783126831055
		endloop
	endfacet
	facet normal 0.6743315562644401 0.6743315562644401 -0.3009217580235049
		outer loop
			vertex 9.056506156921387 11.526745796203613 -3.1802220344543457
			vertex 11.526745796203613 9.056506156921387 -3.1802220344543457
			vertex 9.535662651062012 9.535662651062012 -6.5682783126831055
		endloop
	endfacet
	facet normal 0.7002709572327293 0.7002709572327293 -0.1387125549931017
		outer loop
			vertex 10.60660171508789 10.60660171508789 9.184850467946473e-16
			vertex 11.526745796203613 9.056506156921387 -3.1802220344543457
			vertex 9.056506156921387 11.526745796203613 -3.1802220344543457
		endloop
	endfacet
	facet normal 0.5179103745812391 0.8449655262024951 -0.13342452334732627
		outer loop
			vertex 8.333553314208984 12.472043991088867 9.184850467946473e-16
			vertex 9.056506156921387 11.526745796203613 -3.1802220344543457
			vertex 6.133613586425781 13.326715469360352 -3.1268889904022217
		endloop
	endfacet
	facet normal 0.6320840264508025 0.7701967538899847 -0.08524519812324675
		outer loop
			vertex 8.333553314208984 12.472043991088867 9.184850467946473e-16
			vertex 10.60660171508789 10.60660171508789 9.184850467946473e-16
			vertex 9.056506156921387 11.526745796203613 -3.1802220344543457
		endloop
	endfacet
	facet normal 0.8449655262024951 0.5179103745812391 -0.13342452334732627
		outer loop
			vertex 12.472043991088867 8.333553314208984 9.184850467946473e-16
			vertex 13.326715469360352 6.133613586425781 -3.1268889904022217
			vertex 11.526745796203613 9.056506156921387 -3.1802220344543457
		endloop
	endfacet
	facet normal 0.7701967538899847 0.6320840264508025 -0.08524519812324675
		outer loop
			vertex 10.60660171508789 10.60660171508789 9.184850467946473e-16
			vertex 12.472043991088867 8.333553314208984 9.184850467946473e-16
			vertex 11.526745796203613 9.056506156921387 -3.1802220344543457
		endloop
	endfacet
	facet normal 0.09754953235647985 0.09754953235647985 0.9904383764142342
		outer loop
			vertex 9.184850467946473e-16 2.9263548851013184 14.711779594421387
			vertex 9.184850467946473e-16 9.184850467946473e-16 15
			vertex 2.9263548851013184 9.184850467946473e-16 14.711779594421387
		endloop
	endfacet
	facet normal 0.1065973217290834 0.1065973217290834 0.9885717080719905
		outer loop
			vertex 3.0350208282470703 3.0350208282470703 14.372797012329102
			vertex 9.184850467946473e-16 2.9263548851013184 14.711779594421387
			vertex 2.9263548851013184 9.184850467946473e-16 14.711779594421387
		endloop
	endfacet
	facet normal 0.09604162543959158 0.2889427769132839 0.9525167073876246
		outer loop
			vertex 9.184850467946473e-16 5.740251541137695 13.858193397521973
			vertex 9.184850467946473e-16 2.9263548851013184 14.711779594421387
			vertex 3.0350208282470703 3.0350208282470703 14.372797012329102
		endloop
	endfacet
	facet normal 0.09022911707848083 0.46947411793607907 0.8783238349375352
		outer loop
			vertex 9.184850467946473e-16 8.333553314208984 12.472043991088867
			vertex 9.184850467946473e-16 5.740251541137695 13.858193397521973
			vertex 3.1268889904022217 6.133613586425781 13.326715469360352
		endloop
	endfacet
	facet normal 0.12050840121167923 0.31432254070281823 0.9416363765506992
		outer loop
			vertex 3.1268889904022217 6.133613586425781 13.326715469360352
			vertex 9.184850467946473e-16 5.740251541137695 13.858193397521973
			vertex 3.0350208282470703 3.0350208282470703 14.372797012329102
		endloop
	endfacet
	facet normal 0.2889427769132839 0.09604162543959158 0.9525167073876246
		outer loop
			vertex 3.0350208282470703 3.0350208282470703 14.372797012329102
			vertex 2.9263548851013184 9.184850467946473e-16 14.711779594421387
			vertex 5.740251541137695 9.184850467946473e-16 13.858193397521973
		endloop
	endfacet
	facet normal 0.3143225407028183 0.12050840121167927 0.9416363765506993
		outer loop
			vertex 5.740251541137695 9.184850467946473e-16 13.858193397521973
			vertex 6.133613586425781 3.1268889904022217 13.326715469360352
			vertex 3.0350208282470703 3.0350208282470703 14.372797012329102
		endloop
	endfacet
	facet normal 0.46947411793607907 0.09022911707848083 0.8783238349375352
		outer loop
			vertex 5.740251541137695 9.184850467946473e-16 13.858193397521973
			vertex 8.333553314208984 9.184850467946473e-16 12.472043991088867
			vertex 6.133613586425781 3.1268889904022217 13.326715469360352
		endloop
	endfacet
	facet normal 0.34122013468154433 0.34122013468154433 0.8758639388488475
		outer loop
			vertex 6.133613586425781 3.1268889904022217 13.326715469360352
			vertex 6.446493625640869 6.446493625640869 11.911567687988281
			vertex 3.1268889904022217 6.133613586425781 13.326715469360352
		endloop
	endfacet
	facet normal 0.2974558928544287 0.2974558928544287 0.9072155111175897
		outer loop
			vertex 3.1268889904022217 6.133613586425781 13.326715469360352
			vertex 3.0350208282470703 3.0350208282470703 14.372797012329102
			vertex 6.133613586425781 3.1268889904022217 13.326715469360352
		endloop
	endfacet
	facet normal 0.3004921527998044 0.49614974017227137 0.8145795856960367
		outer loop
			vertex 3.1802220344543457 9.056506156921387 11.526745796203613
			vertex 3.1268889904022217 6.133613586425781 13.326715469360352
			vertex 6.446493625640869 6.446493625640869 11.911567687988281
		endloop
	endfacet
	facet normal 0.49614974017227137 0.3004921527998044 0.8145795856960367
		outer loop
			vertex 6.133613586425781 3.1268889904022217 13.326715469360352
			vertex 9.056506156921387 3.1802220344543457 11.526745796203613
			vertex 6.446493625640869 6.446493625640869 11.911567687988281
		endloop
	endfacet
	facet normal 0.09754953235647985 0.9904383764142342 0.09754953235647985
		outer loop
			vertex 2.9263548851013184 14.711779594421387 9.184850467946473e-16
			vertex 9.184850467946473e-16 15 9.184850467946473e-16
			vertex 9.184850467946473e-16 14.711779594421387 2.9263548851013184
		endloop
	endfacet
	facet normal 0.1065973217290834 0.9885717080719905 0.1065973217290834
		outer loop
			vertex 2.9263548851013184 14.711779594421387 9.184850467946473e-16
			vertex 9.184850467946473e-16 14.711779594421387 2.9263548851013184
			vertex 3.0350208282470703 14.372797012329102 3.0350208282470703
		endloop
	endfacet
	facet normal 0.09604162543959158 0.9525167073876246 0.2889427769132839
		outer loop
			vertex 9.184850467946473e-16 14.711779594421387 2.9263548851013184
			vertex 9.184850467946473e-16 13.858193397521973 5.740251541137695
			vertex 3.0350208282470703 14.372797012329102 3.0350208282470703
		endloop
	endfacet
	facet normal 0.09022911707848083 0.8783238349375352 0.46947411793607907
		outer loop
			vertex 9.184850467946473e-16 13.858193397521973 5.740251541137695
			vertex 9.184850467946473e-16 12.472043991088867 8.333553314208984
			vertex 3.1268889904022217 13.326715469360352 6.133613586425781
		endloop
	endfacet
	facet normal 0.12050840121167923 0.9416363765506992 0.31432254070281823
		outer loop
			vertex 3.0350208282470703 14.372797012329102 3.0350208282470703
			vertex 9.184850467946473e-16 13.858193397521973 5.740251541137695
			vertex 3.1268889904022217 13.326715469360352 6.133613586425781
		endloop
	endfacet
	facet normal 0.2889427769132839 0.9525167073876246 0.09604162543959158
		outer loop
			vertex 2.9263548851013184 14.711779594421387 9.184850467946473e-16
			vertex 3.0350208282470703 14.372797012329102 3.0350208282470703
			vertex 5.740251541137695 13.858193397521973 9.184850467946473e-16
		endloop
	endfacet
	facet normal 0.31432254070281823 0.9416363765506992 0.12050840121167923
		outer loop
			vertex 6.133613586425781 13.326715469360352 3.1268889904022217
			vertex 5.740251541137695 13.858193397521973 9.184850467946473e-16
			vertex 3.0350208282470703 14.372797012329102 3.0350208282470703
		endloop
	endfacet
	facet normal 0.46947411793607907 0.8783238349375352 0.09022911707848083
		outer loop
			vertex 6.133613586425781 13.326715469360352 3.1268889904022217
			vertex 8.333553314208984 12.472043991088867 9.184850467946473e-16
			vertex 5.740251541137695 13.858193397521973 9.184850467946473e-16
		endloop
	endfacet
	facet normal 0.34122013468154433 0.8758639388488475 0.34122013468154433
		outer loop
			vertex 6.446493625640869 11.911567687988281 6.446493625640869
			vertex 6.133613586425781 13.326715469360352 3.1268889904022217
			vertex 3.1268889904022217 13.326715469360352 6.133613586425781
		endloop
	endfacet
	facet normal 0.3004921527998044 0.8145795856960367 0.49614974017227137
		outer loop
			vertex 3.1268889904022217 13.326715469360352 6.133613586425781
			vertex 3.1802220344543457 11.526745796203613 9.056506156921387
			vertex 6.446493625640869 11.911567687988281 6.446493625640869
		endloop
	endfacet
	facet normal 0.2974558928544287 0.9072155111175897 0.2974558928544287
		outer loop
			vertex 3.0350208282470703 14.372797012329102 3.0350208282470703
			vertex 3.1268889904022217 13.326715469360352 6.133613586425781
			vertex 6.133613586425781 13.326715469360352 3.1268889904022217
		endloop
	endfacet
	facet normal 0.49614974017227137 0.8145795856960367 0.3004921527998044
		outer loop
			vertex 6.446493625640869 11.911567687988281 6.446493625640869
			vertex 9.056506156921387 11.526745796203613 3.1802220344543457
			vertex 6.133613586425781 13.326715469360352 3.1268889904022217
		endloop
	endfacet
	facet normal 0.13871255499310176 0.7002709572327293 0.7002709572327293
		outer loop
			vertex 3.1802220344543457 11.526745796203613 9.056506156921387
			vertex 9.184850467946473e-16 10.60660171508789 10.60660171508789
			vertex 3.1802220344543457 9.056506156921387 11.526745796203613
		endloop
	endfacet
	facet normal 0.0852451981232468 0.6320840264508025 0.7701967538899845
		outer loop
			vertex 9.184850467946473e-16 10.60660171508789 10.60660171508789
			vertex 9.184850467946473e-16 8.333553314208984 12.472043991088867
			vertex 3.1802220344543457 9.056506156921387 11.526745796203613
		endloop
	endfacet
	facet normal 0.1334245233473263 0.517910374581239 0.844965526202495
		outer loop
			vertex 3.1802220344543457 9.056506156921387 11.526745796203613
			vertex 9.184850467946473e-16 8.333553314208984 12.472043991088867
			vertex 3.1268889904022217 6.133613586425781 13.326715469360352
		endloop
	endfacet
	facet normal 0.08524519812324681 0.7701967538899848 0.6320840264508026
		outer loop
			vertex 9.184850467946473e-16 12.472043991088867 8.333553314208984
			vertex 9.184850467946473e-16 10.60660171508789 10.60660171508789
			vertex 3.1802220344543457 11.526745796203613 9.056506156921387
		endloop
	endfacet
	facet normal 0.13342452334732632 0.8449655262024952 0.5179103745812391
		outer loop
			vertex 3.1268889904022217 13.326715469360352 6.133613586425781
			vertex 9.184850467946473e-16 12.472043991088867 8.333553314208984
			vertex 3.1802220344543457 11.526745796203613 9.056506156921387
		endloop
	endfacet
	facet normal 0.3594949992287091 0.559946642939176 0.7464737789036514
		outer loop
			vertex 6.446493625640869 6.446493625640869 11.911567687988281
			vertex 6.5682783126831055 9.535662651062012 9.535662651062012
			vertex 3.1802220344543457 9.056506156921387 11.526745796203613
		endloop
	endfacet
	facet normal 0.35949499922870903 0.7464737789036514 0.559946642939176
		outer loop
			vertex 6.5682783126831055 9.535662651062012 9.535662651062012
			vertex 6.446493625640869 11.911567687988281 6.446493625640869
			vertex 3.1802220344543457 11.526745796203613 9.056506156921387
		endloop
	endfacet
	facet normal 0.30092175802350485 0.67433155626444 0.67433155626444
		outer loop
			vertex 3.1802220344543457 11.526745796203613 9.056506156921387
			vertex 3.1802220344543457 9.056506156921387 11.526745796203613
			vertex 6.5682783126831055 9.535662651062012 9.535662651062012
		endloop
	endfacet
	facet normal 0.9904383764142342 0.09754953235647985 0.09754953235647985
		outer loop
			vertex 14.711779594421387 9.184850467946473e-16 2.9263548851013184
			vertex 15 9.184850467946473e-16 9.184850467946473e-16
			vertex 14.711779594421387 2.9263548851013184 9.184850467946473e-16
		endloop
	endfacet
	facet normal 0.9885717080719905 0.1065973217290834 0.1065973217290834
		outer loop
			vertex 14.711779594421387 9.184850467946473e-16 2.9263548851013184
			vertex 14.711779594421387 2.9263548851013184 9.184850467946473e-16
			vertex 14.372797012329102 3.0350208282470703 3.0350208282470703
		endloop
	endfacet
	facet normal 0.9525167073876246 0.09604162543959158 0.2889427769132839
		outer loop
			vertex 13.858193397521973 9.184850467946473e-16 5.740251541137695
			vertex 14.711779594421387 9.184850467946473e-16 2.9263548851013184
			vertex 14.372797012329102 3.0350208282470703 3.0350208282470703
		endloop
	endfacet
	facet normal 0.8783238349375352 0.09022911707848083 0.46947411793607907
		outer loop
			vertex 12.472043991088867 9.184850467946473e-16 8.333553314208984
			vertex 13.858193397521973 9.184850467946473e-16 5.740251541137695
			vertex 13.326715469360352 3.1268889904022217 6.133613586425781
		endloop
	endfacet
	facet normal 0.9416363765506993 0.12050840121167927 0.3143225407028183
		outer loop
			vertex 13.858193397521973 9.184850467946473e-16 5.740251541137695
			vertex 14.372797012329102 3.0350208282470703 3.0350208282470703
			vertex 13.326715469360352 3.1268889904022217 6.133613586425781
		endloop
	endfacet
	facet normal 0.9525167073876246 0.2889427769132839 0.09604162543959158
		outer loop
			vertex 14.372797012329102 3.0350208282470703 3.0350208282470703
			vertex 14.711779594421387 2.9263548851013184 9.184850467946473e-16
			vertex 13.858193397521973 5.740251541137695 9.184850467946473e-16
		endloop
	endfacet
	facet normal 0.9416363765506992 0.31432254070281823 0.12050840121167923
		outer loop
			vertex 14.372797012329102 3.0350208282470703 3.0350208282470703
			vertex 13.858193397521973 5.740251541137695 9.184850467946473e-16
			vertex 13.326715469360352 6.133613586425781 3.1268889904022217
		endloop
	endfacet
	facet normal 0.8783238349375352 0.46947411793607907 0.09022911707848083
		outer loop
			vertex 13.326715469360352 6.133613586425781 3.1268889904022217
			vertex 13.858193397521973 5.740251541137695 9.184850467946473e-16
			vertex 12.472043991088867 8.333553314208984 9.184850467946473e-16
		endloop
	endfacet
	facet normal 0.8758639388488475 0.34122013468154433 0.34122013468154433
		outer loop
			vertex 13.326715469360352 3.1268889904022217 6.133613586425781
			vertex 13.326715469360352 6.133613586425781 3.1268889904022217
			vertex 11.911567687988281 6.446493625640869 6.446493625640869
		endloop
	endfacet
	facet normal 0.8145795856960367 0.3004921527998044 0.49614974017227137
		outer loop
			vertex 11.526745796203613 3.1802220344543457 9.056506156921387
			vertex 13.326715469360352 3.1268889904022217 6.133613586425781
			vertex 11.911567687988281 6.446493625640869 6.446493625640869
		endloop
	endfacet
	facet normal 0.8145795856960367 0.49614974017227137 0.3004921527998044
		outer loop
			vertex 11.911567687988281 6.446493625640869 6.446493625640869
			vertex 13.326715469360352 6.133613586425781 3.1268889904022217
			vertex 11.526745796203613 9.056506156921387 3.1802220344543457
		endloop
	endfacet
	facet normal 0.9072155111175897 0.2974558928544287 0.2974558928544287
		outer loop
			vertex 13.326715469360352 3.1268889904022217 6.133613586425781
			vertex 14.372797012329102 3.0350208282470703 3.0350208282470703
			vertex 13.326715469360352 6.133613586425781 3.1268889904022217
		endloop
	endfacet
	facet normal 0.7002709572327293 0.13871255499310176 0.7002709572327293
		outer loop
			vertex 10.60660171508789 9.184850467946473e-16 10.60660171508789
			vertex 11.526745796203613 3.1802220344543457 9.056506156921387
			vertex 9.056506156921387 3.1802220344543457 11.526745796203613
		endloop
	endfacet
	facet normal 0.6320840264508025 0.0852451981232468 0.7701967538899845
		outer loop
			vertex 8.333553314208984 9.184850467946473e-16 12.472043991088867
			vertex 10.60660171508789 9.184850467946473e-16 10.60660171508789
			vertex 9.056506156921387 3.1802220344543457 11.526745796203613
		endloop
	endfacet
	facet normal 0.517910374581239 0.1334245233473263 0.844965526202495
		outer loop
			vertex 8.333553314208984 9.184850467946473e-16 12.472043991088867
			vertex 9.056506156921387 3.1802220344543457 11.526745796203613
			vertex 6.133613586425781 3.1268889904022217 13.326715469360352
		endloop
	endfacet
	facet normal 0.559946642939176 0.3594949992287091 0.7464737789036514
		outer loop
			vertex 9.056506156921387 3.1802220344543457 11.526745796203613
			vertex 9.535662651062012 6.5682783126831055 9.535662651062012
			vertex 6.446493625640869 6.446493625640869 11.911567687988281
		endloop
	endfacet
	facet normal 0.7464737789036514 0.35949499922870903 0.559946642939176
		outer loop
			vertex 11.526745796203613 3.1802220344543457 9.056506156921387
			vertex 11.911567687988281 6.446493625640869 6.446493625640869
			vertex 9.535662651062012 6.5682783126831055 9.535662651062012
		endloop
	endfacet
	facet normal 0.67433155626444 0.30092175802350485 0.67433155626444
		outer loop
			vertex 9.056506156921387 3.1802220344543457 11.526745796203613
			vertex 11.526745796203613 3.1802220344543457 9.056506156921387
			vertex 9.535662651062012 6.5682783126831055 9.535662651062012
		endloop
	endfacet
	facet normal 0.7701967538899848 0.08524519812324681 0.6320840264508026
		outer loop
			vertex 10.60660171508789 9.184850467946473e-16 10.60660171508789
			vertex 12.472043991088867 9.184850467946473e-16 8.333553314208984
			vertex 11.526745796203613 3.1802220344543457 9.056506156921387
		endloop
	endfacet
	facet normal 0.8449655262024952 0.13342452334732632 0.5179103745812391
		outer loop
			vertex 12.472043991088867 9.184850467946473e-16 8.333553314208984
			vertex 13.326715469360352 3.1268889904022217 6.133613586425781
			vertex 11.526745796203613 3.1802220344543457 9.056506156921387
		endloop
	endfacet
	facet normal 0.7002709572327293 0.7002709572327293 0.13871255499310176
		outer loop
			vertex 11.526745796203613 9.056506156921387 3.1802220344543457
			vertex 10.60660171508789 10.60660171508789 9.184850467946473e-16
			vertex 9.056506156921387 11.526745796203613 3.1802220344543457
		endloop
	endfacet
	facet normal 0.559946642939176 0.7464737789036514 0.3594949992287091
		outer loop
			vertex 9.535662651062012 9.535662651062012 6.5682783126831055
			vertex 9.056506156921387 11.526745796203613 3.1802220344543457
			vertex 6.446493625640869 11.911567687988281 6.446493625640869
		endloop
	endfacet
	facet normal 0.7464737789036514 0.559946642939176 0.3594949992287091
		outer loop
			vertex 11.911567687988281 6.446493625640869 6.446493625640869
			vertex 11.526745796203613 9.056506156921387 3.1802220344543457
			vertex 9.535662651062012 9.535662651062012 6.5682783126831055
		endloop
	endfacet
	facet normal 0.6743315562644401 0.6743315562644401 0.3009217580235049
		outer loop
			vertex 9.535662651062012 9.535662651062012 6.5682783126831055
			vertex 11.526745796203613 9.056506156921387 3.1802220344543457
			vertex 9.056506156921387 11.526745796203613 3.1802220344543457
		endloop
	endfacet
	facet normal 0.6320840264508026 0.7701967538899848 0.08524519812324681
		outer loop
			vertex 9.056506156921387 11.526745796203613 3.1802220344543457
			vertex 10.60660171508789 10.60660171508789 9.184850467946473e-16
			vertex 8.333553314208984 12.472043991088867 9.184850467946473e-16
		endloop
	endfacet
	facet normal 0.5179103745812391 0.8449655262024952 0.13342452334732635
		outer loop
			vertex 9.056506156921387 11.526745796203613 3.1802220344543457
			vertex 8.333553314208984 12.472043991088867 9.184850467946473e-16
			vertex 6.133613586425781 13.326715469360352 3.1268889904022217
		endloop
	endfacet
	facet normal 0.7701967538899848 0.6320840264508026 0.08524519812324681
		outer loop
			vertex 11.526745796203613 9.056506156921387 3.1802220344543457
			vertex 12.472043991088867 8.333553314208984 9.184850467946473e-16
			vertex 10.60660171508789 10.60660171508789 9.184850467946473e-16
		endloop
	endfacet
	facet normal 0.8449655262024952 0.5179103745812391 0.13342452334732635
		outer loop
			vertex 13.326715469360352 6.133613586425781 3.1268889904022217
			vertex 12.472043991088867 8.333553314208984 9.184850467946473e-16
			vertex 11.526745796203613 9.056506156921387 3.1802220344543457
		endloop
	endfacet
	facet normal 0.5773502691896257 0.5773502691896257 0.5773502691896257
		outer loop
			vertex 9.535662651062012 6.5682783126831055 9.535662651062012
			vertex 9.535662651062012 9.535662651062012 6.5682783126831055
			vertex 6.5682783126831055 9.535662651062012 9.535662651062012
		endloop
	endfacet
	facet normal 0.5112125022933901 0.5112125022933901 0.6908860651350999
		outer loop
			vertex 6.446493625640869 6.446493625640869 11.911567687988281
			vertex 9.535662651062012 6.5682783126831055 9.535662651062012
			vertex 6.5682783126831055 9.535662651062012 9.535662651062012
		endloop
	endfacet
	facet normal 0.5112125022933901 0.6908860651350999 0.5112125022933901
		outer loop
			vertex 6.5682783126831055 9.535662651062012 9.535662651062012
			vertex 9.535662651062012 9.535662651062012 6.5682783126831055
			vertex 6.446493625640869 11.911567687988281 6.446493625640869
		endloop
	endfacet
	facet normal 0.6908860651350999 0.5112125022933901 0.5112125022933901
		outer loop
			vertex 9.535662651062012 6.5682783126831055 9.535662651062012
			vertex 11.911567687988281 6.446493625640869 6.446493625640869
			vertex 9.535662651062012 9.535662651062012 6.5682783126831055
		endloop
	endfacet
endsolid exported
