ISO-10303-21;
HEADER;
FILE_DESCRIPTION(('ViewDefinition [CoordinationView_V2.0]'),'2;1');
FILE_NAME('IFC House.ifc','',('A. Architect'),('Semio'),'semio BIM','semio BIM','');
FILE_SCHEMA(('IFC2X3'));
ENDSEC;

DATA;
#1= IFCPERSON($,'A. Architect',$,$,$,$,$,$);
#2= IFCORGANIZATION($,'Semio',$,$,$);
#3= IFCPERSONANDORGANIZATION(#1,#2,$);
#4= IFCAPPLICATION(#2,'1','semio BIM','semio.bim');
#5= IFCOWNERHISTORY(#3,#4,$,.ADDED.,$,$,$,0);
#6= IFCCARTESIANPOINT((0.,0.,0.));
#7= IFCAXIS2PLACEMENT3D(#6,$,$);
#8= IFCDIRECTION((-0.198669331,0.980066578));
#9= IFCGEOMETRICREPRESENTATIONCONTEXT($,'Model',3,0.000001,#7,#8);
#10= IFCGEOMETRICREPRESENTATIONSUBCONTEXT('Body','Model',*,*,*,*,#9,$,.MODEL_VIEW.,$);
#11= IFCGEOMETRICREPRESENTATIONSUBCONTEXT('Axis','Model',*,*,*,*,#9,$,.GRAPH_VIEW.,$);
#12= IFCGEOMETRICREPRESENTATIONSUBCONTEXT('FootPrint','Model',*,*,*,*,#9,$,.PLAN_VIEW.,$);
#13= IFCMATERIAL('Brick');
#14= IFCPROPERTYSINGLEVALUE('MassDensity',$,IFCMASSDENSITYMEASURE(1800.),$);
#15= IFCEXTENDEDMATERIALPROPERTIES(#13,(#14),$,'Pset_MaterialCommon');
#16= IFCPROPERTYSINGLEVALUE('ThermalConductivity',$,IFCTHERMALCONDUCTIVITYMEASURE(0.8),$);
#17= IFCPROPERTYSINGLEVALUE('SpecificHeatCapacity',$,IFCSPECIFICHEATCAPACITYMEASURE(900.),$);
#18= IFCEXTENDEDMATERIALPROPERTIES(#13,(#16,#17),$,'Pset_MaterialThermal');
#19= IFCPROPERTYSINGLEVALUE('Id',$,IFCLABEL('m-brick'),$);
#20= IFCPROPERTYSINGLEVALUE('Category',$,IFCLABEL('Masonry'),$);
#21= IFCPROPERTYSINGLEVALUE('Red',$,IFCREAL(0.7),$);
#22= IFCPROPERTYSINGLEVALUE('Green',$,IFCREAL(0.35),$);
#23= IFCPROPERTYSINGLEVALUE('Blue',$,IFCREAL(0.25),$);
#24= IFCEXTENDEDMATERIALPROPERTIES(#13,(#19,#20,#21,#22,#23),$,'Semio_Authoring');
#25= IFCMATERIAL('Concrete');
#26= IFCPROPERTYSINGLEVALUE('MassDensity',$,IFCMASSDENSITYMEASURE(2400.),$);
#27= IFCEXTENDEDMATERIALPROPERTIES(#25,(#26),$,'Pset_MaterialCommon');
#28= IFCPROPERTYSINGLEVALUE('ThermalConductivity',$,IFCTHERMALCONDUCTIVITYMEASURE(1.6),$);
#29= IFCPROPERTYSINGLEVALUE('SpecificHeatCapacity',$,IFCSPECIFICHEATCAPACITYMEASURE(880.),$);
#30= IFCEXTENDEDMATERIALPROPERTIES(#25,(#28,#29),$,'Pset_MaterialThermal');
#31= IFCPROPERTYSINGLEVALUE('Id',$,IFCLABEL('m-conc'),$);
#32= IFCPROPERTYSINGLEVALUE('Category',$,IFCLABEL('Concrete'),$);
#33= IFCPROPERTYSINGLEVALUE('Red',$,IFCREAL(0.6),$);
#34= IFCPROPERTYSINGLEVALUE('Green',$,IFCREAL(0.6),$);
#35= IFCPROPERTYSINGLEVALUE('Blue',$,IFCREAL(0.6),$);
#36= IFCEXTENDEDMATERIALPROPERTIES(#25,(#31,#32,#33,#34,#35),$,'Semio_Authoring');
#37= IFCMATERIAL('Steel');
#38= IFCPROPERTYSINGLEVALUE('MassDensity',$,IFCMASSDENSITYMEASURE(7850.),$);
#39= IFCEXTENDEDMATERIALPROPERTIES(#37,(#38),$,'Pset_MaterialCommon');
#40= IFCPROPERTYSINGLEVALUE('ThermalConductivity',$,IFCTHERMALCONDUCTIVITYMEASURE(50.),$);
#41= IFCPROPERTYSINGLEVALUE('SpecificHeatCapacity',$,IFCSPECIFICHEATCAPACITYMEASURE(470.),$);
#42= IFCEXTENDEDMATERIALPROPERTIES(#37,(#40,#41),$,'Pset_MaterialThermal');
#43= IFCPROPERTYSINGLEVALUE('Id',$,IFCLABEL('m-steel'),$);
#44= IFCPROPERTYSINGLEVALUE('Category',$,IFCLABEL('Metal'),$);
#45= IFCPROPERTYSINGLEVALUE('Red',$,IFCREAL(0.5),$);
#46= IFCPROPERTYSINGLEVALUE('Green',$,IFCREAL(0.55),$);
#47= IFCPROPERTYSINGLEVALUE('Blue',$,IFCREAL(0.6),$);
#48= IFCEXTENDEDMATERIALPROPERTIES(#37,(#43,#44,#45,#46,#47),$,'Semio_Authoring');
#49= IFCMATERIAL('Oak');
#50= IFCPROPERTYSINGLEVALUE('MassDensity',$,IFCMASSDENSITYMEASURE(700.),$);
#51= IFCEXTENDEDMATERIALPROPERTIES(#49,(#50),$,'Pset_MaterialCommon');
#52= IFCPROPERTYSINGLEVALUE('ThermalConductivity',$,IFCTHERMALCONDUCTIVITYMEASURE(0.18),$);
#53= IFCPROPERTYSINGLEVALUE('SpecificHeatCapacity',$,IFCSPECIFICHEATCAPACITYMEASURE(1600.),$);
#54= IFCEXTENDEDMATERIALPROPERTIES(#49,(#52,#53),$,'Pset_MaterialThermal');
#55= IFCPROPERTYSINGLEVALUE('Id',$,IFCLABEL('m-wood'),$);
#56= IFCPROPERTYSINGLEVALUE('Category',$,IFCLABEL('Wood'),$);
#57= IFCPROPERTYSINGLEVALUE('Red',$,IFCREAL(0.55),$);
#58= IFCPROPERTYSINGLEVALUE('Green',$,IFCREAL(0.4),$);
#59= IFCPROPERTYSINGLEVALUE('Blue',$,IFCREAL(0.2),$);
#60= IFCEXTENDEDMATERIALPROPERTIES(#49,(#55,#56,#57,#58,#59),$,'Semio_Authoring');
#61= IFCMATERIAL('Mineral Wool');
#62= IFCPROPERTYSINGLEVALUE('MassDensity',$,IFCMASSDENSITYMEASURE(40.),$);
#63= IFCEXTENDEDMATERIALPROPERTIES(#61,(#62),$,'Pset_MaterialCommon');
#64= IFCPROPERTYSINGLEVALUE('ThermalConductivity',$,IFCTHERMALCONDUCTIVITYMEASURE(0.035),$);
#65= IFCPROPERTYSINGLEVALUE('SpecificHeatCapacity',$,IFCSPECIFICHEATCAPACITYMEASURE(1030.),$);
#66= IFCEXTENDEDMATERIALPROPERTIES(#61,(#64,#65),$,'Pset_MaterialThermal');
#67= IFCPROPERTYSINGLEVALUE('Id',$,IFCLABEL('m-wool'),$);
#68= IFCPROPERTYSINGLEVALUE('Category',$,IFCLABEL('Insulation'),$);
#69= IFCPROPERTYSINGLEVALUE('Red',$,IFCREAL(0.9),$);
#70= IFCPROPERTYSINGLEVALUE('Green',$,IFCREAL(0.85),$);
#71= IFCPROPERTYSINGLEVALUE('Blue',$,IFCREAL(0.3),$);
#72= IFCEXTENDEDMATERIALPROPERTIES(#61,(#67,#68,#69,#70,#71),$,'Semio_Authoring');
#73= IFCPROPERTYSINGLEVALUE('LayerFunctions',$,IFCLABEL('Structure'),$);
#74= IFCPROPERTYSET('19BFGiVlYdwweesk4KsQTP',#5,'Semio_Authoring',$,(#73));
#75= IFCWALLTYPE('0VIk4k_$D_QicHxrmTKPsD',#5,'Concrete 150',$,$,(#74),$,'wt-150',$,.STANDARD.);
#76= IFCMATERIALLAYER(#25,0.15,$);
#77= IFCMATERIALLAYERSET((#76),'Concrete 150');
#78= IFCPROPERTYSINGLEVALUE('LayerFunctions',$,IFCLABEL('Structure,Insulation'),$);
#79= IFCPROPERTYSET('3m$yVyG9W8$eq6AOyBgbgH',#5,'Semio_Authoring',$,(#78));
#80= IFCWALLTYPE('0OOt0ztQFFVr5XB9psd9QI',#5,'Brick 300',$,$,(#79),$,'wt-300',$,.STANDARD.);
#81= IFCMATERIALLAYER(#13,0.2,$);
#82= IFCMATERIALLAYER(#61,0.1,$);
#83= IFCMATERIALLAYERSET((#81,#82),'Brick 300');
#84= IFCPROPERTYSINGLEVALUE('LayerFunctions',$,IFCLABEL('Finish,Structure'),$);
#85= IFCPROPERTYSET('0Kn0_bIJgFsz5_Pl60WTww',#5,'Semio_Authoring',$,(#84));
#86= IFCSLABTYPE('2eS4Peh4Lu_B2Alqquf9fY',#5,'Floor 250',$,$,(#85),$,'st-floor',$,.FLOOR.);
#87= IFCMATERIALLAYER(#49,0.05,$);
#88= IFCMATERIALLAYER(#25,0.2,$);
#89= IFCMATERIALLAYERSET((#87,#88),'Floor 250');
#90= IFCPROPERTYSINGLEVALUE('LayerFunctions',$,IFCLABEL('Finish,Insulation'),$);
#91= IFCPROPERTYSET('2nr_APC2g5$lNxNNSfbARq',#5,'Semio_Authoring',$,(#90));
#92= IFCBUILDINGELEMENTPROXYTYPE('1eCMiMQxljKvswmzteW3GM',#5,'Tile roof',$,$,(#91),$,'rt-tile','RoofType',.USERDEFINED.);
#93= IFCMATERIALLAYER(#49,0.04,$);
#94= IFCMATERIALLAYER(#61,0.2,$);
#95= IFCMATERIALLAYERSET((#93,#94),'Tile roof');
#96= IFCPROPERTYSINGLEVALUE('ProfileKind',$,IFCLABEL('Rectangle'),$);
#97= IFCPROPERTYSINGLEVALUE('Width',$,IFCREAL(0.3),$);
#98= IFCPROPERTYSINGLEVALUE('Depth',$,IFCREAL(0.3),$);
#99= IFCPROPERTYSET('23zIYssEEPo6gY4Ys5rCNg',#5,'Semio_Authoring',$,(#96,#97,#98));
#100= IFCCOLUMNTYPE('2lpswFnUWxEo9rrKqbRlTZ',#5,'Concrete 300x300',$,$,(#99),$,'ct-rect',$,.COLUMN.);
#101= IFCPROPERTYSINGLEVALUE('ProfileKind',$,IFCLABEL('Circle'),$);
#102= IFCPROPERTYSINGLEVALUE('Diameter',$,IFCREAL(0.4),$);
#103= IFCPROPERTYSET('3bRBWeP37iT7NYcZTMhfMy',#5,'Semio_Authoring',$,(#101,#102));
#104= IFCCOLUMNTYPE('0a8EJA0NhPoVUVgNvTue$W',#5,'Steel 400',$,$,(#103),$,'ct-round',$,.COLUMN.);
#105= IFCPROPERTYSINGLEVALUE('ProfileKind',$,IFCLABEL('IShape'),$);
#106= IFCPROPERTYSINGLEVALUE('Width',$,IFCREAL(0.15),$);
#107= IFCPROPERTYSINGLEVALUE('Depth',$,IFCREAL(0.3),$);
#108= IFCPROPERTYSINGLEVALUE('Web',$,IFCREAL(0.0071),$);
#109= IFCPROPERTYSINGLEVALUE('Flange',$,IFCREAL(0.0107),$);
#110= IFCPROPERTYSET('0nJK1EHrPikK8iK5579$cQ',#5,'Semio_Authoring',$,(#105,#106,#107,#108,#109));
#111= IFCBEAMTYPE('0oKP8drYAMH5aU$_rQaqSU',#5,'IPE 300',$,$,(#110),$,'bt-i',$,.BEAM.);
#112= IFCPROPERTYSINGLEVALUE('ProfileKind',$,IFCLABEL('Rectangle'),$);
#113= IFCPROPERTYSINGLEVALUE('Width',$,IFCREAL(0.25),$);
#114= IFCPROPERTYSINGLEVALUE('Depth',$,IFCREAL(0.4),$);
#115= IFCPROPERTYSET('09iyiZ3qON64WmEXt0z8cE',#5,'Semio_Authoring',$,(#112,#113,#114));
#116= IFCBEAMTYPE('28jtd2OhxRMiZKZSrhRlsV',#5,'Concrete 250x400',$,$,(#115),$,'bt-rect',$,.BEAM.);
#117= IFCPROPERTYSINGLEVALUE('Width',$,IFCREAL(1.2),$);
#118= IFCPROPERTYSINGLEVALUE('Height',$,IFCREAL(1.2),$);
#119= IFCPROPERTYSINGLEVALUE('Sill',$,IFCREAL(0.9),$);
#120= IFCPROPERTYSINGLEVALUE('FrameWidth',$,IFCREAL(0.06),$);
#121= IFCPROPERTYSINGLEVALUE('FrameDepth',$,IFCREAL(0.08),$);
#122= IFCPROPERTYSINGLEVALUE('Panes',$,IFCINTEGER(2),$);
#123= IFCPROPERTYSINGLEVALUE('Material',$,IFCLABEL('m-wood'),$);
#124= IFCPROPERTYSINGLEVALUE('MaterialName',$,IFCLABEL('Oak'),$);
#125= IFCPROPERTYSET('2q_TOSplsX2EY7yL0lsdpy',#5,'Semio_Authoring',$,(#117,#118,#119,#120,#121,#122,#123,#124));
#126= IFCWINDOWSTYLE('1biC8sfLcaTzqvkBvdw9HP',#5,'Window 120',$,$,(#125),$,'wnd-120',.NOTDEFINED.,.NOTDEFINED.,.F.,.T.);
#127= IFCPROPERTYSINGLEVALUE('Width',$,IFCREAL(1.8),$);
#128= IFCPROPERTYSINGLEVALUE('Height',$,IFCREAL(2.1),$);
#129= IFCPROPERTYSINGLEVALUE('FrameWidth',$,IFCREAL(0.05),$);
#130= IFCPROPERTYSINGLEVALUE('FrameDepth',$,IFCREAL(0.1),$);
#131= IFCPROPERTYSINGLEVALUE('Leaves',$,IFCLABEL('Double'),$);
#132= IFCPROPERTYSINGLEVALUE('Swing',$,IFCLABEL('Right'),$);
#133= IFCPROPERTYSINGLEVALUE('Material',$,IFCLABEL('m-wood'),$);
#134= IFCPROPERTYSET('3szQYqTQnvJSxam6npwu_N',#5,'Semio_Authoring',$,(#127,#128,#129,#130,#131,#132,#133));
#135= IFCDOORSTYLE('0qFavZqkJeHLlbUpKfzDUF',#5,'Double door 180',$,$,(#134),$,'dr-180',.DOUBLE_DOOR_SINGLE_SWING.,.NOTDEFINED.,.F.,.T.);
#136= IFCPROPERTYSINGLEVALUE('Width',$,IFCREAL(0.9),$);
#137= IFCPROPERTYSINGLEVALUE('Height',$,IFCREAL(2.1),$);
#138= IFCPROPERTYSINGLEVALUE('FrameWidth',$,IFCREAL(0.05),$);
#139= IFCPROPERTYSINGLEVALUE('FrameDepth',$,IFCREAL(0.1),$);
#140= IFCPROPERTYSINGLEVALUE('Leaves',$,IFCLABEL('Single'),$);
#141= IFCPROPERTYSINGLEVALUE('Swing',$,IFCLABEL('Left'),$);
#142= IFCPROPERTYSINGLEVALUE('Material',$,IFCLABEL('m-wood'),$);
#143= IFCPROPERTYSET('0BrKNnl2PDGjS_0l5zK8Ab',#5,'Semio_Authoring',$,(#136,#137,#138,#139,#140,#141,#142));
#144= IFCDOORSTYLE('1Hso6xyQv4VC1whndDHu0e',#5,'Door 90',$,$,(#143),$,'dr-90',.SINGLE_SWING_LEFT.,.NOTDEFINED.,.F.,.T.);
#145= IFCSIUNIT(*,.LENGTHUNIT.,$,.METRE.);
#146= IFCSIUNIT(*,.AREAUNIT.,$,.SQUARE_METRE.);
#147= IFCSIUNIT(*,.VOLUMEUNIT.,$,.CUBIC_METRE.);
#148= IFCSIUNIT(*,.PLANEANGLEUNIT.,$,.RADIAN.);
#149= IFCUNITASSIGNMENT((#145,#146,#147,#148));
#150= IFCPROJECT('1w8OAdRUto0JEzixroLdqB',#5,'IFC House','Export fixture',$,$,'Existing;New',(#9),#149);
#151= IFCLOCALPLACEMENT($,#7);
#152= IFCCARTESIANPOINT((-5.,-5.));
#153= IFCCARTESIANPOINT((25.,-5.));
#154= IFCCARTESIANPOINT((25.,15.));
#155= IFCCARTESIANPOINT((-5.,15.));
#156= IFCPOLYLINE((#152,#153,#154,#155,#152));
#157= IFCSHAPEREPRESENTATION(#12,'FootPrint','Curve2D',(#156));
#158= IFCPRODUCTDEFINITIONSHAPE($,$,(#157));
#159= IFCSITE('1QBh6LzYuAptPPqA16Z5bc',#5,'Plot',$,'site-1',#151,#158,$,.ELEMENT.,(47,22,36,840000),(8,32,30,120000),408.,$,$);
#160= IFCCARTESIANPOINT((2.,3.,0.5));
#161= IFCDIRECTION((0.,0.,1.));
#162= IFCDIRECTION((0.995004165,0.099833417,0.));
#163= IFCAXIS2PLACEMENT3D(#160,#161,#162);
#164= IFCLOCALPLACEMENT(#151,#163);
#165= IFCBUILDING('0HBDLIrKAxSZKIwlXVGe62',#5,'House',$,'bldg-1',#164,$,$,.ELEMENT.,408.5,$,$);
#166= IFCCARTESIANPOINT((0.,0.,-2.6));
#167= IFCAXIS2PLACEMENT3D(#166,$,$);
#168= IFCLOCALPLACEMENT(#164,#167);
#169= IFCBUILDINGSTOREY('0qMOcPZlOsbmAlyKbsGOD6',#5,'Basement',$,'st-base',#168,$,$,.ELEMENT.,-2.6);
#170= IFCCARTESIANPOINT((0.,0.,3.));
#171= IFCAXIS2PLACEMENT3D(#170,$,$);
#172= IFCLOCALPLACEMENT(#164,#171);
#173= IFCBUILDINGSTOREY('1gAO00$311WltX3gSB8RKH',#5,'First',$,'st-first',#172,$,$,.ELEMENT.,3.);
#174= IFCLOCALPLACEMENT(#164,#7);
#175= IFCBUILDINGSTOREY('3wsYM$bPNbBbDbGw_Wf9m1',#5,'Ground',$,'st-ground',#174,$,$,.ELEMENT.,0.);
#176= IFCCARTESIANPOINT((0.,0.,5.8));
#177= IFCAXIS2PLACEMENT3D(#176,$,$);
#178= IFCLOCALPLACEMENT(#164,#177);
#179= IFCBUILDINGSTOREY('0X0EI2hZp2QO0d1aPCecGX',#5,'Roof',$,'st-roof',#178,$,$,.ELEMENT.,5.8);
#180= IFCCARTESIANPOINT((10.054310345,0.948275862));
#181= IFCCARTESIANPOINT((10.054310345,5.051724138));
#182= IFCCARTESIANPOINT((7.9,3.));
#183= IFCAXIS2PLACEMENT2D(#182,$);
#184= IFCCIRCLE(#183,2.975);
#185= IFCTRIMMEDCURVE(#184,(#180),(#181),.T.,.CARTESIAN.);
#186= IFCCOMPOSITECURVESEGMENT(.CONTINUOUS.,.T.,#185);
#187= IFCCARTESIANPOINT((9.945689655,4.948275862));
#188= IFCPOLYLINE((#181,#187));
#189= IFCCOMPOSITECURVESEGMENT(.CONTINUOUS.,.T.,#188);
#190= IFCCARTESIANPOINT((9.945689655,1.051724138));
#191= IFCCIRCLE(#183,2.825);
#192= IFCTRIMMEDCURVE(#191,(#187),(#190),.F.,.CARTESIAN.);
#193= IFCCOMPOSITECURVESEGMENT(.CONTINUOUS.,.T.,#192);
#194= IFCPOLYLINE((#190,#180));
#195= IFCCOMPOSITECURVESEGMENT(.CONTINUOUS.,.T.,#194);
#196= IFCCOMPOSITECURVE((#186,#189,#193,#195),.F.);
#197= IFCARBITRARYCLOSEDPROFILEDEF(.AREA.,$,#196);
#198= IFCLOCALPLACEMENT(#174,#7);
#199= IFCEXTRUDEDAREASOLID(#197,#7,#161,3.);
#200= IFCCARTESIANPOINT((10.,1.));
#201= IFCCARTESIANPOINT((10.,5.));
#202= IFCCIRCLE(#183,2.9);
#203= IFCTRIMMEDCURVE(#202,(#200),(#201),.T.,.CARTESIAN.);
#204= IFCSHAPEREPRESENTATION(#10,'Body','SweptSolid',(#199));
#205= IFCSHAPEREPRESENTATION(#11,'Axis','Curve2D',(#203));
#206= IFCPRODUCTDEFINITIONSHAPE($,$,(#205,#204));
#207= IFCWALL('09k_QkctTxZzvq2nrNO5jb',#5,'Curved',$,$,#198,#206,'w-arc');
#208= IFCMATERIALLAYERSETUSAGE(#77,.AXIS2.,.NEGATIVE.,0.075);
#209= IFCCARTESIANPOINT((8.,-0.15));
#210= IFCCARTESIANPOINT((8.,6.15));
#211= IFCCARTESIANPOINT((7.7,5.85));
#212= IFCCARTESIANPOINT((7.7,0.15));
#213= IFCPOLYLINE((#209,#210,#211,#212,#209));
#214= IFCARBITRARYCLOSEDPROFILEDEF(.AREA.,$,#213);
#215= IFCLOCALPLACEMENT(#174,#7);
#216= IFCEXTRUDEDAREASOLID(#214,#7,#161,3.);
#217= IFCCARTESIANPOINT((8.,0.));
#218= IFCCARTESIANPOINT((8.,6.));
#219= IFCPOLYLINE((#217,#218));
#220= IFCSHAPEREPRESENTATION(#10,'Body','SweptSolid',(#216));
#221= IFCSHAPEREPRESENTATION(#11,'Axis','Curve2D',(#219));
#222= IFCPRODUCTDEFINITIONSHAPE($,$,(#221,#220));
#223= IFCWALL('2gQEIz0i04zpCOjJsgqk0u',#5,'East',$,$,#215,#222,'w-east');
#224= IFCMATERIALLAYERSETUSAGE(#83,.AXIS2.,.NEGATIVE.,0.3);
#225= IFCDIRECTION((1.,0.,0.));
#226= IFCAXIS2PLACEMENT3D(#6,#161,#225);
#227= IFCLOCALPLACEMENT(#172,#226);
#228= IFCCARTESIANPOINT((4.,0.));
#229= IFCAXIS2PLACEMENT2D(#228,$);
#230= IFCRECTANGLEPROFILEDEF(.AREA.,$,#229,8.,0.3);
#231= IFCEXTRUDEDAREASOLID(#230,#7,#161,2.8);
#232= IFCCARTESIANPOINT((0.,0.));
#233= IFCPOLYLINE((#232,#217));
#234= IFCSHAPEREPRESENTATION(#10,'Body','SweptSolid',(#231));
#235= IFCSHAPEREPRESENTATION(#11,'Axis','Curve2D',(#233));
#236= IFCPRODUCTDEFINITIONSHAPE($,$,(#235,#234));
#237= IFCWALLSTANDARDCASE('0MzownW2Ndl6VpO$2Jdj$S',#5,'First South',$,$,#227,#236,'w-first-south');
#238= IFCMATERIALLAYERSETUSAGE(#83,.AXIS2.,.NEGATIVE.,0.15);
#239= IFCCARTESIANPOINT((2.,2.,0.1));
#240= IFCAXIS2PLACEMENT3D(#239,#161,#225);
#241= IFCLOCALPLACEMENT(#174,#240);
#242= IFCCARTESIANPOINT((1.5,0.));
#243= IFCAXIS2PLACEMENT2D(#242,$);
#244= IFCRECTANGLEPROFILEDEF(.AREA.,$,#243,3.,0.15);
#245= IFCEXTRUDEDAREASOLID(#244,#7,#161,2.4);
#246= IFCCARTESIANPOINT((3.,0.));
#247= IFCPOLYLINE((#232,#246));
#248= IFCSHAPEREPRESENTATION(#10,'Body','SweptSolid',(#245));
#249= IFCSHAPEREPRESENTATION(#11,'Axis','Curve2D',(#247));
#250= IFCPRODUCTDEFINITIONSHAPE($,$,(#249,#248));
#251= IFCWALLSTANDARDCASE('2n4yBqy0dN62LEZzD3Ap1b',#5,'Free',$,$,#241,#250,'w-free');
#252= IFCMATERIALLAYERSETUSAGE(#77,.AXIS2.,.NEGATIVE.,0.075);
#253= IFCCARTESIANPOINT((-0.3,6.15));
#254= IFCCARTESIANPOINT((0.,5.85));
#255= IFCPOLYLINE((#210,#253,#254,#211,#210));
#256= IFCARBITRARYCLOSEDPROFILEDEF(.AREA.,$,#255);
#257= IFCLOCALPLACEMENT(#174,#7);
#258= IFCEXTRUDEDAREASOLID(#256,#7,#161,3.);
#259= IFCCARTESIANPOINT((0.,6.));
#260= IFCPOLYLINE((#218,#259));
#261= IFCSHAPEREPRESENTATION(#10,'Body','SweptSolid',(#258));
#262= IFCSHAPEREPRESENTATION(#11,'Axis','Curve2D',(#260));
#263= IFCPRODUCTDEFINITIONSHAPE($,$,(#262,#261));
#264= IFCWALL('0gX1f2WI35QWDilL3yLZC8',#5,'North',$,$,#257,#263,'w-north');
#265= IFCMATERIALLAYERSETUSAGE(#83,.AXIS2.,.NEGATIVE.,0.15);
#266= IFCCARTESIANPOINT((-0.3,-0.15));
#267= IFCCARTESIANPOINT((0.,0.15));
#268= IFCPOLYLINE((#266,#209,#212,#267,#266));
#269= IFCARBITRARYCLOSEDPROFILEDEF(.AREA.,$,#268);
#270= IFCLOCALPLACEMENT(#174,#7);
#271= IFCEXTRUDEDAREASOLID(#269,#7,#161,3.);
#272= IFCPOLYLINE((#232,#217));
#273= IFCSHAPEREPRESENTATION(#10,'Body','SweptSolid',(#271));
#274= IFCSHAPEREPRESENTATION(#11,'Axis','Curve2D',(#272));
#275= IFCPRODUCTDEFINITIONSHAPE($,$,(#274,#273));
#276= IFCWALL('2_vLPAMaC$hsmSKif007b4',#5,'South',$,$,#270,#275,'w-south');
#277= IFCMATERIALLAYERSETUSAGE(#83,.AXIS2.,.NEGATIVE.,0.15);
#278= IFCPOLYLINE((#253,#266,#267,#254,#253));
#279= IFCARBITRARYCLOSEDPROFILEDEF(.AREA.,$,#278);
#280= IFCLOCALPLACEMENT(#174,#7);
#281= IFCEXTRUDEDAREASOLID(#279,#7,#161,3.);
#282= IFCPOLYLINE((#259,#232));
#283= IFCSHAPEREPRESENTATION(#10,'Body','SweptSolid',(#281));
#284= IFCSHAPEREPRESENTATION(#11,'Axis','Curve2D',(#282));
#285= IFCPRODUCTDEFINITIONSHAPE($,$,(#284,#283));
#286= IFCWALL('0SkIQur02mP0OPlG2KFN_8',#5,'West',$,$,#280,#285,'w-west');
#287= IFCMATERIALLAYERSETUSAGE(#83,.AXIS2.,.NEGATIVE.,0.);
#288= IFCCARTESIANPOINT((6.,0.,0.));
#289= IFCAXIS2PLACEMENT3D(#288,#161,#225);
#290= IFCLOCALPLACEMENT(#270,#289);
#291= IFCAXIS2PLACEMENT2D(#232,$);
#292= IFCRECTANGLEPROFILEDEF(.AREA.,$,#291,0.9,0.3);
#293= IFCEXTRUDEDAREASOLID(#292,#7,#161,2.1);
#294= IFCSHAPEREPRESENTATION(#10,'Body','SweptSolid',(#293));
#295= IFCPRODUCTDEFINITIONSHAPE($,$,(#294));
#296= IFCOPENINGELEMENT('3BWfLGegRjq_btazxXwwLy',#5,'Door 1',$,$,#290,#295,'o-door-1');
#297= IFCRELVOIDSELEMENT('201yQQyooBQnCjDGrp8vFi',#5,$,$,#276,#296);
#298= IFCDIRECTION((0.,-1.,0.));
#299= IFCAXIS2PLACEMENT3D(#6,#298,#225);
#300= IFCLOCALPLACEMENT(#290,#299);
#301= IFCCARTESIANPOINT((-0.45,0.));
#302= IFCCARTESIANPOINT((0.45,0.));
#303= IFCCARTESIANPOINT((0.45,2.1));
#304= IFCCARTESIANPOINT((-0.45,2.1));
#305= IFCPOLYLINE((#301,#302,#303,#304,#301));
#306= IFCCARTESIANPOINT((-0.4,0.05));
#307= IFCCARTESIANPOINT((0.4,0.05));
#308= IFCCARTESIANPOINT((0.4,2.05));
#309= IFCCARTESIANPOINT((-0.4,2.05));
#310= IFCPOLYLINE((#306,#307,#308,#309,#306));
#311= IFCARBITRARYPROFILEDEFWITHVOIDS(.AREA.,$,#305,(#310));
#312= IFCCARTESIANPOINT((0.,0.,-0.05));
#313= IFCAXIS2PLACEMENT3D(#312,$,$);
#314= IFCEXTRUDEDAREASOLID(#311,#313,#161,0.1);
#315= IFCCARTESIANPOINT((0.,1.05));
#316= IFCAXIS2PLACEMENT2D(#315,$);
#317= IFCRECTANGLEPROFILEDEF(.AREA.,$,#316,0.8,2.);
#318= IFCCARTESIANPOINT((0.,0.,-0.02));
#319= IFCAXIS2PLACEMENT3D(#318,$,$);
#320= IFCEXTRUDEDAREASOLID(#317,#319,#161,0.04);
#321= IFCSHAPEREPRESENTATION(#10,'Body','SweptSolid',(#314,#320));
#322= IFCPRODUCTDEFINITIONSHAPE($,$,(#321));
#323= IFCDOOR('2fCFg0CDufLXBMAX$Tdc7I',#5,'Door 1',$,$,#300,#322,'o-door-1',2.1,0.9);
#324= IFCRELFILLSELEMENT('148qvDSg7Us9AZyU9eM0wR',#5,$,$,#296,#323);
#325= IFCCARTESIANPOINT((4.,0.,0.));
#326= IFCAXIS2PLACEMENT3D(#325,$,$);
#327= IFCLOCALPLACEMENT(#227,#326);
#328= IFCRECTANGLEPROFILEDEF(.AREA.,$,#291,1.8,0.3);
#329= IFCEXTRUDEDAREASOLID(#328,#7,#161,2.1);
#330= IFCSHAPEREPRESENTATION(#10,'Body','SweptSolid',(#329));
#331= IFCPRODUCTDEFINITIONSHAPE($,$,(#330));
#332= IFCOPENINGELEMENT('1gRR7GuSTXNA2TUjbcIVZ9',#5,'Double door',$,$,#327,#331,'o-door-2');
#333= IFCRELVOIDSELEMENT('0r4bMz6NhtTB2KnXZdOQEE',#5,$,$,#237,#332);
#334= IFCLOCALPLACEMENT(#327,#299);
#335= IFCCARTESIANPOINT((-0.9,0.));
#336= IFCCARTESIANPOINT((0.9,0.));
#337= IFCCARTESIANPOINT((0.9,2.1));
#338= IFCCARTESIANPOINT((-0.9,2.1));
#339= IFCPOLYLINE((#335,#336,#337,#338,#335));
#340= IFCCARTESIANPOINT((-0.85,0.05));
#341= IFCCARTESIANPOINT((0.85,0.05));
#342= IFCCARTESIANPOINT((0.85,2.05));
#343= IFCCARTESIANPOINT((-0.85,2.05));
#344= IFCPOLYLINE((#340,#341,#342,#343,#340));
#345= IFCARBITRARYPROFILEDEFWITHVOIDS(.AREA.,$,#339,(#344));
#346= IFCEXTRUDEDAREASOLID(#345,#313,#161,0.1);
#347= IFCRECTANGLEPROFILEDEF(.AREA.,$,#316,1.7,2.);
#348= IFCEXTRUDEDAREASOLID(#347,#319,#161,0.04);
#349= IFCSHAPEREPRESENTATION(#10,'Body','SweptSolid',(#346,#348));
#350= IFCPRODUCTDEFINITIONSHAPE($,$,(#349));
#351= IFCDOOR('223loIyAlgDj1_Tv4csUmJ',#5,'Double door',$,$,#334,#350,'o-door-2',2.1,1.8);
#352= IFCRELFILLSELEMENT('27YiIFT_YcdPT5a8D0h2fg',#5,$,$,#332,#351);
#353= IFCCARTESIANPOINT((7.85,3.,1.));
#354= IFCDIRECTION((0.,1.,0.));
#355= IFCAXIS2PLACEMENT3D(#353,#161,#354);
#356= IFCLOCALPLACEMENT(#215,#355);
#357= IFCRECTANGLEPROFILEDEF(.AREA.,$,#291,0.6,0.3);
#358= IFCEXTRUDEDAREASOLID(#357,#7,#161,0.8);
#359= IFCSHAPEREPRESENTATION(#10,'Body','SweptSolid',(#358));
#360= IFCPRODUCTDEFINITIONSHAPE($,$,(#359));
#361= IFCOPENINGELEMENT('0rWSt43$D08pzsIc8V48m6',#5,'Duct',$,$,#356,#360,'o-void-1');
#362= IFCRELVOIDSELEMENT('06mRGw1d4i0Oy$gmFCdJ87',#5,$,$,#223,#361);
#363= IFCCARTESIANPOINT((2.,0.,0.9));
#364= IFCAXIS2PLACEMENT3D(#363,#161,#225);
#365= IFCLOCALPLACEMENT(#270,#364);
#366= IFCRECTANGLEPROFILEDEF(.AREA.,$,#291,1.2,0.3);
#367= IFCEXTRUDEDAREASOLID(#366,#7,#161,1.2);
#368= IFCSHAPEREPRESENTATION(#10,'Body','SweptSolid',(#367));
#369= IFCPRODUCTDEFINITIONSHAPE($,$,(#368));
#370= IFCOPENINGELEMENT('27DdlupN0yEFmkAspmX06m',#5,'Window 1',$,$,#365,#369,'o-win-1');
#371= IFCRELVOIDSELEMENT('1W2iP6T0EDbNkzUDGWnBQH',#5,$,$,#276,#370);
#372= IFCLOCALPLACEMENT(#365,#299);
#373= IFCCARTESIANPOINT((-0.6,0.));
#374= IFCCARTESIANPOINT((0.6,0.));
#375= IFCCARTESIANPOINT((0.6,1.2));
#376= IFCCARTESIANPOINT((-0.6,1.2));
#377= IFCPOLYLINE((#373,#374,#375,#376,#373));
#378= IFCCARTESIANPOINT((-0.54,0.06));
#379= IFCCARTESIANPOINT((0.54,0.06));
#380= IFCCARTESIANPOINT((0.54,1.14));
#381= IFCCARTESIANPOINT((-0.54,1.14));
#382= IFCPOLYLINE((#378,#379,#380,#381,#378));
#383= IFCARBITRARYPROFILEDEFWITHVOIDS(.AREA.,$,#377,(#382));
#384= IFCCARTESIANPOINT((0.,0.,-0.04));
#385= IFCAXIS2PLACEMENT3D(#384,$,$);
#386= IFCEXTRUDEDAREASOLID(#383,#385,#161,0.08);
#387= IFCCARTESIANPOINT((0.,0.6));
#388= IFCAXIS2PLACEMENT2D(#387,$);
#389= IFCRECTANGLEPROFILEDEF(.AREA.,$,#388,1.08,1.08);
#390= IFCCARTESIANPOINT((0.,0.,-0.012));
#391= IFCAXIS2PLACEMENT3D(#390,$,$);
#392= IFCEXTRUDEDAREASOLID(#389,#391,#161,0.024);
#393= IFCSHAPEREPRESENTATION(#10,'Body','SweptSolid',(#386,#392));
#394= IFCPRODUCTDEFINITIONSHAPE($,$,(#393));
#395= IFCWINDOW('0Hg8L_ovkYJla5LU6cKnqj',#5,'Window 1',$,$,#372,#394,'o-win-1',1.2,1.2);
#396= IFCRELFILLSELEMENT('3XmyYJdKnA8DK_LsbcmzU8',#5,$,$,#370,#395);
#397= IFCCARTESIANPOINT((4.,6.,1.));
#398= IFCDIRECTION((-1.,0.,0.));
#399= IFCAXIS2PLACEMENT3D(#397,#161,#398);
#400= IFCLOCALPLACEMENT(#257,#399);
#401= IFCRECTANGLEPROFILEDEF(.AREA.,$,#291,1.,0.3);
#402= IFCEXTRUDEDAREASOLID(#401,#7,#161,1.2);
#403= IFCSHAPEREPRESENTATION(#10,'Body','SweptSolid',(#402));
#404= IFCPRODUCTDEFINITIONSHAPE($,$,(#403));
#405= IFCOPENINGELEMENT('2Vt405vGhV2gNcKGYbs8DJ',#5,'Window 2',$,$,#400,#404,'o-win-2');
#406= IFCRELVOIDSELEMENT('3aUb8sFa1a5m3vgvIs8Yod',#5,$,$,#264,#405);
#407= IFCAXIS2PLACEMENT3D(#6,#354,#398);
#408= IFCLOCALPLACEMENT(#400,#407);
#409= IFCCARTESIANPOINT((-0.5,0.));
#410= IFCCARTESIANPOINT((0.5,0.));
#411= IFCCARTESIANPOINT((0.5,1.2));
#412= IFCCARTESIANPOINT((-0.5,1.2));
#413= IFCPOLYLINE((#409,#410,#411,#412,#409));
#414= IFCCARTESIANPOINT((-0.44,0.06));
#415= IFCCARTESIANPOINT((0.44,0.06));
#416= IFCCARTESIANPOINT((0.44,1.14));
#417= IFCCARTESIANPOINT((-0.44,1.14));
#418= IFCPOLYLINE((#414,#415,#416,#417,#414));
#419= IFCARBITRARYPROFILEDEFWITHVOIDS(.AREA.,$,#413,(#418));
#420= IFCEXTRUDEDAREASOLID(#419,#385,#161,0.08);
#421= IFCRECTANGLEPROFILEDEF(.AREA.,$,#388,0.88,1.08);
#422= IFCEXTRUDEDAREASOLID(#421,#391,#161,0.024);
#423= IFCSHAPEREPRESENTATION(#10,'Body','SweptSolid',(#420,#422));
#424= IFCPRODUCTDEFINITIONSHAPE($,$,(#423));
#425= IFCWINDOW('24ReR_W7KzySDnOE328Mxk',#5,'Window 2',$,$,#408,#424,'o-win-2',1.2,1.);
#426= IFCRELFILLSELEMENT('2OwZC2RNywJ3zd0Rfpg_Yt',#5,$,$,#405,#425);
#427= IFCCARTESIANPOINT((10.785204679,3.292564457,0.9));
#428= IFCDIRECTION((-0.100884295,0.994898165,0.));
#429= IFCAXIS2PLACEMENT3D(#427,#161,#428);
#430= IFCLOCALPLACEMENT(#198,#429);
#431= IFCRECTANGLEPROFILEDEF(.AREA.,$,#291,1.2,0.15);
#432= IFCEXTRUDEDAREASOLID(#431,#7,#161,1.2);
#433= IFCSHAPEREPRESENTATION(#10,'Body','SweptSolid',(#432));
#434= IFCPRODUCTDEFINITIONSHAPE($,$,(#433));
#435= IFCOPENINGELEMENT('0KEmTO5Jjh8yU0m0ExmQAq',#5,'Curved window',$,$,#430,#434,'o-win-arc');
#436= IFCRELVOIDSELEMENT('0us4SWPg2ZLVziH8Fv3kqH',#5,$,$,#207,#435);
#437= IFCLOCALPLACEMENT(#430,#299);
#438= IFCPOLYLINE((#373,#374,#375,#376,#373));
#439= IFCPOLYLINE((#378,#379,#380,#381,#378));
#440= IFCARBITRARYPROFILEDEFWITHVOIDS(.AREA.,$,#438,(#439));
#441= IFCEXTRUDEDAREASOLID(#440,#385,#161,0.08);
#442= IFCRECTANGLEPROFILEDEF(.AREA.,$,#388,1.08,1.08);
#443= IFCEXTRUDEDAREASOLID(#442,#391,#161,0.024);
#444= IFCSHAPEREPRESENTATION(#10,'Body','SweptSolid',(#441,#443));
#445= IFCPRODUCTDEFINITIONSHAPE($,$,(#444));
#446= IFCWINDOW('0qR1KV89aTRZn4obMgmcfa',#5,'Curved window',$,$,#437,#445,'o-win-arc',1.2,1.2);
#447= IFCRELFILLSELEMENT('0mO6s6DqRWAUJG56wYGXAx',#5,$,$,#435,#446);
#448= IFCLOCALPLACEMENT(#172,#7);
#449= IFCCURTAINWALL('3pCWwP0g60yXP7QurIkFzG',#5,'Facade',$,$,#448,$,'cw-1');
#450= IFCCARTESIANPOINT((0.,6.05,0.));
#451= IFCCARTESIANPOINT((0.05,5.95,0.));
#452= IFCCARTESIANPOINT((0.,5.95,0.));
#453= IFCCARTESIANPOINT((0.,6.05,2.8));
#454= IFCCARTESIANPOINT((0.,5.95,2.8));
#455= IFCCARTESIANPOINT((0.05,5.95,2.8));
#456= IFCCARTESIANPOINT((0.05,6.05,0.));
#457= IFCCARTESIANPOINT((0.05,6.05,2.8));
#458= IFCCARTESIANPOINT((1.475,6.05,0.));
#459= IFCCARTESIANPOINT((1.525,5.95,0.));
#460= IFCCARTESIANPOINT((1.475,5.95,0.));
#461= IFCCARTESIANPOINT((1.475,6.05,2.8));
#462= IFCCARTESIANPOINT((1.475,5.95,2.8));
#463= IFCCARTESIANPOINT((1.525,5.95,2.8));
#464= IFCCARTESIANPOINT((1.525,6.05,0.));
#465= IFCCARTESIANPOINT((1.525,6.05,2.8));
#466= IFCCARTESIANPOINT((2.975,6.05,0.));
#467= IFCCARTESIANPOINT((3.025,5.95,0.));
#468= IFCCARTESIANPOINT((2.975,5.95,0.));
#469= IFCCARTESIANPOINT((2.975,6.05,2.8));
#470= IFCCARTESIANPOINT((2.975,5.95,2.8));
#471= IFCCARTESIANPOINT((3.025,5.95,2.8));
#472= IFCCARTESIANPOINT((3.025,6.05,0.));
#473= IFCCARTESIANPOINT((3.025,6.05,2.8));
#474= IFCCARTESIANPOINT((4.475,6.05,0.));
#475= IFCCARTESIANPOINT((4.525,5.95,0.));
#476= IFCCARTESIANPOINT((4.475,5.95,0.));
#477= IFCCARTESIANPOINT((4.475,6.05,2.8));
#478= IFCCARTESIANPOINT((4.475,5.95,2.8));
#479= IFCCARTESIANPOINT((4.525,5.95,2.8));
#480= IFCCARTESIANPOINT((4.525,6.05,0.));
#481= IFCCARTESIANPOINT((4.525,6.05,2.8));
#482= IFCCARTESIANPOINT((5.95,6.05,0.));
#483= IFCCARTESIANPOINT((6.,5.95,0.));
#484= IFCCARTESIANPOINT((5.95,5.95,0.));
#485= IFCCARTESIANPOINT((5.95,6.05,2.8));
#486= IFCCARTESIANPOINT((5.95,5.95,2.8));
#487= IFCCARTESIANPOINT((6.,5.95,2.8));
#488= IFCCARTESIANPOINT((6.,6.05,0.));
#489= IFCCARTESIANPOINT((6.,6.05,2.8));
#490= IFCCARTESIANPOINT((0.05,6.05,0.05));
#491= IFCCARTESIANPOINT((1.475,6.05,0.05));
#492= IFCCARTESIANPOINT((0.05,5.95,0.05));
#493= IFCCARTESIANPOINT((1.475,5.95,0.05));
#494= IFCCARTESIANPOINT((1.525,6.05,0.05));
#495= IFCCARTESIANPOINT((2.975,6.05,0.05));
#496= IFCCARTESIANPOINT((1.525,5.95,0.05));
#497= IFCCARTESIANPOINT((2.975,5.95,0.05));
#498= IFCCARTESIANPOINT((3.025,6.05,0.05));
#499= IFCCARTESIANPOINT((4.475,6.05,0.05));
#500= IFCCARTESIANPOINT((3.025,5.95,0.05));
#501= IFCCARTESIANPOINT((4.475,5.95,0.05));
#502= IFCCARTESIANPOINT((4.525,6.05,0.05));
#503= IFCCARTESIANPOINT((5.95,6.05,0.05));
#504= IFCCARTESIANPOINT((4.525,5.95,0.05));
#505= IFCCARTESIANPOINT((5.95,5.95,0.05));
#506= IFCCARTESIANPOINT((0.05,5.95,1.375));
#507= IFCCARTESIANPOINT((0.05,6.05,1.425));
#508= IFCCARTESIANPOINT((0.05,6.05,1.375));
#509= IFCCARTESIANPOINT((1.475,5.95,1.375));
#510= IFCCARTESIANPOINT((1.475,6.05,1.375));
#511= IFCCARTESIANPOINT((1.475,6.05,1.425));
#512= IFCCARTESIANPOINT((0.05,5.95,1.425));
#513= IFCCARTESIANPOINT((1.475,5.95,1.425));
#514= IFCCARTESIANPOINT((1.525,5.95,1.375));
#515= IFCCARTESIANPOINT((1.525,6.05,1.425));
#516= IFCCARTESIANPOINT((1.525,6.05,1.375));
#517= IFCCARTESIANPOINT((2.975,5.95,1.375));
#518= IFCCARTESIANPOINT((2.975,6.05,1.375));
#519= IFCCARTESIANPOINT((2.975,6.05,1.425));
#520= IFCCARTESIANPOINT((1.525,5.95,1.425));
#521= IFCCARTESIANPOINT((2.975,5.95,1.425));
#522= IFCCARTESIANPOINT((3.025,5.95,1.375));
#523= IFCCARTESIANPOINT((3.025,6.05,1.425));
#524= IFCCARTESIANPOINT((3.025,6.05,1.375));
#525= IFCCARTESIANPOINT((4.475,5.95,1.375));
#526= IFCCARTESIANPOINT((4.475,6.05,1.375));
#527= IFCCARTESIANPOINT((4.475,6.05,1.425));
#528= IFCCARTESIANPOINT((3.025,5.95,1.425));
#529= IFCCARTESIANPOINT((4.475,5.95,1.425));
#530= IFCCARTESIANPOINT((4.525,5.95,1.375));
#531= IFCCARTESIANPOINT((4.525,6.05,1.425));
#532= IFCCARTESIANPOINT((4.525,6.05,1.375));
#533= IFCCARTESIANPOINT((5.95,5.95,1.375));
#534= IFCCARTESIANPOINT((5.95,6.05,1.375));
#535= IFCCARTESIANPOINT((5.95,6.05,1.425));
#536= IFCCARTESIANPOINT((4.525,5.95,1.425));
#537= IFCCARTESIANPOINT((5.95,5.95,1.425));
#538= IFCCARTESIANPOINT((0.05,5.95,2.75));
#539= IFCCARTESIANPOINT((0.05,6.05,2.75));
#540= IFCCARTESIANPOINT((1.475,5.95,2.75));
#541= IFCCARTESIANPOINT((1.475,6.05,2.75));
#542= IFCCARTESIANPOINT((1.525,5.95,2.75));
#543= IFCCARTESIANPOINT((1.525,6.05,2.75));
#544= IFCCARTESIANPOINT((2.975,5.95,2.75));
#545= IFCCARTESIANPOINT((2.975,6.05,2.75));
#546= IFCCARTESIANPOINT((3.025,5.95,2.75));
#547= IFCCARTESIANPOINT((3.025,6.05,2.75));
#548= IFCCARTESIANPOINT((4.475,5.95,2.75));
#549= IFCCARTESIANPOINT((4.475,6.05,2.75));
#550= IFCCARTESIANPOINT((4.525,5.95,2.75));
#551= IFCCARTESIANPOINT((4.525,6.05,2.75));
#552= IFCCARTESIANPOINT((5.95,5.95,2.75));
#553= IFCCARTESIANPOINT((5.95,6.05,2.75));
#554= IFCPOLYLOOP((#450,#451,#452));
#555= IFCFACEOUTERBOUND(#554,.T.);
#556= IFCFACE((#555));
#557= IFCPOLYLOOP((#453,#454,#455));
#558= IFCFACEOUTERBOUND(#557,.T.);
#559= IFCFACE((#558));
#560= IFCPOLYLOOP((#450,#456,#451));
#561= IFCFACEOUTERBOUND(#560,.T.);
#562= IFCFACE((#561));
#563= IFCPOLYLOOP((#453,#455,#457));
#564= IFCFACEOUTERBOUND(#563,.T.);
#565= IFCFACE((#564));
#566= IFCPOLYLOOP((#452,#451,#455));
#567= IFCFACEOUTERBOUND(#566,.T.);
#568= IFCFACE((#567));
#569= IFCPOLYLOOP((#452,#455,#454));
#570= IFCFACEOUTERBOUND(#569,.T.);
#571= IFCFACE((#570));
#572= IFCPOLYLOOP((#451,#456,#457));
#573= IFCFACEOUTERBOUND(#572,.T.);
#574= IFCFACE((#573));
#575= IFCPOLYLOOP((#451,#457,#455));
#576= IFCFACEOUTERBOUND(#575,.T.);
#577= IFCFACE((#576));
#578= IFCPOLYLOOP((#456,#450,#453));
#579= IFCFACEOUTERBOUND(#578,.T.);
#580= IFCFACE((#579));
#581= IFCPOLYLOOP((#456,#453,#457));
#582= IFCFACEOUTERBOUND(#581,.T.);
#583= IFCFACE((#582));
#584= IFCPOLYLOOP((#450,#452,#454));
#585= IFCFACEOUTERBOUND(#584,.T.);
#586= IFCFACE((#585));
#587= IFCPOLYLOOP((#450,#454,#453));
#588= IFCFACEOUTERBOUND(#587,.T.);
#589= IFCFACE((#588));
#590= IFCPOLYLOOP((#458,#459,#460));
#591= IFCFACEOUTERBOUND(#590,.T.);
#592= IFCFACE((#591));
#593= IFCPOLYLOOP((#461,#462,#463));
#594= IFCFACEOUTERBOUND(#593,.T.);
#595= IFCFACE((#594));
#596= IFCPOLYLOOP((#458,#464,#459));
#597= IFCFACEOUTERBOUND(#596,.T.);
#598= IFCFACE((#597));
#599= IFCPOLYLOOP((#461,#463,#465));
#600= IFCFACEOUTERBOUND(#599,.T.);
#601= IFCFACE((#600));
#602= IFCPOLYLOOP((#460,#459,#463));
#603= IFCFACEOUTERBOUND(#602,.T.);
#604= IFCFACE((#603));
#605= IFCPOLYLOOP((#460,#463,#462));
#606= IFCFACEOUTERBOUND(#605,.T.);
#607= IFCFACE((#606));
#608= IFCPOLYLOOP((#459,#464,#465));
#609= IFCFACEOUTERBOUND(#608,.T.);
#610= IFCFACE((#609));
#611= IFCPOLYLOOP((#459,#465,#463));
#612= IFCFACEOUTERBOUND(#611,.T.);
#613= IFCFACE((#612));
#614= IFCPOLYLOOP((#464,#458,#461));
#615= IFCFACEOUTERBOUND(#614,.T.);
#616= IFCFACE((#615));
#617= IFCPOLYLOOP((#464,#461,#465));
#618= IFCFACEOUTERBOUND(#617,.T.);
#619= IFCFACE((#618));
#620= IFCPOLYLOOP((#458,#460,#462));
#621= IFCFACEOUTERBOUND(#620,.T.);
#622= IFCFACE((#621));
#623= IFCPOLYLOOP((#458,#462,#461));
#624= IFCFACEOUTERBOUND(#623,.T.);
#625= IFCFACE((#624));
#626= IFCPOLYLOOP((#466,#467,#468));
#627= IFCFACEOUTERBOUND(#626,.T.);
#628= IFCFACE((#627));
#629= IFCPOLYLOOP((#469,#470,#471));
#630= IFCFACEOUTERBOUND(#629,.T.);
#631= IFCFACE((#630));
#632= IFCPOLYLOOP((#466,#472,#467));
#633= IFCFACEOUTERBOUND(#632,.T.);
#634= IFCFACE((#633));
#635= IFCPOLYLOOP((#469,#471,#473));
#636= IFCFACEOUTERBOUND(#635,.T.);
#637= IFCFACE((#636));
#638= IFCPOLYLOOP((#468,#467,#471));
#639= IFCFACEOUTERBOUND(#638,.T.);
#640= IFCFACE((#639));
#641= IFCPOLYLOOP((#468,#471,#470));
#642= IFCFACEOUTERBOUND(#641,.T.);
#643= IFCFACE((#642));
#644= IFCPOLYLOOP((#467,#472,#473));
#645= IFCFACEOUTERBOUND(#644,.T.);
#646= IFCFACE((#645));
#647= IFCPOLYLOOP((#467,#473,#471));
#648= IFCFACEOUTERBOUND(#647,.T.);
#649= IFCFACE((#648));
#650= IFCPOLYLOOP((#472,#466,#469));
#651= IFCFACEOUTERBOUND(#650,.T.);
#652= IFCFACE((#651));
#653= IFCPOLYLOOP((#472,#469,#473));
#654= IFCFACEOUTERBOUND(#653,.T.);
#655= IFCFACE((#654));
#656= IFCPOLYLOOP((#466,#468,#470));
#657= IFCFACEOUTERBOUND(#656,.T.);
#658= IFCFACE((#657));
#659= IFCPOLYLOOP((#466,#470,#469));
#660= IFCFACEOUTERBOUND(#659,.T.);
#661= IFCFACE((#660));
#662= IFCPOLYLOOP((#474,#475,#476));
#663= IFCFACEOUTERBOUND(#662,.T.);
#664= IFCFACE((#663));
#665= IFCPOLYLOOP((#477,#478,#479));
#666= IFCFACEOUTERBOUND(#665,.T.);
#667= IFCFACE((#666));
#668= IFCPOLYLOOP((#474,#480,#475));
#669= IFCFACEOUTERBOUND(#668,.T.);
#670= IFCFACE((#669));
#671= IFCPOLYLOOP((#477,#479,#481));
#672= IFCFACEOUTERBOUND(#671,.T.);
#673= IFCFACE((#672));
#674= IFCPOLYLOOP((#476,#475,#479));
#675= IFCFACEOUTERBOUND(#674,.T.);
#676= IFCFACE((#675));
#677= IFCPOLYLOOP((#476,#479,#478));
#678= IFCFACEOUTERBOUND(#677,.T.);
#679= IFCFACE((#678));
#680= IFCPOLYLOOP((#475,#480,#481));
#681= IFCFACEOUTERBOUND(#680,.T.);
#682= IFCFACE((#681));
#683= IFCPOLYLOOP((#475,#481,#479));
#684= IFCFACEOUTERBOUND(#683,.T.);
#685= IFCFACE((#684));
#686= IFCPOLYLOOP((#480,#474,#477));
#687= IFCFACEOUTERBOUND(#686,.T.);
#688= IFCFACE((#687));
#689= IFCPOLYLOOP((#480,#477,#481));
#690= IFCFACEOUTERBOUND(#689,.T.);
#691= IFCFACE((#690));
#692= IFCPOLYLOOP((#474,#476,#478));
#693= IFCFACEOUTERBOUND(#692,.T.);
#694= IFCFACE((#693));
#695= IFCPOLYLOOP((#474,#478,#477));
#696= IFCFACEOUTERBOUND(#695,.T.);
#697= IFCFACE((#696));
#698= IFCPOLYLOOP((#482,#483,#484));
#699= IFCFACEOUTERBOUND(#698,.T.);
#700= IFCFACE((#699));
#701= IFCPOLYLOOP((#485,#486,#487));
#702= IFCFACEOUTERBOUND(#701,.T.);
#703= IFCFACE((#702));
#704= IFCPOLYLOOP((#482,#488,#483));
#705= IFCFACEOUTERBOUND(#704,.T.);
#706= IFCFACE((#705));
#707= IFCPOLYLOOP((#485,#487,#489));
#708= IFCFACEOUTERBOUND(#707,.T.);
#709= IFCFACE((#708));
#710= IFCPOLYLOOP((#484,#483,#487));
#711= IFCFACEOUTERBOUND(#710,.T.);
#712= IFCFACE((#711));
#713= IFCPOLYLOOP((#484,#487,#486));
#714= IFCFACEOUTERBOUND(#713,.T.);
#715= IFCFACE((#714));
#716= IFCPOLYLOOP((#483,#488,#489));
#717= IFCFACEOUTERBOUND(#716,.T.);
#718= IFCFACE((#717));
#719= IFCPOLYLOOP((#483,#489,#487));
#720= IFCFACEOUTERBOUND(#719,.T.);
#721= IFCFACE((#720));
#722= IFCPOLYLOOP((#488,#482,#485));
#723= IFCFACEOUTERBOUND(#722,.T.);
#724= IFCFACE((#723));
#725= IFCPOLYLOOP((#488,#485,#489));
#726= IFCFACEOUTERBOUND(#725,.T.);
#727= IFCFACE((#726));
#728= IFCPOLYLOOP((#482,#484,#486));
#729= IFCFACEOUTERBOUND(#728,.T.);
#730= IFCFACE((#729));
#731= IFCPOLYLOOP((#482,#486,#485));
#732= IFCFACEOUTERBOUND(#731,.T.);
#733= IFCFACE((#732));
#734= IFCPOLYLOOP((#451,#490,#456));
#735= IFCFACEOUTERBOUND(#734,.T.);
#736= IFCFACE((#735));
#737= IFCPOLYLOOP((#460,#458,#491));
#738= IFCFACEOUTERBOUND(#737,.T.);
#739= IFCFACE((#738));
#740= IFCPOLYLOOP((#451,#492,#490));
#741= IFCFACEOUTERBOUND(#740,.T.);
#742= IFCFACE((#741));
#743= IFCPOLYLOOP((#460,#491,#493));
#744= IFCFACEOUTERBOUND(#743,.T.);
#745= IFCFACE((#744));
#746= IFCPOLYLOOP((#456,#490,#491));
#747= IFCFACEOUTERBOUND(#746,.T.);
#748= IFCFACE((#747));
#749= IFCPOLYLOOP((#456,#491,#458));
#750= IFCFACEOUTERBOUND(#749,.T.);
#751= IFCFACE((#750));
#752= IFCPOLYLOOP((#490,#492,#493));
#753= IFCFACEOUTERBOUND(#752,.T.);
#754= IFCFACE((#753));
#755= IFCPOLYLOOP((#490,#493,#491));
#756= IFCFACEOUTERBOUND(#755,.T.);
#757= IFCFACE((#756));
#758= IFCPOLYLOOP((#492,#451,#460));
#759= IFCFACEOUTERBOUND(#758,.T.);
#760= IFCFACE((#759));
#761= IFCPOLYLOOP((#492,#460,#493));
#762= IFCFACEOUTERBOUND(#761,.T.);
#763= IFCFACE((#762));
#764= IFCPOLYLOOP((#451,#456,#458));
#765= IFCFACEOUTERBOUND(#764,.T.);
#766= IFCFACE((#765));
#767= IFCPOLYLOOP((#451,#458,#460));
#768= IFCFACEOUTERBOUND(#767,.T.);
#769= IFCFACE((#768));
#770= IFCPOLYLOOP((#459,#494,#464));
#771= IFCFACEOUTERBOUND(#770,.T.);
#772= IFCFACE((#771));
#773= IFCPOLYLOOP((#468,#466,#495));
#774= IFCFACEOUTERBOUND(#773,.T.);
#775= IFCFACE((#774));
#776= IFCPOLYLOOP((#459,#496,#494));
#777= IFCFACEOUTERBOUND(#776,.T.);
#778= IFCFACE((#777));
#779= IFCPOLYLOOP((#468,#495,#497));
#780= IFCFACEOUTERBOUND(#779,.T.);
#781= IFCFACE((#780));
#782= IFCPOLYLOOP((#464,#494,#495));
#783= IFCFACEOUTERBOUND(#782,.T.);
#784= IFCFACE((#783));
#785= IFCPOLYLOOP((#464,#495,#466));
#786= IFCFACEOUTERBOUND(#785,.T.);
#787= IFCFACE((#786));
#788= IFCPOLYLOOP((#494,#496,#497));
#789= IFCFACEOUTERBOUND(#788,.T.);
#790= IFCFACE((#789));
#791= IFCPOLYLOOP((#494,#497,#495));
#792= IFCFACEOUTERBOUND(#791,.T.);
#793= IFCFACE((#792));
#794= IFCPOLYLOOP((#496,#459,#468));
#795= IFCFACEOUTERBOUND(#794,.T.);
#796= IFCFACE((#795));
#797= IFCPOLYLOOP((#496,#468,#497));
#798= IFCFACEOUTERBOUND(#797,.T.);
#799= IFCFACE((#798));
#800= IFCPOLYLOOP((#459,#464,#466));
#801= IFCFACEOUTERBOUND(#800,.T.);
#802= IFCFACE((#801));
#803= IFCPOLYLOOP((#459,#466,#468));
#804= IFCFACEOUTERBOUND(#803,.T.);
#805= IFCFACE((#804));
#806= IFCPOLYLOOP((#467,#498,#472));
#807= IFCFACEOUTERBOUND(#806,.T.);
#808= IFCFACE((#807));
#809= IFCPOLYLOOP((#476,#474,#499));
#810= IFCFACEOUTERBOUND(#809,.T.);
#811= IFCFACE((#810));
#812= IFCPOLYLOOP((#467,#500,#498));
#813= IFCFACEOUTERBOUND(#812,.T.);
#814= IFCFACE((#813));
#815= IFCPOLYLOOP((#476,#499,#501));
#816= IFCFACEOUTERBOUND(#815,.T.);
#817= IFCFACE((#816));
#818= IFCPOLYLOOP((#472,#498,#499));
#819= IFCFACEOUTERBOUND(#818,.T.);
#820= IFCFACE((#819));
#821= IFCPOLYLOOP((#472,#499,#474));
#822= IFCFACEOUTERBOUND(#821,.T.);
#823= IFCFACE((#822));
#824= IFCPOLYLOOP((#498,#500,#501));
#825= IFCFACEOUTERBOUND(#824,.T.);
#826= IFCFACE((#825));
#827= IFCPOLYLOOP((#498,#501,#499));
#828= IFCFACEOUTERBOUND(#827,.T.);
#829= IFCFACE((#828));
#830= IFCPOLYLOOP((#500,#467,#476));
#831= IFCFACEOUTERBOUND(#830,.T.);
#832= IFCFACE((#831));
#833= IFCPOLYLOOP((#500,#476,#501));
#834= IFCFACEOUTERBOUND(#833,.T.);
#835= IFCFACE((#834));
#836= IFCPOLYLOOP((#467,#472,#474));
#837= IFCFACEOUTERBOUND(#836,.T.);
#838= IFCFACE((#837));
#839= IFCPOLYLOOP((#467,#474,#476));
#840= IFCFACEOUTERBOUND(#839,.T.);
#841= IFCFACE((#840));
#842= IFCPOLYLOOP((#475,#502,#480));
#843= IFCFACEOUTERBOUND(#842,.T.);
#844= IFCFACE((#843));
#845= IFCPOLYLOOP((#484,#482,#503));
#846= IFCFACEOUTERBOUND(#845,.T.);
#847= IFCFACE((#846));
#848= IFCPOLYLOOP((#475,#504,#502));
#849= IFCFACEOUTERBOUND(#848,.T.);
#850= IFCFACE((#849));
#851= IFCPOLYLOOP((#484,#503,#505));
#852= IFCFACEOUTERBOUND(#851,.T.);
#853= IFCFACE((#852));
#854= IFCPOLYLOOP((#480,#502,#503));
#855= IFCFACEOUTERBOUND(#854,.T.);
#856= IFCFACE((#855));
#857= IFCPOLYLOOP((#480,#503,#482));
#858= IFCFACEOUTERBOUND(#857,.T.);
#859= IFCFACE((#858));
#860= IFCPOLYLOOP((#502,#504,#505));
#861= IFCFACEOUTERBOUND(#860,.T.);
#862= IFCFACE((#861));
#863= IFCPOLYLOOP((#502,#505,#503));
#864= IFCFACEOUTERBOUND(#863,.T.);
#865= IFCFACE((#864));
#866= IFCPOLYLOOP((#504,#475,#484));
#867= IFCFACEOUTERBOUND(#866,.T.);
#868= IFCFACE((#867));
#869= IFCPOLYLOOP((#504,#484,#505));
#870= IFCFACEOUTERBOUND(#869,.T.);
#871= IFCFACE((#870));
#872= IFCPOLYLOOP((#475,#480,#482));
#873= IFCFACEOUTERBOUND(#872,.T.);
#874= IFCFACE((#873));
#875= IFCPOLYLOOP((#475,#482,#484));
#876= IFCFACEOUTERBOUND(#875,.T.);
#877= IFCFACE((#876));
#878= IFCPOLYLOOP((#506,#507,#508));
#879= IFCFACEOUTERBOUND(#878,.T.);
#880= IFCFACE((#879));
#881= IFCPOLYLOOP((#509,#510,#511));
#882= IFCFACEOUTERBOUND(#881,.T.);
#883= IFCFACE((#882));
#884= IFCPOLYLOOP((#506,#512,#507));
#885= IFCFACEOUTERBOUND(#884,.T.);
#886= IFCFACE((#885));
#887= IFCPOLYLOOP((#509,#511,#513));
#888= IFCFACEOUTERBOUND(#887,.T.);
#889= IFCFACE((#888));
#890= IFCPOLYLOOP((#508,#507,#511));
#891= IFCFACEOUTERBOUND(#890,.T.);
#892= IFCFACE((#891));
#893= IFCPOLYLOOP((#508,#511,#510));
#894= IFCFACEOUTERBOUND(#893,.T.);
#895= IFCFACE((#894));
#896= IFCPOLYLOOP((#507,#512,#513));
#897= IFCFACEOUTERBOUND(#896,.T.);
#898= IFCFACE((#897));
#899= IFCPOLYLOOP((#507,#513,#511));
#900= IFCFACEOUTERBOUND(#899,.T.);
#901= IFCFACE((#900));
#902= IFCPOLYLOOP((#512,#506,#509));
#903= IFCFACEOUTERBOUND(#902,.T.);
#904= IFCFACE((#903));
#905= IFCPOLYLOOP((#512,#509,#513));
#906= IFCFACEOUTERBOUND(#905,.T.);
#907= IFCFACE((#906));
#908= IFCPOLYLOOP((#506,#508,#510));
#909= IFCFACEOUTERBOUND(#908,.T.);
#910= IFCFACE((#909));
#911= IFCPOLYLOOP((#506,#510,#509));
#912= IFCFACEOUTERBOUND(#911,.T.);
#913= IFCFACE((#912));
#914= IFCPOLYLOOP((#514,#515,#516));
#915= IFCFACEOUTERBOUND(#914,.T.);
#916= IFCFACE((#915));
#917= IFCPOLYLOOP((#517,#518,#519));
#918= IFCFACEOUTERBOUND(#917,.T.);
#919= IFCFACE((#918));
#920= IFCPOLYLOOP((#514,#520,#515));
#921= IFCFACEOUTERBOUND(#920,.T.);
#922= IFCFACE((#921));
#923= IFCPOLYLOOP((#517,#519,#521));
#924= IFCFACEOUTERBOUND(#923,.T.);
#925= IFCFACE((#924));
#926= IFCPOLYLOOP((#516,#515,#519));
#927= IFCFACEOUTERBOUND(#926,.T.);
#928= IFCFACE((#927));
#929= IFCPOLYLOOP((#516,#519,#518));
#930= IFCFACEOUTERBOUND(#929,.T.);
#931= IFCFACE((#930));
#932= IFCPOLYLOOP((#515,#520,#521));
#933= IFCFACEOUTERBOUND(#932,.T.);
#934= IFCFACE((#933));
#935= IFCPOLYLOOP((#515,#521,#519));
#936= IFCFACEOUTERBOUND(#935,.T.);
#937= IFCFACE((#936));
#938= IFCPOLYLOOP((#520,#514,#517));
#939= IFCFACEOUTERBOUND(#938,.T.);
#940= IFCFACE((#939));
#941= IFCPOLYLOOP((#520,#517,#521));
#942= IFCFACEOUTERBOUND(#941,.T.);
#943= IFCFACE((#942));
#944= IFCPOLYLOOP((#514,#516,#518));
#945= IFCFACEOUTERBOUND(#944,.T.);
#946= IFCFACE((#945));
#947= IFCPOLYLOOP((#514,#518,#517));
#948= IFCFACEOUTERBOUND(#947,.T.);
#949= IFCFACE((#948));
#950= IFCPOLYLOOP((#522,#523,#524));
#951= IFCFACEOUTERBOUND(#950,.T.);
#952= IFCFACE((#951));
#953= IFCPOLYLOOP((#525,#526,#527));
#954= IFCFACEOUTERBOUND(#953,.T.);
#955= IFCFACE((#954));
#956= IFCPOLYLOOP((#522,#528,#523));
#957= IFCFACEOUTERBOUND(#956,.T.);
#958= IFCFACE((#957));
#959= IFCPOLYLOOP((#525,#527,#529));
#960= IFCFACEOUTERBOUND(#959,.T.);
#961= IFCFACE((#960));
#962= IFCPOLYLOOP((#524,#523,#527));
#963= IFCFACEOUTERBOUND(#962,.T.);
#964= IFCFACE((#963));
#965= IFCPOLYLOOP((#524,#527,#526));
#966= IFCFACEOUTERBOUND(#965,.T.);
#967= IFCFACE((#966));
#968= IFCPOLYLOOP((#523,#528,#529));
#969= IFCFACEOUTERBOUND(#968,.T.);
#970= IFCFACE((#969));
#971= IFCPOLYLOOP((#523,#529,#527));
#972= IFCFACEOUTERBOUND(#971,.T.);
#973= IFCFACE((#972));
#974= IFCPOLYLOOP((#528,#522,#525));
#975= IFCFACEOUTERBOUND(#974,.T.);
#976= IFCFACE((#975));
#977= IFCPOLYLOOP((#528,#525,#529));
#978= IFCFACEOUTERBOUND(#977,.T.);
#979= IFCFACE((#978));
#980= IFCPOLYLOOP((#522,#524,#526));
#981= IFCFACEOUTERBOUND(#980,.T.);
#982= IFCFACE((#981));
#983= IFCPOLYLOOP((#522,#526,#525));
#984= IFCFACEOUTERBOUND(#983,.T.);
#985= IFCFACE((#984));
#986= IFCPOLYLOOP((#530,#531,#532));
#987= IFCFACEOUTERBOUND(#986,.T.);
#988= IFCFACE((#987));
#989= IFCPOLYLOOP((#533,#534,#535));
#990= IFCFACEOUTERBOUND(#989,.T.);
#991= IFCFACE((#990));
#992= IFCPOLYLOOP((#530,#536,#531));
#993= IFCFACEOUTERBOUND(#992,.T.);
#994= IFCFACE((#993));
#995= IFCPOLYLOOP((#533,#535,#537));
#996= IFCFACEOUTERBOUND(#995,.T.);
#997= IFCFACE((#996));
#998= IFCPOLYLOOP((#532,#531,#535));
#999= IFCFACEOUTERBOUND(#998,.T.);
#1000= IFCFACE((#999));
#1001= IFCPOLYLOOP((#532,#535,#534));
#1002= IFCFACEOUTERBOUND(#1001,.T.);
#1003= IFCFACE((#1002));
#1004= IFCPOLYLOOP((#531,#536,#537));
#1005= IFCFACEOUTERBOUND(#1004,.T.);
#1006= IFCFACE((#1005));
#1007= IFCPOLYLOOP((#531,#537,#535));
#1008= IFCFACEOUTERBOUND(#1007,.T.);
#1009= IFCFACE((#1008));
#1010= IFCPOLYLOOP((#536,#530,#533));
#1011= IFCFACEOUTERBOUND(#1010,.T.);
#1012= IFCFACE((#1011));
#1013= IFCPOLYLOOP((#536,#533,#537));
#1014= IFCFACEOUTERBOUND(#1013,.T.);
#1015= IFCFACE((#1014));
#1016= IFCPOLYLOOP((#530,#532,#534));
#1017= IFCFACEOUTERBOUND(#1016,.T.);
#1018= IFCFACE((#1017));
#1019= IFCPOLYLOOP((#530,#534,#533));
#1020= IFCFACEOUTERBOUND(#1019,.T.);
#1021= IFCFACE((#1020));
#1022= IFCPOLYLOOP((#538,#457,#539));
#1023= IFCFACEOUTERBOUND(#1022,.T.);
#1024= IFCFACE((#1023));
#1025= IFCPOLYLOOP((#540,#541,#461));
#1026= IFCFACEOUTERBOUND(#1025,.T.);
#1027= IFCFACE((#1026));
#1028= IFCPOLYLOOP((#538,#455,#457));
#1029= IFCFACEOUTERBOUND(#1028,.T.);
#1030= IFCFACE((#1029));
#1031= IFCPOLYLOOP((#540,#461,#462));
#1032= IFCFACEOUTERBOUND(#1031,.T.);
#1033= IFCFACE((#1032));
#1034= IFCPOLYLOOP((#539,#457,#461));
#1035= IFCFACEOUTERBOUND(#1034,.T.);
#1036= IFCFACE((#1035));
#1037= IFCPOLYLOOP((#539,#461,#541));
#1038= IFCFACEOUTERBOUND(#1037,.T.);
#1039= IFCFACE((#1038));
#1040= IFCPOLYLOOP((#457,#455,#462));
#1041= IFCFACEOUTERBOUND(#1040,.T.);
#1042= IFCFACE((#1041));
#1043= IFCPOLYLOOP((#457,#462,#461));
#1044= IFCFACEOUTERBOUND(#1043,.T.);
#1045= IFCFACE((#1044));
#1046= IFCPOLYLOOP((#455,#538,#540));
#1047= IFCFACEOUTERBOUND(#1046,.T.);
#1048= IFCFACE((#1047));
#1049= IFCPOLYLOOP((#455,#540,#462));
#1050= IFCFACEOUTERBOUND(#1049,.T.);
#1051= IFCFACE((#1050));
#1052= IFCPOLYLOOP((#538,#539,#541));
#1053= IFCFACEOUTERBOUND(#1052,.T.);
#1054= IFCFACE((#1053));
#1055= IFCPOLYLOOP((#538,#541,#540));
#1056= IFCFACEOUTERBOUND(#1055,.T.);
#1057= IFCFACE((#1056));
#1058= IFCPOLYLOOP((#542,#465,#543));
#1059= IFCFACEOUTERBOUND(#1058,.T.);
#1060= IFCFACE((#1059));
#1061= IFCPOLYLOOP((#544,#545,#469));
#1062= IFCFACEOUTERBOUND(#1061,.T.);
#1063= IFCFACE((#1062));
#1064= IFCPOLYLOOP((#542,#463,#465));
#1065= IFCFACEOUTERBOUND(#1064,.T.);
#1066= IFCFACE((#1065));
#1067= IFCPOLYLOOP((#544,#469,#470));
#1068= IFCFACEOUTERBOUND(#1067,.T.);
#1069= IFCFACE((#1068));
#1070= IFCPOLYLOOP((#543,#465,#469));
#1071= IFCFACEOUTERBOUND(#1070,.T.);
#1072= IFCFACE((#1071));
#1073= IFCPOLYLOOP((#543,#469,#545));
#1074= IFCFACEOUTERBOUND(#1073,.T.);
#1075= IFCFACE((#1074));
#1076= IFCPOLYLOOP((#465,#463,#470));
#1077= IFCFACEOUTERBOUND(#1076,.T.);
#1078= IFCFACE((#1077));
#1079= IFCPOLYLOOP((#465,#470,#469));
#1080= IFCFACEOUTERBOUND(#1079,.T.);
#1081= IFCFACE((#1080));
#1082= IFCPOLYLOOP((#463,#542,#544));
#1083= IFCFACEOUTERBOUND(#1082,.T.);
#1084= IFCFACE((#1083));
#1085= IFCPOLYLOOP((#463,#544,#470));
#1086= IFCFACEOUTERBOUND(#1085,.T.);
#1087= IFCFACE((#1086));
#1088= IFCPOLYLOOP((#542,#543,#545));
#1089= IFCFACEOUTERBOUND(#1088,.T.);
#1090= IFCFACE((#1089));
#1091= IFCPOLYLOOP((#542,#545,#544));
#1092= IFCFACEOUTERBOUND(#1091,.T.);
#1093= IFCFACE((#1092));
#1094= IFCPOLYLOOP((#546,#473,#547));
#1095= IFCFACEOUTERBOUND(#1094,.T.);
#1096= IFCFACE((#1095));
#1097= IFCPOLYLOOP((#548,#549,#477));
#1098= IFCFACEOUTERBOUND(#1097,.T.);
#1099= IFCFACE((#1098));
#1100= IFCPOLYLOOP((#546,#471,#473));
#1101= IFCFACEOUTERBOUND(#1100,.T.);
#1102= IFCFACE((#1101));
#1103= IFCPOLYLOOP((#548,#477,#478));
#1104= IFCFACEOUTERBOUND(#1103,.T.);
#1105= IFCFACE((#1104));
#1106= IFCPOLYLOOP((#547,#473,#477));
#1107= IFCFACEOUTERBOUND(#1106,.T.);
#1108= IFCFACE((#1107));
#1109= IFCPOLYLOOP((#547,#477,#549));
#1110= IFCFACEOUTERBOUND(#1109,.T.);
#1111= IFCFACE((#1110));
#1112= IFCPOLYLOOP((#473,#471,#478));
#1113= IFCFACEOUTERBOUND(#1112,.T.);
#1114= IFCFACE((#1113));
#1115= IFCPOLYLOOP((#473,#478,#477));
#1116= IFCFACEOUTERBOUND(#1115,.T.);
#1117= IFCFACE((#1116));
#1118= IFCPOLYLOOP((#471,#546,#548));
#1119= IFCFACEOUTERBOUND(#1118,.T.);
#1120= IFCFACE((#1119));
#1121= IFCPOLYLOOP((#471,#548,#478));
#1122= IFCFACEOUTERBOUND(#1121,.T.);
#1123= IFCFACE((#1122));
#1124= IFCPOLYLOOP((#546,#547,#549));
#1125= IFCFACEOUTERBOUND(#1124,.T.);
#1126= IFCFACE((#1125));
#1127= IFCPOLYLOOP((#546,#549,#548));
#1128= IFCFACEOUTERBOUND(#1127,.T.);
#1129= IFCFACE((#1128));
#1130= IFCPOLYLOOP((#550,#481,#551));
#1131= IFCFACEOUTERBOUND(#1130,.T.);
#1132= IFCFACE((#1131));
#1133= IFCPOLYLOOP((#552,#553,#485));
#1134= IFCFACEOUTERBOUND(#1133,.T.);
#1135= IFCFACE((#1134));
#1136= IFCPOLYLOOP((#550,#479,#481));
#1137= IFCFACEOUTERBOUND(#1136,.T.);
#1138= IFCFACE((#1137));
#1139= IFCPOLYLOOP((#552,#485,#486));
#1140= IFCFACEOUTERBOUND(#1139,.T.);
#1141= IFCFACE((#1140));
#1142= IFCPOLYLOOP((#551,#481,#485));
#1143= IFCFACEOUTERBOUND(#1142,.T.);
#1144= IFCFACE((#1143));
#1145= IFCPOLYLOOP((#551,#485,#553));
#1146= IFCFACEOUTERBOUND(#1145,.T.);
#1147= IFCFACE((#1146));
#1148= IFCPOLYLOOP((#481,#479,#486));
#1149= IFCFACEOUTERBOUND(#1148,.T.);
#1150= IFCFACE((#1149));
#1151= IFCPOLYLOOP((#481,#486,#485));
#1152= IFCFACEOUTERBOUND(#1151,.T.);
#1153= IFCFACE((#1152));
#1154= IFCPOLYLOOP((#479,#550,#552));
#1155= IFCFACEOUTERBOUND(#1154,.T.);
#1156= IFCFACE((#1155));
#1157= IFCPOLYLOOP((#479,#552,#486));
#1158= IFCFACEOUTERBOUND(#1157,.T.);
#1159= IFCFACE((#1158));
#1160= IFCPOLYLOOP((#550,#551,#553));
#1161= IFCFACEOUTERBOUND(#1160,.T.);
#1162= IFCFACE((#1161));
#1163= IFCPOLYLOOP((#550,#553,#552));
#1164= IFCFACEOUTERBOUND(#1163,.T.);
#1165= IFCFACE((#1164));
#1166= IFCCLOSEDSHELL((#556,#559,#562,#565,#568,#571,#574,#577,#580,#583,#586,#589,#592,#595,#598,#601,#604,#607,#610,#613,#616,#619,#622,#625,#628,#631,#634,#637,#640,#643,#646,#649,#652,#655,#658,#661,#664,#667,#670,#673,#676,#679,#682,#685,#688,#691,#694,#697,#700,#703,#706,#709,#712,#715,#718,#721,#724,#727,#730,#733,#736,#739,#742,#745,#748,#751,#754,#757,#760,#763,#766,#769,#772,#775,#778,#781,#784,#787,#790,#793,#796,#799,#802,#805,#808,#811,#814,#817,#820,#823,#826,#829,#832,#835,#838,#841,#844,#847,#850,#853,#856,#859,#862,#865,#868,#871,#874,#877,#880,#883,#886,#889,#892,#895,#898,#901,#904,#907,#910,#913,#916,#919,#922,#925,#928,#931,#934,#937,#940,#943,#946,#949,#952,#955,#958,#961,#964,#967,#970,#973,#976,#979,#982,#985,#988,#991,#994,#997,#1000,#1003,#1006,#1009,#1012,#1015,#1018,#1021,#1024,#1027,#1030,#1033,#1036,#1039,#1042,#1045,#1048,#1051,#1054,#1057,#1060,#1063,#1066,#1069,#1072,#1075,#1078,#1081,#1084,#1087,#1090,#1093,#1096,#1099,#1102,#1105,#1108,#1111,#1114,#1117,#1120,#1123,#1126,#1129,#1132,#1135,#1138,#1141,#1144,#1147,#1150,#1153,#1156,#1159,#1162,#1165));
#1167= IFCFACETEDBREP(#1166);
#1168= IFCSHAPEREPRESENTATION(#10,'Body','Brep',(#1167));
#1169= IFCPRODUCTDEFINITIONSHAPE($,$,(#1168));
#1170= IFCLOCALPLACEMENT(#172,#7);
#1171= IFCMEMBER('3TW0qDRqFsdpsFQkuD4jRY',#5,'Facade',$,$,#1170,#1169,'cw-1:mullion');
#1172= IFCCARTESIANPOINT((3.025,6.012,0.05));
#1173= IFCCARTESIANPOINT((4.475,5.988,0.05));
#1174= IFCCARTESIANPOINT((3.025,5.988,0.05));
#1175= IFCCARTESIANPOINT((3.025,6.012,1.375));
#1176= IFCCARTESIANPOINT((3.025,5.988,1.375));
#1177= IFCCARTESIANPOINT((4.475,5.988,1.375));
#1178= IFCCARTESIANPOINT((4.475,6.012,0.05));
#1179= IFCCARTESIANPOINT((4.475,6.012,1.375));
#1180= IFCCARTESIANPOINT((4.525,6.012,0.05));
#1181= IFCCARTESIANPOINT((5.95,5.988,0.05));
#1182= IFCCARTESIANPOINT((4.525,5.988,0.05));
#1183= IFCCARTESIANPOINT((4.525,6.012,1.375));
#1184= IFCCARTESIANPOINT((4.525,5.988,1.375));
#1185= IFCCARTESIANPOINT((5.95,5.988,1.375));
#1186= IFCCARTESIANPOINT((5.95,6.012,0.05));
#1187= IFCCARTESIANPOINT((5.95,6.012,1.375));
#1188= IFCCARTESIANPOINT((0.05,6.012,1.425));
#1189= IFCCARTESIANPOINT((1.475,5.988,1.425));
#1190= IFCCARTESIANPOINT((0.05,5.988,1.425));
#1191= IFCCARTESIANPOINT((0.05,6.012,2.75));
#1192= IFCCARTESIANPOINT((0.05,5.988,2.75));
#1193= IFCCARTESIANPOINT((1.475,5.988,2.75));
#1194= IFCCARTESIANPOINT((1.475,6.012,1.425));
#1195= IFCCARTESIANPOINT((1.475,6.012,2.75));
#1196= IFCCARTESIANPOINT((1.525,6.012,1.425));
#1197= IFCCARTESIANPOINT((2.975,5.988,1.425));
#1198= IFCCARTESIANPOINT((1.525,5.988,1.425));
#1199= IFCCARTESIANPOINT((1.525,6.012,2.75));
#1200= IFCCARTESIANPOINT((1.525,5.988,2.75));
#1201= IFCCARTESIANPOINT((2.975,5.988,2.75));
#1202= IFCCARTESIANPOINT((2.975,6.012,1.425));
#1203= IFCCARTESIANPOINT((2.975,6.012,2.75));
#1204= IFCCARTESIANPOINT((3.025,6.012,1.425));
#1205= IFCCARTESIANPOINT((4.475,5.988,1.425));
#1206= IFCCARTESIANPOINT((3.025,5.988,1.425));
#1207= IFCCARTESIANPOINT((3.025,6.012,2.75));
#1208= IFCCARTESIANPOINT((3.025,5.988,2.75));
#1209= IFCCARTESIANPOINT((4.475,5.988,2.75));
#1210= IFCCARTESIANPOINT((4.475,6.012,1.425));
#1211= IFCCARTESIANPOINT((4.475,6.012,2.75));
#1212= IFCCARTESIANPOINT((4.525,6.012,1.425));
#1213= IFCCARTESIANPOINT((5.95,5.988,1.425));
#1214= IFCCARTESIANPOINT((4.525,5.988,1.425));
#1215= IFCCARTESIANPOINT((4.525,6.012,2.75));
#1216= IFCCARTESIANPOINT((4.525,5.988,2.75));
#1217= IFCCARTESIANPOINT((5.95,5.988,2.75));
#1218= IFCCARTESIANPOINT((5.95,6.012,1.425));
#1219= IFCCARTESIANPOINT((5.95,6.012,2.75));
#1220= IFCPOLYLOOP((#1172,#1173,#1174));
#1221= IFCFACEOUTERBOUND(#1220,.T.);
#1222= IFCFACE((#1221));
#1223= IFCPOLYLOOP((#1175,#1176,#1177));
#1224= IFCFACEOUTERBOUND(#1223,.T.);
#1225= IFCFACE((#1224));
#1226= IFCPOLYLOOP((#1172,#1178,#1173));
#1227= IFCFACEOUTERBOUND(#1226,.T.);
#1228= IFCFACE((#1227));
#1229= IFCPOLYLOOP((#1175,#1177,#1179));
#1230= IFCFACEOUTERBOUND(#1229,.T.);
#1231= IFCFACE((#1230));
#1232= IFCPOLYLOOP((#1174,#1173,#1177));
#1233= IFCFACEOUTERBOUND(#1232,.T.);
#1234= IFCFACE((#1233));
#1235= IFCPOLYLOOP((#1174,#1177,#1176));
#1236= IFCFACEOUTERBOUND(#1235,.T.);
#1237= IFCFACE((#1236));
#1238= IFCPOLYLOOP((#1173,#1178,#1179));
#1239= IFCFACEOUTERBOUND(#1238,.T.);
#1240= IFCFACE((#1239));
#1241= IFCPOLYLOOP((#1173,#1179,#1177));
#1242= IFCFACEOUTERBOUND(#1241,.T.);
#1243= IFCFACE((#1242));
#1244= IFCPOLYLOOP((#1178,#1172,#1175));
#1245= IFCFACEOUTERBOUND(#1244,.T.);
#1246= IFCFACE((#1245));
#1247= IFCPOLYLOOP((#1178,#1175,#1179));
#1248= IFCFACEOUTERBOUND(#1247,.T.);
#1249= IFCFACE((#1248));
#1250= IFCPOLYLOOP((#1172,#1174,#1176));
#1251= IFCFACEOUTERBOUND(#1250,.T.);
#1252= IFCFACE((#1251));
#1253= IFCPOLYLOOP((#1172,#1176,#1175));
#1254= IFCFACEOUTERBOUND(#1253,.T.);
#1255= IFCFACE((#1254));
#1256= IFCPOLYLOOP((#1180,#1181,#1182));
#1257= IFCFACEOUTERBOUND(#1256,.T.);
#1258= IFCFACE((#1257));
#1259= IFCPOLYLOOP((#1183,#1184,#1185));
#1260= IFCFACEOUTERBOUND(#1259,.T.);
#1261= IFCFACE((#1260));
#1262= IFCPOLYLOOP((#1180,#1186,#1181));
#1263= IFCFACEOUTERBOUND(#1262,.T.);
#1264= IFCFACE((#1263));
#1265= IFCPOLYLOOP((#1183,#1185,#1187));
#1266= IFCFACEOUTERBOUND(#1265,.T.);
#1267= IFCFACE((#1266));
#1268= IFCPOLYLOOP((#1182,#1181,#1185));
#1269= IFCFACEOUTERBOUND(#1268,.T.);
#1270= IFCFACE((#1269));
#1271= IFCPOLYLOOP((#1182,#1185,#1184));
#1272= IFCFACEOUTERBOUND(#1271,.T.);
#1273= IFCFACE((#1272));
#1274= IFCPOLYLOOP((#1181,#1186,#1187));
#1275= IFCFACEOUTERBOUND(#1274,.T.);
#1276= IFCFACE((#1275));
#1277= IFCPOLYLOOP((#1181,#1187,#1185));
#1278= IFCFACEOUTERBOUND(#1277,.T.);
#1279= IFCFACE((#1278));
#1280= IFCPOLYLOOP((#1186,#1180,#1183));
#1281= IFCFACEOUTERBOUND(#1280,.T.);
#1282= IFCFACE((#1281));
#1283= IFCPOLYLOOP((#1186,#1183,#1187));
#1284= IFCFACEOUTERBOUND(#1283,.T.);
#1285= IFCFACE((#1284));
#1286= IFCPOLYLOOP((#1180,#1182,#1184));
#1287= IFCFACEOUTERBOUND(#1286,.T.);
#1288= IFCFACE((#1287));
#1289= IFCPOLYLOOP((#1180,#1184,#1183));
#1290= IFCFACEOUTERBOUND(#1289,.T.);
#1291= IFCFACE((#1290));
#1292= IFCPOLYLOOP((#1188,#1189,#1190));
#1293= IFCFACEOUTERBOUND(#1292,.T.);
#1294= IFCFACE((#1293));
#1295= IFCPOLYLOOP((#1191,#1192,#1193));
#1296= IFCFACEOUTERBOUND(#1295,.T.);
#1297= IFCFACE((#1296));
#1298= IFCPOLYLOOP((#1188,#1194,#1189));
#1299= IFCFACEOUTERBOUND(#1298,.T.);
#1300= IFCFACE((#1299));
#1301= IFCPOLYLOOP((#1191,#1193,#1195));
#1302= IFCFACEOUTERBOUND(#1301,.T.);
#1303= IFCFACE((#1302));
#1304= IFCPOLYLOOP((#1190,#1189,#1193));
#1305= IFCFACEOUTERBOUND(#1304,.T.);
#1306= IFCFACE((#1305));
#1307= IFCPOLYLOOP((#1190,#1193,#1192));
#1308= IFCFACEOUTERBOUND(#1307,.T.);
#1309= IFCFACE((#1308));
#1310= IFCPOLYLOOP((#1189,#1194,#1195));
#1311= IFCFACEOUTERBOUND(#1310,.T.);
#1312= IFCFACE((#1311));
#1313= IFCPOLYLOOP((#1189,#1195,#1193));
#1314= IFCFACEOUTERBOUND(#1313,.T.);
#1315= IFCFACE((#1314));
#1316= IFCPOLYLOOP((#1194,#1188,#1191));
#1317= IFCFACEOUTERBOUND(#1316,.T.);
#1318= IFCFACE((#1317));
#1319= IFCPOLYLOOP((#1194,#1191,#1195));
#1320= IFCFACEOUTERBOUND(#1319,.T.);
#1321= IFCFACE((#1320));
#1322= IFCPOLYLOOP((#1188,#1190,#1192));
#1323= IFCFACEOUTERBOUND(#1322,.T.);
#1324= IFCFACE((#1323));
#1325= IFCPOLYLOOP((#1188,#1192,#1191));
#1326= IFCFACEOUTERBOUND(#1325,.T.);
#1327= IFCFACE((#1326));
#1328= IFCPOLYLOOP((#1196,#1197,#1198));
#1329= IFCFACEOUTERBOUND(#1328,.T.);
#1330= IFCFACE((#1329));
#1331= IFCPOLYLOOP((#1199,#1200,#1201));
#1332= IFCFACEOUTERBOUND(#1331,.T.);
#1333= IFCFACE((#1332));
#1334= IFCPOLYLOOP((#1196,#1202,#1197));
#1335= IFCFACEOUTERBOUND(#1334,.T.);
#1336= IFCFACE((#1335));
#1337= IFCPOLYLOOP((#1199,#1201,#1203));
#1338= IFCFACEOUTERBOUND(#1337,.T.);
#1339= IFCFACE((#1338));
#1340= IFCPOLYLOOP((#1198,#1197,#1201));
#1341= IFCFACEOUTERBOUND(#1340,.T.);
#1342= IFCFACE((#1341));
#1343= IFCPOLYLOOP((#1198,#1201,#1200));
#1344= IFCFACEOUTERBOUND(#1343,.T.);
#1345= IFCFACE((#1344));
#1346= IFCPOLYLOOP((#1197,#1202,#1203));
#1347= IFCFACEOUTERBOUND(#1346,.T.);
#1348= IFCFACE((#1347));
#1349= IFCPOLYLOOP((#1197,#1203,#1201));
#1350= IFCFACEOUTERBOUND(#1349,.T.);
#1351= IFCFACE((#1350));
#1352= IFCPOLYLOOP((#1202,#1196,#1199));
#1353= IFCFACEOUTERBOUND(#1352,.T.);
#1354= IFCFACE((#1353));
#1355= IFCPOLYLOOP((#1202,#1199,#1203));
#1356= IFCFACEOUTERBOUND(#1355,.T.);
#1357= IFCFACE((#1356));
#1358= IFCPOLYLOOP((#1196,#1198,#1200));
#1359= IFCFACEOUTERBOUND(#1358,.T.);
#1360= IFCFACE((#1359));
#1361= IFCPOLYLOOP((#1196,#1200,#1199));
#1362= IFCFACEOUTERBOUND(#1361,.T.);
#1363= IFCFACE((#1362));
#1364= IFCPOLYLOOP((#1204,#1205,#1206));
#1365= IFCFACEOUTERBOUND(#1364,.T.);
#1366= IFCFACE((#1365));
#1367= IFCPOLYLOOP((#1207,#1208,#1209));
#1368= IFCFACEOUTERBOUND(#1367,.T.);
#1369= IFCFACE((#1368));
#1370= IFCPOLYLOOP((#1204,#1210,#1205));
#1371= IFCFACEOUTERBOUND(#1370,.T.);
#1372= IFCFACE((#1371));
#1373= IFCPOLYLOOP((#1207,#1209,#1211));
#1374= IFCFACEOUTERBOUND(#1373,.T.);
#1375= IFCFACE((#1374));
#1376= IFCPOLYLOOP((#1206,#1205,#1209));
#1377= IFCFACEOUTERBOUND(#1376,.T.);
#1378= IFCFACE((#1377));
#1379= IFCPOLYLOOP((#1206,#1209,#1208));
#1380= IFCFACEOUTERBOUND(#1379,.T.);
#1381= IFCFACE((#1380));
#1382= IFCPOLYLOOP((#1205,#1210,#1211));
#1383= IFCFACEOUTERBOUND(#1382,.T.);
#1384= IFCFACE((#1383));
#1385= IFCPOLYLOOP((#1205,#1211,#1209));
#1386= IFCFACEOUTERBOUND(#1385,.T.);
#1387= IFCFACE((#1386));
#1388= IFCPOLYLOOP((#1210,#1204,#1207));
#1389= IFCFACEOUTERBOUND(#1388,.T.);
#1390= IFCFACE((#1389));
#1391= IFCPOLYLOOP((#1210,#1207,#1211));
#1392= IFCFACEOUTERBOUND(#1391,.T.);
#1393= IFCFACE((#1392));
#1394= IFCPOLYLOOP((#1204,#1206,#1208));
#1395= IFCFACEOUTERBOUND(#1394,.T.);
#1396= IFCFACE((#1395));
#1397= IFCPOLYLOOP((#1204,#1208,#1207));
#1398= IFCFACEOUTERBOUND(#1397,.T.);
#1399= IFCFACE((#1398));
#1400= IFCPOLYLOOP((#1212,#1213,#1214));
#1401= IFCFACEOUTERBOUND(#1400,.T.);
#1402= IFCFACE((#1401));
#1403= IFCPOLYLOOP((#1215,#1216,#1217));
#1404= IFCFACEOUTERBOUND(#1403,.T.);
#1405= IFCFACE((#1404));
#1406= IFCPOLYLOOP((#1212,#1218,#1213));
#1407= IFCFACEOUTERBOUND(#1406,.T.);
#1408= IFCFACE((#1407));
#1409= IFCPOLYLOOP((#1215,#1217,#1219));
#1410= IFCFACEOUTERBOUND(#1409,.T.);
#1411= IFCFACE((#1410));
#1412= IFCPOLYLOOP((#1214,#1213,#1217));
#1413= IFCFACEOUTERBOUND(#1412,.T.);
#1414= IFCFACE((#1413));
#1415= IFCPOLYLOOP((#1214,#1217,#1216));
#1416= IFCFACEOUTERBOUND(#1415,.T.);
#1417= IFCFACE((#1416));
#1418= IFCPOLYLOOP((#1213,#1218,#1219));
#1419= IFCFACEOUTERBOUND(#1418,.T.);
#1420= IFCFACE((#1419));
#1421= IFCPOLYLOOP((#1213,#1219,#1217));
#1422= IFCFACEOUTERBOUND(#1421,.T.);
#1423= IFCFACE((#1422));
#1424= IFCPOLYLOOP((#1218,#1212,#1215));
#1425= IFCFACEOUTERBOUND(#1424,.T.);
#1426= IFCFACE((#1425));
#1427= IFCPOLYLOOP((#1218,#1215,#1219));
#1428= IFCFACEOUTERBOUND(#1427,.T.);
#1429= IFCFACE((#1428));
#1430= IFCPOLYLOOP((#1212,#1214,#1216));
#1431= IFCFACEOUTERBOUND(#1430,.T.);
#1432= IFCFACE((#1431));
#1433= IFCPOLYLOOP((#1212,#1216,#1215));
#1434= IFCFACEOUTERBOUND(#1433,.T.);
#1435= IFCFACE((#1434));
#1436= IFCCLOSEDSHELL((#1222,#1225,#1228,#1231,#1234,#1237,#1240,#1243,#1246,#1249,#1252,#1255,#1258,#1261,#1264,#1267,#1270,#1273,#1276,#1279,#1282,#1285,#1288,#1291,#1294,#1297,#1300,#1303,#1306,#1309,#1312,#1315,#1318,#1321,#1324,#1327,#1330,#1333,#1336,#1339,#1342,#1345,#1348,#1351,#1354,#1357,#1360,#1363,#1366,#1369,#1372,#1375,#1378,#1381,#1384,#1387,#1390,#1393,#1396,#1399,#1402,#1405,#1408,#1411,#1414,#1417,#1420,#1423,#1426,#1429,#1432,#1435));
#1437= IFCFACETEDBREP(#1436);
#1438= IFCSHAPEREPRESENTATION(#10,'Body','Brep',(#1437));
#1439= IFCPRODUCTDEFINITIONSHAPE($,$,(#1438));
#1440= IFCLOCALPLACEMENT(#172,#7);
#1441= IFCPLATE('1LNBVxGCbtoGWpl7_b6q65',#5,'Facade',$,$,#1440,#1439,'cw-1:panel:m-wool');
#1442= IFCCARTESIANPOINT((0.05,6.05,1.325));
#1443= IFCCARTESIANPOINT((1.475,5.95,1.325));
#1444= IFCCARTESIANPOINT((0.05,5.95,1.325));
#1445= IFCCARTESIANPOINT((1.475,6.05,1.325));
#1446= IFCCARTESIANPOINT((0.1,5.95,0.05));
#1447= IFCCARTESIANPOINT((0.1,5.95,1.325));
#1448= IFCCARTESIANPOINT((0.1,6.05,0.05));
#1449= IFCCARTESIANPOINT((0.1,6.05,1.325));
#1450= IFCCARTESIANPOINT((1.425,6.05,0.05));
#1451= IFCCARTESIANPOINT((1.425,5.95,0.05));
#1452= IFCCARTESIANPOINT((1.425,6.05,1.325));
#1453= IFCCARTESIANPOINT((1.425,5.95,1.325));
#1454= IFCCARTESIANPOINT((0.1,6.02,0.05));
#1455= IFCCARTESIANPOINT((0.7625,5.98,0.05));
#1456= IFCCARTESIANPOINT((0.1,5.98,0.05));
#1457= IFCCARTESIANPOINT((0.1,6.02,1.325));
#1458= IFCCARTESIANPOINT((0.1,5.98,1.325));
#1459= IFCCARTESIANPOINT((0.7625,5.98,1.325));
#1460= IFCCARTESIANPOINT((0.7625,6.02,0.05));
#1461= IFCCARTESIANPOINT((0.7625,6.02,1.325));
#1462= IFCCARTESIANPOINT((1.425,5.98,0.05));
#1463= IFCCARTESIANPOINT((1.425,5.98,1.325));
#1464= IFCCARTESIANPOINT((1.425,6.02,0.05));
#1465= IFCCARTESIANPOINT((1.425,6.02,1.325));
#1466= IFCPOLYLOOP((#1442,#1443,#1444));
#1467= IFCFACEOUTERBOUND(#1466,.T.);
#1468= IFCFACE((#1467));
#1469= IFCPOLYLOOP((#508,#506,#509));
#1470= IFCFACEOUTERBOUND(#1469,.T.);
#1471= IFCFACE((#1470));
#1472= IFCPOLYLOOP((#1442,#1445,#1443));
#1473= IFCFACEOUTERBOUND(#1472,.T.);
#1474= IFCFACE((#1473));
#1475= IFCPOLYLOOP((#508,#509,#510));
#1476= IFCFACEOUTERBOUND(#1475,.T.);
#1477= IFCFACE((#1476));
#1478= IFCPOLYLOOP((#1444,#1443,#509));
#1479= IFCFACEOUTERBOUND(#1478,.T.);
#1480= IFCFACE((#1479));
#1481= IFCPOLYLOOP((#1444,#509,#506));
#1482= IFCFACEOUTERBOUND(#1481,.T.);
#1483= IFCFACE((#1482));
#1484= IFCPOLYLOOP((#1443,#1445,#510));
#1485= IFCFACEOUTERBOUND(#1484,.T.);
#1486= IFCFACE((#1485));
#1487= IFCPOLYLOOP((#1443,#510,#509));
#1488= IFCFACEOUTERBOUND(#1487,.T.);
#1489= IFCFACE((#1488));
#1490= IFCPOLYLOOP((#1445,#1442,#508));
#1491= IFCFACEOUTERBOUND(#1490,.T.);
#1492= IFCFACE((#1491));
#1493= IFCPOLYLOOP((#1445,#508,#510));
#1494= IFCFACEOUTERBOUND(#1493,.T.);
#1495= IFCFACE((#1494));
#1496= IFCPOLYLOOP((#1442,#1444,#506));
#1497= IFCFACEOUTERBOUND(#1496,.T.);
#1498= IFCFACE((#1497));
#1499= IFCPOLYLOOP((#1442,#506,#508));
#1500= IFCFACEOUTERBOUND(#1499,.T.);
#1501= IFCFACE((#1500));
#1502= IFCPOLYLOOP((#490,#1446,#492));
#1503= IFCFACEOUTERBOUND(#1502,.T.);
#1504= IFCFACE((#1503));
#1505= IFCPOLYLOOP((#1442,#1444,#1447));
#1506= IFCFACEOUTERBOUND(#1505,.T.);
#1507= IFCFACE((#1506));
#1508= IFCPOLYLOOP((#490,#1448,#1446));
#1509= IFCFACEOUTERBOUND(#1508,.T.);
#1510= IFCFACE((#1509));
#1511= IFCPOLYLOOP((#1442,#1447,#1449));
#1512= IFCFACEOUTERBOUND(#1511,.T.);
#1513= IFCFACE((#1512));
#1514= IFCPOLYLOOP((#492,#1446,#1447));
#1515= IFCFACEOUTERBOUND(#1514,.T.);
#1516= IFCFACE((#1515));
#1517= IFCPOLYLOOP((#492,#1447,#1444));
#1518= IFCFACEOUTERBOUND(#1517,.T.);
#1519= IFCFACE((#1518));
#1520= IFCPOLYLOOP((#1446,#1448,#1449));
#1521= IFCFACEOUTERBOUND(#1520,.T.);
#1522= IFCFACE((#1521));
#1523= IFCPOLYLOOP((#1446,#1449,#1447));
#1524= IFCFACEOUTERBOUND(#1523,.T.);
#1525= IFCFACE((#1524));
#1526= IFCPOLYLOOP((#1448,#490,#1442));
#1527= IFCFACEOUTERBOUND(#1526,.T.);
#1528= IFCFACE((#1527));
#1529= IFCPOLYLOOP((#1448,#1442,#1449));
#1530= IFCFACEOUTERBOUND(#1529,.T.);
#1531= IFCFACE((#1530));
#1532= IFCPOLYLOOP((#490,#492,#1444));
#1533= IFCFACEOUTERBOUND(#1532,.T.);
#1534= IFCFACE((#1533));
#1535= IFCPOLYLOOP((#490,#1444,#1442));
#1536= IFCFACEOUTERBOUND(#1535,.T.);
#1537= IFCFACE((#1536));
#1538= IFCPOLYLOOP((#1450,#493,#1451));
#1539= IFCFACEOUTERBOUND(#1538,.T.);
#1540= IFCFACE((#1539));
#1541= IFCPOLYLOOP((#1452,#1453,#1443));
#1542= IFCFACEOUTERBOUND(#1541,.T.);
#1543= IFCFACE((#1542));
#1544= IFCPOLYLOOP((#1450,#491,#493));
#1545= IFCFACEOUTERBOUND(#1544,.T.);
#1546= IFCFACE((#1545));
#1547= IFCPOLYLOOP((#1452,#1443,#1445));
#1548= IFCFACEOUTERBOUND(#1547,.T.);
#1549= IFCFACE((#1548));
#1550= IFCPOLYLOOP((#1451,#493,#1443));
#1551= IFCFACEOUTERBOUND(#1550,.T.);
#1552= IFCFACE((#1551));
#1553= IFCPOLYLOOP((#1451,#1443,#1453));
#1554= IFCFACEOUTERBOUND(#1553,.T.);
#1555= IFCFACE((#1554));
#1556= IFCPOLYLOOP((#493,#491,#1445));
#1557= IFCFACEOUTERBOUND(#1556,.T.);
#1558= IFCFACE((#1557));
#1559= IFCPOLYLOOP((#493,#1445,#1443));
#1560= IFCFACEOUTERBOUND(#1559,.T.);
#1561= IFCFACE((#1560));
#1562= IFCPOLYLOOP((#491,#1450,#1452));
#1563= IFCFACEOUTERBOUND(#1562,.T.);
#1564= IFCFACE((#1563));
#1565= IFCPOLYLOOP((#491,#1452,#1445));
#1566= IFCFACEOUTERBOUND(#1565,.T.);
#1567= IFCFACE((#1566));
#1568= IFCPOLYLOOP((#1450,#1451,#1453));
#1569= IFCFACEOUTERBOUND(#1568,.T.);
#1570= IFCFACE((#1569));
#1571= IFCPOLYLOOP((#1450,#1453,#1452));
#1572= IFCFACEOUTERBOUND(#1571,.T.);
#1573= IFCFACE((#1572));
#1574= IFCPOLYLOOP((#1454,#1455,#1456));
#1575= IFCFACEOUTERBOUND(#1574,.T.);
#1576= IFCFACE((#1575));
#1577= IFCPOLYLOOP((#1457,#1458,#1459));
#1578= IFCFACEOUTERBOUND(#1577,.T.);
#1579= IFCFACE((#1578));
#1580= IFCPOLYLOOP((#1454,#1460,#1455));
#1581= IFCFACEOUTERBOUND(#1580,.T.);
#1582= IFCFACE((#1581));
#1583= IFCPOLYLOOP((#1457,#1459,#1461));
#1584= IFCFACEOUTERBOUND(#1583,.T.);
#1585= IFCFACE((#1584));
#1586= IFCPOLYLOOP((#1456,#1455,#1459));
#1587= IFCFACEOUTERBOUND(#1586,.T.);
#1588= IFCFACE((#1587));
#1589= IFCPOLYLOOP((#1456,#1459,#1458));
#1590= IFCFACEOUTERBOUND(#1589,.T.);
#1591= IFCFACE((#1590));
#1592= IFCPOLYLOOP((#1455,#1460,#1461));
#1593= IFCFACEOUTERBOUND(#1592,.T.);
#1594= IFCFACE((#1593));
#1595= IFCPOLYLOOP((#1455,#1461,#1459));
#1596= IFCFACEOUTERBOUND(#1595,.T.);
#1597= IFCFACE((#1596));
#1598= IFCPOLYLOOP((#1460,#1454,#1457));
#1599= IFCFACEOUTERBOUND(#1598,.T.);
#1600= IFCFACE((#1599));
#1601= IFCPOLYLOOP((#1460,#1457,#1461));
#1602= IFCFACEOUTERBOUND(#1601,.T.);
#1603= IFCFACE((#1602));
#1604= IFCPOLYLOOP((#1454,#1456,#1458));
#1605= IFCFACEOUTERBOUND(#1604,.T.);
#1606= IFCFACE((#1605));
#1607= IFCPOLYLOOP((#1454,#1458,#1457));
#1608= IFCFACEOUTERBOUND(#1607,.T.);
#1609= IFCFACE((#1608));
#1610= IFCPOLYLOOP((#1460,#1462,#1455));
#1611= IFCFACEOUTERBOUND(#1610,.T.);
#1612= IFCFACE((#1611));
#1613= IFCPOLYLOOP((#1461,#1459,#1463));
#1614= IFCFACEOUTERBOUND(#1613,.T.);
#1615= IFCFACE((#1614));
#1616= IFCPOLYLOOP((#1460,#1464,#1462));
#1617= IFCFACEOUTERBOUND(#1616,.T.);
#1618= IFCFACE((#1617));
#1619= IFCPOLYLOOP((#1461,#1463,#1465));
#1620= IFCFACEOUTERBOUND(#1619,.T.);
#1621= IFCFACE((#1620));
#1622= IFCPOLYLOOP((#1455,#1462,#1463));
#1623= IFCFACEOUTERBOUND(#1622,.T.);
#1624= IFCFACE((#1623));
#1625= IFCPOLYLOOP((#1455,#1463,#1459));
#1626= IFCFACEOUTERBOUND(#1625,.T.);
#1627= IFCFACE((#1626));
#1628= IFCPOLYLOOP((#1462,#1464,#1465));
#1629= IFCFACEOUTERBOUND(#1628,.T.);
#1630= IFCFACE((#1629));
#1631= IFCPOLYLOOP((#1462,#1465,#1463));
#1632= IFCFACEOUTERBOUND(#1631,.T.);
#1633= IFCFACE((#1632));
#1634= IFCPOLYLOOP((#1464,#1460,#1461));
#1635= IFCFACEOUTERBOUND(#1634,.T.);
#1636= IFCFACE((#1635));
#1637= IFCPOLYLOOP((#1464,#1461,#1465));
#1638= IFCFACEOUTERBOUND(#1637,.T.);
#1639= IFCFACE((#1638));
#1640= IFCPOLYLOOP((#1460,#1455,#1459));
#1641= IFCFACEOUTERBOUND(#1640,.T.);
#1642= IFCFACE((#1641));
#1643= IFCPOLYLOOP((#1460,#1459,#1461));
#1644= IFCFACEOUTERBOUND(#1643,.T.);
#1645= IFCFACE((#1644));
#1646= IFCCLOSEDSHELL((#1468,#1471,#1474,#1477,#1480,#1483,#1486,#1489,#1492,#1495,#1498,#1501,#1504,#1507,#1510,#1513,#1516,#1519,#1522,#1525,#1528,#1531,#1534,#1537,#1540,#1543,#1546,#1549,#1552,#1555,#1558,#1561,#1564,#1567,#1570,#1573,#1576,#1579,#1582,#1585,#1588,#1591,#1594,#1597,#1600,#1603,#1606,#1609,#1612,#1615,#1618,#1621,#1624,#1627,#1630,#1633,#1636,#1639,#1642,#1645));
#1647= IFCFACETEDBREP(#1646);
#1648= IFCSHAPEREPRESENTATION(#10,'Body','Brep',(#1647));
#1649= IFCPRODUCTDEFINITIONSHAPE($,$,(#1648));
#1650= IFCLOCALPLACEMENT(#172,#7);
#1651= IFCDOOR('215r3jEkV4NqNe04OWqBbA',#5,'Facade',$,$,#1650,#1649,'cw-1:filler1',1.4,1.5);
#1652= IFCRECTANGLEPROFILEDEF(.AREA.,$,#291,0.3,0.3);
#1653= IFCCARTESIANPOINT((4.,3.,0.));
#1654= IFCDIRECTION((0.955336489,0.295520207,0.));
#1655= IFCAXIS2PLACEMENT3D(#1653,#161,#1654);
#1656= IFCLOCALPLACEMENT(#174,#1655);
#1657= IFCEXTRUDEDAREASOLID(#1652,#7,#161,3.);
#1658= IFCSHAPEREPRESENTATION(#10,'Body','SweptSolid',(#1657));
#1659= IFCPRODUCTDEFINITIONSHAPE($,$,(#1658));
#1660= IFCCOLUMN('2tlqLUnAtaghjp$NVXvE1u',#5,'C1',$,$,#1656,#1659,'c-1');
#1661= IFCCIRCLEPROFILEDEF(.AREA.,$,#291,0.2);
#1662= IFCCARTESIANPOINT((6.,3.,0.2));
#1663= IFCAXIS2PLACEMENT3D(#1662,$,$);
#1664= IFCLOCALPLACEMENT(#174,#1663);
#1665= IFCEXTRUDEDAREASOLID(#1661,#7,#161,2.5);
#1666= IFCSHAPEREPRESENTATION(#10,'Body','SweptSolid',(#1665));
#1667= IFCPRODUCTDEFINITIONSHAPE($,$,(#1666));
#1668= IFCCOLUMN('1T9S51QNZ34T0pkGp0qdlE',#5,'C2',$,$,#1664,#1667,'c-2');
#1669= IFCRECTANGLEPROFILEDEF(.AREA.,$,#291,0.3,0.3);
#1670= IFCCARTESIANPOINT((46.,30.,0.));
#1671= IFCAXIS2PLACEMENT3D(#1670,#161,#1654);
#1672= IFCLOCALPLACEMENT(#174,#1671);
#1673= IFCEXTRUDEDAREASOLID(#1669,#7,#161,3.);
#1674= IFCSHAPEREPRESENTATION(#10,'Body','SweptSolid',(#1673));
#1675= IFCPRODUCTDEFINITIONSHAPE($,$,(#1674));
#1676= IFCCOLUMN('2$hSnxzrzOr72jiSKcSBrk',#5,'C1',$,$,#1672,#1675,'c-east');
#1677= IFCCARTESIANPOINT((30.,30.,0.));
#1678= IFCAXIS2PLACEMENT3D(#1677,$,$);
#1679= IFCLOCALPLACEMENT(#174,#1678);
#1680= IFCCARTESIANPOINT((-0.153633189,-0.15198482));
#1681= IFCCARTESIANPOINT((0.151066007,-0.149417638));
#1682= IFCCARTESIANPOINT((0.153633189,0.15198482));
#1683= IFCCARTESIANPOINT((-0.151066007,0.149417638));
#1684= IFCPOLYLINE((#1680,#1681,#1682,#1683,#1680));
#1685= IFCARBITRARYCLOSEDPROFILEDEF(.AREA.,$,#1684);
#1686= IFCDIRECTION((0.17434874,0.095247151,0.980066578));
#1687= IFCEXTRUDEDAREASOLID(#1685,#7,#1686,3.061016535);
#1688= IFCSHAPEREPRESENTATION(#10,'Body','SweptSolid',(#1687));
#1689= IFCPRODUCTDEFINITIONSHAPE($,$,(#1688));
#1690= IFCCOLUMN('19c5RNo59ec7gpY92E9cBN',#5,'C1',$,$,#1679,#1689,'c-lean');
#1691= IFCRECTANGLEPROFILEDEF(.AREA.,$,#291,0.3,0.3);
#1692= IFCCARTESIANPOINT((40.,30.,0.));
#1693= IFCAXIS2PLACEMENT3D(#1692,#161,#1654);
#1694= IFCLOCALPLACEMENT(#174,#1693);
#1695= IFCEXTRUDEDAREASOLID(#1691,#7,#161,3.);
#1696= IFCSHAPEREPRESENTATION(#10,'Body','SweptSolid',(#1695));
#1697= IFCPRODUCTDEFINITIONSHAPE($,$,(#1696));
#1698= IFCCOLUMN('1DdsRPJJ0Ly1etz15Iv1Eg',#5,'C1',$,$,#1694,#1697,'c-west');
#1699= IFCCARTESIANPOINT((4.15701274,2.925,2.7107));
#1700= IFCCARTESIANPOINT((4.15701274,3.075,2.7));
#1701= IFCCARTESIANPOINT((4.15701274,2.925,2.7));
#1702= IFCCARTESIANPOINT((6.,2.925,2.7107));
#1703= IFCCARTESIANPOINT((6.,2.925,2.7));
#1704= IFCCARTESIANPOINT((6.,3.075,2.7));
#1705= IFCCARTESIANPOINT((4.15701274,3.00355,2.7107));
#1706= IFCCARTESIANPOINT((4.15701274,3.075,2.7107));
#1707= IFCCARTESIANPOINT((6.,3.075,2.7107));
#1708= IFCCARTESIANPOINT((6.,3.00355,2.7107));
#1709= IFCCARTESIANPOINT((4.15701274,3.00355,2.9893));
#1710= IFCCARTESIANPOINT((4.15701274,3.075,3.));
#1711= IFCCARTESIANPOINT((4.15701274,3.075,2.9893));
#1712= IFCCARTESIANPOINT((6.,3.00355,2.9893));
#1713= IFCCARTESIANPOINT((6.,3.075,2.9893));
#1714= IFCCARTESIANPOINT((6.,3.075,3.));
#1715= IFCCARTESIANPOINT((4.15701274,2.925,3.));
#1716= IFCCARTESIANPOINT((6.,2.925,3.));
#1717= IFCCARTESIANPOINT((4.15701274,2.99645,2.9893));
#1718= IFCCARTESIANPOINT((4.15701274,2.925,2.9893));
#1719= IFCCARTESIANPOINT((6.,2.925,2.9893));
#1720= IFCCARTESIANPOINT((6.,2.99645,2.9893));
#1721= IFCCARTESIANPOINT((4.15701274,2.99645,2.7107));
#1722= IFCCARTESIANPOINT((6.,2.99645,2.7107));
#1723= IFCPOLYLOOP((#1699,#1700,#1701));
#1724= IFCFACEOUTERBOUND(#1723,.T.);
#1725= IFCFACE((#1724));
#1726= IFCPOLYLOOP((#1702,#1703,#1704));
#1727= IFCFACEOUTERBOUND(#1726,.T.);
#1728= IFCFACE((#1727));
#1729= IFCPOLYLOOP((#1700,#1705,#1706));
#1730= IFCFACEOUTERBOUND(#1729,.T.);
#1731= IFCFACE((#1730));
#1732= IFCPOLYLOOP((#1704,#1707,#1708));
#1733= IFCFACEOUTERBOUND(#1732,.T.);
#1734= IFCFACE((#1733));
#1735= IFCPOLYLOOP((#1709,#1710,#1711));
#1736= IFCFACEOUTERBOUND(#1735,.T.);
#1737= IFCFACE((#1736));
#1738= IFCPOLYLOOP((#1712,#1713,#1714));
#1739= IFCFACEOUTERBOUND(#1738,.T.);
#1740= IFCFACE((#1739));
#1741= IFCPOLYLOOP((#1709,#1715,#1710));
#1742= IFCFACEOUTERBOUND(#1741,.T.);
#1743= IFCFACE((#1742));
#1744= IFCPOLYLOOP((#1712,#1714,#1716));
#1745= IFCFACEOUTERBOUND(#1744,.T.);
#1746= IFCFACE((#1745));
#1747= IFCPOLYLOOP((#1715,#1717,#1718));
#1748= IFCFACEOUTERBOUND(#1747,.T.);
#1749= IFCFACE((#1748));
#1750= IFCPOLYLOOP((#1716,#1719,#1720));
#1751= IFCFACEOUTERBOUND(#1750,.T.);
#1752= IFCFACE((#1751));
#1753= IFCPOLYLOOP((#1721,#1700,#1699));
#1754= IFCFACEOUTERBOUND(#1753,.T.);
#1755= IFCFACE((#1754));
#1756= IFCPOLYLOOP((#1722,#1702,#1704));
#1757= IFCFACEOUTERBOUND(#1756,.T.);
#1758= IFCFACE((#1757));
#1759= IFCPOLYLOOP((#1721,#1705,#1700));
#1760= IFCFACEOUTERBOUND(#1759,.T.);
#1761= IFCFACE((#1760));
#1762= IFCPOLYLOOP((#1722,#1704,#1708));
#1763= IFCFACEOUTERBOUND(#1762,.T.);
#1764= IFCFACE((#1763));
#1765= IFCPOLYLOOP((#1721,#1709,#1705));
#1766= IFCFACEOUTERBOUND(#1765,.T.);
#1767= IFCFACE((#1766));
#1768= IFCPOLYLOOP((#1722,#1708,#1712));
#1769= IFCFACEOUTERBOUND(#1768,.T.);
#1770= IFCFACE((#1769));
#1771= IFCPOLYLOOP((#1709,#1717,#1715));
#1772= IFCFACEOUTERBOUND(#1771,.T.);
#1773= IFCFACE((#1772));
#1774= IFCPOLYLOOP((#1712,#1716,#1720));
#1775= IFCFACEOUTERBOUND(#1774,.T.);
#1776= IFCFACE((#1775));
#1777= IFCPOLYLOOP((#1709,#1721,#1717));
#1778= IFCFACEOUTERBOUND(#1777,.T.);
#1779= IFCFACE((#1778));
#1780= IFCPOLYLOOP((#1712,#1720,#1722));
#1781= IFCFACEOUTERBOUND(#1780,.T.);
#1782= IFCFACE((#1781));
#1783= IFCPOLYLOOP((#1701,#1700,#1704));
#1784= IFCFACEOUTERBOUND(#1783,.T.);
#1785= IFCFACE((#1784));
#1786= IFCPOLYLOOP((#1701,#1704,#1703));
#1787= IFCFACEOUTERBOUND(#1786,.T.);
#1788= IFCFACE((#1787));
#1789= IFCPOLYLOOP((#1700,#1706,#1707));
#1790= IFCFACEOUTERBOUND(#1789,.T.);
#1791= IFCFACE((#1790));
#1792= IFCPOLYLOOP((#1700,#1707,#1704));
#1793= IFCFACEOUTERBOUND(#1792,.T.);
#1794= IFCFACE((#1793));
#1795= IFCPOLYLOOP((#1706,#1705,#1708));
#1796= IFCFACEOUTERBOUND(#1795,.T.);
#1797= IFCFACE((#1796));
#1798= IFCPOLYLOOP((#1706,#1708,#1707));
#1799= IFCFACEOUTERBOUND(#1798,.T.);
#1800= IFCFACE((#1799));
#1801= IFCPOLYLOOP((#1705,#1709,#1712));
#1802= IFCFACEOUTERBOUND(#1801,.T.);
#1803= IFCFACE((#1802));
#1804= IFCPOLYLOOP((#1705,#1712,#1708));
#1805= IFCFACEOUTERBOUND(#1804,.T.);
#1806= IFCFACE((#1805));
#1807= IFCPOLYLOOP((#1709,#1711,#1713));
#1808= IFCFACEOUTERBOUND(#1807,.T.);
#1809= IFCFACE((#1808));
#1810= IFCPOLYLOOP((#1709,#1713,#1712));
#1811= IFCFACEOUTERBOUND(#1810,.T.);
#1812= IFCFACE((#1811));
#1813= IFCPOLYLOOP((#1711,#1710,#1714));
#1814= IFCFACEOUTERBOUND(#1813,.T.);
#1815= IFCFACE((#1814));
#1816= IFCPOLYLOOP((#1711,#1714,#1713));
#1817= IFCFACEOUTERBOUND(#1816,.T.);
#1818= IFCFACE((#1817));
#1819= IFCPOLYLOOP((#1710,#1715,#1716));
#1820= IFCFACEOUTERBOUND(#1819,.T.);
#1821= IFCFACE((#1820));
#1822= IFCPOLYLOOP((#1710,#1716,#1714));
#1823= IFCFACEOUTERBOUND(#1822,.T.);
#1824= IFCFACE((#1823));
#1825= IFCPOLYLOOP((#1715,#1718,#1719));
#1826= IFCFACEOUTERBOUND(#1825,.T.);
#1827= IFCFACE((#1826));
#1828= IFCPOLYLOOP((#1715,#1719,#1716));
#1829= IFCFACEOUTERBOUND(#1828,.T.);
#1830= IFCFACE((#1829));
#1831= IFCPOLYLOOP((#1718,#1717,#1720));
#1832= IFCFACEOUTERBOUND(#1831,.T.);
#1833= IFCFACE((#1832));
#1834= IFCPOLYLOOP((#1718,#1720,#1719));
#1835= IFCFACEOUTERBOUND(#1834,.T.);
#1836= IFCFACE((#1835));
#1837= IFCPOLYLOOP((#1717,#1721,#1722));
#1838= IFCFACEOUTERBOUND(#1837,.T.);
#1839= IFCFACE((#1838));
#1840= IFCPOLYLOOP((#1717,#1722,#1720));
#1841= IFCFACEOUTERBOUND(#1840,.T.);
#1842= IFCFACE((#1841));
#1843= IFCPOLYLOOP((#1721,#1699,#1702));
#1844= IFCFACEOUTERBOUND(#1843,.T.);
#1845= IFCFACE((#1844));
#1846= IFCPOLYLOOP((#1721,#1702,#1722));
#1847= IFCFACEOUTERBOUND(#1846,.T.);
#1848= IFCFACE((#1847));
#1849= IFCPOLYLOOP((#1699,#1701,#1703));
#1850= IFCFACEOUTERBOUND(#1849,.T.);
#1851= IFCFACE((#1850));
#1852= IFCPOLYLOOP((#1699,#1703,#1702));
#1853= IFCFACEOUTERBOUND(#1852,.T.);
#1854= IFCFACE((#1853));
#1855= IFCCLOSEDSHELL((#1725,#1728,#1731,#1734,#1737,#1740,#1743,#1746,#1749,#1752,#1755,#1758,#1761,#1764,#1767,#1770,#1773,#1776,#1779,#1782,#1785,#1788,#1791,#1794,#1797,#1800,#1803,#1806,#1809,#1812,#1815,#1818,#1821,#1824,#1827,#1830,#1833,#1836,#1839,#1842,#1845,#1848,#1851,#1854));
#1856= IFCFACETEDBREP(#1855);
#1857= IFCCARTESIANPOINT((4.,3.));
#1858= IFCCARTESIANPOINT((6.,3.));
#1859= IFCPOLYLINE((#1857,#1858));
#1860= IFCSHAPEREPRESENTATION(#11,'Axis','Curve2D',(#1859));
#1861= IFCSHAPEREPRESENTATION(#10,'Body','Brep',(#1856));
#1862= IFCLOCALPLACEMENT(#174,#7);
#1863= IFCPRODUCTDEFINITIONSHAPE($,$,(#1860,#1861));
#1864= IFCBEAM('0f8suY8ImoN37kc9aylUqN',#5,'B1',$,$,#1862,#1863,'b-1');
#1865= IFCCARTESIANPOINT((0.,2.875,2.9));
#1866= IFCCARTESIANPOINT((0.,3.125,2.5));
#1867= IFCCARTESIANPOINT((0.,2.875,2.5));
#1868= IFCCARTESIANPOINT((3.84298726,2.875,2.9));
#1869= IFCCARTESIANPOINT((3.84298726,2.875,2.5));
#1870= IFCCARTESIANPOINT((3.84298726,3.125,2.5));
#1871= IFCCARTESIANPOINT((0.,3.125,2.9));
#1872= IFCCARTESIANPOINT((3.84298726,3.125,2.9));
#1873= IFCPOLYLOOP((#1865,#1866,#1867));
#1874= IFCFACEOUTERBOUND(#1873,.T.);
#1875= IFCFACE((#1874));
#1876= IFCPOLYLOOP((#1868,#1869,#1870));
#1877= IFCFACEOUTERBOUND(#1876,.T.);
#1878= IFCFACE((#1877));
#1879= IFCPOLYLOOP((#1865,#1871,#1866));
#1880= IFCFACEOUTERBOUND(#1879,.T.);
#1881= IFCFACE((#1880));
#1882= IFCPOLYLOOP((#1868,#1870,#1872));
#1883= IFCFACEOUTERBOUND(#1882,.T.);
#1884= IFCFACE((#1883));
#1885= IFCPOLYLOOP((#1867,#1866,#1870));
#1886= IFCFACEOUTERBOUND(#1885,.T.);
#1887= IFCFACE((#1886));
#1888= IFCPOLYLOOP((#1867,#1870,#1869));
#1889= IFCFACEOUTERBOUND(#1888,.T.);
#1890= IFCFACE((#1889));
#1891= IFCPOLYLOOP((#1866,#1871,#1872));
#1892= IFCFACEOUTERBOUND(#1891,.T.);
#1893= IFCFACE((#1892));
#1894= IFCPOLYLOOP((#1866,#1872,#1870));
#1895= IFCFACEOUTERBOUND(#1894,.T.);
#1896= IFCFACE((#1895));
#1897= IFCPOLYLOOP((#1871,#1865,#1868));
#1898= IFCFACEOUTERBOUND(#1897,.T.);
#1899= IFCFACE((#1898));
#1900= IFCPOLYLOOP((#1871,#1868,#1872));
#1901= IFCFACEOUTERBOUND(#1900,.T.);
#1902= IFCFACE((#1901));
#1903= IFCPOLYLOOP((#1865,#1867,#1869));
#1904= IFCFACEOUTERBOUND(#1903,.T.);
#1905= IFCFACE((#1904));
#1906= IFCPOLYLOOP((#1865,#1869,#1868));
#1907= IFCFACEOUTERBOUND(#1906,.T.);
#1908= IFCFACE((#1907));
#1909= IFCCLOSEDSHELL((#1875,#1878,#1881,#1884,#1887,#1890,#1893,#1896,#1899,#1902,#1905,#1908));
#1910= IFCFACETEDBREP(#1909);
#1911= IFCCARTESIANPOINT((0.,3.));
#1912= IFCPOLYLINE((#1911,#1857));
#1913= IFCSHAPEREPRESENTATION(#11,'Axis','Curve2D',(#1912));
#1914= IFCSHAPEREPRESENTATION(#10,'Body','Brep',(#1910));
#1915= IFCLOCALPLACEMENT(#174,#7);
#1916= IFCPRODUCTDEFINITIONSHAPE($,$,(#1913,#1914));
#1917= IFCBEAM('05WtPR8kDgb4Bv6xAtWPMM',#5,'B2',$,$,#1915,#1916,'b-2');
#1918= IFCCARTESIANPOINT((29.948275862,39.945689655,2.7107));
#1919= IFCCARTESIANPOINT((30.051724138,40.054310345,2.7));
#1920= IFCCARTESIANPOINT((29.948275862,39.945689655,2.7));
#1921= IFCCARTESIANPOINT((36.051724138,39.945689655,2.7107));
#1922= IFCCARTESIANPOINT((36.051724138,39.945689655,2.7));
#1923= IFCCARTESIANPOINT((35.948275862,40.054310345,2.7));
#1924= IFCCARTESIANPOINT((30.002448276,40.00257069,2.7107));
#1925= IFCCARTESIANPOINT((30.051724138,40.054310345,2.7107));
#1926= IFCCARTESIANPOINT((35.948275862,40.054310345,2.7107));
#1927= IFCCARTESIANPOINT((35.997551724,40.00257069,2.7107));
#1928= IFCCARTESIANPOINT((30.002448276,40.00257069,2.9893));
#1929= IFCCARTESIANPOINT((30.051724138,40.054310345,3.));
#1930= IFCCARTESIANPOINT((30.051724138,40.054310345,2.9893));
#1931= IFCCARTESIANPOINT((35.997551724,40.00257069,2.9893));
#1932= IFCCARTESIANPOINT((35.948275862,40.054310345,2.9893));
#1933= IFCCARTESIANPOINT((35.948275862,40.054310345,3.));
#1934= IFCCARTESIANPOINT((29.948275862,39.945689655,3.));
#1935= IFCCARTESIANPOINT((36.051724138,39.945689655,3.));
#1936= IFCCARTESIANPOINT((29.997551724,39.99742931,2.9893));
#1937= IFCCARTESIANPOINT((29.948275862,39.945689655,2.9893));
#1938= IFCCARTESIANPOINT((36.051724138,39.945689655,2.9893));
#1939= IFCCARTESIANPOINT((36.002448276,39.99742931,2.9893));
#1940= IFCCARTESIANPOINT((29.997551724,39.99742931,2.7107));
#1941= IFCCARTESIANPOINT((36.002448276,39.99742931,2.7107));
#1942= IFCCARTESIANPOINT((30.093686937,40.014881281,2.7));
#1943= IFCCARTESIANPOINT((29.99171104,39.904877116,2.7));
#1944= IFCCARTESIANPOINT((30.093686937,40.014881281,2.7107));
#1945= IFCCARTESIANPOINT((30.045112418,39.96248263,2.7107));
#1946= IFCCARTESIANPOINT((30.045112418,39.96248263,2.9893));
#1947= IFCCARTESIANPOINT((30.093686937,40.014881281,2.9893));
#1948= IFCCARTESIANPOINT((30.093686937,40.014881281,3.));
#1949= IFCCARTESIANPOINT((29.99171104,39.904877116,3.));
#1950= IFCCARTESIANPOINT((29.99171104,39.904877116,2.9893));
#1951= IFCCARTESIANPOINT((30.040285559,39.957275766,2.9893));
#1952= IFCCARTESIANPOINT((30.040285559,39.957275766,2.7107));
#1953= IFCCARTESIANPOINT((29.99171104,39.904877116,2.7107));
#1954= IFCCARTESIANPOINT((30.136176994,39.976020984,2.7));
#1955= IFCCARTESIANPOINT((30.035691976,39.8646533,2.7));
#1956= IFCCARTESIANPOINT((30.136176994,39.976020984,2.7107));
#1957= IFCCARTESIANPOINT((30.088312631,39.922972844,2.7107));
#1958= IFCCARTESIANPOINT((30.088312631,39.922972844,2.9893));
#1959= IFCCARTESIANPOINT((30.136176994,39.976020984,2.9893));
#1960= IFCCARTESIANPOINT((30.136176994,39.976020984,3.));
#1961= IFCCARTESIANPOINT((30.035691976,39.8646533,3.));
#1962= IFCCARTESIANPOINT((30.035691976,39.8646533,2.9893));
#1963= IFCCARTESIANPOINT((30.08355634,39.91770144,2.9893));
#1964= IFCCARTESIANPOINT((30.08355634,39.91770144,2.7107));
#1965= IFCCARTESIANPOINT((30.035691976,39.8646533,2.7107));
#1966= IFCCARTESIANPOINT((30.1791866,39.937736505,2.7));
#1967= IFCCARTESIANPOINT((30.080210691,39.825025505,2.7));
#1968= IFCCARTESIANPOINT((30.1791866,39.937736505,2.7107));
#1969= IFCCARTESIANPOINT((30.132041076,39.884048498,2.7107));
#1970= IFCCARTESIANPOINT((30.132041076,39.884048498,2.9893));
#1971= IFCCARTESIANPOINT((30.1791866,39.937736505,2.9893));
#1972= IFCCARTESIANPOINT((30.1791866,39.937736505,3.));
#1973= IFCCARTESIANPOINT((30.080210691,39.825025505,3.));
#1974= IFCCARTESIANPOINT((30.080210691,39.825025505,2.9893));
#1975= IFCCARTESIANPOINT((30.127356216,39.878713511,2.9893));
#1976= IFCCARTESIANPOINT((30.127356216,39.878713511,2.7107));
#1977= IFCCARTESIANPOINT((30.080210691,39.825025505,2.7107));
#1978= IFCCARTESIANPOINT((30.222707953,39.900034787,2.7));
#1979= IFCCARTESIANPOINT((30.125259109,39.78600092,2.7));
#1980= IFCCARTESIANPOINT((30.222707953,39.900034787,2.7107));
#1981= IFCCARTESIANPOINT((30.17628982,39.845716655,2.7107));
#1982= IFCCARTESIANPOINT((30.17628982,39.845716655,2.9893));
#1983= IFCCARTESIANPOINT((30.222707953,39.900034787,2.9893));
#1984= IFCCARTESIANPOINT((30.222707953,39.900034787,3.));
#1985= IFCCARTESIANPOINT((30.125259109,39.78600092,3.));
#1986= IFCCARTESIANPOINT((30.125259109,39.78600092,2.9893));
#1987= IFCCARTESIANPOINT((30.171677241,39.840319052,2.9893));
#1988= IFCCARTESIANPOINT((30.171677241,39.840319052,2.7107));
#1989= IFCCARTESIANPOINT((30.125259109,39.78600092,2.7107));
#1990= IFCCARTESIANPOINT((30.266733156,39.862922672,2.7));
#1991= IFCCARTESIANPOINT((30.170829056,39.747586626,2.7));
#1992= IFCCARTESIANPOINT((30.266733156,39.862922672,2.7107));
#1993= IFCCARTESIANPOINT((30.221050836,39.807984269,2.7107));
#1994= IFCCARTESIANPOINT((30.221050836,39.807984269,2.9893));
#1995= IFCCARTESIANPOINT((30.266733156,39.862922672,2.9893));
#1996= IFCCARTESIANPOINT((30.266733156,39.862922672,3.));
#1997= IFCCARTESIANPOINT((30.170829056,39.747586626,3.));
#1998= IFCCARTESIANPOINT((30.170829056,39.747586626,2.9893));
#1999= IFCCARTESIANPOINT((30.216511376,39.802525029,2.9893));
#2000= IFCCARTESIANPOINT((30.216511376,39.802525029,2.7107));
#2001= IFCCARTESIANPOINT((30.170829056,39.747586626,2.7107));
#2002= IFCCARTESIANPOINT((30.311254223,39.826406892,2.7));
#2003= IFCCARTESIANPOINT((30.216912266,39.70978959,2.7));
#2004= IFCCARTESIANPOINT((30.311254223,39.826406892,2.7107));
#2005= IFCCARTESIANPOINT((30.266316004,39.770858184,2.7107));
#2006= IFCCARTESIANPOINT((30.266316004,39.770858184,2.9893));
#2007= IFCCARTESIANPOINT((30.311254223,39.826406892,2.9893));
#2008= IFCCARTESIANPOINT((30.311254223,39.826406892,3.));
#2009= IFCCARTESIANPOINT((30.216912266,39.70978959,3.));
#2010= IFCCARTESIANPOINT((30.216912266,39.70978959,2.9893));
#2011= IFCCARTESIANPOINT((30.261850485,39.765338298,2.9893));
#2012= IFCCARTESIANPOINT((30.261850485,39.765338298,2.7107));
#2013= IFCCARTESIANPOINT((30.216912266,39.70978959,2.7107));
#2014= IFCCARTESIANPOINT((30.356263077,39.790494072,2.7));
#2015= IFCCARTESIANPOINT((30.263500378,39.672616671,2.7));
#2016= IFCCARTESIANPOINT((30.356263077,39.790494072,2.7107));
#2017= IFCCARTESIANPOINT((30.312077111,39.734345137,2.7107));
#2018= IFCCARTESIANPOINT((30.312077111,39.734345137,2.9893));
#2019= IFCCARTESIANPOINT((30.356263077,39.790494072,2.9893));
#2020= IFCCARTESIANPOINT((30.356263077,39.790494072,3.));
#2021= IFCCARTESIANPOINT((30.263500378,39.672616671,3.));
#2022= IFCCARTESIANPOINT((30.263500378,39.672616671,2.9893));
#2023= IFCCARTESIANPOINT((30.307686343,39.728765606,2.9893));
#2024= IFCCARTESIANPOINT((30.307686343,39.728765606,2.7107));
#2025= IFCCARTESIANPOINT((30.263500378,39.672616671,2.7107));
#2026= IFCCARTESIANPOINT((30.401751552,39.755190726,2.7));
#2027= IFCCARTESIANPOINT((30.31058494,39.636074612,2.7));
#2028= IFCCARTESIANPOINT((30.401751552,39.755190726,2.7107));
#2029= IFCCARTESIANPOINT((30.358325856,39.69845175,2.7107));
#2030= IFCCARTESIANPOINT((30.358325856,39.69845175,2.9893));
#2031= IFCCARTESIANPOINT((30.401751552,39.755190726,2.9893));
#2032= IFCCARTESIANPOINT((30.401751552,39.755190726,3.));
#2033= IFCCARTESIANPOINT((30.31058494,39.636074612,3.));
#2034= IFCCARTESIANPOINT((30.31058494,39.636074612,2.9893));
#2035= IFCCARTESIANPOINT((30.354010636,39.692813588,2.9893));
#2036= IFCCARTESIANPOINT((30.354010636,39.692813588,2.7107));
#2037= IFCCARTESIANPOINT((30.31058494,39.636074612,2.7107));
#2038= IFCCARTESIANPOINT((30.447711397,39.720503261,2.7));
#2039= IFCCARTESIANPOINT((30.358157411,39.600170042,2.7));
#2040= IFCCARTESIANPOINT((30.447711397,39.720503261,2.7107));
#2041= IFCCARTESIANPOINT((30.405053848,39.663184537,2.7107));
#2042= IFCCARTESIANPOINT((30.405053848,39.663184537,2.9893));
#2043= IFCCARTESIANPOINT((30.447711397,39.720503261,2.9893));
#2044= IFCCARTESIANPOINT((30.447711397,39.720503261,3.));
#2045= IFCCARTESIANPOINT((30.358157411,39.600170042,3.));
#2046= IFCCARTESIANPOINT((30.358157411,39.600170042,2.9893));
#2047= IFCCARTESIANPOINT((30.400814959,39.657488765,2.9893));
#2048= IFCCARTESIANPOINT((30.400814959,39.657488765,2.7107));
#2049= IFCCARTESIANPOINT((30.358157411,39.600170042,2.7107));
#2050= IFCCARTESIANPOINT((30.494134272,39.686437967,2.7));
#2051= IFCCARTESIANPOINT((30.406209159,39.564909475,2.7));
#2052= IFCCARTESIANPOINT((30.494134272,39.686437967,2.7107));
#2053= IFCCARTESIANPOINT((30.45225261,39.628549895,2.7107));
#2054= IFCCARTESIANPOINT((30.45225261,39.628549895,2.9893));
#2055= IFCCARTESIANPOINT((30.494134272,39.686437967,2.9893));
#2056= IFCCARTESIANPOINT((30.494134272,39.686437967,3.));
#2057= IFCCARTESIANPOINT((30.406209159,39.564909475,3.));
#2058= IFCCARTESIANPOINT((30.406209159,39.564909475,2.9893));
#2059= IFCCARTESIANPOINT((30.448090821,39.622797547,2.9893));
#2060= IFCCARTESIANPOINT((30.448090821,39.622797547,2.7107));
#2061= IFCCARTESIANPOINT((30.406209159,39.564909475,2.7107));
#2062= IFCCARTESIANPOINT((30.541011757,39.653001026,2.7));
#2063= IFCCARTESIANPOINT((30.454731468,39.530299308,2.7));
#2064= IFCCARTESIANPOINT((30.541011757,39.653001026,2.7107));
#2065= IFCCARTESIANPOINT((30.49991358,39.594554108,2.7107));
#2066= IFCCARTESIANPOINT((30.49991358,39.594554108,2.9893));
#2067= IFCCARTESIANPOINT((30.541011757,39.653001026,2.9893));
#2068= IFCCARTESIANPOINT((30.541011757,39.653001026,3.));
#2069= IFCCARTESIANPOINT((30.454731468,39.530299308,3.));
#2070= IFCCARTESIANPOINT((30.454731468,39.530299308,2.9893));
#2071= IFCCARTESIANPOINT((30.495829646,39.588746226,2.9893));
#2072= IFCCARTESIANPOINT((30.495829646,39.588746226,2.7107));
#2073= IFCCARTESIANPOINT((30.454731468,39.530299308,2.7107));
#2074= IFCCARTESIANPOINT((30.588335347,39.620198504,2.7));
#2075= IFCCARTESIANPOINT((30.503715535,39.49634582,2.7));
#2076= IFCCARTESIANPOINT((30.588335347,39.620198504,2.7107));
#2077= IFCCARTESIANPOINT((30.54802811,39.561203342,2.7107));
#2078= IFCCARTESIANPOINT((30.54802811,39.561203342,2.9893));
#2079= IFCCARTESIANPOINT((30.588335347,39.620198504,2.9893));
#2080= IFCCARTESIANPOINT((30.588335347,39.620198504,3.));
#2081= IFCCARTESIANPOINT((30.503715535,39.49634582,3.));
#2082= IFCCARTESIANPOINT((30.503715535,39.49634582,2.9893));
#2083= IFCCARTESIANPOINT((30.544022772,39.555340982,2.9893));
#2084= IFCCARTESIANPOINT((30.544022772,39.555340982,2.7107));
#2085= IFCCARTESIANPOINT((30.503715535,39.49634582,2.7107));
#2086= IFCCARTESIANPOINT((30.636096456,39.588036351,2.7));
#2087= IFCCARTESIANPOINT((30.553152472,39.463055171,2.7));
#2088= IFCCARTESIANPOINT((30.636096456,39.588036351,2.7107));
#2089= IFCCARTESIANPOINT((30.596587472,39.528503649,2.7107));
#2090= IFCCARTESIANPOINT((30.596587472,39.528503649,2.9893));
#2091= IFCCARTESIANPOINT((30.636096456,39.588036351,2.9893));
#2092= IFCCARTESIANPOINT((30.636096456,39.588036351,3.));
#2093= IFCCARTESIANPOINT((30.553152472,39.463055171,3.));
#2094= IFCCARTESIANPOINT((30.553152472,39.463055171,2.9893));
#2095= IFCCARTESIANPOINT((30.592661456,39.522587873,2.9893));
#2096= IFCCARTESIANPOINT((30.592661456,39.522587873,2.7107));
#2097= IFCCARTESIANPOINT((30.553152472,39.463055171,2.7107));
#2098= IFCCARTESIANPOINT((30.68428642,39.556520403,2.7));
#2099= IFCCARTESIANPOINT((30.603033312,39.4304334,2.7));
#2100= IFCCARTESIANPOINT((30.68428642,39.556520403,2.7107));
#2101= IFCCARTESIANPOINT((30.645582856,39.49646096,2.7107));
#2102= IFCCARTESIANPOINT((30.645582856,39.49646096,2.9893));
#2103= IFCCARTESIANPOINT((30.68428642,39.556520403,2.9893));
#2104= IFCCARTESIANPOINT((30.68428642,39.556520403,3.));
#2105= IFCCARTESIANPOINT((30.603033312,39.4304334,3.));
#2106= IFCCARTESIANPOINT((30.603033312,39.4304334,2.9893));
#2107= IFCCARTESIANPOINT((30.641736875,39.490492842,2.9893));
#2108= IFCCARTESIANPOINT((30.641736875,39.490492842,2.7107));
#2109= IFCCARTESIANPOINT((30.603033312,39.4304334,2.7107));
#2110= IFCCARTESIANPOINT((30.732896495,39.525656377,2.7));
#2111= IFCCARTESIANPOINT((30.653349004,39.398486425,2.7));
#2112= IFCCARTESIANPOINT((30.732896495,39.525656377,2.7107));
#2113= IFCCARTESIANPOINT((30.695005374,39.46508109,2.7107));
#2114= IFCCARTESIANPOINT((30.695005374,39.46508109,2.9893));
#2115= IFCCARTESIANPOINT((30.732896495,39.525656377,2.9893));
#2116= IFCCARTESIANPOINT((30.732896495,39.525656377,3.));
#2117= IFCCARTESIANPOINT((30.653349004,39.398486425,3.));
#2118= IFCCARTESIANPOINT((30.653349004,39.398486425,2.9893));
#2119= IFCCARTESIANPOINT((30.691240126,39.459061712,2.9893));
#2120= IFCCARTESIANPOINT((30.691240126,39.459061712,2.7107));
#2121= IFCCARTESIANPOINT((30.653349004,39.398486425,2.7107));
#2122= IFCCARTESIANPOINT((30.781917865,39.495449872,2.7));
#2123= IFCCARTESIANPOINT((30.704090421,39.367220042,2.7));
#2124= IFCCARTESIANPOINT((30.781917865,39.495449872,2.7107));
#2125= IFCCARTESIANPOINT((30.744846059,39.43436973,2.7107));
#2126= IFCCARTESIANPOINT((30.744846059,39.43436973,2.9893));
#2127= IFCCARTESIANPOINT((30.781917865,39.495449872,2.9893));
#2128= IFCCARTESIANPOINT((30.781917865,39.495449872,3.));
#2129= IFCCARTESIANPOINT((30.704090421,39.367220042,3.));
#2130= IFCCARTESIANPOINT((30.704090421,39.367220042,2.9893));
#2131= IFCCARTESIANPOINT((30.741162227,39.428300184,2.9893));
#2132= IFCCARTESIANPOINT((30.741162227,39.428300184,2.7107));
#2133= IFCCARTESIANPOINT((30.704090421,39.367220042,2.7107));
#2134= IFCCARTESIANPOINT((30.831341634,39.465906368,2.7));
#2135= IFCCARTESIANPOINT((30.755248358,39.336639924,2.7));
#2136= IFCCARTESIANPOINT((30.831341634,39.465906368,2.7107));
#2137= IFCCARTESIANPOINT((30.79509587,39.404332452,2.7107));
#2138= IFCCARTESIANPOINT((30.79509587,39.404332452,2.9893));
#2139= IFCCARTESIANPOINT((30.831341634,39.465906368,2.9893));
#2140= IFCCARTESIANPOINT((30.831341634,39.465906368,3.));
#2141= IFCCARTESIANPOINT((30.755248358,39.336639924,3.));
#2142= IFCCARTESIANPOINT((30.755248358,39.336639924,2.9893));
#2143= IFCCARTESIANPOINT((30.791494122,39.39821384,2.9893));
#2144= IFCCARTESIANPOINT((30.791494122,39.39821384,2.7107));
#2145= IFCCARTESIANPOINT((30.755248358,39.336639924,2.7107));
#2146= IFCCARTESIANPOINT((30.881158837,39.437031225,2.7));
#2147= IFCCARTESIANPOINT((30.806813533,39.306751619,2.7));
#2148= IFCCARTESIANPOINT((30.881158837,39.437031225,2.7107));
#2149= IFCCARTESIANPOINT((30.845745691,39.374974706,2.7107));
#2150= IFCCARTESIANPOINT((30.845745691,39.374974706,2.9893));
#2151= IFCCARTESIANPOINT((30.881158837,39.437031225,2.9893));
#2152= IFCCARTESIANPOINT((30.881158837,39.437031225,3.));
#2153= IFCCARTESIANPOINT((30.806813533,39.306751619,3.));
#2154= IFCCARTESIANPOINT((30.806813533,39.306751619,2.9893));
#2155= IFCCARTESIANPOINT((30.84222668,39.368808138,2.9893));
#2156= IFCCARTESIANPOINT((30.84222668,39.368808138,2.7107));
#2157= IFCCARTESIANPOINT((30.806813533,39.306751619,2.7107));
#2158= IFCCARTESIANPOINT((30.931360436,39.408829681,2.7));
#2159= IFCCARTESIANPOINT((30.858776592,39.277560547,2.7));
#2160= IFCCARTESIANPOINT((30.931360436,39.408829681,2.7107));
#2161= IFCCARTESIANPOINT((30.896786332,39.346301817,2.7107));
#2162= IFCCARTESIANPOINT((30.896786332,39.346301817,2.9893));
#2163= IFCCARTESIANPOINT((30.931360436,39.408829681,2.9893));
#2164= IFCCARTESIANPOINT((30.931360436,39.408829681,3.));
#2165= IFCCARTESIANPOINT((30.858776592,39.277560547,3.));
#2166= IFCCARTESIANPOINT((30.858776592,39.277560547,2.9893));
#2167= IFCCARTESIANPOINT((30.893350696,39.340088411,2.9893));
#2168= IFCCARTESIANPOINT((30.893350696,39.340088411,2.7107));
#2169= IFCCARTESIANPOINT((30.858776592,39.277560547,2.7107));
#2170= IFCCARTESIANPOINT((30.981937324,39.381306853,2.7));
#2171= IFCCARTESIANPOINT((30.911128107,39.249072006,2.7));
#2172= IFCCARTESIANPOINT((30.981937324,39.381306853,2.7107));
#2173= IFCCARTESIANPOINT((30.948208533,39.318318988,2.7107));
#2174= IFCCARTESIANPOINT((30.948208533,39.318318988,2.9893));
#2175= IFCCARTESIANPOINT((30.981937324,39.381306853,2.9893));
#2176= IFCCARTESIANPOINT((30.981937324,39.381306853,3.));
#2177= IFCCARTESIANPOINT((30.911128107,39.249072006,3.));
#2178= IFCCARTESIANPOINT((30.911128107,39.249072006,2.9893));
#2179= IFCCARTESIANPOINT((30.944856897,39.312059872,2.9893));
#2180= IFCCARTESIANPOINT((30.944856897,39.312059872,2.7107));
#2181= IFCCARTESIANPOINT((30.911128107,39.249072006,2.7107));
#2182= IFCCARTESIANPOINT((31.032880324,39.354467734,2.7));
#2183= IFCCARTESIANPOINT((30.963858581,39.221291164,2.7));
#2184= IFCCARTESIANPOINT((31.032880324,39.354467734,2.7107));
#2185= IFCCARTESIANPOINT((31.000002967,39.291031294,2.7107));
#2186= IFCCARTESIANPOINT((31.000002967,39.291031294,2.9893));
#2187= IFCCARTESIANPOINT((31.032880324,39.354467734,2.9893));
#2188= IFCCARTESIANPOINT((31.032880324,39.354467734,3.));
#2189= IFCCARTESIANPOINT((30.963858581,39.221291164,3.));
#2190= IFCCARTESIANPOINT((30.963858581,39.221291164,2.9893));
#2191= IFCCARTESIANPOINT((30.996735938,39.284727603,2.9893));
#2192= IFCCARTESIANPOINT((30.996735938,39.284727603,2.7107));
#2193= IFCCARTESIANPOINT((30.963858581,39.221291164,2.7107));
#2194= IFCCARTESIANPOINT((31.084180195,39.328317193,2.7));
#2195= IFCCARTESIANPOINT((31.016958448,39.19422306,2.7));
#2196= IFCCARTESIANPOINT((31.084180195,39.328317193,2.7107));
#2197= IFCCARTESIANPOINT((31.052160236,39.264443688,2.7107));
#2198= IFCCARTESIANPOINT((31.052160236,39.264443688,2.9893));
#2199= IFCCARTESIANPOINT((31.084180195,39.328317193,2.9893));
#2200= IFCCARTESIANPOINT((31.084180195,39.328317193,3.));
#2201= IFCCARTESIANPOINT((31.016958448,39.19422306,3.));
#2202= IFCCARTESIANPOINT((31.016958448,39.19422306,2.9893));
#2203= IFCCARTESIANPOINT((31.048978407,39.258096565,2.9893));
#2204= IFCCARTESIANPOINT((31.048978407,39.258096565,2.7107));
#2205= IFCCARTESIANPOINT((31.016958448,39.19422306,2.7107));
#2206= IFCCARTESIANPOINT((31.135827631,39.302859974,2.7));
#2207= IFCCARTESIANPOINT((31.070418074,39.167872605,2.7));
#2208= IFCCARTESIANPOINT((31.135827631,39.302859974,2.7107));
#2209= IFCCARTESIANPOINT((31.104670879,39.238560991,2.7107));
#2210= IFCCARTESIANPOINT((31.104670879,39.238560991,2.9893));
#2211= IFCCARTESIANPOINT((31.135827631,39.302859974,2.9893));
#2212= IFCCARTESIANPOINT((31.135827631,39.302859974,3.));
#2213= IFCCARTESIANPOINT((31.070418074,39.167872605,3.));
#2214= IFCCARTESIANPOINT((31.070418074,39.167872605,2.9893));
#2215= IFCCARTESIANPOINT((31.101574826,39.232171588,2.9893));
#2216= IFCCARTESIANPOINT((31.101574826,39.232171588,2.7107));
#2217= IFCCARTESIANPOINT((31.070418074,39.167872605,2.7107));
#2218= IFCCARTESIANPOINT((31.187813261,39.278100696,2.7));
#2219= IFCCARTESIANPOINT((31.124227761,39.14224458,2.7));
#2220= IFCCARTESIANPOINT((31.187813261,39.278100696,2.7107));
#2221= IFCCARTESIANPOINT((31.157525368,39.213387899,2.7107));
#2222= IFCCARTESIANPOINT((31.157525368,39.213387899,2.9893));
#2223= IFCCARTESIANPOINT((31.187813261,39.278100696,2.9893));
#2224= IFCCARTESIANPOINT((31.187813261,39.278100696,3.));
#2225= IFCCARTESIANPOINT((31.124227761,39.14224458,3.));
#2226= IFCCARTESIANPOINT((31.124227761,39.14224458,2.9893));
#2227= IFCCARTESIANPOINT((31.154515654,39.206957376,2.9893));
#2228= IFCCARTESIANPOINT((31.154515654,39.206957376,2.7107));
#2229= IFCCARTESIANPOINT((31.124227761,39.14224458,2.7107));
#2230= IFCCARTESIANPOINT((31.240127654,39.254043849,2.7));
#2231= IFCCARTESIANPOINT((31.178377747,39.117343634,2.7));
#2232= IFCCARTESIANPOINT((31.240127654,39.254043849,2.7107));
#2233= IFCCARTESIANPOINT((31.210714115,39.18892898,2.7107));
#2234= IFCCARTESIANPOINT((31.210714115,39.18892898,2.9893));
#2235= IFCCARTESIANPOINT((31.240127654,39.254043849,2.9893));
#2236= IFCCARTESIANPOINT((31.240127654,39.254043849,3.));
#2237= IFCCARTESIANPOINT((31.178377747,39.117343634,3.));
#2238= IFCCARTESIANPOINT((31.178377747,39.117343634,2.9893));
#2239= IFCCARTESIANPOINT((31.207791286,39.182458503,2.9893));
#2240= IFCCARTESIANPOINT((31.207791286,39.182458503,2.7107));
#2241= IFCCARTESIANPOINT((31.178377747,39.117343634,2.7107));
#2242= IFCCARTESIANPOINT((31.29276132,39.2306938,2.7));
#2243= IFCCARTESIANPOINT((31.232858209,39.093174284,2.7));
#2244= IFCCARTESIANPOINT((31.29276132,39.2306938,2.7107));
#2245= IFCCARTESIANPOINT((31.264227471,39.165188671,2.7107));
#2246= IFCCARTESIANPOINT((31.264227471,39.165188671,2.9893));
#2247= IFCCARTESIANPOINT((31.29276132,39.2306938,2.9893));
#2248= IFCCARTESIANPOINT((31.29276132,39.2306938,3.));
#2249= IFCCARTESIANPOINT((31.232858209,39.093174284,3.));
#2250= IFCCARTESIANPOINT((31.232858209,39.093174284,2.9893));
#2251= IFCCARTESIANPOINT((31.261392057,39.158679413,2.9893));
#2252= IFCCARTESIANPOINT((31.261392057,39.158679413,2.7107));
#2253= IFCCARTESIANPOINT((31.232858209,39.093174284,2.7107));
#2254= IFCCARTESIANPOINT((31.34570471,39.208054783,2.7));
#2255= IFCCARTESIANPOINT((31.287659261,39.069740916,2.7));
#2256= IFCCARTESIANPOINT((31.34570471,39.208054783,2.7107));
#2257= IFCCARTESIANPOINT((31.318055728,39.142171278,2.7107));
#2258= IFCCARTESIANPOINT((31.318055728,39.142171278,2.9893));
#2259= IFCCARTESIANPOINT((31.34570471,39.208054783,2.9893));
#2260= IFCCARTESIANPOINT((31.34570471,39.208054783,3.));
#2261= IFCCARTESIANPOINT((31.287659261,39.069740916,3.));
#2262= IFCCARTESIANPOINT((31.287659261,39.069740916,2.9893));
#2263= IFCCARTESIANPOINT((31.315308243,39.135624421,2.9893));
#2264= IFCCARTESIANPOINT((31.315308243,39.135624421,2.7107));
#2265= IFCCARTESIANPOINT((31.287659261,39.069740916,2.7107));
#2266= IFCCARTESIANPOINT((31.398948219,39.186130906,2.7));
#2267= IFCCARTESIANPOINT((31.342770963,39.04704778,2.7));
#2268= IFCCARTESIANPOINT((31.398948219,39.186130906,2.7107));
#2269= IFCCARTESIANPOINT((31.372189119,39.119880977,2.7107));
#2270= IFCCARTESIANPOINT((31.372189119,39.119880977,2.9893));
#2271= IFCCARTESIANPOINT((31.398948219,39.186130906,2.9893));
#2272= IFCCARTESIANPOINT((31.398948219,39.186130906,3.));
#2273= IFCCARTESIANPOINT((31.342770963,39.04704778,3.));
#2274= IFCCARTESIANPOINT((31.342770963,39.04704778,2.9893));
#2275= IFCCARTESIANPOINT((31.369530062,39.113297709,2.9893));
#2276= IFCCARTESIANPOINT((31.369530062,39.113297709,2.7107));
#2277= IFCCARTESIANPOINT((31.342770963,39.04704778,2.7107));
#2278= IFCCARTESIANPOINT((31.452482187,39.164926146,2.7));
#2279= IFCCARTESIANPOINT((31.398183316,39.025098994,2.7));
#2280= IFCCARTESIANPOINT((31.452482187,39.164926146,2.7107));
#2281= IFCCARTESIANPOINT((31.426617825,39.098321813,2.7107));
#2282= IFCCARTESIANPOINT((31.426617825,39.098321813,2.9893));
#2283= IFCCARTESIANPOINT((31.452482187,39.164926146,2.9893));
#2284= IFCCARTESIANPOINT((31.452482187,39.164926146,3.));
#2285= IFCCARTESIANPOINT((31.398183316,39.025098994,3.));
#2286= IFCCARTESIANPOINT((31.398183316,39.025098994,2.9893));
#2287= IFCCARTESIANPOINT((31.424047678,39.091703327,2.9893));
#2288= IFCCARTESIANPOINT((31.424047678,39.091703327,2.7107));
#2289= IFCCARTESIANPOINT((31.398183316,39.025098994,2.7107));
#2290= IFCCARTESIANPOINT((31.506296903,39.144444351,2.7));
#2291= IFCCARTESIANPOINT((31.453886268,39.003898539,2.7));
#2292= IFCCARTESIANPOINT((31.506296903,39.144444351,2.7107));
#2293= IFCCARTESIANPOINT((31.48133197,39.077497696,2.7107));
#2294= IFCCARTESIANPOINT((31.48133197,39.077497696,2.9893));
#2295= IFCCARTESIANPOINT((31.506296903,39.144444351,2.9893));
#2296= IFCCARTESIANPOINT((31.506296903,39.144444351,3.));
#2297= IFCCARTESIANPOINT((31.453886268,39.003898539,3.));
#2298= IFCCARTESIANPOINT((31.453886268,39.003898539,2.9893));
#2299= IFCCARTESIANPOINT((31.4788512,39.070845194,2.9893));
#2300= IFCCARTESIANPOINT((31.4788512,39.070845194,2.7107));
#2301= IFCCARTESIANPOINT((31.453886268,39.003898539,2.7107));
#2302= IFCCARTESIANPOINT((31.560382603,39.124689235,2.7));
#2303= IFCCARTESIANPOINT((31.509869712,38.983450261,2.7));
#2304= IFCCARTESIANPOINT((31.560382603,39.124689235,2.7107));
#2305= IFCCARTESIANPOINT((31.53632163,39.057412404,2.7107));
#2306= IFCCARTESIANPOINT((31.53632163,39.057412404,2.9893));
#2307= IFCCARTESIANPOINT((31.560382603,39.124689235,2.9893));
#2308= IFCCARTESIANPOINT((31.560382603,39.124689235,3.));
#2309= IFCCARTESIANPOINT((31.509869712,38.983450261,3.));
#2310= IFCCARTESIANPOINT((31.509869712,38.983450261,2.9893));
#2311= IFCCARTESIANPOINT((31.533930686,39.050727093,2.9893));
#2312= IFCCARTESIANPOINT((31.533930686,39.050727093,2.7107));
#2313= IFCCARTESIANPOINT((31.509869712,38.983450261,2.7107));
#2314= IFCCARTESIANPOINT((31.614729477,39.105664384,2.7));
#2315= IFCCARTESIANPOINT((31.566123493,38.963757871,2.7));
#2316= IFCCARTESIANPOINT((31.614729477,39.105664384,2.7107));
#2317= IFCCARTESIANPOINT((31.591576827,39.038069581,2.7107));
#2318= IFCCARTESIANPOINT((31.591576827,39.038069581,2.9893));
#2319= IFCCARTESIANPOINT((31.614729477,39.105664384,2.9893));
#2320= IFCCARTESIANPOINT((31.614729477,39.105664384,3.));
#2321= IFCCARTESIANPOINT((31.566123493,38.963757871,3.));
#2322= IFCCARTESIANPOINT((31.566123493,38.963757871,2.9893));
#2323= IFCCARTESIANPOINT((31.589276143,39.031352673,2.9893));
#2324= IFCCARTESIANPOINT((31.589276143,39.031352673,2.7107));
#2325= IFCCARTESIANPOINT((31.566123493,38.963757871,2.7107));
#2326= IFCCARTESIANPOINT((31.669327663,39.087373247,2.7));
#2327= IFCCARTESIANPOINT((31.622637405,38.94482494,2.7));
#2328= IFCCARTESIANPOINT((31.669327663,39.087373247,2.7107));
#2329= IFCCARTESIANPOINT((31.647087537,39.019472737,2.7107));
#2330= IFCCARTESIANPOINT((31.647087537,39.019472737,2.9893));
#2331= IFCCARTESIANPOINT((31.669327663,39.087373247,2.9893));
#2332= IFCCARTESIANPOINT((31.669327663,39.087373247,3.));
#2333= IFCCARTESIANPOINT((31.622637405,38.94482494,3.));
#2334= IFCCARTESIANPOINT((31.622637405,38.94482494,2.9893));
#2335= IFCCARTESIANPOINT((31.644877531,39.012725451,2.9893));
#2336= IFCCARTESIANPOINT((31.644877531,39.012725451,2.7107));
#2337= IFCCARTESIANPOINT((31.622637405,38.94482494,2.7107));
#2338= IFCCARTESIANPOINT((31.724167257,39.069819145,2.7));
#2339= IFCCARTESIANPOINT((31.679401196,38.926654904,2.7));
#2340= IFCCARTESIANPOINT((31.724167257,39.069819145,2.7107));
#2341= IFCCARTESIANPOINT((31.70284369,39.001625245,2.7107));
#2342= IFCCARTESIANPOINT((31.70284369,39.001625245,2.9893));
#2343= IFCCARTESIANPOINT((31.724167257,39.069819145,2.9893));
#2344= IFCCARTESIANPOINT((31.724167257,39.069819145,3.));
#2345= IFCCARTESIANPOINT((31.679401196,38.926654904,3.));
#2346= IFCCARTESIANPOINT((31.679401196,38.926654904,2.9893));
#2347= IFCCARTESIANPOINT((31.700724763,38.994848804,2.9893));
#2348= IFCCARTESIANPOINT((31.700724763,38.994848804,2.7107));
#2349= IFCCARTESIANPOINT((31.679401196,38.926654904,2.7107));
#2350= IFCCARTESIANPOINT((31.77923831,39.05300526,2.7));
#2351= IFCCARTESIANPOINT((31.736404566,38.909251059,2.7));
#2352= IFCCARTESIANPOINT((31.77923831,39.05300526,2.7107));
#2353= IFCCARTESIANPOINT((31.75883517,38.984530342,2.7107));
#2354= IFCCARTESIANPOINT((31.75883517,38.984530342,2.9893));
#2355= IFCCARTESIANPOINT((31.77923831,39.05300526,2.9893));
#2356= IFCCARTESIANPOINT((31.77923831,39.05300526,3.));
#2357= IFCCARTESIANPOINT((31.736404566,38.909251059,3.));
#2358= IFCCARTESIANPOINT((31.736404566,38.909251059,2.9893));
#2359= IFCCARTESIANPOINT((31.756807706,38.977725977,2.9893));
#2360= IFCCARTESIANPOINT((31.756807706,38.977725977,2.7107));
#2361= IFCCARTESIANPOINT((31.736404566,38.909251059,2.7107));
#2362= IFCCARTESIANPOINT((31.834530831,39.036934645,2.7));
#2363= IFCCARTESIANPOINT((31.793637176,38.892616562,2.7));
#2364= IFCCARTESIANPOINT((31.834530831,39.036934645,2.7107));
#2365= IFCCARTESIANPOINT((31.81505182,38.968191131,2.7107));
#2366= IFCCARTESIANPOINT((31.81505182,38.968191131,2.9893));
#2367= IFCCARTESIANPOINT((31.834530831,39.036934645,2.9893));
#2368= IFCCARTESIANPOINT((31.834530831,39.036934645,3.));
#2369= IFCCARTESIANPOINT((31.793637176,38.892616562,3.));
#2370= IFCCARTESIANPOINT((31.793637176,38.892616562,2.9893));
#2371= IFCCARTESIANPOINT((31.813116187,38.961360075,2.9893));
#2372= IFCCARTESIANPOINT((31.813116187,38.961360075,2.7107));
#2373= IFCCARTESIANPOINT((31.793637176,38.892616562,2.7107));
#2374= IFCCARTESIANPOINT((31.89003479,39.021610213,2.7));
#2375= IFCCARTESIANPOINT((31.851088642,38.876754431,2.7));
#2376= IFCCARTESIANPOINT((31.89003479,39.021610213,2.7107));
#2377= IFCCARTESIANPOINT((31.871483441,38.952610576,2.7107));
#2378= IFCCARTESIANPOINT((31.871483441,38.952610576,2.9893));
#2379= IFCCARTESIANPOINT((31.89003479,39.021610213,2.9893));
#2380= IFCCARTESIANPOINT((31.89003479,39.021610213,3.));
#2381= IFCCARTESIANPOINT((31.851088642,38.876754431,3.));
#2382= IFCCARTESIANPOINT((31.851088642,38.876754431,2.9893));
#2383= IFCCARTESIANPOINT((31.86963999,38.945754069,2.9893));
#2384= IFCCARTESIANPOINT((31.86963999,38.945754069,2.7107));
#2385= IFCCARTESIANPOINT((31.851088642,38.876754431,2.7107));
#2386= IFCCARTESIANPOINT((31.945740116,39.007034746,2.7));
#2387= IFCCARTESIANPOINT((31.908748541,38.861667544,2.7));
#2388= IFCCARTESIANPOINT((31.945740116,39.007034746,2.7107));
#2389= IFCCARTESIANPOINT((31.928119796,38.937791502,2.7107));
#2390= IFCCARTESIANPOINT((31.928119796,38.937791502,2.9893));
#2391= IFCCARTESIANPOINT((31.945740116,39.007034746,2.9893));
#2392= IFCCARTESIANPOINT((31.945740116,39.007034746,3.));
#2393= IFCCARTESIANPOINT((31.908748541,38.861667544,3.));
#2394= IFCCARTESIANPOINT((31.908748541,38.861667544,2.9893));
#2395= IFCCARTESIANPOINT((31.926368861,38.930910788,2.9893));
#2396= IFCCARTESIANPOINT((31.926368861,38.930910788,2.7107));
#2397= IFCCARTESIANPOINT((31.908748541,38.861667544,2.7107));
#2398= IFCCARTESIANPOINT((32.001636704,38.993210887,2.7));
#2399= IFCCARTESIANPOINT((31.966606412,38.847358638,2.7));
#2400= IFCCARTESIANPOINT((32.001636704,38.993210887,2.7107));
#2401= IFCCARTESIANPOINT((31.984950608,38.923736599,2.7107));
#2402= IFCCARTESIANPOINT((31.984950608,38.923736599,2.9893));
#2403= IFCCARTESIANPOINT((32.001636704,38.993210887,2.9893));
#2404= IFCCARTESIANPOINT((32.001636704,38.993210887,3.));
#2405= IFCCARTESIANPOINT((31.966606412,38.847358638,3.));
#2406= IFCCARTESIANPOINT((31.966606412,38.847358638,2.9893));
#2407= IFCCARTESIANPOINT((31.983292508,38.916832926,2.9893));
#2408= IFCCARTESIANPOINT((31.983292508,38.916832926,2.7107));
#2409= IFCCARTESIANPOINT((31.966606412,38.847358638,2.7107));
#2410= IFCCARTESIANPOINT((32.057714412,38.980141145,2.7));
#2411= IFCCARTESIANPOINT((32.02465176,38.833830308,2.7));
#2412= IFCCARTESIANPOINT((32.057714412,38.980141145,2.7107));
#2413= IFCCARTESIANPOINT((32.041965569,38.910448416,2.7107));
#2414= IFCCARTESIANPOINT((32.041965569,38.910448416,2.9893));
#2415= IFCCARTESIANPOINT((32.057714412,38.980141145,2.9893));
#2416= IFCCARTESIANPOINT((32.057714412,38.980141145,3.));
#2417= IFCCARTESIANPOINT((32.02465176,38.833830308,3.));
#2418= IFCCARTESIANPOINT((32.02465176,38.833830308,2.9893));
#2419= IFCCARTESIANPOINT((32.040400604,38.903523037,2.9893));
#2420= IFCCARTESIANPOINT((32.040400604,38.903523037,2.7107));
#2421= IFCCARTESIANPOINT((32.02465176,38.833830308,2.7107));
#2422= IFCCARTESIANPOINT((32.113963069,38.96782789,2.7));
#2423= IFCCARTESIANPOINT((32.082874054,38.821085009,2.7));
#2424= IFCCARTESIANPOINT((32.113963069,38.96782789,2.7107));
#2425= IFCCARTESIANPOINT((32.099154335,38.897929364,2.7107));
#2426= IFCCARTESIANPOINT((32.099154335,38.897929364,2.9893));
#2427= IFCCARTESIANPOINT((32.113963069,38.96782789,2.9893));
#2428= IFCCARTESIANPOINT((32.113963069,38.96782789,3.));
#2429= IFCCARTESIANPOINT((32.082874054,38.821085009,3.));
#2430= IFCCARTESIANPOINT((32.082874054,38.821085009,2.9893));
#2431= IFCCARTESIANPOINT((32.097682788,38.890983535,2.9893));
#2432= IFCCARTESIANPOINT((32.097682788,38.890983535,2.7107));
#2433= IFCCARTESIANPOINT((32.082874054,38.821085009,2.7107));
#2434= IFCCARTESIANPOINT((32.170372468,38.956273357,2.7));
#2435= IFCCARTESIANPOINT((32.141262731,38.809125053,2.7));
#2436= IFCCARTESIANPOINT((32.170372468,38.956273357,2.7107));
#2437= IFCCARTESIANPOINT((32.15650653,38.886181715,2.7107));
#2438= IFCCARTESIANPOINT((32.15650653,38.886181715,2.9893));
#2439= IFCCARTESIANPOINT((32.170372468,38.956273357,2.9893));
#2440= IFCCARTESIANPOINT((32.170372468,38.956273357,3.));
#2441= IFCCARTESIANPOINT((32.141262731,38.809125053,3.));
#2442= IFCCARTESIANPOINT((32.141262731,38.809125053,2.9893));
#2443= IFCCARTESIANPOINT((32.155128669,38.879216695,2.9893));
#2444= IFCCARTESIANPOINT((32.155128669,38.879216695,2.7107));
#2445= IFCCARTESIANPOINT((32.141262731,38.809125053,2.7107));
#2446= IFCCARTESIANPOINT((32.226932377,38.945479641,2.7));
#2447= IFCCARTESIANPOINT((32.199807198,38.797952611,2.7));
#2448= IFCCARTESIANPOINT((32.226932377,38.945479641,2.7107));
#2449= IFCCARTESIANPOINT((32.21401175,38.875207599,2.7107));
#2450= IFCCARTESIANPOINT((32.21401175,38.875207599,2.9893));
#2451= IFCCARTESIANPOINT((32.226932377,38.945479641,2.9893));
#2452= IFCCARTESIANPOINT((32.226932377,38.945479641,3.));
#2453= IFCCARTESIANPOINT((32.199807198,38.797952611,3.));
#2454= IFCCARTESIANPOINT((32.199807198,38.797952611,2.9893));
#2455= IFCCARTESIANPOINT((32.212727825,38.868224653,2.9893));
#2456= IFCCARTESIANPOINT((32.212727825,38.868224653,2.7107));
#2457= IFCCARTESIANPOINT((32.199807198,38.797952611,2.7107));
#2458= IFCCARTESIANPOINT((32.283632535,38.935448701,2.7));
#2459= IFCCARTESIANPOINT((32.258496834,38.787569708,2.7));
#2460= IFCCARTESIANPOINT((32.283632535,38.935448701,2.7107));
#2461= IFCCARTESIANPOINT((32.271659563,38.865009007,2.7107));
#2462= IFCCARTESIANPOINT((32.271659563,38.865009007,2.9893));
#2463= IFCCARTESIANPOINT((32.283632535,38.935448701,2.9893));
#2464= IFCCARTESIANPOINT((32.283632535,38.935448701,3.));
#2465= IFCCARTESIANPOINT((32.258496834,38.787569708,3.));
#2466= IFCCARTESIANPOINT((32.258496834,38.787569708,2.9893));
#2467= IFCCARTESIANPOINT((32.270469806,38.858009401,2.9893));
#2468= IFCCARTESIANPOINT((32.270469806,38.858009401,2.7107));
#2469= IFCCARTESIANPOINT((32.258496834,38.787569708,2.7107));
#2470= IFCCARTESIANPOINT((32.340462654,38.926182356,2.7));
#2471= IFCCARTESIANPOINT((32.317320993,38.777978228,2.7));
#2472= IFCCARTESIANPOINT((32.340462654,38.926182356,2.7107));
#2473= IFCCARTESIANPOINT((32.329439509,38.85558779,2.7107));
#2474= IFCCARTESIANPOINT((32.329439509,38.85558779,2.9893));
#2475= IFCCARTESIANPOINT((32.340462654,38.926182356,2.9893));
#2476= IFCCARTESIANPOINT((32.340462654,38.926182356,3.));
#2477= IFCCARTESIANPOINT((32.317320993,38.777978228,3.));
#2478= IFCCARTESIANPOINT((32.317320993,38.777978228,2.9893));
#2479= IFCCARTESIANPOINT((32.328344137,38.848572794,2.9893));
#2480= IFCCARTESIANPOINT((32.328344137,38.848572794,2.7107));
#2481= IFCCARTESIANPOINT((32.317320993,38.777978228,2.7107));
#2482= IFCCARTESIANPOINT((32.397412425,38.917682288,2.7));
#2483= IFCCARTESIANPOINT((32.376269002,38.769179912,2.7));
#2484= IFCCARTESIANPOINT((32.397412425,38.917682288,2.7107));
#2485= IFCCARTESIANPOINT((32.387341108,38.846945656,2.7107));
#2486= IFCCARTESIANPOINT((32.387341108,38.846945656,2.9893));
#2487= IFCCARTESIANPOINT((32.397412425,38.917682288,2.9893));
#2488= IFCCARTESIANPOINT((32.397412425,38.917682288,3.));
#2489= IFCCARTESIANPOINT((32.376269002,38.769179912,3.));
#2490= IFCCARTESIANPOINT((32.376269002,38.769179912,2.9893));
#2491= IFCCARTESIANPOINT((32.386340319,38.839916544,2.9893));
#2492= IFCCARTESIANPOINT((32.386340319,38.839916544,2.7107));
#2493= IFCCARTESIANPOINT((32.376269002,38.769179912,2.7107));
#2494= IFCCARTESIANPOINT((32.454471517,38.909950039,2.7));
#2495= IFCCARTESIANPOINT((32.435330166,38.761176356,2.7));
#2496= IFCCARTESIANPOINT((32.454471517,38.909950039,2.7107));
#2497= IFCCARTESIANPOINT((32.445353854,38.839084174,2.7107));
#2498= IFCCARTESIANPOINT((32.445353854,38.839084174,2.9893));
#2499= IFCCARTESIANPOINT((32.454471517,38.909950039,2.9893));
#2500= IFCCARTESIANPOINT((32.454471517,38.909950039,3.));
#2501= IFCCARTESIANPOINT((32.435330166,38.761176356,3.));
#2502= IFCCARTESIANPOINT((32.435330166,38.761176356,2.9893));
#2503= IFCCARTESIANPOINT((32.44444783,38.83204222,2.9893));
#2504= IFCCARTESIANPOINT((32.44444783,38.83204222,2.7107));
#2505= IFCCARTESIANPOINT((32.435330166,38.761176356,2.7107));
#2506= IFCCARTESIANPOINT((32.511629577,38.902987011,2.7));
#2507= IFCCARTESIANPOINT((32.494493773,38.753969011,2.7));
#2508= IFCCARTESIANPOINT((32.511629577,38.902987011,2.7107));
#2509= IFCCARTESIANPOINT((32.503467222,38.83200477,2.7107));
#2510= IFCCARTESIANPOINT((32.503467222,38.83200477,2.9893));
#2511= IFCCARTESIANPOINT((32.511629577,38.902987011,2.9893));
#2512= IFCCARTESIANPOINT((32.511629577,38.902987011,3.));
#2513= IFCCARTESIANPOINT((32.494493773,38.753969011,3.));
#2514= IFCCARTESIANPOINT((32.494493773,38.753969011,2.9893));
#2515= IFCCARTESIANPOINT((32.502656127,38.824951252,2.9893));
#2516= IFCCARTESIANPOINT((32.502656127,38.824951252,2.7107));
#2517= IFCCARTESIANPOINT((32.494493773,38.753969011,2.7107));
#2518= IFCCARTESIANPOINT((32.568876236,38.896794468,2.7));
#2519= IFCCARTESIANPOINT((32.553749087,38.747559186,2.7));
#2520= IFCCARTESIANPOINT((32.568876236,38.896794468,2.7107));
#2521= IFCCARTESIANPOINT((32.561670671,38.825708728,2.7107));
#2522= IFCCARTESIANPOINT((32.561670671,38.825708728,2.9893));
#2523= IFCCARTESIANPOINT((32.568876236,38.896794468,2.9893));
#2524= IFCCARTESIANPOINT((32.568876236,38.896794468,3.));
#2525= IFCCARTESIANPOINT((32.553749087,38.747559186,3.));
#2526= IFCCARTESIANPOINT((32.553749087,38.747559186,2.9893));
#2527= IFCCARTESIANPOINT((32.560954652,38.818644925,2.9893));
#2528= IFCCARTESIANPOINT((32.560954652,38.818644925,2.7107));
#2529= IFCCARTESIANPOINT((32.553749087,38.747559186,2.7107));
#2530= IFCCARTESIANPOINT((32.626201109,38.891373533,2.7));
#2531= IFCCARTESIANPOINT((32.613085359,38.741948042,2.7));
#2532= IFCCARTESIANPOINT((32.626201109,38.891373533,2.7107));
#2533= IFCCARTESIANPOINT((32.61995364,38.820197191,2.7107));
#2534= IFCCARTESIANPOINT((32.61995364,38.820197191,2.9893));
#2535= IFCCARTESIANPOINT((32.626201109,38.891373533,2.9893));
#2536= IFCCARTESIANPOINT((32.626201109,38.891373533,3.));
#2537= IFCCARTESIANPOINT((32.613085359,38.741948042,3.));
#2538= IFCCARTESIANPOINT((32.613085359,38.741948042,2.9893));
#2539= IFCCARTESIANPOINT((32.619332828,38.813124384,2.9893));
#2540= IFCCARTESIANPOINT((32.619332828,38.813124384,2.7107));
#2541= IFCCARTESIANPOINT((32.613085359,38.741948042,2.7107));
#2542= IFCCARTESIANPOINT((32.683593796,38.886725189,2.7));
#2543= IFCCARTESIANPOINT((32.672491824,38.737136599,2.7));
#2544= IFCCARTESIANPOINT((32.683593796,38.886725189,2.7107));
#2545= IFCCARTESIANPOINT((32.678305557,38.815471157,2.7107));
#2546= IFCCARTESIANPOINT((32.678305557,38.815471157,2.9893));
#2547= IFCCARTESIANPOINT((32.683593796,38.886725189,2.9893));
#2548= IFCCARTESIANPOINT((32.683593796,38.886725189,3.));
#2549= IFCCARTESIANPOINT((32.672491824,38.737136599,3.));
#2550= IFCCARTESIANPOINT((32.672491824,38.737136599,2.9893));
#2551= IFCCARTESIANPOINT((32.677780063,38.808390631,2.9893));
#2552= IFCCARTESIANPOINT((32.677780063,38.808390631,2.7107));
#2553= IFCCARTESIANPOINT((32.672491824,38.737136599,2.7107));
#2554= IFCCARTESIANPOINT((32.741043885,38.88285028,2.7));
#2555= IFCCARTESIANPOINT((32.731957705,38.733125729,2.7));
#2556= IFCCARTESIANPOINT((32.741043885,38.88285028,2.7107));
#2557= IFCCARTESIANPOINT((32.736715834,38.811531486,2.7107));
#2558= IFCCARTESIANPOINT((32.736715834,38.811531486,2.9893));
#2559= IFCCARTESIANPOINT((32.741043885,38.88285028,2.9893));
#2560= IFCCARTESIANPOINT((32.741043885,38.88285028,3.));
#2561= IFCCARTESIANPOINT((32.731957705,38.733125729,3.));
#2562= IFCCARTESIANPOINT((32.731957705,38.733125729,2.9893));
#2563= IFCCARTESIANPOINT((32.736285755,38.804444523,2.9893));
#2564= IFCCARTESIANPOINT((32.736285755,38.804444523,2.7107));
#2565= IFCCARTESIANPOINT((32.731957705,38.733125729,2.7107));
#2566= IFCCARTESIANPOINT((32.798540953,38.879749509,2.7));
#2567= IFCCARTESIANPOINT((32.791472214,38.729916159,2.7));
#2568= IFCCARTESIANPOINT((32.798540953,38.879749509,2.7107));
#2569= IFCCARTESIANPOINT((32.795173877,38.80837889,2.7107));
#2570= IFCCARTESIANPOINT((32.795173877,38.80837889,2.9893));
#2571= IFCCARTESIANPOINT((32.798540953,38.879749509,2.9893));
#2572= IFCCARTESIANPOINT((32.798540953,38.879749509,3.));
#2573= IFCCARTESIANPOINT((32.791472214,38.729916159,3.));
#2574= IFCCARTESIANPOINT((32.791472214,38.729916159,2.9893));
#2575= IFCCARTESIANPOINT((32.79483929,38.801286778,2.9893));
#2576= IFCCARTESIANPOINT((32.79483929,38.801286778,2.7107));
#2577= IFCCARTESIANPOINT((32.791472214,38.729916159,2.7107));
#2578= IFCCARTESIANPOINT((32.856074569,38.877423439,2.7));
#2579= IFCCARTESIANPOINT((32.851024554,38.727508472,2.7));
#2580= IFCCARTESIANPOINT((32.856074569,38.877423439,2.7107));
#2581= IFCCARTESIANPOINT((32.853669078,38.806013943,2.7107));
#2582= IFCCARTESIANPOINT((32.853669078,38.806013943,2.9893));
#2583= IFCCARTESIANPOINT((32.856074569,38.877423439,2.9893));
#2584= IFCCARTESIANPOINT((32.856074569,38.877423439,3.));
#2585= IFCCARTESIANPOINT((32.851024554,38.727508472,3.));
#2586= IFCCARTESIANPOINT((32.851024554,38.727508472,2.9893));
#2587= IFCCARTESIANPOINT((32.853430044,38.798917968,2.9893));
#2588= IFCCARTESIANPOINT((32.853430044,38.798917968,2.7107));
#2589= IFCCARTESIANPOINT((32.851024554,38.727508472,2.7107));
#2590= IFCCARTESIANPOINT((32.913634296,38.875872491,2.7));
#2591= IFCCARTESIANPOINT((32.91060392,38.725903104,2.7));
#2592= IFCCARTESIANPOINT((32.913634296,38.875872491,2.7107));
#2593= IFCCARTESIANPOINT((32.912190827,38.804437073,2.7107));
#2594= IFCCARTESIANPOINT((32.912190827,38.804437073,2.9893));
#2595= IFCCARTESIANPOINT((32.913634296,38.875872491,2.9893));
#2596= IFCCARTESIANPOINT((32.913634296,38.875872491,3.));
#2597= IFCCARTESIANPOINT((32.91060392,38.725903104,3.));
#2598= IFCCARTESIANPOINT((32.91060392,38.725903104,2.9893));
#2599= IFCCARTESIANPOINT((32.912047389,38.797338522,2.9893));
#2600= IFCCARTESIANPOINT((32.912047389,38.797338522,2.7107));
#2601= IFCCARTESIANPOINT((32.91060392,38.725903104,2.7107));
#2602= IFCCARTESIANPOINT((32.971209691,38.875096946,2.7));
#2603= IFCCARTESIANPOINT((32.970199505,38.725100348,2.7));
#2604= IFCCARTESIANPOINT((32.971209691,38.875096946,2.7107));
#2605= IFCCARTESIANPOINT((32.970728505,38.803648567,2.7107));
#2606= IFCCARTESIANPOINT((32.970728505,38.803648567,2.9893));
#2607= IFCCARTESIANPOINT((32.971209691,38.875096946,2.9893));
#2608= IFCCARTESIANPOINT((32.971209691,38.875096946,3.));
#2609= IFCCARTESIANPOINT((32.970199505,38.725100348,3.));
#2610= IFCCARTESIANPOINT((32.970199505,38.725100348,2.9893));
#2611= IFCCARTESIANPOINT((32.97068069,38.796548728,2.9893));
#2612= IFCCARTESIANPOINT((32.97068069,38.796548728,2.7107));
#2613= IFCCARTESIANPOINT((32.970199505,38.725100348,2.7107));
#2614= IFCCARTESIANPOINT((33.028790309,38.875096946,2.7));
#2615= IFCCARTESIANPOINT((33.029800495,38.725100348,2.7));
#2616= IFCCARTESIANPOINT((33.028790309,38.875096946,2.7107));
#2617= IFCCARTESIANPOINT((33.029271495,38.803648567,2.7107));
#2618= IFCCARTESIANPOINT((33.029271495,38.803648567,2.9893));
#2619= IFCCARTESIANPOINT((33.028790309,38.875096946,2.9893));
#2620= IFCCARTESIANPOINT((33.028790309,38.875096946,3.));
#2621= IFCCARTESIANPOINT((33.029800495,38.725100348,3.));
#2622= IFCCARTESIANPOINT((33.029800495,38.725100348,2.9893));
#2623= IFCCARTESIANPOINT((33.02931931,38.796548728,2.9893));
#2624= IFCCARTESIANPOINT((33.02931931,38.796548728,2.7107));
#2625= IFCCARTESIANPOINT((33.029800495,38.725100348,2.7107));
#2626= IFCCARTESIANPOINT((33.086365704,38.875872491,2.7));
#2627= IFCCARTESIANPOINT((33.08939608,38.725903104,2.7));
#2628= IFCCARTESIANPOINT((33.086365704,38.875872491,2.7107));
#2629= IFCCARTESIANPOINT((33.087809173,38.804437073,2.7107));
#2630= IFCCARTESIANPOINT((33.087809173,38.804437073,2.9893));
#2631= IFCCARTESIANPOINT((33.086365704,38.875872491,2.9893));
#2632= IFCCARTESIANPOINT((33.086365704,38.875872491,3.));
#2633= IFCCARTESIANPOINT((33.08939608,38.725903104,3.));
#2634= IFCCARTESIANPOINT((33.08939608,38.725903104,2.9893));
#2635= IFCCARTESIANPOINT((33.087952611,38.797338522,2.9893));
#2636= IFCCARTESIANPOINT((33.087952611,38.797338522,2.7107));
#2637= IFCCARTESIANPOINT((33.08939608,38.725903104,2.7107));
#2638= IFCCARTESIANPOINT((33.143925431,38.877423439,2.7));
#2639= IFCCARTESIANPOINT((33.148975446,38.727508472,2.7));
#2640= IFCCARTESIANPOINT((33.143925431,38.877423439,2.7107));
#2641= IFCCARTESIANPOINT((33.146330922,38.806013943,2.7107));
#2642= IFCCARTESIANPOINT((33.146330922,38.806013943,2.9893));
#2643= IFCCARTESIANPOINT((33.143925431,38.877423439,2.9893));
#2644= IFCCARTESIANPOINT((33.143925431,38.877423439,3.));
#2645= IFCCARTESIANPOINT((33.148975446,38.727508472,3.));
#2646= IFCCARTESIANPOINT((33.148975446,38.727508472,2.9893));
#2647= IFCCARTESIANPOINT((33.146569956,38.798917968,2.9893));
#2648= IFCCARTESIANPOINT((33.146569956,38.798917968,2.7107));
#2649= IFCCARTESIANPOINT((33.148975446,38.727508472,2.7107));
#2650= IFCCARTESIANPOINT((33.201459047,38.879749509,2.7));
#2651= IFCCARTESIANPOINT((33.208527786,38.729916159,2.7));
#2652= IFCCARTESIANPOINT((33.201459047,38.879749509,2.7107));
#2653= IFCCARTESIANPOINT((33.204826123,38.80837889,2.7107));
#2654= IFCCARTESIANPOINT((33.204826123,38.80837889,2.9893));
#2655= IFCCARTESIANPOINT((33.201459047,38.879749509,2.9893));
#2656= IFCCARTESIANPOINT((33.201459047,38.879749509,3.));
#2657= IFCCARTESIANPOINT((33.208527786,38.729916159,3.));
#2658= IFCCARTESIANPOINT((33.208527786,38.729916159,2.9893));
#2659= IFCCARTESIANPOINT((33.20516071,38.801286778,2.9893));
#2660= IFCCARTESIANPOINT((33.20516071,38.801286778,2.7107));
#2661= IFCCARTESIANPOINT((33.208527786,38.729916159,2.7107));
#2662= IFCCARTESIANPOINT((33.258956115,38.88285028,2.7));
#2663= IFCCARTESIANPOINT((33.268042295,38.733125729,2.7));
#2664= IFCCARTESIANPOINT((33.258956115,38.88285028,2.7107));
#2665= IFCCARTESIANPOINT((33.263284166,38.811531486,2.7107));
#2666= IFCCARTESIANPOINT((33.263284166,38.811531486,2.9893));
#2667= IFCCARTESIANPOINT((33.258956115,38.88285028,2.9893));
#2668= IFCCARTESIANPOINT((33.258956115,38.88285028,3.));
#2669= IFCCARTESIANPOINT((33.268042295,38.733125729,3.));
#2670= IFCCARTESIANPOINT((33.268042295,38.733125729,2.9893));
#2671= IFCCARTESIANPOINT((33.263714245,38.804444523,2.9893));
#2672= IFCCARTESIANPOINT((33.263714245,38.804444523,2.7107));
#2673= IFCCARTESIANPOINT((33.268042295,38.733125729,2.7107));
#2674= IFCCARTESIANPOINT((33.316406204,38.886725189,2.7));
#2675= IFCCARTESIANPOINT((33.327508176,38.737136599,2.7));
#2676= IFCCARTESIANPOINT((33.316406204,38.886725189,2.7107));
#2677= IFCCARTESIANPOINT((33.321694443,38.815471157,2.7107));
#2678= IFCCARTESIANPOINT((33.321694443,38.815471157,2.9893));
#2679= IFCCARTESIANPOINT((33.316406204,38.886725189,2.9893));
#2680= IFCCARTESIANPOINT((33.316406204,38.886725189,3.));
#2681= IFCCARTESIANPOINT((33.327508176,38.737136599,3.));
#2682= IFCCARTESIANPOINT((33.327508176,38.737136599,2.9893));
#2683= IFCCARTESIANPOINT((33.322219937,38.808390631,2.9893));
#2684= IFCCARTESIANPOINT((33.322219937,38.808390631,2.7107));
#2685= IFCCARTESIANPOINT((33.327508176,38.737136599,2.7107));
#2686= IFCCARTESIANPOINT((33.373798891,38.891373533,2.7));
#2687= IFCCARTESIANPOINT((33.386914641,38.741948042,2.7));
#2688= IFCCARTESIANPOINT((33.373798891,38.891373533,2.7107));
#2689= IFCCARTESIANPOINT((33.38004636,38.820197191,2.7107));
#2690= IFCCARTESIANPOINT((33.38004636,38.820197191,2.9893));
#2691= IFCCARTESIANPOINT((33.373798891,38.891373533,2.9893));
#2692= IFCCARTESIANPOINT((33.373798891,38.891373533,3.));
#2693= IFCCARTESIANPOINT((33.386914641,38.741948042,3.));
#2694= IFCCARTESIANPOINT((33.386914641,38.741948042,2.9893));
#2695= IFCCARTESIANPOINT((33.380667172,38.813124384,2.9893));
#2696= IFCCARTESIANPOINT((33.380667172,38.813124384,2.7107));
#2697= IFCCARTESIANPOINT((33.386914641,38.741948042,2.7107));
#2698= IFCCARTESIANPOINT((33.431123764,38.896794468,2.7));
#2699= IFCCARTESIANPOINT((33.446250913,38.747559186,2.7));
#2700= IFCCARTESIANPOINT((33.431123764,38.896794468,2.7107));
#2701= IFCCARTESIANPOINT((33.438329329,38.825708728,2.7107));
#2702= IFCCARTESIANPOINT((33.438329329,38.825708728,2.9893));
#2703= IFCCARTESIANPOINT((33.431123764,38.896794468,2.9893));
#2704= IFCCARTESIANPOINT((33.431123764,38.896794468,3.));
#2705= IFCCARTESIANPOINT((33.446250913,38.747559186,3.));
#2706= IFCCARTESIANPOINT((33.446250913,38.747559186,2.9893));
#2707= IFCCARTESIANPOINT((33.439045348,38.818644925,2.9893));
#2708= IFCCARTESIANPOINT((33.439045348,38.818644925,2.7107));
#2709= IFCCARTESIANPOINT((33.446250913,38.747559186,2.7107));
#2710= IFCCARTESIANPOINT((33.488370423,38.902987011,2.7));
#2711= IFCCARTESIANPOINT((33.505506227,38.753969011,2.7));
#2712= IFCCARTESIANPOINT((33.488370423,38.902987011,2.7107));
#2713= IFCCARTESIANPOINT((33.496532778,38.83200477,2.7107));
#2714= IFCCARTESIANPOINT((33.496532778,38.83200477,2.9893));
#2715= IFCCARTESIANPOINT((33.488370423,38.902987011,2.9893));
#2716= IFCCARTESIANPOINT((33.488370423,38.902987011,3.));
#2717= IFCCARTESIANPOINT((33.505506227,38.753969011,3.));
#2718= IFCCARTESIANPOINT((33.505506227,38.753969011,2.9893));
#2719= IFCCARTESIANPOINT((33.497343873,38.824951252,2.9893));
#2720= IFCCARTESIANPOINT((33.497343873,38.824951252,2.7107));
#2721= IFCCARTESIANPOINT((33.505506227,38.753969011,2.7107));
#2722= IFCCARTESIANPOINT((33.545528483,38.909950039,2.7));
#2723= IFCCARTESIANPOINT((33.564669834,38.761176356,2.7));
#2724= IFCCARTESIANPOINT((33.545528483,38.909950039,2.7107));
#2725= IFCCARTESIANPOINT((33.554646146,38.839084174,2.7107));
#2726= IFCCARTESIANPOINT((33.554646146,38.839084174,2.9893));
#2727= IFCCARTESIANPOINT((33.545528483,38.909950039,2.9893));
#2728= IFCCARTESIANPOINT((33.545528483,38.909950039,3.));
#2729= IFCCARTESIANPOINT((33.564669834,38.761176356,3.));
#2730= IFCCARTESIANPOINT((33.564669834,38.761176356,2.9893));
#2731= IFCCARTESIANPOINT((33.55555217,38.83204222,2.9893));
#2732= IFCCARTESIANPOINT((33.55555217,38.83204222,2.7107));
#2733= IFCCARTESIANPOINT((33.564669834,38.761176356,2.7107));
#2734= IFCCARTESIANPOINT((33.602587575,38.917682288,2.7));
#2735= IFCCARTESIANPOINT((33.623730998,38.769179912,2.7));
#2736= IFCCARTESIANPOINT((33.602587575,38.917682288,2.7107));
#2737= IFCCARTESIANPOINT((33.612658892,38.846945656,2.7107));
#2738= IFCCARTESIANPOINT((33.612658892,38.846945656,2.9893));
#2739= IFCCARTESIANPOINT((33.602587575,38.917682288,2.9893));
#2740= IFCCARTESIANPOINT((33.602587575,38.917682288,3.));
#2741= IFCCARTESIANPOINT((33.623730998,38.769179912,3.));
#2742= IFCCARTESIANPOINT((33.623730998,38.769179912,2.9893));
#2743= IFCCARTESIANPOINT((33.613659681,38.839916544,2.9893));
#2744= IFCCARTESIANPOINT((33.613659681,38.839916544,2.7107));
#2745= IFCCARTESIANPOINT((33.623730998,38.769179912,2.7107));
#2746= IFCCARTESIANPOINT((33.659537346,38.926182356,2.7));
#2747= IFCCARTESIANPOINT((33.682679007,38.777978228,2.7));
#2748= IFCCARTESIANPOINT((33.659537346,38.926182356,2.7107));
#2749= IFCCARTESIANPOINT((33.670560491,38.85558779,2.7107));
#2750= IFCCARTESIANPOINT((33.670560491,38.85558779,2.9893));
#2751= IFCCARTESIANPOINT((33.659537346,38.926182356,2.9893));
#2752= IFCCARTESIANPOINT((33.659537346,38.926182356,3.));
#2753= IFCCARTESIANPOINT((33.682679007,38.777978228,3.));
#2754= IFCCARTESIANPOINT((33.682679007,38.777978228,2.9893));
#2755= IFCCARTESIANPOINT((33.671655863,38.848572794,2.9893));
#2756= IFCCARTESIANPOINT((33.671655863,38.848572794,2.7107));
#2757= IFCCARTESIANPOINT((33.682679007,38.777978228,2.7107));
#2758= IFCCARTESIANPOINT((33.716367465,38.935448701,2.7));
#2759= IFCCARTESIANPOINT((33.741503166,38.787569708,2.7));
#2760= IFCCARTESIANPOINT((33.716367465,38.935448701,2.7107));
#2761= IFCCARTESIANPOINT((33.728340437,38.865009007,2.7107));
#2762= IFCCARTESIANPOINT((33.728340437,38.865009007,2.9893));
#2763= IFCCARTESIANPOINT((33.716367465,38.935448701,2.9893));
#2764= IFCCARTESIANPOINT((33.716367465,38.935448701,3.));
#2765= IFCCARTESIANPOINT((33.741503166,38.787569708,3.));
#2766= IFCCARTESIANPOINT((33.741503166,38.787569708,2.9893));
#2767= IFCCARTESIANPOINT((33.729530194,38.858009401,2.9893));
#2768= IFCCARTESIANPOINT((33.729530194,38.858009401,2.7107));
#2769= IFCCARTESIANPOINT((33.741503166,38.787569708,2.7107));
#2770= IFCCARTESIANPOINT((33.773067623,38.945479641,2.7));
#2771= IFCCARTESIANPOINT((33.800192802,38.797952611,2.7));
#2772= IFCCARTESIANPOINT((33.773067623,38.945479641,2.7107));
#2773= IFCCARTESIANPOINT((33.78598825,38.875207599,2.7107));
#2774= IFCCARTESIANPOINT((33.78598825,38.875207599,2.9893));
#2775= IFCCARTESIANPOINT((33.773067623,38.945479641,2.9893));
#2776= IFCCARTESIANPOINT((33.773067623,38.945479641,3.));
#2777= IFCCARTESIANPOINT((33.800192802,38.797952611,3.));
#2778= IFCCARTESIANPOINT((33.800192802,38.797952611,2.9893));
#2779= IFCCARTESIANPOINT((33.787272175,38.868224653,2.9893));
#2780= IFCCARTESIANPOINT((33.787272175,38.868224653,2.7107));
#2781= IFCCARTESIANPOINT((33.800192802,38.797952611,2.7107));
#2782= IFCCARTESIANPOINT((33.829627532,38.956273357,2.7));
#2783= IFCCARTESIANPOINT((33.858737269,38.809125053,2.7));
#2784= IFCCARTESIANPOINT((33.829627532,38.956273357,2.7107));
#2785= IFCCARTESIANPOINT((33.84349347,38.886181715,2.7107));
#2786= IFCCARTESIANPOINT((33.84349347,38.886181715,2.9893));
#2787= IFCCARTESIANPOINT((33.829627532,38.956273357,2.9893));
#2788= IFCCARTESIANPOINT((33.829627532,38.956273357,3.));
#2789= IFCCARTESIANPOINT((33.858737269,38.809125053,3.));
#2790= IFCCARTESIANPOINT((33.858737269,38.809125053,2.9893));
#2791= IFCCARTESIANPOINT((33.844871331,38.879216695,2.9893));
#2792= IFCCARTESIANPOINT((33.844871331,38.879216695,2.7107));
#2793= IFCCARTESIANPOINT((33.858737269,38.809125053,2.7107));
#2794= IFCCARTESIANPOINT((33.886036931,38.96782789,2.7));
#2795= IFCCARTESIANPOINT((33.917125946,38.821085009,2.7));
#2796= IFCCARTESIANPOINT((33.886036931,38.96782789,2.7107));
#2797= IFCCARTESIANPOINT((33.900845665,38.897929364,2.7107));
#2798= IFCCARTESIANPOINT((33.900845665,38.897929364,2.9893));
#2799= IFCCARTESIANPOINT((33.886036931,38.96782789,2.9893));
#2800= IFCCARTESIANPOINT((33.886036931,38.96782789,3.));
#2801= IFCCARTESIANPOINT((33.917125946,38.821085009,3.));
#2802= IFCCARTESIANPOINT((33.917125946,38.821085009,2.9893));
#2803= IFCCARTESIANPOINT((33.902317212,38.890983535,2.9893));
#2804= IFCCARTESIANPOINT((33.902317212,38.890983535,2.7107));
#2805= IFCCARTESIANPOINT((33.917125946,38.821085009,2.7107));
#2806= IFCCARTESIANPOINT((33.942285588,38.980141145,2.7));
#2807= IFCCARTESIANPOINT((33.97534824,38.833830308,2.7));
#2808= IFCCARTESIANPOINT((33.942285588,38.980141145,2.7107));
#2809= IFCCARTESIANPOINT((33.958034431,38.910448416,2.7107));
#2810= IFCCARTESIANPOINT((33.958034431,38.910448416,2.9893));
#2811= IFCCARTESIANPOINT((33.942285588,38.980141145,2.9893));
#2812= IFCCARTESIANPOINT((33.942285588,38.980141145,3.));
#2813= IFCCARTESIANPOINT((33.97534824,38.833830308,3.));
#2814= IFCCARTESIANPOINT((33.97534824,38.833830308,2.9893));
#2815= IFCCARTESIANPOINT((33.959599396,38.903523037,2.9893));
#2816= IFCCARTESIANPOINT((33.959599396,38.903523037,2.7107));
#2817= IFCCARTESIANPOINT((33.97534824,38.833830308,2.7107));
#2818= IFCCARTESIANPOINT((33.998363296,38.993210887,2.7));
#2819= IFCCARTESIANPOINT((34.033393588,38.847358638,2.7));
#2820= IFCCARTESIANPOINT((33.998363296,38.993210887,2.7107));
#2821= IFCCARTESIANPOINT((34.015049392,38.923736599,2.7107));
#2822= IFCCARTESIANPOINT((34.015049392,38.923736599,2.9893));
#2823= IFCCARTESIANPOINT((33.998363296,38.993210887,2.9893));
#2824= IFCCARTESIANPOINT((33.998363296,38.993210887,3.));
#2825= IFCCARTESIANPOINT((34.033393588,38.847358638,3.));
#2826= IFCCARTESIANPOINT((34.033393588,38.847358638,2.9893));
#2827= IFCCARTESIANPOINT((34.016707492,38.916832926,2.9893));
#2828= IFCCARTESIANPOINT((34.016707492,38.916832926,2.7107));
#2829= IFCCARTESIANPOINT((34.033393588,38.847358638,2.7107));
#2830= IFCCARTESIANPOINT((34.054259884,39.007034746,2.7));
#2831= IFCCARTESIANPOINT((34.091251459,38.861667544,2.7));
#2832= IFCCARTESIANPOINT((34.054259884,39.007034746,2.7107));
#2833= IFCCARTESIANPOINT((34.071880204,38.937791502,2.7107));
#2834= IFCCARTESIANPOINT((34.071880204,38.937791502,2.9893));
#2835= IFCCARTESIANPOINT((34.054259884,39.007034746,2.9893));
#2836= IFCCARTESIANPOINT((34.054259884,39.007034746,3.));
#2837= IFCCARTESIANPOINT((34.091251459,38.861667544,3.));
#2838= IFCCARTESIANPOINT((34.091251459,38.861667544,2.9893));
#2839= IFCCARTESIANPOINT((34.073631139,38.930910788,2.9893));
#2840= IFCCARTESIANPOINT((34.073631139,38.930910788,2.7107));
#2841= IFCCARTESIANPOINT((34.091251459,38.861667544,2.7107));
#2842= IFCCARTESIANPOINT((34.10996521,39.021610213,2.7));
#2843= IFCCARTESIANPOINT((34.148911358,38.876754431,2.7));
#2844= IFCCARTESIANPOINT((34.10996521,39.021610213,2.7107));
#2845= IFCCARTESIANPOINT((34.128516559,38.952610576,2.7107));
#2846= IFCCARTESIANPOINT((34.128516559,38.952610576,2.9893));
#2847= IFCCARTESIANPOINT((34.10996521,39.021610213,2.9893));
#2848= IFCCARTESIANPOINT((34.10996521,39.021610213,3.));
#2849= IFCCARTESIANPOINT((34.148911358,38.876754431,3.));
#2850= IFCCARTESIANPOINT((34.148911358,38.876754431,2.9893));
#2851= IFCCARTESIANPOINT((34.13036001,38.945754069,2.9893));
#2852= IFCCARTESIANPOINT((34.13036001,38.945754069,2.7107));
#2853= IFCCARTESIANPOINT((34.148911358,38.876754431,2.7107));
#2854= IFCCARTESIANPOINT((34.165469169,39.036934645,2.7));
#2855= IFCCARTESIANPOINT((34.206362824,38.892616562,2.7));
#2856= IFCCARTESIANPOINT((34.165469169,39.036934645,2.7107));
#2857= IFCCARTESIANPOINT((34.18494818,38.968191131,2.7107));
#2858= IFCCARTESIANPOINT((34.18494818,38.968191131,2.9893));
#2859= IFCCARTESIANPOINT((34.165469169,39.036934645,2.9893));
#2860= IFCCARTESIANPOINT((34.165469169,39.036934645,3.));
#2861= IFCCARTESIANPOINT((34.206362824,38.892616562,3.));
#2862= IFCCARTESIANPOINT((34.206362824,38.892616562,2.9893));
#2863= IFCCARTESIANPOINT((34.186883813,38.961360075,2.9893));
#2864= IFCCARTESIANPOINT((34.186883813,38.961360075,2.7107));
#2865= IFCCARTESIANPOINT((34.206362824,38.892616562,2.7107));
#2866= IFCCARTESIANPOINT((34.22076169,39.05300526,2.7));
#2867= IFCCARTESIANPOINT((34.263595434,38.909251059,2.7));
#2868= IFCCARTESIANPOINT((34.22076169,39.05300526,2.7107));
#2869= IFCCARTESIANPOINT((34.24116483,38.984530342,2.7107));
#2870= IFCCARTESIANPOINT((34.24116483,38.984530342,2.9893));
#2871= IFCCARTESIANPOINT((34.22076169,39.05300526,2.9893));
#2872= IFCCARTESIANPOINT((34.22076169,39.05300526,3.));
#2873= IFCCARTESIANPOINT((34.263595434,38.909251059,3.));
#2874= IFCCARTESIANPOINT((34.263595434,38.909251059,2.9893));
#2875= IFCCARTESIANPOINT((34.243192294,38.977725977,2.9893));
#2876= IFCCARTESIANPOINT((34.243192294,38.977725977,2.7107));
#2877= IFCCARTESIANPOINT((34.263595434,38.909251059,2.7107));
#2878= IFCCARTESIANPOINT((34.275832743,39.069819145,2.7));
#2879= IFCCARTESIANPOINT((34.320598804,38.926654904,2.7));
#2880= IFCCARTESIANPOINT((34.275832743,39.069819145,2.7107));
#2881= IFCCARTESIANPOINT((34.29715631,39.001625245,2.7107));
#2882= IFCCARTESIANPOINT((34.29715631,39.001625245,2.9893));
#2883= IFCCARTESIANPOINT((34.275832743,39.069819145,2.9893));
#2884= IFCCARTESIANPOINT((34.275832743,39.069819145,3.));
#2885= IFCCARTESIANPOINT((34.320598804,38.926654904,3.));
#2886= IFCCARTESIANPOINT((34.320598804,38.926654904,2.9893));
#2887= IFCCARTESIANPOINT((34.299275237,38.994848804,2.9893));
#2888= IFCCARTESIANPOINT((34.299275237,38.994848804,2.7107));
#2889= IFCCARTESIANPOINT((34.320598804,38.926654904,2.7107));
#2890= IFCCARTESIANPOINT((34.330672337,39.087373247,2.7));
#2891= IFCCARTESIANPOINT((34.377362595,38.94482494,2.7));
#2892= IFCCARTESIANPOINT((34.330672337,39.087373247,2.7107));
#2893= IFCCARTESIANPOINT((34.352912463,39.019472737,2.7107));
#2894= IFCCARTESIANPOINT((34.352912463,39.019472737,2.9893));
#2895= IFCCARTESIANPOINT((34.330672337,39.087373247,2.9893));
#2896= IFCCARTESIANPOINT((34.330672337,39.087373247,3.));
#2897= IFCCARTESIANPOINT((34.377362595,38.94482494,3.));
#2898= IFCCARTESIANPOINT((34.377362595,38.94482494,2.9893));
#2899= IFCCARTESIANPOINT((34.355122469,39.012725451,2.9893));
#2900= IFCCARTESIANPOINT((34.355122469,39.012725451,2.7107));
#2901= IFCCARTESIANPOINT((34.377362595,38.94482494,2.7107));
#2902= IFCCARTESIANPOINT((34.385270523,39.105664384,2.7));
#2903= IFCCARTESIANPOINT((34.433876507,38.963757871,2.7));
#2904= IFCCARTESIANPOINT((34.385270523,39.105664384,2.7107));
#2905= IFCCARTESIANPOINT((34.408423173,39.038069581,2.7107));
#2906= IFCCARTESIANPOINT((34.408423173,39.038069581,2.9893));
#2907= IFCCARTESIANPOINT((34.385270523,39.105664384,2.9893));
#2908= IFCCARTESIANPOINT((34.385270523,39.105664384,3.));
#2909= IFCCARTESIANPOINT((34.433876507,38.963757871,3.));
#2910= IFCCARTESIANPOINT((34.433876507,38.963757871,2.9893));
#2911= IFCCARTESIANPOINT((34.410723857,39.031352673,2.9893));
#2912= IFCCARTESIANPOINT((34.410723857,39.031352673,2.7107));
#2913= IFCCARTESIANPOINT((34.433876507,38.963757871,2.7107));
#2914= IFCCARTESIANPOINT((34.439617397,39.124689235,2.7));
#2915= IFCCARTESIANPOINT((34.490130288,38.983450261,2.7));
#2916= IFCCARTESIANPOINT((34.439617397,39.124689235,2.7107));
#2917= IFCCARTESIANPOINT((34.46367837,39.057412404,2.7107));
#2918= IFCCARTESIANPOINT((34.46367837,39.057412404,2.9893));
#2919= IFCCARTESIANPOINT((34.439617397,39.124689235,2.9893));
#2920= IFCCARTESIANPOINT((34.439617397,39.124689235,3.));
#2921= IFCCARTESIANPOINT((34.490130288,38.983450261,3.));
#2922= IFCCARTESIANPOINT((34.490130288,38.983450261,2.9893));
#2923= IFCCARTESIANPOINT((34.466069314,39.050727093,2.9893));
#2924= IFCCARTESIANPOINT((34.466069314,39.050727093,2.7107));
#2925= IFCCARTESIANPOINT((34.490130288,38.983450261,2.7107));
#2926= IFCCARTESIANPOINT((34.493703097,39.144444351,2.7));
#2927= IFCCARTESIANPOINT((34.546113732,39.003898539,2.7));
#2928= IFCCARTESIANPOINT((34.493703097,39.144444351,2.7107));
#2929= IFCCARTESIANPOINT((34.51866803,39.077497696,2.7107));
#2930= IFCCARTESIANPOINT((34.51866803,39.077497696,2.9893));
#2931= IFCCARTESIANPOINT((34.493703097,39.144444351,2.9893));
#2932= IFCCARTESIANPOINT((34.493703097,39.144444351,3.));
#2933= IFCCARTESIANPOINT((34.546113732,39.003898539,3.));
#2934= IFCCARTESIANPOINT((34.546113732,39.003898539,2.9893));
#2935= IFCCARTESIANPOINT((34.5211488,39.070845194,2.9893));
#2936= IFCCARTESIANPOINT((34.5211488,39.070845194,2.7107));
#2937= IFCCARTESIANPOINT((34.546113732,39.003898539,2.7107));
#2938= IFCCARTESIANPOINT((34.547517813,39.164926146,2.7));
#2939= IFCCARTESIANPOINT((34.601816684,39.025098994,2.7));
#2940= IFCCARTESIANPOINT((34.547517813,39.164926146,2.7107));
#2941= IFCCARTESIANPOINT((34.573382175,39.098321813,2.7107));
#2942= IFCCARTESIANPOINT((34.573382175,39.098321813,2.9893));
#2943= IFCCARTESIANPOINT((34.547517813,39.164926146,2.9893));
#2944= IFCCARTESIANPOINT((34.547517813,39.164926146,3.));
#2945= IFCCARTESIANPOINT((34.601816684,39.025098994,3.));
#2946= IFCCARTESIANPOINT((34.601816684,39.025098994,2.9893));
#2947= IFCCARTESIANPOINT((34.575952322,39.091703327,2.9893));
#2948= IFCCARTESIANPOINT((34.575952322,39.091703327,2.7107));
#2949= IFCCARTESIANPOINT((34.601816684,39.025098994,2.7107));
#2950= IFCCARTESIANPOINT((34.601051781,39.186130906,2.7));
#2951= IFCCARTESIANPOINT((34.657229037,39.04704778,2.7));
#2952= IFCCARTESIANPOINT((34.601051781,39.186130906,2.7107));
#2953= IFCCARTESIANPOINT((34.627810881,39.119880977,2.7107));
#2954= IFCCARTESIANPOINT((34.627810881,39.119880977,2.9893));
#2955= IFCCARTESIANPOINT((34.601051781,39.186130906,2.9893));
#2956= IFCCARTESIANPOINT((34.601051781,39.186130906,3.));
#2957= IFCCARTESIANPOINT((34.657229037,39.04704778,3.));
#2958= IFCCARTESIANPOINT((34.657229037,39.04704778,2.9893));
#2959= IFCCARTESIANPOINT((34.630469938,39.113297709,2.9893));
#2960= IFCCARTESIANPOINT((34.630469938,39.113297709,2.7107));
#2961= IFCCARTESIANPOINT((34.657229037,39.04704778,2.7107));
#2962= IFCCARTESIANPOINT((34.65429529,39.208054783,2.7));
#2963= IFCCARTESIANPOINT((34.712340739,39.069740916,2.7));
#2964= IFCCARTESIANPOINT((34.65429529,39.208054783,2.7107));
#2965= IFCCARTESIANPOINT((34.681944272,39.142171278,2.7107));
#2966= IFCCARTESIANPOINT((34.681944272,39.142171278,2.9893));
#2967= IFCCARTESIANPOINT((34.65429529,39.208054783,2.9893));
#2968= IFCCARTESIANPOINT((34.65429529,39.208054783,3.));
#2969= IFCCARTESIANPOINT((34.712340739,39.069740916,3.));
#2970= IFCCARTESIANPOINT((34.712340739,39.069740916,2.9893));
#2971= IFCCARTESIANPOINT((34.684691757,39.135624421,2.9893));
#2972= IFCCARTESIANPOINT((34.684691757,39.135624421,2.7107));
#2973= IFCCARTESIANPOINT((34.712340739,39.069740916,2.7107));
#2974= IFCCARTESIANPOINT((34.70723868,39.2306938,2.7));
#2975= IFCCARTESIANPOINT((34.767141791,39.093174284,2.7));
#2976= IFCCARTESIANPOINT((34.70723868,39.2306938,2.7107));
#2977= IFCCARTESIANPOINT((34.735772529,39.165188671,2.7107));
#2978= IFCCARTESIANPOINT((34.735772529,39.165188671,2.9893));
#2979= IFCCARTESIANPOINT((34.70723868,39.2306938,2.9893));
#2980= IFCCARTESIANPOINT((34.70723868,39.2306938,3.));
#2981= IFCCARTESIANPOINT((34.767141791,39.093174284,3.));
#2982= IFCCARTESIANPOINT((34.767141791,39.093174284,2.9893));
#2983= IFCCARTESIANPOINT((34.738607943,39.158679413,2.9893));
#2984= IFCCARTESIANPOINT((34.738607943,39.158679413,2.7107));
#2985= IFCCARTESIANPOINT((34.767141791,39.093174284,2.7107));
#2986= IFCCARTESIANPOINT((34.759872346,39.254043849,2.7));
#2987= IFCCARTESIANPOINT((34.821622253,39.117343634,2.7));
#2988= IFCCARTESIANPOINT((34.759872346,39.254043849,2.7107));
#2989= IFCCARTESIANPOINT((34.789285885,39.18892898,2.7107));
#2990= IFCCARTESIANPOINT((34.789285885,39.18892898,2.9893));
#2991= IFCCARTESIANPOINT((34.759872346,39.254043849,2.9893));
#2992= IFCCARTESIANPOINT((34.759872346,39.254043849,3.));
#2993= IFCCARTESIANPOINT((34.821622253,39.117343634,3.));
#2994= IFCCARTESIANPOINT((34.821622253,39.117343634,2.9893));
#2995= IFCCARTESIANPOINT((34.792208714,39.182458503,2.9893));
#2996= IFCCARTESIANPOINT((34.792208714,39.182458503,2.7107));
#2997= IFCCARTESIANPOINT((34.821622253,39.117343634,2.7107));
#2998= IFCCARTESIANPOINT((34.812186739,39.278100696,2.7));
#2999= IFCCARTESIANPOINT((34.875772239,39.14224458,2.7));
#3000= IFCCARTESIANPOINT((34.812186739,39.278100696,2.7107));
#3001= IFCCARTESIANPOINT((34.842474632,39.213387899,2.7107));
#3002= IFCCARTESIANPOINT((34.842474632,39.213387899,2.9893));
#3003= IFCCARTESIANPOINT((34.812186739,39.278100696,2.9893));
#3004= IFCCARTESIANPOINT((34.812186739,39.278100696,3.));
#3005= IFCCARTESIANPOINT((34.875772239,39.14224458,3.));
#3006= IFCCARTESIANPOINT((34.875772239,39.14224458,2.9893));
#3007= IFCCARTESIANPOINT((34.845484346,39.206957376,2.9893));
#3008= IFCCARTESIANPOINT((34.845484346,39.206957376,2.7107));
#3009= IFCCARTESIANPOINT((34.875772239,39.14224458,2.7107));
#3010= IFCCARTESIANPOINT((34.864172369,39.302859974,2.7));
#3011= IFCCARTESIANPOINT((34.929581926,39.167872605,2.7));
#3012= IFCCARTESIANPOINT((34.864172369,39.302859974,2.7107));
#3013= IFCCARTESIANPOINT((34.895329121,39.238560991,2.7107));
#3014= IFCCARTESIANPOINT((34.895329121,39.238560991,2.9893));
#3015= IFCCARTESIANPOINT((34.864172369,39.302859974,2.9893));
#3016= IFCCARTESIANPOINT((34.864172369,39.302859974,3.));
#3017= IFCCARTESIANPOINT((34.929581926,39.167872605,3.));
#3018= IFCCARTESIANPOINT((34.929581926,39.167872605,2.9893));
#3019= IFCCARTESIANPOINT((34.898425174,39.232171588,2.9893));
#3020= IFCCARTESIANPOINT((34.898425174,39.232171588,2.7107));
#3021= IFCCARTESIANPOINT((34.929581926,39.167872605,2.7107));
#3022= IFCCARTESIANPOINT((34.915819805,39.328317193,2.7));
#3023= IFCCARTESIANPOINT((34.983041552,39.19422306,2.7));
#3024= IFCCARTESIANPOINT((34.915819805,39.328317193,2.7107));
#3025= IFCCARTESIANPOINT((34.947839764,39.264443688,2.7107));
#3026= IFCCARTESIANPOINT((34.947839764,39.264443688,2.9893));
#3027= IFCCARTESIANPOINT((34.915819805,39.328317193,2.9893));
#3028= IFCCARTESIANPOINT((34.915819805,39.328317193,3.));
#3029= IFCCARTESIANPOINT((34.983041552,39.19422306,3.));
#3030= IFCCARTESIANPOINT((34.983041552,39.19422306,2.9893));
#3031= IFCCARTESIANPOINT((34.951021593,39.258096565,2.9893));
#3032= IFCCARTESIANPOINT((34.951021593,39.258096565,2.7107));
#3033= IFCCARTESIANPOINT((34.983041552,39.19422306,2.7107));
#3034= IFCCARTESIANPOINT((34.967119676,39.354467734,2.7));
#3035= IFCCARTESIANPOINT((35.036141419,39.221291164,2.7));
#3036= IFCCARTESIANPOINT((34.967119676,39.354467734,2.7107));
#3037= IFCCARTESIANPOINT((34.999997033,39.291031294,2.7107));
#3038= IFCCARTESIANPOINT((34.999997033,39.291031294,2.9893));
#3039= IFCCARTESIANPOINT((34.967119676,39.354467734,2.9893));
#3040= IFCCARTESIANPOINT((34.967119676,39.354467734,3.));
#3041= IFCCARTESIANPOINT((35.036141419,39.221291164,3.));
#3042= IFCCARTESIANPOINT((35.036141419,39.221291164,2.9893));
#3043= IFCCARTESIANPOINT((35.003264062,39.284727603,2.9893));
#3044= IFCCARTESIANPOINT((35.003264062,39.284727603,2.7107));
#3045= IFCCARTESIANPOINT((35.036141419,39.221291164,2.7107));
#3046= IFCCARTESIANPOINT((35.018062676,39.381306853,2.7));
#3047= IFCCARTESIANPOINT((35.088871893,39.249072006,2.7));
#3048= IFCCARTESIANPOINT((35.018062676,39.381306853,2.7107));
#3049= IFCCARTESIANPOINT((35.051791467,39.318318988,2.7107));
#3050= IFCCARTESIANPOINT((35.051791467,39.318318988,2.9893));
#3051= IFCCARTESIANPOINT((35.018062676,39.381306853,2.9893));
#3052= IFCCARTESIANPOINT((35.018062676,39.381306853,3.));
#3053= IFCCARTESIANPOINT((35.088871893,39.249072006,3.));
#3054= IFCCARTESIANPOINT((35.088871893,39.249072006,2.9893));
#3055= IFCCARTESIANPOINT((35.055143103,39.312059872,2.9893));
#3056= IFCCARTESIANPOINT((35.055143103,39.312059872,2.7107));
#3057= IFCCARTESIANPOINT((35.088871893,39.249072006,2.7107));
#3058= IFCCARTESIANPOINT((35.068639564,39.408829681,2.7));
#3059= IFCCARTESIANPOINT((35.141223408,39.277560547,2.7));
#3060= IFCCARTESIANPOINT((35.068639564,39.408829681,2.7107));
#3061= IFCCARTESIANPOINT((35.103213668,39.346301817,2.7107));
#3062= IFCCARTESIANPOINT((35.103213668,39.346301817,2.9893));
#3063= IFCCARTESIANPOINT((35.068639564,39.408829681,2.9893));
#3064= IFCCARTESIANPOINT((35.068639564,39.408829681,3.));
#3065= IFCCARTESIANPOINT((35.141223408,39.277560547,3.));
#3066= IFCCARTESIANPOINT((35.141223408,39.277560547,2.9893));
#3067= IFCCARTESIANPOINT((35.106649304,39.340088411,2.9893));
#3068= IFCCARTESIANPOINT((35.106649304,39.340088411,2.7107));
#3069= IFCCARTESIANPOINT((35.141223408,39.277560547,2.7107));
#3070= IFCCARTESIANPOINT((35.118841163,39.437031225,2.7));
#3071= IFCCARTESIANPOINT((35.193186467,39.306751619,2.7));
#3072= IFCCARTESIANPOINT((35.118841163,39.437031225,2.7107));
#3073= IFCCARTESIANPOINT((35.154254309,39.374974706,2.7107));
#3074= IFCCARTESIANPOINT((35.154254309,39.374974706,2.9893));
#3075= IFCCARTESIANPOINT((35.118841163,39.437031225,2.9893));
#3076= IFCCARTESIANPOINT((35.118841163,39.437031225,3.));
#3077= IFCCARTESIANPOINT((35.193186467,39.306751619,3.));
#3078= IFCCARTESIANPOINT((35.193186467,39.306751619,2.9893));
#3079= IFCCARTESIANPOINT((35.15777332,39.368808138,2.9893));
#3080= IFCCARTESIANPOINT((35.15777332,39.368808138,2.7107));
#3081= IFCCARTESIANPOINT((35.193186467,39.306751619,2.7107));
#3082= IFCCARTESIANPOINT((35.168658366,39.465906368,2.7));
#3083= IFCCARTESIANPOINT((35.244751642,39.336639924,2.7));
#3084= IFCCARTESIANPOINT((35.168658366,39.465906368,2.7107));
#3085= IFCCARTESIANPOINT((35.20490413,39.404332452,2.7107));
#3086= IFCCARTESIANPOINT((35.20490413,39.404332452,2.9893));
#3087= IFCCARTESIANPOINT((35.168658366,39.465906368,2.9893));
#3088= IFCCARTESIANPOINT((35.168658366,39.465906368,3.));
#3089= IFCCARTESIANPOINT((35.244751642,39.336639924,3.));
#3090= IFCCARTESIANPOINT((35.244751642,39.336639924,2.9893));
#3091= IFCCARTESIANPOINT((35.208505878,39.39821384,2.9893));
#3092= IFCCARTESIANPOINT((35.208505878,39.39821384,2.7107));
#3093= IFCCARTESIANPOINT((35.244751642,39.336639924,2.7107));
#3094= IFCCARTESIANPOINT((35.218082135,39.495449872,2.7));
#3095= IFCCARTESIANPOINT((35.295909579,39.367220042,2.7));
#3096= IFCCARTESIANPOINT((35.218082135,39.495449872,2.7107));
#3097= IFCCARTESIANPOINT((35.255153941,39.43436973,2.7107));
#3098= IFCCARTESIANPOINT((35.255153941,39.43436973,2.9893));
#3099= IFCCARTESIANPOINT((35.218082135,39.495449872,2.9893));
#3100= IFCCARTESIANPOINT((35.218082135,39.495449872,3.));
#3101= IFCCARTESIANPOINT((35.295909579,39.367220042,3.));
#3102= IFCCARTESIANPOINT((35.295909579,39.367220042,2.9893));
#3103= IFCCARTESIANPOINT((35.258837773,39.428300184,2.9893));
#3104= IFCCARTESIANPOINT((35.258837773,39.428300184,2.7107));
#3105= IFCCARTESIANPOINT((35.295909579,39.367220042,2.7107));
#3106= IFCCARTESIANPOINT((35.267103505,39.525656377,2.7));
#3107= IFCCARTESIANPOINT((35.346650996,39.398486425,2.7));
#3108= IFCCARTESIANPOINT((35.267103505,39.525656377,2.7107));
#3109= IFCCARTESIANPOINT((35.304994626,39.46508109,2.7107));
#3110= IFCCARTESIANPOINT((35.304994626,39.46508109,2.9893));
#3111= IFCCARTESIANPOINT((35.267103505,39.525656377,2.9893));
#3112= IFCCARTESIANPOINT((35.267103505,39.525656377,3.));
#3113= IFCCARTESIANPOINT((35.346650996,39.398486425,3.));
#3114= IFCCARTESIANPOINT((35.346650996,39.398486425,2.9893));
#3115= IFCCARTESIANPOINT((35.308759874,39.459061712,2.9893));
#3116= IFCCARTESIANPOINT((35.308759874,39.459061712,2.7107));
#3117= IFCCARTESIANPOINT((35.346650996,39.398486425,2.7107));
#3118= IFCCARTESIANPOINT((35.31571358,39.556520403,2.7));
#3119= IFCCARTESIANPOINT((35.396966688,39.4304334,2.7));
#3120= IFCCARTESIANPOINT((35.31571358,39.556520403,2.7107));
#3121= IFCCARTESIANPOINT((35.354417144,39.49646096,2.7107));
#3122= IFCCARTESIANPOINT((35.354417144,39.49646096,2.9893));
#3123= IFCCARTESIANPOINT((35.31571358,39.556520403,2.9893));
#3124= IFCCARTESIANPOINT((35.31571358,39.556520403,3.));
#3125= IFCCARTESIANPOINT((35.396966688,39.4304334,3.));
#3126= IFCCARTESIANPOINT((35.396966688,39.4304334,2.9893));
#3127= IFCCARTESIANPOINT((35.358263125,39.490492842,2.9893));
#3128= IFCCARTESIANPOINT((35.358263125,39.490492842,2.7107));
#3129= IFCCARTESIANPOINT((35.396966688,39.4304334,2.7107));
#3130= IFCCARTESIANPOINT((35.363903544,39.588036351,2.7));
#3131= IFCCARTESIANPOINT((35.446847528,39.463055171,2.7));
#3132= IFCCARTESIANPOINT((35.363903544,39.588036351,2.7107));
#3133= IFCCARTESIANPOINT((35.403412528,39.528503649,2.7107));
#3134= IFCCARTESIANPOINT((35.403412528,39.528503649,2.9893));
#3135= IFCCARTESIANPOINT((35.363903544,39.588036351,2.9893));
#3136= IFCCARTESIANPOINT((35.363903544,39.588036351,3.));
#3137= IFCCARTESIANPOINT((35.446847528,39.463055171,3.));
#3138= IFCCARTESIANPOINT((35.446847528,39.463055171,2.9893));
#3139= IFCCARTESIANPOINT((35.407338544,39.522587873,2.9893));
#3140= IFCCARTESIANPOINT((35.407338544,39.522587873,2.7107));
#3141= IFCCARTESIANPOINT((35.446847528,39.463055171,2.7107));
#3142= IFCCARTESIANPOINT((35.411664653,39.620198504,2.7));
#3143= IFCCARTESIANPOINT((35.496284465,39.49634582,2.7));
#3144= IFCCARTESIANPOINT((35.411664653,39.620198504,2.7107));
#3145= IFCCARTESIANPOINT((35.45197189,39.561203342,2.7107));
#3146= IFCCARTESIANPOINT((35.45197189,39.561203342,2.9893));
#3147= IFCCARTESIANPOINT((35.411664653,39.620198504,2.9893));
#3148= IFCCARTESIANPOINT((35.411664653,39.620198504,3.));
#3149= IFCCARTESIANPOINT((35.496284465,39.49634582,3.));
#3150= IFCCARTESIANPOINT((35.496284465,39.49634582,2.9893));
#3151= IFCCARTESIANPOINT((35.455977228,39.555340982,2.9893));
#3152= IFCCARTESIANPOINT((35.455977228,39.555340982,2.7107));
#3153= IFCCARTESIANPOINT((35.496284465,39.49634582,2.7107));
#3154= IFCCARTESIANPOINT((35.458988243,39.653001026,2.7));
#3155= IFCCARTESIANPOINT((35.545268532,39.530299308,2.7));
#3156= IFCCARTESIANPOINT((35.458988243,39.653001026,2.7107));
#3157= IFCCARTESIANPOINT((35.50008642,39.594554108,2.7107));
#3158= IFCCARTESIANPOINT((35.50008642,39.594554108,2.9893));
#3159= IFCCARTESIANPOINT((35.458988243,39.653001026,2.9893));
#3160= IFCCARTESIANPOINT((35.458988243,39.653001026,3.));
#3161= IFCCARTESIANPOINT((35.545268532,39.530299308,3.));
#3162= IFCCARTESIANPOINT((35.545268532,39.530299308,2.9893));
#3163= IFCCARTESIANPOINT((35.504170354,39.588746226,2.9893));
#3164= IFCCARTESIANPOINT((35.504170354,39.588746226,2.7107));
#3165= IFCCARTESIANPOINT((35.545268532,39.530299308,2.7107));
#3166= IFCCARTESIANPOINT((35.505865728,39.686437967,2.7));
#3167= IFCCARTESIANPOINT((35.593790841,39.564909475,2.7));
#3168= IFCCARTESIANPOINT((35.505865728,39.686437967,2.7107));
#3169= IFCCARTESIANPOINT((35.54774739,39.628549895,2.7107));
#3170= IFCCARTESIANPOINT((35.54774739,39.628549895,2.9893));
#3171= IFCCARTESIANPOINT((35.505865728,39.686437967,2.9893));
#3172= IFCCARTESIANPOINT((35.505865728,39.686437967,3.));
#3173= IFCCARTESIANPOINT((35.593790841,39.564909475,3.));
#3174= IFCCARTESIANPOINT((35.593790841,39.564909475,2.9893));
#3175= IFCCARTESIANPOINT((35.551909179,39.622797547,2.9893));
#3176= IFCCARTESIANPOINT((35.551909179,39.622797547,2.7107));
#3177= IFCCARTESIANPOINT((35.593790841,39.564909475,2.7107));
#3178= IFCCARTESIANPOINT((35.552288603,39.720503261,2.7));
#3179= IFCCARTESIANPOINT((35.641842589,39.600170042,2.7));
#3180= IFCCARTESIANPOINT((35.552288603,39.720503261,2.7107));
#3181= IFCCARTESIANPOINT((35.594946152,39.663184537,2.7107));
#3182= IFCCARTESIANPOINT((35.594946152,39.663184537,2.9893));
#3183= IFCCARTESIANPOINT((35.552288603,39.720503261,2.9893));
#3184= IFCCARTESIANPOINT((35.552288603,39.720503261,3.));
#3185= IFCCARTESIANPOINT((35.641842589,39.600170042,3.));
#3186= IFCCARTESIANPOINT((35.641842589,39.600170042,2.9893));
#3187= IFCCARTESIANPOINT((35.599185041,39.657488765,2.9893));
#3188= IFCCARTESIANPOINT((35.599185041,39.657488765,2.7107));
#3189= IFCCARTESIANPOINT((35.641842589,39.600170042,2.7107));
#3190= IFCCARTESIANPOINT((35.598248448,39.755190726,2.7));
#3191= IFCCARTESIANPOINT((35.68941506,39.636074612,2.7));
#3192= IFCCARTESIANPOINT((35.598248448,39.755190726,2.7107));
#3193= IFCCARTESIANPOINT((35.641674144,39.69845175,2.7107));
#3194= IFCCARTESIANPOINT((35.641674144,39.69845175,2.9893));
#3195= IFCCARTESIANPOINT((35.598248448,39.755190726,2.9893));
#3196= IFCCARTESIANPOINT((35.598248448,39.755190726,3.));
#3197= IFCCARTESIANPOINT((35.68941506,39.636074612,3.));
#3198= IFCCARTESIANPOINT((35.68941506,39.636074612,2.9893));
#3199= IFCCARTESIANPOINT((35.645989364,39.692813588,2.9893));
#3200= IFCCARTESIANPOINT((35.645989364,39.692813588,2.7107));
#3201= IFCCARTESIANPOINT((35.68941506,39.636074612,2.7107));
#3202= IFCCARTESIANPOINT((35.643736923,39.790494072,2.7));
#3203= IFCCARTESIANPOINT((35.736499622,39.672616671,2.7));
#3204= IFCCARTESIANPOINT((35.643736923,39.790494072,2.7107));
#3205= IFCCARTESIANPOINT((35.687922889,39.734345137,2.7107));
#3206= IFCCARTESIANPOINT((35.687922889,39.734345137,2.9893));
#3207= IFCCARTESIANPOINT((35.643736923,39.790494072,2.9893));
#3208= IFCCARTESIANPOINT((35.643736923,39.790494072,3.));
#3209= IFCCARTESIANPOINT((35.736499622,39.672616671,3.));
#3210= IFCCARTESIANPOINT((35.736499622,39.672616671,2.9893));
#3211= IFCCARTESIANPOINT((35.692313657,39.728765606,2.9893));
#3212= IFCCARTESIANPOINT((35.692313657,39.728765606,2.7107));
#3213= IFCCARTESIANPOINT((35.736499622,39.672616671,2.7107));
#3214= IFCCARTESIANPOINT((35.688745777,39.826406892,2.7));
#3215= IFCCARTESIANPOINT((35.783087734,39.70978959,2.7));
#3216= IFCCARTESIANPOINT((35.688745777,39.826406892,2.7107));
#3217= IFCCARTESIANPOINT((35.733683996,39.770858184,2.7107));
#3218= IFCCARTESIANPOINT((35.733683996,39.770858184,2.9893));
#3219= IFCCARTESIANPOINT((35.688745777,39.826406892,2.9893));
#3220= IFCCARTESIANPOINT((35.688745777,39.826406892,3.));
#3221= IFCCARTESIANPOINT((35.783087734,39.70978959,3.));
#3222= IFCCARTESIANPOINT((35.783087734,39.70978959,2.9893));
#3223= IFCCARTESIANPOINT((35.738149515,39.765338298,2.9893));
#3224= IFCCARTESIANPOINT((35.738149515,39.765338298,2.7107));
#3225= IFCCARTESIANPOINT((35.783087734,39.70978959,2.7107));
#3226= IFCCARTESIANPOINT((35.733266844,39.862922672,2.7));
#3227= IFCCARTESIANPOINT((35.829170944,39.747586626,2.7));
#3228= IFCCARTESIANPOINT((35.733266844,39.862922672,2.7107));
#3229= IFCCARTESIANPOINT((35.778949164,39.807984269,2.7107));
#3230= IFCCARTESIANPOINT((35.778949164,39.807984269,2.9893));
#3231= IFCCARTESIANPOINT((35.733266844,39.862922672,2.9893));
#3232= IFCCARTESIANPOINT((35.733266844,39.862922672,3.));
#3233= IFCCARTESIANPOINT((35.829170944,39.747586626,3.));
#3234= IFCCARTESIANPOINT((35.829170944,39.747586626,2.9893));
#3235= IFCCARTESIANPOINT((35.783488624,39.802525029,2.9893));
#3236= IFCCARTESIANPOINT((35.783488624,39.802525029,2.7107));
#3237= IFCCARTESIANPOINT((35.829170944,39.747586626,2.7107));
#3238= IFCCARTESIANPOINT((35.777292047,39.900034787,2.7));
#3239= IFCCARTESIANPOINT((35.874740891,39.78600092,2.7));
#3240= IFCCARTESIANPOINT((35.777292047,39.900034787,2.7107));
#3241= IFCCARTESIANPOINT((35.82371018,39.845716655,2.7107));
#3242= IFCCARTESIANPOINT((35.82371018,39.845716655,2.9893));
#3243= IFCCARTESIANPOINT((35.777292047,39.900034787,2.9893));
#3244= IFCCARTESIANPOINT((35.777292047,39.900034787,3.));
#3245= IFCCARTESIANPOINT((35.874740891,39.78600092,3.));
#3246= IFCCARTESIANPOINT((35.874740891,39.78600092,2.9893));
#3247= IFCCARTESIANPOINT((35.828322759,39.840319052,2.9893));
#3248= IFCCARTESIANPOINT((35.828322759,39.840319052,2.7107));
#3249= IFCCARTESIANPOINT((35.874740891,39.78600092,2.7107));
#3250= IFCCARTESIANPOINT((35.8208134,39.937736505,2.7));
#3251= IFCCARTESIANPOINT((35.919789309,39.825025505,2.7));
#3252= IFCCARTESIANPOINT((35.8208134,39.937736505,2.7107));
#3253= IFCCARTESIANPOINT((35.867958924,39.884048498,2.7107));
#3254= IFCCARTESIANPOINT((35.867958924,39.884048498,2.9893));
#3255= IFCCARTESIANPOINT((35.8208134,39.937736505,2.9893));
#3256= IFCCARTESIANPOINT((35.8208134,39.937736505,3.));
#3257= IFCCARTESIANPOINT((35.919789309,39.825025505,3.));
#3258= IFCCARTESIANPOINT((35.919789309,39.825025505,2.9893));
#3259= IFCCARTESIANPOINT((35.872643784,39.878713511,2.9893));
#3260= IFCCARTESIANPOINT((35.872643784,39.878713511,2.7107));
#3261= IFCCARTESIANPOINT((35.919789309,39.825025505,2.7107));
#3262= IFCCARTESIANPOINT((35.863823006,39.976020984,2.7));
#3263= IFCCARTESIANPOINT((35.964308024,39.8646533,2.7));
#3264= IFCCARTESIANPOINT((35.863823006,39.976020984,2.7107));
#3265= IFCCARTESIANPOINT((35.911687369,39.922972844,2.7107));
#3266= IFCCARTESIANPOINT((35.911687369,39.922972844,2.9893));
#3267= IFCCARTESIANPOINT((35.863823006,39.976020984,2.9893));
#3268= IFCCARTESIANPOINT((35.863823006,39.976020984,3.));
#3269= IFCCARTESIANPOINT((35.964308024,39.8646533,3.));
#3270= IFCCARTESIANPOINT((35.964308024,39.8646533,2.9893));
#3271= IFCCARTESIANPOINT((35.91644366,39.91770144,2.9893));
#3272= IFCCARTESIANPOINT((35.91644366,39.91770144,2.7107));
#3273= IFCCARTESIANPOINT((35.964308024,39.8646533,2.7107));
#3274= IFCCARTESIANPOINT((35.906313063,40.014881281,2.7));
#3275= IFCCARTESIANPOINT((36.00828896,39.904877116,2.7));
#3276= IFCCARTESIANPOINT((35.906313063,40.014881281,2.7107));
#3277= IFCCARTESIANPOINT((35.954887582,39.96248263,2.7107));
#3278= IFCCARTESIANPOINT((35.954887582,39.96248263,2.9893));
#3279= IFCCARTESIANPOINT((35.906313063,40.014881281,2.9893));
#3280= IFCCARTESIANPOINT((35.906313063,40.014881281,3.));
#3281= IFCCARTESIANPOINT((36.00828896,39.904877116,3.));
#3282= IFCCARTESIANPOINT((36.00828896,39.904877116,2.9893));
#3283= IFCCARTESIANPOINT((35.959714441,39.957275766,2.9893));
#3284= IFCCARTESIANPOINT((35.959714441,39.957275766,2.7107));
#3285= IFCCARTESIANPOINT((36.00828896,39.904877116,2.7107));
#3286= IFCPOLYLOOP((#1918,#1919,#1920));
#3287= IFCFACEOUTERBOUND(#3286,.T.);
#3288= IFCFACE((#3287));
#3289= IFCPOLYLOOP((#1921,#1922,#1923));
#3290= IFCFACEOUTERBOUND(#3289,.T.);
#3291= IFCFACE((#3290));
#3292= IFCPOLYLOOP((#1919,#1924,#1925));
#3293= IFCFACEOUTERBOUND(#3292,.T.);
#3294= IFCFACE((#3293));
#3295= IFCPOLYLOOP((#1923,#1926,#1927));
#3296= IFCFACEOUTERBOUND(#3295,.T.);
#3297= IFCFACE((#3296));
#3298= IFCPOLYLOOP((#1928,#1929,#1930));
#3299= IFCFACEOUTERBOUND(#3298,.T.);
#3300= IFCFACE((#3299));
#3301= IFCPOLYLOOP((#1931,#1932,#1933));
#3302= IFCFACEOUTERBOUND(#3301,.T.);
#3303= IFCFACE((#3302));
#3304= IFCPOLYLOOP((#1928,#1934,#1929));
#3305= IFCFACEOUTERBOUND(#3304,.T.);
#3306= IFCFACE((#3305));
#3307= IFCPOLYLOOP((#1931,#1933,#1935));
#3308= IFCFACEOUTERBOUND(#3307,.T.);
#3309= IFCFACE((#3308));
#3310= IFCPOLYLOOP((#1934,#1936,#1937));
#3311= IFCFACEOUTERBOUND(#3310,.T.);
#3312= IFCFACE((#3311));
#3313= IFCPOLYLOOP((#1935,#1938,#1939));
#3314= IFCFACEOUTERBOUND(#3313,.T.);
#3315= IFCFACE((#3314));
#3316= IFCPOLYLOOP((#1940,#1919,#1918));
#3317= IFCFACEOUTERBOUND(#3316,.T.);
#3318= IFCFACE((#3317));
#3319= IFCPOLYLOOP((#1941,#1921,#1923));
#3320= IFCFACEOUTERBOUND(#3319,.T.);
#3321= IFCFACE((#3320));
#3322= IFCPOLYLOOP((#1940,#1924,#1919));
#3323= IFCFACEOUTERBOUND(#3322,.T.);
#3324= IFCFACE((#3323));
#3325= IFCPOLYLOOP((#1941,#1923,#1927));
#3326= IFCFACEOUTERBOUND(#3325,.T.);
#3327= IFCFACE((#3326));
#3328= IFCPOLYLOOP((#1940,#1928,#1924));
#3329= IFCFACEOUTERBOUND(#3328,.T.);
#3330= IFCFACE((#3329));
#3331= IFCPOLYLOOP((#1941,#1927,#1931));
#3332= IFCFACEOUTERBOUND(#3331,.T.);
#3333= IFCFACE((#3332));
#3334= IFCPOLYLOOP((#1928,#1936,#1934));
#3335= IFCFACEOUTERBOUND(#3334,.T.);
#3336= IFCFACE((#3335));
#3337= IFCPOLYLOOP((#1931,#1935,#1939));
#3338= IFCFACEOUTERBOUND(#3337,.T.);
#3339= IFCFACE((#3338));
#3340= IFCPOLYLOOP((#1928,#1940,#1936));
#3341= IFCFACEOUTERBOUND(#3340,.T.);
#3342= IFCFACE((#3341));
#3343= IFCPOLYLOOP((#1931,#1939,#1941));
#3344= IFCFACEOUTERBOUND(#3343,.T.);
#3345= IFCFACE((#3344));
#3346= IFCPOLYLOOP((#1920,#1919,#1942));
#3347= IFCFACEOUTERBOUND(#3346,.T.);
#3348= IFCFACE((#3347));
#3349= IFCPOLYLOOP((#1920,#1942,#1943));
#3350= IFCFACEOUTERBOUND(#3349,.T.);
#3351= IFCFACE((#3350));
#3352= IFCPOLYLOOP((#1919,#1925,#1944));
#3353= IFCFACEOUTERBOUND(#3352,.T.);
#3354= IFCFACE((#3353));
#3355= IFCPOLYLOOP((#1919,#1944,#1942));
#3356= IFCFACEOUTERBOUND(#3355,.T.);
#3357= IFCFACE((#3356));
#3358= IFCPOLYLOOP((#1925,#1924,#1945));
#3359= IFCFACEOUTERBOUND(#3358,.T.);
#3360= IFCFACE((#3359));
#3361= IFCPOLYLOOP((#1925,#1945,#1944));
#3362= IFCFACEOUTERBOUND(#3361,.T.);
#3363= IFCFACE((#3362));
#3364= IFCPOLYLOOP((#1924,#1928,#1946));
#3365= IFCFACEOUTERBOUND(#3364,.T.);
#3366= IFCFACE((#3365));
#3367= IFCPOLYLOOP((#1924,#1946,#1945));
#3368= IFCFACEOUTERBOUND(#3367,.T.);
#3369= IFCFACE((#3368));
#3370= IFCPOLYLOOP((#1928,#1930,#1947));
#3371= IFCFACEOUTERBOUND(#3370,.T.);
#3372= IFCFACE((#3371));
#3373= IFCPOLYLOOP((#1928,#1947,#1946));
#3374= IFCFACEOUTERBOUND(#3373,.T.);
#3375= IFCFACE((#3374));
#3376= IFCPOLYLOOP((#1930,#1929,#1948));
#3377= IFCFACEOUTERBOUND(#3376,.T.);
#3378= IFCFACE((#3377));
#3379= IFCPOLYLOOP((#1930,#1948,#1947));
#3380= IFCFACEOUTERBOUND(#3379,.T.);
#3381= IFCFACE((#3380));
#3382= IFCPOLYLOOP((#1929,#1934,#1949));
#3383= IFCFACEOUTERBOUND(#3382,.T.);
#3384= IFCFACE((#3383));
#3385= IFCPOLYLOOP((#1929,#1949,#1948));
#3386= IFCFACEOUTERBOUND(#3385,.T.);
#3387= IFCFACE((#3386));
#3388= IFCPOLYLOOP((#1934,#1937,#1950));
#3389= IFCFACEOUTERBOUND(#3388,.T.);
#3390= IFCFACE((#3389));
#3391= IFCPOLYLOOP((#1934,#1950,#1949));
#3392= IFCFACEOUTERBOUND(#3391,.T.);
#3393= IFCFACE((#3392));
#3394= IFCPOLYLOOP((#1937,#1936,#1951));
#3395= IFCFACEOUTERBOUND(#3394,.T.);
#3396= IFCFACE((#3395));
#3397= IFCPOLYLOOP((#1937,#1951,#1950));
#3398= IFCFACEOUTERBOUND(#3397,.T.);
#3399= IFCFACE((#3398));
#3400= IFCPOLYLOOP((#1936,#1940,#1952));
#3401= IFCFACEOUTERBOUND(#3400,.T.);
#3402= IFCFACE((#3401));
#3403= IFCPOLYLOOP((#1936,#1952,#1951));
#3404= IFCFACEOUTERBOUND(#3403,.T.);
#3405= IFCFACE((#3404));
#3406= IFCPOLYLOOP((#1940,#1918,#1953));
#3407= IFCFACEOUTERBOUND(#3406,.T.);
#3408= IFCFACE((#3407));
#3409= IFCPOLYLOOP((#1940,#1953,#1952));
#3410= IFCFACEOUTERBOUND(#3409,.T.);
#3411= IFCFACE((#3410));
#3412= IFCPOLYLOOP((#1918,#1920,#1943));
#3413= IFCFACEOUTERBOUND(#3412,.T.);
#3414= IFCFACE((#3413));
#3415= IFCPOLYLOOP((#1918,#1943,#1953));
#3416= IFCFACEOUTERBOUND(#3415,.T.);
#3417= IFCFACE((#3416));
#3418= IFCPOLYLOOP((#1943,#1942,#1954));
#3419= IFCFACEOUTERBOUND(#3418,.T.);
#3420= IFCFACE((#3419));
#3421= IFCPOLYLOOP((#1943,#1954,#1955));
#3422= IFCFACEOUTERBOUND(#3421,.T.);
#3423= IFCFACE((#3422));
#3424= IFCPOLYLOOP((#1942,#1944,#1956));
#3425= IFCFACEOUTERBOUND(#3424,.T.);
#3426= IFCFACE((#3425));
#3427= IFCPOLYLOOP((#1942,#1956,#1954));
#3428= IFCFACEOUTERBOUND(#3427,.T.);
#3429= IFCFACE((#3428));
#3430= IFCPOLYLOOP((#1944,#1945,#1957));
#3431= IFCFACEOUTERBOUND(#3430,.T.);
#3432= IFCFACE((#3431));
#3433= IFCPOLYLOOP((#1944,#1957,#1956));
#3434= IFCFACEOUTERBOUND(#3433,.T.);
#3435= IFCFACE((#3434));
#3436= IFCPOLYLOOP((#1945,#1946,#1958));
#3437= IFCFACEOUTERBOUND(#3436,.T.);
#3438= IFCFACE((#3437));
#3439= IFCPOLYLOOP((#1945,#1958,#1957));
#3440= IFCFACEOUTERBOUND(#3439,.T.);
#3441= IFCFACE((#3440));
#3442= IFCPOLYLOOP((#1946,#1947,#1959));
#3443= IFCFACEOUTERBOUND(#3442,.T.);
#3444= IFCFACE((#3443));
#3445= IFCPOLYLOOP((#1946,#1959,#1958));
#3446= IFCFACEOUTERBOUND(#3445,.T.);
#3447= IFCFACE((#3446));
#3448= IFCPOLYLOOP((#1947,#1948,#1960));
#3449= IFCFACEOUTERBOUND(#3448,.T.);
#3450= IFCFACE((#3449));
#3451= IFCPOLYLOOP((#1947,#1960,#1959));
#3452= IFCFACEOUTERBOUND(#3451,.T.);
#3453= IFCFACE((#3452));
#3454= IFCPOLYLOOP((#1948,#1949,#1961));
#3455= IFCFACEOUTERBOUND(#3454,.T.);
#3456= IFCFACE((#3455));
#3457= IFCPOLYLOOP((#1948,#1961,#1960));
#3458= IFCFACEOUTERBOUND(#3457,.T.);
#3459= IFCFACE((#3458));
#3460= IFCPOLYLOOP((#1949,#1950,#1962));
#3461= IFCFACEOUTERBOUND(#3460,.T.);
#3462= IFCFACE((#3461));
#3463= IFCPOLYLOOP((#1949,#1962,#1961));
#3464= IFCFACEOUTERBOUND(#3463,.T.);
#3465= IFCFACE((#3464));
#3466= IFCPOLYLOOP((#1950,#1951,#1963));
#3467= IFCFACEOUTERBOUND(#3466,.T.);
#3468= IFCFACE((#3467));
#3469= IFCPOLYLOOP((#1950,#1963,#1962));
#3470= IFCFACEOUTERBOUND(#3469,.T.);
#3471= IFCFACE((#3470));
#3472= IFCPOLYLOOP((#1951,#1952,#1964));
#3473= IFCFACEOUTERBOUND(#3472,.T.);
#3474= IFCFACE((#3473));
#3475= IFCPOLYLOOP((#1951,#1964,#1963));
#3476= IFCFACEOUTERBOUND(#3475,.T.);
#3477= IFCFACE((#3476));
#3478= IFCPOLYLOOP((#1952,#1953,#1965));
#3479= IFCFACEOUTERBOUND(#3478,.T.);
#3480= IFCFACE((#3479));
#3481= IFCPOLYLOOP((#1952,#1965,#1964));
#3482= IFCFACEOUTERBOUND(#3481,.T.);
#3483= IFCFACE((#3482));
#3484= IFCPOLYLOOP((#1953,#1943,#1955));
#3485= IFCFACEOUTERBOUND(#3484,.T.);
#3486= IFCFACE((#3485));
#3487= IFCPOLYLOOP((#1953,#1955,#1965));
#3488= IFCFACEOUTERBOUND(#3487,.T.);
#3489= IFCFACE((#3488));
#3490= IFCPOLYLOOP((#1955,#1954,#1966));
#3491= IFCFACEOUTERBOUND(#3490,.T.);
#3492= IFCFACE((#3491));
#3493= IFCPOLYLOOP((#1955,#1966,#1967));
#3494= IFCFACEOUTERBOUND(#3493,.T.);
#3495= IFCFACE((#3494));
#3496= IFCPOLYLOOP((#1954,#1956,#1968));
#3497= IFCFACEOUTERBOUND(#3496,.T.);
#3498= IFCFACE((#3497));
#3499= IFCPOLYLOOP((#1954,#1968,#1966));
#3500= IFCFACEOUTERBOUND(#3499,.T.);
#3501= IFCFACE((#3500));
#3502= IFCPOLYLOOP((#1956,#1957,#1969));
#3503= IFCFACEOUTERBOUND(#3502,.T.);
#3504= IFCFACE((#3503));
#3505= IFCPOLYLOOP((#1956,#1969,#1968));
#3506= IFCFACEOUTERBOUND(#3505,.T.);
#3507= IFCFACE((#3506));
#3508= IFCPOLYLOOP((#1957,#1958,#1970));
#3509= IFCFACEOUTERBOUND(#3508,.T.);
#3510= IFCFACE((#3509));
#3511= IFCPOLYLOOP((#1957,#1970,#1969));
#3512= IFCFACEOUTERBOUND(#3511,.T.);
#3513= IFCFACE((#3512));
#3514= IFCPOLYLOOP((#1958,#1959,#1971));
#3515= IFCFACEOUTERBOUND(#3514,.T.);
#3516= IFCFACE((#3515));
#3517= IFCPOLYLOOP((#1958,#1971,#1970));
#3518= IFCFACEOUTERBOUND(#3517,.T.);
#3519= IFCFACE((#3518));
#3520= IFCPOLYLOOP((#1959,#1960,#1972));
#3521= IFCFACEOUTERBOUND(#3520,.T.);
#3522= IFCFACE((#3521));
#3523= IFCPOLYLOOP((#1959,#1972,#1971));
#3524= IFCFACEOUTERBOUND(#3523,.T.);
#3525= IFCFACE((#3524));
#3526= IFCPOLYLOOP((#1960,#1961,#1973));
#3527= IFCFACEOUTERBOUND(#3526,.T.);
#3528= IFCFACE((#3527));
#3529= IFCPOLYLOOP((#1960,#1973,#1972));
#3530= IFCFACEOUTERBOUND(#3529,.T.);
#3531= IFCFACE((#3530));
#3532= IFCPOLYLOOP((#1961,#1962,#1974));
#3533= IFCFACEOUTERBOUND(#3532,.T.);
#3534= IFCFACE((#3533));
#3535= IFCPOLYLOOP((#1961,#1974,#1973));
#3536= IFCFACEOUTERBOUND(#3535,.T.);
#3537= IFCFACE((#3536));
#3538= IFCPOLYLOOP((#1962,#1963,#1975));
#3539= IFCFACEOUTERBOUND(#3538,.T.);
#3540= IFCFACE((#3539));
#3541= IFCPOLYLOOP((#1962,#1975,#1974));
#3542= IFCFACEOUTERBOUND(#3541,.T.);
#3543= IFCFACE((#3542));
#3544= IFCPOLYLOOP((#1963,#1964,#1976));
#3545= IFCFACEOUTERBOUND(#3544,.T.);
#3546= IFCFACE((#3545));
#3547= IFCPOLYLOOP((#1963,#1976,#1975));
#3548= IFCFACEOUTERBOUND(#3547,.T.);
#3549= IFCFACE((#3548));
#3550= IFCPOLYLOOP((#1964,#1965,#1977));
#3551= IFCFACEOUTERBOUND(#3550,.T.);
#3552= IFCFACE((#3551));
#3553= IFCPOLYLOOP((#1964,#1977,#1976));
#3554= IFCFACEOUTERBOUND(#3553,.T.);
#3555= IFCFACE((#3554));
#3556= IFCPOLYLOOP((#1965,#1955,#1967));
#3557= IFCFACEOUTERBOUND(#3556,.T.);
#3558= IFCFACE((#3557));
#3559= IFCPOLYLOOP((#1965,#1967,#1977));
#3560= IFCFACEOUTERBOUND(#3559,.T.);
#3561= IFCFACE((#3560));
#3562= IFCPOLYLOOP((#1967,#1966,#1978));
#3563= IFCFACEOUTERBOUND(#3562,.T.);
#3564= IFCFACE((#3563));
#3565= IFCPOLYLOOP((#1967,#1978,#1979));
#3566= IFCFACEOUTERBOUND(#3565,.T.);
#3567= IFCFACE((#3566));
#3568= IFCPOLYLOOP((#1966,#1968,#1980));
#3569= IFCFACEOUTERBOUND(#3568,.T.);
#3570= IFCFACE((#3569));
#3571= IFCPOLYLOOP((#1966,#1980,#1978));
#3572= IFCFACEOUTERBOUND(#3571,.T.);
#3573= IFCFACE((#3572));
#3574= IFCPOLYLOOP((#1968,#1969,#1981));
#3575= IFCFACEOUTERBOUND(#3574,.T.);
#3576= IFCFACE((#3575));
#3577= IFCPOLYLOOP((#1968,#1981,#1980));
#3578= IFCFACEOUTERBOUND(#3577,.T.);
#3579= IFCFACE((#3578));
#3580= IFCPOLYLOOP((#1969,#1970,#1982));
#3581= IFCFACEOUTERBOUND(#3580,.T.);
#3582= IFCFACE((#3581));
#3583= IFCPOLYLOOP((#1969,#1982,#1981));
#3584= IFCFACEOUTERBOUND(#3583,.T.);
#3585= IFCFACE((#3584));
#3586= IFCPOLYLOOP((#1970,#1971,#1983));
#3587= IFCFACEOUTERBOUND(#3586,.T.);
#3588= IFCFACE((#3587));
#3589= IFCPOLYLOOP((#1970,#1983,#1982));
#3590= IFCFACEOUTERBOUND(#3589,.T.);
#3591= IFCFACE((#3590));
#3592= IFCPOLYLOOP((#1971,#1972,#1984));
#3593= IFCFACEOUTERBOUND(#3592,.T.);
#3594= IFCFACE((#3593));
#3595= IFCPOLYLOOP((#1971,#1984,#1983));
#3596= IFCFACEOUTERBOUND(#3595,.T.);
#3597= IFCFACE((#3596));
#3598= IFCPOLYLOOP((#1972,#1973,#1985));
#3599= IFCFACEOUTERBOUND(#3598,.T.);
#3600= IFCFACE((#3599));
#3601= IFCPOLYLOOP((#1972,#1985,#1984));
#3602= IFCFACEOUTERBOUND(#3601,.T.);
#3603= IFCFACE((#3602));
#3604= IFCPOLYLOOP((#1973,#1974,#1986));
#3605= IFCFACEOUTERBOUND(#3604,.T.);
#3606= IFCFACE((#3605));
#3607= IFCPOLYLOOP((#1973,#1986,#1985));
#3608= IFCFACEOUTERBOUND(#3607,.T.);
#3609= IFCFACE((#3608));
#3610= IFCPOLYLOOP((#1974,#1975,#1987));
#3611= IFCFACEOUTERBOUND(#3610,.T.);
#3612= IFCFACE((#3611));
#3613= IFCPOLYLOOP((#1974,#1987,#1986));
#3614= IFCFACEOUTERBOUND(#3613,.T.);
#3615= IFCFACE((#3614));
#3616= IFCPOLYLOOP((#1975,#1976,#1988));
#3617= IFCFACEOUTERBOUND(#3616,.T.);
#3618= IFCFACE((#3617));
#3619= IFCPOLYLOOP((#1975,#1988,#1987));
#3620= IFCFACEOUTERBOUND(#3619,.T.);
#3621= IFCFACE((#3620));
#3622= IFCPOLYLOOP((#1976,#1977,#1989));
#3623= IFCFACEOUTERBOUND(#3622,.T.);
#3624= IFCFACE((#3623));
#3625= IFCPOLYLOOP((#1976,#1989,#1988));
#3626= IFCFACEOUTERBOUND(#3625,.T.);
#3627= IFCFACE((#3626));
#3628= IFCPOLYLOOP((#1977,#1967,#1979));
#3629= IFCFACEOUTERBOUND(#3628,.T.);
#3630= IFCFACE((#3629));
#3631= IFCPOLYLOOP((#1977,#1979,#1989));
#3632= IFCFACEOUTERBOUND(#3631,.T.);
#3633= IFCFACE((#3632));
#3634= IFCPOLYLOOP((#1979,#1978,#1990));
#3635= IFCFACEOUTERBOUND(#3634,.T.);
#3636= IFCFACE((#3635));
#3637= IFCPOLYLOOP((#1979,#1990,#1991));
#3638= IFCFACEOUTERBOUND(#3637,.T.);
#3639= IFCFACE((#3638));
#3640= IFCPOLYLOOP((#1978,#1980,#1992));
#3641= IFCFACEOUTERBOUND(#3640,.T.);
#3642= IFCFACE((#3641));
#3643= IFCPOLYLOOP((#1978,#1992,#1990));
#3644= IFCFACEOUTERBOUND(#3643,.T.);
#3645= IFCFACE((#3644));
#3646= IFCPOLYLOOP((#1980,#1981,#1993));
#3647= IFCFACEOUTERBOUND(#3646,.T.);
#3648= IFCFACE((#3647));
#3649= IFCPOLYLOOP((#1980,#1993,#1992));
#3650= IFCFACEOUTERBOUND(#3649,.T.);
#3651= IFCFACE((#3650));
#3652= IFCPOLYLOOP((#1981,#1982,#1994));
#3653= IFCFACEOUTERBOUND(#3652,.T.);
#3654= IFCFACE((#3653));
#3655= IFCPOLYLOOP((#1981,#1994,#1993));
#3656= IFCFACEOUTERBOUND(#3655,.T.);
#3657= IFCFACE((#3656));
#3658= IFCPOLYLOOP((#1982,#1983,#1995));
#3659= IFCFACEOUTERBOUND(#3658,.T.);
#3660= IFCFACE((#3659));
#3661= IFCPOLYLOOP((#1982,#1995,#1994));
#3662= IFCFACEOUTERBOUND(#3661,.T.);
#3663= IFCFACE((#3662));
#3664= IFCPOLYLOOP((#1983,#1984,#1996));
#3665= IFCFACEOUTERBOUND(#3664,.T.);
#3666= IFCFACE((#3665));
#3667= IFCPOLYLOOP((#1983,#1996,#1995));
#3668= IFCFACEOUTERBOUND(#3667,.T.);
#3669= IFCFACE((#3668));
#3670= IFCPOLYLOOP((#1984,#1985,#1997));
#3671= IFCFACEOUTERBOUND(#3670,.T.);
#3672= IFCFACE((#3671));
#3673= IFCPOLYLOOP((#1984,#1997,#1996));
#3674= IFCFACEOUTERBOUND(#3673,.T.);
#3675= IFCFACE((#3674));
#3676= IFCPOLYLOOP((#1985,#1986,#1998));
#3677= IFCFACEOUTERBOUND(#3676,.T.);
#3678= IFCFACE((#3677));
#3679= IFCPOLYLOOP((#1985,#1998,#1997));
#3680= IFCFACEOUTERBOUND(#3679,.T.);
#3681= IFCFACE((#3680));
#3682= IFCPOLYLOOP((#1986,#1987,#1999));
#3683= IFCFACEOUTERBOUND(#3682,.T.);
#3684= IFCFACE((#3683));
#3685= IFCPOLYLOOP((#1986,#1999,#1998));
#3686= IFCFACEOUTERBOUND(#3685,.T.);
#3687= IFCFACE((#3686));
#3688= IFCPOLYLOOP((#1987,#1988,#2000));
#3689= IFCFACEOUTERBOUND(#3688,.T.);
#3690= IFCFACE((#3689));
#3691= IFCPOLYLOOP((#1987,#2000,#1999));
#3692= IFCFACEOUTERBOUND(#3691,.T.);
#3693= IFCFACE((#3692));
#3694= IFCPOLYLOOP((#1988,#1989,#2001));
#3695= IFCFACEOUTERBOUND(#3694,.T.);
#3696= IFCFACE((#3695));
#3697= IFCPOLYLOOP((#1988,#2001,#2000));
#3698= IFCFACEOUTERBOUND(#3697,.T.);
#3699= IFCFACE((#3698));
#3700= IFCPOLYLOOP((#1989,#1979,#1991));
#3701= IFCFACEOUTERBOUND(#3700,.T.);
#3702= IFCFACE((#3701));
#3703= IFCPOLYLOOP((#1989,#1991,#2001));
#3704= IFCFACEOUTERBOUND(#3703,.T.);
#3705= IFCFACE((#3704));
#3706= IFCPOLYLOOP((#1991,#1990,#2002));
#3707= IFCFACEOUTERBOUND(#3706,.T.);
#3708= IFCFACE((#3707));
#3709= IFCPOLYLOOP((#1991,#2002,#2003));
#3710= IFCFACEOUTERBOUND(#3709,.T.);
#3711= IFCFACE((#3710));
#3712= IFCPOLYLOOP((#1990,#1992,#2004));
#3713= IFCFACEOUTERBOUND(#3712,.T.);
#3714= IFCFACE((#3713));
#3715= IFCPOLYLOOP((#1990,#2004,#2002));
#3716= IFCFACEOUTERBOUND(#3715,.T.);
#3717= IFCFACE((#3716));
#3718= IFCPOLYLOOP((#1992,#1993,#2005));
#3719= IFCFACEOUTERBOUND(#3718,.T.);
#3720= IFCFACE((#3719));
#3721= IFCPOLYLOOP((#1992,#2005,#2004));
#3722= IFCFACEOUTERBOUND(#3721,.T.);
#3723= IFCFACE((#3722));
#3724= IFCPOLYLOOP((#1993,#1994,#2006));
#3725= IFCFACEOUTERBOUND(#3724,.T.);
#3726= IFCFACE((#3725));
#3727= IFCPOLYLOOP((#1993,#2006,#2005));
#3728= IFCFACEOUTERBOUND(#3727,.T.);
#3729= IFCFACE((#3728));
#3730= IFCPOLYLOOP((#1994,#1995,#2007));
#3731= IFCFACEOUTERBOUND(#3730,.T.);
#3732= IFCFACE((#3731));
#3733= IFCPOLYLOOP((#1994,#2007,#2006));
#3734= IFCFACEOUTERBOUND(#3733,.T.);
#3735= IFCFACE((#3734));
#3736= IFCPOLYLOOP((#1995,#1996,#2008));
#3737= IFCFACEOUTERBOUND(#3736,.T.);
#3738= IFCFACE((#3737));
#3739= IFCPOLYLOOP((#1995,#2008,#2007));
#3740= IFCFACEOUTERBOUND(#3739,.T.);
#3741= IFCFACE((#3740));
#3742= IFCPOLYLOOP((#1996,#1997,#2009));
#3743= IFCFACEOUTERBOUND(#3742,.T.);
#3744= IFCFACE((#3743));
#3745= IFCPOLYLOOP((#1996,#2009,#2008));
#3746= IFCFACEOUTERBOUND(#3745,.T.);
#3747= IFCFACE((#3746));
#3748= IFCPOLYLOOP((#1997,#1998,#2010));
#3749= IFCFACEOUTERBOUND(#3748,.T.);
#3750= IFCFACE((#3749));
#3751= IFCPOLYLOOP((#1997,#2010,#2009));
#3752= IFCFACEOUTERBOUND(#3751,.T.);
#3753= IFCFACE((#3752));
#3754= IFCPOLYLOOP((#1998,#1999,#2011));
#3755= IFCFACEOUTERBOUND(#3754,.T.);
#3756= IFCFACE((#3755));
#3757= IFCPOLYLOOP((#1998,#2011,#2010));
#3758= IFCFACEOUTERBOUND(#3757,.T.);
#3759= IFCFACE((#3758));
#3760= IFCPOLYLOOP((#1999,#2000,#2012));
#3761= IFCFACEOUTERBOUND(#3760,.T.);
#3762= IFCFACE((#3761));
#3763= IFCPOLYLOOP((#1999,#2012,#2011));
#3764= IFCFACEOUTERBOUND(#3763,.T.);
#3765= IFCFACE((#3764));
#3766= IFCPOLYLOOP((#2000,#2001,#2013));
#3767= IFCFACEOUTERBOUND(#3766,.T.);
#3768= IFCFACE((#3767));
#3769= IFCPOLYLOOP((#2000,#2013,#2012));
#3770= IFCFACEOUTERBOUND(#3769,.T.);
#3771= IFCFACE((#3770));
#3772= IFCPOLYLOOP((#2001,#1991,#2003));
#3773= IFCFACEOUTERBOUND(#3772,.T.);
#3774= IFCFACE((#3773));
#3775= IFCPOLYLOOP((#2001,#2003,#2013));
#3776= IFCFACEOUTERBOUND(#3775,.T.);
#3777= IFCFACE((#3776));
#3778= IFCPOLYLOOP((#2003,#2002,#2014));
#3779= IFCFACEOUTERBOUND(#3778,.T.);
#3780= IFCFACE((#3779));
#3781= IFCPOLYLOOP((#2003,#2014,#2015));
#3782= IFCFACEOUTERBOUND(#3781,.T.);
#3783= IFCFACE((#3782));
#3784= IFCPOLYLOOP((#2002,#2004,#2016));
#3785= IFCFACEOUTERBOUND(#3784,.T.);
#3786= IFCFACE((#3785));
#3787= IFCPOLYLOOP((#2002,#2016,#2014));
#3788= IFCFACEOUTERBOUND(#3787,.T.);
#3789= IFCFACE((#3788));
#3790= IFCPOLYLOOP((#2004,#2005,#2017));
#3791= IFCFACEOUTERBOUND(#3790,.T.);
#3792= IFCFACE((#3791));
#3793= IFCPOLYLOOP((#2004,#2017,#2016));
#3794= IFCFACEOUTERBOUND(#3793,.T.);
#3795= IFCFACE((#3794));
#3796= IFCPOLYLOOP((#2005,#2006,#2018));
#3797= IFCFACEOUTERBOUND(#3796,.T.);
#3798= IFCFACE((#3797));
#3799= IFCPOLYLOOP((#2005,#2018,#2017));
#3800= IFCFACEOUTERBOUND(#3799,.T.);
#3801= IFCFACE((#3800));
#3802= IFCPOLYLOOP((#2006,#2007,#2019));
#3803= IFCFACEOUTERBOUND(#3802,.T.);
#3804= IFCFACE((#3803));
#3805= IFCPOLYLOOP((#2006,#2019,#2018));
#3806= IFCFACEOUTERBOUND(#3805,.T.);
#3807= IFCFACE((#3806));
#3808= IFCPOLYLOOP((#2007,#2008,#2020));
#3809= IFCFACEOUTERBOUND(#3808,.T.);
#3810= IFCFACE((#3809));
#3811= IFCPOLYLOOP((#2007,#2020,#2019));
#3812= IFCFACEOUTERBOUND(#3811,.T.);
#3813= IFCFACE((#3812));
#3814= IFCPOLYLOOP((#2008,#2009,#2021));
#3815= IFCFACEOUTERBOUND(#3814,.T.);
#3816= IFCFACE((#3815));
#3817= IFCPOLYLOOP((#2008,#2021,#2020));
#3818= IFCFACEOUTERBOUND(#3817,.T.);
#3819= IFCFACE((#3818));
#3820= IFCPOLYLOOP((#2009,#2010,#2022));
#3821= IFCFACEOUTERBOUND(#3820,.T.);
#3822= IFCFACE((#3821));
#3823= IFCPOLYLOOP((#2009,#2022,#2021));
#3824= IFCFACEOUTERBOUND(#3823,.T.);
#3825= IFCFACE((#3824));
#3826= IFCPOLYLOOP((#2010,#2011,#2023));
#3827= IFCFACEOUTERBOUND(#3826,.T.);
#3828= IFCFACE((#3827));
#3829= IFCPOLYLOOP((#2010,#2023,#2022));
#3830= IFCFACEOUTERBOUND(#3829,.T.);
#3831= IFCFACE((#3830));
#3832= IFCPOLYLOOP((#2011,#2012,#2024));
#3833= IFCFACEOUTERBOUND(#3832,.T.);
#3834= IFCFACE((#3833));
#3835= IFCPOLYLOOP((#2011,#2024,#2023));
#3836= IFCFACEOUTERBOUND(#3835,.T.);
#3837= IFCFACE((#3836));
#3838= IFCPOLYLOOP((#2012,#2013,#2025));
#3839= IFCFACEOUTERBOUND(#3838,.T.);
#3840= IFCFACE((#3839));
#3841= IFCPOLYLOOP((#2012,#2025,#2024));
#3842= IFCFACEOUTERBOUND(#3841,.T.);
#3843= IFCFACE((#3842));
#3844= IFCPOLYLOOP((#2013,#2003,#2015));
#3845= IFCFACEOUTERBOUND(#3844,.T.);
#3846= IFCFACE((#3845));
#3847= IFCPOLYLOOP((#2013,#2015,#2025));
#3848= IFCFACEOUTERBOUND(#3847,.T.);
#3849= IFCFACE((#3848));
#3850= IFCPOLYLOOP((#2015,#2014,#2026));
#3851= IFCFACEOUTERBOUND(#3850,.T.);
#3852= IFCFACE((#3851));
#3853= IFCPOLYLOOP((#2015,#2026,#2027));
#3854= IFCFACEOUTERBOUND(#3853,.T.);
#3855= IFCFACE((#3854));
#3856= IFCPOLYLOOP((#2014,#2016,#2028));
#3857= IFCFACEOUTERBOUND(#3856,.T.);
#3858= IFCFACE((#3857));
#3859= IFCPOLYLOOP((#2014,#2028,#2026));
#3860= IFCFACEOUTERBOUND(#3859,.T.);
#3861= IFCFACE((#3860));
#3862= IFCPOLYLOOP((#2016,#2017,#2029));
#3863= IFCFACEOUTERBOUND(#3862,.T.);
#3864= IFCFACE((#3863));
#3865= IFCPOLYLOOP((#2016,#2029,#2028));
#3866= IFCFACEOUTERBOUND(#3865,.T.);
#3867= IFCFACE((#3866));
#3868= IFCPOLYLOOP((#2017,#2018,#2030));
#3869= IFCFACEOUTERBOUND(#3868,.T.);
#3870= IFCFACE((#3869));
#3871= IFCPOLYLOOP((#2017,#2030,#2029));
#3872= IFCFACEOUTERBOUND(#3871,.T.);
#3873= IFCFACE((#3872));
#3874= IFCPOLYLOOP((#2018,#2019,#2031));
#3875= IFCFACEOUTERBOUND(#3874,.T.);
#3876= IFCFACE((#3875));
#3877= IFCPOLYLOOP((#2018,#2031,#2030));
#3878= IFCFACEOUTERBOUND(#3877,.T.);
#3879= IFCFACE((#3878));
#3880= IFCPOLYLOOP((#2019,#2020,#2032));
#3881= IFCFACEOUTERBOUND(#3880,.T.);
#3882= IFCFACE((#3881));
#3883= IFCPOLYLOOP((#2019,#2032,#2031));
#3884= IFCFACEOUTERBOUND(#3883,.T.);
#3885= IFCFACE((#3884));
#3886= IFCPOLYLOOP((#2020,#2021,#2033));
#3887= IFCFACEOUTERBOUND(#3886,.T.);
#3888= IFCFACE((#3887));
#3889= IFCPOLYLOOP((#2020,#2033,#2032));
#3890= IFCFACEOUTERBOUND(#3889,.T.);
#3891= IFCFACE((#3890));
#3892= IFCPOLYLOOP((#2021,#2022,#2034));
#3893= IFCFACEOUTERBOUND(#3892,.T.);
#3894= IFCFACE((#3893));
#3895= IFCPOLYLOOP((#2021,#2034,#2033));
#3896= IFCFACEOUTERBOUND(#3895,.T.);
#3897= IFCFACE((#3896));
#3898= IFCPOLYLOOP((#2022,#2023,#2035));
#3899= IFCFACEOUTERBOUND(#3898,.T.);
#3900= IFCFACE((#3899));
#3901= IFCPOLYLOOP((#2022,#2035,#2034));
#3902= IFCFACEOUTERBOUND(#3901,.T.);
#3903= IFCFACE((#3902));
#3904= IFCPOLYLOOP((#2023,#2024,#2036));
#3905= IFCFACEOUTERBOUND(#3904,.T.);
#3906= IFCFACE((#3905));
#3907= IFCPOLYLOOP((#2023,#2036,#2035));
#3908= IFCFACEOUTERBOUND(#3907,.T.);
#3909= IFCFACE((#3908));
#3910= IFCPOLYLOOP((#2024,#2025,#2037));
#3911= IFCFACEOUTERBOUND(#3910,.T.);
#3912= IFCFACE((#3911));
#3913= IFCPOLYLOOP((#2024,#2037,#2036));
#3914= IFCFACEOUTERBOUND(#3913,.T.);
#3915= IFCFACE((#3914));
#3916= IFCPOLYLOOP((#2025,#2015,#2027));
#3917= IFCFACEOUTERBOUND(#3916,.T.);
#3918= IFCFACE((#3917));
#3919= IFCPOLYLOOP((#2025,#2027,#2037));
#3920= IFCFACEOUTERBOUND(#3919,.T.);
#3921= IFCFACE((#3920));
#3922= IFCPOLYLOOP((#2027,#2026,#2038));
#3923= IFCFACEOUTERBOUND(#3922,.T.);
#3924= IFCFACE((#3923));
#3925= IFCPOLYLOOP((#2027,#2038,#2039));
#3926= IFCFACEOUTERBOUND(#3925,.T.);
#3927= IFCFACE((#3926));
#3928= IFCPOLYLOOP((#2026,#2028,#2040));
#3929= IFCFACEOUTERBOUND(#3928,.T.);
#3930= IFCFACE((#3929));
#3931= IFCPOLYLOOP((#2026,#2040,#2038));
#3932= IFCFACEOUTERBOUND(#3931,.T.);
#3933= IFCFACE((#3932));
#3934= IFCPOLYLOOP((#2028,#2029,#2041));
#3935= IFCFACEOUTERBOUND(#3934,.T.);
#3936= IFCFACE((#3935));
#3937= IFCPOLYLOOP((#2028,#2041,#2040));
#3938= IFCFACEOUTERBOUND(#3937,.T.);
#3939= IFCFACE((#3938));
#3940= IFCPOLYLOOP((#2029,#2030,#2042));
#3941= IFCFACEOUTERBOUND(#3940,.T.);
#3942= IFCFACE((#3941));
#3943= IFCPOLYLOOP((#2029,#2042,#2041));
#3944= IFCFACEOUTERBOUND(#3943,.T.);
#3945= IFCFACE((#3944));
#3946= IFCPOLYLOOP((#2030,#2031,#2043));
#3947= IFCFACEOUTERBOUND(#3946,.T.);
#3948= IFCFACE((#3947));
#3949= IFCPOLYLOOP((#2030,#2043,#2042));
#3950= IFCFACEOUTERBOUND(#3949,.T.);
#3951= IFCFACE((#3950));
#3952= IFCPOLYLOOP((#2031,#2032,#2044));
#3953= IFCFACEOUTERBOUND(#3952,.T.);
#3954= IFCFACE((#3953));
#3955= IFCPOLYLOOP((#2031,#2044,#2043));
#3956= IFCFACEOUTERBOUND(#3955,.T.);
#3957= IFCFACE((#3956));
#3958= IFCPOLYLOOP((#2032,#2033,#2045));
#3959= IFCFACEOUTERBOUND(#3958,.T.);
#3960= IFCFACE((#3959));
#3961= IFCPOLYLOOP((#2032,#2045,#2044));
#3962= IFCFACEOUTERBOUND(#3961,.T.);
#3963= IFCFACE((#3962));
#3964= IFCPOLYLOOP((#2033,#2034,#2046));
#3965= IFCFACEOUTERBOUND(#3964,.T.);
#3966= IFCFACE((#3965));
#3967= IFCPOLYLOOP((#2033,#2046,#2045));
#3968= IFCFACEOUTERBOUND(#3967,.T.);
#3969= IFCFACE((#3968));
#3970= IFCPOLYLOOP((#2034,#2035,#2047));
#3971= IFCFACEOUTERBOUND(#3970,.T.);
#3972= IFCFACE((#3971));
#3973= IFCPOLYLOOP((#2034,#2047,#2046));
#3974= IFCFACEOUTERBOUND(#3973,.T.);
#3975= IFCFACE((#3974));
#3976= IFCPOLYLOOP((#2035,#2036,#2048));
#3977= IFCFACEOUTERBOUND(#3976,.T.);
#3978= IFCFACE((#3977));
#3979= IFCPOLYLOOP((#2035,#2048,#2047));
#3980= IFCFACEOUTERBOUND(#3979,.T.);
#3981= IFCFACE((#3980));
#3982= IFCPOLYLOOP((#2036,#2037,#2049));
#3983= IFCFACEOUTERBOUND(#3982,.T.);
#3984= IFCFACE((#3983));
#3985= IFCPOLYLOOP((#2036,#2049,#2048));
#3986= IFCFACEOUTERBOUND(#3985,.T.);
#3987= IFCFACE((#3986));
#3988= IFCPOLYLOOP((#2037,#2027,#2039));
#3989= IFCFACEOUTERBOUND(#3988,.T.);
#3990= IFCFACE((#3989));
#3991= IFCPOLYLOOP((#2037,#2039,#2049));
#3992= IFCFACEOUTERBOUND(#3991,.T.);
#3993= IFCFACE((#3992));
#3994= IFCPOLYLOOP((#2039,#2038,#2050));
#3995= IFCFACEOUTERBOUND(#3994,.T.);
#3996= IFCFACE((#3995));
#3997= IFCPOLYLOOP((#2039,#2050,#2051));
#3998= IFCFACEOUTERBOUND(#3997,.T.);
#3999= IFCFACE((#3998));
#4000= IFCPOLYLOOP((#2038,#2040,#2052));
#4001= IFCFACEOUTERBOUND(#4000,.T.);
#4002= IFCFACE((#4001));
#4003= IFCPOLYLOOP((#2038,#2052,#2050));
#4004= IFCFACEOUTERBOUND(#4003,.T.);
#4005= IFCFACE((#4004));
#4006= IFCPOLYLOOP((#2040,#2041,#2053));
#4007= IFCFACEOUTERBOUND(#4006,.T.);
#4008= IFCFACE((#4007));
#4009= IFCPOLYLOOP((#2040,#2053,#2052));
#4010= IFCFACEOUTERBOUND(#4009,.T.);
#4011= IFCFACE((#4010));
#4012= IFCPOLYLOOP((#2041,#2042,#2054));
#4013= IFCFACEOUTERBOUND(#4012,.T.);
#4014= IFCFACE((#4013));
#4015= IFCPOLYLOOP((#2041,#2054,#2053));
#4016= IFCFACEOUTERBOUND(#4015,.T.);
#4017= IFCFACE((#4016));
#4018= IFCPOLYLOOP((#2042,#2043,#2055));
#4019= IFCFACEOUTERBOUND(#4018,.T.);
#4020= IFCFACE((#4019));
#4021= IFCPOLYLOOP((#2042,#2055,#2054));
#4022= IFCFACEOUTERBOUND(#4021,.T.);
#4023= IFCFACE((#4022));
#4024= IFCPOLYLOOP((#2043,#2044,#2056));
#4025= IFCFACEOUTERBOUND(#4024,.T.);
#4026= IFCFACE((#4025));
#4027= IFCPOLYLOOP((#2043,#2056,#2055));
#4028= IFCFACEOUTERBOUND(#4027,.T.);
#4029= IFCFACE((#4028));
#4030= IFCPOLYLOOP((#2044,#2045,#2057));
#4031= IFCFACEOUTERBOUND(#4030,.T.);
#4032= IFCFACE((#4031));
#4033= IFCPOLYLOOP((#2044,#2057,#2056));
#4034= IFCFACEOUTERBOUND(#4033,.T.);
#4035= IFCFACE((#4034));
#4036= IFCPOLYLOOP((#2045,#2046,#2058));
#4037= IFCFACEOUTERBOUND(#4036,.T.);
#4038= IFCFACE((#4037));
#4039= IFCPOLYLOOP((#2045,#2058,#2057));
#4040= IFCFACEOUTERBOUND(#4039,.T.);
#4041= IFCFACE((#4040));
#4042= IFCPOLYLOOP((#2046,#2047,#2059));
#4043= IFCFACEOUTERBOUND(#4042,.T.);
#4044= IFCFACE((#4043));
#4045= IFCPOLYLOOP((#2046,#2059,#2058));
#4046= IFCFACEOUTERBOUND(#4045,.T.);
#4047= IFCFACE((#4046));
#4048= IFCPOLYLOOP((#2047,#2048,#2060));
#4049= IFCFACEOUTERBOUND(#4048,.T.);
#4050= IFCFACE((#4049));
#4051= IFCPOLYLOOP((#2047,#2060,#2059));
#4052= IFCFACEOUTERBOUND(#4051,.T.);
#4053= IFCFACE((#4052));
#4054= IFCPOLYLOOP((#2048,#2049,#2061));
#4055= IFCFACEOUTERBOUND(#4054,.T.);
#4056= IFCFACE((#4055));
#4057= IFCPOLYLOOP((#2048,#2061,#2060));
#4058= IFCFACEOUTERBOUND(#4057,.T.);
#4059= IFCFACE((#4058));
#4060= IFCPOLYLOOP((#2049,#2039,#2051));
#4061= IFCFACEOUTERBOUND(#4060,.T.);
#4062= IFCFACE((#4061));
#4063= IFCPOLYLOOP((#2049,#2051,#2061));
#4064= IFCFACEOUTERBOUND(#4063,.T.);
#4065= IFCFACE((#4064));
#4066= IFCPOLYLOOP((#2051,#2050,#2062));
#4067= IFCFACEOUTERBOUND(#4066,.T.);
#4068= IFCFACE((#4067));
#4069= IFCPOLYLOOP((#2051,#2062,#2063));
#4070= IFCFACEOUTERBOUND(#4069,.T.);
#4071= IFCFACE((#4070));
#4072= IFCPOLYLOOP((#2050,#2052,#2064));
#4073= IFCFACEOUTERBOUND(#4072,.T.);
#4074= IFCFACE((#4073));
#4075= IFCPOLYLOOP((#2050,#2064,#2062));
#4076= IFCFACEOUTERBOUND(#4075,.T.);
#4077= IFCFACE((#4076));
#4078= IFCPOLYLOOP((#2052,#2053,#2065));
#4079= IFCFACEOUTERBOUND(#4078,.T.);
#4080= IFCFACE((#4079));
#4081= IFCPOLYLOOP((#2052,#2065,#2064));
#4082= IFCFACEOUTERBOUND(#4081,.T.);
#4083= IFCFACE((#4082));
#4084= IFCPOLYLOOP((#2053,#2054,#2066));
#4085= IFCFACEOUTERBOUND(#4084,.T.);
#4086= IFCFACE((#4085));
#4087= IFCPOLYLOOP((#2053,#2066,#2065));
#4088= IFCFACEOUTERBOUND(#4087,.T.);
#4089= IFCFACE((#4088));
#4090= IFCPOLYLOOP((#2054,#2055,#2067));
#4091= IFCFACEOUTERBOUND(#4090,.T.);
#4092= IFCFACE((#4091));
#4093= IFCPOLYLOOP((#2054,#2067,#2066));
#4094= IFCFACEOUTERBOUND(#4093,.T.);
#4095= IFCFACE((#4094));
#4096= IFCPOLYLOOP((#2055,#2056,#2068));
#4097= IFCFACEOUTERBOUND(#4096,.T.);
#4098= IFCFACE((#4097));
#4099= IFCPOLYLOOP((#2055,#2068,#2067));
#4100= IFCFACEOUTERBOUND(#4099,.T.);
#4101= IFCFACE((#4100));
#4102= IFCPOLYLOOP((#2056,#2057,#2069));
#4103= IFCFACEOUTERBOUND(#4102,.T.);
#4104= IFCFACE((#4103));
#4105= IFCPOLYLOOP((#2056,#2069,#2068));
#4106= IFCFACEOUTERBOUND(#4105,.T.);
#4107= IFCFACE((#4106));
#4108= IFCPOLYLOOP((#2057,#2058,#2070));
#4109= IFCFACEOUTERBOUND(#4108,.T.);
#4110= IFCFACE((#4109));
#4111= IFCPOLYLOOP((#2057,#2070,#2069));
#4112= IFCFACEOUTERBOUND(#4111,.T.);
#4113= IFCFACE((#4112));
#4114= IFCPOLYLOOP((#2058,#2059,#2071));
#4115= IFCFACEOUTERBOUND(#4114,.T.);
#4116= IFCFACE((#4115));
#4117= IFCPOLYLOOP((#2058,#2071,#2070));
#4118= IFCFACEOUTERBOUND(#4117,.T.);
#4119= IFCFACE((#4118));
#4120= IFCPOLYLOOP((#2059,#2060,#2072));
#4121= IFCFACEOUTERBOUND(#4120,.T.);
#4122= IFCFACE((#4121));
#4123= IFCPOLYLOOP((#2059,#2072,#2071));
#4124= IFCFACEOUTERBOUND(#4123,.T.);
#4125= IFCFACE((#4124));
#4126= IFCPOLYLOOP((#2060,#2061,#2073));
#4127= IFCFACEOUTERBOUND(#4126,.T.);
#4128= IFCFACE((#4127));
#4129= IFCPOLYLOOP((#2060,#2073,#2072));
#4130= IFCFACEOUTERBOUND(#4129,.T.);
#4131= IFCFACE((#4130));
#4132= IFCPOLYLOOP((#2061,#2051,#2063));
#4133= IFCFACEOUTERBOUND(#4132,.T.);
#4134= IFCFACE((#4133));
#4135= IFCPOLYLOOP((#2061,#2063,#2073));
#4136= IFCFACEOUTERBOUND(#4135,.T.);
#4137= IFCFACE((#4136));
#4138= IFCPOLYLOOP((#2063,#2062,#2074));
#4139= IFCFACEOUTERBOUND(#4138,.T.);
#4140= IFCFACE((#4139));
#4141= IFCPOLYLOOP((#2063,#2074,#2075));
#4142= IFCFACEOUTERBOUND(#4141,.T.);
#4143= IFCFACE((#4142));
#4144= IFCPOLYLOOP((#2062,#2064,#2076));
#4145= IFCFACEOUTERBOUND(#4144,.T.);
#4146= IFCFACE((#4145));
#4147= IFCPOLYLOOP((#2062,#2076,#2074));
#4148= IFCFACEOUTERBOUND(#4147,.T.);
#4149= IFCFACE((#4148));
#4150= IFCPOLYLOOP((#2064,#2065,#2077));
#4151= IFCFACEOUTERBOUND(#4150,.T.);
#4152= IFCFACE((#4151));
#4153= IFCPOLYLOOP((#2064,#2077,#2076));
#4154= IFCFACEOUTERBOUND(#4153,.T.);
#4155= IFCFACE((#4154));
#4156= IFCPOLYLOOP((#2065,#2066,#2078));
#4157= IFCFACEOUTERBOUND(#4156,.T.);
#4158= IFCFACE((#4157));
#4159= IFCPOLYLOOP((#2065,#2078,#2077));
#4160= IFCFACEOUTERBOUND(#4159,.T.);
#4161= IFCFACE((#4160));
#4162= IFCPOLYLOOP((#2066,#2067,#2079));
#4163= IFCFACEOUTERBOUND(#4162,.T.);
#4164= IFCFACE((#4163));
#4165= IFCPOLYLOOP((#2066,#2079,#2078));
#4166= IFCFACEOUTERBOUND(#4165,.T.);
#4167= IFCFACE((#4166));
#4168= IFCPOLYLOOP((#2067,#2068,#2080));
#4169= IFCFACEOUTERBOUND(#4168,.T.);
#4170= IFCFACE((#4169));
#4171= IFCPOLYLOOP((#2067,#2080,#2079));
#4172= IFCFACEOUTERBOUND(#4171,.T.);
#4173= IFCFACE((#4172));
#4174= IFCPOLYLOOP((#2068,#2069,#2081));
#4175= IFCFACEOUTERBOUND(#4174,.T.);
#4176= IFCFACE((#4175));
#4177= IFCPOLYLOOP((#2068,#2081,#2080));
#4178= IFCFACEOUTERBOUND(#4177,.T.);
#4179= IFCFACE((#4178));
#4180= IFCPOLYLOOP((#2069,#2070,#2082));
#4181= IFCFACEOUTERBOUND(#4180,.T.);
#4182= IFCFACE((#4181));
#4183= IFCPOLYLOOP((#2069,#2082,#2081));
#4184= IFCFACEOUTERBOUND(#4183,.T.);
#4185= IFCFACE((#4184));
#4186= IFCPOLYLOOP((#2070,#2071,#2083));
#4187= IFCFACEOUTERBOUND(#4186,.T.);
#4188= IFCFACE((#4187));
#4189= IFCPOLYLOOP((#2070,#2083,#2082));
#4190= IFCFACEOUTERBOUND(#4189,.T.);
#4191= IFCFACE((#4190));
#4192= IFCPOLYLOOP((#2071,#2072,#2084));
#4193= IFCFACEOUTERBOUND(#4192,.T.);
#4194= IFCFACE((#4193));
#4195= IFCPOLYLOOP((#2071,#2084,#2083));
#4196= IFCFACEOUTERBOUND(#4195,.T.);
#4197= IFCFACE((#4196));
#4198= IFCPOLYLOOP((#2072,#2073,#2085));
#4199= IFCFACEOUTERBOUND(#4198,.T.);
#4200= IFCFACE((#4199));
#4201= IFCPOLYLOOP((#2072,#2085,#2084));
#4202= IFCFACEOUTERBOUND(#4201,.T.);
#4203= IFCFACE((#4202));
#4204= IFCPOLYLOOP((#2073,#2063,#2075));
#4205= IFCFACEOUTERBOUND(#4204,.T.);
#4206= IFCFACE((#4205));
#4207= IFCPOLYLOOP((#2073,#2075,#2085));
#4208= IFCFACEOUTERBOUND(#4207,.T.);
#4209= IFCFACE((#4208));
#4210= IFCPOLYLOOP((#2075,#2074,#2086));
#4211= IFCFACEOUTERBOUND(#4210,.T.);
#4212= IFCFACE((#4211));
#4213= IFCPOLYLOOP((#2075,#2086,#2087));
#4214= IFCFACEOUTERBOUND(#4213,.T.);
#4215= IFCFACE((#4214));
#4216= IFCPOLYLOOP((#2074,#2076,#2088));
#4217= IFCFACEOUTERBOUND(#4216,.T.);
#4218= IFCFACE((#4217));
#4219= IFCPOLYLOOP((#2074,#2088,#2086));
#4220= IFCFACEOUTERBOUND(#4219,.T.);
#4221= IFCFACE((#4220));
#4222= IFCPOLYLOOP((#2076,#2077,#2089));
#4223= IFCFACEOUTERBOUND(#4222,.T.);
#4224= IFCFACE((#4223));
#4225= IFCPOLYLOOP((#2076,#2089,#2088));
#4226= IFCFACEOUTERBOUND(#4225,.T.);
#4227= IFCFACE((#4226));
#4228= IFCPOLYLOOP((#2077,#2078,#2090));
#4229= IFCFACEOUTERBOUND(#4228,.T.);
#4230= IFCFACE((#4229));
#4231= IFCPOLYLOOP((#2077,#2090,#2089));
#4232= IFCFACEOUTERBOUND(#4231,.T.);
#4233= IFCFACE((#4232));
#4234= IFCPOLYLOOP((#2078,#2079,#2091));
#4235= IFCFACEOUTERBOUND(#4234,.T.);
#4236= IFCFACE((#4235));
#4237= IFCPOLYLOOP((#2078,#2091,#2090));
#4238= IFCFACEOUTERBOUND(#4237,.T.);
#4239= IFCFACE((#4238));
#4240= IFCPOLYLOOP((#2079,#2080,#2092));
#4241= IFCFACEOUTERBOUND(#4240,.T.);
#4242= IFCFACE((#4241));
#4243= IFCPOLYLOOP((#2079,#2092,#2091));
#4244= IFCFACEOUTERBOUND(#4243,.T.);
#4245= IFCFACE((#4244));
#4246= IFCPOLYLOOP((#2080,#2081,#2093));
#4247= IFCFACEOUTERBOUND(#4246,.T.);
#4248= IFCFACE((#4247));
#4249= IFCPOLYLOOP((#2080,#2093,#2092));
#4250= IFCFACEOUTERBOUND(#4249,.T.);
#4251= IFCFACE((#4250));
#4252= IFCPOLYLOOP((#2081,#2082,#2094));
#4253= IFCFACEOUTERBOUND(#4252,.T.);
#4254= IFCFACE((#4253));
#4255= IFCPOLYLOOP((#2081,#2094,#2093));
#4256= IFCFACEOUTERBOUND(#4255,.T.);
#4257= IFCFACE((#4256));
#4258= IFCPOLYLOOP((#2082,#2083,#2095));
#4259= IFCFACEOUTERBOUND(#4258,.T.);
#4260= IFCFACE((#4259));
#4261= IFCPOLYLOOP((#2082,#2095,#2094));
#4262= IFCFACEOUTERBOUND(#4261,.T.);
#4263= IFCFACE((#4262));
#4264= IFCPOLYLOOP((#2083,#2084,#2096));
#4265= IFCFACEOUTERBOUND(#4264,.T.);
#4266= IFCFACE((#4265));
#4267= IFCPOLYLOOP((#2083,#2096,#2095));
#4268= IFCFACEOUTERBOUND(#4267,.T.);
#4269= IFCFACE((#4268));
#4270= IFCPOLYLOOP((#2084,#2085,#2097));
#4271= IFCFACEOUTERBOUND(#4270,.T.);
#4272= IFCFACE((#4271));
#4273= IFCPOLYLOOP((#2084,#2097,#2096));
#4274= IFCFACEOUTERBOUND(#4273,.T.);
#4275= IFCFACE((#4274));
#4276= IFCPOLYLOOP((#2085,#2075,#2087));
#4277= IFCFACEOUTERBOUND(#4276,.T.);
#4278= IFCFACE((#4277));
#4279= IFCPOLYLOOP((#2085,#2087,#2097));
#4280= IFCFACEOUTERBOUND(#4279,.T.);
#4281= IFCFACE((#4280));
#4282= IFCPOLYLOOP((#2087,#2086,#2098));
#4283= IFCFACEOUTERBOUND(#4282,.T.);
#4284= IFCFACE((#4283));
#4285= IFCPOLYLOOP((#2087,#2098,#2099));
#4286= IFCFACEOUTERBOUND(#4285,.T.);
#4287= IFCFACE((#4286));
#4288= IFCPOLYLOOP((#2086,#2088,#2100));
#4289= IFCFACEOUTERBOUND(#4288,.T.);
#4290= IFCFACE((#4289));
#4291= IFCPOLYLOOP((#2086,#2100,#2098));
#4292= IFCFACEOUTERBOUND(#4291,.T.);
#4293= IFCFACE((#4292));
#4294= IFCPOLYLOOP((#2088,#2089,#2101));
#4295= IFCFACEOUTERBOUND(#4294,.T.);
#4296= IFCFACE((#4295));
#4297= IFCPOLYLOOP((#2088,#2101,#2100));
#4298= IFCFACEOUTERBOUND(#4297,.T.);
#4299= IFCFACE((#4298));
#4300= IFCPOLYLOOP((#2089,#2090,#2102));
#4301= IFCFACEOUTERBOUND(#4300,.T.);
#4302= IFCFACE((#4301));
#4303= IFCPOLYLOOP((#2089,#2102,#2101));
#4304= IFCFACEOUTERBOUND(#4303,.T.);
#4305= IFCFACE((#4304));
#4306= IFCPOLYLOOP((#2090,#2091,#2103));
#4307= IFCFACEOUTERBOUND(#4306,.T.);
#4308= IFCFACE((#4307));
#4309= IFCPOLYLOOP((#2090,#2103,#2102));
#4310= IFCFACEOUTERBOUND(#4309,.T.);
#4311= IFCFACE((#4310));
#4312= IFCPOLYLOOP((#2091,#2092,#2104));
#4313= IFCFACEOUTERBOUND(#4312,.T.);
#4314= IFCFACE((#4313));
#4315= IFCPOLYLOOP((#2091,#2104,#2103));
#4316= IFCFACEOUTERBOUND(#4315,.T.);
#4317= IFCFACE((#4316));
#4318= IFCPOLYLOOP((#2092,#2093,#2105));
#4319= IFCFACEOUTERBOUND(#4318,.T.);
#4320= IFCFACE((#4319));
#4321= IFCPOLYLOOP((#2092,#2105,#2104));
#4322= IFCFACEOUTERBOUND(#4321,.T.);
#4323= IFCFACE((#4322));
#4324= IFCPOLYLOOP((#2093,#2094,#2106));
#4325= IFCFACEOUTERBOUND(#4324,.T.);
#4326= IFCFACE((#4325));
#4327= IFCPOLYLOOP((#2093,#2106,#2105));
#4328= IFCFACEOUTERBOUND(#4327,.T.);
#4329= IFCFACE((#4328));
#4330= IFCPOLYLOOP((#2094,#2095,#2107));
#4331= IFCFACEOUTERBOUND(#4330,.T.);
#4332= IFCFACE((#4331));
#4333= IFCPOLYLOOP((#2094,#2107,#2106));
#4334= IFCFACEOUTERBOUND(#4333,.T.);
#4335= IFCFACE((#4334));
#4336= IFCPOLYLOOP((#2095,#2096,#2108));
#4337= IFCFACEOUTERBOUND(#4336,.T.);
#4338= IFCFACE((#4337));
#4339= IFCPOLYLOOP((#2095,#2108,#2107));
#4340= IFCFACEOUTERBOUND(#4339,.T.);
#4341= IFCFACE((#4340));
#4342= IFCPOLYLOOP((#2096,#2097,#2109));
#4343= IFCFACEOUTERBOUND(#4342,.T.);
#4344= IFCFACE((#4343));
#4345= IFCPOLYLOOP((#2096,#2109,#2108));
#4346= IFCFACEOUTERBOUND(#4345,.T.);
#4347= IFCFACE((#4346));
#4348= IFCPOLYLOOP((#2097,#2087,#2099));
#4349= IFCFACEOUTERBOUND(#4348,.T.);
#4350= IFCFACE((#4349));
#4351= IFCPOLYLOOP((#2097,#2099,#2109));
#4352= IFCFACEOUTERBOUND(#4351,.T.);
#4353= IFCFACE((#4352));
#4354= IFCPOLYLOOP((#2099,#2098,#2110));
#4355= IFCFACEOUTERBOUND(#4354,.T.);
#4356= IFCFACE((#4355));
#4357= IFCPOLYLOOP((#2099,#2110,#2111));
#4358= IFCFACEOUTERBOUND(#4357,.T.);
#4359= IFCFACE((#4358));
#4360= IFCPOLYLOOP((#2098,#2100,#2112));
#4361= IFCFACEOUTERBOUND(#4360,.T.);
#4362= IFCFACE((#4361));
#4363= IFCPOLYLOOP((#2098,#2112,#2110));
#4364= IFCFACEOUTERBOUND(#4363,.T.);
#4365= IFCFACE((#4364));
#4366= IFCPOLYLOOP((#2100,#2101,#2113));
#4367= IFCFACEOUTERBOUND(#4366,.T.);
#4368= IFCFACE((#4367));
#4369= IFCPOLYLOOP((#2100,#2113,#2112));
#4370= IFCFACEOUTERBOUND(#4369,.T.);
#4371= IFCFACE((#4370));
#4372= IFCPOLYLOOP((#2101,#2102,#2114));
#4373= IFCFACEOUTERBOUND(#4372,.T.);
#4374= IFCFACE((#4373));
#4375= IFCPOLYLOOP((#2101,#2114,#2113));
#4376= IFCFACEOUTERBOUND(#4375,.T.);
#4377= IFCFACE((#4376));
#4378= IFCPOLYLOOP((#2102,#2103,#2115));
#4379= IFCFACEOUTERBOUND(#4378,.T.);
#4380= IFCFACE((#4379));
#4381= IFCPOLYLOOP((#2102,#2115,#2114));
#4382= IFCFACEOUTERBOUND(#4381,.T.);
#4383= IFCFACE((#4382));
#4384= IFCPOLYLOOP((#2103,#2104,#2116));
#4385= IFCFACEOUTERBOUND(#4384,.T.);
#4386= IFCFACE((#4385));
#4387= IFCPOLYLOOP((#2103,#2116,#2115));
#4388= IFCFACEOUTERBOUND(#4387,.T.);
#4389= IFCFACE((#4388));
#4390= IFCPOLYLOOP((#2104,#2105,#2117));
#4391= IFCFACEOUTERBOUND(#4390,.T.);
#4392= IFCFACE((#4391));
#4393= IFCPOLYLOOP((#2104,#2117,#2116));
#4394= IFCFACEOUTERBOUND(#4393,.T.);
#4395= IFCFACE((#4394));
#4396= IFCPOLYLOOP((#2105,#2106,#2118));
#4397= IFCFACEOUTERBOUND(#4396,.T.);
#4398= IFCFACE((#4397));
#4399= IFCPOLYLOOP((#2105,#2118,#2117));
#4400= IFCFACEOUTERBOUND(#4399,.T.);
#4401= IFCFACE((#4400));
#4402= IFCPOLYLOOP((#2106,#2107,#2119));
#4403= IFCFACEOUTERBOUND(#4402,.T.);
#4404= IFCFACE((#4403));
#4405= IFCPOLYLOOP((#2106,#2119,#2118));
#4406= IFCFACEOUTERBOUND(#4405,.T.);
#4407= IFCFACE((#4406));
#4408= IFCPOLYLOOP((#2107,#2108,#2120));
#4409= IFCFACEOUTERBOUND(#4408,.T.);
#4410= IFCFACE((#4409));
#4411= IFCPOLYLOOP((#2107,#2120,#2119));
#4412= IFCFACEOUTERBOUND(#4411,.T.);
#4413= IFCFACE((#4412));
#4414= IFCPOLYLOOP((#2108,#2109,#2121));
#4415= IFCFACEOUTERBOUND(#4414,.T.);
#4416= IFCFACE((#4415));
#4417= IFCPOLYLOOP((#2108,#2121,#2120));
#4418= IFCFACEOUTERBOUND(#4417,.T.);
#4419= IFCFACE((#4418));
#4420= IFCPOLYLOOP((#2109,#2099,#2111));
#4421= IFCFACEOUTERBOUND(#4420,.T.);
#4422= IFCFACE((#4421));
#4423= IFCPOLYLOOP((#2109,#2111,#2121));
#4424= IFCFACEOUTERBOUND(#4423,.T.);
#4425= IFCFACE((#4424));
#4426= IFCPOLYLOOP((#2111,#2110,#2122));
#4427= IFCFACEOUTERBOUND(#4426,.T.);
#4428= IFCFACE((#4427));
#4429= IFCPOLYLOOP((#2111,#2122,#2123));
#4430= IFCFACEOUTERBOUND(#4429,.T.);
#4431= IFCFACE((#4430));
#4432= IFCPOLYLOOP((#2110,#2112,#2124));
#4433= IFCFACEOUTERBOUND(#4432,.T.);
#4434= IFCFACE((#4433));
#4435= IFCPOLYLOOP((#2110,#2124,#2122));
#4436= IFCFACEOUTERBOUND(#4435,.T.);
#4437= IFCFACE((#4436));
#4438= IFCPOLYLOOP((#2112,#2113,#2125));
#4439= IFCFACEOUTERBOUND(#4438,.T.);
#4440= IFCFACE((#4439));
#4441= IFCPOLYLOOP((#2112,#2125,#2124));
#4442= IFCFACEOUTERBOUND(#4441,.T.);
#4443= IFCFACE((#4442));
#4444= IFCPOLYLOOP((#2113,#2114,#2126));
#4445= IFCFACEOUTERBOUND(#4444,.T.);
#4446= IFCFACE((#4445));
#4447= IFCPOLYLOOP((#2113,#2126,#2125));
#4448= IFCFACEOUTERBOUND(#4447,.T.);
#4449= IFCFACE((#4448));
#4450= IFCPOLYLOOP((#2114,#2115,#2127));
#4451= IFCFACEOUTERBOUND(#4450,.T.);
#4452= IFCFACE((#4451));
#4453= IFCPOLYLOOP((#2114,#2127,#2126));
#4454= IFCFACEOUTERBOUND(#4453,.T.);
#4455= IFCFACE((#4454));
#4456= IFCPOLYLOOP((#2115,#2116,#2128));
#4457= IFCFACEOUTERBOUND(#4456,.T.);
#4458= IFCFACE((#4457));
#4459= IFCPOLYLOOP((#2115,#2128,#2127));
#4460= IFCFACEOUTERBOUND(#4459,.T.);
#4461= IFCFACE((#4460));
#4462= IFCPOLYLOOP((#2116,#2117,#2129));
#4463= IFCFACEOUTERBOUND(#4462,.T.);
#4464= IFCFACE((#4463));
#4465= IFCPOLYLOOP((#2116,#2129,#2128));
#4466= IFCFACEOUTERBOUND(#4465,.T.);
#4467= IFCFACE((#4466));
#4468= IFCPOLYLOOP((#2117,#2118,#2130));
#4469= IFCFACEOUTERBOUND(#4468,.T.);
#4470= IFCFACE((#4469));
#4471= IFCPOLYLOOP((#2117,#2130,#2129));
#4472= IFCFACEOUTERBOUND(#4471,.T.);
#4473= IFCFACE((#4472));
#4474= IFCPOLYLOOP((#2118,#2119,#2131));
#4475= IFCFACEOUTERBOUND(#4474,.T.);
#4476= IFCFACE((#4475));
#4477= IFCPOLYLOOP((#2118,#2131,#2130));
#4478= IFCFACEOUTERBOUND(#4477,.T.);
#4479= IFCFACE((#4478));
#4480= IFCPOLYLOOP((#2119,#2120,#2132));
#4481= IFCFACEOUTERBOUND(#4480,.T.);
#4482= IFCFACE((#4481));
#4483= IFCPOLYLOOP((#2119,#2132,#2131));
#4484= IFCFACEOUTERBOUND(#4483,.T.);
#4485= IFCFACE((#4484));
#4486= IFCPOLYLOOP((#2120,#2121,#2133));
#4487= IFCFACEOUTERBOUND(#4486,.T.);
#4488= IFCFACE((#4487));
#4489= IFCPOLYLOOP((#2120,#2133,#2132));
#4490= IFCFACEOUTERBOUND(#4489,.T.);
#4491= IFCFACE((#4490));
#4492= IFCPOLYLOOP((#2121,#2111,#2123));
#4493= IFCFACEOUTERBOUND(#4492,.T.);
#4494= IFCFACE((#4493));
#4495= IFCPOLYLOOP((#2121,#2123,#2133));
#4496= IFCFACEOUTERBOUND(#4495,.T.);
#4497= IFCFACE((#4496));
#4498= IFCPOLYLOOP((#2123,#2122,#2134));
#4499= IFCFACEOUTERBOUND(#4498,.T.);
#4500= IFCFACE((#4499));
#4501= IFCPOLYLOOP((#2123,#2134,#2135));
#4502= IFCFACEOUTERBOUND(#4501,.T.);
#4503= IFCFACE((#4502));
#4504= IFCPOLYLOOP((#2122,#2124,#2136));
#4505= IFCFACEOUTERBOUND(#4504,.T.);
#4506= IFCFACE((#4505));
#4507= IFCPOLYLOOP((#2122,#2136,#2134));
#4508= IFCFACEOUTERBOUND(#4507,.T.);
#4509= IFCFACE((#4508));
#4510= IFCPOLYLOOP((#2124,#2125,#2137));
#4511= IFCFACEOUTERBOUND(#4510,.T.);
#4512= IFCFACE((#4511));
#4513= IFCPOLYLOOP((#2124,#2137,#2136));
#4514= IFCFACEOUTERBOUND(#4513,.T.);
#4515= IFCFACE((#4514));
#4516= IFCPOLYLOOP((#2125,#2126,#2138));
#4517= IFCFACEOUTERBOUND(#4516,.T.);
#4518= IFCFACE((#4517));
#4519= IFCPOLYLOOP((#2125,#2138,#2137));
#4520= IFCFACEOUTERBOUND(#4519,.T.);
#4521= IFCFACE((#4520));
#4522= IFCPOLYLOOP((#2126,#2127,#2139));
#4523= IFCFACEOUTERBOUND(#4522,.T.);
#4524= IFCFACE((#4523));
#4525= IFCPOLYLOOP((#2126,#2139,#2138));
#4526= IFCFACEOUTERBOUND(#4525,.T.);
#4527= IFCFACE((#4526));
#4528= IFCPOLYLOOP((#2127,#2128,#2140));
#4529= IFCFACEOUTERBOUND(#4528,.T.);
#4530= IFCFACE((#4529));
#4531= IFCPOLYLOOP((#2127,#2140,#2139));
#4532= IFCFACEOUTERBOUND(#4531,.T.);
#4533= IFCFACE((#4532));
#4534= IFCPOLYLOOP((#2128,#2129,#2141));
#4535= IFCFACEOUTERBOUND(#4534,.T.);
#4536= IFCFACE((#4535));
#4537= IFCPOLYLOOP((#2128,#2141,#2140));
#4538= IFCFACEOUTERBOUND(#4537,.T.);
#4539= IFCFACE((#4538));
#4540= IFCPOLYLOOP((#2129,#2130,#2142));
#4541= IFCFACEOUTERBOUND(#4540,.T.);
#4542= IFCFACE((#4541));
#4543= IFCPOLYLOOP((#2129,#2142,#2141));
#4544= IFCFACEOUTERBOUND(#4543,.T.);
#4545= IFCFACE((#4544));
#4546= IFCPOLYLOOP((#2130,#2131,#2143));
#4547= IFCFACEOUTERBOUND(#4546,.T.);
#4548= IFCFACE((#4547));
#4549= IFCPOLYLOOP((#2130,#2143,#2142));
#4550= IFCFACEOUTERBOUND(#4549,.T.);
#4551= IFCFACE((#4550));
#4552= IFCPOLYLOOP((#2131,#2132,#2144));
#4553= IFCFACEOUTERBOUND(#4552,.T.);
#4554= IFCFACE((#4553));
#4555= IFCPOLYLOOP((#2131,#2144,#2143));
#4556= IFCFACEOUTERBOUND(#4555,.T.);
#4557= IFCFACE((#4556));
#4558= IFCPOLYLOOP((#2132,#2133,#2145));
#4559= IFCFACEOUTERBOUND(#4558,.T.);
#4560= IFCFACE((#4559));
#4561= IFCPOLYLOOP((#2132,#2145,#2144));
#4562= IFCFACEOUTERBOUND(#4561,.T.);
#4563= IFCFACE((#4562));
#4564= IFCPOLYLOOP((#2133,#2123,#2135));
#4565= IFCFACEOUTERBOUND(#4564,.T.);
#4566= IFCFACE((#4565));
#4567= IFCPOLYLOOP((#2133,#2135,#2145));
#4568= IFCFACEOUTERBOUND(#4567,.T.);
#4569= IFCFACE((#4568));
#4570= IFCPOLYLOOP((#2135,#2134,#2146));
#4571= IFCFACEOUTERBOUND(#4570,.T.);
#4572= IFCFACE((#4571));
#4573= IFCPOLYLOOP((#2135,#2146,#2147));
#4574= IFCFACEOUTERBOUND(#4573,.T.);
#4575= IFCFACE((#4574));
#4576= IFCPOLYLOOP((#2134,#2136,#2148));
#4577= IFCFACEOUTERBOUND(#4576,.T.);
#4578= IFCFACE((#4577));
#4579= IFCPOLYLOOP((#2134,#2148,#2146));
#4580= IFCFACEOUTERBOUND(#4579,.T.);
#4581= IFCFACE((#4580));
#4582= IFCPOLYLOOP((#2136,#2137,#2149));
#4583= IFCFACEOUTERBOUND(#4582,.T.);
#4584= IFCFACE((#4583));
#4585= IFCPOLYLOOP((#2136,#2149,#2148));
#4586= IFCFACEOUTERBOUND(#4585,.T.);
#4587= IFCFACE((#4586));
#4588= IFCPOLYLOOP((#2137,#2138,#2150));
#4589= IFCFACEOUTERBOUND(#4588,.T.);
#4590= IFCFACE((#4589));
#4591= IFCPOLYLOOP((#2137,#2150,#2149));
#4592= IFCFACEOUTERBOUND(#4591,.T.);
#4593= IFCFACE((#4592));
#4594= IFCPOLYLOOP((#2138,#2139,#2151));
#4595= IFCFACEOUTERBOUND(#4594,.T.);
#4596= IFCFACE((#4595));
#4597= IFCPOLYLOOP((#2138,#2151,#2150));
#4598= IFCFACEOUTERBOUND(#4597,.T.);
#4599= IFCFACE((#4598));
#4600= IFCPOLYLOOP((#2139,#2140,#2152));
#4601= IFCFACEOUTERBOUND(#4600,.T.);
#4602= IFCFACE((#4601));
#4603= IFCPOLYLOOP((#2139,#2152,#2151));
#4604= IFCFACEOUTERBOUND(#4603,.T.);
#4605= IFCFACE((#4604));
#4606= IFCPOLYLOOP((#2140,#2141,#2153));
#4607= IFCFACEOUTERBOUND(#4606,.T.);
#4608= IFCFACE((#4607));
#4609= IFCPOLYLOOP((#2140,#2153,#2152));
#4610= IFCFACEOUTERBOUND(#4609,.T.);
#4611= IFCFACE((#4610));
#4612= IFCPOLYLOOP((#2141,#2142,#2154));
#4613= IFCFACEOUTERBOUND(#4612,.T.);
#4614= IFCFACE((#4613));
#4615= IFCPOLYLOOP((#2141,#2154,#2153));
#4616= IFCFACEOUTERBOUND(#4615,.T.);
#4617= IFCFACE((#4616));
#4618= IFCPOLYLOOP((#2142,#2143,#2155));
#4619= IFCFACEOUTERBOUND(#4618,.T.);
#4620= IFCFACE((#4619));
#4621= IFCPOLYLOOP((#2142,#2155,#2154));
#4622= IFCFACEOUTERBOUND(#4621,.T.);
#4623= IFCFACE((#4622));
#4624= IFCPOLYLOOP((#2143,#2144,#2156));
#4625= IFCFACEOUTERBOUND(#4624,.T.);
#4626= IFCFACE((#4625));
#4627= IFCPOLYLOOP((#2143,#2156,#2155));
#4628= IFCFACEOUTERBOUND(#4627,.T.);
#4629= IFCFACE((#4628));
#4630= IFCPOLYLOOP((#2144,#2145,#2157));
#4631= IFCFACEOUTERBOUND(#4630,.T.);
#4632= IFCFACE((#4631));
#4633= IFCPOLYLOOP((#2144,#2157,#2156));
#4634= IFCFACEOUTERBOUND(#4633,.T.);
#4635= IFCFACE((#4634));
#4636= IFCPOLYLOOP((#2145,#2135,#2147));
#4637= IFCFACEOUTERBOUND(#4636,.T.);
#4638= IFCFACE((#4637));
#4639= IFCPOLYLOOP((#2145,#2147,#2157));
#4640= IFCFACEOUTERBOUND(#4639,.T.);
#4641= IFCFACE((#4640));
#4642= IFCPOLYLOOP((#2147,#2146,#2158));
#4643= IFCFACEOUTERBOUND(#4642,.T.);
#4644= IFCFACE((#4643));
#4645= IFCPOLYLOOP((#2147,#2158,#2159));
#4646= IFCFACEOUTERBOUND(#4645,.T.);
#4647= IFCFACE((#4646));
#4648= IFCPOLYLOOP((#2146,#2148,#2160));
#4649= IFCFACEOUTERBOUND(#4648,.T.);
#4650= IFCFACE((#4649));
#4651= IFCPOLYLOOP((#2146,#2160,#2158));
#4652= IFCFACEOUTERBOUND(#4651,.T.);
#4653= IFCFACE((#4652));
#4654= IFCPOLYLOOP((#2148,#2149,#2161));
#4655= IFCFACEOUTERBOUND(#4654,.T.);
#4656= IFCFACE((#4655));
#4657= IFCPOLYLOOP((#2148,#2161,#2160));
#4658= IFCFACEOUTERBOUND(#4657,.T.);
#4659= IFCFACE((#4658));
#4660= IFCPOLYLOOP((#2149,#2150,#2162));
#4661= IFCFACEOUTERBOUND(#4660,.T.);
#4662= IFCFACE((#4661));
#4663= IFCPOLYLOOP((#2149,#2162,#2161));
#4664= IFCFACEOUTERBOUND(#4663,.T.);
#4665= IFCFACE((#4664));
#4666= IFCPOLYLOOP((#2150,#2151,#2163));
#4667= IFCFACEOUTERBOUND(#4666,.T.);
#4668= IFCFACE((#4667));
#4669= IFCPOLYLOOP((#2150,#2163,#2162));
#4670= IFCFACEOUTERBOUND(#4669,.T.);
#4671= IFCFACE((#4670));
#4672= IFCPOLYLOOP((#2151,#2152,#2164));
#4673= IFCFACEOUTERBOUND(#4672,.T.);
#4674= IFCFACE((#4673));
#4675= IFCPOLYLOOP((#2151,#2164,#2163));
#4676= IFCFACEOUTERBOUND(#4675,.T.);
#4677= IFCFACE((#4676));
#4678= IFCPOLYLOOP((#2152,#2153,#2165));
#4679= IFCFACEOUTERBOUND(#4678,.T.);
#4680= IFCFACE((#4679));
#4681= IFCPOLYLOOP((#2152,#2165,#2164));
#4682= IFCFACEOUTERBOUND(#4681,.T.);
#4683= IFCFACE((#4682));
#4684= IFCPOLYLOOP((#2153,#2154,#2166));
#4685= IFCFACEOUTERBOUND(#4684,.T.);
#4686= IFCFACE((#4685));
#4687= IFCPOLYLOOP((#2153,#2166,#2165));
#4688= IFCFACEOUTERBOUND(#4687,.T.);
#4689= IFCFACE((#4688));
#4690= IFCPOLYLOOP((#2154,#2155,#2167));
#4691= IFCFACEOUTERBOUND(#4690,.T.);
#4692= IFCFACE((#4691));
#4693= IFCPOLYLOOP((#2154,#2167,#2166));
#4694= IFCFACEOUTERBOUND(#4693,.T.);
#4695= IFCFACE((#4694));
#4696= IFCPOLYLOOP((#2155,#2156,#2168));
#4697= IFCFACEOUTERBOUND(#4696,.T.);
#4698= IFCFACE((#4697));
#4699= IFCPOLYLOOP((#2155,#2168,#2167));
#4700= IFCFACEOUTERBOUND(#4699,.T.);
#4701= IFCFACE((#4700));
#4702= IFCPOLYLOOP((#2156,#2157,#2169));
#4703= IFCFACEOUTERBOUND(#4702,.T.);
#4704= IFCFACE((#4703));
#4705= IFCPOLYLOOP((#2156,#2169,#2168));
#4706= IFCFACEOUTERBOUND(#4705,.T.);
#4707= IFCFACE((#4706));
#4708= IFCPOLYLOOP((#2157,#2147,#2159));
#4709= IFCFACEOUTERBOUND(#4708,.T.);
#4710= IFCFACE((#4709));
#4711= IFCPOLYLOOP((#2157,#2159,#2169));
#4712= IFCFACEOUTERBOUND(#4711,.T.);
#4713= IFCFACE((#4712));
#4714= IFCPOLYLOOP((#2159,#2158,#2170));
#4715= IFCFACEOUTERBOUND(#4714,.T.);
#4716= IFCFACE((#4715));
#4717= IFCPOLYLOOP((#2159,#2170,#2171));
#4718= IFCFACEOUTERBOUND(#4717,.T.);
#4719= IFCFACE((#4718));
#4720= IFCPOLYLOOP((#2158,#2160,#2172));
#4721= IFCFACEOUTERBOUND(#4720,.T.);
#4722= IFCFACE((#4721));
#4723= IFCPOLYLOOP((#2158,#2172,#2170));
#4724= IFCFACEOUTERBOUND(#4723,.T.);
#4725= IFCFACE((#4724));
#4726= IFCPOLYLOOP((#2160,#2161,#2173));
#4727= IFCFACEOUTERBOUND(#4726,.T.);
#4728= IFCFACE((#4727));
#4729= IFCPOLYLOOP((#2160,#2173,#2172));
#4730= IFCFACEOUTERBOUND(#4729,.T.);
#4731= IFCFACE((#4730));
#4732= IFCPOLYLOOP((#2161,#2162,#2174));
#4733= IFCFACEOUTERBOUND(#4732,.T.);
#4734= IFCFACE((#4733));
#4735= IFCPOLYLOOP((#2161,#2174,#2173));
#4736= IFCFACEOUTERBOUND(#4735,.T.);
#4737= IFCFACE((#4736));
#4738= IFCPOLYLOOP((#2162,#2163,#2175));
#4739= IFCFACEOUTERBOUND(#4738,.T.);
#4740= IFCFACE((#4739));
#4741= IFCPOLYLOOP((#2162,#2175,#2174));
#4742= IFCFACEOUTERBOUND(#4741,.T.);
#4743= IFCFACE((#4742));
#4744= IFCPOLYLOOP((#2163,#2164,#2176));
#4745= IFCFACEOUTERBOUND(#4744,.T.);
#4746= IFCFACE((#4745));
#4747= IFCPOLYLOOP((#2163,#2176,#2175));
#4748= IFCFACEOUTERBOUND(#4747,.T.);
#4749= IFCFACE((#4748));
#4750= IFCPOLYLOOP((#2164,#2165,#2177));
#4751= IFCFACEOUTERBOUND(#4750,.T.);
#4752= IFCFACE((#4751));
#4753= IFCPOLYLOOP((#2164,#2177,#2176));
#4754= IFCFACEOUTERBOUND(#4753,.T.);
#4755= IFCFACE((#4754));
#4756= IFCPOLYLOOP((#2165,#2166,#2178));
#4757= IFCFACEOUTERBOUND(#4756,.T.);
#4758= IFCFACE((#4757));
#4759= IFCPOLYLOOP((#2165,#2178,#2177));
#4760= IFCFACEOUTERBOUND(#4759,.T.);
#4761= IFCFACE((#4760));
#4762= IFCPOLYLOOP((#2166,#2167,#2179));
#4763= IFCFACEOUTERBOUND(#4762,.T.);
#4764= IFCFACE((#4763));
#4765= IFCPOLYLOOP((#2166,#2179,#2178));
#4766= IFCFACEOUTERBOUND(#4765,.T.);
#4767= IFCFACE((#4766));
#4768= IFCPOLYLOOP((#2167,#2168,#2180));
#4769= IFCFACEOUTERBOUND(#4768,.T.);
#4770= IFCFACE((#4769));
#4771= IFCPOLYLOOP((#2167,#2180,#2179));
#4772= IFCFACEOUTERBOUND(#4771,.T.);
#4773= IFCFACE((#4772));
#4774= IFCPOLYLOOP((#2168,#2169,#2181));
#4775= IFCFACEOUTERBOUND(#4774,.T.);
#4776= IFCFACE((#4775));
#4777= IFCPOLYLOOP((#2168,#2181,#2180));
#4778= IFCFACEOUTERBOUND(#4777,.T.);
#4779= IFCFACE((#4778));
#4780= IFCPOLYLOOP((#2169,#2159,#2171));
#4781= IFCFACEOUTERBOUND(#4780,.T.);
#4782= IFCFACE((#4781));
#4783= IFCPOLYLOOP((#2169,#2171,#2181));
#4784= IFCFACEOUTERBOUND(#4783,.T.);
#4785= IFCFACE((#4784));
#4786= IFCPOLYLOOP((#2171,#2170,#2182));
#4787= IFCFACEOUTERBOUND(#4786,.T.);
#4788= IFCFACE((#4787));
#4789= IFCPOLYLOOP((#2171,#2182,#2183));
#4790= IFCFACEOUTERBOUND(#4789,.T.);
#4791= IFCFACE((#4790));
#4792= IFCPOLYLOOP((#2170,#2172,#2184));
#4793= IFCFACEOUTERBOUND(#4792,.T.);
#4794= IFCFACE((#4793));
#4795= IFCPOLYLOOP((#2170,#2184,#2182));
#4796= IFCFACEOUTERBOUND(#4795,.T.);
#4797= IFCFACE((#4796));
#4798= IFCPOLYLOOP((#2172,#2173,#2185));
#4799= IFCFACEOUTERBOUND(#4798,.T.);
#4800= IFCFACE((#4799));
#4801= IFCPOLYLOOP((#2172,#2185,#2184));
#4802= IFCFACEOUTERBOUND(#4801,.T.);
#4803= IFCFACE((#4802));
#4804= IFCPOLYLOOP((#2173,#2174,#2186));
#4805= IFCFACEOUTERBOUND(#4804,.T.);
#4806= IFCFACE((#4805));
#4807= IFCPOLYLOOP((#2173,#2186,#2185));
#4808= IFCFACEOUTERBOUND(#4807,.T.);
#4809= IFCFACE((#4808));
#4810= IFCPOLYLOOP((#2174,#2175,#2187));
#4811= IFCFACEOUTERBOUND(#4810,.T.);
#4812= IFCFACE((#4811));
#4813= IFCPOLYLOOP((#2174,#2187,#2186));
#4814= IFCFACEOUTERBOUND(#4813,.T.);
#4815= IFCFACE((#4814));
#4816= IFCPOLYLOOP((#2175,#2176,#2188));
#4817= IFCFACEOUTERBOUND(#4816,.T.);
#4818= IFCFACE((#4817));
#4819= IFCPOLYLOOP((#2175,#2188,#2187));
#4820= IFCFACEOUTERBOUND(#4819,.T.);
#4821= IFCFACE((#4820));
#4822= IFCPOLYLOOP((#2176,#2177,#2189));
#4823= IFCFACEOUTERBOUND(#4822,.T.);
#4824= IFCFACE((#4823));
#4825= IFCPOLYLOOP((#2176,#2189,#2188));
#4826= IFCFACEOUTERBOUND(#4825,.T.);
#4827= IFCFACE((#4826));
#4828= IFCPOLYLOOP((#2177,#2178,#2190));
#4829= IFCFACEOUTERBOUND(#4828,.T.);
#4830= IFCFACE((#4829));
#4831= IFCPOLYLOOP((#2177,#2190,#2189));
#4832= IFCFACEOUTERBOUND(#4831,.T.);
#4833= IFCFACE((#4832));
#4834= IFCPOLYLOOP((#2178,#2179,#2191));
#4835= IFCFACEOUTERBOUND(#4834,.T.);
#4836= IFCFACE((#4835));
#4837= IFCPOLYLOOP((#2178,#2191,#2190));
#4838= IFCFACEOUTERBOUND(#4837,.T.);
#4839= IFCFACE((#4838));
#4840= IFCPOLYLOOP((#2179,#2180,#2192));
#4841= IFCFACEOUTERBOUND(#4840,.T.);
#4842= IFCFACE((#4841));
#4843= IFCPOLYLOOP((#2179,#2192,#2191));
#4844= IFCFACEOUTERBOUND(#4843,.T.);
#4845= IFCFACE((#4844));
#4846= IFCPOLYLOOP((#2180,#2181,#2193));
#4847= IFCFACEOUTERBOUND(#4846,.T.);
#4848= IFCFACE((#4847));
#4849= IFCPOLYLOOP((#2180,#2193,#2192));
#4850= IFCFACEOUTERBOUND(#4849,.T.);
#4851= IFCFACE((#4850));
#4852= IFCPOLYLOOP((#2181,#2171,#2183));
#4853= IFCFACEOUTERBOUND(#4852,.T.);
#4854= IFCFACE((#4853));
#4855= IFCPOLYLOOP((#2181,#2183,#2193));
#4856= IFCFACEOUTERBOUND(#4855,.T.);
#4857= IFCFACE((#4856));
#4858= IFCPOLYLOOP((#2183,#2182,#2194));
#4859= IFCFACEOUTERBOUND(#4858,.T.);
#4860= IFCFACE((#4859));
#4861= IFCPOLYLOOP((#2183,#2194,#2195));
#4862= IFCFACEOUTERBOUND(#4861,.T.);
#4863= IFCFACE((#4862));
#4864= IFCPOLYLOOP((#2182,#2184,#2196));
#4865= IFCFACEOUTERBOUND(#4864,.T.);
#4866= IFCFACE((#4865));
#4867= IFCPOLYLOOP((#2182,#2196,#2194));
#4868= IFCFACEOUTERBOUND(#4867,.T.);
#4869= IFCFACE((#4868));
#4870= IFCPOLYLOOP((#2184,#2185,#2197));
#4871= IFCFACEOUTERBOUND(#4870,.T.);
#4872= IFCFACE((#4871));
#4873= IFCPOLYLOOP((#2184,#2197,#2196));
#4874= IFCFACEOUTERBOUND(#4873,.T.);
#4875= IFCFACE((#4874));
#4876= IFCPOLYLOOP((#2185,#2186,#2198));
#4877= IFCFACEOUTERBOUND(#4876,.T.);
#4878= IFCFACE((#4877));
#4879= IFCPOLYLOOP((#2185,#2198,#2197));
#4880= IFCFACEOUTERBOUND(#4879,.T.);
#4881= IFCFACE((#4880));
#4882= IFCPOLYLOOP((#2186,#2187,#2199));
#4883= IFCFACEOUTERBOUND(#4882,.T.);
#4884= IFCFACE((#4883));
#4885= IFCPOLYLOOP((#2186,#2199,#2198));
#4886= IFCFACEOUTERBOUND(#4885,.T.);
#4887= IFCFACE((#4886));
#4888= IFCPOLYLOOP((#2187,#2188,#2200));
#4889= IFCFACEOUTERBOUND(#4888,.T.);
#4890= IFCFACE((#4889));
#4891= IFCPOLYLOOP((#2187,#2200,#2199));
#4892= IFCFACEOUTERBOUND(#4891,.T.);
#4893= IFCFACE((#4892));
#4894= IFCPOLYLOOP((#2188,#2189,#2201));
#4895= IFCFACEOUTERBOUND(#4894,.T.);
#4896= IFCFACE((#4895));
#4897= IFCPOLYLOOP((#2188,#2201,#2200));
#4898= IFCFACEOUTERBOUND(#4897,.T.);
#4899= IFCFACE((#4898));
#4900= IFCPOLYLOOP((#2189,#2190,#2202));
#4901= IFCFACEOUTERBOUND(#4900,.T.);
#4902= IFCFACE((#4901));
#4903= IFCPOLYLOOP((#2189,#2202,#2201));
#4904= IFCFACEOUTERBOUND(#4903,.T.);
#4905= IFCFACE((#4904));
#4906= IFCPOLYLOOP((#2190,#2191,#2203));
#4907= IFCFACEOUTERBOUND(#4906,.T.);
#4908= IFCFACE((#4907));
#4909= IFCPOLYLOOP((#2190,#2203,#2202));
#4910= IFCFACEOUTERBOUND(#4909,.T.);
#4911= IFCFACE((#4910));
#4912= IFCPOLYLOOP((#2191,#2192,#2204));
#4913= IFCFACEOUTERBOUND(#4912,.T.);
#4914= IFCFACE((#4913));
#4915= IFCPOLYLOOP((#2191,#2204,#2203));
#4916= IFCFACEOUTERBOUND(#4915,.T.);
#4917= IFCFACE((#4916));
#4918= IFCPOLYLOOP((#2192,#2193,#2205));
#4919= IFCFACEOUTERBOUND(#4918,.T.);
#4920= IFCFACE((#4919));
#4921= IFCPOLYLOOP((#2192,#2205,#2204));
#4922= IFCFACEOUTERBOUND(#4921,.T.);
#4923= IFCFACE((#4922));
#4924= IFCPOLYLOOP((#2193,#2183,#2195));
#4925= IFCFACEOUTERBOUND(#4924,.T.);
#4926= IFCFACE((#4925));
#4927= IFCPOLYLOOP((#2193,#2195,#2205));
#4928= IFCFACEOUTERBOUND(#4927,.T.);
#4929= IFCFACE((#4928));
#4930= IFCPOLYLOOP((#2195,#2194,#2206));
#4931= IFCFACEOUTERBOUND(#4930,.T.);
#4932= IFCFACE((#4931));
#4933= IFCPOLYLOOP((#2195,#2206,#2207));
#4934= IFCFACEOUTERBOUND(#4933,.T.);
#4935= IFCFACE((#4934));
#4936= IFCPOLYLOOP((#2194,#2196,#2208));
#4937= IFCFACEOUTERBOUND(#4936,.T.);
#4938= IFCFACE((#4937));
#4939= IFCPOLYLOOP((#2194,#2208,#2206));
#4940= IFCFACEOUTERBOUND(#4939,.T.);
#4941= IFCFACE((#4940));
#4942= IFCPOLYLOOP((#2196,#2197,#2209));
#4943= IFCFACEOUTERBOUND(#4942,.T.);
#4944= IFCFACE((#4943));
#4945= IFCPOLYLOOP((#2196,#2209,#2208));
#4946= IFCFACEOUTERBOUND(#4945,.T.);
#4947= IFCFACE((#4946));
#4948= IFCPOLYLOOP((#2197,#2198,#2210));
#4949= IFCFACEOUTERBOUND(#4948,.T.);
#4950= IFCFACE((#4949));
#4951= IFCPOLYLOOP((#2197,#2210,#2209));
#4952= IFCFACEOUTERBOUND(#4951,.T.);
#4953= IFCFACE((#4952));
#4954= IFCPOLYLOOP((#2198,#2199,#2211));
#4955= IFCFACEOUTERBOUND(#4954,.T.);
#4956= IFCFACE((#4955));
#4957= IFCPOLYLOOP((#2198,#2211,#2210));
#4958= IFCFACEOUTERBOUND(#4957,.T.);
#4959= IFCFACE((#4958));
#4960= IFCPOLYLOOP((#2199,#2200,#2212));
#4961= IFCFACEOUTERBOUND(#4960,.T.);
#4962= IFCFACE((#4961));
#4963= IFCPOLYLOOP((#2199,#2212,#2211));
#4964= IFCFACEOUTERBOUND(#4963,.T.);
#4965= IFCFACE((#4964));
#4966= IFCPOLYLOOP((#2200,#2201,#2213));
#4967= IFCFACEOUTERBOUND(#4966,.T.);
#4968= IFCFACE((#4967));
#4969= IFCPOLYLOOP((#2200,#2213,#2212));
#4970= IFCFACEOUTERBOUND(#4969,.T.);
#4971= IFCFACE((#4970));
#4972= IFCPOLYLOOP((#2201,#2202,#2214));
#4973= IFCFACEOUTERBOUND(#4972,.T.);
#4974= IFCFACE((#4973));
#4975= IFCPOLYLOOP((#2201,#2214,#2213));
#4976= IFCFACEOUTERBOUND(#4975,.T.);
#4977= IFCFACE((#4976));
#4978= IFCPOLYLOOP((#2202,#2203,#2215));
#4979= IFCFACEOUTERBOUND(#4978,.T.);
#4980= IFCFACE((#4979));
#4981= IFCPOLYLOOP((#2202,#2215,#2214));
#4982= IFCFACEOUTERBOUND(#4981,.T.);
#4983= IFCFACE((#4982));
#4984= IFCPOLYLOOP((#2203,#2204,#2216));
#4985= IFCFACEOUTERBOUND(#4984,.T.);
#4986= IFCFACE((#4985));
#4987= IFCPOLYLOOP((#2203,#2216,#2215));
#4988= IFCFACEOUTERBOUND(#4987,.T.);
#4989= IFCFACE((#4988));
#4990= IFCPOLYLOOP((#2204,#2205,#2217));
#4991= IFCFACEOUTERBOUND(#4990,.T.);
#4992= IFCFACE((#4991));
#4993= IFCPOLYLOOP((#2204,#2217,#2216));
#4994= IFCFACEOUTERBOUND(#4993,.T.);
#4995= IFCFACE((#4994));
#4996= IFCPOLYLOOP((#2205,#2195,#2207));
#4997= IFCFACEOUTERBOUND(#4996,.T.);
#4998= IFCFACE((#4997));
#4999= IFCPOLYLOOP((#2205,#2207,#2217));
#5000= IFCFACEOUTERBOUND(#4999,.T.);
#5001= IFCFACE((#5000));
#5002= IFCPOLYLOOP((#2207,#2206,#2218));
#5003= IFCFACEOUTERBOUND(#5002,.T.);
#5004= IFCFACE((#5003));
#5005= IFCPOLYLOOP((#2207,#2218,#2219));
#5006= IFCFACEOUTERBOUND(#5005,.T.);
#5007= IFCFACE((#5006));
#5008= IFCPOLYLOOP((#2206,#2208,#2220));
#5009= IFCFACEOUTERBOUND(#5008,.T.);
#5010= IFCFACE((#5009));
#5011= IFCPOLYLOOP((#2206,#2220,#2218));
#5012= IFCFACEOUTERBOUND(#5011,.T.);
#5013= IFCFACE((#5012));
#5014= IFCPOLYLOOP((#2208,#2209,#2221));
#5015= IFCFACEOUTERBOUND(#5014,.T.);
#5016= IFCFACE((#5015));
#5017= IFCPOLYLOOP((#2208,#2221,#2220));
#5018= IFCFACEOUTERBOUND(#5017,.T.);
#5019= IFCFACE((#5018));
#5020= IFCPOLYLOOP((#2209,#2210,#2222));
#5021= IFCFACEOUTERBOUND(#5020,.T.);
#5022= IFCFACE((#5021));
#5023= IFCPOLYLOOP((#2209,#2222,#2221));
#5024= IFCFACEOUTERBOUND(#5023,.T.);
#5025= IFCFACE((#5024));
#5026= IFCPOLYLOOP((#2210,#2211,#2223));
#5027= IFCFACEOUTERBOUND(#5026,.T.);
#5028= IFCFACE((#5027));
#5029= IFCPOLYLOOP((#2210,#2223,#2222));
#5030= IFCFACEOUTERBOUND(#5029,.T.);
#5031= IFCFACE((#5030));
#5032= IFCPOLYLOOP((#2211,#2212,#2224));
#5033= IFCFACEOUTERBOUND(#5032,.T.);
#5034= IFCFACE((#5033));
#5035= IFCPOLYLOOP((#2211,#2224,#2223));
#5036= IFCFACEOUTERBOUND(#5035,.T.);
#5037= IFCFACE((#5036));
#5038= IFCPOLYLOOP((#2212,#2213,#2225));
#5039= IFCFACEOUTERBOUND(#5038,.T.);
#5040= IFCFACE((#5039));
#5041= IFCPOLYLOOP((#2212,#2225,#2224));
#5042= IFCFACEOUTERBOUND(#5041,.T.);
#5043= IFCFACE((#5042));
#5044= IFCPOLYLOOP((#2213,#2214,#2226));
#5045= IFCFACEOUTERBOUND(#5044,.T.);
#5046= IFCFACE((#5045));
#5047= IFCPOLYLOOP((#2213,#2226,#2225));
#5048= IFCFACEOUTERBOUND(#5047,.T.);
#5049= IFCFACE((#5048));
#5050= IFCPOLYLOOP((#2214,#2215,#2227));
#5051= IFCFACEOUTERBOUND(#5050,.T.);
#5052= IFCFACE((#5051));
#5053= IFCPOLYLOOP((#2214,#2227,#2226));
#5054= IFCFACEOUTERBOUND(#5053,.T.);
#5055= IFCFACE((#5054));
#5056= IFCPOLYLOOP((#2215,#2216,#2228));
#5057= IFCFACEOUTERBOUND(#5056,.T.);
#5058= IFCFACE((#5057));
#5059= IFCPOLYLOOP((#2215,#2228,#2227));
#5060= IFCFACEOUTERBOUND(#5059,.T.);
#5061= IFCFACE((#5060));
#5062= IFCPOLYLOOP((#2216,#2217,#2229));
#5063= IFCFACEOUTERBOUND(#5062,.T.);
#5064= IFCFACE((#5063));
#5065= IFCPOLYLOOP((#2216,#2229,#2228));
#5066= IFCFACEOUTERBOUND(#5065,.T.);
#5067= IFCFACE((#5066));
#5068= IFCPOLYLOOP((#2217,#2207,#2219));
#5069= IFCFACEOUTERBOUND(#5068,.T.);
#5070= IFCFACE((#5069));
#5071= IFCPOLYLOOP((#2217,#2219,#2229));
#5072= IFCFACEOUTERBOUND(#5071,.T.);
#5073= IFCFACE((#5072));
#5074= IFCPOLYLOOP((#2219,#2218,#2230));
#5075= IFCFACEOUTERBOUND(#5074,.T.);
#5076= IFCFACE((#5075));
#5077= IFCPOLYLOOP((#2219,#2230,#2231));
#5078= IFCFACEOUTERBOUND(#5077,.T.);
#5079= IFCFACE((#5078));
#5080= IFCPOLYLOOP((#2218,#2220,#2232));
#5081= IFCFACEOUTERBOUND(#5080,.T.);
#5082= IFCFACE((#5081));
#5083= IFCPOLYLOOP((#2218,#2232,#2230));
#5084= IFCFACEOUTERBOUND(#5083,.T.);
#5085= IFCFACE((#5084));
#5086= IFCPOLYLOOP((#2220,#2221,#2233));
#5087= IFCFACEOUTERBOUND(#5086,.T.);
#5088= IFCFACE((#5087));
#5089= IFCPOLYLOOP((#2220,#2233,#2232));
#5090= IFCFACEOUTERBOUND(#5089,.T.);
#5091= IFCFACE((#5090));
#5092= IFCPOLYLOOP((#2221,#2222,#2234));
#5093= IFCFACEOUTERBOUND(#5092,.T.);
#5094= IFCFACE((#5093));
#5095= IFCPOLYLOOP((#2221,#2234,#2233));
#5096= IFCFACEOUTERBOUND(#5095,.T.);
#5097= IFCFACE((#5096));
#5098= IFCPOLYLOOP((#2222,#2223,#2235));
#5099= IFCFACEOUTERBOUND(#5098,.T.);
#5100= IFCFACE((#5099));
#5101= IFCPOLYLOOP((#2222,#2235,#2234));
#5102= IFCFACEOUTERBOUND(#5101,.T.);
#5103= IFCFACE((#5102));
#5104= IFCPOLYLOOP((#2223,#2224,#2236));
#5105= IFCFACEOUTERBOUND(#5104,.T.);
#5106= IFCFACE((#5105));
#5107= IFCPOLYLOOP((#2223,#2236,#2235));
#5108= IFCFACEOUTERBOUND(#5107,.T.);
#5109= IFCFACE((#5108));
#5110= IFCPOLYLOOP((#2224,#2225,#2237));
#5111= IFCFACEOUTERBOUND(#5110,.T.);
#5112= IFCFACE((#5111));
#5113= IFCPOLYLOOP((#2224,#2237,#2236));
#5114= IFCFACEOUTERBOUND(#5113,.T.);
#5115= IFCFACE((#5114));
#5116= IFCPOLYLOOP((#2225,#2226,#2238));
#5117= IFCFACEOUTERBOUND(#5116,.T.);
#5118= IFCFACE((#5117));
#5119= IFCPOLYLOOP((#2225,#2238,#2237));
#5120= IFCFACEOUTERBOUND(#5119,.T.);
#5121= IFCFACE((#5120));
#5122= IFCPOLYLOOP((#2226,#2227,#2239));
#5123= IFCFACEOUTERBOUND(#5122,.T.);
#5124= IFCFACE((#5123));
#5125= IFCPOLYLOOP((#2226,#2239,#2238));
#5126= IFCFACEOUTERBOUND(#5125,.T.);
#5127= IFCFACE((#5126));
#5128= IFCPOLYLOOP((#2227,#2228,#2240));
#5129= IFCFACEOUTERBOUND(#5128,.T.);
#5130= IFCFACE((#5129));
#5131= IFCPOLYLOOP((#2227,#2240,#2239));
#5132= IFCFACEOUTERBOUND(#5131,.T.);
#5133= IFCFACE((#5132));
#5134= IFCPOLYLOOP((#2228,#2229,#2241));
#5135= IFCFACEOUTERBOUND(#5134,.T.);
#5136= IFCFACE((#5135));
#5137= IFCPOLYLOOP((#2228,#2241,#2240));
#5138= IFCFACEOUTERBOUND(#5137,.T.);
#5139= IFCFACE((#5138));
#5140= IFCPOLYLOOP((#2229,#2219,#2231));
#5141= IFCFACEOUTERBOUND(#5140,.T.);
#5142= IFCFACE((#5141));
#5143= IFCPOLYLOOP((#2229,#2231,#2241));
#5144= IFCFACEOUTERBOUND(#5143,.T.);
#5145= IFCFACE((#5144));
#5146= IFCPOLYLOOP((#2231,#2230,#2242));
#5147= IFCFACEOUTERBOUND(#5146,.T.);
#5148= IFCFACE((#5147));
#5149= IFCPOLYLOOP((#2231,#2242,#2243));
#5150= IFCFACEOUTERBOUND(#5149,.T.);
#5151= IFCFACE((#5150));
#5152= IFCPOLYLOOP((#2230,#2232,#2244));
#5153= IFCFACEOUTERBOUND(#5152,.T.);
#5154= IFCFACE((#5153));
#5155= IFCPOLYLOOP((#2230,#2244,#2242));
#5156= IFCFACEOUTERBOUND(#5155,.T.);
#5157= IFCFACE((#5156));
#5158= IFCPOLYLOOP((#2232,#2233,#2245));
#5159= IFCFACEOUTERBOUND(#5158,.T.);
#5160= IFCFACE((#5159));
#5161= IFCPOLYLOOP((#2232,#2245,#2244));
#5162= IFCFACEOUTERBOUND(#5161,.T.);
#5163= IFCFACE((#5162));
#5164= IFCPOLYLOOP((#2233,#2234,#2246));
#5165= IFCFACEOUTERBOUND(#5164,.T.);
#5166= IFCFACE((#5165));
#5167= IFCPOLYLOOP((#2233,#2246,#2245));
#5168= IFCFACEOUTERBOUND(#5167,.T.);
#5169= IFCFACE((#5168));
#5170= IFCPOLYLOOP((#2234,#2235,#2247));
#5171= IFCFACEOUTERBOUND(#5170,.T.);
#5172= IFCFACE((#5171));
#5173= IFCPOLYLOOP((#2234,#2247,#2246));
#5174= IFCFACEOUTERBOUND(#5173,.T.);
#5175= IFCFACE((#5174));
#5176= IFCPOLYLOOP((#2235,#2236,#2248));
#5177= IFCFACEOUTERBOUND(#5176,.T.);
#5178= IFCFACE((#5177));
#5179= IFCPOLYLOOP((#2235,#2248,#2247));
#5180= IFCFACEOUTERBOUND(#5179,.T.);
#5181= IFCFACE((#5180));
#5182= IFCPOLYLOOP((#2236,#2237,#2249));
#5183= IFCFACEOUTERBOUND(#5182,.T.);
#5184= IFCFACE((#5183));
#5185= IFCPOLYLOOP((#2236,#2249,#2248));
#5186= IFCFACEOUTERBOUND(#5185,.T.);
#5187= IFCFACE((#5186));
#5188= IFCPOLYLOOP((#2237,#2238,#2250));
#5189= IFCFACEOUTERBOUND(#5188,.T.);
#5190= IFCFACE((#5189));
#5191= IFCPOLYLOOP((#2237,#2250,#2249));
#5192= IFCFACEOUTERBOUND(#5191,.T.);
#5193= IFCFACE((#5192));
#5194= IFCPOLYLOOP((#2238,#2239,#2251));
#5195= IFCFACEOUTERBOUND(#5194,.T.);
#5196= IFCFACE((#5195));
#5197= IFCPOLYLOOP((#2238,#2251,#2250));
#5198= IFCFACEOUTERBOUND(#5197,.T.);
#5199= IFCFACE((#5198));
#5200= IFCPOLYLOOP((#2239,#2240,#2252));
#5201= IFCFACEOUTERBOUND(#5200,.T.);
#5202= IFCFACE((#5201));
#5203= IFCPOLYLOOP((#2239,#2252,#2251));
#5204= IFCFACEOUTERBOUND(#5203,.T.);
#5205= IFCFACE((#5204));
#5206= IFCPOLYLOOP((#2240,#2241,#2253));
#5207= IFCFACEOUTERBOUND(#5206,.T.);
#5208= IFCFACE((#5207));
#5209= IFCPOLYLOOP((#2240,#2253,#2252));
#5210= IFCFACEOUTERBOUND(#5209,.T.);
#5211= IFCFACE((#5210));
#5212= IFCPOLYLOOP((#2241,#2231,#2243));
#5213= IFCFACEOUTERBOUND(#5212,.T.);
#5214= IFCFACE((#5213));
#5215= IFCPOLYLOOP((#2241,#2243,#2253));
#5216= IFCFACEOUTERBOUND(#5215,.T.);
#5217= IFCFACE((#5216));
#5218= IFCPOLYLOOP((#2243,#2242,#2254));
#5219= IFCFACEOUTERBOUND(#5218,.T.);
#5220= IFCFACE((#5219));
#5221= IFCPOLYLOOP((#2243,#2254,#2255));
#5222= IFCFACEOUTERBOUND(#5221,.T.);
#5223= IFCFACE((#5222));
#5224= IFCPOLYLOOP((#2242,#2244,#2256));
#5225= IFCFACEOUTERBOUND(#5224,.T.);
#5226= IFCFACE((#5225));
#5227= IFCPOLYLOOP((#2242,#2256,#2254));
#5228= IFCFACEOUTERBOUND(#5227,.T.);
#5229= IFCFACE((#5228));
#5230= IFCPOLYLOOP((#2244,#2245,#2257));
#5231= IFCFACEOUTERBOUND(#5230,.T.);
#5232= IFCFACE((#5231));
#5233= IFCPOLYLOOP((#2244,#2257,#2256));
#5234= IFCFACEOUTERBOUND(#5233,.T.);
#5235= IFCFACE((#5234));
#5236= IFCPOLYLOOP((#2245,#2246,#2258));
#5237= IFCFACEOUTERBOUND(#5236,.T.);
#5238= IFCFACE((#5237));
#5239= IFCPOLYLOOP((#2245,#2258,#2257));
#5240= IFCFACEOUTERBOUND(#5239,.T.);
#5241= IFCFACE((#5240));
#5242= IFCPOLYLOOP((#2246,#2247,#2259));
#5243= IFCFACEOUTERBOUND(#5242,.T.);
#5244= IFCFACE((#5243));
#5245= IFCPOLYLOOP((#2246,#2259,#2258));
#5246= IFCFACEOUTERBOUND(#5245,.T.);
#5247= IFCFACE((#5246));
#5248= IFCPOLYLOOP((#2247,#2248,#2260));
#5249= IFCFACEOUTERBOUND(#5248,.T.);
#5250= IFCFACE((#5249));
#5251= IFCPOLYLOOP((#2247,#2260,#2259));
#5252= IFCFACEOUTERBOUND(#5251,.T.);
#5253= IFCFACE((#5252));
#5254= IFCPOLYLOOP((#2248,#2249,#2261));
#5255= IFCFACEOUTERBOUND(#5254,.T.);
#5256= IFCFACE((#5255));
#5257= IFCPOLYLOOP((#2248,#2261,#2260));
#5258= IFCFACEOUTERBOUND(#5257,.T.);
#5259= IFCFACE((#5258));
#5260= IFCPOLYLOOP((#2249,#2250,#2262));
#5261= IFCFACEOUTERBOUND(#5260,.T.);
#5262= IFCFACE((#5261));
#5263= IFCPOLYLOOP((#2249,#2262,#2261));
#5264= IFCFACEOUTERBOUND(#5263,.T.);
#5265= IFCFACE((#5264));
#5266= IFCPOLYLOOP((#2250,#2251,#2263));
#5267= IFCFACEOUTERBOUND(#5266,.T.);
#5268= IFCFACE((#5267));
#5269= IFCPOLYLOOP((#2250,#2263,#2262));
#5270= IFCFACEOUTERBOUND(#5269,.T.);
#5271= IFCFACE((#5270));
#5272= IFCPOLYLOOP((#2251,#2252,#2264));
#5273= IFCFACEOUTERBOUND(#5272,.T.);
#5274= IFCFACE((#5273));
#5275= IFCPOLYLOOP((#2251,#2264,#2263));
#5276= IFCFACEOUTERBOUND(#5275,.T.);
#5277= IFCFACE((#5276));
#5278= IFCPOLYLOOP((#2252,#2253,#2265));
#5279= IFCFACEOUTERBOUND(#5278,.T.);
#5280= IFCFACE((#5279));
#5281= IFCPOLYLOOP((#2252,#2265,#2264));
#5282= IFCFACEOUTERBOUND(#5281,.T.);
#5283= IFCFACE((#5282));
#5284= IFCPOLYLOOP((#2253,#2243,#2255));
#5285= IFCFACEOUTERBOUND(#5284,.T.);
#5286= IFCFACE((#5285));
#5287= IFCPOLYLOOP((#2253,#2255,#2265));
#5288= IFCFACEOUTERBOUND(#5287,.T.);
#5289= IFCFACE((#5288));
#5290= IFCPOLYLOOP((#2255,#2254,#2266));
#5291= IFCFACEOUTERBOUND(#5290,.T.);
#5292= IFCFACE((#5291));
#5293= IFCPOLYLOOP((#2255,#2266,#2267));
#5294= IFCFACEOUTERBOUND(#5293,.T.);
#5295= IFCFACE((#5294));
#5296= IFCPOLYLOOP((#2254,#2256,#2268));
#5297= IFCFACEOUTERBOUND(#5296,.T.);
#5298= IFCFACE((#5297));
#5299= IFCPOLYLOOP((#2254,#2268,#2266));
#5300= IFCFACEOUTERBOUND(#5299,.T.);
#5301= IFCFACE((#5300));
#5302= IFCPOLYLOOP((#2256,#2257,#2269));
#5303= IFCFACEOUTERBOUND(#5302,.T.);
#5304= IFCFACE((#5303));
#5305= IFCPOLYLOOP((#2256,#2269,#2268));
#5306= IFCFACEOUTERBOUND(#5305,.T.);
#5307= IFCFACE((#5306));
#5308= IFCPOLYLOOP((#2257,#2258,#2270));
#5309= IFCFACEOUTERBOUND(#5308,.T.);
#5310= IFCFACE((#5309));
#5311= IFCPOLYLOOP((#2257,#2270,#2269));
#5312= IFCFACEOUTERBOUND(#5311,.T.);
#5313= IFCFACE((#5312));
#5314= IFCPOLYLOOP((#2258,#2259,#2271));
#5315= IFCFACEOUTERBOUND(#5314,.T.);
#5316= IFCFACE((#5315));
#5317= IFCPOLYLOOP((#2258,#2271,#2270));
#5318= IFCFACEOUTERBOUND(#5317,.T.);
#5319= IFCFACE((#5318));
#5320= IFCPOLYLOOP((#2259,#2260,#2272));
#5321= IFCFACEOUTERBOUND(#5320,.T.);
#5322= IFCFACE((#5321));
#5323= IFCPOLYLOOP((#2259,#2272,#2271));
#5324= IFCFACEOUTERBOUND(#5323,.T.);
#5325= IFCFACE((#5324));
#5326= IFCPOLYLOOP((#2260,#2261,#2273));
#5327= IFCFACEOUTERBOUND(#5326,.T.);
#5328= IFCFACE((#5327));
#5329= IFCPOLYLOOP((#2260,#2273,#2272));
#5330= IFCFACEOUTERBOUND(#5329,.T.);
#5331= IFCFACE((#5330));
#5332= IFCPOLYLOOP((#2261,#2262,#2274));
#5333= IFCFACEOUTERBOUND(#5332,.T.);
#5334= IFCFACE((#5333));
#5335= IFCPOLYLOOP((#2261,#2274,#2273));
#5336= IFCFACEOUTERBOUND(#5335,.T.);
#5337= IFCFACE((#5336));
#5338= IFCPOLYLOOP((#2262,#2263,#2275));
#5339= IFCFACEOUTERBOUND(#5338,.T.);
#5340= IFCFACE((#5339));
#5341= IFCPOLYLOOP((#2262,#2275,#2274));
#5342= IFCFACEOUTERBOUND(#5341,.T.);
#5343= IFCFACE((#5342));
#5344= IFCPOLYLOOP((#2263,#2264,#2276));
#5345= IFCFACEOUTERBOUND(#5344,.T.);
#5346= IFCFACE((#5345));
#5347= IFCPOLYLOOP((#2263,#2276,#2275));
#5348= IFCFACEOUTERBOUND(#5347,.T.);
#5349= IFCFACE((#5348));
#5350= IFCPOLYLOOP((#2264,#2265,#2277));
#5351= IFCFACEOUTERBOUND(#5350,.T.);
#5352= IFCFACE((#5351));
#5353= IFCPOLYLOOP((#2264,#2277,#2276));
#5354= IFCFACEOUTERBOUND(#5353,.T.);
#5355= IFCFACE((#5354));
#5356= IFCPOLYLOOP((#2265,#2255,#2267));
#5357= IFCFACEOUTERBOUND(#5356,.T.);
#5358= IFCFACE((#5357));
#5359= IFCPOLYLOOP((#2265,#2267,#2277));
#5360= IFCFACEOUTERBOUND(#5359,.T.);
#5361= IFCFACE((#5360));
#5362= IFCPOLYLOOP((#2267,#2266,#2278));
#5363= IFCFACEOUTERBOUND(#5362,.T.);
#5364= IFCFACE((#5363));
#5365= IFCPOLYLOOP((#2267,#2278,#2279));
#5366= IFCFACEOUTERBOUND(#5365,.T.);
#5367= IFCFACE((#5366));
#5368= IFCPOLYLOOP((#2266,#2268,#2280));
#5369= IFCFACEOUTERBOUND(#5368,.T.);
#5370= IFCFACE((#5369));
#5371= IFCPOLYLOOP((#2266,#2280,#2278));
#5372= IFCFACEOUTERBOUND(#5371,.T.);
#5373= IFCFACE((#5372));
#5374= IFCPOLYLOOP((#2268,#2269,#2281));
#5375= IFCFACEOUTERBOUND(#5374,.T.);
#5376= IFCFACE((#5375));
#5377= IFCPOLYLOOP((#2268,#2281,#2280));
#5378= IFCFACEOUTERBOUND(#5377,.T.);
#5379= IFCFACE((#5378));
#5380= IFCPOLYLOOP((#2269,#2270,#2282));
#5381= IFCFACEOUTERBOUND(#5380,.T.);
#5382= IFCFACE((#5381));
#5383= IFCPOLYLOOP((#2269,#2282,#2281));
#5384= IFCFACEOUTERBOUND(#5383,.T.);
#5385= IFCFACE((#5384));
#5386= IFCPOLYLOOP((#2270,#2271,#2283));
#5387= IFCFACEOUTERBOUND(#5386,.T.);
#5388= IFCFACE((#5387));
#5389= IFCPOLYLOOP((#2270,#2283,#2282));
#5390= IFCFACEOUTERBOUND(#5389,.T.);
#5391= IFCFACE((#5390));
#5392= IFCPOLYLOOP((#2271,#2272,#2284));
#5393= IFCFACEOUTERBOUND(#5392,.T.);
#5394= IFCFACE((#5393));
#5395= IFCPOLYLOOP((#2271,#2284,#2283));
#5396= IFCFACEOUTERBOUND(#5395,.T.);
#5397= IFCFACE((#5396));
#5398= IFCPOLYLOOP((#2272,#2273,#2285));
#5399= IFCFACEOUTERBOUND(#5398,.T.);
#5400= IFCFACE((#5399));
#5401= IFCPOLYLOOP((#2272,#2285,#2284));
#5402= IFCFACEOUTERBOUND(#5401,.T.);
#5403= IFCFACE((#5402));
#5404= IFCPOLYLOOP((#2273,#2274,#2286));
#5405= IFCFACEOUTERBOUND(#5404,.T.);
#5406= IFCFACE((#5405));
#5407= IFCPOLYLOOP((#2273,#2286,#2285));
#5408= IFCFACEOUTERBOUND(#5407,.T.);
#5409= IFCFACE((#5408));
#5410= IFCPOLYLOOP((#2274,#2275,#2287));
#5411= IFCFACEOUTERBOUND(#5410,.T.);
#5412= IFCFACE((#5411));
#5413= IFCPOLYLOOP((#2274,#2287,#2286));
#5414= IFCFACEOUTERBOUND(#5413,.T.);
#5415= IFCFACE((#5414));
#5416= IFCPOLYLOOP((#2275,#2276,#2288));
#5417= IFCFACEOUTERBOUND(#5416,.T.);
#5418= IFCFACE((#5417));
#5419= IFCPOLYLOOP((#2275,#2288,#2287));
#5420= IFCFACEOUTERBOUND(#5419,.T.);
#5421= IFCFACE((#5420));
#5422= IFCPOLYLOOP((#2276,#2277,#2289));
#5423= IFCFACEOUTERBOUND(#5422,.T.);
#5424= IFCFACE((#5423));
#5425= IFCPOLYLOOP((#2276,#2289,#2288));
#5426= IFCFACEOUTERBOUND(#5425,.T.);
#5427= IFCFACE((#5426));
#5428= IFCPOLYLOOP((#2277,#2267,#2279));
#5429= IFCFACEOUTERBOUND(#5428,.T.);
#5430= IFCFACE((#5429));
#5431= IFCPOLYLOOP((#2277,#2279,#2289));
#5432= IFCFACEOUTERBOUND(#5431,.T.);
#5433= IFCFACE((#5432));
#5434= IFCPOLYLOOP((#2279,#2278,#2290));
#5435= IFCFACEOUTERBOUND(#5434,.T.);
#5436= IFCFACE((#5435));
#5437= IFCPOLYLOOP((#2279,#2290,#2291));
#5438= IFCFACEOUTERBOUND(#5437,.T.);
#5439= IFCFACE((#5438));
#5440= IFCPOLYLOOP((#2278,#2280,#2292));
#5441= IFCFACEOUTERBOUND(#5440,.T.);
#5442= IFCFACE((#5441));
#5443= IFCPOLYLOOP((#2278,#2292,#2290));
#5444= IFCFACEOUTERBOUND(#5443,.T.);
#5445= IFCFACE((#5444));
#5446= IFCPOLYLOOP((#2280,#2281,#2293));
#5447= IFCFACEOUTERBOUND(#5446,.T.);
#5448= IFCFACE((#5447));
#5449= IFCPOLYLOOP((#2280,#2293,#2292));
#5450= IFCFACEOUTERBOUND(#5449,.T.);
#5451= IFCFACE((#5450));
#5452= IFCPOLYLOOP((#2281,#2282,#2294));
#5453= IFCFACEOUTERBOUND(#5452,.T.);
#5454= IFCFACE((#5453));
#5455= IFCPOLYLOOP((#2281,#2294,#2293));
#5456= IFCFACEOUTERBOUND(#5455,.T.);
#5457= IFCFACE((#5456));
#5458= IFCPOLYLOOP((#2282,#2283,#2295));
#5459= IFCFACEOUTERBOUND(#5458,.T.);
#5460= IFCFACE((#5459));
#5461= IFCPOLYLOOP((#2282,#2295,#2294));
#5462= IFCFACEOUTERBOUND(#5461,.T.);
#5463= IFCFACE((#5462));
#5464= IFCPOLYLOOP((#2283,#2284,#2296));
#5465= IFCFACEOUTERBOUND(#5464,.T.);
#5466= IFCFACE((#5465));
#5467= IFCPOLYLOOP((#2283,#2296,#2295));
#5468= IFCFACEOUTERBOUND(#5467,.T.);
#5469= IFCFACE((#5468));
#5470= IFCPOLYLOOP((#2284,#2285,#2297));
#5471= IFCFACEOUTERBOUND(#5470,.T.);
#5472= IFCFACE((#5471));
#5473= IFCPOLYLOOP((#2284,#2297,#2296));
#5474= IFCFACEOUTERBOUND(#5473,.T.);
#5475= IFCFACE((#5474));
#5476= IFCPOLYLOOP((#2285,#2286,#2298));
#5477= IFCFACEOUTERBOUND(#5476,.T.);
#5478= IFCFACE((#5477));
#5479= IFCPOLYLOOP((#2285,#2298,#2297));
#5480= IFCFACEOUTERBOUND(#5479,.T.);
#5481= IFCFACE((#5480));
#5482= IFCPOLYLOOP((#2286,#2287,#2299));
#5483= IFCFACEOUTERBOUND(#5482,.T.);
#5484= IFCFACE((#5483));
#5485= IFCPOLYLOOP((#2286,#2299,#2298));
#5486= IFCFACEOUTERBOUND(#5485,.T.);
#5487= IFCFACE((#5486));
#5488= IFCPOLYLOOP((#2287,#2288,#2300));
#5489= IFCFACEOUTERBOUND(#5488,.T.);
#5490= IFCFACE((#5489));
#5491= IFCPOLYLOOP((#2287,#2300,#2299));
#5492= IFCFACEOUTERBOUND(#5491,.T.);
#5493= IFCFACE((#5492));
#5494= IFCPOLYLOOP((#2288,#2289,#2301));
#5495= IFCFACEOUTERBOUND(#5494,.T.);
#5496= IFCFACE((#5495));
#5497= IFCPOLYLOOP((#2288,#2301,#2300));
#5498= IFCFACEOUTERBOUND(#5497,.T.);
#5499= IFCFACE((#5498));
#5500= IFCPOLYLOOP((#2289,#2279,#2291));
#5501= IFCFACEOUTERBOUND(#5500,.T.);
#5502= IFCFACE((#5501));
#5503= IFCPOLYLOOP((#2289,#2291,#2301));
#5504= IFCFACEOUTERBOUND(#5503,.T.);
#5505= IFCFACE((#5504));
#5506= IFCPOLYLOOP((#2291,#2290,#2302));
#5507= IFCFACEOUTERBOUND(#5506,.T.);
#5508= IFCFACE((#5507));
#5509= IFCPOLYLOOP((#2291,#2302,#2303));
#5510= IFCFACEOUTERBOUND(#5509,.T.);
#5511= IFCFACE((#5510));
#5512= IFCPOLYLOOP((#2290,#2292,#2304));
#5513= IFCFACEOUTERBOUND(#5512,.T.);
#5514= IFCFACE((#5513));
#5515= IFCPOLYLOOP((#2290,#2304,#2302));
#5516= IFCFACEOUTERBOUND(#5515,.T.);
#5517= IFCFACE((#5516));
#5518= IFCPOLYLOOP((#2292,#2293,#2305));
#5519= IFCFACEOUTERBOUND(#5518,.T.);
#5520= IFCFACE((#5519));
#5521= IFCPOLYLOOP((#2292,#2305,#2304));
#5522= IFCFACEOUTERBOUND(#5521,.T.);
#5523= IFCFACE((#5522));
#5524= IFCPOLYLOOP((#2293,#2294,#2306));
#5525= IFCFACEOUTERBOUND(#5524,.T.);
#5526= IFCFACE((#5525));
#5527= IFCPOLYLOOP((#2293,#2306,#2305));
#5528= IFCFACEOUTERBOUND(#5527,.T.);
#5529= IFCFACE((#5528));
#5530= IFCPOLYLOOP((#2294,#2295,#2307));
#5531= IFCFACEOUTERBOUND(#5530,.T.);
#5532= IFCFACE((#5531));
#5533= IFCPOLYLOOP((#2294,#2307,#2306));
#5534= IFCFACEOUTERBOUND(#5533,.T.);
#5535= IFCFACE((#5534));
#5536= IFCPOLYLOOP((#2295,#2296,#2308));
#5537= IFCFACEOUTERBOUND(#5536,.T.);
#5538= IFCFACE((#5537));
#5539= IFCPOLYLOOP((#2295,#2308,#2307));
#5540= IFCFACEOUTERBOUND(#5539,.T.);
#5541= IFCFACE((#5540));
#5542= IFCPOLYLOOP((#2296,#2297,#2309));
#5543= IFCFACEOUTERBOUND(#5542,.T.);
#5544= IFCFACE((#5543));
#5545= IFCPOLYLOOP((#2296,#2309,#2308));
#5546= IFCFACEOUTERBOUND(#5545,.T.);
#5547= IFCFACE((#5546));
#5548= IFCPOLYLOOP((#2297,#2298,#2310));
#5549= IFCFACEOUTERBOUND(#5548,.T.);
#5550= IFCFACE((#5549));
#5551= IFCPOLYLOOP((#2297,#2310,#2309));
#5552= IFCFACEOUTERBOUND(#5551,.T.);
#5553= IFCFACE((#5552));
#5554= IFCPOLYLOOP((#2298,#2299,#2311));
#5555= IFCFACEOUTERBOUND(#5554,.T.);
#5556= IFCFACE((#5555));
#5557= IFCPOLYLOOP((#2298,#2311,#2310));
#5558= IFCFACEOUTERBOUND(#5557,.T.);
#5559= IFCFACE((#5558));
#5560= IFCPOLYLOOP((#2299,#2300,#2312));
#5561= IFCFACEOUTERBOUND(#5560,.T.);
#5562= IFCFACE((#5561));
#5563= IFCPOLYLOOP((#2299,#2312,#2311));
#5564= IFCFACEOUTERBOUND(#5563,.T.);
#5565= IFCFACE((#5564));
#5566= IFCPOLYLOOP((#2300,#2301,#2313));
#5567= IFCFACEOUTERBOUND(#5566,.T.);
#5568= IFCFACE((#5567));
#5569= IFCPOLYLOOP((#2300,#2313,#2312));
#5570= IFCFACEOUTERBOUND(#5569,.T.);
#5571= IFCFACE((#5570));
#5572= IFCPOLYLOOP((#2301,#2291,#2303));
#5573= IFCFACEOUTERBOUND(#5572,.T.);
#5574= IFCFACE((#5573));
#5575= IFCPOLYLOOP((#2301,#2303,#2313));
#5576= IFCFACEOUTERBOUND(#5575,.T.);
#5577= IFCFACE((#5576));
#5578= IFCPOLYLOOP((#2303,#2302,#2314));
#5579= IFCFACEOUTERBOUND(#5578,.T.);
#5580= IFCFACE((#5579));
#5581= IFCPOLYLOOP((#2303,#2314,#2315));
#5582= IFCFACEOUTERBOUND(#5581,.T.);
#5583= IFCFACE((#5582));
#5584= IFCPOLYLOOP((#2302,#2304,#2316));
#5585= IFCFACEOUTERBOUND(#5584,.T.);
#5586= IFCFACE((#5585));
#5587= IFCPOLYLOOP((#2302,#2316,#2314));
#5588= IFCFACEOUTERBOUND(#5587,.T.);
#5589= IFCFACE((#5588));
#5590= IFCPOLYLOOP((#2304,#2305,#2317));
#5591= IFCFACEOUTERBOUND(#5590,.T.);
#5592= IFCFACE((#5591));
#5593= IFCPOLYLOOP((#2304,#2317,#2316));
#5594= IFCFACEOUTERBOUND(#5593,.T.);
#5595= IFCFACE((#5594));
#5596= IFCPOLYLOOP((#2305,#2306,#2318));
#5597= IFCFACEOUTERBOUND(#5596,.T.);
#5598= IFCFACE((#5597));
#5599= IFCPOLYLOOP((#2305,#2318,#2317));
#5600= IFCFACEOUTERBOUND(#5599,.T.);
#5601= IFCFACE((#5600));
#5602= IFCPOLYLOOP((#2306,#2307,#2319));
#5603= IFCFACEOUTERBOUND(#5602,.T.);
#5604= IFCFACE((#5603));
#5605= IFCPOLYLOOP((#2306,#2319,#2318));
#5606= IFCFACEOUTERBOUND(#5605,.T.);
#5607= IFCFACE((#5606));
#5608= IFCPOLYLOOP((#2307,#2308,#2320));
#5609= IFCFACEOUTERBOUND(#5608,.T.);
#5610= IFCFACE((#5609));
#5611= IFCPOLYLOOP((#2307,#2320,#2319));
#5612= IFCFACEOUTERBOUND(#5611,.T.);
#5613= IFCFACE((#5612));
#5614= IFCPOLYLOOP((#2308,#2309,#2321));
#5615= IFCFACEOUTERBOUND(#5614,.T.);
#5616= IFCFACE((#5615));
#5617= IFCPOLYLOOP((#2308,#2321,#2320));
#5618= IFCFACEOUTERBOUND(#5617,.T.);
#5619= IFCFACE((#5618));
#5620= IFCPOLYLOOP((#2309,#2310,#2322));
#5621= IFCFACEOUTERBOUND(#5620,.T.);
#5622= IFCFACE((#5621));
#5623= IFCPOLYLOOP((#2309,#2322,#2321));
#5624= IFCFACEOUTERBOUND(#5623,.T.);
#5625= IFCFACE((#5624));
#5626= IFCPOLYLOOP((#2310,#2311,#2323));
#5627= IFCFACEOUTERBOUND(#5626,.T.);
#5628= IFCFACE((#5627));
#5629= IFCPOLYLOOP((#2310,#2323,#2322));
#5630= IFCFACEOUTERBOUND(#5629,.T.);
#5631= IFCFACE((#5630));
#5632= IFCPOLYLOOP((#2311,#2312,#2324));
#5633= IFCFACEOUTERBOUND(#5632,.T.);
#5634= IFCFACE((#5633));
#5635= IFCPOLYLOOP((#2311,#2324,#2323));
#5636= IFCFACEOUTERBOUND(#5635,.T.);
#5637= IFCFACE((#5636));
#5638= IFCPOLYLOOP((#2312,#2313,#2325));
#5639= IFCFACEOUTERBOUND(#5638,.T.);
#5640= IFCFACE((#5639));
#5641= IFCPOLYLOOP((#2312,#2325,#2324));
#5642= IFCFACEOUTERBOUND(#5641,.T.);
#5643= IFCFACE((#5642));
#5644= IFCPOLYLOOP((#2313,#2303,#2315));
#5645= IFCFACEOUTERBOUND(#5644,.T.);
#5646= IFCFACE((#5645));
#5647= IFCPOLYLOOP((#2313,#2315,#2325));
#5648= IFCFACEOUTERBOUND(#5647,.T.);
#5649= IFCFACE((#5648));
#5650= IFCPOLYLOOP((#2315,#2314,#2326));
#5651= IFCFACEOUTERBOUND(#5650,.T.);
#5652= IFCFACE((#5651));
#5653= IFCPOLYLOOP((#2315,#2326,#2327));
#5654= IFCFACEOUTERBOUND(#5653,.T.);
#5655= IFCFACE((#5654));
#5656= IFCPOLYLOOP((#2314,#2316,#2328));
#5657= IFCFACEOUTERBOUND(#5656,.T.);
#5658= IFCFACE((#5657));
#5659= IFCPOLYLOOP((#2314,#2328,#2326));
#5660= IFCFACEOUTERBOUND(#5659,.T.);
#5661= IFCFACE((#5660));
#5662= IFCPOLYLOOP((#2316,#2317,#2329));
#5663= IFCFACEOUTERBOUND(#5662,.T.);
#5664= IFCFACE((#5663));
#5665= IFCPOLYLOOP((#2316,#2329,#2328));
#5666= IFCFACEOUTERBOUND(#5665,.T.);
#5667= IFCFACE((#5666));
#5668= IFCPOLYLOOP((#2317,#2318,#2330));
#5669= IFCFACEOUTERBOUND(#5668,.T.);
#5670= IFCFACE((#5669));
#5671= IFCPOLYLOOP((#2317,#2330,#2329));
#5672= IFCFACEOUTERBOUND(#5671,.T.);
#5673= IFCFACE((#5672));
#5674= IFCPOLYLOOP((#2318,#2319,#2331));
#5675= IFCFACEOUTERBOUND(#5674,.T.);
#5676= IFCFACE((#5675));
#5677= IFCPOLYLOOP((#2318,#2331,#2330));
#5678= IFCFACEOUTERBOUND(#5677,.T.);
#5679= IFCFACE((#5678));
#5680= IFCPOLYLOOP((#2319,#2320,#2332));
#5681= IFCFACEOUTERBOUND(#5680,.T.);
#5682= IFCFACE((#5681));
#5683= IFCPOLYLOOP((#2319,#2332,#2331));
#5684= IFCFACEOUTERBOUND(#5683,.T.);
#5685= IFCFACE((#5684));
#5686= IFCPOLYLOOP((#2320,#2321,#2333));
#5687= IFCFACEOUTERBOUND(#5686,.T.);
#5688= IFCFACE((#5687));
#5689= IFCPOLYLOOP((#2320,#2333,#2332));
#5690= IFCFACEOUTERBOUND(#5689,.T.);
#5691= IFCFACE((#5690));
#5692= IFCPOLYLOOP((#2321,#2322,#2334));
#5693= IFCFACEOUTERBOUND(#5692,.T.);
#5694= IFCFACE((#5693));
#5695= IFCPOLYLOOP((#2321,#2334,#2333));
#5696= IFCFACEOUTERBOUND(#5695,.T.);
#5697= IFCFACE((#5696));
#5698= IFCPOLYLOOP((#2322,#2323,#2335));
#5699= IFCFACEOUTERBOUND(#5698,.T.);
#5700= IFCFACE((#5699));
#5701= IFCPOLYLOOP((#2322,#2335,#2334));
#5702= IFCFACEOUTERBOUND(#5701,.T.);
#5703= IFCFACE((#5702));
#5704= IFCPOLYLOOP((#2323,#2324,#2336));
#5705= IFCFACEOUTERBOUND(#5704,.T.);
#5706= IFCFACE((#5705));
#5707= IFCPOLYLOOP((#2323,#2336,#2335));
#5708= IFCFACEOUTERBOUND(#5707,.T.);
#5709= IFCFACE((#5708));
#5710= IFCPOLYLOOP((#2324,#2325,#2337));
#5711= IFCFACEOUTERBOUND(#5710,.T.);
#5712= IFCFACE((#5711));
#5713= IFCPOLYLOOP((#2324,#2337,#2336));
#5714= IFCFACEOUTERBOUND(#5713,.T.);
#5715= IFCFACE((#5714));
#5716= IFCPOLYLOOP((#2325,#2315,#2327));
#5717= IFCFACEOUTERBOUND(#5716,.T.);
#5718= IFCFACE((#5717));
#5719= IFCPOLYLOOP((#2325,#2327,#2337));
#5720= IFCFACEOUTERBOUND(#5719,.T.);
#5721= IFCFACE((#5720));
#5722= IFCPOLYLOOP((#2327,#2326,#2338));
#5723= IFCFACEOUTERBOUND(#5722,.T.);
#5724= IFCFACE((#5723));
#5725= IFCPOLYLOOP((#2327,#2338,#2339));
#5726= IFCFACEOUTERBOUND(#5725,.T.);
#5727= IFCFACE((#5726));
#5728= IFCPOLYLOOP((#2326,#2328,#2340));
#5729= IFCFACEOUTERBOUND(#5728,.T.);
#5730= IFCFACE((#5729));
#5731= IFCPOLYLOOP((#2326,#2340,#2338));
#5732= IFCFACEOUTERBOUND(#5731,.T.);
#5733= IFCFACE((#5732));
#5734= IFCPOLYLOOP((#2328,#2329,#2341));
#5735= IFCFACEOUTERBOUND(#5734,.T.);
#5736= IFCFACE((#5735));
#5737= IFCPOLYLOOP((#2328,#2341,#2340));
#5738= IFCFACEOUTERBOUND(#5737,.T.);
#5739= IFCFACE((#5738));
#5740= IFCPOLYLOOP((#2329,#2330,#2342));
#5741= IFCFACEOUTERBOUND(#5740,.T.);
#5742= IFCFACE((#5741));
#5743= IFCPOLYLOOP((#2329,#2342,#2341));
#5744= IFCFACEOUTERBOUND(#5743,.T.);
#5745= IFCFACE((#5744));
#5746= IFCPOLYLOOP((#2330,#2331,#2343));
#5747= IFCFACEOUTERBOUND(#5746,.T.);
#5748= IFCFACE((#5747));
#5749= IFCPOLYLOOP((#2330,#2343,#2342));
#5750= IFCFACEOUTERBOUND(#5749,.T.);
#5751= IFCFACE((#5750));
#5752= IFCPOLYLOOP((#2331,#2332,#2344));
#5753= IFCFACEOUTERBOUND(#5752,.T.);
#5754= IFCFACE((#5753));
#5755= IFCPOLYLOOP((#2331,#2344,#2343));
#5756= IFCFACEOUTERBOUND(#5755,.T.);
#5757= IFCFACE((#5756));
#5758= IFCPOLYLOOP((#2332,#2333,#2345));
#5759= IFCFACEOUTERBOUND(#5758,.T.);
#5760= IFCFACE((#5759));
#5761= IFCPOLYLOOP((#2332,#2345,#2344));
#5762= IFCFACEOUTERBOUND(#5761,.T.);
#5763= IFCFACE((#5762));
#5764= IFCPOLYLOOP((#2333,#2334,#2346));
#5765= IFCFACEOUTERBOUND(#5764,.T.);
#5766= IFCFACE((#5765));
#5767= IFCPOLYLOOP((#2333,#2346,#2345));
#5768= IFCFACEOUTERBOUND(#5767,.T.);
#5769= IFCFACE((#5768));
#5770= IFCPOLYLOOP((#2334,#2335,#2347));
#5771= IFCFACEOUTERBOUND(#5770,.T.);
#5772= IFCFACE((#5771));
#5773= IFCPOLYLOOP((#2334,#2347,#2346));
#5774= IFCFACEOUTERBOUND(#5773,.T.);
#5775= IFCFACE((#5774));
#5776= IFCPOLYLOOP((#2335,#2336,#2348));
#5777= IFCFACEOUTERBOUND(#5776,.T.);
#5778= IFCFACE((#5777));
#5779= IFCPOLYLOOP((#2335,#2348,#2347));
#5780= IFCFACEOUTERBOUND(#5779,.T.);
#5781= IFCFACE((#5780));
#5782= IFCPOLYLOOP((#2336,#2337,#2349));
#5783= IFCFACEOUTERBOUND(#5782,.T.);
#5784= IFCFACE((#5783));
#5785= IFCPOLYLOOP((#2336,#2349,#2348));
#5786= IFCFACEOUTERBOUND(#5785,.T.);
#5787= IFCFACE((#5786));
#5788= IFCPOLYLOOP((#2337,#2327,#2339));
#5789= IFCFACEOUTERBOUND(#5788,.T.);
#5790= IFCFACE((#5789));
#5791= IFCPOLYLOOP((#2337,#2339,#2349));
#5792= IFCFACEOUTERBOUND(#5791,.T.);
#5793= IFCFACE((#5792));
#5794= IFCPOLYLOOP((#2339,#2338,#2350));
#5795= IFCFACEOUTERBOUND(#5794,.T.);
#5796= IFCFACE((#5795));
#5797= IFCPOLYLOOP((#2339,#2350,#2351));
#5798= IFCFACEOUTERBOUND(#5797,.T.);
#5799= IFCFACE((#5798));
#5800= IFCPOLYLOOP((#2338,#2340,#2352));
#5801= IFCFACEOUTERBOUND(#5800,.T.);
#5802= IFCFACE((#5801));
#5803= IFCPOLYLOOP((#2338,#2352,#2350));
#5804= IFCFACEOUTERBOUND(#5803,.T.);
#5805= IFCFACE((#5804));
#5806= IFCPOLYLOOP((#2340,#2341,#2353));
#5807= IFCFACEOUTERBOUND(#5806,.T.);
#5808= IFCFACE((#5807));
#5809= IFCPOLYLOOP((#2340,#2353,#2352));
#5810= IFCFACEOUTERBOUND(#5809,.T.);
#5811= IFCFACE((#5810));
#5812= IFCPOLYLOOP((#2341,#2342,#2354));
#5813= IFCFACEOUTERBOUND(#5812,.T.);
#5814= IFCFACE((#5813));
#5815= IFCPOLYLOOP((#2341,#2354,#2353));
#5816= IFCFACEOUTERBOUND(#5815,.T.);
#5817= IFCFACE((#5816));
#5818= IFCPOLYLOOP((#2342,#2343,#2355));
#5819= IFCFACEOUTERBOUND(#5818,.T.);
#5820= IFCFACE((#5819));
#5821= IFCPOLYLOOP((#2342,#2355,#2354));
#5822= IFCFACEOUTERBOUND(#5821,.T.);
#5823= IFCFACE((#5822));
#5824= IFCPOLYLOOP((#2343,#2344,#2356));
#5825= IFCFACEOUTERBOUND(#5824,.T.);
#5826= IFCFACE((#5825));
#5827= IFCPOLYLOOP((#2343,#2356,#2355));
#5828= IFCFACEOUTERBOUND(#5827,.T.);
#5829= IFCFACE((#5828));
#5830= IFCPOLYLOOP((#2344,#2345,#2357));
#5831= IFCFACEOUTERBOUND(#5830,.T.);
#5832= IFCFACE((#5831));
#5833= IFCPOLYLOOP((#2344,#2357,#2356));
#5834= IFCFACEOUTERBOUND(#5833,.T.);
#5835= IFCFACE((#5834));
#5836= IFCPOLYLOOP((#2345,#2346,#2358));
#5837= IFCFACEOUTERBOUND(#5836,.T.);
#5838= IFCFACE((#5837));
#5839= IFCPOLYLOOP((#2345,#2358,#2357));
#5840= IFCFACEOUTERBOUND(#5839,.T.);
#5841= IFCFACE((#5840));
#5842= IFCPOLYLOOP((#2346,#2347,#2359));
#5843= IFCFACEOUTERBOUND(#5842,.T.);
#5844= IFCFACE((#5843));
#5845= IFCPOLYLOOP((#2346,#2359,#2358));
#5846= IFCFACEOUTERBOUND(#5845,.T.);
#5847= IFCFACE((#5846));
#5848= IFCPOLYLOOP((#2347,#2348,#2360));
#5849= IFCFACEOUTERBOUND(#5848,.T.);
#5850= IFCFACE((#5849));
#5851= IFCPOLYLOOP((#2347,#2360,#2359));
#5852= IFCFACEOUTERBOUND(#5851,.T.);
#5853= IFCFACE((#5852));
#5854= IFCPOLYLOOP((#2348,#2349,#2361));
#5855= IFCFACEOUTERBOUND(#5854,.T.);
#5856= IFCFACE((#5855));
#5857= IFCPOLYLOOP((#2348,#2361,#2360));
#5858= IFCFACEOUTERBOUND(#5857,.T.);
#5859= IFCFACE((#5858));
#5860= IFCPOLYLOOP((#2349,#2339,#2351));
#5861= IFCFACEOUTERBOUND(#5860,.T.);
#5862= IFCFACE((#5861));
#5863= IFCPOLYLOOP((#2349,#2351,#2361));
#5864= IFCFACEOUTERBOUND(#5863,.T.);
#5865= IFCFACE((#5864));
#5866= IFCPOLYLOOP((#2351,#2350,#2362));
#5867= IFCFACEOUTERBOUND(#5866,.T.);
#5868= IFCFACE((#5867));
#5869= IFCPOLYLOOP((#2351,#2362,#2363));
#5870= IFCFACEOUTERBOUND(#5869,.T.);
#5871= IFCFACE((#5870));
#5872= IFCPOLYLOOP((#2350,#2352,#2364));
#5873= IFCFACEOUTERBOUND(#5872,.T.);
#5874= IFCFACE((#5873));
#5875= IFCPOLYLOOP((#2350,#2364,#2362));
#5876= IFCFACEOUTERBOUND(#5875,.T.);
#5877= IFCFACE((#5876));
#5878= IFCPOLYLOOP((#2352,#2353,#2365));
#5879= IFCFACEOUTERBOUND(#5878,.T.);
#5880= IFCFACE((#5879));
#5881= IFCPOLYLOOP((#2352,#2365,#2364));
#5882= IFCFACEOUTERBOUND(#5881,.T.);
#5883= IFCFACE((#5882));
#5884= IFCPOLYLOOP((#2353,#2354,#2366));
#5885= IFCFACEOUTERBOUND(#5884,.T.);
#5886= IFCFACE((#5885));
#5887= IFCPOLYLOOP((#2353,#2366,#2365));
#5888= IFCFACEOUTERBOUND(#5887,.T.);
#5889= IFCFACE((#5888));
#5890= IFCPOLYLOOP((#2354,#2355,#2367));
#5891= IFCFACEOUTERBOUND(#5890,.T.);
#5892= IFCFACE((#5891));
#5893= IFCPOLYLOOP((#2354,#2367,#2366));
#5894= IFCFACEOUTERBOUND(#5893,.T.);
#5895= IFCFACE((#5894));
#5896= IFCPOLYLOOP((#2355,#2356,#2368));
#5897= IFCFACEOUTERBOUND(#5896,.T.);
#5898= IFCFACE((#5897));
#5899= IFCPOLYLOOP((#2355,#2368,#2367));
#5900= IFCFACEOUTERBOUND(#5899,.T.);
#5901= IFCFACE((#5900));
#5902= IFCPOLYLOOP((#2356,#2357,#2369));
#5903= IFCFACEOUTERBOUND(#5902,.T.);
#5904= IFCFACE((#5903));
#5905= IFCPOLYLOOP((#2356,#2369,#2368));
#5906= IFCFACEOUTERBOUND(#5905,.T.);
#5907= IFCFACE((#5906));
#5908= IFCPOLYLOOP((#2357,#2358,#2370));
#5909= IFCFACEOUTERBOUND(#5908,.T.);
#5910= IFCFACE((#5909));
#5911= IFCPOLYLOOP((#2357,#2370,#2369));
#5912= IFCFACEOUTERBOUND(#5911,.T.);
#5913= IFCFACE((#5912));
#5914= IFCPOLYLOOP((#2358,#2359,#2371));
#5915= IFCFACEOUTERBOUND(#5914,.T.);
#5916= IFCFACE((#5915));
#5917= IFCPOLYLOOP((#2358,#2371,#2370));
#5918= IFCFACEOUTERBOUND(#5917,.T.);
#5919= IFCFACE((#5918));
#5920= IFCPOLYLOOP((#2359,#2360,#2372));
#5921= IFCFACEOUTERBOUND(#5920,.T.);
#5922= IFCFACE((#5921));
#5923= IFCPOLYLOOP((#2359,#2372,#2371));
#5924= IFCFACEOUTERBOUND(#5923,.T.);
#5925= IFCFACE((#5924));
#5926= IFCPOLYLOOP((#2360,#2361,#2373));
#5927= IFCFACEOUTERBOUND(#5926,.T.);
#5928= IFCFACE((#5927));
#5929= IFCPOLYLOOP((#2360,#2373,#2372));
#5930= IFCFACEOUTERBOUND(#5929,.T.);
#5931= IFCFACE((#5930));
#5932= IFCPOLYLOOP((#2361,#2351,#2363));
#5933= IFCFACEOUTERBOUND(#5932,.T.);
#5934= IFCFACE((#5933));
#5935= IFCPOLYLOOP((#2361,#2363,#2373));
#5936= IFCFACEOUTERBOUND(#5935,.T.);
#5937= IFCFACE((#5936));
#5938= IFCPOLYLOOP((#2363,#2362,#2374));
#5939= IFCFACEOUTERBOUND(#5938,.T.);
#5940= IFCFACE((#5939));
#5941= IFCPOLYLOOP((#2363,#2374,#2375));
#5942= IFCFACEOUTERBOUND(#5941,.T.);
#5943= IFCFACE((#5942));
#5944= IFCPOLYLOOP((#2362,#2364,#2376));
#5945= IFCFACEOUTERBOUND(#5944,.T.);
#5946= IFCFACE((#5945));
#5947= IFCPOLYLOOP((#2362,#2376,#2374));
#5948= IFCFACEOUTERBOUND(#5947,.T.);
#5949= IFCFACE((#5948));
#5950= IFCPOLYLOOP((#2364,#2365,#2377));
#5951= IFCFACEOUTERBOUND(#5950,.T.);
#5952= IFCFACE((#5951));
#5953= IFCPOLYLOOP((#2364,#2377,#2376));
#5954= IFCFACEOUTERBOUND(#5953,.T.);
#5955= IFCFACE((#5954));
#5956= IFCPOLYLOOP((#2365,#2366,#2378));
#5957= IFCFACEOUTERBOUND(#5956,.T.);
#5958= IFCFACE((#5957));
#5959= IFCPOLYLOOP((#2365,#2378,#2377));
#5960= IFCFACEOUTERBOUND(#5959,.T.);
#5961= IFCFACE((#5960));
#5962= IFCPOLYLOOP((#2366,#2367,#2379));
#5963= IFCFACEOUTERBOUND(#5962,.T.);
#5964= IFCFACE((#5963));
#5965= IFCPOLYLOOP((#2366,#2379,#2378));
#5966= IFCFACEOUTERBOUND(#5965,.T.);
#5967= IFCFACE((#5966));
#5968= IFCPOLYLOOP((#2367,#2368,#2380));
#5969= IFCFACEOUTERBOUND(#5968,.T.);
#5970= IFCFACE((#5969));
#5971= IFCPOLYLOOP((#2367,#2380,#2379));
#5972= IFCFACEOUTERBOUND(#5971,.T.);
#5973= IFCFACE((#5972));
#5974= IFCPOLYLOOP((#2368,#2369,#2381));
#5975= IFCFACEOUTERBOUND(#5974,.T.);
#5976= IFCFACE((#5975));
#5977= IFCPOLYLOOP((#2368,#2381,#2380));
#5978= IFCFACEOUTERBOUND(#5977,.T.);
#5979= IFCFACE((#5978));
#5980= IFCPOLYLOOP((#2369,#2370,#2382));
#5981= IFCFACEOUTERBOUND(#5980,.T.);
#5982= IFCFACE((#5981));
#5983= IFCPOLYLOOP((#2369,#2382,#2381));
#5984= IFCFACEOUTERBOUND(#5983,.T.);
#5985= IFCFACE((#5984));
#5986= IFCPOLYLOOP((#2370,#2371,#2383));
#5987= IFCFACEOUTERBOUND(#5986,.T.);
#5988= IFCFACE((#5987));
#5989= IFCPOLYLOOP((#2370,#2383,#2382));
#5990= IFCFACEOUTERBOUND(#5989,.T.);
#5991= IFCFACE((#5990));
#5992= IFCPOLYLOOP((#2371,#2372,#2384));
#5993= IFCFACEOUTERBOUND(#5992,.T.);
#5994= IFCFACE((#5993));
#5995= IFCPOLYLOOP((#2371,#2384,#2383));
#5996= IFCFACEOUTERBOUND(#5995,.T.);
#5997= IFCFACE((#5996));
#5998= IFCPOLYLOOP((#2372,#2373,#2385));
#5999= IFCFACEOUTERBOUND(#5998,.T.);
#6000= IFCFACE((#5999));
#6001= IFCPOLYLOOP((#2372,#2385,#2384));
#6002= IFCFACEOUTERBOUND(#6001,.T.);
#6003= IFCFACE((#6002));
#6004= IFCPOLYLOOP((#2373,#2363,#2375));
#6005= IFCFACEOUTERBOUND(#6004,.T.);
#6006= IFCFACE((#6005));
#6007= IFCPOLYLOOP((#2373,#2375,#2385));
#6008= IFCFACEOUTERBOUND(#6007,.T.);
#6009= IFCFACE((#6008));
#6010= IFCPOLYLOOP((#2375,#2374,#2386));
#6011= IFCFACEOUTERBOUND(#6010,.T.);
#6012= IFCFACE((#6011));
#6013= IFCPOLYLOOP((#2375,#2386,#2387));
#6014= IFCFACEOUTERBOUND(#6013,.T.);
#6015= IFCFACE((#6014));
#6016= IFCPOLYLOOP((#2374,#2376,#2388));
#6017= IFCFACEOUTERBOUND(#6016,.T.);
#6018= IFCFACE((#6017));
#6019= IFCPOLYLOOP((#2374,#2388,#2386));
#6020= IFCFACEOUTERBOUND(#6019,.T.);
#6021= IFCFACE((#6020));
#6022= IFCPOLYLOOP((#2376,#2377,#2389));
#6023= IFCFACEOUTERBOUND(#6022,.T.);
#6024= IFCFACE((#6023));
#6025= IFCPOLYLOOP((#2376,#2389,#2388));
#6026= IFCFACEOUTERBOUND(#6025,.T.);
#6027= IFCFACE((#6026));
#6028= IFCPOLYLOOP((#2377,#2378,#2390));
#6029= IFCFACEOUTERBOUND(#6028,.T.);
#6030= IFCFACE((#6029));
#6031= IFCPOLYLOOP((#2377,#2390,#2389));
#6032= IFCFACEOUTERBOUND(#6031,.T.);
#6033= IFCFACE((#6032));
#6034= IFCPOLYLOOP((#2378,#2379,#2391));
#6035= IFCFACEOUTERBOUND(#6034,.T.);
#6036= IFCFACE((#6035));
#6037= IFCPOLYLOOP((#2378,#2391,#2390));
#6038= IFCFACEOUTERBOUND(#6037,.T.);
#6039= IFCFACE((#6038));
#6040= IFCPOLYLOOP((#2379,#2380,#2392));
#6041= IFCFACEOUTERBOUND(#6040,.T.);
#6042= IFCFACE((#6041));
#6043= IFCPOLYLOOP((#2379,#2392,#2391));
#6044= IFCFACEOUTERBOUND(#6043,.T.);
#6045= IFCFACE((#6044));
#6046= IFCPOLYLOOP((#2380,#2381,#2393));
#6047= IFCFACEOUTERBOUND(#6046,.T.);
#6048= IFCFACE((#6047));
#6049= IFCPOLYLOOP((#2380,#2393,#2392));
#6050= IFCFACEOUTERBOUND(#6049,.T.);
#6051= IFCFACE((#6050));
#6052= IFCPOLYLOOP((#2381,#2382,#2394));
#6053= IFCFACEOUTERBOUND(#6052,.T.);
#6054= IFCFACE((#6053));
#6055= IFCPOLYLOOP((#2381,#2394,#2393));
#6056= IFCFACEOUTERBOUND(#6055,.T.);
#6057= IFCFACE((#6056));
#6058= IFCPOLYLOOP((#2382,#2383,#2395));
#6059= IFCFACEOUTERBOUND(#6058,.T.);
#6060= IFCFACE((#6059));
#6061= IFCPOLYLOOP((#2382,#2395,#2394));
#6062= IFCFACEOUTERBOUND(#6061,.T.);
#6063= IFCFACE((#6062));
#6064= IFCPOLYLOOP((#2383,#2384,#2396));
#6065= IFCFACEOUTERBOUND(#6064,.T.);
#6066= IFCFACE((#6065));
#6067= IFCPOLYLOOP((#2383,#2396,#2395));
#6068= IFCFACEOUTERBOUND(#6067,.T.);
#6069= IFCFACE((#6068));
#6070= IFCPOLYLOOP((#2384,#2385,#2397));
#6071= IFCFACEOUTERBOUND(#6070,.T.);
#6072= IFCFACE((#6071));
#6073= IFCPOLYLOOP((#2384,#2397,#2396));
#6074= IFCFACEOUTERBOUND(#6073,.T.);
#6075= IFCFACE((#6074));
#6076= IFCPOLYLOOP((#2385,#2375,#2387));
#6077= IFCFACEOUTERBOUND(#6076,.T.);
#6078= IFCFACE((#6077));
#6079= IFCPOLYLOOP((#2385,#2387,#2397));
#6080= IFCFACEOUTERBOUND(#6079,.T.);
#6081= IFCFACE((#6080));
#6082= IFCPOLYLOOP((#2387,#2386,#2398));
#6083= IFCFACEOUTERBOUND(#6082,.T.);
#6084= IFCFACE((#6083));
#6085= IFCPOLYLOOP((#2387,#2398,#2399));
#6086= IFCFACEOUTERBOUND(#6085,.T.);
#6087= IFCFACE((#6086));
#6088= IFCPOLYLOOP((#2386,#2388,#2400));
#6089= IFCFACEOUTERBOUND(#6088,.T.);
#6090= IFCFACE((#6089));
#6091= IFCPOLYLOOP((#2386,#2400,#2398));
#6092= IFCFACEOUTERBOUND(#6091,.T.);
#6093= IFCFACE((#6092));
#6094= IFCPOLYLOOP((#2388,#2389,#2401));
#6095= IFCFACEOUTERBOUND(#6094,.T.);
#6096= IFCFACE((#6095));
#6097= IFCPOLYLOOP((#2388,#2401,#2400));
#6098= IFCFACEOUTERBOUND(#6097,.T.);
#6099= IFCFACE((#6098));
#6100= IFCPOLYLOOP((#2389,#2390,#2402));
#6101= IFCFACEOUTERBOUND(#6100,.T.);
#6102= IFCFACE((#6101));
#6103= IFCPOLYLOOP((#2389,#2402,#2401));
#6104= IFCFACEOUTERBOUND(#6103,.T.);
#6105= IFCFACE((#6104));
#6106= IFCPOLYLOOP((#2390,#2391,#2403));
#6107= IFCFACEOUTERBOUND(#6106,.T.);
#6108= IFCFACE((#6107));
#6109= IFCPOLYLOOP((#2390,#2403,#2402));
#6110= IFCFACEOUTERBOUND(#6109,.T.);
#6111= IFCFACE((#6110));
#6112= IFCPOLYLOOP((#2391,#2392,#2404));
#6113= IFCFACEOUTERBOUND(#6112,.T.);
#6114= IFCFACE((#6113));
#6115= IFCPOLYLOOP((#2391,#2404,#2403));
#6116= IFCFACEOUTERBOUND(#6115,.T.);
#6117= IFCFACE((#6116));
#6118= IFCPOLYLOOP((#2392,#2393,#2405));
#6119= IFCFACEOUTERBOUND(#6118,.T.);
#6120= IFCFACE((#6119));
#6121= IFCPOLYLOOP((#2392,#2405,#2404));
#6122= IFCFACEOUTERBOUND(#6121,.T.);
#6123= IFCFACE((#6122));
#6124= IFCPOLYLOOP((#2393,#2394,#2406));
#6125= IFCFACEOUTERBOUND(#6124,.T.);
#6126= IFCFACE((#6125));
#6127= IFCPOLYLOOP((#2393,#2406,#2405));
#6128= IFCFACEOUTERBOUND(#6127,.T.);
#6129= IFCFACE((#6128));
#6130= IFCPOLYLOOP((#2394,#2395,#2407));
#6131= IFCFACEOUTERBOUND(#6130,.T.);
#6132= IFCFACE((#6131));
#6133= IFCPOLYLOOP((#2394,#2407,#2406));
#6134= IFCFACEOUTERBOUND(#6133,.T.);
#6135= IFCFACE((#6134));
#6136= IFCPOLYLOOP((#2395,#2396,#2408));
#6137= IFCFACEOUTERBOUND(#6136,.T.);
#6138= IFCFACE((#6137));
#6139= IFCPOLYLOOP((#2395,#2408,#2407));
#6140= IFCFACEOUTERBOUND(#6139,.T.);
#6141= IFCFACE((#6140));
#6142= IFCPOLYLOOP((#2396,#2397,#2409));
#6143= IFCFACEOUTERBOUND(#6142,.T.);
#6144= IFCFACE((#6143));
#6145= IFCPOLYLOOP((#2396,#2409,#2408));
#6146= IFCFACEOUTERBOUND(#6145,.T.);
#6147= IFCFACE((#6146));
#6148= IFCPOLYLOOP((#2397,#2387,#2399));
#6149= IFCFACEOUTERBOUND(#6148,.T.);
#6150= IFCFACE((#6149));
#6151= IFCPOLYLOOP((#2397,#2399,#2409));
#6152= IFCFACEOUTERBOUND(#6151,.T.);
#6153= IFCFACE((#6152));
#6154= IFCPOLYLOOP((#2399,#2398,#2410));
#6155= IFCFACEOUTERBOUND(#6154,.T.);
#6156= IFCFACE((#6155));
#6157= IFCPOLYLOOP((#2399,#2410,#2411));
#6158= IFCFACEOUTERBOUND(#6157,.T.);
#6159= IFCFACE((#6158));
#6160= IFCPOLYLOOP((#2398,#2400,#2412));
#6161= IFCFACEOUTERBOUND(#6160,.T.);
#6162= IFCFACE((#6161));
#6163= IFCPOLYLOOP((#2398,#2412,#2410));
#6164= IFCFACEOUTERBOUND(#6163,.T.);
#6165= IFCFACE((#6164));
#6166= IFCPOLYLOOP((#2400,#2401,#2413));
#6167= IFCFACEOUTERBOUND(#6166,.T.);
#6168= IFCFACE((#6167));
#6169= IFCPOLYLOOP((#2400,#2413,#2412));
#6170= IFCFACEOUTERBOUND(#6169,.T.);
#6171= IFCFACE((#6170));
#6172= IFCPOLYLOOP((#2401,#2402,#2414));
#6173= IFCFACEOUTERBOUND(#6172,.T.);
#6174= IFCFACE((#6173));
#6175= IFCPOLYLOOP((#2401,#2414,#2413));
#6176= IFCFACEOUTERBOUND(#6175,.T.);
#6177= IFCFACE((#6176));
#6178= IFCPOLYLOOP((#2402,#2403,#2415));
#6179= IFCFACEOUTERBOUND(#6178,.T.);
#6180= IFCFACE((#6179));
#6181= IFCPOLYLOOP((#2402,#2415,#2414));
#6182= IFCFACEOUTERBOUND(#6181,.T.);
#6183= IFCFACE((#6182));
#6184= IFCPOLYLOOP((#2403,#2404,#2416));
#6185= IFCFACEOUTERBOUND(#6184,.T.);
#6186= IFCFACE((#6185));
#6187= IFCPOLYLOOP((#2403,#2416,#2415));
#6188= IFCFACEOUTERBOUND(#6187,.T.);
#6189= IFCFACE((#6188));
#6190= IFCPOLYLOOP((#2404,#2405,#2417));
#6191= IFCFACEOUTERBOUND(#6190,.T.);
#6192= IFCFACE((#6191));
#6193= IFCPOLYLOOP((#2404,#2417,#2416));
#6194= IFCFACEOUTERBOUND(#6193,.T.);
#6195= IFCFACE((#6194));
#6196= IFCPOLYLOOP((#2405,#2406,#2418));
#6197= IFCFACEOUTERBOUND(#6196,.T.);
#6198= IFCFACE((#6197));
#6199= IFCPOLYLOOP((#2405,#2418,#2417));
#6200= IFCFACEOUTERBOUND(#6199,.T.);
#6201= IFCFACE((#6200));
#6202= IFCPOLYLOOP((#2406,#2407,#2419));
#6203= IFCFACEOUTERBOUND(#6202,.T.);
#6204= IFCFACE((#6203));
#6205= IFCPOLYLOOP((#2406,#2419,#2418));
#6206= IFCFACEOUTERBOUND(#6205,.T.);
#6207= IFCFACE((#6206));
#6208= IFCPOLYLOOP((#2407,#2408,#2420));
#6209= IFCFACEOUTERBOUND(#6208,.T.);
#6210= IFCFACE((#6209));
#6211= IFCPOLYLOOP((#2407,#2420,#2419));
#6212= IFCFACEOUTERBOUND(#6211,.T.);
#6213= IFCFACE((#6212));
#6214= IFCPOLYLOOP((#2408,#2409,#2421));
#6215= IFCFACEOUTERBOUND(#6214,.T.);
#6216= IFCFACE((#6215));
#6217= IFCPOLYLOOP((#2408,#2421,#2420));
#6218= IFCFACEOUTERBOUND(#6217,.T.);
#6219= IFCFACE((#6218));
#6220= IFCPOLYLOOP((#2409,#2399,#2411));
#6221= IFCFACEOUTERBOUND(#6220,.T.);
#6222= IFCFACE((#6221));
#6223= IFCPOLYLOOP((#2409,#2411,#2421));
#6224= IFCFACEOUTERBOUND(#6223,.T.);
#6225= IFCFACE((#6224));
#6226= IFCPOLYLOOP((#2411,#2410,#2422));
#6227= IFCFACEOUTERBOUND(#6226,.T.);
#6228= IFCFACE((#6227));
#6229= IFCPOLYLOOP((#2411,#2422,#2423));
#6230= IFCFACEOUTERBOUND(#6229,.T.);
#6231= IFCFACE((#6230));
#6232= IFCPOLYLOOP((#2410,#2412,#2424));
#6233= IFCFACEOUTERBOUND(#6232,.T.);
#6234= IFCFACE((#6233));
#6235= IFCPOLYLOOP((#2410,#2424,#2422));
#6236= IFCFACEOUTERBOUND(#6235,.T.);
#6237= IFCFACE((#6236));
#6238= IFCPOLYLOOP((#2412,#2413,#2425));
#6239= IFCFACEOUTERBOUND(#6238,.T.);
#6240= IFCFACE((#6239));
#6241= IFCPOLYLOOP((#2412,#2425,#2424));
#6242= IFCFACEOUTERBOUND(#6241,.T.);
#6243= IFCFACE((#6242));
#6244= IFCPOLYLOOP((#2413,#2414,#2426));
#6245= IFCFACEOUTERBOUND(#6244,.T.);
#6246= IFCFACE((#6245));
#6247= IFCPOLYLOOP((#2413,#2426,#2425));
#6248= IFCFACEOUTERBOUND(#6247,.T.);
#6249= IFCFACE((#6248));
#6250= IFCPOLYLOOP((#2414,#2415,#2427));
#6251= IFCFACEOUTERBOUND(#6250,.T.);
#6252= IFCFACE((#6251));
#6253= IFCPOLYLOOP((#2414,#2427,#2426));
#6254= IFCFACEOUTERBOUND(#6253,.T.);
#6255= IFCFACE((#6254));
#6256= IFCPOLYLOOP((#2415,#2416,#2428));
#6257= IFCFACEOUTERBOUND(#6256,.T.);
#6258= IFCFACE((#6257));
#6259= IFCPOLYLOOP((#2415,#2428,#2427));
#6260= IFCFACEOUTERBOUND(#6259,.T.);
#6261= IFCFACE((#6260));
#6262= IFCPOLYLOOP((#2416,#2417,#2429));
#6263= IFCFACEOUTERBOUND(#6262,.T.);
#6264= IFCFACE((#6263));
#6265= IFCPOLYLOOP((#2416,#2429,#2428));
#6266= IFCFACEOUTERBOUND(#6265,.T.);
#6267= IFCFACE((#6266));
#6268= IFCPOLYLOOP((#2417,#2418,#2430));
#6269= IFCFACEOUTERBOUND(#6268,.T.);
#6270= IFCFACE((#6269));
#6271= IFCPOLYLOOP((#2417,#2430,#2429));
#6272= IFCFACEOUTERBOUND(#6271,.T.);
#6273= IFCFACE((#6272));
#6274= IFCPOLYLOOP((#2418,#2419,#2431));
#6275= IFCFACEOUTERBOUND(#6274,.T.);
#6276= IFCFACE((#6275));
#6277= IFCPOLYLOOP((#2418,#2431,#2430));
#6278= IFCFACEOUTERBOUND(#6277,.T.);
#6279= IFCFACE((#6278));
#6280= IFCPOLYLOOP((#2419,#2420,#2432));
#6281= IFCFACEOUTERBOUND(#6280,.T.);
#6282= IFCFACE((#6281));
#6283= IFCPOLYLOOP((#2419,#2432,#2431));
#6284= IFCFACEOUTERBOUND(#6283,.T.);
#6285= IFCFACE((#6284));
#6286= IFCPOLYLOOP((#2420,#2421,#2433));
#6287= IFCFACEOUTERBOUND(#6286,.T.);
#6288= IFCFACE((#6287));
#6289= IFCPOLYLOOP((#2420,#2433,#2432));
#6290= IFCFACEOUTERBOUND(#6289,.T.);
#6291= IFCFACE((#6290));
#6292= IFCPOLYLOOP((#2421,#2411,#2423));
#6293= IFCFACEOUTERBOUND(#6292,.T.);
#6294= IFCFACE((#6293));
#6295= IFCPOLYLOOP((#2421,#2423,#2433));
#6296= IFCFACEOUTERBOUND(#6295,.T.);
#6297= IFCFACE((#6296));
#6298= IFCPOLYLOOP((#2423,#2422,#2434));
#6299= IFCFACEOUTERBOUND(#6298,.T.);
#6300= IFCFACE((#6299));
#6301= IFCPOLYLOOP((#2423,#2434,#2435));
#6302= IFCFACEOUTERBOUND(#6301,.T.);
#6303= IFCFACE((#6302));
#6304= IFCPOLYLOOP((#2422,#2424,#2436));
#6305= IFCFACEOUTERBOUND(#6304,.T.);
#6306= IFCFACE((#6305));
#6307= IFCPOLYLOOP((#2422,#2436,#2434));
#6308= IFCFACEOUTERBOUND(#6307,.T.);
#6309= IFCFACE((#6308));
#6310= IFCPOLYLOOP((#2424,#2425,#2437));
#6311= IFCFACEOUTERBOUND(#6310,.T.);
#6312= IFCFACE((#6311));
#6313= IFCPOLYLOOP((#2424,#2437,#2436));
#6314= IFCFACEOUTERBOUND(#6313,.T.);
#6315= IFCFACE((#6314));
#6316= IFCPOLYLOOP((#2425,#2426,#2438));
#6317= IFCFACEOUTERBOUND(#6316,.T.);
#6318= IFCFACE((#6317));
#6319= IFCPOLYLOOP((#2425,#2438,#2437));
#6320= IFCFACEOUTERBOUND(#6319,.T.);
#6321= IFCFACE((#6320));
#6322= IFCPOLYLOOP((#2426,#2427,#2439));
#6323= IFCFACEOUTERBOUND(#6322,.T.);
#6324= IFCFACE((#6323));
#6325= IFCPOLYLOOP((#2426,#2439,#2438));
#6326= IFCFACEOUTERBOUND(#6325,.T.);
#6327= IFCFACE((#6326));
#6328= IFCPOLYLOOP((#2427,#2428,#2440));
#6329= IFCFACEOUTERBOUND(#6328,.T.);
#6330= IFCFACE((#6329));
#6331= IFCPOLYLOOP((#2427,#2440,#2439));
#6332= IFCFACEOUTERBOUND(#6331,.T.);
#6333= IFCFACE((#6332));
#6334= IFCPOLYLOOP((#2428,#2429,#2441));
#6335= IFCFACEOUTERBOUND(#6334,.T.);
#6336= IFCFACE((#6335));
#6337= IFCPOLYLOOP((#2428,#2441,#2440));
#6338= IFCFACEOUTERBOUND(#6337,.T.);
#6339= IFCFACE((#6338));
#6340= IFCPOLYLOOP((#2429,#2430,#2442));
#6341= IFCFACEOUTERBOUND(#6340,.T.);
#6342= IFCFACE((#6341));
#6343= IFCPOLYLOOP((#2429,#2442,#2441));
#6344= IFCFACEOUTERBOUND(#6343,.T.);
#6345= IFCFACE((#6344));
#6346= IFCPOLYLOOP((#2430,#2431,#2443));
#6347= IFCFACEOUTERBOUND(#6346,.T.);
#6348= IFCFACE((#6347));
#6349= IFCPOLYLOOP((#2430,#2443,#2442));
#6350= IFCFACEOUTERBOUND(#6349,.T.);
#6351= IFCFACE((#6350));
#6352= IFCPOLYLOOP((#2431,#2432,#2444));
#6353= IFCFACEOUTERBOUND(#6352,.T.);
#6354= IFCFACE((#6353));
#6355= IFCPOLYLOOP((#2431,#2444,#2443));
#6356= IFCFACEOUTERBOUND(#6355,.T.);
#6357= IFCFACE((#6356));
#6358= IFCPOLYLOOP((#2432,#2433,#2445));
#6359= IFCFACEOUTERBOUND(#6358,.T.);
#6360= IFCFACE((#6359));
#6361= IFCPOLYLOOP((#2432,#2445,#2444));
#6362= IFCFACEOUTERBOUND(#6361,.T.);
#6363= IFCFACE((#6362));
#6364= IFCPOLYLOOP((#2433,#2423,#2435));
#6365= IFCFACEOUTERBOUND(#6364,.T.);
#6366= IFCFACE((#6365));
#6367= IFCPOLYLOOP((#2433,#2435,#2445));
#6368= IFCFACEOUTERBOUND(#6367,.T.);
#6369= IFCFACE((#6368));
#6370= IFCPOLYLOOP((#2435,#2434,#2446));
#6371= IFCFACEOUTERBOUND(#6370,.T.);
#6372= IFCFACE((#6371));
#6373= IFCPOLYLOOP((#2435,#2446,#2447));
#6374= IFCFACEOUTERBOUND(#6373,.T.);
#6375= IFCFACE((#6374));
#6376= IFCPOLYLOOP((#2434,#2436,#2448));
#6377= IFCFACEOUTERBOUND(#6376,.T.);
#6378= IFCFACE((#6377));
#6379= IFCPOLYLOOP((#2434,#2448,#2446));
#6380= IFCFACEOUTERBOUND(#6379,.T.);
#6381= IFCFACE((#6380));
#6382= IFCPOLYLOOP((#2436,#2437,#2449));
#6383= IFCFACEOUTERBOUND(#6382,.T.);
#6384= IFCFACE((#6383));
#6385= IFCPOLYLOOP((#2436,#2449,#2448));
#6386= IFCFACEOUTERBOUND(#6385,.T.);
#6387= IFCFACE((#6386));
#6388= IFCPOLYLOOP((#2437,#2438,#2450));
#6389= IFCFACEOUTERBOUND(#6388,.T.);
#6390= IFCFACE((#6389));
#6391= IFCPOLYLOOP((#2437,#2450,#2449));
#6392= IFCFACEOUTERBOUND(#6391,.T.);
#6393= IFCFACE((#6392));
#6394= IFCPOLYLOOP((#2438,#2439,#2451));
#6395= IFCFACEOUTERBOUND(#6394,.T.);
#6396= IFCFACE((#6395));
#6397= IFCPOLYLOOP((#2438,#2451,#2450));
#6398= IFCFACEOUTERBOUND(#6397,.T.);
#6399= IFCFACE((#6398));
#6400= IFCPOLYLOOP((#2439,#2440,#2452));
#6401= IFCFACEOUTERBOUND(#6400,.T.);
#6402= IFCFACE((#6401));
#6403= IFCPOLYLOOP((#2439,#2452,#2451));
#6404= IFCFACEOUTERBOUND(#6403,.T.);
#6405= IFCFACE((#6404));
#6406= IFCPOLYLOOP((#2440,#2441,#2453));
#6407= IFCFACEOUTERBOUND(#6406,.T.);
#6408= IFCFACE((#6407));
#6409= IFCPOLYLOOP((#2440,#2453,#2452));
#6410= IFCFACEOUTERBOUND(#6409,.T.);
#6411= IFCFACE((#6410));
#6412= IFCPOLYLOOP((#2441,#2442,#2454));
#6413= IFCFACEOUTERBOUND(#6412,.T.);
#6414= IFCFACE((#6413));
#6415= IFCPOLYLOOP((#2441,#2454,#2453));
#6416= IFCFACEOUTERBOUND(#6415,.T.);
#6417= IFCFACE((#6416));
#6418= IFCPOLYLOOP((#2442,#2443,#2455));
#6419= IFCFACEOUTERBOUND(#6418,.T.);
#6420= IFCFACE((#6419));
#6421= IFCPOLYLOOP((#2442,#2455,#2454));
#6422= IFCFACEOUTERBOUND(#6421,.T.);
#6423= IFCFACE((#6422));
#6424= IFCPOLYLOOP((#2443,#2444,#2456));
#6425= IFCFACEOUTERBOUND(#6424,.T.);
#6426= IFCFACE((#6425));
#6427= IFCPOLYLOOP((#2443,#2456,#2455));
#6428= IFCFACEOUTERBOUND(#6427,.T.);
#6429= IFCFACE((#6428));
#6430= IFCPOLYLOOP((#2444,#2445,#2457));
#6431= IFCFACEOUTERBOUND(#6430,.T.);
#6432= IFCFACE((#6431));
#6433= IFCPOLYLOOP((#2444,#2457,#2456));
#6434= IFCFACEOUTERBOUND(#6433,.T.);
#6435= IFCFACE((#6434));
#6436= IFCPOLYLOOP((#2445,#2435,#2447));
#6437= IFCFACEOUTERBOUND(#6436,.T.);
#6438= IFCFACE((#6437));
#6439= IFCPOLYLOOP((#2445,#2447,#2457));
#6440= IFCFACEOUTERBOUND(#6439,.T.);
#6441= IFCFACE((#6440));
#6442= IFCPOLYLOOP((#2447,#2446,#2458));
#6443= IFCFACEOUTERBOUND(#6442,.T.);
#6444= IFCFACE((#6443));
#6445= IFCPOLYLOOP((#2447,#2458,#2459));
#6446= IFCFACEOUTERBOUND(#6445,.T.);
#6447= IFCFACE((#6446));
#6448= IFCPOLYLOOP((#2446,#2448,#2460));
#6449= IFCFACEOUTERBOUND(#6448,.T.);
#6450= IFCFACE((#6449));
#6451= IFCPOLYLOOP((#2446,#2460,#2458));
#6452= IFCFACEOUTERBOUND(#6451,.T.);
#6453= IFCFACE((#6452));
#6454= IFCPOLYLOOP((#2448,#2449,#2461));
#6455= IFCFACEOUTERBOUND(#6454,.T.);
#6456= IFCFACE((#6455));
#6457= IFCPOLYLOOP((#2448,#2461,#2460));
#6458= IFCFACEOUTERBOUND(#6457,.T.);
#6459= IFCFACE((#6458));
#6460= IFCPOLYLOOP((#2449,#2450,#2462));
#6461= IFCFACEOUTERBOUND(#6460,.T.);
#6462= IFCFACE((#6461));
#6463= IFCPOLYLOOP((#2449,#2462,#2461));
#6464= IFCFACEOUTERBOUND(#6463,.T.);
#6465= IFCFACE((#6464));
#6466= IFCPOLYLOOP((#2450,#2451,#2463));
#6467= IFCFACEOUTERBOUND(#6466,.T.);
#6468= IFCFACE((#6467));
#6469= IFCPOLYLOOP((#2450,#2463,#2462));
#6470= IFCFACEOUTERBOUND(#6469,.T.);
#6471= IFCFACE((#6470));
#6472= IFCPOLYLOOP((#2451,#2452,#2464));
#6473= IFCFACEOUTERBOUND(#6472,.T.);
#6474= IFCFACE((#6473));
#6475= IFCPOLYLOOP((#2451,#2464,#2463));
#6476= IFCFACEOUTERBOUND(#6475,.T.);
#6477= IFCFACE((#6476));
#6478= IFCPOLYLOOP((#2452,#2453,#2465));
#6479= IFCFACEOUTERBOUND(#6478,.T.);
#6480= IFCFACE((#6479));
#6481= IFCPOLYLOOP((#2452,#2465,#2464));
#6482= IFCFACEOUTERBOUND(#6481,.T.);
#6483= IFCFACE((#6482));
#6484= IFCPOLYLOOP((#2453,#2454,#2466));
#6485= IFCFACEOUTERBOUND(#6484,.T.);
#6486= IFCFACE((#6485));
#6487= IFCPOLYLOOP((#2453,#2466,#2465));
#6488= IFCFACEOUTERBOUND(#6487,.T.);
#6489= IFCFACE((#6488));
#6490= IFCPOLYLOOP((#2454,#2455,#2467));
#6491= IFCFACEOUTERBOUND(#6490,.T.);
#6492= IFCFACE((#6491));
#6493= IFCPOLYLOOP((#2454,#2467,#2466));
#6494= IFCFACEOUTERBOUND(#6493,.T.);
#6495= IFCFACE((#6494));
#6496= IFCPOLYLOOP((#2455,#2456,#2468));
#6497= IFCFACEOUTERBOUND(#6496,.T.);
#6498= IFCFACE((#6497));
#6499= IFCPOLYLOOP((#2455,#2468,#2467));
#6500= IFCFACEOUTERBOUND(#6499,.T.);
#6501= IFCFACE((#6500));
#6502= IFCPOLYLOOP((#2456,#2457,#2469));
#6503= IFCFACEOUTERBOUND(#6502,.T.);
#6504= IFCFACE((#6503));
#6505= IFCPOLYLOOP((#2456,#2469,#2468));
#6506= IFCFACEOUTERBOUND(#6505,.T.);
#6507= IFCFACE((#6506));
#6508= IFCPOLYLOOP((#2457,#2447,#2459));
#6509= IFCFACEOUTERBOUND(#6508,.T.);
#6510= IFCFACE((#6509));
#6511= IFCPOLYLOOP((#2457,#2459,#2469));
#6512= IFCFACEOUTERBOUND(#6511,.T.);
#6513= IFCFACE((#6512));
#6514= IFCPOLYLOOP((#2459,#2458,#2470));
#6515= IFCFACEOUTERBOUND(#6514,.T.);
#6516= IFCFACE((#6515));
#6517= IFCPOLYLOOP((#2459,#2470,#2471));
#6518= IFCFACEOUTERBOUND(#6517,.T.);
#6519= IFCFACE((#6518));
#6520= IFCPOLYLOOP((#2458,#2460,#2472));
#6521= IFCFACEOUTERBOUND(#6520,.T.);
#6522= IFCFACE((#6521));
#6523= IFCPOLYLOOP((#2458,#2472,#2470));
#6524= IFCFACEOUTERBOUND(#6523,.T.);
#6525= IFCFACE((#6524));
#6526= IFCPOLYLOOP((#2460,#2461,#2473));
#6527= IFCFACEOUTERBOUND(#6526,.T.);
#6528= IFCFACE((#6527));
#6529= IFCPOLYLOOP((#2460,#2473,#2472));
#6530= IFCFACEOUTERBOUND(#6529,.T.);
#6531= IFCFACE((#6530));
#6532= IFCPOLYLOOP((#2461,#2462,#2474));
#6533= IFCFACEOUTERBOUND(#6532,.T.);
#6534= IFCFACE((#6533));
#6535= IFCPOLYLOOP((#2461,#2474,#2473));
#6536= IFCFACEOUTERBOUND(#6535,.T.);
#6537= IFCFACE((#6536));
#6538= IFCPOLYLOOP((#2462,#2463,#2475));
#6539= IFCFACEOUTERBOUND(#6538,.T.);
#6540= IFCFACE((#6539));
#6541= IFCPOLYLOOP((#2462,#2475,#2474));
#6542= IFCFACEOUTERBOUND(#6541,.T.);
#6543= IFCFACE((#6542));
#6544= IFCPOLYLOOP((#2463,#2464,#2476));
#6545= IFCFACEOUTERBOUND(#6544,.T.);
#6546= IFCFACE((#6545));
#6547= IFCPOLYLOOP((#2463,#2476,#2475));
#6548= IFCFACEOUTERBOUND(#6547,.T.);
#6549= IFCFACE((#6548));
#6550= IFCPOLYLOOP((#2464,#2465,#2477));
#6551= IFCFACEOUTERBOUND(#6550,.T.);
#6552= IFCFACE((#6551));
#6553= IFCPOLYLOOP((#2464,#2477,#2476));
#6554= IFCFACEOUTERBOUND(#6553,.T.);
#6555= IFCFACE((#6554));
#6556= IFCPOLYLOOP((#2465,#2466,#2478));
#6557= IFCFACEOUTERBOUND(#6556,.T.);
#6558= IFCFACE((#6557));
#6559= IFCPOLYLOOP((#2465,#2478,#2477));
#6560= IFCFACEOUTERBOUND(#6559,.T.);
#6561= IFCFACE((#6560));
#6562= IFCPOLYLOOP((#2466,#2467,#2479));
#6563= IFCFACEOUTERBOUND(#6562,.T.);
#6564= IFCFACE((#6563));
#6565= IFCPOLYLOOP((#2466,#2479,#2478));
#6566= IFCFACEOUTERBOUND(#6565,.T.);
#6567= IFCFACE((#6566));
#6568= IFCPOLYLOOP((#2467,#2468,#2480));
#6569= IFCFACEOUTERBOUND(#6568,.T.);
#6570= IFCFACE((#6569));
#6571= IFCPOLYLOOP((#2467,#2480,#2479));
#6572= IFCFACEOUTERBOUND(#6571,.T.);
#6573= IFCFACE((#6572));
#6574= IFCPOLYLOOP((#2468,#2469,#2481));
#6575= IFCFACEOUTERBOUND(#6574,.T.);
#6576= IFCFACE((#6575));
#6577= IFCPOLYLOOP((#2468,#2481,#2480));
#6578= IFCFACEOUTERBOUND(#6577,.T.);
#6579= IFCFACE((#6578));
#6580= IFCPOLYLOOP((#2469,#2459,#2471));
#6581= IFCFACEOUTERBOUND(#6580,.T.);
#6582= IFCFACE((#6581));
#6583= IFCPOLYLOOP((#2469,#2471,#2481));
#6584= IFCFACEOUTERBOUND(#6583,.T.);
#6585= IFCFACE((#6584));
#6586= IFCPOLYLOOP((#2471,#2470,#2482));
#6587= IFCFACEOUTERBOUND(#6586,.T.);
#6588= IFCFACE((#6587));
#6589= IFCPOLYLOOP((#2471,#2482,#2483));
#6590= IFCFACEOUTERBOUND(#6589,.T.);
#6591= IFCFACE((#6590));
#6592= IFCPOLYLOOP((#2470,#2472,#2484));
#6593= IFCFACEOUTERBOUND(#6592,.T.);
#6594= IFCFACE((#6593));
#6595= IFCPOLYLOOP((#2470,#2484,#2482));
#6596= IFCFACEOUTERBOUND(#6595,.T.);
#6597= IFCFACE((#6596));
#6598= IFCPOLYLOOP((#2472,#2473,#2485));
#6599= IFCFACEOUTERBOUND(#6598,.T.);
#6600= IFCFACE((#6599));
#6601= IFCPOLYLOOP((#2472,#2485,#2484));
#6602= IFCFACEOUTERBOUND(#6601,.T.);
#6603= IFCFACE((#6602));
#6604= IFCPOLYLOOP((#2473,#2474,#2486));
#6605= IFCFACEOUTERBOUND(#6604,.T.);
#6606= IFCFACE((#6605));
#6607= IFCPOLYLOOP((#2473,#2486,#2485));
#6608= IFCFACEOUTERBOUND(#6607,.T.);
#6609= IFCFACE((#6608));
#6610= IFCPOLYLOOP((#2474,#2475,#2487));
#6611= IFCFACEOUTERBOUND(#6610,.T.);
#6612= IFCFACE((#6611));
#6613= IFCPOLYLOOP((#2474,#2487,#2486));
#6614= IFCFACEOUTERBOUND(#6613,.T.);
#6615= IFCFACE((#6614));
#6616= IFCPOLYLOOP((#2475,#2476,#2488));
#6617= IFCFACEOUTERBOUND(#6616,.T.);
#6618= IFCFACE((#6617));
#6619= IFCPOLYLOOP((#2475,#2488,#2487));
#6620= IFCFACEOUTERBOUND(#6619,.T.);
#6621= IFCFACE((#6620));
#6622= IFCPOLYLOOP((#2476,#2477,#2489));
#6623= IFCFACEOUTERBOUND(#6622,.T.);
#6624= IFCFACE((#6623));
#6625= IFCPOLYLOOP((#2476,#2489,#2488));
#6626= IFCFACEOUTERBOUND(#6625,.T.);
#6627= IFCFACE((#6626));
#6628= IFCPOLYLOOP((#2477,#2478,#2490));
#6629= IFCFACEOUTERBOUND(#6628,.T.);
#6630= IFCFACE((#6629));
#6631= IFCPOLYLOOP((#2477,#2490,#2489));
#6632= IFCFACEOUTERBOUND(#6631,.T.);
#6633= IFCFACE((#6632));
#6634= IFCPOLYLOOP((#2478,#2479,#2491));
#6635= IFCFACEOUTERBOUND(#6634,.T.);
#6636= IFCFACE((#6635));
#6637= IFCPOLYLOOP((#2478,#2491,#2490));
#6638= IFCFACEOUTERBOUND(#6637,.T.);
#6639= IFCFACE((#6638));
#6640= IFCPOLYLOOP((#2479,#2480,#2492));
#6641= IFCFACEOUTERBOUND(#6640,.T.);
#6642= IFCFACE((#6641));
#6643= IFCPOLYLOOP((#2479,#2492,#2491));
#6644= IFCFACEOUTERBOUND(#6643,.T.);
#6645= IFCFACE((#6644));
#6646= IFCPOLYLOOP((#2480,#2481,#2493));
#6647= IFCFACEOUTERBOUND(#6646,.T.);
#6648= IFCFACE((#6647));
#6649= IFCPOLYLOOP((#2480,#2493,#2492));
#6650= IFCFACEOUTERBOUND(#6649,.T.);
#6651= IFCFACE((#6650));
#6652= IFCPOLYLOOP((#2481,#2471,#2483));
#6653= IFCFACEOUTERBOUND(#6652,.T.);
#6654= IFCFACE((#6653));
#6655= IFCPOLYLOOP((#2481,#2483,#2493));
#6656= IFCFACEOUTERBOUND(#6655,.T.);
#6657= IFCFACE((#6656));
#6658= IFCPOLYLOOP((#2483,#2482,#2494));
#6659= IFCFACEOUTERBOUND(#6658,.T.);
#6660= IFCFACE((#6659));
#6661= IFCPOLYLOOP((#2483,#2494,#2495));
#6662= IFCFACEOUTERBOUND(#6661,.T.);
#6663= IFCFACE((#6662));
#6664= IFCPOLYLOOP((#2482,#2484,#2496));
#6665= IFCFACEOUTERBOUND(#6664,.T.);
#6666= IFCFACE((#6665));
#6667= IFCPOLYLOOP((#2482,#2496,#2494));
#6668= IFCFACEOUTERBOUND(#6667,.T.);
#6669= IFCFACE((#6668));
#6670= IFCPOLYLOOP((#2484,#2485,#2497));
#6671= IFCFACEOUTERBOUND(#6670,.T.);
#6672= IFCFACE((#6671));
#6673= IFCPOLYLOOP((#2484,#2497,#2496));
#6674= IFCFACEOUTERBOUND(#6673,.T.);
#6675= IFCFACE((#6674));
#6676= IFCPOLYLOOP((#2485,#2486,#2498));
#6677= IFCFACEOUTERBOUND(#6676,.T.);
#6678= IFCFACE((#6677));
#6679= IFCPOLYLOOP((#2485,#2498,#2497));
#6680= IFCFACEOUTERBOUND(#6679,.T.);
#6681= IFCFACE((#6680));
#6682= IFCPOLYLOOP((#2486,#2487,#2499));
#6683= IFCFACEOUTERBOUND(#6682,.T.);
#6684= IFCFACE((#6683));
#6685= IFCPOLYLOOP((#2486,#2499,#2498));
#6686= IFCFACEOUTERBOUND(#6685,.T.);
#6687= IFCFACE((#6686));
#6688= IFCPOLYLOOP((#2487,#2488,#2500));
#6689= IFCFACEOUTERBOUND(#6688,.T.);
#6690= IFCFACE((#6689));
#6691= IFCPOLYLOOP((#2487,#2500,#2499));
#6692= IFCFACEOUTERBOUND(#6691,.T.);
#6693= IFCFACE((#6692));
#6694= IFCPOLYLOOP((#2488,#2489,#2501));
#6695= IFCFACEOUTERBOUND(#6694,.T.);
#6696= IFCFACE((#6695));
#6697= IFCPOLYLOOP((#2488,#2501,#2500));
#6698= IFCFACEOUTERBOUND(#6697,.T.);
#6699= IFCFACE((#6698));
#6700= IFCPOLYLOOP((#2489,#2490,#2502));
#6701= IFCFACEOUTERBOUND(#6700,.T.);
#6702= IFCFACE((#6701));
#6703= IFCPOLYLOOP((#2489,#2502,#2501));
#6704= IFCFACEOUTERBOUND(#6703,.T.);
#6705= IFCFACE((#6704));
#6706= IFCPOLYLOOP((#2490,#2491,#2503));
#6707= IFCFACEOUTERBOUND(#6706,.T.);
#6708= IFCFACE((#6707));
#6709= IFCPOLYLOOP((#2490,#2503,#2502));
#6710= IFCFACEOUTERBOUND(#6709,.T.);
#6711= IFCFACE((#6710));
#6712= IFCPOLYLOOP((#2491,#2492,#2504));
#6713= IFCFACEOUTERBOUND(#6712,.T.);
#6714= IFCFACE((#6713));
#6715= IFCPOLYLOOP((#2491,#2504,#2503));
#6716= IFCFACEOUTERBOUND(#6715,.T.);
#6717= IFCFACE((#6716));
#6718= IFCPOLYLOOP((#2492,#2493,#2505));
#6719= IFCFACEOUTERBOUND(#6718,.T.);
#6720= IFCFACE((#6719));
#6721= IFCPOLYLOOP((#2492,#2505,#2504));
#6722= IFCFACEOUTERBOUND(#6721,.T.);
#6723= IFCFACE((#6722));
#6724= IFCPOLYLOOP((#2493,#2483,#2495));
#6725= IFCFACEOUTERBOUND(#6724,.T.);
#6726= IFCFACE((#6725));
#6727= IFCPOLYLOOP((#2493,#2495,#2505));
#6728= IFCFACEOUTERBOUND(#6727,.T.);
#6729= IFCFACE((#6728));
#6730= IFCPOLYLOOP((#2495,#2494,#2506));
#6731= IFCFACEOUTERBOUND(#6730,.T.);
#6732= IFCFACE((#6731));
#6733= IFCPOLYLOOP((#2495,#2506,#2507));
#6734= IFCFACEOUTERBOUND(#6733,.T.);
#6735= IFCFACE((#6734));
#6736= IFCPOLYLOOP((#2494,#2496,#2508));
#6737= IFCFACEOUTERBOUND(#6736,.T.);
#6738= IFCFACE((#6737));
#6739= IFCPOLYLOOP((#2494,#2508,#2506));
#6740= IFCFACEOUTERBOUND(#6739,.T.);
#6741= IFCFACE((#6740));
#6742= IFCPOLYLOOP((#2496,#2497,#2509));
#6743= IFCFACEOUTERBOUND(#6742,.T.);
#6744= IFCFACE((#6743));
#6745= IFCPOLYLOOP((#2496,#2509,#2508));
#6746= IFCFACEOUTERBOUND(#6745,.T.);
#6747= IFCFACE((#6746));
#6748= IFCPOLYLOOP((#2497,#2498,#2510));
#6749= IFCFACEOUTERBOUND(#6748,.T.);
#6750= IFCFACE((#6749));
#6751= IFCPOLYLOOP((#2497,#2510,#2509));
#6752= IFCFACEOUTERBOUND(#6751,.T.);
#6753= IFCFACE((#6752));
#6754= IFCPOLYLOOP((#2498,#2499,#2511));
#6755= IFCFACEOUTERBOUND(#6754,.T.);
#6756= IFCFACE((#6755));
#6757= IFCPOLYLOOP((#2498,#2511,#2510));
#6758= IFCFACEOUTERBOUND(#6757,.T.);
#6759= IFCFACE((#6758));
#6760= IFCPOLYLOOP((#2499,#2500,#2512));
#6761= IFCFACEOUTERBOUND(#6760,.T.);
#6762= IFCFACE((#6761));
#6763= IFCPOLYLOOP((#2499,#2512,#2511));
#6764= IFCFACEOUTERBOUND(#6763,.T.);
#6765= IFCFACE((#6764));
#6766= IFCPOLYLOOP((#2500,#2501,#2513));
#6767= IFCFACEOUTERBOUND(#6766,.T.);
#6768= IFCFACE((#6767));
#6769= IFCPOLYLOOP((#2500,#2513,#2512));
#6770= IFCFACEOUTERBOUND(#6769,.T.);
#6771= IFCFACE((#6770));
#6772= IFCPOLYLOOP((#2501,#2502,#2514));
#6773= IFCFACEOUTERBOUND(#6772,.T.);
#6774= IFCFACE((#6773));
#6775= IFCPOLYLOOP((#2501,#2514,#2513));
#6776= IFCFACEOUTERBOUND(#6775,.T.);
#6777= IFCFACE((#6776));
#6778= IFCPOLYLOOP((#2502,#2503,#2515));
#6779= IFCFACEOUTERBOUND(#6778,.T.);
#6780= IFCFACE((#6779));
#6781= IFCPOLYLOOP((#2502,#2515,#2514));
#6782= IFCFACEOUTERBOUND(#6781,.T.);
#6783= IFCFACE((#6782));
#6784= IFCPOLYLOOP((#2503,#2504,#2516));
#6785= IFCFACEOUTERBOUND(#6784,.T.);
#6786= IFCFACE((#6785));
#6787= IFCPOLYLOOP((#2503,#2516,#2515));
#6788= IFCFACEOUTERBOUND(#6787,.T.);
#6789= IFCFACE((#6788));
#6790= IFCPOLYLOOP((#2504,#2505,#2517));
#6791= IFCFACEOUTERBOUND(#6790,.T.);
#6792= IFCFACE((#6791));
#6793= IFCPOLYLOOP((#2504,#2517,#2516));
#6794= IFCFACEOUTERBOUND(#6793,.T.);
#6795= IFCFACE((#6794));
#6796= IFCPOLYLOOP((#2505,#2495,#2507));
#6797= IFCFACEOUTERBOUND(#6796,.T.);
#6798= IFCFACE((#6797));
#6799= IFCPOLYLOOP((#2505,#2507,#2517));
#6800= IFCFACEOUTERBOUND(#6799,.T.);
#6801= IFCFACE((#6800));
#6802= IFCPOLYLOOP((#2507,#2506,#2518));
#6803= IFCFACEOUTERBOUND(#6802,.T.);
#6804= IFCFACE((#6803));
#6805= IFCPOLYLOOP((#2507,#2518,#2519));
#6806= IFCFACEOUTERBOUND(#6805,.T.);
#6807= IFCFACE((#6806));
#6808= IFCPOLYLOOP((#2506,#2508,#2520));
#6809= IFCFACEOUTERBOUND(#6808,.T.);
#6810= IFCFACE((#6809));
#6811= IFCPOLYLOOP((#2506,#2520,#2518));
#6812= IFCFACEOUTERBOUND(#6811,.T.);
#6813= IFCFACE((#6812));
#6814= IFCPOLYLOOP((#2508,#2509,#2521));
#6815= IFCFACEOUTERBOUND(#6814,.T.);
#6816= IFCFACE((#6815));
#6817= IFCPOLYLOOP((#2508,#2521,#2520));
#6818= IFCFACEOUTERBOUND(#6817,.T.);
#6819= IFCFACE((#6818));
#6820= IFCPOLYLOOP((#2509,#2510,#2522));
#6821= IFCFACEOUTERBOUND(#6820,.T.);
#6822= IFCFACE((#6821));
#6823= IFCPOLYLOOP((#2509,#2522,#2521));
#6824= IFCFACEOUTERBOUND(#6823,.T.);
#6825= IFCFACE((#6824));
#6826= IFCPOLYLOOP((#2510,#2511,#2523));
#6827= IFCFACEOUTERBOUND(#6826,.T.);
#6828= IFCFACE((#6827));
#6829= IFCPOLYLOOP((#2510,#2523,#2522));
#6830= IFCFACEOUTERBOUND(#6829,.T.);
#6831= IFCFACE((#6830));
#6832= IFCPOLYLOOP((#2511,#2512,#2524));
#6833= IFCFACEOUTERBOUND(#6832,.T.);
#6834= IFCFACE((#6833));
#6835= IFCPOLYLOOP((#2511,#2524,#2523));
#6836= IFCFACEOUTERBOUND(#6835,.T.);
#6837= IFCFACE((#6836));
#6838= IFCPOLYLOOP((#2512,#2513,#2525));
#6839= IFCFACEOUTERBOUND(#6838,.T.);
#6840= IFCFACE((#6839));
#6841= IFCPOLYLOOP((#2512,#2525,#2524));
#6842= IFCFACEOUTERBOUND(#6841,.T.);
#6843= IFCFACE((#6842));
#6844= IFCPOLYLOOP((#2513,#2514,#2526));
#6845= IFCFACEOUTERBOUND(#6844,.T.);
#6846= IFCFACE((#6845));
#6847= IFCPOLYLOOP((#2513,#2526,#2525));
#6848= IFCFACEOUTERBOUND(#6847,.T.);
#6849= IFCFACE((#6848));
#6850= IFCPOLYLOOP((#2514,#2515,#2527));
#6851= IFCFACEOUTERBOUND(#6850,.T.);
#6852= IFCFACE((#6851));
#6853= IFCPOLYLOOP((#2514,#2527,#2526));
#6854= IFCFACEOUTERBOUND(#6853,.T.);
#6855= IFCFACE((#6854));
#6856= IFCPOLYLOOP((#2515,#2516,#2528));
#6857= IFCFACEOUTERBOUND(#6856,.T.);
#6858= IFCFACE((#6857));
#6859= IFCPOLYLOOP((#2515,#2528,#2527));
#6860= IFCFACEOUTERBOUND(#6859,.T.);
#6861= IFCFACE((#6860));
#6862= IFCPOLYLOOP((#2516,#2517,#2529));
#6863= IFCFACEOUTERBOUND(#6862,.T.);
#6864= IFCFACE((#6863));
#6865= IFCPOLYLOOP((#2516,#2529,#2528));
#6866= IFCFACEOUTERBOUND(#6865,.T.);
#6867= IFCFACE((#6866));
#6868= IFCPOLYLOOP((#2517,#2507,#2519));
#6869= IFCFACEOUTERBOUND(#6868,.T.);
#6870= IFCFACE((#6869));
#6871= IFCPOLYLOOP((#2517,#2519,#2529));
#6872= IFCFACEOUTERBOUND(#6871,.T.);
#6873= IFCFACE((#6872));
#6874= IFCPOLYLOOP((#2519,#2518,#2530));
#6875= IFCFACEOUTERBOUND(#6874,.T.);
#6876= IFCFACE((#6875));
#6877= IFCPOLYLOOP((#2519,#2530,#2531));
#6878= IFCFACEOUTERBOUND(#6877,.T.);
#6879= IFCFACE((#6878));
#6880= IFCPOLYLOOP((#2518,#2520,#2532));
#6881= IFCFACEOUTERBOUND(#6880,.T.);
#6882= IFCFACE((#6881));
#6883= IFCPOLYLOOP((#2518,#2532,#2530));
#6884= IFCFACEOUTERBOUND(#6883,.T.);
#6885= IFCFACE((#6884));
#6886= IFCPOLYLOOP((#2520,#2521,#2533));
#6887= IFCFACEOUTERBOUND(#6886,.T.);
#6888= IFCFACE((#6887));
#6889= IFCPOLYLOOP((#2520,#2533,#2532));
#6890= IFCFACEOUTERBOUND(#6889,.T.);
#6891= IFCFACE((#6890));
#6892= IFCPOLYLOOP((#2521,#2522,#2534));
#6893= IFCFACEOUTERBOUND(#6892,.T.);
#6894= IFCFACE((#6893));
#6895= IFCPOLYLOOP((#2521,#2534,#2533));
#6896= IFCFACEOUTERBOUND(#6895,.T.);
#6897= IFCFACE((#6896));
#6898= IFCPOLYLOOP((#2522,#2523,#2535));
#6899= IFCFACEOUTERBOUND(#6898,.T.);
#6900= IFCFACE((#6899));
#6901= IFCPOLYLOOP((#2522,#2535,#2534));
#6902= IFCFACEOUTERBOUND(#6901,.T.);
#6903= IFCFACE((#6902));
#6904= IFCPOLYLOOP((#2523,#2524,#2536));
#6905= IFCFACEOUTERBOUND(#6904,.T.);
#6906= IFCFACE((#6905));
#6907= IFCPOLYLOOP((#2523,#2536,#2535));
#6908= IFCFACEOUTERBOUND(#6907,.T.);
#6909= IFCFACE((#6908));
#6910= IFCPOLYLOOP((#2524,#2525,#2537));
#6911= IFCFACEOUTERBOUND(#6910,.T.);
#6912= IFCFACE((#6911));
#6913= IFCPOLYLOOP((#2524,#2537,#2536));
#6914= IFCFACEOUTERBOUND(#6913,.T.);
#6915= IFCFACE((#6914));
#6916= IFCPOLYLOOP((#2525,#2526,#2538));
#6917= IFCFACEOUTERBOUND(#6916,.T.);
#6918= IFCFACE((#6917));
#6919= IFCPOLYLOOP((#2525,#2538,#2537));
#6920= IFCFACEOUTERBOUND(#6919,.T.);
#6921= IFCFACE((#6920));
#6922= IFCPOLYLOOP((#2526,#2527,#2539));
#6923= IFCFACEOUTERBOUND(#6922,.T.);
#6924= IFCFACE((#6923));
#6925= IFCPOLYLOOP((#2526,#2539,#2538));
#6926= IFCFACEOUTERBOUND(#6925,.T.);
#6927= IFCFACE((#6926));
#6928= IFCPOLYLOOP((#2527,#2528,#2540));
#6929= IFCFACEOUTERBOUND(#6928,.T.);
#6930= IFCFACE((#6929));
#6931= IFCPOLYLOOP((#2527,#2540,#2539));
#6932= IFCFACEOUTERBOUND(#6931,.T.);
#6933= IFCFACE((#6932));
#6934= IFCPOLYLOOP((#2528,#2529,#2541));
#6935= IFCFACEOUTERBOUND(#6934,.T.);
#6936= IFCFACE((#6935));
#6937= IFCPOLYLOOP((#2528,#2541,#2540));
#6938= IFCFACEOUTERBOUND(#6937,.T.);
#6939= IFCFACE((#6938));
#6940= IFCPOLYLOOP((#2529,#2519,#2531));
#6941= IFCFACEOUTERBOUND(#6940,.T.);
#6942= IFCFACE((#6941));
#6943= IFCPOLYLOOP((#2529,#2531,#2541));
#6944= IFCFACEOUTERBOUND(#6943,.T.);
#6945= IFCFACE((#6944));
#6946= IFCPOLYLOOP((#2531,#2530,#2542));
#6947= IFCFACEOUTERBOUND(#6946,.T.);
#6948= IFCFACE((#6947));
#6949= IFCPOLYLOOP((#2531,#2542,#2543));
#6950= IFCFACEOUTERBOUND(#6949,.T.);
#6951= IFCFACE((#6950));
#6952= IFCPOLYLOOP((#2530,#2532,#2544));
#6953= IFCFACEOUTERBOUND(#6952,.T.);
#6954= IFCFACE((#6953));
#6955= IFCPOLYLOOP((#2530,#2544,#2542));
#6956= IFCFACEOUTERBOUND(#6955,.T.);
#6957= IFCFACE((#6956));
#6958= IFCPOLYLOOP((#2532,#2533,#2545));
#6959= IFCFACEOUTERBOUND(#6958,.T.);
#6960= IFCFACE((#6959));
#6961= IFCPOLYLOOP((#2532,#2545,#2544));
#6962= IFCFACEOUTERBOUND(#6961,.T.);
#6963= IFCFACE((#6962));
#6964= IFCPOLYLOOP((#2533,#2534,#2546));
#6965= IFCFACEOUTERBOUND(#6964,.T.);
#6966= IFCFACE((#6965));
#6967= IFCPOLYLOOP((#2533,#2546,#2545));
#6968= IFCFACEOUTERBOUND(#6967,.T.);
#6969= IFCFACE((#6968));
#6970= IFCPOLYLOOP((#2534,#2535,#2547));
#6971= IFCFACEOUTERBOUND(#6970,.T.);
#6972= IFCFACE((#6971));
#6973= IFCPOLYLOOP((#2534,#2547,#2546));
#6974= IFCFACEOUTERBOUND(#6973,.T.);
#6975= IFCFACE((#6974));
#6976= IFCPOLYLOOP((#2535,#2536,#2548));
#6977= IFCFACEOUTERBOUND(#6976,.T.);
#6978= IFCFACE((#6977));
#6979= IFCPOLYLOOP((#2535,#2548,#2547));
#6980= IFCFACEOUTERBOUND(#6979,.T.);
#6981= IFCFACE((#6980));
#6982= IFCPOLYLOOP((#2536,#2537,#2549));
#6983= IFCFACEOUTERBOUND(#6982,.T.);
#6984= IFCFACE((#6983));
#6985= IFCPOLYLOOP((#2536,#2549,#2548));
#6986= IFCFACEOUTERBOUND(#6985,.T.);
#6987= IFCFACE((#6986));
#6988= IFCPOLYLOOP((#2537,#2538,#2550));
#6989= IFCFACEOUTERBOUND(#6988,.T.);
#6990= IFCFACE((#6989));
#6991= IFCPOLYLOOP((#2537,#2550,#2549));
#6992= IFCFACEOUTERBOUND(#6991,.T.);
#6993= IFCFACE((#6992));
#6994= IFCPOLYLOOP((#2538,#2539,#2551));
#6995= IFCFACEOUTERBOUND(#6994,.T.);
#6996= IFCFACE((#6995));
#6997= IFCPOLYLOOP((#2538,#2551,#2550));
#6998= IFCFACEOUTERBOUND(#6997,.T.);
#6999= IFCFACE((#6998));
#7000= IFCPOLYLOOP((#2539,#2540,#2552));
#7001= IFCFACEOUTERBOUND(#7000,.T.);
#7002= IFCFACE((#7001));
#7003= IFCPOLYLOOP((#2539,#2552,#2551));
#7004= IFCFACEOUTERBOUND(#7003,.T.);
#7005= IFCFACE((#7004));
#7006= IFCPOLYLOOP((#2540,#2541,#2553));
#7007= IFCFACEOUTERBOUND(#7006,.T.);
#7008= IFCFACE((#7007));
#7009= IFCPOLYLOOP((#2540,#2553,#2552));
#7010= IFCFACEOUTERBOUND(#7009,.T.);
#7011= IFCFACE((#7010));
#7012= IFCPOLYLOOP((#2541,#2531,#2543));
#7013= IFCFACEOUTERBOUND(#7012,.T.);
#7014= IFCFACE((#7013));
#7015= IFCPOLYLOOP((#2541,#2543,#2553));
#7016= IFCFACEOUTERBOUND(#7015,.T.);
#7017= IFCFACE((#7016));
#7018= IFCPOLYLOOP((#2543,#2542,#2554));
#7019= IFCFACEOUTERBOUND(#7018,.T.);
#7020= IFCFACE((#7019));
#7021= IFCPOLYLOOP((#2543,#2554,#2555));
#7022= IFCFACEOUTERBOUND(#7021,.T.);
#7023= IFCFACE((#7022));
#7024= IFCPOLYLOOP((#2542,#2544,#2556));
#7025= IFCFACEOUTERBOUND(#7024,.T.);
#7026= IFCFACE((#7025));
#7027= IFCPOLYLOOP((#2542,#2556,#2554));
#7028= IFCFACEOUTERBOUND(#7027,.T.);
#7029= IFCFACE((#7028));
#7030= IFCPOLYLOOP((#2544,#2545,#2557));
#7031= IFCFACEOUTERBOUND(#7030,.T.);
#7032= IFCFACE((#7031));
#7033= IFCPOLYLOOP((#2544,#2557,#2556));
#7034= IFCFACEOUTERBOUND(#7033,.T.);
#7035= IFCFACE((#7034));
#7036= IFCPOLYLOOP((#2545,#2546,#2558));
#7037= IFCFACEOUTERBOUND(#7036,.T.);
#7038= IFCFACE((#7037));
#7039= IFCPOLYLOOP((#2545,#2558,#2557));
#7040= IFCFACEOUTERBOUND(#7039,.T.);
#7041= IFCFACE((#7040));
#7042= IFCPOLYLOOP((#2546,#2547,#2559));
#7043= IFCFACEOUTERBOUND(#7042,.T.);
#7044= IFCFACE((#7043));
#7045= IFCPOLYLOOP((#2546,#2559,#2558));
#7046= IFCFACEOUTERBOUND(#7045,.T.);
#7047= IFCFACE((#7046));
#7048= IFCPOLYLOOP((#2547,#2548,#2560));
#7049= IFCFACEOUTERBOUND(#7048,.T.);
#7050= IFCFACE((#7049));
#7051= IFCPOLYLOOP((#2547,#2560,#2559));
#7052= IFCFACEOUTERBOUND(#7051,.T.);
#7053= IFCFACE((#7052));
#7054= IFCPOLYLOOP((#2548,#2549,#2561));
#7055= IFCFACEOUTERBOUND(#7054,.T.);
#7056= IFCFACE((#7055));
#7057= IFCPOLYLOOP((#2548,#2561,#2560));
#7058= IFCFACEOUTERBOUND(#7057,.T.);
#7059= IFCFACE((#7058));
#7060= IFCPOLYLOOP((#2549,#2550,#2562));
#7061= IFCFACEOUTERBOUND(#7060,.T.);
#7062= IFCFACE((#7061));
#7063= IFCPOLYLOOP((#2549,#2562,#2561));
#7064= IFCFACEOUTERBOUND(#7063,.T.);
#7065= IFCFACE((#7064));
#7066= IFCPOLYLOOP((#2550,#2551,#2563));
#7067= IFCFACEOUTERBOUND(#7066,.T.);
#7068= IFCFACE((#7067));
#7069= IFCPOLYLOOP((#2550,#2563,#2562));
#7070= IFCFACEOUTERBOUND(#7069,.T.);
#7071= IFCFACE((#7070));
#7072= IFCPOLYLOOP((#2551,#2552,#2564));
#7073= IFCFACEOUTERBOUND(#7072,.T.);
#7074= IFCFACE((#7073));
#7075= IFCPOLYLOOP((#2551,#2564,#2563));
#7076= IFCFACEOUTERBOUND(#7075,.T.);
#7077= IFCFACE((#7076));
#7078= IFCPOLYLOOP((#2552,#2553,#2565));
#7079= IFCFACEOUTERBOUND(#7078,.T.);
#7080= IFCFACE((#7079));
#7081= IFCPOLYLOOP((#2552,#2565,#2564));
#7082= IFCFACEOUTERBOUND(#7081,.T.);
#7083= IFCFACE((#7082));
#7084= IFCPOLYLOOP((#2553,#2543,#2555));
#7085= IFCFACEOUTERBOUND(#7084,.T.);
#7086= IFCFACE((#7085));
#7087= IFCPOLYLOOP((#2553,#2555,#2565));
#7088= IFCFACEOUTERBOUND(#7087,.T.);
#7089= IFCFACE((#7088));
#7090= IFCPOLYLOOP((#2555,#2554,#2566));
#7091= IFCFACEOUTERBOUND(#7090,.T.);
#7092= IFCFACE((#7091));
#7093= IFCPOLYLOOP((#2555,#2566,#2567));
#7094= IFCFACEOUTERBOUND(#7093,.T.);
#7095= IFCFACE((#7094));
#7096= IFCPOLYLOOP((#2554,#2556,#2568));
#7097= IFCFACEOUTERBOUND(#7096,.T.);
#7098= IFCFACE((#7097));
#7099= IFCPOLYLOOP((#2554,#2568,#2566));
#7100= IFCFACEOUTERBOUND(#7099,.T.);
#7101= IFCFACE((#7100));
#7102= IFCPOLYLOOP((#2556,#2557,#2569));
#7103= IFCFACEOUTERBOUND(#7102,.T.);
#7104= IFCFACE((#7103));
#7105= IFCPOLYLOOP((#2556,#2569,#2568));
#7106= IFCFACEOUTERBOUND(#7105,.T.);
#7107= IFCFACE((#7106));
#7108= IFCPOLYLOOP((#2557,#2558,#2570));
#7109= IFCFACEOUTERBOUND(#7108,.T.);
#7110= IFCFACE((#7109));
#7111= IFCPOLYLOOP((#2557,#2570,#2569));
#7112= IFCFACEOUTERBOUND(#7111,.T.);
#7113= IFCFACE((#7112));
#7114= IFCPOLYLOOP((#2558,#2559,#2571));
#7115= IFCFACEOUTERBOUND(#7114,.T.);
#7116= IFCFACE((#7115));
#7117= IFCPOLYLOOP((#2558,#2571,#2570));
#7118= IFCFACEOUTERBOUND(#7117,.T.);
#7119= IFCFACE((#7118));
#7120= IFCPOLYLOOP((#2559,#2560,#2572));
#7121= IFCFACEOUTERBOUND(#7120,.T.);
#7122= IFCFACE((#7121));
#7123= IFCPOLYLOOP((#2559,#2572,#2571));
#7124= IFCFACEOUTERBOUND(#7123,.T.);
#7125= IFCFACE((#7124));
#7126= IFCPOLYLOOP((#2560,#2561,#2573));
#7127= IFCFACEOUTERBOUND(#7126,.T.);
#7128= IFCFACE((#7127));
#7129= IFCPOLYLOOP((#2560,#2573,#2572));
#7130= IFCFACEOUTERBOUND(#7129,.T.);
#7131= IFCFACE((#7130));
#7132= IFCPOLYLOOP((#2561,#2562,#2574));
#7133= IFCFACEOUTERBOUND(#7132,.T.);
#7134= IFCFACE((#7133));
#7135= IFCPOLYLOOP((#2561,#2574,#2573));
#7136= IFCFACEOUTERBOUND(#7135,.T.);
#7137= IFCFACE((#7136));
#7138= IFCPOLYLOOP((#2562,#2563,#2575));
#7139= IFCFACEOUTERBOUND(#7138,.T.);
#7140= IFCFACE((#7139));
#7141= IFCPOLYLOOP((#2562,#2575,#2574));
#7142= IFCFACEOUTERBOUND(#7141,.T.);
#7143= IFCFACE((#7142));
#7144= IFCPOLYLOOP((#2563,#2564,#2576));
#7145= IFCFACEOUTERBOUND(#7144,.T.);
#7146= IFCFACE((#7145));
#7147= IFCPOLYLOOP((#2563,#2576,#2575));
#7148= IFCFACEOUTERBOUND(#7147,.T.);
#7149= IFCFACE((#7148));
#7150= IFCPOLYLOOP((#2564,#2565,#2577));
#7151= IFCFACEOUTERBOUND(#7150,.T.);
#7152= IFCFACE((#7151));
#7153= IFCPOLYLOOP((#2564,#2577,#2576));
#7154= IFCFACEOUTERBOUND(#7153,.T.);
#7155= IFCFACE((#7154));
#7156= IFCPOLYLOOP((#2565,#2555,#2567));
#7157= IFCFACEOUTERBOUND(#7156,.T.);
#7158= IFCFACE((#7157));
#7159= IFCPOLYLOOP((#2565,#2567,#2577));
#7160= IFCFACEOUTERBOUND(#7159,.T.);
#7161= IFCFACE((#7160));
#7162= IFCPOLYLOOP((#2567,#2566,#2578));
#7163= IFCFACEOUTERBOUND(#7162,.T.);
#7164= IFCFACE((#7163));
#7165= IFCPOLYLOOP((#2567,#2578,#2579));
#7166= IFCFACEOUTERBOUND(#7165,.T.);
#7167= IFCFACE((#7166));
#7168= IFCPOLYLOOP((#2566,#2568,#2580));
#7169= IFCFACEOUTERBOUND(#7168,.T.);
#7170= IFCFACE((#7169));
#7171= IFCPOLYLOOP((#2566,#2580,#2578));
#7172= IFCFACEOUTERBOUND(#7171,.T.);
#7173= IFCFACE((#7172));
#7174= IFCPOLYLOOP((#2568,#2569,#2581));
#7175= IFCFACEOUTERBOUND(#7174,.T.);
#7176= IFCFACE((#7175));
#7177= IFCPOLYLOOP((#2568,#2581,#2580));
#7178= IFCFACEOUTERBOUND(#7177,.T.);
#7179= IFCFACE((#7178));
#7180= IFCPOLYLOOP((#2569,#2570,#2582));
#7181= IFCFACEOUTERBOUND(#7180,.T.);
#7182= IFCFACE((#7181));
#7183= IFCPOLYLOOP((#2569,#2582,#2581));
#7184= IFCFACEOUTERBOUND(#7183,.T.);
#7185= IFCFACE((#7184));
#7186= IFCPOLYLOOP((#2570,#2571,#2583));
#7187= IFCFACEOUTERBOUND(#7186,.T.);
#7188= IFCFACE((#7187));
#7189= IFCPOLYLOOP((#2570,#2583,#2582));
#7190= IFCFACEOUTERBOUND(#7189,.T.);
#7191= IFCFACE((#7190));
#7192= IFCPOLYLOOP((#2571,#2572,#2584));
#7193= IFCFACEOUTERBOUND(#7192,.T.);
#7194= IFCFACE((#7193));
#7195= IFCPOLYLOOP((#2571,#2584,#2583));
#7196= IFCFACEOUTERBOUND(#7195,.T.);
#7197= IFCFACE((#7196));
#7198= IFCPOLYLOOP((#2572,#2573,#2585));
#7199= IFCFACEOUTERBOUND(#7198,.T.);
#7200= IFCFACE((#7199));
#7201= IFCPOLYLOOP((#2572,#2585,#2584));
#7202= IFCFACEOUTERBOUND(#7201,.T.);
#7203= IFCFACE((#7202));
#7204= IFCPOLYLOOP((#2573,#2574,#2586));
#7205= IFCFACEOUTERBOUND(#7204,.T.);
#7206= IFCFACE((#7205));
#7207= IFCPOLYLOOP((#2573,#2586,#2585));
#7208= IFCFACEOUTERBOUND(#7207,.T.);
#7209= IFCFACE((#7208));
#7210= IFCPOLYLOOP((#2574,#2575,#2587));
#7211= IFCFACEOUTERBOUND(#7210,.T.);
#7212= IFCFACE((#7211));
#7213= IFCPOLYLOOP((#2574,#2587,#2586));
#7214= IFCFACEOUTERBOUND(#7213,.T.);
#7215= IFCFACE((#7214));
#7216= IFCPOLYLOOP((#2575,#2576,#2588));
#7217= IFCFACEOUTERBOUND(#7216,.T.);
#7218= IFCFACE((#7217));
#7219= IFCPOLYLOOP((#2575,#2588,#2587));
#7220= IFCFACEOUTERBOUND(#7219,.T.);
#7221= IFCFACE((#7220));
#7222= IFCPOLYLOOP((#2576,#2577,#2589));
#7223= IFCFACEOUTERBOUND(#7222,.T.);
#7224= IFCFACE((#7223));
#7225= IFCPOLYLOOP((#2576,#2589,#2588));
#7226= IFCFACEOUTERBOUND(#7225,.T.);
#7227= IFCFACE((#7226));
#7228= IFCPOLYLOOP((#2577,#2567,#2579));
#7229= IFCFACEOUTERBOUND(#7228,.T.);
#7230= IFCFACE((#7229));
#7231= IFCPOLYLOOP((#2577,#2579,#2589));
#7232= IFCFACEOUTERBOUND(#7231,.T.);
#7233= IFCFACE((#7232));
#7234= IFCPOLYLOOP((#2579,#2578,#2590));
#7235= IFCFACEOUTERBOUND(#7234,.T.);
#7236= IFCFACE((#7235));
#7237= IFCPOLYLOOP((#2579,#2590,#2591));
#7238= IFCFACEOUTERBOUND(#7237,.T.);
#7239= IFCFACE((#7238));
#7240= IFCPOLYLOOP((#2578,#2580,#2592));
#7241= IFCFACEOUTERBOUND(#7240,.T.);
#7242= IFCFACE((#7241));
#7243= IFCPOLYLOOP((#2578,#2592,#2590));
#7244= IFCFACEOUTERBOUND(#7243,.T.);
#7245= IFCFACE((#7244));
#7246= IFCPOLYLOOP((#2580,#2581,#2593));
#7247= IFCFACEOUTERBOUND(#7246,.T.);
#7248= IFCFACE((#7247));
#7249= IFCPOLYLOOP((#2580,#2593,#2592));
#7250= IFCFACEOUTERBOUND(#7249,.T.);
#7251= IFCFACE((#7250));
#7252= IFCPOLYLOOP((#2581,#2582,#2594));
#7253= IFCFACEOUTERBOUND(#7252,.T.);
#7254= IFCFACE((#7253));
#7255= IFCPOLYLOOP((#2581,#2594,#2593));
#7256= IFCFACEOUTERBOUND(#7255,.T.);
#7257= IFCFACE((#7256));
#7258= IFCPOLYLOOP((#2582,#2583,#2595));
#7259= IFCFACEOUTERBOUND(#7258,.T.);
#7260= IFCFACE((#7259));
#7261= IFCPOLYLOOP((#2582,#2595,#2594));
#7262= IFCFACEOUTERBOUND(#7261,.T.);
#7263= IFCFACE((#7262));
#7264= IFCPOLYLOOP((#2583,#2584,#2596));
#7265= IFCFACEOUTERBOUND(#7264,.T.);
#7266= IFCFACE((#7265));
#7267= IFCPOLYLOOP((#2583,#2596,#2595));
#7268= IFCFACEOUTERBOUND(#7267,.T.);
#7269= IFCFACE((#7268));
#7270= IFCPOLYLOOP((#2584,#2585,#2597));
#7271= IFCFACEOUTERBOUND(#7270,.T.);
#7272= IFCFACE((#7271));
#7273= IFCPOLYLOOP((#2584,#2597,#2596));
#7274= IFCFACEOUTERBOUND(#7273,.T.);
#7275= IFCFACE((#7274));
#7276= IFCPOLYLOOP((#2585,#2586,#2598));
#7277= IFCFACEOUTERBOUND(#7276,.T.);
#7278= IFCFACE((#7277));
#7279= IFCPOLYLOOP((#2585,#2598,#2597));
#7280= IFCFACEOUTERBOUND(#7279,.T.);
#7281= IFCFACE((#7280));
#7282= IFCPOLYLOOP((#2586,#2587,#2599));
#7283= IFCFACEOUTERBOUND(#7282,.T.);
#7284= IFCFACE((#7283));
#7285= IFCPOLYLOOP((#2586,#2599,#2598));
#7286= IFCFACEOUTERBOUND(#7285,.T.);
#7287= IFCFACE((#7286));
#7288= IFCPOLYLOOP((#2587,#2588,#2600));
#7289= IFCFACEOUTERBOUND(#7288,.T.);
#7290= IFCFACE((#7289));
#7291= IFCPOLYLOOP((#2587,#2600,#2599));
#7292= IFCFACEOUTERBOUND(#7291,.T.);
#7293= IFCFACE((#7292));
#7294= IFCPOLYLOOP((#2588,#2589,#2601));
#7295= IFCFACEOUTERBOUND(#7294,.T.);
#7296= IFCFACE((#7295));
#7297= IFCPOLYLOOP((#2588,#2601,#2600));
#7298= IFCFACEOUTERBOUND(#7297,.T.);
#7299= IFCFACE((#7298));
#7300= IFCPOLYLOOP((#2589,#2579,#2591));
#7301= IFCFACEOUTERBOUND(#7300,.T.);
#7302= IFCFACE((#7301));
#7303= IFCPOLYLOOP((#2589,#2591,#2601));
#7304= IFCFACEOUTERBOUND(#7303,.T.);
#7305= IFCFACE((#7304));
#7306= IFCPOLYLOOP((#2591,#2590,#2602));
#7307= IFCFACEOUTERBOUND(#7306,.T.);
#7308= IFCFACE((#7307));
#7309= IFCPOLYLOOP((#2591,#2602,#2603));
#7310= IFCFACEOUTERBOUND(#7309,.T.);
#7311= IFCFACE((#7310));
#7312= IFCPOLYLOOP((#2590,#2592,#2604));
#7313= IFCFACEOUTERBOUND(#7312,.T.);
#7314= IFCFACE((#7313));
#7315= IFCPOLYLOOP((#2590,#2604,#2602));
#7316= IFCFACEOUTERBOUND(#7315,.T.);
#7317= IFCFACE((#7316));
#7318= IFCPOLYLOOP((#2592,#2593,#2605));
#7319= IFCFACEOUTERBOUND(#7318,.T.);
#7320= IFCFACE((#7319));
#7321= IFCPOLYLOOP((#2592,#2605,#2604));
#7322= IFCFACEOUTERBOUND(#7321,.T.);
#7323= IFCFACE((#7322));
#7324= IFCPOLYLOOP((#2593,#2594,#2606));
#7325= IFCFACEOUTERBOUND(#7324,.T.);
#7326= IFCFACE((#7325));
#7327= IFCPOLYLOOP((#2593,#2606,#2605));
#7328= IFCFACEOUTERBOUND(#7327,.T.);
#7329= IFCFACE((#7328));
#7330= IFCPOLYLOOP((#2594,#2595,#2607));
#7331= IFCFACEOUTERBOUND(#7330,.T.);
#7332= IFCFACE((#7331));
#7333= IFCPOLYLOOP((#2594,#2607,#2606));
#7334= IFCFACEOUTERBOUND(#7333,.T.);
#7335= IFCFACE((#7334));
#7336= IFCPOLYLOOP((#2595,#2596,#2608));
#7337= IFCFACEOUTERBOUND(#7336,.T.);
#7338= IFCFACE((#7337));
#7339= IFCPOLYLOOP((#2595,#2608,#2607));
#7340= IFCFACEOUTERBOUND(#7339,.T.);
#7341= IFCFACE((#7340));
#7342= IFCPOLYLOOP((#2596,#2597,#2609));
#7343= IFCFACEOUTERBOUND(#7342,.T.);
#7344= IFCFACE((#7343));
#7345= IFCPOLYLOOP((#2596,#2609,#2608));
#7346= IFCFACEOUTERBOUND(#7345,.T.);
#7347= IFCFACE((#7346));
#7348= IFCPOLYLOOP((#2597,#2598,#2610));
#7349= IFCFACEOUTERBOUND(#7348,.T.);
#7350= IFCFACE((#7349));
#7351= IFCPOLYLOOP((#2597,#2610,#2609));
#7352= IFCFACEOUTERBOUND(#7351,.T.);
#7353= IFCFACE((#7352));
#7354= IFCPOLYLOOP((#2598,#2599,#2611));
#7355= IFCFACEOUTERBOUND(#7354,.T.);
#7356= IFCFACE((#7355));
#7357= IFCPOLYLOOP((#2598,#2611,#2610));
#7358= IFCFACEOUTERBOUND(#7357,.T.);
#7359= IFCFACE((#7358));
#7360= IFCPOLYLOOP((#2599,#2600,#2612));
#7361= IFCFACEOUTERBOUND(#7360,.T.);
#7362= IFCFACE((#7361));
#7363= IFCPOLYLOOP((#2599,#2612,#2611));
#7364= IFCFACEOUTERBOUND(#7363,.T.);
#7365= IFCFACE((#7364));
#7366= IFCPOLYLOOP((#2600,#2601,#2613));
#7367= IFCFACEOUTERBOUND(#7366,.T.);
#7368= IFCFACE((#7367));
#7369= IFCPOLYLOOP((#2600,#2613,#2612));
#7370= IFCFACEOUTERBOUND(#7369,.T.);
#7371= IFCFACE((#7370));
#7372= IFCPOLYLOOP((#2601,#2591,#2603));
#7373= IFCFACEOUTERBOUND(#7372,.T.);
#7374= IFCFACE((#7373));
#7375= IFCPOLYLOOP((#2601,#2603,#2613));
#7376= IFCFACEOUTERBOUND(#7375,.T.);
#7377= IFCFACE((#7376));
#7378= IFCPOLYLOOP((#2603,#2602,#2614));
#7379= IFCFACEOUTERBOUND(#7378,.T.);
#7380= IFCFACE((#7379));
#7381= IFCPOLYLOOP((#2603,#2614,#2615));
#7382= IFCFACEOUTERBOUND(#7381,.T.);
#7383= IFCFACE((#7382));
#7384= IFCPOLYLOOP((#2602,#2604,#2616));
#7385= IFCFACEOUTERBOUND(#7384,.T.);
#7386= IFCFACE((#7385));
#7387= IFCPOLYLOOP((#2602,#2616,#2614));
#7388= IFCFACEOUTERBOUND(#7387,.T.);
#7389= IFCFACE((#7388));
#7390= IFCPOLYLOOP((#2604,#2605,#2617));
#7391= IFCFACEOUTERBOUND(#7390,.T.);
#7392= IFCFACE((#7391));
#7393= IFCPOLYLOOP((#2604,#2617,#2616));
#7394= IFCFACEOUTERBOUND(#7393,.T.);
#7395= IFCFACE((#7394));
#7396= IFCPOLYLOOP((#2605,#2606,#2618));
#7397= IFCFACEOUTERBOUND(#7396,.T.);
#7398= IFCFACE((#7397));
#7399= IFCPOLYLOOP((#2605,#2618,#2617));
#7400= IFCFACEOUTERBOUND(#7399,.T.);
#7401= IFCFACE((#7400));
#7402= IFCPOLYLOOP((#2606,#2607,#2619));
#7403= IFCFACEOUTERBOUND(#7402,.T.);
#7404= IFCFACE((#7403));
#7405= IFCPOLYLOOP((#2606,#2619,#2618));
#7406= IFCFACEOUTERBOUND(#7405,.T.);
#7407= IFCFACE((#7406));
#7408= IFCPOLYLOOP((#2607,#2608,#2620));
#7409= IFCFACEOUTERBOUND(#7408,.T.);
#7410= IFCFACE((#7409));
#7411= IFCPOLYLOOP((#2607,#2620,#2619));
#7412= IFCFACEOUTERBOUND(#7411,.T.);
#7413= IFCFACE((#7412));
#7414= IFCPOLYLOOP((#2608,#2609,#2621));
#7415= IFCFACEOUTERBOUND(#7414,.T.);
#7416= IFCFACE((#7415));
#7417= IFCPOLYLOOP((#2608,#2621,#2620));
#7418= IFCFACEOUTERBOUND(#7417,.T.);
#7419= IFCFACE((#7418));
#7420= IFCPOLYLOOP((#2609,#2610,#2622));
#7421= IFCFACEOUTERBOUND(#7420,.T.);
#7422= IFCFACE((#7421));
#7423= IFCPOLYLOOP((#2609,#2622,#2621));
#7424= IFCFACEOUTERBOUND(#7423,.T.);
#7425= IFCFACE((#7424));
#7426= IFCPOLYLOOP((#2610,#2611,#2623));
#7427= IFCFACEOUTERBOUND(#7426,.T.);
#7428= IFCFACE((#7427));
#7429= IFCPOLYLOOP((#2610,#2623,#2622));
#7430= IFCFACEOUTERBOUND(#7429,.T.);
#7431= IFCFACE((#7430));
#7432= IFCPOLYLOOP((#2611,#2612,#2624));
#7433= IFCFACEOUTERBOUND(#7432,.T.);
#7434= IFCFACE((#7433));
#7435= IFCPOLYLOOP((#2611,#2624,#2623));
#7436= IFCFACEOUTERBOUND(#7435,.T.);
#7437= IFCFACE((#7436));
#7438= IFCPOLYLOOP((#2612,#2613,#2625));
#7439= IFCFACEOUTERBOUND(#7438,.T.);
#7440= IFCFACE((#7439));
#7441= IFCPOLYLOOP((#2612,#2625,#2624));
#7442= IFCFACEOUTERBOUND(#7441,.T.);
#7443= IFCFACE((#7442));
#7444= IFCPOLYLOOP((#2613,#2603,#2615));
#7445= IFCFACEOUTERBOUND(#7444,.T.);
#7446= IFCFACE((#7445));
#7447= IFCPOLYLOOP((#2613,#2615,#2625));
#7448= IFCFACEOUTERBOUND(#7447,.T.);
#7449= IFCFACE((#7448));
#7450= IFCPOLYLOOP((#2615,#2614,#2626));
#7451= IFCFACEOUTERBOUND(#7450,.T.);
#7452= IFCFACE((#7451));
#7453= IFCPOLYLOOP((#2615,#2626,#2627));
#7454= IFCFACEOUTERBOUND(#7453,.T.);
#7455= IFCFACE((#7454));
#7456= IFCPOLYLOOP((#2614,#2616,#2628));
#7457= IFCFACEOUTERBOUND(#7456,.T.);
#7458= IFCFACE((#7457));
#7459= IFCPOLYLOOP((#2614,#2628,#2626));
#7460= IFCFACEOUTERBOUND(#7459,.T.);
#7461= IFCFACE((#7460));
#7462= IFCPOLYLOOP((#2616,#2617,#2629));
#7463= IFCFACEOUTERBOUND(#7462,.T.);
#7464= IFCFACE((#7463));
#7465= IFCPOLYLOOP((#2616,#2629,#2628));
#7466= IFCFACEOUTERBOUND(#7465,.T.);
#7467= IFCFACE((#7466));
#7468= IFCPOLYLOOP((#2617,#2618,#2630));
#7469= IFCFACEOUTERBOUND(#7468,.T.);
#7470= IFCFACE((#7469));
#7471= IFCPOLYLOOP((#2617,#2630,#2629));
#7472= IFCFACEOUTERBOUND(#7471,.T.);
#7473= IFCFACE((#7472));
#7474= IFCPOLYLOOP((#2618,#2619,#2631));
#7475= IFCFACEOUTERBOUND(#7474,.T.);
#7476= IFCFACE((#7475));
#7477= IFCPOLYLOOP((#2618,#2631,#2630));
#7478= IFCFACEOUTERBOUND(#7477,.T.);
#7479= IFCFACE((#7478));
#7480= IFCPOLYLOOP((#2619,#2620,#2632));
#7481= IFCFACEOUTERBOUND(#7480,.T.);
#7482= IFCFACE((#7481));
#7483= IFCPOLYLOOP((#2619,#2632,#2631));
#7484= IFCFACEOUTERBOUND(#7483,.T.);
#7485= IFCFACE((#7484));
#7486= IFCPOLYLOOP((#2620,#2621,#2633));
#7487= IFCFACEOUTERBOUND(#7486,.T.);
#7488= IFCFACE((#7487));
#7489= IFCPOLYLOOP((#2620,#2633,#2632));
#7490= IFCFACEOUTERBOUND(#7489,.T.);
#7491= IFCFACE((#7490));
#7492= IFCPOLYLOOP((#2621,#2622,#2634));
#7493= IFCFACEOUTERBOUND(#7492,.T.);
#7494= IFCFACE((#7493));
#7495= IFCPOLYLOOP((#2621,#2634,#2633));
#7496= IFCFACEOUTERBOUND(#7495,.T.);
#7497= IFCFACE((#7496));
#7498= IFCPOLYLOOP((#2622,#2623,#2635));
#7499= IFCFACEOUTERBOUND(#7498,.T.);
#7500= IFCFACE((#7499));
#7501= IFCPOLYLOOP((#2622,#2635,#2634));
#7502= IFCFACEOUTERBOUND(#7501,.T.);
#7503= IFCFACE((#7502));
#7504= IFCPOLYLOOP((#2623,#2624,#2636));
#7505= IFCFACEOUTERBOUND(#7504,.T.);
#7506= IFCFACE((#7505));
#7507= IFCPOLYLOOP((#2623,#2636,#2635));
#7508= IFCFACEOUTERBOUND(#7507,.T.);
#7509= IFCFACE((#7508));
#7510= IFCPOLYLOOP((#2624,#2625,#2637));
#7511= IFCFACEOUTERBOUND(#7510,.T.);
#7512= IFCFACE((#7511));
#7513= IFCPOLYLOOP((#2624,#2637,#2636));
#7514= IFCFACEOUTERBOUND(#7513,.T.);
#7515= IFCFACE((#7514));
#7516= IFCPOLYLOOP((#2625,#2615,#2627));
#7517= IFCFACEOUTERBOUND(#7516,.T.);
#7518= IFCFACE((#7517));
#7519= IFCPOLYLOOP((#2625,#2627,#2637));
#7520= IFCFACEOUTERBOUND(#7519,.T.);
#7521= IFCFACE((#7520));
#7522= IFCPOLYLOOP((#2627,#2626,#2638));
#7523= IFCFACEOUTERBOUND(#7522,.T.);
#7524= IFCFACE((#7523));
#7525= IFCPOLYLOOP((#2627,#2638,#2639));
#7526= IFCFACEOUTERBOUND(#7525,.T.);
#7527= IFCFACE((#7526));
#7528= IFCPOLYLOOP((#2626,#2628,#2640));
#7529= IFCFACEOUTERBOUND(#7528,.T.);
#7530= IFCFACE((#7529));
#7531= IFCPOLYLOOP((#2626,#2640,#2638));
#7532= IFCFACEOUTERBOUND(#7531,.T.);
#7533= IFCFACE((#7532));
#7534= IFCPOLYLOOP((#2628,#2629,#2641));
#7535= IFCFACEOUTERBOUND(#7534,.T.);
#7536= IFCFACE((#7535));
#7537= IFCPOLYLOOP((#2628,#2641,#2640));
#7538= IFCFACEOUTERBOUND(#7537,.T.);
#7539= IFCFACE((#7538));
#7540= IFCPOLYLOOP((#2629,#2630,#2642));
#7541= IFCFACEOUTERBOUND(#7540,.T.);
#7542= IFCFACE((#7541));
#7543= IFCPOLYLOOP((#2629,#2642,#2641));
#7544= IFCFACEOUTERBOUND(#7543,.T.);
#7545= IFCFACE((#7544));
#7546= IFCPOLYLOOP((#2630,#2631,#2643));
#7547= IFCFACEOUTERBOUND(#7546,.T.);
#7548= IFCFACE((#7547));
#7549= IFCPOLYLOOP((#2630,#2643,#2642));
#7550= IFCFACEOUTERBOUND(#7549,.T.);
#7551= IFCFACE((#7550));
#7552= IFCPOLYLOOP((#2631,#2632,#2644));
#7553= IFCFACEOUTERBOUND(#7552,.T.);
#7554= IFCFACE((#7553));
#7555= IFCPOLYLOOP((#2631,#2644,#2643));
#7556= IFCFACEOUTERBOUND(#7555,.T.);
#7557= IFCFACE((#7556));
#7558= IFCPOLYLOOP((#2632,#2633,#2645));
#7559= IFCFACEOUTERBOUND(#7558,.T.);
#7560= IFCFACE((#7559));
#7561= IFCPOLYLOOP((#2632,#2645,#2644));
#7562= IFCFACEOUTERBOUND(#7561,.T.);
#7563= IFCFACE((#7562));
#7564= IFCPOLYLOOP((#2633,#2634,#2646));
#7565= IFCFACEOUTERBOUND(#7564,.T.);
#7566= IFCFACE((#7565));
#7567= IFCPOLYLOOP((#2633,#2646,#2645));
#7568= IFCFACEOUTERBOUND(#7567,.T.);
#7569= IFCFACE((#7568));
#7570= IFCPOLYLOOP((#2634,#2635,#2647));
#7571= IFCFACEOUTERBOUND(#7570,.T.);
#7572= IFCFACE((#7571));
#7573= IFCPOLYLOOP((#2634,#2647,#2646));
#7574= IFCFACEOUTERBOUND(#7573,.T.);
#7575= IFCFACE((#7574));
#7576= IFCPOLYLOOP((#2635,#2636,#2648));
#7577= IFCFACEOUTERBOUND(#7576,.T.);
#7578= IFCFACE((#7577));
#7579= IFCPOLYLOOP((#2635,#2648,#2647));
#7580= IFCFACEOUTERBOUND(#7579,.T.);
#7581= IFCFACE((#7580));
#7582= IFCPOLYLOOP((#2636,#2637,#2649));
#7583= IFCFACEOUTERBOUND(#7582,.T.);
#7584= IFCFACE((#7583));
#7585= IFCPOLYLOOP((#2636,#2649,#2648));
#7586= IFCFACEOUTERBOUND(#7585,.T.);
#7587= IFCFACE((#7586));
#7588= IFCPOLYLOOP((#2637,#2627,#2639));
#7589= IFCFACEOUTERBOUND(#7588,.T.);
#7590= IFCFACE((#7589));
#7591= IFCPOLYLOOP((#2637,#2639,#2649));
#7592= IFCFACEOUTERBOUND(#7591,.T.);
#7593= IFCFACE((#7592));
#7594= IFCPOLYLOOP((#2639,#2638,#2650));
#7595= IFCFACEOUTERBOUND(#7594,.T.);
#7596= IFCFACE((#7595));
#7597= IFCPOLYLOOP((#2639,#2650,#2651));
#7598= IFCFACEOUTERBOUND(#7597,.T.);
#7599= IFCFACE((#7598));
#7600= IFCPOLYLOOP((#2638,#2640,#2652));
#7601= IFCFACEOUTERBOUND(#7600,.T.);
#7602= IFCFACE((#7601));
#7603= IFCPOLYLOOP((#2638,#2652,#2650));
#7604= IFCFACEOUTERBOUND(#7603,.T.);
#7605= IFCFACE((#7604));
#7606= IFCPOLYLOOP((#2640,#2641,#2653));
#7607= IFCFACEOUTERBOUND(#7606,.T.);
#7608= IFCFACE((#7607));
#7609= IFCPOLYLOOP((#2640,#2653,#2652));
#7610= IFCFACEOUTERBOUND(#7609,.T.);
#7611= IFCFACE((#7610));
#7612= IFCPOLYLOOP((#2641,#2642,#2654));
#7613= IFCFACEOUTERBOUND(#7612,.T.);
#7614= IFCFACE((#7613));
#7615= IFCPOLYLOOP((#2641,#2654,#2653));
#7616= IFCFACEOUTERBOUND(#7615,.T.);
#7617= IFCFACE((#7616));
#7618= IFCPOLYLOOP((#2642,#2643,#2655));
#7619= IFCFACEOUTERBOUND(#7618,.T.);
#7620= IFCFACE((#7619));
#7621= IFCPOLYLOOP((#2642,#2655,#2654));
#7622= IFCFACEOUTERBOUND(#7621,.T.);
#7623= IFCFACE((#7622));
#7624= IFCPOLYLOOP((#2643,#2644,#2656));
#7625= IFCFACEOUTERBOUND(#7624,.T.);
#7626= IFCFACE((#7625));
#7627= IFCPOLYLOOP((#2643,#2656,#2655));
#7628= IFCFACEOUTERBOUND(#7627,.T.);
#7629= IFCFACE((#7628));
#7630= IFCPOLYLOOP((#2644,#2645,#2657));
#7631= IFCFACEOUTERBOUND(#7630,.T.);
#7632= IFCFACE((#7631));
#7633= IFCPOLYLOOP((#2644,#2657,#2656));
#7634= IFCFACEOUTERBOUND(#7633,.T.);
#7635= IFCFACE((#7634));
#7636= IFCPOLYLOOP((#2645,#2646,#2658));
#7637= IFCFACEOUTERBOUND(#7636,.T.);
#7638= IFCFACE((#7637));
#7639= IFCPOLYLOOP((#2645,#2658,#2657));
#7640= IFCFACEOUTERBOUND(#7639,.T.);
#7641= IFCFACE((#7640));
#7642= IFCPOLYLOOP((#2646,#2647,#2659));
#7643= IFCFACEOUTERBOUND(#7642,.T.);
#7644= IFCFACE((#7643));
#7645= IFCPOLYLOOP((#2646,#2659,#2658));
#7646= IFCFACEOUTERBOUND(#7645,.T.);
#7647= IFCFACE((#7646));
#7648= IFCPOLYLOOP((#2647,#2648,#2660));
#7649= IFCFACEOUTERBOUND(#7648,.T.);
#7650= IFCFACE((#7649));
#7651= IFCPOLYLOOP((#2647,#2660,#2659));
#7652= IFCFACEOUTERBOUND(#7651,.T.);
#7653= IFCFACE((#7652));
#7654= IFCPOLYLOOP((#2648,#2649,#2661));
#7655= IFCFACEOUTERBOUND(#7654,.T.);
#7656= IFCFACE((#7655));
#7657= IFCPOLYLOOP((#2648,#2661,#2660));
#7658= IFCFACEOUTERBOUND(#7657,.T.);
#7659= IFCFACE((#7658));
#7660= IFCPOLYLOOP((#2649,#2639,#2651));
#7661= IFCFACEOUTERBOUND(#7660,.T.);
#7662= IFCFACE((#7661));
#7663= IFCPOLYLOOP((#2649,#2651,#2661));
#7664= IFCFACEOUTERBOUND(#7663,.T.);
#7665= IFCFACE((#7664));
#7666= IFCPOLYLOOP((#2651,#2650,#2662));
#7667= IFCFACEOUTERBOUND(#7666,.T.);
#7668= IFCFACE((#7667));
#7669= IFCPOLYLOOP((#2651,#2662,#2663));
#7670= IFCFACEOUTERBOUND(#7669,.T.);
#7671= IFCFACE((#7670));
#7672= IFCPOLYLOOP((#2650,#2652,#2664));
#7673= IFCFACEOUTERBOUND(#7672,.T.);
#7674= IFCFACE((#7673));
#7675= IFCPOLYLOOP((#2650,#2664,#2662));
#7676= IFCFACEOUTERBOUND(#7675,.T.);
#7677= IFCFACE((#7676));
#7678= IFCPOLYLOOP((#2652,#2653,#2665));
#7679= IFCFACEOUTERBOUND(#7678,.T.);
#7680= IFCFACE((#7679));
#7681= IFCPOLYLOOP((#2652,#2665,#2664));
#7682= IFCFACEOUTERBOUND(#7681,.T.);
#7683= IFCFACE((#7682));
#7684= IFCPOLYLOOP((#2653,#2654,#2666));
#7685= IFCFACEOUTERBOUND(#7684,.T.);
#7686= IFCFACE((#7685));
#7687= IFCPOLYLOOP((#2653,#2666,#2665));
#7688= IFCFACEOUTERBOUND(#7687,.T.);
#7689= IFCFACE((#7688));
#7690= IFCPOLYLOOP((#2654,#2655,#2667));
#7691= IFCFACEOUTERBOUND(#7690,.T.);
#7692= IFCFACE((#7691));
#7693= IFCPOLYLOOP((#2654,#2667,#2666));
#7694= IFCFACEOUTERBOUND(#7693,.T.);
#7695= IFCFACE((#7694));
#7696= IFCPOLYLOOP((#2655,#2656,#2668));
#7697= IFCFACEOUTERBOUND(#7696,.T.);
#7698= IFCFACE((#7697));
#7699= IFCPOLYLOOP((#2655,#2668,#2667));
#7700= IFCFACEOUTERBOUND(#7699,.T.);
#7701= IFCFACE((#7700));
#7702= IFCPOLYLOOP((#2656,#2657,#2669));
#7703= IFCFACEOUTERBOUND(#7702,.T.);
#7704= IFCFACE((#7703));
#7705= IFCPOLYLOOP((#2656,#2669,#2668));
#7706= IFCFACEOUTERBOUND(#7705,.T.);
#7707= IFCFACE((#7706));
#7708= IFCPOLYLOOP((#2657,#2658,#2670));
#7709= IFCFACEOUTERBOUND(#7708,.T.);
#7710= IFCFACE((#7709));
#7711= IFCPOLYLOOP((#2657,#2670,#2669));
#7712= IFCFACEOUTERBOUND(#7711,.T.);
#7713= IFCFACE((#7712));
#7714= IFCPOLYLOOP((#2658,#2659,#2671));
#7715= IFCFACEOUTERBOUND(#7714,.T.);
#7716= IFCFACE((#7715));
#7717= IFCPOLYLOOP((#2658,#2671,#2670));
#7718= IFCFACEOUTERBOUND(#7717,.T.);
#7719= IFCFACE((#7718));
#7720= IFCPOLYLOOP((#2659,#2660,#2672));
#7721= IFCFACEOUTERBOUND(#7720,.T.);
#7722= IFCFACE((#7721));
#7723= IFCPOLYLOOP((#2659,#2672,#2671));
#7724= IFCFACEOUTERBOUND(#7723,.T.);
#7725= IFCFACE((#7724));
#7726= IFCPOLYLOOP((#2660,#2661,#2673));
#7727= IFCFACEOUTERBOUND(#7726,.T.);
#7728= IFCFACE((#7727));
#7729= IFCPOLYLOOP((#2660,#2673,#2672));
#7730= IFCFACEOUTERBOUND(#7729,.T.);
#7731= IFCFACE((#7730));
#7732= IFCPOLYLOOP((#2661,#2651,#2663));
#7733= IFCFACEOUTERBOUND(#7732,.T.);
#7734= IFCFACE((#7733));
#7735= IFCPOLYLOOP((#2661,#2663,#2673));
#7736= IFCFACEOUTERBOUND(#7735,.T.);
#7737= IFCFACE((#7736));
#7738= IFCPOLYLOOP((#2663,#2662,#2674));
#7739= IFCFACEOUTERBOUND(#7738,.T.);
#7740= IFCFACE((#7739));
#7741= IFCPOLYLOOP((#2663,#2674,#2675));
#7742= IFCFACEOUTERBOUND(#7741,.T.);
#7743= IFCFACE((#7742));
#7744= IFCPOLYLOOP((#2662,#2664,#2676));
#7745= IFCFACEOUTERBOUND(#7744,.T.);
#7746= IFCFACE((#7745));
#7747= IFCPOLYLOOP((#2662,#2676,#2674));
#7748= IFCFACEOUTERBOUND(#7747,.T.);
#7749= IFCFACE((#7748));
#7750= IFCPOLYLOOP((#2664,#2665,#2677));
#7751= IFCFACEOUTERBOUND(#7750,.T.);
#7752= IFCFACE((#7751));
#7753= IFCPOLYLOOP((#2664,#2677,#2676));
#7754= IFCFACEOUTERBOUND(#7753,.T.);
#7755= IFCFACE((#7754));
#7756= IFCPOLYLOOP((#2665,#2666,#2678));
#7757= IFCFACEOUTERBOUND(#7756,.T.);
#7758= IFCFACE((#7757));
#7759= IFCPOLYLOOP((#2665,#2678,#2677));
#7760= IFCFACEOUTERBOUND(#7759,.T.);
#7761= IFCFACE((#7760));
#7762= IFCPOLYLOOP((#2666,#2667,#2679));
#7763= IFCFACEOUTERBOUND(#7762,.T.);
#7764= IFCFACE((#7763));
#7765= IFCPOLYLOOP((#2666,#2679,#2678));
#7766= IFCFACEOUTERBOUND(#7765,.T.);
#7767= IFCFACE((#7766));
#7768= IFCPOLYLOOP((#2667,#2668,#2680));
#7769= IFCFACEOUTERBOUND(#7768,.T.);
#7770= IFCFACE((#7769));
#7771= IFCPOLYLOOP((#2667,#2680,#2679));
#7772= IFCFACEOUTERBOUND(#7771,.T.);
#7773= IFCFACE((#7772));
#7774= IFCPOLYLOOP((#2668,#2669,#2681));
#7775= IFCFACEOUTERBOUND(#7774,.T.);
#7776= IFCFACE((#7775));
#7777= IFCPOLYLOOP((#2668,#2681,#2680));
#7778= IFCFACEOUTERBOUND(#7777,.T.);
#7779= IFCFACE((#7778));
#7780= IFCPOLYLOOP((#2669,#2670,#2682));
#7781= IFCFACEOUTERBOUND(#7780,.T.);
#7782= IFCFACE((#7781));
#7783= IFCPOLYLOOP((#2669,#2682,#2681));
#7784= IFCFACEOUTERBOUND(#7783,.T.);
#7785= IFCFACE((#7784));
#7786= IFCPOLYLOOP((#2670,#2671,#2683));
#7787= IFCFACEOUTERBOUND(#7786,.T.);
#7788= IFCFACE((#7787));
#7789= IFCPOLYLOOP((#2670,#2683,#2682));
#7790= IFCFACEOUTERBOUND(#7789,.T.);
#7791= IFCFACE((#7790));
#7792= IFCPOLYLOOP((#2671,#2672,#2684));
#7793= IFCFACEOUTERBOUND(#7792,.T.);
#7794= IFCFACE((#7793));
#7795= IFCPOLYLOOP((#2671,#2684,#2683));
#7796= IFCFACEOUTERBOUND(#7795,.T.);
#7797= IFCFACE((#7796));
#7798= IFCPOLYLOOP((#2672,#2673,#2685));
#7799= IFCFACEOUTERBOUND(#7798,.T.);
#7800= IFCFACE((#7799));
#7801= IFCPOLYLOOP((#2672,#2685,#2684));
#7802= IFCFACEOUTERBOUND(#7801,.T.);
#7803= IFCFACE((#7802));
#7804= IFCPOLYLOOP((#2673,#2663,#2675));
#7805= IFCFACEOUTERBOUND(#7804,.T.);
#7806= IFCFACE((#7805));
#7807= IFCPOLYLOOP((#2673,#2675,#2685));
#7808= IFCFACEOUTERBOUND(#7807,.T.);
#7809= IFCFACE((#7808));
#7810= IFCPOLYLOOP((#2675,#2674,#2686));
#7811= IFCFACEOUTERBOUND(#7810,.T.);
#7812= IFCFACE((#7811));
#7813= IFCPOLYLOOP((#2675,#2686,#2687));
#7814= IFCFACEOUTERBOUND(#7813,.T.);
#7815= IFCFACE((#7814));
#7816= IFCPOLYLOOP((#2674,#2676,#2688));
#7817= IFCFACEOUTERBOUND(#7816,.T.);
#7818= IFCFACE((#7817));
#7819= IFCPOLYLOOP((#2674,#2688,#2686));
#7820= IFCFACEOUTERBOUND(#7819,.T.);
#7821= IFCFACE((#7820));
#7822= IFCPOLYLOOP((#2676,#2677,#2689));
#7823= IFCFACEOUTERBOUND(#7822,.T.);
#7824= IFCFACE((#7823));
#7825= IFCPOLYLOOP((#2676,#2689,#2688));
#7826= IFCFACEOUTERBOUND(#7825,.T.);
#7827= IFCFACE((#7826));
#7828= IFCPOLYLOOP((#2677,#2678,#2690));
#7829= IFCFACEOUTERBOUND(#7828,.T.);
#7830= IFCFACE((#7829));
#7831= IFCPOLYLOOP((#2677,#2690,#2689));
#7832= IFCFACEOUTERBOUND(#7831,.T.);
#7833= IFCFACE((#7832));
#7834= IFCPOLYLOOP((#2678,#2679,#2691));
#7835= IFCFACEOUTERBOUND(#7834,.T.);
#7836= IFCFACE((#7835));
#7837= IFCPOLYLOOP((#2678,#2691,#2690));
#7838= IFCFACEOUTERBOUND(#7837,.T.);
#7839= IFCFACE((#7838));
#7840= IFCPOLYLOOP((#2679,#2680,#2692));
#7841= IFCFACEOUTERBOUND(#7840,.T.);
#7842= IFCFACE((#7841));
#7843= IFCPOLYLOOP((#2679,#2692,#2691));
#7844= IFCFACEOUTERBOUND(#7843,.T.);
#7845= IFCFACE((#7844));
#7846= IFCPOLYLOOP((#2680,#2681,#2693));
#7847= IFCFACEOUTERBOUND(#7846,.T.);
#7848= IFCFACE((#7847));
#7849= IFCPOLYLOOP((#2680,#2693,#2692));
#7850= IFCFACEOUTERBOUND(#7849,.T.);
#7851= IFCFACE((#7850));
#7852= IFCPOLYLOOP((#2681,#2682,#2694));
#7853= IFCFACEOUTERBOUND(#7852,.T.);
#7854= IFCFACE((#7853));
#7855= IFCPOLYLOOP((#2681,#2694,#2693));
#7856= IFCFACEOUTERBOUND(#7855,.T.);
#7857= IFCFACE((#7856));
#7858= IFCPOLYLOOP((#2682,#2683,#2695));
#7859= IFCFACEOUTERBOUND(#7858,.T.);
#7860= IFCFACE((#7859));
#7861= IFCPOLYLOOP((#2682,#2695,#2694));
#7862= IFCFACEOUTERBOUND(#7861,.T.);
#7863= IFCFACE((#7862));
#7864= IFCPOLYLOOP((#2683,#2684,#2696));
#7865= IFCFACEOUTERBOUND(#7864,.T.);
#7866= IFCFACE((#7865));
#7867= IFCPOLYLOOP((#2683,#2696,#2695));
#7868= IFCFACEOUTERBOUND(#7867,.T.);
#7869= IFCFACE((#7868));
#7870= IFCPOLYLOOP((#2684,#2685,#2697));
#7871= IFCFACEOUTERBOUND(#7870,.T.);
#7872= IFCFACE((#7871));
#7873= IFCPOLYLOOP((#2684,#2697,#2696));
#7874= IFCFACEOUTERBOUND(#7873,.T.);
#7875= IFCFACE((#7874));
#7876= IFCPOLYLOOP((#2685,#2675,#2687));
#7877= IFCFACEOUTERBOUND(#7876,.T.);
#7878= IFCFACE((#7877));
#7879= IFCPOLYLOOP((#2685,#2687,#2697));
#7880= IFCFACEOUTERBOUND(#7879,.T.);
#7881= IFCFACE((#7880));
#7882= IFCPOLYLOOP((#2687,#2686,#2698));
#7883= IFCFACEOUTERBOUND(#7882,.T.);
#7884= IFCFACE((#7883));
#7885= IFCPOLYLOOP((#2687,#2698,#2699));
#7886= IFCFACEOUTERBOUND(#7885,.T.);
#7887= IFCFACE((#7886));
#7888= IFCPOLYLOOP((#2686,#2688,#2700));
#7889= IFCFACEOUTERBOUND(#7888,.T.);
#7890= IFCFACE((#7889));
#7891= IFCPOLYLOOP((#2686,#2700,#2698));
#7892= IFCFACEOUTERBOUND(#7891,.T.);
#7893= IFCFACE((#7892));
#7894= IFCPOLYLOOP((#2688,#2689,#2701));
#7895= IFCFACEOUTERBOUND(#7894,.T.);
#7896= IFCFACE((#7895));
#7897= IFCPOLYLOOP((#2688,#2701,#2700));
#7898= IFCFACEOUTERBOUND(#7897,.T.);
#7899= IFCFACE((#7898));
#7900= IFCPOLYLOOP((#2689,#2690,#2702));
#7901= IFCFACEOUTERBOUND(#7900,.T.);
#7902= IFCFACE((#7901));
#7903= IFCPOLYLOOP((#2689,#2702,#2701));
#7904= IFCFACEOUTERBOUND(#7903,.T.);
#7905= IFCFACE((#7904));
#7906= IFCPOLYLOOP((#2690,#2691,#2703));
#7907= IFCFACEOUTERBOUND(#7906,.T.);
#7908= IFCFACE((#7907));
#7909= IFCPOLYLOOP((#2690,#2703,#2702));
#7910= IFCFACEOUTERBOUND(#7909,.T.);
#7911= IFCFACE((#7910));
#7912= IFCPOLYLOOP((#2691,#2692,#2704));
#7913= IFCFACEOUTERBOUND(#7912,.T.);
#7914= IFCFACE((#7913));
#7915= IFCPOLYLOOP((#2691,#2704,#2703));
#7916= IFCFACEOUTERBOUND(#7915,.T.);
#7917= IFCFACE((#7916));
#7918= IFCPOLYLOOP((#2692,#2693,#2705));
#7919= IFCFACEOUTERBOUND(#7918,.T.);
#7920= IFCFACE((#7919));
#7921= IFCPOLYLOOP((#2692,#2705,#2704));
#7922= IFCFACEOUTERBOUND(#7921,.T.);
#7923= IFCFACE((#7922));
#7924= IFCPOLYLOOP((#2693,#2694,#2706));
#7925= IFCFACEOUTERBOUND(#7924,.T.);
#7926= IFCFACE((#7925));
#7927= IFCPOLYLOOP((#2693,#2706,#2705));
#7928= IFCFACEOUTERBOUND(#7927,.T.);
#7929= IFCFACE((#7928));
#7930= IFCPOLYLOOP((#2694,#2695,#2707));
#7931= IFCFACEOUTERBOUND(#7930,.T.);
#7932= IFCFACE((#7931));
#7933= IFCPOLYLOOP((#2694,#2707,#2706));
#7934= IFCFACEOUTERBOUND(#7933,.T.);
#7935= IFCFACE((#7934));
#7936= IFCPOLYLOOP((#2695,#2696,#2708));
#7937= IFCFACEOUTERBOUND(#7936,.T.);
#7938= IFCFACE((#7937));
#7939= IFCPOLYLOOP((#2695,#2708,#2707));
#7940= IFCFACEOUTERBOUND(#7939,.T.);
#7941= IFCFACE((#7940));
#7942= IFCPOLYLOOP((#2696,#2697,#2709));
#7943= IFCFACEOUTERBOUND(#7942,.T.);
#7944= IFCFACE((#7943));
#7945= IFCPOLYLOOP((#2696,#2709,#2708));
#7946= IFCFACEOUTERBOUND(#7945,.T.);
#7947= IFCFACE((#7946));
#7948= IFCPOLYLOOP((#2697,#2687,#2699));
#7949= IFCFACEOUTERBOUND(#7948,.T.);
#7950= IFCFACE((#7949));
#7951= IFCPOLYLOOP((#2697,#2699,#2709));
#7952= IFCFACEOUTERBOUND(#7951,.T.);
#7953= IFCFACE((#7952));
#7954= IFCPOLYLOOP((#2699,#2698,#2710));
#7955= IFCFACEOUTERBOUND(#7954,.T.);
#7956= IFCFACE((#7955));
#7957= IFCPOLYLOOP((#2699,#2710,#2711));
#7958= IFCFACEOUTERBOUND(#7957,.T.);
#7959= IFCFACE((#7958));
#7960= IFCPOLYLOOP((#2698,#2700,#2712));
#7961= IFCFACEOUTERBOUND(#7960,.T.);
#7962= IFCFACE((#7961));
#7963= IFCPOLYLOOP((#2698,#2712,#2710));
#7964= IFCFACEOUTERBOUND(#7963,.T.);
#7965= IFCFACE((#7964));
#7966= IFCPOLYLOOP((#2700,#2701,#2713));
#7967= IFCFACEOUTERBOUND(#7966,.T.);
#7968= IFCFACE((#7967));
#7969= IFCPOLYLOOP((#2700,#2713,#2712));
#7970= IFCFACEOUTERBOUND(#7969,.T.);
#7971= IFCFACE((#7970));
#7972= IFCPOLYLOOP((#2701,#2702,#2714));
#7973= IFCFACEOUTERBOUND(#7972,.T.);
#7974= IFCFACE((#7973));
#7975= IFCPOLYLOOP((#2701,#2714,#2713));
#7976= IFCFACEOUTERBOUND(#7975,.T.);
#7977= IFCFACE((#7976));
#7978= IFCPOLYLOOP((#2702,#2703,#2715));
#7979= IFCFACEOUTERBOUND(#7978,.T.);
#7980= IFCFACE((#7979));
#7981= IFCPOLYLOOP((#2702,#2715,#2714));
#7982= IFCFACEOUTERBOUND(#7981,.T.);
#7983= IFCFACE((#7982));
#7984= IFCPOLYLOOP((#2703,#2704,#2716));
#7985= IFCFACEOUTERBOUND(#7984,.T.);
#7986= IFCFACE((#7985));
#7987= IFCPOLYLOOP((#2703,#2716,#2715));
#7988= IFCFACEOUTERBOUND(#7987,.T.);
#7989= IFCFACE((#7988));
#7990= IFCPOLYLOOP((#2704,#2705,#2717));
#7991= IFCFACEOUTERBOUND(#7990,.T.);
#7992= IFCFACE((#7991));
#7993= IFCPOLYLOOP((#2704,#2717,#2716));
#7994= IFCFACEOUTERBOUND(#7993,.T.);
#7995= IFCFACE((#7994));
#7996= IFCPOLYLOOP((#2705,#2706,#2718));
#7997= IFCFACEOUTERBOUND(#7996,.T.);
#7998= IFCFACE((#7997));
#7999= IFCPOLYLOOP((#2705,#2718,#2717));
#8000= IFCFACEOUTERBOUND(#7999,.T.);
#8001= IFCFACE((#8000));
#8002= IFCPOLYLOOP((#2706,#2707,#2719));
#8003= IFCFACEOUTERBOUND(#8002,.T.);
#8004= IFCFACE((#8003));
#8005= IFCPOLYLOOP((#2706,#2719,#2718));
#8006= IFCFACEOUTERBOUND(#8005,.T.);
#8007= IFCFACE((#8006));
#8008= IFCPOLYLOOP((#2707,#2708,#2720));
#8009= IFCFACEOUTERBOUND(#8008,.T.);
#8010= IFCFACE((#8009));
#8011= IFCPOLYLOOP((#2707,#2720,#2719));
#8012= IFCFACEOUTERBOUND(#8011,.T.);
#8013= IFCFACE((#8012));
#8014= IFCPOLYLOOP((#2708,#2709,#2721));
#8015= IFCFACEOUTERBOUND(#8014,.T.);
#8016= IFCFACE((#8015));
#8017= IFCPOLYLOOP((#2708,#2721,#2720));
#8018= IFCFACEOUTERBOUND(#8017,.T.);
#8019= IFCFACE((#8018));
#8020= IFCPOLYLOOP((#2709,#2699,#2711));
#8021= IFCFACEOUTERBOUND(#8020,.T.);
#8022= IFCFACE((#8021));
#8023= IFCPOLYLOOP((#2709,#2711,#2721));
#8024= IFCFACEOUTERBOUND(#8023,.T.);
#8025= IFCFACE((#8024));
#8026= IFCPOLYLOOP((#2711,#2710,#2722));
#8027= IFCFACEOUTERBOUND(#8026,.T.);
#8028= IFCFACE((#8027));
#8029= IFCPOLYLOOP((#2711,#2722,#2723));
#8030= IFCFACEOUTERBOUND(#8029,.T.);
#8031= IFCFACE((#8030));
#8032= IFCPOLYLOOP((#2710,#2712,#2724));
#8033= IFCFACEOUTERBOUND(#8032,.T.);
#8034= IFCFACE((#8033));
#8035= IFCPOLYLOOP((#2710,#2724,#2722));
#8036= IFCFACEOUTERBOUND(#8035,.T.);
#8037= IFCFACE((#8036));
#8038= IFCPOLYLOOP((#2712,#2713,#2725));
#8039= IFCFACEOUTERBOUND(#8038,.T.);
#8040= IFCFACE((#8039));
#8041= IFCPOLYLOOP((#2712,#2725,#2724));
#8042= IFCFACEOUTERBOUND(#8041,.T.);
#8043= IFCFACE((#8042));
#8044= IFCPOLYLOOP((#2713,#2714,#2726));
#8045= IFCFACEOUTERBOUND(#8044,.T.);
#8046= IFCFACE((#8045));
#8047= IFCPOLYLOOP((#2713,#2726,#2725));
#8048= IFCFACEOUTERBOUND(#8047,.T.);
#8049= IFCFACE((#8048));
#8050= IFCPOLYLOOP((#2714,#2715,#2727));
#8051= IFCFACEOUTERBOUND(#8050,.T.);
#8052= IFCFACE((#8051));
#8053= IFCPOLYLOOP((#2714,#2727,#2726));
#8054= IFCFACEOUTERBOUND(#8053,.T.);
#8055= IFCFACE((#8054));
#8056= IFCPOLYLOOP((#2715,#2716,#2728));
#8057= IFCFACEOUTERBOUND(#8056,.T.);
#8058= IFCFACE((#8057));
#8059= IFCPOLYLOOP((#2715,#2728,#2727));
#8060= IFCFACEOUTERBOUND(#8059,.T.);
#8061= IFCFACE((#8060));
#8062= IFCPOLYLOOP((#2716,#2717,#2729));
#8063= IFCFACEOUTERBOUND(#8062,.T.);
#8064= IFCFACE((#8063));
#8065= IFCPOLYLOOP((#2716,#2729,#2728));
#8066= IFCFACEOUTERBOUND(#8065,.T.);
#8067= IFCFACE((#8066));
#8068= IFCPOLYLOOP((#2717,#2718,#2730));
#8069= IFCFACEOUTERBOUND(#8068,.T.);
#8070= IFCFACE((#8069));
#8071= IFCPOLYLOOP((#2717,#2730,#2729));
#8072= IFCFACEOUTERBOUND(#8071,.T.);
#8073= IFCFACE((#8072));
#8074= IFCPOLYLOOP((#2718,#2719,#2731));
#8075= IFCFACEOUTERBOUND(#8074,.T.);
#8076= IFCFACE((#8075));
#8077= IFCPOLYLOOP((#2718,#2731,#2730));
#8078= IFCFACEOUTERBOUND(#8077,.T.);
#8079= IFCFACE((#8078));
#8080= IFCPOLYLOOP((#2719,#2720,#2732));
#8081= IFCFACEOUTERBOUND(#8080,.T.);
#8082= IFCFACE((#8081));
#8083= IFCPOLYLOOP((#2719,#2732,#2731));
#8084= IFCFACEOUTERBOUND(#8083,.T.);
#8085= IFCFACE((#8084));
#8086= IFCPOLYLOOP((#2720,#2721,#2733));
#8087= IFCFACEOUTERBOUND(#8086,.T.);
#8088= IFCFACE((#8087));
#8089= IFCPOLYLOOP((#2720,#2733,#2732));
#8090= IFCFACEOUTERBOUND(#8089,.T.);
#8091= IFCFACE((#8090));
#8092= IFCPOLYLOOP((#2721,#2711,#2723));
#8093= IFCFACEOUTERBOUND(#8092,.T.);
#8094= IFCFACE((#8093));
#8095= IFCPOLYLOOP((#2721,#2723,#2733));
#8096= IFCFACEOUTERBOUND(#8095,.T.);
#8097= IFCFACE((#8096));
#8098= IFCPOLYLOOP((#2723,#2722,#2734));
#8099= IFCFACEOUTERBOUND(#8098,.T.);
#8100= IFCFACE((#8099));
#8101= IFCPOLYLOOP((#2723,#2734,#2735));
#8102= IFCFACEOUTERBOUND(#8101,.T.);
#8103= IFCFACE((#8102));
#8104= IFCPOLYLOOP((#2722,#2724,#2736));
#8105= IFCFACEOUTERBOUND(#8104,.T.);
#8106= IFCFACE((#8105));
#8107= IFCPOLYLOOP((#2722,#2736,#2734));
#8108= IFCFACEOUTERBOUND(#8107,.T.);
#8109= IFCFACE((#8108));
#8110= IFCPOLYLOOP((#2724,#2725,#2737));
#8111= IFCFACEOUTERBOUND(#8110,.T.);
#8112= IFCFACE((#8111));
#8113= IFCPOLYLOOP((#2724,#2737,#2736));
#8114= IFCFACEOUTERBOUND(#8113,.T.);
#8115= IFCFACE((#8114));
#8116= IFCPOLYLOOP((#2725,#2726,#2738));
#8117= IFCFACEOUTERBOUND(#8116,.T.);
#8118= IFCFACE((#8117));
#8119= IFCPOLYLOOP((#2725,#2738,#2737));
#8120= IFCFACEOUTERBOUND(#8119,.T.);
#8121= IFCFACE((#8120));
#8122= IFCPOLYLOOP((#2726,#2727,#2739));
#8123= IFCFACEOUTERBOUND(#8122,.T.);
#8124= IFCFACE((#8123));
#8125= IFCPOLYLOOP((#2726,#2739,#2738));
#8126= IFCFACEOUTERBOUND(#8125,.T.);
#8127= IFCFACE((#8126));
#8128= IFCPOLYLOOP((#2727,#2728,#2740));
#8129= IFCFACEOUTERBOUND(#8128,.T.);
#8130= IFCFACE((#8129));
#8131= IFCPOLYLOOP((#2727,#2740,#2739));
#8132= IFCFACEOUTERBOUND(#8131,.T.);
#8133= IFCFACE((#8132));
#8134= IFCPOLYLOOP((#2728,#2729,#2741));
#8135= IFCFACEOUTERBOUND(#8134,.T.);
#8136= IFCFACE((#8135));
#8137= IFCPOLYLOOP((#2728,#2741,#2740));
#8138= IFCFACEOUTERBOUND(#8137,.T.);
#8139= IFCFACE((#8138));
#8140= IFCPOLYLOOP((#2729,#2730,#2742));
#8141= IFCFACEOUTERBOUND(#8140,.T.);
#8142= IFCFACE((#8141));
#8143= IFCPOLYLOOP((#2729,#2742,#2741));
#8144= IFCFACEOUTERBOUND(#8143,.T.);
#8145= IFCFACE((#8144));
#8146= IFCPOLYLOOP((#2730,#2731,#2743));
#8147= IFCFACEOUTERBOUND(#8146,.T.);
#8148= IFCFACE((#8147));
#8149= IFCPOLYLOOP((#2730,#2743,#2742));
#8150= IFCFACEOUTERBOUND(#8149,.T.);
#8151= IFCFACE((#8150));
#8152= IFCPOLYLOOP((#2731,#2732,#2744));
#8153= IFCFACEOUTERBOUND(#8152,.T.);
#8154= IFCFACE((#8153));
#8155= IFCPOLYLOOP((#2731,#2744,#2743));
#8156= IFCFACEOUTERBOUND(#8155,.T.);
#8157= IFCFACE((#8156));
#8158= IFCPOLYLOOP((#2732,#2733,#2745));
#8159= IFCFACEOUTERBOUND(#8158,.T.);
#8160= IFCFACE((#8159));
#8161= IFCPOLYLOOP((#2732,#2745,#2744));
#8162= IFCFACEOUTERBOUND(#8161,.T.);
#8163= IFCFACE((#8162));
#8164= IFCPOLYLOOP((#2733,#2723,#2735));
#8165= IFCFACEOUTERBOUND(#8164,.T.);
#8166= IFCFACE((#8165));
#8167= IFCPOLYLOOP((#2733,#2735,#2745));
#8168= IFCFACEOUTERBOUND(#8167,.T.);
#8169= IFCFACE((#8168));
#8170= IFCPOLYLOOP((#2735,#2734,#2746));
#8171= IFCFACEOUTERBOUND(#8170,.T.);
#8172= IFCFACE((#8171));
#8173= IFCPOLYLOOP((#2735,#2746,#2747));
#8174= IFCFACEOUTERBOUND(#8173,.T.);
#8175= IFCFACE((#8174));
#8176= IFCPOLYLOOP((#2734,#2736,#2748));
#8177= IFCFACEOUTERBOUND(#8176,.T.);
#8178= IFCFACE((#8177));
#8179= IFCPOLYLOOP((#2734,#2748,#2746));
#8180= IFCFACEOUTERBOUND(#8179,.T.);
#8181= IFCFACE((#8180));
#8182= IFCPOLYLOOP((#2736,#2737,#2749));
#8183= IFCFACEOUTERBOUND(#8182,.T.);
#8184= IFCFACE((#8183));
#8185= IFCPOLYLOOP((#2736,#2749,#2748));
#8186= IFCFACEOUTERBOUND(#8185,.T.);
#8187= IFCFACE((#8186));
#8188= IFCPOLYLOOP((#2737,#2738,#2750));
#8189= IFCFACEOUTERBOUND(#8188,.T.);
#8190= IFCFACE((#8189));
#8191= IFCPOLYLOOP((#2737,#2750,#2749));
#8192= IFCFACEOUTERBOUND(#8191,.T.);
#8193= IFCFACE((#8192));
#8194= IFCPOLYLOOP((#2738,#2739,#2751));
#8195= IFCFACEOUTERBOUND(#8194,.T.);
#8196= IFCFACE((#8195));
#8197= IFCPOLYLOOP((#2738,#2751,#2750));
#8198= IFCFACEOUTERBOUND(#8197,.T.);
#8199= IFCFACE((#8198));
#8200= IFCPOLYLOOP((#2739,#2740,#2752));
#8201= IFCFACEOUTERBOUND(#8200,.T.);
#8202= IFCFACE((#8201));
#8203= IFCPOLYLOOP((#2739,#2752,#2751));
#8204= IFCFACEOUTERBOUND(#8203,.T.);
#8205= IFCFACE((#8204));
#8206= IFCPOLYLOOP((#2740,#2741,#2753));
#8207= IFCFACEOUTERBOUND(#8206,.T.);
#8208= IFCFACE((#8207));
#8209= IFCPOLYLOOP((#2740,#2753,#2752));
#8210= IFCFACEOUTERBOUND(#8209,.T.);
#8211= IFCFACE((#8210));
#8212= IFCPOLYLOOP((#2741,#2742,#2754));
#8213= IFCFACEOUTERBOUND(#8212,.T.);
#8214= IFCFACE((#8213));
#8215= IFCPOLYLOOP((#2741,#2754,#2753));
#8216= IFCFACEOUTERBOUND(#8215,.T.);
#8217= IFCFACE((#8216));
#8218= IFCPOLYLOOP((#2742,#2743,#2755));
#8219= IFCFACEOUTERBOUND(#8218,.T.);
#8220= IFCFACE((#8219));
#8221= IFCPOLYLOOP((#2742,#2755,#2754));
#8222= IFCFACEOUTERBOUND(#8221,.T.);
#8223= IFCFACE((#8222));
#8224= IFCPOLYLOOP((#2743,#2744,#2756));
#8225= IFCFACEOUTERBOUND(#8224,.T.);
#8226= IFCFACE((#8225));
#8227= IFCPOLYLOOP((#2743,#2756,#2755));
#8228= IFCFACEOUTERBOUND(#8227,.T.);
#8229= IFCFACE((#8228));
#8230= IFCPOLYLOOP((#2744,#2745,#2757));
#8231= IFCFACEOUTERBOUND(#8230,.T.);
#8232= IFCFACE((#8231));
#8233= IFCPOLYLOOP((#2744,#2757,#2756));
#8234= IFCFACEOUTERBOUND(#8233,.T.);
#8235= IFCFACE((#8234));
#8236= IFCPOLYLOOP((#2745,#2735,#2747));
#8237= IFCFACEOUTERBOUND(#8236,.T.);
#8238= IFCFACE((#8237));
#8239= IFCPOLYLOOP((#2745,#2747,#2757));
#8240= IFCFACEOUTERBOUND(#8239,.T.);
#8241= IFCFACE((#8240));
#8242= IFCPOLYLOOP((#2747,#2746,#2758));
#8243= IFCFACEOUTERBOUND(#8242,.T.);
#8244= IFCFACE((#8243));
#8245= IFCPOLYLOOP((#2747,#2758,#2759));
#8246= IFCFACEOUTERBOUND(#8245,.T.);
#8247= IFCFACE((#8246));
#8248= IFCPOLYLOOP((#2746,#2748,#2760));
#8249= IFCFACEOUTERBOUND(#8248,.T.);
#8250= IFCFACE((#8249));
#8251= IFCPOLYLOOP((#2746,#2760,#2758));
#8252= IFCFACEOUTERBOUND(#8251,.T.);
#8253= IFCFACE((#8252));
#8254= IFCPOLYLOOP((#2748,#2749,#2761));
#8255= IFCFACEOUTERBOUND(#8254,.T.);
#8256= IFCFACE((#8255));
#8257= IFCPOLYLOOP((#2748,#2761,#2760));
#8258= IFCFACEOUTERBOUND(#8257,.T.);
#8259= IFCFACE((#8258));
#8260= IFCPOLYLOOP((#2749,#2750,#2762));
#8261= IFCFACEOUTERBOUND(#8260,.T.);
#8262= IFCFACE((#8261));
#8263= IFCPOLYLOOP((#2749,#2762,#2761));
#8264= IFCFACEOUTERBOUND(#8263,.T.);
#8265= IFCFACE((#8264));
#8266= IFCPOLYLOOP((#2750,#2751,#2763));
#8267= IFCFACEOUTERBOUND(#8266,.T.);
#8268= IFCFACE((#8267));
#8269= IFCPOLYLOOP((#2750,#2763,#2762));
#8270= IFCFACEOUTERBOUND(#8269,.T.);
#8271= IFCFACE((#8270));
#8272= IFCPOLYLOOP((#2751,#2752,#2764));
#8273= IFCFACEOUTERBOUND(#8272,.T.);
#8274= IFCFACE((#8273));
#8275= IFCPOLYLOOP((#2751,#2764,#2763));
#8276= IFCFACEOUTERBOUND(#8275,.T.);
#8277= IFCFACE((#8276));
#8278= IFCPOLYLOOP((#2752,#2753,#2765));
#8279= IFCFACEOUTERBOUND(#8278,.T.);
#8280= IFCFACE((#8279));
#8281= IFCPOLYLOOP((#2752,#2765,#2764));
#8282= IFCFACEOUTERBOUND(#8281,.T.);
#8283= IFCFACE((#8282));
#8284= IFCPOLYLOOP((#2753,#2754,#2766));
#8285= IFCFACEOUTERBOUND(#8284,.T.);
#8286= IFCFACE((#8285));
#8287= IFCPOLYLOOP((#2753,#2766,#2765));
#8288= IFCFACEOUTERBOUND(#8287,.T.);
#8289= IFCFACE((#8288));
#8290= IFCPOLYLOOP((#2754,#2755,#2767));
#8291= IFCFACEOUTERBOUND(#8290,.T.);
#8292= IFCFACE((#8291));
#8293= IFCPOLYLOOP((#2754,#2767,#2766));
#8294= IFCFACEOUTERBOUND(#8293,.T.);
#8295= IFCFACE((#8294));
#8296= IFCPOLYLOOP((#2755,#2756,#2768));
#8297= IFCFACEOUTERBOUND(#8296,.T.);
#8298= IFCFACE((#8297));
#8299= IFCPOLYLOOP((#2755,#2768,#2767));
#8300= IFCFACEOUTERBOUND(#8299,.T.);
#8301= IFCFACE((#8300));
#8302= IFCPOLYLOOP((#2756,#2757,#2769));
#8303= IFCFACEOUTERBOUND(#8302,.T.);
#8304= IFCFACE((#8303));
#8305= IFCPOLYLOOP((#2756,#2769,#2768));
#8306= IFCFACEOUTERBOUND(#8305,.T.);
#8307= IFCFACE((#8306));
#8308= IFCPOLYLOOP((#2757,#2747,#2759));
#8309= IFCFACEOUTERBOUND(#8308,.T.);
#8310= IFCFACE((#8309));
#8311= IFCPOLYLOOP((#2757,#2759,#2769));
#8312= IFCFACEOUTERBOUND(#8311,.T.);
#8313= IFCFACE((#8312));
#8314= IFCPOLYLOOP((#2759,#2758,#2770));
#8315= IFCFACEOUTERBOUND(#8314,.T.);
#8316= IFCFACE((#8315));
#8317= IFCPOLYLOOP((#2759,#2770,#2771));
#8318= IFCFACEOUTERBOUND(#8317,.T.);
#8319= IFCFACE((#8318));
#8320= IFCPOLYLOOP((#2758,#2760,#2772));
#8321= IFCFACEOUTERBOUND(#8320,.T.);
#8322= IFCFACE((#8321));
#8323= IFCPOLYLOOP((#2758,#2772,#2770));
#8324= IFCFACEOUTERBOUND(#8323,.T.);
#8325= IFCFACE((#8324));
#8326= IFCPOLYLOOP((#2760,#2761,#2773));
#8327= IFCFACEOUTERBOUND(#8326,.T.);
#8328= IFCFACE((#8327));
#8329= IFCPOLYLOOP((#2760,#2773,#2772));
#8330= IFCFACEOUTERBOUND(#8329,.T.);
#8331= IFCFACE((#8330));
#8332= IFCPOLYLOOP((#2761,#2762,#2774));
#8333= IFCFACEOUTERBOUND(#8332,.T.);
#8334= IFCFACE((#8333));
#8335= IFCPOLYLOOP((#2761,#2774,#2773));
#8336= IFCFACEOUTERBOUND(#8335,.T.);
#8337= IFCFACE((#8336));
#8338= IFCPOLYLOOP((#2762,#2763,#2775));
#8339= IFCFACEOUTERBOUND(#8338,.T.);
#8340= IFCFACE((#8339));
#8341= IFCPOLYLOOP((#2762,#2775,#2774));
#8342= IFCFACEOUTERBOUND(#8341,.T.);
#8343= IFCFACE((#8342));
#8344= IFCPOLYLOOP((#2763,#2764,#2776));
#8345= IFCFACEOUTERBOUND(#8344,.T.);
#8346= IFCFACE((#8345));
#8347= IFCPOLYLOOP((#2763,#2776,#2775));
#8348= IFCFACEOUTERBOUND(#8347,.T.);
#8349= IFCFACE((#8348));
#8350= IFCPOLYLOOP((#2764,#2765,#2777));
#8351= IFCFACEOUTERBOUND(#8350,.T.);
#8352= IFCFACE((#8351));
#8353= IFCPOLYLOOP((#2764,#2777,#2776));
#8354= IFCFACEOUTERBOUND(#8353,.T.);
#8355= IFCFACE((#8354));
#8356= IFCPOLYLOOP((#2765,#2766,#2778));
#8357= IFCFACEOUTERBOUND(#8356,.T.);
#8358= IFCFACE((#8357));
#8359= IFCPOLYLOOP((#2765,#2778,#2777));
#8360= IFCFACEOUTERBOUND(#8359,.T.);
#8361= IFCFACE((#8360));
#8362= IFCPOLYLOOP((#2766,#2767,#2779));
#8363= IFCFACEOUTERBOUND(#8362,.T.);
#8364= IFCFACE((#8363));
#8365= IFCPOLYLOOP((#2766,#2779,#2778));
#8366= IFCFACEOUTERBOUND(#8365,.T.);
#8367= IFCFACE((#8366));
#8368= IFCPOLYLOOP((#2767,#2768,#2780));
#8369= IFCFACEOUTERBOUND(#8368,.T.);
#8370= IFCFACE((#8369));
#8371= IFCPOLYLOOP((#2767,#2780,#2779));
#8372= IFCFACEOUTERBOUND(#8371,.T.);
#8373= IFCFACE((#8372));
#8374= IFCPOLYLOOP((#2768,#2769,#2781));
#8375= IFCFACEOUTERBOUND(#8374,.T.);
#8376= IFCFACE((#8375));
#8377= IFCPOLYLOOP((#2768,#2781,#2780));
#8378= IFCFACEOUTERBOUND(#8377,.T.);
#8379= IFCFACE((#8378));
#8380= IFCPOLYLOOP((#2769,#2759,#2771));
#8381= IFCFACEOUTERBOUND(#8380,.T.);
#8382= IFCFACE((#8381));
#8383= IFCPOLYLOOP((#2769,#2771,#2781));
#8384= IFCFACEOUTERBOUND(#8383,.T.);
#8385= IFCFACE((#8384));
#8386= IFCPOLYLOOP((#2771,#2770,#2782));
#8387= IFCFACEOUTERBOUND(#8386,.T.);
#8388= IFCFACE((#8387));
#8389= IFCPOLYLOOP((#2771,#2782,#2783));
#8390= IFCFACEOUTERBOUND(#8389,.T.);
#8391= IFCFACE((#8390));
#8392= IFCPOLYLOOP((#2770,#2772,#2784));
#8393= IFCFACEOUTERBOUND(#8392,.T.);
#8394= IFCFACE((#8393));
#8395= IFCPOLYLOOP((#2770,#2784,#2782));
#8396= IFCFACEOUTERBOUND(#8395,.T.);
#8397= IFCFACE((#8396));
#8398= IFCPOLYLOOP((#2772,#2773,#2785));
#8399= IFCFACEOUTERBOUND(#8398,.T.);
#8400= IFCFACE((#8399));
#8401= IFCPOLYLOOP((#2772,#2785,#2784));
#8402= IFCFACEOUTERBOUND(#8401,.T.);
#8403= IFCFACE((#8402));
#8404= IFCPOLYLOOP((#2773,#2774,#2786));
#8405= IFCFACEOUTERBOUND(#8404,.T.);
#8406= IFCFACE((#8405));
#8407= IFCPOLYLOOP((#2773,#2786,#2785));
#8408= IFCFACEOUTERBOUND(#8407,.T.);
#8409= IFCFACE((#8408));
#8410= IFCPOLYLOOP((#2774,#2775,#2787));
#8411= IFCFACEOUTERBOUND(#8410,.T.);
#8412= IFCFACE((#8411));
#8413= IFCPOLYLOOP((#2774,#2787,#2786));
#8414= IFCFACEOUTERBOUND(#8413,.T.);
#8415= IFCFACE((#8414));
#8416= IFCPOLYLOOP((#2775,#2776,#2788));
#8417= IFCFACEOUTERBOUND(#8416,.T.);
#8418= IFCFACE((#8417));
#8419= IFCPOLYLOOP((#2775,#2788,#2787));
#8420= IFCFACEOUTERBOUND(#8419,.T.);
#8421= IFCFACE((#8420));
#8422= IFCPOLYLOOP((#2776,#2777,#2789));
#8423= IFCFACEOUTERBOUND(#8422,.T.);
#8424= IFCFACE((#8423));
#8425= IFCPOLYLOOP((#2776,#2789,#2788));
#8426= IFCFACEOUTERBOUND(#8425,.T.);
#8427= IFCFACE((#8426));
#8428= IFCPOLYLOOP((#2777,#2778,#2790));
#8429= IFCFACEOUTERBOUND(#8428,.T.);
#8430= IFCFACE((#8429));
#8431= IFCPOLYLOOP((#2777,#2790,#2789));
#8432= IFCFACEOUTERBOUND(#8431,.T.);
#8433= IFCFACE((#8432));
#8434= IFCPOLYLOOP((#2778,#2779,#2791));
#8435= IFCFACEOUTERBOUND(#8434,.T.);
#8436= IFCFACE((#8435));
#8437= IFCPOLYLOOP((#2778,#2791,#2790));
#8438= IFCFACEOUTERBOUND(#8437,.T.);
#8439= IFCFACE((#8438));
#8440= IFCPOLYLOOP((#2779,#2780,#2792));
#8441= IFCFACEOUTERBOUND(#8440,.T.);
#8442= IFCFACE((#8441));
#8443= IFCPOLYLOOP((#2779,#2792,#2791));
#8444= IFCFACEOUTERBOUND(#8443,.T.);
#8445= IFCFACE((#8444));
#8446= IFCPOLYLOOP((#2780,#2781,#2793));
#8447= IFCFACEOUTERBOUND(#8446,.T.);
#8448= IFCFACE((#8447));
#8449= IFCPOLYLOOP((#2780,#2793,#2792));
#8450= IFCFACEOUTERBOUND(#8449,.T.);
#8451= IFCFACE((#8450));
#8452= IFCPOLYLOOP((#2781,#2771,#2783));
#8453= IFCFACEOUTERBOUND(#8452,.T.);
#8454= IFCFACE((#8453));
#8455= IFCPOLYLOOP((#2781,#2783,#2793));
#8456= IFCFACEOUTERBOUND(#8455,.T.);
#8457= IFCFACE((#8456));
#8458= IFCPOLYLOOP((#2783,#2782,#2794));
#8459= IFCFACEOUTERBOUND(#8458,.T.);
#8460= IFCFACE((#8459));
#8461= IFCPOLYLOOP((#2783,#2794,#2795));
#8462= IFCFACEOUTERBOUND(#8461,.T.);
#8463= IFCFACE((#8462));
#8464= IFCPOLYLOOP((#2782,#2784,#2796));
#8465= IFCFACEOUTERBOUND(#8464,.T.);
#8466= IFCFACE((#8465));
#8467= IFCPOLYLOOP((#2782,#2796,#2794));
#8468= IFCFACEOUTERBOUND(#8467,.T.);
#8469= IFCFACE((#8468));
#8470= IFCPOLYLOOP((#2784,#2785,#2797));
#8471= IFCFACEOUTERBOUND(#8470,.T.);
#8472= IFCFACE((#8471));
#8473= IFCPOLYLOOP((#2784,#2797,#2796));
#8474= IFCFACEOUTERBOUND(#8473,.T.);
#8475= IFCFACE((#8474));
#8476= IFCPOLYLOOP((#2785,#2786,#2798));
#8477= IFCFACEOUTERBOUND(#8476,.T.);
#8478= IFCFACE((#8477));
#8479= IFCPOLYLOOP((#2785,#2798,#2797));
#8480= IFCFACEOUTERBOUND(#8479,.T.);
#8481= IFCFACE((#8480));
#8482= IFCPOLYLOOP((#2786,#2787,#2799));
#8483= IFCFACEOUTERBOUND(#8482,.T.);
#8484= IFCFACE((#8483));
#8485= IFCPOLYLOOP((#2786,#2799,#2798));
#8486= IFCFACEOUTERBOUND(#8485,.T.);
#8487= IFCFACE((#8486));
#8488= IFCPOLYLOOP((#2787,#2788,#2800));
#8489= IFCFACEOUTERBOUND(#8488,.T.);
#8490= IFCFACE((#8489));
#8491= IFCPOLYLOOP((#2787,#2800,#2799));
#8492= IFCFACEOUTERBOUND(#8491,.T.);
#8493= IFCFACE((#8492));
#8494= IFCPOLYLOOP((#2788,#2789,#2801));
#8495= IFCFACEOUTERBOUND(#8494,.T.);
#8496= IFCFACE((#8495));
#8497= IFCPOLYLOOP((#2788,#2801,#2800));
#8498= IFCFACEOUTERBOUND(#8497,.T.);
#8499= IFCFACE((#8498));
#8500= IFCPOLYLOOP((#2789,#2790,#2802));
#8501= IFCFACEOUTERBOUND(#8500,.T.);
#8502= IFCFACE((#8501));
#8503= IFCPOLYLOOP((#2789,#2802,#2801));
#8504= IFCFACEOUTERBOUND(#8503,.T.);
#8505= IFCFACE((#8504));
#8506= IFCPOLYLOOP((#2790,#2791,#2803));
#8507= IFCFACEOUTERBOUND(#8506,.T.);
#8508= IFCFACE((#8507));
#8509= IFCPOLYLOOP((#2790,#2803,#2802));
#8510= IFCFACEOUTERBOUND(#8509,.T.);
#8511= IFCFACE((#8510));
#8512= IFCPOLYLOOP((#2791,#2792,#2804));
#8513= IFCFACEOUTERBOUND(#8512,.T.);
#8514= IFCFACE((#8513));
#8515= IFCPOLYLOOP((#2791,#2804,#2803));
#8516= IFCFACEOUTERBOUND(#8515,.T.);
#8517= IFCFACE((#8516));
#8518= IFCPOLYLOOP((#2792,#2793,#2805));
#8519= IFCFACEOUTERBOUND(#8518,.T.);
#8520= IFCFACE((#8519));
#8521= IFCPOLYLOOP((#2792,#2805,#2804));
#8522= IFCFACEOUTERBOUND(#8521,.T.);
#8523= IFCFACE((#8522));
#8524= IFCPOLYLOOP((#2793,#2783,#2795));
#8525= IFCFACEOUTERBOUND(#8524,.T.);
#8526= IFCFACE((#8525));
#8527= IFCPOLYLOOP((#2793,#2795,#2805));
#8528= IFCFACEOUTERBOUND(#8527,.T.);
#8529= IFCFACE((#8528));
#8530= IFCPOLYLOOP((#2795,#2794,#2806));
#8531= IFCFACEOUTERBOUND(#8530,.T.);
#8532= IFCFACE((#8531));
#8533= IFCPOLYLOOP((#2795,#2806,#2807));
#8534= IFCFACEOUTERBOUND(#8533,.T.);
#8535= IFCFACE((#8534));
#8536= IFCPOLYLOOP((#2794,#2796,#2808));
#8537= IFCFACEOUTERBOUND(#8536,.T.);
#8538= IFCFACE((#8537));
#8539= IFCPOLYLOOP((#2794,#2808,#2806));
#8540= IFCFACEOUTERBOUND(#8539,.T.);
#8541= IFCFACE((#8540));
#8542= IFCPOLYLOOP((#2796,#2797,#2809));
#8543= IFCFACEOUTERBOUND(#8542,.T.);
#8544= IFCFACE((#8543));
#8545= IFCPOLYLOOP((#2796,#2809,#2808));
#8546= IFCFACEOUTERBOUND(#8545,.T.);
#8547= IFCFACE((#8546));
#8548= IFCPOLYLOOP((#2797,#2798,#2810));
#8549= IFCFACEOUTERBOUND(#8548,.T.);
#8550= IFCFACE((#8549));
#8551= IFCPOLYLOOP((#2797,#2810,#2809));
#8552= IFCFACEOUTERBOUND(#8551,.T.);
#8553= IFCFACE((#8552));
#8554= IFCPOLYLOOP((#2798,#2799,#2811));
#8555= IFCFACEOUTERBOUND(#8554,.T.);
#8556= IFCFACE((#8555));
#8557= IFCPOLYLOOP((#2798,#2811,#2810));
#8558= IFCFACEOUTERBOUND(#8557,.T.);
#8559= IFCFACE((#8558));
#8560= IFCPOLYLOOP((#2799,#2800,#2812));
#8561= IFCFACEOUTERBOUND(#8560,.T.);
#8562= IFCFACE((#8561));
#8563= IFCPOLYLOOP((#2799,#2812,#2811));
#8564= IFCFACEOUTERBOUND(#8563,.T.);
#8565= IFCFACE((#8564));
#8566= IFCPOLYLOOP((#2800,#2801,#2813));
#8567= IFCFACEOUTERBOUND(#8566,.T.);
#8568= IFCFACE((#8567));
#8569= IFCPOLYLOOP((#2800,#2813,#2812));
#8570= IFCFACEOUTERBOUND(#8569,.T.);
#8571= IFCFACE((#8570));
#8572= IFCPOLYLOOP((#2801,#2802,#2814));
#8573= IFCFACEOUTERBOUND(#8572,.T.);
#8574= IFCFACE((#8573));
#8575= IFCPOLYLOOP((#2801,#2814,#2813));
#8576= IFCFACEOUTERBOUND(#8575,.T.);
#8577= IFCFACE((#8576));
#8578= IFCPOLYLOOP((#2802,#2803,#2815));
#8579= IFCFACEOUTERBOUND(#8578,.T.);
#8580= IFCFACE((#8579));
#8581= IFCPOLYLOOP((#2802,#2815,#2814));
#8582= IFCFACEOUTERBOUND(#8581,.T.);
#8583= IFCFACE((#8582));
#8584= IFCPOLYLOOP((#2803,#2804,#2816));
#8585= IFCFACEOUTERBOUND(#8584,.T.);
#8586= IFCFACE((#8585));
#8587= IFCPOLYLOOP((#2803,#2816,#2815));
#8588= IFCFACEOUTERBOUND(#8587,.T.);
#8589= IFCFACE((#8588));
#8590= IFCPOLYLOOP((#2804,#2805,#2817));
#8591= IFCFACEOUTERBOUND(#8590,.T.);
#8592= IFCFACE((#8591));
#8593= IFCPOLYLOOP((#2804,#2817,#2816));
#8594= IFCFACEOUTERBOUND(#8593,.T.);
#8595= IFCFACE((#8594));
#8596= IFCPOLYLOOP((#2805,#2795,#2807));
#8597= IFCFACEOUTERBOUND(#8596,.T.);
#8598= IFCFACE((#8597));
#8599= IFCPOLYLOOP((#2805,#2807,#2817));
#8600= IFCFACEOUTERBOUND(#8599,.T.);
#8601= IFCFACE((#8600));
#8602= IFCPOLYLOOP((#2807,#2806,#2818));
#8603= IFCFACEOUTERBOUND(#8602,.T.);
#8604= IFCFACE((#8603));
#8605= IFCPOLYLOOP((#2807,#2818,#2819));
#8606= IFCFACEOUTERBOUND(#8605,.T.);
#8607= IFCFACE((#8606));
#8608= IFCPOLYLOOP((#2806,#2808,#2820));
#8609= IFCFACEOUTERBOUND(#8608,.T.);
#8610= IFCFACE((#8609));
#8611= IFCPOLYLOOP((#2806,#2820,#2818));
#8612= IFCFACEOUTERBOUND(#8611,.T.);
#8613= IFCFACE((#8612));
#8614= IFCPOLYLOOP((#2808,#2809,#2821));
#8615= IFCFACEOUTERBOUND(#8614,.T.);
#8616= IFCFACE((#8615));
#8617= IFCPOLYLOOP((#2808,#2821,#2820));
#8618= IFCFACEOUTERBOUND(#8617,.T.);
#8619= IFCFACE((#8618));
#8620= IFCPOLYLOOP((#2809,#2810,#2822));
#8621= IFCFACEOUTERBOUND(#8620,.T.);
#8622= IFCFACE((#8621));
#8623= IFCPOLYLOOP((#2809,#2822,#2821));
#8624= IFCFACEOUTERBOUND(#8623,.T.);
#8625= IFCFACE((#8624));
#8626= IFCPOLYLOOP((#2810,#2811,#2823));
#8627= IFCFACEOUTERBOUND(#8626,.T.);
#8628= IFCFACE((#8627));
#8629= IFCPOLYLOOP((#2810,#2823,#2822));
#8630= IFCFACEOUTERBOUND(#8629,.T.);
#8631= IFCFACE((#8630));
#8632= IFCPOLYLOOP((#2811,#2812,#2824));
#8633= IFCFACEOUTERBOUND(#8632,.T.);
#8634= IFCFACE((#8633));
#8635= IFCPOLYLOOP((#2811,#2824,#2823));
#8636= IFCFACEOUTERBOUND(#8635,.T.);
#8637= IFCFACE((#8636));
#8638= IFCPOLYLOOP((#2812,#2813,#2825));
#8639= IFCFACEOUTERBOUND(#8638,.T.);
#8640= IFCFACE((#8639));
#8641= IFCPOLYLOOP((#2812,#2825,#2824));
#8642= IFCFACEOUTERBOUND(#8641,.T.);
#8643= IFCFACE((#8642));
#8644= IFCPOLYLOOP((#2813,#2814,#2826));
#8645= IFCFACEOUTERBOUND(#8644,.T.);
#8646= IFCFACE((#8645));
#8647= IFCPOLYLOOP((#2813,#2826,#2825));
#8648= IFCFACEOUTERBOUND(#8647,.T.);
#8649= IFCFACE((#8648));
#8650= IFCPOLYLOOP((#2814,#2815,#2827));
#8651= IFCFACEOUTERBOUND(#8650,.T.);
#8652= IFCFACE((#8651));
#8653= IFCPOLYLOOP((#2814,#2827,#2826));
#8654= IFCFACEOUTERBOUND(#8653,.T.);
#8655= IFCFACE((#8654));
#8656= IFCPOLYLOOP((#2815,#2816,#2828));
#8657= IFCFACEOUTERBOUND(#8656,.T.);
#8658= IFCFACE((#8657));
#8659= IFCPOLYLOOP((#2815,#2828,#2827));
#8660= IFCFACEOUTERBOUND(#8659,.T.);
#8661= IFCFACE((#8660));
#8662= IFCPOLYLOOP((#2816,#2817,#2829));
#8663= IFCFACEOUTERBOUND(#8662,.T.);
#8664= IFCFACE((#8663));
#8665= IFCPOLYLOOP((#2816,#2829,#2828));
#8666= IFCFACEOUTERBOUND(#8665,.T.);
#8667= IFCFACE((#8666));
#8668= IFCPOLYLOOP((#2817,#2807,#2819));
#8669= IFCFACEOUTERBOUND(#8668,.T.);
#8670= IFCFACE((#8669));
#8671= IFCPOLYLOOP((#2817,#2819,#2829));
#8672= IFCFACEOUTERBOUND(#8671,.T.);
#8673= IFCFACE((#8672));
#8674= IFCPOLYLOOP((#2819,#2818,#2830));
#8675= IFCFACEOUTERBOUND(#8674,.T.);
#8676= IFCFACE((#8675));
#8677= IFCPOLYLOOP((#2819,#2830,#2831));
#8678= IFCFACEOUTERBOUND(#8677,.T.);
#8679= IFCFACE((#8678));
#8680= IFCPOLYLOOP((#2818,#2820,#2832));
#8681= IFCFACEOUTERBOUND(#8680,.T.);
#8682= IFCFACE((#8681));
#8683= IFCPOLYLOOP((#2818,#2832,#2830));
#8684= IFCFACEOUTERBOUND(#8683,.T.);
#8685= IFCFACE((#8684));
#8686= IFCPOLYLOOP((#2820,#2821,#2833));
#8687= IFCFACEOUTERBOUND(#8686,.T.);
#8688= IFCFACE((#8687));
#8689= IFCPOLYLOOP((#2820,#2833,#2832));
#8690= IFCFACEOUTERBOUND(#8689,.T.);
#8691= IFCFACE((#8690));
#8692= IFCPOLYLOOP((#2821,#2822,#2834));
#8693= IFCFACEOUTERBOUND(#8692,.T.);
#8694= IFCFACE((#8693));
#8695= IFCPOLYLOOP((#2821,#2834,#2833));
#8696= IFCFACEOUTERBOUND(#8695,.T.);
#8697= IFCFACE((#8696));
#8698= IFCPOLYLOOP((#2822,#2823,#2835));
#8699= IFCFACEOUTERBOUND(#8698,.T.);
#8700= IFCFACE((#8699));
#8701= IFCPOLYLOOP((#2822,#2835,#2834));
#8702= IFCFACEOUTERBOUND(#8701,.T.);
#8703= IFCFACE((#8702));
#8704= IFCPOLYLOOP((#2823,#2824,#2836));
#8705= IFCFACEOUTERBOUND(#8704,.T.);
#8706= IFCFACE((#8705));
#8707= IFCPOLYLOOP((#2823,#2836,#2835));
#8708= IFCFACEOUTERBOUND(#8707,.T.);
#8709= IFCFACE((#8708));
#8710= IFCPOLYLOOP((#2824,#2825,#2837));
#8711= IFCFACEOUTERBOUND(#8710,.T.);
#8712= IFCFACE((#8711));
#8713= IFCPOLYLOOP((#2824,#2837,#2836));
#8714= IFCFACEOUTERBOUND(#8713,.T.);
#8715= IFCFACE((#8714));
#8716= IFCPOLYLOOP((#2825,#2826,#2838));
#8717= IFCFACEOUTERBOUND(#8716,.T.);
#8718= IFCFACE((#8717));
#8719= IFCPOLYLOOP((#2825,#2838,#2837));
#8720= IFCFACEOUTERBOUND(#8719,.T.);
#8721= IFCFACE((#8720));
#8722= IFCPOLYLOOP((#2826,#2827,#2839));
#8723= IFCFACEOUTERBOUND(#8722,.T.);
#8724= IFCFACE((#8723));
#8725= IFCPOLYLOOP((#2826,#2839,#2838));
#8726= IFCFACEOUTERBOUND(#8725,.T.);
#8727= IFCFACE((#8726));
#8728= IFCPOLYLOOP((#2827,#2828,#2840));
#8729= IFCFACEOUTERBOUND(#8728,.T.);
#8730= IFCFACE((#8729));
#8731= IFCPOLYLOOP((#2827,#2840,#2839));
#8732= IFCFACEOUTERBOUND(#8731,.T.);
#8733= IFCFACE((#8732));
#8734= IFCPOLYLOOP((#2828,#2829,#2841));
#8735= IFCFACEOUTERBOUND(#8734,.T.);
#8736= IFCFACE((#8735));
#8737= IFCPOLYLOOP((#2828,#2841,#2840));
#8738= IFCFACEOUTERBOUND(#8737,.T.);
#8739= IFCFACE((#8738));
#8740= IFCPOLYLOOP((#2829,#2819,#2831));
#8741= IFCFACEOUTERBOUND(#8740,.T.);
#8742= IFCFACE((#8741));
#8743= IFCPOLYLOOP((#2829,#2831,#2841));
#8744= IFCFACEOUTERBOUND(#8743,.T.);
#8745= IFCFACE((#8744));
#8746= IFCPOLYLOOP((#2831,#2830,#2842));
#8747= IFCFACEOUTERBOUND(#8746,.T.);
#8748= IFCFACE((#8747));
#8749= IFCPOLYLOOP((#2831,#2842,#2843));
#8750= IFCFACEOUTERBOUND(#8749,.T.);
#8751= IFCFACE((#8750));
#8752= IFCPOLYLOOP((#2830,#2832,#2844));
#8753= IFCFACEOUTERBOUND(#8752,.T.);
#8754= IFCFACE((#8753));
#8755= IFCPOLYLOOP((#2830,#2844,#2842));
#8756= IFCFACEOUTERBOUND(#8755,.T.);
#8757= IFCFACE((#8756));
#8758= IFCPOLYLOOP((#2832,#2833,#2845));
#8759= IFCFACEOUTERBOUND(#8758,.T.);
#8760= IFCFACE((#8759));
#8761= IFCPOLYLOOP((#2832,#2845,#2844));
#8762= IFCFACEOUTERBOUND(#8761,.T.);
#8763= IFCFACE((#8762));
#8764= IFCPOLYLOOP((#2833,#2834,#2846));
#8765= IFCFACEOUTERBOUND(#8764,.T.);
#8766= IFCFACE((#8765));
#8767= IFCPOLYLOOP((#2833,#2846,#2845));
#8768= IFCFACEOUTERBOUND(#8767,.T.);
#8769= IFCFACE((#8768));
#8770= IFCPOLYLOOP((#2834,#2835,#2847));
#8771= IFCFACEOUTERBOUND(#8770,.T.);
#8772= IFCFACE((#8771));
#8773= IFCPOLYLOOP((#2834,#2847,#2846));
#8774= IFCFACEOUTERBOUND(#8773,.T.);
#8775= IFCFACE((#8774));
#8776= IFCPOLYLOOP((#2835,#2836,#2848));
#8777= IFCFACEOUTERBOUND(#8776,.T.);
#8778= IFCFACE((#8777));
#8779= IFCPOLYLOOP((#2835,#2848,#2847));
#8780= IFCFACEOUTERBOUND(#8779,.T.);
#8781= IFCFACE((#8780));
#8782= IFCPOLYLOOP((#2836,#2837,#2849));
#8783= IFCFACEOUTERBOUND(#8782,.T.);
#8784= IFCFACE((#8783));
#8785= IFCPOLYLOOP((#2836,#2849,#2848));
#8786= IFCFACEOUTERBOUND(#8785,.T.);
#8787= IFCFACE((#8786));
#8788= IFCPOLYLOOP((#2837,#2838,#2850));
#8789= IFCFACEOUTERBOUND(#8788,.T.);
#8790= IFCFACE((#8789));
#8791= IFCPOLYLOOP((#2837,#2850,#2849));
#8792= IFCFACEOUTERBOUND(#8791,.T.);
#8793= IFCFACE((#8792));
#8794= IFCPOLYLOOP((#2838,#2839,#2851));
#8795= IFCFACEOUTERBOUND(#8794,.T.);
#8796= IFCFACE((#8795));
#8797= IFCPOLYLOOP((#2838,#2851,#2850));
#8798= IFCFACEOUTERBOUND(#8797,.T.);
#8799= IFCFACE((#8798));
#8800= IFCPOLYLOOP((#2839,#2840,#2852));
#8801= IFCFACEOUTERBOUND(#8800,.T.);
#8802= IFCFACE((#8801));
#8803= IFCPOLYLOOP((#2839,#2852,#2851));
#8804= IFCFACEOUTERBOUND(#8803,.T.);
#8805= IFCFACE((#8804));
#8806= IFCPOLYLOOP((#2840,#2841,#2853));
#8807= IFCFACEOUTERBOUND(#8806,.T.);
#8808= IFCFACE((#8807));
#8809= IFCPOLYLOOP((#2840,#2853,#2852));
#8810= IFCFACEOUTERBOUND(#8809,.T.);
#8811= IFCFACE((#8810));
#8812= IFCPOLYLOOP((#2841,#2831,#2843));
#8813= IFCFACEOUTERBOUND(#8812,.T.);
#8814= IFCFACE((#8813));
#8815= IFCPOLYLOOP((#2841,#2843,#2853));
#8816= IFCFACEOUTERBOUND(#8815,.T.);
#8817= IFCFACE((#8816));
#8818= IFCPOLYLOOP((#2843,#2842,#2854));
#8819= IFCFACEOUTERBOUND(#8818,.T.);
#8820= IFCFACE((#8819));
#8821= IFCPOLYLOOP((#2843,#2854,#2855));
#8822= IFCFACEOUTERBOUND(#8821,.T.);
#8823= IFCFACE((#8822));
#8824= IFCPOLYLOOP((#2842,#2844,#2856));
#8825= IFCFACEOUTERBOUND(#8824,.T.);
#8826= IFCFACE((#8825));
#8827= IFCPOLYLOOP((#2842,#2856,#2854));
#8828= IFCFACEOUTERBOUND(#8827,.T.);
#8829= IFCFACE((#8828));
#8830= IFCPOLYLOOP((#2844,#2845,#2857));
#8831= IFCFACEOUTERBOUND(#8830,.T.);
#8832= IFCFACE((#8831));
#8833= IFCPOLYLOOP((#2844,#2857,#2856));
#8834= IFCFACEOUTERBOUND(#8833,.T.);
#8835= IFCFACE((#8834));
#8836= IFCPOLYLOOP((#2845,#2846,#2858));
#8837= IFCFACEOUTERBOUND(#8836,.T.);
#8838= IFCFACE((#8837));
#8839= IFCPOLYLOOP((#2845,#2858,#2857));
#8840= IFCFACEOUTERBOUND(#8839,.T.);
#8841= IFCFACE((#8840));
#8842= IFCPOLYLOOP((#2846,#2847,#2859));
#8843= IFCFACEOUTERBOUND(#8842,.T.);
#8844= IFCFACE((#8843));
#8845= IFCPOLYLOOP((#2846,#2859,#2858));
#8846= IFCFACEOUTERBOUND(#8845,.T.);
#8847= IFCFACE((#8846));
#8848= IFCPOLYLOOP((#2847,#2848,#2860));
#8849= IFCFACEOUTERBOUND(#8848,.T.);
#8850= IFCFACE((#8849));
#8851= IFCPOLYLOOP((#2847,#2860,#2859));
#8852= IFCFACEOUTERBOUND(#8851,.T.);
#8853= IFCFACE((#8852));
#8854= IFCPOLYLOOP((#2848,#2849,#2861));
#8855= IFCFACEOUTERBOUND(#8854,.T.);
#8856= IFCFACE((#8855));
#8857= IFCPOLYLOOP((#2848,#2861,#2860));
#8858= IFCFACEOUTERBOUND(#8857,.T.);
#8859= IFCFACE((#8858));
#8860= IFCPOLYLOOP((#2849,#2850,#2862));
#8861= IFCFACEOUTERBOUND(#8860,.T.);
#8862= IFCFACE((#8861));
#8863= IFCPOLYLOOP((#2849,#2862,#2861));
#8864= IFCFACEOUTERBOUND(#8863,.T.);
#8865= IFCFACE((#8864));
#8866= IFCPOLYLOOP((#2850,#2851,#2863));
#8867= IFCFACEOUTERBOUND(#8866,.T.);
#8868= IFCFACE((#8867));
#8869= IFCPOLYLOOP((#2850,#2863,#2862));
#8870= IFCFACEOUTERBOUND(#8869,.T.);
#8871= IFCFACE((#8870));
#8872= IFCPOLYLOOP((#2851,#2852,#2864));
#8873= IFCFACEOUTERBOUND(#8872,.T.);
#8874= IFCFACE((#8873));
#8875= IFCPOLYLOOP((#2851,#2864,#2863));
#8876= IFCFACEOUTERBOUND(#8875,.T.);
#8877= IFCFACE((#8876));
#8878= IFCPOLYLOOP((#2852,#2853,#2865));
#8879= IFCFACEOUTERBOUND(#8878,.T.);
#8880= IFCFACE((#8879));
#8881= IFCPOLYLOOP((#2852,#2865,#2864));
#8882= IFCFACEOUTERBOUND(#8881,.T.);
#8883= IFCFACE((#8882));
#8884= IFCPOLYLOOP((#2853,#2843,#2855));
#8885= IFCFACEOUTERBOUND(#8884,.T.);
#8886= IFCFACE((#8885));
#8887= IFCPOLYLOOP((#2853,#2855,#2865));
#8888= IFCFACEOUTERBOUND(#8887,.T.);
#8889= IFCFACE((#8888));
#8890= IFCPOLYLOOP((#2855,#2854,#2866));
#8891= IFCFACEOUTERBOUND(#8890,.T.);
#8892= IFCFACE((#8891));
#8893= IFCPOLYLOOP((#2855,#2866,#2867));
#8894= IFCFACEOUTERBOUND(#8893,.T.);
#8895= IFCFACE((#8894));
#8896= IFCPOLYLOOP((#2854,#2856,#2868));
#8897= IFCFACEOUTERBOUND(#8896,.T.);
#8898= IFCFACE((#8897));
#8899= IFCPOLYLOOP((#2854,#2868,#2866));
#8900= IFCFACEOUTERBOUND(#8899,.T.);
#8901= IFCFACE((#8900));
#8902= IFCPOLYLOOP((#2856,#2857,#2869));
#8903= IFCFACEOUTERBOUND(#8902,.T.);
#8904= IFCFACE((#8903));
#8905= IFCPOLYLOOP((#2856,#2869,#2868));
#8906= IFCFACEOUTERBOUND(#8905,.T.);
#8907= IFCFACE((#8906));
#8908= IFCPOLYLOOP((#2857,#2858,#2870));
#8909= IFCFACEOUTERBOUND(#8908,.T.);
#8910= IFCFACE((#8909));
#8911= IFCPOLYLOOP((#2857,#2870,#2869));
#8912= IFCFACEOUTERBOUND(#8911,.T.);
#8913= IFCFACE((#8912));
#8914= IFCPOLYLOOP((#2858,#2859,#2871));
#8915= IFCFACEOUTERBOUND(#8914,.T.);
#8916= IFCFACE((#8915));
#8917= IFCPOLYLOOP((#2858,#2871,#2870));
#8918= IFCFACEOUTERBOUND(#8917,.T.);
#8919= IFCFACE((#8918));
#8920= IFCPOLYLOOP((#2859,#2860,#2872));
#8921= IFCFACEOUTERBOUND(#8920,.T.);
#8922= IFCFACE((#8921));
#8923= IFCPOLYLOOP((#2859,#2872,#2871));
#8924= IFCFACEOUTERBOUND(#8923,.T.);
#8925= IFCFACE((#8924));
#8926= IFCPOLYLOOP((#2860,#2861,#2873));
#8927= IFCFACEOUTERBOUND(#8926,.T.);
#8928= IFCFACE((#8927));
#8929= IFCPOLYLOOP((#2860,#2873,#2872));
#8930= IFCFACEOUTERBOUND(#8929,.T.);
#8931= IFCFACE((#8930));
#8932= IFCPOLYLOOP((#2861,#2862,#2874));
#8933= IFCFACEOUTERBOUND(#8932,.T.);
#8934= IFCFACE((#8933));
#8935= IFCPOLYLOOP((#2861,#2874,#2873));
#8936= IFCFACEOUTERBOUND(#8935,.T.);
#8937= IFCFACE((#8936));
#8938= IFCPOLYLOOP((#2862,#2863,#2875));
#8939= IFCFACEOUTERBOUND(#8938,.T.);
#8940= IFCFACE((#8939));
#8941= IFCPOLYLOOP((#2862,#2875,#2874));
#8942= IFCFACEOUTERBOUND(#8941,.T.);
#8943= IFCFACE((#8942));
#8944= IFCPOLYLOOP((#2863,#2864,#2876));
#8945= IFCFACEOUTERBOUND(#8944,.T.);
#8946= IFCFACE((#8945));
#8947= IFCPOLYLOOP((#2863,#2876,#2875));
#8948= IFCFACEOUTERBOUND(#8947,.T.);
#8949= IFCFACE((#8948));
#8950= IFCPOLYLOOP((#2864,#2865,#2877));
#8951= IFCFACEOUTERBOUND(#8950,.T.);
#8952= IFCFACE((#8951));
#8953= IFCPOLYLOOP((#2864,#2877,#2876));
#8954= IFCFACEOUTERBOUND(#8953,.T.);
#8955= IFCFACE((#8954));
#8956= IFCPOLYLOOP((#2865,#2855,#2867));
#8957= IFCFACEOUTERBOUND(#8956,.T.);
#8958= IFCFACE((#8957));
#8959= IFCPOLYLOOP((#2865,#2867,#2877));
#8960= IFCFACEOUTERBOUND(#8959,.T.);
#8961= IFCFACE((#8960));
#8962= IFCPOLYLOOP((#2867,#2866,#2878));
#8963= IFCFACEOUTERBOUND(#8962,.T.);
#8964= IFCFACE((#8963));
#8965= IFCPOLYLOOP((#2867,#2878,#2879));
#8966= IFCFACEOUTERBOUND(#8965,.T.);
#8967= IFCFACE((#8966));
#8968= IFCPOLYLOOP((#2866,#2868,#2880));
#8969= IFCFACEOUTERBOUND(#8968,.T.);
#8970= IFCFACE((#8969));
#8971= IFCPOLYLOOP((#2866,#2880,#2878));
#8972= IFCFACEOUTERBOUND(#8971,.T.);
#8973= IFCFACE((#8972));
#8974= IFCPOLYLOOP((#2868,#2869,#2881));
#8975= IFCFACEOUTERBOUND(#8974,.T.);
#8976= IFCFACE((#8975));
#8977= IFCPOLYLOOP((#2868,#2881,#2880));
#8978= IFCFACEOUTERBOUND(#8977,.T.);
#8979= IFCFACE((#8978));
#8980= IFCPOLYLOOP((#2869,#2870,#2882));
#8981= IFCFACEOUTERBOUND(#8980,.T.);
#8982= IFCFACE((#8981));
#8983= IFCPOLYLOOP((#2869,#2882,#2881));
#8984= IFCFACEOUTERBOUND(#8983,.T.);
#8985= IFCFACE((#8984));
#8986= IFCPOLYLOOP((#2870,#2871,#2883));
#8987= IFCFACEOUTERBOUND(#8986,.T.);
#8988= IFCFACE((#8987));
#8989= IFCPOLYLOOP((#2870,#2883,#2882));
#8990= IFCFACEOUTERBOUND(#8989,.T.);
#8991= IFCFACE((#8990));
#8992= IFCPOLYLOOP((#2871,#2872,#2884));
#8993= IFCFACEOUTERBOUND(#8992,.T.);
#8994= IFCFACE((#8993));
#8995= IFCPOLYLOOP((#2871,#2884,#2883));
#8996= IFCFACEOUTERBOUND(#8995,.T.);
#8997= IFCFACE((#8996));
#8998= IFCPOLYLOOP((#2872,#2873,#2885));
#8999= IFCFACEOUTERBOUND(#8998,.T.);
#9000= IFCFACE((#8999));
#9001= IFCPOLYLOOP((#2872,#2885,#2884));
#9002= IFCFACEOUTERBOUND(#9001,.T.);
#9003= IFCFACE((#9002));
#9004= IFCPOLYLOOP((#2873,#2874,#2886));
#9005= IFCFACEOUTERBOUND(#9004,.T.);
#9006= IFCFACE((#9005));
#9007= IFCPOLYLOOP((#2873,#2886,#2885));
#9008= IFCFACEOUTERBOUND(#9007,.T.);
#9009= IFCFACE((#9008));
#9010= IFCPOLYLOOP((#2874,#2875,#2887));
#9011= IFCFACEOUTERBOUND(#9010,.T.);
#9012= IFCFACE((#9011));
#9013= IFCPOLYLOOP((#2874,#2887,#2886));
#9014= IFCFACEOUTERBOUND(#9013,.T.);
#9015= IFCFACE((#9014));
#9016= IFCPOLYLOOP((#2875,#2876,#2888));
#9017= IFCFACEOUTERBOUND(#9016,.T.);
#9018= IFCFACE((#9017));
#9019= IFCPOLYLOOP((#2875,#2888,#2887));
#9020= IFCFACEOUTERBOUND(#9019,.T.);
#9021= IFCFACE((#9020));
#9022= IFCPOLYLOOP((#2876,#2877,#2889));
#9023= IFCFACEOUTERBOUND(#9022,.T.);
#9024= IFCFACE((#9023));
#9025= IFCPOLYLOOP((#2876,#2889,#2888));
#9026= IFCFACEOUTERBOUND(#9025,.T.);
#9027= IFCFACE((#9026));
#9028= IFCPOLYLOOP((#2877,#2867,#2879));
#9029= IFCFACEOUTERBOUND(#9028,.T.);
#9030= IFCFACE((#9029));
#9031= IFCPOLYLOOP((#2877,#2879,#2889));
#9032= IFCFACEOUTERBOUND(#9031,.T.);
#9033= IFCFACE((#9032));
#9034= IFCPOLYLOOP((#2879,#2878,#2890));
#9035= IFCFACEOUTERBOUND(#9034,.T.);
#9036= IFCFACE((#9035));
#9037= IFCPOLYLOOP((#2879,#2890,#2891));
#9038= IFCFACEOUTERBOUND(#9037,.T.);
#9039= IFCFACE((#9038));
#9040= IFCPOLYLOOP((#2878,#2880,#2892));
#9041= IFCFACEOUTERBOUND(#9040,.T.);
#9042= IFCFACE((#9041));
#9043= IFCPOLYLOOP((#2878,#2892,#2890));
#9044= IFCFACEOUTERBOUND(#9043,.T.);
#9045= IFCFACE((#9044));
#9046= IFCPOLYLOOP((#2880,#2881,#2893));
#9047= IFCFACEOUTERBOUND(#9046,.T.);
#9048= IFCFACE((#9047));
#9049= IFCPOLYLOOP((#2880,#2893,#2892));
#9050= IFCFACEOUTERBOUND(#9049,.T.);
#9051= IFCFACE((#9050));
#9052= IFCPOLYLOOP((#2881,#2882,#2894));
#9053= IFCFACEOUTERBOUND(#9052,.T.);
#9054= IFCFACE((#9053));
#9055= IFCPOLYLOOP((#2881,#2894,#2893));
#9056= IFCFACEOUTERBOUND(#9055,.T.);
#9057= IFCFACE((#9056));
#9058= IFCPOLYLOOP((#2882,#2883,#2895));
#9059= IFCFACEOUTERBOUND(#9058,.T.);
#9060= IFCFACE((#9059));
#9061= IFCPOLYLOOP((#2882,#2895,#2894));
#9062= IFCFACEOUTERBOUND(#9061,.T.);
#9063= IFCFACE((#9062));
#9064= IFCPOLYLOOP((#2883,#2884,#2896));
#9065= IFCFACEOUTERBOUND(#9064,.T.);
#9066= IFCFACE((#9065));
#9067= IFCPOLYLOOP((#2883,#2896,#2895));
#9068= IFCFACEOUTERBOUND(#9067,.T.);
#9069= IFCFACE((#9068));
#9070= IFCPOLYLOOP((#2884,#2885,#2897));
#9071= IFCFACEOUTERBOUND(#9070,.T.);
#9072= IFCFACE((#9071));
#9073= IFCPOLYLOOP((#2884,#2897,#2896));
#9074= IFCFACEOUTERBOUND(#9073,.T.);
#9075= IFCFACE((#9074));
#9076= IFCPOLYLOOP((#2885,#2886,#2898));
#9077= IFCFACEOUTERBOUND(#9076,.T.);
#9078= IFCFACE((#9077));
#9079= IFCPOLYLOOP((#2885,#2898,#2897));
#9080= IFCFACEOUTERBOUND(#9079,.T.);
#9081= IFCFACE((#9080));
#9082= IFCPOLYLOOP((#2886,#2887,#2899));
#9083= IFCFACEOUTERBOUND(#9082,.T.);
#9084= IFCFACE((#9083));
#9085= IFCPOLYLOOP((#2886,#2899,#2898));
#9086= IFCFACEOUTERBOUND(#9085,.T.);
#9087= IFCFACE((#9086));
#9088= IFCPOLYLOOP((#2887,#2888,#2900));
#9089= IFCFACEOUTERBOUND(#9088,.T.);
#9090= IFCFACE((#9089));
#9091= IFCPOLYLOOP((#2887,#2900,#2899));
#9092= IFCFACEOUTERBOUND(#9091,.T.);
#9093= IFCFACE((#9092));
#9094= IFCPOLYLOOP((#2888,#2889,#2901));
#9095= IFCFACEOUTERBOUND(#9094,.T.);
#9096= IFCFACE((#9095));
#9097= IFCPOLYLOOP((#2888,#2901,#2900));
#9098= IFCFACEOUTERBOUND(#9097,.T.);
#9099= IFCFACE((#9098));
#9100= IFCPOLYLOOP((#2889,#2879,#2891));
#9101= IFCFACEOUTERBOUND(#9100,.T.);
#9102= IFCFACE((#9101));
#9103= IFCPOLYLOOP((#2889,#2891,#2901));
#9104= IFCFACEOUTERBOUND(#9103,.T.);
#9105= IFCFACE((#9104));
#9106= IFCPOLYLOOP((#2891,#2890,#2902));
#9107= IFCFACEOUTERBOUND(#9106,.T.);
#9108= IFCFACE((#9107));
#9109= IFCPOLYLOOP((#2891,#2902,#2903));
#9110= IFCFACEOUTERBOUND(#9109,.T.);
#9111= IFCFACE((#9110));
#9112= IFCPOLYLOOP((#2890,#2892,#2904));
#9113= IFCFACEOUTERBOUND(#9112,.T.);
#9114= IFCFACE((#9113));
#9115= IFCPOLYLOOP((#2890,#2904,#2902));
#9116= IFCFACEOUTERBOUND(#9115,.T.);
#9117= IFCFACE((#9116));
#9118= IFCPOLYLOOP((#2892,#2893,#2905));
#9119= IFCFACEOUTERBOUND(#9118,.T.);
#9120= IFCFACE((#9119));
#9121= IFCPOLYLOOP((#2892,#2905,#2904));
#9122= IFCFACEOUTERBOUND(#9121,.T.);
#9123= IFCFACE((#9122));
#9124= IFCPOLYLOOP((#2893,#2894,#2906));
#9125= IFCFACEOUTERBOUND(#9124,.T.);
#9126= IFCFACE((#9125));
#9127= IFCPOLYLOOP((#2893,#2906,#2905));
#9128= IFCFACEOUTERBOUND(#9127,.T.);
#9129= IFCFACE((#9128));
#9130= IFCPOLYLOOP((#2894,#2895,#2907));
#9131= IFCFACEOUTERBOUND(#9130,.T.);
#9132= IFCFACE((#9131));
#9133= IFCPOLYLOOP((#2894,#2907,#2906));
#9134= IFCFACEOUTERBOUND(#9133,.T.);
#9135= IFCFACE((#9134));
#9136= IFCPOLYLOOP((#2895,#2896,#2908));
#9137= IFCFACEOUTERBOUND(#9136,.T.);
#9138= IFCFACE((#9137));
#9139= IFCPOLYLOOP((#2895,#2908,#2907));
#9140= IFCFACEOUTERBOUND(#9139,.T.);
#9141= IFCFACE((#9140));
#9142= IFCPOLYLOOP((#2896,#2897,#2909));
#9143= IFCFACEOUTERBOUND(#9142,.T.);
#9144= IFCFACE((#9143));
#9145= IFCPOLYLOOP((#2896,#2909,#2908));
#9146= IFCFACEOUTERBOUND(#9145,.T.);
#9147= IFCFACE((#9146));
#9148= IFCPOLYLOOP((#2897,#2898,#2910));
#9149= IFCFACEOUTERBOUND(#9148,.T.);
#9150= IFCFACE((#9149));
#9151= IFCPOLYLOOP((#2897,#2910,#2909));
#9152= IFCFACEOUTERBOUND(#9151,.T.);
#9153= IFCFACE((#9152));
#9154= IFCPOLYLOOP((#2898,#2899,#2911));
#9155= IFCFACEOUTERBOUND(#9154,.T.);
#9156= IFCFACE((#9155));
#9157= IFCPOLYLOOP((#2898,#2911,#2910));
#9158= IFCFACEOUTERBOUND(#9157,.T.);
#9159= IFCFACE((#9158));
#9160= IFCPOLYLOOP((#2899,#2900,#2912));
#9161= IFCFACEOUTERBOUND(#9160,.T.);
#9162= IFCFACE((#9161));
#9163= IFCPOLYLOOP((#2899,#2912,#2911));
#9164= IFCFACEOUTERBOUND(#9163,.T.);
#9165= IFCFACE((#9164));
#9166= IFCPOLYLOOP((#2900,#2901,#2913));
#9167= IFCFACEOUTERBOUND(#9166,.T.);
#9168= IFCFACE((#9167));
#9169= IFCPOLYLOOP((#2900,#2913,#2912));
#9170= IFCFACEOUTERBOUND(#9169,.T.);
#9171= IFCFACE((#9170));
#9172= IFCPOLYLOOP((#2901,#2891,#2903));
#9173= IFCFACEOUTERBOUND(#9172,.T.);
#9174= IFCFACE((#9173));
#9175= IFCPOLYLOOP((#2901,#2903,#2913));
#9176= IFCFACEOUTERBOUND(#9175,.T.);
#9177= IFCFACE((#9176));
#9178= IFCPOLYLOOP((#2903,#2902,#2914));
#9179= IFCFACEOUTERBOUND(#9178,.T.);
#9180= IFCFACE((#9179));
#9181= IFCPOLYLOOP((#2903,#2914,#2915));
#9182= IFCFACEOUTERBOUND(#9181,.T.);
#9183= IFCFACE((#9182));
#9184= IFCPOLYLOOP((#2902,#2904,#2916));
#9185= IFCFACEOUTERBOUND(#9184,.T.);
#9186= IFCFACE((#9185));
#9187= IFCPOLYLOOP((#2902,#2916,#2914));
#9188= IFCFACEOUTERBOUND(#9187,.T.);
#9189= IFCFACE((#9188));
#9190= IFCPOLYLOOP((#2904,#2905,#2917));
#9191= IFCFACEOUTERBOUND(#9190,.T.);
#9192= IFCFACE((#9191));
#9193= IFCPOLYLOOP((#2904,#2917,#2916));
#9194= IFCFACEOUTERBOUND(#9193,.T.);
#9195= IFCFACE((#9194));
#9196= IFCPOLYLOOP((#2905,#2906,#2918));
#9197= IFCFACEOUTERBOUND(#9196,.T.);
#9198= IFCFACE((#9197));
#9199= IFCPOLYLOOP((#2905,#2918,#2917));
#9200= IFCFACEOUTERBOUND(#9199,.T.);
#9201= IFCFACE((#9200));
#9202= IFCPOLYLOOP((#2906,#2907,#2919));
#9203= IFCFACEOUTERBOUND(#9202,.T.);
#9204= IFCFACE((#9203));
#9205= IFCPOLYLOOP((#2906,#2919,#2918));
#9206= IFCFACEOUTERBOUND(#9205,.T.);
#9207= IFCFACE((#9206));
#9208= IFCPOLYLOOP((#2907,#2908,#2920));
#9209= IFCFACEOUTERBOUND(#9208,.T.);
#9210= IFCFACE((#9209));
#9211= IFCPOLYLOOP((#2907,#2920,#2919));
#9212= IFCFACEOUTERBOUND(#9211,.T.);
#9213= IFCFACE((#9212));
#9214= IFCPOLYLOOP((#2908,#2909,#2921));
#9215= IFCFACEOUTERBOUND(#9214,.T.);
#9216= IFCFACE((#9215));
#9217= IFCPOLYLOOP((#2908,#2921,#2920));
#9218= IFCFACEOUTERBOUND(#9217,.T.);
#9219= IFCFACE((#9218));
#9220= IFCPOLYLOOP((#2909,#2910,#2922));
#9221= IFCFACEOUTERBOUND(#9220,.T.);
#9222= IFCFACE((#9221));
#9223= IFCPOLYLOOP((#2909,#2922,#2921));
#9224= IFCFACEOUTERBOUND(#9223,.T.);
#9225= IFCFACE((#9224));
#9226= IFCPOLYLOOP((#2910,#2911,#2923));
#9227= IFCFACEOUTERBOUND(#9226,.T.);
#9228= IFCFACE((#9227));
#9229= IFCPOLYLOOP((#2910,#2923,#2922));
#9230= IFCFACEOUTERBOUND(#9229,.T.);
#9231= IFCFACE((#9230));
#9232= IFCPOLYLOOP((#2911,#2912,#2924));
#9233= IFCFACEOUTERBOUND(#9232,.T.);
#9234= IFCFACE((#9233));
#9235= IFCPOLYLOOP((#2911,#2924,#2923));
#9236= IFCFACEOUTERBOUND(#9235,.T.);
#9237= IFCFACE((#9236));
#9238= IFCPOLYLOOP((#2912,#2913,#2925));
#9239= IFCFACEOUTERBOUND(#9238,.T.);
#9240= IFCFACE((#9239));
#9241= IFCPOLYLOOP((#2912,#2925,#2924));
#9242= IFCFACEOUTERBOUND(#9241,.T.);
#9243= IFCFACE((#9242));
#9244= IFCPOLYLOOP((#2913,#2903,#2915));
#9245= IFCFACEOUTERBOUND(#9244,.T.);
#9246= IFCFACE((#9245));
#9247= IFCPOLYLOOP((#2913,#2915,#2925));
#9248= IFCFACEOUTERBOUND(#9247,.T.);
#9249= IFCFACE((#9248));
#9250= IFCPOLYLOOP((#2915,#2914,#2926));
#9251= IFCFACEOUTERBOUND(#9250,.T.);
#9252= IFCFACE((#9251));
#9253= IFCPOLYLOOP((#2915,#2926,#2927));
#9254= IFCFACEOUTERBOUND(#9253,.T.);
#9255= IFCFACE((#9254));
#9256= IFCPOLYLOOP((#2914,#2916,#2928));
#9257= IFCFACEOUTERBOUND(#9256,.T.);
#9258= IFCFACE((#9257));
#9259= IFCPOLYLOOP((#2914,#2928,#2926));
#9260= IFCFACEOUTERBOUND(#9259,.T.);
#9261= IFCFACE((#9260));
#9262= IFCPOLYLOOP((#2916,#2917,#2929));
#9263= IFCFACEOUTERBOUND(#9262,.T.);
#9264= IFCFACE((#9263));
#9265= IFCPOLYLOOP((#2916,#2929,#2928));
#9266= IFCFACEOUTERBOUND(#9265,.T.);
#9267= IFCFACE((#9266));
#9268= IFCPOLYLOOP((#2917,#2918,#2930));
#9269= IFCFACEOUTERBOUND(#9268,.T.);
#9270= IFCFACE((#9269));
#9271= IFCPOLYLOOP((#2917,#2930,#2929));
#9272= IFCFACEOUTERBOUND(#9271,.T.);
#9273= IFCFACE((#9272));
#9274= IFCPOLYLOOP((#2918,#2919,#2931));
#9275= IFCFACEOUTERBOUND(#9274,.T.);
#9276= IFCFACE((#9275));
#9277= IFCPOLYLOOP((#2918,#2931,#2930));
#9278= IFCFACEOUTERBOUND(#9277,.T.);
#9279= IFCFACE((#9278));
#9280= IFCPOLYLOOP((#2919,#2920,#2932));
#9281= IFCFACEOUTERBOUND(#9280,.T.);
#9282= IFCFACE((#9281));
#9283= IFCPOLYLOOP((#2919,#2932,#2931));
#9284= IFCFACEOUTERBOUND(#9283,.T.);
#9285= IFCFACE((#9284));
#9286= IFCPOLYLOOP((#2920,#2921,#2933));
#9287= IFCFACEOUTERBOUND(#9286,.T.);
#9288= IFCFACE((#9287));
#9289= IFCPOLYLOOP((#2920,#2933,#2932));
#9290= IFCFACEOUTERBOUND(#9289,.T.);
#9291= IFCFACE((#9290));
#9292= IFCPOLYLOOP((#2921,#2922,#2934));
#9293= IFCFACEOUTERBOUND(#9292,.T.);
#9294= IFCFACE((#9293));
#9295= IFCPOLYLOOP((#2921,#2934,#2933));
#9296= IFCFACEOUTERBOUND(#9295,.T.);
#9297= IFCFACE((#9296));
#9298= IFCPOLYLOOP((#2922,#2923,#2935));
#9299= IFCFACEOUTERBOUND(#9298,.T.);
#9300= IFCFACE((#9299));
#9301= IFCPOLYLOOP((#2922,#2935,#2934));
#9302= IFCFACEOUTERBOUND(#9301,.T.);
#9303= IFCFACE((#9302));
#9304= IFCPOLYLOOP((#2923,#2924,#2936));
#9305= IFCFACEOUTERBOUND(#9304,.T.);
#9306= IFCFACE((#9305));
#9307= IFCPOLYLOOP((#2923,#2936,#2935));
#9308= IFCFACEOUTERBOUND(#9307,.T.);
#9309= IFCFACE((#9308));
#9310= IFCPOLYLOOP((#2924,#2925,#2937));
#9311= IFCFACEOUTERBOUND(#9310,.T.);
#9312= IFCFACE((#9311));
#9313= IFCPOLYLOOP((#2924,#2937,#2936));
#9314= IFCFACEOUTERBOUND(#9313,.T.);
#9315= IFCFACE((#9314));
#9316= IFCPOLYLOOP((#2925,#2915,#2927));
#9317= IFCFACEOUTERBOUND(#9316,.T.);
#9318= IFCFACE((#9317));
#9319= IFCPOLYLOOP((#2925,#2927,#2937));
#9320= IFCFACEOUTERBOUND(#9319,.T.);
#9321= IFCFACE((#9320));
#9322= IFCPOLYLOOP((#2927,#2926,#2938));
#9323= IFCFACEOUTERBOUND(#9322,.T.);
#9324= IFCFACE((#9323));
#9325= IFCPOLYLOOP((#2927,#2938,#2939));
#9326= IFCFACEOUTERBOUND(#9325,.T.);
#9327= IFCFACE((#9326));
#9328= IFCPOLYLOOP((#2926,#2928,#2940));
#9329= IFCFACEOUTERBOUND(#9328,.T.);
#9330= IFCFACE((#9329));
#9331= IFCPOLYLOOP((#2926,#2940,#2938));
#9332= IFCFACEOUTERBOUND(#9331,.T.);
#9333= IFCFACE((#9332));
#9334= IFCPOLYLOOP((#2928,#2929,#2941));
#9335= IFCFACEOUTERBOUND(#9334,.T.);
#9336= IFCFACE((#9335));
#9337= IFCPOLYLOOP((#2928,#2941,#2940));
#9338= IFCFACEOUTERBOUND(#9337,.T.);
#9339= IFCFACE((#9338));
#9340= IFCPOLYLOOP((#2929,#2930,#2942));
#9341= IFCFACEOUTERBOUND(#9340,.T.);
#9342= IFCFACE((#9341));
#9343= IFCPOLYLOOP((#2929,#2942,#2941));
#9344= IFCFACEOUTERBOUND(#9343,.T.);
#9345= IFCFACE((#9344));
#9346= IFCPOLYLOOP((#2930,#2931,#2943));
#9347= IFCFACEOUTERBOUND(#9346,.T.);
#9348= IFCFACE((#9347));
#9349= IFCPOLYLOOP((#2930,#2943,#2942));
#9350= IFCFACEOUTERBOUND(#9349,.T.);
#9351= IFCFACE((#9350));
#9352= IFCPOLYLOOP((#2931,#2932,#2944));
#9353= IFCFACEOUTERBOUND(#9352,.T.);
#9354= IFCFACE((#9353));
#9355= IFCPOLYLOOP((#2931,#2944,#2943));
#9356= IFCFACEOUTERBOUND(#9355,.T.);
#9357= IFCFACE((#9356));
#9358= IFCPOLYLOOP((#2932,#2933,#2945));
#9359= IFCFACEOUTERBOUND(#9358,.T.);
#9360= IFCFACE((#9359));
#9361= IFCPOLYLOOP((#2932,#2945,#2944));
#9362= IFCFACEOUTERBOUND(#9361,.T.);
#9363= IFCFACE((#9362));
#9364= IFCPOLYLOOP((#2933,#2934,#2946));
#9365= IFCFACEOUTERBOUND(#9364,.T.);
#9366= IFCFACE((#9365));
#9367= IFCPOLYLOOP((#2933,#2946,#2945));
#9368= IFCFACEOUTERBOUND(#9367,.T.);
#9369= IFCFACE((#9368));
#9370= IFCPOLYLOOP((#2934,#2935,#2947));
#9371= IFCFACEOUTERBOUND(#9370,.T.);
#9372= IFCFACE((#9371));
#9373= IFCPOLYLOOP((#2934,#2947,#2946));
#9374= IFCFACEOUTERBOUND(#9373,.T.);
#9375= IFCFACE((#9374));
#9376= IFCPOLYLOOP((#2935,#2936,#2948));
#9377= IFCFACEOUTERBOUND(#9376,.T.);
#9378= IFCFACE((#9377));
#9379= IFCPOLYLOOP((#2935,#2948,#2947));
#9380= IFCFACEOUTERBOUND(#9379,.T.);
#9381= IFCFACE((#9380));
#9382= IFCPOLYLOOP((#2936,#2937,#2949));
#9383= IFCFACEOUTERBOUND(#9382,.T.);
#9384= IFCFACE((#9383));
#9385= IFCPOLYLOOP((#2936,#2949,#2948));
#9386= IFCFACEOUTERBOUND(#9385,.T.);
#9387= IFCFACE((#9386));
#9388= IFCPOLYLOOP((#2937,#2927,#2939));
#9389= IFCFACEOUTERBOUND(#9388,.T.);
#9390= IFCFACE((#9389));
#9391= IFCPOLYLOOP((#2937,#2939,#2949));
#9392= IFCFACEOUTERBOUND(#9391,.T.);
#9393= IFCFACE((#9392));
#9394= IFCPOLYLOOP((#2939,#2938,#2950));
#9395= IFCFACEOUTERBOUND(#9394,.T.);
#9396= IFCFACE((#9395));
#9397= IFCPOLYLOOP((#2939,#2950,#2951));
#9398= IFCFACEOUTERBOUND(#9397,.T.);
#9399= IFCFACE((#9398));
#9400= IFCPOLYLOOP((#2938,#2940,#2952));
#9401= IFCFACEOUTERBOUND(#9400,.T.);
#9402= IFCFACE((#9401));
#9403= IFCPOLYLOOP((#2938,#2952,#2950));
#9404= IFCFACEOUTERBOUND(#9403,.T.);
#9405= IFCFACE((#9404));
#9406= IFCPOLYLOOP((#2940,#2941,#2953));
#9407= IFCFACEOUTERBOUND(#9406,.T.);
#9408= IFCFACE((#9407));
#9409= IFCPOLYLOOP((#2940,#2953,#2952));
#9410= IFCFACEOUTERBOUND(#9409,.T.);
#9411= IFCFACE((#9410));
#9412= IFCPOLYLOOP((#2941,#2942,#2954));
#9413= IFCFACEOUTERBOUND(#9412,.T.);
#9414= IFCFACE((#9413));
#9415= IFCPOLYLOOP((#2941,#2954,#2953));
#9416= IFCFACEOUTERBOUND(#9415,.T.);
#9417= IFCFACE((#9416));
#9418= IFCPOLYLOOP((#2942,#2943,#2955));
#9419= IFCFACEOUTERBOUND(#9418,.T.);
#9420= IFCFACE((#9419));
#9421= IFCPOLYLOOP((#2942,#2955,#2954));
#9422= IFCFACEOUTERBOUND(#9421,.T.);
#9423= IFCFACE((#9422));
#9424= IFCPOLYLOOP((#2943,#2944,#2956));
#9425= IFCFACEOUTERBOUND(#9424,.T.);
#9426= IFCFACE((#9425));
#9427= IFCPOLYLOOP((#2943,#2956,#2955));
#9428= IFCFACEOUTERBOUND(#9427,.T.);
#9429= IFCFACE((#9428));
#9430= IFCPOLYLOOP((#2944,#2945,#2957));
#9431= IFCFACEOUTERBOUND(#9430,.T.);
#9432= IFCFACE((#9431));
#9433= IFCPOLYLOOP((#2944,#2957,#2956));
#9434= IFCFACEOUTERBOUND(#9433,.T.);
#9435= IFCFACE((#9434));
#9436= IFCPOLYLOOP((#2945,#2946,#2958));
#9437= IFCFACEOUTERBOUND(#9436,.T.);
#9438= IFCFACE((#9437));
#9439= IFCPOLYLOOP((#2945,#2958,#2957));
#9440= IFCFACEOUTERBOUND(#9439,.T.);
#9441= IFCFACE((#9440));
#9442= IFCPOLYLOOP((#2946,#2947,#2959));
#9443= IFCFACEOUTERBOUND(#9442,.T.);
#9444= IFCFACE((#9443));
#9445= IFCPOLYLOOP((#2946,#2959,#2958));
#9446= IFCFACEOUTERBOUND(#9445,.T.);
#9447= IFCFACE((#9446));
#9448= IFCPOLYLOOP((#2947,#2948,#2960));
#9449= IFCFACEOUTERBOUND(#9448,.T.);
#9450= IFCFACE((#9449));
#9451= IFCPOLYLOOP((#2947,#2960,#2959));
#9452= IFCFACEOUTERBOUND(#9451,.T.);
#9453= IFCFACE((#9452));
#9454= IFCPOLYLOOP((#2948,#2949,#2961));
#9455= IFCFACEOUTERBOUND(#9454,.T.);
#9456= IFCFACE((#9455));
#9457= IFCPOLYLOOP((#2948,#2961,#2960));
#9458= IFCFACEOUTERBOUND(#9457,.T.);
#9459= IFCFACE((#9458));
#9460= IFCPOLYLOOP((#2949,#2939,#2951));
#9461= IFCFACEOUTERBOUND(#9460,.T.);
#9462= IFCFACE((#9461));
#9463= IFCPOLYLOOP((#2949,#2951,#2961));
#9464= IFCFACEOUTERBOUND(#9463,.T.);
#9465= IFCFACE((#9464));
#9466= IFCPOLYLOOP((#2951,#2950,#2962));
#9467= IFCFACEOUTERBOUND(#9466,.T.);
#9468= IFCFACE((#9467));
#9469= IFCPOLYLOOP((#2951,#2962,#2963));
#9470= IFCFACEOUTERBOUND(#9469,.T.);
#9471= IFCFACE((#9470));
#9472= IFCPOLYLOOP((#2950,#2952,#2964));
#9473= IFCFACEOUTERBOUND(#9472,.T.);
#9474= IFCFACE((#9473));
#9475= IFCPOLYLOOP((#2950,#2964,#2962));
#9476= IFCFACEOUTERBOUND(#9475,.T.);
#9477= IFCFACE((#9476));
#9478= IFCPOLYLOOP((#2952,#2953,#2965));
#9479= IFCFACEOUTERBOUND(#9478,.T.);
#9480= IFCFACE((#9479));
#9481= IFCPOLYLOOP((#2952,#2965,#2964));
#9482= IFCFACEOUTERBOUND(#9481,.T.);
#9483= IFCFACE((#9482));
#9484= IFCPOLYLOOP((#2953,#2954,#2966));
#9485= IFCFACEOUTERBOUND(#9484,.T.);
#9486= IFCFACE((#9485));
#9487= IFCPOLYLOOP((#2953,#2966,#2965));
#9488= IFCFACEOUTERBOUND(#9487,.T.);
#9489= IFCFACE((#9488));
#9490= IFCPOLYLOOP((#2954,#2955,#2967));
#9491= IFCFACEOUTERBOUND(#9490,.T.);
#9492= IFCFACE((#9491));
#9493= IFCPOLYLOOP((#2954,#2967,#2966));
#9494= IFCFACEOUTERBOUND(#9493,.T.);
#9495= IFCFACE((#9494));
#9496= IFCPOLYLOOP((#2955,#2956,#2968));
#9497= IFCFACEOUTERBOUND(#9496,.T.);
#9498= IFCFACE((#9497));
#9499= IFCPOLYLOOP((#2955,#2968,#2967));
#9500= IFCFACEOUTERBOUND(#9499,.T.);
#9501= IFCFACE((#9500));
#9502= IFCPOLYLOOP((#2956,#2957,#2969));
#9503= IFCFACEOUTERBOUND(#9502,.T.);
#9504= IFCFACE((#9503));
#9505= IFCPOLYLOOP((#2956,#2969,#2968));
#9506= IFCFACEOUTERBOUND(#9505,.T.);
#9507= IFCFACE((#9506));
#9508= IFCPOLYLOOP((#2957,#2958,#2970));
#9509= IFCFACEOUTERBOUND(#9508,.T.);
#9510= IFCFACE((#9509));
#9511= IFCPOLYLOOP((#2957,#2970,#2969));
#9512= IFCFACEOUTERBOUND(#9511,.T.);
#9513= IFCFACE((#9512));
#9514= IFCPOLYLOOP((#2958,#2959,#2971));
#9515= IFCFACEOUTERBOUND(#9514,.T.);
#9516= IFCFACE((#9515));
#9517= IFCPOLYLOOP((#2958,#2971,#2970));
#9518= IFCFACEOUTERBOUND(#9517,.T.);
#9519= IFCFACE((#9518));
#9520= IFCPOLYLOOP((#2959,#2960,#2972));
#9521= IFCFACEOUTERBOUND(#9520,.T.);
#9522= IFCFACE((#9521));
#9523= IFCPOLYLOOP((#2959,#2972,#2971));
#9524= IFCFACEOUTERBOUND(#9523,.T.);
#9525= IFCFACE((#9524));
#9526= IFCPOLYLOOP((#2960,#2961,#2973));
#9527= IFCFACEOUTERBOUND(#9526,.T.);
#9528= IFCFACE((#9527));
#9529= IFCPOLYLOOP((#2960,#2973,#2972));
#9530= IFCFACEOUTERBOUND(#9529,.T.);
#9531= IFCFACE((#9530));
#9532= IFCPOLYLOOP((#2961,#2951,#2963));
#9533= IFCFACEOUTERBOUND(#9532,.T.);
#9534= IFCFACE((#9533));
#9535= IFCPOLYLOOP((#2961,#2963,#2973));
#9536= IFCFACEOUTERBOUND(#9535,.T.);
#9537= IFCFACE((#9536));
#9538= IFCPOLYLOOP((#2963,#2962,#2974));
#9539= IFCFACEOUTERBOUND(#9538,.T.);
#9540= IFCFACE((#9539));
#9541= IFCPOLYLOOP((#2963,#2974,#2975));
#9542= IFCFACEOUTERBOUND(#9541,.T.);
#9543= IFCFACE((#9542));
#9544= IFCPOLYLOOP((#2962,#2964,#2976));
#9545= IFCFACEOUTERBOUND(#9544,.T.);
#9546= IFCFACE((#9545));
#9547= IFCPOLYLOOP((#2962,#2976,#2974));
#9548= IFCFACEOUTERBOUND(#9547,.T.);
#9549= IFCFACE((#9548));
#9550= IFCPOLYLOOP((#2964,#2965,#2977));
#9551= IFCFACEOUTERBOUND(#9550,.T.);
#9552= IFCFACE((#9551));
#9553= IFCPOLYLOOP((#2964,#2977,#2976));
#9554= IFCFACEOUTERBOUND(#9553,.T.);
#9555= IFCFACE((#9554));
#9556= IFCPOLYLOOP((#2965,#2966,#2978));
#9557= IFCFACEOUTERBOUND(#9556,.T.);
#9558= IFCFACE((#9557));
#9559= IFCPOLYLOOP((#2965,#2978,#2977));
#9560= IFCFACEOUTERBOUND(#9559,.T.);
#9561= IFCFACE((#9560));
#9562= IFCPOLYLOOP((#2966,#2967,#2979));
#9563= IFCFACEOUTERBOUND(#9562,.T.);
#9564= IFCFACE((#9563));
#9565= IFCPOLYLOOP((#2966,#2979,#2978));
#9566= IFCFACEOUTERBOUND(#9565,.T.);
#9567= IFCFACE((#9566));
#9568= IFCPOLYLOOP((#2967,#2968,#2980));
#9569= IFCFACEOUTERBOUND(#9568,.T.);
#9570= IFCFACE((#9569));
#9571= IFCPOLYLOOP((#2967,#2980,#2979));
#9572= IFCFACEOUTERBOUND(#9571,.T.);
#9573= IFCFACE((#9572));
#9574= IFCPOLYLOOP((#2968,#2969,#2981));
#9575= IFCFACEOUTERBOUND(#9574,.T.);
#9576= IFCFACE((#9575));
#9577= IFCPOLYLOOP((#2968,#2981,#2980));
#9578= IFCFACEOUTERBOUND(#9577,.T.);
#9579= IFCFACE((#9578));
#9580= IFCPOLYLOOP((#2969,#2970,#2982));
#9581= IFCFACEOUTERBOUND(#9580,.T.);
#9582= IFCFACE((#9581));
#9583= IFCPOLYLOOP((#2969,#2982,#2981));
#9584= IFCFACEOUTERBOUND(#9583,.T.);
#9585= IFCFACE((#9584));
#9586= IFCPOLYLOOP((#2970,#2971,#2983));
#9587= IFCFACEOUTERBOUND(#9586,.T.);
#9588= IFCFACE((#9587));
#9589= IFCPOLYLOOP((#2970,#2983,#2982));
#9590= IFCFACEOUTERBOUND(#9589,.T.);
#9591= IFCFACE((#9590));
#9592= IFCPOLYLOOP((#2971,#2972,#2984));
#9593= IFCFACEOUTERBOUND(#9592,.T.);
#9594= IFCFACE((#9593));
#9595= IFCPOLYLOOP((#2971,#2984,#2983));
#9596= IFCFACEOUTERBOUND(#9595,.T.);
#9597= IFCFACE((#9596));
#9598= IFCPOLYLOOP((#2972,#2973,#2985));
#9599= IFCFACEOUTERBOUND(#9598,.T.);
#9600= IFCFACE((#9599));
#9601= IFCPOLYLOOP((#2972,#2985,#2984));
#9602= IFCFACEOUTERBOUND(#9601,.T.);
#9603= IFCFACE((#9602));
#9604= IFCPOLYLOOP((#2973,#2963,#2975));
#9605= IFCFACEOUTERBOUND(#9604,.T.);
#9606= IFCFACE((#9605));
#9607= IFCPOLYLOOP((#2973,#2975,#2985));
#9608= IFCFACEOUTERBOUND(#9607,.T.);
#9609= IFCFACE((#9608));
#9610= IFCPOLYLOOP((#2975,#2974,#2986));
#9611= IFCFACEOUTERBOUND(#9610,.T.);
#9612= IFCFACE((#9611));
#9613= IFCPOLYLOOP((#2975,#2986,#2987));
#9614= IFCFACEOUTERBOUND(#9613,.T.);
#9615= IFCFACE((#9614));
#9616= IFCPOLYLOOP((#2974,#2976,#2988));
#9617= IFCFACEOUTERBOUND(#9616,.T.);
#9618= IFCFACE((#9617));
#9619= IFCPOLYLOOP((#2974,#2988,#2986));
#9620= IFCFACEOUTERBOUND(#9619,.T.);
#9621= IFCFACE((#9620));
#9622= IFCPOLYLOOP((#2976,#2977,#2989));
#9623= IFCFACEOUTERBOUND(#9622,.T.);
#9624= IFCFACE((#9623));
#9625= IFCPOLYLOOP((#2976,#2989,#2988));
#9626= IFCFACEOUTERBOUND(#9625,.T.);
#9627= IFCFACE((#9626));
#9628= IFCPOLYLOOP((#2977,#2978,#2990));
#9629= IFCFACEOUTERBOUND(#9628,.T.);
#9630= IFCFACE((#9629));
#9631= IFCPOLYLOOP((#2977,#2990,#2989));
#9632= IFCFACEOUTERBOUND(#9631,.T.);
#9633= IFCFACE((#9632));
#9634= IFCPOLYLOOP((#2978,#2979,#2991));
#9635= IFCFACEOUTERBOUND(#9634,.T.);
#9636= IFCFACE((#9635));
#9637= IFCPOLYLOOP((#2978,#2991,#2990));
#9638= IFCFACEOUTERBOUND(#9637,.T.);
#9639= IFCFACE((#9638));
#9640= IFCPOLYLOOP((#2979,#2980,#2992));
#9641= IFCFACEOUTERBOUND(#9640,.T.);
#9642= IFCFACE((#9641));
#9643= IFCPOLYLOOP((#2979,#2992,#2991));
#9644= IFCFACEOUTERBOUND(#9643,.T.);
#9645= IFCFACE((#9644));
#9646= IFCPOLYLOOP((#2980,#2981,#2993));
#9647= IFCFACEOUTERBOUND(#9646,.T.);
#9648= IFCFACE((#9647));
#9649= IFCPOLYLOOP((#2980,#2993,#2992));
#9650= IFCFACEOUTERBOUND(#9649,.T.);
#9651= IFCFACE((#9650));
#9652= IFCPOLYLOOP((#2981,#2982,#2994));
#9653= IFCFACEOUTERBOUND(#9652,.T.);
#9654= IFCFACE((#9653));
#9655= IFCPOLYLOOP((#2981,#2994,#2993));
#9656= IFCFACEOUTERBOUND(#9655,.T.);
#9657= IFCFACE((#9656));
#9658= IFCPOLYLOOP((#2982,#2983,#2995));
#9659= IFCFACEOUTERBOUND(#9658,.T.);
#9660= IFCFACE((#9659));
#9661= IFCPOLYLOOP((#2982,#2995,#2994));
#9662= IFCFACEOUTERBOUND(#9661,.T.);
#9663= IFCFACE((#9662));
#9664= IFCPOLYLOOP((#2983,#2984,#2996));
#9665= IFCFACEOUTERBOUND(#9664,.T.);
#9666= IFCFACE((#9665));
#9667= IFCPOLYLOOP((#2983,#2996,#2995));
#9668= IFCFACEOUTERBOUND(#9667,.T.);
#9669= IFCFACE((#9668));
#9670= IFCPOLYLOOP((#2984,#2985,#2997));
#9671= IFCFACEOUTERBOUND(#9670,.T.);
#9672= IFCFACE((#9671));
#9673= IFCPOLYLOOP((#2984,#2997,#2996));
#9674= IFCFACEOUTERBOUND(#9673,.T.);
#9675= IFCFACE((#9674));
#9676= IFCPOLYLOOP((#2985,#2975,#2987));
#9677= IFCFACEOUTERBOUND(#9676,.T.);
#9678= IFCFACE((#9677));
#9679= IFCPOLYLOOP((#2985,#2987,#2997));
#9680= IFCFACEOUTERBOUND(#9679,.T.);
#9681= IFCFACE((#9680));
#9682= IFCPOLYLOOP((#2987,#2986,#2998));
#9683= IFCFACEOUTERBOUND(#9682,.T.);
#9684= IFCFACE((#9683));
#9685= IFCPOLYLOOP((#2987,#2998,#2999));
#9686= IFCFACEOUTERBOUND(#9685,.T.);
#9687= IFCFACE((#9686));
#9688= IFCPOLYLOOP((#2986,#2988,#3000));
#9689= IFCFACEOUTERBOUND(#9688,.T.);
#9690= IFCFACE((#9689));
#9691= IFCPOLYLOOP((#2986,#3000,#2998));
#9692= IFCFACEOUTERBOUND(#9691,.T.);
#9693= IFCFACE((#9692));
#9694= IFCPOLYLOOP((#2988,#2989,#3001));
#9695= IFCFACEOUTERBOUND(#9694,.T.);
#9696= IFCFACE((#9695));
#9697= IFCPOLYLOOP((#2988,#3001,#3000));
#9698= IFCFACEOUTERBOUND(#9697,.T.);
#9699= IFCFACE((#9698));
#9700= IFCPOLYLOOP((#2989,#2990,#3002));
#9701= IFCFACEOUTERBOUND(#9700,.T.);
#9702= IFCFACE((#9701));
#9703= IFCPOLYLOOP((#2989,#3002,#3001));
#9704= IFCFACEOUTERBOUND(#9703,.T.);
#9705= IFCFACE((#9704));
#9706= IFCPOLYLOOP((#2990,#2991,#3003));
#9707= IFCFACEOUTERBOUND(#9706,.T.);
#9708= IFCFACE((#9707));
#9709= IFCPOLYLOOP((#2990,#3003,#3002));
#9710= IFCFACEOUTERBOUND(#9709,.T.);
#9711= IFCFACE((#9710));
#9712= IFCPOLYLOOP((#2991,#2992,#3004));
#9713= IFCFACEOUTERBOUND(#9712,.T.);
#9714= IFCFACE((#9713));
#9715= IFCPOLYLOOP((#2991,#3004,#3003));
#9716= IFCFACEOUTERBOUND(#9715,.T.);
#9717= IFCFACE((#9716));
#9718= IFCPOLYLOOP((#2992,#2993,#3005));
#9719= IFCFACEOUTERBOUND(#9718,.T.);
#9720= IFCFACE((#9719));
#9721= IFCPOLYLOOP((#2992,#3005,#3004));
#9722= IFCFACEOUTERBOUND(#9721,.T.);
#9723= IFCFACE((#9722));
#9724= IFCPOLYLOOP((#2993,#2994,#3006));
#9725= IFCFACEOUTERBOUND(#9724,.T.);
#9726= IFCFACE((#9725));
#9727= IFCPOLYLOOP((#2993,#3006,#3005));
#9728= IFCFACEOUTERBOUND(#9727,.T.);
#9729= IFCFACE((#9728));
#9730= IFCPOLYLOOP((#2994,#2995,#3007));
#9731= IFCFACEOUTERBOUND(#9730,.T.);
#9732= IFCFACE((#9731));
#9733= IFCPOLYLOOP((#2994,#3007,#3006));
#9734= IFCFACEOUTERBOUND(#9733,.T.);
#9735= IFCFACE((#9734));
#9736= IFCPOLYLOOP((#2995,#2996,#3008));
#9737= IFCFACEOUTERBOUND(#9736,.T.);
#9738= IFCFACE((#9737));
#9739= IFCPOLYLOOP((#2995,#3008,#3007));
#9740= IFCFACEOUTERBOUND(#9739,.T.);
#9741= IFCFACE((#9740));
#9742= IFCPOLYLOOP((#2996,#2997,#3009));
#9743= IFCFACEOUTERBOUND(#9742,.T.);
#9744= IFCFACE((#9743));
#9745= IFCPOLYLOOP((#2996,#3009,#3008));
#9746= IFCFACEOUTERBOUND(#9745,.T.);
#9747= IFCFACE((#9746));
#9748= IFCPOLYLOOP((#2997,#2987,#2999));
#9749= IFCFACEOUTERBOUND(#9748,.T.);
#9750= IFCFACE((#9749));
#9751= IFCPOLYLOOP((#2997,#2999,#3009));
#9752= IFCFACEOUTERBOUND(#9751,.T.);
#9753= IFCFACE((#9752));
#9754= IFCPOLYLOOP((#2999,#2998,#3010));
#9755= IFCFACEOUTERBOUND(#9754,.T.);
#9756= IFCFACE((#9755));
#9757= IFCPOLYLOOP((#2999,#3010,#3011));
#9758= IFCFACEOUTERBOUND(#9757,.T.);
#9759= IFCFACE((#9758));
#9760= IFCPOLYLOOP((#2998,#3000,#3012));
#9761= IFCFACEOUTERBOUND(#9760,.T.);
#9762= IFCFACE((#9761));
#9763= IFCPOLYLOOP((#2998,#3012,#3010));
#9764= IFCFACEOUTERBOUND(#9763,.T.);
#9765= IFCFACE((#9764));
#9766= IFCPOLYLOOP((#3000,#3001,#3013));
#9767= IFCFACEOUTERBOUND(#9766,.T.);
#9768= IFCFACE((#9767));
#9769= IFCPOLYLOOP((#3000,#3013,#3012));
#9770= IFCFACEOUTERBOUND(#9769,.T.);
#9771= IFCFACE((#9770));
#9772= IFCPOLYLOOP((#3001,#3002,#3014));
#9773= IFCFACEOUTERBOUND(#9772,.T.);
#9774= IFCFACE((#9773));
#9775= IFCPOLYLOOP((#3001,#3014,#3013));
#9776= IFCFACEOUTERBOUND(#9775,.T.);
#9777= IFCFACE((#9776));
#9778= IFCPOLYLOOP((#3002,#3003,#3015));
#9779= IFCFACEOUTERBOUND(#9778,.T.);
#9780= IFCFACE((#9779));
#9781= IFCPOLYLOOP((#3002,#3015,#3014));
#9782= IFCFACEOUTERBOUND(#9781,.T.);
#9783= IFCFACE((#9782));
#9784= IFCPOLYLOOP((#3003,#3004,#3016));
#9785= IFCFACEOUTERBOUND(#9784,.T.);
#9786= IFCFACE((#9785));
#9787= IFCPOLYLOOP((#3003,#3016,#3015));
#9788= IFCFACEOUTERBOUND(#9787,.T.);
#9789= IFCFACE((#9788));
#9790= IFCPOLYLOOP((#3004,#3005,#3017));
#9791= IFCFACEOUTERBOUND(#9790,.T.);
#9792= IFCFACE((#9791));
#9793= IFCPOLYLOOP((#3004,#3017,#3016));
#9794= IFCFACEOUTERBOUND(#9793,.T.);
#9795= IFCFACE((#9794));
#9796= IFCPOLYLOOP((#3005,#3006,#3018));
#9797= IFCFACEOUTERBOUND(#9796,.T.);
#9798= IFCFACE((#9797));
#9799= IFCPOLYLOOP((#3005,#3018,#3017));
#9800= IFCFACEOUTERBOUND(#9799,.T.);
#9801= IFCFACE((#9800));
#9802= IFCPOLYLOOP((#3006,#3007,#3019));
#9803= IFCFACEOUTERBOUND(#9802,.T.);
#9804= IFCFACE((#9803));
#9805= IFCPOLYLOOP((#3006,#3019,#3018));
#9806= IFCFACEOUTERBOUND(#9805,.T.);
#9807= IFCFACE((#9806));
#9808= IFCPOLYLOOP((#3007,#3008,#3020));
#9809= IFCFACEOUTERBOUND(#9808,.T.);
#9810= IFCFACE((#9809));
#9811= IFCPOLYLOOP((#3007,#3020,#3019));
#9812= IFCFACEOUTERBOUND(#9811,.T.);
#9813= IFCFACE((#9812));
#9814= IFCPOLYLOOP((#3008,#3009,#3021));
#9815= IFCFACEOUTERBOUND(#9814,.T.);
#9816= IFCFACE((#9815));
#9817= IFCPOLYLOOP((#3008,#3021,#3020));
#9818= IFCFACEOUTERBOUND(#9817,.T.);
#9819= IFCFACE((#9818));
#9820= IFCPOLYLOOP((#3009,#2999,#3011));
#9821= IFCFACEOUTERBOUND(#9820,.T.);
#9822= IFCFACE((#9821));
#9823= IFCPOLYLOOP((#3009,#3011,#3021));
#9824= IFCFACEOUTERBOUND(#9823,.T.);
#9825= IFCFACE((#9824));
#9826= IFCPOLYLOOP((#3011,#3010,#3022));
#9827= IFCFACEOUTERBOUND(#9826,.T.);
#9828= IFCFACE((#9827));
#9829= IFCPOLYLOOP((#3011,#3022,#3023));
#9830= IFCFACEOUTERBOUND(#9829,.T.);
#9831= IFCFACE((#9830));
#9832= IFCPOLYLOOP((#3010,#3012,#3024));
#9833= IFCFACEOUTERBOUND(#9832,.T.);
#9834= IFCFACE((#9833));
#9835= IFCPOLYLOOP((#3010,#3024,#3022));
#9836= IFCFACEOUTERBOUND(#9835,.T.);
#9837= IFCFACE((#9836));
#9838= IFCPOLYLOOP((#3012,#3013,#3025));
#9839= IFCFACEOUTERBOUND(#9838,.T.);
#9840= IFCFACE((#9839));
#9841= IFCPOLYLOOP((#3012,#3025,#3024));
#9842= IFCFACEOUTERBOUND(#9841,.T.);
#9843= IFCFACE((#9842));
#9844= IFCPOLYLOOP((#3013,#3014,#3026));
#9845= IFCFACEOUTERBOUND(#9844,.T.);
#9846= IFCFACE((#9845));
#9847= IFCPOLYLOOP((#3013,#3026,#3025));
#9848= IFCFACEOUTERBOUND(#9847,.T.);
#9849= IFCFACE((#9848));
#9850= IFCPOLYLOOP((#3014,#3015,#3027));
#9851= IFCFACEOUTERBOUND(#9850,.T.);
#9852= IFCFACE((#9851));
#9853= IFCPOLYLOOP((#3014,#3027,#3026));
#9854= IFCFACEOUTERBOUND(#9853,.T.);
#9855= IFCFACE((#9854));
#9856= IFCPOLYLOOP((#3015,#3016,#3028));
#9857= IFCFACEOUTERBOUND(#9856,.T.);
#9858= IFCFACE((#9857));
#9859= IFCPOLYLOOP((#3015,#3028,#3027));
#9860= IFCFACEOUTERBOUND(#9859,.T.);
#9861= IFCFACE((#9860));
#9862= IFCPOLYLOOP((#3016,#3017,#3029));
#9863= IFCFACEOUTERBOUND(#9862,.T.);
#9864= IFCFACE((#9863));
#9865= IFCPOLYLOOP((#3016,#3029,#3028));
#9866= IFCFACEOUTERBOUND(#9865,.T.);
#9867= IFCFACE((#9866));
#9868= IFCPOLYLOOP((#3017,#3018,#3030));
#9869= IFCFACEOUTERBOUND(#9868,.T.);
#9870= IFCFACE((#9869));
#9871= IFCPOLYLOOP((#3017,#3030,#3029));
#9872= IFCFACEOUTERBOUND(#9871,.T.);
#9873= IFCFACE((#9872));
#9874= IFCPOLYLOOP((#3018,#3019,#3031));
#9875= IFCFACEOUTERBOUND(#9874,.T.);
#9876= IFCFACE((#9875));
#9877= IFCPOLYLOOP((#3018,#3031,#3030));
#9878= IFCFACEOUTERBOUND(#9877,.T.);
#9879= IFCFACE((#9878));
#9880= IFCPOLYLOOP((#3019,#3020,#3032));
#9881= IFCFACEOUTERBOUND(#9880,.T.);
#9882= IFCFACE((#9881));
#9883= IFCPOLYLOOP((#3019,#3032,#3031));
#9884= IFCFACEOUTERBOUND(#9883,.T.);
#9885= IFCFACE((#9884));
#9886= IFCPOLYLOOP((#3020,#3021,#3033));
#9887= IFCFACEOUTERBOUND(#9886,.T.);
#9888= IFCFACE((#9887));
#9889= IFCPOLYLOOP((#3020,#3033,#3032));
#9890= IFCFACEOUTERBOUND(#9889,.T.);
#9891= IFCFACE((#9890));
#9892= IFCPOLYLOOP((#3021,#3011,#3023));
#9893= IFCFACEOUTERBOUND(#9892,.T.);
#9894= IFCFACE((#9893));
#9895= IFCPOLYLOOP((#3021,#3023,#3033));
#9896= IFCFACEOUTERBOUND(#9895,.T.);
#9897= IFCFACE((#9896));
#9898= IFCPOLYLOOP((#3023,#3022,#3034));
#9899= IFCFACEOUTERBOUND(#9898,.T.);
#9900= IFCFACE((#9899));
#9901= IFCPOLYLOOP((#3023,#3034,#3035));
#9902= IFCFACEOUTERBOUND(#9901,.T.);
#9903= IFCFACE((#9902));
#9904= IFCPOLYLOOP((#3022,#3024,#3036));
#9905= IFCFACEOUTERBOUND(#9904,.T.);
#9906= IFCFACE((#9905));
#9907= IFCPOLYLOOP((#3022,#3036,#3034));
#9908= IFCFACEOUTERBOUND(#9907,.T.);
#9909= IFCFACE((#9908));
#9910= IFCPOLYLOOP((#3024,#3025,#3037));
#9911= IFCFACEOUTERBOUND(#9910,.T.);
#9912= IFCFACE((#9911));
#9913= IFCPOLYLOOP((#3024,#3037,#3036));
#9914= IFCFACEOUTERBOUND(#9913,.T.);
#9915= IFCFACE((#9914));
#9916= IFCPOLYLOOP((#3025,#3026,#3038));
#9917= IFCFACEOUTERBOUND(#9916,.T.);
#9918= IFCFACE((#9917));
#9919= IFCPOLYLOOP((#3025,#3038,#3037));
#9920= IFCFACEOUTERBOUND(#9919,.T.);
#9921= IFCFACE((#9920));
#9922= IFCPOLYLOOP((#3026,#3027,#3039));
#9923= IFCFACEOUTERBOUND(#9922,.T.);
#9924= IFCFACE((#9923));
#9925= IFCPOLYLOOP((#3026,#3039,#3038));
#9926= IFCFACEOUTERBOUND(#9925,.T.);
#9927= IFCFACE((#9926));
#9928= IFCPOLYLOOP((#3027,#3028,#3040));
#9929= IFCFACEOUTERBOUND(#9928,.T.);
#9930= IFCFACE((#9929));
#9931= IFCPOLYLOOP((#3027,#3040,#3039));
#9932= IFCFACEOUTERBOUND(#9931,.T.);
#9933= IFCFACE((#9932));
#9934= IFCPOLYLOOP((#3028,#3029,#3041));
#9935= IFCFACEOUTERBOUND(#9934,.T.);
#9936= IFCFACE((#9935));
#9937= IFCPOLYLOOP((#3028,#3041,#3040));
#9938= IFCFACEOUTERBOUND(#9937,.T.);
#9939= IFCFACE((#9938));
#9940= IFCPOLYLOOP((#3029,#3030,#3042));
#9941= IFCFACEOUTERBOUND(#9940,.T.);
#9942= IFCFACE((#9941));
#9943= IFCPOLYLOOP((#3029,#3042,#3041));
#9944= IFCFACEOUTERBOUND(#9943,.T.);
#9945= IFCFACE((#9944));
#9946= IFCPOLYLOOP((#3030,#3031,#3043));
#9947= IFCFACEOUTERBOUND(#9946,.T.);
#9948= IFCFACE((#9947));
#9949= IFCPOLYLOOP((#3030,#3043,#3042));
#9950= IFCFACEOUTERBOUND(#9949,.T.);
#9951= IFCFACE((#9950));
#9952= IFCPOLYLOOP((#3031,#3032,#3044));
#9953= IFCFACEOUTERBOUND(#9952,.T.);
#9954= IFCFACE((#9953));
#9955= IFCPOLYLOOP((#3031,#3044,#3043));
#9956= IFCFACEOUTERBOUND(#9955,.T.);
#9957= IFCFACE((#9956));
#9958= IFCPOLYLOOP((#3032,#3033,#3045));
#9959= IFCFACEOUTERBOUND(#9958,.T.);
#9960= IFCFACE((#9959));
#9961= IFCPOLYLOOP((#3032,#3045,#3044));
#9962= IFCFACEOUTERBOUND(#9961,.T.);
#9963= IFCFACE((#9962));
#9964= IFCPOLYLOOP((#3033,#3023,#3035));
#9965= IFCFACEOUTERBOUND(#9964,.T.);
#9966= IFCFACE((#9965));
#9967= IFCPOLYLOOP((#3033,#3035,#3045));
#9968= IFCFACEOUTERBOUND(#9967,.T.);
#9969= IFCFACE((#9968));
#9970= IFCPOLYLOOP((#3035,#3034,#3046));
#9971= IFCFACEOUTERBOUND(#9970,.T.);
#9972= IFCFACE((#9971));
#9973= IFCPOLYLOOP((#3035,#3046,#3047));
#9974= IFCFACEOUTERBOUND(#9973,.T.);
#9975= IFCFACE((#9974));
#9976= IFCPOLYLOOP((#3034,#3036,#3048));
#9977= IFCFACEOUTERBOUND(#9976,.T.);
#9978= IFCFACE((#9977));
#9979= IFCPOLYLOOP((#3034,#3048,#3046));
#9980= IFCFACEOUTERBOUND(#9979,.T.);
#9981= IFCFACE((#9980));
#9982= IFCPOLYLOOP((#3036,#3037,#3049));
#9983= IFCFACEOUTERBOUND(#9982,.T.);
#9984= IFCFACE((#9983));
#9985= IFCPOLYLOOP((#3036,#3049,#3048));
#9986= IFCFACEOUTERBOUND(#9985,.T.);
#9987= IFCFACE((#9986));
#9988= IFCPOLYLOOP((#3037,#3038,#3050));
#9989= IFCFACEOUTERBOUND(#9988,.T.);
#9990= IFCFACE((#9989));
#9991= IFCPOLYLOOP((#3037,#3050,#3049));
#9992= IFCFACEOUTERBOUND(#9991,.T.);
#9993= IFCFACE((#9992));
#9994= IFCPOLYLOOP((#3038,#3039,#3051));
#9995= IFCFACEOUTERBOUND(#9994,.T.);
#9996= IFCFACE((#9995));
#9997= IFCPOLYLOOP((#3038,#3051,#3050));
#9998= IFCFACEOUTERBOUND(#9997,.T.);
#9999= IFCFACE((#9998));
#10000= IFCPOLYLOOP((#3039,#3040,#3052));
#10001= IFCFACEOUTERBOUND(#10000,.T.);
#10002= IFCFACE((#10001));
#10003= IFCPOLYLOOP((#3039,#3052,#3051));
#10004= IFCFACEOUTERBOUND(#10003,.T.);
#10005= IFCFACE((#10004));
#10006= IFCPOLYLOOP((#3040,#3041,#3053));
#10007= IFCFACEOUTERBOUND(#10006,.T.);
#10008= IFCFACE((#10007));
#10009= IFCPOLYLOOP((#3040,#3053,#3052));
#10010= IFCFACEOUTERBOUND(#10009,.T.);
#10011= IFCFACE((#10010));
#10012= IFCPOLYLOOP((#3041,#3042,#3054));
#10013= IFCFACEOUTERBOUND(#10012,.T.);
#10014= IFCFACE((#10013));
#10015= IFCPOLYLOOP((#3041,#3054,#3053));
#10016= IFCFACEOUTERBOUND(#10015,.T.);
#10017= IFCFACE((#10016));
#10018= IFCPOLYLOOP((#3042,#3043,#3055));
#10019= IFCFACEOUTERBOUND(#10018,.T.);
#10020= IFCFACE((#10019));
#10021= IFCPOLYLOOP((#3042,#3055,#3054));
#10022= IFCFACEOUTERBOUND(#10021,.T.);
#10023= IFCFACE((#10022));
#10024= IFCPOLYLOOP((#3043,#3044,#3056));
#10025= IFCFACEOUTERBOUND(#10024,.T.);
#10026= IFCFACE((#10025));
#10027= IFCPOLYLOOP((#3043,#3056,#3055));
#10028= IFCFACEOUTERBOUND(#10027,.T.);
#10029= IFCFACE((#10028));
#10030= IFCPOLYLOOP((#3044,#3045,#3057));
#10031= IFCFACEOUTERBOUND(#10030,.T.);
#10032= IFCFACE((#10031));
#10033= IFCPOLYLOOP((#3044,#3057,#3056));
#10034= IFCFACEOUTERBOUND(#10033,.T.);
#10035= IFCFACE((#10034));
#10036= IFCPOLYLOOP((#3045,#3035,#3047));
#10037= IFCFACEOUTERBOUND(#10036,.T.);
#10038= IFCFACE((#10037));
#10039= IFCPOLYLOOP((#3045,#3047,#3057));
#10040= IFCFACEOUTERBOUND(#10039,.T.);
#10041= IFCFACE((#10040));
#10042= IFCPOLYLOOP((#3047,#3046,#3058));
#10043= IFCFACEOUTERBOUND(#10042,.T.);
#10044= IFCFACE((#10043));
#10045= IFCPOLYLOOP((#3047,#3058,#3059));
#10046= IFCFACEOUTERBOUND(#10045,.T.);
#10047= IFCFACE((#10046));
#10048= IFCPOLYLOOP((#3046,#3048,#3060));
#10049= IFCFACEOUTERBOUND(#10048,.T.);
#10050= IFCFACE((#10049));
#10051= IFCPOLYLOOP((#3046,#3060,#3058));
#10052= IFCFACEOUTERBOUND(#10051,.T.);
#10053= IFCFACE((#10052));
#10054= IFCPOLYLOOP((#3048,#3049,#3061));
#10055= IFCFACEOUTERBOUND(#10054,.T.);
#10056= IFCFACE((#10055));
#10057= IFCPOLYLOOP((#3048,#3061,#3060));
#10058= IFCFACEOUTERBOUND(#10057,.T.);
#10059= IFCFACE((#10058));
#10060= IFCPOLYLOOP((#3049,#3050,#3062));
#10061= IFCFACEOUTERBOUND(#10060,.T.);
#10062= IFCFACE((#10061));
#10063= IFCPOLYLOOP((#3049,#3062,#3061));
#10064= IFCFACEOUTERBOUND(#10063,.T.);
#10065= IFCFACE((#10064));
#10066= IFCPOLYLOOP((#3050,#3051,#3063));
#10067= IFCFACEOUTERBOUND(#10066,.T.);
#10068= IFCFACE((#10067));
#10069= IFCPOLYLOOP((#3050,#3063,#3062));
#10070= IFCFACEOUTERBOUND(#10069,.T.);
#10071= IFCFACE((#10070));
#10072= IFCPOLYLOOP((#3051,#3052,#3064));
#10073= IFCFACEOUTERBOUND(#10072,.T.);
#10074= IFCFACE((#10073));
#10075= IFCPOLYLOOP((#3051,#3064,#3063));
#10076= IFCFACEOUTERBOUND(#10075,.T.);
#10077= IFCFACE((#10076));
#10078= IFCPOLYLOOP((#3052,#3053,#3065));
#10079= IFCFACEOUTERBOUND(#10078,.T.);
#10080= IFCFACE((#10079));
#10081= IFCPOLYLOOP((#3052,#3065,#3064));
#10082= IFCFACEOUTERBOUND(#10081,.T.);
#10083= IFCFACE((#10082));
#10084= IFCPOLYLOOP((#3053,#3054,#3066));
#10085= IFCFACEOUTERBOUND(#10084,.T.);
#10086= IFCFACE((#10085));
#10087= IFCPOLYLOOP((#3053,#3066,#3065));
#10088= IFCFACEOUTERBOUND(#10087,.T.);
#10089= IFCFACE((#10088));
#10090= IFCPOLYLOOP((#3054,#3055,#3067));
#10091= IFCFACEOUTERBOUND(#10090,.T.);
#10092= IFCFACE((#10091));
#10093= IFCPOLYLOOP((#3054,#3067,#3066));
#10094= IFCFACEOUTERBOUND(#10093,.T.);
#10095= IFCFACE((#10094));
#10096= IFCPOLYLOOP((#3055,#3056,#3068));
#10097= IFCFACEOUTERBOUND(#10096,.T.);
#10098= IFCFACE((#10097));
#10099= IFCPOLYLOOP((#3055,#3068,#3067));
#10100= IFCFACEOUTERBOUND(#10099,.T.);
#10101= IFCFACE((#10100));
#10102= IFCPOLYLOOP((#3056,#3057,#3069));
#10103= IFCFACEOUTERBOUND(#10102,.T.);
#10104= IFCFACE((#10103));
#10105= IFCPOLYLOOP((#3056,#3069,#3068));
#10106= IFCFACEOUTERBOUND(#10105,.T.);
#10107= IFCFACE((#10106));
#10108= IFCPOLYLOOP((#3057,#3047,#3059));
#10109= IFCFACEOUTERBOUND(#10108,.T.);
#10110= IFCFACE((#10109));
#10111= IFCPOLYLOOP((#3057,#3059,#3069));
#10112= IFCFACEOUTERBOUND(#10111,.T.);
#10113= IFCFACE((#10112));
#10114= IFCPOLYLOOP((#3059,#3058,#3070));
#10115= IFCFACEOUTERBOUND(#10114,.T.);
#10116= IFCFACE((#10115));
#10117= IFCPOLYLOOP((#3059,#3070,#3071));
#10118= IFCFACEOUTERBOUND(#10117,.T.);
#10119= IFCFACE((#10118));
#10120= IFCPOLYLOOP((#3058,#3060,#3072));
#10121= IFCFACEOUTERBOUND(#10120,.T.);
#10122= IFCFACE((#10121));
#10123= IFCPOLYLOOP((#3058,#3072,#3070));
#10124= IFCFACEOUTERBOUND(#10123,.T.);
#10125= IFCFACE((#10124));
#10126= IFCPOLYLOOP((#3060,#3061,#3073));
#10127= IFCFACEOUTERBOUND(#10126,.T.);
#10128= IFCFACE((#10127));
#10129= IFCPOLYLOOP((#3060,#3073,#3072));
#10130= IFCFACEOUTERBOUND(#10129,.T.);
#10131= IFCFACE((#10130));
#10132= IFCPOLYLOOP((#3061,#3062,#3074));
#10133= IFCFACEOUTERBOUND(#10132,.T.);
#10134= IFCFACE((#10133));
#10135= IFCPOLYLOOP((#3061,#3074,#3073));
#10136= IFCFACEOUTERBOUND(#10135,.T.);
#10137= IFCFACE((#10136));
#10138= IFCPOLYLOOP((#3062,#3063,#3075));
#10139= IFCFACEOUTERBOUND(#10138,.T.);
#10140= IFCFACE((#10139));
#10141= IFCPOLYLOOP((#3062,#3075,#3074));
#10142= IFCFACEOUTERBOUND(#10141,.T.);
#10143= IFCFACE((#10142));
#10144= IFCPOLYLOOP((#3063,#3064,#3076));
#10145= IFCFACEOUTERBOUND(#10144,.T.);
#10146= IFCFACE((#10145));
#10147= IFCPOLYLOOP((#3063,#3076,#3075));
#10148= IFCFACEOUTERBOUND(#10147,.T.);
#10149= IFCFACE((#10148));
#10150= IFCPOLYLOOP((#3064,#3065,#3077));
#10151= IFCFACEOUTERBOUND(#10150,.T.);
#10152= IFCFACE((#10151));
#10153= IFCPOLYLOOP((#3064,#3077,#3076));
#10154= IFCFACEOUTERBOUND(#10153,.T.);
#10155= IFCFACE((#10154));
#10156= IFCPOLYLOOP((#3065,#3066,#3078));
#10157= IFCFACEOUTERBOUND(#10156,.T.);
#10158= IFCFACE((#10157));
#10159= IFCPOLYLOOP((#3065,#3078,#3077));
#10160= IFCFACEOUTERBOUND(#10159,.T.);
#10161= IFCFACE((#10160));
#10162= IFCPOLYLOOP((#3066,#3067,#3079));
#10163= IFCFACEOUTERBOUND(#10162,.T.);
#10164= IFCFACE((#10163));
#10165= IFCPOLYLOOP((#3066,#3079,#3078));
#10166= IFCFACEOUTERBOUND(#10165,.T.);
#10167= IFCFACE((#10166));
#10168= IFCPOLYLOOP((#3067,#3068,#3080));
#10169= IFCFACEOUTERBOUND(#10168,.T.);
#10170= IFCFACE((#10169));
#10171= IFCPOLYLOOP((#3067,#3080,#3079));
#10172= IFCFACEOUTERBOUND(#10171,.T.);
#10173= IFCFACE((#10172));
#10174= IFCPOLYLOOP((#3068,#3069,#3081));
#10175= IFCFACEOUTERBOUND(#10174,.T.);
#10176= IFCFACE((#10175));
#10177= IFCPOLYLOOP((#3068,#3081,#3080));
#10178= IFCFACEOUTERBOUND(#10177,.T.);
#10179= IFCFACE((#10178));
#10180= IFCPOLYLOOP((#3069,#3059,#3071));
#10181= IFCFACEOUTERBOUND(#10180,.T.);
#10182= IFCFACE((#10181));
#10183= IFCPOLYLOOP((#3069,#3071,#3081));
#10184= IFCFACEOUTERBOUND(#10183,.T.);
#10185= IFCFACE((#10184));
#10186= IFCPOLYLOOP((#3071,#3070,#3082));
#10187= IFCFACEOUTERBOUND(#10186,.T.);
#10188= IFCFACE((#10187));
#10189= IFCPOLYLOOP((#3071,#3082,#3083));
#10190= IFCFACEOUTERBOUND(#10189,.T.);
#10191= IFCFACE((#10190));
#10192= IFCPOLYLOOP((#3070,#3072,#3084));
#10193= IFCFACEOUTERBOUND(#10192,.T.);
#10194= IFCFACE((#10193));
#10195= IFCPOLYLOOP((#3070,#3084,#3082));
#10196= IFCFACEOUTERBOUND(#10195,.T.);
#10197= IFCFACE((#10196));
#10198= IFCPOLYLOOP((#3072,#3073,#3085));
#10199= IFCFACEOUTERBOUND(#10198,.T.);
#10200= IFCFACE((#10199));
#10201= IFCPOLYLOOP((#3072,#3085,#3084));
#10202= IFCFACEOUTERBOUND(#10201,.T.);
#10203= IFCFACE((#10202));
#10204= IFCPOLYLOOP((#3073,#3074,#3086));
#10205= IFCFACEOUTERBOUND(#10204,.T.);
#10206= IFCFACE((#10205));
#10207= IFCPOLYLOOP((#3073,#3086,#3085));
#10208= IFCFACEOUTERBOUND(#10207,.T.);
#10209= IFCFACE((#10208));
#10210= IFCPOLYLOOP((#3074,#3075,#3087));
#10211= IFCFACEOUTERBOUND(#10210,.T.);
#10212= IFCFACE((#10211));
#10213= IFCPOLYLOOP((#3074,#3087,#3086));
#10214= IFCFACEOUTERBOUND(#10213,.T.);
#10215= IFCFACE((#10214));
#10216= IFCPOLYLOOP((#3075,#3076,#3088));
#10217= IFCFACEOUTERBOUND(#10216,.T.);
#10218= IFCFACE((#10217));
#10219= IFCPOLYLOOP((#3075,#3088,#3087));
#10220= IFCFACEOUTERBOUND(#10219,.T.);
#10221= IFCFACE((#10220));
#10222= IFCPOLYLOOP((#3076,#3077,#3089));
#10223= IFCFACEOUTERBOUND(#10222,.T.);
#10224= IFCFACE((#10223));
#10225= IFCPOLYLOOP((#3076,#3089,#3088));
#10226= IFCFACEOUTERBOUND(#10225,.T.);
#10227= IFCFACE((#10226));
#10228= IFCPOLYLOOP((#3077,#3078,#3090));
#10229= IFCFACEOUTERBOUND(#10228,.T.);
#10230= IFCFACE((#10229));
#10231= IFCPOLYLOOP((#3077,#3090,#3089));
#10232= IFCFACEOUTERBOUND(#10231,.T.);
#10233= IFCFACE((#10232));
#10234= IFCPOLYLOOP((#3078,#3079,#3091));
#10235= IFCFACEOUTERBOUND(#10234,.T.);
#10236= IFCFACE((#10235));
#10237= IFCPOLYLOOP((#3078,#3091,#3090));
#10238= IFCFACEOUTERBOUND(#10237,.T.);
#10239= IFCFACE((#10238));
#10240= IFCPOLYLOOP((#3079,#3080,#3092));
#10241= IFCFACEOUTERBOUND(#10240,.T.);
#10242= IFCFACE((#10241));
#10243= IFCPOLYLOOP((#3079,#3092,#3091));
#10244= IFCFACEOUTERBOUND(#10243,.T.);
#10245= IFCFACE((#10244));
#10246= IFCPOLYLOOP((#3080,#3081,#3093));
#10247= IFCFACEOUTERBOUND(#10246,.T.);
#10248= IFCFACE((#10247));
#10249= IFCPOLYLOOP((#3080,#3093,#3092));
#10250= IFCFACEOUTERBOUND(#10249,.T.);
#10251= IFCFACE((#10250));
#10252= IFCPOLYLOOP((#3081,#3071,#3083));
#10253= IFCFACEOUTERBOUND(#10252,.T.);
#10254= IFCFACE((#10253));
#10255= IFCPOLYLOOP((#3081,#3083,#3093));
#10256= IFCFACEOUTERBOUND(#10255,.T.);
#10257= IFCFACE((#10256));
#10258= IFCPOLYLOOP((#3083,#3082,#3094));
#10259= IFCFACEOUTERBOUND(#10258,.T.);
#10260= IFCFACE((#10259));
#10261= IFCPOLYLOOP((#3083,#3094,#3095));
#10262= IFCFACEOUTERBOUND(#10261,.T.);
#10263= IFCFACE((#10262));
#10264= IFCPOLYLOOP((#3082,#3084,#3096));
#10265= IFCFACEOUTERBOUND(#10264,.T.);
#10266= IFCFACE((#10265));
#10267= IFCPOLYLOOP((#3082,#3096,#3094));
#10268= IFCFACEOUTERBOUND(#10267,.T.);
#10269= IFCFACE((#10268));
#10270= IFCPOLYLOOP((#3084,#3085,#3097));
#10271= IFCFACEOUTERBOUND(#10270,.T.);
#10272= IFCFACE((#10271));
#10273= IFCPOLYLOOP((#3084,#3097,#3096));
#10274= IFCFACEOUTERBOUND(#10273,.T.);
#10275= IFCFACE((#10274));
#10276= IFCPOLYLOOP((#3085,#3086,#3098));
#10277= IFCFACEOUTERBOUND(#10276,.T.);
#10278= IFCFACE((#10277));
#10279= IFCPOLYLOOP((#3085,#3098,#3097));
#10280= IFCFACEOUTERBOUND(#10279,.T.);
#10281= IFCFACE((#10280));
#10282= IFCPOLYLOOP((#3086,#3087,#3099));
#10283= IFCFACEOUTERBOUND(#10282,.T.);
#10284= IFCFACE((#10283));
#10285= IFCPOLYLOOP((#3086,#3099,#3098));
#10286= IFCFACEOUTERBOUND(#10285,.T.);
#10287= IFCFACE((#10286));
#10288= IFCPOLYLOOP((#3087,#3088,#3100));
#10289= IFCFACEOUTERBOUND(#10288,.T.);
#10290= IFCFACE((#10289));
#10291= IFCPOLYLOOP((#3087,#3100,#3099));
#10292= IFCFACEOUTERBOUND(#10291,.T.);
#10293= IFCFACE((#10292));
#10294= IFCPOLYLOOP((#3088,#3089,#3101));
#10295= IFCFACEOUTERBOUND(#10294,.T.);
#10296= IFCFACE((#10295));
#10297= IFCPOLYLOOP((#3088,#3101,#3100));
#10298= IFCFACEOUTERBOUND(#10297,.T.);
#10299= IFCFACE((#10298));
#10300= IFCPOLYLOOP((#3089,#3090,#3102));
#10301= IFCFACEOUTERBOUND(#10300,.T.);
#10302= IFCFACE((#10301));
#10303= IFCPOLYLOOP((#3089,#3102,#3101));
#10304= IFCFACEOUTERBOUND(#10303,.T.);
#10305= IFCFACE((#10304));
#10306= IFCPOLYLOOP((#3090,#3091,#3103));
#10307= IFCFACEOUTERBOUND(#10306,.T.);
#10308= IFCFACE((#10307));
#10309= IFCPOLYLOOP((#3090,#3103,#3102));
#10310= IFCFACEOUTERBOUND(#10309,.T.);
#10311= IFCFACE((#10310));
#10312= IFCPOLYLOOP((#3091,#3092,#3104));
#10313= IFCFACEOUTERBOUND(#10312,.T.);
#10314= IFCFACE((#10313));
#10315= IFCPOLYLOOP((#3091,#3104,#3103));
#10316= IFCFACEOUTERBOUND(#10315,.T.);
#10317= IFCFACE((#10316));
#10318= IFCPOLYLOOP((#3092,#3093,#3105));
#10319= IFCFACEOUTERBOUND(#10318,.T.);
#10320= IFCFACE((#10319));
#10321= IFCPOLYLOOP((#3092,#3105,#3104));
#10322= IFCFACEOUTERBOUND(#10321,.T.);
#10323= IFCFACE((#10322));
#10324= IFCPOLYLOOP((#3093,#3083,#3095));
#10325= IFCFACEOUTERBOUND(#10324,.T.);
#10326= IFCFACE((#10325));
#10327= IFCPOLYLOOP((#3093,#3095,#3105));
#10328= IFCFACEOUTERBOUND(#10327,.T.);
#10329= IFCFACE((#10328));
#10330= IFCPOLYLOOP((#3095,#3094,#3106));
#10331= IFCFACEOUTERBOUND(#10330,.T.);
#10332= IFCFACE((#10331));
#10333= IFCPOLYLOOP((#3095,#3106,#3107));
#10334= IFCFACEOUTERBOUND(#10333,.T.);
#10335= IFCFACE((#10334));
#10336= IFCPOLYLOOP((#3094,#3096,#3108));
#10337= IFCFACEOUTERBOUND(#10336,.T.);
#10338= IFCFACE((#10337));
#10339= IFCPOLYLOOP((#3094,#3108,#3106));
#10340= IFCFACEOUTERBOUND(#10339,.T.);
#10341= IFCFACE((#10340));
#10342= IFCPOLYLOOP((#3096,#3097,#3109));
#10343= IFCFACEOUTERBOUND(#10342,.T.);
#10344= IFCFACE((#10343));
#10345= IFCPOLYLOOP((#3096,#3109,#3108));
#10346= IFCFACEOUTERBOUND(#10345,.T.);
#10347= IFCFACE((#10346));
#10348= IFCPOLYLOOP((#3097,#3098,#3110));
#10349= IFCFACEOUTERBOUND(#10348,.T.);
#10350= IFCFACE((#10349));
#10351= IFCPOLYLOOP((#3097,#3110,#3109));
#10352= IFCFACEOUTERBOUND(#10351,.T.);
#10353= IFCFACE((#10352));
#10354= IFCPOLYLOOP((#3098,#3099,#3111));
#10355= IFCFACEOUTERBOUND(#10354,.T.);
#10356= IFCFACE((#10355));
#10357= IFCPOLYLOOP((#3098,#3111,#3110));
#10358= IFCFACEOUTERBOUND(#10357,.T.);
#10359= IFCFACE((#10358));
#10360= IFCPOLYLOOP((#3099,#3100,#3112));
#10361= IFCFACEOUTERBOUND(#10360,.T.);
#10362= IFCFACE((#10361));
#10363= IFCPOLYLOOP((#3099,#3112,#3111));
#10364= IFCFACEOUTERBOUND(#10363,.T.);
#10365= IFCFACE((#10364));
#10366= IFCPOLYLOOP((#3100,#3101,#3113));
#10367= IFCFACEOUTERBOUND(#10366,.T.);
#10368= IFCFACE((#10367));
#10369= IFCPOLYLOOP((#3100,#3113,#3112));
#10370= IFCFACEOUTERBOUND(#10369,.T.);
#10371= IFCFACE((#10370));
#10372= IFCPOLYLOOP((#3101,#3102,#3114));
#10373= IFCFACEOUTERBOUND(#10372,.T.);
#10374= IFCFACE((#10373));
#10375= IFCPOLYLOOP((#3101,#3114,#3113));
#10376= IFCFACEOUTERBOUND(#10375,.T.);
#10377= IFCFACE((#10376));
#10378= IFCPOLYLOOP((#3102,#3103,#3115));
#10379= IFCFACEOUTERBOUND(#10378,.T.);
#10380= IFCFACE((#10379));
#10381= IFCPOLYLOOP((#3102,#3115,#3114));
#10382= IFCFACEOUTERBOUND(#10381,.T.);
#10383= IFCFACE((#10382));
#10384= IFCPOLYLOOP((#3103,#3104,#3116));
#10385= IFCFACEOUTERBOUND(#10384,.T.);
#10386= IFCFACE((#10385));
#10387= IFCPOLYLOOP((#3103,#3116,#3115));
#10388= IFCFACEOUTERBOUND(#10387,.T.);
#10389= IFCFACE((#10388));
#10390= IFCPOLYLOOP((#3104,#3105,#3117));
#10391= IFCFACEOUTERBOUND(#10390,.T.);
#10392= IFCFACE((#10391));
#10393= IFCPOLYLOOP((#3104,#3117,#3116));
#10394= IFCFACEOUTERBOUND(#10393,.T.);
#10395= IFCFACE((#10394));
#10396= IFCPOLYLOOP((#3105,#3095,#3107));
#10397= IFCFACEOUTERBOUND(#10396,.T.);
#10398= IFCFACE((#10397));
#10399= IFCPOLYLOOP((#3105,#3107,#3117));
#10400= IFCFACEOUTERBOUND(#10399,.T.);
#10401= IFCFACE((#10400));
#10402= IFCPOLYLOOP((#3107,#3106,#3118));
#10403= IFCFACEOUTERBOUND(#10402,.T.);
#10404= IFCFACE((#10403));
#10405= IFCPOLYLOOP((#3107,#3118,#3119));
#10406= IFCFACEOUTERBOUND(#10405,.T.);
#10407= IFCFACE((#10406));
#10408= IFCPOLYLOOP((#3106,#3108,#3120));
#10409= IFCFACEOUTERBOUND(#10408,.T.);
#10410= IFCFACE((#10409));
#10411= IFCPOLYLOOP((#3106,#3120,#3118));
#10412= IFCFACEOUTERBOUND(#10411,.T.);
#10413= IFCFACE((#10412));
#10414= IFCPOLYLOOP((#3108,#3109,#3121));
#10415= IFCFACEOUTERBOUND(#10414,.T.);
#10416= IFCFACE((#10415));
#10417= IFCPOLYLOOP((#3108,#3121,#3120));
#10418= IFCFACEOUTERBOUND(#10417,.T.);
#10419= IFCFACE((#10418));
#10420= IFCPOLYLOOP((#3109,#3110,#3122));
#10421= IFCFACEOUTERBOUND(#10420,.T.);
#10422= IFCFACE((#10421));
#10423= IFCPOLYLOOP((#3109,#3122,#3121));
#10424= IFCFACEOUTERBOUND(#10423,.T.);
#10425= IFCFACE((#10424));
#10426= IFCPOLYLOOP((#3110,#3111,#3123));
#10427= IFCFACEOUTERBOUND(#10426,.T.);
#10428= IFCFACE((#10427));
#10429= IFCPOLYLOOP((#3110,#3123,#3122));
#10430= IFCFACEOUTERBOUND(#10429,.T.);
#10431= IFCFACE((#10430));
#10432= IFCPOLYLOOP((#3111,#3112,#3124));
#10433= IFCFACEOUTERBOUND(#10432,.T.);
#10434= IFCFACE((#10433));
#10435= IFCPOLYLOOP((#3111,#3124,#3123));
#10436= IFCFACEOUTERBOUND(#10435,.T.);
#10437= IFCFACE((#10436));
#10438= IFCPOLYLOOP((#3112,#3113,#3125));
#10439= IFCFACEOUTERBOUND(#10438,.T.);
#10440= IFCFACE((#10439));
#10441= IFCPOLYLOOP((#3112,#3125,#3124));
#10442= IFCFACEOUTERBOUND(#10441,.T.);
#10443= IFCFACE((#10442));
#10444= IFCPOLYLOOP((#3113,#3114,#3126));
#10445= IFCFACEOUTERBOUND(#10444,.T.);
#10446= IFCFACE((#10445));
#10447= IFCPOLYLOOP((#3113,#3126,#3125));
#10448= IFCFACEOUTERBOUND(#10447,.T.);
#10449= IFCFACE((#10448));
#10450= IFCPOLYLOOP((#3114,#3115,#3127));
#10451= IFCFACEOUTERBOUND(#10450,.T.);
#10452= IFCFACE((#10451));
#10453= IFCPOLYLOOP((#3114,#3127,#3126));
#10454= IFCFACEOUTERBOUND(#10453,.T.);
#10455= IFCFACE((#10454));
#10456= IFCPOLYLOOP((#3115,#3116,#3128));
#10457= IFCFACEOUTERBOUND(#10456,.T.);
#10458= IFCFACE((#10457));
#10459= IFCPOLYLOOP((#3115,#3128,#3127));
#10460= IFCFACEOUTERBOUND(#10459,.T.);
#10461= IFCFACE((#10460));
#10462= IFCPOLYLOOP((#3116,#3117,#3129));
#10463= IFCFACEOUTERBOUND(#10462,.T.);
#10464= IFCFACE((#10463));
#10465= IFCPOLYLOOP((#3116,#3129,#3128));
#10466= IFCFACEOUTERBOUND(#10465,.T.);
#10467= IFCFACE((#10466));
#10468= IFCPOLYLOOP((#3117,#3107,#3119));
#10469= IFCFACEOUTERBOUND(#10468,.T.);
#10470= IFCFACE((#10469));
#10471= IFCPOLYLOOP((#3117,#3119,#3129));
#10472= IFCFACEOUTERBOUND(#10471,.T.);
#10473= IFCFACE((#10472));
#10474= IFCPOLYLOOP((#3119,#3118,#3130));
#10475= IFCFACEOUTERBOUND(#10474,.T.);
#10476= IFCFACE((#10475));
#10477= IFCPOLYLOOP((#3119,#3130,#3131));
#10478= IFCFACEOUTERBOUND(#10477,.T.);
#10479= IFCFACE((#10478));
#10480= IFCPOLYLOOP((#3118,#3120,#3132));
#10481= IFCFACEOUTERBOUND(#10480,.T.);
#10482= IFCFACE((#10481));
#10483= IFCPOLYLOOP((#3118,#3132,#3130));
#10484= IFCFACEOUTERBOUND(#10483,.T.);
#10485= IFCFACE((#10484));
#10486= IFCPOLYLOOP((#3120,#3121,#3133));
#10487= IFCFACEOUTERBOUND(#10486,.T.);
#10488= IFCFACE((#10487));
#10489= IFCPOLYLOOP((#3120,#3133,#3132));
#10490= IFCFACEOUTERBOUND(#10489,.T.);
#10491= IFCFACE((#10490));
#10492= IFCPOLYLOOP((#3121,#3122,#3134));
#10493= IFCFACEOUTERBOUND(#10492,.T.);
#10494= IFCFACE((#10493));
#10495= IFCPOLYLOOP((#3121,#3134,#3133));
#10496= IFCFACEOUTERBOUND(#10495,.T.);
#10497= IFCFACE((#10496));
#10498= IFCPOLYLOOP((#3122,#3123,#3135));
#10499= IFCFACEOUTERBOUND(#10498,.T.);
#10500= IFCFACE((#10499));
#10501= IFCPOLYLOOP((#3122,#3135,#3134));
#10502= IFCFACEOUTERBOUND(#10501,.T.);
#10503= IFCFACE((#10502));
#10504= IFCPOLYLOOP((#3123,#3124,#3136));
#10505= IFCFACEOUTERBOUND(#10504,.T.);
#10506= IFCFACE((#10505));
#10507= IFCPOLYLOOP((#3123,#3136,#3135));
#10508= IFCFACEOUTERBOUND(#10507,.T.);
#10509= IFCFACE((#10508));
#10510= IFCPOLYLOOP((#3124,#3125,#3137));
#10511= IFCFACEOUTERBOUND(#10510,.T.);
#10512= IFCFACE((#10511));
#10513= IFCPOLYLOOP((#3124,#3137,#3136));
#10514= IFCFACEOUTERBOUND(#10513,.T.);
#10515= IFCFACE((#10514));
#10516= IFCPOLYLOOP((#3125,#3126,#3138));
#10517= IFCFACEOUTERBOUND(#10516,.T.);
#10518= IFCFACE((#10517));
#10519= IFCPOLYLOOP((#3125,#3138,#3137));
#10520= IFCFACEOUTERBOUND(#10519,.T.);
#10521= IFCFACE((#10520));
#10522= IFCPOLYLOOP((#3126,#3127,#3139));
#10523= IFCFACEOUTERBOUND(#10522,.T.);
#10524= IFCFACE((#10523));
#10525= IFCPOLYLOOP((#3126,#3139,#3138));
#10526= IFCFACEOUTERBOUND(#10525,.T.);
#10527= IFCFACE((#10526));
#10528= IFCPOLYLOOP((#3127,#3128,#3140));
#10529= IFCFACEOUTERBOUND(#10528,.T.);
#10530= IFCFACE((#10529));
#10531= IFCPOLYLOOP((#3127,#3140,#3139));
#10532= IFCFACEOUTERBOUND(#10531,.T.);
#10533= IFCFACE((#10532));
#10534= IFCPOLYLOOP((#3128,#3129,#3141));
#10535= IFCFACEOUTERBOUND(#10534,.T.);
#10536= IFCFACE((#10535));
#10537= IFCPOLYLOOP((#3128,#3141,#3140));
#10538= IFCFACEOUTERBOUND(#10537,.T.);
#10539= IFCFACE((#10538));
#10540= IFCPOLYLOOP((#3129,#3119,#3131));
#10541= IFCFACEOUTERBOUND(#10540,.T.);
#10542= IFCFACE((#10541));
#10543= IFCPOLYLOOP((#3129,#3131,#3141));
#10544= IFCFACEOUTERBOUND(#10543,.T.);
#10545= IFCFACE((#10544));
#10546= IFCPOLYLOOP((#3131,#3130,#3142));
#10547= IFCFACEOUTERBOUND(#10546,.T.);
#10548= IFCFACE((#10547));
#10549= IFCPOLYLOOP((#3131,#3142,#3143));
#10550= IFCFACEOUTERBOUND(#10549,.T.);
#10551= IFCFACE((#10550));
#10552= IFCPOLYLOOP((#3130,#3132,#3144));
#10553= IFCFACEOUTERBOUND(#10552,.T.);
#10554= IFCFACE((#10553));
#10555= IFCPOLYLOOP((#3130,#3144,#3142));
#10556= IFCFACEOUTERBOUND(#10555,.T.);
#10557= IFCFACE((#10556));
#10558= IFCPOLYLOOP((#3132,#3133,#3145));
#10559= IFCFACEOUTERBOUND(#10558,.T.);
#10560= IFCFACE((#10559));
#10561= IFCPOLYLOOP((#3132,#3145,#3144));
#10562= IFCFACEOUTERBOUND(#10561,.T.);
#10563= IFCFACE((#10562));
#10564= IFCPOLYLOOP((#3133,#3134,#3146));
#10565= IFCFACEOUTERBOUND(#10564,.T.);
#10566= IFCFACE((#10565));
#10567= IFCPOLYLOOP((#3133,#3146,#3145));
#10568= IFCFACEOUTERBOUND(#10567,.T.);
#10569= IFCFACE((#10568));
#10570= IFCPOLYLOOP((#3134,#3135,#3147));
#10571= IFCFACEOUTERBOUND(#10570,.T.);
#10572= IFCFACE((#10571));
#10573= IFCPOLYLOOP((#3134,#3147,#3146));
#10574= IFCFACEOUTERBOUND(#10573,.T.);
#10575= IFCFACE((#10574));
#10576= IFCPOLYLOOP((#3135,#3136,#3148));
#10577= IFCFACEOUTERBOUND(#10576,.T.);
#10578= IFCFACE((#10577));
#10579= IFCPOLYLOOP((#3135,#3148,#3147));
#10580= IFCFACEOUTERBOUND(#10579,.T.);
#10581= IFCFACE((#10580));
#10582= IFCPOLYLOOP((#3136,#3137,#3149));
#10583= IFCFACEOUTERBOUND(#10582,.T.);
#10584= IFCFACE((#10583));
#10585= IFCPOLYLOOP((#3136,#3149,#3148));
#10586= IFCFACEOUTERBOUND(#10585,.T.);
#10587= IFCFACE((#10586));
#10588= IFCPOLYLOOP((#3137,#3138,#3150));
#10589= IFCFACEOUTERBOUND(#10588,.T.);
#10590= IFCFACE((#10589));
#10591= IFCPOLYLOOP((#3137,#3150,#3149));
#10592= IFCFACEOUTERBOUND(#10591,.T.);
#10593= IFCFACE((#10592));
#10594= IFCPOLYLOOP((#3138,#3139,#3151));
#10595= IFCFACEOUTERBOUND(#10594,.T.);
#10596= IFCFACE((#10595));
#10597= IFCPOLYLOOP((#3138,#3151,#3150));
#10598= IFCFACEOUTERBOUND(#10597,.T.);
#10599= IFCFACE((#10598));
#10600= IFCPOLYLOOP((#3139,#3140,#3152));
#10601= IFCFACEOUTERBOUND(#10600,.T.);
#10602= IFCFACE((#10601));
#10603= IFCPOLYLOOP((#3139,#3152,#3151));
#10604= IFCFACEOUTERBOUND(#10603,.T.);
#10605= IFCFACE((#10604));
#10606= IFCPOLYLOOP((#3140,#3141,#3153));
#10607= IFCFACEOUTERBOUND(#10606,.T.);
#10608= IFCFACE((#10607));
#10609= IFCPOLYLOOP((#3140,#3153,#3152));
#10610= IFCFACEOUTERBOUND(#10609,.T.);
#10611= IFCFACE((#10610));
#10612= IFCPOLYLOOP((#3141,#3131,#3143));
#10613= IFCFACEOUTERBOUND(#10612,.T.);
#10614= IFCFACE((#10613));
#10615= IFCPOLYLOOP((#3141,#3143,#3153));
#10616= IFCFACEOUTERBOUND(#10615,.T.);
#10617= IFCFACE((#10616));
#10618= IFCPOLYLOOP((#3143,#3142,#3154));
#10619= IFCFACEOUTERBOUND(#10618,.T.);
#10620= IFCFACE((#10619));
#10621= IFCPOLYLOOP((#3143,#3154,#3155));
#10622= IFCFACEOUTERBOUND(#10621,.T.);
#10623= IFCFACE((#10622));
#10624= IFCPOLYLOOP((#3142,#3144,#3156));
#10625= IFCFACEOUTERBOUND(#10624,.T.);
#10626= IFCFACE((#10625));
#10627= IFCPOLYLOOP((#3142,#3156,#3154));
#10628= IFCFACEOUTERBOUND(#10627,.T.);
#10629= IFCFACE((#10628));
#10630= IFCPOLYLOOP((#3144,#3145,#3157));
#10631= IFCFACEOUTERBOUND(#10630,.T.);
#10632= IFCFACE((#10631));
#10633= IFCPOLYLOOP((#3144,#3157,#3156));
#10634= IFCFACEOUTERBOUND(#10633,.T.);
#10635= IFCFACE((#10634));
#10636= IFCPOLYLOOP((#3145,#3146,#3158));
#10637= IFCFACEOUTERBOUND(#10636,.T.);
#10638= IFCFACE((#10637));
#10639= IFCPOLYLOOP((#3145,#3158,#3157));
#10640= IFCFACEOUTERBOUND(#10639,.T.);
#10641= IFCFACE((#10640));
#10642= IFCPOLYLOOP((#3146,#3147,#3159));
#10643= IFCFACEOUTERBOUND(#10642,.T.);
#10644= IFCFACE((#10643));
#10645= IFCPOLYLOOP((#3146,#3159,#3158));
#10646= IFCFACEOUTERBOUND(#10645,.T.);
#10647= IFCFACE((#10646));
#10648= IFCPOLYLOOP((#3147,#3148,#3160));
#10649= IFCFACEOUTERBOUND(#10648,.T.);
#10650= IFCFACE((#10649));
#10651= IFCPOLYLOOP((#3147,#3160,#3159));
#10652= IFCFACEOUTERBOUND(#10651,.T.);
#10653= IFCFACE((#10652));
#10654= IFCPOLYLOOP((#3148,#3149,#3161));
#10655= IFCFACEOUTERBOUND(#10654,.T.);
#10656= IFCFACE((#10655));
#10657= IFCPOLYLOOP((#3148,#3161,#3160));
#10658= IFCFACEOUTERBOUND(#10657,.T.);
#10659= IFCFACE((#10658));
#10660= IFCPOLYLOOP((#3149,#3150,#3162));
#10661= IFCFACEOUTERBOUND(#10660,.T.);
#10662= IFCFACE((#10661));
#10663= IFCPOLYLOOP((#3149,#3162,#3161));
#10664= IFCFACEOUTERBOUND(#10663,.T.);
#10665= IFCFACE((#10664));
#10666= IFCPOLYLOOP((#3150,#3151,#3163));
#10667= IFCFACEOUTERBOUND(#10666,.T.);
#10668= IFCFACE((#10667));
#10669= IFCPOLYLOOP((#3150,#3163,#3162));
#10670= IFCFACEOUTERBOUND(#10669,.T.);
#10671= IFCFACE((#10670));
#10672= IFCPOLYLOOP((#3151,#3152,#3164));
#10673= IFCFACEOUTERBOUND(#10672,.T.);
#10674= IFCFACE((#10673));
#10675= IFCPOLYLOOP((#3151,#3164,#3163));
#10676= IFCFACEOUTERBOUND(#10675,.T.);
#10677= IFCFACE((#10676));
#10678= IFCPOLYLOOP((#3152,#3153,#3165));
#10679= IFCFACEOUTERBOUND(#10678,.T.);
#10680= IFCFACE((#10679));
#10681= IFCPOLYLOOP((#3152,#3165,#3164));
#10682= IFCFACEOUTERBOUND(#10681,.T.);
#10683= IFCFACE((#10682));
#10684= IFCPOLYLOOP((#3153,#3143,#3155));
#10685= IFCFACEOUTERBOUND(#10684,.T.);
#10686= IFCFACE((#10685));
#10687= IFCPOLYLOOP((#3153,#3155,#3165));
#10688= IFCFACEOUTERBOUND(#10687,.T.);
#10689= IFCFACE((#10688));
#10690= IFCPOLYLOOP((#3155,#3154,#3166));
#10691= IFCFACEOUTERBOUND(#10690,.T.);
#10692= IFCFACE((#10691));
#10693= IFCPOLYLOOP((#3155,#3166,#3167));
#10694= IFCFACEOUTERBOUND(#10693,.T.);
#10695= IFCFACE((#10694));
#10696= IFCPOLYLOOP((#3154,#3156,#3168));
#10697= IFCFACEOUTERBOUND(#10696,.T.);
#10698= IFCFACE((#10697));
#10699= IFCPOLYLOOP((#3154,#3168,#3166));
#10700= IFCFACEOUTERBOUND(#10699,.T.);
#10701= IFCFACE((#10700));
#10702= IFCPOLYLOOP((#3156,#3157,#3169));
#10703= IFCFACEOUTERBOUND(#10702,.T.);
#10704= IFCFACE((#10703));
#10705= IFCPOLYLOOP((#3156,#3169,#3168));
#10706= IFCFACEOUTERBOUND(#10705,.T.);
#10707= IFCFACE((#10706));
#10708= IFCPOLYLOOP((#3157,#3158,#3170));
#10709= IFCFACEOUTERBOUND(#10708,.T.);
#10710= IFCFACE((#10709));
#10711= IFCPOLYLOOP((#3157,#3170,#3169));
#10712= IFCFACEOUTERBOUND(#10711,.T.);
#10713= IFCFACE((#10712));
#10714= IFCPOLYLOOP((#3158,#3159,#3171));
#10715= IFCFACEOUTERBOUND(#10714,.T.);
#10716= IFCFACE((#10715));
#10717= IFCPOLYLOOP((#3158,#3171,#3170));
#10718= IFCFACEOUTERBOUND(#10717,.T.);
#10719= IFCFACE((#10718));
#10720= IFCPOLYLOOP((#3159,#3160,#3172));
#10721= IFCFACEOUTERBOUND(#10720,.T.);
#10722= IFCFACE((#10721));
#10723= IFCPOLYLOOP((#3159,#3172,#3171));
#10724= IFCFACEOUTERBOUND(#10723,.T.);
#10725= IFCFACE((#10724));
#10726= IFCPOLYLOOP((#3160,#3161,#3173));
#10727= IFCFACEOUTERBOUND(#10726,.T.);
#10728= IFCFACE((#10727));
#10729= IFCPOLYLOOP((#3160,#3173,#3172));
#10730= IFCFACEOUTERBOUND(#10729,.T.);
#10731= IFCFACE((#10730));
#10732= IFCPOLYLOOP((#3161,#3162,#3174));
#10733= IFCFACEOUTERBOUND(#10732,.T.);
#10734= IFCFACE((#10733));
#10735= IFCPOLYLOOP((#3161,#3174,#3173));
#10736= IFCFACEOUTERBOUND(#10735,.T.);
#10737= IFCFACE((#10736));
#10738= IFCPOLYLOOP((#3162,#3163,#3175));
#10739= IFCFACEOUTERBOUND(#10738,.T.);
#10740= IFCFACE((#10739));
#10741= IFCPOLYLOOP((#3162,#3175,#3174));
#10742= IFCFACEOUTERBOUND(#10741,.T.);
#10743= IFCFACE((#10742));
#10744= IFCPOLYLOOP((#3163,#3164,#3176));
#10745= IFCFACEOUTERBOUND(#10744,.T.);
#10746= IFCFACE((#10745));
#10747= IFCPOLYLOOP((#3163,#3176,#3175));
#10748= IFCFACEOUTERBOUND(#10747,.T.);
#10749= IFCFACE((#10748));
#10750= IFCPOLYLOOP((#3164,#3165,#3177));
#10751= IFCFACEOUTERBOUND(#10750,.T.);
#10752= IFCFACE((#10751));
#10753= IFCPOLYLOOP((#3164,#3177,#3176));
#10754= IFCFACEOUTERBOUND(#10753,.T.);
#10755= IFCFACE((#10754));
#10756= IFCPOLYLOOP((#3165,#3155,#3167));
#10757= IFCFACEOUTERBOUND(#10756,.T.);
#10758= IFCFACE((#10757));
#10759= IFCPOLYLOOP((#3165,#3167,#3177));
#10760= IFCFACEOUTERBOUND(#10759,.T.);
#10761= IFCFACE((#10760));
#10762= IFCPOLYLOOP((#3167,#3166,#3178));
#10763= IFCFACEOUTERBOUND(#10762,.T.);
#10764= IFCFACE((#10763));
#10765= IFCPOLYLOOP((#3167,#3178,#3179));
#10766= IFCFACEOUTERBOUND(#10765,.T.);
#10767= IFCFACE((#10766));
#10768= IFCPOLYLOOP((#3166,#3168,#3180));
#10769= IFCFACEOUTERBOUND(#10768,.T.);
#10770= IFCFACE((#10769));
#10771= IFCPOLYLOOP((#3166,#3180,#3178));
#10772= IFCFACEOUTERBOUND(#10771,.T.);
#10773= IFCFACE((#10772));
#10774= IFCPOLYLOOP((#3168,#3169,#3181));
#10775= IFCFACEOUTERBOUND(#10774,.T.);
#10776= IFCFACE((#10775));
#10777= IFCPOLYLOOP((#3168,#3181,#3180));
#10778= IFCFACEOUTERBOUND(#10777,.T.);
#10779= IFCFACE((#10778));
#10780= IFCPOLYLOOP((#3169,#3170,#3182));
#10781= IFCFACEOUTERBOUND(#10780,.T.);
#10782= IFCFACE((#10781));
#10783= IFCPOLYLOOP((#3169,#3182,#3181));
#10784= IFCFACEOUTERBOUND(#10783,.T.);
#10785= IFCFACE((#10784));
#10786= IFCPOLYLOOP((#3170,#3171,#3183));
#10787= IFCFACEOUTERBOUND(#10786,.T.);
#10788= IFCFACE((#10787));
#10789= IFCPOLYLOOP((#3170,#3183,#3182));
#10790= IFCFACEOUTERBOUND(#10789,.T.);
#10791= IFCFACE((#10790));
#10792= IFCPOLYLOOP((#3171,#3172,#3184));
#10793= IFCFACEOUTERBOUND(#10792,.T.);
#10794= IFCFACE((#10793));
#10795= IFCPOLYLOOP((#3171,#3184,#3183));
#10796= IFCFACEOUTERBOUND(#10795,.T.);
#10797= IFCFACE((#10796));
#10798= IFCPOLYLOOP((#3172,#3173,#3185));
#10799= IFCFACEOUTERBOUND(#10798,.T.);
#10800= IFCFACE((#10799));
#10801= IFCPOLYLOOP((#3172,#3185,#3184));
#10802= IFCFACEOUTERBOUND(#10801,.T.);
#10803= IFCFACE((#10802));
#10804= IFCPOLYLOOP((#3173,#3174,#3186));
#10805= IFCFACEOUTERBOUND(#10804,.T.);
#10806= IFCFACE((#10805));
#10807= IFCPOLYLOOP((#3173,#3186,#3185));
#10808= IFCFACEOUTERBOUND(#10807,.T.);
#10809= IFCFACE((#10808));
#10810= IFCPOLYLOOP((#3174,#3175,#3187));
#10811= IFCFACEOUTERBOUND(#10810,.T.);
#10812= IFCFACE((#10811));
#10813= IFCPOLYLOOP((#3174,#3187,#3186));
#10814= IFCFACEOUTERBOUND(#10813,.T.);
#10815= IFCFACE((#10814));
#10816= IFCPOLYLOOP((#3175,#3176,#3188));
#10817= IFCFACEOUTERBOUND(#10816,.T.);
#10818= IFCFACE((#10817));
#10819= IFCPOLYLOOP((#3175,#3188,#3187));
#10820= IFCFACEOUTERBOUND(#10819,.T.);
#10821= IFCFACE((#10820));
#10822= IFCPOLYLOOP((#3176,#3177,#3189));
#10823= IFCFACEOUTERBOUND(#10822,.T.);
#10824= IFCFACE((#10823));
#10825= IFCPOLYLOOP((#3176,#3189,#3188));
#10826= IFCFACEOUTERBOUND(#10825,.T.);
#10827= IFCFACE((#10826));
#10828= IFCPOLYLOOP((#3177,#3167,#3179));
#10829= IFCFACEOUTERBOUND(#10828,.T.);
#10830= IFCFACE((#10829));
#10831= IFCPOLYLOOP((#3177,#3179,#3189));
#10832= IFCFACEOUTERBOUND(#10831,.T.);
#10833= IFCFACE((#10832));
#10834= IFCPOLYLOOP((#3179,#3178,#3190));
#10835= IFCFACEOUTERBOUND(#10834,.T.);
#10836= IFCFACE((#10835));
#10837= IFCPOLYLOOP((#3179,#3190,#3191));
#10838= IFCFACEOUTERBOUND(#10837,.T.);
#10839= IFCFACE((#10838));
#10840= IFCPOLYLOOP((#3178,#3180,#3192));
#10841= IFCFACEOUTERBOUND(#10840,.T.);
#10842= IFCFACE((#10841));
#10843= IFCPOLYLOOP((#3178,#3192,#3190));
#10844= IFCFACEOUTERBOUND(#10843,.T.);
#10845= IFCFACE((#10844));
#10846= IFCPOLYLOOP((#3180,#3181,#3193));
#10847= IFCFACEOUTERBOUND(#10846,.T.);
#10848= IFCFACE((#10847));
#10849= IFCPOLYLOOP((#3180,#3193,#3192));
#10850= IFCFACEOUTERBOUND(#10849,.T.);
#10851= IFCFACE((#10850));
#10852= IFCPOLYLOOP((#3181,#3182,#3194));
#10853= IFCFACEOUTERBOUND(#10852,.T.);
#10854= IFCFACE((#10853));
#10855= IFCPOLYLOOP((#3181,#3194,#3193));
#10856= IFCFACEOUTERBOUND(#10855,.T.);
#10857= IFCFACE((#10856));
#10858= IFCPOLYLOOP((#3182,#3183,#3195));
#10859= IFCFACEOUTERBOUND(#10858,.T.);
#10860= IFCFACE((#10859));
#10861= IFCPOLYLOOP((#3182,#3195,#3194));
#10862= IFCFACEOUTERBOUND(#10861,.T.);
#10863= IFCFACE((#10862));
#10864= IFCPOLYLOOP((#3183,#3184,#3196));
#10865= IFCFACEOUTERBOUND(#10864,.T.);
#10866= IFCFACE((#10865));
#10867= IFCPOLYLOOP((#3183,#3196,#3195));
#10868= IFCFACEOUTERBOUND(#10867,.T.);
#10869= IFCFACE((#10868));
#10870= IFCPOLYLOOP((#3184,#3185,#3197));
#10871= IFCFACEOUTERBOUND(#10870,.T.);
#10872= IFCFACE((#10871));
#10873= IFCPOLYLOOP((#3184,#3197,#3196));
#10874= IFCFACEOUTERBOUND(#10873,.T.);
#10875= IFCFACE((#10874));
#10876= IFCPOLYLOOP((#3185,#3186,#3198));
#10877= IFCFACEOUTERBOUND(#10876,.T.);
#10878= IFCFACE((#10877));
#10879= IFCPOLYLOOP((#3185,#3198,#3197));
#10880= IFCFACEOUTERBOUND(#10879,.T.);
#10881= IFCFACE((#10880));
#10882= IFCPOLYLOOP((#3186,#3187,#3199));
#10883= IFCFACEOUTERBOUND(#10882,.T.);
#10884= IFCFACE((#10883));
#10885= IFCPOLYLOOP((#3186,#3199,#3198));
#10886= IFCFACEOUTERBOUND(#10885,.T.);
#10887= IFCFACE((#10886));
#10888= IFCPOLYLOOP((#3187,#3188,#3200));
#10889= IFCFACEOUTERBOUND(#10888,.T.);
#10890= IFCFACE((#10889));
#10891= IFCPOLYLOOP((#3187,#3200,#3199));
#10892= IFCFACEOUTERBOUND(#10891,.T.);
#10893= IFCFACE((#10892));
#10894= IFCPOLYLOOP((#3188,#3189,#3201));
#10895= IFCFACEOUTERBOUND(#10894,.T.);
#10896= IFCFACE((#10895));
#10897= IFCPOLYLOOP((#3188,#3201,#3200));
#10898= IFCFACEOUTERBOUND(#10897,.T.);
#10899= IFCFACE((#10898));
#10900= IFCPOLYLOOP((#3189,#3179,#3191));
#10901= IFCFACEOUTERBOUND(#10900,.T.);
#10902= IFCFACE((#10901));
#10903= IFCPOLYLOOP((#3189,#3191,#3201));
#10904= IFCFACEOUTERBOUND(#10903,.T.);
#10905= IFCFACE((#10904));
#10906= IFCPOLYLOOP((#3191,#3190,#3202));
#10907= IFCFACEOUTERBOUND(#10906,.T.);
#10908= IFCFACE((#10907));
#10909= IFCPOLYLOOP((#3191,#3202,#3203));
#10910= IFCFACEOUTERBOUND(#10909,.T.);
#10911= IFCFACE((#10910));
#10912= IFCPOLYLOOP((#3190,#3192,#3204));
#10913= IFCFACEOUTERBOUND(#10912,.T.);
#10914= IFCFACE((#10913));
#10915= IFCPOLYLOOP((#3190,#3204,#3202));
#10916= IFCFACEOUTERBOUND(#10915,.T.);
#10917= IFCFACE((#10916));
#10918= IFCPOLYLOOP((#3192,#3193,#3205));
#10919= IFCFACEOUTERBOUND(#10918,.T.);
#10920= IFCFACE((#10919));
#10921= IFCPOLYLOOP((#3192,#3205,#3204));
#10922= IFCFACEOUTERBOUND(#10921,.T.);
#10923= IFCFACE((#10922));
#10924= IFCPOLYLOOP((#3193,#3194,#3206));
#10925= IFCFACEOUTERBOUND(#10924,.T.);
#10926= IFCFACE((#10925));
#10927= IFCPOLYLOOP((#3193,#3206,#3205));
#10928= IFCFACEOUTERBOUND(#10927,.T.);
#10929= IFCFACE((#10928));
#10930= IFCPOLYLOOP((#3194,#3195,#3207));
#10931= IFCFACEOUTERBOUND(#10930,.T.);
#10932= IFCFACE((#10931));
#10933= IFCPOLYLOOP((#3194,#3207,#3206));
#10934= IFCFACEOUTERBOUND(#10933,.T.);
#10935= IFCFACE((#10934));
#10936= IFCPOLYLOOP((#3195,#3196,#3208));
#10937= IFCFACEOUTERBOUND(#10936,.T.);
#10938= IFCFACE((#10937));
#10939= IFCPOLYLOOP((#3195,#3208,#3207));
#10940= IFCFACEOUTERBOUND(#10939,.T.);
#10941= IFCFACE((#10940));
#10942= IFCPOLYLOOP((#3196,#3197,#3209));
#10943= IFCFACEOUTERBOUND(#10942,.T.);
#10944= IFCFACE((#10943));
#10945= IFCPOLYLOOP((#3196,#3209,#3208));
#10946= IFCFACEOUTERBOUND(#10945,.T.);
#10947= IFCFACE((#10946));
#10948= IFCPOLYLOOP((#3197,#3198,#3210));
#10949= IFCFACEOUTERBOUND(#10948,.T.);
#10950= IFCFACE((#10949));
#10951= IFCPOLYLOOP((#3197,#3210,#3209));
#10952= IFCFACEOUTERBOUND(#10951,.T.);
#10953= IFCFACE((#10952));
#10954= IFCPOLYLOOP((#3198,#3199,#3211));
#10955= IFCFACEOUTERBOUND(#10954,.T.);
#10956= IFCFACE((#10955));
#10957= IFCPOLYLOOP((#3198,#3211,#3210));
#10958= IFCFACEOUTERBOUND(#10957,.T.);
#10959= IFCFACE((#10958));
#10960= IFCPOLYLOOP((#3199,#3200,#3212));
#10961= IFCFACEOUTERBOUND(#10960,.T.);
#10962= IFCFACE((#10961));
#10963= IFCPOLYLOOP((#3199,#3212,#3211));
#10964= IFCFACEOUTERBOUND(#10963,.T.);
#10965= IFCFACE((#10964));
#10966= IFCPOLYLOOP((#3200,#3201,#3213));
#10967= IFCFACEOUTERBOUND(#10966,.T.);
#10968= IFCFACE((#10967));
#10969= IFCPOLYLOOP((#3200,#3213,#3212));
#10970= IFCFACEOUTERBOUND(#10969,.T.);
#10971= IFCFACE((#10970));
#10972= IFCPOLYLOOP((#3201,#3191,#3203));
#10973= IFCFACEOUTERBOUND(#10972,.T.);
#10974= IFCFACE((#10973));
#10975= IFCPOLYLOOP((#3201,#3203,#3213));
#10976= IFCFACEOUTERBOUND(#10975,.T.);
#10977= IFCFACE((#10976));
#10978= IFCPOLYLOOP((#3203,#3202,#3214));
#10979= IFCFACEOUTERBOUND(#10978,.T.);
#10980= IFCFACE((#10979));
#10981= IFCPOLYLOOP((#3203,#3214,#3215));
#10982= IFCFACEOUTERBOUND(#10981,.T.);
#10983= IFCFACE((#10982));
#10984= IFCPOLYLOOP((#3202,#3204,#3216));
#10985= IFCFACEOUTERBOUND(#10984,.T.);
#10986= IFCFACE((#10985));
#10987= IFCPOLYLOOP((#3202,#3216,#3214));
#10988= IFCFACEOUTERBOUND(#10987,.T.);
#10989= IFCFACE((#10988));
#10990= IFCPOLYLOOP((#3204,#3205,#3217));
#10991= IFCFACEOUTERBOUND(#10990,.T.);
#10992= IFCFACE((#10991));
#10993= IFCPOLYLOOP((#3204,#3217,#3216));
#10994= IFCFACEOUTERBOUND(#10993,.T.);
#10995= IFCFACE((#10994));
#10996= IFCPOLYLOOP((#3205,#3206,#3218));
#10997= IFCFACEOUTERBOUND(#10996,.T.);
#10998= IFCFACE((#10997));
#10999= IFCPOLYLOOP((#3205,#3218,#3217));
#11000= IFCFACEOUTERBOUND(#10999,.T.);
#11001= IFCFACE((#11000));
#11002= IFCPOLYLOOP((#3206,#3207,#3219));
#11003= IFCFACEOUTERBOUND(#11002,.T.);
#11004= IFCFACE((#11003));
#11005= IFCPOLYLOOP((#3206,#3219,#3218));
#11006= IFCFACEOUTERBOUND(#11005,.T.);
#11007= IFCFACE((#11006));
#11008= IFCPOLYLOOP((#3207,#3208,#3220));
#11009= IFCFACEOUTERBOUND(#11008,.T.);
#11010= IFCFACE((#11009));
#11011= IFCPOLYLOOP((#3207,#3220,#3219));
#11012= IFCFACEOUTERBOUND(#11011,.T.);
#11013= IFCFACE((#11012));
#11014= IFCPOLYLOOP((#3208,#3209,#3221));
#11015= IFCFACEOUTERBOUND(#11014,.T.);
#11016= IFCFACE((#11015));
#11017= IFCPOLYLOOP((#3208,#3221,#3220));
#11018= IFCFACEOUTERBOUND(#11017,.T.);
#11019= IFCFACE((#11018));
#11020= IFCPOLYLOOP((#3209,#3210,#3222));
#11021= IFCFACEOUTERBOUND(#11020,.T.);
#11022= IFCFACE((#11021));
#11023= IFCPOLYLOOP((#3209,#3222,#3221));
#11024= IFCFACEOUTERBOUND(#11023,.T.);
#11025= IFCFACE((#11024));
#11026= IFCPOLYLOOP((#3210,#3211,#3223));
#11027= IFCFACEOUTERBOUND(#11026,.T.);
#11028= IFCFACE((#11027));
#11029= IFCPOLYLOOP((#3210,#3223,#3222));
#11030= IFCFACEOUTERBOUND(#11029,.T.);
#11031= IFCFACE((#11030));
#11032= IFCPOLYLOOP((#3211,#3212,#3224));
#11033= IFCFACEOUTERBOUND(#11032,.T.);
#11034= IFCFACE((#11033));
#11035= IFCPOLYLOOP((#3211,#3224,#3223));
#11036= IFCFACEOUTERBOUND(#11035,.T.);
#11037= IFCFACE((#11036));
#11038= IFCPOLYLOOP((#3212,#3213,#3225));
#11039= IFCFACEOUTERBOUND(#11038,.T.);
#11040= IFCFACE((#11039));
#11041= IFCPOLYLOOP((#3212,#3225,#3224));
#11042= IFCFACEOUTERBOUND(#11041,.T.);
#11043= IFCFACE((#11042));
#11044= IFCPOLYLOOP((#3213,#3203,#3215));
#11045= IFCFACEOUTERBOUND(#11044,.T.);
#11046= IFCFACE((#11045));
#11047= IFCPOLYLOOP((#3213,#3215,#3225));
#11048= IFCFACEOUTERBOUND(#11047,.T.);
#11049= IFCFACE((#11048));
#11050= IFCPOLYLOOP((#3215,#3214,#3226));
#11051= IFCFACEOUTERBOUND(#11050,.T.);
#11052= IFCFACE((#11051));
#11053= IFCPOLYLOOP((#3215,#3226,#3227));
#11054= IFCFACEOUTERBOUND(#11053,.T.);
#11055= IFCFACE((#11054));
#11056= IFCPOLYLOOP((#3214,#3216,#3228));
#11057= IFCFACEOUTERBOUND(#11056,.T.);
#11058= IFCFACE((#11057));
#11059= IFCPOLYLOOP((#3214,#3228,#3226));
#11060= IFCFACEOUTERBOUND(#11059,.T.);
#11061= IFCFACE((#11060));
#11062= IFCPOLYLOOP((#3216,#3217,#3229));
#11063= IFCFACEOUTERBOUND(#11062,.T.);
#11064= IFCFACE((#11063));
#11065= IFCPOLYLOOP((#3216,#3229,#3228));
#11066= IFCFACEOUTERBOUND(#11065,.T.);
#11067= IFCFACE((#11066));
#11068= IFCPOLYLOOP((#3217,#3218,#3230));
#11069= IFCFACEOUTERBOUND(#11068,.T.);
#11070= IFCFACE((#11069));
#11071= IFCPOLYLOOP((#3217,#3230,#3229));
#11072= IFCFACEOUTERBOUND(#11071,.T.);
#11073= IFCFACE((#11072));
#11074= IFCPOLYLOOP((#3218,#3219,#3231));
#11075= IFCFACEOUTERBOUND(#11074,.T.);
#11076= IFCFACE((#11075));
#11077= IFCPOLYLOOP((#3218,#3231,#3230));
#11078= IFCFACEOUTERBOUND(#11077,.T.);
#11079= IFCFACE((#11078));
#11080= IFCPOLYLOOP((#3219,#3220,#3232));
#11081= IFCFACEOUTERBOUND(#11080,.T.);
#11082= IFCFACE((#11081));
#11083= IFCPOLYLOOP((#3219,#3232,#3231));
#11084= IFCFACEOUTERBOUND(#11083,.T.);
#11085= IFCFACE((#11084));
#11086= IFCPOLYLOOP((#3220,#3221,#3233));
#11087= IFCFACEOUTERBOUND(#11086,.T.);
#11088= IFCFACE((#11087));
#11089= IFCPOLYLOOP((#3220,#3233,#3232));
#11090= IFCFACEOUTERBOUND(#11089,.T.);
#11091= IFCFACE((#11090));
#11092= IFCPOLYLOOP((#3221,#3222,#3234));
#11093= IFCFACEOUTERBOUND(#11092,.T.);
#11094= IFCFACE((#11093));
#11095= IFCPOLYLOOP((#3221,#3234,#3233));
#11096= IFCFACEOUTERBOUND(#11095,.T.);
#11097= IFCFACE((#11096));
#11098= IFCPOLYLOOP((#3222,#3223,#3235));
#11099= IFCFACEOUTERBOUND(#11098,.T.);
#11100= IFCFACE((#11099));
#11101= IFCPOLYLOOP((#3222,#3235,#3234));
#11102= IFCFACEOUTERBOUND(#11101,.T.);
#11103= IFCFACE((#11102));
#11104= IFCPOLYLOOP((#3223,#3224,#3236));
#11105= IFCFACEOUTERBOUND(#11104,.T.);
#11106= IFCFACE((#11105));
#11107= IFCPOLYLOOP((#3223,#3236,#3235));
#11108= IFCFACEOUTERBOUND(#11107,.T.);
#11109= IFCFACE((#11108));
#11110= IFCPOLYLOOP((#3224,#3225,#3237));
#11111= IFCFACEOUTERBOUND(#11110,.T.);
#11112= IFCFACE((#11111));
#11113= IFCPOLYLOOP((#3224,#3237,#3236));
#11114= IFCFACEOUTERBOUND(#11113,.T.);
#11115= IFCFACE((#11114));
#11116= IFCPOLYLOOP((#3225,#3215,#3227));
#11117= IFCFACEOUTERBOUND(#11116,.T.);
#11118= IFCFACE((#11117));
#11119= IFCPOLYLOOP((#3225,#3227,#3237));
#11120= IFCFACEOUTERBOUND(#11119,.T.);
#11121= IFCFACE((#11120));
#11122= IFCPOLYLOOP((#3227,#3226,#3238));
#11123= IFCFACEOUTERBOUND(#11122,.T.);
#11124= IFCFACE((#11123));
#11125= IFCPOLYLOOP((#3227,#3238,#3239));
#11126= IFCFACEOUTERBOUND(#11125,.T.);
#11127= IFCFACE((#11126));
#11128= IFCPOLYLOOP((#3226,#3228,#3240));
#11129= IFCFACEOUTERBOUND(#11128,.T.);
#11130= IFCFACE((#11129));
#11131= IFCPOLYLOOP((#3226,#3240,#3238));
#11132= IFCFACEOUTERBOUND(#11131,.T.);
#11133= IFCFACE((#11132));
#11134= IFCPOLYLOOP((#3228,#3229,#3241));
#11135= IFCFACEOUTERBOUND(#11134,.T.);
#11136= IFCFACE((#11135));
#11137= IFCPOLYLOOP((#3228,#3241,#3240));
#11138= IFCFACEOUTERBOUND(#11137,.T.);
#11139= IFCFACE((#11138));
#11140= IFCPOLYLOOP((#3229,#3230,#3242));
#11141= IFCFACEOUTERBOUND(#11140,.T.);
#11142= IFCFACE((#11141));
#11143= IFCPOLYLOOP((#3229,#3242,#3241));
#11144= IFCFACEOUTERBOUND(#11143,.T.);
#11145= IFCFACE((#11144));
#11146= IFCPOLYLOOP((#3230,#3231,#3243));
#11147= IFCFACEOUTERBOUND(#11146,.T.);
#11148= IFCFACE((#11147));
#11149= IFCPOLYLOOP((#3230,#3243,#3242));
#11150= IFCFACEOUTERBOUND(#11149,.T.);
#11151= IFCFACE((#11150));
#11152= IFCPOLYLOOP((#3231,#3232,#3244));
#11153= IFCFACEOUTERBOUND(#11152,.T.);
#11154= IFCFACE((#11153));
#11155= IFCPOLYLOOP((#3231,#3244,#3243));
#11156= IFCFACEOUTERBOUND(#11155,.T.);
#11157= IFCFACE((#11156));
#11158= IFCPOLYLOOP((#3232,#3233,#3245));
#11159= IFCFACEOUTERBOUND(#11158,.T.);
#11160= IFCFACE((#11159));
#11161= IFCPOLYLOOP((#3232,#3245,#3244));
#11162= IFCFACEOUTERBOUND(#11161,.T.);
#11163= IFCFACE((#11162));
#11164= IFCPOLYLOOP((#3233,#3234,#3246));
#11165= IFCFACEOUTERBOUND(#11164,.T.);
#11166= IFCFACE((#11165));
#11167= IFCPOLYLOOP((#3233,#3246,#3245));
#11168= IFCFACEOUTERBOUND(#11167,.T.);
#11169= IFCFACE((#11168));
#11170= IFCPOLYLOOP((#3234,#3235,#3247));
#11171= IFCFACEOUTERBOUND(#11170,.T.);
#11172= IFCFACE((#11171));
#11173= IFCPOLYLOOP((#3234,#3247,#3246));
#11174= IFCFACEOUTERBOUND(#11173,.T.);
#11175= IFCFACE((#11174));
#11176= IFCPOLYLOOP((#3235,#3236,#3248));
#11177= IFCFACEOUTERBOUND(#11176,.T.);
#11178= IFCFACE((#11177));
#11179= IFCPOLYLOOP((#3235,#3248,#3247));
#11180= IFCFACEOUTERBOUND(#11179,.T.);
#11181= IFCFACE((#11180));
#11182= IFCPOLYLOOP((#3236,#3237,#3249));
#11183= IFCFACEOUTERBOUND(#11182,.T.);
#11184= IFCFACE((#11183));
#11185= IFCPOLYLOOP((#3236,#3249,#3248));
#11186= IFCFACEOUTERBOUND(#11185,.T.);
#11187= IFCFACE((#11186));
#11188= IFCPOLYLOOP((#3237,#3227,#3239));
#11189= IFCFACEOUTERBOUND(#11188,.T.);
#11190= IFCFACE((#11189));
#11191= IFCPOLYLOOP((#3237,#3239,#3249));
#11192= IFCFACEOUTERBOUND(#11191,.T.);
#11193= IFCFACE((#11192));
#11194= IFCPOLYLOOP((#3239,#3238,#3250));
#11195= IFCFACEOUTERBOUND(#11194,.T.);
#11196= IFCFACE((#11195));
#11197= IFCPOLYLOOP((#3239,#3250,#3251));
#11198= IFCFACEOUTERBOUND(#11197,.T.);
#11199= IFCFACE((#11198));
#11200= IFCPOLYLOOP((#3238,#3240,#3252));
#11201= IFCFACEOUTERBOUND(#11200,.T.);
#11202= IFCFACE((#11201));
#11203= IFCPOLYLOOP((#3238,#3252,#3250));
#11204= IFCFACEOUTERBOUND(#11203,.T.);
#11205= IFCFACE((#11204));
#11206= IFCPOLYLOOP((#3240,#3241,#3253));
#11207= IFCFACEOUTERBOUND(#11206,.T.);
#11208= IFCFACE((#11207));
#11209= IFCPOLYLOOP((#3240,#3253,#3252));
#11210= IFCFACEOUTERBOUND(#11209,.T.);
#11211= IFCFACE((#11210));
#11212= IFCPOLYLOOP((#3241,#3242,#3254));
#11213= IFCFACEOUTERBOUND(#11212,.T.);
#11214= IFCFACE((#11213));
#11215= IFCPOLYLOOP((#3241,#3254,#3253));
#11216= IFCFACEOUTERBOUND(#11215,.T.);
#11217= IFCFACE((#11216));
#11218= IFCPOLYLOOP((#3242,#3243,#3255));
#11219= IFCFACEOUTERBOUND(#11218,.T.);
#11220= IFCFACE((#11219));
#11221= IFCPOLYLOOP((#3242,#3255,#3254));
#11222= IFCFACEOUTERBOUND(#11221,.T.);
#11223= IFCFACE((#11222));
#11224= IFCPOLYLOOP((#3243,#3244,#3256));
#11225= IFCFACEOUTERBOUND(#11224,.T.);
#11226= IFCFACE((#11225));
#11227= IFCPOLYLOOP((#3243,#3256,#3255));
#11228= IFCFACEOUTERBOUND(#11227,.T.);
#11229= IFCFACE((#11228));
#11230= IFCPOLYLOOP((#3244,#3245,#3257));
#11231= IFCFACEOUTERBOUND(#11230,.T.);
#11232= IFCFACE((#11231));
#11233= IFCPOLYLOOP((#3244,#3257,#3256));
#11234= IFCFACEOUTERBOUND(#11233,.T.);
#11235= IFCFACE((#11234));
#11236= IFCPOLYLOOP((#3245,#3246,#3258));
#11237= IFCFACEOUTERBOUND(#11236,.T.);
#11238= IFCFACE((#11237));
#11239= IFCPOLYLOOP((#3245,#3258,#3257));
#11240= IFCFACEOUTERBOUND(#11239,.T.);
#11241= IFCFACE((#11240));
#11242= IFCPOLYLOOP((#3246,#3247,#3259));
#11243= IFCFACEOUTERBOUND(#11242,.T.);
#11244= IFCFACE((#11243));
#11245= IFCPOLYLOOP((#3246,#3259,#3258));
#11246= IFCFACEOUTERBOUND(#11245,.T.);
#11247= IFCFACE((#11246));
#11248= IFCPOLYLOOP((#3247,#3248,#3260));
#11249= IFCFACEOUTERBOUND(#11248,.T.);
#11250= IFCFACE((#11249));
#11251= IFCPOLYLOOP((#3247,#3260,#3259));
#11252= IFCFACEOUTERBOUND(#11251,.T.);
#11253= IFCFACE((#11252));
#11254= IFCPOLYLOOP((#3248,#3249,#3261));
#11255= IFCFACEOUTERBOUND(#11254,.T.);
#11256= IFCFACE((#11255));
#11257= IFCPOLYLOOP((#3248,#3261,#3260));
#11258= IFCFACEOUTERBOUND(#11257,.T.);
#11259= IFCFACE((#11258));
#11260= IFCPOLYLOOP((#3249,#3239,#3251));
#11261= IFCFACEOUTERBOUND(#11260,.T.);
#11262= IFCFACE((#11261));
#11263= IFCPOLYLOOP((#3249,#3251,#3261));
#11264= IFCFACEOUTERBOUND(#11263,.T.);
#11265= IFCFACE((#11264));
#11266= IFCPOLYLOOP((#3251,#3250,#3262));
#11267= IFCFACEOUTERBOUND(#11266,.T.);
#11268= IFCFACE((#11267));
#11269= IFCPOLYLOOP((#3251,#3262,#3263));
#11270= IFCFACEOUTERBOUND(#11269,.T.);
#11271= IFCFACE((#11270));
#11272= IFCPOLYLOOP((#3250,#3252,#3264));
#11273= IFCFACEOUTERBOUND(#11272,.T.);
#11274= IFCFACE((#11273));
#11275= IFCPOLYLOOP((#3250,#3264,#3262));
#11276= IFCFACEOUTERBOUND(#11275,.T.);
#11277= IFCFACE((#11276));
#11278= IFCPOLYLOOP((#3252,#3253,#3265));
#11279= IFCFACEOUTERBOUND(#11278,.T.);
#11280= IFCFACE((#11279));
#11281= IFCPOLYLOOP((#3252,#3265,#3264));
#11282= IFCFACEOUTERBOUND(#11281,.T.);
#11283= IFCFACE((#11282));
#11284= IFCPOLYLOOP((#3253,#3254,#3266));
#11285= IFCFACEOUTERBOUND(#11284,.T.);
#11286= IFCFACE((#11285));
#11287= IFCPOLYLOOP((#3253,#3266,#3265));
#11288= IFCFACEOUTERBOUND(#11287,.T.);
#11289= IFCFACE((#11288));
#11290= IFCPOLYLOOP((#3254,#3255,#3267));
#11291= IFCFACEOUTERBOUND(#11290,.T.);
#11292= IFCFACE((#11291));
#11293= IFCPOLYLOOP((#3254,#3267,#3266));
#11294= IFCFACEOUTERBOUND(#11293,.T.);
#11295= IFCFACE((#11294));
#11296= IFCPOLYLOOP((#3255,#3256,#3268));
#11297= IFCFACEOUTERBOUND(#11296,.T.);
#11298= IFCFACE((#11297));
#11299= IFCPOLYLOOP((#3255,#3268,#3267));
#11300= IFCFACEOUTERBOUND(#11299,.T.);
#11301= IFCFACE((#11300));
#11302= IFCPOLYLOOP((#3256,#3257,#3269));
#11303= IFCFACEOUTERBOUND(#11302,.T.);
#11304= IFCFACE((#11303));
#11305= IFCPOLYLOOP((#3256,#3269,#3268));
#11306= IFCFACEOUTERBOUND(#11305,.T.);
#11307= IFCFACE((#11306));
#11308= IFCPOLYLOOP((#3257,#3258,#3270));
#11309= IFCFACEOUTERBOUND(#11308,.T.);
#11310= IFCFACE((#11309));
#11311= IFCPOLYLOOP((#3257,#3270,#3269));
#11312= IFCFACEOUTERBOUND(#11311,.T.);
#11313= IFCFACE((#11312));
#11314= IFCPOLYLOOP((#3258,#3259,#3271));
#11315= IFCFACEOUTERBOUND(#11314,.T.);
#11316= IFCFACE((#11315));
#11317= IFCPOLYLOOP((#3258,#3271,#3270));
#11318= IFCFACEOUTERBOUND(#11317,.T.);
#11319= IFCFACE((#11318));
#11320= IFCPOLYLOOP((#3259,#3260,#3272));
#11321= IFCFACEOUTERBOUND(#11320,.T.);
#11322= IFCFACE((#11321));
#11323= IFCPOLYLOOP((#3259,#3272,#3271));
#11324= IFCFACEOUTERBOUND(#11323,.T.);
#11325= IFCFACE((#11324));
#11326= IFCPOLYLOOP((#3260,#3261,#3273));
#11327= IFCFACEOUTERBOUND(#11326,.T.);
#11328= IFCFACE((#11327));
#11329= IFCPOLYLOOP((#3260,#3273,#3272));
#11330= IFCFACEOUTERBOUND(#11329,.T.);
#11331= IFCFACE((#11330));
#11332= IFCPOLYLOOP((#3261,#3251,#3263));
#11333= IFCFACEOUTERBOUND(#11332,.T.);
#11334= IFCFACE((#11333));
#11335= IFCPOLYLOOP((#3261,#3263,#3273));
#11336= IFCFACEOUTERBOUND(#11335,.T.);
#11337= IFCFACE((#11336));
#11338= IFCPOLYLOOP((#3263,#3262,#3274));
#11339= IFCFACEOUTERBOUND(#11338,.T.);
#11340= IFCFACE((#11339));
#11341= IFCPOLYLOOP((#3263,#3274,#3275));
#11342= IFCFACEOUTERBOUND(#11341,.T.);
#11343= IFCFACE((#11342));
#11344= IFCPOLYLOOP((#3262,#3264,#3276));
#11345= IFCFACEOUTERBOUND(#11344,.T.);
#11346= IFCFACE((#11345));
#11347= IFCPOLYLOOP((#3262,#3276,#3274));
#11348= IFCFACEOUTERBOUND(#11347,.T.);
#11349= IFCFACE((#11348));
#11350= IFCPOLYLOOP((#3264,#3265,#3277));
#11351= IFCFACEOUTERBOUND(#11350,.T.);
#11352= IFCFACE((#11351));
#11353= IFCPOLYLOOP((#3264,#3277,#3276));
#11354= IFCFACEOUTERBOUND(#11353,.T.);
#11355= IFCFACE((#11354));
#11356= IFCPOLYLOOP((#3265,#3266,#3278));
#11357= IFCFACEOUTERBOUND(#11356,.T.);
#11358= IFCFACE((#11357));
#11359= IFCPOLYLOOP((#3265,#3278,#3277));
#11360= IFCFACEOUTERBOUND(#11359,.T.);
#11361= IFCFACE((#11360));
#11362= IFCPOLYLOOP((#3266,#3267,#3279));
#11363= IFCFACEOUTERBOUND(#11362,.T.);
#11364= IFCFACE((#11363));
#11365= IFCPOLYLOOP((#3266,#3279,#3278));
#11366= IFCFACEOUTERBOUND(#11365,.T.);
#11367= IFCFACE((#11366));
#11368= IFCPOLYLOOP((#3267,#3268,#3280));
#11369= IFCFACEOUTERBOUND(#11368,.T.);
#11370= IFCFACE((#11369));
#11371= IFCPOLYLOOP((#3267,#3280,#3279));
#11372= IFCFACEOUTERBOUND(#11371,.T.);
#11373= IFCFACE((#11372));
#11374= IFCPOLYLOOP((#3268,#3269,#3281));
#11375= IFCFACEOUTERBOUND(#11374,.T.);
#11376= IFCFACE((#11375));
#11377= IFCPOLYLOOP((#3268,#3281,#3280));
#11378= IFCFACEOUTERBOUND(#11377,.T.);
#11379= IFCFACE((#11378));
#11380= IFCPOLYLOOP((#3269,#3270,#3282));
#11381= IFCFACEOUTERBOUND(#11380,.T.);
#11382= IFCFACE((#11381));
#11383= IFCPOLYLOOP((#3269,#3282,#3281));
#11384= IFCFACEOUTERBOUND(#11383,.T.);
#11385= IFCFACE((#11384));
#11386= IFCPOLYLOOP((#3270,#3271,#3283));
#11387= IFCFACEOUTERBOUND(#11386,.T.);
#11388= IFCFACE((#11387));
#11389= IFCPOLYLOOP((#3270,#3283,#3282));
#11390= IFCFACEOUTERBOUND(#11389,.T.);
#11391= IFCFACE((#11390));
#11392= IFCPOLYLOOP((#3271,#3272,#3284));
#11393= IFCFACEOUTERBOUND(#11392,.T.);
#11394= IFCFACE((#11393));
#11395= IFCPOLYLOOP((#3271,#3284,#3283));
#11396= IFCFACEOUTERBOUND(#11395,.T.);
#11397= IFCFACE((#11396));
#11398= IFCPOLYLOOP((#3272,#3273,#3285));
#11399= IFCFACEOUTERBOUND(#11398,.T.);
#11400= IFCFACE((#11399));
#11401= IFCPOLYLOOP((#3272,#3285,#3284));
#11402= IFCFACEOUTERBOUND(#11401,.T.);
#11403= IFCFACE((#11402));
#11404= IFCPOLYLOOP((#3273,#3263,#3275));
#11405= IFCFACEOUTERBOUND(#11404,.T.);
#11406= IFCFACE((#11405));
#11407= IFCPOLYLOOP((#3273,#3275,#3285));
#11408= IFCFACEOUTERBOUND(#11407,.T.);
#11409= IFCFACE((#11408));
#11410= IFCPOLYLOOP((#3275,#3274,#1923));
#11411= IFCFACEOUTERBOUND(#11410,.T.);
#11412= IFCFACE((#11411));
#11413= IFCPOLYLOOP((#3275,#1923,#1922));
#11414= IFCFACEOUTERBOUND(#11413,.T.);
#11415= IFCFACE((#11414));
#11416= IFCPOLYLOOP((#3274,#3276,#1926));
#11417= IFCFACEOUTERBOUND(#11416,.T.);
#11418= IFCFACE((#11417));
#11419= IFCPOLYLOOP((#3274,#1926,#1923));
#11420= IFCFACEOUTERBOUND(#11419,.T.);
#11421= IFCFACE((#11420));
#11422= IFCPOLYLOOP((#3276,#3277,#1927));
#11423= IFCFACEOUTERBOUND(#11422,.T.);
#11424= IFCFACE((#11423));
#11425= IFCPOLYLOOP((#3276,#1927,#1926));
#11426= IFCFACEOUTERBOUND(#11425,.T.);
#11427= IFCFACE((#11426));
#11428= IFCPOLYLOOP((#3277,#3278,#1931));
#11429= IFCFACEOUTERBOUND(#11428,.T.);
#11430= IFCFACE((#11429));
#11431= IFCPOLYLOOP((#3277,#1931,#1927));
#11432= IFCFACEOUTERBOUND(#11431,.T.);
#11433= IFCFACE((#11432));
#11434= IFCPOLYLOOP((#3278,#3279,#1932));
#11435= IFCFACEOUTERBOUND(#11434,.T.);
#11436= IFCFACE((#11435));
#11437= IFCPOLYLOOP((#3278,#1932,#1931));
#11438= IFCFACEOUTERBOUND(#11437,.T.);
#11439= IFCFACE((#11438));
#11440= IFCPOLYLOOP((#3279,#3280,#1933));
#11441= IFCFACEOUTERBOUND(#11440,.T.);
#11442= IFCFACE((#11441));
#11443= IFCPOLYLOOP((#3279,#1933,#1932));
#11444= IFCFACEOUTERBOUND(#11443,.T.);
#11445= IFCFACE((#11444));
#11446= IFCPOLYLOOP((#3280,#3281,#1935));
#11447= IFCFACEOUTERBOUND(#11446,.T.);
#11448= IFCFACE((#11447));
#11449= IFCPOLYLOOP((#3280,#1935,#1933));
#11450= IFCFACEOUTERBOUND(#11449,.T.);
#11451= IFCFACE((#11450));
#11452= IFCPOLYLOOP((#3281,#3282,#1938));
#11453= IFCFACEOUTERBOUND(#11452,.T.);
#11454= IFCFACE((#11453));
#11455= IFCPOLYLOOP((#3281,#1938,#1935));
#11456= IFCFACEOUTERBOUND(#11455,.T.);
#11457= IFCFACE((#11456));
#11458= IFCPOLYLOOP((#3282,#3283,#1939));
#11459= IFCFACEOUTERBOUND(#11458,.T.);
#11460= IFCFACE((#11459));
#11461= IFCPOLYLOOP((#3282,#1939,#1938));
#11462= IFCFACEOUTERBOUND(#11461,.T.);
#11463= IFCFACE((#11462));
#11464= IFCPOLYLOOP((#3283,#3284,#1941));
#11465= IFCFACEOUTERBOUND(#11464,.T.);
#11466= IFCFACE((#11465));
#11467= IFCPOLYLOOP((#3283,#1941,#1939));
#11468= IFCFACEOUTERBOUND(#11467,.T.);
#11469= IFCFACE((#11468));
#11470= IFCPOLYLOOP((#3284,#3285,#1921));
#11471= IFCFACEOUTERBOUND(#11470,.T.);
#11472= IFCFACE((#11471));
#11473= IFCPOLYLOOP((#3284,#1921,#1941));
#11474= IFCFACEOUTERBOUND(#11473,.T.);
#11475= IFCFACE((#11474));
#11476= IFCPOLYLOOP((#3285,#3275,#1922));
#11477= IFCFACEOUTERBOUND(#11476,.T.);
#11478= IFCFACE((#11477));
#11479= IFCPOLYLOOP((#3285,#1922,#1921));
#11480= IFCFACEOUTERBOUND(#11479,.T.);
#11481= IFCFACE((#11480));
#11482= IFCCLOSEDSHELL((#3288,#3291,#3294,#3297,#3300,#3303,#3306,#3309,#3312,#3315,#3318,#3321,#3324,#3327,#3330,#3333,#3336,#3339,#3342,#3345,#3348,#3351,#3354,#3357,#3360,#3363,#3366,#3369,#3372,#3375,#3378,#3381,#3384,#3387,#3390,#3393,#3396,#3399,#3402,#3405,#3408,#3411,#3414,#3417,#3420,#3423,#3426,#3429,#3432,#3435,#3438,#3441,#3444,#3447,#3450,#3453,#3456,#3459,#3462,#3465,#3468,#3471,#3474,#3477,#3480,#3483,#3486,#3489,#3492,#3495,#3498,#3501,#3504,#3507,#3510,#3513,#3516,#3519,#3522,#3525,#3528,#3531,#3534,#3537,#3540,#3543,#3546,#3549,#3552,#3555,#3558,#3561,#3564,#3567,#3570,#3573,#3576,#3579,#3582,#3585,#3588,#3591,#3594,#3597,#3600,#3603,#3606,#3609,#3612,#3615,#3618,#3621,#3624,#3627,#3630,#3633,#3636,#3639,#3642,#3645,#3648,#3651,#3654,#3657,#3660,#3663,#3666,#3669,#3672,#3675,#3678,#3681,#3684,#3687,#3690,#3693,#3696,#3699,#3702,#3705,#3708,#3711,#3714,#3717,#3720,#3723,#3726,#3729,#3732,#3735,#3738,#3741,#3744,#3747,#3750,#3753,#3756,#3759,#3762,#3765,#3768,#3771,#3774,#3777,#3780,#3783,#3786,#3789,#3792,#3795,#3798,#3801,#3804,#3807,#3810,#3813,#3816,#3819,#3822,#3825,#3828,#3831,#3834,#3837,#3840,#3843,#3846,#3849,#3852,#3855,#3858,#3861,#3864,#3867,#3870,#3873,#3876,#3879,#3882,#3885,#3888,#3891,#3894,#3897,#3900,#3903,#3906,#3909,#3912,#3915,#3918,#3921,#3924,#3927,#3930,#3933,#3936,#3939,#3942,#3945,#3948,#3951,#3954,#3957,#3960,#3963,#3966,#3969,#3972,#3975,#3978,#3981,#3984,#3987,#3990,#3993,#3996,#3999,#4002,#4005,#4008,#4011,#4014,#4017,#4020,#4023,#4026,#4029,#4032,#4035,#4038,#4041,#4044,#4047,#4050,#4053,#4056,#4059,#4062,#4065,#4068,#4071,#4074,#4077,#4080,#4083,#4086,#4089,#4092,#4095,#4098,#4101,#4104,#4107,#4110,#4113,#4116,#4119,#4122,#4125,#4128,#4131,#4134,#4137,#4140,#4143,#4146,#4149,#4152,#4155,#4158,#4161,#4164,#4167,#4170,#4173,#4176,#4179,#4182,#4185,#4188,#4191,#4194,#4197,#4200,#4203,#4206,#4209,#4212,#4215,#4218,#4221,#4224,#4227,#4230,#4233,#4236,#4239,#4242,#4245,#4248,#4251,#4254,#4257,#4260,#4263,#4266,#4269,#4272,#4275,#4278,#4281,#4284,#4287,#4290,#4293,#4296,#4299,#4302,#4305,#4308,#4311,#4314,#4317,#4320,#4323,#4326,#4329,#4332,#4335,#4338,#4341,#4344,#4347,#4350,#4353,#4356,#4359,#4362,#4365,#4368,#4371,#4374,#4377,#4380,#4383,#4386,#4389,#4392,#4395,#4398,#4401,#4404,#4407,#4410,#4413,#4416,#4419,#4422,#4425,#4428,#4431,#4434,#4437,#4440,#4443,#4446,#4449,#4452,#4455,#4458,#4461,#4464,#4467,#4470,#4473,#4476,#4479,#4482,#4485,#4488,#4491,#4494,#4497,#4500,#4503,#4506,#4509,#4512,#4515,#4518,#4521,#4524,#4527,#4530,#4533,#4536,#4539,#4542,#4545,#4548,#4551,#4554,#4557,#4560,#4563,#4566,#4569,#4572,#4575,#4578,#4581,#4584,#4587,#4590,#4593,#4596,#4599,#4602,#4605,#4608,#4611,#4614,#4617,#4620,#4623,#4626,#4629,#4632,#4635,#4638,#4641,#4644,#4647,#4650,#4653,#4656,#4659,#4662,#4665,#4668,#4671,#4674,#4677,#4680,#4683,#4686,#4689,#4692,#4695,#4698,#4701,#4704,#4707,#4710,#4713,#4716,#4719,#4722,#4725,#4728,#4731,#4734,#4737,#4740,#4743,#4746,#4749,#4752,#4755,#4758,#4761,#4764,#4767,#4770,#4773,#4776,#4779,#4782,#4785,#4788,#4791,#4794,#4797,#4800,#4803,#4806,#4809,#4812,#4815,#4818,#4821,#4824,#4827,#4830,#4833,#4836,#4839,#4842,#4845,#4848,#4851,#4854,#4857,#4860,#4863,#4866,#4869,#4872,#4875,#4878,#4881,#4884,#4887,#4890,#4893,#4896,#4899,#4902,#4905,#4908,#4911,#4914,#4917,#4920,#4923,#4926,#4929,#4932,#4935,#4938,#4941,#4944,#4947,#4950,#4953,#4956,#4959,#4962,#4965,#4968,#4971,#4974,#4977,#4980,#4983,#4986,#4989,#4992,#4995,#4998,#5001,#5004,#5007,#5010,#5013,#5016,#5019,#5022,#5025,#5028,#5031,#5034,#5037,#5040,#5043,#5046,#5049,#5052,#5055,#5058,#5061,#5064,#5067,#5070,#5073,#5076,#5079,#5082,#5085,#5088,#5091,#5094,#5097,#5100,#5103,#5106,#5109,#5112,#5115,#5118,#5121,#5124,#5127,#5130,#5133,#5136,#5139,#5142,#5145,#5148,#5151,#5154,#5157,#5160,#5163,#5166,#5169,#5172,#5175,#5178,#5181,#5184,#5187,#5190,#5193,#5196,#5199,#5202,#5205,#5208,#5211,#5214,#5217,#5220,#5223,#5226,#5229,#5232,#5235,#5238,#5241,#5244,#5247,#5250,#5253,#5256,#5259,#5262,#5265,#5268,#5271,#5274,#5277,#5280,#5283,#5286,#5289,#5292,#5295,#5298,#5301,#5304,#5307,#5310,#5313,#5316,#5319,#5322,#5325,#5328,#5331,#5334,#5337,#5340,#5343,#5346,#5349,#5352,#5355,#5358,#5361,#5364,#5367,#5370,#5373,#5376,#5379,#5382,#5385,#5388,#5391,#5394,#5397,#5400,#5403,#5406,#5409,#5412,#5415,#5418,#5421,#5424,#5427,#5430,#5433,#5436,#5439,#5442,#5445,#5448,#5451,#5454,#5457,#5460,#5463,#5466,#5469,#5472,#5475,#5478,#5481,#5484,#5487,#5490,#5493,#5496,#5499,#5502,#5505,#5508,#5511,#5514,#5517,#5520,#5523,#5526,#5529,#5532,#5535,#5538,#5541,#5544,#5547,#5550,#5553,#5556,#5559,#5562,#5565,#5568,#5571,#5574,#5577,#5580,#5583,#5586,#5589,#5592,#5595,#5598,#5601,#5604,#5607,#5610,#5613,#5616,#5619,#5622,#5625,#5628,#5631,#5634,#5637,#5640,#5643,#5646,#5649,#5652,#5655,#5658,#5661,#5664,#5667,#5670,#5673,#5676,#5679,#5682,#5685,#5688,#5691,#5694,#5697,#5700,#5703,#5706,#5709,#5712,#5715,#5718,#5721,#5724,#5727,#5730,#5733,#5736,#5739,#5742,#5745,#5748,#5751,#5754,#5757,#5760,#5763,#5766,#5769,#5772,#5775,#5778,#5781,#5784,#5787,#5790,#5793,#5796,#5799,#5802,#5805,#5808,#5811,#5814,#5817,#5820,#5823,#5826,#5829,#5832,#5835,#5838,#5841,#5844,#5847,#5850,#5853,#5856,#5859,#5862,#5865,#5868,#5871,#5874,#5877,#5880,#5883,#5886,#5889,#5892,#5895,#5898,#5901,#5904,#5907,#5910,#5913,#5916,#5919,#5922,#5925,#5928,#5931,#5934,#5937,#5940,#5943,#5946,#5949,#5952,#5955,#5958,#5961,#5964,#5967,#5970,#5973,#5976,#5979,#5982,#5985,#5988,#5991,#5994,#5997,#6000,#6003,#6006,#6009,#6012,#6015,#6018,#6021,#6024,#6027,#6030,#6033,#6036,#6039,#6042,#6045,#6048,#6051,#6054,#6057,#6060,#6063,#6066,#6069,#6072,#6075,#6078,#6081,#6084,#6087,#6090,#6093,#6096,#6099,#6102,#6105,#6108,#6111,#6114,#6117,#6120,#6123,#6126,#6129,#6132,#6135,#6138,#6141,#6144,#6147,#6150,#6153,#6156,#6159,#6162,#6165,#6168,#6171,#6174,#6177,#6180,#6183,#6186,#6189,#6192,#6195,#6198,#6201,#6204,#6207,#6210,#6213,#6216,#6219,#6222,#6225,#6228,#6231,#6234,#6237,#6240,#6243,#6246,#6249,#6252,#6255,#6258,#6261,#6264,#6267,#6270,#6273,#6276,#6279,#6282,#6285,#6288,#6291,#6294,#6297,#6300,#6303,#6306,#6309,#6312,#6315,#6318,#6321,#6324,#6327,#6330,#6333,#6336,#6339,#6342,#6345,#6348,#6351,#6354,#6357,#6360,#6363,#6366,#6369,#6372,#6375,#6378,#6381,#6384,#6387,#6390,#6393,#6396,#6399,#6402,#6405,#6408,#6411,#6414,#6417,#6420,#6423,#6426,#6429,#6432,#6435,#6438,#6441,#6444,#6447,#6450,#6453,#6456,#6459,#6462,#6465,#6468,#6471,#6474,#6477,#6480,#6483,#6486,#6489,#6492,#6495,#6498,#6501,#6504,#6507,#6510,#6513,#6516,#6519,#6522,#6525,#6528,#6531,#6534,#6537,#6540,#6543,#6546,#6549,#6552,#6555,#6558,#6561,#6564,#6567,#6570,#6573,#6576,#6579,#6582,#6585,#6588,#6591,#6594,#6597,#6600,#6603,#6606,#6609,#6612,#6615,#6618,#6621,#6624,#6627,#6630,#6633,#6636,#6639,#6642,#6645,#6648,#6651,#6654,#6657,#6660,#6663,#6666,#6669,#6672,#6675,#6678,#6681,#6684,#6687,#6690,#6693,#6696,#6699,#6702,#6705,#6708,#6711,#6714,#6717,#6720,#6723,#6726,#6729,#6732,#6735,#6738,#6741,#6744,#6747,#6750,#6753,#6756,#6759,#6762,#6765,#6768,#6771,#6774,#6777,#6780,#6783,#6786,#6789,#6792,#6795,#6798,#6801,#6804,#6807,#6810,#6813,#6816,#6819,#6822,#6825,#6828,#6831,#6834,#6837,#6840,#6843,#6846,#6849,#6852,#6855,#6858,#6861,#6864,#6867,#6870,#6873,#6876,#6879,#6882,#6885,#6888,#6891,#6894,#6897,#6900,#6903,#6906,#6909,#6912,#6915,#6918,#6921,#6924,#6927,#6930,#6933,#6936,#6939,#6942,#6945,#6948,#6951,#6954,#6957,#6960,#6963,#6966,#6969,#6972,#6975,#6978,#6981,#6984,#6987,#6990,#6993,#6996,#6999,#7002,#7005,#7008,#7011,#7014,#7017,#7020,#7023,#7026,#7029,#7032,#7035,#7038,#7041,#7044,#7047,#7050,#7053,#7056,#7059,#7062,#7065,#7068,#7071,#7074,#7077,#7080,#7083,#7086,#7089,#7092,#7095,#7098,#7101,#7104,#7107,#7110,#7113,#7116,#7119,#7122,#7125,#7128,#7131,#7134,#7137,#7140,#7143,#7146,#7149,#7152,#7155,#7158,#7161,#7164,#7167,#7170,#7173,#7176,#7179,#7182,#7185,#7188,#7191,#7194,#7197,#7200,#7203,#7206,#7209,#7212,#7215,#7218,#7221,#7224,#7227,#7230,#7233,#7236,#7239,#7242,#7245,#7248,#7251,#7254,#7257,#7260,#7263,#7266,#7269,#7272,#7275,#7278,#7281,#7284,#7287,#7290,#7293,#7296,#7299,#7302,#7305,#7308,#7311,#7314,#7317,#7320,#7323,#7326,#7329,#7332,#7335,#7338,#7341,#7344,#7347,#7350,#7353,#7356,#7359,#7362,#7365,#7368,#7371,#7374,#7377,#7380,#7383,#7386,#7389,#7392,#7395,#7398,#7401,#7404,#7407,#7410,#7413,#7416,#7419,#7422,#7425,#7428,#7431,#7434,#7437,#7440,#7443,#7446,#7449,#7452,#7455,#7458,#7461,#7464,#7467,#7470,#7473,#7476,#7479,#7482,#7485,#7488,#7491,#7494,#7497,#7500,#7503,#7506,#7509,#7512,#7515,#7518,#7521,#7524,#7527,#7530,#7533,#7536,#7539,#7542,#7545,#7548,#7551,#7554,#7557,#7560,#7563,#7566,#7569,#7572,#7575,#7578,#7581,#7584,#7587,#7590,#7593,#7596,#7599,#7602,#7605,#7608,#7611,#7614,#7617,#7620,#7623,#7626,#7629,#7632,#7635,#7638,#7641,#7644,#7647,#7650,#7653,#7656,#7659,#7662,#7665,#7668,#7671,#7674,#7677,#7680,#7683,#7686,#7689,#7692,#7695,#7698,#7701,#7704,#7707,#7710,#7713,#7716,#7719,#7722,#7725,#7728,#7731,#7734,#7737,#7740,#7743,#7746,#7749,#7752,#7755,#7758,#7761,#7764,#7767,#7770,#7773,#7776,#7779,#7782,#7785,#7788,#7791,#7794,#7797,#7800,#7803,#7806,#7809,#7812,#7815,#7818,#7821,#7824,#7827,#7830,#7833,#7836,#7839,#7842,#7845,#7848,#7851,#7854,#7857,#7860,#7863,#7866,#7869,#7872,#7875,#7878,#7881,#7884,#7887,#7890,#7893,#7896,#7899,#7902,#7905,#7908,#7911,#7914,#7917,#7920,#7923,#7926,#7929,#7932,#7935,#7938,#7941,#7944,#7947,#7950,#7953,#7956,#7959,#7962,#7965,#7968,#7971,#7974,#7977,#7980,#7983,#7986,#7989,#7992,#7995,#7998,#8001,#8004,#8007,#8010,#8013,#8016,#8019,#8022,#8025,#8028,#8031,#8034,#8037,#8040,#8043,#8046,#8049,#8052,#8055,#8058,#8061,#8064,#8067,#8070,#8073,#8076,#8079,#8082,#8085,#8088,#8091,#8094,#8097,#8100,#8103,#8106,#8109,#8112,#8115,#8118,#8121,#8124,#8127,#8130,#8133,#8136,#8139,#8142,#8145,#8148,#8151,#8154,#8157,#8160,#8163,#8166,#8169,#8172,#8175,#8178,#8181,#8184,#8187,#8190,#8193,#8196,#8199,#8202,#8205,#8208,#8211,#8214,#8217,#8220,#8223,#8226,#8229,#8232,#8235,#8238,#8241,#8244,#8247,#8250,#8253,#8256,#8259,#8262,#8265,#8268,#8271,#8274,#8277,#8280,#8283,#8286,#8289,#8292,#8295,#8298,#8301,#8304,#8307,#8310,#8313,#8316,#8319,#8322,#8325,#8328,#8331,#8334,#8337,#8340,#8343,#8346,#8349,#8352,#8355,#8358,#8361,#8364,#8367,#8370,#8373,#8376,#8379,#8382,#8385,#8388,#8391,#8394,#8397,#8400,#8403,#8406,#8409,#8412,#8415,#8418,#8421,#8424,#8427,#8430,#8433,#8436,#8439,#8442,#8445,#8448,#8451,#8454,#8457,#8460,#8463,#8466,#8469,#8472,#8475,#8478,#8481,#8484,#8487,#8490,#8493,#8496,#8499,#8502,#8505,#8508,#8511,#8514,#8517,#8520,#8523,#8526,#8529,#8532,#8535,#8538,#8541,#8544,#8547,#8550,#8553,#8556,#8559,#8562,#8565,#8568,#8571,#8574,#8577,#8580,#8583,#8586,#8589,#8592,#8595,#8598,#8601,#8604,#8607,#8610,#8613,#8616,#8619,#8622,#8625,#8628,#8631,#8634,#8637,#8640,#8643,#8646,#8649,#8652,#8655,#8658,#8661,#8664,#8667,#8670,#8673,#8676,#8679,#8682,#8685,#8688,#8691,#8694,#8697,#8700,#8703,#8706,#8709,#8712,#8715,#8718,#8721,#8724,#8727,#8730,#8733,#8736,#8739,#8742,#8745,#8748,#8751,#8754,#8757,#8760,#8763,#8766,#8769,#8772,#8775,#8778,#8781,#8784,#8787,#8790,#8793,#8796,#8799,#8802,#8805,#8808,#8811,#8814,#8817,#8820,#8823,#8826,#8829,#8832,#8835,#8838,#8841,#8844,#8847,#8850,#8853,#8856,#8859,#8862,#8865,#8868,#8871,#8874,#8877,#8880,#8883,#8886,#8889,#8892,#8895,#8898,#8901,#8904,#8907,#8910,#8913,#8916,#8919,#8922,#8925,#8928,#8931,#8934,#8937,#8940,#8943,#8946,#8949,#8952,#8955,#8958,#8961,#8964,#8967,#8970,#8973,#8976,#8979,#8982,#8985,#8988,#8991,#8994,#8997,#9000,#9003,#9006,#9009,#9012,#9015,#9018,#9021,#9024,#9027,#9030,#9033,#9036,#9039,#9042,#9045,#9048,#9051,#9054,#9057,#9060,#9063,#9066,#9069,#9072,#9075,#9078,#9081,#9084,#9087,#9090,#9093,#9096,#9099,#9102,#9105,#9108,#9111,#9114,#9117,#9120,#9123,#9126,#9129,#9132,#9135,#9138,#9141,#9144,#9147,#9150,#9153,#9156,#9159,#9162,#9165,#9168,#9171,#9174,#9177,#9180,#9183,#9186,#9189,#9192,#9195,#9198,#9201,#9204,#9207,#9210,#9213,#9216,#9219,#9222,#9225,#9228,#9231,#9234,#9237,#9240,#9243,#9246,#9249,#9252,#9255,#9258,#9261,#9264,#9267,#9270,#9273,#9276,#9279,#9282,#9285,#9288,#9291,#9294,#9297,#9300,#9303,#9306,#9309,#9312,#9315,#9318,#9321,#9324,#9327,#9330,#9333,#9336,#9339,#9342,#9345,#9348,#9351,#9354,#9357,#9360,#9363,#9366,#9369,#9372,#9375,#9378,#9381,#9384,#9387,#9390,#9393,#9396,#9399,#9402,#9405,#9408,#9411,#9414,#9417,#9420,#9423,#9426,#9429,#9432,#9435,#9438,#9441,#9444,#9447,#9450,#9453,#9456,#9459,#9462,#9465,#9468,#9471,#9474,#9477,#9480,#9483,#9486,#9489,#9492,#9495,#9498,#9501,#9504,#9507,#9510,#9513,#9516,#9519,#9522,#9525,#9528,#9531,#9534,#9537,#9540,#9543,#9546,#9549,#9552,#9555,#9558,#9561,#9564,#9567,#9570,#9573,#9576,#9579,#9582,#9585,#9588,#9591,#9594,#9597,#9600,#9603,#9606,#9609,#9612,#9615,#9618,#9621,#9624,#9627,#9630,#9633,#9636,#9639,#9642,#9645,#9648,#9651,#9654,#9657,#9660,#9663,#9666,#9669,#9672,#9675,#9678,#9681,#9684,#9687,#9690,#9693,#9696,#9699,#9702,#9705,#9708,#9711,#9714,#9717,#9720,#9723,#9726,#9729,#9732,#9735,#9738,#9741,#9744,#9747,#9750,#9753,#9756,#9759,#9762,#9765,#9768,#9771,#9774,#9777,#9780,#9783,#9786,#9789,#9792,#9795,#9798,#9801,#9804,#9807,#9810,#9813,#9816,#9819,#9822,#9825,#9828,#9831,#9834,#9837,#9840,#9843,#9846,#9849,#9852,#9855,#9858,#9861,#9864,#9867,#9870,#9873,#9876,#9879,#9882,#9885,#9888,#9891,#9894,#9897,#9900,#9903,#9906,#9909,#9912,#9915,#9918,#9921,#9924,#9927,#9930,#9933,#9936,#9939,#9942,#9945,#9948,#9951,#9954,#9957,#9960,#9963,#9966,#9969,#9972,#9975,#9978,#9981,#9984,#9987,#9990,#9993,#9996,#9999,#10002,#10005,#10008,#10011,#10014,#10017,#10020,#10023,#10026,#10029,#10032,#10035,#10038,#10041,#10044,#10047,#10050,#10053,#10056,#10059,#10062,#10065,#10068,#10071,#10074,#10077,#10080,#10083,#10086,#10089,#10092,#10095,#10098,#10101,#10104,#10107,#10110,#10113,#10116,#10119,#10122,#10125,#10128,#10131,#10134,#10137,#10140,#10143,#10146,#10149,#10152,#10155,#10158,#10161,#10164,#10167,#10170,#10173,#10176,#10179,#10182,#10185,#10188,#10191,#10194,#10197,#10200,#10203,#10206,#10209,#10212,#10215,#10218,#10221,#10224,#10227,#10230,#10233,#10236,#10239,#10242,#10245,#10248,#10251,#10254,#10257,#10260,#10263,#10266,#10269,#10272,#10275,#10278,#10281,#10284,#10287,#10290,#10293,#10296,#10299,#10302,#10305,#10308,#10311,#10314,#10317,#10320,#10323,#10326,#10329,#10332,#10335,#10338,#10341,#10344,#10347,#10350,#10353,#10356,#10359,#10362,#10365,#10368,#10371,#10374,#10377,#10380,#10383,#10386,#10389,#10392,#10395,#10398,#10401,#10404,#10407,#10410,#10413,#10416,#10419,#10422,#10425,#10428,#10431,#10434,#10437,#10440,#10443,#10446,#10449,#10452,#10455,#10458,#10461,#10464,#10467,#10470,#10473,#10476,#10479,#10482,#10485,#10488,#10491,#10494,#10497,#10500,#10503,#10506,#10509,#10512,#10515,#10518,#10521,#10524,#10527,#10530,#10533,#10536,#10539,#10542,#10545,#10548,#10551,#10554,#10557,#10560,#10563,#10566,#10569,#10572,#10575,#10578,#10581,#10584,#10587,#10590,#10593,#10596,#10599,#10602,#10605,#10608,#10611,#10614,#10617,#10620,#10623,#10626,#10629,#10632,#10635,#10638,#10641,#10644,#10647,#10650,#10653,#10656,#10659,#10662,#10665,#10668,#10671,#10674,#10677,#10680,#10683,#10686,#10689,#10692,#10695,#10698,#10701,#10704,#10707,#10710,#10713,#10716,#10719,#10722,#10725,#10728,#10731,#10734,#10737,#10740,#10743,#10746,#10749,#10752,#10755,#10758,#10761,#10764,#10767,#10770,#10773,#10776,#10779,#10782,#10785,#10788,#10791,#10794,#10797,#10800,#10803,#10806,#10809,#10812,#10815,#10818,#10821,#10824,#10827,#10830,#10833,#10836,#10839,#10842,#10845,#10848,#10851,#10854,#10857,#10860,#10863,#10866,#10869,#10872,#10875,#10878,#10881,#10884,#10887,#10890,#10893,#10896,#10899,#10902,#10905,#10908,#10911,#10914,#10917,#10920,#10923,#10926,#10929,#10932,#10935,#10938,#10941,#10944,#10947,#10950,#10953,#10956,#10959,#10962,#10965,#10968,#10971,#10974,#10977,#10980,#10983,#10986,#10989,#10992,#10995,#10998,#11001,#11004,#11007,#11010,#11013,#11016,#11019,#11022,#11025,#11028,#11031,#11034,#11037,#11040,#11043,#11046,#11049,#11052,#11055,#11058,#11061,#11064,#11067,#11070,#11073,#11076,#11079,#11082,#11085,#11088,#11091,#11094,#11097,#11100,#11103,#11106,#11109,#11112,#11115,#11118,#11121,#11124,#11127,#11130,#11133,#11136,#11139,#11142,#11145,#11148,#11151,#11154,#11157,#11160,#11163,#11166,#11169,#11172,#11175,#11178,#11181,#11184,#11187,#11190,#11193,#11196,#11199,#11202,#11205,#11208,#11211,#11214,#11217,#11220,#11223,#11226,#11229,#11232,#11235,#11238,#11241,#11244,#11247,#11250,#11253,#11256,#11259,#11262,#11265,#11268,#11271,#11274,#11277,#11280,#11283,#11286,#11289,#11292,#11295,#11298,#11301,#11304,#11307,#11310,#11313,#11316,#11319,#11322,#11325,#11328,#11331,#11334,#11337,#11340,#11343,#11346,#11349,#11352,#11355,#11358,#11361,#11364,#11367,#11370,#11373,#11376,#11379,#11382,#11385,#11388,#11391,#11394,#11397,#11400,#11403,#11406,#11409,#11412,#11415,#11418,#11421,#11424,#11427,#11430,#11433,#11436,#11439,#11442,#11445,#11448,#11451,#11454,#11457,#11460,#11463,#11466,#11469,#11472,#11475,#11478,#11481));
#11483= IFCFACETEDBREP(#11482);
#11484= IFCCARTESIANPOINT((30.,40.));
#11485= IFCCARTESIANPOINT((36.,40.));
#11486= IFCCARTESIANPOINT((33.,43.15));
#11487= IFCAXIS2PLACEMENT2D(#11486,$);
#11488= IFCCIRCLE(#11487,4.35);
#11489= IFCTRIMMEDCURVE(#11488,(#11484),(#11485),.T.,.CARTESIAN.);
#11490= IFCSHAPEREPRESENTATION(#11,'Axis','Curve2D',(#11489));
#11491= IFCSHAPEREPRESENTATION(#10,'Body','Brep',(#11483));
#11492= IFCLOCALPLACEMENT(#174,#7);
#11493= IFCPRODUCTDEFINITIONSHAPE($,$,(#11490,#11491));
#11494= IFCBEAM('3Ej$6krCRa_xkiUc50VI4Q',#5,'b-arc',$,$,#11492,#11493,'b-arc');
#11495= IFCCARTESIANPOINT((29.961765036,49.925,2.713237768));
#11496= IFCCARTESIANPOINT((29.960350884,50.075,2.70263163));
#11497= IFCCARTESIANPOINT((29.960350884,49.925,2.70263163));
#11498= IFCCARTESIANPOINT((35.961765036,49.925,1.913237768));
#11499= IFCCARTESIANPOINT((35.960350884,49.925,1.90263163));
#11500= IFCCARTESIANPOINT((35.960350884,50.075,1.90263163));
#11501= IFCCARTESIANPOINT((29.961765036,50.00355,2.713237768));
#11502= IFCCARTESIANPOINT((29.961765036,50.075,2.713237768));
#11503= IFCCARTESIANPOINT((35.961765036,50.075,1.913237768));
#11504= IFCCARTESIANPOINT((35.961765036,50.00355,1.913237768));
#11505= IFCCARTESIANPOINT((29.998585848,50.00355,2.989393861));
#11506= IFCCARTESIANPOINT((30.,50.075,3.));
#11507= IFCCARTESIANPOINT((29.998585848,50.075,2.989393861));
#11508= IFCCARTESIANPOINT((35.998585848,50.00355,2.189393861));
#11509= IFCCARTESIANPOINT((35.998585848,50.075,2.189393861));
#11510= IFCCARTESIANPOINT((36.,50.075,2.2));
#11511= IFCCARTESIANPOINT((30.,49.925,3.));
#11512= IFCCARTESIANPOINT((36.,49.925,2.2));
#11513= IFCCARTESIANPOINT((29.998585848,49.99645,2.989393861));
#11514= IFCCARTESIANPOINT((29.998585848,49.925,2.989393861));
#11515= IFCCARTESIANPOINT((35.998585848,49.925,2.189393861));
#11516= IFCCARTESIANPOINT((35.998585848,49.99645,2.189393861));
#11517= IFCCARTESIANPOINT((29.961765036,49.99645,2.713237768));
#11518= IFCCARTESIANPOINT((35.961765036,49.99645,1.913237768));
#11519= IFCPOLYLOOP((#11495,#11496,#11497));
#11520= IFCFACEOUTERBOUND(#11519,.T.);
#11521= IFCFACE((#11520));
#11522= IFCPOLYLOOP((#11498,#11499,#11500));
#11523= IFCFACEOUTERBOUND(#11522,.T.);
#11524= IFCFACE((#11523));
#11525= IFCPOLYLOOP((#11496,#11501,#11502));
#11526= IFCFACEOUTERBOUND(#11525,.T.);
#11527= IFCFACE((#11526));
#11528= IFCPOLYLOOP((#11500,#11503,#11504));
#11529= IFCFACEOUTERBOUND(#11528,.T.);
#11530= IFCFACE((#11529));
#11531= IFCPOLYLOOP((#11505,#11506,#11507));
#11532= IFCFACEOUTERBOUND(#11531,.T.);
#11533= IFCFACE((#11532));
#11534= IFCPOLYLOOP((#11508,#11509,#11510));
#11535= IFCFACEOUTERBOUND(#11534,.T.);
#11536= IFCFACE((#11535));
#11537= IFCPOLYLOOP((#11505,#11511,#11506));
#11538= IFCFACEOUTERBOUND(#11537,.T.);
#11539= IFCFACE((#11538));
#11540= IFCPOLYLOOP((#11508,#11510,#11512));
#11541= IFCFACEOUTERBOUND(#11540,.T.);
#11542= IFCFACE((#11541));
#11543= IFCPOLYLOOP((#11511,#11513,#11514));
#11544= IFCFACEOUTERBOUND(#11543,.T.);
#11545= IFCFACE((#11544));
#11546= IFCPOLYLOOP((#11512,#11515,#11516));
#11547= IFCFACEOUTERBOUND(#11546,.T.);
#11548= IFCFACE((#11547));
#11549= IFCPOLYLOOP((#11517,#11496,#11495));
#11550= IFCFACEOUTERBOUND(#11549,.T.);
#11551= IFCFACE((#11550));
#11552= IFCPOLYLOOP((#11518,#11498,#11500));
#11553= IFCFACEOUTERBOUND(#11552,.T.);
#11554= IFCFACE((#11553));
#11555= IFCPOLYLOOP((#11517,#11501,#11496));
#11556= IFCFACEOUTERBOUND(#11555,.T.);
#11557= IFCFACE((#11556));
#11558= IFCPOLYLOOP((#11518,#11500,#11504));
#11559= IFCFACEOUTERBOUND(#11558,.T.);
#11560= IFCFACE((#11559));
#11561= IFCPOLYLOOP((#11517,#11505,#11501));
#11562= IFCFACEOUTERBOUND(#11561,.T.);
#11563= IFCFACE((#11562));
#11564= IFCPOLYLOOP((#11518,#11504,#11508));
#11565= IFCFACEOUTERBOUND(#11564,.T.);
#11566= IFCFACE((#11565));
#11567= IFCPOLYLOOP((#11505,#11513,#11511));
#11568= IFCFACEOUTERBOUND(#11567,.T.);
#11569= IFCFACE((#11568));
#11570= IFCPOLYLOOP((#11508,#11512,#11516));
#11571= IFCFACEOUTERBOUND(#11570,.T.);
#11572= IFCFACE((#11571));
#11573= IFCPOLYLOOP((#11505,#11517,#11513));
#11574= IFCFACEOUTERBOUND(#11573,.T.);
#11575= IFCFACE((#11574));
#11576= IFCPOLYLOOP((#11508,#11516,#11518));
#11577= IFCFACEOUTERBOUND(#11576,.T.);
#11578= IFCFACE((#11577));
#11579= IFCPOLYLOOP((#11497,#11496,#11500));
#11580= IFCFACEOUTERBOUND(#11579,.T.);
#11581= IFCFACE((#11580));
#11582= IFCPOLYLOOP((#11497,#11500,#11499));
#11583= IFCFACEOUTERBOUND(#11582,.T.);
#11584= IFCFACE((#11583));
#11585= IFCPOLYLOOP((#11496,#11502,#11503));
#11586= IFCFACEOUTERBOUND(#11585,.T.);
#11587= IFCFACE((#11586));
#11588= IFCPOLYLOOP((#11496,#11503,#11500));
#11589= IFCFACEOUTERBOUND(#11588,.T.);
#11590= IFCFACE((#11589));
#11591= IFCPOLYLOOP((#11502,#11501,#11504));
#11592= IFCFACEOUTERBOUND(#11591,.T.);
#11593= IFCFACE((#11592));
#11594= IFCPOLYLOOP((#11502,#11504,#11503));
#11595= IFCFACEOUTERBOUND(#11594,.T.);
#11596= IFCFACE((#11595));
#11597= IFCPOLYLOOP((#11501,#11505,#11508));
#11598= IFCFACEOUTERBOUND(#11597,.T.);
#11599= IFCFACE((#11598));
#11600= IFCPOLYLOOP((#11501,#11508,#11504));
#11601= IFCFACEOUTERBOUND(#11600,.T.);
#11602= IFCFACE((#11601));
#11603= IFCPOLYLOOP((#11505,#11507,#11509));
#11604= IFCFACEOUTERBOUND(#11603,.T.);
#11605= IFCFACE((#11604));
#11606= IFCPOLYLOOP((#11505,#11509,#11508));
#11607= IFCFACEOUTERBOUND(#11606,.T.);
#11608= IFCFACE((#11607));
#11609= IFCPOLYLOOP((#11507,#11506,#11510));
#11610= IFCFACEOUTERBOUND(#11609,.T.);
#11611= IFCFACE((#11610));
#11612= IFCPOLYLOOP((#11507,#11510,#11509));
#11613= IFCFACEOUTERBOUND(#11612,.T.);
#11614= IFCFACE((#11613));
#11615= IFCPOLYLOOP((#11506,#11511,#11512));
#11616= IFCFACEOUTERBOUND(#11615,.T.);
#11617= IFCFACE((#11616));
#11618= IFCPOLYLOOP((#11506,#11512,#11510));
#11619= IFCFACEOUTERBOUND(#11618,.T.);
#11620= IFCFACE((#11619));
#11621= IFCPOLYLOOP((#11511,#11514,#11515));
#11622= IFCFACEOUTERBOUND(#11621,.T.);
#11623= IFCFACE((#11622));
#11624= IFCPOLYLOOP((#11511,#11515,#11512));
#11625= IFCFACEOUTERBOUND(#11624,.T.);
#11626= IFCFACE((#11625));
#11627= IFCPOLYLOOP((#11514,#11513,#11516));
#11628= IFCFACEOUTERBOUND(#11627,.T.);
#11629= IFCFACE((#11628));
#11630= IFCPOLYLOOP((#11514,#11516,#11515));
#11631= IFCFACEOUTERBOUND(#11630,.T.);
#11632= IFCFACE((#11631));
#11633= IFCPOLYLOOP((#11513,#11517,#11518));
#11634= IFCFACEOUTERBOUND(#11633,.T.);
#11635= IFCFACE((#11634));
#11636= IFCPOLYLOOP((#11513,#11518,#11516));
#11637= IFCFACEOUTERBOUND(#11636,.T.);
#11638= IFCFACE((#11637));
#11639= IFCPOLYLOOP((#11517,#11495,#11498));
#11640= IFCFACEOUTERBOUND(#11639,.T.);
#11641= IFCFACE((#11640));
#11642= IFCPOLYLOOP((#11517,#11498,#11518));
#11643= IFCFACEOUTERBOUND(#11642,.T.);
#11644= IFCFACE((#11643));
#11645= IFCPOLYLOOP((#11495,#11497,#11499));
#11646= IFCFACEOUTERBOUND(#11645,.T.);
#11647= IFCFACE((#11646));
#11648= IFCPOLYLOOP((#11495,#11499,#11498));
#11649= IFCFACEOUTERBOUND(#11648,.T.);
#11650= IFCFACE((#11649));
#11651= IFCCLOSEDSHELL((#11521,#11524,#11527,#11530,#11533,#11536,#11539,#11542,#11545,#11548,#11551,#11554,#11557,#11560,#11563,#11566,#11569,#11572,#11575,#11578,#11581,#11584,#11587,#11590,#11593,#11596,#11599,#11602,#11605,#11608,#11611,#11614,#11617,#11620,#11623,#11626,#11629,#11632,#11635,#11638,#11641,#11644,#11647,#11650));
#11652= IFCFACETEDBREP(#11651);
#11653= IFCCARTESIANPOINT((30.,50.));
#11654= IFCCARTESIANPOINT((36.,50.));
#11655= IFCPOLYLINE((#11653,#11654));
#11656= IFCSHAPEREPRESENTATION(#11,'Axis','Curve2D',(#11655));
#11657= IFCSHAPEREPRESENTATION(#10,'Body','Brep',(#11652));
#11658= IFCLOCALPLACEMENT(#174,#7);
#11659= IFCPRODUCTDEFINITIONSHAPE($,$,(#11656,#11657));
#11660= IFCBEAM('1WKBXlJ9sqX1v1qRR2IOWA',#5,'b-incline',$,$,#11658,#11659,'b-incline');
#11661= IFCCARTESIANPOINT((40.15701274,29.925,2.7107));
#11662= IFCCARTESIANPOINT((40.15701274,30.075,2.7));
#11663= IFCCARTESIANPOINT((40.15701274,29.925,2.7));
#11664= IFCCARTESIANPOINT((45.84298726,29.925,2.7107));
#11665= IFCCARTESIANPOINT((45.84298726,29.925,2.7));
#11666= IFCCARTESIANPOINT((45.84298726,30.075,2.7));
#11667= IFCCARTESIANPOINT((40.15701274,30.00355,2.7107));
#11668= IFCCARTESIANPOINT((40.15701274,30.075,2.7107));
#11669= IFCCARTESIANPOINT((45.84298726,30.075,2.7107));
#11670= IFCCARTESIANPOINT((45.84298726,30.00355,2.7107));
#11671= IFCCARTESIANPOINT((40.15701274,30.00355,2.9893));
#11672= IFCCARTESIANPOINT((40.15701274,30.075,3.));
#11673= IFCCARTESIANPOINT((40.15701274,30.075,2.9893));
#11674= IFCCARTESIANPOINT((45.84298726,30.00355,2.9893));
#11675= IFCCARTESIANPOINT((45.84298726,30.075,2.9893));
#11676= IFCCARTESIANPOINT((45.84298726,30.075,3.));
#11677= IFCCARTESIANPOINT((40.15701274,29.925,3.));
#11678= IFCCARTESIANPOINT((45.84298726,29.925,3.));
#11679= IFCCARTESIANPOINT((40.15701274,29.99645,2.9893));
#11680= IFCCARTESIANPOINT((40.15701274,29.925,2.9893));
#11681= IFCCARTESIANPOINT((45.84298726,29.925,2.9893));
#11682= IFCCARTESIANPOINT((45.84298726,29.99645,2.9893));
#11683= IFCCARTESIANPOINT((40.15701274,29.99645,2.7107));
#11684= IFCCARTESIANPOINT((45.84298726,29.99645,2.7107));
#11685= IFCPOLYLOOP((#11661,#11662,#11663));
#11686= IFCFACEOUTERBOUND(#11685,.T.);
#11687= IFCFACE((#11686));
#11688= IFCPOLYLOOP((#11664,#11665,#11666));
#11689= IFCFACEOUTERBOUND(#11688,.T.);
#11690= IFCFACE((#11689));
#11691= IFCPOLYLOOP((#11662,#11667,#11668));
#11692= IFCFACEOUTERBOUND(#11691,.T.);
#11693= IFCFACE((#11692));
#11694= IFCPOLYLOOP((#11666,#11669,#11670));
#11695= IFCFACEOUTERBOUND(#11694,.T.);
#11696= IFCFACE((#11695));
#11697= IFCPOLYLOOP((#11671,#11672,#11673));
#11698= IFCFACEOUTERBOUND(#11697,.T.);
#11699= IFCFACE((#11698));
#11700= IFCPOLYLOOP((#11674,#11675,#11676));
#11701= IFCFACEOUTERBOUND(#11700,.T.);
#11702= IFCFACE((#11701));
#11703= IFCPOLYLOOP((#11671,#11677,#11672));
#11704= IFCFACEOUTERBOUND(#11703,.T.);
#11705= IFCFACE((#11704));
#11706= IFCPOLYLOOP((#11674,#11676,#11678));
#11707= IFCFACEOUTERBOUND(#11706,.T.);
#11708= IFCFACE((#11707));
#11709= IFCPOLYLOOP((#11677,#11679,#11680));
#11710= IFCFACEOUTERBOUND(#11709,.T.);
#11711= IFCFACE((#11710));
#11712= IFCPOLYLOOP((#11678,#11681,#11682));
#11713= IFCFACEOUTERBOUND(#11712,.T.);
#11714= IFCFACE((#11713));
#11715= IFCPOLYLOOP((#11683,#11662,#11661));
#11716= IFCFACEOUTERBOUND(#11715,.T.);
#11717= IFCFACE((#11716));
#11718= IFCPOLYLOOP((#11684,#11664,#11666));
#11719= IFCFACEOUTERBOUND(#11718,.T.);
#11720= IFCFACE((#11719));
#11721= IFCPOLYLOOP((#11683,#11667,#11662));
#11722= IFCFACEOUTERBOUND(#11721,.T.);
#11723= IFCFACE((#11722));
#11724= IFCPOLYLOOP((#11684,#11666,#11670));
#11725= IFCFACEOUTERBOUND(#11724,.T.);
#11726= IFCFACE((#11725));
#11727= IFCPOLYLOOP((#11683,#11671,#11667));
#11728= IFCFACEOUTERBOUND(#11727,.T.);
#11729= IFCFACE((#11728));
#11730= IFCPOLYLOOP((#11684,#11670,#11674));
#11731= IFCFACEOUTERBOUND(#11730,.T.);
#11732= IFCFACE((#11731));
#11733= IFCPOLYLOOP((#11671,#11679,#11677));
#11734= IFCFACEOUTERBOUND(#11733,.T.);
#11735= IFCFACE((#11734));
#11736= IFCPOLYLOOP((#11674,#11678,#11682));
#11737= IFCFACEOUTERBOUND(#11736,.T.);
#11738= IFCFACE((#11737));
#11739= IFCPOLYLOOP((#11671,#11683,#11679));
#11740= IFCFACEOUTERBOUND(#11739,.T.);
#11741= IFCFACE((#11740));
#11742= IFCPOLYLOOP((#11674,#11682,#11684));
#11743= IFCFACEOUTERBOUND(#11742,.T.);
#11744= IFCFACE((#11743));
#11745= IFCPOLYLOOP((#11663,#11662,#11666));
#11746= IFCFACEOUTERBOUND(#11745,.T.);
#11747= IFCFACE((#11746));
#11748= IFCPOLYLOOP((#11663,#11666,#11665));
#11749= IFCFACEOUTERBOUND(#11748,.T.);
#11750= IFCFACE((#11749));
#11751= IFCPOLYLOOP((#11662,#11668,#11669));
#11752= IFCFACEOUTERBOUND(#11751,.T.);
#11753= IFCFACE((#11752));
#11754= IFCPOLYLOOP((#11662,#11669,#11666));
#11755= IFCFACEOUTERBOUND(#11754,.T.);
#11756= IFCFACE((#11755));
#11757= IFCPOLYLOOP((#11668,#11667,#11670));
#11758= IFCFACEOUTERBOUND(#11757,.T.);
#11759= IFCFACE((#11758));
#11760= IFCPOLYLOOP((#11668,#11670,#11669));
#11761= IFCFACEOUTERBOUND(#11760,.T.);
#11762= IFCFACE((#11761));
#11763= IFCPOLYLOOP((#11667,#11671,#11674));
#11764= IFCFACEOUTERBOUND(#11763,.T.);
#11765= IFCFACE((#11764));
#11766= IFCPOLYLOOP((#11667,#11674,#11670));
#11767= IFCFACEOUTERBOUND(#11766,.T.);
#11768= IFCFACE((#11767));
#11769= IFCPOLYLOOP((#11671,#11673,#11675));
#11770= IFCFACEOUTERBOUND(#11769,.T.);
#11771= IFCFACE((#11770));
#11772= IFCPOLYLOOP((#11671,#11675,#11674));
#11773= IFCFACEOUTERBOUND(#11772,.T.);
#11774= IFCFACE((#11773));
#11775= IFCPOLYLOOP((#11673,#11672,#11676));
#11776= IFCFACEOUTERBOUND(#11775,.T.);
#11777= IFCFACE((#11776));
#11778= IFCPOLYLOOP((#11673,#11676,#11675));
#11779= IFCFACEOUTERBOUND(#11778,.T.);
#11780= IFCFACE((#11779));
#11781= IFCPOLYLOOP((#11672,#11677,#11678));
#11782= IFCFACEOUTERBOUND(#11781,.T.);
#11783= IFCFACE((#11782));
#11784= IFCPOLYLOOP((#11672,#11678,#11676));
#11785= IFCFACEOUTERBOUND(#11784,.T.);
#11786= IFCFACE((#11785));
#11787= IFCPOLYLOOP((#11677,#11680,#11681));
#11788= IFCFACEOUTERBOUND(#11787,.T.);
#11789= IFCFACE((#11788));
#11790= IFCPOLYLOOP((#11677,#11681,#11678));
#11791= IFCFACEOUTERBOUND(#11790,.T.);
#11792= IFCFACE((#11791));
#11793= IFCPOLYLOOP((#11680,#11679,#11682));
#11794= IFCFACEOUTERBOUND(#11793,.T.);
#11795= IFCFACE((#11794));
#11796= IFCPOLYLOOP((#11680,#11682,#11681));
#11797= IFCFACEOUTERBOUND(#11796,.T.);
#11798= IFCFACE((#11797));
#11799= IFCPOLYLOOP((#11679,#11683,#11684));
#11800= IFCFACEOUTERBOUND(#11799,.T.);
#11801= IFCFACE((#11800));
#11802= IFCPOLYLOOP((#11679,#11684,#11682));
#11803= IFCFACEOUTERBOUND(#11802,.T.);
#11804= IFCFACE((#11803));
#11805= IFCPOLYLOOP((#11683,#11661,#11664));
#11806= IFCFACEOUTERBOUND(#11805,.T.);
#11807= IFCFACE((#11806));
#11808= IFCPOLYLOOP((#11683,#11664,#11684));
#11809= IFCFACEOUTERBOUND(#11808,.T.);
#11810= IFCFACE((#11809));
#11811= IFCPOLYLOOP((#11661,#11663,#11665));
#11812= IFCFACEOUTERBOUND(#11811,.T.);
#11813= IFCFACE((#11812));
#11814= IFCPOLYLOOP((#11661,#11665,#11664));
#11815= IFCFACEOUTERBOUND(#11814,.T.);
#11816= IFCFACE((#11815));
#11817= IFCCLOSEDSHELL((#11687,#11690,#11693,#11696,#11699,#11702,#11705,#11708,#11711,#11714,#11717,#11720,#11723,#11726,#11729,#11732,#11735,#11738,#11741,#11744,#11747,#11750,#11753,#11756,#11759,#11762,#11765,#11768,#11771,#11774,#11777,#11780,#11783,#11786,#11789,#11792,#11795,#11798,#11801,#11804,#11807,#11810,#11813,#11816));
#11818= IFCFACETEDBREP(#11817);
#11819= IFCCARTESIANPOINT((40.,30.));
#11820= IFCCARTESIANPOINT((46.,30.));
#11821= IFCPOLYLINE((#11819,#11820));
#11822= IFCSHAPEREPRESENTATION(#11,'Axis','Curve2D',(#11821));
#11823= IFCSHAPEREPRESENTATION(#10,'Body','Brep',(#11818));
#11824= IFCLOCALPLACEMENT(#174,#7);
#11825= IFCPRODUCTDEFINITIONSHAPE($,$,(#11822,#11823));
#11826= IFCBEAM('3PIZFkgogVAWoQuOGn3gij',#5,'b-joined',$,$,#11824,#11825,'b-joined');
#11827= IFCLOCALPLACEMENT(#172,#7);
#11828= IFCCARTESIANPOINT((8.,2.,-0.05));
#11829= IFCCARTESIANPOINT((10.,0.,-0.150083417));
#11830= IFCCARTESIANPOINT((8.,0.,-0.05));
#11831= IFCCARTESIANPOINT((8.,2.,0.));
#11832= IFCCARTESIANPOINT((8.,0.,0.));
#11833= IFCCARTESIANPOINT((10.,0.,-0.100083417));
#11834= IFCCARTESIANPOINT((10.,2.,-0.150083417));
#11835= IFCCARTESIANPOINT((10.,2.,-0.100083417));
#11836= IFCCARTESIANPOINT((8.,2.,-0.25));
#11837= IFCCARTESIANPOINT((10.,0.,-0.350083417));
#11838= IFCCARTESIANPOINT((8.,0.,-0.25));
#11839= IFCCARTESIANPOINT((10.,2.,-0.350083417));
#11840= IFCPOLYLOOP((#11828,#11829,#11830));
#11841= IFCFACEOUTERBOUND(#11840,.T.);
#11842= IFCFACE((#11841));
#11843= IFCPOLYLOOP((#11831,#11832,#11833));
#11844= IFCFACEOUTERBOUND(#11843,.T.);
#11845= IFCFACE((#11844));
#11846= IFCPOLYLOOP((#11828,#11834,#11829));
#11847= IFCFACEOUTERBOUND(#11846,.T.);
#11848= IFCFACE((#11847));
#11849= IFCPOLYLOOP((#11831,#11833,#11835));
#11850= IFCFACEOUTERBOUND(#11849,.T.);
#11851= IFCFACE((#11850));
#11852= IFCPOLYLOOP((#11830,#11829,#11833));
#11853= IFCFACEOUTERBOUND(#11852,.T.);
#11854= IFCFACE((#11853));
#11855= IFCPOLYLOOP((#11830,#11833,#11832));
#11856= IFCFACEOUTERBOUND(#11855,.T.);
#11857= IFCFACE((#11856));
#11858= IFCPOLYLOOP((#11829,#11834,#11835));
#11859= IFCFACEOUTERBOUND(#11858,.T.);
#11860= IFCFACE((#11859));
#11861= IFCPOLYLOOP((#11829,#11835,#11833));
#11862= IFCFACEOUTERBOUND(#11861,.T.);
#11863= IFCFACE((#11862));
#11864= IFCPOLYLOOP((#11834,#11828,#11831));
#11865= IFCFACEOUTERBOUND(#11864,.T.);
#11866= IFCFACE((#11865));
#11867= IFCPOLYLOOP((#11834,#11831,#11835));
#11868= IFCFACEOUTERBOUND(#11867,.T.);
#11869= IFCFACE((#11868));
#11870= IFCPOLYLOOP((#11828,#11830,#11832));
#11871= IFCFACEOUTERBOUND(#11870,.T.);
#11872= IFCFACE((#11871));
#11873= IFCPOLYLOOP((#11828,#11832,#11831));
#11874= IFCFACEOUTERBOUND(#11873,.T.);
#11875= IFCFACE((#11874));
#11876= IFCPOLYLOOP((#11836,#11837,#11838));
#11877= IFCFACEOUTERBOUND(#11876,.T.);
#11878= IFCFACE((#11877));
#11879= IFCPOLYLOOP((#11828,#11830,#11829));
#11880= IFCFACEOUTERBOUND(#11879,.T.);
#11881= IFCFACE((#11880));
#11882= IFCPOLYLOOP((#11836,#11839,#11837));
#11883= IFCFACEOUTERBOUND(#11882,.T.);
#11884= IFCFACE((#11883));
#11885= IFCPOLYLOOP((#11828,#11829,#11834));
#11886= IFCFACEOUTERBOUND(#11885,.T.);
#11887= IFCFACE((#11886));
#11888= IFCPOLYLOOP((#11838,#11837,#11829));
#11889= IFCFACEOUTERBOUND(#11888,.T.);
#11890= IFCFACE((#11889));
#11891= IFCPOLYLOOP((#11838,#11829,#11830));
#11892= IFCFACEOUTERBOUND(#11891,.T.);
#11893= IFCFACE((#11892));
#11894= IFCPOLYLOOP((#11837,#11839,#11834));
#11895= IFCFACEOUTERBOUND(#11894,.T.);
#11896= IFCFACE((#11895));
#11897= IFCPOLYLOOP((#11837,#11834,#11829));
#11898= IFCFACEOUTERBOUND(#11897,.T.);
#11899= IFCFACE((#11898));
#11900= IFCPOLYLOOP((#11839,#11836,#11828));
#11901= IFCFACEOUTERBOUND(#11900,.T.);
#11902= IFCFACE((#11901));
#11903= IFCPOLYLOOP((#11839,#11828,#11834));
#11904= IFCFACEOUTERBOUND(#11903,.T.);
#11905= IFCFACE((#11904));
#11906= IFCPOLYLOOP((#11836,#11838,#11830));
#11907= IFCFACEOUTERBOUND(#11906,.T.);
#11908= IFCFACE((#11907));
#11909= IFCPOLYLOOP((#11836,#11830,#11828));
#11910= IFCFACEOUTERBOUND(#11909,.T.);
#11911= IFCFACE((#11910));
#11912= IFCCLOSEDSHELL((#11842,#11845,#11848,#11851,#11854,#11857,#11860,#11863,#11866,#11869,#11872,#11875,#11878,#11881,#11884,#11887,#11890,#11893,#11896,#11899,#11902,#11905,#11908,#11911));
#11913= IFCFACETEDBREP(#11912);
#11914= IFCSHAPEREPRESENTATION(#10,'Body','Brep',(#11913));
#11915= IFCPRODUCTDEFINITIONSHAPE($,$,(#11914));
#11916= IFCSLAB('1QYvr_GKlDaOpLV9SNtWoj',#5,'Balcony',$,$,#11827,#11915,'sl-balcony',.FLOOR.);
#11917= IFCMATERIALLAYERSETUSAGE(#89,.AXIS3.,.NEGATIVE.,0.25);
#11918= IFCCARTESIANPOINT((0.,0.,-0.25));
#11919= IFCAXIS2PLACEMENT3D(#11918,$,$);
#11920= IFCLOCALPLACEMENT(#172,#11919);
#11921= IFCPOLYLINE((#232,#217,#218,#259,#232));
#11922= IFCARBITRARYCLOSEDPROFILEDEF(.AREA.,$,#11921);
#11923= IFCEXTRUDEDAREASOLID(#11922,#7,#161,0.25);
#11924= IFCSHAPEREPRESENTATION(#10,'Body','SweptSolid',(#11923));
#11925= IFCPRODUCTDEFINITIONSHAPE($,$,(#11924));
#11926= IFCSLAB('13mWDkF7YQVLrGrewYCBeb',#5,'First slab',$,$,#11920,#11925,'sl-first',.FLOOR.);
#11927= IFCMATERIALLAYERSETUSAGE(#89,.AXIS3.,.NEGATIVE.,0.25);
#11928= IFCLOCALPLACEMENT(#174,#11919);
#11929= IFCPOLYLINE((#232,#217,#218,#259,#232));
#11930= IFCCARTESIANPOINT((5.5,4.));
#11931= IFCCARTESIANPOINT((5.5,5.));
#11932= IFCCARTESIANPOINT((6.5,5.));
#11933= IFCCARTESIANPOINT((6.5,4.));
#11934= IFCPOLYLINE((#11930,#11931,#11932,#11933,#11930));
#11935= IFCARBITRARYPROFILEDEFWITHVOIDS(.AREA.,$,#11929,(#11934));
#11936= IFCEXTRUDEDAREASOLID(#11935,#7,#161,0.25);
#11937= IFCSHAPEREPRESENTATION(#10,'Body','SweptSolid',(#11936));
#11938= IFCPRODUCTDEFINITIONSHAPE($,$,(#11937));
#11939= IFCSLAB('3W6C3EGWYPZ105oXKQfyAK',#5,'Ground slab',$,$,#11928,#11938,'sl-ground',.FLOOR.);
#11940= IFCMATERIALLAYERSETUSAGE(#89,.AXIS3.,.NEGATIVE.,0.25);
#11941= IFCLOCALPLACEMENT(#178,#7);
#11942= IFCROOF('3U4czFd0KGdZrGE6bgsmwM',#5,'Roof',$,$,#11941,$,'r-1',.GABLE_ROOF.);
#11943= IFCCARTESIANPOINT((-0.299999982,3.,2.542798216));
#11944= IFCCARTESIANPOINT((-0.3,-0.3,0.74));
#11945= IFCCARTESIANPOINT((8.3,-0.3,0.74));
#11946= IFCCARTESIANPOINT((8.3,-0.3,0.7));
#11947= IFCCARTESIANPOINT((-0.3,-0.3,0.7));
#11948= IFCCARTESIANPOINT((-0.299999982,3.,2.502798216));
#11949= IFCCARTESIANPOINT((8.299999982,3.,2.542798216));
#11950= IFCCARTESIANPOINT((8.299999982,3.,2.502798216));
#11951= IFCCARTESIANPOINT((8.3,6.3,0.74));
#11952= IFCCARTESIANPOINT((-0.3,6.3,0.74));
#11953= IFCCARTESIANPOINT((-0.3,6.3,0.7));
#11954= IFCCARTESIANPOINT((8.3,6.3,0.7));
#11955= IFCPOLYLOOP((#11943,#11944,#11945));
#11956= IFCFACEOUTERBOUND(#11955,.T.);
#11957= IFCFACE((#11956));
#11958= IFCPOLYLOOP((#11946,#11947,#11948));
#11959= IFCFACEOUTERBOUND(#11958,.T.);
#11960= IFCFACE((#11959));
#11961= IFCPOLYLOOP((#11943,#11945,#11949));
#11962= IFCFACEOUTERBOUND(#11961,.T.);
#11963= IFCFACE((#11962));
#11964= IFCPOLYLOOP((#11950,#11946,#11948));
#11965= IFCFACEOUTERBOUND(#11964,.T.);
#11966= IFCFACE((#11965));
#11967= IFCPOLYLOOP((#11949,#11951,#11952));
#11968= IFCFACEOUTERBOUND(#11967,.T.);
#11969= IFCFACE((#11968));
#11970= IFCPOLYLOOP((#11953,#11954,#11950));
#11971= IFCFACEOUTERBOUND(#11970,.T.);
#11972= IFCFACE((#11971));
#11973= IFCPOLYLOOP((#11949,#11952,#11943));
#11974= IFCFACEOUTERBOUND(#11973,.T.);
#11975= IFCFACE((#11974));
#11976= IFCPOLYLOOP((#11948,#11953,#11950));
#11977= IFCFACEOUTERBOUND(#11976,.T.);
#11978= IFCFACE((#11977));
#11979= IFCPOLYLOOP((#11944,#11947,#11946));
#11980= IFCFACEOUTERBOUND(#11979,.T.);
#11981= IFCFACE((#11980));
#11982= IFCPOLYLOOP((#11944,#11946,#11945));
#11983= IFCFACEOUTERBOUND(#11982,.T.);
#11984= IFCFACE((#11983));
#11985= IFCPOLYLOOP((#11952,#11953,#11948));
#11986= IFCFACEOUTERBOUND(#11985,.T.);
#11987= IFCFACE((#11986));
#11988= IFCPOLYLOOP((#11952,#11948,#11943));
#11989= IFCFACEOUTERBOUND(#11988,.T.);
#11990= IFCFACE((#11989));
#11991= IFCPOLYLOOP((#11943,#11948,#11947));
#11992= IFCFACEOUTERBOUND(#11991,.T.);
#11993= IFCFACE((#11992));
#11994= IFCPOLYLOOP((#11943,#11947,#11944));
#11995= IFCFACEOUTERBOUND(#11994,.T.);
#11996= IFCFACE((#11995));
#11997= IFCPOLYLOOP((#11949,#11950,#11954));
#11998= IFCFACEOUTERBOUND(#11997,.T.);
#11999= IFCFACE((#11998));
#12000= IFCPOLYLOOP((#11949,#11954,#11951));
#12001= IFCFACEOUTERBOUND(#12000,.T.);
#12002= IFCFACE((#12001));
#12003= IFCPOLYLOOP((#11945,#11946,#11950));
#12004= IFCFACEOUTERBOUND(#12003,.T.);
#12005= IFCFACE((#12004));
#12006= IFCPOLYLOOP((#11945,#11950,#11949));
#12007= IFCFACEOUTERBOUND(#12006,.T.);
#12008= IFCFACE((#12007));
#12009= IFCPOLYLOOP((#11951,#11954,#11953));
#12010= IFCFACEOUTERBOUND(#12009,.T.);
#12011= IFCFACE((#12010));
#12012= IFCPOLYLOOP((#11951,#11953,#11952));
#12013= IFCFACEOUTERBOUND(#12012,.T.);
#12014= IFCFACE((#12013));
#12015= IFCCLOSEDSHELL((#11957,#11960,#11963,#11966,#11969,#11972,#11975,#11978,#11981,#11984,#11987,#11990,#11993,#11996,#11999,#12002,#12005,#12008,#12011,#12014));
#12016= IFCFACETEDBREP(#12015);
#12017= IFCSHAPEREPRESENTATION(#10,'Body','Brep',(#12016));
#12018= IFCPRODUCTDEFINITIONSHAPE($,$,(#12017));
#12019= IFCLOCALPLACEMENT(#178,#7);
#12020= IFCSLAB('1Kx2t8NTqlxW5$pzq0T3zk',#5,'Roof',$,$,#12019,#12018,'r-1:layer0',.ROOF.);
#12021= IFCCARTESIANPOINT((8.3,-0.3,0.5));
#12022= IFCCARTESIANPOINT((-0.3,-0.3,0.5));
#12023= IFCCARTESIANPOINT((-0.299999982,3.,2.302798216));
#12024= IFCCARTESIANPOINT((8.299999982,3.,2.302798216));
#12025= IFCCARTESIANPOINT((-0.3,6.3,0.5));
#12026= IFCCARTESIANPOINT((8.3,6.3,0.5));
#12027= IFCPOLYLOOP((#11948,#11947,#11946));
#12028= IFCFACEOUTERBOUND(#12027,.T.);
#12029= IFCFACE((#12028));
#12030= IFCPOLYLOOP((#12021,#12022,#12023));
#12031= IFCFACEOUTERBOUND(#12030,.T.);
#12032= IFCFACE((#12031));
#12033= IFCPOLYLOOP((#11948,#11946,#11950));
#12034= IFCFACEOUTERBOUND(#12033,.T.);
#12035= IFCFACE((#12034));
#12036= IFCPOLYLOOP((#12024,#12021,#12023));
#12037= IFCFACEOUTERBOUND(#12036,.T.);
#12038= IFCFACE((#12037));
#12039= IFCPOLYLOOP((#11950,#11954,#11953));
#12040= IFCFACEOUTERBOUND(#12039,.T.);
#12041= IFCFACE((#12040));
#12042= IFCPOLYLOOP((#12025,#12026,#12024));
#12043= IFCFACEOUTERBOUND(#12042,.T.);
#12044= IFCFACE((#12043));
#12045= IFCPOLYLOOP((#11950,#11953,#11948));
#12046= IFCFACEOUTERBOUND(#12045,.T.);
#12047= IFCFACE((#12046));
#12048= IFCPOLYLOOP((#12023,#12025,#12024));
#12049= IFCFACEOUTERBOUND(#12048,.T.);
#12050= IFCFACE((#12049));
#12051= IFCPOLYLOOP((#11947,#12022,#12021));
#12052= IFCFACEOUTERBOUND(#12051,.T.);
#12053= IFCFACE((#12052));
#12054= IFCPOLYLOOP((#11947,#12021,#11946));
#12055= IFCFACEOUTERBOUND(#12054,.T.);
#12056= IFCFACE((#12055));
#12057= IFCPOLYLOOP((#11953,#12025,#12023));
#12058= IFCFACEOUTERBOUND(#12057,.T.);
#12059= IFCFACE((#12058));
#12060= IFCPOLYLOOP((#11953,#12023,#11948));
#12061= IFCFACEOUTERBOUND(#12060,.T.);
#12062= IFCFACE((#12061));
#12063= IFCPOLYLOOP((#11948,#12023,#12022));
#12064= IFCFACEOUTERBOUND(#12063,.T.);
#12065= IFCFACE((#12064));
#12066= IFCPOLYLOOP((#11948,#12022,#11947));
#12067= IFCFACEOUTERBOUND(#12066,.T.);
#12068= IFCFACE((#12067));
#12069= IFCPOLYLOOP((#11950,#12024,#12026));
#12070= IFCFACEOUTERBOUND(#12069,.T.);
#12071= IFCFACE((#12070));
#12072= IFCPOLYLOOP((#11950,#12026,#11954));
#12073= IFCFACEOUTERBOUND(#12072,.T.);
#12074= IFCFACE((#12073));
#12075= IFCPOLYLOOP((#11946,#12021,#12024));
#12076= IFCFACEOUTERBOUND(#12075,.T.);
#12077= IFCFACE((#12076));
#12078= IFCPOLYLOOP((#11946,#12024,#11950));
#12079= IFCFACEOUTERBOUND(#12078,.T.);
#12080= IFCFACE((#12079));
#12081= IFCPOLYLOOP((#11954,#12026,#12025));
#12082= IFCFACEOUTERBOUND(#12081,.T.);
#12083= IFCFACE((#12082));
#12084= IFCPOLYLOOP((#11954,#12025,#11953));
#12085= IFCFACEOUTERBOUND(#12084,.T.);
#12086= IFCFACE((#12085));
#12087= IFCCLOSEDSHELL((#12029,#12032,#12035,#12038,#12041,#12044,#12047,#12050,#12053,#12056,#12059,#12062,#12065,#12068,#12071,#12074,#12077,#12080,#12083,#12086));
#12088= IFCFACETEDBREP(#12087);
#12089= IFCSHAPEREPRESENTATION(#10,'Body','Brep',(#12088));
#12090= IFCPRODUCTDEFINITIONSHAPE($,$,(#12089));
#12091= IFCLOCALPLACEMENT(#178,#7);
#12092= IFCSLAB('2bV_4AOuZ7$bWmKHRdErem',#5,'Roof',$,$,#12091,#12090,'r-1:layer1',.ROOF.);
#12093= IFCLOCALPLACEMENT(#174,#7);
#12094= IFCSTAIR('0_sWgOEjGzQ$kg9dLueelo',#5,'Stair 1',$,$,#12093,$,'s-1',.STRAIGHT_RUN_STAIR.);
#12095= IFCCARTESIANPOINT((1.,1.5,0.136470588));
#12096= IFCCARTESIANPOINT((1.27,0.5,0.136470588));
#12097= IFCCARTESIANPOINT((1.,0.5,0.136470588));
#12098= IFCCARTESIANPOINT((1.,1.5,0.176470588));
#12099= IFCCARTESIANPOINT((1.,0.5,0.176470588));
#12100= IFCCARTESIANPOINT((1.27,0.5,0.176470588));
#12101= IFCCARTESIANPOINT((1.27,1.5,0.136470588));
#12102= IFCCARTESIANPOINT((1.27,1.5,0.176470588));
#12103= IFCCARTESIANPOINT((1.27,1.5,0.312941176));
#12104= IFCCARTESIANPOINT((1.54,0.5,0.312941176));
#12105= IFCCARTESIANPOINT((1.27,0.5,0.312941176));
#12106= IFCCARTESIANPOINT((1.27,1.5,0.352941176));
#12107= IFCCARTESIANPOINT((1.27,0.5,0.352941176));
#12108= IFCCARTESIANPOINT((1.54,0.5,0.352941176));
#12109= IFCCARTESIANPOINT((1.54,1.5,0.312941176));
#12110= IFCCARTESIANPOINT((1.54,1.5,0.352941176));
#12111= IFCCARTESIANPOINT((1.54,1.5,0.489411765));
#12112= IFCCARTESIANPOINT((1.81,0.5,0.489411765));
#12113= IFCCARTESIANPOINT((1.54,0.5,0.489411765));
#12114= IFCCARTESIANPOINT((1.54,1.5,0.529411765));
#12115= IFCCARTESIANPOINT((1.54,0.5,0.529411765));
#12116= IFCCARTESIANPOINT((1.81,0.5,0.529411765));
#12117= IFCCARTESIANPOINT((1.81,1.5,0.489411765));
#12118= IFCCARTESIANPOINT((1.81,1.5,0.529411765));
#12119= IFCCARTESIANPOINT((1.81,1.5,0.665882353));
#12120= IFCCARTESIANPOINT((2.08,0.5,0.665882353));
#12121= IFCCARTESIANPOINT((1.81,0.5,0.665882353));
#12122= IFCCARTESIANPOINT((1.81,1.5,0.705882353));
#12123= IFCCARTESIANPOINT((1.81,0.5,0.705882353));
#12124= IFCCARTESIANPOINT((2.08,0.5,0.705882353));
#12125= IFCCARTESIANPOINT((2.08,1.5,0.665882353));
#12126= IFCCARTESIANPOINT((2.08,1.5,0.705882353));
#12127= IFCCARTESIANPOINT((2.08,1.5,0.842352941));
#12128= IFCCARTESIANPOINT((2.35,0.5,0.842352941));
#12129= IFCCARTESIANPOINT((2.08,0.5,0.842352941));
#12130= IFCCARTESIANPOINT((2.08,1.5,0.882352941));
#12131= IFCCARTESIANPOINT((2.08,0.5,0.882352941));
#12132= IFCCARTESIANPOINT((2.35,0.5,0.882352941));
#12133= IFCCARTESIANPOINT((2.35,1.5,0.842352941));
#12134= IFCCARTESIANPOINT((2.35,1.5,0.882352941));
#12135= IFCCARTESIANPOINT((2.35,1.5,1.018823529));
#12136= IFCCARTESIANPOINT((2.62,0.5,1.018823529));
#12137= IFCCARTESIANPOINT((2.35,0.5,1.018823529));
#12138= IFCCARTESIANPOINT((2.35,1.5,1.058823529));
#12139= IFCCARTESIANPOINT((2.35,0.5,1.058823529));
#12140= IFCCARTESIANPOINT((2.62,0.5,1.058823529));
#12141= IFCCARTESIANPOINT((2.62,1.5,1.018823529));
#12142= IFCCARTESIANPOINT((2.62,1.5,1.058823529));
#12143= IFCCARTESIANPOINT((2.62,1.5,1.195294118));
#12144= IFCCARTESIANPOINT((2.89,0.5,1.195294118));
#12145= IFCCARTESIANPOINT((2.62,0.5,1.195294118));
#12146= IFCCARTESIANPOINT((2.62,1.5,1.235294118));
#12147= IFCCARTESIANPOINT((2.62,0.5,1.235294118));
#12148= IFCCARTESIANPOINT((2.89,0.5,1.235294118));
#12149= IFCCARTESIANPOINT((2.89,1.5,1.195294118));
#12150= IFCCARTESIANPOINT((2.89,1.5,1.235294118));
#12151= IFCCARTESIANPOINT((2.89,1.5,1.371764706));
#12152= IFCCARTESIANPOINT((3.16,0.5,1.371764706));
#12153= IFCCARTESIANPOINT((2.89,0.5,1.371764706));
#12154= IFCCARTESIANPOINT((2.89,1.5,1.411764706));
#12155= IFCCARTESIANPOINT((2.89,0.5,1.411764706));
#12156= IFCCARTESIANPOINT((3.16,0.5,1.411764706));
#12157= IFCCARTESIANPOINT((3.16,1.5,1.371764706));
#12158= IFCCARTESIANPOINT((3.16,1.5,1.411764706));
#12159= IFCCARTESIANPOINT((3.16,1.5,1.548235294));
#12160= IFCCARTESIANPOINT((3.43,0.5,1.548235294));
#12161= IFCCARTESIANPOINT((3.16,0.5,1.548235294));
#12162= IFCCARTESIANPOINT((3.16,1.5,1.588235294));
#12163= IFCCARTESIANPOINT((3.16,0.5,1.588235294));
#12164= IFCCARTESIANPOINT((3.43,0.5,1.588235294));
#12165= IFCCARTESIANPOINT((3.43,1.5,1.548235294));
#12166= IFCCARTESIANPOINT((3.43,1.5,1.588235294));
#12167= IFCCARTESIANPOINT((3.43,1.5,1.724705882));
#12168= IFCCARTESIANPOINT((3.7,0.5,1.724705882));
#12169= IFCCARTESIANPOINT((3.43,0.5,1.724705882));
#12170= IFCCARTESIANPOINT((3.43,1.5,1.764705882));
#12171= IFCCARTESIANPOINT((3.43,0.5,1.764705882));
#12172= IFCCARTESIANPOINT((3.7,0.5,1.764705882));
#12173= IFCCARTESIANPOINT((3.7,1.5,1.724705882));
#12174= IFCCARTESIANPOINT((3.7,1.5,1.764705882));
#12175= IFCCARTESIANPOINT((3.7,1.5,1.901176471));
#12176= IFCCARTESIANPOINT((3.97,0.5,1.901176471));
#12177= IFCCARTESIANPOINT((3.7,0.5,1.901176471));
#12178= IFCCARTESIANPOINT((3.7,1.5,1.941176471));
#12179= IFCCARTESIANPOINT((3.7,0.5,1.941176471));
#12180= IFCCARTESIANPOINT((3.97,0.5,1.941176471));
#12181= IFCCARTESIANPOINT((3.97,1.5,1.901176471));
#12182= IFCCARTESIANPOINT((3.97,1.5,1.941176471));
#12183= IFCCARTESIANPOINT((3.97,1.5,2.077647059));
#12184= IFCCARTESIANPOINT((4.24,0.5,2.077647059));
#12185= IFCCARTESIANPOINT((3.97,0.5,2.077647059));
#12186= IFCCARTESIANPOINT((3.97,1.5,2.117647059));
#12187= IFCCARTESIANPOINT((3.97,0.5,2.117647059));
#12188= IFCCARTESIANPOINT((4.24,0.5,2.117647059));
#12189= IFCCARTESIANPOINT((4.24,1.5,2.077647059));
#12190= IFCCARTESIANPOINT((4.24,1.5,2.117647059));
#12191= IFCCARTESIANPOINT((4.24,1.5,2.254117647));
#12192= IFCCARTESIANPOINT((4.51,0.5,2.254117647));
#12193= IFCCARTESIANPOINT((4.24,0.5,2.254117647));
#12194= IFCCARTESIANPOINT((4.24,1.5,2.294117647));
#12195= IFCCARTESIANPOINT((4.24,0.5,2.294117647));
#12196= IFCCARTESIANPOINT((4.51,0.5,2.294117647));
#12197= IFCCARTESIANPOINT((4.51,1.5,2.254117647));
#12198= IFCCARTESIANPOINT((4.51,1.5,2.294117647));
#12199= IFCCARTESIANPOINT((4.51,1.5,2.430588235));
#12200= IFCCARTESIANPOINT((4.78,0.5,2.430588235));
#12201= IFCCARTESIANPOINT((4.51,0.5,2.430588235));
#12202= IFCCARTESIANPOINT((4.51,1.5,2.470588235));
#12203= IFCCARTESIANPOINT((4.51,0.5,2.470588235));
#12204= IFCCARTESIANPOINT((4.78,0.5,2.470588235));
#12205= IFCCARTESIANPOINT((4.78,1.5,2.430588235));
#12206= IFCCARTESIANPOINT((4.78,1.5,2.470588235));
#12207= IFCCARTESIANPOINT((4.78,1.5,2.607058824));
#12208= IFCCARTESIANPOINT((5.05,0.5,2.607058824));
#12209= IFCCARTESIANPOINT((4.78,0.5,2.607058824));
#12210= IFCCARTESIANPOINT((4.78,1.5,2.647058824));
#12211= IFCCARTESIANPOINT((4.78,0.5,2.647058824));
#12212= IFCCARTESIANPOINT((5.05,0.5,2.647058824));
#12213= IFCCARTESIANPOINT((5.05,1.5,2.607058824));
#12214= IFCCARTESIANPOINT((5.05,1.5,2.647058824));
#12215= IFCCARTESIANPOINT((5.05,1.5,2.783529412));
#12216= IFCCARTESIANPOINT((5.32,0.5,2.783529412));
#12217= IFCCARTESIANPOINT((5.05,0.5,2.783529412));
#12218= IFCCARTESIANPOINT((5.05,1.5,2.823529412));
#12219= IFCCARTESIANPOINT((5.05,0.5,2.823529412));
#12220= IFCCARTESIANPOINT((5.32,0.5,2.823529412));
#12221= IFCCARTESIANPOINT((5.32,1.5,2.783529412));
#12222= IFCCARTESIANPOINT((5.32,1.5,2.823529412));
#12223= IFCCARTESIANPOINT((1.,1.5,0.));
#12224= IFCCARTESIANPOINT((1.04,0.5,0.));
#12225= IFCCARTESIANPOINT((1.,0.5,0.));
#12226= IFCCARTESIANPOINT((1.04,0.5,0.136470588));
#12227= IFCCARTESIANPOINT((1.04,1.5,0.));
#12228= IFCCARTESIANPOINT((1.04,1.5,0.136470588));
#12229= IFCCARTESIANPOINT((1.31,0.5,0.176470588));
#12230= IFCCARTESIANPOINT((1.31,0.5,0.312941176));
#12231= IFCCARTESIANPOINT((1.31,1.5,0.176470588));
#12232= IFCCARTESIANPOINT((1.31,1.5,0.312941176));
#12233= IFCCARTESIANPOINT((1.58,0.5,0.352941176));
#12234= IFCCARTESIANPOINT((1.58,0.5,0.489411765));
#12235= IFCCARTESIANPOINT((1.58,1.5,0.352941176));
#12236= IFCCARTESIANPOINT((1.58,1.5,0.489411765));
#12237= IFCCARTESIANPOINT((1.85,0.5,0.529411765));
#12238= IFCCARTESIANPOINT((1.85,0.5,0.665882353));
#12239= IFCCARTESIANPOINT((1.85,1.5,0.529411765));
#12240= IFCCARTESIANPOINT((1.85,1.5,0.665882353));
#12241= IFCCARTESIANPOINT((2.12,0.5,0.705882353));
#12242= IFCCARTESIANPOINT((2.12,0.5,0.842352941));
#12243= IFCCARTESIANPOINT((2.12,1.5,0.705882353));
#12244= IFCCARTESIANPOINT((2.12,1.5,0.842352941));
#12245= IFCCARTESIANPOINT((2.39,0.5,0.882352941));
#12246= IFCCARTESIANPOINT((2.39,0.5,1.018823529));
#12247= IFCCARTESIANPOINT((2.39,1.5,0.882352941));
#12248= IFCCARTESIANPOINT((2.39,1.5,1.018823529));
#12249= IFCCARTESIANPOINT((2.66,0.5,1.058823529));
#12250= IFCCARTESIANPOINT((2.66,0.5,1.195294118));
#12251= IFCCARTESIANPOINT((2.66,1.5,1.058823529));
#12252= IFCCARTESIANPOINT((2.66,1.5,1.195294118));
#12253= IFCCARTESIANPOINT((2.93,0.5,1.235294118));
#12254= IFCCARTESIANPOINT((2.93,0.5,1.371764706));
#12255= IFCCARTESIANPOINT((2.93,1.5,1.235294118));
#12256= IFCCARTESIANPOINT((2.93,1.5,1.371764706));
#12257= IFCCARTESIANPOINT((3.2,0.5,1.411764706));
#12258= IFCCARTESIANPOINT((3.2,0.5,1.548235294));
#12259= IFCCARTESIANPOINT((3.2,1.5,1.411764706));
#12260= IFCCARTESIANPOINT((3.2,1.5,1.548235294));
#12261= IFCCARTESIANPOINT((3.47,0.5,1.588235294));
#12262= IFCCARTESIANPOINT((3.47,0.5,1.724705882));
#12263= IFCCARTESIANPOINT((3.47,1.5,1.588235294));
#12264= IFCCARTESIANPOINT((3.47,1.5,1.724705882));
#12265= IFCCARTESIANPOINT((3.74,0.5,1.764705882));
#12266= IFCCARTESIANPOINT((3.74,0.5,1.901176471));
#12267= IFCCARTESIANPOINT((3.74,1.5,1.764705882));
#12268= IFCCARTESIANPOINT((3.74,1.5,1.901176471));
#12269= IFCCARTESIANPOINT((4.01,0.5,1.941176471));
#12270= IFCCARTESIANPOINT((4.01,0.5,2.077647059));
#12271= IFCCARTESIANPOINT((4.01,1.5,1.941176471));
#12272= IFCCARTESIANPOINT((4.01,1.5,2.077647059));
#12273= IFCCARTESIANPOINT((4.28,0.5,2.117647059));
#12274= IFCCARTESIANPOINT((4.28,0.5,2.254117647));
#12275= IFCCARTESIANPOINT((4.28,1.5,2.117647059));
#12276= IFCCARTESIANPOINT((4.28,1.5,2.254117647));
#12277= IFCCARTESIANPOINT((4.55,0.5,2.294117647));
#12278= IFCCARTESIANPOINT((4.55,0.5,2.430588235));
#12279= IFCCARTESIANPOINT((4.55,1.5,2.294117647));
#12280= IFCCARTESIANPOINT((4.55,1.5,2.430588235));
#12281= IFCCARTESIANPOINT((4.82,0.5,2.470588235));
#12282= IFCCARTESIANPOINT((4.82,0.5,2.607058824));
#12283= IFCCARTESIANPOINT((4.82,1.5,2.470588235));
#12284= IFCCARTESIANPOINT((4.82,1.5,2.607058824));
#12285= IFCCARTESIANPOINT((5.09,0.5,2.647058824));
#12286= IFCCARTESIANPOINT((5.09,0.5,2.783529412));
#12287= IFCCARTESIANPOINT((5.09,1.5,2.647058824));
#12288= IFCCARTESIANPOINT((5.09,1.5,2.783529412));
#12289= IFCPOLYLOOP((#12095,#12096,#12097));
#12290= IFCFACEOUTERBOUND(#12289,.T.);
#12291= IFCFACE((#12290));
#12292= IFCPOLYLOOP((#12098,#12099,#12100));
#12293= IFCFACEOUTERBOUND(#12292,.T.);
#12294= IFCFACE((#12293));
#12295= IFCPOLYLOOP((#12095,#12101,#12096));
#12296= IFCFACEOUTERBOUND(#12295,.T.);
#12297= IFCFACE((#12296));
#12298= IFCPOLYLOOP((#12098,#12100,#12102));
#12299= IFCFACEOUTERBOUND(#12298,.T.);
#12300= IFCFACE((#12299));
#12301= IFCPOLYLOOP((#12097,#12096,#12100));
#12302= IFCFACEOUTERBOUND(#12301,.T.);
#12303= IFCFACE((#12302));
#12304= IFCPOLYLOOP((#12097,#12100,#12099));
#12305= IFCFACEOUTERBOUND(#12304,.T.);
#12306= IFCFACE((#12305));
#12307= IFCPOLYLOOP((#12096,#12101,#12102));
#12308= IFCFACEOUTERBOUND(#12307,.T.);
#12309= IFCFACE((#12308));
#12310= IFCPOLYLOOP((#12096,#12102,#12100));
#12311= IFCFACEOUTERBOUND(#12310,.T.);
#12312= IFCFACE((#12311));
#12313= IFCPOLYLOOP((#12101,#12095,#12098));
#12314= IFCFACEOUTERBOUND(#12313,.T.);
#12315= IFCFACE((#12314));
#12316= IFCPOLYLOOP((#12101,#12098,#12102));
#12317= IFCFACEOUTERBOUND(#12316,.T.);
#12318= IFCFACE((#12317));
#12319= IFCPOLYLOOP((#12095,#12097,#12099));
#12320= IFCFACEOUTERBOUND(#12319,.T.);
#12321= IFCFACE((#12320));
#12322= IFCPOLYLOOP((#12095,#12099,#12098));
#12323= IFCFACEOUTERBOUND(#12322,.T.);
#12324= IFCFACE((#12323));
#12325= IFCPOLYLOOP((#12103,#12104,#12105));
#12326= IFCFACEOUTERBOUND(#12325,.T.);
#12327= IFCFACE((#12326));
#12328= IFCPOLYLOOP((#12106,#12107,#12108));
#12329= IFCFACEOUTERBOUND(#12328,.T.);
#12330= IFCFACE((#12329));
#12331= IFCPOLYLOOP((#12103,#12109,#12104));
#12332= IFCFACEOUTERBOUND(#12331,.T.);
#12333= IFCFACE((#12332));
#12334= IFCPOLYLOOP((#12106,#12108,#12110));
#12335= IFCFACEOUTERBOUND(#12334,.T.);
#12336= IFCFACE((#12335));
#12337= IFCPOLYLOOP((#12105,#12104,#12108));
#12338= IFCFACEOUTERBOUND(#12337,.T.);
#12339= IFCFACE((#12338));
#12340= IFCPOLYLOOP((#12105,#12108,#12107));
#12341= IFCFACEOUTERBOUND(#12340,.T.);
#12342= IFCFACE((#12341));
#12343= IFCPOLYLOOP((#12104,#12109,#12110));
#12344= IFCFACEOUTERBOUND(#12343,.T.);
#12345= IFCFACE((#12344));
#12346= IFCPOLYLOOP((#12104,#12110,#12108));
#12347= IFCFACEOUTERBOUND(#12346,.T.);
#12348= IFCFACE((#12347));
#12349= IFCPOLYLOOP((#12109,#12103,#12106));
#12350= IFCFACEOUTERBOUND(#12349,.T.);
#12351= IFCFACE((#12350));
#12352= IFCPOLYLOOP((#12109,#12106,#12110));
#12353= IFCFACEOUTERBOUND(#12352,.T.);
#12354= IFCFACE((#12353));
#12355= IFCPOLYLOOP((#12103,#12105,#12107));
#12356= IFCFACEOUTERBOUND(#12355,.T.);
#12357= IFCFACE((#12356));
#12358= IFCPOLYLOOP((#12103,#12107,#12106));
#12359= IFCFACEOUTERBOUND(#12358,.T.);
#12360= IFCFACE((#12359));
#12361= IFCPOLYLOOP((#12111,#12112,#12113));
#12362= IFCFACEOUTERBOUND(#12361,.T.);
#12363= IFCFACE((#12362));
#12364= IFCPOLYLOOP((#12114,#12115,#12116));
#12365= IFCFACEOUTERBOUND(#12364,.T.);
#12366= IFCFACE((#12365));
#12367= IFCPOLYLOOP((#12111,#12117,#12112));
#12368= IFCFACEOUTERBOUND(#12367,.T.);
#12369= IFCFACE((#12368));
#12370= IFCPOLYLOOP((#12114,#12116,#12118));
#12371= IFCFACEOUTERBOUND(#12370,.T.);
#12372= IFCFACE((#12371));
#12373= IFCPOLYLOOP((#12113,#12112,#12116));
#12374= IFCFACEOUTERBOUND(#12373,.T.);
#12375= IFCFACE((#12374));
#12376= IFCPOLYLOOP((#12113,#12116,#12115));
#12377= IFCFACEOUTERBOUND(#12376,.T.);
#12378= IFCFACE((#12377));
#12379= IFCPOLYLOOP((#12112,#12117,#12118));
#12380= IFCFACEOUTERBOUND(#12379,.T.);
#12381= IFCFACE((#12380));
#12382= IFCPOLYLOOP((#12112,#12118,#12116));
#12383= IFCFACEOUTERBOUND(#12382,.T.);
#12384= IFCFACE((#12383));
#12385= IFCPOLYLOOP((#12117,#12111,#12114));
#12386= IFCFACEOUTERBOUND(#12385,.T.);
#12387= IFCFACE((#12386));
#12388= IFCPOLYLOOP((#12117,#12114,#12118));
#12389= IFCFACEOUTERBOUND(#12388,.T.);
#12390= IFCFACE((#12389));
#12391= IFCPOLYLOOP((#12111,#12113,#12115));
#12392= IFCFACEOUTERBOUND(#12391,.T.);
#12393= IFCFACE((#12392));
#12394= IFCPOLYLOOP((#12111,#12115,#12114));
#12395= IFCFACEOUTERBOUND(#12394,.T.);
#12396= IFCFACE((#12395));
#12397= IFCPOLYLOOP((#12119,#12120,#12121));
#12398= IFCFACEOUTERBOUND(#12397,.T.);
#12399= IFCFACE((#12398));
#12400= IFCPOLYLOOP((#12122,#12123,#12124));
#12401= IFCFACEOUTERBOUND(#12400,.T.);
#12402= IFCFACE((#12401));
#12403= IFCPOLYLOOP((#12119,#12125,#12120));
#12404= IFCFACEOUTERBOUND(#12403,.T.);
#12405= IFCFACE((#12404));
#12406= IFCPOLYLOOP((#12122,#12124,#12126));
#12407= IFCFACEOUTERBOUND(#12406,.T.);
#12408= IFCFACE((#12407));
#12409= IFCPOLYLOOP((#12121,#12120,#12124));
#12410= IFCFACEOUTERBOUND(#12409,.T.);
#12411= IFCFACE((#12410));
#12412= IFCPOLYLOOP((#12121,#12124,#12123));
#12413= IFCFACEOUTERBOUND(#12412,.T.);
#12414= IFCFACE((#12413));
#12415= IFCPOLYLOOP((#12120,#12125,#12126));
#12416= IFCFACEOUTERBOUND(#12415,.T.);
#12417= IFCFACE((#12416));
#12418= IFCPOLYLOOP((#12120,#12126,#12124));
#12419= IFCFACEOUTERBOUND(#12418,.T.);
#12420= IFCFACE((#12419));
#12421= IFCPOLYLOOP((#12125,#12119,#12122));
#12422= IFCFACEOUTERBOUND(#12421,.T.);
#12423= IFCFACE((#12422));
#12424= IFCPOLYLOOP((#12125,#12122,#12126));
#12425= IFCFACEOUTERBOUND(#12424,.T.);
#12426= IFCFACE((#12425));
#12427= IFCPOLYLOOP((#12119,#12121,#12123));
#12428= IFCFACEOUTERBOUND(#12427,.T.);
#12429= IFCFACE((#12428));
#12430= IFCPOLYLOOP((#12119,#12123,#12122));
#12431= IFCFACEOUTERBOUND(#12430,.T.);
#12432= IFCFACE((#12431));
#12433= IFCPOLYLOOP((#12127,#12128,#12129));
#12434= IFCFACEOUTERBOUND(#12433,.T.);
#12435= IFCFACE((#12434));
#12436= IFCPOLYLOOP((#12130,#12131,#12132));
#12437= IFCFACEOUTERBOUND(#12436,.T.);
#12438= IFCFACE((#12437));
#12439= IFCPOLYLOOP((#12127,#12133,#12128));
#12440= IFCFACEOUTERBOUND(#12439,.T.);
#12441= IFCFACE((#12440));
#12442= IFCPOLYLOOP((#12130,#12132,#12134));
#12443= IFCFACEOUTERBOUND(#12442,.T.);
#12444= IFCFACE((#12443));
#12445= IFCPOLYLOOP((#12129,#12128,#12132));
#12446= IFCFACEOUTERBOUND(#12445,.T.);
#12447= IFCFACE((#12446));
#12448= IFCPOLYLOOP((#12129,#12132,#12131));
#12449= IFCFACEOUTERBOUND(#12448,.T.);
#12450= IFCFACE((#12449));
#12451= IFCPOLYLOOP((#12128,#12133,#12134));
#12452= IFCFACEOUTERBOUND(#12451,.T.);
#12453= IFCFACE((#12452));
#12454= IFCPOLYLOOP((#12128,#12134,#12132));
#12455= IFCFACEOUTERBOUND(#12454,.T.);
#12456= IFCFACE((#12455));
#12457= IFCPOLYLOOP((#12133,#12127,#12130));
#12458= IFCFACEOUTERBOUND(#12457,.T.);
#12459= IFCFACE((#12458));
#12460= IFCPOLYLOOP((#12133,#12130,#12134));
#12461= IFCFACEOUTERBOUND(#12460,.T.);
#12462= IFCFACE((#12461));
#12463= IFCPOLYLOOP((#12127,#12129,#12131));
#12464= IFCFACEOUTERBOUND(#12463,.T.);
#12465= IFCFACE((#12464));
#12466= IFCPOLYLOOP((#12127,#12131,#12130));
#12467= IFCFACEOUTERBOUND(#12466,.T.);
#12468= IFCFACE((#12467));
#12469= IFCPOLYLOOP((#12135,#12136,#12137));
#12470= IFCFACEOUTERBOUND(#12469,.T.);
#12471= IFCFACE((#12470));
#12472= IFCPOLYLOOP((#12138,#12139,#12140));
#12473= IFCFACEOUTERBOUND(#12472,.T.);
#12474= IFCFACE((#12473));
#12475= IFCPOLYLOOP((#12135,#12141,#12136));
#12476= IFCFACEOUTERBOUND(#12475,.T.);
#12477= IFCFACE((#12476));
#12478= IFCPOLYLOOP((#12138,#12140,#12142));
#12479= IFCFACEOUTERBOUND(#12478,.T.);
#12480= IFCFACE((#12479));
#12481= IFCPOLYLOOP((#12137,#12136,#12140));
#12482= IFCFACEOUTERBOUND(#12481,.T.);
#12483= IFCFACE((#12482));
#12484= IFCPOLYLOOP((#12137,#12140,#12139));
#12485= IFCFACEOUTERBOUND(#12484,.T.);
#12486= IFCFACE((#12485));
#12487= IFCPOLYLOOP((#12136,#12141,#12142));
#12488= IFCFACEOUTERBOUND(#12487,.T.);
#12489= IFCFACE((#12488));
#12490= IFCPOLYLOOP((#12136,#12142,#12140));
#12491= IFCFACEOUTERBOUND(#12490,.T.);
#12492= IFCFACE((#12491));
#12493= IFCPOLYLOOP((#12141,#12135,#12138));
#12494= IFCFACEOUTERBOUND(#12493,.T.);
#12495= IFCFACE((#12494));
#12496= IFCPOLYLOOP((#12141,#12138,#12142));
#12497= IFCFACEOUTERBOUND(#12496,.T.);
#12498= IFCFACE((#12497));
#12499= IFCPOLYLOOP((#12135,#12137,#12139));
#12500= IFCFACEOUTERBOUND(#12499,.T.);
#12501= IFCFACE((#12500));
#12502= IFCPOLYLOOP((#12135,#12139,#12138));
#12503= IFCFACEOUTERBOUND(#12502,.T.);
#12504= IFCFACE((#12503));
#12505= IFCPOLYLOOP((#12143,#12144,#12145));
#12506= IFCFACEOUTERBOUND(#12505,.T.);
#12507= IFCFACE((#12506));
#12508= IFCPOLYLOOP((#12146,#12147,#12148));
#12509= IFCFACEOUTERBOUND(#12508,.T.);
#12510= IFCFACE((#12509));
#12511= IFCPOLYLOOP((#12143,#12149,#12144));
#12512= IFCFACEOUTERBOUND(#12511,.T.);
#12513= IFCFACE((#12512));
#12514= IFCPOLYLOOP((#12146,#12148,#12150));
#12515= IFCFACEOUTERBOUND(#12514,.T.);
#12516= IFCFACE((#12515));
#12517= IFCPOLYLOOP((#12145,#12144,#12148));
#12518= IFCFACEOUTERBOUND(#12517,.T.);
#12519= IFCFACE((#12518));
#12520= IFCPOLYLOOP((#12145,#12148,#12147));
#12521= IFCFACEOUTERBOUND(#12520,.T.);
#12522= IFCFACE((#12521));
#12523= IFCPOLYLOOP((#12144,#12149,#12150));
#12524= IFCFACEOUTERBOUND(#12523,.T.);
#12525= IFCFACE((#12524));
#12526= IFCPOLYLOOP((#12144,#12150,#12148));
#12527= IFCFACEOUTERBOUND(#12526,.T.);
#12528= IFCFACE((#12527));
#12529= IFCPOLYLOOP((#12149,#12143,#12146));
#12530= IFCFACEOUTERBOUND(#12529,.T.);
#12531= IFCFACE((#12530));
#12532= IFCPOLYLOOP((#12149,#12146,#12150));
#12533= IFCFACEOUTERBOUND(#12532,.T.);
#12534= IFCFACE((#12533));
#12535= IFCPOLYLOOP((#12143,#12145,#12147));
#12536= IFCFACEOUTERBOUND(#12535,.T.);
#12537= IFCFACE((#12536));
#12538= IFCPOLYLOOP((#12143,#12147,#12146));
#12539= IFCFACEOUTERBOUND(#12538,.T.);
#12540= IFCFACE((#12539));
#12541= IFCPOLYLOOP((#12151,#12152,#12153));
#12542= IFCFACEOUTERBOUND(#12541,.T.);
#12543= IFCFACE((#12542));
#12544= IFCPOLYLOOP((#12154,#12155,#12156));
#12545= IFCFACEOUTERBOUND(#12544,.T.);
#12546= IFCFACE((#12545));
#12547= IFCPOLYLOOP((#12151,#12157,#12152));
#12548= IFCFACEOUTERBOUND(#12547,.T.);
#12549= IFCFACE((#12548));
#12550= IFCPOLYLOOP((#12154,#12156,#12158));
#12551= IFCFACEOUTERBOUND(#12550,.T.);
#12552= IFCFACE((#12551));
#12553= IFCPOLYLOOP((#12153,#12152,#12156));
#12554= IFCFACEOUTERBOUND(#12553,.T.);
#12555= IFCFACE((#12554));
#12556= IFCPOLYLOOP((#12153,#12156,#12155));
#12557= IFCFACEOUTERBOUND(#12556,.T.);
#12558= IFCFACE((#12557));
#12559= IFCPOLYLOOP((#12152,#12157,#12158));
#12560= IFCFACEOUTERBOUND(#12559,.T.);
#12561= IFCFACE((#12560));
#12562= IFCPOLYLOOP((#12152,#12158,#12156));
#12563= IFCFACEOUTERBOUND(#12562,.T.);
#12564= IFCFACE((#12563));
#12565= IFCPOLYLOOP((#12157,#12151,#12154));
#12566= IFCFACEOUTERBOUND(#12565,.T.);
#12567= IFCFACE((#12566));
#12568= IFCPOLYLOOP((#12157,#12154,#12158));
#12569= IFCFACEOUTERBOUND(#12568,.T.);
#12570= IFCFACE((#12569));
#12571= IFCPOLYLOOP((#12151,#12153,#12155));
#12572= IFCFACEOUTERBOUND(#12571,.T.);
#12573= IFCFACE((#12572));
#12574= IFCPOLYLOOP((#12151,#12155,#12154));
#12575= IFCFACEOUTERBOUND(#12574,.T.);
#12576= IFCFACE((#12575));
#12577= IFCPOLYLOOP((#12159,#12160,#12161));
#12578= IFCFACEOUTERBOUND(#12577,.T.);
#12579= IFCFACE((#12578));
#12580= IFCPOLYLOOP((#12162,#12163,#12164));
#12581= IFCFACEOUTERBOUND(#12580,.T.);
#12582= IFCFACE((#12581));
#12583= IFCPOLYLOOP((#12159,#12165,#12160));
#12584= IFCFACEOUTERBOUND(#12583,.T.);
#12585= IFCFACE((#12584));
#12586= IFCPOLYLOOP((#12162,#12164,#12166));
#12587= IFCFACEOUTERBOUND(#12586,.T.);
#12588= IFCFACE((#12587));
#12589= IFCPOLYLOOP((#12161,#12160,#12164));
#12590= IFCFACEOUTERBOUND(#12589,.T.);
#12591= IFCFACE((#12590));
#12592= IFCPOLYLOOP((#12161,#12164,#12163));
#12593= IFCFACEOUTERBOUND(#12592,.T.);
#12594= IFCFACE((#12593));
#12595= IFCPOLYLOOP((#12160,#12165,#12166));
#12596= IFCFACEOUTERBOUND(#12595,.T.);
#12597= IFCFACE((#12596));
#12598= IFCPOLYLOOP((#12160,#12166,#12164));
#12599= IFCFACEOUTERBOUND(#12598,.T.);
#12600= IFCFACE((#12599));
#12601= IFCPOLYLOOP((#12165,#12159,#12162));
#12602= IFCFACEOUTERBOUND(#12601,.T.);
#12603= IFCFACE((#12602));
#12604= IFCPOLYLOOP((#12165,#12162,#12166));
#12605= IFCFACEOUTERBOUND(#12604,.T.);
#12606= IFCFACE((#12605));
#12607= IFCPOLYLOOP((#12159,#12161,#12163));
#12608= IFCFACEOUTERBOUND(#12607,.T.);
#12609= IFCFACE((#12608));
#12610= IFCPOLYLOOP((#12159,#12163,#12162));
#12611= IFCFACEOUTERBOUND(#12610,.T.);
#12612= IFCFACE((#12611));
#12613= IFCPOLYLOOP((#12167,#12168,#12169));
#12614= IFCFACEOUTERBOUND(#12613,.T.);
#12615= IFCFACE((#12614));
#12616= IFCPOLYLOOP((#12170,#12171,#12172));
#12617= IFCFACEOUTERBOUND(#12616,.T.);
#12618= IFCFACE((#12617));
#12619= IFCPOLYLOOP((#12167,#12173,#12168));
#12620= IFCFACEOUTERBOUND(#12619,.T.);
#12621= IFCFACE((#12620));
#12622= IFCPOLYLOOP((#12170,#12172,#12174));
#12623= IFCFACEOUTERBOUND(#12622,.T.);
#12624= IFCFACE((#12623));
#12625= IFCPOLYLOOP((#12169,#12168,#12172));
#12626= IFCFACEOUTERBOUND(#12625,.T.);
#12627= IFCFACE((#12626));
#12628= IFCPOLYLOOP((#12169,#12172,#12171));
#12629= IFCFACEOUTERBOUND(#12628,.T.);
#12630= IFCFACE((#12629));
#12631= IFCPOLYLOOP((#12168,#12173,#12174));
#12632= IFCFACEOUTERBOUND(#12631,.T.);
#12633= IFCFACE((#12632));
#12634= IFCPOLYLOOP((#12168,#12174,#12172));
#12635= IFCFACEOUTERBOUND(#12634,.T.);
#12636= IFCFACE((#12635));
#12637= IFCPOLYLOOP((#12173,#12167,#12170));
#12638= IFCFACEOUTERBOUND(#12637,.T.);
#12639= IFCFACE((#12638));
#12640= IFCPOLYLOOP((#12173,#12170,#12174));
#12641= IFCFACEOUTERBOUND(#12640,.T.);
#12642= IFCFACE((#12641));
#12643= IFCPOLYLOOP((#12167,#12169,#12171));
#12644= IFCFACEOUTERBOUND(#12643,.T.);
#12645= IFCFACE((#12644));
#12646= IFCPOLYLOOP((#12167,#12171,#12170));
#12647= IFCFACEOUTERBOUND(#12646,.T.);
#12648= IFCFACE((#12647));
#12649= IFCPOLYLOOP((#12175,#12176,#12177));
#12650= IFCFACEOUTERBOUND(#12649,.T.);
#12651= IFCFACE((#12650));
#12652= IFCPOLYLOOP((#12178,#12179,#12180));
#12653= IFCFACEOUTERBOUND(#12652,.T.);
#12654= IFCFACE((#12653));
#12655= IFCPOLYLOOP((#12175,#12181,#12176));
#12656= IFCFACEOUTERBOUND(#12655,.T.);
#12657= IFCFACE((#12656));
#12658= IFCPOLYLOOP((#12178,#12180,#12182));
#12659= IFCFACEOUTERBOUND(#12658,.T.);
#12660= IFCFACE((#12659));
#12661= IFCPOLYLOOP((#12177,#12176,#12180));
#12662= IFCFACEOUTERBOUND(#12661,.T.);
#12663= IFCFACE((#12662));
#12664= IFCPOLYLOOP((#12177,#12180,#12179));
#12665= IFCFACEOUTERBOUND(#12664,.T.);
#12666= IFCFACE((#12665));
#12667= IFCPOLYLOOP((#12176,#12181,#12182));
#12668= IFCFACEOUTERBOUND(#12667,.T.);
#12669= IFCFACE((#12668));
#12670= IFCPOLYLOOP((#12176,#12182,#12180));
#12671= IFCFACEOUTERBOUND(#12670,.T.);
#12672= IFCFACE((#12671));
#12673= IFCPOLYLOOP((#12181,#12175,#12178));
#12674= IFCFACEOUTERBOUND(#12673,.T.);
#12675= IFCFACE((#12674));
#12676= IFCPOLYLOOP((#12181,#12178,#12182));
#12677= IFCFACEOUTERBOUND(#12676,.T.);
#12678= IFCFACE((#12677));
#12679= IFCPOLYLOOP((#12175,#12177,#12179));
#12680= IFCFACEOUTERBOUND(#12679,.T.);
#12681= IFCFACE((#12680));
#12682= IFCPOLYLOOP((#12175,#12179,#12178));
#12683= IFCFACEOUTERBOUND(#12682,.T.);
#12684= IFCFACE((#12683));
#12685= IFCPOLYLOOP((#12183,#12184,#12185));
#12686= IFCFACEOUTERBOUND(#12685,.T.);
#12687= IFCFACE((#12686));
#12688= IFCPOLYLOOP((#12186,#12187,#12188));
#12689= IFCFACEOUTERBOUND(#12688,.T.);
#12690= IFCFACE((#12689));
#12691= IFCPOLYLOOP((#12183,#12189,#12184));
#12692= IFCFACEOUTERBOUND(#12691,.T.);
#12693= IFCFACE((#12692));
#12694= IFCPOLYLOOP((#12186,#12188,#12190));
#12695= IFCFACEOUTERBOUND(#12694,.T.);
#12696= IFCFACE((#12695));
#12697= IFCPOLYLOOP((#12185,#12184,#12188));
#12698= IFCFACEOUTERBOUND(#12697,.T.);
#12699= IFCFACE((#12698));
#12700= IFCPOLYLOOP((#12185,#12188,#12187));
#12701= IFCFACEOUTERBOUND(#12700,.T.);
#12702= IFCFACE((#12701));
#12703= IFCPOLYLOOP((#12184,#12189,#12190));
#12704= IFCFACEOUTERBOUND(#12703,.T.);
#12705= IFCFACE((#12704));
#12706= IFCPOLYLOOP((#12184,#12190,#12188));
#12707= IFCFACEOUTERBOUND(#12706,.T.);
#12708= IFCFACE((#12707));
#12709= IFCPOLYLOOP((#12189,#12183,#12186));
#12710= IFCFACEOUTERBOUND(#12709,.T.);
#12711= IFCFACE((#12710));
#12712= IFCPOLYLOOP((#12189,#12186,#12190));
#12713= IFCFACEOUTERBOUND(#12712,.T.);
#12714= IFCFACE((#12713));
#12715= IFCPOLYLOOP((#12183,#12185,#12187));
#12716= IFCFACEOUTERBOUND(#12715,.T.);
#12717= IFCFACE((#12716));
#12718= IFCPOLYLOOP((#12183,#12187,#12186));
#12719= IFCFACEOUTERBOUND(#12718,.T.);
#12720= IFCFACE((#12719));
#12721= IFCPOLYLOOP((#12191,#12192,#12193));
#12722= IFCFACEOUTERBOUND(#12721,.T.);
#12723= IFCFACE((#12722));
#12724= IFCPOLYLOOP((#12194,#12195,#12196));
#12725= IFCFACEOUTERBOUND(#12724,.T.);
#12726= IFCFACE((#12725));
#12727= IFCPOLYLOOP((#12191,#12197,#12192));
#12728= IFCFACEOUTERBOUND(#12727,.T.);
#12729= IFCFACE((#12728));
#12730= IFCPOLYLOOP((#12194,#12196,#12198));
#12731= IFCFACEOUTERBOUND(#12730,.T.);
#12732= IFCFACE((#12731));
#12733= IFCPOLYLOOP((#12193,#12192,#12196));
#12734= IFCFACEOUTERBOUND(#12733,.T.);
#12735= IFCFACE((#12734));
#12736= IFCPOLYLOOP((#12193,#12196,#12195));
#12737= IFCFACEOUTERBOUND(#12736,.T.);
#12738= IFCFACE((#12737));
#12739= IFCPOLYLOOP((#12192,#12197,#12198));
#12740= IFCFACEOUTERBOUND(#12739,.T.);
#12741= IFCFACE((#12740));
#12742= IFCPOLYLOOP((#12192,#12198,#12196));
#12743= IFCFACEOUTERBOUND(#12742,.T.);
#12744= IFCFACE((#12743));
#12745= IFCPOLYLOOP((#12197,#12191,#12194));
#12746= IFCFACEOUTERBOUND(#12745,.T.);
#12747= IFCFACE((#12746));
#12748= IFCPOLYLOOP((#12197,#12194,#12198));
#12749= IFCFACEOUTERBOUND(#12748,.T.);
#12750= IFCFACE((#12749));
#12751= IFCPOLYLOOP((#12191,#12193,#12195));
#12752= IFCFACEOUTERBOUND(#12751,.T.);
#12753= IFCFACE((#12752));
#12754= IFCPOLYLOOP((#12191,#12195,#12194));
#12755= IFCFACEOUTERBOUND(#12754,.T.);
#12756= IFCFACE((#12755));
#12757= IFCPOLYLOOP((#12199,#12200,#12201));
#12758= IFCFACEOUTERBOUND(#12757,.T.);
#12759= IFCFACE((#12758));
#12760= IFCPOLYLOOP((#12202,#12203,#12204));
#12761= IFCFACEOUTERBOUND(#12760,.T.);
#12762= IFCFACE((#12761));
#12763= IFCPOLYLOOP((#12199,#12205,#12200));
#12764= IFCFACEOUTERBOUND(#12763,.T.);
#12765= IFCFACE((#12764));
#12766= IFCPOLYLOOP((#12202,#12204,#12206));
#12767= IFCFACEOUTERBOUND(#12766,.T.);
#12768= IFCFACE((#12767));
#12769= IFCPOLYLOOP((#12201,#12200,#12204));
#12770= IFCFACEOUTERBOUND(#12769,.T.);
#12771= IFCFACE((#12770));
#12772= IFCPOLYLOOP((#12201,#12204,#12203));
#12773= IFCFACEOUTERBOUND(#12772,.T.);
#12774= IFCFACE((#12773));
#12775= IFCPOLYLOOP((#12200,#12205,#12206));
#12776= IFCFACEOUTERBOUND(#12775,.T.);
#12777= IFCFACE((#12776));
#12778= IFCPOLYLOOP((#12200,#12206,#12204));
#12779= IFCFACEOUTERBOUND(#12778,.T.);
#12780= IFCFACE((#12779));
#12781= IFCPOLYLOOP((#12205,#12199,#12202));
#12782= IFCFACEOUTERBOUND(#12781,.T.);
#12783= IFCFACE((#12782));
#12784= IFCPOLYLOOP((#12205,#12202,#12206));
#12785= IFCFACEOUTERBOUND(#12784,.T.);
#12786= IFCFACE((#12785));
#12787= IFCPOLYLOOP((#12199,#12201,#12203));
#12788= IFCFACEOUTERBOUND(#12787,.T.);
#12789= IFCFACE((#12788));
#12790= IFCPOLYLOOP((#12199,#12203,#12202));
#12791= IFCFACEOUTERBOUND(#12790,.T.);
#12792= IFCFACE((#12791));
#12793= IFCPOLYLOOP((#12207,#12208,#12209));
#12794= IFCFACEOUTERBOUND(#12793,.T.);
#12795= IFCFACE((#12794));
#12796= IFCPOLYLOOP((#12210,#12211,#12212));
#12797= IFCFACEOUTERBOUND(#12796,.T.);
#12798= IFCFACE((#12797));
#12799= IFCPOLYLOOP((#12207,#12213,#12208));
#12800= IFCFACEOUTERBOUND(#12799,.T.);
#12801= IFCFACE((#12800));
#12802= IFCPOLYLOOP((#12210,#12212,#12214));
#12803= IFCFACEOUTERBOUND(#12802,.T.);
#12804= IFCFACE((#12803));
#12805= IFCPOLYLOOP((#12209,#12208,#12212));
#12806= IFCFACEOUTERBOUND(#12805,.T.);
#12807= IFCFACE((#12806));
#12808= IFCPOLYLOOP((#12209,#12212,#12211));
#12809= IFCFACEOUTERBOUND(#12808,.T.);
#12810= IFCFACE((#12809));
#12811= IFCPOLYLOOP((#12208,#12213,#12214));
#12812= IFCFACEOUTERBOUND(#12811,.T.);
#12813= IFCFACE((#12812));
#12814= IFCPOLYLOOP((#12208,#12214,#12212));
#12815= IFCFACEOUTERBOUND(#12814,.T.);
#12816= IFCFACE((#12815));
#12817= IFCPOLYLOOP((#12213,#12207,#12210));
#12818= IFCFACEOUTERBOUND(#12817,.T.);
#12819= IFCFACE((#12818));
#12820= IFCPOLYLOOP((#12213,#12210,#12214));
#12821= IFCFACEOUTERBOUND(#12820,.T.);
#12822= IFCFACE((#12821));
#12823= IFCPOLYLOOP((#12207,#12209,#12211));
#12824= IFCFACEOUTERBOUND(#12823,.T.);
#12825= IFCFACE((#12824));
#12826= IFCPOLYLOOP((#12207,#12211,#12210));
#12827= IFCFACEOUTERBOUND(#12826,.T.);
#12828= IFCFACE((#12827));
#12829= IFCPOLYLOOP((#12215,#12216,#12217));
#12830= IFCFACEOUTERBOUND(#12829,.T.);
#12831= IFCFACE((#12830));
#12832= IFCPOLYLOOP((#12218,#12219,#12220));
#12833= IFCFACEOUTERBOUND(#12832,.T.);
#12834= IFCFACE((#12833));
#12835= IFCPOLYLOOP((#12215,#12221,#12216));
#12836= IFCFACEOUTERBOUND(#12835,.T.);
#12837= IFCFACE((#12836));
#12838= IFCPOLYLOOP((#12218,#12220,#12222));
#12839= IFCFACEOUTERBOUND(#12838,.T.);
#12840= IFCFACE((#12839));
#12841= IFCPOLYLOOP((#12217,#12216,#12220));
#12842= IFCFACEOUTERBOUND(#12841,.T.);
#12843= IFCFACE((#12842));
#12844= IFCPOLYLOOP((#12217,#12220,#12219));
#12845= IFCFACEOUTERBOUND(#12844,.T.);
#12846= IFCFACE((#12845));
#12847= IFCPOLYLOOP((#12216,#12221,#12222));
#12848= IFCFACEOUTERBOUND(#12847,.T.);
#12849= IFCFACE((#12848));
#12850= IFCPOLYLOOP((#12216,#12222,#12220));
#12851= IFCFACEOUTERBOUND(#12850,.T.);
#12852= IFCFACE((#12851));
#12853= IFCPOLYLOOP((#12221,#12215,#12218));
#12854= IFCFACEOUTERBOUND(#12853,.T.);
#12855= IFCFACE((#12854));
#12856= IFCPOLYLOOP((#12221,#12218,#12222));
#12857= IFCFACEOUTERBOUND(#12856,.T.);
#12858= IFCFACE((#12857));
#12859= IFCPOLYLOOP((#12215,#12217,#12219));
#12860= IFCFACEOUTERBOUND(#12859,.T.);
#12861= IFCFACE((#12860));
#12862= IFCPOLYLOOP((#12215,#12219,#12218));
#12863= IFCFACEOUTERBOUND(#12862,.T.);
#12864= IFCFACE((#12863));
#12865= IFCPOLYLOOP((#12223,#12224,#12225));
#12866= IFCFACEOUTERBOUND(#12865,.T.);
#12867= IFCFACE((#12866));
#12868= IFCPOLYLOOP((#12095,#12097,#12226));
#12869= IFCFACEOUTERBOUND(#12868,.T.);
#12870= IFCFACE((#12869));
#12871= IFCPOLYLOOP((#12223,#12227,#12224));
#12872= IFCFACEOUTERBOUND(#12871,.T.);
#12873= IFCFACE((#12872));
#12874= IFCPOLYLOOP((#12095,#12226,#12228));
#12875= IFCFACEOUTERBOUND(#12874,.T.);
#12876= IFCFACE((#12875));
#12877= IFCPOLYLOOP((#12225,#12224,#12226));
#12878= IFCFACEOUTERBOUND(#12877,.T.);
#12879= IFCFACE((#12878));
#12880= IFCPOLYLOOP((#12225,#12226,#12097));
#12881= IFCFACEOUTERBOUND(#12880,.T.);
#12882= IFCFACE((#12881));
#12883= IFCPOLYLOOP((#12224,#12227,#12228));
#12884= IFCFACEOUTERBOUND(#12883,.T.);
#12885= IFCFACE((#12884));
#12886= IFCPOLYLOOP((#12224,#12228,#12226));
#12887= IFCFACEOUTERBOUND(#12886,.T.);
#12888= IFCFACE((#12887));
#12889= IFCPOLYLOOP((#12227,#12223,#12095));
#12890= IFCFACEOUTERBOUND(#12889,.T.);
#12891= IFCFACE((#12890));
#12892= IFCPOLYLOOP((#12227,#12095,#12228));
#12893= IFCFACEOUTERBOUND(#12892,.T.);
#12894= IFCFACE((#12893));
#12895= IFCPOLYLOOP((#12223,#12225,#12097));
#12896= IFCFACEOUTERBOUND(#12895,.T.);
#12897= IFCFACE((#12896));
#12898= IFCPOLYLOOP((#12223,#12097,#12095));
#12899= IFCFACEOUTERBOUND(#12898,.T.);
#12900= IFCFACE((#12899));
#12901= IFCPOLYLOOP((#12102,#12229,#12100));
#12902= IFCFACEOUTERBOUND(#12901,.T.);
#12903= IFCFACE((#12902));
#12904= IFCPOLYLOOP((#12103,#12105,#12230));
#12905= IFCFACEOUTERBOUND(#12904,.T.);
#12906= IFCFACE((#12905));
#12907= IFCPOLYLOOP((#12102,#12231,#12229));
#12908= IFCFACEOUTERBOUND(#12907,.T.);
#12909= IFCFACE((#12908));
#12910= IFCPOLYLOOP((#12103,#12230,#12232));
#12911= IFCFACEOUTERBOUND(#12910,.T.);
#12912= IFCFACE((#12911));
#12913= IFCPOLYLOOP((#12100,#12229,#12230));
#12914= IFCFACEOUTERBOUND(#12913,.T.);
#12915= IFCFACE((#12914));
#12916= IFCPOLYLOOP((#12100,#12230,#12105));
#12917= IFCFACEOUTERBOUND(#12916,.T.);
#12918= IFCFACE((#12917));
#12919= IFCPOLYLOOP((#12229,#12231,#12232));
#12920= IFCFACEOUTERBOUND(#12919,.T.);
#12921= IFCFACE((#12920));
#12922= IFCPOLYLOOP((#12229,#12232,#12230));
#12923= IFCFACEOUTERBOUND(#12922,.T.);
#12924= IFCFACE((#12923));
#12925= IFCPOLYLOOP((#12231,#12102,#12103));
#12926= IFCFACEOUTERBOUND(#12925,.T.);
#12927= IFCFACE((#12926));
#12928= IFCPOLYLOOP((#12231,#12103,#12232));
#12929= IFCFACEOUTERBOUND(#12928,.T.);
#12930= IFCFACE((#12929));
#12931= IFCPOLYLOOP((#12102,#12100,#12105));
#12932= IFCFACEOUTERBOUND(#12931,.T.);
#12933= IFCFACE((#12932));
#12934= IFCPOLYLOOP((#12102,#12105,#12103));
#12935= IFCFACEOUTERBOUND(#12934,.T.);
#12936= IFCFACE((#12935));
#12937= IFCPOLYLOOP((#12110,#12233,#12108));
#12938= IFCFACEOUTERBOUND(#12937,.T.);
#12939= IFCFACE((#12938));
#12940= IFCPOLYLOOP((#12111,#12113,#12234));
#12941= IFCFACEOUTERBOUND(#12940,.T.);
#12942= IFCFACE((#12941));
#12943= IFCPOLYLOOP((#12110,#12235,#12233));
#12944= IFCFACEOUTERBOUND(#12943,.T.);
#12945= IFCFACE((#12944));
#12946= IFCPOLYLOOP((#12111,#12234,#12236));
#12947= IFCFACEOUTERBOUND(#12946,.T.);
#12948= IFCFACE((#12947));
#12949= IFCPOLYLOOP((#12108,#12233,#12234));
#12950= IFCFACEOUTERBOUND(#12949,.T.);
#12951= IFCFACE((#12950));
#12952= IFCPOLYLOOP((#12108,#12234,#12113));
#12953= IFCFACEOUTERBOUND(#12952,.T.);
#12954= IFCFACE((#12953));
#12955= IFCPOLYLOOP((#12233,#12235,#12236));
#12956= IFCFACEOUTERBOUND(#12955,.T.);
#12957= IFCFACE((#12956));
#12958= IFCPOLYLOOP((#12233,#12236,#12234));
#12959= IFCFACEOUTERBOUND(#12958,.T.);
#12960= IFCFACE((#12959));
#12961= IFCPOLYLOOP((#12235,#12110,#12111));
#12962= IFCFACEOUTERBOUND(#12961,.T.);
#12963= IFCFACE((#12962));
#12964= IFCPOLYLOOP((#12235,#12111,#12236));
#12965= IFCFACEOUTERBOUND(#12964,.T.);
#12966= IFCFACE((#12965));
#12967= IFCPOLYLOOP((#12110,#12108,#12113));
#12968= IFCFACEOUTERBOUND(#12967,.T.);
#12969= IFCFACE((#12968));
#12970= IFCPOLYLOOP((#12110,#12113,#12111));
#12971= IFCFACEOUTERBOUND(#12970,.T.);
#12972= IFCFACE((#12971));
#12973= IFCPOLYLOOP((#12118,#12237,#12116));
#12974= IFCFACEOUTERBOUND(#12973,.T.);
#12975= IFCFACE((#12974));
#12976= IFCPOLYLOOP((#12119,#12121,#12238));
#12977= IFCFACEOUTERBOUND(#12976,.T.);
#12978= IFCFACE((#12977));
#12979= IFCPOLYLOOP((#12118,#12239,#12237));
#12980= IFCFACEOUTERBOUND(#12979,.T.);
#12981= IFCFACE((#12980));
#12982= IFCPOLYLOOP((#12119,#12238,#12240));
#12983= IFCFACEOUTERBOUND(#12982,.T.);
#12984= IFCFACE((#12983));
#12985= IFCPOLYLOOP((#12116,#12237,#12238));
#12986= IFCFACEOUTERBOUND(#12985,.T.);
#12987= IFCFACE((#12986));
#12988= IFCPOLYLOOP((#12116,#12238,#12121));
#12989= IFCFACEOUTERBOUND(#12988,.T.);
#12990= IFCFACE((#12989));
#12991= IFCPOLYLOOP((#12237,#12239,#12240));
#12992= IFCFACEOUTERBOUND(#12991,.T.);
#12993= IFCFACE((#12992));
#12994= IFCPOLYLOOP((#12237,#12240,#12238));
#12995= IFCFACEOUTERBOUND(#12994,.T.);
#12996= IFCFACE((#12995));
#12997= IFCPOLYLOOP((#12239,#12118,#12119));
#12998= IFCFACEOUTERBOUND(#12997,.T.);
#12999= IFCFACE((#12998));
#13000= IFCPOLYLOOP((#12239,#12119,#12240));
#13001= IFCFACEOUTERBOUND(#13000,.T.);
#13002= IFCFACE((#13001));
#13003= IFCPOLYLOOP((#12118,#12116,#12121));
#13004= IFCFACEOUTERBOUND(#13003,.T.);
#13005= IFCFACE((#13004));
#13006= IFCPOLYLOOP((#12118,#12121,#12119));
#13007= IFCFACEOUTERBOUND(#13006,.T.);
#13008= IFCFACE((#13007));
#13009= IFCPOLYLOOP((#12126,#12241,#12124));
#13010= IFCFACEOUTERBOUND(#13009,.T.);
#13011= IFCFACE((#13010));
#13012= IFCPOLYLOOP((#12127,#12129,#12242));
#13013= IFCFACEOUTERBOUND(#13012,.T.);
#13014= IFCFACE((#13013));
#13015= IFCPOLYLOOP((#12126,#12243,#12241));
#13016= IFCFACEOUTERBOUND(#13015,.T.);
#13017= IFCFACE((#13016));
#13018= IFCPOLYLOOP((#12127,#12242,#12244));
#13019= IFCFACEOUTERBOUND(#13018,.T.);
#13020= IFCFACE((#13019));
#13021= IFCPOLYLOOP((#12124,#12241,#12242));
#13022= IFCFACEOUTERBOUND(#13021,.T.);
#13023= IFCFACE((#13022));
#13024= IFCPOLYLOOP((#12124,#12242,#12129));
#13025= IFCFACEOUTERBOUND(#13024,.T.);
#13026= IFCFACE((#13025));
#13027= IFCPOLYLOOP((#12241,#12243,#12244));
#13028= IFCFACEOUTERBOUND(#13027,.T.);
#13029= IFCFACE((#13028));
#13030= IFCPOLYLOOP((#12241,#12244,#12242));
#13031= IFCFACEOUTERBOUND(#13030,.T.);
#13032= IFCFACE((#13031));
#13033= IFCPOLYLOOP((#12243,#12126,#12127));
#13034= IFCFACEOUTERBOUND(#13033,.T.);
#13035= IFCFACE((#13034));
#13036= IFCPOLYLOOP((#12243,#12127,#12244));
#13037= IFCFACEOUTERBOUND(#13036,.T.);
#13038= IFCFACE((#13037));
#13039= IFCPOLYLOOP((#12126,#12124,#12129));
#13040= IFCFACEOUTERBOUND(#13039,.T.);
#13041= IFCFACE((#13040));
#13042= IFCPOLYLOOP((#12126,#12129,#12127));
#13043= IFCFACEOUTERBOUND(#13042,.T.);
#13044= IFCFACE((#13043));
#13045= IFCPOLYLOOP((#12134,#12245,#12132));
#13046= IFCFACEOUTERBOUND(#13045,.T.);
#13047= IFCFACE((#13046));
#13048= IFCPOLYLOOP((#12135,#12137,#12246));
#13049= IFCFACEOUTERBOUND(#13048,.T.);
#13050= IFCFACE((#13049));
#13051= IFCPOLYLOOP((#12134,#12247,#12245));
#13052= IFCFACEOUTERBOUND(#13051,.T.);
#13053= IFCFACE((#13052));
#13054= IFCPOLYLOOP((#12135,#12246,#12248));
#13055= IFCFACEOUTERBOUND(#13054,.T.);
#13056= IFCFACE((#13055));
#13057= IFCPOLYLOOP((#12132,#12245,#12246));
#13058= IFCFACEOUTERBOUND(#13057,.T.);
#13059= IFCFACE((#13058));
#13060= IFCPOLYLOOP((#12132,#12246,#12137));
#13061= IFCFACEOUTERBOUND(#13060,.T.);
#13062= IFCFACE((#13061));
#13063= IFCPOLYLOOP((#12245,#12247,#12248));
#13064= IFCFACEOUTERBOUND(#13063,.T.);
#13065= IFCFACE((#13064));
#13066= IFCPOLYLOOP((#12245,#12248,#12246));
#13067= IFCFACEOUTERBOUND(#13066,.T.);
#13068= IFCFACE((#13067));
#13069= IFCPOLYLOOP((#12247,#12134,#12135));
#13070= IFCFACEOUTERBOUND(#13069,.T.);
#13071= IFCFACE((#13070));
#13072= IFCPOLYLOOP((#12247,#12135,#12248));
#13073= IFCFACEOUTERBOUND(#13072,.T.);
#13074= IFCFACE((#13073));
#13075= IFCPOLYLOOP((#12134,#12132,#12137));
#13076= IFCFACEOUTERBOUND(#13075,.T.);
#13077= IFCFACE((#13076));
#13078= IFCPOLYLOOP((#12134,#12137,#12135));
#13079= IFCFACEOUTERBOUND(#13078,.T.);
#13080= IFCFACE((#13079));
#13081= IFCPOLYLOOP((#12142,#12249,#12140));
#13082= IFCFACEOUTERBOUND(#13081,.T.);
#13083= IFCFACE((#13082));
#13084= IFCPOLYLOOP((#12143,#12145,#12250));
#13085= IFCFACEOUTERBOUND(#13084,.T.);
#13086= IFCFACE((#13085));
#13087= IFCPOLYLOOP((#12142,#12251,#12249));
#13088= IFCFACEOUTERBOUND(#13087,.T.);
#13089= IFCFACE((#13088));
#13090= IFCPOLYLOOP((#12143,#12250,#12252));
#13091= IFCFACEOUTERBOUND(#13090,.T.);
#13092= IFCFACE((#13091));
#13093= IFCPOLYLOOP((#12140,#12249,#12250));
#13094= IFCFACEOUTERBOUND(#13093,.T.);
#13095= IFCFACE((#13094));
#13096= IFCPOLYLOOP((#12140,#12250,#12145));
#13097= IFCFACEOUTERBOUND(#13096,.T.);
#13098= IFCFACE((#13097));
#13099= IFCPOLYLOOP((#12249,#12251,#12252));
#13100= IFCFACEOUTERBOUND(#13099,.T.);
#13101= IFCFACE((#13100));
#13102= IFCPOLYLOOP((#12249,#12252,#12250));
#13103= IFCFACEOUTERBOUND(#13102,.T.);
#13104= IFCFACE((#13103));
#13105= IFCPOLYLOOP((#12251,#12142,#12143));
#13106= IFCFACEOUTERBOUND(#13105,.T.);
#13107= IFCFACE((#13106));
#13108= IFCPOLYLOOP((#12251,#12143,#12252));
#13109= IFCFACEOUTERBOUND(#13108,.T.);
#13110= IFCFACE((#13109));
#13111= IFCPOLYLOOP((#12142,#12140,#12145));
#13112= IFCFACEOUTERBOUND(#13111,.T.);
#13113= IFCFACE((#13112));
#13114= IFCPOLYLOOP((#12142,#12145,#12143));
#13115= IFCFACEOUTERBOUND(#13114,.T.);
#13116= IFCFACE((#13115));
#13117= IFCPOLYLOOP((#12150,#12253,#12148));
#13118= IFCFACEOUTERBOUND(#13117,.T.);
#13119= IFCFACE((#13118));
#13120= IFCPOLYLOOP((#12151,#12153,#12254));
#13121= IFCFACEOUTERBOUND(#13120,.T.);
#13122= IFCFACE((#13121));
#13123= IFCPOLYLOOP((#12150,#12255,#12253));
#13124= IFCFACEOUTERBOUND(#13123,.T.);
#13125= IFCFACE((#13124));
#13126= IFCPOLYLOOP((#12151,#12254,#12256));
#13127= IFCFACEOUTERBOUND(#13126,.T.);
#13128= IFCFACE((#13127));
#13129= IFCPOLYLOOP((#12148,#12253,#12254));
#13130= IFCFACEOUTERBOUND(#13129,.T.);
#13131= IFCFACE((#13130));
#13132= IFCPOLYLOOP((#12148,#12254,#12153));
#13133= IFCFACEOUTERBOUND(#13132,.T.);
#13134= IFCFACE((#13133));
#13135= IFCPOLYLOOP((#12253,#12255,#12256));
#13136= IFCFACEOUTERBOUND(#13135,.T.);
#13137= IFCFACE((#13136));
#13138= IFCPOLYLOOP((#12253,#12256,#12254));
#13139= IFCFACEOUTERBOUND(#13138,.T.);
#13140= IFCFACE((#13139));
#13141= IFCPOLYLOOP((#12255,#12150,#12151));
#13142= IFCFACEOUTERBOUND(#13141,.T.);
#13143= IFCFACE((#13142));
#13144= IFCPOLYLOOP((#12255,#12151,#12256));
#13145= IFCFACEOUTERBOUND(#13144,.T.);
#13146= IFCFACE((#13145));
#13147= IFCPOLYLOOP((#12150,#12148,#12153));
#13148= IFCFACEOUTERBOUND(#13147,.T.);
#13149= IFCFACE((#13148));
#13150= IFCPOLYLOOP((#12150,#12153,#12151));
#13151= IFCFACEOUTERBOUND(#13150,.T.);
#13152= IFCFACE((#13151));
#13153= IFCPOLYLOOP((#12158,#12257,#12156));
#13154= IFCFACEOUTERBOUND(#13153,.T.);
#13155= IFCFACE((#13154));
#13156= IFCPOLYLOOP((#12159,#12161,#12258));
#13157= IFCFACEOUTERBOUND(#13156,.T.);
#13158= IFCFACE((#13157));
#13159= IFCPOLYLOOP((#12158,#12259,#12257));
#13160= IFCFACEOUTERBOUND(#13159,.T.);
#13161= IFCFACE((#13160));
#13162= IFCPOLYLOOP((#12159,#12258,#12260));
#13163= IFCFACEOUTERBOUND(#13162,.T.);
#13164= IFCFACE((#13163));
#13165= IFCPOLYLOOP((#12156,#12257,#12258));
#13166= IFCFACEOUTERBOUND(#13165,.T.);
#13167= IFCFACE((#13166));
#13168= IFCPOLYLOOP((#12156,#12258,#12161));
#13169= IFCFACEOUTERBOUND(#13168,.T.);
#13170= IFCFACE((#13169));
#13171= IFCPOLYLOOP((#12257,#12259,#12260));
#13172= IFCFACEOUTERBOUND(#13171,.T.);
#13173= IFCFACE((#13172));
#13174= IFCPOLYLOOP((#12257,#12260,#12258));
#13175= IFCFACEOUTERBOUND(#13174,.T.);
#13176= IFCFACE((#13175));
#13177= IFCPOLYLOOP((#12259,#12158,#12159));
#13178= IFCFACEOUTERBOUND(#13177,.T.);
#13179= IFCFACE((#13178));
#13180= IFCPOLYLOOP((#12259,#12159,#12260));
#13181= IFCFACEOUTERBOUND(#13180,.T.);
#13182= IFCFACE((#13181));
#13183= IFCPOLYLOOP((#12158,#12156,#12161));
#13184= IFCFACEOUTERBOUND(#13183,.T.);
#13185= IFCFACE((#13184));
#13186= IFCPOLYLOOP((#12158,#12161,#12159));
#13187= IFCFACEOUTERBOUND(#13186,.T.);
#13188= IFCFACE((#13187));
#13189= IFCPOLYLOOP((#12166,#12261,#12164));
#13190= IFCFACEOUTERBOUND(#13189,.T.);
#13191= IFCFACE((#13190));
#13192= IFCPOLYLOOP((#12167,#12169,#12262));
#13193= IFCFACEOUTERBOUND(#13192,.T.);
#13194= IFCFACE((#13193));
#13195= IFCPOLYLOOP((#12166,#12263,#12261));
#13196= IFCFACEOUTERBOUND(#13195,.T.);
#13197= IFCFACE((#13196));
#13198= IFCPOLYLOOP((#12167,#12262,#12264));
#13199= IFCFACEOUTERBOUND(#13198,.T.);
#13200= IFCFACE((#13199));
#13201= IFCPOLYLOOP((#12164,#12261,#12262));
#13202= IFCFACEOUTERBOUND(#13201,.T.);
#13203= IFCFACE((#13202));
#13204= IFCPOLYLOOP((#12164,#12262,#12169));
#13205= IFCFACEOUTERBOUND(#13204,.T.);
#13206= IFCFACE((#13205));
#13207= IFCPOLYLOOP((#12261,#12263,#12264));
#13208= IFCFACEOUTERBOUND(#13207,.T.);
#13209= IFCFACE((#13208));
#13210= IFCPOLYLOOP((#12261,#12264,#12262));
#13211= IFCFACEOUTERBOUND(#13210,.T.);
#13212= IFCFACE((#13211));
#13213= IFCPOLYLOOP((#12263,#12166,#12167));
#13214= IFCFACEOUTERBOUND(#13213,.T.);
#13215= IFCFACE((#13214));
#13216= IFCPOLYLOOP((#12263,#12167,#12264));
#13217= IFCFACEOUTERBOUND(#13216,.T.);
#13218= IFCFACE((#13217));
#13219= IFCPOLYLOOP((#12166,#12164,#12169));
#13220= IFCFACEOUTERBOUND(#13219,.T.);
#13221= IFCFACE((#13220));
#13222= IFCPOLYLOOP((#12166,#12169,#12167));
#13223= IFCFACEOUTERBOUND(#13222,.T.);
#13224= IFCFACE((#13223));
#13225= IFCPOLYLOOP((#12174,#12265,#12172));
#13226= IFCFACEOUTERBOUND(#13225,.T.);
#13227= IFCFACE((#13226));
#13228= IFCPOLYLOOP((#12175,#12177,#12266));
#13229= IFCFACEOUTERBOUND(#13228,.T.);
#13230= IFCFACE((#13229));
#13231= IFCPOLYLOOP((#12174,#12267,#12265));
#13232= IFCFACEOUTERBOUND(#13231,.T.);
#13233= IFCFACE((#13232));
#13234= IFCPOLYLOOP((#12175,#12266,#12268));
#13235= IFCFACEOUTERBOUND(#13234,.T.);
#13236= IFCFACE((#13235));
#13237= IFCPOLYLOOP((#12172,#12265,#12266));
#13238= IFCFACEOUTERBOUND(#13237,.T.);
#13239= IFCFACE((#13238));
#13240= IFCPOLYLOOP((#12172,#12266,#12177));
#13241= IFCFACEOUTERBOUND(#13240,.T.);
#13242= IFCFACE((#13241));
#13243= IFCPOLYLOOP((#12265,#12267,#12268));
#13244= IFCFACEOUTERBOUND(#13243,.T.);
#13245= IFCFACE((#13244));
#13246= IFCPOLYLOOP((#12265,#12268,#12266));
#13247= IFCFACEOUTERBOUND(#13246,.T.);
#13248= IFCFACE((#13247));
#13249= IFCPOLYLOOP((#12267,#12174,#12175));
#13250= IFCFACEOUTERBOUND(#13249,.T.);
#13251= IFCFACE((#13250));
#13252= IFCPOLYLOOP((#12267,#12175,#12268));
#13253= IFCFACEOUTERBOUND(#13252,.T.);
#13254= IFCFACE((#13253));
#13255= IFCPOLYLOOP((#12174,#12172,#12177));
#13256= IFCFACEOUTERBOUND(#13255,.T.);
#13257= IFCFACE((#13256));
#13258= IFCPOLYLOOP((#12174,#12177,#12175));
#13259= IFCFACEOUTERBOUND(#13258,.T.);
#13260= IFCFACE((#13259));
#13261= IFCPOLYLOOP((#12182,#12269,#12180));
#13262= IFCFACEOUTERBOUND(#13261,.T.);
#13263= IFCFACE((#13262));
#13264= IFCPOLYLOOP((#12183,#12185,#12270));
#13265= IFCFACEOUTERBOUND(#13264,.T.);
#13266= IFCFACE((#13265));
#13267= IFCPOLYLOOP((#12182,#12271,#12269));
#13268= IFCFACEOUTERBOUND(#13267,.T.);
#13269= IFCFACE((#13268));
#13270= IFCPOLYLOOP((#12183,#12270,#12272));
#13271= IFCFACEOUTERBOUND(#13270,.T.);
#13272= IFCFACE((#13271));
#13273= IFCPOLYLOOP((#12180,#12269,#12270));
#13274= IFCFACEOUTERBOUND(#13273,.T.);
#13275= IFCFACE((#13274));
#13276= IFCPOLYLOOP((#12180,#12270,#12185));
#13277= IFCFACEOUTERBOUND(#13276,.T.);
#13278= IFCFACE((#13277));
#13279= IFCPOLYLOOP((#12269,#12271,#12272));
#13280= IFCFACEOUTERBOUND(#13279,.T.);
#13281= IFCFACE((#13280));
#13282= IFCPOLYLOOP((#12269,#12272,#12270));
#13283= IFCFACEOUTERBOUND(#13282,.T.);
#13284= IFCFACE((#13283));
#13285= IFCPOLYLOOP((#12271,#12182,#12183));
#13286= IFCFACEOUTERBOUND(#13285,.T.);
#13287= IFCFACE((#13286));
#13288= IFCPOLYLOOP((#12271,#12183,#12272));
#13289= IFCFACEOUTERBOUND(#13288,.T.);
#13290= IFCFACE((#13289));
#13291= IFCPOLYLOOP((#12182,#12180,#12185));
#13292= IFCFACEOUTERBOUND(#13291,.T.);
#13293= IFCFACE((#13292));
#13294= IFCPOLYLOOP((#12182,#12185,#12183));
#13295= IFCFACEOUTERBOUND(#13294,.T.);
#13296= IFCFACE((#13295));
#13297= IFCPOLYLOOP((#12190,#12273,#12188));
#13298= IFCFACEOUTERBOUND(#13297,.T.);
#13299= IFCFACE((#13298));
#13300= IFCPOLYLOOP((#12191,#12193,#12274));
#13301= IFCFACEOUTERBOUND(#13300,.T.);
#13302= IFCFACE((#13301));
#13303= IFCPOLYLOOP((#12190,#12275,#12273));
#13304= IFCFACEOUTERBOUND(#13303,.T.);
#13305= IFCFACE((#13304));
#13306= IFCPOLYLOOP((#12191,#12274,#12276));
#13307= IFCFACEOUTERBOUND(#13306,.T.);
#13308= IFCFACE((#13307));
#13309= IFCPOLYLOOP((#12188,#12273,#12274));
#13310= IFCFACEOUTERBOUND(#13309,.T.);
#13311= IFCFACE((#13310));
#13312= IFCPOLYLOOP((#12188,#12274,#12193));
#13313= IFCFACEOUTERBOUND(#13312,.T.);
#13314= IFCFACE((#13313));
#13315= IFCPOLYLOOP((#12273,#12275,#12276));
#13316= IFCFACEOUTERBOUND(#13315,.T.);
#13317= IFCFACE((#13316));
#13318= IFCPOLYLOOP((#12273,#12276,#12274));
#13319= IFCFACEOUTERBOUND(#13318,.T.);
#13320= IFCFACE((#13319));
#13321= IFCPOLYLOOP((#12275,#12190,#12191));
#13322= IFCFACEOUTERBOUND(#13321,.T.);
#13323= IFCFACE((#13322));
#13324= IFCPOLYLOOP((#12275,#12191,#12276));
#13325= IFCFACEOUTERBOUND(#13324,.T.);
#13326= IFCFACE((#13325));
#13327= IFCPOLYLOOP((#12190,#12188,#12193));
#13328= IFCFACEOUTERBOUND(#13327,.T.);
#13329= IFCFACE((#13328));
#13330= IFCPOLYLOOP((#12190,#12193,#12191));
#13331= IFCFACEOUTERBOUND(#13330,.T.);
#13332= IFCFACE((#13331));
#13333= IFCPOLYLOOP((#12198,#12277,#12196));
#13334= IFCFACEOUTERBOUND(#13333,.T.);
#13335= IFCFACE((#13334));
#13336= IFCPOLYLOOP((#12199,#12201,#12278));
#13337= IFCFACEOUTERBOUND(#13336,.T.);
#13338= IFCFACE((#13337));
#13339= IFCPOLYLOOP((#12198,#12279,#12277));
#13340= IFCFACEOUTERBOUND(#13339,.T.);
#13341= IFCFACE((#13340));
#13342= IFCPOLYLOOP((#12199,#12278,#12280));
#13343= IFCFACEOUTERBOUND(#13342,.T.);
#13344= IFCFACE((#13343));
#13345= IFCPOLYLOOP((#12196,#12277,#12278));
#13346= IFCFACEOUTERBOUND(#13345,.T.);
#13347= IFCFACE((#13346));
#13348= IFCPOLYLOOP((#12196,#12278,#12201));
#13349= IFCFACEOUTERBOUND(#13348,.T.);
#13350= IFCFACE((#13349));
#13351= IFCPOLYLOOP((#12277,#12279,#12280));
#13352= IFCFACEOUTERBOUND(#13351,.T.);
#13353= IFCFACE((#13352));
#13354= IFCPOLYLOOP((#12277,#12280,#12278));
#13355= IFCFACEOUTERBOUND(#13354,.T.);
#13356= IFCFACE((#13355));
#13357= IFCPOLYLOOP((#12279,#12198,#12199));
#13358= IFCFACEOUTERBOUND(#13357,.T.);
#13359= IFCFACE((#13358));
#13360= IFCPOLYLOOP((#12279,#12199,#12280));
#13361= IFCFACEOUTERBOUND(#13360,.T.);
#13362= IFCFACE((#13361));
#13363= IFCPOLYLOOP((#12198,#12196,#12201));
#13364= IFCFACEOUTERBOUND(#13363,.T.);
#13365= IFCFACE((#13364));
#13366= IFCPOLYLOOP((#12198,#12201,#12199));
#13367= IFCFACEOUTERBOUND(#13366,.T.);
#13368= IFCFACE((#13367));
#13369= IFCPOLYLOOP((#12206,#12281,#12204));
#13370= IFCFACEOUTERBOUND(#13369,.T.);
#13371= IFCFACE((#13370));
#13372= IFCPOLYLOOP((#12207,#12209,#12282));
#13373= IFCFACEOUTERBOUND(#13372,.T.);
#13374= IFCFACE((#13373));
#13375= IFCPOLYLOOP((#12206,#12283,#12281));
#13376= IFCFACEOUTERBOUND(#13375,.T.);
#13377= IFCFACE((#13376));
#13378= IFCPOLYLOOP((#12207,#12282,#12284));
#13379= IFCFACEOUTERBOUND(#13378,.T.);
#13380= IFCFACE((#13379));
#13381= IFCPOLYLOOP((#12204,#12281,#12282));
#13382= IFCFACEOUTERBOUND(#13381,.T.);
#13383= IFCFACE((#13382));
#13384= IFCPOLYLOOP((#12204,#12282,#12209));
#13385= IFCFACEOUTERBOUND(#13384,.T.);
#13386= IFCFACE((#13385));
#13387= IFCPOLYLOOP((#12281,#12283,#12284));
#13388= IFCFACEOUTERBOUND(#13387,.T.);
#13389= IFCFACE((#13388));
#13390= IFCPOLYLOOP((#12281,#12284,#12282));
#13391= IFCFACEOUTERBOUND(#13390,.T.);
#13392= IFCFACE((#13391));
#13393= IFCPOLYLOOP((#12283,#12206,#12207));
#13394= IFCFACEOUTERBOUND(#13393,.T.);
#13395= IFCFACE((#13394));
#13396= IFCPOLYLOOP((#12283,#12207,#12284));
#13397= IFCFACEOUTERBOUND(#13396,.T.);
#13398= IFCFACE((#13397));
#13399= IFCPOLYLOOP((#12206,#12204,#12209));
#13400= IFCFACEOUTERBOUND(#13399,.T.);
#13401= IFCFACE((#13400));
#13402= IFCPOLYLOOP((#12206,#12209,#12207));
#13403= IFCFACEOUTERBOUND(#13402,.T.);
#13404= IFCFACE((#13403));
#13405= IFCPOLYLOOP((#12214,#12285,#12212));
#13406= IFCFACEOUTERBOUND(#13405,.T.);
#13407= IFCFACE((#13406));
#13408= IFCPOLYLOOP((#12215,#12217,#12286));
#13409= IFCFACEOUTERBOUND(#13408,.T.);
#13410= IFCFACE((#13409));
#13411= IFCPOLYLOOP((#12214,#12287,#12285));
#13412= IFCFACEOUTERBOUND(#13411,.T.);
#13413= IFCFACE((#13412));
#13414= IFCPOLYLOOP((#12215,#12286,#12288));
#13415= IFCFACEOUTERBOUND(#13414,.T.);
#13416= IFCFACE((#13415));
#13417= IFCPOLYLOOP((#12212,#12285,#12286));
#13418= IFCFACEOUTERBOUND(#13417,.T.);
#13419= IFCFACE((#13418));
#13420= IFCPOLYLOOP((#12212,#12286,#12217));
#13421= IFCFACEOUTERBOUND(#13420,.T.);
#13422= IFCFACE((#13421));
#13423= IFCPOLYLOOP((#12285,#12287,#12288));
#13424= IFCFACEOUTERBOUND(#13423,.T.);
#13425= IFCFACE((#13424));
#13426= IFCPOLYLOOP((#12285,#12288,#12286));
#13427= IFCFACEOUTERBOUND(#13426,.T.);
#13428= IFCFACE((#13427));
#13429= IFCPOLYLOOP((#12287,#12214,#12215));
#13430= IFCFACEOUTERBOUND(#13429,.T.);
#13431= IFCFACE((#13430));
#13432= IFCPOLYLOOP((#12287,#12215,#12288));
#13433= IFCFACEOUTERBOUND(#13432,.T.);
#13434= IFCFACE((#13433));
#13435= IFCPOLYLOOP((#12214,#12212,#12217));
#13436= IFCFACEOUTERBOUND(#13435,.T.);
#13437= IFCFACE((#13436));
#13438= IFCPOLYLOOP((#12214,#12217,#12215));
#13439= IFCFACEOUTERBOUND(#13438,.T.);
#13440= IFCFACE((#13439));
#13441= IFCCLOSEDSHELL((#12291,#12294,#12297,#12300,#12303,#12306,#12309,#12312,#12315,#12318,#12321,#12324,#12327,#12330,#12333,#12336,#12339,#12342,#12345,#12348,#12351,#12354,#12357,#12360,#12363,#12366,#12369,#12372,#12375,#12378,#12381,#12384,#12387,#12390,#12393,#12396,#12399,#12402,#12405,#12408,#12411,#12414,#12417,#12420,#12423,#12426,#12429,#12432,#12435,#12438,#12441,#12444,#12447,#12450,#12453,#12456,#12459,#12462,#12465,#12468,#12471,#12474,#12477,#12480,#12483,#12486,#12489,#12492,#12495,#12498,#12501,#12504,#12507,#12510,#12513,#12516,#12519,#12522,#12525,#12528,#12531,#12534,#12537,#12540,#12543,#12546,#12549,#12552,#12555,#12558,#12561,#12564,#12567,#12570,#12573,#12576,#12579,#12582,#12585,#12588,#12591,#12594,#12597,#12600,#12603,#12606,#12609,#12612,#12615,#12618,#12621,#12624,#12627,#12630,#12633,#12636,#12639,#12642,#12645,#12648,#12651,#12654,#12657,#12660,#12663,#12666,#12669,#12672,#12675,#12678,#12681,#12684,#12687,#12690,#12693,#12696,#12699,#12702,#12705,#12708,#12711,#12714,#12717,#12720,#12723,#12726,#12729,#12732,#12735,#12738,#12741,#12744,#12747,#12750,#12753,#12756,#12759,#12762,#12765,#12768,#12771,#12774,#12777,#12780,#12783,#12786,#12789,#12792,#12795,#12798,#12801,#12804,#12807,#12810,#12813,#12816,#12819,#12822,#12825,#12828,#12831,#12834,#12837,#12840,#12843,#12846,#12849,#12852,#12855,#12858,#12861,#12864,#12867,#12870,#12873,#12876,#12879,#12882,#12885,#12888,#12891,#12894,#12897,#12900,#12903,#12906,#12909,#12912,#12915,#12918,#12921,#12924,#12927,#12930,#12933,#12936,#12939,#12942,#12945,#12948,#12951,#12954,#12957,#12960,#12963,#12966,#12969,#12972,#12975,#12978,#12981,#12984,#12987,#12990,#12993,#12996,#12999,#13002,#13005,#13008,#13011,#13014,#13017,#13020,#13023,#13026,#13029,#13032,#13035,#13038,#13041,#13044,#13047,#13050,#13053,#13056,#13059,#13062,#13065,#13068,#13071,#13074,#13077,#13080,#13083,#13086,#13089,#13092,#13095,#13098,#13101,#13104,#13107,#13110,#13113,#13116,#13119,#13122,#13125,#13128,#13131,#13134,#13137,#13140,#13143,#13146,#13149,#13152,#13155,#13158,#13161,#13164,#13167,#13170,#13173,#13176,#13179,#13182,#13185,#13188,#13191,#13194,#13197,#13200,#13203,#13206,#13209,#13212,#13215,#13218,#13221,#13224,#13227,#13230,#13233,#13236,#13239,#13242,#13245,#13248,#13251,#13254,#13257,#13260,#13263,#13266,#13269,#13272,#13275,#13278,#13281,#13284,#13287,#13290,#13293,#13296,#13299,#13302,#13305,#13308,#13311,#13314,#13317,#13320,#13323,#13326,#13329,#13332,#13335,#13338,#13341,#13344,#13347,#13350,#13353,#13356,#13359,#13362,#13365,#13368,#13371,#13374,#13377,#13380,#13383,#13386,#13389,#13392,#13395,#13398,#13401,#13404,#13407,#13410,#13413,#13416,#13419,#13422,#13425,#13428,#13431,#13434,#13437,#13440));
#13442= IFCFACETEDBREP(#13441);
#13443= IFCSHAPEREPRESENTATION(#10,'Body','Brep',(#13442));
#13444= IFCPRODUCTDEFINITIONSHAPE($,$,(#13443));
#13445= IFCLOCALPLACEMENT(#174,#7);
#13446= IFCSTAIRFLIGHT('3lBCGbIT08fzlctBGcA3qx',#5,'Stair 1',$,$,#13445,#13444,'s-1:flight0',17,16,0.176470588,0.27);
#13447= IFCLOCALPLACEMENT(#172,#7);
#13448= IFCSTAIR('0HmueoudJAz7w9PkXThWS1',#5,'Stair 2',$,$,#13447,$,'s-2',.QUARTER_TURN_STAIR.);
#13449= IFCCARTESIANPOINT((1.,4.5,0.135));
#13450= IFCCARTESIANPOINT((1.27,3.5,0.135));
#13451= IFCCARTESIANPOINT((1.,3.5,0.135));
#13452= IFCCARTESIANPOINT((1.,4.5,0.175));
#13453= IFCCARTESIANPOINT((1.,3.5,0.175));
#13454= IFCCARTESIANPOINT((1.27,3.5,0.175));
#13455= IFCCARTESIANPOINT((1.27,4.5,0.135));
#13456= IFCCARTESIANPOINT((1.27,4.5,0.175));
#13457= IFCCARTESIANPOINT((1.27,4.5,0.31));
#13458= IFCCARTESIANPOINT((1.54,3.5,0.31));
#13459= IFCCARTESIANPOINT((1.27,3.5,0.31));
#13460= IFCCARTESIANPOINT((1.27,4.5,0.35));
#13461= IFCCARTESIANPOINT((1.27,3.5,0.35));
#13462= IFCCARTESIANPOINT((1.54,3.5,0.35));
#13463= IFCCARTESIANPOINT((1.54,4.5,0.31));
#13464= IFCCARTESIANPOINT((1.54,4.5,0.35));
#13465= IFCCARTESIANPOINT((1.54,4.5,0.485));
#13466= IFCCARTESIANPOINT((1.81,3.5,0.485));
#13467= IFCCARTESIANPOINT((1.54,3.5,0.485));
#13468= IFCCARTESIANPOINT((1.54,4.5,0.525));
#13469= IFCCARTESIANPOINT((1.54,3.5,0.525));
#13470= IFCCARTESIANPOINT((1.81,3.5,0.525));
#13471= IFCCARTESIANPOINT((1.81,4.5,0.485));
#13472= IFCCARTESIANPOINT((1.81,4.5,0.525));
#13473= IFCCARTESIANPOINT((1.81,4.5,0.66));
#13474= IFCCARTESIANPOINT((2.08,3.5,0.66));
#13475= IFCCARTESIANPOINT((1.81,3.5,0.66));
#13476= IFCCARTESIANPOINT((1.81,4.5,0.7));
#13477= IFCCARTESIANPOINT((1.81,3.5,0.7));
#13478= IFCCARTESIANPOINT((2.08,3.5,0.7));
#13479= IFCCARTESIANPOINT((2.08,4.5,0.66));
#13480= IFCCARTESIANPOINT((2.08,4.5,0.7));
#13481= IFCCARTESIANPOINT((2.08,4.5,0.835));
#13482= IFCCARTESIANPOINT((2.35,3.5,0.835));
#13483= IFCCARTESIANPOINT((2.08,3.5,0.835));
#13484= IFCCARTESIANPOINT((2.08,4.5,0.875));
#13485= IFCCARTESIANPOINT((2.08,3.5,0.875));
#13486= IFCCARTESIANPOINT((2.35,3.5,0.875));
#13487= IFCCARTESIANPOINT((2.35,4.5,0.835));
#13488= IFCCARTESIANPOINT((2.35,4.5,0.875));
#13489= IFCCARTESIANPOINT((2.35,4.5,1.01));
#13490= IFCCARTESIANPOINT((2.62,3.5,1.01));
#13491= IFCCARTESIANPOINT((2.35,3.5,1.01));
#13492= IFCCARTESIANPOINT((2.35,4.5,1.05));
#13493= IFCCARTESIANPOINT((2.35,3.5,1.05));
#13494= IFCCARTESIANPOINT((2.62,3.5,1.05));
#13495= IFCCARTESIANPOINT((2.62,4.5,1.01));
#13496= IFCCARTESIANPOINT((2.62,4.5,1.05));
#13497= IFCCARTESIANPOINT((2.62,4.5,1.185));
#13498= IFCCARTESIANPOINT((2.89,3.5,1.185));
#13499= IFCCARTESIANPOINT((2.62,3.5,1.185));
#13500= IFCCARTESIANPOINT((2.62,4.5,1.225));
#13501= IFCCARTESIANPOINT((2.62,3.5,1.225));
#13502= IFCCARTESIANPOINT((2.89,3.5,1.225));
#13503= IFCCARTESIANPOINT((2.89,4.5,1.185));
#13504= IFCCARTESIANPOINT((2.89,4.5,1.225));
#13505= IFCCARTESIANPOINT((1.,4.5,0.));
#13506= IFCCARTESIANPOINT((1.04,3.5,0.));
#13507= IFCCARTESIANPOINT((1.,3.5,0.));
#13508= IFCCARTESIANPOINT((1.04,3.5,0.135));
#13509= IFCCARTESIANPOINT((1.04,4.5,0.));
#13510= IFCCARTESIANPOINT((1.04,4.5,0.135));
#13511= IFCCARTESIANPOINT((1.31,3.5,0.175));
#13512= IFCCARTESIANPOINT((1.31,3.5,0.31));
#13513= IFCCARTESIANPOINT((1.31,4.5,0.175));
#13514= IFCCARTESIANPOINT((1.31,4.5,0.31));
#13515= IFCCARTESIANPOINT((1.58,3.5,0.35));
#13516= IFCCARTESIANPOINT((1.58,3.5,0.485));
#13517= IFCCARTESIANPOINT((1.58,4.5,0.35));
#13518= IFCCARTESIANPOINT((1.58,4.5,0.485));
#13519= IFCCARTESIANPOINT((1.85,3.5,0.525));
#13520= IFCCARTESIANPOINT((1.85,3.5,0.66));
#13521= IFCCARTESIANPOINT((1.85,4.5,0.525));
#13522= IFCCARTESIANPOINT((1.85,4.5,0.66));
#13523= IFCCARTESIANPOINT((2.12,3.5,0.7));
#13524= IFCCARTESIANPOINT((2.12,3.5,0.835));
#13525= IFCCARTESIANPOINT((2.12,4.5,0.7));
#13526= IFCCARTESIANPOINT((2.12,4.5,0.835));
#13527= IFCCARTESIANPOINT((2.39,3.5,0.875));
#13528= IFCCARTESIANPOINT((2.39,3.5,1.01));
#13529= IFCCARTESIANPOINT((2.39,4.5,0.875));
#13530= IFCCARTESIANPOINT((2.39,4.5,1.01));
#13531= IFCCARTESIANPOINT((2.66,3.5,1.05));
#13532= IFCCARTESIANPOINT((2.66,3.5,1.185));
#13533= IFCCARTESIANPOINT((2.66,4.5,1.05));
#13534= IFCCARTESIANPOINT((2.66,4.5,1.185));
#13535= IFCCARTESIANPOINT((2.93,3.5,1.225));
#13536= IFCCARTESIANPOINT((2.89,4.5,1.36));
#13537= IFCCARTESIANPOINT((2.89,3.5,1.36));
#13538= IFCCARTESIANPOINT((2.93,3.5,1.36));
#13539= IFCCARTESIANPOINT((2.93,4.5,1.225));
#13540= IFCCARTESIANPOINT((2.93,4.5,1.36));
#13541= IFCCARTESIANPOINT((3.89,3.5,1.36));
#13542= IFCCARTESIANPOINT((2.89,4.5,1.4));
#13543= IFCCARTESIANPOINT((2.89,3.5,1.4));
#13544= IFCCARTESIANPOINT((3.89,3.5,1.4));
#13545= IFCPOLYLOOP((#13449,#13450,#13451));
#13546= IFCFACEOUTERBOUND(#13545,.T.);
#13547= IFCFACE((#13546));
#13548= IFCPOLYLOOP((#13452,#13453,#13454));
#13549= IFCFACEOUTERBOUND(#13548,.T.);
#13550= IFCFACE((#13549));
#13551= IFCPOLYLOOP((#13449,#13455,#13450));
#13552= IFCFACEOUTERBOUND(#13551,.T.);
#13553= IFCFACE((#13552));
#13554= IFCPOLYLOOP((#13452,#13454,#13456));
#13555= IFCFACEOUTERBOUND(#13554,.T.);
#13556= IFCFACE((#13555));
#13557= IFCPOLYLOOP((#13451,#13450,#13454));
#13558= IFCFACEOUTERBOUND(#13557,.T.);
#13559= IFCFACE((#13558));
#13560= IFCPOLYLOOP((#13451,#13454,#13453));
#13561= IFCFACEOUTERBOUND(#13560,.T.);
#13562= IFCFACE((#13561));
#13563= IFCPOLYLOOP((#13450,#13455,#13456));
#13564= IFCFACEOUTERBOUND(#13563,.T.);
#13565= IFCFACE((#13564));
#13566= IFCPOLYLOOP((#13450,#13456,#13454));
#13567= IFCFACEOUTERBOUND(#13566,.T.);
#13568= IFCFACE((#13567));
#13569= IFCPOLYLOOP((#13455,#13449,#13452));
#13570= IFCFACEOUTERBOUND(#13569,.T.);
#13571= IFCFACE((#13570));
#13572= IFCPOLYLOOP((#13455,#13452,#13456));
#13573= IFCFACEOUTERBOUND(#13572,.T.);
#13574= IFCFACE((#13573));
#13575= IFCPOLYLOOP((#13449,#13451,#13453));
#13576= IFCFACEOUTERBOUND(#13575,.T.);
#13577= IFCFACE((#13576));
#13578= IFCPOLYLOOP((#13449,#13453,#13452));
#13579= IFCFACEOUTERBOUND(#13578,.T.);
#13580= IFCFACE((#13579));
#13581= IFCPOLYLOOP((#13457,#13458,#13459));
#13582= IFCFACEOUTERBOUND(#13581,.T.);
#13583= IFCFACE((#13582));
#13584= IFCPOLYLOOP((#13460,#13461,#13462));
#13585= IFCFACEOUTERBOUND(#13584,.T.);
#13586= IFCFACE((#13585));
#13587= IFCPOLYLOOP((#13457,#13463,#13458));
#13588= IFCFACEOUTERBOUND(#13587,.T.);
#13589= IFCFACE((#13588));
#13590= IFCPOLYLOOP((#13460,#13462,#13464));
#13591= IFCFACEOUTERBOUND(#13590,.T.);
#13592= IFCFACE((#13591));
#13593= IFCPOLYLOOP((#13459,#13458,#13462));
#13594= IFCFACEOUTERBOUND(#13593,.T.);
#13595= IFCFACE((#13594));
#13596= IFCPOLYLOOP((#13459,#13462,#13461));
#13597= IFCFACEOUTERBOUND(#13596,.T.);
#13598= IFCFACE((#13597));
#13599= IFCPOLYLOOP((#13458,#13463,#13464));
#13600= IFCFACEOUTERBOUND(#13599,.T.);
#13601= IFCFACE((#13600));
#13602= IFCPOLYLOOP((#13458,#13464,#13462));
#13603= IFCFACEOUTERBOUND(#13602,.T.);
#13604= IFCFACE((#13603));
#13605= IFCPOLYLOOP((#13463,#13457,#13460));
#13606= IFCFACEOUTERBOUND(#13605,.T.);
#13607= IFCFACE((#13606));
#13608= IFCPOLYLOOP((#13463,#13460,#13464));
#13609= IFCFACEOUTERBOUND(#13608,.T.);
#13610= IFCFACE((#13609));
#13611= IFCPOLYLOOP((#13457,#13459,#13461));
#13612= IFCFACEOUTERBOUND(#13611,.T.);
#13613= IFCFACE((#13612));
#13614= IFCPOLYLOOP((#13457,#13461,#13460));
#13615= IFCFACEOUTERBOUND(#13614,.T.);
#13616= IFCFACE((#13615));
#13617= IFCPOLYLOOP((#13465,#13466,#13467));
#13618= IFCFACEOUTERBOUND(#13617,.T.);
#13619= IFCFACE((#13618));
#13620= IFCPOLYLOOP((#13468,#13469,#13470));
#13621= IFCFACEOUTERBOUND(#13620,.T.);
#13622= IFCFACE((#13621));
#13623= IFCPOLYLOOP((#13465,#13471,#13466));
#13624= IFCFACEOUTERBOUND(#13623,.T.);
#13625= IFCFACE((#13624));
#13626= IFCPOLYLOOP((#13468,#13470,#13472));
#13627= IFCFACEOUTERBOUND(#13626,.T.);
#13628= IFCFACE((#13627));
#13629= IFCPOLYLOOP((#13467,#13466,#13470));
#13630= IFCFACEOUTERBOUND(#13629,.T.);
#13631= IFCFACE((#13630));
#13632= IFCPOLYLOOP((#13467,#13470,#13469));
#13633= IFCFACEOUTERBOUND(#13632,.T.);
#13634= IFCFACE((#13633));
#13635= IFCPOLYLOOP((#13466,#13471,#13472));
#13636= IFCFACEOUTERBOUND(#13635,.T.);
#13637= IFCFACE((#13636));
#13638= IFCPOLYLOOP((#13466,#13472,#13470));
#13639= IFCFACEOUTERBOUND(#13638,.T.);
#13640= IFCFACE((#13639));
#13641= IFCPOLYLOOP((#13471,#13465,#13468));
#13642= IFCFACEOUTERBOUND(#13641,.T.);
#13643= IFCFACE((#13642));
#13644= IFCPOLYLOOP((#13471,#13468,#13472));
#13645= IFCFACEOUTERBOUND(#13644,.T.);
#13646= IFCFACE((#13645));
#13647= IFCPOLYLOOP((#13465,#13467,#13469));
#13648= IFCFACEOUTERBOUND(#13647,.T.);
#13649= IFCFACE((#13648));
#13650= IFCPOLYLOOP((#13465,#13469,#13468));
#13651= IFCFACEOUTERBOUND(#13650,.T.);
#13652= IFCFACE((#13651));
#13653= IFCPOLYLOOP((#13473,#13474,#13475));
#13654= IFCFACEOUTERBOUND(#13653,.T.);
#13655= IFCFACE((#13654));
#13656= IFCPOLYLOOP((#13476,#13477,#13478));
#13657= IFCFACEOUTERBOUND(#13656,.T.);
#13658= IFCFACE((#13657));
#13659= IFCPOLYLOOP((#13473,#13479,#13474));
#13660= IFCFACEOUTERBOUND(#13659,.T.);
#13661= IFCFACE((#13660));
#13662= IFCPOLYLOOP((#13476,#13478,#13480));
#13663= IFCFACEOUTERBOUND(#13662,.T.);
#13664= IFCFACE((#13663));
#13665= IFCPOLYLOOP((#13475,#13474,#13478));
#13666= IFCFACEOUTERBOUND(#13665,.T.);
#13667= IFCFACE((#13666));
#13668= IFCPOLYLOOP((#13475,#13478,#13477));
#13669= IFCFACEOUTERBOUND(#13668,.T.);
#13670= IFCFACE((#13669));
#13671= IFCPOLYLOOP((#13474,#13479,#13480));
#13672= IFCFACEOUTERBOUND(#13671,.T.);
#13673= IFCFACE((#13672));
#13674= IFCPOLYLOOP((#13474,#13480,#13478));
#13675= IFCFACEOUTERBOUND(#13674,.T.);
#13676= IFCFACE((#13675));
#13677= IFCPOLYLOOP((#13479,#13473,#13476));
#13678= IFCFACEOUTERBOUND(#13677,.T.);
#13679= IFCFACE((#13678));
#13680= IFCPOLYLOOP((#13479,#13476,#13480));
#13681= IFCFACEOUTERBOUND(#13680,.T.);
#13682= IFCFACE((#13681));
#13683= IFCPOLYLOOP((#13473,#13475,#13477));
#13684= IFCFACEOUTERBOUND(#13683,.T.);
#13685= IFCFACE((#13684));
#13686= IFCPOLYLOOP((#13473,#13477,#13476));
#13687= IFCFACEOUTERBOUND(#13686,.T.);
#13688= IFCFACE((#13687));
#13689= IFCPOLYLOOP((#13481,#13482,#13483));
#13690= IFCFACEOUTERBOUND(#13689,.T.);
#13691= IFCFACE((#13690));
#13692= IFCPOLYLOOP((#13484,#13485,#13486));
#13693= IFCFACEOUTERBOUND(#13692,.T.);
#13694= IFCFACE((#13693));
#13695= IFCPOLYLOOP((#13481,#13487,#13482));
#13696= IFCFACEOUTERBOUND(#13695,.T.);
#13697= IFCFACE((#13696));
#13698= IFCPOLYLOOP((#13484,#13486,#13488));
#13699= IFCFACEOUTERBOUND(#13698,.T.);
#13700= IFCFACE((#13699));
#13701= IFCPOLYLOOP((#13483,#13482,#13486));
#13702= IFCFACEOUTERBOUND(#13701,.T.);
#13703= IFCFACE((#13702));
#13704= IFCPOLYLOOP((#13483,#13486,#13485));
#13705= IFCFACEOUTERBOUND(#13704,.T.);
#13706= IFCFACE((#13705));
#13707= IFCPOLYLOOP((#13482,#13487,#13488));
#13708= IFCFACEOUTERBOUND(#13707,.T.);
#13709= IFCFACE((#13708));
#13710= IFCPOLYLOOP((#13482,#13488,#13486));
#13711= IFCFACEOUTERBOUND(#13710,.T.);
#13712= IFCFACE((#13711));
#13713= IFCPOLYLOOP((#13487,#13481,#13484));
#13714= IFCFACEOUTERBOUND(#13713,.T.);
#13715= IFCFACE((#13714));
#13716= IFCPOLYLOOP((#13487,#13484,#13488));
#13717= IFCFACEOUTERBOUND(#13716,.T.);
#13718= IFCFACE((#13717));
#13719= IFCPOLYLOOP((#13481,#13483,#13485));
#13720= IFCFACEOUTERBOUND(#13719,.T.);
#13721= IFCFACE((#13720));
#13722= IFCPOLYLOOP((#13481,#13485,#13484));
#13723= IFCFACEOUTERBOUND(#13722,.T.);
#13724= IFCFACE((#13723));
#13725= IFCPOLYLOOP((#13489,#13490,#13491));
#13726= IFCFACEOUTERBOUND(#13725,.T.);
#13727= IFCFACE((#13726));
#13728= IFCPOLYLOOP((#13492,#13493,#13494));
#13729= IFCFACEOUTERBOUND(#13728,.T.);
#13730= IFCFACE((#13729));
#13731= IFCPOLYLOOP((#13489,#13495,#13490));
#13732= IFCFACEOUTERBOUND(#13731,.T.);
#13733= IFCFACE((#13732));
#13734= IFCPOLYLOOP((#13492,#13494,#13496));
#13735= IFCFACEOUTERBOUND(#13734,.T.);
#13736= IFCFACE((#13735));
#13737= IFCPOLYLOOP((#13491,#13490,#13494));
#13738= IFCFACEOUTERBOUND(#13737,.T.);
#13739= IFCFACE((#13738));
#13740= IFCPOLYLOOP((#13491,#13494,#13493));
#13741= IFCFACEOUTERBOUND(#13740,.T.);
#13742= IFCFACE((#13741));
#13743= IFCPOLYLOOP((#13490,#13495,#13496));
#13744= IFCFACEOUTERBOUND(#13743,.T.);
#13745= IFCFACE((#13744));
#13746= IFCPOLYLOOP((#13490,#13496,#13494));
#13747= IFCFACEOUTERBOUND(#13746,.T.);
#13748= IFCFACE((#13747));
#13749= IFCPOLYLOOP((#13495,#13489,#13492));
#13750= IFCFACEOUTERBOUND(#13749,.T.);
#13751= IFCFACE((#13750));
#13752= IFCPOLYLOOP((#13495,#13492,#13496));
#13753= IFCFACEOUTERBOUND(#13752,.T.);
#13754= IFCFACE((#13753));
#13755= IFCPOLYLOOP((#13489,#13491,#13493));
#13756= IFCFACEOUTERBOUND(#13755,.T.);
#13757= IFCFACE((#13756));
#13758= IFCPOLYLOOP((#13489,#13493,#13492));
#13759= IFCFACEOUTERBOUND(#13758,.T.);
#13760= IFCFACE((#13759));
#13761= IFCPOLYLOOP((#13497,#13498,#13499));
#13762= IFCFACEOUTERBOUND(#13761,.T.);
#13763= IFCFACE((#13762));
#13764= IFCPOLYLOOP((#13500,#13501,#13502));
#13765= IFCFACEOUTERBOUND(#13764,.T.);
#13766= IFCFACE((#13765));
#13767= IFCPOLYLOOP((#13497,#13503,#13498));
#13768= IFCFACEOUTERBOUND(#13767,.T.);
#13769= IFCFACE((#13768));
#13770= IFCPOLYLOOP((#13500,#13502,#13504));
#13771= IFCFACEOUTERBOUND(#13770,.T.);
#13772= IFCFACE((#13771));
#13773= IFCPOLYLOOP((#13499,#13498,#13502));
#13774= IFCFACEOUTERBOUND(#13773,.T.);
#13775= IFCFACE((#13774));
#13776= IFCPOLYLOOP((#13499,#13502,#13501));
#13777= IFCFACEOUTERBOUND(#13776,.T.);
#13778= IFCFACE((#13777));
#13779= IFCPOLYLOOP((#13498,#13503,#13504));
#13780= IFCFACEOUTERBOUND(#13779,.T.);
#13781= IFCFACE((#13780));
#13782= IFCPOLYLOOP((#13498,#13504,#13502));
#13783= IFCFACEOUTERBOUND(#13782,.T.);
#13784= IFCFACE((#13783));
#13785= IFCPOLYLOOP((#13503,#13497,#13500));
#13786= IFCFACEOUTERBOUND(#13785,.T.);
#13787= IFCFACE((#13786));
#13788= IFCPOLYLOOP((#13503,#13500,#13504));
#13789= IFCFACEOUTERBOUND(#13788,.T.);
#13790= IFCFACE((#13789));
#13791= IFCPOLYLOOP((#13497,#13499,#13501));
#13792= IFCFACEOUTERBOUND(#13791,.T.);
#13793= IFCFACE((#13792));
#13794= IFCPOLYLOOP((#13497,#13501,#13500));
#13795= IFCFACEOUTERBOUND(#13794,.T.);
#13796= IFCFACE((#13795));
#13797= IFCPOLYLOOP((#13505,#13506,#13507));
#13798= IFCFACEOUTERBOUND(#13797,.T.);
#13799= IFCFACE((#13798));
#13800= IFCPOLYLOOP((#13449,#13451,#13508));
#13801= IFCFACEOUTERBOUND(#13800,.T.);
#13802= IFCFACE((#13801));
#13803= IFCPOLYLOOP((#13505,#13509,#13506));
#13804= IFCFACEOUTERBOUND(#13803,.T.);
#13805= IFCFACE((#13804));
#13806= IFCPOLYLOOP((#13449,#13508,#13510));
#13807= IFCFACEOUTERBOUND(#13806,.T.);
#13808= IFCFACE((#13807));
#13809= IFCPOLYLOOP((#13507,#13506,#13508));
#13810= IFCFACEOUTERBOUND(#13809,.T.);
#13811= IFCFACE((#13810));
#13812= IFCPOLYLOOP((#13507,#13508,#13451));
#13813= IFCFACEOUTERBOUND(#13812,.T.);
#13814= IFCFACE((#13813));
#13815= IFCPOLYLOOP((#13506,#13509,#13510));
#13816= IFCFACEOUTERBOUND(#13815,.T.);
#13817= IFCFACE((#13816));
#13818= IFCPOLYLOOP((#13506,#13510,#13508));
#13819= IFCFACEOUTERBOUND(#13818,.T.);
#13820= IFCFACE((#13819));
#13821= IFCPOLYLOOP((#13509,#13505,#13449));
#13822= IFCFACEOUTERBOUND(#13821,.T.);
#13823= IFCFACE((#13822));
#13824= IFCPOLYLOOP((#13509,#13449,#13510));
#13825= IFCFACEOUTERBOUND(#13824,.T.);
#13826= IFCFACE((#13825));
#13827= IFCPOLYLOOP((#13505,#13507,#13451));
#13828= IFCFACEOUTERBOUND(#13827,.T.);
#13829= IFCFACE((#13828));
#13830= IFCPOLYLOOP((#13505,#13451,#13449));
#13831= IFCFACEOUTERBOUND(#13830,.T.);
#13832= IFCFACE((#13831));
#13833= IFCPOLYLOOP((#13456,#13511,#13454));
#13834= IFCFACEOUTERBOUND(#13833,.T.);
#13835= IFCFACE((#13834));
#13836= IFCPOLYLOOP((#13457,#13459,#13512));
#13837= IFCFACEOUTERBOUND(#13836,.T.);
#13838= IFCFACE((#13837));
#13839= IFCPOLYLOOP((#13456,#13513,#13511));
#13840= IFCFACEOUTERBOUND(#13839,.T.);
#13841= IFCFACE((#13840));
#13842= IFCPOLYLOOP((#13457,#13512,#13514));
#13843= IFCFACEOUTERBOUND(#13842,.T.);
#13844= IFCFACE((#13843));
#13845= IFCPOLYLOOP((#13454,#13511,#13512));
#13846= IFCFACEOUTERBOUND(#13845,.T.);
#13847= IFCFACE((#13846));
#13848= IFCPOLYLOOP((#13454,#13512,#13459));
#13849= IFCFACEOUTERBOUND(#13848,.T.);
#13850= IFCFACE((#13849));
#13851= IFCPOLYLOOP((#13511,#13513,#13514));
#13852= IFCFACEOUTERBOUND(#13851,.T.);
#13853= IFCFACE((#13852));
#13854= IFCPOLYLOOP((#13511,#13514,#13512));
#13855= IFCFACEOUTERBOUND(#13854,.T.);
#13856= IFCFACE((#13855));
#13857= IFCPOLYLOOP((#13513,#13456,#13457));
#13858= IFCFACEOUTERBOUND(#13857,.T.);
#13859= IFCFACE((#13858));
#13860= IFCPOLYLOOP((#13513,#13457,#13514));
#13861= IFCFACEOUTERBOUND(#13860,.T.);
#13862= IFCFACE((#13861));
#13863= IFCPOLYLOOP((#13456,#13454,#13459));
#13864= IFCFACEOUTERBOUND(#13863,.T.);
#13865= IFCFACE((#13864));
#13866= IFCPOLYLOOP((#13456,#13459,#13457));
#13867= IFCFACEOUTERBOUND(#13866,.T.);
#13868= IFCFACE((#13867));
#13869= IFCPOLYLOOP((#13464,#13515,#13462));
#13870= IFCFACEOUTERBOUND(#13869,.T.);
#13871= IFCFACE((#13870));
#13872= IFCPOLYLOOP((#13465,#13467,#13516));
#13873= IFCFACEOUTERBOUND(#13872,.T.);
#13874= IFCFACE((#13873));
#13875= IFCPOLYLOOP((#13464,#13517,#13515));
#13876= IFCFACEOUTERBOUND(#13875,.T.);
#13877= IFCFACE((#13876));
#13878= IFCPOLYLOOP((#13465,#13516,#13518));
#13879= IFCFACEOUTERBOUND(#13878,.T.);
#13880= IFCFACE((#13879));
#13881= IFCPOLYLOOP((#13462,#13515,#13516));
#13882= IFCFACEOUTERBOUND(#13881,.T.);
#13883= IFCFACE((#13882));
#13884= IFCPOLYLOOP((#13462,#13516,#13467));
#13885= IFCFACEOUTERBOUND(#13884,.T.);
#13886= IFCFACE((#13885));
#13887= IFCPOLYLOOP((#13515,#13517,#13518));
#13888= IFCFACEOUTERBOUND(#13887,.T.);
#13889= IFCFACE((#13888));
#13890= IFCPOLYLOOP((#13515,#13518,#13516));
#13891= IFCFACEOUTERBOUND(#13890,.T.);
#13892= IFCFACE((#13891));
#13893= IFCPOLYLOOP((#13517,#13464,#13465));
#13894= IFCFACEOUTERBOUND(#13893,.T.);
#13895= IFCFACE((#13894));
#13896= IFCPOLYLOOP((#13517,#13465,#13518));
#13897= IFCFACEOUTERBOUND(#13896,.T.);
#13898= IFCFACE((#13897));
#13899= IFCPOLYLOOP((#13464,#13462,#13467));
#13900= IFCFACEOUTERBOUND(#13899,.T.);
#13901= IFCFACE((#13900));
#13902= IFCPOLYLOOP((#13464,#13467,#13465));
#13903= IFCFACEOUTERBOUND(#13902,.T.);
#13904= IFCFACE((#13903));
#13905= IFCPOLYLOOP((#13472,#13519,#13470));
#13906= IFCFACEOUTERBOUND(#13905,.T.);
#13907= IFCFACE((#13906));
#13908= IFCPOLYLOOP((#13473,#13475,#13520));
#13909= IFCFACEOUTERBOUND(#13908,.T.);
#13910= IFCFACE((#13909));
#13911= IFCPOLYLOOP((#13472,#13521,#13519));
#13912= IFCFACEOUTERBOUND(#13911,.T.);
#13913= IFCFACE((#13912));
#13914= IFCPOLYLOOP((#13473,#13520,#13522));
#13915= IFCFACEOUTERBOUND(#13914,.T.);
#13916= IFCFACE((#13915));
#13917= IFCPOLYLOOP((#13470,#13519,#13520));
#13918= IFCFACEOUTERBOUND(#13917,.T.);
#13919= IFCFACE((#13918));
#13920= IFCPOLYLOOP((#13470,#13520,#13475));
#13921= IFCFACEOUTERBOUND(#13920,.T.);
#13922= IFCFACE((#13921));
#13923= IFCPOLYLOOP((#13519,#13521,#13522));
#13924= IFCFACEOUTERBOUND(#13923,.T.);
#13925= IFCFACE((#13924));
#13926= IFCPOLYLOOP((#13519,#13522,#13520));
#13927= IFCFACEOUTERBOUND(#13926,.T.);
#13928= IFCFACE((#13927));
#13929= IFCPOLYLOOP((#13521,#13472,#13473));
#13930= IFCFACEOUTERBOUND(#13929,.T.);
#13931= IFCFACE((#13930));
#13932= IFCPOLYLOOP((#13521,#13473,#13522));
#13933= IFCFACEOUTERBOUND(#13932,.T.);
#13934= IFCFACE((#13933));
#13935= IFCPOLYLOOP((#13472,#13470,#13475));
#13936= IFCFACEOUTERBOUND(#13935,.T.);
#13937= IFCFACE((#13936));
#13938= IFCPOLYLOOP((#13472,#13475,#13473));
#13939= IFCFACEOUTERBOUND(#13938,.T.);
#13940= IFCFACE((#13939));
#13941= IFCPOLYLOOP((#13480,#13523,#13478));
#13942= IFCFACEOUTERBOUND(#13941,.T.);
#13943= IFCFACE((#13942));
#13944= IFCPOLYLOOP((#13481,#13483,#13524));
#13945= IFCFACEOUTERBOUND(#13944,.T.);
#13946= IFCFACE((#13945));
#13947= IFCPOLYLOOP((#13480,#13525,#13523));
#13948= IFCFACEOUTERBOUND(#13947,.T.);
#13949= IFCFACE((#13948));
#13950= IFCPOLYLOOP((#13481,#13524,#13526));
#13951= IFCFACEOUTERBOUND(#13950,.T.);
#13952= IFCFACE((#13951));
#13953= IFCPOLYLOOP((#13478,#13523,#13524));
#13954= IFCFACEOUTERBOUND(#13953,.T.);
#13955= IFCFACE((#13954));
#13956= IFCPOLYLOOP((#13478,#13524,#13483));
#13957= IFCFACEOUTERBOUND(#13956,.T.);
#13958= IFCFACE((#13957));
#13959= IFCPOLYLOOP((#13523,#13525,#13526));
#13960= IFCFACEOUTERBOUND(#13959,.T.);
#13961= IFCFACE((#13960));
#13962= IFCPOLYLOOP((#13523,#13526,#13524));
#13963= IFCFACEOUTERBOUND(#13962,.T.);
#13964= IFCFACE((#13963));
#13965= IFCPOLYLOOP((#13525,#13480,#13481));
#13966= IFCFACEOUTERBOUND(#13965,.T.);
#13967= IFCFACE((#13966));
#13968= IFCPOLYLOOP((#13525,#13481,#13526));
#13969= IFCFACEOUTERBOUND(#13968,.T.);
#13970= IFCFACE((#13969));
#13971= IFCPOLYLOOP((#13480,#13478,#13483));
#13972= IFCFACEOUTERBOUND(#13971,.T.);
#13973= IFCFACE((#13972));
#13974= IFCPOLYLOOP((#13480,#13483,#13481));
#13975= IFCFACEOUTERBOUND(#13974,.T.);
#13976= IFCFACE((#13975));
#13977= IFCPOLYLOOP((#13488,#13527,#13486));
#13978= IFCFACEOUTERBOUND(#13977,.T.);
#13979= IFCFACE((#13978));
#13980= IFCPOLYLOOP((#13489,#13491,#13528));
#13981= IFCFACEOUTERBOUND(#13980,.T.);
#13982= IFCFACE((#13981));
#13983= IFCPOLYLOOP((#13488,#13529,#13527));
#13984= IFCFACEOUTERBOUND(#13983,.T.);
#13985= IFCFACE((#13984));
#13986= IFCPOLYLOOP((#13489,#13528,#13530));
#13987= IFCFACEOUTERBOUND(#13986,.T.);
#13988= IFCFACE((#13987));
#13989= IFCPOLYLOOP((#13486,#13527,#13528));
#13990= IFCFACEOUTERBOUND(#13989,.T.);
#13991= IFCFACE((#13990));
#13992= IFCPOLYLOOP((#13486,#13528,#13491));
#13993= IFCFACEOUTERBOUND(#13992,.T.);
#13994= IFCFACE((#13993));
#13995= IFCPOLYLOOP((#13527,#13529,#13530));
#13996= IFCFACEOUTERBOUND(#13995,.T.);
#13997= IFCFACE((#13996));
#13998= IFCPOLYLOOP((#13527,#13530,#13528));
#13999= IFCFACEOUTERBOUND(#13998,.T.);
#14000= IFCFACE((#13999));
#14001= IFCPOLYLOOP((#13529,#13488,#13489));
#14002= IFCFACEOUTERBOUND(#14001,.T.);
#14003= IFCFACE((#14002));
#14004= IFCPOLYLOOP((#13529,#13489,#13530));
#14005= IFCFACEOUTERBOUND(#14004,.T.);
#14006= IFCFACE((#14005));
#14007= IFCPOLYLOOP((#13488,#13486,#13491));
#14008= IFCFACEOUTERBOUND(#14007,.T.);
#14009= IFCFACE((#14008));
#14010= IFCPOLYLOOP((#13488,#13491,#13489));
#14011= IFCFACEOUTERBOUND(#14010,.T.);
#14012= IFCFACE((#14011));
#14013= IFCPOLYLOOP((#13496,#13531,#13494));
#14014= IFCFACEOUTERBOUND(#14013,.T.);
#14015= IFCFACE((#14014));
#14016= IFCPOLYLOOP((#13497,#13499,#13532));
#14017= IFCFACEOUTERBOUND(#14016,.T.);
#14018= IFCFACE((#14017));
#14019= IFCPOLYLOOP((#13496,#13533,#13531));
#14020= IFCFACEOUTERBOUND(#14019,.T.);
#14021= IFCFACE((#14020));
#14022= IFCPOLYLOOP((#13497,#13532,#13534));
#14023= IFCFACEOUTERBOUND(#14022,.T.);
#14024= IFCFACE((#14023));
#14025= IFCPOLYLOOP((#13494,#13531,#13532));
#14026= IFCFACEOUTERBOUND(#14025,.T.);
#14027= IFCFACE((#14026));
#14028= IFCPOLYLOOP((#13494,#13532,#13499));
#14029= IFCFACEOUTERBOUND(#14028,.T.);
#14030= IFCFACE((#14029));
#14031= IFCPOLYLOOP((#13531,#13533,#13534));
#14032= IFCFACEOUTERBOUND(#14031,.T.);
#14033= IFCFACE((#14032));
#14034= IFCPOLYLOOP((#13531,#13534,#13532));
#14035= IFCFACEOUTERBOUND(#14034,.T.);
#14036= IFCFACE((#14035));
#14037= IFCPOLYLOOP((#13533,#13496,#13497));
#14038= IFCFACEOUTERBOUND(#14037,.T.);
#14039= IFCFACE((#14038));
#14040= IFCPOLYLOOP((#13533,#13497,#13534));
#14041= IFCFACEOUTERBOUND(#14040,.T.);
#14042= IFCFACE((#14041));
#14043= IFCPOLYLOOP((#13496,#13494,#13499));
#14044= IFCFACEOUTERBOUND(#14043,.T.);
#14045= IFCFACE((#14044));
#14046= IFCPOLYLOOP((#13496,#13499,#13497));
#14047= IFCFACEOUTERBOUND(#14046,.T.);
#14048= IFCFACE((#14047));
#14049= IFCPOLYLOOP((#13504,#13535,#13502));
#14050= IFCFACEOUTERBOUND(#14049,.T.);
#14051= IFCFACE((#14050));
#14052= IFCPOLYLOOP((#13536,#13537,#13538));
#14053= IFCFACEOUTERBOUND(#14052,.T.);
#14054= IFCFACE((#14053));
#14055= IFCPOLYLOOP((#13504,#13539,#13535));
#14056= IFCFACEOUTERBOUND(#14055,.T.);
#14057= IFCFACE((#14056));
#14058= IFCPOLYLOOP((#13536,#13538,#13540));
#14059= IFCFACEOUTERBOUND(#14058,.T.);
#14060= IFCFACE((#14059));
#14061= IFCPOLYLOOP((#13502,#13535,#13538));
#14062= IFCFACEOUTERBOUND(#14061,.T.);
#14063= IFCFACE((#14062));
#14064= IFCPOLYLOOP((#13502,#13538,#13537));
#14065= IFCFACEOUTERBOUND(#14064,.T.);
#14066= IFCFACE((#14065));
#14067= IFCPOLYLOOP((#13535,#13539,#13540));
#14068= IFCFACEOUTERBOUND(#14067,.T.);
#14069= IFCFACE((#14068));
#14070= IFCPOLYLOOP((#13535,#13540,#13538));
#14071= IFCFACEOUTERBOUND(#14070,.T.);
#14072= IFCFACE((#14071));
#14073= IFCPOLYLOOP((#13504,#13502,#13537));
#14074= IFCFACEOUTERBOUND(#14073,.T.);
#14075= IFCFACE((#14074));
#14076= IFCPOLYLOOP((#13504,#13537,#13536));
#14077= IFCFACEOUTERBOUND(#14076,.T.);
#14078= IFCFACE((#14077));
#14079= IFCPOLYLOOP((#13536,#13541,#13537));
#14080= IFCFACEOUTERBOUND(#14079,.T.);
#14081= IFCFACE((#14080));
#14082= IFCPOLYLOOP((#13542,#13543,#13544));
#14083= IFCFACEOUTERBOUND(#14082,.T.);
#14084= IFCFACE((#14083));
#14085= IFCPOLYLOOP((#13537,#13541,#13544));
#14086= IFCFACEOUTERBOUND(#14085,.T.);
#14087= IFCFACE((#14086));
#14088= IFCPOLYLOOP((#13537,#13544,#13543));
#14089= IFCFACEOUTERBOUND(#14088,.T.);
#14090= IFCFACE((#14089));
#14091= IFCPOLYLOOP((#13536,#13537,#13543));
#14092= IFCFACEOUTERBOUND(#14091,.T.);
#14093= IFCFACE((#14092));
#14094= IFCPOLYLOOP((#13536,#13543,#13542));
#14095= IFCFACEOUTERBOUND(#14094,.T.);
#14096= IFCFACE((#14095));
#14097= IFCCLOSEDSHELL((#13547,#13550,#13553,#13556,#13559,#13562,#13565,#13568,#13571,#13574,#13577,#13580,#13583,#13586,#13589,#13592,#13595,#13598,#13601,#13604,#13607,#13610,#13613,#13616,#13619,#13622,#13625,#13628,#13631,#13634,#13637,#13640,#13643,#13646,#13649,#13652,#13655,#13658,#13661,#13664,#13667,#13670,#13673,#13676,#13679,#13682,#13685,#13688,#13691,#13694,#13697,#13700,#13703,#13706,#13709,#13712,#13715,#13718,#13721,#13724,#13727,#13730,#13733,#13736,#13739,#13742,#13745,#13748,#13751,#13754,#13757,#13760,#13763,#13766,#13769,#13772,#13775,#13778,#13781,#13784,#13787,#13790,#13793,#13796,#13799,#13802,#13805,#13808,#13811,#13814,#13817,#13820,#13823,#13826,#13829,#13832,#13835,#13838,#13841,#13844,#13847,#13850,#13853,#13856,#13859,#13862,#13865,#13868,#13871,#13874,#13877,#13880,#13883,#13886,#13889,#13892,#13895,#13898,#13901,#13904,#13907,#13910,#13913,#13916,#13919,#13922,#13925,#13928,#13931,#13934,#13937,#13940,#13943,#13946,#13949,#13952,#13955,#13958,#13961,#13964,#13967,#13970,#13973,#13976,#13979,#13982,#13985,#13988,#13991,#13994,#13997,#14000,#14003,#14006,#14009,#14012,#14015,#14018,#14021,#14024,#14027,#14030,#14033,#14036,#14039,#14042,#14045,#14048,#14051,#14054,#14057,#14060,#14063,#14066,#14069,#14072,#14075,#14078,#14081,#14084,#14087,#14090,#14093,#14096));
#14098= IFCFACETEDBREP(#14097);
#14099= IFCSHAPEREPRESENTATION(#10,'Body','Brep',(#14098));
#14100= IFCPRODUCTDEFINITIONSHAPE($,$,(#14099));
#14101= IFCLOCALPLACEMENT(#172,#7);
#14102= IFCSTAIRFLIGHT('29OhG6et2kR$T8ziPqMrcb',#5,'Stair 2',$,$,#14101,#14100,'s-2:flight0',8,7,0.175,0.27);
#14103= IFCCARTESIANPOINT((2.89,4.5,1.535));
#14104= IFCCARTESIANPOINT((3.89,4.77,1.535));
#14105= IFCCARTESIANPOINT((3.89,4.5,1.535));
#14106= IFCCARTESIANPOINT((2.89,4.5,1.575));
#14107= IFCCARTESIANPOINT((3.89,4.5,1.575));
#14108= IFCCARTESIANPOINT((3.89,4.77,1.575));
#14109= IFCCARTESIANPOINT((2.89,4.77,1.535));
#14110= IFCCARTESIANPOINT((2.89,4.77,1.575));
#14111= IFCCARTESIANPOINT((2.89,4.77,1.71));
#14112= IFCCARTESIANPOINT((3.89,5.04,1.71));
#14113= IFCCARTESIANPOINT((3.89,4.77,1.71));
#14114= IFCCARTESIANPOINT((2.89,4.77,1.75));
#14115= IFCCARTESIANPOINT((3.89,4.77,1.75));
#14116= IFCCARTESIANPOINT((3.89,5.04,1.75));
#14117= IFCCARTESIANPOINT((2.89,5.04,1.71));
#14118= IFCCARTESIANPOINT((2.89,5.04,1.75));
#14119= IFCCARTESIANPOINT((2.89,5.04,1.885));
#14120= IFCCARTESIANPOINT((3.89,5.31,1.885));
#14121= IFCCARTESIANPOINT((3.89,5.04,1.885));
#14122= IFCCARTESIANPOINT((2.89,5.04,1.925));
#14123= IFCCARTESIANPOINT((3.89,5.04,1.925));
#14124= IFCCARTESIANPOINT((3.89,5.31,1.925));
#14125= IFCCARTESIANPOINT((2.89,5.31,1.885));
#14126= IFCCARTESIANPOINT((2.89,5.31,1.925));
#14127= IFCCARTESIANPOINT((2.89,5.31,2.06));
#14128= IFCCARTESIANPOINT((3.89,5.58,2.06));
#14129= IFCCARTESIANPOINT((3.89,5.31,2.06));
#14130= IFCCARTESIANPOINT((2.89,5.31,2.1));
#14131= IFCCARTESIANPOINT((3.89,5.31,2.1));
#14132= IFCCARTESIANPOINT((3.89,5.58,2.1));
#14133= IFCCARTESIANPOINT((2.89,5.58,2.06));
#14134= IFCCARTESIANPOINT((2.89,5.58,2.1));
#14135= IFCCARTESIANPOINT((2.89,5.58,2.235));
#14136= IFCCARTESIANPOINT((3.89,5.85,2.235));
#14137= IFCCARTESIANPOINT((3.89,5.58,2.235));
#14138= IFCCARTESIANPOINT((2.89,5.58,2.275));
#14139= IFCCARTESIANPOINT((3.89,5.58,2.275));
#14140= IFCCARTESIANPOINT((3.89,5.85,2.275));
#14141= IFCCARTESIANPOINT((2.89,5.85,2.235));
#14142= IFCCARTESIANPOINT((2.89,5.85,2.275));
#14143= IFCCARTESIANPOINT((2.89,5.85,2.41));
#14144= IFCCARTESIANPOINT((3.89,6.12,2.41));
#14145= IFCCARTESIANPOINT((3.89,5.85,2.41));
#14146= IFCCARTESIANPOINT((2.89,5.85,2.45));
#14147= IFCCARTESIANPOINT((3.89,5.85,2.45));
#14148= IFCCARTESIANPOINT((3.89,6.12,2.45));
#14149= IFCCARTESIANPOINT((2.89,6.12,2.41));
#14150= IFCCARTESIANPOINT((2.89,6.12,2.45));
#14151= IFCCARTESIANPOINT((2.89,6.12,2.585));
#14152= IFCCARTESIANPOINT((3.89,6.39,2.585));
#14153= IFCCARTESIANPOINT((3.89,6.12,2.585));
#14154= IFCCARTESIANPOINT((2.89,6.12,2.625));
#14155= IFCCARTESIANPOINT((3.89,6.12,2.625));
#14156= IFCCARTESIANPOINT((3.89,6.39,2.625));
#14157= IFCCARTESIANPOINT((2.89,6.39,2.585));
#14158= IFCCARTESIANPOINT((2.89,6.39,2.625));
#14159= IFCCARTESIANPOINT((3.89,4.54,1.4));
#14160= IFCCARTESIANPOINT((3.89,4.5,1.4));
#14161= IFCCARTESIANPOINT((3.89,4.54,1.535));
#14162= IFCCARTESIANPOINT((2.89,4.54,1.4));
#14163= IFCCARTESIANPOINT((2.89,4.54,1.535));
#14164= IFCCARTESIANPOINT((3.89,4.81,1.575));
#14165= IFCCARTESIANPOINT((3.89,4.81,1.71));
#14166= IFCCARTESIANPOINT((2.89,4.81,1.575));
#14167= IFCCARTESIANPOINT((2.89,4.81,1.71));
#14168= IFCCARTESIANPOINT((3.89,5.08,1.75));
#14169= IFCCARTESIANPOINT((3.89,5.08,1.885));
#14170= IFCCARTESIANPOINT((2.89,5.08,1.75));
#14171= IFCCARTESIANPOINT((2.89,5.08,1.885));
#14172= IFCCARTESIANPOINT((3.89,5.35,1.925));
#14173= IFCCARTESIANPOINT((3.89,5.35,2.06));
#14174= IFCCARTESIANPOINT((2.89,5.35,1.925));
#14175= IFCCARTESIANPOINT((2.89,5.35,2.06));
#14176= IFCCARTESIANPOINT((3.89,5.62,2.1));
#14177= IFCCARTESIANPOINT((3.89,5.62,2.235));
#14178= IFCCARTESIANPOINT((2.89,5.62,2.1));
#14179= IFCCARTESIANPOINT((2.89,5.62,2.235));
#14180= IFCCARTESIANPOINT((3.89,5.89,2.275));
#14181= IFCCARTESIANPOINT((3.89,5.89,2.41));
#14182= IFCCARTESIANPOINT((2.89,5.89,2.275));
#14183= IFCCARTESIANPOINT((2.89,5.89,2.41));
#14184= IFCCARTESIANPOINT((3.89,6.16,2.45));
#14185= IFCCARTESIANPOINT((3.89,6.16,2.585));
#14186= IFCCARTESIANPOINT((2.89,6.16,2.45));
#14187= IFCCARTESIANPOINT((2.89,6.16,2.585));
#14188= IFCCARTESIANPOINT((3.89,4.5,1.36));
#14189= IFCPOLYLOOP((#14103,#14104,#14105));
#14190= IFCFACEOUTERBOUND(#14189,.T.);
#14191= IFCFACE((#14190));
#14192= IFCPOLYLOOP((#14106,#14107,#14108));
#14193= IFCFACEOUTERBOUND(#14192,.T.);
#14194= IFCFACE((#14193));
#14195= IFCPOLYLOOP((#14103,#14109,#14104));
#14196= IFCFACEOUTERBOUND(#14195,.T.);
#14197= IFCFACE((#14196));
#14198= IFCPOLYLOOP((#14106,#14108,#14110));
#14199= IFCFACEOUTERBOUND(#14198,.T.);
#14200= IFCFACE((#14199));
#14201= IFCPOLYLOOP((#14105,#14104,#14108));
#14202= IFCFACEOUTERBOUND(#14201,.T.);
#14203= IFCFACE((#14202));
#14204= IFCPOLYLOOP((#14105,#14108,#14107));
#14205= IFCFACEOUTERBOUND(#14204,.T.);
#14206= IFCFACE((#14205));
#14207= IFCPOLYLOOP((#14104,#14109,#14110));
#14208= IFCFACEOUTERBOUND(#14207,.T.);
#14209= IFCFACE((#14208));
#14210= IFCPOLYLOOP((#14104,#14110,#14108));
#14211= IFCFACEOUTERBOUND(#14210,.T.);
#14212= IFCFACE((#14211));
#14213= IFCPOLYLOOP((#14109,#14103,#14106));
#14214= IFCFACEOUTERBOUND(#14213,.T.);
#14215= IFCFACE((#14214));
#14216= IFCPOLYLOOP((#14109,#14106,#14110));
#14217= IFCFACEOUTERBOUND(#14216,.T.);
#14218= IFCFACE((#14217));
#14219= IFCPOLYLOOP((#14103,#14105,#14107));
#14220= IFCFACEOUTERBOUND(#14219,.T.);
#14221= IFCFACE((#14220));
#14222= IFCPOLYLOOP((#14103,#14107,#14106));
#14223= IFCFACEOUTERBOUND(#14222,.T.);
#14224= IFCFACE((#14223));
#14225= IFCPOLYLOOP((#14111,#14112,#14113));
#14226= IFCFACEOUTERBOUND(#14225,.T.);
#14227= IFCFACE((#14226));
#14228= IFCPOLYLOOP((#14114,#14115,#14116));
#14229= IFCFACEOUTERBOUND(#14228,.T.);
#14230= IFCFACE((#14229));
#14231= IFCPOLYLOOP((#14111,#14117,#14112));
#14232= IFCFACEOUTERBOUND(#14231,.T.);
#14233= IFCFACE((#14232));
#14234= IFCPOLYLOOP((#14114,#14116,#14118));
#14235= IFCFACEOUTERBOUND(#14234,.T.);
#14236= IFCFACE((#14235));
#14237= IFCPOLYLOOP((#14113,#14112,#14116));
#14238= IFCFACEOUTERBOUND(#14237,.T.);
#14239= IFCFACE((#14238));
#14240= IFCPOLYLOOP((#14113,#14116,#14115));
#14241= IFCFACEOUTERBOUND(#14240,.T.);
#14242= IFCFACE((#14241));
#14243= IFCPOLYLOOP((#14112,#14117,#14118));
#14244= IFCFACEOUTERBOUND(#14243,.T.);
#14245= IFCFACE((#14244));
#14246= IFCPOLYLOOP((#14112,#14118,#14116));
#14247= IFCFACEOUTERBOUND(#14246,.T.);
#14248= IFCFACE((#14247));
#14249= IFCPOLYLOOP((#14117,#14111,#14114));
#14250= IFCFACEOUTERBOUND(#14249,.T.);
#14251= IFCFACE((#14250));
#14252= IFCPOLYLOOP((#14117,#14114,#14118));
#14253= IFCFACEOUTERBOUND(#14252,.T.);
#14254= IFCFACE((#14253));
#14255= IFCPOLYLOOP((#14111,#14113,#14115));
#14256= IFCFACEOUTERBOUND(#14255,.T.);
#14257= IFCFACE((#14256));
#14258= IFCPOLYLOOP((#14111,#14115,#14114));
#14259= IFCFACEOUTERBOUND(#14258,.T.);
#14260= IFCFACE((#14259));
#14261= IFCPOLYLOOP((#14119,#14120,#14121));
#14262= IFCFACEOUTERBOUND(#14261,.T.);
#14263= IFCFACE((#14262));
#14264= IFCPOLYLOOP((#14122,#14123,#14124));
#14265= IFCFACEOUTERBOUND(#14264,.T.);
#14266= IFCFACE((#14265));
#14267= IFCPOLYLOOP((#14119,#14125,#14120));
#14268= IFCFACEOUTERBOUND(#14267,.T.);
#14269= IFCFACE((#14268));
#14270= IFCPOLYLOOP((#14122,#14124,#14126));
#14271= IFCFACEOUTERBOUND(#14270,.T.);
#14272= IFCFACE((#14271));
#14273= IFCPOLYLOOP((#14121,#14120,#14124));
#14274= IFCFACEOUTERBOUND(#14273,.T.);
#14275= IFCFACE((#14274));
#14276= IFCPOLYLOOP((#14121,#14124,#14123));
#14277= IFCFACEOUTERBOUND(#14276,.T.);
#14278= IFCFACE((#14277));
#14279= IFCPOLYLOOP((#14120,#14125,#14126));
#14280= IFCFACEOUTERBOUND(#14279,.T.);
#14281= IFCFACE((#14280));
#14282= IFCPOLYLOOP((#14120,#14126,#14124));
#14283= IFCFACEOUTERBOUND(#14282,.T.);
#14284= IFCFACE((#14283));
#14285= IFCPOLYLOOP((#14125,#14119,#14122));
#14286= IFCFACEOUTERBOUND(#14285,.T.);
#14287= IFCFACE((#14286));
#14288= IFCPOLYLOOP((#14125,#14122,#14126));
#14289= IFCFACEOUTERBOUND(#14288,.T.);
#14290= IFCFACE((#14289));
#14291= IFCPOLYLOOP((#14119,#14121,#14123));
#14292= IFCFACEOUTERBOUND(#14291,.T.);
#14293= IFCFACE((#14292));
#14294= IFCPOLYLOOP((#14119,#14123,#14122));
#14295= IFCFACEOUTERBOUND(#14294,.T.);
#14296= IFCFACE((#14295));
#14297= IFCPOLYLOOP((#14127,#14128,#14129));
#14298= IFCFACEOUTERBOUND(#14297,.T.);
#14299= IFCFACE((#14298));
#14300= IFCPOLYLOOP((#14130,#14131,#14132));
#14301= IFCFACEOUTERBOUND(#14300,.T.);
#14302= IFCFACE((#14301));
#14303= IFCPOLYLOOP((#14127,#14133,#14128));
#14304= IFCFACEOUTERBOUND(#14303,.T.);
#14305= IFCFACE((#14304));
#14306= IFCPOLYLOOP((#14130,#14132,#14134));
#14307= IFCFACEOUTERBOUND(#14306,.T.);
#14308= IFCFACE((#14307));
#14309= IFCPOLYLOOP((#14129,#14128,#14132));
#14310= IFCFACEOUTERBOUND(#14309,.T.);
#14311= IFCFACE((#14310));
#14312= IFCPOLYLOOP((#14129,#14132,#14131));
#14313= IFCFACEOUTERBOUND(#14312,.T.);
#14314= IFCFACE((#14313));
#14315= IFCPOLYLOOP((#14128,#14133,#14134));
#14316= IFCFACEOUTERBOUND(#14315,.T.);
#14317= IFCFACE((#14316));
#14318= IFCPOLYLOOP((#14128,#14134,#14132));
#14319= IFCFACEOUTERBOUND(#14318,.T.);
#14320= IFCFACE((#14319));
#14321= IFCPOLYLOOP((#14133,#14127,#14130));
#14322= IFCFACEOUTERBOUND(#14321,.T.);
#14323= IFCFACE((#14322));
#14324= IFCPOLYLOOP((#14133,#14130,#14134));
#14325= IFCFACEOUTERBOUND(#14324,.T.);
#14326= IFCFACE((#14325));
#14327= IFCPOLYLOOP((#14127,#14129,#14131));
#14328= IFCFACEOUTERBOUND(#14327,.T.);
#14329= IFCFACE((#14328));
#14330= IFCPOLYLOOP((#14127,#14131,#14130));
#14331= IFCFACEOUTERBOUND(#14330,.T.);
#14332= IFCFACE((#14331));
#14333= IFCPOLYLOOP((#14135,#14136,#14137));
#14334= IFCFACEOUTERBOUND(#14333,.T.);
#14335= IFCFACE((#14334));
#14336= IFCPOLYLOOP((#14138,#14139,#14140));
#14337= IFCFACEOUTERBOUND(#14336,.T.);
#14338= IFCFACE((#14337));
#14339= IFCPOLYLOOP((#14135,#14141,#14136));
#14340= IFCFACEOUTERBOUND(#14339,.T.);
#14341= IFCFACE((#14340));
#14342= IFCPOLYLOOP((#14138,#14140,#14142));
#14343= IFCFACEOUTERBOUND(#14342,.T.);
#14344= IFCFACE((#14343));
#14345= IFCPOLYLOOP((#14137,#14136,#14140));
#14346= IFCFACEOUTERBOUND(#14345,.T.);
#14347= IFCFACE((#14346));
#14348= IFCPOLYLOOP((#14137,#14140,#14139));
#14349= IFCFACEOUTERBOUND(#14348,.T.);
#14350= IFCFACE((#14349));
#14351= IFCPOLYLOOP((#14136,#14141,#14142));
#14352= IFCFACEOUTERBOUND(#14351,.T.);
#14353= IFCFACE((#14352));
#14354= IFCPOLYLOOP((#14136,#14142,#14140));
#14355= IFCFACEOUTERBOUND(#14354,.T.);
#14356= IFCFACE((#14355));
#14357= IFCPOLYLOOP((#14141,#14135,#14138));
#14358= IFCFACEOUTERBOUND(#14357,.T.);
#14359= IFCFACE((#14358));
#14360= IFCPOLYLOOP((#14141,#14138,#14142));
#14361= IFCFACEOUTERBOUND(#14360,.T.);
#14362= IFCFACE((#14361));
#14363= IFCPOLYLOOP((#14135,#14137,#14139));
#14364= IFCFACEOUTERBOUND(#14363,.T.);
#14365= IFCFACE((#14364));
#14366= IFCPOLYLOOP((#14135,#14139,#14138));
#14367= IFCFACEOUTERBOUND(#14366,.T.);
#14368= IFCFACE((#14367));
#14369= IFCPOLYLOOP((#14143,#14144,#14145));
#14370= IFCFACEOUTERBOUND(#14369,.T.);
#14371= IFCFACE((#14370));
#14372= IFCPOLYLOOP((#14146,#14147,#14148));
#14373= IFCFACEOUTERBOUND(#14372,.T.);
#14374= IFCFACE((#14373));
#14375= IFCPOLYLOOP((#14143,#14149,#14144));
#14376= IFCFACEOUTERBOUND(#14375,.T.);
#14377= IFCFACE((#14376));
#14378= IFCPOLYLOOP((#14146,#14148,#14150));
#14379= IFCFACEOUTERBOUND(#14378,.T.);
#14380= IFCFACE((#14379));
#14381= IFCPOLYLOOP((#14145,#14144,#14148));
#14382= IFCFACEOUTERBOUND(#14381,.T.);
#14383= IFCFACE((#14382));
#14384= IFCPOLYLOOP((#14145,#14148,#14147));
#14385= IFCFACEOUTERBOUND(#14384,.T.);
#14386= IFCFACE((#14385));
#14387= IFCPOLYLOOP((#14144,#14149,#14150));
#14388= IFCFACEOUTERBOUND(#14387,.T.);
#14389= IFCFACE((#14388));
#14390= IFCPOLYLOOP((#14144,#14150,#14148));
#14391= IFCFACEOUTERBOUND(#14390,.T.);
#14392= IFCFACE((#14391));
#14393= IFCPOLYLOOP((#14149,#14143,#14146));
#14394= IFCFACEOUTERBOUND(#14393,.T.);
#14395= IFCFACE((#14394));
#14396= IFCPOLYLOOP((#14149,#14146,#14150));
#14397= IFCFACEOUTERBOUND(#14396,.T.);
#14398= IFCFACE((#14397));
#14399= IFCPOLYLOOP((#14143,#14145,#14147));
#14400= IFCFACEOUTERBOUND(#14399,.T.);
#14401= IFCFACE((#14400));
#14402= IFCPOLYLOOP((#14143,#14147,#14146));
#14403= IFCFACEOUTERBOUND(#14402,.T.);
#14404= IFCFACE((#14403));
#14405= IFCPOLYLOOP((#14151,#14152,#14153));
#14406= IFCFACEOUTERBOUND(#14405,.T.);
#14407= IFCFACE((#14406));
#14408= IFCPOLYLOOP((#14154,#14155,#14156));
#14409= IFCFACEOUTERBOUND(#14408,.T.);
#14410= IFCFACE((#14409));
#14411= IFCPOLYLOOP((#14151,#14157,#14152));
#14412= IFCFACEOUTERBOUND(#14411,.T.);
#14413= IFCFACE((#14412));
#14414= IFCPOLYLOOP((#14154,#14156,#14158));
#14415= IFCFACEOUTERBOUND(#14414,.T.);
#14416= IFCFACE((#14415));
#14417= IFCPOLYLOOP((#14153,#14152,#14156));
#14418= IFCFACEOUTERBOUND(#14417,.T.);
#14419= IFCFACE((#14418));
#14420= IFCPOLYLOOP((#14153,#14156,#14155));
#14421= IFCFACEOUTERBOUND(#14420,.T.);
#14422= IFCFACE((#14421));
#14423= IFCPOLYLOOP((#14152,#14157,#14158));
#14424= IFCFACEOUTERBOUND(#14423,.T.);
#14425= IFCFACE((#14424));
#14426= IFCPOLYLOOP((#14152,#14158,#14156));
#14427= IFCFACEOUTERBOUND(#14426,.T.);
#14428= IFCFACE((#14427));
#14429= IFCPOLYLOOP((#14157,#14151,#14154));
#14430= IFCFACEOUTERBOUND(#14429,.T.);
#14431= IFCFACE((#14430));
#14432= IFCPOLYLOOP((#14157,#14154,#14158));
#14433= IFCFACEOUTERBOUND(#14432,.T.);
#14434= IFCFACE((#14433));
#14435= IFCPOLYLOOP((#14151,#14153,#14155));
#14436= IFCFACEOUTERBOUND(#14435,.T.);
#14437= IFCFACE((#14436));
#14438= IFCPOLYLOOP((#14151,#14155,#14154));
#14439= IFCFACEOUTERBOUND(#14438,.T.);
#14440= IFCFACE((#14439));
#14441= IFCPOLYLOOP((#13539,#13504,#13536));
#14442= IFCFACEOUTERBOUND(#14441,.T.);
#14443= IFCFACE((#14442));
#14444= IFCPOLYLOOP((#13539,#13536,#13540));
#14445= IFCFACEOUTERBOUND(#14444,.T.);
#14446= IFCFACE((#14445));
#14447= IFCPOLYLOOP((#13542,#14159,#14160));
#14448= IFCFACEOUTERBOUND(#14447,.T.);
#14449= IFCFACE((#14448));
#14450= IFCPOLYLOOP((#14103,#14105,#14161));
#14451= IFCFACEOUTERBOUND(#14450,.T.);
#14452= IFCFACE((#14451));
#14453= IFCPOLYLOOP((#13542,#14162,#14159));
#14454= IFCFACEOUTERBOUND(#14453,.T.);
#14455= IFCFACE((#14454));
#14456= IFCPOLYLOOP((#14103,#14161,#14163));
#14457= IFCFACEOUTERBOUND(#14456,.T.);
#14458= IFCFACE((#14457));
#14459= IFCPOLYLOOP((#14160,#14159,#14161));
#14460= IFCFACEOUTERBOUND(#14459,.T.);
#14461= IFCFACE((#14460));
#14462= IFCPOLYLOOP((#14160,#14161,#14105));
#14463= IFCFACEOUTERBOUND(#14462,.T.);
#14464= IFCFACE((#14463));
#14465= IFCPOLYLOOP((#14159,#14162,#14163));
#14466= IFCFACEOUTERBOUND(#14465,.T.);
#14467= IFCFACE((#14466));
#14468= IFCPOLYLOOP((#14159,#14163,#14161));
#14469= IFCFACEOUTERBOUND(#14468,.T.);
#14470= IFCFACE((#14469));
#14471= IFCPOLYLOOP((#14162,#13542,#14103));
#14472= IFCFACEOUTERBOUND(#14471,.T.);
#14473= IFCFACE((#14472));
#14474= IFCPOLYLOOP((#14162,#14103,#14163));
#14475= IFCFACEOUTERBOUND(#14474,.T.);
#14476= IFCFACE((#14475));
#14477= IFCPOLYLOOP((#13542,#14160,#14105));
#14478= IFCFACEOUTERBOUND(#14477,.T.);
#14479= IFCFACE((#14478));
#14480= IFCPOLYLOOP((#13542,#14105,#14103));
#14481= IFCFACEOUTERBOUND(#14480,.T.);
#14482= IFCFACE((#14481));
#14483= IFCPOLYLOOP((#14110,#14164,#14108));
#14484= IFCFACEOUTERBOUND(#14483,.T.);
#14485= IFCFACE((#14484));
#14486= IFCPOLYLOOP((#14111,#14113,#14165));
#14487= IFCFACEOUTERBOUND(#14486,.T.);
#14488= IFCFACE((#14487));
#14489= IFCPOLYLOOP((#14110,#14166,#14164));
#14490= IFCFACEOUTERBOUND(#14489,.T.);
#14491= IFCFACE((#14490));
#14492= IFCPOLYLOOP((#14111,#14165,#14167));
#14493= IFCFACEOUTERBOUND(#14492,.T.);
#14494= IFCFACE((#14493));
#14495= IFCPOLYLOOP((#14108,#14164,#14165));
#14496= IFCFACEOUTERBOUND(#14495,.T.);
#14497= IFCFACE((#14496));
#14498= IFCPOLYLOOP((#14108,#14165,#14113));
#14499= IFCFACEOUTERBOUND(#14498,.T.);
#14500= IFCFACE((#14499));
#14501= IFCPOLYLOOP((#14164,#14166,#14167));
#14502= IFCFACEOUTERBOUND(#14501,.T.);
#14503= IFCFACE((#14502));
#14504= IFCPOLYLOOP((#14164,#14167,#14165));
#14505= IFCFACEOUTERBOUND(#14504,.T.);
#14506= IFCFACE((#14505));
#14507= IFCPOLYLOOP((#14166,#14110,#14111));
#14508= IFCFACEOUTERBOUND(#14507,.T.);
#14509= IFCFACE((#14508));
#14510= IFCPOLYLOOP((#14166,#14111,#14167));
#14511= IFCFACEOUTERBOUND(#14510,.T.);
#14512= IFCFACE((#14511));
#14513= IFCPOLYLOOP((#14110,#14108,#14113));
#14514= IFCFACEOUTERBOUND(#14513,.T.);
#14515= IFCFACE((#14514));
#14516= IFCPOLYLOOP((#14110,#14113,#14111));
#14517= IFCFACEOUTERBOUND(#14516,.T.);
#14518= IFCFACE((#14517));
#14519= IFCPOLYLOOP((#14118,#14168,#14116));
#14520= IFCFACEOUTERBOUND(#14519,.T.);
#14521= IFCFACE((#14520));
#14522= IFCPOLYLOOP((#14119,#14121,#14169));
#14523= IFCFACEOUTERBOUND(#14522,.T.);
#14524= IFCFACE((#14523));
#14525= IFCPOLYLOOP((#14118,#14170,#14168));
#14526= IFCFACEOUTERBOUND(#14525,.T.);
#14527= IFCFACE((#14526));
#14528= IFCPOLYLOOP((#14119,#14169,#14171));
#14529= IFCFACEOUTERBOUND(#14528,.T.);
#14530= IFCFACE((#14529));
#14531= IFCPOLYLOOP((#14116,#14168,#14169));
#14532= IFCFACEOUTERBOUND(#14531,.T.);
#14533= IFCFACE((#14532));
#14534= IFCPOLYLOOP((#14116,#14169,#14121));
#14535= IFCFACEOUTERBOUND(#14534,.T.);
#14536= IFCFACE((#14535));
#14537= IFCPOLYLOOP((#14168,#14170,#14171));
#14538= IFCFACEOUTERBOUND(#14537,.T.);
#14539= IFCFACE((#14538));
#14540= IFCPOLYLOOP((#14168,#14171,#14169));
#14541= IFCFACEOUTERBOUND(#14540,.T.);
#14542= IFCFACE((#14541));
#14543= IFCPOLYLOOP((#14170,#14118,#14119));
#14544= IFCFACEOUTERBOUND(#14543,.T.);
#14545= IFCFACE((#14544));
#14546= IFCPOLYLOOP((#14170,#14119,#14171));
#14547= IFCFACEOUTERBOUND(#14546,.T.);
#14548= IFCFACE((#14547));
#14549= IFCPOLYLOOP((#14118,#14116,#14121));
#14550= IFCFACEOUTERBOUND(#14549,.T.);
#14551= IFCFACE((#14550));
#14552= IFCPOLYLOOP((#14118,#14121,#14119));
#14553= IFCFACEOUTERBOUND(#14552,.T.);
#14554= IFCFACE((#14553));
#14555= IFCPOLYLOOP((#14126,#14172,#14124));
#14556= IFCFACEOUTERBOUND(#14555,.T.);
#14557= IFCFACE((#14556));
#14558= IFCPOLYLOOP((#14127,#14129,#14173));
#14559= IFCFACEOUTERBOUND(#14558,.T.);
#14560= IFCFACE((#14559));
#14561= IFCPOLYLOOP((#14126,#14174,#14172));
#14562= IFCFACEOUTERBOUND(#14561,.T.);
#14563= IFCFACE((#14562));
#14564= IFCPOLYLOOP((#14127,#14173,#14175));
#14565= IFCFACEOUTERBOUND(#14564,.T.);
#14566= IFCFACE((#14565));
#14567= IFCPOLYLOOP((#14124,#14172,#14173));
#14568= IFCFACEOUTERBOUND(#14567,.T.);
#14569= IFCFACE((#14568));
#14570= IFCPOLYLOOP((#14124,#14173,#14129));
#14571= IFCFACEOUTERBOUND(#14570,.T.);
#14572= IFCFACE((#14571));
#14573= IFCPOLYLOOP((#14172,#14174,#14175));
#14574= IFCFACEOUTERBOUND(#14573,.T.);
#14575= IFCFACE((#14574));
#14576= IFCPOLYLOOP((#14172,#14175,#14173));
#14577= IFCFACEOUTERBOUND(#14576,.T.);
#14578= IFCFACE((#14577));
#14579= IFCPOLYLOOP((#14174,#14126,#14127));
#14580= IFCFACEOUTERBOUND(#14579,.T.);
#14581= IFCFACE((#14580));
#14582= IFCPOLYLOOP((#14174,#14127,#14175));
#14583= IFCFACEOUTERBOUND(#14582,.T.);
#14584= IFCFACE((#14583));
#14585= IFCPOLYLOOP((#14126,#14124,#14129));
#14586= IFCFACEOUTERBOUND(#14585,.T.);
#14587= IFCFACE((#14586));
#14588= IFCPOLYLOOP((#14126,#14129,#14127));
#14589= IFCFACEOUTERBOUND(#14588,.T.);
#14590= IFCFACE((#14589));
#14591= IFCPOLYLOOP((#14134,#14176,#14132));
#14592= IFCFACEOUTERBOUND(#14591,.T.);
#14593= IFCFACE((#14592));
#14594= IFCPOLYLOOP((#14135,#14137,#14177));
#14595= IFCFACEOUTERBOUND(#14594,.T.);
#14596= IFCFACE((#14595));
#14597= IFCPOLYLOOP((#14134,#14178,#14176));
#14598= IFCFACEOUTERBOUND(#14597,.T.);
#14599= IFCFACE((#14598));
#14600= IFCPOLYLOOP((#14135,#14177,#14179));
#14601= IFCFACEOUTERBOUND(#14600,.T.);
#14602= IFCFACE((#14601));
#14603= IFCPOLYLOOP((#14132,#14176,#14177));
#14604= IFCFACEOUTERBOUND(#14603,.T.);
#14605= IFCFACE((#14604));
#14606= IFCPOLYLOOP((#14132,#14177,#14137));
#14607= IFCFACEOUTERBOUND(#14606,.T.);
#14608= IFCFACE((#14607));
#14609= IFCPOLYLOOP((#14176,#14178,#14179));
#14610= IFCFACEOUTERBOUND(#14609,.T.);
#14611= IFCFACE((#14610));
#14612= IFCPOLYLOOP((#14176,#14179,#14177));
#14613= IFCFACEOUTERBOUND(#14612,.T.);
#14614= IFCFACE((#14613));
#14615= IFCPOLYLOOP((#14178,#14134,#14135));
#14616= IFCFACEOUTERBOUND(#14615,.T.);
#14617= IFCFACE((#14616));
#14618= IFCPOLYLOOP((#14178,#14135,#14179));
#14619= IFCFACEOUTERBOUND(#14618,.T.);
#14620= IFCFACE((#14619));
#14621= IFCPOLYLOOP((#14134,#14132,#14137));
#14622= IFCFACEOUTERBOUND(#14621,.T.);
#14623= IFCFACE((#14622));
#14624= IFCPOLYLOOP((#14134,#14137,#14135));
#14625= IFCFACEOUTERBOUND(#14624,.T.);
#14626= IFCFACE((#14625));
#14627= IFCPOLYLOOP((#14142,#14180,#14140));
#14628= IFCFACEOUTERBOUND(#14627,.T.);
#14629= IFCFACE((#14628));
#14630= IFCPOLYLOOP((#14143,#14145,#14181));
#14631= IFCFACEOUTERBOUND(#14630,.T.);
#14632= IFCFACE((#14631));
#14633= IFCPOLYLOOP((#14142,#14182,#14180));
#14634= IFCFACEOUTERBOUND(#14633,.T.);
#14635= IFCFACE((#14634));
#14636= IFCPOLYLOOP((#14143,#14181,#14183));
#14637= IFCFACEOUTERBOUND(#14636,.T.);
#14638= IFCFACE((#14637));
#14639= IFCPOLYLOOP((#14140,#14180,#14181));
#14640= IFCFACEOUTERBOUND(#14639,.T.);
#14641= IFCFACE((#14640));
#14642= IFCPOLYLOOP((#14140,#14181,#14145));
#14643= IFCFACEOUTERBOUND(#14642,.T.);
#14644= IFCFACE((#14643));
#14645= IFCPOLYLOOP((#14180,#14182,#14183));
#14646= IFCFACEOUTERBOUND(#14645,.T.);
#14647= IFCFACE((#14646));
#14648= IFCPOLYLOOP((#14180,#14183,#14181));
#14649= IFCFACEOUTERBOUND(#14648,.T.);
#14650= IFCFACE((#14649));
#14651= IFCPOLYLOOP((#14182,#14142,#14143));
#14652= IFCFACEOUTERBOUND(#14651,.T.);
#14653= IFCFACE((#14652));
#14654= IFCPOLYLOOP((#14182,#14143,#14183));
#14655= IFCFACEOUTERBOUND(#14654,.T.);
#14656= IFCFACE((#14655));
#14657= IFCPOLYLOOP((#14142,#14140,#14145));
#14658= IFCFACEOUTERBOUND(#14657,.T.);
#14659= IFCFACE((#14658));
#14660= IFCPOLYLOOP((#14142,#14145,#14143));
#14661= IFCFACEOUTERBOUND(#14660,.T.);
#14662= IFCFACE((#14661));
#14663= IFCPOLYLOOP((#14150,#14184,#14148));
#14664= IFCFACEOUTERBOUND(#14663,.T.);
#14665= IFCFACE((#14664));
#14666= IFCPOLYLOOP((#14151,#14153,#14185));
#14667= IFCFACEOUTERBOUND(#14666,.T.);
#14668= IFCFACE((#14667));
#14669= IFCPOLYLOOP((#14150,#14186,#14184));
#14670= IFCFACEOUTERBOUND(#14669,.T.);
#14671= IFCFACE((#14670));
#14672= IFCPOLYLOOP((#14151,#14185,#14187));
#14673= IFCFACEOUTERBOUND(#14672,.T.);
#14674= IFCFACE((#14673));
#14675= IFCPOLYLOOP((#14148,#14184,#14185));
#14676= IFCFACEOUTERBOUND(#14675,.T.);
#14677= IFCFACE((#14676));
#14678= IFCPOLYLOOP((#14148,#14185,#14153));
#14679= IFCFACEOUTERBOUND(#14678,.T.);
#14680= IFCFACE((#14679));
#14681= IFCPOLYLOOP((#14184,#14186,#14187));
#14682= IFCFACEOUTERBOUND(#14681,.T.);
#14683= IFCFACE((#14682));
#14684= IFCPOLYLOOP((#14184,#14187,#14185));
#14685= IFCFACEOUTERBOUND(#14684,.T.);
#14686= IFCFACE((#14685));
#14687= IFCPOLYLOOP((#14186,#14150,#14151));
#14688= IFCFACEOUTERBOUND(#14687,.T.);
#14689= IFCFACE((#14688));
#14690= IFCPOLYLOOP((#14186,#14151,#14187));
#14691= IFCFACEOUTERBOUND(#14690,.T.);
#14692= IFCFACE((#14691));
#14693= IFCPOLYLOOP((#14150,#14148,#14153));
#14694= IFCFACEOUTERBOUND(#14693,.T.);
#14695= IFCFACE((#14694));
#14696= IFCPOLYLOOP((#14150,#14153,#14151));
#14697= IFCFACEOUTERBOUND(#14696,.T.);
#14698= IFCFACE((#14697));
#14699= IFCPOLYLOOP((#13536,#14188,#13541));
#14700= IFCFACEOUTERBOUND(#14699,.T.);
#14701= IFCFACE((#14700));
#14702= IFCPOLYLOOP((#13542,#13544,#14160));
#14703= IFCFACEOUTERBOUND(#14702,.T.);
#14704= IFCFACE((#14703));
#14705= IFCPOLYLOOP((#13541,#14188,#14160));
#14706= IFCFACEOUTERBOUND(#14705,.T.);
#14707= IFCFACE((#14706));
#14708= IFCPOLYLOOP((#13541,#14160,#13544));
#14709= IFCFACEOUTERBOUND(#14708,.T.);
#14710= IFCFACE((#14709));
#14711= IFCPOLYLOOP((#14188,#13536,#13542));
#14712= IFCFACEOUTERBOUND(#14711,.T.);
#14713= IFCFACE((#14712));
#14714= IFCPOLYLOOP((#14188,#13542,#14160));
#14715= IFCFACEOUTERBOUND(#14714,.T.);
#14716= IFCFACE((#14715));
#14717= IFCCLOSEDSHELL((#14191,#14194,#14197,#14200,#14203,#14206,#14209,#14212,#14215,#14218,#14221,#14224,#14227,#14230,#14233,#14236,#14239,#14242,#14245,#14248,#14251,#14254,#14257,#14260,#14263,#14266,#14269,#14272,#14275,#14278,#14281,#14284,#14287,#14290,#14293,#14296,#14299,#14302,#14305,#14308,#14311,#14314,#14317,#14320,#14323,#14326,#14329,#14332,#14335,#14338,#14341,#14344,#14347,#14350,#14353,#14356,#14359,#14362,#14365,#14368,#14371,#14374,#14377,#14380,#14383,#14386,#14389,#14392,#14395,#14398,#14401,#14404,#14407,#14410,#14413,#14416,#14419,#14422,#14425,#14428,#14431,#14434,#14437,#14440,#14443,#14446,#14449,#14452,#14455,#14458,#14461,#14464,#14467,#14470,#14473,#14476,#14479,#14482,#14485,#14488,#14491,#14494,#14497,#14500,#14503,#14506,#14509,#14512,#14515,#14518,#14521,#14524,#14527,#14530,#14533,#14536,#14539,#14542,#14545,#14548,#14551,#14554,#14557,#14560,#14563,#14566,#14569,#14572,#14575,#14578,#14581,#14584,#14587,#14590,#14593,#14596,#14599,#14602,#14605,#14608,#14611,#14614,#14617,#14620,#14623,#14626,#14629,#14632,#14635,#14638,#14641,#14644,#14647,#14650,#14653,#14656,#14659,#14662,#14665,#14668,#14671,#14674,#14677,#14680,#14683,#14686,#14689,#14692,#14695,#14698,#14701,#14704,#14707,#14710,#14713,#14716));
#14718= IFCFACETEDBREP(#14717);
#14719= IFCSHAPEREPRESENTATION(#10,'Body','Brep',(#14718));
#14720= IFCPRODUCTDEFINITIONSHAPE($,$,(#14719));
#14721= IFCLOCALPLACEMENT(#172,#7);
#14722= IFCSTAIRFLIGHT('0ZBYMuGYIpusrvQWy4TDZM',#5,'Stair 2',$,$,#14721,#14720,'s-2:flight1',8,7,0.175,0.27);
#14723= IFCCARTESIANPOINT((-0.025,0.025,0.));
#14724= IFCCARTESIANPOINT((0.025,-0.025,0.));
#14725= IFCCARTESIANPOINT((-0.025,-0.025,0.));
#14726= IFCCARTESIANPOINT((-0.025,0.025,0.96));
#14727= IFCCARTESIANPOINT((-0.025,-0.025,0.96));
#14728= IFCCARTESIANPOINT((0.025,-0.025,0.96));
#14729= IFCCARTESIANPOINT((0.025,0.025,0.));
#14730= IFCCARTESIANPOINT((0.025,0.025,0.96));
#14731= IFCCARTESIANPOINT((0.975,0.025,0.));
#14732= IFCCARTESIANPOINT((1.025,-0.025,0.));
#14733= IFCCARTESIANPOINT((0.975,-0.025,0.));
#14734= IFCCARTESIANPOINT((0.975,0.025,0.96));
#14735= IFCCARTESIANPOINT((0.975,-0.025,0.96));
#14736= IFCCARTESIANPOINT((1.025,-0.025,0.96));
#14737= IFCCARTESIANPOINT((1.025,0.025,0.));
#14738= IFCCARTESIANPOINT((1.025,0.025,0.96));
#14739= IFCCARTESIANPOINT((1.975,0.025,0.));
#14740= IFCCARTESIANPOINT((2.025,-0.025,0.));
#14741= IFCCARTESIANPOINT((1.975,-0.025,0.));
#14742= IFCCARTESIANPOINT((1.975,0.025,0.96));
#14743= IFCCARTESIANPOINT((1.975,-0.025,0.96));
#14744= IFCCARTESIANPOINT((2.025,-0.025,0.96));
#14745= IFCCARTESIANPOINT((2.025,0.025,0.));
#14746= IFCCARTESIANPOINT((2.025,0.025,0.96));
#14747= IFCCARTESIANPOINT((1.975,0.975,0.));
#14748= IFCCARTESIANPOINT((2.025,1.025,0.));
#14749= IFCCARTESIANPOINT((2.025,0.975,0.));
#14750= IFCCARTESIANPOINT((1.975,0.975,0.96));
#14751= IFCCARTESIANPOINT((2.025,0.975,0.96));
#14752= IFCCARTESIANPOINT((2.025,1.025,0.96));
#14753= IFCCARTESIANPOINT((1.975,1.025,0.));
#14754= IFCCARTESIANPOINT((1.975,1.025,0.96));
#14755= IFCCARTESIANPOINT((1.975,1.975,0.));
#14756= IFCCARTESIANPOINT((2.025,2.025,0.));
#14757= IFCCARTESIANPOINT((2.025,1.975,0.));
#14758= IFCCARTESIANPOINT((1.975,1.975,0.96));
#14759= IFCCARTESIANPOINT((2.025,1.975,0.96));
#14760= IFCCARTESIANPOINT((2.025,2.025,0.96));
#14761= IFCCARTESIANPOINT((1.975,2.025,0.));
#14762= IFCCARTESIANPOINT((1.975,2.025,0.96));
#14763= IFCCARTESIANPOINT((0.,-0.03,1.));
#14764= IFCCARTESIANPOINT((0.,0.03,0.96));
#14765= IFCCARTESIANPOINT((0.,-0.03,0.96));
#14766= IFCCARTESIANPOINT((2.03,2.,1.));
#14767= IFCCARTESIANPOINT((2.03,2.,0.96));
#14768= IFCCARTESIANPOINT((1.97,2.,0.96));
#14769= IFCCARTESIANPOINT((0.,0.03,1.));
#14770= IFCCARTESIANPOINT((1.97,2.,1.));
#14771= IFCCARTESIANPOINT((1.97,0.03,0.96));
#14772= IFCCARTESIANPOINT((2.03,-0.03,0.96));
#14773= IFCCARTESIANPOINT((1.97,0.03,1.));
#14774= IFCCARTESIANPOINT((2.03,-0.03,1.));
#14775= IFCPOLYLOOP((#14723,#14724,#14725));
#14776= IFCFACEOUTERBOUND(#14775,.T.);
#14777= IFCFACE((#14776));
#14778= IFCPOLYLOOP((#14726,#14727,#14728));
#14779= IFCFACEOUTERBOUND(#14778,.T.);
#14780= IFCFACE((#14779));
#14781= IFCPOLYLOOP((#14723,#14729,#14724));
#14782= IFCFACEOUTERBOUND(#14781,.T.);
#14783= IFCFACE((#14782));
#14784= IFCPOLYLOOP((#14726,#14728,#14730));
#14785= IFCFACEOUTERBOUND(#14784,.T.);
#14786= IFCFACE((#14785));
#14787= IFCPOLYLOOP((#14725,#14724,#14728));
#14788= IFCFACEOUTERBOUND(#14787,.T.);
#14789= IFCFACE((#14788));
#14790= IFCPOLYLOOP((#14725,#14728,#14727));
#14791= IFCFACEOUTERBOUND(#14790,.T.);
#14792= IFCFACE((#14791));
#14793= IFCPOLYLOOP((#14724,#14729,#14730));
#14794= IFCFACEOUTERBOUND(#14793,.T.);
#14795= IFCFACE((#14794));
#14796= IFCPOLYLOOP((#14724,#14730,#14728));
#14797= IFCFACEOUTERBOUND(#14796,.T.);
#14798= IFCFACE((#14797));
#14799= IFCPOLYLOOP((#14729,#14723,#14726));
#14800= IFCFACEOUTERBOUND(#14799,.T.);
#14801= IFCFACE((#14800));
#14802= IFCPOLYLOOP((#14729,#14726,#14730));
#14803= IFCFACEOUTERBOUND(#14802,.T.);
#14804= IFCFACE((#14803));
#14805= IFCPOLYLOOP((#14723,#14725,#14727));
#14806= IFCFACEOUTERBOUND(#14805,.T.);
#14807= IFCFACE((#14806));
#14808= IFCPOLYLOOP((#14723,#14727,#14726));
#14809= IFCFACEOUTERBOUND(#14808,.T.);
#14810= IFCFACE((#14809));
#14811= IFCPOLYLOOP((#14731,#14732,#14733));
#14812= IFCFACEOUTERBOUND(#14811,.T.);
#14813= IFCFACE((#14812));
#14814= IFCPOLYLOOP((#14734,#14735,#14736));
#14815= IFCFACEOUTERBOUND(#14814,.T.);
#14816= IFCFACE((#14815));
#14817= IFCPOLYLOOP((#14731,#14737,#14732));
#14818= IFCFACEOUTERBOUND(#14817,.T.);
#14819= IFCFACE((#14818));
#14820= IFCPOLYLOOP((#14734,#14736,#14738));
#14821= IFCFACEOUTERBOUND(#14820,.T.);
#14822= IFCFACE((#14821));
#14823= IFCPOLYLOOP((#14733,#14732,#14736));
#14824= IFCFACEOUTERBOUND(#14823,.T.);
#14825= IFCFACE((#14824));
#14826= IFCPOLYLOOP((#14733,#14736,#14735));
#14827= IFCFACEOUTERBOUND(#14826,.T.);
#14828= IFCFACE((#14827));
#14829= IFCPOLYLOOP((#14732,#14737,#14738));
#14830= IFCFACEOUTERBOUND(#14829,.T.);
#14831= IFCFACE((#14830));
#14832= IFCPOLYLOOP((#14732,#14738,#14736));
#14833= IFCFACEOUTERBOUND(#14832,.T.);
#14834= IFCFACE((#14833));
#14835= IFCPOLYLOOP((#14737,#14731,#14734));
#14836= IFCFACEOUTERBOUND(#14835,.T.);
#14837= IFCFACE((#14836));
#14838= IFCPOLYLOOP((#14737,#14734,#14738));
#14839= IFCFACEOUTERBOUND(#14838,.T.);
#14840= IFCFACE((#14839));
#14841= IFCPOLYLOOP((#14731,#14733,#14735));
#14842= IFCFACEOUTERBOUND(#14841,.T.);
#14843= IFCFACE((#14842));
#14844= IFCPOLYLOOP((#14731,#14735,#14734));
#14845= IFCFACEOUTERBOUND(#14844,.T.);
#14846= IFCFACE((#14845));
#14847= IFCPOLYLOOP((#14739,#14740,#14741));
#14848= IFCFACEOUTERBOUND(#14847,.T.);
#14849= IFCFACE((#14848));
#14850= IFCPOLYLOOP((#14742,#14743,#14744));
#14851= IFCFACEOUTERBOUND(#14850,.T.);
#14852= IFCFACE((#14851));
#14853= IFCPOLYLOOP((#14739,#14745,#14740));
#14854= IFCFACEOUTERBOUND(#14853,.T.);
#14855= IFCFACE((#14854));
#14856= IFCPOLYLOOP((#14742,#14744,#14746));
#14857= IFCFACEOUTERBOUND(#14856,.T.);
#14858= IFCFACE((#14857));
#14859= IFCPOLYLOOP((#14741,#14740,#14744));
#14860= IFCFACEOUTERBOUND(#14859,.T.);
#14861= IFCFACE((#14860));
#14862= IFCPOLYLOOP((#14741,#14744,#14743));
#14863= IFCFACEOUTERBOUND(#14862,.T.);
#14864= IFCFACE((#14863));
#14865= IFCPOLYLOOP((#14740,#14745,#14746));
#14866= IFCFACEOUTERBOUND(#14865,.T.);
#14867= IFCFACE((#14866));
#14868= IFCPOLYLOOP((#14740,#14746,#14744));
#14869= IFCFACEOUTERBOUND(#14868,.T.);
#14870= IFCFACE((#14869));
#14871= IFCPOLYLOOP((#14745,#14739,#14742));
#14872= IFCFACEOUTERBOUND(#14871,.T.);
#14873= IFCFACE((#14872));
#14874= IFCPOLYLOOP((#14745,#14742,#14746));
#14875= IFCFACEOUTERBOUND(#14874,.T.);
#14876= IFCFACE((#14875));
#14877= IFCPOLYLOOP((#14739,#14741,#14743));
#14878= IFCFACEOUTERBOUND(#14877,.T.);
#14879= IFCFACE((#14878));
#14880= IFCPOLYLOOP((#14739,#14743,#14742));
#14881= IFCFACEOUTERBOUND(#14880,.T.);
#14882= IFCFACE((#14881));
#14883= IFCPOLYLOOP((#14747,#14748,#14749));
#14884= IFCFACEOUTERBOUND(#14883,.T.);
#14885= IFCFACE((#14884));
#14886= IFCPOLYLOOP((#14750,#14751,#14752));
#14887= IFCFACEOUTERBOUND(#14886,.T.);
#14888= IFCFACE((#14887));
#14889= IFCPOLYLOOP((#14747,#14753,#14748));
#14890= IFCFACEOUTERBOUND(#14889,.T.);
#14891= IFCFACE((#14890));
#14892= IFCPOLYLOOP((#14750,#14752,#14754));
#14893= IFCFACEOUTERBOUND(#14892,.T.);
#14894= IFCFACE((#14893));
#14895= IFCPOLYLOOP((#14749,#14748,#14752));
#14896= IFCFACEOUTERBOUND(#14895,.T.);
#14897= IFCFACE((#14896));
#14898= IFCPOLYLOOP((#14749,#14752,#14751));
#14899= IFCFACEOUTERBOUND(#14898,.T.);
#14900= IFCFACE((#14899));
#14901= IFCPOLYLOOP((#14748,#14753,#14754));
#14902= IFCFACEOUTERBOUND(#14901,.T.);
#14903= IFCFACE((#14902));
#14904= IFCPOLYLOOP((#14748,#14754,#14752));
#14905= IFCFACEOUTERBOUND(#14904,.T.);
#14906= IFCFACE((#14905));
#14907= IFCPOLYLOOP((#14753,#14747,#14750));
#14908= IFCFACEOUTERBOUND(#14907,.T.);
#14909= IFCFACE((#14908));
#14910= IFCPOLYLOOP((#14753,#14750,#14754));
#14911= IFCFACEOUTERBOUND(#14910,.T.);
#14912= IFCFACE((#14911));
#14913= IFCPOLYLOOP((#14747,#14749,#14751));
#14914= IFCFACEOUTERBOUND(#14913,.T.);
#14915= IFCFACE((#14914));
#14916= IFCPOLYLOOP((#14747,#14751,#14750));
#14917= IFCFACEOUTERBOUND(#14916,.T.);
#14918= IFCFACE((#14917));
#14919= IFCPOLYLOOP((#14755,#14756,#14757));
#14920= IFCFACEOUTERBOUND(#14919,.T.);
#14921= IFCFACE((#14920));
#14922= IFCPOLYLOOP((#14758,#14759,#14760));
#14923= IFCFACEOUTERBOUND(#14922,.T.);
#14924= IFCFACE((#14923));
#14925= IFCPOLYLOOP((#14755,#14761,#14756));
#14926= IFCFACEOUTERBOUND(#14925,.T.);
#14927= IFCFACE((#14926));
#14928= IFCPOLYLOOP((#14758,#14760,#14762));
#14929= IFCFACEOUTERBOUND(#14928,.T.);
#14930= IFCFACE((#14929));
#14931= IFCPOLYLOOP((#14757,#14756,#14760));
#14932= IFCFACEOUTERBOUND(#14931,.T.);
#14933= IFCFACE((#14932));
#14934= IFCPOLYLOOP((#14757,#14760,#14759));
#14935= IFCFACEOUTERBOUND(#14934,.T.);
#14936= IFCFACE((#14935));
#14937= IFCPOLYLOOP((#14756,#14761,#14762));
#14938= IFCFACEOUTERBOUND(#14937,.T.);
#14939= IFCFACE((#14938));
#14940= IFCPOLYLOOP((#14756,#14762,#14760));
#14941= IFCFACEOUTERBOUND(#14940,.T.);
#14942= IFCFACE((#14941));
#14943= IFCPOLYLOOP((#14761,#14755,#14758));
#14944= IFCFACEOUTERBOUND(#14943,.T.);
#14945= IFCFACE((#14944));
#14946= IFCPOLYLOOP((#14761,#14758,#14762));
#14947= IFCFACEOUTERBOUND(#14946,.T.);
#14948= IFCFACE((#14947));
#14949= IFCPOLYLOOP((#14755,#14757,#14759));
#14950= IFCFACEOUTERBOUND(#14949,.T.);
#14951= IFCFACE((#14950));
#14952= IFCPOLYLOOP((#14755,#14759,#14758));
#14953= IFCFACEOUTERBOUND(#14952,.T.);
#14954= IFCFACE((#14953));
#14955= IFCPOLYLOOP((#14763,#14764,#14765));
#14956= IFCFACEOUTERBOUND(#14955,.T.);
#14957= IFCFACE((#14956));
#14958= IFCPOLYLOOP((#14766,#14767,#14768));
#14959= IFCFACEOUTERBOUND(#14958,.T.);
#14960= IFCFACE((#14959));
#14961= IFCPOLYLOOP((#14763,#14769,#14764));
#14962= IFCFACEOUTERBOUND(#14961,.T.);
#14963= IFCFACE((#14962));
#14964= IFCPOLYLOOP((#14766,#14768,#14770));
#14965= IFCFACEOUTERBOUND(#14964,.T.);
#14966= IFCFACE((#14965));
#14967= IFCPOLYLOOP((#14765,#14764,#14771));
#14968= IFCFACEOUTERBOUND(#14967,.T.);
#14969= IFCFACE((#14968));
#14970= IFCPOLYLOOP((#14765,#14771,#14772));
#14971= IFCFACEOUTERBOUND(#14970,.T.);
#14972= IFCFACE((#14971));
#14973= IFCPOLYLOOP((#14764,#14769,#14773));
#14974= IFCFACEOUTERBOUND(#14973,.T.);
#14975= IFCFACE((#14974));
#14976= IFCPOLYLOOP((#14764,#14773,#14771));
#14977= IFCFACEOUTERBOUND(#14976,.T.);
#14978= IFCFACE((#14977));
#14979= IFCPOLYLOOP((#14769,#14763,#14774));
#14980= IFCFACEOUTERBOUND(#14979,.T.);
#14981= IFCFACE((#14980));
#14982= IFCPOLYLOOP((#14769,#14774,#14773));
#14983= IFCFACEOUTERBOUND(#14982,.T.);
#14984= IFCFACE((#14983));
#14985= IFCPOLYLOOP((#14763,#14765,#14772));
#14986= IFCFACEOUTERBOUND(#14985,.T.);
#14987= IFCFACE((#14986));
#14988= IFCPOLYLOOP((#14763,#14772,#14774));
#14989= IFCFACEOUTERBOUND(#14988,.T.);
#14990= IFCFACE((#14989));
#14991= IFCPOLYLOOP((#14772,#14771,#14768));
#14992= IFCFACEOUTERBOUND(#14991,.T.);
#14993= IFCFACE((#14992));
#14994= IFCPOLYLOOP((#14772,#14768,#14767));
#14995= IFCFACEOUTERBOUND(#14994,.T.);
#14996= IFCFACE((#14995));
#14997= IFCPOLYLOOP((#14771,#14773,#14770));
#14998= IFCFACEOUTERBOUND(#14997,.T.);
#14999= IFCFACE((#14998));
#15000= IFCPOLYLOOP((#14771,#14770,#14768));
#15001= IFCFACEOUTERBOUND(#15000,.T.);
#15002= IFCFACE((#15001));
#15003= IFCPOLYLOOP((#14773,#14774,#14766));
#15004= IFCFACEOUTERBOUND(#15003,.T.);
#15005= IFCFACE((#15004));
#15006= IFCPOLYLOOP((#14773,#14766,#14770));
#15007= IFCFACEOUTERBOUND(#15006,.T.);
#15008= IFCFACE((#15007));
#15009= IFCPOLYLOOP((#14774,#14772,#14767));
#15010= IFCFACEOUTERBOUND(#15009,.T.);
#15011= IFCFACE((#15010));
#15012= IFCPOLYLOOP((#14774,#14767,#14766));
#15013= IFCFACEOUTERBOUND(#15012,.T.);
#15014= IFCFACE((#15013));
#15015= IFCCLOSEDSHELL((#14777,#14780,#14783,#14786,#14789,#14792,#14795,#14798,#14801,#14804,#14807,#14810,#14813,#14816,#14819,#14822,#14825,#14828,#14831,#14834,#14837,#14840,#14843,#14846,#14849,#14852,#14855,#14858,#14861,#14864,#14867,#14870,#14873,#14876,#14879,#14882,#14885,#14888,#14891,#14894,#14897,#14900,#14903,#14906,#14909,#14912,#14915,#14918,#14921,#14924,#14927,#14930,#14933,#14936,#14939,#14942,#14945,#14948,#14951,#14954,#14957,#14960,#14963,#14966,#14969,#14972,#14975,#14978,#14981,#14984,#14987,#14990,#14993,#14996,#14999,#15002,#15005,#15008,#15011,#15014));
#15016= IFCFACETEDBREP(#15015);
#15017= IFCSHAPEREPRESENTATION(#10,'Body','Brep',(#15016));
#15018= IFCPRODUCTDEFINITIONSHAPE($,$,(#15017));
#15019= IFCLOCALPLACEMENT(#172,#7);
#15020= IFCRAILING('3R08By2bCXT2w1R$LSRsXY',#5,'Railing',$,$,#15019,#15018,'rl-1',.GUARDRAIL.);
#15021= IFCLOCALPLACEMENT(#174,#7);
#15022= IFCPOLYLINE((#267,#212,#211,#254,#267));
#15023= IFCCARTESIANPOINT((2.,2.075));
#15024= IFCCARTESIANPOINT((5.,2.075));
#15025= IFCCARTESIANPOINT((5.,1.925));
#15026= IFCCARTESIANPOINT((2.,1.925));
#15027= IFCPOLYLINE((#15023,#15024,#15025,#15026,#15023));
#15028= IFCARBITRARYPROFILEDEFWITHVOIDS(.AREA.,$,#15022,(#15027));
#15029= IFCEXTRUDEDAREASOLID(#15028,#7,#161,2.75);
#15030= IFCSHAPEREPRESENTATION(#10,'Body','SweptSolid',(#15029));
#15031= IFCPRODUCTDEFINITIONSHAPE($,$,(#15030));
#15032= IFCSPACE('3Ggl5R0wAELU5t3OsFJIXC',#5,'0.01','living','sp-1',#15021,#15031,'Living room',.ELEMENT.,.INTERNAL.,0.);
#15033= IFCLOCALPLACEMENT(#172,#7);
#15034= IFCCARTESIANPOINT((0.2,0.2));
#15035= IFCCARTESIANPOINT((3.8,0.2));
#15036= IFCCARTESIANPOINT((3.8,5.8));
#15037= IFCCARTESIANPOINT((0.2,5.8));
#15038= IFCPOLYLINE((#15034,#15035,#15036,#15037,#15034));
#15039= IFCARBITRARYCLOSEDPROFILEDEF(.AREA.,$,#15038);
#15040= IFCEXTRUDEDAREASOLID(#15039,#7,#161,2.8);
#15041= IFCSHAPEREPRESENTATION(#10,'Body','SweptSolid',(#15040));
#15042= IFCPRODUCTDEFINITIONSHAPE($,$,(#15041));
#15043= IFCSPACE('0nNHjYaCLNl4zS3nzV0DiD',#5,'1.01','bedroom','sp-2',#15033,#15042,'Bedroom',.ELEMENT.,.INTERNAL.,3.);
#15044= IFCCARTESIANPOINT((-1.,0.));
#15045= IFCCARTESIANPOINT((9.,0.));
#15046= IFCPOLYLINE((#15044,#15045));
#15047= IFCGRIDAXIS('1',#15046,.T.);
#15048= IFCCARTESIANPOINT((0.,-1.));
#15049= IFCCARTESIANPOINT((0.,9.));
#15050= IFCPOLYLINE((#15048,#15049));
#15051= IFCGRIDAXIS('A',#15050,.T.);
#15052= IFCCARTESIANPOINT((8.,-1.));
#15053= IFCCARTESIANPOINT((8.,9.));
#15054= IFCPOLYLINE((#15052,#15053));
#15055= IFCGRIDAXIS('B',#15054,.T.);
#15056= IFCLOCALPLACEMENT(#164,#7);
#15057= IFCGRID('2_Awmpinge$7fgamsbzpia',#5,$,$,'g-a,g-b,g-1',#15056,$,(#15051,#15055),(#15047),$);
#15058= IFCRELAGGREGATES('1SUFqXqHI3ECh_a_ciX9mi',#5,$,$,#150,(#159));
#15059= IFCRELAGGREGATES('0JGJvUAMLsyfFtJNpd5DyB',#5,$,$,#159,(#165));
#15060= IFCRELAGGREGATES('2B6qxMggNn_x2bbIHcCkBe',#5,$,$,#165,(#169,#173,#175,#179));
#15061= IFCRELAGGREGATES('1tlFxnUlLCZWW8CFtRLzAT',#5,$,$,#173,(#15043));
#15062= IFCRELAGGREGATES('3kw1P$KweQR_FF7wG8EDTo',#5,$,$,#175,(#15032));
#15063= IFCRELAGGREGATES('2ydb6zIeQtsKp0FbIWHJ_M',#5,$,$,#449,(#1171,#1441,#1651));
#15064= IFCRELAGGREGATES('3RFe1wVVfoO1h5pslB4S4R',#5,$,$,#11942,(#12020,#12092));
#15065= IFCRELAGGREGATES('2z3DYSPJ9niDEce1rzcb$e',#5,$,$,#12094,(#13446));
#15066= IFCRELAGGREGATES('3tg5CMm1YxFVKEL4CJvrEO',#5,$,$,#13448,(#14102,#14722));
#15067= IFCRELCONTAINEDINSPATIALSTRUCTURE('3Hx_6vTWlnNVR4aSFhkbXt',#5,$,$,(#237,#351,#449,#11916,#11926,#13448,#15020),#173);
#15068= IFCRELCONTAINEDINSPATIALSTRUCTURE('1zQKZ4GOIl8sAvZCRtNkJ9',#5,$,$,(#207,#223,#251,#264,#276,#286,#323,#395,#425,#446,#1660,#1668,#1676,#1690,#1698,#1864,#1917,#11494,#11660,#11826,#11939,#12094),#175);
#15069= IFCRELCONTAINEDINSPATIALSTRUCTURE('2hvLlqnm0NGUr$D8zdq62l',#5,$,$,(#11942),#179);
#15070= IFCRELCONTAINEDINSPATIALSTRUCTURE('06v2cGR$9nzfP1GPHpeYVf',#5,$,$,(#15057),#165);
#15071= IFCRELDEFINESBYTYPE('1UcXa5$hGpeRT25OPRcIMb',#5,$,$,(#207,#251),#75);
#15072= IFCRELDEFINESBYTYPE('3yqXVsPwF1XcaabK4Fpivr',#5,$,$,(#223,#237,#264,#276,#286),#80);
#15073= IFCRELDEFINESBYTYPE('2t9trUdJuT2LWU4Ph9ctjC',#5,$,$,(#11916,#11926,#11939),#86);
#15074= IFCRELDEFINESBYTYPE('1LTpHLiXysoBxGFXO$lE9E',#5,$,$,(#11942),#92);
#15075= IFCRELDEFINESBYTYPE('39EbNfQL63p5H5Yuzl9eCi',#5,$,$,(#1660,#1676,#1690,#1698),#100);
#15076= IFCRELDEFINESBYTYPE('07IJirkTrhEGuaOasVj9ce',#5,$,$,(#1668),#104);
#15077= IFCRELDEFINESBYTYPE('3P6iefGcPHx0FjAFS2TN_T',#5,$,$,(#1864,#11494,#11660,#11826),#111);
#15078= IFCRELDEFINESBYTYPE('1dYELPHSmZnik2xmkMzgL0',#5,$,$,(#1917),#116);
#15079= IFCRELDEFINESBYTYPE('0ENzSJIx0LnocUziKcm696',#5,$,$,(#395,#425,#446),#126);
#15080= IFCRELDEFINESBYTYPE('0PsMjRhPNnEGYN_B4WUaM3',#5,$,$,(#351),#135);
#15081= IFCRELDEFINESBYTYPE('147jCY1aBkmWxdF5NxLB_E',#5,$,$,(#323),#144);
#15082= IFCRELASSOCIATESMATERIAL('01g63FleKnagcNNYcXGKUa',#5,$,$,(#100,#116,#1660,#1676,#1690,#1698,#1917),#25);
#15083= IFCRELASSOCIATESMATERIAL('3rhjMAojW36laWiwm9mh4F',#5,$,$,(#104,#111,#1171,#1668,#1864,#11494,#11660,#11826,#15020),#37);
#15084= IFCRELASSOCIATESMATERIAL('2UtDk5LwBWApX_4eUo937_',#5,$,$,(#1651,#12020),#49);
#15085= IFCRELASSOCIATESMATERIAL('2wNEBTgGpQofyAL9oee5ZK',#5,$,$,(#1441,#12092),#61);
#15086= IFCRELASSOCIATESMATERIAL('3uRZjKrBP$cxX$PYCjregx',#5,$,$,(#75),#77);
#15087= IFCRELASSOCIATESMATERIAL('0eevm2Ma$SodXn6H9e44K2',#5,$,$,(#80),#83);
#15088= IFCRELASSOCIATESMATERIAL('2x_3KallgTJQ118a8_4ZHf',#5,$,$,(#86),#89);
#15089= IFCRELASSOCIATESMATERIAL('1U_QfVBzv2l$IgXD0dUdqo',#5,$,$,(#92),#95);
#15090= IFCRELASSOCIATESMATERIAL('01bsjsxPlHsc6p4ZRYLGp9',#5,$,$,(#207),#208);
#15091= IFCRELASSOCIATESMATERIAL('39C36ZYp0zKN1OkiZd_G5u',#5,$,$,(#223),#224);
#15092= IFCRELASSOCIATESMATERIAL('2VkfNVX7CCjLx3u1SOBkII',#5,$,$,(#237),#238);
#15093= IFCRELASSOCIATESMATERIAL('2S0h$MFjGhY6S6fP0BAPIE',#5,$,$,(#251),#252);
#15094= IFCRELASSOCIATESMATERIAL('1JNSaZ5o3_6PODsgHS3vVy',#5,$,$,(#264),#265);
#15095= IFCRELASSOCIATESMATERIAL('057yaiAsYFXBYi3SaBnMuK',#5,$,$,(#276),#277);
#15096= IFCRELASSOCIATESMATERIAL('2C3vyvtC8vuOfaLYaMgpY0',#5,$,$,(#286),#287);
#15097= IFCRELASSOCIATESMATERIAL('39KPucZ3R11fpGBY2oRorQ',#5,$,$,(#11916),#11917);
#15098= IFCRELASSOCIATESMATERIAL('0vmoTKsXpFebCHB4QsWw5u',#5,$,$,(#11926),#11927);
#15099= IFCRELASSOCIATESMATERIAL('14lXJ659awGP5gQhnj6qPF',#5,$,$,(#11939),#11940);
#15100= IFCQUANTITYLENGTH('GrossHeight',$,$,2.6);
#15101= IFCQUANTITYLENGTH('NetHeight',$,$,2.6);
#15102= IFCELEMENTQUANTITY('1ROLEvgoSO7DsBuFBKbB6a',#5,'Qto_BuildingStoreyBaseQuantities',$,$,(#15100,#15101));
#15103= IFCRELDEFINESBYPROPERTIES('1H3PRH1OiJ4WdkBaGgNBCK',#5,$,$,(#169),#15102);
#15104= IFCQUANTITYLENGTH('GrossHeight',$,$,2.8);
#15105= IFCQUANTITYLENGTH('NetHeight',$,$,2.8);
#15106= IFCELEMENTQUANTITY('3PUoT4Z8a9VKH2FftDxXFK',#5,'Qto_BuildingStoreyBaseQuantities',$,$,(#15104,#15105));
#15107= IFCRELDEFINESBYPROPERTIES('2WUcdTO0YFrvQYTUFGu3pR',#5,$,$,(#173),#15106);
#15108= IFCQUANTITYLENGTH('GrossHeight',$,$,3.);
#15109= IFCQUANTITYLENGTH('NetHeight',$,$,3.);
#15110= IFCELEMENTQUANTITY('1TIsJXOkbZTnRmcCp_PvK4',#5,'Qto_BuildingStoreyBaseQuantities',$,$,(#15108,#15109));
#15111= IFCRELDEFINESBYPROPERTIES('3c9sPnhWHG1rVHbG8Atrgv',#5,$,$,(#175),#15110);
#15112= IFCQUANTITYLENGTH('GrossHeight',$,$,0.5);
#15113= IFCQUANTITYLENGTH('NetHeight',$,$,0.5);
#15114= IFCELEMENTQUANTITY('0vTNBvcd8drhoVxbu$V4Dq',#5,'Qto_BuildingStoreyBaseQuantities',$,$,(#15112,#15113));
#15115= IFCRELDEFINESBYPROPERTIES('0GrF8P1pbdCwzRBeS0TjKL',#5,$,$,(#179),#15114);
#15116= IFCQUANTITYLENGTH('Length',$,$,4.413873975);
#15117= IFCQUANTITYLENGTH('Width',$,$,0.15);
#15118= IFCQUANTITYLENGTH('Height',$,$,3.);
#15119= IFCQUANTITYAREA('GrossFootprintArea',$,$,0.662081096);
#15120= IFCQUANTITYAREA('GrossSideArea',$,$,13.241621924);
#15121= IFCQUANTITYAREA('NetSideArea',$,$,11.801621924);
#15122= IFCQUANTITYVOLUME('GrossVolume',$,$,1.986243289);
#15123= IFCQUANTITYVOLUME('NetVolume',$,$,1.770243289);
#15124= IFCELEMENTQUANTITY('2EgEZzUxLi17o11teLGPpu',#5,'Qto_WallBaseQuantities',$,$,(#15116,#15117,#15118,#15119,#15120,#15121,#15122,#15123));
#15125= IFCRELDEFINESBYPROPERTIES('0$lHkc25yetwDa7pe0$Gqj',#5,$,$,(#207),#15124);
#15126= IFCQUANTITYLENGTH('Length',$,$,6.);
#15127= IFCQUANTITYLENGTH('Width',$,$,0.3);
#15128= IFCQUANTITYLENGTH('Height',$,$,3.);
#15129= IFCQUANTITYAREA('GrossFootprintArea',$,$,1.8);
#15130= IFCQUANTITYAREA('GrossSideArea',$,$,18.);
#15131= IFCQUANTITYAREA('NetSideArea',$,$,17.52);
#15132= IFCQUANTITYVOLUME('GrossVolume',$,$,5.4);
#15133= IFCQUANTITYVOLUME('NetVolume',$,$,5.256);
#15134= IFCELEMENTQUANTITY('25aYGZvyJYF1vBgCPXoZmf',#5,'Qto_WallBaseQuantities',$,$,(#15126,#15127,#15128,#15129,#15130,#15131,#15132,#15133));
#15135= IFCRELDEFINESBYPROPERTIES('10JoAQD0jqnLKLdkZBzb4o',#5,$,$,(#223),#15134);
#15136= IFCQUANTITYLENGTH('Length',$,$,8.);
#15137= IFCQUANTITYLENGTH('Width',$,$,0.3);
#15138= IFCQUANTITYLENGTH('Height',$,$,2.8);
#15139= IFCQUANTITYAREA('GrossFootprintArea',$,$,2.4);
#15140= IFCQUANTITYAREA('GrossSideArea',$,$,22.4);
#15141= IFCQUANTITYAREA('NetSideArea',$,$,18.62);
#15142= IFCQUANTITYVOLUME('GrossVolume',$,$,6.72);
#15143= IFCQUANTITYVOLUME('NetVolume',$,$,5.586);
#15144= IFCELEMENTQUANTITY('3ydZIULeRA2DRl6HsaaGou',#5,'Qto_WallBaseQuantities',$,$,(#15136,#15137,#15138,#15139,#15140,#15141,#15142,#15143));
#15145= IFCRELDEFINESBYPROPERTIES('2XQi0xjF5y3IfhYhbNmosl',#5,$,$,(#237),#15144);
#15146= IFCQUANTITYLENGTH('Length',$,$,3.);
#15147= IFCQUANTITYLENGTH('Width',$,$,0.15);
#15148= IFCQUANTITYLENGTH('Height',$,$,2.4);
#15149= IFCQUANTITYAREA('GrossFootprintArea',$,$,0.45);
#15150= IFCQUANTITYAREA('GrossSideArea',$,$,7.2);
#15151= IFCQUANTITYAREA('NetSideArea',$,$,7.2);
#15152= IFCQUANTITYVOLUME('GrossVolume',$,$,1.08);
#15153= IFCQUANTITYVOLUME('NetVolume',$,$,1.08);
#15154= IFCELEMENTQUANTITY('3pXE16BU4SMxszjrwX6a4X',#5,'Qto_WallBaseQuantities',$,$,(#15146,#15147,#15148,#15149,#15150,#15151,#15152,#15153));
#15155= IFCRELDEFINESBYPROPERTIES('14$4DfCi3hqkiKZ3be$tYf',#5,$,$,(#251),#15154);
#15156= IFCQUANTITYLENGTH('Length',$,$,8.);
#15157= IFCQUANTITYLENGTH('Width',$,$,0.3);
#15158= IFCQUANTITYLENGTH('Height',$,$,3.);
#15159= IFCQUANTITYAREA('GrossFootprintArea',$,$,2.4);
#15160= IFCQUANTITYAREA('GrossSideArea',$,$,24.);
#15161= IFCQUANTITYAREA('NetSideArea',$,$,22.8);
#15162= IFCQUANTITYVOLUME('GrossVolume',$,$,7.2);
#15163= IFCQUANTITYVOLUME('NetVolume',$,$,6.84);
#15164= IFCELEMENTQUANTITY('0$vP4eLHLujH4LGqC8gXLY',#5,'Qto_WallBaseQuantities',$,$,(#15156,#15157,#15158,#15159,#15160,#15161,#15162,#15163));
#15165= IFCRELDEFINESBYPROPERTIES('3OIpEnm96avXALSLW_537u',#5,$,$,(#264),#15164);
#15166= IFCQUANTITYLENGTH('Length',$,$,8.);
#15167= IFCQUANTITYLENGTH('Width',$,$,0.3);
#15168= IFCQUANTITYLENGTH('Height',$,$,3.);
#15169= IFCQUANTITYAREA('GrossFootprintArea',$,$,2.4);
#15170= IFCQUANTITYAREA('GrossSideArea',$,$,24.);
#15171= IFCQUANTITYAREA('NetSideArea',$,$,20.67);
#15172= IFCQUANTITYVOLUME('GrossVolume',$,$,7.2);
#15173= IFCQUANTITYVOLUME('NetVolume',$,$,6.201);
#15174= IFCELEMENTQUANTITY('0S5rDTxo8B9zpX1$1S1sm8',#5,'Qto_WallBaseQuantities',$,$,(#15166,#15167,#15168,#15169,#15170,#15171,#15172,#15173));
#15175= IFCRELDEFINESBYPROPERTIES('3$kEyJgeYZnOXg5AddMmWd',#5,$,$,(#276),#15174);
#15176= IFCQUANTITYLENGTH('Length',$,$,6.);
#15177= IFCQUANTITYLENGTH('Width',$,$,0.3);
#15178= IFCQUANTITYLENGTH('Height',$,$,3.);
#15179= IFCQUANTITYAREA('GrossFootprintArea',$,$,1.8);
#15180= IFCQUANTITYAREA('GrossSideArea',$,$,18.);
#15181= IFCQUANTITYAREA('NetSideArea',$,$,18.);
#15182= IFCQUANTITYVOLUME('GrossVolume',$,$,5.4);
#15183= IFCQUANTITYVOLUME('NetVolume',$,$,5.4);
#15184= IFCELEMENTQUANTITY('16MCIkpT4I7d4zX2KSVuXB',#5,'Qto_WallBaseQuantities',$,$,(#15176,#15177,#15178,#15179,#15180,#15181,#15182,#15183));
#15185= IFCRELDEFINESBYPROPERTIES('3VT6wAfTAdnvOZbCzZ56_o',#5,$,$,(#286),#15184);
#15186= IFCQUANTITYLENGTH('Height',$,$,2.1);
#15187= IFCQUANTITYLENGTH('Width',$,$,0.9);
#15188= IFCQUANTITYAREA('Area',$,$,1.89);
#15189= IFCELEMENTQUANTITY('0V2p2AOTASn8XQhV6mfTQn',#5,'Qto_DoorBaseQuantities',$,$,(#15186,#15187,#15188));
#15190= IFCRELDEFINESBYPROPERTIES('0PyPm4CDjs1b2rFZXfJQ84',#5,$,$,(#323),#15189);
#15191= IFCQUANTITYLENGTH('Height',$,$,2.1);
#15192= IFCQUANTITYLENGTH('Width',$,$,1.8);
#15193= IFCQUANTITYAREA('Area',$,$,3.78);
#15194= IFCELEMENTQUANTITY('363eDRzQ$R21FzxYF18pvp',#5,'Qto_DoorBaseQuantities',$,$,(#15191,#15192,#15193));
#15195= IFCRELDEFINESBYPROPERTIES('2Wk4g7r2adpMomt5vADFH$',#5,$,$,(#351),#15194);
#15196= IFCQUANTITYLENGTH('Height',$,$,1.2);
#15197= IFCQUANTITYLENGTH('Width',$,$,1.2);
#15198= IFCQUANTITYAREA('Area',$,$,1.44);
#15199= IFCELEMENTQUANTITY('074ergUUOxChqhv_a8l6PO',#5,'Qto_WindowBaseQuantities',$,$,(#15196,#15197,#15198));
#15200= IFCRELDEFINESBYPROPERTIES('1cUqK04KEdX1Vd8i8mjBoe',#5,$,$,(#395),#15199);
#15201= IFCQUANTITYLENGTH('Height',$,$,1.2);
#15202= IFCQUANTITYLENGTH('Width',$,$,1.);
#15203= IFCQUANTITYAREA('Area',$,$,1.2);
#15204= IFCELEMENTQUANTITY('2P4p9eQIyBdrKBu40BkI4Y',#5,'Qto_WindowBaseQuantities',$,$,(#15201,#15202,#15203));
#15205= IFCRELDEFINESBYPROPERTIES('2UG66gAaqaDJV7jSoW_zHi',#5,$,$,(#425),#15204);
#15206= IFCQUANTITYLENGTH('Height',$,$,1.2);
#15207= IFCQUANTITYLENGTH('Width',$,$,1.2);
#15208= IFCQUANTITYAREA('Area',$,$,1.44);
#15209= IFCELEMENTQUANTITY('1YBSuH5Hh3xKMZLhHXTuc0',#5,'Qto_WindowBaseQuantities',$,$,(#15206,#15207,#15208));
#15210= IFCRELDEFINESBYPROPERTIES('0x_HcPynjLNPKUfgK4pIKr',#5,$,$,(#446),#15209);
#15211= IFCQUANTITYLENGTH('Length',$,$,6.);
#15212= IFCQUANTITYLENGTH('Height',$,$,2.8);
#15213= IFCQUANTITYAREA('GrossSideArea',$,$,16.8);
#15214= IFCELEMENTQUANTITY('1F1iTtbU6WRjymVH2N2bK1',#5,'Qto_CurtainWallQuantities',$,$,(#15211,#15212,#15213));
#15215= IFCRELDEFINESBYPROPERTIES('2pqFQ_Ff0wrPCHqrel_XMh',#5,$,$,(#449),#15214);
#15216= IFCQUANTITYLENGTH('Length',$,$,3.);
#15217= IFCQUANTITYAREA('CrossSectionArea',$,$,0.09);
#15218= IFCQUANTITYVOLUME('GrossVolume',$,$,0.27);
#15219= IFCQUANTITYVOLUME('NetVolume',$,$,0.27);
#15220= IFCELEMENTQUANTITY('1dQc0WALYq73DWI$kvc9Wz',#5,'Qto_ColumnBaseQuantities',$,$,(#15216,#15217,#15218,#15219));
#15221= IFCRELDEFINESBYPROPERTIES('35Go$7QlVn0DRPERrE1d0f',#5,$,$,(#1660),#15220);
#15222= IFCQUANTITYLENGTH('Length',$,$,2.5);
#15223= IFCQUANTITYAREA('CrossSectionArea',$,$,0.125663706);
#15224= IFCQUANTITYVOLUME('GrossVolume',$,$,0.314159265);
#15225= IFCQUANTITYVOLUME('NetVolume',$,$,0.314159265);
#15226= IFCELEMENTQUANTITY('2E2SS1hBzPqTIcTt0zzqv3',#5,'Qto_ColumnBaseQuantities',$,$,(#15222,#15223,#15224,#15225));
#15227= IFCRELDEFINESBYPROPERTIES('3ZKUK9RTzvw59jf6EORTKJ',#5,$,$,(#1668),#15226);
#15228= IFCQUANTITYLENGTH('Length',$,$,3.);
#15229= IFCQUANTITYAREA('CrossSectionArea',$,$,0.09);
#15230= IFCQUANTITYVOLUME('GrossVolume',$,$,0.27);
#15231= IFCQUANTITYVOLUME('NetVolume',$,$,0.27);
#15232= IFCELEMENTQUANTITY('0QWSLsy5HOUBTw7ejq6KEa',#5,'Qto_ColumnBaseQuantities',$,$,(#15228,#15229,#15230,#15231));
#15233= IFCRELDEFINESBYPROPERTIES('1JdEt42X9OT3JznUNijgp7',#5,$,$,(#1676),#15232);
#15234= IFCQUANTITYLENGTH('Length',$,$,3.061016535);
#15235= IFCQUANTITYAREA('CrossSectionArea',$,$,0.09);
#15236= IFCQUANTITYVOLUME('GrossVolume',$,$,0.275491488);
#15237= IFCQUANTITYVOLUME('NetVolume',$,$,0.275491488);
#15238= IFCELEMENTQUANTITY('241QedCJ0ROEaVSNGQCTHn',#5,'Qto_ColumnBaseQuantities',$,$,(#15234,#15235,#15236,#15237));
#15239= IFCRELDEFINESBYPROPERTIES('083XPSxsTxFSrCIhyS_jkT',#5,$,$,(#1690),#15238);
#15240= IFCQUANTITYLENGTH('Length',$,$,3.);
#15241= IFCQUANTITYAREA('CrossSectionArea',$,$,0.09);
#15242= IFCQUANTITYVOLUME('GrossVolume',$,$,0.27);
#15243= IFCQUANTITYVOLUME('NetVolume',$,$,0.27);
#15244= IFCELEMENTQUANTITY('0CpK7ykTMEVXQSBMEoAMso',#5,'Qto_ColumnBaseQuantities',$,$,(#15240,#15241,#15242,#15243));
#15245= IFCRELDEFINESBYPROPERTIES('3$MPedF1ntW2QvKxq$BIRy',#5,$,$,(#1698),#15244);
#15246= IFCQUANTITYLENGTH('Length',$,$,2.);
#15247= IFCQUANTITYAREA('CrossSectionArea',$,$,0.00518806);
#15248= IFCQUANTITYVOLUME('GrossVolume',$,$,0.01037612);
#15249= IFCQUANTITYVOLUME('NetVolume',$,$,0.009561528);
#15250= IFCELEMENTQUANTITY('3fEWDyYjID1c9awRC7El$D',#5,'Qto_BeamBaseQuantities',$,$,(#15246,#15247,#15248,#15249));
#15251= IFCRELDEFINESBYPROPERTIES('2xWChhEcnwhst4hFbG8M7l',#5,$,$,(#1864),#15250);
#15252= IFCQUANTITYLENGTH('Length',$,$,4.);
#15253= IFCQUANTITYAREA('CrossSectionArea',$,$,0.1);
#15254= IFCQUANTITYVOLUME('GrossVolume',$,$,0.4);
#15255= IFCQUANTITYVOLUME('NetVolume',$,$,0.384298726);
#15256= IFCELEMENTQUANTITY('3kTVXqLd5jzZb5R8JA$A_l',#5,'Qto_BeamBaseQuantities',$,$,(#15252,#15253,#15254,#15255));
#15257= IFCRELDEFINESBYPROPERTIES('2Iw4h_Kk8sFiUec3I6IhT$',#5,$,$,(#1917),#15256);
#15258= IFCQUANTITYLENGTH('Length',$,$,6.620810962);
#15259= IFCQUANTITYAREA('CrossSectionArea',$,$,0.00518806);
#15260= IFCQUANTITYVOLUME('GrossVolume',$,$,0.034349165);
#15261= IFCQUANTITYVOLUME('NetVolume',$,$,0.034348126);
#15262= IFCELEMENTQUANTITY('0IQx0gwHBIxZoyQXPhL5BS',#5,'Qto_BeamBaseQuantities',$,$,(#15258,#15259,#15260,#15261));
#15263= IFCRELDEFINESBYPROPERTIES('33uIhcv9Lk3goj_tmOYXSx',#5,$,$,(#11494),#15262);
#15264= IFCQUANTITYLENGTH('Length',$,$,6.05309838);
#15265= IFCQUANTITYAREA('CrossSectionArea',$,$,0.00518806);
#15266= IFCQUANTITYVOLUME('GrossVolume',$,$,0.031403838);
#15267= IFCQUANTITYVOLUME('NetVolume',$,$,0.031403838);
#15268= IFCELEMENTQUANTITY('2xcbQUFtLlXmhOGiFUWNTa',#5,'Qto_BeamBaseQuantities',$,$,(#15264,#15265,#15266,#15267));
#15269= IFCRELDEFINESBYPROPERTIES('37ejgZm13uSD7sXb4Aj4fB',#5,$,$,(#11660),#15268);
#15270= IFCQUANTITYLENGTH('Length',$,$,6.);
#15271= IFCQUANTITYAREA('CrossSectionArea',$,$,0.00518806);
#15272= IFCQUANTITYVOLUME('GrossVolume',$,$,0.03112836);
#15273= IFCQUANTITYVOLUME('NetVolume',$,$,0.029499177);
#15274= IFCELEMENTQUANTITY('3r63z6WX5rgJtTZ6o6G3F6',#5,'Qto_BeamBaseQuantities',$,$,(#15270,#15271,#15272,#15273));
#15275= IFCRELDEFINESBYPROPERTIES('32$arO4mSZGDWif5bM1BzS',#5,$,$,(#11826),#15274);
#15276= IFCQUANTITYLENGTH('Width',$,$,0.25);
#15277= IFCQUANTITYLENGTH('Perimeter',$,$,8.);
#15278= IFCQUANTITYAREA('GrossArea',$,$,4.);
#15279= IFCQUANTITYAREA('NetArea',$,$,4.);
#15280= IFCQUANTITYVOLUME('GrossVolume',$,$,1.);
#15281= IFCQUANTITYVOLUME('NetVolume',$,$,1.);
#15282= IFCELEMENTQUANTITY('0$44BcgR2WY5N$beMGsEe7',#5,'Qto_SlabBaseQuantities',$,$,(#15276,#15277,#15278,#15279,#15280,#15281));
#15283= IFCRELDEFINESBYPROPERTIES('0oqQHcAV9sFQ6V3L0mDK2a',#5,$,$,(#11916),#15282);
#15284= IFCQUANTITYLENGTH('Width',$,$,0.25);
#15285= IFCQUANTITYLENGTH('Perimeter',$,$,28.);
#15286= IFCQUANTITYAREA('GrossArea',$,$,48.);
#15287= IFCQUANTITYAREA('NetArea',$,$,48.);
#15288= IFCQUANTITYVOLUME('GrossVolume',$,$,12.);
#15289= IFCQUANTITYVOLUME('NetVolume',$,$,12.);
#15290= IFCELEMENTQUANTITY('2SG7DS8Q44UlAriDdkDEY2',#5,'Qto_SlabBaseQuantities',$,$,(#15284,#15285,#15286,#15287,#15288,#15289));
#15291= IFCRELDEFINESBYPROPERTIES('2GH6vM88uVNGllhE4n_2zx',#5,$,$,(#11926),#15290);
#15292= IFCQUANTITYLENGTH('Width',$,$,0.25);
#15293= IFCQUANTITYLENGTH('Perimeter',$,$,32.);
#15294= IFCQUANTITYAREA('GrossArea',$,$,48.);
#15295= IFCQUANTITYAREA('NetArea',$,$,47.);
#15296= IFCQUANTITYVOLUME('GrossVolume',$,$,12.);
#15297= IFCQUANTITYVOLUME('NetVolume',$,$,11.75);
#15298= IFCELEMENTQUANTITY('3d5ml4kFYPMpeedgnTza9R',#5,'Qto_SlabBaseQuantities',$,$,(#15292,#15293,#15294,#15295,#15296,#15297));
#15299= IFCRELDEFINESBYPROPERTIES('3K81BE$M4PtWE8X4ADczrZ',#5,$,$,(#11939),#15298);
#15300= IFCQUANTITYAREA('ProjectedArea',$,$,56.76);
#15301= IFCELEMENTQUANTITY('2HjBkT9XEGitvEeUc4PMO8',#5,'Qto_RoofBaseQuantities',$,$,(#15300));
#15302= IFCRELDEFINESBYPROPERTIES('3BIX8mg0Am9KU4vISQCh0k',#5,$,$,(#11942),#15301);
#15303= IFCQUANTITYVOLUME('GrossVolume',$,$,2.270399995);
#15304= IFCELEMENTQUANTITY('3JXvAfsnFvSa8XkUVLBuZG',#5,'Qto_SlabBaseQuantities',$,$,(#15303));
#15305= IFCRELDEFINESBYPROPERTIES('1$hrAmu$gzENFUfRFNQ5at',#5,$,$,(#12020),#15304);
#15306= IFCQUANTITYVOLUME('GrossVolume',$,$,11.351999976);
#15307= IFCELEMENTQUANTITY('3WEW0aFMJG5Dsm4rvyM68i',#5,'Qto_SlabBaseQuantities',$,$,(#15306));
#15308= IFCRELDEFINESBYPROPERTIES('15nCF_SHY2oITw1nK8uBha',#5,$,$,(#12092),#15307);
#15309= IFCQUANTITYLENGTH('Length',$,$,4.32);
#15310= IFCQUANTITYLENGTH('Width',$,$,1.);
#15311= IFCELEMENTQUANTITY('1p$26yEWka$LlH35FJHEst',#5,'Qto_StairFlightBaseQuantities',$,$,(#15309,#15310));
#15312= IFCRELDEFINESBYPROPERTIES('1Va3C0Mc2WmW0Ja9$zQuIh',#5,$,$,(#13446),#15311);
#15313= IFCQUANTITYLENGTH('Length',$,$,1.89);
#15314= IFCQUANTITYLENGTH('Width',$,$,1.);
#15315= IFCELEMENTQUANTITY('2zqULHcKkMenf7VfS4UxG6',#5,'Qto_StairFlightBaseQuantities',$,$,(#15313,#15314));
#15316= IFCRELDEFINESBYPROPERTIES('35n5ZmrOn07rj5dcUXd9s4',#5,$,$,(#14102),#15315);
#15317= IFCQUANTITYLENGTH('Length',$,$,1.89);
#15318= IFCQUANTITYLENGTH('Width',$,$,1.);
#15319= IFCELEMENTQUANTITY('1XYZEXQCJN7$eQ42HKZ3DH',#5,'Qto_StairFlightBaseQuantities',$,$,(#15317,#15318));
#15320= IFCRELDEFINESBYPROPERTIES('3pJNJGG30mZy5QtTG0biNm',#5,$,$,(#14722),#15319);
#15321= IFCQUANTITYLENGTH('Length',$,$,4.);
#15322= IFCQUANTITYLENGTH('Height',$,$,1.);
#15323= IFCELEMENTQUANTITY('2boJogP2H42ZDINKcq8JAG',#5,'Qto_RailingBaseQuantities',$,$,(#15321,#15322));
#15324= IFCRELDEFINESBYPROPERTIES('3uBx2qR2Sb7$35_S4ouL9q',#5,$,$,(#15020),#15323);
#15325= IFCQUANTITYLENGTH('Height',$,$,2.75);
#15326= IFCQUANTITYAREA('GrossFloorArea',$,$,43.44);
#15327= IFCQUANTITYAREA('NetFloorArea',$,$,43.224337131);
#15328= IFCQUANTITYVOLUME('GrossVolume',$,$,119.46);
#15329= IFCQUANTITYLENGTH('GrossPerimeter',$,$,33.1);
#15330= IFCQUANTITYAREA('GrossWallArea',$,$,91.025);
#15331= IFCQUANTITYAREA('NetWallArea',$,$,86.015);
#15332= IFCQUANTITYAREA('NetCeilingArea',$,$,43.224337131);
#15333= IFCELEMENTQUANTITY('1RyMBciyzrkiruKBcl8A0q',#5,'Qto_SpaceBaseQuantities',$,$,(#15325,#15326,#15327,#15328,#15329,#15330,#15331,#15332));
#15334= IFCRELDEFINESBYPROPERTIES('3oGBLhgfizdwlwSgc3pGVM',#5,$,$,(#15032),#15333);
#15335= IFCQUANTITYLENGTH('Height',$,$,2.8);
#15336= IFCQUANTITYAREA('GrossFloorArea',$,$,20.16);
#15337= IFCQUANTITYAREA('NetFloorArea',$,$,20.16);
#15338= IFCQUANTITYVOLUME('GrossVolume',$,$,56.448);
#15339= IFCQUANTITYLENGTH('GrossPerimeter',$,$,18.4);
#15340= IFCQUANTITYAREA('GrossWallArea',$,$,51.52);
#15341= IFCQUANTITYAREA('NetWallArea',$,$,51.52);
#15342= IFCQUANTITYAREA('NetCeilingArea',$,$,20.16);
#15343= IFCELEMENTQUANTITY('1DAXwhKZ8OrpqwsqtBUTcP',#5,'Qto_SpaceBaseQuantities',$,$,(#15335,#15336,#15337,#15338,#15339,#15340,#15341,#15342));
#15344= IFCRELDEFINESBYPROPERTIES('3lsBUr2ZxTaw0szRnXVOtx',#5,$,$,(#15043),#15343);
#15345= IFCPROPERTYSINGLEVALUE('Level',$,IFCINTEGER(-1),$);
#15346= IFCPROPERTYSET('14PbiyMgJAUmaNlKMOM8Xz',#5,'Semio_Authoring',$,(#15345));
#15347= IFCRELDEFINESBYPROPERTIES('0g_lvlb_jgSWikvStEYL1f',#5,$,$,(#169),#15346);
#15348= IFCPROPERTYSINGLEVALUE('Level',$,IFCINTEGER(1),$);
#15349= IFCPROPERTYSET('0CGX8kaKldxkXCffTHO2T3',#5,'Semio_Authoring',$,(#15348));
#15350= IFCRELDEFINESBYPROPERTIES('2TssvSCuuiGePHzXPgAt35',#5,$,$,(#173),#15349);
#15351= IFCPROPERTYSINGLEVALUE('Level',$,IFCINTEGER(0),$);
#15352= IFCPROPERTYSET('3DtumdShRC9E5XQDNCh0LX',#5,'Semio_Authoring',$,(#15351));
#15353= IFCRELDEFINESBYPROPERTIES('1m$vt6PjoZUSZ5G_xvh0HI',#5,$,$,(#175),#15352);
#15354= IFCPROPERTYSINGLEVALUE('Level',$,IFCINTEGER(2),$);
#15355= IFCPROPERTYSET('3LgOIr4MUpYYMIZmLXxbn9',#5,'Semio_Authoring',$,(#15354));
#15356= IFCRELDEFINESBYPROPERTIES('2I5CrOUhOlJJmwgO1P0f7w',#5,$,$,(#179),#15355);
#15357= IFCPROPERTYSINGLEVALUE('Phase',$,IFCLABEL('Demolished'),$);
#15358= IFCPROPERTYSET('3LGpqk7pO3BeJaBlK6xvgS',#5,'Semio_Authoring',$,(#15357));
#15359= IFCRELDEFINESBYPROPERTIES('2vqmUFxmbTyxFfq6RRX_K2',#5,$,$,(#237),#15358);
#15360= IFCPROPERTYSINGLEVALUE('Phase',$,IFCLABEL('Existing'),$);
#15361= IFCPROPERTYSET('1_QxGAgW6mlAqogyIX$A5O',#5,'Semio_Authoring',$,(#15360));
#15362= IFCRELDEFINESBYPROPERTIES('0ui8dYWRnhU0GXkKxfoso_',#5,$,$,(#251),#15361);
#15363= IFCPROPERTYSINGLEVALUE('FlipHand',$,IFCLABEL('true'),$);
#15364= IFCPROPERTYSET('3a_Kb9o$Rggbzqez6PUt9p',#5,'Semio_Authoring',$,(#15363));
#15365= IFCRELDEFINESBYPROPERTIES('2_W9kKoV8DQczO6WDOnAIb',#5,$,$,(#323),#15364);
#15366= IFCPROPERTYSINGLEVALUE('Phase',$,IFCLABEL('Demolished'),$);
#15367= IFCPROPERTYSET('2O6NqsDSf$3yi229Qup4xf',#5,'Semio_Authoring',$,(#15366));
#15368= IFCRELDEFINESBYPROPERTIES('1C17LqIZl8nqBTZ9LUTZUY',#5,$,$,(#351),#15367);
#15369= IFCPROPERTYSINGLEVALUE('Phase',$,IFCLABEL('Demolished'),$);
#15370= IFCPROPERTYSINGLEVALUE('CurtainWall',$,IFCLABEL('{"storey":"st-first","curtain_wall_type":"cwt-1","axis":{"Line":{"start":{"x":0.0,"y":6.0},"end":{"x":6.0,"y":6.0}}},"base_offset":0.0,"top":{"StoreyTop":{"offset":0.0}},"phase":"Demolished","name":"Facade"}'),$);
#15371= IFCPROPERTYSINGLEVALUE('CurtainWallTypeId',$,IFCLABEL('cwt-1'),$);
#15372= IFCPROPERTYSINGLEVALUE('CurtainWallType',$,IFCLABEL('{"name":"Curtain wall 1.5 x 1.4","u_grid":{"Spacing":{"spacing":1.5}},"v_grid":{"Spacing":{"spacing":1.4}},"interior_mullion":{"Rectangle":{"width":0.05,"depth":0.1}},"border_mullion":{"Rectangle":{"width":0.05,"depth":0.1}},"panel":"Glass","panel_material":"m-wool","mullion_material":"m-steel"}'),$);
#15373= IFCPROPERTYSINGLEVALUE('CurtainPanelOverrides',$,IFCLABEL('{"ov-door":{"curtain":"cw-1","u":0,"v":0,"panel":{"Door":{"door_type":"dr-180"}}},"ov-open":{"curtain":"cw-1","u":1,"v":0,"panel":"Empty"}}'),$);
#15374= IFCPROPERTYSET('1iGBHeeSe6CCHwCCC7AzLU',#5,'Semio_Authoring',$,(#15369,#15370,#15371,#15372,#15373));
#15375= IFCRELDEFINESBYPROPERTIES('3tfrMSlOHwghw3pj7ez424',#5,$,$,(#449),#15374);
#15376= IFCPROPERTYSINGLEVALUE('Phase',$,IFCLABEL('Temporary'),$);
#15377= IFCPROPERTYSET('32z8HRTQlcAxQoU808eKh8',#5,'Semio_Authoring',$,(#15376));
#15378= IFCRELDEFINESBYPROPERTIES('0$IbPwB8XP5ZSQQXK2E7Nu',#5,$,$,(#1668),#15377);
#15379= IFCPROPERTYSINGLEVALUE('Column',$,IFCLABEL('{"storey":"st-ground","column_type":"ct-rect","position":{"x":30.0,"y":30.0},"rotation":0.0,"tilt":{"direction":0.5,"angle":0.2},"base_offset":0.0,"top":{"StoreyTop":{"offset":0.0}},"phase":"New","name":"C1"}'),$);
#15380= IFCPROPERTYSET('0imkWULsQNPk1ZeDdUc7O4',#5,'Semio_Authoring',$,(#15379));
#15381= IFCRELDEFINESBYPROPERTIES('1H1NI0vV3sL1nWiFRdaNP0',#5,$,$,(#1690),#15380);
#15382= IFCPROPERTYSINGLEVALUE('Beam',$,IFCLABEL('{"storey":"st-ground","beam_type":"bt-i","axis":{"Line":{"start":{"x":4.0,"y":3.0},"end":{"x":6.0,"y":3.0}}},"top_offset":0.0,"phase":"New","name":"B1"}'),$);
#15383= IFCPROPERTYSET('17EFRmvheKOjonsOdK98yL',#5,'Semio_Authoring',$,(#15382));
#15384= IFCRELDEFINESBYPROPERTIES('2OeAYTrcv2209kBM3lRn5j',#5,$,$,(#1864),#15383);
#15385= IFCPROPERTYSINGLEVALUE('Phase',$,IFCLABEL('Demolished'),$);
#15386= IFCPROPERTYSINGLEVALUE('Beam',$,IFCLABEL('{"storey":"st-ground","beam_type":"bt-rect","axis":{"Line":{"start":{"x":0.0,"y":3.0},"end":{"x":4.0,"y":3.0}}},"top_offset":-0.1,"phase":"Demolished","name":"B2"}'),$);
#15387= IFCPROPERTYSET('0uwyl7_rBjMzYKIdi2dYod',#5,'Semio_Authoring',$,(#15385,#15386));
#15388= IFCRELDEFINESBYPROPERTIES('3fgEZlatgOiNVwaJ1gnBKk',#5,$,$,(#1917),#15387);
#15389= IFCPROPERTYSINGLEVALUE('Beam',$,IFCLABEL('{"storey":"st-ground","beam_type":"bt-i","axis":{"Arc":{"start":{"x":30.0,"y":40.0},"end":{"x":36.0,"y":40.0},"bulge":0.4}},"top_offset":0.0,"phase":"New","name":""}'),$);
#15390= IFCPROPERTYSET('25497q08ZfIjR1E365$Aiv',#5,'Semio_Authoring',$,(#15389));
#15391= IFCRELDEFINESBYPROPERTIES('1j8zxS9fL6$xFfHYszIVNX',#5,$,$,(#11494),#15390);
#15392= IFCPROPERTYSINGLEVALUE('Beam',$,IFCLABEL('{"storey":"st-ground","beam_type":"bt-i","axis":{"Line":{"start":{"x":30.0,"y":50.0},"end":{"x":36.0,"y":50.0}}},"top_offset":0.0,"end_top_offset":-0.8,"phase":"New","name":""}'),$);
#15393= IFCPROPERTYSET('3EzbE0vQZbzprcBkQ6C7q_',#5,'Semio_Authoring',$,(#15392));
#15394= IFCRELDEFINESBYPROPERTIES('35giJkhYsR7eH_9Y_tAEA1',#5,$,$,(#11660),#15393);
#15395= IFCPROPERTYSINGLEVALUE('Beam',$,IFCLABEL('{"storey":"st-ground","beam_type":"bt-i","axis":{"Line":{"start":{"x":40.0,"y":30.0},"end":{"x":46.0,"y":30.0}}},"top_offset":0.0,"phase":"New","name":""}'),$);
#15396= IFCPROPERTYSET('0IGInEnBhbT0id7Pui5e2u',#5,'Semio_Authoring',$,(#15395));
#15397= IFCRELDEFINESBYPROPERTIES('2rTvjtJJ3u7r0q3ef3ZMV2',#5,$,$,(#11826),#15396);
#15398= IFCPROPERTYSINGLEVALUE('Phase',$,IFCLABEL('Existing'),$);
#15399= IFCPROPERTYSINGLEVALUE('Slab',$,IFCLABEL('{"storey":"st-first","slab_type":"st-floor","boundary":[{"point":{"x":8.0,"y":0.0},"bulge":0.0},{"point":{"x":10.0,"y":0.0},"bulge":0.0},{"point":{"x":10.0,"y":2.0},"bulge":0.0},{"point":{"x":8.0,"y":2.0},"bulge":0.0}],"holes":[],"offset":0.0,"slope":{"direction":0.0,"angle":0.05},"phase":"Existing","name":"Balcony"}'),$);
#15400= IFCPROPERTYSET('09IpZqBkxTIEuUSvFbcBBY',#5,'Semio_Authoring',$,(#15398,#15399));
#15401= IFCRELDEFINESBYPROPERTIES('0poipdt9CYf36OtFACOfRL',#5,$,$,(#11916),#15400);
#15402= IFCPROPERTYSINGLEVALUE('Roof',$,IFCLABEL('{"storey":"st-roof","roof_type":"rt-tile","footprint":[{"point":{"x":0.0,"y":0.0},"bulge":0.0},{"point":{"x":8.0,"y":0.0},"bulge":0.0},{"point":{"x":8.0,"y":6.0},"bulge":0.0},{"point":{"x":0.0,"y":6.0},"bulge":0.0}],"shape":{"Gable":{"pitch":0.5,"ridge_direction":0.0}},"overhang":0.3,"base_offset":0.0,"phase":"New","name":"Roof"}'),$);
#15403= IFCPROPERTYSET('2ai4qWGXd8EmoMuxFqT9jg',#5,'Semio_Authoring',$,(#15402));
#15404= IFCRELDEFINESBYPROPERTIES('1Sek9iFd9yVf$udnGEPGcN',#5,$,$,(#11942),#15403);
#15405= IFCPROPERTYSINGLEVALUE('Stair',$,IFCLABEL('{"storey":"st-ground","start":{"x":1.0,"y":1.0},"direction":0.0,"width":1.0,"flight":"Straight","top":{"StoreyTop":{"offset":0.0}},"max_riser":0.18,"min_tread":0.27,"stringer":{"kind":"None","width":0.05,"depth":0.25},"nosing":0.0,"tread_thickness":0.04,"riser":"Closed","landing_depth":1.0,"phase":"New","name":"Stair 1"}'),$);
#15406= IFCPROPERTYSET('0P5MN1L_XUxRfxoD7Qbbc7',#5,'Semio_Authoring',$,(#15405));
#15407= IFCRELDEFINESBYPROPERTIES('3_p49Rh5nuSWLa18QtNNta',#5,$,$,(#12094),#15406);
#15408= IFCPROPERTYSINGLEVALUE('Phase',$,IFCLABEL('Demolished'),$);
#15409= IFCPROPERTYSINGLEVALUE('Stair',$,IFCLABEL('{"storey":"st-first","start":{"x":1.0,"y":4.0},"direction":0.0,"width":1.0,"flight":{"LTurn":{"split":0.5,"turn":"Left"}},"top":{"StoreyTop":{"offset":0.0}},"max_riser":0.18,"min_tread":0.27,"stringer":{"kind":"None","width":0.05,"depth":0.25},"nosing":0.0,"tread_thickness":0.04,"riser":"Closed","landing_depth":1.0,"phase":"Demolished","name":"Stair 2"}'),$);
#15410= IFCPROPERTYSET('1mBMjoZFYNDMBxWA464zlm',#5,'Semio_Authoring',$,(#15408,#15409));
#15411= IFCRELDEFINESBYPROPERTIES('32bZkR_JH8OW1xvmYAFrkB',#5,$,$,(#13448),#15410);
#15412= IFCPROPERTYSINGLEVALUE('Phase',$,IFCLABEL('Temporary'),$);
#15413= IFCPROPERTYSINGLEVALUE('Railing',$,IFCLABEL('{"storey":"st-first","path":[{"x":0.0,"y":0.0},{"x":2.0,"y":0.0},{"x":2.0,"y":2.0}],"height":1.0,"post_spacing":1.0,"profile":{"Rectangle":{"width":0.06,"depth":0.04}},"post_profile":{"Rectangle":{"width":0.05,"depth":0.05}},"infill":"None","material":"m-steel","base_offset":0.0,"phase":"Temporary","name":"Railing"}'),$);
#15414= IFCPROPERTYSET('2t$pCEpIz9lEAOCQSsJ$5U',#5,'Semio_Authoring',$,(#15412,#15413));
#15415= IFCRELDEFINESBYPROPERTIES('2n9yAHlShMTV3m_d_Vh97E',#5,$,$,(#15020),#15414);
#15416= IFCPROPERTYSINGLEVALUE('Boundary',$,IFCLABEL('{"Bounded":{"seed":{"x":6.8,"y":5.0}}}'),$);
#15417= IFCPROPERTYSET('00f1_4u3hMvlOBWunBD7$j',#5,'Semio_Authoring',$,(#15416));
#15418= IFCRELDEFINESBYPROPERTIES('0hHYsCCTVAb9IKBWop9Zef',#5,$,$,(#15032),#15417);
#15419= IFCPROPERTYSINGLEVALUE('Phase',$,IFCLABEL('Existing'),$);
#15420= IFCPROPERTYSET('2Uh8dcdWQqZv97b$ar2HVk',#5,'Semio_Authoring',$,(#15419));
#15421= IFCRELDEFINESBYPROPERTIES('0nc4Y5nVzTl9Xm0ddf7Dla',#5,$,$,(#15043),#15420);
#15422= IFCPROPERTYSINGLEVALUE('Count',$,IFCINTEGER(4),$);
#15423= IFCPROPERTYSINGLEVALUE('Footprint',$,IFCAREAMEASURE(0.09),$);
#15424= IFCPROPERTYSINGLEVALUE('Span',$,IFCLENGTHMEASURE(3.),$);
#15425= IFCPROPERTYSINGLEVALUE('Tilt',$,IFCPLANEANGLEMEASURE(0.1),$);
#15426= IFCPROPERTYSINGLEVALUE('Volume',$,IFCVOLUMEMEASURE(0.27),$);
#15427= IFCPROPERTYSET('0Fd_XHkq20mkwhK9G7YbhY',#5,'Custom',$,(#15422,#15423,#15424,#15425,#15426));
#15428= IFCRELDEFINESBYPROPERTIES('3TaEAiY50LVUaZa7JYZCcU',#5,$,$,(#1660),#15427);
#15429= IFCPROPERTYSINGLEVALUE('LoadBearing',$,IFCBOOLEAN(.T.),$);
#15430= IFCPROPERTYSINGLEVALUE('Reference',$,IFCLABEL('C-01'),$);
#15431= IFCPROPERTYSET('3p9dyxrshQgwGh7sPahY7N',#5,'Pset_ColumnCommon',$,(#15429,#15430));
#15432= IFCRELDEFINESBYPROPERTIES('0ZegxE2khe_gEWhXPemDvx',#5,$,$,(#1660),#15431);
#15433= IFCPROPERTYSINGLEVALUE('FireRating',$,IFCLABEL('EI60'),$);
#15434= IFCPROPERTYSINGLEVALUE('IsExternal',$,IFCBOOLEAN(.T.),$);
#15435= IFCPROPERTYSINGLEVALUE('ThermalTransmittance',$,IFCREAL(0.25),$);
#15436= IFCPROPERTYSET('0kVARBe3Bcy9h5Vj7Jf_y$',#5,'Pset_WallCommon',$,(#15433,#15434,#15435));
#15437= IFCRELDEFINESBYPROPERTIES('1SR3Z0_pxcGfXIbl$c2RWb',#5,$,$,(#276),#15436);
#15438= IFCCLASSIFICATION('','',$,'Omniclass');
#15439= IFCCLASSIFICATIONREFERENCE($,'21-02 10 10','Columns',#15438);
#15440= IFCCLASSIFICATION('','',$,'Uniclass 2015');
#15441= IFCCLASSIFICATIONREFERENCE($,'EF_25_10','Walls',#15440);
#15442= IFCRELASSOCIATESCLASSIFICATION('3s7m6H0ucN9JaTI8jqYkCu',#5,$,$,(#1660),#15439);
#15443= IFCRELASSOCIATESCLASSIFICATION('2qSsb0MzmbNDM0Hx_UyeFY',#5,$,$,(#223,#276),#15441);
ENDSEC;

END-ISO-10303-21;
