ply
format ascii 1.0
element vertex 1024
property float x
property float y
property float z
property float nx
property float ny
property float nz
element face 2048
property list uchar int vertex_index
end_header
-13992.326171875 -9349.373046875 -2828.42724609375 -0.5868774667925812 -0.3957994292661808 -0.706341030072364
-14405.94140625 -9625.7421875 -2222.281005859375 -0.6903438486773674 -0.4642507677212966 -0.5548843079989796
-9349.373046875 -13992.326171875 -2828.42724609375 -0.390738220810319 -0.5902592566790759 -0.7063410314449041
-9625.7421875 -14405.94140625 -2222.281005859375 -0.4601334724456517 -0.6930949232016707 -0.5548843257537349
-11470.884765625 -11470.884765625 -3325.87841796875 -0.39120328644891983 -0.39603141171430895 -0.8307340787563345
-13488.333984375 -9012.6162109375 -3325.87841796875 -0.4609483806945956 -0.31210187270283635 -0.8307340196419144
-9012.6162109375 -13488.333984375 -3325.87841796875 -0.3064245885989324 -0.4647418270188762 -0.8307340162297028
-10451.2939453125 -10451.2939453125 -3923.14111328125 -0.1366525610456138 -0.14160371034344388 -0.9804460550059063
-10981.88671875 -10981.88671875 -3695.51806640625 -0.2690699335348111 -0.2741146321315868 -0.9232889793119687
-9899.4951171875 -9899.4951171875 -4000 0.0009924522719693908 -0.003580413801550719 -0.9999930978139289
-9347.6962890625 -9347.6962890625 -3923.14111328125 0.13861326913613606 0.13464912811336954 -0.9811503319663621
-11899.4951171875 -11899.4951171875 -2828.42724609375 -0.498384101391956 -0.5026883019160566 -0.7063411064043237
-12251.24609375 -12251.24609375 -2222.281005859375 -0.586508159547522 -0.5900096940374281 -0.5548844381725251
-14713.28515625 -9831.103515625 -1530.7337646484375 -0.7673826767606851 -0.5148494212698654 -0.38216998943623304
-14902.546875 -9957.5634765625 -780.3612670898438 -0.8150364136300331 -0.5456759317383334 -0.194816380159871
-9831.103515625 -14713.28515625 -1530.7337646484375 -0.5119447718800622 -0.7693235294165001 -0.38216993292357615
-9957.5634765625 -14902.546875 -780.3612670898438 -0.5441742978790098 -0.8160397175463336 -0.19481661354922158
-12512.62109375 -12512.62109375 -1530.7337646484375 -0.6521955200309971 -0.6546656557454672 -0.38216996590372493
-12673.57421875 -12673.57421875 -780.3612670898438 -0.6929197329524719 -0.6941965836561899 -0.19481618753365926
-13655.2734375 -5656.19921875 -3923.14111328125 -0.1804397954715065 -0.07853007863514719 -0.9804460754981675
-14348.52734375 -5943.3544921875 -3695.51806640625 -0.35348723053224956 -0.15028028493916526 -0.9232890196516167
-14987.43359375 -6207.998046875 -3325.87841796875 -0.5129796256834769 -0.21617840189498905 -0.8307338937275695
-16007.0244140625 -6630.32666015625 -2222.281005859375 -0.7676498152964806 -0.3206509590894027 -0.5548844235607318
-15547.439453125 -6439.96044921875 -2828.42724609375 -0.6528173726593165 -0.2737000900032959 -0.7063410923104889
-15910.57421875 -3164.81005859375 -3325.87841796875 -0.5452969776704426 -0.11194720337690561 -0.8307340307219698
-15232.3154296875 -3029.895751953125 -3695.51806640625 -0.3760133657677074 -0.07843074148296234 -0.9232889946027045
-14496.3603515625 -2883.50537109375 -3923.14111328125 -0.19229314780885073 -0.04181906112614372 -0.9804460777790339
-13730.994140625 -2731.264404296875 -4000 -0.0011639720899963952 -0.0035283705643035282 -0.9999930978612476
-16505.07421875 -3283.063232421875 -2828.42724609375 -0.6936697904403925 -0.1410827029385199 -0.7063412013764618
-16992.966796875 -3380.111083984375 -2222.281005859375 -0.8154556141078008 -0.16472868592812118 -0.5548843135757796
-12913.3330078125 -8628.4130859375 -3695.51806640625 -0.31737673234508196 -0.21635462310892886 -0.9232890591929224
-12289.4208984375 -8211.5283203125 -3923.14111328125 -0.1616523005223814 -0.11222321799816176 -0.9804460633191193
-11640.57421875 -7777.9833984375 -4000 0.00027487453519467746 -0.003705223135401239 -0.9999930978589336
-12934.3134765625 -5357.56787109375 -4000 -0.0004532565999118195 -0.003687659555512639 -0.9999930978389087
-12213.353515625 -5058.9365234375 -3923.14111328125 0.17958998616214944 0.07135457520130248 -0.9811503256219817
-11520.099609375 -4771.78173828125 -3695.51806640625 0.352800167180312 0.1436816480543615 -0.9246013335756805
-10991.7275390625 -7344.43798828125 -3923.14111328125 0.1622186732182048 0.10501978429904539 -0.9811503182311604
-10367.81640625 -6927.55322265625 -3695.51806640625 0.3179902811037465 0.20974876505457493 -0.9246013393250311
-10881.193359375 -4507.13818359375 -3325.87841796875 0.5125379590304762 0.2104693364644032 -0.8324707195818407
-9792.8154296875 -6543.35009765625 -3325.87841796875 0.461629089149289 0.3064163899739211 -0.8324707682594913
-9288.8232421875 -6206.59326171875 -2828.42724609375 0.5876231932297368 0.3912552392134422 -0.7082501821860122
-12965.626953125 -2579.023681640625 -3923.14111328125 0.1900597955585278 0.03494724623639029 -0.9811503269595052
-12229.6728515625 -2432.633056640625 -3695.51806640625 0.37405201501294233 0.07209298703531448 -0.924601368853131
-11551.4130859375 -2297.718994140625 -3325.87841796875 0.5437502216758502 0.10643409843237868 -0.8324707076638497
-10321.1875 -4275.17578125 -2828.42724609375 0.6526623425724962 0.26909783719470776 -0.7082501116165898
-9861.6025390625 -4084.8095703125 -2222.281005859375 0.7677605795176233 0.31726238325740236 -0.5566760931714206
-10956.9140625 -2179.4658203125 -2828.42724609375 0.6926199315729399 0.13659911090319668 -0.7082501770478791
-10469.021484375 -2082.417724609375 -2222.281005859375 0.8149032313595224 0.16138348610886336 -0.5566759325955802
-16348.52734375 -6771.78173828125 -1530.7337646484375 -0.8530798358699057 -0.3552478172337182 -0.38216983395194026
-16558.822265625 -6858.88916015625 -780.3612670898438 -0.9058317445161672 -0.3761852343365736 -0.19481663197461993
-17355.50390625 -3452.224365234375 -1530.7337646484375 -0.9059934639717406 -0.18199421512861433 -0.3821700523329976
-17578.75390625 -3496.63134765625 -780.3612670898438 -0.9618166013800351 -0.19223782269741438 -0.19481643881951088
-9520.099609375 -3943.3544921875 -1530.7337646484375 0.8533572970724812 0.3530759736963752 -0.38356053020547576
-10106.484375 -2010.3046875 -1530.7337646484375 0.9058419815530299 0.1798099081454837 -0.3835605576552325
-9309.8037109375 -3856.246826171875 -780.3612670898438 0.9060950623516004 0.375155885524382 -0.19557555966548154
-9883.234375 -1965.8975830078125 -780.3612670898438 0.9618739726561257 0.19117700042145588 -0.1955755997985878
-5656.19921875 -13655.2734375 -3923.14111328125 -0.07206106061595093 -0.1831193087696192 -0.9804460833205675
-5943.3544921875 -14348.52734375 -3695.51806640625 -0.14368905045131655 -0.3562174717145575 -0.9232889957243547
-6207.998046875 -14987.43359375 -3325.87841796875 -0.2098701098282249 -0.5155924433486789 -0.8307339943462215
-6630.32666015625 -16007.0244140625 -2222.281005859375 -0.31607597735716253 -0.769544831809613 -0.5548844279422779
-6439.96044921875 -15547.439453125 -2828.42724609375 -0.26807644838291056 -0.6551468341802961 -0.70634102492064
-8628.4130859375 -12913.3330078125 -3695.51806640625 -0.21042268166100853 -0.3213404743757201 -0.9232890092330662
-8211.5283203125 -12289.4208984375 -3923.14111328125 -0.10640124706360471 -0.16554234501430795 -0.9804460753302414
-7777.9833984375 -11640.57421875 -4000 0.001671877709712678 -0.0033179913114121697 -0.9999930978554709
-7344.43798828125 -10991.7275390625 -3923.14111328125 0.10968115112889328 0.1591040184193456 -0.9811503230442609
-6927.55322265625 -10367.81640625 -3695.51806640625 0.21351738024038217 0.31547227132406297 -0.9246013056236299
-5357.56787109375 -12934.3134765625 -4000 0.0022870709928073303 -0.0029280649383403154 -0.9999930978471756
-5058.9365234375 -12213.353515625 -3923.14111328125 0.07653398820849751 0.1774445774265231 -0.9811503302709654
-4771.78173828125 -11520.099609375 -3695.51806640625 0.14786906202767838 0.35106562766535254 -0.9246013549454635
-6543.35009765625 -9792.8154296875 -3325.87841796875 0.3092290424831701 0.45974963364748633 -0.8324708245013417
-4507.13818359375 -10881.193359375 -3325.87841796875 0.21359470009071746 0.5112433319225543 -0.832470756037641
-6206.59326171875 -9288.8232421875 -2828.42724609375 0.39316607748287236 0.5863464061572062 -0.7082501870831099
-3164.81005859375 -15910.57421875 -3325.87841796875 -0.10525042023614362 -0.5466291414869633 -0.8307339710866174
-3029.895751953125 -15232.3154296875 -3695.51806640625 -0.07143346064036755 -0.37740509876784345 -0.9232890404012036
-2883.50537109375 -14496.3603515625 -3923.14111328125 -0.0349516114597004 -0.19365918141184377 -0.980446075167454
-2731.264404296875 -13730.994140625 -4000 0.0028143562713862005 -0.002425624552388327 -0.9999930978483343
-3283.063232421875 -16505.07421875 -2828.42724609375 -0.13511259988351323 -0.6948573658501528 -0.7063411544547752
-3380.111083984375 -16992.966796875 -2222.281005859375 -0.15987200791943354 -0.8164217943988997 -0.5548841272863093
-2579.023681640625 -12965.626953125 -3923.14111328125 0.04044570012160686 0.18896609467098205 -0.9811503250809586
-2432.633056640625 -12229.6728515625 -3695.51806640625 0.07653834115035318 0.3731678518565714 -0.9246013393212797
-2297.718994140625 -11551.4130859375 -3325.87841796875 0.10975190264653188 0.5430901652842818 -0.8324707756053409
-4275.17578125 -10321.1875 -2828.42724609375 0.2712210735615052 0.6517829348953657 -0.7082500512074305
-4084.8095703125 -9861.6025390625 -2222.281005859375 0.3185503091013386 0.7672270310549206 -0.5566761925842469
-2179.4658203125 -10956.9140625 -2828.42724609375 0.13885314940244362 0.6921717613086616 -0.7082499952332425
-2082.417724609375 -10469.021484375 -2222.281005859375 0.16275092910761993 0.8146310424299353 -0.5566762073091712
-6771.78173828125 -16348.52734375 -1530.7337646484375 -0.35202046227293315 -0.8544165845017477 -0.38216998085867276
-6858.88916015625 -16558.822265625 -780.3612670898438 -0.37451684457970363 -0.9065229292575515 -0.19481609752885037
-3452.224365234375 -17355.50390625 -1530.7337646484375 -0.1785678266349742 -0.9066748017299645 -0.38217055773409764
-3496.63134765625 -17578.75390625 -780.3612670898438 -0.190466702142646 -0.962168992365078 -0.19481597856971367
-3943.3544921875 -9520.099609375 -1530.7337646484375 0.35375249895604977 0.8530771855262093 -0.38356027559828376
-2010.3046875 -10106.484375 -1530.7337646484375 0.18052792177779556 0.9056992344516502 -0.38356038139031623
-3856.246826171875 -9309.8037109375 -780.3612670898438 0.3754306382158465 0.9059812297639247 -0.19557568152581914
-1965.8975830078125 -9883.234375 -780.3612670898438 0.19146856164344078 0.9618159280742333 -0.1955758431015778
-8817.1025390625 -8817.1025390625 -3695.51806640625 0.2709602974157503 0.26775538551279643 -0.9246013036727029
-8328.10546875 -8328.10546875 -3325.87841796875 0.3929802112668033 0.39058812790093633 -0.8324707009231861
-7899.4951171875 -7899.4951171875 -2828.42724609375 0.500001908049378 0.4983769066165892 -0.7082503447921934
-7547.74365234375 -7547.74365234375 -2222.281005859375 0.5879072347217774 0.5869214335353298 -0.5566761304552462
-8875.2080078125 -5930.22412109375 -2222.281005859375 0.6911133688292002 0.4609488355897237 -0.5566762815084109
-5930.22412109375 -8875.2080078125 -2222.281005859375 0.46210813344478074 0.6903389069689617 -0.5566760876210508
-7286.369140625 -7286.369140625 -1530.7337646484375 0.65328312348812 0.6527653379355588 -0.38356039179701706
-8567.86328125 -5724.86328125 -1530.7337646484375 0.7680786905617522 0.5127734580313217 -0.38356030274722697
-5724.86328125 -8567.86328125 -1530.7337646484375 0.5133821362758452 0.767671822685288 -0.38356062729104157
-7125.4150390625 -7125.4150390625 -780.3612670898438 0.6935567248387097 0.6933464396522877 -0.19557552007472495
-8378.6015625 -5598.40283203125 -780.3612670898438 0.8154954247442249 0.5447177246303695 -0.1955755933002613
-5598.40283203125 -8378.6015625 -780.3612670898438 0.5449651342284081 0.8153301867857241 -0.1955752770453605
-14966.453125 -10000.2646484375 0 -0.8314696016585723 -0.5555702489493982 -1.9713607605182347e-7
-14902.546875 -9957.5634765625 780.3612670898438 -0.8160397000026202 -0.5441743259272506 0.19481660868944445
-14713.28515625 -9831.103515625 1530.7337646484375 -0.7693235294165001 -0.5119447718800622 0.38216993292357615
-10000.2646484375 -14966.453125 0 -0.5555702901565727 -0.8314695741248157 1.9752942597218403e-7
-9957.5634765625 -14902.546875 780.3612670898438 -0.5456759333224253 -0.8150364159960759 0.19481636582425987
-9831.103515625 -14713.28515625 1530.7337646484375 -0.5148494212698654 -0.7673826767606851 0.38216998943623304
-12727.921875 -12727.921875 0 -0.7071067811865476 -0.7071067811865476 2.3845026361851724e-9
-12673.57421875 -12673.57421875 780.3612670898438 -0.6941965816409458 -0.6929197309409344 0.19481620186927145
-12512.62109375 -12512.62109375 1530.7337646484375 -0.6546656557454672 -0.6521955200309971 0.38216996590372493
-14405.94140625 -9625.7421875 2222.281005859375 -0.6930949136972276 -0.4601334959381425 0.5548843181445803
-13992.326171875 -9349.373046875 2828.42724609375 -0.5902592387019625 -0.39073817910755665 0.7063410695370126
-9625.7421875 -14405.94140625 2222.281005859375 -0.4642507209631666 -0.6903438677802182 0.5548843233534615
-9349.373046875 -13992.326171875 2828.42724609375 -0.3957994292661808 -0.5868774667925812 0.706341030072364
-12251.24609375 -12251.24609375 2222.281005859375 -0.590009731780889 -0.5865081974207226 0.5548843580081694
-11899.4951171875 -11899.4951171875 2828.42724609375 -0.5026883019160566 -0.498384101391956 0.7063411064043237
-11470.884765625 -11470.884765625 3325.87841796875 -0.39603141171430895 -0.39120328644891983 0.8307340787563345
-13488.333984375 -9012.6162109375 3325.87841796875 -0.464741799409308 -0.30642461984703373 0.830734020149289
-9012.6162109375 -13488.333984375 3325.87841796875 -0.31210187270283635 -0.4609483806945956 0.8307340196419144
-10981.88671875 -10981.88671875 3695.51806640625 -0.27411467477976004 -0.2690699461442513 0.9232889629754684
-10451.2939453125 -10451.2939453125 3923.14111328125 -0.14160371034344388 -0.1366525610456138 0.9804460550059063
-9899.4951171875 -9899.4951171875 4000 -0.003580411473267069 0.0009924542510362094 0.9999930978203008
-9347.6962890625 -9347.6962890625 3923.14111328125 0.13464912811336954 0.13861326913613606 0.9811503319663621
-16629.83203125 -6888.3017578125 0 -0.9238795200292542 -0.3826834624991811 3.909919779415872e-7
-16558.822265625 -6858.88916015625 780.3612670898438 -0.9065229191394212 -0.37451687020186636 0.19481609535441594
-16348.52734375 -6771.78173828125 1530.7337646484375 -0.8544165691778582 -0.35202051031897097 0.38216997086258503
-17654.134765625 -3511.625732421875 0 -0.9807852869226852 -0.19509028924052632 1.8435865017637094e-7
-17578.75390625 -3496.63134765625 780.3612670898438 -0.962168992365078 -0.190466702142646 0.19481597856971367
-17355.50390625 -3452.224365234375 1530.7337646484375 -0.9066748017299645 -0.1785678266349742 0.38217055773409764
-9238.794921875 -3826.834228515625 0 0.9238795709050672 0.3826833396742897 3.3028929178911224e-8
-9309.8037109375 -3856.246826171875 780.3612670898438 0.9059812297639247 0.3754306382158465 0.19557568152581914
-9807.8525390625 -1950.9031982421875 0 0.9807852732492616 0.1950903579814591 -1.9365288485751124e-7
-9883.234375 -1965.8975830078125 780.3612670898438 0.9618159180620536 0.19146858641696768 0.19557586808688143
-9520.099609375 -3943.3544921875 1530.7337646484375 0.8530771855262093 0.35375249895604977 0.38356027559828376
-10106.484375 -2010.3046875 1530.7337646484375 0.9056992344516502 0.18052792177779556 0.38356038139031623
-16007.0244140625 -6630.32666015625 2222.281005859375 -0.7695448500123413 -0.3160760146359115 0.5548843814628072
-15547.439453125 -6439.96044921875 2828.42724609375 -0.6551468341802961 -0.26807644838291056 0.70634102492064
-14987.43359375 -6207.998046875 3325.87841796875 -0.5155924433486789 -0.2098701098282249 0.8307339943462215
-14348.52734375 -5943.3544921875 3695.51806640625 -0.3562174717145575 -0.14368905045131655 0.9232889957243547
-13655.2734375 -5656.19921875 3923.14111328125 -0.1831193375725891 -0.07206106022268628 0.9804460779698998
-16992.966796875 -3380.111083984375 2222.281005859375 -0.8164217943988997 -0.15987200791943354 0.5548841272863093
-16505.07421875 -3283.063232421875 2828.42724609375 -0.6948573658501528 -0.13511259988351323 0.7063411544547752
-15910.57421875 -3164.81005859375 3325.87841796875 -0.5466291419156171 -0.1052504128680978 0.8307339717380596
-15232.3154296875 -3029.895751953125 3695.51806640625 -0.3774050732104033 -0.07143346144381883 0.9232890507859414
-14496.3603515625 -2883.50537109375 3923.14111328125 -0.19365918141184377 -0.0349516114597004 0.980446075167454
-13730.994140625 -2731.264404296875 4000 -0.002425624552388327 0.0028143562713862005 0.9999930978483343
-9288.8232421875 -6206.59326171875 2828.42724609375 0.5863464383992729 0.39316608893761507 0.7082501540317426
-12913.3330078125 -8628.4130859375 3695.51806640625 -0.3213404743757201 -0.21042268166100853 0.9232890092330662
-12289.4208984375 -8211.5283203125 3923.14111328125 -0.16554234501430795 -0.10640124706360471 0.9804460753302414
-11640.57421875 -7777.9833984375 4000 -0.003317990845756649 0.0016718775933002633 0.9999930978572106
-12934.3134765625 -5357.56787109375 4000 -0.0029280649383418744 0.0022870707599779013 0.9999930978477081
-11520.099609375 -4771.78173828125 3695.51806640625 0.35106562766535254 0.14786906202767838 0.9246013549454635
-12213.353515625 -5058.9365234375 3923.14111328125 0.1774445774265231 0.07653398820849751 0.9811503302709654
-10367.81640625 -6927.55322265625 3695.51806640625 0.31547227132406297 0.21351738024038217 0.9246013056236299
-10991.7275390625 -7344.43798828125 3923.14111328125 0.15910401828932766 0.10968115848984367 0.9811503222424762
-10881.193359375 -4507.13818359375 3325.87841796875 0.5112433319225543 0.21359470009071746 0.832470756037641
-9792.8154296875 -6543.35009765625 3325.87841796875 0.45974963364748633 0.3092290424831701 0.8324708245013417
-9861.6025390625 -4084.8095703125 2222.281005859375 0.7672270310549206 0.3185503091013386 0.5566761925842469
-10321.1875 -4275.17578125 2828.42724609375 0.6517829348953657 0.2712210735615052 0.7082500512074305
-10469.021484375 -2082.417724609375 2222.281005859375 0.8146310694597902 0.16275093450777509 0.5566761661753126
-10956.9140625 -2179.4658203125 2828.42724609375 0.6921717923566153 0.13885314367382756 0.708249966013219
-11551.4130859375 -2297.718994140625 3325.87841796875 0.5430901228157485 0.10975191356011238 0.8324708018722751
-12965.626953125 -2579.023681640625 3923.14111328125 0.18896609467098205 0.04044570012160686 0.9811503250809586
-12229.6728515625 -2432.633056640625 3695.51806640625 0.3731678518565714 0.07653834115035318 0.9246013393212797
-6888.3017578125 -16629.83203125 0 -0.3826833905500101 -0.9238795498315759 -3.9150861515525536e-7
-6858.88916015625 -16558.822265625 780.3612670898438 -0.37618523324451003 -0.9058317418865429 0.19481664631022938
-6771.78173828125 -16348.52734375 1530.7337646484375 -0.3552478172337182 -0.8530798358699057 0.38216983395194026
-3511.625732421875 -17654.134765625 0 -0.19509027490650677 -0.9807852897738977 -1.8749883742397013e-7
-3496.63134765625 -17578.75390625 780.3612670898438 -0.19223782269741438 -0.9618166013800351 0.19481643881951088
-3452.224365234375 -17355.50390625 1530.7337646484375 -0.18199421512861433 -0.9059934639717406 0.3821700523329976
-3826.834228515625 -9238.794921875 0 0.3826833396742897 0.9238795709050672 -3.310406552108132e-8
-3856.246826171875 -9309.8037109375 780.3612670898438 0.37515590469228616 0.9060950490422249 0.19557558455921875
-1950.9031982421875 -9807.8525390625 0 0.19509035798145904 0.9807852732492613 1.9460401738550232e-7
-1965.8975830078125 -9883.234375 780.3612670898438 0.1911769855077637 0.9618739725930803 0.19557561468693047
-3943.3544921875 -9520.099609375 1530.7337646484375 0.3530759777323845 0.8533573068272033 0.38356050478763176
-2010.3046875 -10106.484375 1530.7337646484375 0.17980989372610123 0.9058419839801213 0.3835605586829355
-6630.32666015625 -16007.0244140625 2222.281005859375 -0.3206509590894027 -0.7676498152964806 0.5548844235607318
-6439.96044921875 -15547.439453125 2828.42724609375 -0.27370011757307433 -0.6528173673343514 0.7063410865489362
-6207.998046875 -14987.43359375 3325.87841796875 -0.21617838769020525 -0.5129796273359428 0.83073389640362
-5943.3544921875 -14348.52734375 3695.51806640625 -0.1502802782520572 -0.3534871850006038 0.9232890381721388
-5656.19921875 -13655.2734375 3923.14111328125 -0.07853007101936559 -0.18043980999308187 0.9804460734356346
-6206.59326171875 -9288.8232421875 2828.42724609375 0.39125522550969905 0.587623232252836 0.7082501573794983
-8628.4130859375 -12913.3330078125 3695.51806640625 -0.21635462310892886 -0.31737673234508196 0.9232890591929224
-8211.5283203125 -12289.4208984375 3923.14111328125 -0.11222322508458545 -0.16165231489899162 0.9804460601376355
-7777.9833984375 -11640.57421875 4000 -0.003705221505608467 0.00027487514637673815 0.9999930978648044
-6927.55322265625 -10367.81640625 3695.51806640625 0.20974877930016658 0.31799028010986774 0.9246013364351892
-7344.43798828125 -10991.7275390625 3923.14111328125 0.10501977693063848 0.16221867334513412 0.9811503189988697
-5357.56787109375 -12934.3134765625 4000 -0.003687659788339925 -0.00045325671632672973 0.9999930978379974
-4771.78173828125 -11520.099609375 3695.51806640625 0.1436816480543615 0.352800167180312 0.9246013335756805
-5058.9365234375 -12213.353515625 3923.14111328125 0.07135456836151202 0.17958994299594336 0.98115033402056
-6543.35009765625 -9792.8154296875 3325.87841796875 0.30641642796662666 0.4616291312907654 0.8324707309064425
-4507.13818359375 -10881.193359375 3325.87841796875 0.21046932222332368 0.5125379606379169 0.8324707221926666
-3380.111083984375 -16992.966796875 2222.281005859375 -0.16472868592812118 -0.8154556141078008 0.5548843135757796
-3283.063232421875 -16505.07421875 2828.42724609375 -0.14108271754308332 -0.6936697889820931 0.7063411998915234
-3164.81005859375 -15910.57421875 3325.87841796875 -0.11194721445278845 -0.5452970186420832 0.8307340023354749
-3029.895751953125 -15232.3154296875 3695.51806640625 -0.07843074148296234 -0.3760133657677074 0.9232889946027045
-2883.50537109375 -14496.3603515625 3923.14111328125 -0.04181906112614372 -0.19229314780885073 0.9804460777790339
-2731.264404296875 -13730.994140625 4000 -0.0035283700986384705 -0.0011639744183016179 0.9999930978601806
-4084.8095703125 -9861.6025390625 2222.281005859375 0.31726237926572787 0.7677606294625965 0.5566760265628896
-4275.17578125 -10321.1875 2828.42724609375 0.2690978648389353 0.6526623373383135 0.7082501059366074
-2082.417724609375 -10469.021484375 2222.281005859375 0.1613834637570759 0.8149032533423527 0.5566759068954018
-2179.4658203125 -10956.9140625 2828.42724609375 0.13659911090319668 0.6926199315729399 0.7082501770478791
-2297.718994140625 -11551.4130859375 3325.87841796875 0.10643409451573292 0.5437501801253611 0.8324707353044031
-2579.023681640625 -12965.626953125 3923.14111328125 0.03494724623639029 0.1900597955585278 0.9811503269595052
-2432.633056640625 -12229.6728515625 3695.51806640625 0.07209298783897959 0.37405198938040896 0.9246013791602342
-7071.06787109375 -7071.06787109375 0 0.7071068109888685 0.7071067513842252 2.577397397603475e-10
-7125.4150390625 -7125.4150390625 780.3612670898438 0.693346406680718 0.6935567514798644 0.19557554248840514
-8314.6962890625 -5555.7021484375 0 0.8314696016585768 0.5555702489494012 1.6781754778250756e-7
-8378.6015625 -5598.40283203125 780.3612670898438 0.8153301844096084 0.5449651326402168 0.1955752913765565
-5555.7021484375 -8314.6962890625 0 0.5555701802084676 0.8314696475897982 -1.6644406592684455e-7
-5598.40283203125 -8378.6015625 780.3612670898438 0.5447177230428967 0.8154954223676237 0.1955756076314557
-7286.369140625 -7286.369140625 1530.7337646484375 0.6527653379355588 0.65328312348812 0.38356039179701706
-8567.86328125 -5724.86328125 1530.7337646484375 0.7676718647142275 0.5133821245220566 0.3835605589048489
-5724.86328125 -8567.86328125 1530.7337646484375 0.5127734521698144 0.7680786817818538 0.383560328165076
-7547.74365234375 -7547.74365234375 2222.281005859375 0.5869214335353298 0.5879072347217774 0.5566761304552462
-7899.4951171875 -7899.4951171875 2828.42724609375 0.4983769662695039 0.5000018484931604 0.7082503448607903
-8875.2080078125 -5930.22412109375 2222.281005859375 0.6903389476752245 0.4621080909920131 0.5566760723817586
-5930.22412109375 -8875.2080078125 2222.281005859375 0.4609488355897237 0.6911133688292002 0.5566762815084109
-8328.10546875 -8328.10546875 3325.87841796875 0.3905881679628224 0.3929802513915222 0.8324706631850168
-8817.1025390625 -8817.1025390625 3695.51806640625 0.26775538551279643 0.2709602974157503 0.9246013036727029
-16222.28125 0 -3325.87841796875 -0.556659029644806 -0.003414018697232823 -0.8307340544309219
-15910.57421875 3164.81005859375 -3325.87841796875 -0.5466291414869633 0.10525042023614362 -0.8307339710866174
-14780.361328125 0 -3923.14111328125 -0.19675685904967588 -0.0035009815674220345 -0.9804460625373385
-15530.7333984375 0 -3695.51806640625 -0.3840893888957725 -0.0035671748534753713 -0.9232890211635989
-14000 0 -4000 -0.0018299588919964392 -0.003233500096565007 -0.9999930978399696
-15232.3154296875 3029.895751953125 -3695.51806640625 -0.3774050985669807 0.07143346805292962 -0.9232890399098101
-14496.3603515625 2883.50537109375 -3923.14111328125 -0.19365922136330965 0.034951620741998604 -0.9804460669452778
-13730.994140625 2731.264404296875 -4000 -0.0024256224569232485 -0.0028143565042293077 -0.9999930978527619
-16828.427734375 0 -2828.42724609375 -0.707864992112923 -0.003043516273279625 -0.7063411993857257
-17325.87890625 0 -2222.281005859375 -0.8319240300101858 -0.0024758877959220925 -0.5548840223607395
-16505.07421875 3283.063232421875 -2828.42724609375 -0.6948573351968346 0.13511260882424272 -0.7063411828994975
-16992.966796875 3380.111083984375 -2222.281005859375 -0.8164217982887877 0.15987197887883073 -0.5548841299300863
-13655.2734375 5656.19921875 -3923.14111328125 -0.1831193087696192 0.07206106061595093 -0.9804460833205675
-14348.52734375 5943.3544921875 -3695.51806640625 -0.3562174717145575 0.14368905045131655 -0.9232889957243547
-14987.43359375 6207.998046875 -3325.87841796875 -0.5155924449610955 0.20987009558339254 -0.8307339969441827
-16007.0244140625 6630.32666015625 -2222.281005859375 -0.769544831809613 0.31607597735716253 -0.5548844279422779
-15547.439453125 6439.96044921875 -2828.42724609375 -0.6551468957840612 0.26807644920092116 -0.70634096747133
-13219.638671875 0 -3923.14111328125 0.19322572580440403 -0.0028030970035071378 -0.9811503256558346
-12469.2666015625 0 -3695.51806640625 0.38092934881671436 -0.0022662179423427733 -0.9246013711142288
-11777.71875 0 -3325.87841796875 0.5540664748368322 -0.0016914439487066388 -0.8324707084812382
-12965.626953125 2579.023681640625 -3923.14111328125 0.1889660659043745 -0.040445704068578274 -0.9811503304586005
-12229.6728515625 2432.633056640625 -3695.51806640625 0.3731678775087941 -0.07653834029914969 -0.9246013290385393
-11551.4130859375 2297.718994140625 -3325.87841796875 0.543090165728375 -0.10975189528569711 -0.832470776286065
-11171.5732421875 0 -2828.42724609375 0.7059605910610387 -0.001149019723497855 -0.7082501843433744
-10956.9140625 2179.4658203125 -2828.42724609375 0.6921717598765075 -0.13885316401630762 -0.7082499937678213
-10674.12109375 0 -2222.281005859375 0.8307291859013358 -0.000696997797982064 -0.5566763277576778
-10469.021484375 2082.417724609375 -2222.281005859375 0.8146310714354156 -0.1627509200013134 -0.5566761675253513
-10321.1875 4275.17578125 -2828.42724609375 0.6517828836337554 -0.27122101742857807 -0.7082501198779098
-9861.6025390625 4084.8095703125 -2222.281005859375 0.7672270247090591 -0.31855036101654655 -0.5566761716225267
-12934.3134765625 5357.56787109375 -4000 -0.0029280679651127687 -0.0022870709927870604 -0.9999930978383129
-12213.353515625 5058.9365234375 -3923.14111328125 0.17744462052008056 -0.07653400241527818 -0.9811503213691484
-11520.099609375 4771.78173828125 -3695.51806640625 0.35106567391558646 -0.14786905405438716 -0.9246013386596712
-12913.3330078125 8628.4130859375 -3695.51806640625 -0.32134050210824017 0.2104226654044831 -0.9232890032860226
-11640.57421875 7777.9833984375 -4000 -0.0033179913114173357 -0.0016718767783926952 -0.9999930978570278
-12289.4208984375 8211.5283203125 -3923.14111328125 -0.16554235937587944 0.10640125416736765 -0.9804460721344537
-10881.193359375 4507.13818359375 -3325.87841796875 0.5112433589171909 -0.21359469646776905 -0.8324707403890602
-9792.8154296875 6543.35009765625 -3325.87841796875 0.45974963364748633 -0.3092290424831701 -0.8324708245013417
-10991.7275390625 7344.43798828125 -3923.14111328125 0.1591040184193456 -0.10968115112889328 -0.9811503230442609
-10367.81640625 6927.55322265625 -3695.51806640625 0.31547224448774974 -0.21351738224783115 -0.9246013143165519
-9288.8232421875 6206.59326171875 -2828.42724609375 0.5863464383992729 -0.39316608893761507 -0.7082501540317426
-17695.517578125 0 -1530.7337646484375 -0.9240903778714981 -0.0017465845305903683 -0.38217001840514603
-17355.50390625 3452.224365234375 -1530.7337646484375 -0.9066748144691426 0.17856781424276896 -0.3821705333014386
-17923.140625 0 -780.3612670898438 -0.9808392980762314 -0.0009029909140992805 -0.1948164673654013
-17578.75390625 3496.63134765625 -780.3612670898438 -0.9621689896966309 0.19046673141673437 -0.19481596312825641
-16348.52734375 6771.78173828125 -1530.7337646484375 -0.8544165684101438 0.35202048020034876 -0.3821700003215189
-16558.822265625 6858.88916015625 -780.3612670898438 -0.9065229037580435 0.3745168936495935 -0.1948161218512061
-10304.4814453125 0 -1530.7337646484375 0.9235157370580078 -0.00036611870746178834 -0.3835603594785267
-10106.484375 2010.3046875 -1530.7337646484375 0.9056992344516502 -0.18052792177779556 -0.38356038139031623
-9520.099609375 3943.3544921875 -1530.7337646484375 0.853077166781004 -0.3537525209851442 -0.3835602969723931
-10076.8583984375 0 -780.3612670898438 0.9806886380672676 -0.00014877879683780265 -0.19557549189670323
-9883.234375 1965.8975830078125 -780.3612670898438 0.9618159308772603 -0.19146856220143896 -0.195575828770385
-9309.8037109375 3856.246826171875 -780.3612670898438 0.9059812297639247 -0.3754306382158465 -0.19557568152581914
-13992.326171875 9349.373046875 -2828.42724609375 -0.5902591929904177 0.3907382181067948 -0.7063410861623636
-14405.94140625 9625.7421875 -2222.281005859375 -0.6930949136972276 0.4601334959381425 -0.5548843181445803
-13488.333984375 9012.6162109375 -3325.87841796875 -0.46474180789750535 0.30642456583902766 -0.8307340353220888
-11470.884765625 11470.884765625 -3325.87841796875 -0.39603141171430895 0.39120328644891983 -0.8307340787563345
-10451.2939453125 10451.2939453125 -3923.14111328125 -0.14160371034344388 0.1366525610456138 -0.9804460550059063
-10981.88671875 10981.88671875 -3695.51806640625 -0.2741146725816592 0.26906997378892655 -0.9232889555716977
-9899.4951171875 9899.4951171875 -4000 -0.003580414500035772 -0.0009924516898908659 -0.9999930978120055
-9347.6962890625 9347.6962890625 -3923.14111328125 0.13464912811336954 -0.13861326913613606 -0.9811503319663621
-9012.6162109375 13488.333984375 -3325.87841796875 -0.31210187270283635 0.4609483806945956 -0.8307340196419144
-11899.4951171875 11899.4951171875 -2828.42724609375 -0.5026883019160566 0.498384101391956 -0.7063411064043237
-12251.24609375 12251.24609375 -2222.281005859375 -0.5900096940374281 0.586508159547522 -0.5548844381725251
-9349.373046875 13992.326171875 -2828.42724609375 -0.3957994292661808 0.5868774667925812 -0.706341030072364
-9625.7421875 14405.94140625 -2222.281005859375 -0.46425074434223207 0.690343858228793 -0.5548843156762207
-14713.28515625 9831.103515625 -1530.7337646484375 -0.7693234728517705 0.511944833507613 -0.3821699642360103
-14902.546875 9957.5634765625 -780.3612670898438 -0.8160397222842496 0.5441743010384786 -0.1948165848780026
-12512.62109375 12512.62109375 -1530.7337646484375 -0.6546656557454672 0.6521955200309971 -0.38216996590372493
-12673.57421875 12673.57421875 -780.3612670898438 -0.6941965816409458 0.6929197309409344 -0.19481620186927145
-9831.103515625 14713.28515625 -1530.7337646484375 -0.5148494212698654 0.7673826767606851 -0.38216998943623304
-9957.5634765625 14902.546875 -780.3612670898438 -0.5456759767631482 0.8150363918532051 -0.1948163451522817
-8817.1025390625 8817.1025390625 -3695.51806640625 0.2677553578470904 -0.2709602995779408 -0.9246013110507734
-8328.10546875 8328.10546875 -3325.87841796875 0.3905881679628224 -0.3929802513915222 -0.8324706631850168
-8875.2080078125 5930.22412109375 -2222.281005859375 0.6903389069689617 -0.46210813344478074 -0.5566760876210508
-7899.4951171875 7899.4951171875 -2828.42724609375 0.4983769290166239 -0.500001900622955 -0.7082503342727001
-7547.74365234375 7547.74365234375 -2222.281005859375 0.5869214335353298 -0.5879072347217774 -0.5566761304552462
-5930.22412109375 8875.2080078125 -2222.281005859375 0.46094884007170545 -0.6911133904703557 -0.5566762509296753
-8567.86328125 5724.86328125 -1530.7337646484375 0.7676718559389741 -0.513382118653588 -0.3835605843226913
-7286.369140625 7286.369140625 -1530.7337646484375 0.6527653379355588 -0.65328312348812 -0.38356039179701706
-5724.86328125 8567.86328125 -1530.7337646484375 0.5127734580313217 -0.7680786905617522 -0.38356030274722697
-8378.6015625 5598.40283203125 -780.3612670898438 0.8153301867857241 -0.5449651342284081 -0.1955752770453605
-7125.4150390625 7125.4150390625 -780.3612670898438 0.6933464396522877 -0.6935567248387097 -0.19557552007472495
-5598.40283203125 8378.6015625 -780.3612670898438 0.5447177246303695 -0.8154954247442249 -0.1955755933002613
-7344.43798828125 10991.7275390625 -3923.14111328125 0.10501976956223155 -0.16221867347206348 -0.981150319766579
-6927.55322265625 10367.81640625 -3695.51806640625 0.20974876505457493 -0.3179902811037465 -0.9246013393250311
-8211.5283203125 12289.4208984375 -3923.14111328125 -0.11222322508458545 0.16165231489899162 -0.9804460601376355
-8628.4130859375 12913.3330078125 -3695.51806640625 -0.21635464946982008 0.3173767570990716 -0.9232890445066855
-7777.9833984375 11640.57421875 -4000 -0.003705221505608467 -0.00027487514637673815 -0.9999930978648044
-6543.35009765625 9792.8154296875 -3325.87841796875 0.30641642796662666 -0.4616291312907654 -0.8324707309064425
-4507.13818359375 10881.193359375 -3325.87841796875 0.2104693364644032 -0.5125379590304762 -0.8324707195818407
-5058.9365234375 12213.353515625 -3923.14111328125 0.0713545605669621 -0.1795899719325408 -0.9811503292908611
-4771.78173828125 11520.099609375 -3695.51806640625 0.1436816480543615 -0.352800167180312 -0.9246013335756805
-5357.56787109375 12934.3134765625 -4000 -0.003687659788339925 0.00045325671632672973 -0.9999930978379974
-6206.59326171875 9288.8232421875 -2828.42724609375 0.39125522550969905 -0.587623232252836 -0.7082501573794983
-5656.19921875 13655.2734375 -3923.14111328125 -0.07853007101936559 0.18043980999308187 -0.9804460734356346
-5943.3544921875 14348.52734375 -3695.51806640625 -0.15028026368742653 0.35348718579218547 -0.9232890402397065
-6207.998046875 14987.43359375 -3325.87841796875 -0.21617840189498905 0.5129796256834769 -0.8307338937275695
-6439.96044921875 15547.439453125 -2828.42724609375 -0.27370014514285207 0.6528173620093857 -0.706341080787383
-6630.32666015625 16007.0244140625 -2222.281005859375 -0.32065093235126696 0.7676498226322518 -0.5548844288632865
-2432.633056640625 12229.6728515625 -3695.51806640625 0.07209298703531448 -0.37405201501294233 -0.924601368853131
-2579.023681640625 12965.626953125 -3923.14111328125 0.03494724623639029 -0.1900597955585278 -0.9811503269595052
-2297.718994140625 11551.4130859375 -3325.87841796875 0.1064341076301903 -0.543750290206744 -0.8324706617251124
-4275.17578125 10321.1875 -2828.42724609375 0.26909783719470776 -0.6526623425724962 -0.7082501116165898
-4084.8095703125 9861.6025390625 -2222.281005859375 0.31726238325740236 -0.7677605795176233 -0.5566760931714206
-2179.4658203125 10956.9140625 -2828.42724609375 0.13659911090319668 -0.6926199315729399 -0.7082501770478791
-2082.417724609375 10469.021484375 -2222.281005859375 0.16138348610886336 -0.8149032313595224 -0.5566759325955802
-2883.50537109375 14496.3603515625 -3923.14111328125 -0.04181906856369431 0.19229314774893674 -0.9804460774735501
-2731.264404296875 13730.994140625 -4000 -0.0035283705642954006 0.0011639740690542089 -0.9999930978589441
-3029.895751953125 15232.3154296875 -3695.51806640625 -0.07843074148296234 0.3760133657677074 -0.9232889946027045
-3164.81005859375 15910.57421875 -3325.87841796875 -0.11194720337690561 0.5452969776704426 -0.8307340307219698
-3283.063232421875 16505.07421875 -2828.42724609375 -0.1410827029385199 0.6936697904403925 -0.7063412013764618
-3380.111083984375 16992.966796875 -2222.281005859375 -0.16472868592812118 0.8154556141078008 -0.5548843135757796
-6771.78173828125 16348.52734375 -1530.7337646484375 -0.3552478172337182 0.8530798358699057 -0.38216983395194026
-6858.88916015625 16558.822265625 -780.3612670898438 -0.3761852343365736 0.9058317445161672 -0.19481663197461993
-3943.3544921875 9520.099609375 -1530.7337646484375 0.35307595164529837 -0.8533573158066418 -0.38356050882364096
-2010.3046875 10106.484375 -1530.7337646484375 0.17980991020088982 -0.9058419919077049 -0.38356053223738934
-3856.246826171875 9309.8037109375 -780.3612670898438 0.3751558599164965 -0.9060950724822108 -0.19557556185211722
-1965.8975830078125 9883.234375 -780.3612670898438 0.19117700042145588 -0.9618739726561257 -0.1955755997985878
-3452.224365234375 17355.50390625 -1530.7337646484375 -0.18199421720144743 0.9059934742906028 -0.3821700268834216
-3496.63134765625 17578.75390625 -780.3612670898438 -0.19223782269741438 0.9618166013800351 -0.19481643881951088
-18000 0 0 -1 -6.82810141761081e-10 9.305205495024893e-10
-17923.140625 0 780.3612670898438 -0.9808392952269558 0.0009029930651595664 0.19481648170063284
-17654.134765625 3511.625732421875 0 -0.980785284071471 0.19509030357454546 -1.8850912860110773e-7
-17578.75390625 3496.63134765625 780.3612670898438 -0.9618165986248471 0.19223783704789732 0.19481643826144618
-17695.517578125 0 1530.7337646484375 -0.9240903778743165 0.0017465827843658821 0.38217001840631165
-17355.50390625 3452.224365234375 1530.7337646484375 -0.9059934895234376 0.1819941904590665 0.3821700035066775
-16629.83203125 6888.3017578125 0 -0.9238795305659656 0.3826834370613071 -3.9474901985589355e-7
-16558.822265625 6858.88916015625 780.3612670898438 -0.9058317445161672 0.3761852343365736 0.19481663197461993
-16348.52734375 6771.78173828125 1530.7337646484375 -0.8530798099260595 0.35524783125107634 0.38216987883390946
-10000 0 0 1 -8.39411457009831e-11 5.838846628414274e-10
-9807.8525390625 1950.9031982421875 0 0.9807852732492613 -0.19509035798145904 1.9474000105740354e-7
-10076.8583984375 0 780.3612670898438 0.980688640925044 0.00014878048529353428 0.1955754775654588
-9883.234375 1965.8975830078125 780.3612670898438 0.9618739725930803 -0.1911769855077637 0.19557561468693047
-9238.794921875 3826.834228515625 0 0.9238795709050672 -0.3826833396742897 -3.256885275397256e-8
-9309.8037109375 3856.246826171875 780.3612670898438 0.9060950490422249 -0.37515590469228616 0.19557558455921875
-10304.4814453125 0 1530.7337646484375 0.9235157370566598 0.0003661226946860265 0.38356035947796674
-10106.484375 2010.3046875 1530.7337646484375 0.9058419815530299 -0.1798099081454837 0.3835605576552325
-9520.099609375 3943.3544921875 1530.7337646484375 0.8533573068272033 -0.3530759777323845 0.38356050478763176
-17325.87890625 0 2222.281005859375 -0.8319240300005941 0.0024758924525064693 0.5548840223543421
-16828.427734375 0 2828.42724609375 -0.7078649921069038 0.0030435190672214382 0.7063411993797193
-16992.966796875 3380.111083984375 2222.281005859375 -0.8154555691698625 0.16472867398975427 0.554884383160522
-16505.07421875 3283.063232421875 2828.42724609375 -0.6936697889820931 0.14108271754308332 0.7063411998915234
-16222.28125 0 3325.87841796875 -0.5566590296487883 0.003414016601781504 0.830734054436865
-15910.57421875 3164.81005859375 3325.87841796875 -0.5452970186420832 0.11194721445278845 0.8307340023354749
-15530.7333984375 0 3695.51806640625 -0.38408941430024157 0.003567175743953524 0.9232890105918672
-14780.361328125 0 3923.14111328125 -0.1967568590493551 0.0035009820330776245 0.9804460625357402
-14000 0 4000 -0.0018299590084113727 0.0032335000965643184 0.9999930978397567
-15232.3154296875 3029.895751953125 3695.51806640625 -0.3760133659874325 0.07843073407821315 0.9232889951422326
-14496.3603515625 2883.50537109375 3923.14111328125 -0.19229316212905948 0.04181906472509104 0.9804460748169305
-13730.994140625 2731.264404296875 4000 -0.0011639739526390432 0.0035283705642958785 0.9999930978590795
-16007.0244140625 6630.32666015625 2222.281005859375 -0.7676498152964806 0.3206509590894027 0.5548844235607318
-15547.439453125 6439.96044921875 2828.42724609375 -0.6528173673343514 0.27370011757307433 0.7063410865489362
-14987.43359375 6207.998046875 3325.87841796875 -0.5129796289884087 0.21617837348542138 0.8307338990796707
-14348.52734375 5943.3544921875 3695.51806640625 -0.3534871850006038 0.1502802782520572 0.9232890381721388
-13655.2734375 5656.19921875 3923.14111328125 -0.18043980999308187 0.07853007101936559 0.9804460734356346
-10674.12109375 0 2222.281005859375 0.8307292134663521 0.0006969960748797599 0.5566762866245045
-10469.021484375 2082.417724609375 2222.281005859375 0.8149032062803283 -0.1613834662410169 0.5566759750681498
-11171.5732421875 0 2828.42724609375 0.7059606209624479 0.0011490165319393 0.7082501545438052
-10956.9140625 2179.4658203125 2828.42724609375 0.6926199315729399 -0.13659911090319668 0.7082501770478791
-9861.6025390625 4084.8095703125 2222.281005859375 0.7677605795176233 -0.31726238325740236 0.5566760931714206
-10321.1875 4275.17578125 2828.42724609375 0.6526623373383135 -0.2690978648389353 0.7082501059366074
-11777.71875 0 3325.87841796875 0.5540664060376871 0.0016914441534684706 0.8324707542713776
-12469.2666015625 0 3695.51806640625 0.3809293488173174 0.0022662172438544332 0.9246013711156924
-13219.638671875 0 3923.14111328125 0.19322576883908174 0.002803096513636744 0.9811503171820721
-11551.4130859375 2297.718994140625 3325.87841796875 0.5437501801253611 -0.10643409451573292 0.8324707353044031
-12965.626953125 2579.023681640625 3923.14111328125 0.1900597955585278 -0.03494724623639029 0.9811503269595052
-12229.6728515625 2432.633056640625 3695.51806640625 0.37405198938040896 -0.07209298783897959 0.9246013791602342
-9288.8232421875 6206.59326171875 2828.42724609375 0.587623232252836 -0.39125522550969905 0.7082501573794983
-12934.3134765625 5357.56787109375 4000 -0.00045325916104840423 0.0036876595555083583 0.9999930978377478
-11520.099609375 4771.78173828125 3695.51806640625 0.35280016642495843 -0.14368166264789714 0.924601331596087
-12213.353515625 5058.9365234375 3923.14111328125 0.1795899573210282 -0.0713545755832063 0.9811503308732927
-12913.3330078125 8628.4130859375 3695.51806640625 -0.3173767313218799 0.21635463731257668 0.9232890562162982
-11640.57421875 7777.9833984375 4000 0.0002748761359069108 0.003705221505607459 0.9999930978645324
-12289.4208984375 8211.5283203125 3923.14111328125 -0.16165231489899162 0.11222322508458545 0.9804460601376355
-10881.193359375 4507.13818359375 3325.87841796875 0.5125379590304762 -0.2104693364644032 0.8324707195818407
-9792.8154296875 6543.35009765625 3325.87841796875 0.461629089149289 -0.3064163899739211 0.8324707682594913
-10367.81640625 6927.55322265625 3695.51806640625 0.31799026457301116 -0.2097487392496176 0.9246013508642428
-10991.7275390625 7344.43798828125 3923.14111328125 0.16221868785417257 -0.10501977667677975 0.9811503166271871
-14966.453125 10000.2646484375 0 -0.8314695741248149 0.5555702901565722 2.018920729928242e-7
-14902.546875 9957.5634765625 780.3612670898438 -0.8150364648812392 0.5456758665409699 0.19481634836084494
-14713.28515625 9831.103515625 1530.7337646484375 -0.7673826680205392 0.5148494154059605 0.3821700148858095
-12727.921875 12727.921875 0 -0.7071067811865476 0.7071067811865476 2.3845026361851724e-9
-12673.57421875 12673.57421875 780.3612670898438 -0.6929197042812963 0.6941966145368242 0.1948161794726836
-12512.62109375 12512.62109375 1530.7337646484375 -0.6521955200309971 0.6546656557454672 0.38216996590372493
-10000.2646484375 14966.453125 0 -0.555570248949398 0.831469601658572 -1.9903940689235668e-7
-9957.5634765625 14902.546875 780.3612670898438 -0.5441743259272506 0.8160397000026202 0.19481660868944445
-9831.103515625 14713.28515625 1530.7337646484375 -0.5119447718800622 0.7693235294165001 0.38216993292357615
-14405.94140625 9625.7421875 2222.281005859375 -0.690343858228793 0.46425074434223207 0.5548843156762207
-13992.326171875 9349.373046875 2828.42724609375 -0.5868775305761343 0.39579943208450213 0.7063409754972763
-12251.24609375 12251.24609375 2222.281005859375 -0.5865082180466438 0.5900096929253045 0.5548843775219648
-11899.4951171875 11899.4951171875 2828.42724609375 -0.49838412379177754 0.5026882944496252 0.7063410959130363
-13488.333984375 9012.6162109375 3325.87841796875 -0.4609483806945956 0.31210187270283635 0.8307340196419144
-11470.884765625 11470.884765625 3325.87841796875 -0.391203277214444 0.39603146197050737 0.8307340591465969
-10981.88671875 10981.88671875 3695.51806640625 -0.2690699335348111 0.2741146321315868 0.9232889793119687
-10451.2939453125 10451.2939453125 3923.14111328125 -0.13665254671106053 0.14160369602941977 0.9804460590711707
-9899.4951171875 9899.4951171875 4000 0.0009924522719735273 0.00358041263741241 0.9999930978180968
-9347.6962890625 9347.6962890625 3923.14111328125 0.13861326913613606 -0.13464912811336954 0.9811503319663621
-9012.6162109375 13488.333984375 3325.87841796875 -0.3064246156029347 0.46474182277477727 0.8307340086433028
-9625.7421875 14405.94140625 2222.281005859375 -0.4601334959381425 0.6930949136972276 0.5548843181445803
-9349.373046875 13992.326171875 2828.42724609375 -0.39073817910755665 0.5902592387019625 0.7063410695370126
-8314.6962890625 5555.7021484375 0 0.8314696475897977 -0.5555701802084673 -1.6985643317391444e-7
-8378.6015625 5598.40283203125 780.3612670898438 0.8154954223676237 -0.5447177230428967 0.1955756076314557
-7071.06787109375 7071.06787109375 0 0.7071067811865476 -0.7071067811865476 6.023560087225124e-10
-7125.4150390625 7125.4150390625 780.3612670898438 0.6935567228174755 -0.6933464376316665 0.19557553440591982
-5555.7021484375 8314.6962890625 0 0.5555702489494008 -0.8314696016585762 1.7122992929654826e-7
-5598.40283203125 8378.6015625 780.3612670898438 0.5449651326402168 -0.8153301844096084 0.1955752913765565
-8567.86328125 5724.86328125 1530.7337646484375 0.7680786817818538 -0.5127734521698144 0.383560328165076
-7286.369140625 7286.369140625 1530.7337646484375 0.65328312348812 -0.6527653379355588 0.38356039179701706
-5724.86328125 8567.86328125 1530.7337646484375 0.5133820747584144 -0.7676718794297002 0.38356059605962883
-8875.2080078125 5930.22412109375 2222.281005859375 0.6911133904703557 -0.46094884007170545 0.5566762509296753
-7547.74365234375 7547.74365234375 2222.281005859375 0.5879072347217774 -0.5869214335353298 0.5566761304552462
-7899.4951171875 7899.4951171875 2828.42724609375 0.500001900622955 -0.4983769290166239 0.7082503342727001
-5930.22412109375 8875.2080078125 2222.281005859375 0.4621080909920131 -0.6903389476752245 0.5566760723817586
-8328.10546875 8328.10546875 3325.87841796875 0.3929802112668033 -0.39058812790093633 0.8324707009231861
-8817.1025390625 8817.1025390625 3695.51806640625 0.2709602995779408 -0.2677553578470904 0.9246013110507734
-6888.3017578125 16629.83203125 0 -0.3826834624991809 0.9238795200292536 3.922290612874451e-7
-6858.88916015625 16558.822265625 780.3612670898438 -0.37451687128908356 0.9065229217710444 0.19481608101880324
-6771.78173828125 16348.52734375 1530.7337646484375 -0.35202051031897097 0.8544165691778582 0.38216997086258503
-3826.834228515625 9238.794921875 0 0.3826833651121648 -0.9238795603683567 3.5400542809673666e-8
-3856.246826171875 9309.8037109375 780.3612670898438 0.3754306382158465 -0.9059812297639247 0.19557568152581914
-1950.9031982421875 9807.8525390625 0 0.1950903579814591 -0.9807852732492616 -1.9365288485751124e-7
-1965.8975830078125 9883.234375 780.3612670898438 0.19146858641696768 -0.9618159180620536 0.19557586808688143
-3943.3544921875 9520.099609375 1530.7337646484375 0.35375249895604977 -0.8530771855262093 0.38356027559828376
-2010.3046875 10106.484375 1530.7337646484375 0.18052792177779556 -0.9056992344516502 0.38356038139031623
-3511.625732421875 17654.134765625 0 -0.19509028924052632 0.9807852869226852 1.8435865017637094e-7
-3496.63134765625 17578.75390625 780.3612670898438 -0.190466702142646 0.962168992365078 0.19481597856971367
-3452.224365234375 17355.50390625 1530.7337646484375 -0.1785678430948008 0.9066748096440584 0.38217053126762784
-6206.59326171875 9288.8232421875 2828.42724609375 0.39316610267836516 -0.5863463992868315 0.7082501787843566
-6927.55322265625 10367.81640625 3695.51806640625 0.21351738024038217 -0.31547227132406297 0.9246013056236299
-7344.43798828125 10991.7275390625 3923.14111328125 0.10968116585079404 -0.15910401815930975 0.9811503214406917
-8211.5283203125 12289.4208984375 3923.14111328125 -0.10640124706360471 0.16554234501430795 0.9804460753302414
-8628.4130859375 12913.3330078125 3695.51806640625 -0.21042268166100853 0.3213404743757201 0.9232890092330662
-7777.9833984375 11640.57421875 4000 0.001671876429141244 0.003317992475559689 0.9999930978537491
-6543.35009765625 9792.8154296875 3325.87841796875 0.3092290382462354 -0.45974965715049926 0.8324708130951538
-4507.13818359375 10881.193359375 3325.87841796875 0.21359471431204713 -0.5112433302953644 0.8324707533880454
-4771.78173828125 11520.099609375 3695.51806640625 0.14786906202767838 -0.35106562766535254 0.9246013549454635
-5058.9365234375 12213.353515625 3923.14111328125 0.0765339878037658 -0.17744460629047212 0.9811503250823864
-5357.56787109375 12934.3134765625 4000 0.0022870709927948567 0.0029280668009695177 0.9999930978417217
-6439.96044921875 15547.439453125 2828.42724609375 -0.26807644838291056 0.6551468341802961 0.70634102492064
-6630.32666015625 16007.0244140625 2222.281005859375 -0.3160760146359115 0.7695448500123413 0.5548843814628072
-6207.998046875 14987.43359375 3325.87841796875 -0.2098701098282249 0.5155924433486789 0.8307339943462215
-5943.3544921875 14348.52734375 3695.51806640625 -0.14368905197673498 0.356217445693878 0.9232890055260901
-5656.19921875 13655.2734375 3923.14111328125 -0.07206106802784204 0.18311930867130305 0.9804460827941691
-4084.8095703125 9861.6025390625 2222.281005859375 0.3185503091013386 -0.7672270310549206 0.5566761925842469
-4275.17578125 10321.1875 2828.42724609375 0.2712210345018726 -0.6517829126487266 0.7082500866381003
-2082.417724609375 10469.021484375 2222.281005859375 0.16275093450777509 -0.8146310694597902 0.5566761661753126
-2179.4658203125 10956.9140625 2828.42724609375 0.13885314940244362 -0.6921717613086616 0.7082499952332425
-2297.718994140625 11551.4130859375 3325.87841796875 0.10975191356011238 -0.5430901228157485 0.8324708018722751
-2432.633056640625 12229.6728515625 3695.51806640625 0.076538347706084 -0.37316787729599316 0.9246013285112806
-2579.023681640625 12965.626953125 3923.14111328125 0.040445700463269556 -0.18896605156377833 0.9811503333691687
-3380.111083984375 16992.966796875 2222.281005859375 -0.15987200791943354 0.8164217943988997 0.5548841272863093
-3283.063232421875 16505.07421875 2828.42724609375 -0.13511260882424272 0.6948573351968346 0.7063411828994975
-2883.50537109375 14496.3603515625 3923.14111328125 -0.03495161135883891 0.1936591957541532 0.9804460723381349
-2731.264404296875 13730.994140625 4000 0.0028143560385558088 0.002425624785219193 0.9999930978484249
-3029.895751953125 15232.3154296875 3695.51806640625 -0.07143346805292962 0.3774050985669807 0.9232890399098101
-3164.81005859375 15910.57421875 3325.87841796875 -0.10525041680691266 0.5466291832815351 0.8307339440199449
0 -16222.28125 -3325.87841796875 0.0034140174135405365 -0.5566589885124631 -0.8307340819981935
0 -14780.361328125 -3923.14111328125 0.0035009818002498297 -0.1967568590495155 -0.9804460625365393
0 -15530.7333984375 -3695.51806640625 0.00356717690809194 -0.38408941429864646 -0.9232890105880329
0 -14000 -4000 0.0032335000965643184 -0.0018299590084113727 -0.9999930978397567
3164.81005859375 -15910.57421875 -3325.87841796875 0.11194721073411436 -0.5452969772156259 -0.8307340300290781
3029.895751953125 -15232.3154296875 -3695.51806640625 0.07843073495711354 -0.37601334039874257 -0.9232890054886749
2731.264404296875 -13730.994140625 -4000 0.0035283705642958785 -0.0011639739526390432 -0.9999930978590795
2883.50537109375 -14496.3603515625 -3923.14111328125 0.04181906472509104 -0.19229316212905948 -0.9804460748169305
0 -16828.427734375 -2828.42724609375 0.0030435169717650786 -0.7078649921114182 -0.7063411993842241
0 -17325.87890625 -2222.281005859375 0.0024758922196772503 -0.8319240300010736 -0.5548840223546619
3283.063232421875 -16505.07421875 -2828.42724609375 0.1410827321476466 -0.6936697875237935 -0.7063411984065848
3380.111083984375 -16992.966796875 -2222.281005859375 0.16472866598312716 -0.8154555891393374 -0.5548843561904006
0 -13219.638671875 -3923.14111328125 0.002803096513636744 0.19322576883908174 -0.9811503171820721
0 -12469.2666015625 -3695.51806640625 0.0022662172438544332 0.3809293488173174 -0.9246013711156924
0 -11777.71875 -3325.87841796875 0.0016914446191284144 0.5540664060372508 -0.8324707542707219
2579.023681640625 -12965.626953125 -3923.14111328125 -0.03494724623639029 0.1900597955585278 -0.9811503269595052
2432.633056640625 -12229.6728515625 -3695.51806640625 -0.07209298783897959 0.37405198938040896 -0.9246013791602342
2297.718994140625 -11551.4130859375 -3325.87841796875 -0.10643409843237868 0.5437502216758502 -0.8324707076638497
0 -11171.5732421875 -2828.42724609375 0.0011490174632606315 0.7059606209616925 -0.7082501545430474
2179.4658203125 -10956.9140625 -2828.42724609375 -0.1365990962800807 0.6926199329827577 -0.7082501784895121
0 -10674.12109375 -2222.281005859375 0.0006969997074485701 0.8307292319350503 -0.5566762590590776
2082.417724609375 -10469.021484375 -2222.281005859375 -0.1613834662410169 0.8149032062803283 -0.5566759750681498
4275.17578125 -10321.1875 -2828.42724609375 -0.26909783719470776 0.6526623425724962 -0.7082501116165898
4084.8095703125 -9861.6025390625 -2222.281005859375 -0.31726235645484474 0.7677605867769192 -0.5566760984348799
5656.19921875 -13655.2734375 -3923.14111328125 0.07853007101936559 -0.18043980999308187 -0.9804460734356346
5943.3544921875 -14348.52734375 -3695.51806640625 0.1502802782520572 -0.3534871850006038 -0.9232890381721388
6207.998046875 -14987.43359375 -3325.87841796875 0.21617837348542138 -0.5129796289884087 -0.8307338990796707
6630.32666015625 -16007.0244140625 -2222.281005859375 0.3206509696945125 -0.767649840685491 -0.5548843823081605
6439.96044921875 -15547.439453125 -2828.42724609375 0.27370011757307433 -0.6528173673343514 -0.7063410865489362
5357.56787109375 -12934.3134765625 -4000 0.0036876595555083583 -0.00045325916104840423 -0.9999930978377478
5058.9365234375 -12213.353515625 -3923.14111328125 -0.0713545755832063 0.1795899573210282 -0.9811503308732927
4771.78173828125 -11520.099609375 -3695.51806640625 -0.14368166264789714 0.35280016642495843 -0.924601331596087
4507.13818359375 -10881.193359375 -3325.87841796875 -0.2104693182097828 0.5125378912594395 -0.8324707659225256
6543.35009765625 -9792.8154296875 -3325.87841796875 -0.3064163899739211 0.461629089149289 -0.8324707682594913
7777.9833984375 -11640.57421875 -4000 0.003705221505607459 0.0002748761359069108 -0.9999930978645324
8628.4130859375 -12913.3330078125 -3695.51806640625 0.21635463731257668 -0.3173767313218799 -0.9232890562162982
8211.5283203125 -12289.4208984375 -3923.14111328125 0.11222322508458545 -0.16165231489899162 -0.9804460601376355
7344.43798828125 -10991.7275390625 -3923.14111328125 -0.10501977667677975 0.16221868785417257 -0.9811503166271871
6927.55322265625 -10367.81640625 -3695.51806640625 -0.2097487392496176 0.31799026457301116 -0.9246013508642428
6206.59326171875 -9288.8232421875 -2828.42724609375 -0.39125525074986184 0.5876232254009643 -0.7082501491210788
0 -17695.517578125 -1530.7337646484375 0.0017465847833131208 -0.9240903883960994 -0.3821699929554141
3452.224365234375 -17355.50390625 -1530.7337646484375 0.18199421720144743 -0.9059934742906028 -0.3821700268834216
0 -17923.140625 -780.3612670898438 0.000902991146929731 -0.9808392980760252 -0.19481646736536035
3496.63134765625 -17578.75390625 -780.3612670898438 0.19223785084031533 -0.9618165930775138 -0.19481645203899195
0 -10304.4814453125 -1530.7337646484375 0.0003661233598888848 0.9235157264997345 -0.3835603848957202
2010.3046875 -10106.484375 -1530.7337646484375 -0.17980991020088982 0.9058419919077049 -0.38356053223738934
3943.3544921875 -9520.099609375 -1530.7337646484375 -0.3530759817683938 0.8533573165819252 -0.383560479369787
0 -10076.8583984375 -780.3612670898438 0.00014878057260502453 0.9806886409250313 -0.19557547756545623
1965.8975830078125 -9883.234375 -780.3612670898438 -0.19117700042145588 0.9618739726561257 -0.1955755997985878
3856.246826171875 -9309.8037109375 -780.3612670898438 -0.37515590469228616 0.9060950490422249 -0.19557558455921875
6771.78173828125 -16348.52734375 -1530.7337646484375 0.3552478352971893 -0.8530798196422547 -0.3821698533843292
6858.88916015625 -16558.822265625 -780.3612670898438 0.37618525882934617 -0.9058317317310878 -0.19481664412610222
8817.1025390625 -8817.1025390625 -3695.51806640625 -0.2677553578470904 0.2709602995779408 -0.9246013110507734
8328.10546875 -8328.10546875 -3325.87841796875 -0.39058812790093633 0.3929802112668033 -0.8324707009231861
5930.22412109375 -8875.2080078125 -2222.281005859375 -0.4609488355897237 0.6911133688292002 -0.5566762815084109
7899.4951171875 -7899.4951171875 -2828.42724609375 -0.4983769004304472 0.5000018422384215 -0.7082503956056252
7547.74365234375 -7547.74365234375 -2222.281005859375 -0.5869213933705324 0.5879073137989209 -0.5566760892886724
8875.2080078125 -5930.22412109375 -2222.281005859375 -0.690338970581001 0.4621081063249806 -0.5566760312478921
5724.86328125 -8567.86328125 -1530.7337646484375 -0.5127734580313217 0.7680786905617522 -0.38356030274722697
7286.369140625 -7286.369140625 -1530.7337646484375 -0.6527653379355588 0.65328312348812 -0.38356039179701706
8567.86328125 -5724.86328125 -1530.7337646484375 -0.7676718647142275 0.5133821245220566 -0.3835605589048489
5598.40283203125 -8378.6015625 -780.3612670898438 -0.5447177930265438 0.8154953783013539 -0.1955755964567742
7125.4150390625 -7125.4150390625 -780.3612670898438 -0.6933464396522877 0.6935567248387097 -0.19557552007472495
8378.6015625 -5598.40283203125 -780.3612670898438 -0.8153302132696479 0.5449650923255668 -0.1955752833981251
9349.373046875 -13992.326171875 -2828.42724609375 0.39579943208450213 -0.5868775305761343 -0.7063409754972763
9625.7421875 -14405.94140625 -2222.281005859375 0.46425074434223207 -0.690343858228793 -0.5548843156762207
9012.6162109375 -13488.333984375 -3325.87841796875 0.31210189960218643 -0.46094837640714836 -0.8307340119149574
9347.6962890625 -9347.6962890625 -3923.14111328125 -0.1346491427443669 0.13861326885801845 -0.9811503299977541
9899.4951171875 -9899.4951171875 -4000 0.00358041263741241 0.0009924522719735273 -0.9999930978180968
10451.2939453125 -10451.2939453125 -3923.14111328125 0.14160369602941977 -0.13665254671106053 -0.9804460590711707
10981.88671875 -10981.88671875 -3695.51806640625 0.2741146321315868 -0.2690699335348111 -0.9232889793119687
11470.884765625 -11470.884765625 -3325.87841796875 0.39603141171430895 -0.39120328644891983 -0.8307340787563345
13488.333984375 -9012.6162109375 -3325.87841796875 0.4647418270188762 -0.3064245885989324 -0.8307340162297028
11899.4951171875 -11899.4951171875 -2828.42724609375 0.5026883389924417 -0.4983841088589143 -0.7063410747492502
12251.24609375 -12251.24609375 -2222.281005859375 0.590009731780889 -0.5865081974207226 -0.5548843580081694
13992.326171875 -9349.373046875 -2828.42724609375 0.5902592566790759 -0.390738220810319 -0.7063410314449041
14405.94140625 -9625.7421875 -2222.281005859375 0.6930949232016707 -0.4601334724456517 -0.5548843257537349
9831.103515625 -14713.28515625 -1530.7337646484375 0.5148494389549524 -0.7673826435156474 -0.38217003236610236
9957.5634765625 -14902.546875 -780.3612670898438 0.5456759333224253 -0.8150364159960759 -0.19481636582425987
12512.62109375 -12512.62109375 -1530.7337646484375 0.6546656557454672 -0.6521955200309971 -0.38216996590372493
12673.57421875 -12673.57421875 -780.3612670898438 0.6941966432079997 -0.692919673295089 -0.19481618751883184
14713.28515625 -9831.103515625 -1530.7337646484375 0.7693234728517705 -0.511944833507613 -0.3821699642360103
14902.546875 -9957.5634765625 -780.3612670898438 0.8160397000026202 -0.5441743259272506 -0.19481660868944445
10991.7275390625 -7344.43798828125 -3923.14111328125 -0.15910401815930975 0.10968116585079404 -0.9811503214406917
10367.81640625 -6927.55322265625 -3695.51806640625 -0.31547227132406297 0.21351738024038217 -0.9246013056236299
9792.8154296875 -6543.35009765625 -3325.87841796875 -0.45974962941055153 0.30922906943571626 -0.832470816829504
10881.193359375 -4507.13818359375 -3325.87841796875 -0.5112433589171909 0.21359469646776905 -0.8324707403890602
12289.4208984375 -8211.5283203125 -3923.14111328125 0.16554234501430795 -0.10640124706360471 -0.9804460753302414
11640.57421875 -7777.9833984375 -4000 0.003317992475559689 0.001671876429141244 -0.9999930978537491
12913.3330078125 -8628.4130859375 -3695.51806640625 0.3213404743757201 -0.21042268166100853 -0.9232890092330662
12213.353515625 -5058.9365234375 -3923.14111328125 -0.17744460629047212 0.0765339878037658 -0.9811503250823864
11520.099609375 -4771.78173828125 -3695.51806640625 -0.35106562766535254 0.14786906202767838 -0.9246013549454635
12934.3134765625 -5357.56787109375 -4000 0.0029280668009695177 0.0022870709927948567 -0.9999930978417217
9288.8232421875 -6206.59326171875 -2828.42724609375 -0.5863463992868315 0.39316610267836516 -0.7082501787843566
12229.6728515625 -2432.633056640625 -3695.51806640625 -0.37316787729599316 0.076538347706084 -0.9246013285112806
12965.626953125 -2579.023681640625 -3923.14111328125 -0.18896608030191425 0.04044570023549443 -0.9811503278436954
11551.4130859375 -2297.718994140625 -3325.87841796875 -0.5430901652842818 0.10975190264653188 -0.8324707756053409
10321.1875 -4275.17578125 -2828.42724609375 -0.6517829348953657 0.2712210735615052 -0.7082500512074305
9861.6025390625 -4084.8095703125 -2222.281005859375 -0.7672270310549206 0.3185503091013386 -0.5566761925842469
10956.9140625 -2179.4658203125 -2828.42724609375 -0.6921717613086616 0.13885314940244362 -0.7082499952332425
10469.021484375 -2082.417724609375 -2222.281005859375 -0.8146310424299353 0.16275092910761993 -0.5566762073091712
13655.2734375 -5656.19921875 -3923.14111328125 0.18311930867130305 -0.07206106802784204 -0.9804460827941691
14348.52734375 -5943.3544921875 -3695.51806640625 0.356217445693878 -0.14368905197673498 -0.9232890055260901
14987.43359375 -6207.998046875 -3325.87841796875 0.5155924433486789 -0.2098701098282249 -0.8307339943462215
15547.439453125 -6439.96044921875 -2828.42724609375 0.6551468341802961 -0.26807644838291056 -0.70634102492064
16007.0244140625 -6630.32666015625 -2222.281005859375 0.769544831809613 -0.31607597735716253 -0.5548844279422779
13730.994140625 -2731.264404296875 -4000 0.002425624785219193 0.0028143560385558088 -0.9999930978484249
14496.3603515625 -2883.50537109375 -3923.14111328125 0.1936591957541532 -0.03495161135883891 -0.9804460723381349
15232.3154296875 -3029.895751953125 -3695.51806640625 0.3774050985669807 -0.07143346805292962 -0.9232890399098101
15910.57421875 -3164.81005859375 -3325.87841796875 0.5466291414869633 -0.10525042023614362 -0.8307339710866174
16505.07421875 -3283.063232421875 -2828.42724609375 0.6948573658501528 -0.13511259988351323 -0.7063411544547752
16992.966796875 -3380.111083984375 -2222.281005859375 0.8164217943988997 -0.15987200791943354 -0.5548841272863093
9520.099609375 -3943.3544921875 -1530.7337646484375 -0.8530771855262093 0.35375249895604977 -0.38356027559828376
10106.484375 -2010.3046875 -1530.7337646484375 -0.9056992344516502 0.18052792177779556 -0.38356038139031623
9309.8037109375 -3856.246826171875 -780.3612670898438 -0.905981239900681 0.3754306126141067 -0.19557568371405765
9883.234375 -1965.8975830078125 -780.3612670898438 -0.9618159280742333 0.19146856164344078 -0.1955758431015778
16348.52734375 -6771.78173828125 -1530.7337646484375 0.8544165684101438 -0.35202048020034876 -0.3821700003215189
16558.822265625 -6858.88916015625 -780.3612670898438 0.9065229292575515 -0.37451684457970363 -0.19481609752885037
17355.50390625 -3452.224365234375 -1530.7337646484375 0.9066748017299645 -0.1785678266349742 -0.38217055773409764
17578.75390625 -3496.63134765625 -780.3612670898438 0.962168992365078 -0.190466702142646 -0.19481597856971367
0 -18000 0 1.2205167987389132e-9 -1 -2.6405408415364207e-10
0 -17923.140625 780.3612670898438 -0.0009029918454210825 -0.9808392980754066 0.1948164673652375
3511.625732421875 -17654.134765625 0 0.19509030357454554 -0.9807852840714714 1.86879342560772e-7
3496.63134765625 -17578.75390625 780.3612670898438 0.19046673141673437 -0.9621689896966309 0.19481596312825641
0 -17695.517578125 1530.7337646484375 -0.0017465845305903683 -0.9240903778714981 0.38217001840514603
3452.224365234375 -17355.50390625 1530.7337646484375 0.17856781424276896 -0.9066748144691426 0.3821705333014386
0 -10000 0 1.5448112233862332e-10 1 -1.6941831271211072e-10
1950.9031982421875 -9807.8525390625 0 -0.19509034364743938 0.9807852761004756 -1.948168539278199e-7
0 -10076.8583984375 780.3612670898438 -0.00014877741483945966 0.980688640925492 0.1955754775655481
1965.8975830078125 -9883.234375 780.3612670898438 -0.1914685472885596 0.961815930818394 0.19557584365957598
3826.834228515625 -9238.794921875 0 -0.3826833396742896 0.923879570905067 3.644130003546961e-8
3856.246826171875 -9309.8037109375 780.3612670898438 -0.3754306382158465 0.9059812297639247 0.19557568152581914
0 -10304.4814453125 1530.7337646484375 -0.00036612590029212874 0.9235157476122757 0.3835603340596688
2010.3046875 -10106.484375 1530.7337646484375 -0.18052792177779556 0.9056992344516502 0.38356038139031623
3943.3544921875 -9520.099609375 1530.7337646484375 -0.35375249086856886 0.8530771660231798 0.3835603264339825
6888.3017578125 -16629.83203125 0 0.3826834370613076 -0.9238795305659668 3.909919824007943e-7
6858.88916015625 -16558.822265625 780.3612670898438 0.37451687020186636 -0.9065229191394212 0.19481609535441594
6771.78173828125 -16348.52734375 1530.7337646484375 0.35202048020034876 -0.8544165684101438 0.3821700003215189
0 -17325.87890625 2222.281005859375 -0.0024758903570434995 -0.8319240300049102 0.5548840223572209
0 -16828.427734375 2828.42724609375 -0.003043516040451141 -0.7078649921134247 0.7063411993862263
3380.111083984375 -16992.966796875 2222.281005859375 0.15987200791943354 -0.8164217943988997 0.5548841272863093
3283.063232421875 -16505.07421875 2828.42724609375 0.13511260882424272 -0.6948573351968346 0.7063411828994975
0 -16222.28125 3325.87841796875 -0.003414016601781504 -0.5566590296487883 0.830734054436865
0 -15530.7333984375 3695.51806640625 -0.003567175319130744 -0.38408938889513455 0.9232890211620655
0 -14780.361328125 3923.14111328125 -0.0035009815674220345 -0.19675685904967588 0.9804460625373385
0 -14000 4000 -0.003233500096565007 -0.0018299588919964392 0.9999930978399696
3164.81005859375 -15910.57421875 3325.87841796875 0.10525041680691266 -0.5466291832815351 0.8307339440199449
3029.895751953125 -15232.3154296875 3695.51806640625 0.07143346805292962 -0.3774050985669807 0.9232890399098101
2731.264404296875 -13730.994140625 4000 -0.0028143565042293077 -0.0024256224569232485 0.9999930978527619
2883.50537109375 -14496.3603515625 3923.14111328125 0.034951620741998604 -0.19365922136330965 0.9804460669452778
0 -10674.12109375 2222.281005859375 -0.0006970025014148888 0.8307292319334326 0.5566762590579936
2082.417724609375 -10469.021484375 2222.281005859375 -0.1627509200013134 0.8146310714354156 0.5566761675253513
0 -11171.5732421875 2828.42724609375 -0.0011490171140151322 0.7059606209619758 0.7082501545433315
2179.4658203125 -10956.9140625 2828.42724609375 -0.13885316401630762 0.6921717598765075 0.7082499937678213
4084.8095703125 -9861.6025390625 2222.281005859375 -0.3185503236687381 0.767227006535793 0.5566762180412133
4275.17578125 -10321.1875 2828.42724609375 -0.27122104503861677 0.6517828783653834 0.7082501141531122
0 -11777.71875 3325.87841796875 -0.0016914432780083782 0.5540663647319192 0.8324707817649778
0 -12469.2666015625 3695.51806640625 -0.0022662179423427733 0.38092934881671436 0.9246013711142288
0 -13219.638671875 3923.14111328125 -0.0028030970035071378 0.19322572580440403 0.9811503256558346
2297.718994140625 -11551.4130859375 3325.87841796875 -0.10975191356011238 0.5430901228157485 0.8324708018722751
2579.023681640625 -12965.626953125 3923.14111328125 -0.04044570023549443 0.18896608030191425 0.9811503278436954
2432.633056640625 -12229.6728515625 3695.51806640625 -0.07653834029914969 0.3731678775087941 0.9246013290385393
6630.32666015625 -16007.0244140625 2222.281005859375 0.3160760146359115 -0.7695448500123413 0.5548843814628072
6439.96044921875 -15547.439453125 2828.42724609375 0.26807644920092116 -0.6551468957840612 0.70634096747133
6207.998046875 -14987.43359375 3325.87841796875 0.2098701098282249 -0.5155924433486789 0.8307339943462215
5943.3544921875 -14348.52734375 3695.51806640625 0.14368905045131655 -0.3562174717145575 0.9232889957243547
5656.19921875 -13655.2734375 3923.14111328125 0.07206106061595093 -0.1831193087696192 0.9804460833205675
6206.59326171875 -9288.8232421875 2828.42724609375 -0.39316608893761507 0.5863464383992729 0.7082501540317426
5357.56787109375 -12934.3134765625 4000 -0.0022870712256149303 -0.00292806819793986 0.9999930978370988
4771.78173828125 -11520.099609375 3695.51806640625 -0.14786905405438716 0.35106567391558646 0.9246013386596712
5058.9365234375 -12213.353515625 3923.14111328125 -0.07653400241527818 0.17744462052008056 0.9811503213691484
4507.13818359375 -10881.193359375 3325.87841796875 -0.21359467164805773 0.5112433351769339 0.8324707613368314
6543.35009765625 -9792.8154296875 3325.87841796875 -0.3092290424831701 0.45974963364748633 0.8324708245013417
7777.9833984375 -11640.57421875 4000 -0.0016718767783926952 -0.0033179913114173357 0.9999930978570278
8628.4130859375 -12913.3330078125 3695.51806640625 0.21042268166100853 -0.3213404743757201 0.9232890092330662
8211.5283203125 -12289.4208984375 3923.14111328125 0.10640125416736765 -0.16554235937587944 0.9804460721344537
6927.55322265625 -10367.81640625 3695.51806640625 -0.21351738024038217 0.31547227132406297 0.9246013056236299
7344.43798828125 -10991.7275390625 3923.14111328125 -0.10968115112889328 0.1591040184193456 0.9811503230442609
5555.7021484375 -8314.6962890625 0 -0.5555701802084675 0.831469647589798 1.6746302683336224e-7
5598.40283203125 -8378.6015625 780.3612670898438 -0.5449651326402168 0.8153301844096084 0.1955752913765565
7071.06787109375 -7071.06787109375 0 -0.7071067513842252 0.7071068109888685 2.577397397603475e-10
7125.4150390625 -7125.4150390625 780.3612670898438 -0.6935567514798644 0.693346406680718 0.19557554248840514
8314.6962890625 -5555.7021484375 0 -0.8314696475897982 0.5555701802084676 -1.6644406592684455e-7
8378.6015625 -5598.40283203125 780.3612670898438 -0.8154954223676237 0.5447177230428967 0.1955756076314557
5724.86328125 -8567.86328125 1530.7337646484375 -0.5133821245220566 0.7676718647142275 0.3835605589048489
7286.369140625 -7286.369140625 1530.7337646484375 -0.65328312348812 0.6527653379355588 0.38356039179701706
8567.86328125 -5724.86328125 1530.7337646484375 -0.7680786905617522 0.5127734580313217 0.38356030274722697
5930.22412109375 -8875.2080078125 2222.281005859375 -0.4621080909920131 0.6903389476752245 0.5566760723817586
7547.74365234375 -7547.74365234375 2222.281005859375 -0.5879072347217774 0.5869214335353298 0.5566761304552462
7899.4951171875 -7899.4951171875 2828.42724609375 -0.5000018484931604 0.4983769662695039 0.7082503448607903
8875.2080078125 -5930.22412109375 2222.281005859375 -0.6911133904703557 0.46094884007170545 0.5566762509296753
8328.10546875 -8328.10546875 3325.87841796875 -0.3929802112668033 0.39058812790093633 0.8324707009231861
8817.1025390625 -8817.1025390625 3695.51806640625 -0.2709602995779408 0.2677553578470904 0.9246013110507734
10000.2646484375 -14966.453125 0 0.5555702901565728 -0.8314695741248158 -1.969290457975617e-7
9957.5634765625 -14902.546875 780.3612670898438 0.5441742994587443 -0.8160397199152917 0.19481659921361216
9831.103515625 -14713.28515625 1530.7337646484375 0.5119447718800622 -0.7693235294165001 0.38216993292357615
12727.921875 -12727.921875 0 0.7071068109888685 -0.7071067513842252 1.3940384608536614e-10
12673.57421875 -12673.57421875 780.3612670898438 0.6929197309409344 -0.6941965816409458 0.19481620186927145
12512.62109375 -12512.62109375 1530.7337646484375 0.6521955126027819 -0.6546656482891182 0.3821699913533023
14966.453125 -10000.2646484375 0 0.8314695741248158 -0.5555702901565728 1.97185679616287e-7
14902.546875 -9957.5634765625 780.3612670898438 0.8150364207281607 -0.5456759364906086 0.19481633715303717
14713.28515625 -9831.103515625 1530.7337646484375 0.7673826767606851 -0.5148494212698654 0.38216998943623304
9625.7421875 -14405.94140625 2222.281005859375 0.4601334724456517 -0.6930949232016707 0.5548843257537349
9349.373046875 -13992.326171875 2828.42724609375 0.39073817910755665 -0.5902592387019625 0.7063410695370126
12251.24609375 -12251.24609375 2222.281005859375 0.586508159547522 -0.5900096940374281 0.5548844381725251
11899.4951171875 -11899.4951171875 2828.42724609375 0.498384101391956 -0.5026883019160566 0.7063411064043237
9012.6162109375 -13488.333984375 3325.87841796875 0.30642456583902766 -0.46474180789750535 0.8307340353220888
9347.6962890625 -9347.6962890625 3923.14111328125 -0.13861326941425361 0.13464911348237207 0.9811503339349698
9899.4951171875 -9899.4951171875 4000 -0.0009924516898908659 -0.003580414500035772 0.9999930978120055
10981.88671875 -10981.88671875 3695.51806640625 0.26906997378892655 -0.2741146725816592 0.9232889555716977
10451.2939453125 -10451.2939453125 3923.14111328125 0.1366525610456138 -0.14160371034344388 0.9804460550059063
11470.884765625 -11470.884765625 3325.87841796875 0.39120328644891983 -0.39603141171430895 0.8307340787563345
13488.333984375 -9012.6162109375 3325.87841796875 0.4609483806945956 -0.31210187270283635 0.8307340196419144
14405.94140625 -9625.7421875 2222.281005859375 0.6903438677802182 -0.4642507209631666 0.5548843233534615
13992.326171875 -9349.373046875 2828.42724609375 0.5868774667925812 -0.3957994292661808 0.706341030072364
9238.794921875 -3826.834228515625 0 -0.923879560368357 0.3826833651121649 -3.16873210934049e-8
9309.8037109375 -3856.246826171875 780.3612670898438 -0.9060950698415751 0.3751558588231786 0.19557557618331164
9807.8525390625 -1950.9031982421875 0 -0.9807852732492613 0.19509035798145904 1.9460401738550232e-7
9883.234375 -1965.8975830078125 780.3612670898438 -0.9618739725930803 0.1911769855077637 0.19557561468693047
9520.099609375 -3943.3544921875 1530.7337646484375 -0.8533573158066418 0.35307595164529837 0.38356050882364096
10106.484375 -2010.3046875 1530.7337646484375 -0.9058419943347965 0.17980989578150725 0.3835605332650923
16629.83203125 -6888.3017578125 0 0.923879530565968 -0.3826834370613081 -3.877019704883817e-7
16558.822265625 -6858.88916015625 780.3612670898438 0.9058317418865429 -0.37618523324451003 0.19481664631022938
16348.52734375 -6771.78173828125 1530.7337646484375 0.8530798358699057 -0.3552478172337182 0.38216983395194026
17654.134765625 -3511.625732421875 0 0.9807852897738977 -0.19509027490650677 -1.8749883742397013e-7
17578.75390625 -3496.63134765625 780.3612670898438 0.9618166013800351 -0.19223782269741438 0.19481643881951088
17355.50390625 -3452.224365234375 1530.7337646484375 0.9059934639717406 -0.18199421512861433 0.3821700523329976
9288.8232421875 -6206.59326171875 2828.42724609375 -0.5876232254009643 0.39125525074986184 0.7082501491210788
10367.81640625 -6927.55322265625 3695.51806640625 -0.31799028010986774 0.20974877930016658 0.9246013364351892
10991.7275390625 -7344.43798828125 3923.14111328125 -0.16221867347206348 0.10501976956223155 0.981150319766579
9792.8154296875 -6543.35009765625 3325.87841796875 -0.4616291312907654 0.30641642796662666 0.8324707309064425
10881.193359375 -4507.13818359375 3325.87841796875 -0.5125379606379169 0.21046932222332368 0.8324707221926666
12289.4208984375 -8211.5283203125 3923.14111328125 0.16165231489899162 -0.11222322508458545 0.9804460601376355
11640.57421875 -7777.9833984375 4000 -0.00027487514637673815 -0.003705221505608467 0.9999930978648044
12913.3330078125 -8628.4130859375 3695.51806640625 0.3173767570990716 -0.21635464946982008 0.9232890445066855
11520.099609375 -4771.78173828125 3695.51806640625 -0.352800167180312 0.1436816480543615 0.9246013335756805
12213.353515625 -5058.9365234375 3923.14111328125 -0.1795899719325408 0.0713545605669621 0.9811503292908611
12934.3134765625 -5357.56787109375 4000 0.00045325671632672973 -0.003687659788339925 0.9999930978379974
9861.6025390625 -4084.8095703125 2222.281005859375 -0.7677606294625965 0.31726237926572787 0.5566760265628896
10321.1875 -4275.17578125 2828.42724609375 -0.6526623373383135 0.2690978648389353 0.7082501059366074
10469.021484375 -2082.417724609375 2222.281005859375 -0.8149032533423527 0.1613834637570759 0.5566759068954018
10956.9140625 -2179.4658203125 2828.42724609375 -0.6926199315729399 0.13659911090319668 0.7082501770478791
11551.4130859375 -2297.718994140625 3325.87841796875 -0.5437501796941694 0.10643410188191188 0.832470734644257
12229.6728515625 -2432.633056640625 3695.51806640625 -0.37405201501294233 0.07209298703531448 0.924601368853131
12965.626953125 -2579.023681640625 3923.14111328125 -0.19005978119563713 0.034947246335364786 0.9811503297382322
15547.439453125 -6439.96044921875 2828.42724609375 0.6528173673343514 -0.27370011757307433 0.7063410865489362
16007.0244140625 -6630.32666015625 2222.281005859375 0.7676498152964806 -0.3206509590894027 0.5548844235607318
14987.43359375 -6207.998046875 3325.87841796875 0.5129796273359428 -0.21617838769020525 0.83073389640362
14348.52734375 -5943.3544921875 3695.51806640625 0.3534871597137585 -0.15028026527058982 0.9232890499663151
13655.2734375 -5656.19921875 3923.14111328125 0.18043980999308187 -0.07853007101936559 0.9804460734356346
16992.966796875 -3380.111083984375 2222.281005859375 0.8154556121061436 -0.1647287004249312 0.5548843122137334
16505.07421875 -3283.063232421875 2828.42724609375 0.6936697889820931 -0.14108271754308332 0.7063411998915234
13730.994140625 -2731.264404296875 4000 0.0011639740690542089 -0.0035283705642954006 0.9999930978589441
14496.3603515625 -2883.50537109375 3923.14111328125 0.19229314774893674 -0.04181906856369431 0.9804460774735501
15232.3154296875 -3029.895751953125 3695.51806640625 0.3760133657677074 -0.07843074148296234 0.9232889946027045
15910.57421875 -3164.81005859375 3325.87841796875 0.5452970190969001 -0.11194720709557997 0.8307340030283666
8817.1025390625 8817.1025390625 -3695.51806640625 -0.2709603250300009 -0.2677553833506057 -0.9246012962063196
8328.10546875 8328.10546875 -3325.87841796875 -0.39298024104110946 -0.3905880980707692 -0.8324707008638388
5930.22412109375 8875.2080078125 -2222.281005859375 -0.4621081063249806 -0.690338970581001 -0.5566760312478921
8875.2080078125 5930.22412109375 -2222.281005859375 -0.6911133904703557 -0.46094884007170545 -0.5566762509296753
7899.4951171875 7899.4951171875 -2828.42724609375 -0.500001900622955 -0.4983769290166239 -0.7082503342727001
7547.74365234375 7547.74365234375 -2222.281005859375 -0.5879073137989209 -0.5869213933705324 -0.5566760892886724
5724.86328125 8567.86328125 -1530.7337646484375 -0.5133821421443149 -0.7676718314605423 -0.3835606018731993
8567.86328125 5724.86328125 -1530.7337646484375 -0.7680786905617522 -0.5127734580313217 -0.38356030274722697
7286.369140625 7286.369140625 -1530.7337646484375 -0.653283130955793 -0.6527653453973131 -0.3835603663791693
5598.40283203125 8378.6015625 -780.3612670898438 -0.5449651342284081 -0.8153301867857241 -0.1955752770453605
8378.6015625 5598.40283203125 -780.3612670898438 -0.8154953783013539 -0.5447177930265438 -0.1955755964567742
7125.4150390625 7125.4150390625 -780.3612670898438 -0.6935567248387097 -0.6933464396522877 -0.19557552007472495
0 13219.638671875 -3923.14111328125 -0.0028030972363359513 -0.19322572580427794 -0.9811503256551943
0 12469.2666015625 -3695.51806640625 -0.0022662179423427733 -0.38092934881671436 -0.9246013711142288
0 11777.71875 -3325.87841796875 -0.0016914439487066388 -0.5540664748368322 -0.8324707084812382
2432.633056640625 12229.6728515625 -3695.51806640625 -0.07653834029914969 -0.3731678775087941 -0.9246013290385393
2579.023681640625 12965.626953125 -3923.14111328125 -0.04044570023549443 -0.18896608030191425 -0.9811503278436954
2297.718994140625 11551.4130859375 -3325.87841796875 -0.10975190264653188 -0.5430901652842818 -0.8324707756053409
0 11171.5732421875 -2828.42724609375 -0.001149021304961123 -0.7059606209585763 -0.708250154539921
2179.4658203125 10956.9140625 -2828.42724609375 -0.13885316401630762 -0.6921717598765075 -0.7082499937678213
0 10674.12109375 -2222.281005859375 -0.000696997797982064 -0.8307291859013358 -0.5566763277576778
2082.417724609375 10469.021484375 -2222.281005859375 -0.1627509200013134 -0.8146310714354156 -0.5566761675253513
4275.17578125 10321.1875 -2828.42724609375 -0.27122101742857807 -0.6517828836337554 -0.7082501198779098
4084.8095703125 9861.6025390625 -2222.281005859375 -0.31855036101654655 -0.7672270247090591 -0.5566761716225267
0 14000 -4000 -0.003233500096560185 0.0018299597069009728 -0.9999930978384783
0 14780.361328125 -3923.14111328125 -0.0035009818105143776 0.19675684472522645 -0.9804460654111146
0 15530.7333984375 -3695.51806640625 -0.0035671748126427896 0.3840894143015175 -0.9232890105949344
0 16222.28125 -3325.87841796875 -0.0034140179987490506 0.5566590296461335 -0.830734054432903
2731.264404296875 13730.994140625 -4000 -0.0028143565042102344 0.0024256252508745675 -0.999993097845985
2883.50537109375 14496.3603515625 -3923.14111328125 0.03495161702125908 0.19365922138852504 -0.9804460670729368
3029.895751953125 15232.3154296875 -3695.51806640625 0.07143346064036755 0.37740509876784345 -0.9232890404012036
3164.81005859375 15910.57421875 -3325.87841796875 0.10525042760418943 0.5466291410583094 -0.8307339704351752
0 16828.427734375 -2828.42724609375 -0.003043516273279625 0.707864992112923 -0.7063411993857257
0 17325.87890625 -2222.281005859375 -0.0024758877959220925 0.8319240300101858 -0.5548840223607395
3283.063232421875 16505.07421875 -2828.42724609375 0.13511260882424272 0.6948573351968346 -0.7063411828994975
3380.111083984375 16992.966796875 -2222.281005859375 0.15987197887883073 0.8164217982887877 -0.5548841299300863
4507.13818359375 10881.193359375 -3325.87841796875 -0.2135947249104298 -0.5112433556628108 -0.832470735089869
6543.35009765625 9792.8154296875 -3325.87841796875 -0.30922908054245746 -0.4597496757259407 -0.8324707871251452
5058.9365234375 12213.353515625 -3923.14111328125 -0.07653398820849751 -0.1774445774265231 -0.9811503302709654
4771.78173828125 11520.099609375 -3695.51806640625 -0.14786906862973095 -0.35106567314204107 -0.9246013366223854
5357.56787109375 12934.3134765625 -4000 -0.0022870707599763423 0.002928065171170525 -0.9999930978470264
7344.43798828125 10991.7275390625 -3923.14111328125 -0.10968115112889328 -0.1591040184193456 -0.9811503230442609
6927.55322265625 10367.81640625 -3695.51806640625 -0.21351738224783115 -0.31547224448774974 -0.9246013143165519
7777.9833984375 11640.57421875 -4000 -0.0016718773604676841 0.0033179913114141065 -0.9999930978560546
8211.5283203125 12289.4208984375 -3923.14111328125 0.10640125416736765 0.16554235937587944 -0.9804460721344537
8628.4130859375 12913.3330078125 -3695.51806640625 0.21042269590238055 0.3213404733681434 -0.9232890063380543
6206.59326171875 9288.8232421875 -2828.42724609375 -0.39316610267836516 -0.5863463992868315 -0.7082501787843566
5656.19921875 13655.2734375 -3923.14111328125 0.07206106061595093 0.1831193087696192 -0.9804460833205675
5943.3544921875 14348.52734375 -3695.51806640625 0.14368905197673498 0.356217445693878 -0.9232890055260901
6207.998046875 14987.43359375 -3325.87841796875 0.20987009558339254 0.5155924449610955 -0.8307339969441827
6439.96044921875 15547.439453125 -2828.42724609375 0.26807644920092116 0.6551468957840612 -0.70634096747133
6630.32666015625 16007.0244140625 -2222.281005859375 0.31607597735716253 0.769544831809613 -0.5548844279422779
0 10304.4814453125 -1530.7337646484375 -0.00036611870746178834 -0.9235157370580078 -0.3835603594785267
2010.3046875 10106.484375 -1530.7337646484375 -0.18052792177779556 -0.9056992344516502 -0.38356038139031623
3943.3544921875 9520.099609375 -1530.7337646484375 -0.35375249895604977 -0.8530771855262093 -0.38356027559828376
0 10076.8583984375 -780.3612670898438 -0.00014878217331567954 -0.9806886409247976 -0.19557547756540963
1965.8975830078125 9883.234375 -780.3612670898438 -0.19146856220143896 -0.9618159308772603 -0.195575828770385
3856.246826171875 9309.8037109375 -780.3612670898438 -0.3754306382158465 -0.9059812297639247 -0.19557568152581914
0 17695.517578125 -1530.7337646484375 -0.0017465845305903683 0.9240903778714981 -0.38217001840514603
3452.224365234375 17355.50390625 -1530.7337646484375 0.17856781424276896 0.9066748144691426 -0.3821705333014386
0 17923.140625 -780.3612670898438 -0.0009029909140992805 0.9808392980762314 -0.1948164673654013
3496.63134765625 17578.75390625 -780.3612670898438 0.19046673141673437 0.9621689896966309 -0.19481596312825641
6771.78173828125 16348.52734375 -1530.7337646484375 0.35202046628228867 0.8544165942331703 -0.38216995540909593
6858.88916015625 16558.822265625 -780.3612670898438 0.3745168936495935 0.9065229037580435 -0.1948161218512061
13219.638671875 0 -3923.14111328125 -0.19322575449364285 0.0028030976858517275 -0.981150320003885
12469.2666015625 0 -3695.51806640625 -0.38092934881671436 0.0022662179423427733 -0.9246013711142288
11777.71875 0 -3325.87841796875 -0.5540664060372508 0.0016914446191284144 -0.8324707542707219
12229.6728515625 2432.633056640625 -3695.51806640625 -0.37405198938040896 -0.07209298783897959 -0.9246013791602342
12965.626953125 2579.023681640625 -3923.14111328125 -0.1900597955585278 -0.03494724623639029 -0.9811503269595052
11551.4130859375 2297.718994140625 -3325.87841796875 -0.5437501796941694 -0.10643410188191188 -0.832470734644257
11171.5732421875 0 -2828.42724609375 -0.7059605910628329 0.0011490175116096 -0.7082501843451745
10956.9140625 2179.4658203125 -2828.42724609375 -0.6926199329827577 -0.1365990962800807 -0.7082501784895121
10674.12109375 0 -2222.281005859375 -0.8307292319350503 0.0006969997074485701 -0.5566762590590776
10469.021484375 2082.417724609375 -2222.281005859375 -0.8149032062803283 -0.1613834662410169 -0.5566759750681498
10321.1875 4275.17578125 -2828.42724609375 -0.6526623425724962 -0.26909783719470776 -0.7082501116165898
9861.6025390625 4084.8095703125 -2222.281005859375 -0.7677605795176233 -0.31726238325740236 -0.5566760931714206
9792.8154296875 6543.35009765625 -3325.87841796875 -0.461629089149289 -0.3064163899739211 -0.8324707682594913
10881.193359375 4507.13818359375 -3325.87841796875 -0.5125378912594395 -0.2104693182097828 -0.8324707659225256
10991.7275390625 7344.43798828125 -3923.14111328125 -0.1622186732182048 -0.10501978429904539 -0.9811503182311604
10367.81640625 6927.55322265625 -3695.51806640625 -0.31799023778423463 -0.20974874123737447 -0.924601359626549
12213.353515625 5058.9365234375 -3923.14111328125 -0.17958998616214944 -0.07135457520130248 -0.9811503256219817
11520.099609375 4771.78173828125 -3695.51806640625 -0.352800167180312 -0.1436816480543615 -0.9246013335756805
12934.3134765625 5357.56787109375 -4000 0.00045325552307030106 0.00368765955551444 -0.9999930978393969
11640.57421875 7777.9833984375 -4000 -0.00027487613590619934 0.0037052222040898086 -0.9999930978619443
12289.4208984375 8211.5283203125 -3923.14111328125 0.16165231476382957 0.11222323244133317 -0.9804460593178568
12913.3330078125 8628.4130859375 -3695.51806640625 0.3173767313218799 0.21635463731257668 -0.9232890562162982
9288.8232421875 6206.59326171875 -2828.42724609375 -0.587623232252836 -0.39125522550969905 -0.7082501573794983
14000 0 -4000 0.0018299590084086175 0.003233500562220743 -0.999993097838251
14780.361328125 0 -3923.14111328125 0.19675684472538682 0.0035009815776865815 -0.9804460654119137
15530.7333984375 0 -3695.51806640625 0.38408941429896554 0.0035671766752642573 -0.9232890105887999
13730.994140625 2731.264404296875 -4000 0.0011639723228286387 0.003528370098647076 -0.9999930978626196
14496.3603515625 2883.50537109375 -3923.14111328125 0.19229314780885073 0.04181906112614372 -0.9804460777790339
15232.3154296875 3029.895751953125 -3695.51806640625 0.37601334039874257 0.07843073495711354 -0.9232890054886749
16222.28125 0 -3325.87841796875 0.5566590296434785 0.003414019395716596 -0.8307340544289408
15910.57421875 3164.81005859375 -3325.87841796875 0.5452970190969001 0.11194720709557997 -0.8307340030283666
16828.427734375 0 -2828.42724609375 0.7078649921114182 0.0030435169717650786 -0.7063411993842241
17325.87890625 0 -2222.281005859375 0.8319240300010736 0.0024758922196772503 -0.5548840223546619
16505.07421875 3283.063232421875 -2828.42724609375 0.6936697875237935 0.1410827321476466 -0.7063411984065848
16992.966796875 3380.111083984375 -2222.281005859375 0.8154555891393374 0.16472866598312716 -0.5548843561904006
13655.2734375 5656.19921875 -3923.14111328125 0.18043980999308187 0.07853007101936559 -0.9804460734356346
14348.52734375 5943.3544921875 -3695.51806640625 0.35348720366224057 0.1502803010869604 -0.9232890273106588
14987.43359375 6207.998046875 -3325.87841796875 0.5129796289884087 0.21617837348542138 -0.8307338990796707
15547.439453125 6439.96044921875 -2828.42724609375 0.6528173673343514 0.27370011757307433 -0.7063410865489362
16007.0244140625 6630.32666015625 -2222.281005859375 0.7676498152964806 0.3206509590894027 -0.5548844235607318
10106.484375 2010.3046875 -1530.7337646484375 -0.9058419919077049 -0.17980991020088982 -0.38356053223738934
10304.4814453125 0 -1530.7337646484375 -0.9235157264997345 0.0003661233598888848 -0.3835603848957202
9520.099609375 3943.3544921875 -1530.7337646484375 -0.8533573165819252 -0.3530759817683938 -0.383560479369787
10076.8583984375 0 -780.3612670898438 -0.9806886409252797 0.00014877887003096423 -0.19557547756550578
9883.234375 1965.8975830078125 -780.3612670898438 -0.9618739726561257 -0.19117700042145588 -0.1955755997985878
9309.8037109375 3856.246826171875 -780.3612670898438 -0.9060950490422249 -0.37515590469228616 -0.19557558455921875
17695.517578125 0 -1530.7337646484375 0.9240903883960994 0.0017465847833131208 -0.3821699929554141
17355.50390625 3452.224365234375 -1530.7337646484375 0.9059934742906028 0.18199421720144743 -0.3821700268834216
17923.140625 0 -780.3612670898438 0.9808392980760252 0.000902991146929731 -0.19481646736536035
17578.75390625 3496.63134765625 -780.3612670898438 0.9618165930775138 0.19223785084031533 -0.19481645203899195
16348.52734375 6771.78173828125 -1530.7337646484375 0.8530798358699057 0.3552478172337182 -0.38216983395194026
16558.822265625 6858.88916015625 -780.3612670898438 0.9058317445161672 0.3761852343365736 -0.19481663197461993
9347.6962890625 9347.6962890625 -3923.14111328125 -0.13861326941425361 -0.13464911348237207 -0.9811503339349698
9899.4951171875 9899.4951171875 -4000 -0.0009924520391431102 0.003580412637413238 -0.9999930978183279
10451.2939453125 10451.2939453125 -3923.14111328125 0.13665256133395887 0.1416036957410747 -0.980446057074706
10981.88671875 10981.88671875 -3695.51806640625 0.2690699058901364 0.27411463432968697 -0.9232889867157386
9012.6162109375 13488.333984375 -3325.87841796875 0.30642456583902766 0.46474180789750535 -0.8307340353220888
13488.333984375 9012.6162109375 -3325.87841796875 0.46094837640714836 0.31210189960218643 -0.8307340119149574
11470.884765625 11470.884765625 -3325.87841796875 0.39120328644891983 0.39603141171430895 -0.8307340787563345
11899.4951171875 11899.4951171875 -2828.42724609375 0.49838412379177754 0.5026882944496252 -0.7063410959130363
12251.24609375 12251.24609375 -2222.281005859375 0.5865081974207226 0.590009731780889 -0.5548843580081694
9349.373046875 13992.326171875 -2828.42724609375 0.3907382181067948 0.5902591929904177 -0.7063410861623636
9625.7421875 14405.94140625 -2222.281005859375 0.4601334959381425 0.6930949136972276 -0.5548843181445803
13992.326171875 9349.373046875 -2828.42724609375 0.5868775127905398 0.3957993902872959 -0.7063410136959305
14405.94140625 9625.7421875 -2222.281005859375 0.690343858228793 0.46425074434223207 -0.5548843156762207
12512.62109375 12512.62109375 -1530.7337646484375 0.6521955200309971 0.6546656557454672 -0.38216996590372493
12673.57421875 12673.57421875 -780.3612670898438 0.6929197042812963 0.6941966145368242 -0.1948161794726836
9831.103515625 14713.28515625 -1530.7337646484375 0.5119447718800622 0.7693235294165001 -0.38216993292357615
9957.5634765625 14902.546875 -780.3612670898438 0.5441743010384786 0.8160397222842496 -0.1948165848780026
14713.28515625 9831.103515625 -1530.7337646484375 0.7673826767606851 0.5148494212698654 -0.38216998943623304
14902.546875 9957.5634765625 -780.3612670898438 0.8150364183621183 0.545675934906517 -0.19481635148864856
5555.7021484375 8314.6962890625 0 -0.5555701802084673 -0.8314696475897977 -1.6985643317391444e-7
5598.40283203125 8378.6015625 780.3612670898438 -0.5447177230428967 -0.8154954223676237 0.1955756076314557
8314.6962890625 5555.7021484375 0 -0.8314696475897977 -0.5555701802084673 1.7087539408043216e-7
8378.6015625 5598.40283203125 780.3612670898438 -0.8153301844096084 -0.5449651326402168 0.1955752913765565
7071.06787109375 7071.06787109375 0 -0.7071067811865476 -0.7071067811865476 6.023560087225124e-10
7125.4150390625 7125.4150390625 780.3612670898438 -0.6933464376316665 -0.6935567228174755 0.19557553440591982
5724.86328125 8567.86328125 1530.7337646484375 -0.5127735195775254 -0.7680786338653491 0.3835603340018571
8567.86328125 5724.86328125 1530.7337646484375 -0.7676718794297002 -0.5133820747584144 0.38356059605962883
7286.369140625 7286.369140625 1530.7337646484375 -0.6527653453973131 -0.653283130955793 0.3835603663791693
5930.22412109375 8875.2080078125 2222.281005859375 -0.46094884007170545 -0.6911133904703557 0.5566762509296753
8875.2080078125 5930.22412109375 2222.281005859375 -0.6903389476752245 -0.4621080909920131 0.5566760723817586
7547.74365234375 7547.74365234375 2222.281005859375 -0.5869214335353298 -0.5879072347217774 0.5566761304552462
7899.4951171875 7899.4951171875 2828.42724609375 -0.4983769290166239 -0.500001900622955 0.7082503342727001
8328.10546875 8328.10546875 3325.87841796875 -0.39058812790093633 -0.3929802112668033 0.8324707009231861
8817.1025390625 8817.1025390625 3695.51806640625 -0.2677553578470904 -0.2709602995779408 0.9246013110507734
0 10000 0 -8.39411457009831e-11 -1 5.838846628414274e-10
1950.9031982421875 9807.8525390625 0 -0.19509035798145904 -0.9807852732492613 1.9474000105740354e-7
0 10076.8583984375 780.3612670898438 0.00014878048529353428 -0.980688640925044 0.1955754775654588
1965.8975830078125 9883.234375 780.3612670898438 -0.1911769855077637 -0.9618739725930803 0.19557561468693047
3826.834228515625 9238.794921875 0 -0.3826833651121649 -0.923879560368357 -2.9981133908227665e-8
3856.246826171875 9309.8037109375 780.3612670898438 -0.3751558577298607 -0.9060950672009394 0.195575590514506
0 10304.4814453125 1530.7337646484375 0.0003661226946860265 -0.9235157370566598 0.38356035947796674
2010.3046875 10106.484375 1530.7337646484375 -0.1798099081454837 -0.9058419815530299 0.3835605576552325
3943.3544921875 9520.099609375 1530.7337646484375 -0.3530759817683938 -0.8533573165819252 0.383560479369787
0 18000 0 -6.82810141761081e-10 1 9.305205495024893e-10
0 17923.140625 780.3612670898438 0.0009029930651595664 0.9808392952269558 0.19481648170063284
3511.625732421875 17654.134765625 0 0.19509030357454546 0.980785284071471 -1.8850912860110773e-7
3496.63134765625 17578.75390625 780.3612670898438 0.19223783704789732 0.9618165986248471 0.19481643826144618
0 17695.517578125 1530.7337646484375 0.0017465827843658821 0.9240903778743165 0.38217001840631165
3452.224365234375 17355.50390625 1530.7337646484375 0.1819941904590665 0.9059934895234376 0.3821700035066775
6888.3017578125 16629.83203125 0 0.38268346249918056 0.9238795200292528 -3.947490153538379e-7
6858.88916015625 16558.822265625 780.3612670898438 0.3761852343365736 0.9058317445161672 0.19481663197461993
6771.78173828125 16348.52734375 1530.7337646484375 0.35524782720496323 0.853079800209864 0.38216990428348885
0 10674.12109375 2222.281005859375 0.0006969960748797599 -0.8307292134663521 0.5566762866245045
2082.417724609375 10469.021484375 2222.281005859375 -0.1613834662410169 -0.8149032062803283 0.5566759750681498
0 11171.5732421875 2828.42724609375 0.0011490196751487932 -0.7059606209598983 0.7082501545412474
2179.4658203125 10956.9140625 2828.42724609375 -0.13659911090319668 -0.6926199315729399 0.7082501770478791
4084.8095703125 9861.6025390625 2222.281005859375 -0.31726237926572787 -0.7677606294625965 0.5566760265628896
4275.17578125 10321.1875 2828.42724609375 -0.2690978648389353 -0.6526623373383135 0.7082501059366074
0 11777.71875 3325.87841796875 0.0016914441534684706 -0.5540664060376871 0.8324707542713776
0 12469.2666015625 3695.51806640625 0.002266218123717375 -0.3809293997720949 0.9246013501205194
0 13219.638671875 3923.14111328125 0.0028030976858517275 -0.19322575449364285 0.981150320003885
2297.718994140625 11551.4130859375 3325.87841796875 -0.10643411316473611 -0.5437502208134668 0.8324707063435579
2432.633056640625 12229.6728515625 3695.51806640625 -0.07209298783897959 -0.37405198938040896 0.9246013791602342
2579.023681640625 12965.626953125 3923.14111328125 -0.03494724623639029 -0.1900597955585278 0.9811503269595052
0 17325.87890625 2222.281005859375 0.0024758924525064693 0.8319240300005941 0.5548840223543421
0 16828.427734375 2828.42724609375 0.0030435190672214382 0.7078649921069038 0.7063411993797193
3380.111083984375 16992.966796875 2222.281005859375 0.16472867398975427 0.8154555691698625 0.554884383160522
3283.063232421875 16505.07421875 2828.42724609375 0.14108271754308332 0.6936697889820931 0.7063411998915234
0 14000 4000 0.003233500562220743 0.0018299590084086175 0.999993097838251
0 15530.7333984375 3695.51806640625 0.00356717551112584 0.38408941430056054 0.923289010592634
0 14780.361328125 3923.14111328125 0.0035009815776865815 0.19675684472538682 0.9804460654119137
0 16222.28125 3325.87841796875 0.003414018697232823 0.556659029644806 0.8307340544309219
2731.264404296875 13730.994140625 4000 0.0035283705643106996 0.0011639703437689127 0.9999930978632802
2883.50537109375 14496.3603515625 3923.14111328125 0.04181906112614372 0.19229314780885073 0.9804460777790339
3029.895751953125 15232.3154296875 3695.51806640625 0.07843073407821315 0.3760133659874325 0.9232889951422326
3164.81005859375 15910.57421875 3325.87841796875 0.11194720709557997 0.5452970190969001 0.8307340030283666
6206.59326171875 9288.8232421875 2828.42724609375 -0.39125525074986184 -0.5876232254009643 0.7082501491210788
4507.13818359375 10881.193359375 3325.87841796875 -0.2104693182097828 -0.5125378912594395 0.8324707659225256
6543.35009765625 9792.8154296875 3325.87841796875 -0.30641638575836116 -0.4616291126006936 0.8324707568066756
4771.78173828125 11520.099609375 3695.51806640625 -0.14368166264789714 -0.35280016642495843 0.924601331596087
5058.9365234375 12213.353515625 3923.14111328125 -0.07135457520130248 -0.17958998616214944 0.9811503256219817
5357.56787109375 12934.3134765625 4000 0.003687659555510353 0.0004532579677915864 0.9999930978382887
6927.55322265625 10367.81640625 3695.51806640625 -0.2097487392496176 -0.31799026457301116 0.9246013508642428
7344.43798828125 10991.7275390625 3923.14111328125 -0.10501976956223155 -0.16221867347206348 0.981150319766579
7777.9833984375 11640.57421875 4000 0.0037052224369172587 -0.0002748761359059622 0.9999930978610817
8211.5283203125 12289.4208984375 3923.14111328125 0.11222323244133317 0.16165231476382957 0.9804460593178568
8628.4130859375 12913.3330078125 3695.51806640625 0.21635463731257668 0.3173767313218799 0.9232890562162982
6439.96044921875 15547.439453125 2828.42724609375 0.27370011757307433 0.6528173673343514 0.7063410865489362
6630.32666015625 16007.0244140625 2222.281005859375 0.3206509590894027 0.7676498152964806 0.5548844235607318
6207.998046875 14987.43359375 3325.87841796875 0.21617837348542138 0.5129796289884087 0.8307338990796707
5943.3544921875 14348.52734375 3695.51806640625 0.1502802782520572 0.3534871850006038 0.9232890381721388
5656.19921875 13655.2734375 3923.14111328125 0.078530071441663 0.18043978116107973 0.9804460787080078
10000 0 0 -1 1.5448112233862332e-10 -1.6941831271211072e-10
9807.8525390625 1950.9031982421875 0 -0.9807852761004756 -0.19509034364743938 -1.948168539278199e-7
10076.8583984375 0 780.3612670898438 -0.980688640925492 -0.00014877741483945966 0.1955754775655481
9883.234375 1965.8975830078125 780.3612670898438 -0.961815930818394 -0.1914685472885596 0.19557584365957598
9238.794921875 3826.834228515625 0 -0.9238795709050672 -0.3826833396742897 3.5400539660697944e-8
9309.8037109375 3856.246826171875 780.3612670898438 -0.9059812297639247 -0.3754306382158465 0.19557568152581914
10106.484375 2010.3046875 1530.7337646484375 -0.9056992344516502 -0.18052792177779556 0.38356038139031623
10304.4814453125 0 1530.7337646484375 -0.9235157476122757 -0.00036612590029212874 0.3835603340596688
9520.099609375 3943.3544921875 1530.7337646484375 -0.8530771855262093 -0.35375249895604977 0.38356027559828376
18000 0 0 1 1.2205167987389132e-9 -2.6405408415364207e-10
17923.140625 0 780.3612670898438 0.9808392980754066 -0.0009029918454210825 0.1948164673652375
17654.134765625 3511.625732421875 0 0.9807852840714714 0.19509030357454554 1.86879342560772e-7
17578.75390625 3496.63134765625 780.3612670898438 0.9621689924274354 0.19046671705615117 0.1948159636811783
17695.517578125 0 1530.7337646484375 0.9240903778714981 -0.0017465845305903683 0.38217001840514603
17355.50390625 3452.224365234375 1530.7337646484375 0.9066748144691426 0.17856781424276896 0.3821705333014386
16629.83203125 6888.3017578125 0 0.9238795305659666 0.3826834370613075 3.920018341873812e-7
16558.822265625 6858.88916015625 780.3612670898438 0.9065229217710444 0.37451687128908356 0.19481608101880324
16348.52734375 6771.78173828125 1530.7337646484375 0.8544165691778582 0.35202051031897097 0.38216997086258503
10674.12109375 0 2222.281005859375 -0.8307292319334326 -0.0006970025014148888 0.5566762590579936
10469.021484375 2082.417724609375 2222.281005859375 -0.8146310714354156 -0.1627509200013134 0.5566761675253513
11171.5732421875 0 2828.42724609375 -0.7059606209616925 -0.0011490174632606315 0.7082501545430474
10956.9140625 2179.4658203125 2828.42724609375 -0.6921717613086616 -0.13885314940244362 0.7082499952332425
9861.6025390625 4084.8095703125 2222.281005859375 -0.767227006535793 -0.3185503236687381 0.5566762180412133
10321.1875 4275.17578125 2828.42724609375 -0.6517829179170984 -0.27122100689183476 0.7082500923628972
11777.71875 0 3325.87841796875 -0.5540663647319192 -0.0016914432780083782 0.8324707817649778
12469.2666015625 0 3695.51806640625 -0.38092939977229584 -0.0022662178908879334 0.9246013501210072
13219.638671875 0 3923.14111328125 -0.19322572580427794 -0.0028030972363359513 0.9811503256551943
11551.4130859375 2297.718994140625 3325.87841796875 -0.5430901228157485 -0.10975191356011238 0.8324708018722751
12229.6728515625 2432.633056640625 3695.51806640625 -0.3731678775087941 -0.07653834029914969 0.9246013290385393
12965.626953125 2579.023681640625 3923.14111328125 -0.18896608030191425 -0.04044570023549443 0.9811503278436954
9288.8232421875 6206.59326171875 2828.42724609375 -0.5863464383992729 -0.39316608893761507 0.7082501540317426
9792.8154296875 6543.35009765625 3325.87841796875 -0.45974965715049926 -0.3092290382462354 0.8324708130951538
10881.193359375 4507.13818359375 3325.87841796875 -0.5112432895239492 -0.21359469237814668 0.8324707840546819
10367.81640625 6927.55322265625 3695.51806640625 -0.31547227132406297 -0.21351738024038217 0.9246013056236299
10991.7275390625 7344.43798828125 3923.14111328125 -0.15910404707719508 -0.10968117269167252 0.9811503159866165
11520.099609375 4771.78173828125 3695.51806640625 -0.35106562766535254 -0.14786906202767838 0.9246013549454635
12213.353515625 5058.9365234375 3923.14111328125 -0.1774445774265231 -0.07653398820849751 0.9811503302709654
12934.3134765625 5357.56787109375 4000 0.0029280654040022935 -0.002287070294315926 0.9999930978474096
11640.57421875 7777.9833984375 4000 0.0033179913114141065 -0.0016718773604676841 0.9999930978560546
12289.4208984375 8211.5283203125 3923.14111328125 0.16554235937587944 0.10640125416736765 0.9804460721344537
12913.3330078125 8628.4130859375 3695.51806640625 0.32134049908550993 0.21042270812859884 0.9232889946009873
17325.87890625 0 2222.281005859375 0.8319240300049102 -0.0024758903570434995 0.5548840223572209
16828.427734375 0 2828.42724609375 0.707864992112923 -0.003043516273279625 0.7063411993857257
16992.966796875 3380.111083984375 2222.281005859375 0.8164217943988997 0.15987200791943354 0.5548841272863093
16505.07421875 3283.063232421875 2828.42724609375 0.6948573351968346 0.13511260882424272 0.7063411828994975
14000 0 4000 0.0018299597069009728 -0.003233500096560185 0.9999930978384783
15530.7333984375 0 3695.51806640625 0.38408941430087956 -0.003567175278298157 0.923289010593401
14780.361328125 0 3923.14111328125 0.19675684472538682 -0.0035009815776865815 0.9804460654119137
13730.994140625 2731.264404296875 4000 0.0024256252508745675 -0.0028143565042102344 0.999993097845985
14496.3603515625 2883.50537109375 3923.14111328125 0.19365922138852504 0.03495161702125908 0.9804460670729368
15232.3154296875 3029.895751953125 3695.51806640625 0.37740514509476064 0.07143346376806495 0.9232890212225526
16222.28125 0 3325.87841796875 0.5566590296501157 -0.0034140159032977303 0.830734054438846
15910.57421875 3164.81005859375 3325.87841796875 0.5466291832815351 0.10525041680691266 0.8307339440199449
15547.439453125 6439.96044921875 2828.42724609375 0.6551468341802961 0.26807644838291056 0.70634102492064
16007.0244140625 6630.32666015625 2222.281005859375 0.7695448500123413 0.3160760146359115 0.5548843814628072
14987.43359375 6207.998046875 3325.87841796875 0.5155924449610955 0.20987009558339254 0.8307339969441827
14348.52734375 5943.3544921875 3695.51806640625 0.356217445693878 0.14368905197673498 0.9232890055260901
13655.2734375 5656.19921875 3923.14111328125 0.18311930867130305 0.07206106802784204 0.9804460827941691
12727.921875 12727.921875 0 0.7071067513842252 0.7071068109888685 1.3940384608536614e-10
12673.57421875 12673.57421875 780.3612670898438 0.6941966145368242 0.6929197042812963 0.1948161794726836
12512.62109375 12512.62109375 1530.7337646484375 0.6546656557454672 0.6521955200309971 0.38216996590372493
10000.2646484375 14966.453125 0 0.5555702901565727 0.8314695741248157 1.980854256486681e-7
9957.5634765625 14902.546875 780.3612670898438 0.5456759317383334 0.8150364136300331 0.194816380159871
9831.103515625 14713.28515625 1530.7337646484375 0.5148494154059605 0.7673826680205392 0.3821700148858095
14966.453125 10000.2646484375 0 0.8314696016585723 0.5555702489493982 -1.964390620445328e-7
14902.546875 9957.5634765625 780.3612670898438 0.8160397000026202 0.5441743259272506 0.19481660868944445
14713.28515625 9831.103515625 1530.7337646484375 0.7693234963271299 0.5119447895245991 0.38216997589765533
12251.24609375 12251.24609375 2222.281005859375 0.5900096929253045 0.5865082180466438 0.5548843775219648
11899.4951171875 11899.4951171875 2828.42724609375 0.5026882944496252 0.49838412379177754 0.7063410959130363
9347.6962890625 9347.6962890625 3923.14111328125 -0.1346491427443669 -0.13861326885801845 0.9811503299977541
9899.4951171875 9899.4951171875 4000 0.0035804128702417266 -0.0009924518063118657 0.9999930978177253
10981.88671875 10981.88671875 3695.51806640625 0.2741146321315868 0.2690699335348111 0.9232889793119687
10451.2939453125 10451.2939453125 3923.14111328125 0.14160369602941977 0.13665254671106053 0.9804460590711707
9012.6162109375 13488.333984375 3325.87841796875 0.31210187270283635 0.4609483806945956 0.8307340196419144
13488.333984375 9012.6162109375 3325.87841796875 0.46474182277477727 0.3064246156029347 0.8307340086433028
11470.884765625 11470.884765625 3325.87841796875 0.39603146197050737 0.391203277214444 0.8307340591465969
9625.7421875 14405.94140625 2222.281005859375 0.46425074434223207 0.690343858228793 0.5548843156762207
9349.373046875 13992.326171875 2828.42724609375 0.3957993902872959 0.5868775127905398 0.7063410136959305
14405.94140625 9625.7421875 2222.281005859375 0.6930949232016707 0.4601334724456517 0.5548843257537349
13992.326171875 9349.373046875 2828.42724609375 0.5902592387019625 0.39073817910755665 0.7063410695370126
3 12 1 0
3 30 8 4
3 8 30 31
3 4 5 30
3 5 4 11
3 8 61 6
3 61 8 7
3 7 62 61
3 6 4 8
3 4 6 2
3 31 7 8
3 32 9 7
3 62 7 9
3 63 9 10
3 3 12 11
3 0 11 12
3 11 0 5
3 2 11 4
3 11 2 3
3 17 13 1
3 18 14 13
3 111 105 14
3 12 3 15
3 17 15 16
3 18 16 108
3 1 12 17
3 15 17 12
3 13 17 18
3 16 18 17
3 14 18 111
3 108 111 18
3 20 30 5
3 21 5 0
3 5 21 20
3 25 20 21
3 30 20 19
3 26 19 20
3 24 21 23
3 28 23 22
3 23 0 1
3 0 23 21
3 1 22 23
3 224 24 28
3 24 224 227
3 20 25 26
3 19 26 27
3 21 24 25
3 226 26 25
3 227 25 24
3 25 227 226
3 228 27 26
3 26 226 228
3 27 228 241
3 23 28 24
3 22 29 28
3 232 28 29
3 28 232 224
3 29 233 232
3 19 31 30
3 7 31 32
3 33 32 31
3 31 19 33
3 27 33 19
3 32 33 34
3 34 36 32
3 36 34 35
3 9 32 36
3 10 36 37
3 36 10 9
3 37 93 10
3 93 37 39
3 94 39 40
3 35 37 36
3 37 35 38
3 38 39 37
3 39 38 44
3 44 40 39
3 40 44 45
3 45 97 40
3 33 27 41
3 41 34 33
3 34 41 42
3 42 35 34
3 35 42 43
3 43 38 35
3 241 41 27
3 242 42 41
3 41 241 242
3 42 242 243
3 243 43 42
3 43 243 247
3 38 43 46
3 46 44 38
3 44 46 47
3 47 45 44
3 247 46 43
3 46 247 249
3 249 47 46
3 14 49 48
3 48 50 29
3 29 22 48
3 49 51 50
3 50 48 49
3 22 1 13
3 13 48 22
3 48 13 14
3 105 127 49
3 51 49 127
3 127 130 51
3 49 14 105
3 233 29 50
3 264 50 51
3 50 264 233
3 51 266 264
3 266 51 130
3 130 344 266
3 97 45 52
3 100 52 54
3 45 47 53
3 53 52 45
3 52 53 55
3 55 54 52
3 270 53 47
3 47 249 270
3 53 270 273
3 273 55 53
3 54 55 135
3 135 133 54
3 55 273 353
3 353 135 55
3 61 57 58
3 58 6 61
3 6 58 60
3 73 57 56
3 74 56 66
3 72 58 57
3 60 2 6
3 2 60 59
3 59 3 2
3 77 59 60
3 76 60 58
3 9 63 62
3 57 61 62
3 56 62 63
3 66 63 64
3 10 64 63
3 64 10 93
3 65 93 94
3 93 65 64
3 94 69 65
3 62 56 57
3 63 66 56
3 64 67 66
3 65 68 67
3 67 64 65
3 68 65 69
3 70 69 71
3 69 70 68
3 71 81 70
3 81 71 98
3 98 82 81
3 58 72 76
3 57 73 72
3 56 74 73
3 66 75 74
3 480 72 73
3 72 480 488
3 482 73 74
3 481 74 75
3 483 75 78
3 74 481 482
3 73 482 480
3 75 483 481
3 60 76 77
3 488 76 72
3 76 488 489
3 489 77 76
3 75 66 67
3 67 78 75
3 78 67 68
3 79 68 70
3 68 79 78
3 70 80 79
3 80 70 81
3 492 78 79
3 493 79 80
3 78 492 483
3 79 493 492
3 494 80 83
3 80 494 493
3 83 81 82
3 81 83 80
3 82 84 83
3 83 498 494
3 498 83 84
3 84 500 498
3 15 85 86
3 85 15 3
3 3 59 85
3 86 16 15
3 87 85 59
3 88 86 85
3 85 87 88
3 16 86 168
3 168 108 16
3 86 88 171
3 171 168 86
3 82 98 101
3 101 89 82
3 59 77 87
3 520 87 77
3 522 88 87
3 77 489 520
3 87 520 522
3 600 171 88
3 88 522 600
3 84 82 89
3 89 90 84
3 104 91 89
3 90 89 91
3 91 92 90
3 500 84 90
3 90 524 500
3 524 90 92
3 92 527 524
3 92 91 174
3 174 176 92
3 527 92 176
3 176 606 527
3 39 94 93
3 69 94 95
3 40 95 94
3 95 71 69
3 71 95 96
3 97 96 95
3 95 40 97
3 96 98 71
3 98 96 99
3 100 99 96
3 96 97 100
3 52 100 97
3 99 100 103
3 54 103 100
3 103 102 99
3 99 101 98
3 102 104 101
3 101 99 102
3 89 101 104
3 102 103 211
3 133 211 103
3 211 209 102
3 104 102 209
3 91 104 213
3 209 213 104
3 103 54 133
3 213 174 91
3 112 106 105
3 113 107 106
3 118 114 107
3 111 108 109
3 112 109 110
3 113 110 116
3 105 111 112
3 109 112 111
3 106 112 113
3 110 113 112
3 107 113 118
3 116 118 113
3 118 116 117
3 114 118 119
3 119 115 114
3 115 119 120
3 117 119 118
3 119 117 122
3 120 121 115
3 121 120 123
3 123 151 121
3 124 152 151
3 151 123 124
3 122 120 119
3 120 122 186
3 186 123 120
3 123 186 187
3 152 124 125
3 153 125 126
3 187 124 123
3 188 125 124
3 106 128 127
3 130 127 128
3 128 131 130
3 127 105 106
3 107 129 128
3 129 132 131
3 131 128 129
3 132 129 139
3 128 106 107
3 129 107 114
3 114 139 129
3 344 130 131
3 131 345 344
3 345 131 132
3 348 132 144
3 139 144 132
3 132 348 345
3 144 362 348
3 161 220 216
3 216 137 161
3 133 135 136
3 136 134 133
3 135 353 355
3 355 136 135
3 212 134 137
3 134 136 138
3 138 137 134
3 163 161 137
3 137 138 163
3 359 138 136
3 136 355 359
3 379 163 138
3 138 359 379
3 144 139 140
3 139 114 115
3 115 140 139
3 140 115 121
3 145 140 141
3 121 141 140
3 141 121 151
3 151 142 141
3 146 141 142
3 147 142 143
3 148 143 154
3 140 145 144
3 362 144 145
3 145 363 362
3 363 145 146
3 141 146 145
3 366 146 147
3 146 366 363
3 142 147 146
3 143 148 147
3 154 149 148
3 368 147 148
3 147 368 366
3 148 369 368
3 369 148 149
3 370 149 166
3 149 370 369
3 220 161 162
3 150 162 159
3 162 150 220
3 142 151 152
3 143 152 153
3 125 153 152
3 154 153 158
3 152 143 142
3 153 154 143
3 158 156 154
3 157 155 156
3 222 160 157
3 126 158 153
3 157 223 222
3 158 126 223
3 223 157 158
3 160 159 155
3 159 160 150
3 155 157 160
3 156 158 157
3 164 381 385
3 161 163 164
3 164 162 161
3 162 164 165
3 163 379 381
3 381 164 163
3 159 165 167
3 149 154 156
3 156 166 149
3 167 155 159
3 166 156 155
3 155 167 166
3 385 165 164
3 165 385 386
3 387 166 167
3 166 387 370
3 167 386 387
3 386 167 165
3 165 159 162
3 108 168 169
3 169 109 108
3 168 171 172
3 172 169 168
3 109 169 170
3 170 110 109
3 180 116 110
3 110 170 180
3 173 170 169
3 169 172 173
3 170 173 196
3 196 180 170
3 217 178 175
3 221 202 178
3 601 172 171
3 171 600 601
3 604 173 172
3 618 196 173
3 172 601 604
3 173 604 618
3 176 174 175
3 175 177 176
3 606 176 177
3 177 608 606
3 177 175 178
3 178 179 177
3 202 204 179
3 179 178 202
3 608 177 179
3 179 612 608
3 612 179 204
3 204 630 612
3 116 180 181
3 181 117 116
3 117 181 182
3 197 181 180
3 182 122 117
3 122 182 183
3 183 186 122
3 198 182 181
3 186 183 184
3 199 183 182
3 200 184 183
3 202 221 185
3 203 185 194
3 185 203 202
3 124 187 188
3 184 187 186
3 191 188 187
3 222 194 185
3 125 188 190
3 190 126 125
3 189 223 126
3 126 190 189
3 223 189 194
3 187 184 191
3 193 190 188
3 188 191 193
3 190 193 192
3 201 191 184
3 195 194 189
3 194 195 203
3 192 189 190
3 189 192 195
3 180 196 197
3 181 197 198
3 196 618 619
3 619 197 196
3 197 619 622
3 182 198 199
3 183 199 200
3 184 200 201
3 622 198 197
3 198 622 623
3 623 199 198
3 624 200 199
3 625 201 200
3 199 623 624
3 200 624 625
3 201 625 638
3 204 202 203
3 205 203 195
3 203 205 204
3 630 204 205
3 632 205 206
3 205 632 630
3 206 195 192
3 207 193 191
3 191 201 207
3 208 192 193
3 193 207 208
3 192 208 206
3 195 206 205
3 636 206 208
3 206 636 632
3 638 207 201
3 637 208 207
3 207 638 637
3 208 637 636
3 209 211 212
3 134 212 211
3 212 210 209
3 213 209 210
3 174 213 214
3 210 214 213
3 220 218 215
3 217 215 218
3 210 212 216
3 137 216 212
3 216 215 210
3 215 216 220
3 215 217 214
3 214 210 215
3 175 214 217
3 218 221 217
3 178 217 221
3 211 133 134
3 214 175 174
3 221 218 219
3 150 219 218
3 219 150 160
3 185 219 222
3 218 220 150
3 219 185 221
3 194 222 223
3 160 222 219
3 225 224 232
3 224 225 229
3 238 225 234
3 230 226 227
3 229 227 224
3 227 229 230
3 231 228 226
3 226 230 231
3 228 231 244
3 237 229 225
3 236 230 229
3 253 231 230
3 234 232 233
3 232 234 225
3 233 235 234
3 240 234 235
3 229 237 236
3 230 236 253
3 225 238 237
3 256 237 238
3 278 238 240
3 238 278 256
3 235 239 240
3 234 240 238
3 276 240 239
3 240 276 278
3 239 277 276
3 244 241 228
3 245 242 241
3 241 244 245
3 242 245 246
3 246 243 242
3 243 246 248
3 254 244 231
3 231 253 254
3 255 245 244
3 244 254 255
3 245 255 259
3 259 246 245
3 246 259 251
3 248 247 243
3 247 248 250
3 250 249 247
3 251 248 246
3 248 251 252
3 252 250 248
3 258 236 237
3 257 253 236
3 262 255 254
3 261 254 253
3 237 256 258
3 236 258 257
3 253 257 261
3 282 257 258
3 254 261 262
3 255 262 260
3 260 259 255
3 259 260 263
3 283 261 257
3 295 262 261
3 261 283 295
3 262 295 296
3 296 260 262
3 263 251 259
3 251 263 297
3 297 252 251
3 235 233 264
3 265 264 266
3 264 265 235
3 239 235 265
3 266 267 265
3 267 266 344
3 344 346 267
3 265 268 239
3 268 265 267
3 267 269 268
3 289 268 269
3 277 239 268
3 268 289 277
3 269 290 289
3 269 267 346
3 346 350 269
3 290 269 350
3 350 402 290
3 271 270 249
3 249 250 271
3 274 273 270
3 270 271 274
3 272 271 250
3 250 252 272
3 271 272 275
3 275 274 271
3 304 275 272
3 273 274 354
3 354 353 273
3 274 275 357
3 357 354 274
3 301 272 252
3 252 297 301
3 281 256 278
3 280 258 256
3 256 281 280
3 279 278 276
3 278 279 281
3 258 280 282
3 257 282 283
3 309 280 281
3 311 282 280
3 310 281 279
3 281 310 309
3 284 279 285
3 279 284 310
3 276 285 279
3 285 276 277
3 277 286 285
3 287 285 286
3 285 287 284
3 286 288 287
3 286 277 289
3 291 289 290
3 292 290 402
3 289 291 286
3 288 286 291
3 290 292 291
3 293 291 292
3 294 292 405
3 402 405 292
3 291 293 288
3 292 294 293
3 405 408 294
3 260 296 298
3 312 296 295
3 299 297 263
3 298 263 260
3 263 298 299
3 317 298 296
3 300 299 298
3 298 317 300
3 424 357 275
3 302 301 297
3 272 301 304
3 305 304 301
3 301 302 305
3 297 299 302
3 303 302 299
3 299 300 303
3 338 303 300
3 306 305 302
3 302 303 306
3 340 306 303
3 275 304 424
3 304 305 426
3 426 424 304
3 305 306 428
3 428 426 305
3 442 428 306
3 306 340 442
3 307 283 282
3 308 295 283
3 282 311 307
3 295 308 312
3 283 307 308
3 296 312 317
3 280 309 311
3 316 311 309
3 318 309 310
3 315 308 307
3 308 315 313
3 313 312 308
3 312 313 326
3 314 307 311
3 307 314 315
3 311 316 314
3 309 318 316
3 331 316 318
3 326 317 312
3 317 326 327
3 327 300 317
3 319 310 284
3 320 284 287
3 284 320 319
3 310 319 318
3 330 318 319
3 332 319 320
3 333 320 321
3 321 287 288
3 287 321 320
3 288 322 321
3 334 321 322
3 313 325 328
3 323 315 314
3 324 314 316
3 316 331 324
3 315 323 325
3 314 324 323
3 325 313 315
3 748 324 331
3 749 323 324
3 323 749 750
3 324 748 749
3 750 325 323
3 325 750 754
3 328 326 313
3 326 328 329
3 329 327 326
3 754 328 325
3 328 754 756
3 756 329 328
3 318 330 331
3 319 332 330
3 320 333 332
3 760 331 330
3 761 330 332
3 762 332 333
3 331 760 748
3 330 761 760
3 332 762 761
3 763 333 334
3 333 763 762
3 321 334 333
3 322 335 334
3 768 334 335
3 334 768 763
3 335 769 768
3 300 327 338
3 303 338 340
3 322 288 293
3 293 336 322
3 336 293 294
3 294 337 336
3 335 322 336
3 336 342 335
3 342 336 337
3 337 343 342
3 337 294 408
3 408 439 337
3 343 337 439
3 439 448 343
3 339 338 327
3 327 329 339
3 338 339 341
3 341 340 338
3 788 339 329
3 329 756 788
3 791 341 339
3 339 788 791
3 340 341 444
3 444 442 340
3 341 791 886
3 886 444 341
3 769 335 342
3 794 342 343
3 342 794 769
3 343 796 794
3 796 343 448
3 448 895 796
3 346 344 345
3 345 347 346
3 347 345 348
3 349 348 362
3 348 349 347
3 362 364 349
3 350 346 347
3 347 351 350
3 402 350 351
3 351 403 402
3 351 347 349
3 349 352 351
3 352 349 364
3 364 374 352
3 403 351 352
3 352 404 403
3 404 352 374
3 374 411 404
3 353 354 356
3 356 355 353
3 354 357 358
3 358 356 354
3 360 359 355
3 355 356 360
3 380 379 359
3 359 360 380
3 356 358 361
3 361 360 356
3 383 380 360
3 360 361 383
3 430 361 358
3 433 383 361
3 364 362 363
3 365 363 366
3 363 365 364
3 374 364 365
3 375 365 367
3 367 366 368
3 366 367 365
3 371 368 369
3 368 371 367
3 369 372 371
3 372 369 370
3 373 370 387
3 370 373 372
3 376 367 371
3 377 371 372
3 378 372 373
3 365 375 374
3 411 374 375
3 412 375 376
3 375 412 411
3 367 376 375
3 371 377 376
3 372 378 377
3 395 377 378
3 415 376 377
3 376 415 412
3 377 395 415
3 379 380 382
3 382 381 379
3 381 382 388
3 380 383 384
3 384 382 380
3 382 384 398
3 388 385 381
3 385 388 390
3 389 387 386
3 387 389 373
3 386 390 389
3 390 386 385
3 388 398 393
3 394 389 390
3 392 373 389
3 389 394 392
3 393 390 388
3 390 393 394
3 398 388 382
3 383 433 391
3 391 384 383
3 384 391 399
3 373 392 378
3 397 378 392
3 396 392 394
3 401 394 393
3 394 401 396
3 378 397 395
3 392 396 397
3 418 397 396
3 399 398 384
3 398 399 400
3 400 393 398
3 393 400 401
3 437 399 391
3 420 401 400
3 419 396 401
3 438 400 399
3 401 420 419
3 400 438 420
3 405 402 403
3 406 403 404
3 407 404 411
3 408 405 406
3 403 406 405
3 404 407 406
3 409 406 407
3 411 413 407
3 410 407 413
3 406 409 408
3 407 410 409
3 413 422 410
3 413 411 412
3 414 412 415
3 412 414 413
3 422 413 414
3 414 423 422
3 423 414 416
3 416 415 395
3 415 416 414
3 417 395 397
3 395 417 416
3 397 418 417
3 396 419 418
3 456 419 420
3 454 418 419
3 421 416 417
3 416 421 423
3 455 417 418
3 418 454 455
3 417 455 421
3 425 358 357
3 357 424 425
3 424 426 427
3 427 425 424
3 426 428 429
3 429 427 426
3 443 429 428
3 358 425 430
3 431 430 425
3 425 427 431
3 361 430 433
3 434 433 430
3 430 431 434
3 436 434 431
3 432 431 427
3 427 429 432
3 446 432 429
3 431 432 436
3 428 442 443
3 435 391 433
3 433 434 435
3 391 435 437
3 451 435 434
3 435 451 457
3 434 436 451
3 399 437 438
3 457 437 435
3 467 436 432
3 432 446 467
3 439 408 409
3 409 440 439
3 448 439 440
3 440 449 448
3 440 409 410
3 441 410 422
3 422 463 441
3 410 441 440
3 449 440 441
3 441 450 449
3 450 441 463
3 442 444 445
3 445 443 442
3 444 886 888
3 888 445 444
3 429 443 446
3 443 445 447
3 447 446 443
3 469 467 446
3 446 447 469
3 892 447 445
3 445 888 892
3 904 469 447
3 447 892 904
3 895 448 449
3 449 896 895
3 896 449 450
3 463 474 450
3 899 450 474
3 450 899 896
3 474 916 899
3 436 467 468
3 468 451 436
3 451 468 458
3 437 457 452
3 452 438 437
3 453 420 438
3 420 453 456
3 438 452 453
3 419 456 454
3 461 456 453
3 465 455 454
3 466 454 456
3 458 457 451
3 457 458 459
3 459 452 457
3 460 453 452
3 453 460 461
3 456 461 466
3 454 466 465
3 452 459 460
3 463 422 423
3 462 423 421
3 423 462 463
3 475 462 464
3 474 463 462
3 464 421 455
3 421 464 462
3 455 465 464
3 479 464 465
3 476 466 461
3 478 465 466
3 467 469 470
3 470 468 467
3 468 470 471
3 469 904 906
3 906 470 469
3 470 906 910
3 471 458 468
3 458 471 472
3 472 459 458
3 473 460 459
3 477 461 460
3 460 473 477
3 459 472 473
3 910 471 470
3 471 910 911
3 911 472 471
3 912 473 472
3 472 911 912
3 473 912 920
3 462 475 474
3 916 474 475
3 917 475 479
3 475 917 916
3 461 477 476
3 466 476 478
3 465 478 479
3 464 479 475
3 920 477 473
3 922 476 477
3 921 478 476
3 477 920 922
3 478 921 923
3 476 922 921
3 923 479 478
3 479 923 917
3 484 480 482
3 480 484 490
3 485 482 481
3 487 481 483
3 486 483 492
3 481 487 485
3 482 485 484
3 483 486 487
3 505 485 487
3 504 487 486
3 506 484 485
3 490 488 480
3 488 490 491
3 491 489 488
3 508 490 484
3 507 491 490
3 495 492 493
3 496 493 494
3 493 496 495
3 492 495 486
3 497 494 498
3 494 497 496
3 510 495 496
3 511 496 497
3 509 486 495
3 495 510 509
3 496 511 510
3 497 512 511
3 512 497 499
3 499 498 500
3 498 499 497
3 500 501 499
3 502 499 501
3 499 502 512
3 501 503 502
3 485 505 506
3 487 504 505
3 515 505 504
3 484 506 508
3 505 515 546
3 546 506 505
3 506 546 544
3 490 508 507
3 544 508 506
3 508 544 545
3 545 507 508
3 486 509 504
3 516 504 509
3 514 509 510
3 517 510 511
3 510 517 514
3 518 511 512
3 511 518 517
3 513 512 502
3 512 513 518
3 504 516 515
3 509 514 516
3 549 516 514
3 547 517 518
3 532 518 513
3 548 514 517
3 518 532 547
3 517 547 548
3 533 513 519
3 519 502 503
3 502 519 513
3 503 534 519
3 521 520 489
3 523 522 520
3 489 491 521
3 520 521 523
3 602 600 522
3 522 523 602
3 501 500 524
3 524 525 501
3 525 524 527
3 527 528 525
3 503 501 525
3 525 526 503
3 526 525 528
3 528 529 526
3 528 527 606
3 606 607 528
3 529 528 607
3 607 610 529
3 530 521 491
3 491 507 530
3 531 523 521
3 521 530 531
3 558 531 530
3 557 530 507
3 507 545 557
3 530 557 558
3 523 531 615
3 615 602 523
3 673 615 531
3 531 558 673
3 534 503 526
3 538 526 529
3 513 533 532
3 565 533 535
3 535 519 534
3 519 535 533
3 535 573 565
3 573 535 536
3 534 536 535
3 536 537 573
3 541 529 610
3 526 538 534
3 536 534 538
3 529 541 538
3 539 538 541
3 541 542 539
3 538 539 536
3 537 536 539
3 539 540 537
3 540 539 542
3 542 543 540
3 592 540 543
3 542 541 658
3 610 658 541
3 658 660 542
3 543 542 660
3 594 543 662
3 660 662 543
3 662 695 594
3 554 545 544
3 550 515 516
3 515 550 551
3 551 546 515
3 546 551 553
3 514 548 549
3 516 549 550
3 568 548 547
3 567 549 548
3 569 550 549
3 549 567 569
3 550 569 552
3 552 551 550
3 551 552 555
3 553 544 546
3 544 553 554
3 556 554 553
3 555 553 551
3 553 555 556
3 559 557 545
3 560 558 557
3 676 673 558
3 545 554 559
3 561 559 554
3 557 559 560
3 562 560 559
3 558 560 676
3 679 676 560
3 554 556 561
3 559 561 562
3 560 562 679
3 563 547 532
3 564 532 533
3 532 564 563
3 547 563 568
3 533 565 564
3 570 563 564
3 571 564 565
3 566 565 573
3 565 566 571
3 548 568 567
3 572 568 563
3 581 567 568
3 582 569 567
3 563 570 572
3 564 571 570
3 568 572 581
3 567 581 582
3 577 573 537
3 573 577 566
3 537 578 577
3 576 566 577
3 575 570 571
3 574 571 566
3 571 574 575
3 586 572 570
3 570 575 586
3 566 576 574
3 801 574 576
3 800 575 574
3 574 801 800
3 575 800 823
3 802 576 579
3 576 802 801
3 579 577 578
3 577 579 576
3 578 580 579
3 806 579 580
3 580 808 806
3 579 806 802
3 569 582 583
3 583 552 569
3 552 583 584
3 587 581 572
3 588 582 581
3 589 583 582
3 584 555 552
3 555 584 585
3 585 556 555
3 590 584 583
3 591 585 584
3 572 586 587
3 581 587 588
3 582 588 589
3 823 586 575
3 824 587 586
3 586 823 824
3 825 588 587
3 587 824 825
3 588 825 829
3 583 589 590
3 829 589 588
3 589 829 831
3 584 590 591
3 831 590 589
3 590 831 832
3 832 591 590
3 578 537 540
3 540 592 578
3 580 578 592
3 592 593 580
3 543 594 592
3 593 592 594
3 594 595 593
3 808 580 593
3 593 841 808
3 841 593 595
3 595 843 841
3 595 594 695
3 695 697 595
3 843 595 697
3 697 944 843
3 596 561 556
3 556 585 596
3 597 562 561
3 561 596 597
3 598 596 585
3 599 597 596
3 596 598 599
3 701 679 562
3 562 597 701
3 597 599 704
3 704 701 597
3 585 591 598
3 846 598 591
3 848 599 598
3 591 832 846
3 598 846 848
3 953 704 599
3 599 848 953
3 603 601 600
3 600 602 603
3 605 604 601
3 620 618 604
3 601 603 605
3 604 605 620
3 642 620 605
3 607 606 608
3 608 609 607
3 610 607 609
3 609 611 610
3 609 608 612
3 612 613 609
3 613 612 630
3 630 631 613
3 611 609 613
3 613 614 611
3 659 611 614
3 614 613 631
3 631 634 614
3 602 615 616
3 616 603 602
3 674 616 615
3 615 673 674
3 617 605 603
3 603 616 617
3 605 617 642
3 675 617 616
3 616 674 675
3 682 642 617
3 617 675 682
3 664 614 634
3 634 667 664
3 618 620 621
3 621 619 618
3 619 621 626
3 643 621 620
3 626 622 619
3 622 626 627
3 627 623 622
3 629 624 623
3 628 625 624
3 623 627 629
3 624 629 628
3 625 628 640
3 644 626 621
3 645 627 626
3 646 629 627
3 648 628 629
3 633 632 636
3 631 630 632
3 632 633 631
3 634 631 633
3 635 633 639
3 633 635 634
3 639 636 637
3 636 639 633
3 640 638 625
3 641 637 638
3 638 640 641
3 637 641 639
3 651 639 641
3 649 641 640
3 650 640 628
3 628 648 650
3 641 649 651
3 640 650 649
3 639 651 635
3 620 642 643
3 621 643 644
3 642 682 683
3 683 643 642
3 643 683 686
3 626 644 645
3 627 645 646
3 629 646 648
3 686 644 643
3 644 686 654
3 654 645 644
3 667 634 635
3 647 635 651
3 635 647 667
3 656 649 650
3 655 646 645
3 653 648 646
3 657 650 648
3 652 651 649
3 651 652 647
3 649 656 652
3 650 657 656
3 646 655 653
3 645 654 655
3 648 653 657
3 688 653 655
3 671 652 656
3 672 656 657
3 687 657 653
3 656 672 671
3 657 687 672
3 658 610 611
3 660 658 659
3 611 659 658
3 659 661 660
3 662 660 661
3 695 662 663
3 661 663 662
3 614 664 659
3 661 659 664
3 664 665 661
3 665 664 667
3 667 668 665
3 666 665 668
3 663 661 665
3 665 666 663
3 696 663 666
3 668 670 666
3 699 666 670
3 663 696 695
3 668 667 647
3 670 668 669
3 647 669 668
3 669 647 652
3 707 669 671
3 669 707 670
3 652 671 669
3 710 671 672
3 677 674 673
3 678 675 674
3 684 682 675
3 673 676 677
3 680 677 676
3 674 677 678
3 681 678 677
3 675 678 684
3 693 684 678
3 676 679 680
3 677 680 681
3 678 681 693
3 685 683 682
3 683 685 691
3 682 684 685
3 694 685 684
3 685 694 692
3 691 686 683
3 686 691 689
3 689 654 686
3 690 655 654
3 654 689 690
3 655 690 688
3 653 688 687
3 713 688 690
3 712 690 689
3 692 691 685
3 691 692 714
3 714 689 691
3 689 714 712
3 684 693 694
3 666 699 696
3 670 718 699
3 697 695 696
3 696 698 697
3 944 697 698
3 698 946 944
3 698 696 699
3 699 700 698
3 700 699 718
3 718 720 700
3 946 698 700
3 700 951 946
3 951 700 720
3 720 962 951
3 702 680 679
3 679 701 702
3 701 704 705
3 705 702 701
3 703 681 680
3 726 693 681
3 681 703 726
3 680 702 703
3 706 703 702
3 702 705 706
3 730 726 703
3 703 706 730
3 954 705 704
3 704 953 954
3 957 706 705
3 985 730 706
3 705 954 957
3 706 957 985
3 718 670 707
3 719 707 710
3 707 719 718
3 671 710 707
3 708 672 687
3 709 687 688
3 672 708 710
3 688 713 709
3 687 709 708
3 711 710 708
3 710 711 719
3 715 708 709
3 708 715 711
3 690 712 713
3 717 713 712
3 729 712 714
3 716 709 713
3 709 716 715
3 713 717 716
3 712 729 717
3 732 717 729
3 720 718 719
3 721 719 711
3 719 721 720
3 962 720 721
3 964 721 722
3 721 964 962
3 711 722 721
3 722 711 715
3 723 715 716
3 715 723 722
3 724 716 717
3 717 732 724
3 716 724 723
3 968 722 723
3 722 968 964
3 723 969 968
3 969 723 724
3 970 724 732
3 724 970 969
3 693 726 725
3 725 694 693
3 694 725 727
3 731 725 726
3 727 692 694
3 692 727 728
3 728 714 692
3 735 727 725
3 714 728 729
3 733 729 728
3 734 728 727
3 726 730 731
3 725 731 735
3 730 985 986
3 986 731 730
3 731 986 995
3 727 735 734
3 729 733 732
3 728 734 733
3 989 732 733
3 732 989 970
3 733 991 989
3 990 734 735
3 991 733 734
3 734 990 991
3 995 735 731
3 735 995 990
3 773 737 740
3 812 737 736
3 741 738 782
3 740 822 739
3 740 782 773
3 782 740 741
3 822 740 737
3 739 741 740
3 871 890 793
3 746 845 948
3 744 742 738
3 790 742 745
3 742 744 747
3 747 745 742
3 842 743 739
3 741 739 743
3 746 747 744
3 845 746 743
3 744 743 746
3 743 744 741
3 738 741 744
3 793 745 871
3 745 747 875
3 875 871 745
3 747 746 873
3 873 875 747
3 948 873 746
3 751 749 748
3 752 748 760
3 749 751 753
3 748 752 751
3 753 750 749
3 750 753 755
3 753 772 758
3 775 751 752
3 752 774 775
3 751 775 772
3 774 752 764
3 764 776 774
3 772 753 751
3 754 755 757
3 757 756 754
3 755 754 750
3 758 755 753
3 755 758 759
3 759 757 755
3 764 760 761
3 765 761 762
3 766 762 763
3 760 764 752
3 761 765 764
3 762 766 765
3 767 763 768
3 763 767 766
3 776 764 765
3 783 765 766
3 784 766 767
3 785 767 770
3 770 768 769
3 768 770 767
3 769 771 770
3 786 770 771
3 774 777 778
3 775 778 773
3 773 772 775
3 772 773 782
3 778 775 774
3 777 774 776
3 779 776 783
3 780 783 784
3 736 778 777
3 777 852 736
3 778 736 737
3 852 777 779
3 737 773 778
3 776 779 777
3 783 780 779
3 784 781 780
3 853 779 780
3 758 782 738
3 782 758 772
3 738 759 758
3 765 783 776
3 766 784 783
3 767 785 784
3 781 784 785
3 856 785 786
3 785 856 781
3 770 786 785
3 771 787 786
3 861 786 787
3 786 861 856
3 787 862 861
3 789 788 756
3 756 757 789
3 792 791 788
3 788 789 792
3 790 789 757
3 757 759 790
3 789 790 793
3 793 792 789
3 745 793 790
3 791 792 887
3 887 886 791
3 792 793 890
3 890 887 792
3 771 769 794
3 795 794 796
3 794 795 771
3 787 771 795
3 796 797 795
3 797 796 895
3 895 897 797
3 742 790 759
3 759 738 742
3 795 798 787
3 798 795 797
3 797 799 798
3 862 787 798
3 798 867 862
3 799 868 867
3 867 798 799
3 799 797 897
3 897 901 799
3 901 1005 868
3 868 799 901
3 813 805 807
3 803 801 802
3 804 800 801
3 801 803 804
3 800 804 826
3 805 802 806
3 802 805 803
3 817 803 805
3 803 817 816
3 816 804 803
3 804 816 818
3 818 826 804
3 805 813 817
3 807 806 808
3 806 807 805
3 808 809 807
3 810 807 809
3 807 810 813
3 809 811 810
3 815 817 813
3 817 815 814
3 812 813 810
3 813 812 815
3 736 815 812
3 815 736 852
3 814 852 853
3 852 814 815
3 853 819 814
3 737 812 822
3 814 816 817
3 816 814 819
3 819 818 816
3 826 818 835
3 820 835 818
3 818 819 820
3 854 820 819
3 835 820 821
3 822 810 811
3 810 822 812
3 811 739 822
3 826 823 800
3 827 824 823
3 823 826 827
3 828 825 824
3 824 827 828
3 825 828 830
3 835 827 826
3 836 828 827
3 837 830 828
3 830 829 825
3 829 830 833
3 833 831 829
3 831 833 834
3 834 832 831
3 838 833 830
3 839 834 833
3 827 835 836
3 821 836 835
3 828 836 837
3 830 837 838
3 836 821 857
3 857 837 836
3 837 857 863
3 863 838 837
3 838 863 864
3 864 839 838
3 833 838 839
3 809 808 841
3 841 840 809
3 843 844 840
3 840 841 843
3 840 842 811
3 811 809 840
3 842 840 844
3 844 845 842
3 844 843 944
3 944 945 844
3 845 844 945
3 945 948 845
3 739 811 842
3 743 842 845
3 847 846 832
3 849 848 846
3 832 834 847
3 846 847 849
3 955 953 848
3 848 849 955
3 869 850 839
3 839 864 869
3 850 869 870
3 834 839 850
3 850 847 834
3 847 850 851
3 851 849 847
3 870 851 850
3 851 870 1008
3 849 851 959
3 959 955 849
3 1008 959 851
3 779 853 852
3 780 854 853
3 819 853 854
3 820 854 855
3 854 780 781
3 781 855 854
3 855 781 856
3 858 856 861
3 856 858 855
3 855 821 820
3 821 855 858
3 857 858 859
3 858 857 821
3 861 859 858
3 859 861 862
3 859 863 857
3 863 859 860
3 862 860 859
3 860 864 863
3 867 865 860
3 864 860 865
3 868 866 865
3 869 865 866
3 870 866 1002
3 1005 1002 866
3 860 862 867
3 865 867 868
3 866 868 1005
3 865 869 864
3 866 870 869
3 1002 1008 870
3 872 891 890
3 873 948 949
3 890 871 872
3 871 875 876
3 876 872 871
3 875 873 874
3 874 876 875
3 949 874 873
3 891 872 877
3 872 876 879
3 879 877 872
3 894 877 880
3 882 880 877
3 878 879 876
3 952 878 874
3 876 874 878
3 879 878 881
3 877 879 882
3 881 882 879
3 883 928 880
3 882 881 974
3 880 882 883
3 928 883 884
3 974 883 882
3 883 974 975
3 975 884 883
3 930 884 885
3 886 887 889
3 889 888 886
3 887 890 891
3 891 889 887
3 893 892 888
3 888 889 893
3 905 904 892
3 892 893 905
3 889 891 894
3 894 893 889
3 893 894 908
3 908 905 893
3 897 895 896
3 896 898 897
3 898 896 899
3 900 899 916
3 899 900 898
3 916 918 900
3 877 894 891
3 880 908 894
3 901 897 898
3 898 902 901
3 902 1006 1005
3 1005 901 902
3 902 898 900
3 900 903 902
3 918 940 903
3 903 900 918
3 903 1007 1006
3 1007 903 940
3 940 1020 1007
3 1006 902 903
3 904 905 907
3 907 906 904
3 906 907 913
3 905 908 909
3 909 907 905
3 907 909 929
3 913 910 906
3 910 913 914
3 914 911 910
3 915 912 911
3 911 914 915
3 912 915 924
3 929 913 907
3 913 929 931
3 931 914 913
3 932 915 914
3 914 931 932
3 933 924 915
3 915 932 933
3 918 916 917
3 919 917 923
3 917 919 918
3 940 918 919
3 939 919 927
3 924 920 912
3 925 922 920
3 926 921 922
3 920 924 925
3 921 926 927
3 922 925 926
3 927 923 921
3 923 927 919
3 941 927 926
3 943 925 924
3 942 926 925
3 908 880 928
3 928 909 908
3 909 928 930
3 930 929 909
3 929 930 934
3 934 931 929
3 931 934 935
3 924 933 943
3 935 932 931
3 936 933 932
3 932 935 936
3 937 943 933
3 884 930 928
3 885 934 930
3 1013 935 934
3 934 885 1013
3 935 1013 1014
3 1014 936 935
3 933 936 937
3 943 937 938
3 1016 937 936
3 919 939 940
3 1020 940 939
3 1021 939 941
3 939 1021 1020
3 927 941 939
3 925 943 942
3 926 942 941
3 938 942 943
3 1017 941 942
3 941 1017 1021
3 942 938 1017
3 945 944 946
3 946 947 945
3 948 945 947
3 947 949 948
3 947 946 951
3 951 950 947
3 950 951 962
3 962 963 950
3 949 947 950
3 950 952 949
3 874 949 952
3 952 950 963
3 963 966 952
3 878 952 966
3 966 881 878
3 956 954 953
3 953 955 956
3 958 957 954
3 987 985 957
3 954 956 958
3 998 987 958
3 957 958 987
3 959 1008 1009
3 955 959 960
3 960 956 955
3 1009 960 959
3 960 1009 1010
3 1022 998 961
3 961 1010 1022
3 956 960 961
3 961 958 956
3 958 961 998
3 1010 961 960
3 963 962 964
3 964 965 963
3 966 963 965
3 967 965 971
3 965 967 966
3 965 964 968
3 971 976 967
3 971 968 969
3 968 971 965
3 969 972 971
3 972 969 970
3 973 970 989
3 970 973 972
3 976 971 972
3 979 972 973
3 972 979 976
3 973 980 979
3 980 973 992
3 992 981 980
3 881 966 967
3 967 974 881
3 974 967 976
3 976 975 974
3 975 976 979
3 979 977 975
3 980 978 977
3 884 975 977
3 885 977 978
3 977 885 884
3 978 1013 885
3 1013 978 982
3 977 979 980
3 978 980 981
3 982 981 1001
3 983 1001 1000
3 981 982 978
3 1014 982 983
3 1001 983 982
3 1000 984 983
3 985 987 988
3 986 988 996
3 988 986 985
3 997 988 987
3 992 989 991
3 989 992 973
3 991 993 992
3 994 990 995
3 993 991 990
3 990 994 993
3 981 992 993
3 1001 993 994
3 1000 994 996
3 996 995 986
3 995 996 994
3 999 996 988
3 988 997 999
3 998 1022 1023
3 997 1023 1018
3 1023 997 998
3 987 998 997
3 996 999 1000
3 993 1001 981
3 994 1000 1001
3 999 1018 984
3 1018 999 997
3 984 1000 999
3 1008 1002 1003
3 1006 1003 1002
3 1007 1004 1003
3 1009 1003 1004
3 1020 1011 1004
3 1010 1004 1011
3 1002 1005 1006
3 1003 1006 1007
3 1004 1007 1020
3 1003 1009 1008
3 1004 1010 1009
3 1011 1022 1010
3 1012 1021 1017
3 1021 1012 1011
3 1012 1023 1022
3 1023 1012 1019
3 1022 1011 1012
3 936 1014 1016
3 937 1016 1015
3 982 1014 1013
3 983 1016 1014
3 1019 1017 938
3 1017 1019 1012
3 1015 938 937
3 938 1015 1019
3 1018 1019 1015
3 1019 1018 1023
3 984 1015 1016
3 1016 983 984
3 1015 984 1018
3 1011 1020 1021

