E0432	✏️s/🔌️plugins/🗄️stdio/📦️packages/🦀️rust/././././././../../🗿️artifacts/📷️png/🏅️standards/🔖️1.2/🪆️subsets/✳️any/✏️editor/🎭️modes/✏️edit/🪟️windows/🪟️main/🦀️component.rs	8	unresolved import `semio_framework_plugin::BuiltNode` | consider importing this struct instead: semio_framework_ui_contract::BuiltNode
E0432	✏️s/🔌️plugins/🗄️stdio/📦️packages/🦀️rust/././././././../../🗿️artifacts/📷️jpg/🏅️standards/🔖️jfif-1.01/🪆️subsets/✳️any/✏️editor/🎭️modes/✏️edit/🪟️windows/🪟️main/🦀️component.rs	8	unresolved import `semio_framework_plugin::BuiltNode` | consider importing this struct instead: semio_framework_ui_contract::BuiltNode
E0432	✏️s/🔌️plugins/🗄️stdio/📦️packages/🦀️rust/././././././../../🗿️artifacts/📷️jpg/🏅️standards/🔖️jfif-1.01/🪆️subsets/✳️baseline/✏️editor/🎭️modes/✏️edit/🪟️windows/🪟️main/🦀️component.rs	8	unresolved import `semio_framework_plugin::BuiltNode` | consider importing this struct instead: semio_framework_ui_contract::BuiltNode
E0432	✏️s/🔌️plugins/🗄️stdio/📦️packages/🦀️rust/././././././../../🗿️artifacts/🖼️bmp/🏅️standards/🔖️v3/🪆️subsets/✳️any/✏️editor/🎭️modes/✏️edit/🪟️windows/🪟️main/🦀️component.rs	8	unresolved import `semio_framework_plugin::BuiltNode` | consider importing this struct instead: semio_framework_ui_contract::BuiltNode
E0432	✏️s/🔌️plugins/🗄️stdio/📦️packages/🦀️rust/././././././../../🗿️artifacts/🖼️tiff/🏅️standards/🔖️6.0/🪆️subsets/✳️any/✏️editor/🎭️modes/✏️edit/🪟️windows/🪟️main/🦀️component.rs	8	unresolved import `semio_framework_plugin::BuiltNode` | consider importing this struct instead: semio_framework_ui_contract::BuiltNode
E0432	✏️s/🔌️plugins/🗄️stdio/📦️packages/🦀️rust/././././././../../🗿️artifacts/🖼️tiff/🏅️standards/🔖️6.0/🪆️subsets/✳️baseline/✏️editor/🎭️modes/✏️edit/🪟️windows/🪟️main/🦀️component.rs	8	unresolved import `semio_framework_plugin::BuiltNode` | consider importing this struct instead: semio_framework_ui_contract::BuiltNode
E0432	✏️s/🔌️plugins/🗄️stdio/📦️packages/🦀️rust/././././././../../🗿️artifacts/🎞️gif/🏅️standards/🔖️87a/🪆️subsets/✳️any/✏️editor/🎭️modes/✏️edit/🪟️windows/🪟️main/🦀️component.rs	8	unresolved import `semio_framework_plugin::BuiltNode` | consider importing this struct instead: semio_framework_ui_contract::BuiltNode
E0432	✏️s/🔌️plugins/🗄️stdio/📦️packages/🦀️rust/././././././../../🗿️artifacts/🎞️gif/🏅️standards/🔖️89a/🪆️subsets/✳️any/✏️editor/🎭️modes/✏️edit/🪟️windows/🪟️main/🦀️component.rs	8	unresolved import `semio_framework_plugin::BuiltNode` | consider importing this struct instead: semio_framework_ui_contract::BuiltNode
E0432	✏️s/🔌️plugins/🗄️stdio/📦️packages/🦀️rust/././././././../../🗿️artifacts/🎨️svg/🏅️standards/🔖️1.1/🪆️subsets/✳️any/✏️editor/🎭️modes/✏️edit/🪟️windows/🪟️main/🦀️component.rs	8	unresolved import `semio_framework_plugin::BuiltNode` | consider importing this struct instead: semio_framework_ui_contract::BuiltNode
E0432	✏️s/🔌️plugins/🗄️stdio/📦️packages/🦀️rust/././././././../../🗿️artifacts/🎨️svg/🏅️standards/🔖️1.1/🪆️subsets/✳️basic/✏️editor/🎭️modes/✏️edit/🪟️windows/🪟️main/🦀️component.rs	8	unresolved import `semio_framework_plugin::BuiltNode` | consider importing this struct instead: semio_framework_ui_contract::BuiltNode
E0432	✏️s/🔌️plugins/🗄️stdio/📦️packages/🦀️rust/././././././../../🗿️artifacts/🎨️svg/🏅️standards/🔖️1.1/🪆️subsets/✳️tiny/✏️editor/🎭️modes/✏️edit/🪟️windows/🪟️main/🦀️component.rs	8	unresolved import `semio_framework_plugin::BuiltNode` | consider importing this struct instead: semio_framework_ui_contract::BuiltNode
E0432	✏️s/🔌️plugins/🗄️stdio/📦️packages/🦀️rust/././././././../../🗿️artifacts/🎥️mp4/🏅️standards/🔖️isobmff/🪆️subsets/✳️any/✏️editor/🎭️modes/✏️edit/🪟️windows/🪟️main/🦀️component.rs	6	unresolved import `semio_framework_plugin::BuiltNode` | consider importing this struct instead: semio_framework_ui_contract::BuiltNode
E0432	✏️s/🔌️plugins/🗄️stdio/📦️packages/🦀️rust/././././././../../🗿️artifacts/🎵️mp3/🏅️standards/🔖️mpeg1-layer3/🪆️subsets/✳️any/✏️editor/🎭️modes/✏️edit/🪟️windows/🪟️main/🦀️component.rs	6	unresolved import `semio_framework_plugin::BuiltNode` | consider importing this struct instead: semio_framework_ui_contract::BuiltNode
E0432	✏️s/🔌️plugins/🗄️stdio/📦️packages/🦀️rust/././././././../../🗿️artifacts/🔊️wav/🏅️standards/🔖️riff-pcm/🪆️subsets/✳️any/✏️editor/🎭️modes/✏️edit/🪟️windows/🪟️main/🦀️component.rs	6	unresolved import `semio_framework_plugin::BuiltNode` | consider importing this struct instead: semio_framework_ui_contract::BuiltNode
E0432	✏️s/🔌️plugins/🗄️stdio/📦️packages/🦀️rust/././././././../../🗿️artifacts/📼️avi/🏅️standards/🔖️1.0/🪆️subsets/✳️any/✏️editor/🎭️modes/✏️edit/🪟️windows/🪟️main/🦀️component.rs	6	unresolved import `semio_framework_plugin::BuiltNode` | consider importing this struct instead: semio_framework_ui_contract::BuiltNode
E0432	✏️s/🔌️plugins/🗄️stdio/📦️packages/🦀️rust/././././././../../🗿️artifacts/🌐️html/🏅️standards/🔖️5/🪆️subsets/✳️any/✏️editor/🎭️modes/✏️edit/🪟️windows/🪟️main/🦀️component.rs	6	unresolved import `semio_framework_plugin::BuiltNode` | consider importing this struct instead: semio_framework_ui_contract::BuiltNode
E0432	✏️s/🔌️plugins/🗄️stdio/📦️packages/🦀️rust/././././././../../🗿️artifacts/📝️md/🏅️standards/🔖️commonmark/🪆️subsets/✳️any/✏️editor/🎭️modes/✏️edit/🪟️windows/🪟️main/🦀️component.rs	6	unresolved import `semio_framework_plugin::BuiltNode` | consider importing this struct instead: semio_framework_ui_contract::BuiltNode
E0432	✏️s/🔌️plugins/🗄️stdio/📦️packages/🦀️rust/././././././../../🗿️artifacts/🧿️semio/🏅️standards/🔖️v1/🪆️subsets/✳️animation/✏️editor/🎭️modes/✏️edit/🪟️windows/🪟️main/🦀️component.rs	8	unresolved import `semio_framework_plugin::BuiltNode` | consider importing this struct instead: semio_framework_ui_contract::BuiltNode
E0432	✏️s/🔌️plugins/🗄️stdio/📦️packages/🦀️rust/././././././../../🗿️artifacts/🧿️semio/🏅️standards/🔖️v1/🪆️subsets/✳️any/✏️editor/🎭️modes/✏️edit/🪟️windows/🪟️main/🦀️component.rs	8	unresolved import `semio_framework_plugin::BuiltNode` | consider importing this struct instead: semio_framework_ui_contract::BuiltNode
E0432	✏️s/🔌️plugins/🗄️stdio/📦️packages/🦀️rust/././././././../../🗿️artifacts/🧿️semio/🏅️standards/🔖️v1/🪆️subsets/✳️audio/✏️editor/🎭️modes/✏️edit/🪟️windows/🪟️main/🦀️component.rs	8	unresolved import `semio_framework_plugin::BuiltNode` | consider importing this struct instead: semio_framework_ui_contract::BuiltNode
E0432	✏️s/🔌️plugins/🗄️stdio/📦️packages/🦀️rust/././././././../../🗿️artifacts/🧿️semio/🏅️standards/🔖️v1/🪆️subsets/✳️brep/✏️editor/🎭️modes/✏️edit/🪟️windows/🪟️main/🦀️component.rs	8	unresolved import `semio_framework_plugin::BuiltNode` | consider importing this struct instead: semio_framework_ui_contract::BuiltNode
E0432	✏️s/🔌️plugins/🗄️stdio/📦️packages/🦀️rust/././././././../../🗿️artifacts/🧿️semio/🏅️standards/🔖️v1/🪆️subsets/✳️cad/✏️editor/🎭️modes/✏️edit/🪟️windows/🪟️main/🦀️component.rs	8	unresolved import `semio_framework_plugin::BuiltNode` | consider importing this struct instead: semio_framework_ui_contract::BuiltNode
E0432	✏️s/🔌️plugins/🗄️stdio/📦️packages/🦀️rust/././././././../../🗿️artifacts/🧿️semio/🏅️standards/🔖️v1/🪆️subsets/✳️document/✏️editor/🎭️modes/✏️edit/🪟️windows/🪟️main/🦀️component.rs	8	unresolved import `semio_framework_plugin::BuiltNode` | consider importing this struct instead: semio_framework_ui_contract::BuiltNode
E0432	✏️s/🔌️plugins/🗄️stdio/📦️packages/🦀️rust/././././././../../🗿️artifacts/🧿️semio/🏅️standards/🔖️v1/🪆️subsets/✳️drawing/✏️editor/🎭️modes/✏️edit/🪟️windows/🪟️main/🦀️component.rs	8	unresolved import `semio_framework_plugin::BuiltNode` | consider importing this struct instead: semio_framework_ui_contract::BuiltNode
E0432	✏️s/🔌️plugins/🗄️stdio/📦️packages/🦀️rust/././././././../../🗿️artifacts/🧿️semio/🏅️standards/🔖️v1/🪆️subsets/✳️flow/✏️editor/🎭️modes/✏️edit/🪟️windows/🪟️main/🦀️component.rs	8	unresolved import `semio_framework_plugin::BuiltNode` | consider importing this struct instead: semio_framework_ui_contract::BuiltNode
E0432	✏️s/🔌️plugins/🗄️stdio/📦️packages/🦀️rust/././././././../../🗿️artifacts/🧿️semio/🏅️standards/🔖️v1/🪆️subsets/✳️graph/✏️editor/🎭️modes/✏️edit/🪟️windows/🪟️main/🦀️component.rs	8	unresolved import `semio_framework_plugin::BuiltNode` | consider importing this struct instead: semio_framework_ui_contract::BuiltNode
E0432	✏️s/🔌️plugins/🗄️stdio/📦️packages/🦀️rust/././././././../../🗿️artifacts/🧿️semio/🏅️standards/🔖️v1/🪆️subsets/✳️image/✏️editor/🎭️modes/✏️edit/🪟️windows/🪟️main/🦀️component.rs	8	unresolved import `semio_framework_plugin::BuiltNode` | consider importing this struct instead: semio_framework_ui_contract::BuiltNode
E0432	✏️s/🔌️plugins/🗄️stdio/📦️packages/🦀️rust/././././././../../🗿️artifacts/🧿️semio/🏅️standards/🔖️v1/🪆️subsets/✳️kit/✏️editor/🎭️modes/✏️edit/🪟️windows/🪟️main/🦀️component.rs	8	unresolved import `semio_framework_plugin::BuiltNode` | consider importing this struct instead: semio_framework_ui_contract::BuiltNode
E0432	✏️s/🔌️plugins/🗄️stdio/📦️packages/🦀️rust/././././././../../🗿️artifacts/🧿️semio/🏅️standards/🔖️v1/🪆️subsets/✳️mesh/✏️editor/🎭️modes/✏️edit/🪟️windows/🪟️main/🦀️component.rs	8	unresolved import `semio_framework_plugin::BuiltNode` | consider importing this struct instead: semio_framework_ui_contract::BuiltNode
E0432	✏️s/🔌️plugins/🗄️stdio/📦️packages/🦀️rust/././././././../../🗿️artifacts/🧿️semio/🏅️standards/🔖️v1/🪆️subsets/✳️model/✏️editor/🎭️modes/✏️edit/🪟️windows/🪟️main/🦀️component.rs	8	unresolved import `semio_framework_plugin::BuiltNode` | consider importing this struct instead: semio_framework_ui_contract::BuiltNode
E0432	✏️s/🔌️plugins/🗄️stdio/📦️packages/🦀️rust/././././././../../🗿️artifacts/🧿️semio/🏅️standards/🔖️v1/🪆️subsets/✳️object/✏️editor/🎭️modes/✏️edit/🪟️windows/🪟️main/🦀️component.rs	8	unresolved import `semio_framework_plugin::BuiltNode` | consider importing this struct instead: semio_framework_ui_contract::BuiltNode
E0432	✏️s/🔌️plugins/🗄️stdio/📦️packages/🦀️rust/././././././../../🗿️artifacts/🧿️semio/🏅️standards/🔖️v1/🪆️subsets/✳️presentation/✏️editor/🎭️modes/✏️edit/🪟️windows/🪟️main/🦀️component.rs	8	unresolved import `semio_framework_plugin::BuiltNode` | consider importing this struct instead: semio_framework_ui_contract::BuiltNode
E0432	✏️s/🔌️plugins/🗄️stdio/📦️packages/🦀️rust/././././././../../🗿️artifacts/🧿️semio/🏅️standards/🔖️v1/🪆️subsets/✳️table/✏️editor/🎭️modes/✏️edit/🪟️windows/🪟️main/🦀️component.rs	8	unresolved import `semio_framework_plugin::BuiltNode` | consider importing this struct instead: semio_framework_ui_contract::BuiltNode
E0432	✏️s/🔌️plugins/🗄️stdio/📦️packages/🦀️rust/././././././../../🗿️artifacts/🧿️semio/🏅️standards/🔖️v1/🪆️subsets/✳️text/✏️editor/🎭️modes/✏️edit/🪟️windows/🪟️main/🦀️component.rs	8	unresolved import `semio_framework_plugin::BuiltNode` | consider importing this struct instead: semio_framework_ui_contract::BuiltNode
E0432	✏️s/🔌️plugins/🗄️stdio/📦️packages/🦀️rust/././././././../../🗿️artifacts/🧿️semio/🏅️standards/🔖️v1/🪆️subsets/✳️value/✏️editor/🎭️modes/✏️edit/🪟️windows/🪟️main/🦀️component.rs	8	unresolved import `semio_framework_plugin::BuiltNode` | consider importing this struct instead: semio_framework_ui_contract::BuiltNode
E0432	✏️s/🔌️plugins/🗄️stdio/📦️packages/🦀️rust/././././././../../🗿️artifacts/🧿️semio/🏅️standards/🔖️v1/🪆️subsets/✳️video/✏️editor/🎭️modes/✏️edit/🪟️windows/🪟️main/🦀️component.rs	8	unresolved import `semio_framework_plugin::BuiltNode` | consider importing this struct instead: semio_framework_ui_contract::BuiltNode
E0432	✏️s/🔌️plugins/🗄️stdio/📦️packages/🦀️rust/././././././../../🗿️artifacts/📐️step/🏅️standards/🔖️ap214/🪆️subsets/✳️any/✏️editor/🎭️modes/✏️edit/🪟️windows/🪟️main/🦀️component.rs	8	unresolved import `semio_framework_plugin::BuiltNode` | consider importing this struct instead: semio_framework_ui_contract::BuiltNode
E0432	✏️s/🔌️plugins/🗄️stdio/📦️packages/🦀️rust/././././././../../🗿️artifacts/📐️step/🏅️standards/🔖️ap214/🪆️subsets/✳️cc1/✏️editor/🎭️modes/✏️edit/🪟️windows/🪟️main/🦀️component.rs	8	unresolved import `semio_framework_plugin::BuiltNode` | consider importing this struct instead: semio_framework_ui_contract::BuiltNode
E0432	✏️s/🔌️plugins/🗄️stdio/📦️packages/🦀️rust/././././././../../🗿️artifacts/📐️step/🏅️standards/🔖️ap214/🪆️subsets/✳️cc2/✏️editor/🎭️modes/✏️edit/🪟️windows/🪟️main/🦀️component.rs	8	unresolved import `semio_framework_plugin::BuiltNode` | consider importing this struct instead: semio_framework_ui_contract::BuiltNode
E0432	✏️s/🔌️plugins/🗄️stdio/📦️packages/🦀️rust/././././././../../🗿️artifacts/📐️step/🏅️standards/🔖️ap214/🪆️subsets/✳️cc3/✏️editor/🎭️modes/✏️edit/🪟️windows/🪟️main/🦀️component.rs	8	unresolved import `semio_framework_plugin::BuiltNode` | consider importing this struct instead: semio_framework_ui_contract::BuiltNode
E0432	✏️s/🔌️plugins/🗄️stdio/📦️packages/🦀️rust/././././././../../🗿️artifacts/📐️step/🏅️standards/🔖️ap214/🪆️subsets/✳️cc4/✏️editor/🎭️modes/✏️edit/🪟️windows/🪟️main/🦀️component.rs	8	unresolved import `semio_framework_plugin::BuiltNode` | consider importing this struct instead: semio_framework_ui_contract::BuiltNode
E0432	✏️s/🔌️plugins/🗄️stdio/📦️packages/🦀️rust/././././././../../🗿️artifacts/📐️step/🏅️standards/🔖️ap214/🪆️subsets/✳️cc5/✏️editor/🎭️modes/✏️edit/🪟️windows/🪟️main/🦀️component.rs	8	unresolved import `semio_framework_plugin::BuiltNode` | consider importing this struct instead: semio_framework_ui_contract::BuiltNode
E0432	✏️s/🔌️plugins/🗄️stdio/📦️packages/🦀️rust/././././././../../🗿️artifacts/📐️step/🏅️standards/🔖️ap214/🪆️subsets/✳️cc6/✏️editor/🎭️modes/✏️edit/🪟️windows/🪟️main/🦀️component.rs	8	unresolved import `semio_framework_plugin::BuiltNode` | consider importing this struct instead: semio_framework_ui_contract::BuiltNode
E0432	✏️s/🔌️plugins/🗄️stdio/📦️packages/🦀️rust/././././././../../🗿️artifacts/🏗️ifc/🏅️standards/🔖️2x3/🪆️subsets/✳️any/✏️editor/🎭️modes/✏️edit/🪟️windows/🪟️main/🦀️component.rs	8	unresolved import `semio_framework_plugin::BuiltNode` | consider importing this struct instead: semio_framework_ui_contract::BuiltNode
E0432	✏️s/🔌️plugins/🗄️stdio/📦️packages/🦀️rust/././././././../../🗿️artifacts/🏗️ifc/🏅️standards/🔖️2x3/🪆️subsets/✳️cobie/✏️editor/🎭️modes/✏️edit/🪟️windows/🪟️main/🦀️component.rs	8	unresolved import `semio_framework_plugin::BuiltNode` | consider importing this struct instead: semio_framework_ui_contract::BuiltNode
E0432	✏️s/🔌️plugins/🗄️stdio/📦️packages/🦀️rust/././././././../../🗿️artifacts/🏗️ifc/🏅️standards/🔖️2x3/🪆️subsets/✳️cv20/✏️editor/🎭️modes/✏️edit/🪟️windows/🪟️main/🦀️component.rs	8	unresolved import `semio_framework_plugin::BuiltNode` | consider importing this struct instead: semio_framework_ui_contract::BuiltNode
E0432	✏️s/🔌️plugins/🗄️stdio/📦️packages/🦀️rust/././././././../../🗿️artifacts/🏗️ifc/🏅️standards/🔖️2x3/🪆️subsets/✳️sav/✏️editor/🎭️modes/✏️edit/🪟️windows/🪟️main/🦀️component.rs	8	unresolved import `semio_framework_plugin::BuiltNode` | consider importing this struct instead: semio_framework_ui_contract::BuiltNode
E0432	✏️s/🔌️plugins/🗄️stdio/📦️packages/🦀️rust/././././././../../🗿️artifacts/🏗️ifc/🏅️standards/🔖️4/🪆️subsets/✳️any/✏️editor/🎭️modes/✏️edit/🪟️windows/🪟️main/🦀️component.rs	8	unresolved import `semio_framework_plugin::BuiltNode` | consider importing this struct instead: semio_framework_ui_contract::BuiltNode
E0432	✏️s/🔌️plugins/🗄️stdio/📦️packages/🦀️rust/././././././../../🗿️artifacts/🖊️dwg/🏅️standards/🔖️ac1018/🪆️subsets/✳️any/✏️editor/🎭️modes/✏️edit/🪟️windows/🪟️main/🦀️component.rs	8	unresolved import `semio_framework_plugin::BuiltNode` | consider importing this struct instead: semio_framework_ui_contract::BuiltNode
E0432	✏️s/🔌️plugins/🗄️stdio/📦️packages/🦀️rust/././././././../../🗿️artifacts/🖊️dwg/🏅️standards/🔖️ac1024/🪆️subsets/✳️any/✏️editor/🎭️modes/✏️edit/🪟️windows/🪟️main/🦀️component.rs	8	unresolved import `semio_framework_plugin::BuiltNode` | consider importing this struct instead: semio_framework_ui_contract::BuiltNode
E0432	✏️s/🔌️plugins/🗄️stdio/📦️packages/🦀️rust/././././././../../🗿️artifacts/🖊️dxf/🏅️standards/🔖️r12/🪆️subsets/✳️any/✏️editor/🎭️modes/✏️edit/🪟️windows/🪟️main/🦀️component.rs	8	unresolved import `semio_framework_plugin::BuiltNode` | consider importing this struct instead: semio_framework_ui_contract::BuiltNode
E0432	✏️s/🔌️plugins/🗄️stdio/📦️packages/🦀️rust/././././././../../🗿️artifacts/🧊️gltf/🏅️standards/🔖️2.0/🪆️subsets/✳️any/✏️editor/🎭️modes/✏️edit/🪟️windows/🪟️main/🦀️component.rs	8	unresolved import `semio_framework_plugin::BuiltNode` | consider importing this struct instead: semio_framework_ui_contract::BuiltNode
E0432	✏️s/🔌️plugins/🗄️stdio/📦️packages/🦀️rust/././././././../../🗿️artifacts/🧊️obj/🏅️standards/🔖️3.0/🪆️subsets/✳️any/✏️editor/🎭️modes/✏️edit/🪟️windows/🪟️main/🦀️component.rs	8	unresolved import `semio_framework_plugin::BuiltNode` | consider importing this struct instead: semio_framework_ui_contract::BuiltNode
E0432	✏️s/🔌️plugins/🗄️stdio/📦️packages/🦀️rust/././././././../../🗿️artifacts/🟪️stl/🏅️standards/🔖️ascii/🪆️subsets/✳️any/✏️editor/🎭️modes/✏️edit/🪟️windows/🪟️main/🦀️component.rs	8	unresolved import `semio_framework_plugin::BuiltNode` | consider importing this struct instead: semio_framework_ui_contract::BuiltNode
E0432	✏️s/🔌️plugins/🗄️stdio/📦️packages/🦀️rust/././././././../../🗿️artifacts/☁️ply/🏅️standards/🔖️1.0/🪆️subsets/✳️any/✏️editor/🎭️modes/✏️edit/🪟️windows/🪟️main/🦀️component.rs	8	unresolved import `semio_framework_plugin::BuiltNode` | consider importing this struct instead: semio_framework_ui_contract::BuiltNode
E0432	✏️s/🔌️plugins/🗄️stdio/📦️packages/🦀️rust/././././././../../🗿️artifacts/☁️las/🏅️standards/🔖️1.0/🪆️subsets/✳️any/✏️editor/🎭️modes/✏️edit/🪟️windows/🪟️main/🦀️component.rs	8	unresolved import `semio_framework_plugin::BuiltNode` | consider importing this struct instead: semio_framework_ui_contract::BuiltNode
E0432	✏️s/🔌️plugins/🗄️stdio/📦️packages/🦀️rust/././././././../../🗿️artifacts/💬️bcf/🏅️standards/🔖️2.1/🪆️subsets/✳️any/✏️editor/🎭️modes/✏️edit/🪟️windows/🪟️main/🦀️component.rs	6	unresolved import `semio_framework_plugin::BuiltNode` | consider importing this struct instead: semio_framework_ui_contract::BuiltNode
E0432	✏️s/🔌️plugins/🗄️stdio/📦️packages/🦀️rust/././././././../../🗿️artifacts/📊️csv/🏅️standards/🔖️rfc4180/🪆️subsets/✳️any/✏️editor/🎭️modes/✏️edit/🪟️windows/🪟️main/🦀️component.rs	8	unresolved import `semio_framework_plugin::BuiltNode` | consider importing this struct instead: semio_framework_ui_contract::BuiltNode
E0432	✏️s/🔌️plugins/🗄️stdio/📦️packages/🦀️rust/././././././../../🗿️artifacts/📑️tsv/🏅️standards/🔖️iana/🪆️subsets/✳️any/✏️editor/🎭️modes/✏️edit/🪟️windows/🪟️main/🦀️component.rs	8	unresolved import `semio_framework_plugin::BuiltNode` | consider importing this struct instead: semio_framework_ui_contract::BuiltNode
E0432	✏️s/🔌️plugins/🗄️stdio/📦️packages/🦀️rust/././././././../../🗿️artifacts/📄txt/🏅️standards/🔖️utf-8/🪆️subsets/✳️any/✏️editor/🎭️modes/✏️edit/🪟️windows/🪟️main/🦀️component.rs	7	unresolved import `semio_framework_plugin::BuiltNode` | consider importing this struct instead: semio_framework_ui_contract::BuiltNode
E0432	✏️s/🔌️plugins/🗄️stdio/📦️packages/🦀️rust/././././././../../🗿️artifacts/🔣️json/🏅️standards/🔖️rfc8259/🪆️subsets/✳️any/✏️editor/🎭️modes/✏️edit/🪟️windows/🪟️main/🦀️component.rs	10	unresolved import `semio_framework_plugin::BuiltNode` | consider importing this struct instead: semio_framework_ui_contract::BuiltNode
E0432	✏️s/🔌️plugins/🗄️stdio/📦️packages/🦀️rust/././././././../../🗿️artifacts/🔣️json/🏅️standards/🔖️rfc8259/🪆️subsets/✳️i-json/✏️editor/🎭️modes/✏️edit/🪟️windows/🪟️main/🦀️component.rs	10	unresolved import `semio_framework_plugin::BuiltNode` | consider importing this struct instead: semio_framework_ui_contract::BuiltNode
E0432	✏️s/🔌️plugins/🗄️stdio/📦️packages/🦀️rust/././././././../../🗿️artifacts/📰xml/🏅️standards/🔖️1.0/🪆️subsets/✳️any/✏️editor/🎭️modes/✏️edit/🪟️windows/🪟️main/🦀️component.rs	10	unresolved import `semio_framework_plugin::BuiltNode` | consider importing this struct instead: semio_framework_ui_contract::BuiltNode
E0432	✏️s/🔌️plugins/🗄️stdio/📦️packages/🦀️rust/././././././../../🗿️artifacts/📰xml/🏅️standards/🔖️1.0/🪆️subsets/✳️valid/✏️editor/🎭️modes/✏️edit/🪟️windows/🪟️main/🦀️component.rs	10	unresolved import `semio_framework_plugin::BuiltNode` | consider importing this struct instead: semio_framework_ui_contract::BuiltNode
E0432	✏️s/🔌️plugins/🗄️stdio/📦️packages/🦀️rust/././././././././././../../🗿️artifacts/📜️docx/🏅️standards/🔖️ecma-376/🪆️subsets/✳️any/✏️editor/🎭️modes/✏️edit/🪟️windows/🪟️main/🦀️component.rs	11	unresolved import `semio_framework_plugin::BuiltNode` | consider importing this struct instead: semio_framework_ui_contract::BuiltNode
E0432	✏️s/🔌️plugins/🗄️stdio/📦️packages/🦀️rust/././././././././././../../🗿️artifacts/📜️docx/🏅️standards/🔖️ecma-376/🪆️subsets/✳️strict/✏️editor/🎭️modes/✏️edit/🪟️windows/🪟️main/🦀️component.rs	11	unresolved import `semio_framework_plugin::BuiltNode` | consider importing this struct instead: semio_framework_ui_contract::BuiltNode
E0432	✏️s/🔌️plugins/🗄️stdio/📦️packages/🦀️rust/././././././././././../../🗿️artifacts/📜️docx/🏅️standards/🔖️ecma-376/🪆️subsets/✳️transitional/✏️editor/🎭️modes/✏️edit/🪟️windows/🪟️main/🦀️component.rs	12	unresolved import `semio_framework_plugin::BuiltNode` | consider importing this struct instead: semio_framework_ui_contract::BuiltNode
E0432	✏️s/🔌️plugins/🗄️stdio/📦️packages/🦀️rust/././././././././././../../🗿️artifacts/🎞️pptx/🏅️standards/🔖️ecma-376/🪆️subsets/✳️any/✏️editor/🎭️modes/✏️edit/🪟️windows/🪟️main/🦀️component.rs	10	unresolved import `semio_framework_plugin::BuiltNode` | consider importing this struct instead: semio_framework_ui_contract::BuiltNode
E0432	✏️s/🔌️plugins/🗄️stdio/📦️packages/🦀️rust/././././././././././../../🗿️artifacts/🎞️pptx/🏅️standards/🔖️ecma-376/🪆️subsets/✳️strict/✏️editor/🎭️modes/✏️edit/🪟️windows/🪟️main/🦀️component.rs	10	unresolved import `semio_framework_plugin::BuiltNode` | consider importing this struct instead: semio_framework_ui_contract::BuiltNode
E0432	✏️s/🔌️plugins/🗄️stdio/📦️packages/🦀️rust/././././././././././../../🗿️artifacts/🎞️pptx/🏅️standards/🔖️ecma-376/🪆️subsets/✳️transitional/✏️editor/🎭️modes/✏️edit/🪟️windows/🪟️main/🦀️component.rs	11	unresolved import `semio_framework_plugin::BuiltNode` | consider importing this struct instead: semio_framework_ui_contract::BuiltNode
E0432	✏️s/🔌️plugins/🗄️stdio/📦️packages/🦀️rust/././././././././././../../🗿️artifacts/📕️xlsx/🏅️standards/🔖️ecma-376/🪆️subsets/✳️any/✏️editor/🎭️modes/✏️edit/🪟️windows/🪟️main/🦀️component.rs	11	unresolved import `semio_framework_plugin::BuiltNode` | consider importing this struct instead: semio_framework_ui_contract::BuiltNode
E0432	✏️s/🔌️plugins/🗄️stdio/📦️packages/🦀️rust/././././././././././../../🗿️artifacts/📕️xlsx/🏅️standards/🔖️ecma-376/🪆️subsets/✳️strict/✏️editor/🎭️modes/✏️edit/🪟️windows/🪟️main/🦀️component.rs	11	unresolved import `semio_framework_plugin::BuiltNode` | consider importing this struct instead: semio_framework_ui_contract::BuiltNode
E0432	✏️s/🔌️plugins/🗄️stdio/📦️packages/🦀️rust/././././././././././../../🗿️artifacts/📕️xlsx/🏅️standards/🔖️ecma-376/🪆️subsets/✳️transitional/✏️editor/🎭️modes/✏️edit/🪟️windows/🪟️main/🦀️component.rs	11	unresolved import `semio_framework_plugin::BuiltNode` | consider importing this struct instead: semio_framework_ui_contract::BuiltNode
E0432	✏️s/🔌️plugins/🗄️stdio/📦️packages/🦀️rust/././././././../../🗿️artifacts/🌦️epw/🏅️standards/🔖️energyplus/🪆️subsets/✳️any/✏️editor/🎭️modes/✏️edit/🪟️windows/🪟️main/🦀️component.rs	10	unresolved import `semio_framework_plugin::BuiltNode` | consider importing this struct instead: semio_framework_ui_contract::BuiltNode
E0432	✏️s/🔌️plugins/🗄️stdio/📦️packages/🦀️rust/./././././././../../🗿️artifacts/🎒️zip/🏅️standards/🔖️2.0/🪆️subsets/✳️any/✏️editor/🎭️modes/✏️edit/🪟️windows/🪟️main/🦀️component.rs	11	unresolved import `semio_framework_plugin::BuiltNode` | consider importing this struct instead: semio_framework_ui_contract::BuiltNode
E0432	✏️s/🔌️plugins/🗄️stdio/📦️packages/🦀️rust/./././././././../../🗿️artifacts/🎒️zip/🏅️standards/🔖️2.0/🪆️subsets/✳️iso21320/✏️editor/🎭️modes/✏️edit/🪟️windows/🪟️main/🦀️component.rs	13	unresolved import `semio_framework_plugin::BuiltNode` | consider importing this struct instead: semio_framework_ui_contract::BuiltNode
E0432	✏️s/🔌️plugins/🗄️stdio/📦️packages/🦀️rust/././././././../../🗿️artifacts/🗜️deflate/🏅️standards/🔖️rfc1950/🪆️subsets/✳️any/✏️editor/🎭️modes/✏️edit/🪟️windows/🪟️main/🦀️component.rs	12	unresolved import `semio_framework_plugin::BuiltNode` | consider importing this struct instead: semio_framework_ui_contract::BuiltNode
E0432	✏️s/🔌️plugins/🗄️stdio/📦️packages/🦀️rust/././././././../../🗿️artifacts/💾️binary/🏅️standards/🔖️raw/🪆️subsets/✳️any/✏️editor/🎭️modes/✏️edit/🪟️windows/🪟️main/🦀️component.rs	13	unresolved import `semio_framework_plugin::BuiltNode` | consider importing this struct instead: semio_framework_ui_contract::BuiltNode
E0432	✏️s/🔌️plugins/🗄️stdio/📦️packages/🦀️rust/././././././../../🗿️artifacts/📷️png/🏅️standards/🔖️1.2/🪆️subsets/✳️any/👁️viewer/🎭️modes/👁️view/🪟️windows/🪟️main/🦀️component.rs	8	unresolved import `semio_framework_plugin::BuiltNode` | consider importing this struct instead: semio_framework_ui_contract::BuiltNode
E0432	✏️s/🔌️plugins/🗄️stdio/📦️packages/🦀️rust/././././././../../🗿️artifacts/📷️jpg/🏅️standards/🔖️jfif-1.01/🪆️subsets/✳️any/👁️viewer/🎭️modes/👁️view/🪟️windows/🪟️main/🦀️component.rs	8	unresolved import `semio_framework_plugin::BuiltNode` | consider importing this struct instead: semio_framework_ui_contract::BuiltNode
E0432	✏️s/🔌️plugins/🗄️stdio/📦️packages/🦀️rust/././././././../../🗿️artifacts/📷️jpg/🏅️standards/🔖️jfif-1.01/🪆️subsets/✳️baseline/👁️viewer/🎭️modes/👁️view/🪟️windows/🪟️main/🦀️component.rs	8	unresolved import `semio_framework_plugin::BuiltNode` | consider importing this struct instead: semio_framework_ui_contract::BuiltNode
E0432	✏️s/🔌️plugins/🗄️stdio/📦️packages/🦀️rust/././././././../../🗿️artifacts/🖼️bmp/🏅️standards/🔖️v3/🪆️subsets/✳️any/👁️viewer/🎭️modes/👁️view/🪟️windows/🪟️main/🦀️component.rs	8	unresolved import `semio_framework_plugin::BuiltNode` | consider importing this struct instead: semio_framework_ui_contract::BuiltNode
E0432	✏️s/🔌️plugins/🗄️stdio/📦️packages/🦀️rust/././././././../../🗿️artifacts/🖼️tiff/🏅️standards/🔖️6.0/🪆️subsets/✳️any/👁️viewer/🎭️modes/👁️view/🪟️windows/🪟️main/🦀️component.rs	8	unresolved import `semio_framework_plugin::BuiltNode` | consider importing this struct instead: semio_framework_ui_contract::BuiltNode
E0432	✏️s/🔌️plugins/🗄️stdio/📦️packages/🦀️rust/././././././../../🗿️artifacts/🖼️tiff/🏅️standards/🔖️6.0/🪆️subsets/✳️baseline/👁️viewer/🎭️modes/👁️view/🪟️windows/🪟️main/🦀️component.rs	8	unresolved import `semio_framework_plugin::BuiltNode` | consider importing this struct instead: semio_framework_ui_contract::BuiltNode
E0432	✏️s/🔌️plugins/🗄️stdio/📦️packages/🦀️rust/././././././../../🗿️artifacts/🎞️gif/🏅️standards/🔖️87a/🪆️subsets/✳️any/👁️viewer/🎭️modes/👁️view/🪟️windows/🪟️main/🦀️component.rs	8	unresolved import `semio_framework_plugin::BuiltNode` | consider importing this struct instead: semio_framework_ui_contract::BuiltNode
E0432	✏️s/🔌️plugins/🗄️stdio/📦️packages/🦀️rust/././././././../../🗿️artifacts/🎞️gif/🏅️standards/🔖️89a/🪆️subsets/✳️any/👁️viewer/🎭️modes/👁️view/🪟️windows/🪟️main/🦀️component.rs	8	unresolved import `semio_framework_plugin::BuiltNode` | consider importing this struct instead: semio_framework_ui_contract::BuiltNode
E0432	✏️s/🔌️plugins/🗄️stdio/📦️packages/🦀️rust/././././././../../🗿️artifacts/🎨️svg/🏅️standards/🔖️1.1/🪆️subsets/✳️any/👁️viewer/🎭️modes/👁️view/🪟️windows/🪟️main/🦀️component.rs	8	unresolved import `semio_framework_plugin::BuiltNode` | consider importing this struct instead: semio_framework_ui_contract::BuiltNode
E0432	✏️s/🔌️plugins/🗄️stdio/📦️packages/🦀️rust/././././././../../🗿️artifacts/🎨️svg/🏅️standards/🔖️1.1/🪆️subsets/✳️basic/👁️viewer/🎭️modes/👁️view/🪟️windows/🪟️main/🦀️component.rs	8	unresolved import `semio_framework_plugin::BuiltNode` | consider importing this struct instead: semio_framework_ui_contract::BuiltNode
E0432	✏️s/🔌️plugins/🗄️stdio/📦️packages/🦀️rust/././././././../../🗿️artifacts/🎨️svg/🏅️standards/🔖️1.1/🪆️subsets/✳️tiny/👁️viewer/🎭️modes/👁️view/🪟️windows/🪟️main/🦀️component.rs	8	unresolved import `semio_framework_plugin::BuiltNode` | consider importing this struct instead: semio_framework_ui_contract::BuiltNode
E0432	✏️s/🔌️plugins/🗄️stdio/📦️packages/🦀️rust/././././././../../🗿️artifacts/🎥️mp4/🏅️standards/🔖️isobmff/🪆️subsets/✳️any/👁️viewer/🎭️modes/👁️view/🪟️windows/🪟️main/🦀️component.rs	6	unresolved import `semio_framework_plugin::BuiltNode` | consider importing this struct instead: semio_framework_ui_contract::BuiltNode
E0432	✏️s/🔌️plugins/🗄️stdio/📦️packages/🦀️rust/././././././../../🗿️artifacts/🎵️mp3/🏅️standards/🔖️mpeg1-layer3/🪆️subsets/✳️any/👁️viewer/🎭️modes/👁️view/🪟️windows/🪟️main/🦀️component.rs	6	unresolved import `semio_framework_plugin::BuiltNode` | consider importing this struct instead: semio_framework_ui_contract::BuiltNode
E0432	✏️s/🔌️plugins/🗄️stdio/📦️packages/🦀️rust/././././././../../🗿️artifacts/🔊️wav/🏅️standards/🔖️riff-pcm/🪆️subsets/✳️any/👁️viewer/🎭️modes/👁️view/🪟️windows/🪟️main/🦀️component.rs	6	unresolved import `semio_framework_plugin::BuiltNode` | consider importing this struct instead: semio_framework_ui_contract::BuiltNode
E0432	✏️s/🔌️plugins/🗄️stdio/📦️packages/🦀️rust/././././././../../🗿️artifacts/📼️avi/🏅️standards/🔖️1.0/🪆️subsets/✳️any/👁️viewer/🎭️modes/👁️view/🪟️windows/🪟️main/🦀️component.rs	6	unresolved import `semio_framework_plugin::BuiltNode` | consider importing this struct instead: semio_framework_ui_contract::BuiltNode
E0432	✏️s/🔌️plugins/🗄️stdio/📦️packages/🦀️rust/././././././../../🗿️artifacts/🌐️html/🏅️standards/🔖️5/🪆️subsets/✳️any/👁️viewer/🎭️modes/👁️view/🪟️windows/🪟️main/🦀️component.rs	6	unresolved import `semio_framework_plugin::BuiltNode` | consider importing this struct instead: semio_framework_ui_contract::BuiltNode
E0432	✏️s/🔌️plugins/🗄️stdio/📦️packages/🦀️rust/././././././../../🗿️artifacts/📝️md/🏅️standards/🔖️commonmark/🪆️subsets/✳️any/👁️viewer/🎭️modes/👁️view/🪟️windows/🪟️main/🦀️component.rs	6	unresolved import `semio_framework_plugin::BuiltNode` | consider importing this struct instead: semio_framework_ui_contract::BuiltNode
E0432	✏️s/🔌️plugins/🗄️stdio/📦️packages/🦀️rust/././././././../../🗿️artifacts/🧿️semio/🏅️standards/🔖️v1/🪆️subsets/✳️animation/👁️viewer/🎭️modes/👁️view/🪟️windows/🪟️main/🦀️component.rs	10	unresolved import `semio_framework_plugin::BuiltNode` | consider importing this struct instead: semio_framework_ui_contract::BuiltNode
E0432	✏️s/🔌️plugins/🗄️stdio/📦️packages/🦀️rust/././././././../../🗿️artifacts/🧿️semio/🏅️standards/🔖️v1/🪆️subsets/✳️any/👁️viewer/🎭️modes/👁️view/🪟️windows/🪟️main/🦀️component.rs	10	unresolved import `semio_framework_plugin::BuiltNode` | consider importing this struct instead: semio_framework_ui_contract::BuiltNode
E0432	✏️s/🔌️plugins/🗄️stdio/📦️packages/🦀️rust/././././././../../🗿️artifacts/🧿️semio/🏅️standards/🔖️v1/🪆️subsets/✳️audio/👁️viewer/🎭️modes/👁️view/🪟️windows/🪟️main/🦀️component.rs	10	unresolved import `semio_framework_plugin::BuiltNode` | consider importing this struct instead: semio_framework_ui_contract::BuiltNode
E0432	✏️s/🔌️plugins/🗄️stdio/📦️packages/🦀️rust/././././././../../🗿️artifacts/🧿️semio/🏅️standards/🔖️v1/🪆️subsets/✳️brep/👁️viewer/🎭️modes/👁️view/🪟️windows/🪟️main/🦀️component.rs	10	unresolved import `semio_framework_plugin::BuiltNode` | consider importing this struct instead: semio_framework_ui_contract::BuiltNode
E0432	✏️s/🔌️plugins/🗄️stdio/📦️packages/🦀️rust/././././././../../🗿️artifacts/🧿️semio/🏅️standards/🔖️v1/🪆️subsets/✳️cad/👁️viewer/🎭️modes/👁️view/🪟️windows/🪟️main/🦀️component.rs	10	unresolved import `semio_framework_plugin::BuiltNode` | consider importing this struct instead: semio_framework_ui_contract::BuiltNode
E0432	✏️s/🔌️plugins/🗄️stdio/📦️packages/🦀️rust/././././././../../🗿️artifacts/🧿️semio/🏅️standards/🔖️v1/🪆️subsets/✳️document/👁️viewer/🎭️modes/👁️view/🪟️windows/🪟️main/🦀️component.rs	10	unresolved import `semio_framework_plugin::BuiltNode` | consider importing this struct instead: semio_framework_ui_contract::BuiltNode
E0432	✏️s/🔌️plugins/🗄️stdio/📦️packages/🦀️rust/././././././../../🗿️artifacts/🧿️semio/🏅️standards/🔖️v1/🪆️subsets/✳️drawing/👁️viewer/🎭️modes/👁️view/🪟️windows/🪟️main/🦀️component.rs	10	unresolved import `semio_framework_plugin::BuiltNode` | consider importing this struct instead: semio_framework_ui_contract::BuiltNode
E0432	✏️s/🔌️plugins/🗄️stdio/📦️packages/🦀️rust/././././././../../🗿️artifacts/🧿️semio/🏅️standards/🔖️v1/🪆️subsets/✳️flow/👁️viewer/🎭️modes/👁️view/🪟️windows/🪟️main/🦀️component.rs	10	unresolved import `semio_framework_plugin::BuiltNode` | consider importing this struct instead: semio_framework_ui_contract::BuiltNode
E0432	✏️s/🔌️plugins/🗄️stdio/📦️packages/🦀️rust/././././././../../🗿️artifacts/🧿️semio/🏅️standards/🔖️v1/🪆️subsets/✳️graph/👁️viewer/🎭️modes/👁️view/🪟️windows/🪟️main/🦀️component.rs	10	unresolved import `semio_framework_plugin::BuiltNode` | consider importing this struct instead: semio_framework_ui_contract::BuiltNode
E0432	✏️s/🔌️plugins/🗄️stdio/📦️packages/🦀️rust/././././././../../🗿️artifacts/🧿️semio/🏅️standards/🔖️v1/🪆️subsets/✳️image/👁️viewer/🎭️modes/👁️view/🪟️windows/🪟️main/🦀️component.rs	10	unresolved import `semio_framework_plugin::BuiltNode` | consider importing this struct instead: semio_framework_ui_contract::BuiltNode
E0432	✏️s/🔌️plugins/🗄️stdio/📦️packages/🦀️rust/././././././../../🗿️artifacts/🧿️semio/🏅️standards/🔖️v1/🪆️subsets/✳️kit/👁️viewer/🎭️modes/👁️view/🪟️windows/🪟️main/🦀️component.rs	10	unresolved import `semio_framework_plugin::BuiltNode` | consider importing this struct instead: semio_framework_ui_contract::BuiltNode
E0432	✏️s/🔌️plugins/🗄️stdio/📦️packages/🦀️rust/././././././../../🗿️artifacts/🧿️semio/🏅️standards/🔖️v1/🪆️subsets/✳️mesh/👁️viewer/🎭️modes/👁️view/🪟️windows/🪟️main/🦀️component.rs	10	unresolved import `semio_framework_plugin::BuiltNode` | consider importing this struct instead: semio_framework_ui_contract::BuiltNode
E0432	✏️s/🔌️plugins/🗄️stdio/📦️packages/🦀️rust/././././././../../🗿️artifacts/🧿️semio/🏅️standards/🔖️v1/🪆️subsets/✳️model/👁️viewer/🎭️modes/👁️view/🪟️windows/🪟️main/🦀️component.rs	10	unresolved import `semio_framework_plugin::BuiltNode` | consider importing this struct instead: semio_framework_ui_contract::BuiltNode
E0432	✏️s/🔌️plugins/🗄️stdio/📦️packages/🦀️rust/././././././../../🗿️artifacts/🧿️semio/🏅️standards/🔖️v1/🪆️subsets/✳️object/👁️viewer/🎭️modes/👁️view/🪟️windows/🪟️main/🦀️component.rs	10	unresolved import `semio_framework_plugin::BuiltNode` | consider importing this struct instead: semio_framework_ui_contract::BuiltNode
E0432	✏️s/🔌️plugins/🗄️stdio/📦️packages/🦀️rust/././././././../../🗿️artifacts/🧿️semio/🏅️standards/🔖️v1/🪆️subsets/✳️presentation/👁️viewer/🎭️modes/👁️view/🪟️windows/🪟️main/🦀️component.rs	10	unresolved import `semio_framework_plugin::BuiltNode` | consider importing this struct instead: semio_framework_ui_contract::BuiltNode
E0432	✏️s/🔌️plugins/🗄️stdio/📦️packages/🦀️rust/././././././../../🗿️artifacts/🧿️semio/🏅️standards/🔖️v1/🪆️subsets/✳️table/👁️viewer/🎭️modes/👁️view/🪟️windows/🪟️main/🦀️component.rs	10	unresolved import `semio_framework_plugin::BuiltNode` | consider importing this struct instead: semio_framework_ui_contract::BuiltNode
E0432	✏️s/🔌️plugins/🗄️stdio/📦️packages/🦀️rust/././././././../../🗿️artifacts/🧿️semio/🏅️standards/🔖️v1/🪆️subsets/✳️text/👁️viewer/🎭️modes/👁️view/🪟️windows/🪟️main/🦀️component.rs	10	unresolved import `semio_framework_plugin::BuiltNode` | consider importing this struct instead: semio_framework_ui_contract::BuiltNode
E0432	✏️s/🔌️plugins/🗄️stdio/📦️packages/🦀️rust/././././././../../🗿️artifacts/🧿️semio/🏅️standards/🔖️v1/🪆️subsets/✳️value/👁️viewer/🎭️modes/👁️view/🪟️windows/🪟️main/🦀️component.rs	10	unresolved import `semio_framework_plugin::BuiltNode` | consider importing this struct instead: semio_framework_ui_contract::BuiltNode
E0432	✏️s/🔌️plugins/🗄️stdio/📦️packages/🦀️rust/././././././../../🗿️artifacts/🧿️semio/🏅️standards/🔖️v1/🪆️subsets/✳️video/👁️viewer/🎭️modes/👁️view/🪟️windows/🪟️main/🦀️component.rs	10	unresolved import `semio_framework_plugin::BuiltNode` | consider importing this struct instead: semio_framework_ui_contract::BuiltNode
E0432	✏️s/🔌️plugins/🗄️stdio/📦️packages/🦀️rust/././././././../../🗿️artifacts/📐️step/🏅️standards/🔖️ap214/🪆️subsets/✳️any/👁️viewer/🎭️modes/👁️view/🪟️windows/🪟️main/🦀️component.rs	10	unresolved import `semio_framework_plugin::BuiltNode` | consider importing this struct instead: semio_framework_ui_contract::BuiltNode
E0432	✏️s/🔌️plugins/🗄️stdio/📦️packages/🦀️rust/././././././../../🗿️artifacts/📐️step/🏅️standards/🔖️ap214/🪆️subsets/✳️cc1/👁️viewer/🎭️modes/👁️view/🪟️windows/🪟️main/🦀️component.rs	10	unresolved import `semio_framework_plugin::BuiltNode` | consider importing this struct instead: semio_framework_ui_contract::BuiltNode
E0432	✏️s/🔌️plugins/🗄️stdio/📦️packages/🦀️rust/././././././../../🗿️artifacts/📐️step/🏅️standards/🔖️ap214/🪆️subsets/✳️cc2/👁️viewer/🎭️modes/👁️view/🪟️windows/🪟️main/🦀️component.rs	10	unresolved import `semio_framework_plugin::BuiltNode` | consider importing this struct instead: semio_framework_ui_contract::BuiltNode
E0432	✏️s/🔌️plugins/🗄️stdio/📦️packages/🦀️rust/././././././../../🗿️artifacts/📐️step/🏅️standards/🔖️ap214/🪆️subsets/✳️cc3/👁️viewer/🎭️modes/👁️view/🪟️windows/🪟️main/🦀️component.rs	10	unresolved import `semio_framework_plugin::BuiltNode` | consider importing this struct instead: semio_framework_ui_contract::BuiltNode
E0432	✏️s/🔌️plugins/🗄️stdio/📦️packages/🦀️rust/././././././../../🗿️artifacts/📐️step/🏅️standards/🔖️ap214/🪆️subsets/✳️cc4/👁️viewer/🎭️modes/👁️view/🪟️windows/🪟️main/🦀️component.rs	10	unresolved import `semio_framework_plugin::BuiltNode` | consider importing this struct instead: semio_framework_ui_contract::BuiltNode
E0432	✏️s/🔌️plugins/🗄️stdio/📦️packages/🦀️rust/././././././../../🗿️artifacts/📐️step/🏅️standards/🔖️ap214/🪆️subsets/✳️cc5/👁️viewer/🎭️modes/👁️view/🪟️windows/🪟️main/🦀️component.rs	10	unresolved import `semio_framework_plugin::BuiltNode` | consider importing this struct instead: semio_framework_ui_contract::BuiltNode
E0432	✏️s/🔌️plugins/🗄️stdio/📦️packages/🦀️rust/././././././../../🗿️artifacts/📐️step/🏅️standards/🔖️ap214/🪆️subsets/✳️cc6/👁️viewer/🎭️modes/👁️view/🪟️windows/🪟️main/🦀️component.rs	10	unresolved import `semio_framework_plugin::BuiltNode` | consider importing this struct instead: semio_framework_ui_contract::BuiltNode
E0432	✏️s/🔌️plugins/🗄️stdio/📦️packages/🦀️rust/././././././../../🗿️artifacts/🏗️ifc/🏅️standards/🔖️2x3/🪆️subsets/✳️any/👁️viewer/🎭️modes/👁️view/🪟️windows/🪟️main/🦀️component.rs	10	unresolved import `semio_framework_plugin::BuiltNode` | consider importing this struct instead: semio_framework_ui_contract::BuiltNode
E0432	✏️s/🔌️plugins/🗄️stdio/📦️packages/🦀️rust/././././././../../🗿️artifacts/🏗️ifc/🏅️standards/🔖️2x3/🪆️subsets/✳️cobie/👁️viewer/🎭️modes/👁️view/🪟️windows/🪟️main/🦀️component.rs	10	unresolved import `semio_framework_plugin::BuiltNode` | consider importing this struct instead: semio_framework_ui_contract::BuiltNode
E0432	✏️s/🔌️plugins/🗄️stdio/📦️packages/🦀️rust/././././././../../🗿️artifacts/🏗️ifc/🏅️standards/🔖️2x3/🪆️subsets/✳️cv20/👁️viewer/🎭️modes/👁️view/🪟️windows/🪟️main/🦀️component.rs	10	unresolved import `semio_framework_plugin::BuiltNode` | consider importing this struct instead: semio_framework_ui_contract::BuiltNode
E0432	✏️s/🔌️plugins/🗄️stdio/📦️packages/🦀️rust/././././././../../🗿️artifacts/🏗️ifc/🏅️standards/🔖️2x3/🪆️subsets/✳️sav/👁️viewer/🎭️modes/👁️view/🪟️windows/🪟️main/🦀️component.rs	10	unresolved import `semio_framework_plugin::BuiltNode` | consider importing this struct instead: semio_framework_ui_contract::BuiltNode
E0432	✏️s/🔌️plugins/🗄️stdio/📦️packages/🦀️rust/././././././../../🗿️artifacts/🏗️ifc/🏅️standards/🔖️4/🪆️subsets/✳️any/👁️viewer/🎭️modes/👁️view/🪟️windows/🪟️main/🦀️component.rs	10	unresolved import `semio_framework_plugin::BuiltNode` | consider importing this struct instead: semio_framework_ui_contract::BuiltNode
E0432	✏️s/🔌️plugins/🗄️stdio/📦️packages/🦀️rust/././././././../../🗿️artifacts/🖊️dwg/🏅️standards/🔖️ac1018/🪆️subsets/✳️any/👁️viewer/🎭️modes/👁️view/🪟️windows/🪟️main/🦀️component.rs	10	unresolved import `semio_framework_plugin::BuiltNode` | consider importing this struct instead: semio_framework_ui_contract::BuiltNode
E0432	✏️s/🔌️plugins/🗄️stdio/📦️packages/🦀️rust/././././././../../🗿️artifacts/🖊️dwg/🏅️standards/🔖️ac1024/🪆️subsets/✳️any/👁️viewer/🎭️modes/👁️view/🪟️windows/🪟️main/🦀️component.rs	10	unresolved import `semio_framework_plugin::BuiltNode` | consider importing this struct instead: semio_framework_ui_contract::BuiltNode
E0432	✏️s/🔌️plugins/🗄️stdio/📦️packages/🦀️rust/././././././../../🗿️artifacts/🖊️dxf/🏅️standards/🔖️r12/🪆️subsets/✳️any/👁️viewer/🎭️modes/👁️view/🪟️windows/🪟️main/🦀️component.rs	10	unresolved import `semio_framework_plugin::BuiltNode` | consider importing this struct instead: semio_framework_ui_contract::BuiltNode
E0432	✏️s/🔌️plugins/🗄️stdio/📦️packages/🦀️rust/././././././../../🗿️artifacts/🧊️gltf/🏅️standards/🔖️2.0/🪆️subsets/✳️any/👁️viewer/🎭️modes/👁️view/🪟️windows/🪟️main/🦀️component.rs	10	unresolved import `semio_framework_plugin::BuiltNode` | consider importing this struct instead: semio_framework_ui_contract::BuiltNode
E0432	✏️s/🔌️plugins/🗄️stdio/📦️packages/🦀️rust/././././././../../🗿️artifacts/🧊️obj/🏅️standards/🔖️3.0/🪆️subsets/✳️any/👁️viewer/🎭️modes/👁️view/🪟️windows/🪟️main/🦀️component.rs	10	unresolved import `semio_framework_plugin::BuiltNode` | consider importing this struct instead: semio_framework_ui_contract::BuiltNode
E0432	✏️s/🔌️plugins/🗄️stdio/📦️packages/🦀️rust/././././././../../🗿️artifacts/🟪️stl/🏅️standards/🔖️ascii/🪆️subsets/✳️any/👁️viewer/🎭️modes/👁️view/🪟️windows/🪟️main/🦀️component.rs	10	unresolved import `semio_framework_plugin::BuiltNode` | consider importing this struct instead: semio_framework_ui_contract::BuiltNode
E0432	✏️s/🔌️plugins/🗄️stdio/📦️packages/🦀️rust/././././././../../🗿️artifacts/☁️ply/🏅️standards/🔖️1.0/🪆️subsets/✳️any/👁️viewer/🎭️modes/👁️view/🪟️windows/🪟️main/🦀️component.rs	10	unresolved import `semio_framework_plugin::BuiltNode` | consider importing this struct instead: semio_framework_ui_contract::BuiltNode
E0432	✏️s/🔌️plugins/🗄️stdio/📦️packages/🦀️rust/././././././../../🗿️artifacts/☁️las/🏅️standards/🔖️1.0/🪆️subsets/✳️any/👁️viewer/🎭️modes/👁️view/🪟️windows/🪟️main/🦀️component.rs	10	unresolved import `semio_framework_plugin::BuiltNode` | consider importing this struct instead: semio_framework_ui_contract::BuiltNode
E0432	✏️s/🔌️plugins/🗄️stdio/📦️packages/🦀️rust/././././././../../🗿️artifacts/💬️bcf/🏅️standards/🔖️2.1/🪆️subsets/✳️any/👁️viewer/🎭️modes/👁️view/🪟️windows/🪟️main/🦀️component.rs	10	unresolved import `semio_framework_plugin::BuiltNode` | consider importing this struct instead: semio_framework_ui_contract::BuiltNode
E0432	✏️s/🔌️plugins/🗄️stdio/📦️packages/🦀️rust/././././././../../🗿️artifacts/📊️csv/🏅️standards/🔖️rfc4180/🪆️subsets/✳️any/👁️viewer/🎭️modes/👁️view/🪟️windows/🪟️main/🦀️component.rs	8	unresolved import `semio_framework_plugin::BuiltNode` | consider importing this struct instead: semio_framework_ui_contract::BuiltNode
E0432	✏️s/🔌️plugins/🗄️stdio/📦️packages/🦀️rust/././././././../../🗿️artifacts/📑️tsv/🏅️standards/🔖️iana/🪆️subsets/✳️any/👁️viewer/🎭️modes/👁️view/🪟️windows/🪟️main/🦀️component.rs	7	unresolved import `semio_framework_plugin::BuiltNode` | consider importing this struct instead: semio_framework_ui_contract::BuiltNode
E0432	✏️s/🔌️plugins/🗄️stdio/📦️packages/🦀️rust/././././././../../🗿️artifacts/📄txt/🏅️standards/🔖️utf-8/🪆️subsets/✳️any/👁️viewer/🎭️modes/👁️view/🪟️windows/🪟️main/🦀️component.rs	7	unresolved import `semio_framework_plugin::BuiltNode` | consider importing this struct instead: semio_framework_ui_contract::BuiltNode
E0432	✏️s/🔌️plugins/🗄️stdio/📦️packages/🦀️rust/././././././../../🗿️artifacts/🔣️json/🏅️standards/🔖️rfc8259/🪆️subsets/✳️any/👁️viewer/🎭️modes/👁️view/🪟️windows/🪟️main/🦀️component.rs	9	unresolved import `semio_framework_plugin::BuiltNode` | consider importing this struct instead: semio_framework_ui_contract::BuiltNode
E0432	✏️s/🔌️plugins/🗄️stdio/📦️packages/🦀️rust/././././././../../🗿️artifacts/🔣️json/🏅️standards/🔖️rfc8259/🪆️subsets/✳️i-json/👁️viewer/🎭️modes/👁️view/🪟️windows/🪟️main/🦀️component.rs	9	unresolved import `semio_framework_plugin::BuiltNode` | consider importing this struct instead: semio_framework_ui_contract::BuiltNode
E0432	✏️s/🔌️plugins/🗄️stdio/📦️packages/🦀️rust/././././././../../🗿️artifacts/📰xml/🏅️standards/🔖️1.0/🪆️subsets/✳️any/👁️viewer/🎭️modes/👁️view/🪟️windows/🪟️main/🦀️component.rs	8	unresolved import `semio_framework_plugin::BuiltNode` | consider importing this struct instead: semio_framework_ui_contract::BuiltNode
E0432	✏️s/🔌️plugins/🗄️stdio/📦️packages/🦀️rust/././././././../../🗿️artifacts/📰xml/🏅️standards/🔖️1.0/🪆️subsets/✳️valid/👁️viewer/🎭️modes/👁️view/🪟️windows/🪟️main/🦀️component.rs	8	unresolved import `semio_framework_plugin::BuiltNode` | consider importing this struct instead: semio_framework_ui_contract::BuiltNode
E0432	✏️s/🔌️plugins/🗄️stdio/📦️packages/🦀️rust/././././././././././../../🗿️artifacts/📜️docx/🏅️standards/🔖️ecma-376/🪆️subsets/✳️any/👁️viewer/🎭️modes/👁️view/🪟️windows/🪟️main/🦀️component.rs	9	unresolved import `semio_framework_plugin::BuiltNode` | consider importing this struct instead: semio_framework_ui_contract::BuiltNode
E0432	✏️s/🔌️plugins/🗄️stdio/📦️packages/🦀️rust/././././././././././../../🗿️artifacts/📜️docx/🏅️standards/🔖️ecma-376/🪆️subsets/✳️strict/👁️viewer/🎭️modes/👁️view/🪟️windows/🪟️main/🦀️component.rs	9	unresolved import `semio_framework_plugin::BuiltNode` | consider importing this struct instead: semio_framework_ui_contract::BuiltNode
E0432	✏️s/🔌️plugins/🗄️stdio/📦️packages/🦀️rust/././././././././././../../🗿️artifacts/📜️docx/🏅️standards/🔖️ecma-376/🪆️subsets/✳️transitional/👁️viewer/🎭️modes/👁️view/🪟️windows/🪟️main/🦀️component.rs	9	unresolved import `semio_framework_plugin::BuiltNode` | consider importing this struct instead: semio_framework_ui_contract::BuiltNode
E0432	✏️s/🔌️plugins/🗄️stdio/📦️packages/🦀️rust/././././././././././../../🗿️artifacts/🎞️pptx/🏅️standards/🔖️ecma-376/🪆️subsets/✳️any/👁️viewer/🎭️modes/👁️view/🪟️windows/🪟️main/🦀️component.rs	9	unresolved import `semio_framework_plugin::BuiltNode` | consider importing this struct instead: semio_framework_ui_contract::BuiltNode
E0432	✏️s/🔌️plugins/🗄️stdio/📦️packages/🦀️rust/././././././././././../../🗿️artifacts/🎞️pptx/🏅️standards/🔖️ecma-376/🪆️subsets/✳️strict/👁️viewer/🎭️modes/👁️view/🪟️windows/🪟️main/🦀️component.rs	9	unresolved import `semio_framework_plugin::BuiltNode` | consider importing this struct instead: semio_framework_ui_contract::BuiltNode
E0432	✏️s/🔌️plugins/🗄️stdio/📦️packages/🦀️rust/././././././././././../../🗿️artifacts/🎞️pptx/🏅️standards/🔖️ecma-376/🪆️subsets/✳️transitional/👁️viewer/🎭️modes/👁️view/🪟️windows/🪟️main/🦀️component.rs	9	unresolved import `semio_framework_plugin::BuiltNode` | consider importing this struct instead: semio_framework_ui_contract::BuiltNode
E0432	✏️s/🔌️plugins/🗄️stdio/📦️packages/🦀️rust/././././././././././../../🗿️artifacts/📕️xlsx/🏅️standards/🔖️ecma-376/🪆️subsets/✳️any/👁️viewer/🎭️modes/👁️view/🪟️windows/🪟️main/🦀️component.rs	8	unresolved import `semio_framework_plugin::BuiltNode` | consider importing this struct instead: semio_framework_ui_contract::BuiltNode
E0432	✏️s/🔌️plugins/🗄️stdio/📦️packages/🦀️rust/././././././././././../../🗿️artifacts/📕️xlsx/🏅️standards/🔖️ecma-376/🪆️subsets/✳️strict/👁️viewer/🎭️modes/👁️view/🪟️windows/🪟️main/🦀️component.rs	8	unresolved import `semio_framework_plugin::BuiltNode` | consider importing this struct instead: semio_framework_ui_contract::BuiltNode
E0432	✏️s/🔌️plugins/🗄️stdio/📦️packages/🦀️rust/././././././././././../../🗿️artifacts/📕️xlsx/🏅️standards/🔖️ecma-376/🪆️subsets/✳️transitional/👁️viewer/🎭️modes/👁️view/🪟️windows/🪟️main/🦀️component.rs	8	unresolved import `semio_framework_plugin::BuiltNode` | consider importing this struct instead: semio_framework_ui_contract::BuiltNode
E0432	✏️s/🔌️plugins/🗄️stdio/📦️packages/🦀️rust/././././././../../🗿️artifacts/🌦️epw/🏅️standards/🔖️energyplus/🪆️subsets/✳️any/👁️viewer/🎭️modes/👁️view/🪟️windows/🪟️main/🦀️component.rs	8	unresolved import `semio_framework_plugin::BuiltNode` | consider importing this struct instead: semio_framework_ui_contract::BuiltNode
E0432	✏️s/🔌️plugins/🗄️stdio/📦️packages/🦀️rust/./././././././../../🗿️artifacts/🎒️zip/🏅️standards/🔖️2.0/🪆️subsets/✳️any/👁️viewer/🎭️modes/👁️view/🪟️windows/🪟️main/🦀️component.rs	8	unresolved import `semio_framework_plugin::BuiltNode` | consider importing this struct instead: semio_framework_ui_contract::BuiltNode
E0432	✏️s/🔌️plugins/🗄️stdio/📦️packages/🦀️rust/./././././././../../🗿️artifacts/🎒️zip/🏅️standards/🔖️2.0/🪆️subsets/✳️iso21320/👁️viewer/🎭️modes/👁️view/🪟️windows/🪟️main/🦀️component.rs	8	unresolved import `semio_framework_plugin::BuiltNode` | consider importing this struct instead: semio_framework_ui_contract::BuiltNode
E0432	✏️s/🔌️plugins/🗄️stdio/📦️packages/🦀️rust/././././././../../🗿️artifacts/🗜️deflate/🏅️standards/🔖️rfc1950/🪆️subsets/✳️any/👁️viewer/🎭️modes/👁️view/🪟️windows/🪟️main/🦀️component.rs	11	unresolved import `semio_framework_plugin::BuiltNode` | consider importing this struct instead: semio_framework_ui_contract::BuiltNode
E0432	✏️s/🔌️plugins/🗄️stdio/📦️packages/🦀️rust/././././././../../🗿️artifacts/💾️binary/🏅️standards/🔖️raw/🪆️subsets/✳️any/👁️viewer/🎭️modes/👁️view/🪟️windows/🪟️main/🦀️component.rs	9	unresolved import `semio_framework_plugin::BuiltNode` | consider importing this struct instead: semio_framework_ui_contract::BuiltNode
E0433	✏️s/🔌️plugins/🗄️stdio/📦️packages/🦀️rust/./././././././../../🗿️artifacts/🖊️dwg/🏅️standards/🔖️ac1024/🪆️subsets/✳️any/🚪️io/🦀️component.rs	12147	cannot find module or crate `semio_framework_async_macros` in this scope | 
E0433	✏️s/🔌️plugins/🗄️stdio/📦️packages/🦀️rust/././././././././../../🗿️artifacts/🧿️semio/🏅️standards/🔖️v1/🪆️subsets/✳️brep/🧬️schema/💡️inferences/📏mass-properties/🦀️component.rs	1341	cannot find module or crate `semio_framework_async_macros` in this scope | 
E0425	🧰️framework/🛍️products/💻️os/📦️packages/🦀️rust/./../../🔨️modules/🏪️store/🦀️component.rs	7394	cannot find type `HybridLogicalTimestamp` in module `$crate::os_store` | consider importing one of these structs
E0425	🧰️framework/🛍️products/💻️os/📦️packages/🦀️rust/./../../🔨️modules/🏪️store/🦀️component.rs	7397	cannot find type `HybridLogicalTimestamp` in module `$crate::os_store` | consider importing one of these structs
E0277	✏️s/🔌️plugins/🗄️stdio/📦️packages/🦀️rust/././././././././../../🗿️artifacts/🧿️semio/🏅️standards/🔖️v1/🪆️subsets/✳️graph/🧬️schema/➕️normal-internals/➡️directed/🦀️component.rs	492	`impl Future<Output = impl Iterator<Item = u64>>` is not an iterator | the trait `Iterator` is not implemented for `impl Future<Output = impl Iterator<Item = u64>>` / required by a bound in `GraphView::nodes::{anon_assoc#0}`
E0277	✏️s/🔌️plugins/🗄️stdio/📦️packages/🦀️rust/././././././././../../🗿️artifacts/🧿️semio/🏅️standards/🔖️v1/🪆️subsets/✳️graph/🧬️schema/➕️normal-internals/➡️directed/🦀️component.rs	501	`impl Future<Output = impl Iterator<Item = EdgeRef>>` is not an iterator | the trait `Iterator` is not implemented for `impl Future<Output = impl Iterator<Item = EdgeRef>>` / required by a bound in `GraphView::edges::{anon_assoc#0}`
E0277	✏️s/🔌️plugins/🗄️stdio/📦️packages/🦀️rust/././././././././../../🗿️artifacts/🧿️semio/🏅️standards/🔖️v1/🪆️subsets/✳️graph/🧬️schema/➕️normal-internals/➡️directed/🦀️component.rs	504	`impl Future<Output = impl Iterator<Item = u64>>` is not an iterator | the trait `Iterator` is not implemented for `impl Future<Output = impl Iterator<Item = u64>>` / required by a bound in `GraphView::neighbors::{anon_assoc#0}`
E0277	✏️s/🔌️plugins/🗄️stdio/📦️packages/🦀️rust/././././././././../../🗿️artifacts/🧿️semio/🏅️standards/🔖️v1/🪆️subsets/✳️graph/🧬️schema/➕️normal-internals/➡️directed/🦀️component.rs	507	`impl Future<Output = impl Iterator<Item = u64>>` is not an iterator | the trait `Iterator` is not implemented for `impl Future<Output = impl Iterator<Item = u64>>` / required by a bound in `GraphView::out_neighbors::{anon_assoc#0}`
E0277	✏️s/🔌️plugins/🗄️stdio/📦️packages/🦀️rust/././././././././../../🗿️artifacts/🧿️semio/🏅️standards/🔖️v1/🪆️subsets/✳️graph/🧬️schema/➕️normal-internals/➡️directed/🦀️component.rs	510	`impl Future<Output = impl Iterator<Item = u64>>` is not an iterator | the trait `Iterator` is not implemented for `impl Future<Output = impl Iterator<Item = u64>>` / required by a bound in `GraphView::in_neighbors::{anon_assoc#0}`
E0277	✏️s/🔌️plugins/🗄️stdio/📦️packages/🦀️rust/././././././././../../🗿️artifacts/🧿️semio/🏅️standards/🔖️v1/🪆️subsets/✳️graph/🧬️schema/➕️normal-internals/➡️directed/🦀️component.rs	528	`impl Future<Output = impl Iterator<Item = EdgeRef>>` is not an iterator | the trait `Iterator` is not implemented for `impl Future<Output = impl Iterator<Item = EdgeRef>>` / required by a bound in `GraphView::edges_between::{anon_assoc#0}`
E0277	✏️s/🔌️plugins/🗄️stdio/📦️packages/🦀️rust/././././././././../../🗿️artifacts/🧿️semio/🏅️standards/🔖️v1/🪆️subsets/✳️graph/🧬️schema/➕️normal-internals/↔️undirected/🦀️component.rs	446	`impl Future<Output = impl Iterator<Item = u64>>` is not an iterator | the trait `Iterator` is not implemented for `impl Future<Output = impl Iterator<Item = u64>>` / required by a bound in `GraphView::nodes::{anon_assoc#0}`
E0277	✏️s/🔌️plugins/🗄️stdio/📦️packages/🦀️rust/././././././././../../🗿️artifacts/🧿️semio/🏅️standards/🔖️v1/🪆️subsets/✳️graph/🧬️schema/➕️normal-internals/↔️undirected/🦀️component.rs	455	`impl Future<Output = impl Iterator<Item = EdgeRef>>` is not an iterator | the trait `Iterator` is not implemented for `impl Future<Output = impl Iterator<Item = EdgeRef>>` / required by a bound in `GraphView::edges::{anon_assoc#0}`
E0277	✏️s/🔌️plugins/🗄️stdio/📦️packages/🦀️rust/././././././././../../🗿️artifacts/🧿️semio/🏅️standards/🔖️v1/🪆️subsets/✳️graph/🧬️schema/➕️normal-internals/↔️undirected/🦀️component.rs	458	`impl Future<Output = impl Iterator<Item = u64>>` is not an iterator | the trait `Iterator` is not implemented for `impl Future<Output = impl Iterator<Item = u64>>` / required by a bound in `GraphView::neighbors::{anon_assoc#0}`
E0277	✏️s/🔌️plugins/🗄️stdio/📦️packages/🦀️rust/././././././././../../🗿️artifacts/🧿️semio/🏅️standards/🔖️v1/🪆️subsets/✳️graph/🧬️schema/➕️normal-internals/↔️undirected/🦀️component.rs	461	`impl Future<Output = impl Iterator<Item = u64>>` is not an iterator | the trait `Iterator` is not implemented for `impl Future<Output = impl Iterator<Item = u64>>` / required by a bound in `GraphView::out_neighbors::{anon_assoc#0}`
E0277	✏️s/🔌️plugins/🗄️stdio/📦️packages/🦀️rust/././././././././../../🗿️artifacts/🧿️semio/🏅️standards/🔖️v1/🪆️subsets/✳️graph/🧬️schema/➕️normal-internals/↔️undirected/🦀️component.rs	464	`impl Future<Output = impl Iterator<Item = u64>>` is not an iterator | the trait `Iterator` is not implemented for `impl Future<Output = impl Iterator<Item = u64>>` / required by a bound in `GraphView::in_neighbors::{anon_assoc#0}`
E0277	✏️s/🔌️plugins/🗄️stdio/📦️packages/🦀️rust/././././././././../../🗿️artifacts/🧿️semio/🏅️standards/🔖️v1/🪆️subsets/✳️graph/🧬️schema/➕️normal-internals/↔️undirected/🦀️component.rs	482	`impl Future<Output = impl Iterator<Item = EdgeRef>>` is not an iterator | the trait `Iterator` is not implemented for `impl Future<Output = impl Iterator<Item = EdgeRef>>` / required by a bound in `GraphView::edges_between::{anon_assoc#0}`
E0277	✏️s/🔌️plugins/🗄️stdio/📦️packages/🦀️rust/././././././././../../🗿️artifacts/🧿️semio/🏅️standards/🔖️v1/🪆️subsets/✳️graph/🧬️schema/🔌️ports-internals/↔️undirected/🦀️component.rs	432	`impl Future<Output = impl Iterator<Item = u64>>` is not an iterator | the trait `Iterator` is not implemented for `impl Future<Output = impl Iterator<Item = u64>>` / required by a bound in `GraphView::nodes::{anon_assoc#0}`
E0277	✏️s/🔌️plugins/🗄️stdio/📦️packages/🦀️rust/././././././././../../🗿️artifacts/🧿️semio/🏅️standards/🔖️v1/🪆️subsets/✳️graph/🧬️schema/🔌️ports-internals/↔️undirected/🦀️component.rs	441	`impl Future<Output = impl Iterator<Item = EdgeRef>>` is not an iterator | the trait `Iterator` is not implemented for `impl Future<Output = impl Iterator<Item = EdgeRef>>` / required by a bound in `GraphView::edges::{anon_assoc#0}`
E0277	✏️s/🔌️plugins/🗄️stdio/📦️packages/🦀️rust/././././././././../../🗿️artifacts/🧿️semio/🏅️standards/🔖️v1/🪆️subsets/✳️graph/🧬️schema/🔌️ports-internals/↔️undirected/🦀️component.rs	444	`impl Future<Output = impl Iterator<Item = u64>>` is not an iterator | the trait `Iterator` is not implemented for `impl Future<Output = impl Iterator<Item = u64>>` / required by a bound in `GraphView::neighbors::{anon_assoc#0}`
E0277	✏️s/🔌️plugins/🗄️stdio/📦️packages/🦀️rust/././././././././../../🗿️artifacts/🧿️semio/🏅️standards/🔖️v1/🪆️subsets/✳️graph/🧬️schema/🔌️ports-internals/↔️undirected/🦀️component.rs	447	`impl Future<Output = impl Iterator<Item = u64>>` is not an iterator | the trait `Iterator` is not implemented for `impl Future<Output = impl Iterator<Item = u64>>` / required by a bound in `GraphView::out_neighbors::{anon_assoc#0}`
E0277	✏️s/🔌️plugins/🗄️stdio/📦️packages/🦀️rust/././././././././../../🗿️artifacts/🧿️semio/🏅️standards/🔖️v1/🪆️subsets/✳️graph/🧬️schema/🔌️ports-internals/↔️undirected/🦀️component.rs	450	`impl Future<Output = impl Iterator<Item = u64>>` is not an iterator | the trait `Iterator` is not implemented for `impl Future<Output = impl Iterator<Item = u64>>` / required by a bound in `GraphView::in_neighbors::{anon_assoc#0}`
E0277	✏️s/🔌️plugins/🗄️stdio/📦️packages/🦀️rust/././././././././../../🗿️artifacts/🧿️semio/🏅️standards/🔖️v1/🪆️subsets/✳️graph/🧬️schema/🔌️ports-internals/↔️undirected/🦀️component.rs	468	`impl Future<Output = impl Iterator<Item = EdgeRef>>` is not an iterator | the trait `Iterator` is not implemented for `impl Future<Output = impl Iterator<Item = EdgeRef>>` / required by a bound in `GraphView::edges_between::{anon_assoc#0}`
E0277	✏️s/🔌️plugins/🗄️stdio/📦️packages/🦀️rust/./././././././././../../🗿️artifacts/🧿️semio/🏅️standards/🔖️v1/🪆️subsets/✳️graph/🧬️schema/🔌️ports-internals/➡️directed/➕️normal/🦀️component.rs	489	`impl Future<Output = impl Iterator<Item = u64>>` is not an iterator | the trait `Iterator` is not implemented for `impl Future<Output = impl Iterator<Item = u64>>` / required by a bound in `GraphView::nodes::{anon_assoc#0}`
E0277	✏️s/🔌️plugins/🗄️stdio/📦️packages/🦀️rust/./././././././././../../🗿️artifacts/🧿️semio/🏅️standards/🔖️v1/🪆️subsets/✳️graph/🧬️schema/🔌️ports-internals/➡️directed/➕️normal/🦀️component.rs	498	`impl Future<Output = impl Iterator<Item = EdgeRef>>` is not an iterator | the trait `Iterator` is not implemented for `impl Future<Output = impl Iterator<Item = EdgeRef>>` / required by a bound in `GraphView::edges::{anon_assoc#0}`
E0277	✏️s/🔌️plugins/🗄️stdio/📦️packages/🦀️rust/./././././././././../../🗿️artifacts/🧿️semio/🏅️standards/🔖️v1/🪆️subsets/✳️graph/🧬️schema/🔌️ports-internals/➡️directed/➕️normal/🦀️component.rs	501	`impl Future<Output = impl Iterator<Item = u64>>` is not an iterator | the trait `Iterator` is not implemented for `impl Future<Output = impl Iterator<Item = u64>>` / required by a bound in `GraphView::neighbors::{anon_assoc#0}`
E0277	✏️s/🔌️plugins/🗄️stdio/📦️packages/🦀️rust/./././././././././../../🗿️artifacts/🧿️semio/🏅️standards/🔖️v1/🪆️subsets/✳️graph/🧬️schema/🔌️ports-internals/➡️directed/➕️normal/🦀️component.rs	504	`impl Future<Output = impl Iterator<Item = u64>>` is not an iterator | the trait `Iterator` is not implemented for `impl Future<Output = impl Iterator<Item = u64>>` / required by a bound in `GraphView::out_neighbors::{anon_assoc#0}`
E0277	✏️s/🔌️plugins/🗄️stdio/📦️packages/🦀️rust/./././././././././../../🗿️artifacts/🧿️semio/🏅️standards/🔖️v1/🪆️subsets/✳️graph/🧬️schema/🔌️ports-internals/➡️directed/➕️normal/🦀️component.rs	507	`impl Future<Output = impl Iterator<Item = u64>>` is not an iterator | the trait `Iterator` is not implemented for `impl Future<Output = impl Iterator<Item = u64>>` / required by a bound in `GraphView::in_neighbors::{anon_assoc#0}`
E0277	✏️s/🔌️plugins/🗄️stdio/📦️packages/🦀️rust/./././././././././../../🗿️artifacts/🧿️semio/🏅️standards/🔖️v1/🪆️subsets/✳️graph/🧬️schema/🔌️ports-internals/➡️directed/➕️normal/🦀️component.rs	525	`impl Future<Output = impl Iterator<Item = EdgeRef>>` is not an iterator | the trait `Iterator` is not implemented for `impl Future<Output = impl Iterator<Item = EdgeRef>>` / required by a bound in `GraphView::edges_between::{anon_assoc#0}`
E0277	✏️s/🔌️plugins/🗄️stdio/📦️packages/🦀️rust/./././././././../../🗿️artifacts/🗜️deflate/🏅️standards/🔖️rfc1950/🪆️subsets/✳️any/🚪️io/🦀️component.rs	288	the type `[i32]` cannot be indexed by `impl Future<Output = usize>` | the trait `SliceIndex<[i32]>` is not implemented for `impl Future<Output = usize>` / required for `[i32]` to implement `std::ops::Index<impl Future<Output = usize>>`
E0308	✏️s/🔌️plugins/🗄️stdio/📦️packages/🦀️rust/./././././././../../🗿️artifacts/🗜️deflate/🏅️standards/🔖️rfc1950/🪆️subsets/✳️any/🚪️io/🦀️component.rs	343	mismatched types | expected reference `&[u8]` found reference `&impl Future<Output = Vec<u8>>` / function defined here
E0308	✏️s/🔌️plugins/🗄️stdio/📦️packages/🦀️rust/./././././././../../🗿️artifacts/🗜️deflate/🏅️standards/🔖️rfc1950/🪆️subsets/✳️any/🚪️io/🦀️component.rs	344	mismatched types | expected reference `&[u8]` found reference `&impl Future<Output = Vec<u8>>` / function defined here
E0608	✏️s/🔌️plugins/🗄️stdio/📦️packages/🦀️rust/./././././././../../🗿️artifacts/🗜️deflate/🏅️standards/🔖️rfc1950/🪆️subsets/✳️any/🚪️io/🦀️component.rs	350	cannot index into a value of type `impl Future<Output = Vec<(u32, u8)>>` | 
E0608	✏️s/🔌️plugins/🗄️stdio/📦️packages/🦀️rust/./././././././../../🗿️artifacts/🗜️deflate/🏅️standards/🔖️rfc1950/🪆️subsets/✳️any/🚪️io/🦀️component.rs	353	cannot index into a value of type `impl Future<Output = Vec<(u32, u8)>>` | 
E0277	✏️s/🔌️plugins/🗄️stdio/📦️packages/🦀️rust/./././././././../../🗿️artifacts/🗜️deflate/🏅️standards/🔖️rfc1950/🪆️subsets/✳️any/🚪️io/🦀️component.rs	364	the type `[i32]` cannot be indexed by `impl Future<Output = usize>` | the trait `SliceIndex<[i32]>` is not implemented for `impl Future<Output = usize>` / required for `[i32]` to implement `std::ops::Index<impl Future<Output = usize>>`
E0277	✏️s/🔌️plugins/🗄️stdio/📦️packages/🦀️rust/./././././././../../🗿️artifacts/🗜️deflate/🏅️standards/🔖️rfc1950/🪆️subsets/✳️any/🚪️io/🦀️component.rs	365	the type `[i32]` cannot be indexed by `impl Future<Output = usize>` | the trait `SliceIndex<[i32]>` is not implemented for `impl Future<Output = usize>` / required for `[i32]` to implement `std::ops::Index<impl Future<Output = usize>>`
E0308	✏️s/🔌️plugins/🗄️stdio/📦️packages/🦀️rust/./././././././../../🗿️artifacts/🗜️deflate/🏅️standards/🔖️rfc1950/🪆️subsets/✳️any/🚪️io/🦀️component.rs	376	mismatched types | expected opaque type `impl Future<Output = std::option::Option<(usize, usize)>>` found enum `std::option::Option<_>` / the full name for the type has been written to '/Users/ueli/Documents/semio/.🧬semio/🦑️repo/🎫️tickets/🎆️26/🌙️08/☀️20/INTERACTIVE-JOB-RUNTIME-REFACTOR/PHASE-1-5-DE-ASYNC-REPAIR-SWEEP/🧪️target-r19-stdio/debug/deps/semio_s_plugin_stdio-1d1792480c328f6d.long-type-14635673481197093121.txt' / consider using `--verbose` to print the full type name to the console
E0308	✏️s/🔌️plugins/🗄️stdio/📦️packages/🦀️rust/./././././././../../🗿️artifacts/🗜️deflate/🏅️standards/🔖️rfc1950/🪆️subsets/✳️any/🚪️io/🦀️component.rs	416	mismatched types | expected opaque type `impl Future<Output = std::option::Option<(usize, usize)>>` found enum `std::option::Option<_>` / the full name for the type has been written to '/Users/ueli/Documents/semio/.🧬semio/🦑️repo/🎫️tickets/🎆️26/🌙️08/☀️20/INTERACTIVE-JOB-RUNTIME-REFACTOR/PHASE-1-5-DE-ASYNC-REPAIR-SWEEP/🧪️target-r19-stdio/debug/deps/semio_s_plugin_stdio-1d1792480c328f6d.long-type-14635673481197093121.txt' / consider using `--verbose` to print the full type name to the console / introduce a new binding instead
E0608	✏️s/🔌️plugins/🗄️stdio/📦️packages/🦀️rust/./././././././../../🗿️artifacts/🗜️deflate/🏅️standards/🔖️rfc1950/🪆️subsets/✳️any/🚪️io/🦀️component.rs	387	cannot index into a value of type `impl Future<Output = Vec<(u32, u8)>>` | 
E0608	✏️s/🔌️plugins/🗄️stdio/📦️packages/🦀️rust/./././././././../../🗿️artifacts/🗜️deflate/🏅️standards/🔖️rfc1950/🪆️subsets/✳️any/🚪️io/🦀️component.rs	396	cannot index into a value of type `impl Future<Output = Vec<(u32, u8)>>` | 
E0608	✏️s/🔌️plugins/🗄️stdio/📦️packages/🦀️rust/./././././././../../🗿️artifacts/🗜️deflate/🏅️standards/🔖️rfc1950/🪆️subsets/✳️any/🚪️io/🦀️component.rs	402	cannot index into a value of type `impl Future<Output = Vec<(u32, u8)>>` | 
E0608	✏️s/🔌️plugins/🗄️stdio/📦️packages/🦀️rust/./././././././../../🗿️artifacts/🗜️deflate/🏅️standards/🔖️rfc1950/🪆️subsets/✳️any/🚪️io/🦀️component.rs	417	cannot index into a value of type `impl Future<Output = Vec<(u32, u8)>>` | 
E0608	✏️s/🔌️plugins/🗄️stdio/📦️packages/🦀️rust/./././././././../../🗿️artifacts/🗜️deflate/🏅️standards/🔖️rfc1950/🪆️subsets/✳️any/🚪️io/🦀️component.rs	425	cannot index into a value of type `impl Future<Output = Vec<(u32, u8)>>` | 
E0608	✏️s/🔌️plugins/🗄️stdio/📦️packages/🦀️rust/./././././././../../🗿️artifacts/🗜️deflate/🏅️standards/🔖️rfc1950/🪆️subsets/✳️any/🚪️io/🦀️component.rs	431	cannot index into a value of type `impl Future<Output = Vec<(u32, u8)>>` | 
E0608	✏️s/🔌️plugins/🗄️stdio/📦️packages/🦀️rust/./././././././../../🗿️artifacts/🗜️deflate/🏅️standards/🔖️rfc1950/🪆️subsets/✳️any/🚪️io/🦀️component.rs	439	cannot index into a value of type `impl Future<Output = Vec<(u32, u8)>>` | 
E0308	✏️s/🔌️plugins/🗄️stdio/📦️packages/🦀️rust/./././././././../../🗿️artifacts/🗜️deflate/🏅️standards/🔖️rfc1950/🪆️subsets/✳️any/🚪️io/🦀️component.rs	456	mismatched types | expected fn pointer `unsafe extern "C" fn(_, _, _) -> *mut c_void` found fn item `unsafe fn(_, _, _) -> impl Future<Output = *mut c_void> {illustrator_zlib_allocate}`
E0308	✏️s/🔌️plugins/🗄️stdio/📦️packages/🦀️rust/./././././././../../🗿️artifacts/🗜️deflate/🏅️standards/🔖️rfc1950/🪆️subsets/✳️any/🚪️io/🦀️component.rs	457	mismatched types | expected fn pointer `unsafe extern "C" fn(_, _) -> ()` found fn item `unsafe fn(_, _) -> impl Future<Output = ()> {illustrator_zlib_free}`
E0308	✏️s/🔌️plugins/🗄️stdio/📦️packages/🦀️rust/./././././././../../🗿️artifacts/🗜️deflate/🏅️standards/🔖️rfc1950/🪆️subsets/✳️any/🚪️io/🦀️component.rs	631	mismatched types | expected reference `&[u8]` found reference `&impl Future<Output = Vec<u8>>` / associated function defined here
E0308	✏️s/🔌️plugins/🗄️stdio/📦️packages/🦀️rust/./././././././../../🗿️artifacts/🗜️deflate/🏅️standards/🔖️rfc1950/🪆️subsets/✳️any/🚪️io/🦀️component.rs	632	mismatched types | expected reference `&[u8]` found reference `&impl Future<Output = Vec<u8>>` / associated function defined here
E0308	✏️s/🔌️plugins/🗄️stdio/📦️packages/🦀️rust/./././././././../../🗿️artifacts/🗜️deflate/🏅️standards/🔖️rfc1950/🪆️subsets/✳️any/🚪️io/🦀️component.rs	715	mismatched types | expected fn pointer `unsafe extern "C" fn(_, _, _) -> *mut c_void` found fn item `unsafe fn(_, _, _) -> impl Future<Output = *mut c_void> {illustrator_zlib_allocate}`
E0308	✏️s/🔌️plugins/🗄️stdio/📦️packages/🦀️rust/./././././././../../🗿️artifacts/🗜️deflate/🏅️standards/🔖️rfc1950/🪆️subsets/✳️any/🚪️io/🦀️component.rs	716	mismatched types | expected fn pointer `unsafe extern "C" fn(_, _) -> ()` found fn item `unsafe fn(_, _) -> impl Future<Output = ()> {illustrator_zlib_free}`
E0369	✏️s/🔌️plugins/🗄️stdio/📦️packages/🦀️rust/./././././././../../🗿️artifacts/🗜️deflate/🏅️standards/🔖️rfc1950/🪆️subsets/✳️any/🚪️io/🦀️component.rs	778	binary operation `!=` cannot be applied to type `impl Future<Output = u32>` | 
E0277	✏️s/🔌️plugins/🗄️stdio/📦️packages/🦀️rust/./././././././../../🗿️artifacts/🗜️deflate/🏅️standards/🔖️rfc1950/🪆️subsets/✳️any/🚪️io/🦀️component.rs	779	the trait bound `impl Future<Output = u32>: LowerHex` is not satisfied | the following other types implement trait `LowerHex`: &T &mut T NonZero<T> Saturating<T> Wrapping<T> compiler_builtins::math::libm_math::support::big::i256 compiler_builtins::math::libm_math::support::big::u256 compiler_builtins::math::libm_math::support::hex_float::hex_fmt::Hex<T> and 12 others
E0369	✏️s/🔌️plugins/🗄️stdio/📦️packages/🦀️rust/./././././././../../🗿️artifacts/🗜️deflate/🏅️standards/🔖️rfc1950/🪆️subsets/✳️any/🚪️io/🦀️component.rs	864	binary operation `!=` cannot be applied to type `impl Future<Output = u32>` | 
E0277	✏️s/🔌️plugins/🗄️stdio/📦️packages/🦀️rust/./././././././../../🗿️artifacts/🗜️deflate/🏅️standards/🔖️rfc1950/🪆️subsets/✳️any/🚪️io/🦀️component.rs	865	the trait bound `impl Future<Output = u32>: LowerHex` is not satisfied | the following other types implement trait `LowerHex`: &T &mut T NonZero<T> Saturating<T> Wrapping<T> compiler_builtins::math::libm_math::support::big::i256 compiler_builtins::math::libm_math::support::big::u256 compiler_builtins::math::libm_math::support::hex_float::hex_fmt::Hex<T> and 12 others
E0608	✏️s/🔌️plugins/🗄️stdio/📦️packages/🦀️rust/./././././././../../🗿️artifacts/🎒️zip/🏅️standards/🔖️2.0/🪆️subsets/✳️any/🚪️io/🦀️component.rs	98	cannot index into a value of type `impl Future<Output = [u32; 256]>` | 
E0308	✏️s/🔌️plugins/🗄️stdio/📦️packages/🦀️rust/./././././././../../🗿️artifacts/🎒️zip/🏅️standards/🔖️2.0/🪆️subsets/✳️any/🚪️io/🦀️component.rs	252	mismatched types | expected reference `&[_]` found reference `&impl Future<Output = [u8; 2]>` / method defined here
E0308	✏️s/🔌️plugins/🗄️stdio/📦️packages/🦀️rust/./././././././../../🗿️artifacts/🎒️zip/🏅️standards/🔖️2.0/🪆️subsets/✳️any/🚪️io/🦀️component.rs	253	mismatched types | expected reference `&[_]` found reference `&impl Future<Output = [u8; 2]>` / method defined here
E0369	✏️s/🔌️plugins/🗄️stdio/📦️packages/🦀️rust/./././././././../../🗿️artifacts/🎒️zip/🏅️standards/🔖️2.0/🪆️subsets/✳️any/🚪️io/🦀️component.rs	533	binary operation `!=` cannot be applied to type `impl Future<Output = u32>` | 
E0308	✏️s/🔌️plugins/🗄️stdio/📦️packages/🦀️rust/./././././././../../🗿️artifacts/🎒️zip/🏅️standards/🔖️2.0/🪆️subsets/✳️any/🚪️io/🦀️component.rs	621	mismatched types | expected reference `&[_]` found reference `&impl Future<Output = [u8; 4]>` / method defined here
E0308	✏️s/🔌️plugins/🗄️stdio/📦️packages/🦀️rust/./././././././../../🗿️artifacts/🎒️zip/🏅️standards/🔖️2.0/🪆️subsets/✳️any/🚪️io/🦀️component.rs	622	mismatched types | expected reference `&[_]` found reference `&impl Future<Output = [u8; 2]>` / method defined here
E0308	✏️s/🔌️plugins/🗄️stdio/📦️packages/🦀️rust/./././././././../../🗿️artifacts/🎒️zip/🏅️standards/🔖️2.0/🪆️subsets/✳️any/🚪️io/🦀️component.rs	623	mismatched types | expected reference `&[_]` found reference `&impl Future<Output = [u8; 2]>` / method defined here
E0308	✏️s/🔌️plugins/🗄️stdio/📦️packages/🦀️rust/./././././././../../🗿️artifacts/🎒️zip/🏅️standards/🔖️2.0/🪆️subsets/✳️any/🚪️io/🦀️component.rs	624	mismatched types | expected reference `&[_]` found reference `&impl Future<Output = [u8; 2]>` / method defined here
E0308	✏️s/🔌️plugins/🗄️stdio/📦️packages/🦀️rust/./././././././../../🗿️artifacts/🎒️zip/🏅️standards/🔖️2.0/🪆️subsets/✳️any/🚪️io/🦀️component.rs	625	mismatched types | expected reference `&[_]` found reference `&impl Future<Output = [u8; 2]>` / method defined here
E0308	✏️s/🔌️plugins/🗄️stdio/📦️packages/🦀️rust/./././././././../../🗿️artifacts/🎒️zip/🏅️standards/🔖️2.0/🪆️subsets/✳️any/🚪️io/🦀️component.rs	626	mismatched types | expected reference `&[_]` found reference `&impl Future<Output = [u8; 2]>` / method defined here
E0308	✏️s/🔌️plugins/🗄️stdio/📦️packages/🦀️rust/./././././././../../🗿️artifacts/🎒️zip/🏅️standards/🔖️2.0/🪆️subsets/✳️any/🚪️io/🦀️component.rs	627	mismatched types | expected reference `&[_]` found reference `&impl Future<Output = [u8; 4]>` / method defined here
E0308	✏️s/🔌️plugins/🗄️stdio/📦️packages/🦀️rust/./././././././../../🗿️artifacts/🎒️zip/🏅️standards/🔖️2.0/🪆️subsets/✳️any/🚪️io/🦀️component.rs	628	mismatched types | expected reference `&[_]` found reference `&impl Future<Output = [u8; 4]>` / method defined here
E0308	✏️s/🔌️plugins/🗄️stdio/📦️packages/🦀️rust/./././././././../../🗿️artifacts/🎒️zip/🏅️standards/🔖️2.0/🪆️subsets/✳️any/🚪️io/🦀️component.rs	629	mismatched types | expected reference `&[_]` found reference `&impl Future<Output = [u8; 4]>` / method defined here
E0308	✏️s/🔌️plugins/🗄️stdio/📦️packages/🦀️rust/./././././././../../🗿️artifacts/🎒️zip/🏅️standards/🔖️2.0/🪆️subsets/✳️any/🚪️io/🦀️component.rs	630	mismatched types | expected reference `&[_]` found reference `&impl Future<Output = [u8; 2]>` / method defined here
E0308	✏️s/🔌️plugins/🗄️stdio/📦️packages/🦀️rust/./././././././../../🗿️artifacts/🎒️zip/🏅️standards/🔖️2.0/🪆️subsets/✳️any/🚪️io/🦀️component.rs	631	mismatched types | expected reference `&[_]` found reference `&impl Future<Output = [u8; 2]>` / method defined here
E0308	✏️s/🔌️plugins/🗄️stdio/📦️packages/🦀️rust/./././././././../../🗿️artifacts/🎒️zip/🏅️standards/🔖️2.0/🪆️subsets/✳️any/🚪️io/🦀️component.rs	637	mismatched types | expected reference `&[_]` found reference `&impl Future<Output = [u8; 4]>` / method defined here
E0308	✏️s/🔌️plugins/🗄️stdio/📦️packages/🦀️rust/./././././././../../🗿️artifacts/🎒️zip/🏅️standards/🔖️2.0/🪆️subsets/✳️any/🚪️io/🦀️component.rs	638	mismatched types | expected reference `&[_]` found reference `&impl Future<Output = [u8; 2]>` / method defined here
E0308	✏️s/🔌️plugins/🗄️stdio/📦️packages/🦀️rust/./././././././../../🗿️artifacts/🎒️zip/🏅️standards/🔖️2.0/🪆️subsets/✳️any/🚪️io/🦀️component.rs	639	mismatched types | expected reference `&[_]` found reference `&impl Future<Output = [u8; 2]>` / method defined here
E0308	✏️s/🔌️plugins/🗄️stdio/📦️packages/🦀️rust/./././././././../../🗿️artifacts/🎒️zip/🏅️standards/🔖️2.0/🪆️subsets/✳️any/🚪️io/🦀️component.rs	640	mismatched types | expected reference `&[_]` found reference `&impl Future<Output = [u8; 2]>` / method defined here
E0308	✏️s/🔌️plugins/🗄️stdio/📦️packages/🦀️rust/./././././././../../🗿️artifacts/🎒️zip/🏅️standards/🔖️2.0/🪆️subsets/✳️any/🚪️io/🦀️component.rs	641	mismatched types | expected reference `&[_]` found reference `&impl Future<Output = [u8; 2]>` / method defined here
E0308	✏️s/🔌️plugins/🗄️stdio/📦️packages/🦀️rust/./././././././../../🗿️artifacts/🎒️zip/🏅️standards/🔖️2.0/🪆️subsets/✳️any/🚪️io/🦀️component.rs	642	mismatched types | expected reference `&[_]` found reference `&impl Future<Output = [u8; 2]>` / method defined here
E0308	✏️s/🔌️plugins/🗄️stdio/📦️packages/🦀️rust/./././././././../../🗿️artifacts/🎒️zip/🏅️standards/🔖️2.0/🪆️subsets/✳️any/🚪️io/🦀️component.rs	643	mismatched types | expected reference `&[_]` found reference `&impl Future<Output = [u8; 2]>` / method defined here
E0308	✏️s/🔌️plugins/🗄️stdio/📦️packages/🦀️rust/./././././././../../🗿️artifacts/🎒️zip/🏅️standards/🔖️2.0/🪆️subsets/✳️any/🚪️io/🦀️component.rs	644	mismatched types | expected reference `&[_]` found reference `&impl Future<Output = [u8; 4]>` / method defined here
E0308	✏️s/🔌️plugins/🗄️stdio/📦️packages/🦀️rust/./././././././../../🗿️artifacts/🎒️zip/🏅️standards/🔖️2.0/🪆️subsets/✳️any/🚪️io/🦀️component.rs	645	mismatched types | expected reference `&[_]` found reference `&impl Future<Output = [u8; 4]>` / method defined here
E0308	✏️s/🔌️plugins/🗄️stdio/📦️packages/🦀️rust/./././././././../../🗿️artifacts/🎒️zip/🏅️standards/🔖️2.0/🪆️subsets/✳️any/🚪️io/🦀️component.rs	646	mismatched types | expected reference `&[_]` found reference `&impl Future<Output = [u8; 4]>` / method defined here
E0308	✏️s/🔌️plugins/🗄️stdio/📦️packages/🦀️rust/./././././././../../🗿️artifacts/🎒️zip/🏅️standards/🔖️2.0/🪆️subsets/✳️any/🚪️io/🦀️component.rs	647	mismatched types | expected reference `&[_]` found reference `&impl Future<Output = [u8; 2]>` / method defined here
E0308	✏️s/🔌️plugins/🗄️stdio/📦️packages/🦀️rust/./././././././../../🗿️artifacts/🎒️zip/🏅️standards/🔖️2.0/🪆️subsets/✳️any/🚪️io/🦀️component.rs	648	mismatched types | expected reference `&[_]` found reference `&impl Future<Output = [u8; 2]>` / method defined here
E0308	✏️s/🔌️plugins/🗄️stdio/📦️packages/🦀️rust/./././././././../../🗿️artifacts/🎒️zip/🏅️standards/🔖️2.0/🪆️subsets/✳️any/🚪️io/🦀️component.rs	649	mismatched types | expected reference `&[_]` found reference `&impl Future<Output = [u8; 2]>` / method defined here
E0308	✏️s/🔌️plugins/🗄️stdio/📦️packages/🦀️rust/./././././././../../🗿️artifacts/🎒️zip/🏅️standards/🔖️2.0/🪆️subsets/✳️any/🚪️io/🦀️component.rs	650	mismatched types | expected reference `&[_]` found reference `&impl Future<Output = [u8; 2]>` / method defined here
E0308	✏️s/🔌️plugins/🗄️stdio/📦️packages/🦀️rust/./././././././../../🗿️artifacts/🎒️zip/🏅️standards/🔖️2.0/🪆️subsets/✳️any/🚪️io/🦀️component.rs	651	mismatched types | expected reference `&[_]` found reference `&impl Future<Output = [u8; 2]>` / method defined here
E0308	✏️s/🔌️plugins/🗄️stdio/📦️packages/🦀️rust/./././././././../../🗿️artifacts/🎒️zip/🏅️standards/🔖️2.0/🪆️subsets/✳️any/🚪️io/🦀️component.rs	652	mismatched types | expected reference `&[_]` found reference `&impl Future<Output = [u8; 4]>` / method defined here
E0308	✏️s/🔌️plugins/🗄️stdio/📦️packages/🦀️rust/./././././././../../🗿️artifacts/🎒️zip/🏅️standards/🔖️2.0/🪆️subsets/✳️any/🚪️io/🦀️component.rs	653	mismatched types | expected reference `&[_]` found reference `&impl Future<Output = [u8; 4]>` / method defined here
E0308	✏️s/🔌️plugins/🗄️stdio/📦️packages/🦀️rust/./././././././../../🗿️artifacts/🎒️zip/🏅️standards/🔖️2.0/🪆️subsets/✳️any/🚪️io/🦀️component.rs	673	mismatched types | expected reference `&[_]` found reference `&impl Future<Output = [u8; 4]>` / method defined here
E0308	✏️s/🔌️plugins/🗄️stdio/📦️packages/🦀️rust/./././././././../../🗿️artifacts/🎒️zip/🏅️standards/🔖️2.0/🪆️subsets/✳️any/🚪️io/🦀️component.rs	674	mismatched types | expected reference `&[_]` found reference `&impl Future<Output = [u8; 2]>` / method defined here
E0308	✏️s/🔌️plugins/🗄️stdio/📦️packages/🦀️rust/./././././././../../🗿️artifacts/🎒️zip/🏅️standards/🔖️2.0/🪆️subsets/✳️any/🚪️io/🦀️component.rs	675	mismatched types | expected reference `&[_]` found reference `&impl Future<Output = [u8; 2]>` / method defined here
E0308	✏️s/🔌️plugins/🗄️stdio/📦️packages/🦀️rust/./././././././../../🗿️artifacts/🎒️zip/🏅️standards/🔖️2.0/🪆️subsets/✳️any/🚪️io/🦀️component.rs	676	mismatched types | expected reference `&[_]` found reference `&impl Future<Output = [u8; 2]>` / method defined here
E0308	✏️s/🔌️plugins/🗄️stdio/📦️packages/🦀️rust/./././././././../../🗿️artifacts/🎒️zip/🏅️standards/🔖️2.0/🪆️subsets/✳️any/🚪️io/🦀️component.rs	677	mismatched types | expected reference `&[_]` found reference `&impl Future<Output = [u8; 2]>` / method defined here
E0308	✏️s/🔌️plugins/🗄️stdio/📦️packages/🦀️rust/./././././././../../🗿️artifacts/🎒️zip/🏅️standards/🔖️2.0/🪆️subsets/✳️any/🚪️io/🦀️component.rs	678	mismatched types | expected reference `&[_]` found reference `&impl Future<Output = [u8; 4]>` / method defined here
E0308	✏️s/🔌️plugins/🗄️stdio/📦️packages/🦀️rust/./././././././../../🗿️artifacts/🎒️zip/🏅️standards/🔖️2.0/🪆️subsets/✳️any/🚪️io/🦀️component.rs	679	mismatched types | expected reference `&[_]` found reference `&impl Future<Output = [u8; 4]>` / method defined here
E0308	✏️s/🔌️plugins/🗄️stdio/📦️packages/🦀️rust/./././././././../../🗿️artifacts/🎒️zip/🏅️standards/🔖️2.0/🪆️subsets/✳️any/🚪️io/🦀️component.rs	680	mismatched types | expected reference `&[_]` found reference `&impl Future<Output = [u8; 2]>` / method defined here
E0277	✏️s/🔌️plugins/🗄️stdio/📦️packages/🦀️rust/././././././././../../🗿️artifacts/🏗️ifc/🏅️standards/🔖️4/🪆️subsets/✳️any/🧬️schema/🧬️mutations/🦀️component.rs	176	`impl Future<Output = std::string::String>` doesn't implement `std::fmt::Display` | the trait `std::fmt::Display` is not implemented for `impl Future<Output = std::string::String>` / in format strings you may be able to use `{:?}` (or {:#?} for pretty-print) instead
E0277	✏️s/🔌️plugins/🗄️stdio/📦️packages/🦀️rust/././././././././../../🗿️artifacts/☁️las/🏅️standards/🔖️1.0/🪆️subsets/✳️any/🧬️schema/🧬️mutations/🦀️component.rs	261	`impl Future<Output = std::string::String>` doesn't implement `std::fmt::Display` | the trait `std::fmt::Display` is not implemented for `impl Future<Output = std::string::String>` / in format strings you may be able to use `{:?}` (or {:#?} for pretty-print) instead
E0505	✏️s/🔌️plugins/🗄️stdio/📦️packages/🦀️rust/./././././././../../🗿️artifacts/🎨️svg/🏅️standards/🔖️1.1/🪆️subsets/✳️any/🧬️schema/🦀️component.rs	484	cannot move out of `self` because it is borrowed | consider cloning the value if the performance cost is acceptable
E0277	✏️s/🔌️plugins/🗄️stdio/📦️packages/🦀️rust/././././././././../../🗿️artifacts/🎨️svg/🏅️standards/🔖️1.1/🪆️subsets/✳️any/🧬️schema/🧬️mutations/🦀️component.rs	279	a value of type `Result<Vec<TransformOp>, String>` cannot be built from an iterator over elements of type `impl Future<Output = Result<TransformOp, String>>` | the trait `FromIterator<impl Future<Output = Result<artifacts::svg::standards::v1_1::subsets::any::schema::snapshot::component::TransformOp, std::string::String>>>` is not implemented for `Result<Vec<TransformOp>, String>` but trait `FromIterator<Result<artifacts::svg::standards::v1_1::subsets::any::schema::snapshot::component::TransformOp, std::string::String>>` is implemented for it / for that trait implementation, expected `Result<TransformOp, String>`, found `impl Future<Output = Result<TransformOp, String>>` / the method call chain might not have had the expected associated types / required by a bound in `collect` / the full name for the type has been written to '/Users/ueli/Documents/semio/.🧬semio/🦑️repo/🎫️tickets/🎆️26/🌙️08/☀️20/INTERACTIVE-JOB-RUNTIME-REFACTOR/PHASE-1-5-DE-ASYNC-REPAIR-SWEEP/🧪️target-r19-stdio/debug/deps/semio_s_plugin_stdio-1d1792480c328f6d.long-type-16328397979883481466.txt' / consider using `--verbose` to print the full type name to the console
E0271	✏️s/🔌️plugins/🗄️stdio/📦️packages/🦀️rust/././././././././../../🗿️artifacts/🎨️svg/🏅️standards/🔖️1.1/🪆️subsets/✳️any/🧬️schema/🧬️mutations/🦀️component.rs	325	expected `dec_view_box` to return `Result<_, String>`, but it returns `impl Future<Output = Result<ViewBox, String>>` | calling an async function returns a future / required by a bound in `artifacts::svg::standards::v1_1::subsets::any::schema::diff::component::decode_option` / consider `await`ing on the `Future`
E0271	✏️s/🔌️plugins/🗄️stdio/📦️packages/🦀️rust/././././././././../../🗿️artifacts/🎨️svg/🏅️standards/🔖️1.1/🪆️subsets/✳️any/🧬️schema/🧬️mutations/🦀️component.rs	326	expected `dec_transform_list` to return `Result<_, String>`, but it returns `impl Future<Output = Result<Vec<TransformOp>, String>>` | calling an async function returns a future / required by a bound in `artifacts::svg::standards::v1_1::subsets::any::schema::diff::component::decode_option` / consider `await`ing on the `Future`
E0277	✏️s/🔌️plugins/🗄️stdio/📦️packages/🦀️rust/././././././././../../🗿️artifacts/🎨️svg/🏅️standards/🔖️1.1/🪆️subsets/✳️any/🧬️schema/🧬️mutations/🦀️component.rs	418	`Result<u8, PackError>` is not a future | the trait `Future` is not implemented for `Result<u8, PackError>` / required by a bound in `semio_framework_plugin::resolve_ready`
E0277	✏️s/🔌️plugins/🗄️stdio/📦️packages/🦀️rust/././././././././../../🗿️artifacts/🎨️svg/🏅️standards/🔖️1.1/🪆️subsets/✳️any/🧬️schema/🧬️mutations/🦀️component.rs	418	`Result<f64, PackError>` is not a future | the trait `Future` is not implemented for `Result<f64, PackError>` / required by a bound in `semio_framework_plugin::resolve_ready`
E0277	✏️s/🔌️plugins/🗄️stdio/📦️packages/🦀️rust/././././././././../../🗿️artifacts/🎨️svg/🏅️standards/🔖️1.1/🪆️subsets/✳️any/🧬️schema/🧬️mutations/🦀️component.rs	418	`Result<u8, PackError>` is not a future | the trait `Future` is not implemented for `Result<u8, PackError>`
E0277	✏️s/🔌️plugins/🗄️stdio/📦️packages/🦀️rust/././././././././../../🗿️artifacts/🎨️svg/🏅️standards/🔖️1.1/🪆️subsets/✳️any/🧬️schema/🧬️mutations/🦀️component.rs	418	`Result<f64, PackError>` is not a future | the trait `Future` is not implemented for `Result<f64, PackError>`
E0505	✏️s/🔌️plugins/🗄️stdio/📦️packages/🦀️rust/././././././../../🗿️artifacts/🎨️svg/🏅️standards/🔖️1.1/🪆️subsets/✳️tiny/🧬️schema/🦀️component.rs	46	cannot move out of `self` because it is borrowed | consider cloning the value if the performance cost is acceptable
E0505	✏️s/🔌️plugins/🗄️stdio/📦️packages/🦀️rust/././././././../../🗿️artifacts/🎨️svg/🏅️standards/🔖️1.1/🪆️subsets/✳️basic/🧬️schema/🦀️component.rs	46	cannot move out of `self` because it is borrowed | consider cloning the value if the performance cost is acceptable
E0505	✏️s/🔌️plugins/🗄️stdio/📦️packages/🦀️rust/./././././././../../🗿️artifacts/📷️png/🏅️standards/🔖️1.2/🪆️subsets/✳️any/🧬️schema/🦀️component.rs	259	cannot move out of `self` because it is borrowed | consider cloning the value if the performance cost is acceptable
E0505	✏️s/🔌️plugins/🗄️stdio/📦️packages/🦀️rust/./././././././../../🗿️artifacts/📷️jpg/🏅️standards/🔖️jfif-1.01/🪆️subsets/✳️any/🧬️schema/🦀️component.rs	120	cannot move out of `self` because it is borrowed | consider cloning the value if the performance cost is acceptable
E0277	✏️s/🔌️plugins/🗄️stdio/📦️packages/🦀️rust/././././././././../../🗿️artifacts/📷️jpg/🏅️standards/🔖️jfif-1.01/🪆️subsets/✳️any/🧬️schema/🧬️mutations/🦀️component.rs	203	`impl Future<Output = std::string::String>` doesn't implement `std::fmt::Display` | the trait `std::fmt::Display` is not implemented for `impl Future<Output = std::string::String>` / in format strings you may be able to use `{:?}` (or {:#?} for pretty-print) instead
E0308	✏️s/🔌️plugins/🗄️stdio/📦️packages/🦀️rust/./././././././../../🗿️artifacts/🖼️tiff/🏅️standards/🔖️6.0/🪆️subsets/✳️any/🚪️io/🦀️component.rs	105	mismatched types | expected enum `Result<u16, std::string::String>` found enum `Result<impl Future<Output = u16>, _>`
E0308	✏️s/🔌️plugins/🗄️stdio/📦️packages/🦀️rust/./././././././../../🗿️artifacts/🖼️tiff/🏅️standards/🔖️6.0/🪆️subsets/✳️any/🚪️io/🦀️component.rs	108	mismatched types | expected enum `Result<u32, std::string::String>` found enum `Result<impl Future<Output = u32>, _>`
E0277	✏️s/🔌️plugins/🗄️stdio/📦️packages/🦀️rust/./././././././../../🗿️artifacts/🖼️tiff/🏅️standards/🔖️6.0/🪆️subsets/✳️any/🚪️io/🦀️component.rs	204	a value of type `Vec<u16>` cannot be built from an iterator over elements of type `impl Future<Output = u16>` | the trait `FromIterator<impl Future<Output = u16>>` is not implemented for `Vec<u16>` but trait `FromIterator<u16>` is implemented for it / for that trait implementation, expected `u16`, found `impl Future<Output = u16>` / the method call chain might not have had the expected associated types / required by a bound in `collect`
E0277	✏️s/🔌️plugins/🗄️stdio/📦️packages/🦀️rust/./././././././../../🗿️artifacts/🖼️tiff/🏅️standards/🔖️6.0/🪆️subsets/✳️any/🚪️io/🦀️component.rs	205	a value of type `Vec<u32>` cannot be built from an iterator over elements of type `impl Future<Output = u32>` | the trait `FromIterator<impl Future<Output = u32>>` is not implemented for `Vec<u32>` but trait `FromIterator<u32>` is implemented for it / for that trait implementation, expected `u32`, found `impl Future<Output = u32>` / the method call chain might not have had the expected associated types / required by a bound in `collect`
E0277	✏️s/🔌️plugins/🗄️stdio/📦️packages/🦀️rust/./././././././../../🗿️artifacts/🖼️tiff/🏅️standards/🔖️6.0/🪆️subsets/✳️any/🚪️io/🦀️component.rs	206	a value of type `Vec<(u32, u32)>` cannot be built from an iterator over elements of type `(impl Future<Output = u32>, impl Future<Output = u32>)` | the trait `FromIterator<(impl Future<Output = u32>, impl Future<Output = u32>)>` is not implemented for `Vec<(u32, u32)>` but trait `FromIterator<(u32, u32)>` is implemented for it / for that trait implementation, expected `u32`, found `impl Future<Output = u32>` / the method call chain might not have had the expected associated types / required by a bound in `collect`
E0308	✏️s/🔌️plugins/🗄️stdio/📦️packages/🦀️rust/./././././././../../🗿️artifacts/🖼️tiff/🏅️standards/🔖️6.0/🪆️subsets/✳️any/🚪️io/🦀️component.rs	212	mismatched types | associated function defined here
E0308	✏️s/🔌️plugins/🗄️stdio/📦️packages/🦀️rust/./././././././../../🗿️artifacts/🖼️tiff/🏅️standards/🔖️6.0/🪆️subsets/✳️any/🚪️io/🦀️component.rs	213	mismatched types | associated function defined here
E0605	✏️s/🔌️plugins/🗄️stdio/📦️packages/🦀️rust/./././././././../../🗿️artifacts/🖼️tiff/🏅️standards/🔖️6.0/🪆️subsets/✳️any/🚪️io/🦀️component.rs	194	non-primitive cast: `impl Future<Output = u32>` as `usize` | 
E0605	✏️s/🔌️plugins/🗄️stdio/📦️packages/🦀️rust/./././././././../../🗿️artifacts/🖼️tiff/🏅️standards/🔖️6.0/🪆️subsets/✳️any/🚪️io/🦀️component.rs	209	non-primitive cast: `impl Future<Output = u16>` as `i16` | 
E0605	✏️s/🔌️plugins/🗄️stdio/📦️packages/🦀️rust/./././././././../../🗿️artifacts/🖼️tiff/🏅️standards/🔖️6.0/🪆️subsets/✳️any/🚪️io/🦀️component.rs	210	non-primitive cast: `impl Future<Output = u32>` as `i32` | 
E0605	✏️s/🔌️plugins/🗄️stdio/📦️packages/🦀️rust/./././././././../../🗿️artifacts/🖼️tiff/🏅️standards/🔖️6.0/🪆️subsets/✳️any/🚪️io/🦀️component.rs	211	non-primitive cast: `impl Future<Output = u32>` as `i32` | 
E0605	✏️s/🔌️plugins/🗄️stdio/📦️packages/🦀️rust/./././././././../../🗿️artifacts/🖼️tiff/🏅️standards/🔖️6.0/🪆️subsets/✳️any/🚪️io/🦀️component.rs	211	non-primitive cast: `impl Future<Output = u32>` as `i32` | 
E0277	✏️s/🔌️plugins/🗄️stdio/📦️packages/🦀️rust/./././././././../../🗿️artifacts/🖼️tiff/🏅️standards/🔖️6.0/🪆️subsets/✳️any/🚪️io/🦀️component.rs	503	cannot add `impl Future<Output = usize>` to `usize` | the trait `std::ops::Add<impl Future<Output = usize>>` is not implemented for `usize` / the following other types implement trait `std::ops::Add<Rhs>`
E0271	✏️s/🔌️plugins/🗄️stdio/📦️packages/🦀️rust/././././././././../../🗿️artifacts/🧿️semio/🏅️standards/🔖️v1/🪆️subsets/✳️brep/🧬️schema/📸️snapshot/🏟️arena/🦀️component.rs	151	expected `{closure@🦀️component.rs:151:50}` to return `Option<(Id, &T)>`, but it returns `Option<(impl Future<Output = Id>, &T)>` | expected enum `std::option::Option<(Id, &_)>` found enum `std::option::Option<(impl Future<Output = Id>, &_)>` / required for `FilterMap<Enumerate<Iter<'_, Slot<T>>>, {closure@...}>` to implement `Iterator` / the full name for the type has been written to '/Users/ueli/Documents/semio/.🧬semio/🦑️repo/🎫️tickets/🎆️26/🌙️08/☀️20/INTERACTIVE-JOB-RUNTIME-REFACTOR/PHASE-1-5-DE-ASYNC-REPAIR-SWEEP/🧪️target-r19-stdio/debug/deps/semio_s_plugin_stdio-1d1792480c328f6d.long-type-3795915192295081698.txt' / consider using `--verbose` to print the full type name to the console
E0271	✏️s/🔌️plugins/🗄️stdio/📦️packages/🦀️rust/././././././././../../🗿️artifacts/🧿️semio/🏅️standards/🔖️v1/🪆️subsets/✳️brep/🧬️schema/📸️snapshot/🏟️arena/🦀️component.rs	157	expected `{closure@🦀️component.rs:155:54}` to return `Option<(Id, &mut T)>`, but it returns `Option<(impl Future<Output = Id>, &mut T)>` | expected enum `std::option::Option<(Id, &mut _)>` found enum `std::option::Option<(impl Future<Output = Id>, &mut _)>` / required for `FilterMap<Enumerate<IterMut<'_, Slot<T>>>, {closure@...}>` to implement `Iterator` / the full name for the type has been written to '/Users/ueli/Documents/semio/.🧬semio/🦑️repo/🎫️tickets/🎆️26/🌙️08/☀️20/INTERACTIVE-JOB-RUNTIME-REFACTOR/PHASE-1-5-DE-ASYNC-REPAIR-SWEEP/🧪️target-r19-stdio/debug/deps/semio_s_plugin_stdio-1d1792480c328f6d.long-type-1645857944967712183.txt' / consider using `--verbose` to print the full type name to the console
E0599	✏️s/🔌️plugins/🗄️stdio/📦️packages/🦀️rust/././././././././../../🗿️artifacts/🧿️semio/🏅️standards/🔖️v1/🪆️subsets/✳️drawing/🧬️schema/💡️inferences/🦀️component.rs	61	`impl Future<Output = BTreeMap<<... as InferredField<...>>::Key, ...>>` is not an iterator | the following trait bounds were not satisfied: `impl Future<Output = BTreeMap<<flattened_scene::component::DrawFlattenedScene as InferredField<semio::standards::v1::subsets::drawing::schema::snapshot::component::SemioDrawingSnapshot>>::Key, <flattened_scene::component::DrawFlattenedScene as InferredField<semio::standards::v1::subsets::drawing::schema::snapshot::component::SemioDrawingSnapshot>>::Value>>: Iterator` which is required by `impl Future<Output = BTreeMap<<flattened_scene::component::DrawFlattenedScene as InferredField<semio::standards::v1::subsets::drawing::schema::snapshot::component::SemioDrawingSnapshot>>::Key, <flattened_scene::component::DrawFlattenedScene as InferredField<semio::standards::v1::subsets::drawing::schema::snapshot::component::SemioDrawingSnapshot>>::Value>>: IntoIterator` `&impl Future<Output = BTreeMap<<flattened_scene::component::DrawFlattenedScene as InferredField<semio::standards::v1::subsets::drawing::schema::snapshot::component::SemioDrawingSnapshot>>::Key, <flattened_scene::component::DrawFlattenedScene as InferredField<semio::standards::v1::subsets::drawing::schema::snapshot::component::SemioDrawingSnapshot>>::Value>>: Iterator` which is required by `&impl Future<Output = BTreeMap<<flattened_scene::component::DrawFlattenedScene as InferredField<semio::standards::v1::subsets::drawing::schema::snapshot::component::SemioDrawingSnapshot>>::Key, <flattened_scene::component::DrawFlattenedScene as InferredField<semio::standards::v1::subsets::drawing::schema::snapshot::component::SemioDrawingSnapshot>>::Value>>: IntoIterator` `&mut impl Future<Output = BTreeMap<<flattened_scene::component::DrawFlattenedScene as InferredField<semio::standards::v1::subsets::drawing::schema::snapshot::component::SemioDrawingSnapshot>>::Key, <flattened_scene::component::DrawFlattenedScene as InferredField<semio::standards::v1::subsets::drawing::schema::snapshot::component::SemioDrawingSnapshot>>::Value>>: Iterator` which is required by `&mut impl Future<Output = BTreeMap<<flattened_scene::component::DrawFlattenedScene as InferredField<semio::standards::v1::subsets::drawing::schema::snapshot::component::SemioDrawingSnapshot>>::Key, <flattened_scene::component::DrawFlattenedScene as InferredField<semio::standards::v1::subsets::drawing::schema::snapshot::component::SemioDrawingSnapshot>>::Value>>: IntoIterator` / the full name for the type has been written to '/Users/ueli/Documents/semio/.🧬semio/🦑️repo/🎫️tickets/🎆️26/🌙️08/☀️20/INTERACTIVE-JOB-RUNTIME-REFACTOR/PHASE-1-5-DE-ASYNC-REPAIR-SWEEP/🧪️target-r19-stdio/debug/deps/semio_s_plugin_stdio-1d1792480c328f6d.long-type-9202273380730963081.txt' / consider using `--verbose` to print the full type name to the console
E0308	✏️s/🔌️plugins/🗄️stdio/📦️packages/🦀️rust/././././././././../../🗿️artifacts/🧿️semio/🏅️standards/🔖️v1/🪆️subsets/✳️mesh/🧬️schema/💡️inferences/🦀️component.rs	64	mismatched types | the full name for the type has been written to '/Users/ueli/Documents/semio/.🧬semio/🦑️repo/🎫️tickets/🎆️26/🌙️08/☀️20/INTERACTIVE-JOB-RUNTIME-REFACTOR/PHASE-1-5-DE-ASYNC-REPAIR-SWEEP/🧪️target-r19-stdio/debug/deps/semio_s_plugin_stdio-1d1792480c328f6d.long-type-2236622040261182316.txt' / consider using `--verbose` to print the full type name to the console
E0369	✏️s/🔌️plugins/🗄️stdio/📦️packages/🦀️rust/./././././././../../🗿️artifacts/🧿️semio/🏅️standards/🔖️v1/🪆️subsets/✳️value/🧬️schema/🌫️fuzzy-internals/🦀️component.rs	1391	cannot multiply `impl Future<Output = f64>` by `f64` | 
E0605	✏️s/🔌️plugins/🗄️stdio/📦️packages/🦀️rust/./././././././../../🗿️artifacts/🧿️semio/🏅️standards/🔖️v1/🪆️subsets/✳️value/🧬️schema/🌫️fuzzy-internals/🦀️component.rs	1386	non-primitive cast: `impl Future<Output = u64>` as `usize` | 
E0605	✏️s/🔌️plugins/🗄️stdio/📦️packages/🦀️rust/./././././././../../🗿️artifacts/🧿️semio/🏅️standards/🔖️v1/🪆️subsets/✳️value/🧬️schema/🌫️fuzzy-internals/🦀️component.rs	1387	non-primitive cast: `impl Future<Output = u64>` as `usize` | 
E0277	✏️s/🔌️plugins/🗄️stdio/📦️packages/🦀️rust/./././././././../../🗿️artifacts/🧿️semio/🏅️standards/🔖️v1/🪆️subsets/✳️table/🧬️schema/🎲️probability-internals/🦀️component.rs	405	cannot multiply `{float}` by `impl Future<Output = f64>` | the trait `std::ops::Mul<impl Future<Output = f64>>` is not implemented for `{float}` / the following other types implement trait `std::ops::Mul<Rhs>`: `&f128` implements `std::ops::Mul<f128>` `&f128` implements `std::ops::Mul` `&f16` implements `std::ops::Mul<f16>` `&f16` implements `std::ops::Mul` `&f32` implements `std::ops::Mul<f32>` `&f32` implements `std::ops::Mul` `&f64` implements `std::ops::Mul<f64>` `&f64` implements `std::ops::Mul` and 62 others
E0277	✏️s/🔌️plugins/🗄️stdio/📦️packages/🦀️rust/./././././././../../🗿️artifacts/🧿️semio/🏅️standards/🔖️v1/🪆️subsets/✳️table/🧬️schema/🎲️probability-internals/🦀️component.rs	406	cannot multiply `{float}` by `impl Future<Output = f64>` | the trait `std::ops::Mul<impl Future<Output = f64>>` is not implemented for `{float}` / the following other types implement trait `std::ops::Mul<Rhs>`: `&f128` implements `std::ops::Mul<f128>` `&f128` implements `std::ops::Mul` `&f16` implements `std::ops::Mul<f16>` `&f16` implements `std::ops::Mul` `&f32` implements `std::ops::Mul<f32>` `&f32` implements `std::ops::Mul` `&f64` implements `std::ops::Mul<f64>` `&f64` implements `std::ops::Mul` and 62 others
E0689	✏️s/🔌️plugins/🗄️stdio/📦️packages/🦀️rust/./././././././../../🗿️artifacts/🧿️semio/🏅️standards/🔖️v1/🪆️subsets/✳️table/🧬️schema/🎲️probability-internals/🦀️component.rs	409	can't call method `sqrt` on ambiguous numeric type `{float}` | 
E0369	✏️s/🔌️plugins/🗄️stdio/📦️packages/🦀️rust/./././././././../../🗿️artifacts/🧿️semio/🏅️standards/🔖️v1/🪆️subsets/✳️table/🧬️schema/🎲️probability-internals/🦀️component.rs	466	cannot multiply `impl Future<Output = f64>` by `f64` | 
E0369	✏️s/🔌️plugins/🗄️stdio/📦️packages/🦀️rust/./././././././../../🗿️artifacts/🧿️semio/🏅️standards/🔖️v1/🪆️subsets/✳️table/🧬️schema/🎲️probability-internals/🦀️component.rs	528	binary operation `<` cannot be applied to type `impl Future<Output = f64>` | 
E0308	✏️s/🔌️plugins/🗄️stdio/📦️packages/🦀️rust/./././././././../../🗿️artifacts/🧿️semio/🏅️standards/🔖️v1/🪆️subsets/✳️table/🧬️schema/🎲️probability-internals/🦀️component.rs	531	mismatched types | 
E0369	✏️s/🔌️plugins/🗄️stdio/📦️packages/🦀️rust/./././././././../../🗿️artifacts/🧿️semio/🏅️standards/🔖️v1/🪆️subsets/✳️table/🧬️schema/🎲️probability-internals/🦀️component.rs	590	binary operation `<` cannot be applied to type `impl Future<Output = f64>` | 
E0308	✏️s/🔌️plugins/🗄️stdio/📦️packages/🦀️rust/./././././././../../🗿️artifacts/🧿️semio/🏅️standards/🔖️v1/🪆️subsets/✳️table/🧬️schema/🎲️probability-internals/🦀️component.rs	593	mismatched types | 
E0369	✏️s/🔌️plugins/🗄️stdio/📦️packages/🦀️rust/./././././././../../🗿️artifacts/🧿️semio/🏅️standards/🔖️v1/🪆️subsets/✳️table/🧬️schema/🎲️probability-internals/🦀️component.rs	600	cannot divide `impl Future<Output = f64>` by `f64` | 
E0369	✏️s/🔌️plugins/🗄️stdio/📦️packages/🦀️rust/./././././././../../🗿️artifacts/🧿️semio/🏅️standards/🔖️v1/🪆️subsets/✳️table/🧬️schema/🎲️probability-internals/🦀️component.rs	660	binary operation `<` cannot be applied to type `impl Future<Output = f64>` | 
E0308	✏️s/🔌️plugins/🗄️stdio/📦️packages/🦀️rust/./././././././../../🗿️artifacts/🧿️semio/🏅️standards/🔖️v1/🪆️subsets/✳️table/🧬️schema/🎲️probability-internals/🦀️component.rs	663	mismatched types | 
E0277	✏️s/🔌️plugins/🗄️stdio/📦️packages/🦀️rust/./././././././../../🗿️artifacts/🧿️semio/🏅️standards/🔖️v1/🪆️subsets/✳️table/🧬️schema/🎲️probability-internals/🦀️component.rs	724	the trait bound `u64: From<impl Future<Output = bool>>` is not satisfied | `u64` implements trait `From<T>`: From<bool> From<char> From<std::ascii::Char> From<u16> From<u32> From<u8>
E0369	✏️s/🔌️plugins/🗄️stdio/📦️packages/🦀️rust/./././././././../../🗿️artifacts/🧿️semio/🏅️standards/🔖️v1/🪆️subsets/✳️table/🧬️schema/🎲️probability-internals/🦀️component.rs	794	binary operation `>=` cannot be applied to type `impl Future<Output = f64>` | 
E0308	✏️s/🔌️plugins/🗄️stdio/📦️packages/🦀️rust/./././././././../../🗿️artifacts/🧿️semio/🏅️standards/🔖️v1/🪆️subsets/✳️table/🧬️schema/🎲️probability-internals/🦀️component.rs	803	mismatched types | 
E0277	✏️s/🔌️plugins/🗄️stdio/📦️packages/🦀️rust/././././././../../🗿️artifacts/🎥️mp4/🏅️standards/🔖️isobmff/🪆️subsets/✳️any/🚪️io/🦀️component.rs	557	can't compare `usize` with `impl Future<Output = usize>` | the trait `PartialEq<impl Future<Output = usize>>` is not implemented for `usize` / `usize` implements trait `PartialEq<Rhs>`
E0277	✏️s/🔌️plugins/🗄️stdio/📦️packages/🦀️rust/././././././../../🗿️artifacts/🎥️mp4/🏅️standards/🔖️isobmff/🪆️subsets/✳️any/🚪️io/🦀️component.rs	563	can't compare `usize` with `impl Future<Output = usize>` | the trait `PartialEq<impl Future<Output = usize>>` is not implemented for `usize` / `usize` implements trait `PartialEq<Rhs>`
E0277	✏️s/🔌️plugins/🗄️stdio/📦️packages/🦀️rust/././././././../../🗿️artifacts/🎥️mp4/🏅️standards/🔖️isobmff/🪆️subsets/✳️any/🚪️io/🦀️component.rs	571	can't compare `usize` with `impl Future<Output = usize>` | the trait `PartialEq<impl Future<Output = usize>>` is not implemented for `usize` / `usize` implements trait `PartialEq<Rhs>`
E0308	✏️s/🔌️plugins/🗄️stdio/📦️packages/🦀️rust/././././././../../🗿️artifacts/🎥️mp4/🏅️standards/🔖️isobmff/🪆️subsets/✳️any/🚪️io/🦀️component.rs	890	mismatched types | expected opaque type `impl Future<Output = Vec<u8>>` found struct `Vec<u8>`
E0505	✏️s/🔌️plugins/🗄️stdio/📦️packages/🦀️rust/./././././././../../🗿️artifacts/🎥️mp4/🏅️standards/🔖️isobmff/🪆️subsets/✳️any/🧬️schema/🦀️component.rs	105	cannot move out of `self` because it is borrowed | consider cloning the value if the performance cost is acceptable
E0277	✏️s/🔌️plugins/🗄️stdio/📦️packages/🦀️rust/././././././././../../🗿️artifacts/🎥️mp4/🏅️standards/🔖️isobmff/🪆️subsets/✳️any/🧬️schema/🔺️diff/🦀️component.rs	133	cannot subtract `impl Future<Output = usize>` from `usize` | the trait `std::ops::Sub<impl Future<Output = usize>>` is not implemented for `usize` / the following other types implement trait `std::ops::Sub<Rhs>`
E0277	✏️s/🔌️plugins/🗄️stdio/📦️packages/🦀️rust/././././././././../../🗿️artifacts/🎥️mp4/🏅️standards/🔖️isobmff/🪆️subsets/✳️any/🧬️schema/🔺️diff/🦀️component.rs	138	cannot add `impl Future<Output = usize>` to `usize` | the trait `std::ops::Add<impl Future<Output = usize>>` is not implemented for `usize` / the following other types implement trait `std::ops::Add<Rhs>`
E0308	✏️s/🔌️plugins/🗄️stdio/📦️packages/🦀️rust/././././././././../../🗿️artifacts/🎥️mp4/🏅️standards/🔖️isobmff/🪆️subsets/✳️any/🧬️schema/🔺️diff/🦀️component.rs	196	mismatched types | expected reference `&usize` found reference `&impl Future<Output = usize>` / method defined here
E0308	✏️s/🔌️plugins/🗄️stdio/📦️packages/🦀️rust/././././././././../../🗿️artifacts/🎥️mp4/🏅️standards/🔖️isobmff/🪆️subsets/✳️any/🧬️schema/🔺️diff/🦀️component.rs	199	mismatched types | expected reference `&usize` found reference `&impl Future<Output = usize>` / method defined here
E0308	✏️s/🔌️plugins/🗄️stdio/📦️packages/🦀️rust/././././././././../../🗿️artifacts/🎥️mp4/🏅️standards/🔖️isobmff/🪆️subsets/✳️any/🧬️schema/🔺️diff/🦀️component.rs	217	mismatched types | function defined here
E0308	✏️s/🔌️plugins/🗄️stdio/📦️packages/🦀️rust/././././././././../../🗿️artifacts/🎥️mp4/🏅️standards/🔖️isobmff/🪆️subsets/✳️any/🧬️schema/🔺️diff/🦀️component.rs	217	`if` and `else` have incompatible types | 
E0271	✏️s/🔌️plugins/🗄️stdio/📦️packages/🦀️rust/././././././././../../🗿️artifacts/🎥️mp4/🏅️standards/🔖️isobmff/🪆️subsets/✳️any/🧬️schema/🔺️diff/🦀️component.rs	350	expected `apply_sample_diff` to return `Mp4Sample`, but it returns `impl Future<Output = Mp4Sample>` | required by a bound in `isobmff::subsets::any::schema::diff::component::apply_indexed`
E0631	✏️s/🔌️plugins/🗄️stdio/📦️packages/🦀️rust/././././././././../../🗿️artifacts/🎥️mp4/🏅️standards/🔖️isobmff/🪆️subsets/✳️any/🧬️schema/🔺️diff/🦀️component.rs	358	type mismatch in function arguments | expected function signature `for<'a> fn(&'a impl Future<Output = isobmff::subsets::any::schema::diff::component::Mp4SampleDiff>) -> _` found function signature `fn(&isobmff::subsets::any::schema::diff::component::Mp4SampleDiff) -> _` / required by a bound in `isobmff::subsets::any::schema::diff::component::between_indexed` / consider wrapping the function in a closure
E0631	✏️s/🔌️plugins/🗄️stdio/📦️packages/🦀️rust/././././././././../../🗿️artifacts/🎥️mp4/🏅️standards/🔖️isobmff/🪆️subsets/✳️any/🧬️schema/🔺️diff/🦀️component.rs	358	type mismatch in function arguments | expected function signature `for<'a> fn(&'a impl Future<Output = isobmff::subsets::any::schema::diff::component::Mp4SampleDiff>) -> _` found function signature `fn(&isobmff::subsets::any::schema::diff::component::Mp4SampleDiff) -> _` / required by a bound in `isobmff::subsets::any::schema::diff::component::between_indexed`
E0631	✏️s/🔌️plugins/🗄️stdio/📦️packages/🦀️rust/././././././././../../🗿️artifacts/🎥️mp4/🏅️standards/🔖️isobmff/🪆️subsets/✳️any/🧬️schema/🔺️diff/🦀️component.rs	358	type mismatch in function arguments | expected function signature `for<'a> fn(&'a impl Future<Output = isobmff::subsets::any::schema::diff::component::Mp4SampleDiff>) -> _` found function signature `fn(&isobmff::subsets::any::schema::diff::component::Mp4SampleDiff) -> _` / required by a bound in `isobmff::subsets::any::schema::diff::component::between_indexed`
E0308	✏️s/🔌️plugins/🗄️stdio/📦️packages/🦀️rust/././././././././../../🗿️artifacts/🎥️mp4/🏅️standards/🔖️isobmff/🪆️subsets/✳️any/🧬️schema/🔺️diff/🦀️component.rs	367	mismatched types | expected struct `isobmff::subsets::any::schema::diff::component::IndexedDiff<_, isobmff::subsets::any::schema::diff::component::Mp4SampleDiff>` found struct `isobmff::subsets::any::schema::diff::component::IndexedDiff<_, impl Future<Output = isobmff::subsets::any::schema::diff::component::Mp4SampleDiff>>` / the return type of this call is `isobmff::subsets::any::schema::diff::component::IndexedDiff<isobmff::subsets::any::schema::snapshot::component::Mp4Sample, impl Future<Output = isobmff::subsets::any::schema::diff::component::Mp4SampleDiff>>` due to the type of the argument passed / method defined here
E0271	✏️s/🔌️plugins/🗄️stdio/📦️packages/🦀️rust/././././././././../../🗿️artifacts/🎥️mp4/🏅️standards/🔖️isobmff/🪆️subsets/✳️any/🧬️schema/🔺️diff/🦀️component.rs	396	expected `absorb_sample_diff` to return `()`, but it returns `impl Future<Output = ()>` | calling an async function returns a future / required by a bound in `isobmff::subsets::any::schema::diff::component::absorb_indexed` / consider `await`ing on the `Future`
E0271	✏️s/🔌️plugins/🗄️stdio/📦️packages/🦀️rust/././././././././../../🗿️artifacts/🎥️mp4/🏅️standards/🔖️isobmff/🪆️subsets/✳️any/🧬️schema/🔺️diff/🦀️component.rs	396	expected `apply_sample_diff_mut` to return `()`, but it returns `impl Future<Output = ()>` | calling an async function returns a future / required by a bound in `isobmff::subsets::any::schema::diff::component::absorb_indexed` / consider `await`ing on the `Future`
E0271	✏️s/🔌️plugins/🗄️stdio/📦️packages/🦀️rust/././././././././../../🗿️artifacts/🎥️mp4/🏅️standards/🔖️isobmff/🪆️subsets/✳️any/🧬️schema/🔺️diff/🦀️component.rs	396	expected `absorb_sample_diff` to return `()`, but it returns `impl Future<Output = ()>` | calling an async function returns a future / required by a bound in `isobmff::subsets::any::schema::diff::component::absorb_indexed` / consider `await`ing on the `Future`
E0271	✏️s/🔌️plugins/🗄️stdio/📦️packages/🦀️rust/././././././././../../🗿️artifacts/🎥️mp4/🏅️standards/🔖️isobmff/🪆️subsets/✳️any/🧬️schema/🔺️diff/🦀️component.rs	396	expected `apply_sample_diff_mut` to return `()`, but it returns `impl Future<Output = ()>` | calling an async function returns a future / required by a bound in `isobmff::subsets::any::schema::diff::component::absorb_indexed` / consider `await`ing on the `Future`
E0271	✏️s/🔌️plugins/🗄️stdio/📦️packages/🦀️rust/././././././././../../🗿️artifacts/🎥️mp4/🏅️standards/🔖️isobmff/🪆️subsets/✳️any/🧬️schema/🔺️diff/🦀️component.rs	396	expected `absorb_sample_diff` to return `()`, but it returns `impl Future<Output = ()>` | calling an async function returns a future / required by a bound in `isobmff::subsets::any::schema::diff::component::absorb_indexed` / consider `await`ing on the `Future`
E0271	✏️s/🔌️plugins/🗄️stdio/📦️packages/🦀️rust/././././././././../../🗿️artifacts/🎥️mp4/🏅️standards/🔖️isobmff/🪆️subsets/✳️any/🧬️schema/🔺️diff/🦀️component.rs	396	expected `apply_sample_diff_mut` to return `()`, but it returns `impl Future<Output = ()>` | calling an async function returns a future / required by a bound in `isobmff::subsets::any::schema::diff::component::absorb_indexed` / consider `await`ing on the `Future`
E0277	✏️s/🔌️plugins/🗄️stdio/📦️packages/🦀️rust/././../../🗿️artifacts/📄️pdf/🏅️standards/🔖️1.7/🪆️subsets/✳️h/👁️viewer/🦀️component.rs	84	`ViewerBuilder` is not a future | the trait `Future` is not implemented for `ViewerBuilder` / required by a bound in `semio_framework_plugin::resolve_ready`
E0277	✏️s/🔌️plugins/🗄️stdio/📦️packages/🦀️rust/././../../🗿️artifacts/📄️pdf/🏅️standards/🔖️1.7/🪆️subsets/✳️h/👁️viewer/🦀️component.rs	84	`ViewerBuilder` is not a future | the trait `Future` is not implemented for `ViewerBuilder`
E0308	✏️s/🔌️plugins/🗄️stdio/📦️packages/🦀️rust/././././././../../🗿️artifacts/🖊️dxf/🏅️standards/🔖️r12/🪆️subsets/✳️any/👁️viewer/🎭️modes/👁️view/🪟️windows/🪟️main/🦀️component.rs	25	mismatched types | 
E0308	✏️s/🔌️plugins/🗄️stdio/📦️packages/🦀️rust/././././././../../🗿️artifacts/🗜️deflate/🏅️standards/🔖️rfc1950/🪆️subsets/✳️any/✏️editor/🎭️modes/✏️edit/🪟️windows/🪟️main/🦀️component.rs	23	mismatched types | 
E0308	✏️s/🔌️plugins/🗄️stdio/📦️packages/🦀️rust/././././././../../🗿️artifacts/🧿️semio/🏅️standards/🔖️v1/🪆️subsets/✳️video/👁️viewer/🎭️modes/👁️view/🪟️windows/🪟️main/🦀️component.rs	25	mismatched types | 
E0277	✏️s/🔌️plugins/🗄️stdio/📦️packages/🦀️rust/././../../🗿️artifacts/📄️pdf/🏅️standards/🔖️1.7/🪆️subsets/✳️ua/👁️viewer/🦀️component.rs	84	`ViewerBuilder` is not a future | the trait `Future` is not implemented for `ViewerBuilder` / required by a bound in `semio_framework_plugin::resolve_ready`
E0277	✏️s/🔌️plugins/🗄️stdio/📦️packages/🦀️rust/././../../🗿️artifacts/📄️pdf/🏅️standards/🔖️1.7/🪆️subsets/✳️ua/👁️viewer/🦀️component.rs	84	`ViewerBuilder` is not a future | the trait `Future` is not implemented for `ViewerBuilder`
E0277	✏️s/🔌️plugins/🗄️stdio/📦️packages/🦀️rust/././../../🗿️artifacts/💾️binary/🏅️standards/🔖️raw/🪆️subsets/✳️any/✏️editor/🦀️component.rs	83	`usize` is not a future | the trait `Future` is not implemented for `usize` / required by a bound in `semio_framework_plugin::resolve_ready`
E0277	✏️s/🔌️plugins/🗄️stdio/📦️packages/🦀️rust/././../../🗿️artifacts/💾️binary/🏅️standards/🔖️raw/🪆️subsets/✳️any/✏️editor/🦀️component.rs	83	`usize` is not a future | the trait `Future` is not implemented for `usize`
E0277	✏️s/🔌️plugins/🗄️stdio/📦️packages/🦀️rust/././../../🗿️artifacts/📄️pdf/🏅️standards/🔖️1.7/🪆️subsets/✳️vt/👁️viewer/🦀️component.rs	84	`ViewerBuilder` is not a future | the trait `Future` is not implemented for `ViewerBuilder` / required by a bound in `semio_framework_plugin::resolve_ready`
E0277	✏️s/🔌️plugins/🗄️stdio/📦️packages/🦀️rust/././../../🗿️artifacts/📄️pdf/🏅️standards/🔖️1.7/🪆️subsets/✳️vt/👁️viewer/🦀️component.rs	84	`ViewerBuilder` is not a future | the trait `Future` is not implemented for `ViewerBuilder`
E0277	✏️s/🔌️plugins/🗄️stdio/📦️packages/🦀️rust/././../../🗿️artifacts/📄️pdf/🏅️standards/🔖️1.4/🪆️subsets/✳️x/✏️editor/🦀️component.rs	155	`EditorBuilder` is not a future | the trait `Future` is not implemented for `EditorBuilder` / required by a bound in `semio_framework_plugin::resolve_ready`
E0277	✏️s/🔌️plugins/🗄️stdio/📦️packages/🦀️rust/././../../🗿️artifacts/📄️pdf/🏅️standards/🔖️1.4/🪆️subsets/✳️x/✏️editor/🦀️component.rs	155	`EditorBuilder` is not a future | the trait `Future` is not implemented for `EditorBuilder`
E0277	✏️s/🔌️plugins/🗄️stdio/📦️packages/🦀️rust/././../../🗿️artifacts/📄️pdf/🏅️standards/🔖️1.7/🪆️subsets/✳️x/👁️viewer/🦀️component.rs	84	`ViewerBuilder` is not a future | the trait `Future` is not implemented for `ViewerBuilder` / required by a bound in `semio_framework_plugin::resolve_ready`
E0277	✏️s/🔌️plugins/🗄️stdio/📦️packages/🦀️rust/././../../🗿️artifacts/📄️pdf/🏅️standards/🔖️1.7/🪆️subsets/✳️x/👁️viewer/🦀️component.rs	84	`ViewerBuilder` is not a future | the trait `Future` is not implemented for `ViewerBuilder`
E0599	✏️s/🔌️plugins/🗄️stdio/📦️packages/🦀️rust/././../../🗿️artifacts/🧿️semio/🏅️standards/🔖️v1/🪆️subsets/✳️brep/👁️viewer/🦀️component.rs	84	no method named `icon_id` found for opaque type `impl Future<Output = ViewerBuilder>` in the current scope | consider `await`ing on the `Future` and calling the method on its `Output`
E0599	✏️s/🔌️plugins/🗄️stdio/📦️packages/🦀️rust/././././././../../🗿️artifacts/📜️docx/🏅️standards/🔖️ecma-376/🪆️subsets/✳️transitional/✏️editor/🦀️component.rs	140	no method named `icon_id` found for opaque type `impl Future<Output = EditorBuilder>` in the current scope | consider `await`ing on the `Future` and calling the method on its `Output`
E0308	✏️s/🔌️plugins/🗄️stdio/📦️packages/🦀️rust/././././././././././../../🗿️artifacts/📜️docx/🏅️standards/🔖️ecma-376/🪆️subsets/✳️transitional/✏️editor/🎭️modes/✏️edit/🪟️windows/🪟️main/🦀️component.rs	24	mismatched types | 
E0308	✏️s/🔌️plugins/🗄️stdio/📦️packages/🦀️rust/././././././../../🗿️artifacts/🧿️semio/🏅️standards/🔖️v1/🪆️subsets/✳️brep/👁️viewer/🎭️modes/👁️view/🪟️windows/🪟️main/🦀️component.rs	25	mismatched types | 
E0599	✏️s/🔌️plugins/🗄️stdio/📦️packages/🦀️rust/../../🦀️component.rs	16	no method named `label` found for opaque type `impl Future<Output = PluginBuilder<NeedsLabel, _>>` in the current scope | consider `await`ing on the `Future` and calling the method on its `Output`
E0599	✏️s/🔌️plugins/🗄️stdio/📦️packages/🦀️rust/././../../🗿️artifacts/💾️binary/🏅️standards/🔖️raw/🪆️subsets/✳️any/✏️editor/🦀️component.rs	158	no method named `icon_id` found for opaque type `impl Future<Output = EditorBuilder>` in the current scope | consider `await`ing on the `Future` and calling the method on its `Output`
E0308	✏️s/🔌️plugins/🗄️stdio/📦️packages/🦀️rust/././././././../../🗿️artifacts/💾️binary/🏅️standards/🔖️raw/🪆️subsets/✳️any/✏️editor/🎭️modes/✏️edit/🪟️windows/🪟️main/🦀️component.rs	29	mismatched types | 
E0599	✏️s/🔌️plugins/🗄️stdio/📦️packages/🦀️rust/././././././../../🗿️artifacts/📜️docx/🏅️standards/🔖️ecma-376/🪆️subsets/✳️any/👁️viewer/🦀️component.rs	84	no method named `icon_id` found for opaque type `impl Future<Output = ViewerBuilder>` in the current scope | consider `await`ing on the `Future` and calling the method on its `Output`
E0308	✏️s/🔌️plugins/🗄️stdio/📦️packages/🦀️rust/././././././././././../../🗿️artifacts/📜️docx/🏅️standards/🔖️ecma-376/🪆️subsets/✳️any/👁️viewer/🎭️modes/👁️view/🪟️windows/🪟️main/🦀️component.rs	20	mismatched types | 
E0277	✏️s/🔌️plugins/🗄️stdio/📦️packages/🦀️rust/././../../🗿️artifacts/📄️pdf/🏅️standards/🔖️1.7/🪆️subsets/✳️a/✏️editor/🦀️component.rs	155	`EditorBuilder` is not a future | the trait `Future` is not implemented for `EditorBuilder` / required by a bound in `semio_framework_plugin::resolve_ready`
E0277	✏️s/🔌️plugins/🗄️stdio/📦️packages/🦀️rust/././../../🗿️artifacts/📄️pdf/🏅️standards/🔖️1.7/🪆️subsets/✳️a/✏️editor/🦀️component.rs	155	`EditorBuilder` is not a future | the trait `Future` is not implemented for `EditorBuilder`
E0599	✏️s/🔌️plugins/🗄️stdio/📦️packages/🦀️rust/././../../🗿️artifacts/📷️png/🏅️standards/🔖️1.2/🪆️subsets/✳️any/👁️viewer/🦀️component.rs	72	no method named `icon_id` found for opaque type `impl Future<Output = ViewerBuilder>` in the current scope | consider `await`ing on the `Future` and calling the method on its `Output`
E0308	✏️s/🔌️plugins/🗄️stdio/📦️packages/🦀️rust/././././././../../🗿️artifacts/📷️png/🏅️standards/🔖️1.2/🪆️subsets/✳️any/👁️viewer/🎭️modes/👁️view/🪟️windows/🪟️main/🦀️component.rs	15	mismatched types | 
E0599	✏️s/🔌️plugins/🗄️stdio/📦️packages/🦀️rust/././././././../../🗿️artifacts/🎞️pptx/🏅️standards/🔖️ecma-376/🪆️subsets/✳️any/✏️editor/🦀️component.rs	144	no method named `icon_id` found for opaque type `impl Future<Output = EditorBuilder>` in the current scope | consider `await`ing on the `Future` and calling the method on its `Output`
E0308	✏️s/🔌️plugins/🗄️stdio/📦️packages/🦀️rust/././././././././././../../🗿️artifacts/🎞️pptx/🏅️standards/🔖️ecma-376/🪆️subsets/✳️any/✏️editor/🎭️modes/✏️edit/🪟️windows/🪟️main/🦀️component.rs	21	mismatched types | 
E0599	✏️s/🔌️plugins/🗄️stdio/📦️packages/🦀️rust/././../../🗿️artifacts/📷️jpg/🏅️standards/🔖️jfif-1.01/🪆️subsets/✳️any/👁️viewer/🦀️component.rs	72	no method named `icon_id` found for opaque type `impl Future<Output = ViewerBuilder>` in the current scope | consider `await`ing on the `Future` and calling the method on its `Output`
E0599	✏️s/🔌️plugins/🗄️stdio/📦️packages/🦀️rust/././././././../../🗿️artifacts/📜️docx/🏅️standards/🔖️ecma-376/🪆️subsets/✳️strict/👁️viewer/🦀️component.rs	85	no method named `icon_id` found for opaque type `impl Future<Output = ViewerBuilder>` in the current scope | consider `await`ing on the `Future` and calling the method on its `Output`
E0308	✏️s/🔌️plugins/🗄️stdio/📦️packages/🦀️rust/././././././././././../../🗿️artifacts/📜️docx/🏅️standards/🔖️ecma-376/🪆️subsets/✳️strict/👁️viewer/🎭️modes/👁️view/🪟️windows/🪟️main/🦀️component.rs	21	mismatched types | 
E0308	✏️s/🔌️plugins/🗄️stdio/📦️packages/🦀️rust/././././././../../🗿️artifacts/📷️jpg/🏅️standards/🔖️jfif-1.01/🪆️subsets/✳️any/👁️viewer/🎭️modes/👁️view/🪟️windows/🪟️main/🦀️component.rs	15	mismatched types | 
E0277	✏️s/🔌️plugins/🗄️stdio/📦️packages/🦀️rust/././../../🗿️artifacts/📄️pdf/🏅️standards/🔖️1.7/🪆️subsets/✳️any/✏️editor/🦀️component.rs	155	`EditorBuilder` is not a future | the trait `Future` is not implemented for `EditorBuilder` / required by a bound in `semio_framework_plugin::resolve_ready`
E0277	✏️s/🔌️plugins/🗄️stdio/📦️packages/🦀️rust/././../../🗿️artifacts/📄️pdf/🏅️standards/🔖️1.7/🪆️subsets/✳️any/✏️editor/🦀️component.rs	155	`EditorBuilder` is not a future | the trait `Future` is not implemented for `EditorBuilder`
E0599	✏️s/🔌️plugins/🗄️stdio/📦️packages/🦀️rust/././../../🗿️artifacts/📷️jpg/🏅️standards/🔖️jfif-1.01/🪆️subsets/✳️baseline/👁️viewer/🦀️component.rs	72	no method named `icon_id` found for opaque type `impl Future<Output = ViewerBuilder>` in the current scope | consider `await`ing on the `Future` and calling the method on its `Output`
E0308	✏️s/🔌️plugins/🗄️stdio/📦️packages/🦀️rust/././././././../../🗿️artifacts/📷️jpg/🏅️standards/🔖️jfif-1.01/🪆️subsets/✳️baseline/👁️viewer/🎭️modes/👁️view/🪟️windows/🪟️main/🦀️component.rs	15	mismatched types | 
E0277	✏️s/🔌️plugins/🗄️stdio/📦️packages/🦀️rust/././../../🗿️artifacts/📄️pdf/🏅️standards/🔖️1.7/🪆️subsets/✳️e/✏️editor/🦀️component.rs	155	`EditorBuilder` is not a future | the trait `Future` is not implemented for `EditorBuilder` / required by a bound in `semio_framework_plugin::resolve_ready`
E0277	✏️s/🔌️plugins/🗄️stdio/📦️packages/🦀️rust/././../../🗿️artifacts/📄️pdf/🏅️standards/🔖️1.7/🪆️subsets/✳️e/✏️editor/🦀️component.rs	155	`EditorBuilder` is not a future | the trait `Future` is not implemented for `EditorBuilder`
E0599	✏️s/🔌️plugins/🗄️stdio/📦️packages/🦀️rust/././././././../../🗿️artifacts/📜️docx/🏅️standards/🔖️ecma-376/🪆️subsets/✳️transitional/👁️viewer/🦀️component.rs	85	no method named `icon_id` found for opaque type `impl Future<Output = ViewerBuilder>` in the current scope | consider `await`ing on the `Future` and calling the method on its `Output`
E0599	✏️s/🔌️plugins/🗄️stdio/📦️packages/🦀️rust/././././././../../🗿️artifacts/🎞️pptx/🏅️standards/🔖️ecma-376/🪆️subsets/✳️strict/✏️editor/🦀️component.rs	144	no method named `icon_id` found for opaque type `impl Future<Output = EditorBuilder>` in the current scope | consider `await`ing on the `Future` and calling the method on its `Output`
E0308	✏️s/🔌️plugins/🗄️stdio/📦️packages/🦀️rust/././././././././././../../🗿️artifacts/📜️docx/🏅️standards/🔖️ecma-376/🪆️subsets/✳️transitional/👁️viewer/🎭️modes/👁️view/🪟️windows/🪟️main/🦀️component.rs	21	mismatched types | 
E0308	✏️s/🔌️plugins/🗄️stdio/📦️packages/🦀️rust/././././././././././../../🗿️artifacts/🎞️pptx/🏅️standards/🔖️ecma-376/🪆️subsets/✳️strict/✏️editor/🎭️modes/✏️edit/🪟️windows/🪟️main/🦀️component.rs	22	mismatched types | 
E0599	✏️s/🔌️plugins/🗄️stdio/📦️packages/🦀️rust/././../../🗿️artifacts/🖼️bmp/🏅️standards/🔖️v3/🪆️subsets/✳️any/👁️viewer/🦀️component.rs	72	no method named `icon_id` found for opaque type `impl Future<Output = ViewerBuilder>` in the current scope | consider `await`ing on the `Future` and calling the method on its `Output`
E0308	✏️s/🔌️plugins/🗄️stdio/📦️packages/🦀️rust/././././././../../🗿️artifacts/🖼️bmp/🏅️standards/🔖️v3/🪆️subsets/✳️any/👁️viewer/🎭️modes/👁️view/🪟️windows/🪟️main/🦀️component.rs	15	mismatched types | 
E0277	✏️s/🔌️plugins/🗄️stdio/📦️packages/🦀️rust/././../../🗿️artifacts/📄️pdf/🏅️standards/🔖️1.7/🪆️subsets/✳️h/✏️editor/🦀️component.rs	155	`EditorBuilder` is not a future | the trait `Future` is not implemented for `EditorBuilder` / required by a bound in `semio_framework_plugin::resolve_ready`
E0599	✏️s/🔌️plugins/🗄️stdio/📦️packages/🦀️rust/././././././../../🗿️artifacts/🎞️pptx/🏅️standards/🔖️ecma-376/🪆️subsets/✳️any/👁️viewer/🦀️component.rs	84	no method named `icon_id` found for opaque type `impl Future<Output = ViewerBuilder>` in the current scope | consider `await`ing on the `Future` and calling the method on its `Output`
E0277	✏️s/🔌️plugins/🗄️stdio/📦️packages/🦀️rust/././../../🗿️artifacts/📄️pdf/🏅️standards/🔖️1.7/🪆️subsets/✳️h/✏️editor/🦀️component.rs	155	`EditorBuilder` is not a future | the trait `Future` is not implemented for `EditorBuilder`
E0308	✏️s/🔌️plugins/🗄️stdio/📦️packages/🦀️rust/././././././././././../../🗿️artifacts/🎞️pptx/🏅️standards/🔖️ecma-376/🪆️subsets/✳️any/👁️viewer/🎭️modes/👁️view/🪟️windows/🪟️main/🦀️component.rs	20	mismatched types | 
E0599	✏️s/🔌️plugins/🗄️stdio/📦️packages/🦀️rust/././././././../../🗿️artifacts/🎞️pptx/🏅️standards/🔖️ecma-376/🪆️subsets/✳️transitional/✏️editor/🦀️component.rs	144	no method named `icon_id` found for opaque type `impl Future<Output = EditorBuilder>` in the current scope | consider `await`ing on the `Future` and calling the method on its `Output`
E0599	✏️s/🔌️plugins/🗄️stdio/📦️packages/🦀️rust/././../../🗿️artifacts/🖼️tiff/🏅️standards/🔖️6.0/🪆️subsets/✳️any/👁️viewer/🦀️component.rs	72	no method named `icon_id` found for opaque type `impl Future<Output = ViewerBuilder>` in the current scope | consider `await`ing on the `Future` and calling the method on its `Output`
E0277	✏️s/🔌️plugins/🗄️stdio/📦️packages/🦀️rust/././../../🗿️artifacts/📄️pdf/🏅️standards/🔖️1.7/🪆️subsets/✳️ua/✏️editor/🦀️component.rs	155	`EditorBuilder` is not a future | the trait `Future` is not implemented for `EditorBuilder` / required by a bound in `semio_framework_plugin::resolve_ready`
E0277	✏️s/🔌️plugins/🗄️stdio/📦️packages/🦀️rust/././../../🗿️artifacts/📄️pdf/🏅️standards/🔖️1.7/🪆️subsets/✳️ua/✏️editor/🦀️component.rs	155	`EditorBuilder` is not a future | the trait `Future` is not implemented for `EditorBuilder`
E0308	✏️s/🔌️plugins/🗄️stdio/📦️packages/🦀️rust/././././././././././../../🗿️artifacts/🎞️pptx/🏅️standards/🔖️ecma-376/🪆️subsets/✳️transitional/✏️editor/🎭️modes/✏️edit/🪟️windows/🪟️main/🦀️component.rs	23	mismatched types | 
E0308	✏️s/🔌️plugins/🗄️stdio/📦️packages/🦀️rust/././././././../../🗿️artifacts/🖼️tiff/🏅️standards/🔖️6.0/🪆️subsets/✳️any/👁️viewer/🎭️modes/👁️view/🪟️windows/🪟️main/🦀️component.rs	15	mismatched types | 
E0599	✏️s/🔌️plugins/🗄️stdio/📦️packages/🦀️rust/././././././../../🗿️artifacts/🎞️pptx/🏅️standards/🔖️ecma-376/🪆️subsets/✳️strict/👁️viewer/🦀️component.rs	85	no method named `icon_id` found for opaque type `impl Future<Output = ViewerBuilder>` in the current scope | consider `await`ing on the `Future` and calling the method on its `Output`
E0308	✏️s/🔌️plugins/🗄️stdio/📦️packages/🦀️rust/././././././././././../../🗿️artifacts/🎞️pptx/🏅️standards/🔖️ecma-376/🪆️subsets/✳️strict/👁️viewer/🎭️modes/👁️view/🪟️windows/🪟️main/🦀️component.rs	21	mismatched types | 
E0277	✏️s/🔌️plugins/🗄️stdio/📦️packages/🦀️rust/././././././../../🗿️artifacts/📕️xlsx/🏅️standards/🔖️ecma-376/🪆️subsets/✳️any/✏️editor/🦀️component.rs	111	`usize` is not a future | the trait `Future` is not implemented for `usize` / required by a bound in `semio_framework_plugin::resolve_ready`
E0277	✏️s/🔌️plugins/🗄️stdio/📦️packages/🦀️rust/././././././../../🗿️artifacts/📕️xlsx/🏅️standards/🔖️ecma-376/🪆️subsets/✳️any/✏️editor/🦀️component.rs	112	`usize` is not a future | the trait `Future` is not implemented for `usize` / required by a bound in `semio_framework_plugin::resolve_ready`
E0277	✏️s/🔌️plugins/🗄️stdio/📦️packages/🦀️rust/././././././../../🗿️artifacts/📕️xlsx/🏅️standards/🔖️ecma-376/🪆️subsets/✳️any/✏️editor/🦀️component.rs	113	`usize` is not a future | the trait `Future` is not implemented for `usize` / required by a bound in `semio_framework_plugin::resolve_ready`
E0277	✏️s/🔌️plugins/🗄️stdio/📦️packages/🦀️rust/././././././../../🗿️artifacts/📕️xlsx/🏅️standards/🔖️ecma-376/🪆️subsets/✳️any/✏️editor/🦀️component.rs	114	`usize` is not a future | the trait `Future` is not implemented for `usize` / required by a bound in `semio_framework_plugin::resolve_ready`
E0277	✏️s/🔌️plugins/🗄️stdio/📦️packages/🦀️rust/././././././../../🗿️artifacts/📕️xlsx/🏅️standards/🔖️ecma-376/🪆️subsets/✳️any/✏️editor/🦀️component.rs	111	`usize` is not a future | the trait `Future` is not implemented for `usize`
E0277	✏️s/🔌️plugins/🗄️stdio/📦️packages/🦀️rust/././../../🗿️artifacts/📄️pdf/🏅️standards/🔖️1.7/🪆️subsets/✳️vt/✏️editor/🦀️component.rs	155	`EditorBuilder` is not a future | the trait `Future` is not implemented for `EditorBuilder` / required by a bound in `semio_framework_plugin::resolve_ready`
E0277	✏️s/🔌️plugins/🗄️stdio/📦️packages/🦀️rust/././../../🗿️artifacts/📄️pdf/🏅️standards/🔖️1.7/🪆️subsets/✳️vt/✏️editor/🦀️component.rs	155	`EditorBuilder` is not a future | the trait `Future` is not implemented for `EditorBuilder`
E0599	✏️s/🔌️plugins/🗄️stdio/📦️packages/🦀️rust/././././././../../🗿️artifacts/🖼️tiff/🏅️standards/🔖️6.0/🪆️subsets/✳️any/👁️viewer/🎭️modes/👁️view/🪟️windows/🪟️main/🦀️component.rs	25	no method named `ok` found for opaque type `impl Future<Output = Result<Vec<u8>, std::string::String>>` in the current scope | there is a method `or` with a similar name, but with different arguments / consider `await`ing on the `Future` and calling the method on its `Output`
E0599	✏️s/🔌️plugins/🗄️stdio/📦️packages/🦀️rust/././././././../../🗿️artifacts/🎞️pptx/🏅️standards/🔖️ecma-376/🪆️subsets/✳️transitional/👁️viewer/🦀️component.rs	85	no method named `icon_id` found for opaque type `impl Future<Output = ViewerBuilder>` in the current scope | consider `await`ing on the `Future` and calling the method on its `Output`
E0308	✏️s/🔌️plugins/🗄️stdio/📦️packages/🦀️rust/././././././././././../../🗿️artifacts/🎞️pptx/🏅️standards/🔖️ecma-376/🪆️subsets/✳️transitional/👁️viewer/🎭️modes/👁️view/🪟️windows/🪟️main/🦀️component.rs	21	mismatched types | 
E0277	✏️s/🔌️plugins/🗄️stdio/📦️packages/🦀️rust/././../../🗿️artifacts/📄️pdf/🏅️standards/🔖️1.7/🪆️subsets/✳️x/✏️editor/🦀️component.rs	155	`EditorBuilder` is not a future | the trait `Future` is not implemented for `EditorBuilder` / required by a bound in `semio_framework_plugin::resolve_ready`
E0277	✏️s/🔌️plugins/🗄️stdio/📦️packages/🦀️rust/././../../🗿️artifacts/📄️pdf/🏅️standards/🔖️1.7/🪆️subsets/✳️x/✏️editor/🦀️component.rs	155	`EditorBuilder` is not a future | the trait `Future` is not implemented for `EditorBuilder`
E0599	✏️s/🔌️plugins/🗄️stdio/📦️packages/🦀️rust/././././././../../🗿️artifacts/📕️xlsx/🏅️standards/🔖️ecma-376/🪆️subsets/✳️any/✏️editor/🦀️component.rs	178	no method named `icon_id` found for opaque type `impl Future<Output = EditorBuilder>` in the current scope | consider `await`ing on the `Future` and calling the method on its `Output`
E0308	✏️s/🔌️plugins/🗄️stdio/📦️packages/🦀️rust/././././././././././../../🗿️artifacts/📕️xlsx/🏅️standards/🔖️ecma-376/🪆️subsets/✳️any/✏️editor/🎭️modes/✏️edit/🪟️windows/🪟️main/🦀️component.rs	22	mismatched types | 
E0599	✏️s/🔌️plugins/🗄️stdio/📦️packages/🦀️rust/././../../🗿️artifacts/🖼️tiff/🏅️standards/🔖️6.0/🪆️subsets/✳️baseline/👁️viewer/🦀️component.rs	72	no method named `icon_id` found for opaque type `impl Future<Output = ViewerBuilder>` in the current scope | consider `await`ing on the `Future` and calling the method on its `Output`
E0308	✏️s/🔌️plugins/🗄️stdio/📦️packages/🦀️rust/././././././../../🗿️artifacts/🖼️tiff/🏅️standards/🔖️6.0/🪆️subsets/✳️baseline/👁️viewer/🎭️modes/👁️view/🪟️windows/🪟️main/🦀️component.rs	15	mismatched types | 
E0277	✏️s/🔌️plugins/🗄️stdio/📦️packages/🦀️rust/././././././../../🗿️artifacts/📕️xlsx/🏅️standards/🔖️ecma-376/🪆️subsets/✳️strict/✏️editor/🦀️component.rs	110	`usize` is not a future | the trait `Future` is not implemented for `usize` / required by a bound in `semio_framework_plugin::resolve_ready`
E0277	✏️s/🔌️plugins/🗄️stdio/📦️packages/🦀️rust/././././././../../🗿️artifacts/📕️xlsx/🏅️standards/🔖️ecma-376/🪆️subsets/✳️strict/✏️editor/🦀️component.rs	111	`usize` is not a future | the trait `Future` is not implemented for `usize` / required by a bound in `semio_framework_plugin::resolve_ready`
E0277	✏️s/🔌️plugins/🗄️stdio/📦️packages/🦀️rust/././././././../../🗿️artifacts/📕️xlsx/🏅️standards/🔖️ecma-376/🪆️subsets/✳️strict/✏️editor/🦀️component.rs	112	`usize` is not a future | the trait `Future` is not implemented for `usize` / required by a bound in `semio_framework_plugin::resolve_ready`
E0277	✏️s/🔌️plugins/🗄️stdio/📦️packages/🦀️rust/././././././../../🗿️artifacts/📕️xlsx/🏅️standards/🔖️ecma-376/🪆️subsets/✳️strict/✏️editor/🦀️component.rs	113	`usize` is not a future | the trait `Future` is not implemented for `usize` / required by a bound in `semio_framework_plugin::resolve_ready`
E0277	✏️s/🔌️plugins/🗄️stdio/📦️packages/🦀️rust/././././././../../🗿️artifacts/📕️xlsx/🏅️standards/🔖️ecma-376/🪆️subsets/✳️strict/✏️editor/🦀️component.rs	110	`usize` is not a future | the trait `Future` is not implemented for `usize`
E0599	✏️s/🔌️plugins/🗄️stdio/📦️packages/🦀️rust/../../📇️registry/🦀️component.rs	269	`impl Future<Output = Result<ArtifactIdentity, ArtifactDefinitionError>>` is not an iterator | the following trait bounds were not satisfied: `impl Future<Output = Result<ArtifactIdentity, ArtifactDefinitionError>>: Iterator` which is required by `&mut impl Future<Output = Result<ArtifactIdentity, ArtifactDefinitionError>>: Iterator` / consider `await`ing on the `Future` and calling the method on its `Output`
E0599	✏️s/🔌️plugins/🗄️stdio/📦️packages/🦀️rust/././././././../../🗿️artifacts/📕️xlsx/🏅️standards/🔖️ecma-376/🪆️subsets/✳️any/👁️viewer/🦀️component.rs	114	no method named `icon_id` found for opaque type `impl Future<Output = ViewerBuilder>` in the current scope | consider `await`ing on the `Future` and calling the method on its `Output`
E0599	✏️s/🔌️plugins/🗄️stdio/📦️packages/🦀️rust/././././././../../🗿️artifacts/🖼️tiff/🏅️standards/🔖️6.0/🪆️subsets/✳️baseline/👁️viewer/🎭️modes/👁️view/🪟️windows/🪟️main/🦀️component.rs	25	no method named `ok` found for opaque type `impl Future<Output = Result<Vec<u8>, std::string::String>>` in the current scope | there is a method `or` with a similar name, but with different arguments / consider `await`ing on the `Future` and calling the method on its `Output`
E0308	✏️s/🔌️plugins/🗄️stdio/📦️packages/🦀️rust/././././././././././../../🗿️artifacts/📕️xlsx/🏅️standards/🔖️ecma-376/🪆️subsets/✳️any/👁️viewer/🎭️modes/👁️view/🪟️windows/🪟️main/🦀️component.rs	19	mismatched types | 
E0599	✏️s/🔌️plugins/🗄️stdio/📦️packages/🦀️rust/././././././../../🗿️artifacts/📜️docx/🏅️standards/🔖️ecma-376/🪆️subsets/✳️any/✏️editor/🦀️component.rs	139	no method named `icon_id` found for opaque type `impl Future<Output = EditorBuilder>` in the current scope | consider `await`ing on the `Future` and calling the method on its `Output`
E0308	✏️s/🔌️plugins/🗄️stdio/📦️packages/🦀️rust/././././././././././../../🗿️artifacts/📜️docx/🏅️standards/🔖️ecma-376/🪆️subsets/✳️any/✏️editor/🎭️modes/✏️edit/🪟️windows/🪟️main/🦀️component.rs	22	mismatched types | 
E0599	✏️s/🔌️plugins/🗄️stdio/📦️packages/🦀️rust/../../📇️registry/🦀️component.rs	284	`impl Future<Output = Result<ArtifactIdentity, ArtifactDefinitionError>>` is not an iterator | the following trait bounds were not satisfied: `impl Future<Output = Result<ArtifactIdentity, ArtifactDefinitionError>>: Iterator` which is required by `&mut impl Future<Output = Result<ArtifactIdentity, ArtifactDefinitionError>>: Iterator` / consider `await`ing on the `Future` and calling the method on its `Output`
E0308	✏️s/🔌️plugins/🗄️stdio/📦️packages/🦀️rust/../../📇️registry/🦀️component.rs	290	mismatched types | the type constructed contains `impl Future<Output = ArtifactCapabilityKind>` due to the type of the argument passed / tuple variant defined here
E0308	✏️s/🔌️plugins/🗄️stdio/📦️packages/🦀️rust/../../📇️registry/🦀️component.rs	291	mismatched types | the type constructed contains `impl Future<Output = ArtifactCapabilityKind>` due to the type of the argument passed / tuple variant defined here
E0308	✏️s/🔌️plugins/🗄️stdio/📦️packages/🦀️rust/../../📇️registry/🦀️component.rs	292	mismatched types | the type constructed contains `impl Future<Output = ArtifactCapabilityKind>` due to the type of the argument passed / tuple variant defined here
E0308	✏️s/🔌️plugins/🗄️stdio/📦️packages/🦀️rust/../../📇️registry/🦀️component.rs	293	mismatched types | the type constructed contains `impl Future<Output = ArtifactCapabilityKind>` due to the type of the argument passed / tuple variant defined here
E0308	✏️s/🔌️plugins/🗄️stdio/📦️packages/🦀️rust/../../📇️registry/🦀️component.rs	294	mismatched types | the type constructed contains `impl Future<Output = ArtifactCapabilityKind>` due to the type of the argument passed / tuple variant defined here
E0308	✏️s/🔌️plugins/🗄️stdio/📦️packages/🦀️rust/../../📇️registry/🦀️component.rs	295	mismatched types | the type constructed contains `impl Future<Output = ArtifactCapabilityKind>` due to the type of the argument passed / tuple variant defined here
E0599	✏️s/🔌️plugins/🗄️stdio/📦️packages/🦀️rust/././././././../../🗿️artifacts/📕️xlsx/🏅️standards/🔖️ecma-376/🪆️subsets/✳️strict/✏️editor/🦀️component.rs	177	no method named `icon_id` found for opaque type `impl Future<Output = EditorBuilder>` in the current scope | consider `await`ing on the `Future` and calling the method on its `Output`
E0308	✏️s/🔌️plugins/🗄️stdio/📦️packages/🦀️rust/../../📇️registry/🦀️component.rs	296	mismatched types | the type constructed contains `impl Future<Output = ArtifactCapabilityKind>` due to the type of the argument passed / tuple variant defined here
E0599	✏️s/🔌️plugins/🗄️stdio/📦️packages/🦀️rust/././../../🗿️artifacts/🎞️gif/🏅️standards/🔖️87a/🪆️subsets/✳️any/👁️viewer/🦀️component.rs	72	no method named `icon_id` found for opaque type `impl Future<Output = ViewerBuilder>` in the current scope | consider `await`ing on the `Future` and calling the method on its `Output`
E0308	✏️s/🔌️plugins/🗄️stdio/📦️packages/🦀️rust/././././././././././../../🗿️artifacts/📕️xlsx/🏅️standards/🔖️ecma-376/🪆️subsets/✳️strict/✏️editor/🎭️modes/✏️edit/🪟️windows/🪟️main/🦀️component.rs	22	mismatched types | 
E0308	✏️s/🔌️plugins/🗄️stdio/📦️packages/🦀️rust/././././././../../🗿️artifacts/🎞️gif/🏅️standards/🔖️87a/🪆️subsets/✳️any/👁️viewer/🎭️modes/👁️view/🪟️windows/🪟️main/🦀️component.rs	15	mismatched types | 
E0599	✏️s/🔌️plugins/🗄️stdio/📦️packages/🦀️rust/././././././../../🗿️artifacts/📕️xlsx/🏅️standards/🔖️ecma-376/🪆️subsets/✳️strict/👁️viewer/🦀️component.rs	114	no method named `icon_id` found for opaque type `impl Future<Output = ViewerBuilder>` in the current scope | consider `await`ing on the `Future` and calling the method on its `Output`
E0308	✏️s/🔌️plugins/🗄️stdio/📦️packages/🦀️rust/././././././././././../../🗿️artifacts/📕️xlsx/🏅️standards/🔖️ecma-376/🪆️subsets/✳️strict/👁️viewer/🎭️modes/👁️view/🪟️windows/🪟️main/🦀️component.rs	19	mismatched types | 
E0277	✏️s/🔌️plugins/🗄️stdio/📦️packages/🦀️rust/././././././../../🗿️artifacts/📕️xlsx/🏅️standards/🔖️ecma-376/🪆️subsets/✳️transitional/✏️editor/🦀️component.rs	108	`usize` is not a future | the trait `Future` is not implemented for `usize` / required by a bound in `semio_framework_plugin::resolve_ready`
E0277	✏️s/🔌️plugins/🗄️stdio/📦️packages/🦀️rust/././././././../../🗿️artifacts/📕️xlsx/🏅️standards/🔖️ecma-376/🪆️subsets/✳️transitional/✏️editor/🦀️component.rs	109	`usize` is not a future | the trait `Future` is not implemented for `usize` / required by a bound in `semio_framework_plugin::resolve_ready`
E0277	✏️s/🔌️plugins/🗄️stdio/📦️packages/🦀️rust/././././././../../🗿️artifacts/📕️xlsx/🏅️standards/🔖️ecma-376/🪆️subsets/✳️transitional/✏️editor/🦀️component.rs	110	`usize` is not a future | the trait `Future` is not implemented for `usize` / required by a bound in `semio_framework_plugin::resolve_ready`
E0277	✏️s/🔌️plugins/🗄️stdio/📦️packages/🦀️rust/././././././../../🗿️artifacts/📕️xlsx/🏅️standards/🔖️ecma-376/🪆️subsets/✳️transitional/✏️editor/🦀️component.rs	111	`usize` is not a future | the trait `Future` is not implemented for `usize` / required by a bound in `semio_framework_plugin::resolve_ready`
E0277	✏️s/🔌️plugins/🗄️stdio/📦️packages/🦀️rust/././././././../../🗿️artifacts/📕️xlsx/🏅️standards/🔖️ecma-376/🪆️subsets/✳️transitional/✏️editor/🦀️component.rs	108	`usize` is not a future | the trait `Future` is not implemented for `usize`
E0308	✏️s/🔌️plugins/🗄️stdio/📦️packages/🦀️rust/../../📇️registry/🦀️component.rs	329	mismatched types | expected opaque type `impl Future<Output = ArtifactExecutableIdentity>` found struct `ArtifactExecutableIdentity` / the return type of this call is `ArtifactExecutableIdentity` due to the type of the argument passed / method defined here
E0308	✏️s/🔌️plugins/🗄️stdio/📦️packages/🦀️rust/../../📇️registry/🦀️component.rs	334	mismatched types | expected struct `BTreeMap<_, ArtifactExecutableIdentity>` found struct `BTreeMap<_, impl Future<Output = ArtifactExecutableIdentity>>` / the type constructed contains `BTreeMap<std::string::String, impl Future<Output = ArtifactExecutableIdentity>>` due to the type of the argument passed / tuple variant defined here
E0599	✏️s/🔌️plugins/🗄️stdio/📦️packages/🦀️rust/././././././../../🗿️artifacts/📜️docx/🏅️standards/🔖️ecma-376/🪆️subsets/✳️strict/✏️editor/🦀️component.rs	140	no method named `icon_id` found for opaque type `impl Future<Output = EditorBuilder>` in the current scope | consider `await`ing on the `Future` and calling the method on its `Output`
E0308	✏️s/🔌️plugins/🗄️stdio/📦️packages/🦀️rust/././././././././././../../🗿️artifacts/📜️docx/🏅️standards/🔖️ecma-376/🪆️subsets/✳️strict/✏️editor/🎭️modes/✏️edit/🪟️windows/🪟️main/🦀️component.rs	23	mismatched types | 
E0599	✏️s/🔌️plugins/🗄️stdio/📦️packages/🦀️rust/././../../🗿️artifacts/🎞️gif/🏅️standards/🔖️89a/🪆️subsets/✳️any/👁️viewer/🦀️component.rs	72	no method named `icon_id` found for opaque type `impl Future<Output = ViewerBuilder>` in the current scope | consider `await`ing on the `Future` and calling the method on its `Output`
E0308	✏️s/🔌️plugins/🗄️stdio/📦️packages/🦀️rust/././././././../../🗿️artifacts/🎞️gif/🏅️standards/🔖️89a/🪆️subsets/✳️any/👁️viewer/🎭️modes/👁️view/🪟️windows/🪟️main/🦀️component.rs	15	mismatched types | 
E0599	✏️s/🔌️plugins/🗄️stdio/📦️packages/🦀️rust/././././././../../🗿️artifacts/📕️xlsx/🏅️standards/🔖️ecma-376/🪆️subsets/✳️transitional/✏️editor/🦀️component.rs	175	no method named `icon_id` found for opaque type `impl Future<Output = EditorBuilder>` in the current scope | consider `await`ing on the `Future` and calling the method on its `Output`
E0599	✏️s/🔌️plugins/🗄️stdio/📦️packages/🦀️rust/././././././../../🗿️artifacts/📕️xlsx/🏅️standards/🔖️ecma-376/🪆️subsets/✳️transitional/👁️viewer/🦀️component.rs	114	no method named `icon_id` found for opaque type `impl Future<Output = ViewerBuilder>` in the current scope | consider `await`ing on the `Future` and calling the method on its `Output`
E0308	✏️s/🔌️plugins/🗄️stdio/📦️packages/🦀️rust/././././././././././../../🗿️artifacts/📕️xlsx/🏅️standards/🔖️ecma-376/🪆️subsets/✳️transitional/✏️editor/🎭️modes/✏️edit/🪟️windows/🪟️main/🦀️component.rs	22	mismatched types | 
E0308	✏️s/🔌️plugins/🗄️stdio/📦️packages/🦀️rust/././././././././././../../🗿️artifacts/📕️xlsx/🏅️standards/🔖️ecma-376/🪆️subsets/✳️transitional/👁️viewer/🎭️modes/👁️view/🪟️windows/🪟️main/🦀️component.rs	19	mismatched types | 
E0599	✏️s/🔌️plugins/🗄️stdio/📦️packages/🦀️rust/././../../🗿️artifacts/🎨️svg/🏅️standards/🔖️1.1/🪆️subsets/✳️any/👁️viewer/🦀️component.rs	72	no method named `icon_id` found for opaque type `impl Future<Output = ViewerBuilder>` in the current scope | consider `await`ing on the `Future` and calling the method on its `Output`
E0308	✏️s/🔌️plugins/🗄️stdio/📦️packages/🦀️rust/././././././../../🗿️artifacts/🎨️svg/🏅️standards/🔖️1.1/🪆️subsets/✳️any/👁️viewer/🎭️modes/👁️view/🪟️windows/🪟️main/🦀️component.rs	15	mismatched types | 
E0599	✏️s/🔌️plugins/🗄️stdio/📦️packages/🦀️rust/././../../🗿️artifacts/☁️ply/🏅️standards/🔖️1.0/🪆️subsets/✳️any/✏️editor/🦀️component.rs	88	no method named `icon_id` found for opaque type `impl Future<Output = EditorBuilder>` in the current scope | consider `await`ing on the `Future` and calling the method on its `Output`
E0277	✏️s/🔌️plugins/🗄️stdio/📦️packages/🦀️rust/././../../🗿️artifacts/🌦️epw/🏅️standards/🔖️energyplus/🪆️subsets/✳️any/✏️editor/🦀️component.rs	88	`usize` is not a future | the trait `Future` is not implemented for `usize` / required by a bound in `semio_framework_plugin::resolve_ready`
E0277	✏️s/🔌️plugins/🗄️stdio/📦️packages/🦀️rust/././../../🗿️artifacts/🌦️epw/🏅️standards/🔖️energyplus/🪆️subsets/✳️any/✏️editor/🦀️component.rs	88	`usize` is not a future | the trait `Future` is not implemented for `usize`
E0308	✏️s/🔌️plugins/🗄️stdio/📦️packages/🦀️rust/././././././../../🗿️artifacts/☁️ply/🏅️standards/🔖️1.0/🪆️subsets/✳️any/✏️editor/🎭️modes/✏️edit/🪟️windows/🪟️main/🦀️component.rs	24	mismatched types | 
E0599	✏️s/🔌️plugins/🗄️stdio/📦️packages/🦀️rust/././../../🗿️artifacts/🌦️epw/🏅️standards/🔖️energyplus/🪆️subsets/✳️any/👁️viewer/🦀️component.rs	81	no method named `icon_id` found for opaque type `impl Future<Output = ViewerBuilder>` in the current scope | consider `await`ing on the `Future` and calling the method on its `Output`
E0308	✏️s/🔌️plugins/🗄️stdio/📦️packages/🦀️rust/././././././../../🗿️artifacts/🌦️epw/🏅️standards/🔖️energyplus/🪆️subsets/✳️any/👁️viewer/🎭️modes/👁️view/🪟️windows/🪟️main/🦀️component.rs	60	mismatched types | 
E0599	✏️s/🔌️plugins/🗄️stdio/📦️packages/🦀️rust/././../../🗿️artifacts/🎨️svg/🏅️standards/🔖️1.1/🪆️subsets/✳️basic/👁️viewer/🦀️component.rs	72	no method named `icon_id` found for opaque type `impl Future<Output = ViewerBuilder>` in the current scope | consider `await`ing on the `Future` and calling the method on its `Output`
E0308	✏️s/🔌️plugins/🗄️stdio/📦️packages/🦀️rust/././././././../../🗿️artifacts/🎨️svg/🏅️standards/🔖️1.1/🪆️subsets/✳️basic/👁️viewer/🎭️modes/👁️view/🪟️windows/🪟️main/🦀️component.rs	15	mismatched types | 
E0599	✏️s/🔌️plugins/🗄️stdio/📦️packages/🦀️rust/././../../🗿️artifacts/🌦️epw/🏅️standards/🔖️energyplus/🪆️subsets/✳️any/✏️editor/🦀️component.rs	144	no method named `icon_id` found for opaque type `impl Future<Output = EditorBuilder>` in the current scope | consider `await`ing on the `Future` and calling the method on its `Output`
E0308	✏️s/🔌️plugins/🗄️stdio/📦️packages/🦀️rust/././././././../../🗿️artifacts/🌦️epw/🏅️standards/🔖️energyplus/🪆️subsets/✳️any/✏️editor/🎭️modes/✏️edit/🪟️windows/🪟️main/🦀️component.rs	62	mismatched types | 
E0599	✏️s/🔌️plugins/🗄️stdio/📦️packages/🦀️rust/./././../../🗿️artifacts/🎒️zip/🏅️standards/🔖️2.0/🪆️subsets/✳️any/👁️viewer/🦀️component.rs	81	no method named `icon_id` found for opaque type `impl Future<Output = ViewerBuilder>` in the current scope | consider `await`ing on the `Future` and calling the method on its `Output`
E0308	✏️s/🔌️plugins/🗄️stdio/📦️packages/🦀️rust/./././././././../../🗿️artifacts/🎒️zip/🏅️standards/🔖️2.0/🪆️subsets/✳️any/👁️viewer/🎭️modes/👁️view/🪟️windows/🪟️main/🦀️component.rs	21	mismatched types | 
E0599	✏️s/🔌️plugins/🗄️stdio/📦️packages/🦀️rust/././../../🗿️artifacts/🎨️svg/🏅️standards/🔖️1.1/🪆️subsets/✳️tiny/👁️viewer/🦀️component.rs	72	no method named `icon_id` found for opaque type `impl Future<Output = ViewerBuilder>` in the current scope | consider `await`ing on the `Future` and calling the method on its `Output`
E0277	✏️s/🔌️plugins/🗄️stdio/📦️packages/🦀️rust/./././../../🗿️artifacts/🎒️zip/🏅️standards/🔖️2.0/🪆️subsets/✳️any/✏️editor/🦀️component.rs	84	`usize` is not a future | the trait `Future` is not implemented for `usize` / required by a bound in `semio_framework_plugin::resolve_ready`
E0277	✏️s/🔌️plugins/🗄️stdio/📦️packages/🦀️rust/./././../../🗿️artifacts/🎒️zip/🏅️standards/🔖️2.0/🪆️subsets/✳️any/✏️editor/🦀️component.rs	84	`usize` is not a future | the trait `Future` is not implemented for `usize`
E0599	✏️s/🔌️plugins/🗄️stdio/📦️packages/🦀️rust/./././../../🗿️artifacts/🎒️zip/🏅️standards/🔖️2.0/🪆️subsets/✳️any/✏️editor/🦀️component.rs	142	no method named `icon_id` found for opaque type `impl Future<Output = EditorBuilder>` in the current scope | consider `await`ing on the `Future` and calling the method on its `Output`
E0308	✏️s/🔌️plugins/🗄️stdio/📦️packages/🦀️rust/./././././././../../🗿️artifacts/🎒️zip/🏅️standards/🔖️2.0/🪆️subsets/✳️any/✏️editor/🎭️modes/✏️edit/🪟️windows/🪟️main/🦀️component.rs	28	mismatched types | 
E0308	✏️s/🔌️plugins/🗄️stdio/📦️packages/🦀️rust/././././././../../🗿️artifacts/🎨️svg/🏅️standards/🔖️1.1/🪆️subsets/✳️tiny/👁️viewer/🎭️modes/👁️view/🪟️windows/🪟️main/🦀️component.rs	15	mismatched types | 
E0599	✏️s/🔌️plugins/🗄️stdio/📦️packages/🦀️rust/../../📇️registry/🦀️component.rs	594	no method named `as_str` found for opaque type `impl Future<Output = &ArtifactIdentity>` in the current scope | consider `await`ing on the `Future` and calling the method on its `Output`
E0277	✏️s/🔌️plugins/🗄️stdio/📦️packages/🦀️rust/../../📇️registry/🦀️component.rs	595	`impl Future<Output = &ArtifactIdentity>` doesn't implement `std::fmt::Display` | the trait `std::fmt::Display` is not implemented for `impl Future<Output = &ArtifactIdentity>` / in format strings you may be able to use `{:?}` (or {:#?} for pretty-print) instead
E0599	✏️s/🔌️plugins/🗄️stdio/📦️packages/🦀️rust/./././../../🗿️artifacts/🎒️zip/🏅️standards/🔖️2.0/🪆️subsets/✳️iso21320/👁️viewer/🦀️component.rs	81	no method named `icon_id` found for opaque type `impl Future<Output = ViewerBuilder>` in the current scope | consider `await`ing on the `Future` and calling the method on its `Output`
E0308	✏️s/🔌️plugins/🗄️stdio/📦️packages/🦀️rust/./././././././../../🗿️artifacts/🎒️zip/🏅️standards/🔖️2.0/🪆️subsets/✳️iso21320/👁️viewer/🎭️modes/👁️view/🪟️windows/🪟️main/🦀️component.rs	21	mismatched types | 
E0277	✏️s/🔌️plugins/🗄️stdio/📦️packages/🦀️rust/./././../../🗿️artifacts/🎒️zip/🏅️standards/🔖️2.0/🪆️subsets/✳️iso21320/✏️editor/🦀️component.rs	86	`usize` is not a future | the trait `Future` is not implemented for `usize` / required by a bound in `semio_framework_plugin::resolve_ready`
E0277	✏️s/🔌️plugins/🗄️stdio/📦️packages/🦀️rust/./././../../🗿️artifacts/🎒️zip/🏅️standards/🔖️2.0/🪆️subsets/✳️iso21320/✏️editor/🦀️component.rs	86	`usize` is not a future | the trait `Future` is not implemented for `usize`
E0599	✏️s/🔌️plugins/🗄️stdio/📦️packages/🦀️rust/././../../🗿️artifacts/🎥️mp4/🏅️standards/🔖️isobmff/🪆️subsets/✳️any/👁️viewer/🦀️component.rs	72	no method named `icon_id` found for opaque type `impl Future<Output = ViewerBuilder>` in the current scope | consider `await`ing on the `Future` and calling the method on its `Output`
E0308	✏️s/🔌️plugins/🗄️stdio/📦️packages/🦀️rust/././././././../../🗿️artifacts/🎥️mp4/🏅️standards/🔖️isobmff/🪆️subsets/✳️any/👁️viewer/🎭️modes/👁️view/🪟️windows/🪟️main/🦀️component.rs	13	mismatched types | 
E0599	✏️s/🔌️plugins/🗄️stdio/📦️packages/🦀️rust/../../📇️registry/🦀️component.rs	603	no method named `as_str` found for opaque type `impl Future<Output = &ArtifactIdentity>` in the current scope | consider `await`ing on the `Future` and calling the method on its `Output`
E0277	✏️s/🔌️plugins/🗄️stdio/📦️packages/🦀️rust/../../📇️registry/🦀️component.rs	604	`impl Future<Output = &ArtifactIdentity>` doesn't implement `std::fmt::Display` | the trait `std::fmt::Display` is not implemented for `impl Future<Output = &ArtifactIdentity>` / in format strings you may be able to use `{:?}` (or {:#?} for pretty-print) instead
E0277	/Users/ueli/.cargo/registry/src/index.crates.io-1949cf8c6b5b557f/serde_json-1.0.149/src/macros.rs	279	the trait bound `impl Future<Output = MeshData>: serde::Serialize` is not satisfied | for local types consider adding `#[derive(serde::Serialize)]` to your `impl Future<Output = MeshData>` type / for types from other crates check whether the crate offers a `serde` feature flag / the following other types implement trait `registry::_::_serde::Serialize`: &'a T &'a mut T () (T,) (T0, T1) (T0, T1, T2) (T0, T1, T2, T3) (T0, T1, T2, T3, T4) and 2478 others / required for `&impl Future<Output = MeshData>` to implement `registry::_::_serde::Serialize` / required by a bound in `serde_json::to_value` / the full name for the type has been written to '/Users/ueli/Documents/semio/.🧬semio/🦑️repo/🎫️tickets/🎆️26/🌙️08/☀️20/INTERACTIVE-JOB-RUNTIME-REFACTOR/PHASE-1-5-DE-ASYNC-REPAIR-SWEEP/🧪️target-r19-stdio/debug/deps/semio_s_plugin_stdio-1d1792480c328f6d.long-type-16092809711206502411.txt' / consider using `--verbose` to print the full type name to the console
E0277	/Users/ueli/.cargo/registry/src/index.crates.io-1949cf8c6b5b557f/serde_json-1.0.149/src/macros.rs	279	the trait bound `impl Future<Output = MeshData>: serde::Serialize` is not satisfied | for local types consider adding `#[derive(serde::Serialize)]` to your `impl Future<Output = MeshData>` type / for types from other crates check whether the crate offers a `serde` feature flag / the following other types implement trait `registry::_::_serde::Serialize`: &'a T &'a mut T () (T,) (T0, T1) (T0, T1, T2) (T0, T1, T2, T3) (T0, T1, T2, T3, T4) and 2478 others / required for `&impl Future<Output = MeshData>` to implement `registry::_::_serde::Serialize` / required by a bound in `serde_json::to_value` / the full name for the type has been written to '/Users/ueli/Documents/semio/.🧬semio/🦑️repo/🎫️tickets/🎆️26/🌙️08/☀️20/INTERACTIVE-JOB-RUNTIME-REFACTOR/PHASE-1-5-DE-ASYNC-REPAIR-SWEEP/🧪️target-r19-stdio/debug/deps/semio_s_plugin_stdio-1d1792480c328f6d.long-type-16092809711206502411.txt' / consider using `--verbose` to print the full type name to the console
E0599	✏️s/🔌️plugins/🗄️stdio/📦️packages/🦀️rust/././../../🗿️artifacts/🗜️deflate/🏅️standards/🔖️rfc1950/🪆️subsets/✳️any/👁️viewer/🦀️component.rs	81	no method named `icon_id` found for opaque type `impl Future<Output = ViewerBuilder>` in the current scope | consider `await`ing on the `Future` and calling the method on its `Output`
E0599	✏️s/🔌️plugins/🗄️stdio/📦️packages/🦀️rust/./././../../🗿️artifacts/🎒️zip/🏅️standards/🔖️2.0/🪆️subsets/✳️iso21320/✏️editor/🦀️component.rs	144	no method named `icon_id` found for opaque type `impl Future<Output = EditorBuilder>` in the current scope | consider `await`ing on the `Future` and calling the method on its `Output`
E0308	✏️s/🔌️plugins/🗄️stdio/📦️packages/🦀️rust/././././././../../🗿️artifacts/🗜️deflate/🏅️standards/🔖️rfc1950/🪆️subsets/✳️any/👁️viewer/🎭️modes/👁️view/🪟️windows/🪟️main/🦀️component.rs	22	mismatched types | 
E0599	✏️s/🔌️plugins/🗄️stdio/📦️packages/🦀️rust/././../../🗿️artifacts/🎵️mp3/🏅️standards/🔖️mpeg1-layer3/🪆️subsets/✳️any/👁️viewer/🦀️component.rs	72	no method named `icon_id` found for opaque type `impl Future<Output = ViewerBuilder>` in the current scope | consider `await`ing on the `Future` and calling the method on its `Output`
E0308	✏️s/🔌️plugins/🗄️stdio/📦️packages/🦀️rust/./././././././../../🗿️artifacts/🎒️zip/🏅️standards/🔖️2.0/🪆️subsets/✳️iso21320/✏️editor/🎭️modes/✏️edit/🪟️windows/🪟️main/🦀️component.rs	30	mismatched types | 
E0308	✏️s/🔌️plugins/🗄️stdio/📦️packages/🦀️rust/././././././../../🗿️artifacts/🎵️mp3/🏅️standards/🔖️mpeg1-layer3/🪆️subsets/✳️any/👁️viewer/🎭️modes/👁️view/🪟️windows/🪟️main/🦀️component.rs	13	mismatched types | 
E0277	/Users/ueli/.cargo/registry/src/index.crates.io-1949cf8c6b5b557f/serde_json-1.0.149/src/macros.rs	279	the trait bound `impl Future<Output = MeshData>: serde::Serialize` is not satisfied | for local types consider adding `#[derive(serde::Serialize)]` to your `impl Future<Output = MeshData>` type / for types from other crates check whether the crate offers a `serde` feature flag / the following other types implement trait `registry::_::_serde::Serialize`: &'a T &'a mut T () (T,) (T0, T1) (T0, T1, T2) (T0, T1, T2, T3) (T0, T1, T2, T3, T4) and 2478 others / required for `&impl Future<Output = MeshData>` to implement `registry::_::_serde::Serialize` / required by a bound in `serde_json::to_value` / the full name for the type has been written to '/Users/ueli/Documents/semio/.🧬semio/🦑️repo/🎫️tickets/🎆️26/🌙️08/☀️20/INTERACTIVE-JOB-RUNTIME-REFACTOR/PHASE-1-5-DE-ASYNC-REPAIR-SWEEP/🧪️target-r19-stdio/debug/deps/semio_s_plugin_stdio-1d1792480c328f6d.long-type-16092809711206502411.txt' / consider using `--verbose` to print the full type name to the console
E0599	✏️s/🔌️plugins/🗄️stdio/📦️packages/🦀️rust/../../📇️registry/🦀️component.rs	611	no method named `map_err` found for opaque type `impl Future<Output = Result<ArtifactIdentity, ArtifactDefinitionError>>` in the current scope | consider `await`ing on the `Future` and calling the method on its `Output`
E0277	✏️s/🔌️plugins/🗄️stdio/📦️packages/🦀️rust/././../../🗿️artifacts/🗜️deflate/🏅️standards/🔖️rfc1950/🪆️subsets/✳️any/✏️editor/🦀️component.rs	84	`usize` is not a future | the trait `Future` is not implemented for `usize` / required by a bound in `semio_framework_plugin::resolve_ready`
E0599	✏️s/🔌️plugins/🗄️stdio/📦️packages/🦀️rust/././../../🗿️artifacts/📐️step/🏅️standards/🔖️ap214/🪆️subsets/✳️any/👁️viewer/🦀️component.rs	84	no method named `icon_id` found for opaque type `impl Future<Output = ViewerBuilder>` in the current scope | consider `await`ing on the `Future` and calling the method on its `Output`
E0277	✏️s/🔌️plugins/🗄️stdio/📦️packages/🦀️rust/././../../🗿️artifacts/🗜️deflate/🏅️standards/🔖️rfc1950/🪆️subsets/✳️any/✏️editor/🦀️component.rs	84	`usize` is not a future | the trait `Future` is not implemented for `usize`
E0308	✏️s/🔌️plugins/🗄️stdio/📦️packages/🦀️rust/././././././../../🗿️artifacts/📐️step/🏅️standards/🔖️ap214/🪆️subsets/✳️any/👁️viewer/🎭️modes/👁️view/🪟️windows/🪟️main/🦀️component.rs	25	mismatched types | 
E0599	✏️s/🔌️plugins/🗄️stdio/📦️packages/🦀️rust/././../../🗿️artifacts/💾️binary/🏅️standards/🔖️raw/🪆️subsets/✳️any/👁️viewer/🦀️component.rs	81	no method named `icon_id` found for opaque type `impl Future<Output = ViewerBuilder>` in the current scope | consider `await`ing on the `Future` and calling the method on its `Output`
E0599	✏️s/🔌️plugins/🗄️stdio/📦️packages/🦀️rust/././../../🗿️artifacts/🧊️gltf/🏅️standards/🔖️2.0/🪆️subsets/✳️any/👁️viewer/🦀️component.rs	84	no method named `icon_id` found for opaque type `impl Future<Output = ViewerBuilder>` in the current scope | consider `await`ing on the `Future` and calling the method on its `Output`
E0599	✏️s/🔌️plugins/🗄️stdio/📦️packages/🦀️rust/././../../🗿️artifacts/🔊️wav/🏅️standards/🔖️riff-pcm/🪆️subsets/✳️any/👁️viewer/🦀️component.rs	72	no method named `icon_id` found for opaque type `impl Future<Output = ViewerBuilder>` in the current scope | consider `await`ing on the `Future` and calling the method on its `Output`
E0308	✏️s/🔌️plugins/🗄️stdio/📦️packages/🦀️rust/././././././../../🗿️artifacts/💾️binary/🏅️standards/🔖️raw/🪆️subsets/✳️any/👁️viewer/🎭️modes/👁️view/🪟️windows/🪟️main/🦀️component.rs	21	mismatched types | 
E0308	✏️s/🔌️plugins/🗄️stdio/📦️packages/🦀️rust/././././././../../🗿️artifacts/🔊️wav/🏅️standards/🔖️riff-pcm/🪆️subsets/✳️any/👁️viewer/🎭️modes/👁️view/🪟️windows/🪟️main/🦀️component.rs	13	mismatched types | 
E0308	✏️s/🔌️plugins/🗄️stdio/📦️packages/🦀️rust/././././././../../🗿️artifacts/🧊️gltf/🏅️standards/🔖️2.0/🪆️subsets/✳️any/👁️viewer/🎭️modes/👁️view/🪟️windows/🪟️main/🦀️component.rs	25	mismatched types | 
E0599	✏️s/🔌️plugins/🗄️stdio/📦️packages/🦀️rust/././../../🗿️artifacts/🧿️semio/🏅️standards/🔖️v1/🪆️subsets/✳️cad/👁️viewer/🦀️component.rs	84	no method named `icon_id` found for opaque type `impl Future<Output = ViewerBuilder>` in the current scope | consider `await`ing on the `Future` and calling the method on its `Output`
E0599	✏️s/🔌️plugins/🗄️stdio/📦️packages/🦀️rust/../../📇️registry/🦀️component.rs	611	no method named `descriptor` found for opaque type `impl Future<Output = ArtifactCapability>` in the current scope | consider `await`ing on the `Future` and calling the method on its `Output`
E0308	✏️s/🔌️plugins/🗄️stdio/📦️packages/🦀️rust/././././././../../🗿️artifacts/🧿️semio/🏅️standards/🔖️v1/🪆️subsets/✳️cad/👁️viewer/🎭️modes/👁️view/🪟️windows/🪟️main/🦀️component.rs	25	mismatched types | 
E0599	✏️s/🔌️plugins/🗄️stdio/📦️packages/🦀️rust/././../../🗿️artifacts/🗜️deflate/🏅️standards/🔖️rfc1950/🪆️subsets/✳️any/✏️editor/🦀️component.rs	169	no method named `icon_id` found for opaque type `impl Future<Output = EditorBuilder>` in the current scope | consider `await`ing on the `Future` and calling the method on its `Output`
E0308	✏️s/🔌️plugins/🗄️stdio/📦️packages/🦀️rust/././././././../../🗿️artifacts/🧿️semio/🏅️standards/🔖️v1/🪆️subsets/✳️flow/✏️editor/🎭️modes/✏️edit/🪟️windows/🪟️main/🦀️component.rs	24	mismatched types | 
E0599	✏️s/🔌️plugins/🗄️stdio/📦️packages/🦀️rust/././../../🗿️artifacts/📐️step/🏅️standards/🔖️ap214/🪆️subsets/✳️cc3/✏️editor/🦀️component.rs	88	no method named `icon_id` found for opaque type `impl Future<Output = EditorBuilder>` in the current scope | consider `await`ing on the `Future` and calling the method on its `Output`
E0599	✏️s/🔌️plugins/🗄️stdio/📦️packages/🦀️rust/../../📇️registry/🦀️component.rs	620	no method named `map_err` found for opaque type `impl Future<Output = Result<ArtifactIdentity, ArtifactDefinitionError>>` in the current scope | consider `await`ing on the `Future` and calling the method on its `Output`
E0599	✏️s/🔌️plugins/🗄️stdio/📦️packages/🦀️rust/././../../🗿️artifacts/📼️avi/🏅️standards/🔖️1.0/🪆️subsets/✳️any/👁️viewer/🦀️component.rs	72	no method named `icon_id` found for opaque type `impl Future<Output = ViewerBuilder>` in the current scope | consider `await`ing on the `Future` and calling the method on its `Output`
E0308	✏️s/🔌️plugins/🗄️stdio/📦️packages/🦀️rust/././././././../../🗿️artifacts/📐️step/🏅️standards/🔖️ap214/🪆️subsets/✳️cc3/✏️editor/🎭️modes/✏️edit/🪟️windows/🪟️main/🦀️component.rs	24	mismatched types | 
E0308	✏️s/🔌️plugins/🗄️stdio/📦️packages/🦀️rust/././././././../../🗿️artifacts/📼️avi/🏅️standards/🔖️1.0/🪆️subsets/✳️any/👁️viewer/🎭️modes/👁️view/🪟️windows/🪟️main/🦀️component.rs	13	mismatched types | 
E0599	✏️s/🔌️plugins/🗄️stdio/📦️packages/🦀️rust/././../../🗿️artifacts/🌐️html/🏅️standards/🔖️5/🪆️subsets/✳️any/👁️viewer/🦀️component.rs	72	no method named `icon_id` found for opaque type `impl Future<Output = ViewerBuilder>` in the current scope | consider `await`ing on the `Future` and calling the method on its `Output`
E0599	✏️s/🔌️plugins/🗄️stdio/📦️packages/🦀️rust/../../📇️registry/🦀️component.rs	620	no method named `descriptor` found for opaque type `impl Future<Output = ArtifactCapability>` in the current scope | consider `await`ing on the `Future` and calling the method on its `Output`
E0308	✏️s/🔌️plugins/🗄️stdio/📦️packages/🦀️rust/././././././../../🗿️artifacts/🌐️html/🏅️standards/🔖️5/🪆️subsets/✳️any/👁️viewer/🎭️modes/👁️view/🪟️windows/🪟️main/🦀️component.rs	14	mismatched types | 
E0599	✏️s/🔌️plugins/🗄️stdio/📦️packages/🦀️rust/././../../🗿️artifacts/📝️md/🏅️standards/🔖️commonmark/🪆️subsets/✳️any/👁️viewer/🦀️component.rs	72	no method named `icon_id` found for opaque type `impl Future<Output = ViewerBuilder>` in the current scope | consider `await`ing on the `Future` and calling the method on its `Output`
E0599	✏️s/🔌️plugins/🗄️stdio/📦️packages/🦀️rust/../../📇️registry/🦀️component.rs	623	no method named `map_err` found for opaque type `impl Future<Output = Result<ArtifactIdentityNamespace, ArtifactDefinitionError>>` in the current scope | consider `await`ing on the `Future` and calling the method on its `Output`
E0308	✏️s/🔌️plugins/🗄️stdio/📦️packages/🦀️rust/././././././../../🗿️artifacts/📝️md/🏅️standards/🔖️commonmark/🪆️subsets/✳️any/👁️viewer/🎭️modes/👁️view/🪟️windows/🪟️main/🦀️component.rs	14	mismatched types | 
E0599	✏️s/🔌️plugins/🗄️stdio/📦️packages/🦀️rust/../../📇️registry/🦀️component.rs	623	no method named `map_err` found for opaque type `impl Future<Output = Result<ArtifactIdentityClaim, ArtifactDefinitionError>>` in the current scope | consider `await`ing on the `Future` and calling the method on its `Output`
E0599	✏️s/🔌️plugins/🗄️stdio/📦️packages/🦀️rust/././../../🗿️artifacts/🧿️semio/🏅️standards/🔖️v1/🪆️subsets/✳️animation/👁️viewer/🦀️component.rs	84	no method named `icon_id` found for opaque type `impl Future<Output = ViewerBuilder>` in the current scope | consider `await`ing on the `Future` and calling the method on its `Output`
E0308	✏️s/🔌️plugins/🗄️stdio/📦️packages/🦀️rust/././././././../../🗿️artifacts/🧿️semio/🏅️standards/🔖️v1/🪆️subsets/✳️animation/👁️viewer/🎭️modes/👁️view/🪟️windows/🪟️main/🦀️component.rs	25	mismatched types | 
E0599	✏️s/🔌️plugins/🗄️stdio/📦️packages/🦀️rust/../../📇️registry/🦀️component.rs	632	no method named `map_err` found for opaque type `impl Future<Output = Result<ArtifactDefinition, ArtifactDefinitionError>>` in the current scope | consider `await`ing on the `Future` and calling the method on its `Output`
E0308	✏️s/🔌️plugins/🗄️stdio/📦️packages/🦀️rust/../../📇️registry/🦀️component.rs	634	mismatched types | function defined here
E0308	✏️s/🔌️plugins/🗄️stdio/📦️packages/🦀️rust/../../📇️registry/🦀️component.rs	637	mismatched types | function defined here
E0308	✏️s/🔌️plugins/🗄️stdio/📦️packages/🦀️rust/../../📇️registry/🦀️component.rs	640	mismatched types | function defined here
E0308	✏️s/🔌️plugins/🗄️stdio/📦️packages/🦀️rust/../../📇️registry/🦀️component.rs	643	mismatched types | function defined here
E0308	✏️s/🔌️plugins/🗄️stdio/📦️packages/🦀️rust/../../📇️registry/🦀️component.rs	646	mismatched types | function defined here
E0308	✏️s/🔌️plugins/🗄️stdio/📦️packages/🦀️rust/../../📇️registry/🦀️component.rs	649	mismatched types | function defined here
E0308	✏️s/🔌️plugins/🗄️stdio/📦️packages/🦀️rust/../../📇️registry/🦀️component.rs	652	mismatched types | function defined here
E0599	✏️s/🔌️plugins/🗄️stdio/📦️packages/🦀️rust/../../📇️registry/🦀️component.rs	661	no method named `map_err` found for opaque type `impl Future<Output = Result<ArtifactLocale, ArtifactDefinitionError>>` in the current scope | consider `await`ing on the `Future` and calling the method on its `Output`
E0599	✏️s/🔌️plugins/🗄️stdio/📦️packages/🦀️rust/././../../🗿️artifacts/💾️binary/🦀️component.rs	35	no method named `expect` found for opaque type `impl Future<Output = Result<ArtifactKindId, std::string::String>>` in the current scope | consider `await`ing on the `Future` and calling the method on its `Output`
E0107	✏️s/🔌️plugins/🗄️stdio/📦️packages/🦀️rust/././././././../../🗿️artifacts/💾️binary/🏅️standards/🔖️raw/🪆️subsets/✳️any/🦀️component.rs	40	function takes 2 generic arguments but 1 generic argument was supplied | function defined here, with 2 generic parameters: `V`, `PA` / add missing generic argument
E0107	✏️s/🔌️plugins/🗄️stdio/📦️packages/🦀️rust/././././././../../🗿️artifacts/💾️binary/🏅️standards/🔖️raw/🪆️subsets/✳️any/🦀️component.rs	41	function takes 2 generic arguments but 1 generic argument was supplied | function defined here, with 2 generic parameters: `E`, `PA` / add missing generic argument
E0277	✏️s/🔌️plugins/🗄️stdio/📦️packages/🦀️rust/././././././../../🗿️artifacts/💾️binary/🏅️standards/🔖️raw/🪆️subsets/✳️any/🦀️component.rs	40	the trait bound `NoPluginApp: From<VcsArtifactApp<ViewerApp<_>>>` is not satisfied | required by a bound in `viewer_surface`
E0277	✏️s/🔌️plugins/🗄️stdio/📦️packages/🦀️rust/././././././../../🗿️artifacts/💾️binary/🏅️standards/🔖️raw/🪆️subsets/✳️any/🦀️component.rs	41	the trait bound `NoPluginApp: From<VcsArtifactApp<EditorApp<_>>>` is not satisfied | required by a bound in `editor_surface`
E0308	✏️s/🔌️plugins/🗄️stdio/📦️packages/🦀️rust/./././././././../../🗿️artifacts/💾️binary/🏅️standards/🔖️raw/🪆️subsets/✳️any/🚪️io/🦀️component.rs	82	mismatched types | function defined here
E0308	✏️s/🔌️plugins/🗄️stdio/📦️packages/🦀️rust/./././././././../../🗿️artifacts/💾️binary/🏅️standards/🔖️raw/🪆️subsets/✳️any/🚪️io/🦀️component.rs	207	mismatched types | 
E0308	✏️s/🔌️plugins/🗄️stdio/📦️packages/🦀️rust/././././../../🗿️artifacts/💾️binary/🏅️standards/🔖️raw/🪆️subsets/✳️any/📚️examples/🎬️demo/🦀️component.rs	14	mismatched types | 
E0599	✏️s/🔌️plugins/🗄️stdio/📦️packages/🦀️rust/././../../🗿️artifacts/📄txt/🦀️component.rs	32	no method named `expect` found for opaque type `impl Future<Output = Result<ArtifactKindId, std::string::String>>` in the current scope | consider `await`ing on the `Future` and calling the method on its `Output`
E0107	✏️s/🔌️plugins/🗄️stdio/📦️packages/🦀️rust/././././././../../🗿️artifacts/📄txt/🏅️standards/🔖️utf-8/🪆️subsets/✳️any/🦀️component.rs	35	function takes 2 generic arguments but 1 generic argument was supplied | function defined here, with 2 generic parameters: `V`, `PA` / add missing generic argument
E0107	✏️s/🔌️plugins/🗄️stdio/📦️packages/🦀️rust/././././././../../🗿️artifacts/📄txt/🏅️standards/🔖️utf-8/🪆️subsets/✳️any/🦀️component.rs	36	function takes 2 generic arguments but 1 generic argument was supplied | function defined here, with 2 generic parameters: `E`, `PA` / add missing generic argument
E0277	✏️s/🔌️plugins/🗄️stdio/📦️packages/🦀️rust/././././././../../🗿️artifacts/📄txt/🏅️standards/🔖️utf-8/🪆️subsets/✳️any/🦀️component.rs	35	the trait bound `NoPluginApp: From<VcsArtifactApp<ViewerApp<_>>>` is not satisfied | required by a bound in `viewer_surface`
E0277	✏️s/🔌️plugins/🗄️stdio/📦️packages/🦀️rust/././././././../../🗿️artifacts/📄txt/🏅️standards/🔖️utf-8/🪆️subsets/✳️any/🦀️component.rs	36	the trait bound `NoPluginApp: From<VcsArtifactApp<EditorApp<_>>>` is not satisfied | required by a bound in `editor_surface`
E0308	✏️s/🔌️plugins/🗄️stdio/📦️packages/🦀️rust/./././././././../../🗿️artifacts/📄txt/🏅️standards/🔖️utf-8/🪆️subsets/✳️any/🚪️io/🦀️component.rs	61	mismatched types | function defined here
E0308	✏️s/🔌️plugins/🗄️stdio/📦️packages/🦀️rust/./././././././../../🗿️artifacts/📄txt/🏅️standards/🔖️utf-8/🪆️subsets/✳️any/🚪️io/🦀️component.rs	188	mismatched types | 
E0308	✏️s/🔌️plugins/🗄️stdio/📦️packages/🦀️rust/././././../../🗿️artifacts/📄txt/🏅️standards/🔖️utf-8/🪆️subsets/✳️any/📚️examples/🎬️demo/🦀️component.rs	14	mismatched types | 
E0599	✏️s/🔌️plugins/🗄️stdio/📦️packages/🦀️rust/././../../🗿️artifacts/🔣️json/🦀️component.rs	63	no method named `schema` found for opaque type `impl Future<Output = ArtifactDeclarationBuilder<NeedsSchema>>` in the current scope | consider `await`ing on the `Future` and calling the method on its `Output`
E0277	/Users/ueli/.cargo/registry/src/index.crates.io-1949cf8c6b5b557f/serde_json-1.0.149/src/macros.rs	279	the trait bound `impl Future<Output = MeshData>: serde::Serialize` is not satisfied | for local types consider adding `#[derive(serde::Serialize)]` to your `impl Future<Output = MeshData>` type / for types from other crates check whether the crate offers a `serde` feature flag / the following other types implement trait `registry::_::_serde::Serialize`: &'a T &'a mut T () (T,) (T0, T1) (T0, T1, T2) (T0, T1, T2, T3) (T0, T1, T2, T3, T4) and 2478 others / required for `&impl Future<Output = MeshData>` to implement `registry::_::_serde::Serialize` / required by a bound in `serde_json::to_value` / the full name for the type has been written to '/Users/ueli/Documents/semio/.🧬semio/🦑️repo/🎫️tickets/🎆️26/🌙️08/☀️20/INTERACTIVE-JOB-RUNTIME-REFACTOR/PHASE-1-5-DE-ASYNC-REPAIR-SWEEP/🧪️target-r19-stdio/debug/deps/semio_s_plugin_stdio-1d1792480c328f6d.long-type-16092809711206502411.txt' / consider using `--verbose` to print the full type name to the console
E0599	✏️s/🔌️plugins/🗄️stdio/📦️packages/🦀️rust/././../../🗿️artifacts/☁️las/🏅️standards/🔖️1.0/🪆️subsets/✳️any/✏️editor/🦀️component.rs	88	no method named `icon_id` found for opaque type `impl Future<Output = EditorBuilder>` in the current scope | consider `await`ing on the `Future` and calling the method on its `Output`
E0308	✏️s/🔌️plugins/🗄️stdio/📦️packages/🦀️rust/././././././../../🗿️artifacts/☁️las/🏅️standards/🔖️1.0/🪆️subsets/✳️any/✏️editor/🎭️modes/✏️edit/🪟️windows/🪟️main/🦀️component.rs	24	mismatched types | 
E0308	✏️s/🔌️plugins/🗄️stdio/📦️packages/🦀️rust/./././././././././../../🗿️artifacts/🔣️json/🏅️standards/🔖️rfc8259/🪆️subsets/✳️any/🧬️schema/💡️inferences/🧾outline/🦀️component.rs	42	mismatched types | expected struct `Pin<std::boxed::Box<(u32, u32)>>` found tuple `(_, _)` / consider dereferencing to access the inner value using the `Deref` trait
E0308	✏️s/🔌️plugins/🗄️stdio/📦️packages/🦀️rust/./././././././././../../🗿️artifacts/🔣️json/🏅️standards/🔖️rfc8259/🪆️subsets/✳️any/🧬️schema/💡️inferences/🧾outline/🦀️component.rs	52	mismatched types | expected struct `Pin<std::boxed::Box<(u32, u32)>>` found tuple `(_, _)` / consider dereferencing to access the inner value using the `Deref` trait
E0308	✏️s/🔌️plugins/🗄️stdio/📦️packages/🦀️rust/././././././././../../🗿️artifacts/🔣️json/🏅️standards/🔖️rfc8259/🪆️subsets/✳️any/🧬️schema/🔺️diff/🦀️component.rs	210	mismatched types | expected struct `Vec<artifacts::json::standards::v_rfc8259::subsets::any::schema::snapshot::component::JsonValue>` found struct `Pin<std::boxed::Box<Vec<artifacts::json::standards::v_rfc8259::subsets::any::schema::snapshot::component::JsonValue>>>` / try using a conversion method
E0308	✏️s/🔌️plugins/🗄️stdio/📦️packages/🦀️rust/././././././././../../🗿️artifacts/🔣️json/🏅️standards/🔖️rfc8259/🪆️subsets/✳️any/🧬️schema/🔺️diff/🦀️component.rs	217	mismatched types | expected struct `Vec<artifacts::json::standards::v_rfc8259::subsets::any::schema::snapshot::component::JsonMember>` found struct `Pin<std::boxed::Box<Vec<artifacts::json::standards::v_rfc8259::subsets::any::schema::snapshot::component::JsonMember>>>` / try using a conversion method
E0308	✏️s/🔌️plugins/🗄️stdio/📦️packages/🦀️rust/././././././././../../🗿️artifacts/🔣️json/🏅️standards/🔖️rfc8259/🪆️subsets/✳️any/🧬️schema/🔺️diff/🦀️component.rs	327	mismatched types | expected enum `artifacts::json::standards::v_rfc8259::subsets::any::schema::snapshot::component::JsonValue` found struct `Pin<std::boxed::Box<artifacts::json::standards::v_rfc8259::subsets::any::schema::snapshot::component::JsonValue>>`
E0308	✏️s/🔌️plugins/🗄️stdio/📦️packages/🦀️rust/././././././././../../🗿️artifacts/🔣️json/🏅️standards/🔖️rfc8259/🪆️subsets/✳️any/🧬️schema/🔺️diff/🦀️component.rs	355	mismatched types | expected enum `artifacts::json::standards::v_rfc8259::subsets::any::schema::snapshot::component::JsonValue` found struct `Pin<std::boxed::Box<artifacts::json::standards::v_rfc8259::subsets::any::schema::snapshot::component::JsonValue>>`
E0308	✏️s/🔌️plugins/🗄️stdio/📦️packages/🦀️rust/././././././././../../🗿️artifacts/🔣️json/🏅️standards/🔖️rfc8259/🪆️subsets/✳️any/🧬️schema/🔺️diff/🦀️component.rs	492	mismatched types | expected struct `artifacts::json::standards::v_rfc8259::subsets::any::schema::diff::component::JsonArrayDiff` found struct `Pin<std::boxed::Box<artifacts::json::standards::v_rfc8259::subsets::any::schema::diff::component::JsonArrayDiff>>`
E0308	✏️s/🔌️plugins/🗄️stdio/📦️packages/🦀️rust/././././././././../../🗿️artifacts/🔣️json/🏅️standards/🔖️rfc8259/🪆️subsets/✳️any/🧬️schema/🔺️diff/🦀️component.rs	583	`match` arms have incompatible types | expected struct `Pin<std::boxed::Box<artifacts::json::standards::v_rfc8259::subsets::any::schema::diff::component::JsonValueDiff>>` found enum `artifacts::json::standards::v_rfc8259::subsets::any::schema::diff::component::JsonValueDiff` / you need to pin and box this expression
E0277	✏️s/🔌️plugins/🗄️stdio/📦️packages/🦀️rust/././././././././../../🗿️artifacts/🔣️json/🏅️standards/🔖️rfc8259/🪆️subsets/✳️any/🧬️schema/🔺️diff/🦀️component.rs	853	the `?` operator can only be applied to values that implement `Try` | the nightly-only, unstable trait `Try` is not implemented for `Pin<Box<Result<JsonValue, String>>>` / the full name for the type has been written to '/Users/ueli/Documents/semio/.🧬semio/🦑️repo/🎫️tickets/🎆️26/🌙️08/☀️20/INTERACTIVE-JOB-RUNTIME-REFACTOR/PHASE-1-5-DE-ASYNC-REPAIR-SWEEP/🧪️target-r19-stdio/debug/deps/semio_s_plugin_stdio-1d1792480c328f6d.long-type-2544481196134077786.txt' / consider using `--verbose` to print the full type name to the console
E0277	✏️s/🔌️plugins/🗄️stdio/📦️packages/🦀️rust/././././././././../../🗿️artifacts/🔣️json/🏅️standards/🔖️rfc8259/🪆️subsets/✳️any/🧬️schema/🔺️diff/🦀️component.rs	862	the `?` operator can only be applied to values that implement `Try` | the nightly-only, unstable trait `Try` is not implemented for `Pin<Box<Result<JsonValue, String>>>` / the full name for the type has been written to '/Users/ueli/Documents/semio/.🧬semio/🦑️repo/🎫️tickets/🎆️26/🌙️08/☀️20/INTERACTIVE-JOB-RUNTIME-REFACTOR/PHASE-1-5-DE-ASYNC-REPAIR-SWEEP/🧪️target-r19-stdio/debug/deps/semio_s_plugin_stdio-1d1792480c328f6d.long-type-2544481196134077786.txt' / consider using `--verbose` to print the full type name to the console
E0277	✏️s/🔌️plugins/🗄️stdio/📦️packages/🦀️rust/././././././././../../🗿️artifacts/🔣️json/🏅️standards/🔖️rfc8259/🪆️subsets/✳️any/🧬️schema/🔺️diff/🦀️component.rs	1009	the `?` operator can only be applied to values that implement `Try` | the nightly-only, unstable trait `Try` is not implemented for `Pin<Box<Result<JsonArrayDiff, String>>>` / the full name for the type has been written to '/Users/ueli/Documents/semio/.🧬semio/🦑️repo/🎫️tickets/🎆️26/🌙️08/☀️20/INTERACTIVE-JOB-RUNTIME-REFACTOR/PHASE-1-5-DE-ASYNC-REPAIR-SWEEP/🧪️target-r19-stdio/debug/deps/semio_s_plugin_stdio-1d1792480c328f6d.long-type-17273236360548764711.txt' / consider using `--verbose` to print the full type name to the console
E0277	✏️s/🔌️plugins/🗄️stdio/📦️packages/🦀️rust/././././././././../../🗿️artifacts/🔣️json/🏅️standards/🔖️rfc8259/🪆️subsets/✳️any/🧬️schema/🔺️diff/🦀️component.rs	1010	the `?` operator can only be applied to values that implement `Try` | the nightly-only, unstable trait `Try` is not implemented for `Pin<Box<Result<JsonObjectDiff, String>>>` / the full name for the type has been written to '/Users/ueli/Documents/semio/.🧬semio/🦑️repo/🎫️tickets/🎆️26/🌙️08/☀️20/INTERACTIVE-JOB-RUNTIME-REFACTOR/PHASE-1-5-DE-ASYNC-REPAIR-SWEEP/🧪️target-r19-stdio/debug/deps/semio_s_plugin_stdio-1d1792480c328f6d.long-type-6193670590527649504.txt' / consider using `--verbose` to print the full type name to the console
E0277	✏️s/🔌️plugins/🗄️stdio/📦️packages/🦀️rust/././././././././../../🗿️artifacts/🔣️json/🏅️standards/🔖️rfc8259/🪆️subsets/✳️any/🧬️schema/🔺️diff/🦀️component.rs	1043	the `?` operator can only be applied to values that implement `Try` | the nightly-only, unstable trait `Try` is not implemented for `Pin<Box<Result<JsonValueDiff, String>>>` / the full name for the type has been written to '/Users/ueli/Documents/semio/.🧬semio/🦑️repo/🎫️tickets/🎆️26/🌙️08/☀️20/INTERACTIVE-JOB-RUNTIME-REFACTOR/PHASE-1-5-DE-ASYNC-REPAIR-SWEEP/🧪️target-r19-stdio/debug/deps/semio_s_plugin_stdio-1d1792480c328f6d.long-type-7175803151549756273.txt' / consider using `--verbose` to print the full type name to the console
E0277	✏️s/🔌️plugins/🗄️stdio/📦️packages/🦀️rust/././././././././../../🗿️artifacts/🔣️json/🏅️standards/🔖️rfc8259/🪆️subsets/✳️any/🧬️schema/🔺️diff/🦀️component.rs	1085	the `?` operator can only be applied to values that implement `Try` | the nightly-only, unstable trait `Try` is not implemented for `Pin<Box<Result<JsonValueDiff, String>>>` / the full name for the type has been written to '/Users/ueli/Documents/semio/.🧬semio/🦑️repo/🎫️tickets/🎆️26/🌙️08/☀️20/INTERACTIVE-JOB-RUNTIME-REFACTOR/PHASE-1-5-DE-ASYNC-REPAIR-SWEEP/🧪️target-r19-stdio/debug/deps/semio_s_plugin_stdio-1d1792480c328f6d.long-type-7175803151549756273.txt' / consider using `--verbose` to print the full type name to the console
E0277	✏️s/🔌️plugins/🗄️stdio/📦️packages/🦀️rust/././././././././../../🗿️artifacts/🔣️json/🏅️standards/🔖️rfc8259/🪆️subsets/✳️any/🧬️schema/🔺️diff/🦀️component.rs	1151	`usize` is not a future | the trait `Future` is not implemented for `usize` / required by a bound in `semio_framework_plugin::resolve_ready`
E0277	✏️s/🔌️plugins/🗄️stdio/📦️packages/🦀️rust/././././././././../../🗿️artifacts/🔣️json/🏅️standards/🔖️rfc8259/🪆️subsets/✳️any/🧬️schema/🔺️diff/🦀️component.rs	1151	`usize` is not a future | the trait `Future` is not implemented for `usize`
E0308	✏️s/🔌️plugins/🗄️stdio/📦️packages/🦀️rust/././././././././../../🗿️artifacts/🔣️json/🏅️standards/🔖️rfc8259/🪆️subsets/✳️any/🧬️schema/🧬️mutations/🦀️component.rs	116	mismatched types | expected enum `artifacts::json::standards::v_rfc8259::subsets::any::schema::diff::component::JsonValueDiff` found struct `Pin<std::boxed::Box<artifacts::json::standards::v_rfc8259::subsets::any::schema::diff::component::JsonValueDiff>>`
E0308	✏️s/🔌️plugins/🗄️stdio/📦️packages/🦀️rust/././././././././../../🗿️artifacts/🔣️json/🏅️standards/🔖️rfc8259/🪆️subsets/✳️any/🧬️schema/🧬️mutations/🦀️component.rs	117	mismatched types | expected enum `artifacts::json::standards::v_rfc8259::subsets::any::schema::diff::component::JsonValueDiff` found struct `Pin<std::boxed::Box<artifacts::json::standards::v_rfc8259::subsets::any::schema::diff::component::JsonValueDiff>>`
E0277	✏️s/🔌️plugins/🗄️stdio/📦️packages/🦀️rust/././././././././../../🗿️artifacts/🔣️json/🏅️standards/🔖️rfc8259/🪆️subsets/✳️any/🧬️schema/🧬️mutations/🦀️component.rs	429	`usize` is not a future | the trait `Future` is not implemented for `usize` / required by a bound in `semio_framework_plugin::resolve_ready`
E0277	✏️s/🔌️plugins/🗄️stdio/📦️packages/🦀️rust/././././././././../../🗿️artifacts/🔣️json/🏅️standards/🔖️rfc8259/🪆️subsets/✳️any/🧬️schema/🧬️mutations/🦀️component.rs	433	`usize` is not a future | the trait `Future` is not implemented for `usize` / required by a bound in `semio_framework_plugin::resolve_ready`
E0277	✏️s/🔌️plugins/🗄️stdio/📦️packages/🦀️rust/././././././././../../🗿️artifacts/🔣️json/🏅️standards/🔖️rfc8259/🪆️subsets/✳️any/🧬️schema/🧬️mutations/🦀️component.rs	434	`usize` is not a future | the trait `Future` is not implemented for `usize` / required by a bound in `semio_framework_plugin::resolve_ready`
E0277	✏️s/🔌️plugins/🗄️stdio/📦️packages/🦀️rust/././././././././../../🗿️artifacts/🔣️json/🏅️standards/🔖️rfc8259/🪆️subsets/✳️any/🧬️schema/🧬️mutations/🦀️component.rs	435	`usize` is not a future | the trait `Future` is not implemented for `usize` / required by a bound in `semio_framework_plugin::resolve_ready`
E0277	✏️s/🔌️plugins/🗄️stdio/📦️packages/🦀️rust/././././././././../../🗿️artifacts/🔣️json/🏅️standards/🔖️rfc8259/🪆️subsets/✳️any/🧬️schema/🧬️mutations/🦀️component.rs	439	`usize` is not a future | the trait `Future` is not implemented for `usize` / required by a bound in `semio_framework_plugin::resolve_ready`
E0277	✏️s/🔌️plugins/🗄️stdio/📦️packages/🦀️rust/././././././././../../🗿️artifacts/🔣️json/🏅️standards/🔖️rfc8259/🪆️subsets/✳️any/🧬️schema/🧬️mutations/🦀️component.rs	440	`usize` is not a future | the trait `Future` is not implemented for `usize` / required by a bound in `semio_framework_plugin::resolve_ready`
E0277	✏️s/🔌️plugins/🗄️stdio/📦️packages/🦀️rust/././././././././../../🗿️artifacts/🔣️json/🏅️standards/🔖️rfc8259/🪆️subsets/✳️any/🧬️schema/🧬️mutations/🦀️component.rs	444	`usize` is not a future | the trait `Future` is not implemented for `usize` / required by a bound in `semio_framework_plugin::resolve_ready`
E0277	✏️s/🔌️plugins/🗄️stdio/📦️packages/🦀️rust/././././././././../../🗿️artifacts/🔣️json/🏅️standards/🔖️rfc8259/🪆️subsets/✳️any/🧬️schema/🧬️mutations/🦀️component.rs	445	`usize` is not a future | the trait `Future` is not implemented for `usize` / required by a bound in `semio_framework_plugin::resolve_ready`
E0277	✏️s/🔌️plugins/🗄️stdio/📦️packages/🦀️rust/././././././././../../🗿️artifacts/🔣️json/🏅️standards/🔖️rfc8259/🪆️subsets/✳️any/🧬️schema/🧬️mutations/🦀️component.rs	446	`usize` is not a future | the trait `Future` is not implemented for `usize` / required by a bound in `semio_framework_plugin::resolve_ready`
E0277	✏️s/🔌️plugins/🗄️stdio/📦️packages/🦀️rust/././././././././../../🗿️artifacts/🔣️json/🏅️standards/🔖️rfc8259/🪆️subsets/✳️any/🧬️schema/🧬️mutations/🦀️component.rs	450	`usize` is not a future | the trait `Future` is not implemented for `usize` / required by a bound in `semio_framework_plugin::resolve_ready`
E0277	✏️s/🔌️plugins/🗄️stdio/📦️packages/🦀️rust/././././././././../../🗿️artifacts/🔣️json/🏅️standards/🔖️rfc8259/🪆️subsets/✳️any/🧬️schema/🧬️mutations/🦀️component.rs	451	`usize` is not a future | the trait `Future` is not implemented for `usize` / required by a bound in `semio_framework_plugin::resolve_ready`
E0277	✏️s/🔌️plugins/🗄️stdio/📦️packages/🦀️rust/././././././././../../🗿️artifacts/🔣️json/🏅️standards/🔖️rfc8259/🪆️subsets/✳️any/🧬️schema/🧬️mutations/🦀️component.rs	455	`usize` is not a future | the trait `Future` is not implemented for `usize` / required by a bound in `semio_framework_plugin::resolve_ready`
E0277	✏️s/🔌️plugins/🗄️stdio/📦️packages/🦀️rust/././././././././../../🗿️artifacts/🔣️json/🏅️standards/🔖️rfc8259/🪆️subsets/✳️any/🧬️schema/🧬️mutations/🦀️component.rs	456	`usize` is not a future | the trait `Future` is not implemented for `usize` / required by a bound in `semio_framework_plugin::resolve_ready`
E0277	✏️s/🔌️plugins/🗄️stdio/📦️packages/🦀️rust/././././././././../../🗿️artifacts/🔣️json/🏅️standards/🔖️rfc8259/🪆️subsets/✳️any/🧬️schema/🧬️mutations/🦀️component.rs	429	`usize` is not a future | the trait `Future` is not implemented for `usize`
E0308	✏️s/🔌️plugins/🗄️stdio/📦️packages/🦀️rust/././././../../🗿️artifacts/🔣️json/🏅️standards/🔖️rfc8259/🪆️subsets/✳️any/📚️examples/🎬️demo/🦀️component.rs	14	mismatched types | 
E0599	✏️s/🔌️plugins/🗄️stdio/📦️packages/🦀️rust/././../../🗿️artifacts/📰xml/🦀️component.rs	69	no method named `schema` found for opaque type `impl Future<Output = ArtifactDeclarationBuilder<NeedsSchema>>` in the current scope | consider `await`ing on the `Future` and calling the method on its `Output`
E0308	✏️s/🔌️plugins/🗄️stdio/📦️packages/🦀️rust/././././././././../../🗿️artifacts/📰xml/🏅️standards/🔖️1.0/🪆️subsets/✳️any/📚️examples/🎬️demo/🦀️component.rs	14	mismatched types | 
E0308	✏️s/🔌️plugins/🗄️stdio/📦️packages/🦀️rust/./././././././././../../🗿️artifacts/📰xml/🏅️standards/🔖️1.0/🪆️subsets/✳️any/🧬️schema/💡️inferences/🧾outline/🦀️component.rs	31	mismatched types | expected struct `Pin<std::boxed::Box<(u32, u32)>>` found tuple `(_, _)` / consider dereferencing to access the inner value using the `Deref` trait
E0308	✏️s/🔌️plugins/🗄️stdio/📦️packages/🦀️rust/././././././././../../🗿️artifacts/📰xml/🏅️standards/🔖️1.0/🪆️subsets/✳️any/🧬️schema/🔺️diff/🦀️component.rs	318	mismatched types | expected struct `Vec<artifacts::xml::standards::v1_0::subsets::any::schema::snapshot::component::XmlNode>` found struct `Pin<std::boxed::Box<Vec<artifacts::xml::standards::v1_0::subsets::any::schema::snapshot::component::XmlNode>>>` / try using a conversion method
E0308	✏️s/🔌️plugins/🗄️stdio/📦️packages/🦀️rust/././././././././../../🗿️artifacts/📰xml/🏅️standards/🔖️1.0/🪆️subsets/✳️any/🧬️schema/🔺️diff/🦀️component.rs	352	mismatched types | expected enum `artifacts::xml::standards::v1_0::subsets::any::schema::snapshot::component::XmlNode` found struct `Pin<std::boxed::Box<artifacts::xml::standards::v1_0::subsets::any::schema::snapshot::component::XmlNode>>` / the type constructed contains `Pin<std::boxed::Box<artifacts::xml::standards::v1_0::subsets::any::schema::snapshot::component::XmlNode>>` due to the type of the argument passed / tuple variant defined here
E0308	✏️s/🔌️plugins/🗄️stdio/📦️packages/🦀️rust/././././././././../../🗿️artifacts/📰xml/🏅️standards/🔖️1.0/🪆️subsets/✳️any/🧬️schema/🔺️diff/🦀️component.rs	484	mismatched types | expected enum `std::option::Option<artifacts::xml::standards::v1_0::subsets::any::schema::diff::component::XmlChildrenDiff>` found struct `Pin<std::boxed::Box<std::option::Option<artifacts::xml::standards::v1_0::subsets::any::schema::diff::component::XmlChildrenDiff>>>`
E0277	/Users/ueli/.cargo/registry/src/index.crates.io-1949cf8c6b5b557f/serde_json-1.0.149/src/macros.rs	279	the trait bound `impl Future<Output = MeshData>: serde::Serialize` is not satisfied | for local types consider adding `#[derive(serde::Serialize)]` to your `impl Future<Output = MeshData>` type / for types from other crates check whether the crate offers a `serde` feature flag / the following other types implement trait `registry::_::_serde::Serialize`: &'a T &'a mut T () (T,) (T0, T1) (T0, T1, T2) (T0, T1, T2, T3) (T0, T1, T2, T3, T4) and 2478 others / required for `&impl Future<Output = MeshData>` to implement `registry::_::_serde::Serialize` / required by a bound in `serde_json::to_value` / the full name for the type has been written to '/Users/ueli/Documents/semio/.🧬semio/🦑️repo/🎫️tickets/🎆️26/🌙️08/☀️20/INTERACTIVE-JOB-RUNTIME-REFACTOR/PHASE-1-5-DE-ASYNC-REPAIR-SWEEP/🧪️target-r19-stdio/debug/deps/semio_s_plugin_stdio-1d1792480c328f6d.long-type-16092809711206502411.txt' / consider using `--verbose` to print the full type name to the console
E0308	✏️s/🔌️plugins/🗄️stdio/📦️packages/🦀️rust/././././././././../../🗿️artifacts/📰xml/🏅️standards/🔖️1.0/🪆️subsets/✳️any/🧬️schema/🔺️diff/🦀️component.rs	525	mismatched types | expected struct `Pin<std::boxed::Box<std::option::Option<artifacts::xml::standards::v1_0::subsets::any::schema::diff::component::XmlNodeDiff>>>` found enum `std::option::Option<_>` / the full name for the type has been written to '/Users/ueli/Documents/semio/.🧬semio/🦑️repo/🎫️tickets/🎆️26/🌙️08/☀️20/INTERACTIVE-JOB-RUNTIME-REFACTOR/PHASE-1-5-DE-ASYNC-REPAIR-SWEEP/🧪️target-r19-stdio/debug/deps/semio_s_plugin_stdio-1d1792480c328f6d.long-type-15271648023395153337.txt' / consider using `--verbose` to print the full type name to the console / consider dereferencing to access the inner value using the `Deref` trait
E0308	✏️s/🔌️plugins/🗄️stdio/📦️packages/🦀️rust/././././././././../../🗿️artifacts/📰xml/🏅️standards/🔖️1.0/🪆️subsets/✳️any/🧬️schema/🔺️diff/🦀️component.rs	595	mismatched types | expected struct `artifacts::xml::standards::v1_0::subsets::any::schema::diff::component::XmlElementDiff` found struct `Pin<std::boxed::Box<artifacts::xml::standards::v1_0::subsets::any::schema::diff::component::XmlElementDiff>>` / tuple variant defined here
E0308	✏️s/🔌️plugins/🗄️stdio/📦️packages/🦀️rust/././././././././../../🗿️artifacts/📰xml/🏅️standards/🔖️1.0/🪆️subsets/✳️any/🧬️schema/🔺️diff/🦀️component.rs	613	mismatched types | expected struct `artifacts::xml::standards::v1_0::subsets::any::schema::diff::component::XmlChildrenDiff` found struct `Pin<std::boxed::Box<artifacts::xml::standards::v1_0::subsets::any::schema::diff::component::XmlChildrenDiff>>` / the type constructed contains `Pin<std::boxed::Box<artifacts::xml::standards::v1_0::subsets::any::schema::diff::component::XmlChildrenDiff>>` due to the type of the argument passed / tuple variant defined here
E0599	✏️s/🔌️plugins/🗄️stdio/📦️packages/🦀️rust/././../../🗿️artifacts/🧿️semio/🏅️standards/🔖️v1/🪆️subsets/✳️document/👁️viewer/🦀️component.rs	84	no method named `icon_id` found for opaque type `impl Future<Output = ViewerBuilder>` in the current scope | consider `await`ing on the `Future` and calling the method on its `Output`
E0308	✏️s/🔌️plugins/🗄️stdio/📦️packages/🦀️rust/././././././../../🗿️artifacts/🧿️semio/🏅️standards/🔖️v1/🪆️subsets/✳️document/👁️viewer/🎭️modes/👁️view/🪟️windows/🪟️main/🦀️component.rs	25	mismatched types | 
E0308	✏️s/🔌️plugins/🗄️stdio/📦️packages/🦀️rust/././././././././../../🗿️artifacts/📰xml/🏅️standards/🔖️1.0/🪆️subsets/✳️any/🧬️schema/🔺️diff/🦀️component.rs	705	mismatched types | expected enum `artifacts::xml::standards::v1_0::subsets::any::schema::diff::component::XmlNodeDiff` found struct `Pin<std::boxed::Box<artifacts::xml::standards::v1_0::subsets::any::schema::diff::component::XmlNodeDiff>>`
E0277	✏️s/🔌️plugins/🗄️stdio/📦️packages/🦀️rust/././././././././../../🗿️artifacts/📰xml/🏅️standards/🔖️1.0/🪆️subsets/✳️any/🧬️schema/🔺️diff/🦀️component.rs	1113	the `?` operator can only be applied to values that implement `Try` | the nightly-only, unstable trait `Try` is not implemented for `Pin<Box<Result<XmlNode, String>>>` / the full name for the type has been written to '/Users/ueli/Documents/semio/.🧬semio/🦑️repo/🎫️tickets/🎆️26/🌙️08/☀️20/INTERACTIVE-JOB-RUNTIME-REFACTOR/PHASE-1-5-DE-ASYNC-REPAIR-SWEEP/🧪️target-r19-stdio/debug/deps/semio_s_plugin_stdio-1d1792480c328f6d.long-type-12378063362634031112.txt' / consider using `--verbose` to print the full type name to the console
E0277	/Users/ueli/.cargo/registry/src/index.crates.io-1949cf8c6b5b557f/serde_json-1.0.149/src/macros.rs	279	the trait bound `impl Future<Output = MeshData>: serde::Serialize` is not satisfied | for local types consider adding `#[derive(serde::Serialize)]` to your `impl Future<Output = MeshData>` type / for types from other crates check whether the crate offers a `serde` feature flag / the following other types implement trait `registry::_::_serde::Serialize`: &'a T &'a mut T () (T,) (T0, T1) (T0, T1, T2) (T0, T1, T2, T3) (T0, T1, T2, T3, T4) and 2478 others / required for `&impl Future<Output = MeshData>` to implement `registry::_::_serde::Serialize` / required by a bound in `serde_json::to_value` / the full name for the type has been written to '/Users/ueli/Documents/semio/.🧬semio/🦑️repo/🎫️tickets/🎆️26/🌙️08/☀️20/INTERACTIVE-JOB-RUNTIME-REFACTOR/PHASE-1-5-DE-ASYNC-REPAIR-SWEEP/🧪️target-r19-stdio/debug/deps/semio_s_plugin_stdio-1d1792480c328f6d.long-type-16092809711206502411.txt' / consider using `--verbose` to print the full type name to the console
E0277	/Users/ueli/.cargo/registry/src/index.crates.io-1949cf8c6b5b557f/serde_json-1.0.149/src/macros.rs	279	the trait bound `impl Future<Output = MeshData>: serde::Serialize` is not satisfied | for local types consider adding `#[derive(serde::Serialize)]` to your `impl Future<Output = MeshData>` type / for types from other crates check whether the crate offers a `serde` feature flag / the following other types implement trait `registry::_::_serde::Serialize`: &'a T &'a mut T () (T,) (T0, T1) (T0, T1, T2) (T0, T1, T2, T3) (T0, T1, T2, T3, T4) and 2478 others / required for `&impl Future<Output = MeshData>` to implement `registry::_::_serde::Serialize` / required by a bound in `serde_json::to_value` / the full name for the type has been written to '/Users/ueli/Documents/semio/.🧬semio/🦑️repo/🎫️tickets/🎆️26/🌙️08/☀️20/INTERACTIVE-JOB-RUNTIME-REFACTOR/PHASE-1-5-DE-ASYNC-REPAIR-SWEEP/🧪️target-r19-stdio/debug/deps/semio_s_plugin_stdio-1d1792480c328f6d.long-type-16092809711206502411.txt' / consider using `--verbose` to print the full type name to the console
E0277	/Users/ueli/.cargo/registry/src/index.crates.io-1949cf8c6b5b557f/serde_json-1.0.149/src/macros.rs	279	the trait bound `impl Future<Output = MeshData>: serde::Serialize` is not satisfied | for local types consider adding `#[derive(serde::Serialize)]` to your `impl Future<Output = MeshData>` type / for types from other crates check whether the crate offers a `serde` feature flag / the following other types implement trait `registry::_::_serde::Serialize`: &'a T &'a mut T () (T,) (T0, T1) (T0, T1, T2) (T0, T1, T2, T3) (T0, T1, T2, T3, T4) and 2478 others / required for `&impl Future<Output = MeshData>` to implement `registry::_::_serde::Serialize` / required by a bound in `serde_json::to_value` / the full name for the type has been written to '/Users/ueli/Documents/semio/.🧬semio/🦑️repo/🎫️tickets/🎆️26/🌙️08/☀️20/INTERACTIVE-JOB-RUNTIME-REFACTOR/PHASE-1-5-DE-ASYNC-REPAIR-SWEEP/🧪️target-r19-stdio/debug/deps/semio_s_plugin_stdio-1d1792480c328f6d.long-type-16092809711206502411.txt' / consider using `--verbose` to print the full type name to the console
E0277	/Users/ueli/.cargo/registry/src/index.crates.io-1949cf8c6b5b557f/serde_json-1.0.149/src/macros.rs	279	the trait bound `impl Future<Output = MeshData>: serde::Serialize` is not satisfied | for local types consider adding `#[derive(serde::Serialize)]` to your `impl Future<Output = MeshData>` type / for types from other crates check whether the crate offers a `serde` feature flag / the following other types implement trait `registry::_::_serde::Serialize`: &'a T &'a mut T () (T,) (T0, T1) (T0, T1, T2) (T0, T1, T2, T3) (T0, T1, T2, T3, T4) and 2478 others / required for `&impl Future<Output = MeshData>` to implement `registry::_::_serde::Serialize` / required by a bound in `serde_json::to_value` / the full name for the type has been written to '/Users/ueli/Documents/semio/.🧬semio/🦑️repo/🎫️tickets/🎆️26/🌙️08/☀️20/INTERACTIVE-JOB-RUNTIME-REFACTOR/PHASE-1-5-DE-ASYNC-REPAIR-SWEEP/🧪️target-r19-stdio/debug/deps/semio_s_plugin_stdio-1d1792480c328f6d.long-type-16092809711206502411.txt' / consider using `--verbose` to print the full type name to the console
E0277	/Users/ueli/.cargo/registry/src/index.crates.io-1949cf8c6b5b557f/serde_json-1.0.149/src/macros.rs	279	the trait bound `impl Future<Output = MeshData>: serde::Serialize` is not satisfied | for local types consider adding `#[derive(serde::Serialize)]` to your `impl Future<Output = MeshData>` type / for types from other crates check whether the crate offers a `serde` feature flag / the following other types implement trait `registry::_::_serde::Serialize`: &'a T &'a mut T () (T,) (T0, T1) (T0, T1, T2) (T0, T1, T2, T3) (T0, T1, T2, T3, T4) and 2478 others / required for `&impl Future<Output = MeshData>` to implement `registry::_::_serde::Serialize` / required by a bound in `serde_json::to_value` / the full name for the type has been written to '/Users/ueli/Documents/semio/.🧬semio/🦑️repo/🎫️tickets/🎆️26/🌙️08/☀️20/INTERACTIVE-JOB-RUNTIME-REFACTOR/PHASE-1-5-DE-ASYNC-REPAIR-SWEEP/🧪️target-r19-stdio/debug/deps/semio_s_plugin_stdio-1d1792480c328f6d.long-type-16092809711206502411.txt' / consider using `--verbose` to print the full type name to the console
E0599	✏️s/🔌️plugins/🗄️stdio/📦️packages/🦀️rust/././../../🗿️artifacts/🧿️semio/🏅️standards/🔖️v1/🪆️subsets/✳️graph/✏️editor/🦀️component.rs	88	no method named `icon_id` found for opaque type `impl Future<Output = EditorBuilder>` in the current scope | consider `await`ing on the `Future` and calling the method on its `Output`
E0308	✏️s/🔌️plugins/🗄️stdio/📦️packages/🦀️rust/././././././../../🗿️artifacts/🧿️semio/🏅️standards/🔖️v1/🪆️subsets/✳️graph/✏️editor/🎭️modes/✏️edit/🪟️windows/🪟️main/🦀️component.rs	24	mismatched types | 
E0277	/Users/ueli/.cargo/registry/src/index.crates.io-1949cf8c6b5b557f/serde_json-1.0.149/src/macros.rs	279	the trait bound `impl Future<Output = MeshData>: serde::Serialize` is not satisfied | for local types consider adding `#[derive(serde::Serialize)]` to your `impl Future<Output = MeshData>` type / for types from other crates check whether the crate offers a `serde` feature flag / the following other types implement trait `registry::_::_serde::Serialize`: &'a T &'a mut T () (T,) (T0, T1) (T0, T1, T2) (T0, T1, T2, T3) (T0, T1, T2, T3, T4) and 2478 others / required for `&impl Future<Output = MeshData>` to implement `registry::_::_serde::Serialize` / required by a bound in `serde_json::to_value` / the full name for the type has been written to '/Users/ueli/Documents/semio/.🧬semio/🦑️repo/🎫️tickets/🎆️26/🌙️08/☀️20/INTERACTIVE-JOB-RUNTIME-REFACTOR/PHASE-1-5-DE-ASYNC-REPAIR-SWEEP/🧪️target-r19-stdio/debug/deps/semio_s_plugin_stdio-1d1792480c328f6d.long-type-16092809711206502411.txt' / consider using `--verbose` to print the full type name to the console
E0277	✏️s/🔌️plugins/🗄️stdio/📦️packages/🦀️rust/././././././././../../🗿️artifacts/📰xml/🏅️standards/🔖️1.0/🪆️subsets/✳️any/🧬️schema/🔺️diff/🦀️component.rs	1290	the `?` operator can only be applied to values that implement `Try` | the nightly-only, unstable trait `Try` is not implemented for `Pin<Box<Result<XmlChildrenDiff, String>>>` / the full name for the type has been written to '/Users/ueli/Documents/semio/.🧬semio/🦑️repo/🎫️tickets/🎆️26/🌙️08/☀️20/INTERACTIVE-JOB-RUNTIME-REFACTOR/PHASE-1-5-DE-ASYNC-REPAIR-SWEEP/🧪️target-r19-stdio/debug/deps/semio_s_plugin_stdio-1d1792480c328f6d.long-type-10304505870922595457.txt' / consider using `--verbose` to print the full type name to the console
E0599	✏️s/🔌️plugins/🗄️stdio/📦️packages/🦀️rust/././../../🗿️artifacts/🧊️obj/🏅️standards/🔖️3.0/🪆️subsets/✳️any/👁️viewer/🦀️component.rs	84	no method named `icon_id` found for opaque type `impl Future<Output = ViewerBuilder>` in the current scope | consider `await`ing on the `Future` and calling the method on its `Output`
E0599	✏️s/🔌️plugins/🗄️stdio/📦️packages/🦀️rust/././../../🗿️artifacts/📐️step/🏅️standards/🔖️ap214/🪆️subsets/✳️cc1/👁️viewer/🦀️component.rs	84	no method named `icon_id` found for opaque type `impl Future<Output = ViewerBuilder>` in the current scope | consider `await`ing on the `Future` and calling the method on its `Output`
E0308	✏️s/🔌️plugins/🗄️stdio/📦️packages/🦀️rust/././././././../../🗿️artifacts/🧊️obj/🏅️standards/🔖️3.0/🪆️subsets/✳️any/👁️viewer/🎭️modes/👁️view/🪟️windows/🪟️main/🦀️component.rs	25	mismatched types | 
E0308	✏️s/🔌️plugins/🗄️stdio/📦️packages/🦀️rust/././././././../../🗿️artifacts/📐️step/🏅️standards/🔖️ap214/🪆️subsets/✳️cc1/👁️viewer/🎭️modes/👁️view/🪟️windows/🪟️main/🦀️component.rs	25	mismatched types | 
E0599	✏️s/🔌️plugins/🗄️stdio/📦️packages/🦀️rust/././../../🗿️artifacts/🧿️semio/🏅️standards/🔖️v1/🪆️subsets/✳️any/👁️viewer/🦀️component.rs	84	no method named `icon_id` found for opaque type `impl Future<Output = ViewerBuilder>` in the current scope | consider `await`ing on the `Future` and calling the method on its `Output`
E0599	✏️s/🔌️plugins/🗄️stdio/📦️packages/🦀️rust/././../../🗿️artifacts/📐️step/🏅️standards/🔖️ap214/🪆️subsets/✳️cc4/✏️editor/🦀️component.rs	88	no method named `icon_id` found for opaque type `impl Future<Output = EditorBuilder>` in the current scope | consider `await`ing on the `Future` and calling the method on its `Output`
E0308	✏️s/🔌️plugins/🗄️stdio/📦️packages/🦀️rust/././././././../../🗿️artifacts/📐️step/🏅️standards/🔖️ap214/🪆️subsets/✳️cc4/✏️editor/🎭️modes/✏️edit/🪟️windows/🪟️main/🦀️component.rs	24	mismatched types | 
E0308	✏️s/🔌️plugins/🗄️stdio/📦️packages/🦀️rust/././././././../../🗿️artifacts/🧿️semio/🏅️standards/🔖️v1/🪆️subsets/✳️any/👁️viewer/🎭️modes/👁️view/🪟️windows/🪟️main/🦀️component.rs	25	mismatched types | 
E0599	✏️s/🔌️plugins/🗄️stdio/📦️packages/🦀️rust/././../../🗿️artifacts/💬️bcf/🏅️standards/🔖️2.1/🪆️subsets/✳️any/✏️editor/🦀️component.rs	88	no method named `icon_id` found for opaque type `impl Future<Output = EditorBuilder>` in the current scope | consider `await`ing on the `Future` and calling the method on its `Output`
E0277	✏️s/🔌️plugins/🗄️stdio/📦️packages/🦀️rust/././././././././../../🗿️artifacts/📰xml/🏅️standards/🔖️1.0/🪆️subsets/✳️any/🧬️schema/🔺️diff/🦀️component.rs	1376	the `?` operator can only be applied to values that implement `Try` | the nightly-only, unstable trait `Try` is not implemented for `Pin<Box<Result<XmlNodeDiff, String>>>` / the full name for the type has been written to '/Users/ueli/Documents/semio/.🧬semio/🦑️repo/🎫️tickets/🎆️26/🌙️08/☀️20/INTERACTIVE-JOB-RUNTIME-REFACTOR/PHASE-1-5-DE-ASYNC-REPAIR-SWEEP/🧪️target-r19-stdio/debug/deps/semio_s_plugin_stdio-1d1792480c328f6d.long-type-12501826862964373014.txt' / consider using `--verbose` to print the full type name to the console
E0308	✏️s/🔌️plugins/🗄️stdio/📦️packages/🦀️rust/././././././../../🗿️artifacts/💬️bcf/🏅️standards/🔖️2.1/🪆️subsets/✳️any/✏️editor/🎭️modes/✏️edit/🪟️windows/🪟️main/🦀️component.rs	17	mismatched types | 
E0277	✏️s/🔌️plugins/🗄️stdio/📦️packages/🦀️rust/././././././././../../🗿️artifacts/📰xml/🏅️standards/🔖️1.0/🪆️subsets/✳️any/🧬️schema/🔺️diff/🦀️component.rs	1485	`usize` is not a future | the trait `Future` is not implemented for `usize` / required by a bound in `semio_framework_plugin::resolve_ready`
E0277	✏️s/🔌️plugins/🗄️stdio/📦️packages/🦀️rust/././././././././../../🗿️artifacts/📰xml/🏅️standards/🔖️1.0/🪆️subsets/✳️any/🧬️schema/🔺️diff/🦀️component.rs	1486	`usize` is not a future | the trait `Future` is not implemented for `usize` / required by a bound in `semio_framework_plugin::resolve_ready`
E0277	✏️s/🔌️plugins/🗄️stdio/📦️packages/🦀️rust/././././././././../../🗿️artifacts/📰xml/🏅️standards/🔖️1.0/🪆️subsets/✳️any/🧬️schema/🔺️diff/🦀️component.rs	1491	`usize` is not a future | the trait `Future` is not implemented for `usize` / required by a bound in `semio_framework_plugin::resolve_ready`
E0277	✏️s/🔌️plugins/🗄️stdio/📦️packages/🦀️rust/././././././././../../🗿️artifacts/📰xml/🏅️standards/🔖️1.0/🪆️subsets/✳️any/🧬️schema/🔺️diff/🦀️component.rs	1492	`usize` is not a future | the trait `Future` is not implemented for `usize` / required by a bound in `semio_framework_plugin::resolve_ready`
E0277	✏️s/🔌️plugins/🗄️stdio/📦️packages/🦀️rust/././././././././../../🗿️artifacts/📰xml/🏅️standards/🔖️1.0/🪆️subsets/✳️any/🧬️schema/🔺️diff/🦀️component.rs	1496	`usize` is not a future | the trait `Future` is not implemented for `usize` / required by a bound in `semio_framework_plugin::resolve_ready`
E0277	✏️s/🔌️plugins/🗄️stdio/📦️packages/🦀️rust/././././././././../../🗿️artifacts/📰xml/🏅️standards/🔖️1.0/🪆️subsets/✳️any/🧬️schema/🔺️diff/🦀️component.rs	1497	`usize` is not a future | the trait `Future` is not implemented for `usize` / required by a bound in `semio_framework_plugin::resolve_ready`
E0277	✏️s/🔌️plugins/🗄️stdio/📦️packages/🦀️rust/././././././././../../🗿️artifacts/📰xml/🏅️standards/🔖️1.0/🪆️subsets/✳️any/🧬️schema/🔺️diff/🦀️component.rs	1485	`usize` is not a future | the trait `Future` is not implemented for `usize`
E0599	✏️s/🔌️plugins/🗄️stdio/📦️packages/🦀️rust/././../../🗿️artifacts/📊️csv/🏅️standards/🔖️rfc4180/🪆️subsets/✳️any/✏️editor/🦀️component.rs	135	no method named `icon_id` found for opaque type `impl Future<Output = EditorBuilder>` in the current scope | consider `await`ing on the `Future` and calling the method on its `Output`
E0308	✏️s/🔌️plugins/🗄️stdio/📦️packages/🦀️rust/././././././../../🗿️artifacts/📊️csv/🏅️standards/🔖️rfc4180/🪆️subsets/✳️any/✏️editor/🎭️modes/✏️edit/🪟️windows/🪟️main/🦀️component.rs	19	mismatched types | 
E0599	✏️s/🔌️plugins/🗄️stdio/📦️packages/🦀️rust/././../../🗿️artifacts/📑️tsv/🏅️standards/🔖️iana/🪆️subsets/✳️any/✏️editor/🦀️component.rs	117	no method named `icon_id` found for opaque type `impl Future<Output = EditorBuilder>` in the current scope | consider `await`ing on the `Future` and calling the method on its `Output`
E0308	✏️s/🔌️plugins/🗄️stdio/📦️packages/🦀️rust/././././././../../🗿️artifacts/📑️tsv/🏅️standards/🔖️iana/🪆️subsets/✳️any/✏️editor/🎭️modes/✏️edit/🪟️windows/🪟️main/🦀️component.rs	19	mismatched types | 
E0277	✏️s/🔌️plugins/🗄️stdio/📦️packages/🦀️rust/././././././././../../🗿️artifacts/📰xml/🏅️standards/🔖️1.0/🪆️subsets/✳️any/🧬️schema/🧬️mutations/🦀️component.rs	396	`usize` is not a future | the trait `Future` is not implemented for `usize` / required by a bound in `semio_framework_plugin::resolve_ready`
E0277	✏️s/🔌️plugins/🗄️stdio/📦️packages/🦀️rust/././././././././../../🗿️artifacts/📰xml/🏅️standards/🔖️1.0/🪆️subsets/✳️any/🧬️schema/🧬️mutations/🦀️component.rs	400	`usize` is not a future | the trait `Future` is not implemented for `usize` / required by a bound in `semio_framework_plugin::resolve_ready`
E0277	✏️s/🔌️plugins/🗄️stdio/📦️packages/🦀️rust/././././././././../../🗿️artifacts/📰xml/🏅️standards/🔖️1.0/🪆️subsets/✳️any/🧬️schema/🧬️mutations/🦀️component.rs	401	`usize` is not a future | the trait `Future` is not implemented for `usize` / required by a bound in `semio_framework_plugin::resolve_ready`
E0277	✏️s/🔌️plugins/🗄️stdio/📦️packages/🦀️rust/././././././././../../🗿️artifacts/📰xml/🏅️standards/🔖️1.0/🪆️subsets/✳️any/🧬️schema/🧬️mutations/🦀️component.rs	405	`usize` is not a future | the trait `Future` is not implemented for `usize` / required by a bound in `semio_framework_plugin::resolve_ready`
E0277	✏️s/🔌️plugins/🗄️stdio/📦️packages/🦀️rust/././././././././../../🗿️artifacts/📰xml/🏅️standards/🔖️1.0/🪆️subsets/✳️any/🧬️schema/🧬️mutations/🦀️component.rs	406	`usize` is not a future | the trait `Future` is not implemented for `usize` / required by a bound in `semio_framework_plugin::resolve_ready`
E0277	✏️s/🔌️plugins/🗄️stdio/📦️packages/🦀️rust/././././././././../../🗿️artifacts/📰xml/🏅️standards/🔖️1.0/🪆️subsets/✳️any/🧬️schema/🧬️mutations/🦀️component.rs	410	`usize` is not a future | the trait `Future` is not implemented for `usize` / required by a bound in `semio_framework_plugin::resolve_ready`
E0277	✏️s/🔌️plugins/🗄️stdio/📦️packages/🦀️rust/././././././././../../🗿️artifacts/📰xml/🏅️standards/🔖️1.0/🪆️subsets/✳️any/🧬️schema/🧬️mutations/🦀️component.rs	411	`usize` is not a future | the trait `Future` is not implemented for `usize` / required by a bound in `semio_framework_plugin::resolve_ready`
E0277	✏️s/🔌️plugins/🗄️stdio/📦️packages/🦀️rust/././././././././../../🗿️artifacts/📰xml/🏅️standards/🔖️1.0/🪆️subsets/✳️any/🧬️schema/🧬️mutations/🦀️component.rs	412	`usize` is not a future | the trait `Future` is not implemented for `usize` / required by a bound in `semio_framework_plugin::resolve_ready`
E0277	✏️s/🔌️plugins/🗄️stdio/📦️packages/🦀️rust/././././././././../../🗿️artifacts/📰xml/🏅️standards/🔖️1.0/🪆️subsets/✳️any/🧬️schema/🧬️mutations/🦀️component.rs	416	`usize` is not a future | the trait `Future` is not implemented for `usize` / required by a bound in `semio_framework_plugin::resolve_ready`
E0277	✏️s/🔌️plugins/🗄️stdio/📦️packages/🦀️rust/././././././././../../🗿️artifacts/📰xml/🏅️standards/🔖️1.0/🪆️subsets/✳️any/🧬️schema/🧬️mutations/🦀️component.rs	417	`usize` is not a future | the trait `Future` is not implemented for `usize` / required by a bound in `semio_framework_plugin::resolve_ready`
E0277	✏️s/🔌️plugins/🗄️stdio/📦️packages/🦀️rust/././././././././../../🗿️artifacts/📰xml/🏅️standards/🔖️1.0/🪆️subsets/✳️any/🧬️schema/🧬️mutations/🦀️component.rs	421	`usize` is not a future | the trait `Future` is not implemented for `usize` / required by a bound in `semio_framework_plugin::resolve_ready`
E0277	✏️s/🔌️plugins/🗄️stdio/📦️packages/🦀️rust/././././././././../../🗿️artifacts/📰xml/🏅️standards/🔖️1.0/🪆️subsets/✳️any/🧬️schema/🧬️mutations/🦀️component.rs	422	`usize` is not a future | the trait `Future` is not implemented for `usize` / required by a bound in `semio_framework_plugin::resolve_ready`
E0277	✏️s/🔌️plugins/🗄️stdio/📦️packages/🦀️rust/././././././././../../🗿️artifacts/📰xml/🏅️standards/🔖️1.0/🪆️subsets/✳️any/🧬️schema/🧬️mutations/🦀️component.rs	423	`usize` is not a future | the trait `Future` is not implemented for `usize` / required by a bound in `semio_framework_plugin::resolve_ready`
E0277	✏️s/🔌️plugins/🗄️stdio/📦️packages/🦀️rust/././././././././../../🗿️artifacts/📰xml/🏅️standards/🔖️1.0/🪆️subsets/✳️any/🧬️schema/🧬️mutations/🦀️component.rs	424	`usize` is not a future | the trait `Future` is not implemented for `usize` / required by a bound in `semio_framework_plugin::resolve_ready`
E0277	✏️s/🔌️plugins/🗄️stdio/📦️packages/🦀️rust/././././././././../../🗿️artifacts/📰xml/🏅️standards/🔖️1.0/🪆️subsets/✳️any/🧬️schema/🧬️mutations/🦀️component.rs	428	`usize` is not a future | the trait `Future` is not implemented for `usize` / required by a bound in `semio_framework_plugin::resolve_ready`
E0277	✏️s/🔌️plugins/🗄️stdio/📦️packages/🦀️rust/././././././././../../🗿️artifacts/📰xml/🏅️standards/🔖️1.0/🪆️subsets/✳️any/🧬️schema/🧬️mutations/🦀️component.rs	429	`usize` is not a future | the trait `Future` is not implemented for `usize` / required by a bound in `semio_framework_plugin::resolve_ready`
E0277	✏️s/🔌️plugins/🗄️stdio/📦️packages/🦀️rust/././././././././../../🗿️artifacts/📰xml/🏅️standards/🔖️1.0/🪆️subsets/✳️any/🧬️schema/🧬️mutations/🦀️component.rs	396	`usize` is not a future | the trait `Future` is not implemented for `usize`
E0308	✏️s/🔌️plugins/🗄️stdio/📦️packages/🦀️rust/././././././././../../🗿️artifacts/📰xml/🏅️standards/🔖️1.0/🪆️subsets/✳️valid/📚️examples/🚫️no-doctype/🦀️component.rs	16	mismatched types | 
E0308	✏️s/🔌️plugins/🗄️stdio/📦️packages/🦀️rust/././././././././../../🗿️artifacts/📰xml/🏅️standards/🔖️1.0/🪆️subsets/✳️any/📚️examples/🎬️demo/🦀️component.rs	14	mismatched types | 
E0599	✏️s/🔌️plugins/🗄️stdio/📦️packages/🦀️rust/././../../🗿️artifacts/📄txt/🏅️standards/🔖️utf-8/🪆️subsets/✳️any/✏️editor/🦀️component.rs	135	no method named `icon_id` found for opaque type `impl Future<Output = EditorBuilder>` in the current scope | consider `await`ing on the `Future` and calling the method on its `Output`
E0308	✏️s/🔌️plugins/🗄️stdio/📦️packages/🦀️rust/././././././../../🗿️artifacts/📄txt/🏅️standards/🔖️utf-8/🪆️subsets/✳️any/✏️editor/🎭️modes/✏️edit/🪟️windows/🪟️main/🦀️component.rs	18	mismatched types | 
E0599	✏️s/🔌️plugins/🗄️stdio/📦️packages/🦀️rust/././../../🗿️artifacts/📊️csv/🦀️component.rs	60	no method named `schema` found for opaque type `impl Future<Output = ArtifactDeclarationBuilder<NeedsSchema>>` in the current scope | consider `await`ing on the `Future` and calling the method on its `Output`
E0308	✏️s/🔌️plugins/🗄️stdio/📦️packages/🦀️rust/././././././././../../🗿️artifacts/📊️csv/🏅️standards/🔖️rfc4180/🪆️subsets/✳️any/📚️examples/🎬️demo/🦀️component.rs	16	mismatched types | 
E0308	✏️s/🔌️plugins/🗄️stdio/📦️packages/🦀️rust/././././././././../../🗿️artifacts/📊️csv/🏅️standards/🔖️rfc4180/🪆️subsets/✳️any/🧬️schema/📸️snapshot/🦀️component.rs	53	`match` arms have incompatible types | 
E0308	✏️s/🔌️plugins/🗄️stdio/📦️packages/🦀️rust/././././././././../../🗿️artifacts/📊️csv/🏅️standards/🔖️rfc4180/🪆️subsets/✳️any/🧬️schema/📸️snapshot/🦀️component.rs	53	`match` arms have incompatible types | 
E0599	✏️s/🔌️plugins/🗄️stdio/📦️packages/🦀️rust/././../../🗿️artifacts/🔣️json/🏅️standards/🔖️rfc8259/🪆️subsets/✳️any/✏️editor/🦀️component.rs	140	no method named `icon_id` found for opaque type `impl Future<Output = EditorBuilder>` in the current scope | consider `await`ing on the `Future` and calling the method on its `Output`
E0308	✏️s/🔌️plugins/🗄️stdio/📦️packages/🦀️rust/././././././../../🗿️artifacts/🔣️json/🏅️standards/🔖️rfc8259/🪆️subsets/✳️any/✏️editor/🎭️modes/✏️edit/🪟️windows/🪟️main/🦀️component.rs	21	mismatched types | 
E0599	✏️s/🔌️plugins/🗄️stdio/📦️packages/🦀️rust/././../../🗿️artifacts/🔣️json/🏅️standards/🔖️rfc8259/🪆️subsets/✳️i-json/✏️editor/🦀️component.rs	140	no method named `icon_id` found for opaque type `impl Future<Output = EditorBuilder>` in the current scope | consider `await`ing on the `Future` and calling the method on its `Output`
E0308	✏️s/🔌️plugins/🗄️stdio/📦️packages/🦀️rust/././././././../../🗿️artifacts/🔣️json/🏅️standards/🔖️rfc8259/🪆️subsets/✳️i-json/✏️editor/🎭️modes/✏️edit/🪟️windows/🪟️main/🦀️component.rs	21	mismatched types | 
E0599	✏️s/🔌️plugins/🗄️stdio/📦️packages/🦀️rust/././../../🗿️artifacts/📰xml/🏅️standards/🔖️1.0/🪆️subsets/✳️any/✏️editor/🦀️component.rs	140	no method named `icon_id` found for opaque type `impl Future<Output = EditorBuilder>` in the current scope | consider `await`ing on the `Future` and calling the method on its `Output`
E0308	✏️s/🔌️plugins/🗄️stdio/📦️packages/🦀️rust/././././././../../🗿️artifacts/📰xml/🏅️standards/🔖️1.0/🪆️subsets/✳️any/✏️editor/🎭️modes/✏️edit/🪟️windows/🪟️main/🦀️component.rs	21	mismatched types | 
E0599	✏️s/🔌️plugins/🗄️stdio/📦️packages/🦀️rust/././../../🗿️artifacts/📰xml/🏅️standards/🔖️1.0/🪆️subsets/✳️valid/✏️editor/🦀️component.rs	140	no method named `icon_id` found for opaque type `impl Future<Output = EditorBuilder>` in the current scope | consider `await`ing on the `Future` and calling the method on its `Output`
E0308	✏️s/🔌️plugins/🗄️stdio/📦️packages/🦀️rust/././././././../../🗿️artifacts/📰xml/🏅️standards/🔖️1.0/🪆️subsets/✳️valid/✏️editor/🎭️modes/✏️edit/🪟️windows/🪟️main/🦀️component.rs	21	mismatched types | 
E0277	✏️s/🔌️plugins/🗄️stdio/📦️packages/🦀️rust/././../../🗿️artifacts/📄️pdf/🏅️standards/🔖️1.4/🪆️subsets/✳️a/✏️editor/🦀️component.rs	155	`EditorBuilder` is not a future | the trait `Future` is not implemented for `EditorBuilder` / required by a bound in `semio_framework_plugin::resolve_ready`
E0277	✏️s/🔌️plugins/🗄️stdio/📦️packages/🦀️rust/././../../🗿️artifacts/📄️pdf/🏅️standards/🔖️1.4/🪆️subsets/✳️a/✏️editor/🦀️component.rs	155	`EditorBuilder` is not a future | the trait `Future` is not implemented for `EditorBuilder`
E0308	✏️s/🔌️plugins/🗄️stdio/📦️packages/🦀️rust/././././././././../../🗿️artifacts/📊️csv/🏅️standards/🔖️rfc4180/🪆️subsets/✳️any/📚️examples/🎬️demo/🦀️component.rs	16	mismatched types | 
E0599	✏️s/🔌️plugins/🗄️stdio/📦️packages/🦀️rust/././../../🗿️artifacts/📝️md/🦀️component.rs	74	no method named `schema` found for opaque type `impl Future<Output = ArtifactDeclarationBuilder<NeedsSchema>>` in the current scope | consider `await`ing on the `Future` and calling the method on its `Output`
E0277	✏️s/🔌️plugins/🗄️stdio/📦️packages/🦀️rust/././../../🗿️artifacts/📄️pdf/🏅️standards/🔖️1.4/🪆️subsets/✳️any/✏️editor/🦀️component.rs	155	`EditorBuilder` is not a future | the trait `Future` is not implemented for `EditorBuilder` / required by a bound in `semio_framework_plugin::resolve_ready`
E0277	✏️s/🔌️plugins/🗄️stdio/📦️packages/🦀️rust/././../../🗿️artifacts/📄️pdf/🏅️standards/🔖️1.4/🪆️subsets/✳️any/✏️editor/🦀️component.rs	155	`EditorBuilder` is not a future | the trait `Future` is not implemented for `EditorBuilder`
E0599	✏️s/🔌️plugins/🗄️stdio/📦️packages/🦀️rust/././../../🗿️artifacts/🎨️svg/🏅️standards/🔖️1.1/🪆️subsets/✳️tiny/✏️editor/🦀️component.rs	85	no method named `icon_id` found for opaque type `impl Future<Output = EditorBuilder>` in the current scope | consider `await`ing on the `Future` and calling the method on its `Output`
E0308	✏️s/🔌️plugins/🗄️stdio/📦️packages/🦀️rust/././././././../../🗿️artifacts/🎨️svg/🏅️standards/🔖️1.1/🪆️subsets/✳️tiny/✏️editor/🎭️modes/✏️edit/🪟️windows/🪟️main/🦀️component.rs	15	mismatched types | 
E0277	/Users/ueli/.cargo/registry/src/index.crates.io-1949cf8c6b5b557f/serde_json-1.0.149/src/macros.rs	279	the trait bound `impl Future<Output = MeshData>: serde::Serialize` is not satisfied | for local types consider adding `#[derive(serde::Serialize)]` to your `impl Future<Output = MeshData>` type / for types from other crates check whether the crate offers a `serde` feature flag / the following other types implement trait `registry::_::_serde::Serialize`: &'a T &'a mut T () (T,) (T0, T1) (T0, T1, T2) (T0, T1, T2, T3) (T0, T1, T2, T3, T4) and 2478 others / required for `&impl Future<Output = MeshData>` to implement `registry::_::_serde::Serialize` / required by a bound in `serde_json::to_value` / the full name for the type has been written to '/Users/ueli/Documents/semio/.🧬semio/🦑️repo/🎫️tickets/🎆️26/🌙️08/☀️20/INTERACTIVE-JOB-RUNTIME-REFACTOR/PHASE-1-5-DE-ASYNC-REPAIR-SWEEP/🧪️target-r19-stdio/debug/deps/semio_s_plugin_stdio-1d1792480c328f6d.long-type-16092809711206502411.txt' / consider using `--verbose` to print the full type name to the console
E0599	✏️s/🔌️plugins/🗄️stdio/📦️packages/🦀️rust/././../../🗿️artifacts/🎥️mp4/🏅️standards/🔖️isobmff/🪆️subsets/✳️any/✏️editor/🦀️component.rs	82	no method named `icon_id` found for opaque type `impl Future<Output = EditorBuilder>` in the current scope | consider `await`ing on the `Future` and calling the method on its `Output`
E0308	✏️s/🔌️plugins/🗄️stdio/📦️packages/🦀️rust/././././././../../🗿️artifacts/🎥️mp4/🏅️standards/🔖️isobmff/🪆️subsets/✳️any/✏️editor/🎭️modes/✏️edit/🪟️windows/🪟️main/🦀️component.rs	13	mismatched types | 
E0599	✏️s/🔌️plugins/🗄️stdio/📦️packages/🦀️rust/././../../🗿️artifacts/🧿️semio/🏅️standards/🔖️v1/🪆️subsets/✳️drawing/👁️viewer/🦀️component.rs	84	no method named `icon_id` found for opaque type `impl Future<Output = ViewerBuilder>` in the current scope | consider `await`ing on the `Future` and calling the method on its `Output`
E0308	✏️s/🔌️plugins/🗄️stdio/📦️packages/🦀️rust/././././././../../🗿️artifacts/🧿️semio/🏅️standards/🔖️v1/🪆️subsets/✳️drawing/👁️viewer/🎭️modes/👁️view/🪟️windows/🪟️main/🦀️component.rs	25	mismatched types | 
E0599	✏️s/🔌️plugins/🗄️stdio/📦️packages/🦀️rust/././../../🗿️artifacts/🎵️mp3/🏅️standards/🔖️mpeg1-layer3/🪆️subsets/✳️any/✏️editor/🦀️component.rs	82	no method named `icon_id` found for opaque type `impl Future<Output = EditorBuilder>` in the current scope | consider `await`ing on the `Future` and calling the method on its `Output`
E0308	✏️s/🔌️plugins/🗄️stdio/📦️packages/🦀️rust/././././././../../🗿️artifacts/🎵️mp3/🏅️standards/🔖️mpeg1-layer3/🪆️subsets/✳️any/✏️editor/🎭️modes/✏️edit/🪟️windows/🪟️main/🦀️component.rs	13	mismatched types | 
E0599	✏️s/🔌️plugins/🗄️stdio/📦️packages/🦀️rust/././../../🗿️artifacts/🔊️wav/🏅️standards/🔖️riff-pcm/🪆️subsets/✳️any/✏️editor/🦀️component.rs	82	no method named `icon_id` found for opaque type `impl Future<Output = EditorBuilder>` in the current scope | consider `await`ing on the `Future` and calling the method on its `Output`
E0308	✏️s/🔌️plugins/🗄️stdio/📦️packages/🦀️rust/././././././../../🗿️artifacts/🔊️wav/🏅️standards/🔖️riff-pcm/🪆️subsets/✳️any/✏️editor/🎭️modes/✏️edit/🪟️windows/🪟️main/🦀️component.rs	13	mismatched types | 
E0599	✏️s/🔌️plugins/🗄️stdio/📦️packages/🦀️rust/././../../🗿️artifacts/📼️avi/🏅️standards/🔖️1.0/🪆️subsets/✳️any/✏️editor/🦀️component.rs	82	no method named `icon_id` found for opaque type `impl Future<Output = EditorBuilder>` in the current scope | consider `await`ing on the `Future` and calling the method on its `Output`
E0308	✏️s/🔌️plugins/🗄️stdio/📦️packages/🦀️rust/././././././../../🗿️artifacts/📼️avi/🏅️standards/🔖️1.0/🪆️subsets/✳️any/✏️editor/🎭️modes/✏️edit/🪟️windows/🪟️main/🦀️component.rs	13	mismatched types | 
E0599	✏️s/🔌️plugins/🗄️stdio/📦️packages/🦀️rust/././../../🗿️artifacts/🌐️html/🏅️standards/🔖️5/🪆️subsets/✳️any/✏️editor/🦀️component.rs	85	no method named `icon_id` found for opaque type `impl Future<Output = EditorBuilder>` in the current scope | consider `await`ing on the `Future` and calling the method on its `Output`
E0308	✏️s/🔌️plugins/🗄️stdio/📦️packages/🦀️rust/././././././../../🗿️artifacts/🌐️html/🏅️standards/🔖️5/🪆️subsets/✳️any/✏️editor/🎭️modes/✏️edit/🪟️windows/🪟️main/🦀️component.rs	14	mismatched types | 
E0277	✏️s/🔌️plugins/🗄️stdio/📦️packages/🦀️rust/././././././././../../🗿️artifacts/📝️md/🏅️standards/🔖️commonmark/🪆️subsets/✳️any/🧬️schema/🔺️diff/🦀️component.rs	272	the `?` operator can only be applied to values that implement `Try` | the nightly-only, unstable trait `Try` is not implemented for `Pin<std::boxed::Box<Result<(), MutationApplyError>>>`
E0599	✏️s/🔌️plugins/🗄️stdio/📦️packages/🦀️rust/././../../🗿️artifacts/📝️md/🏅️standards/🔖️commonmark/🪆️subsets/✳️any/✏️editor/🦀️component.rs	85	no method named `icon_id` found for opaque type `impl Future<Output = EditorBuilder>` in the current scope | consider `await`ing on the `Future` and calling the method on its `Output`
E0308	✏️s/🔌️plugins/🗄️stdio/📦️packages/🦀️rust/././././././../../🗿️artifacts/📝️md/🏅️standards/🔖️commonmark/🪆️subsets/✳️any/✏️editor/🎭️modes/✏️edit/🪟️windows/🪟️main/🦀️component.rs	14	mismatched types | 
E0277	✏️s/🔌️plugins/🗄️stdio/📦️packages/🦀️rust/././././././././../../🗿️artifacts/📝️md/🏅️standards/🔖️commonmark/🪆️subsets/✳️any/🧬️schema/🔺️diff/🦀️component.rs	297	the `?` operator can only be applied to values that implement `Try` | the nightly-only, unstable trait `Try` is not implemented for `Pin<std::boxed::Box<Result<(), MutationApplyError>>>`
E0308	✏️s/🔌️plugins/🗄️stdio/📦️packages/🦀️rust/././././././././../../🗿️artifacts/📝️md/🏅️standards/🔖️commonmark/🪆️subsets/✳️any/🧬️schema/🔺️diff/🦀️component.rs	318	`match` arms have incompatible types | expected enum `Result<(), MutationApplyError>` found struct `Pin<std::boxed::Box<Result<(), MutationApplyError>>>`
E0308	✏️s/🔌️plugins/🗄️stdio/📦️packages/🦀️rust/././././././././../../🗿️artifacts/📝️md/🏅️standards/🔖️commonmark/🪆️subsets/✳️any/🧬️schema/🔺️diff/🦀️component.rs	332	mismatched types | expected enum `artifacts::md::standards::v_commonmark::subsets::any::schema::snapshot::component::MdBlock` found struct `Pin<std::boxed::Box<artifacts::md::standards::v_commonmark::subsets::any::schema::snapshot::component::MdBlock>>` / the type constructed contains `Pin<std::boxed::Box<artifacts::md::standards::v_commonmark::subsets::any::schema::snapshot::component::MdBlock>>` due to the type of the argument passed / tuple variant defined here
E0599	✏️s/🔌️plugins/🗄️stdio/📦️packages/🦀️rust/././../../🗿️artifacts/🧿️semio/🏅️standards/🔖️v1/🪆️subsets/✳️animation/✏️editor/🦀️component.rs	88	no method named `icon_id` found for opaque type `impl Future<Output = EditorBuilder>` in the current scope | consider `await`ing on the `Future` and calling the method on its `Output`
E0308	✏️s/🔌️plugins/🗄️stdio/📦️packages/🦀️rust/././././././././../../🗿️artifacts/📝️md/🏅️standards/🔖️commonmark/🪆️subsets/✳️any/🧬️schema/🔺️diff/🦀️component.rs	377	mismatched types | expected struct `Vec<artifacts::md::standards::v_commonmark::subsets::any::schema::snapshot::component::MdBlock>` found struct `Pin<std::boxed::Box<Vec<artifacts::md::standards::v_commonmark::subsets::any::schema::snapshot::component::MdBlock>>>` / try using a conversion method
E0308	✏️s/🔌️plugins/🗄️stdio/📦️packages/🦀️rust/././././././../../🗿️artifacts/🧿️semio/🏅️standards/🔖️v1/🪆️subsets/✳️animation/✏️editor/🎭️modes/✏️edit/🪟️windows/🪟️main/🦀️component.rs	24	mismatched types | 
E0308	✏️s/🔌️plugins/🗄️stdio/📦️packages/🦀️rust/././././././././../../🗿️artifacts/📝️md/🏅️standards/🔖️commonmark/🪆️subsets/✳️any/🧬️schema/🔺️diff/🦀️component.rs	528	mismatched types | expected struct `Pin<std::boxed::Box<std::option::Option<artifacts::md::standards::v_commonmark::subsets::any::schema::diff::component::MdBlockDiff>>>` found enum `std::option::Option<_>` / the full name for the type has been written to '/Users/ueli/Documents/semio/.🧬semio/🦑️repo/🎫️tickets/🎆️26/🌙️08/☀️20/INTERACTIVE-JOB-RUNTIME-REFACTOR/PHASE-1-5-DE-ASYNC-REPAIR-SWEEP/🧪️target-r19-stdio/debug/deps/semio_s_plugin_stdio-1d1792480c328f6d.long-type-912823115010768640.txt' / consider using `--verbose` to print the full type name to the console / consider dereferencing to access the inner value using the `Deref` trait
E0308	✏️s/🔌️plugins/🗄️stdio/📦️packages/🦀️rust/././././././././../../🗿️artifacts/📝️md/🏅️standards/🔖️commonmark/🪆️subsets/✳️any/🧬️schema/🔺️diff/🦀️component.rs	659	mismatched types | expected struct `MdBlocksDiff` found struct `Pin<std::boxed::Box<MdBlocksDiff>>` / the type constructed contains `Pin<std::boxed::Box<MdBlocksDiff>>` due to the type of the argument passed / tuple variant defined here
E0308	✏️s/🔌️plugins/🗄️stdio/📦️packages/🦀️rust/././././././././../../🗿️artifacts/📝️md/🏅️standards/🔖️commonmark/🪆️subsets/✳️any/🧬️schema/🔺️diff/🦀️component.rs	720	mismatched types | expected enum `artifacts::md::standards::v_commonmark::subsets::any::schema::diff::component::MdBlockDiff` found struct `Pin<std::boxed::Box<artifacts::md::standards::v_commonmark::subsets::any::schema::diff::component::MdBlockDiff>>`
E0277	✏️s/🔌️plugins/🗄️stdio/📦️packages/🦀️rust/././././././././../../🗿️artifacts/📝️md/🏅️standards/🔖️commonmark/🪆️subsets/✳️any/🧬️schema/🔺️diff/🦀️component.rs	1304	`Result<u64, PackError>` is not a future | the trait `Future` is not implemented for `Result<u64, PackError>` / required by a bound in `semio_framework_plugin::resolve_ready`
E0277	✏️s/🔌️plugins/🗄️stdio/📦️packages/🦀️rust/././././././././../../🗿️artifacts/📝️md/🏅️standards/🔖️commonmark/🪆️subsets/✳️any/🧬️schema/🔺️diff/🦀️component.rs	1304	`Result<u64, PackError>` is not a future | the trait `Future` is not implemented for `Result<u64, PackError>`
E0277	✏️s/🔌️plugins/🗄️stdio/📦️packages/🦀️rust/././././././././../../🗿️artifacts/📝️md/🏅️standards/🔖️commonmark/🪆️subsets/✳️any/🧬️schema/🔺️diff/🦀️component.rs	1524	`Result<u8, PackError>` is not a future | the trait `Future` is not implemented for `Result<u8, PackError>` / required by a bound in `semio_framework_plugin::resolve_ready`
E0277	✏️s/🔌️plugins/🗄️stdio/📦️packages/🦀️rust/././././././././../../🗿️artifacts/📝️md/🏅️standards/🔖️commonmark/🪆️subsets/✳️any/🧬️schema/🔺️diff/🦀️component.rs	1531	`Result<u64, PackError>` is not a future | the trait `Future` is not implemented for `Result<u64, PackError>` / required by a bound in `semio_framework_plugin::resolve_ready`
E0277	✏️s/🔌️plugins/🗄️stdio/📦️packages/🦀️rust/././././././././../../🗿️artifacts/📝️md/🏅️standards/🔖️commonmark/🪆️subsets/✳️any/🧬️schema/🔺️diff/🦀️component.rs	1524	`Result<u8, PackError>` is not a future | the trait `Future` is not implemented for `Result<u8, PackError>`
E0277	✏️s/🔌️plugins/🗄️stdio/📦️packages/🦀️rust/././././././././../../🗿️artifacts/📝️md/🏅️standards/🔖️commonmark/🪆️subsets/✳️any/🧬️schema/🔺️diff/🦀️component.rs	1531	`Result<u64, PackError>` is not a future | the trait `Future` is not implemented for `Result<u64, PackError>`
E0277	✏️s/🔌️plugins/🗄️stdio/📦️packages/🦀️rust/././././././././../../🗿️artifacts/📝️md/🏅️standards/🔖️commonmark/🪆️subsets/✳️any/🧬️schema/🔺️diff/🦀️component.rs	1683	`usize` is not a future | the trait `Future` is not implemented for `usize` / required by a bound in `semio_framework_plugin::resolve_ready`
E0277	✏️s/🔌️plugins/🗄️stdio/📦️packages/🦀️rust/././././././././../../🗿️artifacts/📝️md/🏅️standards/🔖️commonmark/🪆️subsets/✳️any/🧬️schema/🔺️diff/🦀️component.rs	1683	`usize` is not a future | the trait `Future` is not implemented for `usize`
E0277	/Users/ueli/.cargo/registry/src/index.crates.io-1949cf8c6b5b557f/serde_json-1.0.149/src/macros.rs	279	the trait bound `impl Future<Output = MeshData>: serde::Serialize` is not satisfied | for local types consider adding `#[derive(serde::Serialize)]` to your `impl Future<Output = MeshData>` type / for types from other crates check whether the crate offers a `serde` feature flag / the following other types implement trait `registry::_::_serde::Serialize`: &'a T &'a mut T () (T,) (T0, T1) (T0, T1, T2) (T0, T1, T2, T3) (T0, T1, T2, T3, T4) and 2478 others / required for `&impl Future<Output = MeshData>` to implement `registry::_::_serde::Serialize` / required by a bound in `serde_json::to_value` / the full name for the type has been written to '/Users/ueli/Documents/semio/.🧬semio/🦑️repo/🎫️tickets/🎆️26/🌙️08/☀️20/INTERACTIVE-JOB-RUNTIME-REFACTOR/PHASE-1-5-DE-ASYNC-REPAIR-SWEEP/🧪️target-r19-stdio/debug/deps/semio_s_plugin_stdio-1d1792480c328f6d.long-type-16092809711206502411.txt' / consider using `--verbose` to print the full type name to the console
E0277	✏️s/🔌️plugins/🗄️stdio/📦️packages/🦀️rust/././././././././../../🗿️artifacts/📝️md/🏅️standards/🔖️commonmark/🪆️subsets/✳️any/🧬️schema/🧬️mutations/🦀️component.rs	327	`usize` is not a future | the trait `Future` is not implemented for `usize` / required by a bound in `semio_framework_plugin::resolve_ready`
E0277	✏️s/🔌️plugins/🗄️stdio/📦️packages/🦀️rust/././././././././../../🗿️artifacts/📝️md/🏅️standards/🔖️commonmark/🪆️subsets/✳️any/🧬️schema/🧬️mutations/🦀️component.rs	331	`usize` is not a future | the trait `Future` is not implemented for `usize` / required by a bound in `semio_framework_plugin::resolve_ready`
E0277	✏️s/🔌️plugins/🗄️stdio/📦️packages/🦀️rust/././././././././../../🗿️artifacts/📝️md/🏅️standards/🔖️commonmark/🪆️subsets/✳️any/🧬️schema/🧬️mutations/🦀️component.rs	332	`usize` is not a future | the trait `Future` is not implemented for `usize` / required by a bound in `semio_framework_plugin::resolve_ready`
E0277	✏️s/🔌️plugins/🗄️stdio/📦️packages/🦀️rust/././././././././../../🗿️artifacts/📝️md/🏅️standards/🔖️commonmark/🪆️subsets/✳️any/🧬️schema/🧬️mutations/🦀️component.rs	333	`usize` is not a future | the trait `Future` is not implemented for `usize` / required by a bound in `semio_framework_plugin::resolve_ready`
E0277	✏️s/🔌️plugins/🗄️stdio/📦️packages/🦀️rust/././././././././../../🗿️artifacts/📝️md/🏅️standards/🔖️commonmark/🪆️subsets/✳️any/🧬️schema/🧬️mutations/🦀️component.rs	337	`usize` is not a future | the trait `Future` is not implemented for `usize` / required by a bound in `semio_framework_plugin::resolve_ready`
E0277	✏️s/🔌️plugins/🗄️stdio/📦️packages/🦀️rust/././././././././../../🗿️artifacts/📝️md/🏅️standards/🔖️commonmark/🪆️subsets/✳️any/🧬️schema/🧬️mutations/🦀️component.rs	338	`usize` is not a future | the trait `Future` is not implemented for `usize` / required by a bound in `semio_framework_plugin::resolve_ready`
E0277	✏️s/🔌️plugins/🗄️stdio/📦️packages/🦀️rust/././././././././../../🗿️artifacts/📝️md/🏅️standards/🔖️commonmark/🪆️subsets/✳️any/🧬️schema/🧬️mutations/🦀️component.rs	342	`usize` is not a future | the trait `Future` is not implemented for `usize` / required by a bound in `semio_framework_plugin::resolve_ready`
E0277	✏️s/🔌️plugins/🗄️stdio/📦️packages/🦀️rust/././././././././../../🗿️artifacts/📝️md/🏅️standards/🔖️commonmark/🪆️subsets/✳️any/🧬️schema/🧬️mutations/🦀️component.rs	343	`usize` is not a future | the trait `Future` is not implemented for `usize` / required by a bound in `semio_framework_plugin::resolve_ready`
E0277	✏️s/🔌️plugins/🗄️stdio/📦️packages/🦀️rust/././././././././../../🗿️artifacts/📝️md/🏅️standards/🔖️commonmark/🪆️subsets/✳️any/🧬️schema/🧬️mutations/🦀️component.rs	344	`usize` is not a future | the trait `Future` is not implemented for `usize` / required by a bound in `semio_framework_plugin::resolve_ready`
E0277	✏️s/🔌️plugins/🗄️stdio/📦️packages/🦀️rust/././././././././../../🗿️artifacts/📝️md/🏅️standards/🔖️commonmark/🪆️subsets/✳️any/🧬️schema/🧬️mutations/🦀️component.rs	348	`usize` is not a future | the trait `Future` is not implemented for `usize` / required by a bound in `semio_framework_plugin::resolve_ready`
E0277	✏️s/🔌️plugins/🗄️stdio/📦️packages/🦀️rust/././././././././../../🗿️artifacts/📝️md/🏅️standards/🔖️commonmark/🪆️subsets/✳️any/🧬️schema/🧬️mutations/🦀️component.rs	349	`usize` is not a future | the trait `Future` is not implemented for `usize` / required by a bound in `semio_framework_plugin::resolve_ready`
E0277	✏️s/🔌️plugins/🗄️stdio/📦️packages/🦀️rust/././././././././../../🗿️artifacts/📝️md/🏅️standards/🔖️commonmark/🪆️subsets/✳️any/🧬️schema/🧬️mutations/🦀️component.rs	350	`usize` is not a future | the trait `Future` is not implemented for `usize` / required by a bound in `semio_framework_plugin::resolve_ready`
E0277	✏️s/🔌️plugins/🗄️stdio/📦️packages/🦀️rust/././././././././../../🗿️artifacts/📝️md/🏅️standards/🔖️commonmark/🪆️subsets/✳️any/🧬️schema/🧬️mutations/🦀️component.rs	327	`usize` is not a future | the trait `Future` is not implemented for `usize`
E0599	✏️s/🔌️plugins/🗄️stdio/📦️packages/🦀️rust/././../../🗿️artifacts/🧿️semio/🏅️standards/🔖️v1/🪆️subsets/✳️image/✏️editor/🦀️component.rs	88	no method named `icon_id` found for opaque type `impl Future<Output = EditorBuilder>` in the current scope | consider `await`ing on the `Future` and calling the method on its `Output`
E0308	✏️s/🔌️plugins/🗄️stdio/📦️packages/🦀️rust/././././././../../🗿️artifacts/🧿️semio/🏅️standards/🔖️v1/🪆️subsets/✳️image/✏️editor/🎭️modes/✏️edit/🪟️windows/🪟️main/🦀️component.rs	24	mismatched types | 
E0308	✏️s/🔌️plugins/🗄️stdio/📦️packages/🦀️rust/./././././././././../../🗿️artifacts/📝️md/🏅️standards/🔖️commonmark/🪆️subsets/✳️any/🚪️io/📥️import/🧩️deserializers/🦀️component.rs	466	mismatched types | expected struct `Vec<artifacts::md::standards::v_commonmark::subsets::any::schema::snapshot::component::MdInline>` found struct `Pin<std::boxed::Box<Vec<artifacts::md::standards::v_commonmark::subsets::any::schema::snapshot::component::MdInline>>>` / try using a conversion method
E0308	✏️s/🔌️plugins/🗄️stdio/📦️packages/🦀️rust/./././././././././../../🗿️artifacts/📝️md/🏅️standards/🔖️commonmark/🪆️subsets/✳️any/🚪️io/📥️import/🧩️deserializers/🦀️component.rs	540	mismatched types | expected struct `Pin<std::boxed::Box<std::option::Option<(artifacts::md::standards::v_commonmark::subsets::any::schema::snapshot::component::MdInline, usize)>>>` found enum `std::option::Option<_>` / the full name for the type has been written to '/Users/ueli/Documents/semio/.🧬semio/🦑️repo/🎫️tickets/🎆️26/🌙️08/☀️20/INTERACTIVE-JOB-RUNTIME-REFACTOR/PHASE-1-5-DE-ASYNC-REPAIR-SWEEP/🧪️target-r19-stdio/debug/deps/semio_s_plugin_stdio-1d1792480c328f6d.long-type-6742114524466967142.txt' / consider using `--verbose` to print the full type name to the console / consider dereferencing to access the inner value using the `Deref` trait
E0308	✏️s/🔌️plugins/🗄️stdio/📦️packages/🦀️rust/./././././././././../../🗿️artifacts/📝️md/🏅️standards/🔖️commonmark/🪆️subsets/✳️any/🚪️io/📥️import/🧩️deserializers/🦀️component.rs	574	mismatched types | expected struct `Vec<artifacts::md::standards::v_commonmark::subsets::any::schema::snapshot::component::MdInline>` found struct `Pin<std::boxed::Box<Vec<artifacts::md::standards::v_commonmark::subsets::any::schema::snapshot::component::MdInline>>>` / try using a conversion method
E0308	✏️s/🔌️plugins/🗄️stdio/📦️packages/🦀️rust/./././././././././../../🗿️artifacts/📝️md/🏅️standards/🔖️commonmark/🪆️subsets/✳️any/🚪️io/📥️import/🧩️deserializers/🦀️component.rs	584	mismatched types | expected struct `Vec<artifacts::md::standards::v_commonmark::subsets::any::schema::snapshot::component::MdInline>` found struct `Pin<std::boxed::Box<Vec<artifacts::md::standards::v_commonmark::subsets::any::schema::snapshot::component::MdInline>>>` / try using a conversion method
E0308	✏️s/🔌️plugins/🗄️stdio/📦️packages/🦀️rust/././././../../🗿️artifacts/📝️md/🏅️standards/🔖️commonmark/🪆️subsets/✳️any/📚️examples/🎬️demo/🦀️component.rs	14	mismatched types | 
E0599	✏️s/🔌️plugins/🗄️stdio/📦️packages/🦀️rust/././../../🗿️artifacts/🗜️deflate/🦀️component.rs	47	no method named `schema` found for opaque type `impl Future<Output = ArtifactDeclarationBuilder<NeedsSchema>>` in the current scope | consider `await`ing on the `Future` and calling the method on its `Output`
E0599	✏️s/🔌️plugins/🗄️stdio/📦️packages/🦀️rust/././././././././../../🗿️artifacts/🗜️deflate/🏅️standards/🔖️rfc1950/🪆️subsets/✳️any/🧬️schema/📸️snapshot/🦀️component.rs	124	no method named `map_err` found for opaque type `impl Future<Output = Result<DeflateSnapshot, String>>` in the current scope | the full name for the type has been written to '/Users/ueli/Documents/semio/.🧬semio/🦑️repo/🎫️tickets/🎆️26/🌙️08/☀️20/INTERACTIVE-JOB-RUNTIME-REFACTOR/PHASE-1-5-DE-ASYNC-REPAIR-SWEEP/🧪️target-r19-stdio/debug/deps/semio_s_plugin_stdio-1d1792480c328f6d.long-type-1823112097904217155.txt' / consider using `--verbose` to print the full type name to the console / consider `await`ing on the `Future` and calling the method on its `Output`
E0599	✏️s/🔌️plugins/🗄️stdio/📦️packages/🦀️rust/././././././././../../🗿️artifacts/🗜️deflate/🏅️standards/🔖️rfc1950/🪆️subsets/✳️any/🧬️schema/📸️snapshot/🦀️component.rs	128	no method named `iter` found for opaque type `impl Future<Output = Vec<u8>>` in the current scope | consider `await`ing on the `Future` and calling the method on its `Output`
E0277	/Users/ueli/.cargo/registry/src/index.crates.io-1949cf8c6b5b557f/serde_json-1.0.149/src/macros.rs	279	the trait bound `impl Future<Output = MeshData>: serde::Serialize` is not satisfied | for local types consider adding `#[derive(serde::Serialize)]` to your `impl Future<Output = MeshData>` type / for types from other crates check whether the crate offers a `serde` feature flag / the following other types implement trait `registry::_::_serde::Serialize`: &'a T &'a mut T () (T,) (T0, T1) (T0, T1, T2) (T0, T1, T2, T3) (T0, T1, T2, T3, T4) and 2478 others / required for `&impl Future<Output = MeshData>` to implement `registry::_::_serde::Serialize` / required by a bound in `serde_json::to_value` / the full name for the type has been written to '/Users/ueli/Documents/semio/.🧬semio/🦑️repo/🎫️tickets/🎆️26/🌙️08/☀️20/INTERACTIVE-JOB-RUNTIME-REFACTOR/PHASE-1-5-DE-ASYNC-REPAIR-SWEEP/🧪️target-r19-stdio/debug/deps/semio_s_plugin_stdio-1d1792480c328f6d.long-type-16092809711206502411.txt' / consider using `--verbose` to print the full type name to the console
E0308	✏️s/🔌️plugins/🗄️stdio/📦️packages/🦀️rust/././././././././../../🗿️artifacts/🗜️deflate/🏅️standards/🔖️rfc1950/🪆️subsets/✳️any/🧬️schema/📸️snapshot/🦀️component.rs	140	mismatched types | expected reference `&[u8]` found reference `&impl Future<Output = Vec<u8>>` / function defined here
E0277	/Users/ueli/.cargo/registry/src/index.crates.io-1949cf8c6b5b557f/serde_json-1.0.149/src/macros.rs	279	the trait bound `impl Future<Output = MeshData>: serde::Serialize` is not satisfied | for local types consider adding `#[derive(serde::Serialize)]` to your `impl Future<Output = MeshData>` type / for types from other crates check whether the crate offers a `serde` feature flag / the following other types implement trait `registry::_::_serde::Serialize`: &'a T &'a mut T () (T,) (T0, T1) (T0, T1, T2) (T0, T1, T2, T3) (T0, T1, T2, T3, T4) and 2478 others / required for `&impl Future<Output = MeshData>` to implement `registry::_::_serde::Serialize` / required by a bound in `serde_json::to_value` / the full name for the type has been written to '/Users/ueli/Documents/semio/.🧬semio/🦑️repo/🎫️tickets/🎆️26/🌙️08/☀️20/INTERACTIVE-JOB-RUNTIME-REFACTOR/PHASE-1-5-DE-ASYNC-REPAIR-SWEEP/🧪️target-r19-stdio/debug/deps/semio_s_plugin_stdio-1d1792480c328f6d.long-type-16092809711206502411.txt' / consider using `--verbose` to print the full type name to the console
E0599	✏️s/🔌️plugins/🗄️stdio/📦️packages/🦀️rust/././../../🗿️artifacts/📐️step/🏅️standards/🔖️ap214/🪆️subsets/✳️cc2/👁️viewer/🦀️component.rs	84	no method named `icon_id` found for opaque type `impl Future<Output = ViewerBuilder>` in the current scope | consider `await`ing on the `Future` and calling the method on its `Output`
E0308	✏️s/🔌️plugins/🗄️stdio/📦️packages/🦀️rust/././././././../../🗿️artifacts/📐️step/🏅️standards/🔖️ap214/🪆️subsets/✳️cc2/👁️viewer/🎭️modes/👁️view/🪟️windows/🪟️main/🦀️component.rs	25	mismatched types | 
E0599	✏️s/🔌️plugins/🗄️stdio/📦️packages/🦀️rust/././././././././../../🗿️artifacts/🗜️deflate/🏅️standards/🔖️rfc1950/🪆️subsets/✳️any/🧬️schema/📸️snapshot/🦀️component.rs	148	no method named `map_err` found for opaque type `impl Future<Output = Result<DeflateSnapshot, String>>` in the current scope | the full name for the type has been written to '/Users/ueli/Documents/semio/.🧬semio/🦑️repo/🎫️tickets/🎆️26/🌙️08/☀️20/INTERACTIVE-JOB-RUNTIME-REFACTOR/PHASE-1-5-DE-ASYNC-REPAIR-SWEEP/🧪️target-r19-stdio/debug/deps/semio_s_plugin_stdio-1d1792480c328f6d.long-type-11659061984743106128.txt' / consider using `--verbose` to print the full type name to the console / consider `await`ing on the `Future` and calling the method on its `Output`
E0599	✏️s/🔌️plugins/🗄️stdio/📦️packages/🦀️rust/././../../🗿️artifacts/📐️step/🏅️standards/🔖️ap214/🪆️subsets/✳️cc5/✏️editor/🦀️component.rs	88	no method named `icon_id` found for opaque type `impl Future<Output = EditorBuilder>` in the current scope | consider `await`ing on the `Future` and calling the method on its `Output`
E0308	✏️s/🔌️plugins/🗄️stdio/📦️packages/🦀️rust/././././././../../🗿️artifacts/📐️step/🏅️standards/🔖️ap214/🪆️subsets/✳️cc5/✏️editor/🎭️modes/✏️edit/🪟️windows/🪟️main/🦀️component.rs	24	mismatched types | 
E0277	/Users/ueli/.cargo/registry/src/index.crates.io-1949cf8c6b5b557f/serde_json-1.0.149/src/macros.rs	279	the trait bound `impl Future<Output = MeshData>: serde::Serialize` is not satisfied | for local types consider adding `#[derive(serde::Serialize)]` to your `impl Future<Output = MeshData>` type / for types from other crates check whether the crate offers a `serde` feature flag / the following other types implement trait `registry::_::_serde::Serialize`: &'a T &'a mut T () (T,) (T0, T1) (T0, T1, T2) (T0, T1, T2, T3) (T0, T1, T2, T3, T4) and 2478 others / required for `&impl Future<Output = MeshData>` to implement `registry::_::_serde::Serialize` / required by a bound in `serde_json::to_value` / the full name for the type has been written to '/Users/ueli/Documents/semio/.🧬semio/🦑️repo/🎫️tickets/🎆️26/🌙️08/☀️20/INTERACTIVE-JOB-RUNTIME-REFACTOR/PHASE-1-5-DE-ASYNC-REPAIR-SWEEP/🧪️target-r19-stdio/debug/deps/semio_s_plugin_stdio-1d1792480c328f6d.long-type-16092809711206502411.txt' / consider using `--verbose` to print the full type name to the console
E0277	/Users/ueli/.cargo/registry/src/index.crates.io-1949cf8c6b5b557f/serde_json-1.0.149/src/macros.rs	279	the trait bound `impl Future<Output = MeshData>: serde::Serialize` is not satisfied | for local types consider adding `#[derive(serde::Serialize)]` to your `impl Future<Output = MeshData>` type / for types from other crates check whether the crate offers a `serde` feature flag / the following other types implement trait `registry::_::_serde::Serialize`: &'a T &'a mut T () (T,) (T0, T1) (T0, T1, T2) (T0, T1, T2, T3) (T0, T1, T2, T3, T4) and 2478 others / required for `&impl Future<Output = MeshData>` to implement `registry::_::_serde::Serialize` / required by a bound in `serde_json::to_value` / the full name for the type has been written to '/Users/ueli/Documents/semio/.🧬semio/🦑️repo/🎫️tickets/🎆️26/🌙️08/☀️20/INTERACTIVE-JOB-RUNTIME-REFACTOR/PHASE-1-5-DE-ASYNC-REPAIR-SWEEP/🧪️target-r19-stdio/debug/deps/semio_s_plugin_stdio-1d1792480c328f6d.long-type-16092809711206502411.txt' / consider using `--verbose` to print the full type name to the console
E0599	✏️s/🔌️plugins/🗄️stdio/📦️packages/🦀️rust/././../../🗿️artifacts/🟪️stl/🏅️standards/🔖️ascii/🪆️subsets/✳️any/👁️viewer/🦀️component.rs	84	no method named `icon_id` found for opaque type `impl Future<Output = ViewerBuilder>` in the current scope | consider `await`ing on the `Future` and calling the method on its `Output`
E0308	✏️s/🔌️plugins/🗄️stdio/📦️packages/🦀️rust/././././././../../🗿️artifacts/🟪️stl/🏅️standards/🔖️ascii/🪆️subsets/✳️any/👁️viewer/🎭️modes/👁️view/🪟️windows/🪟️main/🦀️component.rs	25	mismatched types | 
E0599	✏️s/🔌️plugins/🗄️stdio/📦️packages/🦀️rust/././../../🗿️artifacts/🧿️semio/🏅️standards/🔖️v1/🪆️subsets/✳️audio/👁️viewer/🦀️component.rs	84	no method named `icon_id` found for opaque type `impl Future<Output = ViewerBuilder>` in the current scope | consider `await`ing on the `Future` and calling the method on its `Output`
E0308	✏️s/🔌️plugins/🗄️stdio/📦️packages/🦀️rust/././././././../../🗿️artifacts/🧿️semio/🏅️standards/🔖️v1/🪆️subsets/✳️audio/👁️viewer/🎭️modes/👁️view/🪟️windows/🪟️main/🦀️component.rs	25	mismatched types | 
E0277	✏️s/🔌️plugins/🗄️stdio/📦️packages/🦀️rust/././././././././../../🗿️artifacts/🗜️deflate/🏅️standards/🔖️rfc1950/🪆️subsets/✳️any/🧬️schema/🔺️diff/🦀️component.rs	382	`usize` is not a future | the trait `Future` is not implemented for `usize` / required by a bound in `semio_framework_plugin::resolve_ready`
E0277	✏️s/🔌️plugins/🗄️stdio/📦️packages/🦀️rust/././././././././../../🗿️artifacts/🗜️deflate/🏅️standards/🔖️rfc1950/🪆️subsets/✳️any/🧬️schema/🔺️diff/🦀️component.rs	383	`usize` is not a future | the trait `Future` is not implemented for `usize` / required by a bound in `semio_framework_plugin::resolve_ready`
E0277	✏️s/🔌️plugins/🗄️stdio/📦️packages/🦀️rust/././././././././../../🗿️artifacts/🗜️deflate/🏅️standards/🔖️rfc1950/🪆️subsets/✳️any/🧬️schema/🔺️diff/🦀️component.rs	385	`usize` is not a future | the trait `Future` is not implemented for `usize` / required by a bound in `semio_framework_plugin::resolve_ready`
E0277	✏️s/🔌️plugins/🗄️stdio/📦️packages/🦀️rust/././././././././../../🗿️artifacts/🗜️deflate/🏅️standards/🔖️rfc1950/🪆️subsets/✳️any/🧬️schema/🔺️diff/🦀️component.rs	391	`usize` is not a future | the trait `Future` is not implemented for `usize` / required by a bound in `semio_framework_plugin::resolve_ready`
E0277	✏️s/🔌️plugins/🗄️stdio/📦️packages/🦀️rust/././././././././../../🗿️artifacts/🗜️deflate/🏅️standards/🔖️rfc1950/🪆️subsets/✳️any/🧬️schema/🔺️diff/🦀️component.rs	393	`usize` is not a future | the trait `Future` is not implemented for `usize` / required by a bound in `semio_framework_plugin::resolve_ready`
E0277	✏️s/🔌️plugins/🗄️stdio/📦️packages/🦀️rust/././././././././../../🗿️artifacts/🗜️deflate/🏅️standards/🔖️rfc1950/🪆️subsets/✳️any/🧬️schema/🔺️diff/🦀️component.rs	402	`usize` is not a future | the trait `Future` is not implemented for `usize` / required by a bound in `semio_framework_plugin::resolve_ready`
E0277	✏️s/🔌️plugins/🗄️stdio/📦️packages/🦀️rust/././././././././../../🗿️artifacts/🗜️deflate/🏅️standards/🔖️rfc1950/🪆️subsets/✳️any/🧬️schema/🔺️diff/🦀️component.rs	382	`usize` is not a future | the trait `Future` is not implemented for `usize`
E0599	✏️s/🔌️plugins/🗄️stdio/📦️packages/🦀️rust/./././././././././././././../../🗿️artifacts/🗜️deflate/🏅️standards/🔖️rfc1950/🪆️subsets/✳️any/🚪️io/📥️import/🧩️deserializers/🗿️artifacts/💾️binary/🔖️raw/✳️any/🦀️component.rs	14	no method named `map_err` found for opaque type `impl Future<Output = Result<Vec<u8>, std::string::String>>` in the current scope | consider `await`ing on the `Future` and calling the method on its `Output`
E0599	✏️s/🔌️plugins/🗄️stdio/📦️packages/🦀️rust/./././././././././././././../../🗿️artifacts/🗜️deflate/🏅️standards/🔖️rfc1950/🪆️subsets/✳️any/🚪️io/📤️export/🧵️serializers/🗿️artifacts/💾️binary/🔖️raw/✳️any/🦀️component.rs	14	no method named `map_err` found for opaque type `impl Future<Output = Result<Vec<u8>, std::string::String>>` in the current scope | consider `await`ing on the `Future` and calling the method on its `Output`
E0308	✏️s/🔌️plugins/🗄️stdio/📦️packages/🦀️rust/././././../../🗿️artifacts/🗜️deflate/🏅️standards/🔖️rfc1950/🪆️subsets/✳️any/📚️examples/🎬️demo/🦀️component.rs	14	mismatched types | 
E0599	✏️s/🔌️plugins/🗄️stdio/📦️packages/🦀️rust/././../../🗿️artifacts/🎒️zip/🦀️component.rs	48	no method named `schema` found for opaque type `impl Future<Output = ArtifactDeclarationBuilder<NeedsSchema>>` in the current scope | consider `await`ing on the `Future` and calling the method on its `Output`
E0277	/Users/ueli/.cargo/registry/src/index.crates.io-1949cf8c6b5b557f/serde_json-1.0.149/src/macros.rs	279	the trait bound `impl Future<Output = MeshData>: serde::Serialize` is not satisfied | for local types consider adding `#[derive(serde::Serialize)]` to your `impl Future<Output = MeshData>` type / for types from other crates check whether the crate offers a `serde` feature flag / the following other types implement trait `registry::_::_serde::Serialize`: &'a T &'a mut T () (T,) (T0, T1) (T0, T1, T2) (T0, T1, T2, T3) (T0, T1, T2, T3, T4) and 2478 others / required for `&impl Future<Output = MeshData>` to implement `registry::_::_serde::Serialize` / required by a bound in `serde_json::to_value` / the full name for the type has been written to '/Users/ueli/Documents/semio/.🧬semio/🦑️repo/🎫️tickets/🎆️26/🌙️08/☀️20/INTERACTIVE-JOB-RUNTIME-REFACTOR/PHASE-1-5-DE-ASYNC-REPAIR-SWEEP/🧪️target-r19-stdio/debug/deps/semio_s_plugin_stdio-1d1792480c328f6d.long-type-16092809711206502411.txt' / consider using `--verbose` to print the full type name to the console
E0599	✏️s/🔌️plugins/🗄️stdio/📦️packages/🦀️rust/././../../🗿️artifacts/🧿️semio/🏅️standards/🔖️v1/🪆️subsets/✳️flow/👁️viewer/🦀️component.rs	84	no method named `icon_id` found for opaque type `impl Future<Output = ViewerBuilder>` in the current scope | consider `await`ing on the `Future` and calling the method on its `Output`
E0308	✏️s/🔌️plugins/🗄️stdio/📦️packages/🦀️rust/././././././../../🗿️artifacts/🧿️semio/🏅️standards/🔖️v1/🪆️subsets/✳️flow/👁️viewer/🎭️modes/👁️view/🪟️windows/🪟️main/🦀️component.rs	25	mismatched types | 
E0599	✏️s/🔌️plugins/🗄️stdio/📦️packages/🦀️rust/././././././././../../🗿️artifacts/🎒️zip/🏅️standards/🔖️2.0/🪆️subsets/✳️any/🧬️schema/📸️snapshot/🦀️component.rs	65	no method named `map_err` found for opaque type `impl Future<Output = Result<ZipSnapshot, ZipError>>` in the current scope | the full name for the type has been written to '/Users/ueli/Documents/semio/.🧬semio/🦑️repo/🎫️tickets/🎆️26/🌙️08/☀️20/INTERACTIVE-JOB-RUNTIME-REFACTOR/PHASE-1-5-DE-ASYNC-REPAIR-SWEEP/🧪️target-r19-stdio/debug/deps/semio_s_plugin_stdio-1d1792480c328f6d.long-type-5897793452784218859.txt' / consider using `--verbose` to print the full type name to the console / consider `await`ing on the `Future` and calling the method on its `Output`
E0599	✏️s/🔌️plugins/🗄️stdio/📦️packages/🦀️rust/././././././././../../🗿️artifacts/🎒️zip/🏅️standards/🔖️2.0/🪆️subsets/✳️any/🧬️schema/📸️snapshot/🦀️component.rs	69	no method named `expect` found for opaque type `impl Future<Output = Result<Vec<u8>, ZipError>>` in the current scope | the full name for the type has been written to '/Users/ueli/Documents/semio/.🧬semio/🦑️repo/🎫️tickets/🎆️26/🌙️08/☀️20/INTERACTIVE-JOB-RUNTIME-REFACTOR/PHASE-1-5-DE-ASYNC-REPAIR-SWEEP/🧪️target-r19-stdio/debug/deps/semio_s_plugin_stdio-1d1792480c328f6d.long-type-10731075788731727517.txt' / consider using `--verbose` to print the full type name to the console / consider `await`ing on the `Future` and calling the method on its `Output`
E0599	✏️s/🔌️plugins/🗄️stdio/📦️packages/🦀️rust/././././././././../../🗿️artifacts/🎒️zip/🏅️standards/🔖️2.0/🪆️subsets/✳️any/🧬️schema/📸️snapshot/🦀️component.rs	79	no method named `map_err` found for opaque type `impl Future<Output = Result<Vec<u8>, ZipError>>` in the current scope | the full name for the type has been written to '/Users/ueli/Documents/semio/.🧬semio/🦑️repo/🎫️tickets/🎆️26/🌙️08/☀️20/INTERACTIVE-JOB-RUNTIME-REFACTOR/PHASE-1-5-DE-ASYNC-REPAIR-SWEEP/🧪️target-r19-stdio/debug/deps/semio_s_plugin_stdio-1d1792480c328f6d.long-type-10896483084302510059.txt' / consider using `--verbose` to print the full type name to the console / consider `await`ing on the `Future` and calling the method on its `Output`
E0599	✏️s/🔌️plugins/🗄️stdio/📦️packages/🦀️rust/././././././././../../🗿️artifacts/🎒️zip/🏅️standards/🔖️2.0/🪆️subsets/✳️any/🧬️schema/📸️snapshot/🦀️component.rs	90	no method named `map_err` found for opaque type `impl Future<Output = Result<ZipSnapshot, ZipError>>` in the current scope | the full name for the type has been written to '/Users/ueli/Documents/semio/.🧬semio/🦑️repo/🎫️tickets/🎆️26/🌙️08/☀️20/INTERACTIVE-JOB-RUNTIME-REFACTOR/PHASE-1-5-DE-ASYNC-REPAIR-SWEEP/🧪️target-r19-stdio/debug/deps/semio_s_plugin_stdio-1d1792480c328f6d.long-type-11565623450395330947.txt' / consider using `--verbose` to print the full type name to the console / consider `await`ing on the `Future` and calling the method on its `Output`
E0277	/Users/ueli/.cargo/registry/src/index.crates.io-1949cf8c6b5b557f/serde_json-1.0.149/src/macros.rs	279	the trait bound `impl Future<Output = MeshData>: serde::Serialize` is not satisfied | for local types consider adding `#[derive(serde::Serialize)]` to your `impl Future<Output = MeshData>` type / for types from other crates check whether the crate offers a `serde` feature flag / the following other types implement trait `registry::_::_serde::Serialize`: &'a T &'a mut T () (T,) (T0, T1) (T0, T1, T2) (T0, T1, T2, T3) (T0, T1, T2, T3, T4) and 2478 others / required for `&impl Future<Output = MeshData>` to implement `registry::_::_serde::Serialize` / required by a bound in `serde_json::to_value` / the full name for the type has been written to '/Users/ueli/Documents/semio/.🧬semio/🦑️repo/🎫️tickets/🎆️26/🌙️08/☀️20/INTERACTIVE-JOB-RUNTIME-REFACTOR/PHASE-1-5-DE-ASYNC-REPAIR-SWEEP/🧪️target-r19-stdio/debug/deps/semio_s_plugin_stdio-1d1792480c328f6d.long-type-16092809711206502411.txt' / consider using `--verbose` to print the full type name to the console
E0599	✏️s/🔌️plugins/🗄️stdio/📦️packages/🦀️rust/././../../🗿️artifacts/🧿️semio/🏅️standards/🔖️v1/🪆️subsets/✳️any/✏️editor/🦀️component.rs	88	no method named `icon_id` found for opaque type `impl Future<Output = EditorBuilder>` in the current scope | consider `await`ing on the `Future` and calling the method on its `Output`
E0308	✏️s/🔌️plugins/🗄️stdio/📦️packages/🦀️rust/././././././../../🗿️artifacts/🧿️semio/🏅️standards/🔖️v1/🪆️subsets/✳️any/✏️editor/🎭️modes/✏️edit/🪟️windows/🪟️main/🦀️component.rs	24	mismatched types | 
E0599	✏️s/🔌️plugins/🗄️stdio/📦️packages/🦀️rust/./././././././././././././../../🗿️artifacts/🎒️zip/🏅️standards/🔖️2.0/🪆️subsets/✳️any/🚪️io/📥️import/🧩️deserializers/🗿️artifacts/💾️binary/🔖️raw/✳️any/🦀️component.rs	14	no method named `map_err` found for opaque type `impl Future<Output = Result<ZipSnapshot, ZipError>>` in the current scope | the full name for the type has been written to '/Users/ueli/Documents/semio/.🧬semio/🦑️repo/🎫️tickets/🎆️26/🌙️08/☀️20/INTERACTIVE-JOB-RUNTIME-REFACTOR/PHASE-1-5-DE-ASYNC-REPAIR-SWEEP/🧪️target-r19-stdio/debug/deps/semio_s_plugin_stdio-1d1792480c328f6d.long-type-4980652905543122326.txt' / consider using `--verbose` to print the full type name to the console / consider `await`ing on the `Future` and calling the method on its `Output`
E0599	✏️s/🔌️plugins/🗄️stdio/📦️packages/🦀️rust/./././././././././././././../../🗿️artifacts/🎒️zip/🏅️standards/🔖️2.0/🪆️subsets/✳️any/🚪️io/📥️import/🧩️deserializers/🗿️artifacts/🗜️deflate/🔖️rfc1950/✳️any/🦀️component.rs	15	no method named `map_err` found for opaque type `impl Future<Output = Result<ZipSnapshot, ZipError>>` in the current scope | the full name for the type has been written to '/Users/ueli/Documents/semio/.🧬semio/🦑️repo/🎫️tickets/🎆️26/🌙️08/☀️20/INTERACTIVE-JOB-RUNTIME-REFACTOR/PHASE-1-5-DE-ASYNC-REPAIR-SWEEP/🧪️target-r19-stdio/debug/deps/semio_s_plugin_stdio-1d1792480c328f6d.long-type-4980652905543122326.txt' / consider using `--verbose` to print the full type name to the console / consider `await`ing on the `Future` and calling the method on its `Output`
E0599	✏️s/🔌️plugins/🗄️stdio/📦️packages/🦀️rust/./././././././././././././../../🗿️artifacts/🎒️zip/🏅️standards/🔖️2.0/🪆️subsets/✳️any/🚪️io/📤️export/🧵️serializers/🗿️artifacts/💾️binary/🔖️raw/✳️any/🦀️component.rs	14	no method named `map_err` found for opaque type `impl Future<Output = Result<Vec<u8>, ZipError>>` in the current scope | the full name for the type has been written to '/Users/ueli/Documents/semio/.🧬semio/🦑️repo/🎫️tickets/🎆️26/🌙️08/☀️20/INTERACTIVE-JOB-RUNTIME-REFACTOR/PHASE-1-5-DE-ASYNC-REPAIR-SWEEP/🧪️target-r19-stdio/debug/deps/semio_s_plugin_stdio-1d1792480c328f6d.long-type-10731075788731727517.txt' / consider using `--verbose` to print the full type name to the console / consider `await`ing on the `Future` and calling the method on its `Output`
E0599	✏️s/🔌️plugins/🗄️stdio/📦️packages/🦀️rust/./././././././././././././../../🗿️artifacts/🎒️zip/🏅️standards/🔖️2.0/🪆️subsets/✳️any/🚪️io/📤️export/🧵️serializers/🗿️artifacts/🗜️deflate/🔖️rfc1950/✳️any/🦀️component.rs	15	no method named `map_err` found for opaque type `impl Future<Output = Result<Vec<u8>, ZipError>>` in the current scope | the full name for the type has been written to '/Users/ueli/Documents/semio/.🧬semio/🦑️repo/🎫️tickets/🎆️26/🌙️08/☀️20/INTERACTIVE-JOB-RUNTIME-REFACTOR/PHASE-1-5-DE-ASYNC-REPAIR-SWEEP/🧪️target-r19-stdio/debug/deps/semio_s_plugin_stdio-1d1792480c328f6d.long-type-10731075788731727517.txt' / consider using `--verbose` to print the full type name to the console / consider `await`ing on the `Future` and calling the method on its `Output`
E0308	✏️s/🔌️plugins/🗄️stdio/📦️packages/🦀️rust/./././././././../../🗿️artifacts/🎒️zip/🏅️standards/🔖️2.0/🪆️subsets/✳️iso21320/🧬️schema/🦀️component.rs	197	mismatched types | expected opaque type `impl Future<Output = Result<Vec<ZipCentralEntryHeader>, ZipError>>` found enum `Result<_, _>` / the full name for the type has been written to '/Users/ueli/Documents/semio/.🧬semio/🦑️repo/🎫️tickets/🎆️26/🌙️08/☀️20/INTERACTIVE-JOB-RUNTIME-REFACTOR/PHASE-1-5-DE-ASYNC-REPAIR-SWEEP/🧪️target-r19-stdio/debug/deps/semio_s_plugin_stdio-1d1792480c328f6d.long-type-3383153242457588663.txt' / consider using `--verbose` to print the full type name to the console
E0308	✏️s/🔌️plugins/🗄️stdio/📦️packages/🦀️rust/./././././././../../🗿️artifacts/🎒️zip/🏅️standards/🔖️2.0/🪆️subsets/✳️iso21320/🧬️schema/🦀️component.rs	198	mismatched types | expected opaque type `impl Future<Output = Result<Vec<ZipCentralEntryHeader>, ZipError>>` found enum `Result<_, _>` / the full name for the type has been written to '/Users/ueli/Documents/semio/.🧬semio/🦑️repo/🎫️tickets/🎆️26/🌙️08/☀️20/INTERACTIVE-JOB-RUNTIME-REFACTOR/PHASE-1-5-DE-ASYNC-REPAIR-SWEEP/🧪️target-r19-stdio/debug/deps/semio_s_plugin_stdio-1d1792480c328f6d.long-type-3383153242457588663.txt' / consider using `--verbose` to print the full type name to the console
E0308	✏️s/🔌️plugins/🗄️stdio/📦️packages/🦀️rust/./././././././../../🗿️artifacts/🎒️zip/🏅️standards/🔖️2.0/🪆️subsets/✳️iso21320/🧬️schema/🦀️component.rs	208	mismatched types | expected opaque type `impl Future<Output = Result<Vec<u8>, artifacts::zip::standards::v2_0::subsets::any::io::component::ZipError>>` found enum `Result<_, _>` / the full name for the type has been written to '/Users/ueli/Documents/semio/.🧬semio/🦑️repo/🎫️tickets/🎆️26/🌙️08/☀️20/INTERACTIVE-JOB-RUNTIME-REFACTOR/PHASE-1-5-DE-ASYNC-REPAIR-SWEEP/🧪️target-r19-stdio/debug/deps/semio_s_plugin_stdio-1d1792480c328f6d.long-type-10731075788731727517.txt' / consider using `--verbose` to print the full type name to the console
E0308	✏️s/🔌️plugins/🗄️stdio/📦️packages/🦀️rust/./././././././../../🗿️artifacts/🎒️zip/🏅️standards/🔖️2.0/🪆️subsets/✳️iso21320/🧬️schema/🦀️component.rs	209	mismatched types | expected opaque type `impl Future<Output = Result<Vec<u8>, artifacts::zip::standards::v2_0::subsets::any::io::component::ZipError>>` found enum `Result<_, _>` / the full name for the type has been written to '/Users/ueli/Documents/semio/.🧬semio/🦑️repo/🎫️tickets/🎆️26/🌙️08/☀️20/INTERACTIVE-JOB-RUNTIME-REFACTOR/PHASE-1-5-DE-ASYNC-REPAIR-SWEEP/🧪️target-r19-stdio/debug/deps/semio_s_plugin_stdio-1d1792480c328f6d.long-type-10731075788731727517.txt' / consider using `--verbose` to print the full type name to the console
E0308	✏️s/🔌️plugins/🗄️stdio/📦️packages/🦀️rust/./././././././../../🗿️artifacts/🎒️zip/🏅️standards/🔖️2.0/🪆️subsets/✳️iso21320/🚪️io/🦀️component.rs	37	mismatched types | expected opaque type `impl Future<Output = artifacts::zip::standards::v2_0::subsets::any::io::component::SniffConfidence>` found enum `artifacts::zip::standards::v2_0::subsets::any::io::component::SniffConfidence` / the full name for the type has been written to '/Users/ueli/Documents/semio/.🧬semio/🦑️repo/🎫️tickets/🎆️26/🌙️08/☀️20/INTERACTIVE-JOB-RUNTIME-REFACTOR/PHASE-1-5-DE-ASYNC-REPAIR-SWEEP/🧪️target-r19-stdio/debug/deps/semio_s_plugin_stdio-1d1792480c328f6d.long-type-5610465080397770784.txt' / consider using `--verbose` to print the full type name to the console
E0308	✏️s/🔌️plugins/🗄️stdio/📦️packages/🦀️rust/./././././././../../🗿️artifacts/🎒️zip/🏅️standards/🔖️2.0/🪆️subsets/✳️iso21320/🚪️io/🦀️component.rs	37	mismatched types | expected opaque type `impl Future<Output = artifacts::zip::standards::v2_0::subsets::any::io::component::SniffConfidence>` found enum `artifacts::zip::standards::v2_0::subsets::any::io::component::SniffConfidence` / the full name for the type has been written to '/Users/ueli/Documents/semio/.🧬semio/🦑️repo/🎫️tickets/🎆️26/🌙️08/☀️20/INTERACTIVE-JOB-RUNTIME-REFACTOR/PHASE-1-5-DE-ASYNC-REPAIR-SWEEP/🧪️target-r19-stdio/debug/deps/semio_s_plugin_stdio-1d1792480c328f6d.long-type-5610465080397770784.txt' / consider using `--verbose` to print the full type name to the console
E0599	✏️s/🔌️plugins/🗄️stdio/📦️packages/🦀️rust/./././../../🗿️artifacts/🎒️zip/📦️opc/🦀️component.rs	471	no method named `map_err` found for opaque type `impl Future<Output = Result<ZipSnapshot, ZipError>>` in the current scope | the full name for the type has been written to '/Users/ueli/Documents/semio/.🧬semio/🦑️repo/🎫️tickets/🎆️26/🌙️08/☀️20/INTERACTIVE-JOB-RUNTIME-REFACTOR/PHASE-1-5-DE-ASYNC-REPAIR-SWEEP/🧪️target-r19-stdio/debug/deps/semio_s_plugin_stdio-1d1792480c328f6d.long-type-4980652905543122326.txt' / consider using `--verbose` to print the full type name to the console / consider `await`ing on the `Future` and calling the method on its `Output`
E0599	✏️s/🔌️plugins/🗄️stdio/📦️packages/🦀️rust/./././../../🗿️artifacts/🎒️zip/📦️opc/🦀️component.rs	581	no method named `map_err` found for opaque type `impl Future<Output = Result<Vec<u8>, ZipError>>` in the current scope | the full name for the type has been written to '/Users/ueli/Documents/semio/.🧬semio/🦑️repo/🎫️tickets/🎆️26/🌙️08/☀️20/INTERACTIVE-JOB-RUNTIME-REFACTOR/PHASE-1-5-DE-ASYNC-REPAIR-SWEEP/🧪️target-r19-stdio/debug/deps/semio_s_plugin_stdio-1d1792480c328f6d.long-type-8755833872233864051.txt' / consider using `--verbose` to print the full type name to the console / consider `await`ing on the `Future` and calling the method on its `Output`
E0308	✏️s/🔌️plugins/🗄️stdio/📦️packages/🦀️rust/./././../../🗿️artifacts/🎒️zip/📦️opc/🦀️component.rs	589	mismatched types | expected opaque type `impl Future<Output = Result<ZipSnapshot, ZipError>>` found enum `Result<_, _>` / the full name for the type has been written to '/Users/ueli/Documents/semio/.🧬semio/🦑️repo/🎫️tickets/🎆️26/🌙️08/☀️20/INTERACTIVE-JOB-RUNTIME-REFACTOR/PHASE-1-5-DE-ASYNC-REPAIR-SWEEP/🧪️target-r19-stdio/debug/deps/semio_s_plugin_stdio-1d1792480c328f6d.long-type-4980652905543122326.txt' / consider using `--verbose` to print the full type name to the console
E0308	✏️s/🔌️plugins/🗄️stdio/📦️packages/🦀️rust/././././../../🗿️artifacts/🎒️zip/🏅️standards/🔖️2.0/🪆️subsets/✳️any/📚️examples/🎬️demo/🦀️component.rs	14	mismatched types | 
E0599	✏️s/🔌️plugins/🗄️stdio/📦️packages/🦀️rust/././../../🗿️artifacts/📐️step/🦀️component.rs	51	no method named `schema` found for opaque type `impl Future<Output = ArtifactDeclarationBuilder<NeedsSchema>>` in the current scope | consider `await`ing on the `Future` and calling the method on its `Output`
E0277	/Users/ueli/.cargo/registry/src/index.crates.io-1949cf8c6b5b557f/serde_json-1.0.149/src/macros.rs	279	the trait bound `impl Future<Output = MeshData>: serde::Serialize` is not satisfied | for local types consider adding `#[derive(serde::Serialize)]` to your `impl Future<Output = MeshData>` type / for types from other crates check whether the crate offers a `serde` feature flag / the following other types implement trait `registry::_::_serde::Serialize`: &'a T &'a mut T () (T,) (T0, T1) (T0, T1, T2) (T0, T1, T2, T3) (T0, T1, T2, T3, T4) and 2478 others / required for `&impl Future<Output = MeshData>` to implement `registry::_::_serde::Serialize` / required by a bound in `serde_json::to_value` / the full name for the type has been written to '/Users/ueli/Documents/semio/.🧬semio/🦑️repo/🎫️tickets/🎆️26/🌙️08/☀️20/INTERACTIVE-JOB-RUNTIME-REFACTOR/PHASE-1-5-DE-ASYNC-REPAIR-SWEEP/🧪️target-r19-stdio/debug/deps/semio_s_plugin_stdio-1d1792480c328f6d.long-type-16092809711206502411.txt' / consider using `--verbose` to print the full type name to the console
E0599	✏️s/🔌️plugins/🗄️stdio/📦️packages/🦀️rust/././../../🗿️artifacts/🧿️semio/🏅️standards/🔖️v1/🪆️subsets/✳️kit/✏️editor/🦀️component.rs	88	no method named `icon_id` found for opaque type `impl Future<Output = EditorBuilder>` in the current scope | consider `await`ing on the `Future` and calling the method on its `Output`
E0308	✏️s/🔌️plugins/🗄️stdio/📦️packages/🦀️rust/././././././../../🗿️artifacts/🧿️semio/🏅️standards/🔖️v1/🪆️subsets/✳️kit/✏️editor/🎭️modes/✏️edit/🪟️windows/🪟️main/🦀️component.rs	24	mismatched types | 
E0277	✏️s/🔌️plugins/🗄️stdio/📦️packages/🦀️rust/././././././././../../🗿️artifacts/📐️step/🏅️standards/🔖️ap214/🪆️subsets/✳️any/🧬️schema/🔺️diff/🦀️component.rs	1271	`Result<u64, PackError>` is not a future | the trait `Future` is not implemented for `Result<u64, PackError>` / required by a bound in `semio_framework_plugin::resolve_ready`
E0277	✏️s/🔌️plugins/🗄️stdio/📦️packages/🦀️rust/././././././././../../🗿️artifacts/📐️step/🏅️standards/🔖️ap214/🪆️subsets/✳️any/🧬️schema/🔺️diff/🦀️component.rs	1271	`Result<u64, PackError>` is not a future | the trait `Future` is not implemented for `Result<u64, PackError>`
E0277	✏️s/🔌️plugins/🗄️stdio/📦️packages/🦀️rust/././././././././../../🗿️artifacts/📐️step/🏅️standards/🔖️ap214/🪆️subsets/✳️any/🧬️schema/🔺️diff/🦀️component.rs	1395	`usize` is not a future | the trait `Future` is not implemented for `usize` / required by a bound in `semio_framework_plugin::resolve_ready`
E0277	✏️s/🔌️plugins/🗄️stdio/📦️packages/🦀️rust/././././././././../../🗿️artifacts/📐️step/🏅️standards/🔖️ap214/🪆️subsets/✳️any/🧬️schema/🔺️diff/🦀️component.rs	1396	`usize` is not a future | the trait `Future` is not implemented for `usize` / required by a bound in `semio_framework_plugin::resolve_ready`
E0277	✏️s/🔌️plugins/🗄️stdio/📦️packages/🦀️rust/././././././././../../🗿️artifacts/📐️step/🏅️standards/🔖️ap214/🪆️subsets/✳️any/🧬️schema/🔺️diff/🦀️component.rs	1397	`usize` is not a future | the trait `Future` is not implemented for `usize` / required by a bound in `semio_framework_plugin::resolve_ready`
E0277	✏️s/🔌️plugins/🗄️stdio/📦️packages/🦀️rust/././././././././../../🗿️artifacts/📐️step/🏅️standards/🔖️ap214/🪆️subsets/✳️any/🧬️schema/🔺️diff/🦀️component.rs	1398	`usize` is not a future | the trait `Future` is not implemented for `usize` / required by a bound in `semio_framework_plugin::resolve_ready`
E0277	✏️s/🔌️plugins/🗄️stdio/📦️packages/🦀️rust/././././././././../../🗿️artifacts/📐️step/🏅️standards/🔖️ap214/🪆️subsets/✳️any/🧬️schema/🔺️diff/🦀️component.rs	1395	`usize` is not a future | the trait `Future` is not implemented for `usize`
E0277	✏️s/🔌️plugins/🗄️stdio/📦️packages/🦀️rust/././././././././../../🗿️artifacts/📐️step/🏅️standards/🔖️ap214/🪆️subsets/✳️any/🧬️schema/🧬️mutations/🦀️component.rs	313	`usize` is not a future | the trait `Future` is not implemented for `usize` / required by a bound in `semio_framework_plugin::resolve_ready`
E0277	✏️s/🔌️plugins/🗄️stdio/📦️packages/🦀️rust/././././././././../../🗿️artifacts/📐️step/🏅️standards/🔖️ap214/🪆️subsets/✳️any/🧬️schema/🧬️mutations/🦀️component.rs	317	`usize` is not a future | the trait `Future` is not implemented for `usize` / required by a bound in `semio_framework_plugin::resolve_ready`
E0277	✏️s/🔌️plugins/🗄️stdio/📦️packages/🦀️rust/././././././././../../🗿️artifacts/📐️step/🏅️standards/🔖️ap214/🪆️subsets/✳️any/🧬️schema/🧬️mutations/🦀️component.rs	321	`usize` is not a future | the trait `Future` is not implemented for `usize` / required by a bound in `semio_framework_plugin::resolve_ready`
E0277	✏️s/🔌️plugins/🗄️stdio/📦️packages/🦀️rust/././././././././../../🗿️artifacts/📐️step/🏅️standards/🔖️ap214/🪆️subsets/✳️any/🧬️schema/🧬️mutations/🦀️component.rs	325	`usize` is not a future | the trait `Future` is not implemented for `usize` / required by a bound in `semio_framework_plugin::resolve_ready`
E0277	✏️s/🔌️plugins/🗄️stdio/📦️packages/🦀️rust/././././././././../../🗿️artifacts/📐️step/🏅️standards/🔖️ap214/🪆️subsets/✳️any/🧬️schema/🧬️mutations/🦀️component.rs	329	`usize` is not a future | the trait `Future` is not implemented for `usize` / required by a bound in `semio_framework_plugin::resolve_ready`
E0277	✏️s/🔌️plugins/🗄️stdio/📦️packages/🦀️rust/././././././././../../🗿️artifacts/📐️step/🏅️standards/🔖️ap214/🪆️subsets/✳️any/🧬️schema/🧬️mutations/🦀️component.rs	330	`usize` is not a future | the trait `Future` is not implemented for `usize` / required by a bound in `semio_framework_plugin::resolve_ready`
E0277	✏️s/🔌️plugins/🗄️stdio/📦️packages/🦀️rust/././././././././../../🗿️artifacts/📐️step/🏅️standards/🔖️ap214/🪆️subsets/✳️any/🧬️schema/🧬️mutations/🦀️component.rs	334	`usize` is not a future | the trait `Future` is not implemented for `usize` / required by a bound in `semio_framework_plugin::resolve_ready`
E0277	✏️s/🔌️plugins/🗄️stdio/📦️packages/🦀️rust/././././././././../../🗿️artifacts/📐️step/🏅️standards/🔖️ap214/🪆️subsets/✳️any/🧬️schema/🧬️mutations/🦀️component.rs	338	`usize` is not a future | the trait `Future` is not implemented for `usize` / required by a bound in `semio_framework_plugin::resolve_ready`
E0277	✏️s/🔌️plugins/🗄️stdio/📦️packages/🦀️rust/././././././././../../🗿️artifacts/📐️step/🏅️standards/🔖️ap214/🪆️subsets/✳️any/🧬️schema/🧬️mutations/🦀️component.rs	339	`usize` is not a future | the trait `Future` is not implemented for `usize` / required by a bound in `semio_framework_plugin::resolve_ready`
E0277	✏️s/🔌️plugins/🗄️stdio/📦️packages/🦀️rust/././././././././../../🗿️artifacts/📐️step/🏅️standards/🔖️ap214/🪆️subsets/✳️any/🧬️schema/🧬️mutations/🦀️component.rs	343	`usize` is not a future | the trait `Future` is not implemented for `usize` / required by a bound in `semio_framework_plugin::resolve_ready`
E0277	✏️s/🔌️plugins/🗄️stdio/📦️packages/🦀️rust/././././././././../../🗿️artifacts/📐️step/🏅️standards/🔖️ap214/🪆️subsets/✳️any/🧬️schema/🧬️mutations/🦀️component.rs	344	`usize` is not a future | the trait `Future` is not implemented for `usize` / required by a bound in `semio_framework_plugin::resolve_ready`
E0277	✏️s/🔌️plugins/🗄️stdio/📦️packages/🦀️rust/././././././././../../🗿️artifacts/📐️step/🏅️standards/🔖️ap214/🪆️subsets/✳️any/🧬️schema/🧬️mutations/🦀️component.rs	345	`usize` is not a future | the trait `Future` is not implemented for `usize` / required by a bound in `semio_framework_plugin::resolve_ready`
E0277	✏️s/🔌️plugins/🗄️stdio/📦️packages/🦀️rust/././././././././../../🗿️artifacts/📐️step/🏅️standards/🔖️ap214/🪆️subsets/✳️any/🧬️schema/🧬️mutations/🦀️component.rs	349	`usize` is not a future | the trait `Future` is not implemented for `usize` / required by a bound in `semio_framework_plugin::resolve_ready`
E0277	✏️s/🔌️plugins/🗄️stdio/📦️packages/🦀️rust/././././././././../../🗿️artifacts/📐️step/🏅️standards/🔖️ap214/🪆️subsets/✳️any/🧬️schema/🧬️mutations/🦀️component.rs	350	`usize` is not a future | the trait `Future` is not implemented for `usize` / required by a bound in `semio_framework_plugin::resolve_ready`
E0277	✏️s/🔌️plugins/🗄️stdio/📦️packages/🦀️rust/././././././././../../🗿️artifacts/📐️step/🏅️standards/🔖️ap214/🪆️subsets/✳️any/🧬️schema/🧬️mutations/🦀️component.rs	351	`usize` is not a future | the trait `Future` is not implemented for `usize` / required by a bound in `semio_framework_plugin::resolve_ready`
E0277	✏️s/🔌️plugins/🗄️stdio/📦️packages/🦀️rust/././././././././../../🗿️artifacts/📐️step/🏅️standards/🔖️ap214/🪆️subsets/✳️any/🧬️schema/🧬️mutations/🦀️component.rs	355	`usize` is not a future | the trait `Future` is not implemented for `usize` / required by a bound in `semio_framework_plugin::resolve_ready`
E0277	✏️s/🔌️plugins/🗄️stdio/📦️packages/🦀️rust/././././././././../../🗿️artifacts/📐️step/🏅️standards/🔖️ap214/🪆️subsets/✳️any/🧬️schema/🧬️mutations/🦀️component.rs	356	`usize` is not a future | the trait `Future` is not implemented for `usize` / required by a bound in `semio_framework_plugin::resolve_ready`
E0277	✏️s/🔌️plugins/🗄️stdio/📦️packages/🦀️rust/././././././././../../🗿️artifacts/📐️step/🏅️standards/🔖️ap214/🪆️subsets/✳️any/🧬️schema/🧬️mutations/🦀️component.rs	313	`usize` is not a future | the trait `Future` is not implemented for `usize`
E0277	/Users/ueli/.cargo/registry/src/index.crates.io-1949cf8c6b5b557f/serde_json-1.0.149/src/macros.rs	279	the trait bound `impl Future<Output = MeshData>: serde::Serialize` is not satisfied | for local types consider adding `#[derive(serde::Serialize)]` to your `impl Future<Output = MeshData>` type / for types from other crates check whether the crate offers a `serde` feature flag / the following other types implement trait `registry::_::_serde::Serialize`: &'a T &'a mut T () (T,) (T0, T1) (T0, T1, T2) (T0, T1, T2, T3) (T0, T1, T2, T3, T4) and 2478 others / required for `&impl Future<Output = MeshData>` to implement `registry::_::_serde::Serialize` / required by a bound in `serde_json::to_value` / the full name for the type has been written to '/Users/ueli/Documents/semio/.🧬semio/🦑️repo/🎫️tickets/🎆️26/🌙️08/☀️20/INTERACTIVE-JOB-RUNTIME-REFACTOR/PHASE-1-5-DE-ASYNC-REPAIR-SWEEP/🧪️target-r19-stdio/debug/deps/semio_s_plugin_stdio-1d1792480c328f6d.long-type-16092809711206502411.txt' / consider using `--verbose` to print the full type name to the console
E0599	✏️s/🔌️plugins/🗄️stdio/📦️packages/🦀️rust/././../../🗿️artifacts/📐️step/🏅️standards/🔖️ap214/🪆️subsets/✳️cc3/👁️viewer/🦀️component.rs	84	no method named `icon_id` found for opaque type `impl Future<Output = ViewerBuilder>` in the current scope | consider `await`ing on the `Future` and calling the method on its `Output`
E0308	✏️s/🔌️plugins/🗄️stdio/📦️packages/🦀️rust/././././././../../🗿️artifacts/📐️step/🏅️standards/🔖️ap214/🪆️subsets/✳️cc3/👁️viewer/🎭️modes/👁️view/🪟️windows/🪟️main/🦀️component.rs	25	mismatched types | 
E0308	✏️s/🔌️plugins/🗄️stdio/📦️packages/🦀️rust/././././../../🗿️artifacts/📐️step/🏅️standards/🔖️ap214/🪆️subsets/✳️any/📚️examples/🎬️demo/🦀️component.rs	14	mismatched types | 
E0308	✏️s/🔌️plugins/🗄️stdio/📦️packages/🦀️rust/./././././././../../🗿️artifacts/🏗️ifc/🏅️standards/🔖️4/🪆️subsets/✳️any/🧬️schema/🦀️component.rs	280	mismatched types | function defined here
E0277	/Users/ueli/.cargo/registry/src/index.crates.io-1949cf8c6b5b557f/serde_json-1.0.149/src/macros.rs	279	the trait bound `impl Future<Output = MeshData>: serde::Serialize` is not satisfied | for local types consider adding `#[derive(serde::Serialize)]` to your `impl Future<Output = MeshData>` type / for types from other crates check whether the crate offers a `serde` feature flag / the following other types implement trait `registry::_::_serde::Serialize`: &'a T &'a mut T () (T,) (T0, T1) (T0, T1, T2) (T0, T1, T2, T3) (T0, T1, T2, T3, T4) and 2478 others / required for `&impl Future<Output = MeshData>` to implement `registry::_::_serde::Serialize` / required by a bound in `serde_json::to_value` / the full name for the type has been written to '/Users/ueli/Documents/semio/.🧬semio/🦑️repo/🎫️tickets/🎆️26/🌙️08/☀️20/INTERACTIVE-JOB-RUNTIME-REFACTOR/PHASE-1-5-DE-ASYNC-REPAIR-SWEEP/🧪️target-r19-stdio/debug/deps/semio_s_plugin_stdio-1d1792480c328f6d.long-type-16092809711206502411.txt' / consider using `--verbose` to print the full type name to the console
E0599	✏️s/🔌️plugins/🗄️stdio/📦️packages/🦀️rust/././../../🗿️artifacts/☁️ply/🏅️standards/🔖️1.0/🪆️subsets/✳️any/👁️viewer/🦀️component.rs	84	no method named `icon_id` found for opaque type `impl Future<Output = ViewerBuilder>` in the current scope | consider `await`ing on the `Future` and calling the method on its `Output`
E0277	/Users/ueli/.cargo/registry/src/index.crates.io-1949cf8c6b5b557f/serde_json-1.0.149/src/macros.rs	279	the trait bound `impl Future<Output = MeshData>: serde::Serialize` is not satisfied | for local types consider adding `#[derive(serde::Serialize)]` to your `impl Future<Output = MeshData>` type / for types from other crates check whether the crate offers a `serde` feature flag / the following other types implement trait `registry::_::_serde::Serialize`: &'a T &'a mut T () (T,) (T0, T1) (T0, T1, T2) (T0, T1, T2, T3) (T0, T1, T2, T3, T4) and 2478 others / required for `&impl Future<Output = MeshData>` to implement `registry::_::_serde::Serialize` / required by a bound in `serde_json::to_value` / the full name for the type has been written to '/Users/ueli/Documents/semio/.🧬semio/🦑️repo/🎫️tickets/🎆️26/🌙️08/☀️20/INTERACTIVE-JOB-RUNTIME-REFACTOR/PHASE-1-5-DE-ASYNC-REPAIR-SWEEP/🧪️target-r19-stdio/debug/deps/semio_s_plugin_stdio-1d1792480c328f6d.long-type-16092809711206502411.txt' / consider using `--verbose` to print the full type name to the console
E0308	✏️s/🔌️plugins/🗄️stdio/📦️packages/🦀️rust/././././././../../🗿️artifacts/☁️ply/🏅️standards/🔖️1.0/🪆️subsets/✳️any/👁️viewer/🎭️modes/👁️view/🪟️windows/🪟️main/🦀️component.rs	25	mismatched types | 
E0277	/Users/ueli/.cargo/registry/src/index.crates.io-1949cf8c6b5b557f/serde_json-1.0.149/src/macros.rs	279	the trait bound `impl Future<Output = MeshData>: serde::Serialize` is not satisfied | for local types consider adding `#[derive(serde::Serialize)]` to your `impl Future<Output = MeshData>` type / for types from other crates check whether the crate offers a `serde` feature flag / the following other types implement trait `registry::_::_serde::Serialize`: &'a T &'a mut T () (T,) (T0, T1) (T0, T1, T2) (T0, T1, T2, T3) (T0, T1, T2, T3, T4) and 2478 others / required for `&impl Future<Output = MeshData>` to implement `registry::_::_serde::Serialize` / required by a bound in `serde_json::to_value` / the full name for the type has been written to '/Users/ueli/Documents/semio/.🧬semio/🦑️repo/🎫️tickets/🎆️26/🌙️08/☀️20/INTERACTIVE-JOB-RUNTIME-REFACTOR/PHASE-1-5-DE-ASYNC-REPAIR-SWEEP/🧪️target-r19-stdio/debug/deps/semio_s_plugin_stdio-1d1792480c328f6d.long-type-16092809711206502411.txt' / consider using `--verbose` to print the full type name to the console
E0599	✏️s/🔌️plugins/🗄️stdio/📦️packages/🦀️rust/././../../🗿️artifacts/📐️step/🏅️standards/🔖️ap214/🪆️subsets/✳️cc6/✏️editor/🦀️component.rs	88	no method named `icon_id` found for opaque type `impl Future<Output = EditorBuilder>` in the current scope | consider `await`ing on the `Future` and calling the method on its `Output`
E0308	✏️s/🔌️plugins/🗄️stdio/📦️packages/🦀️rust/././././././../../🗿️artifacts/📐️step/🏅️standards/🔖️ap214/🪆️subsets/✳️cc6/✏️editor/🎭️modes/✏️edit/🪟️windows/🪟️main/🦀️component.rs	24	mismatched types | 
E0277	/Users/ueli/.cargo/registry/src/index.crates.io-1949cf8c6b5b557f/serde_json-1.0.149/src/macros.rs	279	the trait bound `impl Future<Output = MeshData>: serde::Serialize` is not satisfied | for local types consider adding `#[derive(serde::Serialize)]` to your `impl Future<Output = MeshData>` type / for types from other crates check whether the crate offers a `serde` feature flag / the following other types implement trait `registry::_::_serde::Serialize`: &'a T &'a mut T () (T,) (T0, T1) (T0, T1, T2) (T0, T1, T2, T3) (T0, T1, T2, T3, T4) and 2478 others / required for `&impl Future<Output = MeshData>` to implement `registry::_::_serde::Serialize` / required by a bound in `serde_json::to_value` / the full name for the type has been written to '/Users/ueli/Documents/semio/.🧬semio/🦑️repo/🎫️tickets/🎆️26/🌙️08/☀️20/INTERACTIVE-JOB-RUNTIME-REFACTOR/PHASE-1-5-DE-ASYNC-REPAIR-SWEEP/🧪️target-r19-stdio/debug/deps/semio_s_plugin_stdio-1d1792480c328f6d.long-type-16092809711206502411.txt' / consider using `--verbose` to print the full type name to the console
E0599	✏️s/🔌️plugins/🗄️stdio/📦️packages/🦀️rust/././../../🗿️artifacts/🧿️semio/🏅️standards/🔖️v1/🪆️subsets/✳️graph/👁️viewer/🦀️component.rs	84	no method named `icon_id` found for opaque type `impl Future<Output = ViewerBuilder>` in the current scope | consider `await`ing on the `Future` and calling the method on its `Output`
E0308	✏️s/🔌️plugins/🗄️stdio/📦️packages/🦀️rust/././././././../../🗿️artifacts/🧿️semio/🏅️standards/🔖️v1/🪆️subsets/✳️graph/👁️viewer/🎭️modes/👁️view/🪟️windows/🪟️main/🦀️component.rs	25	mismatched types | 
E0277	✏️s/🔌️plugins/🗄️stdio/📦️packages/🦀️rust/././././././././../../🗿️artifacts/🏗️ifc/🏅️standards/🔖️4/🪆️subsets/✳️any/🧬️schema/🔺️diff/🦀️component.rs	1353	`usize` is not a future | the trait `Future` is not implemented for `usize` / required by a bound in `semio_framework_plugin::resolve_ready`
E0277	✏️s/🔌️plugins/🗄️stdio/📦️packages/🦀️rust/././././././././../../🗿️artifacts/🏗️ifc/🏅️standards/🔖️4/🪆️subsets/✳️any/🧬️schema/🔺️diff/🦀️component.rs	1354	`usize` is not a future | the trait `Future` is not implemented for `usize` / required by a bound in `semio_framework_plugin::resolve_ready`
E0277	✏️s/🔌️plugins/🗄️stdio/📦️packages/🦀️rust/././././././././../../🗿️artifacts/🏗️ifc/🏅️standards/🔖️4/🪆️subsets/✳️any/🧬️schema/🔺️diff/🦀️component.rs	1355	`usize` is not a future | the trait `Future` is not implemented for `usize` / required by a bound in `semio_framework_plugin::resolve_ready`
E0308	✏️s/🔌️plugins/🗄️stdio/📦️packages/🦀️rust/./././../../🗿️artifacts/🌐️html/🏅️standards/🔖️5/🪆️subsets/✳️any/📚️examples/🎬️demo/🦀️component.rs	16	mismatched types | 
E0277	✏️s/🔌️plugins/🗄️stdio/📦️packages/🦀️rust/././././././././../../🗿️artifacts/🏗️ifc/🏅️standards/🔖️4/🪆️subsets/✳️any/🧬️schema/🔺️diff/🦀️component.rs	1356	`usize` is not a future | the trait `Future` is not implemented for `usize` / required by a bound in `semio_framework_plugin::resolve_ready`
E0277	✏️s/🔌️plugins/🗄️stdio/📦️packages/🦀️rust/././././././././../../🗿️artifacts/🏗️ifc/🏅️standards/🔖️4/🪆️subsets/✳️any/🧬️schema/🔺️diff/🦀️component.rs	1353	`usize` is not a future | the trait `Future` is not implemented for `usize`
E0599	✏️s/🔌️plugins/🗄️stdio/📦️packages/🦀️rust/././../../🗿️artifacts/📷️png/🏅️standards/🔖️1.2/🪆️subsets/✳️any/✏️editor/🦀️component.rs	82	no method named `icon_id` found for opaque type `impl Future<Output = EditorBuilder>` in the current scope | consider `await`ing on the `Future` and calling the method on its `Output`
E0308	✏️s/🔌️plugins/🗄️stdio/📦️packages/🦀️rust/././././././../../🗿️artifacts/📷️png/🏅️standards/🔖️1.2/🪆️subsets/✳️any/✏️editor/🎭️modes/✏️edit/🪟️windows/🪟️main/🦀️component.rs	15	mismatched types | 
E0277	/Users/ueli/.cargo/registry/src/index.crates.io-1949cf8c6b5b557f/serde_json-1.0.149/src/macros.rs	279	the trait bound `impl Future<Output = MeshData>: serde::Serialize` is not satisfied | for local types consider adding `#[derive(serde::Serialize)]` to your `impl Future<Output = MeshData>` type / for types from other crates check whether the crate offers a `serde` feature flag / the following other types implement trait `registry::_::_serde::Serialize`: &'a T &'a mut T () (T,) (T0, T1) (T0, T1, T2) (T0, T1, T2, T3) (T0, T1, T2, T3, T4) and 2478 others / required for `&impl Future<Output = MeshData>` to implement `registry::_::_serde::Serialize` / required by a bound in `serde_json::to_value` / the full name for the type has been written to '/Users/ueli/Documents/semio/.🧬semio/🦑️repo/🎫️tickets/🎆️26/🌙️08/☀️20/INTERACTIVE-JOB-RUNTIME-REFACTOR/PHASE-1-5-DE-ASYNC-REPAIR-SWEEP/🧪️target-r19-stdio/debug/deps/semio_s_plugin_stdio-1d1792480c328f6d.long-type-16092809711206502411.txt' / consider using `--verbose` to print the full type name to the console
E0277	✏️s/🔌️plugins/🗄️stdio/📦️packages/🦀️rust/././././././././../../🗿️artifacts/🏗️ifc/🏅️standards/🔖️4/🪆️subsets/✳️any/🧬️schema/🧬️mutations/🦀️component.rs	188	`impl Future<Output = std::string::String>` doesn't implement `std::fmt::Display` | the trait `std::fmt::Display` is not implemented for `impl Future<Output = std::string::String>` / in format strings you may be able to use `{:?}` (or {:#?} for pretty-print) instead
E0599	✏️s/🔌️plugins/🗄️stdio/📦️packages/🦀️rust/././../../🗿️artifacts/🧿️semio/🏅️standards/🔖️v1/🪆️subsets/✳️audio/✏️editor/🦀️component.rs	88	no method named `icon_id` found for opaque type `impl Future<Output = EditorBuilder>` in the current scope | consider `await`ing on the `Future` and calling the method on its `Output`
E0308	✏️s/🔌️plugins/🗄️stdio/📦️packages/🦀️rust/././././././../../🗿️artifacts/🧿️semio/🏅️standards/🔖️v1/🪆️subsets/✳️audio/✏️editor/🎭️modes/✏️edit/🪟️windows/🪟️main/🦀️component.rs	24	mismatched types | 
E0277	/Users/ueli/.cargo/registry/src/index.crates.io-1949cf8c6b5b557f/serde_json-1.0.149/src/macros.rs	279	the trait bound `impl Future<Output = MeshData>: serde::Serialize` is not satisfied | for local types consider adding `#[derive(serde::Serialize)]` to your `impl Future<Output = MeshData>` type / for types from other crates check whether the crate offers a `serde` feature flag / the following other types implement trait `registry::_::_serde::Serialize`: &'a T &'a mut T () (T,) (T0, T1) (T0, T1, T2) (T0, T1, T2, T3) (T0, T1, T2, T3, T4) and 2478 others / required for `&impl Future<Output = MeshData>` to implement `registry::_::_serde::Serialize` / required by a bound in `serde_json::to_value` / the full name for the type has been written to '/Users/ueli/Documents/semio/.🧬semio/🦑️repo/🎫️tickets/🎆️26/🌙️08/☀️20/INTERACTIVE-JOB-RUNTIME-REFACTOR/PHASE-1-5-DE-ASYNC-REPAIR-SWEEP/🧪️target-r19-stdio/debug/deps/semio_s_plugin_stdio-1d1792480c328f6d.long-type-16092809711206502411.txt' / consider using `--verbose` to print the full type name to the console
E0277	/Users/ueli/.cargo/registry/src/index.crates.io-1949cf8c6b5b557f/serde_json-1.0.149/src/macros.rs	279	the trait bound `impl Future<Output = MeshData>: serde::Serialize` is not satisfied | for local types consider adding `#[derive(serde::Serialize)]` to your `impl Future<Output = MeshData>` type / for types from other crates check whether the crate offers a `serde` feature flag / the following other types implement trait `registry::_::_serde::Serialize`: &'a T &'a mut T () (T,) (T0, T1) (T0, T1, T2) (T0, T1, T2, T3) (T0, T1, T2, T3, T4) and 2478 others / required for `&impl Future<Output = MeshData>` to implement `registry::_::_serde::Serialize` / required by a bound in `serde_json::to_value` / the full name for the type has been written to '/Users/ueli/Documents/semio/.🧬semio/🦑️repo/🎫️tickets/🎆️26/🌙️08/☀️20/INTERACTIVE-JOB-RUNTIME-REFACTOR/PHASE-1-5-DE-ASYNC-REPAIR-SWEEP/🧪️target-r19-stdio/debug/deps/semio_s_plugin_stdio-1d1792480c328f6d.long-type-16092809711206502411.txt' / consider using `--verbose` to print the full type name to the console
E0599	✏️s/🔌️plugins/🗄️stdio/📦️packages/🦀️rust/././../../🗿️artifacts/📷️jpg/🏅️standards/🔖️jfif-1.01/🪆️subsets/✳️any/✏️editor/🦀️component.rs	82	no method named `icon_id` found for opaque type `impl Future<Output = EditorBuilder>` in the current scope | consider `await`ing on the `Future` and calling the method on its `Output`
E0308	✏️s/🔌️plugins/🗄️stdio/📦️packages/🦀️rust/././././././../../🗿️artifacts/📷️jpg/🏅️standards/🔖️jfif-1.01/🪆️subsets/✳️any/✏️editor/🎭️modes/✏️edit/🪟️windows/🪟️main/🦀️component.rs	15	mismatched types | 
E0599	✏️s/🔌️plugins/🗄️stdio/📦️packages/🦀️rust/././../../🗿️artifacts/🧿️semio/🏅️standards/🔖️v1/🪆️subsets/✳️mesh/✏️editor/🦀️component.rs	136	no method named `icon_id` found for opaque type `impl Future<Output = EditorBuilder>` in the current scope | consider `await`ing on the `Future` and calling the method on its `Output`
E0308	✏️s/🔌️plugins/🗄️stdio/📦️packages/🦀️rust/././././././../../🗿️artifacts/🧿️semio/🏅️standards/🔖️v1/🪆️subsets/✳️mesh/✏️editor/🎭️modes/✏️edit/🪟️windows/🪟️main/🦀️component.rs	24	mismatched types | 
E0599	✏️s/🔌️plugins/🗄️stdio/📦️packages/🦀️rust/././././././././../../🗿️artifacts/🏗️ifc/🏅️standards/🔖️4/🪆️subsets/✳️any/🧬️schema/🧬️mutations/🦀️component.rs	229	no method named `map_err` found for opaque type `impl Future<Output = Result<IfcMutation, String>>` in the current scope | the full name for the type has been written to '/Users/ueli/Documents/semio/.🧬semio/🦑️repo/🎫️tickets/🎆️26/🌙️08/☀️20/INTERACTIVE-JOB-RUNTIME-REFACTOR/PHASE-1-5-DE-ASYNC-REPAIR-SWEEP/🧪️target-r19-stdio/debug/deps/semio_s_plugin_stdio-1d1792480c328f6d.long-type-16363019969390186482.txt' / consider using `--verbose` to print the full type name to the console / consider `await`ing on the `Future` and calling the method on its `Output`
E0599	✏️s/🔌️plugins/🗄️stdio/📦️packages/🦀️rust/././../../🗿️artifacts/📐️step/🏅️standards/🔖️ap214/🪆️subsets/✳️cc4/👁️viewer/🦀️component.rs	84	no method named `icon_id` found for opaque type `impl Future<Output = ViewerBuilder>` in the current scope | consider `await`ing on the `Future` and calling the method on its `Output`
E0308	✏️s/🔌️plugins/🗄️stdio/📦️packages/🦀️rust/././././././././../../🗿️artifacts/🏗️ifc/🏅️standards/🔖️4/🪆️subsets/✳️any/🧬️schema/🧬️mutations/🦀️component.rs	289	`match` arms have incompatible types | 
E0308	✏️s/🔌️plugins/🗄️stdio/📦️packages/🦀️rust/././././././../../🗿️artifacts/📐️step/🏅️standards/🔖️ap214/🪆️subsets/✳️cc4/👁️viewer/🎭️modes/👁️view/🪟️windows/🪟️main/🦀️component.rs	25	mismatched types | 
E0599	✏️s/🔌️plugins/🗄️stdio/📦️packages/🦀️rust/././../../🗿️artifacts/📷️jpg/🏅️standards/🔖️jfif-1.01/🪆️subsets/✳️baseline/✏️editor/🦀️component.rs	82	no method named `icon_id` found for opaque type `impl Future<Output = EditorBuilder>` in the current scope | consider `await`ing on the `Future` and calling the method on its `Output`
E0308	✏️s/🔌️plugins/🗄️stdio/📦️packages/🦀️rust/././././././../../🗿️artifacts/📷️jpg/🏅️standards/🔖️jfif-1.01/🪆️subsets/✳️baseline/✏️editor/🎭️modes/✏️edit/🪟️windows/🪟️main/🦀️component.rs	15	mismatched types | 
E0599	✏️s/🔌️plugins/🗄️stdio/📦️packages/🦀️rust/././././././././../../🗿️artifacts/🏗️ifc/🏅️standards/🔖️4/🪆️subsets/✳️any/🧬️schema/🧬️mutations/🦀️component.rs	328	no method named `map_err` found for opaque type `impl Future<Output = Result<IfcSnapshot, String>>` in the current scope | the full name for the type has been written to '/Users/ueli/Documents/semio/.🧬semio/🦑️repo/🎫️tickets/🎆️26/🌙️08/☀️20/INTERACTIVE-JOB-RUNTIME-REFACTOR/PHASE-1-5-DE-ASYNC-REPAIR-SWEEP/🧪️target-r19-stdio/debug/deps/semio_s_plugin_stdio-1d1792480c328f6d.long-type-9099369336922144093.txt' / consider using `--verbose` to print the full type name to the console / consider `await`ing on the `Future` and calling the method on its `Output`
E0277	✏️s/🔌️plugins/🗄️stdio/📦️packages/🦀️rust/././././././././../../🗿️artifacts/🏗️ifc/🏅️standards/🔖️4/🪆️subsets/✳️any/🧬️schema/🧬️mutations/🦀️component.rs	328	`usize` is not a future | the trait `Future` is not implemented for `usize` / required by a bound in `semio_framework_plugin::resolve_ready`
E0277	✏️s/🔌️plugins/🗄️stdio/📦️packages/🦀️rust/././././././././../../🗿️artifacts/🏗️ifc/🏅️standards/🔖️4/🪆️subsets/✳️any/🧬️schema/🧬️mutations/🦀️component.rs	332	`usize` is not a future | the trait `Future` is not implemented for `usize` / required by a bound in `semio_framework_plugin::resolve_ready`
E0277	✏️s/🔌️plugins/🗄️stdio/📦️packages/🦀️rust/././././././././../../🗿️artifacts/🏗️ifc/🏅️standards/🔖️4/🪆️subsets/✳️any/🧬️schema/🧬️mutations/🦀️component.rs	336	`usize` is not a future | the trait `Future` is not implemented for `usize` / required by a bound in `semio_framework_plugin::resolve_ready`
E0277	✏️s/🔌️plugins/🗄️stdio/📦️packages/🦀️rust/././././././././../../🗿️artifacts/🏗️ifc/🏅️standards/🔖️4/🪆️subsets/✳️any/🧬️schema/🧬️mutations/🦀️component.rs	340	`usize` is not a future | the trait `Future` is not implemented for `usize` / required by a bound in `semio_framework_plugin::resolve_ready`
E0277	✏️s/🔌️plugins/🗄️stdio/📦️packages/🦀️rust/././././././././../../🗿️artifacts/🏗️ifc/🏅️standards/🔖️4/🪆️subsets/✳️any/🧬️schema/🧬️mutations/🦀️component.rs	344	`usize` is not a future | the trait `Future` is not implemented for `usize` / required by a bound in `semio_framework_plugin::resolve_ready`
E0277	✏️s/🔌️plugins/🗄️stdio/📦️packages/🦀️rust/././././././././../../🗿️artifacts/🏗️ifc/🏅️standards/🔖️4/🪆️subsets/✳️any/🧬️schema/🧬️mutations/🦀️component.rs	345	`usize` is not a future | the trait `Future` is not implemented for `usize` / required by a bound in `semio_framework_plugin::resolve_ready`
E0277	✏️s/🔌️plugins/🗄️stdio/📦️packages/🦀️rust/././././././././../../🗿️artifacts/🏗️ifc/🏅️standards/🔖️4/🪆️subsets/✳️any/🧬️schema/🧬️mutations/🦀️component.rs	349	`usize` is not a future | the trait `Future` is not implemented for `usize` / required by a bound in `semio_framework_plugin::resolve_ready`
E0277	✏️s/🔌️plugins/🗄️stdio/📦️packages/🦀️rust/././././././././../../🗿️artifacts/🏗️ifc/🏅️standards/🔖️4/🪆️subsets/✳️any/🧬️schema/🧬️mutations/🦀️component.rs	353	`usize` is not a future | the trait `Future` is not implemented for `usize` / required by a bound in `semio_framework_plugin::resolve_ready`
E0277	✏️s/🔌️plugins/🗄️stdio/📦️packages/🦀️rust/././././././././../../🗿️artifacts/🏗️ifc/🏅️standards/🔖️4/🪆️subsets/✳️any/🧬️schema/🧬️mutations/🦀️component.rs	354	`usize` is not a future | the trait `Future` is not implemented for `usize` / required by a bound in `semio_framework_plugin::resolve_ready`
E0277	✏️s/🔌️plugins/🗄️stdio/📦️packages/🦀️rust/././././././././../../🗿️artifacts/🏗️ifc/🏅️standards/🔖️4/🪆️subsets/✳️any/🧬️schema/🧬️mutations/🦀️component.rs	358	`usize` is not a future | the trait `Future` is not implemented for `usize` / required by a bound in `semio_framework_plugin::resolve_ready`
E0277	✏️s/🔌️plugins/🗄️stdio/📦️packages/🦀️rust/././././././././../../🗿️artifacts/🏗️ifc/🏅️standards/🔖️4/🪆️subsets/✳️any/🧬️schema/🧬️mutations/🦀️component.rs	359	`usize` is not a future | the trait `Future` is not implemented for `usize` / required by a bound in `semio_framework_plugin::resolve_ready`
E0277	✏️s/🔌️plugins/🗄️stdio/📦️packages/🦀️rust/././././././././../../🗿️artifacts/🏗️ifc/🏅️standards/🔖️4/🪆️subsets/✳️any/🧬️schema/🧬️mutations/🦀️component.rs	360	`usize` is not a future | the trait `Future` is not implemented for `usize` / required by a bound in `semio_framework_plugin::resolve_ready`
E0277	✏️s/🔌️plugins/🗄️stdio/📦️packages/🦀️rust/././././././././../../🗿️artifacts/🏗️ifc/🏅️standards/🔖️4/🪆️subsets/✳️any/🧬️schema/🧬️mutations/🦀️component.rs	364	`usize` is not a future | the trait `Future` is not implemented for `usize` / required by a bound in `semio_framework_plugin::resolve_ready`
E0277	✏️s/🔌️plugins/🗄️stdio/📦️packages/🦀️rust/././././././././../../🗿️artifacts/🏗️ifc/🏅️standards/🔖️4/🪆️subsets/✳️any/🧬️schema/🧬️mutations/🦀️component.rs	365	`usize` is not a future | the trait `Future` is not implemented for `usize` / required by a bound in `semio_framework_plugin::resolve_ready`
E0277	✏️s/🔌️plugins/🗄️stdio/📦️packages/🦀️rust/././././././././../../🗿️artifacts/🏗️ifc/🏅️standards/🔖️4/🪆️subsets/✳️any/🧬️schema/🧬️mutations/🦀️component.rs	366	`usize` is not a future | the trait `Future` is not implemented for `usize` / required by a bound in `semio_framework_plugin::resolve_ready`
E0277	✏️s/🔌️plugins/🗄️stdio/📦️packages/🦀️rust/././././././././../../🗿️artifacts/🏗️ifc/🏅️standards/🔖️4/🪆️subsets/✳️any/🧬️schema/🧬️mutations/🦀️component.rs	370	`usize` is not a future | the trait `Future` is not implemented for `usize` / required by a bound in `semio_framework_plugin::resolve_ready`
E0277	✏️s/🔌️plugins/🗄️stdio/📦️packages/🦀️rust/././././././././../../🗿️artifacts/🏗️ifc/🏅️standards/🔖️4/🪆️subsets/✳️any/🧬️schema/🧬️mutations/🦀️component.rs	371	`usize` is not a future | the trait `Future` is not implemented for `usize` / required by a bound in `semio_framework_plugin::resolve_ready`
E0277	✏️s/🔌️plugins/🗄️stdio/📦️packages/🦀️rust/././././././././../../🗿️artifacts/🏗️ifc/🏅️standards/🔖️4/🪆️subsets/✳️any/🧬️schema/🧬️mutations/🦀️component.rs	328	`usize` is not a future | the trait `Future` is not implemented for `usize`
E0599	✏️s/🔌️plugins/🗄️stdio/📦️packages/🦀️rust/././../../🗿️artifacts/🖼️bmp/🏅️standards/🔖️v3/🪆️subsets/✳️any/✏️editor/🦀️component.rs	82	no method named `icon_id` found for opaque type `impl Future<Output = EditorBuilder>` in the current scope | consider `await`ing on the `Future` and calling the method on its `Output`
E0308	✏️s/🔌️plugins/🗄️stdio/📦️packages/🦀️rust/././././././../../🗿️artifacts/🖼️bmp/🏅️standards/🔖️v3/🪆️subsets/✳️any/✏️editor/🎭️modes/✏️edit/🪟️windows/🪟️main/🦀️component.rs	15	mismatched types | 
E0599	✏️s/🔌️plugins/🗄️stdio/📦️packages/🦀️rust/././../../🗿️artifacts/🖼️tiff/🏅️standards/🔖️6.0/🪆️subsets/✳️any/✏️editor/🦀️component.rs	82	no method named `icon_id` found for opaque type `impl Future<Output = EditorBuilder>` in the current scope | consider `await`ing on the `Future` and calling the method on its `Output`
E0308	✏️s/🔌️plugins/🗄️stdio/📦️packages/🦀️rust/././././././../../🗿️artifacts/🖼️tiff/🏅️standards/🔖️6.0/🪆️subsets/✳️any/✏️editor/🎭️modes/✏️edit/🪟️windows/🪟️main/🦀️component.rs	15	mismatched types | 
E0308	✏️s/🔌️plugins/🗄️stdio/📦️packages/🦀️rust/./././././././../../🗿️artifacts/🏗️ifc/🏅️standards/🔖️2x3/🪆️subsets/✳️any/🧬️schema/🦀️component.rs	334	mismatched types | function defined here
E0599	✏️s/🔌️plugins/🗄️stdio/📦️packages/🦀️rust/././././././../../🗿️artifacts/🖼️tiff/🏅️standards/🔖️6.0/🪆️subsets/✳️any/✏️editor/🎭️modes/✏️edit/🪟️windows/🪟️main/🦀️component.rs	25	no method named `ok` found for opaque type `impl Future<Output = Result<Vec<u8>, std::string::String>>` in the current scope | there is a method `or` with a similar name, but with different arguments / consider `await`ing on the `Future` and calling the method on its `Output`
E0277	/Users/ueli/.cargo/registry/src/index.crates.io-1949cf8c6b5b557f/serde_json-1.0.149/src/macros.rs	279	the trait bound `impl Future<Output = MeshData>: serde::Serialize` is not satisfied | for local types consider adding `#[derive(serde::Serialize)]` to your `impl Future<Output = MeshData>` type / for types from other crates check whether the crate offers a `serde` feature flag / the following other types implement trait `registry::_::_serde::Serialize`: &'a T &'a mut T () (T,) (T0, T1) (T0, T1, T2) (T0, T1, T2, T3) (T0, T1, T2, T3, T4) and 2478 others / required for `&impl Future<Output = MeshData>` to implement `registry::_::_serde::Serialize` / required by a bound in `serde_json::to_value` / the full name for the type has been written to '/Users/ueli/Documents/semio/.🧬semio/🦑️repo/🎫️tickets/🎆️26/🌙️08/☀️20/INTERACTIVE-JOB-RUNTIME-REFACTOR/PHASE-1-5-DE-ASYNC-REPAIR-SWEEP/🧪️target-r19-stdio/debug/deps/semio_s_plugin_stdio-1d1792480c328f6d.long-type-16092809711206502411.txt' / consider using `--verbose` to print the full type name to the console
E0599	✏️s/🔌️plugins/🗄️stdio/📦️packages/🦀️rust/././../../🗿️artifacts/🖼️tiff/🏅️standards/🔖️6.0/🪆️subsets/✳️baseline/✏️editor/🦀️component.rs	82	no method named `icon_id` found for opaque type `impl Future<Output = EditorBuilder>` in the current scope | consider `await`ing on the `Future` and calling the method on its `Output`
E0308	✏️s/🔌️plugins/🗄️stdio/📦️packages/🦀️rust/././././././../../🗿️artifacts/🖼️tiff/🏅️standards/🔖️6.0/🪆️subsets/✳️baseline/✏️editor/🎭️modes/✏️edit/🪟️windows/🪟️main/🦀️component.rs	15	mismatched types | 
E0599	✏️s/🔌️plugins/🗄️stdio/📦️packages/🦀️rust/././../../🗿️artifacts/☁️las/🏅️standards/🔖️1.0/🪆️subsets/✳️any/👁️viewer/🦀️component.rs	84	no method named `icon_id` found for opaque type `impl Future<Output = ViewerBuilder>` in the current scope | consider `await`ing on the `Future` and calling the method on its `Output`
E0308	✏️s/🔌️plugins/🗄️stdio/📦️packages/🦀️rust/././././././../../🗿️artifacts/☁️las/🏅️standards/🔖️1.0/🪆️subsets/✳️any/👁️viewer/🎭️modes/👁️view/🪟️windows/🪟️main/🦀️component.rs	25	mismatched types | 
E0599	✏️s/🔌️plugins/🗄️stdio/📦️packages/🦀️rust/././././././../../🗿️artifacts/🖼️tiff/🏅️standards/🔖️6.0/🪆️subsets/✳️baseline/✏️editor/🎭️modes/✏️edit/🪟️windows/🪟️main/🦀️component.rs	25	no method named `ok` found for opaque type `impl Future<Output = Result<Vec<u8>, std::string::String>>` in the current scope | there is a method `or` with a similar name, but with different arguments / consider `await`ing on the `Future` and calling the method on its `Output`
E0599	✏️s/🔌️plugins/🗄️stdio/📦️packages/🦀️rust/././../../🗿️artifacts/🎞️gif/🏅️standards/🔖️87a/🪆️subsets/✳️any/✏️editor/🦀️component.rs	82	no method named `icon_id` found for opaque type `impl Future<Output = EditorBuilder>` in the current scope | consider `await`ing on the `Future` and calling the method on its `Output`
E0308	✏️s/🔌️plugins/🗄️stdio/📦️packages/🦀️rust/././././././../../🗿️artifacts/🎞️gif/🏅️standards/🔖️87a/🪆️subsets/✳️any/✏️editor/🎭️modes/✏️edit/🪟️windows/🪟️main/🦀️component.rs	15	mismatched types | 
E0277	/Users/ueli/.cargo/registry/src/index.crates.io-1949cf8c6b5b557f/serde_json-1.0.149/src/macros.rs	279	the trait bound `impl Future<Output = MeshData>: serde::Serialize` is not satisfied | for local types consider adding `#[derive(serde::Serialize)]` to your `impl Future<Output = MeshData>` type / for types from other crates check whether the crate offers a `serde` feature flag / the following other types implement trait `registry::_::_serde::Serialize`: &'a T &'a mut T () (T,) (T0, T1) (T0, T1, T2) (T0, T1, T2, T3) (T0, T1, T2, T3, T4) and 2478 others / required for `&impl Future<Output = MeshData>` to implement `registry::_::_serde::Serialize` / required by a bound in `serde_json::to_value` / the full name for the type has been written to '/Users/ueli/Documents/semio/.🧬semio/🦑️repo/🎫️tickets/🎆️26/🌙️08/☀️20/INTERACTIVE-JOB-RUNTIME-REFACTOR/PHASE-1-5-DE-ASYNC-REPAIR-SWEEP/🧪️target-r19-stdio/debug/deps/semio_s_plugin_stdio-1d1792480c328f6d.long-type-16092809711206502411.txt' / consider using `--verbose` to print the full type name to the console
E0599	✏️s/🔌️plugins/🗄️stdio/📦️packages/🦀️rust/././../../🗿️artifacts/🎞️gif/🏅️standards/🔖️89a/🪆️subsets/✳️any/✏️editor/🦀️component.rs	82	no method named `icon_id` found for opaque type `impl Future<Output = EditorBuilder>` in the current scope | consider `await`ing on the `Future` and calling the method on its `Output`
E0308	✏️s/🔌️plugins/🗄️stdio/📦️packages/🦀️rust/././././././../../🗿️artifacts/🎞️gif/🏅️standards/🔖️89a/🪆️subsets/✳️any/✏️editor/🎭️modes/✏️edit/🪟️windows/🪟️main/🦀️component.rs	15	mismatched types | 
E0599	✏️s/🔌️plugins/🗄️stdio/📦️packages/🦀️rust/././../../🗿️artifacts/🏗️ifc/🏅️standards/🔖️2x3/🪆️subsets/✳️any/✏️editor/🦀️component.rs	88	no method named `icon_id` found for opaque type `impl Future<Output = EditorBuilder>` in the current scope | consider `await`ing on the `Future` and calling the method on its `Output`
E0308	✏️s/🔌️plugins/🗄️stdio/📦️packages/🦀️rust/././././././../../🗿️artifacts/🏗️ifc/🏅️standards/🔖️2x3/🪆️subsets/✳️any/✏️editor/🎭️modes/✏️edit/🪟️windows/🪟️main/🦀️component.rs	24	mismatched types | 
E0277	✏️s/🔌️plugins/🗄️stdio/📦️packages/🦀️rust/././././././././../../🗿️artifacts/🏗️ifc/🏅️standards/🔖️2x3/🪆️subsets/✳️any/🧬️schema/🔺️diff/🦀️component.rs	905	`usize` is not a future | the trait `Future` is not implemented for `usize` / required by a bound in `semio_framework_plugin::resolve_ready`
E0277	✏️s/🔌️plugins/🗄️stdio/📦️packages/🦀️rust/././././././././../../🗿️artifacts/🏗️ifc/🏅️standards/🔖️2x3/🪆️subsets/✳️any/🧬️schema/🔺️diff/🦀️component.rs	906	`usize` is not a future | the trait `Future` is not implemented for `usize` / required by a bound in `semio_framework_plugin::resolve_ready`
E0277	✏️s/🔌️plugins/🗄️stdio/📦️packages/🦀️rust/././././././././../../🗿️artifacts/🏗️ifc/🏅️standards/🔖️2x3/🪆️subsets/✳️any/🧬️schema/🔺️diff/🦀️component.rs	908	`usize` is not a future | the trait `Future` is not implemented for `usize` / required by a bound in `semio_framework_plugin::resolve_ready`
E0277	✏️s/🔌️plugins/🗄️stdio/📦️packages/🦀️rust/././././././././../../🗿️artifacts/🏗️ifc/🏅️standards/🔖️2x3/🪆️subsets/✳️any/🧬️schema/🔺️diff/🦀️component.rs	911	`usize` is not a future | the trait `Future` is not implemented for `usize` / required by a bound in `semio_framework_plugin::resolve_ready`
E0277	✏️s/🔌️plugins/🗄️stdio/📦️packages/🦀️rust/././././././././../../🗿️artifacts/🏗️ifc/🏅️standards/🔖️2x3/🪆️subsets/✳️any/🧬️schema/🔺️diff/🦀️component.rs	917	`usize` is not a future | the trait `Future` is not implemented for `usize` / required by a bound in `semio_framework_plugin::resolve_ready`
E0277	✏️s/🔌️plugins/🗄️stdio/📦️packages/🦀️rust/././././././././../../🗿️artifacts/🏗️ifc/🏅️standards/🔖️2x3/🪆️subsets/✳️any/🧬️schema/🔺️diff/🦀️component.rs	919	`usize` is not a future | the trait `Future` is not implemented for `usize` / required by a bound in `semio_framework_plugin::resolve_ready`
E0277	✏️s/🔌️plugins/🗄️stdio/📦️packages/🦀️rust/././././././././../../🗿️artifacts/🏗️ifc/🏅️standards/🔖️2x3/🪆️subsets/✳️any/🧬️schema/🔺️diff/🦀️component.rs	921	`usize` is not a future | the trait `Future` is not implemented for `usize` / required by a bound in `semio_framework_plugin::resolve_ready`
E0277	✏️s/🔌️plugins/🗄️stdio/📦️packages/🦀️rust/././././././././../../🗿️artifacts/🏗️ifc/🏅️standards/🔖️2x3/🪆️subsets/✳️any/🧬️schema/🔺️diff/🦀️component.rs	928	`usize` is not a future | the trait `Future` is not implemented for `usize` / required by a bound in `semio_framework_plugin::resolve_ready`
E0277	✏️s/🔌️plugins/🗄️stdio/📦️packages/🦀️rust/././././././././../../🗿️artifacts/🏗️ifc/🏅️standards/🔖️2x3/🪆️subsets/✳️any/🧬️schema/🔺️diff/🦀️component.rs	931	`usize` is not a future | the trait `Future` is not implemented for `usize` / required by a bound in `semio_framework_plugin::resolve_ready`
E0277	✏️s/🔌️plugins/🗄️stdio/📦️packages/🦀️rust/././././././././../../🗿️artifacts/🏗️ifc/🏅️standards/🔖️2x3/🪆️subsets/✳️any/🧬️schema/🔺️diff/🦀️component.rs	905	`usize` is not a future | the trait `Future` is not implemented for `usize`
E0599	✏️s/🔌️plugins/🗄️stdio/📦️packages/🦀️rust/././../../🗿️artifacts/🎨️svg/🏅️standards/🔖️1.1/🪆️subsets/✳️any/✏️editor/🦀️component.rs	85	no method named `icon_id` found for opaque type `impl Future<Output = EditorBuilder>` in the current scope | consider `await`ing on the `Future` and calling the method on its `Output`
E0308	✏️s/🔌️plugins/🗄️stdio/📦️packages/🦀️rust/././././././../../🗿️artifacts/🎨️svg/🏅️standards/🔖️1.1/🪆️subsets/✳️any/✏️editor/🎭️modes/✏️edit/🪟️windows/🪟️main/🦀️component.rs	15	mismatched types | 
E0277	/Users/ueli/.cargo/registry/src/index.crates.io-1949cf8c6b5b557f/serde_json-1.0.149/src/macros.rs	279	the trait bound `impl Future<Output = MeshData>: serde::Serialize` is not satisfied | for local types consider adding `#[derive(serde::Serialize)]` to your `impl Future<Output = MeshData>` type / for types from other crates check whether the crate offers a `serde` feature flag / the following other types implement trait `registry::_::_serde::Serialize`: &'a T &'a mut T () (T,) (T0, T1) (T0, T1, T2) (T0, T1, T2, T3) (T0, T1, T2, T3, T4) and 2478 others / required for `&impl Future<Output = MeshData>` to implement `registry::_::_serde::Serialize` / required by a bound in `serde_json::to_value` / the full name for the type has been written to '/Users/ueli/Documents/semio/.🧬semio/🦑️repo/🎫️tickets/🎆️26/🌙️08/☀️20/INTERACTIVE-JOB-RUNTIME-REFACTOR/PHASE-1-5-DE-ASYNC-REPAIR-SWEEP/🧪️target-r19-stdio/debug/deps/semio_s_plugin_stdio-1d1792480c328f6d.long-type-16092809711206502411.txt' / consider using `--verbose` to print the full type name to the console
E0599	✏️s/🔌️plugins/🗄️stdio/📦️packages/🦀️rust/././../../🗿️artifacts/🎨️svg/🏅️standards/🔖️1.1/🪆️subsets/✳️basic/✏️editor/🦀️component.rs	85	no method named `icon_id` found for opaque type `impl Future<Output = EditorBuilder>` in the current scope | consider `await`ing on the `Future` and calling the method on its `Output`
E0308	✏️s/🔌️plugins/🗄️stdio/📦️packages/🦀️rust/././././././../../🗿️artifacts/🎨️svg/🏅️standards/🔖️1.1/🪆️subsets/✳️basic/✏️editor/🎭️modes/✏️edit/🪟️windows/🪟️main/🦀️component.rs	15	mismatched types | 
E0599	✏️s/🔌️plugins/🗄️stdio/📦️packages/🦀️rust/././././././././../../🗿️artifacts/🏗️ifc/🏅️standards/🔖️2x3/🪆️subsets/✳️any/🧬️schema/🧬️mutations/🦀️component.rs	151	no method named `map_err` found for opaque type `impl Future<Output = Result<Ifc2x3Mutation, String>>` in the current scope | the full name for the type has been written to '/Users/ueli/Documents/semio/.🧬semio/🦑️repo/🎫️tickets/🎆️26/🌙️08/☀️20/INTERACTIVE-JOB-RUNTIME-REFACTOR/PHASE-1-5-DE-ASYNC-REPAIR-SWEEP/🧪️target-r19-stdio/debug/deps/semio_s_plugin_stdio-1d1792480c328f6d.long-type-13275736279952315108.txt' / consider using `--verbose` to print the full type name to the console / consider `await`ing on the `Future` and calling the method on its `Output`
E0308	✏️s/🔌️plugins/🗄️stdio/📦️packages/🦀️rust/././././././././../../🗿️artifacts/🏗️ifc/🏅️standards/🔖️2x3/🪆️subsets/✳️any/🧬️schema/🧬️mutations/🦀️component.rs	212	`match` arms have incompatible types | 
E0277	✏️s/🔌️plugins/🗄️stdio/📦️packages/🦀️rust/././././././././../../🗿️artifacts/🏗️ifc/🏅️standards/🔖️2x3/🪆️subsets/✳️any/🧬️schema/🧬️mutations/🦀️component.rs	231	`usize` is not a future | the trait `Future` is not implemented for `usize` / required by a bound in `semio_framework_plugin::resolve_ready`
E0277	✏️s/🔌️plugins/🗄️stdio/📦️packages/🦀️rust/././././././././../../🗿️artifacts/🏗️ifc/🏅️standards/🔖️2x3/🪆️subsets/✳️any/🧬️schema/🧬️mutations/🦀️component.rs	235	`usize` is not a future | the trait `Future` is not implemented for `usize` / required by a bound in `semio_framework_plugin::resolve_ready`
E0599	✏️s/🔌️plugins/🗄️stdio/📦️packages/🦀️rust/././../../🗿️artifacts/🧿️semio/🏅️standards/🔖️v1/🪆️subsets/✳️image/👁️viewer/🦀️component.rs	84	no method named `icon_id` found for opaque type `impl Future<Output = ViewerBuilder>` in the current scope | consider `await`ing on the `Future` and calling the method on its `Output`
E0277	✏️s/🔌️plugins/🗄️stdio/📦️packages/🦀️rust/././././././././../../🗿️artifacts/🏗️ifc/🏅️standards/🔖️2x3/🪆️subsets/✳️any/🧬️schema/🧬️mutations/🦀️component.rs	239	`usize` is not a future | the trait `Future` is not implemented for `usize` / required by a bound in `semio_framework_plugin::resolve_ready`
E0277	✏️s/🔌️plugins/🗄️stdio/📦️packages/🦀️rust/././././././././../../🗿️artifacts/🏗️ifc/🏅️standards/🔖️2x3/🪆️subsets/✳️any/🧬️schema/🧬️mutations/🦀️component.rs	243	`usize` is not a future | the trait `Future` is not implemented for `usize` / required by a bound in `semio_framework_plugin::resolve_ready`
E0277	✏️s/🔌️plugins/🗄️stdio/📦️packages/🦀️rust/././././././././../../🗿️artifacts/🏗️ifc/🏅️standards/🔖️2x3/🪆️subsets/✳️any/🧬️schema/🧬️mutations/🦀️component.rs	231	`usize` is not a future | the trait `Future` is not implemented for `usize`
E0308	✏️s/🔌️plugins/🗄️stdio/📦️packages/🦀️rust/././././././../../🗿️artifacts/🧿️semio/🏅️standards/🔖️v1/🪆️subsets/✳️image/👁️viewer/🎭️modes/👁️view/🪟️windows/🪟️main/🦀️component.rs	25	mismatched types | 
E0599	✏️s/🔌️plugins/🗄️stdio/📦️packages/🦀️rust/./././././././././././././../../🗿️artifacts/🏗️ifc/🏅️standards/🔖️2x3/🪆️subsets/✳️any/🚪️io/📥️import/🧩️deserializers/🗿️artifacts/💾️binary/🔖️raw/✳️any/🦀️component.rs	11	no method named `map_err` found for opaque type `impl Future<Output = Result<Ifc2x3Snapshot, String>>` in the current scope | the full name for the type has been written to '/Users/ueli/Documents/semio/.🧬semio/🦑️repo/🎫️tickets/🎆️26/🌙️08/☀️20/INTERACTIVE-JOB-RUNTIME-REFACTOR/PHASE-1-5-DE-ASYNC-REPAIR-SWEEP/🧪️target-r19-stdio/debug/deps/semio_s_plugin_stdio-1d1792480c328f6d.long-type-14467101915028533382.txt' / consider using `--verbose` to print the full type name to the console / consider `await`ing on the `Future` and calling the method on its `Output`
E0599	✏️s/🔌️plugins/🗄️stdio/📦️packages/🦀️rust/./././././././././././././../../🗿️artifacts/🏗️ifc/🏅️standards/🔖️2x3/🪆️subsets/✳️any/🚪️io/📥️import/🧩️deserializers/🗿️artifacts/📄txt/🔖️utf-8/✳️any/🦀️component.rs	11	no method named `map_err` found for opaque type `impl Future<Output = Result<Ifc2x3Snapshot, String>>` in the current scope | the full name for the type has been written to '/Users/ueli/Documents/semio/.🧬semio/🦑️repo/🎫️tickets/🎆️26/🌙️08/☀️20/INTERACTIVE-JOB-RUNTIME-REFACTOR/PHASE-1-5-DE-ASYNC-REPAIR-SWEEP/🧪️target-r19-stdio/debug/deps/semio_s_plugin_stdio-1d1792480c328f6d.long-type-14467101915028533382.txt' / consider using `--verbose` to print the full type name to the console / consider `await`ing on the `Future` and calling the method on its `Output`
E0308	✏️s/🔌️plugins/🗄️stdio/📦️packages/🦀️rust/./././././././././../../🗿️artifacts/🌐️html/🏅️standards/🔖️5/🪆️subsets/✳️any/🧬️schema/💡️inferences/🧾outline/🦀️component.rs	30	mismatched types | expected struct `Pin<std::boxed::Box<(u32, u32, u32)>>` found tuple `(_, _, _)` / consider dereferencing to access the inner value using the `Deref` trait
E0308	✏️s/🔌️plugins/🗄️stdio/📦️packages/🦀️rust/././././../../🗿️artifacts/🏗️ifc/🏅️standards/🔖️2x3/🪆️subsets/✳️any/📚️examples/🎬️demo/🦀️component.rs	14	mismatched types | 
E0599	✏️s/🔌️plugins/🗄️stdio/📦️packages/🦀️rust/././../../🗿️artifacts/☁️las/🦀️component.rs	46	no method named `schema` found for opaque type `impl Future<Output = ArtifactDeclarationBuilder<NeedsSchema>>` in the current scope | consider `await`ing on the `Future` and calling the method on its `Output`
E0277	✏️s/🔌️plugins/🗄️stdio/📦️packages/🦀️rust/././././././././../../🗿️artifacts/🌐️html/🏅️standards/🔖️5/🪆️subsets/✳️any/🧬️schema/🔺️diff/🦀️component.rs	201	the `?` operator can only be applied to values that implement `Try` | the nightly-only, unstable trait `Try` is not implemented for `Pin<std::boxed::Box<Result<(), MutationApplyError>>>`
E0277	/Users/ueli/.cargo/registry/src/index.crates.io-1949cf8c6b5b557f/serde_json-1.0.149/src/macros.rs	279	the trait bound `impl Future<Output = MeshData>: serde::Serialize` is not satisfied | for local types consider adding `#[derive(serde::Serialize)]` to your `impl Future<Output = MeshData>` type / for types from other crates check whether the crate offers a `serde` feature flag / the following other types implement trait `registry::_::_serde::Serialize`: &'a T &'a mut T () (T,) (T0, T1) (T0, T1, T2) (T0, T1, T2, T3) (T0, T1, T2, T3, T4) and 2478 others / required for `&impl Future<Output = MeshData>` to implement `registry::_::_serde::Serialize` / required by a bound in `serde_json::to_value` / the full name for the type has been written to '/Users/ueli/Documents/semio/.🧬semio/🦑️repo/🎫️tickets/🎆️26/🌙️08/☀️20/INTERACTIVE-JOB-RUNTIME-REFACTOR/PHASE-1-5-DE-ASYNC-REPAIR-SWEEP/🧪️target-r19-stdio/debug/deps/semio_s_plugin_stdio-1d1792480c328f6d.long-type-16092809711206502411.txt' / consider using `--verbose` to print the full type name to the console
E0277	✏️s/🔌️plugins/🗄️stdio/📦️packages/🦀️rust/././././././././../../🗿️artifacts/🌐️html/🏅️standards/🔖️5/🪆️subsets/✳️any/🧬️schema/🔺️diff/🦀️component.rs	246	the `?` operator can only be applied to values that implement `Try` | the nightly-only, unstable trait `Try` is not implemented for `Pin<std::boxed::Box<Result<(), MutationApplyError>>>`
E0308	✏️s/🔌️plugins/🗄️stdio/📦️packages/🦀️rust/././././././././../../🗿️artifacts/🌐️html/🏅️standards/🔖️5/🪆️subsets/✳️any/🧬️schema/🔺️diff/🦀️component.rs	282	mismatched types | expected struct `Vec<v5::subsets::any::schema::snapshot::component::HtmlNode>` found struct `Pin<std::boxed::Box<Vec<v5::subsets::any::schema::snapshot::component::HtmlNode>>>` / try using a conversion method
E0308	✏️s/🔌️plugins/🗄️stdio/📦️packages/🦀️rust/././././././././../../🗿️artifacts/🌐️html/🏅️standards/🔖️5/🪆️subsets/✳️any/🧬️schema/🔺️diff/🦀️component.rs	316	mismatched types | expected enum `v5::subsets::any::schema::snapshot::component::HtmlNode` found struct `Pin<std::boxed::Box<v5::subsets::any::schema::snapshot::component::HtmlNode>>` / the type constructed contains `Pin<std::boxed::Box<v5::subsets::any::schema::snapshot::component::HtmlNode>>` due to the type of the argument passed / tuple variant defined here
E0599	✏️s/🔌️plugins/🗄️stdio/📦️packages/🦀️rust/././../../🗿️artifacts/🧿️semio/🏅️standards/🔖️v1/🪆️subsets/✳️brep/✏️editor/🦀️component.rs	88	no method named `icon_id` found for opaque type `impl Future<Output = EditorBuilder>` in the current scope | consider `await`ing on the `Future` and calling the method on its `Output`
E0308	✏️s/🔌️plugins/🗄️stdio/📦️packages/🦀️rust/././././././././../../🗿️artifacts/🌐️html/🏅️standards/🔖️5/🪆️subsets/✳️any/🧬️schema/🔺️diff/🦀️component.rs	436	mismatched types | expected enum `std::option::Option<v5::subsets::any::schema::diff::component::HtmlChildrenDiff>` found struct `Pin<std::boxed::Box<std::option::Option<v5::subsets::any::schema::diff::component::HtmlChildrenDiff>>>`
E0308	✏️s/🔌️plugins/🗄️stdio/📦️packages/🦀️rust/././././././././../../🗿️artifacts/🌐️html/🏅️standards/🔖️5/🪆️subsets/✳️any/🧬️schema/🔺️diff/🦀️component.rs	476	mismatched types | expected struct `Pin<std::boxed::Box<std::option::Option<v5::subsets::any::schema::diff::component::HtmlNodeDiff>>>` found enum `std::option::Option<_>` / the full name for the type has been written to '/Users/ueli/Documents/semio/.🧬semio/🦑️repo/🎫️tickets/🎆️26/🌙️08/☀️20/INTERACTIVE-JOB-RUNTIME-REFACTOR/PHASE-1-5-DE-ASYNC-REPAIR-SWEEP/🧪️target-r19-stdio/debug/deps/semio_s_plugin_stdio-1d1792480c328f6d.long-type-5035189805633900125.txt' / consider using `--verbose` to print the full type name to the console / consider dereferencing to access the inner value using the `Deref` trait
E0308	✏️s/🔌️plugins/🗄️stdio/📦️packages/🦀️rust/././././././../../🗿️artifacts/🧿️semio/🏅️standards/🔖️v1/🪆️subsets/✳️brep/✏️editor/🎭️modes/✏️edit/🪟️windows/🪟️main/🦀️component.rs	24	mismatched types | 
E0308	✏️s/🔌️plugins/🗄️stdio/📦️packages/🦀️rust/././././././././../../🗿️artifacts/🌐️html/🏅️standards/🔖️5/🪆️subsets/✳️any/🧬️schema/🔺️diff/🦀️component.rs	542	mismatched types | expected struct `v5::subsets::any::schema::diff::component::HtmlElementDiff` found struct `Pin<std::boxed::Box<v5::subsets::any::schema::diff::component::HtmlElementDiff>>` / tuple variant defined here
E0308	✏️s/🔌️plugins/🗄️stdio/📦️packages/🦀️rust/././././././././../../🗿️artifacts/🌐️html/🏅️standards/🔖️5/🪆️subsets/✳️any/🧬️schema/🔺️diff/🦀️component.rs	560	mismatched types | expected struct `v5::subsets::any::schema::diff::component::HtmlChildrenDiff` found struct `Pin<std::boxed::Box<v5::subsets::any::schema::diff::component::HtmlChildrenDiff>>` / the type constructed contains `Pin<std::boxed::Box<v5::subsets::any::schema::diff::component::HtmlChildrenDiff>>` due to the type of the argument passed / tuple variant defined here
E0277	/Users/ueli/.cargo/registry/src/index.crates.io-1949cf8c6b5b557f/serde_json-1.0.149/src/macros.rs	279	the trait bound `impl Future<Output = MeshData>: serde::Serialize` is not satisfied | for local types consider adding `#[derive(serde::Serialize)]` to your `impl Future<Output = MeshData>` type / for types from other crates check whether the crate offers a `serde` feature flag / the following other types implement trait `registry::_::_serde::Serialize`: &'a T &'a mut T () (T,) (T0, T1) (T0, T1, T2) (T0, T1, T2, T3) (T0, T1, T2, T3, T4) and 2478 others / required for `&impl Future<Output = MeshData>` to implement `registry::_::_serde::Serialize` / required by a bound in `serde_json::to_value` / the full name for the type has been written to '/Users/ueli/Documents/semio/.🧬semio/🦑️repo/🎫️tickets/🎆️26/🌙️08/☀️20/INTERACTIVE-JOB-RUNTIME-REFACTOR/PHASE-1-5-DE-ASYNC-REPAIR-SWEEP/🧪️target-r19-stdio/debug/deps/semio_s_plugin_stdio-1d1792480c328f6d.long-type-16092809711206502411.txt' / consider using `--verbose` to print the full type name to the console
E0277	/Users/ueli/.cargo/registry/src/index.crates.io-1949cf8c6b5b557f/serde_json-1.0.149/src/macros.rs	279	the trait bound `impl Future<Output = MeshData>: serde::Serialize` is not satisfied | for local types consider adding `#[derive(serde::Serialize)]` to your `impl Future<Output = MeshData>` type / for types from other crates check whether the crate offers a `serde` feature flag / the following other types implement trait `registry::_::_serde::Serialize`: &'a T &'a mut T () (T,) (T0, T1) (T0, T1, T2) (T0, T1, T2, T3) (T0, T1, T2, T3, T4) and 2478 others / required for `&impl Future<Output = MeshData>` to implement `registry::_::_serde::Serialize` / required by a bound in `serde_json::to_value` / the full name for the type has been written to '/Users/ueli/Documents/semio/.🧬semio/🦑️repo/🎫️tickets/🎆️26/🌙️08/☀️20/INTERACTIVE-JOB-RUNTIME-REFACTOR/PHASE-1-5-DE-ASYNC-REPAIR-SWEEP/🧪️target-r19-stdio/debug/deps/semio_s_plugin_stdio-1d1792480c328f6d.long-type-16092809711206502411.txt' / consider using `--verbose` to print the full type name to the console
E0308	✏️s/🔌️plugins/🗄️stdio/📦️packages/🦀️rust/././././././././../../🗿️artifacts/🌐️html/🏅️standards/🔖️5/🪆️subsets/✳️any/🧬️schema/🔺️diff/🦀️component.rs	651	mismatched types | expected enum `v5::subsets::any::schema::diff::component::HtmlNodeDiff` found struct `Pin<std::boxed::Box<v5::subsets::any::schema::diff::component::HtmlNodeDiff>>`
E0599	✏️s/🔌️plugins/🗄️stdio/📦️packages/🦀️rust/././../../🗿️artifacts/🧿️semio/🏅️standards/🔖️v1/🪆️subsets/✳️model/✏️editor/🦀️component.rs	88	no method named `icon_id` found for opaque type `impl Future<Output = EditorBuilder>` in the current scope | consider `await`ing on the `Future` and calling the method on its `Output`
E0308	✏️s/🔌️plugins/🗄️stdio/📦️packages/🦀️rust/././././././../../🗿️artifacts/🧿️semio/🏅️standards/🔖️v1/🪆️subsets/✳️model/✏️editor/🎭️modes/✏️edit/🪟️windows/🪟️main/🦀️component.rs	24	mismatched types | 
E0599	✏️s/🔌️plugins/🗄️stdio/📦️packages/🦀️rust/././../../🗿️artifacts/📐️step/🏅️standards/🔖️ap214/🪆️subsets/✳️cc5/👁️viewer/🦀️component.rs	84	no method named `icon_id` found for opaque type `impl Future<Output = ViewerBuilder>` in the current scope | consider `await`ing on the `Future` and calling the method on its `Output`
E0308	✏️s/🔌️plugins/🗄️stdio/📦️packages/🦀️rust/././././././../../🗿️artifacts/📐️step/🏅️standards/🔖️ap214/🪆️subsets/✳️cc5/👁️viewer/🎭️modes/👁️view/🪟️windows/🪟️main/🦀️component.rs	25	mismatched types | 
E0308	✏️s/🔌️plugins/🗄️stdio/📦️packages/🦀️rust/./././../../🗿️artifacts/🌦️epw/🏅️standards/🔖️energyplus/🪆️subsets/✳️any/📚️examples/🎬️demo/🦀️component.rs	15	mismatched types | 
E0277	/Users/ueli/.cargo/registry/src/index.crates.io-1949cf8c6b5b557f/serde_json-1.0.149/src/macros.rs	279	the trait bound `impl Future<Output = MeshData>: serde::Serialize` is not satisfied | for local types consider adding `#[derive(serde::Serialize)]` to your `impl Future<Output = MeshData>` type / for types from other crates check whether the crate offers a `serde` feature flag / the following other types implement trait `registry::_::_serde::Serialize`: &'a T &'a mut T () (T,) (T0, T1) (T0, T1, T2) (T0, T1, T2, T3) (T0, T1, T2, T3, T4) and 2478 others / required for `&impl Future<Output = MeshData>` to implement `registry::_::_serde::Serialize` / required by a bound in `serde_json::to_value` / the full name for the type has been written to '/Users/ueli/Documents/semio/.🧬semio/🦑️repo/🎫️tickets/🎆️26/🌙️08/☀️20/INTERACTIVE-JOB-RUNTIME-REFACTOR/PHASE-1-5-DE-ASYNC-REPAIR-SWEEP/🧪️target-r19-stdio/debug/deps/semio_s_plugin_stdio-1d1792480c328f6d.long-type-16092809711206502411.txt' / consider using `--verbose` to print the full type name to the console
E0308	✏️s/🔌️plugins/🗄️stdio/📦️packages/🦀️rust/././././././../../🗿️artifacts/📑️tsv/🏅️standards/🔖️iana/🪆️subsets/✳️any/🚪️io/🦀️component.rs	50	mismatched types | function defined here
E0599	✏️s/🔌️plugins/🗄️stdio/📦️packages/🦀️rust/././../../🗿️artifacts/💬️bcf/🏅️standards/🔖️2.1/🪆️subsets/✳️any/👁️viewer/🦀️component.rs	84	no method named `icon_id` found for opaque type `impl Future<Output = ViewerBuilder>` in the current scope | consider `await`ing on the `Future` and calling the method on its `Output`
E0308	✏️s/🔌️plugins/🗄️stdio/📦️packages/🦀️rust/././././././../../🗿️artifacts/💬️bcf/🏅️standards/🔖️2.1/🪆️subsets/✳️any/👁️viewer/🎭️modes/👁️view/🪟️windows/🪟️main/🦀️component.rs	21	mismatched types | 
E0599	✏️s/🔌️plugins/🗄️stdio/📦️packages/🦀️rust/././../../🗿️artifacts/📊️csv/🏅️standards/🔖️rfc4180/🪆️subsets/✳️any/👁️viewer/🦀️component.rs	79	no method named `icon_id` found for opaque type `impl Future<Output = ViewerBuilder>` in the current scope | consider `await`ing on the `Future` and calling the method on its `Output`
E0308	✏️s/🔌️plugins/🗄️stdio/📦️packages/🦀️rust/././././././../../🗿️artifacts/📊️csv/🏅️standards/🔖️rfc4180/🪆️subsets/✳️any/👁️viewer/🎭️modes/👁️view/🪟️windows/🪟️main/🦀️component.rs	19	mismatched types | 
E0277	/Users/ueli/.cargo/registry/src/index.crates.io-1949cf8c6b5b557f/serde_json-1.0.149/src/macros.rs	279	the trait bound `impl Future<Output = MeshData>: serde::Serialize` is not satisfied | for local types consider adding `#[derive(serde::Serialize)]` to your `impl Future<Output = MeshData>` type / for types from other crates check whether the crate offers a `serde` feature flag / the following other types implement trait `registry::_::_serde::Serialize`: &'a T &'a mut T () (T,) (T0, T1) (T0, T1, T2) (T0, T1, T2, T3) (T0, T1, T2, T3, T4) and 2478 others / required for `&impl Future<Output = MeshData>` to implement `registry::_::_serde::Serialize` / required by a bound in `serde_json::to_value` / the full name for the type has been written to '/Users/ueli/Documents/semio/.🧬semio/🦑️repo/🎫️tickets/🎆️26/🌙️08/☀️20/INTERACTIVE-JOB-RUNTIME-REFACTOR/PHASE-1-5-DE-ASYNC-REPAIR-SWEEP/🧪️target-r19-stdio/debug/deps/semio_s_plugin_stdio-1d1792480c328f6d.long-type-16092809711206502411.txt' / consider using `--verbose` to print the full type name to the console
E0599	✏️s/🔌️plugins/🗄️stdio/📦️packages/🦀️rust/././../../🗿️artifacts/📑️tsv/🏅️standards/🔖️iana/🪆️subsets/✳️any/👁️viewer/🦀️component.rs	76	no method named `icon_id` found for opaque type `impl Future<Output = ViewerBuilder>` in the current scope | consider `await`ing on the `Future` and calling the method on its `Output`
E0308	✏️s/🔌️plugins/🗄️stdio/📦️packages/🦀️rust/././././././../../🗿️artifacts/📑️tsv/🏅️standards/🔖️iana/🪆️subsets/✳️any/👁️viewer/🎭️modes/👁️view/🪟️windows/🪟️main/🦀️component.rs	18	mismatched types | 
E0599	✏️s/🔌️plugins/🗄️stdio/📦️packages/🦀️rust/././../../🗿️artifacts/📄txt/🏅️standards/🔖️utf-8/🪆️subsets/✳️any/👁️viewer/🦀️component.rs	76	no method named `icon_id` found for opaque type `impl Future<Output = ViewerBuilder>` in the current scope | consider `await`ing on the `Future` and calling the method on its `Output`
E0308	✏️s/🔌️plugins/🗄️stdio/📦️packages/🦀️rust/././././././../../🗿️artifacts/📄txt/🏅️standards/🔖️utf-8/🪆️subsets/✳️any/👁️viewer/🎭️modes/👁️view/🪟️windows/🪟️main/🦀️component.rs	18	mismatched types | 
E0599	✏️s/🔌️plugins/🗄️stdio/📦️packages/🦀️rust/././../../🗿️artifacts/🏗️ifc/🏅️standards/🔖️2x3/🪆️subsets/✳️cobie/✏️editor/🦀️component.rs	88	no method named `icon_id` found for opaque type `impl Future<Output = EditorBuilder>` in the current scope | consider `await`ing on the `Future` and calling the method on its `Output`
E0308	✏️s/🔌️plugins/🗄️stdio/📦️packages/🦀️rust/././././././../../🗿️artifacts/🏗️ifc/🏅️standards/🔖️2x3/🪆️subsets/✳️cobie/✏️editor/🎭️modes/✏️edit/🪟️windows/🪟️main/🦀️component.rs	24	mismatched types | 
E0599	✏️s/🔌️plugins/🗄️stdio/📦️packages/🦀️rust/././../../🗿️artifacts/🔣️json/🏅️standards/🔖️rfc8259/🪆️subsets/✳️any/👁️viewer/🦀️component.rs	76	no method named `icon_id` found for opaque type `impl Future<Output = ViewerBuilder>` in the current scope | consider `await`ing on the `Future` and calling the method on its `Output`
E0277	/Users/ueli/.cargo/registry/src/index.crates.io-1949cf8c6b5b557f/serde_json-1.0.149/src/macros.rs	279	the trait bound `impl Future<Output = MeshData>: serde::Serialize` is not satisfied | for local types consider adding `#[derive(serde::Serialize)]` to your `impl Future<Output = MeshData>` type / for types from other crates check whether the crate offers a `serde` feature flag / the following other types implement trait `registry::_::_serde::Serialize`: &'a T &'a mut T () (T,) (T0, T1) (T0, T1, T2) (T0, T1, T2, T3) (T0, T1, T2, T3, T4) and 2478 others / required for `&impl Future<Output = MeshData>` to implement `registry::_::_serde::Serialize` / required by a bound in `serde_json::to_value` / the full name for the type has been written to '/Users/ueli/Documents/semio/.🧬semio/🦑️repo/🎫️tickets/🎆️26/🌙️08/☀️20/INTERACTIVE-JOB-RUNTIME-REFACTOR/PHASE-1-5-DE-ASYNC-REPAIR-SWEEP/🧪️target-r19-stdio/debug/deps/semio_s_plugin_stdio-1d1792480c328f6d.long-type-16092809711206502411.txt' / consider using `--verbose` to print the full type name to the console
E0308	✏️s/🔌️plugins/🗄️stdio/📦️packages/🦀️rust/././././././../../🗿️artifacts/🔣️json/🏅️standards/🔖️rfc8259/🪆️subsets/✳️any/👁️viewer/🎭️modes/👁️view/🪟️windows/🪟️main/🦀️component.rs	20	mismatched types | 
E0599	✏️s/🔌️plugins/🗄️stdio/📦️packages/🦀️rust/././../../🗿️artifacts/🧿️semio/🏅️standards/🔖️v1/🪆️subsets/✳️kit/👁️viewer/🦀️component.rs	84	no method named `icon_id` found for opaque type `impl Future<Output = ViewerBuilder>` in the current scope | consider `await`ing on the `Future` and calling the method on its `Output`
E0308	✏️s/🔌️plugins/🗄️stdio/📦️packages/🦀️rust/././././././../../🗿️artifacts/🧿️semio/🏅️standards/🔖️v1/🪆️subsets/✳️kit/👁️viewer/🎭️modes/👁️view/🪟️windows/🪟️main/🦀️component.rs	25	mismatched types | 
E0599	✏️s/🔌️plugins/🗄️stdio/📦️packages/🦀️rust/././../../🗿️artifacts/🔣️json/🏅️standards/🔖️rfc8259/🪆️subsets/✳️i-json/👁️viewer/🦀️component.rs	76	no method named `icon_id` found for opaque type `impl Future<Output = ViewerBuilder>` in the current scope | consider `await`ing on the `Future` and calling the method on its `Output`
E0308	✏️s/🔌️plugins/🗄️stdio/📦️packages/🦀️rust/././././././../../🗿️artifacts/🔣️json/🏅️standards/🔖️rfc8259/🪆️subsets/✳️i-json/👁️viewer/🎭️modes/👁️view/🪟️windows/🪟️main/🦀️component.rs	20	mismatched types | 
E0599	✏️s/🔌️plugins/🗄️stdio/📦️packages/🦀️rust/././../../🗿️artifacts/📰xml/🏅️standards/🔖️1.0/🪆️subsets/✳️any/👁️viewer/🦀️component.rs	76	no method named `icon_id` found for opaque type `impl Future<Output = ViewerBuilder>` in the current scope | consider `await`ing on the `Future` and calling the method on its `Output`
E0308	✏️s/🔌️plugins/🗄️stdio/📦️packages/🦀️rust/././././././../../🗿️artifacts/📰xml/🏅️standards/🔖️1.0/🪆️subsets/✳️any/👁️viewer/🎭️modes/👁️view/🪟️windows/🪟️main/🦀️component.rs	19	mismatched types | 
E0308	✏️s/🔌️plugins/🗄️stdio/📦️packages/🦀️rust/./././../../🗿️artifacts/📑️tsv/🏅️standards/🔖️iana/🪆️subsets/✳️any/📚️examples/🎬️demo/🦀️component.rs	15	mismatched types | 
E0308	✏️s/🔌️plugins/🗄️stdio/📦️packages/🦀️rust/././././././../../🗿️artifacts/🌐️html/🏅️standards/🔖️5/🪆️subsets/✳️any/🚪️io/🦀️component.rs	50	mismatched types | function defined here
E0599	✏️s/🔌️plugins/🗄️stdio/📦️packages/🦀️rust/././../../🗿️artifacts/📰xml/🏅️standards/🔖️1.0/🪆️subsets/✳️valid/👁️viewer/🦀️component.rs	76	no method named `icon_id` found for opaque type `impl Future<Output = ViewerBuilder>` in the current scope | consider `await`ing on the `Future` and calling the method on its `Output`
E0308	✏️s/🔌️plugins/🗄️stdio/📦️packages/🦀️rust/././././././../../🗿️artifacts/📰xml/🏅️standards/🔖️1.0/🪆️subsets/✳️valid/👁️viewer/🎭️modes/👁️view/🪟️windows/🪟️main/🦀️component.rs	19	mismatched types | 
E0277	✏️s/🔌️plugins/🗄️stdio/📦️packages/🦀️rust/././././././././../../🗿️artifacts/☁️las/🏅️standards/🔖️1.0/🪆️subsets/✳️any/🧬️schema/🔺️diff/🦀️component.rs	1947	`Result<u64, PackError>` is not a future | the trait `Future` is not implemented for `Result<u64, PackError>` / required by a bound in `semio_framework_plugin::resolve_ready`
E0277	✏️s/🔌️plugins/🗄️stdio/📦️packages/🦀️rust/././../../🗿️artifacts/📄️pdf/🏅️standards/🔖️1.4/🪆️subsets/✳️a/👁️viewer/🦀️component.rs	84	`ViewerBuilder` is not a future | the trait `Future` is not implemented for `ViewerBuilder` / required by a bound in `semio_framework_plugin::resolve_ready`
E0277	✏️s/🔌️plugins/🗄️stdio/📦️packages/🦀️rust/././../../🗿️artifacts/📄️pdf/🏅️standards/🔖️1.4/🪆️subsets/✳️a/👁️viewer/🦀️component.rs	84	`ViewerBuilder` is not a future | the trait `Future` is not implemented for `ViewerBuilder`
E0277	✏️s/🔌️plugins/🗄️stdio/📦️packages/🦀️rust/././././././././../../🗿️artifacts/☁️las/🏅️standards/🔖️1.0/🪆️subsets/✳️any/🧬️schema/🔺️diff/🦀️component.rs	1951	`Result<u64, PackError>` is not a future | the trait `Future` is not implemented for `Result<u64, PackError>` / required by a bound in `semio_framework_plugin::resolve_ready`
E0277	✏️s/🔌️plugins/🗄️stdio/📦️packages/🦀️rust/././../../🗿️artifacts/📄️pdf/🏅️standards/🔖️1.4/🪆️subsets/✳️any/👁️viewer/🦀️component.rs	84	`ViewerBuilder` is not a future | the trait `Future` is not implemented for `ViewerBuilder` / required by a bound in `semio_framework_plugin::resolve_ready`
E0277	✏️s/🔌️plugins/🗄️stdio/📦️packages/🦀️rust/././../../🗿️artifacts/📄️pdf/🏅️standards/🔖️1.4/🪆️subsets/✳️any/👁️viewer/🦀️component.rs	84	`ViewerBuilder` is not a future | the trait `Future` is not implemented for `ViewerBuilder`
E0277	✏️s/🔌️plugins/🗄️stdio/📦️packages/🦀️rust/././././././././../../🗿️artifacts/☁️las/🏅️standards/🔖️1.0/🪆️subsets/✳️any/🧬️schema/🔺️diff/🦀️component.rs	1959	`Result<u64, PackError>` is not a future | the trait `Future` is not implemented for `Result<u64, PackError>` / required by a bound in `semio_framework_plugin::resolve_ready`
E0277	✏️s/🔌️plugins/🗄️stdio/📦️packages/🦀️rust/././././././././../../🗿️artifacts/☁️las/🏅️standards/🔖️1.0/🪆️subsets/✳️any/🧬️schema/🔺️diff/🦀️component.rs	1947	`Result<u64, PackError>` is not a future | the trait `Future` is not implemented for `Result<u64, PackError>`
E0277	✏️s/🔌️plugins/🗄️stdio/📦️packages/🦀️rust/././../../🗿️artifacts/📄️pdf/🏅️standards/🔖️1.4/🪆️subsets/✳️x/👁️viewer/🦀️component.rs	84	`ViewerBuilder` is not a future | the trait `Future` is not implemented for `ViewerBuilder` / required by a bound in `semio_framework_plugin::resolve_ready`
E0277	✏️s/🔌️plugins/🗄️stdio/📦️packages/🦀️rust/././../../🗿️artifacts/📄️pdf/🏅️standards/🔖️1.4/🪆️subsets/✳️x/👁️viewer/🦀️component.rs	84	`ViewerBuilder` is not a future | the trait `Future` is not implemented for `ViewerBuilder`
E0277	✏️s/🔌️plugins/🗄️stdio/📦️packages/🦀️rust/././././././././../../🗿️artifacts/☁️las/🏅️standards/🔖️1.0/🪆️subsets/✳️any/🧬️schema/🔺️diff/🦀️component.rs	1987	`Result<u64, PackError>` is not a future | the trait `Future` is not implemented for `Result<u64, PackError>` / required by a bound in `semio_framework_plugin::resolve_ready`
E0277	✏️s/🔌️plugins/🗄️stdio/📦️packages/🦀️rust/././../../🗿️artifacts/📄️pdf/🏅️standards/🔖️1.7/🪆️subsets/✳️a/👁️viewer/🦀️component.rs	84	`ViewerBuilder` is not a future | the trait `Future` is not implemented for `ViewerBuilder` / required by a bound in `semio_framework_plugin::resolve_ready`
E0277	✏️s/🔌️plugins/🗄️stdio/📦️packages/🦀️rust/././../../🗿️artifacts/📄️pdf/🏅️standards/🔖️1.7/🪆️subsets/✳️a/👁️viewer/🦀️component.rs	84	`ViewerBuilder` is not a future | the trait `Future` is not implemented for `ViewerBuilder`
E0277	✏️s/🔌️plugins/🗄️stdio/📦️packages/🦀️rust/././../../🗿️artifacts/📄️pdf/🏅️standards/🔖️1.7/🪆️subsets/✳️any/👁️viewer/🦀️component.rs	84	`ViewerBuilder` is not a future | the trait `Future` is not implemented for `ViewerBuilder` / required by a bound in `semio_framework_plugin::resolve_ready`
E0277	✏️s/🔌️plugins/🗄️stdio/📦️packages/🦀️rust/././../../🗿️artifacts/📄️pdf/🏅️standards/🔖️1.7/🪆️subsets/✳️any/👁️viewer/🦀️component.rs	84	`ViewerBuilder` is not a future | the trait `Future` is not implemented for `ViewerBuilder`
E0277	✏️s/🔌️plugins/🗄️stdio/📦️packages/🦀️rust/././././././././../../🗿️artifacts/☁️las/🏅️standards/🔖️1.0/🪆️subsets/✳️any/🧬️schema/🔺️diff/🦀️component.rs	1991	`Result<u64, PackError>` is not a future | the trait `Future` is not implemented for `Result<u64, PackError>` / required by a bound in `semio_framework_plugin::resolve_ready`
E0277	✏️s/🔌️plugins/🗄️stdio/📦️packages/🦀️rust/././././././././../../🗿️artifacts/☁️las/🏅️standards/🔖️1.0/🪆️subsets/✳️any/🧬️schema/🔺️diff/🦀️component.rs	1999	`Result<u64, PackError>` is not a future | the trait `Future` is not implemented for `Result<u64, PackError>` / required by a bound in `semio_framework_plugin::resolve_ready`
E0277	✏️s/🔌️plugins/🗄️stdio/📦️packages/🦀️rust/././../../🗿️artifacts/📄️pdf/🏅️standards/🔖️1.7/🪆️subsets/✳️e/👁️viewer/🦀️component.rs	84	`ViewerBuilder` is not a future | the trait `Future` is not implemented for `ViewerBuilder` / required by a bound in `semio_framework_plugin::resolve_ready`
E0277	✏️s/🔌️plugins/🗄️stdio/📦️packages/🦀️rust/././../../🗿️artifacts/📄️pdf/🏅️standards/🔖️1.7/🪆️subsets/✳️e/👁️viewer/🦀️component.rs	84	`ViewerBuilder` is not a future | the trait `Future` is not implemented for `ViewerBuilder`
E0277	✏️s/🔌️plugins/🗄️stdio/📦️packages/🦀️rust/././././././././../../🗿️artifacts/☁️las/🏅️standards/🔖️1.0/🪆️subsets/✳️any/🧬️schema/🔺️diff/🦀️component.rs	1987	`Result<u64, PackError>` is not a future | the trait `Future` is not implemented for `Result<u64, PackError>`
E0599	✏️s/🔌️plugins/🗄️stdio/📦️packages/🦀️rust/././././././././../../🗿️artifacts/☁️las/🏅️standards/🔖️1.0/🪆️subsets/✳️any/🧬️schema/🔺️diff/🦀️component.rs	2318	no method named `map_err` found for opaque type `impl Future<Output = Result<LasDiff, String>>` in the current scope | the full name for the type has been written to '/Users/ueli/Documents/semio/.🧬semio/🦑️repo/🎫️tickets/🎆️26/🌙️08/☀️20/INTERACTIVE-JOB-RUNTIME-REFACTOR/PHASE-1-5-DE-ASYNC-REPAIR-SWEEP/🧪️target-r19-stdio/debug/deps/semio_s_plugin_stdio-1d1792480c328f6d.long-type-7024188750850331619.txt' / consider using `--verbose` to print the full type name to the console / consider `await`ing on the `Future` and calling the method on its `Output`
E0308	✏️s/🔌️plugins/🗄️stdio/📦️packages/🦀️rust/./././../../🗿️artifacts/🎵️mp3/🏅️standards/🔖️mpeg1-layer3/🪆️subsets/✳️any/📚️examples/🎬️demo/🦀️component.rs	15	mismatched types | 
E0308	✏️s/🔌️plugins/🗄️stdio/📦️packages/🦀️rust/././././././../../🗿️artifacts/🔊️wav/🏅️standards/🔖️riff-pcm/🪆️subsets/✳️any/🚪️io/🦀️component.rs	50	mismatched types | function defined here
E0277	/Users/ueli/.cargo/registry/src/index.crates.io-1949cf8c6b5b557f/serde_json-1.0.149/src/macros.rs	279	the trait bound `impl Future<Output = MeshData>: serde::Serialize` is not satisfied | for local types consider adding `#[derive(serde::Serialize)]` to your `impl Future<Output = MeshData>` type / for types from other crates check whether the crate offers a `serde` feature flag / the following other types implement trait `registry::_::_serde::Serialize`: &'a T &'a mut T () (T,) (T0, T1) (T0, T1, T2) (T0, T1, T2, T3) (T0, T1, T2, T3, T4) and 2478 others / required for `&impl Future<Output = MeshData>` to implement `registry::_::_serde::Serialize` / required by a bound in `serde_json::to_value` / the full name for the type has been written to '/Users/ueli/Documents/semio/.🧬semio/🦑️repo/🎫️tickets/🎆️26/🌙️08/☀️20/INTERACTIVE-JOB-RUNTIME-REFACTOR/PHASE-1-5-DE-ASYNC-REPAIR-SWEEP/🧪️target-r19-stdio/debug/deps/semio_s_plugin_stdio-1d1792480c328f6d.long-type-16092809711206502411.txt' / consider using `--verbose` to print the full type name to the console
E0277	/Users/ueli/.cargo/registry/src/index.crates.io-1949cf8c6b5b557f/serde_json-1.0.149/src/macros.rs	279	the trait bound `impl Future<Output = MeshData>: serde::Serialize` is not satisfied | for local types consider adding `#[derive(serde::Serialize)]` to your `impl Future<Output = MeshData>` type / for types from other crates check whether the crate offers a `serde` feature flag / the following other types implement trait `registry::_::_serde::Serialize`: &'a T &'a mut T () (T,) (T0, T1) (T0, T1, T2) (T0, T1, T2, T3) (T0, T1, T2, T3, T4) and 2478 others / required for `&impl Future<Output = MeshData>` to implement `registry::_::_serde::Serialize` / required by a bound in `serde_json::to_value` / the full name for the type has been written to '/Users/ueli/Documents/semio/.🧬semio/🦑️repo/🎫️tickets/🎆️26/🌙️08/☀️20/INTERACTIVE-JOB-RUNTIME-REFACTOR/PHASE-1-5-DE-ASYNC-REPAIR-SWEEP/🧪️target-r19-stdio/debug/deps/semio_s_plugin_stdio-1d1792480c328f6d.long-type-16092809711206502411.txt' / consider using `--verbose` to print the full type name to the console
E0277	/Users/ueli/.cargo/registry/src/index.crates.io-1949cf8c6b5b557f/serde_json-1.0.149/src/macros.rs	279	the trait bound `impl Future<Output = MeshData>: serde::Serialize` is not satisfied | for local types consider adding `#[derive(serde::Serialize)]` to your `impl Future<Output = MeshData>` type / for types from other crates check whether the crate offers a `serde` feature flag / the following other types implement trait `registry::_::_serde::Serialize`: &'a T &'a mut T () (T,) (T0, T1) (T0, T1, T2) (T0, T1, T2, T3) (T0, T1, T2, T3, T4) and 2478 others / required for `&impl Future<Output = MeshData>` to implement `registry::_::_serde::Serialize` / required by a bound in `serde_json::to_value` / the full name for the type has been written to '/Users/ueli/Documents/semio/.🧬semio/🦑️repo/🎫️tickets/🎆️26/🌙️08/☀️20/INTERACTIVE-JOB-RUNTIME-REFACTOR/PHASE-1-5-DE-ASYNC-REPAIR-SWEEP/🧪️target-r19-stdio/debug/deps/semio_s_plugin_stdio-1d1792480c328f6d.long-type-16092809711206502411.txt' / consider using `--verbose` to print the full type name to the console
E0599	✏️s/🔌️plugins/🗄️stdio/📦️packages/🦀️rust/././../../🗿️artifacts/📐️step/🏅️standards/🔖️ap214/🪆️subsets/✳️cc6/👁️viewer/🦀️component.rs	84	no method named `icon_id` found for opaque type `impl Future<Output = ViewerBuilder>` in the current scope | consider `await`ing on the `Future` and calling the method on its `Output`
E0308	✏️s/🔌️plugins/🗄️stdio/📦️packages/🦀️rust/././././././../../🗿️artifacts/📐️step/🏅️standards/🔖️ap214/🪆️subsets/✳️cc6/👁️viewer/🎭️modes/👁️view/🪟️windows/🪟️main/🦀️component.rs	25	mismatched types | 
E0599	✏️s/🔌️plugins/🗄️stdio/📦️packages/🦀️rust/././../../🗿️artifacts/🧿️semio/🏅️standards/🔖️v1/🪆️subsets/✳️cad/✏️editor/🦀️component.rs	88	no method named `icon_id` found for opaque type `impl Future<Output = EditorBuilder>` in the current scope | consider `await`ing on the `Future` and calling the method on its `Output`
E0277	✏️s/🔌️plugins/🗄️stdio/📦️packages/🦀️rust/././././././././../../🗿️artifacts/☁️las/🏅️standards/🔖️1.0/🪆️subsets/✳️any/🧬️schema/🧬️mutations/🦀️component.rs	291	`impl Future<Output = std::string::String>` doesn't implement `std::fmt::Display` | the trait `std::fmt::Display` is not implemented for `impl Future<Output = std::string::String>` / in format strings you may be able to use `{:?}` (or {:#?} for pretty-print) instead
E0308	✏️s/🔌️plugins/🗄️stdio/📦️packages/🦀️rust/././././././../../🗿️artifacts/🧿️semio/🏅️standards/🔖️v1/🪆️subsets/✳️cad/✏️editor/🎭️modes/✏️edit/🪟️windows/🪟️main/🦀️component.rs	24	mismatched types | 
E0277	✏️s/🔌️plugins/🗄️stdio/📦️packages/🦀️rust/././././././././../../🗿️artifacts/☁️las/🏅️standards/🔖️1.0/🪆️subsets/✳️any/🧬️schema/🧬️mutations/🦀️component.rs	296	`impl Future<Output = std::string::String>` doesn't implement `std::fmt::Display` | the trait `std::fmt::Display` is not implemented for `impl Future<Output = std::string::String>` / in format strings you may be able to use `{:?}` (or {:#?} for pretty-print) instead
E0277	✏️s/🔌️plugins/🗄️stdio/📦️packages/🦀️rust/././././././././../../🗿️artifacts/☁️las/🏅️standards/🔖️1.0/🪆️subsets/✳️any/🧬️schema/🧬️mutations/🦀️component.rs	297	`impl Future<Output = std::string::String>` doesn't implement `std::fmt::Display` | the trait `std::fmt::Display` is not implemented for `impl Future<Output = std::string::String>` / in format strings you may be able to use `{:?}` (or {:#?} for pretty-print) instead
E0599	✏️s/🔌️plugins/🗄️stdio/📦️packages/🦀️rust/././../../🗿️artifacts/🧿️semio/🏅️standards/🔖️v1/🪆️subsets/✳️object/✏️editor/🦀️component.rs	88	no method named `icon_id` found for opaque type `impl Future<Output = EditorBuilder>` in the current scope | consider `await`ing on the `Future` and calling the method on its `Output`
E0308	✏️s/🔌️plugins/🗄️stdio/📦️packages/🦀️rust/././././././../../🗿️artifacts/🧿️semio/🏅️standards/🔖️v1/🪆️subsets/✳️object/✏️editor/🎭️modes/✏️edit/🪟️windows/🪟️main/🦀️component.rs	24	mismatched types | 
E0599	✏️s/🔌️plugins/🗄️stdio/📦️packages/🦀️rust/././././././././../../🗿️artifacts/☁️las/🏅️standards/🔖️1.0/🪆️subsets/✳️any/🧬️schema/🧬️mutations/🦀️component.rs	338	no method named `map_err` found for opaque type `impl Future<Output = Result<LasMutation, String>>` in the current scope | the full name for the type has been written to '/Users/ueli/Documents/semio/.🧬semio/🦑️repo/🎫️tickets/🎆️26/🌙️08/☀️20/INTERACTIVE-JOB-RUNTIME-REFACTOR/PHASE-1-5-DE-ASYNC-REPAIR-SWEEP/🧪️target-r19-stdio/debug/deps/semio_s_plugin_stdio-1d1792480c328f6d.long-type-605552504761112889.txt' / consider using `--verbose` to print the full type name to the console / consider `await`ing on the `Future` and calling the method on its `Output`
E0599	✏️s/🔌️plugins/🗄️stdio/📦️packages/🦀️rust/././././././././../../🗿️artifacts/☁️las/🏅️standards/🔖️1.0/🪆️subsets/✳️any/🧬️schema/🧬️mutations/🦀️component.rs	515	no method named `map_err` found for opaque type `impl Future<Output = Result<LasMutation, String>>` in the current scope | the full name for the type has been written to '/Users/ueli/Documents/semio/.🧬semio/🦑️repo/🎫️tickets/🎆️26/🌙️08/☀️20/INTERACTIVE-JOB-RUNTIME-REFACTOR/PHASE-1-5-DE-ASYNC-REPAIR-SWEEP/🧪️target-r19-stdio/debug/deps/semio_s_plugin_stdio-1d1792480c328f6d.long-type-8100027661102862482.txt' / consider using `--verbose` to print the full type name to the console / consider `await`ing on the `Future` and calling the method on its `Output`
E0277	/Users/ueli/.cargo/registry/src/index.crates.io-1949cf8c6b5b557f/serde_json-1.0.149/src/macros.rs	279	the trait bound `impl Future<Output = MeshData>: serde::Serialize` is not satisfied | for local types consider adding `#[derive(serde::Serialize)]` to your `impl Future<Output = MeshData>` type / for types from other crates check whether the crate offers a `serde` feature flag / the following other types implement trait `registry::_::_serde::Serialize`: &'a T &'a mut T () (T,) (T0, T1) (T0, T1, T2) (T0, T1, T2, T3) (T0, T1, T2, T3, T4) and 2478 others / required for `&impl Future<Output = MeshData>` to implement `registry::_::_serde::Serialize` / required by a bound in `serde_json::to_value` / the full name for the type has been written to '/Users/ueli/Documents/semio/.🧬semio/🦑️repo/🎫️tickets/🎆️26/🌙️08/☀️20/INTERACTIVE-JOB-RUNTIME-REFACTOR/PHASE-1-5-DE-ASYNC-REPAIR-SWEEP/🧪️target-r19-stdio/debug/deps/semio_s_plugin_stdio-1d1792480c328f6d.long-type-16092809711206502411.txt' / consider using `--verbose` to print the full type name to the console
E0308	✏️s/🔌️plugins/🗄️stdio/📦️packages/🦀️rust/././././../../🗿️artifacts/☁️las/🏅️standards/🔖️1.0/🪆️subsets/✳️any/📚️examples/🎬️demo/🦀️component.rs	14	mismatched types | 
E0308	✏️s/🔌️plugins/🗄️stdio/📦️packages/🦀️rust/./././../../🗿️artifacts/🔊️wav/🏅️standards/🔖️riff-pcm/🪆️subsets/✳️any/📚️examples/🎬️demo/🦀️component.rs	15	mismatched types | 
E0308	✏️s/🔌️plugins/🗄️stdio/📦️packages/🦀️rust/././././././../../🗿️artifacts/🌦️epw/🏅️standards/🔖️energyplus/🪆️subsets/✳️any/🚪️io/🦀️component.rs	53	mismatched types | function defined here
E0599	✏️s/🔌️plugins/🗄️stdio/📦️packages/🦀️rust/././../../🗿️artifacts/🏗️ifc/🏅️standards/🔖️2x3/🪆️subsets/✳️cv20/✏️editor/🦀️component.rs	88	no method named `icon_id` found for opaque type `impl Future<Output = EditorBuilder>` in the current scope | consider `await`ing on the `Future` and calling the method on its `Output`
E0599	✏️s/🔌️plugins/🗄️stdio/📦️packages/🦀️rust/././../../🗿️artifacts/🧊️gltf/🦀️component.rs	50	no method named `schema` found for opaque type `impl Future<Output = ArtifactDeclarationBuilder<NeedsSchema>>` in the current scope | consider `await`ing on the `Future` and calling the method on its `Output`
E0308	✏️s/🔌️plugins/🗄️stdio/📦️packages/🦀️rust/././././././../../🗿️artifacts/🏗️ifc/🏅️standards/🔖️2x3/🪆️subsets/✳️cv20/✏️editor/🎭️modes/✏️edit/🪟️windows/🪟️main/🦀️component.rs	24	mismatched types | 
E0609	✏️s/🔌️plugins/🗄️stdio/📦️packages/🦀️rust/././../../🗿️artifacts/🧊️gltf/🦀️component.rs	158	no field `geometry` on type `impl Future<Output = <GltfBuilder as ArtifactInferrer>::Inference>` | the full name for the type has been written to '/Users/ueli/Documents/semio/.🧬semio/🦑️repo/🎫️tickets/🎆️26/🌙️08/☀️20/INTERACTIVE-JOB-RUNTIME-REFACTOR/PHASE-1-5-DE-ASYNC-REPAIR-SWEEP/🧪️target-r19-stdio/debug/deps/semio_s_plugin_stdio-1d1792480c328f6d.long-type-13852464727659707988.txt' / consider using `--verbose` to print the full type name to the console
E0277	/Users/ueli/.cargo/registry/src/index.crates.io-1949cf8c6b5b557f/serde_json-1.0.149/src/macros.rs	279	the trait bound `impl Future<Output = MeshData>: serde::Serialize` is not satisfied | for local types consider adding `#[derive(serde::Serialize)]` to your `impl Future<Output = MeshData>` type / for types from other crates check whether the crate offers a `serde` feature flag / the following other types implement trait `registry::_::_serde::Serialize`: &'a T &'a mut T () (T,) (T0, T1) (T0, T1, T2) (T0, T1, T2, T3) (T0, T1, T2, T3, T4) and 2478 others / required for `&impl Future<Output = MeshData>` to implement `registry::_::_serde::Serialize` / required by a bound in `serde_json::to_value` / the full name for the type has been written to '/Users/ueli/Documents/semio/.🧬semio/🦑️repo/🎫️tickets/🎆️26/🌙️08/☀️20/INTERACTIVE-JOB-RUNTIME-REFACTOR/PHASE-1-5-DE-ASYNC-REPAIR-SWEEP/🧪️target-r19-stdio/debug/deps/semio_s_plugin_stdio-1d1792480c328f6d.long-type-16092809711206502411.txt' / consider using `--verbose` to print the full type name to the console
E0599	✏️s/🔌️plugins/🗄️stdio/📦️packages/🦀️rust/././../../🗿️artifacts/🧿️semio/🏅️standards/🔖️v1/🪆️subsets/✳️mesh/👁️viewer/🦀️component.rs	84	no method named `icon_id` found for opaque type `impl Future<Output = ViewerBuilder>` in the current scope | consider `await`ing on the `Future` and calling the method on its `Output`
E0308	✏️s/🔌️plugins/🗄️stdio/📦️packages/🦀️rust/././././././../../🗿️artifacts/🧿️semio/🏅️standards/🔖️v1/🪆️subsets/✳️mesh/👁️viewer/🎭️modes/👁️view/🪟️windows/🪟️main/🦀️component.rs	25	mismatched types | 
E0308	✏️s/🔌️plugins/🗄️stdio/📦️packages/🦀️rust/./././../../🗿️artifacts/📼️avi/🏅️standards/🔖️1.0/🪆️subsets/✳️any/📚️examples/🎬️demo/🦀️component.rs	15	mismatched types | 
E0271	✏️s/🔌️plugins/🗄️stdio/📦️packages/🦀️rust/././././././././../../🗿️artifacts/🎥️mp4/🏅️standards/🔖️isobmff/🪆️subsets/✳️any/🧬️schema/🔺️diff/🦀️component.rs	460	expected `validate_track_diff` to return `Result<(), MutationApplyError>`, but it returns `impl Future<Output = Result<(), MutationApplyError>>` | required by a bound in `isobmff::subsets::any::schema::diff::component::validate_indexed`
E0271	✏️s/🔌️plugins/🗄️stdio/📦️packages/🦀️rust/././././././././../../🗿️artifacts/🎥️mp4/🏅️standards/🔖️isobmff/🪆️subsets/✳️any/🧬️schema/🔺️diff/🦀️component.rs	466	expected `apply_track_diff` to return `Mp4Track`, but it returns `impl Future<Output = Mp4Track>` | required by a bound in `isobmff::subsets::any::schema::diff::component::apply_indexed`
E0271	✏️s/🔌️plugins/🗄️stdio/📦️packages/🦀️rust/././././././././../../🗿️artifacts/🎥️mp4/🏅️standards/🔖️isobmff/🪆️subsets/✳️any/🧬️schema/🔺️diff/🦀️component.rs	478	expected `absorb_track_diff` to return `()`, but it returns `impl Future<Output = ()>` | required by a bound in `isobmff::subsets::any::schema::diff::component::absorb_indexed`
E0271	✏️s/🔌️plugins/🗄️stdio/📦️packages/🦀️rust/././././././././../../🗿️artifacts/🎥️mp4/🏅️standards/🔖️isobmff/🪆️subsets/✳️any/🧬️schema/🔺️diff/🦀️component.rs	478	expected `apply_track_diff_mut` to return `()`, but it returns `impl Future<Output = ()>` | required by a bound in `isobmff::subsets::any::schema::diff::component::absorb_indexed`
E0271	✏️s/🔌️plugins/🗄️stdio/📦️packages/🦀️rust/././././././././../../🗿️artifacts/🎥️mp4/🏅️standards/🔖️isobmff/🪆️subsets/✳️any/🧬️schema/🔺️diff/🦀️component.rs	478	expected `absorb_track_diff` to return `()`, but it returns `impl Future<Output = ()>` | required by a bound in `isobmff::subsets::any::schema::diff::component::absorb_indexed`
E0271	✏️s/🔌️plugins/🗄️stdio/📦️packages/🦀️rust/././././././././../../🗿️artifacts/🎥️mp4/🏅️standards/🔖️isobmff/🪆️subsets/✳️any/🧬️schema/🔺️diff/🦀️component.rs	478	expected `apply_track_diff_mut` to return `()`, but it returns `impl Future<Output = ()>` | required by a bound in `isobmff::subsets::any::schema::diff::component::absorb_indexed`
E0308	✏️s/🔌️plugins/🗄️stdio/📦️packages/🦀️rust/././././././././../../🗿️artifacts/🎥️mp4/🏅️standards/🔖️isobmff/🪆️subsets/✳️any/🧬️schema/🔺️diff/🦀️component.rs	479	`match` arms have incompatible types | expected opaque type `impl Future<Output = ()>` found unit type `()`
E0631	✏️s/🔌️plugins/🗄️stdio/📦️packages/🦀️rust/././././././././../../🗿️artifacts/🎥️mp4/🏅️standards/🔖️isobmff/🪆️subsets/✳️any/🧬️schema/🔺️diff/🦀️component.rs	494	type mismatch in function arguments | expected function signature `for<'a> fn(&'a impl Future<Output = isobmff::subsets::any::schema::diff::component::Mp4TrackDiff>) -> _` found function signature `fn(&isobmff::subsets::any::schema::diff::component::Mp4TrackDiff) -> _` / required by a bound in `isobmff::subsets::any::schema::diff::component::between_indexed` / consider wrapping the function in a closure
E0631	✏️s/🔌️plugins/🗄️stdio/📦️packages/🦀️rust/././././././././../../🗿️artifacts/🎥️mp4/🏅️standards/🔖️isobmff/🪆️subsets/✳️any/🧬️schema/🔺️diff/🦀️component.rs	494	type mismatch in function arguments | expected function signature `for<'a> fn(&'a impl Future<Output = isobmff::subsets::any::schema::diff::component::Mp4TrackDiff>) -> _` found function signature `fn(&isobmff::subsets::any::schema::diff::component::Mp4TrackDiff) -> _` / required by a bound in `isobmff::subsets::any::schema::diff::component::between_indexed`
E0599	✏️s/🔌️plugins/🗄️stdio/📦️packages/🦀️rust/././../../🗿️artifacts/🎵️mp3/🦀️component.rs	67	no method named `schema` found for opaque type `impl Future<Output = ArtifactDeclarationBuilder<NeedsSchema>>` in the current scope | consider `await`ing on the `Future` and calling the method on its `Output`
E0308	✏️s/🔌️plugins/🗄️stdio/📦️packages/🦀️rust/././././././../../🗿️artifacts/🎵️mp3/🏅️standards/🔖️mpeg1-layer3/🪆️subsets/✳️any/🚪️io/🦀️component.rs	49	mismatched types | function defined here
E0599	✏️s/🔌️plugins/🗄️stdio/📦️packages/🦀️rust/././././././././../../🗿️artifacts/🎥️mp4/🏅️standards/🔖️isobmff/🪆️subsets/✳️any/🧬️schema/🔺️diff/🦀️component.rs	495	no method named `is_empty` found for opaque type `impl Future<Output = IndexedDiff<Mp4Track, impl Future<Output = ...>>>` in the current scope | the full name for the type has been written to '/Users/ueli/Documents/semio/.🧬semio/🦑️repo/🎫️tickets/🎆️26/🌙️08/☀️20/INTERACTIVE-JOB-RUNTIME-REFACTOR/PHASE-1-5-DE-ASYNC-REPAIR-SWEEP/🧪️target-r19-stdio/debug/deps/semio_s_plugin_stdio-1d1792480c328f6d.long-type-10917122667857692323.txt' / consider using `--verbose` to print the full type name to the console / consider `await`ing on the `Future` and calling the method on its `Output`
E0271	✏️s/🔌️plugins/🗄️stdio/📦️packages/🦀️rust/././././././././../../🗿️artifacts/🎥️mp4/🏅️standards/🔖️isobmff/🪆️subsets/✳️any/🧬️schema/🔺️diff/🦀️component.rs	510	expected `apply_track_diff` to return `Mp4Track`, but it returns `impl Future<Output = Mp4Track>` | required by a bound in `isobmff::subsets::any::schema::diff::component::apply_indexed`
E0308	✏️s/🔌️plugins/🗄️stdio/📦️packages/🦀️rust/././././././././../../🗿️artifacts/🎥️mp4/🏅️standards/🔖️isobmff/🪆️subsets/✳️any/🧬️schema/🧬️mutations/🦀️component.rs	80	`match` arms have incompatible types | 
E0308	✏️s/🔌️plugins/🗄️stdio/📦️packages/🦀️rust/././././././././../../🗿️artifacts/🎥️mp4/🏅️standards/🔖️isobmff/🪆️subsets/✳️any/🧬️schema/🧬️mutations/🦀️component.rs	84	mismatched types | 
E0308	✏️s/🔌️plugins/🗄️stdio/📦️packages/🦀️rust/././././././././../../🗿️artifacts/🎥️mp4/🏅️standards/🔖️isobmff/🪆️subsets/✳️any/🧬️schema/🧬️mutations/🦀️component.rs	88	mismatched types | 
E0308	✏️s/🔌️plugins/🗄️stdio/📦️packages/🦀️rust/././././././././../../🗿️artifacts/🎥️mp4/🏅️standards/🔖️isobmff/🪆️subsets/✳️any/🧬️schema/🧬️mutations/🦀️component.rs	91	mismatched types | 
E0308	✏️s/🔌️plugins/🗄️stdio/📦️packages/🦀️rust/./././././././././../../🗿️artifacts/🎥️mp4/🏅️standards/🔖️isobmff/🪆️subsets/✳️any/🧬️schema/🧬️mutations/📄set-snapshot/🔺️diff/🦀️component.rs	10	mismatched types | associated function defined here
E0308	✏️s/🔌️plugins/🗄️stdio/📦️packages/🦀️rust/./././../../🗿️artifacts/🎥️mp4/🏅️standards/🔖️isobmff/🪆️subsets/✳️any/📚️examples/🎬️demo/🦀️component.rs	15	mismatched types | 
E0599	✏️s/🔌️plugins/🗄️stdio/📦️packages/🦀️rust/././../../🗿️artifacts/📼️avi/🦀️component.rs	66	no method named `schema` found for opaque type `impl Future<Output = ArtifactDeclarationBuilder<NeedsSchema>>` in the current scope | consider `await`ing on the `Future` and calling the method on its `Output`
E0277	/Users/ueli/.cargo/registry/src/index.crates.io-1949cf8c6b5b557f/serde_json-1.0.149/src/macros.rs	279	the trait bound `impl Future<Output = MeshData>: serde::Serialize` is not satisfied | for local types consider adding `#[derive(serde::Serialize)]` to your `impl Future<Output = MeshData>` type / for types from other crates check whether the crate offers a `serde` feature flag / the following other types implement trait `registry::_::_serde::Serialize`: &'a T &'a mut T () (T,) (T0, T1) (T0, T1, T2) (T0, T1, T2, T3) (T0, T1, T2, T3, T4) and 2478 others / required for `&impl Future<Output = MeshData>` to implement `registry::_::_serde::Serialize` / required by a bound in `serde_json::to_value` / the full name for the type has been written to '/Users/ueli/Documents/semio/.🧬semio/🦑️repo/🎫️tickets/🎆️26/🌙️08/☀️20/INTERACTIVE-JOB-RUNTIME-REFACTOR/PHASE-1-5-DE-ASYNC-REPAIR-SWEEP/🧪️target-r19-stdio/debug/deps/semio_s_plugin_stdio-1d1792480c328f6d.long-type-16092809711206502411.txt' / consider using `--verbose` to print the full type name to the console
E0308	✏️s/🔌️plugins/🗄️stdio/📦️packages/🦀️rust/././././././../../🗿️artifacts/📼️avi/🏅️standards/🔖️1.0/🪆️subsets/✳️any/🚪️io/🦀️component.rs	50	mismatched types | function defined here
E0599	✏️s/🔌️plugins/🗄️stdio/📦️packages/🦀️rust/././../../🗿️artifacts/🧿️semio/🏅️standards/🔖️v1/🪆️subsets/✳️document/✏️editor/🦀️component.rs	88	no method named `icon_id` found for opaque type `impl Future<Output = EditorBuilder>` in the current scope | consider `await`ing on the `Future` and calling the method on its `Output`
E0308	✏️s/🔌️plugins/🗄️stdio/📦️packages/🦀️rust/././././././../../🗿️artifacts/🧿️semio/🏅️standards/🔖️v1/🪆️subsets/✳️document/✏️editor/🎭️modes/✏️edit/🪟️windows/🪟️main/🦀️component.rs	24	mismatched types | 
E0277	/Users/ueli/.cargo/registry/src/index.crates.io-1949cf8c6b5b557f/serde_json-1.0.149/src/macros.rs	279	the trait bound `impl Future<Output = MeshData>: serde::Serialize` is not satisfied | for local types consider adding `#[derive(serde::Serialize)]` to your `impl Future<Output = MeshData>` type / for types from other crates check whether the crate offers a `serde` feature flag / the following other types implement trait `registry::_::_serde::Serialize`: &'a T &'a mut T () (T,) (T0, T1) (T0, T1, T2) (T0, T1, T2, T3) (T0, T1, T2, T3, T4) and 2478 others / required for `&impl Future<Output = MeshData>` to implement `registry::_::_serde::Serialize` / required by a bound in `serde_json::to_value` / the full name for the type has been written to '/Users/ueli/Documents/semio/.🧬semio/🦑️repo/🎫️tickets/🎆️26/🌙️08/☀️20/INTERACTIVE-JOB-RUNTIME-REFACTOR/PHASE-1-5-DE-ASYNC-REPAIR-SWEEP/🧪️target-r19-stdio/debug/deps/semio_s_plugin_stdio-1d1792480c328f6d.long-type-16092809711206502411.txt' / consider using `--verbose` to print the full type name to the console
E0277	/Users/ueli/.cargo/registry/src/index.crates.io-1949cf8c6b5b557f/serde_json-1.0.149/src/macros.rs	279	the trait bound `impl Future<Output = MeshData>: serde::Serialize` is not satisfied | for local types consider adding `#[derive(serde::Serialize)]` to your `impl Future<Output = MeshData>` type / for types from other crates check whether the crate offers a `serde` feature flag / the following other types implement trait `registry::_::_serde::Serialize`: &'a T &'a mut T () (T,) (T0, T1) (T0, T1, T2) (T0, T1, T2, T3) (T0, T1, T2, T3, T4) and 2478 others / required for `&impl Future<Output = MeshData>` to implement `registry::_::_serde::Serialize` / required by a bound in `serde_json::to_value` / the full name for the type has been written to '/Users/ueli/Documents/semio/.🧬semio/🦑️repo/🎫️tickets/🎆️26/🌙️08/☀️20/INTERACTIVE-JOB-RUNTIME-REFACTOR/PHASE-1-5-DE-ASYNC-REPAIR-SWEEP/🧪️target-r19-stdio/debug/deps/semio_s_plugin_stdio-1d1792480c328f6d.long-type-16092809711206502411.txt' / consider using `--verbose` to print the full type name to the console
E0599	✏️s/🔌️plugins/🗄️stdio/📦️packages/🦀️rust/././../../🗿️artifacts/🏗️ifc/🏅️standards/🔖️2x3/🪆️subsets/✳️any/👁️viewer/🦀️component.rs	84	no method named `icon_id` found for opaque type `impl Future<Output = ViewerBuilder>` in the current scope | consider `await`ing on the `Future` and calling the method on its `Output`
E0308	✏️s/🔌️plugins/🗄️stdio/📦️packages/🦀️rust/././././././../../🗿️artifacts/🏗️ifc/🏅️standards/🔖️2x3/🪆️subsets/✳️any/👁️viewer/🎭️modes/👁️view/🪟️windows/🪟️main/🦀️component.rs	25	mismatched types | 
E0599	✏️s/🔌️plugins/🗄️stdio/📦️packages/🦀️rust/././../../🗿️artifacts/🧿️semio/🏅️standards/🔖️v1/🪆️subsets/✳️presentation/✏️editor/🦀️component.rs	88	no method named `icon_id` found for opaque type `impl Future<Output = EditorBuilder>` in the current scope | consider `await`ing on the `Future` and calling the method on its `Output`
E0308	✏️s/🔌️plugins/🗄️stdio/📦️packages/🦀️rust/././././././../../🗿️artifacts/🧿️semio/🏅️standards/🔖️v1/🪆️subsets/✳️presentation/✏️editor/🎭️modes/✏️edit/🪟️windows/🪟️main/🦀️component.rs	24	mismatched types | 
E0277	/Users/ueli/.cargo/registry/src/index.crates.io-1949cf8c6b5b557f/serde_json-1.0.149/src/macros.rs	279	the trait bound `impl Future<Output = MeshData>: serde::Serialize` is not satisfied | for local types consider adding `#[derive(serde::Serialize)]` to your `impl Future<Output = MeshData>` type / for types from other crates check whether the crate offers a `serde` feature flag / the following other types implement trait `registry::_::_serde::Serialize`: &'a T &'a mut T () (T,) (T0, T1) (T0, T1, T2) (T0, T1, T2, T3) (T0, T1, T2, T3, T4) and 2478 others / required for `&impl Future<Output = MeshData>` to implement `registry::_::_serde::Serialize` / required by a bound in `serde_json::to_value` / the full name for the type has been written to '/Users/ueli/Documents/semio/.🧬semio/🦑️repo/🎫️tickets/🎆️26/🌙️08/☀️20/INTERACTIVE-JOB-RUNTIME-REFACTOR/PHASE-1-5-DE-ASYNC-REPAIR-SWEEP/🧪️target-r19-stdio/debug/deps/semio_s_plugin_stdio-1d1792480c328f6d.long-type-16092809711206502411.txt' / consider using `--verbose` to print the full type name to the console
E0277	/Users/ueli/.cargo/registry/src/index.crates.io-1949cf8c6b5b557f/serde_json-1.0.149/src/macros.rs	279	the trait bound `impl Future<Output = MeshData>: serde::Serialize` is not satisfied | for local types consider adding `#[derive(serde::Serialize)]` to your `impl Future<Output = MeshData>` type / for types from other crates check whether the crate offers a `serde` feature flag / the following other types implement trait `registry::_::_serde::Serialize`: &'a T &'a mut T () (T,) (T0, T1) (T0, T1, T2) (T0, T1, T2, T3) (T0, T1, T2, T3, T4) and 2478 others / required for `&impl Future<Output = MeshData>` to implement `registry::_::_serde::Serialize` / required by a bound in `serde_json::to_value` / the full name for the type has been written to '/Users/ueli/Documents/semio/.🧬semio/🦑️repo/🎫️tickets/🎆️26/🌙️08/☀️20/INTERACTIVE-JOB-RUNTIME-REFACTOR/PHASE-1-5-DE-ASYNC-REPAIR-SWEEP/🧪️target-r19-stdio/debug/deps/semio_s_plugin_stdio-1d1792480c328f6d.long-type-16092809711206502411.txt' / consider using `--verbose` to print the full type name to the console
E0599	✏️s/🔌️plugins/🗄️stdio/📦️packages/🦀️rust/././../../🗿️artifacts/🏗️ifc/🏅️standards/🔖️2x3/🪆️subsets/✳️sav/✏️editor/🦀️component.rs	88	no method named `icon_id` found for opaque type `impl Future<Output = EditorBuilder>` in the current scope | consider `await`ing on the `Future` and calling the method on its `Output`
E0308	✏️s/🔌️plugins/🗄️stdio/📦️packages/🦀️rust/././././././../../🗿️artifacts/🏗️ifc/🏅️standards/🔖️2x3/🪆️subsets/✳️sav/✏️editor/🎭️modes/✏️edit/🪟️windows/🪟️main/🦀️component.rs	24	mismatched types | 
E0308	✏️s/🔌️plugins/🗄️stdio/📦️packages/🦀️rust/././././././././../../🗿️artifacts/🧊️gltf/🏅️standards/🔖️2.0/🪆️subsets/✳️any/🧬️schema/🔺️diff/🦀️component.rs	266	mismatched types | expected struct `Vec<GltfModified<D>>` found struct `Vec<GltfModified<impl Future<Output = D>>>`
E0308	✏️s/🔌️plugins/🗄️stdio/📦️packages/🦀️rust/././././././././../../🗿️artifacts/🧊️gltf/🏅️standards/🔖️2.0/🪆️subsets/✳️any/🧬️schema/🔺️diff/🦀️component.rs	303	mismatched types | expected type parameter `T` found associated type `impl Future<Output = T>`
E0599	✏️s/🔌️plugins/🗄️stdio/📦️packages/🦀️rust/././../../🗿️artifacts/🧿️semio/🏅️standards/🔖️v1/🪆️subsets/✳️model/👁️viewer/🦀️component.rs	84	no method named `icon_id` found for opaque type `impl Future<Output = ViewerBuilder>` in the current scope | consider `await`ing on the `Future` and calling the method on its `Output`
E0308	✏️s/🔌️plugins/🗄️stdio/📦️packages/🦀️rust/././././././././../../🗿️artifacts/🧊️gltf/🏅️standards/🔖️2.0/🪆️subsets/✳️any/🧬️schema/🔺️diff/🦀️component.rs	335	mismatched types | expected type parameter `T` found associated type `impl Future<Output = T>`
E0308	✏️s/🔌️plugins/🗄️stdio/📦️packages/🦀️rust/././././././../../🗿️artifacts/🧿️semio/🏅️standards/🔖️v1/🪆️subsets/✳️model/👁️viewer/🎭️modes/👁️view/🪟️windows/🪟️main/🦀️component.rs	25	mismatched types | 
E0308	✏️s/🔌️plugins/🗄️stdio/📦️packages/🦀️rust/././././././././../../🗿️artifacts/🧊️gltf/🏅️standards/🔖️2.0/🪆️subsets/✳️any/🧬️schema/🔺️diff/🦀️component.rs	345	mismatched types | expected type parameter `D` found associated type `impl Future<Output = D>`
E0308	✏️s/🔌️plugins/🗄️stdio/📦️packages/🦀️rust/././././././././../../🗿️artifacts/🎥️mp4/🏅️standards/🔖️isobmff/🪆️subsets/✳️any/🧬️schema/📸️snapshot/🦀️component.rs	249	`match` arms have incompatible types | 
E0308	✏️s/🔌️plugins/🗄️stdio/📦️packages/🦀️rust/././././././././../../🗿️artifacts/🎥️mp4/🏅️standards/🔖️isobmff/🪆️subsets/✳️any/🧬️schema/📸️snapshot/🦀️component.rs	249	`match` arms have incompatible types | 
E0308	✏️s/🔌️plugins/🗄️stdio/📦️packages/🦀️rust/././././././././../../🗿️artifacts/🧿️semio/🏅️standards/🔖️v1/🪆️subsets/✳️kit/📚️examples/🪑️furniture/🦀️component.rs	22	mismatched types | 
E0308	✏️s/🔌️plugins/🗄️stdio/📦️packages/🦀️rust/./././../../🗿️artifacts/🧿️semio/🏅️standards/🔖️v1/🪆️subsets/✳️any/📚️examples/🎬️demo/🦀️component.rs	15	mismatched types | 
E0308	✏️s/🔌️plugins/🗄️stdio/📦️packages/🦀️rust/./././../../🗿️artifacts/🧿️semio/🏅️standards/🔖️v1/🪆️subsets/✳️any/📚️examples/📃️note/🦀️component.rs	19	mismatched types | 
E0599	✏️s/🔌️plugins/🗄️stdio/📦️packages/🦀️rust/././../../🗿️artifacts/🎥️mp4/🦀️component.rs	66	no method named `schema` found for opaque type `impl Future<Output = ArtifactDeclarationBuilder<NeedsSchema>>` in the current scope | consider `await`ing on the `Future` and calling the method on its `Output`
E0308	✏️s/🔌️plugins/🗄️stdio/📦️packages/🦀️rust/././././././././../../🗿️artifacts/🧿️semio/🏅️standards/🔖️v1/🪆️subsets/✳️kit/🧬️schema/📸️snapshot/🦀️component.rs	151	mismatched types | the type constructed contains `impl Future<Output = ArtifactChild<_>>` due to the type of the argument passed / tuple variant defined here
E0308	✏️s/🔌️plugins/🗄️stdio/📦️packages/🦀️rust/././././././././../../🗿️artifacts/🧿️semio/🏅️standards/🔖️v1/🪆️subsets/✳️kit/🧬️schema/📸️snapshot/🦀️component.rs	380	mismatched types | the type constructed contains `impl Future<Output = ArtifactChild<_>>` due to the type of the argument passed / tuple variant defined here
E0425	✏️s/🔌️plugins/🗄️stdio/📦️packages/🦀️rust/././././././../../🗿️artifacts/🎥️mp4/🏅️standards/🔖️isobmff/🪆️subsets/✳️any/🚪️io/🦀️component.rs	820	cannot find function `write_boxasync` in this scope | 
E0308	✏️s/🔌️plugins/🗄️stdio/📦️packages/🦀️rust/././././././../../🗿️artifacts/🎥️mp4/🏅️standards/🔖️isobmff/🪆️subsets/✳️any/🚪️io/🦀️component.rs	825	mismatched types | expected reference `&[u8]` found reference `&impl Future<Output = Vec<u8>>` / function defined here
E0308	✏️s/🔌️plugins/🗄️stdio/📦️packages/🦀️rust/././././././../../🗿️artifacts/🎥️mp4/🏅️standards/🔖️isobmff/🪆️subsets/✳️any/🚪️io/🦀️component.rs	826	mismatched types | expected opaque type `impl Future<Output = Vec<u8>>` found struct `Vec<u8>`
E0277	✏️s/🔌️plugins/🗄️stdio/📦️packages/🦀️rust/././././././././../../🗿️artifacts/🧿️semio/🏅️standards/🔖️v1/🪆️subsets/✳️kit/🧬️schema/📸️snapshot/🦀️component.rs	480	`Result<&[u8], PackError>` is not a future | the trait `Future` is not implemented for `Result<&[u8], PackError>` / required by a bound in `semio_framework_plugin::resolve_ready`
E0308	✏️s/🔌️plugins/🗄️stdio/📦️packages/🦀️rust/././././././../../🗿️artifacts/🎥️mp4/🏅️standards/🔖️isobmff/🪆️subsets/✳️any/🚪️io/🦀️component.rs	827	mismatched types | expected opaque type `impl Future<Output = Vec<u8>>` found struct `Vec<u8>`
E0277	✏️s/🔌️plugins/🗄️stdio/📦️packages/🦀️rust/././././././././../../🗿️artifacts/🧿️semio/🏅️standards/🔖️v1/🪆️subsets/✳️kit/🧬️schema/📸️snapshot/🦀️component.rs	480	`Result<&[u8], PackError>` is not a future | the trait `Future` is not implemented for `Result<&[u8], PackError>`
E0277	✏️s/🔌️plugins/🗄️stdio/📦️packages/🦀️rust/././././././././../../🗿️artifacts/🧿️semio/🏅️standards/🔖️v1/🪆️subsets/✳️kit/🧬️schema/📸️snapshot/🦀️component.rs	581	`dsl::ByteReader<'_>` is not a future | the trait `Future` is not implemented for `dsl::ByteReader<'_>` / required by a bound in `semio_framework_plugin::resolve_ready`
E0308	✏️s/🔌️plugins/🗄️stdio/📦️packages/🦀️rust/././././././../../🗿️artifacts/🎥️mp4/🏅️standards/🔖️isobmff/🪆️subsets/✳️any/🚪️io/🦀️component.rs	828	mismatched types | expected opaque type `impl Future<Output = Vec<u8>>` found struct `Vec<u8>`
E0277	✏️s/🔌️plugins/🗄️stdio/📦️packages/🦀️rust/././././././././../../🗿️artifacts/🧿️semio/🏅️standards/🔖️v1/🪆️subsets/✳️kit/🧬️schema/📸️snapshot/🦀️component.rs	581	`dsl::ByteReader<'_>` is not a future | the trait `Future` is not implemented for `dsl::ByteReader<'_>`
E0308	✏️s/🔌️plugins/🗄️stdio/📦️packages/🦀️rust/././././././././../../🗿️artifacts/🧿️semio/🏅️standards/🔖️v1/🪆️subsets/✳️object/🧬️schema/📸️snapshot/🦀️component.rs	206	mismatched types | the type constructed contains `impl Future<Output = ArtifactChild<_>>` due to the type of the argument passed / tuple variant defined here
E0277	✏️s/🔌️plugins/🗄️stdio/📦️packages/🦀️rust/././././././././../../🗿️artifacts/🧿️semio/🏅️standards/🔖️v1/🪆️subsets/✳️object/🧬️schema/📸️snapshot/🦀️component.rs	236	`Result<&[u8], PackError>` is not a future | the trait `Future` is not implemented for `Result<&[u8], PackError>` / required by a bound in `semio_framework_plugin::resolve_ready`
E0277	✏️s/🔌️plugins/🗄️stdio/📦️packages/🦀️rust/././././././././../../🗿️artifacts/🧿️semio/🏅️standards/🔖️v1/🪆️subsets/✳️kit/🧬️schema/🔺️diff/🦀️component.rs	264	`dsl::ByteReader<'_>` is not a future | the trait `Future` is not implemented for `dsl::ByteReader<'_>` / required by a bound in `semio_framework_plugin::resolve_ready`
E0277	✏️s/🔌️plugins/🗄️stdio/📦️packages/🦀️rust/././././././././../../🗿️artifacts/🧿️semio/🏅️standards/🔖️v1/🪆️subsets/✳️object/🧬️schema/📸️snapshot/🦀️component.rs	236	`Result<&[u8], PackError>` is not a future | the trait `Future` is not implemented for `Result<&[u8], PackError>`
E0277	✏️s/🔌️plugins/🗄️stdio/📦️packages/🦀️rust/././././././././../../🗿️artifacts/🧿️semio/🏅️standards/🔖️v1/🪆️subsets/✳️object/🧬️schema/📸️snapshot/🦀️component.rs	254	`dsl::ByteReader<'_>` is not a future | the trait `Future` is not implemented for `dsl::ByteReader<'_>` / required by a bound in `semio_framework_plugin::resolve_ready`
E0277	✏️s/🔌️plugins/🗄️stdio/📦️packages/🦀️rust/././././././././../../🗿️artifacts/🧿️semio/🏅️standards/🔖️v1/🪆️subsets/✳️kit/🧬️schema/🔺️diff/🦀️component.rs	264	`dsl::ByteReader<'_>` is not a future | the trait `Future` is not implemented for `dsl::ByteReader<'_>`
E0277	✏️s/🔌️plugins/🗄️stdio/📦️packages/🦀️rust/././././././././../../🗿️artifacts/🧿️semio/🏅️standards/🔖️v1/🪆️subsets/✳️object/🧬️schema/📸️snapshot/🦀️component.rs	254	`dsl::ByteReader<'_>` is not a future | the trait `Future` is not implemented for `dsl::ByteReader<'_>`
E0277	✏️s/🔌️plugins/🗄️stdio/📦️packages/🦀️rust/././././././././../../🗿️artifacts/🧿️semio/🏅️standards/🔖️v1/🪆️subsets/✳️object/🧬️schema/🔺️diff/🦀️component.rs	194	`dsl::ByteReader<'_>` is not a future | the trait `Future` is not implemented for `dsl::ByteReader<'_>` / required by a bound in `semio_framework_plugin::resolve_ready`
E0277	✏️s/🔌️plugins/🗄️stdio/📦️packages/🦀️rust/././././././././../../🗿️artifacts/🧿️semio/🏅️standards/🔖️v1/🪆️subsets/✳️object/🧬️schema/🔺️diff/🦀️component.rs	194	`dsl::ByteReader<'_>` is not a future | the trait `Future` is not implemented for `dsl::ByteReader<'_>`
E0308	✏️s/🔌️plugins/🗄️stdio/📦️packages/🦀️rust/./././././././././../../🗿️artifacts/🧿️semio/🏅️standards/🔖️v1/🪆️subsets/✳️object/🧬️schema/🧬️mutations/🧱create-brep/🔺️diff/🦀️component.rs	15	mismatched types | the type constructed contains `impl Future<Output = ArtifactChild<_>>` due to the type of the argument passed / tuple variant defined here
E0308	✏️s/🔌️plugins/🗄️stdio/📦️packages/🦀️rust/./././././././././../../🗿️artifacts/🧿️semio/🏅️standards/🔖️v1/🪆️subsets/✳️kit/🧬️schema/🧬️mutations/🏗️create-object/🔺️diff/🦀️component.rs	18	mismatched types | method defined here
E0308	✏️s/🔌️plugins/🗄️stdio/📦️packages/🦀️rust/./././././././././../../🗿️artifacts/🧿️semio/🏅️standards/🔖️v1/🪆️subsets/✳️object/🧬️schema/🧬️mutations/🕸️create-mesh/🔺️diff/🦀️component.rs	15	mismatched types | the type constructed contains `impl Future<Output = ArtifactChild<_>>` due to the type of the argument passed / tuple variant defined here
E0308	✏️s/🔌️plugins/🗄️stdio/📦️packages/🦀️rust/./././././././././../../🗿️artifacts/🧿️semio/🏅️standards/🔖️v1/🪆️subsets/✳️object/🧬️schema/🧬️mutations/🏷️create-properties/🔺️diff/🦀️component.rs	15	mismatched types | the type constructed contains `impl Future<Output = ArtifactChild<_>>` due to the type of the argument passed / tuple variant defined here
E0308	✏️s/🔌️plugins/🗄️stdio/📦️packages/🦀️rust/./././././././././../../🗿️artifacts/🧿️semio/🏅️standards/🔖️v1/🪆️subsets/✳️kit/🧬️schema/🧬️mutations/🏛️create-model/🔺️diff/🦀️component.rs	18	mismatched types | method defined here
E0308	✏️s/🔌️plugins/🗄️stdio/📦️packages/🦀️rust/././././././././../../🗿️artifacts/🧿️semio/🏅️standards/🔖️v1/🪆️subsets/✳️object/📚️examples/📦️crate/🦀️component.rs	22	mismatched types | 
E0308	✏️s/🔌️plugins/🗄️stdio/📦️packages/🦀️rust/././././././../../🗿️artifacts/🧿️semio/🏅️standards/🔖️v1/🪆️subsets/✳️kit/🚪️io/🦀️component.rs	115	mismatched types | function defined here
E0277	/Users/ueli/.cargo/registry/src/index.crates.io-1949cf8c6b5b557f/serde_json-1.0.149/src/macros.rs	279	the trait bound `impl Future<Output = MeshData>: serde::Serialize` is not satisfied | for local types consider adding `#[derive(serde::Serialize)]` to your `impl Future<Output = MeshData>` type / for types from other crates check whether the crate offers a `serde` feature flag / the following other types implement trait `registry::_::_serde::Serialize`: &'a T &'a mut T () (T,) (T0, T1) (T0, T1, T2) (T0, T1, T2, T3) (T0, T1, T2, T3, T4) and 2478 others / required for `&impl Future<Output = MeshData>` to implement `registry::_::_serde::Serialize` / required by a bound in `serde_json::to_value` / the full name for the type has been written to '/Users/ueli/Documents/semio/.🧬semio/🦑️repo/🎫️tickets/🎆️26/🌙️08/☀️20/INTERACTIVE-JOB-RUNTIME-REFACTOR/PHASE-1-5-DE-ASYNC-REPAIR-SWEEP/🧪️target-r19-stdio/debug/deps/semio_s_plugin_stdio-1d1792480c328f6d.long-type-16092809711206502411.txt' / consider using `--verbose` to print the full type name to the console
E0308	✏️s/🔌️plugins/🗄️stdio/📦️packages/🦀️rust/./././././././././../../🗿️artifacts/🧿️semio/🏅️standards/🔖️v1/🪆️subsets/✳️kit/🧬️schema/🧬️mutations/🏷️create-properties/🔺️diff/🦀️component.rs	17	mismatched types | the type constructed contains `impl Future<Output = ArtifactChild<_>>` due to the type of the argument passed / tuple variant defined here
E0599	✏️s/🔌️plugins/🗄️stdio/📦️packages/🦀️rust/././../../🗿️artifacts/🧿️semio/🏅️standards/🔖️v1/🪆️subsets/✳️drawing/✏️editor/🦀️component.rs	88	no method named `icon_id` found for opaque type `impl Future<Output = EditorBuilder>` in the current scope | consider `await`ing on the `Future` and calling the method on its `Output`
E0308	✏️s/🔌️plugins/🗄️stdio/📦️packages/🦀️rust/././././././../../🗿️artifacts/🧿️semio/🏅️standards/🔖️v1/🪆️subsets/✳️drawing/✏️editor/🎭️modes/✏️edit/🪟️windows/🪟️main/🦀️component.rs	24	mismatched types | 
E0277	✏️s/🔌️plugins/🗄️stdio/📦️packages/🦀️rust/././././././././../../🗿️artifacts/🧊️gltf/🏅️standards/🔖️2.0/🪆️subsets/✳️any/🧬️schema/🔺️diff/🦀️component.rs	3676	`ByteWriter` is not a future | the trait `Future` is not implemented for `ByteWriter` / required by a bound in `semio_framework_plugin::resolve_ready`
E0277	✏️s/🔌️plugins/🗄️stdio/📦️packages/🦀️rust/././././././././../../🗿️artifacts/🧊️gltf/🏅️standards/🔖️2.0/🪆️subsets/✳️any/🧬️schema/🔺️diff/🦀️component.rs	3676	`ByteWriter` is not a future | the trait `Future` is not implemented for `ByteWriter`
E0277	/Users/ueli/.cargo/registry/src/index.crates.io-1949cf8c6b5b557f/serde_json-1.0.149/src/macros.rs	279	the trait bound `impl Future<Output = MeshData>: serde::Serialize` is not satisfied | for local types consider adding `#[derive(serde::Serialize)]` to your `impl Future<Output = MeshData>` type / for types from other crates check whether the crate offers a `serde` feature flag / the following other types implement trait `registry::_::_serde::Serialize`: &'a T &'a mut T () (T,) (T0, T1) (T0, T1, T2) (T0, T1, T2, T3) (T0, T1, T2, T3, T4) and 2478 others / required for `&impl Future<Output = MeshData>` to implement `registry::_::_serde::Serialize` / required by a bound in `serde_json::to_value` / the full name for the type has been written to '/Users/ueli/Documents/semio/.🧬semio/🦑️repo/🎫️tickets/🎆️26/🌙️08/☀️20/INTERACTIVE-JOB-RUNTIME-REFACTOR/PHASE-1-5-DE-ASYNC-REPAIR-SWEEP/🧪️target-r19-stdio/debug/deps/semio_s_plugin_stdio-1d1792480c328f6d.long-type-16092809711206502411.txt' / consider using `--verbose` to print the full type name to the console
E0277	✏️s/🔌️plugins/🗄️stdio/📦️packages/🦀️rust/././././././././../../🗿️artifacts/🧊️gltf/🏅️standards/🔖️2.0/🪆️subsets/✳️any/🧬️schema/🔺️diff/🦀️component.rs	3686	`dsl::ByteReader<'_>` is not a future | the trait `Future` is not implemented for `dsl::ByteReader<'_>` / required by a bound in `semio_framework_plugin::resolve_ready`
E0277	✏️s/🔌️plugins/🗄️stdio/📦️packages/🦀️rust/././././././././../../🗿️artifacts/🧊️gltf/🏅️standards/🔖️2.0/🪆️subsets/✳️any/🧬️schema/🔺️diff/🦀️component.rs	3686	`dsl::ByteReader<'_>` is not a future | the trait `Future` is not implemented for `dsl::ByteReader<'_>`
E0599	✏️s/🔌️plugins/🗄️stdio/📦️packages/🦀️rust/././../../🗿️artifacts/🏗️ifc/🏅️standards/🔖️2x3/🪆️subsets/✳️cobie/👁️viewer/🦀️component.rs	84	no method named `icon_id` found for opaque type `impl Future<Output = ViewerBuilder>` in the current scope | consider `await`ing on the `Future` and calling the method on its `Output`
E0277	✏️s/🔌️plugins/🗄️stdio/📦️packages/🦀️rust/././././././././../../🗿️artifacts/🧊️gltf/🏅️standards/🔖️2.0/🪆️subsets/✳️any/🧬️schema/🔺️diff/🦀️component.rs	3844	`ByteWriter` is not a future | the trait `Future` is not implemented for `ByteWriter` / required by a bound in `semio_framework_plugin::resolve_ready`
E0277	✏️s/🔌️plugins/🗄️stdio/📦️packages/🦀️rust/././././././././../../🗿️artifacts/🧊️gltf/🏅️standards/🔖️2.0/🪆️subsets/✳️any/🧬️schema/🔺️diff/🦀️component.rs	3846	`Vec<u8>` is not a future | the trait `Future` is not implemented for `Vec<u8>` / required by a bound in `semio_framework_plugin::resolve_ready`
E0308	✏️s/🔌️plugins/🗄️stdio/📦️packages/🦀️rust/././././././../../🗿️artifacts/🏗️ifc/🏅️standards/🔖️2x3/🪆️subsets/✳️cobie/👁️viewer/🎭️modes/👁️view/🪟️windows/🪟️main/🦀️component.rs	25	mismatched types | 
E0277	✏️s/🔌️plugins/🗄️stdio/📦️packages/🦀️rust/././././././././../../🗿️artifacts/🧿️semio/🏅️standards/🔖️v1/🪆️subsets/✳️graph/🧬️schema/➕️normal-internals/↔️undirected/🦀️component.rs	322	`std::option::Option<&BTreeMap<std::string::String, graph_core::PropertyValue>>` is not a future | the trait `Future` is not implemented for `std::option::Option<&BTreeMap<std::string::String, graph_core::PropertyValue>>` / required by a bound in `semio_framework_plugin::resolve_ready`
E0277	/Users/ueli/.cargo/registry/src/index.crates.io-1949cf8c6b5b557f/serde_json-1.0.149/src/macros.rs	279	the trait bound `impl Future<Output = MeshData>: serde::Serialize` is not satisfied | for local types consider adding `#[derive(serde::Serialize)]` to your `impl Future<Output = MeshData>` type / for types from other crates check whether the crate offers a `serde` feature flag / the following other types implement trait `registry::_::_serde::Serialize`: &'a T &'a mut T () (T,) (T0, T1) (T0, T1, T2) (T0, T1, T2, T3) (T0, T1, T2, T3, T4) and 2478 others / required for `&impl Future<Output = MeshData>` to implement `registry::_::_serde::Serialize` / required by a bound in `serde_json::to_value` / the full name for the type has been written to '/Users/ueli/Documents/semio/.🧬semio/🦑️repo/🎫️tickets/🎆️26/🌙️08/☀️20/INTERACTIVE-JOB-RUNTIME-REFACTOR/PHASE-1-5-DE-ASYNC-REPAIR-SWEEP/🧪️target-r19-stdio/debug/deps/semio_s_plugin_stdio-1d1792480c328f6d.long-type-16092809711206502411.txt' / consider using `--verbose` to print the full type name to the console
E0277	✏️s/🔌️plugins/🗄️stdio/📦️packages/🦀️rust/././././././././../../🗿️artifacts/🧿️semio/🏅️standards/🔖️v1/🪆️subsets/✳️graph/🧬️schema/➕️normal-internals/↔️undirected/🦀️component.rs	322	`std::option::Option<&BTreeMap<std::string::String, graph_core::PropertyValue>>` is not a future | the trait `Future` is not implemented for `std::option::Option<&BTreeMap<std::string::String, graph_core::PropertyValue>>`
E0277	✏️s/🔌️plugins/🗄️stdio/📦️packages/🦀️rust/././././././././../../🗿️artifacts/🧿️semio/🏅️standards/🔖️v1/🪆️subsets/✳️graph/🧬️schema/➕️normal-internals/↔️undirected/🦀️component.rs	344	`std::option::Option<&BTreeMap<std::string::String, graph_core::PropertyValue>>` is not a future | the trait `Future` is not implemented for `std::option::Option<&BTreeMap<std::string::String, graph_core::PropertyValue>>` / required by a bound in `semio_framework_plugin::resolve_ready`
E0277	✏️s/🔌️plugins/🗄️stdio/📦️packages/🦀️rust/././././././././../../🗿️artifacts/🧊️gltf/🏅️standards/🔖️2.0/🪆️subsets/✳️any/🧬️schema/🔺️diff/🦀️component.rs	3866	`ByteWriter` is not a future | the trait `Future` is not implemented for `ByteWriter` / required by a bound in `semio_framework_plugin::resolve_ready`
E0277	✏️s/🔌️plugins/🗄️stdio/📦️packages/🦀️rust/././././././././../../🗿️artifacts/🧊️gltf/🏅️standards/🔖️2.0/🪆️subsets/✳️any/🧬️schema/🔺️diff/🦀️component.rs	3868	`Vec<u8>` is not a future | the trait `Future` is not implemented for `Vec<u8>` / required by a bound in `semio_framework_plugin::resolve_ready`
E0277	✏️s/🔌️plugins/🗄️stdio/📦️packages/🦀️rust/././././././././../../🗿️artifacts/🧿️semio/🏅️standards/🔖️v1/🪆️subsets/✳️graph/🧬️schema/➕️normal-internals/↔️undirected/🦀️component.rs	344	`std::option::Option<&BTreeMap<std::string::String, graph_core::PropertyValue>>` is not a future | the trait `Future` is not implemented for `std::option::Option<&BTreeMap<std::string::String, graph_core::PropertyValue>>`
E0277	✏️s/🔌️plugins/🗄️stdio/📦️packages/🦀️rust/././././././././../../🗿️artifacts/🧊️gltf/🏅️standards/🔖️2.0/🪆️subsets/✳️any/🧬️schema/🔺️diff/🦀️component.rs	3873	`ByteWriter` is not a future | the trait `Future` is not implemented for `ByteWriter` / required by a bound in `semio_framework_plugin::resolve_ready`
E0277	✏️s/🔌️plugins/🗄️stdio/📦️packages/🦀️rust/././././././././../../🗿️artifacts/🧊️gltf/🏅️standards/🔖️2.0/🪆️subsets/✳️any/🧬️schema/🔺️diff/🦀️component.rs	3875	`Vec<u8>` is not a future | the trait `Future` is not implemented for `Vec<u8>` / required by a bound in `semio_framework_plugin::resolve_ready`
E0277	✏️s/🔌️plugins/🗄️stdio/📦️packages/🦀️rust/././././././././../../🗿️artifacts/🧊️gltf/🏅️standards/🔖️2.0/🪆️subsets/✳️any/🧬️schema/🔺️diff/🦀️component.rs	3880	`ByteWriter` is not a future | the trait `Future` is not implemented for `ByteWriter` / required by a bound in `semio_framework_plugin::resolve_ready`
E0277	✏️s/🔌️plugins/🗄️stdio/📦️packages/🦀️rust/././././././././../../🗿️artifacts/🧊️gltf/🏅️standards/🔖️2.0/🪆️subsets/✳️any/🧬️schema/🔺️diff/🦀️component.rs	3882	`Vec<u8>` is not a future | the trait `Future` is not implemented for `Vec<u8>` / required by a bound in `semio_framework_plugin::resolve_ready`
E0599	✏️s/🔌️plugins/🗄️stdio/📦️packages/🦀️rust/././../../🗿️artifacts/🧿️semio/🏅️standards/🔖️v1/🪆️subsets/✳️table/✏️editor/🦀️component.rs	88	no method named `icon_id` found for opaque type `impl Future<Output = EditorBuilder>` in the current scope | consider `await`ing on the `Future` and calling the method on its `Output`
E0277	✏️s/🔌️plugins/🗄️stdio/📦️packages/🦀️rust/././././././././../../🗿️artifacts/🧊️gltf/🏅️standards/🔖️2.0/🪆️subsets/✳️any/🧬️schema/🔺️diff/🦀️component.rs	3887	`ByteWriter` is not a future | the trait `Future` is not implemented for `ByteWriter` / required by a bound in `semio_framework_plugin::resolve_ready`
E0277	✏️s/🔌️plugins/🗄️stdio/📦️packages/🦀️rust/././././././././../../🗿️artifacts/🧊️gltf/🏅️standards/🔖️2.0/🪆️subsets/✳️any/🧬️schema/🔺️diff/🦀️component.rs	3889	`Vec<u8>` is not a future | the trait `Future` is not implemented for `Vec<u8>` / required by a bound in `semio_framework_plugin::resolve_ready`
E0277	✏️s/🔌️plugins/🗄️stdio/📦️packages/🦀️rust/././././././././../../🗿️artifacts/🧊️gltf/🏅️standards/🔖️2.0/🪆️subsets/✳️any/🧬️schema/🔺️diff/🦀️component.rs	3844	`ByteWriter` is not a future | the trait `Future` is not implemented for `ByteWriter`
E0277	✏️s/🔌️plugins/🗄️stdio/📦️packages/🦀️rust/././././././././../../🗿️artifacts/🧊️gltf/🏅️standards/🔖️2.0/🪆️subsets/✳️any/🧬️schema/🔺️diff/🦀️component.rs	3846	`Vec<u8>` is not a future | the trait `Future` is not implemented for `Vec<u8>`
E0277	✏️s/🔌️plugins/🗄️stdio/📦️packages/🦀️rust/././././././././../../🗿️artifacts/🧊️gltf/🏅️standards/🔖️2.0/🪆️subsets/✳️any/🧬️schema/🔺️diff/🦀️component.rs	3896	`dsl::ByteReader<'_>` is not a future | the trait `Future` is not implemented for `dsl::ByteReader<'_>` / required by a bound in `semio_framework_plugin::resolve_ready`
E0277	✏️s/🔌️plugins/🗄️stdio/📦️packages/🦀️rust/././././././././../../🗿️artifacts/🧊️gltf/🏅️standards/🔖️2.0/🪆️subsets/✳️any/🧬️schema/🔺️diff/🦀️component.rs	3899	`dsl::ByteReader<'_>` is not a future | the trait `Future` is not implemented for `dsl::ByteReader<'_>` / required by a bound in `semio_framework_plugin::resolve_ready`
E0308	✏️s/🔌️plugins/🗄️stdio/📦️packages/🦀️rust/././././././../../🗿️artifacts/🧿️semio/🏅️standards/🔖️v1/🪆️subsets/✳️table/✏️editor/🎭️modes/✏️edit/🪟️windows/🪟️main/🦀️component.rs	24	mismatched types | 
E0277	✏️s/🔌️plugins/🗄️stdio/📦️packages/🦀️rust/././././././././../../🗿️artifacts/🧿️semio/🏅️standards/🔖️v1/🪆️subsets/✳️graph/🧬️schema/🔌️ports-internals/↔️undirected/🦀️component.rs	341	`std::option::Option<u64>` is not a future | the trait `Future` is not implemented for `std::option::Option<u64>` / required by a bound in `semio_framework_plugin::resolve_ready`
E0277	/Users/ueli/.cargo/registry/src/index.crates.io-1949cf8c6b5b557f/serde_json-1.0.149/src/macros.rs	279	the trait bound `impl Future<Output = MeshData>: serde::Serialize` is not satisfied | for local types consider adding `#[derive(serde::Serialize)]` to your `impl Future<Output = MeshData>` type / for types from other crates check whether the crate offers a `serde` feature flag / the following other types implement trait `registry::_::_serde::Serialize`: &'a T &'a mut T () (T,) (T0, T1) (T0, T1, T2) (T0, T1, T2, T3) (T0, T1, T2, T3, T4) and 2478 others / required for `&impl Future<Output = MeshData>` to implement `registry::_::_serde::Serialize` / required by a bound in `serde_json::to_value` / the full name for the type has been written to '/Users/ueli/Documents/semio/.🧬semio/🦑️repo/🎫️tickets/🎆️26/🌙️08/☀️20/INTERACTIVE-JOB-RUNTIME-REFACTOR/PHASE-1-5-DE-ASYNC-REPAIR-SWEEP/🧪️target-r19-stdio/debug/deps/semio_s_plugin_stdio-1d1792480c328f6d.long-type-16092809711206502411.txt' / consider using `--verbose` to print the full type name to the console
E0277	✏️s/🔌️plugins/🗄️stdio/📦️packages/🦀️rust/././././././././../../🗿️artifacts/🧊️gltf/🏅️standards/🔖️2.0/🪆️subsets/✳️any/🧬️schema/🔺️diff/🦀️component.rs	3976	`dsl::ByteReader<'_>` is not a future | the trait `Future` is not implemented for `dsl::ByteReader<'_>` / required by a bound in `semio_framework_plugin::resolve_ready`
E0277	✏️s/🔌️plugins/🗄️stdio/📦️packages/🦀️rust/././././././././../../🗿️artifacts/🧊️gltf/🏅️standards/🔖️2.0/🪆️subsets/✳️any/🧬️schema/🔺️diff/🦀️component.rs	3982	`dsl::ByteReader<'_>` is not a future | the trait `Future` is not implemented for `dsl::ByteReader<'_>` / required by a bound in `semio_framework_plugin::resolve_ready`
E0277	✏️s/🔌️plugins/🗄️stdio/📦️packages/🦀️rust/././././././././../../🗿️artifacts/🧿️semio/🏅️standards/🔖️v1/🪆️subsets/✳️graph/🧬️schema/🔌️ports-internals/↔️undirected/🦀️component.rs	342	`std::option::Option<u64>` is not a future | the trait `Future` is not implemented for `std::option::Option<u64>` / required by a bound in `semio_framework_plugin::resolve_ready`
E0277	✏️s/🔌️plugins/🗄️stdio/📦️packages/🦀️rust/././././././././../../🗿️artifacts/🧊️gltf/🏅️standards/🔖️2.0/🪆️subsets/✳️any/🧬️schema/🔺️diff/🦀️component.rs	3988	`dsl::ByteReader<'_>` is not a future | the trait `Future` is not implemented for `dsl::ByteReader<'_>` / required by a bound in `semio_framework_plugin::resolve_ready`
E0277	✏️s/🔌️plugins/🗄️stdio/📦️packages/🦀️rust/././././././././../../🗿️artifacts/🧿️semio/🏅️standards/🔖️v1/🪆️subsets/✳️graph/🧬️schema/🔌️ports-internals/↔️undirected/🦀️component.rs	341	`std::option::Option<u64>` is not a future | the trait `Future` is not implemented for `std::option::Option<u64>`
E0277	✏️s/🔌️plugins/🗄️stdio/📦️packages/🦀️rust/././././././././../../🗿️artifacts/🧊️gltf/🏅️standards/🔖️2.0/🪆️subsets/✳️any/🧬️schema/🔺️diff/🦀️component.rs	3994	`dsl::ByteReader<'_>` is not a future | the trait `Future` is not implemented for `dsl::ByteReader<'_>` / required by a bound in `semio_framework_plugin::resolve_ready`
E0277	✏️s/🔌️plugins/🗄️stdio/📦️packages/🦀️rust/././././././././../../🗿️artifacts/🧊️gltf/🏅️standards/🔖️2.0/🪆️subsets/✳️any/🧬️schema/🔺️diff/🦀️component.rs	3896	`dsl::ByteReader<'_>` is not a future | the trait `Future` is not implemented for `dsl::ByteReader<'_>`
E0277	✏️s/🔌️plugins/🗄️stdio/📦️packages/🦀️rust/././././././././../../🗿️artifacts/🧊️gltf/🏅️standards/🔖️2.0/🪆️subsets/✳️any/🧬️schema/🔺️diff/🦀️component.rs	3899	`dsl::ByteReader<'_>` is not a future | the trait `Future` is not implemented for `dsl::ByteReader<'_>`
E0277	✏️s/🔌️plugins/🗄️stdio/📦️packages/🦀️rust/././././././././../../🗿️artifacts/🧊️gltf/🏅️standards/🔖️2.0/🪆️subsets/✳️any/🧬️schema/🔺️diff/🦀️component.rs	3976	`dsl::ByteReader<'_>` is not a future | the trait `Future` is not implemented for `dsl::ByteReader<'_>`
E0277	✏️s/🔌️plugins/🗄️stdio/📦️packages/🦀️rust/././././././././../../🗿️artifacts/🧊️gltf/🏅️standards/🔖️2.0/🪆️subsets/✳️any/🧬️schema/🔺️diff/🦀️component.rs	3982	`dsl::ByteReader<'_>` is not a future | the trait `Future` is not implemented for `dsl::ByteReader<'_>`
E0277	✏️s/🔌️plugins/🗄️stdio/📦️packages/🦀️rust/././././././././../../🗿️artifacts/🧊️gltf/🏅️standards/🔖️2.0/🪆️subsets/✳️any/🧬️schema/🔺️diff/🦀️component.rs	3988	`dsl::ByteReader<'_>` is not a future | the trait `Future` is not implemented for `dsl::ByteReader<'_>`
E0277	✏️s/🔌️plugins/🗄️stdio/📦️packages/🦀️rust/././././././././../../🗿️artifacts/🧊️gltf/🏅️standards/🔖️2.0/🪆️subsets/✳️any/🧬️schema/🔺️diff/🦀️component.rs	3994	`dsl::ByteReader<'_>` is not a future | the trait `Future` is not implemented for `dsl::ByteReader<'_>`
E0599	✏️s/🔌️plugins/🗄️stdio/📦️packages/🦀️rust/././../../🗿️artifacts/🏗️ifc/🏅️standards/🔖️4/🪆️subsets/✳️any/✏️editor/🦀️component.rs	88	no method named `icon_id` found for opaque type `impl Future<Output = EditorBuilder>` in the current scope | consider `await`ing on the `Future` and calling the method on its `Output`
E0308	✏️s/🔌️plugins/🗄️stdio/📦️packages/🦀️rust/././././././../../🗿️artifacts/🏗️ifc/🏅️standards/🔖️4/🪆️subsets/✳️any/✏️editor/🎭️modes/✏️edit/🪟️windows/🪟️main/🦀️component.rs	24	mismatched types | 
E0277	✏️s/🔌️plugins/🗄️stdio/📦️packages/🦀️rust/./././././././././../../🗿️artifacts/🧿️semio/🏅️standards/🔖️v1/🪆️subsets/✳️graph/🧬️schema/🔌️ports-internals/➡️directed/➕️normal/🦀️component.rs	374	`std::option::Option<u64>` is not a future | the trait `Future` is not implemented for `std::option::Option<u64>` / required by a bound in `semio_framework_plugin::resolve_ready`
E0277	✏️s/🔌️plugins/🗄️stdio/📦️packages/🦀️rust/./././././././././../../🗿️artifacts/🧿️semio/🏅️standards/🔖️v1/🪆️subsets/✳️graph/🧬️schema/🔌️ports-internals/➡️directed/➕️normal/🦀️component.rs	374	`std::option::Option<u64>` is not a future | the trait `Future` is not implemented for `std::option::Option<u64>`
E0277	/Users/ueli/.cargo/registry/src/index.crates.io-1949cf8c6b5b557f/serde_json-1.0.149/src/macros.rs	279	the trait bound `impl Future<Output = MeshData>: serde::Serialize` is not satisfied | for local types consider adding `#[derive(serde::Serialize)]` to your `impl Future<Output = MeshData>` type / for types from other crates check whether the crate offers a `serde` feature flag / the following other types implement trait `registry::_::_serde::Serialize`: &'a T &'a mut T () (T,) (T0, T1) (T0, T1, T2) (T0, T1, T2, T3) (T0, T1, T2, T3, T4) and 2478 others / required for `&impl Future<Output = MeshData>` to implement `registry::_::_serde::Serialize` / required by a bound in `serde_json::to_value` / the full name for the type has been written to '/Users/ueli/Documents/semio/.🧬semio/🦑️repo/🎫️tickets/🎆️26/🌙️08/☀️20/INTERACTIVE-JOB-RUNTIME-REFACTOR/PHASE-1-5-DE-ASYNC-REPAIR-SWEEP/🧪️target-r19-stdio/debug/deps/semio_s_plugin_stdio-1d1792480c328f6d.long-type-16092809711206502411.txt' / consider using `--verbose` to print the full type name to the console
E0599	✏️s/🔌️plugins/🗄️stdio/📦️packages/🦀️rust/././../../🗿️artifacts/🧿️semio/🏅️standards/🔖️v1/🪆️subsets/✳️object/👁️viewer/🦀️component.rs	84	no method named `icon_id` found for opaque type `impl Future<Output = ViewerBuilder>` in the current scope | consider `await`ing on the `Future` and calling the method on its `Output`
E0308	✏️s/🔌️plugins/🗄️stdio/📦️packages/🦀️rust/././././././../../🗿️artifacts/🧿️semio/🏅️standards/🔖️v1/🪆️subsets/✳️object/👁️viewer/🎭️modes/👁️view/🪟️windows/🪟️main/🦀️component.rs	25	mismatched types | 
E0277	✏️s/🔌️plugins/🗄️stdio/📦️packages/🦀️rust/././././././././../../🗿️artifacts/🧿️semio/🏅️standards/🔖️v1/🪆️subsets/✳️graph/🧬️schema/📸️snapshot/🦀️component.rs	469	`dsl::ByteReader<'_>` is not a future | the trait `Future` is not implemented for `dsl::ByteReader<'_>` / required by a bound in `semio_framework_plugin::resolve_ready`
E0277	✏️s/🔌️plugins/🗄️stdio/📦️packages/🦀️rust/././././././././../../🗿️artifacts/🧿️semio/🏅️standards/🔖️v1/🪆️subsets/✳️graph/🧬️schema/📸️snapshot/🦀️component.rs	469	`dsl::ByteReader<'_>` is not a future | the trait `Future` is not implemented for `dsl::ByteReader<'_>`
E0308	✏️s/🔌️plugins/🗄️stdio/📦️packages/🦀️rust/././././././././../../🗿️artifacts/🧿️semio/🏅️standards/🔖️v1/🪆️subsets/✳️graph/📚️examples/🕸️wires/🦀️component.rs	26	mismatched types | 
E0308	✏️s/🔌️plugins/🗄️stdio/📦️packages/🦀️rust/././././././../../🗿️artifacts/🧿️semio/🏅️standards/🔖️v1/🪆️subsets/✳️object/🚪️io/🦀️component.rs	113	mismatched types | function defined here
E0308	✏️s/🔌️plugins/🗄️stdio/📦️packages/🦀️rust/./././././././../../🗿️artifacts/🧿️semio/🏅️standards/🔖️v1/🪆️subsets/✳️object/🧬️schema/🦀️component.rs	123	mismatched types | the type constructed contains `impl Future<Output = ArtifactChild<_>>` due to the type of the argument passed / tuple variant defined here
E0308	✏️s/🔌️plugins/🗄️stdio/📦️packages/🦀️rust/././././././././../../🗿️artifacts/🧿️semio/🏅️standards/🔖️v1/🪆️subsets/✳️object/🧬️schema/📸️snapshot/🦀️component.rs	101	mismatched types | the type constructed contains `impl Future<Output = ArtifactChild<_>>` due to the type of the argument passed / tuple variant defined here
E0599	✏️s/🔌️plugins/🗄️stdio/📦️packages/🦀️rust/./././././././../../🗿️artifacts/🧿️semio/🏅️standards/🔖️v1/🪆️subsets/✳️table/🧬️schema/🎲️probability-internals/🦀️component.rs	329	no method named `powf` found for opaque type `impl Future<Output = f64>` in the current scope | consider `await`ing on the `Future` and calling the method on its `Output`
E0308	✏️s/🔌️plugins/🗄️stdio/📦️packages/🦀️rust/././././././././../../🗿️artifacts/🧊️gltf/🏅️standards/🔖️2.0/🪆️subsets/✳️any/🧬️schema/💡️inferences/🔨️dag-assembly/🦀️component.rs	27	mismatched types | 
E0308	✏️s/🔌️plugins/🗄️stdio/📦️packages/🦀️rust/././././././././../../🗿️artifacts/🧊️gltf/🏅️standards/🔖️2.0/🪆️subsets/✳️any/🧬️schema/💡️inferences/🔨️dag-assembly/🦀️component.rs	28	mismatched types | 
E0277	✏️s/🔌️plugins/🗄️stdio/📦️packages/🦀️rust/./././././././../../🗿️artifacts/🧿️semio/🏅️standards/🔖️v1/🪆️subsets/✳️table/🧬️schema/🎲️probability-internals/🦀️component.rs	336	cannot subtract `impl Future<Output = f64>` from `{float}` | the trait `std::ops::Sub<impl Future<Output = f64>>` is not implemented for `{float}` / the following other types implement trait `std::ops::Sub<Rhs>`: `&f128` implements `std::ops::Sub<f128>` `&f128` implements `std::ops::Sub` `&f16` implements `std::ops::Sub<f16>` `&f16` implements `std::ops::Sub` `&f32` implements `std::ops::Sub<f32>` `&f32` implements `std::ops::Sub` `&f64` implements `std::ops::Sub<f64>` `&f64` implements `std::ops::Sub` and 56 others
E0308	✏️s/🔌️plugins/🗄️stdio/📦️packages/🦀️rust/././././././././../../🗿️artifacts/🧊️gltf/🏅️standards/🔖️2.0/🪆️subsets/✳️any/🧬️schema/💡️inferences/🔨️dag-assembly/🦀️component.rs	29	mismatched types | the full name for the type has been written to '/Users/ueli/Documents/semio/.🧬semio/🦑️repo/🎫️tickets/🎆️26/🌙️08/☀️20/INTERACTIVE-JOB-RUNTIME-REFACTOR/PHASE-1-5-DE-ASYNC-REPAIR-SWEEP/🧪️target-r19-stdio/debug/deps/semio_s_plugin_stdio-1d1792480c328f6d.long-type-13459908608091295634.txt' / consider using `--verbose` to print the full type name to the console
E0308	✏️s/🔌️plugins/🗄️stdio/📦️packages/🦀️rust/././././././././../../🗿️artifacts/🧊️gltf/🏅️standards/🔖️2.0/🪆️subsets/✳️any/🧬️schema/💡️inferences/🔨️dag-assembly/🦀️component.rs	30	mismatched types | 
E0308	✏️s/🔌️plugins/🗄️stdio/📦️packages/🦀️rust/././././././././../../🗿️artifacts/🧊️gltf/🏅️standards/🔖️2.0/🪆️subsets/✳️any/🧬️schema/💡️inferences/🔨️dag-assembly/🦀️component.rs	31	mismatched types | 
E0308	✏️s/🔌️plugins/🗄️stdio/📦️packages/🦀️rust/././././././././../../🗿️artifacts/🧊️gltf/🏅️standards/🔖️2.0/🪆️subsets/✳️any/🧬️schema/💡️inferences/🔨️dag-assembly/🦀️component.rs	32	mismatched types | 
E0308	✏️s/🔌️plugins/🗄️stdio/📦️packages/🦀️rust/././././././././../../🗿️artifacts/🧊️gltf/🏅️standards/🔖️2.0/🪆️subsets/✳️any/🧬️schema/💡️inferences/🔨️dag-assembly/🦀️component.rs	33	mismatched types | 
E0308	✏️s/🔌️plugins/🗄️stdio/📦️packages/🦀️rust/././././././././../../🗿️artifacts/🧊️gltf/🏅️standards/🔖️2.0/🪆️subsets/✳️any/🧬️schema/💡️inferences/🔨️dag-assembly/🦀️component.rs	34	mismatched types | 
E0689	✏️s/🔌️plugins/🗄️stdio/📦️packages/🦀️rust/./././././././../../🗿️artifacts/🧿️semio/🏅️standards/🔖️v1/🪆️subsets/✳️table/🧬️schema/🎲️probability-internals/🦀️component.rs	338	can't call method `sqrt` on ambiguous numeric type `{float}` | 
E0277	✏️s/🔌️plugins/🗄️stdio/📦️packages/🦀️rust/./././././././../../🗿️artifacts/🧿️semio/🏅️standards/🔖️v1/🪆️subsets/✳️table/🧬️schema/🎲️probability-internals/🦀️component.rs	338	cannot multiply `f64` by `impl Future<Output = f64>` | the trait `std::ops::Mul<impl Future<Output = f64>>` is not implemented for `f64` / the following other types implement trait `std::ops::Mul<Rhs>`: `&f64` implements `std::ops::Mul<f64>` `&f64` implements `std::ops::Mul` `f64` implements `std::ops::Mul<&f64>` `f64` implements `std::ops::Mul<kurbo::affine::Affine>` `f64` implements `std::ops::Mul<kurbo::size::Size>` `f64` implements `std::ops::Mul<kurbo::translate_scale::TranslateScale>` `f64` implements `std::ops::Mul<kurbo::vec2::Vec2>` `f64` implements `std::ops::Mul<semio_framework_geometry::Vec2>` `f64` implements `std::ops::Mul`
E0308	✏️s/🔌️plugins/🗄️stdio/📦️packages/🦀️rust/././././././././../../🗿️artifacts/🧊️gltf/🏅️standards/🔖️2.0/🪆️subsets/✳️any/🧬️schema/💡️inferences/🔨️dag-assembly/🦀️component.rs	35	mismatched types | 
E0369	✏️s/🔌️plugins/🗄️stdio/📦️packages/🦀️rust/./././././././../../🗿️artifacts/🧿️semio/🏅️standards/🔖️v1/🪆️subsets/✳️table/🧬️schema/🎲️probability-internals/🦀️component.rs	346	binary operation `<` cannot be applied to type `impl Future<Output = f64>` | 
E0308	✏️s/🔌️plugins/🗄️stdio/📦️packages/🦀️rust/././././././././../../🗿️artifacts/🧊️gltf/🏅️standards/🔖️2.0/🪆️subsets/✳️any/🧬️schema/💡️inferences/🔨️dag-assembly/🦀️component.rs	36	mismatched types | 
E0308	✏️s/🔌️plugins/🗄️stdio/📦️packages/🦀️rust/././././././././../../🗿️artifacts/🧊️gltf/🏅️standards/🔖️2.0/🪆️subsets/✳️any/🧬️schema/💡️inferences/🔨️dag-assembly/🦀️component.rs	37	mismatched types | 
E0308	✏️s/🔌️plugins/🗄️stdio/📦️packages/🦀️rust/././././././././../../🗿️artifacts/🧊️gltf/🏅️standards/🔖️2.0/🪆️subsets/✳️any/🧬️schema/💡️inferences/🔨️dag-assembly/🦀️component.rs	38	mismatched types | 
E0308	✏️s/🔌️plugins/🗄️stdio/📦️packages/🦀️rust/././././././././../../🗿️artifacts/🧊️gltf/🏅️standards/🔖️2.0/🪆️subsets/✳️any/🧬️schema/💡️inferences/🔨️dag-assembly/🦀️component.rs	39	mismatched types | 
E0308	✏️s/🔌️plugins/🗄️stdio/📦️packages/🦀️rust/././././././././../../🗿️artifacts/🧊️gltf/🏅️standards/🔖️2.0/🪆️subsets/✳️any/🧬️schema/💡️inferences/🔨️dag-assembly/🦀️component.rs	40	mismatched types | 
E0308	✏️s/🔌️plugins/🗄️stdio/📦️packages/🦀️rust/././././././././../../🗿️artifacts/🧊️gltf/🏅️standards/🔖️2.0/🪆️subsets/✳️any/🧬️schema/💡️inferences/🔨️dag-assembly/🦀️component.rs	52	mismatched types | 
E0308	✏️s/🔌️plugins/🗄️stdio/📦️packages/🦀️rust/././././././././../../🗿️artifacts/🧊️gltf/🏅️standards/🔖️2.0/🪆️subsets/✳️any/🧬️schema/💡️inferences/🔨️dag-assembly/🦀️component.rs	53	mismatched types | 
E0308	✏️s/🔌️plugins/🗄️stdio/📦️packages/🦀️rust/././././././././../../🗿️artifacts/🧊️gltf/🏅️standards/🔖️2.0/🪆️subsets/✳️any/🧬️schema/💡️inferences/🔨️dag-assembly/🦀️component.rs	54	mismatched types | the full name for the type has been written to '/Users/ueli/Documents/semio/.🧬semio/🦑️repo/🎫️tickets/🎆️26/🌙️08/☀️20/INTERACTIVE-JOB-RUNTIME-REFACTOR/PHASE-1-5-DE-ASYNC-REPAIR-SWEEP/🧪️target-r19-stdio/debug/deps/semio_s_plugin_stdio-1d1792480c328f6d.long-type-9420128906226824918.txt' / consider using `--verbose` to print the full type name to the console
E0308	✏️s/🔌️plugins/🗄️stdio/📦️packages/🦀️rust/././././././././../../🗿️artifacts/🧊️gltf/🏅️standards/🔖️2.0/🪆️subsets/✳️any/🧬️schema/💡️inferences/🔨️dag-assembly/🦀️component.rs	55	mismatched types | 
E0308	✏️s/🔌️plugins/🗄️stdio/📦️packages/🦀️rust/././././././././../../🗿️artifacts/🧊️gltf/🏅️standards/🔖️2.0/🪆️subsets/✳️any/🧬️schema/💡️inferences/🔨️dag-assembly/🦀️component.rs	56	mismatched types | 
E0308	✏️s/🔌️plugins/🗄️stdio/📦️packages/🦀️rust/././././././././../../🗿️artifacts/🧊️gltf/🏅️standards/🔖️2.0/🪆️subsets/✳️any/🧬️schema/💡️inferences/🔨️dag-assembly/🦀️component.rs	57	mismatched types | 
E0308	✏️s/🔌️plugins/🗄️stdio/📦️packages/🦀️rust/././././././././../../🗿️artifacts/🧊️gltf/🏅️standards/🔖️2.0/🪆️subsets/✳️any/🧬️schema/💡️inferences/🔨️dag-assembly/🦀️component.rs	58	mismatched types | 
E0308	✏️s/🔌️plugins/🗄️stdio/📦️packages/🦀️rust/././././././././../../🗿️artifacts/🧊️gltf/🏅️standards/🔖️2.0/🪆️subsets/✳️any/🧬️schema/💡️inferences/🔨️dag-assembly/🦀️component.rs	59	mismatched types | 
E0308	✏️s/🔌️plugins/🗄️stdio/📦️packages/🦀️rust/././././././././../../🗿️artifacts/🧊️gltf/🏅️standards/🔖️2.0/🪆️subsets/✳️any/🧬️schema/💡️inferences/🔨️dag-assembly/🦀️component.rs	60	mismatched types | 
E0308	✏️s/🔌️plugins/🗄️stdio/📦️packages/🦀️rust/././././././././../../🗿️artifacts/🧊️gltf/🏅️standards/🔖️2.0/🪆️subsets/✳️any/🧬️schema/💡️inferences/🔨️dag-assembly/🦀️component.rs	61	mismatched types | 
E0308	✏️s/🔌️plugins/🗄️stdio/📦️packages/🦀️rust/././././././././../../🗿️artifacts/🧊️gltf/🏅️standards/🔖️2.0/🪆️subsets/✳️any/🧬️schema/💡️inferences/🔨️dag-assembly/🦀️component.rs	62	mismatched types | 
E0599	✏️s/🔌️plugins/🗄️stdio/📦️packages/🦀️rust/./././././././../../🗿️artifacts/🧿️semio/🏅️standards/🔖️v1/🪆️subsets/✳️table/🧬️schema/🎲️probability-internals/🦀️component.rs	349	no method named `ln` found for opaque type `impl Future<Output = f64>` in the current scope | consider `await`ing on the `Future` and calling the method on its `Output`
E0308	✏️s/🔌️plugins/🗄️stdio/📦️packages/🦀️rust/././././././././../../🗿️artifacts/🧊️gltf/🏅️standards/🔖️2.0/🪆️subsets/✳️any/🧬️schema/💡️inferences/🔨️dag-assembly/🦀️component.rs	63	mismatched types | 
E0308	✏️s/🔌️plugins/🗄️stdio/📦️packages/🦀️rust/././././././././../../🗿️artifacts/🧊️gltf/🏅️standards/🔖️2.0/🪆️subsets/✳️any/🧬️schema/💡️inferences/🔨️dag-assembly/🦀️component.rs	64	mismatched types | 
E0308	✏️s/🔌️plugins/🗄️stdio/📦️packages/🦀️rust/././././././././../../🗿️artifacts/🧊️gltf/🏅️standards/🔖️2.0/🪆️subsets/✳️any/🧬️schema/💡️inferences/🔨️dag-assembly/🦀️component.rs	65	mismatched types | 
E0308	✏️s/🔌️plugins/🗄️stdio/📦️packages/🦀️rust/./././././././../../🗿️artifacts/🧿️semio/🏅️standards/🔖️v1/🪆️subsets/✳️table/🧬️schema/🎲️probability-internals/🦀️component.rs	864	mismatched types | method defined here
E0277	✏️s/🔌️plugins/🗄️stdio/📦️packages/🦀️rust/./././././././../../🗿️artifacts/🧿️semio/🏅️standards/🔖️v1/🪆️subsets/✳️table/🧬️schema/🎲️probability-internals/🦀️component.rs	865	cannot subtract-assign `impl Future<Output = u64>` from `u64` | the trait `SubAssign<impl Future<Output = u64>>` is not implemented for `u64` / `u64` implements trait `SubAssign<Rhs>`
E0308	✏️s/🔌️plugins/🗄️stdio/📦️packages/🦀️rust/././././././././../../🗿️artifacts/🧿️semio/🏅️standards/🔖️v1/🪆️subsets/✳️table/📚️examples/📃️sheet/🦀️component.rs	24	mismatched types | 
E0308	✏️s/🔌️plugins/🗄️stdio/📦️packages/🦀️rust/././././././../../🗿️artifacts/🧿️semio/🏅️standards/🔖️v1/🪆️subsets/✳️graph/🚪️io/🦀️component.rs	89	mismatched types | function defined here
E0277	✏️s/🔌️plugins/🗄️stdio/📦️packages/🦀️rust/./././././././../../🗿️artifacts/🧿️semio/🏅️standards/🔖️v1/🪆️subsets/✳️table/🧬️schema/📊️statistics-internals/🦀️component.rs	389	cannot subtract `impl Future<Output = f64>` from `{float}` | the trait `std::ops::Sub<impl Future<Output = f64>>` is not implemented for `{float}` / the following other types implement trait `std::ops::Sub<Rhs>`: `&f128` implements `std::ops::Sub<f128>` `&f128` implements `std::ops::Sub` `&f16` implements `std::ops::Sub<f16>` `&f16` implements `std::ops::Sub` `&f32` implements `std::ops::Sub<f32>` `&f32` implements `std::ops::Sub` `&f64` implements `std::ops::Sub<f64>` `&f64` implements `std::ops::Sub` and 56 others
E0277	✏️s/🔌️plugins/🗄️stdio/📦️packages/🦀️rust/./././././././../../🗿️artifacts/🧿️semio/🏅️standards/🔖️v1/🪆️subsets/✳️table/🧬️schema/📊️statistics-internals/🦀️component.rs	433	cannot subtract `impl Future<Output = f64>` from `{float}` | the trait `std::ops::Sub<impl Future<Output = f64>>` is not implemented for `{float}` / the following other types implement trait `std::ops::Sub<Rhs>`: `&f128` implements `std::ops::Sub<f128>` `&f128` implements `std::ops::Sub` `&f16` implements `std::ops::Sub<f16>` `&f16` implements `std::ops::Sub` `&f32` implements `std::ops::Sub<f32>` `&f32` implements `std::ops::Sub` `&f64` implements `std::ops::Sub<f64>` `&f64` implements `std::ops::Sub` and 56 others
E0277	✏️s/🔌️plugins/🗄️stdio/📦️packages/🦀️rust/./././././././../../🗿️artifacts/🧿️semio/🏅️standards/🔖️v1/🪆️subsets/✳️table/🧬️schema/📊️statistics-internals/🦀️component.rs	475	cannot subtract `impl Future<Output = f64>` from `{float}` | the trait `std::ops::Sub<impl Future<Output = f64>>` is not implemented for `{float}` / the following other types implement trait `std::ops::Sub<Rhs>`: `&f128` implements `std::ops::Sub<f128>` `&f128` implements `std::ops::Sub` `&f16` implements `std::ops::Sub<f16>` `&f16` implements `std::ops::Sub` `&f32` implements `std::ops::Sub<f32>` `&f32` implements `std::ops::Sub` `&f64` implements `std::ops::Sub<f64>` `&f64` implements `std::ops::Sub` and 56 others
E0277	✏️s/🔌️plugins/🗄️stdio/📦️packages/🦀️rust/./././././././../../🗿️artifacts/🧿️semio/🏅️standards/🔖️v1/🪆️subsets/✳️table/🧬️schema/📊️statistics-internals/🦀️component.rs	499	cannot subtract `impl Future<Output = f64>` from `{float}` | the trait `std::ops::Sub<impl Future<Output = f64>>` is not implemented for `{float}` / the following other types implement trait `std::ops::Sub<Rhs>`: `&f128` implements `std::ops::Sub<f128>` `&f128` implements `std::ops::Sub` `&f16` implements `std::ops::Sub<f16>` `&f16` implements `std::ops::Sub` `&f32` implements `std::ops::Sub<f32>` `&f32` implements `std::ops::Sub` `&f64` implements `std::ops::Sub<f64>` `&f64` implements `std::ops::Sub` and 56 others
E0277	✏️s/🔌️plugins/🗄️stdio/📦️packages/🦀️rust/././././././././../../🗿️artifacts/🧿️semio/🏅️standards/🔖️v1/🪆️subsets/✳️graph/🧬️schema/➕️normal-internals/➡️directed/🦀️component.rs	370	`std::option::Option<&BTreeMap<std::string::String, graph_core::PropertyValue>>` is not a future | the trait `Future` is not implemented for `std::option::Option<&BTreeMap<std::string::String, graph_core::PropertyValue>>` / required by a bound in `semio_framework_plugin::resolve_ready`
E0277	✏️s/🔌️plugins/🗄️stdio/📦️packages/🦀️rust/././././././././../../🗿️artifacts/🧿️semio/🏅️standards/🔖️v1/🪆️subsets/✳️graph/🧬️schema/➕️normal-internals/➡️directed/🦀️component.rs	370	`std::option::Option<&BTreeMap<std::string::String, graph_core::PropertyValue>>` is not a future | the trait `Future` is not implemented for `std::option::Option<&BTreeMap<std::string::String, graph_core::PropertyValue>>`
E0277	✏️s/🔌️plugins/🗄️stdio/📦️packages/🦀️rust/././././././././../../🗿️artifacts/🧿️semio/🏅️standards/🔖️v1/🪆️subsets/✳️graph/🧬️schema/➕️normal-internals/➡️directed/🦀️component.rs	389	`std::option::Option<&BTreeMap<std::string::String, graph_core::PropertyValue>>` is not a future | the trait `Future` is not implemented for `std::option::Option<&BTreeMap<std::string::String, graph_core::PropertyValue>>` / required by a bound in `semio_framework_plugin::resolve_ready`
E0277	✏️s/🔌️plugins/🗄️stdio/📦️packages/🦀️rust/././././././././../../🗿️artifacts/🧿️semio/🏅️standards/🔖️v1/🪆️subsets/✳️graph/🧬️schema/➕️normal-internals/➡️directed/🦀️component.rs	389	`std::option::Option<&BTreeMap<std::string::String, graph_core::PropertyValue>>` is not a future | the trait `Future` is not implemented for `std::option::Option<&BTreeMap<std::string::String, graph_core::PropertyValue>>`
E0277	✏️s/🔌️plugins/🗄️stdio/📦️packages/🦀️rust/././././././././../../🗿️artifacts/🧿️semio/🏅️standards/🔖️v1/🪆️subsets/✳️table/🧬️schema/📸️snapshot/🦀️component.rs	257	`dsl::ByteReader<'_>` is not a future | the trait `Future` is not implemented for `dsl::ByteReader<'_>` / required by a bound in `semio_framework_plugin::resolve_ready`
E0277	✏️s/🔌️plugins/🗄️stdio/📦️packages/🦀️rust/././././././././../../🗿️artifacts/🧿️semio/🏅️standards/🔖️v1/🪆️subsets/✳️table/🧬️schema/📸️snapshot/🦀️component.rs	257	`dsl::ByteReader<'_>` is not a future | the trait `Future` is not implemented for `dsl::ByteReader<'_>`
E0277	/Users/ueli/.cargo/registry/src/index.crates.io-1949cf8c6b5b557f/serde_json-1.0.149/src/macros.rs	279	the trait bound `impl Future<Output = MeshData>: serde::Serialize` is not satisfied | for local types consider adding `#[derive(serde::Serialize)]` to your `impl Future<Output = MeshData>` type / for types from other crates check whether the crate offers a `serde` feature flag / the following other types implement trait `registry::_::_serde::Serialize`: &'a T &'a mut T () (T,) (T0, T1) (T0, T1, T2) (T0, T1, T2, T3) (T0, T1, T2, T3, T4) and 2478 others / required for `&impl Future<Output = MeshData>` to implement `registry::_::_serde::Serialize` / required by a bound in `serde_json::to_value` / the full name for the type has been written to '/Users/ueli/Documents/semio/.🧬semio/🦑️repo/🎫️tickets/🎆️26/🌙️08/☀️20/INTERACTIVE-JOB-RUNTIME-REFACTOR/PHASE-1-5-DE-ASYNC-REPAIR-SWEEP/🧪️target-r19-stdio/debug/deps/semio_s_plugin_stdio-1d1792480c328f6d.long-type-16092809711206502411.txt' / consider using `--verbose` to print the full type name to the console
E0599	✏️s/🔌️plugins/🗄️stdio/📦️packages/🦀️rust/././../../🗿️artifacts/🧿️semio/🏅️standards/🔖️v1/🪆️subsets/✳️flow/✏️editor/🦀️component.rs	88	no method named `icon_id` found for opaque type `impl Future<Output = EditorBuilder>` in the current scope | consider `await`ing on the `Future` and calling the method on its `Output`
E0277	✏️s/🔌️plugins/🗄️stdio/📦️packages/🦀️rust/./././././././../../🗿️artifacts/🧿️semio/🏅️standards/🔖️v1/🪆️subsets/✳️table/🧬️schema/🎲️entropy-internals/🦀️component.rs	5431	the `?` operator can only be applied to values that implement `Try` | the nightly-only, unstable trait `Try` is not implemented for `impl Future<Output = Result<Vec<u32>, EntropyError>>` / this implements `Future` and its output type supports `?`, but the future cannot be awaited in a synchronous function
E0277	✏️s/🔌️plugins/🗄️stdio/📦️packages/🦀️rust/./././././././../../🗿️artifacts/🧿️semio/🏅️standards/🔖️v1/🪆️subsets/✳️table/🧬️schema/🎲️entropy-internals/🦀️component.rs	5431	the size for values of type `[u32]` cannot be known at compilation time | the trait `Sized` is not implemented for `[u32]` / all local variables must have a statically known size
E0277	✏️s/🔌️plugins/🗄️stdio/📦️packages/🦀️rust/./././././././../../🗿️artifacts/🧿️semio/🏅️standards/🔖️v1/🪆️subsets/✳️table/🧬️schema/🎲️entropy-internals/🦀️component.rs	5431	the size for values of type `[u32]` cannot be known at compilation time | the trait `Sized` is not implemented for `[u32]` / all local variables must have a statically known size
E0277	✏️s/🔌️plugins/🗄️stdio/📦️packages/🦀️rust/./././././././../../🗿️artifacts/🧿️semio/🏅️standards/🔖️v1/🪆️subsets/✳️table/🧬️schema/🎲️entropy-internals/🦀️component.rs	5431	the size for values of type `[u32]` cannot be known at compilation time | the trait `Sized` is not implemented for `[u32]` / required by an implicit `Sized` bound in `ControlFlow`
E0277	✏️s/🔌️plugins/🗄️stdio/📦️packages/🦀️rust/./././././././../../🗿️artifacts/🧿️semio/🏅️standards/🔖️v1/🪆️subsets/✳️table/🧬️schema/🎲️entropy-internals/🦀️component.rs	5431	the size for values of type `[u32]` cannot be known at compilation time | the trait `Sized` is not implemented for `[u32]` / required by an implicit `Sized` bound in `ControlFlow`
E0308	✏️s/🔌️plugins/🗄️stdio/📦️packages/🦀️rust/./././././././../../🗿️artifacts/🧿️semio/🏅️standards/🔖️v1/🪆️subsets/✳️table/🧬️schema/🎲️entropy-internals/🦀️component.rs	5432	mismatched types | function defined here
E0277	✏️s/🔌️plugins/🗄️stdio/📦️packages/🦀️rust/./././././././../../🗿️artifacts/🧿️semio/🏅️standards/🔖️v1/🪆️subsets/✳️table/🧬️schema/🎲️entropy-internals/🦀️component.rs	5463	the `?` operator can only be applied to values that implement `Try` | the nightly-only, unstable trait `Try` is not implemented for `impl Future<Output = Result<Vec<u32>, EntropyError>>` / this implements `Future` and its output type supports `?`, but the future cannot be awaited in a synchronous function
E0277	✏️s/🔌️plugins/🗄️stdio/📦️packages/🦀️rust/./././././././../../🗿️artifacts/🧿️semio/🏅️standards/🔖️v1/🪆️subsets/✳️table/🧬️schema/🎲️entropy-internals/🦀️component.rs	5463	the size for values of type `[u32]` cannot be known at compilation time | the trait `Sized` is not implemented for `[u32]` / all local variables must have a statically known size
E0277	✏️s/🔌️plugins/🗄️stdio/📦️packages/🦀️rust/./././././././../../🗿️artifacts/🧿️semio/🏅️standards/🔖️v1/🪆️subsets/✳️table/🧬️schema/🎲️entropy-internals/🦀️component.rs	5463	the size for values of type `[u32]` cannot be known at compilation time | the trait `Sized` is not implemented for `[u32]` / all local variables must have a statically known size
E0277	✏️s/🔌️plugins/🗄️stdio/📦️packages/🦀️rust/./././././././../../🗿️artifacts/🧿️semio/🏅️standards/🔖️v1/🪆️subsets/✳️table/🧬️schema/🎲️entropy-internals/🦀️component.rs	5463	the size for values of type `[u32]` cannot be known at compilation time | the trait `Sized` is not implemented for `[u32]` / required by an implicit `Sized` bound in `ControlFlow`
E0277	✏️s/🔌️plugins/🗄️stdio/📦️packages/🦀️rust/./././././././../../🗿️artifacts/🧿️semio/🏅️standards/🔖️v1/🪆️subsets/✳️table/🧬️schema/🎲️entropy-internals/🦀️component.rs	5463	the size for values of type `[u32]` cannot be known at compilation time | the trait `Sized` is not implemented for `[u32]` / required by an implicit `Sized` bound in `ControlFlow`
E0308	✏️s/🔌️plugins/🗄️stdio/📦️packages/🦀️rust/./././././././../../🗿️artifacts/🧿️semio/🏅️standards/🔖️v1/🪆️subsets/✳️table/🧬️schema/🎲️entropy-internals/🦀️component.rs	5464	mismatched types | function defined here
E0277	/Users/ueli/.cargo/registry/src/index.crates.io-1949cf8c6b5b557f/serde_json-1.0.149/src/macros.rs	279	the trait bound `impl Future<Output = MeshData>: serde::Serialize` is not satisfied | for local types consider adding `#[derive(serde::Serialize)]` to your `impl Future<Output = MeshData>` type / for types from other crates check whether the crate offers a `serde` feature flag / the following other types implement trait `registry::_::_serde::Serialize`: &'a T &'a mut T () (T,) (T0, T1) (T0, T1, T2) (T0, T1, T2, T3) (T0, T1, T2, T3, T4) and 2478 others / required for `&impl Future<Output = MeshData>` to implement `registry::_::_serde::Serialize` / required by a bound in `serde_json::to_value` / the full name for the type has been written to '/Users/ueli/Documents/semio/.🧬semio/🦑️repo/🎫️tickets/🎆️26/🌙️08/☀️20/INTERACTIVE-JOB-RUNTIME-REFACTOR/PHASE-1-5-DE-ASYNC-REPAIR-SWEEP/🧪️target-r19-stdio/debug/deps/semio_s_plugin_stdio-1d1792480c328f6d.long-type-16092809711206502411.txt' / consider using `--verbose` to print the full type name to the console
E0605	✏️s/🔌️plugins/🗄️stdio/📦️packages/🦀️rust/./././././././../../🗿️artifacts/🧿️semio/🏅️standards/🔖️v1/🪆️subsets/✳️table/🧬️schema/🎲️entropy-internals/🦀️component.rs	6316	non-primitive cast: `impl Future<Output = usize>` as `f64` | 
E0605	✏️s/🔌️plugins/🗄️stdio/📦️packages/🦀️rust/./././././././../../🗿️artifacts/🧿️semio/🏅️standards/🔖️v1/🪆️subsets/✳️table/🧬️schema/🎲️entropy-internals/🦀️component.rs	6317	non-primitive cast: `impl Future<Output = usize>` as `f64` | 
E0605	✏️s/🔌️plugins/🗄️stdio/📦️packages/🦀️rust/./././././././../../🗿️artifacts/🧿️semio/🏅️standards/🔖️v1/🪆️subsets/✳️table/🧬️schema/🎲️entropy-internals/🦀️component.rs	6321	non-primitive cast: `impl Future<Output = usize>` as `f64` | 
E0308	✏️s/🔌️plugins/🗄️stdio/📦️packages/🦀️rust/././././././../../🗿️artifacts/🧿️semio/🏅️standards/🔖️v1/🪆️subsets/✳️table/🚪️io/🦀️component.rs	91	mismatched types | function defined here
E0599	✏️s/🔌️plugins/🗄️stdio/📦️packages/🦀️rust/././../../🗿️artifacts/🏗️ifc/🏅️standards/🔖️2x3/🪆️subsets/✳️cv20/👁️viewer/🦀️component.rs	84	no method named `icon_id` found for opaque type `impl Future<Output = ViewerBuilder>` in the current scope | consider `await`ing on the `Future` and calling the method on its `Output`
E0308	✏️s/🔌️plugins/🗄️stdio/📦️packages/🦀️rust/././././././../../🗿️artifacts/🏗️ifc/🏅️standards/🔖️2x3/🪆️subsets/✳️cv20/👁️viewer/🎭️modes/👁️view/🪟️windows/🪟️main/🦀️component.rs	25	mismatched types | 
E0277	✏️s/🔌️plugins/🗄️stdio/📦️packages/🦀️rust/./././././././../../🗿️artifacts/🧿️semio/🏅️standards/🔖️v1/🪆️subsets/✳️table/🧬️schema/🔗️causal-internals/🦀️component.rs	517	the `?` operator can only be applied to values that implement `Try` | the nightly-only, unstable trait `Try` is not implemented for `impl Future<Output = Result<TestResult, CausalError>>` / this implements `Future` and its output type supports `?`, but the future cannot be awaited in a synchronous function
E0308	✏️s/🔌️plugins/🗄️stdio/📦️packages/🦀️rust/././././././../../🗿️artifacts/🧿️semio/🏅️standards/🔖️v1/🪆️subsets/✳️text/🚪️io/🦀️component.rs	90	mismatched types | function defined here
E0277	/Users/ueli/.cargo/registry/src/index.crates.io-1949cf8c6b5b557f/serde_json-1.0.149/src/macros.rs	279	the trait bound `impl Future<Output = MeshData>: serde::Serialize` is not satisfied | for local types consider adding `#[derive(serde::Serialize)]` to your `impl Future<Output = MeshData>` type / for types from other crates check whether the crate offers a `serde` feature flag / the following other types implement trait `registry::_::_serde::Serialize`: &'a T &'a mut T () (T,) (T0, T1) (T0, T1, T2) (T0, T1, T2, T3) (T0, T1, T2, T3, T4) and 2478 others / required for `&impl Future<Output = MeshData>` to implement `registry::_::_serde::Serialize` / required by a bound in `serde_json::to_value` / the full name for the type has been written to '/Users/ueli/Documents/semio/.🧬semio/🦑️repo/🎫️tickets/🎆️26/🌙️08/☀️20/INTERACTIVE-JOB-RUNTIME-REFACTOR/PHASE-1-5-DE-ASYNC-REPAIR-SWEEP/🧪️target-r19-stdio/debug/deps/semio_s_plugin_stdio-1d1792480c328f6d.long-type-16092809711206502411.txt' / consider using `--verbose` to print the full type name to the console
E0277	✏️s/🔌️plugins/🗄️stdio/📦️packages/🦀️rust/./././././././../../🗿️artifacts/🧿️semio/🏅️standards/🔖️v1/🪆️subsets/✳️table/🧬️schema/🔗️causal-internals/🦀️component.rs	678	the `?` operator can only be applied to values that implement `Try` | the nightly-only, unstable trait `Try` is not implemented for `impl Future<Output = Result<TestResult, CausalError>>` / this implements `Future` and its output type supports `?`, but the future cannot be awaited in a synchronous function
E0599	✏️s/🔌️plugins/🗄️stdio/📦️packages/🦀️rust/././../../🗿️artifacts/🧿️semio/🏅️standards/🔖️v1/🪆️subsets/✳️text/✏️editor/🦀️component.rs	88	no method named `icon_id` found for opaque type `impl Future<Output = EditorBuilder>` in the current scope | consider `await`ing on the `Future` and calling the method on its `Output`
E0308	✏️s/🔌️plugins/🗄️stdio/📦️packages/🦀️rust/././././././../../🗿️artifacts/🧿️semio/🏅️standards/🔖️v1/🪆️subsets/✳️text/✏️editor/🎭️modes/✏️edit/🪟️windows/🪟️main/🦀️component.rs	24	mismatched types | 
E0277	✏️s/🔌️plugins/🗄️stdio/📦️packages/🦀️rust/./././././././../../🗿️artifacts/🧿️semio/🏅️standards/🔖️v1/🪆️subsets/✳️table/🧬️schema/🔗️causal-internals/🦀️component.rs	840	cannot subtract `impl Future<Output = f64>` from `{float}` | the trait `std::ops::Sub<impl Future<Output = f64>>` is not implemented for `{float}` / the following other types implement trait `std::ops::Sub<Rhs>`: `&f128` implements `std::ops::Sub<f128>` `&f128` implements `std::ops::Sub` `&f16` implements `std::ops::Sub<f16>` `&f16` implements `std::ops::Sub` `&f32` implements `std::ops::Sub<f32>` `&f32` implements `std::ops::Sub` `&f64` implements `std::ops::Sub<f64>` `&f64` implements `std::ops::Sub` and 56 others
E0277	/Users/ueli/.cargo/registry/src/index.crates.io-1949cf8c6b5b557f/serde_json-1.0.149/src/macros.rs	279	the trait bound `impl Future<Output = MeshData>: serde::Serialize` is not satisfied | for local types consider adding `#[derive(serde::Serialize)]` to your `impl Future<Output = MeshData>` type / for types from other crates check whether the crate offers a `serde` feature flag / the following other types implement trait `registry::_::_serde::Serialize`: &'a T &'a mut T () (T,) (T0, T1) (T0, T1, T2) (T0, T1, T2, T3) (T0, T1, T2, T3, T4) and 2478 others / required for `&impl Future<Output = MeshData>` to implement `registry::_::_serde::Serialize` / required by a bound in `serde_json::to_value` / the full name for the type has been written to '/Users/ueli/Documents/semio/.🧬semio/🦑️repo/🎫️tickets/🎆️26/🌙️08/☀️20/INTERACTIVE-JOB-RUNTIME-REFACTOR/PHASE-1-5-DE-ASYNC-REPAIR-SWEEP/🧪️target-r19-stdio/debug/deps/semio_s_plugin_stdio-1d1792480c328f6d.long-type-16092809711206502411.txt' / consider using `--verbose` to print the full type name to the console
E0277	/Users/ueli/.cargo/registry/src/index.crates.io-1949cf8c6b5b557f/serde_json-1.0.149/src/macros.rs	279	the trait bound `impl Future<Output = MeshData>: serde::Serialize` is not satisfied | for local types consider adding `#[derive(serde::Serialize)]` to your `impl Future<Output = MeshData>` type / for types from other crates check whether the crate offers a `serde` feature flag / the following other types implement trait `registry::_::_serde::Serialize`: &'a T &'a mut T () (T,) (T0, T1) (T0, T1, T2) (T0, T1, T2, T3) (T0, T1, T2, T3, T4) and 2478 others / required for `&impl Future<Output = MeshData>` to implement `registry::_::_serde::Serialize` / required by a bound in `serde_json::to_value` / the full name for the type has been written to '/Users/ueli/Documents/semio/.🧬semio/🦑️repo/🎫️tickets/🎆️26/🌙️08/☀️20/INTERACTIVE-JOB-RUNTIME-REFACTOR/PHASE-1-5-DE-ASYNC-REPAIR-SWEEP/🧪️target-r19-stdio/debug/deps/semio_s_plugin_stdio-1d1792480c328f6d.long-type-16092809711206502411.txt' / consider using `--verbose` to print the full type name to the console
E0277	✏️s/🔌️plugins/🗄️stdio/📦️packages/🦀️rust/././././././././../../🗿️artifacts/🧿️semio/🏅️standards/🔖️v1/🪆️subsets/✳️text/🧬️schema/📸️snapshot/🦀️component.rs	282	`dsl::ByteReader<'_>` is not a future | the trait `Future` is not implemented for `dsl::ByteReader<'_>` / required by a bound in `semio_framework_plugin::resolve_ready`
E0277	✏️s/🔌️plugins/🗄️stdio/📦️packages/🦀️rust/././././././././../../🗿️artifacts/🧿️semio/🏅️standards/🔖️v1/🪆️subsets/✳️text/🧬️schema/📸️snapshot/🦀️component.rs	282	`dsl::ByteReader<'_>` is not a future | the trait `Future` is not implemented for `dsl::ByteReader<'_>`
E0277	✏️s/🔌️plugins/🗄️stdio/📦️packages/🦀️rust/./././././././../../🗿️artifacts/🧿️semio/🏅️standards/🔖️v1/🪆️subsets/✳️table/🧬️schema/🔗️causal-internals/🦀️component.rs	1080	cannot add-assign `impl Future<Output = f64>` to `f64` | the trait `AddAssign<impl Future<Output = f64>>` is not implemented for `f64` / `f64` implements trait `AddAssign<Rhs>`
E0599	✏️s/🔌️plugins/🗄️stdio/📦️packages/🦀️rust/././../../🗿️artifacts/🖊️dwg/🏅️standards/🔖️ac1018/🪆️subsets/✳️any/✏️editor/🦀️component.rs	88	no method named `icon_id` found for opaque type `impl Future<Output = EditorBuilder>` in the current scope | consider `await`ing on the `Future` and calling the method on its `Output`
E0308	✏️s/🔌️plugins/🗄️stdio/📦️packages/🦀️rust/././././././../../🗿️artifacts/🖊️dwg/🏅️standards/🔖️ac1018/🪆️subsets/✳️any/✏️editor/🎭️modes/✏️edit/🪟️windows/🪟️main/🦀️component.rs	24	mismatched types | 
E0599	✏️s/🔌️plugins/🗄️stdio/📦️packages/🦀️rust/././../../🗿️artifacts/🧿️semio/🏅️standards/🔖️v1/🪆️subsets/✳️presentation/👁️viewer/🦀️component.rs	84	no method named `icon_id` found for opaque type `impl Future<Output = ViewerBuilder>` in the current scope | consider `await`ing on the `Future` and calling the method on its `Output`
E0308	✏️s/🔌️plugins/🗄️stdio/📦️packages/🦀️rust/././././././../../🗿️artifacts/🧿️semio/🏅️standards/🔖️v1/🪆️subsets/✳️presentation/👁️viewer/🎭️modes/👁️view/🪟️windows/🪟️main/🦀️component.rs	25	mismatched types | 
E0369	✏️s/🔌️plugins/🗄️stdio/📦️packages/🦀️rust/./././././././../../🗿️artifacts/🧿️semio/🏅️standards/🔖️v1/🪆️subsets/✳️table/🧬️schema/🔗️causal-internals/🦀️component.rs	1302	binary operation `<` cannot be applied to type `impl Future<Output = f64>` | 
E0368	✏️s/🔌️plugins/🗄️stdio/📦️packages/🦀️rust/./././././././../../🗿️artifacts/🧿️semio/🏅️standards/🔖️v1/🪆️subsets/✳️table/🧬️schema/🔗️causal-internals/🦀️component.rs	1306	binary assignment operation `-=` cannot be applied to type `impl Future<Output = f64>` | 
E0599	✏️s/🔌️plugins/🗄️stdio/📦️packages/🦀️rust/./././././././../../🗿️artifacts/🧿️semio/🏅️standards/🔖️v1/🪆️subsets/✳️table/🧬️schema/🔗️causal-internals/🦀️component.rs	1514	no method named `next_range` found for opaque type `impl Future<Output = semio_framework_geometry::random::Rng>` in the current scope | consider `await`ing on the `Future` and calling the method on its `Output`
E0308	✏️s/🔌️plugins/🗄️stdio/📦️packages/🦀️rust/./././././././../../🗿️artifacts/🧿️semio/🏅️standards/🔖️v1/🪆️subsets/✳️flow/🚪️io/🦀️component.rs	118	mismatched types | function defined here
E0308	✏️s/🔌️plugins/🗄️stdio/📦️packages/🦀️rust/././././././../../🗿️artifacts/🧿️semio/🏅️standards/🔖️v1/🪆️subsets/✳️video/🚪️io/🦀️component.rs	130	mismatched types | function defined here
E0277	✏️s/🔌️plugins/🗄️stdio/📦️packages/🦀️rust/././././././././../../🗿️artifacts/🧿️semio/🏅️standards/🔖️v1/🪆️subsets/✳️flow/🧬️schema/📸️snapshot/🦀️component.rs	280	`dsl::ByteReader<'_>` is not a future | the trait `Future` is not implemented for `dsl::ByteReader<'_>` / required by a bound in `semio_framework_plugin::resolve_ready`
E0277	✏️s/🔌️plugins/🗄️stdio/📦️packages/🦀️rust/././././././././../../🗿️artifacts/🧿️semio/🏅️standards/🔖️v1/🪆️subsets/✳️video/🧬️schema/📸️snapshot/🦀️component.rs	300	`dsl::ByteReader<'_>` is not a future | the trait `Future` is not implemented for `dsl::ByteReader<'_>` / required by a bound in `semio_framework_plugin::resolve_ready`
E0277	✏️s/🔌️plugins/🗄️stdio/📦️packages/🦀️rust/././././././././../../🗿️artifacts/🧿️semio/🏅️standards/🔖️v1/🪆️subsets/✳️flow/🧬️schema/📸️snapshot/🦀️component.rs	280	`dsl::ByteReader<'_>` is not a future | the trait `Future` is not implemented for `dsl::ByteReader<'_>`
E0277	✏️s/🔌️plugins/🗄️stdio/📦️packages/🦀️rust/././././././././../../🗿️artifacts/🧿️semio/🏅️standards/🔖️v1/🪆️subsets/✳️video/🧬️schema/📸️snapshot/🦀️component.rs	300	`dsl::ByteReader<'_>` is not a future | the trait `Future` is not implemented for `dsl::ByteReader<'_>`
E0277	/Users/ueli/.cargo/registry/src/index.crates.io-1949cf8c6b5b557f/serde_json-1.0.149/src/macros.rs	279	the trait bound `impl Future<Output = MeshData>: serde::Serialize` is not satisfied | for local types consider adding `#[derive(serde::Serialize)]` to your `impl Future<Output = MeshData>` type / for types from other crates check whether the crate offers a `serde` feature flag / the following other types implement trait `registry::_::_serde::Serialize`: &'a T &'a mut T () (T,) (T0, T1) (T0, T1, T2) (T0, T1, T2, T3) (T0, T1, T2, T3, T4) and 2478 others / required for `&impl Future<Output = MeshData>` to implement `registry::_::_serde::Serialize` / required by a bound in `serde_json::to_value` / the full name for the type has been written to '/Users/ueli/Documents/semio/.🧬semio/🦑️repo/🎫️tickets/🎆️26/🌙️08/☀️20/INTERACTIVE-JOB-RUNTIME-REFACTOR/PHASE-1-5-DE-ASYNC-REPAIR-SWEEP/🧪️target-r19-stdio/debug/deps/semio_s_plugin_stdio-1d1792480c328f6d.long-type-16092809711206502411.txt' / consider using `--verbose` to print the full type name to the console
E0599	✏️s/🔌️plugins/🗄️stdio/📦️packages/🦀️rust/././../../🗿️artifacts/🏗️ifc/🏅️standards/🔖️2x3/🪆️subsets/✳️sav/👁️viewer/🦀️component.rs	84	no method named `icon_id` found for opaque type `impl Future<Output = ViewerBuilder>` in the current scope | consider `await`ing on the `Future` and calling the method on its `Output`
E0308	✏️s/🔌️plugins/🗄️stdio/📦️packages/🦀️rust/././././././../../🗿️artifacts/🏗️ifc/🏅️standards/🔖️2x3/🪆️subsets/✳️sav/👁️viewer/🎭️modes/👁️view/🪟️windows/🪟️main/🦀️component.rs	25	mismatched types | 
E0277	✏️s/🔌️plugins/🗄️stdio/📦️packages/🦀️rust/././././././././../../🗿️artifacts/🧿️semio/🏅️standards/🔖️v1/🪆️subsets/✳️video/🧬️schema/🔺️diff/🦀️component.rs	784	`dsl::ByteReader<'_>` is not a future | the trait `Future` is not implemented for `dsl::ByteReader<'_>` / required by a bound in `semio_framework_plugin::resolve_ready`
E0277	✏️s/🔌️plugins/🗄️stdio/📦️packages/🦀️rust/././././././././../../🗿️artifacts/🧿️semio/🏅️standards/🔖️v1/🪆️subsets/✳️video/🧬️schema/🔺️diff/🦀️component.rs	784	`dsl::ByteReader<'_>` is not a future | the trait `Future` is not implemented for `dsl::ByteReader<'_>`
E0277	✏️s/🔌️plugins/🗄️stdio/📦️packages/🦀️rust/././././././././../../🗿️artifacts/🧿️semio/🏅️standards/🔖️v1/🪆️subsets/✳️flow/🧬️schema/🔺️diff/🦀️component.rs	742	`dsl::ByteReader<'_>` is not a future | the trait `Future` is not implemented for `dsl::ByteReader<'_>` / required by a bound in `semio_framework_plugin::resolve_ready`
E0277	✏️s/🔌️plugins/🗄️stdio/📦️packages/🦀️rust/././././././././../../🗿️artifacts/🧿️semio/🏅️standards/🔖️v1/🪆️subsets/✳️flow/🧬️schema/🔺️diff/🦀️component.rs	742	`dsl::ByteReader<'_>` is not a future | the trait `Future` is not implemented for `dsl::ByteReader<'_>`
E0308	✏️s/🔌️plugins/🗄️stdio/📦️packages/🦀️rust/././././././././../../🗿️artifacts/🧿️semio/🏅️standards/🔖️v1/🪆️subsets/✳️value/🧬️schema/🧬️mutations/🦀️component.rs	131	mismatched types | expected enum `semio::standards::v1::subsets::value::schema::diff::component::SemioValueDiff` found struct `Pin<std::boxed::Box<semio::standards::v1::subsets::value::schema::diff::component::SemioValueDiff>>`
E0308	✏️s/🔌️plugins/🗄️stdio/📦️packages/🦀️rust/././././././././../../🗿️artifacts/🧿️semio/🏅️standards/🔖️v1/🪆️subsets/✳️value/🧬️schema/🧬️mutations/🦀️component.rs	136	mismatched types | expected enum `semio::standards::v1::subsets::value::schema::diff::component::SemioValueDiff` found struct `Pin<std::boxed::Box<semio::standards::v1::subsets::value::schema::diff::component::SemioValueDiff>>`
E0277	✏️s/🔌️plugins/🗄️stdio/📦️packages/🦀️rust/././././././././../../🗿️artifacts/🧿️semio/🏅️standards/🔖️v1/🪆️subsets/✳️presentation/🧬️schema/🔺️diff/🦀️component.rs	1615	`dsl::ByteReader<'_>` is not a future | the trait `Future` is not implemented for `dsl::ByteReader<'_>` / required by a bound in `semio_framework_plugin::resolve_ready`
E0277	✏️s/🔌️plugins/🗄️stdio/📦️packages/🦀️rust/././././././././../../🗿️artifacts/🧿️semio/🏅️standards/🔖️v1/🪆️subsets/✳️presentation/🧬️schema/🔺️diff/🦀️component.rs	1615	`dsl::ByteReader<'_>` is not a future | the trait `Future` is not implemented for `dsl::ByteReader<'_>`
E0277	✏️s/🔌️plugins/🗄️stdio/📦️packages/🦀️rust/././././././././../../🗿️artifacts/🧿️semio/🏅️standards/🔖️v1/🪆️subsets/✳️value/🧬️schema/🧬️mutations/🦀️component.rs	506	`usize` is not a future | the trait `Future` is not implemented for `usize` / required by a bound in `semio_framework_plugin::resolve_ready`
E0277	✏️s/🔌️plugins/🗄️stdio/📦️packages/🦀️rust/././././././././../../🗿️artifacts/🧿️semio/🏅️standards/🔖️v1/🪆️subsets/✳️value/🧬️schema/🧬️mutations/🦀️component.rs	510	`usize` is not a future | the trait `Future` is not implemented for `usize` / required by a bound in `semio_framework_plugin::resolve_ready`
E0277	✏️s/🔌️plugins/🗄️stdio/📦️packages/🦀️rust/././././././././../../🗿️artifacts/🧿️semio/🏅️standards/🔖️v1/🪆️subsets/✳️value/🧬️schema/🧬️mutations/🦀️component.rs	511	`usize` is not a future | the trait `Future` is not implemented for `usize` / required by a bound in `semio_framework_plugin::resolve_ready`
E0277	✏️s/🔌️plugins/🗄️stdio/📦️packages/🦀️rust/././././././././../../🗿️artifacts/🧿️semio/🏅️standards/🔖️v1/🪆️subsets/✳️value/🧬️schema/🧬️mutations/🦀️component.rs	515	`usize` is not a future | the trait `Future` is not implemented for `usize` / required by a bound in `semio_framework_plugin::resolve_ready`
E0277	✏️s/🔌️plugins/🗄️stdio/📦️packages/🦀️rust/././././././././../../🗿️artifacts/🧿️semio/🏅️standards/🔖️v1/🪆️subsets/✳️value/🧬️schema/🧬️mutations/🦀️component.rs	516	`usize` is not a future | the trait `Future` is not implemented for `usize` / required by a bound in `semio_framework_plugin::resolve_ready`
E0277	✏️s/🔌️plugins/🗄️stdio/📦️packages/🦀️rust/././././././././../../🗿️artifacts/🧿️semio/🏅️standards/🔖️v1/🪆️subsets/✳️value/🧬️schema/🧬️mutations/🦀️component.rs	517	`usize` is not a future | the trait `Future` is not implemented for `usize` / required by a bound in `semio_framework_plugin::resolve_ready`
E0277	✏️s/🔌️plugins/🗄️stdio/📦️packages/🦀️rust/././././././././../../🗿️artifacts/🧿️semio/🏅️standards/🔖️v1/🪆️subsets/✳️value/🧬️schema/🧬️mutations/🦀️component.rs	521	`usize` is not a future | the trait `Future` is not implemented for `usize` / required by a bound in `semio_framework_plugin::resolve_ready`
E0277	✏️s/🔌️plugins/🗄️stdio/📦️packages/🦀️rust/././././././././../../🗿️artifacts/🧿️semio/🏅️standards/🔖️v1/🪆️subsets/✳️value/🧬️schema/🧬️mutations/🦀️component.rs	522	`usize` is not a future | the trait `Future` is not implemented for `usize` / required by a bound in `semio_framework_plugin::resolve_ready`
E0277	✏️s/🔌️plugins/🗄️stdio/📦️packages/🦀️rust/././././././././../../🗿️artifacts/🧿️semio/🏅️standards/🔖️v1/🪆️subsets/✳️value/🧬️schema/🧬️mutations/🦀️component.rs	526	`usize` is not a future | the trait `Future` is not implemented for `usize` / required by a bound in `semio_framework_plugin::resolve_ready`
E0277	✏️s/🔌️plugins/🗄️stdio/📦️packages/🦀️rust/././././././././../../🗿️artifacts/🧿️semio/🏅️standards/🔖️v1/🪆️subsets/✳️value/🧬️schema/🧬️mutations/🦀️component.rs	527	`usize` is not a future | the trait `Future` is not implemented for `usize` / required by a bound in `semio_framework_plugin::resolve_ready`
E0277	✏️s/🔌️plugins/🗄️stdio/📦️packages/🦀️rust/././././././././../../🗿️artifacts/🧿️semio/🏅️standards/🔖️v1/🪆️subsets/✳️value/🧬️schema/🧬️mutations/🦀️component.rs	528	`usize` is not a future | the trait `Future` is not implemented for `usize` / required by a bound in `semio_framework_plugin::resolve_ready`
E0277	✏️s/🔌️plugins/🗄️stdio/📦️packages/🦀️rust/././././././././../../🗿️artifacts/🧿️semio/🏅️standards/🔖️v1/🪆️subsets/✳️value/🧬️schema/🧬️mutations/🦀️component.rs	532	`usize` is not a future | the trait `Future` is not implemented for `usize` / required by a bound in `semio_framework_plugin::resolve_ready`
E0277	✏️s/🔌️plugins/🗄️stdio/📦️packages/🦀️rust/././././././././../../🗿️artifacts/🧿️semio/🏅️standards/🔖️v1/🪆️subsets/✳️value/🧬️schema/🧬️mutations/🦀️component.rs	533	`usize` is not a future | the trait `Future` is not implemented for `usize` / required by a bound in `semio_framework_plugin::resolve_ready`
E0277	✏️s/🔌️plugins/🗄️stdio/📦️packages/🦀️rust/././././././././../../🗿️artifacts/🧿️semio/🏅️standards/🔖️v1/🪆️subsets/✳️value/🧬️schema/🧬️mutations/🦀️component.rs	537	`usize` is not a future | the trait `Future` is not implemented for `usize` / required by a bound in `semio_framework_plugin::resolve_ready`
E0277	✏️s/🔌️plugins/🗄️stdio/📦️packages/🦀️rust/././././././././../../🗿️artifacts/🧿️semio/🏅️standards/🔖️v1/🪆️subsets/✳️value/🧬️schema/🧬️mutations/🦀️component.rs	538	`usize` is not a future | the trait `Future` is not implemented for `usize` / required by a bound in `semio_framework_plugin::resolve_ready`
E0277	✏️s/🔌️plugins/🗄️stdio/📦️packages/🦀️rust/././././././././../../🗿️artifacts/🧿️semio/🏅️standards/🔖️v1/🪆️subsets/✳️value/🧬️schema/🧬️mutations/🦀️component.rs	542	`usize` is not a future | the trait `Future` is not implemented for `usize` / required by a bound in `semio_framework_plugin::resolve_ready`
E0277	✏️s/🔌️plugins/🗄️stdio/📦️packages/🦀️rust/././././././././../../🗿️artifacts/🧿️semio/🏅️standards/🔖️v1/🪆️subsets/✳️value/🧬️schema/🧬️mutations/🦀️component.rs	506	`usize` is not a future | the trait `Future` is not implemented for `usize`
E0308	✏️s/🔌️plugins/🗄️stdio/📦️packages/🦀️rust/./././././././../../🗿️artifacts/🧿️semio/🏅️standards/🔖️v1/🪆️subsets/✳️presentation/🚪️io/🦀️component.rs	123	mismatched types | function defined here
E0277	/Users/ueli/.cargo/registry/src/index.crates.io-1949cf8c6b5b557f/serde_json-1.0.149/src/macros.rs	279	the trait bound `impl Future<Output = MeshData>: serde::Serialize` is not satisfied | for local types consider adding `#[derive(serde::Serialize)]` to your `impl Future<Output = MeshData>` type / for types from other crates check whether the crate offers a `serde` feature flag / the following other types implement trait `registry::_::_serde::Serialize`: &'a T &'a mut T () (T,) (T0, T1) (T0, T1, T2) (T0, T1, T2, T3) (T0, T1, T2, T3, T4) and 2478 others / required for `&impl Future<Output = MeshData>` to implement `registry::_::_serde::Serialize` / required by a bound in `serde_json::to_value` / the full name for the type has been written to '/Users/ueli/Documents/semio/.🧬semio/🦑️repo/🎫️tickets/🎆️26/🌙️08/☀️20/INTERACTIVE-JOB-RUNTIME-REFACTOR/PHASE-1-5-DE-ASYNC-REPAIR-SWEEP/🧪️target-r19-stdio/debug/deps/semio_s_plugin_stdio-1d1792480c328f6d.long-type-16092809711206502411.txt' / consider using `--verbose` to print the full type name to the console
E0277	✏️s/🔌️plugins/🗄️stdio/📦️packages/🦀️rust/././././././././../../🗿️artifacts/🧊️gltf/🏅️standards/🔖️2.0/🪆️subsets/✳️any/🔨️modules/🧭️mutation-dispatch/🦀️component.rs	260	`MutationApplyError` is not a future | the trait `Future` is not implemented for `MutationApplyError` / required by a bound in `semio_framework_plugin::resolve_ready`
E0277	✏️s/🔌️plugins/🗄️stdio/📦️packages/🦀️rust/././././././././../../🗿️artifacts/🧊️gltf/🏅️standards/🔖️2.0/🪆️subsets/✳️any/🔨️modules/🧭️mutation-dispatch/🦀️component.rs	260	`MutationApplyError` is not a future | the trait `Future` is not implemented for `MutationApplyError`
E0599	✏️s/🔌️plugins/🗄️stdio/📦️packages/🦀️rust/././../../🗿️artifacts/🧿️semio/🏅️standards/🔖️v1/🪆️subsets/✳️value/✏️editor/🦀️component.rs	88	no method named `icon_id` found for opaque type `impl Future<Output = EditorBuilder>` in the current scope | consider `await`ing on the `Future` and calling the method on its `Output`
E0308	✏️s/🔌️plugins/🗄️stdio/📦️packages/🦀️rust/././././././../../🗿️artifacts/🧿️semio/🏅️standards/🔖️v1/🪆️subsets/✳️value/✏️editor/🎭️modes/✏️edit/🪟️windows/🪟️main/🦀️component.rs	24	mismatched types | 
E0277	✏️s/🔌️plugins/🗄️stdio/📦️packages/🦀️rust/././././././././../../🗿️artifacts/🧿️semio/🏅️standards/🔖️v1/🪆️subsets/✳️value/🧬️schema/🔺️diff/🦀️component.rs	131	`MutationApplyError` is not a future | the trait `Future` is not implemented for `MutationApplyError` / required by a bound in `semio_framework_plugin::resolve_ready`
E0277	✏️s/🔌️plugins/🗄️stdio/📦️packages/🦀️rust/././././././././../../🗿️artifacts/🧿️semio/🏅️standards/🔖️v1/🪆️subsets/✳️value/🧬️schema/🔺️diff/🦀️component.rs	131	`MutationApplyError` is not a future | the trait `Future` is not implemented for `MutationApplyError`
E0277	/Users/ueli/.cargo/registry/src/index.crates.io-1949cf8c6b5b557f/serde_json-1.0.149/src/macros.rs	279	the trait bound `impl Future<Output = MeshData>: serde::Serialize` is not satisfied | for local types consider adding `#[derive(serde::Serialize)]` to your `impl Future<Output = MeshData>` type / for types from other crates check whether the crate offers a `serde` feature flag / the following other types implement trait `registry::_::_serde::Serialize`: &'a T &'a mut T () (T,) (T0, T1) (T0, T1, T2) (T0, T1, T2, T3) (T0, T1, T2, T3, T4) and 2478 others / required for `&impl Future<Output = MeshData>` to implement `registry::_::_serde::Serialize` / required by a bound in `serde_json::to_value` / the full name for the type has been written to '/Users/ueli/Documents/semio/.🧬semio/🦑️repo/🎫️tickets/🎆️26/🌙️08/☀️20/INTERACTIVE-JOB-RUNTIME-REFACTOR/PHASE-1-5-DE-ASYNC-REPAIR-SWEEP/🧪️target-r19-stdio/debug/deps/semio_s_plugin_stdio-1d1792480c328f6d.long-type-16092809711206502411.txt' / consider using `--verbose` to print the full type name to the console
E0277	✏️s/🔌️plugins/🗄️stdio/📦️packages/🦀️rust/././././././././../../🗿️artifacts/🧿️semio/🏅️standards/🔖️v1/🪆️subsets/✳️value/🧬️schema/🔺️diff/🦀️component.rs	247	`MutationApplyError` is not a future | the trait `Future` is not implemented for `MutationApplyError` / required by a bound in `semio_framework_plugin::resolve_ready`
E0277	✏️s/🔌️plugins/🗄️stdio/📦️packages/🦀️rust/././././././././../../🗿️artifacts/🧿️semio/🏅️standards/🔖️v1/🪆️subsets/✳️value/🧬️schema/🔺️diff/🦀️component.rs	247	`MutationApplyError` is not a future | the trait `Future` is not implemented for `MutationApplyError`
E0308	✏️s/🔌️plugins/🗄️stdio/📦️packages/🦀️rust/././././././././../../🗿️artifacts/🧿️semio/🏅️standards/🔖️v1/🪆️subsets/✳️value/🧬️schema/🔺️diff/🦀️component.rs	272	mismatched types | expected struct `Vec<semio::standards::v1::subsets::value::schema::snapshot::component::SemioValue>` found struct `Pin<std::boxed::Box<Vec<semio::standards::v1::subsets::value::schema::snapshot::component::SemioValue>>>` / try using a conversion method
E0308	✏️s/🔌️plugins/🗄️stdio/📦️packages/🦀️rust/././././././././../../🗿️artifacts/🧿️semio/🏅️standards/🔖️v1/🪆️subsets/✳️value/🧬️schema/🔺️diff/🦀️component.rs	279	mismatched types | expected struct `Vec<semio::standards::v1::subsets::value::schema::snapshot::component::SemioValueEntry>` found struct `Pin<std::boxed::Box<Vec<semio::standards::v1::subsets::value::schema::snapshot::component::SemioValueEntry>>>` / try using a conversion method
E0308	✏️s/🔌️plugins/🗄️stdio/📦️packages/🦀️rust/././././././././../../🗿️artifacts/🧿️semio/🏅️standards/🔖️v1/🪆️subsets/✳️value/🧬️schema/🔺️diff/🦀️component.rs	304	mismatched types | expected enum `semio::standards::v1::subsets::value::schema::snapshot::component::SemioValue` found struct `Pin<std::boxed::Box<semio::standards::v1::subsets::value::schema::snapshot::component::SemioValue>>`
E0308	✏️s/🔌️plugins/🗄️stdio/📦️packages/🦀️rust/././././././././../../🗿️artifacts/🧿️semio/🏅️standards/🔖️v1/🪆️subsets/✳️value/🧬️schema/🔺️diff/🦀️component.rs	335	mismatched types | expected enum `semio::standards::v1::subsets::value::schema::snapshot::component::SemioValue` found struct `Pin<std::boxed::Box<semio::standards::v1::subsets::value::schema::snapshot::component::SemioValue>>`
E0277	/Users/ueli/.cargo/registry/src/index.crates.io-1949cf8c6b5b557f/serde_json-1.0.149/src/macros.rs	279	the trait bound `impl Future<Output = MeshData>: serde::Serialize` is not satisfied | for local types consider adding `#[derive(serde::Serialize)]` to your `impl Future<Output = MeshData>` type / for types from other crates check whether the crate offers a `serde` feature flag / the following other types implement trait `registry::_::_serde::Serialize`: &'a T &'a mut T () (T,) (T0, T1) (T0, T1, T2) (T0, T1, T2, T3) (T0, T1, T2, T3, T4) and 2478 others / required for `&impl Future<Output = MeshData>` to implement `registry::_::_serde::Serialize` / required by a bound in `serde_json::to_value` / the full name for the type has been written to '/Users/ueli/Documents/semio/.🧬semio/🦑️repo/🎫️tickets/🎆️26/🌙️08/☀️20/INTERACTIVE-JOB-RUNTIME-REFACTOR/PHASE-1-5-DE-ASYNC-REPAIR-SWEEP/🧪️target-r19-stdio/debug/deps/semio_s_plugin_stdio-1d1792480c328f6d.long-type-16092809711206502411.txt' / consider using `--verbose` to print the full type name to the console
E0599	✏️s/🔌️plugins/🗄️stdio/📦️packages/🦀️rust/././../../🗿️artifacts/🖊️dwg/🏅️standards/🔖️ac1024/🪆️subsets/✳️any/✏️editor/🦀️component.rs	88	no method named `icon_id` found for opaque type `impl Future<Output = EditorBuilder>` in the current scope | consider `await`ing on the `Future` and calling the method on its `Output`
E0308	✏️s/🔌️plugins/🗄️stdio/📦️packages/🦀️rust/././././././../../🗿️artifacts/🖊️dwg/🏅️standards/🔖️ac1024/🪆️subsets/✳️any/✏️editor/🎭️modes/✏️edit/🪟️windows/🪟️main/🦀️component.rs	24	mismatched types | 
E0599	✏️s/🔌️plugins/🗄️stdio/📦️packages/🦀️rust/././../../🗿️artifacts/🧿️semio/🏅️standards/🔖️v1/🪆️subsets/✳️table/👁️viewer/🦀️component.rs	84	no method named `icon_id` found for opaque type `impl Future<Output = ViewerBuilder>` in the current scope | consider `await`ing on the `Future` and calling the method on its `Output`
E0308	✏️s/🔌️plugins/🗄️stdio/📦️packages/🦀️rust/././././././../../🗿️artifacts/🧿️semio/🏅️standards/🔖️v1/🪆️subsets/✳️table/👁️viewer/🎭️modes/👁️view/🪟️windows/🪟️main/🦀️component.rs	25	mismatched types | 
E0277	✏️s/🔌️plugins/🗄️stdio/📦️packages/🦀️rust/././././././././../../🗿️artifacts/🧿️semio/🏅️standards/🔖️v1/🪆️subsets/✳️presentation/🧬️schema/📸️snapshot/🦀️component.rs	497	`dsl::ByteReader<'_>` is not a future | the trait `Future` is not implemented for `dsl::ByteReader<'_>` / required by a bound in `semio_framework_plugin::resolve_ready`
E0277	✏️s/🔌️plugins/🗄️stdio/📦️packages/🦀️rust/././././././././../../🗿️artifacts/🧿️semio/🏅️standards/🔖️v1/🪆️subsets/✳️presentation/🧬️schema/📸️snapshot/🦀️component.rs	497	`dsl::ByteReader<'_>` is not a future | the trait `Future` is not implemented for `dsl::ByteReader<'_>`
E0308	✏️s/🔌️plugins/🗄️stdio/📦️packages/🦀️rust/././././../../🗿️artifacts/🧊️gltf/🏅️standards/🔖️2.0/🪆️subsets/✳️any/📚️examples/🎬️demo/🦀️component.rs	14	mismatched types | 
E0308	✏️s/🔌️plugins/🗄️stdio/📦️packages/🦀️rust/././././../../🗿️artifacts/🧊️gltf/🏅️standards/🔖️2.0/🪆️subsets/✳️any/📚️examples/🌱️metabolism/🦀️component.rs	41	mismatched types | 
E0277	/Users/ueli/.cargo/registry/src/index.crates.io-1949cf8c6b5b557f/serde_json-1.0.149/src/macros.rs	279	the trait bound `impl Future<Output = MeshData>: serde::Serialize` is not satisfied | for local types consider adding `#[derive(serde::Serialize)]` to your `impl Future<Output = MeshData>` type / for types from other crates check whether the crate offers a `serde` feature flag / the following other types implement trait `registry::_::_serde::Serialize`: &'a T &'a mut T () (T,) (T0, T1) (T0, T1, T2) (T0, T1, T2, T3) (T0, T1, T2, T3, T4) and 2478 others / required for `&impl Future<Output = MeshData>` to implement `registry::_::_serde::Serialize` / required by a bound in `serde_json::to_value` / the full name for the type has been written to '/Users/ueli/Documents/semio/.🧬semio/🦑️repo/🎫️tickets/🎆️26/🌙️08/☀️20/INTERACTIVE-JOB-RUNTIME-REFACTOR/PHASE-1-5-DE-ASYNC-REPAIR-SWEEP/🧪️target-r19-stdio/debug/deps/semio_s_plugin_stdio-1d1792480c328f6d.long-type-16092809711206502411.txt' / consider using `--verbose` to print the full type name to the console
E0277	✏️s/🔌️plugins/🗄️stdio/📦️packages/🦀️rust/././././././././../../🗿️artifacts/🧿️semio/🏅️standards/🔖️v1/🪆️subsets/✳️value/🧬️schema/🔺️diff/🦀️component.rs	966	the `?` operator can only be applied to values that implement `Try` | the nightly-only, unstable trait `Try` is not implemented for `Pin<Box<Result<SemioValue, String>>>` / the full name for the type has been written to '/Users/ueli/Documents/semio/.🧬semio/🦑️repo/🎫️tickets/🎆️26/🌙️08/☀️20/INTERACTIVE-JOB-RUNTIME-REFACTOR/PHASE-1-5-DE-ASYNC-REPAIR-SWEEP/🧪️target-r19-stdio/debug/deps/semio_s_plugin_stdio-1d1792480c328f6d.long-type-2688436513621228626.txt' / consider using `--verbose` to print the full type name to the console
E0277	✏️s/🔌️plugins/🗄️stdio/📦️packages/🦀️rust/././././././././../../🗿️artifacts/🧿️semio/🏅️standards/🔖️v1/🪆️subsets/✳️value/🧬️schema/🔺️diff/🦀️component.rs	975	the `?` operator can only be applied to values that implement `Try` | the nightly-only, unstable trait `Try` is not implemented for `Pin<Box<Result<SemioValue, String>>>` / the full name for the type has been written to '/Users/ueli/Documents/semio/.🧬semio/🦑️repo/🎫️tickets/🎆️26/🌙️08/☀️20/INTERACTIVE-JOB-RUNTIME-REFACTOR/PHASE-1-5-DE-ASYNC-REPAIR-SWEEP/🧪️target-r19-stdio/debug/deps/semio_s_plugin_stdio-1d1792480c328f6d.long-type-2688436513621228626.txt' / consider using `--verbose` to print the full type name to the console
E0599	✏️s/🔌️plugins/🗄️stdio/📦️packages/🦀️rust/././../../🗿️artifacts/🧊️obj/🦀️component.rs	46	no method named `schema` found for opaque type `impl Future<Output = ArtifactDeclarationBuilder<NeedsSchema>>` in the current scope | consider `await`ing on the `Future` and calling the method on its `Output`
E0599	✏️s/🔌️plugins/🗄️stdio/📦️packages/🦀️rust/././../../🗿️artifacts/🏗️ifc/🏅️standards/🔖️4/🪆️subsets/✳️any/👁️viewer/🦀️component.rs	84	no method named `icon_id` found for opaque type `impl Future<Output = ViewerBuilder>` in the current scope | consider `await`ing on the `Future` and calling the method on its `Output`
E0277	✏️s/🔌️plugins/🗄️stdio/📦️packages/🦀️rust/././././././././../../🗿️artifacts/🧿️semio/🏅️standards/🔖️v1/🪆️subsets/✳️model/🧬️schema/🔺️diff/🦀️component.rs	881	`dsl::ByteReader<'_>` is not a future | the trait `Future` is not implemented for `dsl::ByteReader<'_>` / required by a bound in `semio_framework_plugin::resolve_ready`
E0308	✏️s/🔌️plugins/🗄️stdio/📦️packages/🦀️rust/././././././../../🗿️artifacts/🏗️ifc/🏅️standards/🔖️4/🪆️subsets/✳️any/👁️viewer/🎭️modes/👁️view/🪟️windows/🪟️main/🦀️component.rs	25	mismatched types | 
E0277	✏️s/🔌️plugins/🗄️stdio/📦️packages/🦀️rust/././././././././../../🗿️artifacts/🧿️semio/🏅️standards/🔖️v1/🪆️subsets/✳️model/🧬️schema/🔺️diff/🦀️component.rs	881	`dsl::ByteReader<'_>` is not a future | the trait `Future` is not implemented for `dsl::ByteReader<'_>`
E0277	✏️s/🔌️plugins/🗄️stdio/📦️packages/🦀️rust/././././././././../../🗿️artifacts/🧿️semio/🏅️standards/🔖️v1/🪆️subsets/✳️value/🧬️schema/🔺️diff/🦀️component.rs	1053	the `?` operator can only be applied to values that implement `Try` | the nightly-only, unstable trait `Try` is not implemented for `Pin<Box<Result<IndexedTripleDiff<SemioValueDiff, SemioValue>, ...>>>` / the full name for the type has been written to '/Users/ueli/Documents/semio/.🧬semio/🦑️repo/🎫️tickets/🎆️26/🌙️08/☀️20/INTERACTIVE-JOB-RUNTIME-REFACTOR/PHASE-1-5-DE-ASYNC-REPAIR-SWEEP/🧪️target-r19-stdio/debug/deps/semio_s_plugin_stdio-1d1792480c328f6d.long-type-4993684756684973052.txt' / consider using `--verbose` to print the full type name to the console
E0277	✏️s/🔌️plugins/🗄️stdio/📦️packages/🦀️rust/././././././././../../🗿️artifacts/🧿️semio/🏅️standards/🔖️v1/🪆️subsets/✳️value/🧬️schema/🔺️diff/🦀️component.rs	1054	the `?` operator can only be applied to values that implement `Try` | the nightly-only, unstable trait `Try` is not implemented for `Pin<Box<Result<NamedTripleDiff<String, SemioValueDiff, ...>, ...>>>` / the full name for the type has been written to '/Users/ueli/Documents/semio/.🧬semio/🦑️repo/🎫️tickets/🎆️26/🌙️08/☀️20/INTERACTIVE-JOB-RUNTIME-REFACTOR/PHASE-1-5-DE-ASYNC-REPAIR-SWEEP/🧪️target-r19-stdio/debug/deps/semio_s_plugin_stdio-1d1792480c328f6d.long-type-18375627529998467667.txt' / consider using `--verbose` to print the full type name to the console
E0277	✏️s/🔌️plugins/🗄️stdio/📦️packages/🦀️rust/././././././././../../🗿️artifacts/🧿️semio/🏅️standards/🔖️v1/🪆️subsets/✳️value/🧬️schema/🔺️diff/🦀️component.rs	1090	the `?` operator can only be applied to values that implement `Try` | the nightly-only, unstable trait `Try` is not implemented for `Pin<Box<Result<SemioValueDiff, String>>>` / the full name for the type has been written to '/Users/ueli/Documents/semio/.🧬semio/🦑️repo/🎫️tickets/🎆️26/🌙️08/☀️20/INTERACTIVE-JOB-RUNTIME-REFACTOR/PHASE-1-5-DE-ASYNC-REPAIR-SWEEP/🧪️target-r19-stdio/debug/deps/semio_s_plugin_stdio-1d1792480c328f6d.long-type-6544948810139083424.txt' / consider using `--verbose` to print the full type name to the console
E0277	✏️s/🔌️plugins/🗄️stdio/📦️packages/🦀️rust/././././././././../../🗿️artifacts/🧿️semio/🏅️standards/🔖️v1/🪆️subsets/✳️value/🧬️schema/🔺️diff/🦀️component.rs	1135	the `?` operator can only be applied to values that implement `Try` | the nightly-only, unstable trait `Try` is not implemented for `Pin<Box<Result<SemioValueDiff, String>>>` / the full name for the type has been written to '/Users/ueli/Documents/semio/.🧬semio/🦑️repo/🎫️tickets/🎆️26/🌙️08/☀️20/INTERACTIVE-JOB-RUNTIME-REFACTOR/PHASE-1-5-DE-ASYNC-REPAIR-SWEEP/🧪️target-r19-stdio/debug/deps/semio_s_plugin_stdio-1d1792480c328f6d.long-type-6544948810139083424.txt' / consider using `--verbose` to print the full type name to the console
E0277	✏️s/🔌️plugins/🗄️stdio/📦️packages/🦀️rust/././././././././../../🗿️artifacts/🧿️semio/🏅️standards/🔖️v1/🪆️subsets/✳️value/🧬️schema/🔺️diff/🦀️component.rs	1257	`usize` is not a future | the trait `Future` is not implemented for `usize` / required by a bound in `semio_framework_plugin::resolve_ready`
E0277	✏️s/🔌️plugins/🗄️stdio/📦️packages/🦀️rust/././././././././../../🗿️artifacts/🧿️semio/🏅️standards/🔖️v1/🪆️subsets/✳️value/🧬️schema/🔺️diff/🦀️component.rs	1258	`usize` is not a future | the trait `Future` is not implemented for `usize` / required by a bound in `semio_framework_plugin::resolve_ready`
E0277	✏️s/🔌️plugins/🗄️stdio/📦️packages/🦀️rust/././././././././../../🗿️artifacts/🧿️semio/🏅️standards/🔖️v1/🪆️subsets/✳️value/🧬️schema/🔺️diff/🦀️component.rs	1257	`usize` is not a future | the trait `Future` is not implemented for `usize`
E0308	✏️s/🔌️plugins/🗄️stdio/📦️packages/🦀️rust/./././././././../../🗿️artifacts/🧿️semio/🏅️standards/🔖️v1/🪆️subsets/✳️value/🚪️io/🦀️component.rs	121	mismatched types | function defined here
E0308	✏️s/🔌️plugins/🗄️stdio/📦️packages/🦀️rust/././././././././../../🗿️artifacts/🧊️obj/🏅️standards/🔖️3.0/🪆️subsets/✳️any/🧬️schema/🔺️diff/🦀️component.rs	82	mismatched types | expected reference `&<T as ObjIndexElem>::Diff` found reference `&impl Future<Output = <T as ObjIndexElem>::Diff>` / associated function defined here
E0600	✏️s/🔌️plugins/🗄️stdio/📦️packages/🦀️rust/././././././././../../🗿️artifacts/🧊️obj/🏅️standards/🔖️3.0/🪆️subsets/✳️any/🧬️schema/🔺️diff/🦀️component.rs	82	cannot apply unary operator `!` to type `impl Future<Output = bool>` | 
E0308	✏️s/🔌️plugins/🗄️stdio/📦️packages/🦀️rust/././././././././../../🗿️artifacts/🧊️obj/🏅️standards/🔖️3.0/🪆️subsets/✳️any/🧬️schema/🔺️diff/🦀️component.rs	88	mismatched types | expected struct `Vec<(_, <T as ObjIndexElem>::Diff)>` found struct `Vec<(_, impl Future<Output = <T as ObjIndexElem>::Diff>)>`
E0600	✏️s/🔌️plugins/🗄️stdio/📦️packages/🦀️rust/././././././././../../🗿️artifacts/🧊️obj/🏅️standards/🔖️3.0/🪆️subsets/✳️any/🧬️schema/🔺️diff/🦀️component.rs	179	cannot apply unary operator `!` to type `impl Future<Output = bool>` | 
E0277	✏️s/🔌️plugins/🗄️stdio/📦️packages/🦀️rust/././././././././../../🗿️artifacts/🧿️semio/🏅️standards/🔖️v1/🪆️subsets/✳️model/🧬️schema/📸️snapshot/🦀️component.rs	570	`Result<f64, PackError>` is not a future | the trait `Future` is not implemented for `Result<f64, PackError>` / required by a bound in `semio_framework_plugin::resolve_ready`
E0277	/Users/ueli/.cargo/registry/src/index.crates.io-1949cf8c6b5b557f/serde_json-1.0.149/src/macros.rs	279	the trait bound `impl Future<Output = MeshData>: serde::Serialize` is not satisfied | for local types consider adding `#[derive(serde::Serialize)]` to your `impl Future<Output = MeshData>` type / for types from other crates check whether the crate offers a `serde` feature flag / the following other types implement trait `registry::_::_serde::Serialize`: &'a T &'a mut T () (T,) (T0, T1) (T0, T1, T2) (T0, T1, T2, T3) (T0, T1, T2, T3, T4) and 2478 others / required for `&impl Future<Output = MeshData>` to implement `registry::_::_serde::Serialize` / required by a bound in `serde_json::to_value` / the full name for the type has been written to '/Users/ueli/Documents/semio/.🧬semio/🦑️repo/🎫️tickets/🎆️26/🌙️08/☀️20/INTERACTIVE-JOB-RUNTIME-REFACTOR/PHASE-1-5-DE-ASYNC-REPAIR-SWEEP/🧪️target-r19-stdio/debug/deps/semio_s_plugin_stdio-1d1792480c328f6d.long-type-16092809711206502411.txt' / consider using `--verbose` to print the full type name to the console
E0599	✏️s/🔌️plugins/🗄️stdio/📦️packages/🦀️rust/././../../🗿️artifacts/🧿️semio/🏅️standards/🔖️v1/🪆️subsets/✳️video/✏️editor/🦀️component.rs	88	no method named `icon_id` found for opaque type `impl Future<Output = EditorBuilder>` in the current scope | consider `await`ing on the `Future` and calling the method on its `Output`
E0277	✏️s/🔌️plugins/🗄️stdio/📦️packages/🦀️rust/././././././././../../🗿️artifacts/🧿️semio/🏅️standards/🔖️v1/🪆️subsets/✳️model/🧬️schema/📸️snapshot/🦀️component.rs	570	`Result<f64, PackError>` is not a future | the trait `Future` is not implemented for `Result<f64, PackError>`
E0614	✏️s/🔌️plugins/🗄️stdio/📦️packages/🦀️rust/././././././././../../🗿️artifacts/🧊️obj/🏅️standards/🔖️3.0/🪆️subsets/✳️any/🧬️schema/🔺️diff/🦀️component.rs	653	type `impl Future<Output = &mut Vec<usize>>` cannot be dereferenced | 
E0308	✏️s/🔌️plugins/🗄️stdio/📦️packages/🦀️rust/././././././../../🗿️artifacts/🧿️semio/🏅️standards/🔖️v1/🪆️subsets/✳️video/✏️editor/🎭️modes/✏️edit/🪟️windows/🪟️main/🦀️component.rs	24	mismatched types | 
E0277	✏️s/🔌️plugins/🗄️stdio/📦️packages/🦀️rust/././././././././../../🗿️artifacts/🧿️semio/🏅️standards/🔖️v1/🪆️subsets/✳️mesh/🧬️schema/📸️snapshot/🦀️component.rs	517	`dsl::ByteReader<'_>` is not a future | the trait `Future` is not implemented for `dsl::ByteReader<'_>` / required by a bound in `semio_framework_plugin::resolve_ready`
E0277	/Users/ueli/.cargo/registry/src/index.crates.io-1949cf8c6b5b557f/serde_json-1.0.149/src/macros.rs	279	the trait bound `impl Future<Output = MeshData>: serde::Serialize` is not satisfied | for local types consider adding `#[derive(serde::Serialize)]` to your `impl Future<Output = MeshData>` type / for types from other crates check whether the crate offers a `serde` feature flag / the following other types implement trait `registry::_::_serde::Serialize`: &'a T &'a mut T () (T,) (T0, T1) (T0, T1, T2) (T0, T1, T2, T3) (T0, T1, T2, T3, T4) and 2478 others / required for `&impl Future<Output = MeshData>` to implement `registry::_::_serde::Serialize` / required by a bound in `serde_json::to_value` / the full name for the type has been written to '/Users/ueli/Documents/semio/.🧬semio/🦑️repo/🎫️tickets/🎆️26/🌙️08/☀️20/INTERACTIVE-JOB-RUNTIME-REFACTOR/PHASE-1-5-DE-ASYNC-REPAIR-SWEEP/🧪️target-r19-stdio/debug/deps/semio_s_plugin_stdio-1d1792480c328f6d.long-type-16092809711206502411.txt' / consider using `--verbose` to print the full type name to the console
E0277	✏️s/🔌️plugins/🗄️stdio/📦️packages/🦀️rust/././././././././../../🗿️artifacts/🧿️semio/🏅️standards/🔖️v1/🪆️subsets/✳️model/🧬️schema/📸️snapshot/🦀️component.rs	825	`dsl::ByteReader<'_>` is not a future | the trait `Future` is not implemented for `dsl::ByteReader<'_>` / required by a bound in `semio_framework_plugin::resolve_ready`
E0277	✏️s/🔌️plugins/🗄️stdio/📦️packages/🦀️rust/././././././././../../🗿️artifacts/🧿️semio/🏅️standards/🔖️v1/🪆️subsets/✳️model/🧬️schema/📸️snapshot/🦀️component.rs	825	`dsl::ByteReader<'_>` is not a future | the trait `Future` is not implemented for `dsl::ByteReader<'_>`
E0277	/Users/ueli/.cargo/registry/src/index.crates.io-1949cf8c6b5b557f/serde_json-1.0.149/src/macros.rs	279	the trait bound `impl Future<Output = MeshData>: serde::Serialize` is not satisfied | for local types consider adding `#[derive(serde::Serialize)]` to your `impl Future<Output = MeshData>` type / for types from other crates check whether the crate offers a `serde` feature flag / the following other types implement trait `registry::_::_serde::Serialize`: &'a T &'a mut T () (T,) (T0, T1) (T0, T1, T2) (T0, T1, T2, T3) (T0, T1, T2, T3, T4) and 2478 others / required for `&impl Future<Output = MeshData>` to implement `registry::_::_serde::Serialize` / required by a bound in `serde_json::to_value` / the full name for the type has been written to '/Users/ueli/Documents/semio/.🧬semio/🦑️repo/🎫️tickets/🎆️26/🌙️08/☀️20/INTERACTIVE-JOB-RUNTIME-REFACTOR/PHASE-1-5-DE-ASYNC-REPAIR-SWEEP/🧪️target-r19-stdio/debug/deps/semio_s_plugin_stdio-1d1792480c328f6d.long-type-16092809711206502411.txt' / consider using `--verbose` to print the full type name to the console
E0277	✏️s/🔌️plugins/🗄️stdio/📦️packages/🦀️rust/././././././././../../🗿️artifacts/🧿️semio/🏅️standards/🔖️v1/🪆️subsets/✳️mesh/🧬️schema/📸️snapshot/🦀️component.rs	517	`dsl::ByteReader<'_>` is not a future | the trait `Future` is not implemented for `dsl::ByteReader<'_>`
E0599	✏️s/🔌️plugins/🗄️stdio/📦️packages/🦀️rust/././../../🗿️artifacts/🖊️dxf/🏅️standards/🔖️r12/🪆️subsets/✳️any/✏️editor/🦀️component.rs	88	no method named `icon_id` found for opaque type `impl Future<Output = EditorBuilder>` in the current scope | consider `await`ing on the `Future` and calling the method on its `Output`
E0308	✏️s/🔌️plugins/🗄️stdio/📦️packages/🦀️rust/././././././../../🗿️artifacts/🖊️dxf/🏅️standards/🔖️r12/🪆️subsets/✳️any/✏️editor/🎭️modes/✏️edit/🪟️windows/🪟️main/🦀️component.rs	24	mismatched types | 
E0599	✏️s/🔌️plugins/🗄️stdio/📦️packages/🦀️rust/././../../🗿️artifacts/🧿️semio/🏅️standards/🔖️v1/🪆️subsets/✳️text/👁️viewer/🦀️component.rs	84	no method named `icon_id` found for opaque type `impl Future<Output = ViewerBuilder>` in the current scope | consider `await`ing on the `Future` and calling the method on its `Output`
E0308	✏️s/🔌️plugins/🗄️stdio/📦️packages/🦀️rust/././././././../../🗿️artifacts/🧿️semio/🏅️standards/🔖️v1/🪆️subsets/✳️text/👁️viewer/🎭️modes/👁️view/🪟️windows/🪟️main/🦀️component.rs	25	mismatched types | 
E0277	/Users/ueli/.cargo/registry/src/index.crates.io-1949cf8c6b5b557f/serde_json-1.0.149/src/macros.rs	279	the trait bound `impl Future<Output = MeshData>: serde::Serialize` is not satisfied | for local types consider adding `#[derive(serde::Serialize)]` to your `impl Future<Output = MeshData>` type / for types from other crates check whether the crate offers a `serde` feature flag / the following other types implement trait `registry::_::_serde::Serialize`: &'a T &'a mut T () (T,) (T0, T1) (T0, T1, T2) (T0, T1, T2, T3) (T0, T1, T2, T3, T4) and 2478 others / required for `&impl Future<Output = MeshData>` to implement `registry::_::_serde::Serialize` / required by a bound in `serde_json::to_value` / the full name for the type has been written to '/Users/ueli/Documents/semio/.🧬semio/🦑️repo/🎫️tickets/🎆️26/🌙️08/☀️20/INTERACTIVE-JOB-RUNTIME-REFACTOR/PHASE-1-5-DE-ASYNC-REPAIR-SWEEP/🧪️target-r19-stdio/debug/deps/semio_s_plugin_stdio-1d1792480c328f6d.long-type-16092809711206502411.txt' / consider using `--verbose` to print the full type name to the console
E0599	✏️s/🔌️plugins/🗄️stdio/📦️packages/🦀️rust/././../../🗿️artifacts/🖊️dwg/🏅️standards/🔖️ac1018/🪆️subsets/✳️any/👁️viewer/🦀️component.rs	84	no method named `icon_id` found for opaque type `impl Future<Output = ViewerBuilder>` in the current scope | consider `await`ing on the `Future` and calling the method on its `Output`
E0308	✏️s/🔌️plugins/🗄️stdio/📦️packages/🦀️rust/././././././../../🗿️artifacts/🖊️dwg/🏅️standards/🔖️ac1018/🪆️subsets/✳️any/👁️viewer/🎭️modes/👁️view/🪟️windows/🪟️main/🦀️component.rs	25	mismatched types | 
E0308	✏️s/🔌️plugins/🗄️stdio/📦️packages/🦀️rust/././././././././../../🗿️artifacts/🧿️semio/🏅️standards/🔖️v1/🪆️subsets/✳️mesh/📚️examples/🧊️cube/🦀️component.rs	19	mismatched types | 
E0308	✏️s/🔌️plugins/🗄️stdio/📦️packages/🦀️rust/./././././././../../🗿️artifacts/🧿️semio/🏅️standards/🔖️v1/🪆️subsets/✳️model/🚪️io/🦀️component.rs	123	mismatched types | function defined here
E0277	✏️s/🔌️plugins/🗄️stdio/📦️packages/🦀️rust/././././././././../../🗿️artifacts/🧿️semio/🏅️standards/🔖️v1/🪆️subsets/✳️image/🧬️schema/🔺️diff/🦀️component.rs	826	`dsl::ByteReader<'_>` is not a future | the trait `Future` is not implemented for `dsl::ByteReader<'_>` / required by a bound in `semio_framework_plugin::resolve_ready`
E0277	✏️s/🔌️plugins/🗄️stdio/📦️packages/🦀️rust/././././././././../../🗿️artifacts/🧿️semio/🏅️standards/🔖️v1/🪆️subsets/✳️image/🧬️schema/🔺️diff/🦀️component.rs	826	`dsl::ByteReader<'_>` is not a future | the trait `Future` is not implemented for `dsl::ByteReader<'_>`
E0277	✏️s/🔌️plugins/🗄️stdio/📦️packages/🦀️rust/././././././././../../🗿️artifacts/🧿️semio/🏅️standards/🔖️v1/🪆️subsets/✳️mesh/🧬️schema/🔺️diff/🦀️component.rs	1108	`dsl::ByteReader<'_>` is not a future | the trait `Future` is not implemented for `dsl::ByteReader<'_>` / required by a bound in `semio_framework_plugin::resolve_ready`
E0277	✏️s/🔌️plugins/🗄️stdio/📦️packages/🦀️rust/././././././././../../🗿️artifacts/🧿️semio/🏅️standards/🔖️v1/🪆️subsets/✳️mesh/🧬️schema/🔺️diff/🦀️component.rs	1108	`dsl::ByteReader<'_>` is not a future | the trait `Future` is not implemented for `dsl::ByteReader<'_>`
E0308	✏️s/🔌️plugins/🗄️stdio/📦️packages/🦀️rust/././././././././../../🗿️artifacts/🧿️semio/🏅️standards/🔖️v1/🪆️subsets/✳️mesh/🧬️schema/💡️inferences/🦀️component.rs	40	mismatched types | the full name for the type has been written to '/Users/ueli/Documents/semio/.🧬semio/🦑️repo/🎫️tickets/🎆️26/🌙️08/☀️20/INTERACTIVE-JOB-RUNTIME-REFACTOR/PHASE-1-5-DE-ASYNC-REPAIR-SWEEP/🧪️target-r19-stdio/debug/deps/semio_s_plugin_stdio-1d1792480c328f6d.long-type-3056574505887934896.txt' / consider using `--verbose` to print the full type name to the console
E0277	✏️s/🔌️plugins/🗄️stdio/📦️packages/🦀️rust/././././././././../../🗿️artifacts/🧊️obj/🏅️standards/🔖️3.0/🪆️subsets/✳️any/🧬️schema/🔺️diff/🦀️component.rs	2260	`usize` is not a future | the trait `Future` is not implemented for `usize` / required by a bound in `semio_framework_plugin::resolve_ready`
E0277	✏️s/🔌️plugins/🗄️stdio/📦️packages/🦀️rust/././././././././../../🗿️artifacts/🧊️obj/🏅️standards/🔖️3.0/🪆️subsets/✳️any/🧬️schema/🔺️diff/🦀️component.rs	2261	`usize` is not a future | the trait `Future` is not implemented for `usize` / required by a bound in `semio_framework_plugin::resolve_ready`
E0277	✏️s/🔌️plugins/🗄️stdio/📦️packages/🦀️rust/././././././././../../🗿️artifacts/🧊️obj/🏅️standards/🔖️3.0/🪆️subsets/✳️any/🧬️schema/🔺️diff/🦀️component.rs	2262	`usize` is not a future | the trait `Future` is not implemented for `usize` / required by a bound in `semio_framework_plugin::resolve_ready`
E0277	✏️s/🔌️plugins/🗄️stdio/📦️packages/🦀️rust/././././././././../../🗿️artifacts/🧊️obj/🏅️standards/🔖️3.0/🪆️subsets/✳️any/🧬️schema/🔺️diff/🦀️component.rs	2263	`usize` is not a future | the trait `Future` is not implemented for `usize` / required by a bound in `semio_framework_plugin::resolve_ready`
E0277	✏️s/🔌️plugins/🗄️stdio/📦️packages/🦀️rust/././././././././../../🗿️artifacts/🧊️obj/🏅️standards/🔖️3.0/🪆️subsets/✳️any/🧬️schema/🔺️diff/🦀️component.rs	2264	`usize` is not a future | the trait `Future` is not implemented for `usize` / required by a bound in `semio_framework_plugin::resolve_ready`
E0277	✏️s/🔌️plugins/🗄️stdio/📦️packages/🦀️rust/././././././././../../🗿️artifacts/🧊️obj/🏅️standards/🔖️3.0/🪆️subsets/✳️any/🧬️schema/🔺️diff/🦀️component.rs	2265	`usize` is not a future | the trait `Future` is not implemented for `usize` / required by a bound in `semio_framework_plugin::resolve_ready`
E0277	✏️s/🔌️plugins/🗄️stdio/📦️packages/🦀️rust/././././././././../../🗿️artifacts/🧊️obj/🏅️standards/🔖️3.0/🪆️subsets/✳️any/🧬️schema/🔺️diff/🦀️component.rs	2266	`usize` is not a future | the trait `Future` is not implemented for `usize` / required by a bound in `semio_framework_plugin::resolve_ready`
E0277	✏️s/🔌️plugins/🗄️stdio/📦️packages/🦀️rust/././././././././../../🗿️artifacts/🧊️obj/🏅️standards/🔖️3.0/🪆️subsets/✳️any/🧬️schema/🔺️diff/🦀️component.rs	2267	`usize` is not a future | the trait `Future` is not implemented for `usize` / required by a bound in `semio_framework_plugin::resolve_ready`
E0277	✏️s/🔌️plugins/🗄️stdio/📦️packages/🦀️rust/././././././././../../🗿️artifacts/🧊️obj/🏅️standards/🔖️3.0/🪆️subsets/✳️any/🧬️schema/🔺️diff/🦀️component.rs	2268	`usize` is not a future | the trait `Future` is not implemented for `usize` / required by a bound in `semio_framework_plugin::resolve_ready`
E0277	✏️s/🔌️plugins/🗄️stdio/📦️packages/🦀️rust/././././././././../../🗿️artifacts/🧊️obj/🏅️standards/🔖️3.0/🪆️subsets/✳️any/🧬️schema/🔺️diff/🦀️component.rs	2269	`usize` is not a future | the trait `Future` is not implemented for `usize` / required by a bound in `semio_framework_plugin::resolve_ready`
E0277	✏️s/🔌️plugins/🗄️stdio/📦️packages/🦀️rust/././././././././../../🗿️artifacts/🧊️obj/🏅️standards/🔖️3.0/🪆️subsets/✳️any/🧬️schema/🔺️diff/🦀️component.rs	2260	`usize` is not a future | the trait `Future` is not implemented for `usize`
E0308	✏️s/🔌️plugins/🗄️stdio/📦️packages/🦀️rust/././././././././../../🗿️artifacts/🧊️obj/🏅️standards/🔖️3.0/🪆️subsets/✳️any/🧬️schema/🔺️diff/🦀️component.rs	2282	mismatched types | 
E0308	✏️s/🔌️plugins/🗄️stdio/📦️packages/🦀️rust/././././././././../../🗿️artifacts/🧊️obj/🏅️standards/🔖️3.0/🪆️subsets/✳️any/🧬️schema/🔺️diff/🦀️component.rs	2286	mismatched types | 
E0308	✏️s/🔌️plugins/🗄️stdio/📦️packages/🦀️rust/././././././././../../🗿️artifacts/🧊️obj/🏅️standards/🔖️3.0/🪆️subsets/✳️any/🧬️schema/🔺️diff/🦀️component.rs	2290	mismatched types | 
E0308	✏️s/🔌️plugins/🗄️stdio/📦️packages/🦀️rust/././././././././../../🗿️artifacts/🧊️obj/🏅️standards/🔖️3.0/🪆️subsets/✳️any/🧬️schema/🔺️diff/🦀️component.rs	2294	mismatched types | 
E0277	/Users/ueli/.cargo/registry/src/index.crates.io-1949cf8c6b5b557f/serde_json-1.0.149/src/macros.rs	279	the trait bound `impl Future<Output = MeshData>: serde::Serialize` is not satisfied | for local types consider adding `#[derive(serde::Serialize)]` to your `impl Future<Output = MeshData>` type / for types from other crates check whether the crate offers a `serde` feature flag / the following other types implement trait `registry::_::_serde::Serialize`: &'a T &'a mut T () (T,) (T0, T1) (T0, T1, T2) (T0, T1, T2, T3) (T0, T1, T2, T3, T4) and 2478 others / required for `&impl Future<Output = MeshData>` to implement `registry::_::_serde::Serialize` / required by a bound in `serde_json::to_value` / the full name for the type has been written to '/Users/ueli/Documents/semio/.🧬semio/🦑️repo/🎫️tickets/🎆️26/🌙️08/☀️20/INTERACTIVE-JOB-RUNTIME-REFACTOR/PHASE-1-5-DE-ASYNC-REPAIR-SWEEP/🧪️target-r19-stdio/debug/deps/semio_s_plugin_stdio-1d1792480c328f6d.long-type-16092809711206502411.txt' / consider using `--verbose` to print the full type name to the console
E0277	✏️s/🔌️plugins/🗄️stdio/📦️packages/🦀️rust/./././././././././../../🗿️artifacts/🧿️semio/🏅️standards/🔖️v1/🪆️subsets/✳️drawing/🧬️schema/🧬️mutations/🫓flatten/🔺️diff/🦀️component.rs	23	the `?` operator can only be applied to values that implement `Try` | the nightly-only, unstable trait `Try` is not implemented for `Pin<Box<Option<Vec<DrawNode>>>>` / the full name for the type has been written to '/Users/ueli/Documents/semio/.🧬semio/🦑️repo/🎫️tickets/🎆️26/🌙️08/☀️20/INTERACTIVE-JOB-RUNTIME-REFACTOR/PHASE-1-5-DE-ASYNC-REPAIR-SWEEP/🧪️target-r19-stdio/debug/deps/semio_s_plugin_stdio-1d1792480c328f6d.long-type-1210974967064648816.txt' / consider using `--verbose` to print the full type name to the console
E0599	✏️s/🔌️plugins/🗄️stdio/📦️packages/🦀️rust/././../../🗿️artifacts/📐️step/🏅️standards/🔖️ap214/🪆️subsets/✳️any/✏️editor/🦀️component.rs	88	no method named `icon_id` found for opaque type `impl Future<Output = EditorBuilder>` in the current scope | consider `await`ing on the `Future` and calling the method on its `Output`
E0308	✏️s/🔌️plugins/🗄️stdio/📦️packages/🦀️rust/././././././../../🗿️artifacts/📐️step/🏅️standards/🔖️ap214/🪆️subsets/✳️any/✏️editor/🎭️modes/✏️edit/🪟️windows/🪟️main/🦀️component.rs	24	mismatched types | 
E0308	✏️s/🔌️plugins/🗄️stdio/📦️packages/🦀️rust/./././././././../../🗿️artifacts/🧿️semio/🏅️standards/🔖️v1/🪆️subsets/✳️mesh/🚪️io/🦀️component.rs	139	mismatched types | function defined here
E0308	✏️s/🔌️plugins/🗄️stdio/📦️packages/🦀️rust/./././././././../../🗿️artifacts/🧿️semio/🏅️standards/🔖️v1/🪆️subsets/✳️image/🚪️io/🦀️component.rs	117	mismatched types | function defined here
E0277	/Users/ueli/.cargo/registry/src/index.crates.io-1949cf8c6b5b557f/serde_json-1.0.149/src/macros.rs	279	the trait bound `impl Future<Output = MeshData>: serde::Serialize` is not satisfied | for local types consider adding `#[derive(serde::Serialize)]` to your `impl Future<Output = MeshData>` type / for types from other crates check whether the crate offers a `serde` feature flag / the following other types implement trait `registry::_::_serde::Serialize`: &'a T &'a mut T () (T,) (T0, T1) (T0, T1, T2) (T0, T1, T2, T3) (T0, T1, T2, T3, T4) and 2478 others / required for `&impl Future<Output = MeshData>` to implement `registry::_::_serde::Serialize` / required by a bound in `serde_json::to_value` / the full name for the type has been written to '/Users/ueli/Documents/semio/.🧬semio/🦑️repo/🎫️tickets/🎆️26/🌙️08/☀️20/INTERACTIVE-JOB-RUNTIME-REFACTOR/PHASE-1-5-DE-ASYNC-REPAIR-SWEEP/🧪️target-r19-stdio/debug/deps/semio_s_plugin_stdio-1d1792480c328f6d.long-type-16092809711206502411.txt' / consider using `--verbose` to print the full type name to the console
E0308	✏️s/🔌️plugins/🗄️stdio/📦️packages/🦀️rust/./././././././../../🗿️artifacts/🧿️semio/🏅️standards/🔖️v1/🪆️subsets/✳️drawing/🚪️io/🦀️component.rs	147	mismatched types | function defined here
E0599	✏️s/🔌️plugins/🗄️stdio/📦️packages/🦀️rust/././././././././../../🗿️artifacts/🧿️semio/🏅️standards/🔖️v1/🪆️subsets/✳️drawing/🧬️schema/💡️inferences/🦀️component.rs	37	`impl Future<Output = BTreeMap<<... as InferredField<...>>::Key, ...>>` is not an iterator | the following trait bounds were not satisfied: `impl Future<Output = BTreeMap<<flattened_scene::component::DrawFlattenedScene as InferredField<semio::standards::v1::subsets::drawing::schema::snapshot::component::SemioDrawingSnapshot>>::Key, <flattened_scene::component::DrawFlattenedScene as InferredField<semio::standards::v1::subsets::drawing::schema::snapshot::component::SemioDrawingSnapshot>>::Value>>: Iterator` which is required by `impl Future<Output = BTreeMap<<flattened_scene::component::DrawFlattenedScene as InferredField<semio::standards::v1::subsets::drawing::schema::snapshot::component::SemioDrawingSnapshot>>::Key, <flattened_scene::component::DrawFlattenedScene as InferredField<semio::standards::v1::subsets::drawing::schema::snapshot::component::SemioDrawingSnapshot>>::Value>>: IntoIterator` `&impl Future<Output = BTreeMap<<flattened_scene::component::DrawFlattenedScene as InferredField<semio::standards::v1::subsets::drawing::schema::snapshot::component::SemioDrawingSnapshot>>::Key, <flattened_scene::component::DrawFlattenedScene as InferredField<semio::standards::v1::subsets::drawing::schema::snapshot::component::SemioDrawingSnapshot>>::Value>>: Iterator` which is required by `&impl Future<Output = BTreeMap<<flattened_scene::component::DrawFlattenedScene as InferredField<semio::standards::v1::subsets::drawing::schema::snapshot::component::SemioDrawingSnapshot>>::Key, <flattened_scene::component::DrawFlattenedScene as InferredField<semio::standards::v1::subsets::drawing::schema::snapshot::component::SemioDrawingSnapshot>>::Value>>: IntoIterator` `&mut impl Future<Output = BTreeMap<<flattened_scene::component::DrawFlattenedScene as InferredField<semio::standards::v1::subsets::drawing::schema::snapshot::component::SemioDrawingSnapshot>>::Key, <flattened_scene::component::DrawFlattenedScene as InferredField<semio::standards::v1::subsets::drawing::schema::snapshot::component::SemioDrawingSnapshot>>::Value>>: Iterator` which is required by `&mut impl Future<Output = BTreeMap<<flattened_scene::component::DrawFlattenedScene as InferredField<semio::standards::v1::subsets::drawing::schema::snapshot::component::SemioDrawingSnapshot>>::Key, <flattened_scene::component::DrawFlattenedScene as InferredField<semio::standards::v1::subsets::drawing::schema::snapshot::component::SemioDrawingSnapshot>>::Value>>: IntoIterator` / the full name for the type has been written to '/Users/ueli/Documents/semio/.🧬semio/🦑️repo/🎫️tickets/🎆️26/🌙️08/☀️20/INTERACTIVE-JOB-RUNTIME-REFACTOR/PHASE-1-5-DE-ASYNC-REPAIR-SWEEP/🧪️target-r19-stdio/debug/deps/semio_s_plugin_stdio-1d1792480c328f6d.long-type-1683912783185764463.txt' / consider using `--verbose` to print the full type name to the console
E0277	/Users/ueli/.cargo/registry/src/index.crates.io-1949cf8c6b5b557f/serde_json-1.0.149/src/macros.rs	279	the trait bound `impl Future<Output = MeshData>: serde::Serialize` is not satisfied | for local types consider adding `#[derive(serde::Serialize)]` to your `impl Future<Output = MeshData>` type / for types from other crates check whether the crate offers a `serde` feature flag / the following other types implement trait `registry::_::_serde::Serialize`: &'a T &'a mut T () (T,) (T0, T1) (T0, T1, T2) (T0, T1, T2, T3) (T0, T1, T2, T3, T4) and 2478 others / required for `&impl Future<Output = MeshData>` to implement `registry::_::_serde::Serialize` / required by a bound in `serde_json::to_value` / the full name for the type has been written to '/Users/ueli/Documents/semio/.🧬semio/🦑️repo/🎫️tickets/🎆️26/🌙️08/☀️20/INTERACTIVE-JOB-RUNTIME-REFACTOR/PHASE-1-5-DE-ASYNC-REPAIR-SWEEP/🧪️target-r19-stdio/debug/deps/semio_s_plugin_stdio-1d1792480c328f6d.long-type-16092809711206502411.txt' / consider using `--verbose` to print the full type name to the console
E0599	✏️s/🔌️plugins/🗄️stdio/📦️packages/🦀️rust/././../../🗿️artifacts/🧊️gltf/🏅️standards/🔖️2.0/🪆️subsets/✳️any/✏️editor/🦀️component.rs	88	no method named `icon_id` found for opaque type `impl Future<Output = EditorBuilder>` in the current scope | consider `await`ing on the `Future` and calling the method on its `Output`
E0308	✏️s/🔌️plugins/🗄️stdio/📦️packages/🦀️rust/././././././../../🗿️artifacts/🧊️gltf/🏅️standards/🔖️2.0/🪆️subsets/✳️any/✏️editor/🎭️modes/✏️edit/🪟️windows/🪟️main/🦀️component.rs	24	mismatched types | 
E0599	✏️s/🔌️plugins/🗄️stdio/📦️packages/🦀️rust/././../../🗿️artifacts/🧿️semio/🏅️standards/🔖️v1/🪆️subsets/✳️value/👁️viewer/🦀️component.rs	84	no method named `icon_id` found for opaque type `impl Future<Output = ViewerBuilder>` in the current scope | consider `await`ing on the `Future` and calling the method on its `Output`
E0308	✏️s/🔌️plugins/🗄️stdio/📦️packages/🦀️rust/././././././../../🗿️artifacts/🧿️semio/🏅️standards/🔖️v1/🪆️subsets/✳️value/👁️viewer/🎭️modes/👁️view/🪟️windows/🪟️main/🦀️component.rs	25	mismatched types | 
E0277	✏️s/🔌️plugins/🗄️stdio/📦️packages/🦀️rust/././././././././../../🗿️artifacts/🧿️semio/🏅️standards/🔖️v1/🪆️subsets/✳️image/🧬️schema/📸️snapshot/🦀️component.rs	371	`dsl::ByteReader<'_>` is not a future | the trait `Future` is not implemented for `dsl::ByteReader<'_>` / required by a bound in `semio_framework_plugin::resolve_ready`
E0277	/Users/ueli/.cargo/registry/src/index.crates.io-1949cf8c6b5b557f/serde_json-1.0.149/src/macros.rs	279	the trait bound `impl Future<Output = MeshData>: serde::Serialize` is not satisfied | for local types consider adding `#[derive(serde::Serialize)]` to your `impl Future<Output = MeshData>` type / for types from other crates check whether the crate offers a `serde` feature flag / the following other types implement trait `registry::_::_serde::Serialize`: &'a T &'a mut T () (T,) (T0, T1) (T0, T1, T2) (T0, T1, T2, T3) (T0, T1, T2, T3, T4) and 2478 others / required for `&impl Future<Output = MeshData>` to implement `registry::_::_serde::Serialize` / required by a bound in `serde_json::to_value` / the full name for the type has been written to '/Users/ueli/Documents/semio/.🧬semio/🦑️repo/🎫️tickets/🎆️26/🌙️08/☀️20/INTERACTIVE-JOB-RUNTIME-REFACTOR/PHASE-1-5-DE-ASYNC-REPAIR-SWEEP/🧪️target-r19-stdio/debug/deps/semio_s_plugin_stdio-1d1792480c328f6d.long-type-16092809711206502411.txt' / consider using `--verbose` to print the full type name to the console
E0277	✏️s/🔌️plugins/🗄️stdio/📦️packages/🦀️rust/././././././././../../🗿️artifacts/🧿️semio/🏅️standards/🔖️v1/🪆️subsets/✳️image/🧬️schema/📸️snapshot/🦀️component.rs	371	`dsl::ByteReader<'_>` is not a future | the trait `Future` is not implemented for `dsl::ByteReader<'_>`
E0599	✏️s/🔌️plugins/🗄️stdio/📦️packages/🦀️rust/././../../🗿️artifacts/🖊️dwg/🏅️standards/🔖️ac1024/🪆️subsets/✳️any/👁️viewer/🦀️component.rs	84	no method named `icon_id` found for opaque type `impl Future<Output = ViewerBuilder>` in the current scope | consider `await`ing on the `Future` and calling the method on its `Output`
E0308	✏️s/🔌️plugins/🗄️stdio/📦️packages/🦀️rust/././././././../../🗿️artifacts/🖊️dwg/🏅️standards/🔖️ac1024/🪆️subsets/✳️any/👁️viewer/🎭️modes/👁️view/🪟️windows/🪟️main/🦀️component.rs	25	mismatched types | 
E0308	✏️s/🔌️plugins/🗄️stdio/📦️packages/🦀️rust/././././../../🗿️artifacts/🧊️obj/🏅️standards/🔖️3.0/🪆️subsets/✳️any/📚️examples/🎬️demo/🦀️component.rs	14	mismatched types | 
E0599	✏️s/🔌️plugins/🗄️stdio/📦️packages/🦀️rust/././../../🗿️artifacts/☁️ply/🦀️component.rs	40	no method named `schema` found for opaque type `impl Future<Output = ArtifactDeclarationBuilder<NeedsSchema>>` in the current scope | consider `await`ing on the `Future` and calling the method on its `Output`
E0277	✏️s/🔌️plugins/🗄️stdio/📦️packages/🦀️rust/././././././././../../🗿️artifacts/🧿️semio/🏅️standards/🔖️v1/🪆️subsets/✳️document/🧬️schema/🔺️diff/🦀️component.rs	1728	`dsl::ByteReader<'_>` is not a future | the trait `Future` is not implemented for `dsl::ByteReader<'_>` / required by a bound in `semio_framework_plugin::resolve_ready`
E0277	✏️s/🔌️plugins/🗄️stdio/📦️packages/🦀️rust/././././././././../../🗿️artifacts/🧿️semio/🏅️standards/🔖️v1/🪆️subsets/✳️document/🧬️schema/🔺️diff/🦀️component.rs	1728	`dsl::ByteReader<'_>` is not a future | the trait `Future` is not implemented for `dsl::ByteReader<'_>`
E0277	✏️s/🔌️plugins/🗄️stdio/📦️packages/🦀️rust/././././././././../../🗿️artifacts/🧿️semio/🏅️standards/🔖️v1/🪆️subsets/✳️drawing/🧬️schema/📸️snapshot/🦀️component.rs	710	`Result<f64, PackError>` is not a future | the trait `Future` is not implemented for `Result<f64, PackError>` / required by a bound in `semio_framework_plugin::resolve_ready`
E0277	/Users/ueli/.cargo/registry/src/index.crates.io-1949cf8c6b5b557f/serde_json-1.0.149/src/macros.rs	279	the trait bound `impl Future<Output = MeshData>: serde::Serialize` is not satisfied | for local types consider adding `#[derive(serde::Serialize)]` to your `impl Future<Output = MeshData>` type / for types from other crates check whether the crate offers a `serde` feature flag / the following other types implement trait `registry::_::_serde::Serialize`: &'a T &'a mut T () (T,) (T0, T1) (T0, T1, T2) (T0, T1, T2, T3) (T0, T1, T2, T3, T4) and 2478 others / required for `&impl Future<Output = MeshData>` to implement `registry::_::_serde::Serialize` / required by a bound in `serde_json::to_value` / the full name for the type has been written to '/Users/ueli/Documents/semio/.🧬semio/🦑️repo/🎫️tickets/🎆️26/🌙️08/☀️20/INTERACTIVE-JOB-RUNTIME-REFACTOR/PHASE-1-5-DE-ASYNC-REPAIR-SWEEP/🧪️target-r19-stdio/debug/deps/semio_s_plugin_stdio-1d1792480c328f6d.long-type-16092809711206502411.txt' / consider using `--verbose` to print the full type name to the console
E0277	✏️s/🔌️plugins/🗄️stdio/📦️packages/🦀️rust/././././././././../../🗿️artifacts/🧿️semio/🏅️standards/🔖️v1/🪆️subsets/✳️drawing/🧬️schema/📸️snapshot/🦀️component.rs	710	`Result<f64, PackError>` is not a future | the trait `Future` is not implemented for `Result<f64, PackError>`
E0277	✏️s/🔌️plugins/🗄️stdio/📦️packages/🦀️rust/././././././././../../🗿️artifacts/🧿️semio/🏅️standards/🔖️v1/🪆️subsets/✳️drawing/🧬️schema/📸️snapshot/🦀️component.rs	761	`dsl::ByteReader<'_>` is not a future | the trait `Future` is not implemented for `dsl::ByteReader<'_>` / required by a bound in `semio_framework_plugin::resolve_ready`
E0277	✏️s/🔌️plugins/🗄️stdio/📦️packages/🦀️rust/././././././././../../🗿️artifacts/🧿️semio/🏅️standards/🔖️v1/🪆️subsets/✳️drawing/🧬️schema/📸️snapshot/🦀️component.rs	761	`dsl::ByteReader<'_>` is not a future | the trait `Future` is not implemented for `dsl::ByteReader<'_>`
E0599	✏️s/🔌️plugins/🗄️stdio/📦️packages/🦀️rust/././../../🗿️artifacts/📐️step/🏅️standards/🔖️ap214/🪆️subsets/✳️cc1/✏️editor/🦀️component.rs	88	no method named `icon_id` found for opaque type `impl Future<Output = EditorBuilder>` in the current scope | consider `await`ing on the `Future` and calling the method on its `Output`
E0308	✏️s/🔌️plugins/🗄️stdio/📦️packages/🦀️rust/././././././../../🗿️artifacts/📐️step/🏅️standards/🔖️ap214/🪆️subsets/✳️cc1/✏️editor/🎭️modes/✏️edit/🪟️windows/🪟️main/🦀️component.rs	24	mismatched types | 
E0308	✏️s/🔌️plugins/🗄️stdio/📦️packages/🦀️rust/././././././././../../🗿️artifacts/🧿️semio/🏅️standards/🔖️v1/🪆️subsets/✳️document/🧬️schema/🧬️mutations/🦀️component.rs	67	mismatched types | expected enum `std::option::Option<&'a [document::schema::snapshot::component::DocBlock]>` found struct `Pin<std::boxed::Box<std::option::Option<&[document::schema::snapshot::component::DocBlock]>>>` / consider dereferencing the type
E0308	✏️s/🔌️plugins/🗄️stdio/📦️packages/🦀️rust/././././././././../../🗿️artifacts/🧿️semio/🏅️standards/🔖️v1/🪆️subsets/✳️document/🧬️schema/🧬️mutations/🦀️component.rs	71	mismatched types | expected enum `std::option::Option<&'a [document::schema::snapshot::component::DocBlock]>` found struct `Pin<std::boxed::Box<std::option::Option<&[document::schema::snapshot::component::DocBlock]>>>` / consider dereferencing the type
E0308	✏️s/🔌️plugins/🗄️stdio/📦️packages/🦀️rust/././././././././../../🗿️artifacts/🧿️semio/🏅️standards/🔖️v1/🪆️subsets/✳️document/🧬️schema/🧬️mutations/🦀️component.rs	75	mismatched types | expected enum `std::option::Option<&'a [document::schema::snapshot::component::DocBlock]>` found struct `Pin<std::boxed::Box<std::option::Option<&[document::schema::snapshot::component::DocBlock]>>>` / consider dereferencing the type
E0308	✏️s/🔌️plugins/🗄️stdio/📦️packages/🦀️rust/././././././././../../🗿️artifacts/🧿️semio/🏅️standards/🔖️v1/🪆️subsets/✳️document/🧬️schema/🧬️mutations/🦀️component.rs	111	mismatched types | expected struct `triples::IndexedTripleDiff<document::schema::diff::component::DocBlockDiff, document::schema::snapshot::component::DocBlock>` found struct `Pin<std::boxed::Box<triples::IndexedTripleDiff<document::schema::diff::component::DocBlockDiff, document::schema::snapshot::component::DocBlock>>>` / the type constructed contains `Pin<std::boxed::Box<triples::IndexedTripleDiff<document::schema::diff::component::DocBlockDiff, document::schema::snapshot::component::DocBlock>>>` due to the type of the argument passed / tuple variant defined here
E0308	✏️s/🔌️plugins/🗄️stdio/📦️packages/🦀️rust/././././././././../../🗿️artifacts/🧿️semio/🏅️standards/🔖️v1/🪆️subsets/✳️document/🧬️schema/🧬️mutations/🦀️component.rs	115	mismatched types | expected struct `triples::IndexedTripleDiff<document::schema::diff::component::DocBlockDiff, document::schema::snapshot::component::DocBlock>` found struct `Pin<std::boxed::Box<triples::IndexedTripleDiff<document::schema::diff::component::DocBlockDiff, document::schema::snapshot::component::DocBlock>>>` / the type constructed contains `Pin<std::boxed::Box<triples::IndexedTripleDiff<document::schema::diff::component::DocBlockDiff, document::schema::snapshot::component::DocBlock>>>` due to the type of the argument passed / tuple variant defined here
E0308	✏️s/🔌️plugins/🗄️stdio/📦️packages/🦀️rust/././././././././../../🗿️artifacts/🧿️semio/🏅️standards/🔖️v1/🪆️subsets/✳️document/🧬️schema/🧬️mutations/🦀️component.rs	121	mismatched types | expected struct `triples::IndexedTripleDiff<document::schema::diff::component::DocBlockDiff, document::schema::snapshot::component::DocBlock>` found struct `Pin<std::boxed::Box<triples::IndexedTripleDiff<document::schema::diff::component::DocBlockDiff, document::schema::snapshot::component::DocBlock>>>` / the type constructed contains `Pin<std::boxed::Box<triples::IndexedTripleDiff<document::schema::diff::component::DocBlockDiff, document::schema::snapshot::component::DocBlock>>>` due to the type of the argument passed / tuple variant defined here
E0277	✏️s/🔌️plugins/🗄️stdio/📦️packages/🦀️rust/././././././././../../🗿️artifacts/🧿️semio/🏅️standards/🔖️v1/🪆️subsets/✳️document/🧬️schema/📸️snapshot/🦀️component.rs	444	the `?` operator can only be applied to values that implement `Try` | the nightly-only, unstable trait `Try` is not implemented for `Pin<Box<Result<DocBlock, String>>>` / the full name for the type has been written to '/Users/ueli/Documents/semio/.🧬semio/🦑️repo/🎫️tickets/🎆️26/🌙️08/☀️20/INTERACTIVE-JOB-RUNTIME-REFACTOR/PHASE-1-5-DE-ASYNC-REPAIR-SWEEP/🧪️target-r19-stdio/debug/deps/semio_s_plugin_stdio-1d1792480c328f6d.long-type-8461565612128182290.txt' / consider using `--verbose` to print the full type name to the console
E0277	✏️s/🔌️plugins/🗄️stdio/📦️packages/🦀️rust/././././././././../../🗿️artifacts/🧿️semio/🏅️standards/🔖️v1/🪆️subsets/✳️cad/🧬️schema/📸️snapshot/🦀️component.rs	552	`dsl::ByteReader<'_>` is not a future | the trait `Future` is not implemented for `dsl::ByteReader<'_>` / required by a bound in `semio_framework_plugin::resolve_ready`
E0277	✏️s/🔌️plugins/🗄️stdio/📦️packages/🦀️rust/././././././././../../🗿️artifacts/🧿️semio/🏅️standards/🔖️v1/🪆️subsets/✳️cad/🧬️schema/📸️snapshot/🦀️component.rs	552	`dsl::ByteReader<'_>` is not a future | the trait `Future` is not implemented for `dsl::ByteReader<'_>`
E0277	✏️s/🔌️plugins/🗄️stdio/📦️packages/🦀️rust/././././././././../../🗿️artifacts/🧿️semio/🏅️standards/🔖️v1/🪆️subsets/✳️document/🧬️schema/📸️snapshot/🦀️component.rs	460	the `?` operator can only be applied to values that implement `Try` | the nightly-only, unstable trait `Try` is not implemented for `Pin<Box<Result<DocBlock, String>>>` / the full name for the type has been written to '/Users/ueli/Documents/semio/.🧬semio/🦑️repo/🎫️tickets/🎆️26/🌙️08/☀️20/INTERACTIVE-JOB-RUNTIME-REFACTOR/PHASE-1-5-DE-ASYNC-REPAIR-SWEEP/🧪️target-r19-stdio/debug/deps/semio_s_plugin_stdio-1d1792480c328f6d.long-type-8461565612128182290.txt' / consider using `--verbose` to print the full type name to the console
E0277	✏️s/🔌️plugins/🗄️stdio/📦️packages/🦀️rust/././././././././../../🗿️artifacts/🧿️semio/🏅️standards/🔖️v1/🪆️subsets/✳️document/🧬️schema/📸️snapshot/🦀️component.rs	477	the `?` operator can only be applied to values that implement `Try` | the nightly-only, unstable trait `Try` is not implemented for `Pin<Box<Result<DocBlock, String>>>` / the full name for the type has been written to '/Users/ueli/Documents/semio/.🧬semio/🦑️repo/🎫️tickets/🎆️26/🌙️08/☀️20/INTERACTIVE-JOB-RUNTIME-REFACTOR/PHASE-1-5-DE-ASYNC-REPAIR-SWEEP/🧪️target-r19-stdio/debug/deps/semio_s_plugin_stdio-1d1792480c328f6d.long-type-8461565612128182290.txt' / consider using `--verbose` to print the full type name to the console
E0277	✏️s/🔌️plugins/🗄️stdio/📦️packages/🦀️rust/././././././././../../🗿️artifacts/🧿️semio/🏅️standards/🔖️v1/🪆️subsets/✳️document/🧬️schema/📸️snapshot/🦀️component.rs	537	`dsl::ByteReader<'_>` is not a future | the trait `Future` is not implemented for `dsl::ByteReader<'_>` / required by a bound in `semio_framework_plugin::resolve_ready`
E0277	✏️s/🔌️plugins/🗄️stdio/📦️packages/🦀️rust/././././././././../../🗿️artifacts/🧿️semio/🏅️standards/🔖️v1/🪆️subsets/✳️document/🧬️schema/📸️snapshot/🦀️component.rs	537	`dsl::ByteReader<'_>` is not a future | the trait `Future` is not implemented for `dsl::ByteReader<'_>`
E0277	/Users/ueli/.cargo/registry/src/index.crates.io-1949cf8c6b5b557f/serde_json-1.0.149/src/macros.rs	279	the trait bound `impl Future<Output = MeshData>: serde::Serialize` is not satisfied | for local types consider adding `#[derive(serde::Serialize)]` to your `impl Future<Output = MeshData>` type / for types from other crates check whether the crate offers a `serde` feature flag / the following other types implement trait `registry::_::_serde::Serialize`: &'a T &'a mut T () (T,) (T0, T1) (T0, T1, T2) (T0, T1, T2, T3) (T0, T1, T2, T3, T4) and 2478 others / required for `&impl Future<Output = MeshData>` to implement `registry::_::_serde::Serialize` / required by a bound in `serde_json::to_value` / the full name for the type has been written to '/Users/ueli/Documents/semio/.🧬semio/🦑️repo/🎫️tickets/🎆️26/🌙️08/☀️20/INTERACTIVE-JOB-RUNTIME-REFACTOR/PHASE-1-5-DE-ASYNC-REPAIR-SWEEP/🧪️target-r19-stdio/debug/deps/semio_s_plugin_stdio-1d1792480c328f6d.long-type-16092809711206502411.txt' / consider using `--verbose` to print the full type name to the console
E0277	/Users/ueli/.cargo/registry/src/index.crates.io-1949cf8c6b5b557f/serde_json-1.0.149/src/macros.rs	279	the trait bound `impl Future<Output = MeshData>: serde::Serialize` is not satisfied | for local types consider adding `#[derive(serde::Serialize)]` to your `impl Future<Output = MeshData>` type / for types from other crates check whether the crate offers a `serde` feature flag / the following other types implement trait `registry::_::_serde::Serialize`: &'a T &'a mut T () (T,) (T0, T1) (T0, T1, T2) (T0, T1, T2, T3) (T0, T1, T2, T3, T4) and 2478 others / required for `&impl Future<Output = MeshData>` to implement `registry::_::_serde::Serialize` / required by a bound in `serde_json::to_value` / the full name for the type has been written to '/Users/ueli/Documents/semio/.🧬semio/🦑️repo/🎫️tickets/🎆️26/🌙️08/☀️20/INTERACTIVE-JOB-RUNTIME-REFACTOR/PHASE-1-5-DE-ASYNC-REPAIR-SWEEP/🧪️target-r19-stdio/debug/deps/semio_s_plugin_stdio-1d1792480c328f6d.long-type-16092809711206502411.txt' / consider using `--verbose` to print the full type name to the console
E0599	✏️s/🔌️plugins/🗄️stdio/📦️packages/🦀️rust/././../../🗿️artifacts/🧿️semio/🏅️standards/🔖️v1/🪆️subsets/✳️video/👁️viewer/🦀️component.rs	84	no method named `icon_id` found for opaque type `impl Future<Output = ViewerBuilder>` in the current scope | consider `await`ing on the `Future` and calling the method on its `Output`
E0277	✏️s/🔌️plugins/🗄️stdio/📦️packages/🦀️rust/././././././././../../🗿️artifacts/🧿️semio/🏅️standards/🔖️v1/🪆️subsets/✳️cad/🧬️schema/🔺️diff/🦀️component.rs	726	`dsl::ByteReader<'_>` is not a future | the trait `Future` is not implemented for `dsl::ByteReader<'_>` / required by a bound in `semio_framework_plugin::resolve_ready`
E0599	✏️s/🔌️plugins/🗄️stdio/📦️packages/🦀️rust/././../../🗿️artifacts/🧊️obj/🏅️standards/🔖️3.0/🪆️subsets/✳️any/✏️editor/🦀️component.rs	88	no method named `icon_id` found for opaque type `impl Future<Output = EditorBuilder>` in the current scope | consider `await`ing on the `Future` and calling the method on its `Output`
E0277	✏️s/🔌️plugins/🗄️stdio/📦️packages/🦀️rust/././././././././../../🗿️artifacts/🧿️semio/🏅️standards/🔖️v1/🪆️subsets/✳️cad/🧬️schema/🔺️diff/🦀️component.rs	726	`dsl::ByteReader<'_>` is not a future | the trait `Future` is not implemented for `dsl::ByteReader<'_>`
E0277	/Users/ueli/.cargo/registry/src/index.crates.io-1949cf8c6b5b557f/serde_json-1.0.149/src/macros.rs	279	the trait bound `impl Future<Output = MeshData>: serde::Serialize` is not satisfied | for local types consider adding `#[derive(serde::Serialize)]` to your `impl Future<Output = MeshData>` type / for types from other crates check whether the crate offers a `serde` feature flag / the following other types implement trait `registry::_::_serde::Serialize`: &'a T &'a mut T () (T,) (T0, T1) (T0, T1, T2) (T0, T1, T2, T3) (T0, T1, T2, T3, T4) and 2478 others / required for `&impl Future<Output = MeshData>` to implement `registry::_::_serde::Serialize` / required by a bound in `serde_json::to_value` / the full name for the type has been written to '/Users/ueli/Documents/semio/.🧬semio/🦑️repo/🎫️tickets/🎆️26/🌙️08/☀️20/INTERACTIVE-JOB-RUNTIME-REFACTOR/PHASE-1-5-DE-ASYNC-REPAIR-SWEEP/🧪️target-r19-stdio/debug/deps/semio_s_plugin_stdio-1d1792480c328f6d.long-type-16092809711206502411.txt' / consider using `--verbose` to print the full type name to the console
E0308	✏️s/🔌️plugins/🗄️stdio/📦️packages/🦀️rust/././././././../../🗿️artifacts/🧊️obj/🏅️standards/🔖️3.0/🪆️subsets/✳️any/✏️editor/🎭️modes/✏️edit/🪟️windows/🪟️main/🦀️component.rs	24	mismatched types | 
E0599	✏️s/🔌️plugins/🗄️stdio/📦️packages/🦀️rust/././../../🗿️artifacts/🖊️dxf/🏅️standards/🔖️r12/🪆️subsets/✳️any/👁️viewer/🦀️component.rs	84	no method named `icon_id` found for opaque type `impl Future<Output = ViewerBuilder>` in the current scope | consider `await`ing on the `Future` and calling the method on its `Output`
E0277	/Users/ueli/.cargo/registry/src/index.crates.io-1949cf8c6b5b557f/serde_json-1.0.149/src/macros.rs	279	the trait bound `impl Future<Output = MeshData>: serde::Serialize` is not satisfied | for local types consider adding `#[derive(serde::Serialize)]` to your `impl Future<Output = MeshData>` type / for types from other crates check whether the crate offers a `serde` feature flag / the following other types implement trait `registry::_::_serde::Serialize`: &'a T &'a mut T () (T,) (T0, T1) (T0, T1, T2) (T0, T1, T2, T3) (T0, T1, T2, T3, T4) and 2478 others / required for `&impl Future<Output = MeshData>` to implement `registry::_::_serde::Serialize` / required by a bound in `serde_json::to_value` / the full name for the type has been written to '/Users/ueli/Documents/semio/.🧬semio/🦑️repo/🎫️tickets/🎆️26/🌙️08/☀️20/INTERACTIVE-JOB-RUNTIME-REFACTOR/PHASE-1-5-DE-ASYNC-REPAIR-SWEEP/🧪️target-r19-stdio/debug/deps/semio_s_plugin_stdio-1d1792480c328f6d.long-type-16092809711206502411.txt' / consider using `--verbose` to print the full type name to the console
E0277	✏️s/🔌️plugins/🗄️stdio/📦️packages/🦀️rust/././././././././../../🗿️artifacts/☁️ply/🏅️standards/🔖️1.0/🪆️subsets/✳️any/🧬️schema/🔺️diff/🦀️component.rs	1430	`ByteWriter` is not a future | the trait `Future` is not implemented for `ByteWriter` / required by a bound in `semio_framework_plugin::resolve_ready`
E0277	✏️s/🔌️plugins/🗄️stdio/📦️packages/🦀️rust/././././././././../../🗿️artifacts/☁️ply/🏅️standards/🔖️1.0/🪆️subsets/✳️any/🧬️schema/🔺️diff/🦀️component.rs	1430	`ByteWriter` is not a future | the trait `Future` is not implemented for `ByteWriter`
E0277	✏️s/🔌️plugins/🗄️stdio/📦️packages/🦀️rust/././././././././../../🗿️artifacts/☁️ply/🏅️standards/🔖️1.0/🪆️subsets/✳️any/🧬️schema/🔺️diff/🦀️component.rs	1444	`dsl::ByteReader<'_>` is not a future | the trait `Future` is not implemented for `dsl::ByteReader<'_>` / required by a bound in `semio_framework_plugin::resolve_ready`
E0277	✏️s/🔌️plugins/🗄️stdio/📦️packages/🦀️rust/././././././././../../🗿️artifacts/☁️ply/🏅️standards/🔖️1.0/🪆️subsets/✳️any/🧬️schema/🔺️diff/🦀️component.rs	1444	`dsl::ByteReader<'_>` is not a future | the trait `Future` is not implemented for `dsl::ByteReader<'_>`
E0277	✏️s/🔌️plugins/🗄️stdio/📦️packages/🦀️rust/././././././././../../🗿️artifacts/☁️ply/🏅️standards/🔖️1.0/🪆️subsets/✳️any/🧬️schema/🔺️diff/🦀️component.rs	1510	`ByteWriter` is not a future | the trait `Future` is not implemented for `ByteWriter` / required by a bound in `semio_framework_plugin::resolve_ready`
E0277	✏️s/🔌️plugins/🗄️stdio/📦️packages/🦀️rust/././././././././../../🗿️artifacts/☁️ply/🏅️standards/🔖️1.0/🪆️subsets/✳️any/🧬️schema/🔺️diff/🦀️component.rs	1512	`Vec<u8>` is not a future | the trait `Future` is not implemented for `Vec<u8>` / required by a bound in `semio_framework_plugin::resolve_ready`
E0277	✏️s/🔌️plugins/🗄️stdio/📦️packages/🦀️rust/././././././././../../🗿️artifacts/☁️ply/🏅️standards/🔖️1.0/🪆️subsets/✳️any/🧬️schema/🔺️diff/🦀️component.rs	1510	`ByteWriter` is not a future | the trait `Future` is not implemented for `ByteWriter`
E0277	✏️s/🔌️plugins/🗄️stdio/📦️packages/🦀️rust/././././././././../../🗿️artifacts/☁️ply/🏅️standards/🔖️1.0/🪆️subsets/✳️any/🧬️schema/🔺️diff/🦀️component.rs	1512	`Vec<u8>` is not a future | the trait `Future` is not implemented for `Vec<u8>`
E0277	✏️s/🔌️plugins/🗄️stdio/📦️packages/🦀️rust/././././././././../../🗿️artifacts/☁️ply/🏅️standards/🔖️1.0/🪆️subsets/✳️any/🧬️schema/🔺️diff/🦀️component.rs	1518	`dsl::ByteReader<'_>` is not a future | the trait `Future` is not implemented for `dsl::ByteReader<'_>` / required by a bound in `semio_framework_plugin::resolve_ready`
E0599	✏️s/🔌️plugins/🗄️stdio/📦️packages/🦀️rust/././../../🗿️artifacts/📐️step/🏅️standards/🔖️ap214/🪆️subsets/✳️cc2/✏️editor/🦀️component.rs	88	no method named `icon_id` found for opaque type `impl Future<Output = EditorBuilder>` in the current scope | consider `await`ing on the `Future` and calling the method on its `Output`
E0277	✏️s/🔌️plugins/🗄️stdio/📦️packages/🦀️rust/././././././././../../🗿️artifacts/☁️ply/🏅️standards/🔖️1.0/🪆️subsets/✳️any/🧬️schema/🔺️diff/🦀️component.rs	1522	`dsl::ByteReader<'_>` is not a future | the trait `Future` is not implemented for `dsl::ByteReader<'_>` / required by a bound in `semio_framework_plugin::resolve_ready`
E0308	✏️s/🔌️plugins/🗄️stdio/📦️packages/🦀️rust/././././././../../🗿️artifacts/📐️step/🏅️standards/🔖️ap214/🪆️subsets/✳️cc2/✏️editor/🎭️modes/✏️edit/🪟️windows/🪟️main/🦀️component.rs	24	mismatched types | 
E0277	✏️s/🔌️plugins/🗄️stdio/📦️packages/🦀️rust/././././././././../../🗿️artifacts/☁️ply/🏅️standards/🔖️1.0/🪆️subsets/✳️any/🧬️schema/🔺️diff/🦀️component.rs	1518	`dsl::ByteReader<'_>` is not a future | the trait `Future` is not implemented for `dsl::ByteReader<'_>`
E0277	✏️s/🔌️plugins/🗄️stdio/📦️packages/🦀️rust/././././././././../../🗿️artifacts/☁️ply/🏅️standards/🔖️1.0/🪆️subsets/✳️any/🧬️schema/🔺️diff/🦀️component.rs	1522	`dsl::ByteReader<'_>` is not a future | the trait `Future` is not implemented for `dsl::ByteReader<'_>`
E0308	✏️s/🔌️plugins/🗄️stdio/📦️packages/🦀️rust/././././././././../../🗿️artifacts/🧿️semio/🏅️standards/🔖️v1/🪆️subsets/✳️brep/🧬️schema/🔺️diff/🧵️sew/🦀️component.rs	58	mismatched types | function defined here
E0308	✏️s/🔌️plugins/🗄️stdio/📦️packages/🦀️rust/./././././././../../🗿️artifacts/🧿️semio/🏅️standards/🔖️v1/🪆️subsets/✳️cad/🚪️io/🦀️component.rs	140	mismatched types | function defined here
E0308	✏️s/🔌️plugins/🗄️stdio/📦️packages/🦀️rust/./././././././././././././../../🗿️artifacts/🧿️semio/🏅️standards/🔖️v1/🪆️subsets/✳️cad/🚪️io/📥️import/🧩️deserializers/🗿️artifacts/📐️step/🔖️ap214/✳️any/🦀️component.rs	62	`match` arms have incompatible types | expected enum `std::option::Option<(f64, f64)>` found struct `Pin<std::boxed::Box<std::option::Option<(f64, f64)>>>` / consider dereferencing the type
E0790	✏️s/🔌️plugins/🗄️stdio/📦️packages/🦀️rust/././././././././../../🗿️artifacts/🧿️semio/🏅️standards/🔖️v1/🪆️subsets/✳️brep/🧬️schema/🔺️diff/➡️sweep/🦀️component.rs	28	cannot call associated function on trait without specifying the corresponding `impl` type | use a fully-qualified path to one of the available implementations
E0308	✏️s/🔌️plugins/🗄️stdio/📦️packages/🦀️rust/./././././././../../🗿️artifacts/🧿️semio/🏅️standards/🔖️v1/🪆️subsets/✳️document/🚪️io/🦀️component.rs	88	`match` arms have incompatible types | expected unit type `()` found struct `Pin<std::boxed::Box<()>>` / consider dereferencing the type
E0308	✏️s/🔌️plugins/🗄️stdio/📦️packages/🦀️rust/./././././././../../🗿️artifacts/🧿️semio/🏅️standards/🔖️v1/🪆️subsets/✳️document/🚪️io/🦀️component.rs	177	mismatched types | function defined here
E0277	/Users/ueli/.cargo/registry/src/index.crates.io-1949cf8c6b5b557f/serde_json-1.0.149/src/macros.rs	279	the trait bound `impl Future<Output = MeshData>: serde::Serialize` is not satisfied | for local types consider adding `#[derive(serde::Serialize)]` to your `impl Future<Output = MeshData>` type / for types from other crates check whether the crate offers a `serde` feature flag / the following other types implement trait `registry::_::_serde::Serialize`: &'a T &'a mut T () (T,) (T0, T1) (T0, T1, T2) (T0, T1, T2, T3) (T0, T1, T2, T3, T4) and 2478 others / required for `&impl Future<Output = MeshData>` to implement `registry::_::_serde::Serialize` / required by a bound in `serde_json::to_value` / the full name for the type has been written to '/Users/ueli/Documents/semio/.🧬semio/🦑️repo/🎫️tickets/🎆️26/🌙️08/☀️20/INTERACTIVE-JOB-RUNTIME-REFACTOR/PHASE-1-5-DE-ASYNC-REPAIR-SWEEP/🧪️target-r19-stdio/debug/deps/semio_s_plugin_stdio-1d1792480c328f6d.long-type-16092809711206502411.txt' / consider using `--verbose` to print the full type name to the console
E0599	✏️s/🔌️plugins/🗄️stdio/📦️packages/🦀️rust/././././././././../../🗿️artifacts/🧿️semio/🏅️standards/🔖️v1/🪆️subsets/✳️brep/🧬️schema/💡️inferences/🦀️component.rs	33	no method named `remove` found for opaque type `impl Future<Output = BTreeMap<<... as InferredField<...>>::Key, ...>>` in the current scope | items from traits can only be used if the trait is implemented and in scope / `StreamingEstimator` defines an item `remove`, perhaps you need to implement it / the full name for the type has been written to '/Users/ueli/Documents/semio/.🧬semio/🦑️repo/🎫️tickets/🎆️26/🌙️08/☀️20/INTERACTIVE-JOB-RUNTIME-REFACTOR/PHASE-1-5-DE-ASYNC-REPAIR-SWEEP/🧪️target-r19-stdio/debug/deps/semio_s_plugin_stdio-1d1792480c328f6d.long-type-3101726770953779063.txt' / consider using `--verbose` to print the full type name to the console / consider `await`ing on the `Future` and calling the method on its `Output`
E0599	✏️s/🔌️plugins/🗄️stdio/📦️packages/🦀️rust/././../../🗿️artifacts/🟪️stl/🏅️standards/🔖️ascii/🪆️subsets/✳️any/✏️editor/🦀️component.rs	88	no method named `icon_id` found for opaque type `impl Future<Output = EditorBuilder>` in the current scope | consider `await`ing on the `Future` and calling the method on its `Output`
E0308	✏️s/🔌️plugins/🗄️stdio/📦️packages/🦀️rust/././././././../../🗿️artifacts/🟪️stl/🏅️standards/🔖️ascii/🪆️subsets/✳️any/✏️editor/🎭️modes/✏️edit/🪟️windows/🪟️main/🦀️component.rs	24	mismatched types | 
E0277	✏️s/🔌️plugins/🗄️stdio/📦️packages/🦀️rust/./././././././././../../🗿️artifacts/🧿️semio/🏅️standards/🔖️v1/🪆️subsets/✳️brep/🧬️schema/💡️inferences/✅validation-report/🦀️component.rs	109	`impl Future<Output = u32>` doesn't implement `std::fmt::Display` | the trait `std::fmt::Display` is not implemented for `impl Future<Output = u32>` / in format strings you may be able to use `{:?}` (or {:#?} for pretty-print) instead
E0277	✏️s/🔌️plugins/🗄️stdio/📦️packages/🦀️rust/./././././././././../../🗿️artifacts/🧿️semio/🏅️standards/🔖️v1/🪆️subsets/✳️brep/🧬️schema/💡️inferences/✅validation-report/🦀️component.rs	113	`impl Future<Output = u32>` doesn't implement `std::fmt::Display` | the trait `std::fmt::Display` is not implemented for `impl Future<Output = u32>` / in format strings you may be able to use `{:?}` (or {:#?} for pretty-print) instead
E0277	✏️s/🔌️plugins/🗄️stdio/📦️packages/🦀️rust/./././././././././../../🗿️artifacts/🧿️semio/🏅️standards/🔖️v1/🪆️subsets/✳️brep/🧬️schema/💡️inferences/✅validation-report/🦀️component.rs	121	`impl Future<Output = u32>` doesn't implement `std::fmt::Display` | the trait `std::fmt::Display` is not implemented for `impl Future<Output = u32>` / in format strings you may be able to use `{:?}` (or {:#?} for pretty-print) instead
E0277	✏️s/🔌️plugins/🗄️stdio/📦️packages/🦀️rust/./././././././././../../🗿️artifacts/🧿️semio/🏅️standards/🔖️v1/🪆️subsets/✳️brep/🧬️schema/💡️inferences/✅validation-report/🦀️component.rs	126	`impl Future<Output = u32>` doesn't implement `std::fmt::Display` | the trait `std::fmt::Display` is not implemented for `impl Future<Output = u32>` / in format strings you may be able to use `{:?}` (or {:#?} for pretty-print) instead
E0277	✏️s/🔌️plugins/🗄️stdio/📦️packages/🦀️rust/./././././././././../../🗿️artifacts/🧿️semio/🏅️standards/🔖️v1/🪆️subsets/✳️brep/🧬️schema/💡️inferences/✅validation-report/🦀️component.rs	140	`impl Future<Output = u32>` doesn't implement `std::fmt::Display` | the trait `std::fmt::Display` is not implemented for `impl Future<Output = u32>` / in format strings you may be able to use `{:?}` (or {:#?} for pretty-print) instead
E0277	✏️s/🔌️plugins/🗄️stdio/📦️packages/🦀️rust/./././././././././../../🗿️artifacts/🧿️semio/🏅️standards/🔖️v1/🪆️subsets/✳️brep/🧬️schema/💡️inferences/✅validation-report/🦀️component.rs	156	`impl Future<Output = u32>` doesn't implement `std::fmt::Display` | the trait `std::fmt::Display` is not implemented for `impl Future<Output = u32>` / in format strings you may be able to use `{:?}` (or {:#?} for pretty-print) instead
E0277	✏️s/🔌️plugins/🗄️stdio/📦️packages/🦀️rust/./././././././././../../🗿️artifacts/🧿️semio/🏅️standards/🔖️v1/🪆️subsets/✳️brep/🧬️schema/💡️inferences/✅validation-report/🦀️component.rs	156	`impl Future<Output = u32>` doesn't implement `std::fmt::Display` | the trait `std::fmt::Display` is not implemented for `impl Future<Output = u32>` / in format strings you may be able to use `{:?}` (or {:#?} for pretty-print) instead
E0277	✏️s/🔌️plugins/🗄️stdio/📦️packages/🦀️rust/./././././././././../../🗿️artifacts/🧿️semio/🏅️standards/🔖️v1/🪆️subsets/✳️brep/🧬️schema/💡️inferences/✅validation-report/🦀️component.rs	166	`impl Future<Output = u32>` doesn't implement `std::fmt::Display` | the trait `std::fmt::Display` is not implemented for `impl Future<Output = u32>` / in format strings you may be able to use `{:?}` (or {:#?} for pretty-print) instead
E0277	✏️s/🔌️plugins/🗄️stdio/📦️packages/🦀️rust/./././././././././../../🗿️artifacts/🧿️semio/🏅️standards/🔖️v1/🪆️subsets/✳️brep/🧬️schema/💡️inferences/✅validation-report/🦀️component.rs	166	`impl Future<Output = u32>` doesn't implement `std::fmt::Display` | the trait `std::fmt::Display` is not implemented for `impl Future<Output = u32>` / in format strings you may be able to use `{:?}` (or {:#?} for pretty-print) instead
E0277	✏️s/🔌️plugins/🗄️stdio/📦️packages/🦀️rust/./././././././././../../🗿️artifacts/🧿️semio/🏅️standards/🔖️v1/🪆️subsets/✳️brep/🧬️schema/💡️inferences/✅validation-report/🦀️component.rs	199	`impl Future<Output = u32>` doesn't implement `std::fmt::Display` | the trait `std::fmt::Display` is not implemented for `impl Future<Output = u32>` / in format strings you may be able to use `{:?}` (or {:#?} for pretty-print) instead
E0277	/Users/ueli/.cargo/registry/src/index.crates.io-1949cf8c6b5b557f/serde_json-1.0.149/src/macros.rs	279	the trait bound `impl Future<Output = MeshData>: serde::Serialize` is not satisfied | for local types consider adding `#[derive(serde::Serialize)]` to your `impl Future<Output = MeshData>` type / for types from other crates check whether the crate offers a `serde` feature flag / the following other types implement trait `registry::_::_serde::Serialize`: &'a T &'a mut T () (T,) (T0, T1) (T0, T1, T2) (T0, T1, T2, T3) (T0, T1, T2, T3, T4) and 2478 others / required for `&impl Future<Output = MeshData>` to implement `registry::_::_serde::Serialize` / required by a bound in `serde_json::to_value` / the full name for the type has been written to '/Users/ueli/Documents/semio/.🧬semio/🦑️repo/🎫️tickets/🎆️26/🌙️08/☀️20/INTERACTIVE-JOB-RUNTIME-REFACTOR/PHASE-1-5-DE-ASYNC-REPAIR-SWEEP/🧪️target-r19-stdio/debug/deps/semio_s_plugin_stdio-1d1792480c328f6d.long-type-16092809711206502411.txt' / consider using `--verbose` to print the full type name to the console
E0308	✏️s/🔌️plugins/🗄️stdio/📦️packages/🦀️rust/././././../../🗿️artifacts/☁️ply/🏅️standards/🔖️1.0/🪆️subsets/✳️any/📚️examples/🎬️demo/🦀️component.rs	14	mismatched types | 
E0599	✏️s/🔌️plugins/🗄️stdio/📦️packages/🦀️rust/././../../🗿️artifacts/🖊️dxf/🦀️component.rs	41	no method named `schema` found for opaque type `impl Future<Output = ArtifactDeclarationBuilder<NeedsSchema>>` in the current scope | consider `await`ing on the `Future` and calling the method on its `Output`
E0277	✏️s/🔌️plugins/🗄️stdio/📦️packages/🦀️rust/././././././././../../🗿️artifacts/🧿️semio/🏅️standards/🔖️v1/🪆️subsets/✳️brep/🧬️schema/🔺️diff/🦀️component.rs	1032	`dsl::ByteReader<'_>` is not a future | the trait `Future` is not implemented for `dsl::ByteReader<'_>` / required by a bound in `semio_framework_plugin::resolve_ready`
E0277	✏️s/🔌️plugins/🗄️stdio/📦️packages/🦀️rust/././././././././../../🗿️artifacts/🧿️semio/🏅️standards/🔖️v1/🪆️subsets/✳️brep/🧬️schema/🔺️diff/🦀️component.rs	1032	`dsl::ByteReader<'_>` is not a future | the trait `Future` is not implemented for `dsl::ByteReader<'_>`
E0277	✏️s/🔌️plugins/🗄️stdio/📦️packages/🦀️rust/./././././././../../🗿️artifacts/🧿️semio/🏅️standards/🔖️v1/🪆️subsets/✳️brep/🧬️schema/⚙️engine/🦀️component.rs	1243	the trait bound `impl Future<Output = u32>: Ord` is not satisfied | required by a bound in `BTreeSet::<T, A>::insert`
E0277	✏️s/🔌️plugins/🗄️stdio/📦️packages/🦀️rust/./././././././../../🗿️artifacts/🧿️semio/🏅️standards/🔖️v1/🪆️subsets/✳️brep/🧬️schema/⚙️engine/🦀️component.rs	1248	the trait bound `impl Future<Output = u32>: Ord` is not satisfied | required by a bound in `BTreeSet::<T, A>::insert`
E0308	✏️s/🔌️plugins/🗄️stdio/📦️packages/🦀️rust/./././././././../../🗿️artifacts/🧿️semio/🏅️standards/🔖️v1/🪆️subsets/✳️brep/🧬️schema/⚙️engine/🦀️component.rs	1346	mismatched types | expected reference `&u32` found reference `&impl Future<Output = u32>` / method defined here
E0308	✏️s/🔌️plugins/🗄️stdio/📦️packages/🦀️rust/./././././././../../🗿️artifacts/🧿️semio/🏅️standards/🔖️v1/🪆️subsets/✳️brep/🧬️schema/⚙️engine/🦀️component.rs	1354	mismatched types | method defined here
E0308	✏️s/🔌️plugins/🗄️stdio/📦️packages/🦀️rust/././././././././../../🗿️artifacts/🧿️semio/🏅️standards/🔖️v1/🪆️subsets/✳️brep/🧬️schema/📸️snapshot/🏟️arena/🦀️component.rs	100	mismatched types | expected type parameter `Id` found associated type `impl Future<Output = Id>`
E0277	/Users/ueli/.cargo/registry/src/index.crates.io-1949cf8c6b5b557f/serde_json-1.0.149/src/macros.rs	279	the trait bound `impl Future<Output = MeshData>: serde::Serialize` is not satisfied | for local types consider adding `#[derive(serde::Serialize)]` to your `impl Future<Output = MeshData>` type / for types from other crates check whether the crate offers a `serde` feature flag / the following other types implement trait `registry::_::_serde::Serialize`: &'a T &'a mut T () (T,) (T0, T1) (T0, T1, T2) (T0, T1, T2, T3) (T0, T1, T2, T3, T4) and 2478 others / required for `&impl Future<Output = MeshData>` to implement `registry::_::_serde::Serialize` / required by a bound in `serde_json::to_value` / the full name for the type has been written to '/Users/ueli/Documents/semio/.🧬semio/🦑️repo/🎫️tickets/🎆️26/🌙️08/☀️20/INTERACTIVE-JOB-RUNTIME-REFACTOR/PHASE-1-5-DE-ASYNC-REPAIR-SWEEP/🧪️target-r19-stdio/debug/deps/semio_s_plugin_stdio-1d1792480c328f6d.long-type-16092809711206502411.txt' / consider using `--verbose` to print the full type name to the console
E0308	✏️s/🔌️plugins/🗄️stdio/📦️packages/🦀️rust/././././././././../../🗿️artifacts/🧿️semio/🏅️standards/🔖️v1/🪆️subsets/✳️brep/🧬️schema/📸️snapshot/🏟️arena/🦀️component.rs	104	mismatched types | expected type parameter `Id` found associated type `impl Future<Output = Id>`
E0277	✏️s/🔌️plugins/🗄️stdio/📦️packages/🦀️rust/././././././././../../🗿️artifacts/🧿️semio/🏅️standards/🔖️v1/🪆️subsets/✳️brep/🧬️schema/📸️snapshot/🏟️arena/🦀️component.rs	110	can't compare `u32` with `impl Future<Output = u32>` | the trait `PartialEq<impl Future<Output = u32>>` is not implemented for `u32` / consider introducing a `where` clause, but there might be an alternative better way to express this requirement / consider introducing a `where` clause, but there might be an alternative better way to express this requirement
E0605	✏️s/🔌️plugins/🗄️stdio/📦️packages/🦀️rust/././././././././../../🗿️artifacts/🧿️semio/🏅️standards/🔖️v1/🪆️subsets/✳️brep/🧬️schema/📸️snapshot/🏟️arena/🦀️component.rs	109	non-primitive cast: `impl Future<Output = u32>` as `usize` | 
E0277	✏️s/🔌️plugins/🗄️stdio/📦️packages/🦀️rust/././././././././../../🗿️artifacts/🧿️semio/🏅️standards/🔖️v1/🪆️subsets/✳️brep/🧬️schema/📸️snapshot/🏟️arena/🦀️component.rs	119	can't compare `u32` with `impl Future<Output = u32>` | the trait `PartialEq<impl Future<Output = u32>>` is not implemented for `u32` / consider introducing a `where` clause, but there might be an alternative better way to express this requirement / consider introducing a `where` clause, but there might be an alternative better way to express this requirement
E0605	✏️s/🔌️plugins/🗄️stdio/📦️packages/🦀️rust/././././././././../../🗿️artifacts/🧿️semio/🏅️standards/🔖️v1/🪆️subsets/✳️brep/🧬️schema/📸️snapshot/🏟️arena/🦀️component.rs	118	non-primitive cast: `impl Future<Output = u32>` as `usize` | 
E0277	✏️s/🔌️plugins/🗄️stdio/📦️packages/🦀️rust/././././././././../../🗿️artifacts/🧿️semio/🏅️standards/🔖️v1/🪆️subsets/✳️brep/🧬️schema/📸️snapshot/🏟️arena/🦀️component.rs	132	can't compare `u32` with `impl Future<Output = u32>` | the trait `PartialEq<impl Future<Output = u32>>` is not implemented for `u32` / consider introducing a `where` clause, but there might be an alternative better way to express this requirement / consider introducing a `where` clause, but there might be an alternative better way to express this requirement
E0308	✏️s/🔌️plugins/🗄️stdio/📦️packages/🦀️rust/././././././././../../🗿️artifacts/🧿️semio/🏅️standards/🔖️v1/🪆️subsets/✳️brep/🧬️schema/📸️snapshot/🏟️arena/🦀️component.rs	137	mismatched types | expected type `u32` found associated type `impl Future<Output = u32>` / method defined here
E0605	✏️s/🔌️plugins/🗄️stdio/📦️packages/🦀️rust/././././././././../../🗿️artifacts/🧿️semio/🏅️standards/🔖️v1/🪆️subsets/✳️brep/🧬️schema/📸️snapshot/🏟️arena/🦀️component.rs	131	non-primitive cast: `impl Future<Output = u32>` as `usize` | 
E0790	✏️s/🔌️plugins/🗄️stdio/📦️packages/🦀️rust/././././././././../../🗿️artifacts/🧿️semio/🏅️standards/🔖️v1/🪆️subsets/✳️brep/🧬️schema/🔺️diff/🔺️euler/🦀️component.rs	33	cannot call associated function on trait without specifying the corresponding `impl` type | use a fully-qualified path to one of the available implementations
E0599	✏️s/🔌️plugins/🗄️stdio/📦️packages/🦀️rust/././././././././../../🗿️artifacts/🧿️semio/🏅️standards/🔖️v1/🪆️subsets/✳️brep/🧬️schema/💡️inferences/🧩tessellation/🦀️component.rs	259	`impl Future<Output = u32>` doesn't implement `std::fmt::Display` | the following trait bounds were not satisfied: `impl Future<Output = u32>: std::fmt::Display` which is required by `impl Future<Output = u32>: ToString`
E0790	✏️s/🔌️plugins/🗄️stdio/📦️packages/🦀️rust/././././././././../../🗿️artifacts/🧿️semio/🏅️standards/🔖️v1/🪆️subsets/✳️brep/🧬️schema/📸️snapshot/🕸️topology/🦀️component.rs	285	cannot call associated function on trait without specifying the corresponding `impl` type | use a fully-qualified path to one of the available implementations
E0308	✏️s/🔌️plugins/🗄️stdio/📦️packages/🦀️rust/././././././././../../🗿️artifacts/🧿️semio/🏅️standards/🔖️v1/🪆️subsets/✳️brep/🧬️schema/🔺️diff/🔺️euler/🦀️component.rs	226	mismatched types | expected opaque type `impl Future<Output = arena::VertexId>` found struct `arena::VertexId`
E0308	✏️s/🔌️plugins/🗄️stdio/📦️packages/🦀️rust/././././././././../../🗿️artifacts/🧿️semio/🏅️standards/🔖️v1/🪆️subsets/✳️brep/🧬️schema/🔺️diff/🔺️euler/🦀️component.rs	236	mismatched types | expected opaque type `impl Future<Output = arena::VertexId>` found struct `arena::VertexId`
E0369	✏️s/🔌️plugins/🗄️stdio/📦️packages/🦀️rust/././././././././../../🗿️artifacts/🧿️semio/🏅️standards/🔖️v1/🪆️subsets/✳️brep/🧬️schema/🔺️diff/🔺️euler/🦀️component.rs	243	binary operation `==` cannot be applied to type `impl Future<Output = arena::VertexId>` | 
E0308	✏️s/🔌️plugins/🗄️stdio/📦️packages/🦀️rust/././././././././../../🗿️artifacts/🧿️semio/🏅️standards/🔖️v1/🪆️subsets/✳️brep/🧬️schema/🔺️diff/🔺️euler/🦀️component.rs	248	mismatched types | 
E0308	✏️s/🔌️plugins/🗄️stdio/📦️packages/🦀️rust/././././././././../../🗿️artifacts/🧿️semio/🏅️standards/🔖️v1/🪆️subsets/✳️brep/🧬️schema/🔺️diff/🔺️euler/🦀️component.rs	249	mismatched types | 
E0308	✏️s/🔌️plugins/🗄️stdio/📦️packages/🦀️rust/././././././././../../🗿️artifacts/🧿️semio/🏅️standards/🔖️v1/🪆️subsets/✳️brep/🧬️schema/🔺️diff/🔺️euler/🦀️component.rs	256	mismatched types | method defined here
E0308	✏️s/🔌️plugins/🗄️stdio/📦️packages/🦀️rust/././././././././../../🗿️artifacts/🧿️semio/🏅️standards/🔖️v1/🪆️subsets/✳️brep/🧬️schema/🔺️diff/🔺️euler/🦀️component.rs	257	mismatched types | method defined here
E0308	✏️s/🔌️plugins/🗄️stdio/📦️packages/🦀️rust/././././././././../../🗿️artifacts/🧿️semio/🏅️standards/🔖️v1/🪆️subsets/✳️brep/🧬️schema/🔺️diff/🔺️euler/🦀️component.rs	259	arguments to this function are incorrect | expected `VertexId`, found future / expected `VertexId`, found future / function defined here
E0308	✏️s/🔌️plugins/🗄️stdio/📦️packages/🦀️rust/././././././././../../🗿️artifacts/🧿️semio/🏅️standards/🔖️v1/🪆️subsets/✳️brep/🧬️schema/🔺️diff/🔺️euler/🦀️component.rs	278	mismatched types | function defined here
E0277	✏️s/🔌️plugins/🗄️stdio/📦️packages/🦀️rust/././././././././../../🗿️artifacts/🧿️semio/🏅️standards/🔖️v1/🪆️subsets/✳️brep/🧬️schema/🔺️diff/🔺️euler/🦀️component.rs	222	the trait bound `impl Future<Output = arena::VertexId>: std::marker::Copy` is not satisfied | the `Copy` trait is required because this value will be copied for each element of the array / consider using `core::array::from_fn` to initialize the array / see https://doc.rust-lang.org/stable/std/array/fn.from_fn.html for more information
E0308	✏️s/🔌️plugins/🗄️stdio/📦️packages/🦀️rust/./././././././../../🗿️artifacts/🧿️semio/🏅️standards/🔖️v1/🪆️subsets/✳️brep/🚪️io/🦀️component.rs	141	mismatched types | function defined here
E0308	✏️s/🔌️plugins/🗄️stdio/📦️packages/🦀️rust/././././././../../🗿️artifacts/🧿️semio/🏅️standards/🔖️v1/🪆️subsets/✳️audio/🚪️io/🦀️component.rs	136	mismatched types | function defined here
E0308	✏️s/🔌️plugins/🗄️stdio/📦️packages/🦀️rust/././././././../../🗿️artifacts/🧿️semio/🏅️standards/🔖️v1/🪆️subsets/✳️any/🚪️io/🦀️component.rs	81	mismatched types | 
E0308	✏️s/🔌️plugins/🗄️stdio/📦️packages/🦀️rust/././././././../../🗿️artifacts/🧿️semio/🏅️standards/🔖️v1/🪆️subsets/✳️any/🚪️io/🦀️component.rs	93	mismatched types | 
E0308	✏️s/🔌️plugins/🗄️stdio/📦️packages/🦀️rust/././././././../../🗿️artifacts/🧿️semio/🏅️standards/🔖️v1/🪆️subsets/✳️any/🚪️io/🦀️component.rs	140	mismatched types | function defined here
E0790	✏️s/🔌️plugins/🗄️stdio/📦️packages/🦀️rust/././././././././../../🗿️artifacts/🧿️semio/🏅️standards/🔖️v1/🪆️subsets/✳️brep/🧬️schema/🔺️diff/🧱️primitives/🦀️component.rs	43	cannot call associated function on trait without specifying the corresponding `impl` type | use a fully-qualified path to one of the available implementations
E0277	✏️s/🔌️plugins/🗄️stdio/📦️packages/🦀️rust/././././././././../../🗿️artifacts/🧿️semio/🏅️standards/🔖️v1/🪆️subsets/✳️audio/🧬️schema/📸️snapshot/🦀️component.rs	335	`dsl::ByteReader<'_>` is not a future | the trait `Future` is not implemented for `dsl::ByteReader<'_>` / required by a bound in `semio_framework_plugin::resolve_ready`
E0277	✏️s/🔌️plugins/🗄️stdio/📦️packages/🦀️rust/././././././././../../🗿️artifacts/🧿️semio/🏅️standards/🔖️v1/🪆️subsets/✳️any/🧬️schema/📸️snapshot/🦀️component.rs	287	`dsl::ByteReader<'_>` is not a future | the trait `Future` is not implemented for `dsl::ByteReader<'_>` / required by a bound in `semio_framework_plugin::resolve_ready`
E0308	✏️s/🔌️plugins/🗄️stdio/📦️packages/🦀️rust/./././././././../../🗿️artifacts/🧿️semio/🏅️standards/🔖️v1/🪆️subsets/✳️brep/🧬️schema/⚙️engine/📦️mesh-io/🦀️component.rs	155	mismatched types | the type constructed contains `impl Future<Output = Vec<u8>>` due to the type of the argument passed / tuple variant defined here
E0599	✏️s/🔌️plugins/🗄️stdio/📦️packages/🦀️rust/./././././././../../🗿️artifacts/🧿️semio/🏅️standards/🔖️v1/🪆️subsets/✳️brep/🧬️schema/⚙️engine/📦️mesh-io/🦀️component.rs	177	`impl Future<Output = Result<MeshData, std::string::String>>` is not an iterator | the following trait bounds were not satisfied: `impl Future<Output = Result<MeshData, std::string::String>>: Iterator` which is required by `&mut impl Future<Output = Result<MeshData, std::string::String>>: Iterator` / consider `await`ing on the `Future` and calling the method on its `Output`
E0277	✏️s/🔌️plugins/🗄️stdio/📦️packages/🦀️rust/././././././././../../🗿️artifacts/🧿️semio/🏅️standards/🔖️v1/🪆️subsets/✳️audio/🧬️schema/📸️snapshot/🦀️component.rs	335	`dsl::ByteReader<'_>` is not a future | the trait `Future` is not implemented for `dsl::ByteReader<'_>`
E0277	✏️s/🔌️plugins/🗄️stdio/📦️packages/🦀️rust/././././././././../../🗿️artifacts/🧿️semio/🏅️standards/🔖️v1/🪆️subsets/✳️any/🧬️schema/📸️snapshot/🦀️component.rs	287	`dsl::ByteReader<'_>` is not a future | the trait `Future` is not implemented for `dsl::ByteReader<'_>`
E0599	✏️s/🔌️plugins/🗄️stdio/📦️packages/🦀️rust/./././././././../../🗿️artifacts/🧿️semio/🏅️standards/🔖️v1/🪆️subsets/✳️brep/🧬️schema/⚙️engine/📦️mesh-io/🦀️component.rs	184	no method named `map_err` found for opaque type `impl Future<Output = Result<Vec<u8>, std::string::String>>` in the current scope | consider `await`ing on the `Future` and calling the method on its `Output`
E0599	✏️s/🔌️plugins/🗄️stdio/📦️packages/🦀️rust/./././././././../../🗿️artifacts/🧿️semio/🏅️standards/🔖️v1/🪆️subsets/✳️brep/🧬️schema/⚙️engine/📦️mesh-io/🦀️component.rs	190	`impl Future<Output = Result<MeshData, std::string::String>>` is not an iterator | the following trait bounds were not satisfied: `impl Future<Output = Result<MeshData, std::string::String>>: Iterator` which is required by `&mut impl Future<Output = Result<MeshData, std::string::String>>: Iterator` / consider `await`ing on the `Future` and calling the method on its `Output`
E0308	✏️s/🔌️plugins/🗄️stdio/📦️packages/🦀️rust/./././././././../../🗿️artifacts/🧿️semio/🏅️standards/🔖️v1/🪆️subsets/✳️brep/🧬️schema/⚙️engine/📄️step/🦀️component.rs	165	mismatched types | expected reference `&u32` found reference `&impl Future<Output = u32>` / method defined here
E0308	✏️s/🔌️plugins/🗄️stdio/📦️packages/🦀️rust/./././././././../../🗿️artifacts/🧿️semio/🏅️standards/🔖️v1/🪆️subsets/✳️brep/🧬️schema/⚙️engine/📄️step/🦀️component.rs	172	mismatched types | method defined here
E0277	✏️s/🔌️plugins/🗄️stdio/📦️packages/🦀️rust/././././././././../../🗿️artifacts/🧿️semio/🏅️standards/🔖️v1/🪆️subsets/✳️animation/🧬️schema/📸️snapshot/🦀️component.rs	592	`dsl::ByteReader<'_>` is not a future | the trait `Future` is not implemented for `dsl::ByteReader<'_>` / required by a bound in `semio_framework_plugin::resolve_ready`
E0308	✏️s/🔌️plugins/🗄️stdio/📦️packages/🦀️rust/./././././././../../🗿️artifacts/🧿️semio/🏅️standards/🔖️v1/🪆️subsets/✳️brep/🧬️schema/⚙️engine/📄️step/🦀️component.rs	179	mismatched types | expected reference `&u32` found reference `&impl Future<Output = u32>` / method defined here
E0277	✏️s/🔌️plugins/🗄️stdio/📦️packages/🦀️rust/././././././././../../🗿️artifacts/🧿️semio/🏅️standards/🔖️v1/🪆️subsets/✳️animation/🧬️schema/📸️snapshot/🦀️component.rs	592	`dsl::ByteReader<'_>` is not a future | the trait `Future` is not implemented for `dsl::ByteReader<'_>`
E0308	✏️s/🔌️plugins/🗄️stdio/📦️packages/🦀️rust/././././././././../../🗿️artifacts/🖊️dxf/🏅️standards/🔖️r12/🪆️subsets/✳️any/🧬️schema/🔺️diff/🦀️component.rs	80	mismatched types | expected reference `&<T as DxfIndexElem>::Diff` found reference `&impl Future<Output = <T as DxfIndexElem>::Diff>` / associated function defined here
E0600	✏️s/🔌️plugins/🗄️stdio/📦️packages/🦀️rust/././././././././../../🗿️artifacts/🖊️dxf/🏅️standards/🔖️r12/🪆️subsets/✳️any/🧬️schema/🔺️diff/🦀️component.rs	80	cannot apply unary operator `!` to type `impl Future<Output = bool>` | 
E0308	✏️s/🔌️plugins/🗄️stdio/📦️packages/🦀️rust/././././././././../../🗿️artifacts/🖊️dxf/🏅️standards/🔖️r12/🪆️subsets/✳️any/🧬️schema/🔺️diff/🦀️component.rs	86	mismatched types | expected struct `Vec<(_, <T as DxfIndexElem>::Diff)>` found struct `Vec<(_, impl Future<Output = <T as DxfIndexElem>::Diff>)>`
E0308	✏️s/🔌️plugins/🗄️stdio/📦️packages/🦀️rust/./././././././../../🗿️artifacts/🧿️semio/🏅️standards/🔖️v1/🪆️subsets/✳️brep/🧬️schema/⚙️engine/📄️step/🦀️component.rs	216	mismatched types | method defined here
E0277	✏️s/🔌️plugins/🗄️stdio/📦️packages/🦀️rust/././././././././../../🗿️artifacts/🧿️semio/🏅️standards/🔖️v1/🪆️subsets/✳️audio/🧬️schema/🔺️diff/🦀️component.rs	669	`dsl::ByteReader<'_>` is not a future | the trait `Future` is not implemented for `dsl::ByteReader<'_>` / required by a bound in `semio_framework_plugin::resolve_ready`
E0277	✏️s/🔌️plugins/🗄️stdio/📦️packages/🦀️rust/././././././././../../🗿️artifacts/🧿️semio/🏅️standards/🔖️v1/🪆️subsets/✳️brep/🧬️schema/📸️snapshot/🦀️component.rs	928	`dsl::ByteReader<'_>` is not a future | the trait `Future` is not implemented for `dsl::ByteReader<'_>` / required by a bound in `semio_framework_plugin::resolve_ready`
E0277	✏️s/🔌️plugins/🗄️stdio/📦️packages/🦀️rust/././././././././../../🗿️artifacts/🧿️semio/🏅️standards/🔖️v1/🪆️subsets/✳️audio/🧬️schema/🔺️diff/🦀️component.rs	669	`dsl::ByteReader<'_>` is not a future | the trait `Future` is not implemented for `dsl::ByteReader<'_>`
E0600	✏️s/🔌️plugins/🗄️stdio/📦️packages/🦀️rust/././././././././../../🗿️artifacts/🖊️dxf/🏅️standards/🔖️r12/🪆️subsets/✳️any/🧬️schema/🔺️diff/🦀️component.rs	176	cannot apply unary operator `!` to type `impl Future<Output = bool>` | 
E0369	✏️s/🔌️plugins/🗄️stdio/📦️packages/🦀️rust/././././././././../../🗿️artifacts/🖊️dxf/🏅️standards/🔖️r12/🪆️subsets/✳️any/🧬️schema/🔺️diff/🦀️component.rs	225	binary operation `==` cannot be applied to type `impl Future<Output = &str>` | 
E0277	✏️s/🔌️plugins/🗄️stdio/📦️packages/🦀️rust/././././././././../../🗿️artifacts/🧿️semio/🏅️standards/🔖️v1/🪆️subsets/✳️brep/🧬️schema/📸️snapshot/🦀️component.rs	928	`dsl::ByteReader<'_>` is not a future | the trait `Future` is not implemented for `dsl::ByteReader<'_>`
E0277	✏️s/🔌️plugins/🗄️stdio/📦️packages/🦀️rust/././././././././../../🗿️artifacts/🖊️dxf/🏅️standards/🔖️r12/🪆️subsets/✳️any/🧬️schema/🔺️diff/🦀️component.rs	231	the trait bound `&str: Borrow<impl Future<Output = &str>>` is not satisfied | required by a bound in `HashSet::<T, S, A>::contains` / consider introducing a `where` clause, but there might be an alternative better way to express this requirement
E0277	✏️s/🔌️plugins/🗄️stdio/📦️packages/🦀️rust/././././././././../../🗿️artifacts/🖊️dxf/🏅️standards/🔖️r12/🪆️subsets/✳️any/🧬️schema/🔺️diff/🦀️component.rs	231	the trait bound `impl Future<Output = &str>: std::hash::Hash` is not satisfied | required by a bound in `HashSet::<T, S, A>::contains`
E0277	✏️s/🔌️plugins/🗄️stdio/📦️packages/🦀️rust/././././././././../../🗿️artifacts/🖊️dxf/🏅️standards/🔖️r12/🪆️subsets/✳️any/🧬️schema/🔺️diff/🦀️component.rs	231	the trait bound `impl Future<Output = &str>: std::cmp::Eq` is not satisfied | required by a bound in `HashSet::<T, S, A>::contains`
E0277	✏️s/🔌️plugins/🗄️stdio/📦️packages/🦀️rust/././././././././../../🗿️artifacts/🖊️dxf/🏅️standards/🔖️r12/🪆️subsets/✳️any/🧬️schema/🔺️diff/🦀️component.rs	242	a value of type `HashSet<&str>` cannot be built from an iterator over elements of type `impl Future<Output = &str>` | the trait `FromIterator<impl Future<Output = &str>>` is not implemented for `HashSet<&str>` / required by a bound in `collect` / consider introducing a `where` clause, but there might be an alternative better way to express this requirement
E0277	✏️s/🔌️plugins/🗄️stdio/📦️packages/🦀️rust/././././././././../../🗿️artifacts/🖊️dxf/🏅️standards/🔖️r12/🪆️subsets/✳️any/🧬️schema/🔺️diff/🦀️component.rs	243	a value of type `HashSet<&str>` cannot be built from an iterator over elements of type `impl Future<Output = &str>` | the trait `FromIterator<impl Future<Output = &str>>` is not implemented for `HashSet<&str>` / required by a bound in `collect` / consider introducing a `where` clause, but there might be an alternative better way to express this requirement
E0277	✏️s/🔌️plugins/🗄️stdio/📦️packages/🦀️rust/././././././././../../🗿️artifacts/🖊️dxf/🏅️standards/🔖️r12/🪆️subsets/✳️any/🧬️schema/🔺️diff/🦀️component.rs	244	the trait bound `&str: Borrow<impl Future<Output = &str>>` is not satisfied | required by a bound in `HashSet::<T, S, A>::contains` / consider introducing a `where` clause, but there might be an alternative better way to express this requirement
E0277	✏️s/🔌️plugins/🗄️stdio/📦️packages/🦀️rust/././././././././../../🗿️artifacts/🖊️dxf/🏅️standards/🔖️r12/🪆️subsets/✳️any/🧬️schema/🔺️diff/🦀️component.rs	244	the trait bound `impl Future<Output = &str>: std::hash::Hash` is not satisfied | required by a bound in `HashSet::<T, S, A>::contains`
E0277	✏️s/🔌️plugins/🗄️stdio/📦️packages/🦀️rust/././././././././../../🗿️artifacts/🖊️dxf/🏅️standards/🔖️r12/🪆️subsets/✳️any/🧬️schema/🔺️diff/🦀️component.rs	244	the trait bound `impl Future<Output = &str>: std::cmp::Eq` is not satisfied | required by a bound in `HashSet::<T, S, A>::contains`
E0790	✏️s/🔌️plugins/🗄️stdio/📦️packages/🦀️rust/./././././././../../🗿️artifacts/🧿️semio/🏅️standards/🔖️v1/🪆️subsets/✳️brep/🧬️schema/⚙️engine/📄️step/🦀️component.rs	730	cannot call associated function on trait without specifying the corresponding `impl` type | use a fully-qualified path to one of the available implementations
E0599	✏️s/🔌️plugins/🗄️stdio/📦️packages/🦀️rust/././././././././../../🗿️artifacts/🖊️dxf/🏅️standards/🔖️r12/🪆️subsets/✳️any/🧬️schema/🔺️diff/🦀️component.rs	244	`impl Future<Output = &str>` doesn't implement `std::fmt::Display` | the following trait bounds were not satisfied: `impl Future<Output = &str>: std::fmt::Display` which is required by `impl Future<Output = &str>: ToString`
E0369	✏️s/🔌️plugins/🗄️stdio/📦️packages/🦀️rust/././././././././../../🗿️artifacts/🖊️dxf/🏅️standards/🔖️r12/🪆️subsets/✳️any/🧬️schema/🔺️diff/🦀️component.rs	247	binary operation `==` cannot be applied to type `impl Future<Output = &str>` | 
E0369	✏️s/🔌️plugins/🗄️stdio/📦️packages/🦀️rust/././././././././../../🗿️artifacts/🖊️dxf/🏅️standards/🔖️r12/🪆️subsets/✳️any/🧬️schema/🔺️diff/🦀️component.rs	249	binary operation `!=` cannot be applied to type `impl Future<Output = <T as DxfNamedElem>::Diff>` | 
E0599	✏️s/🔌️plugins/🗄️stdio/📦️packages/🦀️rust/././././././././../../🗿️artifacts/🖊️dxf/🏅️standards/🔖️r12/🪆️subsets/✳️any/🧬️schema/🔺️diff/🦀️component.rs	250	`impl Future<Output = &str>` doesn't implement `std::fmt::Display` | the following trait bounds were not satisfied: `impl Future<Output = &str>: std::fmt::Display` which is required by `impl Future<Output = &str>: ToString`
E0277	✏️s/🔌️plugins/🗄️stdio/📦️packages/🦀️rust/././././././././../../🗿️artifacts/🖊️dxf/🏅️standards/🔖️r12/🪆️subsets/✳️any/🧬️schema/🔺️diff/🦀️component.rs	254	the trait bound `&str: Borrow<impl Future<Output = &str>>` is not satisfied | required by a bound in `HashSet::<T, S, A>::contains` / consider introducing a `where` clause, but there might be an alternative better way to express this requirement
E0277	✏️s/🔌️plugins/🗄️stdio/📦️packages/🦀️rust/././././././././../../🗿️artifacts/🖊️dxf/🏅️standards/🔖️r12/🪆️subsets/✳️any/🧬️schema/🔺️diff/🦀️component.rs	254	the trait bound `impl Future<Output = &str>: std::hash::Hash` is not satisfied | required by a bound in `HashSet::<T, S, A>::contains`
E0277	✏️s/🔌️plugins/🗄️stdio/📦️packages/🦀️rust/././././././././../../🗿️artifacts/🖊️dxf/🏅️standards/🔖️r12/🪆️subsets/✳️any/🧬️schema/🔺️diff/🦀️component.rs	254	the trait bound `impl Future<Output = &str>: std::cmp::Eq` is not satisfied | required by a bound in `HashSet::<T, S, A>::contains`
E0599	✏️s/🔌️plugins/🗄️stdio/📦️packages/🦀️rust/././././././././../../🗿️artifacts/🖊️dxf/🏅️standards/🔖️r12/🪆️subsets/✳️any/🧬️schema/🔺️diff/🦀️component.rs	268	`impl Future<Output = &str>` doesn't implement `std::fmt::Display` | the following trait bounds were not satisfied: `impl Future<Output = &str>: std::fmt::Display` which is required by `impl Future<Output = &str>: ToString`
E0277	✏️s/🔌️plugins/🗄️stdio/📦️packages/🦀️rust/././././././././../../🗿️artifacts/🖊️dxf/🏅️standards/🔖️r12/🪆️subsets/✳️any/🧬️schema/🔺️diff/🦀️component.rs	279	the trait bound `std::string::String: Borrow<impl Future<Output = &str>>` is not satisfied | required by a bound in `HashSet::<T, S, A>::contains` / consider introducing a `where` clause, but there might be an alternative better way to express this requirement
E0277	✏️s/🔌️plugins/🗄️stdio/📦️packages/🦀️rust/././././././././../../🗿️artifacts/🖊️dxf/🏅️standards/🔖️r12/🪆️subsets/✳️any/🧬️schema/🔺️diff/🦀️component.rs	279	the trait bound `impl Future<Output = &str>: std::hash::Hash` is not satisfied | required by a bound in `HashSet::<T, S, A>::contains`
E0277	✏️s/🔌️plugins/🗄️stdio/📦️packages/🦀️rust/././././././././../../🗿️artifacts/🖊️dxf/🏅️standards/🔖️r12/🪆️subsets/✳️any/🧬️schema/🔺️diff/🦀️component.rs	279	the trait bound `impl Future<Output = &str>: std::cmp::Eq` is not satisfied | required by a bound in `HashSet::<T, S, A>::contains`
E0369	✏️s/🔌️plugins/🗄️stdio/📦️packages/🦀️rust/././././././././../../🗿️artifacts/🖊️dxf/🏅️standards/🔖️r12/🪆️subsets/✳️any/🧬️schema/🔺️diff/🦀️component.rs	286	binary operation `==` cannot be applied to type `impl Future<Output = &str>` | 
E0277	✏️s/🔌️plugins/🗄️stdio/📦️packages/🦀️rust/././././././././../../🗿️artifacts/💬️bcf/🏅️standards/🔖️2.1/🪆️subsets/✳️any/🧬️schema/🧬️mutations/🦀️component.rs	500	`usize` is not a future | the trait `Future` is not implemented for `usize` / required by a bound in `semio_framework_plugin::resolve_ready`
E0277	✏️s/🔌️plugins/🗄️stdio/📦️packages/🦀️rust/././././././././../../🗿️artifacts/💬️bcf/🏅️standards/🔖️2.1/🪆️subsets/✳️any/🧬️schema/🧬️mutations/🦀️component.rs	501	`usize` is not a future | the trait `Future` is not implemented for `usize` / required by a bound in `semio_framework_plugin::resolve_ready`
E0277	✏️s/🔌️plugins/🗄️stdio/📦️packages/🦀️rust/././././././././../../🗿️artifacts/💬️bcf/🏅️standards/🔖️2.1/🪆️subsets/✳️any/🧬️schema/🧬️mutations/🦀️component.rs	502	`usize` is not a future | the trait `Future` is not implemented for `usize` / required by a bound in `semio_framework_plugin::resolve_ready`
E0277	✏️s/🔌️plugins/🗄️stdio/📦️packages/🦀️rust/././././././././../../🗿️artifacts/💬️bcf/🏅️standards/🔖️2.1/🪆️subsets/✳️any/🧬️schema/🧬️mutations/🦀️component.rs	503	`usize` is not a future | the trait `Future` is not implemented for `usize` / required by a bound in `semio_framework_plugin::resolve_ready`
E0277	✏️s/🔌️plugins/🗄️stdio/📦️packages/🦀️rust/././././././././../../🗿️artifacts/💬️bcf/🏅️standards/🔖️2.1/🪆️subsets/✳️any/🧬️schema/🧬️mutations/🦀️component.rs	505	`usize` is not a future | the trait `Future` is not implemented for `usize` / required by a bound in `semio_framework_plugin::resolve_ready`
E0277	✏️s/🔌️plugins/🗄️stdio/📦️packages/🦀️rust/././././././././../../🗿️artifacts/💬️bcf/🏅️standards/🔖️2.1/🪆️subsets/✳️any/🧬️schema/🧬️mutations/🦀️component.rs	506	`usize` is not a future | the trait `Future` is not implemented for `usize` / required by a bound in `semio_framework_plugin::resolve_ready`
E0277	✏️s/🔌️plugins/🗄️stdio/📦️packages/🦀️rust/././././././././../../🗿️artifacts/💬️bcf/🏅️standards/🔖️2.1/🪆️subsets/✳️any/🧬️schema/🧬️mutations/🦀️component.rs	507	`usize` is not a future | the trait `Future` is not implemented for `usize` / required by a bound in `semio_framework_plugin::resolve_ready`
E0277	✏️s/🔌️plugins/🗄️stdio/📦️packages/🦀️rust/././././././././../../🗿️artifacts/💬️bcf/🏅️standards/🔖️2.1/🪆️subsets/✳️any/🧬️schema/🧬️mutations/🦀️component.rs	508	`usize` is not a future | the trait `Future` is not implemented for `usize` / required by a bound in `semio_framework_plugin::resolve_ready`
E0277	✏️s/🔌️plugins/🗄️stdio/📦️packages/🦀️rust/././././././././../../🗿️artifacts/💬️bcf/🏅️standards/🔖️2.1/🪆️subsets/✳️any/🧬️schema/🧬️mutations/🦀️component.rs	509	`usize` is not a future | the trait `Future` is not implemented for `usize` / required by a bound in `semio_framework_plugin::resolve_ready`
E0277	✏️s/🔌️plugins/🗄️stdio/📦️packages/🦀️rust/././././././././../../🗿️artifacts/💬️bcf/🏅️standards/🔖️2.1/🪆️subsets/✳️any/🧬️schema/🧬️mutations/🦀️component.rs	510	`usize` is not a future | the trait `Future` is not implemented for `usize` / required by a bound in `semio_framework_plugin::resolve_ready`
E0277	✏️s/🔌️plugins/🗄️stdio/📦️packages/🦀️rust/././././././././../../🗿️artifacts/💬️bcf/🏅️standards/🔖️2.1/🪆️subsets/✳️any/🧬️schema/🧬️mutations/🦀️component.rs	510	`usize` is not a future | the trait `Future` is not implemented for `usize` / required by a bound in `semio_framework_plugin::resolve_ready`
E0277	✏️s/🔌️plugins/🗄️stdio/📦️packages/🦀️rust/././././././././../../🗿️artifacts/💬️bcf/🏅️standards/🔖️2.1/🪆️subsets/✳️any/🧬️schema/🧬️mutations/🦀️component.rs	511	`usize` is not a future | the trait `Future` is not implemented for `usize` / required by a bound in `semio_framework_plugin::resolve_ready`
E0277	✏️s/🔌️plugins/🗄️stdio/📦️packages/🦀️rust/././././././././../../🗿️artifacts/💬️bcf/🏅️standards/🔖️2.1/🪆️subsets/✳️any/🧬️schema/🧬️mutations/🦀️component.rs	512	`usize` is not a future | the trait `Future` is not implemented for `usize` / required by a bound in `semio_framework_plugin::resolve_ready`
E0277	✏️s/🔌️plugins/🗄️stdio/📦️packages/🦀️rust/././././././././../../🗿️artifacts/💬️bcf/🏅️standards/🔖️2.1/🪆️subsets/✳️any/🧬️schema/🧬️mutations/🦀️component.rs	516	`usize` is not a future | the trait `Future` is not implemented for `usize` / required by a bound in `semio_framework_plugin::resolve_ready`
E0277	✏️s/🔌️plugins/🗄️stdio/📦️packages/🦀️rust/././././././././../../🗿️artifacts/💬️bcf/🏅️standards/🔖️2.1/🪆️subsets/✳️any/🧬️schema/🧬️mutations/🦀️component.rs	517	`usize` is not a future | the trait `Future` is not implemented for `usize` / required by a bound in `semio_framework_plugin::resolve_ready`
E0277	✏️s/🔌️plugins/🗄️stdio/📦️packages/🦀️rust/././././././././../../🗿️artifacts/💬️bcf/🏅️standards/🔖️2.1/🪆️subsets/✳️any/🧬️schema/🧬️mutations/🦀️component.rs	521	`usize` is not a future | the trait `Future` is not implemented for `usize` / required by a bound in `semio_framework_plugin::resolve_ready`
E0277	✏️s/🔌️plugins/🗄️stdio/📦️packages/🦀️rust/././././././././../../🗿️artifacts/💬️bcf/🏅️standards/🔖️2.1/🪆️subsets/✳️any/🧬️schema/🧬️mutations/🦀️component.rs	522	`usize` is not a future | the trait `Future` is not implemented for `usize` / required by a bound in `semio_framework_plugin::resolve_ready`
E0277	✏️s/🔌️plugins/🗄️stdio/📦️packages/🦀️rust/././././././././../../🗿️artifacts/💬️bcf/🏅️standards/🔖️2.1/🪆️subsets/✳️any/🧬️schema/🧬️mutations/🦀️component.rs	526	`usize` is not a future | the trait `Future` is not implemented for `usize` / required by a bound in `semio_framework_plugin::resolve_ready`
E0277	✏️s/🔌️plugins/🗄️stdio/📦️packages/🦀️rust/././././././././../../🗿️artifacts/💬️bcf/🏅️standards/🔖️2.1/🪆️subsets/✳️any/🧬️schema/🧬️mutations/🦀️component.rs	527	`usize` is not a future | the trait `Future` is not implemented for `usize` / required by a bound in `semio_framework_plugin::resolve_ready`
E0277	✏️s/🔌️plugins/🗄️stdio/📦️packages/🦀️rust/././././././././../../🗿️artifacts/💬️bcf/🏅️standards/🔖️2.1/🪆️subsets/✳️any/🧬️schema/🧬️mutations/🦀️component.rs	528	`usize` is not a future | the trait `Future` is not implemented for `usize` / required by a bound in `semio_framework_plugin::resolve_ready`
E0277	✏️s/🔌️plugins/🗄️stdio/📦️packages/🦀️rust/././././././././../../🗿️artifacts/💬️bcf/🏅️standards/🔖️2.1/🪆️subsets/✳️any/🧬️schema/🧬️mutations/🦀️component.rs	529	`usize` is not a future | the trait `Future` is not implemented for `usize` / required by a bound in `semio_framework_plugin::resolve_ready`
E0277	✏️s/🔌️plugins/🗄️stdio/📦️packages/🦀️rust/././././././././../../🗿️artifacts/💬️bcf/🏅️standards/🔖️2.1/🪆️subsets/✳️any/🧬️schema/🧬️mutations/🦀️component.rs	530	`usize` is not a future | the trait `Future` is not implemented for `usize` / required by a bound in `semio_framework_plugin::resolve_ready`
E0277	✏️s/🔌️plugins/🗄️stdio/📦️packages/🦀️rust/././././././././../../🗿️artifacts/💬️bcf/🏅️standards/🔖️2.1/🪆️subsets/✳️any/🧬️schema/🧬️mutations/🦀️component.rs	531	`usize` is not a future | the trait `Future` is not implemented for `usize` / required by a bound in `semio_framework_plugin::resolve_ready`
E0277	✏️s/🔌️plugins/🗄️stdio/📦️packages/🦀️rust/././././././././../../🗿️artifacts/💬️bcf/🏅️standards/🔖️2.1/🪆️subsets/✳️any/🧬️schema/🧬️mutations/🦀️component.rs	532	`usize` is not a future | the trait `Future` is not implemented for `usize` / required by a bound in `semio_framework_plugin::resolve_ready`
E0277	✏️s/🔌️plugins/🗄️stdio/📦️packages/🦀️rust/././././././././../../🗿️artifacts/💬️bcf/🏅️standards/🔖️2.1/🪆️subsets/✳️any/🧬️schema/🧬️mutations/🦀️component.rs	539	`usize` is not a future | the trait `Future` is not implemented for `usize` / required by a bound in `semio_framework_plugin::resolve_ready`
E0277	✏️s/🔌️plugins/🗄️stdio/📦️packages/🦀️rust/././././././././../../🗿️artifacts/💬️bcf/🏅️standards/🔖️2.1/🪆️subsets/✳️any/🧬️schema/🧬️mutations/🦀️component.rs	540	`usize` is not a future | the trait `Future` is not implemented for `usize` / required by a bound in `semio_framework_plugin::resolve_ready`
E0277	✏️s/🔌️plugins/🗄️stdio/📦️packages/🦀️rust/././././././././../../🗿️artifacts/💬️bcf/🏅️standards/🔖️2.1/🪆️subsets/✳️any/🧬️schema/🧬️mutations/🦀️component.rs	544	`usize` is not a future | the trait `Future` is not implemented for `usize` / required by a bound in `semio_framework_plugin::resolve_ready`
E0277	✏️s/🔌️plugins/🗄️stdio/📦️packages/🦀️rust/././././././././../../🗿️artifacts/💬️bcf/🏅️standards/🔖️2.1/🪆️subsets/✳️any/🧬️schema/🧬️mutations/🦀️component.rs	545	`usize` is not a future | the trait `Future` is not implemented for `usize` / required by a bound in `semio_framework_plugin::resolve_ready`
E0277	✏️s/🔌️plugins/🗄️stdio/📦️packages/🦀️rust/././././././././../../🗿️artifacts/💬️bcf/🏅️standards/🔖️2.1/🪆️subsets/✳️any/🧬️schema/🧬️mutations/🦀️component.rs	549	`usize` is not a future | the trait `Future` is not implemented for `usize` / required by a bound in `semio_framework_plugin::resolve_ready`
E0277	✏️s/🔌️plugins/🗄️stdio/📦️packages/🦀️rust/././././././././../../🗿️artifacts/💬️bcf/🏅️standards/🔖️2.1/🪆️subsets/✳️any/🧬️schema/🧬️mutations/🦀️component.rs	550	`usize` is not a future | the trait `Future` is not implemented for `usize` / required by a bound in `semio_framework_plugin::resolve_ready`
E0277	✏️s/🔌️plugins/🗄️stdio/📦️packages/🦀️rust/././././././././../../🗿️artifacts/💬️bcf/🏅️standards/🔖️2.1/🪆️subsets/✳️any/🧬️schema/🧬️mutations/🦀️component.rs	551	`usize` is not a future | the trait `Future` is not implemented for `usize` / required by a bound in `semio_framework_plugin::resolve_ready`
E0277	✏️s/🔌️plugins/🗄️stdio/📦️packages/🦀️rust/././././././././../../🗿️artifacts/💬️bcf/🏅️standards/🔖️2.1/🪆️subsets/✳️any/🧬️schema/🧬️mutations/🦀️component.rs	551	`usize` is not a future | the trait `Future` is not implemented for `usize` / required by a bound in `semio_framework_plugin::resolve_ready`
E0277	✏️s/🔌️plugins/🗄️stdio/📦️packages/🦀️rust/././././././././../../🗿️artifacts/💬️bcf/🏅️standards/🔖️2.1/🪆️subsets/✳️any/🧬️schema/🧬️mutations/🦀️component.rs	555	`usize` is not a future | the trait `Future` is not implemented for `usize` / required by a bound in `semio_framework_plugin::resolve_ready`
E0277	✏️s/🔌️plugins/🗄️stdio/📦️packages/🦀️rust/././././././././../../🗿️artifacts/💬️bcf/🏅️standards/🔖️2.1/🪆️subsets/✳️any/🧬️schema/🧬️mutations/🦀️component.rs	556	`usize` is not a future | the trait `Future` is not implemented for `usize` / required by a bound in `semio_framework_plugin::resolve_ready`
E0277	✏️s/🔌️plugins/🗄️stdio/📦️packages/🦀️rust/././././././././../../🗿️artifacts/💬️bcf/🏅️standards/🔖️2.1/🪆️subsets/✳️any/🧬️schema/🧬️mutations/🦀️component.rs	558	`usize` is not a future | the trait `Future` is not implemented for `usize` / required by a bound in `semio_framework_plugin::resolve_ready`
E0277	✏️s/🔌️plugins/🗄️stdio/📦️packages/🦀️rust/././././././././../../🗿️artifacts/💬️bcf/🏅️standards/🔖️2.1/🪆️subsets/✳️any/🧬️schema/🧬️mutations/🦀️component.rs	558	`usize` is not a future | the trait `Future` is not implemented for `usize` / required by a bound in `semio_framework_plugin::resolve_ready`
E0277	✏️s/🔌️plugins/🗄️stdio/📦️packages/🦀️rust/././././././././../../🗿️artifacts/💬️bcf/🏅️standards/🔖️2.1/🪆️subsets/✳️any/🧬️schema/🧬️mutations/🦀️component.rs	562	`usize` is not a future | the trait `Future` is not implemented for `usize` / required by a bound in `semio_framework_plugin::resolve_ready`
E0277	✏️s/🔌️plugins/🗄️stdio/📦️packages/🦀️rust/././././././././../../🗿️artifacts/💬️bcf/🏅️standards/🔖️2.1/🪆️subsets/✳️any/🧬️schema/🧬️mutations/🦀️component.rs	563	`usize` is not a future | the trait `Future` is not implemented for `usize` / required by a bound in `semio_framework_plugin::resolve_ready`
E0277	✏️s/🔌️plugins/🗄️stdio/📦️packages/🦀️rust/././././././././../../🗿️artifacts/💬️bcf/🏅️standards/🔖️2.1/🪆️subsets/✳️any/🧬️schema/🧬️mutations/🦀️component.rs	564	`usize` is not a future | the trait `Future` is not implemented for `usize` / required by a bound in `semio_framework_plugin::resolve_ready`
E0277	✏️s/🔌️plugins/🗄️stdio/📦️packages/🦀️rust/././././././././../../🗿️artifacts/💬️bcf/🏅️standards/🔖️2.1/🪆️subsets/✳️any/🧬️schema/🧬️mutations/🦀️component.rs	564	`usize` is not a future | the trait `Future` is not implemented for `usize` / required by a bound in `semio_framework_plugin::resolve_ready`
E0277	✏️s/🔌️plugins/🗄️stdio/📦️packages/🦀️rust/././././././././../../🗿️artifacts/💬️bcf/🏅️standards/🔖️2.1/🪆️subsets/✳️any/🧬️schema/🧬️mutations/🦀️component.rs	500	`usize` is not a future | the trait `Future` is not implemented for `usize`
E0277	✏️s/🔌️plugins/🗄️stdio/📦️packages/🦀️rust/././././././././../../🗿️artifacts/📕️xlsx/🏅️standards/🔖️ecma-376/🪆️subsets/✳️any/🧬️schema/🧬️mutations/🦀️component.rs	484	`usize` is not a future | the trait `Future` is not implemented for `usize` / required by a bound in `semio_framework_plugin::resolve_ready`
E0277	✏️s/🔌️plugins/🗄️stdio/📦️packages/🦀️rust/././././././././../../🗿️artifacts/📕️xlsx/🏅️standards/🔖️ecma-376/🪆️subsets/✳️any/🧬️schema/🧬️mutations/🦀️component.rs	488	`usize` is not a future | the trait `Future` is not implemented for `usize` / required by a bound in `semio_framework_plugin::resolve_ready`
E0277	✏️s/🔌️plugins/🗄️stdio/📦️packages/🦀️rust/././././././././../../🗿️artifacts/📕️xlsx/🏅️standards/🔖️ecma-376/🪆️subsets/✳️any/🧬️schema/🧬️mutations/🦀️component.rs	492	`usize` is not a future | the trait `Future` is not implemented for `usize` / required by a bound in `semio_framework_plugin::resolve_ready`
E0277	✏️s/🔌️plugins/🗄️stdio/📦️packages/🦀️rust/././././././././../../🗿️artifacts/📕️xlsx/🏅️standards/🔖️ecma-376/🪆️subsets/✳️any/🧬️schema/🧬️mutations/🦀️component.rs	496	`usize` is not a future | the trait `Future` is not implemented for `usize` / required by a bound in `semio_framework_plugin::resolve_ready`
E0277	✏️s/🔌️plugins/🗄️stdio/📦️packages/🦀️rust/././././././././../../🗿️artifacts/📕️xlsx/🏅️standards/🔖️ecma-376/🪆️subsets/✳️any/🧬️schema/🧬️mutations/🦀️component.rs	497	`usize` is not a future | the trait `Future` is not implemented for `usize` / required by a bound in `semio_framework_plugin::resolve_ready`
E0277	✏️s/🔌️plugins/🗄️stdio/📦️packages/🦀️rust/././././././././../../🗿️artifacts/📕️xlsx/🏅️standards/🔖️ecma-376/🪆️subsets/✳️any/🧬️schema/🧬️mutations/🦀️component.rs	501	`usize` is not a future | the trait `Future` is not implemented for `usize` / required by a bound in `semio_framework_plugin::resolve_ready`
E0277	✏️s/🔌️plugins/🗄️stdio/📦️packages/🦀️rust/././././././././../../🗿️artifacts/📕️xlsx/🏅️standards/🔖️ecma-376/🪆️subsets/✳️any/🧬️schema/🧬️mutations/🦀️component.rs	502	`usize` is not a future | the trait `Future` is not implemented for `usize` / required by a bound in `semio_framework_plugin::resolve_ready`
E0277	✏️s/🔌️plugins/🗄️stdio/📦️packages/🦀️rust/././././././././../../🗿️artifacts/📕️xlsx/🏅️standards/🔖️ecma-376/🪆️subsets/✳️any/🧬️schema/🧬️mutations/🦀️component.rs	503	`usize` is not a future | the trait `Future` is not implemented for `usize` / required by a bound in `semio_framework_plugin::resolve_ready`
E0277	✏️s/🔌️plugins/🗄️stdio/📦️packages/🦀️rust/././././././././../../🗿️artifacts/📕️xlsx/🏅️standards/🔖️ecma-376/🪆️subsets/✳️any/🧬️schema/🧬️mutations/🦀️component.rs	504	`usize` is not a future | the trait `Future` is not implemented for `usize` / required by a bound in `semio_framework_plugin::resolve_ready`
E0277	✏️s/🔌️plugins/🗄️stdio/📦️packages/🦀️rust/././././././././../../🗿️artifacts/📕️xlsx/🏅️standards/🔖️ecma-376/🪆️subsets/✳️any/🧬️schema/🧬️mutations/🦀️component.rs	508	`usize` is not a future | the trait `Future` is not implemented for `usize` / required by a bound in `semio_framework_plugin::resolve_ready`
E0277	✏️s/🔌️plugins/🗄️stdio/📦️packages/🦀️rust/././././././././../../🗿️artifacts/📕️xlsx/🏅️standards/🔖️ecma-376/🪆️subsets/✳️any/🧬️schema/🧬️mutations/🦀️component.rs	509	`usize` is not a future | the trait `Future` is not implemented for `usize` / required by a bound in `semio_framework_plugin::resolve_ready`
E0277	✏️s/🔌️plugins/🗄️stdio/📦️packages/🦀️rust/././././././././../../🗿️artifacts/📕️xlsx/🏅️standards/🔖️ecma-376/🪆️subsets/✳️any/🧬️schema/🧬️mutations/🦀️component.rs	510	`usize` is not a future | the trait `Future` is not implemented for `usize` / required by a bound in `semio_framework_plugin::resolve_ready`
E0277	✏️s/🔌️plugins/🗄️stdio/📦️packages/🦀️rust/././././././././../../🗿️artifacts/📕️xlsx/🏅️standards/🔖️ecma-376/🪆️subsets/✳️any/🧬️schema/🧬️mutations/🦀️component.rs	514	`usize` is not a future | the trait `Future` is not implemented for `usize` / required by a bound in `semio_framework_plugin::resolve_ready`
E0277	✏️s/🔌️plugins/🗄️stdio/📦️packages/🦀️rust/././././././././../../🗿️artifacts/📕️xlsx/🏅️standards/🔖️ecma-376/🪆️subsets/✳️any/🧬️schema/🧬️mutations/🦀️component.rs	518	`usize` is not a future | the trait `Future` is not implemented for `usize` / required by a bound in `semio_framework_plugin::resolve_ready`
E0277	✏️s/🔌️plugins/🗄️stdio/📦️packages/🦀️rust/././././././././../../🗿️artifacts/📕️xlsx/🏅️standards/🔖️ecma-376/🪆️subsets/✳️any/🧬️schema/🧬️mutations/🦀️component.rs	522	`usize` is not a future | the trait `Future` is not implemented for `usize` / required by a bound in `semio_framework_plugin::resolve_ready`
E0277	✏️s/🔌️plugins/🗄️stdio/📦️packages/🦀️rust/././././././././../../🗿️artifacts/📕️xlsx/🏅️standards/🔖️ecma-376/🪆️subsets/✳️any/🧬️schema/🧬️mutations/🦀️component.rs	523	`usize` is not a future | the trait `Future` is not implemented for `usize` / required by a bound in `semio_framework_plugin::resolve_ready`
E0277	✏️s/🔌️plugins/🗄️stdio/📦️packages/🦀️rust/././././././././../../🗿️artifacts/📕️xlsx/🏅️standards/🔖️ecma-376/🪆️subsets/✳️any/🧬️schema/🧬️mutations/🦀️component.rs	484	`usize` is not a future | the trait `Future` is not implemented for `usize`
E0599	✏️s/🔌️plugins/🗄️stdio/📦️packages/🦀️rust/./././././././../../🗿️artifacts/💬️bcf/🏅️standards/🔖️2.1/🪆️subsets/✳️any/🚪️io/🦀️component.rs	449	no method named `map_err` found for opaque type `impl Future<Output = Result<Vec<u8>, ZipError>>` in the current scope | the full name for the type has been written to '/Users/ueli/Documents/semio/.🧬semio/🦑️repo/🎫️tickets/🎆️26/🌙️08/☀️20/INTERACTIVE-JOB-RUNTIME-REFACTOR/PHASE-1-5-DE-ASYNC-REPAIR-SWEEP/🧪️target-r19-stdio/debug/deps/semio_s_plugin_stdio-1d1792480c328f6d.long-type-6048866267587719193.txt' / consider using `--verbose` to print the full type name to the console / consider `await`ing on the `Future` and calling the method on its `Output`
E0599	✏️s/🔌️plugins/🗄️stdio/📦️packages/🦀️rust/./././././././../../🗿️artifacts/💬️bcf/🏅️standards/🔖️2.1/🪆️subsets/✳️any/🚪️io/🦀️component.rs	454	no method named `map_err` found for opaque type `impl Future<Output = Result<ZipSnapshot, ZipError>>` in the current scope | the full name for the type has been written to '/Users/ueli/Documents/semio/.🧬semio/🦑️repo/🎫️tickets/🎆️26/🌙️08/☀️20/INTERACTIVE-JOB-RUNTIME-REFACTOR/PHASE-1-5-DE-ASYNC-REPAIR-SWEEP/🧪️target-r19-stdio/debug/deps/semio_s_plugin_stdio-1d1792480c328f6d.long-type-4980652905543122326.txt' / consider using `--verbose` to print the full type name to the console / consider `await`ing on the `Future` and calling the method on its `Output`
E0308	✏️s/🔌️plugins/🗄️stdio/📦️packages/🦀️rust/././././../../🗿️artifacts/💬️bcf/🏅️standards/🔖️2.1/🪆️subsets/✳️any/📚️examples/🎬️demo/🦀️component.rs	14	mismatched types | 
E0308	✏️s/🔌️plugins/🗄️stdio/📦️packages/🦀️rust/././../../🗿️artifacts/🧿️semio/🦀️component.rs	150	mismatched types | 
E0308	✏️s/🔌️plugins/🗄️stdio/📦️packages/🦀️rust/././../../🗿️artifacts/🧿️semio/🦀️component.rs	160	mismatched types | 
E0277	✏️s/🔌️plugins/🗄️stdio/📦️packages/🦀️rust/././../../🗿️artifacts/🧿️semio/🦀️component.rs	168	the `?` operator can only be applied to values that implement `Try` | the nightly-only, unstable trait `Try` is not implemented for `impl Future<Output = Result<(Vec<u8>, Vec<u8>), VcsError>>` / this implements `Future` and its output type supports `?`, but the future cannot be awaited in a synchronous function
E0277	✏️s/🔌️plugins/🗄️stdio/📦️packages/🦀️rust/././../../🗿️artifacts/🧿️semio/🦀️component.rs	168	the size for values of type `[u8]` cannot be known at compilation time | the trait `Sized` is not implemented for `[u8]` / all local variables must have a statically known size
E0277	✏️s/🔌️plugins/🗄️stdio/📦️packages/🦀️rust/././../../🗿️artifacts/🧿️semio/🦀️component.rs	168	the size for values of type `[u8]` cannot be known at compilation time | within `(_, [u8])`, the trait `Sized` is not implemented for `[u8]` / required because it appears within the type `(_, [u8])` / required by an implicit `Sized` bound in `ControlFlow`
E0277	✏️s/🔌️plugins/🗄️stdio/📦️packages/🦀️rust/././../../🗿️artifacts/🧿️semio/🦀️component.rs	168	the size for values of type `[u8]` cannot be known at compilation time | within `(_, [u8])`, the trait `Sized` is not implemented for `[u8]` / required because it appears within the type `(_, [u8])` / required by an implicit `Sized` bound in `ControlFlow`
E0308	✏️s/🔌️plugins/🗄️stdio/📦️packages/🦀️rust/././././../../🗿️artifacts/📕️xlsx/🏅️standards/🔖️ecma-376/🪆️subsets/✳️any/📚️examples/🎬️demo/🦀️component.rs	14	mismatched types | 
E0277	✏️s/🔌️plugins/🗄️stdio/📦️packages/🦀️rust/././././././././../../🗿️artifacts/💬️bcf/🏅️standards/🔖️2.1/🪆️subsets/✳️any/🧬️schema/🔺️diff/🦀️component.rs	1546	`usize` is not a future | the trait `Future` is not implemented for `usize` / required by a bound in `semio_framework_plugin::resolve_ready`
E0277	✏️s/🔌️plugins/🗄️stdio/📦️packages/🦀️rust/././././././././../../🗿️artifacts/💬️bcf/🏅️standards/🔖️2.1/🪆️subsets/✳️any/🧬️schema/🔺️diff/🦀️component.rs	1547	`usize` is not a future | the trait `Future` is not implemented for `usize` / required by a bound in `semio_framework_plugin::resolve_ready`
E0277	✏️s/🔌️plugins/🗄️stdio/📦️packages/🦀️rust/././././././././../../🗿️artifacts/💬️bcf/🏅️standards/🔖️2.1/🪆️subsets/✳️any/🧬️schema/🔺️diff/🦀️component.rs	1548	`usize` is not a future | the trait `Future` is not implemented for `usize` / required by a bound in `semio_framework_plugin::resolve_ready`
E0277	✏️s/🔌️plugins/🗄️stdio/📦️packages/🦀️rust/././././././././../../🗿️artifacts/💬️bcf/🏅️standards/🔖️2.1/🪆️subsets/✳️any/🧬️schema/🔺️diff/🦀️component.rs	1546	`usize` is not a future | the trait `Future` is not implemented for `usize`
E0599	✏️s/🔌️plugins/🗄️stdio/📦️packages/🦀️rust/././../../🗿️artifacts/🧿️semio/🦀️component.rs	169	no method named `map_err` found for opaque type `impl Future<Output = Result<HistoryLog, ProtocolError>>` in the current scope | consider `await`ing on the `Future` and calling the method on its `Output`
E0599	✏️s/🔌️plugins/🗄️stdio/📦️packages/🦀️rust/././../../🗿️artifacts/💬️bcf/🦀️component.rs	43	no method named `schema` found for opaque type `impl Future<Output = ArtifactDeclarationBuilder<NeedsSchema>>` in the current scope | consider `await`ing on the `Future` and calling the method on its `Output`
E0308	✏️s/🔌️plugins/🗄️stdio/📦️packages/🦀️rust/././././././../../🗿️artifacts/🧿️semio/🏅️standards/🔖️v1/🪆️subsets/✳️animation/🚪️io/🦀️component.rs	122	mismatched types | function defined here
E0277	✏️s/🔌️plugins/🗄️stdio/📦️packages/🦀️rust/././././././././../../🗿️artifacts/📕️xlsx/🏅️standards/🔖️ecma-376/🪆️subsets/✳️any/🧬️schema/🔺️diff/🦀️component.rs	1533	the `?` operator can only be applied to values that implement `Try` | the nightly-only, unstable trait `Try` is not implemented for `Pin<Box<Result<XlsxCellValue, String>>>` / the full name for the type has been written to '/Users/ueli/Documents/semio/.🧬semio/🦑️repo/🎫️tickets/🎆️26/🌙️08/☀️20/INTERACTIVE-JOB-RUNTIME-REFACTOR/PHASE-1-5-DE-ASYNC-REPAIR-SWEEP/🧪️target-r19-stdio/debug/deps/semio_s_plugin_stdio-1d1792480c328f6d.long-type-4543435330727611822.txt' / consider using `--verbose` to print the full type name to the console
E0277	✏️s/🔌️plugins/🗄️stdio/📦️packages/🦀️rust/././././././././../../🗿️artifacts/📜️docx/🏅️standards/🔖️ecma-376/🪆️subsets/✳️any/🧬️schema/🔺️diff/🦀️component.rs	1331	`MutationApplyError` is not a future | the trait `Future` is not implemented for `MutationApplyError` / required by a bound in `semio_framework_plugin::resolve_ready`
E0277	✏️s/🔌️plugins/🗄️stdio/📦️packages/🦀️rust/././././././././../../🗿️artifacts/📜️docx/🏅️standards/🔖️ecma-376/🪆️subsets/✳️any/🧬️schema/🔺️diff/🦀️component.rs	1331	`MutationApplyError` is not a future | the trait `Future` is not implemented for `MutationApplyError`
E0277	✏️s/🔌️plugins/🗄️stdio/📦️packages/🦀️rust/././././././././../../🗿️artifacts/📕️xlsx/🏅️standards/🔖️ecma-376/🪆️subsets/✳️any/🧬️schema/🔺️diff/🦀️component.rs	1700	`Result<u64, PackError>` is not a future | the trait `Future` is not implemented for `Result<u64, PackError>` / required by a bound in `semio_framework_plugin::resolve_ready`
E0277	✏️s/🔌️plugins/🗄️stdio/📦️packages/🦀️rust/././././././././../../🗿️artifacts/📕️xlsx/🏅️standards/🔖️ecma-376/🪆️subsets/✳️any/🧬️schema/🔺️diff/🦀️component.rs	1700	`Result<u64, PackError>` is not a future | the trait `Future` is not implemented for `Result<u64, PackError>`
E0308	✏️s/🔌️plugins/🗄️stdio/📦️packages/🦀️rust/././././../../🗿️artifacts/🎞️pptx/🏅️standards/🔖️ecma-376/🪆️subsets/✳️any/📚️examples/🎬️demo/🦀️component.rs	14	mismatched types | 
E0277	✏️s/🔌️plugins/🗄️stdio/📦️packages/🦀️rust/././././././././../../🗿️artifacts/🖼️tiff/🏅️standards/🔖️6.0/🪆️subsets/✳️any/🧬️schema/🔺️diff/🦀️component.rs	822	`Result<u64, PackError>` is not a future | the trait `Future` is not implemented for `Result<u64, PackError>` / required by a bound in `semio_framework_plugin::resolve_ready`
E0308	✏️s/🔌️plugins/🗄️stdio/📦️packages/🦀️rust/././././././../../🗿️artifacts/📜️docx/🏅️standards/🔖️ecma-376/🪆️subsets/✳️transitional/🧬️schema/🦀️component.rs	28	mismatched types | 
E0277	✏️s/🔌️plugins/🗄️stdio/📦️packages/🦀️rust/././././././././../../🗿️artifacts/🖼️tiff/🏅️standards/🔖️6.0/🪆️subsets/✳️any/🧬️schema/🔺️diff/🦀️component.rs	828	`Result<u16, PackError>` is not a future | the trait `Future` is not implemented for `Result<u16, PackError>` / required by a bound in `semio_framework_plugin::resolve_ready`
E0308	✏️s/🔌️plugins/🗄️stdio/📦️packages/🦀️rust/././././././../../🗿️artifacts/📜️docx/🏅️standards/🔖️ecma-376/🪆️subsets/✳️transitional/🧬️schema/🦀️component.rs	47	mismatched types | 
E0599	✏️s/🔌️plugins/🗄️stdio/📦️packages/🦀️rust/././../../🗿️artifacts/📕️xlsx/🦀️component.rs	45	no method named `schema` found for opaque type `impl Future<Output = ArtifactDeclarationBuilder<NeedsSchema>>` in the current scope | consider `await`ing on the `Future` and calling the method on its `Output`
E0308	✏️s/🔌️plugins/🗄️stdio/📦️packages/🦀️rust/././././././../../🗿️artifacts/📜️docx/🏅️standards/🔖️ecma-376/🪆️subsets/✳️transitional/🧬️schema/🦀️component.rs	54	mismatched types | 
E0277	✏️s/🔌️plugins/🗄️stdio/📦️packages/🦀️rust/././././././././../../🗿️artifacts/📕️xlsx/🏅️standards/🔖️ecma-376/🪆️subsets/✳️any/🧬️schema/🔺️diff/🦀️component.rs	1910	`usize` is not a future | the trait `Future` is not implemented for `usize` / required by a bound in `semio_framework_plugin::resolve_ready`
E0277	✏️s/🔌️plugins/🗄️stdio/📦️packages/🦀️rust/././././././././../../🗿️artifacts/📕️xlsx/🏅️standards/🔖️ecma-376/🪆️subsets/✳️any/🧬️schema/🔺️diff/🦀️component.rs	1911	`usize` is not a future | the trait `Future` is not implemented for `usize` / required by a bound in `semio_framework_plugin::resolve_ready`
E0277	✏️s/🔌️plugins/🗄️stdio/📦️packages/🦀️rust/././././././././../../🗿️artifacts/📕️xlsx/🏅️standards/🔖️ecma-376/🪆️subsets/✳️any/🧬️schema/🔺️diff/🦀️component.rs	1910	`usize` is not a future | the trait `Future` is not implemented for `usize`
E0277	✏️s/🔌️plugins/🗄️stdio/📦️packages/🦀️rust/././././././././../../🗿️artifacts/🖼️tiff/🏅️standards/🔖️6.0/🪆️subsets/✳️any/🧬️schema/🔺️diff/🦀️component.rs	832	`Result<u32, PackError>` is not a future | the trait `Future` is not implemented for `Result<u32, PackError>` / required by a bound in `semio_framework_plugin::resolve_ready`
E0308	✏️s/🔌️plugins/🗄️stdio/📦️packages/🦀️rust/././././../../🗿️artifacts/📜️docx/🏅️standards/🔖️ecma-376/🪆️subsets/✳️any/📚️examples/🎬️demo/🦀️component.rs	16	mismatched types | 
E0277	✏️s/🔌️plugins/🗄️stdio/📦️packages/🦀️rust/././././././././../../🗿️artifacts/🖼️tiff/🏅️standards/🔖️6.0/🪆️subsets/✳️any/🧬️schema/🔺️diff/🦀️component.rs	838	`Result<u32, PackError>` is not a future | the trait `Future` is not implemented for `Result<u32, PackError>` / required by a bound in `semio_framework_plugin::resolve_ready`
E0277	✏️s/🔌️plugins/🗄️stdio/📦️packages/🦀️rust/././././././././../../🗿️artifacts/🖼️tiff/🏅️standards/🔖️6.0/🪆️subsets/✳️any/🧬️schema/🔺️diff/🦀️component.rs	839	`Result<u32, PackError>` is not a future | the trait `Future` is not implemented for `Result<u32, PackError>` / required by a bound in `semio_framework_plugin::resolve_ready`
E0599	✏️s/🔌️plugins/🗄️stdio/📦️packages/🦀️rust/././../../🗿️artifacts/🎞️pptx/🦀️component.rs	45	no method named `schema` found for opaque type `impl Future<Output = ArtifactDeclarationBuilder<NeedsSchema>>` in the current scope | consider `await`ing on the `Future` and calling the method on its `Output`
E0277	✏️s/🔌️plugins/🗄️stdio/📦️packages/🦀️rust/././././././././../../🗿️artifacts/🖼️tiff/🏅️standards/🔖️6.0/🪆️subsets/✳️any/🧬️schema/🔺️diff/🦀️component.rs	847	`Result<u8, PackError>` is not a future | the trait `Future` is not implemented for `Result<u8, PackError>` / required by a bound in `semio_framework_plugin::resolve_ready`
E0308	✏️s/🔌️plugins/🗄️stdio/📦️packages/🦀️rust/./././././././../../🗿️artifacts/🎞️gif/🏅️standards/🔖️89a/🪆️subsets/✳️any/🚪️io/🦀️component.rs	416	mismatched types | function defined here
E0308	✏️s/🔌️plugins/🗄️stdio/📦️packages/🦀️rust/././././../../🗿️artifacts/🎞️gif/🏅️standards/🔖️87a/🪆️subsets/✳️any/📚️examples/🎬️demo/🦀️component.rs	14	mismatched types | 
E0308	✏️s/🔌️plugins/🗄️stdio/📦️packages/🦀️rust/./././././././../../🗿️artifacts/🎞️pptx/🏅️standards/🔖️ecma-376/🪆️subsets/✳️any/🧬️schema/🦀️component.rs	32	mismatched types | 
E0277	✏️s/🔌️plugins/🗄️stdio/📦️packages/🦀️rust/././././././././../../🗿️artifacts/🖼️tiff/🏅️standards/🔖️6.0/🪆️subsets/✳️any/🧬️schema/🔺️diff/🦀️component.rs	852	`Result<u16, PackError>` is not a future | the trait `Future` is not implemented for `Result<u16, PackError>` / required by a bound in `semio_framework_plugin::resolve_ready`
E0308	✏️s/🔌️plugins/🗄️stdio/📦️packages/🦀️rust/././././../../🗿️artifacts/🎞️gif/🏅️standards/🔖️87a/🪆️subsets/✳️any/📚️examples/💃️dancing/🦀️component.rs	31	mismatched types | 
E0277	✏️s/🔌️plugins/🗄️stdio/📦️packages/🦀️rust/././././././././../../🗿️artifacts/🖼️tiff/🏅️standards/🔖️6.0/🪆️subsets/✳️any/🧬️schema/🔺️diff/🦀️component.rs	856	`Result<u32, PackError>` is not a future | the trait `Future` is not implemented for `Result<u32, PackError>` / required by a bound in `semio_framework_plugin::resolve_ready`
E0599	✏️s/🔌️plugins/🗄️stdio/📦️packages/🦀️rust/././../../🗿️artifacts/🖼️tiff/🦀️component.rs	73	no method named `schema` found for opaque type `impl Future<Output = ArtifactDeclarationBuilder<NeedsSchema>>` in the current scope | consider `await`ing on the `Future` and calling the method on its `Output`
E0277	✏️s/🔌️plugins/🗄️stdio/📦️packages/🦀️rust/././././././././../../🗿️artifacts/🖼️tiff/🏅️standards/🔖️6.0/🪆️subsets/✳️any/🧬️schema/🔺️diff/🦀️component.rs	862	`Result<u32, PackError>` is not a future | the trait `Future` is not implemented for `Result<u32, PackError>` / required by a bound in `semio_framework_plugin::resolve_ready`
E0277	✏️s/🔌️plugins/🗄️stdio/📦️packages/🦀️rust/././././././././../../🗿️artifacts/🖼️tiff/🏅️standards/🔖️6.0/🪆️subsets/✳️any/🧬️schema/🔺️diff/🦀️component.rs	863	`Result<u32, PackError>` is not a future | the trait `Future` is not implemented for `Result<u32, PackError>` / required by a bound in `semio_framework_plugin::resolve_ready`
E0308	✏️s/🔌️plugins/🗄️stdio/📦️packages/🦀️rust/././././././././../../🗿️artifacts/🖼️tiff/🏅️standards/🔖️6.0/🪆️subsets/✳️any/📚️examples/🎬️demo/🦀️component.rs	16	mismatched types | 
E0277	✏️s/🔌️plugins/🗄️stdio/📦️packages/🦀️rust/././././././././../../🗿️artifacts/🖼️tiff/🏅️standards/🔖️6.0/🪆️subsets/✳️any/🧬️schema/🔺️diff/🦀️component.rs	871	`Result<&[u8], PackError>` is not a future | the trait `Future` is not implemented for `Result<&[u8], PackError>` / required by a bound in `semio_framework_plugin::resolve_ready`
E0277	✏️s/🔌️plugins/🗄️stdio/📦️packages/🦀️rust/././././././././../../🗿️artifacts/🖼️tiff/🏅️standards/🔖️6.0/🪆️subsets/✳️any/🧬️schema/🔺️diff/🦀️component.rs	875	`Result<f64, PackError>` is not a future | the trait `Future` is not implemented for `Result<f64, PackError>` / required by a bound in `semio_framework_plugin::resolve_ready`
E0277	✏️s/🔌️plugins/🗄️stdio/📦️packages/🦀️rust/././././././././../../🗿️artifacts/🖼️tiff/🏅️standards/🔖️6.0/🪆️subsets/✳️any/🧬️schema/🔺️diff/🦀️component.rs	822	`Result<u64, PackError>` is not a future | the trait `Future` is not implemented for `Result<u64, PackError>`
E0277	✏️s/🔌️plugins/🗄️stdio/📦️packages/🦀️rust/././././././././../../🗿️artifacts/🖼️tiff/🏅️standards/🔖️6.0/🪆️subsets/✳️any/🧬️schema/🔺️diff/🦀️component.rs	828	`Result<u16, PackError>` is not a future | the trait `Future` is not implemented for `Result<u16, PackError>`
E0277	✏️s/🔌️plugins/🗄️stdio/📦️packages/🦀️rust/././././././././../../🗿️artifacts/🖼️tiff/🏅️standards/🔖️6.0/🪆️subsets/✳️any/🧬️schema/🔺️diff/🦀️component.rs	832	`Result<u32, PackError>` is not a future | the trait `Future` is not implemented for `Result<u32, PackError>`
E0277	✏️s/🔌️plugins/🗄️stdio/📦️packages/🦀️rust/././././././././../../🗿️artifacts/🖼️tiff/🏅️standards/🔖️6.0/🪆️subsets/✳️any/🧬️schema/🔺️diff/🦀️component.rs	847	`Result<u8, PackError>` is not a future | the trait `Future` is not implemented for `Result<u8, PackError>`
E0277	✏️s/🔌️plugins/🗄️stdio/📦️packages/🦀️rust/././././././././../../🗿️artifacts/🖼️tiff/🏅️standards/🔖️6.0/🪆️subsets/✳️any/🧬️schema/🔺️diff/🦀️component.rs	871	`Result<&[u8], PackError>` is not a future | the trait `Future` is not implemented for `Result<&[u8], PackError>`
E0277	✏️s/🔌️plugins/🗄️stdio/📦️packages/🦀️rust/././././././././../../🗿️artifacts/🖼️tiff/🏅️standards/🔖️6.0/🪆️subsets/✳️any/🧬️schema/🔺️diff/🦀️component.rs	875	`Result<f64, PackError>` is not a future | the trait `Future` is not implemented for `Result<f64, PackError>`
E0599	✏️s/🔌️plugins/🗄️stdio/📦️packages/🦀️rust/./././././././../../🗿️artifacts/🖼️tiff/🏅️standards/🔖️6.0/🪆️subsets/✳️any/🧬️schema/🦀️component.rs	286	no method named `expect` found for opaque type `impl Future<Output = Result<Vec<u8>, std::string::String>>` in the current scope | consider `await`ing on the `Future` and calling the method on its `Output`
E0277	✏️s/🔌️plugins/🗄️stdio/📦️packages/🦀️rust/././././././././../../🗿️artifacts/📜️docx/🏅️standards/🔖️ecma-376/🪆️subsets/✳️any/🧬️schema/🔺️diff/🦀️component.rs	2315	the `?` operator can only be applied to values that implement `Try` | the nightly-only, unstable trait `Try` is not implemented for `Pin<Box<Result<XmlNode, String>>>` / the full name for the type has been written to '/Users/ueli/Documents/semio/.🧬semio/🦑️repo/🎫️tickets/🎆️26/🌙️08/☀️20/INTERACTIVE-JOB-RUNTIME-REFACTOR/PHASE-1-5-DE-ASYNC-REPAIR-SWEEP/🧪️target-r19-stdio/debug/deps/semio_s_plugin_stdio-1d1792480c328f6d.long-type-12378063362634031112.txt' / consider using `--verbose` to print the full type name to the console
E0599	✏️s/🔌️plugins/🗄️stdio/📦️packages/🦀️rust/./././././././../../🗿️artifacts/🖼️tiff/🏅️standards/🔖️6.0/🪆️subsets/✳️any/🧬️schema/🦀️component.rs	287	no method named `expect` found for opaque type `impl Future<Output = Result<TiffSnapshot, String>>` in the current scope | the full name for the type has been written to '/Users/ueli/Documents/semio/.🧬semio/🦑️repo/🎫️tickets/🎆️26/🌙️08/☀️20/INTERACTIVE-JOB-RUNTIME-REFACTOR/PHASE-1-5-DE-ASYNC-REPAIR-SWEEP/🧪️target-r19-stdio/debug/deps/semio_s_plugin_stdio-1d1792480c328f6d.long-type-3580048958231418836.txt' / consider using `--verbose` to print the full type name to the console / consider `await`ing on the `Future` and calling the method on its `Output`
E0277	✏️s/🔌️plugins/🗄️stdio/📦️packages/🦀️rust/././././././././../../🗿️artifacts/🖼️tiff/🏅️standards/🔖️6.0/🪆️subsets/✳️any/🧬️schema/🔺️diff/🦀️component.rs	1154	`usize` is not a future | the trait `Future` is not implemented for `usize` / required by a bound in `semio_framework_plugin::resolve_ready`
E0277	✏️s/🔌️plugins/🗄️stdio/📦️packages/🦀️rust/././././././././../../🗿️artifacts/🖼️tiff/🏅️standards/🔖️6.0/🪆️subsets/✳️any/🧬️schema/🔺️diff/🦀️component.rs	1159	`usize` is not a future | the trait `Future` is not implemented for `usize` / required by a bound in `semio_framework_plugin::resolve_ready`
E0277	✏️s/🔌️plugins/🗄️stdio/📦️packages/🦀️rust/././././././././../../🗿️artifacts/🖼️tiff/🏅️standards/🔖️6.0/🪆️subsets/✳️any/🧬️schema/🔺️diff/🦀️component.rs	1160	`usize` is not a future | the trait `Future` is not implemented for `usize` / required by a bound in `semio_framework_plugin::resolve_ready`
E0277	✏️s/🔌️plugins/🗄️stdio/📦️packages/🦀️rust/././././././././../../🗿️artifacts/🖼️tiff/🏅️standards/🔖️6.0/🪆️subsets/✳️any/🧬️schema/🔺️diff/🦀️component.rs	1154	`usize` is not a future | the trait `Future` is not implemented for `usize`
E0277	✏️s/🔌️plugins/🗄️stdio/📦️packages/🦀️rust/././././././././../../🗿️artifacts/📜️docx/🏅️standards/🔖️ecma-376/🪆️subsets/✳️any/🧬️schema/🔺️diff/🦀️component.rs	2423	the `?` operator can only be applied to values that implement `Try` | the nightly-only, unstable trait `Try` is not implemented for `Pin<Box<Result<DocxBlock, String>>>` / the full name for the type has been written to '/Users/ueli/Documents/semio/.🧬semio/🦑️repo/🎫️tickets/🎆️26/🌙️08/☀️20/INTERACTIVE-JOB-RUNTIME-REFACTOR/PHASE-1-5-DE-ASYNC-REPAIR-SWEEP/🧪️target-r19-stdio/debug/deps/semio_s_plugin_stdio-1d1792480c328f6d.long-type-15872277584987126772.txt' / consider using `--verbose` to print the full type name to the console
E0277	✏️s/🔌️plugins/🗄️stdio/📦️packages/🦀️rust/././././././././../../🗿️artifacts/📜️docx/🏅️standards/🔖️ecma-376/🪆️subsets/✳️any/🧬️schema/🔺️diff/🦀️component.rs	2442	the `?` operator can only be applied to values that implement `Try` | the nightly-only, unstable trait `Try` is not implemented for `Pin<Box<Result<DocxTableCell, String>>>` / the full name for the type has been written to '/Users/ueli/Documents/semio/.🧬semio/🦑️repo/🎫️tickets/🎆️26/🌙️08/☀️20/INTERACTIVE-JOB-RUNTIME-REFACTOR/PHASE-1-5-DE-ASYNC-REPAIR-SWEEP/🧪️target-r19-stdio/debug/deps/semio_s_plugin_stdio-1d1792480c328f6d.long-type-15013148213159615924.txt' / consider using `--verbose` to print the full type name to the console
E0277	✏️s/🔌️plugins/🗄️stdio/📦️packages/🦀️rust/././././././././../../🗿️artifacts/📜️docx/🏅️standards/🔖️ecma-376/🪆️subsets/✳️any/🧬️schema/🔺️diff/🦀️component.rs	2461	the `?` operator can only be applied to values that implement `Try` | the nightly-only, unstable trait `Try` is not implemented for `Pin<Box<Result<DocxTableRow, String>>>` / the full name for the type has been written to '/Users/ueli/Documents/semio/.🧬semio/🦑️repo/🎫️tickets/🎆️26/🌙️08/☀️20/INTERACTIVE-JOB-RUNTIME-REFACTOR/PHASE-1-5-DE-ASYNC-REPAIR-SWEEP/🧪️target-r19-stdio/debug/deps/semio_s_plugin_stdio-1d1792480c328f6d.long-type-14252282649598152968.txt' / consider using `--verbose` to print the full type name to the console
E0277	✏️s/🔌️plugins/🗄️stdio/📦️packages/🦀️rust/././././././././../../🗿️artifacts/📜️docx/🏅️standards/🔖️ecma-376/🪆️subsets/✳️any/🧬️schema/🔺️diff/🦀️component.rs	2485	the `?` operator can only be applied to values that implement `Try` | the nightly-only, unstable trait `Try` is not implemented for `Pin<Box<Result<DocxTable, String>>>` / the full name for the type has been written to '/Users/ueli/Documents/semio/.🧬semio/🦑️repo/🎫️tickets/🎆️26/🌙️08/☀️20/INTERACTIVE-JOB-RUNTIME-REFACTOR/PHASE-1-5-DE-ASYNC-REPAIR-SWEEP/🧪️target-r19-stdio/debug/deps/semio_s_plugin_stdio-1d1792480c328f6d.long-type-1472467751408163855.txt' / consider using `--verbose` to print the full type name to the console
E0308	✏️s/🔌️plugins/🗄️stdio/📦️packages/🦀️rust/././././././././../../🗿️artifacts/🖊️dxf/🏅️standards/🔖️r12/🪆️subsets/✳️any/🧬️schema/🔺️diff/🦀️component.rs	1741	mismatched types | 
E0308	✏️s/🔌️plugins/🗄️stdio/📦️packages/🦀️rust/././././././././../../🗿️artifacts/🖊️dxf/🏅️standards/🔖️r12/🪆️subsets/✳️any/🧬️schema/🔺️diff/🦀️component.rs	1745	mismatched types | 
E0308	✏️s/🔌️plugins/🗄️stdio/📦️packages/🦀️rust/././././././././../../🗿️artifacts/🖊️dxf/🏅️standards/🔖️r12/🪆️subsets/✳️any/🧬️schema/🔺️diff/🦀️component.rs	1749	mismatched types | 
E0308	✏️s/🔌️plugins/🗄️stdio/📦️packages/🦀️rust/././././././././../../🗿️artifacts/📜️docx/🏅️standards/🔖️ecma-376/🪆️subsets/✳️any/🧬️schema/🔺️diff/🦀️component.rs	297	mismatched types | expected struct `IndexedTripleDiff<DocxBlockDiff, DocxBlock>` found struct `Pin<Box<IndexedTripleDiff<DocxBlockDiff, DocxBlock>>>` / the type constructed contains `Pin<std::boxed::Box<artifacts::docx::standards::v_ecma_376::subsets::any::schema::diff::component::IndexedTripleDiff<DocxBlockDiff, artifacts::docx::standards::v_ecma_376::subsets::any::schema::snapshot::component::DocxBlock>>>` due to the type of the argument passed / tuple variant defined here / the full name for the type has been written to '/Users/ueli/Documents/semio/.🧬semio/🦑️repo/🎫️tickets/🎆️26/🌙️08/☀️20/INTERACTIVE-JOB-RUNTIME-REFACTOR/PHASE-1-5-DE-ASYNC-REPAIR-SWEEP/🧪️target-r19-stdio/debug/deps/semio_s_plugin_stdio-1d1792480c328f6d.long-type-15636907406026959151.txt' / consider using `--verbose` to print the full type name to the console
E0308	✏️s/🔌️plugins/🗄️stdio/📦️packages/🦀️rust/././././././././../../🗿️artifacts/🖊️dxf/🏅️standards/🔖️r12/🪆️subsets/✳️any/🧬️schema/🔺️diff/🦀️component.rs	1753	mismatched types | 
E0308	✏️s/🔌️plugins/🗄️stdio/📦️packages/🦀️rust/././././././././../../🗿️artifacts/🖊️dxf/🏅️standards/🔖️r12/🪆️subsets/✳️any/🧬️schema/🔺️diff/🦀️component.rs	1761	mismatched types | 
E0308	✏️s/🔌️plugins/🗄️stdio/📦️packages/🦀️rust/././././././././../../🗿️artifacts/📜️docx/🏅️standards/🔖️ecma-376/🪆️subsets/✳️any/🧬️schema/🔺️diff/🦀️component.rs	321	mismatched types | expected enum `std::option::Option<&'a [artifacts::docx::standards::v_ecma_376::subsets::any::schema::snapshot::component::DocxBlock]>` found struct `Pin<std::boxed::Box<std::option::Option<&[artifacts::docx::standards::v_ecma_376::subsets::any::schema::snapshot::component::DocxBlock]>>>` / the full name for the type has been written to '/Users/ueli/Documents/semio/.🧬semio/🦑️repo/🎫️tickets/🎆️26/🌙️08/☀️20/INTERACTIVE-JOB-RUNTIME-REFACTOR/PHASE-1-5-DE-ASYNC-REPAIR-SWEEP/🧪️target-r19-stdio/debug/deps/semio_s_plugin_stdio-1d1792480c328f6d.long-type-5791733134181401340.txt' / consider using `--verbose` to print the full type name to the console / consider dereferencing the type
E0277	✏️s/🔌️plugins/🗄️stdio/📦️packages/🦀️rust/././././././././../../🗿️artifacts/📜️docx/🏅️standards/🔖️ecma-376/🪆️subsets/✳️any/🧬️schema/🔺️diff/🦀️component.rs	390	`MutationApplyError` is not a future | the trait `Future` is not implemented for `MutationApplyError` / required by a bound in `semio_framework_plugin::resolve_ready`
E0277	✏️s/🔌️plugins/🗄️stdio/📦️packages/🦀️rust/././././././././../../🗿️artifacts/🖼️tiff/🏅️standards/🔖️6.0/🪆️subsets/✳️any/🧬️schema/🧬️mutations/🦀️component.rs	281	`usize` is not a future | the trait `Future` is not implemented for `usize` / required by a bound in `semio_framework_plugin::resolve_ready`
E0277	✏️s/🔌️plugins/🗄️stdio/📦️packages/🦀️rust/././././././././../../🗿️artifacts/🖼️tiff/🏅️standards/🔖️6.0/🪆️subsets/✳️any/🧬️schema/🧬️mutations/🦀️component.rs	285	`usize` is not a future | the trait `Future` is not implemented for `usize` / required by a bound in `semio_framework_plugin::resolve_ready`
E0277	✏️s/🔌️plugins/🗄️stdio/📦️packages/🦀️rust/././././././././../../🗿️artifacts/🖼️tiff/🏅️standards/🔖️6.0/🪆️subsets/✳️any/🧬️schema/🧬️mutations/🦀️component.rs	289	`usize` is not a future | the trait `Future` is not implemented for `usize` / required by a bound in `semio_framework_plugin::resolve_ready`
E0277	✏️s/🔌️plugins/🗄️stdio/📦️packages/🦀️rust/././././././././../../🗿️artifacts/🖼️tiff/🏅️standards/🔖️6.0/🪆️subsets/✳️any/🧬️schema/🧬️mutations/🦀️component.rs	290	`usize` is not a future | the trait `Future` is not implemented for `usize` / required by a bound in `semio_framework_plugin::resolve_ready`
E0277	✏️s/🔌️plugins/🗄️stdio/📦️packages/🦀️rust/././././././././../../🗿️artifacts/🖼️tiff/🏅️standards/🔖️6.0/🪆️subsets/✳️any/🧬️schema/🧬️mutations/🦀️component.rs	294	`usize` is not a future | the trait `Future` is not implemented for `usize` / required by a bound in `semio_framework_plugin::resolve_ready`
E0277	✏️s/🔌️plugins/🗄️stdio/📦️packages/🦀️rust/././././././././../../🗿️artifacts/🖼️tiff/🏅️standards/🔖️6.0/🪆️subsets/✳️any/🧬️schema/🧬️mutations/🦀️component.rs	298	`usize` is not a future | the trait `Future` is not implemented for `usize` / required by a bound in `semio_framework_plugin::resolve_ready`
E0277	✏️s/🔌️plugins/🗄️stdio/📦️packages/🦀️rust/././././././././../../🗿️artifacts/🖼️tiff/🏅️standards/🔖️6.0/🪆️subsets/✳️any/🧬️schema/🧬️mutations/🦀️component.rs	299	`usize` is not a future | the trait `Future` is not implemented for `usize` / required by a bound in `semio_framework_plugin::resolve_ready`
E0277	✏️s/🔌️plugins/🗄️stdio/📦️packages/🦀️rust/././././././././../../🗿️artifacts/📜️docx/🏅️standards/🔖️ecma-376/🪆️subsets/✳️any/🧬️schema/🔺️diff/🦀️component.rs	390	`MutationApplyError` is not a future | the trait `Future` is not implemented for `MutationApplyError`
E0277	✏️s/🔌️plugins/🗄️stdio/📦️packages/🦀️rust/././././././././../../🗿️artifacts/🖼️tiff/🏅️standards/🔖️6.0/🪆️subsets/✳️any/🧬️schema/🧬️mutations/🦀️component.rs	300	`usize` is not a future | the trait `Future` is not implemented for `usize` / required by a bound in `semio_framework_plugin::resolve_ready`
E0277	✏️s/🔌️plugins/🗄️stdio/📦️packages/🦀️rust/././././././././../../🗿️artifacts/🖼️tiff/🏅️standards/🔖️6.0/🪆️subsets/✳️any/🧬️schema/🧬️mutations/🦀️component.rs	300	`usize` is not a future | the trait `Future` is not implemented for `usize` / required by a bound in `semio_framework_plugin::resolve_ready`
E0277	✏️s/🔌️plugins/🗄️stdio/📦️packages/🦀️rust/././././././././../../🗿️artifacts/🖼️tiff/🏅️standards/🔖️6.0/🪆️subsets/✳️any/🧬️schema/🧬️mutations/🦀️component.rs	301	`usize` is not a future | the trait `Future` is not implemented for `usize` / required by a bound in `semio_framework_plugin::resolve_ready`
E0277	✏️s/🔌️plugins/🗄️stdio/📦️packages/🦀️rust/././././././././../../🗿️artifacts/🖼️tiff/🏅️standards/🔖️6.0/🪆️subsets/✳️any/🧬️schema/🧬️mutations/🦀️component.rs	305	`usize` is not a future | the trait `Future` is not implemented for `usize` / required by a bound in `semio_framework_plugin::resolve_ready`
E0277	✏️s/🔌️plugins/🗄️stdio/📦️packages/🦀️rust/././././././././../../🗿️artifacts/🖼️tiff/🏅️standards/🔖️6.0/🪆️subsets/✳️any/🧬️schema/🧬️mutations/🦀️component.rs	306	`usize` is not a future | the trait `Future` is not implemented for `usize` / required by a bound in `semio_framework_plugin::resolve_ready`
E0277	✏️s/🔌️plugins/🗄️stdio/📦️packages/🦀️rust/././././././././../../🗿️artifacts/🖼️tiff/🏅️standards/🔖️6.0/🪆️subsets/✳️any/🧬️schema/🧬️mutations/🦀️component.rs	310	`usize` is not a future | the trait `Future` is not implemented for `usize` / required by a bound in `semio_framework_plugin::resolve_ready`
E0277	✏️s/🔌️plugins/🗄️stdio/📦️packages/🦀️rust/././././././././../../🗿️artifacts/🖼️tiff/🏅️standards/🔖️6.0/🪆️subsets/✳️any/🧬️schema/🧬️mutations/🦀️component.rs	281	`usize` is not a future | the trait `Future` is not implemented for `usize`
E0277	✏️s/🔌️plugins/🗄️stdio/📦️packages/🦀️rust/././././././././../../🗿️artifacts/📜️docx/🏅️standards/🔖️ecma-376/🪆️subsets/✳️any/🧬️schema/🔺️diff/🦀️component.rs	3048	`usize` is not a future | the trait `Future` is not implemented for `usize` / required by a bound in `semio_framework_plugin::resolve_ready`
E0277	✏️s/🔌️plugins/🗄️stdio/📦️packages/🦀️rust/././././././././../../🗿️artifacts/📜️docx/🏅️standards/🔖️ecma-376/🪆️subsets/✳️any/🧬️schema/🔺️diff/🦀️component.rs	3049	`usize` is not a future | the trait `Future` is not implemented for `usize` / required by a bound in `semio_framework_plugin::resolve_ready`
E0599	✏️s/🔌️plugins/🗄️stdio/📦️packages/🦀️rust/././././././././../../🗿️artifacts/🖼️tiff/🏅️standards/🔖️6.0/🪆️subsets/✳️any/🧬️schema/📸️snapshot/🦀️component.rs	288	no method named `map_err` found for opaque type `impl Future<Output = Result<TiffSnapshot, String>>` in the current scope | the full name for the type has been written to '/Users/ueli/Documents/semio/.🧬semio/🦑️repo/🎫️tickets/🎆️26/🌙️08/☀️20/INTERACTIVE-JOB-RUNTIME-REFACTOR/PHASE-1-5-DE-ASYNC-REPAIR-SWEEP/🧪️target-r19-stdio/debug/deps/semio_s_plugin_stdio-1d1792480c328f6d.long-type-12180837346029983593.txt' / consider using `--verbose` to print the full type name to the console / consider `await`ing on the `Future` and calling the method on its `Output`
E0277	✏️s/🔌️plugins/🗄️stdio/📦️packages/🦀️rust/././././././././../../🗿️artifacts/📜️docx/🏅️standards/🔖️ecma-376/🪆️subsets/✳️any/🧬️schema/🔺️diff/🦀️component.rs	3048	`usize` is not a future | the trait `Future` is not implemented for `usize`
E0599	✏️s/🔌️plugins/🗄️stdio/📦️packages/🦀️rust/./././././././././././././../../🗿️artifacts/🖼️tiff/🏅️standards/🔖️6.0/🪆️subsets/✳️any/🚪️io/📥️import/🧩️deserializers/🗿️artifacts/💾️binary/🔖️raw/✳️any/🦀️component.rs	11	no method named `map_err` found for opaque type `impl Future<Output = Result<TiffSnapshot, String>>` in the current scope | the full name for the type has been written to '/Users/ueli/Documents/semio/.🧬semio/🦑️repo/🎫️tickets/🎆️26/🌙️08/☀️20/INTERACTIVE-JOB-RUNTIME-REFACTOR/PHASE-1-5-DE-ASYNC-REPAIR-SWEEP/🧪️target-r19-stdio/debug/deps/semio_s_plugin_stdio-1d1792480c328f6d.long-type-13329478717016417055.txt' / consider using `--verbose` to print the full type name to the console / consider `await`ing on the `Future` and calling the method on its `Output`
E0599	✏️s/🔌️plugins/🗄️stdio/📦️packages/🦀️rust/././././././././../../🗿️artifacts/🖼️tiff/🏅️standards/🔖️6.0/🪆️subsets/✳️any/🧬️schema/📸️snapshot/🦀️component.rs	292	no method named `unwrap_or_default` found for opaque type `impl Future<Output = Result<Vec<u8>, std::string::String>>` in the current scope | consider `await`ing on the `Future` and calling the method on its `Output`
E0308	✏️s/🔌️plugins/🗄️stdio/📦️packages/🦀️rust/./././././././../../🗿️artifacts/🎞️gif/🏅️standards/🔖️87a/🪆️subsets/✳️any/🚪️io/🦀️component.rs	676	mismatched types | function defined here
E0599	✏️s/🔌️plugins/🗄️stdio/📦️packages/🦀️rust/./././././././././././././../../🗿️artifacts/🖼️tiff/🏅️standards/🔖️6.0/🪆️subsets/✳️any/🚪️io/📤️export/🧵️serializers/🗿️artifacts/💾️binary/🔖️raw/✳️any/🦀️component.rs	11	no method named `map_err` found for opaque type `impl Future<Output = Result<Vec<u8>, std::string::String>>` in the current scope | consider `await`ing on the `Future` and calling the method on its `Output`
E0277	✏️s/🔌️plugins/🗄️stdio/📦️packages/🦀️rust/././././././././../../🗿️artifacts/📜️docx/🏅️standards/🔖️ecma-376/🪆️subsets/✳️any/🧬️schema/🔺️diff/🦀️component.rs	623	`MutationApplyError` is not a future | the trait `Future` is not implemented for `MutationApplyError` / required by a bound in `semio_framework_plugin::resolve_ready`
E0599	✏️s/🔌️plugins/🗄️stdio/📦️packages/🦀️rust/././././././././../../🗿️artifacts/🖼️tiff/🏅️standards/🔖️6.0/🪆️subsets/✳️any/🧬️schema/📸️snapshot/🦀️component.rs	302	no method named `map_err` found for opaque type `impl Future<Output = Result<Vec<u8>, std::string::String>>` in the current scope | consider `await`ing on the `Future` and calling the method on its `Output`
E0277	✏️s/🔌️plugins/🗄️stdio/📦️packages/🦀️rust/././././././././../../🗿️artifacts/📜️docx/🏅️standards/🔖️ecma-376/🪆️subsets/✳️any/🧬️schema/🔺️diff/🦀️component.rs	623	`MutationApplyError` is not a future | the trait `Future` is not implemented for `MutationApplyError`
E0308	✏️s/🔌️plugins/🗄️stdio/📦️packages/🦀️rust/././././././././../../🗿️artifacts/🖼️tiff/🏅️standards/🔖️6.0/🪆️subsets/✳️any/📚️examples/🎬️demo/🦀️component.rs	16	mismatched types | 
E0599	✏️s/🔌️plugins/🗄️stdio/📦️packages/🦀️rust/././././././././../../🗿️artifacts/🖼️tiff/🏅️standards/🔖️6.0/🪆️subsets/✳️any/🧬️schema/📸️snapshot/🦀️component.rs	313	no method named `map_err` found for opaque type `impl Future<Output = Result<TiffSnapshot, String>>` in the current scope | the full name for the type has been written to '/Users/ueli/Documents/semio/.🧬semio/🦑️repo/🎫️tickets/🎆️26/🌙️08/☀️20/INTERACTIVE-JOB-RUNTIME-REFACTOR/PHASE-1-5-DE-ASYNC-REPAIR-SWEEP/🧪️target-r19-stdio/debug/deps/semio_s_plugin_stdio-1d1792480c328f6d.long-type-2184519630576776629.txt' / consider using `--verbose` to print the full type name to the console / consider `await`ing on the `Future` and calling the method on its `Output`
E0599	✏️s/🔌️plugins/🗄️stdio/📦️packages/🦀️rust/././../../🗿️artifacts/📜️docx/🦀️component.rs	45	no method named `schema` found for opaque type `impl Future<Output = ArtifactDeclarationBuilder<NeedsSchema>>` in the current scope | consider `await`ing on the `Future` and calling the method on its `Output`
E0277	✏️s/🔌️plugins/🗄️stdio/📦️packages/🦀️rust/././././././././../../🗿️artifacts/🎞️gif/🏅️standards/🔖️89a/🪆️subsets/✳️any/🧬️schema/🔺️diff/🦀️component.rs	1455	`ByteWriter` is not a future | the trait `Future` is not implemented for `ByteWriter` / required by a bound in `semio_framework_plugin::resolve_ready`
E0277	✏️s/🔌️plugins/🗄️stdio/📦️packages/🦀️rust/././././././././../../🗿️artifacts/🎞️gif/🏅️standards/🔖️89a/🪆️subsets/✳️any/🧬️schema/🔺️diff/🦀️component.rs	1455	`ByteWriter` is not a future | the trait `Future` is not implemented for `ByteWriter`
E0277	✏️s/🔌️plugins/🗄️stdio/📦️packages/🦀️rust/././././././././../../🗿️artifacts/🎞️gif/🏅️standards/🔖️89a/🪆️subsets/✳️any/🧬️schema/🔺️diff/🦀️component.rs	1469	`dsl::ByteReader<'_>` is not a future | the trait `Future` is not implemented for `dsl::ByteReader<'_>` / required by a bound in `semio_framework_plugin::resolve_ready`
E0277	✏️s/🔌️plugins/🗄️stdio/📦️packages/🦀️rust/././././././././../../🗿️artifacts/🎞️gif/🏅️standards/🔖️89a/🪆️subsets/✳️any/🧬️schema/🔺️diff/🦀️component.rs	1469	`dsl::ByteReader<'_>` is not a future | the trait `Future` is not implemented for `dsl::ByteReader<'_>`
E0277	✏️s/🔌️plugins/🗄️stdio/📦️packages/🦀️rust/././././././././../../🗿️artifacts/🎞️gif/🏅️standards/🔖️89a/🪆️subsets/✳️any/🧬️schema/🔺️diff/🦀️component.rs	1485	`ByteWriter` is not a future | the trait `Future` is not implemented for `ByteWriter` / required by a bound in `semio_framework_plugin::resolve_ready`
E0277	✏️s/🔌️plugins/🗄️stdio/📦️packages/🦀️rust/././././././././../../🗿️artifacts/🎞️gif/🏅️standards/🔖️89a/🪆️subsets/✳️any/🧬️schema/🔺️diff/🦀️component.rs	1485	`ByteWriter` is not a future | the trait `Future` is not implemented for `ByteWriter`
E0277	✏️s/🔌️plugins/🗄️stdio/📦️packages/🦀️rust/././././././././../../🗿️artifacts/🎞️gif/🏅️standards/🔖️89a/🪆️subsets/✳️any/🧬️schema/🔺️diff/🦀️component.rs	1499	`dsl::ByteReader<'_>` is not a future | the trait `Future` is not implemented for `dsl::ByteReader<'_>` / required by a bound in `semio_framework_plugin::resolve_ready`
E0277	✏️s/🔌️plugins/🗄️stdio/📦️packages/🦀️rust/././././././././../../🗿️artifacts/🎞️gif/🏅️standards/🔖️89a/🪆️subsets/✳️any/🧬️schema/🔺️diff/🦀️component.rs	1499	`dsl::ByteReader<'_>` is not a future | the trait `Future` is not implemented for `dsl::ByteReader<'_>`
E0277	✏️s/🔌️plugins/🗄️stdio/📦️packages/🦀️rust/././././././././../../🗿️artifacts/🎞️gif/🏅️standards/🔖️89a/🪆️subsets/✳️any/🧬️schema/🔺️diff/🦀️component.rs	1515	`ByteWriter` is not a future | the trait `Future` is not implemented for `ByteWriter` / required by a bound in `semio_framework_plugin::resolve_ready`
E0308	✏️s/🔌️plugins/🗄️stdio/📦️packages/🦀️rust/./././././././../../🗿️artifacts/📜️docx/🏅️standards/🔖️ecma-376/🪆️subsets/✳️any/🧬️schema/🦀️component.rs	29	mismatched types | 
E0277	✏️s/🔌️plugins/🗄️stdio/📦️packages/🦀️rust/././././././././../../🗿️artifacts/🎞️gif/🏅️standards/🔖️89a/🪆️subsets/✳️any/🧬️schema/🔺️diff/🦀️component.rs	1515	`ByteWriter` is not a future | the trait `Future` is not implemented for `ByteWriter`
E0277	✏️s/🔌️plugins/🗄️stdio/📦️packages/🦀️rust/././././././././../../🗿️artifacts/🎞️gif/🏅️standards/🔖️89a/🪆️subsets/✳️any/🧬️schema/🔺️diff/🦀️component.rs	1529	`dsl::ByteReader<'_>` is not a future | the trait `Future` is not implemented for `dsl::ByteReader<'_>` / required by a bound in `semio_framework_plugin::resolve_ready`
E0277	✏️s/🔌️plugins/🗄️stdio/📦️packages/🦀️rust/././././././././../../🗿️artifacts/🎞️gif/🏅️standards/🔖️89a/🪆️subsets/✳️any/🧬️schema/🔺️diff/🦀️component.rs	1529	`dsl::ByteReader<'_>` is not a future | the trait `Future` is not implemented for `dsl::ByteReader<'_>`
E0277	✏️s/🔌️plugins/🗄️stdio/📦️packages/🦀️rust/././././././././../../🗿️artifacts/🎞️gif/🏅️standards/🔖️89a/🪆️subsets/✳️any/🧬️schema/🔺️diff/🦀️component.rs	1628	`ByteWriter` is not a future | the trait `Future` is not implemented for `ByteWriter` / required by a bound in `semio_framework_plugin::resolve_ready`
E0277	✏️s/🔌️plugins/🗄️stdio/📦️packages/🦀️rust/././././././././../../🗿️artifacts/🎞️gif/🏅️standards/🔖️89a/🪆️subsets/✳️any/🧬️schema/🔺️diff/🦀️component.rs	1630	`Vec<u8>` is not a future | the trait `Future` is not implemented for `Vec<u8>` / required by a bound in `semio_framework_plugin::resolve_ready`
E0277	✏️s/🔌️plugins/🗄️stdio/📦️packages/🦀️rust/././././././././../../🗿️artifacts/🎞️gif/🏅️standards/🔖️89a/🪆️subsets/✳️any/🧬️schema/🔺️diff/🦀️component.rs	1628	`ByteWriter` is not a future | the trait `Future` is not implemented for `ByteWriter`
E0277	✏️s/🔌️plugins/🗄️stdio/📦️packages/🦀️rust/././././././././../../🗿️artifacts/🎞️gif/🏅️standards/🔖️89a/🪆️subsets/✳️any/🧬️schema/🔺️diff/🦀️component.rs	1630	`Vec<u8>` is not a future | the trait `Future` is not implemented for `Vec<u8>`
E0277	✏️s/🔌️plugins/🗄️stdio/📦️packages/🦀️rust/././././././././../../🗿️artifacts/🎞️gif/🏅️standards/🔖️89a/🪆️subsets/✳️any/🧬️schema/🔺️diff/🦀️component.rs	1641	`dsl::ByteReader<'_>` is not a future | the trait `Future` is not implemented for `dsl::ByteReader<'_>` / required by a bound in `semio_framework_plugin::resolve_ready`
E0277	✏️s/🔌️plugins/🗄️stdio/📦️packages/🦀️rust/././././././././../../🗿️artifacts/🎞️gif/🏅️standards/🔖️89a/🪆️subsets/✳️any/🧬️schema/🔺️diff/🦀️component.rs	1646	`dsl::ByteReader<'_>` is not a future | the trait `Future` is not implemented for `dsl::ByteReader<'_>` / required by a bound in `semio_framework_plugin::resolve_ready`
E0277	✏️s/🔌️plugins/🗄️stdio/📦️packages/🦀️rust/././././././././../../🗿️artifacts/🎞️gif/🏅️standards/🔖️89a/🪆️subsets/✳️any/🧬️schema/🔺️diff/🦀️component.rs	1641	`dsl::ByteReader<'_>` is not a future | the trait `Future` is not implemented for `dsl::ByteReader<'_>`
E0277	✏️s/🔌️plugins/🗄️stdio/📦️packages/🦀️rust/././././././././../../🗿️artifacts/🎞️gif/🏅️standards/🔖️89a/🪆️subsets/✳️any/🧬️schema/🔺️diff/🦀️component.rs	1646	`dsl::ByteReader<'_>` is not a future | the trait `Future` is not implemented for `dsl::ByteReader<'_>`
E0277	✏️s/🔌️plugins/🗄️stdio/📦️packages/🦀️rust/././././././././../../🗿️artifacts/📷️jpg/🏅️standards/🔖️jfif-1.01/🪆️subsets/✳️any/🧬️schema/🔺️diff/🦀️component.rs	1919	`Result<u8, PackError>` is not a future | the trait `Future` is not implemented for `Result<u8, PackError>` / required by a bound in `semio_framework_plugin::resolve_ready`
E0277	✏️s/🔌️plugins/🗄️stdio/📦️packages/🦀️rust/././././././././../../🗿️artifacts/📷️jpg/🏅️standards/🔖️jfif-1.01/🪆️subsets/✳️any/🧬️schema/🔺️diff/🦀️component.rs	1920	`Result<u8, PackError>` is not a future | the trait `Future` is not implemented for `Result<u8, PackError>` / required by a bound in `semio_framework_plugin::resolve_ready`
E0277	✏️s/🔌️plugins/🗄️stdio/📦️packages/🦀️rust/././././././././../../🗿️artifacts/📷️jpg/🏅️standards/🔖️jfif-1.01/🪆️subsets/✳️any/🧬️schema/🔺️diff/🦀️component.rs	1921	`Result<u8, PackError>` is not a future | the trait `Future` is not implemented for `Result<u8, PackError>` / required by a bound in `semio_framework_plugin::resolve_ready`
E0277	✏️s/🔌️plugins/🗄️stdio/📦️packages/🦀️rust/././././././././../../🗿️artifacts/📷️jpg/🏅️standards/🔖️jfif-1.01/🪆️subsets/✳️any/🧬️schema/🔺️diff/🦀️component.rs	1919	`Result<u8, PackError>` is not a future | the trait `Future` is not implemented for `Result<u8, PackError>`
E0277	✏️s/🔌️plugins/🗄️stdio/📦️packages/🦀️rust/././././././././../../🗿️artifacts/📷️jpg/🏅️standards/🔖️jfif-1.01/🪆️subsets/✳️any/🧬️schema/🔺️diff/🦀️component.rs	1975	`Result<u8, PackError>` is not a future | the trait `Future` is not implemented for `Result<u8, PackError>` / required by a bound in `semio_framework_plugin::resolve_ready`
E0277	✏️s/🔌️plugins/🗄️stdio/📦️packages/🦀️rust/././././././././../../🗿️artifacts/📷️jpg/🏅️standards/🔖️jfif-1.01/🪆️subsets/✳️any/🧬️schema/🔺️diff/🦀️component.rs	1979	`Result<u16, PackError>` is not a future | the trait `Future` is not implemented for `Result<u16, PackError>` / required by a bound in `semio_framework_plugin::resolve_ready`
E0277	✏️s/🔌️plugins/🗄️stdio/📦️packages/🦀️rust/././././././././../../🗿️artifacts/📷️jpg/🏅️standards/🔖️jfif-1.01/🪆️subsets/✳️any/🧬️schema/🔺️diff/🦀️component.rs	1975	`Result<u8, PackError>` is not a future | the trait `Future` is not implemented for `Result<u8, PackError>`
E0277	✏️s/🔌️plugins/🗄️stdio/📦️packages/🦀️rust/././././././././../../🗿️artifacts/📷️jpg/🏅️standards/🔖️jfif-1.01/🪆️subsets/✳️any/🧬️schema/🔺️diff/🦀️component.rs	1979	`Result<u16, PackError>` is not a future | the trait `Future` is not implemented for `Result<u16, PackError>`
E0277	✏️s/🔌️plugins/🗄️stdio/📦️packages/🦀️rust/././././././././../../🗿️artifacts/📷️jpg/🏅️standards/🔖️jfif-1.01/🪆️subsets/✳️any/🧬️schema/🔺️diff/🦀️component.rs	2033	`Result<&[u8], PackError>` is not a future | the trait `Future` is not implemented for `Result<&[u8], PackError>` / required by a bound in `semio_framework_plugin::resolve_ready`
E0277	✏️s/🔌️plugins/🗄️stdio/📦️packages/🦀️rust/././././././././../../🗿️artifacts/📷️jpg/🏅️standards/🔖️jfif-1.01/🪆️subsets/✳️any/🧬️schema/🔺️diff/🦀️component.rs	2033	`Result<&[u8], PackError>` is not a future | the trait `Future` is not implemented for `Result<&[u8], PackError>`
E0277	✏️s/🔌️plugins/🗄️stdio/📦️packages/🦀️rust/././././././././../../🗿️artifacts/📷️jpg/🏅️standards/🔖️jfif-1.01/🪆️subsets/✳️any/🧬️schema/🔺️diff/🦀️component.rs	2085	`Result<u8, PackError>` is not a future | the trait `Future` is not implemented for `Result<u8, PackError>` / required by a bound in `semio_framework_plugin::resolve_ready`
E0277	✏️s/🔌️plugins/🗄️stdio/📦️packages/🦀️rust/././././././././../../🗿️artifacts/📷️jpg/🏅️standards/🔖️jfif-1.01/🪆️subsets/✳️any/🧬️schema/🔺️diff/🦀️component.rs	2085	`Result<u8, PackError>` is not a future | the trait `Future` is not implemented for `Result<u8, PackError>`
E0277	✏️s/🔌️plugins/🗄️stdio/📦️packages/🦀️rust/././././././././../../🗿️artifacts/📷️jpg/🏅️standards/🔖️jfif-1.01/🪆️subsets/✳️any/🧬️schema/🔺️diff/🦀️component.rs	2160	`Result<u8, PackError>` is not a future | the trait `Future` is not implemented for `Result<u8, PackError>` / required by a bound in `semio_framework_plugin::resolve_ready`
E0277	✏️s/🔌️plugins/🗄️stdio/📦️packages/🦀️rust/././././././././../../🗿️artifacts/📷️jpg/🏅️standards/🔖️jfif-1.01/🪆️subsets/✳️any/🧬️schema/🔺️diff/🦀️component.rs	2161	`Result<u64, PackError>` is not a future | the trait `Future` is not implemented for `Result<u64, PackError>` / required by a bound in `semio_framework_plugin::resolve_ready`
E0277	✏️s/🔌️plugins/🗄️stdio/📦️packages/🦀️rust/././././././././../../🗿️artifacts/📷️jpg/🏅️standards/🔖️jfif-1.01/🪆️subsets/✳️any/🧬️schema/🔺️diff/🦀️component.rs	2162	`Result<u64, PackError>` is not a future | the trait `Future` is not implemented for `Result<u64, PackError>` / required by a bound in `semio_framework_plugin::resolve_ready`
E0277	✏️s/🔌️plugins/🗄️stdio/📦️packages/🦀️rust/././././././././../../🗿️artifacts/📷️jpg/🏅️standards/🔖️jfif-1.01/🪆️subsets/✳️any/🧬️schema/🔺️diff/🦀️component.rs	2160	`Result<u8, PackError>` is not a future | the trait `Future` is not implemented for `Result<u8, PackError>`
E0277	✏️s/🔌️plugins/🗄️stdio/📦️packages/🦀️rust/././././././././../../🗿️artifacts/📷️jpg/🏅️standards/🔖️jfif-1.01/🪆️subsets/✳️any/🧬️schema/🔺️diff/🦀️component.rs	2161	`Result<u64, PackError>` is not a future | the trait `Future` is not implemented for `Result<u64, PackError>`
E0277	✏️s/🔌️plugins/🗄️stdio/📦️packages/🦀️rust/././././././././../../🗿️artifacts/📷️jpg/🏅️standards/🔖️jfif-1.01/🪆️subsets/✳️any/🧬️schema/🔺️diff/🦀️component.rs	2398	`usize` is not a future | the trait `Future` is not implemented for `usize` / required by a bound in `semio_framework_plugin::resolve_ready`
E0277	✏️s/🔌️plugins/🗄️stdio/📦️packages/🦀️rust/././././././././../../🗿️artifacts/📷️jpg/🏅️standards/🔖️jfif-1.01/🪆️subsets/✳️any/🧬️schema/🔺️diff/🦀️component.rs	2399	`usize` is not a future | the trait `Future` is not implemented for `usize` / required by a bound in `semio_framework_plugin::resolve_ready`
E0277	✏️s/🔌️plugins/🗄️stdio/📦️packages/🦀️rust/././././././././../../🗿️artifacts/📷️jpg/🏅️standards/🔖️jfif-1.01/🪆️subsets/✳️any/🧬️schema/🔺️diff/🦀️component.rs	2400	`usize` is not a future | the trait `Future` is not implemented for `usize` / required by a bound in `semio_framework_plugin::resolve_ready`
E0277	✏️s/🔌️plugins/🗄️stdio/📦️packages/🦀️rust/././././././././../../🗿️artifacts/📷️jpg/🏅️standards/🔖️jfif-1.01/🪆️subsets/✳️any/🧬️schema/🔺️diff/🦀️component.rs	2401	`Result<u8, PackError>` is not a future | the trait `Future` is not implemented for `Result<u8, PackError>` / required by a bound in `semio_framework_plugin::resolve_ready`
E0277	✏️s/🔌️plugins/🗄️stdio/📦️packages/🦀️rust/././././././././../../🗿️artifacts/📷️jpg/🏅️standards/🔖️jfif-1.01/🪆️subsets/✳️any/🧬️schema/🔺️diff/🦀️component.rs	2401	`usize` is not a future | the trait `Future` is not implemented for `usize` / required by a bound in `semio_framework_plugin::resolve_ready`
E0277	✏️s/🔌️plugins/🗄️stdio/📦️packages/🦀️rust/././././././././../../🗿️artifacts/📷️jpg/🏅️standards/🔖️jfif-1.01/🪆️subsets/✳️any/🧬️schema/🔺️diff/🦀️component.rs	2402	`usize` is not a future | the trait `Future` is not implemented for `usize` / required by a bound in `semio_framework_plugin::resolve_ready`
E0277	✏️s/🔌️plugins/🗄️stdio/📦️packages/🦀️rust/././././././././../../🗿️artifacts/📷️jpg/🏅️standards/🔖️jfif-1.01/🪆️subsets/✳️any/🧬️schema/🔺️diff/🦀️component.rs	2403	`usize` is not a future | the trait `Future` is not implemented for `usize` / required by a bound in `semio_framework_plugin::resolve_ready`
E0277	✏️s/🔌️plugins/🗄️stdio/📦️packages/🦀️rust/././././././././../../🗿️artifacts/📷️jpg/🏅️standards/🔖️jfif-1.01/🪆️subsets/✳️any/🧬️schema/🔺️diff/🦀️component.rs	2404	`usize` is not a future | the trait `Future` is not implemented for `usize` / required by a bound in `semio_framework_plugin::resolve_ready`
E0277	✏️s/🔌️plugins/🗄️stdio/📦️packages/🦀️rust/././././././././../../🗿️artifacts/📷️jpg/🏅️standards/🔖️jfif-1.01/🪆️subsets/✳️any/🧬️schema/🔺️diff/🦀️component.rs	2405	`usize` is not a future | the trait `Future` is not implemented for `usize` / required by a bound in `semio_framework_plugin::resolve_ready`
E0277	✏️s/🔌️plugins/🗄️stdio/📦️packages/🦀️rust/././././././././../../🗿️artifacts/📷️jpg/🏅️standards/🔖️jfif-1.01/🪆️subsets/✳️any/🧬️schema/🔺️diff/🦀️component.rs	2406	`usize` is not a future | the trait `Future` is not implemented for `usize` / required by a bound in `semio_framework_plugin::resolve_ready`
E0277	✏️s/🔌️plugins/🗄️stdio/📦️packages/🦀️rust/././././././././../../🗿️artifacts/📷️jpg/🏅️standards/🔖️jfif-1.01/🪆️subsets/✳️any/🧬️schema/🔺️diff/🦀️component.rs	2407	`usize` is not a future | the trait `Future` is not implemented for `usize` / required by a bound in `semio_framework_plugin::resolve_ready`
E0277	✏️s/🔌️plugins/🗄️stdio/📦️packages/🦀️rust/././././././././../../🗿️artifacts/📷️jpg/🏅️standards/🔖️jfif-1.01/🪆️subsets/✳️any/🧬️schema/🔺️diff/🦀️component.rs	2408	`usize` is not a future | the trait `Future` is not implemented for `usize` / required by a bound in `semio_framework_plugin::resolve_ready`
E0277	✏️s/🔌️plugins/🗄️stdio/📦️packages/🦀️rust/././././././././../../🗿️artifacts/📷️jpg/🏅️standards/🔖️jfif-1.01/🪆️subsets/✳️any/🧬️schema/🔺️diff/🦀️component.rs	2409	`usize` is not a future | the trait `Future` is not implemented for `usize` / required by a bound in `semio_framework_plugin::resolve_ready`
E0277	✏️s/🔌️plugins/🗄️stdio/📦️packages/🦀️rust/././././././././../../🗿️artifacts/📷️jpg/🏅️standards/🔖️jfif-1.01/🪆️subsets/✳️any/🧬️schema/🔺️diff/🦀️component.rs	2410	`usize` is not a future | the trait `Future` is not implemented for `usize` / required by a bound in `semio_framework_plugin::resolve_ready`
E0277	✏️s/🔌️plugins/🗄️stdio/📦️packages/🦀️rust/././././././././../../🗿️artifacts/📷️jpg/🏅️standards/🔖️jfif-1.01/🪆️subsets/✳️any/🧬️schema/🔺️diff/🦀️component.rs	2411	`usize` is not a future | the trait `Future` is not implemented for `usize` / required by a bound in `semio_framework_plugin::resolve_ready`
E0277	✏️s/🔌️plugins/🗄️stdio/📦️packages/🦀️rust/././././././././../../🗿️artifacts/📷️jpg/🏅️standards/🔖️jfif-1.01/🪆️subsets/✳️any/🧬️schema/🔺️diff/🦀️component.rs	2412	`Result<u64, PackError>` is not a future | the trait `Future` is not implemented for `Result<u64, PackError>` / required by a bound in `semio_framework_plugin::resolve_ready`
E0277	✏️s/🔌️plugins/🗄️stdio/📦️packages/🦀️rust/././././././././../../🗿️artifacts/📷️jpg/🏅️standards/🔖️jfif-1.01/🪆️subsets/✳️any/🧬️schema/🔺️diff/🦀️component.rs	2412	`usize` is not a future | the trait `Future` is not implemented for `usize` / required by a bound in `semio_framework_plugin::resolve_ready`
E0277	✏️s/🔌️plugins/🗄️stdio/📦️packages/🦀️rust/././././././././../../🗿️artifacts/📜️docx/🏅️standards/🔖️ecma-376/🪆️subsets/✳️any/🧬️schema/🧬️mutations/🦀️component.rs	610	`usize` is not a future | the trait `Future` is not implemented for `usize` / required by a bound in `semio_framework_plugin::resolve_ready`
E0277	✏️s/🔌️plugins/🗄️stdio/📦️packages/🦀️rust/././././././././../../🗿️artifacts/📜️docx/🏅️standards/🔖️ecma-376/🪆️subsets/✳️any/🧬️schema/🧬️mutations/🦀️component.rs	614	`usize` is not a future | the trait `Future` is not implemented for `usize` / required by a bound in `semio_framework_plugin::resolve_ready`
E0277	✏️s/🔌️plugins/🗄️stdio/📦️packages/🦀️rust/././././././././../../🗿️artifacts/📷️jpg/🏅️standards/🔖️jfif-1.01/🪆️subsets/✳️any/🧬️schema/🔺️diff/🦀️component.rs	2413	`usize` is not a future | the trait `Future` is not implemented for `usize` / required by a bound in `semio_framework_plugin::resolve_ready`
E0277	✏️s/🔌️plugins/🗄️stdio/📦️packages/🦀️rust/././././././././../../🗿️artifacts/📜️docx/🏅️standards/🔖️ecma-376/🪆️subsets/✳️any/🧬️schema/🧬️mutations/🦀️component.rs	615	`usize` is not a future | the trait `Future` is not implemented for `usize` / required by a bound in `semio_framework_plugin::resolve_ready`
E0277	✏️s/🔌️plugins/🗄️stdio/📦️packages/🦀️rust/././././././././../../🗿️artifacts/📜️docx/🏅️standards/🔖️ecma-376/🪆️subsets/✳️any/🧬️schema/🧬️mutations/🦀️component.rs	619	`usize` is not a future | the trait `Future` is not implemented for `usize` / required by a bound in `semio_framework_plugin::resolve_ready`
E0277	✏️s/🔌️plugins/🗄️stdio/📦️packages/🦀️rust/././././././././../../🗿️artifacts/📷️jpg/🏅️standards/🔖️jfif-1.01/🪆️subsets/✳️any/🧬️schema/🔺️diff/🦀️component.rs	2398	`usize` is not a future | the trait `Future` is not implemented for `usize`
E0277	✏️s/🔌️plugins/🗄️stdio/📦️packages/🦀️rust/././././././././../../🗿️artifacts/📜️docx/🏅️standards/🔖️ecma-376/🪆️subsets/✳️any/🧬️schema/🧬️mutations/🦀️component.rs	623	`usize` is not a future | the trait `Future` is not implemented for `usize` / required by a bound in `semio_framework_plugin::resolve_ready`
E0277	✏️s/🔌️plugins/🗄️stdio/📦️packages/🦀️rust/././././././././../../🗿️artifacts/📜️docx/🏅️standards/🔖️ecma-376/🪆️subsets/✳️any/🧬️schema/🧬️mutations/🦀️component.rs	624	`usize` is not a future | the trait `Future` is not implemented for `usize` / required by a bound in `semio_framework_plugin::resolve_ready`
E0277	✏️s/🔌️plugins/🗄️stdio/📦️packages/🦀️rust/././././././././../../🗿️artifacts/📜️docx/🏅️standards/🔖️ecma-376/🪆️subsets/✳️any/🧬️schema/🧬️mutations/🦀️component.rs	628	`usize` is not a future | the trait `Future` is not implemented for `usize` / required by a bound in `semio_framework_plugin::resolve_ready`
E0277	✏️s/🔌️plugins/🗄️stdio/📦️packages/🦀️rust/././././././././../../🗿️artifacts/📷️jpg/🏅️standards/🔖️jfif-1.01/🪆️subsets/✳️any/🧬️schema/🔺️diff/🦀️component.rs	2401	`Result<u8, PackError>` is not a future | the trait `Future` is not implemented for `Result<u8, PackError>`
E0277	✏️s/🔌️plugins/🗄️stdio/📦️packages/🦀️rust/././././././././../../🗿️artifacts/📜️docx/🏅️standards/🔖️ecma-376/🪆️subsets/✳️any/🧬️schema/🧬️mutations/🦀️component.rs	629	`usize` is not a future | the trait `Future` is not implemented for `usize` / required by a bound in `semio_framework_plugin::resolve_ready`
E0277	✏️s/🔌️plugins/🗄️stdio/📦️packages/🦀️rust/././././././././../../🗿️artifacts/📜️docx/🏅️standards/🔖️ecma-376/🪆️subsets/✳️any/🧬️schema/🧬️mutations/🦀️component.rs	630	`usize` is not a future | the trait `Future` is not implemented for `usize` / required by a bound in `semio_framework_plugin::resolve_ready`
E0277	✏️s/🔌️plugins/🗄️stdio/📦️packages/🦀️rust/././././././././../../🗿️artifacts/📜️docx/🏅️standards/🔖️ecma-376/🪆️subsets/✳️any/🧬️schema/🧬️mutations/🦀️component.rs	634	`usize` is not a future | the trait `Future` is not implemented for `usize` / required by a bound in `semio_framework_plugin::resolve_ready`
E0277	✏️s/🔌️plugins/🗄️stdio/📦️packages/🦀️rust/././././././././../../🗿️artifacts/📜️docx/🏅️standards/🔖️ecma-376/🪆️subsets/✳️any/🧬️schema/🧬️mutations/🦀️component.rs	635	`usize` is not a future | the trait `Future` is not implemented for `usize` / required by a bound in `semio_framework_plugin::resolve_ready`
E0277	✏️s/🔌️plugins/🗄️stdio/📦️packages/🦀️rust/././././././././../../🗿️artifacts/📷️jpg/🏅️standards/🔖️jfif-1.01/🪆️subsets/✳️any/🧬️schema/🔺️diff/🦀️component.rs	2412	`Result<u64, PackError>` is not a future | the trait `Future` is not implemented for `Result<u64, PackError>`
E0277	✏️s/🔌️plugins/🗄️stdio/📦️packages/🦀️rust/././././././././../../🗿️artifacts/📜️docx/🏅️standards/🔖️ecma-376/🪆️subsets/✳️any/🧬️schema/🧬️mutations/🦀️component.rs	636	`usize` is not a future | the trait `Future` is not implemented for `usize` / required by a bound in `semio_framework_plugin::resolve_ready`
E0277	✏️s/🔌️plugins/🗄️stdio/📦️packages/🦀️rust/././././././././../../🗿️artifacts/📜️docx/🏅️standards/🔖️ecma-376/🪆️subsets/✳️any/🧬️schema/🧬️mutations/🦀️component.rs	637	`usize` is not a future | the trait `Future` is not implemented for `usize` / required by a bound in `semio_framework_plugin::resolve_ready`
E0277	✏️s/🔌️plugins/🗄️stdio/📦️packages/🦀️rust/././././././././../../🗿️artifacts/📜️docx/🏅️standards/🔖️ecma-376/🪆️subsets/✳️any/🧬️schema/🧬️mutations/🦀️component.rs	638	`usize` is not a future | the trait `Future` is not implemented for `usize` / required by a bound in `semio_framework_plugin::resolve_ready`
E0277	✏️s/🔌️plugins/🗄️stdio/📦️packages/🦀️rust/././././././././../../🗿️artifacts/📜️docx/🏅️standards/🔖️ecma-376/🪆️subsets/✳️any/🧬️schema/🧬️mutations/🦀️component.rs	642	`usize` is not a future | the trait `Future` is not implemented for `usize` / required by a bound in `semio_framework_plugin::resolve_ready`
E0277	✏️s/🔌️plugins/🗄️stdio/📦️packages/🦀️rust/././././././././../../🗿️artifacts/📜️docx/🏅️standards/🔖️ecma-376/🪆️subsets/✳️any/🧬️schema/🧬️mutations/🦀️component.rs	646	`usize` is not a future | the trait `Future` is not implemented for `usize` / required by a bound in `semio_framework_plugin::resolve_ready`
E0277	✏️s/🔌️plugins/🗄️stdio/📦️packages/🦀️rust/././././././././../../🗿️artifacts/📜️docx/🏅️standards/🔖️ecma-376/🪆️subsets/✳️any/🧬️schema/🧬️mutations/🦀️component.rs	650	`usize` is not a future | the trait `Future` is not implemented for `usize` / required by a bound in `semio_framework_plugin::resolve_ready`
E0277	✏️s/🔌️plugins/🗄️stdio/📦️packages/🦀️rust/././././././././../../🗿️artifacts/📜️docx/🏅️standards/🔖️ecma-376/🪆️subsets/✳️any/🧬️schema/🧬️mutations/🦀️component.rs	651	`usize` is not a future | the trait `Future` is not implemented for `usize` / required by a bound in `semio_framework_plugin::resolve_ready`
E0277	✏️s/🔌️plugins/🗄️stdio/📦️packages/🦀️rust/././././././././../../🗿️artifacts/📜️docx/🏅️standards/🔖️ecma-376/🪆️subsets/✳️any/🧬️schema/🧬️mutations/🦀️component.rs	655	`usize` is not a future | the trait `Future` is not implemented for `usize` / required by a bound in `semio_framework_plugin::resolve_ready`
E0277	✏️s/🔌️plugins/🗄️stdio/📦️packages/🦀️rust/././././././././../../🗿️artifacts/📜️docx/🏅️standards/🔖️ecma-376/🪆️subsets/✳️any/🧬️schema/🧬️mutations/🦀️component.rs	656	`usize` is not a future | the trait `Future` is not implemented for `usize` / required by a bound in `semio_framework_plugin::resolve_ready`
E0277	✏️s/🔌️plugins/🗄️stdio/📦️packages/🦀️rust/././././././././../../🗿️artifacts/📜️docx/🏅️standards/🔖️ecma-376/🪆️subsets/✳️any/🧬️schema/🧬️mutations/🦀️component.rs	657	`usize` is not a future | the trait `Future` is not implemented for `usize` / required by a bound in `semio_framework_plugin::resolve_ready`
E0277	✏️s/🔌️plugins/🗄️stdio/📦️packages/🦀️rust/././././././././../../🗿️artifacts/📜️docx/🏅️standards/🔖️ecma-376/🪆️subsets/✳️any/🧬️schema/🧬️mutations/🦀️component.rs	661	`usize` is not a future | the trait `Future` is not implemented for `usize` / required by a bound in `semio_framework_plugin::resolve_ready`
E0277	✏️s/🔌️plugins/🗄️stdio/📦️packages/🦀️rust/././././././././../../🗿️artifacts/📜️docx/🏅️standards/🔖️ecma-376/🪆️subsets/✳️any/🧬️schema/🧬️mutations/🦀️component.rs	662	`usize` is not a future | the trait `Future` is not implemented for `usize` / required by a bound in `semio_framework_plugin::resolve_ready`
E0277	✏️s/🔌️plugins/🗄️stdio/📦️packages/🦀️rust/././././././././../../🗿️artifacts/📜️docx/🏅️standards/🔖️ecma-376/🪆️subsets/✳️any/🧬️schema/🧬️mutations/🦀️component.rs	663	`usize` is not a future | the trait `Future` is not implemented for `usize` / required by a bound in `semio_framework_plugin::resolve_ready`
E0277	✏️s/🔌️plugins/🗄️stdio/📦️packages/🦀️rust/././././././././../../🗿️artifacts/📜️docx/🏅️standards/🔖️ecma-376/🪆️subsets/✳️any/🧬️schema/🧬️mutations/🦀️component.rs	667	`usize` is not a future | the trait `Future` is not implemented for `usize` / required by a bound in `semio_framework_plugin::resolve_ready`
E0277	✏️s/🔌️plugins/🗄️stdio/📦️packages/🦀️rust/././././././././../../🗿️artifacts/📜️docx/🏅️standards/🔖️ecma-376/🪆️subsets/✳️any/🧬️schema/🧬️mutations/🦀️component.rs	610	`usize` is not a future | the trait `Future` is not implemented for `usize`
E0277	✏️s/🔌️plugins/🗄️stdio/📦️packages/🦀️rust/././././././././../../🗿️artifacts/🖊️dxf/🏅️standards/🔖️r12/🪆️subsets/✳️any/🧬️schema/🔺️diff/🦀️component.rs	3083	`Result<i64, PackError>` is not a future | the trait `Future` is not implemented for `Result<i64, PackError>` / required by a bound in `semio_framework_plugin::resolve_ready`
E0277	✏️s/🔌️plugins/🗄️stdio/📦️packages/🦀️rust/././././././././../../🗿️artifacts/🖊️dxf/🏅️standards/🔖️r12/🪆️subsets/✳️any/🧬️schema/🔺️diff/🦀️component.rs	3083	`Result<i64, PackError>` is not a future | the trait `Future` is not implemented for `Result<i64, PackError>`
E0277	✏️s/🔌️plugins/🗄️stdio/📦️packages/🦀️rust/././././././././../../🗿️artifacts/🎞️gif/🏅️standards/🔖️87a/🪆️subsets/✳️any/🧬️schema/🔺️diff/🦀️component.rs	925	`ByteWriter` is not a future | the trait `Future` is not implemented for `ByteWriter` / required by a bound in `semio_framework_plugin::resolve_ready`
E0277	✏️s/🔌️plugins/🗄️stdio/📦️packages/🦀️rust/././././././././../../🗿️artifacts/🎞️gif/🏅️standards/🔖️87a/🪆️subsets/✳️any/🧬️schema/🔺️diff/🦀️component.rs	925	`ByteWriter` is not a future | the trait `Future` is not implemented for `ByteWriter`
E0277	✏️s/🔌️plugins/🗄️stdio/📦️packages/🦀️rust/././././././././../../🗿️artifacts/🖊️dxf/🏅️standards/🔖️r12/🪆️subsets/✳️any/🧬️schema/🔺️diff/🦀️component.rs	3097	`Result<i64, PackError>` is not a future | the trait `Future` is not implemented for `Result<i64, PackError>` / required by a bound in `semio_framework_plugin::resolve_ready`
E0277	✏️s/🔌️plugins/🗄️stdio/📦️packages/🦀️rust/././././././././../../🗿️artifacts/🎞️gif/🏅️standards/🔖️87a/🪆️subsets/✳️any/🧬️schema/🔺️diff/🦀️component.rs	939	`dsl::ByteReader<'_>` is not a future | the trait `Future` is not implemented for `dsl::ByteReader<'_>` / required by a bound in `semio_framework_plugin::resolve_ready`
E0277	✏️s/🔌️plugins/🗄️stdio/📦️packages/🦀️rust/././././././././../../🗿️artifacts/🎞️gif/🏅️standards/🔖️87a/🪆️subsets/✳️any/🧬️schema/🔺️diff/🦀️component.rs	939	`dsl::ByteReader<'_>` is not a future | the trait `Future` is not implemented for `dsl::ByteReader<'_>`
E0277	✏️s/🔌️plugins/🗄️stdio/📦️packages/🦀️rust/././././././././../../🗿️artifacts/🖊️dxf/🏅️standards/🔖️r12/🪆️subsets/✳️any/🧬️schema/🔺️diff/🦀️component.rs	3099	`Result<i64, PackError>` is not a future | the trait `Future` is not implemented for `Result<i64, PackError>` / required by a bound in `semio_framework_plugin::resolve_ready`
E0277	✏️s/🔌️plugins/🗄️stdio/📦️packages/🦀️rust/././././././././../../🗿️artifacts/🖊️dxf/🏅️standards/🔖️r12/🪆️subsets/✳️any/🧬️schema/🔺️diff/🦀️component.rs	3097	`Result<i64, PackError>` is not a future | the trait `Future` is not implemented for `Result<i64, PackError>`
E0277	✏️s/🔌️plugins/🗄️stdio/📦️packages/🦀️rust/././././././././../../🗿️artifacts/🎞️gif/🏅️standards/🔖️87a/🪆️subsets/✳️any/🧬️schema/🔺️diff/🦀️component.rs	1023	`ByteWriter` is not a future | the trait `Future` is not implemented for `ByteWriter` / required by a bound in `semio_framework_plugin::resolve_ready`
E0277	✏️s/🔌️plugins/🗄️stdio/📦️packages/🦀️rust/././././././././../../🗿️artifacts/🖊️dxf/🏅️standards/🔖️r12/🪆️subsets/✳️any/🧬️schema/🔺️diff/🦀️component.rs	3111	`Result<i64, PackError>` is not a future | the trait `Future` is not implemented for `Result<i64, PackError>` / required by a bound in `semio_framework_plugin::resolve_ready`
E0277	✏️s/🔌️plugins/🗄️stdio/📦️packages/🦀️rust/././././././././../../🗿️artifacts/🎞️gif/🏅️standards/🔖️87a/🪆️subsets/✳️any/🧬️schema/🔺️diff/🦀️component.rs	1025	`Vec<u8>` is not a future | the trait `Future` is not implemented for `Vec<u8>` / required by a bound in `semio_framework_plugin::resolve_ready`
E0277	✏️s/🔌️plugins/🗄️stdio/📦️packages/🦀️rust/././././././././../../🗿️artifacts/🎞️gif/🏅️standards/🔖️87a/🪆️subsets/✳️any/🧬️schema/🔺️diff/🦀️component.rs	1023	`ByteWriter` is not a future | the trait `Future` is not implemented for `ByteWriter`
E0277	✏️s/🔌️plugins/🗄️stdio/📦️packages/🦀️rust/././././././././../../🗿️artifacts/🎞️gif/🏅️standards/🔖️87a/🪆️subsets/✳️any/🧬️schema/🔺️diff/🦀️component.rs	1025	`Vec<u8>` is not a future | the trait `Future` is not implemented for `Vec<u8>`
E0277	✏️s/🔌️plugins/🗄️stdio/📦️packages/🦀️rust/././././././././../../🗿️artifacts/🖊️dxf/🏅️standards/🔖️r12/🪆️subsets/✳️any/🧬️schema/🔺️diff/🦀️component.rs	3111	`Result<i64, PackError>` is not a future | the trait `Future` is not implemented for `Result<i64, PackError>`
E0277	✏️s/🔌️plugins/🗄️stdio/📦️packages/🦀️rust/././././././././../../🗿️artifacts/🎞️gif/🏅️standards/🔖️87a/🪆️subsets/✳️any/🧬️schema/🔺️diff/🦀️component.rs	1033	`dsl::ByteReader<'_>` is not a future | the trait `Future` is not implemented for `dsl::ByteReader<'_>` / required by a bound in `semio_framework_plugin::resolve_ready`
E0277	✏️s/🔌️plugins/🗄️stdio/📦️packages/🦀️rust/././././././././../../🗿️artifacts/🎞️gif/🏅️standards/🔖️87a/🪆️subsets/✳️any/🧬️schema/🔺️diff/🦀️component.rs	1038	`dsl::ByteReader<'_>` is not a future | the trait `Future` is not implemented for `dsl::ByteReader<'_>` / required by a bound in `semio_framework_plugin::resolve_ready`
E0277	✏️s/🔌️plugins/🗄️stdio/📦️packages/🦀️rust/././././././././../../🗿️artifacts/🖊️dxf/🏅️standards/🔖️r12/🪆️subsets/✳️any/🧬️schema/🔺️diff/🦀️component.rs	3124	`Result<i64, PackError>` is not a future | the trait `Future` is not implemented for `Result<i64, PackError>` / required by a bound in `semio_framework_plugin::resolve_ready`
E0277	✏️s/🔌️plugins/🗄️stdio/📦️packages/🦀️rust/././././././././../../🗿️artifacts/🎞️gif/🏅️standards/🔖️87a/🪆️subsets/✳️any/🧬️schema/🔺️diff/🦀️component.rs	1033	`dsl::ByteReader<'_>` is not a future | the trait `Future` is not implemented for `dsl::ByteReader<'_>`
E0277	✏️s/🔌️plugins/🗄️stdio/📦️packages/🦀️rust/././././././././../../🗿️artifacts/🖊️dxf/🏅️standards/🔖️r12/🪆️subsets/✳️any/🧬️schema/🔺️diff/🦀️component.rs	3124	`Result<i64, PackError>` is not a future | the trait `Future` is not implemented for `Result<i64, PackError>`
E0277	✏️s/🔌️plugins/🗄️stdio/📦️packages/🦀️rust/././././././././../../🗿️artifacts/🎞️gif/🏅️standards/🔖️87a/🪆️subsets/✳️any/🧬️schema/🔺️diff/🦀️component.rs	1038	`dsl::ByteReader<'_>` is not a future | the trait `Future` is not implemented for `dsl::ByteReader<'_>`
E0277	✏️s/🔌️plugins/🗄️stdio/📦️packages/🦀️rust/././././././././../../🗿️artifacts/🖊️dxf/🏅️standards/🔖️r12/🪆️subsets/✳️any/🧬️schema/🔺️diff/🦀️component.rs	3229	`Result<u8, PackError>` is not a future | the trait `Future` is not implemented for `Result<u8, PackError>` / required by a bound in `semio_framework_plugin::resolve_ready`
E0277	✏️s/🔌️plugins/🗄️stdio/📦️packages/🦀️rust/././././././././../../🗿️artifacts/🖊️dxf/🏅️standards/🔖️r12/🪆️subsets/✳️any/🧬️schema/🔺️diff/🦀️component.rs	3229	`Result<u8, PackError>` is not a future | the trait `Future` is not implemented for `Result<u8, PackError>`
E0599	✏️s/🔌️plugins/🗄️stdio/📦️packages/🦀️rust/././../../🗿️artifacts/📷️jpg/🦀️component.rs	77	no method named `schema` found for opaque type `impl Future<Output = ArtifactDeclarationBuilder<NeedsSchema>>` in the current scope | consider `await`ing on the `Future` and calling the method on its `Output`
E0277	✏️s/🔌️plugins/🗄️stdio/📦️packages/🦀️rust/././././././././../../🗿️artifacts/📷️jpg/🏅️standards/🔖️jfif-1.01/🪆️subsets/✳️any/🧬️schema/🧬️mutations/🦀️component.rs	253	`impl Future<Output = std::string::String>` doesn't implement `std::fmt::Display` | the trait `std::fmt::Display` is not implemented for `impl Future<Output = std::string::String>` / in format strings you may be able to use `{:?}` (or {:#?} for pretty-print) instead
E0599	✏️s/🔌️plugins/🗄️stdio/📦️packages/🦀️rust/././././././././../../🗿️artifacts/📷️jpg/🏅️standards/🔖️jfif-1.01/🪆️subsets/✳️any/🧬️schema/🧬️mutations/🦀️component.rs	302	no method named `map_err` found for opaque type `impl Future<Output = Result<JpgMutation, String>>` in the current scope | the full name for the type has been written to '/Users/ueli/Documents/semio/.🧬semio/🦑️repo/🎫️tickets/🎆️26/🌙️08/☀️20/INTERACTIVE-JOB-RUNTIME-REFACTOR/PHASE-1-5-DE-ASYNC-REPAIR-SWEEP/🧪️target-r19-stdio/debug/deps/semio_s_plugin_stdio-1d1792480c328f6d.long-type-6424632545526258297.txt' / consider using `--verbose` to print the full type name to the console / consider `await`ing on the `Future` and calling the method on its `Output`
E0277	✏️s/🔌️plugins/🗄️stdio/📦️packages/🦀️rust/././././././././../../🗿️artifacts/📷️jpg/🏅️standards/🔖️jfif-1.01/🪆️subsets/✳️any/🧬️schema/🧬️mutations/🦀️component.rs	345	`Result<u8, PackError>` is not a future | the trait `Future` is not implemented for `Result<u8, PackError>` / required by a bound in `semio_framework_plugin::resolve_ready`
E0277	✏️s/🔌️plugins/🗄️stdio/📦️packages/🦀️rust/././././././././../../🗿️artifacts/🖊️dxf/🏅️standards/🔖️r12/🪆️subsets/✳️any/🧬️schema/🔺️diff/🦀️component.rs	3546	`usize` is not a future | the trait `Future` is not implemented for `usize` / required by a bound in `semio_framework_plugin::resolve_ready`
E0277	✏️s/🔌️plugins/🗄️stdio/📦️packages/🦀️rust/././././././././../../🗿️artifacts/🖊️dxf/🏅️standards/🔖️r12/🪆️subsets/✳️any/🧬️schema/🔺️diff/🦀️component.rs	3547	`usize` is not a future | the trait `Future` is not implemented for `usize` / required by a bound in `semio_framework_plugin::resolve_ready`
E0277	✏️s/🔌️plugins/🗄️stdio/📦️packages/🦀️rust/././././././././../../🗿️artifacts/📷️jpg/🏅️standards/🔖️jfif-1.01/🪆️subsets/✳️any/🧬️schema/🧬️mutations/🦀️component.rs	364	`Result<u64, PackError>` is not a future | the trait `Future` is not implemented for `Result<u64, PackError>` / required by a bound in `semio_framework_plugin::resolve_ready`
E0277	✏️s/🔌️plugins/🗄️stdio/📦️packages/🦀️rust/././././././././../../🗿️artifacts/🖊️dxf/🏅️standards/🔖️r12/🪆️subsets/✳️any/🧬️schema/🔺️diff/🦀️component.rs	3548	`usize` is not a future | the trait `Future` is not implemented for `usize` / required by a bound in `semio_framework_plugin::resolve_ready`
E0277	✏️s/🔌️plugins/🗄️stdio/📦️packages/🦀️rust/././././././././../../🗿️artifacts/🖊️dxf/🏅️standards/🔖️r12/🪆️subsets/✳️any/🧬️schema/🔺️diff/🦀️component.rs	3549	`usize` is not a future | the trait `Future` is not implemented for `usize` / required by a bound in `semio_framework_plugin::resolve_ready`
E0277	✏️s/🔌️plugins/🗄️stdio/📦️packages/🦀️rust/././././././././../../🗿️artifacts/📷️jpg/🏅️standards/🔖️jfif-1.01/🪆️subsets/✳️any/🧬️schema/🧬️mutations/🦀️component.rs	345	`Result<u8, PackError>` is not a future | the trait `Future` is not implemented for `Result<u8, PackError>`
E0277	✏️s/🔌️plugins/🗄️stdio/📦️packages/🦀️rust/././././././././../../🗿️artifacts/🖊️dxf/🏅️standards/🔖️r12/🪆️subsets/✳️any/🧬️schema/🔺️diff/🦀️component.rs	3546	`usize` is not a future | the trait `Future` is not implemented for `usize`
E0277	✏️s/🔌️plugins/🗄️stdio/📦️packages/🦀️rust/././././././././../../🗿️artifacts/📷️jpg/🏅️standards/🔖️jfif-1.01/🪆️subsets/✳️any/🧬️schema/🧬️mutations/🦀️component.rs	364	`Result<u64, PackError>` is not a future | the trait `Future` is not implemented for `Result<u64, PackError>`
E0277	✏️s/🔌️plugins/🗄️stdio/📦️packages/🦀️rust/././././././././../../🗿️artifacts/📷️jpg/🏅️standards/🔖️jfif-1.01/🪆️subsets/✳️any/🧬️schema/🧬️mutations/🦀️component.rs	448	`usize` is not a future | the trait `Future` is not implemented for `usize` / required by a bound in `semio_framework_plugin::resolve_ready`
E0277	✏️s/🔌️plugins/🗄️stdio/📦️packages/🦀️rust/././././././././../../🗿️artifacts/📷️jpg/🏅️standards/🔖️jfif-1.01/🪆️subsets/✳️any/🧬️schema/🧬️mutations/🦀️component.rs	450	`usize` is not a future | the trait `Future` is not implemented for `usize` / required by a bound in `semio_framework_plugin::resolve_ready`
E0277	✏️s/🔌️plugins/🗄️stdio/📦️packages/🦀️rust/././././././././../../🗿️artifacts/📷️jpg/🏅️standards/🔖️jfif-1.01/🪆️subsets/✳️any/🧬️schema/🧬️mutations/🦀️component.rs	451	`usize` is not a future | the trait `Future` is not implemented for `usize` / required by a bound in `semio_framework_plugin::resolve_ready`
E0277	✏️s/🔌️plugins/🗄️stdio/📦️packages/🦀️rust/././././././././../../🗿️artifacts/📷️jpg/🏅️standards/🔖️jfif-1.01/🪆️subsets/✳️any/🧬️schema/🧬️mutations/🦀️component.rs	452	`usize` is not a future | the trait `Future` is not implemented for `usize` / required by a bound in `semio_framework_plugin::resolve_ready`
E0277	✏️s/🔌️plugins/🗄️stdio/📦️packages/🦀️rust/././././././././../../🗿️artifacts/📷️jpg/🏅️standards/🔖️jfif-1.01/🪆️subsets/✳️any/🧬️schema/🧬️mutations/🦀️component.rs	453	`usize` is not a future | the trait `Future` is not implemented for `usize` / required by a bound in `semio_framework_plugin::resolve_ready`
E0277	✏️s/🔌️plugins/🗄️stdio/📦️packages/🦀️rust/././././././././../../🗿️artifacts/📷️jpg/🏅️standards/🔖️jfif-1.01/🪆️subsets/✳️any/🧬️schema/🧬️mutations/🦀️component.rs	454	`usize` is not a future | the trait `Future` is not implemented for `usize` / required by a bound in `semio_framework_plugin::resolve_ready`
E0277	✏️s/🔌️plugins/🗄️stdio/📦️packages/🦀️rust/././././././././../../🗿️artifacts/📷️jpg/🏅️standards/🔖️jfif-1.01/🪆️subsets/✳️any/🧬️schema/🧬️mutations/🦀️component.rs	457	`usize` is not a future | the trait `Future` is not implemented for `usize` / required by a bound in `semio_framework_plugin::resolve_ready`
E0277	✏️s/🔌️plugins/🗄️stdio/📦️packages/🦀️rust/././././././././../../🗿️artifacts/📷️jpg/🏅️standards/🔖️jfif-1.01/🪆️subsets/✳️any/🧬️schema/🧬️mutations/🦀️component.rs	458	`usize` is not a future | the trait `Future` is not implemented for `usize` / required by a bound in `semio_framework_plugin::resolve_ready`
E0277	✏️s/🔌️plugins/🗄️stdio/📦️packages/🦀️rust/././././././././../../🗿️artifacts/📷️jpg/🏅️standards/🔖️jfif-1.01/🪆️subsets/✳️any/🧬️schema/🧬️mutations/🦀️component.rs	459	`usize` is not a future | the trait `Future` is not implemented for `usize` / required by a bound in `semio_framework_plugin::resolve_ready`
E0277	✏️s/🔌️plugins/🗄️stdio/📦️packages/🦀️rust/././././././././../../🗿️artifacts/📷️jpg/🏅️standards/🔖️jfif-1.01/🪆️subsets/✳️any/🧬️schema/🧬️mutations/🦀️component.rs	460	`usize` is not a future | the trait `Future` is not implemented for `usize` / required by a bound in `semio_framework_plugin::resolve_ready`
E0277	✏️s/🔌️plugins/🗄️stdio/📦️packages/🦀️rust/././././././././../../🗿️artifacts/📷️jpg/🏅️standards/🔖️jfif-1.01/🪆️subsets/✳️any/🧬️schema/🧬️mutations/🦀️component.rs	461	`Result<u64, PackError>` is not a future | the trait `Future` is not implemented for `Result<u64, PackError>` / required by a bound in `semio_framework_plugin::resolve_ready`
E0277	✏️s/🔌️plugins/🗄️stdio/📦️packages/🦀️rust/././././././././../../🗿️artifacts/📷️jpg/🏅️standards/🔖️jfif-1.01/🪆️subsets/✳️any/🧬️schema/🧬️mutations/🦀️component.rs	461	`usize` is not a future | the trait `Future` is not implemented for `usize` / required by a bound in `semio_framework_plugin::resolve_ready`
E0277	✏️s/🔌️plugins/🗄️stdio/📦️packages/🦀️rust/././././././././../../🗿️artifacts/📷️jpg/🏅️standards/🔖️jfif-1.01/🪆️subsets/✳️any/🧬️schema/🧬️mutations/🦀️component.rs	463	`usize` is not a future | the trait `Future` is not implemented for `usize` / required by a bound in `semio_framework_plugin::resolve_ready`
E0277	✏️s/🔌️plugins/🗄️stdio/📦️packages/🦀️rust/././././././././../../🗿️artifacts/📷️jpg/🏅️standards/🔖️jfif-1.01/🪆️subsets/✳️any/🧬️schema/🧬️mutations/🦀️component.rs	464	`usize` is not a future | the trait `Future` is not implemented for `usize` / required by a bound in `semio_framework_plugin::resolve_ready`
E0277	✏️s/🔌️plugins/🗄️stdio/📦️packages/🦀️rust/././././././././../../🗿️artifacts/📷️jpg/🏅️standards/🔖️jfif-1.01/🪆️subsets/✳️any/🧬️schema/🧬️mutations/🦀️component.rs	467	`usize` is not a future | the trait `Future` is not implemented for `usize` / required by a bound in `semio_framework_plugin::resolve_ready`
E0277	✏️s/🔌️plugins/🗄️stdio/📦️packages/🦀️rust/././././././././../../🗿️artifacts/📷️jpg/🏅️standards/🔖️jfif-1.01/🪆️subsets/✳️any/🧬️schema/🧬️mutations/🦀️component.rs	468	`usize` is not a future | the trait `Future` is not implemented for `usize` / required by a bound in `semio_framework_plugin::resolve_ready`
E0277	✏️s/🔌️plugins/🗄️stdio/📦️packages/🦀️rust/././././././././../../🗿️artifacts/📷️jpg/🏅️standards/🔖️jfif-1.01/🪆️subsets/✳️any/🧬️schema/🧬️mutations/🦀️component.rs	469	`Result<u8, PackError>` is not a future | the trait `Future` is not implemented for `Result<u8, PackError>` / required by a bound in `semio_framework_plugin::resolve_ready`
E0277	✏️s/🔌️plugins/🗄️stdio/📦️packages/🦀️rust/././././././././../../🗿️artifacts/📷️jpg/🏅️standards/🔖️jfif-1.01/🪆️subsets/✳️any/🧬️schema/🧬️mutations/🦀️component.rs	469	`usize` is not a future | the trait `Future` is not implemented for `usize` / required by a bound in `semio_framework_plugin::resolve_ready`
E0277	✏️s/🔌️plugins/🗄️stdio/📦️packages/🦀️rust/././././././././../../🗿️artifacts/📷️jpg/🏅️standards/🔖️jfif-1.01/🪆️subsets/✳️any/🧬️schema/🧬️mutations/🦀️component.rs	448	`usize` is not a future | the trait `Future` is not implemented for `usize`
E0277	✏️s/🔌️plugins/🗄️stdio/📦️packages/🦀️rust/././././././././../../🗿️artifacts/📷️jpg/🏅️standards/🔖️jfif-1.01/🪆️subsets/✳️any/🧬️schema/🧬️mutations/🦀️component.rs	461	`Result<u64, PackError>` is not a future | the trait `Future` is not implemented for `Result<u64, PackError>`
E0277	✏️s/🔌️plugins/🗄️stdio/📦️packages/🦀️rust/././././././././../../🗿️artifacts/📷️jpg/🏅️standards/🔖️jfif-1.01/🪆️subsets/✳️any/🧬️schema/🧬️mutations/🦀️component.rs	469	`Result<u8, PackError>` is not a future | the trait `Future` is not implemented for `Result<u8, PackError>`
E0277	✏️s/🔌️plugins/🗄️stdio/📦️packages/🦀️rust/././././././././../../🗿️artifacts/📷️png/🏅️standards/🔖️1.2/🪆️subsets/✳️any/🧬️schema/🔺️diff/🦀️component.rs	1910	`ByteWriter` is not a future | the trait `Future` is not implemented for `ByteWriter` / required by a bound in `semio_framework_plugin::resolve_ready`
E0277	✏️s/🔌️plugins/🗄️stdio/📦️packages/🦀️rust/././././././././../../🗿️artifacts/📷️png/🏅️standards/🔖️1.2/🪆️subsets/✳️any/🧬️schema/🔺️diff/🦀️component.rs	1910	`ByteWriter` is not a future | the trait `Future` is not implemented for `ByteWriter`
E0277	✏️s/🔌️plugins/🗄️stdio/📦️packages/🦀️rust/././././././././../../🗿️artifacts/📷️png/🏅️standards/🔖️1.2/🪆️subsets/✳️any/🧬️schema/🔺️diff/🦀️component.rs	1924	`dsl::ByteReader<'_>` is not a future | the trait `Future` is not implemented for `dsl::ByteReader<'_>` / required by a bound in `semio_framework_plugin::resolve_ready`
E0277	✏️s/🔌️plugins/🗄️stdio/📦️packages/🦀️rust/././././././././../../🗿️artifacts/📷️png/🏅️standards/🔖️1.2/🪆️subsets/✳️any/🧬️schema/🔺️diff/🦀️component.rs	1924	`dsl::ByteReader<'_>` is not a future | the trait `Future` is not implemented for `dsl::ByteReader<'_>`
E0277	✏️s/🔌️plugins/🗄️stdio/📦️packages/🦀️rust/././././././././../../🗿️artifacts/📷️png/🏅️standards/🔖️1.2/🪆️subsets/✳️any/🧬️schema/🔺️diff/🦀️component.rs	1960	`ByteWriter` is not a future | the trait `Future` is not implemented for `ByteWriter` / required by a bound in `semio_framework_plugin::resolve_ready`
E0277	✏️s/🔌️plugins/🗄️stdio/📦️packages/🦀️rust/././././././././../../🗿️artifacts/📷️png/🏅️standards/🔖️1.2/🪆️subsets/✳️any/🧬️schema/🔺️diff/🦀️component.rs	1960	`ByteWriter` is not a future | the trait `Future` is not implemented for `ByteWriter`
E0277	✏️s/🔌️plugins/🗄️stdio/📦️packages/🦀️rust/././././././././../../🗿️artifacts/📷️png/🏅️standards/🔖️1.2/🪆️subsets/✳️any/🧬️schema/🔺️diff/🦀️component.rs	1974	`dsl::ByteReader<'_>` is not a future | the trait `Future` is not implemented for `dsl::ByteReader<'_>` / required by a bound in `semio_framework_plugin::resolve_ready`
E0277	✏️s/🔌️plugins/🗄️stdio/📦️packages/🦀️rust/././././././././../../🗿️artifacts/📷️png/🏅️standards/🔖️1.2/🪆️subsets/✳️any/🧬️schema/🔺️diff/🦀️component.rs	1974	`dsl::ByteReader<'_>` is not a future | the trait `Future` is not implemented for `dsl::ByteReader<'_>`
E0277	✏️s/🔌️plugins/🗄️stdio/📦️packages/🦀️rust/././././././././../../🗿️artifacts/📷️png/🏅️standards/🔖️1.2/🪆️subsets/✳️any/🧬️schema/🔺️diff/🦀️component.rs	1990	`ByteWriter` is not a future | the trait `Future` is not implemented for `ByteWriter` / required by a bound in `semio_framework_plugin::resolve_ready`
E0277	✏️s/🔌️plugins/🗄️stdio/📦️packages/🦀️rust/././././././././../../🗿️artifacts/📷️png/🏅️standards/🔖️1.2/🪆️subsets/✳️any/🧬️schema/🔺️diff/🦀️component.rs	1990	`ByteWriter` is not a future | the trait `Future` is not implemented for `ByteWriter`
E0277	✏️s/🔌️plugins/🗄️stdio/📦️packages/🦀️rust/././././././././../../🗿️artifacts/📷️png/🏅️standards/🔖️1.2/🪆️subsets/✳️any/🧬️schema/🔺️diff/🦀️component.rs	2004	`dsl::ByteReader<'_>` is not a future | the trait `Future` is not implemented for `dsl::ByteReader<'_>` / required by a bound in `semio_framework_plugin::resolve_ready`
E0277	✏️s/🔌️plugins/🗄️stdio/📦️packages/🦀️rust/././././././././../../🗿️artifacts/📷️png/🏅️standards/🔖️1.2/🪆️subsets/✳️any/🧬️schema/🔺️diff/🦀️component.rs	2004	`dsl::ByteReader<'_>` is not a future | the trait `Future` is not implemented for `dsl::ByteReader<'_>`
E0277	✏️s/🔌️plugins/🗄️stdio/📦️packages/🦀️rust/././././././././../../🗿️artifacts/📷️png/🏅️standards/🔖️1.2/🪆️subsets/✳️any/🧬️schema/🔺️diff/🦀️component.rs	2020	`ByteWriter` is not a future | the trait `Future` is not implemented for `ByteWriter` / required by a bound in `semio_framework_plugin::resolve_ready`
E0277	✏️s/🔌️plugins/🗄️stdio/📦️packages/🦀️rust/././././././././../../🗿️artifacts/📷️png/🏅️standards/🔖️1.2/🪆️subsets/✳️any/🧬️schema/🔺️diff/🦀️component.rs	2020	`ByteWriter` is not a future | the trait `Future` is not implemented for `ByteWriter`
E0277	✏️s/🔌️plugins/🗄️stdio/📦️packages/🦀️rust/././././././././../../🗿️artifacts/📷️png/🏅️standards/🔖️1.2/🪆️subsets/✳️any/🧬️schema/🔺️diff/🦀️component.rs	2034	`dsl::ByteReader<'_>` is not a future | the trait `Future` is not implemented for `dsl::ByteReader<'_>` / required by a bound in `semio_framework_plugin::resolve_ready`
E0277	✏️s/🔌️plugins/🗄️stdio/📦️packages/🦀️rust/././././././././../../🗿️artifacts/📷️png/🏅️standards/🔖️1.2/🪆️subsets/✳️any/🧬️schema/🔺️diff/🦀️component.rs	2034	`dsl::ByteReader<'_>` is not a future | the trait `Future` is not implemented for `dsl::ByteReader<'_>`
E0277	✏️s/🔌️plugins/🗄️stdio/📦️packages/🦀️rust/././././././././../../🗿️artifacts/📷️png/🏅️standards/🔖️1.2/🪆️subsets/✳️any/🧬️schema/🔺️diff/🦀️component.rs	2205	`ByteWriter` is not a future | the trait `Future` is not implemented for `ByteWriter` / required by a bound in `semio_framework_plugin::resolve_ready`
E0308	✏️s/🔌️plugins/🗄️stdio/📦️packages/🦀️rust/././././../../🗿️artifacts/📷️jpg/🏅️standards/🔖️jfif-1.01/🪆️subsets/✳️any/📚️examples/🎬️demo/🦀️component.rs	14	mismatched types | 
E0277	✏️s/🔌️plugins/🗄️stdio/📦️packages/🦀️rust/././././././././../../🗿️artifacts/📷️png/🏅️standards/🔖️1.2/🪆️subsets/✳️any/🧬️schema/🔺️diff/🦀️component.rs	2207	`Vec<u8>` is not a future | the trait `Future` is not implemented for `Vec<u8>` / required by a bound in `semio_framework_plugin::resolve_ready`
E0277	✏️s/🔌️plugins/🗄️stdio/📦️packages/🦀️rust/././././././././../../🗿️artifacts/📷️png/🏅️standards/🔖️1.2/🪆️subsets/✳️any/🧬️schema/🔺️diff/🦀️component.rs	2215	`ByteWriter` is not a future | the trait `Future` is not implemented for `ByteWriter` / required by a bound in `semio_framework_plugin::resolve_ready`
E0277	✏️s/🔌️plugins/🗄️stdio/📦️packages/🦀️rust/././././././././../../🗿️artifacts/📷️png/🏅️standards/🔖️1.2/🪆️subsets/✳️any/🧬️schema/🔺️diff/🦀️component.rs	2217	`Vec<u8>` is not a future | the trait `Future` is not implemented for `Vec<u8>` / required by a bound in `semio_framework_plugin::resolve_ready`
E0277	✏️s/🔌️plugins/🗄️stdio/📦️packages/🦀️rust/././././././././../../🗿️artifacts/📷️png/🏅️standards/🔖️1.2/🪆️subsets/✳️any/🧬️schema/🔺️diff/🦀️component.rs	2205	`ByteWriter` is not a future | the trait `Future` is not implemented for `ByteWriter`
E0277	✏️s/🔌️plugins/🗄️stdio/📦️packages/🦀️rust/././././././././../../🗿️artifacts/📷️png/🏅️standards/🔖️1.2/🪆️subsets/✳️any/🧬️schema/🔺️diff/🦀️component.rs	2207	`Vec<u8>` is not a future | the trait `Future` is not implemented for `Vec<u8>`
E0277	✏️s/🔌️plugins/🗄️stdio/📦️packages/🦀️rust/././././././././../../🗿️artifacts/📷️png/🏅️standards/🔖️1.2/🪆️subsets/✳️any/🧬️schema/🔺️diff/🦀️component.rs	2228	`dsl::ByteReader<'_>` is not a future | the trait `Future` is not implemented for `dsl::ByteReader<'_>` / required by a bound in `semio_framework_plugin::resolve_ready`
E0277	✏️s/🔌️plugins/🗄️stdio/📦️packages/🦀️rust/././././././././../../🗿️artifacts/📷️png/🏅️standards/🔖️1.2/🪆️subsets/✳️any/🧬️schema/🔺️diff/🦀️component.rs	2238	`dsl::ByteReader<'_>` is not a future | the trait `Future` is not implemented for `dsl::ByteReader<'_>` / required by a bound in `semio_framework_plugin::resolve_ready`
E0277	✏️s/🔌️plugins/🗄️stdio/📦️packages/🦀️rust/././././././././../../🗿️artifacts/📷️png/🏅️standards/🔖️1.2/🪆️subsets/✳️any/🧬️schema/🔺️diff/🦀️component.rs	2249	`dsl::ByteReader<'_>` is not a future | the trait `Future` is not implemented for `dsl::ByteReader<'_>` / required by a bound in `semio_framework_plugin::resolve_ready`
E0277	✏️s/🔌️plugins/🗄️stdio/📦️packages/🦀️rust/././././././././../../🗿️artifacts/📷️png/🏅️standards/🔖️1.2/🪆️subsets/✳️any/🧬️schema/🔺️diff/🦀️component.rs	2228	`dsl::ByteReader<'_>` is not a future | the trait `Future` is not implemented for `dsl::ByteReader<'_>`
E0277	✏️s/🔌️plugins/🗄️stdio/📦️packages/🦀️rust/././././././././../../🗿️artifacts/📷️png/🏅️standards/🔖️1.2/🪆️subsets/✳️any/🧬️schema/🔺️diff/🦀️component.rs	2238	`dsl::ByteReader<'_>` is not a future | the trait `Future` is not implemented for `dsl::ByteReader<'_>`
E0277	✏️s/🔌️plugins/🗄️stdio/📦️packages/🦀️rust/././././././././../../🗿️artifacts/📷️png/🏅️standards/🔖️1.2/🪆️subsets/✳️any/🧬️schema/🔺️diff/🦀️component.rs	2249	`dsl::ByteReader<'_>` is not a future | the trait `Future` is not implemented for `dsl::ByteReader<'_>`
E0277	✏️s/🔌️plugins/🗄️stdio/📦️packages/🦀️rust/././././././././../../🗿️artifacts/🖊️dxf/🏅️standards/🔖️r12/🪆️subsets/✳️any/🧬️schema/🧬️mutations/🦀️component.rs	502	`usize` is not a future | the trait `Future` is not implemented for `usize` / required by a bound in `semio_framework_plugin::resolve_ready`
E0277	✏️s/🔌️plugins/🗄️stdio/📦️packages/🦀️rust/././././././././../../🗿️artifacts/🖊️dxf/🏅️standards/🔖️r12/🪆️subsets/✳️any/🧬️schema/🧬️mutations/🦀️component.rs	504	`usize` is not a future | the trait `Future` is not implemented for `usize` / required by a bound in `semio_framework_plugin::resolve_ready`
E0277	✏️s/🔌️plugins/🗄️stdio/📦️packages/🦀️rust/././././././././../../🗿️artifacts/🖊️dxf/🏅️standards/🔖️r12/🪆️subsets/✳️any/🧬️schema/🧬️mutations/🦀️component.rs	505	`usize` is not a future | the trait `Future` is not implemented for `usize` / required by a bound in `semio_framework_plugin::resolve_ready`
E0277	✏️s/🔌️plugins/🗄️stdio/📦️packages/🦀️rust/././././././././../../🗿️artifacts/🖊️dxf/🏅️standards/🔖️r12/🪆️subsets/✳️any/🧬️schema/🧬️mutations/🦀️component.rs	508	`usize` is not a future | the trait `Future` is not implemented for `usize` / required by a bound in `semio_framework_plugin::resolve_ready`
E0277	✏️s/🔌️plugins/🗄️stdio/📦️packages/🦀️rust/././././././././../../🗿️artifacts/🖊️dxf/🏅️standards/🔖️r12/🪆️subsets/✳️any/🧬️schema/🧬️mutations/🦀️component.rs	510	`usize` is not a future | the trait `Future` is not implemented for `usize` / required by a bound in `semio_framework_plugin::resolve_ready`
E0277	✏️s/🔌️plugins/🗄️stdio/📦️packages/🦀️rust/././././././././../../🗿️artifacts/🖊️dxf/🏅️standards/🔖️r12/🪆️subsets/✳️any/🧬️schema/🧬️mutations/🦀️component.rs	511	`usize` is not a future | the trait `Future` is not implemented for `usize` / required by a bound in `semio_framework_plugin::resolve_ready`
E0277	✏️s/🔌️plugins/🗄️stdio/📦️packages/🦀️rust/././././././././../../🗿️artifacts/🖊️dxf/🏅️standards/🔖️r12/🪆️subsets/✳️any/🧬️schema/🧬️mutations/🦀️component.rs	514	`usize` is not a future | the trait `Future` is not implemented for `usize` / required by a bound in `semio_framework_plugin::resolve_ready`
E0277	✏️s/🔌️plugins/🗄️stdio/📦️packages/🦀️rust/././././././././../../🗿️artifacts/🖊️dxf/🏅️standards/🔖️r12/🪆️subsets/✳️any/🧬️schema/🧬️mutations/🦀️component.rs	516	`usize` is not a future | the trait `Future` is not implemented for `usize` / required by a bound in `semio_framework_plugin::resolve_ready`
E0277	✏️s/🔌️plugins/🗄️stdio/📦️packages/🦀️rust/././././././././../../🗿️artifacts/🖊️dxf/🏅️standards/🔖️r12/🪆️subsets/✳️any/🧬️schema/🧬️mutations/🦀️component.rs	517	`usize` is not a future | the trait `Future` is not implemented for `usize` / required by a bound in `semio_framework_plugin::resolve_ready`
E0277	✏️s/🔌️plugins/🗄️stdio/📦️packages/🦀️rust/././././././././../../🗿️artifacts/🖊️dxf/🏅️standards/🔖️r12/🪆️subsets/✳️any/🧬️schema/🧬️mutations/🦀️component.rs	521	`usize` is not a future | the trait `Future` is not implemented for `usize` / required by a bound in `semio_framework_plugin::resolve_ready`
E0277	✏️s/🔌️plugins/🗄️stdio/📦️packages/🦀️rust/././././././././../../🗿️artifacts/🖊️dxf/🏅️standards/🔖️r12/🪆️subsets/✳️any/🧬️schema/🧬️mutations/🦀️component.rs	522	`usize` is not a future | the trait `Future` is not implemented for `usize` / required by a bound in `semio_framework_plugin::resolve_ready`
E0277	✏️s/🔌️plugins/🗄️stdio/📦️packages/🦀️rust/././././././././../../🗿️artifacts/🖊️dxf/🏅️standards/🔖️r12/🪆️subsets/✳️any/🧬️schema/🧬️mutations/🦀️component.rs	525	`usize` is not a future | the trait `Future` is not implemented for `usize` / required by a bound in `semio_framework_plugin::resolve_ready`
E0277	✏️s/🔌️plugins/🗄️stdio/📦️packages/🦀️rust/././././././././../../🗿️artifacts/🖊️dxf/🏅️standards/🔖️r12/🪆️subsets/✳️any/🧬️schema/🧬️mutations/🦀️component.rs	527	`usize` is not a future | the trait `Future` is not implemented for `usize` / required by a bound in `semio_framework_plugin::resolve_ready`
E0277	✏️s/🔌️plugins/🗄️stdio/📦️packages/🦀️rust/././././././././../../🗿️artifacts/🖊️dxf/🏅️standards/🔖️r12/🪆️subsets/✳️any/🧬️schema/🧬️mutations/🦀️component.rs	528	`usize` is not a future | the trait `Future` is not implemented for `usize` / required by a bound in `semio_framework_plugin::resolve_ready`
E0277	✏️s/🔌️plugins/🗄️stdio/📦️packages/🦀️rust/././././././././../../🗿️artifacts/🖊️dxf/🏅️standards/🔖️r12/🪆️subsets/✳️any/🧬️schema/🧬️mutations/🦀️component.rs	532	`usize` is not a future | the trait `Future` is not implemented for `usize` / required by a bound in `semio_framework_plugin::resolve_ready`
E0277	✏️s/🔌️plugins/🗄️stdio/📦️packages/🦀️rust/././././././././../../🗿️artifacts/🖊️dxf/🏅️standards/🔖️r12/🪆️subsets/✳️any/🧬️schema/🧬️mutations/🦀️component.rs	533	`usize` is not a future | the trait `Future` is not implemented for `usize` / required by a bound in `semio_framework_plugin::resolve_ready`
E0277	✏️s/🔌️plugins/🗄️stdio/📦️packages/🦀️rust/././././././././../../🗿️artifacts/🖊️dxf/🏅️standards/🔖️r12/🪆️subsets/✳️any/🧬️schema/🧬️mutations/🦀️component.rs	536	`usize` is not a future | the trait `Future` is not implemented for `usize` / required by a bound in `semio_framework_plugin::resolve_ready`
E0277	✏️s/🔌️plugins/🗄️stdio/📦️packages/🦀️rust/././././././././../../🗿️artifacts/🖊️dxf/🏅️standards/🔖️r12/🪆️subsets/✳️any/🧬️schema/🧬️mutations/🦀️component.rs	538	`usize` is not a future | the trait `Future` is not implemented for `usize` / required by a bound in `semio_framework_plugin::resolve_ready`
E0277	✏️s/🔌️plugins/🗄️stdio/📦️packages/🦀️rust/././././././././../../🗿️artifacts/🖊️dxf/🏅️standards/🔖️r12/🪆️subsets/✳️any/🧬️schema/🧬️mutations/🦀️component.rs	539	`usize` is not a future | the trait `Future` is not implemented for `usize` / required by a bound in `semio_framework_plugin::resolve_ready`
E0277	✏️s/🔌️plugins/🗄️stdio/📦️packages/🦀️rust/././././././././../../🗿️artifacts/🖊️dxf/🏅️standards/🔖️r12/🪆️subsets/✳️any/🧬️schema/🧬️mutations/🦀️component.rs	543	`usize` is not a future | the trait `Future` is not implemented for `usize` / required by a bound in `semio_framework_plugin::resolve_ready`
E0277	✏️s/🔌️plugins/🗄️stdio/📦️packages/🦀️rust/././././././././../../🗿️artifacts/🖊️dxf/🏅️standards/🔖️r12/🪆️subsets/✳️any/🧬️schema/🧬️mutations/🦀️component.rs	544	`usize` is not a future | the trait `Future` is not implemented for `usize` / required by a bound in `semio_framework_plugin::resolve_ready`
E0277	✏️s/🔌️plugins/🗄️stdio/📦️packages/🦀️rust/././././././././../../🗿️artifacts/🖊️dxf/🏅️standards/🔖️r12/🪆️subsets/✳️any/🧬️schema/🧬️mutations/🦀️component.rs	547	`usize` is not a future | the trait `Future` is not implemented for `usize` / required by a bound in `semio_framework_plugin::resolve_ready`
E0277	✏️s/🔌️plugins/🗄️stdio/📦️packages/🦀️rust/././././././././../../🗿️artifacts/🖊️dxf/🏅️standards/🔖️r12/🪆️subsets/✳️any/🧬️schema/🧬️mutations/🦀️component.rs	549	`usize` is not a future | the trait `Future` is not implemented for `usize` / required by a bound in `semio_framework_plugin::resolve_ready`
E0277	✏️s/🔌️plugins/🗄️stdio/📦️packages/🦀️rust/././././././././../../🗿️artifacts/🖊️dxf/🏅️standards/🔖️r12/🪆️subsets/✳️any/🧬️schema/🧬️mutations/🦀️component.rs	550	`usize` is not a future | the trait `Future` is not implemented for `usize` / required by a bound in `semio_framework_plugin::resolve_ready`
E0277	✏️s/🔌️plugins/🗄️stdio/📦️packages/🦀️rust/././././././././../../🗿️artifacts/🖊️dxf/🏅️standards/🔖️r12/🪆️subsets/✳️any/🧬️schema/🧬️mutations/🦀️component.rs	554	`usize` is not a future | the trait `Future` is not implemented for `usize` / required by a bound in `semio_framework_plugin::resolve_ready`
E0277	✏️s/🔌️plugins/🗄️stdio/📦️packages/🦀️rust/././././././././../../🗿️artifacts/🖊️dxf/🏅️standards/🔖️r12/🪆️subsets/✳️any/🧬️schema/🧬️mutations/🦀️component.rs	555	`usize` is not a future | the trait `Future` is not implemented for `usize` / required by a bound in `semio_framework_plugin::resolve_ready`
E0277	✏️s/🔌️plugins/🗄️stdio/📦️packages/🦀️rust/././././././././../../🗿️artifacts/🖊️dxf/🏅️standards/🔖️r12/🪆️subsets/✳️any/🧬️schema/🧬️mutations/🦀️component.rs	558	`usize` is not a future | the trait `Future` is not implemented for `usize` / required by a bound in `semio_framework_plugin::resolve_ready`
E0277	✏️s/🔌️plugins/🗄️stdio/📦️packages/🦀️rust/././././././././../../🗿️artifacts/🖊️dxf/🏅️standards/🔖️r12/🪆️subsets/✳️any/🧬️schema/🧬️mutations/🦀️component.rs	560	`usize` is not a future | the trait `Future` is not implemented for `usize` / required by a bound in `semio_framework_plugin::resolve_ready`
E0277	✏️s/🔌️plugins/🗄️stdio/📦️packages/🦀️rust/././././././././../../🗿️artifacts/🖊️dxf/🏅️standards/🔖️r12/🪆️subsets/✳️any/🧬️schema/🧬️mutations/🦀️component.rs	561	`usize` is not a future | the trait `Future` is not implemented for `usize` / required by a bound in `semio_framework_plugin::resolve_ready`
E0277	✏️s/🔌️plugins/🗄️stdio/📦️packages/🦀️rust/././././././././../../🗿️artifacts/🖊️dxf/🏅️standards/🔖️r12/🪆️subsets/✳️any/🧬️schema/🧬️mutations/🦀️component.rs	502	`usize` is not a future | the trait `Future` is not implemented for `usize`
E0308	✏️s/🔌️plugins/🗄️stdio/📦️packages/🦀️rust/././././../../🗿️artifacts/🖊️dxf/🏅️standards/🔖️r12/🪆️subsets/✳️any/📚️examples/🎬️demo/🦀️component.rs	14	mismatched types | 
E0308	✏️s/🔌️plugins/🗄️stdio/📦️packages/🦀️rust/././././../../🗿️artifacts/🖊️dwg/🏅️standards/🔖️ac1018/🪆️subsets/✳️any/📚️examples/🎬️demo/🦀️component.rs	14	mismatched types | 
E0277	✏️s/🔌️plugins/🗄️stdio/📦️packages/🦀️rust/././././././././../../🗿️artifacts/📷️png/🏅️standards/🔖️1.2/🪆️subsets/✳️any/🧬️schema/🧬️mutations/🦀️component.rs	242	`impl Future<Output = std::string::String>` doesn't implement `std::fmt::Display` | the trait `std::fmt::Display` is not implemented for `impl Future<Output = std::string::String>` / in format strings you may be able to use `{:?}` (or {:#?} for pretty-print) instead
E0599	✏️s/🔌️plugins/🗄️stdio/📦️packages/🦀️rust/././../../🗿️artifacts/🟪️stl/🦀️component.rs	40	no method named `schema` found for opaque type `impl Future<Output = ArtifactDeclarationBuilder<NeedsSchema>>` in the current scope | consider `await`ing on the `Future` and calling the method on its `Output`
E0308	✏️s/🔌️plugins/🗄️stdio/📦️packages/🦀️rust/././././../../🗿️artifacts/🖊️dwg/🏅️standards/🔖️ac1018/🪆️subsets/✳️any/📚️examples/🏛️architectural/🦀️component.rs	36	mismatched types | 
E0599	✏️s/🔌️plugins/🗄️stdio/📦️packages/🦀️rust/././../../🗿️artifacts/📷️png/🦀️component.rs	69	no method named `schema` found for opaque type `impl Future<Output = ArtifactDeclarationBuilder<NeedsSchema>>` in the current scope | consider `await`ing on the `Future` and calling the method on its `Output`
E0308	✏️s/🔌️plugins/🗄️stdio/📦️packages/🦀️rust/././../../🗿️artifacts/📷️png/🦀️component.rs	159	mismatched types | function defined here
E0599	✏️s/🔌️plugins/🗄️stdio/📦️packages/🦀️rust/././././././././../../🗿️artifacts/📷️png/🏅️standards/🔖️1.2/🪆️subsets/✳️any/🧬️schema/🧬️mutations/🦀️component.rs	296	no method named `map_err` found for opaque type `impl Future<Output = Result<PngMutation, String>>` in the current scope | the full name for the type has been written to '/Users/ueli/Documents/semio/.🧬semio/🦑️repo/🎫️tickets/🎆️26/🌙️08/☀️20/INTERACTIVE-JOB-RUNTIME-REFACTOR/PHASE-1-5-DE-ASYNC-REPAIR-SWEEP/🧪️target-r19-stdio/debug/deps/semio_s_plugin_stdio-1d1792480c328f6d.long-type-14804528075532977915.txt' / consider using `--verbose` to print the full type name to the console / consider `await`ing on the `Future` and calling the method on its `Output`
E0277	✏️s/🔌️plugins/🗄️stdio/📦️packages/🦀️rust/././././././././../../🗿️artifacts/📷️png/🏅️standards/🔖️1.2/🪆️subsets/✳️any/🧬️schema/🧬️mutations/🦀️component.rs	400	`?` couldn't convert the error to `ProtocolError` | the question mark operation (`?`) implicitly performs a conversion on the error value using the `From` trait / the trait `From<impl Future<Output = ProtocolError>>` is not implemented for `ProtocolError` but trait `From<PackError>` is implemented for it / for that trait implementation, expected `PackError`, found `impl Future<Output = ProtocolError>`
E0277	✏️s/🔌️plugins/🗄️stdio/📦️packages/🦀️rust/././././././././../../🗿️artifacts/📷️png/🏅️standards/🔖️1.2/🪆️subsets/✳️any/🧬️schema/🧬️mutations/🦀️component.rs	403	`?` couldn't convert the error to `ProtocolError` | the question mark operation (`?`) implicitly performs a conversion on the error value using the `From` trait / the trait `From<impl Future<Output = ProtocolError>>` is not implemented for `ProtocolError` but trait `From<PackError>` is implemented for it / for that trait implementation, expected `PackError`, found `impl Future<Output = ProtocolError>`
E0277	✏️s/🔌️plugins/🗄️stdio/📦️packages/🦀️rust/././././././././../../🗿️artifacts/📷️png/🏅️standards/🔖️1.2/🪆️subsets/✳️any/🧬️schema/🧬️mutations/🦀️component.rs	405	`?` couldn't convert the error to `ProtocolError` | the question mark operation (`?`) implicitly performs a conversion on the error value using the `From` trait / the trait `From<impl Future<Output = ProtocolError>>` is not implemented for `ProtocolError` but trait `From<PackError>` is implemented for it / for that trait implementation, expected `PackError`, found `impl Future<Output = ProtocolError>`
E0277	✏️s/🔌️plugins/🗄️stdio/📦️packages/🦀️rust/././././././././../../🗿️artifacts/📷️png/🏅️standards/🔖️1.2/🪆️subsets/✳️any/🧬️schema/🧬️mutations/🦀️component.rs	406	`?` couldn't convert the error to `ProtocolError` | the question mark operation (`?`) implicitly performs a conversion on the error value using the `From` trait / the trait `From<impl Future<Output = ProtocolError>>` is not implemented for `ProtocolError` but trait `From<PackError>` is implemented for it / for that trait implementation, expected `PackError`, found `impl Future<Output = ProtocolError>`
E0277	✏️s/🔌️plugins/🗄️stdio/📦️packages/🦀️rust/././././././././../../🗿️artifacts/📷️png/🏅️standards/🔖️1.2/🪆️subsets/✳️any/🧬️schema/🧬️mutations/🦀️component.rs	407	`?` couldn't convert the error to `ProtocolError` | the question mark operation (`?`) implicitly performs a conversion on the error value using the `From` trait / the trait `From<impl Future<Output = ProtocolError>>` is not implemented for `ProtocolError` but trait `From<PackError>` is implemented for it / for that trait implementation, expected `PackError`, found `impl Future<Output = ProtocolError>`
E0277	✏️s/🔌️plugins/🗄️stdio/📦️packages/🦀️rust/././././././././../../🗿️artifacts/📷️png/🏅️standards/🔖️1.2/🪆️subsets/✳️any/🧬️schema/🧬️mutations/🦀️component.rs	408	`?` couldn't convert the error to `ProtocolError` | the question mark operation (`?`) implicitly performs a conversion on the error value using the `From` trait / the trait `From<impl Future<Output = ProtocolError>>` is not implemented for `ProtocolError` but trait `From<PackError>` is implemented for it / for that trait implementation, expected `PackError`, found `impl Future<Output = ProtocolError>`
E0277	✏️s/🔌️plugins/🗄️stdio/📦️packages/🦀️rust/././././././././../../🗿️artifacts/📷️png/🏅️standards/🔖️1.2/🪆️subsets/✳️any/🧬️schema/🧬️mutations/🦀️component.rs	409	`?` couldn't convert the error to `ProtocolError` | the question mark operation (`?`) implicitly performs a conversion on the error value using the `From` trait / the trait `From<impl Future<Output = ProtocolError>>` is not implemented for `ProtocolError` but trait `From<PackError>` is implemented for it / for that trait implementation, expected `PackError`, found `impl Future<Output = ProtocolError>`
E0277	✏️s/🔌️plugins/🗄️stdio/📦️packages/🦀️rust/././././././././../../🗿️artifacts/📷️png/🏅️standards/🔖️1.2/🪆️subsets/✳️any/🧬️schema/🧬️mutations/🦀️component.rs	411	`?` couldn't convert the error to `ProtocolError` | the question mark operation (`?`) implicitly performs a conversion on the error value using the `From` trait / the trait `From<impl Future<Output = ProtocolError>>` is not implemented for `ProtocolError` but trait `From<PackError>` is implemented for it / for that trait implementation, expected `PackError`, found `impl Future<Output = ProtocolError>`
E0277	✏️s/🔌️plugins/🗄️stdio/📦️packages/🦀️rust/././././././././../../🗿️artifacts/📷️png/🏅️standards/🔖️1.2/🪆️subsets/✳️any/🧬️schema/🧬️mutations/🦀️component.rs	412	`?` couldn't convert the error to `ProtocolError` | the question mark operation (`?`) implicitly performs a conversion on the error value using the `From` trait / the trait `From<impl Future<Output = ProtocolError>>` is not implemented for `ProtocolError` but trait `From<PackError>` is implemented for it / for that trait implementation, expected `PackError`, found `impl Future<Output = ProtocolError>`
E0277	✏️s/🔌️plugins/🗄️stdio/📦️packages/🦀️rust/././././././././../../🗿️artifacts/📷️png/🏅️standards/🔖️1.2/🪆️subsets/✳️any/🧬️schema/🧬️mutations/🦀️component.rs	413	`?` couldn't convert the error to `ProtocolError` | the question mark operation (`?`) implicitly performs a conversion on the error value using the `From` trait / the trait `From<impl Future<Output = ProtocolError>>` is not implemented for `ProtocolError` but trait `From<PackError>` is implemented for it / for that trait implementation, expected `PackError`, found `impl Future<Output = ProtocolError>`
E0277	✏️s/🔌️plugins/🗄️stdio/📦️packages/🦀️rust/././././././././../../🗿️artifacts/📷️png/🏅️standards/🔖️1.2/🪆️subsets/✳️any/🧬️schema/🧬️mutations/🦀️component.rs	414	`?` couldn't convert the error to `ProtocolError` | the question mark operation (`?`) implicitly performs a conversion on the error value using the `From` trait / the trait `From<impl Future<Output = ProtocolError>>` is not implemented for `ProtocolError` but trait `From<PackError>` is implemented for it / for that trait implementation, expected `PackError`, found `impl Future<Output = ProtocolError>`
E0277	✏️s/🔌️plugins/🗄️stdio/📦️packages/🦀️rust/././././././././../../🗿️artifacts/📷️png/🏅️standards/🔖️1.2/🪆️subsets/✳️any/🧬️schema/🧬️mutations/🦀️component.rs	415	`?` couldn't convert the error to `ProtocolError` | the question mark operation (`?`) implicitly performs a conversion on the error value using the `From` trait / the trait `From<impl Future<Output = ProtocolError>>` is not implemented for `ProtocolError` but trait `From<PackError>` is implemented for it / for that trait implementation, expected `PackError`, found `impl Future<Output = ProtocolError>`
E0277	✏️s/🔌️plugins/🗄️stdio/📦️packages/🦀️rust/././././././././../../🗿️artifacts/📷️png/🏅️standards/🔖️1.2/🪆️subsets/✳️any/🧬️schema/🧬️mutations/🦀️component.rs	416	`?` couldn't convert the error to `ProtocolError` | the question mark operation (`?`) implicitly performs a conversion on the error value using the `From` trait / the trait `From<impl Future<Output = ProtocolError>>` is not implemented for `ProtocolError` but trait `From<PackError>` is implemented for it / for that trait implementation, expected `PackError`, found `impl Future<Output = ProtocolError>`
E0277	✏️s/🔌️plugins/🗄️stdio/📦️packages/🦀️rust/././././././././../../🗿️artifacts/📷️png/🏅️standards/🔖️1.2/🪆️subsets/✳️any/🧬️schema/🧬️mutations/🦀️component.rs	417	`?` couldn't convert the error to `ProtocolError` | the question mark operation (`?`) implicitly performs a conversion on the error value using the `From` trait / the trait `From<impl Future<Output = ProtocolError>>` is not implemented for `ProtocolError` but trait `From<PackError>` is implemented for it / for that trait implementation, expected `PackError`, found `impl Future<Output = ProtocolError>`
E0277	✏️s/🔌️plugins/🗄️stdio/📦️packages/🦀️rust/././././././././../../🗿️artifacts/📷️png/🏅️standards/🔖️1.2/🪆️subsets/✳️any/🧬️schema/🧬️mutations/🦀️component.rs	418	`?` couldn't convert the error to `ProtocolError` | the question mark operation (`?`) implicitly performs a conversion on the error value using the `From` trait / the trait `From<impl Future<Output = ProtocolError>>` is not implemented for `ProtocolError` but trait `From<PackError>` is implemented for it / for that trait implementation, expected `PackError`, found `impl Future<Output = ProtocolError>`
E0277	✏️s/🔌️plugins/🗄️stdio/📦️packages/🦀️rust/././././././././../../🗿️artifacts/📷️png/🏅️standards/🔖️1.2/🪆️subsets/✳️any/🧬️schema/🧬️mutations/🦀️component.rs	420	`?` couldn't convert the error to `ProtocolError` | the question mark operation (`?`) implicitly performs a conversion on the error value using the `From` trait / the trait `From<impl Future<Output = ProtocolError>>` is not implemented for `ProtocolError` but trait `From<PackError>` is implemented for it / for that trait implementation, expected `PackError`, found `impl Future<Output = ProtocolError>`
E0277	✏️s/🔌️plugins/🗄️stdio/📦️packages/🦀️rust/././././././././../../🗿️artifacts/📷️png/🏅️standards/🔖️1.2/🪆️subsets/✳️any/🧬️schema/🧬️mutations/🦀️component.rs	421	`?` couldn't convert the error to `ProtocolError` | the question mark operation (`?`) implicitly performs a conversion on the error value using the `From` trait / the trait `From<impl Future<Output = ProtocolError>>` is not implemented for `ProtocolError` but trait `From<PackError>` is implemented for it / for that trait implementation, expected `PackError`, found `impl Future<Output = ProtocolError>`
E0277	✏️s/🔌️plugins/🗄️stdio/📦️packages/🦀️rust/././././././././../../🗿️artifacts/📷️png/🏅️standards/🔖️1.2/🪆️subsets/✳️any/🧬️schema/🧬️mutations/🦀️component.rs	424	`?` couldn't convert the error to `ProtocolError` | the question mark operation (`?`) implicitly performs a conversion on the error value using the `From` trait / the trait `From<impl Future<Output = ProtocolError>>` is not implemented for `ProtocolError` but trait `From<PackError>` is implemented for it / for that trait implementation, expected `PackError`, found `impl Future<Output = ProtocolError>`
E0277	✏️s/🔌️plugins/🗄️stdio/📦️packages/🦀️rust/././././././././../../🗿️artifacts/📷️png/🏅️standards/🔖️1.2/🪆️subsets/✳️any/🧬️schema/🧬️mutations/🦀️component.rs	426	`?` couldn't convert the error to `ProtocolError` | the question mark operation (`?`) implicitly performs a conversion on the error value using the `From` trait / the trait `From<impl Future<Output = ProtocolError>>` is not implemented for `ProtocolError` but trait `From<PackError>` is implemented for it / for that trait implementation, expected `PackError`, found `impl Future<Output = ProtocolError>`
E0277	✏️s/🔌️plugins/🗄️stdio/📦️packages/🦀️rust/././././././././../../🗿️artifacts/📷️png/🏅️standards/🔖️1.2/🪆️subsets/✳️any/🧬️schema/🧬️mutations/🦀️component.rs	427	`?` couldn't convert the error to `ProtocolError` | the question mark operation (`?`) implicitly performs a conversion on the error value using the `From` trait / the trait `From<impl Future<Output = ProtocolError>>` is not implemented for `ProtocolError` but trait `From<PackError>` is implemented for it / for that trait implementation, expected `PackError`, found `impl Future<Output = ProtocolError>`
E0277	✏️s/🔌️plugins/🗄️stdio/📦️packages/🦀️rust/././././././././../../🗿️artifacts/📷️png/🏅️standards/🔖️1.2/🪆️subsets/✳️any/🧬️schema/🧬️mutations/🦀️component.rs	430	`?` couldn't convert the error to `ProtocolError` | the question mark operation (`?`) implicitly performs a conversion on the error value using the `From` trait / the trait `From<impl Future<Output = ProtocolError>>` is not implemented for `ProtocolError` but trait `From<PackError>` is implemented for it / for that trait implementation, expected `PackError`, found `impl Future<Output = ProtocolError>`
E0277	✏️s/🔌️plugins/🗄️stdio/📦️packages/🦀️rust/././././././././../../🗿️artifacts/📷️png/🏅️standards/🔖️1.2/🪆️subsets/✳️any/🧬️schema/🧬️mutations/🦀️component.rs	432	`?` couldn't convert the error to `ProtocolError` | the question mark operation (`?`) implicitly performs a conversion on the error value using the `From` trait / the trait `From<impl Future<Output = ProtocolError>>` is not implemented for `ProtocolError` but trait `From<PackError>` is implemented for it / for that trait implementation, expected `PackError`, found `impl Future<Output = ProtocolError>`
E0277	✏️s/🔌️plugins/🗄️stdio/📦️packages/🦀️rust/././././././././../../🗿️artifacts/📷️png/🏅️standards/🔖️1.2/🪆️subsets/✳️any/🧬️schema/🧬️mutations/🦀️component.rs	433	`?` couldn't convert the error to `ProtocolError` | the question mark operation (`?`) implicitly performs a conversion on the error value using the `From` trait / the trait `From<impl Future<Output = ProtocolError>>` is not implemented for `ProtocolError` but trait `From<PackError>` is implemented for it / for that trait implementation, expected `PackError`, found `impl Future<Output = ProtocolError>`
E0277	✏️s/🔌️plugins/🗄️stdio/📦️packages/🦀️rust/././././././././../../🗿️artifacts/📷️png/🏅️standards/🔖️1.2/🪆️subsets/✳️any/🧬️schema/🧬️mutations/🦀️component.rs	436	`?` couldn't convert the error to `ProtocolError` | the question mark operation (`?`) implicitly performs a conversion on the error value using the `From` trait / the trait `From<impl Future<Output = ProtocolError>>` is not implemented for `ProtocolError` but trait `From<PackError>` is implemented for it / for that trait implementation, expected `PackError`, found `impl Future<Output = ProtocolError>`
E0308	✏️s/🔌️plugins/🗄️stdio/📦️packages/🦀️rust/./././././././../../🗿️artifacts/📷️png/🏅️standards/🔖️1.2/🪆️subsets/✳️any/🚪️io/🦀️component.rs	71	mismatched types | 
E0599	✏️s/🔌️plugins/🗄️stdio/📦️packages/🦀️rust/./././././././../../🗿️artifacts/📷️png/🏅️standards/🔖️1.2/🪆️subsets/✳️any/🚪️io/🦀️component.rs	435	no method named `unwrap_or_default` found for opaque type `impl Future<Output = Result<Vec<u8>, std::string::String>>` in the current scope | consider `await`ing on the `Future` and calling the method on its `Output`
E0599	✏️s/🔌️plugins/🗄️stdio/📦️packages/🦀️rust/./././././././../../🗿️artifacts/📷️png/🏅️standards/🔖️1.2/🪆️subsets/✳️any/🚪️io/🦀️component.rs	450	no method named `unwrap_or_default` found for opaque type `impl Future<Output = Result<Vec<u8>, std::string::String>>` in the current scope | consider `await`ing on the `Future` and calling the method on its `Output`
E0277	✏️s/🔌️plugins/🗄️stdio/📦️packages/🦀️rust/./././././././../../🗿️artifacts/📷️png/🏅️standards/🔖️1.2/🪆️subsets/✳️any/🚪️io/🦀️component.rs	485	the `?` operator can only be applied to values that implement `Try` | the nightly-only, unstable trait `Try` is not implemented for `impl Future<Output = Result<Vec<u8>, std::string::String>>` / this implements `Future` and its output type supports `?`, but the future cannot be awaited in a synchronous function
E0277	✏️s/🔌️plugins/🗄️stdio/📦️packages/🦀️rust/./././././././../../🗿️artifacts/📷️png/🏅️standards/🔖️1.2/🪆️subsets/✳️any/🚪️io/🦀️component.rs	485	the size for values of type `[u8]` cannot be known at compilation time | the trait `Sized` is not implemented for `[u8]` / all local variables must have a statically known size
E0277	✏️s/🔌️plugins/🗄️stdio/📦️packages/🦀️rust/./././././././../../🗿️artifacts/📷️png/🏅️standards/🔖️1.2/🪆️subsets/✳️any/🚪️io/🦀️component.rs	485	the size for values of type `[u8]` cannot be known at compilation time | the trait `Sized` is not implemented for `[u8]` / all local variables must have a statically known size
E0277	✏️s/🔌️plugins/🗄️stdio/📦️packages/🦀️rust/./././././././../../🗿️artifacts/📷️png/🏅️standards/🔖️1.2/🪆️subsets/✳️any/🚪️io/🦀️component.rs	485	the size for values of type `[u8]` cannot be known at compilation time | the trait `Sized` is not implemented for `[u8]` / required by an implicit `Sized` bound in `ControlFlow`
E0277	✏️s/🔌️plugins/🗄️stdio/📦️packages/🦀️rust/./././././././../../🗿️artifacts/📷️png/🏅️standards/🔖️1.2/🪆️subsets/✳️any/🚪️io/🦀️component.rs	485	the size for values of type `[u8]` cannot be known at compilation time | the trait `Sized` is not implemented for `[u8]` / required by an implicit `Sized` bound in `ControlFlow`
E0277	✏️s/🔌️plugins/🗄️stdio/📦️packages/🦀️rust/./././././././../../🗿️artifacts/📷️png/🏅️standards/🔖️1.2/🪆️subsets/✳️any/🚪️io/🦀️component.rs	722	the `?` operator can only be applied to values that implement `Try` | the nightly-only, unstable trait `Try` is not implemented for `impl Future<Output = Result<Vec<u8>, std::string::String>>` / this implements `Future` and its output type supports `?`, but the future cannot be awaited in a synchronous function
E0277	✏️s/🔌️plugins/🗄️stdio/📦️packages/🦀️rust/./././././././../../🗿️artifacts/📷️png/🏅️standards/🔖️1.2/🪆️subsets/✳️any/🚪️io/🦀️component.rs	722	the size for values of type `[u8]` cannot be known at compilation time | the trait `Sized` is not implemented for `[u8]` / all local variables must have a statically known size
E0277	✏️s/🔌️plugins/🗄️stdio/📦️packages/🦀️rust/./././././././../../🗿️artifacts/📷️png/🏅️standards/🔖️1.2/🪆️subsets/✳️any/🚪️io/🦀️component.rs	722	the size for values of type `[u8]` cannot be known at compilation time | the trait `Sized` is not implemented for `[u8]` / all local variables must have a statically known size
E0277	✏️s/🔌️plugins/🗄️stdio/📦️packages/🦀️rust/./././././././../../🗿️artifacts/📷️png/🏅️standards/🔖️1.2/🪆️subsets/✳️any/🚪️io/🦀️component.rs	722	the size for values of type `[u8]` cannot be known at compilation time | the trait `Sized` is not implemented for `[u8]` / required by an implicit `Sized` bound in `ControlFlow`
E0277	✏️s/🔌️plugins/🗄️stdio/📦️packages/🦀️rust/./././././././../../🗿️artifacts/📷️png/🏅️standards/🔖️1.2/🪆️subsets/✳️any/🚪️io/🦀️component.rs	722	the size for values of type `[u8]` cannot be known at compilation time | the trait `Sized` is not implemented for `[u8]` / required by an implicit `Sized` bound in `ControlFlow`
E0277	✏️s/🔌️plugins/🗄️stdio/📦️packages/🦀️rust/./././././././../../🗿️artifacts/📷️png/🏅️standards/🔖️1.2/🪆️subsets/✳️any/🚪️io/🦀️component.rs	745	the `?` operator can only be applied to values that implement `Try` | the nightly-only, unstable trait `Try` is not implemented for `impl Future<Output = Result<Vec<u8>, std::string::String>>` / this implements `Future` and its output type supports `?`, but the future cannot be awaited in a synchronous function
E0277	✏️s/🔌️plugins/🗄️stdio/📦️packages/🦀️rust/./././././././../../🗿️artifacts/📷️png/🏅️standards/🔖️1.2/🪆️subsets/✳️any/🚪️io/🦀️component.rs	745	the size for values of type `[u8]` cannot be known at compilation time | the trait `Sized` is not implemented for `[u8]` / all local variables must have a statically known size
E0277	✏️s/🔌️plugins/🗄️stdio/📦️packages/🦀️rust/./././././././../../🗿️artifacts/📷️png/🏅️standards/🔖️1.2/🪆️subsets/✳️any/🚪️io/🦀️component.rs	745	the size for values of type `[u8]` cannot be known at compilation time | the trait `Sized` is not implemented for `[u8]` / all local variables must have a statically known size
E0277	✏️s/🔌️plugins/🗄️stdio/📦️packages/🦀️rust/./././././././../../🗿️artifacts/📷️png/🏅️standards/🔖️1.2/🪆️subsets/✳️any/🚪️io/🦀️component.rs	745	the size for values of type `[u8]` cannot be known at compilation time | the trait `Sized` is not implemented for `[u8]` / required by an implicit `Sized` bound in `ControlFlow`
E0277	✏️s/🔌️plugins/🗄️stdio/📦️packages/🦀️rust/./././././././../../🗿️artifacts/📷️png/🏅️standards/🔖️1.2/🪆️subsets/✳️any/🚪️io/🦀️component.rs	745	the size for values of type `[u8]` cannot be known at compilation time | the trait `Sized` is not implemented for `[u8]` / required by an implicit `Sized` bound in `ControlFlow`
E0277	✏️s/🔌️plugins/🗄️stdio/📦️packages/🦀️rust/./././././././../../🗿️artifacts/📷️png/🏅️standards/🔖️1.2/🪆️subsets/✳️any/🚪️io/🦀️component.rs	781	the `?` operator can only be applied to values that implement `Try` | the nightly-only, unstable trait `Try` is not implemented for `impl Future<Output = Result<Vec<u8>, std::string::String>>` / this implements `Future` and its output type supports `?`, but the future cannot be awaited in a synchronous function
E0277	✏️s/🔌️plugins/🗄️stdio/📦️packages/🦀️rust/./././././././../../🗿️artifacts/📷️png/🏅️standards/🔖️1.2/🪆️subsets/✳️any/🚪️io/🦀️component.rs	781	the size for values of type `[u8]` cannot be known at compilation time | the trait `Sized` is not implemented for `[u8]` / all local variables must have a statically known size
E0277	✏️s/🔌️plugins/🗄️stdio/📦️packages/🦀️rust/./././././././../../🗿️artifacts/📷️png/🏅️standards/🔖️1.2/🪆️subsets/✳️any/🚪️io/🦀️component.rs	781	the size for values of type `[u8]` cannot be known at compilation time | the trait `Sized` is not implemented for `[u8]` / all local variables must have a statically known size
E0277	✏️s/🔌️plugins/🗄️stdio/📦️packages/🦀️rust/./././././././../../🗿️artifacts/📷️png/🏅️standards/🔖️1.2/🪆️subsets/✳️any/🚪️io/🦀️component.rs	781	the size for values of type `[u8]` cannot be known at compilation time | the trait `Sized` is not implemented for `[u8]` / required by an implicit `Sized` bound in `ControlFlow`
E0277	✏️s/🔌️plugins/🗄️stdio/📦️packages/🦀️rust/././././././././../../🗿️artifacts/🟪️stl/🏅️standards/🔖️ascii/🪆️subsets/✳️any/🧬️schema/🔺️diff/🦀️component.rs	813	`usize` is not a future | the trait `Future` is not implemented for `usize` / required by a bound in `semio_framework_plugin::resolve_ready`
E0277	✏️s/🔌️plugins/🗄️stdio/📦️packages/🦀️rust/./././././././../../🗿️artifacts/📷️png/🏅️standards/🔖️1.2/🪆️subsets/✳️any/🚪️io/🦀️component.rs	781	the size for values of type `[u8]` cannot be known at compilation time | the trait `Sized` is not implemented for `[u8]` / required by an implicit `Sized` bound in `ControlFlow`
E0277	✏️s/🔌️plugins/🗄️stdio/📦️packages/🦀️rust/././././././././../../🗿️artifacts/🟪️stl/🏅️standards/🔖️ascii/🪆️subsets/✳️any/🧬️schema/🔺️diff/🦀️component.rs	814	`usize` is not a future | the trait `Future` is not implemented for `usize` / required by a bound in `semio_framework_plugin::resolve_ready`
E0277	✏️s/🔌️plugins/🗄️stdio/📦️packages/🦀️rust/././././././././../../🗿️artifacts/🟪️stl/🏅️standards/🔖️ascii/🪆️subsets/✳️any/🧬️schema/🔺️diff/🦀️component.rs	813	`usize` is not a future | the trait `Future` is not implemented for `usize`
E0308	✏️s/🔌️plugins/🗄️stdio/📦️packages/🦀️rust/././././../../🗿️artifacts/📷️png/🏅️standards/🔖️1.2/🪆️subsets/✳️any/📚️examples/🎬️demo/🦀️component.rs	14	mismatched types | 
E0277	✏️s/🔌️plugins/🗄️stdio/📦️packages/🦀️rust/././././././././../../🗿️artifacts/🟪️stl/🏅️standards/🔖️ascii/🪆️subsets/✳️any/🧬️schema/🧬️mutations/🦀️component.rs	148	`impl Future<Output = std::string::String>` doesn't implement `std::fmt::Display` | the trait `std::fmt::Display` is not implemented for `impl Future<Output = std::string::String>` / in format strings you may be able to use `{:?}` (or {:#?} for pretty-print) instead
E0599	✏️s/🔌️plugins/🗄️stdio/📦️packages/🦀️rust/././././././././../../🗿️artifacts/🟪️stl/🏅️standards/🔖️ascii/🪆️subsets/✳️any/🧬️schema/🧬️mutations/🦀️component.rs	183	no method named `map_err` found for opaque type `impl Future<Output = Result<StlMutation, String>>` in the current scope | the full name for the type has been written to '/Users/ueli/Documents/semio/.🧬semio/🦑️repo/🎫️tickets/🎆️26/🌙️08/☀️20/INTERACTIVE-JOB-RUNTIME-REFACTOR/PHASE-1-5-DE-ASYNC-REPAIR-SWEEP/🧪️target-r19-stdio/debug/deps/semio_s_plugin_stdio-1d1792480c328f6d.long-type-1648536426093090473.txt' / consider using `--verbose` to print the full type name to the console / consider `await`ing on the `Future` and calling the method on its `Output`
E0277	✏️s/🔌️plugins/🗄️stdio/📦️packages/🦀️rust/././././././././../../🗿️artifacts/🟪️stl/🏅️standards/🔖️ascii/🪆️subsets/✳️any/🧬️schema/🧬️mutations/🦀️component.rs	266	`usize` is not a future | the trait `Future` is not implemented for `usize` / required by a bound in `semio_framework_plugin::resolve_ready`
E0277	✏️s/🔌️plugins/🗄️stdio/📦️packages/🦀️rust/././././././././../../🗿️artifacts/🟪️stl/🏅️standards/🔖️ascii/🪆️subsets/✳️any/🧬️schema/🧬️mutations/🦀️component.rs	270	`usize` is not a future | the trait `Future` is not implemented for `usize` / required by a bound in `semio_framework_plugin::resolve_ready`
E0277	✏️s/🔌️plugins/🗄️stdio/📦️packages/🦀️rust/././././././././../../🗿️artifacts/🟪️stl/🏅️standards/🔖️ascii/🪆️subsets/✳️any/🧬️schema/🧬️mutations/🦀️component.rs	274	`usize` is not a future | the trait `Future` is not implemented for `usize` / required by a bound in `semio_framework_plugin::resolve_ready`
E0277	✏️s/🔌️plugins/🗄️stdio/📦️packages/🦀️rust/././././././././../../🗿️artifacts/🟪️stl/🏅️standards/🔖️ascii/🪆️subsets/✳️any/🧬️schema/🧬️mutations/🦀️component.rs	275	`usize` is not a future | the trait `Future` is not implemented for `usize` / required by a bound in `semio_framework_plugin::resolve_ready`
E0277	✏️s/🔌️plugins/🗄️stdio/📦️packages/🦀️rust/././././././././../../🗿️artifacts/🟪️stl/🏅️standards/🔖️ascii/🪆️subsets/✳️any/🧬️schema/🧬️mutations/🦀️component.rs	279	`usize` is not a future | the trait `Future` is not implemented for `usize` / required by a bound in `semio_framework_plugin::resolve_ready`
E0277	✏️s/🔌️plugins/🗄️stdio/📦️packages/🦀️rust/././././././././../../🗿️artifacts/🟪️stl/🏅️standards/🔖️ascii/🪆️subsets/✳️any/🧬️schema/🧬️mutations/🦀️component.rs	283	`usize` is not a future | the trait `Future` is not implemented for `usize` / required by a bound in `semio_framework_plugin::resolve_ready`
E0277	✏️s/🔌️plugins/🗄️stdio/📦️packages/🦀️rust/././././././././../../🗿️artifacts/🟪️stl/🏅️standards/🔖️ascii/🪆️subsets/✳️any/🧬️schema/🧬️mutations/🦀️component.rs	284	`usize` is not a future | the trait `Future` is not implemented for `usize` / required by a bound in `semio_framework_plugin::resolve_ready`
E0277	✏️s/🔌️plugins/🗄️stdio/📦️packages/🦀️rust/././././././././../../🗿️artifacts/🟪️stl/🏅️standards/🔖️ascii/🪆️subsets/✳️any/🧬️schema/🧬️mutations/🦀️component.rs	288	`usize` is not a future | the trait `Future` is not implemented for `usize` / required by a bound in `semio_framework_plugin::resolve_ready`
E0277	✏️s/🔌️plugins/🗄️stdio/📦️packages/🦀️rust/././././././././../../🗿️artifacts/🟪️stl/🏅️standards/🔖️ascii/🪆️subsets/✳️any/🧬️schema/🧬️mutations/🦀️component.rs	289	`usize` is not a future | the trait `Future` is not implemented for `usize` / required by a bound in `semio_framework_plugin::resolve_ready`
E0277	✏️s/🔌️plugins/🗄️stdio/📦️packages/🦀️rust/././././././././../../🗿️artifacts/🟪️stl/🏅️standards/🔖️ascii/🪆️subsets/✳️any/🧬️schema/🧬️mutations/🦀️component.rs	266	`usize` is not a future | the trait `Future` is not implemented for `usize`
E0308	✏️s/🔌️plugins/🗄️stdio/📦️packages/🦀️rust/././././../../🗿️artifacts/🟪️stl/🏅️standards/🔖️ascii/🪆️subsets/✳️any/📚️examples/🎬️demo/🦀️component.rs	14	mismatched types | 
E0599	✏️s/🔌️plugins/🗄️stdio/📦️packages/🦀️rust/././../../🗿️artifacts/🎨️svg/🦀️component.rs	74	no method named `schema` found for opaque type `impl Future<Output = ArtifactDeclarationBuilder<NeedsSchema>>` in the current scope | consider `await`ing on the `Future` and calling the method on its `Output`
E0308	✏️s/🔌️plugins/🗄️stdio/📦️packages/🦀️rust/././././././././../../🗿️artifacts/🎨️svg/🏅️standards/🔖️1.1/🪆️subsets/✳️any/🧬️schema/📸️snapshot/🦀️component.rs	1337	mismatched types | expected reference `&str` found reference `&impl Future<Output = std::string::String>` / function defined here
E0308	✏️s/🔌️plugins/🗄️stdio/📦️packages/🦀️rust/././././../../🗿️artifacts/🎨️svg/🏅️standards/🔖️1.1/🪆️subsets/✳️any/📚️examples/🎬️demo/🦀️component.rs	14	mismatched types | 
E0308	✏️s/🔌️plugins/🗄️stdio/📦️packages/🦀️rust/./././././././../../🗿️artifacts/🖼️bmp/🏅️standards/🔖️v3/🪆️subsets/✳️any/🚪️io/🦀️component.rs	402	mismatched types | function defined here
E0308	✏️s/🔌️plugins/🗄️stdio/📦️packages/🦀️rust/././././../../🗿️artifacts/🖼️bmp/🏅️standards/🔖️v3/🪆️subsets/✳️any/📚️examples/🎬️demo/🦀️component.rs	14	mismatched types | 
E0308	✏️s/🔌️plugins/🗄️stdio/📦️packages/🦀️rust/././././././././../../🗿️artifacts/🎨️svg/🏅️standards/🔖️1.1/🪆️subsets/✳️any/🧬️schema/🔺️diff/🦀️component.rs	311	mismatched types | expected struct `Vec<artifacts::xml::standards::v1_0::subsets::any::schema::snapshot::component::XmlNode>` found struct `Pin<std::boxed::Box<Vec<artifacts::xml::standards::v1_0::subsets::any::schema::snapshot::component::XmlNode>>>` / try using a conversion method
E0308	✏️s/🔌️plugins/🗄️stdio/📦️packages/🦀️rust/././././././././../../🗿️artifacts/🎨️svg/🏅️standards/🔖️1.1/🪆️subsets/✳️any/🧬️schema/🔺️diff/🦀️component.rs	345	mismatched types | expected enum `artifacts::xml::standards::v1_0::subsets::any::schema::snapshot::component::XmlNode` found struct `Pin<std::boxed::Box<artifacts::xml::standards::v1_0::subsets::any::schema::snapshot::component::XmlNode>>` / the type constructed contains `Pin<std::boxed::Box<artifacts::xml::standards::v1_0::subsets::any::schema::snapshot::component::XmlNode>>` due to the type of the argument passed / tuple variant defined here
E0599	✏️s/🔌️plugins/🗄️stdio/📦️packages/🦀️rust/././../../🗿️artifacts/🖊️dwg/🦀️component.rs	69	no method named `schema` found for opaque type `impl Future<Output = ArtifactDeclarationBuilder<NeedsSchema>>` in the current scope | consider `await`ing on the `Future` and calling the method on its `Output`
E0308	✏️s/🔌️plugins/🗄️stdio/📦️packages/🦀️rust/././././././././../../🗿️artifacts/🎨️svg/🏅️standards/🔖️1.1/🪆️subsets/✳️any/🧬️schema/🔺️diff/🦀️component.rs	477	mismatched types | expected enum `std::option::Option<artifacts::svg::standards::v1_1::subsets::any::schema::diff::component::SvgChildrenDiff>` found struct `Pin<std::boxed::Box<std::option::Option<artifacts::svg::standards::v1_1::subsets::any::schema::diff::component::SvgChildrenDiff>>>`
E0308	✏️s/🔌️plugins/🗄️stdio/📦️packages/🦀️rust/././././././././../../🗿️artifacts/🎨️svg/🏅️standards/🔖️1.1/🪆️subsets/✳️any/🧬️schema/🔺️diff/🦀️component.rs	517	mismatched types | expected struct `Pin<std::boxed::Box<std::option::Option<artifacts::svg::standards::v1_1::subsets::any::schema::diff::component::SvgNodeDiff>>>` found enum `std::option::Option<_>` / the full name for the type has been written to '/Users/ueli/Documents/semio/.🧬semio/🦑️repo/🎫️tickets/🎆️26/🌙️08/☀️20/INTERACTIVE-JOB-RUNTIME-REFACTOR/PHASE-1-5-DE-ASYNC-REPAIR-SWEEP/🧪️target-r19-stdio/debug/deps/semio_s_plugin_stdio-1d1792480c328f6d.long-type-6772498466844221235.txt' / consider using `--verbose` to print the full type name to the console / consider dereferencing to access the inner value using the `Deref` trait
E0308	✏️s/🔌️plugins/🗄️stdio/📦️packages/🦀️rust/././././././././../../🗿️artifacts/🎨️svg/🏅️standards/🔖️1.1/🪆️subsets/✳️any/🧬️schema/🔺️diff/🦀️component.rs	583	mismatched types | expected struct `artifacts::svg::standards::v1_1::subsets::any::schema::diff::component::SvgElementDiff` found struct `Pin<std::boxed::Box<artifacts::svg::standards::v1_1::subsets::any::schema::diff::component::SvgElementDiff>>` / tuple variant defined here
E0308	✏️s/🔌️plugins/🗄️stdio/📦️packages/🦀️rust/././././././././../../🗿️artifacts/🎨️svg/🏅️standards/🔖️1.1/🪆️subsets/✳️any/🧬️schema/🔺️diff/🦀️component.rs	601	mismatched types | expected struct `artifacts::svg::standards::v1_1::subsets::any::schema::diff::component::SvgChildrenDiff` found struct `Pin<std::boxed::Box<artifacts::svg::standards::v1_1::subsets::any::schema::diff::component::SvgChildrenDiff>>` / the type constructed contains `Pin<std::boxed::Box<artifacts::svg::standards::v1_1::subsets::any::schema::diff::component::SvgChildrenDiff>>` due to the type of the argument passed / tuple variant defined here
E0308	✏️s/🔌️plugins/🗄️stdio/📦️packages/🦀️rust/././././././././../../🗿️artifacts/🎨️svg/🏅️standards/🔖️1.1/🪆️subsets/✳️any/🧬️schema/🔺️diff/🦀️component.rs	692	mismatched types | expected enum `artifacts::svg::standards::v1_1::subsets::any::schema::diff::component::SvgNodeDiff` found struct `Pin<std::boxed::Box<artifacts::svg::standards::v1_1::subsets::any::schema::diff::component::SvgNodeDiff>>`
E0277	✏️s/🔌️plugins/🗄️stdio/📦️packages/🦀️rust/././././././././../../🗿️artifacts/🎨️svg/🏅️standards/🔖️1.1/🪆️subsets/✳️any/🧬️schema/🔺️diff/🦀️component.rs	1105	the `?` operator can only be applied to values that implement `Try` | the nightly-only, unstable trait `Try` is not implemented for `Pin<Box<Result<XmlNode, String>>>` / the full name for the type has been written to '/Users/ueli/Documents/semio/.🧬semio/🦑️repo/🎫️tickets/🎆️26/🌙️08/☀️20/INTERACTIVE-JOB-RUNTIME-REFACTOR/PHASE-1-5-DE-ASYNC-REPAIR-SWEEP/🧪️target-r19-stdio/debug/deps/semio_s_plugin_stdio-1d1792480c328f6d.long-type-12378063362634031112.txt' / consider using `--verbose` to print the full type name to the console
E0277	✏️s/🔌️plugins/🗄️stdio/📦️packages/🦀️rust/././././././././../../🗿️artifacts/🎨️svg/🏅️standards/🔖️1.1/🪆️subsets/✳️any/🧬️schema/🔺️diff/🦀️component.rs	1282	the `?` operator can only be applied to values that implement `Try` | the nightly-only, unstable trait `Try` is not implemented for `Pin<Box<Result<SvgChildrenDiff, String>>>` / the full name for the type has been written to '/Users/ueli/Documents/semio/.🧬semio/🦑️repo/🎫️tickets/🎆️26/🌙️08/☀️20/INTERACTIVE-JOB-RUNTIME-REFACTOR/PHASE-1-5-DE-ASYNC-REPAIR-SWEEP/🧪️target-r19-stdio/debug/deps/semio_s_plugin_stdio-1d1792480c328f6d.long-type-10514260041737364302.txt' / consider using `--verbose` to print the full type name to the console
E0277	✏️s/🔌️plugins/🗄️stdio/📦️packages/🦀️rust/././././././././../../🗿️artifacts/🎨️svg/🏅️standards/🔖️1.1/🪆️subsets/✳️any/🧬️schema/🔺️diff/🦀️component.rs	1368	the `?` operator can only be applied to values that implement `Try` | the nightly-only, unstable trait `Try` is not implemented for `Pin<Box<Result<SvgNodeDiff, String>>>` / the full name for the type has been written to '/Users/ueli/Documents/semio/.🧬semio/🦑️repo/🎫️tickets/🎆️26/🌙️08/☀️20/INTERACTIVE-JOB-RUNTIME-REFACTOR/PHASE-1-5-DE-ASYNC-REPAIR-SWEEP/🧪️target-r19-stdio/debug/deps/semio_s_plugin_stdio-1d1792480c328f6d.long-type-3131847109622339900.txt' / consider using `--verbose` to print the full type name to the console
E0277	✏️s/🔌️plugins/🗄️stdio/📦️packages/🦀️rust/././././././././../../🗿️artifacts/🎨️svg/🏅️standards/🔖️1.1/🪆️subsets/✳️any/🧬️schema/🔺️diff/🦀️component.rs	1476	`usize` is not a future | the trait `Future` is not implemented for `usize` / required by a bound in `semio_framework_plugin::resolve_ready`
E0277	✏️s/🔌️plugins/🗄️stdio/📦️packages/🦀️rust/././././././././../../🗿️artifacts/🎨️svg/🏅️standards/🔖️1.1/🪆️subsets/✳️any/🧬️schema/🔺️diff/🦀️component.rs	1478	`usize` is not a future | the trait `Future` is not implemented for `usize` / required by a bound in `semio_framework_plugin::resolve_ready`
E0277	✏️s/🔌️plugins/🗄️stdio/📦️packages/🦀️rust/././././././././../../🗿️artifacts/🎨️svg/🏅️standards/🔖️1.1/🪆️subsets/✳️any/🧬️schema/🔺️diff/🦀️component.rs	1479	`usize` is not a future | the trait `Future` is not implemented for `usize` / required by a bound in `semio_framework_plugin::resolve_ready`
E0277	✏️s/🔌️plugins/🗄️stdio/📦️packages/🦀️rust/././././././././../../🗿️artifacts/🎨️svg/🏅️standards/🔖️1.1/🪆️subsets/✳️any/🧬️schema/🔺️diff/🦀️component.rs	1484	`usize` is not a future | the trait `Future` is not implemented for `usize` / required by a bound in `semio_framework_plugin::resolve_ready`
E0277	✏️s/🔌️plugins/🗄️stdio/📦️packages/🦀️rust/././././././././../../🗿️artifacts/🎨️svg/🏅️standards/🔖️1.1/🪆️subsets/✳️any/🧬️schema/🔺️diff/🦀️component.rs	1485	`usize` is not a future | the trait `Future` is not implemented for `usize` / required by a bound in `semio_framework_plugin::resolve_ready`
E0277	✏️s/🔌️plugins/🗄️stdio/📦️packages/🦀️rust/././././././././../../🗿️artifacts/🎨️svg/🏅️standards/🔖️1.1/🪆️subsets/✳️any/🧬️schema/🔺️diff/🦀️component.rs	1489	`usize` is not a future | the trait `Future` is not implemented for `usize` / required by a bound in `semio_framework_plugin::resolve_ready`
E0277	✏️s/🔌️plugins/🗄️stdio/📦️packages/🦀️rust/././././././././../../🗿️artifacts/🎨️svg/🏅️standards/🔖️1.1/🪆️subsets/✳️any/🧬️schema/🔺️diff/🦀️component.rs	1476	`usize` is not a future | the trait `Future` is not implemented for `usize`
E0308	✏️s/🔌️plugins/🗄️stdio/📦️packages/🦀️rust/././././././././../../🗿️artifacts/🎨️svg/🏅️standards/🔖️1.1/🪆️subsets/✳️any/🧬️schema/🧬️mutations/🦀️component.rs	153	`match` arms have incompatible types | 
E0599	✏️s/🔌️plugins/🗄️stdio/📦️packages/🦀️rust/././././././././../../🗿️artifacts/🎨️svg/🏅️standards/🔖️1.1/🪆️subsets/✳️any/🧬️schema/🧬️mutations/🦀️component.rs	276	the method `join` exists for struct `Vec<impl Future<Output = std::string::String>>`, but its trait bounds were not satisfied | the following trait bounds were not satisfied: `[impl Future<Output = std::string::String>]: Join<_>`
E0277	✏️s/🔌️plugins/🗄️stdio/📦️packages/🦀️rust/././././././././../../🗿️artifacts/🎨️svg/🏅️standards/🔖️1.1/🪆️subsets/✳️any/🧬️schema/🧬️mutations/🦀️component.rs	296	`impl Future<Output = std::string::String>` doesn't implement `std::fmt::Display` | the trait `std::fmt::Display` is not implemented for `impl Future<Output = std::string::String>` / in format strings you may be able to use `{:?}` (or {:#?} for pretty-print) instead
E0277	✏️s/🔌️plugins/🗄️stdio/📦️packages/🦀️rust/././././././././../../🗿️artifacts/🎨️svg/🏅️standards/🔖️1.1/🪆️subsets/✳️any/🧬️schema/🧬️mutations/🦀️component.rs	299	`impl Future<Output = std::string::String>` doesn't implement `std::fmt::Display` | the trait `std::fmt::Display` is not implemented for `impl Future<Output = std::string::String>` / in format strings you may be able to use `{:?}` (or {:#?} for pretty-print) instead
E0277	✏️s/🔌️plugins/🗄️stdio/📦️packages/🦀️rust/././././././././../../🗿️artifacts/🎨️svg/🏅️standards/🔖️1.1/🪆️subsets/✳️any/🧬️schema/🧬️mutations/🦀️component.rs	300	`impl Future<Output = std::string::String>` doesn't implement `std::fmt::Display` | the trait `std::fmt::Display` is not implemented for `impl Future<Output = std::string::String>` / in format strings you may be able to use `{:?}` (or {:#?} for pretty-print) instead
E0277	✏️s/🔌️plugins/🗄️stdio/📦️packages/🦀️rust/././././././././../../🗿️artifacts/🎨️svg/🏅️standards/🔖️1.1/🪆️subsets/✳️any/🧬️schema/🧬️mutations/🦀️component.rs	301	`impl Future<Output = std::string::String>` doesn't implement `std::fmt::Display` | the trait `std::fmt::Display` is not implemented for `impl Future<Output = std::string::String>` / in format strings you may be able to use `{:?}` (or {:#?} for pretty-print) instead
E0277	✏️s/🔌️plugins/🗄️stdio/📦️packages/🦀️rust/././././././././../../🗿️artifacts/🎨️svg/🏅️standards/🔖️1.1/🪆️subsets/✳️any/🧬️schema/🧬️mutations/🦀️component.rs	302	`impl Future<Output = std::string::String>` doesn't implement `std::fmt::Display` | the trait `std::fmt::Display` is not implemented for `impl Future<Output = std::string::String>` / in format strings you may be able to use `{:?}` (or {:#?} for pretty-print) instead
E0277	✏️s/🔌️plugins/🗄️stdio/📦️packages/🦀️rust/././././././././../../🗿️artifacts/🎨️svg/🏅️standards/🔖️1.1/🪆️subsets/✳️any/🧬️schema/🧬️mutations/🦀️component.rs	303	`impl Future<Output = std::string::String>` doesn't implement `std::fmt::Display` | the trait `std::fmt::Display` is not implemented for `impl Future<Output = std::string::String>` / in format strings you may be able to use `{:?}` (or {:#?} for pretty-print) instead
E0271	✏️s/🔌️plugins/🗄️stdio/📦️packages/🦀️rust/././././././././../../🗿️artifacts/🎨️svg/🏅️standards/🔖️1.1/🪆️subsets/✳️any/🧬️schema/🧬️mutations/🦀️component.rs	304	expected `enc_view_box` to return `String`, but it returns `impl Future<Output = String>` | required by a bound in `artifacts::svg::standards::v1_1::subsets::any::schema::diff::component::encode_option`
E0277	✏️s/🔌️plugins/🗄️stdio/📦️packages/🦀️rust/././././././././../../🗿️artifacts/🎨️svg/🏅️standards/🔖️1.1/🪆️subsets/✳️any/🧬️schema/🧬️mutations/🦀️component.rs	304	`impl Future<Output = std::string::String>` doesn't implement `std::fmt::Display` | the trait `std::fmt::Display` is not implemented for `impl Future<Output = std::string::String>` / in format strings you may be able to use `{:?}` (or {:#?} for pretty-print) instead
E0277	✏️s/🔌️plugins/🗄️stdio/📦️packages/🦀️rust/././././././././../../🗿️artifacts/🎨️svg/🏅️standards/🔖️1.1/🪆️subsets/✳️any/🧬️schema/🧬️mutations/🦀️component.rs	305	`impl Future<Output = std::string::String>` doesn't implement `std::fmt::Display` | the trait `std::fmt::Display` is not implemented for `impl Future<Output = std::string::String>` / in format strings you may be able to use `{:?}` (or {:#?} for pretty-print) instead
E0599	✏️s/🔌️plugins/🗄️stdio/📦️packages/🦀️rust/././././././././../../🗿️artifacts/🎨️svg/🏅️standards/🔖️1.1/🪆️subsets/✳️any/🧬️schema/🧬️mutations/🦀️component.rs	336	no method named `map_err` found for opaque type `impl Future<Output = Result<SvgMutation, String>>` in the current scope | the full name for the type has been written to '/Users/ueli/Documents/semio/.🧬semio/🦑️repo/🎫️tickets/🎆️26/🌙️08/☀️20/INTERACTIVE-JOB-RUNTIME-REFACTOR/PHASE-1-5-DE-ASYNC-REPAIR-SWEEP/🧪️target-r19-stdio/debug/deps/semio_s_plugin_stdio-1d1792480c328f6d.long-type-16622143594693482155.txt' / consider using `--verbose` to print the full type name to the console / consider `await`ing on the `Future` and calling the method on its `Output`
E0308	✏️s/🔌️plugins/🗄️stdio/📦️packages/🦀️rust/././././././././../../🗿️artifacts/🎨️svg/🏅️standards/🔖️1.1/🪆️subsets/✳️any/🧬️schema/🧬️mutations/🦀️component.rs	517	`match` arms have incompatible types | 
E0277	✏️s/🔌️plugins/🗄️stdio/📦️packages/🦀️rust/././././././././../../🗿️artifacts/🎨️svg/🏅️standards/🔖️1.1/🪆️subsets/✳️any/🧬️schema/🧬️mutations/🦀️component.rs	581	`usize` is not a future | the trait `Future` is not implemented for `usize` / required by a bound in `semio_framework_plugin::resolve_ready`
E0277	✏️s/🔌️plugins/🗄️stdio/📦️packages/🦀️rust/././././././././../../🗿️artifacts/🎨️svg/🏅️standards/🔖️1.1/🪆️subsets/✳️any/🧬️schema/🧬️mutations/🦀️component.rs	585	`usize` is not a future | the trait `Future` is not implemented for `usize` / required by a bound in `semio_framework_plugin::resolve_ready`
E0277	✏️s/🔌️plugins/🗄️stdio/📦️packages/🦀️rust/././././././././../../🗿️artifacts/🎨️svg/🏅️standards/🔖️1.1/🪆️subsets/✳️any/🧬️schema/🧬️mutations/🦀️component.rs	586	`usize` is not a future | the trait `Future` is not implemented for `usize` / required by a bound in `semio_framework_plugin::resolve_ready`
E0277	✏️s/🔌️plugins/🗄️stdio/📦️packages/🦀️rust/././././././././../../🗿️artifacts/🎨️svg/🏅️standards/🔖️1.1/🪆️subsets/✳️any/🧬️schema/🧬️mutations/🦀️component.rs	590	`usize` is not a future | the trait `Future` is not implemented for `usize` / required by a bound in `semio_framework_plugin::resolve_ready`
E0277	✏️s/🔌️plugins/🗄️stdio/📦️packages/🦀️rust/././././././././../../🗿️artifacts/🎨️svg/🏅️standards/🔖️1.1/🪆️subsets/✳️any/🧬️schema/🧬️mutations/🦀️component.rs	591	`usize` is not a future | the trait `Future` is not implemented for `usize` / required by a bound in `semio_framework_plugin::resolve_ready`
E0277	✏️s/🔌️plugins/🗄️stdio/📦️packages/🦀️rust/././././././././../../🗿️artifacts/🎨️svg/🏅️standards/🔖️1.1/🪆️subsets/✳️any/🧬️schema/🧬️mutations/🦀️component.rs	595	`usize` is not a future | the trait `Future` is not implemented for `usize` / required by a bound in `semio_framework_plugin::resolve_ready`
E0277	✏️s/🔌️plugins/🗄️stdio/📦️packages/🦀️rust/././././././././../../🗿️artifacts/🎨️svg/🏅️standards/🔖️1.1/🪆️subsets/✳️any/🧬️schema/🧬️mutations/🦀️component.rs	596	`usize` is not a future | the trait `Future` is not implemented for `usize` / required by a bound in `semio_framework_plugin::resolve_ready`
E0277	✏️s/🔌️plugins/🗄️stdio/📦️packages/🦀️rust/././././././././../../🗿️artifacts/🎨️svg/🏅️standards/🔖️1.1/🪆️subsets/✳️any/🧬️schema/🧬️mutations/🦀️component.rs	597	`usize` is not a future | the trait `Future` is not implemented for `usize` / required by a bound in `semio_framework_plugin::resolve_ready`
E0277	✏️s/🔌️plugins/🗄️stdio/📦️packages/🦀️rust/././././././././../../🗿️artifacts/🎨️svg/🏅️standards/🔖️1.1/🪆️subsets/✳️any/🧬️schema/🧬️mutations/🦀️component.rs	601	`usize` is not a future | the trait `Future` is not implemented for `usize` / required by a bound in `semio_framework_plugin::resolve_ready`
E0277	✏️s/🔌️plugins/🗄️stdio/📦️packages/🦀️rust/././././././././../../🗿️artifacts/🎨️svg/🏅️standards/🔖️1.1/🪆️subsets/✳️any/🧬️schema/🧬️mutations/🦀️component.rs	602	`usize` is not a future | the trait `Future` is not implemented for `usize` / required by a bound in `semio_framework_plugin::resolve_ready`
E0277	✏️s/🔌️plugins/🗄️stdio/📦️packages/🦀️rust/././././././././../../🗿️artifacts/🎨️svg/🏅️standards/🔖️1.1/🪆️subsets/✳️any/🧬️schema/🧬️mutations/🦀️component.rs	606	`usize` is not a future | the trait `Future` is not implemented for `usize` / required by a bound in `semio_framework_plugin::resolve_ready`
E0277	✏️s/🔌️plugins/🗄️stdio/📦️packages/🦀️rust/././././././././../../🗿️artifacts/🎨️svg/🏅️standards/🔖️1.1/🪆️subsets/✳️any/🧬️schema/🧬️mutations/🦀️component.rs	607	`usize` is not a future | the trait `Future` is not implemented for `usize` / required by a bound in `semio_framework_plugin::resolve_ready`
E0277	✏️s/🔌️plugins/🗄️stdio/📦️packages/🦀️rust/././././././././../../🗿️artifacts/🎨️svg/🏅️standards/🔖️1.1/🪆️subsets/✳️any/🧬️schema/🧬️mutations/🦀️component.rs	611	`usize` is not a future | the trait `Future` is not implemented for `usize` / required by a bound in `semio_framework_plugin::resolve_ready`
E0277	✏️s/🔌️plugins/🗄️stdio/📦️packages/🦀️rust/././././././././../../🗿️artifacts/🎨️svg/🏅️standards/🔖️1.1/🪆️subsets/✳️any/🧬️schema/🧬️mutations/🦀️component.rs	612	`usize` is not a future | the trait `Future` is not implemented for `usize` / required by a bound in `semio_framework_plugin::resolve_ready`
E0277	✏️s/🔌️plugins/🗄️stdio/📦️packages/🦀️rust/././././././././../../🗿️artifacts/🎨️svg/🏅️standards/🔖️1.1/🪆️subsets/✳️any/🧬️schema/🧬️mutations/🦀️component.rs	613	`usize` is not a future | the trait `Future` is not implemented for `usize` / required by a bound in `semio_framework_plugin::resolve_ready`
E0277	✏️s/🔌️plugins/🗄️stdio/📦️packages/🦀️rust/././././././././../../🗿️artifacts/🎨️svg/🏅️standards/🔖️1.1/🪆️subsets/✳️any/🧬️schema/🧬️mutations/🦀️component.rs	614	`usize` is not a future | the trait `Future` is not implemented for `usize` / required by a bound in `semio_framework_plugin::resolve_ready`
E0277	✏️s/🔌️plugins/🗄️stdio/📦️packages/🦀️rust/././././././././../../🗿️artifacts/🎨️svg/🏅️standards/🔖️1.1/🪆️subsets/✳️any/🧬️schema/🧬️mutations/🦀️component.rs	618	`usize` is not a future | the trait `Future` is not implemented for `usize` / required by a bound in `semio_framework_plugin::resolve_ready`
E0277	✏️s/🔌️plugins/🗄️stdio/📦️packages/🦀️rust/././././././././../../🗿️artifacts/🎨️svg/🏅️standards/🔖️1.1/🪆️subsets/✳️any/🧬️schema/🧬️mutations/🦀️component.rs	619	`usize` is not a future | the trait `Future` is not implemented for `usize` / required by a bound in `semio_framework_plugin::resolve_ready`
E0277	✏️s/🔌️plugins/🗄️stdio/📦️packages/🦀️rust/././././././././../../🗿️artifacts/🎨️svg/🏅️standards/🔖️1.1/🪆️subsets/✳️any/🧬️schema/🧬️mutations/🦀️component.rs	623	`usize` is not a future | the trait `Future` is not implemented for `usize` / required by a bound in `semio_framework_plugin::resolve_ready`
E0277	✏️s/🔌️plugins/🗄️stdio/📦️packages/🦀️rust/././././././././../../🗿️artifacts/🎨️svg/🏅️standards/🔖️1.1/🪆️subsets/✳️any/🧬️schema/🧬️mutations/🦀️component.rs	624	`usize` is not a future | the trait `Future` is not implemented for `usize` / required by a bound in `semio_framework_plugin::resolve_ready`
E0277	✏️s/🔌️plugins/🗄️stdio/📦️packages/🦀️rust/././././././././../../🗿️artifacts/🎨️svg/🏅️standards/🔖️1.1/🪆️subsets/✳️any/🧬️schema/🧬️mutations/🦀️component.rs	625	`usize` is not a future | the trait `Future` is not implemented for `usize` / required by a bound in `semio_framework_plugin::resolve_ready`
E0277	✏️s/🔌️plugins/🗄️stdio/📦️packages/🦀️rust/././././././././../../🗿️artifacts/🎨️svg/🏅️standards/🔖️1.1/🪆️subsets/✳️any/🧬️schema/🧬️mutations/🦀️component.rs	629	`usize` is not a future | the trait `Future` is not implemented for `usize` / required by a bound in `semio_framework_plugin::resolve_ready`
E0277	✏️s/🔌️plugins/🗄️stdio/📦️packages/🦀️rust/././././././././../../🗿️artifacts/🎨️svg/🏅️standards/🔖️1.1/🪆️subsets/✳️any/🧬️schema/🧬️mutations/🦀️component.rs	630	`usize` is not a future | the trait `Future` is not implemented for `usize` / required by a bound in `semio_framework_plugin::resolve_ready`
E0599	✏️s/🔌️plugins/🗄️stdio/📦️packages/🦀️rust/././././././././../../🗿️artifacts/🎨️svg/🏅️standards/🔖️1.1/🪆️subsets/✳️any/🧬️schema/🧬️mutations/🦀️component.rs	631	no method named `map_err` found for opaque type `impl Future<Output = Result<Vec<TransformOp>, String>>` in the current scope | the full name for the type has been written to '/Users/ueli/Documents/semio/.🧬semio/🦑️repo/🎫️tickets/🎆️26/🌙️08/☀️20/INTERACTIVE-JOB-RUNTIME-REFACTOR/PHASE-1-5-DE-ASYNC-REPAIR-SWEEP/🧪️target-r19-stdio/debug/deps/semio_s_plugin_stdio-1d1792480c328f6d.long-type-9322063626911093781.txt' / consider using `--verbose` to print the full type name to the console / consider `await`ing on the `Future` and calling the method on its `Output`
E0277	✏️s/🔌️plugins/🗄️stdio/📦️packages/🦀️rust/././././././././../../🗿️artifacts/🎨️svg/🏅️standards/🔖️1.1/🪆️subsets/✳️any/🧬️schema/🧬️mutations/🦀️component.rs	631	`usize` is not a future | the trait `Future` is not implemented for `usize` / required by a bound in `semio_framework_plugin::resolve_ready`
E0277	✏️s/🔌️plugins/🗄️stdio/📦️packages/🦀️rust/././././././././../../🗿️artifacts/🎨️svg/🏅️standards/🔖️1.1/🪆️subsets/✳️any/🧬️schema/🧬️mutations/🦀️component.rs	581	`usize` is not a future | the trait `Future` is not implemented for `usize`
E0507	✏️s/🔌️plugins/🗄️stdio/📦️packages/🦀️rust/././././././././../../🗿️artifacts/📝️md/🏅️standards/🔖️commonmark/🪆️subsets/✳️any/🧬️schema/🔺️diff/🦀️component.rs	567	cannot move out of dereference of `Pin<std::boxed::Box<std::option::Option<MdBlocksDiff>>>` | `std::option::Option::<T>::map` takes ownership of the receiver `self`, which moves value / consider calling `.as_ref()` to borrow the value's contents / consider calling `.as_mut()` to mutably borrow the value's contents / you can `clone` the value and consume it, but this might not be your desired behavior
