E0433	cannot find module or crate `semio_framework_async_macros` in this scope	✏️s/🔌️plugins/🗄️stdio/📦️packages/🦀️rust/./././././././../../🗿️artifacts/🖊️dwg/🏅️standards/🔖️ac1024/🪆️subsets/✳️any/🚪️io/🦀️component.rs	12095
E0433	cannot find module or crate `semio_framework_async_macros` in this scope	✏️s/🔌️plugins/🗄️stdio/📦️packages/🦀️rust/././././././././../../🗿️artifacts/🧿️semio/🏅️standards/🔖️v1/🪆️subsets/✳️brep/🧬️schema/💡️inferences/📏mass-properties/🦀️component.rs	1341
E0425	cannot find type `HybridLogicalTimestamp` in module `$crate::os_store`	🧰️framework/🛍️products/💻️os/📦️packages/🦀️rust/./../../🔨️modules/🏪️store/🦀️component.rs	7394
E0425	cannot find type `HybridLogicalTimestamp` in module `$crate::os_store`	🧰️framework/🛍️products/💻️os/📦️packages/🦀️rust/./../../🔨️modules/🏪️store/🦀️component.rs	7397
E0277	`impl Future<Output = impl Iterator<Item = u64>>` is not an iterator	✏️s/🔌️plugins/🗄️stdio/📦️packages/🦀️rust/././././././././../../🗿️artifacts/🧿️semio/🏅️standards/🔖️v1/🪆️subsets/✳️graph/🧬️schema/➕️normal-internals/➡️directed/🦀️component.rs	492
E0277	`impl Future<Output = impl Iterator<Item = EdgeRef>>` is not an iterator	✏️s/🔌️plugins/🗄️stdio/📦️packages/🦀️rust/././././././././../../🗿️artifacts/🧿️semio/🏅️standards/🔖️v1/🪆️subsets/✳️graph/🧬️schema/➕️normal-internals/➡️directed/🦀️component.rs	501
E0277	`impl Future<Output = impl Iterator<Item = u64>>` is not an iterator	✏️s/🔌️plugins/🗄️stdio/📦️packages/🦀️rust/././././././././../../🗿️artifacts/🧿️semio/🏅️standards/🔖️v1/🪆️subsets/✳️graph/🧬️schema/➕️normal-internals/➡️directed/🦀️component.rs	504
E0277	`impl Future<Output = impl Iterator<Item = u64>>` is not an iterator	✏️s/🔌️plugins/🗄️stdio/📦️packages/🦀️rust/././././././././../../🗿️artifacts/🧿️semio/🏅️standards/🔖️v1/🪆️subsets/✳️graph/🧬️schema/➕️normal-internals/➡️directed/🦀️component.rs	507
E0277	`impl Future<Output = impl Iterator<Item = u64>>` is not an iterator	✏️s/🔌️plugins/🗄️stdio/📦️packages/🦀️rust/././././././././../../🗿️artifacts/🧿️semio/🏅️standards/🔖️v1/🪆️subsets/✳️graph/🧬️schema/➕️normal-internals/➡️directed/🦀️component.rs	510
E0277	`impl Future<Output = impl Iterator<Item = EdgeRef>>` is not an iterator	✏️s/🔌️plugins/🗄️stdio/📦️packages/🦀️rust/././././././././../../🗿️artifacts/🧿️semio/🏅️standards/🔖️v1/🪆️subsets/✳️graph/🧬️schema/➕️normal-internals/➡️directed/🦀️component.rs	528
E0277	`impl Future<Output = impl Iterator<Item = u64>>` is not an iterator	✏️s/🔌️plugins/🗄️stdio/📦️packages/🦀️rust/././././././././../../🗿️artifacts/🧿️semio/🏅️standards/🔖️v1/🪆️subsets/✳️graph/🧬️schema/➕️normal-internals/↔️undirected/🦀️component.rs	446
E0277	`impl Future<Output = impl Iterator<Item = EdgeRef>>` is not an iterator	✏️s/🔌️plugins/🗄️stdio/📦️packages/🦀️rust/././././././././../../🗿️artifacts/🧿️semio/🏅️standards/🔖️v1/🪆️subsets/✳️graph/🧬️schema/➕️normal-internals/↔️undirected/🦀️component.rs	455
E0277	`impl Future<Output = impl Iterator<Item = u64>>` is not an iterator	✏️s/🔌️plugins/🗄️stdio/📦️packages/🦀️rust/././././././././../../🗿️artifacts/🧿️semio/🏅️standards/🔖️v1/🪆️subsets/✳️graph/🧬️schema/➕️normal-internals/↔️undirected/🦀️component.rs	458
E0277	`impl Future<Output = impl Iterator<Item = u64>>` is not an iterator	✏️s/🔌️plugins/🗄️stdio/📦️packages/🦀️rust/././././././././../../🗿️artifacts/🧿️semio/🏅️standards/🔖️v1/🪆️subsets/✳️graph/🧬️schema/➕️normal-internals/↔️undirected/🦀️component.rs	461
E0277	`impl Future<Output = impl Iterator<Item = u64>>` is not an iterator	✏️s/🔌️plugins/🗄️stdio/📦️packages/🦀️rust/././././././././../../🗿️artifacts/🧿️semio/🏅️standards/🔖️v1/🪆️subsets/✳️graph/🧬️schema/➕️normal-internals/↔️undirected/🦀️component.rs	464
E0277	`impl Future<Output = impl Iterator<Item = EdgeRef>>` is not an iterator	✏️s/🔌️plugins/🗄️stdio/📦️packages/🦀️rust/././././././././../../🗿️artifacts/🧿️semio/🏅️standards/🔖️v1/🪆️subsets/✳️graph/🧬️schema/➕️normal-internals/↔️undirected/🦀️component.rs	482
E0277	`impl Future<Output = impl Iterator<Item = u64>>` is not an iterator	✏️s/🔌️plugins/🗄️stdio/📦️packages/🦀️rust/././././././././../../🗿️artifacts/🧿️semio/🏅️standards/🔖️v1/🪆️subsets/✳️graph/🧬️schema/🔌️ports-internals/↔️undirected/🦀️component.rs	432
E0277	`impl Future<Output = impl Iterator<Item = EdgeRef>>` is not an iterator	✏️s/🔌️plugins/🗄️stdio/📦️packages/🦀️rust/././././././././../../🗿️artifacts/🧿️semio/🏅️standards/🔖️v1/🪆️subsets/✳️graph/🧬️schema/🔌️ports-internals/↔️undirected/🦀️component.rs	441
E0277	`impl Future<Output = impl Iterator<Item = u64>>` is not an iterator	✏️s/🔌️plugins/🗄️stdio/📦️packages/🦀️rust/././././././././../../🗿️artifacts/🧿️semio/🏅️standards/🔖️v1/🪆️subsets/✳️graph/🧬️schema/🔌️ports-internals/↔️undirected/🦀️component.rs	444
E0277	`impl Future<Output = impl Iterator<Item = u64>>` is not an iterator	✏️s/🔌️plugins/🗄️stdio/📦️packages/🦀️rust/././././././././../../🗿️artifacts/🧿️semio/🏅️standards/🔖️v1/🪆️subsets/✳️graph/🧬️schema/🔌️ports-internals/↔️undirected/🦀️component.rs	447
E0277	`impl Future<Output = impl Iterator<Item = u64>>` is not an iterator	✏️s/🔌️plugins/🗄️stdio/📦️packages/🦀️rust/././././././././../../🗿️artifacts/🧿️semio/🏅️standards/🔖️v1/🪆️subsets/✳️graph/🧬️schema/🔌️ports-internals/↔️undirected/🦀️component.rs	450
E0277	`impl Future<Output = impl Iterator<Item = EdgeRef>>` is not an iterator	✏️s/🔌️plugins/🗄️stdio/📦️packages/🦀️rust/././././././././../../🗿️artifacts/🧿️semio/🏅️standards/🔖️v1/🪆️subsets/✳️graph/🧬️schema/🔌️ports-internals/↔️undirected/🦀️component.rs	468
E0277	`impl Future<Output = impl Iterator<Item = u64>>` is not an iterator	✏️s/🔌️plugins/🗄️stdio/📦️packages/🦀️rust/./././././././././../../🗿️artifacts/🧿️semio/🏅️standards/🔖️v1/🪆️subsets/✳️graph/🧬️schema/🔌️ports-internals/➡️directed/➕️normal/🦀️component.rs	489
E0277	`impl Future<Output = impl Iterator<Item = EdgeRef>>` is not an iterator	✏️s/🔌️plugins/🗄️stdio/📦️packages/🦀️rust/./././././././././../../🗿️artifacts/🧿️semio/🏅️standards/🔖️v1/🪆️subsets/✳️graph/🧬️schema/🔌️ports-internals/➡️directed/➕️normal/🦀️component.rs	498
E0277	`impl Future<Output = impl Iterator<Item = u64>>` is not an iterator	✏️s/🔌️plugins/🗄️stdio/📦️packages/🦀️rust/./././././././././../../🗿️artifacts/🧿️semio/🏅️standards/🔖️v1/🪆️subsets/✳️graph/🧬️schema/🔌️ports-internals/➡️directed/➕️normal/🦀️component.rs	501
E0277	`impl Future<Output = impl Iterator<Item = u64>>` is not an iterator	✏️s/🔌️plugins/🗄️stdio/📦️packages/🦀️rust/./././././././././../../🗿️artifacts/🧿️semio/🏅️standards/🔖️v1/🪆️subsets/✳️graph/🧬️schema/🔌️ports-internals/➡️directed/➕️normal/🦀️component.rs	504
E0277	`impl Future<Output = impl Iterator<Item = u64>>` is not an iterator	✏️s/🔌️plugins/🗄️stdio/📦️packages/🦀️rust/./././././././././../../🗿️artifacts/🧿️semio/🏅️standards/🔖️v1/🪆️subsets/✳️graph/🧬️schema/🔌️ports-internals/➡️directed/➕️normal/🦀️component.rs	507
E0277	`impl Future<Output = impl Iterator<Item = EdgeRef>>` is not an iterator	✏️s/🔌️plugins/🗄️stdio/📦️packages/🦀️rust/./././././././././../../🗿️artifacts/🧿️semio/🏅️standards/🔖️v1/🪆️subsets/✳️graph/🧬️schema/🔌️ports-internals/➡️directed/➕️normal/🦀️component.rs	525
E0277	the type `[i32]` cannot be indexed by `impl Future<Output = usize>`	✏️s/🔌️plugins/🗄️stdio/📦️packages/🦀️rust/./././././././../../🗿️artifacts/🗜️deflate/🏅️standards/🔖️rfc1950/🪆️subsets/✳️any/🚪️io/🦀️component.rs	288
E0608	cannot index into a value of type `impl Future<Output = Vec<(u32, u8)>>`	✏️s/🔌️plugins/🗄️stdio/📦️packages/🦀️rust/./././././././../../🗿️artifacts/🗜️deflate/🏅️standards/🔖️rfc1950/🪆️subsets/✳️any/🚪️io/🦀️component.rs	350
E0608	cannot index into a value of type `impl Future<Output = Vec<(u32, u8)>>`	✏️s/🔌️plugins/🗄️stdio/📦️packages/🦀️rust/./././././././../../🗿️artifacts/🗜️deflate/🏅️standards/🔖️rfc1950/🪆️subsets/✳️any/🚪️io/🦀️component.rs	353
E0277	the type `[i32]` cannot be indexed by `impl Future<Output = usize>`	✏️s/🔌️plugins/🗄️stdio/📦️packages/🦀️rust/./././././././../../🗿️artifacts/🗜️deflate/🏅️standards/🔖️rfc1950/🪆️subsets/✳️any/🚪️io/🦀️component.rs	364
E0277	the type `[i32]` cannot be indexed by `impl Future<Output = usize>`	✏️s/🔌️plugins/🗄️stdio/📦️packages/🦀️rust/./././././././../../🗿️artifacts/🗜️deflate/🏅️standards/🔖️rfc1950/🪆️subsets/✳️any/🚪️io/🦀️component.rs	365
E0308	mismatched types	✏️s/🔌️plugins/🗄️stdio/📦️packages/🦀️rust/./././././././../../🗿️artifacts/🗜️deflate/🏅️standards/🔖️rfc1950/🪆️subsets/✳️any/🚪️io/🦀️component.rs	376
E0308	mismatched types	✏️s/🔌️plugins/🗄️stdio/📦️packages/🦀️rust/./././././././../../🗿️artifacts/🗜️deflate/🏅️standards/🔖️rfc1950/🪆️subsets/✳️any/🚪️io/🦀️component.rs	✏️s/🔌️plugins/🗄️stdio/📦️packages/🦀️rust/./././././././../../🗿️artifacts/🗜️deflate/🏅️standards/🔖️rfc1950/🪆️subsets/✳️any/🚪️io/🦀️component.rs	416	416
E0608	cannot index into a value of type `impl Future<Output = Vec<(u32, u8)>>`	✏️s/🔌️plugins/🗄️stdio/📦️packages/🦀️rust/./././././././../../🗿️artifacts/🗜️deflate/🏅️standards/🔖️rfc1950/🪆️subsets/✳️any/🚪️io/🦀️component.rs	387
E0608	cannot index into a value of type `impl Future<Output = Vec<(u32, u8)>>`	✏️s/🔌️plugins/🗄️stdio/📦️packages/🦀️rust/./././././././../../🗿️artifacts/🗜️deflate/🏅️standards/🔖️rfc1950/🪆️subsets/✳️any/🚪️io/🦀️component.rs	396
E0608	cannot index into a value of type `impl Future<Output = Vec<(u32, u8)>>`	✏️s/🔌️plugins/🗄️stdio/📦️packages/🦀️rust/./././././././../../🗿️artifacts/🗜️deflate/🏅️standards/🔖️rfc1950/🪆️subsets/✳️any/🚪️io/🦀️component.rs	402
E0608	cannot index into a value of type `impl Future<Output = Vec<(u32, u8)>>`	✏️s/🔌️plugins/🗄️stdio/📦️packages/🦀️rust/./././././././../../🗿️artifacts/🗜️deflate/🏅️standards/🔖️rfc1950/🪆️subsets/✳️any/🚪️io/🦀️component.rs	417
E0608	cannot index into a value of type `impl Future<Output = Vec<(u32, u8)>>`	✏️s/🔌️plugins/🗄️stdio/📦️packages/🦀️rust/./././././././../../🗿️artifacts/🗜️deflate/🏅️standards/🔖️rfc1950/🪆️subsets/✳️any/🚪️io/🦀️component.rs	425
E0608	cannot index into a value of type `impl Future<Output = Vec<(u32, u8)>>`	✏️s/🔌️plugins/🗄️stdio/📦️packages/🦀️rust/./././././././../../🗿️artifacts/🗜️deflate/🏅️standards/🔖️rfc1950/🪆️subsets/✳️any/🚪️io/🦀️component.rs	431
E0608	cannot index into a value of type `impl Future<Output = Vec<(u32, u8)>>`	✏️s/🔌️plugins/🗄️stdio/📦️packages/🦀️rust/./././././././../../🗿️artifacts/🗜️deflate/🏅️standards/🔖️rfc1950/🪆️subsets/✳️any/🚪️io/🦀️component.rs	439
E0308	mismatched types	✏️s/🔌️plugins/🗄️stdio/📦️packages/🦀️rust/./././././././../../🗿️artifacts/🗜️deflate/🏅️standards/🔖️rfc1950/🪆️subsets/✳️any/🚪️io/🦀️component.rs	456
E0308	mismatched types	✏️s/🔌️plugins/🗄️stdio/📦️packages/🦀️rust/./././././././../../🗿️artifacts/🗜️deflate/🏅️standards/🔖️rfc1950/🪆️subsets/✳️any/🚪️io/🦀️component.rs	457
E0308	mismatched types	✏️s/🔌️plugins/🗄️stdio/📦️packages/🦀️rust/./././././././../../🗿️artifacts/🗜️deflate/🏅️standards/🔖️rfc1950/🪆️subsets/✳️any/🚪️io/🦀️component.rs	715
E0308	mismatched types	✏️s/🔌️plugins/🗄️stdio/📦️packages/🦀️rust/./././././././../../🗿️artifacts/🗜️deflate/🏅️standards/🔖️rfc1950/🪆️subsets/✳️any/🚪️io/🦀️component.rs	716
E0369	binary operation `!=` cannot be applied to type `impl Future<Output = u32>`	✏️s/🔌️plugins/🗄️stdio/📦️packages/🦀️rust/./././././././../../🗿️artifacts/🗜️deflate/🏅️standards/🔖️rfc1950/🪆️subsets/✳️any/🚪️io/🦀️component.rs	778
E0277	the trait bound `impl Future<Output = u32>: LowerHex` is not satisfied	✏️s/🔌️plugins/🗄️stdio/📦️packages/🦀️rust/./././././././../../🗿️artifacts/🗜️deflate/🏅️standards/🔖️rfc1950/🪆️subsets/✳️any/🚪️io/🦀️component.rs	779
E0369	binary operation `!=` cannot be applied to type `impl Future<Output = u32>`	✏️s/🔌️plugins/🗄️stdio/📦️packages/🦀️rust/./././././././../../🗿️artifacts/🗜️deflate/🏅️standards/🔖️rfc1950/🪆️subsets/✳️any/🚪️io/🦀️component.rs	864
E0277	the trait bound `impl Future<Output = u32>: LowerHex` is not satisfied	✏️s/🔌️plugins/🗄️stdio/📦️packages/🦀️rust/./././././././../../🗿️artifacts/🗜️deflate/🏅️standards/🔖️rfc1950/🪆️subsets/✳️any/🚪️io/🦀️component.rs	865
E0608	cannot index into a value of type `impl Future<Output = [u32; 256]>`	✏️s/🔌️plugins/🗄️stdio/📦️packages/🦀️rust/./././././././../../🗿️artifacts/🎒️zip/🏅️standards/🔖️2.0/🪆️subsets/✳️any/🚪️io/🦀️component.rs	98
E0369	binary operation `!=` cannot be applied to type `impl Future<Output = u32>`	✏️s/🔌️plugins/🗄️stdio/📦️packages/🦀️rust/./././././././../../🗿️artifacts/🎒️zip/🏅️standards/🔖️2.0/🪆️subsets/✳️any/🚪️io/🦀️component.rs	533
E0382	use of moved value: `crc`	✏️s/🔌️plugins/🗄️stdio/📦️packages/🦀️rust/./././././././../../🗿️artifacts/🎒️zip/🏅️standards/🔖️2.0/🪆️subsets/✳️any/🚪️io/🦀️component.rs	644
E0277	`impl Future<Output = std::string::String>` doesn't implement `std::fmt::Display`	✏️s/🔌️plugins/🗄️stdio/📦️packages/🦀️rust/././././././././../../🗿️artifacts/🏗️ifc/🏅️standards/🔖️4/🪆️subsets/✳️any/🧬️schema/🧬️mutations/🦀️component.rs	176
E0277	`impl Future<Output = std::string::String>` doesn't implement `std::fmt::Display`	✏️s/🔌️plugins/🗄️stdio/📦️packages/🦀️rust/././././././././../../🗿️artifacts/☁️las/🏅️standards/🔖️1.0/🪆️subsets/✳️any/🧬️schema/🧬️mutations/🦀️component.rs	261
E0505	cannot move out of `self` because it is borrowed	✏️s/🔌️plugins/🗄️stdio/📦️packages/🦀️rust/./././././././../../🗿️artifacts/📷️jpg/🏅️standards/🔖️jfif-1.01/🪆️subsets/✳️any/🧬️schema/🦀️component.rs	120
E0277	`impl Future<Output = std::string::String>` doesn't implement `std::fmt::Display`	✏️s/🔌️plugins/🗄️stdio/📦️packages/🦀️rust/././././././././../../🗿️artifacts/📷️jpg/🏅️standards/🔖️jfif-1.01/🪆️subsets/✳️any/🧬️schema/🧬️mutations/🦀️component.rs	203
E0308	mismatched types	✏️s/🔌️plugins/🗄️stdio/📦️packages/🦀️rust/./././././././../../🗿️artifacts/🖼️tiff/🏅️standards/🔖️6.0/🪆️subsets/✳️any/🚪️io/🦀️component.rs	213
E0277	cannot add `impl Future<Output = usize>` to `usize`	✏️s/🔌️plugins/🗄️stdio/📦️packages/🦀️rust/./././././././../../🗿️artifacts/🖼️tiff/🏅️standards/🔖️6.0/🪆️subsets/✳️any/🚪️io/🦀️component.rs	515
E0599	`impl Future<Output = BTreeMap<..., ...>>` is not an iterator	✏️s/🔌️plugins/🗄️stdio/📦️packages/🦀️rust/././././././././../../🗿️artifacts/🧿️semio/🏅️standards/🔖️v1/🪆️subsets/✳️drawing/🧬️schema/💡️inferences/🦀️component.rs	61
E0308	mismatched types	✏️s/🔌️plugins/🗄️stdio/📦️packages/🦀️rust/././././././././../../🗿️artifacts/🧿️semio/🏅️standards/🔖️v1/🪆️subsets/✳️mesh/🧬️schema/💡️inferences/🦀️component.rs	64
E0369	cannot multiply `impl Future<Output = f64>` by `f64`	✏️s/🔌️plugins/🗄️stdio/📦️packages/🦀️rust/./././././././../../🗿️artifacts/🧿️semio/🏅️standards/🔖️v1/🪆️subsets/✳️value/🧬️schema/🌫️fuzzy-internals/🦀️component.rs	1391
E0605	non-primitive cast: `impl Future<Output = u64>` as `usize`	✏️s/🔌️plugins/🗄️stdio/📦️packages/🦀️rust/./././././././../../🗿️artifacts/🧿️semio/🏅️standards/🔖️v1/🪆️subsets/✳️value/🧬️schema/🌫️fuzzy-internals/🦀️component.rs	1386
E0605	non-primitive cast: `impl Future<Output = u64>` as `usize`	✏️s/🔌️plugins/🗄️stdio/📦️packages/🦀️rust/./././././././../../🗿️artifacts/🧿️semio/🏅️standards/🔖️v1/🪆️subsets/✳️value/🧬️schema/🌫️fuzzy-internals/🦀️component.rs	1387
E0277	can't compare `usize` with `impl Future<Output = usize>`	✏️s/🔌️plugins/🗄️stdio/📦️packages/🦀️rust/././././././../../🗿️artifacts/🎥️mp4/🏅️standards/🔖️isobmff/🪆️subsets/✳️any/🚪️io/🦀️component.rs	557
E0277	can't compare `usize` with `impl Future<Output = usize>`	✏️s/🔌️plugins/🗄️stdio/📦️packages/🦀️rust/././././././../../🗿️artifacts/🎥️mp4/🏅️standards/🔖️isobmff/🪆️subsets/✳️any/🚪️io/🦀️component.rs	563
E0277	can't compare `usize` with `impl Future<Output = usize>`	✏️s/🔌️plugins/🗄️stdio/📦️packages/🦀️rust/././././././../../🗿️artifacts/🎥️mp4/🏅️standards/🔖️isobmff/🪆️subsets/✳️any/🚪️io/🦀️component.rs	571
E0308	mismatched types	✏️s/🔌️plugins/🗄️stdio/📦️packages/🦀️rust/././././././../../🗿️artifacts/🎥️mp4/🏅️standards/🔖️isobmff/🪆️subsets/✳️any/🚪️io/🦀️component.rs	890
E0505	cannot move out of `self` because it is borrowed	✏️s/🔌️plugins/🗄️stdio/📦️packages/🦀️rust/./././././././../../🗿️artifacts/🎥️mp4/🏅️standards/🔖️isobmff/🪆️subsets/✳️any/🧬️schema/🦀️component.rs	105
E0277	`EditorBuilder` is not a future	✏️s/🔌️plugins/🗄️stdio/📦️packages/🦀️rust/././../../🗿️artifacts/📄️pdf/🏅️standards/🔖️1.4/🪆️subsets/✳️a/✏️editor/🦀️component.rs	157
E0277	`ViewerBuilder` is not a future	✏️s/🔌️plugins/🗄️stdio/📦️packages/🦀️rust/././../../🗿️artifacts/📄️pdf/🏅️standards/🔖️1.7/🪆️subsets/✳️a/👁️viewer/🦀️component.rs	87
E0277	`ViewerBuilder` is not a future	✏️s/🔌️plugins/🗄️stdio/📦️packages/🦀️rust/././../../🗿️artifacts/📄️pdf/🏅️standards/🔖️1.7/🪆️subsets/✳️a/👁️viewer/🦀️component.rs	87
E0277	`EditorBuilder` is not a future	✏️s/🔌️plugins/🗄️stdio/📦️packages/🦀️rust/././../../🗿️artifacts/📄️pdf/🏅️standards/🔖️1.4/🪆️subsets/✳️a/✏️editor/🦀️component.rs	157
E0277	`WindowKindDefinition` is not a future	✏️s/🔌️plugins/🗄️stdio/📦️packages/🦀️rust/././././././../../🗿️artifacts/📄️pdf/🏅️standards/🔖️1.4/🪆️subsets/✳️a/✏️editor/🎭️modes/✏️edit/🪟️windows/🪟️main/🦀️component.rs	28
E0277	`WindowKindDefinition` is not a future	✏️s/🔌️plugins/🗄️stdio/📦️packages/🦀️rust/././././././../../🗿️artifacts/📄️pdf/🏅️standards/🔖️1.7/🪆️subsets/✳️a/👁️viewer/🎭️modes/👁️view/🪟️windows/🪟️main/🦀️component.rs	23
E0277	`WindowKindDefinition` is not a future	✏️s/🔌️plugins/🗄️stdio/📦️packages/🦀️rust/././././././../../🗿️artifacts/📄️pdf/🏅️standards/🔖️1.4/🪆️subsets/✳️a/✏️editor/🎭️modes/✏️edit/🪟️windows/🪟️main/🦀️component.rs	28
E0277	`WindowKindDefinition` is not a future	✏️s/🔌️plugins/🗄️stdio/📦️packages/🦀️rust/././././././../../🗿️artifacts/📄️pdf/🏅️standards/🔖️1.7/🪆️subsets/✳️a/👁️viewer/🎭️modes/👁️view/🪟️windows/🪟️main/🦀️component.rs	23
E0277	`ViewerBuilder` is not a future	✏️s/🔌️plugins/🗄️stdio/📦️packages/🦀️rust/././../../🗿️artifacts/📄️pdf/🏅️standards/🔖️1.7/🪆️subsets/✳️any/👁️viewer/🦀️component.rs	87
E0277	`ViewerBuilder` is not a future	✏️s/🔌️plugins/🗄️stdio/📦️packages/🦀️rust/././../../🗿️artifacts/📄️pdf/🏅️standards/🔖️1.7/🪆️subsets/✳️any/👁️viewer/🦀️component.rs	87
E0277	`WindowKindDefinition` is not a future	✏️s/🔌️plugins/🗄️stdio/📦️packages/🦀️rust/././././././../../🗿️artifacts/📄️pdf/🏅️standards/🔖️1.7/🪆️subsets/✳️any/👁️viewer/🎭️modes/👁️view/🪟️windows/🪟️main/🦀️component.rs	23
E0277	`WindowKindDefinition` is not a future	✏️s/🔌️plugins/🗄️stdio/📦️packages/🦀️rust/././././././../../🗿️artifacts/📄️pdf/🏅️standards/🔖️1.7/🪆️subsets/✳️any/👁️viewer/🎭️modes/👁️view/🪟️windows/🪟️main/🦀️component.rs	23
E0277	`ViewerBuilder` is not a future	✏️s/🔌️plugins/🗄️stdio/📦️packages/🦀️rust/././../../🗿️artifacts/📄️pdf/🏅️standards/🔖️1.7/🪆️subsets/✳️e/👁️viewer/🦀️component.rs	87
E0277	`ViewerBuilder` is not a future	✏️s/🔌️plugins/🗄️stdio/📦️packages/🦀️rust/././../../🗿️artifacts/📄️pdf/🏅️standards/🔖️1.7/🪆️subsets/✳️e/👁️viewer/🦀️component.rs	87
E0277	`WindowKindDefinition` is not a future	✏️s/🔌️plugins/🗄️stdio/📦️packages/🦀️rust/././././././../../🗿️artifacts/📄️pdf/🏅️standards/🔖️1.7/🪆️subsets/✳️e/👁️viewer/🎭️modes/👁️view/🪟️windows/🪟️main/🦀️component.rs	23
E0277	`WindowKindDefinition` is not a future	✏️s/🔌️plugins/🗄️stdio/📦️packages/🦀️rust/././././././../../🗿️artifacts/📄️pdf/🏅️standards/🔖️1.7/🪆️subsets/✳️e/👁️viewer/🎭️modes/👁️view/🪟️windows/🪟️main/🦀️component.rs	23
E0599	no method named `label` found for opaque type `impl Future<Output = PluginBuilder<NeedsLabel, _>>` in the current scope	✏️s/🔌️plugins/🗄️stdio/📦️packages/🦀️rust/../../🦀️component.rs	16
E0277	`EditorBuilder` is not a future	✏️s/🔌️plugins/🗄️stdio/📦️packages/🦀️rust/././../../🗿️artifacts/📄️pdf/🏅️standards/🔖️1.4/🪆️subsets/✳️any/✏️editor/🦀️component.rs	157
E0277	`EditorBuilder` is not a future	✏️s/🔌️plugins/🗄️stdio/📦️packages/🦀️rust/././../../🗿️artifacts/📄️pdf/🏅️standards/🔖️1.4/🪆️subsets/✳️any/✏️editor/🦀️component.rs	157
E0277	`WindowKindDefinition` is not a future	✏️s/🔌️plugins/🗄️stdio/📦️packages/🦀️rust/././././././../../🗿️artifacts/📄️pdf/🏅️standards/🔖️1.4/🪆️subsets/✳️any/✏️editor/🎭️modes/✏️edit/🪟️windows/🪟️main/🦀️component.rs	28
E0277	`WindowKindDefinition` is not a future	✏️s/🔌️plugins/🗄️stdio/📦️packages/🦀️rust/././././././../../🗿️artifacts/📄️pdf/🏅️standards/🔖️1.4/🪆️subsets/✳️any/✏️editor/🎭️modes/✏️edit/🪟️windows/🪟️main/🦀️component.rs	28
E0277	`ViewerBuilder` is not a future	✏️s/🔌️plugins/🗄️stdio/📦️packages/🦀️rust/././../../🗿️artifacts/📄️pdf/🏅️standards/🔖️1.7/🪆️subsets/✳️h/👁️viewer/🦀️component.rs	87
E0277	`ViewerBuilder` is not a future	✏️s/🔌️plugins/🗄️stdio/📦️packages/🦀️rust/././../../🗿️artifacts/📄️pdf/🏅️standards/🔖️1.7/🪆️subsets/✳️h/👁️viewer/🦀️component.rs	87
E0277	`WindowKindDefinition` is not a future	✏️s/🔌️plugins/🗄️stdio/📦️packages/🦀️rust/././././././../../🗿️artifacts/📄️pdf/🏅️standards/🔖️1.7/🪆️subsets/✳️h/👁️viewer/🎭️modes/👁️view/🪟️windows/🪟️main/🦀️component.rs	23
E0277	`WindowKindDefinition` is not a future	✏️s/🔌️plugins/🗄️stdio/📦️packages/🦀️rust/././././././../../🗿️artifacts/📄️pdf/🏅️standards/🔖️1.7/🪆️subsets/✳️h/👁️viewer/🎭️modes/👁️view/🪟️windows/🪟️main/🦀️component.rs	23
E0277	`ViewerBuilder` is not a future	✏️s/🔌️plugins/🗄️stdio/📦️packages/🦀️rust/././../../🗿️artifacts/📄️pdf/🏅️standards/🔖️1.7/🪆️subsets/✳️ua/👁️viewer/🦀️component.rs	87
E0277	`ViewerBuilder` is not a future	✏️s/🔌️plugins/🗄️stdio/📦️packages/🦀️rust/././../../🗿️artifacts/📄️pdf/🏅️standards/🔖️1.7/🪆️subsets/✳️ua/👁️viewer/🦀️component.rs	87
E0277	`WindowKindDefinition` is not a future	✏️s/🔌️plugins/🗄️stdio/📦️packages/🦀️rust/././././././../../🗿️artifacts/📄️pdf/🏅️standards/🔖️1.7/🪆️subsets/✳️ua/👁️viewer/🎭️modes/👁️view/🪟️windows/🪟️main/🦀️component.rs	23
E0277	`WindowKindDefinition` is not a future	✏️s/🔌️plugins/🗄️stdio/📦️packages/🦀️rust/././././././../../🗿️artifacts/📄️pdf/🏅️standards/🔖️1.7/🪆️subsets/✳️ua/👁️viewer/🎭️modes/👁️view/🪟️windows/🪟️main/🦀️component.rs	23
E0277	`ViewerBuilder` is not a future	✏️s/🔌️plugins/🗄️stdio/📦️packages/🦀️rust/././../../🗿️artifacts/📄️pdf/🏅️standards/🔖️1.7/🪆️subsets/✳️vt/👁️viewer/🦀️component.rs	87
E0277	`ViewerBuilder` is not a future	✏️s/🔌️plugins/🗄️stdio/📦️packages/🦀️rust/././../../🗿️artifacts/📄️pdf/🏅️standards/🔖️1.7/🪆️subsets/✳️vt/👁️viewer/🦀️component.rs	87
E0277	`EditorBuilder` is not a future	✏️s/🔌️plugins/🗄️stdio/📦️packages/🦀️rust/././../../🗿️artifacts/📄️pdf/🏅️standards/🔖️1.4/🪆️subsets/✳️x/✏️editor/🦀️component.rs	157
E0277	`WindowKindDefinition` is not a future	✏️s/🔌️plugins/🗄️stdio/📦️packages/🦀️rust/././././././../../🗿️artifacts/📄️pdf/🏅️standards/🔖️1.7/🪆️subsets/✳️vt/👁️viewer/🎭️modes/👁️view/🪟️windows/🪟️main/🦀️component.rs	23
E0277	`WindowKindDefinition` is not a future	✏️s/🔌️plugins/🗄️stdio/📦️packages/🦀️rust/././././././../../🗿️artifacts/📄️pdf/🏅️standards/🔖️1.7/🪆️subsets/✳️vt/👁️viewer/🎭️modes/👁️view/🪟️windows/🪟️main/🦀️component.rs	23
E0277	`EditorBuilder` is not a future	✏️s/🔌️plugins/🗄️stdio/📦️packages/🦀️rust/././../../🗿️artifacts/📄️pdf/🏅️standards/🔖️1.4/🪆️subsets/✳️x/✏️editor/🦀️component.rs	157
E0277	`WindowKindDefinition` is not a future	✏️s/🔌️plugins/🗄️stdio/📦️packages/🦀️rust/././././././../../🗿️artifacts/📄️pdf/🏅️standards/🔖️1.4/🪆️subsets/✳️x/✏️editor/🎭️modes/✏️edit/🪟️windows/🪟️main/🦀️component.rs	28
E0277	`WindowKindDefinition` is not a future	✏️s/🔌️plugins/🗄️stdio/📦️packages/🦀️rust/././././././../../🗿️artifacts/📄️pdf/🏅️standards/🔖️1.4/🪆️subsets/✳️x/✏️editor/🎭️modes/✏️edit/🪟️windows/🪟️main/🦀️component.rs	28
E0277	`ViewerBuilder` is not a future	✏️s/🔌️plugins/🗄️stdio/📦️packages/🦀️rust/././../../🗿️artifacts/📄️pdf/🏅️standards/🔖️1.7/🪆️subsets/✳️x/👁️viewer/🦀️component.rs	87
E0277	`ViewerBuilder` is not a future	✏️s/🔌️plugins/🗄️stdio/📦️packages/🦀️rust/././../../🗿️artifacts/📄️pdf/🏅️standards/🔖️1.7/🪆️subsets/✳️x/👁️viewer/🦀️component.rs	87
E0277	`WindowKindDefinition` is not a future	✏️s/🔌️plugins/🗄️stdio/📦️packages/🦀️rust/././././././../../🗿️artifacts/📄️pdf/🏅️standards/🔖️1.7/🪆️subsets/✳️x/👁️viewer/🎭️modes/👁️view/🪟️windows/🪟️main/🦀️component.rs	23
E0277	`WindowKindDefinition` is not a future	✏️s/🔌️plugins/🗄️stdio/📦️packages/🦀️rust/././././././../../🗿️artifacts/📄️pdf/🏅️standards/🔖️1.7/🪆️subsets/✳️x/👁️viewer/🎭️modes/👁️view/🪟️windows/🪟️main/🦀️component.rs	23
E0277	`EditorBuilder` is not a future	✏️s/🔌️plugins/🗄️stdio/📦️packages/🦀️rust/././../../🗿️artifacts/📄️pdf/🏅️standards/🔖️1.7/🪆️subsets/✳️a/✏️editor/🦀️component.rs	157
E0599	no method named `ok` found for opaque type `impl Future<Output = Result<..., ...>>` in the current scope	✏️s/🔌️plugins/🗄️stdio/📦️packages/🦀️rust/././././././../../🗿️artifacts/🖼️tiff/🏅️standards/🔖️6.0/🪆️subsets/✳️any/👁️viewer/🎭️modes/👁️view/🪟️windows/🪟️main/🦀️component.rs	25
E0277	`EditorBuilder` is not a future	✏️s/🔌️plugins/🗄️stdio/📦️packages/🦀️rust/././../../🗿️artifacts/📄️pdf/🏅️standards/🔖️1.7/🪆️subsets/✳️a/✏️editor/🦀️component.rs	157
E0277	`WindowKindDefinition` is not a future	✏️s/🔌️plugins/🗄️stdio/📦️packages/🦀️rust/././././././../../🗿️artifacts/📄️pdf/🏅️standards/🔖️1.7/🪆️subsets/✳️a/✏️editor/🎭️modes/✏️edit/🪟️windows/🪟️main/🦀️component.rs	28
E0277	`WindowKindDefinition` is not a future	✏️s/🔌️plugins/🗄️stdio/📦️packages/🦀️rust/././././././../../🗿️artifacts/📄️pdf/🏅️standards/🔖️1.7/🪆️subsets/✳️a/✏️editor/🎭️modes/✏️edit/🪟️windows/🪟️main/🦀️component.rs	28
E0277	`EditorBuilder` is not a future	✏️s/🔌️plugins/🗄️stdio/📦️packages/🦀️rust/././../../🗿️artifacts/📄️pdf/🏅️standards/🔖️1.7/🪆️subsets/✳️any/✏️editor/🦀️component.rs	157
E0599	no method named `ok` found for opaque type `impl Future<Output = Result<..., ...>>` in the current scope	✏️s/🔌️plugins/🗄️stdio/📦️packages/🦀️rust/././././././../../🗿️artifacts/🖼️tiff/🏅️standards/🔖️6.0/🪆️subsets/✳️baseline/👁️viewer/🎭️modes/👁️view/🪟️windows/🪟️main/🦀️component.rs	25
E0277	`EditorBuilder` is not a future	✏️s/🔌️plugins/🗄️stdio/📦️packages/🦀️rust/././../../🗿️artifacts/📄️pdf/🏅️standards/🔖️1.7/🪆️subsets/✳️any/✏️editor/🦀️component.rs	157
E0277	`WindowKindDefinition` is not a future	✏️s/🔌️plugins/🗄️stdio/📦️packages/🦀️rust/././././././../../🗿️artifacts/📄️pdf/🏅️standards/🔖️1.7/🪆️subsets/✳️any/✏️editor/🎭️modes/✏️edit/🪟️windows/🪟️main/🦀️component.rs	28
E0277	`WindowKindDefinition` is not a future	✏️s/🔌️plugins/🗄️stdio/📦️packages/🦀️rust/././././././../../🗿️artifacts/📄️pdf/🏅️standards/🔖️1.7/🪆️subsets/✳️any/✏️editor/🎭️modes/✏️edit/🪟️windows/🪟️main/🦀️component.rs	28
E0277	`ViewerBuilder` is not a future	✏️s/🔌️plugins/🗄️stdio/📦️packages/🦀️rust/././../../🗿️artifacts/📄️pdf/🏅️standards/🔖️1.4/🪆️subsets/✳️a/👁️viewer/🦀️component.rs	87
E0277	`ViewerBuilder` is not a future	✏️s/🔌️plugins/🗄️stdio/📦️packages/🦀️rust/././../../🗿️artifacts/📄️pdf/🏅️standards/🔖️1.4/🪆️subsets/✳️a/👁️viewer/🦀️component.rs	87
E0277	`WindowKindDefinition` is not a future	✏️s/🔌️plugins/🗄️stdio/📦️packages/🦀️rust/././././././../../🗿️artifacts/📄️pdf/🏅️standards/🔖️1.4/🪆️subsets/✳️a/👁️viewer/🎭️modes/👁️view/🪟️windows/🪟️main/🦀️component.rs	23
E0277	`WindowKindDefinition` is not a future	✏️s/🔌️plugins/🗄️stdio/📦️packages/🦀️rust/././././././../../🗿️artifacts/📄️pdf/🏅️standards/🔖️1.4/🪆️subsets/✳️a/👁️viewer/🎭️modes/👁️view/🪟️windows/🪟️main/🦀️component.rs	23
E0277	`ViewerBuilder` is not a future	✏️s/🔌️plugins/🗄️stdio/📦️packages/🦀️rust/././../../🗿️artifacts/📄️pdf/🏅️standards/🔖️1.4/🪆️subsets/✳️any/👁️viewer/🦀️component.rs	87
E0277	`ViewerBuilder` is not a future	✏️s/🔌️plugins/🗄️stdio/📦️packages/🦀️rust/././../../🗿️artifacts/📄️pdf/🏅️standards/🔖️1.4/🪆️subsets/✳️any/👁️viewer/🦀️component.rs	87
E0277	`WindowKindDefinition` is not a future	✏️s/🔌️plugins/🗄️stdio/📦️packages/🦀️rust/././././././../../🗿️artifacts/📄️pdf/🏅️standards/🔖️1.4/🪆️subsets/✳️any/👁️viewer/🎭️modes/👁️view/🪟️windows/🪟️main/🦀️component.rs	23
E0277	`WindowKindDefinition` is not a future	✏️s/🔌️plugins/🗄️stdio/📦️packages/🦀️rust/././././././../../🗿️artifacts/📄️pdf/🏅️standards/🔖️1.4/🪆️subsets/✳️any/👁️viewer/🎭️modes/👁️view/🪟️windows/🪟️main/🦀️component.rs	23
E0277	`ViewerBuilder` is not a future	✏️s/🔌️plugins/🗄️stdio/📦️packages/🦀️rust/././../../🗿️artifacts/📄️pdf/🏅️standards/🔖️1.4/🪆️subsets/✳️x/👁️viewer/🦀️component.rs	87
E0277	`EditorBuilder` is not a future	✏️s/🔌️plugins/🗄️stdio/📦️packages/🦀️rust/././../../🗿️artifacts/📄️pdf/🏅️standards/🔖️1.7/🪆️subsets/✳️e/✏️editor/🦀️component.rs	157
E0277	`ViewerBuilder` is not a future	✏️s/🔌️plugins/🗄️stdio/📦️packages/🦀️rust/././../../🗿️artifacts/📄️pdf/🏅️standards/🔖️1.4/🪆️subsets/✳️x/👁️viewer/🦀️component.rs	87
E0277	`EditorBuilder` is not a future	✏️s/🔌️plugins/🗄️stdio/📦️packages/🦀️rust/././../../🗿️artifacts/📄️pdf/🏅️standards/🔖️1.7/🪆️subsets/✳️e/✏️editor/🦀️component.rs	157
E0277	`WindowKindDefinition` is not a future	✏️s/🔌️plugins/🗄️stdio/📦️packages/🦀️rust/././././././../../🗿️artifacts/📄️pdf/🏅️standards/🔖️1.4/🪆️subsets/✳️x/👁️viewer/🎭️modes/👁️view/🪟️windows/🪟️main/🦀️component.rs	23
E0277	`WindowKindDefinition` is not a future	✏️s/🔌️plugins/🗄️stdio/📦️packages/🦀️rust/././././././../../🗿️artifacts/📄️pdf/🏅️standards/🔖️1.7/🪆️subsets/✳️e/✏️editor/🎭️modes/✏️edit/🪟️windows/🪟️main/🦀️component.rs	28
E0277	`WindowKindDefinition` is not a future	✏️s/🔌️plugins/🗄️stdio/📦️packages/🦀️rust/././././././../../🗿️artifacts/📄️pdf/🏅️standards/🔖️1.4/🪆️subsets/✳️x/👁️viewer/🎭️modes/👁️view/🪟️windows/🪟️main/🦀️component.rs	23
E0277	`WindowKindDefinition` is not a future	✏️s/🔌️plugins/🗄️stdio/📦️packages/🦀️rust/././././././../../🗿️artifacts/📄️pdf/🏅️standards/🔖️1.7/🪆️subsets/✳️e/✏️editor/🎭️modes/✏️edit/🪟️windows/🪟️main/🦀️component.rs	28
E0277	`EditorBuilder` is not a future	✏️s/🔌️plugins/🗄️stdio/📦️packages/🦀️rust/././../../🗿️artifacts/📄️pdf/🏅️standards/🔖️1.7/🪆️subsets/✳️h/✏️editor/🦀️component.rs	157
E0277	`EditorBuilder` is not a future	✏️s/🔌️plugins/🗄️stdio/📦️packages/🦀️rust/././../../🗿️artifacts/📄️pdf/🏅️standards/🔖️1.7/🪆️subsets/✳️h/✏️editor/🦀️component.rs	157
E0277	`WindowKindDefinition` is not a future	✏️s/🔌️plugins/🗄️stdio/📦️packages/🦀️rust/././././././../../🗿️artifacts/📄️pdf/🏅️standards/🔖️1.7/🪆️subsets/✳️h/✏️editor/🎭️modes/✏️edit/🪟️windows/🪟️main/🦀️component.rs	28
E0277	`WindowKindDefinition` is not a future	✏️s/🔌️plugins/🗄️stdio/📦️packages/🦀️rust/././././././../../🗿️artifacts/📄️pdf/🏅️standards/🔖️1.7/🪆️subsets/✳️h/✏️editor/🎭️modes/✏️edit/🪟️windows/🪟️main/🦀️component.rs	28
E0277	`EditorBuilder` is not a future	✏️s/🔌️plugins/🗄️stdio/📦️packages/🦀️rust/././../../🗿️artifacts/📄️pdf/🏅️standards/🔖️1.7/🪆️subsets/✳️ua/✏️editor/🦀️component.rs	157
E0277	`EditorBuilder` is not a future	✏️s/🔌️plugins/🗄️stdio/📦️packages/🦀️rust/././../../🗿️artifacts/📄️pdf/🏅️standards/🔖️1.7/🪆️subsets/✳️ua/✏️editor/🦀️component.rs	157
E0277	`WindowKindDefinition` is not a future	✏️s/🔌️plugins/🗄️stdio/📦️packages/🦀️rust/././././././../../🗿️artifacts/📄️pdf/🏅️standards/🔖️1.7/🪆️subsets/✳️ua/✏️editor/🎭️modes/✏️edit/🪟️windows/🪟️main/🦀️component.rs	28
E0277	`WindowKindDefinition` is not a future	✏️s/🔌️plugins/🗄️stdio/📦️packages/🦀️rust/././././././../../🗿️artifacts/📄️pdf/🏅️standards/🔖️1.7/🪆️subsets/✳️ua/✏️editor/🎭️modes/✏️edit/🪟️windows/🪟️main/🦀️component.rs	28
E0277	`EditorBuilder` is not a future	✏️s/🔌️plugins/🗄️stdio/📦️packages/🦀️rust/././../../🗿️artifacts/📄️pdf/🏅️standards/🔖️1.7/🪆️subsets/✳️vt/✏️editor/🦀️component.rs	157
E0277	`EditorBuilder` is not a future	✏️s/🔌️plugins/🗄️stdio/📦️packages/🦀️rust/././../../🗿️artifacts/📄️pdf/🏅️standards/🔖️1.7/🪆️subsets/✳️vt/✏️editor/🦀️component.rs	157
E0277	`WindowKindDefinition` is not a future	✏️s/🔌️plugins/🗄️stdio/📦️packages/🦀️rust/././././././../../🗿️artifacts/📄️pdf/🏅️standards/🔖️1.7/🪆️subsets/✳️vt/✏️editor/🎭️modes/✏️edit/🪟️windows/🪟️main/🦀️component.rs	28
E0277	`WindowKindDefinition` is not a future	✏️s/🔌️plugins/🗄️stdio/📦️packages/🦀️rust/././././././../../🗿️artifacts/📄️pdf/🏅️standards/🔖️1.7/🪆️subsets/✳️vt/✏️editor/🎭️modes/✏️edit/🪟️windows/🪟️main/🦀️component.rs	28
E0308	mismatched types	✏️s/🔌️plugins/🗄️stdio/📦️packages/🦀️rust/./././../../🗿️artifacts/📑️tsv/🏅️standards/🔖️iana/🪆️subsets/✳️any/📚️examples/🎬️demo/🦀️component.rs	15
E0308	mismatched types	✏️s/🔌️plugins/🗄️stdio/📦️packages/🦀️rust/././././././../../🗿️artifacts/🌐️html/🏅️standards/🔖️5/🪆️subsets/✳️any/🚪️io/🦀️component.rs	50
E0599	`impl Future<Output = Result<..., ...>>` is not an iterator	✏️s/🔌️plugins/🗄️stdio/📦️packages/🦀️rust/../../📇️registry/🦀️component.rs	269
E0277	`EditorBuilder` is not a future	✏️s/🔌️plugins/🗄️stdio/📦️packages/🦀️rust/././../../🗿️artifacts/📄️pdf/🏅️standards/🔖️1.7/🪆️subsets/✳️x/✏️editor/🦀️component.rs	157
E0277	`EditorBuilder` is not a future	✏️s/🔌️plugins/🗄️stdio/📦️packages/🦀️rust/././../../🗿️artifacts/📄️pdf/🏅️standards/🔖️1.7/🪆️subsets/✳️x/✏️editor/🦀️component.rs	157
E0277	`WindowKindDefinition` is not a future	✏️s/🔌️plugins/🗄️stdio/📦️packages/🦀️rust/././././././../../🗿️artifacts/📄️pdf/🏅️standards/🔖️1.7/🪆️subsets/✳️x/✏️editor/🎭️modes/✏️edit/🪟️windows/🪟️main/🦀️component.rs	28
E0277	`WindowKindDefinition` is not a future	✏️s/🔌️plugins/🗄️stdio/📦️packages/🦀️rust/././././././../../🗿️artifacts/📄️pdf/🏅️standards/🔖️1.7/🪆️subsets/✳️x/✏️editor/🎭️modes/✏️edit/🪟️windows/🪟️main/🦀️component.rs	28
E0599	`impl Future<Output = Result<..., ...>>` is not an iterator	✏️s/🔌️plugins/🗄️stdio/📦️packages/🦀️rust/../../📇️registry/🦀️component.rs	284
E0308	mismatched types	✏️s/🔌️plugins/🗄️stdio/📦️packages/🦀️rust/../../📇️registry/🦀️component.rs	290
E0308	mismatched types	✏️s/🔌️plugins/🗄️stdio/📦️packages/🦀️rust/../../📇️registry/🦀️component.rs	291
E0308	mismatched types	✏️s/🔌️plugins/🗄️stdio/📦️packages/🦀️rust/../../📇️registry/🦀️component.rs	292
E0308	mismatched types	✏️s/🔌️plugins/🗄️stdio/📦️packages/🦀️rust/../../📇️registry/🦀️component.rs	293
E0308	mismatched types	✏️s/🔌️plugins/🗄️stdio/📦️packages/🦀️rust/../../📇️registry/🦀️component.rs	294
E0308	mismatched types	✏️s/🔌️plugins/🗄️stdio/📦️packages/🦀️rust/./././../../🗿️artifacts/🔊️wav/🏅️standards/🔖️riff-pcm/🪆️subsets/✳️any/📚️examples/🎬️demo/🦀️component.rs	15
E0308	mismatched types	✏️s/🔌️plugins/🗄️stdio/📦️packages/🦀️rust/././././././../../🗿️artifacts/🌦️epw/🏅️standards/🔖️energyplus/🪆️subsets/✳️any/🚪️io/🦀️component.rs	53
E0308	mismatched types	✏️s/🔌️plugins/🗄️stdio/📦️packages/🦀️rust/../../📇️registry/🦀️component.rs	329
E0308	mismatched types	✏️s/🔌️plugins/🗄️stdio/📦️packages/🦀️rust/../../📇️registry/🦀️component.rs	334
E0308	mismatched types	✏️s/🔌️plugins/🗄️stdio/📦️packages/🦀️rust/./././../../🗿️artifacts/🌐️html/🏅️standards/🔖️5/🪆️subsets/✳️any/📚️examples/🎬️demo/🦀️component.rs	16
E0308	mismatched types	✏️s/🔌️plugins/🗄️stdio/📦️packages/🦀️rust/./././../../🗿️artifacts/🌦️epw/🏅️standards/🔖️energyplus/🪆️subsets/✳️any/📚️examples/🎬️demo/🦀️component.rs	15
E0308	mismatched types	✏️s/🔌️plugins/🗄️stdio/📦️packages/🦀️rust/././././././../../🗿️artifacts/📑️tsv/🏅️standards/🔖️iana/🪆️subsets/✳️any/🚪️io/🦀️component.rs	50
E0308	mismatched types	✏️s/🔌️plugins/🗄️stdio/📦️packages/🦀️rust/./././././././././../../🗿️artifacts/🌐️html/🏅️standards/🔖️5/🪆️subsets/✳️any/🧬️schema/💡️inferences/🧾outline/🦀️component.rs	30
E0308	mismatched types	✏️s/🔌️plugins/🗄️stdio/📦️packages/🦀️rust/./././../../🗿️artifacts/🎵️mp3/🏅️standards/🔖️mpeg1-layer3/🪆️subsets/✳️any/📚️examples/🎬️demo/🦀️component.rs	15
E0599	no method named `ok` found for opaque type `impl Future<Output = Result<..., ...>>` in the current scope	✏️s/🔌️plugins/🗄️stdio/📦️packages/🦀️rust/././././././../../🗿️artifacts/🖼️tiff/🏅️standards/🔖️6.0/🪆️subsets/✳️any/✏️editor/🎭️modes/✏️edit/🪟️windows/🪟️main/🦀️component.rs	25
E0599	no method named `as_str` found for opaque type `impl Future<Output = &ArtifactIdentity>` in the current scope	✏️s/🔌️plugins/🗄️stdio/📦️packages/🦀️rust/../../📇️registry/🦀️component.rs	594
E0308	mismatched types	✏️s/🔌️plugins/🗄️stdio/📦️packages/🦀️rust/././././././../../🗿️artifacts/🔊️wav/🏅️standards/🔖️riff-pcm/🪆️subsets/✳️any/🚪️io/🦀️component.rs	50
E0277	`impl Future<Output = &ArtifactIdentity>` doesn't implement `std::fmt::Display`	✏️s/🔌️plugins/🗄️stdio/📦️packages/🦀️rust/../../📇️registry/🦀️component.rs	595
E0599	no method named `as_str` found for opaque type `impl Future<Output = &ArtifactIdentity>` in the current scope	✏️s/🔌️plugins/🗄️stdio/📦️packages/🦀️rust/../../📇️registry/🦀️component.rs	603
E0277	`impl Future<Output = &ArtifactIdentity>` doesn't implement `std::fmt::Display`	✏️s/🔌️plugins/🗄️stdio/📦️packages/🦀️rust/../../📇️registry/🦀️component.rs	604
E0599	no method named `ok` found for opaque type `impl Future<Output = Result<..., ...>>` in the current scope	✏️s/🔌️plugins/🗄️stdio/📦️packages/🦀️rust/././././././../../🗿️artifacts/🖼️tiff/🏅️standards/🔖️6.0/🪆️subsets/✳️baseline/✏️editor/🎭️modes/✏️edit/🪟️windows/🪟️main/🦀️component.rs	25
E0599	no method named `map_err` found for opaque type `impl Future<Output = Result<..., ...>>` in the current scope	✏️s/🔌️plugins/🗄️stdio/📦️packages/🦀️rust/../../📇️registry/🦀️component.rs	611
E0599	no method named `descriptor` found for opaque type `impl Future<Output = ArtifactCapability>` in the current scope	✏️s/🔌️plugins/🗄️stdio/📦️packages/🦀️rust/../../📇️registry/🦀️component.rs	611
E0308	mismatched types	✏️s/🔌️plugins/🗄️stdio/📦️packages/🦀️rust/././././././././../../🗿️artifacts/🌐️html/🏅️standards/🔖️5/🪆️subsets/✳️any/🧬️schema/🔺️diff/🦀️component.rs	282
E0599	no method named `map_err` found for opaque type `impl Future<Output = Result<..., ...>>` in the current scope	✏️s/🔌️plugins/🗄️stdio/📦️packages/🦀️rust/../../📇️registry/🦀️component.rs	620
E0308	mismatched types	✏️s/🔌️plugins/🗄️stdio/📦️packages/🦀️rust/././././././././../../🗿️artifacts/🌐️html/🏅️standards/🔖️5/🪆️subsets/✳️any/🧬️schema/🔺️diff/🦀️component.rs	316
E0308	mismatched types	✏️s/🔌️plugins/🗄️stdio/📦️packages/🦀️rust/././././././././../../🗿️artifacts/🌐️html/🏅️standards/🔖️5/🪆️subsets/✳️any/🧬️schema/🔺️diff/🦀️component.rs	436
E0599	no method named `descriptor` found for opaque type `impl Future<Output = ArtifactCapability>` in the current scope	✏️s/🔌️plugins/🗄️stdio/📦️packages/🦀️rust/../../📇️registry/🦀️component.rs	620
E0308	mismatched types	✏️s/🔌️plugins/🗄️stdio/📦️packages/🦀️rust/././././././././../../🗿️artifacts/🌐️html/🏅️standards/🔖️5/🪆️subsets/✳️any/🧬️schema/🔺️diff/🦀️component.rs	476
E0308	mismatched types	✏️s/🔌️plugins/🗄️stdio/📦️packages/🦀️rust/././././././././../../🗿️artifacts/🌐️html/🏅️standards/🔖️5/🪆️subsets/✳️any/🧬️schema/🔺️diff/🦀️component.rs	542
E0308	mismatched types	✏️s/🔌️plugins/🗄️stdio/📦️packages/🦀️rust/././././././././../../🗿️artifacts/🌐️html/🏅️standards/🔖️5/🪆️subsets/✳️any/🧬️schema/🔺️diff/🦀️component.rs	560
E0308	mismatched types	✏️s/🔌️plugins/🗄️stdio/📦️packages/🦀️rust/./././../../🗿️artifacts/📼️avi/🏅️standards/🔖️1.0/🪆️subsets/✳️any/📚️examples/🎬️demo/🦀️component.rs	15
E0308	`match` arms have incompatible types	✏️s/🔌️plugins/🗄️stdio/📦️packages/🦀️rust/././././././././../../🗿️artifacts/🎥️mp4/🏅️standards/🔖️isobmff/🪆️subsets/✳️any/🧬️schema/🧬️mutations/🦀️component.rs	80
E0308	mismatched types	✏️s/🔌️plugins/🗄️stdio/📦️packages/🦀️rust/././././././../../🗿️artifacts/🎵️mp3/🏅️standards/🔖️mpeg1-layer3/🪆️subsets/✳️any/🚪️io/🦀️component.rs	49
E0308	mismatched types	✏️s/🔌️plugins/🗄️stdio/📦️packages/🦀️rust/././././././././../../🗿️artifacts/🎥️mp4/🏅️standards/🔖️isobmff/🪆️subsets/✳️any/🧬️schema/🧬️mutations/🦀️component.rs	84
E0308	mismatched types	✏️s/🔌️plugins/🗄️stdio/📦️packages/🦀️rust/././././././././../../🗿️artifacts/🌐️html/🏅️standards/🔖️5/🪆️subsets/✳️any/🧬️schema/🔺️diff/🦀️component.rs	651
E0308	mismatched types	✏️s/🔌️plugins/🗄️stdio/📦️packages/🦀️rust/././././././././../../🗿️artifacts/🎥️mp4/🏅️standards/🔖️isobmff/🪆️subsets/✳️any/🧬️schema/🧬️mutations/🦀️component.rs	88
E0308	mismatched types	✏️s/🔌️plugins/🗄️stdio/📦️packages/🦀️rust/././././././././../../🗿️artifacts/🎥️mp4/🏅️standards/🔖️isobmff/🪆️subsets/✳️any/🧬️schema/🧬️mutations/🦀️component.rs	91
E0599	no method named `map_err` found for opaque type `impl Future<Output = Result<..., ...>>` in the current scope	✏️s/🔌️plugins/🗄️stdio/📦️packages/🦀️rust/../../📇️registry/🦀️component.rs	623
E0308	mismatched types	✏️s/🔌️plugins/🗄️stdio/📦️packages/🦀️rust/./././../../🗿️artifacts/🎥️mp4/🏅️standards/🔖️isobmff/🪆️subsets/✳️any/📚️examples/🎬️demo/🦀️component.rs	15
E0308	mismatched types	✏️s/🔌️plugins/🗄️stdio/📦️packages/🦀️rust/././././././../../🗿️artifacts/📼️avi/🏅️standards/🔖️1.0/🪆️subsets/✳️any/🚪️io/🦀️component.rs	50
E0599	no method named `map_err` found for opaque type `impl Future<Output = Result<..., ...>>` in the current scope	✏️s/🔌️plugins/🗄️stdio/📦️packages/🦀️rust/../../📇️registry/🦀️component.rs	623
E0599	no method named `map_err` found for opaque type `impl Future<Output = Result<..., ...>>` in the current scope	✏️s/🔌️plugins/🗄️stdio/📦️packages/🦀️rust/../../📇️registry/🦀️component.rs	632
E0308	mismatched types	✏️s/🔌️plugins/🗄️stdio/📦️packages/🦀️rust/../../📇️registry/🦀️component.rs	634
E0308	mismatched types	✏️s/🔌️plugins/🗄️stdio/📦️packages/🦀️rust/../../📇️registry/🦀️component.rs	637
E0308	mismatched types	✏️s/🔌️plugins/🗄️stdio/📦️packages/🦀️rust/../../📇️registry/🦀️component.rs	640
E0308	mismatched types	✏️s/🔌️plugins/🗄️stdio/📦️packages/🦀️rust/../../📇️registry/🦀️component.rs	643
E0308	mismatched types	✏️s/🔌️plugins/🗄️stdio/📦️packages/🦀️rust/../../📇️registry/🦀️component.rs	646
E0308	mismatched types	✏️s/🔌️plugins/🗄️stdio/📦️packages/🦀️rust/../../📇️registry/🦀️component.rs	649
E0308	mismatched types	✏️s/🔌️plugins/🗄️stdio/📦️packages/🦀️rust/../../📇️registry/🦀️component.rs	652
E0308	mismatched types	✏️s/🔌️plugins/🗄️stdio/📦️packages/🦀️rust/././././././././../../🗿️artifacts/🧿️semio/🏅️standards/🔖️v1/🪆️subsets/✳️object/🧬️schema/📸️snapshot/🦀️component.rs	101
E0308	mismatched types	✏️s/🔌️plugins/🗄️stdio/📦️packages/🦀️rust/././././././././../../🗿️artifacts/🧿️semio/🏅️standards/🔖️v1/🪆️subsets/✳️object/🧬️schema/📸️snapshot/🦀️component.rs	206
E0599	no method named `map_err` found for opaque type `impl Future<Output = Result<..., ...>>` in the current scope	✏️s/🔌️plugins/🗄️stdio/📦️packages/🦀️rust/../../📇️registry/🦀️component.rs	661
E0308	mismatched types	✏️s/🔌️plugins/🗄️stdio/📦️packages/🦀️rust/././././././././../../🗿️artifacts/🧿️semio/🏅️standards/🔖️v1/🪆️subsets/✳️kit/🧬️schema/📸️snapshot/🦀️component.rs	151
E0308	mismatched types	✏️s/🔌️plugins/🗄️stdio/📦️packages/🦀️rust/././././././././../../🗿️artifacts/🧿️semio/🏅️standards/🔖️v1/🪆️subsets/✳️kit/📚️examples/🪑️furniture/🦀️component.rs	22
E0308	mismatched types	✏️s/🔌️plugins/🗄️stdio/📦️packages/🦀️rust/./././../../🗿️artifacts/🧿️semio/🏅️standards/🔖️v1/🪆️subsets/✳️any/📚️examples/🎬️demo/🦀️component.rs	15
E0308	mismatched types	✏️s/🔌️plugins/🗄️stdio/📦️packages/🦀️rust/./././../../🗿️artifacts/🧿️semio/🏅️standards/🔖️v1/🪆️subsets/✳️any/📚️examples/📃️note/🦀️component.rs	19
E0599	no method named `expect` found for opaque type `impl Future<Output = Result<..., ...>>` in the current scope	✏️s/🔌️plugins/🗄️stdio/📦️packages/🦀️rust/././../../🗿️artifacts/💾️binary/🦀️component.rs	35
E0308	mismatched types	✏️s/🔌️plugins/🗄️stdio/📦️packages/🦀️rust/././././././././../../🗿️artifacts/🧿️semio/🏅️standards/🔖️v1/🪆️subsets/✳️kit/🧬️schema/📸️snapshot/🦀️component.rs	380
E0107	function takes 2 generic arguments but 1 generic argument was supplied	✏️s/🔌️plugins/🗄️stdio/📦️packages/🦀️rust/././././././../../🗿️artifacts/💾️binary/🏅️standards/🔖️raw/🪆️subsets/✳️any/🦀️component.rs	40
E0107	function takes 2 generic arguments but 1 generic argument was supplied	✏️s/🔌️plugins/🗄️stdio/📦️packages/🦀️rust/././././././../../🗿️artifacts/💾️binary/🏅️standards/🔖️raw/🪆️subsets/✳️any/🦀️component.rs	41
E0277	the trait bound `NoPluginApp: From<VcsArtifactApp<ViewerApp<_>>>` is not satisfied	✏️s/🔌️plugins/🗄️stdio/📦️packages/🦀️rust/././././././../../🗿️artifacts/💾️binary/🏅️standards/🔖️raw/🪆️subsets/✳️any/🦀️component.rs	40
E0277	the trait bound `NoPluginApp: From<VcsArtifactApp<EditorApp<_>>>` is not satisfied	✏️s/🔌️plugins/🗄️stdio/📦️packages/🦀️rust/././././././../../🗿️artifacts/💾️binary/🏅️standards/🔖️raw/🪆️subsets/✳️any/🦀️component.rs	41
E0425	cannot find function `write_boxasync` in this scope	✏️s/🔌️plugins/🗄️stdio/📦️packages/🦀️rust/././././././../../🗿️artifacts/🎥️mp4/🏅️standards/🔖️isobmff/🪆️subsets/✳️any/🚪️io/🦀️component.rs	820
E0308	mismatched types	✏️s/🔌️plugins/🗄️stdio/📦️packages/🦀️rust/././././././../../🗿️artifacts/🎥️mp4/🏅️standards/🔖️isobmff/🪆️subsets/✳️any/🚪️io/🦀️component.rs	825
E0308	mismatched types	✏️s/🔌️plugins/🗄️stdio/📦️packages/🦀️rust/././././././../../🗿️artifacts/🎥️mp4/🏅️standards/🔖️isobmff/🪆️subsets/✳️any/🚪️io/🦀️component.rs	826
E0308	mismatched types	✏️s/🔌️plugins/🗄️stdio/📦️packages/🦀️rust/././././././../../🗿️artifacts/🎥️mp4/🏅️standards/🔖️isobmff/🪆️subsets/✳️any/🚪️io/🦀️component.rs	827
E0308	mismatched types	✏️s/🔌️plugins/🗄️stdio/📦️packages/🦀️rust/././././././../../🗿️artifacts/🎥️mp4/🏅️standards/🔖️isobmff/🪆️subsets/✳️any/🚪️io/🦀️component.rs	828
E0308	mismatched types	✏️s/🔌️plugins/🗄️stdio/📦️packages/🦀️rust/./././././././././../../🗿️artifacts/🧿️semio/🏅️standards/🔖️v1/🪆️subsets/✳️object/🧬️schema/🧬️mutations/🧱create-brep/🔺️diff/🦀️component.rs	15
E0308	mismatched types	✏️s/🔌️plugins/🗄️stdio/📦️packages/🦀️rust/./././././././././../../🗿️artifacts/🧿️semio/🏅️standards/🔖️v1/🪆️subsets/✳️object/🧬️schema/🧬️mutations/🕸️create-mesh/🔺️diff/🦀️component.rs	15
E0308	mismatched types	✏️s/🔌️plugins/🗄️stdio/📦️packages/🦀️rust/./././././././././../../🗿️artifacts/🧿️semio/🏅️standards/🔖️v1/🪆️subsets/✳️object/🧬️schema/🧬️mutations/🏷️create-properties/🔺️diff/🦀️component.rs	15
E0308	`match` arms have incompatible types	✏️s/🔌️plugins/🗄️stdio/📦️packages/🦀️rust/././././././././../../🗿️artifacts/🎥️mp4/🏅️standards/🔖️isobmff/🪆️subsets/✳️any/🧬️schema/📸️snapshot/🦀️component.rs	249
E0308	`match` arms have incompatible types	✏️s/🔌️plugins/🗄️stdio/📦️packages/🦀️rust/././././././././../../🗿️artifacts/🎥️mp4/🏅️standards/🔖️isobmff/🪆️subsets/✳️any/🧬️schema/📸️snapshot/🦀️component.rs	249
E0308	mismatched types	✏️s/🔌️plugins/🗄️stdio/📦️packages/🦀️rust/././././././././../../🗿️artifacts/🧿️semio/🏅️standards/🔖️v1/🪆️subsets/✳️object/📚️examples/📦️crate/🦀️component.rs	22
E0308	mismatched types	✏️s/🔌️plugins/🗄️stdio/📦️packages/🦀️rust/././././././../../🗿️artifacts/🧿️semio/🏅️standards/🔖️v1/🪆️subsets/✳️kit/🚪️io/🦀️component.rs	115
E0308	mismatched types	✏️s/🔌️plugins/🗄️stdio/📦️packages/🦀️rust/./././././././../../🗿️artifacts/💾️binary/🏅️standards/🔖️raw/🪆️subsets/✳️any/🚪️io/🦀️component.rs	82
E0308	mismatched types	✏️s/🔌️plugins/🗄️stdio/📦️packages/🦀️rust/./././././././../../🗿️artifacts/💾️binary/🏅️standards/🔖️raw/🪆️subsets/✳️any/🚪️io/🦀️component.rs	208
E0308	mismatched types	✏️s/🔌️plugins/🗄️stdio/📦️packages/🦀️rust/././././../../🗿️artifacts/💾️binary/🏅️standards/🔖️raw/🪆️subsets/✳️any/📚️examples/🎬️demo/🦀️component.rs	14
E0599	no method named `expect` found for opaque type `impl Future<Output = Result<..., ...>>` in the current scope	✏️s/🔌️plugins/🗄️stdio/📦️packages/🦀️rust/././../../🗿️artifacts/📄txt/🦀️component.rs	32
E0107	function takes 2 generic arguments but 1 generic argument was supplied	✏️s/🔌️plugins/🗄️stdio/📦️packages/🦀️rust/././././././../../🗿️artifacts/📄txt/🏅️standards/🔖️utf-8/🪆️subsets/✳️any/🦀️component.rs	35
E0107	function takes 2 generic arguments but 1 generic argument was supplied	✏️s/🔌️plugins/🗄️stdio/📦️packages/🦀️rust/././././././../../🗿️artifacts/📄txt/🏅️standards/🔖️utf-8/🪆️subsets/✳️any/🦀️component.rs	36
E0277	the trait bound `NoPluginApp: From<VcsArtifactApp<ViewerApp<_>>>` is not satisfied	✏️s/🔌️plugins/🗄️stdio/📦️packages/🦀️rust/././././././../../🗿️artifacts/📄txt/🏅️standards/🔖️utf-8/🪆️subsets/✳️any/🦀️component.rs	35
E0277	the trait bound `NoPluginApp: From<VcsArtifactApp<EditorApp<_>>>` is not satisfied	✏️s/🔌️plugins/🗄️stdio/📦️packages/🦀️rust/././././././../../🗿️artifacts/📄txt/🏅️standards/🔖️utf-8/🪆️subsets/✳️any/🦀️component.rs	36
E0599	no method named `powf` found for opaque type `impl Future<Output = f64>` in the current scope	✏️s/🔌️plugins/🗄️stdio/📦️packages/🦀️rust/./././././././../../🗿️artifacts/🧿️semio/🏅️standards/🔖️v1/🪆️subsets/✳️table/🧬️schema/🎲️probability-internals/🦀️component.rs	329
E0277	cannot subtract `impl Future<Output = f64>` from `{float}`	✏️s/🔌️plugins/🗄️stdio/📦️packages/🦀️rust/./././././././../../🗿️artifacts/🧿️semio/🏅️standards/🔖️v1/🪆️subsets/✳️table/🧬️schema/🎲️probability-internals/🦀️component.rs	336
E0308	mismatched types	✏️s/🔌️plugins/🗄️stdio/📦️packages/🦀️rust/./././././././././../../🗿️artifacts/🧿️semio/🏅️standards/🔖️v1/🪆️subsets/✳️kit/🧬️schema/🧬️mutations/🏗️create-object/🔺️diff/🦀️component.rs	14
E0689	can't call method `sqrt` on ambiguous numeric type `{float}`	✏️s/🔌️plugins/🗄️stdio/📦️packages/🦀️rust/./././././././../../🗿️artifacts/🧿️semio/🏅️standards/🔖️v1/🪆️subsets/✳️table/🧬️schema/🎲️probability-internals/🦀️component.rs	338
E0277	cannot multiply `f64` by `impl Future<Output = f64>`	✏️s/🔌️plugins/🗄️stdio/📦️packages/🦀️rust/./././././././../../🗿️artifacts/🧿️semio/🏅️standards/🔖️v1/🪆️subsets/✳️table/🧬️schema/🎲️probability-internals/🦀️component.rs	338
E0369	binary operation `<` cannot be applied to type `impl Future<Output = f64>`	✏️s/🔌️plugins/🗄️stdio/📦️packages/🦀️rust/./././././././../../🗿️artifacts/🧿️semio/🏅️standards/🔖️v1/🪆️subsets/✳️table/🧬️schema/🎲️probability-internals/🦀️component.rs	346
E0308	mismatched types	✏️s/🔌️plugins/🗄️stdio/📦️packages/🦀️rust/./././././././././../../🗿️artifacts/🧿️semio/🏅️standards/🔖️v1/🪆️subsets/✳️kit/🧬️schema/🧬️mutations/🏛️create-model/🔺️diff/🦀️component.rs	14
E0599	no method named `ln` found for opaque type `impl Future<Output = f64>` in the current scope	✏️s/🔌️plugins/🗄️stdio/📦️packages/🦀️rust/./././././././../../🗿️artifacts/🧿️semio/🏅️standards/🔖️v1/🪆️subsets/✳️table/🧬️schema/🎲️probability-internals/🦀️component.rs	349
E0308	mismatched types	✏️s/🔌️plugins/🗄️stdio/📦️packages/🦀️rust/././././././././../../🗿️artifacts/🧿️semio/🏅️standards/🔖️v1/🪆️subsets/✳️graph/📚️examples/🕸️wires/🦀️component.rs	26
E0308	mismatched types	✏️s/🔌️plugins/🗄️stdio/📦️packages/🦀️rust/././././././../../🗿️artifacts/🧿️semio/🏅️standards/🔖️v1/🪆️subsets/✳️object/🚪️io/🦀️component.rs	113
E0277	cannot multiply `{float}` by `impl Future<Output = f64>`	✏️s/🔌️plugins/🗄️stdio/📦️packages/🦀️rust/./././././././../../🗿️artifacts/🧿️semio/🏅️standards/🔖️v1/🪆️subsets/✳️table/🧬️schema/🎲️probability-internals/🦀️component.rs	405
E0277	cannot multiply `{float}` by `impl Future<Output = f64>`	✏️s/🔌️plugins/🗄️stdio/📦️packages/🦀️rust/./././././././../../🗿️artifacts/🧿️semio/🏅️standards/🔖️v1/🪆️subsets/✳️table/🧬️schema/🎲️probability-internals/🦀️component.rs	406
E0308	mismatched types	✏️s/🔌️plugins/🗄️stdio/📦️packages/🦀️rust/./././././././././../../🗿️artifacts/🧿️semio/🏅️standards/🔖️v1/🪆️subsets/✳️kit/🧬️schema/🧬️mutations/🏷️create-properties/🔺️diff/🦀️component.rs	13
E0689	can't call method `sqrt` on ambiguous numeric type `{float}`	✏️s/🔌️plugins/🗄️stdio/📦️packages/🦀️rust/./././././././../../🗿️artifacts/🧿️semio/🏅️standards/🔖️v1/🪆️subsets/✳️table/🧬️schema/🎲️probability-internals/🦀️component.rs	409
E0369	cannot multiply `impl Future<Output = f64>` by `f64`	✏️s/🔌️plugins/🗄️stdio/📦️packages/🦀️rust/./././././././../../🗿️artifacts/🧿️semio/🏅️standards/🔖️v1/🪆️subsets/✳️table/🧬️schema/🎲️probability-internals/🦀️component.rs	466
E0308	mismatched types	✏️s/🔌️plugins/🗄️stdio/📦️packages/🦀️rust/./././././././../../🗿️artifacts/🧿️semio/🏅️standards/🔖️v1/🪆️subsets/✳️object/🧬️schema/🦀️component.rs	123
E0277	the trait bound `u64: From<impl Future<Output = bool>>` is not satisfied	✏️s/🔌️plugins/🗄️stdio/📦️packages/🦀️rust/./././././././../../🗿️artifacts/🧿️semio/🏅️standards/🔖️v1/🪆️subsets/✳️table/🧬️schema/🎲️probability-internals/🦀️component.rs	724
E0308	mismatched types	✏️s/🔌️plugins/🗄️stdio/📦️packages/🦀️rust/./././././././../../🗿️artifacts/🧿️semio/🏅️standards/🔖️v1/🪆️subsets/✳️table/🧬️schema/🎲️probability-internals/🦀️component.rs	803
E0308	mismatched types	✏️s/🔌️plugins/🗄️stdio/📦️packages/🦀️rust/././././././././../../🗿️artifacts/🧿️semio/🏅️standards/🔖️v1/🪆️subsets/✳️table/📚️examples/📃️sheet/🦀️component.rs	24
E0308	mismatched types	✏️s/🔌️plugins/🗄️stdio/📦️packages/🦀️rust/././././././../../🗿️artifacts/🧿️semio/🏅️standards/🔖️v1/🪆️subsets/✳️graph/🚪️io/🦀️component.rs	89
E0308	mismatched types	✏️s/🔌️plugins/🗄️stdio/📦️packages/🦀️rust/././././././../../🗿️artifacts/🧿️semio/🏅️standards/🔖️v1/🪆️subsets/✳️table/🚪️io/🦀️component.rs	91
E0308	mismatched types	✏️s/🔌️plugins/🗄️stdio/📦️packages/🦀️rust/././././././../../🗿️artifacts/🧿️semio/🏅️standards/🔖️v1/🪆️subsets/✳️video/🚪️io/🦀️component.rs	130
E0308	mismatched types	✏️s/🔌️plugins/🗄️stdio/📦️packages/🦀️rust/./././././././../../🗿️artifacts/📄txt/🏅️standards/🔖️utf-8/🪆️subsets/✳️any/🚪️io/🦀️component.rs	61
E0308	mismatched types	✏️s/🔌️plugins/🗄️stdio/📦️packages/🦀️rust/./././././././../../🗿️artifacts/📄txt/🏅️standards/🔖️utf-8/🪆️subsets/✳️any/🚪️io/🦀️component.rs	188
E0308	mismatched types	✏️s/🔌️plugins/🗄️stdio/📦️packages/🦀️rust/./././././././../../🗿️artifacts/🧿️semio/🏅️standards/🔖️v1/🪆️subsets/✳️flow/🚪️io/🦀️component.rs	119
E0308	mismatched types	✏️s/🔌️plugins/🗄️stdio/📦️packages/🦀️rust/././././../../🗿️artifacts/📄txt/🏅️standards/🔖️utf-8/🪆️subsets/✳️any/📚️examples/🎬️demo/🦀️component.rs	14
E0277	the `?` operator can only be applied to values that implement `Try`	✏️s/🔌️plugins/🗄️stdio/📦️packages/🦀️rust/./././././././../../🗿️artifacts/🧿️semio/🏅️standards/🔖️v1/🪆️subsets/✳️table/🧬️schema/🔗️causal-internals/🦀️component.rs	517
E0277	the `?` operator can only be applied to values that implement `Try`	✏️s/🔌️plugins/🗄️stdio/📦️packages/🦀️rust/./././././././../../🗿️artifacts/🧿️semio/🏅️standards/🔖️v1/🪆️subsets/✳️table/🧬️schema/🔗️causal-internals/🦀️component.rs	678
E0308	mismatched types	✏️s/🔌️plugins/🗄️stdio/📦️packages/🦀️rust/././././././../../🗿️artifacts/🧿️semio/🏅️standards/🔖️v1/🪆️subsets/✳️text/🚪️io/🦀️component.rs	90
E0369	binary operation `<` cannot be applied to type `impl Future<Output = f64>`	✏️s/🔌️plugins/🗄️stdio/📦️packages/🦀️rust/./././././././../../🗿️artifacts/🧿️semio/🏅️standards/🔖️v1/🪆️subsets/✳️table/🧬️schema/🔗️causal-internals/🦀️component.rs	1302
E0368	binary assignment operation `-=` cannot be applied to type `impl Future<Output = f64>`	✏️s/🔌️plugins/🗄️stdio/📦️packages/🦀️rust/./././././././../../🗿️artifacts/🧿️semio/🏅️standards/🔖️v1/🪆️subsets/✳️table/🧬️schema/🔗️causal-internals/🦀️component.rs	1306
E0308	mismatched types	✏️s/🔌️plugins/🗄️stdio/📦️packages/🦀️rust/./././././././././../../🗿️artifacts/🔣️json/🏅️standards/🔖️rfc8259/🪆️subsets/✳️any/🧬️schema/💡️inferences/🧾outline/🦀️component.rs	42
E0308	mismatched types	✏️s/🔌️plugins/🗄️stdio/📦️packages/🦀️rust/./././././././././../../🗿️artifacts/🔣️json/🏅️standards/🔖️rfc8259/🪆️subsets/✳️any/🧬️schema/💡️inferences/🧾outline/🦀️component.rs	52
E0599	no method named `next_range` found for opaque type `impl Future<Output = Rng>` in the current scope	✏️s/🔌️plugins/🗄️stdio/📦️packages/🦀️rust/./././././././../../🗿️artifacts/🧿️semio/🏅️standards/🔖️v1/🪆️subsets/✳️table/🧬️schema/🔗️causal-internals/🦀️component.rs	1514
E0308	mismatched types	✏️s/🔌️plugins/🗄️stdio/📦️packages/🦀️rust/./././././././../../🗿️artifacts/🧿️semio/🏅️standards/🔖️v1/🪆️subsets/✳️model/🚪️io/🦀️component.rs	123
E0308	mismatched types	✏️s/🔌️plugins/🗄️stdio/📦️packages/🦀️rust/././././././././../../🗿️artifacts/🧿️semio/🏅️standards/🔖️v1/🪆️subsets/✳️mesh/🧬️schema/💡️inferences/🦀️component.rs	40
E0308	mismatched types	✏️s/🔌️plugins/🗄️stdio/📦️packages/🦀️rust/././././././././../../🗿️artifacts/🧿️semio/🏅️standards/🔖️v1/🪆️subsets/✳️value/🧬️schema/🧬️mutations/🦀️component.rs	131
E0308	mismatched types	✏️s/🔌️plugins/🗄️stdio/📦️packages/🦀️rust/././././././././../../🗿️artifacts/🧿️semio/🏅️standards/🔖️v1/🪆️subsets/✳️value/🧬️schema/🧬️mutations/🦀️component.rs	136
E0308	mismatched types	✏️s/🔌️plugins/🗄️stdio/📦️packages/🦀️rust/././././././././../../🗿️artifacts/🔣️json/🏅️standards/🔖️rfc8259/🪆️subsets/✳️any/🧬️schema/🔺️diff/🦀️component.rs	210
E0308	mismatched types	✏️s/🔌️plugins/🗄️stdio/📦️packages/🦀️rust/././././././././../../🗿️artifacts/🔣️json/🏅️standards/🔖️rfc8259/🪆️subsets/✳️any/🧬️schema/🔺️diff/🦀️component.rs	217
E0308	mismatched types	✏️s/🔌️plugins/🗄️stdio/📦️packages/🦀️rust/././././././././../../🗿️artifacts/🔣️json/🏅️standards/🔖️rfc8259/🪆️subsets/✳️any/🧬️schema/🔺️diff/🦀️component.rs	327
E0308	mismatched types	✏️s/🔌️plugins/🗄️stdio/📦️packages/🦀️rust/././././././././../../🗿️artifacts/🔣️json/🏅️standards/🔖️rfc8259/🪆️subsets/✳️any/🧬️schema/🔺️diff/🦀️component.rs	355
E0308	mismatched types	✏️s/🔌️plugins/🗄️stdio/📦️packages/🦀️rust/././././././././../../🗿️artifacts/🔣️json/🏅️standards/🔖️rfc8259/🪆️subsets/✳️any/🧬️schema/🔺️diff/🦀️component.rs	492
E0308	mismatched types	✏️s/🔌️plugins/🗄️stdio/📦️packages/🦀️rust/./././././././../../🗿️artifacts/🧿️semio/🏅️standards/🔖️v1/🪆️subsets/✳️presentation/🚪️io/🦀️component.rs	124
E0308	`match` arms have incompatible types	✏️s/🔌️plugins/🗄️stdio/📦️packages/🦀️rust/././././././././../../🗿️artifacts/🔣️json/🏅️standards/🔖️rfc8259/🪆️subsets/✳️any/🧬️schema/🔺️diff/🦀️component.rs	583
E0308	mismatched types	✏️s/🔌️plugins/🗄️stdio/📦️packages/🦀️rust/./././././././../../🗿️artifacts/🧿️semio/🏅️standards/🔖️v1/🪆️subsets/✳️value/🚪️io/🦀️component.rs	121
E0308	mismatched types	✏️s/🔌️plugins/🗄️stdio/📦️packages/🦀️rust/././././././././../../🗿️artifacts/🔣️json/🏅️standards/🔖️rfc8259/🪆️subsets/✳️any/🧬️schema/🧬️mutations/🦀️component.rs	116
E0308	mismatched types	✏️s/🔌️plugins/🗄️stdio/📦️packages/🦀️rust/././././././././../../🗿️artifacts/🔣️json/🏅️standards/🔖️rfc8259/🪆️subsets/✳️any/🧬️schema/🧬️mutations/🦀️component.rs	117
E0308	mismatched types	✏️s/🔌️plugins/🗄️stdio/📦️packages/🦀️rust/././././././././../../🗿️artifacts/🧿️semio/🏅️standards/🔖️v1/🪆️subsets/✳️value/🧬️schema/🔺️diff/🦀️component.rs	272
E0308	mismatched types	✏️s/🔌️plugins/🗄️stdio/📦️packages/🦀️rust/././././././././../../🗿️artifacts/🧿️semio/🏅️standards/🔖️v1/🪆️subsets/✳️value/🧬️schema/🔺️diff/🦀️component.rs	279
E0308	mismatched types	✏️s/🔌️plugins/🗄️stdio/📦️packages/🦀️rust/././././././././../../🗿️artifacts/🧿️semio/🏅️standards/🔖️v1/🪆️subsets/✳️value/🧬️schema/🔺️diff/🦀️component.rs	304
E0308	mismatched types	✏️s/🔌️plugins/🗄️stdio/📦️packages/🦀️rust/././././././././../../🗿️artifacts/🧿️semio/🏅️standards/🔖️v1/🪆️subsets/✳️value/🧬️schema/🔺️diff/🦀️component.rs	335
E0308	mismatched types	✏️s/🔌️plugins/🗄️stdio/📦️packages/🦀️rust/././././../../🗿️artifacts/🔣️json/🏅️standards/🔖️rfc8259/🪆️subsets/✳️any/📚️examples/🎬️demo/🦀️component.rs	14
E0308	mismatched types	✏️s/🔌️plugins/🗄️stdio/📦️packages/🦀️rust/././././././././../../🗿️artifacts/📰xml/🏅️standards/🔖️1.0/🪆️subsets/✳️any/📚️examples/🎬️demo/🦀️component.rs	14
E0308	mismatched types	✏️s/🔌️plugins/🗄️stdio/📦️packages/🦀️rust/././././././././../../🗿️artifacts/🧿️semio/🏅️standards/🔖️v1/🪆️subsets/✳️mesh/📚️examples/🧊️cube/🦀️component.rs	19
E0308	mismatched types	✏️s/🔌️plugins/🗄️stdio/📦️packages/🦀️rust/./././././././../../🗿️artifacts/🧿️semio/🏅️standards/🔖️v1/🪆️subsets/✳️drawing/🚪️io/🦀️component.rs	147
E0308	mismatched types	✏️s/🔌️plugins/🗄️stdio/📦️packages/🦀️rust/./././././././../../🗿️artifacts/🧿️semio/🏅️standards/🔖️v1/🪆️subsets/✳️image/🚪️io/🦀️component.rs	117
E0308	mismatched types	✏️s/🔌️plugins/🗄️stdio/📦️packages/🦀️rust/./././././././././../../🗿️artifacts/📰xml/🏅️standards/🔖️1.0/🪆️subsets/✳️any/🧬️schema/💡️inferences/🧾outline/🦀️component.rs	31
E0308	mismatched types	✏️s/🔌️plugins/🗄️stdio/📦️packages/🦀️rust/./././././././../../🗿️artifacts/🧿️semio/🏅️standards/🔖️v1/🪆️subsets/✳️mesh/🚪️io/🦀️component.rs	139
E0599	`impl Future<Output = BTreeMap<..., ...>>` is not an iterator	✏️s/🔌️plugins/🗄️stdio/📦️packages/🦀️rust/././././././././../../🗿️artifacts/🧿️semio/🏅️standards/🔖️v1/🪆️subsets/✳️drawing/🧬️schema/💡️inferences/🦀️component.rs	37
E0308	mismatched types	✏️s/🔌️plugins/🗄️stdio/📦️packages/🦀️rust/././././././././../../🗿️artifacts/📰xml/🏅️standards/🔖️1.0/🪆️subsets/✳️any/🧬️schema/🔺️diff/🦀️component.rs	318
E0308	mismatched types	✏️s/🔌️plugins/🗄️stdio/📦️packages/🦀️rust/././././././././../../🗿️artifacts/📰xml/🏅️standards/🔖️1.0/🪆️subsets/✳️any/🧬️schema/🔺️diff/🦀️component.rs	352
E0308	mismatched types	✏️s/🔌️plugins/🗄️stdio/📦️packages/🦀️rust/././././././././../../🗿️artifacts/📰xml/🏅️standards/🔖️1.0/🪆️subsets/✳️any/🧬️schema/🔺️diff/🦀️component.rs	484
E0308	mismatched types	✏️s/🔌️plugins/🗄️stdio/📦️packages/🦀️rust/././././././././../../🗿️artifacts/📰xml/🏅️standards/🔖️1.0/🪆️subsets/✳️any/🧬️schema/🔺️diff/🦀️component.rs	525
E0308	mismatched types	✏️s/🔌️plugins/🗄️stdio/📦️packages/🦀️rust/././././././././../../🗿️artifacts/📰xml/🏅️standards/🔖️1.0/🪆️subsets/✳️any/🧬️schema/🔺️diff/🦀️component.rs	595
E0308	mismatched types	✏️s/🔌️plugins/🗄️stdio/📦️packages/🦀️rust/././././././././../../🗿️artifacts/📰xml/🏅️standards/🔖️1.0/🪆️subsets/✳️any/🧬️schema/🔺️diff/🦀️component.rs	613
E0308	mismatched types	✏️s/🔌️plugins/🗄️stdio/📦️packages/🦀️rust/././././././././../../🗿️artifacts/🧿️semio/🏅️standards/🔖️v1/🪆️subsets/✳️document/🧬️schema/🧬️mutations/🦀️component.rs	67
E0308	mismatched types	✏️s/🔌️plugins/🗄️stdio/📦️packages/🦀️rust/././././././././../../🗿️artifacts/🧿️semio/🏅️standards/🔖️v1/🪆️subsets/✳️document/🧬️schema/🧬️mutations/🦀️component.rs	71
E0308	mismatched types	✏️s/🔌️plugins/🗄️stdio/📦️packages/🦀️rust/./././././././../../🗿️artifacts/🧿️semio/🏅️standards/🔖️v1/🪆️subsets/✳️cad/🚪️io/🦀️component.rs	140
E0308	mismatched types	✏️s/🔌️plugins/🗄️stdio/📦️packages/🦀️rust/././././././././../../🗿️artifacts/📰xml/🏅️standards/🔖️1.0/🪆️subsets/✳️any/🧬️schema/🔺️diff/🦀️component.rs	705
E0308	mismatched types	✏️s/🔌️plugins/🗄️stdio/📦️packages/🦀️rust/././././././././../../🗿️artifacts/🧿️semio/🏅️standards/🔖️v1/🪆️subsets/✳️document/🧬️schema/🧬️mutations/🦀️component.rs	75
E0308	mismatched types	✏️s/🔌️plugins/🗄️stdio/📦️packages/🦀️rust/././././././././../../🗿️artifacts/🧿️semio/🏅️standards/🔖️v1/🪆️subsets/✳️document/🧬️schema/🧬️mutations/🦀️component.rs	111
E0308	mismatched types	✏️s/🔌️plugins/🗄️stdio/📦️packages/🦀️rust/././././././././../../🗿️artifacts/🧿️semio/🏅️standards/🔖️v1/🪆️subsets/✳️document/🧬️schema/🧬️mutations/🦀️component.rs	115
E0308	mismatched types	✏️s/🔌️plugins/🗄️stdio/📦️packages/🦀️rust/././././././././../../🗿️artifacts/🧿️semio/🏅️standards/🔖️v1/🪆️subsets/✳️document/🧬️schema/🧬️mutations/🦀️component.rs	121
E0308	`match` arms have incompatible types	✏️s/🔌️plugins/🗄️stdio/📦️packages/🦀️rust/./././././././././././././../../🗿️artifacts/🧿️semio/🏅️standards/🔖️v1/🪆️subsets/✳️cad/🚪️io/📥️import/🧩️deserializers/🗿️artifacts/📐️step/🔖️ap214/✳️any/🦀️component.rs	62
E0599	no method named `remove` found for opaque type `impl Future<Output = BTreeMap<..., ...>>` in the current scope	✏️s/🔌️plugins/🗄️stdio/📦️packages/🦀️rust/././././././././../../🗿️artifacts/🧿️semio/🏅️standards/🔖️v1/🪆️subsets/✳️brep/🧬️schema/💡️inferences/🦀️component.rs	33
E0308	`match` arms have incompatible types	✏️s/🔌️plugins/🗄️stdio/📦️packages/🦀️rust/./././././././../../🗿️artifacts/🧿️semio/🏅️standards/🔖️v1/🪆️subsets/✳️document/🚪️io/🦀️component.rs	89
E0308	mismatched types	✏️s/🔌️plugins/🗄️stdio/📦️packages/🦀️rust/./././././././../../🗿️artifacts/🧿️semio/🏅️standards/🔖️v1/🪆️subsets/✳️document/🚪️io/🦀️component.rs	178
E0308	mismatched types	✏️s/🔌️plugins/🗄️stdio/📦️packages/🦀️rust/././././././././../../🗿️artifacts/📰xml/🏅️standards/🔖️1.0/🪆️subsets/✳️valid/📚️examples/🚫️no-doctype/🦀️component.rs	16
E0308	mismatched types	✏️s/🔌️plugins/🗄️stdio/📦️packages/🦀️rust/././././././././../../🗿️artifacts/📰xml/🏅️standards/🔖️1.0/🪆️subsets/✳️any/📚️examples/🎬️demo/🦀️component.rs	14
E0308	mismatched types	✏️s/🔌️plugins/🗄️stdio/📦️packages/🦀️rust/././././././././../../🗿️artifacts/📊️csv/🏅️standards/🔖️rfc4180/🪆️subsets/✳️any/📚️examples/🎬️demo/🦀️component.rs	16
E0308	`match` arms have incompatible types	✏️s/🔌️plugins/🗄️stdio/📦️packages/🦀️rust/././././././././../../🗿️artifacts/📊️csv/🏅️standards/🔖️rfc4180/🪆️subsets/✳️any/🧬️schema/📸️snapshot/🦀️component.rs	53
E0308	`match` arms have incompatible types	✏️s/🔌️plugins/🗄️stdio/📦️packages/🦀️rust/././././././././../../🗿️artifacts/📊️csv/🏅️standards/🔖️rfc4180/🪆️subsets/✳️any/🧬️schema/📸️snapshot/🦀️component.rs	53
E0308	mismatched types	✏️s/🔌️plugins/🗄️stdio/📦️packages/🦀️rust/./././././././../../🗿️artifacts/🧿️semio/🏅️standards/🔖️v1/🪆️subsets/✳️brep/🚪️io/🦀️component.rs	141
E0308	mismatched types	✏️s/🔌️plugins/🗄️stdio/📦️packages/🦀️rust/././././././../../🗿️artifacts/🧿️semio/🏅️standards/🔖️v1/🪆️subsets/✳️audio/🚪️io/🦀️component.rs	136
E0308	mismatched types	✏️s/🔌️plugins/🗄️stdio/📦️packages/🦀️rust/././././././../../🗿️artifacts/🧿️semio/🏅️standards/🔖️v1/🪆️subsets/✳️any/🚪️io/🦀️component.rs	79
E0308	mismatched types	✏️s/🔌️plugins/🗄️stdio/📦️packages/🦀️rust/././././././../../🗿️artifacts/🧿️semio/🏅️standards/🔖️v1/🪆️subsets/✳️any/🚪️io/🦀️component.rs	91
E0308	mismatched types	✏️s/🔌️plugins/🗄️stdio/📦️packages/🦀️rust/././././././../../🗿️artifacts/🧿️semio/🏅️standards/🔖️v1/🪆️subsets/✳️any/🚪️io/🦀️component.rs	138
E0308	mismatched types	✏️s/🔌️plugins/🗄️stdio/📦️packages/🦀️rust/././././././././../../🗿️artifacts/📊️csv/🏅️standards/🔖️rfc4180/🪆️subsets/✳️any/📚️examples/🎬️demo/🦀️component.rs	16
E0308	mismatched types	✏️s/🔌️plugins/🗄️stdio/📦️packages/🦀️rust/././././../../🗿️artifacts/📕️xlsx/🏅️standards/🔖️ecma-376/🪆️subsets/✳️any/📚️examples/🎬️demo/🦀️component.rs	14
E0308	mismatched types	✏️s/🔌️plugins/🗄️stdio/📦️packages/🦀️rust/././././../../🗿️artifacts/🎞️pptx/🏅️standards/🔖️ecma-376/🪆️subsets/✳️any/📚️examples/🎬️demo/🦀️component.rs	14
E0599	no method named `map_err` found for opaque type `impl Future<Output = Result<..., ...>>` in the current scope	✏️s/🔌️plugins/🗄️stdio/📦️packages/🦀️rust/./././././././../../🗿️artifacts/💬️bcf/🏅️standards/🔖️2.1/🪆️subsets/✳️any/🚪️io/🦀️component.rs	450
E0599	no method named `map_err` found for opaque type `impl Future<Output = Result<..., ...>>` in the current scope	✏️s/🔌️plugins/🗄️stdio/📦️packages/🦀️rust/./././././././../../🗿️artifacts/💬️bcf/🏅️standards/🔖️2.1/🪆️subsets/✳️any/🚪️io/🦀️component.rs	455
E0308	mismatched types	✏️s/🔌️plugins/🗄️stdio/📦️packages/🦀️rust/././././../../🗿️artifacts/💬️bcf/🏅️standards/🔖️2.1/🪆️subsets/✳️any/📚️examples/🎬️demo/🦀️component.rs	14
E0308	mismatched types	✏️s/🔌️plugins/🗄️stdio/📦️packages/🦀️rust/././../../🗿️artifacts/🧿️semio/🦀️component.rs	150
E0308	mismatched types	✏️s/🔌️plugins/🗄️stdio/📦️packages/🦀️rust/././../../🗿️artifacts/🧿️semio/🦀️component.rs	160
E0277	the `?` operator can only be applied to values that implement `Try`	✏️s/🔌️plugins/🗄️stdio/📦️packages/🦀️rust/././../../🗿️artifacts/🧿️semio/🦀️component.rs	168
E0277	the size for values of type `[u8]` cannot be known at compilation time	✏️s/🔌️plugins/🗄️stdio/📦️packages/🦀️rust/././../../🗿️artifacts/🧿️semio/🦀️component.rs	168
E0277	the size for values of type `[u8]` cannot be known at compilation time	✏️s/🔌️plugins/🗄️stdio/📦️packages/🦀️rust/././../../🗿️artifacts/🧿️semio/🦀️component.rs	168
E0277	the size for values of type `[u8]` cannot be known at compilation time	✏️s/🔌️plugins/🗄️stdio/📦️packages/🦀️rust/././../../🗿️artifacts/🧿️semio/🦀️component.rs	168
E0308	`match` arms have incompatible types	✏️s/🔌️plugins/🗄️stdio/📦️packages/🦀️rust/././././././././../../🗿️artifacts/📝️md/🏅️standards/🔖️commonmark/🪆️subsets/✳️any/🧬️schema/🔺️diff/🦀️component.rs	318
E0599	no method named `map_err` found for opaque type `impl Future<Output = Result<..., ...>>` in the current scope	✏️s/🔌️plugins/🗄️stdio/📦️packages/🦀️rust/././../../🗿️artifacts/🧿️semio/🦀️component.rs	169
E0308	mismatched types	✏️s/🔌️plugins/🗄️stdio/📦️packages/🦀️rust/././././././././../../🗿️artifacts/📝️md/🏅️standards/🔖️commonmark/🪆️subsets/✳️any/🧬️schema/🔺️diff/🦀️component.rs	332
E0308	mismatched types	✏️s/🔌️plugins/🗄️stdio/📦️packages/🦀️rust/././././././././../../🗿️artifacts/📝️md/🏅️standards/🔖️commonmark/🪆️subsets/✳️any/🧬️schema/🔺️diff/🦀️component.rs	377
E0308	mismatched types	✏️s/🔌️plugins/🗄️stdio/📦️packages/🦀️rust/././././././../../🗿️artifacts/📜️docx/🏅️standards/🔖️ecma-376/🪆️subsets/✳️transitional/🧬️schema/🦀️component.rs	28
E0308	mismatched types	✏️s/🔌️plugins/🗄️stdio/📦️packages/🦀️rust/././././././../../🗿️artifacts/🧿️semio/🏅️standards/🔖️v1/🪆️subsets/✳️animation/🚪️io/🦀️component.rs	122
E0308	mismatched types	✏️s/🔌️plugins/🗄️stdio/📦️packages/🦀️rust/././././././../../🗿️artifacts/📜️docx/🏅️standards/🔖️ecma-376/🪆️subsets/✳️transitional/🧬️schema/🦀️component.rs	47
E0308	mismatched types	✏️s/🔌️plugins/🗄️stdio/📦️packages/🦀️rust/././././././../../🗿️artifacts/📜️docx/🏅️standards/🔖️ecma-376/🪆️subsets/✳️transitional/🧬️schema/🦀️component.rs	54
E0308	mismatched types	✏️s/🔌️plugins/🗄️stdio/📦️packages/🦀️rust/././././../../🗿️artifacts/📜️docx/🏅️standards/🔖️ecma-376/🪆️subsets/✳️any/📚️examples/🎬️demo/🦀️component.rs	16
E0308	mismatched types	✏️s/🔌️plugins/🗄️stdio/📦️packages/🦀️rust/././././././././../../🗿️artifacts/📝️md/🏅️standards/🔖️commonmark/🪆️subsets/✳️any/🧬️schema/🔺️diff/🦀️component.rs	528
E0308	mismatched types	✏️s/🔌️plugins/🗄️stdio/📦️packages/🦀️rust/././../../🗿️artifacts/🎞️pptx/🦀️component.rs	45
E0308	mismatched types	✏️s/🔌️plugins/🗄️stdio/📦️packages/🦀️rust/././././././././../../🗿️artifacts/📝️md/🏅️standards/🔖️commonmark/🪆️subsets/✳️any/🧬️schema/🔺️diff/🦀️component.rs	659
E0308	mismatched types	✏️s/🔌️plugins/🗄️stdio/📦️packages/🦀️rust/././././././././../../🗿️artifacts/📝️md/🏅️standards/🔖️commonmark/🪆️subsets/✳️any/🧬️schema/🔺️diff/🦀️component.rs	720
E0308	mismatched types	✏️s/🔌️plugins/🗄️stdio/📦️packages/🦀️rust/./././././././../../🗿️artifacts/🎞️pptx/🏅️standards/🔖️ecma-376/🪆️subsets/✳️any/🧬️schema/🦀️component.rs	32
E0308	mismatched types	✏️s/🔌️plugins/🗄️stdio/📦️packages/🦀️rust/./././././././../../🗿️artifacts/🎞️gif/🏅️standards/🔖️89a/🪆️subsets/✳️any/🚪️io/🦀️component.rs	416
E0308	mismatched types	✏️s/🔌️plugins/🗄️stdio/📦️packages/🦀️rust/././././../../🗿️artifacts/🎞️gif/🏅️standards/🔖️87a/🪆️subsets/✳️any/📚️examples/🎬️demo/🦀️component.rs	14
E0308	mismatched types	✏️s/🔌️plugins/🗄️stdio/📦️packages/🦀️rust/././././../../🗿️artifacts/🎞️gif/🏅️standards/🔖️87a/🪆️subsets/✳️any/📚️examples/💃️dancing/🦀️component.rs	31
E0308	mismatched types	✏️s/🔌️plugins/🗄️stdio/📦️packages/🦀️rust/././././././././../../🗿️artifacts/🖼️tiff/🏅️standards/🔖️6.0/🪆️subsets/✳️any/📚️examples/🎬️demo/🦀️component.rs	16
E0599	no method named `expect` found for opaque type `impl Future<Output = Result<..., ...>>` in the current scope	✏️s/🔌️plugins/🗄️stdio/📦️packages/🦀️rust/./././././././../../🗿️artifacts/🖼️tiff/🏅️standards/🔖️6.0/🪆️subsets/✳️any/🧬️schema/🦀️component.rs	286
E0599	no method named `map_err` found for opaque type `impl Future<Output = Result<..., ...>>` in the current scope	✏️s/🔌️plugins/🗄️stdio/📦️packages/🦀️rust/./././././././././././././../../🗿️artifacts/🖼️tiff/🏅️standards/🔖️6.0/🪆️subsets/✳️any/🚪️io/📥️import/🧩️deserializers/🗿️artifacts/💾️binary/🔖️raw/✳️any/🦀️component.rs	11
E0599	no method named `expect` found for opaque type `impl Future<Output = Result<..., ...>>` in the current scope	✏️s/🔌️plugins/🗄️stdio/📦️packages/🦀️rust/./././././././../../🗿️artifacts/🖼️tiff/🏅️standards/🔖️6.0/🪆️subsets/✳️any/🧬️schema/🦀️component.rs	287
E0599	no method named `map_err` found for opaque type `impl Future<Output = Result<..., ...>>` in the current scope	✏️s/🔌️plugins/🗄️stdio/📦️packages/🦀️rust/./././././././././././././../../🗿️artifacts/🖼️tiff/🏅️standards/🔖️6.0/🪆️subsets/✳️any/🚪️io/📤️export/🧵️serializers/🗿️artifacts/💾️binary/🔖️raw/✳️any/🦀️component.rs	11
E0308	mismatched types	✏️s/🔌️plugins/🗄️stdio/📦️packages/🦀️rust/././././../../🗿️artifacts/📷️jpg/🏅️standards/🔖️jfif-1.01/🪆️subsets/✳️any/📚️examples/🎬️demo/🦀️component.rs	14
E0308	mismatched types	✏️s/🔌️plugins/🗄️stdio/📦️packages/🦀️rust/././././././././../../🗿️artifacts/🖼️tiff/🏅️standards/🔖️6.0/🪆️subsets/✳️any/📚️examples/🎬️demo/🦀️component.rs	16
E0308	mismatched types	✏️s/🔌️plugins/🗄️stdio/📦️packages/🦀️rust/././../../🗿️artifacts/📜️docx/🦀️component.rs	45
E0308	mismatched types	✏️s/🔌️plugins/🗄️stdio/📦️packages/🦀️rust/./././././././../../🗿️artifacts/🎞️gif/🏅️standards/🔖️87a/🪆️subsets/✳️any/🚪️io/🦀️component.rs	676
E0308	mismatched types	✏️s/🔌️plugins/🗄️stdio/📦️packages/🦀️rust/./././././././../../🗿️artifacts/📜️docx/🏅️standards/🔖️ecma-376/🪆️subsets/✳️any/🧬️schema/🦀️component.rs	29
E0308	mismatched types	✏️s/🔌️plugins/🗄️stdio/📦️packages/🦀️rust/././././././././../../🗿️artifacts/📜️docx/🏅️standards/🔖️ecma-376/🪆️subsets/✳️any/🧬️schema/🔺️diff/🦀️component.rs	297
E0308	mismatched types	✏️s/🔌️plugins/🗄️stdio/📦️packages/🦀️rust/././././././././../../🗿️artifacts/📜️docx/🏅️standards/🔖️ecma-376/🪆️subsets/✳️any/🧬️schema/🔺️diff/🦀️component.rs	321
E0308	mismatched types	✏️s/🔌️plugins/🗄️stdio/📦️packages/🦀️rust/./././././././././../../🗿️artifacts/📝️md/🏅️standards/🔖️commonmark/🪆️subsets/✳️any/🚪️io/📥️import/🧩️deserializers/🦀️component.rs	466
E0308	mismatched types	✏️s/🔌️plugins/🗄️stdio/📦️packages/🦀️rust/./././././././././../../🗿️artifacts/📝️md/🏅️standards/🔖️commonmark/🪆️subsets/✳️any/🚪️io/📥️import/🧩️deserializers/🦀️component.rs	540
E0308	mismatched types	✏️s/🔌️plugins/🗄️stdio/📦️packages/🦀️rust/./././././././././../../🗿️artifacts/📝️md/🏅️standards/🔖️commonmark/🪆️subsets/✳️any/🚪️io/📥️import/🧩️deserializers/🦀️component.rs	574
E0308	mismatched types	✏️s/🔌️plugins/🗄️stdio/📦️packages/🦀️rust/./././././././././../../🗿️artifacts/📝️md/🏅️standards/🔖️commonmark/🪆️subsets/✳️any/🚪️io/📥️import/🧩️deserializers/🦀️component.rs	584
E0599	no method named `map_err` found for opaque type `impl Future<Output = Result<..., ...>>` in the current scope	✏️s/🔌️plugins/🗄️stdio/📦️packages/🦀️rust/././././././././../../🗿️artifacts/🖼️tiff/🏅️standards/🔖️6.0/🪆️subsets/✳️any/🧬️schema/📸️snapshot/🦀️component.rs	288
E0308	mismatched types	✏️s/🔌️plugins/🗄️stdio/📦️packages/🦀️rust/././././../../🗿️artifacts/📝️md/🏅️standards/🔖️commonmark/🪆️subsets/✳️any/📚️examples/🎬️demo/🦀️component.rs	14
E0599	no method named `unwrap_or_default` found for opaque type `impl Future<Output = Result<..., ...>>` in the current scope	✏️s/🔌️plugins/🗄️stdio/📦️packages/🦀️rust/././././././././../../🗿️artifacts/🖼️tiff/🏅️standards/🔖️6.0/🪆️subsets/✳️any/🧬️schema/📸️snapshot/🦀️component.rs	292
E0599	no method named `map_err` found for opaque type `impl Future<Output = Result<..., ...>>` in the current scope	✏️s/🔌️plugins/🗄️stdio/📦️packages/🦀️rust/././././././././../../🗿️artifacts/🖼️tiff/🏅️standards/🔖️6.0/🪆️subsets/✳️any/🧬️schema/📸️snapshot/🦀️component.rs	302
E0599	no method named `map_err` found for opaque type `impl Future<Output = Result<..., ...>>` in the current scope	✏️s/🔌️plugins/🗄️stdio/📦️packages/🦀️rust/././././././././../../🗿️artifacts/🖼️tiff/🏅️standards/🔖️6.0/🪆️subsets/✳️any/🧬️schema/📸️snapshot/🦀️component.rs	313
E0599	no method named `map_err` found for opaque type `impl Future<Output = Result<..., ...>>` in the current scope	✏️s/🔌️plugins/🗄️stdio/📦️packages/🦀️rust/././././././././../../🗿️artifacts/🗜️deflate/🏅️standards/🔖️rfc1950/🪆️subsets/✳️any/🧬️schema/📸️snapshot/🦀️component.rs	124
E0599	no method named `iter` found for opaque type `impl Future<Output = Vec<u8>>` in the current scope	✏️s/🔌️plugins/🗄️stdio/📦️packages/🦀️rust/././././././././../../🗿️artifacts/🗜️deflate/🏅️standards/🔖️rfc1950/🪆️subsets/✳️any/🧬️schema/📸️snapshot/🦀️component.rs	128
E0308	mismatched types	✏️s/🔌️plugins/🗄️stdio/📦️packages/🦀️rust/././././././././../../🗿️artifacts/🗜️deflate/🏅️standards/🔖️rfc1950/🪆️subsets/✳️any/🧬️schema/📸️snapshot/🦀️component.rs	140
E0599	no method named `map_err` found for opaque type `impl Future<Output = Result<..., ...>>` in the current scope	✏️s/🔌️plugins/🗄️stdio/📦️packages/🦀️rust/././././././././../../🗿️artifacts/🗜️deflate/🏅️standards/🔖️rfc1950/🪆️subsets/✳️any/🧬️schema/📸️snapshot/🦀️component.rs	148
E0277	`impl Future<Output = std::string::String>` doesn't implement `std::fmt::Display`	✏️s/🔌️plugins/🗄️stdio/📦️packages/🦀️rust/././././././././../../🗿️artifacts/📷️jpg/🏅️standards/🔖️jfif-1.01/🪆️subsets/✳️any/🧬️schema/🧬️mutations/🦀️component.rs	253
E0599	no method named `map_err` found for opaque type `impl Future<Output = Result<..., ...>>` in the current scope	✏️s/🔌️plugins/🗄️stdio/📦️packages/🦀️rust/././././././././../../🗿️artifacts/📷️jpg/🏅️standards/🔖️jfif-1.01/🪆️subsets/✳️any/🧬️schema/🧬️mutations/🦀️component.rs	302
E0599	no method named `map_err` found for opaque type `impl Future<Output = Result<..., ...>>` in the current scope	✏️s/🔌️plugins/🗄️stdio/📦️packages/🦀️rust/./././././././././././././../../🗿️artifacts/🗜️deflate/🏅️standards/🔖️rfc1950/🪆️subsets/✳️any/🚪️io/📥️import/🧩️deserializers/🗿️artifacts/💾️binary/🔖️raw/✳️any/🦀️component.rs	14
E0599	no method named `map_err` found for opaque type `impl Future<Output = Result<..., ...>>` in the current scope	✏️s/🔌️plugins/🗄️stdio/📦️packages/🦀️rust/./././././././././././././../../🗿️artifacts/🗜️deflate/🏅️standards/🔖️rfc1950/🪆️subsets/✳️any/🚪️io/📤️export/🧵️serializers/🗿️artifacts/💾️binary/🔖️raw/✳️any/🦀️component.rs	14
E0308	mismatched types	✏️s/🔌️plugins/🗄️stdio/📦️packages/🦀️rust/././././../../🗿️artifacts/🗜️deflate/🏅️standards/🔖️rfc1950/🪆️subsets/✳️any/📚️examples/🎬️demo/🦀️component.rs	14
E0599	no method named `map_err` found for opaque type `impl Future<Output = Result<..., ...>>` in the current scope	✏️s/🔌️plugins/🗄️stdio/📦️packages/🦀️rust/././././././././../../🗿️artifacts/🎒️zip/🏅️standards/🔖️2.0/🪆️subsets/✳️any/🧬️schema/📸️snapshot/🦀️component.rs	65
E0599	no method named `expect` found for opaque type `impl Future<Output = Result<..., ...>>` in the current scope	✏️s/🔌️plugins/🗄️stdio/📦️packages/🦀️rust/././././././././../../🗿️artifacts/🎒️zip/🏅️standards/🔖️2.0/🪆️subsets/✳️any/🧬️schema/📸️snapshot/🦀️component.rs	69
E0599	no method named `map_err` found for opaque type `impl Future<Output = Result<..., ...>>` in the current scope	✏️s/🔌️plugins/🗄️stdio/📦️packages/🦀️rust/././././././././../../🗿️artifacts/🎒️zip/🏅️standards/🔖️2.0/🪆️subsets/✳️any/🧬️schema/📸️snapshot/🦀️component.rs	79
E0599	no method named `map_err` found for opaque type `impl Future<Output = Result<..., ...>>` in the current scope	✏️s/🔌️plugins/🗄️stdio/📦️packages/🦀️rust/././././././././../../🗿️artifacts/🎒️zip/🏅️standards/🔖️2.0/🪆️subsets/✳️any/🧬️schema/📸️snapshot/🦀️component.rs	90
E0308	mismatched types	✏️s/🔌️plugins/🗄️stdio/📦️packages/🦀️rust/././././../../🗿️artifacts/🖊️dwg/🏅️standards/🔖️ac1018/🪆️subsets/✳️any/📚️examples/🎬️demo/🦀️component.rs	14
E0308	mismatched types	✏️s/🔌️plugins/🗄️stdio/📦️packages/🦀️rust/././././../../🗿️artifacts/🖊️dwg/🏅️standards/🔖️ac1018/🪆️subsets/✳️any/📚️examples/🏛️architectural/🦀️component.rs	36
E0308	mismatched types	✏️s/🔌️plugins/🗄️stdio/📦️packages/🦀️rust/././../../🗿️artifacts/📷️png/🦀️component.rs	159
E0308	mismatched types	✏️s/🔌️plugins/🗄️stdio/📦️packages/🦀️rust/./././././././../../🗿️artifacts/📷️png/🏅️standards/🔖️1.2/🪆️subsets/✳️any/🚪️io/🦀️component.rs	71
E0599	no method named `map_err` found for opaque type `impl Future<Output = Result<..., ...>>` in the current scope	✏️s/🔌️plugins/🗄️stdio/📦️packages/🦀️rust/./././././././././././././../../🗿️artifacts/🎒️zip/🏅️standards/🔖️2.0/🪆️subsets/✳️any/🚪️io/📥️import/🧩️deserializers/🗿️artifacts/💾️binary/🔖️raw/✳️any/🦀️component.rs	14
E0599	no method named `map_err` found for opaque type `impl Future<Output = Result<..., ...>>` in the current scope	✏️s/🔌️plugins/🗄️stdio/📦️packages/🦀️rust/./././././././././././././../../🗿️artifacts/🎒️zip/🏅️standards/🔖️2.0/🪆️subsets/✳️any/🚪️io/📥️import/🧩️deserializers/🗿️artifacts/🗜️deflate/🔖️rfc1950/✳️any/🦀️component.rs	15
E0599	no method named `unwrap_or_default` found for opaque type `impl Future<Output = Result<..., ...>>` in the current scope	✏️s/🔌️plugins/🗄️stdio/📦️packages/🦀️rust/./././././././../../🗿️artifacts/📷️png/🏅️standards/🔖️1.2/🪆️subsets/✳️any/🚪️io/🦀️component.rs	435
E0599	no method named `map_err` found for opaque type `impl Future<Output = Result<..., ...>>` in the current scope	✏️s/🔌️plugins/🗄️stdio/📦️packages/🦀️rust/./././././././././././././../../🗿️artifacts/🎒️zip/🏅️standards/🔖️2.0/🪆️subsets/✳️any/🚪️io/📤️export/🧵️serializers/🗿️artifacts/💾️binary/🔖️raw/✳️any/🦀️component.rs	14
E0599	no method named `unwrap_or_default` found for opaque type `impl Future<Output = Result<..., ...>>` in the current scope	✏️s/🔌️plugins/🗄️stdio/📦️packages/🦀️rust/./././././././../../🗿️artifacts/📷️png/🏅️standards/🔖️1.2/🪆️subsets/✳️any/🚪️io/🦀️component.rs	450
E0277	the `?` operator can only be applied to values that implement `Try`	✏️s/🔌️plugins/🗄️stdio/📦️packages/🦀️rust/./././././././../../🗿️artifacts/📷️png/🏅️standards/🔖️1.2/🪆️subsets/✳️any/🚪️io/🦀️component.rs	485
E0277	the size for values of type `[u8]` cannot be known at compilation time	✏️s/🔌️plugins/🗄️stdio/📦️packages/🦀️rust/./././././././../../🗿️artifacts/📷️png/🏅️standards/🔖️1.2/🪆️subsets/✳️any/🚪️io/🦀️component.rs	485
E0277	the size for values of type `[u8]` cannot be known at compilation time	✏️s/🔌️plugins/🗄️stdio/📦️packages/🦀️rust/./././././././../../🗿️artifacts/📷️png/🏅️standards/🔖️1.2/🪆️subsets/✳️any/🚪️io/🦀️component.rs	485
E0277	the size for values of type `[u8]` cannot be known at compilation time	✏️s/🔌️plugins/🗄️stdio/📦️packages/🦀️rust/./././././././../../🗿️artifacts/📷️png/🏅️standards/🔖️1.2/🪆️subsets/✳️any/🚪️io/🦀️component.rs	485
E0277	the size for values of type `[u8]` cannot be known at compilation time	✏️s/🔌️plugins/🗄️stdio/📦️packages/🦀️rust/./././././././../../🗿️artifacts/📷️png/🏅️standards/🔖️1.2/🪆️subsets/✳️any/🚪️io/🦀️component.rs	485
E0599	no method named `map_err` found for opaque type `impl Future<Output = Result<..., ...>>` in the current scope	✏️s/🔌️plugins/🗄️stdio/📦️packages/🦀️rust/./././././././././././././../../🗿️artifacts/🎒️zip/🏅️standards/🔖️2.0/🪆️subsets/✳️any/🚪️io/📤️export/🧵️serializers/🗿️artifacts/🗜️deflate/🔖️rfc1950/✳️any/🦀️component.rs	15
E0308	mismatched types	✏️s/🔌️plugins/🗄️stdio/📦️packages/🦀️rust/./././././././../../🗿️artifacts/🎒️zip/🏅️standards/🔖️2.0/🪆️subsets/✳️iso21320/🧬️schema/🦀️component.rs	182
E0308	mismatched types	✏️s/🔌️plugins/🗄️stdio/📦️packages/🦀️rust/./././././././../../🗿️artifacts/🎒️zip/🏅️standards/🔖️2.0/🪆️subsets/✳️iso21320/🧬️schema/🦀️component.rs	183
E0308	mismatched types	✏️s/🔌️plugins/🗄️stdio/📦️packages/🦀️rust/./././././././../../🗿️artifacts/🎒️zip/🏅️standards/🔖️2.0/🪆️subsets/✳️iso21320/🧬️schema/🦀️component.rs	193
E0308	mismatched types	✏️s/🔌️plugins/🗄️stdio/📦️packages/🦀️rust/./././././././../../🗿️artifacts/🎒️zip/🏅️standards/🔖️2.0/🪆️subsets/✳️iso21320/🧬️schema/🦀️component.rs	194
E0308	mismatched types	✏️s/🔌️plugins/🗄️stdio/📦️packages/🦀️rust/./././././././../../🗿️artifacts/🎒️zip/🏅️standards/🔖️2.0/🪆️subsets/✳️iso21320/🚪️io/🦀️component.rs	37
E0308	mismatched types	✏️s/🔌️plugins/🗄️stdio/📦️packages/🦀️rust/./././././././../../🗿️artifacts/🎒️zip/🏅️standards/🔖️2.0/🪆️subsets/✳️iso21320/🚪️io/🦀️component.rs	37
E0277	the `?` operator can only be applied to values that implement `Try`	✏️s/🔌️plugins/🗄️stdio/📦️packages/🦀️rust/./././././././../../🗿️artifacts/📷️png/🏅️standards/🔖️1.2/🪆️subsets/✳️any/🚪️io/🦀️component.rs	722
E0277	the size for values of type `[u8]` cannot be known at compilation time	✏️s/🔌️plugins/🗄️stdio/📦️packages/🦀️rust/./././././././../../🗿️artifacts/📷️png/🏅️standards/🔖️1.2/🪆️subsets/✳️any/🚪️io/🦀️component.rs	722
E0277	the size for values of type `[u8]` cannot be known at compilation time	✏️s/🔌️plugins/🗄️stdio/📦️packages/🦀️rust/./././././././../../🗿️artifacts/📷️png/🏅️standards/🔖️1.2/🪆️subsets/✳️any/🚪️io/🦀️component.rs	722
E0277	the size for values of type `[u8]` cannot be known at compilation time	✏️s/🔌️plugins/🗄️stdio/📦️packages/🦀️rust/./././././././../../🗿️artifacts/📷️png/🏅️standards/🔖️1.2/🪆️subsets/✳️any/🚪️io/🦀️component.rs	722
E0277	the size for values of type `[u8]` cannot be known at compilation time	✏️s/🔌️plugins/🗄️stdio/📦️packages/🦀️rust/./././././././../../🗿️artifacts/📷️png/🏅️standards/🔖️1.2/🪆️subsets/✳️any/🚪️io/🦀️component.rs	722
E0277	the `?` operator can only be applied to values that implement `Try`	✏️s/🔌️plugins/🗄️stdio/📦️packages/🦀️rust/./././././././../../🗿️artifacts/📷️png/🏅️standards/🔖️1.2/🪆️subsets/✳️any/🚪️io/🦀️component.rs	745
E0277	the size for values of type `[u8]` cannot be known at compilation time	✏️s/🔌️plugins/🗄️stdio/📦️packages/🦀️rust/./././././././../../🗿️artifacts/📷️png/🏅️standards/🔖️1.2/🪆️subsets/✳️any/🚪️io/🦀️component.rs	745
E0277	the size for values of type `[u8]` cannot be known at compilation time	✏️s/🔌️plugins/🗄️stdio/📦️packages/🦀️rust/./././././././../../🗿️artifacts/📷️png/🏅️standards/🔖️1.2/🪆️subsets/✳️any/🚪️io/🦀️component.rs	745
E0277	the size for values of type `[u8]` cannot be known at compilation time	✏️s/🔌️plugins/🗄️stdio/📦️packages/🦀️rust/./././././././../../🗿️artifacts/📷️png/🏅️standards/🔖️1.2/🪆️subsets/✳️any/🚪️io/🦀️component.rs	745
E0277	the size for values of type `[u8]` cannot be known at compilation time	✏️s/🔌️plugins/🗄️stdio/📦️packages/🦀️rust/./././././././../../🗿️artifacts/📷️png/🏅️standards/🔖️1.2/🪆️subsets/✳️any/🚪️io/🦀️component.rs	745
E0277	the `?` operator can only be applied to values that implement `Try`	✏️s/🔌️plugins/🗄️stdio/📦️packages/🦀️rust/./././././././../../🗿️artifacts/📷️png/🏅️standards/🔖️1.2/🪆️subsets/✳️any/🚪️io/🦀️component.rs	781
E0277	the size for values of type `[u8]` cannot be known at compilation time	✏️s/🔌️plugins/🗄️stdio/📦️packages/🦀️rust/./././././././../../🗿️artifacts/📷️png/🏅️standards/🔖️1.2/🪆️subsets/✳️any/🚪️io/🦀️component.rs	781
E0277	the size for values of type `[u8]` cannot be known at compilation time	✏️s/🔌️plugins/🗄️stdio/📦️packages/🦀️rust/./././././././../../🗿️artifacts/📷️png/🏅️standards/🔖️1.2/🪆️subsets/✳️any/🚪️io/🦀️component.rs	781
E0277	the size for values of type `[u8]` cannot be known at compilation time	✏️s/🔌️plugins/🗄️stdio/📦️packages/🦀️rust/./././././././../../🗿️artifacts/📷️png/🏅️standards/🔖️1.2/🪆️subsets/✳️any/🚪️io/🦀️component.rs	781
E0277	the size for values of type `[u8]` cannot be known at compilation time	✏️s/🔌️plugins/🗄️stdio/📦️packages/🦀️rust/./././././././../../🗿️artifacts/📷️png/🏅️standards/🔖️1.2/🪆️subsets/✳️any/🚪️io/🦀️component.rs	781
E0308	mismatched types	✏️s/🔌️plugins/🗄️stdio/📦️packages/🦀️rust/././././../../🗿️artifacts/📷️png/🏅️standards/🔖️1.2/🪆️subsets/✳️any/📚️examples/🎬️demo/🦀️component.rs	14
E0277	`ArtifactDeclarationBuilder<NeedsSchema>` is not a future	✏️s/🔌️plugins/🗄️stdio/📦️packages/🦀️rust/././../../🗿️artifacts/📄️pdf/🦀️component.rs	30
E0277	`ArtifactDeclarationBuilder<NeedsSchema>` is not a future	✏️s/🔌️plugins/🗄️stdio/📦️packages/🦀️rust/././../../🗿️artifacts/📄️pdf/🦀️component.rs	30
E0599	no method named `map_err` found for opaque type `impl Future<Output = Result<..., ...>>` in the current scope	✏️s/🔌️plugins/🗄️stdio/📦️packages/🦀️rust/./././../../🗿️artifacts/🎒️zip/📦️opc/🦀️component.rs	471
E0599	no method named `map_err` found for opaque type `impl Future<Output = Result<..., ...>>` in the current scope	✏️s/🔌️plugins/🗄️stdio/📦️packages/🦀️rust/./././../../🗿️artifacts/🎒️zip/📦️opc/🦀️component.rs	581
E0308	mismatched types	✏️s/🔌️plugins/🗄️stdio/📦️packages/🦀️rust/./././../../🗿️artifacts/🎒️zip/📦️opc/🦀️component.rs	589
E0308	mismatched types	✏️s/🔌️plugins/🗄️stdio/📦️packages/🦀️rust/././././../../🗿️artifacts/🎒️zip/🏅️standards/🔖️2.0/🪆️subsets/✳️any/📚️examples/🎬️demo/🦀️component.rs	14
E0308	mismatched types	✏️s/🔌️plugins/🗄️stdio/📦️packages/🦀️rust/././././../../🗿️artifacts/🎨️svg/🏅️standards/🔖️1.1/🪆️subsets/✳️any/📚️examples/🎬️demo/🦀️component.rs	14
E0308	mismatched types	✏️s/🔌️plugins/🗄️stdio/📦️packages/🦀️rust/./././././././../../🗿️artifacts/🖼️bmp/🏅️standards/🔖️v3/🪆️subsets/✳️any/🚪️io/🦀️component.rs	402
E0308	mismatched types	✏️s/🔌️plugins/🗄️stdio/📦️packages/🦀️rust/././././../../🗿️artifacts/🖼️bmp/🏅️standards/🔖️v3/🪆️subsets/✳️any/📚️examples/🎬️demo/🦀️component.rs	14
E0308	mismatched types	✏️s/🔌️plugins/🗄️stdio/📦️packages/🦀️rust/././././../../🗿️artifacts/📐️step/🏅️standards/🔖️ap214/🪆️subsets/✳️any/📚️examples/🎬️demo/🦀️component.rs	14
E0308	mismatched types	✏️s/🔌️plugins/🗄️stdio/📦️packages/🦀️rust/./././././././../../🗿️artifacts/🏗️ifc/🏅️standards/🔖️4/🪆️subsets/✳️any/🧬️schema/🦀️component.rs	280
E0308	mismatched types	✏️s/🔌️plugins/🗄️stdio/📦️packages/🦀️rust/././././././././../../🗿️artifacts/🎨️svg/🏅️standards/🔖️1.1/🪆️subsets/✳️any/🧬️schema/🔺️diff/🦀️component.rs	311
E0308	mismatched types	✏️s/🔌️plugins/🗄️stdio/📦️packages/🦀️rust/././././././././../../🗿️artifacts/🎨️svg/🏅️standards/🔖️1.1/🪆️subsets/✳️any/🧬️schema/🔺️diff/🦀️component.rs	345
E0308	mismatched types	✏️s/🔌️plugins/🗄️stdio/📦️packages/🦀️rust/././././././././../../🗿️artifacts/🎨️svg/🏅️standards/🔖️1.1/🪆️subsets/✳️any/🧬️schema/🔺️diff/🦀️component.rs	477
E0308	mismatched types	✏️s/🔌️plugins/🗄️stdio/📦️packages/🦀️rust/././././././././../../🗿️artifacts/🎨️svg/🏅️standards/🔖️1.1/🪆️subsets/✳️any/🧬️schema/🔺️diff/🦀️component.rs	517
E0308	mismatched types	✏️s/🔌️plugins/🗄️stdio/📦️packages/🦀️rust/././././././././../../🗿️artifacts/🎨️svg/🏅️standards/🔖️1.1/🪆️subsets/✳️any/🧬️schema/🔺️diff/🦀️component.rs	583
E0308	mismatched types	✏️s/🔌️plugins/🗄️stdio/📦️packages/🦀️rust/././././././././../../🗿️artifacts/🎨️svg/🏅️standards/🔖️1.1/🪆️subsets/✳️any/🧬️schema/🔺️diff/🦀️component.rs	601
E0308	mismatched types	✏️s/🔌️plugins/🗄️stdio/📦️packages/🦀️rust/././././././././../../🗿️artifacts/🎨️svg/🏅️standards/🔖️1.1/🪆️subsets/✳️any/🧬️schema/🔺️diff/🦀️component.rs	692
E0277	the trait bound `std::string::String: Borrow<&str>` is not satisfied	✏️s/🔌️plugins/🗄️stdio/📦️packages/🦀️rust/././././././././../../🗿️artifacts/🖊️dxf/🏅️standards/🔖️r12/🪆️subsets/✳️any/🧬️schema/🔺️diff/🦀️component.rs	279
E0277	`impl Future<Output = std::string::String>` doesn't implement `std::fmt::Display`	✏️s/🔌️plugins/🗄️stdio/📦️packages/🦀️rust/././././././././../../🗿️artifacts/🟪️stl/🏅️standards/🔖️ascii/🪆️subsets/✳️any/🧬️schema/🧬️mutations/🦀️component.rs	148
E0599	no method named `map_err` found for opaque type `impl Future<Output = Result<..., ...>>` in the current scope	✏️s/🔌️plugins/🗄️stdio/📦️packages/🦀️rust/././././././././../../🗿️artifacts/🟪️stl/🏅️standards/🔖️ascii/🪆️subsets/✳️any/🧬️schema/🧬️mutations/🦀️component.rs	183
E0308	mismatched types	✏️s/🔌️plugins/🗄️stdio/📦️packages/🦀️rust/././././../../🗿️artifacts/☁️ply/🏅️standards/🔖️1.0/🪆️subsets/✳️any/📚️examples/🎬️demo/🦀️component.rs	14
E0308	mismatched types	✏️s/🔌️plugins/🗄️stdio/📦️packages/🦀️rust/././././../../🗿️artifacts/🟪️stl/🏅️standards/🔖️ascii/🪆️subsets/✳️any/📚️examples/🎬️demo/🦀️component.rs	14
E0277	`impl Future<Output = std::string::String>` doesn't implement `std::fmt::Display`	✏️s/🔌️plugins/🗄️stdio/📦️packages/🦀️rust/././././././././../../🗿️artifacts/🏗️ifc/🏅️standards/🔖️4/🪆️subsets/✳️any/🧬️schema/🧬️mutations/🦀️component.rs	188
E0599	no method named `map_err` found for opaque type `impl Future<Output = Result<..., ...>>` in the current scope	✏️s/🔌️plugins/🗄️stdio/📦️packages/🦀️rust/././././././././../../🗿️artifacts/🏗️ifc/🏅️standards/🔖️4/🪆️subsets/✳️any/🧬️schema/🧬️mutations/🦀️component.rs	229
E0308	mismatched types	✏️s/🔌️plugins/🗄️stdio/📦️packages/🦀️rust/././././../../🗿️artifacts/🖊️dxf/🏅️standards/🔖️r12/🪆️subsets/✳️any/📚️examples/🎬️demo/🦀️component.rs	14
E0308	`match` arms have incompatible types	✏️s/🔌️plugins/🗄️stdio/📦️packages/🦀️rust/././././././././../../🗿️artifacts/🏗️ifc/🏅️standards/🔖️4/🪆️subsets/✳️any/🧬️schema/🧬️mutations/🦀️component.rs	289
E0599	no method named `map_err` found for opaque type `impl Future<Output = Result<..., ...>>` in the current scope	✏️s/🔌️plugins/🗄️stdio/📦️packages/🦀️rust/././././././././../../🗿️artifacts/🏗️ifc/🏅️standards/🔖️4/🪆️subsets/✳️any/🧬️schema/🧬️mutations/🦀️component.rs	328
E0308	mismatched types	✏️s/🔌️plugins/🗄️stdio/📦️packages/🦀️rust/././././././././../../🗿️artifacts/🧊️obj/🏅️standards/🔖️3.0/🪆️subsets/✳️any/🧬️schema/🔺️diff/🦀️component.rs	2282
E0308	mismatched types	✏️s/🔌️plugins/🗄️stdio/📦️packages/🦀️rust/././././././././../../🗿️artifacts/🧊️obj/🏅️standards/🔖️3.0/🪆️subsets/✳️any/🧬️schema/🔺️diff/🦀️component.rs	2286
E0308	mismatched types	✏️s/🔌️plugins/🗄️stdio/📦️packages/🦀️rust/././././././././../../🗿️artifacts/🧊️obj/🏅️standards/🔖️3.0/🪆️subsets/✳️any/🧬️schema/🔺️diff/🦀️component.rs	2290
E0308	mismatched types	✏️s/🔌️plugins/🗄️stdio/📦️packages/🦀️rust/././././././././../../🗿️artifacts/🧊️obj/🏅️standards/🔖️3.0/🪆️subsets/✳️any/🧬️schema/🔺️diff/🦀️component.rs	2294
E0308	mismatched types	✏️s/🔌️plugins/🗄️stdio/📦️packages/🦀️rust/././././../../🗿️artifacts/🧊️gltf/🏅️standards/🔖️2.0/🪆️subsets/✳️any/📚️examples/🎬️demo/🦀️component.rs	14
E0308	mismatched types	✏️s/🔌️plugins/🗄️stdio/📦️packages/🦀️rust/./././././././../../🗿️artifacts/🏗️ifc/🏅️standards/🔖️2x3/🪆️subsets/✳️any/🧬️schema/🦀️component.rs	336
E0308	mismatched types	✏️s/🔌️plugins/🗄️stdio/📦️packages/🦀️rust/././././../../🗿️artifacts/🧊️gltf/🏅️standards/🔖️2.0/🪆️subsets/✳️any/📚️examples/🌱️metabolism/🦀️component.rs	41
E0614	type `impl Future<Output = &mut Vec<usize>>` cannot be dereferenced	✏️s/🔌️plugins/🗄️stdio/📦️packages/🦀️rust/././././././././../../🗿️artifacts/🧊️obj/🏅️standards/🔖️3.0/🪆️subsets/✳️any/🧬️schema/🔺️diff/🦀️component.rs	653
E0308	mismatched types	✏️s/🔌️plugins/🗄️stdio/📦️packages/🦀️rust/././././././././../../🗿️artifacts/🧊️gltf/🏅️standards/🔖️2.0/🪆️subsets/✳️any/🧬️schema/💡️inferences/🔨️dag-assembly/🦀️component.rs	14
E0308	mismatched types	✏️s/🔌️plugins/🗄️stdio/📦️packages/🦀️rust/././././././././../../🗿️artifacts/🧊️gltf/🏅️standards/🔖️2.0/🪆️subsets/✳️any/🧬️schema/💡️inferences/🔨️dag-assembly/🦀️component.rs	15
E0308	mismatched types	✏️s/🔌️plugins/🗄️stdio/📦️packages/🦀️rust/././././././././../../🗿️artifacts/🧊️gltf/🏅️standards/🔖️2.0/🪆️subsets/✳️any/🧬️schema/💡️inferences/🔨️dag-assembly/🦀️component.rs	16
E0308	mismatched types	✏️s/🔌️plugins/🗄️stdio/📦️packages/🦀️rust/././././././././../../🗿️artifacts/🧊️gltf/🏅️standards/🔖️2.0/🪆️subsets/✳️any/🧬️schema/💡️inferences/🔨️dag-assembly/🦀️component.rs	17
E0308	mismatched types	✏️s/🔌️plugins/🗄️stdio/📦️packages/🦀️rust/././././././././../../🗿️artifacts/🧊️gltf/🏅️standards/🔖️2.0/🪆️subsets/✳️any/🧬️schema/💡️inferences/🔨️dag-assembly/🦀️component.rs	18
E0308	mismatched types	✏️s/🔌️plugins/🗄️stdio/📦️packages/🦀️rust/././././././././../../🗿️artifacts/🧊️gltf/🏅️standards/🔖️2.0/🪆️subsets/✳️any/🧬️schema/💡️inferences/🔨️dag-assembly/🦀️component.rs	19
E0308	mismatched types	✏️s/🔌️plugins/🗄️stdio/📦️packages/🦀️rust/././././././././../../🗿️artifacts/🧊️gltf/🏅️standards/🔖️2.0/🪆️subsets/✳️any/🧬️schema/💡️inferences/🔨️dag-assembly/🦀️component.rs	20
E0308	mismatched types	✏️s/🔌️plugins/🗄️stdio/📦️packages/🦀️rust/././././././././../../🗿️artifacts/🧊️gltf/🏅️standards/🔖️2.0/🪆️subsets/✳️any/🧬️schema/💡️inferences/🔨️dag-assembly/🦀️component.rs	21
E0308	mismatched types	✏️s/🔌️plugins/🗄️stdio/📦️packages/🦀️rust/././././././././../../🗿️artifacts/🧊️gltf/🏅️standards/🔖️2.0/🪆️subsets/✳️any/🧬️schema/💡️inferences/🔨️dag-assembly/🦀️component.rs	22
E0308	mismatched types	✏️s/🔌️plugins/🗄️stdio/📦️packages/🦀️rust/././././././././../../🗿️artifacts/🧊️gltf/🏅️standards/🔖️2.0/🪆️subsets/✳️any/🧬️schema/💡️inferences/🔨️dag-assembly/🦀️component.rs	23
E0308	mismatched types	✏️s/🔌️plugins/🗄️stdio/📦️packages/🦀️rust/././././././././../../🗿️artifacts/🧊️gltf/🏅️standards/🔖️2.0/🪆️subsets/✳️any/🧬️schema/💡️inferences/🔨️dag-assembly/🦀️component.rs	24
E0308	mismatched types	✏️s/🔌️plugins/🗄️stdio/📦️packages/🦀️rust/././././././././../../🗿️artifacts/🧊️gltf/🏅️standards/🔖️2.0/🪆️subsets/✳️any/🧬️schema/💡️inferences/🔨️dag-assembly/🦀️component.rs	25
E0308	mismatched types	✏️s/🔌️plugins/🗄️stdio/📦️packages/🦀️rust/././././././././../../🗿️artifacts/🧊️gltf/🏅️standards/🔖️2.0/🪆️subsets/✳️any/🧬️schema/💡️inferences/🔨️dag-assembly/🦀️component.rs	26
E0308	mismatched types	✏️s/🔌️plugins/🗄️stdio/📦️packages/🦀️rust/././././././././../../🗿️artifacts/🧊️gltf/🏅️standards/🔖️2.0/🪆️subsets/✳️any/🧬️schema/💡️inferences/🔨️dag-assembly/🦀️component.rs	27
E0308	mismatched types	✏️s/🔌️plugins/🗄️stdio/📦️packages/🦀️rust/././././././././../../🗿️artifacts/🧊️gltf/🏅️standards/🔖️2.0/🪆️subsets/✳️any/🧬️schema/💡️inferences/🔨️dag-assembly/🦀️component.rs	39
E0308	mismatched types	✏️s/🔌️plugins/🗄️stdio/📦️packages/🦀️rust/././././././././../../🗿️artifacts/🧊️gltf/🏅️standards/🔖️2.0/🪆️subsets/✳️any/🧬️schema/💡️inferences/🔨️dag-assembly/🦀️component.rs	40
E0308	mismatched types	✏️s/🔌️plugins/🗄️stdio/📦️packages/🦀️rust/././././././././../../🗿️artifacts/🧊️gltf/🏅️standards/🔖️2.0/🪆️subsets/✳️any/🧬️schema/💡️inferences/🔨️dag-assembly/🦀️component.rs	41
E0308	mismatched types	✏️s/🔌️plugins/🗄️stdio/📦️packages/🦀️rust/././././././././../../🗿️artifacts/🧊️gltf/🏅️standards/🔖️2.0/🪆️subsets/✳️any/🧬️schema/💡️inferences/🔨️dag-assembly/🦀️component.rs	42
E0308	mismatched types	✏️s/🔌️plugins/🗄️stdio/📦️packages/🦀️rust/././././././././../../🗿️artifacts/🧊️gltf/🏅️standards/🔖️2.0/🪆️subsets/✳️any/🧬️schema/💡️inferences/🔨️dag-assembly/🦀️component.rs	43
E0308	mismatched types	✏️s/🔌️plugins/🗄️stdio/📦️packages/🦀️rust/././././././././../../🗿️artifacts/🧊️gltf/🏅️standards/🔖️2.0/🪆️subsets/✳️any/🧬️schema/💡️inferences/🔨️dag-assembly/🦀️component.rs	44
E0308	mismatched types	✏️s/🔌️plugins/🗄️stdio/📦️packages/🦀️rust/././././././././../../🗿️artifacts/🧊️gltf/🏅️standards/🔖️2.0/🪆️subsets/✳️any/🧬️schema/💡️inferences/🔨️dag-assembly/🦀️component.rs	45
E0308	mismatched types	✏️s/🔌️plugins/🗄️stdio/📦️packages/🦀️rust/././././././././../../🗿️artifacts/🧊️gltf/🏅️standards/🔖️2.0/🪆️subsets/✳️any/🧬️schema/💡️inferences/🔨️dag-assembly/🦀️component.rs	46
E0308	mismatched types	✏️s/🔌️plugins/🗄️stdio/📦️packages/🦀️rust/././././././././../../🗿️artifacts/🧊️gltf/🏅️standards/🔖️2.0/🪆️subsets/✳️any/🧬️schema/💡️inferences/🔨️dag-assembly/🦀️component.rs	47
E0308	mismatched types	✏️s/🔌️plugins/🗄️stdio/📦️packages/🦀️rust/././././././././../../🗿️artifacts/🧊️gltf/🏅️standards/🔖️2.0/🪆️subsets/✳️any/🧬️schema/💡️inferences/🔨️dag-assembly/🦀️component.rs	48
E0308	mismatched types	✏️s/🔌️plugins/🗄️stdio/📦️packages/🦀️rust/././././././././../../🗿️artifacts/🧊️gltf/🏅️standards/🔖️2.0/🪆️subsets/✳️any/🧬️schema/💡️inferences/🔨️dag-assembly/🦀️component.rs	49
E0308	mismatched types	✏️s/🔌️plugins/🗄️stdio/📦️packages/🦀️rust/././././././././../../🗿️artifacts/🧊️gltf/🏅️standards/🔖️2.0/🪆️subsets/✳️any/🧬️schema/💡️inferences/🔨️dag-assembly/🦀️component.rs	50
E0308	mismatched types	✏️s/🔌️plugins/🗄️stdio/📦️packages/🦀️rust/././././././././../../🗿️artifacts/🧊️gltf/🏅️standards/🔖️2.0/🪆️subsets/✳️any/🧬️schema/💡️inferences/🔨️dag-assembly/🦀️component.rs	51
E0308	mismatched types	✏️s/🔌️plugins/🗄️stdio/📦️packages/🦀️rust/././././././././../../🗿️artifacts/🧊️gltf/🏅️standards/🔖️2.0/🪆️subsets/✳️any/🧬️schema/💡️inferences/🔨️dag-assembly/🦀️component.rs	52
E0308	mismatched types	✏️s/🔌️plugins/🗄️stdio/📦️packages/🦀️rust/././././../../🗿️artifacts/🧊️obj/🏅️standards/🔖️3.0/🪆️subsets/✳️any/📚️examples/🎬️demo/🦀️component.rs	14
E0308	mismatched types	✏️s/🔌️plugins/🗄️stdio/📦️packages/🦀️rust/././././././././../../🗿️artifacts/🧊️obj/🏅️standards/🔖️3.0/🪆️subsets/✳️any/🧬️schema/🔺️diff/🦀️component.rs	82
E0600	cannot apply unary operator `!` to type `impl Future<Output = bool>`	✏️s/🔌️plugins/🗄️stdio/📦️packages/🦀️rust/././././././././../../🗿️artifacts/🧊️obj/🏅️standards/🔖️3.0/🪆️subsets/✳️any/🧬️schema/🔺️diff/🦀️component.rs	82
E0308	mismatched types	✏️s/🔌️plugins/🗄️stdio/📦️packages/🦀️rust/././././././././../../🗿️artifacts/🧊️obj/🏅️standards/🔖️3.0/🪆️subsets/✳️any/🧬️schema/🔺️diff/🦀️component.rs	88
E0599	no method named `map_err` found for opaque type `impl Future<Output = Result<..., ...>>` in the current scope	✏️s/🔌️plugins/🗄️stdio/📦️packages/🦀️rust/././././././././../../🗿️artifacts/🏗️ifc/🏅️standards/🔖️2x3/🪆️subsets/✳️any/🧬️schema/🧬️mutations/🦀️component.rs	151
E0308	`match` arms have incompatible types	✏️s/🔌️plugins/🗄️stdio/📦️packages/🦀️rust/././././././././../../🗿️artifacts/🏗️ifc/🏅️standards/🔖️2x3/🪆️subsets/✳️any/🧬️schema/🧬️mutations/🦀️component.rs	212
E0600	cannot apply unary operator `!` to type `impl Future<Output = bool>`	✏️s/🔌️plugins/🗄️stdio/📦️packages/🦀️rust/././././././././../../🗿️artifacts/🧊️obj/🏅️standards/🔖️3.0/🪆️subsets/✳️any/🧬️schema/🔺️diff/🦀️component.rs	179
E0599	no method named `map_err` found for opaque type `impl Future<Output = Result<..., ...>>` in the current scope	✏️s/🔌️plugins/🗄️stdio/📦️packages/🦀️rust/./././././././././././././../../🗿️artifacts/🏗️ifc/🏅️standards/🔖️2x3/🪆️subsets/✳️any/🚪️io/📥️import/🧩️deserializers/🗿️artifacts/💾️binary/🔖️raw/✳️any/🦀️component.rs	11
E0599	no method named `map_err` found for opaque type `impl Future<Output = Result<..., ...>>` in the current scope	✏️s/🔌️plugins/🗄️stdio/📦️packages/🦀️rust/./././././././././././././../../🗿️artifacts/🏗️ifc/🏅️standards/🔖️2x3/🪆️subsets/✳️any/🚪️io/📥️import/🧩️deserializers/🗿️artifacts/📄txt/🔖️utf-8/✳️any/🦀️component.rs	11
E0277	`impl Future<Output = std::string::String>` doesn't implement `std::fmt::Display`	✏️s/🔌️plugins/🗄️stdio/📦️packages/🦀️rust/././././././././../../🗿️artifacts/☁️las/🏅️standards/🔖️1.0/🪆️subsets/✳️any/🧬️schema/🧬️mutations/🦀️component.rs	291
E0277	`impl Future<Output = std::string::String>` doesn't implement `std::fmt::Display`	✏️s/🔌️plugins/🗄️stdio/📦️packages/🦀️rust/././././././././../../🗿️artifacts/☁️las/🏅️standards/🔖️1.0/🪆️subsets/✳️any/🧬️schema/🧬️mutations/🦀️component.rs	296
E0277	`impl Future<Output = std::string::String>` doesn't implement `std::fmt::Display`	✏️s/🔌️plugins/🗄️stdio/📦️packages/🦀️rust/././././././././../../🗿️artifacts/☁️las/🏅️standards/🔖️1.0/🪆️subsets/✳️any/🧬️schema/🧬️mutations/🦀️component.rs	297
E0308	mismatched types	✏️s/🔌️plugins/🗄️stdio/📦️packages/🦀️rust/././././../../🗿️artifacts/🏗️ifc/🏅️standards/🔖️2x3/🪆️subsets/✳️any/📚️examples/🎬️demo/🦀️component.rs	14
E0599	no method named `map_err` found for opaque type `impl Future<Output = Result<..., ...>>` in the current scope	✏️s/🔌️plugins/🗄️stdio/📦️packages/🦀️rust/././././././././../../🗿️artifacts/☁️las/🏅️standards/🔖️1.0/🪆️subsets/✳️any/🧬️schema/🧬️mutations/🦀️component.rs	338
E0599	no method named `map_err` found for opaque type `impl Future<Output = Result<..., ...>>` in the current scope	✏️s/🔌️plugins/🗄️stdio/📦️packages/🦀️rust/././././././././../../🗿️artifacts/☁️las/🏅️standards/🔖️1.0/🪆️subsets/✳️any/🧬️schema/🧬️mutations/🦀️component.rs	515
E0308	mismatched types	✏️s/🔌️plugins/🗄️stdio/📦️packages/🦀️rust/././././../../🗿️artifacts/☁️las/🏅️standards/🔖️1.0/🪆️subsets/✳️any/📚️examples/🎬️demo/🦀️component.rs	14
E0609	no field `geometry` on type `impl Future<Output = ...>`	✏️s/🔌️plugins/🗄️stdio/📦️packages/🦀️rust/././../../🗿️artifacts/🧊️gltf/🦀️component.rs	158
E0308	mismatched types	✏️s/🔌️plugins/🗄️stdio/📦️packages/🦀️rust/././././././././../../🗿️artifacts/🧊️gltf/🏅️standards/🔖️2.0/🪆️subsets/✳️any/🧬️schema/🔺️diff/🦀️component.rs	266
E0308	mismatched types	✏️s/🔌️plugins/🗄️stdio/📦️packages/🦀️rust/././././././././../../🗿️artifacts/🧊️gltf/🏅️standards/🔖️2.0/🪆️subsets/✳️any/🧬️schema/🔺️diff/🦀️component.rs	303
E0308	mismatched types	✏️s/🔌️plugins/🗄️stdio/📦️packages/🦀️rust/././././././././../../🗿️artifacts/🧊️gltf/🏅️standards/🔖️2.0/🪆️subsets/✳️any/🧬️schema/🔺️diff/🦀️component.rs	337
E0599	no method named `map_err` found for opaque type `impl Future<Output = Result<..., ...>>` in the current scope	✏️s/🔌️plugins/🗄️stdio/📦️packages/🦀️rust/././././././././../../🗿️artifacts/☁️las/🏅️standards/🔖️1.0/🪆️subsets/✳️any/🧬️schema/🔺️diff/🦀️component.rs	2318
E0308	mismatched types	✏️s/🔌️plugins/🗄️stdio/📦️packages/🦀️rust/././././././././../../🗿️artifacts/🧊️gltf/🏅️standards/🔖️2.0/🪆️subsets/✳️any/🧬️schema/🔺️diff/🦀️component.rs	347
E0507	cannot move out of dereference of `Pin<std::boxed::Box<std::option::Option<MdBlocksDiff>>>`	✏️s/🔌️plugins/🗄️stdio/📦️packages/🦀️rust/././././././././../../🗿️artifacts/📝️md/🏅️standards/🔖️commonmark/🪆️subsets/✳️any/🧬️schema/🔺️diff/🦀️component.rs	567
