E0433	✏️s/🔌️plugins/🗄️stdio/📦️packages/🦀️rust/./././././././../../🗿️artifacts/🖊️dwg/🏅️standards/🔖️ac1024/🪆️subsets/✳️any/🚪️io/🦀️component.rs	12147	cannot find module or crate `semio_framework_async_macros` in this scope
E0433	✏️s/🔌️plugins/🗄️stdio/📦️packages/🦀️rust/././././././././../../🗿️artifacts/🧿️semio/🏅️standards/🔖️v1/🪆️subsets/✳️brep/🧬️schema/💡️inferences/📏mass-properties/🦀️component.rs	1341	cannot find module or crate `semio_framework_async_macros` in this scope
E0425	🧰️framework/🛍️products/💻️os/📦️packages/🦀️rust/./../../🔨️modules/🏪️store/🦀️component.rs	7394	cannot find type `HybridLogicalTimestamp` in module `$crate::os_store`
E0425	🧰️framework/🛍️products/💻️os/📦️packages/🦀️rust/./../../🔨️modules/🏪️store/🦀️component.rs	7397	cannot find type `HybridLogicalTimestamp` in module `$crate::os_store`
E0728	✏️s/🔌️plugins/🗄️stdio/📦️packages/🦀️rust/././././././././../../🗿️artifacts/🧿️semio/🏅️standards/🔖️v1/🪆️subsets/✳️brep/🧬️schema/💡️inferences/🦀️component.rs	33	`await` is only allowed inside `async` functions and blocks
E0277	✏️s/🔌️plugins/🗄️stdio/📦️packages/🦀️rust/././././././././../../🗿️artifacts/🧿️semio/🏅️standards/🔖️v1/🪆️subsets/✳️graph/🧬️schema/➕️normal-internals/➡️directed/🦀️component.rs	492	`impl Future<Output = impl Iterator<Item = u64>>` is not an iterator
E0277	✏️s/🔌️plugins/🗄️stdio/📦️packages/🦀️rust/././././././././../../🗿️artifacts/🧿️semio/🏅️standards/🔖️v1/🪆️subsets/✳️graph/🧬️schema/➕️normal-internals/➡️directed/🦀️component.rs	501	`impl Future<Output = impl Iterator<Item = EdgeRef>>` is not an iterator
E0277	✏️s/🔌️plugins/🗄️stdio/📦️packages/🦀️rust/././././././././../../🗿️artifacts/🧿️semio/🏅️standards/🔖️v1/🪆️subsets/✳️graph/🧬️schema/➕️normal-internals/➡️directed/🦀️component.rs	504	`impl Future<Output = impl Iterator<Item = u64>>` is not an iterator
E0277	✏️s/🔌️plugins/🗄️stdio/📦️packages/🦀️rust/././././././././../../🗿️artifacts/🧿️semio/🏅️standards/🔖️v1/🪆️subsets/✳️graph/🧬️schema/➕️normal-internals/➡️directed/🦀️component.rs	507	`impl Future<Output = impl Iterator<Item = u64>>` is not an iterator
E0277	✏️s/🔌️plugins/🗄️stdio/📦️packages/🦀️rust/././././././././../../🗿️artifacts/🧿️semio/🏅️standards/🔖️v1/🪆️subsets/✳️graph/🧬️schema/➕️normal-internals/➡️directed/🦀️component.rs	510	`impl Future<Output = impl Iterator<Item = u64>>` is not an iterator
E0277	✏️s/🔌️plugins/🗄️stdio/📦️packages/🦀️rust/././././././././../../🗿️artifacts/🧿️semio/🏅️standards/🔖️v1/🪆️subsets/✳️graph/🧬️schema/➕️normal-internals/➡️directed/🦀️component.rs	528	`impl Future<Output = impl Iterator<Item = EdgeRef>>` is not an iterator
E0277	✏️s/🔌️plugins/🗄️stdio/📦️packages/🦀️rust/././././././././../../🗿️artifacts/🧿️semio/🏅️standards/🔖️v1/🪆️subsets/✳️graph/🧬️schema/➕️normal-internals/↔️undirected/🦀️component.rs	446	`impl Future<Output = impl Iterator<Item = u64>>` is not an iterator
E0277	✏️s/🔌️plugins/🗄️stdio/📦️packages/🦀️rust/././././././././../../🗿️artifacts/🧿️semio/🏅️standards/🔖️v1/🪆️subsets/✳️graph/🧬️schema/➕️normal-internals/↔️undirected/🦀️component.rs	455	`impl Future<Output = impl Iterator<Item = EdgeRef>>` is not an iterator
E0277	✏️s/🔌️plugins/🗄️stdio/📦️packages/🦀️rust/././././././././../../🗿️artifacts/🧿️semio/🏅️standards/🔖️v1/🪆️subsets/✳️graph/🧬️schema/➕️normal-internals/↔️undirected/🦀️component.rs	458	`impl Future<Output = impl Iterator<Item = u64>>` is not an iterator
E0277	✏️s/🔌️plugins/🗄️stdio/📦️packages/🦀️rust/././././././././../../🗿️artifacts/🧿️semio/🏅️standards/🔖️v1/🪆️subsets/✳️graph/🧬️schema/➕️normal-internals/↔️undirected/🦀️component.rs	461	`impl Future<Output = impl Iterator<Item = u64>>` is not an iterator
E0277	✏️s/🔌️plugins/🗄️stdio/📦️packages/🦀️rust/././././././././../../🗿️artifacts/🧿️semio/🏅️standards/🔖️v1/🪆️subsets/✳️graph/🧬️schema/➕️normal-internals/↔️undirected/🦀️component.rs	464	`impl Future<Output = impl Iterator<Item = u64>>` is not an iterator
E0277	✏️s/🔌️plugins/🗄️stdio/📦️packages/🦀️rust/././././././././../../🗿️artifacts/🧿️semio/🏅️standards/🔖️v1/🪆️subsets/✳️graph/🧬️schema/➕️normal-internals/↔️undirected/🦀️component.rs	482	`impl Future<Output = impl Iterator<Item = EdgeRef>>` is not an iterator
E0277	✏️s/🔌️plugins/🗄️stdio/📦️packages/🦀️rust/././././././././../../🗿️artifacts/🧿️semio/🏅️standards/🔖️v1/🪆️subsets/✳️graph/🧬️schema/🔌️ports-internals/↔️undirected/🦀️component.rs	432	`impl Future<Output = impl Iterator<Item = u64>>` is not an iterator
E0277	✏️s/🔌️plugins/🗄️stdio/📦️packages/🦀️rust/././././././././../../🗿️artifacts/🧿️semio/🏅️standards/🔖️v1/🪆️subsets/✳️graph/🧬️schema/🔌️ports-internals/↔️undirected/🦀️component.rs	441	`impl Future<Output = impl Iterator<Item = EdgeRef>>` is not an iterator
E0277	✏️s/🔌️plugins/🗄️stdio/📦️packages/🦀️rust/././././././././../../🗿️artifacts/🧿️semio/🏅️standards/🔖️v1/🪆️subsets/✳️graph/🧬️schema/🔌️ports-internals/↔️undirected/🦀️component.rs	444	`impl Future<Output = impl Iterator<Item = u64>>` is not an iterator
E0277	✏️s/🔌️plugins/🗄️stdio/📦️packages/🦀️rust/././././././././../../🗿️artifacts/🧿️semio/🏅️standards/🔖️v1/🪆️subsets/✳️graph/🧬️schema/🔌️ports-internals/↔️undirected/🦀️component.rs	447	`impl Future<Output = impl Iterator<Item = u64>>` is not an iterator
E0277	✏️s/🔌️plugins/🗄️stdio/📦️packages/🦀️rust/././././././././../../🗿️artifacts/🧿️semio/🏅️standards/🔖️v1/🪆️subsets/✳️graph/🧬️schema/🔌️ports-internals/↔️undirected/🦀️component.rs	450	`impl Future<Output = impl Iterator<Item = u64>>` is not an iterator
E0277	✏️s/🔌️plugins/🗄️stdio/📦️packages/🦀️rust/././././././././../../🗿️artifacts/🧿️semio/🏅️standards/🔖️v1/🪆️subsets/✳️graph/🧬️schema/🔌️ports-internals/↔️undirected/🦀️component.rs	468	`impl Future<Output = impl Iterator<Item = EdgeRef>>` is not an iterator
E0277	✏️s/🔌️plugins/🗄️stdio/📦️packages/🦀️rust/./././././././././../../🗿️artifacts/🧿️semio/🏅️standards/🔖️v1/🪆️subsets/✳️graph/🧬️schema/🔌️ports-internals/➡️directed/➕️normal/🦀️component.rs	489	`impl Future<Output = impl Iterator<Item = u64>>` is not an iterator
E0277	✏️s/🔌️plugins/🗄️stdio/📦️packages/🦀️rust/./././././././././../../🗿️artifacts/🧿️semio/🏅️standards/🔖️v1/🪆️subsets/✳️graph/🧬️schema/🔌️ports-internals/➡️directed/➕️normal/🦀️component.rs	498	`impl Future<Output = impl Iterator<Item = EdgeRef>>` is not an iterator
E0277	✏️s/🔌️plugins/🗄️stdio/📦️packages/🦀️rust/./././././././././../../🗿️artifacts/🧿️semio/🏅️standards/🔖️v1/🪆️subsets/✳️graph/🧬️schema/🔌️ports-internals/➡️directed/➕️normal/🦀️component.rs	501	`impl Future<Output = impl Iterator<Item = u64>>` is not an iterator
E0277	✏️s/🔌️plugins/🗄️stdio/📦️packages/🦀️rust/./././././././././../../🗿️artifacts/🧿️semio/🏅️standards/🔖️v1/🪆️subsets/✳️graph/🧬️schema/🔌️ports-internals/➡️directed/➕️normal/🦀️component.rs	504	`impl Future<Output = impl Iterator<Item = u64>>` is not an iterator
E0277	✏️s/🔌️plugins/🗄️stdio/📦️packages/🦀️rust/./././././././././../../🗿️artifacts/🧿️semio/🏅️standards/🔖️v1/🪆️subsets/✳️graph/🧬️schema/🔌️ports-internals/➡️directed/➕️normal/🦀️component.rs	507	`impl Future<Output = impl Iterator<Item = u64>>` is not an iterator
E0277	✏️s/🔌️plugins/🗄️stdio/📦️packages/🦀️rust/./././././././././../../🗿️artifacts/🧿️semio/🏅️standards/🔖️v1/🪆️subsets/✳️graph/🧬️schema/🔌️ports-internals/➡️directed/➕️normal/🦀️component.rs	525	`impl Future<Output = impl Iterator<Item = EdgeRef>>` is not an iterator
E0308	🧰️framework/🛍️products/💻️os/🔨️modules/🔌️plugin/📦️packages/🦀️rust/../../🦀️component.rs	21611	mismatched types
E0308	🧰️framework/🛍️products/💻️os/🔨️modules/🔌️plugin/📦️packages/🦀️rust/../../🦀️component.rs	21621	mismatched types
E0308	🧰️framework/🛍️products/💻️os/🔨️modules/🔌️plugin/📦️packages/🦀️rust/../../🦀️component.rs	21627	mismatched types
E0308	🧰️framework/🛍️products/💻️os/🔨️modules/🔌️plugin/📦️packages/🦀️rust/../../🦀️component.rs	21611	mismatched types
E0308	🧰️framework/🛍️products/💻️os/🔨️modules/🔌️plugin/📦️packages/🦀️rust/../../🦀️component.rs	21621	mismatched types
E0308	🧰️framework/🛍️products/💻️os/🔨️modules/🔌️plugin/📦️packages/🦀️rust/../../🦀️component.rs	21627	mismatched types
E0308	🧰️framework/🛍️products/💻️os/🔨️modules/🔌️plugin/📦️packages/🦀️rust/../../🦀️component.rs	21611	mismatched types
E0308	🧰️framework/🛍️products/💻️os/🔨️modules/🔌️plugin/📦️packages/🦀️rust/../../🦀️component.rs	21621	mismatched types
E0308	🧰️framework/🛍️products/💻️os/🔨️modules/🔌️plugin/📦️packages/🦀️rust/../../🦀️component.rs	21627	mismatched types
E0308	🧰️framework/🛍️products/💻️os/🔨️modules/🔌️plugin/📦️packages/🦀️rust/../../🦀️component.rs	21611	mismatched types
E0308	🧰️framework/🛍️products/💻️os/🔨️modules/🔌️plugin/📦️packages/🦀️rust/../../🦀️component.rs	21621	mismatched types
E0308	🧰️framework/🛍️products/💻️os/🔨️modules/🔌️plugin/📦️packages/🦀️rust/../../🦀️component.rs	21627	mismatched types
E0308	🧰️framework/🛍️products/💻️os/🔨️modules/🔌️plugin/📦️packages/🦀️rust/../../🦀️component.rs	21611	mismatched types
E0308	🧰️framework/🛍️products/💻️os/🔨️modules/🔌️plugin/📦️packages/🦀️rust/../../🦀️component.rs	21621	mismatched types
E0308	🧰️framework/🛍️products/💻️os/🔨️modules/🔌️plugin/📦️packages/🦀️rust/../../🦀️component.rs	21627	mismatched types
E0308	🧰️framework/🛍️products/💻️os/🔨️modules/🔌️plugin/📦️packages/🦀️rust/../../🦀️component.rs	21611	mismatched types
E0308	🧰️framework/🛍️products/💻️os/🔨️modules/🔌️plugin/📦️packages/🦀️rust/../../🦀️component.rs	21621	mismatched types
E0308	🧰️framework/🛍️products/💻️os/🔨️modules/🔌️plugin/📦️packages/🦀️rust/../../🦀️component.rs	21627	mismatched types
E0308	🧰️framework/🛍️products/💻️os/🔨️modules/🔌️plugin/📦️packages/🦀️rust/../../🦀️component.rs	21611	mismatched types
E0308	🧰️framework/🛍️products/💻️os/🔨️modules/🔌️plugin/📦️packages/🦀️rust/../../🦀️component.rs	21621	mismatched types
E0308	🧰️framework/🛍️products/💻️os/🔨️modules/🔌️plugin/📦️packages/🦀️rust/../../🦀️component.rs	21627	mismatched types
E0308	🧰️framework/🛍️products/💻️os/🔨️modules/🔌️plugin/📦️packages/🦀️rust/../../🦀️component.rs	21611	mismatched types
E0308	🧰️framework/🛍️products/💻️os/🔨️modules/🔌️plugin/📦️packages/🦀️rust/../../🦀️component.rs	21621	mismatched types
E0308	🧰️framework/🛍️products/💻️os/🔨️modules/🔌️plugin/📦️packages/🦀️rust/../../🦀️component.rs	21627	mismatched types
E0308	🧰️framework/🛍️products/💻️os/🔨️modules/🔌️plugin/📦️packages/🦀️rust/../../🦀️component.rs	21611	mismatched types
E0308	🧰️framework/🛍️products/💻️os/🔨️modules/🔌️plugin/📦️packages/🦀️rust/../../🦀️component.rs	21621	mismatched types
E0308	🧰️framework/🛍️products/💻️os/🔨️modules/🔌️plugin/📦️packages/🦀️rust/../../🦀️component.rs	21627	mismatched types
E0277	✏️s/🔌️plugins/🗄️stdio/📦️packages/🦀️rust/./././././././../../🗿️artifacts/🗜️deflate/🏅️standards/🔖️rfc1950/🪆️subsets/✳️any/🚪️io/🦀️component.rs	288	the type `[i32]` cannot be indexed by `impl Future<Output = usize>`
E0308	✏️s/🔌️plugins/🗄️stdio/📦️packages/🦀️rust/./././././././../../🗿️artifacts/🗜️deflate/🏅️standards/🔖️rfc1950/🪆️subsets/✳️any/🚪️io/🦀️component.rs	343	mismatched types
E0308	✏️s/🔌️plugins/🗄️stdio/📦️packages/🦀️rust/./././././././../../🗿️artifacts/🗜️deflate/🏅️standards/🔖️rfc1950/🪆️subsets/✳️any/🚪️io/🦀️component.rs	344	mismatched types
E0608	✏️s/🔌️plugins/🗄️stdio/📦️packages/🦀️rust/./././././././../../🗿️artifacts/🗜️deflate/🏅️standards/🔖️rfc1950/🪆️subsets/✳️any/🚪️io/🦀️component.rs	350	cannot index into a value of type `impl Future<Output = Vec<(u32, u8)>>`
E0608	✏️s/🔌️plugins/🗄️stdio/📦️packages/🦀️rust/./././././././../../🗿️artifacts/🗜️deflate/🏅️standards/🔖️rfc1950/🪆️subsets/✳️any/🚪️io/🦀️component.rs	353	cannot index into a value of type `impl Future<Output = Vec<(u32, u8)>>`
E0277	✏️s/🔌️plugins/🗄️stdio/📦️packages/🦀️rust/./././././././../../🗿️artifacts/🗜️deflate/🏅️standards/🔖️rfc1950/🪆️subsets/✳️any/🚪️io/🦀️component.rs	364	the type `[i32]` cannot be indexed by `impl Future<Output = usize>`
E0277	✏️s/🔌️plugins/🗄️stdio/📦️packages/🦀️rust/./././././././../../🗿️artifacts/🗜️deflate/🏅️standards/🔖️rfc1950/🪆️subsets/✳️any/🚪️io/🦀️component.rs	365	the type `[i32]` cannot be indexed by `impl Future<Output = usize>`
E0308	✏️s/🔌️plugins/🗄️stdio/📦️packages/🦀️rust/./././././././../../🗿️artifacts/🗜️deflate/🏅️standards/🔖️rfc1950/🪆️subsets/✳️any/🚪️io/🦀️component.rs	376	mismatched types
E0308	✏️s/🔌️plugins/🗄️stdio/📦️packages/🦀️rust/./././././././../../🗿️artifacts/🗜️deflate/🏅️standards/🔖️rfc1950/🪆️subsets/✳️any/🚪️io/🦀️component.rs	416	mismatched types
E0608	✏️s/🔌️plugins/🗄️stdio/📦️packages/🦀️rust/./././././././../../🗿️artifacts/🗜️deflate/🏅️standards/🔖️rfc1950/🪆️subsets/✳️any/🚪️io/🦀️component.rs	387	cannot index into a value of type `impl Future<Output = Vec<(u32, u8)>>`
E0608	✏️s/🔌️plugins/🗄️stdio/📦️packages/🦀️rust/./././././././../../🗿️artifacts/🗜️deflate/🏅️standards/🔖️rfc1950/🪆️subsets/✳️any/🚪️io/🦀️component.rs	396	cannot index into a value of type `impl Future<Output = Vec<(u32, u8)>>`
E0608	✏️s/🔌️plugins/🗄️stdio/📦️packages/🦀️rust/./././././././../../🗿️artifacts/🗜️deflate/🏅️standards/🔖️rfc1950/🪆️subsets/✳️any/🚪️io/🦀️component.rs	402	cannot index into a value of type `impl Future<Output = Vec<(u32, u8)>>`
E0608	✏️s/🔌️plugins/🗄️stdio/📦️packages/🦀️rust/./././././././../../🗿️artifacts/🗜️deflate/🏅️standards/🔖️rfc1950/🪆️subsets/✳️any/🚪️io/🦀️component.rs	417	cannot index into a value of type `impl Future<Output = Vec<(u32, u8)>>`
E0608	✏️s/🔌️plugins/🗄️stdio/📦️packages/🦀️rust/./././././././../../🗿️artifacts/🗜️deflate/🏅️standards/🔖️rfc1950/🪆️subsets/✳️any/🚪️io/🦀️component.rs	425	cannot index into a value of type `impl Future<Output = Vec<(u32, u8)>>`
E0608	✏️s/🔌️plugins/🗄️stdio/📦️packages/🦀️rust/./././././././../../🗿️artifacts/🗜️deflate/🏅️standards/🔖️rfc1950/🪆️subsets/✳️any/🚪️io/🦀️component.rs	431	cannot index into a value of type `impl Future<Output = Vec<(u32, u8)>>`
E0608	✏️s/🔌️plugins/🗄️stdio/📦️packages/🦀️rust/./././././././../../🗿️artifacts/🗜️deflate/🏅️standards/🔖️rfc1950/🪆️subsets/✳️any/🚪️io/🦀️component.rs	439	cannot index into a value of type `impl Future<Output = Vec<(u32, u8)>>`
E0308	✏️s/🔌️plugins/🗄️stdio/📦️packages/🦀️rust/./././././././../../🗿️artifacts/🗜️deflate/🏅️standards/🔖️rfc1950/🪆️subsets/✳️any/🚪️io/🦀️component.rs	456	mismatched types
E0308	✏️s/🔌️plugins/🗄️stdio/📦️packages/🦀️rust/./././././././../../🗿️artifacts/🗜️deflate/🏅️standards/🔖️rfc1950/🪆️subsets/✳️any/🚪️io/🦀️component.rs	457	mismatched types
E0308	✏️s/🔌️plugins/🗄️stdio/📦️packages/🦀️rust/./././././././../../🗿️artifacts/🗜️deflate/🏅️standards/🔖️rfc1950/🪆️subsets/✳️any/🚪️io/🦀️component.rs	631	mismatched types
E0308	✏️s/🔌️plugins/🗄️stdio/📦️packages/🦀️rust/./././././././../../🗿️artifacts/🗜️deflate/🏅️standards/🔖️rfc1950/🪆️subsets/✳️any/🚪️io/🦀️component.rs	632	mismatched types
E0308	✏️s/🔌️plugins/🗄️stdio/📦️packages/🦀️rust/./././././././../../🗿️artifacts/🗜️deflate/🏅️standards/🔖️rfc1950/🪆️subsets/✳️any/🚪️io/🦀️component.rs	715	mismatched types
E0308	✏️s/🔌️plugins/🗄️stdio/📦️packages/🦀️rust/./././././././../../🗿️artifacts/🗜️deflate/🏅️standards/🔖️rfc1950/🪆️subsets/✳️any/🚪️io/🦀️component.rs	716	mismatched types
E0369	✏️s/🔌️plugins/🗄️stdio/📦️packages/🦀️rust/./././././././../../🗿️artifacts/🗜️deflate/🏅️standards/🔖️rfc1950/🪆️subsets/✳️any/🚪️io/🦀️component.rs	778	binary operation `!=` cannot be applied to type `impl Future<Output = u32>`
E0277	✏️s/🔌️plugins/🗄️stdio/📦️packages/🦀️rust/./././././././../../🗿️artifacts/🗜️deflate/🏅️standards/🔖️rfc1950/🪆️subsets/✳️any/🚪️io/🦀️component.rs	779	the trait bound `impl Future<Output = u32>: LowerHex` is not satisfied
E0369	✏️s/🔌️plugins/🗄️stdio/📦️packages/🦀️rust/./././././././../../🗿️artifacts/🗜️deflate/🏅️standards/🔖️rfc1950/🪆️subsets/✳️any/🚪️io/🦀️component.rs	864	binary operation `!=` cannot be applied to type `impl Future<Output = u32>`
E0277	✏️s/🔌️plugins/🗄️stdio/📦️packages/🦀️rust/./././././././../../🗿️artifacts/🗜️deflate/🏅️standards/🔖️rfc1950/🪆️subsets/✳️any/🚪️io/🦀️component.rs	865	the trait bound `impl Future<Output = u32>: LowerHex` is not satisfied
E0308	🧰️framework/🛍️products/💻️os/🔨️modules/🔌️plugin/📦️packages/🦀️rust/../../🦀️component.rs	21611	mismatched types
E0308	🧰️framework/🛍️products/💻️os/🔨️modules/🔌️plugin/📦️packages/🦀️rust/../../🦀️component.rs	21621	mismatched types
E0308	🧰️framework/🛍️products/💻️os/🔨️modules/🔌️plugin/📦️packages/🦀️rust/../../🦀️component.rs	21627	mismatched types
E0608	✏️s/🔌️plugins/🗄️stdio/📦️packages/🦀️rust/./././././././../../🗿️artifacts/🎒️zip/🏅️standards/🔖️2.0/🪆️subsets/✳️any/🚪️io/🦀️component.rs	98	cannot index into a value of type `impl Future<Output = [u32; 256]>`
E0308	✏️s/🔌️plugins/🗄️stdio/📦️packages/🦀️rust/./././././././../../🗿️artifacts/🎒️zip/🏅️standards/🔖️2.0/🪆️subsets/✳️any/🚪️io/🦀️component.rs	252	mismatched types
E0308	✏️s/🔌️plugins/🗄️stdio/📦️packages/🦀️rust/./././././././../../🗿️artifacts/🎒️zip/🏅️standards/🔖️2.0/🪆️subsets/✳️any/🚪️io/🦀️component.rs	253	mismatched types
E0369	✏️s/🔌️plugins/🗄️stdio/📦️packages/🦀️rust/./././././././../../🗿️artifacts/🎒️zip/🏅️standards/🔖️2.0/🪆️subsets/✳️any/🚪️io/🦀️component.rs	533	binary operation `!=` cannot be applied to type `impl Future<Output = u32>`
E0308	✏️s/🔌️plugins/🗄️stdio/📦️packages/🦀️rust/./././././././../../🗿️artifacts/🎒️zip/🏅️standards/🔖️2.0/🪆️subsets/✳️any/🚪️io/🦀️component.rs	621	mismatched types
E0308	✏️s/🔌️plugins/🗄️stdio/📦️packages/🦀️rust/./././././././../../🗿️artifacts/🎒️zip/🏅️standards/🔖️2.0/🪆️subsets/✳️any/🚪️io/🦀️component.rs	622	mismatched types
E0308	✏️s/🔌️plugins/🗄️stdio/📦️packages/🦀️rust/./././././././../../🗿️artifacts/🎒️zip/🏅️standards/🔖️2.0/🪆️subsets/✳️any/🚪️io/🦀️component.rs	623	mismatched types
E0308	✏️s/🔌️plugins/🗄️stdio/📦️packages/🦀️rust/./././././././../../🗿️artifacts/🎒️zip/🏅️standards/🔖️2.0/🪆️subsets/✳️any/🚪️io/🦀️component.rs	624	mismatched types
E0308	✏️s/🔌️plugins/🗄️stdio/📦️packages/🦀️rust/./././././././../../🗿️artifacts/🎒️zip/🏅️standards/🔖️2.0/🪆️subsets/✳️any/🚪️io/🦀️component.rs	625	mismatched types
E0308	✏️s/🔌️plugins/🗄️stdio/📦️packages/🦀️rust/./././././././../../🗿️artifacts/🎒️zip/🏅️standards/🔖️2.0/🪆️subsets/✳️any/🚪️io/🦀️component.rs	626	mismatched types
E0308	✏️s/🔌️plugins/🗄️stdio/📦️packages/🦀️rust/./././././././../../🗿️artifacts/🎒️zip/🏅️standards/🔖️2.0/🪆️subsets/✳️any/🚪️io/🦀️component.rs	627	mismatched types
E0308	✏️s/🔌️plugins/🗄️stdio/📦️packages/🦀️rust/./././././././../../🗿️artifacts/🎒️zip/🏅️standards/🔖️2.0/🪆️subsets/✳️any/🚪️io/🦀️component.rs	628	mismatched types
E0308	✏️s/🔌️plugins/🗄️stdio/📦️packages/🦀️rust/./././././././../../🗿️artifacts/🎒️zip/🏅️standards/🔖️2.0/🪆️subsets/✳️any/🚪️io/🦀️component.rs	629	mismatched types
E0308	✏️s/🔌️plugins/🗄️stdio/📦️packages/🦀️rust/./././././././../../🗿️artifacts/🎒️zip/🏅️standards/🔖️2.0/🪆️subsets/✳️any/🚪️io/🦀️component.rs	630	mismatched types
E0308	✏️s/🔌️plugins/🗄️stdio/📦️packages/🦀️rust/./././././././../../🗿️artifacts/🎒️zip/🏅️standards/🔖️2.0/🪆️subsets/✳️any/🚪️io/🦀️component.rs	631	mismatched types
E0308	✏️s/🔌️plugins/🗄️stdio/📦️packages/🦀️rust/./././././././../../🗿️artifacts/🎒️zip/🏅️standards/🔖️2.0/🪆️subsets/✳️any/🚪️io/🦀️component.rs	637	mismatched types
E0308	✏️s/🔌️plugins/🗄️stdio/📦️packages/🦀️rust/./././././././../../🗿️artifacts/🎒️zip/🏅️standards/🔖️2.0/🪆️subsets/✳️any/🚪️io/🦀️component.rs	638	mismatched types
E0308	✏️s/🔌️plugins/🗄️stdio/📦️packages/🦀️rust/./././././././../../🗿️artifacts/🎒️zip/🏅️standards/🔖️2.0/🪆️subsets/✳️any/🚪️io/🦀️component.rs	639	mismatched types
E0308	✏️s/🔌️plugins/🗄️stdio/📦️packages/🦀️rust/./././././././../../🗿️artifacts/🎒️zip/🏅️standards/🔖️2.0/🪆️subsets/✳️any/🚪️io/🦀️component.rs	640	mismatched types
E0308	✏️s/🔌️plugins/🗄️stdio/📦️packages/🦀️rust/./././././././../../🗿️artifacts/🎒️zip/🏅️standards/🔖️2.0/🪆️subsets/✳️any/🚪️io/🦀️component.rs	641	mismatched types
E0308	✏️s/🔌️plugins/🗄️stdio/📦️packages/🦀️rust/./././././././../../🗿️artifacts/🎒️zip/🏅️standards/🔖️2.0/🪆️subsets/✳️any/🚪️io/🦀️component.rs	642	mismatched types
E0308	✏️s/🔌️plugins/🗄️stdio/📦️packages/🦀️rust/./././././././../../🗿️artifacts/🎒️zip/🏅️standards/🔖️2.0/🪆️subsets/✳️any/🚪️io/🦀️component.rs	643	mismatched types
E0308	✏️s/🔌️plugins/🗄️stdio/📦️packages/🦀️rust/./././././././../../🗿️artifacts/🎒️zip/🏅️standards/🔖️2.0/🪆️subsets/✳️any/🚪️io/🦀️component.rs	644	mismatched types
E0308	✏️s/🔌️plugins/🗄️stdio/📦️packages/🦀️rust/./././././././../../🗿️artifacts/🎒️zip/🏅️standards/🔖️2.0/🪆️subsets/✳️any/🚪️io/🦀️component.rs	645	mismatched types
E0308	✏️s/🔌️plugins/🗄️stdio/📦️packages/🦀️rust/./././././././../../🗿️artifacts/🎒️zip/🏅️standards/🔖️2.0/🪆️subsets/✳️any/🚪️io/🦀️component.rs	646	mismatched types
E0308	✏️s/🔌️plugins/🗄️stdio/📦️packages/🦀️rust/./././././././../../🗿️artifacts/🎒️zip/🏅️standards/🔖️2.0/🪆️subsets/✳️any/🚪️io/🦀️component.rs	647	mismatched types
E0308	✏️s/🔌️plugins/🗄️stdio/📦️packages/🦀️rust/./././././././../../🗿️artifacts/🎒️zip/🏅️standards/🔖️2.0/🪆️subsets/✳️any/🚪️io/🦀️component.rs	648	mismatched types
E0308	✏️s/🔌️plugins/🗄️stdio/📦️packages/🦀️rust/./././././././../../🗿️artifacts/🎒️zip/🏅️standards/🔖️2.0/🪆️subsets/✳️any/🚪️io/🦀️component.rs	649	mismatched types
E0308	✏️s/🔌️plugins/🗄️stdio/📦️packages/🦀️rust/./././././././../../🗿️artifacts/🎒️zip/🏅️standards/🔖️2.0/🪆️subsets/✳️any/🚪️io/🦀️component.rs	650	mismatched types
E0308	✏️s/🔌️plugins/🗄️stdio/📦️packages/🦀️rust/./././././././../../🗿️artifacts/🎒️zip/🏅️standards/🔖️2.0/🪆️subsets/✳️any/🚪️io/🦀️component.rs	651	mismatched types
E0308	✏️s/🔌️plugins/🗄️stdio/📦️packages/🦀️rust/./././././././../../🗿️artifacts/🎒️zip/🏅️standards/🔖️2.0/🪆️subsets/✳️any/🚪️io/🦀️component.rs	652	mismatched types
E0308	✏️s/🔌️plugins/🗄️stdio/📦️packages/🦀️rust/./././././././../../🗿️artifacts/🎒️zip/🏅️standards/🔖️2.0/🪆️subsets/✳️any/🚪️io/🦀️component.rs	653	mismatched types
E0308	✏️s/🔌️plugins/🗄️stdio/📦️packages/🦀️rust/./././././././../../🗿️artifacts/🎒️zip/🏅️standards/🔖️2.0/🪆️subsets/✳️any/🚪️io/🦀️component.rs	673	mismatched types
E0308	✏️s/🔌️plugins/🗄️stdio/📦️packages/🦀️rust/./././././././../../🗿️artifacts/🎒️zip/🏅️standards/🔖️2.0/🪆️subsets/✳️any/🚪️io/🦀️component.rs	674	mismatched types
E0308	✏️s/🔌️plugins/🗄️stdio/📦️packages/🦀️rust/./././././././../../🗿️artifacts/🎒️zip/🏅️standards/🔖️2.0/🪆️subsets/✳️any/🚪️io/🦀️component.rs	675	mismatched types
E0308	✏️s/🔌️plugins/🗄️stdio/📦️packages/🦀️rust/./././././././../../🗿️artifacts/🎒️zip/🏅️standards/🔖️2.0/🪆️subsets/✳️any/🚪️io/🦀️component.rs	676	mismatched types
E0308	✏️s/🔌️plugins/🗄️stdio/📦️packages/🦀️rust/./././././././../../🗿️artifacts/🎒️zip/🏅️standards/🔖️2.0/🪆️subsets/✳️any/🚪️io/🦀️component.rs	677	mismatched types
E0308	✏️s/🔌️plugins/🗄️stdio/📦️packages/🦀️rust/./././././././../../🗿️artifacts/🎒️zip/🏅️standards/🔖️2.0/🪆️subsets/✳️any/🚪️io/🦀️component.rs	678	mismatched types
E0308	✏️s/🔌️plugins/🗄️stdio/📦️packages/🦀️rust/./././././././../../🗿️artifacts/🎒️zip/🏅️standards/🔖️2.0/🪆️subsets/✳️any/🚪️io/🦀️component.rs	679	mismatched types
E0308	✏️s/🔌️plugins/🗄️stdio/📦️packages/🦀️rust/./././././././../../🗿️artifacts/🎒️zip/🏅️standards/🔖️2.0/🪆️subsets/✳️any/🚪️io/🦀️component.rs	680	mismatched types
E0308	🧰️framework/🛍️products/💻️os/🔨️modules/🔌️plugin/📦️packages/🦀️rust/../../🦀️component.rs	21611	mismatched types
E0308	🧰️framework/🛍️products/💻️os/🔨️modules/🔌️plugin/📦️packages/🦀️rust/../../🦀️component.rs	21621	mismatched types
E0308	🧰️framework/🛍️products/💻️os/🔨️modules/🔌️plugin/📦️packages/🦀️rust/../../🦀️component.rs	21627	mismatched types
E0308	🧰️framework/🛍️products/💻️os/🔨️modules/🔌️plugin/📦️packages/🦀️rust/../../🦀️component.rs	21611	mismatched types
E0308	🧰️framework/🛍️products/💻️os/🔨️modules/🔌️plugin/📦️packages/🦀️rust/../../🦀️component.rs	21621	mismatched types
E0308	🧰️framework/🛍️products/💻️os/🔨️modules/🔌️plugin/📦️packages/🦀️rust/../../🦀️component.rs	21627	mismatched types
E0308	🧰️framework/🛍️products/💻️os/🔨️modules/🔌️plugin/📦️packages/🦀️rust/../../🦀️component.rs	21611	mismatched types
E0308	🧰️framework/🛍️products/💻️os/🔨️modules/🔌️plugin/📦️packages/🦀️rust/../../🦀️component.rs	21621	mismatched types
E0308	🧰️framework/🛍️products/💻️os/🔨️modules/🔌️plugin/📦️packages/🦀️rust/../../🦀️component.rs	21627	mismatched types
E0308	🧰️framework/🛍️products/💻️os/🔨️modules/🔌️plugin/📦️packages/🦀️rust/../../🦀️component.rs	21611	mismatched types
E0308	🧰️framework/🛍️products/💻️os/🔨️modules/🔌️plugin/📦️packages/🦀️rust/../../🦀️component.rs	21621	mismatched types
E0308	🧰️framework/🛍️products/💻️os/🔨️modules/🔌️plugin/📦️packages/🦀️rust/../../🦀️component.rs	21627	mismatched types
E0308	🧰️framework/🛍️products/💻️os/🔨️modules/🔌️plugin/📦️packages/🦀️rust/../../🦀️component.rs	21611	mismatched types
E0308	🧰️framework/🛍️products/💻️os/🔨️modules/🔌️plugin/📦️packages/🦀️rust/../../🦀️component.rs	21621	mismatched types
E0308	🧰️framework/🛍️products/💻️os/🔨️modules/🔌️plugin/📦️packages/🦀️rust/../../🦀️component.rs	21627	mismatched types
E0308	🧰️framework/🛍️products/💻️os/🔨️modules/🔌️plugin/📦️packages/🦀️rust/../../🦀️component.rs	21611	mismatched types
E0308	🧰️framework/🛍️products/💻️os/🔨️modules/🔌️plugin/📦️packages/🦀️rust/../../🦀️component.rs	21621	mismatched types
E0308	🧰️framework/🛍️products/💻️os/🔨️modules/🔌️plugin/📦️packages/🦀️rust/../../🦀️component.rs	21627	mismatched types
E0308	🧰️framework/🛍️products/💻️os/🔨️modules/🔌️plugin/📦️packages/🦀️rust/../../🦀️component.rs	21611	mismatched types
E0308	🧰️framework/🛍️products/💻️os/🔨️modules/🔌️plugin/📦️packages/🦀️rust/../../🦀️component.rs	21621	mismatched types
E0308	🧰️framework/🛍️products/💻️os/🔨️modules/🔌️plugin/📦️packages/🦀️rust/../../🦀️component.rs	21627	mismatched types
E0308	🧰️framework/🛍️products/💻️os/🔨️modules/🔌️plugin/📦️packages/🦀️rust/../../🦀️component.rs	21611	mismatched types
E0308	🧰️framework/🛍️products/💻️os/🔨️modules/🔌️plugin/📦️packages/🦀️rust/../../🦀️component.rs	21621	mismatched types
E0308	🧰️framework/🛍️products/💻️os/🔨️modules/🔌️plugin/📦️packages/🦀️rust/../../🦀️component.rs	21627	mismatched types
E0308	🧰️framework/🛍️products/💻️os/🔨️modules/🔌️plugin/📦️packages/🦀️rust/../../🦀️component.rs	21611	mismatched types
E0308	🧰️framework/🛍️products/💻️os/🔨️modules/🔌️plugin/📦️packages/🦀️rust/../../🦀️component.rs	21621	mismatched types
E0308	🧰️framework/🛍️products/💻️os/🔨️modules/🔌️plugin/📦️packages/🦀️rust/../../🦀️component.rs	21627	mismatched types
E0277	✏️s/🔌️plugins/🗄️stdio/📦️packages/🦀️rust/././././././././../../🗿️artifacts/🏗️ifc/🏅️standards/🔖️4/🪆️subsets/✳️any/🧬️schema/🧬️mutations/🦀️component.rs	176	`impl Future<Output = std::string::String>` doesn't implement `std::fmt::Display`
E0308	🧰️framework/🛍️products/💻️os/🔨️modules/🔌️plugin/📦️packages/🦀️rust/../../🦀️component.rs	21611	mismatched types
E0308	🧰️framework/🛍️products/💻️os/🔨️modules/🔌️plugin/📦️packages/🦀️rust/../../🦀️component.rs	21621	mismatched types
E0308	🧰️framework/🛍️products/💻️os/🔨️modules/🔌️plugin/📦️packages/🦀️rust/../../🦀️component.rs	21627	mismatched types
E0308	🧰️framework/🛍️products/💻️os/🔨️modules/🔌️plugin/📦️packages/🦀️rust/../../🦀️component.rs	21611	mismatched types
E0308	🧰️framework/🛍️products/💻️os/🔨️modules/🔌️plugin/📦️packages/🦀️rust/../../🦀️component.rs	21621	mismatched types
E0308	🧰️framework/🛍️products/💻️os/🔨️modules/🔌️plugin/📦️packages/🦀️rust/../../🦀️component.rs	21627	mismatched types
E0308	🧰️framework/🛍️products/💻️os/🔨️modules/🔌️plugin/📦️packages/🦀️rust/../../🦀️component.rs	21611	mismatched types
E0308	🧰️framework/🛍️products/💻️os/🔨️modules/🔌️plugin/📦️packages/🦀️rust/../../🦀️component.rs	21621	mismatched types
E0308	🧰️framework/🛍️products/💻️os/🔨️modules/🔌️plugin/📦️packages/🦀️rust/../../🦀️component.rs	21627	mismatched types
E0308	🧰️framework/🛍️products/💻️os/🔨️modules/🔌️plugin/📦️packages/🦀️rust/../../🦀️component.rs	21611	mismatched types
E0308	🧰️framework/🛍️products/💻️os/🔨️modules/🔌️plugin/📦️packages/🦀️rust/../../🦀️component.rs	21621	mismatched types
E0308	🧰️framework/🛍️products/💻️os/🔨️modules/🔌️plugin/📦️packages/🦀️rust/../../🦀️component.rs	21627	mismatched types
E0308	🧰️framework/🛍️products/💻️os/🔨️modules/🔌️plugin/📦️packages/🦀️rust/../../🦀️component.rs	21611	mismatched types
E0308	🧰️framework/🛍️products/💻️os/🔨️modules/🔌️plugin/📦️packages/🦀️rust/../../🦀️component.rs	21621	mismatched types
E0308	🧰️framework/🛍️products/💻️os/🔨️modules/🔌️plugin/📦️packages/🦀️rust/../../🦀️component.rs	21627	mismatched types
E0277	✏️s/🔌️plugins/🗄️stdio/📦️packages/🦀️rust/././././././././../../🗿️artifacts/☁️las/🏅️standards/🔖️1.0/🪆️subsets/✳️any/🧬️schema/🧬️mutations/🦀️component.rs	261	`impl Future<Output = std::string::String>` doesn't implement `std::fmt::Display`
E0308	🧰️framework/🛍️products/💻️os/🔨️modules/🔌️plugin/📦️packages/🦀️rust/../../🦀️component.rs	21611	mismatched types
E0308	🧰️framework/🛍️products/💻️os/🔨️modules/🔌️plugin/📦️packages/🦀️rust/../../🦀️component.rs	21621	mismatched types
E0308	🧰️framework/🛍️products/💻️os/🔨️modules/🔌️plugin/📦️packages/🦀️rust/../../🦀️component.rs	21627	mismatched types
E0308	🧰️framework/🛍️products/💻️os/🔨️modules/🔌️plugin/📦️packages/🦀️rust/../../🦀️component.rs	21611	mismatched types
E0308	🧰️framework/🛍️products/💻️os/🔨️modules/🔌️plugin/📦️packages/🦀️rust/../../🦀️component.rs	21621	mismatched types
E0308	🧰️framework/🛍️products/💻️os/🔨️modules/🔌️plugin/📦️packages/🦀️rust/../../🦀️component.rs	21627	mismatched types
E0308	🧰️framework/🛍️products/💻️os/🔨️modules/🔌️plugin/📦️packages/🦀️rust/../../🦀️component.rs	21611	mismatched types
E0308	🧰️framework/🛍️products/💻️os/🔨️modules/🔌️plugin/📦️packages/🦀️rust/../../🦀️component.rs	21621	mismatched types
E0308	🧰️framework/🛍️products/💻️os/🔨️modules/🔌️plugin/📦️packages/🦀️rust/../../🦀️component.rs	21627	mismatched types
E0308	🧰️framework/🛍️products/💻️os/🔨️modules/🔌️plugin/📦️packages/🦀️rust/../../🦀️component.rs	21611	mismatched types
E0308	🧰️framework/🛍️products/💻️os/🔨️modules/🔌️plugin/📦️packages/🦀️rust/../../🦀️component.rs	21621	mismatched types
E0308	🧰️framework/🛍️products/💻️os/🔨️modules/🔌️plugin/📦️packages/🦀️rust/../../🦀️component.rs	21627	mismatched types
E0308	🧰️framework/🛍️products/💻️os/🔨️modules/🔌️plugin/📦️packages/🦀️rust/../../🦀️component.rs	21611	mismatched types
E0308	🧰️framework/🛍️products/💻️os/🔨️modules/🔌️plugin/📦️packages/🦀️rust/../../🦀️component.rs	21621	mismatched types
E0308	🧰️framework/🛍️products/💻️os/🔨️modules/🔌️plugin/📦️packages/🦀️rust/../../🦀️component.rs	21627	mismatched types
E0505	✏️s/🔌️plugins/🗄️stdio/📦️packages/🦀️rust/./././././././../../🗿️artifacts/🎨️svg/🏅️standards/🔖️1.1/🪆️subsets/✳️any/🧬️schema/🦀️component.rs	484	cannot move out of `self` because it is borrowed
E0308	🧰️framework/🛍️products/💻️os/🔨️modules/🔌️plugin/📦️packages/🦀️rust/../../🦀️component.rs	21611	mismatched types
E0308	🧰️framework/🛍️products/💻️os/🔨️modules/🔌️plugin/📦️packages/🦀️rust/../../🦀️component.rs	21621	mismatched types
E0308	🧰️framework/🛍️products/💻️os/🔨️modules/🔌️plugin/📦️packages/🦀️rust/../../🦀️component.rs	21627	mismatched types
E0277	✏️s/🔌️plugins/🗄️stdio/📦️packages/🦀️rust/././././././././../../🗿️artifacts/🎨️svg/🏅️standards/🔖️1.1/🪆️subsets/✳️any/🧬️schema/🧬️mutations/🦀️component.rs	279	a value of type `Result<Vec<TransformOp>, String>` cannot be built from an iterator over elements of type `impl Future<Output = Result<TransformOp, String>>`
E0271	✏️s/🔌️plugins/🗄️stdio/📦️packages/🦀️rust/././././././././../../🗿️artifacts/🎨️svg/🏅️standards/🔖️1.1/🪆️subsets/✳️any/🧬️schema/🧬️mutations/🦀️component.rs	325	expected `dec_view_box` to return `Result<_, String>`, but it returns `impl Future<Output = Result<ViewBox, String>>`
E0271	✏️s/🔌️plugins/🗄️stdio/📦️packages/🦀️rust/././././././././../../🗿️artifacts/🎨️svg/🏅️standards/🔖️1.1/🪆️subsets/✳️any/🧬️schema/🧬️mutations/🦀️component.rs	326	expected `dec_transform_list` to return `Result<_, String>`, but it returns `impl Future<Output = Result<Vec<TransformOp>, String>>`
E0277	✏️s/🔌️plugins/🗄️stdio/📦️packages/🦀️rust/././././././././../../🗿️artifacts/🎨️svg/🏅️standards/🔖️1.1/🪆️subsets/✳️any/🧬️schema/🧬️mutations/🦀️component.rs	418	`Result<u8, PackError>` is not a future
E0277	✏️s/🔌️plugins/🗄️stdio/📦️packages/🦀️rust/././././././././../../🗿️artifacts/🎨️svg/🏅️standards/🔖️1.1/🪆️subsets/✳️any/🧬️schema/🧬️mutations/🦀️component.rs	418	`Result<f64, PackError>` is not a future
E0277	✏️s/🔌️plugins/🗄️stdio/📦️packages/🦀️rust/././././././././../../🗿️artifacts/🎨️svg/🏅️standards/🔖️1.1/🪆️subsets/✳️any/🧬️schema/🧬️mutations/🦀️component.rs	418	`Result<u8, PackError>` is not a future
E0277	✏️s/🔌️plugins/🗄️stdio/📦️packages/🦀️rust/././././././././../../🗿️artifacts/🎨️svg/🏅️standards/🔖️1.1/🪆️subsets/✳️any/🧬️schema/🧬️mutations/🦀️component.rs	418	`Result<f64, PackError>` is not a future
E0505	✏️s/🔌️plugins/🗄️stdio/📦️packages/🦀️rust/././././././../../🗿️artifacts/🎨️svg/🏅️standards/🔖️1.1/🪆️subsets/✳️tiny/🧬️schema/🦀️component.rs	46	cannot move out of `self` because it is borrowed
E0308	🧰️framework/🛍️products/💻️os/🔨️modules/🔌️plugin/📦️packages/🦀️rust/../../🦀️component.rs	21611	mismatched types
E0308	🧰️framework/🛍️products/💻️os/🔨️modules/🔌️plugin/📦️packages/🦀️rust/../../🦀️component.rs	21621	mismatched types
E0308	🧰️framework/🛍️products/💻️os/🔨️modules/🔌️plugin/📦️packages/🦀️rust/../../🦀️component.rs	21627	mismatched types
E0505	✏️s/🔌️plugins/🗄️stdio/📦️packages/🦀️rust/././././././../../🗿️artifacts/🎨️svg/🏅️standards/🔖️1.1/🪆️subsets/✳️basic/🧬️schema/🦀️component.rs	46	cannot move out of `self` because it is borrowed
E0308	🧰️framework/🛍️products/💻️os/🔨️modules/🔌️plugin/📦️packages/🦀️rust/../../🦀️component.rs	21611	mismatched types
E0308	🧰️framework/🛍️products/💻️os/🔨️modules/🔌️plugin/📦️packages/🦀️rust/../../🦀️component.rs	21621	mismatched types
E0308	🧰️framework/🛍️products/💻️os/🔨️modules/🔌️plugin/📦️packages/🦀️rust/../../🦀️component.rs	21627	mismatched types
E0308	🧰️framework/🛍️products/💻️os/🔨️modules/🔌️plugin/📦️packages/🦀️rust/../../🦀️component.rs	21611	mismatched types
E0308	🧰️framework/🛍️products/💻️os/🔨️modules/🔌️plugin/📦️packages/🦀️rust/../../🦀️component.rs	21621	mismatched types
E0308	🧰️framework/🛍️products/💻️os/🔨️modules/🔌️plugin/📦️packages/🦀️rust/../../🦀️component.rs	21627	mismatched types
E0308	🧰️framework/🛍️products/💻️os/🔨️modules/🔌️plugin/📦️packages/🦀️rust/../../🦀️component.rs	21611	mismatched types
E0308	🧰️framework/🛍️products/💻️os/🔨️modules/🔌️plugin/📦️packages/🦀️rust/../../🦀️component.rs	21621	mismatched types
E0308	🧰️framework/🛍️products/💻️os/🔨️modules/🔌️plugin/📦️packages/🦀️rust/../../🦀️component.rs	21627	mismatched types
E0505	✏️s/🔌️plugins/🗄️stdio/📦️packages/🦀️rust/./././././././../../🗿️artifacts/📷️png/🏅️standards/🔖️1.2/🪆️subsets/✳️any/🧬️schema/🦀️component.rs	259	cannot move out of `self` because it is borrowed
E0308	🧰️framework/🛍️products/💻️os/🔨️modules/🔌️plugin/📦️packages/🦀️rust/../../🦀️component.rs	21611	mismatched types
E0308	🧰️framework/🛍️products/💻️os/🔨️modules/🔌️plugin/📦️packages/🦀️rust/../../🦀️component.rs	21621	mismatched types
E0308	🧰️framework/🛍️products/💻️os/🔨️modules/🔌️plugin/📦️packages/🦀️rust/../../🦀️component.rs	21627	mismatched types
E0308	🧰️framework/🛍️products/💻️os/🔨️modules/🔌️plugin/📦️packages/🦀️rust/../../🦀️component.rs	21611	mismatched types
E0308	🧰️framework/🛍️products/💻️os/🔨️modules/🔌️plugin/📦️packages/🦀️rust/../../🦀️component.rs	21621	mismatched types
E0308	🧰️framework/🛍️products/💻️os/🔨️modules/🔌️plugin/📦️packages/🦀️rust/../../🦀️component.rs	21627	mismatched types
E0308	🧰️framework/🛍️products/💻️os/🔨️modules/🔌️plugin/📦️packages/🦀️rust/../../🦀️component.rs	21611	mismatched types
E0308	🧰️framework/🛍️products/💻️os/🔨️modules/🔌️plugin/📦️packages/🦀️rust/../../🦀️component.rs	21621	mismatched types
E0308	🧰️framework/🛍️products/💻️os/🔨️modules/🔌️plugin/📦️packages/🦀️rust/../../🦀️component.rs	21627	mismatched types
E0308	🧰️framework/🛍️products/💻️os/🔨️modules/🔌️plugin/📦️packages/🦀️rust/../../🦀️component.rs	21611	mismatched types
E0308	🧰️framework/🛍️products/💻️os/🔨️modules/🔌️plugin/📦️packages/🦀️rust/../../🦀️component.rs	21621	mismatched types
E0308	🧰️framework/🛍️products/💻️os/🔨️modules/🔌️plugin/📦️packages/🦀️rust/../../🦀️component.rs	21627	mismatched types
E0308	🧰️framework/🛍️products/💻️os/🔨️modules/🔌️plugin/📦️packages/🦀️rust/../../🦀️component.rs	21611	mismatched types
E0308	🧰️framework/🛍️products/💻️os/🔨️modules/🔌️plugin/📦️packages/🦀️rust/../../🦀️component.rs	21621	mismatched types
E0308	🧰️framework/🛍️products/💻️os/🔨️modules/🔌️plugin/📦️packages/🦀️rust/../../🦀️component.rs	21627	mismatched types
E0308	🧰️framework/🛍️products/💻️os/🔨️modules/🔌️plugin/📦️packages/🦀️rust/../../🦀️component.rs	21611	mismatched types
E0308	🧰️framework/🛍️products/💻️os/🔨️modules/🔌️plugin/📦️packages/🦀️rust/../../🦀️component.rs	21621	mismatched types
E0308	🧰️framework/🛍️products/💻️os/🔨️modules/🔌️plugin/📦️packages/🦀️rust/../../🦀️component.rs	21627	mismatched types
E0308	🧰️framework/🛍️products/💻️os/🔨️modules/🔌️plugin/📦️packages/🦀️rust/../../🦀️component.rs	21611	mismatched types
E0308	🧰️framework/🛍️products/💻️os/🔨️modules/🔌️plugin/📦️packages/🦀️rust/../../🦀️component.rs	21621	mismatched types
E0308	🧰️framework/🛍️products/💻️os/🔨️modules/🔌️plugin/📦️packages/🦀️rust/../../🦀️component.rs	21627	mismatched types
E0308	🧰️framework/🛍️products/💻️os/🔨️modules/🔌️plugin/📦️packages/🦀️rust/../../🦀️component.rs	21611	mismatched types
E0308	🧰️framework/🛍️products/💻️os/🔨️modules/🔌️plugin/📦️packages/🦀️rust/../../🦀️component.rs	21621	mismatched types
E0308	🧰️framework/🛍️products/💻️os/🔨️modules/🔌️plugin/📦️packages/🦀️rust/../../🦀️component.rs	21627	mismatched types
E0308	🧰️framework/🛍️products/💻️os/🔨️modules/🔌️plugin/📦️packages/🦀️rust/../../🦀️component.rs	21611	mismatched types
E0308	🧰️framework/🛍️products/💻️os/🔨️modules/🔌️plugin/📦️packages/🦀️rust/../../🦀️component.rs	21621	mismatched types
E0308	🧰️framework/🛍️products/💻️os/🔨️modules/🔌️plugin/📦️packages/🦀️rust/../../🦀️component.rs	21627	mismatched types
E0308	🧰️framework/🛍️products/💻️os/🔨️modules/🔌️plugin/📦️packages/🦀️rust/../../🦀️component.rs	21611	mismatched types
E0308	🧰️framework/🛍️products/💻️os/🔨️modules/🔌️plugin/📦️packages/🦀️rust/../../🦀️component.rs	21621	mismatched types
E0308	🧰️framework/🛍️products/💻️os/🔨️modules/🔌️plugin/📦️packages/🦀️rust/../../🦀️component.rs	21627	mismatched types
E0308	🧰️framework/🛍️products/💻️os/🔨️modules/🔌️plugin/📦️packages/🦀️rust/../../🦀️component.rs	21611	mismatched types
E0308	🧰️framework/🛍️products/💻️os/🔨️modules/🔌️plugin/📦️packages/🦀️rust/../../🦀️component.rs	21621	mismatched types
E0308	🧰️framework/🛍️products/💻️os/🔨️modules/🔌️plugin/📦️packages/🦀️rust/../../🦀️component.rs	21627	mismatched types
E0505	✏️s/🔌️plugins/🗄️stdio/📦️packages/🦀️rust/./././././././../../🗿️artifacts/📷️jpg/🏅️standards/🔖️jfif-1.01/🪆️subsets/✳️any/🧬️schema/🦀️component.rs	120	cannot move out of `self` because it is borrowed
E0308	🧰️framework/🛍️products/💻️os/🔨️modules/🔌️plugin/📦️packages/🦀️rust/../../🦀️component.rs	21611	mismatched types
E0308	🧰️framework/🛍️products/💻️os/🔨️modules/🔌️plugin/📦️packages/🦀️rust/../../🦀️component.rs	21621	mismatched types
E0308	🧰️framework/🛍️products/💻️os/🔨️modules/🔌️plugin/📦️packages/🦀️rust/../../🦀️component.rs	21627	mismatched types
E0277	✏️s/🔌️plugins/🗄️stdio/📦️packages/🦀️rust/././././././././../../🗿️artifacts/📷️jpg/🏅️standards/🔖️jfif-1.01/🪆️subsets/✳️any/🧬️schema/🧬️mutations/🦀️component.rs	203	`impl Future<Output = std::string::String>` doesn't implement `std::fmt::Display`
E0308	🧰️framework/🛍️products/💻️os/🔨️modules/🔌️plugin/📦️packages/🦀️rust/../../🦀️component.rs	21611	mismatched types
E0308	🧰️framework/🛍️products/💻️os/🔨️modules/🔌️plugin/📦️packages/🦀️rust/../../🦀️component.rs	21621	mismatched types
E0308	🧰️framework/🛍️products/💻️os/🔨️modules/🔌️plugin/📦️packages/🦀️rust/../../🦀️component.rs	21627	mismatched types
E0308	🧰️framework/🛍️products/💻️os/🔨️modules/🔌️plugin/📦️packages/🦀️rust/../../🦀️component.rs	21611	mismatched types
E0308	🧰️framework/🛍️products/💻️os/🔨️modules/🔌️plugin/📦️packages/🦀️rust/../../🦀️component.rs	21621	mismatched types
E0308	🧰️framework/🛍️products/💻️os/🔨️modules/🔌️plugin/📦️packages/🦀️rust/../../🦀️component.rs	21627	mismatched types
E0308	🧰️framework/🛍️products/💻️os/🔨️modules/🔌️plugin/📦️packages/🦀️rust/../../🦀️component.rs	21611	mismatched types
E0308	🧰️framework/🛍️products/💻️os/🔨️modules/🔌️plugin/📦️packages/🦀️rust/../../🦀️component.rs	21621	mismatched types
E0308	🧰️framework/🛍️products/💻️os/🔨️modules/🔌️plugin/📦️packages/🦀️rust/../../🦀️component.rs	21627	mismatched types
E0308	🧰️framework/🛍️products/💻️os/🔨️modules/🔌️plugin/📦️packages/🦀️rust/../../🦀️component.rs	21611	mismatched types
E0308	🧰️framework/🛍️products/💻️os/🔨️modules/🔌️plugin/📦️packages/🦀️rust/../../🦀️component.rs	21621	mismatched types
E0308	🧰️framework/🛍️products/💻️os/🔨️modules/🔌️plugin/📦️packages/🦀️rust/../../🦀️component.rs	21627	mismatched types
E0308	✏️s/🔌️plugins/🗄️stdio/📦️packages/🦀️rust/./././././././../../🗿️artifacts/🖼️tiff/🏅️standards/🔖️6.0/🪆️subsets/✳️any/🚪️io/🦀️component.rs	105	mismatched types
E0308	✏️s/🔌️plugins/🗄️stdio/📦️packages/🦀️rust/./././././././../../🗿️artifacts/🖼️tiff/🏅️standards/🔖️6.0/🪆️subsets/✳️any/🚪️io/🦀️component.rs	108	mismatched types
E0277	✏️s/🔌️plugins/🗄️stdio/📦️packages/🦀️rust/./././././././../../🗿️artifacts/🖼️tiff/🏅️standards/🔖️6.0/🪆️subsets/✳️any/🚪️io/🦀️component.rs	204	a value of type `Vec<u16>` cannot be built from an iterator over elements of type `impl Future<Output = u16>`
E0277	✏️s/🔌️plugins/🗄️stdio/📦️packages/🦀️rust/./././././././../../🗿️artifacts/🖼️tiff/🏅️standards/🔖️6.0/🪆️subsets/✳️any/🚪️io/🦀️component.rs	205	a value of type `Vec<u32>` cannot be built from an iterator over elements of type `impl Future<Output = u32>`
E0277	✏️s/🔌️plugins/🗄️stdio/📦️packages/🦀️rust/./././././././../../🗿️artifacts/🖼️tiff/🏅️standards/🔖️6.0/🪆️subsets/✳️any/🚪️io/🦀️component.rs	206	a value of type `Vec<(u32, u32)>` cannot be built from an iterator over elements of type `(impl Future<Output = u32>, impl Future<Output = u32>)`
E0308	✏️s/🔌️plugins/🗄️stdio/📦️packages/🦀️rust/./././././././../../🗿️artifacts/🖼️tiff/🏅️standards/🔖️6.0/🪆️subsets/✳️any/🚪️io/🦀️component.rs	212	mismatched types
E0308	✏️s/🔌️plugins/🗄️stdio/📦️packages/🦀️rust/./././././././../../🗿️artifacts/🖼️tiff/🏅️standards/🔖️6.0/🪆️subsets/✳️any/🚪️io/🦀️component.rs	213	mismatched types
E0605	✏️s/🔌️plugins/🗄️stdio/📦️packages/🦀️rust/./././././././../../🗿️artifacts/🖼️tiff/🏅️standards/🔖️6.0/🪆️subsets/✳️any/🚪️io/🦀️component.rs	194	non-primitive cast: `impl Future<Output = u32>` as `usize`
E0605	✏️s/🔌️plugins/🗄️stdio/📦️packages/🦀️rust/./././././././../../🗿️artifacts/🖼️tiff/🏅️standards/🔖️6.0/🪆️subsets/✳️any/🚪️io/🦀️component.rs	209	non-primitive cast: `impl Future<Output = u16>` as `i16`
E0605	✏️s/🔌️plugins/🗄️stdio/📦️packages/🦀️rust/./././././././../../🗿️artifacts/🖼️tiff/🏅️standards/🔖️6.0/🪆️subsets/✳️any/🚪️io/🦀️component.rs	210	non-primitive cast: `impl Future<Output = u32>` as `i32`
E0605	✏️s/🔌️plugins/🗄️stdio/📦️packages/🦀️rust/./././././././../../🗿️artifacts/🖼️tiff/🏅️standards/🔖️6.0/🪆️subsets/✳️any/🚪️io/🦀️component.rs	211	non-primitive cast: `impl Future<Output = u32>` as `i32`
E0605	✏️s/🔌️plugins/🗄️stdio/📦️packages/🦀️rust/./././././././../../🗿️artifacts/🖼️tiff/🏅️standards/🔖️6.0/🪆️subsets/✳️any/🚪️io/🦀️component.rs	211	non-primitive cast: `impl Future<Output = u32>` as `i32`
E0277	✏️s/🔌️plugins/🗄️stdio/📦️packages/🦀️rust/./././././././../../🗿️artifacts/🖼️tiff/🏅️standards/🔖️6.0/🪆️subsets/✳️any/🚪️io/🦀️component.rs	503	cannot add `impl Future<Output = usize>` to `usize`
E0308	🧰️framework/🛍️products/💻️os/🔨️modules/🔌️plugin/📦️packages/🦀️rust/../../🦀️component.rs	21611	mismatched types
E0308	🧰️framework/🛍️products/💻️os/🔨️modules/🔌️plugin/📦️packages/🦀️rust/../../🦀️component.rs	21621	mismatched types
E0308	🧰️framework/🛍️products/💻️os/🔨️modules/🔌️plugin/📦️packages/🦀️rust/../../🦀️component.rs	21627	mismatched types
E0308	🧰️framework/🛍️products/💻️os/🔨️modules/🔌️plugin/📦️packages/🦀️rust/../../🦀️component.rs	21611	mismatched types
E0308	🧰️framework/🛍️products/💻️os/🔨️modules/🔌️plugin/📦️packages/🦀️rust/../../🦀️component.rs	21621	mismatched types
E0308	🧰️framework/🛍️products/💻️os/🔨️modules/🔌️plugin/📦️packages/🦀️rust/../../🦀️component.rs	21627	mismatched types
E0308	🧰️framework/🛍️products/💻️os/🔨️modules/🔌️plugin/📦️packages/🦀️rust/../../🦀️component.rs	21611	mismatched types
E0308	🧰️framework/🛍️products/💻️os/🔨️modules/🔌️plugin/📦️packages/🦀️rust/../../🦀️component.rs	21621	mismatched types
E0308	🧰️framework/🛍️products/💻️os/🔨️modules/🔌️plugin/📦️packages/🦀️rust/../../🦀️component.rs	21627	mismatched types
E0308	🧰️framework/🛍️products/💻️os/🔨️modules/🔌️plugin/📦️packages/🦀️rust/../../🦀️component.rs	21611	mismatched types
E0308	🧰️framework/🛍️products/💻️os/🔨️modules/🔌️plugin/📦️packages/🦀️rust/../../🦀️component.rs	21621	mismatched types
E0308	🧰️framework/🛍️products/💻️os/🔨️modules/🔌️plugin/📦️packages/🦀️rust/../../🦀️component.rs	21627	mismatched types
E0308	🧰️framework/🛍️products/💻️os/🔨️modules/🔌️plugin/📦️packages/🦀️rust/../../🦀️component.rs	21611	mismatched types
E0308	🧰️framework/🛍️products/💻️os/🔨️modules/🔌️plugin/📦️packages/🦀️rust/../../🦀️component.rs	21621	mismatched types
E0308	🧰️framework/🛍️products/💻️os/🔨️modules/🔌️plugin/📦️packages/🦀️rust/../../🦀️component.rs	21627	mismatched types
E0308	🧰️framework/🛍️products/💻️os/🔨️modules/🔌️plugin/📦️packages/🦀️rust/../../🦀️component.rs	21611	mismatched types
E0308	🧰️framework/🛍️products/💻️os/🔨️modules/🔌️plugin/📦️packages/🦀️rust/../../🦀️component.rs	21621	mismatched types
E0308	🧰️framework/🛍️products/💻️os/🔨️modules/🔌️plugin/📦️packages/🦀️rust/../../🦀️component.rs	21627	mismatched types
E0308	🧰️framework/🛍️products/💻️os/🔨️modules/🔌️plugin/📦️packages/🦀️rust/../../🦀️component.rs	21611	mismatched types
E0308	🧰️framework/🛍️products/💻️os/🔨️modules/🔌️plugin/📦️packages/🦀️rust/../../🦀️component.rs	21621	mismatched types
E0308	🧰️framework/🛍️products/💻️os/🔨️modules/🔌️plugin/📦️packages/🦀️rust/../../🦀️component.rs	21627	mismatched types
E0308	🧰️framework/🛍️products/💻️os/🔨️modules/🔌️plugin/📦️packages/🦀️rust/../../🦀️component.rs	21611	mismatched types
E0308	🧰️framework/🛍️products/💻️os/🔨️modules/🔌️plugin/📦️packages/🦀️rust/../../🦀️component.rs	21621	mismatched types
E0308	🧰️framework/🛍️products/💻️os/🔨️modules/🔌️plugin/📦️packages/🦀️rust/../../🦀️component.rs	21627	mismatched types
E0308	🧰️framework/🛍️products/💻️os/🔨️modules/🔌️plugin/📦️packages/🦀️rust/../../🦀️component.rs	21611	mismatched types
E0308	🧰️framework/🛍️products/💻️os/🔨️modules/🔌️plugin/📦️packages/🦀️rust/../../🦀️component.rs	21621	mismatched types
E0308	🧰️framework/🛍️products/💻️os/🔨️modules/🔌️plugin/📦️packages/🦀️rust/../../🦀️component.rs	21627	mismatched types
E0308	🧰️framework/🛍️products/💻️os/🔨️modules/🔌️plugin/📦️packages/🦀️rust/../../🦀️component.rs	21611	mismatched types
E0308	🧰️framework/🛍️products/💻️os/🔨️modules/🔌️plugin/📦️packages/🦀️rust/../../🦀️component.rs	21621	mismatched types
E0308	🧰️framework/🛍️products/💻️os/🔨️modules/🔌️plugin/📦️packages/🦀️rust/../../🦀️component.rs	21627	mismatched types
E0308	🧰️framework/🛍️products/💻️os/🔨️modules/🔌️plugin/📦️packages/🦀️rust/../../🦀️component.rs	21611	mismatched types
E0308	🧰️framework/🛍️products/💻️os/🔨️modules/🔌️plugin/📦️packages/🦀️rust/../../🦀️component.rs	21621	mismatched types
E0308	🧰️framework/🛍️products/💻️os/🔨️modules/🔌️plugin/📦️packages/🦀️rust/../../🦀️component.rs	21627	mismatched types
E0308	🧰️framework/🛍️products/💻️os/🔨️modules/🔌️plugin/📦️packages/🦀️rust/../../🦀️component.rs	21611	mismatched types
E0308	🧰️framework/🛍️products/💻️os/🔨️modules/🔌️plugin/📦️packages/🦀️rust/../../🦀️component.rs	21621	mismatched types
E0308	🧰️framework/🛍️products/💻️os/🔨️modules/🔌️plugin/📦️packages/🦀️rust/../../🦀️component.rs	21627	mismatched types
E0308	🧰️framework/🛍️products/💻️os/🔨️modules/🔌️plugin/📦️packages/🦀️rust/../../🦀️component.rs	21611	mismatched types
E0308	🧰️framework/🛍️products/💻️os/🔨️modules/🔌️plugin/📦️packages/🦀️rust/../../🦀️component.rs	21621	mismatched types
E0308	🧰️framework/🛍️products/💻️os/🔨️modules/🔌️plugin/📦️packages/🦀️rust/../../🦀️component.rs	21627	mismatched types
E0308	🧰️framework/🛍️products/💻️os/🔨️modules/🔌️plugin/📦️packages/🦀️rust/../../🦀️component.rs	21611	mismatched types
E0308	🧰️framework/🛍️products/💻️os/🔨️modules/🔌️plugin/📦️packages/🦀️rust/../../🦀️component.rs	21621	mismatched types
E0308	🧰️framework/🛍️products/💻️os/🔨️modules/🔌️plugin/📦️packages/🦀️rust/../../🦀️component.rs	21627	mismatched types
E0308	🧰️framework/🛍️products/💻️os/🔨️modules/🔌️plugin/📦️packages/🦀️rust/../../🦀️component.rs	21611	mismatched types
E0308	🧰️framework/🛍️products/💻️os/🔨️modules/🔌️plugin/📦️packages/🦀️rust/../../🦀️component.rs	21621	mismatched types
E0308	🧰️framework/🛍️products/💻️os/🔨️modules/🔌️plugin/📦️packages/🦀️rust/../../🦀️component.rs	21627	mismatched types
E0271	✏️s/🔌️plugins/🗄️stdio/📦️packages/🦀️rust/././././././././../../🗿️artifacts/🧿️semio/🏅️standards/🔖️v1/🪆️subsets/✳️brep/🧬️schema/📸️snapshot/🏟️arena/🦀️component.rs	151	expected `{closure@🦀️component.rs:151:50}` to return `Option<(Id, &T)>`, but it returns `Option<(impl Future<Output = Id>, &T)>`
E0271	✏️s/🔌️plugins/🗄️stdio/📦️packages/🦀️rust/././././././././../../🗿️artifacts/🧿️semio/🏅️standards/🔖️v1/🪆️subsets/✳️brep/🧬️schema/📸️snapshot/🏟️arena/🦀️component.rs	157	expected `{closure@🦀️component.rs:155:54}` to return `Option<(Id, &mut T)>`, but it returns `Option<(impl Future<Output = Id>, &mut T)>`
E0308	🧰️framework/🛍️products/💻️os/🔨️modules/🔌️plugin/📦️packages/🦀️rust/../../🦀️component.rs	21611	mismatched types
E0308	🧰️framework/🛍️products/💻️os/🔨️modules/🔌️plugin/📦️packages/🦀️rust/../../🦀️component.rs	21621	mismatched types
E0308	🧰️framework/🛍️products/💻️os/🔨️modules/🔌️plugin/📦️packages/🦀️rust/../../🦀️component.rs	21627	mismatched types
E0308	🧰️framework/🛍️products/💻️os/🔨️modules/🔌️plugin/📦️packages/🦀️rust/../../🦀️component.rs	21611	mismatched types
E0308	🧰️framework/🛍️products/💻️os/🔨️modules/🔌️plugin/📦️packages/🦀️rust/../../🦀️component.rs	21621	mismatched types
E0308	🧰️framework/🛍️products/💻️os/🔨️modules/🔌️plugin/📦️packages/🦀️rust/../../🦀️component.rs	21627	mismatched types
E0308	🧰️framework/🛍️products/💻️os/🔨️modules/🔌️plugin/📦️packages/🦀️rust/../../🦀️component.rs	21611	mismatched types
E0308	🧰️framework/🛍️products/💻️os/🔨️modules/🔌️plugin/📦️packages/🦀️rust/../../🦀️component.rs	21621	mismatched types
E0308	🧰️framework/🛍️products/💻️os/🔨️modules/🔌️plugin/📦️packages/🦀️rust/../../🦀️component.rs	21627	mismatched types
E0599	✏️s/🔌️plugins/🗄️stdio/📦️packages/🦀️rust/././././././././../../🗿️artifacts/🧿️semio/🏅️standards/🔖️v1/🪆️subsets/✳️drawing/🧬️schema/💡️inferences/🦀️component.rs	61	`impl Future<Output = BTreeMap<<... as InferredField<...>>::Key, ...>>` is not an iterator
E0308	🧰️framework/🛍️products/💻️os/🔨️modules/🔌️plugin/📦️packages/🦀️rust/../../🦀️component.rs	21611	mismatched types
E0308	🧰️framework/🛍️products/💻️os/🔨️modules/🔌️plugin/📦️packages/🦀️rust/../../🦀️component.rs	21621	mismatched types
E0308	🧰️framework/🛍️products/💻️os/🔨️modules/🔌️plugin/📦️packages/🦀️rust/../../🦀️component.rs	21627	mismatched types
E0308	🧰️framework/🛍️products/💻️os/🔨️modules/🔌️plugin/📦️packages/🦀️rust/../../🦀️component.rs	21611	mismatched types
E0308	🧰️framework/🛍️products/💻️os/🔨️modules/🔌️plugin/📦️packages/🦀️rust/../../🦀️component.rs	21621	mismatched types
E0308	🧰️framework/🛍️products/💻️os/🔨️modules/🔌️plugin/📦️packages/🦀️rust/../../🦀️component.rs	21627	mismatched types
E0308	✏️s/🔌️plugins/🗄️stdio/📦️packages/🦀️rust/././././././././../../🗿️artifacts/🧿️semio/🏅️standards/🔖️v1/🪆️subsets/✳️mesh/🧬️schema/💡️inferences/🦀️component.rs	64	mismatched types
E0308	🧰️framework/🛍️products/💻️os/🔨️modules/🔌️plugin/📦️packages/🦀️rust/../../🦀️component.rs	21611	mismatched types
E0308	🧰️framework/🛍️products/💻️os/🔨️modules/🔌️plugin/📦️packages/🦀️rust/../../🦀️component.rs	21621	mismatched types
E0308	🧰️framework/🛍️products/💻️os/🔨️modules/🔌️plugin/📦️packages/🦀️rust/../../🦀️component.rs	21627	mismatched types
E0308	🧰️framework/🛍️products/💻️os/🔨️modules/🔌️plugin/📦️packages/🦀️rust/../../🦀️component.rs	21611	mismatched types
E0308	🧰️framework/🛍️products/💻️os/🔨️modules/🔌️plugin/📦️packages/🦀️rust/../../🦀️component.rs	21621	mismatched types
E0308	🧰️framework/🛍️products/💻️os/🔨️modules/🔌️plugin/📦️packages/🦀️rust/../../🦀️component.rs	21627	mismatched types
E0369	✏️s/🔌️plugins/🗄️stdio/📦️packages/🦀️rust/./././././././../../🗿️artifacts/🧿️semio/🏅️standards/🔖️v1/🪆️subsets/✳️value/🧬️schema/🌫️fuzzy-internals/🦀️component.rs	1391	cannot multiply `impl Future<Output = f64>` by `f64`
E0605	✏️s/🔌️plugins/🗄️stdio/📦️packages/🦀️rust/./././././././../../🗿️artifacts/🧿️semio/🏅️standards/🔖️v1/🪆️subsets/✳️value/🧬️schema/🌫️fuzzy-internals/🦀️component.rs	1386	non-primitive cast: `impl Future<Output = u64>` as `usize`
E0605	✏️s/🔌️plugins/🗄️stdio/📦️packages/🦀️rust/./././././././../../🗿️artifacts/🧿️semio/🏅️standards/🔖️v1/🪆️subsets/✳️value/🧬️schema/🌫️fuzzy-internals/🦀️component.rs	1387	non-primitive cast: `impl Future<Output = u64>` as `usize`
E0308	🧰️framework/🛍️products/💻️os/🔨️modules/🔌️plugin/📦️packages/🦀️rust/../../🦀️component.rs	21611	mismatched types
E0308	🧰️framework/🛍️products/💻️os/🔨️modules/🔌️plugin/📦️packages/🦀️rust/../../🦀️component.rs	21621	mismatched types
E0308	🧰️framework/🛍️products/💻️os/🔨️modules/🔌️plugin/📦️packages/🦀️rust/../../🦀️component.rs	21627	mismatched types
E0308	🧰️framework/🛍️products/💻️os/🔨️modules/🔌️plugin/📦️packages/🦀️rust/../../🦀️component.rs	21611	mismatched types
E0308	🧰️framework/🛍️products/💻️os/🔨️modules/🔌️plugin/📦️packages/🦀️rust/../../🦀️component.rs	21621	mismatched types
E0308	🧰️framework/🛍️products/💻️os/🔨️modules/🔌️plugin/📦️packages/🦀️rust/../../🦀️component.rs	21627	mismatched types
E0308	🧰️framework/🛍️products/💻️os/🔨️modules/🔌️plugin/📦️packages/🦀️rust/../../🦀️component.rs	21611	mismatched types
E0308	🧰️framework/🛍️products/💻️os/🔨️modules/🔌️plugin/📦️packages/🦀️rust/../../🦀️component.rs	21621	mismatched types
E0308	🧰️framework/🛍️products/💻️os/🔨️modules/🔌️plugin/📦️packages/🦀️rust/../../🦀️component.rs	21627	mismatched types
E0308	🧰️framework/🛍️products/💻️os/🔨️modules/🔌️plugin/📦️packages/🦀️rust/../../🦀️component.rs	21611	mismatched types
E0308	🧰️framework/🛍️products/💻️os/🔨️modules/🔌️plugin/📦️packages/🦀️rust/../../🦀️component.rs	21621	mismatched types
E0308	🧰️framework/🛍️products/💻️os/🔨️modules/🔌️plugin/📦️packages/🦀️rust/../../🦀️component.rs	21627	mismatched types
E0308	🧰️framework/🛍️products/💻️os/🔨️modules/🔌️plugin/📦️packages/🦀️rust/../../🦀️component.rs	21611	mismatched types
E0308	🧰️framework/🛍️products/💻️os/🔨️modules/🔌️plugin/📦️packages/🦀️rust/../../🦀️component.rs	21621	mismatched types
E0308	🧰️framework/🛍️products/💻️os/🔨️modules/🔌️plugin/📦️packages/🦀️rust/../../🦀️component.rs	21627	mismatched types
E0277	✏️s/🔌️plugins/🗄️stdio/📦️packages/🦀️rust/./././././././../../🗿️artifacts/🧿️semio/🏅️standards/🔖️v1/🪆️subsets/✳️table/🧬️schema/🎲️probability-internals/🦀️component.rs	405	cannot multiply `{float}` by `impl Future<Output = f64>`
E0277	✏️s/🔌️plugins/🗄️stdio/📦️packages/🦀️rust/./././././././../../🗿️artifacts/🧿️semio/🏅️standards/🔖️v1/🪆️subsets/✳️table/🧬️schema/🎲️probability-internals/🦀️component.rs	406	cannot multiply `{float}` by `impl Future<Output = f64>`
E0689	✏️s/🔌️plugins/🗄️stdio/📦️packages/🦀️rust/./././././././../../🗿️artifacts/🧿️semio/🏅️standards/🔖️v1/🪆️subsets/✳️table/🧬️schema/🎲️probability-internals/🦀️component.rs	409	can't call method `sqrt` on ambiguous numeric type `{float}`
E0369	✏️s/🔌️plugins/🗄️stdio/📦️packages/🦀️rust/./././././././../../🗿️artifacts/🧿️semio/🏅️standards/🔖️v1/🪆️subsets/✳️table/🧬️schema/🎲️probability-internals/🦀️component.rs	466	cannot multiply `impl Future<Output = f64>` by `f64`
E0369	✏️s/🔌️plugins/🗄️stdio/📦️packages/🦀️rust/./././././././../../🗿️artifacts/🧿️semio/🏅️standards/🔖️v1/🪆️subsets/✳️table/🧬️schema/🎲️probability-internals/🦀️component.rs	528	binary operation `<` cannot be applied to type `impl Future<Output = f64>`
E0308	✏️s/🔌️plugins/🗄️stdio/📦️packages/🦀️rust/./././././././../../🗿️artifacts/🧿️semio/🏅️standards/🔖️v1/🪆️subsets/✳️table/🧬️schema/🎲️probability-internals/🦀️component.rs	531	mismatched types
E0369	✏️s/🔌️plugins/🗄️stdio/📦️packages/🦀️rust/./././././././../../🗿️artifacts/🧿️semio/🏅️standards/🔖️v1/🪆️subsets/✳️table/🧬️schema/🎲️probability-internals/🦀️component.rs	590	binary operation `<` cannot be applied to type `impl Future<Output = f64>`
E0308	✏️s/🔌️plugins/🗄️stdio/📦️packages/🦀️rust/./././././././../../🗿️artifacts/🧿️semio/🏅️standards/🔖️v1/🪆️subsets/✳️table/🧬️schema/🎲️probability-internals/🦀️component.rs	593	mismatched types
E0369	✏️s/🔌️plugins/🗄️stdio/📦️packages/🦀️rust/./././././././../../🗿️artifacts/🧿️semio/🏅️standards/🔖️v1/🪆️subsets/✳️table/🧬️schema/🎲️probability-internals/🦀️component.rs	600	cannot divide `impl Future<Output = f64>` by `f64`
E0369	✏️s/🔌️plugins/🗄️stdio/📦️packages/🦀️rust/./././././././../../🗿️artifacts/🧿️semio/🏅️standards/🔖️v1/🪆️subsets/✳️table/🧬️schema/🎲️probability-internals/🦀️component.rs	660	binary operation `<` cannot be applied to type `impl Future<Output = f64>`
E0308	✏️s/🔌️plugins/🗄️stdio/📦️packages/🦀️rust/./././././././../../🗿️artifacts/🧿️semio/🏅️standards/🔖️v1/🪆️subsets/✳️table/🧬️schema/🎲️probability-internals/🦀️component.rs	663	mismatched types
E0277	✏️s/🔌️plugins/🗄️stdio/📦️packages/🦀️rust/./././././././../../🗿️artifacts/🧿️semio/🏅️standards/🔖️v1/🪆️subsets/✳️table/🧬️schema/🎲️probability-internals/🦀️component.rs	724	the trait bound `u64: From<impl Future<Output = bool>>` is not satisfied
E0369	✏️s/🔌️plugins/🗄️stdio/📦️packages/🦀️rust/./././././././../../🗿️artifacts/🧿️semio/🏅️standards/🔖️v1/🪆️subsets/✳️table/🧬️schema/🎲️probability-internals/🦀️component.rs	794	binary operation `>=` cannot be applied to type `impl Future<Output = f64>`
E0308	✏️s/🔌️plugins/🗄️stdio/📦️packages/🦀️rust/./././././././../../🗿️artifacts/🧿️semio/🏅️standards/🔖️v1/🪆️subsets/✳️table/🧬️schema/🎲️probability-internals/🦀️component.rs	803	mismatched types
E0308	🧰️framework/🛍️products/💻️os/🔨️modules/🔌️plugin/📦️packages/🦀️rust/../../🦀️component.rs	21611	mismatched types
E0308	🧰️framework/🛍️products/💻️os/🔨️modules/🔌️plugin/📦️packages/🦀️rust/../../🦀️component.rs	21621	mismatched types
E0308	🧰️framework/🛍️products/💻️os/🔨️modules/🔌️plugin/📦️packages/🦀️rust/../../🦀️component.rs	21627	mismatched types
E0308	🧰️framework/🛍️products/💻️os/🔨️modules/🔌️plugin/📦️packages/🦀️rust/../../🦀️component.rs	21611	mismatched types
E0308	🧰️framework/🛍️products/💻️os/🔨️modules/🔌️plugin/📦️packages/🦀️rust/../../🦀️component.rs	21621	mismatched types
E0308	🧰️framework/🛍️products/💻️os/🔨️modules/🔌️plugin/📦️packages/🦀️rust/../../🦀️component.rs	21627	mismatched types
E0308	🧰️framework/🛍️products/💻️os/🔨️modules/🔌️plugin/📦️packages/🦀️rust/../../🦀️component.rs	21611	mismatched types
E0308	🧰️framework/🛍️products/💻️os/🔨️modules/🔌️plugin/📦️packages/🦀️rust/../../🦀️component.rs	21621	mismatched types
E0308	🧰️framework/🛍️products/💻️os/🔨️modules/🔌️plugin/📦️packages/🦀️rust/../../🦀️component.rs	21627	mismatched types
E0277	✏️s/🔌️plugins/🗄️stdio/📦️packages/🦀️rust/././././././../../🗿️artifacts/🎥️mp4/🏅️standards/🔖️isobmff/🪆️subsets/✳️any/🚪️io/🦀️component.rs	557	can't compare `usize` with `impl Future<Output = usize>`
E0277	✏️s/🔌️plugins/🗄️stdio/📦️packages/🦀️rust/././././././../../🗿️artifacts/🎥️mp4/🏅️standards/🔖️isobmff/🪆️subsets/✳️any/🚪️io/🦀️component.rs	563	can't compare `usize` with `impl Future<Output = usize>`
E0277	✏️s/🔌️plugins/🗄️stdio/📦️packages/🦀️rust/././././././../../🗿️artifacts/🎥️mp4/🏅️standards/🔖️isobmff/🪆️subsets/✳️any/🚪️io/🦀️component.rs	571	can't compare `usize` with `impl Future<Output = usize>`
E0308	✏️s/🔌️plugins/🗄️stdio/📦️packages/🦀️rust/././././././../../🗿️artifacts/🎥️mp4/🏅️standards/🔖️isobmff/🪆️subsets/✳️any/🚪️io/🦀️component.rs	890	mismatched types
E0505	✏️s/🔌️plugins/🗄️stdio/📦️packages/🦀️rust/./././././././../../🗿️artifacts/🎥️mp4/🏅️standards/🔖️isobmff/🪆️subsets/✳️any/🧬️schema/🦀️component.rs	105	cannot move out of `self` because it is borrowed
E0308	🧰️framework/🛍️products/💻️os/🔨️modules/🔌️plugin/📦️packages/🦀️rust/../../🦀️component.rs	21611	mismatched types
E0308	🧰️framework/🛍️products/💻️os/🔨️modules/🔌️plugin/📦️packages/🦀️rust/../../🦀️component.rs	21621	mismatched types
E0308	🧰️framework/🛍️products/💻️os/🔨️modules/🔌️plugin/📦️packages/🦀️rust/../../🦀️component.rs	21627	mismatched types
E0277	✏️s/🔌️plugins/🗄️stdio/📦️packages/🦀️rust/././././././././../../🗿️artifacts/🎥️mp4/🏅️standards/🔖️isobmff/🪆️subsets/✳️any/🧬️schema/🔺️diff/🦀️component.rs	133	cannot subtract `impl Future<Output = usize>` from `usize`
E0277	✏️s/🔌️plugins/🗄️stdio/📦️packages/🦀️rust/././././././././../../🗿️artifacts/🎥️mp4/🏅️standards/🔖️isobmff/🪆️subsets/✳️any/🧬️schema/🔺️diff/🦀️component.rs	138	cannot add `impl Future<Output = usize>` to `usize`
E0308	✏️s/🔌️plugins/🗄️stdio/📦️packages/🦀️rust/././././././././../../🗿️artifacts/🎥️mp4/🏅️standards/🔖️isobmff/🪆️subsets/✳️any/🧬️schema/🔺️diff/🦀️component.rs	196	mismatched types
E0308	✏️s/🔌️plugins/🗄️stdio/📦️packages/🦀️rust/././././././././../../🗿️artifacts/🎥️mp4/🏅️standards/🔖️isobmff/🪆️subsets/✳️any/🧬️schema/🔺️diff/🦀️component.rs	199	mismatched types
E0308	✏️s/🔌️plugins/🗄️stdio/📦️packages/🦀️rust/././././././././../../🗿️artifacts/🎥️mp4/🏅️standards/🔖️isobmff/🪆️subsets/✳️any/🧬️schema/🔺️diff/🦀️component.rs	217	mismatched types
E0308	✏️s/🔌️plugins/🗄️stdio/📦️packages/🦀️rust/././././././././../../🗿️artifacts/🎥️mp4/🏅️standards/🔖️isobmff/🪆️subsets/✳️any/🧬️schema/🔺️diff/🦀️component.rs	217	`if` and `else` have incompatible types
E0271	✏️s/🔌️plugins/🗄️stdio/📦️packages/🦀️rust/././././././././../../🗿️artifacts/🎥️mp4/🏅️standards/🔖️isobmff/🪆️subsets/✳️any/🧬️schema/🔺️diff/🦀️component.rs	350	expected `apply_sample_diff` to return `Mp4Sample`, but it returns `impl Future<Output = Mp4Sample>`
E0631	✏️s/🔌️plugins/🗄️stdio/📦️packages/🦀️rust/././././././././../../🗿️artifacts/🎥️mp4/🏅️standards/🔖️isobmff/🪆️subsets/✳️any/🧬️schema/🔺️diff/🦀️component.rs	358	type mismatch in function arguments
E0631	✏️s/🔌️plugins/🗄️stdio/📦️packages/🦀️rust/././././././././../../🗿️artifacts/🎥️mp4/🏅️standards/🔖️isobmff/🪆️subsets/✳️any/🧬️schema/🔺️diff/🦀️component.rs	358	type mismatch in function arguments
E0631	✏️s/🔌️plugins/🗄️stdio/📦️packages/🦀️rust/././././././././../../🗿️artifacts/🎥️mp4/🏅️standards/🔖️isobmff/🪆️subsets/✳️any/🧬️schema/🔺️diff/🦀️component.rs	358	type mismatch in function arguments
E0308	✏️s/🔌️plugins/🗄️stdio/📦️packages/🦀️rust/././././././././../../🗿️artifacts/🎥️mp4/🏅️standards/🔖️isobmff/🪆️subsets/✳️any/🧬️schema/🔺️diff/🦀️component.rs	367	mismatched types
E0271	✏️s/🔌️plugins/🗄️stdio/📦️packages/🦀️rust/././././././././../../🗿️artifacts/🎥️mp4/🏅️standards/🔖️isobmff/🪆️subsets/✳️any/🧬️schema/🔺️diff/🦀️component.rs	396	expected `absorb_sample_diff` to return `()`, but it returns `impl Future<Output = ()>`
E0271	✏️s/🔌️plugins/🗄️stdio/📦️packages/🦀️rust/././././././././../../🗿️artifacts/🎥️mp4/🏅️standards/🔖️isobmff/🪆️subsets/✳️any/🧬️schema/🔺️diff/🦀️component.rs	396	expected `apply_sample_diff_mut` to return `()`, but it returns `impl Future<Output = ()>`
E0271	✏️s/🔌️plugins/🗄️stdio/📦️packages/🦀️rust/././././././././../../🗿️artifacts/🎥️mp4/🏅️standards/🔖️isobmff/🪆️subsets/✳️any/🧬️schema/🔺️diff/🦀️component.rs	396	expected `absorb_sample_diff` to return `()`, but it returns `impl Future<Output = ()>`
E0271	✏️s/🔌️plugins/🗄️stdio/📦️packages/🦀️rust/././././././././../../🗿️artifacts/🎥️mp4/🏅️standards/🔖️isobmff/🪆️subsets/✳️any/🧬️schema/🔺️diff/🦀️component.rs	396	expected `apply_sample_diff_mut` to return `()`, but it returns `impl Future<Output = ()>`
E0271	✏️s/🔌️plugins/🗄️stdio/📦️packages/🦀️rust/././././././././../../🗿️artifacts/🎥️mp4/🏅️standards/🔖️isobmff/🪆️subsets/✳️any/🧬️schema/🔺️diff/🦀️component.rs	396	expected `absorb_sample_diff` to return `()`, but it returns `impl Future<Output = ()>`
E0271	✏️s/🔌️plugins/🗄️stdio/📦️packages/🦀️rust/././././././././../../🗿️artifacts/🎥️mp4/🏅️standards/🔖️isobmff/🪆️subsets/✳️any/🧬️schema/🔺️diff/🦀️component.rs	396	expected `apply_sample_diff_mut` to return `()`, but it returns `impl Future<Output = ()>`
E0308	🧰️framework/🛍️products/💻️os/🔨️modules/🔌️plugin/📦️packages/🦀️rust/../../🦀️component.rs	21611	mismatched types
E0308	🧰️framework/🛍️products/💻️os/🔨️modules/🔌️plugin/📦️packages/🦀️rust/../../🦀️component.rs	21621	mismatched types
E0308	🧰️framework/🛍️products/💻️os/🔨️modules/🔌️plugin/📦️packages/🦀️rust/../../🦀️component.rs	21627	mismatched types
E0308	🧰️framework/🛍️products/💻️os/🔨️modules/🔌️plugin/📦️packages/🦀️rust/../../🦀️component.rs	21611	mismatched types
E0308	🧰️framework/🛍️products/💻️os/🔨️modules/🔌️plugin/📦️packages/🦀️rust/../../🦀️component.rs	21621	mismatched types
E0308	🧰️framework/🛍️products/💻️os/🔨️modules/🔌️plugin/📦️packages/🦀️rust/../../🦀️component.rs	21627	mismatched types
E0308	🧰️framework/🛍️products/💻️os/🔨️modules/🔌️plugin/📦️packages/🦀️rust/../../🦀️component.rs	21611	mismatched types
E0308	🧰️framework/🛍️products/💻️os/🔨️modules/🔌️plugin/📦️packages/🦀️rust/../../🦀️component.rs	21621	mismatched types
E0308	🧰️framework/🛍️products/💻️os/🔨️modules/🔌️plugin/📦️packages/🦀️rust/../../🦀️component.rs	21627	mismatched types
E0308	🧰️framework/🛍️products/💻️os/🔨️modules/🔌️plugin/📦️packages/🦀️rust/../../🦀️component.rs	21611	mismatched types
E0308	🧰️framework/🛍️products/💻️os/🔨️modules/🔌️plugin/📦️packages/🦀️rust/../../🦀️component.rs	21621	mismatched types
E0308	🧰️framework/🛍️products/💻️os/🔨️modules/🔌️plugin/📦️packages/🦀️rust/../../🦀️component.rs	21627	mismatched types
E0308	🧰️framework/🛍️products/💻️os/🔨️modules/🔌️plugin/📦️packages/🦀️rust/../../🦀️component.rs	21611	mismatched types
E0308	🧰️framework/🛍️products/💻️os/🔨️modules/🔌️plugin/📦️packages/🦀️rust/../../🦀️component.rs	21621	mismatched types
E0308	🧰️framework/🛍️products/💻️os/🔨️modules/🔌️plugin/📦️packages/🦀️rust/../../🦀️component.rs	21627	mismatched types
E0308	🧰️framework/🛍️products/💻️os/🔨️modules/🔌️plugin/📦️packages/🦀️rust/../../🦀️component.rs	21611	mismatched types
E0308	🧰️framework/🛍️products/💻️os/🔨️modules/🔌️plugin/📦️packages/🦀️rust/../../🦀️component.rs	21621	mismatched types
E0308	🧰️framework/🛍️products/💻️os/🔨️modules/🔌️plugin/📦️packages/🦀️rust/../../🦀️component.rs	21627	mismatched types
E0308	✏️s/🔌️plugins/🗄️stdio/📦️packages/🦀️rust/././../../🗿️artifacts/📷️png/🏅️standards/🔖️1.2/🪆️subsets/✳️any/✏️editor/🦀️component.rs	70	mismatched types
E0308	✏️s/🔌️plugins/🗄️stdio/📦️packages/🦀️rust/././../../🗿️artifacts/📷️jpg/🏅️standards/🔖️jfif-1.01/🪆️subsets/✳️any/✏️editor/🦀️component.rs	70	mismatched types
E0308	✏️s/🔌️plugins/🗄️stdio/📦️packages/🦀️rust/././../../🗿️artifacts/📷️jpg/🏅️standards/🔖️jfif-1.01/🪆️subsets/✳️baseline/✏️editor/🦀️component.rs	70	mismatched types
E0308	✏️s/🔌️plugins/🗄️stdio/📦️packages/🦀️rust/././../../🗿️artifacts/🖼️bmp/🏅️standards/🔖️v3/🪆️subsets/✳️any/✏️editor/🦀️component.rs	70	mismatched types
E0308	✏️s/🔌️plugins/🗄️stdio/📦️packages/🦀️rust/././../../🗿️artifacts/🖼️tiff/🏅️standards/🔖️6.0/🪆️subsets/✳️any/✏️editor/🦀️component.rs	70	mismatched types
E0308	✏️s/🔌️plugins/🗄️stdio/📦️packages/🦀️rust/././../../🗿️artifacts/🖼️tiff/🏅️standards/🔖️6.0/🪆️subsets/✳️baseline/✏️editor/🦀️component.rs	70	mismatched types
E0308	✏️s/🔌️plugins/🗄️stdio/📦️packages/🦀️rust/././../../🗿️artifacts/🎞️gif/🏅️standards/🔖️87a/🪆️subsets/✳️any/✏️editor/🦀️component.rs	70	mismatched types
E0308	✏️s/🔌️plugins/🗄️stdio/📦️packages/🦀️rust/././../../🗿️artifacts/🎞️gif/🏅️standards/🔖️89a/🪆️subsets/✳️any/✏️editor/🦀️component.rs	70	mismatched types
E0308	✏️s/🔌️plugins/🗄️stdio/📦️packages/🦀️rust/././../../🗿️artifacts/🎨️svg/🏅️standards/🔖️1.1/🪆️subsets/✳️any/✏️editor/🦀️component.rs	73	mismatched types
E0308	✏️s/🔌️plugins/🗄️stdio/📦️packages/🦀️rust/././../../🗿️artifacts/🎨️svg/🏅️standards/🔖️1.1/🪆️subsets/✳️basic/✏️editor/🦀️component.rs	73	mismatched types
E0308	✏️s/🔌️plugins/🗄️stdio/📦️packages/🦀️rust/././../../🗿️artifacts/🎨️svg/🏅️standards/🔖️1.1/🪆️subsets/✳️tiny/✏️editor/🦀️component.rs	73	mismatched types
E0308	✏️s/🔌️plugins/🗄️stdio/📦️packages/🦀️rust/././../../🗿️artifacts/🎥️mp4/🏅️standards/🔖️isobmff/🪆️subsets/✳️any/✏️editor/🦀️component.rs	70	mismatched types
E0308	✏️s/🔌️plugins/🗄️stdio/📦️packages/🦀️rust/././../../🗿️artifacts/🎵️mp3/🏅️standards/🔖️mpeg1-layer3/🪆️subsets/✳️any/✏️editor/🦀️component.rs	70	mismatched types
E0308	✏️s/🔌️plugins/🗄️stdio/📦️packages/🦀️rust/././../../🗿️artifacts/🔊️wav/🏅️standards/🔖️riff-pcm/🪆️subsets/✳️any/✏️editor/🦀️component.rs	70	mismatched types
E0308	✏️s/🔌️plugins/🗄️stdio/📦️packages/🦀️rust/././../../🗿️artifacts/📼️avi/🏅️standards/🔖️1.0/🪆️subsets/✳️any/✏️editor/🦀️component.rs	70	mismatched types
E0308	✏️s/🔌️plugins/🗄️stdio/📦️packages/🦀️rust/././../../🗿️artifacts/🌐️html/🏅️standards/🔖️5/🪆️subsets/✳️any/✏️editor/🦀️component.rs	73	mismatched types
E0308	✏️s/🔌️plugins/🗄️stdio/📦️packages/🦀️rust/././../../🗿️artifacts/📝️md/🏅️standards/🔖️commonmark/🪆️subsets/✳️any/✏️editor/🦀️component.rs	73	mismatched types
E0308	✏️s/🔌️plugins/🗄️stdio/📦️packages/🦀️rust/././../../🗿️artifacts/🧿️semio/🏅️standards/🔖️v1/🪆️subsets/✳️animation/✏️editor/🦀️component.rs	76	mismatched types
E0308	✏️s/🔌️plugins/🗄️stdio/📦️packages/🦀️rust/././../../🗿️artifacts/🧿️semio/🏅️standards/🔖️v1/🪆️subsets/✳️any/✏️editor/🦀️component.rs	76	mismatched types
E0308	✏️s/🔌️plugins/🗄️stdio/📦️packages/🦀️rust/././../../🗿️artifacts/🧿️semio/🏅️standards/🔖️v1/🪆️subsets/✳️audio/✏️editor/🦀️component.rs	76	mismatched types
E0308	✏️s/🔌️plugins/🗄️stdio/📦️packages/🦀️rust/././../../🗿️artifacts/🧿️semio/🏅️standards/🔖️v1/🪆️subsets/✳️brep/✏️editor/🦀️component.rs	76	mismatched types
E0308	✏️s/🔌️plugins/🗄️stdio/📦️packages/🦀️rust/././../../🗿️artifacts/🧿️semio/🏅️standards/🔖️v1/🪆️subsets/✳️cad/✏️editor/🦀️component.rs	76	mismatched types
E0308	✏️s/🔌️plugins/🗄️stdio/📦️packages/🦀️rust/././../../🗿️artifacts/🧿️semio/🏅️standards/🔖️v1/🪆️subsets/✳️document/✏️editor/🦀️component.rs	76	mismatched types
E0308	✏️s/🔌️plugins/🗄️stdio/📦️packages/🦀️rust/././../../🗿️artifacts/🧿️semio/🏅️standards/🔖️v1/🪆️subsets/✳️drawing/✏️editor/🦀️component.rs	76	mismatched types
E0308	✏️s/🔌️plugins/🗄️stdio/📦️packages/🦀️rust/././../../🗿️artifacts/🧿️semio/🏅️standards/🔖️v1/🪆️subsets/✳️flow/✏️editor/🦀️component.rs	76	mismatched types
E0308	✏️s/🔌️plugins/🗄️stdio/📦️packages/🦀️rust/././../../🗿️artifacts/🧿️semio/🏅️standards/🔖️v1/🪆️subsets/✳️graph/✏️editor/🦀️component.rs	76	mismatched types
E0308	✏️s/🔌️plugins/🗄️stdio/📦️packages/🦀️rust/././../../🗿️artifacts/🧿️semio/🏅️standards/🔖️v1/🪆️subsets/✳️image/✏️editor/🦀️component.rs	76	mismatched types
E0308	✏️s/🔌️plugins/🗄️stdio/📦️packages/🦀️rust/././../../🗿️artifacts/🧿️semio/🏅️standards/🔖️v1/🪆️subsets/✳️kit/✏️editor/🦀️component.rs	76	mismatched types
E0308	✏️s/🔌️plugins/🗄️stdio/📦️packages/🦀️rust/././../../🗿️artifacts/🧿️semio/🏅️standards/🔖️v1/🪆️subsets/✳️mesh/✏️editor/🦀️component.rs	105	mismatched types
E0308	✏️s/🔌️plugins/🗄️stdio/📦️packages/🦀️rust/././../../🗿️artifacts/🧿️semio/🏅️standards/🔖️v1/🪆️subsets/✳️model/✏️editor/🦀️component.rs	76	mismatched types
E0308	✏️s/🔌️plugins/🗄️stdio/📦️packages/🦀️rust/././../../🗿️artifacts/🧿️semio/🏅️standards/🔖️v1/🪆️subsets/✳️object/✏️editor/🦀️component.rs	76	mismatched types
E0308	✏️s/🔌️plugins/🗄️stdio/📦️packages/🦀️rust/././../../🗿️artifacts/🧿️semio/🏅️standards/🔖️v1/🪆️subsets/✳️presentation/✏️editor/🦀️component.rs	76	mismatched types
E0308	✏️s/🔌️plugins/🗄️stdio/📦️packages/🦀️rust/././../../🗿️artifacts/🧿️semio/🏅️standards/🔖️v1/🪆️subsets/✳️table/✏️editor/🦀️component.rs	76	mismatched types
E0308	✏️s/🔌️plugins/🗄️stdio/📦️packages/🦀️rust/././../../🗿️artifacts/🧿️semio/🏅️standards/🔖️v1/🪆️subsets/✳️text/✏️editor/🦀️component.rs	76	mismatched types
E0308	✏️s/🔌️plugins/🗄️stdio/📦️packages/🦀️rust/././../../🗿️artifacts/🧿️semio/🏅️standards/🔖️v1/🪆️subsets/✳️value/✏️editor/🦀️component.rs	76	mismatched types
E0308	✏️s/🔌️plugins/🗄️stdio/📦️packages/🦀️rust/././../../🗿️artifacts/🧿️semio/🏅️standards/🔖️v1/🪆️subsets/✳️video/✏️editor/🦀️component.rs	76	mismatched types
E0308	✏️s/🔌️plugins/🗄️stdio/📦️packages/🦀️rust/././../../🗿️artifacts/📐️step/🏅️standards/🔖️ap214/🪆️subsets/✳️any/✏️editor/🦀️component.rs	76	mismatched types
E0308	✏️s/🔌️plugins/🗄️stdio/📦️packages/🦀️rust/././../../🗿️artifacts/📐️step/🏅️standards/🔖️ap214/🪆️subsets/✳️cc1/✏️editor/🦀️component.rs	76	mismatched types
E0308	✏️s/🔌️plugins/🗄️stdio/📦️packages/🦀️rust/././../../🗿️artifacts/📐️step/🏅️standards/🔖️ap214/🪆️subsets/✳️cc2/✏️editor/🦀️component.rs	76	mismatched types
E0308	✏️s/🔌️plugins/🗄️stdio/📦️packages/🦀️rust/././../../🗿️artifacts/📐️step/🏅️standards/🔖️ap214/🪆️subsets/✳️cc3/✏️editor/🦀️component.rs	76	mismatched types
E0308	✏️s/🔌️plugins/🗄️stdio/📦️packages/🦀️rust/././../../🗿️artifacts/📐️step/🏅️standards/🔖️ap214/🪆️subsets/✳️cc4/✏️editor/🦀️component.rs	76	mismatched types
E0308	✏️s/🔌️plugins/🗄️stdio/📦️packages/🦀️rust/././../../🗿️artifacts/📐️step/🏅️standards/🔖️ap214/🪆️subsets/✳️cc5/✏️editor/🦀️component.rs	76	mismatched types
E0308	✏️s/🔌️plugins/🗄️stdio/📦️packages/🦀️rust/././../../🗿️artifacts/📐️step/🏅️standards/🔖️ap214/🪆️subsets/✳️cc6/✏️editor/🦀️component.rs	76	mismatched types
E0308	✏️s/🔌️plugins/🗄️stdio/📦️packages/🦀️rust/././../../🗿️artifacts/🏗️ifc/🏅️standards/🔖️2x3/🪆️subsets/✳️any/✏️editor/🦀️component.rs	76	mismatched types
E0308	✏️s/🔌️plugins/🗄️stdio/📦️packages/🦀️rust/././../../🗿️artifacts/🏗️ifc/🏅️standards/🔖️2x3/🪆️subsets/✳️cobie/✏️editor/🦀️component.rs	76	mismatched types
E0308	✏️s/🔌️plugins/🗄️stdio/📦️packages/🦀️rust/././../../🗿️artifacts/🏗️ifc/🏅️standards/🔖️2x3/🪆️subsets/✳️cv20/✏️editor/🦀️component.rs	76	mismatched types
E0308	✏️s/🔌️plugins/🗄️stdio/📦️packages/🦀️rust/././../../🗿️artifacts/🏗️ifc/🏅️standards/🔖️2x3/🪆️subsets/✳️sav/✏️editor/🦀️component.rs	76	mismatched types
E0308	✏️s/🔌️plugins/🗄️stdio/📦️packages/🦀️rust/././../../🗿️artifacts/🏗️ifc/🏅️standards/🔖️4/🪆️subsets/✳️any/✏️editor/🦀️component.rs	76	mismatched types
E0308	✏️s/🔌️plugins/🗄️stdio/📦️packages/🦀️rust/././../../🗿️artifacts/🖊️dwg/🏅️standards/🔖️ac1018/🪆️subsets/✳️any/✏️editor/🦀️component.rs	76	mismatched types
E0308	✏️s/🔌️plugins/🗄️stdio/📦️packages/🦀️rust/././../../🗿️artifacts/🖊️dwg/🏅️standards/🔖️ac1024/🪆️subsets/✳️any/✏️editor/🦀️component.rs	76	mismatched types
E0308	✏️s/🔌️plugins/🗄️stdio/📦️packages/🦀️rust/././../../🗿️artifacts/🖊️dxf/🏅️standards/🔖️r12/🪆️subsets/✳️any/✏️editor/🦀️component.rs	76	mismatched types
E0308	✏️s/🔌️plugins/🗄️stdio/📦️packages/🦀️rust/././../../🗿️artifacts/🧊️gltf/🏅️standards/🔖️2.0/🪆️subsets/✳️any/✏️editor/🦀️component.rs	76	mismatched types
E0308	✏️s/🔌️plugins/🗄️stdio/📦️packages/🦀️rust/././../../🗿️artifacts/🧊️obj/🏅️standards/🔖️3.0/🪆️subsets/✳️any/✏️editor/🦀️component.rs	76	mismatched types
E0308	✏️s/🔌️plugins/🗄️stdio/📦️packages/🦀️rust/././../../🗿️artifacts/🟪️stl/🏅️standards/🔖️ascii/🪆️subsets/✳️any/✏️editor/🦀️component.rs	76	mismatched types
E0308	✏️s/🔌️plugins/🗄️stdio/📦️packages/🦀️rust/././../../🗿️artifacts/☁️ply/🏅️standards/🔖️1.0/🪆️subsets/✳️any/✏️editor/🦀️component.rs	76	mismatched types
E0308	✏️s/🔌️plugins/🗄️stdio/📦️packages/🦀️rust/././../../🗿️artifacts/☁️las/🏅️standards/🔖️1.0/🪆️subsets/✳️any/✏️editor/🦀️component.rs	76	mismatched types
E0308	✏️s/🔌️plugins/🗄️stdio/📦️packages/🦀️rust/././../../🗿️artifacts/💬️bcf/🏅️standards/🔖️2.1/🪆️subsets/✳️any/✏️editor/🦀️component.rs	76	mismatched types
E0308	✏️s/🔌️plugins/🗄️stdio/📦️packages/🦀️rust/././../../🗿️artifacts/📊️csv/🏅️standards/🔖️rfc4180/🪆️subsets/✳️any/✏️editor/🦀️component.rs	123	mismatched types
E0308	✏️s/🔌️plugins/🗄️stdio/📦️packages/🦀️rust/././../../🗿️artifacts/📑️tsv/🏅️standards/🔖️iana/🪆️subsets/✳️any/✏️editor/🦀️component.rs	105	mismatched types
E0308	✏️s/🔌️plugins/🗄️stdio/📦️packages/🦀️rust/././../../🗿️artifacts/📄txt/🏅️standards/🔖️utf-8/🪆️subsets/✳️any/✏️editor/🦀️component.rs	123	mismatched types
E0308	✏️s/🔌️plugins/🗄️stdio/📦️packages/🦀️rust/././../../🗿️artifacts/🔣️json/🏅️standards/🔖️rfc8259/🪆️subsets/✳️any/✏️editor/🦀️component.rs	128	mismatched types
E0308	✏️s/🔌️plugins/🗄️stdio/📦️packages/🦀️rust/././../../🗿️artifacts/🔣️json/🏅️standards/🔖️rfc8259/🪆️subsets/✳️i-json/✏️editor/🦀️component.rs	128	mismatched types
E0308	✏️s/🔌️plugins/🗄️stdio/📦️packages/🦀️rust/././../../🗿️artifacts/📰xml/🏅️standards/🔖️1.0/🪆️subsets/✳️any/✏️editor/🦀️component.rs	128	mismatched types
E0308	✏️s/🔌️plugins/🗄️stdio/📦️packages/🦀️rust/././../../🗿️artifacts/📰xml/🏅️standards/🔖️1.0/🪆️subsets/✳️valid/✏️editor/🦀️component.rs	128	mismatched types
E0308	✏️s/🔌️plugins/🗄️stdio/📦️packages/🦀️rust/././././././../../🗿️artifacts/📜️docx/🏅️standards/🔖️ecma-376/🪆️subsets/✳️any/✏️editor/🦀️component.rs	127	mismatched types
E0308	✏️s/🔌️plugins/🗄️stdio/📦️packages/🦀️rust/././././././../../🗿️artifacts/📜️docx/🏅️standards/🔖️ecma-376/🪆️subsets/✳️strict/✏️editor/🦀️component.rs	128	mismatched types
E0308	✏️s/🔌️plugins/🗄️stdio/📦️packages/🦀️rust/././././././../../🗿️artifacts/📜️docx/🏅️standards/🔖️ecma-376/🪆️subsets/✳️transitional/✏️editor/🦀️component.rs	128	mismatched types
E0308	✏️s/🔌️plugins/🗄️stdio/📦️packages/🦀️rust/././././././../../🗿️artifacts/🎞️pptx/🏅️standards/🔖️ecma-376/🪆️subsets/✳️any/✏️editor/🦀️component.rs	132	mismatched types
E0308	✏️s/🔌️plugins/🗄️stdio/📦️packages/🦀️rust/././././././../../🗿️artifacts/🎞️pptx/🏅️standards/🔖️ecma-376/🪆️subsets/✳️strict/✏️editor/🦀️component.rs	132	mismatched types
E0308	✏️s/🔌️plugins/🗄️stdio/📦️packages/🦀️rust/././././././../../🗿️artifacts/🎞️pptx/🏅️standards/🔖️ecma-376/🪆️subsets/✳️transitional/✏️editor/🦀️component.rs	132	mismatched types
E0308	✏️s/🔌️plugins/🗄️stdio/📦️packages/🦀️rust/././././././../../🗿️artifacts/📕️xlsx/🏅️standards/🔖️ecma-376/🪆️subsets/✳️any/✏️editor/🦀️component.rs	166	mismatched types
E0308	✏️s/🔌️plugins/🗄️stdio/📦️packages/🦀️rust/././././././../../🗿️artifacts/📕️xlsx/🏅️standards/🔖️ecma-376/🪆️subsets/✳️strict/✏️editor/🦀️component.rs	165	mismatched types
E0308	✏️s/🔌️plugins/🗄️stdio/📦️packages/🦀️rust/././././././../../🗿️artifacts/📕️xlsx/🏅️standards/🔖️ecma-376/🪆️subsets/✳️transitional/✏️editor/🦀️component.rs	163	mismatched types
E0308	✏️s/🔌️plugins/🗄️stdio/📦️packages/🦀️rust/././../../🗿️artifacts/🌦️epw/🏅️standards/🔖️energyplus/🪆️subsets/✳️any/✏️editor/🦀️component.rs	132	mismatched types
E0308	✏️s/🔌️plugins/🗄️stdio/📦️packages/🦀️rust/./././../../🗿️artifacts/🎒️zip/🏅️standards/🔖️2.0/🪆️subsets/✳️any/✏️editor/🦀️component.rs	130	mismatched types
E0308	✏️s/🔌️plugins/🗄️stdio/📦️packages/🦀️rust/./././../../🗿️artifacts/🎒️zip/🏅️standards/🔖️2.0/🪆️subsets/✳️iso21320/✏️editor/🦀️component.rs	132	mismatched types
E0308	✏️s/🔌️plugins/🗄️stdio/📦️packages/🦀️rust/././../../🗿️artifacts/🗜️deflate/🏅️standards/🔖️rfc1950/🪆️subsets/✳️any/✏️editor/🦀️component.rs	157	mismatched types
E0308	✏️s/🔌️plugins/🗄️stdio/📦️packages/🦀️rust/././../../🗿️artifacts/💾️binary/🏅️standards/🔖️raw/🪆️subsets/✳️any/✏️editor/🦀️component.rs	146	mismatched types
E0308	✏️s/🔌️plugins/🗄️stdio/📦️packages/🦀️rust/././../../🗿️artifacts/📷️png/🏅️standards/🔖️1.2/🪆️subsets/✳️any/👁️viewer/🦀️component.rs	60	mismatched types
E0308	✏️s/🔌️plugins/🗄️stdio/📦️packages/🦀️rust/././../../🗿️artifacts/📷️jpg/🏅️standards/🔖️jfif-1.01/🪆️subsets/✳️any/👁️viewer/🦀️component.rs	60	mismatched types
E0308	✏️s/🔌️plugins/🗄️stdio/📦️packages/🦀️rust/././../../🗿️artifacts/📷️jpg/🏅️standards/🔖️jfif-1.01/🪆️subsets/✳️baseline/👁️viewer/🦀️component.rs	60	mismatched types
E0308	✏️s/🔌️plugins/🗄️stdio/📦️packages/🦀️rust/././../../🗿️artifacts/🖼️bmp/🏅️standards/🔖️v3/🪆️subsets/✳️any/👁️viewer/🦀️component.rs	60	mismatched types
E0308	✏️s/🔌️plugins/🗄️stdio/📦️packages/🦀️rust/././../../🗿️artifacts/🖼️tiff/🏅️standards/🔖️6.0/🪆️subsets/✳️any/👁️viewer/🦀️component.rs	60	mismatched types
E0308	✏️s/🔌️plugins/🗄️stdio/📦️packages/🦀️rust/././../../🗿️artifacts/🖼️tiff/🏅️standards/🔖️6.0/🪆️subsets/✳️baseline/👁️viewer/🦀️component.rs	60	mismatched types
E0308	✏️s/🔌️plugins/🗄️stdio/📦️packages/🦀️rust/././../../🗿️artifacts/🎞️gif/🏅️standards/🔖️87a/🪆️subsets/✳️any/👁️viewer/🦀️component.rs	60	mismatched types
E0308	✏️s/🔌️plugins/🗄️stdio/📦️packages/🦀️rust/././../../🗿️artifacts/🎞️gif/🏅️standards/🔖️89a/🪆️subsets/✳️any/👁️viewer/🦀️component.rs	60	mismatched types
E0308	✏️s/🔌️plugins/🗄️stdio/📦️packages/🦀️rust/././../../🗿️artifacts/🎨️svg/🏅️standards/🔖️1.1/🪆️subsets/✳️any/👁️viewer/🦀️component.rs	60	mismatched types
E0308	✏️s/🔌️plugins/🗄️stdio/📦️packages/🦀️rust/././../../🗿️artifacts/🎨️svg/🏅️standards/🔖️1.1/🪆️subsets/✳️basic/👁️viewer/🦀️component.rs	60	mismatched types
E0308	✏️s/🔌️plugins/🗄️stdio/📦️packages/🦀️rust/././../../🗿️artifacts/🎨️svg/🏅️standards/🔖️1.1/🪆️subsets/✳️tiny/👁️viewer/🦀️component.rs	60	mismatched types
E0308	✏️s/🔌️plugins/🗄️stdio/📦️packages/🦀️rust/././../../🗿️artifacts/🎥️mp4/🏅️standards/🔖️isobmff/🪆️subsets/✳️any/👁️viewer/🦀️component.rs	60	mismatched types
E0308	✏️s/🔌️plugins/🗄️stdio/📦️packages/🦀️rust/././../../🗿️artifacts/🎵️mp3/🏅️standards/🔖️mpeg1-layer3/🪆️subsets/✳️any/👁️viewer/🦀️component.rs	60	mismatched types
E0308	✏️s/🔌️plugins/🗄️stdio/📦️packages/🦀️rust/././../../🗿️artifacts/🔊️wav/🏅️standards/🔖️riff-pcm/🪆️subsets/✳️any/👁️viewer/🦀️component.rs	60	mismatched types
E0308	✏️s/🔌️plugins/🗄️stdio/📦️packages/🦀️rust/././../../🗿️artifacts/📼️avi/🏅️standards/🔖️1.0/🪆️subsets/✳️any/👁️viewer/🦀️component.rs	60	mismatched types
E0308	✏️s/🔌️plugins/🗄️stdio/📦️packages/🦀️rust/././../../🗿️artifacts/🌐️html/🏅️standards/🔖️5/🪆️subsets/✳️any/👁️viewer/🦀️component.rs	60	mismatched types
E0308	✏️s/🔌️plugins/🗄️stdio/📦️packages/🦀️rust/././../../🗿️artifacts/📝️md/🏅️standards/🔖️commonmark/🪆️subsets/✳️any/👁️viewer/🦀️component.rs	60	mismatched types
E0308	✏️s/🔌️plugins/🗄️stdio/📦️packages/🦀️rust/././../../🗿️artifacts/🧿️semio/🏅️standards/🔖️v1/🪆️subsets/✳️animation/👁️viewer/🦀️component.rs	72	mismatched types
E0308	✏️s/🔌️plugins/🗄️stdio/📦️packages/🦀️rust/././../../🗿️artifacts/🧿️semio/🏅️standards/🔖️v1/🪆️subsets/✳️any/👁️viewer/🦀️component.rs	72	mismatched types
E0308	✏️s/🔌️plugins/🗄️stdio/📦️packages/🦀️rust/././../../🗿️artifacts/🧿️semio/🏅️standards/🔖️v1/🪆️subsets/✳️audio/👁️viewer/🦀️component.rs	72	mismatched types
E0308	✏️s/🔌️plugins/🗄️stdio/📦️packages/🦀️rust/././../../🗿️artifacts/🧿️semio/🏅️standards/🔖️v1/🪆️subsets/✳️brep/👁️viewer/🦀️component.rs	72	mismatched types
E0308	✏️s/🔌️plugins/🗄️stdio/📦️packages/🦀️rust/././../../🗿️artifacts/🧿️semio/🏅️standards/🔖️v1/🪆️subsets/✳️cad/👁️viewer/🦀️component.rs	72	mismatched types
E0308	✏️s/🔌️plugins/🗄️stdio/📦️packages/🦀️rust/././../../🗿️artifacts/🧿️semio/🏅️standards/🔖️v1/🪆️subsets/✳️document/👁️viewer/🦀️component.rs	72	mismatched types
E0308	✏️s/🔌️plugins/🗄️stdio/📦️packages/🦀️rust/././../../🗿️artifacts/🧿️semio/🏅️standards/🔖️v1/🪆️subsets/✳️drawing/👁️viewer/🦀️component.rs	72	mismatched types
E0308	✏️s/🔌️plugins/🗄️stdio/📦️packages/🦀️rust/././../../🗿️artifacts/🧿️semio/🏅️standards/🔖️v1/🪆️subsets/✳️flow/👁️viewer/🦀️component.rs	72	mismatched types
E0308	✏️s/🔌️plugins/🗄️stdio/📦️packages/🦀️rust/././../../🗿️artifacts/🧿️semio/🏅️standards/🔖️v1/🪆️subsets/✳️graph/👁️viewer/🦀️component.rs	72	mismatched types
E0308	✏️s/🔌️plugins/🗄️stdio/📦️packages/🦀️rust/././../../🗿️artifacts/🧿️semio/🏅️standards/🔖️v1/🪆️subsets/✳️image/👁️viewer/🦀️component.rs	72	mismatched types
E0308	✏️s/🔌️plugins/🗄️stdio/📦️packages/🦀️rust/././../../🗿️artifacts/🧿️semio/🏅️standards/🔖️v1/🪆️subsets/✳️kit/👁️viewer/🦀️component.rs	72	mismatched types
E0308	✏️s/🔌️plugins/🗄️stdio/📦️packages/🦀️rust/././../../🗿️artifacts/🧿️semio/🏅️standards/🔖️v1/🪆️subsets/✳️mesh/👁️viewer/🦀️component.rs	72	mismatched types
E0308	✏️s/🔌️plugins/🗄️stdio/📦️packages/🦀️rust/././../../🗿️artifacts/🧿️semio/🏅️standards/🔖️v1/🪆️subsets/✳️model/👁️viewer/🦀️component.rs	72	mismatched types
E0308	✏️s/🔌️plugins/🗄️stdio/📦️packages/🦀️rust/././../../🗿️artifacts/🧿️semio/🏅️standards/🔖️v1/🪆️subsets/✳️object/👁️viewer/🦀️component.rs	72	mismatched types
E0308	✏️s/🔌️plugins/🗄️stdio/📦️packages/🦀️rust/././../../🗿️artifacts/🧿️semio/🏅️standards/🔖️v1/🪆️subsets/✳️presentation/👁️viewer/🦀️component.rs	72	mismatched types
E0308	✏️s/🔌️plugins/🗄️stdio/📦️packages/🦀️rust/././../../🗿️artifacts/🧿️semio/🏅️standards/🔖️v1/🪆️subsets/✳️table/👁️viewer/🦀️component.rs	72	mismatched types
E0308	✏️s/🔌️plugins/🗄️stdio/📦️packages/🦀️rust/././../../🗿️artifacts/🧿️semio/🏅️standards/🔖️v1/🪆️subsets/✳️text/👁️viewer/🦀️component.rs	72	mismatched types
E0308	✏️s/🔌️plugins/🗄️stdio/📦️packages/🦀️rust/././../../🗿️artifacts/🧿️semio/🏅️standards/🔖️v1/🪆️subsets/✳️value/👁️viewer/🦀️component.rs	72	mismatched types
E0308	✏️s/🔌️plugins/🗄️stdio/📦️packages/🦀️rust/././../../🗿️artifacts/🧿️semio/🏅️standards/🔖️v1/🪆️subsets/✳️video/👁️viewer/🦀️component.rs	72	mismatched types
E0308	✏️s/🔌️plugins/🗄️stdio/📦️packages/🦀️rust/././../../🗿️artifacts/📐️step/🏅️standards/🔖️ap214/🪆️subsets/✳️any/👁️viewer/🦀️component.rs	72	mismatched types
E0308	✏️s/🔌️plugins/🗄️stdio/📦️packages/🦀️rust/././../../🗿️artifacts/📐️step/🏅️standards/🔖️ap214/🪆️subsets/✳️cc1/👁️viewer/🦀️component.rs	72	mismatched types
E0308	✏️s/🔌️plugins/🗄️stdio/📦️packages/🦀️rust/././../../🗿️artifacts/📐️step/🏅️standards/🔖️ap214/🪆️subsets/✳️cc2/👁️viewer/🦀️component.rs	72	mismatched types
E0308	✏️s/🔌️plugins/🗄️stdio/📦️packages/🦀️rust/././../../🗿️artifacts/📐️step/🏅️standards/🔖️ap214/🪆️subsets/✳️cc3/👁️viewer/🦀️component.rs	72	mismatched types
E0308	✏️s/🔌️plugins/🗄️stdio/📦️packages/🦀️rust/././../../🗿️artifacts/📐️step/🏅️standards/🔖️ap214/🪆️subsets/✳️cc4/👁️viewer/🦀️component.rs	72	mismatched types
E0308	✏️s/🔌️plugins/🗄️stdio/📦️packages/🦀️rust/././../../🗿️artifacts/📐️step/🏅️standards/🔖️ap214/🪆️subsets/✳️cc5/👁️viewer/🦀️component.rs	72	mismatched types
E0308	✏️s/🔌️plugins/🗄️stdio/📦️packages/🦀️rust/././../../🗿️artifacts/📐️step/🏅️standards/🔖️ap214/🪆️subsets/✳️cc6/👁️viewer/🦀️component.rs	72	mismatched types
E0308	✏️s/🔌️plugins/🗄️stdio/📦️packages/🦀️rust/././../../🗿️artifacts/🏗️ifc/🏅️standards/🔖️2x3/🪆️subsets/✳️any/👁️viewer/🦀️component.rs	72	mismatched types
E0308	✏️s/🔌️plugins/🗄️stdio/📦️packages/🦀️rust/././../../🗿️artifacts/🏗️ifc/🏅️standards/🔖️2x3/🪆️subsets/✳️cobie/👁️viewer/🦀️component.rs	72	mismatched types
E0308	✏️s/🔌️plugins/🗄️stdio/📦️packages/🦀️rust/././../../🗿️artifacts/🏗️ifc/🏅️standards/🔖️2x3/🪆️subsets/✳️cv20/👁️viewer/🦀️component.rs	72	mismatched types
E0308	✏️s/🔌️plugins/🗄️stdio/📦️packages/🦀️rust/././../../🗿️artifacts/🏗️ifc/🏅️standards/🔖️2x3/🪆️subsets/✳️sav/👁️viewer/🦀️component.rs	72	mismatched types
E0308	✏️s/🔌️plugins/🗄️stdio/📦️packages/🦀️rust/././../../🗿️artifacts/🏗️ifc/🏅️standards/🔖️4/🪆️subsets/✳️any/👁️viewer/🦀️component.rs	72	mismatched types
E0308	✏️s/🔌️plugins/🗄️stdio/📦️packages/🦀️rust/././../../🗿️artifacts/🖊️dwg/🏅️standards/🔖️ac1018/🪆️subsets/✳️any/👁️viewer/🦀️component.rs	72	mismatched types
E0308	✏️s/🔌️plugins/🗄️stdio/📦️packages/🦀️rust/././../../🗿️artifacts/🖊️dwg/🏅️standards/🔖️ac1024/🪆️subsets/✳️any/👁️viewer/🦀️component.rs	72	mismatched types
E0308	✏️s/🔌️plugins/🗄️stdio/📦️packages/🦀️rust/././../../🗿️artifacts/🖊️dxf/🏅️standards/🔖️r12/🪆️subsets/✳️any/👁️viewer/🦀️component.rs	72	mismatched types
E0308	✏️s/🔌️plugins/🗄️stdio/📦️packages/🦀️rust/././../../🗿️artifacts/🧊️gltf/🏅️standards/🔖️2.0/🪆️subsets/✳️any/👁️viewer/🦀️component.rs	72	mismatched types
E0308	✏️s/🔌️plugins/🗄️stdio/📦️packages/🦀️rust/././../../🗿️artifacts/🧊️obj/🏅️standards/🔖️3.0/🪆️subsets/✳️any/👁️viewer/🦀️component.rs	72	mismatched types
E0308	✏️s/🔌️plugins/🗄️stdio/📦️packages/🦀️rust/././../../🗿️artifacts/🟪️stl/🏅️standards/🔖️ascii/🪆️subsets/✳️any/👁️viewer/🦀️component.rs	72	mismatched types
E0308	✏️s/🔌️plugins/🗄️stdio/📦️packages/🦀️rust/././../../🗿️artifacts/☁️ply/🏅️standards/🔖️1.0/🪆️subsets/✳️any/👁️viewer/🦀️component.rs	72	mismatched types
E0308	✏️s/🔌️plugins/🗄️stdio/📦️packages/🦀️rust/././../../🗿️artifacts/☁️las/🏅️standards/🔖️1.0/🪆️subsets/✳️any/👁️viewer/🦀️component.rs	72	mismatched types
E0308	✏️s/🔌️plugins/🗄️stdio/📦️packages/🦀️rust/././../../🗿️artifacts/💬️bcf/🏅️standards/🔖️2.1/🪆️subsets/✳️any/👁️viewer/🦀️component.rs	72	mismatched types
E0308	✏️s/🔌️plugins/🗄️stdio/📦️packages/🦀️rust/././../../🗿️artifacts/📊️csv/🏅️standards/🔖️rfc4180/🪆️subsets/✳️any/👁️viewer/🦀️component.rs	67	mismatched types
E0308	✏️s/🔌️plugins/🗄️stdio/📦️packages/🦀️rust/././../../🗿️artifacts/📑️tsv/🏅️standards/🔖️iana/🪆️subsets/✳️any/👁️viewer/🦀️component.rs	64	mismatched types
E0308	✏️s/🔌️plugins/🗄️stdio/📦️packages/🦀️rust/././../../🗿️artifacts/📄txt/🏅️standards/🔖️utf-8/🪆️subsets/✳️any/👁️viewer/🦀️component.rs	64	mismatched types
E0308	✏️s/🔌️plugins/🗄️stdio/📦️packages/🦀️rust/././../../🗿️artifacts/🔣️json/🏅️standards/🔖️rfc8259/🪆️subsets/✳️any/👁️viewer/🦀️component.rs	64	mismatched types
E0308	✏️s/🔌️plugins/🗄️stdio/📦️packages/🦀️rust/././../../🗿️artifacts/🔣️json/🏅️standards/🔖️rfc8259/🪆️subsets/✳️i-json/👁️viewer/🦀️component.rs	64	mismatched types
E0308	✏️s/🔌️plugins/🗄️stdio/📦️packages/🦀️rust/././../../🗿️artifacts/📰xml/🏅️standards/🔖️1.0/🪆️subsets/✳️any/👁️viewer/🦀️component.rs	64	mismatched types
E0308	✏️s/🔌️plugins/🗄️stdio/📦️packages/🦀️rust/././../../🗿️artifacts/📰xml/🏅️standards/🔖️1.0/🪆️subsets/✳️valid/👁️viewer/🦀️component.rs	64	mismatched types
E0308	✏️s/🔌️plugins/🗄️stdio/📦️packages/🦀️rust/././././././../../🗿️artifacts/📜️docx/🏅️standards/🔖️ecma-376/🪆️subsets/✳️any/👁️viewer/🦀️component.rs	72	mismatched types
E0308	✏️s/🔌️plugins/🗄️stdio/📦️packages/🦀️rust/././././././../../🗿️artifacts/📜️docx/🏅️standards/🔖️ecma-376/🪆️subsets/✳️strict/👁️viewer/🦀️component.rs	73	mismatched types
E0308	✏️s/🔌️plugins/🗄️stdio/📦️packages/🦀️rust/././././././../../🗿️artifacts/📜️docx/🏅️standards/🔖️ecma-376/🪆️subsets/✳️transitional/👁️viewer/🦀️component.rs	73	mismatched types
E0308	✏️s/🔌️plugins/🗄️stdio/📦️packages/🦀️rust/././././././../../🗿️artifacts/🎞️pptx/🏅️standards/🔖️ecma-376/🪆️subsets/✳️any/👁️viewer/🦀️component.rs	72	mismatched types
E0308	✏️s/🔌️plugins/🗄️stdio/📦️packages/🦀️rust/././././././../../🗿️artifacts/🎞️pptx/🏅️standards/🔖️ecma-376/🪆️subsets/✳️strict/👁️viewer/🦀️component.rs	73	mismatched types
E0308	✏️s/🔌️plugins/🗄️stdio/📦️packages/🦀️rust/././././././../../🗿️artifacts/🎞️pptx/🏅️standards/🔖️ecma-376/🪆️subsets/✳️transitional/👁️viewer/🦀️component.rs	73	mismatched types
E0308	✏️s/🔌️plugins/🗄️stdio/📦️packages/🦀️rust/././././././../../🗿️artifacts/📕️xlsx/🏅️standards/🔖️ecma-376/🪆️subsets/✳️any/👁️viewer/🦀️component.rs	102	mismatched types
E0308	✏️s/🔌️plugins/🗄️stdio/📦️packages/🦀️rust/././././././../../🗿️artifacts/📕️xlsx/🏅️standards/🔖️ecma-376/🪆️subsets/✳️strict/👁️viewer/🦀️component.rs	102	mismatched types
E0308	✏️s/🔌️plugins/🗄️stdio/📦️packages/🦀️rust/././././././../../🗿️artifacts/📕️xlsx/🏅️standards/🔖️ecma-376/🪆️subsets/✳️transitional/👁️viewer/🦀️component.rs	102	mismatched types
E0308	✏️s/🔌️plugins/🗄️stdio/📦️packages/🦀️rust/././../../🗿️artifacts/🌦️epw/🏅️standards/🔖️energyplus/🪆️subsets/✳️any/👁️viewer/🦀️component.rs	69	mismatched types
E0308	✏️s/🔌️plugins/🗄️stdio/📦️packages/🦀️rust/./././../../🗿️artifacts/🎒️zip/🏅️standards/🔖️2.0/🪆️subsets/✳️any/👁️viewer/🦀️component.rs	69	mismatched types
E0308	✏️s/🔌️plugins/🗄️stdio/📦️packages/🦀️rust/./././../../🗿️artifacts/🎒️zip/🏅️standards/🔖️2.0/🪆️subsets/✳️iso21320/👁️viewer/🦀️component.rs	69	mismatched types
E0308	✏️s/🔌️plugins/🗄️stdio/📦️packages/🦀️rust/././../../🗿️artifacts/🗜️deflate/🏅️standards/🔖️rfc1950/🪆️subsets/✳️any/👁️viewer/🦀️component.rs	69	mismatched types
E0308	✏️s/🔌️plugins/🗄️stdio/📦️packages/🦀️rust/././../../🗿️artifacts/💾️binary/🏅️standards/🔖️raw/🪆️subsets/✳️any/👁️viewer/🦀️component.rs	69	mismatched types
E0308	✏️s/🔌️plugins/🗄️stdio/📦️packages/🦀️rust/././././././../../🗿️artifacts/🖊️dxf/🏅️standards/🔖️r12/🪆️subsets/✳️any/👁️viewer/🎭️modes/👁️view/🪟️windows/🪟️main/🦀️component.rs	25	mismatched types
E0308	✏️s/🔌️plugins/🗄️stdio/📦️packages/🦀️rust/././././././../../🗿️artifacts/🗜️deflate/🏅️standards/🔖️rfc1950/🪆️subsets/✳️any/✏️editor/🎭️modes/✏️edit/🪟️windows/🪟️main/🦀️component.rs	23	mismatched types
E0308	✏️s/🔌️plugins/🗄️stdio/📦️packages/🦀️rust/././././././../../🗿️artifacts/🧿️semio/🏅️standards/🔖️v1/🪆️subsets/✳️video/👁️viewer/🎭️modes/👁️view/🪟️windows/🪟️main/🦀️component.rs	25	mismatched types
E0308	✏️s/🔌️plugins/🗄️stdio/📦️packages/🦀️rust/././././././../../🗿️artifacts/🗜️deflate/🏅️standards/🔖️rfc1950/🪆️subsets/✳️any/✏️editor/🎭️modes/✏️edit/🪟️windows/🪟️main/🦀️component.rs	77	mismatched types
E0277	✏️s/🔌️plugins/🗄️stdio/📦️packages/🦀️rust/././../../🗿️artifacts/💾️binary/🏅️standards/🔖️raw/🪆️subsets/✳️any/✏️editor/🦀️component.rs	83	`usize` is not a future
E0277	✏️s/🔌️plugins/🗄️stdio/📦️packages/🦀️rust/././../../🗿️artifacts/💾️binary/🏅️standards/🔖️raw/🪆️subsets/✳️any/✏️editor/🦀️component.rs	83	`usize` is not a future
E0599	✏️s/🔌️plugins/🗄️stdio/📦️packages/🦀️rust/././../../🗿️artifacts/🧿️semio/🏅️standards/🔖️v1/🪆️subsets/✳️brep/👁️viewer/🦀️component.rs	83	no method named `document` found for opaque type `impl Future<Output = ViewerBuilder>` in the current scope
E0308	✏️s/🔌️plugins/🗄️stdio/📦️packages/🦀️rust/././././././../../🗿️artifacts/🧿️semio/🏅️standards/🔖️v1/🪆️subsets/✳️brep/👁️viewer/🎭️modes/👁️view/🪟️windows/🪟️main/🦀️component.rs	25	mismatched types
E0599	✏️s/🔌️plugins/🗄️stdio/📦️packages/🦀️rust/../../🦀️component.rs	16	no method named `label` found for opaque type `impl Future<Output = PluginBuilder<NeedsLabel, _>>` in the current scope
E0599	✏️s/🔌️plugins/🗄️stdio/📦️packages/🦀️rust/././././././../../🗿️artifacts/📜️docx/🏅️standards/🔖️ecma-376/🪆️subsets/✳️transitional/✏️editor/🦀️component.rs	139	no method named `document` found for opaque type `impl Future<Output = EditorBuilder>` in the current scope
E0308	✏️s/🔌️plugins/🗄️stdio/📦️packages/🦀️rust/././././././././././../../🗿️artifacts/📜️docx/🏅️standards/🔖️ecma-376/🪆️subsets/✳️transitional/✏️editor/🎭️modes/✏️edit/🪟️windows/🪟️main/🦀️component.rs	24	mismatched types
E0308	✏️s/🔌️plugins/🗄️stdio/📦️packages/🦀️rust/././././././././././../../🗿️artifacts/📜️docx/🏅️standards/🔖️ecma-376/🪆️subsets/✳️transitional/✏️editor/🎭️modes/✏️edit/🪟️windows/🪟️main/🦀️component.rs	43	mismatched types
E0599	✏️s/🔌️plugins/🗄️stdio/📦️packages/🦀️rust/././../../🗿️artifacts/💾️binary/🏅️standards/🔖️raw/🪆️subsets/✳️any/✏️editor/🦀️component.rs	157	no method named `document` found for opaque type `impl Future<Output = EditorBuilder>` in the current scope
E0599	✏️s/🔌️plugins/🗄️stdio/📦️packages/🦀️rust/././././././../../🗿️artifacts/📜️docx/🏅️standards/🔖️ecma-376/🪆️subsets/✳️any/👁️viewer/🦀️component.rs	83	no method named `document` found for opaque type `impl Future<Output = ViewerBuilder>` in the current scope
E0308	✏️s/🔌️plugins/🗄️stdio/📦️packages/🦀️rust/././././././../../🗿️artifacts/💾️binary/🏅️standards/🔖️raw/🪆️subsets/✳️any/✏️editor/🎭️modes/✏️edit/🪟️windows/🪟️main/🦀️component.rs	29	mismatched types
E0308	✏️s/🔌️plugins/🗄️stdio/📦️packages/🦀️rust/././././././././././../../🗿️artifacts/📜️docx/🏅️standards/🔖️ecma-376/🪆️subsets/✳️any/👁️viewer/🎭️modes/👁️view/🪟️windows/🪟️main/🦀️component.rs	20	mismatched types
E0308	✏️s/🔌️plugins/🗄️stdio/📦️packages/🦀️rust/././././././../../🗿️artifacts/💾️binary/🏅️standards/🔖️raw/🪆️subsets/✳️any/✏️editor/🎭️modes/✏️edit/🪟️windows/🪟️main/🦀️component.rs	47	mismatched types
E0308	✏️s/🔌️plugins/🗄️stdio/📦️packages/🦀️rust/././././././././././../../🗿️artifacts/📜️docx/🏅️standards/🔖️ecma-376/🪆️subsets/✳️any/👁️viewer/🎭️modes/👁️view/🪟️windows/🪟️main/🦀️component.rs	39	mismatched types
E0599	✏️s/🔌️plugins/🗄️stdio/📦️packages/🦀️rust/././././././../../🗿️artifacts/🎞️pptx/🏅️standards/🔖️ecma-376/🪆️subsets/✳️any/✏️editor/🦀️component.rs	143	no method named `document` found for opaque type `impl Future<Output = EditorBuilder>` in the current scope
E0308	✏️s/🔌️plugins/🗄️stdio/📦️packages/🦀️rust/././././././././././../../🗿️artifacts/🎞️pptx/🏅️standards/🔖️ecma-376/🪆️subsets/✳️any/✏️editor/🎭️modes/✏️edit/🪟️windows/🪟️main/🦀️component.rs	21	mismatched types
E0599	✏️s/🔌️plugins/🗄️stdio/📦️packages/🦀️rust/././../../🗿️artifacts/📷️png/🏅️standards/🔖️1.2/🪆️subsets/✳️any/👁️viewer/🦀️component.rs	71	no method named `document` found for opaque type `impl Future<Output = ViewerBuilder>` in the current scope
E0599	✏️s/🔌️plugins/🗄️stdio/📦️packages/🦀️rust/././././././../../🗿️artifacts/📜️docx/🏅️standards/🔖️ecma-376/🪆️subsets/✳️strict/👁️viewer/🦀️component.rs	84	no method named `document` found for opaque type `impl Future<Output = ViewerBuilder>` in the current scope
E0308	✏️s/🔌️plugins/🗄️stdio/📦️packages/🦀️rust/././././././././././../../🗿️artifacts/📜️docx/🏅️standards/🔖️ecma-376/🪆️subsets/✳️strict/👁️viewer/🎭️modes/👁️view/🪟️windows/🪟️main/🦀️component.rs	21	mismatched types
E0308	✏️s/🔌️plugins/🗄️stdio/📦️packages/🦀️rust/././././././././././../../🗿️artifacts/🎞️pptx/🏅️standards/🔖️ecma-376/🪆️subsets/✳️any/✏️editor/🎭️modes/✏️edit/🪟️windows/🪟️main/🦀️component.rs	43	mismatched types
E0308	✏️s/🔌️plugins/🗄️stdio/📦️packages/🦀️rust/././././././../../🗿️artifacts/📷️png/🏅️standards/🔖️1.2/🪆️subsets/✳️any/👁️viewer/🎭️modes/👁️view/🪟️windows/🪟️main/🦀️component.rs	15	mismatched types
E0308	✏️s/🔌️plugins/🗄️stdio/📦️packages/🦀️rust/././././././../../🗿️artifacts/📷️png/🏅️standards/🔖️1.2/🪆️subsets/✳️any/👁️viewer/🎭️modes/👁️view/🪟️windows/🪟️main/🦀️component.rs	20	mismatched types
E0308	✏️s/🔌️plugins/🗄️stdio/📦️packages/🦀️rust/././././././././././../../🗿️artifacts/📜️docx/🏅️standards/🔖️ecma-376/🪆️subsets/✳️strict/👁️viewer/🎭️modes/👁️view/🪟️windows/🪟️main/🦀️component.rs	40	mismatched types
E0599	✏️s/🔌️plugins/🗄️stdio/📦️packages/🦀️rust/././././././../../🗿️artifacts/📜️docx/🏅️standards/🔖️ecma-376/🪆️subsets/✳️transitional/👁️viewer/🦀️component.rs	84	no method named `document` found for opaque type `impl Future<Output = ViewerBuilder>` in the current scope
E0599	✏️s/🔌️plugins/🗄️stdio/📦️packages/🦀️rust/././../../🗿️artifacts/📷️jpg/🏅️standards/🔖️jfif-1.01/🪆️subsets/✳️any/👁️viewer/🦀️component.rs	71	no method named `document` found for opaque type `impl Future<Output = ViewerBuilder>` in the current scope
E0308	✏️s/🔌️plugins/🗄️stdio/📦️packages/🦀️rust/././././././././././../../🗿️artifacts/📜️docx/🏅️standards/🔖️ecma-376/🪆️subsets/✳️transitional/👁️viewer/🎭️modes/👁️view/🪟️windows/🪟️main/🦀️component.rs	21	mismatched types
E0308	✏️s/🔌️plugins/🗄️stdio/📦️packages/🦀️rust/././././././../../🗿️artifacts/📷️jpg/🏅️standards/🔖️jfif-1.01/🪆️subsets/✳️any/👁️viewer/🎭️modes/👁️view/🪟️windows/🪟️main/🦀️component.rs	15	mismatched types
E0308	✏️s/🔌️plugins/🗄️stdio/📦️packages/🦀️rust/././././././../../🗿️artifacts/📷️jpg/🏅️standards/🔖️jfif-1.01/🪆️subsets/✳️any/👁️viewer/🎭️modes/👁️view/🪟️windows/🪟️main/🦀️component.rs	20	mismatched types
E0308	✏️s/🔌️plugins/🗄️stdio/📦️packages/🦀️rust/././././././././././../../🗿️artifacts/📜️docx/🏅️standards/🔖️ecma-376/🪆️subsets/✳️transitional/👁️viewer/🎭️modes/👁️view/🪟️windows/🪟️main/🦀️component.rs	40	mismatched types
E0599	✏️s/🔌️plugins/🗄️stdio/📦️packages/🦀️rust/././././././../../🗿️artifacts/🎞️pptx/🏅️standards/🔖️ecma-376/🪆️subsets/✳️strict/✏️editor/🦀️component.rs	143	no method named `document` found for opaque type `impl Future<Output = EditorBuilder>` in the current scope
E0308	✏️s/🔌️plugins/🗄️stdio/📦️packages/🦀️rust/././././././././././../../🗿️artifacts/🎞️pptx/🏅️standards/🔖️ecma-376/🪆️subsets/✳️strict/✏️editor/🎭️modes/✏️edit/🪟️windows/🪟️main/🦀️component.rs	22	mismatched types
E0308	✏️s/🔌️plugins/🗄️stdio/📦️packages/🦀️rust/././././././././././../../🗿️artifacts/🎞️pptx/🏅️standards/🔖️ecma-376/🪆️subsets/✳️strict/✏️editor/🎭️modes/✏️edit/🪟️windows/🪟️main/🦀️component.rs	44	mismatched types
E0599	✏️s/🔌️plugins/🗄️stdio/📦️packages/🦀️rust/././../../🗿️artifacts/📷️jpg/🏅️standards/🔖️jfif-1.01/🪆️subsets/✳️baseline/👁️viewer/🦀️component.rs	71	no method named `document` found for opaque type `impl Future<Output = ViewerBuilder>` in the current scope
E0308	✏️s/🔌️plugins/🗄️stdio/📦️packages/🦀️rust/././././././../../🗿️artifacts/📷️jpg/🏅️standards/🔖️jfif-1.01/🪆️subsets/✳️baseline/👁️viewer/🎭️modes/👁️view/🪟️windows/🪟️main/🦀️component.rs	15	mismatched types
E0599	✏️s/🔌️plugins/🗄️stdio/📦️packages/🦀️rust/././././././../../🗿️artifacts/🎞️pptx/🏅️standards/🔖️ecma-376/🪆️subsets/✳️any/👁️viewer/🦀️component.rs	83	no method named `document` found for opaque type `impl Future<Output = ViewerBuilder>` in the current scope
E0308	✏️s/🔌️plugins/🗄️stdio/📦️packages/🦀️rust/././././././../../🗿️artifacts/📷️jpg/🏅️standards/🔖️jfif-1.01/🪆️subsets/✳️baseline/👁️viewer/🎭️modes/👁️view/🪟️windows/🪟️main/🦀️component.rs	20	mismatched types
E0308	✏️s/🔌️plugins/🗄️stdio/📦️packages/🦀️rust/././././././././././../../🗿️artifacts/🎞️pptx/🏅️standards/🔖️ecma-376/🪆️subsets/✳️any/👁️viewer/🎭️modes/👁️view/🪟️windows/🪟️main/🦀️component.rs	20	mismatched types
E0308	✏️s/🔌️plugins/🗄️stdio/📦️packages/🦀️rust/././././././././././../../🗿️artifacts/🎞️pptx/🏅️standards/🔖️ecma-376/🪆️subsets/✳️any/👁️viewer/🎭️modes/👁️view/🪟️windows/🪟️main/🦀️component.rs	42	mismatched types
E0599	✏️s/🔌️plugins/🗄️stdio/📦️packages/🦀️rust/././././././../../🗿️artifacts/🎞️pptx/🏅️standards/🔖️ecma-376/🪆️subsets/✳️transitional/✏️editor/🦀️component.rs	143	no method named `document` found for opaque type `impl Future<Output = EditorBuilder>` in the current scope
E0308	✏️s/🔌️plugins/🗄️stdio/📦️packages/🦀️rust/././././././././././../../🗿️artifacts/🎞️pptx/🏅️standards/🔖️ecma-376/🪆️subsets/✳️transitional/✏️editor/🎭️modes/✏️edit/🪟️windows/🪟️main/🦀️component.rs	23	mismatched types
E0308	✏️s/🔌️plugins/🗄️stdio/📦️packages/🦀️rust/././././././././././../../🗿️artifacts/🎞️pptx/🏅️standards/🔖️ecma-376/🪆️subsets/✳️transitional/✏️editor/🎭️modes/✏️edit/🪟️windows/🪟️main/🦀️component.rs	45	mismatched types
E0599	✏️s/🔌️plugins/🗄️stdio/📦️packages/🦀️rust/././../../🗿️artifacts/🖼️bmp/🏅️standards/🔖️v3/🪆️subsets/✳️any/👁️viewer/🦀️component.rs	71	no method named `document` found for opaque type `impl Future<Output = ViewerBuilder>` in the current scope
E0308	✏️s/🔌️plugins/🗄️stdio/📦️packages/🦀️rust/././././././../../🗿️artifacts/🖼️bmp/🏅️standards/🔖️v3/🪆️subsets/✳️any/👁️viewer/🎭️modes/👁️view/🪟️windows/🪟️main/🦀️component.rs	15	mismatched types
E0308	✏️s/🔌️plugins/🗄️stdio/📦️packages/🦀️rust/././././././../../🗿️artifacts/🖼️bmp/🏅️standards/🔖️v3/🪆️subsets/✳️any/👁️viewer/🎭️modes/👁️view/🪟️windows/🪟️main/🦀️component.rs	20	mismatched types
E0599	✏️s/🔌️plugins/🗄️stdio/📦️packages/🦀️rust/././././././../../🗿️artifacts/🎞️pptx/🏅️standards/🔖️ecma-376/🪆️subsets/✳️strict/👁️viewer/🦀️component.rs	84	no method named `document` found for opaque type `impl Future<Output = ViewerBuilder>` in the current scope
E0277	✏️s/🔌️plugins/🗄️stdio/📦️packages/🦀️rust/././././././../../🗿️artifacts/📕️xlsx/🏅️standards/🔖️ecma-376/🪆️subsets/✳️any/✏️editor/🦀️component.rs	111	`usize` is not a future
E0308	✏️s/🔌️plugins/🗄️stdio/📦️packages/🦀️rust/././././././././././../../🗿️artifacts/🎞️pptx/🏅️standards/🔖️ecma-376/🪆️subsets/✳️strict/👁️viewer/🎭️modes/👁️view/🪟️windows/🪟️main/🦀️component.rs	21	mismatched types
E0277	✏️s/🔌️plugins/🗄️stdio/📦️packages/🦀️rust/././././././../../🗿️artifacts/📕️xlsx/🏅️standards/🔖️ecma-376/🪆️subsets/✳️any/✏️editor/🦀️component.rs	112	`usize` is not a future
E0277	✏️s/🔌️plugins/🗄️stdio/📦️packages/🦀️rust/././././././../../🗿️artifacts/📕️xlsx/🏅️standards/🔖️ecma-376/🪆️subsets/✳️any/✏️editor/🦀️component.rs	113	`usize` is not a future
E0277	✏️s/🔌️plugins/🗄️stdio/📦️packages/🦀️rust/././././././../../🗿️artifacts/📕️xlsx/🏅️standards/🔖️ecma-376/🪆️subsets/✳️any/✏️editor/🦀️component.rs	114	`usize` is not a future
E0277	✏️s/🔌️plugins/🗄️stdio/📦️packages/🦀️rust/././././././../../🗿️artifacts/📕️xlsx/🏅️standards/🔖️ecma-376/🪆️subsets/✳️any/✏️editor/🦀️component.rs	111	`usize` is not a future
E0308	✏️s/🔌️plugins/🗄️stdio/📦️packages/🦀️rust/././././././././././../../🗿️artifacts/🎞️pptx/🏅️standards/🔖️ecma-376/🪆️subsets/✳️strict/👁️viewer/🎭️modes/👁️view/🪟️windows/🪟️main/🦀️component.rs	43	mismatched types
E0599	✏️s/🔌️plugins/🗄️stdio/📦️packages/🦀️rust/././././././../../🗿️artifacts/📜️docx/🏅️standards/🔖️ecma-376/🪆️subsets/✳️any/✏️editor/🦀️component.rs	138	no method named `document` found for opaque type `impl Future<Output = EditorBuilder>` in the current scope
E0308	✏️s/🔌️plugins/🗄️stdio/📦️packages/🦀️rust/././././././././././../../🗿️artifacts/📜️docx/🏅️standards/🔖️ecma-376/🪆️subsets/✳️any/✏️editor/🎭️modes/✏️edit/🪟️windows/🪟️main/🦀️component.rs	22	mismatched types
E0308	✏️s/🔌️plugins/🗄️stdio/📦️packages/🦀️rust/././././././././././../../🗿️artifacts/📜️docx/🏅️standards/🔖️ecma-376/🪆️subsets/✳️any/✏️editor/🎭️modes/✏️edit/🪟️windows/🪟️main/🦀️component.rs	41	mismatched types
E0599	✏️s/🔌️plugins/🗄️stdio/📦️packages/🦀️rust/././../../🗿️artifacts/🖼️tiff/🏅️standards/🔖️6.0/🪆️subsets/✳️any/👁️viewer/🦀️component.rs	71	no method named `document` found for opaque type `impl Future<Output = ViewerBuilder>` in the current scope
E0308	✏️s/🔌️plugins/🗄️stdio/📦️packages/🦀️rust/././././././../../🗿️artifacts/🖼️tiff/🏅️standards/🔖️6.0/🪆️subsets/✳️any/👁️viewer/🎭️modes/👁️view/🪟️windows/🪟️main/🦀️component.rs	15	mismatched types
E0308	✏️s/🔌️plugins/🗄️stdio/📦️packages/🦀️rust/././././././../../🗿️artifacts/🖼️tiff/🏅️standards/🔖️6.0/🪆️subsets/✳️any/👁️viewer/🎭️modes/👁️view/🪟️windows/🪟️main/🦀️component.rs	20	mismatched types
E0599	✏️s/🔌️plugins/🗄️stdio/📦️packages/🦀️rust/././././././../../🗿️artifacts/📕️xlsx/🏅️standards/🔖️ecma-376/🪆️subsets/✳️any/✏️editor/🦀️component.rs	177	no method named `document` found for opaque type `impl Future<Output = EditorBuilder>` in the current scope
E0599	✏️s/🔌️plugins/🗄️stdio/📦️packages/🦀️rust/././././././../../🗿️artifacts/🎞️pptx/🏅️standards/🔖️ecma-376/🪆️subsets/✳️transitional/👁️viewer/🦀️component.rs	84	no method named `document` found for opaque type `impl Future<Output = ViewerBuilder>` in the current scope
E0308	✏️s/🔌️plugins/🗄️stdio/📦️packages/🦀️rust/././././././././././../../🗿️artifacts/🎞️pptx/🏅️standards/🔖️ecma-376/🪆️subsets/✳️transitional/👁️viewer/🎭️modes/👁️view/🪟️windows/🪟️main/🦀️component.rs	21	mismatched types
E0308	✏️s/🔌️plugins/🗄️stdio/📦️packages/🦀️rust/././././././././././../../🗿️artifacts/📕️xlsx/🏅️standards/🔖️ecma-376/🪆️subsets/✳️any/✏️editor/🎭️modes/✏️edit/🪟️windows/🪟️main/🦀️component.rs	22	mismatched types
E0308	✏️s/🔌️plugins/🗄️stdio/📦️packages/🦀️rust/././././././././././../../🗿️artifacts/📕️xlsx/🏅️standards/🔖️ecma-376/🪆️subsets/✳️any/✏️editor/🎭️modes/✏️edit/🪟️windows/🪟️main/🦀️component.rs	33	mismatched types
E0308	✏️s/🔌️plugins/🗄️stdio/📦️packages/🦀️rust/././././././././././../../🗿️artifacts/🎞️pptx/🏅️standards/🔖️ecma-376/🪆️subsets/✳️transitional/👁️viewer/🎭️modes/👁️view/🪟️windows/🪟️main/🦀️component.rs	43	mismatched types
E0599	✏️s/🔌️plugins/🗄️stdio/📦️packages/🦀️rust/../../📇️registry/🦀️component.rs	269	`impl Future<Output = Result<ArtifactIdentity, ArtifactDefinitionError>>` is not an iterator
E0277	✏️s/🔌️plugins/🗄️stdio/📦️packages/🦀️rust/././././././../../🗿️artifacts/📕️xlsx/🏅️standards/🔖️ecma-376/🪆️subsets/✳️strict/✏️editor/🦀️component.rs	110	`usize` is not a future
E0277	✏️s/🔌️plugins/🗄️stdio/📦️packages/🦀️rust/././././././../../🗿️artifacts/📕️xlsx/🏅️standards/🔖️ecma-376/🪆️subsets/✳️strict/✏️editor/🦀️component.rs	111	`usize` is not a future
E0277	✏️s/🔌️plugins/🗄️stdio/📦️packages/🦀️rust/././././././../../🗿️artifacts/📕️xlsx/🏅️standards/🔖️ecma-376/🪆️subsets/✳️strict/✏️editor/🦀️component.rs	112	`usize` is not a future
E0277	✏️s/🔌️plugins/🗄️stdio/📦️packages/🦀️rust/././././././../../🗿️artifacts/📕️xlsx/🏅️standards/🔖️ecma-376/🪆️subsets/✳️strict/✏️editor/🦀️component.rs	113	`usize` is not a future
E0277	✏️s/🔌️plugins/🗄️stdio/📦️packages/🦀️rust/././././././../../🗿️artifacts/📕️xlsx/🏅️standards/🔖️ecma-376/🪆️subsets/✳️strict/✏️editor/🦀️component.rs	110	`usize` is not a future
E0599	✏️s/🔌️plugins/🗄️stdio/📦️packages/🦀️rust/././././././../../🗿️artifacts/🖼️tiff/🏅️standards/🔖️6.0/🪆️subsets/✳️any/👁️viewer/🎭️modes/👁️view/🪟️windows/🪟️main/🦀️component.rs	25	no method named `ok` found for opaque type `impl Future<Output = Result<Vec<u8>, std::string::String>>` in the current scope
E0599	✏️s/🔌️plugins/🗄️stdio/📦️packages/🦀️rust/././././././../../🗿️artifacts/📜️docx/🏅️standards/🔖️ecma-376/🪆️subsets/✳️strict/✏️editor/🦀️component.rs	139	no method named `document` found for opaque type `impl Future<Output = EditorBuilder>` in the current scope
E0599	✏️s/🔌️plugins/🗄️stdio/📦️packages/🦀️rust/../../📇️registry/🦀️component.rs	284	`impl Future<Output = Result<ArtifactIdentity, ArtifactDefinitionError>>` is not an iterator
E0308	✏️s/🔌️plugins/🗄️stdio/📦️packages/🦀️rust/../../📇️registry/🦀️component.rs	290	mismatched types
E0308	✏️s/🔌️plugins/🗄️stdio/📦️packages/🦀️rust/././././././././././../../🗿️artifacts/📜️docx/🏅️standards/🔖️ecma-376/🪆️subsets/✳️strict/✏️editor/🎭️modes/✏️edit/🪟️windows/🪟️main/🦀️component.rs	23	mismatched types
E0308	✏️s/🔌️plugins/🗄️stdio/📦️packages/🦀️rust/../../📇️registry/🦀️component.rs	291	mismatched types
E0599	✏️s/🔌️plugins/🗄️stdio/📦️packages/🦀️rust/././././././../../🗿️artifacts/📕️xlsx/🏅️standards/🔖️ecma-376/🪆️subsets/✳️any/👁️viewer/🦀️component.rs	113	no method named `document` found for opaque type `impl Future<Output = ViewerBuilder>` in the current scope
E0308	✏️s/🔌️plugins/🗄️stdio/📦️packages/🦀️rust/../../📇️registry/🦀️component.rs	292	mismatched types
E0308	✏️s/🔌️plugins/🗄️stdio/📦️packages/🦀️rust/././././././././././../../🗿️artifacts/📜️docx/🏅️standards/🔖️ecma-376/🪆️subsets/✳️strict/✏️editor/🎭️modes/✏️edit/🪟️windows/🪟️main/🦀️component.rs	42	mismatched types
E0308	✏️s/🔌️plugins/🗄️stdio/📦️packages/🦀️rust/../../📇️registry/🦀️component.rs	293	mismatched types
E0308	✏️s/🔌️plugins/🗄️stdio/📦️packages/🦀️rust/././././././././././../../🗿️artifacts/📕️xlsx/🏅️standards/🔖️ecma-376/🪆️subsets/✳️any/👁️viewer/🎭️modes/👁️view/🪟️windows/🪟️main/🦀️component.rs	19	mismatched types
E0308	✏️s/🔌️plugins/🗄️stdio/📦️packages/🦀️rust/../../📇️registry/🦀️component.rs	294	mismatched types
E0308	✏️s/🔌️plugins/🗄️stdio/📦️packages/🦀️rust/././././././././././../../🗿️artifacts/📕️xlsx/🏅️standards/🔖️ecma-376/🪆️subsets/✳️any/👁️viewer/🎭️modes/👁️view/🪟️windows/🪟️main/🦀️component.rs	31	mismatched types
E0308	✏️s/🔌️plugins/🗄️stdio/📦️packages/🦀️rust/../../📇️registry/🦀️component.rs	295	mismatched types
E0308	✏️s/🔌️plugins/🗄️stdio/📦️packages/🦀️rust/../../📇️registry/🦀️component.rs	296	mismatched types
E0599	✏️s/🔌️plugins/🗄️stdio/📦️packages/🦀️rust/././../../🗿️artifacts/🖼️tiff/🏅️standards/🔖️6.0/🪆️subsets/✳️baseline/👁️viewer/🦀️component.rs	71	no method named `document` found for opaque type `impl Future<Output = ViewerBuilder>` in the current scope
E0599	✏️s/🔌️plugins/🗄️stdio/📦️packages/🦀️rust/././././././../../🗿️artifacts/📕️xlsx/🏅️standards/🔖️ecma-376/🪆️subsets/✳️strict/✏️editor/🦀️component.rs	176	no method named `document` found for opaque type `impl Future<Output = EditorBuilder>` in the current scope
E0308	✏️s/🔌️plugins/🗄️stdio/📦️packages/🦀️rust/././././././../../🗿️artifacts/🖼️tiff/🏅️standards/🔖️6.0/🪆️subsets/✳️baseline/👁️viewer/🎭️modes/👁️view/🪟️windows/🪟️main/🦀️component.rs	15	mismatched types
E0308	✏️s/🔌️plugins/🗄️stdio/📦️packages/🦀️rust/././././././././././../../🗿️artifacts/📕️xlsx/🏅️standards/🔖️ecma-376/🪆️subsets/✳️strict/✏️editor/🎭️modes/✏️edit/🪟️windows/🪟️main/🦀️component.rs	22	mismatched types
E0308	✏️s/🔌️plugins/🗄️stdio/📦️packages/🦀️rust/././././././../../🗿️artifacts/🖼️tiff/🏅️standards/🔖️6.0/🪆️subsets/✳️baseline/👁️viewer/🎭️modes/👁️view/🪟️windows/🪟️main/🦀️component.rs	20	mismatched types
E0308	✏️s/🔌️plugins/🗄️stdio/📦️packages/🦀️rust/././././././././././../../🗿️artifacts/📕️xlsx/🏅️standards/🔖️ecma-376/🪆️subsets/✳️strict/✏️editor/🎭️modes/✏️edit/🪟️windows/🪟️main/🦀️component.rs	33	mismatched types
E0308	✏️s/🔌️plugins/🗄️stdio/📦️packages/🦀️rust/../../📇️registry/🦀️component.rs	329	mismatched types
E0277	✏️s/🔌️plugins/🗄️stdio/📦️packages/🦀️rust/././././././../../🗿️artifacts/📕️xlsx/🏅️standards/🔖️ecma-376/🪆️subsets/✳️transitional/✏️editor/🦀️component.rs	108	`usize` is not a future
E0599	✏️s/🔌️plugins/🗄️stdio/📦️packages/🦀️rust/././../../🗿️artifacts/☁️ply/🏅️standards/🔖️1.0/🪆️subsets/✳️any/✏️editor/🦀️component.rs	87	no method named `document` found for opaque type `impl Future<Output = EditorBuilder>` in the current scope
E0277	✏️s/🔌️plugins/🗄️stdio/📦️packages/🦀️rust/././././././../../🗿️artifacts/📕️xlsx/🏅️standards/🔖️ecma-376/🪆️subsets/✳️transitional/✏️editor/🦀️component.rs	109	`usize` is not a future
E0308	✏️s/🔌️plugins/🗄️stdio/📦️packages/🦀️rust/../../📇️registry/🦀️component.rs	334	mismatched types
E0599	✏️s/🔌️plugins/🗄️stdio/📦️packages/🦀️rust/././././././../../🗿️artifacts/📕️xlsx/🏅️standards/🔖️ecma-376/🪆️subsets/✳️strict/👁️viewer/🦀️component.rs	113	no method named `document` found for opaque type `impl Future<Output = ViewerBuilder>` in the current scope
E0277	✏️s/🔌️plugins/🗄️stdio/📦️packages/🦀️rust/././././././../../🗿️artifacts/📕️xlsx/🏅️standards/🔖️ecma-376/🪆️subsets/✳️transitional/✏️editor/🦀️component.rs	110	`usize` is not a future
E0277	✏️s/🔌️plugins/🗄️stdio/📦️packages/🦀️rust/././././././../../🗿️artifacts/📕️xlsx/🏅️standards/🔖️ecma-376/🪆️subsets/✳️transitional/✏️editor/🦀️component.rs	111	`usize` is not a future
E0308	✏️s/🔌️plugins/🗄️stdio/📦️packages/🦀️rust/././././././../../🗿️artifacts/☁️ply/🏅️standards/🔖️1.0/🪆️subsets/✳️any/✏️editor/🎭️modes/✏️edit/🪟️windows/🪟️main/🦀️component.rs	24	mismatched types
E0277	✏️s/🔌️plugins/🗄️stdio/📦️packages/🦀️rust/././././././../../🗿️artifacts/📕️xlsx/🏅️standards/🔖️ecma-376/🪆️subsets/✳️transitional/✏️editor/🦀️component.rs	108	`usize` is not a future
E0308	✏️s/🔌️plugins/🗄️stdio/📦️packages/🦀️rust/././././././././././../../🗿️artifacts/📕️xlsx/🏅️standards/🔖️ecma-376/🪆️subsets/✳️strict/👁️viewer/🎭️modes/👁️view/🪟️windows/🪟️main/🦀️component.rs	19	mismatched types
E0308	✏️s/🔌️plugins/🗄️stdio/📦️packages/🦀️rust/././././././././././../../🗿️artifacts/📕️xlsx/🏅️standards/🔖️ecma-376/🪆️subsets/✳️strict/👁️viewer/🎭️modes/👁️view/🪟️windows/🪟️main/🦀️component.rs	31	mismatched types
E0599	✏️s/🔌️plugins/🗄️stdio/📦️packages/🦀️rust/././././././../../🗿️artifacts/🖼️tiff/🏅️standards/🔖️6.0/🪆️subsets/✳️baseline/👁️viewer/🎭️modes/👁️view/🪟️windows/🪟️main/🦀️component.rs	25	no method named `ok` found for opaque type `impl Future<Output = Result<Vec<u8>, std::string::String>>` in the current scope
E0599	✏️s/🔌️plugins/🗄️stdio/📦️packages/🦀️rust/././././././../../🗿️artifacts/📕️xlsx/🏅️standards/🔖️ecma-376/🪆️subsets/✳️transitional/✏️editor/🦀️component.rs	174	no method named `document` found for opaque type `impl Future<Output = EditorBuilder>` in the current scope
E0308	✏️s/🔌️plugins/🗄️stdio/📦️packages/🦀️rust/././././././././././../../🗿️artifacts/📕️xlsx/🏅️standards/🔖️ecma-376/🪆️subsets/✳️transitional/✏️editor/🎭️modes/✏️edit/🪟️windows/🪟️main/🦀️component.rs	22	mismatched types
E0599	✏️s/🔌️plugins/🗄️stdio/📦️packages/🦀️rust/././././././../../🗿️artifacts/📕️xlsx/🏅️standards/🔖️ecma-376/🪆️subsets/✳️transitional/👁️viewer/🦀️component.rs	113	no method named `document` found for opaque type `impl Future<Output = ViewerBuilder>` in the current scope
E0308	✏️s/🔌️plugins/🗄️stdio/📦️packages/🦀️rust/././././././././././../../🗿️artifacts/📕️xlsx/🏅️standards/🔖️ecma-376/🪆️subsets/✳️transitional/✏️editor/🎭️modes/✏️edit/🪟️windows/🪟️main/🦀️component.rs	33	mismatched types
E0599	✏️s/🔌️plugins/🗄️stdio/📦️packages/🦀️rust/././../../🗿️artifacts/🎞️gif/🏅️standards/🔖️87a/🪆️subsets/✳️any/👁️viewer/🦀️component.rs	71	no method named `document` found for opaque type `impl Future<Output = ViewerBuilder>` in the current scope
E0308	✏️s/🔌️plugins/🗄️stdio/📦️packages/🦀️rust/././././././././././../../🗿️artifacts/📕️xlsx/🏅️standards/🔖️ecma-376/🪆️subsets/✳️transitional/👁️viewer/🎭️modes/👁️view/🪟️windows/🪟️main/🦀️component.rs	19	mismatched types
E0308	✏️s/🔌️plugins/🗄️stdio/📦️packages/🦀️rust/././././././../../🗿️artifacts/🎞️gif/🏅️standards/🔖️87a/🪆️subsets/✳️any/👁️viewer/🎭️modes/👁️view/🪟️windows/🪟️main/🦀️component.rs	15	mismatched types
E0308	✏️s/🔌️plugins/🗄️stdio/📦️packages/🦀️rust/././././././../../🗿️artifacts/🎞️gif/🏅️standards/🔖️87a/🪆️subsets/✳️any/👁️viewer/🎭️modes/👁️view/🪟️windows/🪟️main/🦀️component.rs	20	mismatched types
E0308	✏️s/🔌️plugins/🗄️stdio/📦️packages/🦀️rust/././././././././././../../🗿️artifacts/📕️xlsx/🏅️standards/🔖️ecma-376/🪆️subsets/✳️transitional/👁️viewer/🎭️modes/👁️view/🪟️windows/🪟️main/🦀️component.rs	31	mismatched types
E0277	✏️s/🔌️plugins/🗄️stdio/📦️packages/🦀️rust/././../../🗿️artifacts/🌦️epw/🏅️standards/🔖️energyplus/🪆️subsets/✳️any/✏️editor/🦀️component.rs	88	`usize` is not a future
E0277	✏️s/🔌️plugins/🗄️stdio/📦️packages/🦀️rust/././../../🗿️artifacts/🌦️epw/🏅️standards/🔖️energyplus/🪆️subsets/✳️any/✏️editor/🦀️component.rs	88	`usize` is not a future
E0599	✏️s/🔌️plugins/🗄️stdio/📦️packages/🦀️rust/././../../🗿️artifacts/🌦️epw/🏅️standards/🔖️energyplus/🪆️subsets/✳️any/👁️viewer/🦀️component.rs	80	no method named `document` found for opaque type `impl Future<Output = ViewerBuilder>` in the current scope
E0599	✏️s/🔌️plugins/🗄️stdio/📦️packages/🦀️rust/././../../🗿️artifacts/🎞️gif/🏅️standards/🔖️89a/🪆️subsets/✳️any/👁️viewer/🦀️component.rs	71	no method named `document` found for opaque type `impl Future<Output = ViewerBuilder>` in the current scope
E0308	✏️s/🔌️plugins/🗄️stdio/📦️packages/🦀️rust/././././././../../🗿️artifacts/🌦️epw/🏅️standards/🔖️energyplus/🪆️subsets/✳️any/👁️viewer/🎭️modes/👁️view/🪟️windows/🪟️main/🦀️component.rs	60	mismatched types
E0308	✏️s/🔌️plugins/🗄️stdio/📦️packages/🦀️rust/././././././../../🗿️artifacts/🎞️gif/🏅️standards/🔖️89a/🪆️subsets/✳️any/👁️viewer/🎭️modes/👁️view/🪟️windows/🪟️main/🦀️component.rs	15	mismatched types
E0308	✏️s/🔌️plugins/🗄️stdio/📦️packages/🦀️rust/././././././../../🗿️artifacts/🎞️gif/🏅️standards/🔖️89a/🪆️subsets/✳️any/👁️viewer/🎭️modes/👁️view/🪟️windows/🪟️main/🦀️component.rs	20	mismatched types
E0308	✏️s/🔌️plugins/🗄️stdio/📦️packages/🦀️rust/././././././../../🗿️artifacts/🌦️epw/🏅️standards/🔖️energyplus/🪆️subsets/✳️any/👁️viewer/🎭️modes/👁️view/🪟️windows/🪟️main/🦀️component.rs	71	mismatched types
E0599	✏️s/🔌️plugins/🗄️stdio/📦️packages/🦀️rust/././../../🗿️artifacts/🌦️epw/🏅️standards/🔖️energyplus/🪆️subsets/✳️any/✏️editor/🦀️component.rs	143	no method named `document` found for opaque type `impl Future<Output = EditorBuilder>` in the current scope
E0308	✏️s/🔌️plugins/🗄️stdio/📦️packages/🦀️rust/././././././../../🗿️artifacts/🌦️epw/🏅️standards/🔖️energyplus/🪆️subsets/✳️any/✏️editor/🎭️modes/✏️edit/🪟️windows/🪟️main/🦀️component.rs	62	mismatched types
E0599	✏️s/🔌️plugins/🗄️stdio/📦️packages/🦀️rust/../../📇️registry/🦀️component.rs	594	no method named `as_str` found for opaque type `impl Future<Output = &ArtifactIdentity>` in the current scope
E0308	✏️s/🔌️plugins/🗄️stdio/📦️packages/🦀️rust/././././././../../🗿️artifacts/🌦️epw/🏅️standards/🔖️energyplus/🪆️subsets/✳️any/✏️editor/🎭️modes/✏️edit/🪟️windows/🪟️main/🦀️component.rs	73	mismatched types
E0277	✏️s/🔌️plugins/🗄️stdio/📦️packages/🦀️rust/../../📇️registry/🦀️component.rs	595	`impl Future<Output = &ArtifactIdentity>` doesn't implement `std::fmt::Display`
E0599	✏️s/🔌️plugins/🗄️stdio/📦️packages/🦀️rust/././../../🗿️artifacts/🎨️svg/🏅️standards/🔖️1.1/🪆️subsets/✳️any/👁️viewer/🦀️component.rs	71	no method named `document` found for opaque type `impl Future<Output = ViewerBuilder>` in the current scope
E0599	✏️s/🔌️plugins/🗄️stdio/📦️packages/🦀️rust/./././../../🗿️artifacts/🎒️zip/🏅️standards/🔖️2.0/🪆️subsets/✳️any/👁️viewer/🦀️component.rs	80	no method named `document` found for opaque type `impl Future<Output = ViewerBuilder>` in the current scope
E0308	✏️s/🔌️plugins/🗄️stdio/📦️packages/🦀️rust/././././././../../🗿️artifacts/🎨️svg/🏅️standards/🔖️1.1/🪆️subsets/✳️any/👁️viewer/🎭️modes/👁️view/🪟️windows/🪟️main/🦀️component.rs	15	mismatched types
E0308	✏️s/🔌️plugins/🗄️stdio/📦️packages/🦀️rust/./././././././../../🗿️artifacts/🎒️zip/🏅️standards/🔖️2.0/🪆️subsets/✳️any/👁️viewer/🎭️modes/👁️view/🪟️windows/🪟️main/🦀️component.rs	21	mismatched types
E0308	✏️s/🔌️plugins/🗄️stdio/📦️packages/🦀️rust/././././././../../🗿️artifacts/🎨️svg/🏅️standards/🔖️1.1/🪆️subsets/✳️any/👁️viewer/🎭️modes/👁️view/🪟️windows/🪟️main/🦀️component.rs	20	mismatched types
E0308	✏️s/🔌️plugins/🗄️stdio/📦️packages/🦀️rust/./././././././../../🗿️artifacts/🎒️zip/🏅️standards/🔖️2.0/🪆️subsets/✳️any/👁️viewer/🎭️modes/👁️view/🪟️windows/🪟️main/🦀️component.rs	32	mismatched types
E0277	✏️s/🔌️plugins/🗄️stdio/📦️packages/🦀️rust/./././../../🗿️artifacts/🎒️zip/🏅️standards/🔖️2.0/🪆️subsets/✳️any/✏️editor/🦀️component.rs	84	`usize` is not a future
E0277	✏️s/🔌️plugins/🗄️stdio/📦️packages/🦀️rust/./././../../🗿️artifacts/🎒️zip/🏅️standards/🔖️2.0/🪆️subsets/✳️any/✏️editor/🦀️component.rs	84	`usize` is not a future
E0599	✏️s/🔌️plugins/🗄️stdio/📦️packages/🦀️rust/../../📇️registry/🦀️component.rs	603	no method named `as_str` found for opaque type `impl Future<Output = &ArtifactIdentity>` in the current scope
E0277	✏️s/🔌️plugins/🗄️stdio/📦️packages/🦀️rust/../../📇️registry/🦀️component.rs	604	`impl Future<Output = &ArtifactIdentity>` doesn't implement `std::fmt::Display`
E0599	✏️s/🔌️plugins/🗄️stdio/📦️packages/🦀️rust/././../../🗿️artifacts/🎨️svg/🏅️standards/🔖️1.1/🪆️subsets/✳️basic/👁️viewer/🦀️component.rs	71	no method named `document` found for opaque type `impl Future<Output = ViewerBuilder>` in the current scope
E0308	✏️s/🔌️plugins/🗄️stdio/📦️packages/🦀️rust/././././././../../🗿️artifacts/🎨️svg/🏅️standards/🔖️1.1/🪆️subsets/✳️basic/👁️viewer/🎭️modes/👁️view/🪟️windows/🪟️main/🦀️component.rs	15	mismatched types
E0308	✏️s/🔌️plugins/🗄️stdio/📦️packages/🦀️rust/././././././../../🗿️artifacts/🎨️svg/🏅️standards/🔖️1.1/🪆️subsets/✳️basic/👁️viewer/🎭️modes/👁️view/🪟️windows/🪟️main/🦀️component.rs	20	mismatched types
E0599	✏️s/🔌️plugins/🗄️stdio/📦️packages/🦀️rust/./././../../🗿️artifacts/🎒️zip/🏅️standards/🔖️2.0/🪆️subsets/✳️any/✏️editor/🦀️component.rs	141	no method named `document` found for opaque type `impl Future<Output = EditorBuilder>` in the current scope
E0599	✏️s/🔌️plugins/🗄️stdio/📦️packages/🦀️rust/./././../../🗿️artifacts/🎒️zip/🏅️standards/🔖️2.0/🪆️subsets/✳️iso21320/👁️viewer/🦀️component.rs	80	no method named `document` found for opaque type `impl Future<Output = ViewerBuilder>` in the current scope
E0599	✏️s/🔌️plugins/🗄️stdio/📦️packages/🦀️rust/../../📇️registry/🦀️component.rs	611	no method named `map_err` found for opaque type `impl Future<Output = Result<ArtifactIdentity, ArtifactDefinitionError>>` in the current scope
E0308	✏️s/🔌️plugins/🗄️stdio/📦️packages/🦀️rust/./././././././../../🗿️artifacts/🎒️zip/🏅️standards/🔖️2.0/🪆️subsets/✳️any/✏️editor/🎭️modes/✏️edit/🪟️windows/🪟️main/🦀️component.rs	28	mismatched types
E0308	✏️s/🔌️plugins/🗄️stdio/📦️packages/🦀️rust/./././././././../../🗿️artifacts/🎒️zip/🏅️standards/🔖️2.0/🪆️subsets/✳️iso21320/👁️viewer/🎭️modes/👁️view/🪟️windows/🪟️main/🦀️component.rs	21	mismatched types
E0308	✏️s/🔌️plugins/🗄️stdio/📦️packages/🦀️rust/./././././././../../🗿️artifacts/🎒️zip/🏅️standards/🔖️2.0/🪆️subsets/✳️any/✏️editor/🎭️modes/✏️edit/🪟️windows/🪟️main/🦀️component.rs	40	mismatched types
E0308	✏️s/🔌️plugins/🗄️stdio/📦️packages/🦀️rust/./././././././../../🗿️artifacts/🎒️zip/🏅️standards/🔖️2.0/🪆️subsets/✳️iso21320/👁️viewer/🎭️modes/👁️view/🪟️windows/🪟️main/🦀️component.rs	32	mismatched types
E0277	✏️s/🔌️plugins/🗄️stdio/📦️packages/🦀️rust/./././../../🗿️artifacts/🎒️zip/🏅️standards/🔖️2.0/🪆️subsets/✳️iso21320/✏️editor/🦀️component.rs	86	`usize` is not a future
E0277	✏️s/🔌️plugins/🗄️stdio/📦️packages/🦀️rust/./././../../🗿️artifacts/🎒️zip/🏅️standards/🔖️2.0/🪆️subsets/✳️iso21320/✏️editor/🦀️component.rs	86	`usize` is not a future
E0599	✏️s/🔌️plugins/🗄️stdio/📦️packages/🦀️rust/../../📇️registry/🦀️component.rs	611	no method named `descriptor` found for opaque type `impl Future<Output = ArtifactCapability>` in the current scope
E0599	✏️s/🔌️plugins/🗄️stdio/📦️packages/🦀️rust/././../../🗿️artifacts/🎨️svg/🏅️standards/🔖️1.1/🪆️subsets/✳️tiny/👁️viewer/🦀️component.rs	71	no method named `document` found for opaque type `impl Future<Output = ViewerBuilder>` in the current scope
E0308	✏️s/🔌️plugins/🗄️stdio/📦️packages/🦀️rust/././././././../../🗿️artifacts/🎨️svg/🏅️standards/🔖️1.1/🪆️subsets/✳️tiny/👁️viewer/🎭️modes/👁️view/🪟️windows/🪟️main/🦀️component.rs	15	mismatched types
E0308	✏️s/🔌️plugins/🗄️stdio/📦️packages/🦀️rust/././././././../../🗿️artifacts/🎨️svg/🏅️standards/🔖️1.1/🪆️subsets/✳️tiny/👁️viewer/🎭️modes/👁️view/🪟️windows/🪟️main/🦀️component.rs	20	mismatched types
E0599	✏️s/🔌️plugins/🗄️stdio/📦️packages/🦀️rust/././../../🗿️artifacts/🗜️deflate/🏅️standards/🔖️rfc1950/🪆️subsets/✳️any/👁️viewer/🦀️component.rs	80	no method named `document` found for opaque type `impl Future<Output = ViewerBuilder>` in the current scope
E0308	✏️s/🔌️plugins/🗄️stdio/📦️packages/🦀️rust/././././././../../🗿️artifacts/🗜️deflate/🏅️standards/🔖️rfc1950/🪆️subsets/✳️any/👁️viewer/🎭️modes/👁️view/🪟️windows/🪟️main/🦀️component.rs	22	mismatched types
E0308	✏️s/🔌️plugins/🗄️stdio/📦️packages/🦀️rust/././././././../../🗿️artifacts/🗜️deflate/🏅️standards/🔖️rfc1950/🪆️subsets/✳️any/👁️viewer/🎭️modes/👁️view/🪟️windows/🪟️main/🦀️component.rs	62	mismatched types
E0599	✏️s/🔌️plugins/🗄️stdio/📦️packages/🦀️rust/../../📇️registry/🦀️component.rs	620	no method named `map_err` found for opaque type `impl Future<Output = Result<ArtifactIdentity, ArtifactDefinitionError>>` in the current scope
E0599	✏️s/🔌️plugins/🗄️stdio/📦️packages/🦀️rust/./././../../🗿️artifacts/🎒️zip/🏅️standards/🔖️2.0/🪆️subsets/✳️iso21320/✏️editor/🦀️component.rs	143	no method named `document` found for opaque type `impl Future<Output = EditorBuilder>` in the current scope
E0308	✏️s/🔌️plugins/🗄️stdio/📦️packages/🦀️rust/./././././././../../🗿️artifacts/🎒️zip/🏅️standards/🔖️2.0/🪆️subsets/✳️iso21320/✏️editor/🎭️modes/✏️edit/🪟️windows/🪟️main/🦀️component.rs	30	mismatched types
E0599	✏️s/🔌️plugins/🗄️stdio/📦️packages/🦀️rust/././../../🗿️artifacts/🎥️mp4/🏅️standards/🔖️isobmff/🪆️subsets/✳️any/👁️viewer/🦀️component.rs	71	no method named `document` found for opaque type `impl Future<Output = ViewerBuilder>` in the current scope
E0308	✏️s/🔌️plugins/🗄️stdio/📦️packages/🦀️rust/./././././././../../🗿️artifacts/🎒️zip/🏅️standards/🔖️2.0/🪆️subsets/✳️iso21320/✏️editor/🎭️modes/✏️edit/🪟️windows/🪟️main/🦀️component.rs	42	mismatched types
E0308	✏️s/🔌️plugins/🗄️stdio/📦️packages/🦀️rust/././././././../../🗿️artifacts/🎥️mp4/🏅️standards/🔖️isobmff/🪆️subsets/✳️any/👁️viewer/🎭️modes/👁️view/🪟️windows/🪟️main/🦀️component.rs	13	mismatched types
E0308	✏️s/🔌️plugins/🗄️stdio/📦️packages/🦀️rust/././././././../../🗿️artifacts/🎥️mp4/🏅️standards/🔖️isobmff/🪆️subsets/✳️any/👁️viewer/🎭️modes/👁️view/🪟️windows/🪟️main/🦀️component.rs	21	mismatched types
E0277	✏️s/🔌️plugins/🗄️stdio/📦️packages/🦀️rust/././../../🗿️artifacts/🗜️deflate/🏅️standards/🔖️rfc1950/🪆️subsets/✳️any/✏️editor/🦀️component.rs	84	`usize` is not a future
E0277	✏️s/🔌️plugins/🗄️stdio/📦️packages/🦀️rust/././../../🗿️artifacts/🗜️deflate/🏅️standards/🔖️rfc1950/🪆️subsets/✳️any/✏️editor/🦀️component.rs	84	`usize` is not a future
E0599	✏️s/🔌️plugins/🗄️stdio/📦️packages/🦀️rust/././../../🗿️artifacts/💾️binary/🏅️standards/🔖️raw/🪆️subsets/✳️any/👁️viewer/🦀️component.rs	80	no method named `document` found for opaque type `impl Future<Output = ViewerBuilder>` in the current scope
E0599	✏️s/🔌️plugins/🗄️stdio/📦️packages/🦀️rust/../../📇️registry/🦀️component.rs	620	no method named `descriptor` found for opaque type `impl Future<Output = ArtifactCapability>` in the current scope
E0308	✏️s/🔌️plugins/🗄️stdio/📦️packages/🦀️rust/././././././../../🗿️artifacts/💾️binary/🏅️standards/🔖️raw/🪆️subsets/✳️any/👁️viewer/🎭️modes/👁️view/🪟️windows/🪟️main/🦀️component.rs	21	mismatched types
E0308	✏️s/🔌️plugins/🗄️stdio/📦️packages/🦀️rust/././././././../../🗿️artifacts/💾️binary/🏅️standards/🔖️raw/🪆️subsets/✳️any/👁️viewer/🎭️modes/👁️view/🪟️windows/🪟️main/🦀️component.rs	34	mismatched types
E0599	✏️s/🔌️plugins/🗄️stdio/📦️packages/🦀️rust/././../../🗿️artifacts/🎵️mp3/🏅️standards/🔖️mpeg1-layer3/🪆️subsets/✳️any/👁️viewer/🦀️component.rs	71	no method named `document` found for opaque type `impl Future<Output = ViewerBuilder>` in the current scope
E0308	✏️s/🔌️plugins/🗄️stdio/📦️packages/🦀️rust/././././././../../🗿️artifacts/🎵️mp3/🏅️standards/🔖️mpeg1-layer3/🪆️subsets/✳️any/👁️viewer/🎭️modes/👁️view/🪟️windows/🪟️main/🦀️component.rs	13	mismatched types
E0308	✏️s/🔌️plugins/🗄️stdio/📦️packages/🦀️rust/././././././../../🗿️artifacts/🎵️mp3/🏅️standards/🔖️mpeg1-layer3/🪆️subsets/✳️any/👁️viewer/🎭️modes/👁️view/🪟️windows/🪟️main/🦀️component.rs	21	mismatched types
E0277	/Users/ueli/.cargo/registry/src/index.crates.io-1949cf8c6b5b557f/serde_json-1.0.149/src/macros.rs	279	the trait bound `impl Future<Output = MeshData>: serde::Serialize` is not satisfied
E0308	✏️s/🔌️plugins/🗄️stdio/📦️packages/🦀️rust/././././././../../🗿️artifacts/🖊️dxf/🏅️standards/🔖️r12/🪆️subsets/✳️any/👁️viewer/🎭️modes/👁️view/🪟️windows/🪟️main/🦀️component.rs	73	mismatched types
E0599	✏️s/🔌️plugins/🗄️stdio/📦️packages/🦀️rust/../../📇️registry/🦀️component.rs	623	no method named `map_err` found for opaque type `impl Future<Output = Result<ArtifactIdentityNamespace, ArtifactDefinitionError>>` in the current scope
E0599	✏️s/🔌️plugins/🗄️stdio/📦️packages/🦀️rust/././../../🗿️artifacts/🗜️deflate/🏅️standards/🔖️rfc1950/🪆️subsets/✳️any/✏️editor/🦀️component.rs	168	no method named `document` found for opaque type `impl Future<Output = EditorBuilder>` in the current scope
E0308	✏️s/🔌️plugins/🗄️stdio/📦️packages/🦀️rust/././././././../../🗿️artifacts/🧿️semio/🏅️standards/🔖️v1/🪆️subsets/✳️flow/✏️editor/🎭️modes/✏️edit/🪟️windows/🪟️main/🦀️component.rs	24	mismatched types
E0599	✏️s/🔌️plugins/🗄️stdio/📦️packages/🦀️rust/././../../🗿️artifacts/📐️step/🏅️standards/🔖️ap214/🪆️subsets/✳️cc3/✏️editor/🦀️component.rs	87	no method named `document` found for opaque type `impl Future<Output = EditorBuilder>` in the current scope
E0308	✏️s/🔌️plugins/🗄️stdio/📦️packages/🦀️rust/././././././../../🗿️artifacts/📐️step/🏅️standards/🔖️ap214/🪆️subsets/✳️cc3/✏️editor/🎭️modes/✏️edit/🪟️windows/🪟️main/🦀️component.rs	24	mismatched types
E0599	✏️s/🔌️plugins/🗄️stdio/📦️packages/🦀️rust/././../../🗿️artifacts/🔊️wav/🏅️standards/🔖️riff-pcm/🪆️subsets/✳️any/👁️viewer/🦀️component.rs	71	no method named `document` found for opaque type `impl Future<Output = ViewerBuilder>` in the current scope
E0308	✏️s/🔌️plugins/🗄️stdio/📦️packages/🦀️rust/././././././../../🗿️artifacts/🔊️wav/🏅️standards/🔖️riff-pcm/🪆️subsets/✳️any/👁️viewer/🎭️modes/👁️view/🪟️windows/🪟️main/🦀️component.rs	13	mismatched types
E0308	✏️s/🔌️plugins/🗄️stdio/📦️packages/🦀️rust/././././././../../🗿️artifacts/🔊️wav/🏅️standards/🔖️riff-pcm/🪆️subsets/✳️any/👁️viewer/🎭️modes/👁️view/🪟️windows/🪟️main/🦀️component.rs	21	mismatched types
E0599	✏️s/🔌️plugins/🗄️stdio/📦️packages/🦀️rust/../../📇️registry/🦀️component.rs	623	no method named `map_err` found for opaque type `impl Future<Output = Result<ArtifactIdentityClaim, ArtifactDefinitionError>>` in the current scope
E0599	✏️s/🔌️plugins/🗄️stdio/📦️packages/🦀️rust/././../../🗿️artifacts/🧊️gltf/🏅️standards/🔖️2.0/🪆️subsets/✳️any/👁️viewer/🦀️component.rs	83	no method named `document` found for opaque type `impl Future<Output = ViewerBuilder>` in the current scope
E0277	/Users/ueli/.cargo/registry/src/index.crates.io-1949cf8c6b5b557f/serde_json-1.0.149/src/macros.rs	279	the trait bound `impl Future<Output = MeshData>: serde::Serialize` is not satisfied
E0308	✏️s/🔌️plugins/🗄️stdio/📦️packages/🦀️rust/././././././../../🗿️artifacts/🧊️gltf/🏅️standards/🔖️2.0/🪆️subsets/✳️any/👁️viewer/🎭️modes/👁️view/🪟️windows/🪟️main/🦀️component.rs	25	mismatched types
E0308	✏️s/🔌️plugins/🗄️stdio/📦️packages/🦀️rust/././././././../../🗿️artifacts/🧿️semio/🏅️standards/🔖️v1/🪆️subsets/✳️brep/👁️viewer/🎭️modes/👁️view/🪟️windows/🪟️main/🦀️component.rs	73	mismatched types
E0277	/Users/ueli/.cargo/registry/src/index.crates.io-1949cf8c6b5b557f/serde_json-1.0.149/src/macros.rs	279	the trait bound `impl Future<Output = MeshData>: serde::Serialize` is not satisfied
E0308	✏️s/🔌️plugins/🗄️stdio/📦️packages/🦀️rust/././././././../../🗿️artifacts/🧿️semio/🏅️standards/🔖️v1/🪆️subsets/✳️video/👁️viewer/🎭️modes/👁️view/🪟️windows/🪟️main/🦀️component.rs	73	mismatched types
E0599	✏️s/🔌️plugins/🗄️stdio/📦️packages/🦀️rust/../../📇️registry/🦀️component.rs	632	no method named `map_err` found for opaque type `impl Future<Output = Result<ArtifactDefinition, ArtifactDefinitionError>>` in the current scope
E0308	✏️s/🔌️plugins/🗄️stdio/📦️packages/🦀️rust/../../📇️registry/🦀️component.rs	634	mismatched types
E0308	✏️s/🔌️plugins/🗄️stdio/📦️packages/🦀️rust/../../📇️registry/🦀️component.rs	637	mismatched types
E0599	✏️s/🔌️plugins/🗄️stdio/📦️packages/🦀️rust/././../../🗿️artifacts/📼️avi/🏅️standards/🔖️1.0/🪆️subsets/✳️any/👁️viewer/🦀️component.rs	71	no method named `document` found for opaque type `impl Future<Output = ViewerBuilder>` in the current scope
E0308	✏️s/🔌️plugins/🗄️stdio/📦️packages/🦀️rust/../../📇️registry/🦀️component.rs	640	mismatched types
E0308	✏️s/🔌️plugins/🗄️stdio/📦️packages/🦀️rust/././././././../../🗿️artifacts/📼️avi/🏅️standards/🔖️1.0/🪆️subsets/✳️any/👁️viewer/🎭️modes/👁️view/🪟️windows/🪟️main/🦀️component.rs	13	mismatched types
E0308	✏️s/🔌️plugins/🗄️stdio/📦️packages/🦀️rust/../../📇️registry/🦀️component.rs	643	mismatched types
E0308	✏️s/🔌️plugins/🗄️stdio/📦️packages/🦀️rust/././././././../../🗿️artifacts/📼️avi/🏅️standards/🔖️1.0/🪆️subsets/✳️any/👁️viewer/🎭️modes/👁️view/🪟️windows/🪟️main/🦀️component.rs	21	mismatched types
E0308	✏️s/🔌️plugins/🗄️stdio/📦️packages/🦀️rust/../../📇️registry/🦀️component.rs	646	mismatched types
E0599	✏️s/🔌️plugins/🗄️stdio/📦️packages/🦀️rust/././../../🗿️artifacts/🧿️semio/🏅️standards/🔖️v1/🪆️subsets/✳️cad/👁️viewer/🦀️component.rs	83	no method named `document` found for opaque type `impl Future<Output = ViewerBuilder>` in the current scope
E0308	✏️s/🔌️plugins/🗄️stdio/📦️packages/🦀️rust/../../📇️registry/🦀️component.rs	649	mismatched types
E0308	✏️s/🔌️plugins/🗄️stdio/📦️packages/🦀️rust/././././././../../🗿️artifacts/🧿️semio/🏅️standards/🔖️v1/🪆️subsets/✳️cad/👁️viewer/🎭️modes/👁️view/🪟️windows/🪟️main/🦀️component.rs	25	mismatched types
E0308	✏️s/🔌️plugins/🗄️stdio/📦️packages/🦀️rust/../../📇️registry/🦀️component.rs	652	mismatched types
E0599	✏️s/🔌️plugins/🗄️stdio/📦️packages/🦀️rust/././../../🗿️artifacts/📐️step/🏅️standards/🔖️ap214/🪆️subsets/✳️any/👁️viewer/🦀️component.rs	83	no method named `document` found for opaque type `impl Future<Output = ViewerBuilder>` in the current scope
E0308	✏️s/🔌️plugins/🗄️stdio/📦️packages/🦀️rust/././././././../../🗿️artifacts/📐️step/🏅️standards/🔖️ap214/🪆️subsets/✳️any/👁️viewer/🎭️modes/👁️view/🪟️windows/🪟️main/🦀️component.rs	25	mismatched types
E0599	✏️s/🔌️plugins/🗄️stdio/📦️packages/🦀️rust/././../../🗿️artifacts/🌐️html/🏅️standards/🔖️5/🪆️subsets/✳️any/👁️viewer/🦀️component.rs	71	no method named `document` found for opaque type `impl Future<Output = ViewerBuilder>` in the current scope
E0308	✏️s/🔌️plugins/🗄️stdio/📦️packages/🦀️rust/././././././../../🗿️artifacts/🌐️html/🏅️standards/🔖️5/🪆️subsets/✳️any/👁️viewer/🎭️modes/👁️view/🪟️windows/🪟️main/🦀️component.rs	14	mismatched types
E0599	✏️s/🔌️plugins/🗄️stdio/📦️packages/🦀️rust/../../📇️registry/🦀️component.rs	661	no method named `map_err` found for opaque type `impl Future<Output = Result<ArtifactLocale, ArtifactDefinitionError>>` in the current scope
E0308	✏️s/🔌️plugins/🗄️stdio/📦️packages/🦀️rust/././././././../../🗿️artifacts/🌐️html/🏅️standards/🔖️5/🪆️subsets/✳️any/👁️viewer/🎭️modes/👁️view/🪟️windows/🪟️main/🦀️component.rs	22	mismatched types
E0599	✏️s/🔌️plugins/🗄️stdio/📦️packages/🦀️rust/././../../🗿️artifacts/📝️md/🏅️standards/🔖️commonmark/🪆️subsets/✳️any/👁️viewer/🦀️component.rs	71	no method named `document` found for opaque type `impl Future<Output = ViewerBuilder>` in the current scope
E0308	✏️s/🔌️plugins/🗄️stdio/📦️packages/🦀️rust/././././././../../🗿️artifacts/📝️md/🏅️standards/🔖️commonmark/🪆️subsets/✳️any/👁️viewer/🎭️modes/👁️view/🪟️windows/🪟️main/🦀️component.rs	14	mismatched types
E0308	✏️s/🔌️plugins/🗄️stdio/📦️packages/🦀️rust/././././././../../🗿️artifacts/📝️md/🏅️standards/🔖️commonmark/🪆️subsets/✳️any/👁️viewer/🎭️modes/👁️view/🪟️windows/🪟️main/🦀️component.rs	22	mismatched types
E0599	✏️s/🔌️plugins/🗄️stdio/📦️packages/🦀️rust/././../../🗿️artifacts/💾️binary/🦀️component.rs	35	no method named `expect` found for opaque type `impl Future<Output = Result<ArtifactKindId, std::string::String>>` in the current scope
E0107	✏️s/🔌️plugins/🗄️stdio/📦️packages/🦀️rust/././././././../../🗿️artifacts/💾️binary/🏅️standards/🔖️raw/🪆️subsets/✳️any/🦀️component.rs	40	function takes 2 generic arguments but 1 generic argument was supplied
E0107	✏️s/🔌️plugins/🗄️stdio/📦️packages/🦀️rust/././././././../../🗿️artifacts/💾️binary/🏅️standards/🔖️raw/🪆️subsets/✳️any/🦀️component.rs	41	function takes 2 generic arguments but 1 generic argument was supplied
E0599	✏️s/🔌️plugins/🗄️stdio/📦️packages/🦀️rust/././../../🗿️artifacts/🧿️semio/🏅️standards/🔖️v1/🪆️subsets/✳️animation/👁️viewer/🦀️component.rs	83	no method named `document` found for opaque type `impl Future<Output = ViewerBuilder>` in the current scope
E0277	✏️s/🔌️plugins/🗄️stdio/📦️packages/🦀️rust/././././././../../🗿️artifacts/💾️binary/🏅️standards/🔖️raw/🪆️subsets/✳️any/🦀️component.rs	40	the trait bound `NoPluginApp: From<VcsArtifactApp<ViewerApp<_>>>` is not satisfied
E0277	✏️s/🔌️plugins/🗄️stdio/📦️packages/🦀️rust/././././././../../🗿️artifacts/💾️binary/🏅️standards/🔖️raw/🪆️subsets/✳️any/🦀️component.rs	41	the trait bound `NoPluginApp: From<VcsArtifactApp<EditorApp<_>>>` is not satisfied
E0308	✏️s/🔌️plugins/🗄️stdio/📦️packages/🦀️rust/././././././../../🗿️artifacts/🧿️semio/🏅️standards/🔖️v1/🪆️subsets/✳️animation/👁️viewer/🎭️modes/👁️view/🪟️windows/🪟️main/🦀️component.rs	25	mismatched types
E0277	/Users/ueli/.cargo/registry/src/index.crates.io-1949cf8c6b5b557f/serde_json-1.0.149/src/macros.rs	279	the trait bound `impl Future<Output = MeshData>: serde::Serialize` is not satisfied
E0308	✏️s/🔌️plugins/🗄️stdio/📦️packages/🦀️rust/././././././../../🗿️artifacts/☁️ply/🏅️standards/🔖️1.0/🪆️subsets/✳️any/✏️editor/🎭️modes/✏️edit/🪟️windows/🪟️main/🦀️component.rs	69	mismatched types
E0308	✏️s/🔌️plugins/🗄️stdio/📦️packages/🦀️rust/./././././././../../🗿️artifacts/💾️binary/🏅️standards/🔖️raw/🪆️subsets/✳️any/🚪️io/🦀️component.rs	82	mismatched types
E0308	✏️s/🔌️plugins/🗄️stdio/📦️packages/🦀️rust/./././././././../../🗿️artifacts/💾️binary/🏅️standards/🔖️raw/🪆️subsets/✳️any/🚪️io/🦀️component.rs	207	mismatched types
E0308	✏️s/🔌️plugins/🗄️stdio/📦️packages/🦀️rust/././././../../🗿️artifacts/💾️binary/🏅️standards/🔖️raw/🪆️subsets/✳️any/📚️examples/🎬️demo/🦀️component.rs	14	mismatched types
E0599	✏️s/🔌️plugins/🗄️stdio/📦️packages/🦀️rust/././../../🗿️artifacts/☁️las/🏅️standards/🔖️1.0/🪆️subsets/✳️any/✏️editor/🦀️component.rs	87	no method named `document` found for opaque type `impl Future<Output = EditorBuilder>` in the current scope
E0308	✏️s/🔌️plugins/🗄️stdio/📦️packages/🦀️rust/././././././../../🗿️artifacts/☁️las/🏅️standards/🔖️1.0/🪆️subsets/✳️any/✏️editor/🎭️modes/✏️edit/🪟️windows/🪟️main/🦀️component.rs	24	mismatched types
E0599	✏️s/🔌️plugins/🗄️stdio/📦️packages/🦀️rust/././../../🗿️artifacts/📄txt/🦀️component.rs	32	no method named `expect` found for opaque type `impl Future<Output = Result<ArtifactKindId, std::string::String>>` in the current scope
E0107	✏️s/🔌️plugins/🗄️stdio/📦️packages/🦀️rust/././././././../../🗿️artifacts/📄txt/🏅️standards/🔖️utf-8/🪆️subsets/✳️any/🦀️component.rs	35	function takes 2 generic arguments but 1 generic argument was supplied
E0107	✏️s/🔌️plugins/🗄️stdio/📦️packages/🦀️rust/././././././../../🗿️artifacts/📄txt/🏅️standards/🔖️utf-8/🪆️subsets/✳️any/🦀️component.rs	36	function takes 2 generic arguments but 1 generic argument was supplied
E0277	✏️s/🔌️plugins/🗄️stdio/📦️packages/🦀️rust/././././././../../🗿️artifacts/📄txt/🏅️standards/🔖️utf-8/🪆️subsets/✳️any/🦀️component.rs	35	the trait bound `NoPluginApp: From<VcsArtifactApp<ViewerApp<_>>>` is not satisfied
E0277	✏️s/🔌️plugins/🗄️stdio/📦️packages/🦀️rust/././././././../../🗿️artifacts/📄txt/🏅️standards/🔖️utf-8/🪆️subsets/✳️any/🦀️component.rs	36	the trait bound `NoPluginApp: From<VcsArtifactApp<EditorApp<_>>>` is not satisfied
E0308	✏️s/🔌️plugins/🗄️stdio/📦️packages/🦀️rust/./././././././../../🗿️artifacts/📄txt/🏅️standards/🔖️utf-8/🪆️subsets/✳️any/🚪️io/🦀️component.rs	61	mismatched types
E0308	✏️s/🔌️plugins/🗄️stdio/📦️packages/🦀️rust/./././././././../../🗿️artifacts/📄txt/🏅️standards/🔖️utf-8/🪆️subsets/✳️any/🚪️io/🦀️component.rs	188	mismatched types
E0308	✏️s/🔌️plugins/🗄️stdio/📦️packages/🦀️rust/././././../../🗿️artifacts/📄txt/🏅️standards/🔖️utf-8/🪆️subsets/✳️any/📚️examples/🎬️demo/🦀️component.rs	14	mismatched types
E0599	✏️s/🔌️plugins/🗄️stdio/📦️packages/🦀️rust/././../../🗿️artifacts/🔣️json/🦀️component.rs	63	no method named `schema` found for opaque type `impl Future<Output = ArtifactDeclarationBuilder<NeedsSchema>>` in the current scope
E0308	✏️s/🔌️plugins/🗄️stdio/📦️packages/🦀️rust/./././././././././../../🗿️artifacts/🔣️json/🏅️standards/🔖️rfc8259/🪆️subsets/✳️any/🧬️schema/💡️inferences/🧾outline/🦀️component.rs	42	mismatched types
E0308	✏️s/🔌️plugins/🗄️stdio/📦️packages/🦀️rust/./././././././././../../🗿️artifacts/🔣️json/🏅️standards/🔖️rfc8259/🪆️subsets/✳️any/🧬️schema/💡️inferences/🧾outline/🦀️component.rs	52	mismatched types
E0308	✏️s/🔌️plugins/🗄️stdio/📦️packages/🦀️rust/././././././././../../🗿️artifacts/🔣️json/🏅️standards/🔖️rfc8259/🪆️subsets/✳️any/🧬️schema/🔺️diff/🦀️component.rs	210	mismatched types
E0308	✏️s/🔌️plugins/🗄️stdio/📦️packages/🦀️rust/././././././././../../🗿️artifacts/🔣️json/🏅️standards/🔖️rfc8259/🪆️subsets/✳️any/🧬️schema/🔺️diff/🦀️component.rs	217	mismatched types
E0308	✏️s/🔌️plugins/🗄️stdio/📦️packages/🦀️rust/././././././././../../🗿️artifacts/🔣️json/🏅️standards/🔖️rfc8259/🪆️subsets/✳️any/🧬️schema/🔺️diff/🦀️component.rs	327	mismatched types
E0308	✏️s/🔌️plugins/🗄️stdio/📦️packages/🦀️rust/././././././././../../🗿️artifacts/🔣️json/🏅️standards/🔖️rfc8259/🪆️subsets/✳️any/🧬️schema/🔺️diff/🦀️component.rs	355	mismatched types
E0308	✏️s/🔌️plugins/🗄️stdio/📦️packages/🦀️rust/././././././././../../🗿️artifacts/🔣️json/🏅️standards/🔖️rfc8259/🪆️subsets/✳️any/🧬️schema/🔺️diff/🦀️component.rs	492	mismatched types
E0308	✏️s/🔌️plugins/🗄️stdio/📦️packages/🦀️rust/././././././././../../🗿️artifacts/🔣️json/🏅️standards/🔖️rfc8259/🪆️subsets/✳️any/🧬️schema/🔺️diff/🦀️component.rs	583	`match` arms have incompatible types
E0277	✏️s/🔌️plugins/🗄️stdio/📦️packages/🦀️rust/././././././././../../🗿️artifacts/🔣️json/🏅️standards/🔖️rfc8259/🪆️subsets/✳️any/🧬️schema/🔺️diff/🦀️component.rs	853	the `?` operator can only be applied to values that implement `Try`
E0277	✏️s/🔌️plugins/🗄️stdio/📦️packages/🦀️rust/././././././././../../🗿️artifacts/🔣️json/🏅️standards/🔖️rfc8259/🪆️subsets/✳️any/🧬️schema/🔺️diff/🦀️component.rs	862	the `?` operator can only be applied to values that implement `Try`
E0277	✏️s/🔌️plugins/🗄️stdio/📦️packages/🦀️rust/././././././././../../🗿️artifacts/🔣️json/🏅️standards/🔖️rfc8259/🪆️subsets/✳️any/🧬️schema/🔺️diff/🦀️component.rs	1009	the `?` operator can only be applied to values that implement `Try`
E0277	✏️s/🔌️plugins/🗄️stdio/📦️packages/🦀️rust/././././././././../../🗿️artifacts/🔣️json/🏅️standards/🔖️rfc8259/🪆️subsets/✳️any/🧬️schema/🔺️diff/🦀️component.rs	1010	the `?` operator can only be applied to values that implement `Try`
E0277	✏️s/🔌️plugins/🗄️stdio/📦️packages/🦀️rust/././././././././../../🗿️artifacts/🔣️json/🏅️standards/🔖️rfc8259/🪆️subsets/✳️any/🧬️schema/🔺️diff/🦀️component.rs	1043	the `?` operator can only be applied to values that implement `Try`
E0277	✏️s/🔌️plugins/🗄️stdio/📦️packages/🦀️rust/././././././././../../🗿️artifacts/🔣️json/🏅️standards/🔖️rfc8259/🪆️subsets/✳️any/🧬️schema/🔺️diff/🦀️component.rs	1085	the `?` operator can only be applied to values that implement `Try`
E0277	✏️s/🔌️plugins/🗄️stdio/📦️packages/🦀️rust/././././././././../../🗿️artifacts/🔣️json/🏅️standards/🔖️rfc8259/🪆️subsets/✳️any/🧬️schema/🔺️diff/🦀️component.rs	1151	`usize` is not a future
E0277	✏️s/🔌️plugins/🗄️stdio/📦️packages/🦀️rust/././././././././../../🗿️artifacts/🔣️json/🏅️standards/🔖️rfc8259/🪆️subsets/✳️any/🧬️schema/🔺️diff/🦀️component.rs	1151	`usize` is not a future
E0308	✏️s/🔌️plugins/🗄️stdio/📦️packages/🦀️rust/././././././././../../🗿️artifacts/🔣️json/🏅️standards/🔖️rfc8259/🪆️subsets/✳️any/🧬️schema/🧬️mutations/🦀️component.rs	116	mismatched types
E0308	✏️s/🔌️plugins/🗄️stdio/📦️packages/🦀️rust/././././././././../../🗿️artifacts/🔣️json/🏅️standards/🔖️rfc8259/🪆️subsets/✳️any/🧬️schema/🧬️mutations/🦀️component.rs	117	mismatched types
E0277	✏️s/🔌️plugins/🗄️stdio/📦️packages/🦀️rust/././././././././../../🗿️artifacts/🔣️json/🏅️standards/🔖️rfc8259/🪆️subsets/✳️any/🧬️schema/🧬️mutations/🦀️component.rs	429	`usize` is not a future
E0277	✏️s/🔌️plugins/🗄️stdio/📦️packages/🦀️rust/././././././././../../🗿️artifacts/🔣️json/🏅️standards/🔖️rfc8259/🪆️subsets/✳️any/🧬️schema/🧬️mutations/🦀️component.rs	433	`usize` is not a future
E0277	✏️s/🔌️plugins/🗄️stdio/📦️packages/🦀️rust/././././././././../../🗿️artifacts/🔣️json/🏅️standards/🔖️rfc8259/🪆️subsets/✳️any/🧬️schema/🧬️mutations/🦀️component.rs	434	`usize` is not a future
E0277	✏️s/🔌️plugins/🗄️stdio/📦️packages/🦀️rust/././././././././../../🗿️artifacts/🔣️json/🏅️standards/🔖️rfc8259/🪆️subsets/✳️any/🧬️schema/🧬️mutations/🦀️component.rs	435	`usize` is not a future
E0277	✏️s/🔌️plugins/🗄️stdio/📦️packages/🦀️rust/././././././././../../🗿️artifacts/🔣️json/🏅️standards/🔖️rfc8259/🪆️subsets/✳️any/🧬️schema/🧬️mutations/🦀️component.rs	439	`usize` is not a future
E0277	✏️s/🔌️plugins/🗄️stdio/📦️packages/🦀️rust/././././././././../../🗿️artifacts/🔣️json/🏅️standards/🔖️rfc8259/🪆️subsets/✳️any/🧬️schema/🧬️mutations/🦀️component.rs	440	`usize` is not a future
E0277	✏️s/🔌️plugins/🗄️stdio/📦️packages/🦀️rust/././././././././../../🗿️artifacts/🔣️json/🏅️standards/🔖️rfc8259/🪆️subsets/✳️any/🧬️schema/🧬️mutations/🦀️component.rs	444	`usize` is not a future
E0277	✏️s/🔌️plugins/🗄️stdio/📦️packages/🦀️rust/././././././././../../🗿️artifacts/🔣️json/🏅️standards/🔖️rfc8259/🪆️subsets/✳️any/🧬️schema/🧬️mutations/🦀️component.rs	445	`usize` is not a future
E0277	✏️s/🔌️plugins/🗄️stdio/📦️packages/🦀️rust/././././././././../../🗿️artifacts/🔣️json/🏅️standards/🔖️rfc8259/🪆️subsets/✳️any/🧬️schema/🧬️mutations/🦀️component.rs	446	`usize` is not a future
E0277	✏️s/🔌️plugins/🗄️stdio/📦️packages/🦀️rust/././././././././../../🗿️artifacts/🔣️json/🏅️standards/🔖️rfc8259/🪆️subsets/✳️any/🧬️schema/🧬️mutations/🦀️component.rs	450	`usize` is not a future
E0277	✏️s/🔌️plugins/🗄️stdio/📦️packages/🦀️rust/././././././././../../🗿️artifacts/🔣️json/🏅️standards/🔖️rfc8259/🪆️subsets/✳️any/🧬️schema/🧬️mutations/🦀️component.rs	451	`usize` is not a future
E0277	✏️s/🔌️plugins/🗄️stdio/📦️packages/🦀️rust/././././././././../../🗿️artifacts/🔣️json/🏅️standards/🔖️rfc8259/🪆️subsets/✳️any/🧬️schema/🧬️mutations/🦀️component.rs	455	`usize` is not a future
E0277	✏️s/🔌️plugins/🗄️stdio/📦️packages/🦀️rust/././././././././../../🗿️artifacts/🔣️json/🏅️standards/🔖️rfc8259/🪆️subsets/✳️any/🧬️schema/🧬️mutations/🦀️component.rs	456	`usize` is not a future
E0277	✏️s/🔌️plugins/🗄️stdio/📦️packages/🦀️rust/././././././././../../🗿️artifacts/🔣️json/🏅️standards/🔖️rfc8259/🪆️subsets/✳️any/🧬️schema/🧬️mutations/🦀️component.rs	429	`usize` is not a future
E0308	✏️s/🔌️plugins/🗄️stdio/📦️packages/🦀️rust/././././../../🗿️artifacts/🔣️json/🏅️standards/🔖️rfc8259/🪆️subsets/✳️any/📚️examples/🎬️demo/🦀️component.rs	14	mismatched types
E0599	✏️s/🔌️plugins/🗄️stdio/📦️packages/🦀️rust/././../../🗿️artifacts/📰xml/🦀️component.rs	69	no method named `schema` found for opaque type `impl Future<Output = ArtifactDeclarationBuilder<NeedsSchema>>` in the current scope
E0308	✏️s/🔌️plugins/🗄️stdio/📦️packages/🦀️rust/././././././././../../🗿️artifacts/📰xml/🏅️standards/🔖️1.0/🪆️subsets/✳️any/📚️examples/🎬️demo/🦀️component.rs	14	mismatched types
E0308	✏️s/🔌️plugins/🗄️stdio/📦️packages/🦀️rust/./././././././././../../🗿️artifacts/📰xml/🏅️standards/🔖️1.0/🪆️subsets/✳️any/🧬️schema/💡️inferences/🧾outline/🦀️component.rs	31	mismatched types
E0308	✏️s/🔌️plugins/🗄️stdio/📦️packages/🦀️rust/././././././././../../🗿️artifacts/📰xml/🏅️standards/🔖️1.0/🪆️subsets/✳️any/🧬️schema/🔺️diff/🦀️component.rs	318	mismatched types
E0308	✏️s/🔌️plugins/🗄️stdio/📦️packages/🦀️rust/././././././././../../🗿️artifacts/📰xml/🏅️standards/🔖️1.0/🪆️subsets/✳️any/🧬️schema/🔺️diff/🦀️component.rs	352	mismatched types
E0308	✏️s/🔌️plugins/🗄️stdio/📦️packages/🦀️rust/././././././././../../🗿️artifacts/📰xml/🏅️standards/🔖️1.0/🪆️subsets/✳️any/🧬️schema/🔺️diff/🦀️component.rs	484	mismatched types
E0308	✏️s/🔌️plugins/🗄️stdio/📦️packages/🦀️rust/././././././././../../🗿️artifacts/📰xml/🏅️standards/🔖️1.0/🪆️subsets/✳️any/🧬️schema/🔺️diff/🦀️component.rs	525	mismatched types
E0308	✏️s/🔌️plugins/🗄️stdio/📦️packages/🦀️rust/././././././././../../🗿️artifacts/📰xml/🏅️standards/🔖️1.0/🪆️subsets/✳️any/🧬️schema/🔺️diff/🦀️component.rs	595	mismatched types
E0308	✏️s/🔌️plugins/🗄️stdio/📦️packages/🦀️rust/././././././././../../🗿️artifacts/📰xml/🏅️standards/🔖️1.0/🪆️subsets/✳️any/🧬️schema/🔺️diff/🦀️component.rs	613	mismatched types
E0308	✏️s/🔌️plugins/🗄️stdio/📦️packages/🦀️rust/././././././././../../🗿️artifacts/📰xml/🏅️standards/🔖️1.0/🪆️subsets/✳️any/🧬️schema/🔺️diff/🦀️component.rs	705	mismatched types
E0277	✏️s/🔌️plugins/🗄️stdio/📦️packages/🦀️rust/././././././././../../🗿️artifacts/📰xml/🏅️standards/🔖️1.0/🪆️subsets/✳️any/🧬️schema/🔺️diff/🦀️component.rs	1113	the `?` operator can only be applied to values that implement `Try`
E0277	✏️s/🔌️plugins/🗄️stdio/📦️packages/🦀️rust/././././././././../../🗿️artifacts/📰xml/🏅️standards/🔖️1.0/🪆️subsets/✳️any/🧬️schema/🔺️diff/🦀️component.rs	1290	the `?` operator can only be applied to values that implement `Try`
E0277	✏️s/🔌️plugins/🗄️stdio/📦️packages/🦀️rust/././././././././../../🗿️artifacts/📰xml/🏅️standards/🔖️1.0/🪆️subsets/✳️any/🧬️schema/🔺️diff/🦀️component.rs	1376	the `?` operator can only be applied to values that implement `Try`
E0277	✏️s/🔌️plugins/🗄️stdio/📦️packages/🦀️rust/././././././././../../🗿️artifacts/📰xml/🏅️standards/🔖️1.0/🪆️subsets/✳️any/🧬️schema/🔺️diff/🦀️component.rs	1485	`usize` is not a future
E0277	✏️s/🔌️plugins/🗄️stdio/📦️packages/🦀️rust/././././././././../../🗿️artifacts/📰xml/🏅️standards/🔖️1.0/🪆️subsets/✳️any/🧬️schema/🔺️diff/🦀️component.rs	1486	`usize` is not a future
E0277	✏️s/🔌️plugins/🗄️stdio/📦️packages/🦀️rust/././././././././../../🗿️artifacts/📰xml/🏅️standards/🔖️1.0/🪆️subsets/✳️any/🧬️schema/🔺️diff/🦀️component.rs	1491	`usize` is not a future
E0277	✏️s/🔌️plugins/🗄️stdio/📦️packages/🦀️rust/././././././././../../🗿️artifacts/📰xml/🏅️standards/🔖️1.0/🪆️subsets/✳️any/🧬️schema/🔺️diff/🦀️component.rs	1492	`usize` is not a future
E0277	✏️s/🔌️plugins/🗄️stdio/📦️packages/🦀️rust/././././././././../../🗿️artifacts/📰xml/🏅️standards/🔖️1.0/🪆️subsets/✳️any/🧬️schema/🔺️diff/🦀️component.rs	1496	`usize` is not a future
E0277	✏️s/🔌️plugins/🗄️stdio/📦️packages/🦀️rust/././././././././../../🗿️artifacts/📰xml/🏅️standards/🔖️1.0/🪆️subsets/✳️any/🧬️schema/🔺️diff/🦀️component.rs	1497	`usize` is not a future
E0277	✏️s/🔌️plugins/🗄️stdio/📦️packages/🦀️rust/././././././././../../🗿️artifacts/📰xml/🏅️standards/🔖️1.0/🪆️subsets/✳️any/🧬️schema/🔺️diff/🦀️component.rs	1485	`usize` is not a future
E0277	✏️s/🔌️plugins/🗄️stdio/📦️packages/🦀️rust/././././././././../../🗿️artifacts/📰xml/🏅️standards/🔖️1.0/🪆️subsets/✳️any/🧬️schema/🧬️mutations/🦀️component.rs	396	`usize` is not a future
E0277	✏️s/🔌️plugins/🗄️stdio/📦️packages/🦀️rust/././././././././../../🗿️artifacts/📰xml/🏅️standards/🔖️1.0/🪆️subsets/✳️any/🧬️schema/🧬️mutations/🦀️component.rs	400	`usize` is not a future
E0277	✏️s/🔌️plugins/🗄️stdio/📦️packages/🦀️rust/././././././././../../🗿️artifacts/📰xml/🏅️standards/🔖️1.0/🪆️subsets/✳️any/🧬️schema/🧬️mutations/🦀️component.rs	401	`usize` is not a future
E0277	✏️s/🔌️plugins/🗄️stdio/📦️packages/🦀️rust/././././././././../../🗿️artifacts/📰xml/🏅️standards/🔖️1.0/🪆️subsets/✳️any/🧬️schema/🧬️mutations/🦀️component.rs	405	`usize` is not a future
E0277	✏️s/🔌️plugins/🗄️stdio/📦️packages/🦀️rust/././././././././../../🗿️artifacts/📰xml/🏅️standards/🔖️1.0/🪆️subsets/✳️any/🧬️schema/🧬️mutations/🦀️component.rs	406	`usize` is not a future
E0277	✏️s/🔌️plugins/🗄️stdio/📦️packages/🦀️rust/././././././././../../🗿️artifacts/📰xml/🏅️standards/🔖️1.0/🪆️subsets/✳️any/🧬️schema/🧬️mutations/🦀️component.rs	410	`usize` is not a future
E0277	✏️s/🔌️plugins/🗄️stdio/📦️packages/🦀️rust/././././././././../../🗿️artifacts/📰xml/🏅️standards/🔖️1.0/🪆️subsets/✳️any/🧬️schema/🧬️mutations/🦀️component.rs	411	`usize` is not a future
E0277	✏️s/🔌️plugins/🗄️stdio/📦️packages/🦀️rust/././././././././../../🗿️artifacts/📰xml/🏅️standards/🔖️1.0/🪆️subsets/✳️any/🧬️schema/🧬️mutations/🦀️component.rs	412	`usize` is not a future
E0277	✏️s/🔌️plugins/🗄️stdio/📦️packages/🦀️rust/././././././././../../🗿️artifacts/📰xml/🏅️standards/🔖️1.0/🪆️subsets/✳️any/🧬️schema/🧬️mutations/🦀️component.rs	416	`usize` is not a future
E0277	✏️s/🔌️plugins/🗄️stdio/📦️packages/🦀️rust/././././././././../../🗿️artifacts/📰xml/🏅️standards/🔖️1.0/🪆️subsets/✳️any/🧬️schema/🧬️mutations/🦀️component.rs	417	`usize` is not a future
E0277	✏️s/🔌️plugins/🗄️stdio/📦️packages/🦀️rust/././././././././../../🗿️artifacts/📰xml/🏅️standards/🔖️1.0/🪆️subsets/✳️any/🧬️schema/🧬️mutations/🦀️component.rs	421	`usize` is not a future
E0277	✏️s/🔌️plugins/🗄️stdio/📦️packages/🦀️rust/././././././././../../🗿️artifacts/📰xml/🏅️standards/🔖️1.0/🪆️subsets/✳️any/🧬️schema/🧬️mutations/🦀️component.rs	422	`usize` is not a future
E0277	✏️s/🔌️plugins/🗄️stdio/📦️packages/🦀️rust/././././././././../../🗿️artifacts/📰xml/🏅️standards/🔖️1.0/🪆️subsets/✳️any/🧬️schema/🧬️mutations/🦀️component.rs	423	`usize` is not a future
E0277	✏️s/🔌️plugins/🗄️stdio/📦️packages/🦀️rust/././././././././../../🗿️artifacts/📰xml/🏅️standards/🔖️1.0/🪆️subsets/✳️any/🧬️schema/🧬️mutations/🦀️component.rs	424	`usize` is not a future
E0277	✏️s/🔌️plugins/🗄️stdio/📦️packages/🦀️rust/././././././././../../🗿️artifacts/📰xml/🏅️standards/🔖️1.0/🪆️subsets/✳️any/🧬️schema/🧬️mutations/🦀️component.rs	428	`usize` is not a future
E0277	✏️s/🔌️plugins/🗄️stdio/📦️packages/🦀️rust/././././././././../../🗿️artifacts/📰xml/🏅️standards/🔖️1.0/🪆️subsets/✳️any/🧬️schema/🧬️mutations/🦀️component.rs	429	`usize` is not a future
E0277	✏️s/🔌️plugins/🗄️stdio/📦️packages/🦀️rust/././././././././../../🗿️artifacts/📰xml/🏅️standards/🔖️1.0/🪆️subsets/✳️any/🧬️schema/🧬️mutations/🦀️component.rs	396	`usize` is not a future
E0308	✏️s/🔌️plugins/🗄️stdio/📦️packages/🦀️rust/././././././././../../🗿️artifacts/📰xml/🏅️standards/🔖️1.0/🪆️subsets/✳️valid/📚️examples/🚫️no-doctype/🦀️component.rs	16	mismatched types
E0308	✏️s/🔌️plugins/🗄️stdio/📦️packages/🦀️rust/././././././././../../🗿️artifacts/📰xml/🏅️standards/🔖️1.0/🪆️subsets/✳️any/📚️examples/🎬️demo/🦀️component.rs	14	mismatched types
E0599	✏️s/🔌️plugins/🗄️stdio/📦️packages/🦀️rust/././../../🗿️artifacts/📊️csv/🦀️component.rs	60	no method named `schema` found for opaque type `impl Future<Output = ArtifactDeclarationBuilder<NeedsSchema>>` in the current scope
E0308	✏️s/🔌️plugins/🗄️stdio/📦️packages/🦀️rust/././././././././../../🗿️artifacts/📊️csv/🏅️standards/🔖️rfc4180/🪆️subsets/✳️any/📚️examples/🎬️demo/🦀️component.rs	16	mismatched types
E0308	✏️s/🔌️plugins/🗄️stdio/📦️packages/🦀️rust/././././././././../../🗿️artifacts/📊️csv/🏅️standards/🔖️rfc4180/🪆️subsets/✳️any/🧬️schema/📸️snapshot/🦀️component.rs	53	`match` arms have incompatible types
E0308	✏️s/🔌️plugins/🗄️stdio/📦️packages/🦀️rust/././././././././../../🗿️artifacts/📊️csv/🏅️standards/🔖️rfc4180/🪆️subsets/✳️any/🧬️schema/📸️snapshot/🦀️component.rs	53	`match` arms have incompatible types
E0277	/Users/ueli/.cargo/registry/src/index.crates.io-1949cf8c6b5b557f/serde_json-1.0.149/src/macros.rs	279	the trait bound `impl Future<Output = MeshData>: serde::Serialize` is not satisfied
E0308	✏️s/🔌️plugins/🗄️stdio/📦️packages/🦀️rust/././././././../../🗿️artifacts/📐️step/🏅️standards/🔖️ap214/🪆️subsets/✳️cc3/✏️editor/🎭️modes/✏️edit/🪟️windows/🪟️main/🦀️component.rs	69	mismatched types
E0599	✏️s/🔌️plugins/🗄️stdio/📦️packages/🦀️rust/././../../🗿️artifacts/📐️step/🏅️standards/🔖️ap214/🪆️subsets/✳️cc4/✏️editor/🦀️component.rs	87	no method named `document` found for opaque type `impl Future<Output = EditorBuilder>` in the current scope
E0308	✏️s/🔌️plugins/🗄️stdio/📦️packages/🦀️rust/././././././../../🗿️artifacts/📐️step/🏅️standards/🔖️ap214/🪆️subsets/✳️cc4/✏️editor/🎭️modes/✏️edit/🪟️windows/🪟️main/🦀️component.rs	24	mismatched types
E0277	/Users/ueli/.cargo/registry/src/index.crates.io-1949cf8c6b5b557f/serde_json-1.0.149/src/macros.rs	279	the trait bound `impl Future<Output = MeshData>: serde::Serialize` is not satisfied
E0308	✏️s/🔌️plugins/🗄️stdio/📦️packages/🦀️rust/././././././../../🗿️artifacts/🧿️semio/🏅️standards/🔖️v1/🪆️subsets/✳️flow/✏️editor/🎭️modes/✏️edit/🪟️windows/🪟️main/🦀️component.rs	69	mismatched types
E0308	✏️s/🔌️plugins/🗄️stdio/📦️packages/🦀️rust/././././././././../../🗿️artifacts/📊️csv/🏅️standards/🔖️rfc4180/🪆️subsets/✳️any/📚️examples/🎬️demo/🦀️component.rs	16	mismatched types
E0599	✏️s/🔌️plugins/🗄️stdio/📦️packages/🦀️rust/././../../🗿️artifacts/🧿️semio/🏅️standards/🔖️v1/🪆️subsets/✳️graph/✏️editor/🦀️component.rs	87	no method named `document` found for opaque type `impl Future<Output = EditorBuilder>` in the current scope
E0308	✏️s/🔌️plugins/🗄️stdio/📦️packages/🦀️rust/././././././../../🗿️artifacts/🧿️semio/🏅️standards/🔖️v1/🪆️subsets/✳️graph/✏️editor/🎭️modes/✏️edit/🪟️windows/🪟️main/🦀️component.rs	24	mismatched types
E0599	✏️s/🔌️plugins/🗄️stdio/📦️packages/🦀️rust/././../../🗿️artifacts/📝️md/🦀️component.rs	74	no method named `schema` found for opaque type `impl Future<Output = ArtifactDeclarationBuilder<NeedsSchema>>` in the current scope
E0277	/Users/ueli/.cargo/registry/src/index.crates.io-1949cf8c6b5b557f/serde_json-1.0.149/src/macros.rs	279	the trait bound `impl Future<Output = MeshData>: serde::Serialize` is not satisfied
E0308	✏️s/🔌️plugins/🗄️stdio/📦️packages/🦀️rust/././././././../../🗿️artifacts/🧊️gltf/🏅️standards/🔖️2.0/🪆️subsets/✳️any/👁️viewer/🎭️modes/👁️view/🪟️windows/🪟️main/🦀️component.rs	73	mismatched types
E0599	✏️s/🔌️plugins/🗄️stdio/📦️packages/🦀️rust/././../../🗿️artifacts/🧊️obj/🏅️standards/🔖️3.0/🪆️subsets/✳️any/👁️viewer/🦀️component.rs	83	no method named `document` found for opaque type `impl Future<Output = ViewerBuilder>` in the current scope
E0308	✏️s/🔌️plugins/🗄️stdio/📦️packages/🦀️rust/././././././../../🗿️artifacts/🧊️obj/🏅️standards/🔖️3.0/🪆️subsets/✳️any/👁️viewer/🎭️modes/👁️view/🪟️windows/🪟️main/🦀️component.rs	25	mismatched types
E0277	/Users/ueli/.cargo/registry/src/index.crates.io-1949cf8c6b5b557f/serde_json-1.0.149/src/macros.rs	279	the trait bound `impl Future<Output = MeshData>: serde::Serialize` is not satisfied
E0308	✏️s/🔌️plugins/🗄️stdio/📦️packages/🦀️rust/././././././../../🗿️artifacts/🧿️semio/🏅️standards/🔖️v1/🪆️subsets/✳️cad/👁️viewer/🎭️modes/👁️view/🪟️windows/🪟️main/🦀️component.rs	73	mismatched types
E0277	/Users/ueli/.cargo/registry/src/index.crates.io-1949cf8c6b5b557f/serde_json-1.0.149/src/macros.rs	279	the trait bound `impl Future<Output = MeshData>: serde::Serialize` is not satisfied
E0308	✏️s/🔌️plugins/🗄️stdio/📦️packages/🦀️rust/././././././../../🗿️artifacts/📐️step/🏅️standards/🔖️ap214/🪆️subsets/✳️any/👁️viewer/🎭️modes/👁️view/🪟️windows/🪟️main/🦀️component.rs	73	mismatched types
E0277	/Users/ueli/.cargo/registry/src/index.crates.io-1949cf8c6b5b557f/serde_json-1.0.149/src/macros.rs	279	the trait bound `impl Future<Output = MeshData>: serde::Serialize` is not satisfied
E0308	✏️s/🔌️plugins/🗄️stdio/📦️packages/🦀️rust/././././././../../🗿️artifacts/🧿️semio/🏅️standards/🔖️v1/🪆️subsets/✳️animation/👁️viewer/🎭️modes/👁️view/🪟️windows/🪟️main/🦀️component.rs	73	mismatched types
E0277	/Users/ueli/.cargo/registry/src/index.crates.io-1949cf8c6b5b557f/serde_json-1.0.149/src/macros.rs	279	the trait bound `impl Future<Output = MeshData>: serde::Serialize` is not satisfied
E0599	✏️s/🔌️plugins/🗄️stdio/📦️packages/🦀️rust/././../../🗿️artifacts/🧿️semio/🏅️standards/🔖️v1/🪆️subsets/✳️document/👁️viewer/🦀️component.rs	83	no method named `document` found for opaque type `impl Future<Output = ViewerBuilder>` in the current scope
E0308	✏️s/🔌️plugins/🗄️stdio/📦️packages/🦀️rust/././././././../../🗿️artifacts/☁️las/🏅️standards/🔖️1.0/🪆️subsets/✳️any/✏️editor/🎭️modes/✏️edit/🪟️windows/🪟️main/🦀️component.rs	69	mismatched types
E0308	✏️s/🔌️plugins/🗄️stdio/📦️packages/🦀️rust/././././././../../🗿️artifacts/🧿️semio/🏅️standards/🔖️v1/🪆️subsets/✳️document/👁️viewer/🎭️modes/👁️view/🪟️windows/🪟️main/🦀️component.rs	25	mismatched types
E0599	✏️s/🔌️plugins/🗄️stdio/📦️packages/🦀️rust/././../../🗿️artifacts/📐️step/🏅️standards/🔖️ap214/🪆️subsets/✳️cc1/👁️viewer/🦀️component.rs	83	no method named `document` found for opaque type `impl Future<Output = ViewerBuilder>` in the current scope
E0308	✏️s/🔌️plugins/🗄️stdio/📦️packages/🦀️rust/././././././../../🗿️artifacts/📐️step/🏅️standards/🔖️ap214/🪆️subsets/✳️cc1/👁️viewer/🎭️modes/👁️view/🪟️windows/🪟️main/🦀️component.rs	25	mismatched types
E0599	✏️s/🔌️plugins/🗄️stdio/📦️packages/🦀️rust/././../../🗿️artifacts/🧿️semio/🏅️standards/🔖️v1/🪆️subsets/✳️any/👁️viewer/🦀️component.rs	83	no method named `document` found for opaque type `impl Future<Output = ViewerBuilder>` in the current scope
E0308	✏️s/🔌️plugins/🗄️stdio/📦️packages/🦀️rust/././././././../../🗿️artifacts/🧿️semio/🏅️standards/🔖️v1/🪆️subsets/✳️any/👁️viewer/🎭️modes/👁️view/🪟️windows/🪟️main/🦀️component.rs	25	mismatched types
E0599	✏️s/🔌️plugins/🗄️stdio/📦️packages/🦀️rust/././../../🗿️artifacts/💬️bcf/🏅️standards/🔖️2.1/🪆️subsets/✳️any/✏️editor/🦀️component.rs	87	no method named `document` found for opaque type `impl Future<Output = EditorBuilder>` in the current scope
E0308	✏️s/🔌️plugins/🗄️stdio/📦️packages/🦀️rust/././././././../../🗿️artifacts/💬️bcf/🏅️standards/🔖️2.1/🪆️subsets/✳️any/✏️editor/🎭️modes/✏️edit/🪟️windows/🪟️main/🦀️component.rs	17	mismatched types
E0277	/Users/ueli/.cargo/registry/src/index.crates.io-1949cf8c6b5b557f/serde_json-1.0.149/src/macros.rs	279	the trait bound `impl Future<Output = MeshData>: serde::Serialize` is not satisfied
E0308	✏️s/🔌️plugins/🗄️stdio/📦️packages/🦀️rust/././././././../../🗿️artifacts/💬️bcf/🏅️standards/🔖️2.1/🪆️subsets/✳️any/✏️editor/🎭️modes/✏️edit/🪟️windows/🪟️main/🦀️component.rs	32	mismatched types
E0308	✏️s/🔌️plugins/🗄️stdio/📦️packages/🦀️rust/././././././../../🗿️artifacts/📐️step/🏅️standards/🔖️ap214/🪆️subsets/✳️cc4/✏️editor/🎭️modes/✏️edit/🪟️windows/🪟️main/🦀️component.rs	69	mismatched types
E0599	✏️s/🔌️plugins/🗄️stdio/📦️packages/🦀️rust/././../../🗿️artifacts/📐️step/🏅️standards/🔖️ap214/🪆️subsets/✳️cc5/✏️editor/🦀️component.rs	87	no method named `document` found for opaque type `impl Future<Output = EditorBuilder>` in the current scope
E0308	✏️s/🔌️plugins/🗄️stdio/📦️packages/🦀️rust/././././././../../🗿️artifacts/📐️step/🏅️standards/🔖️ap214/🪆️subsets/✳️cc5/✏️editor/🎭️modes/✏️edit/🪟️windows/🪟️main/🦀️component.rs	24	mismatched types
E0599	✏️s/🔌️plugins/🗄️stdio/📦️packages/🦀️rust/././../../🗿️artifacts/📊️csv/🏅️standards/🔖️rfc4180/🪆️subsets/✳️any/✏️editor/🦀️component.rs	134	no method named `document` found for opaque type `impl Future<Output = EditorBuilder>` in the current scope
E0308	✏️s/🔌️plugins/🗄️stdio/📦️packages/🦀️rust/././././././../../🗿️artifacts/📊️csv/🏅️standards/🔖️rfc4180/🪆️subsets/✳️any/✏️editor/🎭️modes/✏️edit/🪟️windows/🪟️main/🦀️component.rs	19	mismatched types
E0308	✏️s/🔌️plugins/🗄️stdio/📦️packages/🦀️rust/././././././../../🗿️artifacts/📊️csv/🏅️standards/🔖️rfc4180/🪆️subsets/✳️any/✏️editor/🎭️modes/✏️edit/🪟️windows/🪟️main/🦀️component.rs	37	mismatched types
E0277	✏️s/🔌️plugins/🗄️stdio/📦️packages/🦀️rust/././././././././../../🗿️artifacts/📝️md/🏅️standards/🔖️commonmark/🪆️subsets/✳️any/🧬️schema/🔺️diff/🦀️component.rs	272	the `?` operator can only be applied to values that implement `Try`
E0277	✏️s/🔌️plugins/🗄️stdio/📦️packages/🦀️rust/././././././././../../🗿️artifacts/📝️md/🏅️standards/🔖️commonmark/🪆️subsets/✳️any/🧬️schema/🔺️diff/🦀️component.rs	297	the `?` operator can only be applied to values that implement `Try`
E0599	✏️s/🔌️plugins/🗄️stdio/📦️packages/🦀️rust/././../../🗿️artifacts/📑️tsv/🏅️standards/🔖️iana/🪆️subsets/✳️any/✏️editor/🦀️component.rs	116	no method named `document` found for opaque type `impl Future<Output = EditorBuilder>` in the current scope
E0308	✏️s/🔌️plugins/🗄️stdio/📦️packages/🦀️rust/././././././././../../🗿️artifacts/📝️md/🏅️standards/🔖️commonmark/🪆️subsets/✳️any/🧬️schema/🔺️diff/🦀️component.rs	318	`match` arms have incompatible types
E0308	✏️s/🔌️plugins/🗄️stdio/📦️packages/🦀️rust/././././././../../🗿️artifacts/📑️tsv/🏅️standards/🔖️iana/🪆️subsets/✳️any/✏️editor/🎭️modes/✏️edit/🪟️windows/🪟️main/🦀️component.rs	19	mismatched types
E0308	✏️s/🔌️plugins/🗄️stdio/📦️packages/🦀️rust/././././././././../../🗿️artifacts/📝️md/🏅️standards/🔖️commonmark/🪆️subsets/✳️any/🧬️schema/🔺️diff/🦀️component.rs	332	mismatched types
E0308	✏️s/🔌️plugins/🗄️stdio/📦️packages/🦀️rust/././././././../../🗿️artifacts/📑️tsv/🏅️standards/🔖️iana/🪆️subsets/✳️any/✏️editor/🎭️modes/✏️edit/🪟️windows/🪟️main/🦀️component.rs	31	mismatched types
E0308	✏️s/🔌️plugins/🗄️stdio/📦️packages/🦀️rust/././././././././../../🗿️artifacts/📝️md/🏅️standards/🔖️commonmark/🪆️subsets/✳️any/🧬️schema/🔺️diff/🦀️component.rs	377	mismatched types
E0308	✏️s/🔌️plugins/🗄️stdio/📦️packages/🦀️rust/././././././././../../🗿️artifacts/📝️md/🏅️standards/🔖️commonmark/🪆️subsets/✳️any/🧬️schema/🔺️diff/🦀️component.rs	528	mismatched types
E0308	✏️s/🔌️plugins/🗄️stdio/📦️packages/🦀️rust/././././././././../../🗿️artifacts/📝️md/🏅️standards/🔖️commonmark/🪆️subsets/✳️any/🧬️schema/🔺️diff/🦀️component.rs	659	mismatched types
E0599	✏️s/🔌️plugins/🗄️stdio/📦️packages/🦀️rust/././../../🗿️artifacts/📄txt/🏅️standards/🔖️utf-8/🪆️subsets/✳️any/✏️editor/🦀️component.rs	134	no method named `document` found for opaque type `impl Future<Output = EditorBuilder>` in the current scope
E0308	✏️s/🔌️plugins/🗄️stdio/📦️packages/🦀️rust/././././././././../../🗿️artifacts/📝️md/🏅️standards/🔖️commonmark/🪆️subsets/✳️any/🧬️schema/🔺️diff/🦀️component.rs	720	mismatched types
E0308	✏️s/🔌️plugins/🗄️stdio/📦️packages/🦀️rust/././././././../../🗿️artifacts/📄txt/🏅️standards/🔖️utf-8/🪆️subsets/✳️any/✏️editor/🎭️modes/✏️edit/🪟️windows/🪟️main/🦀️component.rs	18	mismatched types
E0308	✏️s/🔌️plugins/🗄️stdio/📦️packages/🦀️rust/././././././../../🗿️artifacts/📄txt/🏅️standards/🔖️utf-8/🪆️subsets/✳️any/✏️editor/🎭️modes/✏️edit/🪟️windows/🪟️main/🦀️component.rs	32	mismatched types
E0599	✏️s/🔌️plugins/🗄️stdio/📦️packages/🦀️rust/././../../🗿️artifacts/🔣️json/🏅️standards/🔖️rfc8259/🪆️subsets/✳️any/✏️editor/🦀️component.rs	139	no method named `document` found for opaque type `impl Future<Output = EditorBuilder>` in the current scope
E0308	✏️s/🔌️plugins/🗄️stdio/📦️packages/🦀️rust/././././././../../🗿️artifacts/🔣️json/🏅️standards/🔖️rfc8259/🪆️subsets/✳️any/✏️editor/🎭️modes/✏️edit/🪟️windows/🪟️main/🦀️component.rs	21	mismatched types
E0308	✏️s/🔌️plugins/🗄️stdio/📦️packages/🦀️rust/././././././../../🗿️artifacts/🔣️json/🏅️standards/🔖️rfc8259/🪆️subsets/✳️any/✏️editor/🎭️modes/✏️edit/🪟️windows/🪟️main/🦀️component.rs	52	mismatched types
E0277	✏️s/🔌️plugins/🗄️stdio/📦️packages/🦀️rust/././././././././../../🗿️artifacts/📝️md/🏅️standards/🔖️commonmark/🪆️subsets/✳️any/🧬️schema/🔺️diff/🦀️component.rs	1304	`Result<u64, PackError>` is not a future
E0277	✏️s/🔌️plugins/🗄️stdio/📦️packages/🦀️rust/././././././././../../🗿️artifacts/📝️md/🏅️standards/🔖️commonmark/🪆️subsets/✳️any/🧬️schema/🔺️diff/🦀️component.rs	1304	`Result<u64, PackError>` is not a future
E0599	✏️s/🔌️plugins/🗄️stdio/📦️packages/🦀️rust/././../../🗿️artifacts/🔣️json/🏅️standards/🔖️rfc8259/🪆️subsets/✳️i-json/✏️editor/🦀️component.rs	139	no method named `document` found for opaque type `impl Future<Output = EditorBuilder>` in the current scope
E0308	✏️s/🔌️plugins/🗄️stdio/📦️packages/🦀️rust/././././././../../🗿️artifacts/🔣️json/🏅️standards/🔖️rfc8259/🪆️subsets/✳️i-json/✏️editor/🎭️modes/✏️edit/🪟️windows/🪟️main/🦀️component.rs	21	mismatched types
E0277	✏️s/🔌️plugins/🗄️stdio/📦️packages/🦀️rust/././././././././../../🗿️artifacts/📝️md/🏅️standards/🔖️commonmark/🪆️subsets/✳️any/🧬️schema/🔺️diff/🦀️component.rs	1524	`Result<u8, PackError>` is not a future
E0308	✏️s/🔌️plugins/🗄️stdio/📦️packages/🦀️rust/././././././../../🗿️artifacts/🔣️json/🏅️standards/🔖️rfc8259/🪆️subsets/✳️i-json/✏️editor/🎭️modes/✏️edit/🪟️windows/🪟️main/🦀️component.rs	52	mismatched types
E0277	✏️s/🔌️plugins/🗄️stdio/📦️packages/🦀️rust/././././././././../../🗿️artifacts/📝️md/🏅️standards/🔖️commonmark/🪆️subsets/✳️any/🧬️schema/🔺️diff/🦀️component.rs	1531	`Result<u64, PackError>` is not a future
E0277	✏️s/🔌️plugins/🗄️stdio/📦️packages/🦀️rust/././././././././../../🗿️artifacts/📝️md/🏅️standards/🔖️commonmark/🪆️subsets/✳️any/🧬️schema/🔺️diff/🦀️component.rs	1524	`Result<u8, PackError>` is not a future
E0277	✏️s/🔌️plugins/🗄️stdio/📦️packages/🦀️rust/././././././././../../🗿️artifacts/📝️md/🏅️standards/🔖️commonmark/🪆️subsets/✳️any/🧬️schema/🔺️diff/🦀️component.rs	1531	`Result<u64, PackError>` is not a future
E0277	✏️s/🔌️plugins/🗄️stdio/📦️packages/🦀️rust/././././././././../../🗿️artifacts/📝️md/🏅️standards/🔖️commonmark/🪆️subsets/✳️any/🧬️schema/🔺️diff/🦀️component.rs	1683	`usize` is not a future
E0277	✏️s/🔌️plugins/🗄️stdio/📦️packages/🦀️rust/././././././././../../🗿️artifacts/📝️md/🏅️standards/🔖️commonmark/🪆️subsets/✳️any/🧬️schema/🔺️diff/🦀️component.rs	1683	`usize` is not a future
E0599	✏️s/🔌️plugins/🗄️stdio/📦️packages/🦀️rust/././../../🗿️artifacts/📰xml/🏅️standards/🔖️1.0/🪆️subsets/✳️any/✏️editor/🦀️component.rs	139	no method named `document` found for opaque type `impl Future<Output = EditorBuilder>` in the current scope
E0308	✏️s/🔌️plugins/🗄️stdio/📦️packages/🦀️rust/././././././../../🗿️artifacts/📰xml/🏅️standards/🔖️1.0/🪆️subsets/✳️any/✏️editor/🎭️modes/✏️edit/🪟️windows/🪟️main/🦀️component.rs	21	mismatched types
E0308	✏️s/🔌️plugins/🗄️stdio/📦️packages/🦀️rust/././././././../../🗿️artifacts/📰xml/🏅️standards/🔖️1.0/🪆️subsets/✳️any/✏️editor/🎭️modes/✏️edit/🪟️windows/🪟️main/🦀️component.rs	34	mismatched types
E0599	✏️s/🔌️plugins/🗄️stdio/📦️packages/🦀️rust/././../../🗿️artifacts/📰xml/🏅️standards/🔖️1.0/🪆️subsets/✳️valid/✏️editor/🦀️component.rs	139	no method named `document` found for opaque type `impl Future<Output = EditorBuilder>` in the current scope
E0277	✏️s/🔌️plugins/🗄️stdio/📦️packages/🦀️rust/././././././././../../🗿️artifacts/📝️md/🏅️standards/🔖️commonmark/🪆️subsets/✳️any/🧬️schema/🧬️mutations/🦀️component.rs	327	`usize` is not a future
E0277	✏️s/🔌️plugins/🗄️stdio/📦️packages/🦀️rust/././././././././../../🗿️artifacts/📝️md/🏅️standards/🔖️commonmark/🪆️subsets/✳️any/🧬️schema/🧬️mutations/🦀️component.rs	331	`usize` is not a future
E0277	✏️s/🔌️plugins/🗄️stdio/📦️packages/🦀️rust/././././././././../../🗿️artifacts/📝️md/🏅️standards/🔖️commonmark/🪆️subsets/✳️any/🧬️schema/🧬️mutations/🦀️component.rs	332	`usize` is not a future
E0277	✏️s/🔌️plugins/🗄️stdio/📦️packages/🦀️rust/././././././././../../🗿️artifacts/📝️md/🏅️standards/🔖️commonmark/🪆️subsets/✳️any/🧬️schema/🧬️mutations/🦀️component.rs	333	`usize` is not a future
E0308	✏️s/🔌️plugins/🗄️stdio/📦️packages/🦀️rust/././././././../../🗿️artifacts/📰xml/🏅️standards/🔖️1.0/🪆️subsets/✳️valid/✏️editor/🎭️modes/✏️edit/🪟️windows/🪟️main/🦀️component.rs	21	mismatched types
E0277	✏️s/🔌️plugins/🗄️stdio/📦️packages/🦀️rust/././././././././../../🗿️artifacts/📝️md/🏅️standards/🔖️commonmark/🪆️subsets/✳️any/🧬️schema/🧬️mutations/🦀️component.rs	337	`usize` is not a future
E0277	✏️s/🔌️plugins/🗄️stdio/📦️packages/🦀️rust/././././././././../../🗿️artifacts/📝️md/🏅️standards/🔖️commonmark/🪆️subsets/✳️any/🧬️schema/🧬️mutations/🦀️component.rs	338	`usize` is not a future
E0308	✏️s/🔌️plugins/🗄️stdio/📦️packages/🦀️rust/././././././../../🗿️artifacts/📰xml/🏅️standards/🔖️1.0/🪆️subsets/✳️valid/✏️editor/🎭️modes/✏️edit/🪟️windows/🪟️main/🦀️component.rs	34	mismatched types
E0277	✏️s/🔌️plugins/🗄️stdio/📦️packages/🦀️rust/././././././././../../🗿️artifacts/📝️md/🏅️standards/🔖️commonmark/🪆️subsets/✳️any/🧬️schema/🧬️mutations/🦀️component.rs	342	`usize` is not a future
E0277	✏️s/🔌️plugins/🗄️stdio/📦️packages/🦀️rust/././././././././../../🗿️artifacts/📝️md/🏅️standards/🔖️commonmark/🪆️subsets/✳️any/🧬️schema/🧬️mutations/🦀️component.rs	343	`usize` is not a future
E0277	✏️s/🔌️plugins/🗄️stdio/📦️packages/🦀️rust/././././././././../../🗿️artifacts/📝️md/🏅️standards/🔖️commonmark/🪆️subsets/✳️any/🧬️schema/🧬️mutations/🦀️component.rs	344	`usize` is not a future
E0277	✏️s/🔌️plugins/🗄️stdio/📦️packages/🦀️rust/././././././././../../🗿️artifacts/📝️md/🏅️standards/🔖️commonmark/🪆️subsets/✳️any/🧬️schema/🧬️mutations/🦀️component.rs	348	`usize` is not a future
E0277	✏️s/🔌️plugins/🗄️stdio/📦️packages/🦀️rust/././././././././../../🗿️artifacts/📝️md/🏅️standards/🔖️commonmark/🪆️subsets/✳️any/🧬️schema/🧬️mutations/🦀️component.rs	349	`usize` is not a future
E0277	✏️s/🔌️plugins/🗄️stdio/📦️packages/🦀️rust/././././././././../../🗿️artifacts/📝️md/🏅️standards/🔖️commonmark/🪆️subsets/✳️any/🧬️schema/🧬️mutations/🦀️component.rs	350	`usize` is not a future
E0277	✏️s/🔌️plugins/🗄️stdio/📦️packages/🦀️rust/././././././././../../🗿️artifacts/📝️md/🏅️standards/🔖️commonmark/🪆️subsets/✳️any/🧬️schema/🧬️mutations/🦀️component.rs	327	`usize` is not a future
E0277	/Users/ueli/.cargo/registry/src/index.crates.io-1949cf8c6b5b557f/serde_json-1.0.149/src/macros.rs	279	the trait bound `impl Future<Output = MeshData>: serde::Serialize` is not satisfied
E0308	✏️s/🔌️plugins/🗄️stdio/📦️packages/🦀️rust/././././././../../🗿️artifacts/🧿️semio/🏅️standards/🔖️v1/🪆️subsets/✳️graph/✏️editor/🎭️modes/✏️edit/🪟️windows/🪟️main/🦀️component.rs	69	mismatched types
E0308	✏️s/🔌️plugins/🗄️stdio/📦️packages/🦀️rust/./././././././././../../🗿️artifacts/📝️md/🏅️standards/🔖️commonmark/🪆️subsets/✳️any/🚪️io/📥️import/🧩️deserializers/🦀️component.rs	466	mismatched types
E0308	✏️s/🔌️plugins/🗄️stdio/📦️packages/🦀️rust/./././././././././../../🗿️artifacts/📝️md/🏅️standards/🔖️commonmark/🪆️subsets/✳️any/🚪️io/📥️import/🧩️deserializers/🦀️component.rs	540	mismatched types
E0308	✏️s/🔌️plugins/🗄️stdio/📦️packages/🦀️rust/./././././././././../../🗿️artifacts/📝️md/🏅️standards/🔖️commonmark/🪆️subsets/✳️any/🚪️io/📥️import/🧩️deserializers/🦀️component.rs	574	mismatched types
E0308	✏️s/🔌️plugins/🗄️stdio/📦️packages/🦀️rust/./././././././././../../🗿️artifacts/📝️md/🏅️standards/🔖️commonmark/🪆️subsets/✳️any/🚪️io/📥️import/🧩️deserializers/🦀️component.rs	584	mismatched types
E0599	✏️s/🔌️plugins/🗄️stdio/📦️packages/🦀️rust/././../../🗿️artifacts/🧿️semio/🏅️standards/🔖️v1/🪆️subsets/✳️image/✏️editor/🦀️component.rs	87	no method named `document` found for opaque type `impl Future<Output = EditorBuilder>` in the current scope
E0308	✏️s/🔌️plugins/🗄️stdio/📦️packages/🦀️rust/././././../../🗿️artifacts/📝️md/🏅️standards/🔖️commonmark/🪆️subsets/✳️any/📚️examples/🎬️demo/🦀️component.rs	14	mismatched types
E0308	✏️s/🔌️plugins/🗄️stdio/📦️packages/🦀️rust/././././././../../🗿️artifacts/🧿️semio/🏅️standards/🔖️v1/🪆️subsets/✳️image/✏️editor/🎭️modes/✏️edit/🪟️windows/🪟️main/🦀️component.rs	24	mismatched types
E0599	✏️s/🔌️plugins/🗄️stdio/📦️packages/🦀️rust/././../../🗿️artifacts/🗜️deflate/🦀️component.rs	47	no method named `schema` found for opaque type `impl Future<Output = ArtifactDeclarationBuilder<NeedsSchema>>` in the current scope
E0599	✏️s/🔌️plugins/🗄️stdio/📦️packages/🦀️rust/././../../🗿️artifacts/🎨️svg/🏅️standards/🔖️1.1/🪆️subsets/✳️tiny/✏️editor/🦀️component.rs	84	no method named `document` found for opaque type `impl Future<Output = EditorBuilder>` in the current scope
E0308	✏️s/🔌️plugins/🗄️stdio/📦️packages/🦀️rust/././././././../../🗿️artifacts/🎨️svg/🏅️standards/🔖️1.1/🪆️subsets/✳️tiny/✏️editor/🎭️modes/✏️edit/🪟️windows/🪟️main/🦀️component.rs	15	mismatched types
E0308	✏️s/🔌️plugins/🗄️stdio/📦️packages/🦀️rust/././././././../../🗿️artifacts/🎨️svg/🏅️standards/🔖️1.1/🪆️subsets/✳️tiny/✏️editor/🎭️modes/✏️edit/🪟️windows/🪟️main/🦀️component.rs	20	mismatched types
E0599	✏️s/🔌️plugins/🗄️stdio/📦️packages/🦀️rust/././../../🗿️artifacts/🎥️mp4/🏅️standards/🔖️isobmff/🪆️subsets/✳️any/✏️editor/🦀️component.rs	81	no method named `document` found for opaque type `impl Future<Output = EditorBuilder>` in the current scope
E0308	✏️s/🔌️plugins/🗄️stdio/📦️packages/🦀️rust/././././././../../🗿️artifacts/🎥️mp4/🏅️standards/🔖️isobmff/🪆️subsets/✳️any/✏️editor/🎭️modes/✏️edit/🪟️windows/🪟️main/🦀️component.rs	13	mismatched types
E0308	✏️s/🔌️plugins/🗄️stdio/📦️packages/🦀️rust/././././././../../🗿️artifacts/🎥️mp4/🏅️standards/🔖️isobmff/🪆️subsets/✳️any/✏️editor/🎭️modes/✏️edit/🪟️windows/🪟️main/🦀️component.rs	21	mismatched types
E0599	✏️s/🔌️plugins/🗄️stdio/📦️packages/🦀️rust/././././././././../../🗿️artifacts/🗜️deflate/🏅️standards/🔖️rfc1950/🪆️subsets/✳️any/🧬️schema/📸️snapshot/🦀️component.rs	124	no method named `map_err` found for opaque type `impl Future<Output = Result<DeflateSnapshot, String>>` in the current scope
E0599	✏️s/🔌️plugins/🗄️stdio/📦️packages/🦀️rust/././../../🗿️artifacts/🎵️mp3/🏅️standards/🔖️mpeg1-layer3/🪆️subsets/✳️any/✏️editor/🦀️component.rs	81	no method named `document` found for opaque type `impl Future<Output = EditorBuilder>` in the current scope
E0308	✏️s/🔌️plugins/🗄️stdio/📦️packages/🦀️rust/././././././../../🗿️artifacts/🎵️mp3/🏅️standards/🔖️mpeg1-layer3/🪆️subsets/✳️any/✏️editor/🎭️modes/✏️edit/🪟️windows/🪟️main/🦀️component.rs	13	mismatched types
E0308	✏️s/🔌️plugins/🗄️stdio/📦️packages/🦀️rust/././././././../../🗿️artifacts/🎵️mp3/🏅️standards/🔖️mpeg1-layer3/🪆️subsets/✳️any/✏️editor/🎭️modes/✏️edit/🪟️windows/🪟️main/🦀️component.rs	21	mismatched types
E0599	✏️s/🔌️plugins/🗄️stdio/📦️packages/🦀️rust/././././././././../../🗿️artifacts/🗜️deflate/🏅️standards/🔖️rfc1950/🪆️subsets/✳️any/🧬️schema/📸️snapshot/🦀️component.rs	128	no method named `iter` found for opaque type `impl Future<Output = Vec<u8>>` in the current scope
E0308	✏️s/🔌️plugins/🗄️stdio/📦️packages/🦀️rust/././././././././../../🗿️artifacts/🗜️deflate/🏅️standards/🔖️rfc1950/🪆️subsets/✳️any/🧬️schema/📸️snapshot/🦀️component.rs	140	mismatched types
E0599	✏️s/🔌️plugins/🗄️stdio/📦️packages/🦀️rust/././../../🗿️artifacts/🔊️wav/🏅️standards/🔖️riff-pcm/🪆️subsets/✳️any/✏️editor/🦀️component.rs	81	no method named `document` found for opaque type `impl Future<Output = EditorBuilder>` in the current scope
E0308	✏️s/🔌️plugins/🗄️stdio/📦️packages/🦀️rust/././././././../../🗿️artifacts/🔊️wav/🏅️standards/🔖️riff-pcm/🪆️subsets/✳️any/✏️editor/🎭️modes/✏️edit/🪟️windows/🪟️main/🦀️component.rs	13	mismatched types
E0308	✏️s/🔌️plugins/🗄️stdio/📦️packages/🦀️rust/././././././../../🗿️artifacts/🔊️wav/🏅️standards/🔖️riff-pcm/🪆️subsets/✳️any/✏️editor/🎭️modes/✏️edit/🪟️windows/🪟️main/🦀️component.rs	21	mismatched types
E0599	✏️s/🔌️plugins/🗄️stdio/📦️packages/🦀️rust/././././././././../../🗿️artifacts/🗜️deflate/🏅️standards/🔖️rfc1950/🪆️subsets/✳️any/🧬️schema/📸️snapshot/🦀️component.rs	148	no method named `map_err` found for opaque type `impl Future<Output = Result<DeflateSnapshot, String>>` in the current scope
E0599	✏️s/🔌️plugins/🗄️stdio/📦️packages/🦀️rust/././../../🗿️artifacts/📼️avi/🏅️standards/🔖️1.0/🪆️subsets/✳️any/✏️editor/🦀️component.rs	81	no method named `document` found for opaque type `impl Future<Output = EditorBuilder>` in the current scope
E0308	✏️s/🔌️plugins/🗄️stdio/📦️packages/🦀️rust/././././././../../🗿️artifacts/📼️avi/🏅️standards/🔖️1.0/🪆️subsets/✳️any/✏️editor/🎭️modes/✏️edit/🪟️windows/🪟️main/🦀️component.rs	13	mismatched types
E0308	✏️s/🔌️plugins/🗄️stdio/📦️packages/🦀️rust/././././././../../🗿️artifacts/📼️avi/🏅️standards/🔖️1.0/🪆️subsets/✳️any/✏️editor/🎭️modes/✏️edit/🪟️windows/🪟️main/🦀️component.rs	21	mismatched types
E0277	✏️s/🔌️plugins/🗄️stdio/📦️packages/🦀️rust/././././././././../../🗿️artifacts/🗜️deflate/🏅️standards/🔖️rfc1950/🪆️subsets/✳️any/🧬️schema/🔺️diff/🦀️component.rs	382	`usize` is not a future
E0277	✏️s/🔌️plugins/🗄️stdio/📦️packages/🦀️rust/././././././././../../🗿️artifacts/🗜️deflate/🏅️standards/🔖️rfc1950/🪆️subsets/✳️any/🧬️schema/🔺️diff/🦀️component.rs	383	`usize` is not a future
E0277	✏️s/🔌️plugins/🗄️stdio/📦️packages/🦀️rust/././././././././../../🗿️artifacts/🗜️deflate/🏅️standards/🔖️rfc1950/🪆️subsets/✳️any/🧬️schema/🔺️diff/🦀️component.rs	385	`usize` is not a future
E0277	✏️s/🔌️plugins/🗄️stdio/📦️packages/🦀️rust/././././././././../../🗿️artifacts/🗜️deflate/🏅️standards/🔖️rfc1950/🪆️subsets/✳️any/🧬️schema/🔺️diff/🦀️component.rs	391	`usize` is not a future
E0277	✏️s/🔌️plugins/🗄️stdio/📦️packages/🦀️rust/././././././././../../🗿️artifacts/🗜️deflate/🏅️standards/🔖️rfc1950/🪆️subsets/✳️any/🧬️schema/🔺️diff/🦀️component.rs	393	`usize` is not a future
E0277	✏️s/🔌️plugins/🗄️stdio/📦️packages/🦀️rust/././././././././../../🗿️artifacts/🗜️deflate/🏅️standards/🔖️rfc1950/🪆️subsets/✳️any/🧬️schema/🔺️diff/🦀️component.rs	402	`usize` is not a future
E0277	✏️s/🔌️plugins/🗄️stdio/📦️packages/🦀️rust/././././././././../../🗿️artifacts/🗜️deflate/🏅️standards/🔖️rfc1950/🪆️subsets/✳️any/🧬️schema/🔺️diff/🦀️component.rs	382	`usize` is not a future
E0599	✏️s/🔌️plugins/🗄️stdio/📦️packages/🦀️rust/././../../🗿️artifacts/🌐️html/🏅️standards/🔖️5/🪆️subsets/✳️any/✏️editor/🦀️component.rs	84	no method named `document` found for opaque type `impl Future<Output = EditorBuilder>` in the current scope
E0308	✏️s/🔌️plugins/🗄️stdio/📦️packages/🦀️rust/././././././../../🗿️artifacts/🌐️html/🏅️standards/🔖️5/🪆️subsets/✳️any/✏️editor/🎭️modes/✏️edit/🪟️windows/🪟️main/🦀️component.rs	14	mismatched types
E0308	✏️s/🔌️plugins/🗄️stdio/📦️packages/🦀️rust/././././././../../🗿️artifacts/🌐️html/🏅️standards/🔖️5/🪆️subsets/✳️any/✏️editor/🎭️modes/✏️edit/🪟️windows/🪟️main/🦀️component.rs	22	mismatched types
E0599	✏️s/🔌️plugins/🗄️stdio/📦️packages/🦀️rust/././../../🗿️artifacts/📝️md/🏅️standards/🔖️commonmark/🪆️subsets/✳️any/✏️editor/🦀️component.rs	84	no method named `document` found for opaque type `impl Future<Output = EditorBuilder>` in the current scope
E0308	✏️s/🔌️plugins/🗄️stdio/📦️packages/🦀️rust/././././././../../🗿️artifacts/📝️md/🏅️standards/🔖️commonmark/🪆️subsets/✳️any/✏️editor/🎭️modes/✏️edit/🪟️windows/🪟️main/🦀️component.rs	14	mismatched types
E0308	✏️s/🔌️plugins/🗄️stdio/📦️packages/🦀️rust/././././././../../🗿️artifacts/📝️md/🏅️standards/🔖️commonmark/🪆️subsets/✳️any/✏️editor/🎭️modes/✏️edit/🪟️windows/🪟️main/🦀️component.rs	22	mismatched types
E0599	✏️s/🔌️plugins/🗄️stdio/📦️packages/🦀️rust/./././././././././././././../../🗿️artifacts/🗜️deflate/🏅️standards/🔖️rfc1950/🪆️subsets/✳️any/🚪️io/📥️import/🧩️deserializers/🗿️artifacts/💾️binary/🔖️raw/✳️any/🦀️component.rs	14	no method named `map_err` found for opaque type `impl Future<Output = Result<Vec<u8>, std::string::String>>` in the current scope
E0599	✏️s/🔌️plugins/🗄️stdio/📦️packages/🦀️rust/././../../🗿️artifacts/🧿️semio/🏅️standards/🔖️v1/🪆️subsets/✳️animation/✏️editor/🦀️component.rs	87	no method named `document` found for opaque type `impl Future<Output = EditorBuilder>` in the current scope
E0308	✏️s/🔌️plugins/🗄️stdio/📦️packages/🦀️rust/././././././../../🗿️artifacts/🧿️semio/🏅️standards/🔖️v1/🪆️subsets/✳️animation/✏️editor/🎭️modes/✏️edit/🪟️windows/🪟️main/🦀️component.rs	24	mismatched types
E0599	✏️s/🔌️plugins/🗄️stdio/📦️packages/🦀️rust/./././././././././././././../../🗿️artifacts/🗜️deflate/🏅️standards/🔖️rfc1950/🪆️subsets/✳️any/🚪️io/📤️export/🧵️serializers/🗿️artifacts/💾️binary/🔖️raw/✳️any/🦀️component.rs	14	no method named `map_err` found for opaque type `impl Future<Output = Result<Vec<u8>, std::string::String>>` in the current scope
E0308	✏️s/🔌️plugins/🗄️stdio/📦️packages/🦀️rust/././././../../🗿️artifacts/🗜️deflate/🏅️standards/🔖️rfc1950/🪆️subsets/✳️any/📚️examples/🎬️demo/🦀️component.rs	14	mismatched types
E0599	✏️s/🔌️plugins/🗄️stdio/📦️packages/🦀️rust/././../../🗿️artifacts/🎒️zip/🦀️component.rs	48	no method named `schema` found for opaque type `impl Future<Output = ArtifactDeclarationBuilder<NeedsSchema>>` in the current scope
E0599	✏️s/🔌️plugins/🗄️stdio/📦️packages/🦀️rust/././././././././../../🗿️artifacts/🎒️zip/🏅️standards/🔖️2.0/🪆️subsets/✳️any/🧬️schema/📸️snapshot/🦀️component.rs	65	no method named `map_err` found for opaque type `impl Future<Output = Result<ZipSnapshot, ZipError>>` in the current scope
E0599	✏️s/🔌️plugins/🗄️stdio/📦️packages/🦀️rust/././././././././../../🗿️artifacts/🎒️zip/🏅️standards/🔖️2.0/🪆️subsets/✳️any/🧬️schema/📸️snapshot/🦀️component.rs	69	no method named `expect` found for opaque type `impl Future<Output = Result<Vec<u8>, ZipError>>` in the current scope
E0599	✏️s/🔌️plugins/🗄️stdio/📦️packages/🦀️rust/././././././././../../🗿️artifacts/🎒️zip/🏅️standards/🔖️2.0/🪆️subsets/✳️any/🧬️schema/📸️snapshot/🦀️component.rs	79	no method named `map_err` found for opaque type `impl Future<Output = Result<Vec<u8>, ZipError>>` in the current scope
E0599	✏️s/🔌️plugins/🗄️stdio/📦️packages/🦀️rust/././././././././../../🗿️artifacts/🎒️zip/🏅️standards/🔖️2.0/🪆️subsets/✳️any/🧬️schema/📸️snapshot/🦀️component.rs	90	no method named `map_err` found for opaque type `impl Future<Output = Result<ZipSnapshot, ZipError>>` in the current scope
E0277	/Users/ueli/.cargo/registry/src/index.crates.io-1949cf8c6b5b557f/serde_json-1.0.149/src/macros.rs	279	the trait bound `impl Future<Output = MeshData>: serde::Serialize` is not satisfied
E0308	✏️s/🔌️plugins/🗄️stdio/📦️packages/🦀️rust/././././././../../🗿️artifacts/🧊️obj/🏅️standards/🔖️3.0/🪆️subsets/✳️any/👁️viewer/🎭️modes/👁️view/🪟️windows/🪟️main/🦀️component.rs	73	mismatched types
E0599	✏️s/🔌️plugins/🗄️stdio/📦️packages/🦀️rust/./././././././././././././../../🗿️artifacts/🎒️zip/🏅️standards/🔖️2.0/🪆️subsets/✳️any/🚪️io/📥️import/🧩️deserializers/🗿️artifacts/💾️binary/🔖️raw/✳️any/🦀️component.rs	14	no method named `map_err` found for opaque type `impl Future<Output = Result<ZipSnapshot, ZipError>>` in the current scope
E0599	✏️s/🔌️plugins/🗄️stdio/📦️packages/🦀️rust/././../../🗿️artifacts/🟪️stl/🏅️standards/🔖️ascii/🪆️subsets/✳️any/👁️viewer/🦀️component.rs	83	no method named `document` found for opaque type `impl Future<Output = ViewerBuilder>` in the current scope
E0308	✏️s/🔌️plugins/🗄️stdio/📦️packages/🦀️rust/././././././../../🗿️artifacts/🟪️stl/🏅️standards/🔖️ascii/🪆️subsets/✳️any/👁️viewer/🎭️modes/👁️view/🪟️windows/🪟️main/🦀️component.rs	25	mismatched types
E0599	✏️s/🔌️plugins/🗄️stdio/📦️packages/🦀️rust/./././././././././././././../../🗿️artifacts/🎒️zip/🏅️standards/🔖️2.0/🪆️subsets/✳️any/🚪️io/📥️import/🧩️deserializers/🗿️artifacts/🗜️deflate/🔖️rfc1950/✳️any/🦀️component.rs	15	no method named `map_err` found for opaque type `impl Future<Output = Result<ZipSnapshot, ZipError>>` in the current scope
E0599	✏️s/🔌️plugins/🗄️stdio/📦️packages/🦀️rust/./././././././././././././../../🗿️artifacts/🎒️zip/🏅️standards/🔖️2.0/🪆️subsets/✳️any/🚪️io/📤️export/🧵️serializers/🗿️artifacts/💾️binary/🔖️raw/✳️any/🦀️component.rs	14	no method named `map_err` found for opaque type `impl Future<Output = Result<Vec<u8>, ZipError>>` in the current scope
E0599	✏️s/🔌️plugins/🗄️stdio/📦️packages/🦀️rust/./././././././././././././../../🗿️artifacts/🎒️zip/🏅️standards/🔖️2.0/🪆️subsets/✳️any/🚪️io/📤️export/🧵️serializers/🗿️artifacts/🗜️deflate/🔖️rfc1950/✳️any/🦀️component.rs	15	no method named `map_err` found for opaque type `impl Future<Output = Result<Vec<u8>, ZipError>>` in the current scope
E0308	✏️s/🔌️plugins/🗄️stdio/📦️packages/🦀️rust/./././././././../../🗿️artifacts/🎒️zip/🏅️standards/🔖️2.0/🪆️subsets/✳️iso21320/🧬️schema/🦀️component.rs	197	mismatched types
E0308	✏️s/🔌️plugins/🗄️stdio/📦️packages/🦀️rust/./././././././../../🗿️artifacts/🎒️zip/🏅️standards/🔖️2.0/🪆️subsets/✳️iso21320/🧬️schema/🦀️component.rs	198	mismatched types
E0308	✏️s/🔌️plugins/🗄️stdio/📦️packages/🦀️rust/./././././././../../🗿️artifacts/🎒️zip/🏅️standards/🔖️2.0/🪆️subsets/✳️iso21320/🧬️schema/🦀️component.rs	208	mismatched types
E0308	✏️s/🔌️plugins/🗄️stdio/📦️packages/🦀️rust/./././././././../../🗿️artifacts/🎒️zip/🏅️standards/🔖️2.0/🪆️subsets/✳️iso21320/🧬️schema/🦀️component.rs	209	mismatched types
E0308	✏️s/🔌️plugins/🗄️stdio/📦️packages/🦀️rust/./././././././../../🗿️artifacts/🎒️zip/🏅️standards/🔖️2.0/🪆️subsets/✳️iso21320/🚪️io/🦀️component.rs	37	mismatched types
E0308	✏️s/🔌️plugins/🗄️stdio/📦️packages/🦀️rust/./././././././../../🗿️artifacts/🎒️zip/🏅️standards/🔖️2.0/🪆️subsets/✳️iso21320/🚪️io/🦀️component.rs	37	mismatched types
E0599	✏️s/🔌️plugins/🗄️stdio/📦️packages/🦀️rust/./././../../🗿️artifacts/🎒️zip/📦️opc/🦀️component.rs	471	no method named `map_err` found for opaque type `impl Future<Output = Result<ZipSnapshot, ZipError>>` in the current scope
E0599	✏️s/🔌️plugins/🗄️stdio/📦️packages/🦀️rust/./././../../🗿️artifacts/🎒️zip/📦️opc/🦀️component.rs	581	no method named `map_err` found for opaque type `impl Future<Output = Result<Vec<u8>, ZipError>>` in the current scope
E0308	✏️s/🔌️plugins/🗄️stdio/📦️packages/🦀️rust/./././../../🗿️artifacts/🎒️zip/📦️opc/🦀️component.rs	589	mismatched types
E0308	✏️s/🔌️plugins/🗄️stdio/📦️packages/🦀️rust/././././../../🗿️artifacts/🎒️zip/🏅️standards/🔖️2.0/🪆️subsets/✳️any/📚️examples/🎬️demo/🦀️component.rs	14	mismatched types
E0599	✏️s/🔌️plugins/🗄️stdio/📦️packages/🦀️rust/././../../🗿️artifacts/📐️step/🦀️component.rs	51	no method named `schema` found for opaque type `impl Future<Output = ArtifactDeclarationBuilder<NeedsSchema>>` in the current scope
E0277	/Users/ueli/.cargo/registry/src/index.crates.io-1949cf8c6b5b557f/serde_json-1.0.149/src/macros.rs	279	the trait bound `impl Future<Output = MeshData>: serde::Serialize` is not satisfied
E0308	✏️s/🔌️plugins/🗄️stdio/📦️packages/🦀️rust/././././././../../🗿️artifacts/🧿️semio/🏅️standards/🔖️v1/🪆️subsets/✳️document/👁️viewer/🎭️modes/👁️view/🪟️windows/🪟️main/🦀️component.rs	73	mismatched types
E0599	✏️s/🔌️plugins/🗄️stdio/📦️packages/🦀️rust/././../../🗿️artifacts/🧿️semio/🏅️standards/🔖️v1/🪆️subsets/✳️drawing/👁️viewer/🦀️component.rs	83	no method named `document` found for opaque type `impl Future<Output = ViewerBuilder>` in the current scope
E0308	✏️s/🔌️plugins/🗄️stdio/📦️packages/🦀️rust/././././././../../🗿️artifacts/🧿️semio/🏅️standards/🔖️v1/🪆️subsets/✳️drawing/👁️viewer/🎭️modes/👁️view/🪟️windows/🪟️main/🦀️component.rs	25	mismatched types
E0277	/Users/ueli/.cargo/registry/src/index.crates.io-1949cf8c6b5b557f/serde_json-1.0.149/src/macros.rs	279	the trait bound `impl Future<Output = MeshData>: serde::Serialize` is not satisfied
E0308	✏️s/🔌️plugins/🗄️stdio/📦️packages/🦀️rust/././././././../../🗿️artifacts/🧿️semio/🏅️standards/🔖️v1/🪆️subsets/✳️any/👁️viewer/🎭️modes/👁️view/🪟️windows/🪟️main/🦀️component.rs	73	mismatched types
E0277	/Users/ueli/.cargo/registry/src/index.crates.io-1949cf8c6b5b557f/serde_json-1.0.149/src/macros.rs	279	the trait bound `impl Future<Output = MeshData>: serde::Serialize` is not satisfied
E0599	✏️s/🔌️plugins/🗄️stdio/📦️packages/🦀️rust/././../../🗿️artifacts/🧿️semio/🏅️standards/🔖️v1/🪆️subsets/✳️audio/👁️viewer/🦀️component.rs	83	no method named `document` found for opaque type `impl Future<Output = ViewerBuilder>` in the current scope
E0308	✏️s/🔌️plugins/🗄️stdio/📦️packages/🦀️rust/././././././../../🗿️artifacts/📐️step/🏅️standards/🔖️ap214/🪆️subsets/✳️cc1/👁️viewer/🎭️modes/👁️view/🪟️windows/🪟️main/🦀️component.rs	73	mismatched types
E0308	✏️s/🔌️plugins/🗄️stdio/📦️packages/🦀️rust/././././././../../🗿️artifacts/🧿️semio/🏅️standards/🔖️v1/🪆️subsets/✳️audio/👁️viewer/🎭️modes/👁️view/🪟️windows/🪟️main/🦀️component.rs	25	mismatched types
E0277	/Users/ueli/.cargo/registry/src/index.crates.io-1949cf8c6b5b557f/serde_json-1.0.149/src/macros.rs	279	the trait bound `impl Future<Output = MeshData>: serde::Serialize` is not satisfied
E0308	✏️s/🔌️plugins/🗄️stdio/📦️packages/🦀️rust/././././././../../🗿️artifacts/📐️step/🏅️standards/🔖️ap214/🪆️subsets/✳️cc5/✏️editor/🎭️modes/✏️edit/🪟️windows/🪟️main/🦀️component.rs	69	mismatched types
E0599	✏️s/🔌️plugins/🗄️stdio/📦️packages/🦀️rust/././../../🗿️artifacts/📐️step/🏅️standards/🔖️ap214/🪆️subsets/✳️cc2/👁️viewer/🦀️component.rs	83	no method named `document` found for opaque type `impl Future<Output = ViewerBuilder>` in the current scope
E0308	✏️s/🔌️plugins/🗄️stdio/📦️packages/🦀️rust/././././././../../🗿️artifacts/📐️step/🏅️standards/🔖️ap214/🪆️subsets/✳️cc2/👁️viewer/🎭️modes/👁️view/🪟️windows/🪟️main/🦀️component.rs	25	mismatched types
E0599	✏️s/🔌️plugins/🗄️stdio/📦️packages/🦀️rust/././../../🗿️artifacts/📐️step/🏅️standards/🔖️ap214/🪆️subsets/✳️cc6/✏️editor/🦀️component.rs	87	no method named `document` found for opaque type `impl Future<Output = EditorBuilder>` in the current scope
E0308	✏️s/🔌️plugins/🗄️stdio/📦️packages/🦀️rust/././././././../../🗿️artifacts/📐️step/🏅️standards/🔖️ap214/🪆️subsets/✳️cc6/✏️editor/🎭️modes/✏️edit/🪟️windows/🪟️main/🦀️component.rs	24	mismatched types
E0277	✏️s/🔌️plugins/🗄️stdio/📦️packages/🦀️rust/././././././././../../🗿️artifacts/📐️step/🏅️standards/🔖️ap214/🪆️subsets/✳️any/🧬️schema/🔺️diff/🦀️component.rs	1271	`Result<u64, PackError>` is not a future
E0277	✏️s/🔌️plugins/🗄️stdio/📦️packages/🦀️rust/././././././././../../🗿️artifacts/📐️step/🏅️standards/🔖️ap214/🪆️subsets/✳️any/🧬️schema/🔺️diff/🦀️component.rs	1271	`Result<u64, PackError>` is not a future
E0277	✏️s/🔌️plugins/🗄️stdio/📦️packages/🦀️rust/././././././././../../🗿️artifacts/📐️step/🏅️standards/🔖️ap214/🪆️subsets/✳️any/🧬️schema/🔺️diff/🦀️component.rs	1395	`usize` is not a future
E0277	✏️s/🔌️plugins/🗄️stdio/📦️packages/🦀️rust/././././././././../../🗿️artifacts/📐️step/🏅️standards/🔖️ap214/🪆️subsets/✳️any/🧬️schema/🔺️diff/🦀️component.rs	1396	`usize` is not a future
E0277	✏️s/🔌️plugins/🗄️stdio/📦️packages/🦀️rust/././././././././../../🗿️artifacts/📐️step/🏅️standards/🔖️ap214/🪆️subsets/✳️any/🧬️schema/🔺️diff/🦀️component.rs	1397	`usize` is not a future
E0277	✏️s/🔌️plugins/🗄️stdio/📦️packages/🦀️rust/././././././././../../🗿️artifacts/📐️step/🏅️standards/🔖️ap214/🪆️subsets/✳️any/🧬️schema/🔺️diff/🦀️component.rs	1398	`usize` is not a future
E0277	✏️s/🔌️plugins/🗄️stdio/📦️packages/🦀️rust/././././././././../../🗿️artifacts/📐️step/🏅️standards/🔖️ap214/🪆️subsets/✳️any/🧬️schema/🔺️diff/🦀️component.rs	1395	`usize` is not a future
E0277	✏️s/🔌️plugins/🗄️stdio/📦️packages/🦀️rust/././././././././../../🗿️artifacts/📐️step/🏅️standards/🔖️ap214/🪆️subsets/✳️any/🧬️schema/🧬️mutations/🦀️component.rs	313	`usize` is not a future
E0277	✏️s/🔌️plugins/🗄️stdio/📦️packages/🦀️rust/././././././././../../🗿️artifacts/📐️step/🏅️standards/🔖️ap214/🪆️subsets/✳️any/🧬️schema/🧬️mutations/🦀️component.rs	317	`usize` is not a future
E0277	✏️s/🔌️plugins/🗄️stdio/📦️packages/🦀️rust/././././././././../../🗿️artifacts/📐️step/🏅️standards/🔖️ap214/🪆️subsets/✳️any/🧬️schema/🧬️mutations/🦀️component.rs	321	`usize` is not a future
E0277	✏️s/🔌️plugins/🗄️stdio/📦️packages/🦀️rust/././././././././../../🗿️artifacts/📐️step/🏅️standards/🔖️ap214/🪆️subsets/✳️any/🧬️schema/🧬️mutations/🦀️component.rs	325	`usize` is not a future
E0277	✏️s/🔌️plugins/🗄️stdio/📦️packages/🦀️rust/././././././././../../🗿️artifacts/📐️step/🏅️standards/🔖️ap214/🪆️subsets/✳️any/🧬️schema/🧬️mutations/🦀️component.rs	329	`usize` is not a future
E0277	✏️s/🔌️plugins/🗄️stdio/📦️packages/🦀️rust/././././././././../../🗿️artifacts/📐️step/🏅️standards/🔖️ap214/🪆️subsets/✳️any/🧬️schema/🧬️mutations/🦀️component.rs	330	`usize` is not a future
E0277	✏️s/🔌️plugins/🗄️stdio/📦️packages/🦀️rust/././././././././../../🗿️artifacts/📐️step/🏅️standards/🔖️ap214/🪆️subsets/✳️any/🧬️schema/🧬️mutations/🦀️component.rs	334	`usize` is not a future
E0277	✏️s/🔌️plugins/🗄️stdio/📦️packages/🦀️rust/././././././././../../🗿️artifacts/📐️step/🏅️standards/🔖️ap214/🪆️subsets/✳️any/🧬️schema/🧬️mutations/🦀️component.rs	338	`usize` is not a future
E0277	✏️s/🔌️plugins/🗄️stdio/📦️packages/🦀️rust/././././././././../../🗿️artifacts/📐️step/🏅️standards/🔖️ap214/🪆️subsets/✳️any/🧬️schema/🧬️mutations/🦀️component.rs	339	`usize` is not a future
E0277	✏️s/🔌️plugins/🗄️stdio/📦️packages/🦀️rust/././././././././../../🗿️artifacts/📐️step/🏅️standards/🔖️ap214/🪆️subsets/✳️any/🧬️schema/🧬️mutations/🦀️component.rs	343	`usize` is not a future
E0277	✏️s/🔌️plugins/🗄️stdio/📦️packages/🦀️rust/././././././././../../🗿️artifacts/📐️step/🏅️standards/🔖️ap214/🪆️subsets/✳️any/🧬️schema/🧬️mutations/🦀️component.rs	344	`usize` is not a future
E0277	✏️s/🔌️plugins/🗄️stdio/📦️packages/🦀️rust/././././././././../../🗿️artifacts/📐️step/🏅️standards/🔖️ap214/🪆️subsets/✳️any/🧬️schema/🧬️mutations/🦀️component.rs	345	`usize` is not a future
E0277	✏️s/🔌️plugins/🗄️stdio/📦️packages/🦀️rust/././././././././../../🗿️artifacts/📐️step/🏅️standards/🔖️ap214/🪆️subsets/✳️any/🧬️schema/🧬️mutations/🦀️component.rs	349	`usize` is not a future
E0277	✏️s/🔌️plugins/🗄️stdio/📦️packages/🦀️rust/././././././././../../🗿️artifacts/📐️step/🏅️standards/🔖️ap214/🪆️subsets/✳️any/🧬️schema/🧬️mutations/🦀️component.rs	350	`usize` is not a future
E0277	✏️s/🔌️plugins/🗄️stdio/📦️packages/🦀️rust/././././././././../../🗿️artifacts/📐️step/🏅️standards/🔖️ap214/🪆️subsets/✳️any/🧬️schema/🧬️mutations/🦀️component.rs	351	`usize` is not a future
E0277	✏️s/🔌️plugins/🗄️stdio/📦️packages/🦀️rust/././././././././../../🗿️artifacts/📐️step/🏅️standards/🔖️ap214/🪆️subsets/✳️any/🧬️schema/🧬️mutations/🦀️component.rs	355	`usize` is not a future
E0277	✏️s/🔌️plugins/🗄️stdio/📦️packages/🦀️rust/././././././././../../🗿️artifacts/📐️step/🏅️standards/🔖️ap214/🪆️subsets/✳️any/🧬️schema/🧬️mutations/🦀️component.rs	356	`usize` is not a future
E0277	✏️s/🔌️plugins/🗄️stdio/📦️packages/🦀️rust/././././././././../../🗿️artifacts/📐️step/🏅️standards/🔖️ap214/🪆️subsets/✳️any/🧬️schema/🧬️mutations/🦀️component.rs	313	`usize` is not a future
E0277	/Users/ueli/.cargo/registry/src/index.crates.io-1949cf8c6b5b557f/serde_json-1.0.149/src/macros.rs	279	the trait bound `impl Future<Output = MeshData>: serde::Serialize` is not satisfied
E0308	✏️s/🔌️plugins/🗄️stdio/📦️packages/🦀️rust/././././././../../🗿️artifacts/🧿️semio/🏅️standards/🔖️v1/🪆️subsets/✳️image/✏️editor/🎭️modes/✏️edit/🪟️windows/🪟️main/🦀️component.rs	69	mismatched types
E0599	✏️s/🔌️plugins/🗄️stdio/📦️packages/🦀️rust/././../../🗿️artifacts/🧿️semio/🏅️standards/🔖️v1/🪆️subsets/✳️kit/✏️editor/🦀️component.rs	87	no method named `document` found for opaque type `impl Future<Output = EditorBuilder>` in the current scope
E0308	✏️s/🔌️plugins/🗄️stdio/📦️packages/🦀️rust/././././././../../🗿️artifacts/🧿️semio/🏅️standards/🔖️v1/🪆️subsets/✳️kit/✏️editor/🎭️modes/✏️edit/🪟️windows/🪟️main/🦀️component.rs	24	mismatched types
E0308	✏️s/🔌️plugins/🗄️stdio/📦️packages/🦀️rust/././././../../🗿️artifacts/📐️step/🏅️standards/🔖️ap214/🪆️subsets/✳️any/📚️examples/🎬️demo/🦀️component.rs	14	mismatched types
E0308	✏️s/🔌️plugins/🗄️stdio/📦️packages/🦀️rust/./././././././../../🗿️artifacts/🏗️ifc/🏅️standards/🔖️4/🪆️subsets/✳️any/🧬️schema/🦀️component.rs	280	mismatched types
E0277	✏️s/🔌️plugins/🗄️stdio/📦️packages/🦀️rust/././././././././../../🗿️artifacts/🏗️ifc/🏅️standards/🔖️4/🪆️subsets/✳️any/🧬️schema/🔺️diff/🦀️component.rs	1353	`usize` is not a future
E0277	✏️s/🔌️plugins/🗄️stdio/📦️packages/🦀️rust/././././././././../../🗿️artifacts/🏗️ifc/🏅️standards/🔖️4/🪆️subsets/✳️any/🧬️schema/🔺️diff/🦀️component.rs	1354	`usize` is not a future
E0277	✏️s/🔌️plugins/🗄️stdio/📦️packages/🦀️rust/././././././././../../🗿️artifacts/🏗️ifc/🏅️standards/🔖️4/🪆️subsets/✳️any/🧬️schema/🔺️diff/🦀️component.rs	1355	`usize` is not a future
E0277	✏️s/🔌️plugins/🗄️stdio/📦️packages/🦀️rust/././././././././../../🗿️artifacts/🏗️ifc/🏅️standards/🔖️4/🪆️subsets/✳️any/🧬️schema/🔺️diff/🦀️component.rs	1356	`usize` is not a future
E0277	✏️s/🔌️plugins/🗄️stdio/📦️packages/🦀️rust/././././././././../../🗿️artifacts/🏗️ifc/🏅️standards/🔖️4/🪆️subsets/✳️any/🧬️schema/🔺️diff/🦀️component.rs	1353	`usize` is not a future
E0277	/Users/ueli/.cargo/registry/src/index.crates.io-1949cf8c6b5b557f/serde_json-1.0.149/src/macros.rs	279	the trait bound `impl Future<Output = MeshData>: serde::Serialize` is not satisfied
E0308	✏️s/🔌️plugins/🗄️stdio/📦️packages/🦀️rust/././././././../../🗿️artifacts/🧿️semio/🏅️standards/🔖️v1/🪆️subsets/✳️animation/✏️editor/🎭️modes/✏️edit/🪟️windows/🪟️main/🦀️component.rs	69	mismatched types
E0599	✏️s/🔌️plugins/🗄️stdio/📦️packages/🦀️rust/././../../🗿️artifacts/🧿️semio/🏅️standards/🔖️v1/🪆️subsets/✳️any/✏️editor/🦀️component.rs	87	no method named `document` found for opaque type `impl Future<Output = EditorBuilder>` in the current scope
E0308	✏️s/🔌️plugins/🗄️stdio/📦️packages/🦀️rust/././././././../../🗿️artifacts/🧿️semio/🏅️standards/🔖️v1/🪆️subsets/✳️any/✏️editor/🎭️modes/✏️edit/🪟️windows/🪟️main/🦀️component.rs	24	mismatched types
E0277	✏️s/🔌️plugins/🗄️stdio/📦️packages/🦀️rust/././././././././../../🗿️artifacts/🏗️ifc/🏅️standards/🔖️4/🪆️subsets/✳️any/🧬️schema/🧬️mutations/🦀️component.rs	188	`impl Future<Output = std::string::String>` doesn't implement `std::fmt::Display`
E0599	✏️s/🔌️plugins/🗄️stdio/📦️packages/🦀️rust/././././././././../../🗿️artifacts/🏗️ifc/🏅️standards/🔖️4/🪆️subsets/✳️any/🧬️schema/🧬️mutations/🦀️component.rs	229	no method named `map_err` found for opaque type `impl Future<Output = Result<IfcMutation, String>>` in the current scope
E0308	✏️s/🔌️plugins/🗄️stdio/📦️packages/🦀️rust/././././././././../../🗿️artifacts/🏗️ifc/🏅️standards/🔖️4/🪆️subsets/✳️any/🧬️schema/🧬️mutations/🦀️component.rs	289	`match` arms have incompatible types
E0599	✏️s/🔌️plugins/🗄️stdio/📦️packages/🦀️rust/././././././././../../🗿️artifacts/🏗️ifc/🏅️standards/🔖️4/🪆️subsets/✳️any/🧬️schema/🧬️mutations/🦀️component.rs	328	no method named `map_err` found for opaque type `impl Future<Output = Result<IfcSnapshot, String>>` in the current scope
E0277	✏️s/🔌️plugins/🗄️stdio/📦️packages/🦀️rust/././././././././../../🗿️artifacts/🏗️ifc/🏅️standards/🔖️4/🪆️subsets/✳️any/🧬️schema/🧬️mutations/🦀️component.rs	328	`usize` is not a future
E0277	✏️s/🔌️plugins/🗄️stdio/📦️packages/🦀️rust/././././././././../../🗿️artifacts/🏗️ifc/🏅️standards/🔖️4/🪆️subsets/✳️any/🧬️schema/🧬️mutations/🦀️component.rs	332	`usize` is not a future
E0277	✏️s/🔌️plugins/🗄️stdio/📦️packages/🦀️rust/././././././././../../🗿️artifacts/🏗️ifc/🏅️standards/🔖️4/🪆️subsets/✳️any/🧬️schema/🧬️mutations/🦀️component.rs	336	`usize` is not a future
E0277	✏️s/🔌️plugins/🗄️stdio/📦️packages/🦀️rust/././././././././../../🗿️artifacts/🏗️ifc/🏅️standards/🔖️4/🪆️subsets/✳️any/🧬️schema/🧬️mutations/🦀️component.rs	340	`usize` is not a future
E0277	✏️s/🔌️plugins/🗄️stdio/📦️packages/🦀️rust/././././././././../../🗿️artifacts/🏗️ifc/🏅️standards/🔖️4/🪆️subsets/✳️any/🧬️schema/🧬️mutations/🦀️component.rs	344	`usize` is not a future
E0277	✏️s/🔌️plugins/🗄️stdio/📦️packages/🦀️rust/././././././././../../🗿️artifacts/🏗️ifc/🏅️standards/🔖️4/🪆️subsets/✳️any/🧬️schema/🧬️mutations/🦀️component.rs	345	`usize` is not a future
E0277	✏️s/🔌️plugins/🗄️stdio/📦️packages/🦀️rust/././././././././../../🗿️artifacts/🏗️ifc/🏅️standards/🔖️4/🪆️subsets/✳️any/🧬️schema/🧬️mutations/🦀️component.rs	349	`usize` is not a future
E0277	✏️s/🔌️plugins/🗄️stdio/📦️packages/🦀️rust/././././././././../../🗿️artifacts/🏗️ifc/🏅️standards/🔖️4/🪆️subsets/✳️any/🧬️schema/🧬️mutations/🦀️component.rs	353	`usize` is not a future
E0277	✏️s/🔌️plugins/🗄️stdio/📦️packages/🦀️rust/././././././././../../🗿️artifacts/🏗️ifc/🏅️standards/🔖️4/🪆️subsets/✳️any/🧬️schema/🧬️mutations/🦀️component.rs	354	`usize` is not a future
E0277	✏️s/🔌️plugins/🗄️stdio/📦️packages/🦀️rust/././././././././../../🗿️artifacts/🏗️ifc/🏅️standards/🔖️4/🪆️subsets/✳️any/🧬️schema/🧬️mutations/🦀️component.rs	358	`usize` is not a future
E0277	✏️s/🔌️plugins/🗄️stdio/📦️packages/🦀️rust/././././././././../../🗿️artifacts/🏗️ifc/🏅️standards/🔖️4/🪆️subsets/✳️any/🧬️schema/🧬️mutations/🦀️component.rs	359	`usize` is not a future
E0277	✏️s/🔌️plugins/🗄️stdio/📦️packages/🦀️rust/././././././././../../🗿️artifacts/🏗️ifc/🏅️standards/🔖️4/🪆️subsets/✳️any/🧬️schema/🧬️mutations/🦀️component.rs	360	`usize` is not a future
E0277	✏️s/🔌️plugins/🗄️stdio/📦️packages/🦀️rust/././././././././../../🗿️artifacts/🏗️ifc/🏅️standards/🔖️4/🪆️subsets/✳️any/🧬️schema/🧬️mutations/🦀️component.rs	364	`usize` is not a future
E0277	✏️s/🔌️plugins/🗄️stdio/📦️packages/🦀️rust/././././././././../../🗿️artifacts/🏗️ifc/🏅️standards/🔖️4/🪆️subsets/✳️any/🧬️schema/🧬️mutations/🦀️component.rs	365	`usize` is not a future
E0277	✏️s/🔌️plugins/🗄️stdio/📦️packages/🦀️rust/././././././././../../🗿️artifacts/🏗️ifc/🏅️standards/🔖️4/🪆️subsets/✳️any/🧬️schema/🧬️mutations/🦀️component.rs	366	`usize` is not a future
E0277	✏️s/🔌️plugins/🗄️stdio/📦️packages/🦀️rust/././././././././../../🗿️artifacts/🏗️ifc/🏅️standards/🔖️4/🪆️subsets/✳️any/🧬️schema/🧬️mutations/🦀️component.rs	370	`usize` is not a future
E0277	✏️s/🔌️plugins/🗄️stdio/📦️packages/🦀️rust/././././././././../../🗿️artifacts/🏗️ifc/🏅️standards/🔖️4/🪆️subsets/✳️any/🧬️schema/🧬️mutations/🦀️component.rs	371	`usize` is not a future
E0277	✏️s/🔌️plugins/🗄️stdio/📦️packages/🦀️rust/././././././././../../🗿️artifacts/🏗️ifc/🏅️standards/🔖️4/🪆️subsets/✳️any/🧬️schema/🧬️mutations/🦀️component.rs	328	`usize` is not a future
E0308	✏️s/🔌️plugins/🗄️stdio/📦️packages/🦀️rust/./././././././../../🗿️artifacts/🏗️ifc/🏅️standards/🔖️2x3/🪆️subsets/✳️any/🧬️schema/🦀️component.rs	334	mismatched types
E0277	/Users/ueli/.cargo/registry/src/index.crates.io-1949cf8c6b5b557f/serde_json-1.0.149/src/macros.rs	279	the trait bound `impl Future<Output = MeshData>: serde::Serialize` is not satisfied
E0308	✏️s/🔌️plugins/🗄️stdio/📦️packages/🦀️rust/././././././../../🗿️artifacts/🟪️stl/🏅️standards/🔖️ascii/🪆️subsets/✳️any/👁️viewer/🎭️modes/👁️view/🪟️windows/🪟️main/🦀️component.rs	73	mismatched types
E0599	✏️s/🔌️plugins/🗄️stdio/📦️packages/🦀️rust/././../../🗿️artifacts/☁️ply/🏅️standards/🔖️1.0/🪆️subsets/✳️any/👁️viewer/🦀️component.rs	83	no method named `document` found for opaque type `impl Future<Output = ViewerBuilder>` in the current scope
E0308	✏️s/🔌️plugins/🗄️stdio/📦️packages/🦀️rust/././././././../../🗿️artifacts/☁️ply/🏅️standards/🔖️1.0/🪆️subsets/✳️any/👁️viewer/🎭️modes/👁️view/🪟️windows/🪟️main/🦀️component.rs	25	mismatched types
E0277	✏️s/🔌️plugins/🗄️stdio/📦️packages/🦀️rust/././././././././../../🗿️artifacts/🏗️ifc/🏅️standards/🔖️2x3/🪆️subsets/✳️any/🧬️schema/🔺️diff/🦀️component.rs	905	`usize` is not a future
E0277	✏️s/🔌️plugins/🗄️stdio/📦️packages/🦀️rust/././././././././../../🗿️artifacts/🏗️ifc/🏅️standards/🔖️2x3/🪆️subsets/✳️any/🧬️schema/🔺️diff/🦀️component.rs	906	`usize` is not a future
E0277	✏️s/🔌️plugins/🗄️stdio/📦️packages/🦀️rust/././././././././../../🗿️artifacts/🏗️ifc/🏅️standards/🔖️2x3/🪆️subsets/✳️any/🧬️schema/🔺️diff/🦀️component.rs	908	`usize` is not a future
E0277	✏️s/🔌️plugins/🗄️stdio/📦️packages/🦀️rust/././././././././../../🗿️artifacts/🏗️ifc/🏅️standards/🔖️2x3/🪆️subsets/✳️any/🧬️schema/🔺️diff/🦀️component.rs	911	`usize` is not a future
E0277	✏️s/🔌️plugins/🗄️stdio/📦️packages/🦀️rust/././././././././../../🗿️artifacts/🏗️ifc/🏅️standards/🔖️2x3/🪆️subsets/✳️any/🧬️schema/🔺️diff/🦀️component.rs	917	`usize` is not a future
E0277	✏️s/🔌️plugins/🗄️stdio/📦️packages/🦀️rust/././././././././../../🗿️artifacts/🏗️ifc/🏅️standards/🔖️2x3/🪆️subsets/✳️any/🧬️schema/🔺️diff/🦀️component.rs	919	`usize` is not a future
E0277	✏️s/🔌️plugins/🗄️stdio/📦️packages/🦀️rust/././././././././../../🗿️artifacts/🏗️ifc/🏅️standards/🔖️2x3/🪆️subsets/✳️any/🧬️schema/🔺️diff/🦀️component.rs	921	`usize` is not a future
E0277	✏️s/🔌️plugins/🗄️stdio/📦️packages/🦀️rust/././././././././../../🗿️artifacts/🏗️ifc/🏅️standards/🔖️2x3/🪆️subsets/✳️any/🧬️schema/🔺️diff/🦀️component.rs	928	`usize` is not a future
E0277	✏️s/🔌️plugins/🗄️stdio/📦️packages/🦀️rust/././././././././../../🗿️artifacts/🏗️ifc/🏅️standards/🔖️2x3/🪆️subsets/✳️any/🧬️schema/🔺️diff/🦀️component.rs	931	`usize` is not a future
E0277	✏️s/🔌️plugins/🗄️stdio/📦️packages/🦀️rust/././././././././../../🗿️artifacts/🏗️ifc/🏅️standards/🔖️2x3/🪆️subsets/✳️any/🧬️schema/🔺️diff/🦀️component.rs	905	`usize` is not a future
E0599	✏️s/🔌️plugins/🗄️stdio/📦️packages/🦀️rust/././././././././../../🗿️artifacts/🏗️ifc/🏅️standards/🔖️2x3/🪆️subsets/✳️any/🧬️schema/🧬️mutations/🦀️component.rs	151	no method named `map_err` found for opaque type `impl Future<Output = Result<Ifc2x3Mutation, String>>` in the current scope
E0308	✏️s/🔌️plugins/🗄️stdio/📦️packages/🦀️rust/././././././././../../🗿️artifacts/🏗️ifc/🏅️standards/🔖️2x3/🪆️subsets/✳️any/🧬️schema/🧬️mutations/🦀️component.rs	212	`match` arms have incompatible types
E0277	✏️s/🔌️plugins/🗄️stdio/📦️packages/🦀️rust/././././././././../../🗿️artifacts/🏗️ifc/🏅️standards/🔖️2x3/🪆️subsets/✳️any/🧬️schema/🧬️mutations/🦀️component.rs	231	`usize` is not a future
E0277	✏️s/🔌️plugins/🗄️stdio/📦️packages/🦀️rust/././././././././../../🗿️artifacts/🏗️ifc/🏅️standards/🔖️2x3/🪆️subsets/✳️any/🧬️schema/🧬️mutations/🦀️component.rs	235	`usize` is not a future
E0277	✏️s/🔌️plugins/🗄️stdio/📦️packages/🦀️rust/././././././././../../🗿️artifacts/🏗️ifc/🏅️standards/🔖️2x3/🪆️subsets/✳️any/🧬️schema/🧬️mutations/🦀️component.rs	239	`usize` is not a future
E0277	✏️s/🔌️plugins/🗄️stdio/📦️packages/🦀️rust/././././././././../../🗿️artifacts/🏗️ifc/🏅️standards/🔖️2x3/🪆️subsets/✳️any/🧬️schema/🧬️mutations/🦀️component.rs	243	`usize` is not a future
E0277	✏️s/🔌️plugins/🗄️stdio/📦️packages/🦀️rust/././././././././../../🗿️artifacts/🏗️ifc/🏅️standards/🔖️2x3/🪆️subsets/✳️any/🧬️schema/🧬️mutations/🦀️component.rs	231	`usize` is not a future
E0599	✏️s/🔌️plugins/🗄️stdio/📦️packages/🦀️rust/./././././././././././././../../🗿️artifacts/🏗️ifc/🏅️standards/🔖️2x3/🪆️subsets/✳️any/🚪️io/📥️import/🧩️deserializers/🗿️artifacts/💾️binary/🔖️raw/✳️any/🦀️component.rs	11	no method named `map_err` found for opaque type `impl Future<Output = Result<Ifc2x3Snapshot, String>>` in the current scope
E0599	✏️s/🔌️plugins/🗄️stdio/📦️packages/🦀️rust/./././././././././././././../../🗿️artifacts/🏗️ifc/🏅️standards/🔖️2x3/🪆️subsets/✳️any/🚪️io/📥️import/🧩️deserializers/🗿️artifacts/📄txt/🔖️utf-8/✳️any/🦀️component.rs	11	no method named `map_err` found for opaque type `impl Future<Output = Result<Ifc2x3Snapshot, String>>` in the current scope
E0308	✏️s/🔌️plugins/🗄️stdio/📦️packages/🦀️rust/././././../../🗿️artifacts/🏗️ifc/🏅️standards/🔖️2x3/🪆️subsets/✳️any/📚️examples/🎬️demo/🦀️component.rs	14	mismatched types
E0599	✏️s/🔌️plugins/🗄️stdio/📦️packages/🦀️rust/././../../🗿️artifacts/☁️las/🦀️component.rs	46	no method named `schema` found for opaque type `impl Future<Output = ArtifactDeclarationBuilder<NeedsSchema>>` in the current scope
E0277	/Users/ueli/.cargo/registry/src/index.crates.io-1949cf8c6b5b557f/serde_json-1.0.149/src/macros.rs	279	the trait bound `impl Future<Output = MeshData>: serde::Serialize` is not satisfied
E0308	✏️s/🔌️plugins/🗄️stdio/📦️packages/🦀️rust/././././././../../🗿️artifacts/🧿️semio/🏅️standards/🔖️v1/🪆️subsets/✳️drawing/👁️viewer/🎭️modes/👁️view/🪟️windows/🪟️main/🦀️component.rs	73	mismatched types
E0599	✏️s/🔌️plugins/🗄️stdio/📦️packages/🦀️rust/././../../🗿️artifacts/🧿️semio/🏅️standards/🔖️v1/🪆️subsets/✳️flow/👁️viewer/🦀️component.rs	83	no method named `document` found for opaque type `impl Future<Output = ViewerBuilder>` in the current scope
E0308	✏️s/🔌️plugins/🗄️stdio/📦️packages/🦀️rust/././././././../../🗿️artifacts/🧿️semio/🏅️standards/🔖️v1/🪆️subsets/✳️flow/👁️viewer/🎭️modes/👁️view/🪟️windows/🪟️main/🦀️component.rs	25	mismatched types
E0277	/Users/ueli/.cargo/registry/src/index.crates.io-1949cf8c6b5b557f/serde_json-1.0.149/src/macros.rs	279	the trait bound `impl Future<Output = MeshData>: serde::Serialize` is not satisfied
E0277	/Users/ueli/.cargo/registry/src/index.crates.io-1949cf8c6b5b557f/serde_json-1.0.149/src/macros.rs	279	the trait bound `impl Future<Output = MeshData>: serde::Serialize` is not satisfied
E0308	✏️s/🔌️plugins/🗄️stdio/📦️packages/🦀️rust/././././././../../🗿️artifacts/🧿️semio/🏅️standards/🔖️v1/🪆️subsets/✳️audio/👁️viewer/🎭️modes/👁️view/🪟️windows/🪟️main/🦀️component.rs	73	mismatched types
E0308	✏️s/🔌️plugins/🗄️stdio/📦️packages/🦀️rust/././././././../../🗿️artifacts/📐️step/🏅️standards/🔖️ap214/🪆️subsets/✳️cc6/✏️editor/🎭️modes/✏️edit/🪟️windows/🪟️main/🦀️component.rs	69	mismatched types
E0277	/Users/ueli/.cargo/registry/src/index.crates.io-1949cf8c6b5b557f/serde_json-1.0.149/src/macros.rs	279	the trait bound `impl Future<Output = MeshData>: serde::Serialize` is not satisfied
E0308	✏️s/🔌️plugins/🗄️stdio/📦️packages/🦀️rust/././././././../../🗿️artifacts/📐️step/🏅️standards/🔖️ap214/🪆️subsets/✳️cc2/👁️viewer/🎭️modes/👁️view/🪟️windows/🪟️main/🦀️component.rs	73	mismatched types
E0277	✏️s/🔌️plugins/🗄️stdio/📦️packages/🦀️rust/././././././././../../🗿️artifacts/☁️las/🏅️standards/🔖️1.0/🪆️subsets/✳️any/🧬️schema/🔺️diff/🦀️component.rs	1947	`Result<u64, PackError>` is not a future
E0599	✏️s/🔌️plugins/🗄️stdio/📦️packages/🦀️rust/././../../🗿️artifacts/🏗️ifc/🏅️standards/🔖️2x3/🪆️subsets/✳️any/✏️editor/🦀️component.rs	87	no method named `document` found for opaque type `impl Future<Output = EditorBuilder>` in the current scope
E0308	✏️s/🔌️plugins/🗄️stdio/📦️packages/🦀️rust/././././././../../🗿️artifacts/🏗️ifc/🏅️standards/🔖️2x3/🪆️subsets/✳️any/✏️editor/🎭️modes/✏️edit/🪟️windows/🪟️main/🦀️component.rs	24	mismatched types
E0599	✏️s/🔌️plugins/🗄️stdio/📦️packages/🦀️rust/././../../🗿️artifacts/📐️step/🏅️standards/🔖️ap214/🪆️subsets/✳️cc3/👁️viewer/🦀️component.rs	83	no method named `document` found for opaque type `impl Future<Output = ViewerBuilder>` in the current scope
E0308	✏️s/🔌️plugins/🗄️stdio/📦️packages/🦀️rust/././././././../../🗿️artifacts/📐️step/🏅️standards/🔖️ap214/🪆️subsets/✳️cc3/👁️viewer/🎭️modes/👁️view/🪟️windows/🪟️main/🦀️component.rs	25	mismatched types
E0277	✏️s/🔌️plugins/🗄️stdio/📦️packages/🦀️rust/././././././././../../🗿️artifacts/☁️las/🏅️standards/🔖️1.0/🪆️subsets/✳️any/🧬️schema/🔺️diff/🦀️component.rs	1951	`Result<u64, PackError>` is not a future
E0277	✏️s/🔌️plugins/🗄️stdio/📦️packages/🦀️rust/././././././././../../🗿️artifacts/☁️las/🏅️standards/🔖️1.0/🪆️subsets/✳️any/🧬️schema/🔺️diff/🦀️component.rs	1959	`Result<u64, PackError>` is not a future
E0277	✏️s/🔌️plugins/🗄️stdio/📦️packages/🦀️rust/././././././././../../🗿️artifacts/☁️las/🏅️standards/🔖️1.0/🪆️subsets/✳️any/🧬️schema/🔺️diff/🦀️component.rs	1947	`Result<u64, PackError>` is not a future
E0277	✏️s/🔌️plugins/🗄️stdio/📦️packages/🦀️rust/././././././././../../🗿️artifacts/☁️las/🏅️standards/🔖️1.0/🪆️subsets/✳️any/🧬️schema/🔺️diff/🦀️component.rs	1987	`Result<u64, PackError>` is not a future
E0277	/Users/ueli/.cargo/registry/src/index.crates.io-1949cf8c6b5b557f/serde_json-1.0.149/src/macros.rs	279	the trait bound `impl Future<Output = MeshData>: serde::Serialize` is not satisfied
E0308	✏️s/🔌️plugins/🗄️stdio/📦️packages/🦀️rust/././././././../../🗿️artifacts/🧿️semio/🏅️standards/🔖️v1/🪆️subsets/✳️kit/✏️editor/🎭️modes/✏️edit/🪟️windows/🪟️main/🦀️component.rs	69	mismatched types
E0277	✏️s/🔌️plugins/🗄️stdio/📦️packages/🦀️rust/././././././././../../🗿️artifacts/☁️las/🏅️standards/🔖️1.0/🪆️subsets/✳️any/🧬️schema/🔺️diff/🦀️component.rs	1991	`Result<u64, PackError>` is not a future
E0277	✏️s/🔌️plugins/🗄️stdio/📦️packages/🦀️rust/././././././././../../🗿️artifacts/☁️las/🏅️standards/🔖️1.0/🪆️subsets/✳️any/🧬️schema/🔺️diff/🦀️component.rs	1999	`Result<u64, PackError>` is not a future
E0277	✏️s/🔌️plugins/🗄️stdio/📦️packages/🦀️rust/././././././././../../🗿️artifacts/☁️las/🏅️standards/🔖️1.0/🪆️subsets/✳️any/🧬️schema/🔺️diff/🦀️component.rs	1987	`Result<u64, PackError>` is not a future
E0308	✏️s/🔌️plugins/🗄️stdio/📦️packages/🦀️rust/./././../../🗿️artifacts/🌐️html/🏅️standards/🔖️5/🪆️subsets/✳️any/📚️examples/🎬️demo/🦀️component.rs	16	mismatched types
E0599	✏️s/🔌️plugins/🗄️stdio/📦️packages/🦀️rust/././../../🗿️artifacts/🧿️semio/🏅️standards/🔖️v1/🪆️subsets/✳️mesh/✏️editor/🦀️component.rs	135	no method named `document` found for opaque type `impl Future<Output = EditorBuilder>` in the current scope
E0308	✏️s/🔌️plugins/🗄️stdio/📦️packages/🦀️rust/././././././../../🗿️artifacts/🧿️semio/🏅️standards/🔖️v1/🪆️subsets/✳️mesh/✏️editor/🎭️modes/✏️edit/🪟️windows/🪟️main/🦀️component.rs	24	mismatched types
E0599	✏️s/🔌️plugins/🗄️stdio/📦️packages/🦀️rust/././../../🗿️artifacts/📷️png/🏅️standards/🔖️1.2/🪆️subsets/✳️any/✏️editor/🦀️component.rs	81	no method named `document` found for opaque type `impl Future<Output = EditorBuilder>` in the current scope
E0599	✏️s/🔌️plugins/🗄️stdio/📦️packages/🦀️rust/././././././././../../🗿️artifacts/☁️las/🏅️standards/🔖️1.0/🪆️subsets/✳️any/🧬️schema/🔺️diff/🦀️component.rs	2318	no method named `map_err` found for opaque type `impl Future<Output = Result<LasDiff, String>>` in the current scope
E0308	✏️s/🔌️plugins/🗄️stdio/📦️packages/🦀️rust/././././././../../🗿️artifacts/📷️png/🏅️standards/🔖️1.2/🪆️subsets/✳️any/✏️editor/🎭️modes/✏️edit/🪟️windows/🪟️main/🦀️component.rs	15	mismatched types
E0308	✏️s/🔌️plugins/🗄️stdio/📦️packages/🦀️rust/././././././../../🗿️artifacts/📷️png/🏅️standards/🔖️1.2/🪆️subsets/✳️any/✏️editor/🎭️modes/✏️edit/🪟️windows/🪟️main/🦀️component.rs	20	mismatched types
E0599	✏️s/🔌️plugins/🗄️stdio/📦️packages/🦀️rust/././../../🗿️artifacts/📷️jpg/🏅️standards/🔖️jfif-1.01/🪆️subsets/✳️any/✏️editor/🦀️component.rs	81	no method named `document` found for opaque type `impl Future<Output = EditorBuilder>` in the current scope
E0308	✏️s/🔌️plugins/🗄️stdio/📦️packages/🦀️rust/././././././../../🗿️artifacts/📷️jpg/🏅️standards/🔖️jfif-1.01/🪆️subsets/✳️any/✏️editor/🎭️modes/✏️edit/🪟️windows/🪟️main/🦀️component.rs	15	mismatched types
E0308	✏️s/🔌️plugins/🗄️stdio/📦️packages/🦀️rust/././././././../../🗿️artifacts/📷️jpg/🏅️standards/🔖️jfif-1.01/🪆️subsets/✳️any/✏️editor/🎭️modes/✏️edit/🪟️windows/🪟️main/🦀️component.rs	20	mismatched types
E0599	✏️s/🔌️plugins/🗄️stdio/📦️packages/🦀️rust/././../../🗿️artifacts/📷️jpg/🏅️standards/🔖️jfif-1.01/🪆️subsets/✳️baseline/✏️editor/🦀️component.rs	81	no method named `document` found for opaque type `impl Future<Output = EditorBuilder>` in the current scope
E0308	✏️s/🔌️plugins/🗄️stdio/📦️packages/🦀️rust/././././././../../🗿️artifacts/📷️jpg/🏅️standards/🔖️jfif-1.01/🪆️subsets/✳️baseline/✏️editor/🎭️modes/✏️edit/🪟️windows/🪟️main/🦀️component.rs	15	mismatched types
E0308	✏️s/🔌️plugins/🗄️stdio/📦️packages/🦀️rust/././././././../../🗿️artifacts/📷️jpg/🏅️standards/🔖️jfif-1.01/🪆️subsets/✳️baseline/✏️editor/🎭️modes/✏️edit/🪟️windows/🪟️main/🦀️component.rs	20	mismatched types
E0277	/Users/ueli/.cargo/registry/src/index.crates.io-1949cf8c6b5b557f/serde_json-1.0.149/src/macros.rs	279	the trait bound `impl Future<Output = MeshData>: serde::Serialize` is not satisfied
E0277	✏️s/🔌️plugins/🗄️stdio/📦️packages/🦀️rust/././././././././../../🗿️artifacts/☁️las/🏅️standards/🔖️1.0/🪆️subsets/✳️any/🧬️schema/🧬️mutations/🦀️component.rs	291	`impl Future<Output = std::string::String>` doesn't implement `std::fmt::Display`
E0308	✏️s/🔌️plugins/🗄️stdio/📦️packages/🦀️rust/././././././../../🗿️artifacts/🧿️semio/🏅️standards/🔖️v1/🪆️subsets/✳️any/✏️editor/🎭️modes/✏️edit/🪟️windows/🪟️main/🦀️component.rs	69	mismatched types
E0277	✏️s/🔌️plugins/🗄️stdio/📦️packages/🦀️rust/././././././././../../🗿️artifacts/☁️las/🏅️standards/🔖️1.0/🪆️subsets/✳️any/🧬️schema/🧬️mutations/🦀️component.rs	296	`impl Future<Output = std::string::String>` doesn't implement `std::fmt::Display`
E0277	✏️s/🔌️plugins/🗄️stdio/📦️packages/🦀️rust/././././././././../../🗿️artifacts/☁️las/🏅️standards/🔖️1.0/🪆️subsets/✳️any/🧬️schema/🧬️mutations/🦀️component.rs	297	`impl Future<Output = std::string::String>` doesn't implement `std::fmt::Display`
E0599	✏️s/🔌️plugins/🗄️stdio/📦️packages/🦀️rust/././../../🗿️artifacts/🖼️bmp/🏅️standards/🔖️v3/🪆️subsets/✳️any/✏️editor/🦀️component.rs	81	no method named `document` found for opaque type `impl Future<Output = EditorBuilder>` in the current scope
E0308	✏️s/🔌️plugins/🗄️stdio/📦️packages/🦀️rust/././././././../../🗿️artifacts/🖼️bmp/🏅️standards/🔖️v3/🪆️subsets/✳️any/✏️editor/🎭️modes/✏️edit/🪟️windows/🪟️main/🦀️component.rs	15	mismatched types
E0308	✏️s/🔌️plugins/🗄️stdio/📦️packages/🦀️rust/././././././../../🗿️artifacts/🖼️bmp/🏅️standards/🔖️v3/🪆️subsets/✳️any/✏️editor/🎭️modes/✏️edit/🪟️windows/🪟️main/🦀️component.rs	20	mismatched types
E0599	✏️s/🔌️plugins/🗄️stdio/📦️packages/🦀️rust/././././././././../../🗿️artifacts/☁️las/🏅️standards/🔖️1.0/🪆️subsets/✳️any/🧬️schema/🧬️mutations/🦀️component.rs	338	no method named `map_err` found for opaque type `impl Future<Output = Result<LasMutation, String>>` in the current scope
E0599	✏️s/🔌️plugins/🗄️stdio/📦️packages/🦀️rust/././../../🗿️artifacts/🧿️semio/🏅️standards/🔖️v1/🪆️subsets/✳️audio/✏️editor/🦀️component.rs	87	no method named `document` found for opaque type `impl Future<Output = EditorBuilder>` in the current scope
E0308	✏️s/🔌️plugins/🗄️stdio/📦️packages/🦀️rust/././././././../../🗿️artifacts/🧿️semio/🏅️standards/🔖️v1/🪆️subsets/✳️audio/✏️editor/🎭️modes/✏️edit/🪟️windows/🪟️main/🦀️component.rs	24	mismatched types
E0599	✏️s/🔌️plugins/🗄️stdio/📦️packages/🦀️rust/././../../🗿️artifacts/🖼️tiff/🏅️standards/🔖️6.0/🪆️subsets/✳️any/✏️editor/🦀️component.rs	81	no method named `document` found for opaque type `impl Future<Output = EditorBuilder>` in the current scope
E0308	✏️s/🔌️plugins/🗄️stdio/📦️packages/🦀️rust/././././././../../🗿️artifacts/🖼️tiff/🏅️standards/🔖️6.0/🪆️subsets/✳️any/✏️editor/🎭️modes/✏️edit/🪟️windows/🪟️main/🦀️component.rs	15	mismatched types
E0308	✏️s/🔌️plugins/🗄️stdio/📦️packages/🦀️rust/././././././../../🗿️artifacts/🖼️tiff/🏅️standards/🔖️6.0/🪆️subsets/✳️any/✏️editor/🎭️modes/✏️edit/🪟️windows/🪟️main/🦀️component.rs	20	mismatched types
E0599	✏️s/🔌️plugins/🗄️stdio/📦️packages/🦀️rust/././././././././../../🗿️artifacts/☁️las/🏅️standards/🔖️1.0/🪆️subsets/✳️any/🧬️schema/🧬️mutations/🦀️component.rs	515	no method named `map_err` found for opaque type `impl Future<Output = Result<LasMutation, String>>` in the current scope
E0599	✏️s/🔌️plugins/🗄️stdio/📦️packages/🦀️rust/././././././../../🗿️artifacts/🖼️tiff/🏅️standards/🔖️6.0/🪆️subsets/✳️any/✏️editor/🎭️modes/✏️edit/🪟️windows/🪟️main/🦀️component.rs	25	no method named `ok` found for opaque type `impl Future<Output = Result<Vec<u8>, std::string::String>>` in the current scope
E0277	/Users/ueli/.cargo/registry/src/index.crates.io-1949cf8c6b5b557f/serde_json-1.0.149/src/macros.rs	279	the trait bound `impl Future<Output = MeshData>: serde::Serialize` is not satisfied
E0308	✏️s/🔌️plugins/🗄️stdio/📦️packages/🦀️rust/././././././../../🗿️artifacts/☁️ply/🏅️standards/🔖️1.0/🪆️subsets/✳️any/👁️viewer/🎭️modes/👁️view/🪟️windows/🪟️main/🦀️component.rs	73	mismatched types
E0308	✏️s/🔌️plugins/🗄️stdio/📦️packages/🦀️rust/././././../../🗿️artifacts/☁️las/🏅️standards/🔖️1.0/🪆️subsets/✳️any/📚️examples/🎬️demo/🦀️component.rs	14	mismatched types
E0599	✏️s/🔌️plugins/🗄️stdio/📦️packages/🦀️rust/././../../🗿️artifacts/☁️las/🏅️standards/🔖️1.0/🪆️subsets/✳️any/👁️viewer/🦀️component.rs	83	no method named `document` found for opaque type `impl Future<Output = ViewerBuilder>` in the current scope
E0599	✏️s/🔌️plugins/🗄️stdio/📦️packages/🦀️rust/././../../🗿️artifacts/🧊️gltf/🦀️component.rs	50	no method named `schema` found for opaque type `impl Future<Output = ArtifactDeclarationBuilder<NeedsSchema>>` in the current scope
E0599	✏️s/🔌️plugins/🗄️stdio/📦️packages/🦀️rust/././../../🗿️artifacts/🖼️tiff/🏅️standards/🔖️6.0/🪆️subsets/✳️baseline/✏️editor/🦀️component.rs	81	no method named `document` found for opaque type `impl Future<Output = EditorBuilder>` in the current scope
E0308	✏️s/🔌️plugins/🗄️stdio/📦️packages/🦀️rust/././././././../../🗿️artifacts/☁️las/🏅️standards/🔖️1.0/🪆️subsets/✳️any/👁️viewer/🎭️modes/👁️view/🪟️windows/🪟️main/🦀️component.rs	25	mismatched types
E0609	✏️s/🔌️plugins/🗄️stdio/📦️packages/🦀️rust/././../../🗿️artifacts/🧊️gltf/🦀️component.rs	158	no field `geometry` on type `impl Future<Output = <GltfBuilder as ArtifactInferrer>::Inference>`
E0308	✏️s/🔌️plugins/🗄️stdio/📦️packages/🦀️rust/././././././../../🗿️artifacts/🖼️tiff/🏅️standards/🔖️6.0/🪆️subsets/✳️baseline/✏️editor/🎭️modes/✏️edit/🪟️windows/🪟️main/🦀️component.rs	15	mismatched types
E0308	✏️s/🔌️plugins/🗄️stdio/📦️packages/🦀️rust/././././././../../🗿️artifacts/🖼️tiff/🏅️standards/🔖️6.0/🪆️subsets/✳️baseline/✏️editor/🎭️modes/✏️edit/🪟️windows/🪟️main/🦀️component.rs	20	mismatched types
E0599	✏️s/🔌️plugins/🗄️stdio/📦️packages/🦀️rust/././././././../../🗿️artifacts/🖼️tiff/🏅️standards/🔖️6.0/🪆️subsets/✳️baseline/✏️editor/🎭️modes/✏️edit/🪟️windows/🪟️main/🦀️component.rs	25	no method named `ok` found for opaque type `impl Future<Output = Result<Vec<u8>, std::string::String>>` in the current scope
E0599	✏️s/🔌️plugins/🗄️stdio/📦️packages/🦀️rust/././../../🗿️artifacts/🎞️gif/🏅️standards/🔖️87a/🪆️subsets/✳️any/✏️editor/🦀️component.rs	81	no method named `document` found for opaque type `impl Future<Output = EditorBuilder>` in the current scope
E0308	✏️s/🔌️plugins/🗄️stdio/📦️packages/🦀️rust/././././././../../🗿️artifacts/🎞️gif/🏅️standards/🔖️87a/🪆️subsets/✳️any/✏️editor/🎭️modes/✏️edit/🪟️windows/🪟️main/🦀️component.rs	15	mismatched types
E0308	✏️s/🔌️plugins/🗄️stdio/📦️packages/🦀️rust/././././././../../🗿️artifacts/🎞️gif/🏅️standards/🔖️87a/🪆️subsets/✳️any/✏️editor/🎭️modes/✏️edit/🪟️windows/🪟️main/🦀️component.rs	20	mismatched types
E0599	✏️s/🔌️plugins/🗄️stdio/📦️packages/🦀️rust/././../../🗿️artifacts/🎞️gif/🏅️standards/🔖️89a/🪆️subsets/✳️any/✏️editor/🦀️component.rs	81	no method named `document` found for opaque type `impl Future<Output = EditorBuilder>` in the current scope
E0308	✏️s/🔌️plugins/🗄️stdio/📦️packages/🦀️rust/././././././../../🗿️artifacts/🎞️gif/🏅️standards/🔖️89a/🪆️subsets/✳️any/✏️editor/🎭️modes/✏️edit/🪟️windows/🪟️main/🦀️component.rs	15	mismatched types
E0308	✏️s/🔌️plugins/🗄️stdio/📦️packages/🦀️rust/././././././../../🗿️artifacts/🎞️gif/🏅️standards/🔖️89a/🪆️subsets/✳️any/✏️editor/🎭️modes/✏️edit/🪟️windows/🪟️main/🦀️component.rs	20	mismatched types
E0599	✏️s/🔌️plugins/🗄️stdio/📦️packages/🦀️rust/././../../🗿️artifacts/🎨️svg/🏅️standards/🔖️1.1/🪆️subsets/✳️any/✏️editor/🦀️component.rs	84	no method named `document` found for opaque type `impl Future<Output = EditorBuilder>` in the current scope
E0308	✏️s/🔌️plugins/🗄️stdio/📦️packages/🦀️rust/././././././../../🗿️artifacts/🎨️svg/🏅️standards/🔖️1.1/🪆️subsets/✳️any/✏️editor/🎭️modes/✏️edit/🪟️windows/🪟️main/🦀️component.rs	15	mismatched types
E0308	✏️s/🔌️plugins/🗄️stdio/📦️packages/🦀️rust/././././././../../🗿️artifacts/🎨️svg/🏅️standards/🔖️1.1/🪆️subsets/✳️any/✏️editor/🎭️modes/✏️edit/🪟️windows/🪟️main/🦀️component.rs	20	mismatched types
E0599	✏️s/🔌️plugins/🗄️stdio/📦️packages/🦀️rust/././../../🗿️artifacts/🎨️svg/🏅️standards/🔖️1.1/🪆️subsets/✳️basic/✏️editor/🦀️component.rs	84	no method named `document` found for opaque type `impl Future<Output = EditorBuilder>` in the current scope
E0308	✏️s/🔌️plugins/🗄️stdio/📦️packages/🦀️rust/././././././../../🗿️artifacts/🎨️svg/🏅️standards/🔖️1.1/🪆️subsets/✳️basic/✏️editor/🎭️modes/✏️edit/🪟️windows/🪟️main/🦀️component.rs	15	mismatched types
E0308	✏️s/🔌️plugins/🗄️stdio/📦️packages/🦀️rust/././././././../../🗿️artifacts/🎨️svg/🏅️standards/🔖️1.1/🪆️subsets/✳️basic/✏️editor/🎭️modes/✏️edit/🪟️windows/🪟️main/🦀️component.rs	20	mismatched types
E0308	✏️s/🔌️plugins/🗄️stdio/📦️packages/🦀️rust/./././././././././../../🗿️artifacts/🌐️html/🏅️standards/🔖️5/🪆️subsets/✳️any/🧬️schema/💡️inferences/🧾outline/🦀️component.rs	30	mismatched types
E0277	✏️s/🔌️plugins/🗄️stdio/📦️packages/🦀️rust/././././././././../../🗿️artifacts/🌐️html/🏅️standards/🔖️5/🪆️subsets/✳️any/🧬️schema/🔺️diff/🦀️component.rs	201	the `?` operator can only be applied to values that implement `Try`
E0277	✏️s/🔌️plugins/🗄️stdio/📦️packages/🦀️rust/././././././././../../🗿️artifacts/🌐️html/🏅️standards/🔖️5/🪆️subsets/✳️any/🧬️schema/🔺️diff/🦀️component.rs	246	the `?` operator can only be applied to values that implement `Try`
E0308	✏️s/🔌️plugins/🗄️stdio/📦️packages/🦀️rust/././././././././../../🗿️artifacts/🌐️html/🏅️standards/🔖️5/🪆️subsets/✳️any/🧬️schema/🔺️diff/🦀️component.rs	282	mismatched types
E0308	✏️s/🔌️plugins/🗄️stdio/📦️packages/🦀️rust/././././././././../../🗿️artifacts/🌐️html/🏅️standards/🔖️5/🪆️subsets/✳️any/🧬️schema/🔺️diff/🦀️component.rs	316	mismatched types
E0308	✏️s/🔌️plugins/🗄️stdio/📦️packages/🦀️rust/././././././././../../🗿️artifacts/🌐️html/🏅️standards/🔖️5/🪆️subsets/✳️any/🧬️schema/🔺️diff/🦀️component.rs	436	mismatched types
E0308	✏️s/🔌️plugins/🗄️stdio/📦️packages/🦀️rust/././././././././../../🗿️artifacts/🌐️html/🏅️standards/🔖️5/🪆️subsets/✳️any/🧬️schema/🔺️diff/🦀️component.rs	476	mismatched types
E0308	✏️s/🔌️plugins/🗄️stdio/📦️packages/🦀️rust/././././././././../../🗿️artifacts/🌐️html/🏅️standards/🔖️5/🪆️subsets/✳️any/🧬️schema/🔺️diff/🦀️component.rs	542	mismatched types
E0308	✏️s/🔌️plugins/🗄️stdio/📦️packages/🦀️rust/././././././././../../🗿️artifacts/🌐️html/🏅️standards/🔖️5/🪆️subsets/✳️any/🧬️schema/🔺️diff/🦀️component.rs	560	mismatched types
E0308	✏️s/🔌️plugins/🗄️stdio/📦️packages/🦀️rust/././././././././../../🗿️artifacts/🌐️html/🏅️standards/🔖️5/🪆️subsets/✳️any/🧬️schema/🔺️diff/🦀️component.rs	651	mismatched types
E0277	/Users/ueli/.cargo/registry/src/index.crates.io-1949cf8c6b5b557f/serde_json-1.0.149/src/macros.rs	279	the trait bound `impl Future<Output = MeshData>: serde::Serialize` is not satisfied
E0308	✏️s/🔌️plugins/🗄️stdio/📦️packages/🦀️rust/././././././../../🗿️artifacts/🧿️semio/🏅️standards/🔖️v1/🪆️subsets/✳️flow/👁️viewer/🎭️modes/👁️view/🪟️windows/🪟️main/🦀️component.rs	73	mismatched types
E0599	✏️s/🔌️plugins/🗄️stdio/📦️packages/🦀️rust/././../../🗿️artifacts/🧿️semio/🏅️standards/🔖️v1/🪆️subsets/✳️graph/👁️viewer/🦀️component.rs	83	no method named `document` found for opaque type `impl Future<Output = ViewerBuilder>` in the current scope
E0308	✏️s/🔌️plugins/🗄️stdio/📦️packages/🦀️rust/././././././../../🗿️artifacts/🧿️semio/🏅️standards/🔖️v1/🪆️subsets/✳️graph/👁️viewer/🎭️modes/👁️view/🪟️windows/🪟️main/🦀️component.rs	25	mismatched types
E0308	✏️s/🔌️plugins/🗄️stdio/📦️packages/🦀️rust/./././../../🗿️artifacts/🌦️epw/🏅️standards/🔖️energyplus/🪆️subsets/✳️any/📚️examples/🎬️demo/🦀️component.rs	15	mismatched types
E0308	✏️s/🔌️plugins/🗄️stdio/📦️packages/🦀️rust/././././././././../../🗿️artifacts/🧊️gltf/🏅️standards/🔖️2.0/🪆️subsets/✳️any/🧬️schema/🔺️diff/🦀️component.rs	266	mismatched types
E0308	✏️s/🔌️plugins/🗄️stdio/📦️packages/🦀️rust/././././././../../🗿️artifacts/📑️tsv/🏅️standards/🔖️iana/🪆️subsets/✳️any/🚪️io/🦀️component.rs	50	mismatched types
E0308	✏️s/🔌️plugins/🗄️stdio/📦️packages/🦀️rust/././././././././../../🗿️artifacts/🧊️gltf/🏅️standards/🔖️2.0/🪆️subsets/✳️any/🧬️schema/🔺️diff/🦀️component.rs	303	mismatched types
E0308	✏️s/🔌️plugins/🗄️stdio/📦️packages/🦀️rust/././././././././../../🗿️artifacts/🧊️gltf/🏅️standards/🔖️2.0/🪆️subsets/✳️any/🧬️schema/🔺️diff/🦀️component.rs	335	mismatched types
E0308	✏️s/🔌️plugins/🗄️stdio/📦️packages/🦀️rust/././././././././../../🗿️artifacts/🧊️gltf/🏅️standards/🔖️2.0/🪆️subsets/✳️any/🧬️schema/🔺️diff/🦀️component.rs	345	mismatched types
E0308	✏️s/🔌️plugins/🗄️stdio/📦️packages/🦀️rust/./././../../🗿️artifacts/📑️tsv/🏅️standards/🔖️iana/🪆️subsets/✳️any/📚️examples/🎬️demo/🦀️component.rs	15	mismatched types
E0308	✏️s/🔌️plugins/🗄️stdio/📦️packages/🦀️rust/././././././../../🗿️artifacts/🌐️html/🏅️standards/🔖️5/🪆️subsets/✳️any/🚪️io/🦀️component.rs	50	mismatched types
E0277	/Users/ueli/.cargo/registry/src/index.crates.io-1949cf8c6b5b557f/serde_json-1.0.149/src/macros.rs	279	the trait bound `impl Future<Output = MeshData>: serde::Serialize` is not satisfied
E0308	✏️s/🔌️plugins/🗄️stdio/📦️packages/🦀️rust/././././././../../🗿️artifacts/🏗️ifc/🏅️standards/🔖️2x3/🪆️subsets/✳️any/✏️editor/🎭️modes/✏️edit/🪟️windows/🪟️main/🦀️component.rs	69	mismatched types
E0599	✏️s/🔌️plugins/🗄️stdio/📦️packages/🦀️rust/././../../🗿️artifacts/🏗️ifc/🏅️standards/🔖️2x3/🪆️subsets/✳️cobie/✏️editor/🦀️component.rs	87	no method named `document` found for opaque type `impl Future<Output = EditorBuilder>` in the current scope
E0308	✏️s/🔌️plugins/🗄️stdio/📦️packages/🦀️rust/././././././../../🗿️artifacts/🏗️ifc/🏅️standards/🔖️2x3/🪆️subsets/✳️cobie/✏️editor/🎭️modes/✏️edit/🪟️windows/🪟️main/🦀️component.rs	24	mismatched types
E0277	/Users/ueli/.cargo/registry/src/index.crates.io-1949cf8c6b5b557f/serde_json-1.0.149/src/macros.rs	279	the trait bound `impl Future<Output = MeshData>: serde::Serialize` is not satisfied
E0277	/Users/ueli/.cargo/registry/src/index.crates.io-1949cf8c6b5b557f/serde_json-1.0.149/src/macros.rs	279	the trait bound `impl Future<Output = MeshData>: serde::Serialize` is not satisfied
E0308	✏️s/🔌️plugins/🗄️stdio/📦️packages/🦀️rust/././././././../../🗿️artifacts/🧿️semio/🏅️standards/🔖️v1/🪆️subsets/✳️mesh/✏️editor/🎭️modes/✏️edit/🪟️windows/🪟️main/🦀️component.rs	69	mismatched types
E0308	✏️s/🔌️plugins/🗄️stdio/📦️packages/🦀️rust/././././././../../🗿️artifacts/📐️step/🏅️standards/🔖️ap214/🪆️subsets/✳️cc3/👁️viewer/🎭️modes/👁️view/🪟️windows/🪟️main/🦀️component.rs	73	mismatched types
E0599	✏️s/🔌️plugins/🗄️stdio/📦️packages/🦀️rust/././../../🗿️artifacts/📐️step/🏅️standards/🔖️ap214/🪆️subsets/✳️cc4/👁️viewer/🦀️component.rs	83	no method named `document` found for opaque type `impl Future<Output = ViewerBuilder>` in the current scope
E0308	✏️s/🔌️plugins/🗄️stdio/📦️packages/🦀️rust/././././././../../🗿️artifacts/📐️step/🏅️standards/🔖️ap214/🪆️subsets/✳️cc4/👁️viewer/🎭️modes/👁️view/🪟️windows/🪟️main/🦀️component.rs	25	mismatched types
E0599	✏️s/🔌️plugins/🗄️stdio/📦️packages/🦀️rust/././../../🗿️artifacts/🧿️semio/🏅️standards/🔖️v1/🪆️subsets/✳️model/✏️editor/🦀️component.rs	87	no method named `document` found for opaque type `impl Future<Output = EditorBuilder>` in the current scope
E0308	✏️s/🔌️plugins/🗄️stdio/📦️packages/🦀️rust/././././././../../🗿️artifacts/🧿️semio/🏅️standards/🔖️v1/🪆️subsets/✳️model/✏️editor/🎭️modes/✏️edit/🪟️windows/🪟️main/🦀️component.rs	24	mismatched types
E0277	/Users/ueli/.cargo/registry/src/index.crates.io-1949cf8c6b5b557f/serde_json-1.0.149/src/macros.rs	279	the trait bound `impl Future<Output = MeshData>: serde::Serialize` is not satisfied
E0308	✏️s/🔌️plugins/🗄️stdio/📦️packages/🦀️rust/././././././../../🗿️artifacts/🧿️semio/🏅️standards/🔖️v1/🪆️subsets/✳️audio/✏️editor/🎭️modes/✏️edit/🪟️windows/🪟️main/🦀️component.rs	69	mismatched types
E0277	/Users/ueli/.cargo/registry/src/index.crates.io-1949cf8c6b5b557f/serde_json-1.0.149/src/macros.rs	279	the trait bound `impl Future<Output = MeshData>: serde::Serialize` is not satisfied
E0599	✏️s/🔌️plugins/🗄️stdio/📦️packages/🦀️rust/././../../🗿️artifacts/🧿️semio/🏅️standards/🔖️v1/🪆️subsets/✳️brep/✏️editor/🦀️component.rs	87	no method named `document` found for opaque type `impl Future<Output = EditorBuilder>` in the current scope
E0308	✏️s/🔌️plugins/🗄️stdio/📦️packages/🦀️rust/././././././../../🗿️artifacts/☁️las/🏅️standards/🔖️1.0/🪆️subsets/✳️any/👁️viewer/🎭️modes/👁️view/🪟️windows/🪟️main/🦀️component.rs	73	mismatched types
E0308	✏️s/🔌️plugins/🗄️stdio/📦️packages/🦀️rust/././././././../../🗿️artifacts/🧿️semio/🏅️standards/🔖️v1/🪆️subsets/✳️brep/✏️editor/🎭️modes/✏️edit/🪟️windows/🪟️main/🦀️component.rs	24	mismatched types
E0599	✏️s/🔌️plugins/🗄️stdio/📦️packages/🦀️rust/././../../🗿️artifacts/💬️bcf/🏅️standards/🔖️2.1/🪆️subsets/✳️any/👁️viewer/🦀️component.rs	83	no method named `document` found for opaque type `impl Future<Output = ViewerBuilder>` in the current scope
E0308	✏️s/🔌️plugins/🗄️stdio/📦️packages/🦀️rust/././././././../../🗿️artifacts/💬️bcf/🏅️standards/🔖️2.1/🪆️subsets/✳️any/👁️viewer/🎭️modes/👁️view/🪟️windows/🪟️main/🦀️component.rs	21	mismatched types
E0308	✏️s/🔌️plugins/🗄️stdio/📦️packages/🦀️rust/././././././../../🗿️artifacts/💬️bcf/🏅️standards/🔖️2.1/🪆️subsets/✳️any/👁️viewer/🎭️modes/👁️view/🪟️windows/🪟️main/🦀️component.rs	33	mismatched types
E0277	✏️s/🔌️plugins/🗄️stdio/📦️packages/🦀️rust/././././././././../../🗿️artifacts/🧊️gltf/🏅️standards/🔖️2.0/🪆️subsets/✳️any/🧬️schema/🔺️diff/🦀️component.rs	3676	`ByteWriter` is not a future
E0277	✏️s/🔌️plugins/🗄️stdio/📦️packages/🦀️rust/././././././././../../🗿️artifacts/🧊️gltf/🏅️standards/🔖️2.0/🪆️subsets/✳️any/🧬️schema/🔺️diff/🦀️component.rs	3676	`ByteWriter` is not a future
E0277	✏️s/🔌️plugins/🗄️stdio/📦️packages/🦀️rust/././././././././../../🗿️artifacts/🧊️gltf/🏅️standards/🔖️2.0/🪆️subsets/✳️any/🧬️schema/🔺️diff/🦀️component.rs	3686	`dsl::ByteReader<'_>` is not a future
E0277	✏️s/🔌️plugins/🗄️stdio/📦️packages/🦀️rust/././././././././../../🗿️artifacts/🧊️gltf/🏅️standards/🔖️2.0/🪆️subsets/✳️any/🧬️schema/🔺️diff/🦀️component.rs	3686	`dsl::ByteReader<'_>` is not a future
E0599	✏️s/🔌️plugins/🗄️stdio/📦️packages/🦀️rust/././../../🗿️artifacts/📊️csv/🏅️standards/🔖️rfc4180/🪆️subsets/✳️any/👁️viewer/🦀️component.rs	78	no method named `document` found for opaque type `impl Future<Output = ViewerBuilder>` in the current scope
E0308	✏️s/🔌️plugins/🗄️stdio/📦️packages/🦀️rust/././././././../../🗿️artifacts/📊️csv/🏅️standards/🔖️rfc4180/🪆️subsets/✳️any/👁️viewer/🎭️modes/👁️view/🪟️windows/🪟️main/🦀️component.rs	19	mismatched types
E0308	✏️s/🔌️plugins/🗄️stdio/📦️packages/🦀️rust/././././././../../🗿️artifacts/📊️csv/🏅️standards/🔖️rfc4180/🪆️subsets/✳️any/👁️viewer/🎭️modes/👁️view/🪟️windows/🪟️main/🦀️component.rs	35	mismatched types
E0277	✏️s/🔌️plugins/🗄️stdio/📦️packages/🦀️rust/././././././././../../🗿️artifacts/🧊️gltf/🏅️standards/🔖️2.0/🪆️subsets/✳️any/🧬️schema/🔺️diff/🦀️component.rs	3844	`ByteWriter` is not a future
E0277	✏️s/🔌️plugins/🗄️stdio/📦️packages/🦀️rust/././././././././../../🗿️artifacts/🧊️gltf/🏅️standards/🔖️2.0/🪆️subsets/✳️any/🧬️schema/🔺️diff/🦀️component.rs	3846	`Vec<u8>` is not a future
E0277	✏️s/🔌️plugins/🗄️stdio/📦️packages/🦀️rust/././././././././../../🗿️artifacts/🧊️gltf/🏅️standards/🔖️2.0/🪆️subsets/✳️any/🧬️schema/🔺️diff/🦀️component.rs	3866	`ByteWriter` is not a future
E0277	✏️s/🔌️plugins/🗄️stdio/📦️packages/🦀️rust/././././././././../../🗿️artifacts/🧊️gltf/🏅️standards/🔖️2.0/🪆️subsets/✳️any/🧬️schema/🔺️diff/🦀️component.rs	3868	`Vec<u8>` is not a future
E0277	✏️s/🔌️plugins/🗄️stdio/📦️packages/🦀️rust/././././././././../../🗿️artifacts/🧊️gltf/🏅️standards/🔖️2.0/🪆️subsets/✳️any/🧬️schema/🔺️diff/🦀️component.rs	3873	`ByteWriter` is not a future
E0277	✏️s/🔌️plugins/🗄️stdio/📦️packages/🦀️rust/././././././././../../🗿️artifacts/🧊️gltf/🏅️standards/🔖️2.0/🪆️subsets/✳️any/🧬️schema/🔺️diff/🦀️component.rs	3875	`Vec<u8>` is not a future
E0277	✏️s/🔌️plugins/🗄️stdio/📦️packages/🦀️rust/././././././././../../🗿️artifacts/🧊️gltf/🏅️standards/🔖️2.0/🪆️subsets/✳️any/🧬️schema/🔺️diff/🦀️component.rs	3880	`ByteWriter` is not a future
E0277	✏️s/🔌️plugins/🗄️stdio/📦️packages/🦀️rust/././././././././../../🗿️artifacts/🧊️gltf/🏅️standards/🔖️2.0/🪆️subsets/✳️any/🧬️schema/🔺️diff/🦀️component.rs	3882	`Vec<u8>` is not a future
E0277	✏️s/🔌️plugins/🗄️stdio/📦️packages/🦀️rust/././././././././../../🗿️artifacts/🧊️gltf/🏅️standards/🔖️2.0/🪆️subsets/✳️any/🧬️schema/🔺️diff/🦀️component.rs	3887	`ByteWriter` is not a future
E0277	✏️s/🔌️plugins/🗄️stdio/📦️packages/🦀️rust/././././././././../../🗿️artifacts/🧊️gltf/🏅️standards/🔖️2.0/🪆️subsets/✳️any/🧬️schema/🔺️diff/🦀️component.rs	3889	`Vec<u8>` is not a future
E0277	✏️s/🔌️plugins/🗄️stdio/📦️packages/🦀️rust/././././././././../../🗿️artifacts/🧊️gltf/🏅️standards/🔖️2.0/🪆️subsets/✳️any/🧬️schema/🔺️diff/🦀️component.rs	3844	`ByteWriter` is not a future
E0277	✏️s/🔌️plugins/🗄️stdio/📦️packages/🦀️rust/././././././././../../🗿️artifacts/🧊️gltf/🏅️standards/🔖️2.0/🪆️subsets/✳️any/🧬️schema/🔺️diff/🦀️component.rs	3846	`Vec<u8>` is not a future
E0599	✏️s/🔌️plugins/🗄️stdio/📦️packages/🦀️rust/././../../🗿️artifacts/📑️tsv/🏅️standards/🔖️iana/🪆️subsets/✳️any/👁️viewer/🦀️component.rs	75	no method named `document` found for opaque type `impl Future<Output = ViewerBuilder>` in the current scope
E0277	✏️s/🔌️plugins/🗄️stdio/📦️packages/🦀️rust/././././././././../../🗿️artifacts/🧊️gltf/🏅️standards/🔖️2.0/🪆️subsets/✳️any/🧬️schema/🔺️diff/🦀️component.rs	3896	`dsl::ByteReader<'_>` is not a future
E0277	✏️s/🔌️plugins/🗄️stdio/📦️packages/🦀️rust/././././././././../../🗿️artifacts/🧊️gltf/🏅️standards/🔖️2.0/🪆️subsets/✳️any/🧬️schema/🔺️diff/🦀️component.rs	3899	`dsl::ByteReader<'_>` is not a future
E0308	✏️s/🔌️plugins/🗄️stdio/📦️packages/🦀️rust/././././././../../🗿️artifacts/📑️tsv/🏅️standards/🔖️iana/🪆️subsets/✳️any/👁️viewer/🎭️modes/👁️view/🪟️windows/🪟️main/🦀️component.rs	18	mismatched types
E0308	✏️s/🔌️plugins/🗄️stdio/📦️packages/🦀️rust/././././././../../🗿️artifacts/📑️tsv/🏅️standards/🔖️iana/🪆️subsets/✳️any/👁️viewer/🎭️modes/👁️view/🪟️windows/🪟️main/🦀️component.rs	29	mismatched types
E0277	/Users/ueli/.cargo/registry/src/index.crates.io-1949cf8c6b5b557f/serde_json-1.0.149/src/macros.rs	279	the trait bound `impl Future<Output = MeshData>: serde::Serialize` is not satisfied
E0308	✏️s/🔌️plugins/🗄️stdio/📦️packages/🦀️rust/././././././../../🗿️artifacts/🧿️semio/🏅️standards/🔖️v1/🪆️subsets/✳️graph/👁️viewer/🎭️modes/👁️view/🪟️windows/🪟️main/🦀️component.rs	73	mismatched types
E0277	✏️s/🔌️plugins/🗄️stdio/📦️packages/🦀️rust/././././././././../../🗿️artifacts/🧊️gltf/🏅️standards/🔖️2.0/🪆️subsets/✳️any/🧬️schema/🔺️diff/🦀️component.rs	3976	`dsl::ByteReader<'_>` is not a future
E0277	✏️s/🔌️plugins/🗄️stdio/📦️packages/🦀️rust/././././././././../../🗿️artifacts/🧊️gltf/🏅️standards/🔖️2.0/🪆️subsets/✳️any/🧬️schema/🔺️diff/🦀️component.rs	3982	`dsl::ByteReader<'_>` is not a future
E0277	✏️s/🔌️plugins/🗄️stdio/📦️packages/🦀️rust/././././././././../../🗿️artifacts/🧊️gltf/🏅️standards/🔖️2.0/🪆️subsets/✳️any/🧬️schema/🔺️diff/🦀️component.rs	3988	`dsl::ByteReader<'_>` is not a future
E0277	✏️s/🔌️plugins/🗄️stdio/📦️packages/🦀️rust/././././././././../../🗿️artifacts/🧊️gltf/🏅️standards/🔖️2.0/🪆️subsets/✳️any/🧬️schema/🔺️diff/🦀️component.rs	3994	`dsl::ByteReader<'_>` is not a future
E0277	✏️s/🔌️plugins/🗄️stdio/📦️packages/🦀️rust/././././././././../../🗿️artifacts/🧊️gltf/🏅️standards/🔖️2.0/🪆️subsets/✳️any/🧬️schema/🔺️diff/🦀️component.rs	3896	`dsl::ByteReader<'_>` is not a future
E0277	✏️s/🔌️plugins/🗄️stdio/📦️packages/🦀️rust/././././././././../../🗿️artifacts/🧊️gltf/🏅️standards/🔖️2.0/🪆️subsets/✳️any/🧬️schema/🔺️diff/🦀️component.rs	3899	`dsl::ByteReader<'_>` is not a future
E0277	✏️s/🔌️plugins/🗄️stdio/📦️packages/🦀️rust/././././././././../../🗿️artifacts/🧊️gltf/🏅️standards/🔖️2.0/🪆️subsets/✳️any/🧬️schema/🔺️diff/🦀️component.rs	3976	`dsl::ByteReader<'_>` is not a future
E0277	✏️s/🔌️plugins/🗄️stdio/📦️packages/🦀️rust/././././././././../../🗿️artifacts/🧊️gltf/🏅️standards/🔖️2.0/🪆️subsets/✳️any/🧬️schema/🔺️diff/🦀️component.rs	3982	`dsl::ByteReader<'_>` is not a future
E0277	✏️s/🔌️plugins/🗄️stdio/📦️packages/🦀️rust/././././././././../../🗿️artifacts/🧊️gltf/🏅️standards/🔖️2.0/🪆️subsets/✳️any/🧬️schema/🔺️diff/🦀️component.rs	3988	`dsl::ByteReader<'_>` is not a future
E0277	✏️s/🔌️plugins/🗄️stdio/📦️packages/🦀️rust/././././././././../../🗿️artifacts/🧊️gltf/🏅️standards/🔖️2.0/🪆️subsets/✳️any/🧬️schema/🔺️diff/🦀️component.rs	3994	`dsl::ByteReader<'_>` is not a future
E0599	✏️s/🔌️plugins/🗄️stdio/📦️packages/🦀️rust/././../../🗿️artifacts/🧿️semio/🏅️standards/🔖️v1/🪆️subsets/✳️image/👁️viewer/🦀️component.rs	83	no method named `document` found for opaque type `impl Future<Output = ViewerBuilder>` in the current scope
E0599	✏️s/🔌️plugins/🗄️stdio/📦️packages/🦀️rust/././../../🗿️artifacts/📄txt/🏅️standards/🔖️utf-8/🪆️subsets/✳️any/👁️viewer/🦀️component.rs	75	no method named `document` found for opaque type `impl Future<Output = ViewerBuilder>` in the current scope
E0308	✏️s/🔌️plugins/🗄️stdio/📦️packages/🦀️rust/././././././../../🗿️artifacts/🧿️semio/🏅️standards/🔖️v1/🪆️subsets/✳️image/👁️viewer/🎭️modes/👁️view/🪟️windows/🪟️main/🦀️component.rs	25	mismatched types
E0308	✏️s/🔌️plugins/🗄️stdio/📦️packages/🦀️rust/././././././../../🗿️artifacts/📄txt/🏅️standards/🔖️utf-8/🪆️subsets/✳️any/👁️viewer/🎭️modes/👁️view/🪟️windows/🪟️main/🦀️component.rs	18	mismatched types
E0308	✏️s/🔌️plugins/🗄️stdio/📦️packages/🦀️rust/././././././../../🗿️artifacts/📄txt/🏅️standards/🔖️utf-8/🪆️subsets/✳️any/👁️viewer/🎭️modes/👁️view/🪟️windows/🪟️main/🦀️component.rs	30	mismatched types
E0599	✏️s/🔌️plugins/🗄️stdio/📦️packages/🦀️rust/././../../🗿️artifacts/🔣️json/🏅️standards/🔖️rfc8259/🪆️subsets/✳️any/👁️viewer/🦀️component.rs	75	no method named `document` found for opaque type `impl Future<Output = ViewerBuilder>` in the current scope
E0308	✏️s/🔌️plugins/🗄️stdio/📦️packages/🦀️rust/././././././../../🗿️artifacts/🔣️json/🏅️standards/🔖️rfc8259/🪆️subsets/✳️any/👁️viewer/🎭️modes/👁️view/🪟️windows/🪟️main/🦀️component.rs	20	mismatched types
E0308	✏️s/🔌️plugins/🗄️stdio/📦️packages/🦀️rust/././././././../../🗿️artifacts/🔣️json/🏅️standards/🔖️rfc8259/🪆️subsets/✳️any/👁️viewer/🎭️modes/👁️view/🪟️windows/🪟️main/🦀️component.rs	28	mismatched types
E0599	✏️s/🔌️plugins/🗄️stdio/📦️packages/🦀️rust/././../../🗿️artifacts/🔣️json/🏅️standards/🔖️rfc8259/🪆️subsets/✳️i-json/👁️viewer/🦀️component.rs	75	no method named `document` found for opaque type `impl Future<Output = ViewerBuilder>` in the current scope
E0308	✏️s/🔌️plugins/🗄️stdio/📦️packages/🦀️rust/././././././../../🗿️artifacts/🔣️json/🏅️standards/🔖️rfc8259/🪆️subsets/✳️i-json/👁️viewer/🎭️modes/👁️view/🪟️windows/🪟️main/🦀️component.rs	20	mismatched types
E0308	✏️s/🔌️plugins/🗄️stdio/📦️packages/🦀️rust/././././././../../🗿️artifacts/🔣️json/🏅️standards/🔖️rfc8259/🪆️subsets/✳️i-json/👁️viewer/🎭️modes/👁️view/🪟️windows/🪟️main/🦀️component.rs	28	mismatched types
E0308	✏️s/🔌️plugins/🗄️stdio/📦️packages/🦀️rust/./././../../🗿️artifacts/🎵️mp3/🏅️standards/🔖️mpeg1-layer3/🪆️subsets/✳️any/📚️examples/🎬️demo/🦀️component.rs	15	mismatched types
E0308	✏️s/🔌️plugins/🗄️stdio/📦️packages/🦀️rust/././././././../../🗿️artifacts/🔊️wav/🏅️standards/🔖️riff-pcm/🪆️subsets/✳️any/🚪️io/🦀️component.rs	50	mismatched types
E0599	✏️s/🔌️plugins/🗄️stdio/📦️packages/🦀️rust/././../../🗿️artifacts/📰xml/🏅️standards/🔖️1.0/🪆️subsets/✳️any/👁️viewer/🦀️component.rs	75	no method named `document` found for opaque type `impl Future<Output = ViewerBuilder>` in the current scope
E0308	✏️s/🔌️plugins/🗄️stdio/📦️packages/🦀️rust/././././././../../🗿️artifacts/📰xml/🏅️standards/🔖️1.0/🪆️subsets/✳️any/👁️viewer/🎭️modes/👁️view/🪟️windows/🪟️main/🦀️component.rs	19	mismatched types
E0308	✏️s/🔌️plugins/🗄️stdio/📦️packages/🦀️rust/././././././../../🗿️artifacts/📰xml/🏅️standards/🔖️1.0/🪆️subsets/✳️any/👁️viewer/🎭️modes/👁️view/🪟️windows/🪟️main/🦀️component.rs	31	mismatched types
E0599	✏️s/🔌️plugins/🗄️stdio/📦️packages/🦀️rust/././../../🗿️artifacts/📰xml/🏅️standards/🔖️1.0/🪆️subsets/✳️valid/👁️viewer/🦀️component.rs	75	no method named `document` found for opaque type `impl Future<Output = ViewerBuilder>` in the current scope
E0308	✏️s/🔌️plugins/🗄️stdio/📦️packages/🦀️rust/././././././../../🗿️artifacts/📰xml/🏅️standards/🔖️1.0/🪆️subsets/✳️valid/👁️viewer/🎭️modes/👁️view/🪟️windows/🪟️main/🦀️component.rs	19	mismatched types
E0308	✏️s/🔌️plugins/🗄️stdio/📦️packages/🦀️rust/././././././../../🗿️artifacts/📰xml/🏅️standards/🔖️1.0/🪆️subsets/✳️valid/👁️viewer/🎭️modes/👁️view/🪟️windows/🪟️main/🦀️component.rs	31	mismatched types
E0308	✏️s/🔌️plugins/🗄️stdio/📦️packages/🦀️rust/././././././././../../🗿️artifacts/🧊️gltf/🏅️standards/🔖️2.0/🪆️subsets/✳️any/🧬️schema/💡️inferences/🔨️dag-assembly/🦀️component.rs	27	mismatched types
E0308	✏️s/🔌️plugins/🗄️stdio/📦️packages/🦀️rust/././././././././../../🗿️artifacts/🧊️gltf/🏅️standards/🔖️2.0/🪆️subsets/✳️any/🧬️schema/💡️inferences/🔨️dag-assembly/🦀️component.rs	28	mismatched types
E0308	✏️s/🔌️plugins/🗄️stdio/📦️packages/🦀️rust/././././././././../../🗿️artifacts/🧊️gltf/🏅️standards/🔖️2.0/🪆️subsets/✳️any/🧬️schema/💡️inferences/🔨️dag-assembly/🦀️component.rs	29	mismatched types
E0308	✏️s/🔌️plugins/🗄️stdio/📦️packages/🦀️rust/././././././././../../🗿️artifacts/🧊️gltf/🏅️standards/🔖️2.0/🪆️subsets/✳️any/🧬️schema/💡️inferences/🔨️dag-assembly/🦀️component.rs	30	mismatched types
E0308	✏️s/🔌️plugins/🗄️stdio/📦️packages/🦀️rust/././././././././../../🗿️artifacts/🧊️gltf/🏅️standards/🔖️2.0/🪆️subsets/✳️any/🧬️schema/💡️inferences/🔨️dag-assembly/🦀️component.rs	31	mismatched types
E0308	✏️s/🔌️plugins/🗄️stdio/📦️packages/🦀️rust/././././././././../../🗿️artifacts/🧊️gltf/🏅️standards/🔖️2.0/🪆️subsets/✳️any/🧬️schema/💡️inferences/🔨️dag-assembly/🦀️component.rs	32	mismatched types
E0308	✏️s/🔌️plugins/🗄️stdio/📦️packages/🦀️rust/././././././././../../🗿️artifacts/🧊️gltf/🏅️standards/🔖️2.0/🪆️subsets/✳️any/🧬️schema/💡️inferences/🔨️dag-assembly/🦀️component.rs	33	mismatched types
E0308	✏️s/🔌️plugins/🗄️stdio/📦️packages/🦀️rust/././././././././../../🗿️artifacts/🧊️gltf/🏅️standards/🔖️2.0/🪆️subsets/✳️any/🧬️schema/💡️inferences/🔨️dag-assembly/🦀️component.rs	34	mismatched types
E0308	✏️s/🔌️plugins/🗄️stdio/📦️packages/🦀️rust/././././././././../../🗿️artifacts/🧊️gltf/🏅️standards/🔖️2.0/🪆️subsets/✳️any/🧬️schema/💡️inferences/🔨️dag-assembly/🦀️component.rs	35	mismatched types
E0308	✏️s/🔌️plugins/🗄️stdio/📦️packages/🦀️rust/././././././././../../🗿️artifacts/🧊️gltf/🏅️standards/🔖️2.0/🪆️subsets/✳️any/🧬️schema/💡️inferences/🔨️dag-assembly/🦀️component.rs	36	mismatched types
E0277	/Users/ueli/.cargo/registry/src/index.crates.io-1949cf8c6b5b557f/serde_json-1.0.149/src/macros.rs	279	the trait bound `impl Future<Output = MeshData>: serde::Serialize` is not satisfied
E0308	✏️s/🔌️plugins/🗄️stdio/📦️packages/🦀️rust/././././././././../../🗿️artifacts/🧊️gltf/🏅️standards/🔖️2.0/🪆️subsets/✳️any/🧬️schema/💡️inferences/🔨️dag-assembly/🦀️component.rs	37	mismatched types
E0308	✏️s/🔌️plugins/🗄️stdio/📦️packages/🦀️rust/././././././../../🗿️artifacts/🏗️ifc/🏅️standards/🔖️2x3/🪆️subsets/✳️cobie/✏️editor/🎭️modes/✏️edit/🪟️windows/🪟️main/🦀️component.rs	69	mismatched types
E0308	✏️s/🔌️plugins/🗄️stdio/📦️packages/🦀️rust/././././././././../../🗿️artifacts/🧊️gltf/🏅️standards/🔖️2.0/🪆️subsets/✳️any/🧬️schema/💡️inferences/🔨️dag-assembly/🦀️component.rs	38	mismatched types
E0308	✏️s/🔌️plugins/🗄️stdio/📦️packages/🦀️rust/././././././././../../🗿️artifacts/🧊️gltf/🏅️standards/🔖️2.0/🪆️subsets/✳️any/🧬️schema/💡️inferences/🔨️dag-assembly/🦀️component.rs	39	mismatched types
E0308	✏️s/🔌️plugins/🗄️stdio/📦️packages/🦀️rust/././././././././../../🗿️artifacts/🧊️gltf/🏅️standards/🔖️2.0/🪆️subsets/✳️any/🧬️schema/💡️inferences/🔨️dag-assembly/🦀️component.rs	40	mismatched types
E0308	✏️s/🔌️plugins/🗄️stdio/📦️packages/🦀️rust/././././././././../../🗿️artifacts/🧊️gltf/🏅️standards/🔖️2.0/🪆️subsets/✳️any/🧬️schema/💡️inferences/🔨️dag-assembly/🦀️component.rs	52	mismatched types
E0308	✏️s/🔌️plugins/🗄️stdio/📦️packages/🦀️rust/././././././././../../🗿️artifacts/🧊️gltf/🏅️standards/🔖️2.0/🪆️subsets/✳️any/🧬️schema/💡️inferences/🔨️dag-assembly/🦀️component.rs	53	mismatched types
E0308	✏️s/🔌️plugins/🗄️stdio/📦️packages/🦀️rust/././././././././../../🗿️artifacts/🧊️gltf/🏅️standards/🔖️2.0/🪆️subsets/✳️any/🧬️schema/💡️inferences/🔨️dag-assembly/🦀️component.rs	54	mismatched types
E0308	✏️s/🔌️plugins/🗄️stdio/📦️packages/🦀️rust/././././././././../../🗿️artifacts/🧊️gltf/🏅️standards/🔖️2.0/🪆️subsets/✳️any/🧬️schema/💡️inferences/🔨️dag-assembly/🦀️component.rs	55	mismatched types
E0308	✏️s/🔌️plugins/🗄️stdio/📦️packages/🦀️rust/././././././././../../🗿️artifacts/🧊️gltf/🏅️standards/🔖️2.0/🪆️subsets/✳️any/🧬️schema/💡️inferences/🔨️dag-assembly/🦀️component.rs	56	mismatched types
E0308	✏️s/🔌️plugins/🗄️stdio/📦️packages/🦀️rust/././././././././../../🗿️artifacts/🧊️gltf/🏅️standards/🔖️2.0/🪆️subsets/✳️any/🧬️schema/💡️inferences/🔨️dag-assembly/🦀️component.rs	57	mismatched types
E0308	✏️s/🔌️plugins/🗄️stdio/📦️packages/🦀️rust/././././././././../../🗿️artifacts/🧊️gltf/🏅️standards/🔖️2.0/🪆️subsets/✳️any/🧬️schema/💡️inferences/🔨️dag-assembly/🦀️component.rs	58	mismatched types
E0308	✏️s/🔌️plugins/🗄️stdio/📦️packages/🦀️rust/./././../../🗿️artifacts/🔊️wav/🏅️standards/🔖️riff-pcm/🪆️subsets/✳️any/📚️examples/🎬️demo/🦀️component.rs	15	mismatched types
E0308	✏️s/🔌️plugins/🗄️stdio/📦️packages/🦀️rust/././././././././../../🗿️artifacts/🧊️gltf/🏅️standards/🔖️2.0/🪆️subsets/✳️any/🧬️schema/💡️inferences/🔨️dag-assembly/🦀️component.rs	59	mismatched types
E0308	✏️s/🔌️plugins/🗄️stdio/📦️packages/🦀️rust/././././././././../../🗿️artifacts/🧊️gltf/🏅️standards/🔖️2.0/🪆️subsets/✳️any/🧬️schema/💡️inferences/🔨️dag-assembly/🦀️component.rs	60	mismatched types
E0308	✏️s/🔌️plugins/🗄️stdio/📦️packages/🦀️rust/././././././././../../🗿️artifacts/🧊️gltf/🏅️standards/🔖️2.0/🪆️subsets/✳️any/🧬️schema/💡️inferences/🔨️dag-assembly/🦀️component.rs	61	mismatched types
E0599	✏️s/🔌️plugins/🗄️stdio/📦️packages/🦀️rust/././../../🗿️artifacts/🏗️ifc/🏅️standards/🔖️2x3/🪆️subsets/✳️cv20/✏️editor/🦀️component.rs	87	no method named `document` found for opaque type `impl Future<Output = EditorBuilder>` in the current scope
E0308	✏️s/🔌️plugins/🗄️stdio/📦️packages/🦀️rust/././././././../../🗿️artifacts/🌦️epw/🏅️standards/🔖️energyplus/🪆️subsets/✳️any/🚪️io/🦀️component.rs	53	mismatched types
E0308	✏️s/🔌️plugins/🗄️stdio/📦️packages/🦀️rust/././././././././../../🗿️artifacts/🧊️gltf/🏅️standards/🔖️2.0/🪆️subsets/✳️any/🧬️schema/💡️inferences/🔨️dag-assembly/🦀️component.rs	62	mismatched types
E0308	✏️s/🔌️plugins/🗄️stdio/📦️packages/🦀️rust/././././././././../../🗿️artifacts/🧊️gltf/🏅️standards/🔖️2.0/🪆️subsets/✳️any/🧬️schema/💡️inferences/🔨️dag-assembly/🦀️component.rs	63	mismatched types
E0308	✏️s/🔌️plugins/🗄️stdio/📦️packages/🦀️rust/././././././../../🗿️artifacts/🏗️ifc/🏅️standards/🔖️2x3/🪆️subsets/✳️cv20/✏️editor/🎭️modes/✏️edit/🪟️windows/🪟️main/🦀️component.rs	24	mismatched types
E0308	✏️s/🔌️plugins/🗄️stdio/📦️packages/🦀️rust/././././././././../../🗿️artifacts/🧊️gltf/🏅️standards/🔖️2.0/🪆️subsets/✳️any/🧬️schema/💡️inferences/🔨️dag-assembly/🦀️component.rs	64	mismatched types
E0308	✏️s/🔌️plugins/🗄️stdio/📦️packages/🦀️rust/././././././././../../🗿️artifacts/🧊️gltf/🏅️standards/🔖️2.0/🪆️subsets/✳️any/🧬️schema/💡️inferences/🔨️dag-assembly/🦀️component.rs	65	mismatched types
E0271	✏️s/🔌️plugins/🗄️stdio/📦️packages/🦀️rust/././././././././../../🗿️artifacts/🎥️mp4/🏅️standards/🔖️isobmff/🪆️subsets/✳️any/🧬️schema/🔺️diff/🦀️component.rs	460	expected `validate_track_diff` to return `Result<(), MutationApplyError>`, but it returns `impl Future<Output = Result<(), MutationApplyError>>`
E0271	✏️s/🔌️plugins/🗄️stdio/📦️packages/🦀️rust/././././././././../../🗿️artifacts/🎥️mp4/🏅️standards/🔖️isobmff/🪆️subsets/✳️any/🧬️schema/🔺️diff/🦀️component.rs	466	expected `apply_track_diff` to return `Mp4Track`, but it returns `impl Future<Output = Mp4Track>`
E0271	✏️s/🔌️plugins/🗄️stdio/📦️packages/🦀️rust/././././././././../../🗿️artifacts/🎥️mp4/🏅️standards/🔖️isobmff/🪆️subsets/✳️any/🧬️schema/🔺️diff/🦀️component.rs	478	expected `absorb_track_diff` to return `()`, but it returns `impl Future<Output = ()>`
E0271	✏️s/🔌️plugins/🗄️stdio/📦️packages/🦀️rust/././././././././../../🗿️artifacts/🎥️mp4/🏅️standards/🔖️isobmff/🪆️subsets/✳️any/🧬️schema/🔺️diff/🦀️component.rs	478	expected `apply_track_diff_mut` to return `()`, but it returns `impl Future<Output = ()>`
E0271	✏️s/🔌️plugins/🗄️stdio/📦️packages/🦀️rust/././././././././../../🗿️artifacts/🎥️mp4/🏅️standards/🔖️isobmff/🪆️subsets/✳️any/🧬️schema/🔺️diff/🦀️component.rs	478	expected `absorb_track_diff` to return `()`, but it returns `impl Future<Output = ()>`
E0271	✏️s/🔌️plugins/🗄️stdio/📦️packages/🦀️rust/././././././././../../🗿️artifacts/🎥️mp4/🏅️standards/🔖️isobmff/🪆️subsets/✳️any/🧬️schema/🔺️diff/🦀️component.rs	478	expected `apply_track_diff_mut` to return `()`, but it returns `impl Future<Output = ()>`
E0308	✏️s/🔌️plugins/🗄️stdio/📦️packages/🦀️rust/././././././././../../🗿️artifacts/🎥️mp4/🏅️standards/🔖️isobmff/🪆️subsets/✳️any/🧬️schema/🔺️diff/🦀️component.rs	479	`match` arms have incompatible types
E0631	✏️s/🔌️plugins/🗄️stdio/📦️packages/🦀️rust/././././././././../../🗿️artifacts/🎥️mp4/🏅️standards/🔖️isobmff/🪆️subsets/✳️any/🧬️schema/🔺️diff/🦀️component.rs	494	type mismatch in function arguments
E0631	✏️s/🔌️plugins/🗄️stdio/📦️packages/🦀️rust/././././././././../../🗿️artifacts/🎥️mp4/🏅️standards/🔖️isobmff/🪆️subsets/✳️any/🧬️schema/🔺️diff/🦀️component.rs	494	type mismatch in function arguments
E0277	/Users/ueli/.cargo/registry/src/index.crates.io-1949cf8c6b5b557f/serde_json-1.0.149/src/macros.rs	279	the trait bound `impl Future<Output = MeshData>: serde::Serialize` is not satisfied
E0308	✏️s/🔌️plugins/🗄️stdio/📦️packages/🦀️rust/././././././../../🗿️artifacts/📐️step/🏅️standards/🔖️ap214/🪆️subsets/✳️cc4/👁️viewer/🎭️modes/👁️view/🪟️windows/🪟️main/🦀️component.rs	73	mismatched types
E0308	✏️s/🔌️plugins/🗄️stdio/📦️packages/🦀️rust/./././../../🗿️artifacts/📼️avi/🏅️standards/🔖️1.0/🪆️subsets/✳️any/📚️examples/🎬️demo/🦀️component.rs	15	mismatched types
E0277	/Users/ueli/.cargo/registry/src/index.crates.io-1949cf8c6b5b557f/serde_json-1.0.149/src/macros.rs	279	the trait bound `impl Future<Output = MeshData>: serde::Serialize` is not satisfied
E0599	✏️s/🔌️plugins/🗄️stdio/📦️packages/🦀️rust/././././././././../../🗿️artifacts/🎥️mp4/🏅️standards/🔖️isobmff/🪆️subsets/✳️any/🧬️schema/🔺️diff/🦀️component.rs	495	no method named `is_empty` found for opaque type `impl Future<Output = IndexedDiff<Mp4Track, impl Future<Output = ...>>>` in the current scope
E0308	✏️s/🔌️plugins/🗄️stdio/📦️packages/🦀️rust/././././././../../🗿️artifacts/🧿️semio/🏅️standards/🔖️v1/🪆️subsets/✳️model/✏️editor/🎭️modes/✏️edit/🪟️windows/🪟️main/🦀️component.rs	69	mismatched types
E0271	✏️s/🔌️plugins/🗄️stdio/📦️packages/🦀️rust/././././././././../../🗿️artifacts/🎥️mp4/🏅️standards/🔖️isobmff/🪆️subsets/✳️any/🧬️schema/🔺️diff/🦀️component.rs	510	expected `apply_track_diff` to return `Mp4Track`, but it returns `impl Future<Output = Mp4Track>`
E0599	✏️s/🔌️plugins/🗄️stdio/📦️packages/🦀️rust/././../../🗿️artifacts/📐️step/🏅️standards/🔖️ap214/🪆️subsets/✳️cc5/👁️viewer/🦀️component.rs	83	no method named `document` found for opaque type `impl Future<Output = ViewerBuilder>` in the current scope
E0308	✏️s/🔌️plugins/🗄️stdio/📦️packages/🦀️rust/././././././../../🗿️artifacts/📐️step/🏅️standards/🔖️ap214/🪆️subsets/✳️cc5/👁️viewer/🎭️modes/👁️view/🪟️windows/🪟️main/🦀️component.rs	25	mismatched types
E0599	✏️s/🔌️plugins/🗄️stdio/📦️packages/🦀️rust/././../../🗿️artifacts/🎵️mp3/🦀️component.rs	67	no method named `schema` found for opaque type `impl Future<Output = ArtifactDeclarationBuilder<NeedsSchema>>` in the current scope
E0308	✏️s/🔌️plugins/🗄️stdio/📦️packages/🦀️rust/././././././../../🗿️artifacts/🎵️mp3/🏅️standards/🔖️mpeg1-layer3/🪆️subsets/✳️any/🚪️io/🦀️component.rs	49	mismatched types
E0599	✏️s/🔌️plugins/🗄️stdio/📦️packages/🦀️rust/././../../🗿️artifacts/🧿️semio/🏅️standards/🔖️v1/🪆️subsets/✳️object/✏️editor/🦀️component.rs	87	no method named `document` found for opaque type `impl Future<Output = EditorBuilder>` in the current scope
E0308	✏️s/🔌️plugins/🗄️stdio/📦️packages/🦀️rust/././././././../../🗿️artifacts/🧿️semio/🏅️standards/🔖️v1/🪆️subsets/✳️object/✏️editor/🎭️modes/✏️edit/🪟️windows/🪟️main/🦀️component.rs	24	mismatched types
E0277	/Users/ueli/.cargo/registry/src/index.crates.io-1949cf8c6b5b557f/serde_json-1.0.149/src/macros.rs	279	the trait bound `impl Future<Output = MeshData>: serde::Serialize` is not satisfied
E0308	✏️s/🔌️plugins/🗄️stdio/📦️packages/🦀️rust/././././././../../🗿️artifacts/🧿️semio/🏅️standards/🔖️v1/🪆️subsets/✳️brep/✏️editor/🎭️modes/✏️edit/🪟️windows/🪟️main/🦀️component.rs	69	mismatched types
E0599	✏️s/🔌️plugins/🗄️stdio/📦️packages/🦀️rust/././../../🗿️artifacts/🧿️semio/🏅️standards/🔖️v1/🪆️subsets/✳️cad/✏️editor/🦀️component.rs	87	no method named `document` found for opaque type `impl Future<Output = EditorBuilder>` in the current scope
E0308	✏️s/🔌️plugins/🗄️stdio/📦️packages/🦀️rust/././././././../../🗿️artifacts/🧿️semio/🏅️standards/🔖️v1/🪆️subsets/✳️cad/✏️editor/🎭️modes/✏️edit/🪟️windows/🪟️main/🦀️component.rs	24	mismatched types
E0308	✏️s/🔌️plugins/🗄️stdio/📦️packages/🦀️rust/././././././././../../🗿️artifacts/🎥️mp4/🏅️standards/🔖️isobmff/🪆️subsets/✳️any/🧬️schema/🧬️mutations/🦀️component.rs	80	`match` arms have incompatible types
E0308	✏️s/🔌️plugins/🗄️stdio/📦️packages/🦀️rust/././././././././../../🗿️artifacts/🎥️mp4/🏅️standards/🔖️isobmff/🪆️subsets/✳️any/🧬️schema/🧬️mutations/🦀️component.rs	84	mismatched types
E0308	✏️s/🔌️plugins/🗄️stdio/📦️packages/🦀️rust/././././././././../../🗿️artifacts/🎥️mp4/🏅️standards/🔖️isobmff/🪆️subsets/✳️any/🧬️schema/🧬️mutations/🦀️component.rs	88	mismatched types
E0308	✏️s/🔌️plugins/🗄️stdio/📦️packages/🦀️rust/././././././././../../🗿️artifacts/🎥️mp4/🏅️standards/🔖️isobmff/🪆️subsets/✳️any/🧬️schema/🧬️mutations/🦀️component.rs	91	mismatched types
E0308	✏️s/🔌️plugins/🗄️stdio/📦️packages/🦀️rust/./././././././././../../🗿️artifacts/🎥️mp4/🏅️standards/🔖️isobmff/🪆️subsets/✳️any/🧬️schema/🧬️mutations/📄set-snapshot/🔺️diff/🦀️component.rs	10	mismatched types
E0308	✏️s/🔌️plugins/🗄️stdio/📦️packages/🦀️rust/./././../../🗿️artifacts/🎥️mp4/🏅️standards/🔖️isobmff/🪆️subsets/✳️any/📚️examples/🎬️demo/🦀️component.rs	15	mismatched types
E0599	✏️s/🔌️plugins/🗄️stdio/📦️packages/🦀️rust/././../../🗿️artifacts/📼️avi/🦀️component.rs	66	no method named `schema` found for opaque type `impl Future<Output = ArtifactDeclarationBuilder<NeedsSchema>>` in the current scope
E0308	✏️s/🔌️plugins/🗄️stdio/📦️packages/🦀️rust/././././././../../🗿️artifacts/📼️avi/🏅️standards/🔖️1.0/🪆️subsets/✳️any/🚪️io/🦀️component.rs	50	mismatched types
E0277	/Users/ueli/.cargo/registry/src/index.crates.io-1949cf8c6b5b557f/serde_json-1.0.149/src/macros.rs	279	the trait bound `impl Future<Output = MeshData>: serde::Serialize` is not satisfied
E0308	✏️s/🔌️plugins/🗄️stdio/📦️packages/🦀️rust/././././././../../🗿️artifacts/🧿️semio/🏅️standards/🔖️v1/🪆️subsets/✳️image/👁️viewer/🎭️modes/👁️view/🪟️windows/🪟️main/🦀️component.rs	73	mismatched types
E0599	✏️s/🔌️plugins/🗄️stdio/📦️packages/🦀️rust/././../../🗿️artifacts/🧿️semio/🏅️standards/🔖️v1/🪆️subsets/✳️kit/👁️viewer/🦀️component.rs	83	no method named `document` found for opaque type `impl Future<Output = ViewerBuilder>` in the current scope
E0308	✏️s/🔌️plugins/🗄️stdio/📦️packages/🦀️rust/././././././../../🗿️artifacts/🧿️semio/🏅️standards/🔖️v1/🪆️subsets/✳️kit/👁️viewer/🎭️modes/👁️view/🪟️windows/🪟️main/🦀️component.rs	25	mismatched types
E0308	✏️s/🔌️plugins/🗄️stdio/📦️packages/🦀️rust/././././././././../../🗿️artifacts/🎥️mp4/🏅️standards/🔖️isobmff/🪆️subsets/✳️any/🧬️schema/📸️snapshot/🦀️component.rs	249	`match` arms have incompatible types
E0308	✏️s/🔌️plugins/🗄️stdio/📦️packages/🦀️rust/././././././././../../🗿️artifacts/🎥️mp4/🏅️standards/🔖️isobmff/🪆️subsets/✳️any/🧬️schema/📸️snapshot/🦀️component.rs	249	`match` arms have incompatible types
E0308	✏️s/🔌️plugins/🗄️stdio/📦️packages/🦀️rust/././././././././../../🗿️artifacts/🧿️semio/🏅️standards/🔖️v1/🪆️subsets/✳️kit/📚️examples/🪑️furniture/🦀️component.rs	22	mismatched types
E0308	✏️s/🔌️plugins/🗄️stdio/📦️packages/🦀️rust/./././../../🗿️artifacts/🧿️semio/🏅️standards/🔖️v1/🪆️subsets/✳️any/📚️examples/🎬️demo/🦀️component.rs	15	mismatched types
E0308	✏️s/🔌️plugins/🗄️stdio/📦️packages/🦀️rust/./././../../🗿️artifacts/🧿️semio/🏅️standards/🔖️v1/🪆️subsets/✳️any/📚️examples/📃️note/🦀️component.rs	19	mismatched types
E0599	✏️s/🔌️plugins/🗄️stdio/📦️packages/🦀️rust/././../../🗿️artifacts/🎥️mp4/🦀️component.rs	66	no method named `schema` found for opaque type `impl Future<Output = ArtifactDeclarationBuilder<NeedsSchema>>` in the current scope
E0425	✏️s/🔌️plugins/🗄️stdio/📦️packages/🦀️rust/././././././../../🗿️artifacts/🎥️mp4/🏅️standards/🔖️isobmff/🪆️subsets/✳️any/🚪️io/🦀️component.rs	820	cannot find function `write_boxasync` in this scope
E0308	✏️s/🔌️plugins/🗄️stdio/📦️packages/🦀️rust/././././././../../🗿️artifacts/🎥️mp4/🏅️standards/🔖️isobmff/🪆️subsets/✳️any/🚪️io/🦀️component.rs	825	mismatched types
E0308	✏️s/🔌️plugins/🗄️stdio/📦️packages/🦀️rust/././././././././../../🗿️artifacts/🧿️semio/🏅️standards/🔖️v1/🪆️subsets/✳️kit/🧬️schema/📸️snapshot/🦀️component.rs	151	mismatched types
E0308	✏️s/🔌️plugins/🗄️stdio/📦️packages/🦀️rust/././././././../../🗿️artifacts/🎥️mp4/🏅️standards/🔖️isobmff/🪆️subsets/✳️any/🚪️io/🦀️component.rs	826	mismatched types
E0308	✏️s/🔌️plugins/🗄️stdio/📦️packages/🦀️rust/././././././../../🗿️artifacts/🎥️mp4/🏅️standards/🔖️isobmff/🪆️subsets/✳️any/🚪️io/🦀️component.rs	827	mismatched types
E0308	✏️s/🔌️plugins/🗄️stdio/📦️packages/🦀️rust/././././././../../🗿️artifacts/🎥️mp4/🏅️standards/🔖️isobmff/🪆️subsets/✳️any/🚪️io/🦀️component.rs	828	mismatched types
E0308	✏️s/🔌️plugins/🗄️stdio/📦️packages/🦀️rust/././././././././../../🗿️artifacts/🧿️semio/🏅️standards/🔖️v1/🪆️subsets/✳️kit/🧬️schema/📸️snapshot/🦀️component.rs	380	mismatched types
E0277	✏️s/🔌️plugins/🗄️stdio/📦️packages/🦀️rust/././././././././../../🗿️artifacts/🧿️semio/🏅️standards/🔖️v1/🪆️subsets/✳️kit/🧬️schema/📸️snapshot/🦀️component.rs	480	`Result<&[u8], PackError>` is not a future
E0277	✏️s/🔌️plugins/🗄️stdio/📦️packages/🦀️rust/././././././././../../🗿️artifacts/🧿️semio/🏅️standards/🔖️v1/🪆️subsets/✳️kit/🧬️schema/📸️snapshot/🦀️component.rs	480	`Result<&[u8], PackError>` is not a future
E0277	✏️s/🔌️plugins/🗄️stdio/📦️packages/🦀️rust/././././././././../../🗿️artifacts/🧿️semio/🏅️standards/🔖️v1/🪆️subsets/✳️kit/🧬️schema/📸️snapshot/🦀️component.rs	581	`dsl::ByteReader<'_>` is not a future
E0308	✏️s/🔌️plugins/🗄️stdio/📦️packages/🦀️rust/././././././././../../🗿️artifacts/🧿️semio/🏅️standards/🔖️v1/🪆️subsets/✳️object/🧬️schema/📸️snapshot/🦀️component.rs	206	mismatched types
E0277	✏️s/🔌️plugins/🗄️stdio/📦️packages/🦀️rust/././././././././../../🗿️artifacts/🧿️semio/🏅️standards/🔖️v1/🪆️subsets/✳️kit/🧬️schema/📸️snapshot/🦀️component.rs	581	`dsl::ByteReader<'_>` is not a future
E0277	✏️s/🔌️plugins/🗄️stdio/📦️packages/🦀️rust/././././././././../../🗿️artifacts/🧿️semio/🏅️standards/🔖️v1/🪆️subsets/✳️object/🧬️schema/📸️snapshot/🦀️component.rs	236	`Result<&[u8], PackError>` is not a future
E0277	✏️s/🔌️plugins/🗄️stdio/📦️packages/🦀️rust/././././././././../../🗿️artifacts/🧿️semio/🏅️standards/🔖️v1/🪆️subsets/✳️object/🧬️schema/📸️snapshot/🦀️component.rs	236	`Result<&[u8], PackError>` is not a future
E0277	✏️s/🔌️plugins/🗄️stdio/📦️packages/🦀️rust/././././././././../../🗿️artifacts/🧿️semio/🏅️standards/🔖️v1/🪆️subsets/✳️object/🧬️schema/📸️snapshot/🦀️component.rs	254	`dsl::ByteReader<'_>` is not a future
E0277	✏️s/🔌️plugins/🗄️stdio/📦️packages/🦀️rust/././././././././../../🗿️artifacts/🧿️semio/🏅️standards/🔖️v1/🪆️subsets/✳️object/🧬️schema/📸️snapshot/🦀️component.rs	254	`dsl::ByteReader<'_>` is not a future
E0277	✏️s/🔌️plugins/🗄️stdio/📦️packages/🦀️rust/././././././././../../🗿️artifacts/🧿️semio/🏅️standards/🔖️v1/🪆️subsets/✳️object/🧬️schema/🔺️diff/🦀️component.rs	194	`dsl::ByteReader<'_>` is not a future
E0277	✏️s/🔌️plugins/🗄️stdio/📦️packages/🦀️rust/././././././././../../🗿️artifacts/🧿️semio/🏅️standards/🔖️v1/🪆️subsets/✳️object/🧬️schema/🔺️diff/🦀️component.rs	194	`dsl::ByteReader<'_>` is not a future
E0277	/Users/ueli/.cargo/registry/src/index.crates.io-1949cf8c6b5b557f/serde_json-1.0.149/src/macros.rs	279	the trait bound `impl Future<Output = MeshData>: serde::Serialize` is not satisfied
E0308	✏️s/🔌️plugins/🗄️stdio/📦️packages/🦀️rust/././././././../../🗿️artifacts/🏗️ifc/🏅️standards/🔖️2x3/🪆️subsets/✳️cv20/✏️editor/🎭️modes/✏️edit/🪟️windows/🪟️main/🦀️component.rs	69	mismatched types
E0277	✏️s/🔌️plugins/🗄️stdio/📦️packages/🦀️rust/././././././././../../🗿️artifacts/🧿️semio/🏅️standards/🔖️v1/🪆️subsets/✳️kit/🧬️schema/🔺️diff/🦀️component.rs	264	`dsl::ByteReader<'_>` is not a future
E0277	✏️s/🔌️plugins/🗄️stdio/📦️packages/🦀️rust/././././././././../../🗿️artifacts/🧿️semio/🏅️standards/🔖️v1/🪆️subsets/✳️kit/🧬️schema/🔺️diff/🦀️component.rs	264	`dsl::ByteReader<'_>` is not a future
E0599	✏️s/🔌️plugins/🗄️stdio/📦️packages/🦀️rust/././../../🗿️artifacts/🏗️ifc/🏅️standards/🔖️2x3/🪆️subsets/✳️sav/✏️editor/🦀️component.rs	87	no method named `document` found for opaque type `impl Future<Output = EditorBuilder>` in the current scope
E0308	✏️s/🔌️plugins/🗄️stdio/📦️packages/🦀️rust/././././././../../🗿️artifacts/🏗️ifc/🏅️standards/🔖️2x3/🪆️subsets/✳️sav/✏️editor/🎭️modes/✏️edit/🪟️windows/🪟️main/🦀️component.rs	24	mismatched types
E0308	✏️s/🔌️plugins/🗄️stdio/📦️packages/🦀️rust/./././././././././../../🗿️artifacts/🧿️semio/🏅️standards/🔖️v1/🪆️subsets/✳️object/🧬️schema/🧬️mutations/🧱create-brep/🔺️diff/🦀️component.rs	15	mismatched types
E0308	✏️s/🔌️plugins/🗄️stdio/📦️packages/🦀️rust/./././././././././../../🗿️artifacts/🧿️semio/🏅️standards/🔖️v1/🪆️subsets/✳️object/🧬️schema/🧬️mutations/🕸️create-mesh/🔺️diff/🦀️component.rs	15	mismatched types
E0308	✏️s/🔌️plugins/🗄️stdio/📦️packages/🦀️rust/./././././././././../../🗿️artifacts/🧿️semio/🏅️standards/🔖️v1/🪆️subsets/✳️object/🧬️schema/🧬️mutations/🏷️create-properties/🔺️diff/🦀️component.rs	15	mismatched types
E0308	✏️s/🔌️plugins/🗄️stdio/📦️packages/🦀️rust/./././././././././../../🗿️artifacts/🧿️semio/🏅️standards/🔖️v1/🪆️subsets/✳️kit/🧬️schema/🧬️mutations/🏗️create-object/🔺️diff/🦀️component.rs	18	mismatched types
E0308	✏️s/🔌️plugins/🗄️stdio/📦️packages/🦀️rust/././././././././../../🗿️artifacts/🧿️semio/🏅️standards/🔖️v1/🪆️subsets/✳️object/📚️examples/📦️crate/🦀️component.rs	22	mismatched types
E0308	✏️s/🔌️plugins/🗄️stdio/📦️packages/🦀️rust/././././././../../🗿️artifacts/🧿️semio/🏅️standards/🔖️v1/🪆️subsets/✳️kit/🚪️io/🦀️component.rs	115	mismatched types
E0308	✏️s/🔌️plugins/🗄️stdio/📦️packages/🦀️rust/./././././././././../../🗿️artifacts/🧿️semio/🏅️standards/🔖️v1/🪆️subsets/✳️kit/🧬️schema/🧬️mutations/🏛️create-model/🔺️diff/🦀️component.rs	18	mismatched types
E0308	✏️s/🔌️plugins/🗄️stdio/📦️packages/🦀️rust/./././././././././../../🗿️artifacts/🧿️semio/🏅️standards/🔖️v1/🪆️subsets/✳️kit/🧬️schema/🧬️mutations/🏷️create-properties/🔺️diff/🦀️component.rs	17	mismatched types
E0277	/Users/ueli/.cargo/registry/src/index.crates.io-1949cf8c6b5b557f/serde_json-1.0.149/src/macros.rs	279	the trait bound `impl Future<Output = MeshData>: serde::Serialize` is not satisfied
E0308	✏️s/🔌️plugins/🗄️stdio/📦️packages/🦀️rust/././././././../../🗿️artifacts/📐️step/🏅️standards/🔖️ap214/🪆️subsets/✳️cc5/👁️viewer/🎭️modes/👁️view/🪟️windows/🪟️main/🦀️component.rs	73	mismatched types
E0277	✏️s/🔌️plugins/🗄️stdio/📦️packages/🦀️rust/././././././././../../🗿️artifacts/🧊️gltf/🏅️standards/🔖️2.0/🪆️subsets/✳️any/🔨️modules/🧭️mutation-dispatch/🦀️component.rs	260	`MutationApplyError` is not a future
E0277	✏️s/🔌️plugins/🗄️stdio/📦️packages/🦀️rust/././././././././../../🗿️artifacts/🧊️gltf/🏅️standards/🔖️2.0/🪆️subsets/✳️any/🔨️modules/🧭️mutation-dispatch/🦀️component.rs	260	`MutationApplyError` is not a future
E0277	✏️s/🔌️plugins/🗄️stdio/📦️packages/🦀️rust/././././././././../../🗿️artifacts/🧿️semio/🏅️standards/🔖️v1/🪆️subsets/✳️graph/🧬️schema/➕️normal-internals/↔️undirected/🦀️component.rs	322	`std::option::Option<&BTreeMap<std::string::String, graph_core::PropertyValue>>` is not a future
E0277	✏️s/🔌️plugins/🗄️stdio/📦️packages/🦀️rust/././././././././../../🗿️artifacts/🧿️semio/🏅️standards/🔖️v1/🪆️subsets/✳️graph/🧬️schema/➕️normal-internals/↔️undirected/🦀️component.rs	322	`std::option::Option<&BTreeMap<std::string::String, graph_core::PropertyValue>>` is not a future
E0599	✏️s/🔌️plugins/🗄️stdio/📦️packages/🦀️rust/././../../🗿️artifacts/📐️step/🏅️standards/🔖️ap214/🪆️subsets/✳️cc6/👁️viewer/🦀️component.rs	83	no method named `document` found for opaque type `impl Future<Output = ViewerBuilder>` in the current scope
E0277	✏️s/🔌️plugins/🗄️stdio/📦️packages/🦀️rust/././././././././../../🗿️artifacts/🧿️semio/🏅️standards/🔖️v1/🪆️subsets/✳️graph/🧬️schema/➕️normal-internals/↔️undirected/🦀️component.rs	344	`std::option::Option<&BTreeMap<std::string::String, graph_core::PropertyValue>>` is not a future
E0308	✏️s/🔌️plugins/🗄️stdio/📦️packages/🦀️rust/././././././../../🗿️artifacts/📐️step/🏅️standards/🔖️ap214/🪆️subsets/✳️cc6/👁️viewer/🎭️modes/👁️view/🪟️windows/🪟️main/🦀️component.rs	25	mismatched types
E0277	✏️s/🔌️plugins/🗄️stdio/📦️packages/🦀️rust/././././././././../../🗿️artifacts/🧿️semio/🏅️standards/🔖️v1/🪆️subsets/✳️graph/🧬️schema/➕️normal-internals/↔️undirected/🦀️component.rs	344	`std::option::Option<&BTreeMap<std::string::String, graph_core::PropertyValue>>` is not a future
E0277	✏️s/🔌️plugins/🗄️stdio/📦️packages/🦀️rust/././././././././../../🗿️artifacts/🧿️semio/🏅️standards/🔖️v1/🪆️subsets/✳️graph/🧬️schema/🔌️ports-internals/↔️undirected/🦀️component.rs	341	`std::option::Option<u64>` is not a future
E0277	✏️s/🔌️plugins/🗄️stdio/📦️packages/🦀️rust/././././././././../../🗿️artifacts/🧿️semio/🏅️standards/🔖️v1/🪆️subsets/✳️graph/🧬️schema/🔌️ports-internals/↔️undirected/🦀️component.rs	342	`std::option::Option<u64>` is not a future
E0277	✏️s/🔌️plugins/🗄️stdio/📦️packages/🦀️rust/././././././././../../🗿️artifacts/🧿️semio/🏅️standards/🔖️v1/🪆️subsets/✳️graph/🧬️schema/🔌️ports-internals/↔️undirected/🦀️component.rs	341	`std::option::Option<u64>` is not a future
E0277	✏️s/🔌️plugins/🗄️stdio/📦️packages/🦀️rust/./././././././././../../🗿️artifacts/🧿️semio/🏅️standards/🔖️v1/🪆️subsets/✳️graph/🧬️schema/🔌️ports-internals/➡️directed/➕️normal/🦀️component.rs	374	`std::option::Option<u64>` is not a future
E0277	✏️s/🔌️plugins/🗄️stdio/📦️packages/🦀️rust/./././././././././../../🗿️artifacts/🧿️semio/🏅️standards/🔖️v1/🪆️subsets/✳️graph/🧬️schema/🔌️ports-internals/➡️directed/➕️normal/🦀️component.rs	374	`std::option::Option<u64>` is not a future
E0277	/Users/ueli/.cargo/registry/src/index.crates.io-1949cf8c6b5b557f/serde_json-1.0.149/src/macros.rs	279	the trait bound `impl Future<Output = MeshData>: serde::Serialize` is not satisfied
E0277	/Users/ueli/.cargo/registry/src/index.crates.io-1949cf8c6b5b557f/serde_json-1.0.149/src/macros.rs	279	the trait bound `impl Future<Output = MeshData>: serde::Serialize` is not satisfied
E0308	✏️s/🔌️plugins/🗄️stdio/📦️packages/🦀️rust/././././././../../🗿️artifacts/🧿️semio/🏅️standards/🔖️v1/🪆️subsets/✳️object/✏️editor/🎭️modes/✏️edit/🪟️windows/🪟️main/🦀️component.rs	69	mismatched types
E0308	✏️s/🔌️plugins/🗄️stdio/📦️packages/🦀️rust/././././././../../🗿️artifacts/🧿️semio/🏅️standards/🔖️v1/🪆️subsets/✳️cad/✏️editor/🎭️modes/✏️edit/🪟️windows/🪟️main/🦀️component.rs	69	mismatched types
E0599	✏️s/🔌️plugins/🗄️stdio/📦️packages/🦀️rust/././../../🗿️artifacts/🧿️semio/🏅️standards/🔖️v1/🪆️subsets/✳️document/✏️editor/🦀️component.rs	87	no method named `document` found for opaque type `impl Future<Output = EditorBuilder>` in the current scope
E0308	✏️s/🔌️plugins/🗄️stdio/📦️packages/🦀️rust/././././../../🗿️artifacts/🧊️gltf/🏅️standards/🔖️2.0/🪆️subsets/✳️any/📚️examples/🎬️demo/🦀️component.rs	14	mismatched types
E0599	✏️s/🔌️plugins/🗄️stdio/📦️packages/🦀️rust/././../../🗿️artifacts/🧿️semio/🏅️standards/🔖️v1/🪆️subsets/✳️presentation/✏️editor/🦀️component.rs	87	no method named `document` found for opaque type `impl Future<Output = EditorBuilder>` in the current scope
E0308	✏️s/🔌️plugins/🗄️stdio/📦️packages/🦀️rust/././././././../../🗿️artifacts/🧿️semio/🏅️standards/🔖️v1/🪆️subsets/✳️document/✏️editor/🎭️modes/✏️edit/🪟️windows/🪟️main/🦀️component.rs	24	mismatched types
E0308	✏️s/🔌️plugins/🗄️stdio/📦️packages/🦀️rust/././././../../🗿️artifacts/🧊️gltf/🏅️standards/🔖️2.0/🪆️subsets/✳️any/📚️examples/🌱️metabolism/🦀️component.rs	41	mismatched types
E0308	✏️s/🔌️plugins/🗄️stdio/📦️packages/🦀️rust/././././././../../🗿️artifacts/🧿️semio/🏅️standards/🔖️v1/🪆️subsets/✳️presentation/✏️editor/🎭️modes/✏️edit/🪟️windows/🪟️main/🦀️component.rs	24	mismatched types
E0277	/Users/ueli/.cargo/registry/src/index.crates.io-1949cf8c6b5b557f/serde_json-1.0.149/src/macros.rs	279	the trait bound `impl Future<Output = MeshData>: serde::Serialize` is not satisfied
E0308	✏️s/🔌️plugins/🗄️stdio/📦️packages/🦀️rust/././././././../../🗿️artifacts/🧿️semio/🏅️standards/🔖️v1/🪆️subsets/✳️kit/👁️viewer/🎭️modes/👁️view/🪟️windows/🪟️main/🦀️component.rs	73	mismatched types
E0599	✏️s/🔌️plugins/🗄️stdio/📦️packages/🦀️rust/././../../🗿️artifacts/🧊️obj/🦀️component.rs	46	no method named `schema` found for opaque type `impl Future<Output = ArtifactDeclarationBuilder<NeedsSchema>>` in the current scope
E0599	✏️s/🔌️plugins/🗄️stdio/📦️packages/🦀️rust/././../../🗿️artifacts/🧿️semio/🏅️standards/🔖️v1/🪆️subsets/✳️mesh/👁️viewer/🦀️component.rs	83	no method named `document` found for opaque type `impl Future<Output = ViewerBuilder>` in the current scope
E0308	✏️s/🔌️plugins/🗄️stdio/📦️packages/🦀️rust/././././././../../🗿️artifacts/🧿️semio/🏅️standards/🔖️v1/🪆️subsets/✳️mesh/👁️viewer/🎭️modes/👁️view/🪟️windows/🪟️main/🦀️component.rs	25	mismatched types
E0277	✏️s/🔌️plugins/🗄️stdio/📦️packages/🦀️rust/././././././././../../🗿️artifacts/🧿️semio/🏅️standards/🔖️v1/🪆️subsets/✳️graph/🧬️schema/📸️snapshot/🦀️component.rs	469	`dsl::ByteReader<'_>` is not a future
E0277	✏️s/🔌️plugins/🗄️stdio/📦️packages/🦀️rust/././././././././../../🗿️artifacts/🧿️semio/🏅️standards/🔖️v1/🪆️subsets/✳️graph/🧬️schema/📸️snapshot/🦀️component.rs	469	`dsl::ByteReader<'_>` is not a future
E0308	✏️s/🔌️plugins/🗄️stdio/📦️packages/🦀️rust/././././././././../../🗿️artifacts/🧿️semio/🏅️standards/🔖️v1/🪆️subsets/✳️graph/📚️examples/🕸️wires/🦀️component.rs	26	mismatched types
E0308	✏️s/🔌️plugins/🗄️stdio/📦️packages/🦀️rust/././././././../../🗿️artifacts/🧿️semio/🏅️standards/🔖️v1/🪆️subsets/✳️object/🚪️io/🦀️component.rs	113	mismatched types
E0308	✏️s/🔌️plugins/🗄️stdio/📦️packages/🦀️rust/./././././././../../🗿️artifacts/🧿️semio/🏅️standards/🔖️v1/🪆️subsets/✳️object/🧬️schema/🦀️component.rs	123	mismatched types
E0308	✏️s/🔌️plugins/🗄️stdio/📦️packages/🦀️rust/././././././././../../🗿️artifacts/🧿️semio/🏅️standards/🔖️v1/🪆️subsets/✳️object/🧬️schema/📸️snapshot/🦀️component.rs	101	mismatched types
E0277	/Users/ueli/.cargo/registry/src/index.crates.io-1949cf8c6b5b557f/serde_json-1.0.149/src/macros.rs	279	the trait bound `impl Future<Output = MeshData>: serde::Serialize` is not satisfied
E0308	✏️s/🔌️plugins/🗄️stdio/📦️packages/🦀️rust/././././././../../🗿️artifacts/🏗️ifc/🏅️standards/🔖️2x3/🪆️subsets/✳️sav/✏️editor/🎭️modes/✏️edit/🪟️windows/🪟️main/🦀️component.rs	69	mismatched types
E0599	✏️s/🔌️plugins/🗄️stdio/📦️packages/🦀️rust/./././././././../../🗿️artifacts/🧿️semio/🏅️standards/🔖️v1/🪆️subsets/✳️table/🧬️schema/🎲️probability-internals/🦀️component.rs	329	no method named `powf` found for opaque type `impl Future<Output = f64>` in the current scope
E0277	✏️s/🔌️plugins/🗄️stdio/📦️packages/🦀️rust/./././././././../../🗿️artifacts/🧿️semio/🏅️standards/🔖️v1/🪆️subsets/✳️table/🧬️schema/🎲️probability-internals/🦀️component.rs	336	cannot subtract `impl Future<Output = f64>` from `{float}`
E0599	✏️s/🔌️plugins/🗄️stdio/📦️packages/🦀️rust/././../../🗿️artifacts/🏗️ifc/🏅️standards/🔖️4/🪆️subsets/✳️any/✏️editor/🦀️component.rs	87	no method named `document` found for opaque type `impl Future<Output = EditorBuilder>` in the current scope
E0308	✏️s/🔌️plugins/🗄️stdio/📦️packages/🦀️rust/././././././../../🗿️artifacts/🏗️ifc/🏅️standards/🔖️4/🪆️subsets/✳️any/✏️editor/🎭️modes/✏️edit/🪟️windows/🪟️main/🦀️component.rs	24	mismatched types
E0689	✏️s/🔌️plugins/🗄️stdio/📦️packages/🦀️rust/./././././././../../🗿️artifacts/🧿️semio/🏅️standards/🔖️v1/🪆️subsets/✳️table/🧬️schema/🎲️probability-internals/🦀️component.rs	338	can't call method `sqrt` on ambiguous numeric type `{float}`
E0277	✏️s/🔌️plugins/🗄️stdio/📦️packages/🦀️rust/./././././././../../🗿️artifacts/🧿️semio/🏅️standards/🔖️v1/🪆️subsets/✳️table/🧬️schema/🎲️probability-internals/🦀️component.rs	338	cannot multiply `f64` by `impl Future<Output = f64>`
E0369	✏️s/🔌️plugins/🗄️stdio/📦️packages/🦀️rust/./././././././../../🗿️artifacts/🧿️semio/🏅️standards/🔖️v1/🪆️subsets/✳️table/🧬️schema/🎲️probability-internals/🦀️component.rs	346	binary operation `<` cannot be applied to type `impl Future<Output = f64>`
E0308	✏️s/🔌️plugins/🗄️stdio/📦️packages/🦀️rust/././././././././../../🗿️artifacts/🧊️obj/🏅️standards/🔖️3.0/🪆️subsets/✳️any/🧬️schema/🔺️diff/🦀️component.rs	82	mismatched types
E0600	✏️s/🔌️plugins/🗄️stdio/📦️packages/🦀️rust/././././././././../../🗿️artifacts/🧊️obj/🏅️standards/🔖️3.0/🪆️subsets/✳️any/🧬️schema/🔺️diff/🦀️component.rs	82	cannot apply unary operator `!` to type `impl Future<Output = bool>`
E0308	✏️s/🔌️plugins/🗄️stdio/📦️packages/🦀️rust/././././././././../../🗿️artifacts/🧊️obj/🏅️standards/🔖️3.0/🪆️subsets/✳️any/🧬️schema/🔺️diff/🦀️component.rs	88	mismatched types
E0599	✏️s/🔌️plugins/🗄️stdio/📦️packages/🦀️rust/./././././././../../🗿️artifacts/🧿️semio/🏅️standards/🔖️v1/🪆️subsets/✳️table/🧬️schema/🎲️probability-internals/🦀️component.rs	349	no method named `ln` found for opaque type `impl Future<Output = f64>` in the current scope
E0600	✏️s/🔌️plugins/🗄️stdio/📦️packages/🦀️rust/././././././././../../🗿️artifacts/🧊️obj/🏅️standards/🔖️3.0/🪆️subsets/✳️any/🧬️schema/🔺️diff/🦀️component.rs	179	cannot apply unary operator `!` to type `impl Future<Output = bool>`
E0308	✏️s/🔌️plugins/🗄️stdio/📦️packages/🦀️rust/./././././././../../🗿️artifacts/🧿️semio/🏅️standards/🔖️v1/🪆️subsets/✳️table/🧬️schema/🎲️probability-internals/🦀️component.rs	864	mismatched types
E0277	✏️s/🔌️plugins/🗄️stdio/📦️packages/🦀️rust/./././././././../../🗿️artifacts/🧿️semio/🏅️standards/🔖️v1/🪆️subsets/✳️table/🧬️schema/🎲️probability-internals/🦀️component.rs	865	cannot subtract-assign `impl Future<Output = u64>` from `u64`
E0308	✏️s/🔌️plugins/🗄️stdio/📦️packages/🦀️rust/././././././././../../🗿️artifacts/🧿️semio/🏅️standards/🔖️v1/🪆️subsets/✳️table/📚️examples/📃️sheet/🦀️component.rs	24	mismatched types
E0308	✏️s/🔌️plugins/🗄️stdio/📦️packages/🦀️rust/././././././../../🗿️artifacts/🧿️semio/🏅️standards/🔖️v1/🪆️subsets/✳️graph/🚪️io/🦀️component.rs	89	mismatched types
E0277	✏️s/🔌️plugins/🗄️stdio/📦️packages/🦀️rust/./././././././../../🗿️artifacts/🧿️semio/🏅️standards/🔖️v1/🪆️subsets/✳️table/🧬️schema/📊️statistics-internals/🦀️component.rs	389	cannot subtract `impl Future<Output = f64>` from `{float}`
E0277	✏️s/🔌️plugins/🗄️stdio/📦️packages/🦀️rust/./././././././../../🗿️artifacts/🧿️semio/🏅️standards/🔖️v1/🪆️subsets/✳️table/🧬️schema/📊️statistics-internals/🦀️component.rs	433	cannot subtract `impl Future<Output = f64>` from `{float}`
E0277	✏️s/🔌️plugins/🗄️stdio/📦️packages/🦀️rust/./././././././../../🗿️artifacts/🧿️semio/🏅️standards/🔖️v1/🪆️subsets/✳️table/🧬️schema/📊️statistics-internals/🦀️component.rs	475	cannot subtract `impl Future<Output = f64>` from `{float}`
E0277	✏️s/🔌️plugins/🗄️stdio/📦️packages/🦀️rust/./././././././../../🗿️artifacts/🧿️semio/🏅️standards/🔖️v1/🪆️subsets/✳️table/🧬️schema/📊️statistics-internals/🦀️component.rs	499	cannot subtract `impl Future<Output = f64>` from `{float}`
E0277	✏️s/🔌️plugins/🗄️stdio/📦️packages/🦀️rust/././././././././../../🗿️artifacts/🧿️semio/🏅️standards/🔖️v1/🪆️subsets/✳️graph/🧬️schema/➕️normal-internals/➡️directed/🦀️component.rs	370	`std::option::Option<&BTreeMap<std::string::String, graph_core::PropertyValue>>` is not a future
E0277	✏️s/🔌️plugins/🗄️stdio/📦️packages/🦀️rust/././././././././../../🗿️artifacts/🧿️semio/🏅️standards/🔖️v1/🪆️subsets/✳️graph/🧬️schema/➕️normal-internals/➡️directed/🦀️component.rs	370	`std::option::Option<&BTreeMap<std::string::String, graph_core::PropertyValue>>` is not a future
E0277	✏️s/🔌️plugins/🗄️stdio/📦️packages/🦀️rust/././././././././../../🗿️artifacts/🧿️semio/🏅️standards/🔖️v1/🪆️subsets/✳️graph/🧬️schema/➕️normal-internals/➡️directed/🦀️component.rs	389	`std::option::Option<&BTreeMap<std::string::String, graph_core::PropertyValue>>` is not a future
E0277	✏️s/🔌️plugins/🗄️stdio/📦️packages/🦀️rust/././././././././../../🗿️artifacts/🧿️semio/🏅️standards/🔖️v1/🪆️subsets/✳️graph/🧬️schema/➕️normal-internals/➡️directed/🦀️component.rs	389	`std::option::Option<&BTreeMap<std::string::String, graph_core::PropertyValue>>` is not a future
E0614	✏️s/🔌️plugins/🗄️stdio/📦️packages/🦀️rust/././././././././../../🗿️artifacts/🧊️obj/🏅️standards/🔖️3.0/🪆️subsets/✳️any/🧬️schema/🔺️diff/🦀️component.rs	653	type `impl Future<Output = &mut Vec<usize>>` cannot be dereferenced
E0277	✏️s/🔌️plugins/🗄️stdio/📦️packages/🦀️rust/././././././././../../🗿️artifacts/🧿️semio/🏅️standards/🔖️v1/🪆️subsets/✳️table/🧬️schema/📸️snapshot/🦀️component.rs	257	`dsl::ByteReader<'_>` is not a future
E0277	✏️s/🔌️plugins/🗄️stdio/📦️packages/🦀️rust/././././././././../../🗿️artifacts/🧿️semio/🏅️standards/🔖️v1/🪆️subsets/✳️table/🧬️schema/📸️snapshot/🦀️component.rs	257	`dsl::ByteReader<'_>` is not a future
E0277	/Users/ueli/.cargo/registry/src/index.crates.io-1949cf8c6b5b557f/serde_json-1.0.149/src/macros.rs	279	the trait bound `impl Future<Output = MeshData>: serde::Serialize` is not satisfied
E0308	✏️s/🔌️plugins/🗄️stdio/📦️packages/🦀️rust/././././././../../🗿️artifacts/📐️step/🏅️standards/🔖️ap214/🪆️subsets/✳️cc6/👁️viewer/🎭️modes/👁️view/🪟️windows/🪟️main/🦀️component.rs	73	mismatched types
E0277	✏️s/🔌️plugins/🗄️stdio/📦️packages/🦀️rust/./././././././../../🗿️artifacts/🧿️semio/🏅️standards/🔖️v1/🪆️subsets/✳️table/🧬️schema/🎲️entropy-internals/🦀️component.rs	5431	the `?` operator can only be applied to values that implement `Try`
E0277	✏️s/🔌️plugins/🗄️stdio/📦️packages/🦀️rust/./././././././../../🗿️artifacts/🧿️semio/🏅️standards/🔖️v1/🪆️subsets/✳️table/🧬️schema/🎲️entropy-internals/🦀️component.rs	5431	the size for values of type `[u32]` cannot be known at compilation time
E0277	✏️s/🔌️plugins/🗄️stdio/📦️packages/🦀️rust/./././././././../../🗿️artifacts/🧿️semio/🏅️standards/🔖️v1/🪆️subsets/✳️table/🧬️schema/🎲️entropy-internals/🦀️component.rs	5431	the size for values of type `[u32]` cannot be known at compilation time
E0599	✏️s/🔌️plugins/🗄️stdio/📦️packages/🦀️rust/././../../🗿️artifacts/🏗️ifc/🏅️standards/🔖️2x3/🪆️subsets/✳️any/👁️viewer/🦀️component.rs	83	no method named `document` found for opaque type `impl Future<Output = ViewerBuilder>` in the current scope
E0277	✏️s/🔌️plugins/🗄️stdio/📦️packages/🦀️rust/./././././././../../🗿️artifacts/🧿️semio/🏅️standards/🔖️v1/🪆️subsets/✳️table/🧬️schema/🎲️entropy-internals/🦀️component.rs	5431	the size for values of type `[u32]` cannot be known at compilation time
E0277	✏️s/🔌️plugins/🗄️stdio/📦️packages/🦀️rust/./././././././../../🗿️artifacts/🧿️semio/🏅️standards/🔖️v1/🪆️subsets/✳️table/🧬️schema/🎲️entropy-internals/🦀️component.rs	5431	the size for values of type `[u32]` cannot be known at compilation time
E0308	✏️s/🔌️plugins/🗄️stdio/📦️packages/🦀️rust/./././././././../../🗿️artifacts/🧿️semio/🏅️standards/🔖️v1/🪆️subsets/✳️table/🧬️schema/🎲️entropy-internals/🦀️component.rs	5432	mismatched types
E0308	✏️s/🔌️plugins/🗄️stdio/📦️packages/🦀️rust/././././././../../🗿️artifacts/🏗️ifc/🏅️standards/🔖️2x3/🪆️subsets/✳️any/👁️viewer/🎭️modes/👁️view/🪟️windows/🪟️main/🦀️component.rs	25	mismatched types
E0277	✏️s/🔌️plugins/🗄️stdio/📦️packages/🦀️rust/./././././././../../🗿️artifacts/🧿️semio/🏅️standards/🔖️v1/🪆️subsets/✳️table/🧬️schema/🎲️entropy-internals/🦀️component.rs	5463	the `?` operator can only be applied to values that implement `Try`
E0277	✏️s/🔌️plugins/🗄️stdio/📦️packages/🦀️rust/./././././././../../🗿️artifacts/🧿️semio/🏅️standards/🔖️v1/🪆️subsets/✳️table/🧬️schema/🎲️entropy-internals/🦀️component.rs	5463	the size for values of type `[u32]` cannot be known at compilation time
E0277	✏️s/🔌️plugins/🗄️stdio/📦️packages/🦀️rust/./././././././../../🗿️artifacts/🧿️semio/🏅️standards/🔖️v1/🪆️subsets/✳️table/🧬️schema/🎲️entropy-internals/🦀️component.rs	5463	the size for values of type `[u32]` cannot be known at compilation time
E0277	✏️s/🔌️plugins/🗄️stdio/📦️packages/🦀️rust/./././././././../../🗿️artifacts/🧿️semio/🏅️standards/🔖️v1/🪆️subsets/✳️table/🧬️schema/🎲️entropy-internals/🦀️component.rs	5463	the size for values of type `[u32]` cannot be known at compilation time
E0277	✏️s/🔌️plugins/🗄️stdio/📦️packages/🦀️rust/./././././././../../🗿️artifacts/🧿️semio/🏅️standards/🔖️v1/🪆️subsets/✳️table/🧬️schema/🎲️entropy-internals/🦀️component.rs	5463	the size for values of type `[u32]` cannot be known at compilation time
E0308	✏️s/🔌️plugins/🗄️stdio/📦️packages/🦀️rust/./././././././../../🗿️artifacts/🧿️semio/🏅️standards/🔖️v1/🪆️subsets/✳️table/🧬️schema/🎲️entropy-internals/🦀️component.rs	5464	mismatched types
E0308	✏️s/🔌️plugins/🗄️stdio/📦️packages/🦀️rust/././././././../../🗿️artifacts/🧿️semio/🏅️standards/🔖️v1/🪆️subsets/✳️table/🚪️io/🦀️component.rs	91	mismatched types
E0605	✏️s/🔌️plugins/🗄️stdio/📦️packages/🦀️rust/./././././././../../🗿️artifacts/🧿️semio/🏅️standards/🔖️v1/🪆️subsets/✳️table/🧬️schema/🎲️entropy-internals/🦀️component.rs	6316	non-primitive cast: `impl Future<Output = usize>` as `f64`
E0605	✏️s/🔌️plugins/🗄️stdio/📦️packages/🦀️rust/./././././././../../🗿️artifacts/🧿️semio/🏅️standards/🔖️v1/🪆️subsets/✳️table/🧬️schema/🎲️entropy-internals/🦀️component.rs	6317	non-primitive cast: `impl Future<Output = usize>` as `f64`
E0605	✏️s/🔌️plugins/🗄️stdio/📦️packages/🦀️rust/./././././././../../🗿️artifacts/🧿️semio/🏅️standards/🔖️v1/🪆️subsets/✳️table/🧬️schema/🎲️entropy-internals/🦀️component.rs	6321	non-primitive cast: `impl Future<Output = usize>` as `f64`
E0277	✏️s/🔌️plugins/🗄️stdio/📦️packages/🦀️rust/./././././././../../🗿️artifacts/🧿️semio/🏅️standards/🔖️v1/🪆️subsets/✳️table/🧬️schema/🔗️causal-internals/🦀️component.rs	517	the `?` operator can only be applied to values that implement `Try`
E0277	✏️s/🔌️plugins/🗄️stdio/📦️packages/🦀️rust/./././././././../../🗿️artifacts/🧿️semio/🏅️standards/🔖️v1/🪆️subsets/✳️table/🧬️schema/🔗️causal-internals/🦀️component.rs	678	the `?` operator can only be applied to values that implement `Try`
E0277	✏️s/🔌️plugins/🗄️stdio/📦️packages/🦀️rust/./././././././../../🗿️artifacts/🧿️semio/🏅️standards/🔖️v1/🪆️subsets/✳️table/🧬️schema/🔗️causal-internals/🦀️component.rs	840	cannot subtract `impl Future<Output = f64>` from `{float}`
E0277	✏️s/🔌️plugins/🗄️stdio/📦️packages/🦀️rust/././././././././../../🗿️artifacts/🧊️obj/🏅️standards/🔖️3.0/🪆️subsets/✳️any/🧬️schema/🔺️diff/🦀️component.rs	2260	`usize` is not a future
E0277	✏️s/🔌️plugins/🗄️stdio/📦️packages/🦀️rust/././././././././../../🗿️artifacts/🧊️obj/🏅️standards/🔖️3.0/🪆️subsets/✳️any/🧬️schema/🔺️diff/🦀️component.rs	2261	`usize` is not a future
E0277	✏️s/🔌️plugins/🗄️stdio/📦️packages/🦀️rust/././././././././../../🗿️artifacts/🧊️obj/🏅️standards/🔖️3.0/🪆️subsets/✳️any/🧬️schema/🔺️diff/🦀️component.rs	2262	`usize` is not a future
E0277	✏️s/🔌️plugins/🗄️stdio/📦️packages/🦀️rust/././././././././../../🗿️artifacts/🧊️obj/🏅️standards/🔖️3.0/🪆️subsets/✳️any/🧬️schema/🔺️diff/🦀️component.rs	2263	`usize` is not a future
E0277	✏️s/🔌️plugins/🗄️stdio/📦️packages/🦀️rust/./././././././../../🗿️artifacts/🧿️semio/🏅️standards/🔖️v1/🪆️subsets/✳️table/🧬️schema/🔗️causal-internals/🦀️component.rs	1080	cannot add-assign `impl Future<Output = f64>` to `f64`
E0277	✏️s/🔌️plugins/🗄️stdio/📦️packages/🦀️rust/././././././././../../🗿️artifacts/🧊️obj/🏅️standards/🔖️3.0/🪆️subsets/✳️any/🧬️schema/🔺️diff/🦀️component.rs	2264	`usize` is not a future
E0277	✏️s/🔌️plugins/🗄️stdio/📦️packages/🦀️rust/././././././././../../🗿️artifacts/🧊️obj/🏅️standards/🔖️3.0/🪆️subsets/✳️any/🧬️schema/🔺️diff/🦀️component.rs	2265	`usize` is not a future
E0277	✏️s/🔌️plugins/🗄️stdio/📦️packages/🦀️rust/././././././././../../🗿️artifacts/🧊️obj/🏅️standards/🔖️3.0/🪆️subsets/✳️any/🧬️schema/🔺️diff/🦀️component.rs	2266	`usize` is not a future
E0277	✏️s/🔌️plugins/🗄️stdio/📦️packages/🦀️rust/././././././././../../🗿️artifacts/🧊️obj/🏅️standards/🔖️3.0/🪆️subsets/✳️any/🧬️schema/🔺️diff/🦀️component.rs	2267	`usize` is not a future
E0277	✏️s/🔌️plugins/🗄️stdio/📦️packages/🦀️rust/././././././././../../🗿️artifacts/🧊️obj/🏅️standards/🔖️3.0/🪆️subsets/✳️any/🧬️schema/🔺️diff/🦀️component.rs	2268	`usize` is not a future
E0277	✏️s/🔌️plugins/🗄️stdio/📦️packages/🦀️rust/././././././././../../🗿️artifacts/🧊️obj/🏅️standards/🔖️3.0/🪆️subsets/✳️any/🧬️schema/🔺️diff/🦀️component.rs	2269	`usize` is not a future
E0277	✏️s/🔌️plugins/🗄️stdio/📦️packages/🦀️rust/././././././././../../🗿️artifacts/🧊️obj/🏅️standards/🔖️3.0/🪆️subsets/✳️any/🧬️schema/🔺️diff/🦀️component.rs	2260	`usize` is not a future
E0308	✏️s/🔌️plugins/🗄️stdio/📦️packages/🦀️rust/././././././././../../🗿️artifacts/🧊️obj/🏅️standards/🔖️3.0/🪆️subsets/✳️any/🧬️schema/🔺️diff/🦀️component.rs	2282	mismatched types
E0308	✏️s/🔌️plugins/🗄️stdio/📦️packages/🦀️rust/././././././././../../🗿️artifacts/🧊️obj/🏅️standards/🔖️3.0/🪆️subsets/✳️any/🧬️schema/🔺️diff/🦀️component.rs	2286	mismatched types
E0308	✏️s/🔌️plugins/🗄️stdio/📦️packages/🦀️rust/././././././././../../🗿️artifacts/🧊️obj/🏅️standards/🔖️3.0/🪆️subsets/✳️any/🧬️schema/🔺️diff/🦀️component.rs	2290	mismatched types
E0308	✏️s/🔌️plugins/🗄️stdio/📦️packages/🦀️rust/././././././././../../🗿️artifacts/🧊️obj/🏅️standards/🔖️3.0/🪆️subsets/✳️any/🧬️schema/🔺️diff/🦀️component.rs	2294	mismatched types
E0369	✏️s/🔌️plugins/🗄️stdio/📦️packages/🦀️rust/./././././././../../🗿️artifacts/🧿️semio/🏅️standards/🔖️v1/🪆️subsets/✳️table/🧬️schema/🔗️causal-internals/🦀️component.rs	1302	binary operation `<` cannot be applied to type `impl Future<Output = f64>`
E0368	✏️s/🔌️plugins/🗄️stdio/📦️packages/🦀️rust/./././././././../../🗿️artifacts/🧿️semio/🏅️standards/🔖️v1/🪆️subsets/✳️table/🧬️schema/🔗️causal-internals/🦀️component.rs	1306	binary assignment operation `-=` cannot be applied to type `impl Future<Output = f64>`
E0277	/Users/ueli/.cargo/registry/src/index.crates.io-1949cf8c6b5b557f/serde_json-1.0.149/src/macros.rs	279	the trait bound `impl Future<Output = MeshData>: serde::Serialize` is not satisfied
E0308	✏️s/🔌️plugins/🗄️stdio/📦️packages/🦀️rust/././././././../../🗿️artifacts/🧿️semio/🏅️standards/🔖️v1/🪆️subsets/✳️presentation/✏️editor/🎭️modes/✏️edit/🪟️windows/🪟️main/🦀️component.rs	69	mismatched types
E0599	✏️s/🔌️plugins/🗄️stdio/📦️packages/🦀️rust/./././././././../../🗿️artifacts/🧿️semio/🏅️standards/🔖️v1/🪆️subsets/✳️table/🧬️schema/🔗️causal-internals/🦀️component.rs	1514	no method named `next_range` found for opaque type `impl Future<Output = semio_framework_geometry::random::Rng>` in the current scope
E0277	/Users/ueli/.cargo/registry/src/index.crates.io-1949cf8c6b5b557f/serde_json-1.0.149/src/macros.rs	279	the trait bound `impl Future<Output = MeshData>: serde::Serialize` is not satisfied
E0308	✏️s/🔌️plugins/🗄️stdio/📦️packages/🦀️rust/././././././../../🗿️artifacts/🧿️semio/🏅️standards/🔖️v1/🪆️subsets/✳️mesh/👁️viewer/🎭️modes/👁️view/🪟️windows/🪟️main/🦀️component.rs	73	mismatched types
E0599	✏️s/🔌️plugins/🗄️stdio/📦️packages/🦀️rust/././../../🗿️artifacts/🧿️semio/🏅️standards/🔖️v1/🪆️subsets/✳️table/✏️editor/🦀️component.rs	87	no method named `document` found for opaque type `impl Future<Output = EditorBuilder>` in the current scope
E0308	✏️s/🔌️plugins/🗄️stdio/📦️packages/🦀️rust/././././././../../🗿️artifacts/🧿️semio/🏅️standards/🔖️v1/🪆️subsets/✳️table/✏️editor/🎭️modes/✏️edit/🪟️windows/🪟️main/🦀️component.rs	24	mismatched types
E0277	/Users/ueli/.cargo/registry/src/index.crates.io-1949cf8c6b5b557f/serde_json-1.0.149/src/macros.rs	279	the trait bound `impl Future<Output = MeshData>: serde::Serialize` is not satisfied
E0308	✏️s/🔌️plugins/🗄️stdio/📦️packages/🦀️rust/././././././../../🗿️artifacts/🧿️semio/🏅️standards/🔖️v1/🪆️subsets/✳️document/✏️editor/🎭️modes/✏️edit/🪟️windows/🪟️main/🦀️component.rs	69	mismatched types
E0599	✏️s/🔌️plugins/🗄️stdio/📦️packages/🦀️rust/././../../🗿️artifacts/🧿️semio/🏅️standards/🔖️v1/🪆️subsets/✳️model/👁️viewer/🦀️component.rs	83	no method named `document` found for opaque type `impl Future<Output = ViewerBuilder>` in the current scope
E0308	✏️s/🔌️plugins/🗄️stdio/📦️packages/🦀️rust/././././././../../🗿️artifacts/🧿️semio/🏅️standards/🔖️v1/🪆️subsets/✳️model/👁️viewer/🎭️modes/👁️view/🪟️windows/🪟️main/🦀️component.rs	25	mismatched types
E0599	✏️s/🔌️plugins/🗄️stdio/📦️packages/🦀️rust/././../../🗿️artifacts/🧿️semio/🏅️standards/🔖️v1/🪆️subsets/✳️drawing/✏️editor/🦀️component.rs	87	no method named `document` found for opaque type `impl Future<Output = EditorBuilder>` in the current scope
E0308	✏️s/🔌️plugins/🗄️stdio/📦️packages/🦀️rust/././././././../../🗿️artifacts/🧿️semio/🏅️standards/🔖️v1/🪆️subsets/✳️drawing/✏️editor/🎭️modes/✏️edit/🪟️windows/🪟️main/🦀️component.rs	24	mismatched types
E0308	✏️s/🔌️plugins/🗄️stdio/📦️packages/🦀️rust/./././././././../../🗿️artifacts/🧿️semio/🏅️standards/🔖️v1/🪆️subsets/✳️flow/🚪️io/🦀️component.rs	118	mismatched types
E0308	✏️s/🔌️plugins/🗄️stdio/📦️packages/🦀️rust/././././././../../🗿️artifacts/🧿️semio/🏅️standards/🔖️v1/🪆️subsets/✳️text/🚪️io/🦀️component.rs	90	mismatched types
E0277	/Users/ueli/.cargo/registry/src/index.crates.io-1949cf8c6b5b557f/serde_json-1.0.149/src/macros.rs	279	the trait bound `impl Future<Output = MeshData>: serde::Serialize` is not satisfied
E0308	✏️s/🔌️plugins/🗄️stdio/📦️packages/🦀️rust/././././././../../🗿️artifacts/🏗️ifc/🏅️standards/🔖️4/🪆️subsets/✳️any/✏️editor/🎭️modes/✏️edit/🪟️windows/🪟️main/🦀️component.rs	69	mismatched types
E0599	✏️s/🔌️plugins/🗄️stdio/📦️packages/🦀️rust/././../../🗿️artifacts/🖊️dwg/🏅️standards/🔖️ac1018/🪆️subsets/✳️any/✏️editor/🦀️component.rs	87	no method named `document` found for opaque type `impl Future<Output = EditorBuilder>` in the current scope
E0308	✏️s/🔌️plugins/🗄️stdio/📦️packages/🦀️rust/././././././../../🗿️artifacts/🖊️dwg/🏅️standards/🔖️ac1018/🪆️subsets/✳️any/✏️editor/🎭️modes/✏️edit/🪟️windows/🪟️main/🦀️component.rs	24	mismatched types
E0277	✏️s/🔌️plugins/🗄️stdio/📦️packages/🦀️rust/././././././././../../🗿️artifacts/🧿️semio/🏅️standards/🔖️v1/🪆️subsets/✳️text/🧬️schema/📸️snapshot/🦀️component.rs	282	`dsl::ByteReader<'_>` is not a future
E0277	✏️s/🔌️plugins/🗄️stdio/📦️packages/🦀️rust/././././././././../../🗿️artifacts/🧿️semio/🏅️standards/🔖️v1/🪆️subsets/✳️text/🧬️schema/📸️snapshot/🦀️component.rs	282	`dsl::ByteReader<'_>` is not a future
E0308	✏️s/🔌️plugins/🗄️stdio/📦️packages/🦀️rust/././././../../🗿️artifacts/🧊️obj/🏅️standards/🔖️3.0/🪆️subsets/✳️any/📚️examples/🎬️demo/🦀️component.rs	14	mismatched types
E0599	✏️s/🔌️plugins/🗄️stdio/📦️packages/🦀️rust/././../../🗿️artifacts/☁️ply/🦀️component.rs	40	no method named `schema` found for opaque type `impl Future<Output = ArtifactDeclarationBuilder<NeedsSchema>>` in the current scope
E0277	✏️s/🔌️plugins/🗄️stdio/📦️packages/🦀️rust/././././././././../../🗿️artifacts/🧿️semio/🏅️standards/🔖️v1/🪆️subsets/✳️flow/🧬️schema/📸️snapshot/🦀️component.rs	280	`dsl::ByteReader<'_>` is not a future
E0277	✏️s/🔌️plugins/🗄️stdio/📦️packages/🦀️rust/././././././././../../🗿️artifacts/🧿️semio/🏅️standards/🔖️v1/🪆️subsets/✳️flow/🧬️schema/📸️snapshot/🦀️component.rs	280	`dsl::ByteReader<'_>` is not a future
E0308	✏️s/🔌️plugins/🗄️stdio/📦️packages/🦀️rust/././././././../../🗿️artifacts/🧿️semio/🏅️standards/🔖️v1/🪆️subsets/✳️video/🚪️io/🦀️component.rs	130	mismatched types
E0277	✏️s/🔌️plugins/🗄️stdio/📦️packages/🦀️rust/././././././././../../🗿️artifacts/🧿️semio/🏅️standards/🔖️v1/🪆️subsets/✳️flow/🧬️schema/🔺️diff/🦀️component.rs	742	`dsl::ByteReader<'_>` is not a future
E0277	✏️s/🔌️plugins/🗄️stdio/📦️packages/🦀️rust/././././././././../../🗿️artifacts/🧿️semio/🏅️standards/🔖️v1/🪆️subsets/✳️flow/🧬️schema/🔺️diff/🦀️component.rs	742	`dsl::ByteReader<'_>` is not a future
E0277	✏️s/🔌️plugins/🗄️stdio/📦️packages/🦀️rust/././././././././../../🗿️artifacts/🧿️semio/🏅️standards/🔖️v1/🪆️subsets/✳️video/🧬️schema/📸️snapshot/🦀️component.rs	300	`dsl::ByteReader<'_>` is not a future
E0277	✏️s/🔌️plugins/🗄️stdio/📦️packages/🦀️rust/././././././././../../🗿️artifacts/🧿️semio/🏅️standards/🔖️v1/🪆️subsets/✳️video/🧬️schema/📸️snapshot/🦀️component.rs	300	`dsl::ByteReader<'_>` is not a future
E0277	/Users/ueli/.cargo/registry/src/index.crates.io-1949cf8c6b5b557f/serde_json-1.0.149/src/macros.rs	279	the trait bound `impl Future<Output = MeshData>: serde::Serialize` is not satisfied
E0308	✏️s/🔌️plugins/🗄️stdio/📦️packages/🦀️rust/././././././../../🗿️artifacts/🏗️ifc/🏅️standards/🔖️2x3/🪆️subsets/✳️any/👁️viewer/🎭️modes/👁️view/🪟️windows/🪟️main/🦀️component.rs	73	mismatched types
E0599	✏️s/🔌️plugins/🗄️stdio/📦️packages/🦀️rust/././../../🗿️artifacts/🏗️ifc/🏅️standards/🔖️2x3/🪆️subsets/✳️cobie/👁️viewer/🦀️component.rs	83	no method named `document` found for opaque type `impl Future<Output = ViewerBuilder>` in the current scope
E0308	✏️s/🔌️plugins/🗄️stdio/📦️packages/🦀️rust/././././././../../🗿️artifacts/🏗️ifc/🏅️standards/🔖️2x3/🪆️subsets/✳️cobie/👁️viewer/🎭️modes/👁️view/🪟️windows/🪟️main/🦀️component.rs	25	mismatched types
E0277	✏️s/🔌️plugins/🗄️stdio/📦️packages/🦀️rust/././././././././../../🗿️artifacts/🧿️semio/🏅️standards/🔖️v1/🪆️subsets/✳️video/🧬️schema/🔺️diff/🦀️component.rs	784	`dsl::ByteReader<'_>` is not a future
E0277	✏️s/🔌️plugins/🗄️stdio/📦️packages/🦀️rust/././././././././../../🗿️artifacts/🧿️semio/🏅️standards/🔖️v1/🪆️subsets/✳️video/🧬️schema/🔺️diff/🦀️component.rs	784	`dsl::ByteReader<'_>` is not a future
E0277	✏️s/🔌️plugins/🗄️stdio/📦️packages/🦀️rust/././././././././../../🗿️artifacts/☁️ply/🏅️standards/🔖️1.0/🪆️subsets/✳️any/🧬️schema/🔺️diff/🦀️component.rs	1430	`ByteWriter` is not a future
E0277	✏️s/🔌️plugins/🗄️stdio/📦️packages/🦀️rust/././././././././../../🗿️artifacts/☁️ply/🏅️standards/🔖️1.0/🪆️subsets/✳️any/🧬️schema/🔺️diff/🦀️component.rs	1430	`ByteWriter` is not a future
E0277	✏️s/🔌️plugins/🗄️stdio/📦️packages/🦀️rust/././././././././../../🗿️artifacts/☁️ply/🏅️standards/🔖️1.0/🪆️subsets/✳️any/🧬️schema/🔺️diff/🦀️component.rs	1444	`dsl::ByteReader<'_>` is not a future
E0277	✏️s/🔌️plugins/🗄️stdio/📦️packages/🦀️rust/././././././././../../🗿️artifacts/☁️ply/🏅️standards/🔖️1.0/🪆️subsets/✳️any/🧬️schema/🔺️diff/🦀️component.rs	1444	`dsl::ByteReader<'_>` is not a future
E0277	✏️s/🔌️plugins/🗄️stdio/📦️packages/🦀️rust/././././././././../../🗿️artifacts/☁️ply/🏅️standards/🔖️1.0/🪆️subsets/✳️any/🧬️schema/🔺️diff/🦀️component.rs	1510	`ByteWriter` is not a future
E0277	✏️s/🔌️plugins/🗄️stdio/📦️packages/🦀️rust/././././././././../../🗿️artifacts/☁️ply/🏅️standards/🔖️1.0/🪆️subsets/✳️any/🧬️schema/🔺️diff/🦀️component.rs	1512	`Vec<u8>` is not a future
E0277	✏️s/🔌️plugins/🗄️stdio/📦️packages/🦀️rust/././././././././../../🗿️artifacts/☁️ply/🏅️standards/🔖️1.0/🪆️subsets/✳️any/🧬️schema/🔺️diff/🦀️component.rs	1510	`ByteWriter` is not a future
E0277	✏️s/🔌️plugins/🗄️stdio/📦️packages/🦀️rust/././././././././../../🗿️artifacts/☁️ply/🏅️standards/🔖️1.0/🪆️subsets/✳️any/🧬️schema/🔺️diff/🦀️component.rs	1512	`Vec<u8>` is not a future
E0277	✏️s/🔌️plugins/🗄️stdio/📦️packages/🦀️rust/././././././././../../🗿️artifacts/☁️ply/🏅️standards/🔖️1.0/🪆️subsets/✳️any/🧬️schema/🔺️diff/🦀️component.rs	1518	`dsl::ByteReader<'_>` is not a future
E0277	✏️s/🔌️plugins/🗄️stdio/📦️packages/🦀️rust/././././././././../../🗿️artifacts/☁️ply/🏅️standards/🔖️1.0/🪆️subsets/✳️any/🧬️schema/🔺️diff/🦀️component.rs	1522	`dsl::ByteReader<'_>` is not a future
E0277	✏️s/🔌️plugins/🗄️stdio/📦️packages/🦀️rust/././././././././../../🗿️artifacts/☁️ply/🏅️standards/🔖️1.0/🪆️subsets/✳️any/🧬️schema/🔺️diff/🦀️component.rs	1518	`dsl::ByteReader<'_>` is not a future
E0277	✏️s/🔌️plugins/🗄️stdio/📦️packages/🦀️rust/././././././././../../🗿️artifacts/☁️ply/🏅️standards/🔖️1.0/🪆️subsets/✳️any/🧬️schema/🔺️diff/🦀️component.rs	1522	`dsl::ByteReader<'_>` is not a future
E0277	✏️s/🔌️plugins/🗄️stdio/📦️packages/🦀️rust/././././././././../../🗿️artifacts/🧿️semio/🏅️standards/🔖️v1/🪆️subsets/✳️presentation/🧬️schema/🔺️diff/🦀️component.rs	1615	`dsl::ByteReader<'_>` is not a future
E0277	✏️s/🔌️plugins/🗄️stdio/📦️packages/🦀️rust/././././././././../../🗿️artifacts/🧿️semio/🏅️standards/🔖️v1/🪆️subsets/✳️presentation/🧬️schema/🔺️diff/🦀️component.rs	1615	`dsl::ByteReader<'_>` is not a future
E0308	✏️s/🔌️plugins/🗄️stdio/📦️packages/🦀️rust/././././././././../../🗿️artifacts/🧿️semio/🏅️standards/🔖️v1/🪆️subsets/✳️value/🧬️schema/🧬️mutations/🦀️component.rs	131	mismatched types
E0308	✏️s/🔌️plugins/🗄️stdio/📦️packages/🦀️rust/././././././././../../🗿️artifacts/🧿️semio/🏅️standards/🔖️v1/🪆️subsets/✳️value/🧬️schema/🧬️mutations/🦀️component.rs	136	mismatched types
E0277	✏️s/🔌️plugins/🗄️stdio/📦️packages/🦀️rust/././././././././../../🗿️artifacts/🧿️semio/🏅️standards/🔖️v1/🪆️subsets/✳️value/🧬️schema/🧬️mutations/🦀️component.rs	506	`usize` is not a future
E0277	✏️s/🔌️plugins/🗄️stdio/📦️packages/🦀️rust/././././././././../../🗿️artifacts/🧿️semio/🏅️standards/🔖️v1/🪆️subsets/✳️value/🧬️schema/🧬️mutations/🦀️component.rs	510	`usize` is not a future
E0277	✏️s/🔌️plugins/🗄️stdio/📦️packages/🦀️rust/././././././././../../🗿️artifacts/🧿️semio/🏅️standards/🔖️v1/🪆️subsets/✳️value/🧬️schema/🧬️mutations/🦀️component.rs	511	`usize` is not a future
E0277	✏️s/🔌️plugins/🗄️stdio/📦️packages/🦀️rust/././././././././../../🗿️artifacts/🧿️semio/🏅️standards/🔖️v1/🪆️subsets/✳️value/🧬️schema/🧬️mutations/🦀️component.rs	515	`usize` is not a future
E0277	✏️s/🔌️plugins/🗄️stdio/📦️packages/🦀️rust/././././././././../../🗿️artifacts/🧿️semio/🏅️standards/🔖️v1/🪆️subsets/✳️value/🧬️schema/🧬️mutations/🦀️component.rs	516	`usize` is not a future
E0277	✏️s/🔌️plugins/🗄️stdio/📦️packages/🦀️rust/././././././././../../🗿️artifacts/🧿️semio/🏅️standards/🔖️v1/🪆️subsets/✳️value/🧬️schema/🧬️mutations/🦀️component.rs	517	`usize` is not a future
E0277	✏️s/🔌️plugins/🗄️stdio/📦️packages/🦀️rust/././././././././../../🗿️artifacts/🧿️semio/🏅️standards/🔖️v1/🪆️subsets/✳️value/🧬️schema/🧬️mutations/🦀️component.rs	521	`usize` is not a future
E0277	✏️s/🔌️plugins/🗄️stdio/📦️packages/🦀️rust/././././././././../../🗿️artifacts/🧿️semio/🏅️standards/🔖️v1/🪆️subsets/✳️value/🧬️schema/🧬️mutations/🦀️component.rs	522	`usize` is not a future
E0277	✏️s/🔌️plugins/🗄️stdio/📦️packages/🦀️rust/././././././././../../🗿️artifacts/🧿️semio/🏅️standards/🔖️v1/🪆️subsets/✳️value/🧬️schema/🧬️mutations/🦀️component.rs	526	`usize` is not a future
E0277	✏️s/🔌️plugins/🗄️stdio/📦️packages/🦀️rust/././././././././../../🗿️artifacts/🧿️semio/🏅️standards/🔖️v1/🪆️subsets/✳️value/🧬️schema/🧬️mutations/🦀️component.rs	527	`usize` is not a future
E0277	✏️s/🔌️plugins/🗄️stdio/📦️packages/🦀️rust/././././././././../../🗿️artifacts/🧿️semio/🏅️standards/🔖️v1/🪆️subsets/✳️value/🧬️schema/🧬️mutations/🦀️component.rs	528	`usize` is not a future
E0277	✏️s/🔌️plugins/🗄️stdio/📦️packages/🦀️rust/././././././././../../🗿️artifacts/🧿️semio/🏅️standards/🔖️v1/🪆️subsets/✳️value/🧬️schema/🧬️mutations/🦀️component.rs	532	`usize` is not a future
E0277	✏️s/🔌️plugins/🗄️stdio/📦️packages/🦀️rust/././././././././../../🗿️artifacts/🧿️semio/🏅️standards/🔖️v1/🪆️subsets/✳️value/🧬️schema/🧬️mutations/🦀️component.rs	533	`usize` is not a future
E0277	✏️s/🔌️plugins/🗄️stdio/📦️packages/🦀️rust/././././././././../../🗿️artifacts/🧿️semio/🏅️standards/🔖️v1/🪆️subsets/✳️value/🧬️schema/🧬️mutations/🦀️component.rs	537	`usize` is not a future
E0277	✏️s/🔌️plugins/🗄️stdio/📦️packages/🦀️rust/././././././././../../🗿️artifacts/🧿️semio/🏅️standards/🔖️v1/🪆️subsets/✳️value/🧬️schema/🧬️mutations/🦀️component.rs	538	`usize` is not a future
E0277	✏️s/🔌️plugins/🗄️stdio/📦️packages/🦀️rust/././././././././../../🗿️artifacts/🧿️semio/🏅️standards/🔖️v1/🪆️subsets/✳️value/🧬️schema/🧬️mutations/🦀️component.rs	542	`usize` is not a future
E0277	✏️s/🔌️plugins/🗄️stdio/📦️packages/🦀️rust/././././././././../../🗿️artifacts/🧿️semio/🏅️standards/🔖️v1/🪆️subsets/✳️value/🧬️schema/🧬️mutations/🦀️component.rs	506	`usize` is not a future
E0308	✏️s/🔌️plugins/🗄️stdio/📦️packages/🦀️rust/./././././././../../🗿️artifacts/🧿️semio/🏅️standards/🔖️v1/🪆️subsets/✳️presentation/🚪️io/🦀️component.rs	123	mismatched types
E0277	/Users/ueli/.cargo/registry/src/index.crates.io-1949cf8c6b5b557f/serde_json-1.0.149/src/macros.rs	279	the trait bound `impl Future<Output = MeshData>: serde::Serialize` is not satisfied
E0308	✏️s/🔌️plugins/🗄️stdio/📦️packages/🦀️rust/././././././../../🗿️artifacts/🧿️semio/🏅️standards/🔖️v1/🪆️subsets/✳️table/✏️editor/🎭️modes/✏️edit/🪟️windows/🪟️main/🦀️component.rs	69	mismatched types
E0308	✏️s/🔌️plugins/🗄️stdio/📦️packages/🦀️rust/././././../../🗿️artifacts/☁️ply/🏅️standards/🔖️1.0/🪆️subsets/✳️any/📚️examples/🎬️demo/🦀️component.rs	14	mismatched types
E0599	✏️s/🔌️plugins/🗄️stdio/📦️packages/🦀️rust/././../../🗿️artifacts/🧿️semio/🏅️standards/🔖️v1/🪆️subsets/✳️text/✏️editor/🦀️component.rs	87	no method named `document` found for opaque type `impl Future<Output = EditorBuilder>` in the current scope
E0308	✏️s/🔌️plugins/🗄️stdio/📦️packages/🦀️rust/././././././../../🗿️artifacts/🧿️semio/🏅️standards/🔖️v1/🪆️subsets/✳️text/✏️editor/🎭️modes/✏️edit/🪟️windows/🪟️main/🦀️component.rs	24	mismatched types
E0599	✏️s/🔌️plugins/🗄️stdio/📦️packages/🦀️rust/././../../🗿️artifacts/🖊️dxf/🦀️component.rs	41	no method named `schema` found for opaque type `impl Future<Output = ArtifactDeclarationBuilder<NeedsSchema>>` in the current scope
E0277	/Users/ueli/.cargo/registry/src/index.crates.io-1949cf8c6b5b557f/serde_json-1.0.149/src/macros.rs	279	the trait bound `impl Future<Output = MeshData>: serde::Serialize` is not satisfied
E0308	✏️s/🔌️plugins/🗄️stdio/📦️packages/🦀️rust/././././././../../🗿️artifacts/🧿️semio/🏅️standards/🔖️v1/🪆️subsets/✳️model/👁️viewer/🎭️modes/👁️view/🪟️windows/🪟️main/🦀️component.rs	73	mismatched types
E0277	✏️s/🔌️plugins/🗄️stdio/📦️packages/🦀️rust/././././././././../../🗿️artifacts/🧿️semio/🏅️standards/🔖️v1/🪆️subsets/✳️presentation/🧬️schema/📸️snapshot/🦀️component.rs	497	`dsl::ByteReader<'_>` is not a future
E0277	✏️s/🔌️plugins/🗄️stdio/📦️packages/🦀️rust/././././././././../../🗿️artifacts/🧿️semio/🏅️standards/🔖️v1/🪆️subsets/✳️presentation/🧬️schema/📸️snapshot/🦀️component.rs	497	`dsl::ByteReader<'_>` is not a future
E0277	/Users/ueli/.cargo/registry/src/index.crates.io-1949cf8c6b5b557f/serde_json-1.0.149/src/macros.rs	279	the trait bound `impl Future<Output = MeshData>: serde::Serialize` is not satisfied
E0308	✏️s/🔌️plugins/🗄️stdio/📦️packages/🦀️rust/././././././../../🗿️artifacts/🧿️semio/🏅️standards/🔖️v1/🪆️subsets/✳️drawing/✏️editor/🎭️modes/✏️edit/🪟️windows/🪟️main/🦀️component.rs	69	mismatched types
E0277	/Users/ueli/.cargo/registry/src/index.crates.io-1949cf8c6b5b557f/serde_json-1.0.149/src/macros.rs	279	the trait bound `impl Future<Output = MeshData>: serde::Serialize` is not satisfied
E0599	✏️s/🔌️plugins/🗄️stdio/📦️packages/🦀️rust/././../../🗿️artifacts/🧿️semio/🏅️standards/🔖️v1/🪆️subsets/✳️object/👁️viewer/🦀️component.rs	83	no method named `document` found for opaque type `impl Future<Output = ViewerBuilder>` in the current scope
E0308	✏️s/🔌️plugins/🗄️stdio/📦️packages/🦀️rust/././././././../../🗿️artifacts/🖊️dwg/🏅️standards/🔖️ac1018/🪆️subsets/✳️any/✏️editor/🎭️modes/✏️edit/🪟️windows/🪟️main/🦀️component.rs	69	mismatched types
E0308	✏️s/🔌️plugins/🗄️stdio/📦️packages/🦀️rust/././././././../../🗿️artifacts/🧿️semio/🏅️standards/🔖️v1/🪆️subsets/✳️object/👁️viewer/🎭️modes/👁️view/🪟️windows/🪟️main/🦀️component.rs	25	mismatched types
E0599	✏️s/🔌️plugins/🗄️stdio/📦️packages/🦀️rust/././../../🗿️artifacts/🧿️semio/🏅️standards/🔖️v1/🪆️subsets/✳️flow/✏️editor/🦀️component.rs	87	no method named `document` found for opaque type `impl Future<Output = EditorBuilder>` in the current scope
E0599	✏️s/🔌️plugins/🗄️stdio/📦️packages/🦀️rust/././../../🗿️artifacts/🖊️dwg/🏅️standards/🔖️ac1024/🪆️subsets/✳️any/✏️editor/🦀️component.rs	87	no method named `document` found for opaque type `impl Future<Output = EditorBuilder>` in the current scope
E0308	✏️s/🔌️plugins/🗄️stdio/📦️packages/🦀️rust/././././././../../🗿️artifacts/🖊️dwg/🏅️standards/🔖️ac1024/🪆️subsets/✳️any/✏️editor/🎭️modes/✏️edit/🪟️windows/🪟️main/🦀️component.rs	24	mismatched types
E0277	✏️s/🔌️plugins/🗄️stdio/📦️packages/🦀️rust/././././././././../../🗿️artifacts/🧿️semio/🏅️standards/🔖️v1/🪆️subsets/✳️value/🧬️schema/🔺️diff/🦀️component.rs	131	`MutationApplyError` is not a future
E0277	✏️s/🔌️plugins/🗄️stdio/📦️packages/🦀️rust/././././././././../../🗿️artifacts/🧿️semio/🏅️standards/🔖️v1/🪆️subsets/✳️value/🧬️schema/🔺️diff/🦀️component.rs	131	`MutationApplyError` is not a future
E0277	✏️s/🔌️plugins/🗄️stdio/📦️packages/🦀️rust/././././././././../../🗿️artifacts/🧿️semio/🏅️standards/🔖️v1/🪆️subsets/✳️model/🧬️schema/🔺️diff/🦀️component.rs	881	`dsl::ByteReader<'_>` is not a future
E0277	✏️s/🔌️plugins/🗄️stdio/📦️packages/🦀️rust/././././././././../../🗿️artifacts/🧿️semio/🏅️standards/🔖️v1/🪆️subsets/✳️model/🧬️schema/🔺️diff/🦀️component.rs	881	`dsl::ByteReader<'_>` is not a future
E0277	✏️s/🔌️plugins/🗄️stdio/📦️packages/🦀️rust/././././././././../../🗿️artifacts/🧿️semio/🏅️standards/🔖️v1/🪆️subsets/✳️value/🧬️schema/🔺️diff/🦀️component.rs	247	`MutationApplyError` is not a future
E0277	✏️s/🔌️plugins/🗄️stdio/📦️packages/🦀️rust/././././././././../../🗿️artifacts/🧿️semio/🏅️standards/🔖️v1/🪆️subsets/✳️value/🧬️schema/🔺️diff/🦀️component.rs	247	`MutationApplyError` is not a future
E0308	✏️s/🔌️plugins/🗄️stdio/📦️packages/🦀️rust/././././././././../../🗿️artifacts/🧿️semio/🏅️standards/🔖️v1/🪆️subsets/✳️value/🧬️schema/🔺️diff/🦀️component.rs	272	mismatched types
E0308	✏️s/🔌️plugins/🗄️stdio/📦️packages/🦀️rust/././././././././../../🗿️artifacts/🧿️semio/🏅️standards/🔖️v1/🪆️subsets/✳️value/🧬️schema/🔺️diff/🦀️component.rs	279	mismatched types
E0308	✏️s/🔌️plugins/🗄️stdio/📦️packages/🦀️rust/././././././././../../🗿️artifacts/🧿️semio/🏅️standards/🔖️v1/🪆️subsets/✳️value/🧬️schema/🔺️diff/🦀️component.rs	304	mismatched types
E0308	✏️s/🔌️plugins/🗄️stdio/📦️packages/🦀️rust/././././././././../../🗿️artifacts/🧿️semio/🏅️standards/🔖️v1/🪆️subsets/✳️value/🧬️schema/🔺️diff/🦀️component.rs	335	mismatched types
E0277	/Users/ueli/.cargo/registry/src/index.crates.io-1949cf8c6b5b557f/serde_json-1.0.149/src/macros.rs	279	the trait bound `impl Future<Output = MeshData>: serde::Serialize` is not satisfied
E0308	✏️s/🔌️plugins/🗄️stdio/📦️packages/🦀️rust/././././././../../🗿️artifacts/🏗️ifc/🏅️standards/🔖️2x3/🪆️subsets/✳️cobie/👁️viewer/🎭️modes/👁️view/🪟️windows/🪟️main/🦀️component.rs	73	mismatched types
E0599	✏️s/🔌️plugins/🗄️stdio/📦️packages/🦀️rust/././../../🗿️artifacts/🏗️ifc/🏅️standards/🔖️2x3/🪆️subsets/✳️cv20/👁️viewer/🦀️component.rs	83	no method named `document` found for opaque type `impl Future<Output = ViewerBuilder>` in the current scope
E0308	✏️s/🔌️plugins/🗄️stdio/📦️packages/🦀️rust/././././././../../🗿️artifacts/🏗️ifc/🏅️standards/🔖️2x3/🪆️subsets/✳️cv20/👁️viewer/🎭️modes/👁️view/🪟️windows/🪟️main/🦀️component.rs	25	mismatched types
E0277	✏️s/🔌️plugins/🗄️stdio/📦️packages/🦀️rust/././././././././../../🗿️artifacts/🧿️semio/🏅️standards/🔖️v1/🪆️subsets/✳️value/🧬️schema/🔺️diff/🦀️component.rs	966	the `?` operator can only be applied to values that implement `Try`
E0277	✏️s/🔌️plugins/🗄️stdio/📦️packages/🦀️rust/././././././././../../🗿️artifacts/🧿️semio/🏅️standards/🔖️v1/🪆️subsets/✳️value/🧬️schema/🔺️diff/🦀️component.rs	975	the `?` operator can only be applied to values that implement `Try`
E0277	✏️s/🔌️plugins/🗄️stdio/📦️packages/🦀️rust/././././././././../../🗿️artifacts/🧿️semio/🏅️standards/🔖️v1/🪆️subsets/✳️value/🧬️schema/🔺️diff/🦀️component.rs	1053	the `?` operator can only be applied to values that implement `Try`
E0277	✏️s/🔌️plugins/🗄️stdio/📦️packages/🦀️rust/././././././././../../🗿️artifacts/🧿️semio/🏅️standards/🔖️v1/🪆️subsets/✳️value/🧬️schema/🔺️diff/🦀️component.rs	1054	the `?` operator can only be applied to values that implement `Try`
E0277	✏️s/🔌️plugins/🗄️stdio/📦️packages/🦀️rust/././././././././../../🗿️artifacts/🧿️semio/🏅️standards/🔖️v1/🪆️subsets/✳️value/🧬️schema/🔺️diff/🦀️component.rs	1090	the `?` operator can only be applied to values that implement `Try`
E0277	✏️s/🔌️plugins/🗄️stdio/📦️packages/🦀️rust/././././././././../../🗿️artifacts/🧿️semio/🏅️standards/🔖️v1/🪆️subsets/✳️value/🧬️schema/🔺️diff/🦀️component.rs	1135	the `?` operator can only be applied to values that implement `Try`
E0277	✏️s/🔌️plugins/🗄️stdio/📦️packages/🦀️rust/././././././././../../🗿️artifacts/🧿️semio/🏅️standards/🔖️v1/🪆️subsets/✳️value/🧬️schema/🔺️diff/🦀️component.rs	1257	`usize` is not a future
E0277	✏️s/🔌️plugins/🗄️stdio/📦️packages/🦀️rust/././././././././../../🗿️artifacts/🧿️semio/🏅️standards/🔖️v1/🪆️subsets/✳️value/🧬️schema/🔺️diff/🦀️component.rs	1258	`usize` is not a future
E0277	✏️s/🔌️plugins/🗄️stdio/📦️packages/🦀️rust/././././././././../../🗿️artifacts/🧿️semio/🏅️standards/🔖️v1/🪆️subsets/✳️value/🧬️schema/🔺️diff/🦀️component.rs	1257	`usize` is not a future
E0308	✏️s/🔌️plugins/🗄️stdio/📦️packages/🦀️rust/./././././././../../🗿️artifacts/🧿️semio/🏅️standards/🔖️v1/🪆️subsets/✳️value/🚪️io/🦀️component.rs	121	mismatched types
E0308	✏️s/🔌️plugins/🗄️stdio/📦️packages/🦀️rust/././././././././../../🗿️artifacts/🖊️dxf/🏅️standards/🔖️r12/🪆️subsets/✳️any/🧬️schema/🔺️diff/🦀️component.rs	80	mismatched types
E0600	✏️s/🔌️plugins/🗄️stdio/📦️packages/🦀️rust/././././././././../../🗿️artifacts/🖊️dxf/🏅️standards/🔖️r12/🪆️subsets/✳️any/🧬️schema/🔺️diff/🦀️component.rs	80	cannot apply unary operator `!` to type `impl Future<Output = bool>`
E0308	✏️s/🔌️plugins/🗄️stdio/📦️packages/🦀️rust/././././././././../../🗿️artifacts/🖊️dxf/🏅️standards/🔖️r12/🪆️subsets/✳️any/🧬️schema/🔺️diff/🦀️component.rs	86	mismatched types
E0600	✏️s/🔌️plugins/🗄️stdio/📦️packages/🦀️rust/././././././././../../🗿️artifacts/🖊️dxf/🏅️standards/🔖️r12/🪆️subsets/✳️any/🧬️schema/🔺️diff/🦀️component.rs	176	cannot apply unary operator `!` to type `impl Future<Output = bool>`
E0369	✏️s/🔌️plugins/🗄️stdio/📦️packages/🦀️rust/././././././././../../🗿️artifacts/🖊️dxf/🏅️standards/🔖️r12/🪆️subsets/✳️any/🧬️schema/🔺️diff/🦀️component.rs	225	binary operation `==` cannot be applied to type `impl Future<Output = &str>`
E0277	✏️s/🔌️plugins/🗄️stdio/📦️packages/🦀️rust/././././././././../../🗿️artifacts/🖊️dxf/🏅️standards/🔖️r12/🪆️subsets/✳️any/🧬️schema/🔺️diff/🦀️component.rs	231	the trait bound `&str: Borrow<impl Future<Output = &str>>` is not satisfied
E0277	✏️s/🔌️plugins/🗄️stdio/📦️packages/🦀️rust/././././././././../../🗿️artifacts/🖊️dxf/🏅️standards/🔖️r12/🪆️subsets/✳️any/🧬️schema/🔺️diff/🦀️component.rs	231	the trait bound `impl Future<Output = &str>: std::hash::Hash` is not satisfied
E0277	✏️s/🔌️plugins/🗄️stdio/📦️packages/🦀️rust/././././././././../../🗿️artifacts/🖊️dxf/🏅️standards/🔖️r12/🪆️subsets/✳️any/🧬️schema/🔺️diff/🦀️component.rs	231	the trait bound `impl Future<Output = &str>: std::cmp::Eq` is not satisfied
E0277	✏️s/🔌️plugins/🗄️stdio/📦️packages/🦀️rust/././././././././../../🗿️artifacts/🖊️dxf/🏅️standards/🔖️r12/🪆️subsets/✳️any/🧬️schema/🔺️diff/🦀️component.rs	242	a value of type `HashSet<&str>` cannot be built from an iterator over elements of type `impl Future<Output = &str>`
E0277	✏️s/🔌️plugins/🗄️stdio/📦️packages/🦀️rust/././././././././../../🗿️artifacts/🖊️dxf/🏅️standards/🔖️r12/🪆️subsets/✳️any/🧬️schema/🔺️diff/🦀️component.rs	243	a value of type `HashSet<&str>` cannot be built from an iterator over elements of type `impl Future<Output = &str>`
E0277	✏️s/🔌️plugins/🗄️stdio/📦️packages/🦀️rust/././././././././../../🗿️artifacts/🖊️dxf/🏅️standards/🔖️r12/🪆️subsets/✳️any/🧬️schema/🔺️diff/🦀️component.rs	244	the trait bound `&str: Borrow<impl Future<Output = &str>>` is not satisfied
E0277	✏️s/🔌️plugins/🗄️stdio/📦️packages/🦀️rust/././././././././../../🗿️artifacts/🖊️dxf/🏅️standards/🔖️r12/🪆️subsets/✳️any/🧬️schema/🔺️diff/🦀️component.rs	244	the trait bound `impl Future<Output = &str>: std::hash::Hash` is not satisfied
E0277	✏️s/🔌️plugins/🗄️stdio/📦️packages/🦀️rust/././././././././../../🗿️artifacts/🖊️dxf/🏅️standards/🔖️r12/🪆️subsets/✳️any/🧬️schema/🔺️diff/🦀️component.rs	244	the trait bound `impl Future<Output = &str>: std::cmp::Eq` is not satisfied
E0599	✏️s/🔌️plugins/🗄️stdio/📦️packages/🦀️rust/././././././././../../🗿️artifacts/🖊️dxf/🏅️standards/🔖️r12/🪆️subsets/✳️any/🧬️schema/🔺️diff/🦀️component.rs	244	`impl Future<Output = &str>` doesn't implement `std::fmt::Display`
E0369	✏️s/🔌️plugins/🗄️stdio/📦️packages/🦀️rust/././././././././../../🗿️artifacts/🖊️dxf/🏅️standards/🔖️r12/🪆️subsets/✳️any/🧬️schema/🔺️diff/🦀️component.rs	247	binary operation `==` cannot be applied to type `impl Future<Output = &str>`
E0369	✏️s/🔌️plugins/🗄️stdio/📦️packages/🦀️rust/././././././././../../🗿️artifacts/🖊️dxf/🏅️standards/🔖️r12/🪆️subsets/✳️any/🧬️schema/🔺️diff/🦀️component.rs	249	binary operation `!=` cannot be applied to type `impl Future<Output = <T as DxfNamedElem>::Diff>`
E0599	✏️s/🔌️plugins/🗄️stdio/📦️packages/🦀️rust/././././././././../../🗿️artifacts/🖊️dxf/🏅️standards/🔖️r12/🪆️subsets/✳️any/🧬️schema/🔺️diff/🦀️component.rs	250	`impl Future<Output = &str>` doesn't implement `std::fmt::Display`
E0277	✏️s/🔌️plugins/🗄️stdio/📦️packages/🦀️rust/././././././././../../🗿️artifacts/🖊️dxf/🏅️standards/🔖️r12/🪆️subsets/✳️any/🧬️schema/🔺️diff/🦀️component.rs	254	the trait bound `&str: Borrow<impl Future<Output = &str>>` is not satisfied
E0277	✏️s/🔌️plugins/🗄️stdio/📦️packages/🦀️rust/././././././././../../🗿️artifacts/🖊️dxf/🏅️standards/🔖️r12/🪆️subsets/✳️any/🧬️schema/🔺️diff/🦀️component.rs	254	the trait bound `impl Future<Output = &str>: std::hash::Hash` is not satisfied
E0277	✏️s/🔌️plugins/🗄️stdio/📦️packages/🦀️rust/././././././././../../🗿️artifacts/🖊️dxf/🏅️standards/🔖️r12/🪆️subsets/✳️any/🧬️schema/🔺️diff/🦀️component.rs	254	the trait bound `impl Future<Output = &str>: std::cmp::Eq` is not satisfied
E0599	✏️s/🔌️plugins/🗄️stdio/📦️packages/🦀️rust/././././././././../../🗿️artifacts/🖊️dxf/🏅️standards/🔖️r12/🪆️subsets/✳️any/🧬️schema/🔺️diff/🦀️component.rs	268	`impl Future<Output = &str>` doesn't implement `std::fmt::Display`
E0277	✏️s/🔌️plugins/🗄️stdio/📦️packages/🦀️rust/././././././././../../🗿️artifacts/🖊️dxf/🏅️standards/🔖️r12/🪆️subsets/✳️any/🧬️schema/🔺️diff/🦀️component.rs	279	the trait bound `std::string::String: Borrow<impl Future<Output = &str>>` is not satisfied
E0277	✏️s/🔌️plugins/🗄️stdio/📦️packages/🦀️rust/././././././././../../🗿️artifacts/🖊️dxf/🏅️standards/🔖️r12/🪆️subsets/✳️any/🧬️schema/🔺️diff/🦀️component.rs	279	the trait bound `impl Future<Output = &str>: std::hash::Hash` is not satisfied
E0277	✏️s/🔌️plugins/🗄️stdio/📦️packages/🦀️rust/././././././././../../🗿️artifacts/🖊️dxf/🏅️standards/🔖️r12/🪆️subsets/✳️any/🧬️schema/🔺️diff/🦀️component.rs	279	the trait bound `impl Future<Output = &str>: std::cmp::Eq` is not satisfied
E0369	✏️s/🔌️plugins/🗄️stdio/📦️packages/🦀️rust/././././././././../../🗿️artifacts/🖊️dxf/🏅️standards/🔖️r12/🪆️subsets/✳️any/🧬️schema/🔺️diff/🦀️component.rs	286	binary operation `==` cannot be applied to type `impl Future<Output = &str>`
E0277	✏️s/🔌️plugins/🗄️stdio/📦️packages/🦀️rust/././././././././../../🗿️artifacts/🧿️semio/🏅️standards/🔖️v1/🪆️subsets/✳️model/🧬️schema/📸️snapshot/🦀️component.rs	570	`Result<f64, PackError>` is not a future
E0277	/Users/ueli/.cargo/registry/src/index.crates.io-1949cf8c6b5b557f/serde_json-1.0.149/src/macros.rs	279	the trait bound `impl Future<Output = MeshData>: serde::Serialize` is not satisfied
E0308	✏️s/🔌️plugins/🗄️stdio/📦️packages/🦀️rust/././././././../../🗿️artifacts/🧿️semio/🏅️standards/🔖️v1/🪆️subsets/✳️text/✏️editor/🎭️modes/✏️edit/🪟️windows/🪟️main/🦀️component.rs	69	mismatched types
E0599	✏️s/🔌️plugins/🗄️stdio/📦️packages/🦀️rust/././../../🗿️artifacts/🧿️semio/🏅️standards/🔖️v1/🪆️subsets/✳️value/✏️editor/🦀️component.rs	87	no method named `document` found for opaque type `impl Future<Output = EditorBuilder>` in the current scope
E0308	✏️s/🔌️plugins/🗄️stdio/📦️packages/🦀️rust/././././././../../🗿️artifacts/🧿️semio/🏅️standards/🔖️v1/🪆️subsets/✳️value/✏️editor/🎭️modes/✏️edit/🪟️windows/🪟️main/🦀️component.rs	24	mismatched types
E0277	✏️s/🔌️plugins/🗄️stdio/📦️packages/🦀️rust/././././././././../../🗿️artifacts/🧿️semio/🏅️standards/🔖️v1/🪆️subsets/✳️mesh/🧬️schema/📸️snapshot/🦀️component.rs	517	`dsl::ByteReader<'_>` is not a future
E0277	✏️s/🔌️plugins/🗄️stdio/📦️packages/🦀️rust/././././././././../../🗿️artifacts/🧿️semio/🏅️standards/🔖️v1/🪆️subsets/✳️mesh/🧬️schema/📸️snapshot/🦀️component.rs	517	`dsl::ByteReader<'_>` is not a future
E0277	✏️s/🔌️plugins/🗄️stdio/📦️packages/🦀️rust/././././././././../../🗿️artifacts/🧿️semio/🏅️standards/🔖️v1/🪆️subsets/✳️model/🧬️schema/📸️snapshot/🦀️component.rs	570	`Result<f64, PackError>` is not a future
E0277	/Users/ueli/.cargo/registry/src/index.crates.io-1949cf8c6b5b557f/serde_json-1.0.149/src/macros.rs	279	the trait bound `impl Future<Output = MeshData>: serde::Serialize` is not satisfied
E0308	✏️s/🔌️plugins/🗄️stdio/📦️packages/🦀️rust/././././././../../🗿️artifacts/🧿️semio/🏅️standards/🔖️v1/🪆️subsets/✳️object/👁️viewer/🎭️modes/👁️view/🪟️windows/🪟️main/🦀️component.rs	73	mismatched types
E0308	✏️s/🔌️plugins/🗄️stdio/📦️packages/🦀️rust/././././././././../../🗿️artifacts/🧿️semio/🏅️standards/🔖️v1/🪆️subsets/✳️mesh/📚️examples/🧊️cube/🦀️component.rs	19	mismatched types
E0277	✏️s/🔌️plugins/🗄️stdio/📦️packages/🦀️rust/././././././././../../🗿️artifacts/🧿️semio/🏅️standards/🔖️v1/🪆️subsets/✳️model/🧬️schema/📸️snapshot/🦀️component.rs	825	`dsl::ByteReader<'_>` is not a future
E0308	✏️s/🔌️plugins/🗄️stdio/📦️packages/🦀️rust/./././././././../../🗿️artifacts/🧿️semio/🏅️standards/🔖️v1/🪆️subsets/✳️model/🚪️io/🦀️component.rs	123	mismatched types
E0277	✏️s/🔌️plugins/🗄️stdio/📦️packages/🦀️rust/././././././././../../🗿️artifacts/🧿️semio/🏅️standards/🔖️v1/🪆️subsets/✳️model/🧬️schema/📸️snapshot/🦀️component.rs	825	`dsl::ByteReader<'_>` is not a future
E0277	/Users/ueli/.cargo/registry/src/index.crates.io-1949cf8c6b5b557f/serde_json-1.0.149/src/macros.rs	279	the trait bound `impl Future<Output = MeshData>: serde::Serialize` is not satisfied
E0308	✏️s/🔌️plugins/🗄️stdio/📦️packages/🦀️rust/././././././../../🗿️artifacts/🖊️dwg/🏅️standards/🔖️ac1024/🪆️subsets/✳️any/✏️editor/🎭️modes/✏️edit/🪟️windows/🪟️main/🦀️component.rs	69	mismatched types
E0599	✏️s/🔌️plugins/🗄️stdio/📦️packages/🦀️rust/././../../🗿️artifacts/🧿️semio/🏅️standards/🔖️v1/🪆️subsets/✳️presentation/👁️viewer/🦀️component.rs	83	no method named `document` found for opaque type `impl Future<Output = ViewerBuilder>` in the current scope
E0277	✏️s/🔌️plugins/🗄️stdio/📦️packages/🦀️rust/././././././././../../🗿️artifacts/🧿️semio/🏅️standards/🔖️v1/🪆️subsets/✳️mesh/🧬️schema/🔺️diff/🦀️component.rs	1108	`dsl::ByteReader<'_>` is not a future
E0308	✏️s/🔌️plugins/🗄️stdio/📦️packages/🦀️rust/././././././../../🗿️artifacts/🧿️semio/🏅️standards/🔖️v1/🪆️subsets/✳️presentation/👁️viewer/🎭️modes/👁️view/🪟️windows/🪟️main/🦀️component.rs	25	mismatched types
E0277	✏️s/🔌️plugins/🗄️stdio/📦️packages/🦀️rust/././././././././../../🗿️artifacts/🧿️semio/🏅️standards/🔖️v1/🪆️subsets/✳️mesh/🧬️schema/🔺️diff/🦀️component.rs	1108	`dsl::ByteReader<'_>` is not a future
E0308	✏️s/🔌️plugins/🗄️stdio/📦️packages/🦀️rust/././././././././../../🗿️artifacts/🧿️semio/🏅️standards/🔖️v1/🪆️subsets/✳️mesh/🧬️schema/💡️inferences/🦀️component.rs	40	mismatched types
E0599	✏️s/🔌️plugins/🗄️stdio/📦️packages/🦀️rust/././../../🗿️artifacts/🖊️dxf/🏅️standards/🔖️r12/🪆️subsets/✳️any/✏️editor/🦀️component.rs	87	no method named `document` found for opaque type `impl Future<Output = EditorBuilder>` in the current scope
E0308	✏️s/🔌️plugins/🗄️stdio/📦️packages/🦀️rust/././././././../../🗿️artifacts/🖊️dxf/🏅️standards/🔖️r12/🪆️subsets/✳️any/✏️editor/🎭️modes/✏️edit/🪟️windows/🪟️main/🦀️component.rs	24	mismatched types
E0277	/Users/ueli/.cargo/registry/src/index.crates.io-1949cf8c6b5b557f/serde_json-1.0.149/src/macros.rs	279	the trait bound `impl Future<Output = MeshData>: serde::Serialize` is not satisfied
E0308	✏️s/🔌️plugins/🗄️stdio/📦️packages/🦀️rust/././././././../../🗿️artifacts/🏗️ifc/🏅️standards/🔖️2x3/🪆️subsets/✳️cv20/👁️viewer/🎭️modes/👁️view/🪟️windows/🪟️main/🦀️component.rs	73	mismatched types
E0599	✏️s/🔌️plugins/🗄️stdio/📦️packages/🦀️rust/././../../🗿️artifacts/🏗️ifc/🏅️standards/🔖️2x3/🪆️subsets/✳️sav/👁️viewer/🦀️component.rs	83	no method named `document` found for opaque type `impl Future<Output = ViewerBuilder>` in the current scope
E0308	✏️s/🔌️plugins/🗄️stdio/📦️packages/🦀️rust/././././././../../🗿️artifacts/🏗️ifc/🏅️standards/🔖️2x3/🪆️subsets/✳️sav/👁️viewer/🎭️modes/👁️view/🪟️windows/🪟️main/🦀️component.rs	25	mismatched types
E0308	✏️s/🔌️plugins/🗄️stdio/📦️packages/🦀️rust/././././././././../../🗿️artifacts/🖊️dxf/🏅️standards/🔖️r12/🪆️subsets/✳️any/🧬️schema/🔺️diff/🦀️component.rs	1741	mismatched types
E0308	✏️s/🔌️plugins/🗄️stdio/📦️packages/🦀️rust/././././././././../../🗿️artifacts/🖊️dxf/🏅️standards/🔖️r12/🪆️subsets/✳️any/🧬️schema/🔺️diff/🦀️component.rs	1745	mismatched types
E0308	✏️s/🔌️plugins/🗄️stdio/📦️packages/🦀️rust/././././././././../../🗿️artifacts/🖊️dxf/🏅️standards/🔖️r12/🪆️subsets/✳️any/🧬️schema/🔺️diff/🦀️component.rs	1749	mismatched types
E0277	✏️s/🔌️plugins/🗄️stdio/📦️packages/🦀️rust/././././././././../../🗿️artifacts/🧿️semio/🏅️standards/🔖️v1/🪆️subsets/✳️image/🧬️schema/🔺️diff/🦀️component.rs	826	`dsl::ByteReader<'_>` is not a future
E0308	✏️s/🔌️plugins/🗄️stdio/📦️packages/🦀️rust/././././././././../../🗿️artifacts/🖊️dxf/🏅️standards/🔖️r12/🪆️subsets/✳️any/🧬️schema/🔺️diff/🦀️component.rs	1753	mismatched types
E0308	✏️s/🔌️plugins/🗄️stdio/📦️packages/🦀️rust/././././././././../../🗿️artifacts/🖊️dxf/🏅️standards/🔖️r12/🪆️subsets/✳️any/🧬️schema/🔺️diff/🦀️component.rs	1761	mismatched types
E0277	✏️s/🔌️plugins/🗄️stdio/📦️packages/🦀️rust/././././././././../../🗿️artifacts/🧿️semio/🏅️standards/🔖️v1/🪆️subsets/✳️image/🧬️schema/🔺️diff/🦀️component.rs	826	`dsl::ByteReader<'_>` is not a future
E0277	✏️s/🔌️plugins/🗄️stdio/📦️packages/🦀️rust/./././././././././../../🗿️artifacts/🧿️semio/🏅️standards/🔖️v1/🪆️subsets/✳️drawing/🧬️schema/🧬️mutations/🫓flatten/🔺️diff/🦀️component.rs	23	the `?` operator can only be applied to values that implement `Try`
E0308	✏️s/🔌️plugins/🗄️stdio/📦️packages/🦀️rust/./././././././../../🗿️artifacts/🧿️semio/🏅️standards/🔖️v1/🪆️subsets/✳️image/🚪️io/🦀️component.rs	117	mismatched types
E0277	/Users/ueli/.cargo/registry/src/index.crates.io-1949cf8c6b5b557f/serde_json-1.0.149/src/macros.rs	279	the trait bound `impl Future<Output = MeshData>: serde::Serialize` is not satisfied
E0308	✏️s/🔌️plugins/🗄️stdio/📦️packages/🦀️rust/././././././../../🗿️artifacts/🧿️semio/🏅️standards/🔖️v1/🪆️subsets/✳️value/✏️editor/🎭️modes/✏️edit/🪟️windows/🪟️main/🦀️component.rs	69	mismatched types
E0599	✏️s/🔌️plugins/🗄️stdio/📦️packages/🦀️rust/././../../🗿️artifacts/🧿️semio/🏅️standards/🔖️v1/🪆️subsets/✳️video/✏️editor/🦀️component.rs	87	no method named `document` found for opaque type `impl Future<Output = EditorBuilder>` in the current scope
E0308	✏️s/🔌️plugins/🗄️stdio/📦️packages/🦀️rust/././././././../../🗿️artifacts/🧿️semio/🏅️standards/🔖️v1/🪆️subsets/✳️video/✏️editor/🎭️modes/✏️edit/🪟️windows/🪟️main/🦀️component.rs	24	mismatched types
E0277	✏️s/🔌️plugins/🗄️stdio/📦️packages/🦀️rust/././././././././../../🗿️artifacts/🧿️semio/🏅️standards/🔖️v1/🪆️subsets/✳️image/🧬️schema/📸️snapshot/🦀️component.rs	371	`dsl::ByteReader<'_>` is not a future
E0308	✏️s/🔌️plugins/🗄️stdio/📦️packages/🦀️rust/./././././././../../🗿️artifacts/🧿️semio/🏅️standards/🔖️v1/🪆️subsets/✳️mesh/🚪️io/🦀️component.rs	139	mismatched types
E0277	✏️s/🔌️plugins/🗄️stdio/📦️packages/🦀️rust/././././././././../../🗿️artifacts/🧿️semio/🏅️standards/🔖️v1/🪆️subsets/✳️image/🧬️schema/📸️snapshot/🦀️component.rs	371	`dsl::ByteReader<'_>` is not a future
E0599	✏️s/🔌️plugins/🗄️stdio/📦️packages/🦀️rust/././././././././../../🗿️artifacts/🧿️semio/🏅️standards/🔖️v1/🪆️subsets/✳️drawing/🧬️schema/💡️inferences/🦀️component.rs	37	`impl Future<Output = BTreeMap<<... as InferredField<...>>::Key, ...>>` is not an iterator
E0308	✏️s/🔌️plugins/🗄️stdio/📦️packages/🦀️rust/./././././././../../🗿️artifacts/🧿️semio/🏅️standards/🔖️v1/🪆️subsets/✳️drawing/🚪️io/🦀️component.rs	147	mismatched types
E0277	✏️s/🔌️plugins/🗄️stdio/📦️packages/🦀️rust/././././././././../../🗿️artifacts/🖊️dxf/🏅️standards/🔖️r12/🪆️subsets/✳️any/🧬️schema/🔺️diff/🦀️component.rs	3083	`Result<i64, PackError>` is not a future
E0277	✏️s/🔌️plugins/🗄️stdio/📦️packages/🦀️rust/././././././././../../🗿️artifacts/🖊️dxf/🏅️standards/🔖️r12/🪆️subsets/✳️any/🧬️schema/🔺️diff/🦀️component.rs	3083	`Result<i64, PackError>` is not a future
E0277	✏️s/🔌️plugins/🗄️stdio/📦️packages/🦀️rust/././././././././../../🗿️artifacts/🖊️dxf/🏅️standards/🔖️r12/🪆️subsets/✳️any/🧬️schema/🔺️diff/🦀️component.rs	3097	`Result<i64, PackError>` is not a future
E0277	✏️s/🔌️plugins/🗄️stdio/📦️packages/🦀️rust/././././././././../../🗿️artifacts/🖊️dxf/🏅️standards/🔖️r12/🪆️subsets/✳️any/🧬️schema/🔺️diff/🦀️component.rs	3099	`Result<i64, PackError>` is not a future
E0277	✏️s/🔌️plugins/🗄️stdio/📦️packages/🦀️rust/././././././././../../🗿️artifacts/🖊️dxf/🏅️standards/🔖️r12/🪆️subsets/✳️any/🧬️schema/🔺️diff/🦀️component.rs	3097	`Result<i64, PackError>` is not a future
E0277	✏️s/🔌️plugins/🗄️stdio/📦️packages/🦀️rust/././././././././../../🗿️artifacts/🖊️dxf/🏅️standards/🔖️r12/🪆️subsets/✳️any/🧬️schema/🔺️diff/🦀️component.rs	3111	`Result<i64, PackError>` is not a future
E0277	✏️s/🔌️plugins/🗄️stdio/📦️packages/🦀️rust/././././././././../../🗿️artifacts/🖊️dxf/🏅️standards/🔖️r12/🪆️subsets/✳️any/🧬️schema/🔺️diff/🦀️component.rs	3111	`Result<i64, PackError>` is not a future
E0277	✏️s/🔌️plugins/🗄️stdio/📦️packages/🦀️rust/././././././././../../🗿️artifacts/🖊️dxf/🏅️standards/🔖️r12/🪆️subsets/✳️any/🧬️schema/🔺️diff/🦀️component.rs	3124	`Result<i64, PackError>` is not a future
E0277	✏️s/🔌️plugins/🗄️stdio/📦️packages/🦀️rust/././././././././../../🗿️artifacts/🖊️dxf/🏅️standards/🔖️r12/🪆️subsets/✳️any/🧬️schema/🔺️diff/🦀️component.rs	3124	`Result<i64, PackError>` is not a future
E0277	✏️s/🔌️plugins/🗄️stdio/📦️packages/🦀️rust/././././././././../../🗿️artifacts/🖊️dxf/🏅️standards/🔖️r12/🪆️subsets/✳️any/🧬️schema/🔺️diff/🦀️component.rs	3229	`Result<u8, PackError>` is not a future
E0277	✏️s/🔌️plugins/🗄️stdio/📦️packages/🦀️rust/././././././././../../🗿️artifacts/🖊️dxf/🏅️standards/🔖️r12/🪆️subsets/✳️any/🧬️schema/🔺️diff/🦀️component.rs	3229	`Result<u8, PackError>` is not a future
E0277	✏️s/🔌️plugins/🗄️stdio/📦️packages/🦀️rust/././././././././../../🗿️artifacts/🖊️dxf/🏅️standards/🔖️r12/🪆️subsets/✳️any/🧬️schema/🔺️diff/🦀️component.rs	3546	`usize` is not a future
E0277	✏️s/🔌️plugins/🗄️stdio/📦️packages/🦀️rust/././././././././../../🗿️artifacts/🖊️dxf/🏅️standards/🔖️r12/🪆️subsets/✳️any/🧬️schema/🔺️diff/🦀️component.rs	3547	`usize` is not a future
E0277	✏️s/🔌️plugins/🗄️stdio/📦️packages/🦀️rust/././././././././../../🗿️artifacts/🖊️dxf/🏅️standards/🔖️r12/🪆️subsets/✳️any/🧬️schema/🔺️diff/🦀️component.rs	3548	`usize` is not a future
E0277	✏️s/🔌️plugins/🗄️stdio/📦️packages/🦀️rust/././././././././../../🗿️artifacts/🖊️dxf/🏅️standards/🔖️r12/🪆️subsets/✳️any/🧬️schema/🔺️diff/🦀️component.rs	3549	`usize` is not a future
E0277	✏️s/🔌️plugins/🗄️stdio/📦️packages/🦀️rust/././././././././../../🗿️artifacts/🖊️dxf/🏅️standards/🔖️r12/🪆️subsets/✳️any/🧬️schema/🔺️diff/🦀️component.rs	3546	`usize` is not a future
E0277	✏️s/🔌️plugins/🗄️stdio/📦️packages/🦀️rust/././././././././../../🗿️artifacts/🧿️semio/🏅️standards/🔖️v1/🪆️subsets/✳️document/🧬️schema/🔺️diff/🦀️component.rs	1728	`dsl::ByteReader<'_>` is not a future
E0277	✏️s/🔌️plugins/🗄️stdio/📦️packages/🦀️rust/././././././././../../🗿️artifacts/🧿️semio/🏅️standards/🔖️v1/🪆️subsets/✳️document/🧬️schema/🔺️diff/🦀️component.rs	1728	`dsl::ByteReader<'_>` is not a future
E0277	/Users/ueli/.cargo/registry/src/index.crates.io-1949cf8c6b5b557f/serde_json-1.0.149/src/macros.rs	279	the trait bound `impl Future<Output = MeshData>: serde::Serialize` is not satisfied
E0308	✏️s/🔌️plugins/🗄️stdio/📦️packages/🦀️rust/././././././../../🗿️artifacts/🧿️semio/🏅️standards/🔖️v1/🪆️subsets/✳️presentation/👁️viewer/🎭️modes/👁️view/🪟️windows/🪟️main/🦀️component.rs	73	mismatched types
E0277	/Users/ueli/.cargo/registry/src/index.crates.io-1949cf8c6b5b557f/serde_json-1.0.149/src/macros.rs	279	the trait bound `impl Future<Output = MeshData>: serde::Serialize` is not satisfied
E0599	✏️s/🔌️plugins/🗄️stdio/📦️packages/🦀️rust/././../../🗿️artifacts/🧿️semio/🏅️standards/🔖️v1/🪆️subsets/✳️table/👁️viewer/🦀️component.rs	83	no method named `document` found for opaque type `impl Future<Output = ViewerBuilder>` in the current scope
E0308	✏️s/🔌️plugins/🗄️stdio/📦️packages/🦀️rust/././././././../../🗿️artifacts/🖊️dxf/🏅️standards/🔖️r12/🪆️subsets/✳️any/✏️editor/🎭️modes/✏️edit/🪟️windows/🪟️main/🦀️component.rs	69	mismatched types
E0308	✏️s/🔌️plugins/🗄️stdio/📦️packages/🦀️rust/././././././../../🗿️artifacts/🧿️semio/🏅️standards/🔖️v1/🪆️subsets/✳️table/👁️viewer/🎭️modes/👁️view/🪟️windows/🪟️main/🦀️component.rs	25	mismatched types
E0277	/Users/ueli/.cargo/registry/src/index.crates.io-1949cf8c6b5b557f/serde_json-1.0.149/src/macros.rs	279	the trait bound `impl Future<Output = MeshData>: serde::Serialize` is not satisfied
E0308	✏️s/🔌️plugins/🗄️stdio/📦️packages/🦀️rust/././././././../../🗿️artifacts/🏗️ifc/🏅️standards/🔖️2x3/🪆️subsets/✳️sav/👁️viewer/🎭️modes/👁️view/🪟️windows/🪟️main/🦀️component.rs	73	mismatched types
E0308	✏️s/🔌️plugins/🗄️stdio/📦️packages/🦀️rust/././././././././../../🗿️artifacts/🧿️semio/🏅️standards/🔖️v1/🪆️subsets/✳️document/🧬️schema/🧬️mutations/🦀️component.rs	67	mismatched types
E0277	✏️s/🔌️plugins/🗄️stdio/📦️packages/🦀️rust/././././././././../../🗿️artifacts/🧿️semio/🏅️standards/🔖️v1/🪆️subsets/✳️drawing/🧬️schema/📸️snapshot/🦀️component.rs	710	`Result<f64, PackError>` is not a future
E0308	✏️s/🔌️plugins/🗄️stdio/📦️packages/🦀️rust/././././././././../../🗿️artifacts/🧿️semio/🏅️standards/🔖️v1/🪆️subsets/✳️document/🧬️schema/🧬️mutations/🦀️component.rs	71	mismatched types
E0277	✏️s/🔌️plugins/🗄️stdio/📦️packages/🦀️rust/././././././././../../🗿️artifacts/🧿️semio/🏅️standards/🔖️v1/🪆️subsets/✳️drawing/🧬️schema/📸️snapshot/🦀️component.rs	710	`Result<f64, PackError>` is not a future
E0308	✏️s/🔌️plugins/🗄️stdio/📦️packages/🦀️rust/././././././././../../🗿️artifacts/🧿️semio/🏅️standards/🔖️v1/🪆️subsets/✳️document/🧬️schema/🧬️mutations/🦀️component.rs	75	mismatched types
E0277	✏️s/🔌️plugins/🗄️stdio/📦️packages/🦀️rust/././././././././../../🗿️artifacts/🧿️semio/🏅️standards/🔖️v1/🪆️subsets/✳️drawing/🧬️schema/📸️snapshot/🦀️component.rs	761	`dsl::ByteReader<'_>` is not a future
E0599	✏️s/🔌️plugins/🗄️stdio/📦️packages/🦀️rust/././../../🗿️artifacts/🧊️gltf/🏅️standards/🔖️2.0/🪆️subsets/✳️any/✏️editor/🦀️component.rs	87	no method named `document` found for opaque type `impl Future<Output = EditorBuilder>` in the current scope
E0308	✏️s/🔌️plugins/🗄️stdio/📦️packages/🦀️rust/././././././././../../🗿️artifacts/🧿️semio/🏅️standards/🔖️v1/🪆️subsets/✳️document/🧬️schema/🧬️mutations/🦀️component.rs	111	mismatched types
E0308	✏️s/🔌️plugins/🗄️stdio/📦️packages/🦀️rust/././././././././../../🗿️artifacts/🧿️semio/🏅️standards/🔖️v1/🪆️subsets/✳️document/🧬️schema/🧬️mutations/🦀️component.rs	115	mismatched types
E0308	✏️s/🔌️plugins/🗄️stdio/📦️packages/🦀️rust/././././././../../🗿️artifacts/🧊️gltf/🏅️standards/🔖️2.0/🪆️subsets/✳️any/✏️editor/🎭️modes/✏️edit/🪟️windows/🪟️main/🦀️component.rs	24	mismatched types
E0277	✏️s/🔌️plugins/🗄️stdio/📦️packages/🦀️rust/././././././././../../🗿️artifacts/🧿️semio/🏅️standards/🔖️v1/🪆️subsets/✳️drawing/🧬️schema/📸️snapshot/🦀️component.rs	761	`dsl::ByteReader<'_>` is not a future
E0308	✏️s/🔌️plugins/🗄️stdio/📦️packages/🦀️rust/././././././././../../🗿️artifacts/🧿️semio/🏅️standards/🔖️v1/🪆️subsets/✳️document/🧬️schema/🧬️mutations/🦀️component.rs	121	mismatched types
E0599	✏️s/🔌️plugins/🗄️stdio/📦️packages/🦀️rust/././../../🗿️artifacts/🏗️ifc/🏅️standards/🔖️4/🪆️subsets/✳️any/👁️viewer/🦀️component.rs	83	no method named `document` found for opaque type `impl Future<Output = ViewerBuilder>` in the current scope
E0308	✏️s/🔌️plugins/🗄️stdio/📦️packages/🦀️rust/././././././../../🗿️artifacts/🏗️ifc/🏅️standards/🔖️4/🪆️subsets/✳️any/👁️viewer/🎭️modes/👁️view/🪟️windows/🪟️main/🦀️component.rs	25	mismatched types
E0277	✏️s/🔌️plugins/🗄️stdio/📦️packages/🦀️rust/././././././././../../🗿️artifacts/🧿️semio/🏅️standards/🔖️v1/🪆️subsets/✳️cad/🧬️schema/📸️snapshot/🦀️component.rs	552	`dsl::ByteReader<'_>` is not a future
E0277	✏️s/🔌️plugins/🗄️stdio/📦️packages/🦀️rust/././././././././../../🗿️artifacts/🧿️semio/🏅️standards/🔖️v1/🪆️subsets/✳️cad/🧬️schema/📸️snapshot/🦀️component.rs	552	`dsl::ByteReader<'_>` is not a future
E0277	✏️s/🔌️plugins/🗄️stdio/📦️packages/🦀️rust/././././././././../../🗿️artifacts/🧿️semio/🏅️standards/🔖️v1/🪆️subsets/✳️document/🧬️schema/📸️snapshot/🦀️component.rs	444	the `?` operator can only be applied to values that implement `Try`
E0277	✏️s/🔌️plugins/🗄️stdio/📦️packages/🦀️rust/././././././././../../🗿️artifacts/🧿️semio/🏅️standards/🔖️v1/🪆️subsets/✳️document/🧬️schema/📸️snapshot/🦀️component.rs	460	the `?` operator can only be applied to values that implement `Try`
E0277	✏️s/🔌️plugins/🗄️stdio/📦️packages/🦀️rust/././././././././../../🗿️artifacts/🧿️semio/🏅️standards/🔖️v1/🪆️subsets/✳️document/🧬️schema/📸️snapshot/🦀️component.rs	477	the `?` operator can only be applied to values that implement `Try`
E0277	/Users/ueli/.cargo/registry/src/index.crates.io-1949cf8c6b5b557f/serde_json-1.0.149/src/macros.rs	279	the trait bound `impl Future<Output = MeshData>: serde::Serialize` is not satisfied
E0308	✏️s/🔌️plugins/🗄️stdio/📦️packages/🦀️rust/././././././../../🗿️artifacts/🧿️semio/🏅️standards/🔖️v1/🪆️subsets/✳️video/✏️editor/🎭️modes/✏️edit/🪟️windows/🪟️main/🦀️component.rs	69	mismatched types
E0277	✏️s/🔌️plugins/🗄️stdio/📦️packages/🦀️rust/././././././././../../🗿️artifacts/🧿️semio/🏅️standards/🔖️v1/🪆️subsets/✳️document/🧬️schema/📸️snapshot/🦀️component.rs	537	`dsl::ByteReader<'_>` is not a future
E0277	✏️s/🔌️plugins/🗄️stdio/📦️packages/🦀️rust/././././././././../../🗿️artifacts/🧿️semio/🏅️standards/🔖️v1/🪆️subsets/✳️document/🧬️schema/📸️snapshot/🦀️component.rs	537	`dsl::ByteReader<'_>` is not a future
E0277	✏️s/🔌️plugins/🗄️stdio/📦️packages/🦀️rust/././././././././../../🗿️artifacts/🖊️dxf/🏅️standards/🔖️r12/🪆️subsets/✳️any/🧬️schema/🧬️mutations/🦀️component.rs	502	`usize` is not a future
E0277	✏️s/🔌️plugins/🗄️stdio/📦️packages/🦀️rust/././././././././../../🗿️artifacts/🖊️dxf/🏅️standards/🔖️r12/🪆️subsets/✳️any/🧬️schema/🧬️mutations/🦀️component.rs	504	`usize` is not a future
E0277	✏️s/🔌️plugins/🗄️stdio/📦️packages/🦀️rust/././././././././../../🗿️artifacts/🖊️dxf/🏅️standards/🔖️r12/🪆️subsets/✳️any/🧬️schema/🧬️mutations/🦀️component.rs	505	`usize` is not a future
E0277	✏️s/🔌️plugins/🗄️stdio/📦️packages/🦀️rust/././././././././../../🗿️artifacts/🖊️dxf/🏅️standards/🔖️r12/🪆️subsets/✳️any/🧬️schema/🧬️mutations/🦀️component.rs	508	`usize` is not a future
E0277	✏️s/🔌️plugins/🗄️stdio/📦️packages/🦀️rust/././././././././../../🗿️artifacts/🖊️dxf/🏅️standards/🔖️r12/🪆️subsets/✳️any/🧬️schema/🧬️mutations/🦀️component.rs	510	`usize` is not a future
E0277	✏️s/🔌️plugins/🗄️stdio/📦️packages/🦀️rust/././././././././../../🗿️artifacts/🖊️dxf/🏅️standards/🔖️r12/🪆️subsets/✳️any/🧬️schema/🧬️mutations/🦀️component.rs	511	`usize` is not a future
E0277	✏️s/🔌️plugins/🗄️stdio/📦️packages/🦀️rust/././././././././../../🗿️artifacts/🖊️dxf/🏅️standards/🔖️r12/🪆️subsets/✳️any/🧬️schema/🧬️mutations/🦀️component.rs	514	`usize` is not a future
E0599	✏️s/🔌️plugins/🗄️stdio/📦️packages/🦀️rust/././../../🗿️artifacts/📐️step/🏅️standards/🔖️ap214/🪆️subsets/✳️any/✏️editor/🦀️component.rs	87	no method named `document` found for opaque type `impl Future<Output = EditorBuilder>` in the current scope
E0277	✏️s/🔌️plugins/🗄️stdio/📦️packages/🦀️rust/././././././././../../🗿️artifacts/🖊️dxf/🏅️standards/🔖️r12/🪆️subsets/✳️any/🧬️schema/🧬️mutations/🦀️component.rs	516	`usize` is not a future
E0277	✏️s/🔌️plugins/🗄️stdio/📦️packages/🦀️rust/././././././././../../🗿️artifacts/🖊️dxf/🏅️standards/🔖️r12/🪆️subsets/✳️any/🧬️schema/🧬️mutations/🦀️component.rs	517	`usize` is not a future
E0277	✏️s/🔌️plugins/🗄️stdio/📦️packages/🦀️rust/././././././././../../🗿️artifacts/🖊️dxf/🏅️standards/🔖️r12/🪆️subsets/✳️any/🧬️schema/🧬️mutations/🦀️component.rs	521	`usize` is not a future
E0277	✏️s/🔌️plugins/🗄️stdio/📦️packages/🦀️rust/././././././././../../🗿️artifacts/🖊️dxf/🏅️standards/🔖️r12/🪆️subsets/✳️any/🧬️schema/🧬️mutations/🦀️component.rs	522	`usize` is not a future
E0277	✏️s/🔌️plugins/🗄️stdio/📦️packages/🦀️rust/././././././././../../🗿️artifacts/🖊️dxf/🏅️standards/🔖️r12/🪆️subsets/✳️any/🧬️schema/🧬️mutations/🦀️component.rs	525	`usize` is not a future
E0277	✏️s/🔌️plugins/🗄️stdio/📦️packages/🦀️rust/././././././././../../🗿️artifacts/🖊️dxf/🏅️standards/🔖️r12/🪆️subsets/✳️any/🧬️schema/🧬️mutations/🦀️component.rs	527	`usize` is not a future
E0308	✏️s/🔌️plugins/🗄️stdio/📦️packages/🦀️rust/././././././../../🗿️artifacts/📐️step/🏅️standards/🔖️ap214/🪆️subsets/✳️any/✏️editor/🎭️modes/✏️edit/🪟️windows/🪟️main/🦀️component.rs	24	mismatched types
E0277	✏️s/🔌️plugins/🗄️stdio/📦️packages/🦀️rust/././././././././../../🗿️artifacts/🖊️dxf/🏅️standards/🔖️r12/🪆️subsets/✳️any/🧬️schema/🧬️mutations/🦀️component.rs	528	`usize` is not a future
E0277	✏️s/🔌️plugins/🗄️stdio/📦️packages/🦀️rust/././././././././../../🗿️artifacts/🖊️dxf/🏅️standards/🔖️r12/🪆️subsets/✳️any/🧬️schema/🧬️mutations/🦀️component.rs	532	`usize` is not a future
E0277	✏️s/🔌️plugins/🗄️stdio/📦️packages/🦀️rust/././././././././../../🗿️artifacts/🖊️dxf/🏅️standards/🔖️r12/🪆️subsets/✳️any/🧬️schema/🧬️mutations/🦀️component.rs	533	`usize` is not a future
E0277	✏️s/🔌️plugins/🗄️stdio/📦️packages/🦀️rust/././././././././../../🗿️artifacts/🖊️dxf/🏅️standards/🔖️r12/🪆️subsets/✳️any/🧬️schema/🧬️mutations/🦀️component.rs	536	`usize` is not a future
E0277	✏️s/🔌️plugins/🗄️stdio/📦️packages/🦀️rust/././././././././../../🗿️artifacts/🖊️dxf/🏅️standards/🔖️r12/🪆️subsets/✳️any/🧬️schema/🧬️mutations/🦀️component.rs	538	`usize` is not a future
E0277	✏️s/🔌️plugins/🗄️stdio/📦️packages/🦀️rust/././././././././../../🗿️artifacts/🖊️dxf/🏅️standards/🔖️r12/🪆️subsets/✳️any/🧬️schema/🧬️mutations/🦀️component.rs	539	`usize` is not a future
E0277	✏️s/🔌️plugins/🗄️stdio/📦️packages/🦀️rust/././././././././../../🗿️artifacts/🖊️dxf/🏅️standards/🔖️r12/🪆️subsets/✳️any/🧬️schema/🧬️mutations/🦀️component.rs	543	`usize` is not a future
E0277	✏️s/🔌️plugins/🗄️stdio/📦️packages/🦀️rust/././././././././../../🗿️artifacts/🖊️dxf/🏅️standards/🔖️r12/🪆️subsets/✳️any/🧬️schema/🧬️mutations/🦀️component.rs	544	`usize` is not a future
E0277	✏️s/🔌️plugins/🗄️stdio/📦️packages/🦀️rust/././././././././../../🗿️artifacts/🖊️dxf/🏅️standards/🔖️r12/🪆️subsets/✳️any/🧬️schema/🧬️mutations/🦀️component.rs	547	`usize` is not a future
E0277	✏️s/🔌️plugins/🗄️stdio/📦️packages/🦀️rust/././././././././../../🗿️artifacts/🖊️dxf/🏅️standards/🔖️r12/🪆️subsets/✳️any/🧬️schema/🧬️mutations/🦀️component.rs	549	`usize` is not a future
E0277	✏️s/🔌️plugins/🗄️stdio/📦️packages/🦀️rust/././././././././../../🗿️artifacts/🖊️dxf/🏅️standards/🔖️r12/🪆️subsets/✳️any/🧬️schema/🧬️mutations/🦀️component.rs	550	`usize` is not a future
E0277	✏️s/🔌️plugins/🗄️stdio/📦️packages/🦀️rust/././././././././../../🗿️artifacts/🖊️dxf/🏅️standards/🔖️r12/🪆️subsets/✳️any/🧬️schema/🧬️mutations/🦀️component.rs	554	`usize` is not a future
E0277	✏️s/🔌️plugins/🗄️stdio/📦️packages/🦀️rust/././././././././../../🗿️artifacts/🖊️dxf/🏅️standards/🔖️r12/🪆️subsets/✳️any/🧬️schema/🧬️mutations/🦀️component.rs	555	`usize` is not a future
E0277	✏️s/🔌️plugins/🗄️stdio/📦️packages/🦀️rust/././././././././../../🗿️artifacts/🖊️dxf/🏅️standards/🔖️r12/🪆️subsets/✳️any/🧬️schema/🧬️mutations/🦀️component.rs	558	`usize` is not a future
E0277	✏️s/🔌️plugins/🗄️stdio/📦️packages/🦀️rust/././././././././../../🗿️artifacts/🖊️dxf/🏅️standards/🔖️r12/🪆️subsets/✳️any/🧬️schema/🧬️mutations/🦀️component.rs	560	`usize` is not a future
E0277	✏️s/🔌️plugins/🗄️stdio/📦️packages/🦀️rust/././././././././../../🗿️artifacts/🖊️dxf/🏅️standards/🔖️r12/🪆️subsets/✳️any/🧬️schema/🧬️mutations/🦀️component.rs	561	`usize` is not a future
E0277	✏️s/🔌️plugins/🗄️stdio/📦️packages/🦀️rust/././././././././../../🗿️artifacts/🖊️dxf/🏅️standards/🔖️r12/🪆️subsets/✳️any/🧬️schema/🧬️mutations/🦀️component.rs	502	`usize` is not a future
E0308	✏️s/🔌️plugins/🗄️stdio/📦️packages/🦀️rust/././././../../🗿️artifacts/🖊️dxf/🏅️standards/🔖️r12/🪆️subsets/✳️any/📚️examples/🎬️demo/🦀️component.rs	14	mismatched types
E0599	✏️s/🔌️plugins/🗄️stdio/📦️packages/🦀️rust/././../../🗿️artifacts/🟪️stl/🦀️component.rs	40	no method named `schema` found for opaque type `impl Future<Output = ArtifactDeclarationBuilder<NeedsSchema>>` in the current scope
E0277	✏️s/🔌️plugins/🗄️stdio/📦️packages/🦀️rust/././././././././../../🗿️artifacts/🧿️semio/🏅️standards/🔖️v1/🪆️subsets/✳️cad/🧬️schema/🔺️diff/🦀️component.rs	726	`dsl::ByteReader<'_>` is not a future
E0277	✏️s/🔌️plugins/🗄️stdio/📦️packages/🦀️rust/././././././././../../🗿️artifacts/🧿️semio/🏅️standards/🔖️v1/🪆️subsets/✳️cad/🧬️schema/🔺️diff/🦀️component.rs	726	`dsl::ByteReader<'_>` is not a future
E0308	✏️s/🔌️plugins/🗄️stdio/📦️packages/🦀️rust/././././././././../../🗿️artifacts/🧿️semio/🏅️standards/🔖️v1/🪆️subsets/✳️brep/🧬️schema/🔺️diff/🧵️sew/🦀️component.rs	58	mismatched types
E0277	✏️s/🔌️plugins/🗄️stdio/📦️packages/🦀️rust/././././././././../../🗿️artifacts/🟪️stl/🏅️standards/🔖️ascii/🪆️subsets/✳️any/🧬️schema/🔺️diff/🦀️component.rs	813	`usize` is not a future
E0277	✏️s/🔌️plugins/🗄️stdio/📦️packages/🦀️rust/././././././././../../🗿️artifacts/🟪️stl/🏅️standards/🔖️ascii/🪆️subsets/✳️any/🧬️schema/🔺️diff/🦀️component.rs	814	`usize` is not a future
E0277	✏️s/🔌️plugins/🗄️stdio/📦️packages/🦀️rust/././././././././../../🗿️artifacts/🟪️stl/🏅️standards/🔖️ascii/🪆️subsets/✳️any/🧬️schema/🔺️diff/🦀️component.rs	813	`usize` is not a future
E0308	✏️s/🔌️plugins/🗄️stdio/📦️packages/🦀️rust/./././././././../../🗿️artifacts/🧿️semio/🏅️standards/🔖️v1/🪆️subsets/✳️cad/🚪️io/🦀️component.rs	140	mismatched types
E0308	✏️s/🔌️plugins/🗄️stdio/📦️packages/🦀️rust/./././././././././././././../../🗿️artifacts/🧿️semio/🏅️standards/🔖️v1/🪆️subsets/✳️cad/🚪️io/📥️import/🧩️deserializers/🗿️artifacts/📐️step/🔖️ap214/✳️any/🦀️component.rs	62	`match` arms have incompatible types
E0790	✏️s/🔌️plugins/🗄️stdio/📦️packages/🦀️rust/././././././././../../🗿️artifacts/🧿️semio/🏅️standards/🔖️v1/🪆️subsets/✳️brep/🧬️schema/🔺️diff/➡️sweep/🦀️component.rs	28	cannot call associated function on trait without specifying the corresponding `impl` type
E0308	✏️s/🔌️plugins/🗄️stdio/📦️packages/🦀️rust/./././././././../../🗿️artifacts/🧿️semio/🏅️standards/🔖️v1/🪆️subsets/✳️document/🚪️io/🦀️component.rs	88	`match` arms have incompatible types
E0308	✏️s/🔌️plugins/🗄️stdio/📦️packages/🦀️rust/./././././././../../🗿️artifacts/🧿️semio/🏅️standards/🔖️v1/🪆️subsets/✳️document/🚪️io/🦀️component.rs	177	mismatched types
E0277	✏️s/🔌️plugins/🗄️stdio/📦️packages/🦀️rust/././././././././../../🗿️artifacts/🟪️stl/🏅️standards/🔖️ascii/🪆️subsets/✳️any/🧬️schema/🧬️mutations/🦀️component.rs	148	`impl Future<Output = std::string::String>` doesn't implement `std::fmt::Display`
E0277	✏️s/🔌️plugins/🗄️stdio/📦️packages/🦀️rust/./././././././././../../🗿️artifacts/🧿️semio/🏅️standards/🔖️v1/🪆️subsets/✳️brep/🧬️schema/💡️inferences/✅validation-report/🦀️component.rs	109	`impl Future<Output = u32>` doesn't implement `std::fmt::Display`
E0277	✏️s/🔌️plugins/🗄️stdio/📦️packages/🦀️rust/./././././././././../../🗿️artifacts/🧿️semio/🏅️standards/🔖️v1/🪆️subsets/✳️brep/🧬️schema/💡️inferences/✅validation-report/🦀️component.rs	113	`impl Future<Output = u32>` doesn't implement `std::fmt::Display`
E0277	✏️s/🔌️plugins/🗄️stdio/📦️packages/🦀️rust/./././././././././../../🗿️artifacts/🧿️semio/🏅️standards/🔖️v1/🪆️subsets/✳️brep/🧬️schema/💡️inferences/✅validation-report/🦀️component.rs	121	`impl Future<Output = u32>` doesn't implement `std::fmt::Display`
E0599	✏️s/🔌️plugins/🗄️stdio/📦️packages/🦀️rust/././././././././../../🗿️artifacts/🟪️stl/🏅️standards/🔖️ascii/🪆️subsets/✳️any/🧬️schema/🧬️mutations/🦀️component.rs	183	no method named `map_err` found for opaque type `impl Future<Output = Result<StlMutation, String>>` in the current scope
E0277	✏️s/🔌️plugins/🗄️stdio/📦️packages/🦀️rust/./././././././././../../🗿️artifacts/🧿️semio/🏅️standards/🔖️v1/🪆️subsets/✳️brep/🧬️schema/💡️inferences/✅validation-report/🦀️component.rs	126	`impl Future<Output = u32>` doesn't implement `std::fmt::Display`
E0277	✏️s/🔌️plugins/🗄️stdio/📦️packages/🦀️rust/./././././././././../../🗿️artifacts/🧿️semio/🏅️standards/🔖️v1/🪆️subsets/✳️brep/🧬️schema/💡️inferences/✅validation-report/🦀️component.rs	140	`impl Future<Output = u32>` doesn't implement `std::fmt::Display`
E0277	✏️s/🔌️plugins/🗄️stdio/📦️packages/🦀️rust/././././././././../../🗿️artifacts/🟪️stl/🏅️standards/🔖️ascii/🪆️subsets/✳️any/🧬️schema/🧬️mutations/🦀️component.rs	266	`usize` is not a future
E0277	✏️s/🔌️plugins/🗄️stdio/📦️packages/🦀️rust/./././././././././../../🗿️artifacts/🧿️semio/🏅️standards/🔖️v1/🪆️subsets/✳️brep/🧬️schema/💡️inferences/✅validation-report/🦀️component.rs	156	`impl Future<Output = u32>` doesn't implement `std::fmt::Display`
E0277	✏️s/🔌️plugins/🗄️stdio/📦️packages/🦀️rust/././././././././../../🗿️artifacts/🟪️stl/🏅️standards/🔖️ascii/🪆️subsets/✳️any/🧬️schema/🧬️mutations/🦀️component.rs	270	`usize` is not a future
E0277	✏️s/🔌️plugins/🗄️stdio/📦️packages/🦀️rust/./././././././././../../🗿️artifacts/🧿️semio/🏅️standards/🔖️v1/🪆️subsets/✳️brep/🧬️schema/💡️inferences/✅validation-report/🦀️component.rs	156	`impl Future<Output = u32>` doesn't implement `std::fmt::Display`
E0277	✏️s/🔌️plugins/🗄️stdio/📦️packages/🦀️rust/././././././././../../🗿️artifacts/🟪️stl/🏅️standards/🔖️ascii/🪆️subsets/✳️any/🧬️schema/🧬️mutations/🦀️component.rs	274	`usize` is not a future
E0277	✏️s/🔌️plugins/🗄️stdio/📦️packages/🦀️rust/././././././././../../🗿️artifacts/🟪️stl/🏅️standards/🔖️ascii/🪆️subsets/✳️any/🧬️schema/🧬️mutations/🦀️component.rs	275	`usize` is not a future
E0277	✏️s/🔌️plugins/🗄️stdio/📦️packages/🦀️rust/././././././././../../🗿️artifacts/🟪️stl/🏅️standards/🔖️ascii/🪆️subsets/✳️any/🧬️schema/🧬️mutations/🦀️component.rs	279	`usize` is not a future
E0277	✏️s/🔌️plugins/🗄️stdio/📦️packages/🦀️rust/././././././././../../🗿️artifacts/🟪️stl/🏅️standards/🔖️ascii/🪆️subsets/✳️any/🧬️schema/🧬️mutations/🦀️component.rs	283	`usize` is not a future
E0277	✏️s/🔌️plugins/🗄️stdio/📦️packages/🦀️rust/././././././././../../🗿️artifacts/🟪️stl/🏅️standards/🔖️ascii/🪆️subsets/✳️any/🧬️schema/🧬️mutations/🦀️component.rs	284	`usize` is not a future
E0277	✏️s/🔌️plugins/🗄️stdio/📦️packages/🦀️rust/././././././././../../🗿️artifacts/🟪️stl/🏅️standards/🔖️ascii/🪆️subsets/✳️any/🧬️schema/🧬️mutations/🦀️component.rs	288	`usize` is not a future
E0277	✏️s/🔌️plugins/🗄️stdio/📦️packages/🦀️rust/./././././././././../../🗿️artifacts/🧿️semio/🏅️standards/🔖️v1/🪆️subsets/✳️brep/🧬️schema/💡️inferences/✅validation-report/🦀️component.rs	166	`impl Future<Output = u32>` doesn't implement `std::fmt::Display`
E0277	✏️s/🔌️plugins/🗄️stdio/📦️packages/🦀️rust/./././././././././../../🗿️artifacts/🧿️semio/🏅️standards/🔖️v1/🪆️subsets/✳️brep/🧬️schema/💡️inferences/✅validation-report/🦀️component.rs	166	`impl Future<Output = u32>` doesn't implement `std::fmt::Display`
E0277	✏️s/🔌️plugins/🗄️stdio/📦️packages/🦀️rust/././././././././../../🗿️artifacts/🟪️stl/🏅️standards/🔖️ascii/🪆️subsets/✳️any/🧬️schema/🧬️mutations/🦀️component.rs	289	`usize` is not a future
E0277	✏️s/🔌️plugins/🗄️stdio/📦️packages/🦀️rust/././././././././../../🗿️artifacts/🟪️stl/🏅️standards/🔖️ascii/🪆️subsets/✳️any/🧬️schema/🧬️mutations/🦀️component.rs	266	`usize` is not a future
E0277	✏️s/🔌️plugins/🗄️stdio/📦️packages/🦀️rust/./././././././././../../🗿️artifacts/🧿️semio/🏅️standards/🔖️v1/🪆️subsets/✳️brep/🧬️schema/💡️inferences/✅validation-report/🦀️component.rs	199	`impl Future<Output = u32>` doesn't implement `std::fmt::Display`
E0308	✏️s/🔌️plugins/🗄️stdio/📦️packages/🦀️rust/././././../../🗿️artifacts/🟪️stl/🏅️standards/🔖️ascii/🪆️subsets/✳️any/📚️examples/🎬️demo/🦀️component.rs	14	mismatched types
E0599	✏️s/🔌️plugins/🗄️stdio/📦️packages/🦀️rust/././../../🗿️artifacts/🎨️svg/🦀️component.rs	74	no method named `schema` found for opaque type `impl Future<Output = ArtifactDeclarationBuilder<NeedsSchema>>` in the current scope
E0277	/Users/ueli/.cargo/registry/src/index.crates.io-1949cf8c6b5b557f/serde_json-1.0.149/src/macros.rs	279	the trait bound `impl Future<Output = MeshData>: serde::Serialize` is not satisfied
E0308	✏️s/🔌️plugins/🗄️stdio/📦️packages/🦀️rust/././././././../../🗿️artifacts/🧿️semio/🏅️standards/🔖️v1/🪆️subsets/✳️table/👁️viewer/🎭️modes/👁️view/🪟️windows/🪟️main/🦀️component.rs	73	mismatched types
E0599	✏️s/🔌️plugins/🗄️stdio/📦️packages/🦀️rust/././../../🗿️artifacts/🧿️semio/🏅️standards/🔖️v1/🪆️subsets/✳️text/👁️viewer/🦀️component.rs	83	no method named `document` found for opaque type `impl Future<Output = ViewerBuilder>` in the current scope
E0308	✏️s/🔌️plugins/🗄️stdio/📦️packages/🦀️rust/././././././../../🗿️artifacts/🧿️semio/🏅️standards/🔖️v1/🪆️subsets/✳️text/👁️viewer/🎭️modes/👁️view/🪟️windows/🪟️main/🦀️component.rs	25	mismatched types
E0599	✏️s/🔌️plugins/🗄️stdio/📦️packages/🦀️rust/././././././././../../🗿️artifacts/🧿️semio/🏅️standards/🔖️v1/🪆️subsets/✳️brep/🧬️schema/💡️inferences/🧩tessellation/🦀️component.rs	259	`impl Future<Output = u32>` doesn't implement `std::fmt::Display`
E0277	/Users/ueli/.cargo/registry/src/index.crates.io-1949cf8c6b5b557f/serde_json-1.0.149/src/macros.rs	279	the trait bound `impl Future<Output = MeshData>: serde::Serialize` is not satisfied
E0277	/Users/ueli/.cargo/registry/src/index.crates.io-1949cf8c6b5b557f/serde_json-1.0.149/src/macros.rs	279	the trait bound `impl Future<Output = MeshData>: serde::Serialize` is not satisfied
E0308	✏️s/🔌️plugins/🗄️stdio/📦️packages/🦀️rust/././././././../../🗿️artifacts/🧊️gltf/🏅️standards/🔖️2.0/🪆️subsets/✳️any/✏️editor/🎭️modes/✏️edit/🪟️windows/🪟️main/🦀️component.rs	69	mismatched types
E0308	✏️s/🔌️plugins/🗄️stdio/📦️packages/🦀️rust/././././././../../🗿️artifacts/🏗️ifc/🏅️standards/🔖️4/🪆️subsets/✳️any/👁️viewer/🎭️modes/👁️view/🪟️windows/🪟️main/🦀️component.rs	73	mismatched types
E0277	/Users/ueli/.cargo/registry/src/index.crates.io-1949cf8c6b5b557f/serde_json-1.0.149/src/macros.rs	279	the trait bound `impl Future<Output = MeshData>: serde::Serialize` is not satisfied
E0308	✏️s/🔌️plugins/🗄️stdio/📦️packages/🦀️rust/././././././../../🗿️artifacts/📐️step/🏅️standards/🔖️ap214/🪆️subsets/✳️any/✏️editor/🎭️modes/✏️edit/🪟️windows/🪟️main/🦀️component.rs	69	mismatched types
E0599	✏️s/🔌️plugins/🗄️stdio/📦️packages/🦀️rust/././../../🗿️artifacts/🖊️dwg/🏅️standards/🔖️ac1018/🪆️subsets/✳️any/👁️viewer/🦀️component.rs	83	no method named `document` found for opaque type `impl Future<Output = ViewerBuilder>` in the current scope
E0308	✏️s/🔌️plugins/🗄️stdio/📦️packages/🦀️rust/././././././../../🗿️artifacts/🖊️dwg/🏅️standards/🔖️ac1018/🪆️subsets/✳️any/👁️viewer/🎭️modes/👁️view/🪟️windows/🪟️main/🦀️component.rs	25	mismatched types
E0599	✏️s/🔌️plugins/🗄️stdio/📦️packages/🦀️rust/././../../🗿️artifacts/🧊️obj/🏅️standards/🔖️3.0/🪆️subsets/✳️any/✏️editor/🦀️component.rs	87	no method named `document` found for opaque type `impl Future<Output = EditorBuilder>` in the current scope
E0308	✏️s/🔌️plugins/🗄️stdio/📦️packages/🦀️rust/././././././../../🗿️artifacts/🧊️obj/🏅️standards/🔖️3.0/🪆️subsets/✳️any/✏️editor/🎭️modes/✏️edit/🪟️windows/🪟️main/🦀️component.rs	24	mismatched types
E0277	✏️s/🔌️plugins/🗄️stdio/📦️packages/🦀️rust/././././././././../../🗿️artifacts/🧿️semio/🏅️standards/🔖️v1/🪆️subsets/✳️brep/🧬️schema/🔺️diff/🦀️component.rs	1032	`dsl::ByteReader<'_>` is not a future
E0277	✏️s/🔌️plugins/🗄️stdio/📦️packages/🦀️rust/././././././././../../🗿️artifacts/🧿️semio/🏅️standards/🔖️v1/🪆️subsets/✳️brep/🧬️schema/🔺️diff/🦀️component.rs	1032	`dsl::ByteReader<'_>` is not a future
E0599	✏️s/🔌️plugins/🗄️stdio/📦️packages/🦀️rust/././../../🗿️artifacts/📐️step/🏅️standards/🔖️ap214/🪆️subsets/✳️cc1/✏️editor/🦀️component.rs	87	no method named `document` found for opaque type `impl Future<Output = EditorBuilder>` in the current scope
E0308	✏️s/🔌️plugins/🗄️stdio/📦️packages/🦀️rust/././././././../../🗿️artifacts/📐️step/🏅️standards/🔖️ap214/🪆️subsets/✳️cc1/✏️editor/🎭️modes/✏️edit/🪟️windows/🪟️main/🦀️component.rs	24	mismatched types
E0790	✏️s/🔌️plugins/🗄️stdio/📦️packages/🦀️rust/././././././././../../🗿️artifacts/🧿️semio/🏅️standards/🔖️v1/🪆️subsets/✳️brep/🧬️schema/🔺️diff/🔺️euler/🦀️component.rs	33	cannot call associated function on trait without specifying the corresponding `impl` type
E0308	✏️s/🔌️plugins/🗄️stdio/📦️packages/🦀️rust/././././././././../../🗿️artifacts/🧿️semio/🏅️standards/🔖️v1/🪆️subsets/✳️brep/🧬️schema/🔺️diff/🔺️euler/🦀️component.rs	226	mismatched types
E0308	✏️s/🔌️plugins/🗄️stdio/📦️packages/🦀️rust/././././././././../../🗿️artifacts/🧿️semio/🏅️standards/🔖️v1/🪆️subsets/✳️brep/🧬️schema/🔺️diff/🔺️euler/🦀️component.rs	236	mismatched types
E0369	✏️s/🔌️plugins/🗄️stdio/📦️packages/🦀️rust/././././././././../../🗿️artifacts/🧿️semio/🏅️standards/🔖️v1/🪆️subsets/✳️brep/🧬️schema/🔺️diff/🔺️euler/🦀️component.rs	243	binary operation `==` cannot be applied to type `impl Future<Output = arena::VertexId>`
E0308	✏️s/🔌️plugins/🗄️stdio/📦️packages/🦀️rust/././././././././../../🗿️artifacts/🧿️semio/🏅️standards/🔖️v1/🪆️subsets/✳️brep/🧬️schema/🔺️diff/🔺️euler/🦀️component.rs	248	mismatched types
E0308	✏️s/🔌️plugins/🗄️stdio/📦️packages/🦀️rust/././././././././../../🗿️artifacts/🧿️semio/🏅️standards/🔖️v1/🪆️subsets/✳️brep/🧬️schema/🔺️diff/🔺️euler/🦀️component.rs	249	mismatched types
E0308	✏️s/🔌️plugins/🗄️stdio/📦️packages/🦀️rust/././././././././../../🗿️artifacts/🧿️semio/🏅️standards/🔖️v1/🪆️subsets/✳️brep/🧬️schema/🔺️diff/🔺️euler/🦀️component.rs	256	mismatched types
E0308	✏️s/🔌️plugins/🗄️stdio/📦️packages/🦀️rust/././././././././../../🗿️artifacts/🧿️semio/🏅️standards/🔖️v1/🪆️subsets/✳️brep/🧬️schema/🔺️diff/🔺️euler/🦀️component.rs	257	mismatched types
E0308	✏️s/🔌️plugins/🗄️stdio/📦️packages/🦀️rust/././././././././../../🗿️artifacts/🧿️semio/🏅️standards/🔖️v1/🪆️subsets/✳️brep/🧬️schema/🔺️diff/🔺️euler/🦀️component.rs	259	arguments to this function are incorrect
E0308	✏️s/🔌️plugins/🗄️stdio/📦️packages/🦀️rust/././././././././../../🗿️artifacts/🧿️semio/🏅️standards/🔖️v1/🪆️subsets/✳️brep/🧬️schema/🔺️diff/🔺️euler/🦀️component.rs	278	mismatched types
E0277	✏️s/🔌️plugins/🗄️stdio/📦️packages/🦀️rust/././././././././../../🗿️artifacts/🧿️semio/🏅️standards/🔖️v1/🪆️subsets/✳️brep/🧬️schema/🔺️diff/🔺️euler/🦀️component.rs	222	the trait bound `impl Future<Output = arena::VertexId>: std::marker::Copy` is not satisfied
E0790	✏️s/🔌️plugins/🗄️stdio/📦️packages/🦀️rust/././././././././../../🗿️artifacts/🧿️semio/🏅️standards/🔖️v1/🪆️subsets/✳️brep/🧬️schema/📸️snapshot/🕸️topology/🦀️component.rs	285	cannot call associated function on trait without specifying the corresponding `impl` type
E0308	✏️s/🔌️plugins/🗄️stdio/📦️packages/🦀️rust/././././././././../../🗿️artifacts/🧿️semio/🏅️standards/🔖️v1/🪆️subsets/✳️brep/🧬️schema/📸️snapshot/🏟️arena/🦀️component.rs	100	mismatched types
E0308	✏️s/🔌️plugins/🗄️stdio/📦️packages/🦀️rust/././././././././../../🗿️artifacts/🧿️semio/🏅️standards/🔖️v1/🪆️subsets/✳️brep/🧬️schema/📸️snapshot/🏟️arena/🦀️component.rs	104	mismatched types
E0277	✏️s/🔌️plugins/🗄️stdio/📦️packages/🦀️rust/././././././././../../🗿️artifacts/🧿️semio/🏅️standards/🔖️v1/🪆️subsets/✳️brep/🧬️schema/📸️snapshot/🏟️arena/🦀️component.rs	110	can't compare `u32` with `impl Future<Output = u32>`
E0605	✏️s/🔌️plugins/🗄️stdio/📦️packages/🦀️rust/././././././././../../🗿️artifacts/🧿️semio/🏅️standards/🔖️v1/🪆️subsets/✳️brep/🧬️schema/📸️snapshot/🏟️arena/🦀️component.rs	109	non-primitive cast: `impl Future<Output = u32>` as `usize`
E0277	✏️s/🔌️plugins/🗄️stdio/📦️packages/🦀️rust/././././././././../../🗿️artifacts/🧿️semio/🏅️standards/🔖️v1/🪆️subsets/✳️brep/🧬️schema/📸️snapshot/🏟️arena/🦀️component.rs	119	can't compare `u32` with `impl Future<Output = u32>`
E0605	✏️s/🔌️plugins/🗄️stdio/📦️packages/🦀️rust/././././././././../../🗿️artifacts/🧿️semio/🏅️standards/🔖️v1/🪆️subsets/✳️brep/🧬️schema/📸️snapshot/🏟️arena/🦀️component.rs	118	non-primitive cast: `impl Future<Output = u32>` as `usize`
E0277	✏️s/🔌️plugins/🗄️stdio/📦️packages/🦀️rust/././././././././../../🗿️artifacts/🧿️semio/🏅️standards/🔖️v1/🪆️subsets/✳️brep/🧬️schema/📸️snapshot/🏟️arena/🦀️component.rs	132	can't compare `u32` with `impl Future<Output = u32>`
E0790	✏️s/🔌️plugins/🗄️stdio/📦️packages/🦀️rust/././././././././../../🗿️artifacts/🧿️semio/🏅️standards/🔖️v1/🪆️subsets/✳️brep/🧬️schema/🔺️diff/🧱️primitives/🦀️component.rs	43	cannot call associated function on trait without specifying the corresponding `impl` type
E0308	✏️s/🔌️plugins/🗄️stdio/📦️packages/🦀️rust/././././././././../../🗿️artifacts/🧿️semio/🏅️standards/🔖️v1/🪆️subsets/✳️brep/🧬️schema/📸️snapshot/🏟️arena/🦀️component.rs	137	mismatched types
E0605	✏️s/🔌️plugins/🗄️stdio/📦️packages/🦀️rust/././././././././../../🗿️artifacts/🧿️semio/🏅️standards/🔖️v1/🪆️subsets/✳️brep/🧬️schema/📸️snapshot/🏟️arena/🦀️component.rs	131	non-primitive cast: `impl Future<Output = u32>` as `usize`
E0277	/Users/ueli/.cargo/registry/src/index.crates.io-1949cf8c6b5b557f/serde_json-1.0.149/src/macros.rs	279	the trait bound `impl Future<Output = MeshData>: serde::Serialize` is not satisfied
E0308	✏️s/🔌️plugins/🗄️stdio/📦️packages/🦀️rust/././././././../../🗿️artifacts/🧿️semio/🏅️standards/🔖️v1/🪆️subsets/✳️text/👁️viewer/🎭️modes/👁️view/🪟️windows/🪟️main/🦀️component.rs	73	mismatched types
E0277	✏️s/🔌️plugins/🗄️stdio/📦️packages/🦀️rust/./././././././../../🗿️artifacts/🧿️semio/🏅️standards/🔖️v1/🪆️subsets/✳️brep/🧬️schema/⚙️engine/🦀️component.rs	1243	the trait bound `impl Future<Output = u32>: Ord` is not satisfied
E0277	✏️s/🔌️plugins/🗄️stdio/📦️packages/🦀️rust/./././././././../../🗿️artifacts/🧿️semio/🏅️standards/🔖️v1/🪆️subsets/✳️brep/🧬️schema/⚙️engine/🦀️component.rs	1248	the trait bound `impl Future<Output = u32>: Ord` is not satisfied
E0599	✏️s/🔌️plugins/🗄️stdio/📦️packages/🦀️rust/././../../🗿️artifacts/🧿️semio/🏅️standards/🔖️v1/🪆️subsets/✳️value/👁️viewer/🦀️component.rs	83	no method named `document` found for opaque type `impl Future<Output = ViewerBuilder>` in the current scope
E0308	✏️s/🔌️plugins/🗄️stdio/📦️packages/🦀️rust/./././././././../../🗿️artifacts/🧿️semio/🏅️standards/🔖️v1/🪆️subsets/✳️brep/🧬️schema/⚙️engine/🦀️component.rs	1346	mismatched types
E0308	✏️s/🔌️plugins/🗄️stdio/📦️packages/🦀️rust/././././././../../🗿️artifacts/🧿️semio/🏅️standards/🔖️v1/🪆️subsets/✳️value/👁️viewer/🎭️modes/👁️view/🪟️windows/🪟️main/🦀️component.rs	25	mismatched types
E0308	✏️s/🔌️plugins/🗄️stdio/📦️packages/🦀️rust/./././././././../../🗿️artifacts/🧿️semio/🏅️standards/🔖️v1/🪆️subsets/✳️brep/🧬️schema/⚙️engine/🦀️component.rs	1354	mismatched types
E0308	✏️s/🔌️plugins/🗄️stdio/📦️packages/🦀️rust/./././././././../../🗿️artifacts/🧿️semio/🏅️standards/🔖️v1/🪆️subsets/✳️brep/🚪️io/🦀️component.rs	141	mismatched types
E0308	✏️s/🔌️plugins/🗄️stdio/📦️packages/🦀️rust/././././././././../../🗿️artifacts/🎨️svg/🏅️standards/🔖️1.1/🪆️subsets/✳️any/🧬️schema/📸️snapshot/🦀️component.rs	1337	mismatched types
E0308	✏️s/🔌️plugins/🗄️stdio/📦️packages/🦀️rust/./././././././../../🗿️artifacts/🧿️semio/🏅️standards/🔖️v1/🪆️subsets/✳️brep/🧬️schema/⚙️engine/📦️mesh-io/🦀️component.rs	155	mismatched types
E0308	✏️s/🔌️plugins/🗄️stdio/📦️packages/🦀️rust/././././././../../🗿️artifacts/🧿️semio/🏅️standards/🔖️v1/🪆️subsets/✳️audio/🚪️io/🦀️component.rs	136	mismatched types
E0308	✏️s/🔌️plugins/🗄️stdio/📦️packages/🦀️rust/././././././././../../🗿️artifacts/🎨️svg/🏅️standards/🔖️1.1/🪆️subsets/✳️any/🧬️schema/🔺️diff/🦀️component.rs	311	mismatched types
E0599	✏️s/🔌️plugins/🗄️stdio/📦️packages/🦀️rust/./././././././../../🗿️artifacts/🧿️semio/🏅️standards/🔖️v1/🪆️subsets/✳️brep/🧬️schema/⚙️engine/📦️mesh-io/🦀️component.rs	177	`impl Future<Output = Result<MeshData, std::string::String>>` is not an iterator
E0277	/Users/ueli/.cargo/registry/src/index.crates.io-1949cf8c6b5b557f/serde_json-1.0.149/src/macros.rs	279	the trait bound `impl Future<Output = MeshData>: serde::Serialize` is not satisfied
E0308	✏️s/🔌️plugins/🗄️stdio/📦️packages/🦀️rust/././././././././../../🗿️artifacts/🎨️svg/🏅️standards/🔖️1.1/🪆️subsets/✳️any/🧬️schema/🔺️diff/🦀️component.rs	345	mismatched types
E0277	/Users/ueli/.cargo/registry/src/index.crates.io-1949cf8c6b5b557f/serde_json-1.0.149/src/macros.rs	279	the trait bound `impl Future<Output = MeshData>: serde::Serialize` is not satisfied
E0308	✏️s/🔌️plugins/🗄️stdio/📦️packages/🦀️rust/././././././../../🗿️artifacts/🧊️obj/🏅️standards/🔖️3.0/🪆️subsets/✳️any/✏️editor/🎭️modes/✏️edit/🪟️windows/🪟️main/🦀️component.rs	69	mismatched types
E0308	✏️s/🔌️plugins/🗄️stdio/📦️packages/🦀️rust/././././././../../🗿️artifacts/📐️step/🏅️standards/🔖️ap214/🪆️subsets/✳️cc1/✏️editor/🎭️modes/✏️edit/🪟️windows/🪟️main/🦀️component.rs	69	mismatched types
E0599	✏️s/🔌️plugins/🗄️stdio/📦️packages/🦀️rust/./././././././../../🗿️artifacts/🧿️semio/🏅️standards/🔖️v1/🪆️subsets/✳️brep/🧬️schema/⚙️engine/📦️mesh-io/🦀️component.rs	184	no method named `map_err` found for opaque type `impl Future<Output = Result<Vec<u8>, std::string::String>>` in the current scope
E0599	✏️s/🔌️plugins/🗄️stdio/📦️packages/🦀️rust/./././././././../../🗿️artifacts/🧿️semio/🏅️standards/🔖️v1/🪆️subsets/✳️brep/🧬️schema/⚙️engine/📦️mesh-io/🦀️component.rs	190	`impl Future<Output = Result<MeshData, std::string::String>>` is not an iterator
E0277	✏️s/🔌️plugins/🗄️stdio/📦️packages/🦀️rust/././././././././../../🗿️artifacts/🧿️semio/🏅️standards/🔖️v1/🪆️subsets/✳️brep/🧬️schema/📸️snapshot/🦀️component.rs	928	`dsl::ByteReader<'_>` is not a future
E0277	/Users/ueli/.cargo/registry/src/index.crates.io-1949cf8c6b5b557f/serde_json-1.0.149/src/macros.rs	279	the trait bound `impl Future<Output = MeshData>: serde::Serialize` is not satisfied
E0308	✏️s/🔌️plugins/🗄️stdio/📦️packages/🦀️rust/././././././././../../🗿️artifacts/🎨️svg/🏅️standards/🔖️1.1/🪆️subsets/✳️any/🧬️schema/🔺️diff/🦀️component.rs	477	mismatched types
E0308	✏️s/🔌️plugins/🗄️stdio/📦️packages/🦀️rust/././././././../../🗿️artifacts/🖊️dwg/🏅️standards/🔖️ac1018/🪆️subsets/✳️any/👁️viewer/🎭️modes/👁️view/🪟️windows/🪟️main/🦀️component.rs	73	mismatched types
E0308	✏️s/🔌️plugins/🗄️stdio/📦️packages/🦀️rust/././././././././../../🗿️artifacts/🎨️svg/🏅️standards/🔖️1.1/🪆️subsets/✳️any/🧬️schema/🔺️diff/🦀️component.rs	517	mismatched types
E0277	✏️s/🔌️plugins/🗄️stdio/📦️packages/🦀️rust/././././././././../../🗿️artifacts/🧿️semio/🏅️standards/🔖️v1/🪆️subsets/✳️brep/🧬️schema/📸️snapshot/🦀️component.rs	928	`dsl::ByteReader<'_>` is not a future
E0599	✏️s/🔌️plugins/🗄️stdio/📦️packages/🦀️rust/././../../🗿️artifacts/🟪️stl/🏅️standards/🔖️ascii/🪆️subsets/✳️any/✏️editor/🦀️component.rs	87	no method named `document` found for opaque type `impl Future<Output = EditorBuilder>` in the current scope
E0599	✏️s/🔌️plugins/🗄️stdio/📦️packages/🦀️rust/././../../🗿️artifacts/📐️step/🏅️standards/🔖️ap214/🪆️subsets/✳️cc2/✏️editor/🦀️component.rs	87	no method named `document` found for opaque type `impl Future<Output = EditorBuilder>` in the current scope
E0308	✏️s/🔌️plugins/🗄️stdio/📦️packages/🦀️rust/././././././../../🗿️artifacts/🧿️semio/🏅️standards/🔖️v1/🪆️subsets/✳️any/🚪️io/🦀️component.rs	81	mismatched types
E0308	✏️s/🔌️plugins/🗄️stdio/📦️packages/🦀️rust/././././././././../../🗿️artifacts/🎨️svg/🏅️standards/🔖️1.1/🪆️subsets/✳️any/🧬️schema/🔺️diff/🦀️component.rs	583	mismatched types
E0308	✏️s/🔌️plugins/🗄️stdio/📦️packages/🦀️rust/././././././../../🗿️artifacts/🟪️stl/🏅️standards/🔖️ascii/🪆️subsets/✳️any/✏️editor/🎭️modes/✏️edit/🪟️windows/🪟️main/🦀️component.rs	24	mismatched types
E0308	✏️s/🔌️plugins/🗄️stdio/📦️packages/🦀️rust/././././././../../🗿️artifacts/🧿️semio/🏅️standards/🔖️v1/🪆️subsets/✳️any/🚪️io/🦀️component.rs	93	mismatched types
E0308	✏️s/🔌️plugins/🗄️stdio/📦️packages/🦀️rust/././././././././../../🗿️artifacts/🎨️svg/🏅️standards/🔖️1.1/🪆️subsets/✳️any/🧬️schema/🔺️diff/🦀️component.rs	601	mismatched types
E0308	✏️s/🔌️plugins/🗄️stdio/📦️packages/🦀️rust/././././././../../🗿️artifacts/📐️step/🏅️standards/🔖️ap214/🪆️subsets/✳️cc2/✏️editor/🎭️modes/✏️edit/🪟️windows/🪟️main/🦀️component.rs	24	mismatched types
E0308	✏️s/🔌️plugins/🗄️stdio/📦️packages/🦀️rust/././././././../../🗿️artifacts/🧿️semio/🏅️standards/🔖️v1/🪆️subsets/✳️any/🚪️io/🦀️component.rs	140	mismatched types
E0308	✏️s/🔌️plugins/🗄️stdio/📦️packages/🦀️rust/./././././././../../🗿️artifacts/🧿️semio/🏅️standards/🔖️v1/🪆️subsets/✳️brep/🧬️schema/⚙️engine/📄️step/🦀️component.rs	165	mismatched types
E0599	✏️s/🔌️plugins/🗄️stdio/📦️packages/🦀️rust/././../../🗿️artifacts/🖊️dwg/🏅️standards/🔖️ac1024/🪆️subsets/✳️any/👁️viewer/🦀️component.rs	83	no method named `document` found for opaque type `impl Future<Output = ViewerBuilder>` in the current scope
E0277	/Users/ueli/.cargo/registry/src/index.crates.io-1949cf8c6b5b557f/serde_json-1.0.149/src/macros.rs	279	the trait bound `impl Future<Output = MeshData>: serde::Serialize` is not satisfied
E0308	✏️s/🔌️plugins/🗄️stdio/📦️packages/🦀️rust/././././././../../🗿️artifacts/🖊️dwg/🏅️standards/🔖️ac1024/🪆️subsets/✳️any/👁️viewer/🎭️modes/👁️view/🪟️windows/🪟️main/🦀️component.rs	25	mismatched types
E0308	✏️s/🔌️plugins/🗄️stdio/📦️packages/🦀️rust/././././././../../🗿️artifacts/🧿️semio/🏅️standards/🔖️v1/🪆️subsets/✳️value/👁️viewer/🎭️modes/👁️view/🪟️windows/🪟️main/🦀️component.rs	73	mismatched types
E0277	✏️s/🔌️plugins/🗄️stdio/📦️packages/🦀️rust/././././././././../../🗿️artifacts/🧿️semio/🏅️standards/🔖️v1/🪆️subsets/✳️audio/🧬️schema/📸️snapshot/🦀️component.rs	335	`dsl::ByteReader<'_>` is not a future
E0308	✏️s/🔌️plugins/🗄️stdio/📦️packages/🦀️rust/./././././././../../🗿️artifacts/🧿️semio/🏅️standards/🔖️v1/🪆️subsets/✳️brep/🧬️schema/⚙️engine/📄️step/🦀️component.rs	172	mismatched types
E0277	✏️s/🔌️plugins/🗄️stdio/📦️packages/🦀️rust/././././././././../../🗿️artifacts/🧿️semio/🏅️standards/🔖️v1/🪆️subsets/✳️audio/🧬️schema/📸️snapshot/🦀️component.rs	335	`dsl::ByteReader<'_>` is not a future
E0308	✏️s/🔌️plugins/🗄️stdio/📦️packages/🦀️rust/././././././././../../🗿️artifacts/🎨️svg/🏅️standards/🔖️1.1/🪆️subsets/✳️any/🧬️schema/🔺️diff/🦀️component.rs	692	mismatched types
E0308	✏️s/🔌️plugins/🗄️stdio/📦️packages/🦀️rust/./././././././../../🗿️artifacts/🧿️semio/🏅️standards/🔖️v1/🪆️subsets/✳️brep/🧬️schema/⚙️engine/📄️step/🦀️component.rs	179	mismatched types
E0599	✏️s/🔌️plugins/🗄️stdio/📦️packages/🦀️rust/././../../🗿️artifacts/🧿️semio/🏅️standards/🔖️v1/🪆️subsets/✳️video/👁️viewer/🦀️component.rs	83	no method named `document` found for opaque type `impl Future<Output = ViewerBuilder>` in the current scope
E0308	✏️s/🔌️plugins/🗄️stdio/📦️packages/🦀️rust/./././././././../../🗿️artifacts/🧿️semio/🏅️standards/🔖️v1/🪆️subsets/✳️brep/🧬️schema/⚙️engine/📄️step/🦀️component.rs	216	mismatched types
E0277	✏️s/🔌️plugins/🗄️stdio/📦️packages/🦀️rust/././././././././../../🗿️artifacts/🧿️semio/🏅️standards/🔖️v1/🪆️subsets/✳️any/🧬️schema/📸️snapshot/🦀️component.rs	287	`dsl::ByteReader<'_>` is not a future
E0277	✏️s/🔌️plugins/🗄️stdio/📦️packages/🦀️rust/././././././././../../🗿️artifacts/🧿️semio/🏅️standards/🔖️v1/🪆️subsets/✳️any/🧬️schema/📸️snapshot/🦀️component.rs	287	`dsl::ByteReader<'_>` is not a future
E0277	✏️s/🔌️plugins/🗄️stdio/📦️packages/🦀️rust/././././././././../../🗿️artifacts/🎨️svg/🏅️standards/🔖️1.1/🪆️subsets/✳️any/🧬️schema/🔺️diff/🦀️component.rs	1105	the `?` operator can only be applied to values that implement `Try`
E0790	✏️s/🔌️plugins/🗄️stdio/📦️packages/🦀️rust/./././././././../../🗿️artifacts/🧿️semio/🏅️standards/🔖️v1/🪆️subsets/✳️brep/🧬️schema/⚙️engine/📄️step/🦀️component.rs	730	cannot call associated function on trait without specifying the corresponding `impl` type
E0277	✏️s/🔌️plugins/🗄️stdio/📦️packages/🦀️rust/././././././././../../🗿️artifacts/🧿️semio/🏅️standards/🔖️v1/🪆️subsets/✳️audio/🧬️schema/🔺️diff/🦀️component.rs	669	`dsl::ByteReader<'_>` is not a future
E0277	✏️s/🔌️plugins/🗄️stdio/📦️packages/🦀️rust/././././././././../../🗿️artifacts/🧿️semio/🏅️standards/🔖️v1/🪆️subsets/✳️audio/🧬️schema/🔺️diff/🦀️component.rs	669	`dsl::ByteReader<'_>` is not a future
E0277	✏️s/🔌️plugins/🗄️stdio/📦️packages/🦀️rust/././././././././../../🗿️artifacts/🎨️svg/🏅️standards/🔖️1.1/🪆️subsets/✳️any/🧬️schema/🔺️diff/🦀️component.rs	1282	the `?` operator can only be applied to values that implement `Try`
E0277	✏️s/🔌️plugins/🗄️stdio/📦️packages/🦀️rust/././././././././../../🗿️artifacts/🧿️semio/🏅️standards/🔖️v1/🪆️subsets/✳️animation/🧬️schema/📸️snapshot/🦀️component.rs	592	`dsl::ByteReader<'_>` is not a future
E0277	✏️s/🔌️plugins/🗄️stdio/📦️packages/🦀️rust/././././././././../../🗿️artifacts/🧿️semio/🏅️standards/🔖️v1/🪆️subsets/✳️animation/🧬️schema/📸️snapshot/🦀️component.rs	592	`dsl::ByteReader<'_>` is not a future
E0277	✏️s/🔌️plugins/🗄️stdio/📦️packages/🦀️rust/././././././././../../🗿️artifacts/🎨️svg/🏅️standards/🔖️1.1/🪆️subsets/✳️any/🧬️schema/🔺️diff/🦀️component.rs	1368	the `?` operator can only be applied to values that implement `Try`
E0277	✏️s/🔌️plugins/🗄️stdio/📦️packages/🦀️rust/././././././././../../🗿️artifacts/🎨️svg/🏅️standards/🔖️1.1/🪆️subsets/✳️any/🧬️schema/🔺️diff/🦀️component.rs	1476	`usize` is not a future
E0277	✏️s/🔌️plugins/🗄️stdio/📦️packages/🦀️rust/././././././././../../🗿️artifacts/🎨️svg/🏅️standards/🔖️1.1/🪆️subsets/✳️any/🧬️schema/🔺️diff/🦀️component.rs	1478	`usize` is not a future
E0277	✏️s/🔌️plugins/🗄️stdio/📦️packages/🦀️rust/././././././././../../🗿️artifacts/🎨️svg/🏅️standards/🔖️1.1/🪆️subsets/✳️any/🧬️schema/🔺️diff/🦀️component.rs	1479	`usize` is not a future
E0277	✏️s/🔌️plugins/🗄️stdio/📦️packages/🦀️rust/././././././././../../🗿️artifacts/🎨️svg/🏅️standards/🔖️1.1/🪆️subsets/✳️any/🧬️schema/🔺️diff/🦀️component.rs	1484	`usize` is not a future
E0277	✏️s/🔌️plugins/🗄️stdio/📦️packages/🦀️rust/././././././././../../🗿️artifacts/🎨️svg/🏅️standards/🔖️1.1/🪆️subsets/✳️any/🧬️schema/🔺️diff/🦀️component.rs	1485	`usize` is not a future
E0277	✏️s/🔌️plugins/🗄️stdio/📦️packages/🦀️rust/././././././././../../🗿️artifacts/🎨️svg/🏅️standards/🔖️1.1/🪆️subsets/✳️any/🧬️schema/🔺️diff/🦀️component.rs	1489	`usize` is not a future
E0277	✏️s/🔌️plugins/🗄️stdio/📦️packages/🦀️rust/././././././././../../🗿️artifacts/🎨️svg/🏅️standards/🔖️1.1/🪆️subsets/✳️any/🧬️schema/🔺️diff/🦀️component.rs	1476	`usize` is not a future
E0308	✏️s/🔌️plugins/🗄️stdio/📦️packages/🦀️rust/././././././././../../🗿️artifacts/🎨️svg/🏅️standards/🔖️1.1/🪆️subsets/✳️any/🧬️schema/🧬️mutations/🦀️component.rs	153	`match` arms have incompatible types
E0599	✏️s/🔌️plugins/🗄️stdio/📦️packages/🦀️rust/././././././././../../🗿️artifacts/🎨️svg/🏅️standards/🔖️1.1/🪆️subsets/✳️any/🧬️schema/🧬️mutations/🦀️component.rs	276	the method `join` exists for struct `Vec<impl Future<Output = std::string::String>>`, but its trait bounds were not satisfied
E0277	✏️s/🔌️plugins/🗄️stdio/📦️packages/🦀️rust/././././././././../../🗿️artifacts/🎨️svg/🏅️standards/🔖️1.1/🪆️subsets/✳️any/🧬️schema/🧬️mutations/🦀️component.rs	296	`impl Future<Output = std::string::String>` doesn't implement `std::fmt::Display`
E0277	✏️s/🔌️plugins/🗄️stdio/📦️packages/🦀️rust/././././././././../../🗿️artifacts/🎨️svg/🏅️standards/🔖️1.1/🪆️subsets/✳️any/🧬️schema/🧬️mutations/🦀️component.rs	299	`impl Future<Output = std::string::String>` doesn't implement `std::fmt::Display`
E0277	✏️s/🔌️plugins/🗄️stdio/📦️packages/🦀️rust/././././././././../../🗿️artifacts/🎨️svg/🏅️standards/🔖️1.1/🪆️subsets/✳️any/🧬️schema/🧬️mutations/🦀️component.rs	300	`impl Future<Output = std::string::String>` doesn't implement `std::fmt::Display`
E0277	✏️s/🔌️plugins/🗄️stdio/📦️packages/🦀️rust/././././././././../../🗿️artifacts/🎨️svg/🏅️standards/🔖️1.1/🪆️subsets/✳️any/🧬️schema/🧬️mutations/🦀️component.rs	301	`impl Future<Output = std::string::String>` doesn't implement `std::fmt::Display`
E0277	✏️s/🔌️plugins/🗄️stdio/📦️packages/🦀️rust/././././././././../../🗿️artifacts/🎨️svg/🏅️standards/🔖️1.1/🪆️subsets/✳️any/🧬️schema/🧬️mutations/🦀️component.rs	302	`impl Future<Output = std::string::String>` doesn't implement `std::fmt::Display`
E0277	✏️s/🔌️plugins/🗄️stdio/📦️packages/🦀️rust/././././././././../../🗿️artifacts/🎨️svg/🏅️standards/🔖️1.1/🪆️subsets/✳️any/🧬️schema/🧬️mutations/🦀️component.rs	303	`impl Future<Output = std::string::String>` doesn't implement `std::fmt::Display`
E0271	✏️s/🔌️plugins/🗄️stdio/📦️packages/🦀️rust/././././././././../../🗿️artifacts/🎨️svg/🏅️standards/🔖️1.1/🪆️subsets/✳️any/🧬️schema/🧬️mutations/🦀️component.rs	304	expected `enc_view_box` to return `String`, but it returns `impl Future<Output = String>`
E0277	✏️s/🔌️plugins/🗄️stdio/📦️packages/🦀️rust/././././././././../../🗿️artifacts/🎨️svg/🏅️standards/🔖️1.1/🪆️subsets/✳️any/🧬️schema/🧬️mutations/🦀️component.rs	304	`impl Future<Output = std::string::String>` doesn't implement `std::fmt::Display`
E0277	✏️s/🔌️plugins/🗄️stdio/📦️packages/🦀️rust/././././././././../../🗿️artifacts/🎨️svg/🏅️standards/🔖️1.1/🪆️subsets/✳️any/🧬️schema/🧬️mutations/🦀️component.rs	305	`impl Future<Output = std::string::String>` doesn't implement `std::fmt::Display`
E0599	✏️s/🔌️plugins/🗄️stdio/📦️packages/🦀️rust/././././././././../../🗿️artifacts/🎨️svg/🏅️standards/🔖️1.1/🪆️subsets/✳️any/🧬️schema/🧬️mutations/🦀️component.rs	336	no method named `map_err` found for opaque type `impl Future<Output = Result<SvgMutation, String>>` in the current scope
E0308	✏️s/🔌️plugins/🗄️stdio/📦️packages/🦀️rust/././././././././../../🗿️artifacts/🎨️svg/🏅️standards/🔖️1.1/🪆️subsets/✳️any/🧬️schema/🧬️mutations/🦀️component.rs	517	`match` arms have incompatible types
E0277	✏️s/🔌️plugins/🗄️stdio/📦️packages/🦀️rust/././././././././../../🗿️artifacts/🎨️svg/🏅️standards/🔖️1.1/🪆️subsets/✳️any/🧬️schema/🧬️mutations/🦀️component.rs	581	`usize` is not a future
E0277	✏️s/🔌️plugins/🗄️stdio/📦️packages/🦀️rust/././././././././../../🗿️artifacts/🎨️svg/🏅️standards/🔖️1.1/🪆️subsets/✳️any/🧬️schema/🧬️mutations/🦀️component.rs	585	`usize` is not a future
E0277	✏️s/🔌️plugins/🗄️stdio/📦️packages/🦀️rust/././././././././../../🗿️artifacts/🎨️svg/🏅️standards/🔖️1.1/🪆️subsets/✳️any/🧬️schema/🧬️mutations/🦀️component.rs	586	`usize` is not a future
E0277	✏️s/🔌️plugins/🗄️stdio/📦️packages/🦀️rust/././././././././../../🗿️artifacts/🎨️svg/🏅️standards/🔖️1.1/🪆️subsets/✳️any/🧬️schema/🧬️mutations/🦀️component.rs	590	`usize` is not a future
E0277	✏️s/🔌️plugins/🗄️stdio/📦️packages/🦀️rust/././././././././../../🗿️artifacts/🎨️svg/🏅️standards/🔖️1.1/🪆️subsets/✳️any/🧬️schema/🧬️mutations/🦀️component.rs	591	`usize` is not a future
E0277	✏️s/🔌️plugins/🗄️stdio/📦️packages/🦀️rust/././././././././../../🗿️artifacts/🎨️svg/🏅️standards/🔖️1.1/🪆️subsets/✳️any/🧬️schema/🧬️mutations/🦀️component.rs	595	`usize` is not a future
E0277	✏️s/🔌️plugins/🗄️stdio/📦️packages/🦀️rust/././././././././../../🗿️artifacts/🎨️svg/🏅️standards/🔖️1.1/🪆️subsets/✳️any/🧬️schema/🧬️mutations/🦀️component.rs	596	`usize` is not a future
E0277	✏️s/🔌️plugins/🗄️stdio/📦️packages/🦀️rust/././././././././../../🗿️artifacts/🎨️svg/🏅️standards/🔖️1.1/🪆️subsets/✳️any/🧬️schema/🧬️mutations/🦀️component.rs	597	`usize` is not a future
E0277	✏️s/🔌️plugins/🗄️stdio/📦️packages/🦀️rust/././././././././../../🗿️artifacts/🎨️svg/🏅️standards/🔖️1.1/🪆️subsets/✳️any/🧬️schema/🧬️mutations/🦀️component.rs	601	`usize` is not a future
E0277	✏️s/🔌️plugins/🗄️stdio/📦️packages/🦀️rust/././././././././../../🗿️artifacts/🎨️svg/🏅️standards/🔖️1.1/🪆️subsets/✳️any/🧬️schema/🧬️mutations/🦀️component.rs	602	`usize` is not a future
E0277	✏️s/🔌️plugins/🗄️stdio/📦️packages/🦀️rust/././././././././../../🗿️artifacts/🎨️svg/🏅️standards/🔖️1.1/🪆️subsets/✳️any/🧬️schema/🧬️mutations/🦀️component.rs	606	`usize` is not a future
E0277	✏️s/🔌️plugins/🗄️stdio/📦️packages/🦀️rust/././././././././../../🗿️artifacts/🎨️svg/🏅️standards/🔖️1.1/🪆️subsets/✳️any/🧬️schema/🧬️mutations/🦀️component.rs	607	`usize` is not a future
E0277	✏️s/🔌️plugins/🗄️stdio/📦️packages/🦀️rust/././././././././../../🗿️artifacts/🎨️svg/🏅️standards/🔖️1.1/🪆️subsets/✳️any/🧬️schema/🧬️mutations/🦀️component.rs	611	`usize` is not a future
E0277	✏️s/🔌️plugins/🗄️stdio/📦️packages/🦀️rust/././././././././../../🗿️artifacts/🎨️svg/🏅️standards/🔖️1.1/🪆️subsets/✳️any/🧬️schema/🧬️mutations/🦀️component.rs	612	`usize` is not a future
E0277	✏️s/🔌️plugins/🗄️stdio/📦️packages/🦀️rust/././././././././../../🗿️artifacts/🎨️svg/🏅️standards/🔖️1.1/🪆️subsets/✳️any/🧬️schema/🧬️mutations/🦀️component.rs	613	`usize` is not a future
E0277	✏️s/🔌️plugins/🗄️stdio/📦️packages/🦀️rust/././././././././../../🗿️artifacts/💬️bcf/🏅️standards/🔖️2.1/🪆️subsets/✳️any/🧬️schema/🧬️mutations/🦀️component.rs	500	`usize` is not a future
E0277	✏️s/🔌️plugins/🗄️stdio/📦️packages/🦀️rust/././././././././../../🗿️artifacts/🎨️svg/🏅️standards/🔖️1.1/🪆️subsets/✳️any/🧬️schema/🧬️mutations/🦀️component.rs	614	`usize` is not a future
E0277	✏️s/🔌️plugins/🗄️stdio/📦️packages/🦀️rust/././././././././../../🗿️artifacts/💬️bcf/🏅️standards/🔖️2.1/🪆️subsets/✳️any/🧬️schema/🧬️mutations/🦀️component.rs	501	`usize` is not a future
E0277	✏️s/🔌️plugins/🗄️stdio/📦️packages/🦀️rust/././././././././../../🗿️artifacts/🎨️svg/🏅️standards/🔖️1.1/🪆️subsets/✳️any/🧬️schema/🧬️mutations/🦀️component.rs	618	`usize` is not a future
E0277	✏️s/🔌️plugins/🗄️stdio/📦️packages/🦀️rust/././././././././../../🗿️artifacts/💬️bcf/🏅️standards/🔖️2.1/🪆️subsets/✳️any/🧬️schema/🧬️mutations/🦀️component.rs	502	`usize` is not a future
E0277	✏️s/🔌️plugins/🗄️stdio/📦️packages/🦀️rust/././././././././../../🗿️artifacts/🎨️svg/🏅️standards/🔖️1.1/🪆️subsets/✳️any/🧬️schema/🧬️mutations/🦀️component.rs	619	`usize` is not a future
E0277	✏️s/🔌️plugins/🗄️stdio/📦️packages/🦀️rust/././././././././../../🗿️artifacts/💬️bcf/🏅️standards/🔖️2.1/🪆️subsets/✳️any/🧬️schema/🧬️mutations/🦀️component.rs	503	`usize` is not a future
E0277	✏️s/🔌️plugins/🗄️stdio/📦️packages/🦀️rust/././././././././../../🗿️artifacts/🎨️svg/🏅️standards/🔖️1.1/🪆️subsets/✳️any/🧬️schema/🧬️mutations/🦀️component.rs	623	`usize` is not a future
E0277	✏️s/🔌️plugins/🗄️stdio/📦️packages/🦀️rust/././././././././../../🗿️artifacts/💬️bcf/🏅️standards/🔖️2.1/🪆️subsets/✳️any/🧬️schema/🧬️mutations/🦀️component.rs	505	`usize` is not a future
E0277	✏️s/🔌️plugins/🗄️stdio/📦️packages/🦀️rust/././././././././../../🗿️artifacts/🎨️svg/🏅️standards/🔖️1.1/🪆️subsets/✳️any/🧬️schema/🧬️mutations/🦀️component.rs	624	`usize` is not a future
E0277	✏️s/🔌️plugins/🗄️stdio/📦️packages/🦀️rust/././././././././../../🗿️artifacts/💬️bcf/🏅️standards/🔖️2.1/🪆️subsets/✳️any/🧬️schema/🧬️mutations/🦀️component.rs	506	`usize` is not a future
E0277	✏️s/🔌️plugins/🗄️stdio/📦️packages/🦀️rust/././././././././../../🗿️artifacts/🎨️svg/🏅️standards/🔖️1.1/🪆️subsets/✳️any/🧬️schema/🧬️mutations/🦀️component.rs	625	`usize` is not a future
E0277	✏️s/🔌️plugins/🗄️stdio/📦️packages/🦀️rust/././././././././../../🗿️artifacts/💬️bcf/🏅️standards/🔖️2.1/🪆️subsets/✳️any/🧬️schema/🧬️mutations/🦀️component.rs	507	`usize` is not a future
E0277	✏️s/🔌️plugins/🗄️stdio/📦️packages/🦀️rust/././././././././../../🗿️artifacts/🎨️svg/🏅️standards/🔖️1.1/🪆️subsets/✳️any/🧬️schema/🧬️mutations/🦀️component.rs	629	`usize` is not a future
E0277	✏️s/🔌️plugins/🗄️stdio/📦️packages/🦀️rust/././././././././../../🗿️artifacts/💬️bcf/🏅️standards/🔖️2.1/🪆️subsets/✳️any/🧬️schema/🧬️mutations/🦀️component.rs	508	`usize` is not a future
E0277	✏️s/🔌️plugins/🗄️stdio/📦️packages/🦀️rust/././././././././../../🗿️artifacts/🎨️svg/🏅️standards/🔖️1.1/🪆️subsets/✳️any/🧬️schema/🧬️mutations/🦀️component.rs	630	`usize` is not a future
E0277	✏️s/🔌️plugins/🗄️stdio/📦️packages/🦀️rust/././././././././../../🗿️artifacts/💬️bcf/🏅️standards/🔖️2.1/🪆️subsets/✳️any/🧬️schema/🧬️mutations/🦀️component.rs	509	`usize` is not a future
E0277	✏️s/🔌️plugins/🗄️stdio/📦️packages/🦀️rust/././././././././../../🗿️artifacts/💬️bcf/🏅️standards/🔖️2.1/🪆️subsets/✳️any/🧬️schema/🧬️mutations/🦀️component.rs	510	`usize` is not a future
E0277	✏️s/🔌️plugins/🗄️stdio/📦️packages/🦀️rust/././././././././../../🗿️artifacts/💬️bcf/🏅️standards/🔖️2.1/🪆️subsets/✳️any/🧬️schema/🧬️mutations/🦀️component.rs	510	`usize` is not a future
E0277	✏️s/🔌️plugins/🗄️stdio/📦️packages/🦀️rust/././././././././../../🗿️artifacts/💬️bcf/🏅️standards/🔖️2.1/🪆️subsets/✳️any/🧬️schema/🧬️mutations/🦀️component.rs	511	`usize` is not a future
E0277	✏️s/🔌️plugins/🗄️stdio/📦️packages/🦀️rust/././././././././../../🗿️artifacts/💬️bcf/🏅️standards/🔖️2.1/🪆️subsets/✳️any/🧬️schema/🧬️mutations/🦀️component.rs	512	`usize` is not a future
E0277	✏️s/🔌️plugins/🗄️stdio/📦️packages/🦀️rust/././././././././../../🗿️artifacts/💬️bcf/🏅️standards/🔖️2.1/🪆️subsets/✳️any/🧬️schema/🧬️mutations/🦀️component.rs	516	`usize` is not a future
E0277	✏️s/🔌️plugins/🗄️stdio/📦️packages/🦀️rust/././././././././../../🗿️artifacts/💬️bcf/🏅️standards/🔖️2.1/🪆️subsets/✳️any/🧬️schema/🧬️mutations/🦀️component.rs	517	`usize` is not a future
E0277	✏️s/🔌️plugins/🗄️stdio/📦️packages/🦀️rust/././././././././../../🗿️artifacts/💬️bcf/🏅️standards/🔖️2.1/🪆️subsets/✳️any/🧬️schema/🧬️mutations/🦀️component.rs	521	`usize` is not a future
E0277	✏️s/🔌️plugins/🗄️stdio/📦️packages/🦀️rust/././././././././../../🗿️artifacts/💬️bcf/🏅️standards/🔖️2.1/🪆️subsets/✳️any/🧬️schema/🧬️mutations/🦀️component.rs	522	`usize` is not a future
E0277	✏️s/🔌️plugins/🗄️stdio/📦️packages/🦀️rust/././././././././../../🗿️artifacts/💬️bcf/🏅️standards/🔖️2.1/🪆️subsets/✳️any/🧬️schema/🧬️mutations/🦀️component.rs	526	`usize` is not a future
E0277	✏️s/🔌️plugins/🗄️stdio/📦️packages/🦀️rust/././././././././../../🗿️artifacts/💬️bcf/🏅️standards/🔖️2.1/🪆️subsets/✳️any/🧬️schema/🧬️mutations/🦀️component.rs	527	`usize` is not a future
E0277	✏️s/🔌️plugins/🗄️stdio/📦️packages/🦀️rust/././././././././../../🗿️artifacts/💬️bcf/🏅️standards/🔖️2.1/🪆️subsets/✳️any/🧬️schema/🧬️mutations/🦀️component.rs	528	`usize` is not a future
E0277	✏️s/🔌️plugins/🗄️stdio/📦️packages/🦀️rust/././././././././../../🗿️artifacts/💬️bcf/🏅️standards/🔖️2.1/🪆️subsets/✳️any/🧬️schema/🧬️mutations/🦀️component.rs	529	`usize` is not a future
E0277	✏️s/🔌️plugins/🗄️stdio/📦️packages/🦀️rust/././././././././../../🗿️artifacts/💬️bcf/🏅️standards/🔖️2.1/🪆️subsets/✳️any/🧬️schema/🧬️mutations/🦀️component.rs	530	`usize` is not a future
E0277	✏️s/🔌️plugins/🗄️stdio/📦️packages/🦀️rust/././././././././../../🗿️artifacts/💬️bcf/🏅️standards/🔖️2.1/🪆️subsets/✳️any/🧬️schema/🧬️mutations/🦀️component.rs	531	`usize` is not a future
E0277	✏️s/🔌️plugins/🗄️stdio/📦️packages/🦀️rust/././././././././../../🗿️artifacts/💬️bcf/🏅️standards/🔖️2.1/🪆️subsets/✳️any/🧬️schema/🧬️mutations/🦀️component.rs	532	`usize` is not a future
E0277	✏️s/🔌️plugins/🗄️stdio/📦️packages/🦀️rust/././././././././../../🗿️artifacts/💬️bcf/🏅️standards/🔖️2.1/🪆️subsets/✳️any/🧬️schema/🧬️mutations/🦀️component.rs	539	`usize` is not a future
E0277	✏️s/🔌️plugins/🗄️stdio/📦️packages/🦀️rust/././././././././../../🗿️artifacts/💬️bcf/🏅️standards/🔖️2.1/🪆️subsets/✳️any/🧬️schema/🧬️mutations/🦀️component.rs	540	`usize` is not a future
E0277	✏️s/🔌️plugins/🗄️stdio/📦️packages/🦀️rust/././././././././../../🗿️artifacts/💬️bcf/🏅️standards/🔖️2.1/🪆️subsets/✳️any/🧬️schema/🧬️mutations/🦀️component.rs	544	`usize` is not a future
E0277	✏️s/🔌️plugins/🗄️stdio/📦️packages/🦀️rust/././././././././../../🗿️artifacts/💬️bcf/🏅️standards/🔖️2.1/🪆️subsets/✳️any/🧬️schema/🧬️mutations/🦀️component.rs	545	`usize` is not a future
E0277	✏️s/🔌️plugins/🗄️stdio/📦️packages/🦀️rust/././././././././../../🗿️artifacts/💬️bcf/🏅️standards/🔖️2.1/🪆️subsets/✳️any/🧬️schema/🧬️mutations/🦀️component.rs	549	`usize` is not a future
E0277	✏️s/🔌️plugins/🗄️stdio/📦️packages/🦀️rust/././././././././../../🗿️artifacts/💬️bcf/🏅️standards/🔖️2.1/🪆️subsets/✳️any/🧬️schema/🧬️mutations/🦀️component.rs	550	`usize` is not a future
E0277	✏️s/🔌️plugins/🗄️stdio/📦️packages/🦀️rust/././././././././../../🗿️artifacts/💬️bcf/🏅️standards/🔖️2.1/🪆️subsets/✳️any/🧬️schema/🧬️mutations/🦀️component.rs	551	`usize` is not a future
E0277	✏️s/🔌️plugins/🗄️stdio/📦️packages/🦀️rust/././././././././../../🗿️artifacts/💬️bcf/🏅️standards/🔖️2.1/🪆️subsets/✳️any/🧬️schema/🧬️mutations/🦀️component.rs	551	`usize` is not a future
E0277	✏️s/🔌️plugins/🗄️stdio/📦️packages/🦀️rust/././././././././../../🗿️artifacts/💬️bcf/🏅️standards/🔖️2.1/🪆️subsets/✳️any/🧬️schema/🧬️mutations/🦀️component.rs	555	`usize` is not a future
E0277	✏️s/🔌️plugins/🗄️stdio/📦️packages/🦀️rust/././././././././../../🗿️artifacts/💬️bcf/🏅️standards/🔖️2.1/🪆️subsets/✳️any/🧬️schema/🧬️mutations/🦀️component.rs	556	`usize` is not a future
E0277	✏️s/🔌️plugins/🗄️stdio/📦️packages/🦀️rust/././././././././../../🗿️artifacts/💬️bcf/🏅️standards/🔖️2.1/🪆️subsets/✳️any/🧬️schema/🧬️mutations/🦀️component.rs	558	`usize` is not a future
E0277	✏️s/🔌️plugins/🗄️stdio/📦️packages/🦀️rust/././././././././../../🗿️artifacts/💬️bcf/🏅️standards/🔖️2.1/🪆️subsets/✳️any/🧬️schema/🧬️mutations/🦀️component.rs	558	`usize` is not a future
E0277	✏️s/🔌️plugins/🗄️stdio/📦️packages/🦀️rust/././././././././../../🗿️artifacts/💬️bcf/🏅️standards/🔖️2.1/🪆️subsets/✳️any/🧬️schema/🧬️mutations/🦀️component.rs	562	`usize` is not a future
E0277	✏️s/🔌️plugins/🗄️stdio/📦️packages/🦀️rust/././././././././../../🗿️artifacts/💬️bcf/🏅️standards/🔖️2.1/🪆️subsets/✳️any/🧬️schema/🧬️mutations/🦀️component.rs	563	`usize` is not a future
E0277	✏️s/🔌️plugins/🗄️stdio/📦️packages/🦀️rust/././././././././../../🗿️artifacts/💬️bcf/🏅️standards/🔖️2.1/🪆️subsets/✳️any/🧬️schema/🧬️mutations/🦀️component.rs	564	`usize` is not a future
E0277	✏️s/🔌️plugins/🗄️stdio/📦️packages/🦀️rust/././././././././../../🗿️artifacts/💬️bcf/🏅️standards/🔖️2.1/🪆️subsets/✳️any/🧬️schema/🧬️mutations/🦀️component.rs	564	`usize` is not a future
E0599	✏️s/🔌️plugins/🗄️stdio/📦️packages/🦀️rust/././././././././../../🗿️artifacts/🎨️svg/🏅️standards/🔖️1.1/🪆️subsets/✳️any/🧬️schema/🧬️mutations/🦀️component.rs	631	no method named `map_err` found for opaque type `impl Future<Output = Result<Vec<TransformOp>, String>>` in the current scope
E0277	✏️s/🔌️plugins/🗄️stdio/📦️packages/🦀️rust/././././././././../../🗿️artifacts/🎨️svg/🏅️standards/🔖️1.1/🪆️subsets/✳️any/🧬️schema/🧬️mutations/🦀️component.rs	631	`usize` is not a future
E0277	✏️s/🔌️plugins/🗄️stdio/📦️packages/🦀️rust/././././././././../../🗿️artifacts/💬️bcf/🏅️standards/🔖️2.1/🪆️subsets/✳️any/🧬️schema/🧬️mutations/🦀️component.rs	500	`usize` is not a future
E0277	✏️s/🔌️plugins/🗄️stdio/📦️packages/🦀️rust/././././././././../../🗿️artifacts/🎨️svg/🏅️standards/🔖️1.1/🪆️subsets/✳️any/🧬️schema/🧬️mutations/🦀️component.rs	581	`usize` is not a future
E0308	✏️s/🔌️plugins/🗄️stdio/📦️packages/🦀️rust/././././../../🗿️artifacts/🎨️svg/🏅️standards/🔖️1.1/🪆️subsets/✳️any/📚️examples/🎬️demo/🦀️component.rs	14	mismatched types
E0599	✏️s/🔌️plugins/🗄️stdio/📦️packages/🦀️rust/./././././././../../🗿️artifacts/💬️bcf/🏅️standards/🔖️2.1/🪆️subsets/✳️any/🚪️io/🦀️component.rs	449	no method named `map_err` found for opaque type `impl Future<Output = Result<Vec<u8>, ZipError>>` in the current scope
E0599	✏️s/🔌️plugins/🗄️stdio/📦️packages/🦀️rust/./././././././../../🗿️artifacts/💬️bcf/🏅️standards/🔖️2.1/🪆️subsets/✳️any/🚪️io/🦀️component.rs	454	no method named `map_err` found for opaque type `impl Future<Output = Result<ZipSnapshot, ZipError>>` in the current scope
E0308	✏️s/🔌️plugins/🗄️stdio/📦️packages/🦀️rust/././././../../🗿️artifacts/💬️bcf/🏅️standards/🔖️2.1/🪆️subsets/✳️any/📚️examples/🎬️demo/🦀️component.rs	14	mismatched types
E0308	✏️s/🔌️plugins/🗄️stdio/📦️packages/🦀️rust/././../../🗿️artifacts/🧿️semio/🦀️component.rs	150	mismatched types
E0308	✏️s/🔌️plugins/🗄️stdio/📦️packages/🦀️rust/././../../🗿️artifacts/🧿️semio/🦀️component.rs	160	mismatched types
E0277	✏️s/🔌️plugins/🗄️stdio/📦️packages/🦀️rust/././../../🗿️artifacts/🧿️semio/🦀️component.rs	168	the `?` operator can only be applied to values that implement `Try`
E0277	✏️s/🔌️plugins/🗄️stdio/📦️packages/🦀️rust/././../../🗿️artifacts/🧿️semio/🦀️component.rs	168	the size for values of type `[u8]` cannot be known at compilation time
E0277	✏️s/🔌️plugins/🗄️stdio/📦️packages/🦀️rust/././../../🗿️artifacts/🧿️semio/🦀️component.rs	168	the size for values of type `[u8]` cannot be known at compilation time
E0277	✏️s/🔌️plugins/🗄️stdio/📦️packages/🦀️rust/././../../🗿️artifacts/🧿️semio/🦀️component.rs	168	the size for values of type `[u8]` cannot be known at compilation time
E0277	✏️s/🔌️plugins/🗄️stdio/📦️packages/🦀️rust/././././././././../../🗿️artifacts/📕️xlsx/🏅️standards/🔖️ecma-376/🪆️subsets/✳️any/🧬️schema/🧬️mutations/🦀️component.rs	484	`usize` is not a future
E0277	✏️s/🔌️plugins/🗄️stdio/📦️packages/🦀️rust/././././././././../../🗿️artifacts/📕️xlsx/🏅️standards/🔖️ecma-376/🪆️subsets/✳️any/🧬️schema/🧬️mutations/🦀️component.rs	488	`usize` is not a future
E0277	✏️s/🔌️plugins/🗄️stdio/📦️packages/🦀️rust/././././././././../../🗿️artifacts/📕️xlsx/🏅️standards/🔖️ecma-376/🪆️subsets/✳️any/🧬️schema/🧬️mutations/🦀️component.rs	492	`usize` is not a future
E0277	✏️s/🔌️plugins/🗄️stdio/📦️packages/🦀️rust/././././././././../../🗿️artifacts/📕️xlsx/🏅️standards/🔖️ecma-376/🪆️subsets/✳️any/🧬️schema/🧬️mutations/🦀️component.rs	496	`usize` is not a future
E0277	✏️s/🔌️plugins/🗄️stdio/📦️packages/🦀️rust/././././././././../../🗿️artifacts/📕️xlsx/🏅️standards/🔖️ecma-376/🪆️subsets/✳️any/🧬️schema/🧬️mutations/🦀️component.rs	497	`usize` is not a future
E0277	/Users/ueli/.cargo/registry/src/index.crates.io-1949cf8c6b5b557f/serde_json-1.0.149/src/macros.rs	279	the trait bound `impl Future<Output = MeshData>: serde::Serialize` is not satisfied
E0277	✏️s/🔌️plugins/🗄️stdio/📦️packages/🦀️rust/././././././././../../🗿️artifacts/📕️xlsx/🏅️standards/🔖️ecma-376/🪆️subsets/✳️any/🧬️schema/🧬️mutations/🦀️component.rs	501	`usize` is not a future
E0277	✏️s/🔌️plugins/🗄️stdio/📦️packages/🦀️rust/././././././././../../🗿️artifacts/📕️xlsx/🏅️standards/🔖️ecma-376/🪆️subsets/✳️any/🧬️schema/🧬️mutations/🦀️component.rs	502	`usize` is not a future
E0277	✏️s/🔌️plugins/🗄️stdio/📦️packages/🦀️rust/././././././././../../🗿️artifacts/📕️xlsx/🏅️standards/🔖️ecma-376/🪆️subsets/✳️any/🧬️schema/🧬️mutations/🦀️component.rs	503	`usize` is not a future
E0599	✏️s/🔌️plugins/🗄️stdio/📦️packages/🦀️rust/././../../🗿️artifacts/🧿️semio/🦀️component.rs	169	no method named `map_err` found for opaque type `impl Future<Output = Result<HistoryLog, ProtocolError>>` in the current scope
E0308	✏️s/🔌️plugins/🗄️stdio/📦️packages/🦀️rust/././././././../../🗿️artifacts/🖊️dwg/🏅️standards/🔖️ac1024/🪆️subsets/✳️any/👁️viewer/🎭️modes/👁️view/🪟️windows/🪟️main/🦀️component.rs	73	mismatched types
E0277	✏️s/🔌️plugins/🗄️stdio/📦️packages/🦀️rust/././././././././../../🗿️artifacts/📕️xlsx/🏅️standards/🔖️ecma-376/🪆️subsets/✳️any/🧬️schema/🧬️mutations/🦀️component.rs	504	`usize` is not a future
E0277	✏️s/🔌️plugins/🗄️stdio/📦️packages/🦀️rust/././././././././../../🗿️artifacts/📕️xlsx/🏅️standards/🔖️ecma-376/🪆️subsets/✳️any/🧬️schema/🧬️mutations/🦀️component.rs	508	`usize` is not a future
E0277	✏️s/🔌️plugins/🗄️stdio/📦️packages/🦀️rust/././././././././../../🗿️artifacts/📕️xlsx/🏅️standards/🔖️ecma-376/🪆️subsets/✳️any/🧬️schema/🧬️mutations/🦀️component.rs	509	`usize` is not a future
E0277	✏️s/🔌️plugins/🗄️stdio/📦️packages/🦀️rust/././././././././../../🗿️artifacts/📕️xlsx/🏅️standards/🔖️ecma-376/🪆️subsets/✳️any/🧬️schema/🧬️mutations/🦀️component.rs	510	`usize` is not a future
E0277	✏️s/🔌️plugins/🗄️stdio/📦️packages/🦀️rust/././././././././../../🗿️artifacts/📕️xlsx/🏅️standards/🔖️ecma-376/🪆️subsets/✳️any/🧬️schema/🧬️mutations/🦀️component.rs	514	`usize` is not a future
E0277	✏️s/🔌️plugins/🗄️stdio/📦️packages/🦀️rust/././././././././../../🗿️artifacts/📕️xlsx/🏅️standards/🔖️ecma-376/🪆️subsets/✳️any/🧬️schema/🧬️mutations/🦀️component.rs	518	`usize` is not a future
E0277	✏️s/🔌️plugins/🗄️stdio/📦️packages/🦀️rust/././././././././../../🗿️artifacts/📕️xlsx/🏅️standards/🔖️ecma-376/🪆️subsets/✳️any/🧬️schema/🧬️mutations/🦀️component.rs	522	`usize` is not a future
E0277	✏️s/🔌️plugins/🗄️stdio/📦️packages/🦀️rust/././././././././../../🗿️artifacts/📕️xlsx/🏅️standards/🔖️ecma-376/🪆️subsets/✳️any/🧬️schema/🧬️mutations/🦀️component.rs	523	`usize` is not a future
E0277	✏️s/🔌️plugins/🗄️stdio/📦️packages/🦀️rust/././././././././../../🗿️artifacts/📕️xlsx/🏅️standards/🔖️ecma-376/🪆️subsets/✳️any/🧬️schema/🧬️mutations/🦀️component.rs	484	`usize` is not a future
E0308	✏️s/🔌️plugins/🗄️stdio/📦️packages/🦀️rust/././././././../../🗿️artifacts/🧿️semio/🏅️standards/🔖️v1/🪆️subsets/✳️animation/🚪️io/🦀️component.rs	122	mismatched types
E0599	✏️s/🔌️plugins/🗄️stdio/📦️packages/🦀️rust/././../../🗿️artifacts/🖊️dxf/🏅️standards/🔖️r12/🪆️subsets/✳️any/👁️viewer/🦀️component.rs	83	no method named `document` found for opaque type `impl Future<Output = ViewerBuilder>` in the current scope
E0277	/Users/ueli/.cargo/registry/src/index.crates.io-1949cf8c6b5b557f/serde_json-1.0.149/src/macros.rs	279	the trait bound `impl Future<Output = MeshData>: serde::Serialize` is not satisfied
E0277	/Users/ueli/.cargo/registry/src/index.crates.io-1949cf8c6b5b557f/serde_json-1.0.149/src/macros.rs	279	the trait bound `impl Future<Output = MeshData>: serde::Serialize` is not satisfied
E0308	✏️s/🔌️plugins/🗄️stdio/📦️packages/🦀️rust/././././././../../🗿️artifacts/🟪️stl/🏅️standards/🔖️ascii/🪆️subsets/✳️any/✏️editor/🎭️modes/✏️edit/🪟️windows/🪟️main/🦀️component.rs	69	mismatched types
E0308	✏️s/🔌️plugins/🗄️stdio/📦️packages/🦀️rust/././././././../../🗿️artifacts/📐️step/🏅️standards/🔖️ap214/🪆️subsets/✳️cc2/✏️editor/🎭️modes/✏️edit/🪟️windows/🪟️main/🦀️component.rs	69	mismatched types
E0277	✏️s/🔌️plugins/🗄️stdio/📦️packages/🦀️rust/././././././././../../🗿️artifacts/📜️docx/🏅️standards/🔖️ecma-376/🪆️subsets/✳️any/🧬️schema/🔺️diff/🦀️component.rs	1331	`MutationApplyError` is not a future
E0277	✏️s/🔌️plugins/🗄️stdio/📦️packages/🦀️rust/././././././././../../🗿️artifacts/📜️docx/🏅️standards/🔖️ecma-376/🪆️subsets/✳️any/🧬️schema/🔺️diff/🦀️component.rs	1331	`MutationApplyError` is not a future
E0308	✏️s/🔌️plugins/🗄️stdio/📦️packages/🦀️rust/././././././../../🗿️artifacts/📜️docx/🏅️standards/🔖️ecma-376/🪆️subsets/✳️transitional/🧬️schema/🦀️component.rs	28	mismatched types
E0308	✏️s/🔌️plugins/🗄️stdio/📦️packages/🦀️rust/././././././../../🗿️artifacts/📜️docx/🏅️standards/🔖️ecma-376/🪆️subsets/✳️transitional/🧬️schema/🦀️component.rs	47	mismatched types
E0308	✏️s/🔌️plugins/🗄️stdio/📦️packages/🦀️rust/././././././../../🗿️artifacts/📜️docx/🏅️standards/🔖️ecma-376/🪆️subsets/✳️transitional/🧬️schema/🦀️component.rs	54	mismatched types
E0277	✏️s/🔌️plugins/🗄️stdio/📦️packages/🦀️rust/././././././././../../🗿️artifacts/💬️bcf/🏅️standards/🔖️2.1/🪆️subsets/✳️any/🧬️schema/🔺️diff/🦀️component.rs	1546	`usize` is not a future
E0277	✏️s/🔌️plugins/🗄️stdio/📦️packages/🦀️rust/././././././././../../🗿️artifacts/💬️bcf/🏅️standards/🔖️2.1/🪆️subsets/✳️any/🧬️schema/🔺️diff/🦀️component.rs	1547	`usize` is not a future
E0277	✏️s/🔌️plugins/🗄️stdio/📦️packages/🦀️rust/././././././././../../🗿️artifacts/💬️bcf/🏅️standards/🔖️2.1/🪆️subsets/✳️any/🧬️schema/🔺️diff/🦀️component.rs	1548	`usize` is not a future
E0277	✏️s/🔌️plugins/🗄️stdio/📦️packages/🦀️rust/././././././././../../🗿️artifacts/💬️bcf/🏅️standards/🔖️2.1/🪆️subsets/✳️any/🧬️schema/🔺️diff/🦀️component.rs	1546	`usize` is not a future
E0308	✏️s/🔌️plugins/🗄️stdio/📦️packages/🦀️rust/././././../../🗿️artifacts/📜️docx/🏅️standards/🔖️ecma-376/🪆️subsets/✳️any/📚️examples/🎬️demo/🦀️component.rs	16	mismatched types
E0308	✏️s/🔌️plugins/🗄️stdio/📦️packages/🦀️rust/././././../../🗿️artifacts/📕️xlsx/🏅️standards/🔖️ecma-376/🪆️subsets/✳️any/📚️examples/🎬️demo/🦀️component.rs	14	mismatched types
E0599	✏️s/🔌️plugins/🗄️stdio/📦️packages/🦀️rust/././../../🗿️artifacts/🎞️pptx/🦀️component.rs	45	no method named `schema` found for opaque type `impl Future<Output = ArtifactDeclarationBuilder<NeedsSchema>>` in the current scope
E0599	✏️s/🔌️plugins/🗄️stdio/📦️packages/🦀️rust/././../../🗿️artifacts/💬️bcf/🦀️component.rs	43	no method named `schema` found for opaque type `impl Future<Output = ArtifactDeclarationBuilder<NeedsSchema>>` in the current scope
E0308	✏️s/🔌️plugins/🗄️stdio/📦️packages/🦀️rust/./././././././../../🗿️artifacts/🎞️pptx/🏅️standards/🔖️ecma-376/🪆️subsets/✳️any/🧬️schema/🦀️component.rs	32	mismatched types
E0277	✏️s/🔌️plugins/🗄️stdio/📦️packages/🦀️rust/././././././././../../🗿️artifacts/🖼️tiff/🏅️standards/🔖️6.0/🪆️subsets/✳️any/🧬️schema/🔺️diff/🦀️component.rs	822	`Result<u64, PackError>` is not a future
E0277	✏️s/🔌️plugins/🗄️stdio/📦️packages/🦀️rust/././././././././../../🗿️artifacts/🖼️tiff/🏅️standards/🔖️6.0/🪆️subsets/✳️any/🧬️schema/🔺️diff/🦀️component.rs	828	`Result<u16, PackError>` is not a future
E0277	✏️s/🔌️plugins/🗄️stdio/📦️packages/🦀️rust/././././././././../../🗿️artifacts/🖼️tiff/🏅️standards/🔖️6.0/🪆️subsets/✳️any/🧬️schema/🔺️diff/🦀️component.rs	832	`Result<u32, PackError>` is not a future
E0277	✏️s/🔌️plugins/🗄️stdio/📦️packages/🦀️rust/././././././././../../🗿️artifacts/📕️xlsx/🏅️standards/🔖️ecma-376/🪆️subsets/✳️any/🧬️schema/🔺️diff/🦀️component.rs	1533	the `?` operator can only be applied to values that implement `Try`
E0277	✏️s/🔌️plugins/🗄️stdio/📦️packages/🦀️rust/././././././././../../🗿️artifacts/🖼️tiff/🏅️standards/🔖️6.0/🪆️subsets/✳️any/🧬️schema/🔺️diff/🦀️component.rs	838	`Result<u32, PackError>` is not a future
E0277	✏️s/🔌️plugins/🗄️stdio/📦️packages/🦀️rust/././././././././../../🗿️artifacts/🖼️tiff/🏅️standards/🔖️6.0/🪆️subsets/✳️any/🧬️schema/🔺️diff/🦀️component.rs	839	`Result<u32, PackError>` is not a future
E0308	✏️s/🔌️plugins/🗄️stdio/📦️packages/🦀️rust/././././../../🗿️artifacts/🎞️pptx/🏅️standards/🔖️ecma-376/🪆️subsets/✳️any/📚️examples/🎬️demo/🦀️component.rs	14	mismatched types
E0277	✏️s/🔌️plugins/🗄️stdio/📦️packages/🦀️rust/././././././././../../🗿️artifacts/📕️xlsx/🏅️standards/🔖️ecma-376/🪆️subsets/✳️any/🧬️schema/🔺️diff/🦀️component.rs	1700	`Result<u64, PackError>` is not a future
E0277	✏️s/🔌️plugins/🗄️stdio/📦️packages/🦀️rust/././././././././../../🗿️artifacts/🖼️tiff/🏅️standards/🔖️6.0/🪆️subsets/✳️any/🧬️schema/🔺️diff/🦀️component.rs	847	`Result<u8, PackError>` is not a future
E0277	✏️s/🔌️plugins/🗄️stdio/📦️packages/🦀️rust/././././././././../../🗿️artifacts/📕️xlsx/🏅️standards/🔖️ecma-376/🪆️subsets/✳️any/🧬️schema/🔺️diff/🦀️component.rs	1700	`Result<u64, PackError>` is not a future
E0599	✏️s/🔌️plugins/🗄️stdio/📦️packages/🦀️rust/././../../🗿️artifacts/📕️xlsx/🦀️component.rs	45	no method named `schema` found for opaque type `impl Future<Output = ArtifactDeclarationBuilder<NeedsSchema>>` in the current scope
E0277	✏️s/🔌️plugins/🗄️stdio/📦️packages/🦀️rust/././././././././../../🗿️artifacts/🖼️tiff/🏅️standards/🔖️6.0/🪆️subsets/✳️any/🧬️schema/🔺️diff/🦀️component.rs	852	`Result<u16, PackError>` is not a future
E0277	✏️s/🔌️plugins/🗄️stdio/📦️packages/🦀️rust/././././././././../../🗿️artifacts/🖼️tiff/🏅️standards/🔖️6.0/🪆️subsets/✳️any/🧬️schema/🔺️diff/🦀️component.rs	856	`Result<u32, PackError>` is not a future
E0277	✏️s/🔌️plugins/🗄️stdio/📦️packages/🦀️rust/././././././././../../🗿️artifacts/📕️xlsx/🏅️standards/🔖️ecma-376/🪆️subsets/✳️any/🧬️schema/🔺️diff/🦀️component.rs	1910	`usize` is not a future
E0277	✏️s/🔌️plugins/🗄️stdio/📦️packages/🦀️rust/././././././././../../🗿️artifacts/📕️xlsx/🏅️standards/🔖️ecma-376/🪆️subsets/✳️any/🧬️schema/🔺️diff/🦀️component.rs	1911	`usize` is not a future
E0277	✏️s/🔌️plugins/🗄️stdio/📦️packages/🦀️rust/././././././././../../🗿️artifacts/🖼️tiff/🏅️standards/🔖️6.0/🪆️subsets/✳️any/🧬️schema/🔺️diff/🦀️component.rs	862	`Result<u32, PackError>` is not a future
E0277	✏️s/🔌️plugins/🗄️stdio/📦️packages/🦀️rust/././././././././../../🗿️artifacts/📕️xlsx/🏅️standards/🔖️ecma-376/🪆️subsets/✳️any/🧬️schema/🔺️diff/🦀️component.rs	1910	`usize` is not a future
E0277	✏️s/🔌️plugins/🗄️stdio/📦️packages/🦀️rust/././././././././../../🗿️artifacts/🖼️tiff/🏅️standards/🔖️6.0/🪆️subsets/✳️any/🧬️schema/🔺️diff/🦀️component.rs	863	`Result<u32, PackError>` is not a future
E0277	✏️s/🔌️plugins/🗄️stdio/📦️packages/🦀️rust/././././././././../../🗿️artifacts/📜️docx/🏅️standards/🔖️ecma-376/🪆️subsets/✳️any/🧬️schema/🔺️diff/🦀️component.rs	2315	the `?` operator can only be applied to values that implement `Try`
E0277	✏️s/🔌️plugins/🗄️stdio/📦️packages/🦀️rust/././././././././../../🗿️artifacts/🖼️tiff/🏅️standards/🔖️6.0/🪆️subsets/✳️any/🧬️schema/🔺️diff/🦀️component.rs	871	`Result<&[u8], PackError>` is not a future
E0277	✏️s/🔌️plugins/🗄️stdio/📦️packages/🦀️rust/././././././././../../🗿️artifacts/📜️docx/🏅️standards/🔖️ecma-376/🪆️subsets/✳️any/🧬️schema/🔺️diff/🦀️component.rs	2423	the `?` operator can only be applied to values that implement `Try`
E0277	✏️s/🔌️plugins/🗄️stdio/📦️packages/🦀️rust/././././././././../../🗿️artifacts/🖼️tiff/🏅️standards/🔖️6.0/🪆️subsets/✳️any/🧬️schema/🔺️diff/🦀️component.rs	875	`Result<f64, PackError>` is not a future
E0277	✏️s/🔌️plugins/🗄️stdio/📦️packages/🦀️rust/././././././././../../🗿️artifacts/📜️docx/🏅️standards/🔖️ecma-376/🪆️subsets/✳️any/🧬️schema/🔺️diff/🦀️component.rs	2442	the `?` operator can only be applied to values that implement `Try`
E0277	✏️s/🔌️plugins/🗄️stdio/📦️packages/🦀️rust/././././././././../../🗿️artifacts/🖼️tiff/🏅️standards/🔖️6.0/🪆️subsets/✳️any/🧬️schema/🔺️diff/🦀️component.rs	822	`Result<u64, PackError>` is not a future
E0277	✏️s/🔌️plugins/🗄️stdio/📦️packages/🦀️rust/././././././././../../🗿️artifacts/📜️docx/🏅️standards/🔖️ecma-376/🪆️subsets/✳️any/🧬️schema/🔺️diff/🦀️component.rs	2461	the `?` operator can only be applied to values that implement `Try`
E0277	✏️s/🔌️plugins/🗄️stdio/📦️packages/🦀️rust/././././././././../../🗿️artifacts/🖼️tiff/🏅️standards/🔖️6.0/🪆️subsets/✳️any/🧬️schema/🔺️diff/🦀️component.rs	828	`Result<u16, PackError>` is not a future
E0277	✏️s/🔌️plugins/🗄️stdio/📦️packages/🦀️rust/././././././././../../🗿️artifacts/🖼️tiff/🏅️standards/🔖️6.0/🪆️subsets/✳️any/🧬️schema/🔺️diff/🦀️component.rs	832	`Result<u32, PackError>` is not a future
E0277	✏️s/🔌️plugins/🗄️stdio/📦️packages/🦀️rust/././././././././../../🗿️artifacts/🖼️tiff/🏅️standards/🔖️6.0/🪆️subsets/✳️any/🧬️schema/🔺️diff/🦀️component.rs	847	`Result<u8, PackError>` is not a future
E0277	✏️s/🔌️plugins/🗄️stdio/📦️packages/🦀️rust/././././././././../../🗿️artifacts/📜️docx/🏅️standards/🔖️ecma-376/🪆️subsets/✳️any/🧬️schema/🔺️diff/🦀️component.rs	2485	the `?` operator can only be applied to values that implement `Try`
E0277	✏️s/🔌️plugins/🗄️stdio/📦️packages/🦀️rust/././././././././../../🗿️artifacts/🖼️tiff/🏅️standards/🔖️6.0/🪆️subsets/✳️any/🧬️schema/🔺️diff/🦀️component.rs	871	`Result<&[u8], PackError>` is not a future
E0277	✏️s/🔌️plugins/🗄️stdio/📦️packages/🦀️rust/././././././././../../🗿️artifacts/🖼️tiff/🏅️standards/🔖️6.0/🪆️subsets/✳️any/🧬️schema/🔺️diff/🦀️component.rs	875	`Result<f64, PackError>` is not a future
E0308	✏️s/🔌️plugins/🗄️stdio/📦️packages/🦀️rust/./././././././../../🗿️artifacts/🎞️gif/🏅️standards/🔖️89a/🪆️subsets/✳️any/🚪️io/🦀️component.rs	416	mismatched types
E0308	✏️s/🔌️plugins/🗄️stdio/📦️packages/🦀️rust/././././../../🗿️artifacts/🎞️gif/🏅️standards/🔖️87a/🪆️subsets/✳️any/📚️examples/🎬️demo/🦀️component.rs	14	mismatched types
E0308	✏️s/🔌️plugins/🗄️stdio/📦️packages/🦀️rust/././././../../🗿️artifacts/🎞️gif/🏅️standards/🔖️87a/🪆️subsets/✳️any/📚️examples/💃️dancing/🦀️component.rs	31	mismatched types
E0308	✏️s/🔌️plugins/🗄️stdio/📦️packages/🦀️rust/./././././././../../🗿️artifacts/🖼️bmp/🏅️standards/🔖️v3/🪆️subsets/✳️any/🚪️io/🦀️component.rs	402	mismatched types
E0308	✏️s/🔌️plugins/🗄️stdio/📦️packages/🦀️rust/././././../../🗿️artifacts/🖼️bmp/🏅️standards/🔖️v3/🪆️subsets/✳️any/📚️examples/🎬️demo/🦀️component.rs	14	mismatched types
E0599	✏️s/🔌️plugins/🗄️stdio/📦️packages/🦀️rust/././../../🗿️artifacts/🖼️tiff/🦀️component.rs	73	no method named `schema` found for opaque type `impl Future<Output = ArtifactDeclarationBuilder<NeedsSchema>>` in the current scope
E0599	✏️s/🔌️plugins/🗄️stdio/📦️packages/🦀️rust/././../../🗿️artifacts/🖊️dwg/🦀️component.rs	69	no method named `schema` found for opaque type `impl Future<Output = ArtifactDeclarationBuilder<NeedsSchema>>` in the current scope
E0308	✏️s/🔌️plugins/🗄️stdio/📦️packages/🦀️rust/././././././././../../🗿️artifacts/🖼️tiff/🏅️standards/🔖️6.0/🪆️subsets/✳️any/📚️examples/🎬️demo/🦀️component.rs	16	mismatched types
E0277	✏️s/🔌️plugins/🗄️stdio/📦️packages/🦀️rust/././././././././../../🗿️artifacts/📜️docx/🏅️standards/🔖️ecma-376/🪆️subsets/✳️any/🧬️schema/🔺️diff/🦀️component.rs	3048	`usize` is not a future
E0277	✏️s/🔌️plugins/🗄️stdio/📦️packages/🦀️rust/././././././././../../🗿️artifacts/📜️docx/🏅️standards/🔖️ecma-376/🪆️subsets/✳️any/🧬️schema/🔺️diff/🦀️component.rs	3049	`usize` is not a future
E0308	✏️s/🔌️plugins/🗄️stdio/📦️packages/🦀️rust/././././././././../../🗿️artifacts/📜️docx/🏅️standards/🔖️ecma-376/🪆️subsets/✳️any/🧬️schema/🔺️diff/🦀️component.rs	297	mismatched types
E0277	✏️s/🔌️plugins/🗄️stdio/📦️packages/🦀️rust/././././././././../../🗿️artifacts/📜️docx/🏅️standards/🔖️ecma-376/🪆️subsets/✳️any/🧬️schema/🔺️diff/🦀️component.rs	3048	`usize` is not a future
E0277	✏️s/🔌️plugins/🗄️stdio/📦️packages/🦀️rust/././././././././../../🗿️artifacts/🖼️tiff/🏅️standards/🔖️6.0/🪆️subsets/✳️any/🧬️schema/🔺️diff/🦀️component.rs	1154	`usize` is not a future
E0277	✏️s/🔌️plugins/🗄️stdio/📦️packages/🦀️rust/././././././././../../🗿️artifacts/🖼️tiff/🏅️standards/🔖️6.0/🪆️subsets/✳️any/🧬️schema/🔺️diff/🦀️component.rs	1159	`usize` is not a future
E0277	✏️s/🔌️plugins/🗄️stdio/📦️packages/🦀️rust/././././././././../../🗿️artifacts/🖼️tiff/🏅️standards/🔖️6.0/🪆️subsets/✳️any/🧬️schema/🔺️diff/🦀️component.rs	1160	`usize` is not a future
E0308	✏️s/🔌️plugins/🗄️stdio/📦️packages/🦀️rust/././././././././../../🗿️artifacts/📜️docx/🏅️standards/🔖️ecma-376/🪆️subsets/✳️any/🧬️schema/🔺️diff/🦀️component.rs	321	mismatched types
E0277	✏️s/🔌️plugins/🗄️stdio/📦️packages/🦀️rust/././././././././../../🗿️artifacts/🖼️tiff/🏅️standards/🔖️6.0/🪆️subsets/✳️any/🧬️schema/🔺️diff/🦀️component.rs	1154	`usize` is not a future
E0277	✏️s/🔌️plugins/🗄️stdio/📦️packages/🦀️rust/././././././././../../🗿️artifacts/📜️docx/🏅️standards/🔖️ecma-376/🪆️subsets/✳️any/🧬️schema/🔺️diff/🦀️component.rs	390	`MutationApplyError` is not a future
E0599	✏️s/🔌️plugins/🗄️stdio/📦️packages/🦀️rust/./././././././../../🗿️artifacts/🖼️tiff/🏅️standards/🔖️6.0/🪆️subsets/✳️any/🧬️schema/🦀️component.rs	286	no method named `expect` found for opaque type `impl Future<Output = Result<Vec<u8>, std::string::String>>` in the current scope
E0277	✏️s/🔌️plugins/🗄️stdio/📦️packages/🦀️rust/././././././././../../🗿️artifacts/📜️docx/🏅️standards/🔖️ecma-376/🪆️subsets/✳️any/🧬️schema/🔺️diff/🦀️component.rs	390	`MutationApplyError` is not a future
E0308	✏️s/🔌️plugins/🗄️stdio/📦️packages/🦀️rust/./././././././../../🗿️artifacts/🎞️gif/🏅️standards/🔖️87a/🪆️subsets/✳️any/🚪️io/🦀️component.rs	676	mismatched types
E0599	✏️s/🔌️plugins/🗄️stdio/📦️packages/🦀️rust/./././././././../../🗿️artifacts/🖼️tiff/🏅️standards/🔖️6.0/🪆️subsets/✳️any/🧬️schema/🦀️component.rs	287	no method named `expect` found for opaque type `impl Future<Output = Result<TiffSnapshot, String>>` in the current scope
E0277	✏️s/🔌️plugins/🗄️stdio/📦️packages/🦀️rust/././././././././../../🗿️artifacts/📜️docx/🏅️standards/🔖️ecma-376/🪆️subsets/✳️any/🧬️schema/🔺️diff/🦀️component.rs	623	`MutationApplyError` is not a future
E0277	✏️s/🔌️plugins/🗄️stdio/📦️packages/🦀️rust/././././././././../../🗿️artifacts/📜️docx/🏅️standards/🔖️ecma-376/🪆️subsets/✳️any/🧬️schema/🔺️diff/🦀️component.rs	623	`MutationApplyError` is not a future
E0277	✏️s/🔌️plugins/🗄️stdio/📦️packages/🦀️rust/././././././././../../🗿️artifacts/🖼️tiff/🏅️standards/🔖️6.0/🪆️subsets/✳️any/🧬️schema/🧬️mutations/🦀️component.rs	281	`usize` is not a future
E0277	✏️s/🔌️plugins/🗄️stdio/📦️packages/🦀️rust/././././././././../../🗿️artifacts/🖼️tiff/🏅️standards/🔖️6.0/🪆️subsets/✳️any/🧬️schema/🧬️mutations/🦀️component.rs	285	`usize` is not a future
E0277	✏️s/🔌️plugins/🗄️stdio/📦️packages/🦀️rust/././././././././../../🗿️artifacts/🖼️tiff/🏅️standards/🔖️6.0/🪆️subsets/✳️any/🧬️schema/🧬️mutations/🦀️component.rs	289	`usize` is not a future
E0277	✏️s/🔌️plugins/🗄️stdio/📦️packages/🦀️rust/././././././././../../🗿️artifacts/🖼️tiff/🏅️standards/🔖️6.0/🪆️subsets/✳️any/🧬️schema/🧬️mutations/🦀️component.rs	290	`usize` is not a future
E0277	✏️s/🔌️plugins/🗄️stdio/📦️packages/🦀️rust/././././././././../../🗿️artifacts/🖼️tiff/🏅️standards/🔖️6.0/🪆️subsets/✳️any/🧬️schema/🧬️mutations/🦀️component.rs	294	`usize` is not a future
E0277	✏️s/🔌️plugins/🗄️stdio/📦️packages/🦀️rust/././././././././../../🗿️artifacts/🖼️tiff/🏅️standards/🔖️6.0/🪆️subsets/✳️any/🧬️schema/🧬️mutations/🦀️component.rs	298	`usize` is not a future
E0277	✏️s/🔌️plugins/🗄️stdio/📦️packages/🦀️rust/././././././././../../🗿️artifacts/🖼️tiff/🏅️standards/🔖️6.0/🪆️subsets/✳️any/🧬️schema/🧬️mutations/🦀️component.rs	299	`usize` is not a future
E0277	✏️s/🔌️plugins/🗄️stdio/📦️packages/🦀️rust/././././././././../../🗿️artifacts/🖼️tiff/🏅️standards/🔖️6.0/🪆️subsets/✳️any/🧬️schema/🧬️mutations/🦀️component.rs	300	`usize` is not a future
E0277	✏️s/🔌️plugins/🗄️stdio/📦️packages/🦀️rust/././././././././../../🗿️artifacts/🖼️tiff/🏅️standards/🔖️6.0/🪆️subsets/✳️any/🧬️schema/🧬️mutations/🦀️component.rs	300	`usize` is not a future
E0277	✏️s/🔌️plugins/🗄️stdio/📦️packages/🦀️rust/././././././././../../🗿️artifacts/🖼️tiff/🏅️standards/🔖️6.0/🪆️subsets/✳️any/🧬️schema/🧬️mutations/🦀️component.rs	301	`usize` is not a future
E0277	✏️s/🔌️plugins/🗄️stdio/📦️packages/🦀️rust/././././././././../../🗿️artifacts/🖼️tiff/🏅️standards/🔖️6.0/🪆️subsets/✳️any/🧬️schema/🧬️mutations/🦀️component.rs	305	`usize` is not a future
E0277	✏️s/🔌️plugins/🗄️stdio/📦️packages/🦀️rust/././././././././../../🗿️artifacts/🖼️tiff/🏅️standards/🔖️6.0/🪆️subsets/✳️any/🧬️schema/🧬️mutations/🦀️component.rs	306	`usize` is not a future
E0277	✏️s/🔌️plugins/🗄️stdio/📦️packages/🦀️rust/././././././././../../🗿️artifacts/🖼️tiff/🏅️standards/🔖️6.0/🪆️subsets/✳️any/🧬️schema/🧬️mutations/🦀️component.rs	310	`usize` is not a future
E0277	✏️s/🔌️plugins/🗄️stdio/📦️packages/🦀️rust/././././././././../../🗿️artifacts/🖼️tiff/🏅️standards/🔖️6.0/🪆️subsets/✳️any/🧬️schema/🧬️mutations/🦀️component.rs	281	`usize` is not a future
E0277	✏️s/🔌️plugins/🗄️stdio/📦️packages/🦀️rust/././././././././../../🗿️artifacts/📷️jpg/🏅️standards/🔖️jfif-1.01/🪆️subsets/✳️any/🧬️schema/🔺️diff/🦀️component.rs	1919	`Result<u8, PackError>` is not a future
E0277	✏️s/🔌️plugins/🗄️stdio/📦️packages/🦀️rust/././././././././../../🗿️artifacts/📷️jpg/🏅️standards/🔖️jfif-1.01/🪆️subsets/✳️any/🧬️schema/🔺️diff/🦀️component.rs	1920	`Result<u8, PackError>` is not a future
E0277	✏️s/🔌️plugins/🗄️stdio/📦️packages/🦀️rust/././././././././../../🗿️artifacts/📷️jpg/🏅️standards/🔖️jfif-1.01/🪆️subsets/✳️any/🧬️schema/🔺️diff/🦀️component.rs	1921	`Result<u8, PackError>` is not a future
E0277	✏️s/🔌️plugins/🗄️stdio/📦️packages/🦀️rust/././././././././../../🗿️artifacts/📷️jpg/🏅️standards/🔖️jfif-1.01/🪆️subsets/✳️any/🧬️schema/🔺️diff/🦀️component.rs	1919	`Result<u8, PackError>` is not a future
E0599	✏️s/🔌️plugins/🗄️stdio/📦️packages/🦀️rust/./././././././././././././../../🗿️artifacts/🖼️tiff/🏅️standards/🔖️6.0/🪆️subsets/✳️any/🚪️io/📥️import/🧩️deserializers/🗿️artifacts/💾️binary/🔖️raw/✳️any/🦀️component.rs	11	no method named `map_err` found for opaque type `impl Future<Output = Result<TiffSnapshot, String>>` in the current scope
E0277	✏️s/🔌️plugins/🗄️stdio/📦️packages/🦀️rust/././././././././../../🗿️artifacts/📷️jpg/🏅️standards/🔖️jfif-1.01/🪆️subsets/✳️any/🧬️schema/🔺️diff/🦀️component.rs	1975	`Result<u8, PackError>` is not a future
E0277	✏️s/🔌️plugins/🗄️stdio/📦️packages/🦀️rust/././././././././../../🗿️artifacts/📷️jpg/🏅️standards/🔖️jfif-1.01/🪆️subsets/✳️any/🧬️schema/🔺️diff/🦀️component.rs	1979	`Result<u16, PackError>` is not a future
E0277	✏️s/🔌️plugins/🗄️stdio/📦️packages/🦀️rust/././././././././../../🗿️artifacts/📷️jpg/🏅️standards/🔖️jfif-1.01/🪆️subsets/✳️any/🧬️schema/🔺️diff/🦀️component.rs	1975	`Result<u8, PackError>` is not a future
E0277	✏️s/🔌️plugins/🗄️stdio/📦️packages/🦀️rust/././././././././../../🗿️artifacts/📷️jpg/🏅️standards/🔖️jfif-1.01/🪆️subsets/✳️any/🧬️schema/🔺️diff/🦀️component.rs	1979	`Result<u16, PackError>` is not a future
E0599	✏️s/🔌️plugins/🗄️stdio/📦️packages/🦀️rust/./././././././././././././../../🗿️artifacts/🖼️tiff/🏅️standards/🔖️6.0/🪆️subsets/✳️any/🚪️io/📤️export/🧵️serializers/🗿️artifacts/💾️binary/🔖️raw/✳️any/🦀️component.rs	11	no method named `map_err` found for opaque type `impl Future<Output = Result<Vec<u8>, std::string::String>>` in the current scope
E0277	✏️s/🔌️plugins/🗄️stdio/📦️packages/🦀️rust/././././././././../../🗿️artifacts/🎞️gif/🏅️standards/🔖️89a/🪆️subsets/✳️any/🧬️schema/🔺️diff/🦀️component.rs	1455	`ByteWriter` is not a future
E0277	✏️s/🔌️plugins/🗄️stdio/📦️packages/🦀️rust/././././././././../../🗿️artifacts/🎞️gif/🏅️standards/🔖️89a/🪆️subsets/✳️any/🧬️schema/🔺️diff/🦀️component.rs	1455	`ByteWriter` is not a future
E0277	✏️s/🔌️plugins/🗄️stdio/📦️packages/🦀️rust/././././././././../../🗿️artifacts/🎞️gif/🏅️standards/🔖️89a/🪆️subsets/✳️any/🧬️schema/🔺️diff/🦀️component.rs	1469	`dsl::ByteReader<'_>` is not a future
E0277	✏️s/🔌️plugins/🗄️stdio/📦️packages/🦀️rust/././././././././../../🗿️artifacts/📷️jpg/🏅️standards/🔖️jfif-1.01/🪆️subsets/✳️any/🧬️schema/🔺️diff/🦀️component.rs	2033	`Result<&[u8], PackError>` is not a future
E0277	✏️s/🔌️plugins/🗄️stdio/📦️packages/🦀️rust/././././././././../../🗿️artifacts/🎞️gif/🏅️standards/🔖️89a/🪆️subsets/✳️any/🧬️schema/🔺️diff/🦀️component.rs	1469	`dsl::ByteReader<'_>` is not a future
E0277	✏️s/🔌️plugins/🗄️stdio/📦️packages/🦀️rust/././././././././../../🗿️artifacts/🎞️gif/🏅️standards/🔖️89a/🪆️subsets/✳️any/🧬️schema/🔺️diff/🦀️component.rs	1485	`ByteWriter` is not a future
E0277	✏️s/🔌️plugins/🗄️stdio/📦️packages/🦀️rust/././././././././../../🗿️artifacts/📷️jpg/🏅️standards/🔖️jfif-1.01/🪆️subsets/✳️any/🧬️schema/🔺️diff/🦀️component.rs	2033	`Result<&[u8], PackError>` is not a future
E0277	✏️s/🔌️plugins/🗄️stdio/📦️packages/🦀️rust/././././././././../../🗿️artifacts/🎞️gif/🏅️standards/🔖️89a/🪆️subsets/✳️any/🧬️schema/🔺️diff/🦀️component.rs	1485	`ByteWriter` is not a future
E0277	✏️s/🔌️plugins/🗄️stdio/📦️packages/🦀️rust/././././././././../../🗿️artifacts/🎞️gif/🏅️standards/🔖️89a/🪆️subsets/✳️any/🧬️schema/🔺️diff/🦀️component.rs	1499	`dsl::ByteReader<'_>` is not a future
E0308	✏️s/🔌️plugins/🗄️stdio/📦️packages/🦀️rust/././././././././../../🗿️artifacts/🖼️tiff/🏅️standards/🔖️6.0/🪆️subsets/✳️any/📚️examples/🎬️demo/🦀️component.rs	16	mismatched types
E0277	✏️s/🔌️plugins/🗄️stdio/📦️packages/🦀️rust/././././././././../../🗿️artifacts/🎞️gif/🏅️standards/🔖️89a/🪆️subsets/✳️any/🧬️schema/🔺️diff/🦀️component.rs	1499	`dsl::ByteReader<'_>` is not a future
E0277	✏️s/🔌️plugins/🗄️stdio/📦️packages/🦀️rust/././././././././../../🗿️artifacts/🎞️gif/🏅️standards/🔖️89a/🪆️subsets/✳️any/🧬️schema/🔺️diff/🦀️component.rs	1515	`ByteWriter` is not a future
E0277	✏️s/🔌️plugins/🗄️stdio/📦️packages/🦀️rust/././././././././../../🗿️artifacts/📷️jpg/🏅️standards/🔖️jfif-1.01/🪆️subsets/✳️any/🧬️schema/🔺️diff/🦀️component.rs	2085	`Result<u8, PackError>` is not a future
E0277	✏️s/🔌️plugins/🗄️stdio/📦️packages/🦀️rust/././././././././../../🗿️artifacts/🎞️gif/🏅️standards/🔖️89a/🪆️subsets/✳️any/🧬️schema/🔺️diff/🦀️component.rs	1515	`ByteWriter` is not a future
E0599	✏️s/🔌️plugins/🗄️stdio/📦️packages/🦀️rust/././././././././../../🗿️artifacts/🖼️tiff/🏅️standards/🔖️6.0/🪆️subsets/✳️any/🧬️schema/📸️snapshot/🦀️component.rs	288	no method named `map_err` found for opaque type `impl Future<Output = Result<TiffSnapshot, String>>` in the current scope
E0277	✏️s/🔌️plugins/🗄️stdio/📦️packages/🦀️rust/././././././././../../🗿️artifacts/🎞️gif/🏅️standards/🔖️89a/🪆️subsets/✳️any/🧬️schema/🔺️diff/🦀️component.rs	1529	`dsl::ByteReader<'_>` is not a future
E0277	✏️s/🔌️plugins/🗄️stdio/📦️packages/🦀️rust/././././././././../../🗿️artifacts/📷️jpg/🏅️standards/🔖️jfif-1.01/🪆️subsets/✳️any/🧬️schema/🔺️diff/🦀️component.rs	2085	`Result<u8, PackError>` is not a future
E0277	✏️s/🔌️plugins/🗄️stdio/📦️packages/🦀️rust/././././././././../../🗿️artifacts/🎞️gif/🏅️standards/🔖️89a/🪆️subsets/✳️any/🧬️schema/🔺️diff/🦀️component.rs	1529	`dsl::ByteReader<'_>` is not a future
E0277	✏️s/🔌️plugins/🗄️stdio/📦️packages/🦀️rust/././././././././../../🗿️artifacts/📷️jpg/🏅️standards/🔖️jfif-1.01/🪆️subsets/✳️any/🧬️schema/🔺️diff/🦀️component.rs	2160	`Result<u8, PackError>` is not a future
E0277	✏️s/🔌️plugins/🗄️stdio/📦️packages/🦀️rust/././././././././../../🗿️artifacts/🎞️gif/🏅️standards/🔖️89a/🪆️subsets/✳️any/🧬️schema/🔺️diff/🦀️component.rs	1628	`ByteWriter` is not a future
E0277	✏️s/🔌️plugins/🗄️stdio/📦️packages/🦀️rust/././././././././../../🗿️artifacts/🎞️gif/🏅️standards/🔖️89a/🪆️subsets/✳️any/🧬️schema/🔺️diff/🦀️component.rs	1630	`Vec<u8>` is not a future
E0277	✏️s/🔌️plugins/🗄️stdio/📦️packages/🦀️rust/././././././././../../🗿️artifacts/📷️jpg/🏅️standards/🔖️jfif-1.01/🪆️subsets/✳️any/🧬️schema/🔺️diff/🦀️component.rs	2161	`Result<u64, PackError>` is not a future
E0277	✏️s/🔌️plugins/🗄️stdio/📦️packages/🦀️rust/././././././././../../🗿️artifacts/🎞️gif/🏅️standards/🔖️89a/🪆️subsets/✳️any/🧬️schema/🔺️diff/🦀️component.rs	1628	`ByteWriter` is not a future
E0277	✏️s/🔌️plugins/🗄️stdio/📦️packages/🦀️rust/././././././././../../🗿️artifacts/🎞️gif/🏅️standards/🔖️89a/🪆️subsets/✳️any/🧬️schema/🔺️diff/🦀️component.rs	1630	`Vec<u8>` is not a future
E0277	✏️s/🔌️plugins/🗄️stdio/📦️packages/🦀️rust/././././././././../../🗿️artifacts/📷️jpg/🏅️standards/🔖️jfif-1.01/🪆️subsets/✳️any/🧬️schema/🔺️diff/🦀️component.rs	2162	`Result<u64, PackError>` is not a future
E0599	✏️s/🔌️plugins/🗄️stdio/📦️packages/🦀️rust/././../../🗿️artifacts/📜️docx/🦀️component.rs	45	no method named `schema` found for opaque type `impl Future<Output = ArtifactDeclarationBuilder<NeedsSchema>>` in the current scope
E0277	✏️s/🔌️plugins/🗄️stdio/📦️packages/🦀️rust/././././././././../../🗿️artifacts/🎞️gif/🏅️standards/🔖️89a/🪆️subsets/✳️any/🧬️schema/🔺️diff/🦀️component.rs	1641	`dsl::ByteReader<'_>` is not a future
E0277	✏️s/🔌️plugins/🗄️stdio/📦️packages/🦀️rust/././././././././../../🗿️artifacts/🎞️gif/🏅️standards/🔖️89a/🪆️subsets/✳️any/🧬️schema/🔺️diff/🦀️component.rs	1646	`dsl::ByteReader<'_>` is not a future
E0277	✏️s/🔌️plugins/🗄️stdio/📦️packages/🦀️rust/././././././././../../🗿️artifacts/📷️jpg/🏅️standards/🔖️jfif-1.01/🪆️subsets/✳️any/🧬️schema/🔺️diff/🦀️component.rs	2160	`Result<u8, PackError>` is not a future
E0599	✏️s/🔌️plugins/🗄️stdio/📦️packages/🦀️rust/././././././././../../🗿️artifacts/🖼️tiff/🏅️standards/🔖️6.0/🪆️subsets/✳️any/🧬️schema/📸️snapshot/🦀️component.rs	292	no method named `unwrap_or_default` found for opaque type `impl Future<Output = Result<Vec<u8>, std::string::String>>` in the current scope
E0277	✏️s/🔌️plugins/🗄️stdio/📦️packages/🦀️rust/././././././././../../🗿️artifacts/📷️jpg/🏅️standards/🔖️jfif-1.01/🪆️subsets/✳️any/🧬️schema/🔺️diff/🦀️component.rs	2161	`Result<u64, PackError>` is not a future
E0277	✏️s/🔌️plugins/🗄️stdio/📦️packages/🦀️rust/././././././././../../🗿️artifacts/🎞️gif/🏅️standards/🔖️89a/🪆️subsets/✳️any/🧬️schema/🔺️diff/🦀️component.rs	1641	`dsl::ByteReader<'_>` is not a future
E0277	✏️s/🔌️plugins/🗄️stdio/📦️packages/🦀️rust/././././././././../../🗿️artifacts/🎞️gif/🏅️standards/🔖️89a/🪆️subsets/✳️any/🧬️schema/🔺️diff/🦀️component.rs	1646	`dsl::ByteReader<'_>` is not a future
E0277	✏️s/🔌️plugins/🗄️stdio/📦️packages/🦀️rust/././././././././../../🗿️artifacts/📜️docx/🏅️standards/🔖️ecma-376/🪆️subsets/✳️any/🧬️schema/🧬️mutations/🦀️component.rs	610	`usize` is not a future
E0277	✏️s/🔌️plugins/🗄️stdio/📦️packages/🦀️rust/././././././././../../🗿️artifacts/📜️docx/🏅️standards/🔖️ecma-376/🪆️subsets/✳️any/🧬️schema/🧬️mutations/🦀️component.rs	614	`usize` is not a future
E0277	✏️s/🔌️plugins/🗄️stdio/📦️packages/🦀️rust/././././././././../../🗿️artifacts/📜️docx/🏅️standards/🔖️ecma-376/🪆️subsets/✳️any/🧬️schema/🧬️mutations/🦀️component.rs	615	`usize` is not a future
E0277	✏️s/🔌️plugins/🗄️stdio/📦️packages/🦀️rust/././././././././../../🗿️artifacts/📜️docx/🏅️standards/🔖️ecma-376/🪆️subsets/✳️any/🧬️schema/🧬️mutations/🦀️component.rs	619	`usize` is not a future
E0277	✏️s/🔌️plugins/🗄️stdio/📦️packages/🦀️rust/././././././././../../🗿️artifacts/📜️docx/🏅️standards/🔖️ecma-376/🪆️subsets/✳️any/🧬️schema/🧬️mutations/🦀️component.rs	623	`usize` is not a future
E0277	✏️s/🔌️plugins/🗄️stdio/📦️packages/🦀️rust/././././././././../../🗿️artifacts/📜️docx/🏅️standards/🔖️ecma-376/🪆️subsets/✳️any/🧬️schema/🧬️mutations/🦀️component.rs	624	`usize` is not a future
E0277	✏️s/🔌️plugins/🗄️stdio/📦️packages/🦀️rust/././././././././../../🗿️artifacts/📜️docx/🏅️standards/🔖️ecma-376/🪆️subsets/✳️any/🧬️schema/🧬️mutations/🦀️component.rs	628	`usize` is not a future
E0277	✏️s/🔌️plugins/🗄️stdio/📦️packages/🦀️rust/././././././././../../🗿️artifacts/📜️docx/🏅️standards/🔖️ecma-376/🪆️subsets/✳️any/🧬️schema/🧬️mutations/🦀️component.rs	629	`usize` is not a future
E0277	✏️s/🔌️plugins/🗄️stdio/📦️packages/🦀️rust/././././././././../../🗿️artifacts/📜️docx/🏅️standards/🔖️ecma-376/🪆️subsets/✳️any/🧬️schema/🧬️mutations/🦀️component.rs	630	`usize` is not a future
E0277	✏️s/🔌️plugins/🗄️stdio/📦️packages/🦀️rust/././././././././../../🗿️artifacts/📜️docx/🏅️standards/🔖️ecma-376/🪆️subsets/✳️any/🧬️schema/🧬️mutations/🦀️component.rs	634	`usize` is not a future
E0277	✏️s/🔌️plugins/🗄️stdio/📦️packages/🦀️rust/././././././././../../🗿️artifacts/📜️docx/🏅️standards/🔖️ecma-376/🪆️subsets/✳️any/🧬️schema/🧬️mutations/🦀️component.rs	635	`usize` is not a future
E0308	✏️s/🔌️plugins/🗄️stdio/📦️packages/🦀️rust/./././././././../../🗿️artifacts/📜️docx/🏅️standards/🔖️ecma-376/🪆️subsets/✳️any/🧬️schema/🦀️component.rs	29	mismatched types
E0277	✏️s/🔌️plugins/🗄️stdio/📦️packages/🦀️rust/././././././././../../🗿️artifacts/📜️docx/🏅️standards/🔖️ecma-376/🪆️subsets/✳️any/🧬️schema/🧬️mutations/🦀️component.rs	636	`usize` is not a future
E0277	✏️s/🔌️plugins/🗄️stdio/📦️packages/🦀️rust/././././././././../../🗿️artifacts/📜️docx/🏅️standards/🔖️ecma-376/🪆️subsets/✳️any/🧬️schema/🧬️mutations/🦀️component.rs	637	`usize` is not a future
E0277	✏️s/🔌️plugins/🗄️stdio/📦️packages/🦀️rust/././././././././../../🗿️artifacts/📜️docx/🏅️standards/🔖️ecma-376/🪆️subsets/✳️any/🧬️schema/🧬️mutations/🦀️component.rs	638	`usize` is not a future
E0277	✏️s/🔌️plugins/🗄️stdio/📦️packages/🦀️rust/././././././././../../🗿️artifacts/📜️docx/🏅️standards/🔖️ecma-376/🪆️subsets/✳️any/🧬️schema/🧬️mutations/🦀️component.rs	642	`usize` is not a future
E0277	✏️s/🔌️plugins/🗄️stdio/📦️packages/🦀️rust/././././././././../../🗿️artifacts/📜️docx/🏅️standards/🔖️ecma-376/🪆️subsets/✳️any/🧬️schema/🧬️mutations/🦀️component.rs	646	`usize` is not a future
E0277	✏️s/🔌️plugins/🗄️stdio/📦️packages/🦀️rust/././././././././../../🗿️artifacts/📜️docx/🏅️standards/🔖️ecma-376/🪆️subsets/✳️any/🧬️schema/🧬️mutations/🦀️component.rs	650	`usize` is not a future
E0277	✏️s/🔌️plugins/🗄️stdio/📦️packages/🦀️rust/././././././././../../🗿️artifacts/📜️docx/🏅️standards/🔖️ecma-376/🪆️subsets/✳️any/🧬️schema/🧬️mutations/🦀️component.rs	651	`usize` is not a future
E0277	✏️s/🔌️plugins/🗄️stdio/📦️packages/🦀️rust/././././././././../../🗿️artifacts/📷️jpg/🏅️standards/🔖️jfif-1.01/🪆️subsets/✳️any/🧬️schema/🔺️diff/🦀️component.rs	2398	`usize` is not a future
E0277	✏️s/🔌️plugins/🗄️stdio/📦️packages/🦀️rust/././././././././../../🗿️artifacts/📜️docx/🏅️standards/🔖️ecma-376/🪆️subsets/✳️any/🧬️schema/🧬️mutations/🦀️component.rs	655	`usize` is not a future
E0277	✏️s/🔌️plugins/🗄️stdio/📦️packages/🦀️rust/././././././././../../🗿️artifacts/📷️jpg/🏅️standards/🔖️jfif-1.01/🪆️subsets/✳️any/🧬️schema/🔺️diff/🦀️component.rs	2399	`usize` is not a future
E0277	✏️s/🔌️plugins/🗄️stdio/📦️packages/🦀️rust/././././././././../../🗿️artifacts/📷️jpg/🏅️standards/🔖️jfif-1.01/🪆️subsets/✳️any/🧬️schema/🔺️diff/🦀️component.rs	2400	`usize` is not a future
E0277	✏️s/🔌️plugins/🗄️stdio/📦️packages/🦀️rust/././././././././../../🗿️artifacts/📜️docx/🏅️standards/🔖️ecma-376/🪆️subsets/✳️any/🧬️schema/🧬️mutations/🦀️component.rs	656	`usize` is not a future
E0277	✏️s/🔌️plugins/🗄️stdio/📦️packages/🦀️rust/././././././././../../🗿️artifacts/📜️docx/🏅️standards/🔖️ecma-376/🪆️subsets/✳️any/🧬️schema/🧬️mutations/🦀️component.rs	657	`usize` is not a future
E0599	✏️s/🔌️plugins/🗄️stdio/📦️packages/🦀️rust/././././././././../../🗿️artifacts/🖼️tiff/🏅️standards/🔖️6.0/🪆️subsets/✳️any/🧬️schema/📸️snapshot/🦀️component.rs	302	no method named `map_err` found for opaque type `impl Future<Output = Result<Vec<u8>, std::string::String>>` in the current scope
E0277	✏️s/🔌️plugins/🗄️stdio/📦️packages/🦀️rust/././././././././../../🗿️artifacts/📷️jpg/🏅️standards/🔖️jfif-1.01/🪆️subsets/✳️any/🧬️schema/🔺️diff/🦀️component.rs	2401	`Result<u8, PackError>` is not a future
E0277	✏️s/🔌️plugins/🗄️stdio/📦️packages/🦀️rust/././././././././../../🗿️artifacts/📜️docx/🏅️standards/🔖️ecma-376/🪆️subsets/✳️any/🧬️schema/🧬️mutations/🦀️component.rs	661	`usize` is not a future
E0277	✏️s/🔌️plugins/🗄️stdio/📦️packages/🦀️rust/././././././././../../🗿️artifacts/📷️jpg/🏅️standards/🔖️jfif-1.01/🪆️subsets/✳️any/🧬️schema/🔺️diff/🦀️component.rs	2401	`usize` is not a future
E0277	✏️s/🔌️plugins/🗄️stdio/📦️packages/🦀️rust/././././././././../../🗿️artifacts/📜️docx/🏅️standards/🔖️ecma-376/🪆️subsets/✳️any/🧬️schema/🧬️mutations/🦀️component.rs	662	`usize` is not a future
E0277	✏️s/🔌️plugins/🗄️stdio/📦️packages/🦀️rust/././././././././../../🗿️artifacts/📷️jpg/🏅️standards/🔖️jfif-1.01/🪆️subsets/✳️any/🧬️schema/🔺️diff/🦀️component.rs	2402	`usize` is not a future
E0277	✏️s/🔌️plugins/🗄️stdio/📦️packages/🦀️rust/././././././././../../🗿️artifacts/📜️docx/🏅️standards/🔖️ecma-376/🪆️subsets/✳️any/🧬️schema/🧬️mutations/🦀️component.rs	663	`usize` is not a future
E0277	✏️s/🔌️plugins/🗄️stdio/📦️packages/🦀️rust/././././././././../../🗿️artifacts/📷️jpg/🏅️standards/🔖️jfif-1.01/🪆️subsets/✳️any/🧬️schema/🔺️diff/🦀️component.rs	2403	`usize` is not a future
E0277	✏️s/🔌️plugins/🗄️stdio/📦️packages/🦀️rust/././././././././../../🗿️artifacts/📜️docx/🏅️standards/🔖️ecma-376/🪆️subsets/✳️any/🧬️schema/🧬️mutations/🦀️component.rs	667	`usize` is not a future
E0277	✏️s/🔌️plugins/🗄️stdio/📦️packages/🦀️rust/././././././././../../🗿️artifacts/📷️jpg/🏅️standards/🔖️jfif-1.01/🪆️subsets/✳️any/🧬️schema/🔺️diff/🦀️component.rs	2404	`usize` is not a future
E0277	✏️s/🔌️plugins/🗄️stdio/📦️packages/🦀️rust/././././././././../../🗿️artifacts/📷️jpg/🏅️standards/🔖️jfif-1.01/🪆️subsets/✳️any/🧬️schema/🔺️diff/🦀️component.rs	2405	`usize` is not a future
E0277	✏️s/🔌️plugins/🗄️stdio/📦️packages/🦀️rust/././././././././../../🗿️artifacts/📷️jpg/🏅️standards/🔖️jfif-1.01/🪆️subsets/✳️any/🧬️schema/🔺️diff/🦀️component.rs	2406	`usize` is not a future
E0277	✏️s/🔌️plugins/🗄️stdio/📦️packages/🦀️rust/././././././././../../🗿️artifacts/📜️docx/🏅️standards/🔖️ecma-376/🪆️subsets/✳️any/🧬️schema/🧬️mutations/🦀️component.rs	610	`usize` is not a future
E0277	✏️s/🔌️plugins/🗄️stdio/📦️packages/🦀️rust/././././././././../../🗿️artifacts/📷️jpg/🏅️standards/🔖️jfif-1.01/🪆️subsets/✳️any/🧬️schema/🔺️diff/🦀️component.rs	2407	`usize` is not a future
E0277	✏️s/🔌️plugins/🗄️stdio/📦️packages/🦀️rust/././././././././../../🗿️artifacts/📷️jpg/🏅️standards/🔖️jfif-1.01/🪆️subsets/✳️any/🧬️schema/🔺️diff/🦀️component.rs	2408	`usize` is not a future
E0277	✏️s/🔌️plugins/🗄️stdio/📦️packages/🦀️rust/././././././././../../🗿️artifacts/📷️jpg/🏅️standards/🔖️jfif-1.01/🪆️subsets/✳️any/🧬️schema/🔺️diff/🦀️component.rs	2409	`usize` is not a future
E0277	✏️s/🔌️plugins/🗄️stdio/📦️packages/🦀️rust/././././././././../../🗿️artifacts/📷️jpg/🏅️standards/🔖️jfif-1.01/🪆️subsets/✳️any/🧬️schema/🔺️diff/🦀️component.rs	2410	`usize` is not a future
E0277	✏️s/🔌️plugins/🗄️stdio/📦️packages/🦀️rust/././././././././../../🗿️artifacts/📷️jpg/🏅️standards/🔖️jfif-1.01/🪆️subsets/✳️any/🧬️schema/🔺️diff/🦀️component.rs	2411	`usize` is not a future
E0277	✏️s/🔌️plugins/🗄️stdio/📦️packages/🦀️rust/././././././././../../🗿️artifacts/📷️jpg/🏅️standards/🔖️jfif-1.01/🪆️subsets/✳️any/🧬️schema/🔺️diff/🦀️component.rs	2412	`Result<u64, PackError>` is not a future
E0277	✏️s/🔌️plugins/🗄️stdio/📦️packages/🦀️rust/././././././././../../🗿️artifacts/📷️jpg/🏅️standards/🔖️jfif-1.01/🪆️subsets/✳️any/🧬️schema/🔺️diff/🦀️component.rs	2412	`usize` is not a future
E0277	✏️s/🔌️plugins/🗄️stdio/📦️packages/🦀️rust/././././././././../../🗿️artifacts/📷️jpg/🏅️standards/🔖️jfif-1.01/🪆️subsets/✳️any/🧬️schema/🔺️diff/🦀️component.rs	2413	`usize` is not a future
E0277	✏️s/🔌️plugins/🗄️stdio/📦️packages/🦀️rust/././././././././../../🗿️artifacts/📷️jpg/🏅️standards/🔖️jfif-1.01/🪆️subsets/✳️any/🧬️schema/🔺️diff/🦀️component.rs	2398	`usize` is not a future
E0277	✏️s/🔌️plugins/🗄️stdio/📦️packages/🦀️rust/././././././././../../🗿️artifacts/📷️jpg/🏅️standards/🔖️jfif-1.01/🪆️subsets/✳️any/🧬️schema/🔺️diff/🦀️component.rs	2401	`Result<u8, PackError>` is not a future
E0277	✏️s/🔌️plugins/🗄️stdio/📦️packages/🦀️rust/././././././././../../🗿️artifacts/📷️jpg/🏅️standards/🔖️jfif-1.01/🪆️subsets/✳️any/🧬️schema/🔺️diff/🦀️component.rs	2412	`Result<u64, PackError>` is not a future
E0599	✏️s/🔌️plugins/🗄️stdio/📦️packages/🦀️rust/././././././././../../🗿️artifacts/🖼️tiff/🏅️standards/🔖️6.0/🪆️subsets/✳️any/🧬️schema/📸️snapshot/🦀️component.rs	313	no method named `map_err` found for opaque type `impl Future<Output = Result<TiffSnapshot, String>>` in the current scope
E0277	✏️s/🔌️plugins/🗄️stdio/📦️packages/🦀️rust/././././././././../../🗿️artifacts/🎞️gif/🏅️standards/🔖️87a/🪆️subsets/✳️any/🧬️schema/🔺️diff/🦀️component.rs	925	`ByteWriter` is not a future
E0277	✏️s/🔌️plugins/🗄️stdio/📦️packages/🦀️rust/././././././././../../🗿️artifacts/🎞️gif/🏅️standards/🔖️87a/🪆️subsets/✳️any/🧬️schema/🔺️diff/🦀️component.rs	925	`ByteWriter` is not a future
E0277	✏️s/🔌️plugins/🗄️stdio/📦️packages/🦀️rust/././././././././../../🗿️artifacts/🎞️gif/🏅️standards/🔖️87a/🪆️subsets/✳️any/🧬️schema/🔺️diff/🦀️component.rs	939	`dsl::ByteReader<'_>` is not a future
E0277	✏️s/🔌️plugins/🗄️stdio/📦️packages/🦀️rust/././././././././../../🗿️artifacts/🎞️gif/🏅️standards/🔖️87a/🪆️subsets/✳️any/🧬️schema/🔺️diff/🦀️component.rs	939	`dsl::ByteReader<'_>` is not a future
E0277	✏️s/🔌️plugins/🗄️stdio/📦️packages/🦀️rust/././././././././../../🗿️artifacts/📷️jpg/🏅️standards/🔖️jfif-1.01/🪆️subsets/✳️any/🧬️schema/🧬️mutations/🦀️component.rs	253	`impl Future<Output = std::string::String>` doesn't implement `std::fmt::Display`
E0277	✏️s/🔌️plugins/🗄️stdio/📦️packages/🦀️rust/././././././././../../🗿️artifacts/🎞️gif/🏅️standards/🔖️87a/🪆️subsets/✳️any/🧬️schema/🔺️diff/🦀️component.rs	1023	`ByteWriter` is not a future
E0277	✏️s/🔌️plugins/🗄️stdio/📦️packages/🦀️rust/././././././././../../🗿️artifacts/🎞️gif/🏅️standards/🔖️87a/🪆️subsets/✳️any/🧬️schema/🔺️diff/🦀️component.rs	1025	`Vec<u8>` is not a future
E0599	✏️s/🔌️plugins/🗄️stdio/📦️packages/🦀️rust/././../../🗿️artifacts/📷️jpg/🦀️component.rs	77	no method named `schema` found for opaque type `impl Future<Output = ArtifactDeclarationBuilder<NeedsSchema>>` in the current scope
E0277	✏️s/🔌️plugins/🗄️stdio/📦️packages/🦀️rust/././././././././../../🗿️artifacts/🎞️gif/🏅️standards/🔖️87a/🪆️subsets/✳️any/🧬️schema/🔺️diff/🦀️component.rs	1023	`ByteWriter` is not a future
E0277	✏️s/🔌️plugins/🗄️stdio/📦️packages/🦀️rust/././././././././../../🗿️artifacts/🎞️gif/🏅️standards/🔖️87a/🪆️subsets/✳️any/🧬️schema/🔺️diff/🦀️component.rs	1025	`Vec<u8>` is not a future
E0277	✏️s/🔌️plugins/🗄️stdio/📦️packages/🦀️rust/././././././././../../🗿️artifacts/🎞️gif/🏅️standards/🔖️87a/🪆️subsets/✳️any/🧬️schema/🔺️diff/🦀️component.rs	1033	`dsl::ByteReader<'_>` is not a future
E0277	✏️s/🔌️plugins/🗄️stdio/📦️packages/🦀️rust/././././././././../../🗿️artifacts/🎞️gif/🏅️standards/🔖️87a/🪆️subsets/✳️any/🧬️schema/🔺️diff/🦀️component.rs	1038	`dsl::ByteReader<'_>` is not a future
E0277	✏️s/🔌️plugins/🗄️stdio/📦️packages/🦀️rust/././././././././../../🗿️artifacts/🎞️gif/🏅️standards/🔖️87a/🪆️subsets/✳️any/🧬️schema/🔺️diff/🦀️component.rs	1033	`dsl::ByteReader<'_>` is not a future
E0277	✏️s/🔌️plugins/🗄️stdio/📦️packages/🦀️rust/././././././././../../🗿️artifacts/🎞️gif/🏅️standards/🔖️87a/🪆️subsets/✳️any/🧬️schema/🔺️diff/🦀️component.rs	1038	`dsl::ByteReader<'_>` is not a future
E0599	✏️s/🔌️plugins/🗄️stdio/📦️packages/🦀️rust/././././././././../../🗿️artifacts/📷️jpg/🏅️standards/🔖️jfif-1.01/🪆️subsets/✳️any/🧬️schema/🧬️mutations/🦀️component.rs	302	no method named `map_err` found for opaque type `impl Future<Output = Result<JpgMutation, String>>` in the current scope
E0277	✏️s/🔌️plugins/🗄️stdio/📦️packages/🦀️rust/././././././././../../🗿️artifacts/📷️jpg/🏅️standards/🔖️jfif-1.01/🪆️subsets/✳️any/🧬️schema/🧬️mutations/🦀️component.rs	345	`Result<u8, PackError>` is not a future
E0277	✏️s/🔌️plugins/🗄️stdio/📦️packages/🦀️rust/././././././././../../🗿️artifacts/📷️jpg/🏅️standards/🔖️jfif-1.01/🪆️subsets/✳️any/🧬️schema/🧬️mutations/🦀️component.rs	364	`Result<u64, PackError>` is not a future
E0277	✏️s/🔌️plugins/🗄️stdio/📦️packages/🦀️rust/././././././././../../🗿️artifacts/📷️jpg/🏅️standards/🔖️jfif-1.01/🪆️subsets/✳️any/🧬️schema/🧬️mutations/🦀️component.rs	345	`Result<u8, PackError>` is not a future
E0277	✏️s/🔌️plugins/🗄️stdio/📦️packages/🦀️rust/././././././././../../🗿️artifacts/📷️jpg/🏅️standards/🔖️jfif-1.01/🪆️subsets/✳️any/🧬️schema/🧬️mutations/🦀️component.rs	364	`Result<u64, PackError>` is not a future
E0277	✏️s/🔌️plugins/🗄️stdio/📦️packages/🦀️rust/././././././././../../🗿️artifacts/📷️jpg/🏅️standards/🔖️jfif-1.01/🪆️subsets/✳️any/🧬️schema/🧬️mutations/🦀️component.rs	448	`usize` is not a future
E0277	✏️s/🔌️plugins/🗄️stdio/📦️packages/🦀️rust/././././././././../../🗿️artifacts/📷️jpg/🏅️standards/🔖️jfif-1.01/🪆️subsets/✳️any/🧬️schema/🧬️mutations/🦀️component.rs	450	`usize` is not a future
E0277	✏️s/🔌️plugins/🗄️stdio/📦️packages/🦀️rust/././././././././../../🗿️artifacts/📷️jpg/🏅️standards/🔖️jfif-1.01/🪆️subsets/✳️any/🧬️schema/🧬️mutations/🦀️component.rs	451	`usize` is not a future
E0277	✏️s/🔌️plugins/🗄️stdio/📦️packages/🦀️rust/././././././././../../🗿️artifacts/📷️jpg/🏅️standards/🔖️jfif-1.01/🪆️subsets/✳️any/🧬️schema/🧬️mutations/🦀️component.rs	452	`usize` is not a future
E0277	✏️s/🔌️plugins/🗄️stdio/📦️packages/🦀️rust/././././././././../../🗿️artifacts/📷️jpg/🏅️standards/🔖️jfif-1.01/🪆️subsets/✳️any/🧬️schema/🧬️mutations/🦀️component.rs	453	`usize` is not a future
E0277	✏️s/🔌️plugins/🗄️stdio/📦️packages/🦀️rust/././././././././../../🗿️artifacts/📷️jpg/🏅️standards/🔖️jfif-1.01/🪆️subsets/✳️any/🧬️schema/🧬️mutations/🦀️component.rs	454	`usize` is not a future
E0277	✏️s/🔌️plugins/🗄️stdio/📦️packages/🦀️rust/././././././././../../🗿️artifacts/📷️jpg/🏅️standards/🔖️jfif-1.01/🪆️subsets/✳️any/🧬️schema/🧬️mutations/🦀️component.rs	457	`usize` is not a future
E0277	✏️s/🔌️plugins/🗄️stdio/📦️packages/🦀️rust/././././././././../../🗿️artifacts/📷️jpg/🏅️standards/🔖️jfif-1.01/🪆️subsets/✳️any/🧬️schema/🧬️mutations/🦀️component.rs	458	`usize` is not a future
E0277	✏️s/🔌️plugins/🗄️stdio/📦️packages/🦀️rust/././././././././../../🗿️artifacts/📷️jpg/🏅️standards/🔖️jfif-1.01/🪆️subsets/✳️any/🧬️schema/🧬️mutations/🦀️component.rs	459	`usize` is not a future
E0277	✏️s/🔌️plugins/🗄️stdio/📦️packages/🦀️rust/././././././././../../🗿️artifacts/📷️jpg/🏅️standards/🔖️jfif-1.01/🪆️subsets/✳️any/🧬️schema/🧬️mutations/🦀️component.rs	460	`usize` is not a future
E0277	✏️s/🔌️plugins/🗄️stdio/📦️packages/🦀️rust/././././././././../../🗿️artifacts/📷️jpg/🏅️standards/🔖️jfif-1.01/🪆️subsets/✳️any/🧬️schema/🧬️mutations/🦀️component.rs	461	`Result<u64, PackError>` is not a future
E0277	✏️s/🔌️plugins/🗄️stdio/📦️packages/🦀️rust/././././././././../../🗿️artifacts/📷️jpg/🏅️standards/🔖️jfif-1.01/🪆️subsets/✳️any/🧬️schema/🧬️mutations/🦀️component.rs	461	`usize` is not a future
E0277	✏️s/🔌️plugins/🗄️stdio/📦️packages/🦀️rust/././././././././../../🗿️artifacts/📷️jpg/🏅️standards/🔖️jfif-1.01/🪆️subsets/✳️any/🧬️schema/🧬️mutations/🦀️component.rs	463	`usize` is not a future
E0277	✏️s/🔌️plugins/🗄️stdio/📦️packages/🦀️rust/././././././././../../🗿️artifacts/📷️jpg/🏅️standards/🔖️jfif-1.01/🪆️subsets/✳️any/🧬️schema/🧬️mutations/🦀️component.rs	464	`usize` is not a future
E0277	✏️s/🔌️plugins/🗄️stdio/📦️packages/🦀️rust/././././././././../../🗿️artifacts/📷️jpg/🏅️standards/🔖️jfif-1.01/🪆️subsets/✳️any/🧬️schema/🧬️mutations/🦀️component.rs	467	`usize` is not a future
E0277	✏️s/🔌️plugins/🗄️stdio/📦️packages/🦀️rust/././././././././../../🗿️artifacts/📷️jpg/🏅️standards/🔖️jfif-1.01/🪆️subsets/✳️any/🧬️schema/🧬️mutations/🦀️component.rs	468	`usize` is not a future
E0277	✏️s/🔌️plugins/🗄️stdio/📦️packages/🦀️rust/././././././././../../🗿️artifacts/📷️jpg/🏅️standards/🔖️jfif-1.01/🪆️subsets/✳️any/🧬️schema/🧬️mutations/🦀️component.rs	469	`Result<u8, PackError>` is not a future
E0277	✏️s/🔌️plugins/🗄️stdio/📦️packages/🦀️rust/././././././././../../🗿️artifacts/📷️jpg/🏅️standards/🔖️jfif-1.01/🪆️subsets/✳️any/🧬️schema/🧬️mutations/🦀️component.rs	469	`usize` is not a future
E0277	✏️s/🔌️plugins/🗄️stdio/📦️packages/🦀️rust/././././././././../../🗿️artifacts/📷️jpg/🏅️standards/🔖️jfif-1.01/🪆️subsets/✳️any/🧬️schema/🧬️mutations/🦀️component.rs	448	`usize` is not a future
E0277	✏️s/🔌️plugins/🗄️stdio/📦️packages/🦀️rust/././././././././../../🗿️artifacts/📷️jpg/🏅️standards/🔖️jfif-1.01/🪆️subsets/✳️any/🧬️schema/🧬️mutations/🦀️component.rs	461	`Result<u64, PackError>` is not a future
E0277	✏️s/🔌️plugins/🗄️stdio/📦️packages/🦀️rust/././././././././../../🗿️artifacts/📷️jpg/🏅️standards/🔖️jfif-1.01/🪆️subsets/✳️any/🧬️schema/🧬️mutations/🦀️component.rs	469	`Result<u8, PackError>` is not a future
E0308	✏️s/🔌️plugins/🗄️stdio/📦️packages/🦀️rust/././././../../🗿️artifacts/📷️jpg/🏅️standards/🔖️jfif-1.01/🪆️subsets/✳️any/📚️examples/🎬️demo/🦀️component.rs	14	mismatched types
E0277	✏️s/🔌️plugins/🗄️stdio/📦️packages/🦀️rust/././././././././../../🗿️artifacts/📷️png/🏅️standards/🔖️1.2/🪆️subsets/✳️any/🧬️schema/🔺️diff/🦀️component.rs	1910	`ByteWriter` is not a future
E0277	✏️s/🔌️plugins/🗄️stdio/📦️packages/🦀️rust/././././././././../../🗿️artifacts/📷️png/🏅️standards/🔖️1.2/🪆️subsets/✳️any/🧬️schema/🔺️diff/🦀️component.rs	1910	`ByteWriter` is not a future
E0277	✏️s/🔌️plugins/🗄️stdio/📦️packages/🦀️rust/././././././././../../🗿️artifacts/📷️png/🏅️standards/🔖️1.2/🪆️subsets/✳️any/🧬️schema/🔺️diff/🦀️component.rs	1924	`dsl::ByteReader<'_>` is not a future
E0277	✏️s/🔌️plugins/🗄️stdio/📦️packages/🦀️rust/././././././././../../🗿️artifacts/📷️png/🏅️standards/🔖️1.2/🪆️subsets/✳️any/🧬️schema/🔺️diff/🦀️component.rs	1924	`dsl::ByteReader<'_>` is not a future
E0277	✏️s/🔌️plugins/🗄️stdio/📦️packages/🦀️rust/././././././././../../🗿️artifacts/📷️png/🏅️standards/🔖️1.2/🪆️subsets/✳️any/🧬️schema/🔺️diff/🦀️component.rs	1960	`ByteWriter` is not a future
E0277	✏️s/🔌️plugins/🗄️stdio/📦️packages/🦀️rust/././././././././../../🗿️artifacts/📷️png/🏅️standards/🔖️1.2/🪆️subsets/✳️any/🧬️schema/🔺️diff/🦀️component.rs	1960	`ByteWriter` is not a future
E0277	✏️s/🔌️plugins/🗄️stdio/📦️packages/🦀️rust/././././././././../../🗿️artifacts/📷️png/🏅️standards/🔖️1.2/🪆️subsets/✳️any/🧬️schema/🔺️diff/🦀️component.rs	1974	`dsl::ByteReader<'_>` is not a future
E0277	✏️s/🔌️plugins/🗄️stdio/📦️packages/🦀️rust/././././././././../../🗿️artifacts/📷️png/🏅️standards/🔖️1.2/🪆️subsets/✳️any/🧬️schema/🔺️diff/🦀️component.rs	1974	`dsl::ByteReader<'_>` is not a future
E0277	✏️s/🔌️plugins/🗄️stdio/📦️packages/🦀️rust/././././././././../../🗿️artifacts/📷️png/🏅️standards/🔖️1.2/🪆️subsets/✳️any/🧬️schema/🔺️diff/🦀️component.rs	1990	`ByteWriter` is not a future
E0277	✏️s/🔌️plugins/🗄️stdio/📦️packages/🦀️rust/././././././././../../🗿️artifacts/📷️png/🏅️standards/🔖️1.2/🪆️subsets/✳️any/🧬️schema/🔺️diff/🦀️component.rs	1990	`ByteWriter` is not a future
E0277	✏️s/🔌️plugins/🗄️stdio/📦️packages/🦀️rust/././././././././../../🗿️artifacts/📷️png/🏅️standards/🔖️1.2/🪆️subsets/✳️any/🧬️schema/🔺️diff/🦀️component.rs	2004	`dsl::ByteReader<'_>` is not a future
E0277	✏️s/🔌️plugins/🗄️stdio/📦️packages/🦀️rust/././././././././../../🗿️artifacts/📷️png/🏅️standards/🔖️1.2/🪆️subsets/✳️any/🧬️schema/🔺️diff/🦀️component.rs	2004	`dsl::ByteReader<'_>` is not a future
E0277	✏️s/🔌️plugins/🗄️stdio/📦️packages/🦀️rust/././././././././../../🗿️artifacts/📷️png/🏅️standards/🔖️1.2/🪆️subsets/✳️any/🧬️schema/🔺️diff/🦀️component.rs	2020	`ByteWriter` is not a future
E0277	✏️s/🔌️plugins/🗄️stdio/📦️packages/🦀️rust/././././././././../../🗿️artifacts/📷️png/🏅️standards/🔖️1.2/🪆️subsets/✳️any/🧬️schema/🔺️diff/🦀️component.rs	2020	`ByteWriter` is not a future
E0277	✏️s/🔌️plugins/🗄️stdio/📦️packages/🦀️rust/././././././././../../🗿️artifacts/📷️png/🏅️standards/🔖️1.2/🪆️subsets/✳️any/🧬️schema/🔺️diff/🦀️component.rs	2034	`dsl::ByteReader<'_>` is not a future
E0277	✏️s/🔌️plugins/🗄️stdio/📦️packages/🦀️rust/././././././././../../🗿️artifacts/📷️png/🏅️standards/🔖️1.2/🪆️subsets/✳️any/🧬️schema/🔺️diff/🦀️component.rs	2034	`dsl::ByteReader<'_>` is not a future
E0277	✏️s/🔌️plugins/🗄️stdio/📦️packages/🦀️rust/././././././././../../🗿️artifacts/📷️png/🏅️standards/🔖️1.2/🪆️subsets/✳️any/🧬️schema/🔺️diff/🦀️component.rs	2205	`ByteWriter` is not a future
E0277	✏️s/🔌️plugins/🗄️stdio/📦️packages/🦀️rust/././././././././../../🗿️artifacts/📷️png/🏅️standards/🔖️1.2/🪆️subsets/✳️any/🧬️schema/🔺️diff/🦀️component.rs	2207	`Vec<u8>` is not a future
E0277	✏️s/🔌️plugins/🗄️stdio/📦️packages/🦀️rust/././././././././../../🗿️artifacts/📷️png/🏅️standards/🔖️1.2/🪆️subsets/✳️any/🧬️schema/🔺️diff/🦀️component.rs	2215	`ByteWriter` is not a future
E0277	✏️s/🔌️plugins/🗄️stdio/📦️packages/🦀️rust/././././././././../../🗿️artifacts/📷️png/🏅️standards/🔖️1.2/🪆️subsets/✳️any/🧬️schema/🔺️diff/🦀️component.rs	2217	`Vec<u8>` is not a future
E0277	✏️s/🔌️plugins/🗄️stdio/📦️packages/🦀️rust/././././././././../../🗿️artifacts/📷️png/🏅️standards/🔖️1.2/🪆️subsets/✳️any/🧬️schema/🔺️diff/🦀️component.rs	2205	`ByteWriter` is not a future
E0277	✏️s/🔌️plugins/🗄️stdio/📦️packages/🦀️rust/././././././././../../🗿️artifacts/📷️png/🏅️standards/🔖️1.2/🪆️subsets/✳️any/🧬️schema/🔺️diff/🦀️component.rs	2207	`Vec<u8>` is not a future
E0277	✏️s/🔌️plugins/🗄️stdio/📦️packages/🦀️rust/././././././././../../🗿️artifacts/📷️png/🏅️standards/🔖️1.2/🪆️subsets/✳️any/🧬️schema/🔺️diff/🦀️component.rs	2228	`dsl::ByteReader<'_>` is not a future
E0277	✏️s/🔌️plugins/🗄️stdio/📦️packages/🦀️rust/././././././././../../🗿️artifacts/📷️png/🏅️standards/🔖️1.2/🪆️subsets/✳️any/🧬️schema/🔺️diff/🦀️component.rs	2238	`dsl::ByteReader<'_>` is not a future
E0277	✏️s/🔌️plugins/🗄️stdio/📦️packages/🦀️rust/././././././././../../🗿️artifacts/📷️png/🏅️standards/🔖️1.2/🪆️subsets/✳️any/🧬️schema/🔺️diff/🦀️component.rs	2249	`dsl::ByteReader<'_>` is not a future
E0277	✏️s/🔌️plugins/🗄️stdio/📦️packages/🦀️rust/././././././././../../🗿️artifacts/📷️png/🏅️standards/🔖️1.2/🪆️subsets/✳️any/🧬️schema/🔺️diff/🦀️component.rs	2228	`dsl::ByteReader<'_>` is not a future
E0277	✏️s/🔌️plugins/🗄️stdio/📦️packages/🦀️rust/././././././././../../🗿️artifacts/📷️png/🏅️standards/🔖️1.2/🪆️subsets/✳️any/🧬️schema/🔺️diff/🦀️component.rs	2238	`dsl::ByteReader<'_>` is not a future
E0277	✏️s/🔌️plugins/🗄️stdio/📦️packages/🦀️rust/././././././././../../🗿️artifacts/📷️png/🏅️standards/🔖️1.2/🪆️subsets/✳️any/🧬️schema/🔺️diff/🦀️component.rs	2249	`dsl::ByteReader<'_>` is not a future
E0308	✏️s/🔌️plugins/🗄️stdio/📦️packages/🦀️rust/././././../../🗿️artifacts/🖊️dwg/🏅️standards/🔖️ac1018/🪆️subsets/✳️any/📚️examples/🎬️demo/🦀️component.rs	14	mismatched types
E0308	✏️s/🔌️plugins/🗄️stdio/📦️packages/🦀️rust/././././../../🗿️artifacts/🖊️dwg/🏅️standards/🔖️ac1018/🪆️subsets/✳️any/📚️examples/🏛️architectural/🦀️component.rs	36	mismatched types
E0599	✏️s/🔌️plugins/🗄️stdio/📦️packages/🦀️rust/././../../🗿️artifacts/📷️png/🦀️component.rs	69	no method named `schema` found for opaque type `impl Future<Output = ArtifactDeclarationBuilder<NeedsSchema>>` in the current scope
E0308	✏️s/🔌️plugins/🗄️stdio/📦️packages/🦀️rust/././../../🗿️artifacts/📷️png/🦀️component.rs	159	mismatched types
E0277	✏️s/🔌️plugins/🗄️stdio/📦️packages/🦀️rust/././././././././../../🗿️artifacts/📷️png/🏅️standards/🔖️1.2/🪆️subsets/✳️any/🧬️schema/🧬️mutations/🦀️component.rs	242	`impl Future<Output = std::string::String>` doesn't implement `std::fmt::Display`
E0599	✏️s/🔌️plugins/🗄️stdio/📦️packages/🦀️rust/././././././././../../🗿️artifacts/📷️png/🏅️standards/🔖️1.2/🪆️subsets/✳️any/🧬️schema/🧬️mutations/🦀️component.rs	296	no method named `map_err` found for opaque type `impl Future<Output = Result<PngMutation, String>>` in the current scope
E0277	✏️s/🔌️plugins/🗄️stdio/📦️packages/🦀️rust/././././././././../../🗿️artifacts/📷️png/🏅️standards/🔖️1.2/🪆️subsets/✳️any/🧬️schema/🧬️mutations/🦀️component.rs	400	`?` couldn't convert the error to `ProtocolError`
E0277	✏️s/🔌️plugins/🗄️stdio/📦️packages/🦀️rust/././././././././../../🗿️artifacts/📷️png/🏅️standards/🔖️1.2/🪆️subsets/✳️any/🧬️schema/🧬️mutations/🦀️component.rs	403	`?` couldn't convert the error to `ProtocolError`
E0277	✏️s/🔌️plugins/🗄️stdio/📦️packages/🦀️rust/././././././././../../🗿️artifacts/📷️png/🏅️standards/🔖️1.2/🪆️subsets/✳️any/🧬️schema/🧬️mutations/🦀️component.rs	405	`?` couldn't convert the error to `ProtocolError`
E0277	✏️s/🔌️plugins/🗄️stdio/📦️packages/🦀️rust/././././././././../../🗿️artifacts/📷️png/🏅️standards/🔖️1.2/🪆️subsets/✳️any/🧬️schema/🧬️mutations/🦀️component.rs	406	`?` couldn't convert the error to `ProtocolError`
E0277	✏️s/🔌️plugins/🗄️stdio/📦️packages/🦀️rust/././././././././../../🗿️artifacts/📷️png/🏅️standards/🔖️1.2/🪆️subsets/✳️any/🧬️schema/🧬️mutations/🦀️component.rs	407	`?` couldn't convert the error to `ProtocolError`
E0277	✏️s/🔌️plugins/🗄️stdio/📦️packages/🦀️rust/././././././././../../🗿️artifacts/📷️png/🏅️standards/🔖️1.2/🪆️subsets/✳️any/🧬️schema/🧬️mutations/🦀️component.rs	408	`?` couldn't convert the error to `ProtocolError`
E0277	✏️s/🔌️plugins/🗄️stdio/📦️packages/🦀️rust/././././././././../../🗿️artifacts/📷️png/🏅️standards/🔖️1.2/🪆️subsets/✳️any/🧬️schema/🧬️mutations/🦀️component.rs	409	`?` couldn't convert the error to `ProtocolError`
E0277	✏️s/🔌️plugins/🗄️stdio/📦️packages/🦀️rust/././././././././../../🗿️artifacts/📷️png/🏅️standards/🔖️1.2/🪆️subsets/✳️any/🧬️schema/🧬️mutations/🦀️component.rs	411	`?` couldn't convert the error to `ProtocolError`
E0277	✏️s/🔌️plugins/🗄️stdio/📦️packages/🦀️rust/././././././././../../🗿️artifacts/📷️png/🏅️standards/🔖️1.2/🪆️subsets/✳️any/🧬️schema/🧬️mutations/🦀️component.rs	412	`?` couldn't convert the error to `ProtocolError`
E0277	✏️s/🔌️plugins/🗄️stdio/📦️packages/🦀️rust/././././././././../../🗿️artifacts/📷️png/🏅️standards/🔖️1.2/🪆️subsets/✳️any/🧬️schema/🧬️mutations/🦀️component.rs	413	`?` couldn't convert the error to `ProtocolError`
E0277	✏️s/🔌️plugins/🗄️stdio/📦️packages/🦀️rust/././././././././../../🗿️artifacts/📷️png/🏅️standards/🔖️1.2/🪆️subsets/✳️any/🧬️schema/🧬️mutations/🦀️component.rs	414	`?` couldn't convert the error to `ProtocolError`
E0277	✏️s/🔌️plugins/🗄️stdio/📦️packages/🦀️rust/././././././././../../🗿️artifacts/📷️png/🏅️standards/🔖️1.2/🪆️subsets/✳️any/🧬️schema/🧬️mutations/🦀️component.rs	415	`?` couldn't convert the error to `ProtocolError`
E0277	✏️s/🔌️plugins/🗄️stdio/📦️packages/🦀️rust/././././././././../../🗿️artifacts/📷️png/🏅️standards/🔖️1.2/🪆️subsets/✳️any/🧬️schema/🧬️mutations/🦀️component.rs	416	`?` couldn't convert the error to `ProtocolError`
E0277	✏️s/🔌️plugins/🗄️stdio/📦️packages/🦀️rust/././././././././../../🗿️artifacts/📷️png/🏅️standards/🔖️1.2/🪆️subsets/✳️any/🧬️schema/🧬️mutations/🦀️component.rs	417	`?` couldn't convert the error to `ProtocolError`
E0277	✏️s/🔌️plugins/🗄️stdio/📦️packages/🦀️rust/././././././././../../🗿️artifacts/📷️png/🏅️standards/🔖️1.2/🪆️subsets/✳️any/🧬️schema/🧬️mutations/🦀️component.rs	418	`?` couldn't convert the error to `ProtocolError`
E0277	✏️s/🔌️plugins/🗄️stdio/📦️packages/🦀️rust/././././././././../../🗿️artifacts/📷️png/🏅️standards/🔖️1.2/🪆️subsets/✳️any/🧬️schema/🧬️mutations/🦀️component.rs	420	`?` couldn't convert the error to `ProtocolError`
E0277	✏️s/🔌️plugins/🗄️stdio/📦️packages/🦀️rust/././././././././../../🗿️artifacts/📷️png/🏅️standards/🔖️1.2/🪆️subsets/✳️any/🧬️schema/🧬️mutations/🦀️component.rs	421	`?` couldn't convert the error to `ProtocolError`
E0277	✏️s/🔌️plugins/🗄️stdio/📦️packages/🦀️rust/././././././././../../🗿️artifacts/📷️png/🏅️standards/🔖️1.2/🪆️subsets/✳️any/🧬️schema/🧬️mutations/🦀️component.rs	424	`?` couldn't convert the error to `ProtocolError`
E0277	✏️s/🔌️plugins/🗄️stdio/📦️packages/🦀️rust/././././././././../../🗿️artifacts/📷️png/🏅️standards/🔖️1.2/🪆️subsets/✳️any/🧬️schema/🧬️mutations/🦀️component.rs	426	`?` couldn't convert the error to `ProtocolError`
E0277	✏️s/🔌️plugins/🗄️stdio/📦️packages/🦀️rust/././././././././../../🗿️artifacts/📷️png/🏅️standards/🔖️1.2/🪆️subsets/✳️any/🧬️schema/🧬️mutations/🦀️component.rs	427	`?` couldn't convert the error to `ProtocolError`
E0277	✏️s/🔌️plugins/🗄️stdio/📦️packages/🦀️rust/././././././././../../🗿️artifacts/📷️png/🏅️standards/🔖️1.2/🪆️subsets/✳️any/🧬️schema/🧬️mutations/🦀️component.rs	430	`?` couldn't convert the error to `ProtocolError`
E0277	✏️s/🔌️plugins/🗄️stdio/📦️packages/🦀️rust/././././././././../../🗿️artifacts/📷️png/🏅️standards/🔖️1.2/🪆️subsets/✳️any/🧬️schema/🧬️mutations/🦀️component.rs	432	`?` couldn't convert the error to `ProtocolError`
E0277	✏️s/🔌️plugins/🗄️stdio/📦️packages/🦀️rust/././././././././../../🗿️artifacts/📷️png/🏅️standards/🔖️1.2/🪆️subsets/✳️any/🧬️schema/🧬️mutations/🦀️component.rs	433	`?` couldn't convert the error to `ProtocolError`
E0277	✏️s/🔌️plugins/🗄️stdio/📦️packages/🦀️rust/././././././././../../🗿️artifacts/📷️png/🏅️standards/🔖️1.2/🪆️subsets/✳️any/🧬️schema/🧬️mutations/🦀️component.rs	436	`?` couldn't convert the error to `ProtocolError`
E0308	✏️s/🔌️plugins/🗄️stdio/📦️packages/🦀️rust/./././././././../../🗿️artifacts/📷️png/🏅️standards/🔖️1.2/🪆️subsets/✳️any/🚪️io/🦀️component.rs	71	mismatched types
E0599	✏️s/🔌️plugins/🗄️stdio/📦️packages/🦀️rust/./././././././../../🗿️artifacts/📷️png/🏅️standards/🔖️1.2/🪆️subsets/✳️any/🚪️io/🦀️component.rs	435	no method named `unwrap_or_default` found for opaque type `impl Future<Output = Result<Vec<u8>, std::string::String>>` in the current scope
E0599	✏️s/🔌️plugins/🗄️stdio/📦️packages/🦀️rust/./././././././../../🗿️artifacts/📷️png/🏅️standards/🔖️1.2/🪆️subsets/✳️any/🚪️io/🦀️component.rs	450	no method named `unwrap_or_default` found for opaque type `impl Future<Output = Result<Vec<u8>, std::string::String>>` in the current scope
E0277	✏️s/🔌️plugins/🗄️stdio/📦️packages/🦀️rust/./././././././../../🗿️artifacts/📷️png/🏅️standards/🔖️1.2/🪆️subsets/✳️any/🚪️io/🦀️component.rs	485	the `?` operator can only be applied to values that implement `Try`
E0277	✏️s/🔌️plugins/🗄️stdio/📦️packages/🦀️rust/./././././././../../🗿️artifacts/📷️png/🏅️standards/🔖️1.2/🪆️subsets/✳️any/🚪️io/🦀️component.rs	485	the size for values of type `[u8]` cannot be known at compilation time
E0277	✏️s/🔌️plugins/🗄️stdio/📦️packages/🦀️rust/./././././././../../🗿️artifacts/📷️png/🏅️standards/🔖️1.2/🪆️subsets/✳️any/🚪️io/🦀️component.rs	485	the size for values of type `[u8]` cannot be known at compilation time
E0277	✏️s/🔌️plugins/🗄️stdio/📦️packages/🦀️rust/./././././././../../🗿️artifacts/📷️png/🏅️standards/🔖️1.2/🪆️subsets/✳️any/🚪️io/🦀️component.rs	485	the size for values of type `[u8]` cannot be known at compilation time
E0277	✏️s/🔌️plugins/🗄️stdio/📦️packages/🦀️rust/./././././././../../🗿️artifacts/📷️png/🏅️standards/🔖️1.2/🪆️subsets/✳️any/🚪️io/🦀️component.rs	485	the size for values of type `[u8]` cannot be known at compilation time
E0277	✏️s/🔌️plugins/🗄️stdio/📦️packages/🦀️rust/./././././././../../🗿️artifacts/📷️png/🏅️standards/🔖️1.2/🪆️subsets/✳️any/🚪️io/🦀️component.rs	722	the `?` operator can only be applied to values that implement `Try`
E0277	✏️s/🔌️plugins/🗄️stdio/📦️packages/🦀️rust/./././././././../../🗿️artifacts/📷️png/🏅️standards/🔖️1.2/🪆️subsets/✳️any/🚪️io/🦀️component.rs	722	the size for values of type `[u8]` cannot be known at compilation time
E0277	✏️s/🔌️plugins/🗄️stdio/📦️packages/🦀️rust/./././././././../../🗿️artifacts/📷️png/🏅️standards/🔖️1.2/🪆️subsets/✳️any/🚪️io/🦀️component.rs	722	the size for values of type `[u8]` cannot be known at compilation time
E0277	✏️s/🔌️plugins/🗄️stdio/📦️packages/🦀️rust/./././././././../../🗿️artifacts/📷️png/🏅️standards/🔖️1.2/🪆️subsets/✳️any/🚪️io/🦀️component.rs	722	the size for values of type `[u8]` cannot be known at compilation time
E0277	✏️s/🔌️plugins/🗄️stdio/📦️packages/🦀️rust/./././././././../../🗿️artifacts/📷️png/🏅️standards/🔖️1.2/🪆️subsets/✳️any/🚪️io/🦀️component.rs	722	the size for values of type `[u8]` cannot be known at compilation time
E0277	✏️s/🔌️plugins/🗄️stdio/📦️packages/🦀️rust/./././././././../../🗿️artifacts/📷️png/🏅️standards/🔖️1.2/🪆️subsets/✳️any/🚪️io/🦀️component.rs	745	the `?` operator can only be applied to values that implement `Try`
E0277	✏️s/🔌️plugins/🗄️stdio/📦️packages/🦀️rust/./././././././../../🗿️artifacts/📷️png/🏅️standards/🔖️1.2/🪆️subsets/✳️any/🚪️io/🦀️component.rs	745	the size for values of type `[u8]` cannot be known at compilation time
E0277	✏️s/🔌️plugins/🗄️stdio/📦️packages/🦀️rust/./././././././../../🗿️artifacts/📷️png/🏅️standards/🔖️1.2/🪆️subsets/✳️any/🚪️io/🦀️component.rs	745	the size for values of type `[u8]` cannot be known at compilation time
E0277	✏️s/🔌️plugins/🗄️stdio/📦️packages/🦀️rust/./././././././../../🗿️artifacts/📷️png/🏅️standards/🔖️1.2/🪆️subsets/✳️any/🚪️io/🦀️component.rs	745	the size for values of type `[u8]` cannot be known at compilation time
E0277	✏️s/🔌️plugins/🗄️stdio/📦️packages/🦀️rust/./././././././../../🗿️artifacts/📷️png/🏅️standards/🔖️1.2/🪆️subsets/✳️any/🚪️io/🦀️component.rs	745	the size for values of type `[u8]` cannot be known at compilation time
E0277	✏️s/🔌️plugins/🗄️stdio/📦️packages/🦀️rust/./././././././../../🗿️artifacts/📷️png/🏅️standards/🔖️1.2/🪆️subsets/✳️any/🚪️io/🦀️component.rs	781	the `?` operator can only be applied to values that implement `Try`
E0277	✏️s/🔌️plugins/🗄️stdio/📦️packages/🦀️rust/./././././././../../🗿️artifacts/📷️png/🏅️standards/🔖️1.2/🪆️subsets/✳️any/🚪️io/🦀️component.rs	781	the size for values of type `[u8]` cannot be known at compilation time
E0277	✏️s/🔌️plugins/🗄️stdio/📦️packages/🦀️rust/./././././././../../🗿️artifacts/📷️png/🏅️standards/🔖️1.2/🪆️subsets/✳️any/🚪️io/🦀️component.rs	781	the size for values of type `[u8]` cannot be known at compilation time
E0277	✏️s/🔌️plugins/🗄️stdio/📦️packages/🦀️rust/./././././././../../🗿️artifacts/📷️png/🏅️standards/🔖️1.2/🪆️subsets/✳️any/🚪️io/🦀️component.rs	781	the size for values of type `[u8]` cannot be known at compilation time
E0277	✏️s/🔌️plugins/🗄️stdio/📦️packages/🦀️rust/./././././././../../🗿️artifacts/📷️png/🏅️standards/🔖️1.2/🪆️subsets/✳️any/🚪️io/🦀️component.rs	781	the size for values of type `[u8]` cannot be known at compilation time
E0308	✏️s/🔌️plugins/🗄️stdio/📦️packages/🦀️rust/././././../../🗿️artifacts/📷️png/🏅️standards/🔖️1.2/🪆️subsets/✳️any/📚️examples/🎬️demo/🦀️component.rs	14	mismatched types
E0507	✏️s/🔌️plugins/🗄️stdio/📦️packages/🦀️rust/././././././././../../🗿️artifacts/📝️md/🏅️standards/🔖️commonmark/🪆️subsets/✳️any/🧬️schema/🔺️diff/🦀️component.rs	567	cannot move out of dereference of `Pin<std::boxed::Box<std::option::Option<MdBlocksDiff>>>`
